  Data: Real and imaginary indices of H2SO4/H2O droplets 
   0.76, 0.76, 0.76, 0.72, 0.72 Weight percent H2SO4
   233,  213,  203,  298,  253 K 
  
  Reference: Myhre, C. E. Lund, D. H. Christensen, F. M. Nicolaisen,
  and C. J. Nielsen, Spectroscopic Study of Aqueous H2SO4 at Different
  Temperatures and Compositions: Variations in Dissociation and 
  Optical Properties, J. Phys. Chem., volume 107, pgs. 1979-1991, 2005.
  
  Email contact person: C. E. Lund Myhre (e.c.lund@iakh.uio.no.)
  
  Format: 4733 real indices (2x,f7.2,2x,f10.4,5(2x,f7.5))
          4733 imaginary indices (2x,f7.2,2x,f10.4,5(1x,e11.4))
  
  cm-1        microns   rnw76t233, rnw76t213, rnw76t203, rnw72t298, rnw72t253 
  7498.52      1.3336  1.41310  1.41304  1.41296  1.40843  1.41537
  7497.02      1.3339  1.41311  1.41305  1.41297  1.40859  1.41553
  7495.52      1.3341  1.41314  1.41308  1.41299  1.40882  1.41577
  7494.02      1.3344  1.41314  1.41308  1.41300  1.40886  1.41581
  7492.52      1.3347  1.41312  1.41306  1.41298  1.40878  1.41573
  7491.02      1.3349  1.41309  1.41303  1.41295  1.40856  1.41551
  7489.52      1.3352  1.41306  1.41300  1.41292  1.40834  1.41528
  7488.02      1.3355  1.41305  1.41299  1.41291  1.40828  1.41522
  7486.52      1.3357  1.41304  1.41298  1.41289  1.40842  1.41537
  7485.02      1.3360  1.41303  1.41297  1.41289  1.40848  1.41543
  7483.52      1.3363  1.41303  1.41297  1.41288  1.40840  1.41534
  7482.02      1.3365  1.41303  1.41297  1.41289  1.40827  1.41521
  7480.52      1.3368  1.41304  1.41298  1.41290  1.40834  1.41528
  7479.02      1.3371  1.41307  1.41301  1.41293  1.40855  1.41549
  7477.52      1.3373  1.41308  1.41302  1.41294  1.40874  1.41569
  7476.02      1.3376  1.41309  1.41303  1.41295  1.40881  1.41577
  7474.52      1.3379  1.41309  1.41303  1.41294  1.40870  1.41565
  7473.02      1.3381  1.41306  1.41300  1.41292  1.40854  1.41549
  7471.52      1.3384  1.41304  1.41298  1.41290  1.40844  1.41538
  7470.02      1.3387  1.41303  1.41297  1.41289  1.40842  1.41536
  7468.52      1.3390  1.41302  1.41296  1.41287  1.40845  1.41540
  7467.02      1.3392  1.41301  1.41295  1.41287  1.40835  1.41529
  7465.52      1.3395  1.41301  1.41295  1.41287  1.40824  1.41518
  7464.02      1.3398  1.41302  1.41296  1.41287  1.40829  1.41523
  7462.52      1.3400  1.41304  1.41298  1.41290  1.40837  1.41531
  7461.02      1.3403  1.41307  1.41301  1.41293  1.40846  1.41540
  7459.52      1.3406  1.41311  1.41305  1.41297  1.40864  1.41558
  7458.02      1.3408  1.41315  1.41309  1.41301  1.40888  1.41583
  7456.52      1.3411  1.41318  1.41312  1.41304  1.40887  1.41583
  7455.02      1.3414  1.41320  1.41314  1.41306  1.40862  1.41556
  7453.52      1.3416  1.41321  1.41315  1.41307  1.40842  1.41537
  7452.02      1.3419  1.41323  1.41317  1.41309  1.40855  1.41550
  7450.52      1.3422  1.41324  1.41318  1.41309  1.40882  1.41576
  7449.02      1.3425  1.41323  1.41317  1.41308  1.40888  1.41583
  7447.52      1.3427  1.41320  1.41314  1.41306  1.40875  1.41570
  7446.02      1.3430  1.41317  1.41311  1.41302  1.40862  1.41557
  7444.52      1.3433  1.41313  1.41307  1.41299  1.40861  1.41555
  7443.02      1.3435  1.41310  1.41304  1.41296  1.40866  1.41561
  7441.52      1.3438  1.41306  1.41300  1.41292  1.40863  1.41558
  7440.02      1.3441  1.41302  1.41296  1.41287  1.40840  1.41535
  7438.52      1.3444  1.41298  1.41292  1.41284  1.40814  1.41508
  7437.02      1.3446  1.41297  1.41290  1.41282  1.40812  1.41506
  7435.52      1.3449  1.41297  1.41291  1.41283  1.40828  1.41522
  7434.02      1.3452  1.41299  1.41293  1.41284  1.40843  1.41537
  7432.52      1.3454  1.41301  1.41295  1.41287  1.40845  1.41539
  7431.02      1.3457  1.41304  1.41298  1.41290  1.40843  1.41537
  7429.52      1.3460  1.41307  1.41301  1.41293  1.40845  1.41539
  7428.02      1.3463  1.41310  1.41304  1.41296  1.40856  1.41550
  7426.52      1.3465  1.41312  1.41306  1.41298  1.40877  1.41572
  7425.02      1.3468  1.41313  1.41307  1.41298  1.40888  1.41583
  7423.52      1.3471  1.41311  1.41305  1.41296  1.40884  1.41579
  7422.02      1.3473  1.41307  1.41301  1.41293  1.40871  1.41566
  7420.52      1.3476  1.41304  1.41298  1.41289  1.40854  1.41549
  7419.02      1.3479  1.41299  1.41293  1.41285  1.40837  1.41531
  7417.51      1.3482  1.41295  1.41289  1.41280  1.40819  1.41513
  7416.01      1.3484  1.41292  1.41286  1.41277  1.40806  1.41499
  7414.51      1.3487  1.41290  1.41284  1.41275  1.40810  1.41503
  7413.01      1.3490  1.41290  1.41284  1.41276  1.40819  1.41512
  7411.51      1.3493  1.41292  1.41287  1.41279  1.40829  1.41523
  7410.01      1.3495  1.41297  1.41290  1.41282  1.40841  1.41535
  7408.51      1.3498  1.41302  1.41295  1.41287  1.40851  1.41546
  7407.01      1.3501  1.41306  1.41300  1.41291  1.40854  1.41548
  7405.51      1.3503  1.41310  1.41304  1.41296  1.40855  1.41550
  7404.01      1.3506  1.41314  1.41308  1.41299  1.40865  1.41559
  7402.51      1.3509  1.41316  1.41310  1.41302  1.40880  1.41575
  7401.01      1.3512  1.41317  1.41311  1.41302  1.40883  1.41578
  7399.51      1.3514  1.41317  1.41311  1.41302  1.40877  1.41572
  7398.01      1.3517  1.41315  1.41309  1.41301  1.40870  1.41565
  7396.51      1.3520  1.41314  1.41308  1.41300  1.40858  1.41553
  7395.01      1.3523  1.41312  1.41306  1.41298  1.40838  1.41532
  7393.51      1.3525  1.41311  1.41305  1.41296  1.40825  1.41519
  7392.01      1.3528  1.41310  1.41304  1.41296  1.40832  1.41526
  7390.51      1.3531  1.41309  1.41303  1.41295  1.40850  1.41545
  7389.01      1.3534  1.41309  1.41303  1.41295  1.40868  1.41563
  7387.51      1.3536  1.41308  1.41302  1.41294  1.40878  1.41573
  7386.01      1.3539  1.41308  1.41301  1.41293  1.40875  1.41570
  7384.51      1.3542  1.41306  1.41300  1.41292  1.40863  1.41558
  7383.01      1.3545  1.41305  1.41299  1.41291  1.40845  1.41539
  7381.51      1.3547  1.41304  1.41298  1.41290  1.40830  1.41524
  7380.01      1.3550  1.41304  1.41298  1.41290  1.40827  1.41521
  7378.51      1.3553  1.41305  1.41299  1.41291  1.40835  1.41529
  7377.01      1.3556  1.41307  1.41300  1.41292  1.40836  1.41531
  7375.51      1.3558  1.41308  1.41302  1.41293  1.40842  1.41536
  7374.01      1.3561  1.41310  1.41304  1.41296  1.40860  1.41554
  7372.51      1.3564  1.41313  1.41307  1.41298  1.40869  1.41563
  7371.01      1.3567  1.41317  1.41310  1.41302  1.40879  1.41574
  7369.51      1.3569  1.41319  1.41313  1.41304  1.40884  1.41579
  7368.01      1.3572  1.41321  1.41315  1.41306  1.40875  1.41570
  7366.51      1.3575  1.41321  1.41315  1.41307  1.40855  1.41549
  7365.01      1.3578  1.41322  1.41316  1.41308  1.40846  1.41540
  7363.51      1.3580  1.41324  1.41318  1.41309  1.40853  1.41547
  7362.01      1.3583  1.41325  1.41318  1.41310  1.40869  1.41563
  7360.51      1.3586  1.41326  1.41320  1.41312  1.40880  1.41575
  7359.01      1.3589  1.41327  1.41321  1.41312  1.40885  1.41580
  7357.51      1.3592  1.41327  1.41321  1.41313  1.40879  1.41574
  7356.01      1.3594  1.41327  1.41321  1.41313  1.40867  1.41562
  7354.51      1.3597  1.41327  1.41321  1.41313  1.40865  1.41560
  7353.01      1.3600  1.41328  1.41321  1.41313  1.40870  1.41565
  7351.51      1.3603  1.41327  1.41321  1.41313  1.40881  1.41576
  7350.01      1.3605  1.41325  1.41319  1.41310  1.40888  1.41583
  7348.51      1.3608  1.41321  1.41315  1.41307  1.40866  1.41561
  7347.01      1.3611  1.41316  1.41310  1.41301  1.40850  1.41545
  7345.51      1.3614  1.41310  1.41304  1.41296  1.40856  1.41551
  7344.01      1.3617  1.41306  1.41300  1.41292  1.40876  1.41572
  7342.51      1.3619  1.41302  1.41296  1.41287  1.40874  1.41569
  7341.01      1.3622  1.41297  1.41291  1.41282  1.40841  1.41536
  7339.51      1.3625  1.41293  1.41287  1.41279  1.40804  1.41498
  7338.01      1.3628  1.41288  1.41282  1.41274  1.40789  1.41483
  7336.51      1.3630  1.41285  1.41279  1.41271  1.40794  1.41488
  7335.01      1.3633  1.41284  1.41278  1.41269  1.40810  1.41504
  7333.51      1.3636  1.41281  1.41275  1.41267  1.40843  1.41537
  7332.01      1.3639  1.41279  1.41273  1.41265  1.40885  1.41580
  7330.51      1.3642  1.41275  1.41269  1.41261  1.40885  1.41580
  7329.01      1.3644  1.41272  1.41266  1.41258  1.40836  1.41531
  7327.51      1.3647  1.41269  1.41263  1.41255  1.40782  1.41475
  7326.01      1.3650  1.41267  1.41261  1.41253  1.40764  1.41457
  7324.51      1.3653  1.41267  1.41261  1.41253  1.40768  1.41461
  7323.01      1.3656  1.41269  1.41263  1.41254  1.40769  1.41462
  7321.51      1.3658  1.41272  1.41266  1.41258  1.40786  1.41479
  7320.01      1.3661  1.41277  1.41271  1.41263  1.40834  1.41527
  7318.51      1.3664  1.41282  1.41276  1.41268  1.40868  1.41563
  7317.01      1.3667  1.41286  1.41280  1.41272  1.40861  1.41556
  7315.51      1.3670  1.41289  1.41283  1.41275  1.40845  1.41539
  7314.01      1.3672  1.41292  1.41286  1.41278  1.40850  1.41545
  7312.51      1.3675  1.41294  1.41288  1.41279  1.40858  1.41552
  7311.01      1.3678  1.41294  1.41288  1.41279  1.40854  1.41549
  7309.51      1.3681  1.41294  1.41288  1.41279  1.40835  1.41530
  7308.01      1.3684  1.41294  1.41288  1.41280  1.40806  1.41500
  7306.51      1.3686  1.41296  1.41290  1.41282  1.40789  1.41482
  7305.01      1.3689  1.41302  1.41295  1.41287  1.40809  1.41502
  7303.51      1.3692  1.41307  1.41301  1.41293  1.40845  1.41539
  7302.01      1.3695  1.41313  1.41307  1.41299  1.40865  1.41559
  7300.51      1.3698  1.41319  1.41313  1.41304  1.40870  1.41565
  7299.01      1.3700  1.41322  1.41316  1.41308  1.40895  1.41590
  7297.51      1.3703  1.41324  1.41318  1.41310  1.40922  1.41618
  7296.01      1.3706  1.41324  1.41318  1.41309  1.40925  1.41621
  7294.51      1.3709  1.41319  1.41313  1.41305  1.40892  1.41588
  7293.01      1.3712  1.41312  1.41306  1.41298  1.40860  1.41555
  7291.51      1.3715  1.41304  1.41298  1.41290  1.40832  1.41526
  7290.01      1.3717  1.41295  1.41289  1.41281  1.40807  1.41501
  7288.51      1.3720  1.41289  1.41283  1.41275  1.40803  1.41497
  7287.00      1.3723  1.41283  1.41277  1.41269  1.40816  1.41510
  7285.50      1.3726  1.41280  1.41274  1.41265  1.40819  1.41513
  7284.00      1.3729  1.41277  1.41271  1.41263  1.40799  1.41493
  7282.50      1.3732  1.41277  1.41271  1.41262  1.40796  1.41489
  7281.00      1.3734  1.41279  1.41272  1.41264  1.40818  1.41512
  7279.50      1.3737  1.41281  1.41275  1.41267  1.40846  1.41540
  7278.00      1.3740  1.41284  1.41278  1.41269  1.40855  1.41550
  7276.50      1.3743  1.41285  1.41279  1.41271  1.40853  1.41547
  7275.00      1.3746  1.41285  1.41279  1.41271  1.40835  1.41529
  7273.50      1.3749  1.41284  1.41278  1.41269  1.40818  1.41512
  7272.00      1.3751  1.41283  1.41277  1.41269  1.40817  1.41511
  7270.50      1.3754  1.41283  1.41277  1.41268  1.40830  1.41524
  7269.00      1.3757  1.41281  1.41275  1.41267  1.40837  1.41531
  7267.50      1.3760  1.41280  1.41274  1.41266  1.40828  1.41522
  7266.00      1.3763  1.41280  1.41274  1.41265  1.40809  1.41503
  7264.50      1.3766  1.41280  1.41274  1.41266  1.40804  1.41497
  7263.00      1.3768  1.41282  1.41276  1.41268  1.40815  1.41508
  7261.50      1.3771  1.41285  1.41279  1.41270  1.40829  1.41523
  7260.00      1.3774  1.41287  1.41281  1.41273  1.40836  1.41530
  7258.50      1.3777  1.41290  1.41284  1.41275  1.40834  1.41528
  7257.00      1.3780  1.41294  1.41287  1.41279  1.40843  1.41537
  7255.50      1.3783  1.41298  1.41292  1.41284  1.40856  1.41550
  7254.00      1.3785  1.41302  1.41295  1.41287  1.40856  1.41551
  7252.50      1.3788  1.41304  1.41298  1.41290  1.40845  1.41540
  7251.00      1.3791  1.41304  1.41298  1.41290  1.40828  1.41522
  7249.50      1.3794  1.41304  1.41298  1.41289  1.40828  1.41522
  7248.00      1.3797  1.41303  1.41297  1.41289  1.40863  1.41557
  7246.50      1.3800  1.41303  1.41297  1.41289  1.40907  1.41602
  7245.00      1.3803  1.41302  1.41296  1.41288  1.40903  1.41599
  7243.50      1.3805  1.41299  1.41293  1.41285  1.40858  1.41553
  7242.00      1.3808  1.41295  1.41289  1.41281  1.40802  1.41496
  7240.50      1.3811  1.41291  1.41285  1.41277  1.40762  1.41455
  7239.00      1.3814  1.41288  1.41282  1.41272  1.40765  1.41458
  7237.50      1.3817  1.41285  1.41279  1.41271  1.40817  1.41511
  7236.00      1.3820  1.41282  1.41276  1.41268  1.40895  1.41590
  7234.50      1.3823  1.41279  1.41273  1.41265  1.40928  1.41625
  7233.00      1.3826  1.41274  1.41268  1.41259  1.40876  1.41572
  7231.50      1.3828  1.41269  1.41263  1.41254  1.40790  1.41484
  7230.00      1.3831  1.41266  1.41260  1.41252  1.40738  1.41431
  7228.50      1.3834  1.41265  1.41259  1.41251  1.40727  1.41419
  7227.00      1.3837  1.41266  1.41260  1.41252  1.40757  1.41450
  7225.50      1.3840  1.41268  1.41262  1.41254  1.40807  1.41501
  7224.00      1.3843  1.41270  1.41264  1.41256  1.40848  1.41542
  7222.50      1.3846  1.41273  1.41267  1.41259  1.40860  1.41555
  7221.00      1.3848  1.41276  1.41270  1.41262  1.40852  1.41547
  7219.50      1.3851  1.41279  1.41273  1.41265  1.40834  1.41528
  7218.00      1.3854  1.41282  1.41276  1.41267  1.40820  1.41514
  7216.50      1.3857  1.41284  1.41278  1.41270  1.40823  1.41517
  7215.00      1.3860  1.41284  1.41278  1.41269  1.40827  1.41521
  7213.50      1.3863  1.41282  1.41276  1.41268  1.40823  1.41517
  7212.00      1.3866  1.41279  1.41273  1.41265  1.40814  1.41508
  7210.50      1.3869  1.41275  1.41269  1.41261  1.40819  1.41513
  7209.00      1.3872  1.41272  1.41266  1.41258  1.40837  1.41531
  7207.50      1.3874  1.41269  1.41263  1.41255  1.40849  1.41543
  7206.00      1.3877  1.41265  1.41259  1.41251  1.40837  1.41531
  7204.50      1.3880  1.41260  1.41254  1.41246  1.40796  1.41490
  7203.00      1.3883  1.41257  1.41251  1.41243  1.40763  1.41456
  7201.50      1.3886  1.41254  1.41248  1.41240  1.40756  1.41448
  7200.00      1.3889  1.41254  1.41248  1.41240  1.40775  1.41468
  7198.50      1.3892  1.41255  1.41249  1.41240  1.40803  1.41497
  7197.00      1.3895  1.41255  1.41249  1.41241  1.40816  1.41510
  7195.50      1.3898  1.41257  1.41251  1.41243  1.40813  1.41507
  7194.00      1.3900  1.41258  1.41252  1.41243  1.40805  1.41499
  7192.50      1.3903  1.41259  1.41253  1.41245  1.40808  1.41502
  7191.00      1.3906  1.41259  1.41253  1.41245  1.40810  1.41504
  7189.50      1.3909  1.41257  1.41251  1.41243  1.40807  1.41501
  7188.00      1.3912  1.41254  1.41248  1.41240  1.40805  1.41498
  7186.50      1.3915  1.41250  1.41244  1.41236  1.40817  1.41511
  7185.00      1.3918  1.41246  1.41240  1.41232  1.40820  1.41514
  7183.50      1.3921  1.41242  1.41236  1.41228  1.40797  1.41491
  7182.00      1.3924  1.41240  1.41234  1.41225  1.40754  1.41447
  7180.50      1.3927  1.41239  1.41233  1.41225  1.40728  1.41420
  7179.00      1.3930  1.41239  1.41233  1.41224  1.40737  1.41429
  7177.50      1.3932  1.41240  1.41234  1.41225  1.40763  1.41456
  7176.00      1.3935  1.41240  1.41234  1.41226  1.40788  1.41481
  7174.50      1.3938  1.41241  1.41235  1.41227  1.40821  1.41515
  7173.00      1.3941  1.41241  1.41234  1.41226  1.40849  1.41544
  7171.50      1.3944  1.41239  1.41232  1.41224  1.40850  1.41544
  7170.00      1.3947  1.41234  1.41228  1.41220  1.40809  1.41504
  7168.50      1.3950  1.41229  1.41223  1.41215  1.40745  1.41438
  7167.00      1.3953  1.41226  1.41220  1.41212  1.40710  1.41402
  7165.50      1.3956  1.41224  1.41218  1.41210  1.40720  1.41412
  7164.00      1.3959  1.41225  1.41218  1.41210  1.40756  1.41448
  7162.50      1.3962  1.41225  1.41219  1.41211  1.40753  1.41446
  7161.00      1.3965  1.41228  1.41221  1.41213  1.40757  1.41450
  7159.50      1.3967  1.41232  1.41226  1.41217  1.40776  1.41469
  7158.00      1.3970  1.41237  1.41231  1.41222  1.40799  1.41493
  7156.50      1.3973  1.41242  1.41236  1.41228  1.40810  1.41503
  7155.00      1.3976  1.41247  1.41241  1.41233  1.40822  1.41516
  7153.50      1.3979  1.41250  1.41244  1.41235  1.40822  1.41516
  7152.00      1.3982  1.41250  1.41244  1.41235  1.40801  1.41494
  7150.50      1.3985  1.41248  1.41242  1.41235  1.40774  1.41468
  7148.99      1.3988  1.41247  1.41241  1.41233  1.40774  1.41467
  7147.49      1.3991  1.41245  1.41239  1.41230  1.40791  1.41484
  7145.99      1.3994  1.41243  1.41236  1.41228  1.40803  1.41496
  7144.49      1.3997  1.41240  1.41234  1.41225  1.40799  1.41492
  7142.99      1.4000  1.41237  1.41231  1.41223  1.40789  1.41483
  7141.49      1.4003  1.41235  1.41229  1.41221  1.40774  1.41467
  7139.99      1.4006  1.41235  1.41229  1.41220  1.40755  1.41448
  7138.49      1.4009  1.41235  1.41229  1.41221  1.40755  1.41447
  7136.99      1.4012  1.41237  1.41230  1.41222  1.40767  1.41460
  7135.49      1.4014  1.41237  1.41231  1.41223  1.40780  1.41473
  7133.99      1.4017  1.41239  1.41233  1.41224  1.40789  1.41482
  7132.49      1.4020  1.41239  1.41233  1.41225  1.40809  1.41502
  7130.99      1.4023  1.41239  1.41233  1.41225  1.40820  1.41514
  7129.49      1.4026  1.41238  1.41232  1.41224  1.40807  1.41501
  7127.99      1.4029  1.41233  1.41227  1.41219  1.40774  1.41467
  7126.49      1.4032  1.41228  1.41222  1.41214  1.40760  1.41452
  7124.99      1.4035  1.41223  1.41217  1.41208  1.40763  1.41456
  7123.49      1.4038  1.41217  1.41211  1.41203  1.40774  1.41467
  7121.99      1.4041  1.41212  1.41206  1.41198  1.40776  1.41470
  7120.49      1.4044  1.41207  1.41201  1.41193  1.40762  1.41455
  7118.99      1.4047  1.41204  1.41198  1.41189  1.40726  1.41418
  7117.49      1.4050  1.41201  1.41195  1.41187  1.40699  1.41391
  7115.99      1.4053  1.41201  1.41195  1.41187  1.40706  1.41397
  7114.49      1.4056  1.41203  1.41197  1.41189  1.40722  1.41414
  7112.99      1.4059  1.41205  1.41199  1.41191  1.40755  1.41448
  7111.49      1.4062  1.41208  1.41202  1.41194  1.40789  1.41483
  7109.99      1.4065  1.41211  1.41205  1.41196  1.40803  1.41496
  7108.49      1.4068  1.41212  1.41206  1.41198  1.40785  1.41479
  7106.99      1.4071  1.41214  1.41208  1.41200  1.40762  1.41455
  7105.49      1.4074  1.41215  1.41209  1.41200  1.40741  1.41434
  7103.99      1.4077  1.41216  1.41209  1.41201  1.40729  1.41420
  7102.49      1.4080  1.41216  1.41210  1.41201  1.40732  1.41424
  7100.99      1.4083  1.41216  1.41210  1.41201  1.40756  1.41448
  7099.49      1.4086  1.41216  1.41210  1.41202  1.40785  1.41478
  7097.99      1.4088  1.41216  1.41210  1.41202  1.40799  1.41493
  7096.49      1.4091  1.41217  1.41211  1.41202  1.40784  1.41477
  7094.99      1.4094  1.41218  1.41212  1.41203  1.40759  1.41452
  7093.49      1.4097  1.41220  1.41214  1.41205  1.40743  1.41435
  7091.99      1.4100  1.41221  1.41215  1.41207  1.40740  1.41433
  7090.49      1.4103  1.41224  1.41218  1.41209  1.40742  1.41434
  7088.99      1.4106  1.41225  1.41219  1.41211  1.40759  1.41452
  7087.49      1.4109  1.41228  1.41222  1.41213  1.40783  1.41475
  7085.99      1.4112  1.41229  1.41223  1.41214  1.40800  1.41493
  7084.49      1.4115  1.41231  1.41224  1.41216  1.40814  1.41508
  7082.99      1.4118  1.41231  1.41225  1.41216  1.40806  1.41499
  7081.49      1.4121  1.41229  1.41222  1.41214  1.40777  1.41470
  7079.99      1.4124  1.41225  1.41219  1.41211  1.40746  1.41439
  7078.49      1.4127  1.41221  1.41215  1.41207  1.40750  1.41443
  7076.99      1.4130  1.41217  1.41211  1.41203  1.40768  1.41461
  7075.49      1.4133  1.41213  1.41206  1.41198  1.40778  1.41471
  7073.99      1.4136  1.41207  1.41201  1.41193  1.40769  1.41462
  7072.49      1.4139  1.41203  1.41197  1.41189  1.40746  1.41439
  7070.99      1.4142  1.41200  1.41194  1.41186  1.40725  1.41417
  7069.49      1.4145  1.41199  1.41193  1.41184  1.40717  1.41409
  7067.99      1.4148  1.41199  1.41193  1.41185  1.40722  1.41413
  7066.49      1.4151  1.41201  1.41195  1.41186  1.40733  1.41425
  7064.99      1.4154  1.41202  1.41196  1.41187  1.40744  1.41436
  7063.49      1.4157  1.41204  1.41198  1.41189  1.40759  1.41451
  7061.99      1.4160  1.41205  1.41199  1.41190  1.40773  1.41466
  7060.49      1.4163  1.41207  1.41201  1.41192  1.40770  1.41463
  7058.99      1.4166  1.41208  1.41201  1.41193  1.40766  1.41458
  7057.49      1.4169  1.41208  1.41202  1.41193  1.40760  1.41453
  7055.99      1.4172  1.41206  1.41200  1.41193  1.40752  1.41444
  7054.49      1.4175  1.41205  1.41199  1.41191  1.40736  1.41428
  7052.99      1.4178  1.41203  1.41197  1.41188  1.40732  1.41424
  7051.49      1.4181  1.41202  1.41196  1.41187  1.40745  1.41437
  7049.99      1.4184  1.41200  1.41194  1.41185  1.40767  1.41459
  7048.49      1.4187  1.41198  1.41192  1.41183  1.40756  1.41449
  7046.99      1.4190  1.41195  1.41189  1.41181  1.40734  1.41426
  7045.49      1.4193  1.41194  1.41188  1.41180  1.40726  1.41417
  7043.99      1.4197  1.41193  1.41187  1.41179  1.40738  1.41430
  7042.49      1.4200  1.41193  1.41187  1.41178  1.40749  1.41441
  7040.99      1.4203  1.41193  1.41187  1.41178  1.40737  1.41429
  7039.49      1.4206  1.41193  1.41187  1.41179  1.40724  1.41416
  7037.99      1.4209  1.41194  1.41188  1.41179  1.40729  1.41421
  7036.49      1.4212  1.41196  1.41190  1.41182  1.40731  1.41423
  7034.99      1.4215  1.41200  1.41193  1.41185  1.40740  1.41432
  7033.49      1.4218  1.41202  1.41196  1.41188  1.40750  1.41442
  7031.99      1.4221  1.41204  1.41199  1.41190  1.40755  1.41447
  7030.49      1.4224  1.41207  1.41200  1.41192  1.40768  1.41461
  7028.99      1.4227  1.41208  1.41202  1.41193  1.40769  1.41461
  7027.49      1.4230  1.41209  1.41202  1.41194  1.40765  1.41457
  7025.99      1.4233  1.41208  1.41202  1.41193  1.40764  1.41456
  7024.49      1.4236  1.41207  1.41201  1.41193  1.40752  1.41444
  7022.99      1.4239  1.41205  1.41199  1.41190  1.40742  1.41435
  7021.49      1.4242  1.41204  1.41198  1.41189  1.40741  1.41433
  7019.99      1.4245  1.41202  1.41196  1.41187  1.40745  1.41437
  7018.48      1.4248  1.41201  1.41195  1.41187  1.40750  1.41442
  7016.98      1.4251  1.41200  1.41194  1.41185  1.40748  1.41441
  7015.48      1.4254  1.41198  1.41192  1.41183  1.40742  1.41434
  7013.98      1.4257  1.41197  1.41191  1.41183  1.40735  1.41427
  7012.48      1.4260  1.41197  1.41191  1.41182  1.40730  1.41422
  7010.98      1.4263  1.41197  1.41191  1.41182  1.40746  1.41439
  7009.48      1.4266  1.41197  1.41191  1.41183  1.40763  1.41456
  7007.98      1.4269  1.41197  1.41191  1.41182  1.40757  1.41449
  7006.48      1.4272  1.41196  1.41190  1.41182  1.40735  1.41428
  7004.98      1.4276  1.41196  1.41190  1.41181  1.40721  1.41412
  7003.48      1.4279  1.41197  1.41190  1.41182  1.40724  1.41415
  7001.98      1.4282  1.41197  1.41191  1.41183  1.40744  1.41436
  7000.48      1.4285  1.41198  1.41192  1.41183  1.40760  1.41453
  6998.98      1.4288  1.41198  1.41192  1.41183  1.40754  1.41447
  6997.48      1.4291  1.41198  1.41192  1.41183  1.40743  1.41435
  6995.98      1.4294  1.41198  1.41192  1.41183  1.40744  1.41436
  6994.48      1.4297  1.41198  1.41192  1.41183  1.40749  1.41442
  6992.98      1.4300  1.41197  1.41191  1.41182  1.40740  1.41432
  6991.48      1.4303  1.41196  1.41190  1.41182  1.40731  1.41423
  6989.98      1.4306  1.41195  1.41189  1.41180  1.40740  1.41433
  6988.48      1.4309  1.41193  1.41188  1.41178  1.40755  1.41447
  6986.98      1.4312  1.41192  1.41185  1.41177  1.40751  1.41443
  6985.48      1.4315  1.41189  1.41183  1.41174  1.40736  1.41428
  6983.98      1.4318  1.41186  1.41180  1.41172  1.40724  1.41416
  6982.48      1.4322  1.41184  1.41177  1.41169  1.40720  1.41412
  6980.98      1.4325  1.41183  1.41177  1.41168  1.40725  1.41417
  6979.48      1.4328  1.41182  1.41176  1.41167  1.40733  1.41425
  6977.98      1.4331  1.41182  1.41176  1.41167  1.40732  1.41424
  6976.48      1.4334  1.41181  1.41175  1.41167  1.40709  1.41401
  6974.98      1.4337  1.41182  1.41175  1.41167  1.40700  1.41392
  6973.48      1.4340  1.41183  1.41177  1.41169  1.40715  1.41406
  6971.98      1.4343  1.41186  1.41180  1.41171  1.40743  1.41435
  6970.48      1.4346  1.41188  1.41182  1.41173  1.40758  1.41451
  6968.98      1.4349  1.41189  1.41182  1.41174  1.40757  1.41449
  6967.48      1.4352  1.41188  1.41182  1.41174  1.40745  1.41438
  6965.98      1.4355  1.41187  1.41181  1.41173  1.40731  1.41423
  6964.48      1.4359  1.41187  1.41181  1.41172  1.40716  1.41408
  6962.98      1.4362  1.41186  1.41180  1.41171  1.40727  1.41419
  6961.48      1.4365  1.41185  1.41180  1.41171  1.40744  1.41436
  6959.98      1.4368  1.41184  1.41178  1.41169  1.40738  1.41430
  6958.48      1.4371  1.41182  1.41176  1.41168  1.40708  1.41400
  6956.98      1.4374  1.41182  1.41176  1.41167  1.40709  1.41401
  6955.48      1.4377  1.41181  1.41175  1.41167  1.40730  1.41422
  6953.98      1.4380  1.41181  1.41175  1.41166  1.40740  1.41432
  6952.48      1.4383  1.41179  1.41173  1.41164  1.40729  1.41421
  6950.98      1.4386  1.41178  1.41172  1.41163  1.40726  1.41418
  6949.48      1.4390  1.41176  1.41169  1.41161  1.40736  1.41428
  6947.98      1.4393  1.41173  1.41168  1.41159  1.40746  1.41438
  6946.48      1.4396  1.41171  1.41165  1.41157  1.40718  1.41410
  6944.98      1.4399  1.41169  1.41163  1.41154  1.40691  1.41383
  6943.48      1.4402  1.41167  1.41161  1.41152  1.40682  1.41373
  6941.98      1.4405  1.41166  1.41160  1.41151  1.40691  1.41382
  6940.48      1.4408  1.41166  1.41160  1.41152  1.40709  1.41400
  6938.98      1.4411  1.41168  1.41161  1.41153  1.40725  1.41417
  6937.48      1.4414  1.41168  1.41162  1.41153  1.40731  1.41423
  6935.98      1.4418  1.41169  1.41163  1.41154  1.40725  1.41417
  6934.48      1.4421  1.41170  1.41164  1.41155  1.40712  1.41404
  6932.98      1.4424  1.41171  1.41165  1.41156  1.40712  1.41404
  6931.48      1.4427  1.41173  1.41167  1.41158  1.40720  1.41412
  6929.98      1.4430  1.41173  1.41167  1.41158  1.40723  1.41415
  6928.48      1.4433  1.41174  1.41168  1.41159  1.40715  1.41407
  6926.98      1.4436  1.41174  1.41168  1.41159  1.40713  1.41405
  6925.48      1.4439  1.41175  1.41168  1.41160  1.40718  1.41410
  6923.98      1.4443  1.41175  1.41170  1.41160  1.40726  1.41417
  6922.48      1.4446  1.41177  1.41170  1.41162  1.40726  1.41418
  6920.98      1.4449  1.41178  1.41172  1.41163  1.40728  1.41420
  6919.48      1.4452  1.41179  1.41173  1.41164  1.40730  1.41422
  6917.98      1.4455  1.41181  1.41175  1.41166  1.40726  1.41418
  6916.48      1.4458  1.41182  1.41176  1.41167  1.40716  1.41407
  6914.98      1.4461  1.41184  1.41178  1.41169  1.40711  1.41403
  6913.48      1.4465  1.41186  1.41180  1.41171  1.40722  1.41414
  6911.98      1.4468  1.41188  1.41182  1.41173  1.40743  1.41435
  6910.48      1.4471  1.41189  1.41182  1.41174  1.40751  1.41443
  6908.98      1.4474  1.41188  1.41182  1.41173  1.40753  1.41445
  6907.48      1.4477  1.41186  1.41181  1.41172  1.40751  1.41443
  6905.98      1.4480  1.41184  1.41178  1.41169  1.40743  1.41436
  6904.48      1.4483  1.41180  1.41174  1.41166  1.40735  1.41427
  6902.98      1.4487  1.41175  1.41169  1.41161  1.40721  1.41413
  6901.48      1.4490  1.41170  1.41164  1.41156  1.40708  1.41399
  6899.98      1.4493  1.41165  1.41158  1.41150  1.40701  1.41392
  6898.48      1.4496  1.41158  1.41152  1.41144  1.40694  1.41386
  6896.98      1.4499  1.41154  1.41148  1.41140  1.40697  1.41388
  6895.48      1.4502  1.41150  1.41144  1.41135  1.40700  1.41391
  6893.98      1.4505  1.41147  1.41141  1.41132  1.40696  1.41387
  6892.48      1.4509  1.41146  1.41140  1.41131  1.40685  1.41376
  6890.98      1.4512  1.41145  1.41139  1.41130  1.40678  1.41369
  6889.48      1.4515  1.41145  1.41139  1.41130  1.40675  1.41366
  6887.98      1.4518  1.41147  1.41141  1.41132  1.40677  1.41367
  6886.48      1.4521  1.41149  1.41143  1.41135  1.40691  1.41381
  6884.98      1.4524  1.41152  1.41146  1.41137  1.40705  1.41396
  6883.48      1.4528  1.41155  1.41148  1.41140  1.40713  1.41405
  6881.98      1.4531  1.41156  1.41150  1.41141  1.40715  1.41407
  6880.47      1.4534  1.41157  1.41150  1.41142  1.40712  1.41403
  6878.97      1.4537  1.41157  1.41151  1.41142  1.40706  1.41397
  6877.47      1.4540  1.41157  1.41150  1.41142  1.40709  1.41400
  6875.97      1.4543  1.41156  1.41150  1.41141  1.40717  1.41409
  6874.47      1.4547  1.41155  1.41149  1.41140  1.40705  1.41396
  6872.97      1.4550  1.41154  1.41148  1.41139  1.40690  1.41381
  6871.47      1.4553  1.41153  1.41147  1.41138  1.40678  1.41369
  6869.97      1.4556  1.41153  1.41146  1.41138  1.40676  1.41367
  6868.47      1.4559  1.41153  1.41147  1.41138  1.40692  1.41383
  6866.97      1.4562  1.41155  1.41148  1.41140  1.40710  1.41401
  6865.47      1.4566  1.41155  1.41149  1.41140  1.40719  1.41411
  6863.97      1.4569  1.41156  1.41150  1.41141  1.40717  1.41409
  6862.47      1.4572  1.41156  1.41149  1.41141  1.40711  1.41403
  6860.97      1.4575  1.41154  1.41148  1.41139  1.40700  1.41391
  6859.47      1.4578  1.41153  1.41146  1.41138  1.40692  1.41383
  6857.97      1.4582  1.41150  1.41144  1.41135  1.40695  1.41386
  6856.47      1.4585  1.41147  1.41140  1.41132  1.40706  1.41398
  6854.97      1.4588  1.41142  1.41135  1.41127  1.40706  1.41398
  6853.47      1.4591  1.41136  1.41130  1.41121  1.40693  1.41384
  6851.97      1.4594  1.41129  1.41123  1.41114  1.40674  1.41365
  6850.47      1.4598  1.41124  1.41118  1.41109  1.40659  1.41350
  6848.97      1.4601  1.41119  1.41113  1.41104  1.40658  1.41348
  6847.47      1.4604  1.41116  1.41110  1.41101  1.40658  1.41348
  6845.97      1.4607  1.41115  1.41108  1.41100  1.40649  1.41339
  6844.47      1.4610  1.41113  1.41107  1.41098  1.40642  1.41332
  6842.97      1.4614  1.41113  1.41106  1.41098  1.40632  1.41322
  6841.47      1.4617  1.41114  1.41108  1.41099  1.40641  1.41330
  6839.97      1.4620  1.41118  1.41112  1.41103  1.40674  1.41365
  6838.47      1.4623  1.41121  1.41115  1.41106  1.40699  1.41390
  6836.97      1.4626  1.41125  1.41118  1.41109  1.40691  1.41382
  6835.47      1.4630  1.41128  1.41122  1.41113  1.40673  1.41363
  6833.97      1.4633  1.41131  1.41124  1.41115  1.40664  1.41354
  6832.47      1.4636  1.41134  1.41127  1.41118  1.40664  1.41355
  6830.97      1.4639  1.41137  1.41130  1.41121  1.40675  1.41366
  6829.47      1.4642  1.41140  1.41133  1.41124  1.40694  1.41384
  6827.97      1.4646  1.41143  1.41136  1.41127  1.40707  1.41399
  6826.47      1.4649  1.41145  1.41139  1.41130  1.40697  1.41388
  6824.97      1.4652  1.41148  1.41142  1.41133  1.40689  1.41380
  6823.47      1.4655  1.41151  1.41145  1.41136  1.40687  1.41378
  6821.97      1.4659  1.41156  1.41149  1.41141  1.40689  1.41380
  6820.47      1.4662  1.41159  1.41152  1.41143  1.40699  1.41390
  6818.97      1.4665  1.41160  1.41154  1.41145  1.40715  1.41406
  6817.47      1.4668  1.41161  1.41154  1.41146  1.40727  1.41419
  6815.97      1.4671  1.41160  1.41154  1.41145  1.40730  1.41421
  6814.47      1.4675  1.41158  1.41151  1.41142  1.40726  1.41418
  6812.97      1.4678  1.41154  1.41148  1.41139  1.40720  1.41412
  6811.47      1.4681  1.41151  1.41144  1.41136  1.40706  1.41397
  6809.97      1.4684  1.41145  1.41139  1.41130  1.40682  1.41373
  6808.47      1.4688  1.41140  1.41134  1.41125  1.40662  1.41353
  6806.97      1.4691  1.41136  1.41130  1.41121  1.40660  1.41350
  6805.47      1.4694  1.41133  1.41126  1.41118  1.40664  1.41355
  6803.97      1.4697  1.41131  1.41125  1.41116  1.40668  1.41358
  6802.47      1.4701  1.41130  1.41124  1.41115  1.40683  1.41374
  6800.97      1.4704  1.41131  1.41124  1.41116  1.40690  1.41381
  6799.47      1.4707  1.41132  1.41125  1.41117  1.40679  1.41370
  6797.97      1.4710  1.41133  1.41126  1.41117  1.40662  1.41353
  6796.47      1.4714  1.41135  1.41128  1.41120  1.40673  1.41364
  6794.97      1.4717  1.41137  1.41130  1.41121  1.40685  1.41376
  6793.47      1.4720  1.41139  1.41132  1.41123  1.40695  1.41386
  6791.97      1.4723  1.41139  1.41133  1.41124  1.40700  1.41391
  6790.47      1.4727  1.41139  1.41133  1.41124  1.40693  1.41384
  6788.97      1.4730  1.41139  1.41133  1.41124  1.40685  1.41376
  6787.47      1.4733  1.41139  1.41132  1.41124  1.40682  1.41373
  6785.97      1.4736  1.41137  1.41132  1.41122  1.40687  1.41378
  6784.47      1.4740  1.41136  1.41129  1.41121  1.40689  1.41380
  6782.97      1.4743  1.41133  1.41127  1.41118  1.40677  1.41367
  6781.47      1.4746  1.41131  1.41125  1.41116  1.40670  1.41361
  6779.97      1.4749  1.41129  1.41123  1.41114  1.40682  1.41373
  6778.47      1.4753  1.41128  1.41122  1.41113  1.40691  1.41382
  6776.97      1.4756  1.41126  1.41120  1.41111  1.40672  1.41363
  6775.47      1.4759  1.41125  1.41118  1.41109  1.40644  1.41334
  6773.97      1.4762  1.41124  1.41118  1.41109  1.40639  1.41329
  6772.47      1.4766  1.41125  1.41119  1.41110  1.40669  1.41359
  6770.97      1.4769  1.41126  1.41119  1.41110  1.40690  1.41380
  6769.47      1.4772  1.41126  1.41120  1.41111  1.40690  1.41381
  6767.97      1.4775  1.41126  1.41120  1.41111  1.40679  1.41370
  6766.47      1.4779  1.41127  1.41121  1.41112  1.40677  1.41368
  6764.97      1.4782  1.41127  1.41121  1.41112  1.40675  1.41366
  6763.47      1.4785  1.41129  1.41123  1.41114  1.40670  1.41361
  6761.97      1.4789  1.41130  1.41123  1.41114  1.40663  1.41353
  6760.47      1.4792  1.41131  1.41125  1.41116  1.40661  1.41352
  6758.97      1.4795  1.41133  1.41126  1.41117  1.40676  1.41367
  6757.47      1.4798  1.41133  1.41127  1.41118  1.40690  1.41381
  6755.97      1.4802  1.41135  1.41129  1.41120  1.40689  1.41380
  6754.47      1.4805  1.41136  1.41129  1.41120  1.40690  1.41381
  6752.97      1.4808  1.41136  1.41129  1.41120  1.40692  1.41383
  6751.47      1.4812  1.41135  1.41129  1.41120  1.40690  1.41381
  6749.96      1.4815  1.41133  1.41127  1.41118  1.40682  1.41373
  6748.46      1.4818  1.41130  1.41124  1.41115  1.40681  1.41372
  6746.96      1.4821  1.41128  1.41121  1.41112  1.40679  1.41370
  6745.46      1.4825  1.41124  1.41118  1.41109  1.40674  1.41365
  6743.96      1.4828  1.41121  1.41115  1.41106  1.40667  1.41357
  6742.46      1.4831  1.41119  1.41112  1.41104  1.40656  1.41347
  6740.96      1.4835  1.41117  1.41111  1.41102  1.40648  1.41338
  6739.46      1.4838  1.41117  1.41110  1.41101  1.40647  1.41337
  6737.96      1.4841  1.41117  1.41111  1.41102  1.40655  1.41346
  6736.46      1.4845  1.41118  1.41111  1.41103  1.40661  1.41351
  6734.96      1.4848  1.41119  1.41112  1.41103  1.40666  1.41357
  6733.46      1.4851  1.41119  1.41113  1.41104  1.40673  1.41363
  6731.96      1.4855  1.41120  1.41113  1.41105  1.40680  1.41370
  6730.46      1.4858  1.41120  1.41114  1.41105  1.40686  1.41376
  6728.96      1.4861  1.41119  1.41113  1.41104  1.40685  1.41376
  6727.46      1.4864  1.41118  1.41112  1.41103  1.40670  1.41361
  6725.96      1.4868  1.41116  1.41109  1.41100  1.40645  1.41335
  6724.46      1.4871  1.41115  1.41108  1.41099  1.40633  1.41323
  6722.96      1.4874  1.41114  1.41108  1.41099  1.40649  1.41339
  6721.46      1.4878  1.41115  1.41108  1.41099  1.40669  1.41359
  6719.96      1.4881  1.41115  1.41108  1.41099  1.40668  1.41359
  6718.46      1.4884  1.41114  1.41108  1.41099  1.40653  1.41343
  6716.96      1.4888  1.41114  1.41108  1.41099  1.40651  1.41341
  6715.46      1.4891  1.41115  1.41109  1.41100  1.40666  1.41357
  6713.96      1.4894  1.41116  1.41109  1.41100  1.40685  1.41376
  6712.46      1.4898  1.41116  1.41109  1.41100  1.40685  1.41376
  6710.96      1.4901  1.41115  1.41109  1.41100  1.40669  1.41360
  6709.46      1.4904  1.41114  1.41107  1.41098  1.40648  1.41339
  6707.96      1.4908  1.41113  1.41106  1.41097  1.40635  1.41325
  6706.46      1.4911  1.41113  1.41106  1.41097  1.40643  1.41333
  6704.96      1.4914  1.41113  1.41107  1.41098  1.40654  1.41344
  6703.46      1.4918  1.41113  1.41107  1.41098  1.40665  1.41355
  6701.96      1.4921  1.41114  1.41107  1.41098  1.40674  1.41365
  6700.46      1.4924  1.41114  1.41107  1.41098  1.40674  1.41365
  6698.96      1.4928  1.41113  1.41107  1.41098  1.40663  1.41354
  6697.46      1.4931  1.41113  1.41107  1.41098  1.40654  1.41344
  6695.96      1.4934  1.41114  1.41107  1.41098  1.40656  1.41346
  6694.46      1.4938  1.41114  1.41108  1.41099  1.40668  1.41359
  6692.96      1.4941  1.41114  1.41108  1.41099  1.40665  1.41356
  6691.46      1.4944  1.41114  1.41107  1.41098  1.40651  1.41341
  6689.96      1.4948  1.41114  1.41107  1.41098  1.40641  1.41331
  6688.46      1.4951  1.41114  1.41108  1.41099  1.40645  1.41335
  6686.96      1.4954  1.41114  1.41108  1.41099  1.40668  1.41358
  6685.46      1.4958  1.41114  1.41108  1.41099  1.40688  1.41379
  6683.96      1.4961  1.41114  1.41107  1.41099  1.40686  1.41377
  6682.46      1.4965  1.41111  1.41105  1.41096  1.40662  1.41352
  6680.96      1.4968  1.41109  1.41104  1.41095  1.40653  1.41343
  6679.46      1.4971  1.41108  1.41101  1.41092  1.40653  1.41343
  6677.96      1.4975  1.41106  1.41099  1.41090  1.40647  1.41337
  6676.46      1.4978  1.41105  1.41098  1.41089  1.40635  1.41325
  6674.96      1.4981  1.41103  1.41097  1.41088  1.40634  1.41323
  6673.46      1.4985  1.41103  1.41096  1.41087  1.40643  1.41333
  6671.96      1.4988  1.41102  1.41096  1.41087  1.40655  1.41345
  6670.46      1.4991  1.41102  1.41096  1.41087  1.40656  1.41346
  6668.96      1.4995  1.41103  1.41096  1.41087  1.40654  1.41344
  6667.46      1.4998  1.41103  1.41097  1.41088  1.40657  1.41347
  6665.96      1.5002  1.41104  1.41097  1.41088  1.40662  1.41352
  6664.46      1.5005  1.41104  1.41098  1.41089  1.40652  1.41342
  6662.96      1.5008  1.41104  1.41098  1.41089  1.40638  1.41328
  6661.46      1.5012  1.41104  1.41098  1.41089  1.40634  1.41323
  6659.96      1.5015  1.41105  1.41098  1.41089  1.40642  1.41332
  6658.46      1.5018  1.41105  1.41099  1.41090  1.40655  1.41345
  6656.96      1.5022  1.41105  1.41099  1.41090  1.40665  1.41355
  6655.46      1.5025  1.41105  1.41099  1.41090  1.40668  1.41359
  6653.96      1.5029  1.41105  1.41098  1.41089  1.40663  1.41353
  6652.46      1.5032  1.41103  1.41097  1.41088  1.40653  1.41343
  6650.96      1.5035  1.41102  1.41095  1.41086  1.40645  1.41335
  6649.46      1.5039  1.41101  1.41094  1.41086  1.40643  1.41333
  6647.96      1.5042  1.41099  1.41093  1.41084  1.40643  1.41333
  6646.46      1.5046  1.41099  1.41092  1.41083  1.40637  1.41326
  6644.96      1.5049  1.41098  1.41092  1.41083  1.40638  1.41328
  6643.46      1.5052  1.41098  1.41092  1.41083  1.40643  1.41333
  6641.96      1.5056  1.41099  1.41092  1.41083  1.40643  1.41333
  6640.46      1.5059  1.41099  1.41093  1.41084  1.40642  1.41332
  6638.96      1.5063  1.41099  1.41093  1.41084  1.40646  1.41336
  6637.46      1.5066  1.41100  1.41093  1.41084  1.40652  1.41342
  6635.96      1.5069  1.41099  1.41093  1.41084  1.40660  1.41350
  6634.46      1.5073  1.41098  1.41091  1.41082  1.40669  1.41360
  6632.96      1.5076  1.41095  1.41089  1.41080  1.40655  1.41346
  6631.46      1.5080  1.41093  1.41086  1.41077  1.40634  1.41324
  6629.96      1.5083  1.41091  1.41084  1.41075  1.40626  1.41316
  6628.46      1.5086  1.41089  1.41082  1.41074  1.40627  1.41316
  6626.96      1.5090  1.41088  1.41082  1.41073  1.40628  1.41318
  6625.46      1.5093  1.41088  1.41082  1.41073  1.40625  1.41314
  6623.96      1.5097  1.41090  1.41084  1.41075  1.40619  1.41308
  6622.46      1.5100  1.41092  1.41085  1.41076  1.40624  1.41314
  6620.96      1.5104  1.41096  1.41089  1.41080  1.40636  1.41325
  6619.46      1.5107  1.41100  1.41094  1.41085  1.40649  1.41339
  6617.96      1.5110  1.41104  1.41098  1.41089  1.40661  1.41351
  6616.46      1.5114  1.41107  1.41100  1.41091  1.40668  1.41358
  6614.96      1.5117  1.41108  1.41102  1.41093  1.40676  1.41367
  6613.46      1.5121  1.41109  1.41102  1.41093  1.40676  1.41367
  6611.95      1.5124  1.41108  1.41101  1.41092  1.40664  1.41355
  6610.45      1.5128  1.41106  1.41100  1.41090  1.40660  1.41350
  6608.95      1.5131  1.41102  1.41096  1.41087  1.40652  1.41343
  6607.45      1.5134  1.41098  1.41092  1.41083  1.40638  1.41328
  6605.95      1.5138  1.41093  1.41087  1.41078  1.40622  1.41312
  6604.45      1.5141  1.41089  1.41083  1.41074  1.40620  1.41309
  6602.95      1.5145  1.41086  1.41080  1.41071  1.40635  1.41325
  6601.45      1.5148  1.41084  1.41077  1.41068  1.40647  1.41337
  6599.95      1.5152  1.41081  1.41075  1.41066  1.40639  1.41329
  6598.45      1.5155  1.41081  1.41074  1.41065  1.40622  1.41312
  6596.95      1.5159  1.41080  1.41074  1.41065  1.40607  1.41297
  6595.45      1.5162  1.41081  1.41075  1.41066  1.40602  1.41292
  6593.95      1.5165  1.41083  1.41077  1.41068  1.40611  1.41301
  6592.45      1.5169  1.41085  1.41078  1.41069  1.40630  1.41319
  6590.95      1.5172  1.41087  1.41081  1.41072  1.40645  1.41335
  6589.45      1.5176  1.41088  1.41082  1.41073  1.40657  1.41347
  6587.95      1.5179  1.41089  1.41083  1.41074  1.40663  1.41354
  6586.45      1.5183  1.41090  1.41083  1.41074  1.40655  1.41345
  6584.95      1.5186  1.41089  1.41083  1.41074  1.40633  1.41323
  6583.45      1.5190  1.41088  1.41082  1.41073  1.40616  1.41306
  6581.95      1.5193  1.41087  1.41081  1.41072  1.40619  1.41309
  6580.45      1.5197  1.41086  1.41080  1.41071  1.40633  1.41323
  6578.95      1.5200  1.41085  1.41079  1.41070  1.40639  1.41329
  6577.45      1.5203  1.41083  1.41077  1.41068  1.40636  1.41326
  6575.95      1.5207  1.41083  1.41076  1.41067  1.40630  1.41320
  6574.45      1.5210  1.41081  1.41075  1.41066  1.40625  1.41314
  6572.95      1.5214  1.41080  1.41074  1.41065  1.40623  1.41313
  6571.45      1.5217  1.41080  1.41074  1.41065  1.40627  1.41316
  6569.95      1.5221  1.41078  1.41072  1.41063  1.40632  1.41322
  6568.45      1.5224  1.41077  1.41070  1.41061  1.40628  1.41318
  6566.95      1.5228  1.41073  1.41067  1.41058  1.40628  1.41318
  6565.45      1.5231  1.41071  1.41065  1.41056  1.40625  1.41315
  6563.95      1.5235  1.41069  1.41063  1.41054  1.40615  1.41304
  6562.45      1.5238  1.41068  1.41062  1.41053  1.40609  1.41298
  6560.95      1.5242  1.41066  1.41060  1.41051  1.40610  1.41299
  6559.45      1.5245  1.41065  1.41058  1.41049  1.40603  1.41292
  6557.95      1.5249  1.41064  1.41058  1.41049  1.40588  1.41277
  6556.45      1.5252  1.41065  1.41059  1.41050  1.40599  1.41288
  6554.95      1.5256  1.41066  1.41060  1.41051  1.40620  1.41309
  6553.45      1.5259  1.41068  1.41062  1.41053  1.40630  1.41320
  6551.95      1.5263  1.41069  1.41063  1.41054  1.40624  1.41313
  6550.45      1.5266  1.41072  1.41065  1.41056  1.40618  1.41307
  6548.95      1.5270  1.41073  1.41066  1.41057  1.40623  1.41312
  6547.45      1.5273  1.41074  1.41068  1.41059  1.40623  1.41313
  6545.95      1.5277  1.41075  1.41069  1.41060  1.40612  1.41302
  6544.45      1.5280  1.41075  1.41069  1.41060  1.40617  1.41306
  6542.95      1.5284  1.41076  1.41070  1.41061  1.40630  1.41319
  6541.45      1.5287  1.41077  1.41070  1.41061  1.40640  1.41330
  6539.95      1.5291  1.41077  1.41070  1.41061  1.40639  1.41329
  6538.45      1.5294  1.41077  1.41070  1.41061  1.40617  1.41307
  6536.95      1.5298  1.41076  1.41070  1.41061  1.40603  1.41292
  6535.45      1.5301  1.41076  1.41070  1.41061  1.40609  1.41298
  6533.95      1.5305  1.41076  1.41070  1.41061  1.40628  1.41318
  6532.45      1.5308  1.41075  1.41068  1.41059  1.40637  1.41327
  6530.95      1.5312  1.41074  1.41067  1.41059  1.40635  1.41325
  6529.45      1.5315  1.41071  1.41065  1.41056  1.40631  1.41321
  6527.95      1.5319  1.41070  1.41063  1.41054  1.40625  1.41315
  6526.45      1.5322  1.41067  1.41060  1.41051  1.40608  1.41298
  6524.95      1.5326  1.41064  1.41058  1.41049  1.40598  1.41287
  6523.45      1.5329  1.41062  1.41056  1.41047  1.40599  1.41288
  6521.95      1.5333  1.41060  1.41054  1.41045  1.40605  1.41295
  6520.45      1.5336  1.41057  1.41051  1.41042  1.40601  1.41291
  6518.95      1.5340  1.41055  1.41049  1.41040  1.40605  1.41294
  6517.45      1.5343  1.41054  1.41048  1.41039  1.40612  1.41301
  6515.95      1.5347  1.41053  1.41046  1.41037  1.40610  1.41300
  6514.45      1.5350  1.41052  1.41045  1.41037  1.40594  1.41283
  6512.95      1.5354  1.41050  1.41044  1.41035  1.40583  1.41272
  6511.45      1.5358  1.41050  1.41044  1.41035  1.40586  1.41275
  6509.95      1.5361  1.41049  1.41043  1.41034  1.40600  1.41289
  6508.45      1.5365  1.41049  1.41043  1.41034  1.40603  1.41292
  6506.95      1.5368  1.41048  1.41042  1.41033  1.40599  1.41289
  6505.45      1.5372  1.41046  1.41040  1.41031  1.40597  1.41286
  6503.95      1.5375  1.41045  1.41039  1.41030  1.40598  1.41287
  6502.45      1.5379  1.41043  1.41037  1.41028  1.40592  1.41282
  6500.95      1.5382  1.41042  1.41036  1.41027  1.40591  1.41281
  6499.45      1.5386  1.41041  1.41034  1.41025  1.40591  1.41280
  6497.95      1.5389  1.41039  1.41033  1.41024  1.40586  1.41275
  6496.45      1.5393  1.41038  1.41031  1.41022  1.40575  1.41264
  6494.95      1.5397  1.41037  1.41031  1.41022  1.40572  1.41261
  6493.45      1.5400  1.41037  1.41031  1.41022  1.40576  1.41265
  6491.95      1.5404  1.41039  1.41032  1.41023  1.40583  1.41272
  6490.45      1.5407  1.41040  1.41033  1.41024  1.40592  1.41281
  6488.95      1.5411  1.41041  1.41035  1.41026  1.40591  1.41280
  6487.45      1.5414  1.41042  1.41036  1.41027  1.40587  1.41276
  6485.95      1.5418  1.41042  1.41036  1.41027  1.40589  1.41278
  6484.45      1.5422  1.41042  1.41036  1.41027  1.40596  1.41286
  6482.95      1.5425  1.41041  1.41035  1.41026  1.40600  1.41289
  6481.44      1.5429  1.41041  1.41034  1.41026  1.40605  1.41294
  6479.94      1.5432  1.41039  1.41033  1.41024  1.40610  1.41299
  6478.44      1.5436  1.41036  1.41030  1.41021  1.40589  1.41278
  6476.94      1.5439  1.41034  1.41028  1.41019  1.40564  1.41253
  6475.44      1.5443  1.41032  1.41026  1.41017  1.40547  1.41235
  6473.94      1.5447  1.41032  1.41026  1.41017  1.40547  1.41235
  6472.44      1.5450  1.41033  1.41026  1.41017  1.40570  1.41259
  6470.94      1.5454  1.41033  1.41027  1.41018  1.40600  1.41289
  6469.44      1.5457  1.41033  1.41027  1.41018  1.40608  1.41298
  6467.94      1.5461  1.41033  1.41027  1.41018  1.40590  1.41279
  6466.44      1.5464  1.41032  1.41026  1.41017  1.40584  1.41273
  6464.94      1.5468  1.41031  1.41025  1.41016  1.40585  1.41274
  6463.44      1.5472  1.41031  1.41025  1.41016  1.40586  1.41275
  6461.94      1.5475  1.41029  1.41023  1.41014  1.40580  1.41269
  6460.44      1.5479  1.41026  1.41020  1.41011  1.40564  1.41252
  6458.94      1.5482  1.41023  1.41017  1.41008  1.40553  1.41242
  6457.44      1.5486  1.41021  1.41015  1.41006  1.40557  1.41245
  6455.94      1.5490  1.41019  1.41013  1.41004  1.40571  1.41259
  6454.44      1.5493  1.41018  1.41012  1.41003  1.40580  1.41269
  6452.94      1.5497  1.41016  1.41010  1.41001  1.40574  1.41263
  6451.44      1.5500  1.41014  1.41007  1.40999  1.40562  1.41251
  6449.94      1.5504  1.41013  1.41006  1.40998  1.40553  1.41241
  6448.44      1.5508  1.41011  1.41005  1.40996  1.40553  1.41242
  6446.94      1.5511  1.41011  1.41005  1.40996  1.40556  1.41245
  6445.44      1.5515  1.41009  1.41003  1.40994  1.40555  1.41244
  6443.94      1.5518  1.41008  1.41001  1.40993  1.40551  1.41240
  6442.44      1.5522  1.41005  1.40999  1.40990  1.40552  1.41240
  6440.94      1.5526  1.41004  1.40998  1.40989  1.40557  1.41246
  6439.44      1.5529  1.41001  1.40995  1.40986  1.40567  1.41256
  6437.94      1.5533  1.40998  1.40991  1.40983  1.40570  1.41259
  6436.44      1.5537  1.40994  1.40987  1.40979  1.40545  1.41233
  6434.94      1.5540  1.40989  1.40983  1.40974  1.40520  1.41208
  6433.44      1.5544  1.40986  1.40980  1.40971  1.40519  1.41207
  6431.94      1.5547  1.40982  1.40976  1.40967  1.40538  1.41226
  6430.44      1.5551  1.40981  1.40974  1.40966  1.40530  1.41218
  6428.94      1.5555  1.40979  1.40973  1.40964  1.40507  1.41194
  6427.44      1.5558  1.40978  1.40972  1.40963  1.40497  1.41184
  6425.94      1.5562  1.40979  1.40973  1.40964  1.40513  1.41200
  6424.44      1.5566  1.40980  1.40975  1.40966  1.40533  1.41220
  6422.94      1.5569  1.40983  1.40976  1.40967  1.40544  1.41232
  6421.44      1.5573  1.40985  1.40979  1.40970  1.40549  1.41237
  6419.94      1.5576  1.40985  1.40979  1.40970  1.40550  1.41238
  6418.44      1.5580  1.40987  1.40981  1.40971  1.40546  1.41235
  6416.94      1.5584  1.40987  1.40981  1.40972  1.40532  1.41220
  6415.44      1.5587  1.40987  1.40981  1.40972  1.40521  1.41209
  6413.94      1.5591  1.40987  1.40981  1.40972  1.40525  1.41213
  6412.44      1.5595  1.40986  1.40980  1.40971  1.40532  1.41220
  6410.94      1.5598  1.40985  1.40979  1.40970  1.40534  1.41222
  6409.44      1.5602  1.40984  1.40978  1.40969  1.40541  1.41229
  6407.94      1.5606  1.40982  1.40976  1.40967  1.40552  1.41240
  6406.44      1.5609  1.40981  1.40975  1.40966  1.40539  1.41227
  6404.94      1.5613  1.40977  1.40971  1.40962  1.40519  1.41207
  6403.44      1.5617  1.40975  1.40969  1.40960  1.40512  1.41200
  6401.94      1.5620  1.40972  1.40966  1.40957  1.40521  1.41209
  6400.44      1.5624  1.40970  1.40964  1.40955  1.40524  1.41212
  6398.94      1.5628  1.40967  1.40961  1.40952  1.40517  1.41205
  6397.44      1.5631  1.40964  1.40958  1.40949  1.40508  1.41196
  6395.94      1.5635  1.40962  1.40956  1.40947  1.40504  1.41192
  6394.44      1.5639  1.40960  1.40954  1.40945  1.40499  1.41186
  6392.94      1.5642  1.40960  1.40954  1.40945  1.40502  1.41190
  6391.44      1.5646  1.40960  1.40954  1.40945  1.40508  1.41196
  6389.94      1.5650  1.40960  1.40954  1.40945  1.40508  1.41196
  6388.44      1.5653  1.40960  1.40954  1.40945  1.40504  1.41191
  6386.94      1.5657  1.40960  1.40954  1.40945  1.40507  1.41194
  6385.44      1.5661  1.40961  1.40955  1.40946  1.40516  1.41204
  6383.94      1.5664  1.40961  1.40955  1.40946  1.40522  1.41210
  6382.44      1.5668  1.40961  1.40955  1.40946  1.40514  1.41201
  6380.94      1.5672  1.40960  1.40954  1.40945  1.40505  1.41193
  6379.44      1.5675  1.40960  1.40953  1.40944  1.40506  1.41194
  6377.94      1.5679  1.40958  1.40952  1.40943  1.40513  1.41200
  6376.44      1.5683  1.40958  1.40952  1.40943  1.40510  1.41197
  6374.94      1.5686  1.40956  1.40950  1.40941  1.40500  1.41188
  6373.44      1.5690  1.40956  1.40950  1.40941  1.40494  1.41181
  6371.94      1.5694  1.40955  1.40949  1.40940  1.40497  1.41185
  6370.44      1.5698  1.40955  1.40949  1.40940  1.40505  1.41193
  6368.94      1.5701  1.40955  1.40948  1.40939  1.40504  1.41191
  6367.44      1.5705  1.40954  1.40948  1.40938  1.40503  1.41191
  6365.94      1.5709  1.40953  1.40947  1.40938  1.40510  1.41197
  6364.44      1.5712  1.40952  1.40945  1.40936  1.40506  1.41194
  6362.94      1.5716  1.40951  1.40944  1.40936  1.40507  1.41194
  6361.44      1.5720  1.40949  1.40943  1.40934  1.40505  1.41193
  6359.94      1.5723  1.40948  1.40942  1.40933  1.40494  1.41182
  6358.44      1.5727  1.40946  1.40940  1.40931  1.40484  1.41171
  6356.94      1.5731  1.40946  1.40940  1.40931  1.40482  1.41169
  6355.44      1.5735  1.40946  1.40940  1.40931  1.40483  1.41170
  6353.94      1.5738  1.40946  1.40939  1.40930  1.40484  1.41171
  6352.44      1.5742  1.40945  1.40939  1.40930  1.40490  1.41177
  6350.94      1.5746  1.40945  1.40939  1.40930  1.40502  1.41189
  6349.44      1.5749  1.40945  1.40938  1.40930  1.40515  1.41202
  6347.94      1.5753  1.40943  1.40937  1.40928  1.40520  1.41207
  6346.44      1.5757  1.40941  1.40935  1.40926  1.40505  1.41193
  6344.94      1.5761  1.40938  1.40932  1.40923  1.40490  1.41177
  6343.43      1.5764  1.40934  1.40928  1.40919  1.40470  1.41157
  6341.93      1.5768  1.40931  1.40925  1.40916  1.40452  1.41138
  6340.43      1.5772  1.40928  1.40922  1.40913  1.40462  1.41149
  6338.93      1.5776  1.40927  1.40921  1.40912  1.40478  1.41165
  6337.43      1.5779  1.40925  1.40919  1.40910  1.40483  1.41170
  6335.93      1.5783  1.40924  1.40918  1.40909  1.40471  1.41158
  6334.43      1.5787  1.40924  1.40918  1.40909  1.40460  1.41147
  6332.93      1.5790  1.40925  1.40919  1.40910  1.40461  1.41147
  6331.43      1.5794  1.40927  1.40921  1.40912  1.40474  1.41161
  6329.93      1.5798  1.40930  1.40923  1.40914  1.40492  1.41179
  6328.43      1.5802  1.40930  1.40924  1.40915  1.40490  1.41177
  6326.93      1.5805  1.40930  1.40924  1.40915  1.40473  1.41160
  6325.43      1.5809  1.40930  1.40924  1.40915  1.40470  1.41157
  6323.93      1.5813  1.40930  1.40924  1.40915  1.40491  1.41178
  6322.43      1.5817  1.40929  1.40923  1.40914  1.40501  1.41188
  6320.93      1.5820  1.40926  1.40920  1.40911  1.40486  1.41174
  6319.43      1.5824  1.40924  1.40918  1.40909  1.40470  1.41157
  6317.93      1.5828  1.40921  1.40915  1.40906  1.40467  1.41153
  6316.43      1.5832  1.40918  1.40912  1.40903  1.40463  1.41150
  6314.93      1.5835  1.40916  1.40910  1.40901  1.40454  1.41140
  6313.43      1.5839  1.40914  1.40908  1.40899  1.40447  1.41133
  6311.93      1.5843  1.40913  1.40907  1.40898  1.40450  1.41136
  6310.43      1.5847  1.40912  1.40906  1.40897  1.40463  1.41149
  6308.93      1.5851  1.40912  1.40906  1.40897  1.40474  1.41160
  6307.43      1.5854  1.40912  1.40906  1.40897  1.40474  1.41161
  6305.93      1.5858  1.40912  1.40906  1.40897  1.40464  1.41151
  6304.43      1.5862  1.40912  1.40906  1.40897  1.40459  1.41146
  6302.93      1.5866  1.40912  1.40906  1.40897  1.40453  1.41140
  6301.43      1.5869  1.40912  1.40905  1.40896  1.40454  1.41140
  6299.93      1.5873  1.40911  1.40905  1.40896  1.40461  1.41147
  6298.43      1.5877  1.40910  1.40904  1.40895  1.40457  1.41143
  6296.93      1.5881  1.40908  1.40902  1.40893  1.40460  1.41147
  6295.43      1.5885  1.40907  1.40901  1.40892  1.40470  1.41157
  6293.93      1.5888  1.40905  1.40898  1.40889  1.40475  1.41162
  6292.43      1.5892  1.40902  1.40896  1.40887  1.40455  1.41141
  6290.93      1.5896  1.40898  1.40892  1.40883  1.40438  1.41124
  6289.43      1.5900  1.40895  1.40889  1.40880  1.40436  1.41122
  6287.93      1.5903  1.40892  1.40886  1.40877  1.40442  1.41129
  6286.43      1.5907  1.40889  1.40883  1.40874  1.40439  1.41126
  6284.93      1.5911  1.40885  1.40879  1.40870  1.40430  1.41116
  6283.43      1.5915  1.40883  1.40877  1.40868  1.40424  1.41110
  6281.93      1.5919  1.40882  1.40876  1.40867  1.40427  1.41113
  6280.43      1.5922  1.40881  1.40875  1.40866  1.40429  1.41115
  6278.93      1.5926  1.40881  1.40875  1.40866  1.40426  1.41112
  6277.43      1.5930  1.40881  1.40875  1.40866  1.40423  1.41109
  6275.93      1.5934  1.40882  1.40876  1.40867  1.40425  1.41111
  6274.43      1.5938  1.40883  1.40876  1.40867  1.40432  1.41118
  6272.93      1.5942  1.40883  1.40877  1.40868  1.40440  1.41126
  6271.43      1.5945  1.40883  1.40877  1.40868  1.40443  1.41129
  6269.93      1.5949  1.40882  1.40876  1.40867  1.40439  1.41125
  6268.43      1.5953  1.40882  1.40876  1.40866  1.40440  1.41126
  6266.93      1.5957  1.40880  1.40874  1.40865  1.40440  1.41126
  6265.43      1.5961  1.40879  1.40872  1.40863  1.40430  1.41116
  6263.93      1.5964  1.40876  1.40870  1.40861  1.40414  1.41100
  6262.43      1.5968  1.40874  1.40868  1.40859  1.40409  1.41094
  6260.93      1.5972  1.40874  1.40867  1.40858  1.40413  1.41098
  6259.43      1.5976  1.40873  1.40867  1.40858  1.40422  1.41108
  6257.93      1.5980  1.40873  1.40867  1.40857  1.40427  1.41112
  6256.43      1.5984  1.40873  1.40866  1.40857  1.40417  1.41103
  6254.93      1.5987  1.40873  1.40867  1.40857  1.40419  1.41104
  6253.43      1.5991  1.40873  1.40867  1.40858  1.40429  1.41115
  6251.93      1.5995  1.40874  1.40867  1.40858  1.40434  1.41120
  6250.43      1.5999  1.40874  1.40867  1.40858  1.40425  1.41111
  6248.93      1.6003  1.40873  1.40866  1.40857  1.40424  1.41109
  6247.43      1.6007  1.40872  1.40866  1.40857  1.40424  1.41110
  6245.93      1.6010  1.40871  1.40865  1.40855  1.40420  1.41105
  6244.43      1.6014  1.40870  1.40864  1.40855  1.40415  1.41101
  6242.93      1.6018  1.40869  1.40862  1.40853  1.40415  1.41101
  6241.43      1.6022  1.40868  1.40861  1.40852  1.40418  1.41103
  6239.93      1.6026  1.40866  1.40860  1.40851  1.40418  1.41104
  6238.43      1.6030  1.40864  1.40858  1.40849  1.40414  1.41100
  6236.93      1.6034  1.40864  1.40858  1.40848  1.40414  1.41100
  6235.43      1.6037  1.40863  1.40857  1.40847  1.40415  1.41100
  6233.93      1.6041  1.40863  1.40856  1.40847  1.40411  1.41096
  6232.43      1.6045  1.40863  1.40856  1.40847  1.40406  1.41092
  6230.93      1.6049  1.40863  1.40856  1.40847  1.40406  1.41091
  6229.43      1.6053  1.40864  1.40857  1.40848  1.40407  1.41093
  6227.93      1.6057  1.40864  1.40858  1.40849  1.40409  1.41095
  6226.43      1.6061  1.40865  1.40859  1.40850  1.40416  1.41102
  6224.93      1.6064  1.40866  1.40860  1.40851  1.40420  1.41106
  6223.43      1.6068  1.40867  1.40861  1.40851  1.40421  1.41107
  6221.93      1.6072  1.40868  1.40862  1.40853  1.40423  1.41109
  6220.43      1.6076  1.40868  1.40862  1.40853  1.40425  1.41111
  6218.93      1.6080  1.40869  1.40863  1.40854  1.40425  1.41111
  6217.43      1.6084  1.40869  1.40863  1.40854  1.40414  1.41100
  6215.93      1.6088  1.40868  1.40862  1.40853  1.40401  1.41087
  6214.43      1.6092  1.40868  1.40862  1.40853  1.40412  1.41098
  6212.92      1.6095  1.40867  1.40860  1.40851  1.40424  1.41110
  6211.42      1.6099  1.40864  1.40859  1.40849  1.40426  1.41112
  6209.92      1.6103  1.40862  1.40855  1.40846  1.40423  1.41109
  6208.42      1.6107  1.40857  1.40851  1.40842  1.40426  1.41112
  6206.92      1.6111  1.40852  1.40845  1.40836  1.40416  1.41102
  6205.42      1.6115  1.40846  1.40840  1.40831  1.40400  1.41085
  6203.92      1.6119  1.40840  1.40834  1.40825  1.40386  1.41071
  6202.42      1.6123  1.40835  1.40828  1.40819  1.40377  1.41062
  6200.92      1.6127  1.40829  1.40822  1.40813  1.40367  1.41051
  6199.42      1.6131  1.40824  1.40818  1.40808  1.40358  1.41042
  6197.92      1.6134  1.40820  1.40814  1.40805  1.40355  1.41040
  6196.42      1.6138  1.40818  1.40812  1.40803  1.40362  1.41047
  6194.92      1.6142  1.40817  1.40811  1.40802  1.40366  1.41051
  6193.42      1.6146  1.40817  1.40811  1.40802  1.40364  1.41049
  6191.92      1.6150  1.40819  1.40813  1.40804  1.40362  1.41046
  6190.42      1.6154  1.40822  1.40815  1.40806  1.40375  1.41059
  6188.92      1.6158  1.40825  1.40818  1.40809  1.40376  1.41061
  6187.42      1.6162  1.40827  1.40821  1.40812  1.40373  1.41058
  6185.92      1.6166  1.40830  1.40823  1.40814  1.40375  1.41060
  6184.42      1.6170  1.40831  1.40825  1.40816  1.40376  1.41061
  6182.92      1.6174  1.40832  1.40826  1.40816  1.40386  1.41070
  6181.42      1.6178  1.40833  1.40826  1.40817  1.40402  1.41087
  6179.92      1.6181  1.40832  1.40826  1.40817  1.40413  1.41099
  6178.42      1.6185  1.40831  1.40824  1.40815  1.40407  1.41092
  6176.92      1.6189  1.40828  1.40822  1.40812  1.40379  1.41064
  6175.42      1.6193  1.40825  1.40819  1.40810  1.40353  1.41037
  6173.92      1.6197  1.40823  1.40817  1.40808  1.40346  1.41030
  6172.42      1.6201  1.40821  1.40815  1.40806  1.40351  1.41036
  6170.92      1.6205  1.40820  1.40814  1.40805  1.40369  1.41053
  6169.42      1.6209  1.40820  1.40814  1.40804  1.40382  1.41067
  6167.92      1.6213  1.40820  1.40813  1.40804  1.40382  1.41067
  6166.42      1.6217  1.40820  1.40813  1.40804  1.40374  1.41059
  6164.92      1.6221  1.40821  1.40815  1.40806  1.40362  1.41047
  6163.42      1.6225  1.40823  1.40817  1.40807  1.40359  1.41044
  6161.92      1.6229  1.40825  1.40819  1.40810  1.40368  1.41053
  6160.42      1.6233  1.40827  1.40820  1.40811  1.40376  1.41061
  6158.92      1.6237  1.40829  1.40822  1.40813  1.40379  1.41064
  6157.42      1.6241  1.40830  1.40823  1.40814  1.40384  1.41069
  6155.92      1.6245  1.40830  1.40823  1.40814  1.40391  1.41076
  6154.42      1.6248  1.40828  1.40822  1.40813  1.40394  1.41079
  6152.92      1.6252  1.40827  1.40821  1.40812  1.40392  1.41077
  6151.42      1.6256  1.40824  1.40818  1.40808  1.40386  1.41071
  6149.92      1.6260  1.40819  1.40813  1.40804  1.40376  1.41061
  6148.42      1.6264  1.40814  1.40808  1.40799  1.40367  1.41052
  6146.92      1.6268  1.40809  1.40803  1.40794  1.40358  1.41043
  6145.42      1.6272  1.40804  1.40798  1.40788  1.40345  1.41030
  6143.92      1.6276  1.40799  1.40793  1.40784  1.40332  1.41016
  6142.42      1.6280  1.40796  1.40790  1.40781  1.40332  1.41017
  6140.92      1.6284  1.40793  1.40787  1.40778  1.40335  1.41019
  6139.42      1.6288  1.40792  1.40786  1.40777  1.40336  1.41020
  6137.92      1.6292  1.40791  1.40785  1.40776  1.40339  1.41023
  6136.42      1.6296  1.40791  1.40785  1.40776  1.40347  1.41032
  6134.92      1.6300  1.40792  1.40786  1.40776  1.40347  1.41031
  6133.42      1.6304  1.40792  1.40786  1.40777  1.40345  1.41029
  6131.92      1.6308  1.40794  1.40787  1.40778  1.40347  1.41031
  6130.42      1.6312  1.40794  1.40788  1.40779  1.40343  1.41028
  6128.92      1.6316  1.40794  1.40788  1.40779  1.40339  1.41023
  6127.42      1.6320  1.40794  1.40787  1.40778  1.40339  1.41023
  6125.92      1.6324  1.40793  1.40787  1.40777  1.40348  1.41032
  6124.42      1.6328  1.40791  1.40785  1.40776  1.40357  1.41041
  6122.92      1.6332  1.40790  1.40784  1.40775  1.40358  1.41042
  6121.42      1.6336  1.40788  1.40782  1.40773  1.40349  1.41033
  6119.92      1.6340  1.40787  1.40780  1.40771  1.40333  1.41017
  6118.42      1.6344  1.40784  1.40778  1.40769  1.40317  1.41001
  6116.92      1.6348  1.40784  1.40776  1.40767  1.40314  1.40998
  6115.42      1.6352  1.40782  1.40776  1.40767  1.40319  1.41003
  6113.92      1.6356  1.40782  1.40775  1.40766  1.40329  1.41012
  6112.42      1.6360  1.40781  1.40775  1.40766  1.40342  1.41026
  6110.92      1.6364  1.40780  1.40774  1.40765  1.40349  1.41034
  6109.42      1.6368  1.40780  1.40774  1.40764  1.40343  1.41027
  6107.92      1.6372  1.40778  1.40772  1.40763  1.40328  1.41012
  6106.42      1.6376  1.40778  1.40771  1.40762  1.40324  1.41008
  6104.92      1.6380  1.40776  1.40769  1.40760  1.40326  1.41010
  6103.42      1.6384  1.40774  1.40767  1.40758  1.40324  1.41008
  6101.92      1.6388  1.40772  1.40766  1.40757  1.40316  1.40999
  6100.42      1.6392  1.40770  1.40763  1.40754  1.40317  1.41001
  6098.92      1.6396  1.40767  1.40761  1.40752  1.40321  1.41005
  6097.42      1.6400  1.40765  1.40759  1.40749  1.40318  1.41001
  6095.92      1.6404  1.40764  1.40758  1.40748  1.40311  1.40994
  6094.42      1.6408  1.40763  1.40757  1.40747  1.40319  1.41002
  6092.92      1.6413  1.40763  1.40756  1.40747  1.40321  1.41005
  6091.42      1.6417  1.40762  1.40756  1.40747  1.40308  1.40992
  6089.92      1.6421  1.40762  1.40756  1.40747  1.40289  1.40972
  6088.42      1.6425  1.40764  1.40758  1.40748  1.40294  1.40977
  6086.92      1.6429  1.40766  1.40760  1.40750  1.40313  1.40996
  6085.42      1.6433  1.40768  1.40761  1.40752  1.40329  1.41013
  6083.92      1.6437  1.40769  1.40763  1.40753  1.40335  1.41019
  6082.42      1.6441  1.40769  1.40763  1.40753  1.40332  1.41016
  6080.92      1.6445  1.40767  1.40761  1.40752  1.40328  1.41012
  6079.42      1.6449  1.40766  1.40759  1.40750  1.40328  1.41012
  6077.92      1.6453  1.40763  1.40757  1.40747  1.40330  1.41014
  6076.42      1.6457  1.40760  1.40753  1.40744  1.40323  1.41006
  6074.91      1.6461  1.40756  1.40750  1.40740  1.40305  1.40989
  6073.41      1.6465  1.40753  1.40747  1.40737  1.40285  1.40969
  6071.91      1.6469  1.40751  1.40744  1.40735  1.40273  1.40956
  6070.41      1.6473  1.40750  1.40744  1.40735  1.40273  1.40956
  6068.91      1.6477  1.40752  1.40745  1.40735  1.40284  1.40967
  6067.41      1.6481  1.40754  1.40748  1.40739  1.40299  1.40982
  6065.91      1.6486  1.40758  1.40751  1.40742  1.40313  1.40996
  6064.41      1.6490  1.40761  1.40755  1.40745  1.40322  1.41005
  6062.91      1.6494  1.40764  1.40757  1.40748  1.40331  1.41015
  6061.41      1.6498  1.40765  1.40759  1.40749  1.40335  1.41018
  6059.91      1.6502  1.40765  1.40759  1.40749  1.40331  1.41014
  6058.41      1.6506  1.40764  1.40758  1.40749  1.40327  1.41011
  6056.91      1.6510  1.40762  1.40754  1.40746  1.40325  1.41009
  6055.41      1.6514  1.40757  1.40751  1.40741  1.40319  1.41003
  6053.91      1.6518  1.40752  1.40746  1.40737  1.40304  1.40987
  6052.41      1.6522  1.40748  1.40742  1.40732  1.40282  1.40966
  6050.91      1.6526  1.40744  1.40737  1.40728  1.40272  1.40955
  6049.41      1.6531  1.40740  1.40734  1.40725  1.40275  1.40958
  6047.91      1.6535  1.40738  1.40732  1.40722  1.40283  1.40966
  6046.41      1.6539  1.40736  1.40730  1.40721  1.40286  1.40969
  6044.91      1.6543  1.40736  1.40730  1.40721  1.40289  1.40973
  6043.41      1.6547  1.40737  1.40730  1.40721  1.40293  1.40977
  6041.91      1.6551  1.40737  1.40731  1.40721  1.40295  1.40978
  6040.41      1.6555  1.40737  1.40731  1.40722  1.40287  1.40970
  6038.91      1.6559  1.40737  1.40731  1.40722  1.40275  1.40958
  6037.41      1.6563  1.40737  1.40731  1.40722  1.40279  1.40961
  6035.91      1.6568  1.40737  1.40731  1.40722  1.40300  1.40983
  6034.41      1.6572  1.40737  1.40730  1.40721  1.40310  1.40994
  6032.91      1.6576  1.40735  1.40729  1.40719  1.40303  1.40987
  6031.41      1.6580  1.40734  1.40728  1.40718  1.40284  1.40968
  6029.91      1.6584  1.40732  1.40726  1.40716  1.40267  1.40950
  6028.41      1.6588  1.40731  1.40725  1.40715  1.40268  1.40951
  6026.91      1.6592  1.40730  1.40723  1.40714  1.40272  1.40955
  6025.41      1.6596  1.40728  1.40723  1.40713  1.40274  1.40957
  6023.91      1.6601  1.40728  1.40722  1.40712  1.40278  1.40961
  6022.41      1.6605  1.40727  1.40721  1.40711  1.40293  1.40976
  6020.91      1.6609  1.40727  1.40721  1.40711  1.40298  1.40982
  6019.41      1.6613  1.40726  1.40720  1.40710  1.40283  1.40966
  6017.91      1.6617  1.40725  1.40719  1.40710  1.40260  1.40942
  6016.41      1.6621  1.40725  1.40718  1.40709  1.40260  1.40943
  6014.91      1.6625  1.40725  1.40718  1.40709  1.40268  1.40950
  6013.41      1.6629  1.40725  1.40718  1.40709  1.40277  1.40960
  6011.91      1.6634  1.40725  1.40718  1.40709  1.40285  1.40968
  6010.41      1.6638  1.40725  1.40718  1.40709  1.40284  1.40967
  6008.91      1.6642  1.40725  1.40718  1.40709  1.40276  1.40958
  6007.41      1.6646  1.40725  1.40719  1.40709  1.40272  1.40955
  6005.91      1.6650  1.40725  1.40719  1.40709  1.40275  1.40958
  6004.41      1.6654  1.40725  1.40719  1.40709  1.40273  1.40956
  6002.91      1.6659  1.40724  1.40718  1.40709  1.40274  1.40957
  6001.41      1.6663  1.40724  1.40718  1.40709  1.40281  1.40963
  5999.91      1.6667  1.40723  1.40717  1.40708  1.40288  1.40971
  5998.41      1.6671  1.40723  1.40716  1.40706  1.40281  1.40964
  5996.91      1.6675  1.40721  1.40715  1.40706  1.40267  1.40949
  5995.41      1.6679  1.40720  1.40714  1.40704  1.40258  1.40941
  5993.91      1.6684  1.40719  1.40713  1.40703  1.40263  1.40946
  5992.41      1.6688  1.40717  1.40711  1.40702  1.40272  1.40955
  5990.91      1.6692  1.40716  1.40710  1.40701  1.40273  1.40956
  5989.41      1.6696  1.40713  1.40707  1.40698  1.40273  1.40956
  5987.91      1.6700  1.40711  1.40705  1.40696  1.40275  1.40958
  5986.41      1.6705  1.40708  1.40702  1.40693  1.40268  1.40951
  5984.91      1.6709  1.40705  1.40699  1.40690  1.40256  1.40939
  5983.41      1.6713  1.40702  1.40696  1.40687  1.40243  1.40926
  5981.91      1.6717  1.40698  1.40692  1.40683  1.40237  1.40920
  5980.41      1.6721  1.40695  1.40689  1.40679  1.40245  1.40927
  5978.91      1.6725  1.40691  1.40685  1.40676  1.40251  1.40934
  5977.41      1.6730  1.40688  1.40681  1.40671  1.40250  1.40933
  5975.91      1.6734  1.40684  1.40677  1.40668  1.40241  1.40924
  5974.41      1.6738  1.40681  1.40675  1.40665  1.40228  1.40910
  5972.91      1.6742  1.40678  1.40672  1.40663  1.40218  1.40900
  5971.41      1.6746  1.40677  1.40670  1.40661  1.40211  1.40893
  5969.91      1.6751  1.40676  1.40670  1.40661  1.40211  1.40892
  5968.41      1.6755  1.40676  1.40669  1.40660  1.40225  1.40907
  5966.91      1.6759  1.40676  1.40669  1.40660  1.40232  1.40914
  5965.41      1.6763  1.40676  1.40669  1.40660  1.40235  1.40917
  5963.91      1.6768  1.40676  1.40669  1.40660  1.40238  1.40920
  5962.41      1.6772  1.40675  1.40669  1.40660  1.40236  1.40919
  5960.91      1.6776  1.40675  1.40669  1.40660  1.40230  1.40912
  5959.41      1.6780  1.40674  1.40668  1.40658  1.40221  1.40903
  5957.91      1.6784  1.40673  1.40667  1.40658  1.40216  1.40898
  5956.41      1.6789  1.40672  1.40666  1.40657  1.40224  1.40906
  5954.91      1.6793  1.40671  1.40665  1.40655  1.40227  1.40909
  5953.41      1.6797  1.40670  1.40664  1.40655  1.40221  1.40903
  5951.91      1.6801  1.40669  1.40663  1.40653  1.40214  1.40896
  5950.41      1.6806  1.40668  1.40662  1.40653  1.40218  1.40900
  5948.91      1.6810  1.40667  1.40661  1.40652  1.40222  1.40904
  5947.41      1.6814  1.40666  1.40660  1.40651  1.40223  1.40905
  5945.91      1.6818  1.40664  1.40658  1.40649  1.40221  1.40903
  5944.40      1.6823  1.40663  1.40656  1.40647  1.40219  1.40901
  5942.90      1.6827  1.40660  1.40654  1.40645  1.40218  1.40900
  5941.40      1.6831  1.40658  1.40652  1.40642  1.40214  1.40895
  5939.90      1.6835  1.40656  1.40650  1.40640  1.40205  1.40887
  5938.40      1.6840  1.40653  1.40647  1.40638  1.40197  1.40879
  5936.90      1.6844  1.40652  1.40646  1.40636  1.40195  1.40876
  5935.40      1.6848  1.40650  1.40644  1.40634  1.40193  1.40874
  5933.90      1.6852  1.40649  1.40642  1.40633  1.40193  1.40875
  5932.40      1.6857  1.40646  1.40640  1.40631  1.40203  1.40884
  5930.90      1.6861  1.40644  1.40638  1.40629  1.40204  1.40886
  5929.40      1.6865  1.40642  1.40636  1.40626  1.40205  1.40887
  5927.90      1.6869  1.40639  1.40633  1.40624  1.40209  1.40891
  5926.40      1.6874  1.40636  1.40630  1.40621  1.40204  1.40886
  5924.90      1.6878  1.40632  1.40626  1.40616  1.40184  1.40865
  5923.40      1.6882  1.40627  1.40621  1.40612  1.40162  1.40843
  5921.90      1.6886  1.40624  1.40618  1.40608  1.40153  1.40833
  5920.40      1.6891  1.40622  1.40616  1.40607  1.40161  1.40842
  5918.90      1.6895  1.40620  1.40614  1.40605  1.40168  1.40849
  5917.40      1.6899  1.40620  1.40614  1.40604  1.40173  1.40854
  5915.90      1.6904  1.40620  1.40614  1.40605  1.40176  1.40857
  5914.40      1.6908  1.40621  1.40615  1.40605  1.40168  1.40848
  5912.90      1.6912  1.40621  1.40615  1.40606  1.40167  1.40847
  5911.40      1.6916  1.40622  1.40616  1.40607  1.40173  1.40854
  5909.90      1.6921  1.40623  1.40616  1.40607  1.40182  1.40863
  5908.40      1.6925  1.40622  1.40616  1.40606  1.40192  1.40873
  5906.90      1.6929  1.40621  1.40614  1.40605  1.40194  1.40876
  5905.40      1.6934  1.40618  1.40612  1.40602  1.40184  1.40866
  5903.90      1.6938  1.40615  1.40609  1.40599  1.40164  1.40845
  5902.40      1.6942  1.40611  1.40605  1.40595  1.40149  1.40830
  5900.90      1.6947  1.40607  1.40601  1.40592  1.40153  1.40834
  5899.40      1.6951  1.40603  1.40597  1.40588  1.40156  1.40837
  5897.90      1.6955  1.40599  1.40593  1.40584  1.40148  1.40829
  5896.40      1.6959  1.40595  1.40589  1.40580  1.40146  1.40826
  5894.90      1.6964  1.40593  1.40587  1.40577  1.40150  1.40831
  5893.40      1.6968  1.40591  1.40585  1.40575  1.40148  1.40828
  5891.90      1.6972  1.40589  1.40582  1.40573  1.40134  1.40814
  5890.40      1.6977  1.40588  1.40581  1.40571  1.40124  1.40804
  5888.90      1.6981  1.40586  1.40580  1.40571  1.40129  1.40809
  5887.40      1.6985  1.40585  1.40579  1.40569  1.40140  1.40821
  5885.90      1.6990  1.40584  1.40578  1.40569  1.40149  1.40829
  5884.40      1.6994  1.40582  1.40576  1.40567  1.40149  1.40829
  5882.90      1.6998  1.40581  1.40575  1.40566  1.40139  1.40820
  5881.40      1.7003  1.40579  1.40573  1.40564  1.40127  1.40807
  5879.90      1.7007  1.40578  1.40572  1.40563  1.40124  1.40804
  5878.40      1.7011  1.40577  1.40571  1.40562  1.40134  1.40814
  5876.90      1.7016  1.40576  1.40570  1.40561  1.40128  1.40808
  5875.40      1.7020  1.40575  1.40568  1.40559  1.40115  1.40795
  5873.90      1.7024  1.40573  1.40567  1.40557  1.40111  1.40790
  5872.40      1.7029  1.40572  1.40566  1.40557  1.40125  1.40805
  5870.90      1.7033  1.40571  1.40565  1.40556  1.40138  1.40819
  5869.40      1.7038  1.40570  1.40564  1.40555  1.40140  1.40821
  5867.90      1.7042  1.40567  1.40561  1.40552  1.40132  1.40812
  5866.40      1.7046  1.40564  1.40558  1.40549  1.40125  1.40805
  5864.90      1.7051  1.40561  1.40555  1.40546  1.40112  1.40792
  5863.40      1.7055  1.40558  1.40552  1.40542  1.40102  1.40781
  5861.90      1.7059  1.40555  1.40548  1.40539  1.40100  1.40780
  5860.40      1.7064  1.40552  1.40545  1.40536  1.40103  1.40783
  5858.90      1.7068  1.40549  1.40543  1.40533  1.40103  1.40782
  5857.40      1.7072  1.40546  1.40540  1.40531  1.40097  1.40777
  5855.90      1.7077  1.40545  1.40539  1.40529  1.40090  1.40769
  5854.40      1.7081  1.40543  1.40537  1.40527  1.40088  1.40767
  5852.90      1.7086  1.40543  1.40536  1.40527  1.40089  1.40768
  5851.40      1.7090  1.40543  1.40536  1.40527  1.40095  1.40774
  5849.90      1.7094  1.40543  1.40536  1.40527  1.40104  1.40783
  5848.40      1.7099  1.40543  1.40537  1.40527  1.40108  1.40788
  5846.90      1.7103  1.40543  1.40537  1.40527  1.40100  1.40779
  5845.40      1.7107  1.40543  1.40537  1.40527  1.40087  1.40767
  5843.90      1.7112  1.40543  1.40537  1.40528  1.40082  1.40761
  5842.40      1.7116  1.40544  1.40538  1.40528  1.40090  1.40769
  5840.90      1.7121  1.40544  1.40538  1.40529  1.40106  1.40785
  5839.40      1.7125  1.40544  1.40538  1.40528  1.40112  1.40792
  5837.90      1.7129  1.40543  1.40537  1.40528  1.40104  1.40784
  5836.40      1.7134  1.40543  1.40537  1.40527  1.40096  1.40776
  5834.90      1.7138  1.40542  1.40536  1.40526  1.40094  1.40773
  5833.40      1.7143  1.40541  1.40535  1.40526  1.40093  1.40772
  5831.90      1.7147  1.40541  1.40535  1.40525  1.40091  1.40770
  5830.40      1.7151  1.40539  1.40533  1.40523  1.40089  1.40768
  5828.90      1.7156  1.40538  1.40532  1.40522  1.40086  1.40765
  5827.40      1.7160  1.40535  1.40529  1.40519  1.40090  1.40770
  5825.90      1.7165  1.40533  1.40527  1.40517  1.40100  1.40779
  5824.40      1.7169  1.40530  1.40524  1.40514  1.40099  1.40779
  5822.90      1.7174  1.40527  1.40521  1.40511  1.40089  1.40769
  5821.40      1.7178  1.40522  1.40516  1.40507  1.40075  1.40755
  5819.90      1.7182  1.40518  1.40512  1.40503  1.40064  1.40743
  5818.40      1.7187  1.40515  1.40509  1.40499  1.40062  1.40740
  5816.90      1.7191  1.40511  1.40505  1.40496  1.40061  1.40740
  5815.40      1.7196  1.40507  1.40501  1.40491  1.40057  1.40735
  5813.90      1.7200  1.40503  1.40497  1.40487  1.40050  1.40729
  5812.40      1.7205  1.40500  1.40494  1.40484  1.40049  1.40728
  5810.90      1.7209  1.40497  1.40491  1.40482  1.40052  1.40731
  5809.40      1.7213  1.40496  1.40489  1.40479  1.40057  1.40736
  5807.90      1.7218  1.40494  1.40488  1.40478  1.40059  1.40737
  5806.39      1.7222  1.40492  1.40486  1.40476  1.40047  1.40725
  5804.89      1.7227  1.40491  1.40485  1.40475  1.40033  1.40711
  5803.39      1.7231  1.40490  1.40484  1.40474  1.40023  1.40701
  5801.89      1.7236  1.40490  1.40483  1.40474  1.40027  1.40704
  5800.39      1.7240  1.40489  1.40483  1.40474  1.40047  1.40726
  5798.89      1.7245  1.40489  1.40483  1.40474  1.40057  1.40736
  5797.39      1.7249  1.40489  1.40483  1.40473  1.40058  1.40736
  5795.89      1.7254  1.40489  1.40482  1.40473  1.40056  1.40734
  5794.39      1.7258  1.40488  1.40482  1.40472  1.40049  1.40728
  5792.89      1.7263  1.40488  1.40482  1.40472  1.40033  1.40711
  5791.39      1.7267  1.40488  1.40482  1.40472  1.40019  1.40697
  5789.89      1.7271  1.40488  1.40482  1.40472  1.40021  1.40699
  5788.39      1.7276  1.40488  1.40482  1.40473  1.40041  1.40719
  5786.89      1.7280  1.40488  1.40482  1.40473  1.40051  1.40730
  5785.39      1.7285  1.40488  1.40482  1.40472  1.40052  1.40730
  5783.89      1.7289  1.40487  1.40481  1.40471  1.40052  1.40731
  5782.39      1.7294  1.40486  1.40480  1.40470  1.40057  1.40736
  5780.89      1.7298  1.40483  1.40477  1.40467  1.40050  1.40729
  5779.39      1.7303  1.40479  1.40473  1.40463  1.40036  1.40714
  5777.89      1.7307  1.40474  1.40468  1.40459  1.40025  1.40703
  5776.39      1.7312  1.40469  1.40463  1.40453  1.40019  1.40697
  5774.89      1.7316  1.40463  1.40457  1.40447  1.40018  1.40696
  5773.39      1.7321  1.40457  1.40451  1.40442  1.40017  1.40695
  5771.89      1.7325  1.40451  1.40445  1.40435  1.40009  1.40686
  5770.39      1.7330  1.40446  1.40440  1.40430  1.39995  1.40673
  5768.89      1.7334  1.40442  1.40436  1.40427  1.39985  1.40662
  5767.39      1.7339  1.40440  1.40434  1.40424  1.39980  1.40657
  5765.89      1.7343  1.40439  1.40433  1.40423  1.39978  1.40655
  5764.39      1.7348  1.40439  1.40432  1.40423  1.39977  1.40654
  5762.89      1.7352  1.40439  1.40433  1.40423  1.39978  1.40655
  5761.39      1.7357  1.40439  1.40433  1.40423  1.39991  1.40668
  5759.89      1.7361  1.40440  1.40434  1.40424  1.40013  1.40690
  5758.39      1.7366  1.40441  1.40434  1.40425  1.40024  1.40702
  5756.89      1.7370  1.40440  1.40434  1.40424  1.40023  1.40701
  5755.39      1.7375  1.40439  1.40433  1.40423  1.40006  1.40684
  5753.89      1.7380  1.40436  1.40430  1.40420  1.39983  1.40660
  5752.39      1.7384  1.40433  1.40427  1.40418  1.39969  1.40646
  5750.89      1.7389  1.40431  1.40425  1.40415  1.39963  1.40640
  5749.39      1.7393  1.40429  1.40423  1.40413  1.39971  1.40647
  5747.89      1.7398  1.40428  1.40421  1.40412  1.39986  1.40663
  5746.39      1.7402  1.40426  1.40420  1.40410  1.39993  1.40670
  5744.89      1.7407  1.40426  1.40419  1.40410  1.39985  1.40662
  5743.39      1.7411  1.40425  1.40419  1.40409  1.39977  1.40654
  5741.89      1.7416  1.40425  1.40419  1.40409  1.39976  1.40653
  5740.39      1.7420  1.40425  1.40419  1.40409  1.39974  1.40651
  5738.89      1.7425  1.40425  1.40419  1.40409  1.39976  1.40652
  5737.39      1.7430  1.40426  1.40419  1.40410  1.39983  1.40660
  5735.89      1.7434  1.40425  1.40419  1.40409  1.39991  1.40669
  5734.39      1.7439  1.40425  1.40419  1.40409  1.39986  1.40663
  5732.89      1.7443  1.40425  1.40419  1.40409  1.39978  1.40655
  5731.39      1.7448  1.40425  1.40419  1.40409  1.39974  1.40651
  5729.89      1.7452  1.40425  1.40418  1.40409  1.39973  1.40650
  5728.39      1.7457  1.40424  1.40418  1.40408  1.39973  1.40649
  5726.89      1.7461  1.40423  1.40416  1.40407  1.39977  1.40654
  5725.39      1.7466  1.40421  1.40414  1.40405  1.39987  1.40664
  5723.89      1.7471  1.40419  1.40412  1.40403  1.39995  1.40673
  5722.39      1.7475  1.40415  1.40409  1.40399  1.39989  1.40666
  5720.89      1.7480  1.40410  1.40404  1.40394  1.39972  1.40649
  5719.39      1.7484  1.40405  1.40400  1.40389  1.39954  1.40630
  5717.89      1.7489  1.40400  1.40394  1.40384  1.39942  1.40619
  5716.39      1.7494  1.40394  1.40388  1.40378  1.39939  1.40615
  5714.89      1.7498  1.40390  1.40383  1.40374  1.39942  1.40618
  5713.39      1.7503  1.40384  1.40378  1.40368  1.39944  1.40621
  5711.89      1.7507  1.40379  1.40373  1.40363  1.39943  1.40619
  5710.39      1.7512  1.40376  1.40370  1.40360  1.39932  1.40608
  5708.89      1.7517  1.40372  1.40366  1.40356  1.39918  1.40594
  5707.39      1.7521  1.40372  1.40365  1.40355  1.39909  1.40584
  5705.89      1.7526  1.40372  1.40366  1.40356  1.39908  1.40584
  5704.39      1.7530  1.40373  1.40367  1.40357  1.39917  1.40593
  5702.89      1.7535  1.40376  1.40370  1.40360  1.39923  1.40598
  5701.39      1.7540  1.40379  1.40372  1.40363  1.39925  1.40601
  5699.89      1.7544  1.40382  1.40376  1.40366  1.39933  1.40609
  5698.39      1.7549  1.40386  1.40379  1.40369  1.39955  1.40631
  5696.89      1.7553  1.40389  1.40382  1.40372  1.39965  1.40642
  5695.39      1.7558  1.40391  1.40385  1.40375  1.39964  1.40640
  5693.89      1.7563  1.40391  1.40385  1.40375  1.39957  1.40634
  5692.39      1.7567  1.40391  1.40384  1.40375  1.39952  1.40628
  5690.89      1.7572  1.40390  1.40383  1.40374  1.39944  1.40621
  5689.39      1.7577  1.40387  1.40381  1.40371  1.39939  1.40615
  5687.89      1.7581  1.40385  1.40379  1.40369  1.39937  1.40613
  5686.39      1.7586  1.40382  1.40376  1.40366  1.39934  1.40610
  5684.89      1.7591  1.40379  1.40373  1.40363  1.39932  1.40608
  5683.39      1.7595  1.40377  1.40371  1.40361  1.39930  1.40606
  5681.89      1.7600  1.40374  1.40368  1.40358  1.39930  1.40605
  5680.39      1.7604  1.40372  1.40366  1.40356  1.39935  1.40611
  5678.89      1.7609  1.40369  1.40363  1.40353  1.39927  1.40603
  5677.39      1.7614  1.40367  1.40361  1.40351  1.39918  1.40594
  5675.88      1.7618  1.40364  1.40358  1.40348  1.39918  1.40594
  5674.38      1.7623  1.40362  1.40356  1.40346  1.39918  1.40594
  5672.88      1.7628  1.40361  1.40355  1.40345  1.39923  1.40599
  5671.38      1.7632  1.40359  1.40353  1.40343  1.39920  1.40596
  5669.88      1.7637  1.40358  1.40352  1.40342  1.39905  1.40580
  5668.38      1.7642  1.40357  1.40351  1.40341  1.39891  1.40566
  5666.88      1.7646  1.40357  1.40351  1.40341  1.39894  1.40569
  5665.38      1.7651  1.40358  1.40352  1.40342  1.39908  1.40583
  5663.88      1.7656  1.40358  1.40352  1.40342  1.39924  1.40599
  5662.38      1.7660  1.40359  1.40352  1.40342  1.39933  1.40609
  5660.88      1.7665  1.40357  1.40352  1.40342  1.39933  1.40609
  5659.38      1.7670  1.40357  1.40350  1.40340  1.39923  1.40599
  5657.88      1.7674  1.40354  1.40348  1.40338  1.39909  1.40585
  5656.38      1.7679  1.40353  1.40346  1.40337  1.39901  1.40576
  5654.88      1.7684  1.40349  1.40344  1.40333  1.39902  1.40577
  5653.38      1.7689  1.40347  1.40340  1.40330  1.39901  1.40577
  5651.88      1.7693  1.40344  1.40337  1.40327  1.39895  1.40570
  5650.38      1.7698  1.40341  1.40334  1.40325  1.39894  1.40569
  5648.88      1.7703  1.40338  1.40332  1.40322  1.39894  1.40569
  5647.38      1.7707  1.40335  1.40329  1.40319  1.39892  1.40568
  5645.88      1.7712  1.40333  1.40326  1.40316  1.39891  1.40566
  5644.38      1.7717  1.40330  1.40323  1.40314  1.39889  1.40565
  5642.88      1.7721  1.40326  1.40320  1.40310  1.39884  1.40559
  5641.38      1.7726  1.40322  1.40316  1.40306  1.39881  1.40556
  5639.88      1.7731  1.40320  1.40314  1.40304  1.39880  1.40555
  5638.38      1.7736  1.40318  1.40311  1.40301  1.39870  1.40545
  5636.88      1.7740  1.40315  1.40310  1.40300  1.39867  1.40542
  5635.38      1.7745  1.40314  1.40308  1.40298  1.39862  1.40536
  5633.88      1.7750  1.40313  1.40306  1.40296  1.39850  1.40524
  5632.38      1.7754  1.40312  1.40306  1.40296  1.39849  1.40524
  5630.88      1.7759  1.40313  1.40306  1.40296  1.39866  1.40540
  5629.38      1.7764  1.40313  1.40307  1.40297  1.39888  1.40562
  5627.88      1.7769  1.40312  1.40306  1.40296  1.39897  1.40573
  5626.38      1.7773  1.40310  1.40304  1.40294  1.39882  1.40557
  5624.88      1.7778  1.40307  1.40301  1.40291  1.39860  1.40535
  5623.38      1.7783  1.40304  1.40298  1.40288  1.39853  1.40527
  5621.88      1.7788  1.40301  1.40295  1.40285  1.39860  1.40535
  5620.38      1.7792  1.40297  1.40291  1.40281  1.39863  1.40538
  5618.88      1.7797  1.40293  1.40287  1.40277  1.39849  1.40524
  5617.38      1.7802  1.40290  1.40283  1.40273  1.39838  1.40512
  5615.88      1.7807  1.40287  1.40281  1.40271  1.39836  1.40510
  5614.38      1.7811  1.40285  1.40279  1.40269  1.39825  1.40499
  5612.88      1.7816  1.40285  1.40279  1.40269  1.39820  1.40494
  5611.38      1.7821  1.40287  1.40281  1.40271  1.39827  1.40501
  5609.88      1.7826  1.40290  1.40283  1.40273  1.39841  1.40515
  5608.38      1.7830  1.40293  1.40287  1.40276  1.39853  1.40527
  5606.88      1.7835  1.40296  1.40290  1.40280  1.39857  1.40531
  5605.38      1.7840  1.40299  1.40293  1.40282  1.39862  1.40536
  5603.88      1.7845  1.40301  1.40295  1.40285  1.39871  1.40545
  5602.38      1.7850  1.40302  1.40295  1.40285  1.39873  1.40547
  5600.88      1.7854  1.40300  1.40294  1.40284  1.39872  1.40547
  5599.38      1.7859  1.40297  1.40291  1.40281  1.39868  1.40543
  5597.88      1.7864  1.40293  1.40287  1.40277  1.39861  1.40535
  5596.38      1.7869  1.40289  1.40282  1.40272  1.39851  1.40525
  5594.88      1.7873  1.40283  1.40277  1.40267  1.39839  1.40513
  5593.38      1.7878  1.40278  1.40271  1.40262  1.39824  1.40498
  5591.88      1.7883  1.40273  1.40267  1.40257  1.39810  1.40484
  5590.38      1.7888  1.40270  1.40263  1.40253  1.39812  1.40485
  5588.88      1.7893  1.40267  1.40261  1.40250  1.39810  1.40484
  5587.38      1.7897  1.40265  1.40258  1.40248  1.39812  1.40485
  5585.88      1.7902  1.40264  1.40258  1.40248  1.39821  1.40495
  5584.38      1.7907  1.40263  1.40257  1.40247  1.39831  1.40504
  5582.88      1.7912  1.40263  1.40256  1.40246  1.39827  1.40500
  5581.38      1.7917  1.40262  1.40255  1.40245  1.39819  1.40492
  5579.88      1.7922  1.40261  1.40254  1.40244  1.39819  1.40492
  5578.38      1.7926  1.40260  1.40254  1.40244  1.39830  1.40503
  5576.88      1.7931  1.40258  1.40252  1.40242  1.39819  1.40493
  5575.38      1.7936  1.40257  1.40251  1.40241  1.39803  1.40476
  5573.88      1.7941  1.40255  1.40249  1.40239  1.39798  1.40472
  5572.38      1.7946  1.40255  1.40249  1.40238  1.39805  1.40478
  5570.88      1.7950  1.40255  1.40249  1.40238  1.39814  1.40487
  5569.38      1.7955  1.40255  1.40249  1.40239  1.39815  1.40489
  5567.88      1.7960  1.40255  1.40249  1.40239  1.39808  1.40481
  5566.38      1.7965  1.40255  1.40249  1.40238  1.39803  1.40476
  5564.88      1.7970  1.40255  1.40249  1.40239  1.39808  1.40481
  5563.38      1.7975  1.40255  1.40249  1.40239  1.39820  1.40493
  5561.88      1.7980  1.40255  1.40248  1.40238  1.39830  1.40504
  5560.38      1.7984  1.40252  1.40245  1.40235  1.39828  1.40502
  5558.88      1.7989  1.40248  1.40242  1.40232  1.39812  1.40486
  5557.38      1.7994  1.40244  1.40238  1.40228  1.39799  1.40472
  5555.88      1.7999  1.40241  1.40234  1.40224  1.39796  1.40469
  5554.38      1.8004  1.40237  1.40231  1.40221  1.39793  1.40466
  5552.88      1.8009  1.40234  1.40227  1.40217  1.39788  1.40461
  5551.38      1.8014  1.40231  1.40225  1.40214  1.39778  1.40451
  5549.88      1.8018  1.40228  1.40222  1.40212  1.39767  1.40440
  5548.38      1.8023  1.40228  1.40221  1.40211  1.39764  1.40436
  5546.88      1.8028  1.40228  1.40222  1.40212  1.39773  1.40446
  5545.38      1.8033  1.40229  1.40223  1.40212  1.39787  1.40459
  5543.88      1.8038  1.40230  1.40224  1.40214  1.39798  1.40471
  5542.38      1.8043  1.40232  1.40225  1.40214  1.39808  1.40481
  5540.88      1.8048  1.40232  1.40225  1.40215  1.39801  1.40474
  5539.38      1.8053  1.40232  1.40225  1.40215  1.39788  1.40461
  5537.87      1.8057  1.40231  1.40225  1.40215  1.39786  1.40459
  5536.37      1.8062  1.40230  1.40223  1.40213  1.39795  1.40468
  5534.87      1.8067  1.40228  1.40222  1.40212  1.39786  1.40459
  5533.37      1.8072  1.40225  1.40218  1.40208  1.39774  1.40447
  5531.87      1.8077  1.40222  1.40215  1.40205  1.39775  1.40448
  5530.37      1.8082  1.40219  1.40213  1.40202  1.39785  1.40457
  5528.87      1.8087  1.40217  1.40210  1.40200  1.39782  1.40455
  5527.37      1.8092  1.40214  1.40208  1.40198  1.39775  1.40448
  5525.87      1.8097  1.40212  1.40206  1.40195  1.39767  1.40440
  5524.37      1.8102  1.40211  1.40204  1.40194  1.39751  1.40423
  5522.87      1.8107  1.40210  1.40204  1.40193  1.39743  1.40415
  5521.37      1.8111  1.40211  1.40204  1.40194  1.39751  1.40423
  5519.87      1.8116  1.40212  1.40206  1.40195  1.39770  1.40442
  5518.37      1.8121  1.40213  1.40206  1.40196  1.39781  1.40453
  5516.87      1.8126  1.40213  1.40207  1.40196  1.39784  1.40457
  5515.37      1.8131  1.40212  1.40206  1.40196  1.39780  1.40453
  5513.87      1.8136  1.40211  1.40204  1.40194  1.39775  1.40448
  5512.37      1.8141  1.40208  1.40202  1.40192  1.39779  1.40452
  5510.87      1.8146  1.40207  1.40200  1.40190  1.39780  1.40453
  5509.37      1.8151  1.40203  1.40197  1.40187  1.39771  1.40444
  5507.87      1.8156  1.40199  1.40192  1.40182  1.39751  1.40423
  5506.37      1.8161  1.40195  1.40189  1.40179  1.39722  1.40394
  5504.87      1.8166  1.40193  1.40187  1.40177  1.39716  1.40388
  5503.37      1.8171  1.40191  1.40185  1.40175  1.39735  1.40406
  5501.87      1.8176  1.40190  1.40184  1.40174  1.39759  1.40431
  5500.37      1.8181  1.40188  1.40182  1.40172  1.39759  1.40431
  5498.87      1.8186  1.40186  1.40179  1.40169  1.39757  1.40429
  5497.37      1.8191  1.40184  1.40178  1.40168  1.39761  1.40434
  5495.87      1.8195  1.40182  1.40176  1.40166  1.39763  1.40435
  5494.37      1.8200  1.40181  1.40175  1.40165  1.39736  1.40408
  5492.87      1.8205  1.40180  1.40173  1.40163  1.39710  1.40381
  5491.37      1.8210  1.40180  1.40173  1.40163  1.39702  1.40373
  5489.87      1.8215  1.40181  1.40174  1.40164  1.39713  1.40384
  5488.37      1.8220  1.40182  1.40177  1.40167  1.39728  1.40400
  5486.87      1.8225  1.40185  1.40178  1.40168  1.39743  1.40415
  5485.37      1.8230  1.40186  1.40180  1.40169  1.39757  1.40430
  5483.87      1.8235  1.40185  1.40179  1.40169  1.39769  1.40442
  5482.37      1.8240  1.40183  1.40177  1.40167  1.39771  1.40443
  5480.87      1.8245  1.40180  1.40174  1.40164  1.39769  1.40442
  5479.37      1.8250  1.40176  1.40170  1.40160  1.39764  1.40436
  5477.87      1.8255  1.40171  1.40164  1.40154  1.39747  1.40420
  5476.37      1.8260  1.40163  1.40157  1.40147  1.39709  1.40381
  5474.87      1.8265  1.40156  1.40150  1.40140  1.39665  1.40336
  5473.37      1.8270  1.40151  1.40144  1.40134  1.39647  1.40317
  5471.87      1.8275  1.40147  1.40141  1.40131  1.39669  1.40339
  5470.37      1.8280  1.40144  1.40138  1.40128  1.39714  1.40385
  5468.87      1.8285  1.40142  1.40136  1.40125  1.39742  1.40414
  5467.37      1.8290  1.40139  1.40132  1.40122  1.39734  1.40407
  5465.87      1.8295  1.40136  1.40130  1.40120  1.39703  1.40374
  5464.37      1.8300  1.40135  1.40128  1.40118  1.39686  1.40358
  5462.87      1.8305  1.40133  1.40127  1.40117  1.39681  1.40352
  5461.37      1.8310  1.40133  1.40126  1.40115  1.39675  1.40346
  5459.87      1.8315  1.40131  1.40125  1.40115  1.39665  1.40335
  5458.37      1.8320  1.40131  1.40125  1.40114  1.39664  1.40335
  5456.87      1.8326  1.40131  1.40125  1.40114  1.39680  1.40350
  5455.37      1.8331  1.40132  1.40126  1.40116  1.39699  1.40370
  5453.87      1.8336  1.40133  1.40127  1.40116  1.39710  1.40381
  5452.37      1.8341  1.40134  1.40128  1.40118  1.39708  1.40379
  5450.87      1.8346  1.40134  1.40128  1.40118  1.39706  1.40378
  5449.37      1.8351  1.40134  1.40128  1.40117  1.39701  1.40373
  5447.87      1.8356  1.40133  1.40127  1.40117  1.39690  1.40361
  5446.37      1.8361  1.40133  1.40127  1.40116  1.39678  1.40349
  5444.87      1.8366  1.40132  1.40126  1.40115  1.39679  1.40350
  5443.37      1.8371  1.40131  1.40125  1.40115  1.39682  1.40353
  5441.87      1.8376  1.40130  1.40123  1.40113  1.39680  1.40351
  5440.37      1.8381  1.40129  1.40123  1.40112  1.39676  1.40346
  5438.87      1.8386  1.40127  1.40121  1.40110  1.39690  1.40361
  5437.37      1.8391  1.40125  1.40118  1.40108  1.39712  1.40384
  5435.87      1.8396  1.40121  1.40115  1.40105  1.39717  1.40388
  5434.37      1.8401  1.40118  1.40111  1.40101  1.39688  1.40360
  5432.87      1.8406  1.40113  1.40107  1.40097  1.39669  1.40340
  5431.37      1.8412  1.40110  1.40104  1.40094  1.39656  1.40327
  5429.87      1.8417  1.40108  1.40101  1.40091  1.39642  1.40312
  5428.37      1.8422  1.40106  1.40100  1.40090  1.39635  1.40305
  5426.87      1.8427  1.40106  1.40100  1.40090  1.39628  1.40298
  5425.37      1.8432  1.40107  1.40101  1.40091  1.39638  1.40308
  5423.87      1.8437  1.40108  1.40102  1.40092  1.39670  1.40341
  5422.37      1.8442  1.40109  1.40103  1.40093  1.39701  1.40372
  5420.87      1.8447  1.40108  1.40101  1.40091  1.39706  1.40377
  5419.37      1.8452  1.40104  1.40098  1.40088  1.39695  1.40367
  5417.87      1.8457  1.40099  1.40093  1.40083  1.39686  1.40357
  5416.37      1.8463  1.40093  1.40087  1.40077  1.39684  1.40356
  5414.87      1.8468  1.40087  1.40081  1.40070  1.39660  1.40331
  5413.37      1.8473  1.40080  1.40074  1.40064  1.39610  1.40280
  5411.87      1.8478  1.40073  1.40067  1.40057  1.39561  1.40230
  5410.37      1.8483  1.40068  1.40062  1.40052  1.39556  1.40225
  5408.87      1.8488  1.40067  1.40061  1.40051  1.39597  1.40266
  5407.36      1.8493  1.40067  1.40061  1.40051  1.39645  1.40315
  5405.86      1.8498  1.40068  1.40062  1.40052  1.39664  1.40335
  5404.36      1.8504  1.40066  1.40060  1.40050  1.39653  1.40324
  5402.86      1.8509  1.40064  1.40058  1.40048  1.39641  1.40311
  5401.36      1.8514  1.40062  1.40056  1.40045  1.39633  1.40303
  5399.86      1.8519  1.40060  1.40054  1.40043  1.39630  1.40300
  5398.36      1.8524  1.40057  1.40051  1.40040  1.39636  1.40307
  5396.86      1.8529  1.40053  1.40047  1.40037  1.39623  1.40293
  5395.36      1.8534  1.40049  1.40042  1.40032  1.39578  1.40247
  5393.86      1.8540  1.40045  1.40039  1.40028  1.39529  1.40197
  5392.36      1.8545  1.40043  1.40037  1.40027  1.39538  1.40206
  5390.86      1.8550  1.40045  1.40038  1.40028  1.39593  1.40262
  5389.36      1.8555  1.40047  1.40040  1.40030  1.39655  1.40325
  5387.86      1.8560  1.40048  1.40042  1.40032  1.39684  1.40355
  5386.36      1.8565  1.40047  1.40041  1.40031  1.39651  1.40322
  5384.86      1.8571  1.40042  1.40036  1.40027  1.39591  1.40261
  5383.36      1.8576  1.40039  1.40033  1.40022  1.39556  1.40225
  5381.86      1.8581  1.40035  1.40029  1.40019  1.39568  1.40237
  5380.36      1.8586  1.40032  1.40025  1.40015  1.39605  1.40275
  5378.86      1.8591  1.40027  1.40021  1.40011  1.39625  1.40295
  5377.36      1.8596  1.40022  1.40016  1.40005  1.39605  1.40274
  5375.86      1.8602  1.40017  1.40011  1.40001  1.39555  1.40223
  5374.36      1.8607  1.40014  1.40008  1.39997  1.39515  1.40183
  5372.86      1.8612  1.40014  1.40008  1.39997  1.39518  1.40185
  5371.36      1.8617  1.40016  1.40010  1.40000  1.39554  1.40222
  5369.86      1.8622  1.40018  1.40012  1.40002  1.39597  1.40266
  5368.36      1.8628  1.40020  1.40014  1.40004  1.39616  1.40286
  5366.86      1.8633  1.40022  1.40016  1.40005  1.39618  1.40287
  5365.36      1.8638  1.40022  1.40016  1.40005  1.39603  1.40273
  5363.86      1.8643  1.40020  1.40014  1.40004  1.39579  1.40248
  5362.36      1.8648  1.40016  1.40010  1.40000  1.39558  1.40226
  5360.86      1.8654  1.40010  1.40004  1.39994  1.39555  1.40224
  5359.36      1.8659  1.40004  1.39998  1.39988  1.39574  1.40243
  5357.86      1.8664  1.39998  1.39992  1.39982  1.39600  1.40270
  5356.36      1.8669  1.39990  1.39984  1.39974  1.39602  1.40272
  5354.86      1.8675  1.39982  1.39976  1.39966  1.39542  1.40211
  5353.36      1.8680  1.39975  1.39969  1.39959  1.39471  1.40138
  5351.86      1.8685  1.39970  1.39964  1.39954  1.39444  1.40110
  5350.36      1.8690  1.39970  1.39964  1.39953  1.39476  1.40142
  5348.86      1.8696  1.39970  1.39964  1.39954  1.39541  1.40209
  5347.36      1.8701  1.39971  1.39965  1.39955  1.39588  1.40257
  5345.86      1.8706  1.39970  1.39964  1.39954  1.39578  1.40247
  5344.36      1.8711  1.39968  1.39962  1.39952  1.39522  1.40190
  5342.86      1.8717  1.39968  1.39961  1.39951  1.39508  1.40175
  5341.36      1.8722  1.39969  1.39963  1.39952  1.39531  1.40199
  5339.86      1.8727  1.39969  1.39963  1.39953  1.39556  1.40224
  5338.36      1.8732  1.39968  1.39961  1.39951  1.39542  1.40211
  5336.86      1.8738  1.39963  1.39957  1.39947  1.39494  1.40161
  5335.36      1.8743  1.39960  1.39954  1.39944  1.39467  1.40134
  5333.86      1.8748  1.39958  1.39952  1.39942  1.39494  1.40161
  5332.36      1.8753  1.39958  1.39952  1.39942  1.39551  1.40219
  5330.86      1.8759  1.39957  1.39951  1.39941  1.39569  1.40238
  5329.36      1.8764  1.39955  1.39949  1.39939  1.39542  1.40211
  5327.86      1.8769  1.39951  1.39945  1.39935  1.39499  1.40167
  5326.36      1.8775  1.39947  1.39941  1.39931  1.39474  1.40141
  5324.86      1.8780  1.39945  1.39939  1.39929  1.39478  1.40145
  5323.36      1.8785  1.39942  1.39936  1.39926  1.39501  1.40168
  5321.86      1.8790  1.39940  1.39934  1.39924  1.39523  1.40191
  5320.36      1.8796  1.39935  1.39929  1.39919  1.39525  1.40193
  5318.86      1.8801  1.39930  1.39924  1.39914  1.39498  1.40166
  5317.36      1.8806  1.39924  1.39918  1.39908  1.39470  1.40137
  5315.86      1.8812  1.39919  1.39913  1.39903  1.39462  1.40129
  5314.36      1.8817  1.39914  1.39908  1.39898  1.39473  1.40140
  5312.86      1.8822  1.39909  1.39902  1.39892  1.39483  1.40150
  5311.36      1.8828  1.39902  1.39897  1.39886  1.39480  1.40148
  5309.86      1.8833  1.39895  1.39889  1.39879  1.39465  1.40132
  5308.36      1.8838  1.39890  1.39884  1.39874  1.39441  1.40108
  5306.86      1.8844  1.39886  1.39880  1.39870  1.39424  1.40090
  5305.36      1.8849  1.39884  1.39878  1.39868  1.39417  1.40083
  5303.86      1.8854  1.39882  1.39876  1.39866  1.39424  1.40090
  5302.36      1.8860  1.39882  1.39876  1.39866  1.39444  1.40110
  5300.86      1.8865  1.39881  1.39875  1.39865  1.39437  1.40104
  5299.36      1.8870  1.39879  1.39873  1.39863  1.39386  1.40052
  5297.86      1.8876  1.39878  1.39872  1.39862  1.39399  1.40064
  5296.36      1.8881  1.39875  1.39870  1.39859  1.39410  1.40076
  5294.86      1.8886  1.39873  1.39867  1.39857  1.39407  1.40072
  5293.36      1.8892  1.39868  1.39862  1.39852  1.39402  1.40068
  5291.86      1.8897  1.39862  1.39856  1.39846  1.39399  1.40065
  5290.36      1.8902  1.39855  1.39849  1.39839  1.39393  1.40059
  5288.86      1.8908  1.39850  1.39844  1.39833  1.39394  1.40059
  5287.36      1.8913  1.39845  1.39839  1.39829  1.39395  1.40060
  5285.86      1.8918  1.39842  1.39836  1.39826  1.39388  1.40053
  5284.36      1.8924  1.39840  1.39834  1.39824  1.39390  1.40055
  5282.86      1.8929  1.39837  1.39831  1.39821  1.39403  1.40069
  5281.36      1.8935  1.39835  1.39829  1.39819  1.39407  1.40072
  5279.86      1.8940  1.39833  1.39827  1.39816  1.39390  1.40055
  5278.36      1.8945  1.39831  1.39825  1.39815  1.39376  1.40041
  5276.86      1.8951  1.39829  1.39823  1.39812  1.39390  1.40055
  5275.35      1.8956  1.39826  1.39820  1.39809  1.39393  1.40058
  5273.85      1.8961  1.39822  1.39816  1.39805  1.39377  1.40042
  5272.35      1.8967  1.39817  1.39811  1.39802  1.39376  1.40040
  5270.85      1.8972  1.39813  1.39807  1.39797  1.39353  1.40018
  5269.35      1.8978  1.39810  1.39804  1.39793  1.39315  1.39979
  5267.85      1.8983  1.39807  1.39801  1.39791  1.39321  1.39984
  5266.35      1.8988  1.39804  1.39798  1.39788  1.39365  1.40029
  5264.85      1.8994  1.39802  1.39796  1.39786  1.39395  1.40060
  5263.35      1.8999  1.39799  1.39793  1.39783  1.39388  1.40053
  5261.85      1.9005  1.39798  1.39792  1.39781  1.39368  1.40032
  5260.35      1.9010  1.39797  1.39791  1.39780  1.39365  1.40029
  5258.85      1.9016  1.39796  1.39790  1.39780  1.39384  1.40048
  5257.35      1.9021  1.39794  1.39788  1.39778  1.39410  1.40075
  5255.85      1.9026  1.39790  1.39784  1.39773  1.39423  1.40089
  5254.35      1.9032  1.39784  1.39778  1.39768  1.39420  1.40085
  5252.85      1.9037  1.39779  1.39773  1.39763  1.39400  1.40066
  5251.35      1.9043  1.39774  1.39768  1.39758  1.39367  1.40032
  5249.85      1.9048  1.39771  1.39764  1.39754  1.39343  1.40007
  5248.35      1.9054  1.39767  1.39761  1.39750  1.39347  1.40011
  5246.85      1.9059  1.39763  1.39757  1.39747  1.39351  1.40015
  5245.35      1.9064  1.39761  1.39755  1.39745  1.39332  1.39996
  5243.85      1.9070  1.39762  1.39756  1.39745  1.39331  1.39995
  5242.35      1.9075  1.39764  1.39757  1.39747  1.39346  1.40010
  5240.85      1.9081  1.39765  1.39759  1.39748  1.39342  1.40006
  5239.35      1.9086  1.39767  1.39761  1.39750  1.39322  1.39986
  5237.85      1.9092  1.39767  1.39761  1.39750  1.39304  1.39968
  5236.35      1.9097  1.39766  1.39760  1.39749  1.39309  1.39972
  5234.85      1.9103  1.39763  1.39757  1.39746  1.39326  1.39990
  5233.35      1.9108  1.39759  1.39753  1.39743  1.39321  1.39984
  5231.85      1.9114  1.39754  1.39748  1.39738  1.39291  1.39954
  5230.35      1.9119  1.39750  1.39744  1.39733  1.39271  1.39933
  5228.85      1.9125  1.39746  1.39740  1.39729  1.39278  1.39940
  5227.35      1.9130  1.39743  1.39737  1.39726  1.39299  1.39962
  5225.85      1.9136  1.39740  1.39734  1.39723  1.39319  1.39983
  5224.35      1.9141  1.39737  1.39731  1.39720  1.39325  1.39988
  5222.85      1.9147  1.39736  1.39730  1.39719  1.39314  1.39977
  5221.35      1.9152  1.39737  1.39731  1.39720  1.39282  1.39945
  5219.85      1.9158  1.39739  1.39733  1.39722  1.39246  1.39908
  5218.35      1.9163  1.39739  1.39733  1.39722  1.39227  1.39888
  5216.85      1.9169  1.39736  1.39730  1.39720  1.39225  1.39886
  5215.35      1.9174  1.39732  1.39726  1.39715  1.39232  1.39893
  5213.85      1.9180  1.39728  1.39722  1.39711  1.39249  1.39911
  5212.35      1.9185  1.39724  1.39718  1.39707  1.39273  1.39935
  5210.85      1.9191  1.39719  1.39713  1.39703  1.39293  1.39955
  5209.35      1.9196  1.39714  1.39708  1.39697  1.39303  1.39966
  5207.85      1.9202  1.39708  1.39702  1.39691  1.39303  1.39965
  5206.35      1.9207  1.39703  1.39697  1.39686  1.39290  1.39952
  5204.85      1.9213  1.39701  1.39694  1.39684  1.39279  1.39941
  5203.35      1.9218  1.39701  1.39694  1.39684  1.39270  1.39932
  5201.85      1.9224  1.39702  1.39696  1.39685  1.39277  1.39939
  5200.35      1.9229  1.39702  1.39696  1.39685  1.39298  1.39961
  5198.85      1.9235  1.39702  1.39696  1.39685  1.39303  1.39966
  5197.35      1.9241  1.39701  1.39695  1.39684  1.39282  1.39945
  5195.85      1.9246  1.39699  1.39693  1.39682  1.39281  1.39943
  5194.35      1.9252  1.39698  1.39691  1.39681  1.39292  1.39955
  5192.85      1.9257  1.39695  1.39689  1.39678  1.39283  1.39945
  5191.35      1.9263  1.39691  1.39685  1.39675  1.39290  1.39952
  5189.85      1.9268  1.39688  1.39682  1.39671  1.39321  1.39984
  5188.35      1.9274  1.39683  1.39677  1.39666  1.39339  1.40002
  5186.85      1.9280  1.39678  1.39672  1.39661  1.39337  1.40000
  5185.35      1.9285  1.39674  1.39668  1.39657  1.39329  1.39992
  5183.85      1.9291  1.39671  1.39665  1.39654  1.39321  1.39985
  5182.35      1.9296  1.39668  1.39662  1.39651  1.39320  1.39983
  5180.85      1.9302  1.39665  1.39659  1.39648  1.39315  1.39978
  5179.35      1.9307  1.39663  1.39656  1.39645  1.39302  1.39965
  5177.85      1.9313  1.39660  1.39654  1.39643  1.39295  1.39958
  5176.35      1.9319  1.39659  1.39653  1.39642  1.39287  1.39950
  5174.85      1.9324  1.39657  1.39651  1.39640  1.39271  1.39933
  5173.35      1.9330  1.39656  1.39650  1.39639  1.39248  1.39910
  5171.85      1.9335  1.39654  1.39648  1.39637  1.39222  1.39883
  5170.35      1.9341  1.39653  1.39647  1.39636  1.39218  1.39879
  5168.85      1.9347  1.39651  1.39645  1.39634  1.39228  1.39889
  5167.35      1.9352  1.39649  1.39643  1.39632  1.39225  1.39886
  5165.85      1.9358  1.39646  1.39640  1.39629  1.39222  1.39883
  5164.35      1.9364  1.39644  1.39638  1.39626  1.39237  1.39898
  5162.85      1.9369  1.39642  1.39636  1.39625  1.39249  1.39911
  5161.35      1.9375  1.39640  1.39634  1.39623  1.39249  1.39910
  5159.85      1.9380  1.39640  1.39634  1.39622  1.39248  1.39909
  5158.35      1.9386  1.39639  1.39633  1.39622  1.39244  1.39906
  5156.85      1.9392  1.39639  1.39633  1.39622  1.39229  1.39890
  5155.35      1.9397  1.39639  1.39632  1.39621  1.39217  1.39878
  5153.85      1.9403  1.39639  1.39632  1.39621  1.39223  1.39884
  5152.35      1.9409  1.39639  1.39632  1.39621  1.39233  1.39894
  5150.85      1.9414  1.39637  1.39632  1.39621  1.39238  1.39899
  5149.35      1.9420  1.39636  1.39630  1.39619  1.39249  1.39910
  5147.85      1.9426  1.39633  1.39627  1.39616  1.39242  1.39904
  5146.35      1.9431  1.39629  1.39623  1.39612  1.39217  1.39878
  5144.85      1.9437  1.39625  1.39619  1.39608  1.39214  1.39875
  5143.35      1.9443  1.39620  1.39614  1.39603  1.39257  1.39919
  5141.85      1.9448  1.39615  1.39609  1.39598  1.39292  1.39954
  5140.35      1.9454  1.39611  1.39605  1.39594  1.39283  1.39945
  5138.84      1.9460  1.39607  1.39601  1.39590  1.39258  1.39920
  5137.34      1.9465  1.39604  1.39597  1.39586  1.39245  1.39907
  5135.84      1.9471  1.39601  1.39594  1.39583  1.39242  1.39903
  5134.34      1.9477  1.39598  1.39592  1.39580  1.39235  1.39897
  5132.84      1.9482  1.39597  1.39590  1.39579  1.39233  1.39894
  5131.34      1.9488  1.39596  1.39589  1.39578  1.39247  1.39908
  5129.84      1.9494  1.39596  1.39589  1.39578  1.39257  1.39919
  5128.34      1.9499  1.39595  1.39589  1.39578  1.39253  1.39914
  5126.84      1.9505  1.39595  1.39589  1.39577  1.39245  1.39906
  5125.34      1.9511  1.39594  1.39588  1.39576  1.39244  1.39906
  5123.84      1.9517  1.39592  1.39586  1.39576  1.39251  1.39913
  5122.34      1.9522  1.39592  1.39585  1.39574  1.39247  1.39909
  5120.84      1.9528  1.39590  1.39583  1.39572  1.39235  1.39896
  5119.34      1.9534  1.39588  1.39581  1.39570  1.39224  1.39885
  5117.84      1.9539  1.39584  1.39578  1.39566  1.39217  1.39878
  5116.34      1.9545  1.39581  1.39575  1.39564  1.39209  1.39870
  5114.84      1.9551  1.39578  1.39572  1.39561  1.39204  1.39864
  5113.34      1.9557  1.39576  1.39570  1.39559  1.39211  1.39871
  5111.84      1.9562  1.39574  1.39568  1.39556  1.39234  1.39895
  5110.34      1.9568  1.39572  1.39565  1.39554  1.39251  1.39913
  5108.84      1.9574  1.39571  1.39564  1.39553  1.39234  1.39895
  5107.34      1.9580  1.39569  1.39562  1.39551  1.39205  1.39866
  5105.84      1.9585  1.39567  1.39561  1.39549  1.39195  1.39856
  5104.34      1.9591  1.39563  1.39557  1.39546  1.39205  1.39866
  5102.84      1.9597  1.39561  1.39554  1.39543  1.39223  1.39884
  5101.34      1.9603  1.39558  1.39552  1.39540  1.39223  1.39884
  5099.84      1.9608  1.39555  1.39549  1.39537  1.39202  1.39863
  5098.34      1.9614  1.39552  1.39546  1.39535  1.39194  1.39854
  5096.84      1.9620  1.39549  1.39543  1.39532  1.39216  1.39877
  5095.34      1.9626  1.39547  1.39541  1.39530  1.39236  1.39897
  5093.84      1.9632  1.39546  1.39540  1.39528  1.39226  1.39888
  5092.34      1.9637  1.39546  1.39539  1.39528  1.39208  1.39869
  5090.84      1.9643  1.39545  1.39538  1.39527  1.39203  1.39865
  5089.34      1.9649  1.39544  1.39538  1.39527  1.39197  1.39858
  5087.84      1.9655  1.39543  1.39537  1.39525  1.39171  1.39832
  5086.34      1.9660  1.39542  1.39536  1.39525  1.39158  1.39818
  5084.84      1.9666  1.39541  1.39534  1.39523  1.39171  1.39832
  5083.34      1.9672  1.39539  1.39533  1.39521  1.39193  1.39853
  5081.84      1.9678  1.39537  1.39530  1.39519  1.39194  1.39855
  5080.34      1.9684  1.39534  1.39528  1.39516  1.39171  1.39832
  5078.84      1.9690  1.39531  1.39525  1.39514  1.39142  1.39802
  5077.34      1.9695  1.39529  1.39523  1.39511  1.39126  1.39785
  5075.84      1.9701  1.39528  1.39522  1.39511  1.39136  1.39796
  5074.34      1.9707  1.39528  1.39521  1.39510  1.39155  1.39815
  5072.84      1.9713  1.39527  1.39521  1.39510  1.39159  1.39819
  5071.34      1.9719  1.39526  1.39520  1.39509  1.39155  1.39815
  5069.84      1.9724  1.39526  1.39519  1.39508  1.39155  1.39815
  5068.34      1.9730  1.39525  1.39519  1.39507  1.39147  1.39807
  5066.84      1.9736  1.39524  1.39518  1.39506  1.39118  1.39778
  5065.34      1.9742  1.39523  1.39516  1.39505  1.39087  1.39745
  5063.84      1.9748  1.39519  1.39513  1.39501  1.39086  1.39745
  5062.34      1.9754  1.39514  1.39508  1.39496  1.39118  1.39777
  5060.84      1.9760  1.39507  1.39501  1.39490  1.39143  1.39803
  5059.34      1.9765  1.39502  1.39496  1.39485  1.39138  1.39797
  5057.84      1.9771  1.39497  1.39490  1.39479  1.39114  1.39773
  5056.34      1.9777  1.39491  1.39485  1.39474  1.39086  1.39744
  5054.84      1.9783  1.39486  1.39480  1.39469  1.39077  1.39735
  5053.34      1.9789  1.39481  1.39475  1.39463  1.39088  1.39746
  5051.84      1.9795  1.39478  1.39470  1.39460  1.39102  1.39761
  5050.34      1.9801  1.39474  1.39468  1.39457  1.39112  1.39771
  5048.84      1.9807  1.39473  1.39467  1.39456  1.39117  1.39776
  5047.34      1.9812  1.39472  1.39466  1.39455  1.39116  1.39775
  5045.84      1.9818  1.39472  1.39466  1.39454  1.39115  1.39773
  5044.34      1.9824  1.39471  1.39465  1.39453  1.39110  1.39769
  5042.84      1.9830  1.39470  1.39464  1.39452  1.39108  1.39766
  5041.34      1.9836  1.39470  1.39464  1.39452  1.39116  1.39775
  5039.84      1.9842  1.39470  1.39464  1.39452  1.39121  1.39780
  5038.34      1.9848  1.39470  1.39464  1.39452  1.39110  1.39768
  5036.84      1.9854  1.39470  1.39464  1.39452  1.39098  1.39756
  5035.34      1.9860  1.39470  1.39464  1.39452  1.39085  1.39743
  5033.84      1.9866  1.39470  1.39464  1.39453  1.39079  1.39737
  5032.34      1.9871  1.39471  1.39464  1.39453  1.39083  1.39741
  5030.84      1.9877  1.39471  1.39465  1.39454  1.39085  1.39743
  5029.34      1.9883  1.39471  1.39465  1.39454  1.39089  1.39747
  5027.84      1.9889  1.39471  1.39465  1.39453  1.39106  1.39765
  5026.34      1.9895  1.39469  1.39463  1.39451  1.39116  1.39775
  5024.84      1.9901  1.39467  1.39461  1.39449  1.39091  1.39749
  5023.34      1.9907  1.39463  1.39457  1.39445  1.39055  1.39713
  5021.84      1.9913  1.39459  1.39453  1.39441  1.39053  1.39711
  5020.34      1.9919  1.39454  1.39448  1.39437  1.39069  1.39727
  5018.84      1.9925  1.39450  1.39444  1.39432  1.39074  1.39732
  5017.34      1.9931  1.39446  1.39440  1.39428  1.39074  1.39731
  5015.84      1.9937  1.39443  1.39436  1.39425  1.39083  1.39741
  5014.34      1.9943  1.39440  1.39434  1.39423  1.39099  1.39757
  5012.84      1.9949  1.39438  1.39432  1.39420  1.39104  1.39763
  5011.34      1.9955  1.39437  1.39430  1.39419  1.39084  1.39743
  5009.84      1.9961  1.39434  1.39428  1.39417  1.39053  1.39711
  5008.34      1.9967  1.39433  1.39427  1.39416  1.39042  1.39699
  5006.83      1.9973  1.39431  1.39425  1.39413  1.39050  1.39707
  5005.33      1.9979  1.39428  1.39422  1.39410  1.39064  1.39722
  5003.83      1.9985  1.39424  1.39418  1.39406  1.39074  1.39732
  5002.33      1.9991  1.39419  1.39413  1.39401  1.39063  1.39721
  5000.83      1.9997  1.39413  1.39408  1.39396  1.39044  1.39701
  4999.33      2.0003  1.39408  1.39402  1.39391  1.39038  1.39696
  4997.83      2.0009  1.39403  1.39397  1.39386  1.39037  1.39702
  4996.33      2.0015  1.39399  1.39393  1.39382  1.39028  1.39690
  4994.83      2.0021  1.39396  1.39390  1.39378  1.39015  1.39693
  4993.33      2.0027  1.39393  1.39387  1.39376  1.39000  1.39708
  4991.83      2.0033  1.39392  1.39386  1.39373  1.38983  1.39716
  4990.33      2.0039  1.39390  1.39384  1.39372  1.38985  1.39717
  4988.83      2.0045  1.39389  1.39383  1.39371  1.39006  1.39722
  4987.33      2.0051  1.39388  1.39382  1.39371  1.39015  1.39725
  4985.83      2.0057  1.39386  1.39380  1.39369  1.39001  1.39711
  4984.33      2.0063  1.39384  1.39378  1.39366  1.38989  1.39695
  4982.83      2.0069  1.39380  1.39374  1.39362  1.38975  1.39697
  4981.33      2.0075  1.39375  1.39369  1.39358  1.38962  1.39695
  4979.83      2.0081  1.39369  1.39363  1.39352  1.38959  1.39677
  4978.33      2.0087  1.39363  1.39358  1.39346  1.38965  1.39659
  4976.83      2.0093  1.39357  1.39352  1.39340  1.38976  1.39638
  4975.33      2.0099  1.39352  1.39346  1.39334  1.38992  1.39620
  4973.83      2.0105  1.39347  1.39341  1.39329  1.38992  1.39631
  4972.33      2.0111  1.39342  1.39336  1.39325  1.38972  1.39660
  4970.83      2.0117  1.39339  1.39332  1.39321  1.38960  1.39669
  4969.33      2.0123  1.39335  1.39329  1.39318  1.38966  1.39663
  4967.83      2.0130  1.39334  1.39328  1.39316  1.38967  1.39673
  4966.33      2.0136  1.39332  1.39326  1.39315  1.38951  1.39685
  4964.83      2.0142  1.39332  1.39326  1.39314  1.38937  1.39679
  4963.33      2.0148  1.39331  1.39325  1.39313  1.38930  1.39659
  4961.83      2.0154  1.39329  1.39323  1.39312  1.38928  1.39639
  4960.33      2.0160  1.39328  1.39322  1.39311  1.38935  1.39625
  4958.83      2.0166  1.39326  1.39320  1.39309  1.38932  1.39617
  4957.33      2.0172  1.39325  1.39319  1.39307  1.38918  1.39606
  4955.83      2.0178  1.39321  1.39315  1.39304  1.38929  1.39595
  4954.33      2.0184  1.39318  1.39313  1.39301  1.38958  1.39590
  4952.83      2.0190  1.39315  1.39309  1.39298  1.38975  1.39600
  4951.33      2.0197  1.39313  1.39307  1.39295  1.38969  1.39619
  4949.83      2.0203  1.39310  1.39304  1.39292  1.38945  1.39623
  4948.33      2.0209  1.39308  1.39302  1.39290  1.38917  1.39603
  4946.83      2.0215  1.39306  1.39301  1.39289  1.38900  1.39576
  4945.33      2.0221  1.39305  1.39299  1.39287  1.38892  1.39556
  4943.83      2.0227  1.39304  1.39298  1.39286  1.38895  1.39555
  4942.33      2.0233  1.39302  1.39296  1.39284  1.38912  1.39573
  4940.83      2.0240  1.39299  1.39293  1.39282  1.38929  1.39587
  4939.33      2.0246  1.39295  1.39289  1.39278  1.38944  1.39584
  4937.83      2.0252  1.39291  1.39285  1.39273  1.38947  1.39572
  4936.33      2.0258  1.39285  1.39279  1.39268  1.38923  1.39562
  4934.83      2.0264  1.39279  1.39273  1.39262  1.38897  1.39551
  4933.33      2.0270  1.39273  1.39268  1.39255  1.38904  1.39540
  4931.83      2.0276  1.39268  1.39263  1.39251  1.38922  1.39530
  4930.33      2.0283  1.39264  1.39258  1.39246  1.38916  1.39525
  4928.83      2.0289  1.39260  1.39254  1.39243  1.38888  1.39528
  4927.33      2.0295  1.39258  1.39252  1.39241  1.38863  1.39531
  4925.83      2.0301  1.39256  1.39250  1.39239  1.38867  1.39528
  4924.33      2.0307  1.39255  1.39250  1.39237  1.38895  1.39528
  4922.83      2.0314  1.39255  1.39249  1.39237  1.38903  1.39544
  4921.33      2.0320  1.39253  1.39247  1.39236  1.38877  1.39563
  4919.83      2.0326  1.39252  1.39246  1.39235  1.38843  1.39557
  4918.33      2.0332  1.39250  1.39244  1.39232  1.38820  1.39532
  4916.83      2.0338  1.39248  1.39242  1.39230  1.38812  1.39525
  4915.33      2.0345  1.39244  1.39239  1.39227  1.38819  1.39542
  4913.83      2.0351  1.39242  1.39236  1.39225  1.38832  1.39547
  4912.33      2.0357  1.39240  1.39234  1.39222  1.38842  1.39529
  4910.83      2.0363  1.39237  1.39232  1.39220  1.38835  1.39514
  4909.33      2.0369  1.39235  1.39229  1.39217  1.38818  1.39513
  4907.83      2.0376  1.39232  1.39226  1.39215  1.38810  1.39514
  4906.33      2.0382  1.39229  1.39223  1.39212  1.38822  1.39513
  4904.83      2.0388  1.39226  1.39220  1.39209  1.38834  1.39516
  4903.33      2.0394  1.39221  1.39216  1.39204  1.38838  1.39517
  4901.83      2.0401  1.39217  1.39212  1.39200  1.38837  1.39512
  4900.33      2.0407  1.39212  1.39205  1.39195  1.38833  1.39506
  4898.83      2.0413  1.39205  1.39199  1.39188  1.38816  1.39497
  4897.33      2.0419  1.39200  1.39194  1.39183  1.38791  1.39492
  4895.83      2.0426  1.39194  1.39188  1.39177  1.38771  1.39493
  4894.33      2.0432  1.39189  1.39183  1.39172  1.38768  1.39492
  4892.83      2.0438  1.39185  1.39179  1.39168  1.38779  1.39487
  4891.33      2.0444  1.39180  1.39175  1.39163  1.38796  1.39484
  4889.83      2.0451  1.39176  1.39170  1.39159  1.38813  1.39477
  4888.33      2.0457  1.39172  1.39166  1.39155  1.38808  1.39457
  4886.83      2.0463  1.39169  1.39163  1.39152  1.38786  1.39433
  4885.33      2.0469  1.39164  1.39159  1.39147  1.38774  1.39426
  4883.83      2.0476  1.39160  1.39154  1.39143  1.38771  1.39432
  4882.33      2.0482  1.39154  1.39148  1.39137  1.38757  1.39440
  4880.83      2.0488  1.39148  1.39143  1.39131  1.38751  1.39451
  4879.33      2.0495  1.39141  1.39136  1.39124  1.38764  1.39467
  4877.83      2.0501  1.39135  1.39130  1.39118  1.38769  1.39464
  4876.33      2.0507  1.39130  1.39124  1.39113  1.38762  1.39445
  4874.83      2.0514  1.39124  1.39118  1.39107  1.38759  1.39429
  4873.33      2.0520  1.39119  1.39114  1.39102  1.38748  1.39410
  4871.83      2.0526  1.39115  1.39110  1.39098  1.38725  1.39389
  4870.32      2.0533  1.39112  1.39107  1.39095  1.38708  1.39389
  4868.82      2.0539  1.39110  1.39104  1.39093  1.38709  1.39413
  4867.32      2.0545  1.39107  1.39101  1.39090  1.38722  1.39429
  4865.82      2.0552  1.39104  1.39098  1.39087  1.38729  1.39439
  4864.32      2.0558  1.39100  1.39096  1.39084  1.38729  1.39444
  4862.82      2.0564  1.39099  1.39092  1.39081  1.38725  1.39430
  4861.32      2.0571  1.39095  1.39089  1.39078  1.38711  1.39402
  4859.82      2.0577  1.39092  1.39086  1.39074  1.38694  1.39390
  4858.32      2.0583  1.39088  1.39082  1.39071  1.38705  1.39399
  4856.82      2.0590  1.39084  1.39079  1.39067  1.38738  1.39416
  4855.32      2.0596  1.39081  1.39075  1.39064  1.38749  1.39421
  4853.82      2.0602  1.39077  1.39072  1.39060  1.38723  1.39407
  4852.32      2.0609  1.39074  1.39067  1.39057  1.38685  1.39388
  4850.82      2.0615  1.39069  1.39064  1.39052  1.38669  1.39378
  4849.32      2.0621  1.39064  1.39059  1.39047  1.38682  1.39393
  4847.82      2.0628  1.39060  1.39054  1.39043  1.38694  1.39407
  4846.32      2.0634  1.39056  1.39050  1.39039  1.38674  1.39386
  4844.82      2.0641  1.39051  1.39045  1.39034  1.38633  1.39353
  4843.32      2.0647  1.39046  1.39040  1.39029  1.38610  1.39339
  4841.82      2.0653  1.39041  1.39036  1.39024  1.38627  1.39342
  4840.32      2.0660  1.39037  1.39031  1.39020  1.38659  1.39353
  4838.82      2.0666  1.39032  1.39028  1.39015  1.38670  1.39357
  4837.32      2.0673  1.39028  1.39023  1.39011  1.38665  1.39345
  4835.82      2.0679  1.39023  1.39017  1.39006  1.38657  1.39335
  4834.32      2.0685  1.39018  1.39013  1.39001  1.38653  1.39355
  4832.82      2.0692  1.39014  1.39009  1.38997  1.38648  1.39372
  4831.32      2.0698  1.39009  1.39004  1.38992  1.38635  1.39356
  4829.82      2.0705  1.39004  1.38999  1.38987  1.38617  1.39319
  4828.32      2.0711  1.39000  1.38995  1.38983  1.38606  1.39297
  4826.82      2.0718  1.38995  1.38990  1.38978  1.38607  1.39301
  4825.32      2.0724  1.38991  1.38985  1.38974  1.38611  1.39307
  4823.82      2.0730  1.38987  1.38982  1.38970  1.38617  1.39312
  4822.32      2.0737  1.38983  1.38977  1.38966  1.38622  1.39308
  4820.82      2.0743  1.38979  1.38974  1.38962  1.38620  1.39295
  4819.32      2.0750  1.38976  1.38970  1.38959  1.38617  1.39297
  4817.82      2.0756  1.38972  1.38967  1.38955  1.38613  1.39320
  4816.32      2.0763  1.38969  1.38964  1.38952  1.38590  1.39335
  4814.82      2.0769  1.38966  1.38960  1.38948  1.38564  1.39321
  4813.32      2.0776  1.38962  1.38957  1.38945  1.38560  1.39286
  4811.82      2.0782  1.38959  1.38954  1.38942  1.38569  1.39262
  4810.32      2.0789  1.38957  1.38950  1.38939  1.38581  1.39268
  4808.82      2.0795  1.38953  1.38948  1.38936  1.38597  1.39284
  4807.32      2.0802  1.38950  1.38945  1.38933  1.38598  1.39278
  4805.82      2.0808  1.38948  1.38943  1.38931  1.38573  1.39260
  4804.32      2.0815  1.38945  1.38940  1.38928  1.38548  1.39245
  4802.82      2.0821  1.38943  1.38938  1.38926  1.38540  1.39232
  4801.32      2.0828  1.38942  1.38937  1.38925  1.38544  1.39225
  4799.82      2.0834  1.38940  1.38935  1.38923  1.38549  1.39214
  4798.32      2.0841  1.38937  1.38932  1.38919  1.38543  1.39204
  4796.82      2.0847  1.38933  1.38928  1.38916  1.38528  1.39213
  4795.32      2.0854  1.38928  1.38923  1.38911  1.38519  1.39238
  4793.82      2.0860  1.38923  1.38918  1.38906  1.38518  1.39251
  4792.32      2.0867  1.38918  1.38913  1.38901  1.38518  1.39244
  4790.82      2.0873  1.38913  1.38907  1.38896  1.38524  1.39239
  4789.32      2.0880  1.38906  1.38901  1.38889  1.38530  1.39243
  4787.82      2.0886  1.38901  1.38896  1.38884  1.38529  1.39243
  4786.32      2.0893  1.38895  1.38890  1.38878  1.38518  1.39232
  4784.82      2.0899  1.38890  1.38885  1.38873  1.38501  1.39217
  4783.32      2.0906  1.38886  1.38881  1.38869  1.38481  1.39210
  4781.82      2.0913  1.38881  1.38876  1.38864  1.38466  1.39215
  4780.32      2.0919  1.38877  1.38872  1.38860  1.38448  1.39225
  4778.82      2.0926  1.38874  1.38869  1.38857  1.38422  1.39224
  4777.32      2.0932  1.38870  1.38865  1.38853  1.38417  1.39210
  4775.82      2.0939  1.38865  1.38860  1.38848  1.38440  1.39194
  4774.32      2.0945  1.38861  1.38856  1.38844  1.38463  1.39191
  4772.82      2.0952  1.38856  1.38851  1.38839  1.38473  1.39202
  4771.32      2.0959  1.38851  1.38846  1.38834  1.38462  1.39210
  4769.82      2.0965  1.38847  1.38841  1.38830  1.38431  1.39190
  4768.32      2.0972  1.38841  1.38836  1.38824  1.38404  1.39151
  4766.82      2.0978  1.38836  1.38831  1.38819  1.38401  1.39130
  4765.32      2.0985  1.38830  1.38825  1.38813  1.38417  1.39137
  4763.82      2.0992  1.38825  1.38820  1.38808  1.38438  1.39148
  4762.32      2.0998  1.38820  1.38815  1.38803  1.38458  1.39155
  4760.82      2.1005  1.38815  1.38810  1.38798  1.38471  1.39156
  4759.32      2.1011  1.38808  1.38803  1.38792  1.38476  1.39142
  4757.82      2.1018  1.38803  1.38798  1.38786  1.38471  1.39115
  4756.32      2.1025  1.38797  1.38792  1.38780  1.38459  1.39105
  4754.82      2.1031  1.38792  1.38787  1.38775  1.38442  1.39119
  4753.32      2.1038  1.38787  1.38782  1.38770  1.38423  1.39131
  4751.82      2.1045  1.38783  1.38778  1.38766  1.38422  1.39138
  4750.32      2.1051  1.38778  1.38773  1.38761  1.38434  1.39159
  4748.82      2.1058  1.38773  1.38768  1.38756  1.38441  1.39185
  4747.32      2.1065  1.38770  1.38764  1.38752  1.38441  1.39179
  4745.82      2.1071  1.38766  1.38761  1.38749  1.38432  1.39150
  4744.32      2.1078  1.38762  1.38757  1.38745  1.38430  1.39133
  4742.82      2.1085  1.38759  1.38754  1.38742  1.38447  1.39126
  4741.32      2.1091  1.38754  1.38749  1.38737  1.38461  1.39126
  4739.82      2.1098  1.38751  1.38746  1.38734  1.38457  1.39124
  4738.31      2.1105  1.38747  1.38742  1.38730  1.38440  1.39113
  4736.81      2.1111  1.38744  1.38739  1.38727  1.38415  1.39111
  4735.31      2.1118  1.38741  1.38736  1.38724  1.38395  1.39127
  4733.81      2.1125  1.38738  1.38733  1.38720  1.38394  1.39137
  4732.31      2.1131  1.38734  1.38729  1.38717  1.38400  1.39127
  4730.81      2.1138  1.38730  1.38725  1.38713  1.38402  1.39117
  4729.31      2.1145  1.38726  1.38721  1.38709  1.38406  1.39114
  4727.81      2.1151  1.38721  1.38716  1.38704  1.38409  1.39109
  4726.31      2.1158  1.38715  1.38710  1.38698  1.38400  1.39102
  4724.81      2.1165  1.38709  1.38704  1.38692  1.38388  1.39098
  4723.31      2.1172  1.38703  1.38698  1.38686  1.38377  1.39086
  4721.81      2.1178  1.38697  1.38692  1.38680  1.38362  1.39070
  4720.31      2.1185  1.38691  1.38686  1.38674  1.38355  1.39071
  4718.81      2.1192  1.38685  1.38680  1.38668  1.38361  1.39082
  4717.31      2.1199  1.38679  1.38674  1.38662  1.38364  1.39080
  4715.81      2.1205  1.38675  1.38670  1.38658  1.38360  1.39070
  4714.31      2.1212  1.38670  1.38665  1.38653  1.38347  1.39058
  4712.81      2.1219  1.38666  1.38661  1.38649  1.38328  1.39042
  4711.31      2.1226  1.38663  1.38658  1.38646  1.38317  1.39026
  4709.81      2.1232  1.38659  1.38654  1.38642  1.38329  1.39027
  4708.31      2.1239  1.38653  1.38648  1.38636  1.38335  1.39042
  4706.81      2.1246  1.38646  1.38642  1.38630  1.38318  1.39043
  4705.31      2.1253  1.38637  1.38632  1.38620  1.38292  1.39028
  4703.81      2.1259  1.38627  1.38623  1.38611  1.38280  1.39026
  4702.31      2.1266  1.38615  1.38611  1.38599  1.38275  1.39033
  4700.81      2.1273  1.38602  1.38597  1.38585  1.38281  1.39027
  4699.31      2.1280  1.38586  1.38582  1.38570  1.38298  1.39008
  4697.81      2.1287  1.38572  1.38567  1.38555  1.38303  1.38992
  4696.31      2.1293  1.38559  1.38554  1.38542  1.38302  1.38985
  4694.81      2.1300  1.38548  1.38543  1.38531  1.38307  1.38988
  4693.31      2.1307  1.38538  1.38533  1.38521  1.38305  1.38999
  4691.81      2.1314  1.38531  1.38526  1.38514  1.38287  1.39014
  4690.31      2.1321  1.38526  1.38522  1.38509  1.38279  1.39012
  4688.81      2.1327  1.38524  1.38519  1.38506  1.38287  1.38992
  4687.31      2.1334  1.38523  1.38518  1.38506  1.38291  1.38984
  4685.81      2.1341  1.38525  1.38520  1.38507  1.38285  1.38999
  4684.31      2.1348  1.38525  1.38520  1.38508  1.38285  1.39007
  4682.81      2.1355  1.38527  1.38522  1.38509  1.38281  1.39002
  4681.31      2.1362  1.38527  1.38523  1.38510  1.38259  1.38984
  4679.81      2.1368  1.38527  1.38522  1.38509  1.38238  1.38951
  4678.31      2.1375  1.38525  1.38520  1.38508  1.38233  1.38922
  4676.81      2.1382  1.38521  1.38517  1.38504  1.38224  1.38919
  4675.31      2.1389  1.38516  1.38512  1.38499  1.38205  1.38929
  4673.81      2.1396  1.38509  1.38504  1.38491  1.38200  1.38935
  4672.31      2.1403  1.38501  1.38496  1.38483  1.38205  1.38933
  4670.81      2.1410  1.38491  1.38486  1.38474  1.38196  1.38922
  4669.31      2.1416  1.38482  1.38477  1.38465  1.38180  1.38906
  4667.81      2.1423  1.38473  1.38468  1.38456  1.38182  1.38885
  4666.31      2.1430  1.38464  1.38459  1.38446  1.38194  1.38863
  4664.81      2.1437  1.38457  1.38452  1.38439  1.38203  1.38858
  4663.31      2.1444  1.38450  1.38446  1.38433  1.38202  1.38866
  4661.81      2.1451  1.38446  1.38441  1.38428  1.38187  1.38867
  4660.31      2.1458  1.38441  1.38436  1.38423  1.38172  1.38860
  4658.81      2.1465  1.38437  1.38433  1.38419  1.38176  1.38857
  4657.31      2.1472  1.38434  1.38430  1.38416  1.38188  1.38865
  4655.81      2.1479  1.38432  1.38427  1.38414  1.38186  1.38863
  4654.31      2.1485  1.38429  1.38424  1.38411  1.38167  1.38847
  4652.81      2.1492  1.38426  1.38421  1.38408  1.38147  1.38832
  4651.31      2.1499  1.38422  1.38417  1.38404  1.38136  1.38821
  4649.81      2.1506  1.38417  1.38412  1.38399  1.38132  1.38816
  4648.31      2.1513  1.38413  1.38408  1.38394  1.38127  1.38825
  4646.81      2.1520  1.38407  1.38402  1.38389  1.38115  1.38833
  4645.31      2.1527  1.38400  1.38395  1.38383  1.38103  1.38826
  4643.81      2.1534  1.38393  1.38389  1.38375  1.38106  1.38816
  4642.31      2.1541  1.38386  1.38381  1.38368  1.38106  1.38809
  4640.81      2.1548  1.38378  1.38374  1.38360  1.38100  1.38804
  4639.31      2.1555  1.38370  1.38366  1.38352  1.38109  1.38798
  4637.81      2.1562  1.38363  1.38359  1.38345  1.38117  1.38779
  4636.31      2.1569  1.38355  1.38350  1.38337  1.38099  1.38763
  4634.81      2.1576  1.38346  1.38342  1.38328  1.38066  1.38765
  4633.31      2.1583  1.38338  1.38334  1.38320  1.38039  1.38773
  4631.81      2.1590  1.38331  1.38327  1.38313  1.38025  1.38771
  4630.31      2.1597  1.38324  1.38319  1.38305  1.38028  1.38764
  4628.81      2.1604  1.38316  1.38312  1.38298  1.38039  1.38762
  4627.31      2.1611  1.38309  1.38305  1.38291  1.38042  1.38758
  4625.81      2.1618  1.38303  1.38299  1.38284  1.38040  1.38734
  4624.31      2.1625  1.38297  1.38292  1.38278  1.38033  1.38699
  4622.81      2.1632  1.38291  1.38287  1.38272  1.38022  1.38681
  4621.31      2.1639  1.38286  1.38281  1.38267  1.38001  1.38682
  4619.81      2.1646  1.38279  1.38275  1.38260  1.37977  1.38689
  4618.31      2.1653  1.38272  1.38268  1.38253  1.37967  1.38694
  4616.81      2.1660  1.38264  1.38259  1.38245  1.37963  1.38695
  4615.31      2.1667  1.38255  1.38251  1.38236  1.37965  1.38684
  4613.81      2.1674  1.38247  1.38243  1.38228  1.37982  1.38664
  4612.31      2.1681  1.38237  1.38233  1.38218  1.38003  1.38654
  4610.81      2.1688  1.38228  1.38224  1.38209  1.37996  1.38658
  4609.31      2.1695  1.38220  1.38215  1.38200  1.37976  1.38648
  4607.81      2.1702  1.38212  1.38206  1.38192  1.37975  1.38628
  4606.31      2.1709  1.38205  1.38198  1.38184  1.37988  1.38630
  4604.81      2.1716  1.38198  1.38189  1.38177  1.37990  1.38644
  4603.31      2.1724  1.38190  1.38179  1.38171  1.37973  1.38632
  4601.80      2.1731  1.38183  1.38169  1.38165  1.37950  1.38607
  4600.30      2.1738  1.38174  1.38158  1.38162  1.37932  1.38594
  4598.80      2.1745  1.38164  1.38147  1.38160  1.37921  1.38587
  4597.30      2.1752  1.38153  1.38134  1.38158  1.37915  1.38576
  4595.80      2.1759  1.38138  1.38120  1.38157  1.37911  1.38571
  4594.30      2.1766  1.38122  1.38106  1.38158  1.37908  1.38565
  4592.80      2.1773  1.38105  1.38092  1.38160  1.37900  1.38562
  4591.30      2.1780  1.38088  1.38078  1.38164  1.37892  1.38572
  4589.80      2.1787  1.38071  1.38065  1.38167  1.37896  1.38583
  4588.30      2.1795  1.38055  1.38053  1.38171  1.37902  1.38582
  4586.80      2.1802  1.38040  1.38041  1.38173  1.37891  1.38570
  4585.30      2.1809  1.38028  1.38032  1.38174  1.37873  1.38557
  4583.80      2.1816  1.38019  1.38024  1.38175  1.37862  1.38553
  4582.30      2.1823  1.38011  1.38016  1.38175  1.37860  1.38551
  4580.80      2.1830  1.38006  1.38009  1.38172  1.37854  1.38548
  4579.30      2.1837  1.38001  1.38003  1.38167  1.37845  1.38544
  4577.80      2.1845  1.37998  1.37996  1.38160  1.37846  1.38537
  4576.30      2.1852  1.37996  1.37990  1.38154  1.37854  1.38524
  4574.80      2.1859  1.37993  1.37983  1.38146  1.37850  1.38521
  4573.30      2.1866  1.37991  1.37975  1.38138  1.37830  1.38522
  4571.80      2.1873  1.37988  1.37966  1.38129  1.37810  1.38512
  4570.30      2.1880  1.37983  1.37957  1.38122  1.37803  1.38485
  4568.80      2.1888  1.37978  1.37949  1.38114  1.37804  1.38461
  4567.30      2.1895  1.37974  1.37940  1.38108  1.37811  1.38454
  4565.80      2.1902  1.37970  1.37934  1.38103  1.37826  1.38460
  4564.30      2.1909  1.37964  1.37928  1.38099  1.37841  1.38469
  4562.80      2.1916  1.37959  1.37925  1.38095  1.37841  1.38463
  4561.30      2.1924  1.37954  1.37922  1.38091  1.37818  1.38434
  4559.80      2.1931  1.37948  1.37920  1.38088  1.37786  1.38414
  4558.30      2.1938  1.37943  1.37919  1.38086  1.37760  1.38421
  4556.80      2.1945  1.37938  1.37917  1.38083  1.37743  1.38432
  4555.30      2.1952  1.37932  1.37915  1.38079  1.37733  1.38429
  4553.80      2.1960  1.37927  1.37912  1.38075  1.37738  1.38411
  4552.30      2.1967  1.37921  1.37907  1.38069  1.37752  1.38397
  4550.80      2.1974  1.37914  1.37900  1.38064  1.37762  1.38400
  4549.30      2.1981  1.37910  1.37894  1.38060  1.37761  1.38404
  4547.80      2.1989  1.37905  1.37886  1.38054  1.37750  1.38397
  4546.30      2.1996  1.37900  1.37879  1.38048  1.37727  1.38389
  4544.80      2.2003  1.37897  1.37872  1.38043  1.37711  1.38390
  4543.30      2.2010  1.37892  1.37865  1.38038  1.37714  1.38381
  4541.80      2.2018  1.37889  1.37859  1.38033  1.37714  1.38362
  4540.30      2.2025  1.37885  1.37853  1.38029  1.37701  1.38365
  4538.80      2.2032  1.37882  1.37848  1.38025  1.37694  1.38374
  4537.30      2.2040  1.37878  1.37842  1.38021  1.37696  1.38359
  4535.80      2.2047  1.37874  1.37837  1.38018  1.37689  1.38336
  4534.30      2.2054  1.37868  1.37832  1.38014  1.37681  1.38326
  4532.80      2.2061  1.37863  1.37826  1.38009  1.37684  1.38320
  4531.30      2.2069  1.37858  1.37820  1.38005  1.37693  1.38321
  4529.80      2.2076  1.37851  1.37815  1.38000  1.37696  1.38321
  4528.30      2.2083  1.37846  1.37809  1.37995  1.37684  1.38313
  4526.80      2.2091  1.37841  1.37804  1.37991  1.37678  1.38309
  4525.30      2.2098  1.37836  1.37799  1.37986  1.37693  1.38311
  4523.80      2.2105  1.37831  1.37793  1.37980  1.37692  1.38313
  4522.30      2.2113  1.37828  1.37789  1.37976  1.37662  1.38316
  4520.80      2.2120  1.37825  1.37784  1.37971  1.37636  1.38305
  4519.30      2.2127  1.37821  1.37779  1.37967  1.37640  1.38281
  4517.80      2.2135  1.37818  1.37774  1.37963  1.37646  1.38267
  4516.30      2.2142  1.37813  1.37768  1.37959  1.37636  1.38268
  4514.80      2.2149  1.37808  1.37763  1.37953  1.37627  1.38264
  4513.30      2.2157  1.37803  1.37758  1.37949  1.37631  1.38253
  4511.80      2.2164  1.37798  1.37752  1.37943  1.37640  1.38237
  4510.30      2.2171  1.37791  1.37745  1.37937  1.37640  1.38219
  4508.80      2.2179  1.37785  1.37740  1.37931  1.37629  1.38217
  4507.30      2.2186  1.37778  1.37734  1.37924  1.37607  1.38228
  4505.80      2.2194  1.37772  1.37729  1.37917  1.37585  1.38229
  4504.30      2.2201  1.37766  1.37723  1.37910  1.37590  1.38214
  4502.80      2.2208  1.37760  1.37718  1.37903  1.37609  1.38200
  4501.30      2.2216  1.37754  1.37712  1.37897  1.37605  1.38198
  4499.80      2.2223  1.37747  1.37707  1.37889  1.37583  1.38198
  4498.30      2.2231  1.37739  1.37702  1.37881  1.37575  1.38191
  4496.80      2.2238  1.37733  1.37696  1.37873  1.37584  1.38186
  4495.30      2.2245  1.37729  1.37691  1.37866  1.37586  1.38187
  4493.80      2.2253  1.37724  1.37685  1.37858  1.37570  1.38185
  4492.30      2.2260  1.37718  1.37679  1.37848  1.37555  1.38184
  4490.80      2.2268  1.37712  1.37673  1.37840  1.37557  1.38183
  4489.30      2.2275  1.37707  1.37667  1.37831  1.37567  1.38183
  4487.80      2.2283  1.37702  1.37660  1.37824  1.37568  1.38181
  4486.30      2.2290  1.37699  1.37653  1.37818  1.37557  1.38169
  4484.80      2.2298  1.37694  1.37647  1.37812  1.37538  1.38148
  4483.30      2.2305  1.37689  1.37640  1.37807  1.37514  1.38138
  4481.80      2.2312  1.37683  1.37635  1.37804  1.37497  1.38143
  4480.30      2.2320  1.37678  1.37629  1.37801  1.37494  1.38141
  4478.80      2.2327  1.37672  1.37624  1.37798  1.37503  1.38132
  4477.30      2.2335  1.37664  1.37618  1.37796  1.37518  1.38121
  4475.80      2.2342  1.37657  1.37614  1.37793  1.37515  1.38112
  4474.30      2.2350  1.37649  1.37609  1.37788  1.37498  1.38102
  4472.80      2.2357  1.37641  1.37604  1.37783  1.37488  1.38097
  4471.30      2.2365  1.37633  1.37599  1.37778  1.37480  1.38093
  4469.79      2.2372  1.37625  1.37593  1.37771  1.37470  1.38077
  4468.29      2.2380  1.37619  1.37589  1.37764  1.37459  1.38060
  4466.79      2.2387  1.37612  1.37584  1.37756  1.37438  1.38055
  4465.29      2.2395  1.37607  1.37578  1.37747  1.37413  1.38060
  4463.79      2.2402  1.37602  1.37572  1.37740  1.37413  1.38063
  4462.29      2.2410  1.37597  1.37566  1.37732  1.37423  1.38056
  4460.79      2.2418  1.37592  1.37560  1.37726  1.37411  1.38042
  4459.29      2.2425  1.37587  1.37554  1.37718  1.37393  1.38031
  4457.79      2.2433  1.37582  1.37548  1.37710  1.37390  1.38033
  4456.29      2.2440  1.37575  1.37542  1.37705  1.37389  1.38033
  4454.79      2.2448  1.37570  1.37537  1.37699  1.37393  1.38017
  4453.29      2.2455  1.37564  1.37531  1.37694  1.37415  1.37991
  4451.79      2.2463  1.37558  1.37526  1.37688  1.37425  1.37980
  4450.29      2.2470  1.37551  1.37523  1.37681  1.37397  1.37987
  4448.79      2.2478  1.37544  1.37519  1.37676  1.37363  1.37986
  4447.29      2.2486  1.37539  1.37515  1.37670  1.37355  1.37979
  4445.79      2.2493  1.37533  1.37511  1.37665  1.37353  1.37970
  4444.29      2.2501  1.37528  1.37506  1.37662  1.37347  1.37969
  4442.79      2.2508  1.37522  1.37500  1.37658  1.37338  1.37984
  4441.29      2.2516  1.37517  1.37494  1.37655  1.37325  1.37994
  4439.79      2.2524  1.37511  1.37487  1.37653  1.37318  1.37980
  4438.29      2.2531  1.37506  1.37480  1.37650  1.37321  1.37969
  4436.79      2.2539  1.37500  1.37472  1.37648  1.37321  1.37976
  4435.29      2.2546  1.37494  1.37466  1.37644  1.37315  1.37977
  4433.79      2.2554  1.37488  1.37461  1.37639  1.37311  1.37954
  4432.29      2.2562  1.37480  1.37456  1.37635  1.37309  1.37925
  4430.79      2.2569  1.37474  1.37451  1.37630  1.37303  1.37906
  4429.29      2.2577  1.37466  1.37445  1.37623  1.37291  1.37896
  4427.79      2.2585  1.37461  1.37440  1.37616  1.37274  1.37905
  4426.29      2.2592  1.37455  1.37434  1.37608  1.37260  1.37919
  4424.79      2.2600  1.37449  1.37427  1.37600  1.37263  1.37912
  4423.29      2.2608  1.37443  1.37419  1.37592  1.37271  1.37889
  4421.79      2.2615  1.37439  1.37410  1.37584  1.37271  1.37868
  4420.29      2.2623  1.37434  1.37401  1.37576  1.37264  1.37862
  4418.79      2.2631  1.37430  1.37393  1.37568  1.37253  1.37868
  4417.29      2.2638  1.37425  1.37385  1.37559  1.37234  1.37872
  4415.79      2.2646  1.37418  1.37378  1.37550  1.37223  1.37866
  4414.29      2.2654  1.37410  1.37371  1.37542  1.37226  1.37853
  4412.79      2.2661  1.37404  1.37363  1.37534  1.37225  1.37843
  4411.29      2.2669  1.37396  1.37356  1.37525  1.37218  1.37835
  4409.79      2.2677  1.37389  1.37349  1.37516  1.37213  1.37826
  4408.29      2.2685  1.37382  1.37341  1.37507  1.37206  1.37818
  4406.79      2.2692  1.37375  1.37334  1.37497  1.37202  1.37817
  4405.29      2.2700  1.37369  1.37326  1.37488  1.37212  1.37815
  4403.79      2.2708  1.37364  1.37318  1.37479  1.37220  1.37802
  4402.29      2.2715  1.37360  1.37311  1.37469  1.37203  1.37783
  4400.79      2.2723  1.37357  1.37306  1.37462  1.37173  1.37778
  4399.29      2.2731  1.37351  1.37301  1.37453  1.37165  1.37783
  4397.79      2.2739  1.37345  1.37295  1.37446  1.37169  1.37782
  4396.29      2.2746  1.37338  1.37290  1.37439  1.37150  1.37783
  4394.79      2.2754  1.37330  1.37287  1.37434  1.37114  1.37793
  4393.29      2.2762  1.37320  1.37282  1.37429  1.37103  1.37792
  4391.79      2.2770  1.37310  1.37277  1.37423  1.37112  1.37778
  4390.29      2.2778  1.37298  1.37273  1.37417  1.37106  1.37764
  4388.79      2.2785  1.37287  1.37267  1.37411  1.37091  1.37747
  4387.29      2.2793  1.37278  1.37260  1.37407  1.37099  1.37735
  4385.79      2.2801  1.37271  1.37254  1.37401  1.37120  1.37732
  4384.29      2.2809  1.37265  1.37247  1.37396  1.37121  1.37725
  4382.79      2.2817  1.37258  1.37239  1.37389  1.37092  1.37713
  4381.29      2.2824  1.37253  1.37232  1.37383  1.37063  1.37712
  4379.79      2.2832  1.37248  1.37224  1.37376  1.37057  1.37723
  4378.29      2.2840  1.37244  1.37215  1.37370  1.37069  1.37722
  4376.79      2.2848  1.37240  1.37207  1.37362  1.37069  1.37705
  4375.29      2.2856  1.37234  1.37198  1.37355  1.37052  1.37689
  4373.79      2.2863  1.37228  1.37190  1.37347  1.37028  1.37670
  4372.29      2.2871  1.37222  1.37183  1.37340  1.37011  1.37655
  4370.79      2.2879  1.37215  1.37174  1.37333  1.37012  1.37665
  4369.29      2.2887  1.37208  1.37166  1.37327  1.37031  1.37683
  4367.79      2.2895  1.37202  1.37158  1.37322  1.37047  1.37681
  4366.29      2.2903  1.37196  1.37152  1.37317  1.37040  1.37658
  4364.79      2.2911  1.37188  1.37147  1.37312  1.37020  1.37645
  4363.29      2.2919  1.37181  1.37142  1.37307  1.37005  1.37643
  4361.79      2.2926  1.37173  1.37137  1.37302  1.36994  1.37631
  4360.29      2.2934  1.37165  1.37133  1.37297  1.36986  1.37604
  4358.79      2.2942  1.37158  1.37129  1.37291  1.36989  1.37595
  4357.29      2.2950  1.37148  1.37125  1.37284  1.36988  1.37608
  4355.79      2.2958  1.37139  1.37122  1.37276  1.36967  1.37617
  4354.29      2.2966  1.37129  1.37117  1.37267  1.36943  1.37607
  4352.79      2.2974  1.37119  1.37112  1.37257  1.36939  1.37598
  4351.29      2.2982  1.37110  1.37107  1.37246  1.36934  1.37597
  4349.79      2.2990  1.37101  1.37102  1.37235  1.36910  1.37584
  4348.29      2.2998  1.37092  1.37096  1.37224  1.36887  1.37549
  4346.79      2.3006  1.37084  1.37090  1.37214  1.36881  1.37527
  4345.29      2.3013  1.37077  1.37082  1.37204  1.36887  1.37527
  4343.79      2.3021  1.37070  1.37073  1.37194  1.36893  1.37515
  4342.29      2.3029  1.37062  1.37064  1.37185  1.36896  1.37492
  4340.79      2.3037  1.37054  1.37054  1.37178  1.36892  1.37475
  4339.29      2.3045  1.37047  1.37043  1.37171  1.36885  1.37476
  4337.79      2.3053  1.37039  1.37032  1.37166  1.36881  1.37482
  4336.29      2.3061  1.37031  1.37022  1.37161  1.36875  1.37484
  4334.79      2.3069  1.37022  1.37012  1.37156  1.36862  1.37487
  4333.28      2.3077  1.37013  1.37004  1.37153  1.36853  1.37477
  4331.78      2.3085  1.37004  1.36997  1.37150  1.36844  1.37461
  4330.28      2.3093  1.36996  1.36990  1.37146  1.36836  1.37454
  4328.78      2.3101  1.36989  1.36984  1.37141  1.36834  1.37445
  4327.28      2.3109  1.36983  1.36978  1.37137  1.36831  1.37431
  4325.78      2.3117  1.36977  1.36972  1.37132  1.36813  1.37426
  4324.28      2.3125  1.36971  1.36966  1.37127  1.36790  1.37428
  4322.78      2.3133  1.36966  1.36960  1.37119  1.36786  1.37419
  4321.28      2.3141  1.36961  1.36954  1.37112  1.36794  1.37405
  4319.78      2.3149  1.36958  1.36948  1.37104  1.36790  1.37403
  4318.28      2.3157  1.36952  1.36941  1.37097  1.36776  1.37409
  4316.78      2.3165  1.36946  1.36934  1.37090  1.36769  1.37403
  4315.28      2.3173  1.36938  1.36927  1.37082  1.36752  1.37385
  4313.78      2.3182  1.36931  1.36920  1.37074  1.36723  1.37369
  4312.28      2.3190  1.36924  1.36914  1.37066  1.36711  1.37361
  4310.78      2.3198  1.36917  1.36908  1.37059  1.36717  1.37365
  4309.28      2.3206  1.36909  1.36902  1.37052  1.36714  1.37377
  4307.78      2.3214  1.36900  1.36896  1.37045  1.36711  1.37377
  4306.28      2.3222  1.36892  1.36889  1.37037  1.36713  1.37366
  4304.78      2.3230  1.36885  1.36882  1.37029  1.36706  1.37356
  4303.28      2.3238  1.36878  1.36876  1.37020  1.36691  1.37349
  4301.78      2.3246  1.36872  1.36868  1.37012  1.36686  1.37337
  4300.28      2.3254  1.36865  1.36861  1.37003  1.36682  1.37320
  4298.78      2.3262  1.36858  1.36853  1.36994  1.36679  1.37306
  4297.28      2.3271  1.36849  1.36846  1.36985  1.36686  1.37297
  4295.78      2.3279  1.36841  1.36838  1.36976  1.36687  1.37291
  4294.28      2.3287  1.36833  1.36831  1.36967  1.36660  1.37281
  4292.78      2.3295  1.36824  1.36823  1.36960  1.36625  1.37269
  4291.28      2.3303  1.36814  1.36816  1.36954  1.36613  1.37265
  4289.78      2.3311  1.36804  1.36808  1.36947  1.36621  1.37258
  4288.28      2.3319  1.36793  1.36800  1.36940  1.36632  1.37247
  4286.78      2.3328  1.36784  1.36792  1.36935  1.36632  1.37244
  4285.28      2.3336  1.36774  1.36784  1.36929  1.36627  1.37248
  4283.78      2.3344  1.36767  1.36776  1.36924  1.36628  1.37243
  4282.28      2.3352  1.36759  1.36767  1.36919  1.36624  1.37233
  4280.78      2.3360  1.36752  1.36759  1.36913  1.36610  1.37230
  4279.28      2.3368  1.36746  1.36751  1.36906  1.36593  1.37231
  4277.78      2.3377  1.36741  1.36744  1.36899  1.36575  1.37225
  4276.28      2.3385  1.36736  1.36737  1.36891  1.36549  1.37205
  4274.78      2.3393  1.36731  1.36730  1.36882  1.36528  1.37185
  4273.28      2.3401  1.36726  1.36724  1.36873  1.36531  1.37175
  4271.78      2.3409  1.36721  1.36718  1.36865  1.36551  1.37163
  4270.28      2.3418  1.36715  1.36713  1.36856  1.36560  1.37149
  4268.78      2.3426  1.36708  1.36706  1.36848  1.36540  1.37147
  4267.28      2.3434  1.36700  1.36698  1.36838  1.36515  1.37154
  4265.78      2.3442  1.36692  1.36690  1.36830  1.36503  1.37159
  4264.28      2.3451  1.36681  1.36680  1.36821  1.36504  1.37155
  4262.78      2.3459  1.36672  1.36671  1.36813  1.36509  1.37149
  4261.28      2.3467  1.36661  1.36662  1.36805  1.36507  1.37138
  4259.78      2.3475  1.36650  1.36651  1.36796  1.36489  1.37116
  4258.28      2.3484  1.36639  1.36642  1.36788  1.36468  1.37102
  4256.78      2.3492  1.36629  1.36633  1.36780  1.36450  1.37101
  4255.28      2.3500  1.36620  1.36625  1.36773  1.36435  1.37100
  4253.78      2.3509  1.36613  1.36619  1.36766  1.36426  1.37094
  4252.28      2.3517  1.36606  1.36614  1.36758  1.36420  1.37084
  4250.78      2.3525  1.36600  1.36608  1.36751  1.36405  1.37073
  4249.28      2.3533  1.36593  1.36600  1.36743  1.36387  1.37056
  4247.78      2.3542  1.36587  1.36593  1.36735  1.36382  1.37037
  4246.28      2.3550  1.36581  1.36585  1.36727  1.36384  1.37023
  4244.78      2.3558  1.36573  1.36577  1.36718  1.36378  1.37013
  4243.28      2.3567  1.36565  1.36569  1.36711  1.36368  1.36998
  4241.78      2.3575  1.36555  1.36559  1.36702  1.36363  1.36984
  4240.28      2.3583  1.36545  1.36551  1.36693  1.36364  1.36974
  4238.78      2.3592  1.36534  1.36542  1.36685  1.36360  1.36960
  4237.28      2.3600  1.36523  1.36535  1.36676  1.36344  1.36948
  4235.78      2.3608  1.36512  1.36527  1.36667  1.36324  1.36942
  4234.28      2.3617  1.36501  1.36520  1.36658  1.36306  1.36934
  4232.78      2.3625  1.36490  1.36513  1.36648  1.36294  1.36928
  4231.28      2.3634  1.36480  1.36505  1.36639  1.36288  1.36927
  4229.78      2.3642  1.36472  1.36499  1.36629  1.36285  1.36922
  4228.28      2.3650  1.36463  1.36491  1.36620  1.36278  1.36900
  4226.78      2.3659  1.36454  1.36483  1.36612  1.36267  1.36876
  4225.28      2.3667  1.36446  1.36474  1.36604  1.36253  1.36868
  4223.78      2.3675  1.36439  1.36464  1.36597  1.36235  1.36868
  4222.28      2.3684  1.36431  1.36454  1.36590  1.36218  1.36861
  4220.78      2.3692  1.36423  1.36444  1.36583  1.36215  1.36851
  4219.28      2.3701  1.36415  1.36433  1.36577  1.36223  1.36848
  4217.78      2.3709  1.36406  1.36421  1.36571  1.36224  1.36842
  4216.28      2.3718  1.36398  1.36409  1.36564  1.36209  1.36836
  4214.78      2.3726  1.36389  1.36398  1.36556  1.36181  1.36835
  4213.28      2.3735  1.36381  1.36386  1.36548  1.36162  1.36825
  4211.78      2.3743  1.36373  1.36374  1.36539  1.36174  1.36805
  4210.28      2.3751  1.36365  1.36364  1.36529  1.36194  1.36777
  4208.78      2.3760  1.36358  1.36354  1.36520  1.36188  1.36760
  4207.28      2.3768  1.36350  1.36346  1.36510  1.36162  1.36767
  4205.78      2.3777  1.36341  1.36337  1.36499  1.36145  1.36775
  4204.28      2.3785  1.36333  1.36329  1.36487  1.36138  1.36754
  4202.78      2.3794  1.36324  1.36321  1.36475  1.36129  1.36718
  4201.27      2.3802  1.36314  1.36313  1.36464  1.36114  1.36697
  4199.77      2.3811  1.36303  1.36306  1.36452  1.36097  1.36691
  4198.27      2.3819  1.36291  1.36298  1.36440  1.36075  1.36689
  4196.77      2.3828  1.36279  1.36290  1.36429  1.36048  1.36690
  4195.27      2.3836  1.36268  1.36282  1.36419  1.36028  1.36683
  4193.77      2.3845  1.36259  1.36274  1.36411  1.36024  1.36662
  4192.27      2.3853  1.36248  1.36265  1.36402  1.36029  1.36645
  4190.77      2.3862  1.36238  1.36256  1.36394  1.36037  1.36645
  4189.27      2.3870  1.36229  1.36247  1.36387  1.36048  1.36650
  4187.77      2.3879  1.36220  1.36237  1.36379  1.36053  1.36643
  4186.27      2.3888  1.36212  1.36228  1.36371  1.36046  1.36624
  4184.77      2.3896  1.36205  1.36218  1.36363  1.36037  1.36611
  4183.27      2.3905  1.36196  1.36207  1.36354  1.36031  1.36611
  4181.77      2.3913  1.36188  1.36196  1.36346  1.36020  1.36614
  4180.27      2.3922  1.36179  1.36184  1.36337  1.35992  1.36614
  4178.77      2.3930  1.36168  1.36173  1.36327  1.35965  1.36610
  4177.27      2.3939  1.36157  1.36162  1.36318  1.35962  1.36605
  4175.77      2.3948  1.36146  1.36151  1.36310  1.35974  1.36598
  4174.27      2.3956  1.36135  1.36139  1.36301  1.35978  1.36582
  4172.77      2.3965  1.36123  1.36128  1.36292  1.35973  1.36568
  4171.27      2.3973  1.36111  1.36117  1.36283  1.35965  1.36567
  4169.77      2.3982  1.36099  1.36106  1.36273  1.35954  1.36567
  4168.27      2.3991  1.36088  1.36096  1.36264  1.35936  1.36554
  4166.77      2.3999  1.36079  1.36087  1.36255  1.35916  1.36537
  4165.27      2.4008  1.36069  1.36077  1.36245  1.35903  1.36521
  4163.77      2.4017  1.36060  1.36069  1.36236  1.35890  1.36500
  4162.27      2.4025  1.36050  1.36061  1.36228  1.35872  1.36475
  4160.77      2.4034  1.36040  1.36055  1.36219  1.35856  1.36455
  4159.27      2.4043  1.36031  1.36049  1.36211  1.35839  1.36450
  4157.77      2.4051  1.36022  1.36044  1.36204  1.35822  1.36451
  4156.27      2.4060  1.36012  1.36040  1.36196  1.35820  1.36440
  4154.77      2.4069  1.36002  1.36034  1.36188  1.35826  1.36422
  4153.27      2.4077  1.35991  1.36028  1.36180  1.35817  1.36412
  4151.77      2.4086  1.35980  1.36021  1.36172  1.35807  1.36412
  4150.27      2.4095  1.35971  1.36013  1.36164  1.35803  1.36408
  4148.77      2.4104  1.35962  1.36004  1.36157  1.35797  1.36394
  4147.27      2.4112  1.35952  1.35994  1.36149  1.35789  1.36377
  4145.77      2.4121  1.35943  1.35983  1.36141  1.35780  1.36362
  4144.27      2.4130  1.35935  1.35972  1.36132  1.35764  1.36342
  4142.77      2.4138  1.35927  1.35961  1.36123  1.35747  1.36326
  4141.27      2.4147  1.35920  1.35950  1.36115  1.35729  1.36322
  4139.77      2.4156  1.35913  1.35940  1.36107  1.35714  1.36319
  4138.27      2.4165  1.35905  1.35930  1.36097  1.35705  1.36304
  4136.77      2.4173  1.35897  1.35919  1.36088  1.35691  1.36284
  4135.27      2.4182  1.35890  1.35909  1.36077  1.35671  1.36274
  4133.77      2.4191  1.35882  1.35897  1.36066  1.35663  1.36266
  4132.27      2.4200  1.35874  1.35886  1.36055  1.35665  1.36253
  4130.77      2.4209  1.35866  1.35874  1.36045  1.35652  1.36242
  4129.27      2.4217  1.35857  1.35863  1.36033  1.35629  1.36237
  4127.77      2.4226  1.35848  1.35851  1.36021  1.35620  1.36227
  4126.27      2.4235  1.35838  1.35840  1.36008  1.35622  1.36215
  4124.77      2.4244  1.35827  1.35829  1.35997  1.35612  1.36208
  4123.27      2.4253  1.35818  1.35816  1.35984  1.35585  1.36202
  4121.77      2.4261  1.35807  1.35807  1.35973  1.35561  1.36183
  4120.27      2.4270  1.35796  1.35796  1.35961  1.35549  1.36154
  4118.77      2.4279  1.35784  1.35786  1.35950  1.35535  1.36131
  4117.27      2.4288  1.35771  1.35775  1.35939  1.35517  1.36116
  4115.77      2.4297  1.35759  1.35764  1.35929  1.35502  1.36102
  4114.27      2.4306  1.35748  1.35754  1.35919  1.35491  1.36092
  4112.77      2.4315  1.35736  1.35745  1.35909  1.35486  1.36097
  4111.27      2.4323  1.35724  1.35734  1.35898  1.35488  1.36106
  4109.77      2.4332  1.35711  1.35725  1.35888  1.35486  1.36091
  4108.27      2.4341  1.35699  1.35714  1.35878  1.35468  1.36051
  4106.77      2.4350  1.35686  1.35703  1.35866  1.35437  1.36023
  4105.27      2.4359  1.35674  1.35693  1.35855  1.35416  1.36022
  4103.77      2.4368  1.35662  1.35683  1.35844  1.35417  1.36026
  4102.27      2.4377  1.35650  1.35671  1.35832  1.35425  1.36015
  4100.77      2.4386  1.35638  1.35660  1.35821  1.35427  1.35998
  4099.27      2.4395  1.35625  1.35650  1.35810  1.35417  1.35990
  4097.77      2.4404  1.35613  1.35640  1.35801  1.35388  1.35983
  4096.27      2.4412  1.35603  1.35631  1.35792  1.35354  1.35966
  4094.77      2.4421  1.35594  1.35621  1.35784  1.35329  1.35948
  4093.27      2.4430  1.35586  1.35610  1.35774  1.35311  1.35934
  4091.77      2.4439  1.35578  1.35599  1.35766  1.35298  1.35911
  4090.27      2.4448  1.35570  1.35589  1.35757  1.35293  1.35891
  4088.77      2.4457  1.35563  1.35579  1.35749  1.35290  1.35885
  4087.27      2.4466  1.35556  1.35568  1.35741  1.35285  1.35888
  4085.77      2.4475  1.35548  1.35557  1.35732  1.35280  1.35891
  4084.27      2.4484  1.35538  1.35546  1.35722  1.35274  1.35886
  4082.77      2.4493  1.35528  1.35536  1.35712  1.35271  1.35871
  4081.27      2.4502  1.35516  1.35525  1.35700  1.35263  1.35853
  4079.77      2.4511  1.35503  1.35514  1.35688  1.35252  1.35842
  4078.27      2.4520  1.35489  1.35502  1.35676  1.35252  1.35839
  4076.77      2.4529  1.35474  1.35489  1.35662  1.35263  1.35840
  4075.27      2.4538  1.35459  1.35477  1.35648  1.35259  1.35837
  4073.77      2.4547  1.35444  1.35464  1.35634  1.35226  1.35830
  4072.27      2.4556  1.35429  1.35451  1.35621  1.35181  1.35814
  4070.77      2.4565  1.35414  1.35439  1.35608  1.35157  1.35784
  4069.27      2.4574  1.35400  1.35426  1.35595  1.35154  1.35758
  4067.77      2.4584  1.35386  1.35415  1.35584  1.35158  1.35752
  4066.26      2.4593  1.35373  1.35404  1.35573  1.35164  1.35751
  4064.76      2.4602  1.35361  1.35394  1.35563  1.35160  1.35736
  4063.26      2.4611  1.35350  1.35386  1.35553  1.35145  1.35722
  4061.76      2.4620  1.35339  1.35376  1.35545  1.35134  1.35722
  4060.26      2.4629  1.35328  1.35367  1.35535  1.35133  1.35719
  4058.76      2.4638  1.35318  1.35356  1.35525  1.35127  1.35703
  4057.26      2.4647  1.35309  1.35347  1.35515  1.35109  1.35677
  4055.76      2.4656  1.35300  1.35338  1.35506  1.35087  1.35654
  4054.26      2.4665  1.35291  1.35327  1.35496  1.35077  1.35647
  4052.76      2.4675  1.35284  1.35316  1.35487  1.35075  1.35641
  4051.26      2.4684  1.35276  1.35304  1.35477  1.35066  1.35619
  4049.76      2.4693  1.35267  1.35293  1.35467  1.35051  1.35589
  4048.26      2.4702  1.35259  1.35284  1.35456  1.35037  1.35575
  4046.76      2.4711  1.35252  1.35275  1.35446  1.35022  1.35577
  4045.26      2.4720  1.35243  1.35265  1.35435  1.35000  1.35588
  4043.76      2.4729  1.35232  1.35255  1.35424  1.34986  1.35592
  4042.26      2.4739  1.35221  1.35245  1.35410  1.34982  1.35575
  4040.76      2.4748  1.35211  1.35236  1.35395  1.34967  1.35545
  4039.26      2.4757  1.35200  1.35225  1.35381  1.34941  1.35519
  4037.76      2.4766  1.35189  1.35215  1.35367  1.34930  1.35498
  4036.26      2.4775  1.35178  1.35204  1.35353  1.34928  1.35480
  4034.76      2.4785  1.35167  1.35193  1.35340  1.34915  1.35471
  4033.26      2.4794  1.35157  1.35181  1.35327  1.34895  1.35462
  4031.76      2.4803  1.35146  1.35170  1.35315  1.34879  1.35453
  4030.26      2.4812  1.35137  1.35160  1.35303  1.34862  1.35450
  4028.76      2.4822  1.35127  1.35149  1.35292  1.34838  1.35443
  4027.26      2.4831  1.35117  1.35139  1.35282  1.34814  1.35425
  4025.76      2.4840  1.35104  1.35128  1.35270  1.34793  1.35402
  4024.26      2.4849  1.35091  1.35116  1.35257  1.34776  1.35375
  4022.76      2.4859  1.35078  1.35103  1.35244  1.34770  1.35356
  4021.26      2.4868  1.35065  1.35090  1.35231  1.34769  1.35348
  4019.76      2.4877  1.35051  1.35076  1.35218  1.34764  1.35343
  4018.26      2.4886  1.35037  1.35062  1.35205  1.34755  1.35337
  4016.76      2.4896  1.35024  1.35048  1.35192  1.34743  1.35328
  4015.26      2.4905  1.35010  1.35033  1.35180  1.34732  1.35311
  4013.76      2.4914  1.34999  1.35018  1.35168  1.34721  1.35288
  4012.26      2.4924  1.34987  1.35003  1.35155  1.34708  1.35266
  4010.76      2.4933  1.34976  1.34989  1.35143  1.34696  1.35244
  4009.26      2.4942  1.34964  1.34973  1.35130  1.34685  1.35221
  4007.76      2.4952  1.34952  1.34957  1.35117  1.34664  1.35199
  4006.26      2.4961  1.34938  1.34942  1.35104  1.34638  1.35186
  4004.76      2.4970  1.34925  1.34926  1.35090  1.34624  1.35189
  4003.26      2.4980  1.34912  1.34912  1.35077  1.34623  1.35199
  4001.76      2.4989  1.34898  1.34898  1.35066  1.34621  1.35196
  4000.26      2.4998  1.34883  1.34885  1.35055  1.34608  1.35174
  3998.76      2.5008  1.34868  1.34872  1.35045  1.34589  1.35150
  3997.26      2.5017  1.34854  1.34861  1.35034  1.34574  1.35136
  3995.76      2.5027  1.34839  1.34850  1.35023  1.34561  1.35125
  3994.26      2.5036  1.34825  1.34839  1.35013  1.34547  1.35114
  3992.76      2.5045  1.34811  1.34829  1.35002  1.34538  1.35106
  3991.26      2.5055  1.34798  1.34818  1.34990  1.34522  1.35092
  3989.76      2.5064  1.34784  1.34806  1.34976  1.34496  1.35061
  3988.26      2.5074  1.34771  1.34794  1.34962  1.34481  1.35027
  3986.76      2.5083  1.34758  1.34782  1.34948  1.34478  1.35013
  3985.26      2.5092  1.34748  1.34770  1.34936  1.34465  1.35022
  3983.76      2.5102  1.34738  1.34758  1.34924  1.34441  1.35030
  3982.26      2.5111  1.34728  1.34747  1.34913  1.34431  1.35022
  3980.76      2.5121  1.34718  1.34736  1.34902  1.34432  1.34999
  3979.26      2.5130  1.34709  1.34725  1.34892  1.34426  1.34981
  3977.76      2.5140  1.34699  1.34715  1.34882  1.34407  1.34971
  3976.26      2.5149  1.34690  1.34704  1.34872  1.34386  1.34957
  3974.76      2.5159  1.34679  1.34693  1.34861  1.34369  1.34934
  3973.26      2.5168  1.34667  1.34680  1.34848  1.34354  1.34915
  3971.76      2.5178  1.34656  1.34667  1.34836  1.34345  1.34901
  3970.26      2.5187  1.34643  1.34653  1.34823  1.34345  1.34882
  3968.76      2.5197  1.34628  1.34637  1.34810  1.34340  1.34858
  3967.26      2.5206  1.34616  1.34622  1.34797  1.34320  1.34842
  3965.76      2.5216  1.34602  1.34607  1.34785  1.34289  1.34836
  3964.26      2.5225  1.34590  1.34595  1.34774  1.34270  1.34828
  3962.76      2.5235  1.34579  1.34583  1.34766  1.34273  1.34808
  3961.26      2.5245  1.34570  1.34574  1.34759  1.34277  1.34786
  3959.76      2.5254  1.34562  1.34567  1.34754  1.34258  1.34778
  3958.26      2.5264  1.34555  1.34563  1.34751  1.34226  1.34784
  3956.76      2.5273  1.34551  1.34561  1.34750  1.34195  1.34782
  3955.26      2.5283  1.34548  1.34561  1.34751  1.34180  1.34770
  3953.76      2.5292  1.34547  1.34562  1.34752  1.34178  1.34748
  3952.26      2.5302  1.34546  1.34565  1.34757  1.34175  1.34713
  3950.76      2.5312  1.34546  1.34568  1.34758  1.34159  1.34680
  3949.26      2.5321  1.34542  1.34566  1.34757  1.34134  1.34653
  3947.76      2.5331  1.34534  1.34557  1.34751  1.34110  1.34634
  3946.26      2.5340  1.34523  1.34546  1.34742  1.34100  1.34634
  3944.76      2.5350  1.34514  1.34535  1.34733  1.34096  1.34649
  3943.26      2.5360  1.34505  1.34526  1.34724  1.34080  1.34645
  3941.76      2.5369  1.34493  1.34515  1.34711  1.34057  1.34622
  3940.26      2.5379  1.34479  1.34503  1.34696  1.34048  1.34610
  3938.76      2.5389  1.34466  1.34491  1.34682  1.34044  1.34607
  3937.26      2.5398  1.34455  1.34483  1.34672  1.34033  1.34593
  3935.76      2.5408  1.34450  1.34482  1.34668  1.34009  1.34581
  3934.26      2.5418  1.34449  1.34485  1.34669  1.33985  1.34573
  3932.76      2.5427  1.34447  1.34487  1.34671  1.33964  1.34549
  3931.25      2.5437  1.34442  1.34485  1.34669  1.33944  1.34519
  3929.75      2.5447  1.34436  1.34480  1.34667  1.33927  1.34504
  3928.25      2.5457  1.34432  1.34477  1.34668  1.33916  1.34496
  3926.75      2.5466  1.34430  1.34475  1.34670  1.33909  1.34487
  3925.25      2.5476  1.34425  1.34471  1.34670  1.33898  1.34465
  3923.75      2.5486  1.34413  1.34460  1.34661  1.33885  1.34430
  3922.25      2.5496  1.34395  1.34442  1.34643  1.33877  1.34411
  3920.75      2.5505  1.34373  1.34422  1.34620  1.33868  1.34415
  3919.25      2.5515  1.34350  1.34399  1.34595  1.33846  1.34419
  3917.75      2.5525  1.34326  1.34376  1.34569  1.33809  1.34400
  3916.25      2.5535  1.34304  1.34355  1.34544  1.33767  1.34359
  3914.75      2.5544  1.34289  1.34340  1.34524  1.33738  1.34322
  3913.25      2.5554  1.34285  1.34335  1.34516  1.33725  1.34308
  3911.75      2.5564  1.34295  1.34346  1.34525  1.33717  1.34305
  3910.25      2.5574  1.34318  1.34372  1.34552  1.33713  1.34300
  3908.75      2.5584  1.34349  1.34407  1.34591  1.33722  1.34292
  3907.25      2.5593  1.34386  1.34449  1.34635  1.33735  1.34292
  3905.75      2.5603  1.34422  1.34491  1.34680  1.33731  1.34299
  3904.25      2.5613  1.34453  1.34527  1.34721  1.33702  1.34296
  3902.75      2.5623  1.34471  1.34552  1.34750  1.33660  1.34270
  3901.25      2.5633  1.34472  1.34559  1.34760  1.33617  1.34232
  3899.75      2.5643  1.34454  1.34546  1.34747  1.33566  1.34188
  3898.25      2.5653  1.34421  1.34515  1.34715  1.33529  1.34148
  3896.75      2.5662  1.34383  1.34479  1.34677  1.33535  1.34133
  3895.25      2.5672  1.34347  1.34445  1.34639  1.33560  1.34138
  3893.75      2.5682  1.34317  1.34417  1.34609  1.33579  1.34152
  3892.25      2.5692  1.34295  1.34396  1.34586  1.33559  1.34142
  3890.75      2.5702  1.34276  1.34379  1.34568  1.33505  1.34096
  3889.25      2.5712  1.34263  1.34366  1.34555  1.33480  1.34066
  3887.75      2.5722  1.34256  1.34359  1.34551  1.33503  1.34072
  3886.25      2.5732  1.34254  1.34359  1.34554  1.33502  1.34048
  3884.75      2.5742  1.34254  1.34358  1.34557  1.33443  1.33985
  3883.25      2.5752  1.34248  1.34350  1.34554  1.33408  1.33963
  3881.75      2.5762  1.34241  1.34341  1.34550  1.33410  1.33972
  3880.25      2.5772  1.34232  1.34330  1.34544  1.33389  1.33954
  3878.75      2.5781  1.34220  1.34317  1.34536  1.33344  1.33924
  3877.25      2.5791  1.34214  1.34309  1.34531  1.33333  1.33927
  3875.75      2.5801  1.34214  1.34312  1.34535  1.33342  1.33944
  3874.25      2.5811  1.34220  1.34320  1.34545  1.33327  1.33933
  3872.75      2.5821  1.34223  1.34328  1.34555  1.33314  1.33924
  3871.25      2.5831  1.34224  1.34332  1.34560  1.33314  1.33932
  3869.75      2.5841  1.34214  1.34326  1.34553  1.33278  1.33884
  3868.25      2.5851  1.34195  1.34306  1.34532  1.33238  1.33804
  3866.75      2.5862  1.34176  1.34288  1.34511  1.33229  1.33793
  3865.25      2.5872  1.34167  1.34278  1.34501  1.33216  1.33820
  3863.75      2.5882  1.34163  1.34275  1.34498  1.33182  1.33804
  3862.25      2.5892  1.34156  1.34271  1.34494  1.33155  1.33760
  3860.75      2.5902  1.34148  1.34264  1.34487  1.33135  1.33723
  3859.25      2.5912  1.34142  1.34260  1.34484  1.33128  1.33716
  3857.75      2.5922  1.34142  1.34260  1.34484  1.33152  1.33747
  3856.25      2.5932  1.34145  1.34268  1.34493  1.33192  1.33793
  3854.75      2.5942  1.34146  1.34274  1.34501  1.33189  1.33792
  3853.25      2.5952  1.34130  1.34261  1.34490  1.33093  1.33687
  3851.75      2.5962  1.34092  1.34223  1.34452  1.33020  1.33578
  3850.25      2.5972  1.34047  1.34175  1.34401  1.33015  1.33538
  3848.75      2.5982  1.34007  1.34133  1.34359  1.33016  1.33530
  3847.25      2.5993  1.33978  1.34104  1.34329  1.33006  1.33546
  3845.75      2.6003  1.33959  1.34086  1.34311  1.32987  1.33581
  3844.25      2.6013  1.33947  1.34075  1.34301  1.32958  1.33596
  3842.75      2.6023  1.33938  1.34067  1.34294  1.32938  1.33578
  3841.25      2.6033  1.33933  1.34062  1.34290  1.32934  1.33561
  3839.75      2.6043  1.33931  1.34062  1.34290  1.32924  1.33544
  3838.25      2.6054  1.33925  1.34056  1.34286  1.32892  1.33495
  3836.75      2.6064  1.33905  1.34036  1.34266  1.32847  1.33442
  3835.25      2.6074  1.33870  1.33995  1.34225  1.32816  1.33418
  3833.75      2.6084  1.33825  1.33944  1.34173  1.32803  1.33392
  3832.25      2.6094  1.33778  1.33894  1.34122  1.32791  1.33337
  3830.75      2.6105  1.33736  1.33847  1.34075  1.32767  1.33290
  3829.25      2.6115  1.33701  1.33807  1.34037  1.32744  1.33277
  3827.75      2.6125  1.33676  1.33780  1.34012  1.32720  1.33271
  3826.25      2.6135  1.33662  1.33765  1.34001  1.32692  1.33259
  3824.75      2.6146  1.33656  1.33762  1.34000  1.32683  1.33271
  3823.25      2.6156  1.33655  1.33765  1.34004  1.32690  1.33314
  3821.75      2.6166  1.33648  1.33761  1.34002  1.32660  1.33310
  3820.25      2.6176  1.33626  1.33741  1.33982  1.32599  1.33219
  3818.75      2.6187  1.33591  1.33704  1.33942  1.32581  1.33163
  3817.25      2.6197  1.33548  1.33660  1.33894  1.32564  1.33162
  3815.75      2.6207  1.33498  1.33608  1.33836  1.32499  1.33110
  3814.25      2.6217  1.33443  1.33550  1.33772  1.32450  1.33022
  3812.75      2.6228  1.33394  1.33500  1.33717  1.32448  1.32989
  3811.25      2.6238  1.33358  1.33463  1.33678  1.32450  1.32996
  3809.75      2.6248  1.33336  1.33443  1.33657  1.32446  1.33009
  3808.25      2.6259  1.33328  1.33439  1.33653  1.32423  1.33000
  3806.75      2.6269  1.33329  1.33446  1.33661  1.32369  1.32939
  3805.25      2.6280  1.33328  1.33448  1.33667  1.32345  1.32897
  3803.75      2.6290  1.33322  1.33446  1.33668  1.32375  1.32930
  3802.25      2.6300  1.33307  1.33435  1.33659  1.32373  1.32951
  3800.75      2.6311  1.33275  1.33403  1.33629  1.32296  1.32889
  3799.25      2.6321  1.33220  1.33346  1.33571  1.32239  1.32827
  3797.74      2.6331  1.33151  1.33271  1.33493  1.32218  1.32789
  3796.24      2.6342  1.33071  1.33185  1.33404  1.32187  1.32728
  3794.74      2.6352  1.32986  1.33094  1.33308  1.32149  1.32676
  3793.24      2.6363  1.32902  1.33006  1.33217  1.32122  1.32664
  3791.74      2.6373  1.32830  1.32929  1.33137  1.32099  1.32649
  3790.24      2.6384  1.32772  1.32866  1.33073  1.32082  1.32621
  3788.74      2.6394  1.32728  1.32821  1.33025  1.32072  1.32600
  3787.24      2.6404  1.32699  1.32791  1.32995  1.32051  1.32587
  3785.74      2.6415  1.32677  1.32771  1.32974  1.32018  1.32561
  3784.24      2.6425  1.32660  1.32753  1.32956  1.31995  1.32529
  3782.74      2.6436  1.32648  1.32740  1.32944  1.31988  1.32521
  3781.24      2.6446  1.32643  1.32734  1.32939  1.31980  1.32529
  3779.74      2.6457  1.32637  1.32728  1.32934  1.31945  1.32502
  3778.24      2.6467  1.32625  1.32716  1.32922  1.31891  1.32440
  3776.74      2.6478  1.32610  1.32700  1.32908  1.31849  1.32397
  3775.24      2.6488  1.32594  1.32684  1.32895  1.31818  1.32369
  3773.74      2.6499  1.32581  1.32671  1.32886  1.31796  1.32347
  3772.24      2.6509  1.32572  1.32665  1.32882  1.31799  1.32346
  3770.74      2.6520  1.32565  1.32663  1.32884  1.31791  1.32336
  3769.24      2.6531  1.32557  1.32660  1.32884  1.31737  1.32283
  3767.74      2.6541  1.32545  1.32654  1.32880  1.31681  1.32234
  3766.24      2.6552  1.32534  1.32648  1.32876  1.31645  1.32206
  3764.74      2.6562  1.32527  1.32646  1.32876  1.31606  1.32175
  3763.24      2.6573  1.32530  1.32656  1.32887  1.31568  1.32155
  3761.74      2.6583  1.32547  1.32681  1.32914  1.31537  1.32151
  3760.24      2.6594  1.32575  1.32717  1.32953  1.31512  1.32129
  3758.74      2.6605  1.32606  1.32756  1.32996  1.31488  1.32082
  3757.24      2.6615  1.32642  1.32801  1.33046  1.31465  1.32032
  3755.74      2.6626  1.32687  1.32857  1.33109  1.31454  1.32006
  3754.24      2.6637  1.32743  1.32923  1.33183  1.31460  1.32022
  3752.74      2.6647  1.32797  1.32988  1.33256  1.31451  1.32048
  3751.24      2.6658  1.32835  1.33036  1.33312  1.31401  1.32040
  3749.74      2.6669  1.32848  1.33058  1.33339  1.31317  1.31959
  3748.24      2.6679  1.32843  1.33058  1.33345  1.31268  1.31886
  3746.74      2.6690  1.32835  1.33056  1.33345  1.31288  1.31894
  3745.24      2.6701  1.32826  1.33051  1.33343  1.31276  1.31881
  3743.74      2.6711  1.32805  1.33033  1.33327  1.31182  1.31767
  3742.24      2.6722  1.32769  1.32996  1.33290  1.31130  1.31691
  3740.74      2.6733  1.32723  1.32949  1.33242  1.31124  1.31696
  3739.24      2.6743  1.32680  1.32901  1.33195  1.31117  1.31715
  3737.74      2.6754  1.32642  1.32862  1.33157  1.31109  1.31728
  3736.24      2.6765  1.32606  1.32821  1.33119  1.31085  1.31705
  3734.74      2.6776  1.32554  1.32764  1.33062  1.31035  1.31624
  3733.24      2.6786  1.32483  1.32686  1.32983  1.30987  1.31547
  3731.74      2.6797  1.32398  1.32595  1.32890  1.30927  1.31493
  3730.24      2.6808  1.32312  1.32502  1.32796  1.30870  1.31461
  3728.74      2.6819  1.32228  1.32412  1.32703  1.30842  1.31456
  3727.24      2.6830  1.32142  1.32323  1.32608  1.30812  1.31433
  3725.74      2.6840  1.32053  1.32231  1.32513  1.30762  1.31378
  3724.24      2.6851  1.31969  1.32145  1.32422  1.30709  1.31321
  3722.74      2.6862  1.31897  1.32072  1.32347  1.30657  1.31275
  3721.24      2.6873  1.31843  1.32019  1.32292  1.30615  1.31214
  3719.74      2.6884  1.31802  1.31979  1.32252  1.30585  1.31143
  3718.24      2.6894  1.31768  1.31946  1.32219  1.30552  1.31082
  3716.74      2.6905  1.31738  1.31918  1.32192  1.30508  1.31047
  3715.24      2.6916  1.31711  1.31893  1.32168  1.30469  1.31046
  3713.74      2.6927  1.31689  1.31873  1.32151  1.30436  1.31053
  3712.24      2.6938  1.31667  1.31851  1.32130  1.30387  1.31026
  3710.74      2.6949  1.31631  1.31815  1.32094  1.30324  1.30959
  3709.24      2.6960  1.31578  1.31760  1.32037  1.30260  1.30885
  3707.74      2.6971  1.31512  1.31693  1.31968  1.30197  1.30819
  3706.24      2.6982  1.31444  1.31621  1.31893  1.30146  1.30778
  3704.74      2.6992  1.31376  1.31551  1.31820  1.30113  1.30766
  3703.24      2.7003  1.31311  1.31486  1.31751  1.30080  1.30744
  3701.74      2.7014  1.31252  1.31426  1.31688  1.30031  1.30671
  3700.24      2.7025  1.31201  1.31375  1.31636  1.29965  1.30576
  3698.74      2.7036  1.31161  1.31338  1.31600  1.29899  1.30509
  3697.24      2.7047  1.31137  1.31317  1.31580  1.29836  1.30458
  3695.74      2.7058  1.31124  1.31306  1.31572  1.29784  1.30418
  3694.24      2.7069  1.31113  1.31299  1.31569  1.29754  1.30404
  3692.74      2.7080  1.31102  1.31292  1.31565  1.29733  1.30402
  3691.24      2.7091  1.31085  1.31277  1.31556  1.29700  1.30391
  3689.74      2.7102  1.31056  1.31251  1.31533  1.29630  1.30331
  3688.24      2.7113  1.31017  1.31214  1.31498  1.29516  1.30204
  3686.74      2.7124  1.30975  1.31173  1.31459  1.29421  1.30092
  3685.24      2.7135  1.30937  1.31138  1.31425  1.29377  1.30041
  3683.74      2.7146  1.30904  1.31110  1.31400  1.29335  1.30009
  3682.24      2.7157  1.30880  1.31093  1.31387  1.29276  1.29968
  3680.74      2.7168  1.30868  1.31090  1.31387  1.29220  1.29922
  3679.24      2.7180  1.30863  1.31096  1.31396  1.29173  1.29879
  3677.74      2.7191  1.30860  1.31103  1.31407  1.29147  1.29863
  3676.24      2.7202  1.30849  1.31102  1.31411  1.29095  1.29824
  3674.74      2.7213  1.30819  1.31081  1.31393  1.28984  1.29706
  3673.24      2.7224  1.30765  1.31034  1.31345  1.28911  1.29621
  3671.74      2.7235  1.30694  1.30965  1.31275  1.28874  1.29595
  3670.24      2.7246  1.30603  1.30875  1.31183  1.28785  1.29529
  3668.74      2.7257  1.30493  1.30762  1.31066  1.28688  1.29412
  3667.24      2.7268  1.30371  1.30635  1.30934  1.28643  1.29322
  3665.74      2.7280  1.30247  1.30508  1.30801  1.28604  1.29268
  3664.24      2.7291  1.30135  1.30393  1.30681  1.28554  1.29222
  3662.73      2.7302  1.30046  1.30304  1.30590  1.28510  1.29172
  3661.23      2.7313  1.29991  1.30251  1.30539  1.28463  1.29119
  3659.73      2.7324  1.29966  1.30233  1.30525  1.28406  1.29069
  3658.23      2.7336  1.29963  1.30240  1.30539  1.28334  1.29026
  3656.73      2.7347  1.29975  1.30263  1.30569  1.28238  1.28965
  3655.23      2.7358  1.29993  1.30291  1.30605  1.28153  1.28888
  3653.73      2.7369  1.30009  1.30315  1.30638  1.28125  1.28847
  3652.23      2.7380  1.30021  1.30334  1.30663  1.28118  1.28846
  3650.73      2.7392  1.30017  1.30336  1.30670  1.28065  1.28831
  3649.23      2.7403  1.29986  1.30304  1.30638  1.27961  1.28763
  3647.73      2.7414  1.29916  1.30229  1.30562  1.27868  1.28657
  3646.23      2.7426  1.29816  1.30121  1.30449  1.27820  1.28544
  3644.73      2.7437  1.29703  1.29998  1.30318  1.27801  1.28462
  3643.23      2.7448  1.29590  1.29876  1.30190  1.27766  1.28403
  3641.73      2.7459  1.29485  1.29764  1.30073  1.27703  1.28345
  3640.23      2.7471  1.29394  1.29668  1.29974  1.27645  1.28292
  3638.73      2.7482  1.29319  1.29591  1.29896  1.27601  1.28251
  3637.23      2.7493  1.29262  1.29533  1.29840  1.27554  1.28214
  3635.73      2.7505  1.29225  1.29498  1.29807  1.27514  1.28174
  3634.23      2.7516  1.29204  1.29480  1.29794  1.27481  1.28118
  3632.73      2.7527  1.29193  1.29475  1.29791  1.27455  1.28061
  3631.23      2.7539  1.29189  1.29473  1.29795  1.27439  1.28027
  3629.73      2.7550  1.29181  1.29470  1.29796  1.27391  1.27976
  3628.23      2.7562  1.29158  1.29448  1.29777  1.27302  1.27870
  3626.73      2.7573  1.29119  1.29408  1.29737  1.27248  1.27781
  3625.23      2.7584  1.29072  1.29360  1.29688  1.27226  1.27744
  3623.73      2.7596  1.29026  1.29312  1.29640  1.27201  1.27725
  3622.23      2.7607  1.28983  1.29268  1.29598  1.27186  1.27721
  3620.73      2.7619  1.28944  1.29228  1.29560  1.27184  1.27716
  3619.23      2.7630  1.28901  1.29184  1.29518  1.27152  1.27663
  3617.73      2.7642  1.28854  1.29132  1.29468  1.27098  1.27589
  3616.23      2.7653  1.28804  1.29078  1.29414  1.27074  1.27554
  3614.73      2.7665  1.28757  1.29025  1.29363  1.27067  1.27532
  3613.23      2.7676  1.28708  1.28970  1.29311  1.27041  1.27480
  3611.73      2.7688  1.28654  1.28910  1.29250  1.27009  1.27415
  3610.23      2.7699  1.28594  1.28842  1.29180  1.26988  1.27369
  3608.73      2.7711  1.28528  1.28770  1.29102  1.26964  1.27324
  3607.23      2.7722  1.28459  1.28693  1.29019  1.26934  1.27277
  3605.73      2.7734  1.28391  1.28620  1.28936  1.26925  1.27240
  3604.23      2.7745  1.28328  1.28553  1.28860  1.26931  1.27204
  3602.73      2.7757  1.28272  1.28495  1.28791  1.26930  1.27172
  3601.23      2.7768  1.28222  1.28443  1.28729  1.26915  1.27153
  3599.73      2.7780  1.28179  1.28400  1.28677  1.26892  1.27136
  3598.23      2.7791  1.28145  1.28365  1.28634  1.26864  1.27110
  3596.73      2.7803  1.28117  1.28337  1.28599  1.26839  1.27069
  3595.23      2.7815  1.28095  1.28312  1.28569  1.26830  1.27015
  3593.73      2.7826  1.28071  1.28286  1.28539  1.26832  1.26964
  3592.23      2.7838  1.28048  1.28255  1.28507  1.26824  1.26935
  3590.73      2.7849  1.28022  1.28221  1.28472  1.26815  1.26928
  3589.23      2.7861  1.27994  1.28184  1.28435  1.26823  1.26928
  3587.73      2.7873  1.27961  1.28139  1.28389  1.26822  1.26904
  3586.23      2.7884  1.27915  1.28080  1.28327  1.26799  1.26867
  3584.73      2.7896  1.27861  1.28009  1.28254  1.26783  1.26850
  3583.23      2.7908  1.27802  1.27933  1.28175  1.26775  1.26826
  3581.73      2.7919  1.27744  1.27861  1.28101  1.26766  1.26789
  3580.23      2.7931  1.27693  1.27796  1.28034  1.26768  1.26763
  3578.73      2.7943  1.27652  1.27744  1.27978  1.26784  1.26746
  3577.23      2.7955  1.27620  1.27702  1.27936  1.26789  1.26731
  3575.73      2.7966  1.27598  1.27673  1.27905  1.26773  1.26718
  3574.23      2.7978  1.27586  1.27654  1.27886  1.26750  1.26701
  3572.73      2.7990  1.27582  1.27647  1.27879  1.26733  1.26678
  3571.23      2.8002  1.27586  1.27648  1.27879  1.26734  1.26662
  3569.73      2.8013  1.27591  1.27651  1.27882  1.26751  1.26668
  3568.23      2.8025  1.27591  1.27649  1.27878  1.26755  1.26675
  3566.73      2.8037  1.27579  1.27632  1.27859  1.26738  1.26650
  3565.23      2.8049  1.27552  1.27598  1.27822  1.26742  1.26608
  3563.73      2.8061  1.27513  1.27553  1.27770  1.26759  1.26587
  3562.23      2.8072  1.27470  1.27504  1.27712  1.26765  1.26588
  3560.73      2.8084  1.27424  1.27451  1.27650  1.26769  1.26582
  3559.23      2.8096  1.27377  1.27399  1.27587  1.26771  1.26563
  3557.73      2.8108  1.27332  1.27349  1.27527  1.26767  1.26551
  3556.23      2.8120  1.27292  1.27305  1.27474  1.26759  1.26556
  3554.73      2.8132  1.27262  1.27271  1.27431  1.26761  1.26569
  3553.23      2.8143  1.27240  1.27246  1.27401  1.26783  1.26570
  3551.73      2.8155  1.27223  1.27225  1.27377  1.26816  1.26562
  3550.23      2.8167  1.27208  1.27204  1.27356  1.26835  1.26551
  3548.73      2.8179  1.27193  1.27183  1.27339  1.26836  1.26534
  3547.23      2.8191  1.27178  1.27162  1.27321  1.26832  1.26516
  3545.73      2.8203  1.27159  1.27135  1.27299  1.26826  1.26508
  3544.23      2.8215  1.27135  1.27102  1.27270  1.26831  1.26504
  3542.73      2.8227  1.27107  1.27064  1.27232  1.26843  1.26503
  3541.23      2.8239  1.27077  1.27026  1.27191  1.26842  1.26509
  3539.73      2.8251  1.27051  1.26992  1.27153  1.26836  1.26518
  3538.23      2.8263  1.27029  1.26965  1.27117  1.26851  1.26517
  3536.73      2.8275  1.27011  1.26942  1.27085  1.26882  1.26511
  3535.23      2.8287  1.26996  1.26922  1.27055  1.26896  1.26502
  3533.73      2.8299  1.26985  1.26908  1.27030  1.26893  1.26500
  3532.23      2.8311  1.26979  1.26899  1.27012  1.26902  1.26523
  3530.73      2.8323  1.26976  1.26895  1.26999  1.26927  1.26551
  3529.23      2.8335  1.26976  1.26892  1.26989  1.26946  1.26564
  3527.72      2.8347  1.26973  1.26885  1.26979  1.26944  1.26564
  3526.22      2.8359  1.26967  1.26873  1.26964  1.26935  1.26564
  3524.72      2.8371  1.26956  1.26858  1.26944  1.26943  1.26568
  3523.22      2.8383  1.26941  1.26839  1.26921  1.26965  1.26568
  3521.72      2.8395  1.26923  1.26816  1.26894  1.26987  1.26564
  3520.22      2.8407  1.26901  1.26793  1.26868  1.27006  1.26558
  3518.72      2.8419  1.26881  1.26768  1.26840  1.27017  1.26556
  3517.22      2.8432  1.26861  1.26744  1.26814  1.27026  1.26564
  3515.72      2.8444  1.26843  1.26723  1.26792  1.27050  1.26577
  3514.22      2.8456  1.26830  1.26707  1.26775  1.27090  1.26583
  3512.72      2.8468  1.26820  1.26696  1.26764  1.27124  1.26586
  3511.22      2.8480  1.26816  1.26688  1.26756  1.27134  1.26587
  3509.72      2.8492  1.26815  1.26683  1.26750  1.27139  1.26589
  3508.22      2.8504  1.26815  1.26679  1.26744  1.27144  1.26602
  3506.72      2.8517  1.26815  1.26675  1.26738  1.27154  1.26631
  3505.22      2.8529  1.26816  1.26671  1.26731  1.27175  1.26665
  3503.72      2.8541  1.26816  1.26667  1.26721  1.27195  1.26676
  3502.22      2.8553  1.26814  1.26660  1.26708  1.27210  1.26676
  3500.72      2.8566  1.26809  1.26649  1.26689  1.27226  1.26690
  3499.22      2.8578  1.26803  1.26636  1.26669  1.27245  1.26706
  3497.72      2.8590  1.26795  1.26624  1.26650  1.27256  1.26712
  3496.22      2.8602  1.26789  1.26612  1.26632  1.27261  1.26721
  3494.72      2.8615  1.26782  1.26600  1.26615  1.27267  1.26737
  3493.22      2.8627  1.26775  1.26590  1.26600  1.27281  1.26753
  3491.72      2.8639  1.26769  1.26580  1.26588  1.27310  1.26771
  3490.22      2.8651  1.26765  1.26572  1.26580  1.27349  1.26802
  3488.72      2.8664  1.26763  1.26566  1.26576  1.27386  1.26835
  3487.22      2.8676  1.26762  1.26563  1.26573  1.27412  1.26848
  3485.72      2.8688  1.26761  1.26559  1.26570  1.27425  1.26848
  3484.22      2.8701  1.26761  1.26556  1.26567  1.27437  1.26860
  3482.72      2.8713  1.26760  1.26552  1.26563  1.27451  1.26874
  3481.22      2.8726  1.26760  1.26547  1.26558  1.27477  1.26881
  3479.72      2.8738  1.26759  1.26542  1.26549  1.27513  1.26894
  3478.22      2.8750  1.26758  1.26534  1.26539  1.27544  1.26921
  3476.72      2.8763  1.26756  1.26526  1.26528  1.27572  1.26951
  3475.22      2.8775  1.26754  1.26518  1.26516  1.27596  1.26961
  3473.72      2.8788  1.26754  1.26511  1.26506  1.27606  1.26960
  3472.22      2.8800  1.26755  1.26503  1.26494  1.27617  1.26972
  3470.72      2.8812  1.26756  1.26496  1.26484  1.27639  1.26990
  3469.22      2.8825  1.26757  1.26491  1.26475  1.27664  1.27012
  3467.72      2.8837  1.26759  1.26486  1.26467  1.27682  1.27039
  3466.22      2.8850  1.26763  1.26483  1.26461  1.27700  1.27068
  3464.72      2.8862  1.26766  1.26482  1.26453  1.27720  1.27093
  3463.22      2.8875  1.26768  1.26480  1.26447  1.27743  1.27110
  3461.72      2.8887  1.26769  1.26479  1.26441  1.27768  1.27123
  3460.22      2.8900  1.26771  1.26479  1.26436  1.27793  1.27139
  3458.72      2.8912  1.26774  1.26479  1.26432  1.27812  1.27163
  3457.22      2.8925  1.26778  1.26482  1.26430  1.27836  1.27188
  3455.72      2.8938  1.26783  1.26485  1.26431  1.27869  1.27212
  3454.22      2.8950  1.26789  1.26489  1.26434  1.27903  1.27239
  3452.72      2.8963  1.26795  1.26494  1.26437  1.27931  1.27258
  3451.22      2.8975  1.26803  1.26499  1.26444  1.27952  1.27269
  3449.72      2.8988  1.26812  1.26504  1.26451  1.27967  1.27289
  3448.22      2.9000  1.26820  1.26510  1.26459  1.27982  1.27321
  3446.72      2.9013  1.26827  1.26515  1.26465  1.28003  1.27349
  3445.22      2.9026  1.26832  1.26518  1.26469  1.28029  1.27367
  3443.72      2.9038  1.26835  1.26519  1.26469  1.28052  1.27385
  3442.22      2.9051  1.26838  1.26521  1.26467  1.28079  1.27401
  3440.72      2.9064  1.26841  1.26521  1.26463  1.28107  1.27416
  3439.22      2.9076  1.26844  1.26523  1.26459  1.28127  1.27436
  3437.72      2.9089  1.26847  1.26524  1.26452  1.28149  1.27462
  3436.22      2.9102  1.26850  1.26526  1.26447  1.28186  1.27497
  3434.72      2.9114  1.26854  1.26527  1.26442  1.28223  1.27534
  3433.22      2.9127  1.26860  1.26530  1.26440  1.28245  1.27569
  3431.72      2.9140  1.26867  1.26535  1.26440  1.28267  1.27603
  3430.22      2.9153  1.26876  1.26538  1.26441  1.28298  1.27630
  3428.72      2.9165  1.26885  1.26542  1.26445  1.28332  1.27657
  3427.22      2.9178  1.26896  1.26546  1.26450  1.28360  1.27683
  3425.72      2.9191  1.26906  1.26549  1.26457  1.28390  1.27703
  3424.22      2.9204  1.26917  1.26552  1.26464  1.28424  1.27720
  3422.72      2.9217  1.26928  1.26556  1.26472  1.28457  1.27741
  3421.22      2.9229  1.26940  1.26561  1.26480  1.28491  1.27776
  3419.72      2.9242  1.26950  1.26566  1.26486  1.28521  1.27815
  3418.22      2.9255  1.26961  1.26572  1.26492  1.28538  1.27846
  3416.72      2.9268  1.26971  1.26577  1.26496  1.28557  1.27875
  3415.22      2.9281  1.26981  1.26584  1.26500  1.28582  1.27906
  3413.72      2.9294  1.26991  1.26591  1.26504  1.28608  1.27934
  3412.22      2.9306  1.27001  1.26599  1.26506  1.28626  1.27955
  3410.72      2.9319  1.27010  1.26606  1.26508  1.28639  1.27978
  3409.22      2.9332  1.27020  1.26613  1.26511  1.28661  1.28006
  3407.72      2.9345  1.27029  1.26620  1.26514  1.28689  1.28040
  3406.22      2.9358  1.27040  1.26627  1.26519  1.28711  1.28067
  3404.72      2.9371  1.27050  1.26637  1.26526  1.28735  1.28086
  3403.22      2.9384  1.27061  1.26646  1.26534  1.28768  1.28111
  3401.72      2.9397  1.27072  1.26655  1.26542  1.28805  1.28134
  3400.22      2.9410  1.27082  1.26666  1.26552  1.28837  1.28157
  3398.72      2.9423  1.27094  1.26676  1.26562  1.28860  1.28187
  3397.22      2.9436  1.27105  1.26687  1.26571  1.28882  1.28223
  3395.72      2.9449  1.27116  1.26699  1.26581  1.28906  1.28260
  3394.21      2.9462  1.27126  1.26710  1.26591  1.28920  1.28296
  3392.71      2.9475  1.27135  1.26719  1.26600  1.28926  1.28323
  3391.21      2.9488  1.27143  1.26729  1.26609  1.28936  1.28340
  3389.71      2.9501  1.27151  1.26738  1.26617  1.28959  1.28363
  3388.21      2.9514  1.27157  1.26749  1.26625  1.28994  1.28394
  3386.71      2.9527  1.27163  1.26757  1.26632  1.29030  1.28420
  3385.21      2.9540  1.27168  1.26765  1.26639  1.29056  1.28439
  3383.71      2.9553  1.27172  1.26774  1.26646  1.29074  1.28467
  3382.21      2.9566  1.27177  1.26782  1.26652  1.29086  1.28505
  3380.71      2.9580  1.27183  1.26791  1.26658  1.29099  1.28543
  3379.21      2.9593  1.27189  1.26799  1.26665  1.29117  1.28566
  3377.71      2.9606  1.27199  1.26808  1.26674  1.29139  1.28578
  3376.21      2.9619  1.27208  1.26817  1.26683  1.29167  1.28608
  3374.71      2.9632  1.27219  1.26825  1.26693  1.29194  1.28641
  3373.21      2.9645  1.27231  1.26835  1.26704  1.29221  1.28657
  3371.71      2.9659  1.27245  1.26844  1.26717  1.29246  1.28670
  3370.21      2.9672  1.27258  1.26853  1.26728  1.29260  1.28697
  3368.71      2.9685  1.27272  1.26863  1.26740  1.29275  1.28731
  3367.21      2.9698  1.27283  1.26872  1.26750  1.29292  1.28755
  3365.71      2.9711  1.27294  1.26881  1.26760  1.29305  1.28765
  3364.21      2.9725  1.27304  1.26890  1.26768  1.29317  1.28777
  3362.71      2.9738  1.27313  1.26899  1.26776  1.29335  1.28794
  3361.21      2.9751  1.27321  1.26908  1.26783  1.29361  1.28810
  3359.71      2.9764  1.27329  1.26914  1.26789  1.29390  1.28828
  3358.21      2.9778  1.27336  1.26922  1.26794  1.29411  1.28850
  3356.71      2.9791  1.27344  1.26929  1.26802  1.29419  1.28881
  3355.21      2.9804  1.27353  1.26936  1.26808  1.29422  1.28920
  3353.71      2.9818  1.27362  1.26942  1.26816  1.29435  1.28958
  3352.21      2.9831  1.27370  1.26948  1.26822  1.29453  1.28982
  3350.71      2.9844  1.27378  1.26956  1.26830  1.29469  1.28994
  3349.21      2.9858  1.27385  1.26962  1.26836  1.29484  1.29012
  3347.71      2.9871  1.27391  1.26969  1.26843  1.29502  1.29034
  3346.21      2.9885  1.27398  1.26977  1.26850  1.29513  1.29047
  3344.71      2.9898  1.27404  1.26986  1.26856  1.29522  1.29058
  3343.21      2.9911  1.27410  1.26996  1.26864  1.29539  1.29078
  3341.71      2.9925  1.27415  1.27004  1.26871  1.29561  1.29097
  3340.21      2.9938  1.27421  1.27013  1.26878  1.29589  1.29110
  3338.71      2.9952  1.27427  1.27020  1.26884  1.29613  1.29123
  3337.21      2.9965  1.27433  1.27028  1.26890  1.29619  1.29141
  3335.71      2.9979  1.27439  1.27036  1.26895  1.29619  1.29160
  3334.21      2.9992  1.27443  1.27040  1.26899  1.29628  1.29177
  3332.71      3.0006  1.27446  1.27044  1.26901  1.29644  1.29194
  3331.21      3.0019  1.27449  1.27046  1.26902  1.29651  1.29214
  3329.71      3.0033  1.27450  1.27046  1.26902  1.29654  1.29233
  3328.21      3.0046  1.27452  1.27048  1.26902  1.29669  1.29252
  3326.71      3.0060  1.27454  1.27048  1.26901  1.29687  1.29267
  3325.21      3.0073  1.27455  1.27048  1.26901  1.29699  1.29279
  3323.71      3.0087  1.27457  1.27047  1.26902  1.29709  1.29295
  3322.21      3.0100  1.27459  1.27047  1.26902  1.29718  1.29317
  3320.71      3.0114  1.27462  1.27049  1.26904  1.29729  1.29334
  3319.21      3.0128  1.27467  1.27051  1.26907  1.29742  1.29338
  3317.71      3.0141  1.27471  1.27054  1.26913  1.29752  1.29338
  3316.21      3.0155  1.27474  1.27057  1.26918  1.29764  1.29340
  3314.71      3.0169  1.27478  1.27061  1.26924  1.29772  1.29348
  3313.21      3.0182  1.27482  1.27064  1.26930  1.29777  1.29361
  3311.71      3.0196  1.27485  1.27068  1.26935  1.29786  1.29379
  3310.21      3.0210  1.27488  1.27071  1.26941  1.29799  1.29396
  3308.71      3.0223  1.27490  1.27074  1.26946  1.29814  1.29414
  3307.21      3.0237  1.27493  1.27076  1.26949  1.29827  1.29426
  3305.71      3.0251  1.27494  1.27077  1.26950  1.29837  1.29434
  3304.21      3.0264  1.27496  1.27078  1.26951  1.29839  1.29439
  3302.71      3.0278  1.27498  1.27079  1.26952  1.29833  1.29448
  3301.21      3.0292  1.27501  1.27081  1.26953  1.29836  1.29466
  3299.71      3.0306  1.27505  1.27083  1.26954  1.29848  1.29481
  3298.21      3.0319  1.27508  1.27084  1.26954  1.29863  1.29482
  3296.71      3.0333  1.27512  1.27086  1.26954  1.29878  1.29483
  3295.21      3.0347  1.27516  1.27087  1.26954  1.29887  1.29496
  3293.71      3.0361  1.27520  1.27089  1.26955  1.29897  1.29515
  3292.21      3.0375  1.27524  1.27090  1.26956  1.29913  1.29539
  3290.71      3.0389  1.27527  1.27090  1.26956  1.29926  1.29561
  3289.21      3.0402  1.27528  1.27089  1.26956  1.29930  1.29569
  3287.71      3.0416  1.27529  1.27086  1.26956  1.29935  1.29562
  3286.21      3.0430  1.27529  1.27085  1.26956  1.29941  1.29557
  3284.71      3.0444  1.27529  1.27085  1.26957  1.29946  1.29565
  3283.21      3.0458  1.27530  1.27085  1.26960  1.29954  1.29578
  3281.71      3.0472  1.27530  1.27086  1.26963  1.29962  1.29590
  3280.21      3.0486  1.27531  1.27088  1.26967  1.29966  1.29604
  3278.71      3.0500  1.27532  1.27091  1.26970  1.29961  1.29617
  3277.21      3.0514  1.27534  1.27095  1.26973  1.29961  1.29626
  3275.71      3.0528  1.27535  1.27099  1.26976  1.29982  1.29642
  3274.21      3.0542  1.27538  1.27103  1.26979  1.30008  1.29656
  3272.71      3.0556  1.27539  1.27105  1.26980  1.30023  1.29659
  3271.21      3.0570  1.27540  1.27107  1.26981  1.30026  1.29660
  3269.71      3.0584  1.27540  1.27108  1.26980  1.30024  1.29666
  3268.21      3.0598  1.27540  1.27109  1.26980  1.30028  1.29675
  3266.71      3.0612  1.27540  1.27110  1.26980  1.30037  1.29681
  3265.21      3.0626  1.27541  1.27111  1.26981  1.30044  1.29690
  3263.71      3.0640  1.27542  1.27113  1.26982  1.30049  1.29704
  3262.21      3.0654  1.27544  1.27115  1.26983  1.30055  1.29713
  3260.71      3.0668  1.27546  1.27118  1.26984  1.30070  1.29720
  3259.20      3.0682  1.27550  1.27121  1.26985  1.30080  1.29726
  3257.70      3.0696  1.27553  1.27124  1.26986  1.30081  1.29733
  3256.20      3.0711  1.27558  1.27127  1.26988  1.30084  1.29750
  3254.70      3.0725  1.27563  1.27129  1.26989  1.30092  1.29765
  3253.20      3.0739  1.27567  1.27130  1.26991  1.30109  1.29771
  3251.70      3.0753  1.27571  1.27130  1.26991  1.30133  1.29778
  3250.20      3.0767  1.27576  1.27130  1.26993  1.30152  1.29793
  3248.70      3.0782  1.27579  1.27129  1.26995  1.30159  1.29809
  3247.20      3.0796  1.27584  1.27130  1.26998  1.30161  1.29819
  3245.70      3.0810  1.27589  1.27130  1.27001  1.30169  1.29824
  3244.20      3.0824  1.27593  1.27133  1.27003  1.30180  1.29825
  3242.70      3.0838  1.27598  1.27136  1.27006  1.30182  1.29832
  3241.20      3.0853  1.27603  1.27140  1.27009  1.30183  1.29837
  3239.70      3.0867  1.27608  1.27145  1.27013  1.30198  1.29846
  3238.20      3.0881  1.27614  1.27151  1.27016  1.30216  1.29861
  3236.70      3.0896  1.27620  1.27157  1.27019  1.30236  1.29878
  3235.20      3.0910  1.27625  1.27162  1.27022  1.30265  1.29893
  3233.70      3.0924  1.27631  1.27167  1.27026  1.30288  1.29909
  3232.20      3.0939  1.27637  1.27170  1.27029  1.30298  1.29929
  3230.70      3.0953  1.27643  1.27173  1.27032  1.30306  1.29945
  3229.20      3.0967  1.27650  1.27175  1.27034  1.30312  1.29951
  3227.70      3.0982  1.27655  1.27176  1.27036  1.30322  1.29953
  3226.20      3.0996  1.27660  1.27178  1.27038  1.30336  1.29956
  3224.70      3.1011  1.27667  1.27180  1.27040  1.30350  1.29968
  3223.20      3.1025  1.27674  1.27183  1.27043  1.30358  1.29985
  3221.70      3.1039  1.27680  1.27186  1.27047  1.30364  1.29998
  3220.20      3.1054  1.27686  1.27191  1.27052  1.30373  1.30015
  3218.70      3.1068  1.27691  1.27196  1.27058  1.30387  1.30032
  3217.20      3.1083  1.27697  1.27202  1.27063  1.30404  1.30041
  3215.70      3.1097  1.27704  1.27208  1.27070  1.30425  1.30050
  3214.20      3.1112  1.27711  1.27214  1.27076  1.30448  1.30067
  3212.70      3.1126  1.27718  1.27218  1.27081  1.30467  1.30091
  3211.20      3.1141  1.27726  1.27223  1.27086  1.30471  1.30107
  3209.70      3.1156  1.27733  1.27228  1.27089  1.30471  1.30113
  3208.20      3.1170  1.27742  1.27232  1.27092  1.30483  1.30116
  3206.70      3.1185  1.27750  1.27237  1.27093  1.30498  1.30122
  3205.20      3.1199  1.27759  1.27243  1.27095  1.30512  1.30133
  3203.70      3.1214  1.27770  1.27249  1.27096  1.30533  1.30144
  3202.20      3.1229  1.27779  1.27256  1.27099  1.30557  1.30149
  3200.70      3.1243  1.27788  1.27263  1.27102  1.30573  1.30159
  3199.20      3.1258  1.27797  1.27271  1.27106  1.30580  1.30183
  3197.70      3.1272  1.27806  1.27279  1.27110  1.30585  1.30210
  3196.20      3.1287  1.27815  1.27287  1.27116  1.30594  1.30232
  3194.70      3.1302  1.27825  1.27294  1.27121  1.30611  1.30252
  3193.20      3.1317  1.27835  1.27301  1.27126  1.30637  1.30277
  3191.70      3.1331  1.27844  1.27307  1.27132  1.30662  1.30296
  3190.20      3.1346  1.27855  1.27315  1.27137  1.30681  1.30303
  3188.70      3.1361  1.27865  1.27321  1.27144  1.30697  1.30314
  3187.20      3.1376  1.27876  1.27328  1.27151  1.30711  1.30328
  3185.70      3.1390  1.27887  1.27335  1.27158  1.30724  1.30332
  3184.20      3.1405  1.27897  1.27343  1.27165  1.30739  1.30330
  3182.70      3.1420  1.27908  1.27351  1.27172  1.30750  1.30330
  3181.20      3.1435  1.27920  1.27361  1.27181  1.30763  1.30339
  3179.70      3.1450  1.27931  1.27371  1.27190  1.30783  1.30361
  3178.20      3.1464  1.27944  1.27381  1.27199  1.30800  1.30385
  3176.70      3.1479  1.27955  1.27391  1.27209  1.30809  1.30401
  3175.20      3.1494  1.27967  1.27400  1.27216  1.30819  1.30404
  3173.70      3.1509  1.27980  1.27409  1.27224  1.30834  1.30410
  3172.20      3.1524  1.27992  1.27419  1.27231  1.30853  1.30432
  3170.70      3.1539  1.28005  1.27428  1.27237  1.30872  1.30464
  3169.20      3.1554  1.28016  1.27437  1.27244  1.30884  1.30489
  3167.70      3.1569  1.28027  1.27446  1.27250  1.30891  1.30507
  3166.20      3.1584  1.28038  1.27455  1.27256  1.30899  1.30522
  3164.70      3.1599  1.28049  1.27465  1.27263  1.30918  1.30536
  3163.20      3.1614  1.28060  1.27477  1.27272  1.30942  1.30547
  3161.70      3.1629  1.28073  1.27488  1.27282  1.30964  1.30553
  3160.20      3.1644  1.28085  1.27501  1.27293  1.30991  1.30566
  3158.70      3.1659  1.28098  1.27513  1.27305  1.31018  1.30590
  3157.20      3.1674  1.28112  1.27525  1.27318  1.31035  1.30615
  3155.70      3.1689  1.28128  1.27537  1.27331  1.31050  1.30629
  3154.20      3.1704  1.28144  1.27549  1.27345  1.31070  1.30634
  3152.70      3.1719  1.28161  1.27560  1.27358  1.31089  1.30652
  3151.20      3.1734  1.28177  1.27572  1.27371  1.31099  1.30676
  3149.70      3.1749  1.28193  1.27583  1.27382  1.31106  1.30694
  3148.20      3.1764  1.28210  1.27594  1.27394  1.31123  1.30709
  3146.70      3.1779  1.28227  1.27605  1.27405  1.31149  1.30727
  3145.20      3.1795  1.28244  1.27618  1.27417  1.31178  1.30746
  3143.70      3.1810  1.28261  1.27631  1.27430  1.31205  1.30765
  3142.20      3.1825  1.28278  1.27646  1.27444  1.31231  1.30787
  3140.70      3.1840  1.28296  1.27662  1.27458  1.31257  1.30814
  3139.20      3.1855  1.28314  1.27678  1.27472  1.31276  1.30844
  3137.70      3.1871  1.28334  1.27695  1.27488  1.31290  1.30870
  3136.20      3.1886  1.28353  1.27714  1.27503  1.31307  1.30888
  3134.70      3.1901  1.28374  1.27732  1.27519  1.31323  1.30899
  3133.20      3.1916  1.28394  1.27752  1.27534  1.31337  1.30911
  3131.70      3.1932  1.28416  1.27771  1.27551  1.31351  1.30930
  3130.20      3.1947  1.28438  1.27792  1.27567  1.31369  1.30952
  3128.70      3.1962  1.28462  1.27812  1.27585  1.31393  1.30971
  3127.20      3.1978  1.28486  1.27834  1.27604  1.31418  1.30989
  3125.69      3.1993  1.28510  1.27856  1.27623  1.31438  1.31005
  3124.19      3.2008  1.28537  1.27880  1.27645  1.31457  1.31026
  3122.69      3.2024  1.28562  1.27903  1.27666  1.31482  1.31053
  3121.19      3.2039  1.28588  1.27925  1.27688  1.31511  1.31082
  3119.69      3.2054  1.28613  1.27948  1.27711  1.31540  1.31116
  3118.19      3.2070  1.28638  1.27970  1.27731  1.31564  1.31150
  3116.69      3.2085  1.28661  1.27992  1.27753  1.31590  1.31171
  3115.19      3.2101  1.28685  1.28013  1.27771  1.31620  1.31180
  3113.69      3.2116  1.28707  1.28033  1.27790  1.31639  1.31193
  3112.19      3.2132  1.28729  1.28053  1.27808  1.31649  1.31222
  3110.69      3.2147  1.28754  1.28074  1.27827  1.31663  1.31257
  3109.19      3.2163  1.28778  1.28097  1.27847  1.31682  1.31284
  3107.69      3.2178  1.28804  1.28119  1.27867  1.31704  1.31311
  3106.19      3.2194  1.28830  1.28143  1.27889  1.31733  1.31335
  3104.69      3.2209  1.28858  1.28167  1.27911  1.31768  1.31354
  3103.19      3.2225  1.28886  1.28192  1.27935  1.31795  1.31371
  3101.69      3.2240  1.28914  1.28219  1.27960  1.31819  1.31397
  3100.19      3.2256  1.28942  1.28245  1.27985  1.31850  1.31431
  3098.69      3.2272  1.28969  1.28271  1.28010  1.31877  1.31457
  3097.19      3.2287  1.28996  1.28297  1.28034  1.31900  1.31472
  3095.69      3.2303  1.29024  1.28322  1.28058  1.31925  1.31489
  3094.19      3.2319  1.29051  1.28349  1.28083  1.31948  1.31511
  3092.69      3.2334  1.29079  1.28375  1.28108  1.31974  1.31542
  3091.19      3.2350  1.29107  1.28403  1.28134  1.32006  1.31578
  3089.69      3.2366  1.29137  1.28431  1.28161  1.32037  1.31609
  3088.19      3.2381  1.29169  1.28459  1.28189  1.32066  1.31633
  3086.69      3.2397  1.29200  1.28489  1.28217  1.32099  1.31654
  3085.19      3.2413  1.29233  1.28519  1.28248  1.32142  1.31684
  3083.69      3.2429  1.29266  1.28549  1.28278  1.32178  1.31720
  3082.19      3.2444  1.29300  1.28579  1.28308  1.32194  1.31752
  3080.69      3.2460  1.29334  1.28610  1.28338  1.32205  1.31785
  3079.19      3.2476  1.29367  1.28638  1.28369  1.32226  1.31825
  3077.69      3.2492  1.29398  1.28667  1.28398  1.32261  1.31856
  3076.19      3.2508  1.29430  1.28696  1.28427  1.32293  1.31877
  3074.69      3.2524  1.29460  1.28725  1.28455  1.32311  1.31897
  3073.19      3.2539  1.29491  1.28755  1.28484  1.32321  1.31919
  3071.69      3.2555  1.29522  1.28785  1.28513  1.32340  1.31943
  3070.19      3.2571  1.29552  1.28817  1.28542  1.32364  1.31969
  3068.69      3.2587  1.29583  1.28850  1.28573  1.32392  1.32002
  3067.19      3.2603  1.29616  1.28884  1.28605  1.32433  1.32039
  3065.69      3.2619  1.29649  1.28919  1.28638  1.32473  1.32070
  3064.19      3.2635  1.29682  1.28954  1.28670  1.32501  1.32097
  3062.69      3.2651  1.29717  1.28988  1.28703  1.32522  1.32119
  3061.19      3.2667  1.29752  1.29022  1.28735  1.32544  1.32135
  3059.69      3.2683  1.29786  1.29055  1.28767  1.32571  1.32160
  3058.19      3.2699  1.29820  1.29089  1.28799  1.32599  1.32199
  3056.69      3.2715  1.29855  1.29122  1.28830  1.32629  1.32242
  3055.19      3.2731  1.29891  1.29154  1.28861  1.32664  1.32277
  3053.69      3.2747  1.29925  1.29188  1.28892  1.32705  1.32304
  3052.19      3.2763  1.29960  1.29221  1.28924  1.32752  1.32327
  3050.69      3.2779  1.29996  1.29255  1.28956  1.32782  1.32352
  3049.19      3.2796  1.30031  1.29290  1.28989  1.32796  1.32382
  3047.69      3.2812  1.30068  1.29326  1.29024  1.32819  1.32418
  3046.19      3.2828  1.30104  1.29360  1.29058  1.32854  1.32458
  3044.69      3.2844  1.30141  1.29396  1.29094  1.32887  1.32495
  3043.19      3.2860  1.30179  1.29433  1.29132  1.32917  1.32531
  3041.69      3.2876  1.30217  1.29472  1.29169  1.32952  1.32573
  3040.19      3.2893  1.30256  1.29510  1.29207  1.32981  1.32613
  3038.69      3.2909  1.30295  1.29549  1.29246  1.33000  1.32642
  3037.19      3.2925  1.30333  1.29588  1.29284  1.33023  1.32670
  3035.69      3.2941  1.30372  1.29627  1.29322  1.33059  1.32706
  3034.19      3.2958  1.30411  1.29666  1.29361  1.33097  1.32739
  3032.69      3.2974  1.30450  1.29704  1.29399  1.33127  1.32766
  3031.19      3.2990  1.30486  1.29741  1.29435  1.33152  1.32793
  3029.69      3.3007  1.30523  1.29776  1.29471  1.33182  1.32823
  3028.19      3.3023  1.30559  1.29812  1.29507  1.33216  1.32854
  3026.69      3.3039  1.30596  1.29847  1.29542  1.33251  1.32893
  3025.19      3.3056  1.30635  1.29885  1.29579  1.33291  1.32934
  3023.69      3.3072  1.30675  1.29924  1.29616  1.33326  1.32962
  3022.19      3.3089  1.30715  1.29963  1.29654  1.33354  1.32986
  3020.69      3.3105  1.30757  1.30005  1.29694  1.33384  1.33026
  3019.19      3.3122  1.30801  1.30049  1.29733  1.33419  1.33083
  3017.69      3.3138  1.30847  1.30094  1.29777  1.33453  1.33135
  3016.19      3.3154  1.30893  1.30139  1.29821  1.33495  1.33178
  3014.69      3.3171  1.30939  1.30185  1.29866  1.33542  1.33221
  3013.19      3.3187  1.30984  1.30230  1.29910  1.33582  1.33264
  3011.69      3.3204  1.31028  1.30274  1.29954  1.33615  1.33304
  3010.19      3.3221  1.31071  1.30317  1.29997  1.33640  1.33333
  3008.69      3.3237  1.31114  1.30358  1.30040  1.33660  1.33356
  3007.19      3.3254  1.31156  1.30399  1.30082  1.33689  1.33389
  3005.69      3.3270  1.31198  1.30441  1.30125  1.33727  1.33429
  3004.19      3.3287  1.31240  1.30484  1.30169  1.33765  1.33473
  3002.69      3.3304  1.31282  1.30528  1.30214  1.33795  1.33514
  3001.19      3.3320  1.31326  1.30573  1.30259  1.33830  1.33551
  2999.69      3.3337  1.31372  1.30619  1.30306  1.33877  1.33589
  2998.19      3.3354  1.31418  1.30668  1.30356  1.33923  1.33630
  2996.69      3.3370  1.31465  1.30717  1.30407  1.33961  1.33677
  2995.19      3.3387  1.31512  1.30767  1.30458  1.33993  1.33725
  2993.69      3.3404  1.31560  1.30817  1.30508  1.34029  1.33770
  2992.19      3.3420  1.31609  1.30867  1.30559  1.34073  1.33808
  2990.68      3.3437  1.31658  1.30917  1.30609  1.34116  1.33841
  2989.18      3.3454  1.31707  1.30967  1.30659  1.34147  1.33876
  2987.68      3.3471  1.31756  1.31018  1.30710  1.34173  1.33917
  2986.18      3.3488  1.31805  1.31067  1.30759  1.34205  1.33962
  2984.68      3.3504  1.31856  1.31117  1.30809  1.34242  1.34007
  2983.18      3.3521  1.31907  1.31168  1.30860  1.34280  1.34051
  2981.68      3.3538  1.31957  1.31219  1.30911  1.34323  1.34094
  2980.18      3.3555  1.32008  1.31269  1.30962  1.34363  1.34138
  2978.68      3.3572  1.32057  1.31321  1.31014  1.34398  1.34181
  2977.18      3.3589  1.32107  1.31372  1.31065  1.34432  1.34222
  2975.68      3.3606  1.32156  1.31423  1.31115  1.34467  1.34259
  2974.18      3.3623  1.32204  1.31474  1.31165  1.34506  1.34296
  2972.68      3.3640  1.32253  1.31524  1.31214  1.34541  1.34337
  2971.18      3.3657  1.32300  1.31574  1.31262  1.34572  1.34376
  2969.68      3.3674  1.32347  1.31623  1.31309  1.34606  1.34410
  2968.18      3.3691  1.32395  1.31672  1.31357  1.34646  1.34447
  2966.68      3.3708  1.32445  1.31721  1.31405  1.34679  1.34490
  2965.18      3.3725  1.32494  1.31771  1.31454  1.34712  1.34534
  2963.68      3.3742  1.32545  1.31821  1.31504  1.34759  1.34581
  2962.18      3.3759  1.32597  1.31873  1.31555  1.34810  1.34629
  2960.68      3.3776  1.32649  1.31924  1.31606  1.34845  1.34670
  2959.18      3.3793  1.32702  1.31976  1.31658  1.34871  1.34710
  2957.68      3.3810  1.32755  1.32029  1.31712  1.34903  1.34751
  2956.18      3.3827  1.32807  1.32083  1.31767  1.34946  1.34800
  2954.68      3.3845  1.32860  1.32137  1.31821  1.34995  1.34862
  2953.18      3.3862  1.32913  1.32192  1.31877  1.35039  1.34918
  2951.68      3.3879  1.32966  1.32246  1.31931  1.35075  1.34955
  2950.18      3.3896  1.33018  1.32301  1.31987  1.35106  1.34981
  2948.68      3.3913  1.33070  1.32354  1.32042  1.35144  1.35019
  2947.18      3.3931  1.33123  1.32408  1.32098  1.35193  1.35072
  2945.68      3.3948  1.33176  1.32463  1.32154  1.35240  1.35125
  2944.18      3.3965  1.33228  1.32518  1.32209  1.35280  1.35175
  2942.68      3.3983  1.33279  1.32573  1.32264  1.35316  1.35217
  2941.18      3.4000  1.33330  1.32628  1.32319  1.35354  1.35252
  2939.68      3.4017  1.33383  1.32683  1.32375  1.35396  1.35294
  2938.18      3.4035  1.33435  1.32740  1.32432  1.35441  1.35345
  2936.68      3.4052  1.33489  1.32798  1.32489  1.35488  1.35399
  2935.18      3.4069  1.33542  1.32857  1.32547  1.35536  1.35452
  2933.68      3.4087  1.33598  1.32917  1.32606  1.35585  1.35506
  2932.18      3.4104  1.33654  1.32979  1.32667  1.35641  1.35569
  2930.68      3.4122  1.33714  1.33041  1.32730  1.35704  1.35638
  2929.18      3.4139  1.33775  1.33105  1.32794  1.35759  1.35697
  2927.68      3.4157  1.33837  1.33171  1.32861  1.35798  1.35744
  2926.18      3.4174  1.33901  1.33238  1.32930  1.35835  1.35787
  2924.68      3.4192  1.33964  1.33306  1.33000  1.35880  1.35837
  2923.18      3.4209  1.34028  1.33373  1.33070  1.35925  1.35892
  2921.68      3.4227  1.34092  1.33441  1.33139  1.35960  1.35946
  2920.18      3.4244  1.34156  1.33507  1.33207  1.35991  1.36004
  2918.68      3.4262  1.34216  1.33572  1.33273  1.36019  1.36070
  2917.18      3.4280  1.34274  1.33633  1.33336  1.36045  1.36136
  2915.68      3.4297  1.34327  1.33690  1.33394  1.36083  1.36188
  2914.18      3.4315  1.34377  1.33743  1.33448  1.36127  1.36214
  2912.68      3.4333  1.34423  1.33792  1.33498  1.36157  1.36222
  2911.18      3.4350  1.34467  1.33838  1.33544  1.36177  1.36234
  2909.68      3.4368  1.34508  1.33882  1.33589  1.36207  1.36264
  2908.18      3.4386  1.34549  1.33926  1.33633  1.36246  1.36300
  2906.68      3.4404  1.34589  1.33968  1.33678  1.36278  1.36334
  2905.18      3.4421  1.34630  1.34013  1.33724  1.36301  1.36370
  2903.68      3.4439  1.34674  1.34058  1.33772  1.36332  1.36416
  2902.18      3.4457  1.34718  1.34105  1.33822  1.36377  1.36462
  2900.68      3.4475  1.34763  1.34153  1.33874  1.36419  1.36502
  2899.18      3.4493  1.34811  1.34203  1.33927  1.36444  1.36537
  2897.68      3.4510  1.34859  1.34253  1.33982  1.36461  1.36571
  2896.18      3.4528  1.34908  1.34304  1.34036  1.36490  1.36617
  2894.68      3.4546  1.34955  1.34355  1.34090  1.36530  1.36668
  2893.18      3.4564  1.35003  1.34407  1.34144  1.36566  1.36708
  2891.68      3.4582  1.35051  1.34459  1.34198  1.36596  1.36740
  2890.18      3.4600  1.35099  1.34511  1.34253  1.36629  1.36781
  2888.68      3.4618  1.35148  1.34564  1.34307  1.36662  1.36829
  2887.18      3.4636  1.35197  1.34618  1.34363  1.36694  1.36867
  2885.68      3.4654  1.35247  1.34673  1.34419  1.36725  1.36888
  2884.18      3.4672  1.35299  1.34728  1.34477  1.36752  1.36915
  2882.68      3.4690  1.35352  1.34785  1.34534  1.36780  1.36954
  2881.18      3.4708  1.35407  1.34843  1.34592  1.36816  1.37000
  2879.68      3.4726  1.35463  1.34903  1.34652  1.36858  1.37052
  2878.18      3.4744  1.35519  1.34962  1.34711  1.36893  1.37101
  2876.68      3.4762  1.35575  1.35021  1.34770  1.36928  1.37146
  2875.18      3.4780  1.35632  1.35081  1.34830  1.36978  1.37199
  2873.68      3.4799  1.35688  1.35141  1.34889  1.37033  1.37262
  2872.18      3.4817  1.35744  1.35200  1.34948  1.37075  1.37313
  2870.68      3.4835  1.35799  1.35259  1.35007  1.37100  1.37346
  2869.18      3.4853  1.35853  1.35316  1.35066  1.37124  1.37375
  2867.68      3.4871  1.35908  1.35374  1.35126  1.37157  1.37412
  2866.18      3.4890  1.35963  1.35432  1.35186  1.37189  1.37459
  2864.68      3.4908  1.36018  1.35491  1.35247  1.37211  1.37499
  2863.18      3.4926  1.36075  1.35550  1.35310  1.37237  1.37533
  2861.68      3.4945  1.36133  1.35612  1.35374  1.37283  1.37579
  2860.18      3.4963  1.36193  1.35676  1.35440  1.37338  1.37639
  2858.68      3.4981  1.36254  1.35741  1.35508  1.37383  1.37694
  2857.17      3.5000  1.36315  1.35807  1.35578  1.37423  1.37743
  2855.67      3.5018  1.36376  1.35873  1.35646  1.37464  1.37798
  2854.17      3.5036  1.36434  1.35938  1.35713  1.37501  1.37850
  2852.67      3.5055  1.36492  1.36000  1.35779  1.37528  1.37895
  2851.17      3.5073  1.36546  1.36060  1.35842  1.37546  1.37943
  2849.67      3.5092  1.36597  1.36117  1.35902  1.37561  1.37997
  2848.17      3.5110  1.36645  1.36171  1.35960  1.37578  1.38038
  2846.67      3.5129  1.36689  1.36220  1.36013  1.37594  1.38056
  2845.17      3.5147  1.36731  1.36267  1.36064  1.37615  1.38064
  2843.67      3.5166  1.36771  1.36312  1.36112  1.37647  1.38082
  2842.17      3.5184  1.36811  1.36357  1.36160  1.37682  1.38107
  2840.67      3.5203  1.36851  1.36401  1.36209  1.37723  1.38141
  2839.17      3.5222  1.36891  1.36446  1.36257  1.37774  1.38190
  2837.67      3.5240  1.36932  1.36491  1.36307  1.37808  1.38232
  2836.17      3.5259  1.36974  1.36538  1.36355  1.37815  1.38258
  2834.67      3.5277  1.37017  1.36585  1.36405  1.37821  1.38287
  2833.17      3.5296  1.37060  1.36634  1.36457  1.37846  1.38324
  2831.67      3.5315  1.37104  1.36684  1.36509  1.37882  1.38359
  2830.17      3.5334  1.37149  1.36734  1.36561  1.37913  1.38393
  2828.67      3.5352  1.37193  1.36785  1.36615  1.37938  1.38430
  2827.17      3.5371  1.37238  1.36836  1.36669  1.37960  1.38463
  2825.67      3.5390  1.37283  1.36887  1.36722  1.37983  1.38488
  2824.17      3.5409  1.37329  1.36939  1.36777  1.38011  1.38518
  2822.67      3.5427  1.37375  1.36990  1.36830  1.38035  1.38553
  2821.17      3.5446  1.37420  1.37041  1.36884  1.38056  1.38592
  2819.67      3.5465  1.37467  1.37092  1.36937  1.38087  1.38630
  2818.17      3.5484  1.37514  1.37143  1.36990  1.38123  1.38665
  2816.67      3.5503  1.37560  1.37193  1.37041  1.38155  1.38700
  2815.17      3.5522  1.37607  1.37243  1.37092  1.38186  1.38739
  2813.67      3.5541  1.37653  1.37294  1.37144  1.38219  1.38783
  2812.17      3.5560  1.37698  1.37345  1.37194  1.38251  1.38831
  2810.67      3.5579  1.37744  1.37396  1.37245  1.38282  1.38875
  2809.17      3.5598  1.37790  1.37445  1.37296  1.38307  1.38908
  2807.67      3.5617  1.37835  1.37495  1.37346  1.38328  1.38941
  2806.17      3.5636  1.37878  1.37545  1.37398  1.38357  1.38979
  2804.67      3.5655  1.37922  1.37594  1.37448  1.38389  1.39014
  2803.17      3.5674  1.37965  1.37642  1.37499  1.38405  1.39038
  2801.67      3.5693  1.38007  1.37689  1.37550  1.38413  1.39063
  2800.17      3.5712  1.38048  1.37736  1.37601  1.38435  1.39099
  2798.67      3.5731  1.38089  1.37782  1.37651  1.38473  1.39140
  2797.17      3.5750  1.38128  1.37827  1.37701  1.38511  1.39179
  2795.67      3.5770  1.38167  1.37870  1.37749  1.38548  1.39214
  2794.17      3.5789  1.38205  1.37913  1.37797  1.38582  1.39251
  2792.67      3.5808  1.38244  1.37955  1.37843  1.38615  1.39293
  2791.17      3.5827  1.38281  1.37997  1.37889  1.38647  1.39330
  2789.67      3.5847  1.38318  1.38038  1.37934  1.38676  1.39360
  2788.17      3.5866  1.38355  1.38079  1.37978  1.38705  1.39394
  2786.67      3.5885  1.38391  1.38119  1.38022  1.38734  1.39431
  2785.17      3.5904  1.38427  1.38160  1.38064  1.38753  1.39458
  2783.67      3.5924  1.38464  1.38201  1.38108  1.38759  1.39474
  2782.17      3.5943  1.38500  1.38242  1.38150  1.38761  1.39484
  2780.67      3.5963  1.38537  1.38283  1.38193  1.38764  1.39500
  2779.17      3.5982  1.38573  1.38324  1.38235  1.38774  1.39525
  2777.67      3.6001  1.38610  1.38363  1.38276  1.38802  1.39559
  2776.17      3.6021  1.38646  1.38404  1.38318  1.38842  1.39597
  2774.67      3.6040  1.38682  1.38443  1.38358  1.38873  1.39626
  2773.17      3.6060  1.38716  1.38482  1.38398  1.38894  1.39649
  2771.67      3.6079  1.38749  1.38519  1.38438  1.38909  1.39675
  2770.17      3.6099  1.38781  1.38556  1.38477  1.38915  1.39699
  2768.67      3.6118  1.38811  1.38592  1.38515  1.38916  1.39710
  2767.17      3.6138  1.38841  1.38628  1.38553  1.38922  1.39712
  2765.67      3.6158  1.38869  1.38663  1.38591  1.38934  1.39718
  2764.17      3.6177  1.38899  1.38697  1.38628  1.38948  1.39740
  2762.67      3.6197  1.38928  1.38731  1.38665  1.38965  1.39771
  2761.17      3.6217  1.38956  1.38765  1.38702  1.38982  1.39799
  2759.67      3.6236  1.38986  1.38798  1.38737  1.38999  1.39820
  2758.17      3.6256  1.39016  1.38832  1.38774  1.39014  1.39834
  2756.67      3.6276  1.39047  1.38865  1.38810  1.39025  1.39844
  2755.17      3.6295  1.39076  1.38896  1.38846  1.39031  1.39852
  2753.67      3.6315  1.39106  1.38928  1.38881  1.39034  1.39862
  2752.17      3.6335  1.39134  1.38959  1.38915  1.39039  1.39878
  2750.67      3.6355  1.39160  1.38989  1.38948  1.39049  1.39895
  2749.17      3.6375  1.39185  1.39018  1.38981  1.39060  1.39910
  2747.67      3.6395  1.39209  1.39046  1.39012  1.39072  1.39929
  2746.17      3.6414  1.39230  1.39072  1.39042  1.39078  1.39948
  2744.67      3.6434  1.39250  1.39097  1.39069  1.39080  1.39958
  2743.17      3.6454  1.39268  1.39120  1.39095  1.39082  1.39960
  2741.67      3.6474  1.39285  1.39142  1.39120  1.39084  1.39955
  2740.17      3.6494  1.39301  1.39163  1.39144  1.39092  1.39955
  2738.67      3.6514  1.39318  1.39184  1.39167  1.39103  1.39970
  2737.17      3.6534  1.39333  1.39203  1.39190  1.39110  1.39986
  2735.67      3.6554  1.39349  1.39223  1.39213  1.39116  1.39994
  2734.17      3.6574  1.39365  1.39244  1.39236  1.39118  1.39999
  2732.67      3.6594  1.39382  1.39264  1.39259  1.39117  1.40009
  2731.17      3.6614  1.39398  1.39284  1.39283  1.39112  1.40018
  2729.67      3.6635  1.39414  1.39304  1.39307  1.39109  1.40024
  2728.17      3.6655  1.39431  1.39325  1.39330  1.39117  1.40036
  2726.67      3.6675  1.39446  1.39344  1.39353  1.39139  1.40053
  2725.17      3.6695  1.39461  1.39362  1.39374  1.39163  1.40065
  2723.67      3.6715  1.39474  1.39379  1.39395  1.39172  1.40071
  2722.16      3.6735  1.39487  1.39395  1.39415  1.39171  1.40076
  2720.66      3.6756  1.39499  1.39410  1.39434  1.39168  1.40079
  2719.16      3.6776  1.39509  1.39424  1.39452  1.39165  1.40078
  2717.66      3.6796  1.39519  1.39438  1.39469  1.39161  1.40081
  2716.16      3.6817  1.39528  1.39452  1.39486  1.39160  1.40090
  2714.66      3.6837  1.39537  1.39465  1.39502  1.39161  1.40094
  2713.16      3.6857  1.39546  1.39479  1.39517  1.39160  1.40094
  2711.66      3.6878  1.39555  1.39492  1.39534  1.39159  1.40101
  2710.16      3.6898  1.39563  1.39506  1.39549  1.39163  1.40113
  2708.66      3.6919  1.39572  1.39520  1.39565  1.39168  1.40118
  2707.16      3.6939  1.39582  1.39533  1.39580  1.39172  1.40122
  2705.66      3.6960  1.39591  1.39546  1.39595  1.39175  1.40128
  2704.16      3.6980  1.39600  1.39559  1.39610  1.39181  1.40133
  2702.66      3.7001  1.39611  1.39571  1.39625  1.39185  1.40135
  2701.16      3.7021  1.39620  1.39584  1.39639  1.39191  1.40136
  2699.66      3.7042  1.39629  1.39596  1.39653  1.39201  1.40139
  2698.16      3.7062  1.39639  1.39608  1.39667  1.39207  1.40143
  2696.66      3.7083  1.39648  1.39620  1.39681  1.39202  1.40148
  2695.16      3.7104  1.39658  1.39631  1.39695  1.39194  1.40153
  2693.66      3.7124  1.39666  1.39642  1.39709  1.39195  1.40159
  2692.16      3.7145  1.39675  1.39653  1.39724  1.39201  1.40166
  2690.66      3.7166  1.39684  1.39664  1.39738  1.39206  1.40172
  2689.16      3.7186  1.39694  1.39676  1.39754  1.39208  1.40180
  2687.66      3.7207  1.39704  1.39687  1.39770  1.39208  1.40188
  2686.16      3.7228  1.39713  1.39699  1.39786  1.39208  1.40192
  2684.66      3.7249  1.39724  1.39711  1.39803  1.39209  1.40197
  2683.16      3.7269  1.39734  1.39724  1.39819  1.39219  1.40209
  2681.66      3.7290  1.39744  1.39737  1.39836  1.39233  1.40222
  2680.16      3.7311  1.39755  1.39751  1.39851  1.39244  1.40235
  2678.66      3.7332  1.39765  1.39764  1.39868  1.39249  1.40234
  2677.16      3.7353  1.39776  1.39778  1.39883  1.39251  1.40219
  2675.66      3.7374  1.39784  1.39790  1.39898  1.39250  1.40217
  2674.16      3.7395  1.39793  1.39803  1.39912  1.39243  1.40232
  2672.66      3.7416  1.39802  1.39814  1.39926  1.39235  1.40237
  2671.16      3.7437  1.39810  1.39825  1.39939  1.39231  1.40230
  2669.66      3.7458  1.39818  1.39836  1.39952  1.39229  1.40227
  2668.16      3.7479  1.39826  1.39847  1.39966  1.39223  1.40233
  2666.66      3.7500  1.39834  1.39858  1.39980  1.39218  1.40234
  2665.16      3.7521  1.39843  1.39868  1.39993  1.39218  1.40225
  2663.66      3.7542  1.39850  1.39879  1.40006  1.39220  1.40216
  2662.16      3.7563  1.39860  1.39889  1.40019  1.39217  1.40215
  2660.66      3.7585  1.39868  1.39900  1.40032  1.39214  1.40221
  2659.16      3.7606  1.39876  1.39911  1.40045  1.39210  1.40227
  2657.66      3.7627  1.39883  1.39922  1.40059  1.39201  1.40230
  2656.16      3.7648  1.39891  1.39932  1.40071  1.39194  1.40229
  2654.66      3.7670  1.39897  1.39943  1.40084  1.39193  1.40218
  2653.16      3.7691  1.39904  1.39954  1.40096  1.39193  1.40205
  2651.66      3.7712  1.39910  1.39965  1.40110  1.39183  1.40200
  2650.16      3.7734  1.39915  1.39976  1.40122  1.39172  1.40203
  2648.66      3.7755  1.39920  1.39987  1.40135  1.39172  1.40203
  2647.16      3.7776  1.39926  1.39997  1.40149  1.39173  1.40193
  2645.66      3.7798  1.39934  1.40007  1.40162  1.39168  1.40181
  2644.16      3.7819  1.39940  1.40017  1.40175  1.39164  1.40176
  2642.66      3.7841  1.39946  1.40026  1.40187  1.39159  1.40177
  2641.16      3.7862  1.39953  1.40035  1.40201  1.39147  1.40177
  2639.66      3.7884  1.39960  1.40044  1.40213  1.39135  1.40176
  2638.16      3.7905  1.39967  1.40052  1.40225  1.39132  1.40175
  2636.66      3.7927  1.39973  1.40058  1.40236  1.39136  1.40172
  2635.16      3.7948  1.39977  1.40066  1.40246  1.39140  1.40168
  2633.66      3.7970  1.39982  1.40074  1.40256  1.39137  1.40163
  2632.16      3.7992  1.39986  1.40082  1.40266  1.39129  1.40156
  2630.66      3.8013  1.39990  1.40089  1.40274  1.39115  1.40147
  2629.16      3.8035  1.39993  1.40097  1.40283  1.39102  1.40139
  2627.66      3.8057  1.39995  1.40106  1.40291  1.39098  1.40135
  2626.16      3.8078  1.39998  1.40114  1.40299  1.39098  1.40134
  2624.66      3.8100  1.40000  1.40122  1.40307  1.39097  1.40133
  2623.16      3.8122  1.40002  1.40128  1.40314  1.39096  1.40122
  2621.66      3.8144  1.40006  1.40135  1.40321  1.39092  1.40102
  2620.16      3.8166  1.40009  1.40141  1.40329  1.39088  1.40095
  2618.66      3.8188  1.40013  1.40148  1.40338  1.39082  1.40105
  2617.16      3.8209  1.40016  1.40153  1.40346  1.39078  1.40118
  2615.66      3.8231  1.40021  1.40159  1.40355  1.39080  1.40119
  2614.16      3.8253  1.40025  1.40164  1.40364  1.39084  1.40112
  2612.66      3.8275  1.40031  1.40171  1.40374  1.39085  1.40108
  2611.16      3.8297  1.40035  1.40176  1.40383  1.39084  1.40111
  2609.66      3.8319  1.40041  1.40182  1.40394  1.39084  1.40115
  2608.16      3.8341  1.40047  1.40188  1.40404  1.39081  1.40119
  2606.66      3.8363  1.40052  1.40195  1.40414  1.39073  1.40121
  2605.16      3.8385  1.40059  1.40201  1.40424  1.39067  1.40118
  2603.66      3.8408  1.40064  1.40207  1.40434  1.39066  1.40114
  2602.16      3.8430  1.40070  1.40215  1.40444  1.39063  1.40112
  2600.66      3.8452  1.40076  1.40224  1.40454  1.39063  1.40114
  2599.16      3.8474  1.40083  1.40232  1.40465  1.39071  1.40117
  2597.66      3.8496  1.40089  1.40241  1.40476  1.39084  1.40123
  2596.16      3.8518  1.40095  1.40252  1.40488  1.39093  1.40133
  2594.66      3.8541  1.40102  1.40264  1.40500  1.39096  1.40141
  2593.16      3.8563  1.40110  1.40276  1.40513  1.39100  1.40147
  2591.66      3.8585  1.40120  1.40288  1.40526  1.39108  1.40157
  2590.16      3.8608  1.40129  1.40302  1.40542  1.39111  1.40169
  2588.65      3.8630  1.40140  1.40316  1.40557  1.39112  1.40176
  2587.15      3.8652  1.40152  1.40331  1.40574  1.39119  1.40174
  2585.65      3.8675  1.40164  1.40347  1.40592  1.39130  1.40176
  2584.15      3.8697  1.40178  1.40362  1.40611  1.39138  1.40196
  2582.65      3.8720  1.40191  1.40378  1.40629  1.39142  1.40219
  2581.15      3.8742  1.40205  1.40395  1.40649  1.39147  1.40224
  2579.65      3.8765  1.40219  1.40412  1.40669  1.39154  1.40223
  2578.15      3.8787  1.40234  1.40430  1.40690  1.39157  1.40231
  2576.65      3.8810  1.40249  1.40448  1.40711  1.39159  1.40240
  2575.15      3.8833  1.40265  1.40467  1.40732  1.39167  1.40248
  2573.65      3.8855  1.40281  1.40484  1.40753  1.39180  1.40263
  2572.15      3.8878  1.40297  1.40503  1.40775  1.39196  1.40285
  2570.65      3.8901  1.40314  1.40523  1.40797  1.39210  1.40300
  2569.15      3.8923  1.40331  1.40543  1.40819  1.39219  1.40307
  2567.65      3.8946  1.40348  1.40563  1.40842  1.39222  1.40313
  2566.15      3.8969  1.40365  1.40584  1.40865  1.39224  1.40321
  2564.65      3.8992  1.40382  1.40605  1.40888  1.39233  1.40335
  2563.15      3.9014  1.40401  1.40627  1.40911  1.39241  1.40352
  2561.65      3.9037  1.40418  1.40649  1.40935  1.39242  1.40365
  2560.15      3.9060  1.40436  1.40672  1.40958  1.39245  1.40380
  2558.65      3.9083  1.40455  1.40693  1.40982  1.39251  1.40395
  2557.15      3.9106  1.40473  1.40715  1.41006  1.39260  1.40401
  2555.65      3.9129  1.40492  1.40737  1.41029  1.39274  1.40405
  2554.15      3.9152  1.40511  1.40758  1.41053  1.39286  1.40416
  2552.65      3.9175  1.40530  1.40778  1.41078  1.39292  1.40431
  2551.15      3.9198  1.40549  1.40800  1.41102  1.39291  1.40444
  2549.65      3.9221  1.40567  1.40822  1.41127  1.39290  1.40454
  2548.15      3.9244  1.40585  1.40843  1.41152  1.39296  1.40463
  2546.65      3.9267  1.40602  1.40863  1.41177  1.39306  1.40470
  2545.15      3.9290  1.40619  1.40883  1.41201  1.39319  1.40474
  2543.65      3.9314  1.40636  1.40903  1.41225  1.39326  1.40478
  2542.15      3.9337  1.40652  1.40924  1.41248  1.39323  1.40478
  2540.65      3.9360  1.40667  1.40944  1.41271  1.39323  1.40479
  2539.15      3.9383  1.40683  1.40963  1.41291  1.39326  1.40485
  2537.65      3.9407  1.40699  1.40982  1.41312  1.39327  1.40495
  2536.15      3.9430  1.40716  1.41001  1.41333  1.39329  1.40502
  2534.65      3.9453  1.40733  1.41022  1.41352  1.39335  1.40511
  2533.15      3.9477  1.40750  1.41041  1.41372  1.39344  1.40519
  2531.65      3.9500  1.40767  1.41061  1.41392  1.39352  1.40528
  2530.15      3.9523  1.40784  1.41081  1.41412  1.39358  1.40540
  2528.65      3.9547  1.40801  1.41101  1.41433  1.39364  1.40551
  2527.15      3.9570  1.40817  1.41120  1.41453  1.39373  1.40556
  2525.65      3.9594  1.40833  1.41139  1.41473  1.39377  1.40553
  2524.15      3.9617  1.40848  1.41157  1.41493  1.39376  1.40548
  2522.65      3.9641  1.40862  1.41175  1.41512  1.39375  1.40548
  2521.15      3.9664  1.40876  1.41192  1.41531  1.39375  1.40552
  2519.65      3.9688  1.40889  1.41207  1.41548  1.39375  1.40556
  2518.15      3.9712  1.40901  1.41223  1.41565  1.39376  1.40556
  2516.65      3.9735  1.40914  1.41237  1.41581  1.39378  1.40557
  2515.15      3.9759  1.40926  1.41252  1.41597  1.39384  1.40563
  2513.65      3.9783  1.40939  1.41266  1.41612  1.39390  1.40573
  2512.15      3.9807  1.40952  1.41280  1.41627  1.39393  1.40581
  2510.65      3.9830  1.40965  1.41295  1.41643  1.39396  1.40589
  2509.15      3.9854  1.40978  1.41309  1.41658  1.39400  1.40595
  2507.65      3.9878  1.40992  1.41323  1.41674  1.39408  1.40600
  2506.15      3.9902  1.41006  1.41338  1.41689  1.39419  1.40607
  2504.65      3.9926  1.41019  1.41353  1.41705  1.39430  1.40622
  2503.15      3.9950  1.41033  1.41368  1.41721  1.39435  1.40636
  2501.65      3.9974  1.41046  1.41383  1.41737  1.39439  1.40641
  2500.15      3.9998  1.41059  1.41398  1.41753  1.39453  1.40648
  2498.65      4.0022  1.41072  1.41414  1.41769  1.39472  1.40665
  2497.15      4.0046  1.41085  1.41430  1.41785  1.39486  1.40685
  2495.65      4.0070  1.41097  1.41446  1.41801  1.39492  1.40701
  2494.15      4.0094  1.41110  1.41462  1.41817  1.39495  1.40710
  2492.65      4.0118  1.41123  1.41477  1.41833  1.39500  1.40716
  2491.15      4.0142  1.41136  1.41493  1.41850  1.39510  1.40725
  2489.65      4.0166  1.41149  1.41508  1.41867  1.39522  1.40736
  2488.15      4.0191  1.41163  1.41523  1.41884  1.39534  1.40747
  2486.65      4.0215  1.41178  1.41538  1.41901  1.39545  1.40760
  2485.15      4.0239  1.41192  1.41552  1.41918  1.39552  1.40771
  2483.65      4.0263  1.41208  1.41566  1.41936  1.39557  1.40781
  2482.15      4.0288  1.41223  1.41580  1.41953  1.39568  1.40790
  2480.65      4.0312  1.41239  1.41594  1.41970  1.39585  1.40804
  2479.15      4.0336  1.41254  1.41609  1.41987  1.39602  1.40824
  2477.65      4.0361  1.41270  1.41624  1.42004  1.39615  1.40840
  2476.15      4.0385  1.41285  1.41640  1.42020  1.39628  1.40849
  2474.65      4.0410  1.41300  1.41656  1.42036  1.39644  1.40860
  2473.15      4.0434  1.41316  1.41673  1.42053  1.39663  1.40880
  2471.65      4.0459  1.41331  1.41691  1.42068  1.39679  1.40902
  2470.15      4.0483  1.41347  1.41710  1.42085  1.39691  1.40916
  2468.65      4.0508  1.41361  1.41727  1.42101  1.39702  1.40927
  2467.15      4.0533  1.41378  1.41746  1.42117  1.39716  1.40942
  2465.65      4.0557  1.41394  1.41763  1.42134  1.39732  1.40957
  2464.15      4.0582  1.41411  1.41781  1.42151  1.39747  1.40972
  2462.65      4.0607  1.41427  1.41798  1.42168  1.39756  1.40986
  2461.15      4.0631  1.41445  1.41815  1.42186  1.39762  1.41003
  2459.65      4.0656  1.41462  1.41832  1.42204  1.39772  1.41023
  2458.15      4.0681  1.41479  1.41849  1.42222  1.39781  1.41035
  2456.65      4.0706  1.41498  1.41865  1.42240  1.39787  1.41036
  2455.15      4.0731  1.41515  1.41882  1.42258  1.39792  1.41038
  2453.64      4.0756  1.41533  1.41898  1.42275  1.39800  1.41050
  2452.14      4.0781  1.41550  1.41915  1.42292  1.39813  1.41067
  2450.64      4.0806  1.41567  1.41932  1.42308  1.39824  1.41082
  2449.14      4.0831  1.41583  1.41949  1.42324  1.39832  1.41093
  2447.64      4.0856  1.41600  1.41965  1.42341  1.39842  1.41100
  2446.14      4.0881  1.41616  1.41982  1.42358  1.39853  1.41104
  2444.64      4.0906  1.41631  1.41998  1.42373  1.39861  1.41113
  2443.14      4.0931  1.41646  1.42014  1.42390  1.39867  1.41128
  2441.64      4.0956  1.41660  1.42028  1.42405  1.39876  1.41136
  2440.14      4.0981  1.41673  1.42042  1.42422  1.39888  1.41136
  2438.64      4.1006  1.41685  1.42056  1.42437  1.39897  1.41138
  2437.14      4.1032  1.41697  1.42069  1.42452  1.39902  1.41143
  2435.64      4.1057  1.41708  1.42081  1.42466  1.39905  1.41148
  2434.14      4.1082  1.41719  1.42093  1.42480  1.39902  1.41150
  2432.64      4.1108  1.41730  1.42105  1.42491  1.39898  1.41155
  2431.14      4.1133  1.41741  1.42116  1.42502  1.39901  1.41164
  2429.64      4.1158  1.41751  1.42126  1.42512  1.39903  1.41162
  2428.14      4.1184  1.41760  1.42136  1.42521  1.39898  1.41151
  2426.64      4.1209  1.41768  1.42144  1.42527  1.39889  1.41150
  2425.14      4.1235  1.41776  1.42153  1.42534  1.39887  1.41157
  2423.64      4.1260  1.41783  1.42159  1.42539  1.39889  1.41153
  2422.14      4.1286  1.41787  1.42164  1.42543  1.39886  1.41145
  2420.64      4.1311  1.41792  1.42169  1.42548  1.39876  1.41141
  2419.14      4.1337  1.41795  1.42172  1.42550  1.39870  1.41134
  2417.64      4.1363  1.41797  1.42173  1.42552  1.39868  1.41121
  2416.14      4.1388  1.41799  1.42175  1.42553  1.39863  1.41110
  2414.64      4.1414  1.41799  1.42175  1.42553  1.39857  1.41104
  2413.14      4.1440  1.41799  1.42173  1.42552  1.39855  1.41100
  2411.64      4.1466  1.41798  1.42171  1.42549  1.39856  1.41095
  2410.14      4.1491  1.41796  1.42169  1.42544  1.39851  1.41088
  2408.64      4.1517  1.41792  1.42165  1.42539  1.39843  1.41083
  2407.14      4.1543  1.41789  1.42160  1.42532  1.39835  1.41076
  2405.64      4.1569  1.41783  1.42153  1.42524  1.39827  1.41062
  2404.14      4.1595  1.41776  1.42145  1.42514  1.39819  1.41047
  2402.64      4.1621  1.41768  1.42136  1.42504  1.39813  1.41029
  2401.14      4.1647  1.41759  1.42126  1.42492  1.39809  1.41010
  2399.64      4.1673  1.41748  1.42115  1.42480  1.39800  1.40999
  2398.14      4.1699  1.41739  1.42103  1.42467  1.39786  1.40994
  2396.64      4.1725  1.41726  1.42090  1.42454  1.39774  1.40987
  2395.14      4.1751  1.41716  1.42077  1.42441  1.39769  1.40976
  2393.64      4.1777  1.41704  1.42064  1.42428  1.39759  1.40966
  2392.14      4.1804  1.41693  1.42052  1.42415  1.39743  1.40958
  2390.64      4.1830  1.41682  1.42040  1.42403  1.39729  1.40945
  2389.14      4.1856  1.41673  1.42028  1.42391  1.39721  1.40923
  2387.64      4.1882  1.41664  1.42018  1.42379  1.39716  1.40899
  2386.14      4.1909  1.41654  1.42008  1.42368  1.39709  1.40877
  2384.64      4.1935  1.41644  1.41998  1.42357  1.39702  1.40859
  2383.14      4.1961  1.41635  1.41988  1.42345  1.39700  1.40850
  2381.64      4.1988  1.41624  1.41977  1.42333  1.39697  1.40847
  2380.14      4.2014  1.41611  1.41965  1.42320  1.39688  1.40846
  2378.64      4.2041  1.41599  1.41953  1.42308  1.39679  1.40856
  2377.14      4.2067  1.41585  1.41941  1.42294  1.39676  1.40874
  2375.64      4.2094  1.41570  1.41927  1.42280  1.39688  1.40883
  2374.14      4.2121  1.41555  1.41913  1.42265  1.39711  1.40880
  2372.64      4.2147  1.41539  1.41899  1.42250  1.39741  1.40876
  2371.14      4.2174  1.41523  1.41884  1.42235  1.39766  1.40878
  2369.64      4.2201  1.41507  1.41870  1.42220  1.39770  1.40885
  2368.14      4.2227  1.41489  1.41854  1.42204  1.39759  1.40897
  2366.64      4.2254  1.41474  1.41840  1.42189  1.39748  1.40902
  2365.14      4.2281  1.41456  1.41824  1.42172  1.39738  1.40890
  2363.64      4.2308  1.41438  1.41809  1.42157  1.39747  1.40877
  2362.14      4.2335  1.41421  1.41793  1.42140  1.39759  1.40856
  2360.64      4.2361  1.41403  1.41776  1.42124  1.39754  1.40827
  2359.14      4.2388  1.41385  1.41761  1.42107  1.39749  1.40834
  2357.64      4.2415  1.41367  1.41744  1.42091  1.39740  1.40862
  2356.14      4.2442  1.41348  1.41728  1.42074  1.39721  1.40859
  2354.64      4.2469  1.41330  1.41711  1.42057  1.39687  1.40804
  2353.14      4.2496  1.41311  1.41694  1.42038  1.39643  1.40730
  2351.64      4.2524  1.41292  1.41677  1.42021  1.39591  1.40668
  2350.14      4.2551  1.41273  1.41660  1.42003  1.39543  1.40628
  2348.64      4.2578  1.41253  1.41642  1.41985  1.39530  1.40617
  2347.14      4.2605  1.41234  1.41624  1.41967  1.39555  1.40633
  2345.64      4.2632  1.41214  1.41607  1.41949  1.39587  1.40655
  2344.14      4.2660  1.41194  1.41589  1.41930  1.39590  1.40675
  2342.64      4.2687  1.41174  1.41571  1.41911  1.39582  1.40680
  2341.14      4.2714  1.41153  1.41553  1.41893  1.39578  1.40661
  2339.64      4.2742  1.41133  1.41534  1.41873  1.39560  1.40624
  2338.14      4.2769  1.41113  1.41515  1.41853  1.39520  1.40576
  2336.64      4.2797  1.41091  1.41496  1.41834  1.39476  1.40536
  2335.14      4.2824  1.41070  1.41477  1.41815  1.39439  1.40528
  2333.64      4.2852  1.41048  1.41458  1.41795  1.39420  1.40545
  2332.14      4.2879  1.41028  1.41439  1.41775  1.39428  1.40540
  2330.64      4.2907  1.41006  1.41418  1.41754  1.39440  1.40494
  2329.14      4.2934  1.40984  1.41399  1.41734  1.39433  1.40433
  2327.64      4.2962  1.40961  1.41379  1.41713  1.39403  1.40389
  2326.14      4.2990  1.40939  1.41359  1.41692  1.39365  1.40357
  2324.64      4.3018  1.40917  1.41338  1.41671  1.39326  1.40326
  2323.14      4.3045  1.40893  1.41318  1.41649  1.39290  1.40298
  2321.64      4.3073  1.40870  1.41297  1.41628  1.39255  1.40264
  2320.13      4.3101  1.40848  1.41276  1.41606  1.39218  1.40219
  2318.63      4.3129  1.40823  1.41254  1.41583  1.39177  1.40174
  2317.13      4.3157  1.40800  1.41233  1.41562  1.39142  1.40144
  2315.63      4.3185  1.40776  1.41212  1.41539  1.39122  1.40126
  2314.13      4.3213  1.40751  1.41189  1.41516  1.39106  1.40104
  2312.63      4.3241  1.40728  1.41167  1.41493  1.39079  1.40074
  2311.13      4.3269  1.40703  1.41145  1.41470  1.39038  1.40038
  2309.63      4.3297  1.40677  1.41122  1.41446  1.39000  1.39999
  2308.13      4.3325  1.40652  1.41099  1.41422  1.38978  1.39959
  2306.63      4.3353  1.40627  1.41077  1.41398  1.38962  1.39919
  2305.13      4.3381  1.40600  1.41053  1.41373  1.38939  1.39888
  2303.63      4.3410  1.40574  1.41029  1.41348  1.38911  1.39871
  2302.13      4.3438  1.40547  1.41005  1.41323  1.38881  1.39858
  2300.63      4.3466  1.40520  1.40980  1.41298  1.38854  1.39842
  2299.13      4.3495  1.40493  1.40956  1.41271  1.38829  1.39818
  2297.63      4.3523  1.40465  1.40931  1.41245  1.38801  1.39786
  2296.13      4.3551  1.40436  1.40906  1.41218  1.38782  1.39760
  2294.63      4.3580  1.40407  1.40880  1.41191  1.38770  1.39745
  2293.13      4.3608  1.40377  1.40853  1.41164  1.38755  1.39733
  2291.63      4.3637  1.40347  1.40827  1.41136  1.38736  1.39718
  2290.13      4.3666  1.40317  1.40800  1.41106  1.38715  1.39695
  2288.63      4.3694  1.40288  1.40772  1.41077  1.38696  1.39670
  2287.13      4.3723  1.40260  1.40744  1.41047  1.38684  1.39650
  2285.63      4.3752  1.40233  1.40714  1.41016  1.38672  1.39632
  2284.13      4.3780  1.40209  1.40685  1.40984  1.38660  1.39613
  2282.63      4.3809  1.40187  1.40655  1.40952  1.38643  1.39600
  2281.13      4.3838  1.40168  1.40626  1.40921  1.38628  1.39592
  2279.63      4.3867  1.40152  1.40597  1.40890  1.38619  1.39585
  2278.13      4.3896  1.40138  1.40568  1.40860  1.38608  1.39578
  2276.63      4.3925  1.40127  1.40540  1.40831  1.38597  1.39577
  2275.13      4.3953  1.40117  1.40515  1.40805  1.38593  1.39570
  2273.63      4.3983  1.40107  1.40492  1.40783  1.38594  1.39555
  2272.13      4.4012  1.40100  1.40472  1.40764  1.38587  1.39539
  2270.63      4.4041  1.40092  1.40455  1.40749  1.38571  1.39532
  2269.13      4.4070  1.40086  1.40440  1.40737  1.38559  1.39528
  2267.63      4.4099  1.40080  1.40429  1.40728  1.38554  1.39530
  2266.13      4.4128  1.40074  1.40420  1.40722  1.38549  1.39533
  2264.63      4.4157  1.40069  1.40415  1.40719  1.38546  1.39534
  2263.13      4.4187  1.40063  1.40411  1.40717  1.38542  1.39534
  2261.63      4.4216  1.40060  1.40408  1.40717  1.38535  1.39526
  2260.13      4.4245  1.40056  1.40407  1.40718  1.38533  1.39522
  2258.63      4.4275  1.40055  1.40407  1.40721  1.38538  1.39526
  2257.13      4.4304  1.40053  1.40409  1.40725  1.38539  1.39532
  2255.63      4.4334  1.40053  1.40412  1.40730  1.38538  1.39537
  2254.13      4.4363  1.40054  1.40417  1.40737  1.38535  1.39540
  2252.63      4.4393  1.40056  1.40423  1.40747  1.38530  1.39542
  2251.13      4.4422  1.40060  1.40431  1.40758  1.38532  1.39548
  2249.63      4.4452  1.40066  1.40441  1.40771  1.38536  1.39555
  2248.13      4.4481  1.40072  1.40453  1.40786  1.38536  1.39567
  2246.63      4.4511  1.40080  1.40467  1.40804  1.38535  1.39581
  2245.13      4.4541  1.40088  1.40483  1.40823  1.38538  1.39591
  2243.63      4.4571  1.40100  1.40501  1.40843  1.38545  1.39596
  2242.13      4.4600  1.40113  1.40519  1.40865  1.38551  1.39598
  2240.63      4.4630  1.40128  1.40540  1.40888  1.38554  1.39601
  2239.13      4.4660  1.40144  1.40561  1.40912  1.38561  1.39611
  2237.63      4.4690  1.40162  1.40584  1.40938  1.38573  1.39628
  2236.13      4.4720  1.40181  1.40607  1.40965  1.38584  1.39641
  2234.63      4.4750  1.40201  1.40631  1.40993  1.38585  1.39648
  2233.13      4.4780  1.40223  1.40657  1.41022  1.38582  1.39654
  2231.63      4.4810  1.40246  1.40683  1.41052  1.38584  1.39660
  2230.13      4.4840  1.40270  1.40710  1.41083  1.38590  1.39663
  2228.63      4.4871  1.40293  1.40739  1.41116  1.38592  1.39672
  2227.13      4.4901  1.40317  1.40768  1.41152  1.38589  1.39687
  2225.63      4.4931  1.40342  1.40800  1.41187  1.38589  1.39700
  2224.13      4.4961  1.40368  1.40831  1.41224  1.38595  1.39716
  2222.63      4.4992  1.40394  1.40864  1.41263  1.38605  1.39734
  2221.13      4.5022  1.40420  1.40898  1.41302  1.38611  1.39745
  2219.63      4.5053  1.40447  1.40933  1.41342  1.38613  1.39757
  2218.13      4.5083  1.40473  1.40969  1.41382  1.38613  1.39775
  2216.63      4.5114  1.40500  1.41005  1.41423  1.38613  1.39783
  2215.13      4.5144  1.40527  1.41041  1.41463  1.38611  1.39783
  2213.63      4.5175  1.40554  1.41077  1.41504  1.38610  1.39788
  2212.13      4.5205  1.40583  1.41113  1.41544  1.38614  1.39801
  2210.63      4.5236  1.40609  1.41149  1.41585  1.38624  1.39812
  2209.13      4.5267  1.40636  1.41185  1.41626  1.38634  1.39817
  2207.63      4.5298  1.40662  1.41220  1.41667  1.38643  1.39819
  2206.13      4.5328  1.40689  1.41254  1.41707  1.38648  1.39821
  2204.63      4.5359  1.40715  1.41288  1.41746  1.38645  1.39826
  2203.13      4.5390  1.40741  1.41320  1.41785  1.38643  1.39837
  2201.63      4.5421  1.40767  1.41354  1.41823  1.38645  1.39845
  2200.13      4.5452  1.40791  1.41387  1.41860  1.38651  1.39845
  2198.63      4.5483  1.40815  1.41418  1.41896  1.38651  1.39850
  2197.13      4.5514  1.40840  1.41449  1.41931  1.38646  1.39859
  2195.63      4.5545  1.40865  1.41479  1.41966  1.38646  1.39867
  2194.13      4.5576  1.40889  1.41510  1.42000  1.38650  1.39868
  2192.63      4.5607  1.40912  1.41539  1.42033  1.38654  1.39870
  2191.13      4.5639  1.40935  1.41569  1.42067  1.38649  1.39876
  2189.63      4.5670  1.40957  1.41598  1.42099  1.38636  1.39885
  2188.12      4.5701  1.40978  1.41625  1.42131  1.38635  1.39888
  2186.62      4.5733  1.40999  1.41652  1.42163  1.38642  1.39886
  2185.12      4.5764  1.41019  1.41679  1.42193  1.38647  1.39891
  2183.62      4.5795  1.41038  1.41703  1.42222  1.38653  1.39899
  2182.12      4.5827  1.41055  1.41727  1.42250  1.38657  1.39902
  2180.62      4.5858  1.41072  1.41749  1.42276  1.38656  1.39902
  2179.12      4.5890  1.41088  1.41770  1.42302  1.38655  1.39906
  2177.62      4.5922  1.41104  1.41789  1.42327  1.38651  1.39912
  2176.12      4.5953  1.41118  1.41808  1.42349  1.38648  1.39918
  2174.62      4.5985  1.41132  1.41825  1.42370  1.38649  1.39923
  2173.12      4.6017  1.41145  1.41841  1.42390  1.38650  1.39924
  2171.62      4.6048  1.41157  1.41855  1.42409  1.38645  1.39927
  2170.12      4.6080  1.41169  1.41869  1.42427  1.38638  1.39931
  2168.62      4.6112  1.41180  1.41883  1.42445  1.38635  1.39925
  2167.12      4.6144  1.41191  1.41897  1.42461  1.38639  1.39916
  2165.62      4.6176  1.41200  1.41910  1.42477  1.38641  1.39913
  2164.12      4.6208  1.41209  1.41922  1.42493  1.38639  1.39918
  2162.62      4.6240  1.41218  1.41934  1.42508  1.38634  1.39922
  2161.12      4.6272  1.41226  1.41944  1.42522  1.38633  1.39923
  2159.62      4.6304  1.41235  1.41955  1.42536  1.38638  1.39928
  2158.12      4.6337  1.41242  1.41965  1.42550  1.38640  1.39936
  2156.62      4.6369  1.41249  1.41974  1.42561  1.38634  1.39938
  2155.12      4.6401  1.41255  1.41982  1.42571  1.38632  1.39934
  2153.62      4.6433  1.41260  1.41989  1.42580  1.38632  1.39930
  2152.12      4.6466  1.41263  1.41995  1.42588  1.38631  1.39927
  2150.62      4.6498  1.41264  1.42002  1.42594  1.38626  1.39921
  2149.12      4.6531  1.41266  1.42007  1.42600  1.38618  1.39915
  2147.62      4.6563  1.41267  1.42012  1.42604  1.38616  1.39916
  2146.12      4.6596  1.41267  1.42015  1.42608  1.38615  1.39917
  2144.62      4.6628  1.41268  1.42018  1.42611  1.38613  1.39914
  2143.12      4.6661  1.41268  1.42021  1.42614  1.38614  1.39907
  2141.62      4.6694  1.41270  1.42023  1.42617  1.38609  1.39901
  2140.12      4.6726  1.41271  1.42024  1.42620  1.38596  1.39899
  2138.62      4.6759  1.41274  1.42026  1.42623  1.38584  1.39899
  2137.12      4.6792  1.41275  1.42026  1.42625  1.38582  1.39896
  2135.62      4.6825  1.41277  1.42026  1.42627  1.38583  1.39892
  2134.12      4.6858  1.41278  1.42025  1.42628  1.38580  1.39889
  2132.62      4.6891  1.41278  1.42023  1.42628  1.38579  1.39883
  2131.12      4.6924  1.41276  1.42020  1.42626  1.38581  1.39867
  2129.62      4.6957  1.41274  1.42016  1.42624  1.38577  1.39852
  2128.12      4.6990  1.41270  1.42011  1.42620  1.38564  1.39850
  2126.62      4.7023  1.41264  1.42005  1.42615  1.38544  1.39850
  2125.12      4.7056  1.41257  1.41999  1.42609  1.38525  1.39837
  2123.62      4.7089  1.41249  1.41991  1.42601  1.38512  1.39817
  2122.12      4.7123  1.41240  1.41983  1.42593  1.38504  1.39797
  2120.62      4.7156  1.41231  1.41975  1.42584  1.38497  1.39783
  2119.12      4.7189  1.41221  1.41966  1.42575  1.38490  1.39772
  2117.62      4.7223  1.41209  1.41957  1.42564  1.38478  1.39755
  2116.12      4.7256  1.41198  1.41948  1.42553  1.38464  1.39734
  2114.62      4.7290  1.41185  1.41938  1.42542  1.38448  1.39712
  2113.12      4.7323  1.41173  1.41926  1.42530  1.38433  1.39687
  2111.62      4.7357  1.41159  1.41914  1.42516  1.38413  1.39669
  2110.12      4.7391  1.41145  1.41902  1.42501  1.38386  1.39658
  2108.62      4.7424  1.41130  1.41888  1.42486  1.38362  1.39648
  2107.12      4.7458  1.41114  1.41874  1.42470  1.38346  1.39632
  2105.62      4.7492  1.41097  1.41858  1.42452  1.38325  1.39609
  2104.12      4.7526  1.41080  1.41842  1.42435  1.38297  1.39581
  2102.62      4.7560  1.41063  1.41825  1.42416  1.38275  1.39552
  2101.12      4.7594  1.41044  1.41806  1.42397  1.38258  1.39528
  2099.62      4.7628  1.41026  1.41787  1.42378  1.38238  1.39507
  2098.12      4.7662  1.41006  1.41767  1.42357  1.38211  1.39480
  2096.62      4.7696  1.40986  1.41745  1.42336  1.38186  1.39448
  2095.12      4.7730  1.40964  1.41722  1.42314  1.38164  1.39425
  2093.62      4.7764  1.40942  1.41697  1.42290  1.38138  1.39403
  2092.12      4.7798  1.40919  1.41672  1.42265  1.38119  1.39377
  2090.62      4.7833  1.40894  1.41645  1.42239  1.38103  1.39342
  2089.12      4.7867  1.40868  1.41617  1.42211  1.38078  1.39299
  2087.62      4.7901  1.40841  1.41587  1.42181  1.38049  1.39262
  2086.12      4.7936  1.40813  1.41555  1.42150  1.38019  1.39231
  2084.62      4.7970  1.40784  1.41523  1.42118  1.37989  1.39201
  2083.12      4.8005  1.40754  1.41491  1.42086  1.37957  1.39172
  2081.62      4.8040  1.40723  1.41457  1.42053  1.37922  1.39145
  2080.12      4.8074  1.40692  1.41423  1.42019  1.37893  1.39115
  2078.62      4.8109  1.40660  1.41389  1.41984  1.37864  1.39077
  2077.12      4.8144  1.40628  1.41354  1.41948  1.37836  1.39039
  2075.62      4.8178  1.40596  1.41320  1.41914  1.37814  1.39005
  2074.12      4.8213  1.40564  1.41287  1.41879  1.37791  1.38966
  2072.62      4.8248  1.40531  1.41253  1.41845  1.37766  1.38923
  2071.12      4.8283  1.40498  1.41219  1.41810  1.37729  1.38883
  2069.62      4.8318  1.40465  1.41184  1.41774  1.37684  1.38843
  2068.12      4.8353  1.40431  1.41150  1.41738  1.37649  1.38806
  2066.62      4.8388  1.40398  1.41115  1.41702  1.37623  1.38778
  2065.12      4.8423  1.40363  1.41079  1.41665  1.37597  1.38753
  2063.62      4.8459  1.40327  1.41042  1.41627  1.37570  1.38721
  2062.12      4.8494  1.40290  1.41003  1.41585  1.37545  1.38684
  2060.62      4.8529  1.40252  1.40962  1.41543  1.37516  1.38647
  2059.12      4.8565  1.40213  1.40921  1.41499  1.37483  1.38611
  2057.62      4.8600  1.40173  1.40878  1.41454  1.37449  1.38573
  2056.12      4.8635  1.40134  1.40836  1.41407  1.37416  1.38539
  2054.61      4.8671  1.40093  1.40792  1.41361  1.37388  1.38514
  2053.11      4.8706  1.40054  1.40749  1.41315  1.37364  1.38487
  2051.61      4.8742  1.40014  1.40706  1.41270  1.37343  1.38448
  2050.11      4.8778  1.39975  1.40664  1.41226  1.37317  1.38401
  2048.61      4.8813  1.39938  1.40622  1.41182  1.37287  1.38361
  2047.11      4.8849  1.39899  1.40581  1.41138  1.37260  1.38328
  2045.61      4.8885  1.39859  1.40539  1.41095  1.37228  1.38293
  2044.11      4.8921  1.39819  1.40497  1.41053  1.37183  1.38256
  2042.61      4.8957  1.39780  1.40455  1.41010  1.37135  1.38221
  2041.11      4.8993  1.39738  1.40412  1.40966  1.37096  1.38186
  2039.61      4.9029  1.39696  1.40367  1.40921  1.37072  1.38155
  2038.11      4.9065  1.39654  1.40322  1.40876  1.37053  1.38129
  2036.61      4.9101  1.39611  1.40276  1.40829  1.37026  1.38098
  2035.11      4.9137  1.39568  1.40230  1.40782  1.36994  1.38063
  2033.61      4.9174  1.39526  1.40184  1.40734  1.36959  1.38022
  2032.11      4.9210  1.39484  1.40137  1.40685  1.36933  1.37977
  2030.61      4.9246  1.39442  1.40090  1.40637  1.36904  1.37930
  2029.11      4.9283  1.39401  1.40047  1.40590  1.36867  1.37884
  2027.61      4.9319  1.39362  1.40003  1.40545  1.36839  1.37847
  2026.11      4.9356  1.39323  1.39962  1.40500  1.36807  1.37808
  2024.61      4.9392  1.39284  1.39921  1.40458  1.36768  1.37768
  2023.11      4.9429  1.39245  1.39881  1.40414  1.36731  1.37730
  2021.61      4.9465  1.39205  1.39840  1.40371  1.36694  1.37691
  2020.11      4.9502  1.39166  1.39800  1.40328  1.36661  1.37655
  2018.61      4.9539  1.39125  1.39758  1.40285  1.36629  1.37622
  2017.11      4.9576  1.39084  1.39714  1.40240  1.36600  1.37583
  2015.61      4.9613  1.39039  1.39668  1.40191  1.36568  1.37535
  2014.11      4.9650  1.38992  1.39617  1.40139  1.36531  1.37481
  2012.61      4.9687  1.38944  1.39566  1.40086  1.36489  1.37430
  2011.11      4.9724  1.38896  1.39513  1.40032  1.36439  1.37387
  2009.61      4.9761  1.38845  1.39461  1.39978  1.36389  1.37346
  2008.11      4.9798  1.38795  1.39406  1.39922  1.36353  1.37305
  2006.61      4.9835  1.38743  1.39352  1.39867  1.36321  1.37258
  2005.11      4.9873  1.38691  1.39299  1.39812  1.36279  1.37210
  2003.61      4.9910  1.38642  1.39249  1.39761  1.36233  1.37165
  2002.11      4.9947  1.38596  1.39203  1.39713  1.36189  1.37116
  2000.61      4.9985  1.38553  1.39160  1.39668  1.36146  1.37062
  1999.11      5.0022  1.38510  1.39117  1.39624  1.36103  1.37008
  1997.61      5.0060  1.38469  1.39076  1.39582  1.36063  1.36957
  1996.11      5.0097  1.38428  1.39034  1.39541  1.36030  1.36912
  1994.61      5.0135  1.38388  1.38994  1.39500  1.35996  1.36877
  1993.11      5.0173  1.38348  1.38953  1.39458  1.35945  1.36841
  1991.61      5.0211  1.38304  1.38908  1.39412  1.35888  1.36791
  1990.11      5.0248  1.38257  1.38858  1.39360  1.35838  1.36730
  1988.61      5.0286  1.38205  1.38803  1.39302  1.35790  1.36676
  1987.11      5.0324  1.38151  1.38745  1.39242  1.35744  1.36626
  1985.61      5.0362  1.38095  1.38685  1.39178  1.35695  1.36565
  1984.11      5.0400  1.38036  1.38623  1.39113  1.35655  1.36504
  1982.61      5.0439  1.37977  1.38560  1.39046  1.35614  1.36447
  1981.11      5.0477  1.37918  1.38496  1.38978  1.35561  1.36385
  1979.61      5.0515  1.37859  1.38435  1.38913  1.35516  1.36330
  1978.11      5.0553  1.37805  1.38377  1.38854  1.35475  1.36276
  1976.61      5.0592  1.37753  1.38323  1.38798  1.35428  1.36223
  1975.11      5.0630  1.37702  1.38270  1.38745  1.35375  1.36177
  1973.61      5.0669  1.37652  1.38219  1.38694  1.35324  1.36129
  1972.11      5.0707  1.37604  1.38169  1.38645  1.35282  1.36082
  1970.61      5.0746  1.37556  1.38120  1.38595  1.35238  1.36034
  1969.11      5.0784  1.37511  1.38071  1.38547  1.35194  1.35983
  1967.61      5.0823  1.37463  1.38022  1.38497  1.35154  1.35931
  1966.11      5.0862  1.37413  1.37969  1.38444  1.35106  1.35867
  1964.61      5.0901  1.37359  1.37913  1.38386  1.35056  1.35800
  1963.11      5.0940  1.37304  1.37854  1.38326  1.35005  1.35748
  1961.61      5.0979  1.37248  1.37795  1.38265  1.34950  1.35704
  1960.11      5.1018  1.37189  1.37733  1.38203  1.34900  1.35655
  1958.61      5.1057  1.37129  1.37671  1.38140  1.34858  1.35596
  1957.11      5.1096  1.37069  1.37609  1.38076  1.34819  1.35539
  1955.61      5.1135  1.37010  1.37548  1.38016  1.34781  1.35487
  1954.11      5.1174  1.36955  1.37492  1.37960  1.34736  1.35432
  1952.61      5.1214  1.36904  1.37442  1.37909  1.34687  1.35381
  1951.11      5.1253  1.36858  1.37395  1.37864  1.34637  1.35332
  1949.61      5.1292  1.36813  1.37351  1.37820  1.34590  1.35279
  1948.11      5.1332  1.36769  1.37309  1.37776  1.34547  1.35228
  1946.61      5.1371  1.36729  1.37268  1.37736  1.34502  1.35179
  1945.11      5.1411  1.36688  1.37227  1.37694  1.34458  1.35133
  1943.61      5.1451  1.36646  1.37184  1.37651  1.34420  1.35091
  1942.11      5.1490  1.36601  1.37137  1.37603  1.34380  1.35042
  1940.61      5.1530  1.36549  1.37081  1.37546  1.34332  1.34981
  1939.11      5.1570  1.36491  1.37021  1.37483  1.34283  1.34921
  1937.61      5.1610  1.36432  1.36956  1.37418  1.34232  1.34867
  1936.11      5.1650  1.36373  1.36891  1.37350  1.34189  1.34822
  1934.61      5.1690  1.36314  1.36829  1.37286  1.34155  1.34786
  1933.11      5.1730  1.36257  1.36768  1.37224  1.34117  1.34736
  1931.61      5.1770  1.36201  1.36710  1.37165  1.34077  1.34684
  1930.11      5.1811  1.36151  1.36658  1.37112  1.34035  1.34632
  1928.61      5.1851  1.36109  1.36616  1.37069  1.33994  1.34580
  1927.11      5.1891  1.36074  1.36582  1.37034  1.33957  1.34536
  1925.61      5.1932  1.36042  1.36552  1.37004  1.33914  1.34500
  1924.11      5.1972  1.36011  1.36525  1.36976  1.33872  1.34470
  1922.61      5.2013  1.35980  1.36495  1.36947  1.33829  1.34422
  1921.11      5.2053  1.35946  1.36464  1.36915  1.33789  1.34367
  1919.60      5.2094  1.35911  1.36429  1.36881  1.33762  1.34341
  1918.10      5.2135  1.35873  1.36392  1.36844  1.33721  1.34318
  1916.60      5.2176  1.35829  1.36347  1.36799  1.33669  1.34271
  1915.10      5.2216  1.35778  1.36294  1.36746  1.33624  1.34211
  1913.60      5.2257  1.35724  1.36237  1.36688  1.33588  1.34154
  1912.10      5.2298  1.35668  1.36180  1.36630  1.33564  1.34113
  1910.60      5.2339  1.35612  1.36121  1.36570  1.33538  1.34078
  1909.10      5.2381  1.35556  1.36061  1.36510  1.33497  1.34032
  1907.60      5.2422  1.35497  1.35999  1.36447  1.33449  1.33984
  1906.10      5.2463  1.35438  1.35937  1.36385  1.33401  1.33934
  1904.60      5.2504  1.35383  1.35878  1.36326  1.33358  1.33894
  1903.10      5.2546  1.35332  1.35824  1.36271  1.33323  1.33859
  1901.60      5.2587  1.35284  1.35772  1.36219  1.33296  1.33820
  1900.10      5.2629  1.35241  1.35727  1.36174  1.33270  1.33773
  1898.60      5.2670  1.35202  1.35687  1.36133  1.33233  1.33724
  1897.10      5.2712  1.35167  1.35651  1.36096  1.33191  1.33681
  1895.60      5.2754  1.35134  1.35618  1.36062  1.33158  1.33643
  1894.10      5.2795  1.35102  1.35587  1.36030  1.33128  1.33604
  1892.60      5.2837  1.35071  1.35555  1.35997  1.33098  1.33572
  1891.10      5.2879  1.35038  1.35524  1.35964  1.33071  1.33547
  1889.60      5.2921  1.35002  1.35488  1.35928  1.33039  1.33511
  1888.10      5.2963  1.34960  1.35447  1.35885  1.33000  1.33465
  1886.60      5.3005  1.34912  1.35396  1.35832  1.32962  1.33425
  1885.10      5.3048  1.34859  1.35340  1.35776  1.32928  1.33392
  1883.60      5.3090  1.34804  1.35281  1.35715  1.32900  1.33354
  1882.10      5.3132  1.34749  1.35224  1.35655  1.32871  1.33306
  1880.60      5.3174  1.34700  1.35172  1.35603  1.32839  1.33255
  1879.10      5.3217  1.34661  1.35131  1.35561  1.32810  1.33222
  1877.60      5.3259  1.34630  1.35099  1.35531  1.32777  1.33192
  1876.10      5.3302  1.34608  1.35077  1.35510  1.32750  1.33158
  1874.60      5.3345  1.34592  1.35063  1.35497  1.32727  1.33121
  1873.10      5.3387  1.34582  1.35056  1.35492  1.32701  1.33081
  1871.60      5.3430  1.34578  1.35056  1.35492  1.32685  1.33068
  1870.10      5.3473  1.34576  1.35056  1.35494  1.32671  1.33068
  1868.60      5.3516  1.34568  1.35049  1.35488  1.32649  1.33051
  1867.10      5.3559  1.34546  1.35026  1.35463  1.32617  1.33015
  1865.60      5.3602  1.34509  1.34985  1.35421  1.32579  1.32969
  1864.10      5.3645  1.34463  1.34932  1.35366  1.32557  1.32930
  1862.60      5.3688  1.34410  1.34874  1.35304  1.32543  1.32893
  1861.10      5.3732  1.34355  1.34810  1.35238  1.32527  1.32861
  1859.60      5.3775  1.34296  1.34743  1.35168  1.32512  1.32838
  1858.10      5.3818  1.34237  1.34676  1.35097  1.32495  1.32816
  1856.60      5.3862  1.34184  1.34616  1.35035  1.32476  1.32800
  1855.10      5.3905  1.34145  1.34573  1.34989  1.32456  1.32794
  1853.60      5.3949  1.34122  1.34549  1.34963  1.32436  1.32777
  1852.10      5.3993  1.34110  1.34538  1.34952  1.32425  1.32752
  1850.60      5.4037  1.34105  1.34536  1.34949  1.32415  1.32722
  1849.10      5.4080  1.34106  1.34538  1.34952  1.32402  1.32698
  1847.60      5.4124  1.34112  1.34546  1.34961  1.32394  1.32691
  1846.10      5.4168  1.34119  1.34555  1.34970  1.32394  1.32700
  1844.60      5.4212  1.34121  1.34558  1.34973  1.32395  1.32720
  1843.10      5.4256  1.34111  1.34546  1.34961  1.32386  1.32706
  1841.60      5.4301  1.34091  1.34524  1.34938  1.32376  1.32665
  1840.10      5.4345  1.34069  1.34498  1.34911  1.32375  1.32644
  1838.60      5.4389  1.34050  1.34475  1.34887  1.32373  1.32645
  1837.10      5.4434  1.34033  1.34456  1.34867  1.32367  1.32642
  1835.60      5.4478  1.34020  1.34441  1.34851  1.32369  1.32635
  1834.10      5.4523  1.34012  1.34433  1.34842  1.32379  1.32633
  1832.60      5.4567  1.34010  1.34432  1.34841  1.32394  1.32645
  1831.10      5.4612  1.34016  1.34441  1.34850  1.32410  1.32675
  1829.60      5.4657  1.34026  1.34452  1.34861  1.32408  1.32690
  1828.10      5.4702  1.34029  1.34457  1.34866  1.32402  1.32682
  1826.60      5.4747  1.34025  1.34451  1.34860  1.32411  1.32684
  1825.10      5.4792  1.34011  1.34435  1.34843  1.32419  1.32690
  1823.60      5.4837  1.33989  1.34407  1.34813  1.32423  1.32692
  1822.10      5.4882  1.33961  1.34371  1.34775  1.32428  1.32685
  1820.60      5.4927  1.33931  1.34331  1.34733  1.32442  1.32689
  1819.10      5.4972  1.33901  1.34292  1.34691  1.32471  1.32712
  1817.60      5.5018  1.33873  1.34255  1.34651  1.32492  1.32726
  1816.10      5.5063  1.33850  1.34224  1.34617  1.32516  1.32734
  1814.60      5.5109  1.33834  1.34201  1.34592  1.32539  1.32745
  1813.10      5.5154  1.33826  1.34189  1.34578  1.32556  1.32766
  1811.60      5.5200  1.33829  1.34189  1.34576  1.32578  1.32795
  1810.10      5.5246  1.33839  1.34197  1.34582  1.32594  1.32819
  1808.60      5.5291  1.33852  1.34208  1.34592  1.32615  1.32845
  1807.10      5.5337  1.33865  1.34220  1.34602  1.32647  1.32876
  1805.60      5.5383  1.33883  1.34236  1.34616  1.32677  1.32898
  1804.10      5.5429  1.33910  1.34262  1.34641  1.32708  1.32925
  1802.60      5.5476  1.33951  1.34302  1.34680  1.32739  1.32961
  1801.10      5.5522  1.33999  1.34351  1.34728  1.32770  1.33004
  1799.60      5.5568  1.34046  1.34399  1.34776  1.32806  1.33052
  1798.10      5.5614  1.34091  1.34442  1.34818  1.32842  1.33084
  1796.60      5.5661  1.34136  1.34486  1.34861  1.32883  1.33111
  1795.10      5.5707  1.34181  1.34533  1.34906  1.32927  1.33156
  1793.60      5.5754  1.34227  1.34580  1.34950  1.32969  1.33227
  1792.10      5.5801  1.34266  1.34619  1.34988  1.33013  1.33293
  1790.60      5.5847  1.34289  1.34639  1.35006  1.33051  1.33320
  1789.10      5.5894  1.34297  1.34641  1.35006  1.33085  1.33334
  1787.60      5.5941  1.34298  1.34635  1.34996  1.33129  1.33371
  1786.10      5.5988  1.34302  1.34631  1.34991  1.33182  1.33426
  1784.59      5.6035  1.34311  1.34634  1.34992  1.33235  1.33481
  1783.09      5.6082  1.34333  1.34650  1.35006  1.33286  1.33532
  1781.59      5.6129  1.34367  1.34678  1.35035  1.33337  1.33586
  1780.09      5.6177  1.34414  1.34721  1.35078  1.33384  1.33644
  1778.59      5.6224  1.34474  1.34778  1.35136  1.33424  1.33696
  1777.09      5.6272  1.34547  1.34851  1.35210  1.33471  1.33744
  1775.59      5.6319  1.34631  1.34936  1.35297  1.33543  1.33817
  1774.09      5.6367  1.34722  1.35030  1.35390  1.33621  1.33921
  1772.59      5.6414  1.34814  1.35124  1.35487  1.33689  1.34035
  1771.09      5.6462  1.34894  1.35206  1.35570  1.33748  1.34115
  1769.59      5.6510  1.34956  1.35268  1.35630  1.33803  1.34160
  1768.09      5.6558  1.35006  1.35315  1.35674  1.33868  1.34212
  1766.59      5.6606  1.35045  1.35351  1.35706  1.33941  1.34270
  1765.09      5.6654  1.35079  1.35380  1.35731  1.34017  1.34333
  1763.59      5.6702  1.35113  1.35408  1.35755  1.34114  1.34429
  1762.09      5.6751  1.35153  1.35442  1.35784  1.34215  1.34541
  1760.59      5.6799  1.35200  1.35483  1.35821  1.34299  1.34634
  1759.09      5.6847  1.35260  1.35539  1.35873  1.34385  1.34721
  1757.59      5.6896  1.35339  1.35614  1.35945  1.34477  1.34817
  1756.09      5.6945  1.35435  1.35708  1.36038  1.34576  1.34919
  1754.59      5.6993  1.35543  1.35817  1.36146  1.34675  1.35018
  1753.09      5.7042  1.35667  1.35942  1.36272  1.34779  1.35132
  1751.59      5.7091  1.35804  1.36082  1.36414  1.34897  1.35286
  1750.09      5.7140  1.35944  1.36225  1.36559  1.35007  1.35447
  1748.59      5.7189  1.36077  1.36360  1.36695  1.35101  1.35581
  1747.09      5.7238  1.36199  1.36484  1.36819  1.35176  1.35680
  1745.59      5.7287  1.36320  1.36606  1.36942  1.35252  1.35763
  1744.09      5.7336  1.36450  1.36737  1.37075  1.35376  1.35889
  1742.59      5.7386  1.36589  1.36879  1.37218  1.35535  1.36042
  1741.09      5.7435  1.36731  1.37026  1.37366  1.35684  1.36189
  1739.59      5.7485  1.36871  1.37170  1.37511  1.35817  1.36337
  1738.09      5.7534  1.37007  1.37308  1.37651  1.35933  1.36468
  1736.59      5.7584  1.37145  1.37449  1.37793  1.36054  1.36614
  1735.09      5.7634  1.37288  1.37598  1.37942  1.36194  1.36814
  1733.59      5.7684  1.37424  1.37737  1.38080  1.36341  1.37016
  1732.09      5.7734  1.37532  1.37843  1.38184  1.36472  1.37155
  1730.59      5.7784  1.37617  1.37925  1.38259  1.36602  1.37286
  1729.09      5.7834  1.37698  1.37998  1.38328  1.36745  1.37432
  1727.59      5.7884  1.37789  1.38085  1.38409  1.36898  1.37581
  1726.09      5.7934  1.37901  1.38193  1.38515  1.37052  1.37736
  1724.59      5.7985  1.38033  1.38325  1.38645  1.37199  1.37896
  1723.09      5.8035  1.38180  1.38474  1.38793  1.37346  1.38062
  1721.59      5.8086  1.38344  1.38641  1.38961  1.37494  1.38228
  1720.09      5.8136  1.38534  1.38837  1.39163  1.37657  1.38428
  1718.59      5.8187  1.38747  1.39062  1.39394  1.37843  1.38691
  1717.09      5.8238  1.38965  1.39291  1.39630  1.38007  1.38933
  1715.59      5.8289  1.39165  1.39499  1.39845  1.38156  1.39104
  1714.09      5.8340  1.39339  1.39678  1.40027  1.38310  1.39247
  1712.59      5.8391  1.39496  1.39837  1.40187  1.38468  1.39394
  1711.09      5.8442  1.39658  1.40002  1.40353  1.38637  1.39566
  1709.59      5.8494  1.39836  1.40186  1.40538  1.38802  1.39751
  1708.09      5.8545  1.40035  1.40395  1.40749  1.38973  1.39950
  1706.59      5.8596  1.40255  1.40627  1.40983  1.39148  1.40160
  1705.09      5.8648  1.40490  1.40878  1.41237  1.39311  1.40355
  1703.59      5.8700  1.40736  1.41142  1.41505  1.39468  1.40538
  1702.09      5.8751  1.40996  1.41422  1.41789  1.39645  1.40768
  1700.59      5.8803  1.41259  1.41704  1.42078  1.39835  1.41032
  1699.09      5.8855  1.41498  1.41960  1.42339  1.40000  1.41228
  1697.59      5.8907  1.41698  1.42169  1.42553  1.40157  1.41400
  1696.09      5.8959  1.41870  1.42345  1.42732  1.40312  1.41584
  1694.59      5.9011  1.42022  1.42498  1.42886  1.40449  1.41720
  1693.09      5.9064  1.42161  1.42635  1.43026  1.40585  1.41835
  1691.59      5.9116  1.42299  1.42772  1.43166  1.40737  1.41992
  1690.09      5.9169  1.42442  1.42914  1.43311  1.40887  1.42170
  1688.59      5.9221  1.42586  1.43059  1.43461  1.41028  1.42328
  1687.09      5.9274  1.42748  1.43224  1.43630  1.41197  1.42507
  1685.59      5.9326  1.42933  1.43417  1.43830  1.41392  1.42756
  1684.09      5.9379  1.43122  1.43615  1.44035  1.41540  1.42988
  1682.59      5.9432  1.43286  1.43788  1.44213  1.41623  1.43094
  1681.09      5.9485  1.43431  1.43938  1.44367  1.41718  1.43175
  1679.59      5.9538  1.43567  1.44080  1.44511  1.41837  1.43280
  1678.09      5.9592  1.43694  1.44213  1.44646  1.41972  1.43413
  1676.59      5.9645  1.43814  1.44338  1.44773  1.42117  1.43586
  1675.09      5.9698  1.43923  1.44450  1.44888  1.42234  1.43737
  1673.59      5.9752  1.44017  1.44544  1.44984  1.42326  1.43829
  1672.09      5.9806  1.44099  1.44627  1.45068  1.42442  1.43943
  1670.59      5.9859  1.44182  1.44710  1.45154  1.42573  1.44101
  1669.09      5.9913  1.44254  1.44781  1.45228  1.42662  1.44209
  1667.59      5.9967  1.44303  1.44824  1.45274  1.42721  1.44246
  1666.09      6.0021  1.44341  1.44855  1.45306  1.42805  1.44302
  1664.59      6.0075  1.44398  1.44910  1.45362  1.42915  1.44417
  1663.09      6.0129  1.44481  1.44995  1.45450  1.43021  1.44547
  1661.59      6.0183  1.44577  1.45096  1.45554  1.43094  1.44612
  1660.09      6.0238  1.44683  1.45210  1.45671  1.43150  1.44641
  1658.59      6.0292  1.44816  1.45354  1.45821  1.43210  1.44683
  1657.09      6.0347  1.44989  1.45548  1.46022  1.43287  1.44761
  1655.59      6.0402  1.45203  1.45790  1.46274  1.43416  1.44932
  1654.09      6.0456  1.45428  1.46045  1.46542  1.43553  1.45169
  1652.59      6.0511  1.45612  1.46255  1.46764  1.43554  1.45190
  1651.08      6.0566  1.45730  1.46388  1.46905  1.43538  1.45090
  1649.58      6.0621  1.45807  1.46473  1.46997  1.43608  1.45126
  1648.08      6.0676  1.45869  1.46543  1.47071  1.43689  1.45246
  1646.58      6.0732  1.45909  1.46585  1.47120  1.43704  1.45294
  1645.08      6.0787  1.45906  1.46580  1.47118  1.43691  1.45231
  1643.58      6.0843  1.45858  1.46523  1.47063  1.43712  1.45175
  1642.08      6.0898  1.45787  1.46438  1.46979  1.43750  1.45166
  1640.58      6.0954  1.45721  1.46360  1.46901  1.43785  1.45172
  1639.08      6.1010  1.45680  1.46313  1.46856  1.43838  1.45213
  1637.58      6.1066  1.45658  1.46288  1.46833  1.43907  1.45311
  1636.08      6.1122  1.45629  1.46255  1.46802  1.43922  1.45360
  1634.58      6.1178  1.45575  1.46195  1.46742  1.43861  1.45262
  1633.08      6.1234  1.45507  1.46119  1.46661  1.43817  1.45143
  1631.58      6.1290  1.45436  1.46039  1.46578  1.43819  1.45096
  1630.08      6.1347  1.45368  1.45963  1.46498  1.43836  1.45100
  1628.58      6.1403  1.45304  1.45892  1.46423  1.43832  1.45085
  1627.08      6.1460  1.45239  1.45823  1.46349  1.43812  1.45038
  1625.58      6.1516  1.45171  1.45748  1.46269  1.43801  1.45008
  1624.08      6.1573  1.45094  1.45666  1.46183  1.43780  1.44981
  1622.58      6.1630  1.45014  1.45581  1.46095  1.43718  1.44889
  1621.08      6.1687  1.44934  1.45495  1.46007  1.43647  1.44769
  1619.58      6.1744  1.44853  1.45411  1.45921  1.43616  1.44722
  1618.08      6.1802  1.44767  1.45321  1.45829  1.43592  1.44730
  1616.58      6.1859  1.44662  1.45211  1.45715  1.43501  1.44660
  1615.08      6.1916  1.44528  1.45069  1.45569  1.43382  1.44496
  1613.58      6.1974  1.44375  1.44904  1.45399  1.43308  1.44358
  1612.08      6.2032  1.44213  1.44732  1.45221  1.43253  1.44258
  1610.58      6.2089  1.44053  1.44561  1.45044  1.43173  1.44166
  1609.08      6.2147  1.43895  1.44392  1.44870  1.43066  1.44070
  1607.58      6.2205  1.43732  1.44223  1.44696  1.42951  1.43955
  1606.08      6.2263  1.43567  1.44048  1.44517  1.42844  1.43832
  1604.58      6.2322  1.43402  1.43874  1.44341  1.42744  1.43713
  1603.08      6.2380  1.43246  1.43711  1.44175  1.42636  1.43590
  1601.58      6.2438  1.43096  1.43557  1.44018  1.42517  1.43458
  1600.08      6.2497  1.42947  1.43404  1.43863  1.42388  1.43320
  1598.58      6.2555  1.42797  1.43250  1.43707  1.42256  1.43190
  1597.08      6.2614  1.42645  1.43095  1.43550  1.42123  1.43070
  1595.58      6.2673  1.42493  1.42940  1.43391  1.41978  1.42936
  1594.08      6.2732  1.42338  1.42780  1.43230  1.41829  1.42788
  1592.58      6.2791  1.42179  1.42618  1.43065  1.41689  1.42632
  1591.08      6.2850  1.42016  1.42451  1.42895  1.41563  1.42477
  1589.58      6.2910  1.41855  1.42286  1.42728  1.41438  1.42332
  1588.08      6.2969  1.41703  1.42132  1.42571  1.41294  1.42181
  1586.58      6.3029  1.41563  1.41991  1.42429  1.41152  1.42035
  1585.08      6.3088  1.41433  1.41863  1.42298  1.41012  1.41893
  1583.58      6.3148  1.41308  1.41740  1.42174  1.40865  1.41745
  1582.08      6.3208  1.41194  1.41628  1.42061  1.40718  1.41597
  1580.58      6.3268  1.41096  1.41533  1.41968  1.40571  1.41450
  1579.08      6.3328  1.41013  1.41456  1.41891  1.40464  1.41339
  1577.58      6.3388  1.40936  1.41386  1.41822  1.40384  1.41261
  1576.08      6.3449  1.40849  1.41304  1.41742  1.40218  1.41099
  1574.58      6.3509  1.40740  1.41197  1.41636  1.40000  1.40858
  1573.08      6.3570  1.40617  1.41074  1.41513  1.39847  1.40682
  1571.58      6.3630  1.40503  1.40961  1.41400  1.39748  1.40601
  1570.08      6.3691  1.40415  1.40880  1.41322  1.39624  1.40512
  1568.58      6.3752  1.40345  1.40819  1.41265  1.39453  1.40325
  1567.08      6.3813  1.40278  1.40765  1.41213  1.39302  1.40128
  1565.58      6.3874  1.40219  1.40717  1.41168  1.39175  1.39970
  1564.08      6.3935  1.40171  1.40684  1.41138  1.39039  1.39814
  1562.58      6.3997  1.40142  1.40670  1.41130  1.38934  1.39699
  1561.08      6.4058  1.40129  1.40676  1.41142  1.38898  1.39712
  1559.58      6.4120  1.40104  1.40668  1.41139  1.38831  1.39738
  1558.08      6.4182  1.40022  1.40594  1.41069  1.38605  1.39497
  1556.58      6.4243  1.39877  1.40446  1.40920  1.38400  1.39224
  1555.08      6.4305  1.39701  1.40262  1.40734  1.38256  1.39051
  1553.58      6.4368  1.39515  1.40067  1.40536  1.38109  1.38878
  1552.08      6.4430  1.39338  1.39883  1.40349  1.37970  1.38719
  1550.58      6.4492  1.39177  1.39719  1.40183  1.37829  1.38580
  1549.08      6.4555  1.39028  1.39565  1.40028  1.37669  1.38423
  1547.58      6.4617  1.38886  1.39421  1.39883  1.37525  1.38267
  1546.08      6.4680  1.38777  1.39315  1.39775  1.37418  1.38152
  1544.58      6.4743  1.38712  1.39258  1.39720  1.37315  1.38051
  1543.08      6.4806  1.38668  1.39225  1.39689  1.37217  1.37975
  1541.58      6.4869  1.38615  1.39181  1.39647  1.37159  1.37962
  1540.08      6.4932  1.38525  1.39093  1.39560  1.37033  1.37845
  1538.58      6.4995  1.38383  1.38947  1.39410  1.36811  1.37558
  1537.08      6.5059  1.38206  1.38759  1.39216  1.36628  1.37325
  1535.58      6.5122  1.38016  1.38556  1.39007  1.36514  1.37203
  1534.08      6.5186  1.37823  1.38351  1.38798  1.36411  1.37108
  1532.58      6.5250  1.37626  1.38142  1.38583  1.36255  1.36930
  1531.08      6.5314  1.37433  1.37937  1.38373  1.36093  1.36725
  1529.58      6.5378  1.37256  1.37753  1.38186  1.35976  1.36582
  1528.08      6.5442  1.37112  1.37606  1.38037  1.35861  1.36465
  1526.58      6.5506  1.37002  1.37500  1.37932  1.35735  1.36346
  1525.08      6.5571  1.36911  1.37415  1.37850  1.35597  1.36222
  1523.58      6.5635  1.36822  1.37333  1.37772  1.35485  1.36143
  1522.08      6.5700  1.36723  1.37240  1.37681  1.35386  1.36083
  1520.58      6.5765  1.36610  1.37131  1.37574  1.35235  1.35917
  1519.08      6.5830  1.36495  1.37018  1.37462  1.35098  1.35740
  1517.58      6.5895  1.36384  1.36910  1.37357  1.34988  1.35618
  1516.07      6.5960  1.36268  1.36797  1.37246  1.34843  1.35458
  1514.57      6.6025  1.36141  1.36670  1.37119  1.34695  1.35270
  1513.07      6.6091  1.36009  1.36536  1.36983  1.34570  1.35115
  1511.57      6.6156  1.35878  1.36404  1.36850  1.34449  1.34982
  1510.07      6.6222  1.35756  1.36280  1.36724  1.34365  1.34887
  1508.57      6.6288  1.35641  1.36163  1.36606  1.34339  1.34871
  1507.07      6.6354  1.35516  1.36034  1.36474  1.34254  1.34834
  1505.57      6.6420  1.35350  1.35859  1.36291  1.34036  1.34634
  1504.07      6.6486  1.35150  1.35643  1.36065  1.33832  1.34391
  1502.57      6.6552  1.34943  1.35417  1.35830  1.33704  1.34221
  1501.07      6.6619  1.34745  1.35203  1.35608  1.33622  1.34118
  1499.57      6.6686  1.34559  1.35004  1.35399  1.33548  1.34040
  1498.07      6.6752  1.34377  1.34811  1.35198  1.33478  1.33967
  1496.57      6.6819  1.34190  1.34614  1.34992  1.33379  1.33847
  1495.07      6.6886  1.34001  1.34414  1.34786  1.33215  1.33650
  1493.57      6.6954  1.33828  1.34234  1.34602  1.33071  1.33487
  1492.07      6.7021  1.33678  1.34080  1.34446  1.32961  1.33375
  1490.57      6.7088  1.33534  1.33933  1.34299  1.32858  1.33273
  1489.07      6.7156  1.33375  1.33768  1.34134  1.32730  1.33142
  1487.57      6.7224  1.33194  1.33580  1.33944  1.32566  1.32975
  1486.07      6.7291  1.33002  1.33375  1.33739  1.32403  1.32813
  1484.57      6.7359  1.32815  1.33179  1.33541  1.32256  1.32660
  1483.07      6.7428  1.32645  1.33001  1.33363  1.32127  1.32521
  1481.57      6.7496  1.32490  1.32840  1.33202  1.32002  1.32393
  1480.07      6.7564  1.32340  1.32687  1.33048  1.31864  1.32246
  1478.57      6.7633  1.32197  1.32542  1.32900  1.31746  1.32120
  1477.07      6.7702  1.32066  1.32412  1.32767  1.31645  1.32031
  1475.57      6.7770  1.31949  1.32300  1.32652  1.31540  1.31951
  1474.07      6.7839  1.31834  1.32190  1.32540  1.31445  1.31878
  1472.57      6.7908  1.31705  1.32065  1.32410  1.31316  1.31748
  1471.07      6.7978  1.31553  1.31914  1.32253  1.31149  1.31544
  1469.57      6.8047  1.31391  1.31750  1.32083  1.30999  1.31359
  1468.07      6.8117  1.31239  1.31596  1.31924  1.30869  1.31219
  1466.57      6.8186  1.31099  1.31456  1.31782  1.30750  1.31113
  1465.07      6.8256  1.30964  1.31319  1.31645  1.30616  1.31002
  1463.57      6.8326  1.30825  1.31177  1.31504  1.30463  1.30845
  1462.07      6.8396  1.30688  1.31036  1.31363  1.30331  1.30677
  1460.57      6.8466  1.30562  1.30905  1.31237  1.30234  1.30554
  1459.07      6.8537  1.30450  1.30793  1.31128  1.30164  1.30493
  1457.57      6.8607  1.30338  1.30680  1.31019  1.30059  1.30432
  1456.07      6.8678  1.30198  1.30536  1.30878  1.29867  1.30261
  1454.57      6.8749  1.30024  1.30352  1.30694  1.29683  1.30040
  1453.07      6.8820  1.29824  1.30141  1.30481  1.29545  1.29860
  1451.57      6.8891  1.29614  1.29920  1.30254  1.29408  1.29700
  1450.07      6.8962  1.29397  1.29694  1.30022  1.29273  1.29558
  1448.57      6.9034  1.29177  1.29466  1.29788  1.29147  1.29421
  1447.07      6.9105  1.28954  1.29234  1.29551  1.29007  1.29251
  1445.57      6.9177  1.28730  1.29005  1.29314  1.28866  1.29085
  1444.07      6.9249  1.28518  1.28787  1.29091  1.28719  1.28937
  1442.57      6.9321  1.28324  1.28590  1.28888  1.28551  1.28784
  1441.07      6.9393  1.28145  1.28411  1.28706  1.28384  1.28630
  1439.57      6.9465  1.27977  1.28244  1.28537  1.28234  1.28499
  1438.07      6.9538  1.27813  1.28082  1.28372  1.28106  1.28405
  1436.57      6.9610  1.27647  1.27914  1.28204  1.27948  1.28269
  1435.07      6.9683  1.27470  1.27734  1.28023  1.27755  1.28063
  1433.57      6.9756  1.27286  1.27546  1.27833  1.27590  1.27876
  1432.07      6.9829  1.27099  1.27357  1.27642  1.27448  1.27723
  1430.57      6.9902  1.26913  1.27169  1.27454  1.27309  1.27569
  1429.07      6.9976  1.26728  1.26985  1.27267  1.27155  1.27391
  1427.57      7.0049  1.26543  1.26799  1.27082  1.26985  1.27198
  1426.07      7.0123  1.26356  1.26614  1.26895  1.26832  1.27037
  1424.57      7.0197  1.26171  1.26431  1.26711  1.26678  1.26893
  1423.07      7.0271  1.25988  1.26253  1.26530  1.26504  1.26732
  1421.57      7.0345  1.25807  1.26077  1.26352  1.26350  1.26587
  1420.07      7.0419  1.25625  1.25899  1.26171  1.26209  1.26457
  1418.57      7.0494  1.25431  1.25707  1.25976  1.26041  1.26289
  1417.07      7.0568  1.25222  1.25496  1.25761  1.25852  1.26083
  1415.57      7.0643  1.24998  1.25268  1.25529  1.25664  1.25880
  1414.07      7.0718  1.24765  1.25029  1.25285  1.25479  1.25691
  1412.57      7.0793  1.24527  1.24781  1.25032  1.25295  1.25506
  1411.07      7.0868  1.24284  1.24529  1.24776  1.25118  1.25318
  1409.57      7.0944  1.24043  1.24278  1.24520  1.24943  1.25124
  1408.07      7.1019  1.23806  1.24031  1.24269  1.24762  1.24927
  1406.57      7.1095  1.23576  1.23794  1.24028  1.24586  1.24741
  1405.07      7.1171  1.23358  1.23570  1.23800  1.24401  1.24547
  1403.57      7.1247  1.23147  1.23355  1.23582  1.24195  1.24333
  1402.07      7.1323  1.22939  1.23143  1.23367  1.24005  1.24133
  1400.57      7.1400  1.22733  1.22935  1.23155  1.23841  1.23961
  1399.07      7.1476  1.22528  1.22727  1.22943  1.23665  1.23778
  1397.57      7.1553  1.22318  1.22516  1.22729  1.23469  1.23583
  1396.07      7.1630  1.22101  1.22296  1.22505  1.23277  1.23396
  1394.57      7.1707  1.21872  1.22061  1.22267  1.23082  1.23194
  1393.07      7.1784  1.21628  1.21810  1.22013  1.22871  1.22960
  1391.57      7.1862  1.21373  1.21546  1.21745  1.22654  1.22721
  1390.07      7.1939  1.21110  1.21274  1.21470  1.22455  1.22499
  1388.57      7.2017  1.20840  1.20995  1.21187  1.22272  1.22282
  1387.07      7.2095  1.20562  1.20708  1.20897  1.22069  1.22046
  1385.57      7.2173  1.20277  1.20412  1.20600  1.21843  1.21805
  1384.07      7.2251  1.19988  1.20113  1.20298  1.21613  1.21561
  1382.56      7.2329  1.19698  1.19814  1.19996  1.21385  1.21310
  1381.06      7.2408  1.19409  1.19519  1.19696  1.21161  1.21064
  1379.56      7.2487  1.19122  1.19226  1.19399  1.20932  1.20820
  1378.06      7.2566  1.18833  1.18933  1.19103  1.20701  1.20580
  1376.56      7.2645  1.18543  1.18638  1.18804  1.20464  1.20338
  1375.06      7.2724  1.18252  1.18343  1.18505  1.20225  1.20094
  1373.56      7.2803  1.17960  1.18048  1.18204  1.19988  1.19853
  1372.06      7.2883  1.17666  1.17750  1.17902  1.19743  1.19595
  1370.56      7.2963  1.17369  1.17450  1.17598  1.19496  1.19326
  1369.06      7.3043  1.17071  1.17148  1.17293  1.19250  1.19062
  1367.56      7.3123  1.16770  1.16843  1.16984  1.18996  1.18796
  1366.06      7.3203  1.16469  1.16538  1.16676  1.18741  1.18531
  1364.56      7.3284  1.16167  1.16233  1.16368  1.18493  1.18271
  1363.06      7.3364  1.15865  1.15928  1.16060  1.18243  1.18018
  1361.56      7.3445  1.15561  1.15620  1.15751  1.17988  1.17760
  1360.06      7.3526  1.15254  1.15310  1.15439  1.17730  1.17489
  1358.56      7.3607  1.14946  1.14997  1.15125  1.17480  1.17222
  1357.06      7.3689  1.14637  1.14685  1.14811  1.17228  1.16957
  1355.56      7.3770  1.14330  1.14372  1.14498  1.16972  1.16695
  1354.06      7.3852  1.14023  1.14061  1.14187  1.16721  1.16444
  1352.56      7.3934  1.13719  1.13751  1.13878  1.16472  1.16194
  1351.06      7.4016  1.13418  1.13445  1.13572  1.16234  1.15943
  1349.56      7.4098  1.13127  1.13149  1.13277  1.16010  1.15701
  1348.06      7.4181  1.12847  1.12867  1.12995  1.15784  1.15466
  1346.56      7.4263  1.12579  1.12599  1.12727  1.15553  1.15232
  1345.06      7.4346  1.12325  1.12345  1.12473  1.15324  1.15010
  1343.56      7.4429  1.12082  1.12105  1.12233  1.15104  1.14798
  1342.06      7.4512  1.11854  1.11881  1.12009  1.14894  1.14592
  1340.56      7.4596  1.11640  1.11674  1.11801  1.14698  1.14399
  1339.06      7.4679  1.11441  1.11480  1.11608  1.14521  1.14224
  1337.56      7.4763  1.11252  1.11298  1.11425  1.14351  1.14058
  1336.06      7.4847  1.11070  1.11124  1.11251  1.14178  1.13898
  1334.56      7.4931  1.10899  1.10960  1.11086  1.14012  1.13748
  1333.06      7.5015  1.10738  1.10806  1.10931  1.13865  1.13610
  1331.56      7.5100  1.10589  1.10663  1.10787  1.13738  1.13483
  1330.06      7.5185  1.10452  1.10534  1.10657  1.13624  1.13369
  1328.56      7.5269  1.10330  1.10418  1.10540  1.13517  1.13268
  1327.06      7.5354  1.10223  1.10318  1.10438  1.13424  1.13182
  1325.56      7.5440  1.10134  1.10235  1.10355  1.13348  1.13113
  1324.06      7.5525  1.10064  1.10170  1.10290  1.13283  1.13055
  1322.56      7.5611  1.10013  1.10128  1.10247  1.13226  1.13008
  1321.06      7.5697  1.09982  1.10103  1.10224  1.13179  1.12974
  1319.56      7.5783  1.09967  1.10096  1.10219  1.13146  1.12952
  1318.06      7.5869  1.09968  1.10105  1.10231  1.13131  1.12944
  1316.56      7.5956  1.09984  1.10127  1.10256  1.13130  1.12950
  1315.06      7.6042  1.10010  1.10160  1.10293  1.13135  1.12968
  1313.56      7.6129  1.10048  1.10203  1.10339  1.13148  1.12992
  1312.06      7.6216  1.10094  1.10255  1.10394  1.13173  1.13023
  1310.56      7.6303  1.10148  1.10311  1.10454  1.13202  1.13059
  1309.06      7.6391  1.10206  1.10373  1.10517  1.13235  1.13095
  1307.56      7.6478  1.10269  1.10438  1.10584  1.13272  1.13134
  1306.06      7.6566  1.10337  1.10507  1.10653  1.13313  1.13179
  1304.56      7.6654  1.10406  1.10578  1.10722  1.13361  1.13231
  1303.06      7.6742  1.10478  1.10651  1.10792  1.13418  1.13287
  1301.56      7.6831  1.10551  1.10722  1.10861  1.13476  1.13340
  1300.06      7.6920  1.10624  1.10793  1.10929  1.13530  1.13388
  1298.56      7.7008  1.10696  1.10861  1.10992  1.13580  1.13429
  1297.06      7.7098  1.10766  1.10927  1.11053  1.13630  1.13463
  1295.56      7.7187  1.10832  1.10986  1.11106  1.13680  1.13493
  1294.06      7.7276  1.10893  1.11038  1.11151  1.13726  1.13523
  1292.56      7.7366  1.10947  1.11081  1.11186  1.13765  1.13544
  1291.06      7.7456  1.10991  1.11114  1.11210  1.13801  1.13553
  1289.56      7.7546  1.11026  1.11134  1.11221  1.13832  1.13554
  1288.06      7.7636  1.11049  1.11141  1.11216  1.13854  1.13543
  1286.56      7.7727  1.11059  1.11132  1.11195  1.13870  1.13516
  1285.06      7.7818  1.11055  1.11106  1.11155  1.13877  1.13473
  1283.56      7.7908  1.11036  1.11062  1.11096  1.13873  1.13413
  1282.06      7.8000  1.11000  1.10998  1.11017  1.13857  1.13335
  1280.56      7.8091  1.10950  1.10916  1.10917  1.13832  1.13238
  1279.06      7.8183  1.10883  1.10816  1.10797  1.13799  1.13130
  1277.56      7.8274  1.10801  1.10696  1.10656  1.13752  1.13008
  1276.06      7.8366  1.10703  1.10556  1.10493  1.13692  1.12873
  1274.56      7.8459  1.10589  1.10399  1.10310  1.13628  1.12724
  1273.06      7.8551  1.10461  1.10224  1.10108  1.13559  1.12562
  1271.56      7.8644  1.10320  1.10032  1.09886  1.13485  1.12390
  1270.06      7.8737  1.10166  1.09825  1.09647  1.13403  1.12211
  1268.56      7.8830  1.10000  1.09604  1.09392  1.13312  1.12016
  1267.06      7.8923  1.09826  1.09368  1.09122  1.13221  1.11811
  1265.56      7.9017  1.09642  1.09123  1.08840  1.13132  1.11596
  1264.06      7.9110  1.09453  1.08868  1.08546  1.13045  1.11376
  1262.56      7.9204  1.09260  1.08608  1.08245  1.12965  1.11158
  1261.06      7.9299  1.09066  1.08343  1.07939  1.12885  1.10943
  1259.56      7.9393  1.08873  1.08079  1.07632  1.12811  1.10740
  1258.06      7.9488  1.08683  1.07816  1.07325  1.12749  1.10552
  1256.56      7.9583  1.08499  1.07557  1.07022  1.12697  1.10374
  1255.06      7.9678  1.08325  1.07306  1.06726  1.12656  1.10206
  1253.56      7.9773  1.08161  1.07066  1.06440  1.12623  1.10051
  1252.06      7.9869  1.08011  1.06841  1.06168  1.12604  1.09911
  1250.56      7.9964  1.07876  1.06631  1.05912  1.12603  1.09787
  1249.06      8.0061  1.07761  1.06442  1.05675  1.12618  1.09678
  1247.55      8.0157  1.07666  1.06274  1.05462  1.12657  1.09588
  1246.05      8.0253  1.07595  1.06132  1.05275  1.12718  1.09520
  1244.55      8.0350  1.07550  1.06018  1.05117  1.12802  1.09479
  1243.05      8.0447  1.07533  1.05935  1.04991  1.12908  1.09476
  1241.55      8.0544  1.07546  1.05885  1.04899  1.13036  1.09507
  1240.05      8.0642  1.07591  1.05869  1.04844  1.13186  1.09567
  1238.55      8.0739  1.07669  1.05890  1.04827  1.13361  1.09660
  1237.05      8.0837  1.07780  1.05948  1.04849  1.13560  1.09787
  1235.55      8.0935  1.07927  1.06045  1.04912  1.13788  1.09949
  1234.05      8.1034  1.08107  1.06181  1.05015  1.14044  1.10147
  1232.55      8.1132  1.08323  1.06356  1.05160  1.14319  1.10375
  1231.05      8.1231  1.08574  1.06569  1.05345  1.14619  1.10637
  1229.55      8.1330  1.08857  1.06821  1.05571  1.14944  1.10929
  1228.05      8.1430  1.09174  1.07109  1.05837  1.15287  1.11243
  1226.55      8.1529  1.09522  1.07435  1.06141  1.15651  1.11586
  1225.05      8.1629  1.09902  1.07795  1.06483  1.16030  1.11957
  1223.55      8.1729  1.10310  1.08188  1.06862  1.16432  1.12359
  1222.05      8.1830  1.10747  1.08613  1.07275  1.16860  1.12793
  1220.55      8.1930  1.11210  1.09069  1.07720  1.17304  1.13250
  1219.05      8.2031  1.11698  1.09553  1.08196  1.17771  1.13734
  1217.55      8.2132  1.12208  1.10063  1.08700  1.18251  1.14240
  1216.05      8.2233  1.12740  1.10598  1.09231  1.18739  1.14760
  1214.55      8.2335  1.13291  1.11155  1.09786  1.19242  1.15300
  1213.05      8.2437  1.13860  1.11733  1.10362  1.19754  1.15851
  1211.55      8.2539  1.14444  1.12329  1.10958  1.20281  1.16416
  1210.05      8.2641  1.15044  1.12942  1.11572  1.20820  1.16997
  1208.55      8.2744  1.15657  1.13570  1.12202  1.21362  1.17584
  1207.05      8.2846  1.16281  1.14211  1.12846  1.21916  1.18188
  1205.55      8.2950  1.16915  1.14865  1.13503  1.22472  1.18799
  1204.05      8.3053  1.17559  1.15528  1.14171  1.23038  1.19416
  1202.55      8.3157  1.18211  1.16200  1.14847  1.23619  1.20043
  1201.05      8.3260  1.18871  1.16878  1.15531  1.24203  1.20670
  1199.55      8.3364  1.19536  1.17562  1.16220  1.24796  1.21310
  1198.05      8.3469  1.20206  1.18250  1.16912  1.25397  1.21959
  1196.55      8.3574  1.20881  1.18940  1.17607  1.26006  1.22610
  1195.05      8.3678  1.21559  1.19632  1.18304  1.26626  1.23267
  1193.55      8.3784  1.22239  1.20324  1.19001  1.27249  1.23925
  1192.05      8.3889  1.22922  1.21017  1.19697  1.27882  1.24588
  1190.55      8.3995  1.23606  1.21710  1.20393  1.28528  1.25260
  1189.05      8.4101  1.24295  1.22403  1.21089  1.29180  1.25937
  1187.55      8.4207  1.24986  1.23098  1.21786  1.29842  1.26624
  1186.05      8.4313  1.25681  1.23796  1.22485  1.30514  1.27320
  1184.55      8.4420  1.26384  1.24499  1.23188  1.31193  1.28022
  1183.05      8.4527  1.27095  1.25210  1.23899  1.31881  1.28730
  1181.55      8.4635  1.27815  1.25929  1.24617  1.32579  1.29446
  1180.05      8.4742  1.28549  1.26661  1.25348  1.33290  1.30177
  1178.55      8.4850  1.29296  1.27407  1.26093  1.34025  1.30937
  1177.05      8.4958  1.30061  1.28171  1.26855  1.34777  1.31721
  1175.55      8.5067  1.30843  1.28954  1.27636  1.35546  1.32529
  1174.05      8.5175  1.31646  1.29760  1.28440  1.36338  1.33363
  1172.55      8.5284  1.32471  1.30588  1.29268  1.37143  1.34212
  1171.05      8.5394  1.33318  1.31442  1.30123  1.37966  1.35084
  1169.55      8.5503  1.34188  1.32322  1.31006  1.38804  1.35979
  1168.05      8.5613  1.35082  1.33230  1.31917  1.39658  1.36896
  1166.55      8.5723  1.36002  1.34165  1.32860  1.40531  1.37843
  1165.05      8.5833  1.36946  1.35130  1.33834  1.41408  1.38806
  1163.55      8.5944  1.37915  1.36122  1.34840  1.42300  1.39797
  1162.05      8.6055  1.38906  1.37144  1.35876  1.43204  1.40814
  1160.55      8.6166  1.39921  1.38192  1.36943  1.44112  1.41840
  1159.05      8.6278  1.40957  1.39268  1.38040  1.45038  1.42888
  1157.55      8.6389  1.42013  1.40369  1.39165  1.45969  1.43948
  1156.05      8.6502  1.43086  1.41493  1.40316  1.46901  1.45018
  1154.55      8.6614  1.44176  1.42638  1.41490  1.47833  1.46096
  1153.05      8.6727  1.45276  1.43800  1.42686  1.48747  1.47162
  1151.55      8.6840  1.46387  1.44975  1.43898  1.49656  1.48231
  1150.05      8.6953  1.47503  1.46161  1.45124  1.50552  1.49295
  1148.55      8.7066  1.48621  1.47353  1.46360  1.51435  1.50345
  1147.05      8.7180  1.49736  1.48546  1.47598  1.52307  1.51384
  1145.55      8.7295  1.50845  1.49734  1.48837  1.53149  1.52393
  1144.05      8.7409  1.51941  1.50914  1.50069  1.53963  1.53377
  1142.55      8.7524  1.53020  1.52079  1.51288  1.54740  1.54329
  1141.05      8.7639  1.54078  1.53225  1.52487  1.55482  1.55243
  1139.55      8.7754  1.55108  1.54344  1.53662  1.56198  1.56126
  1138.05      8.7870  1.56107  1.55433  1.54805  1.56874  1.56963
  1136.55      8.7986  1.57068  1.56484  1.55910  1.57512  1.57754
  1135.05      8.8102  1.57989  1.57493  1.56973  1.58116  1.58501
  1133.55      8.8219  1.58864  1.58454  1.57987  1.58678  1.59198
  1132.05      8.8336  1.59691  1.59365  1.58949  1.59194  1.59842
  1130.55      8.8453  1.60466  1.60219  1.59853  1.59665  1.60432
  1129.05      8.8570  1.61187  1.61015  1.60697  1.60091  1.60964
  1127.55      8.8688  1.61850  1.61750  1.61477  1.60474  1.61446
  1126.05      8.8806  1.62455  1.62421  1.62191  1.60806  1.61878
  1124.55      8.8925  1.63001  1.63027  1.62837  1.61085  1.62251
  1123.05      8.9044  1.63485  1.63567  1.63413  1.61324  1.62571
  1121.55      8.9163  1.63910  1.64041  1.63920  1.61513  1.62831
  1120.05      8.9282  1.64273  1.64448  1.64357  1.61662  1.63040
  1118.55      8.9402  1.64575  1.64787  1.64723  1.61781  1.63207
  1117.05      8.9522  1.64816  1.65060  1.65020  1.61855  1.63321
  1115.55      8.9642  1.64998  1.65269  1.65249  1.61893  1.63394
  1114.04      8.9763  1.65121  1.65414  1.65410  1.61889  1.63422
  1112.54      8.9884  1.65187  1.65495  1.65508  1.61838  1.63399
  1111.04      9.0005  1.65197  1.65518  1.65543  1.61753  1.63343
  1109.54      9.0127  1.65152  1.65481  1.65518  1.61626  1.63243
  1108.04      9.0249  1.65055  1.65390  1.65438  1.61475  1.63103
  1106.54      9.0371  1.64908  1.65248  1.65304  1.61292  1.62925
  1105.04      9.0494  1.64713  1.65055  1.65118  1.61062  1.62698
  1103.54      9.0617  1.64471  1.64816  1.64887  1.60804  1.62449
  1102.04      9.0740  1.64186  1.64533  1.64611  1.60513  1.62166
  1100.54      9.0864  1.63859  1.64208  1.64293  1.60197  1.61844
  1099.04      9.0988  1.63493  1.63844  1.63938  1.59862  1.61496
  1097.54      9.1113  1.63088  1.63443  1.63546  1.59483  1.61117
  1096.04      9.1237  1.62648  1.63007  1.63121  1.59079  1.60722
  1094.54      9.1362  1.62176  1.62538  1.62664  1.58654  1.60297
  1093.04      9.1488  1.61673  1.62041  1.62179  1.58207  1.59834
  1091.54      9.1613  1.61145  1.61518  1.61669  1.57738  1.59346
  1090.04      9.1739  1.60594  1.60972  1.61137  1.57234  1.58829
  1088.54      9.1866  1.60025  1.60410  1.60590  1.56714  1.58294
  1087.04      9.1993  1.59447  1.59838  1.60032  1.56190  1.57746
  1085.54      9.2120  1.58868  1.59263  1.59472  1.55661  1.57183
  1084.04      9.2247  1.58295  1.58695  1.58919  1.55135  1.56622
  1082.54      9.2375  1.57742  1.58145  1.58383  1.54613  1.56066
  1081.04      9.2503  1.57220  1.57626  1.57875  1.54107  1.55516
  1079.54      9.2632  1.56743  1.57148  1.57410  1.53637  1.54990
  1078.04      9.2761  1.56324  1.56729  1.57001  1.53212  1.54507
  1076.54      9.2890  1.55977  1.56381  1.56660  1.52839  1.54086
  1075.04      9.3020  1.55717  1.56118  1.56402  1.52538  1.53746
  1073.54      9.3150  1.55554  1.55952  1.56241  1.52329  1.53497
  1072.04      9.3280  1.55501  1.55896  1.56188  1.52227  1.53356
  1070.54      9.3411  1.55567  1.55958  1.56251  1.52234  1.53336
  1069.04      9.3542  1.55756  1.56147  1.56439  1.52351  1.53433
  1067.54      9.3673  1.56076  1.56466  1.56758  1.52596  1.53663
  1066.04      9.3805  1.56524  1.56919  1.57210  1.52970  1.54038
  1064.54      9.3937  1.57103  1.57501  1.57792  1.53464  1.54546
  1063.04      9.4070  1.57806  1.58208  1.58501  1.54086  1.55189
  1061.54      9.4203  1.58627  1.59037  1.59331  1.54825  1.55959
  1060.04      9.4336  1.59562  1.59979  1.60277  1.55682  1.56860
  1058.54      9.4470  1.60602  1.61028  1.61331  1.56654  1.57882
  1057.04      9.4604  1.61743  1.62178  1.62486  1.57711  1.58992
  1055.54      9.4738  1.62974  1.63421  1.63735  1.58857  1.60192
  1054.04      9.4873  1.64288  1.64747  1.65070  1.60081  1.61478
  1052.54      9.5008  1.65679  1.66153  1.66484  1.61372  1.62844
  1051.04      9.5144  1.67139  1.67629  1.67970  1.62742  1.64297
  1049.54      9.5280  1.68660  1.69170  1.69524  1.64174  1.65804
  1048.04      9.5416  1.70233  1.70766  1.71133  1.65656  1.67371
  1046.54      9.5553  1.71844  1.72403  1.72784  1.67153  1.68988
  1045.04      9.5690  1.73480  1.74068  1.74464  1.68643  1.70619
  1043.54      9.5828  1.75129  1.75745  1.76158  1.70151  1.72267
  1042.04      9.5966  1.76775  1.77421  1.77853  1.71657  1.73904
  1040.54      9.6104  1.78405  1.79082  1.79534  1.73147  1.75529
  1039.04      9.6243  1.80007  1.80717  1.81187  1.74601  1.77137
  1037.54      9.6382  1.81567  1.82309  1.82799  1.75987  1.78688
  1036.04      9.6521  1.83074  1.83849  1.84359  1.77313  1.80182
  1034.54      9.6661  1.84517  1.85327  1.85858  1.78565  1.81596
  1033.04      9.6802  1.85890  1.86735  1.87289  1.79740  1.82923
  1031.54      9.6943  1.87183  1.88067  1.88644  1.80836  1.84174
  1030.04      9.7084  1.88393  1.89315  1.89917  1.81831  1.85336
  1028.54      9.7225  1.89512  1.90475  1.91103  1.82730  1.86403
  1027.04      9.7367  1.90534  1.91540  1.92196  1.83528  1.87364
  1025.54      9.7510  1.91457  1.92507  1.93193  1.84217  1.88206
  1024.04      9.7653  1.92275  1.93373  1.94091  1.84812  1.88945
  1022.54      9.7796  1.92990  1.94137  1.94887  1.85318  1.89586
  1021.04      9.7940  1.93600  1.94797  1.95582  1.85728  1.90125
  1019.54      9.8084  1.94105  1.95354  1.96175  1.86045  1.90561
  1018.04      9.8228  1.94509  1.95809  1.96668  1.86269  1.90886
  1016.54      9.8373  1.94815  1.96167  1.97064  1.86406  1.91119
  1015.04      9.8519  1.95027  1.96430  1.97366  1.86477  1.91286
  1013.54      9.8664  1.95151  1.96603  1.97579  1.86471  1.91368
  1012.04      9.8811  1.95193  1.96691  1.97705  1.86404  1.91369
  1010.54      9.8957  1.95159  1.96699  1.97749  1.86303  1.91308
  1009.04      9.9104  1.95055  1.96631  1.97715  1.86156  1.91193
  1007.54      9.9252  1.94887  1.96496  1.97608  1.85974  1.91049
  1006.04      9.9400  1.94660  1.96294  1.97431  1.85743  1.90856
  1004.54      9.9548  1.94382  1.96034  1.97191  1.85474  1.90610
  1003.04      9.9697  1.94054  1.95719  1.96891  1.85187  1.90332
  1001.54      9.9847  1.93685  1.95356  1.96541  1.84872  1.90009
  1000.04      9.9996  1.93280  1.94952  1.96144  1.84546  1.89668
   998.54     10.0147  1.92844  1.94513  1.95711  1.84205  1.89313
   997.04     10.0297  1.92384  1.94046  1.95248  1.83843  1.88928
   995.54     10.0448  1.91905  1.93560  1.94766  1.83480  1.88537
   994.04     10.0600  1.91412  1.93061  1.94273  1.83094  1.88122
   992.54     10.0752  1.90912  1.92559  1.93777  1.82697  1.87699
   991.04     10.0905  1.90408  1.92057  1.93285  1.82305  1.87279
   989.54     10.1057  1.89904  1.91562  1.92803  1.81907  1.86853
   988.04     10.1211  1.89403  1.91076  1.92335  1.81522  1.86451
   986.54     10.1365  1.88907  1.90602  1.91884  1.81133  1.86054
   985.04     10.1519  1.88418  1.90142  1.91447  1.80742  1.85660
   983.54     10.1674  1.87935  1.89693  1.91026  1.80362  1.85289
   982.04     10.1829  1.87459  1.89254  1.90618  1.79968  1.84923
   980.54     10.1985  1.86986  1.88822  1.90220  1.79560  1.84551
   979.03     10.2141  1.86518  1.88394  1.89825  1.79152  1.84160
   977.53     10.2298  1.86053  1.87969  1.89432  1.78754  1.83764
   976.03     10.2455  1.85589  1.87542  1.89037  1.78363  1.83385
   974.53     10.2613  1.85124  1.87112  1.88636  1.77970  1.83003
   973.03     10.2771  1.84658  1.86676  1.88227  1.77582  1.82615
   971.53     10.2930  1.84188  1.86232  1.87806  1.77202  1.82236
   970.03     10.3089  1.83713  1.85780  1.87373  1.76822  1.81854
   968.53     10.3249  1.83235  1.85317  1.86926  1.76440  1.81458
   967.03     10.3409  1.82749  1.84842  1.86464  1.76053  1.81051
   965.53     10.3570  1.82257  1.84354  1.85985  1.75653  1.80633
   964.03     10.3731  1.81755  1.83852  1.85489  1.75251  1.80204
   962.53     10.3892  1.81243  1.83334  1.84974  1.74854  1.79761
   961.03     10.4055  1.80719  1.82800  1.84438  1.74457  1.79302
   959.53     10.4217  1.80182  1.82247  1.83882  1.74060  1.78840
   958.03     10.4381  1.79630  1.81673  1.83303  1.73649  1.78372
   956.53     10.4544  1.79061  1.81079  1.82700  1.73222  1.77889
   955.03     10.4708  1.78474  1.80461  1.82071  1.72794  1.77392
   953.53     10.4873  1.77867  1.79821  1.81415  1.72355  1.76868
   952.03     10.5038  1.77238  1.79155  1.80731  1.71906  1.76329
   950.53     10.5204  1.76588  1.78463  1.80019  1.71444  1.75781
   949.03     10.5370  1.75915  1.77744  1.79277  1.70968  1.75223
   947.53     10.5537  1.75217  1.77000  1.78507  1.70490  1.74655
   946.03     10.5705  1.74497  1.76231  1.77709  1.69991  1.74046
   944.53     10.5872  1.73755  1.75438  1.76887  1.69475  1.73407
   943.03     10.6041  1.72995  1.74624  1.76044  1.68952  1.72767
   941.53     10.6210  1.72218  1.73795  1.75182  1.68407  1.72114
   940.03     10.6379  1.71432  1.72955  1.74312  1.67850  1.71455
   938.53     10.6549  1.70641  1.72114  1.73439  1.67287  1.70778
   937.03     10.6720  1.69854  1.71282  1.72576  1.66718  1.70082
   935.53     10.6891  1.69081  1.70467  1.71733  1.66141  1.69384
   934.03     10.7063  1.68334  1.69684  1.70925  1.65552  1.68680
   932.53     10.7235  1.67626  1.68948  1.70166  1.64977  1.67982
   931.03     10.7408  1.66969  1.68274  1.69475  1.64417  1.67305
   929.53     10.7581  1.66378  1.67677  1.68866  1.63860  1.66658
   928.03     10.7755  1.65867  1.67175  1.68358  1.63323  1.66058
   926.53     10.7929  1.65453  1.66780  1.67966  1.62809  1.65498
   925.03     10.8104  1.65149  1.66508  1.67705  1.62336  1.64999
   923.53     10.8280  1.64966  1.66371  1.67585  1.61916  1.64591
   922.03     10.8456  1.64914  1.66377  1.67618  1.61548  1.64276
   920.53     10.8633  1.65002  1.66537  1.67810  1.61252  1.64061
   919.03     10.8810  1.65235  1.66851  1.68164  1.61048  1.63967
   917.53     10.8988  1.65616  1.67324  1.68681  1.60940  1.64002
   916.03     10.9167  1.66145  1.67953  1.69357  1.60932  1.64172
   914.53     10.9346  1.66820  1.68732  1.70187  1.61021  1.64473
   913.03     10.9525  1.67634  1.69656  1.71162  1.61217  1.64908
   911.53     10.9706  1.68582  1.70714  1.72271  1.61536  1.65484
   910.03     10.9887  1.69652  1.71893  1.73502  1.61972  1.66204
   908.53     11.0068  1.70832  1.73181  1.74836  1.62518  1.67055
   907.03     11.0250  1.72109  1.74558  1.76259  1.63181  1.68024
   905.53     11.0433  1.73465  1.76007  1.77749  1.63964  1.69091
   904.03     11.0616  1.74882  1.77507  1.79287  1.64856  1.70248
   902.53     11.0800  1.76342  1.79038  1.80851  1.65832  1.71492
   901.03     11.0984  1.77823  1.80578  1.82418  1.66867  1.72804
   899.53     11.1169  1.79307  1.82104  1.83964  1.67971  1.74165
   898.03     11.1355  1.80769  1.83593  1.85467  1.69137  1.75542
   896.53     11.1541  1.82193  1.85025  1.86903  1.70345  1.76917
   895.03     11.1728  1.83557  1.86379  1.88251  1.71574  1.78286
   893.53     11.1916  1.84843  1.87634  1.89492  1.72797  1.79621
   892.03     11.2104  1.86036  1.88776  1.90611  1.74016  1.80906
   890.53     11.2293  1.87121  1.89790  1.91591  1.75219  1.82127
   889.03     11.2482  1.88088  1.90669  1.92427  1.76375  1.83265
   887.53     11.2672  1.88930  1.91402  1.93111  1.77480  1.84322
   886.03     11.2863  1.89640  1.91990  1.93643  1.78520  1.85268
   884.53     11.3055  1.90217  1.92434  1.94025  1.79493  1.86092
   883.03     11.3247  1.90663  1.92739  1.94264  1.80384  1.86801
   881.53     11.3439  1.90983  1.92914  1.94371  1.81169  1.87392
   880.03     11.3633  1.91185  1.92969  1.94359  1.81871  1.87884
   878.53     11.3827  1.91278  1.92917  1.94239  1.82486  1.88253
   877.03     11.4022  1.91273  1.92772  1.94028  1.82995  1.88496
   875.53     11.4217  1.91180  1.92546  1.93738  1.83411  1.88638
   874.03     11.4413  1.91013  1.92256  1.93384  1.83732  1.88691
   872.53     11.4610  1.90782  1.91910  1.92980  1.83975  1.88679
   871.03     11.4807  1.90499  1.91522  1.92536  1.84137  1.88608
   869.53     11.5005  1.90173  1.91102  1.92064  1.84224  1.88485
   868.03     11.5204  1.89814  1.90657  1.91571  1.84254  1.88328
   866.53     11.5403  1.89427  1.90195  1.91063  1.84227  1.88129
   865.03     11.5603  1.89020  1.89721  1.90547  1.84149  1.87888
   863.53     11.5804  1.88598  1.89239  1.90028  1.84039  1.87624
   862.03     11.6006  1.88165  1.88754  1.89509  1.83905  1.87337
   860.53     11.6208  1.87725  1.88269  1.88993  1.83737  1.87018
   859.03     11.6411  1.87282  1.87784  1.88481  1.83524  1.86675
   857.53     11.6615  1.86835  1.87303  1.87976  1.83279  1.86315
   856.03     11.6819  1.86389  1.86827  1.87481  1.83030  1.85956
   854.53     11.7024  1.85945  1.86357  1.86993  1.82771  1.85599
   853.03     11.7230  1.85504  1.85893  1.86516  1.82490  1.85238
   851.53     11.7436  1.85067  1.85438  1.86048  1.82195  1.84888
   850.03     11.7644  1.84635  1.84991  1.85591  1.81894  1.84536
   848.53     11.7852  1.84209  1.84549  1.85142  1.81581  1.84154
   847.03     11.8060  1.83790  1.84116  1.84703  1.81252  1.83764
   845.52     11.8270  1.83375  1.83689  1.84271  1.80908  1.83383
   844.02     11.8480  1.82965  1.83269  1.83845  1.80582  1.83020
   842.52     11.8691  1.82558  1.82853  1.83423  1.80263  1.82658
   841.02     11.8903  1.82154  1.82440  1.83004  1.79914  1.82285
   839.52     11.9115  1.81749  1.82029  1.82587  1.79560  1.81916
   838.02     11.9328  1.81346  1.81618  1.82170  1.79218  1.81550
   836.52     11.9542  1.80940  1.81208  1.81752  1.78886  1.81189
   835.02     11.9757  1.80532  1.80797  1.81333  1.78550  1.80832
   833.52     11.9973  1.80124  1.80386  1.80916  1.78202  1.80466
   832.02     12.0189  1.79716  1.79978  1.80502  1.77872  1.80114
   830.52     12.0406  1.79314  1.79575  1.80096  1.77547  1.79762
   829.02     12.0624  1.78920  1.79181  1.79700  1.77207  1.79384
   827.52     12.0842  1.78535  1.78798  1.79316  1.76870  1.78995
   826.02     12.1062  1.78164  1.78430  1.78948  1.76513  1.78589
   824.52     12.1282  1.77808  1.78078  1.78598  1.76144  1.78187
   823.02     12.1503  1.77468  1.77743  1.78264  1.75772  1.77816
   821.52     12.1725  1.77146  1.77424  1.77949  1.75420  1.77499
   820.02     12.1948  1.76838  1.77120  1.77648  1.75110  1.77226
   818.52     12.2171  1.76541  1.76827  1.77358  1.74813  1.76957
   817.02     12.2396  1.76253  1.76542  1.77076  1.74519  1.76683
   815.52     12.2621  1.75972  1.76262  1.76800  1.74220  1.76406
   814.02     12.2847  1.75694  1.75986  1.76529  1.73918  1.76122
   812.52     12.3074  1.75419  1.75712  1.76260  1.73625  1.75846
   811.02     12.3301  1.75144  1.75440  1.75991  1.73329  1.75576
   809.52     12.3530  1.74870  1.75169  1.75723  1.73027  1.75301
   808.02     12.3759  1.74594  1.74901  1.75457  1.72741  1.75020
   806.52     12.3989  1.74320  1.74635  1.75191  1.72466  1.74726
   805.02     12.4220  1.74047  1.74371  1.74929  1.72180  1.74432
   803.52     12.4452  1.73777  1.74111  1.74669  1.71888  1.74159
   802.02     12.4685  1.73507  1.73853  1.74411  1.71609  1.73900
   800.52     12.4919  1.73241  1.73599  1.74156  1.71336  1.73634
   799.02     12.5153  1.72978  1.73348  1.73905  1.71053  1.73371
   797.52     12.5388  1.72720  1.73099  1.73659  1.70767  1.73115
   796.02     12.5625  1.72468  1.72853  1.73419  1.70497  1.72868
   794.52     12.5862  1.72220  1.72612  1.73182  1.70249  1.72623
   793.02     12.6100  1.71978  1.72374  1.72952  1.70009  1.72374
   791.52     12.6339  1.71742  1.72143  1.72727  1.69768  1.72125
   790.02     12.6579  1.71513  1.71917  1.72509  1.69529  1.71884
   788.52     12.6820  1.71291  1.71699  1.72296  1.69302  1.71658
   787.02     12.7061  1.71077  1.71487  1.72090  1.69080  1.71446
   785.52     12.7304  1.70867  1.71281  1.71889  1.68850  1.71234
   784.02     12.7548  1.70663  1.71082  1.71693  1.68632  1.71027
   782.52     12.7792  1.70463  1.70890  1.71503  1.68433  1.70824
   781.02     12.8038  1.70269  1.70703  1.71320  1.68242  1.70620
   779.52     12.8284  1.70079  1.70521  1.71140  1.68051  1.70422
   778.02     12.8531  1.69893  1.70345  1.70967  1.67847  1.70228
   776.52     12.8780  1.69712  1.70172  1.70799  1.67645  1.70061
   775.02     12.9029  1.69534  1.70004  1.70636  1.67453  1.69907
   773.52     12.9279  1.69359  1.69839  1.70478  1.67268  1.69730
   772.02     12.9530  1.69188  1.69677  1.70324  1.67092  1.69553
   770.52     12.9783  1.69020  1.69519  1.70175  1.66924  1.69383
   769.02     13.0036  1.68857  1.69365  1.70030  1.66753  1.69210
   767.52     13.0290  1.68698  1.69215  1.69890  1.66569  1.69046
   766.02     13.0545  1.68543  1.69069  1.69754  1.66376  1.68893
   764.52     13.0801  1.68392  1.68928  1.69623  1.66204  1.68741
   763.02     13.1058  1.68246  1.68792  1.69495  1.66058  1.68581
   761.52     13.1317  1.68105  1.68661  1.69372  1.65917  1.68429
   760.02     13.1576  1.67970  1.68537  1.69253  1.65764  1.68306
   758.52     13.1836  1.67838  1.68417  1.69138  1.65603  1.68191
   757.02     13.2097  1.67711  1.68302  1.69025  1.65460  1.68054
   755.52     13.2359  1.67587  1.68191  1.68916  1.65334  1.67912
   754.02     13.2623  1.67468  1.68085  1.68810  1.65201  1.67789
   752.52     13.2887  1.67351  1.67981  1.68706  1.65063  1.67678
   751.02     13.3153  1.67237  1.67880  1.68605  1.64930  1.67569
   749.52     13.3419  1.67125  1.67781  1.68507  1.64797  1.67446
   748.02     13.3687  1.67015  1.67684  1.68412  1.64668  1.67311
   746.52     13.3955  1.66905  1.67588  1.68319  1.64553  1.67186
   745.02     13.4225  1.66796  1.67492  1.68229  1.64433  1.67079
   743.52     13.4496  1.66689  1.67397  1.68141  1.64298  1.66977
   742.02     13.4768  1.66582  1.67302  1.68054  1.64149  1.66858
   740.52     13.5041  1.66474  1.67206  1.67968  1.64012  1.66729
   739.02     13.5315  1.66367  1.67111  1.67880  1.63891  1.66607
   737.52     13.5590  1.66260  1.67013  1.67793  1.63746  1.66493
   736.02     13.5866  1.66150  1.66915  1.67705  1.63594  1.66368
   734.52     13.6144  1.66041  1.66816  1.67614  1.63454  1.66228
   733.02     13.6423  1.65929  1.66716  1.67521  1.63318  1.66085
   731.52     13.6702  1.65818  1.66613  1.67428  1.63180  1.65949
   730.02     13.6983  1.65706  1.66510  1.67331  1.63032  1.65816
   728.52     13.7265  1.65592  1.66405  1.67232  1.62881  1.65689
   727.02     13.7549  1.65476  1.66296  1.67130  1.62734  1.65563
   725.52     13.7833  1.65356  1.66185  1.67024  1.62579  1.65411
   724.02     13.8119  1.65232  1.66072  1.66913  1.62423  1.65250
   722.52     13.8405  1.65106  1.65955  1.66798  1.62263  1.65106
   721.02     13.8693  1.64974  1.65834  1.66678  1.62086  1.64955
   719.52     13.8982  1.64835  1.65708  1.66551  1.61901  1.64775
   718.02     13.9273  1.64688  1.65573  1.66416  1.61717  1.64582
   716.52     13.9564  1.64534  1.65432  1.66273  1.61540  1.64402
   715.02     13.9857  1.64374  1.65285  1.66126  1.61370  1.64222
   713.52     14.0151  1.64208  1.65135  1.65975  1.61198  1.64040
   712.02     14.0446  1.64037  1.64978  1.65818  1.61018  1.63866
   710.51     14.0743  1.63862  1.64817  1.65658  1.60825  1.63686
   709.01     14.1041  1.63682  1.64652  1.65493  1.60628  1.63494
   707.51     14.1340  1.63500  1.64484  1.65325  1.60426  1.63290
   706.01     14.1640  1.63317  1.64315  1.65157  1.60212  1.63074
   704.51     14.1942  1.63135  1.64144  1.64988  1.60001  1.62851
   703.01     14.2245  1.62952  1.63972  1.64815  1.59794  1.62620
   701.51     14.2549  1.62771  1.63796  1.64642  1.59590  1.62387
   700.01     14.2854  1.62589  1.63617  1.64466  1.59378  1.62184
   698.51     14.3161  1.62410  1.63436  1.64288  1.59157  1.61999
   697.01     14.3469  1.62228  1.63253  1.64108  1.58947  1.61798
   695.51     14.3779  1.62047  1.63067  1.63925  1.58746  1.61573
   694.01     14.4089  1.61865  1.62877  1.63738  1.58526  1.61354
   692.51     14.4402  1.61682  1.62685  1.63549  1.58299  1.61144
   691.01     14.4715  1.61499  1.62492  1.63356  1.58094  1.60907
   689.51     14.5030  1.61312  1.62298  1.63161  1.57878  1.60637
   688.01     14.5346  1.61123  1.62103  1.62963  1.57631  1.60364
   686.51     14.5664  1.60928  1.61905  1.62760  1.57374  1.60106
   685.01     14.5983  1.60731  1.61704  1.62554  1.57125  1.59880
   683.51     14.6303  1.60529  1.61498  1.62344  1.56901  1.59681
   682.01     14.6625  1.60322  1.61289  1.62130  1.56686  1.59459
   680.51     14.6948  1.60115  1.61080  1.61920  1.56468  1.59215
   679.01     14.7273  1.59908  1.60876  1.61713  1.56252  1.58995
   677.51     14.7599  1.59698  1.60668  1.61505  1.56032  1.58764
   676.01     14.7926  1.59481  1.60452  1.61290  1.55800  1.58490
   674.51     14.8255  1.59256  1.60225  1.61065  1.55552  1.58199
   673.01     14.8586  1.59025  1.59991  1.60833  1.55284  1.57926
   671.51     14.8918  1.58787  1.59752  1.60596  1.55031  1.57717
   670.01     14.9251  1.58542  1.59506  1.60351  1.54812  1.57557
   668.51     14.9586  1.58280  1.59243  1.60085  1.54534  1.57275
   667.01     14.9922  1.57994  1.58952  1.59790  1.54179  1.56839
   665.51     15.0260  1.57689  1.58640  1.59473  1.53912  1.56508
   664.01     15.0600  1.57377  1.58321  1.59145  1.53696  1.56258
   662.51     15.0941  1.57057  1.57997  1.58809  1.53444  1.55995
   661.01     15.1283  1.56732  1.57666  1.58466  1.53168  1.55703
   659.51     15.1627  1.56399  1.57327  1.58114  1.52871  1.55397
   658.01     15.1973  1.56055  1.56977  1.57752  1.52535  1.55081
   656.51     15.2320  1.55706  1.56619  1.57383  1.52202  1.54763
   655.01     15.2669  1.55354  1.56261  1.57012  1.51882  1.54438
   653.51     15.3020  1.54998  1.55898  1.56637  1.51549  1.54089
   652.01     15.3372  1.54632  1.55524  1.56254  1.51215  1.53714
   650.51     15.3725  1.54252  1.55136  1.55858  1.50891  1.53341
   649.01     15.4081  1.53859  1.54735  1.55446  1.50564  1.53003
   647.51     15.4438  1.53454  1.54320  1.55022  1.50227  1.52662
   646.01     15.4796  1.53036  1.53894  1.54586  1.49872  1.52274
   644.51     15.5157  1.52611  1.53459  1.54141  1.49499  1.51872
   643.01     15.5519  1.52180  1.53016  1.53689  1.49124  1.51483
   641.51     15.5882  1.51744  1.52566  1.53231  1.48753  1.51081
   640.01     15.6248  1.51304  1.52115  1.52771  1.48375  1.50653
   638.51     15.6615  1.50865  1.51663  1.52312  1.47980  1.50230
   637.01     15.6984  1.50433  1.51217  1.51859  1.47574  1.49824
   635.51     15.7354  1.50010  1.50780  1.51418  1.47190  1.49419
   634.01     15.7726  1.49601  1.50358  1.50990  1.46820  1.49002
   632.51     15.8100  1.49211  1.49955  1.50583  1.46449  1.48597
   631.01     15.8476  1.48844  1.49580  1.50200  1.46084  1.48230
   629.51     15.8854  1.48507  1.49240  1.49855  1.45728  1.47878
   628.01     15.9233  1.48208  1.48943  1.49553  1.45392  1.47533
   626.51     15.9615  1.47956  1.48698  1.49304  1.45091  1.47226
   625.01     15.9998  1.47754  1.48510  1.49115  1.44825  1.46973
   623.51     16.0383  1.47607  1.48382  1.48990  1.44596  1.46767
   622.01     16.0770  1.47519  1.48318  1.48936  1.44399  1.46594
   620.51     16.1158  1.47495  1.48325  1.48957  1.44249  1.46489
   619.01     16.1549  1.47535  1.48402  1.49053  1.44165  1.46483
   617.51     16.1941  1.47640  1.48550  1.49224  1.44133  1.46541
   616.01     16.2336  1.47804  1.48761  1.49464  1.44149  1.46669
   614.51     16.2732  1.48025  1.49030  1.49768  1.44191  1.46840
   613.01     16.3130  1.48299  1.49355  1.50130  1.44275  1.47045
   611.51     16.3530  1.48624  1.49734  1.50550  1.44442  1.47344
   610.01     16.3932  1.48997  1.50164  1.51024  1.44635  1.47704
   608.51     16.4337  1.49416  1.50643  1.51547  1.44857  1.48098
   607.01     16.4743  1.49879  1.51168  1.52118  1.45163  1.48538
   605.51     16.5151  1.50387  1.51740  1.52736  1.45547  1.49022
   604.01     16.5561  1.50944  1.52364  1.53406  1.45997  1.49579
   602.51     16.5973  1.51555  1.53047  1.54132  1.46471  1.50182
   601.01     16.6388  1.52226  1.53793  1.54920  1.46972  1.50821
   599.51     16.6804  1.52962  1.54606  1.55774  1.47543  1.51529
   598.01     16.7222  1.53766  1.55490  1.56696  1.48185  1.52283
   596.51     16.7643  1.54652  1.56453  1.57694  1.48902  1.53109
   595.01     16.8065  1.55625  1.57502  1.58778  1.49697  1.54037
   593.51     16.8490  1.56702  1.58650  1.59959  1.50596  1.55061
   592.01     16.8917  1.57892  1.59907  1.61243  1.51647  1.56221
   590.51     16.9346  1.59210  1.61281  1.62641  1.52837  1.57548
   589.01     16.9778  1.60666  1.62781  1.64163  1.54152  1.59014
   587.51     17.0211  1.62279  1.64428  1.65829  1.55666  1.60625
   586.01     17.0647  1.64067  1.66239  1.67657  1.57403  1.62400
   584.51     17.1085  1.66039  1.68229  1.69661  1.59318  1.64358
   583.01     17.1525  1.68206  1.70405  1.71851  1.61434  1.66569
   581.51     17.1967  1.70567  1.72773  1.74233  1.63776  1.69023
   580.01     17.2412  1.73113  1.75328  1.76804  1.66346  1.71705
   578.51     17.2859  1.75824  1.78050  1.79550  1.69096  1.74603
   577.00     17.3309  1.78659  1.80910  1.82439  1.71933  1.77647
   575.50     17.3760  1.81565  1.83853  1.85415  1.74897  1.80859
   574.00     17.4215  1.84472  1.86811  1.88411  1.77866  1.84108
   572.50     17.4671  1.87305  1.89704  1.91344  1.80662  1.87215
   571.00     17.5130  1.89987  1.92455  1.94136  1.83226  1.90140
   569.50     17.5591  1.92439  1.94976  1.96700  1.85395  1.92673
   568.00     17.6055  1.94592  1.97193  1.98955  1.87151  1.94717
   566.50     17.6521  1.96387  1.99042  2.00836  1.88465  1.96233
   565.00     17.6990  1.97797  2.00486  2.02299  1.89291  1.97161
   563.50     17.7461  1.98811  2.01511  2.03331  1.89804  1.97656
   562.00     17.7935  1.99444  2.02129  2.03946  1.89991  1.97693
   560.50     17.8411  1.99723  2.02372  2.04174  1.89892  1.97396
   559.00     17.8890  1.99695  2.02285  2.04063  1.89621  1.96909
   557.50     17.9371  1.99408  2.01926  2.03668  1.89209  1.96269
   556.00     17.9855  1.98920  2.01356  2.03052  1.88734  1.95615
   554.50     18.0342  1.98282  2.00631  2.02276  1.88142  1.94902
   553.00     18.0831  1.97542  1.99801  2.01395  1.87493  1.94127
   551.50     18.1323  1.96735  1.98909  2.00452  1.86873  1.93361
   550.00     18.1817  1.95894  1.97986  1.99482  1.86236  1.92567
   548.50     18.2314  1.95039  1.97057  1.98508  1.85642  1.91777
   547.00     18.2814  1.94187  1.96136  1.97543  1.85100  1.91017
   545.50     18.3317  1.93346  1.95229  1.96599  1.84548  1.90308
   544.00     18.3823  1.92523  1.94344  1.95681  1.83981  1.89685
   542.50     18.4331  1.91724  1.93487  1.94795  1.83414  1.89079
   541.00     18.4842  1.90952  1.92663  1.93945  1.82875  1.88458
   539.50     18.5356  1.90209  1.91875  1.93130  1.82351  1.87857
   538.00     18.5873  1.89501  1.91126  1.92356  1.81823  1.87289
   536.50     18.6393  1.88827  1.90417  1.91623  1.81351  1.86765
   535.00     18.6915  1.88186  1.89742  1.90927  1.80953  1.86250
   533.50     18.7441  1.87573  1.89102  1.90262  1.80537  1.85734
   532.00     18.7969  1.86989  1.88493  1.89629  1.80115  1.85267
   530.50     18.8501  1.86437  1.87920  1.89030  1.79738  1.84835
   529.00     18.9035  1.85918  1.87380  1.88466  1.79358  1.84410
   527.50     18.9573  1.85430  1.86871  1.87935  1.78997  1.84066
   526.00     19.0114  1.84960  1.86381  1.87424  1.78653  1.83727
   524.50     19.0657  1.84499  1.85900  1.86922  1.78308  1.83298
   523.00     19.1204  1.84044  1.85425  1.86427  1.77990  1.82855
   521.50     19.1754  1.83601  1.84960  1.85948  1.77677  1.82451
   520.00     19.2307  1.83169  1.84505  1.85482  1.77381  1.82137
   518.50     19.2864  1.82741  1.84057  1.85022  1.77081  1.81854
   517.00     19.3423  1.82310  1.83602  1.84557  1.76733  1.81484
   515.50     19.3986  1.81873  1.83139  1.84083  1.76404  1.81107
   514.00     19.4552  1.81438  1.82676  1.83609  1.76096  1.80760
   512.50     19.5122  1.81017  1.82226  1.83149  1.75788  1.80406
   511.00     19.5695  1.80609  1.81788  1.82701  1.75464  1.80027
   509.50     19.6271  1.80208  1.81358  1.82262  1.75130  1.79635
   508.00     19.6850  1.79808  1.80931  1.81823  1.74877  1.79334
   506.50     19.7433  1.79409  1.80503  1.81382  1.74640  1.79060
   505.00     19.8020  1.79011  1.80077  1.80945  1.74367  1.78766
   503.50     19.8610  1.78620  1.79657  1.80512  1.74121  1.78485
   502.00     19.9203  1.78227  1.79237  1.80079  1.73842  1.78152
   500.50     19.9801  1.77823  1.78809  1.79632  1.73559  1.77796
   499.00     20.0401  1.77407  1.78371  1.79174  1.73285  1.77456
   497.50     20.1005  1.76991  1.77933  1.78713  1.73005  1.77126
   496.00     20.1613  1.76583  1.77499  1.78256  1.72758  1.76835
   494.50     20.2225  1.76184  1.77074  1.77808  1.72502  1.76539
   493.00     20.2840  1.75793  1.76659  1.77367  1.72235  1.76213
   491.50     20.3459  1.75402  1.76245  1.76930  1.71983  1.75903
   490.00     20.4082  1.75015  1.75833  1.76494  1.71720  1.75645
   488.50     20.4709  1.74637  1.75426  1.76065  1.71456  1.75397
   487.00     20.5340  1.74269  1.75029  1.75645  1.71196  1.75095
   485.50     20.5974  1.73914  1.74641  1.75234  1.70935  1.74760
   484.00     20.6612  1.73566  1.74266  1.74833  1.70694  1.74440
   482.50     20.7255  1.73231  1.73902  1.74440  1.70496  1.74127
   481.00     20.7901  1.72911  1.73555  1.74061  1.70307  1.73850
   479.50     20.8552  1.72611  1.73230  1.73699  1.70099  1.73611
   478.00     20.9206  1.72334  1.72931  1.73365  1.69878  1.73369
   476.50     20.9865  1.72081  1.72660  1.73059  1.69697  1.73107
   475.00     21.0527  1.71853  1.72416  1.72782  1.69565  1.72877
   473.50     21.1194  1.71648  1.72195  1.72532  1.69406  1.72713
   472.00     21.1866  1.71461  1.71992  1.72304  1.69249  1.72595
   470.50     21.2541  1.71296  1.71808  1.72101  1.69121  1.72417
   469.00     21.3221  1.71165  1.71657  1.71940  1.68964  1.72168
   467.50     21.3905  1.71085  1.71556  1.71833  1.68822  1.72007
   466.00     21.4594  1.71057  1.71509  1.71781  1.68751  1.71951
   464.50     21.5287  1.71085  1.71520  1.71788  1.68789  1.71953
   463.00     21.5984  1.71175  1.71595  1.71863  1.68918  1.72047
   461.50     21.6686  1.71328  1.71739  1.72009  1.69009  1.72170
   460.00     21.7393  1.71555  1.71956  1.72230  1.69091  1.72327
   458.50     21.8104  1.71853  1.72249  1.72526  1.69212  1.72525
   457.00     21.8820  1.72205  1.72602  1.72880  1.69398  1.72774
   455.50     21.9541  1.72589  1.72995  1.73275  1.69745  1.73153
   454.00     22.0266  1.73006  1.73428  1.73719  1.70107  1.73507
   452.50     22.0997  1.73460  1.73903  1.74216  1.70480  1.73822
   451.00     22.1732  1.73950  1.74419  1.74754  1.70907  1.74191
   449.50     22.2472  1.74479  1.74976  1.75328  1.71310  1.74670
   448.00     22.3217  1.75034  1.75569  1.75933  1.71758  1.75356
   446.50     22.3967  1.75603  1.76190  1.76563  1.72108  1.75973
   445.00     22.4722  1.76186  1.76829  1.77212  1.72435  1.76462
   443.49     22.5482  1.76784  1.77482  1.77871  1.72995  1.77069
   441.99     22.6247  1.77390  1.78137  1.78521  1.73524  1.77693
   440.49     22.7017  1.77985  1.78773  1.79144  1.73757  1.78266
   438.99     22.7793  1.78549  1.79377  1.79732  1.73815  1.78797
   437.49     22.8574  1.79069  1.79934  1.80286  1.74019  1.79266
   435.99     22.9361  1.79539  1.80437  1.80795  1.74335  1.79699
   434.49     23.0153  1.79962  1.80880  1.81254  1.74718  1.80020
   432.99     23.0950  1.80336  1.81268  1.81669  1.75153  1.80282
   431.49     23.1753  1.80654  1.81599  1.82036  1.75580  1.80556
   429.99     23.2561  1.80918  1.81874  1.82358  1.75939  1.80761
   428.49     23.3376  1.81131  1.82099  1.82640  1.76296  1.81010
   426.99     23.4195  1.81308  1.82287  1.82885  1.76686  1.81306
   425.49     23.5021  1.81459  1.82446  1.83098  1.77031  1.81455
   423.99     23.5853  1.81591  1.82586  1.83285  1.77342  1.81574
   422.49     23.6690  1.81708  1.82710  1.83450  1.77671  1.81858
   420.99     23.7533  1.81815  1.82823  1.83599  1.77955  1.82190
   419.49     23.8383  1.81918  1.82933  1.83736  1.78163  1.82488
   417.99     23.9238  1.82029  1.83050  1.83874  1.78386  1.82540
   416.49     24.0100  1.82151  1.83177  1.84018  1.78652  1.82532
   414.99     24.0968  1.82275  1.83307  1.84164  1.78920  1.82856
   413.49     24.1842  1.82394  1.83432  1.84302  1.79169  1.83082
   411.99     24.2723  1.82502  1.83544  1.84427  1.79360  1.83253
   410.49     24.3610  1.82591  1.83638  1.84530  1.79486  1.83358
   408.99     24.4503  1.82652  1.83704  1.84607  1.79592  1.83446
   407.49     24.5403  1.82683  1.83737  1.84649  1.79683  1.83519
   405.99     24.6310  1.82675  1.83733  1.84652  1.79724  1.83542
   404.49     24.7224  1.82625  1.83685  1.84611  1.79722  1.83521
   402.99     24.8144  1.82534  1.83594  1.84527  1.79703  1.83483
   401.49     24.9071  1.82406  1.83466  1.84404  1.79655  1.83416
   399.99     25.0005  1.82248  1.83308  1.84248  1.79537  1.83276
  
  cm-1         microns  riw76t233, riw76t213, riw76t203, riw72t298, riw72t253 
  7498.52      1.3336  1.6250e-02  1.7510e-02  1.9090e-02  1.5090e-02  1.7290e-02
  7497.02      1.3339  1.6220e-02  1.7500e-02  1.9080e-02  1.5200e-02  1.7400e-02
  7495.52      1.3341  1.6200e-02  1.7470e-02  1.9060e-02  1.5110e-02  1.7310e-02
  7494.02      1.3344  1.6180e-02  1.7460e-02  1.9040e-02  1.4930e-02  1.7120e-02
  7492.52      1.3347  1.6170e-02  1.7440e-02  1.9020e-02  1.4750e-02  1.6950e-02
  7491.02      1.3349  1.6160e-02  1.7440e-02  1.9020e-02  1.4660e-02  1.6850e-02
  7489.52      1.3352  1.6170e-02  1.7440e-02  1.9030e-02  1.4740e-02  1.6930e-02
  7488.02      1.3355  1.6180e-02  1.7450e-02  1.9040e-02  1.4900e-02  1.7100e-02
  7486.52      1.3357  1.6180e-02  1.7460e-02  1.9050e-02  1.5000e-02  1.7190e-02
  7485.02      1.3360  1.6190e-02  1.7470e-02  1.9050e-02  1.4950e-02  1.7140e-02
  7483.52      1.3363  1.6190e-02  1.7470e-02  1.9060e-02  1.4910e-02  1.7110e-02
  7482.02      1.3365  1.6200e-02  1.7480e-02  1.9070e-02  1.5010e-02  1.7200e-02
  7480.52      1.3368  1.6210e-02  1.7480e-02  1.9070e-02  1.5160e-02  1.7360e-02
  7479.02      1.3371  1.6210e-02  1.7490e-02  1.9070e-02  1.5220e-02  1.7430e-02
  7477.52      1.3373  1.6210e-02  1.7490e-02  1.9070e-02  1.5140e-02  1.7340e-02
  7476.02      1.3376  1.6200e-02  1.7480e-02  1.9060e-02  1.4960e-02  1.7160e-02
  7474.52      1.3379  1.6190e-02  1.7470e-02  1.9060e-02  1.4810e-02  1.7010e-02
  7473.02      1.3381  1.6190e-02  1.7470e-02  1.9060e-02  1.4770e-02  1.6960e-02
  7471.52      1.3384  1.6190e-02  1.7470e-02  1.9060e-02  1.4810e-02  1.7010e-02
  7470.02      1.3387  1.6200e-02  1.7480e-02  1.9070e-02  1.4870e-02  1.7070e-02
  7468.52      1.3390  1.6210e-02  1.7490e-02  1.9080e-02  1.4870e-02  1.7070e-02
  7467.02      1.3392  1.6210e-02  1.7490e-02  1.9080e-02  1.4860e-02  1.7050e-02
  7465.52      1.3395  1.6230e-02  1.7510e-02  1.9100e-02  1.4970e-02  1.7170e-02
  7464.02      1.3398  1.6240e-02  1.7520e-02  1.9110e-02  1.5090e-02  1.7290e-02
  7462.52      1.3400  1.6260e-02  1.7540e-02  1.9130e-02  1.5170e-02  1.7380e-02
  7461.02      1.3403  1.6270e-02  1.7550e-02  1.9140e-02  1.5230e-02  1.7440e-02
  7459.52      1.3406  1.6270e-02  1.7550e-02  1.9140e-02  1.5260e-02  1.7480e-02
  7458.02      1.3408  1.6250e-02  1.7530e-02  1.9140e-02  1.5130e-02  1.7340e-02
  7456.52      1.3411  1.6240e-02  1.7520e-02  1.9110e-02  1.4900e-02  1.7110e-02
  7455.02      1.3414  1.6220e-02  1.7500e-02  1.9090e-02  1.4780e-02  1.6980e-02
  7453.52      1.3416  1.6190e-02  1.7480e-02  1.9070e-02  1.4920e-02  1.7120e-02
  7452.02      1.3419  1.6170e-02  1.7440e-02  1.9030e-02  1.5080e-02  1.7280e-02
  7450.52      1.3422  1.6120e-02  1.7410e-02  1.9000e-02  1.5050e-02  1.7260e-02
  7449.02      1.3425  1.6090e-02  1.7370e-02  1.8970e-02  1.4850e-02  1.7060e-02
  7447.52      1.3427  1.6060e-02  1.7340e-02  1.8940e-02  1.4720e-02  1.6930e-02
  7446.02      1.3430  1.6040e-02  1.7320e-02  1.8920e-02  1.4710e-02  1.6910e-02
  7444.52      1.3433  1.6020e-02  1.7300e-02  1.8900e-02  1.4740e-02  1.6940e-02
  7443.02      1.3435  1.6020e-02  1.7300e-02  1.8900e-02  1.4710e-02  1.6910e-02
  7441.52      1.3438  1.6020e-02  1.7300e-02  1.8900e-02  1.4580e-02  1.6780e-02
  7440.02      1.3441  1.6030e-02  1.7310e-02  1.8910e-02  1.4510e-02  1.6710e-02
  7438.52      1.3444  1.6050e-02  1.7330e-02  1.8930e-02  1.4630e-02  1.6830e-02
  7437.02      1.3446  1.6070e-02  1.7350e-02  1.8950e-02  1.4860e-02  1.7070e-02
  7435.52      1.3449  1.6100e-02  1.7380e-02  1.8980e-02  1.5000e-02  1.7210e-02
  7434.02      1.3452  1.6110e-02  1.7390e-02  1.8990e-02  1.5010e-02  1.7220e-02
  7432.52      1.3454  1.6120e-02  1.7410e-02  1.9010e-02  1.4970e-02  1.7180e-02
  7431.02      1.3457  1.6120e-02  1.7410e-02  1.9010e-02  1.4980e-02  1.7190e-02
  7429.52      1.3460  1.6120e-02  1.7400e-02  1.9000e-02  1.5040e-02  1.7250e-02
  7428.02      1.3463  1.6100e-02  1.7390e-02  1.8990e-02  1.5090e-02  1.7300e-02
  7426.52      1.3465  1.6090e-02  1.7380e-02  1.8980e-02  1.5050e-02  1.7260e-02
  7425.02      1.3468  1.6070e-02  1.7350e-02  1.8950e-02  1.4870e-02  1.7090e-02
  7423.52      1.3471  1.6050e-02  1.7330e-02  1.8940e-02  1.4690e-02  1.6900e-02
  7422.02      1.3473  1.6030e-02  1.7310e-02  1.8920e-02  1.4550e-02  1.6760e-02
  7420.52      1.3476  1.6020e-02  1.7310e-02  1.8910e-02  1.4490e-02  1.6690e-02
  7419.02      1.3479  1.6020e-02  1.7310e-02  1.8910e-02  1.4490e-02  1.6690e-02
  7417.51      1.3482  1.6030e-02  1.7320e-02  1.8930e-02  1.4560e-02  1.6760e-02
  7416.01      1.3484  1.6060e-02  1.7350e-02  1.8950e-02  1.4720e-02  1.6930e-02
  7414.51      1.3487  1.6090e-02  1.7380e-02  1.8980e-02  1.4900e-02  1.7110e-02
  7413.01      1.3490  1.6120e-02  1.7410e-02  1.9010e-02  1.5010e-02  1.7230e-02
  7411.51      1.3493  1.6150e-02  1.7440e-02  1.9050e-02  1.5080e-02  1.7300e-02
  7410.01      1.3495  1.6170e-02  1.7460e-02  1.9060e-02  1.5110e-02  1.7330e-02
  7408.51      1.3498  1.6180e-02  1.7470e-02  1.9080e-02  1.5090e-02  1.7310e-02
  7407.01      1.3501  1.6190e-02  1.7480e-02  1.9080e-02  1.5050e-02  1.7270e-02
  7405.51      1.3503  1.6180e-02  1.7470e-02  1.9080e-02  1.5050e-02  1.7270e-02
  7404.01      1.3506  1.6160e-02  1.7450e-02  1.9060e-02  1.5060e-02  1.7280e-02
  7402.51      1.3509  1.6150e-02  1.7440e-02  1.9050e-02  1.4990e-02  1.7210e-02
  7401.01      1.3512  1.6120e-02  1.7410e-02  1.9020e-02  1.4840e-02  1.7050e-02
  7399.51      1.3514  1.6100e-02  1.7390e-02  1.9000e-02  1.4730e-02  1.6940e-02
  7398.01      1.3517  1.6070e-02  1.7360e-02  1.8970e-02  1.4640e-02  1.6850e-02
  7396.51      1.3520  1.6050e-02  1.7340e-02  1.8950e-02  1.4570e-02  1.6790e-02
  7395.01      1.3523  1.6030e-02  1.7320e-02  1.8930e-02  1.4590e-02  1.6800e-02
  7393.51      1.3525  1.6020e-02  1.7320e-02  1.8930e-02  1.4750e-02  1.6960e-02
  7392.01      1.3528  1.6020e-02  1.7310e-02  1.8920e-02  1.4920e-02  1.7140e-02
  7390.51      1.3531  1.6010e-02  1.7300e-02  1.8920e-02  1.5000e-02  1.7220e-02
  7389.01      1.3534  1.6010e-02  1.7300e-02  1.8910e-02  1.4950e-02  1.7180e-02
  7387.51      1.3536  1.6010e-02  1.7300e-02  1.8910e-02  1.4820e-02  1.7040e-02
  7386.01      1.3539  1.6010e-02  1.7300e-02  1.8910e-02  1.4670e-02  1.6890e-02
  7384.51      1.3542  1.6010e-02  1.7300e-02  1.8920e-02  1.4560e-02  1.6780e-02
  7383.01      1.3545  1.6020e-02  1.7310e-02  1.8920e-02  1.4540e-02  1.6750e-02
  7381.51      1.3547  1.6030e-02  1.7320e-02  1.8940e-02  1.4630e-02  1.6850e-02
  7380.01      1.3550  1.6040e-02  1.7340e-02  1.8940e-02  1.4760e-02  1.6980e-02
  7378.51      1.3553  1.6040e-02  1.7340e-02  1.8960e-02  1.4850e-02  1.7080e-02
  7377.01      1.3556  1.6050e-02  1.7350e-02  1.8960e-02  1.4900e-02  1.7120e-02
  7375.51      1.3558  1.6060e-02  1.7350e-02  1.8970e-02  1.4990e-02  1.7220e-02
  7374.01      1.3561  1.6060e-02  1.7360e-02  1.8970e-02  1.5010e-02  1.7230e-02
  7372.51      1.3564  1.6060e-02  1.7360e-02  1.8970e-02  1.4950e-02  1.7180e-02
  7371.01      1.3567  1.6050e-02  1.7350e-02  1.8970e-02  1.4880e-02  1.7110e-02
  7369.51      1.3569  1.6040e-02  1.7340e-02  1.8960e-02  1.4740e-02  1.6970e-02
  7368.01      1.3572  1.6020e-02  1.7320e-02  1.8940e-02  1.4610e-02  1.6830e-02
  7366.51      1.3575  1.6010e-02  1.7300e-02  1.8910e-02  1.4590e-02  1.6810e-02
  7365.01      1.3578  1.5980e-02  1.7280e-02  1.8900e-02  1.4700e-02  1.6930e-02
  7363.51      1.3580  1.5970e-02  1.7270e-02  1.8890e-02  1.4820e-02  1.7050e-02
  7362.01      1.3583  1.5940e-02  1.7240e-02  1.8860e-02  1.4840e-02  1.7070e-02
  7360.51      1.3586  1.5910e-02  1.7210e-02  1.8830e-02  1.4770e-02  1.7000e-02
  7359.01      1.3589  1.5880e-02  1.7180e-02  1.8800e-02  1.4660e-02  1.6880e-02
  7357.51      1.3592  1.5840e-02  1.7140e-02  1.8760e-02  1.4540e-02  1.6770e-02
  7356.01      1.3594  1.5810e-02  1.7110e-02  1.8740e-02  1.4520e-02  1.6740e-02
  7354.51      1.3597  1.5780e-02  1.7080e-02  1.8700e-02  1.4560e-02  1.6790e-02
  7353.01      1.3600  1.5750e-02  1.7050e-02  1.8670e-02  1.4590e-02  1.6810e-02
  7351.51      1.3603  1.5700e-02  1.7000e-02  1.8630e-02  1.4540e-02  1.6770e-02
  7350.01      1.3605  1.5660e-02  1.6960e-02  1.8580e-02  1.4380e-02  1.6600e-02
  7348.51      1.3608  1.5630e-02  1.6930e-02  1.8550e-02  1.4250e-02  1.6470e-02
  7347.01      1.3611  1.5600e-02  1.6900e-02  1.8520e-02  1.4320e-02  1.6540e-02
  7345.51      1.3614  1.5590e-02  1.6890e-02  1.8520e-02  1.4420e-02  1.6640e-02
  7344.01      1.3617  1.5580e-02  1.6880e-02  1.8500e-02  1.4330e-02  1.6560e-02
  7342.51      1.3619  1.5570e-02  1.6870e-02  1.8490e-02  1.4100e-02  1.6320e-02
  7341.01      1.3622  1.5560e-02  1.6860e-02  1.8480e-02  1.3930e-02  1.6150e-02
  7339.51      1.3625  1.5560e-02  1.6860e-02  1.8480e-02  1.4040e-02  1.6250e-02
  7338.01      1.3628  1.5570e-02  1.6870e-02  1.8490e-02  1.4290e-02  1.6510e-02
  7336.51      1.3630  1.5590e-02  1.6890e-02  1.8520e-02  1.4550e-02  1.6770e-02
  7335.01      1.3633  1.5610e-02  1.6910e-02  1.8530e-02  1.4730e-02  1.6960e-02
  7333.51      1.3636  1.5630e-02  1.6930e-02  1.8560e-02  1.4830e-02  1.7060e-02
  7332.01      1.3639  1.5650e-02  1.6950e-02  1.8580e-02  1.4600e-02  1.6840e-02
  7330.51      1.3642  1.5670e-02  1.6980e-02  1.8600e-02  1.4160e-02  1.6380e-02
  7329.01      1.3644  1.5700e-02  1.7000e-02  1.8630e-02  1.3860e-02  1.6070e-02
  7327.51      1.3647  1.5740e-02  1.7040e-02  1.8670e-02  1.4000e-02  1.6210e-02
  7326.01      1.3650  1.5780e-02  1.7080e-02  1.8710e-02  1.4310e-02  1.6530e-02
  7324.51      1.3653  1.5830e-02  1.7130e-02  1.8760e-02  1.4580e-02  1.6810e-02
  7323.01      1.3656  1.5870e-02  1.7170e-02  1.8800e-02  1.4810e-02  1.7040e-02
  7321.51      1.3658  1.5890e-02  1.7200e-02  1.8830e-02  1.5090e-02  1.7330e-02
  7320.01      1.3661  1.5920e-02  1.7220e-02  1.8850e-02  1.5180e-02  1.7420e-02
  7318.51      1.3664  1.5920e-02  1.7230e-02  1.8860e-02  1.4970e-02  1.7210e-02
  7317.01      1.3667  1.5930e-02  1.7240e-02  1.8870e-02  1.4690e-02  1.6920e-02
  7315.51      1.3670  1.5940e-02  1.7250e-02  1.8880e-02  1.4650e-02  1.6880e-02
  7314.01      1.3672  1.5950e-02  1.7260e-02  1.8890e-02  1.4660e-02  1.6900e-02
  7312.51      1.3675  1.5950e-02  1.7260e-02  1.8890e-02  1.4580e-02  1.6820e-02
  7311.01      1.3678  1.5940e-02  1.7250e-02  1.8890e-02  1.4440e-02  1.6680e-02
  7309.51      1.3681  1.5940e-02  1.7250e-02  1.8880e-02  1.4340e-02  1.6570e-02
  7308.01      1.3684  1.5940e-02  1.7240e-02  1.8880e-02  1.4410e-02  1.6640e-02
  7306.51      1.3686  1.5930e-02  1.7240e-02  1.8870e-02  1.4680e-02  1.6920e-02
  7305.01      1.3689  1.5920e-02  1.7230e-02  1.8870e-02  1.4990e-02  1.7230e-02
  7303.51      1.3692  1.5900e-02  1.7210e-02  1.8840e-02  1.5050e-02  1.7300e-02
  7302.01      1.3695  1.5870e-02  1.7180e-02  1.8810e-02  1.4970e-02  1.7210e-02
  7300.51      1.3698  1.5820e-02  1.7130e-02  1.8770e-02  1.4910e-02  1.7150e-02
  7299.01      1.3700  1.5770e-02  1.7090e-02  1.8720e-02  1.4870e-02  1.7120e-02
  7297.51      1.3703  1.5710e-02  1.7020e-02  1.8660e-02  1.4620e-02  1.6860e-02
  7296.01      1.3706  1.5650e-02  1.6960e-02  1.8600e-02  1.4210e-02  1.6450e-02
  7294.51      1.3709  1.5590e-02  1.6910e-02  1.8550e-02  1.3910e-02  1.6140e-02
  7293.01      1.3712  1.5550e-02  1.6860e-02  1.8500e-02  1.3830e-02  1.6060e-02
  7291.51      1.3715  1.5520e-02  1.6830e-02  1.8470e-02  1.3850e-02  1.6080e-02
  7290.01      1.3717  1.5500e-02  1.6820e-02  1.8460e-02  1.4010e-02  1.6230e-02
  7288.51      1.3720  1.5510e-02  1.6820e-02  1.8460e-02  1.4210e-02  1.6440e-02
  7287.00      1.3723  1.5520e-02  1.6830e-02  1.8470e-02  1.4320e-02  1.6560e-02
  7285.50      1.3726  1.5530e-02  1.6850e-02  1.8490e-02  1.4270e-02  1.6510e-02
  7284.00      1.3729  1.5560e-02  1.6880e-02  1.8520e-02  1.4330e-02  1.6560e-02
  7282.50      1.3732  1.5590e-02  1.6910e-02  1.8550e-02  1.4530e-02  1.6770e-02
  7281.00      1.3734  1.5620e-02  1.6940e-02  1.8580e-02  1.4700e-02  1.6940e-02
  7279.50      1.3737  1.5650e-02  1.6960e-02  1.8600e-02  1.4640e-02  1.6890e-02
  7278.00      1.3740  1.5650e-02  1.6960e-02  1.8610e-02  1.4490e-02  1.6730e-02
  7276.50      1.3743  1.5650e-02  1.6970e-02  1.8610e-02  1.4320e-02  1.6560e-02
  7275.00      1.3746  1.5650e-02  1.6960e-02  1.8610e-02  1.4230e-02  1.6460e-02
  7273.50      1.3749  1.5650e-02  1.6970e-02  1.8610e-02  1.4290e-02  1.6520e-02
  7272.00      1.3751  1.5650e-02  1.6970e-02  1.8610e-02  1.4400e-02  1.6640e-02
  7270.50      1.3754  1.5660e-02  1.6970e-02  1.8620e-02  1.4450e-02  1.6690e-02
  7269.00      1.3757  1.5670e-02  1.6980e-02  1.8630e-02  1.4360e-02  1.6610e-02
  7267.50      1.3760  1.5670e-02  1.6980e-02  1.8630e-02  1.4280e-02  1.6520e-02
  7266.00      1.3763  1.5680e-02  1.7000e-02  1.8640e-02  1.4310e-02  1.6550e-02
  7264.50      1.3766  1.5690e-02  1.7000e-02  1.8650e-02  1.4460e-02  1.6700e-02
  7263.00      1.3768  1.5710e-02  1.7020e-02  1.8670e-02  1.4590e-02  1.6830e-02
  7261.50      1.3771  1.5710e-02  1.7030e-02  1.8680e-02  1.4600e-02  1.6850e-02
  7260.00      1.3774  1.5730e-02  1.7040e-02  1.8690e-02  1.4560e-02  1.6800e-02
  7258.50      1.3777  1.5730e-02  1.7040e-02  1.8690e-02  1.4550e-02  1.6800e-02
  7257.00      1.3780  1.5710e-02  1.7030e-02  1.8680e-02  1.4580e-02  1.6820e-02
  7255.50      1.3783  1.5690e-02  1.7010e-02  1.8660e-02  1.4500e-02  1.6740e-02
  7254.00      1.3785  1.5660e-02  1.6980e-02  1.8630e-02  1.4370e-02  1.6620e-02
  7252.50      1.3788  1.5620e-02  1.6940e-02  1.8590e-02  1.4280e-02  1.6530e-02
  7251.00      1.3791  1.5590e-02  1.6900e-02  1.8560e-02  1.4330e-02  1.6570e-02
  7249.50      1.3794  1.5560e-02  1.6880e-02  1.8530e-02  1.4540e-02  1.6790e-02
  7248.00      1.3797  1.5530e-02  1.6850e-02  1.8500e-02  1.4630e-02  1.6880e-02
  7246.50      1.3800  1.5490e-02  1.6810e-02  1.8460e-02  1.4380e-02  1.6640e-02
  7245.00      1.3803  1.5450e-02  1.6770e-02  1.8420e-02  1.3890e-02  1.6130e-02
  7243.50      1.3805  1.5400e-02  1.6720e-02  1.8370e-02  1.3580e-02  1.5820e-02
  7242.00      1.3808  1.5360e-02  1.6690e-02  1.8340e-02  1.3610e-02  1.5840e-02
  7240.50      1.3811  1.5350e-02  1.6670e-02  1.8330e-02  1.3960e-02  1.6200e-02
  7239.00      1.3814  1.5350e-02  1.6670e-02  1.8330e-02  1.4470e-02  1.6720e-02
  7237.50      1.3817  1.5350e-02  1.6680e-02  1.8330e-02  1.4820e-02  1.7070e-02
  7236.00      1.3820  1.5350e-02  1.6670e-02  1.8320e-02  1.4650e-02  1.6910e-02
  7234.50      1.3823  1.5340e-02  1.6660e-02  1.8310e-02  1.4000e-02  1.6250e-02
  7233.00      1.3826  1.5330e-02  1.6650e-02  1.8300e-02  1.3340e-02  1.5570e-02
  7231.50      1.3828  1.5340e-02  1.6660e-02  1.8320e-02  1.3290e-02  1.5510e-02
  7230.00      1.3831  1.5370e-02  1.6700e-02  1.8350e-02  1.3670e-02  1.5900e-02
  7228.50      1.3834  1.5410e-02  1.6730e-02  1.8390e-02  1.4200e-02  1.6450e-02
  7227.00      1.3837  1.5440e-02  1.6760e-02  1.8420e-02  1.4640e-02  1.6900e-02
  7225.50      1.3840  1.5460e-02  1.6780e-02  1.8440e-02  1.4790e-02  1.7050e-02
  7224.00      1.3843  1.5460e-02  1.6780e-02  1.8440e-02  1.4640e-02  1.6900e-02
  7222.50      1.3846  1.5450e-02  1.6770e-02  1.8430e-02  1.4360e-02  1.6620e-02
  7221.00      1.3848  1.5450e-02  1.6770e-02  1.8430e-02  1.4130e-02  1.6390e-02
  7219.50      1.3851  1.5440e-02  1.6760e-02  1.8420e-02  1.4030e-02  1.6280e-02
  7218.00      1.3854  1.5430e-02  1.6750e-02  1.8410e-02  1.4070e-02  1.6320e-02
  7216.50      1.3857  1.5400e-02  1.6720e-02  1.8380e-02  1.4120e-02  1.6370e-02
  7215.00      1.3860  1.5360e-02  1.6690e-02  1.8350e-02  1.4100e-02  1.6350e-02
  7213.50      1.3863  1.5330e-02  1.6650e-02  1.8310e-02  1.4050e-02  1.6300e-02
  7212.00      1.3866  1.5290e-02  1.6610e-02  1.8270e-02  1.4080e-02  1.6330e-02
  7210.50      1.3869  1.5270e-02  1.6600e-02  1.8260e-02  1.4150e-02  1.6400e-02
  7209.00      1.3872  1.5250e-02  1.6580e-02  1.8240e-02  1.4120e-02  1.6380e-02
  7207.50      1.3874  1.5240e-02  1.6570e-02  1.8230e-02  1.3930e-02  1.6180e-02
  7206.00      1.3877  1.5230e-02  1.6560e-02  1.8220e-02  1.3670e-02  1.5920e-02
  7204.50      1.3880  1.5230e-02  1.6560e-02  1.8220e-02  1.3580e-02  1.5820e-02
  7203.00      1.3883  1.5250e-02  1.6570e-02  1.8240e-02  1.3750e-02  1.6000e-02
  7201.50      1.3886  1.5270e-02  1.6590e-02  1.8260e-02  1.4060e-02  1.6310e-02
  7200.00      1.3889  1.5280e-02  1.6610e-02  1.8270e-02  1.4290e-02  1.6540e-02
  7198.50      1.3892  1.5290e-02  1.6620e-02  1.8290e-02  1.4320e-02  1.6580e-02
  7197.00      1.3895  1.5290e-02  1.6620e-02  1.8290e-02  1.4200e-02  1.6460e-02
  7195.50      1.3898  1.5290e-02  1.6610e-02  1.8280e-02  1.4090e-02  1.6340e-02
  7194.00      1.3900  1.5280e-02  1.6610e-02  1.8270e-02  1.4070e-02  1.6320e-02
  7192.50      1.3903  1.5270e-02  1.6600e-02  1.8260e-02  1.4070e-02  1.6330e-02
  7191.00      1.3906  1.5260e-02  1.6590e-02  1.8260e-02  1.4040e-02  1.6290e-02
  7189.50      1.3909  1.5250e-02  1.6580e-02  1.8250e-02  1.4000e-02  1.6250e-02
  7188.00      1.3912  1.5240e-02  1.6570e-02  1.8240e-02  1.4010e-02  1.6270e-02
  7186.50      1.3915  1.5240e-02  1.6570e-02  1.8240e-02  1.3970e-02  1.6220e-02
  7185.00      1.3918  1.5230e-02  1.6560e-02  1.8230e-02  1.3780e-02  1.6030e-02
  7183.50      1.3921  1.5230e-02  1.6560e-02  1.8230e-02  1.3590e-02  1.5830e-02
  7182.00      1.3924  1.5240e-02  1.6570e-02  1.8240e-02  1.3620e-02  1.5870e-02
  7180.50      1.3927  1.5250e-02  1.6580e-02  1.8250e-02  1.3910e-02  1.6160e-02
  7179.00      1.3930  1.5260e-02  1.6600e-02  1.8260e-02  1.4260e-02  1.6520e-02
  7177.50      1.3932  1.5280e-02  1.6610e-02  1.8280e-02  1.4440e-02  1.6710e-02
  7176.00      1.3935  1.5280e-02  1.6610e-02  1.8280e-02  1.4510e-02  1.6780e-02
  7174.50      1.3938  1.5280e-02  1.6610e-02  1.8280e-02  1.4440e-02  1.6710e-02
  7173.00      1.3941  1.5280e-02  1.6610e-02  1.8280e-02  1.4180e-02  1.6440e-02
  7171.50      1.3944  1.5280e-02  1.6610e-02  1.8280e-02  1.3740e-02  1.6000e-02
  7170.00      1.3947  1.5280e-02  1.6610e-02  1.8290e-02  1.3410e-02  1.5660e-02
  7168.50      1.3950  1.5300e-02  1.6640e-02  1.8310e-02  1.3420e-02  1.5660e-02
  7167.00      1.3953  1.5330e-02  1.6670e-02  1.8340e-02  1.3790e-02  1.6040e-02
  7165.50      1.3956  1.5360e-02  1.6700e-02  1.8370e-02  1.4210e-02  1.6470e-02
  7164.00      1.3959  1.5390e-02  1.6720e-02  1.8390e-02  1.4320e-02  1.6580e-02
  7162.50      1.3962  1.5410e-02  1.6740e-02  1.8410e-02  1.4310e-02  1.6570e-02
  7161.00      1.3965  1.5430e-02  1.6770e-02  1.8440e-02  1.4430e-02  1.6700e-02
  7159.50      1.3967  1.5450e-02  1.6780e-02  1.8460e-02  1.4520e-02  1.6800e-02
  7158.00      1.3970  1.5460e-02  1.6800e-02  1.8470e-02  1.4480e-02  1.6760e-02
  7156.50      1.3973  1.5460e-02  1.6800e-02  1.8470e-02  1.4380e-02  1.6650e-02
  7155.00      1.3976  1.5440e-02  1.6780e-02  1.8460e-02  1.4250e-02  1.6520e-02
  7153.50      1.3979  1.5420e-02  1.6750e-02  1.8430e-02  1.4030e-02  1.6300e-02
  7152.00      1.3982  1.5380e-02  1.6720e-02  1.8400e-02  1.3880e-02  1.6150e-02
  7150.50      1.3985  1.5350e-02  1.6690e-02  1.8370e-02  1.3940e-02  1.6200e-02
  7148.99      1.3988  1.5340e-02  1.6670e-02  1.8350e-02  1.4110e-02  1.6380e-02
  7147.49      1.3991  1.5310e-02  1.6650e-02  1.8330e-02  1.4160e-02  1.6430e-02
  7145.99      1.3994  1.5300e-02  1.6640e-02  1.8320e-02  1.4070e-02  1.6340e-02
  7144.49      1.3997  1.5290e-02  1.6630e-02  1.8310e-02  1.3950e-02  1.6210e-02
  7142.99      1.4000  1.5280e-02  1.6620e-02  1.8300e-02  1.3870e-02  1.6130e-02
  7141.49      1.4003  1.5280e-02  1.6620e-02  1.8300e-02  1.3840e-02  1.6100e-02
  7139.99      1.4006  1.5280e-02  1.6620e-02  1.8300e-02  1.3940e-02  1.6200e-02
  7138.49      1.4009  1.5290e-02  1.6620e-02  1.8310e-02  1.4110e-02  1.6380e-02
  7136.99      1.4012  1.5280e-02  1.6620e-02  1.8300e-02  1.4220e-02  1.6490e-02
  7135.49      1.4014  1.5280e-02  1.6620e-02  1.8300e-02  1.4240e-02  1.6520e-02
  7133.99      1.4017  1.5260e-02  1.6600e-02  1.8280e-02  1.4250e-02  1.6520e-02
  7132.49      1.4020  1.5240e-02  1.6580e-02  1.8260e-02  1.4180e-02  1.6450e-02
  7130.99      1.4023  1.5210e-02  1.6550e-02  1.8230e-02  1.3970e-02  1.6240e-02
  7129.49      1.4026  1.5170e-02  1.6520e-02  1.8200e-02  1.3720e-02  1.5990e-02
  7127.99      1.4029  1.5150e-02  1.6490e-02  1.8180e-02  1.3660e-02  1.5930e-02
  7126.49      1.4032  1.5150e-02  1.6490e-02  1.8170e-02  1.3780e-02  1.6050e-02
  7124.99      1.4035  1.5150e-02  1.6490e-02  1.8170e-02  1.3890e-02  1.6160e-02
  7123.49      1.4038  1.5150e-02  1.6490e-02  1.8180e-02  1.3880e-02  1.6150e-02
  7121.99      1.4041  1.5170e-02  1.6510e-02  1.8190e-02  1.3770e-02  1.6040e-02
  7120.49      1.4044  1.5180e-02  1.6530e-02  1.8210e-02  1.3630e-02  1.5890e-02
  7118.99      1.4047  1.5210e-02  1.6550e-02  1.8230e-02  1.3630e-02  1.5890e-02
  7117.49      1.4050  1.5240e-02  1.6590e-02  1.8270e-02  1.3910e-02  1.6180e-02
  7115.99      1.4053  1.5290e-02  1.6630e-02  1.8320e-02  1.4210e-02  1.6480e-02
  7114.49      1.4056  1.5340e-02  1.6680e-02  1.8370e-02  1.4440e-02  1.6720e-02
  7112.99      1.4059  1.5360e-02  1.6710e-02  1.8390e-02  1.4550e-02  1.6840e-02
  7111.49      1.4062  1.5390e-02  1.6730e-02  1.8420e-02  1.4440e-02  1.6720e-02
  7109.99      1.4065  1.5400e-02  1.6740e-02  1.8430e-02  1.4160e-02  1.6440e-02
  7108.49      1.4068  1.5400e-02  1.6740e-02  1.8430e-02  1.3920e-02  1.6200e-02
  7106.99      1.4071  1.5400e-02  1.6750e-02  1.8440e-02  1.3860e-02  1.6130e-02
  7105.49      1.4074  1.5400e-02  1.6750e-02  1.8440e-02  1.3920e-02  1.6190e-02
  7103.99      1.4077  1.5410e-02  1.6750e-02  1.8450e-02  1.4090e-02  1.6370e-02
  7102.49      1.4080  1.5410e-02  1.6760e-02  1.8450e-02  1.4300e-02  1.6580e-02
  7100.99      1.4083  1.5410e-02  1.6760e-02  1.8450e-02  1.4440e-02  1.6730e-02
  7099.49      1.4086  1.5410e-02  1.6760e-02  1.8450e-02  1.4380e-02  1.6670e-02
  7097.99      1.4088  1.5410e-02  1.6760e-02  1.8450e-02  1.4160e-02  1.6440e-02
  7096.49      1.4091  1.5410e-02  1.6760e-02  1.8450e-02  1.3940e-02  1.6220e-02
  7094.99      1.4094  1.5410e-02  1.6760e-02  1.8450e-02  1.3900e-02  1.6180e-02
  7093.49      1.4097  1.5410e-02  1.6760e-02  1.8450e-02  1.4010e-02  1.6290e-02
  7091.99      1.4100  1.5410e-02  1.6760e-02  1.8450e-02  1.4150e-02  1.6430e-02
  7090.49      1.4103  1.5400e-02  1.6750e-02  1.8450e-02  1.4290e-02  1.6570e-02
  7088.99      1.4106  1.5390e-02  1.6740e-02  1.8440e-02  1.4410e-02  1.6700e-02
  7087.49      1.4109  1.5360e-02  1.6710e-02  1.8410e-02  1.4400e-02  1.6690e-02
  7085.99      1.4112  1.5340e-02  1.6690e-02  1.8380e-02  1.4290e-02  1.6580e-02
  7084.49      1.4115  1.5300e-02  1.6650e-02  1.8350e-02  1.4090e-02  1.6380e-02
  7082.99      1.4118  1.5270e-02  1.6620e-02  1.8320e-02  1.3820e-02  1.6100e-02
  7081.49      1.4121  1.5240e-02  1.6590e-02  1.8290e-02  1.3680e-02  1.5960e-02
  7079.99      1.4124  1.5210e-02  1.6560e-02  1.8260e-02  1.3800e-02  1.6070e-02
  7078.49      1.4127  1.5200e-02  1.6550e-02  1.8250e-02  1.3980e-02  1.6270e-02
  7076.99      1.4130  1.5190e-02  1.6540e-02  1.8240e-02  1.4020e-02  1.6300e-02
  7075.49      1.4133  1.5180e-02  1.6530e-02  1.8230e-02  1.3900e-02  1.6180e-02
  7073.99      1.4136  1.5180e-02  1.6530e-02  1.8230e-02  1.3740e-02  1.6020e-02
  7072.49      1.4139  1.5190e-02  1.6540e-02  1.8240e-02  1.3690e-02  1.5970e-02
  7070.99      1.4142  1.5210e-02  1.6560e-02  1.8260e-02  1.3780e-02  1.6060e-02
  7069.49      1.4145  1.5240e-02  1.6590e-02  1.8290e-02  1.3950e-02  1.6240e-02
  7067.99      1.4148  1.5260e-02  1.6620e-02  1.8320e-02  1.4120e-02  1.6400e-02
  7066.49      1.4151  1.5290e-02  1.6640e-02  1.8340e-02  1.4220e-02  1.6510e-02
  7064.99      1.4154  1.5300e-02  1.6650e-02  1.8350e-02  1.4260e-02  1.6560e-02
  7063.49      1.4157  1.5310e-02  1.6660e-02  1.8360e-02  1.4270e-02  1.6560e-02
  7061.99      1.4160  1.5310e-02  1.6660e-02  1.8370e-02  1.4170e-02  1.6460e-02
  7060.49      1.4163  1.5300e-02  1.6660e-02  1.8360e-02  1.4040e-02  1.6330e-02
  7058.99      1.4166  1.5300e-02  1.6650e-02  1.8360e-02  1.3970e-02  1.6260e-02
  7057.49      1.4169  1.5290e-02  1.6640e-02  1.8350e-02  1.3920e-02  1.6210e-02
  7055.99      1.4172  1.5280e-02  1.6630e-02  1.8340e-02  1.3880e-02  1.6160e-02
  7054.49      1.4175  1.5270e-02  1.6630e-02  1.8330e-02  1.3910e-02  1.6200e-02
  7052.99      1.4178  1.5260e-02  1.6620e-02  1.8330e-02  1.4040e-02  1.6330e-02
  7051.49      1.4181  1.5260e-02  1.6620e-02  1.8320e-02  1.4150e-02  1.6440e-02
  7049.99      1.4184  1.5260e-02  1.6610e-02  1.8320e-02  1.4050e-02  1.6340e-02
  7048.49      1.4187  1.5260e-02  1.6620e-02  1.8320e-02  1.3880e-02  1.6170e-02
  7046.99      1.4190  1.5270e-02  1.6630e-02  1.8340e-02  1.3870e-02  1.6160e-02
  7045.49      1.4193  1.5290e-02  1.6640e-02  1.8350e-02  1.4020e-02  1.6310e-02
  7043.99      1.4197  1.5310e-02  1.6660e-02  1.8370e-02  1.4100e-02  1.6400e-02
  7042.49      1.4200  1.5330e-02  1.6690e-02  1.8400e-02  1.4040e-02  1.6340e-02
  7040.99      1.4203  1.5340e-02  1.6700e-02  1.8410e-02  1.3970e-02  1.6260e-02
  7039.49      1.4206  1.5360e-02  1.6720e-02  1.8430e-02  1.4060e-02  1.6350e-02
  7037.99      1.4209  1.5370e-02  1.6730e-02  1.8440e-02  1.4150e-02  1.6450e-02
  7036.49      1.4212  1.5380e-02  1.6740e-02  1.8450e-02  1.4220e-02  1.6510e-02
  7034.99      1.4215  1.5390e-02  1.6740e-02  1.8460e-02  1.4270e-02  1.6570e-02
  7033.49      1.4218  1.5390e-02  1.6750e-02  1.8460e-02  1.4260e-02  1.6560e-02
  7031.99      1.4221  1.5380e-02  1.6740e-02  1.8460e-02  1.4250e-02  1.6560e-02
  7030.49      1.4224  1.5370e-02  1.6730e-02  1.8440e-02  1.4200e-02  1.6510e-02
  7028.99      1.4227  1.5350e-02  1.6710e-02  1.8420e-02  1.4090e-02  1.6390e-02
  7027.49      1.4230  1.5330e-02  1.6690e-02  1.8410e-02  1.4020e-02  1.6320e-02
  7025.99      1.4233  1.5310e-02  1.6670e-02  1.8380e-02  1.3950e-02  1.6250e-02
  7024.49      1.4236  1.5290e-02  1.6660e-02  1.8370e-02  1.3900e-02  1.6200e-02
  7022.99      1.4239  1.5280e-02  1.6640e-02  1.8360e-02  1.3940e-02  1.6230e-02
  7021.49      1.4242  1.5270e-02  1.6630e-02  1.8350e-02  1.4000e-02  1.6300e-02
  7019.99      1.4245  1.5260e-02  1.6620e-02  1.8340e-02  1.4030e-02  1.6330e-02
  7018.48      1.4248  1.5250e-02  1.6620e-02  1.8330e-02  1.4010e-02  1.6310e-02
  7016.98      1.4251  1.5250e-02  1.6610e-02  1.8330e-02  1.3960e-02  1.6260e-02
  7015.48      1.4254  1.5250e-02  1.6610e-02  1.8330e-02  1.3940e-02  1.6240e-02
  7013.98      1.4257  1.5250e-02  1.6620e-02  1.8340e-02  1.3970e-02  1.6270e-02
  7012.48      1.4260  1.5260e-02  1.6620e-02  1.8340e-02  1.4070e-02  1.6370e-02
  7010.98      1.4263  1.5260e-02  1.6630e-02  1.8350e-02  1.4150e-02  1.6460e-02
  7009.48      1.4266  1.5260e-02  1.6630e-02  1.8350e-02  1.4040e-02  1.6340e-02
  7007.98      1.4269  1.5260e-02  1.6620e-02  1.8340e-02  1.3880e-02  1.6180e-02
  7006.48      1.4272  1.5260e-02  1.6620e-02  1.8340e-02  1.3830e-02  1.6130e-02
  7004.98      1.4276  1.5260e-02  1.6620e-02  1.8340e-02  1.3940e-02  1.6250e-02
  7003.48      1.4279  1.5260e-02  1.6630e-02  1.8350e-02  1.4110e-02  1.6420e-02
  7001.98      1.4282  1.5260e-02  1.6620e-02  1.8350e-02  1.4180e-02  1.6480e-02
  7000.48      1.4285  1.5250e-02  1.6620e-02  1.8340e-02  1.4080e-02  1.6390e-02
  6998.98      1.4288  1.5240e-02  1.6610e-02  1.8330e-02  1.3940e-02  1.6250e-02
  6997.48      1.4291  1.5230e-02  1.6600e-02  1.8320e-02  1.3930e-02  1.6240e-02
  6995.98      1.4294  1.5220e-02  1.6580e-02  1.8310e-02  1.3970e-02  1.6270e-02
  6994.48      1.4297  1.5210e-02  1.6580e-02  1.8300e-02  1.3930e-02  1.6240e-02
  6992.98      1.4300  1.5200e-02  1.6570e-02  1.8290e-02  1.3870e-02  1.6180e-02
  6991.48      1.4303  1.5190e-02  1.6560e-02  1.8280e-02  1.3950e-02  1.6250e-02
  6989.98      1.4306  1.5180e-02  1.6550e-02  1.8270e-02  1.4010e-02  1.6320e-02
  6988.48      1.4309  1.5160e-02  1.6530e-02  1.8260e-02  1.3950e-02  1.6260e-02
  6986.98      1.4312  1.5160e-02  1.6530e-02  1.8250e-02  1.3810e-02  1.6120e-02
  6985.48      1.4315  1.5160e-02  1.6530e-02  1.8250e-02  1.3760e-02  1.6070e-02
  6983.98      1.4318  1.5160e-02  1.6530e-02  1.8260e-02  1.3800e-02  1.6110e-02
  6982.48      1.4322  1.5170e-02  1.6550e-02  1.8270e-02  1.3890e-02  1.6190e-02
  6980.98      1.4325  1.5180e-02  1.6550e-02  1.8280e-02  1.3950e-02  1.6260e-02
  6979.48      1.4328  1.5190e-02  1.6560e-02  1.8290e-02  1.3930e-02  1.6240e-02
  6977.98      1.4331  1.5200e-02  1.6570e-02  1.8300e-02  1.3840e-02  1.6150e-02
  6976.48      1.4334  1.5210e-02  1.6580e-02  1.8310e-02  1.3840e-02  1.6150e-02
  6974.98      1.4337  1.5230e-02  1.6600e-02  1.8330e-02  1.4040e-02  1.6350e-02
  6973.48      1.4340  1.5230e-02  1.6600e-02  1.8330e-02  1.4220e-02  1.6530e-02
  6971.98      1.4343  1.5230e-02  1.6600e-02  1.8330e-02  1.4230e-02  1.6550e-02
  6970.48      1.4346  1.5230e-02  1.6600e-02  1.8330e-02  1.4090e-02  1.6400e-02
  6968.98      1.4349  1.5210e-02  1.6580e-02  1.8320e-02  1.3910e-02  1.6220e-02
  6967.48      1.4352  1.5200e-02  1.6580e-02  1.8310e-02  1.3800e-02  1.6110e-02
  6965.98      1.4355  1.5190e-02  1.6560e-02  1.8300e-02  1.3780e-02  1.6090e-02
  6964.48      1.4359  1.5180e-02  1.6560e-02  1.8290e-02  1.3870e-02  1.6180e-02
  6962.98      1.4362  1.5180e-02  1.6550e-02  1.8280e-02  1.3990e-02  1.6310e-02
  6961.48      1.4365  1.5160e-02  1.6540e-02  1.8280e-02  1.3920e-02  1.6230e-02
  6959.98      1.4368  1.5150e-02  1.6530e-02  1.8260e-02  1.3770e-02  1.6080e-02
  6958.48      1.4371  1.5140e-02  1.6510e-02  1.8250e-02  1.3780e-02  1.6100e-02
  6956.98      1.4374  1.5140e-02  1.6510e-02  1.8250e-02  1.3980e-02  1.6300e-02
  6955.48      1.4377  1.5130e-02  1.6510e-02  1.8240e-02  1.4030e-02  1.6350e-02
  6953.98      1.4380  1.5130e-02  1.6500e-02  1.8240e-02  1.3930e-02  1.6250e-02
  6952.48      1.4383  1.5130e-02  1.6500e-02  1.8240e-02  1.3860e-02  1.6170e-02
  6950.98      1.4386  1.5130e-02  1.6500e-02  1.8240e-02  1.3890e-02  1.6210e-02
  6949.48      1.4390  1.5120e-02  1.6500e-02  1.8240e-02  1.3900e-02  1.6210e-02
  6947.98      1.4393  1.5120e-02  1.6500e-02  1.8240e-02  1.3720e-02  1.6030e-02
  6946.48      1.4396  1.5130e-02  1.6500e-02  1.8240e-02  1.3570e-02  1.5880e-02
  6944.98      1.4399  1.5140e-02  1.6520e-02  1.8260e-02  1.3660e-02  1.5980e-02
  6943.48      1.4402  1.5150e-02  1.6530e-02  1.8270e-02  1.3870e-02  1.6190e-02
  6941.98      1.4405  1.5180e-02  1.6550e-02  1.8290e-02  1.4060e-02  1.6380e-02
  6940.48      1.4408  1.5190e-02  1.6560e-02  1.8310e-02  1.4140e-02  1.6460e-02
  6938.98      1.4411  1.5200e-02  1.6580e-02  1.8320e-02  1.4100e-02  1.6420e-02
  6937.48      1.4414  1.5210e-02  1.6590e-02  1.8340e-02  1.3990e-02  1.6320e-02
  6935.98      1.4418  1.5220e-02  1.6600e-02  1.8340e-02  1.3900e-02  1.6220e-02
  6934.48      1.4421  1.5230e-02  1.6610e-02  1.8360e-02  1.3910e-02  1.6230e-02
  6932.98      1.4424  1.5240e-02  1.6620e-02  1.8360e-02  1.3990e-02  1.6310e-02
  6931.48      1.4427  1.5240e-02  1.6620e-02  1.8370e-02  1.4000e-02  1.6320e-02
  6929.98      1.4430  1.5240e-02  1.6620e-02  1.8370e-02  1.3950e-02  1.6280e-02
  6928.48      1.4433  1.5240e-02  1.6620e-02  1.8360e-02  1.3940e-02  1.6260e-02
  6926.98      1.4436  1.5230e-02  1.6610e-02  1.8360e-02  1.3990e-02  1.6310e-02
  6925.48      1.4439  1.5230e-02  1.6610e-02  1.8360e-02  1.4030e-02  1.6360e-02
  6923.98      1.4443  1.5230e-02  1.6610e-02  1.8360e-02  1.4020e-02  1.6340e-02
  6922.48      1.4446  1.5230e-02  1.6610e-02  1.8360e-02  1.3980e-02  1.6310e-02
  6920.98      1.4449  1.5230e-02  1.6610e-02  1.8360e-02  1.3960e-02  1.6290e-02
  6919.48      1.4452  1.5220e-02  1.6600e-02  1.8350e-02  1.3920e-02  1.6250e-02
  6917.98      1.4455  1.5200e-02  1.6590e-02  1.8340e-02  1.3870e-02  1.6200e-02
  6916.48      1.4458  1.5190e-02  1.6580e-02  1.8330e-02  1.3880e-02  1.6210e-02
  6914.98      1.4461  1.5170e-02  1.6550e-02  1.8300e-02  1.3980e-02  1.6310e-02
  6913.48      1.4465  1.5150e-02  1.6530e-02  1.8280e-02  1.4080e-02  1.6410e-02
  6911.98      1.4468  1.5120e-02  1.6500e-02  1.8250e-02  1.4060e-02  1.6390e-02
  6910.48      1.4471  1.5080e-02  1.6470e-02  1.8220e-02  1.3940e-02  1.6270e-02
  6908.98      1.4474  1.5040e-02  1.6430e-02  1.8180e-02  1.3820e-02  1.6150e-02
  6907.48      1.4477  1.5010e-02  1.6390e-02  1.8150e-02  1.3700e-02  1.6020e-02
  6905.98      1.4480  1.4970e-02  1.6360e-02  1.8110e-02  1.3600e-02  1.5920e-02
  6904.48      1.4483  1.4940e-02  1.6330e-02  1.8080e-02  1.3520e-02  1.5840e-02
  6902.98      1.4487  1.4920e-02  1.6310e-02  1.8060e-02  1.3470e-02  1.5790e-02
  6901.48      1.4490  1.4900e-02  1.6290e-02  1.8040e-02  1.3500e-02  1.5820e-02
  6899.98      1.4493  1.4900e-02  1.6280e-02  1.8040e-02  1.3550e-02  1.5870e-02
  6898.48      1.4496  1.4900e-02  1.6290e-02  1.8050e-02  1.3610e-02  1.5940e-02
  6896.98      1.4499  1.4920e-02  1.6300e-02  1.8060e-02  1.3670e-02  1.6000e-02
  6895.48      1.4502  1.4940e-02  1.6330e-02  1.8080e-02  1.3670e-02  1.5990e-02
  6893.98      1.4505  1.4970e-02  1.6360e-02  1.8110e-02  1.3640e-02  1.5960e-02
  6892.48      1.4509  1.4990e-02  1.6380e-02  1.8140e-02  1.3650e-02  1.5970e-02
  6890.98      1.4512  1.5020e-02  1.6410e-02  1.8170e-02  1.3730e-02  1.6050e-02
  6889.48      1.4515  1.5050e-02  1.6440e-02  1.8200e-02  1.3820e-02  1.6150e-02
  6887.98      1.4518  1.5090e-02  1.6470e-02  1.8230e-02  1.3950e-02  1.6280e-02
  6886.48      1.4521  1.5100e-02  1.6490e-02  1.8240e-02  1.4030e-02  1.6370e-02
  6884.98      1.4524  1.5110e-02  1.6500e-02  1.8260e-02  1.4020e-02  1.6360e-02
  6883.48      1.4528  1.5110e-02  1.6500e-02  1.8260e-02  1.3950e-02  1.6290e-02
  6881.98      1.4531  1.5100e-02  1.6490e-02  1.8250e-02  1.3870e-02  1.6210e-02
  6880.47      1.4534  1.5100e-02  1.6490e-02  1.8250e-02  1.3810e-02  1.6140e-02
  6878.97      1.4537  1.5090e-02  1.6480e-02  1.8240e-02  1.3800e-02  1.6130e-02
  6877.47      1.4540  1.5080e-02  1.6470e-02  1.8240e-02  1.3820e-02  1.6160e-02
  6875.97      1.4543  1.5080e-02  1.6470e-02  1.8230e-02  1.3740e-02  1.6070e-02
  6874.47      1.4547  1.5060e-02  1.6450e-02  1.8220e-02  1.3630e-02  1.5960e-02
  6872.97      1.4550  1.5060e-02  1.6450e-02  1.8210e-02  1.3640e-02  1.5970e-02
  6871.47      1.4553  1.5050e-02  1.6440e-02  1.8210e-02  1.3730e-02  1.6060e-02
  6869.97      1.4556  1.5050e-02  1.6440e-02  1.8210e-02  1.3880e-02  1.6220e-02
  6868.47      1.4559  1.5050e-02  1.6440e-02  1.8210e-02  1.3990e-02  1.6330e-02
  6866.97      1.4562  1.5030e-02  1.6430e-02  1.8190e-02  1.3970e-02  1.6310e-02
  6865.47      1.4566  1.5020e-02  1.6420e-02  1.8180e-02  1.3860e-02  1.6200e-02
  6863.97      1.4569  1.5000e-02  1.6400e-02  1.8160e-02  1.3740e-02  1.6080e-02
  6862.47      1.4572  1.4980e-02  1.6380e-02  1.8140e-02  1.3650e-02  1.5990e-02
  6860.97      1.4575  1.4960e-02  1.6350e-02  1.8120e-02  1.3620e-02  1.5960e-02
  6859.47      1.4578  1.4940e-02  1.6340e-02  1.8100e-02  1.3660e-02  1.6000e-02
  6857.97      1.4582  1.4920e-02  1.6310e-02  1.8080e-02  1.3720e-02  1.6060e-02
  6856.47      1.4585  1.4910e-02  1.6290e-02  1.8070e-02  1.3680e-02  1.6020e-02
  6854.97      1.4588  1.4890e-02  1.6290e-02  1.8050e-02  1.3550e-02  1.5890e-02
  6853.47      1.4591  1.4890e-02  1.6280e-02  1.8060e-02  1.3450e-02  1.5780e-02
  6851.97      1.4594  1.4900e-02  1.6300e-02  1.8070e-02  1.3430e-02  1.5770e-02
  6850.47      1.4598  1.4920e-02  1.6320e-02  1.8090e-02  1.3520e-02  1.5850e-02
  6848.97      1.4601  1.4960e-02  1.6350e-02  1.8120e-02  1.3620e-02  1.5960e-02
  6847.47      1.4604  1.5000e-02  1.6390e-02  1.8160e-02  1.3650e-02  1.5990e-02
  6845.97      1.4607  1.5040e-02  1.6430e-02  1.8200e-02  1.3690e-02  1.6030e-02
  6844.47      1.4610  1.5080e-02  1.6480e-02  1.8250e-02  1.3780e-02  1.6120e-02
  6842.97      1.4614  1.5120e-02  1.6520e-02  1.8290e-02  1.3930e-02  1.6280e-02
  6841.47      1.4617  1.5170e-02  1.6570e-02  1.8340e-02  1.4170e-02  1.6520e-02
  6839.97      1.4620  1.5210e-02  1.6610e-02  1.8390e-02  1.4250e-02  1.6610e-02
  6838.47      1.4623  1.5240e-02  1.6640e-02  1.8410e-02  1.4110e-02  1.6460e-02
  6836.97      1.4626  1.5260e-02  1.6660e-02  1.8440e-02  1.3900e-02  1.6250e-02
  6835.47      1.4630  1.5280e-02  1.6680e-02  1.8450e-02  1.3870e-02  1.6220e-02
  6833.97      1.4633  1.5300e-02  1.6700e-02  1.8470e-02  1.3960e-02  1.6310e-02
  6832.47      1.4636  1.5300e-02  1.6710e-02  1.8480e-02  1.4080e-02  1.6430e-02
  6830.97      1.4639  1.5320e-02  1.6720e-02  1.8490e-02  1.4180e-02  1.6530e-02
  6829.47      1.4642  1.5320e-02  1.6720e-02  1.8490e-02  1.4180e-02  1.6540e-02
  6827.97      1.4646  1.5310e-02  1.6710e-02  1.8490e-02  1.4060e-02  1.6420e-02
  6826.47      1.4649  1.5290e-02  1.6690e-02  1.8470e-02  1.3950e-02  1.6300e-02
  6824.97      1.4652  1.5280e-02  1.6680e-02  1.8460e-02  1.3960e-02  1.6310e-02
  6823.47      1.4655  1.5260e-02  1.6660e-02  1.8440e-02  1.4000e-02  1.6360e-02
  6821.97      1.4659  1.5240e-02  1.6630e-02  1.8410e-02  1.4060e-02  1.6420e-02
  6820.47      1.4662  1.5200e-02  1.6600e-02  1.8380e-02  1.4110e-02  1.6470e-02
  6818.97      1.4665  1.5160e-02  1.6560e-02  1.8350e-02  1.4090e-02  1.6450e-02
  6817.47      1.4668  1.5120e-02  1.6520e-02  1.8300e-02  1.3970e-02  1.6330e-02
  6815.97      1.4671  1.5080e-02  1.6480e-02  1.8270e-02  1.3820e-02  1.6180e-02
  6814.47      1.4675  1.5040e-02  1.6450e-02  1.8230e-02  1.3690e-02  1.6040e-02
  6812.97      1.4678  1.5010e-02  1.6420e-02  1.8200e-02  1.3560e-02  1.5910e-02
  6811.47      1.4681  1.4990e-02  1.6390e-02  1.8180e-02  1.3440e-02  1.5790e-02
  6809.97      1.4684  1.4970e-02  1.6370e-02  1.8160e-02  1.3420e-02  1.5770e-02
  6808.47      1.4688  1.4970e-02  1.6370e-02  1.8160e-02  1.3530e-02  1.5870e-02
  6806.97      1.4691  1.4980e-02  1.6380e-02  1.8170e-02  1.3690e-02  1.6040e-02
  6805.47      1.4694  1.4990e-02  1.6390e-02  1.8180e-02  1.3780e-02  1.6140e-02
  6803.97      1.4697  1.5010e-02  1.6410e-02  1.8200e-02  1.3870e-02  1.6220e-02
  6802.47      1.4701  1.5020e-02  1.6420e-02  1.8210e-02  1.3890e-02  1.6250e-02
  6800.97      1.4704  1.5040e-02  1.6450e-02  1.8230e-02  1.3800e-02  1.6160e-02
  6799.47      1.4707  1.5060e-02  1.6460e-02  1.8250e-02  1.3710e-02  1.6070e-02
  6797.97      1.4710  1.5060e-02  1.6470e-02  1.8260e-02  1.3800e-02  1.6160e-02
  6796.47      1.4714  1.5070e-02  1.6480e-02  1.8270e-02  1.3930e-02  1.6290e-02
  6794.97      1.4717  1.5070e-02  1.6480e-02  1.8270e-02  1.3940e-02  1.6300e-02
  6793.47      1.4720  1.5070e-02  1.6470e-02  1.8260e-02  1.3900e-02  1.6260e-02
  6791.97      1.4723  1.5060e-02  1.6470e-02  1.8260e-02  1.3800e-02  1.6160e-02
  6790.47      1.4727  1.5040e-02  1.6450e-02  1.8240e-02  1.3710e-02  1.6070e-02
  6788.97      1.4730  1.5020e-02  1.6440e-02  1.8230e-02  1.3700e-02  1.6060e-02
  6787.47      1.4733  1.5010e-02  1.6420e-02  1.8210e-02  1.3730e-02  1.6100e-02
  6785.97      1.4736  1.4990e-02  1.6400e-02  1.8200e-02  1.3730e-02  1.6090e-02
  6784.47      1.4740  1.4990e-02  1.6400e-02  1.8190e-02  1.3670e-02  1.6030e-02
  6782.97      1.4743  1.4980e-02  1.6390e-02  1.8180e-02  1.3630e-02  1.5990e-02
  6781.47      1.4746  1.4980e-02  1.6390e-02  1.8180e-02  1.3710e-02  1.6080e-02
  6779.97      1.4749  1.4980e-02  1.6390e-02  1.8180e-02  1.3750e-02  1.6110e-02
  6778.47      1.4753  1.4980e-02  1.6390e-02  1.8190e-02  1.3630e-02  1.5990e-02
  6776.97      1.4756  1.4980e-02  1.6400e-02  1.8190e-02  1.3500e-02  1.5860e-02
  6775.47      1.4759  1.4990e-02  1.6400e-02  1.8200e-02  1.3600e-02  1.5960e-02
  6773.97      1.4762  1.5010e-02  1.6420e-02  1.8220e-02  1.3860e-02  1.6220e-02
  6772.47      1.4766  1.5020e-02  1.6440e-02  1.8230e-02  1.4010e-02  1.6380e-02
  6770.97      1.4769  1.5030e-02  1.6440e-02  1.8240e-02  1.3910e-02  1.6280e-02
  6769.47      1.4772  1.5030e-02  1.6450e-02  1.8250e-02  1.3770e-02  1.6140e-02
  6767.97      1.4775  1.5040e-02  1.6450e-02  1.8250e-02  1.3710e-02  1.6080e-02
  6766.47      1.4779  1.5040e-02  1.6460e-02  1.8260e-02  1.3720e-02  1.6080e-02
  6764.97      1.4782  1.5040e-02  1.6460e-02  1.8260e-02  1.3710e-02  1.6070e-02
  6763.47      1.4785  1.5040e-02  1.6460e-02  1.8260e-02  1.3700e-02  1.6070e-02
  6761.97      1.4789  1.5040e-02  1.6460e-02  1.8260e-02  1.3750e-02  1.6110e-02
  6760.47      1.4792  1.5040e-02  1.6450e-02  1.8250e-02  1.3850e-02  1.6220e-02
  6758.97      1.4795  1.5020e-02  1.6440e-02  1.8240e-02  1.3920e-02  1.6290e-02
  6757.47      1.4798  1.5010e-02  1.6430e-02  1.8230e-02  1.3860e-02  1.6230e-02
  6755.97      1.4802  1.4990e-02  1.6410e-02  1.8210e-02  1.3790e-02  1.6160e-02
  6754.47      1.4805  1.4970e-02  1.6390e-02  1.8200e-02  1.3740e-02  1.6110e-02
  6752.97      1.4808  1.4950e-02  1.6360e-02  1.8170e-02  1.3680e-02  1.6060e-02
  6751.47      1.4812  1.4930e-02  1.6350e-02  1.8150e-02  1.3610e-02  1.5980e-02
  6749.96      1.4815  1.4910e-02  1.6330e-02  1.8130e-02  1.3580e-02  1.5950e-02
  6748.46      1.4818  1.4900e-02  1.6320e-02  1.8120e-02  1.3580e-02  1.5940e-02
  6746.96      1.4821  1.4880e-02  1.6300e-02  1.8110e-02  1.3540e-02  1.5910e-02
  6745.46      1.4825  1.4880e-02  1.6300e-02  1.8110e-02  1.3510e-02  1.5880e-02
  6743.96      1.4828  1.4880e-02  1.6300e-02  1.8110e-02  1.3490e-02  1.5860e-02
  6742.46      1.4831  1.4890e-02  1.6310e-02  1.8120e-02  1.3510e-02  1.5870e-02
  6740.96      1.4835  1.4890e-02  1.6310e-02  1.8120e-02  1.3580e-02  1.5950e-02
  6739.46      1.4838  1.4910e-02  1.6330e-02  1.8140e-02  1.3690e-02  1.6070e-02
  6737.96      1.4841  1.4910e-02  1.6330e-02  1.8140e-02  1.3760e-02  1.6130e-02
  6736.46      1.4845  1.4920e-02  1.6340e-02  1.8150e-02  1.3780e-02  1.6150e-02
  6734.96      1.4848  1.4920e-02  1.6340e-02  1.8150e-02  1.3790e-02  1.6160e-02
  6733.46      1.4851  1.4930e-02  1.6350e-02  1.8160e-02  1.3780e-02  1.6150e-02
  6731.96      1.4855  1.4920e-02  1.6340e-02  1.8160e-02  1.3740e-02  1.6110e-02
  6730.46      1.4858  1.4920e-02  1.6340e-02  1.8150e-02  1.3650e-02  1.6030e-02
  6728.96      1.4861  1.4910e-02  1.6330e-02  1.8150e-02  1.3520e-02  1.5900e-02
  6727.46      1.4864  1.4910e-02  1.6330e-02  1.8140e-02  1.3410e-02  1.5780e-02
  6725.96      1.4868  1.4910e-02  1.6330e-02  1.8140e-02  1.3440e-02  1.5810e-02
  6724.46      1.4871  1.4910e-02  1.6330e-02  1.8150e-02  1.3620e-02  1.6000e-02
  6722.96      1.4874  1.4910e-02  1.6340e-02  1.8150e-02  1.3790e-02  1.6170e-02
  6721.46      1.4878  1.4910e-02  1.6340e-02  1.8150e-02  1.3750e-02  1.6130e-02
  6719.96      1.4881  1.4910e-02  1.6330e-02  1.8150e-02  1.3640e-02  1.6020e-02
  6718.46      1.4884  1.4910e-02  1.6330e-02  1.8150e-02  1.3630e-02  1.6010e-02
  6716.96      1.4888  1.4910e-02  1.6340e-02  1.8150e-02  1.3740e-02  1.6130e-02
  6715.46      1.4891  1.4920e-02  1.6340e-02  1.8160e-02  1.3810e-02  1.6200e-02
  6713.96      1.4894  1.4910e-02  1.6340e-02  1.8160e-02  1.3720e-02  1.6110e-02
  6712.46      1.4898  1.4910e-02  1.6330e-02  1.8150e-02  1.3540e-02  1.5920e-02
  6710.96      1.4901  1.4900e-02  1.6330e-02  1.8150e-02  1.3420e-02  1.5800e-02
  6709.46      1.4904  1.4900e-02  1.6320e-02  1.8140e-02  1.3440e-02  1.5810e-02
  6707.96      1.4908  1.4900e-02  1.6320e-02  1.8150e-02  1.3580e-02  1.5960e-02
  6706.46      1.4911  1.4900e-02  1.6330e-02  1.8150e-02  1.3720e-02  1.6100e-02
  6704.96      1.4914  1.4900e-02  1.6330e-02  1.8150e-02  1.3770e-02  1.6160e-02
  6703.46      1.4918  1.4900e-02  1.6320e-02  1.8150e-02  1.3770e-02  1.6150e-02
  6701.96      1.4921  1.4890e-02  1.6320e-02  1.8140e-02  1.3700e-02  1.6080e-02
  6700.46      1.4924  1.4890e-02  1.6320e-02  1.8140e-02  1.3590e-02  1.5980e-02
  6698.96      1.4928  1.4880e-02  1.6310e-02  1.8140e-02  1.3530e-02  1.5910e-02
  6697.46      1.4931  1.4880e-02  1.6320e-02  1.8140e-02  1.3570e-02  1.5950e-02
  6695.96      1.4934  1.4880e-02  1.6310e-02  1.8140e-02  1.3640e-02  1.6020e-02
  6694.46      1.4938  1.4880e-02  1.6300e-02  1.8130e-02  1.3620e-02  1.6000e-02
  6692.96      1.4941  1.4860e-02  1.6300e-02  1.8120e-02  1.3510e-02  1.5900e-02
  6691.46      1.4944  1.4850e-02  1.6280e-02  1.8110e-02  1.3500e-02  1.5890e-02
  6689.96      1.4948  1.4840e-02  1.6280e-02  1.8100e-02  1.3600e-02  1.5980e-02
  6688.46      1.4951  1.4830e-02  1.6270e-02  1.8090e-02  1.3740e-02  1.6130e-02
  6686.96      1.4954  1.4830e-02  1.6260e-02  1.8090e-02  1.3790e-02  1.6190e-02
  6685.46      1.4958  1.4810e-02  1.6250e-02  1.8070e-02  1.3650e-02  1.6050e-02
  6683.96      1.4961  1.4800e-02  1.6240e-02  1.8070e-02  1.3430e-02  1.5820e-02
  6682.46      1.4965  1.4790e-02  1.6220e-02  1.8050e-02  1.3340e-02  1.5720e-02
  6680.96      1.4968  1.4780e-02  1.6210e-02  1.8040e-02  1.3400e-02  1.5780e-02
  6679.46      1.4971  1.4780e-02  1.6210e-02  1.8040e-02  1.3410e-02  1.5800e-02
  6677.96      1.4975  1.4780e-02  1.6210e-02  1.8040e-02  1.3400e-02  1.5790e-02
  6676.46      1.4978  1.4780e-02  1.6210e-02  1.8040e-02  1.3450e-02  1.5840e-02
  6674.96      1.4981  1.4780e-02  1.6220e-02  1.8050e-02  1.3570e-02  1.5960e-02
  6673.46      1.4985  1.4780e-02  1.6220e-02  1.8050e-02  1.3650e-02  1.6040e-02
  6671.96      1.4988  1.4790e-02  1.6230e-02  1.8060e-02  1.3630e-02  1.6020e-02
  6670.46      1.4991  1.4790e-02  1.6230e-02  1.8060e-02  1.3580e-02  1.5970e-02
  6668.96      1.4995  1.4800e-02  1.6240e-02  1.8070e-02  1.3560e-02  1.5950e-02
  6667.46      1.4998  1.4800e-02  1.6240e-02  1.8080e-02  1.3550e-02  1.5950e-02
  6665.96      1.5002  1.4800e-02  1.6240e-02  1.8080e-02  1.3480e-02  1.5880e-02
  6664.46      1.5005  1.4800e-02  1.6240e-02  1.8070e-02  1.3410e-02  1.5800e-02
  6662.96      1.5008  1.4800e-02  1.6230e-02  1.8070e-02  1.3440e-02  1.5830e-02
  6661.46      1.5012  1.4790e-02  1.6230e-02  1.8070e-02  1.3550e-02  1.5950e-02
  6659.96      1.5015  1.4790e-02  1.6220e-02  1.8060e-02  1.3640e-02  1.6040e-02
  6658.46      1.5018  1.4770e-02  1.6210e-02  1.8050e-02  1.3660e-02  1.6060e-02
  6656.96      1.5022  1.4770e-02  1.6210e-02  1.8050e-02  1.3600e-02  1.6000e-02
  6655.46      1.5025  1.4750e-02  1.6190e-02  1.8030e-02  1.3490e-02  1.5890e-02
  6653.96      1.5029  1.4750e-02  1.6180e-02  1.8030e-02  1.3400e-02  1.5790e-02
  6652.46      1.5032  1.4730e-02  1.6180e-02  1.8010e-02  1.3360e-02  1.5750e-02
  6650.96      1.5035  1.4730e-02  1.6170e-02  1.8010e-02  1.3380e-02  1.5770e-02
  6649.46      1.5039  1.4730e-02  1.6170e-02  1.8010e-02  1.3410e-02  1.5800e-02
  6647.96      1.5042  1.4730e-02  1.6170e-02  1.8010e-02  1.3410e-02  1.5810e-02
  6646.46      1.5046  1.4730e-02  1.6170e-02  1.8010e-02  1.3430e-02  1.5830e-02
  6644.96      1.5049  1.4720e-02  1.6160e-02  1.8010e-02  1.3490e-02  1.5890e-02
  6643.46      1.5052  1.4720e-02  1.6160e-02  1.8010e-02  1.3500e-02  1.5900e-02
  6641.96      1.5056  1.4720e-02  1.6160e-02  1.8000e-02  1.3490e-02  1.5890e-02
  6640.46      1.5059  1.4710e-02  1.6150e-02  1.8000e-02  1.3510e-02  1.5910e-02
  6638.96      1.5063  1.4710e-02  1.6150e-02  1.7990e-02  1.3540e-02  1.5940e-02
  6637.46      1.5066  1.4700e-02  1.6140e-02  1.7980e-02  1.3530e-02  1.5940e-02
  6635.96      1.5069  1.4690e-02  1.6130e-02  1.7980e-02  1.3490e-02  1.5900e-02
  6634.46      1.5073  1.4680e-02  1.6120e-02  1.7970e-02  1.3360e-02  1.5770e-02
  6632.96      1.5076  1.4670e-02  1.6120e-02  1.7970e-02  1.3210e-02  1.5610e-02
  6631.46      1.5080  1.4680e-02  1.6120e-02  1.7970e-02  1.3220e-02  1.5610e-02
  6629.96      1.5083  1.4680e-02  1.6130e-02  1.7970e-02  1.3300e-02  1.5700e-02
  6628.46      1.5086  1.4700e-02  1.6140e-02  1.7990e-02  1.3380e-02  1.5780e-02
  6626.96      1.5090  1.4720e-02  1.6160e-02  1.8010e-02  1.3400e-02  1.5810e-02
  6625.46      1.5093  1.4720e-02  1.6170e-02  1.8020e-02  1.3420e-02  1.5830e-02
  6623.96      1.5097  1.4740e-02  1.6190e-02  1.8040e-02  1.3510e-02  1.5910e-02
  6622.46      1.5100  1.4740e-02  1.6190e-02  1.8040e-02  1.3610e-02  1.6020e-02
  6620.96      1.5104  1.4740e-02  1.6190e-02  1.8040e-02  1.3680e-02  1.6090e-02
  6619.46      1.5107  1.4740e-02  1.6190e-02  1.8040e-02  1.3680e-02  1.6090e-02
  6617.96      1.5110  1.4720e-02  1.6170e-02  1.8020e-02  1.3630e-02  1.6040e-02
  6616.46      1.5114  1.4690e-02  1.6140e-02  1.8000e-02  1.3550e-02  1.5960e-02
  6614.96      1.5117  1.4660e-02  1.6110e-02  1.7960e-02  1.3450e-02  1.5860e-02
  6613.46      1.5121  1.4620e-02  1.6070e-02  1.7930e-02  1.3290e-02  1.5700e-02
  6611.95      1.5124  1.4590e-02  1.6040e-02  1.7890e-02  1.3200e-02  1.5610e-02
  6610.45      1.5128  1.4550e-02  1.6000e-02  1.7860e-02  1.3150e-02  1.5560e-02
  6608.95      1.5131  1.4520e-02  1.5970e-02  1.7830e-02  1.3090e-02  1.5490e-02
  6607.45      1.5134  1.4490e-02  1.5950e-02  1.7800e-02  1.3050e-02  1.5460e-02
  6605.95      1.5138  1.4490e-02  1.5940e-02  1.7800e-02  1.3130e-02  1.5530e-02
  6604.45      1.5141  1.4480e-02  1.5940e-02  1.7790e-02  1.3270e-02  1.5670e-02
  6602.95      1.5145  1.4490e-02  1.5940e-02  1.7800e-02  1.3340e-02  1.5750e-02
  6601.45      1.5148  1.4500e-02  1.5950e-02  1.7810e-02  1.3240e-02  1.5650e-02
  6599.95      1.5152  1.4510e-02  1.5970e-02  1.7830e-02  1.3120e-02  1.5530e-02
  6598.45      1.5155  1.4520e-02  1.5970e-02  1.7830e-02  1.3090e-02  1.5500e-02
  6596.95      1.5159  1.4540e-02  1.5990e-02  1.7850e-02  1.3180e-02  1.5580e-02
  6595.45      1.5162  1.4550e-02  1.6000e-02  1.7860e-02  1.3330e-02  1.5740e-02
  6593.95      1.5165  1.4560e-02  1.6020e-02  1.7880e-02  1.3480e-02  1.5900e-02
  6592.45      1.5169  1.4570e-02  1.6020e-02  1.7880e-02  1.3540e-02  1.5960e-02
  6590.95      1.5172  1.4560e-02  1.6010e-02  1.7880e-02  1.3500e-02  1.5920e-02
  6589.45      1.5176  1.4550e-02  1.6010e-02  1.7870e-02  1.3410e-02  1.5830e-02
  6587.95      1.5179  1.4530e-02  1.5990e-02  1.7850e-02  1.3250e-02  1.5670e-02
  6586.45      1.5183  1.4510e-02  1.5960e-02  1.7830e-02  1.3080e-02  1.5490e-02
  6584.95      1.5186  1.4500e-02  1.5950e-02  1.7820e-02  1.3020e-02  1.5430e-02
  6583.45      1.5190  1.4480e-02  1.5940e-02  1.7800e-02  1.3120e-02  1.5530e-02
  6581.95      1.5193  1.4470e-02  1.5930e-02  1.7800e-02  1.3250e-02  1.5660e-02
  6580.45      1.5197  1.4450e-02  1.5910e-02  1.7780e-02  1.3280e-02  1.5690e-02
  6578.95      1.5200  1.4440e-02  1.5900e-02  1.7770e-02  1.3210e-02  1.5630e-02
  6577.45      1.5203  1.4420e-02  1.5880e-02  1.7750e-02  1.3150e-02  1.5560e-02
  6575.95      1.5207  1.4410e-02  1.5870e-02  1.7740e-02  1.3110e-02  1.5530e-02
  6574.45      1.5210  1.4400e-02  1.5860e-02  1.7730e-02  1.3120e-02  1.5540e-02
  6572.95      1.5214  1.4390e-02  1.5850e-02  1.7720e-02  1.3160e-02  1.5570e-02
  6571.45      1.5217  1.4390e-02  1.5850e-02  1.7720e-02  1.3180e-02  1.5600e-02
  6569.95      1.5221  1.4380e-02  1.5840e-02  1.7710e-02  1.3140e-02  1.5560e-02
  6568.45      1.5224  1.4370e-02  1.5830e-02  1.7700e-02  1.3090e-02  1.5510e-02
  6566.95      1.5228  1.4370e-02  1.5830e-02  1.7700e-02  1.3070e-02  1.5490e-02
  6565.45      1.5231  1.4370e-02  1.5830e-02  1.7700e-02  1.3020e-02  1.5430e-02
  6563.95      1.5235  1.4370e-02  1.5830e-02  1.7710e-02  1.3000e-02  1.5420e-02
  6562.45      1.5238  1.4380e-02  1.5840e-02  1.7710e-02  1.3040e-02  1.5460e-02
  6560.95      1.5242  1.4390e-02  1.5850e-02  1.7720e-02  1.3070e-02  1.5490e-02
  6559.45      1.5245  1.4400e-02  1.5870e-02  1.7740e-02  1.3050e-02  1.5470e-02
  6557.95      1.5249  1.4410e-02  1.5870e-02  1.7750e-02  1.3170e-02  1.5580e-02
  6556.45      1.5252  1.4430e-02  1.5890e-02  1.7770e-02  1.3330e-02  1.5750e-02
  6554.95      1.5256  1.4440e-02  1.5900e-02  1.7780e-02  1.3350e-02  1.5780e-02
  6553.45      1.5259  1.4440e-02  1.5910e-02  1.7780e-02  1.3240e-02  1.5660e-02
  6551.95      1.5263  1.4440e-02  1.5900e-02  1.7780e-02  1.3160e-02  1.5580e-02
  6550.45      1.5266  1.4430e-02  1.5900e-02  1.7780e-02  1.3160e-02  1.5580e-02
  6548.95      1.5270  1.4430e-02  1.5890e-02  1.7770e-02  1.3170e-02  1.5600e-02
  6547.45      1.5273  1.4420e-02  1.5880e-02  1.7760e-02  1.3120e-02  1.5540e-02
  6545.95      1.5277  1.4410e-02  1.5880e-02  1.7760e-02  1.3140e-02  1.5560e-02
  6544.45      1.5280  1.4400e-02  1.5860e-02  1.7740e-02  1.3210e-02  1.5640e-02
  6542.95      1.5284  1.4380e-02  1.5840e-02  1.7720e-02  1.3220e-02  1.5640e-02
  6541.45      1.5287  1.4360e-02  1.5820e-02  1.7710e-02  1.3120e-02  1.5550e-02
  6539.95      1.5291  1.4330e-02  1.5790e-02  1.7680e-02  1.2960e-02  1.5380e-02
  6538.45      1.5294  1.4310e-02  1.5780e-02  1.7660e-02  1.2890e-02  1.5310e-02
  6536.95      1.5298  1.4290e-02  1.5760e-02  1.7640e-02  1.3000e-02  1.5420e-02
  6535.45      1.5301  1.4270e-02  1.5730e-02  1.7630e-02  1.3130e-02  1.5560e-02
  6533.95      1.5305  1.4250e-02  1.5720e-02  1.7600e-02  1.3150e-02  1.5570e-02
  6532.45      1.5308  1.4220e-02  1.5690e-02  1.7580e-02  1.3040e-02  1.5470e-02
  6530.95      1.5312  1.4200e-02  1.5670e-02  1.7560e-02  1.2930e-02  1.5350e-02
  6529.45      1.5315  1.4180e-02  1.5650e-02  1.7530e-02  1.2850e-02  1.5270e-02
  6527.95      1.5319  1.4160e-02  1.5630e-02  1.7520e-02  1.2760e-02  1.5180e-02
  6526.45      1.5322  1.4140e-02  1.5610e-02  1.7500e-02  1.2730e-02  1.5150e-02
  6524.95      1.5326  1.4130e-02  1.5600e-02  1.7490e-02  1.2800e-02  1.5230e-02
  6523.45      1.5329  1.4120e-02  1.5590e-02  1.7480e-02  1.2890e-02  1.5310e-02
  6521.95      1.5333  1.4120e-02  1.5590e-02  1.7480e-02  1.2890e-02  1.5320e-02
  6520.45      1.5336  1.4110e-02  1.5580e-02  1.7470e-02  1.2890e-02  1.5310e-02
  6518.95      1.5340  1.4110e-02  1.5580e-02  1.7470e-02  1.2910e-02  1.5340e-02
  6517.45      1.5343  1.4110e-02  1.5580e-02  1.7470e-02  1.2870e-02  1.5300e-02
  6515.95      1.5347  1.4110e-02  1.5580e-02  1.7470e-02  1.2770e-02  1.5200e-02
  6514.45      1.5350  1.4110e-02  1.5580e-02  1.7470e-02  1.2730e-02  1.5160e-02
  6512.95      1.5354  1.4110e-02  1.5580e-02  1.7470e-02  1.2820e-02  1.5240e-02
  6511.45      1.5358  1.4110e-02  1.5580e-02  1.7470e-02  1.2930e-02  1.5360e-02
  6509.95      1.5361  1.4100e-02  1.5580e-02  1.7470e-02  1.2940e-02  1.5370e-02
  6508.45      1.5365  1.4100e-02  1.5570e-02  1.7470e-02  1.2880e-02  1.5310e-02
  6506.95      1.5368  1.4090e-02  1.5560e-02  1.7460e-02  1.2830e-02  1.5260e-02
  6505.45      1.5372  1.4080e-02  1.5560e-02  1.7450e-02  1.2830e-02  1.5260e-02
  6503.95      1.5375  1.4080e-02  1.5560e-02  1.7450e-02  1.2800e-02  1.5230e-02
  6502.45      1.5379  1.4080e-02  1.5560e-02  1.7450e-02  1.2780e-02  1.5210e-02
  6500.95      1.5382  1.4080e-02  1.5560e-02  1.7450e-02  1.2790e-02  1.5220e-02
  6499.45      1.5386  1.4080e-02  1.5560e-02  1.7460e-02  1.2760e-02  1.5190e-02
  6497.95      1.5389  1.4080e-02  1.5560e-02  1.7460e-02  1.2740e-02  1.5160e-02
  6496.45      1.5393  1.4090e-02  1.5570e-02  1.7460e-02  1.2760e-02  1.5190e-02
  6494.95      1.5397  1.4090e-02  1.5570e-02  1.7470e-02  1.2840e-02  1.5270e-02
  6493.45      1.5400  1.4100e-02  1.5580e-02  1.7480e-02  1.2910e-02  1.5350e-02
  6491.95      1.5404  1.4100e-02  1.5580e-02  1.7480e-02  1.2940e-02  1.5380e-02
  6490.45      1.5407  1.4100e-02  1.5570e-02  1.7480e-02  1.2920e-02  1.5350e-02
  6488.95      1.5411  1.4080e-02  1.5560e-02  1.7460e-02  1.2860e-02  1.5300e-02
  6487.45      1.5414  1.4080e-02  1.5550e-02  1.7460e-02  1.2860e-02  1.5290e-02
  6485.95      1.5418  1.4060e-02  1.5540e-02  1.7440e-02  1.2880e-02  1.5320e-02
  6484.45      1.5422  1.4050e-02  1.5530e-02  1.7430e-02  1.2870e-02  1.5300e-02
  6482.95      1.5425  1.4030e-02  1.5510e-02  1.7420e-02  1.2810e-02  1.5250e-02
  6481.44      1.5429  1.4020e-02  1.5500e-02  1.7410e-02  1.2750e-02  1.5190e-02
  6479.94      1.5432  1.4000e-02  1.5480e-02  1.7390e-02  1.2600e-02  1.5030e-02
  6478.44      1.5436  1.3980e-02  1.5460e-02  1.7370e-02  1.2460e-02  1.4890e-02
  6476.94      1.5439  1.3980e-02  1.5460e-02  1.7360e-02  1.2480e-02  1.4910e-02
  6475.44      1.5443  1.3970e-02  1.5460e-02  1.7360e-02  1.2630e-02  1.5070e-02
  6473.94      1.5447  1.3970e-02  1.5450e-02  1.7360e-02  1.2860e-02  1.5300e-02
  6472.44      1.5450  1.3960e-02  1.5450e-02  1.7350e-02  1.3010e-02  1.5460e-02
  6470.94      1.5454  1.3960e-02  1.5440e-02  1.7350e-02  1.2960e-02  1.5400e-02
  6469.44      1.5457  1.3940e-02  1.5420e-02  1.7330e-02  1.2730e-02  1.5170e-02
  6467.94      1.5461  1.3930e-02  1.5410e-02  1.7320e-02  1.2610e-02  1.5050e-02
  6466.44      1.5464  1.3910e-02  1.5390e-02  1.7300e-02  1.2620e-02  1.5050e-02
  6464.94      1.5468  1.3890e-02  1.5370e-02  1.7280e-02  1.2610e-02  1.5040e-02
  6463.44      1.5472  1.3880e-02  1.5360e-02  1.7270e-02  1.2550e-02  1.4990e-02
  6461.94      1.5475  1.3860e-02  1.5340e-02  1.7250e-02  1.2470e-02  1.4900e-02
  6460.44      1.5479  1.3840e-02  1.5330e-02  1.7240e-02  1.2460e-02  1.4890e-02
  6458.94      1.5482  1.3820e-02  1.5310e-02  1.7220e-02  1.2550e-02  1.4980e-02
  6457.44      1.5486  1.3820e-02  1.5300e-02  1.7220e-02  1.2660e-02  1.5100e-02
  6455.94      1.5490  1.3810e-02  1.5290e-02  1.7210e-02  1.2680e-02  1.5120e-02
  6454.44      1.5493  1.3800e-02  1.5290e-02  1.7200e-02  1.2590e-02  1.5030e-02
  6452.94      1.5497  1.3800e-02  1.5280e-02  1.7200e-02  1.2480e-02  1.4920e-02
  6451.44      1.5500  1.3790e-02  1.5280e-02  1.7190e-02  1.2440e-02  1.4880e-02
  6449.94      1.5504  1.3780e-02  1.5270e-02  1.7190e-02  1.2480e-02  1.4920e-02
  6448.44      1.5508  1.3770e-02  1.5260e-02  1.7180e-02  1.2530e-02  1.4970e-02
  6446.94      1.5511  1.3770e-02  1.5260e-02  1.7170e-02  1.2540e-02  1.4980e-02
  6445.44      1.5515  1.3760e-02  1.5240e-02  1.7160e-02  1.2520e-02  1.4960e-02
  6443.94      1.5518  1.3750e-02  1.5240e-02  1.7150e-02  1.2530e-02  1.4970e-02
  6442.44      1.5522  1.3730e-02  1.5220e-02  1.7140e-02  1.2560e-02  1.5000e-02
  6440.94      1.5526  1.3730e-02  1.5210e-02  1.7130e-02  1.2570e-02  1.5010e-02
  6439.44      1.5529  1.3710e-02  1.5200e-02  1.7120e-02  1.2510e-02  1.4960e-02
  6437.94      1.5533  1.3710e-02  1.5200e-02  1.7120e-02  1.2330e-02  1.4770e-02
  6436.44      1.5537  1.3710e-02  1.5200e-02  1.7120e-02  1.2210e-02  1.4650e-02
  6434.94      1.5540  1.3720e-02  1.5210e-02  1.7130e-02  1.2300e-02  1.4740e-02
  6433.44      1.5544  1.3730e-02  1.5220e-02  1.7140e-02  1.2480e-02  1.4920e-02
  6431.94      1.5547  1.3750e-02  1.5240e-02  1.7160e-02  1.2480e-02  1.4930e-02
  6430.44      1.5551  1.3760e-02  1.5250e-02  1.7180e-02  1.2380e-02  1.4820e-02
  6428.94      1.5555  1.3790e-02  1.5280e-02  1.7200e-02  1.2410e-02  1.4850e-02
  6427.44      1.5558  1.3800e-02  1.5300e-02  1.7230e-02  1.2620e-02  1.5070e-02
  6425.94      1.5562  1.3830e-02  1.5320e-02  1.7240e-02  1.2790e-02  1.5250e-02
  6424.44      1.5566  1.3850e-02  1.5340e-02  1.7270e-02  1.2820e-02  1.5270e-02
  6422.94      1.5569  1.3850e-02  1.5350e-02  1.7270e-02  1.2750e-02  1.5210e-02
  6421.44      1.5573  1.3860e-02  1.5350e-02  1.7280e-02  1.2670e-02  1.5120e-02
  6419.94      1.5576  1.3850e-02  1.5350e-02  1.7270e-02  1.2580e-02  1.5030e-02
  6418.44      1.5580  1.3840e-02  1.5330e-02  1.7260e-02  1.2490e-02  1.4940e-02
  6416.94      1.5584  1.3830e-02  1.5330e-02  1.7250e-02  1.2440e-02  1.4890e-02
  6415.44      1.5587  1.3820e-02  1.5310e-02  1.7240e-02  1.2510e-02  1.4960e-02
  6413.94      1.5591  1.3810e-02  1.5300e-02  1.7230e-02  1.2590e-02  1.5040e-02
  6412.44      1.5595  1.3780e-02  1.5280e-02  1.7210e-02  1.2610e-02  1.5060e-02
  6410.94      1.5598  1.3760e-02  1.5260e-02  1.7190e-02  1.2590e-02  1.5050e-02
  6409.44      1.5602  1.3750e-02  1.5240e-02  1.7180e-02  1.2590e-02  1.5040e-02
  6407.94      1.5606  1.3730e-02  1.5220e-02  1.7150e-02  1.2460e-02  1.4920e-02
  6406.44      1.5609  1.3720e-02  1.5210e-02  1.7140e-02  1.2320e-02  1.4770e-02
  6404.94      1.5613  1.3700e-02  1.5200e-02  1.7130e-02  1.2320e-02  1.4770e-02
  6403.44      1.5617  1.3700e-02  1.5200e-02  1.7130e-02  1.2420e-02  1.4870e-02
  6401.94      1.5620  1.3700e-02  1.5190e-02  1.7130e-02  1.2470e-02  1.4920e-02
  6400.44      1.5624  1.3700e-02  1.5190e-02  1.7130e-02  1.2420e-02  1.4870e-02
  6398.94      1.5628  1.3700e-02  1.5200e-02  1.7130e-02  1.2370e-02  1.4820e-02
  6397.44      1.5631  1.3710e-02  1.5210e-02  1.7140e-02  1.2390e-02  1.4840e-02
  6395.94      1.5635  1.3710e-02  1.5210e-02  1.7150e-02  1.2420e-02  1.4870e-02
  6394.44      1.5639  1.3730e-02  1.5230e-02  1.7170e-02  1.2480e-02  1.4930e-02
  6392.94      1.5642  1.3740e-02  1.5240e-02  1.7180e-02  1.2540e-02  1.5000e-02
  6391.44      1.5646  1.3750e-02  1.5250e-02  1.7190e-02  1.2550e-02  1.5010e-02
  6389.94      1.5650  1.3760e-02  1.5260e-02  1.7200e-02  1.2530e-02  1.4990e-02
  6388.44      1.5653  1.3760e-02  1.5260e-02  1.7200e-02  1.2550e-02  1.5000e-02
  6386.94      1.5657  1.3770e-02  1.5270e-02  1.7210e-02  1.2600e-02  1.5060e-02
  6385.44      1.5661  1.3760e-02  1.5270e-02  1.7210e-02  1.2600e-02  1.5060e-02
  6383.94      1.5664  1.3760e-02  1.5260e-02  1.7200e-02  1.2510e-02  1.4970e-02
  6382.44      1.5668  1.3760e-02  1.5260e-02  1.7200e-02  1.2440e-02  1.4900e-02
  6380.94      1.5672  1.3750e-02  1.5250e-02  1.7190e-02  1.2460e-02  1.4920e-02
  6379.44      1.5675  1.3750e-02  1.5250e-02  1.7190e-02  1.2500e-02  1.4960e-02
  6377.94      1.5679  1.3740e-02  1.5240e-02  1.7190e-02  1.2480e-02  1.4940e-02
  6376.44      1.5683  1.3730e-02  1.5240e-02  1.7180e-02  1.2420e-02  1.4880e-02
  6374.94      1.5686  1.3730e-02  1.5230e-02  1.7180e-02  1.2410e-02  1.4870e-02
  6373.44      1.5690  1.3730e-02  1.5230e-02  1.7170e-02  1.2460e-02  1.4930e-02
  6371.94      1.5694  1.3720e-02  1.5220e-02  1.7170e-02  1.2520e-02  1.4990e-02
  6370.44      1.5698  1.3710e-02  1.5220e-02  1.7160e-02  1.2520e-02  1.4990e-02
  6368.94      1.5701  1.3710e-02  1.5210e-02  1.7160e-02  1.2490e-02  1.4950e-02
  6367.44      1.5705  1.3700e-02  1.5200e-02  1.7150e-02  1.2510e-02  1.4970e-02
  6365.94      1.5709  1.3690e-02  1.5200e-02  1.7150e-02  1.2480e-02  1.4940e-02
  6364.44      1.5712  1.3690e-02  1.5190e-02  1.7140e-02  1.2430e-02  1.4890e-02
  6362.94      1.5716  1.3690e-02  1.5190e-02  1.7140e-02  1.2400e-02  1.4870e-02
  6361.44      1.5720  1.3680e-02  1.5190e-02  1.7140e-02  1.2340e-02  1.4800e-02
  6359.94      1.5723  1.3680e-02  1.5190e-02  1.7140e-02  1.2300e-02  1.4760e-02
  6358.44      1.5727  1.3670e-02  1.5180e-02  1.7130e-02  1.2340e-02  1.4800e-02
  6356.94      1.5731  1.3670e-02  1.5170e-02  1.7130e-02  1.2410e-02  1.4880e-02
  6355.44      1.5735  1.3660e-02  1.5170e-02  1.7120e-02  1.2460e-02  1.4930e-02
  6353.94      1.5738  1.3650e-02  1.5160e-02  1.7120e-02  1.2510e-02  1.4980e-02
  6352.44      1.5742  1.3650e-02  1.5160e-02  1.7110e-02  1.2560e-02  1.5030e-02
  6350.94      1.5746  1.3640e-02  1.5150e-02  1.7100e-02  1.2560e-02  1.5040e-02
  6349.44      1.5749  1.3630e-02  1.5140e-02  1.7090e-02  1.2480e-02  1.4950e-02
  6347.94      1.5753  1.3610e-02  1.5120e-02  1.7070e-02  1.2310e-02  1.4780e-02
  6346.44      1.5757  1.3590e-02  1.5100e-02  1.7070e-02  1.2160e-02  1.4630e-02
  6344.94      1.5761  1.3590e-02  1.5100e-02  1.7060e-02  1.2110e-02  1.4570e-02
  6343.43      1.5764  1.3590e-02  1.5100e-02  1.7060e-02  1.2110e-02  1.4580e-02
  6341.93      1.5768  1.3590e-02  1.5110e-02  1.7060e-02  1.2270e-02  1.4740e-02
  6340.43      1.5772  1.3600e-02  1.5120e-02  1.7080e-02  1.2450e-02  1.4920e-02
  6338.93      1.5776  1.3610e-02  1.5120e-02  1.7080e-02  1.2460e-02  1.4940e-02
  6337.43      1.5779  1.3620e-02  1.5130e-02  1.7090e-02  1.2370e-02  1.4840e-02
  6335.93      1.5783  1.3630e-02  1.5140e-02  1.7100e-02  1.2320e-02  1.4790e-02
  6334.43      1.5787  1.3650e-02  1.5160e-02  1.7120e-02  1.2380e-02  1.4860e-02
  6332.93      1.5790  1.3650e-02  1.5170e-02  1.7130e-02  1.2500e-02  1.4980e-02
  6331.43      1.5794  1.3660e-02  1.5170e-02  1.7140e-02  1.2580e-02  1.5060e-02
  6329.93      1.5798  1.3650e-02  1.5170e-02  1.7130e-02  1.2510e-02  1.4980e-02
  6328.43      1.5802  1.3650e-02  1.5160e-02  1.7130e-02  1.2370e-02  1.4850e-02
  6326.93      1.5805  1.3630e-02  1.5140e-02  1.7110e-02  1.2340e-02  1.4820e-02
  6325.43      1.5809  1.3620e-02  1.5130e-02  1.7100e-02  1.2460e-02  1.4940e-02
  6323.93      1.5813  1.3600e-02  1.5110e-02  1.7080e-02  1.2470e-02  1.4950e-02
  6322.43      1.5817  1.3580e-02  1.5100e-02  1.7070e-02  1.2310e-02  1.4790e-02
  6320.93      1.5820  1.3570e-02  1.5080e-02  1.7050e-02  1.2160e-02  1.4630e-02
  6319.43      1.5824  1.3560e-02  1.5070e-02  1.7030e-02  1.2170e-02  1.4640e-02
  6317.93      1.5828  1.3540e-02  1.5060e-02  1.7030e-02  1.2200e-02  1.4670e-02
  6316.43      1.5832  1.3540e-02  1.5050e-02  1.7020e-02  1.2200e-02  1.4670e-02
  6314.93      1.5835  1.3540e-02  1.5060e-02  1.7020e-02  1.2220e-02  1.4690e-02
  6313.43      1.5839  1.3540e-02  1.5060e-02  1.7030e-02  1.2300e-02  1.4780e-02
  6311.93      1.5843  1.3550e-02  1.5060e-02  1.7030e-02  1.2410e-02  1.4890e-02
  6310.43      1.5847  1.3550e-02  1.5070e-02  1.7040e-02  1.2450e-02  1.4930e-02
  6308.93      1.5851  1.3550e-02  1.5070e-02  1.7040e-02  1.2400e-02  1.4880e-02
  6307.43      1.5854  1.3550e-02  1.5070e-02  1.7040e-02  1.2290e-02  1.4770e-02
  6305.93      1.5858  1.3550e-02  1.5070e-02  1.7040e-02  1.2240e-02  1.4720e-02
  6304.43      1.5862  1.3540e-02  1.5060e-02  1.7040e-02  1.2240e-02  1.4720e-02
  6302.93      1.5866  1.3530e-02  1.5050e-02  1.7030e-02  1.2270e-02  1.4750e-02
  6301.43      1.5869  1.3530e-02  1.5050e-02  1.7020e-02  1.2320e-02  1.4800e-02
  6299.93      1.5873  1.3510e-02  1.5030e-02  1.7010e-02  1.2310e-02  1.4790e-02
  6298.43      1.5877  1.3500e-02  1.5020e-02  1.7000e-02  1.2300e-02  1.4780e-02
  6296.93      1.5881  1.3480e-02  1.5000e-02  1.6980e-02  1.2320e-02  1.4810e-02
  6295.43      1.5885  1.3470e-02  1.4990e-02  1.6970e-02  1.2280e-02  1.4770e-02
  6293.93      1.5888  1.3450e-02  1.4970e-02  1.6950e-02  1.2130e-02  1.4610e-02
  6292.43      1.5892  1.3440e-02  1.4960e-02  1.6940e-02  1.2020e-02  1.4500e-02
  6290.93      1.5896  1.3430e-02  1.4960e-02  1.6940e-02  1.2070e-02  1.4550e-02
  6289.43      1.5900  1.3430e-02  1.4960e-02  1.6940e-02  1.2170e-02  1.4650e-02
  6287.93      1.5903  1.3440e-02  1.4960e-02  1.6940e-02  1.2180e-02  1.4660e-02
  6286.43      1.5907  1.3440e-02  1.4970e-02  1.6950e-02  1.2140e-02  1.4620e-02
  6284.93      1.5911  1.3450e-02  1.4980e-02  1.6960e-02  1.2140e-02  1.4630e-02
  6283.43      1.5915  1.3470e-02  1.4990e-02  1.6980e-02  1.2210e-02  1.4690e-02
  6281.93      1.5919  1.3480e-02  1.5000e-02  1.6990e-02  1.2260e-02  1.4740e-02
  6280.43      1.5922  1.3500e-02  1.5030e-02  1.7010e-02  1.2270e-02  1.4750e-02
  6278.93      1.5926  1.3520e-02  1.5030e-02  1.7030e-02  1.2270e-02  1.4760e-02
  6277.43      1.5930  1.3520e-02  1.5050e-02  1.7030e-02  1.2310e-02  1.4800e-02
  6275.93      1.5934  1.3530e-02  1.5060e-02  1.7040e-02  1.2370e-02  1.4860e-02
  6274.43      1.5938  1.3530e-02  1.5060e-02  1.7050e-02  1.2400e-02  1.4890e-02
  6272.93      1.5942  1.3530e-02  1.5060e-02  1.7050e-02  1.2380e-02  1.4870e-02
  6271.43      1.5945  1.3530e-02  1.5060e-02  1.7040e-02  1.2310e-02  1.4800e-02
  6269.93      1.5949  1.3520e-02  1.5050e-02  1.7040e-02  1.2270e-02  1.4770e-02
  6268.43      1.5953  1.3520e-02  1.5050e-02  1.7040e-02  1.2240e-02  1.4740e-02
  6266.93      1.5957  1.3510e-02  1.5040e-02  1.7030e-02  1.2180e-02  1.4670e-02
  6265.43      1.5961  1.3510e-02  1.5040e-02  1.7030e-02  1.2120e-02  1.4600e-02
  6263.93      1.5964  1.3510e-02  1.5040e-02  1.7030e-02  1.2140e-02  1.4630e-02
  6262.43      1.5968  1.3520e-02  1.5050e-02  1.7040e-02  1.2240e-02  1.4740e-02
  6260.93      1.5972  1.3520e-02  1.5050e-02  1.7040e-02  1.2340e-02  1.4830e-02
  6259.43      1.5976  1.3530e-02  1.5060e-02  1.7050e-02  1.2360e-02  1.4860e-02
  6257.93      1.5980  1.3530e-02  1.5060e-02  1.7050e-02  1.2310e-02  1.4810e-02
  6256.43      1.5984  1.3530e-02  1.5060e-02  1.7060e-02  1.2300e-02  1.4800e-02
  6254.93      1.5987  1.3530e-02  1.5070e-02  1.7060e-02  1.2370e-02  1.4870e-02
  6253.43      1.5991  1.3530e-02  1.5070e-02  1.7060e-02  1.2370e-02  1.4870e-02
  6251.93      1.5995  1.3530e-02  1.5060e-02  1.7060e-02  1.2290e-02  1.4790e-02
  6250.43      1.5999  1.3530e-02  1.5060e-02  1.7060e-02  1.2240e-02  1.4730e-02
  6248.93      1.6003  1.3520e-02  1.5050e-02  1.7050e-02  1.2250e-02  1.4750e-02
  6247.43      1.6007  1.3510e-02  1.5050e-02  1.7040e-02  1.2230e-02  1.4730e-02
  6245.93      1.6010  1.3500e-02  1.5040e-02  1.7040e-02  1.2220e-02  1.4720e-02
  6244.43      1.6014  1.3500e-02  1.5030e-02  1.7030e-02  1.2230e-02  1.4730e-02
  6242.93      1.6018  1.3500e-02  1.5030e-02  1.7030e-02  1.2260e-02  1.4760e-02
  6241.43      1.6022  1.3490e-02  1.5030e-02  1.7030e-02  1.2260e-02  1.4760e-02
  6239.93      1.6026  1.3490e-02  1.5030e-02  1.7030e-02  1.2240e-02  1.4740e-02
  6238.43      1.6030  1.3500e-02  1.5030e-02  1.7030e-02  1.2240e-02  1.4740e-02
  6236.93      1.6034  1.3500e-02  1.5030e-02  1.7040e-02  1.2250e-02  1.4750e-02
  6235.43      1.6037  1.3500e-02  1.5040e-02  1.7050e-02  1.2230e-02  1.4730e-02
  6233.93      1.6041  1.3510e-02  1.5040e-02  1.7050e-02  1.2220e-02  1.4720e-02
  6232.43      1.6045  1.3510e-02  1.5050e-02  1.7050e-02  1.2240e-02  1.4750e-02
  6230.93      1.6049  1.3510e-02  1.5050e-02  1.7060e-02  1.2280e-02  1.4780e-02
  6229.43      1.6053  1.3510e-02  1.5050e-02  1.7060e-02  1.2310e-02  1.4810e-02
  6227.93      1.6057  1.3510e-02  1.5050e-02  1.7060e-02  1.2340e-02  1.4850e-02
  6226.43      1.6061  1.3500e-02  1.5040e-02  1.7050e-02  1.2340e-02  1.4850e-02
  6224.93      1.6064  1.3490e-02  1.5030e-02  1.7040e-02  1.2310e-02  1.4820e-02
  6223.43      1.6068  1.3490e-02  1.5030e-02  1.7040e-02  1.2280e-02  1.4790e-02
  6221.93      1.6072  1.3470e-02  1.5010e-02  1.7020e-02  1.2250e-02  1.4760e-02
  6220.43      1.6076  1.3450e-02  1.4990e-02  1.7000e-02  1.2200e-02  1.4710e-02
  6218.93      1.6080  1.3430e-02  1.4970e-02  1.6970e-02  1.2130e-02  1.4640e-02
  6217.43      1.6084  1.3390e-02  1.4940e-02  1.6950e-02  1.2070e-02  1.4580e-02
  6215.93      1.6088  1.3360e-02  1.4910e-02  1.6920e-02  1.2150e-02  1.4650e-02
  6214.43      1.6092  1.3330e-02  1.4880e-02  1.6890e-02  1.2230e-02  1.4740e-02
  6212.92      1.6095  1.3300e-02  1.4840e-02  1.6860e-02  1.2180e-02  1.4690e-02
  6211.42      1.6099  1.3270e-02  1.4810e-02  1.6830e-02  1.2080e-02  1.4590e-02
  6209.92      1.6103  1.3240e-02  1.4780e-02  1.6800e-02  1.2010e-02  1.4520e-02
  6208.42      1.6107  1.3210e-02  1.4760e-02  1.6770e-02  1.1920e-02  1.4430e-02
  6206.92      1.6111  1.3200e-02  1.4740e-02  1.6760e-02  1.1800e-02  1.4300e-02
  6205.42      1.6115  1.3180e-02  1.4730e-02  1.6740e-02  1.1750e-02  1.4250e-02
  6203.92      1.6119  1.3180e-02  1.4730e-02  1.6740e-02  1.1770e-02  1.4270e-02
  6202.42      1.6123  1.3190e-02  1.4740e-02  1.6760e-02  1.1800e-02  1.4310e-02
  6200.92      1.6127  1.3210e-02  1.4750e-02  1.6770e-02  1.1850e-02  1.4360e-02
  6199.42      1.6131  1.3230e-02  1.4780e-02  1.6800e-02  1.1940e-02  1.4440e-02
  6197.92      1.6134  1.3270e-02  1.4810e-02  1.6830e-02  1.2060e-02  1.4570e-02
  6196.42      1.6138  1.3300e-02  1.4840e-02  1.6860e-02  1.2140e-02  1.4650e-02
  6194.92      1.6142  1.3340e-02  1.4880e-02  1.6900e-02  1.2150e-02  1.4670e-02
  6193.42      1.6146  1.3370e-02  1.4920e-02  1.6940e-02  1.2170e-02  1.4680e-02
  6191.92      1.6150  1.3410e-02  1.4960e-02  1.6980e-02  1.2240e-02  1.4760e-02
  6190.42      1.6154  1.3420e-02  1.4970e-02  1.6990e-02  1.2280e-02  1.4800e-02
  6188.92      1.6158  1.3440e-02  1.4980e-02  1.7010e-02  1.2230e-02  1.4750e-02
  6187.42      1.6162  1.3440e-02  1.4990e-02  1.7010e-02  1.2240e-02  1.4760e-02
  6185.92      1.6166  1.3440e-02  1.4990e-02  1.7010e-02  1.2270e-02  1.4780e-02
  6184.42      1.6170  1.3430e-02  1.4980e-02  1.7000e-02  1.2300e-02  1.4820e-02
  6182.92      1.6174  1.3420e-02  1.4970e-02  1.7000e-02  1.2340e-02  1.4860e-02
  6181.42      1.6178  1.3400e-02  1.4950e-02  1.6980e-02  1.2300e-02  1.4820e-02
  6179.92      1.6181  1.3390e-02  1.4940e-02  1.6960e-02  1.2130e-02  1.4650e-02
  6178.42      1.6185  1.3360e-02  1.4910e-02  1.6940e-02  1.1910e-02  1.4430e-02
  6176.92      1.6189  1.3350e-02  1.4900e-02  1.6930e-02  1.1800e-02  1.4310e-02
  6175.42      1.6193  1.3340e-02  1.4890e-02  1.6920e-02  1.1890e-02  1.4410e-02
  6173.92      1.6197  1.3340e-02  1.4900e-02  1.6930e-02  1.2070e-02  1.4580e-02
  6172.42      1.6201  1.3350e-02  1.4900e-02  1.6940e-02  1.2220e-02  1.4740e-02
  6170.92      1.6205  1.3360e-02  1.4910e-02  1.6940e-02  1.2290e-02  1.4810e-02
  6169.42      1.6209  1.3360e-02  1.4910e-02  1.6950e-02  1.2220e-02  1.4750e-02
  6167.92      1.6213  1.3370e-02  1.4920e-02  1.6950e-02  1.2120e-02  1.4640e-02
  6166.42      1.6217  1.3370e-02  1.4920e-02  1.6960e-02  1.2050e-02  1.4580e-02
  6164.92      1.6221  1.3370e-02  1.4930e-02  1.6960e-02  1.2070e-02  1.4600e-02
  6163.42      1.6225  1.3370e-02  1.4930e-02  1.6960e-02  1.2170e-02  1.4690e-02
  6161.92      1.6229  1.3360e-02  1.4920e-02  1.6960e-02  1.2230e-02  1.4750e-02
  6160.42      1.6233  1.3350e-02  1.4910e-02  1.6940e-02  1.2220e-02  1.4750e-02
  6158.92      1.6237  1.3320e-02  1.4880e-02  1.6920e-02  1.2190e-02  1.4720e-02
  6157.42      1.6241  1.3290e-02  1.4850e-02  1.6890e-02  1.2170e-02  1.4700e-02
  6155.92      1.6245  1.3260e-02  1.4820e-02  1.6860e-02  1.2120e-02  1.4640e-02
  6154.42      1.6248  1.3230e-02  1.4780e-02  1.6820e-02  1.2020e-02  1.4550e-02
  6152.92      1.6252  1.3200e-02  1.4750e-02  1.6790e-02  1.1920e-02  1.4440e-02
  6151.42      1.6256  1.3170e-02  1.4720e-02  1.6770e-02  1.1820e-02  1.4350e-02
  6149.92      1.6260  1.3140e-02  1.4700e-02  1.6740e-02  1.1760e-02  1.4280e-02
  6148.42      1.6264  1.3120e-02  1.4680e-02  1.6720e-02  1.1730e-02  1.4250e-02
  6146.92      1.6268  1.3110e-02  1.4670e-02  1.6720e-02  1.1720e-02  1.4240e-02
  6145.42      1.6272  1.3110e-02  1.4670e-02  1.6710e-02  1.1720e-02  1.4240e-02
  6143.92      1.6276  1.3110e-02  1.4670e-02  1.6730e-02  1.1810e-02  1.4330e-02
  6142.42      1.6280  1.3130e-02  1.4690e-02  1.6740e-02  1.1920e-02  1.4440e-02
  6140.92      1.6284  1.3150e-02  1.4710e-02  1.6760e-02  1.1970e-02  1.4500e-02
  6139.42      1.6288  1.3170e-02  1.4730e-02  1.6770e-02  1.2010e-02  1.4540e-02
  6137.92      1.6292  1.3190e-02  1.4750e-02  1.6800e-02  1.2050e-02  1.4580e-02
  6136.42      1.6296  1.3200e-02  1.4760e-02  1.6810e-02  1.2050e-02  1.4580e-02
  6134.92      1.6300  1.3220e-02  1.4780e-02  1.6830e-02  1.2000e-02  1.4540e-02
  6133.42      1.6304  1.3220e-02  1.4780e-02  1.6830e-02  1.2010e-02  1.4540e-02
  6131.92      1.6308  1.3220e-02  1.4780e-02  1.6830e-02  1.1990e-02  1.4530e-02
  6130.42      1.6312  1.3210e-02  1.4780e-02  1.6830e-02  1.1970e-02  1.4500e-02
  6128.92      1.6316  1.3210e-02  1.4770e-02  1.6820e-02  1.1990e-02  1.4520e-02
  6127.42      1.6320  1.3200e-02  1.4760e-02  1.6820e-02  1.2040e-02  1.4580e-02
  6125.92      1.6324  1.3200e-02  1.4760e-02  1.6810e-02  1.2060e-02  1.4590e-02
  6124.42      1.6328  1.3180e-02  1.4750e-02  1.6800e-02  1.2000e-02  1.4530e-02
  6122.92      1.6332  1.3180e-02  1.4740e-02  1.6800e-02  1.1890e-02  1.4420e-02
  6121.42      1.6336  1.3170e-02  1.4730e-02  1.6790e-02  1.1790e-02  1.4320e-02
  6119.92      1.6340  1.3160e-02  1.4730e-02  1.6780e-02  1.1750e-02  1.4280e-02
  6118.42      1.6344  1.3160e-02  1.4730e-02  1.6780e-02  1.1820e-02  1.4350e-02
  6116.92      1.6348  1.3160e-02  1.4730e-02  1.6790e-02  1.1950e-02  1.4480e-02
  6115.42      1.6352  1.3160e-02  1.4730e-02  1.6790e-02  1.2040e-02  1.4580e-02
  6113.92      1.6356  1.3160e-02  1.4730e-02  1.6790e-02  1.2090e-02  1.4630e-02
  6112.42      1.6360  1.3160e-02  1.4730e-02  1.6780e-02  1.2070e-02  1.4610e-02
  6110.92      1.6364  1.3150e-02  1.4720e-02  1.6780e-02  1.1960e-02  1.4500e-02
  6109.42      1.6368  1.3150e-02  1.4710e-02  1.6780e-02  1.1840e-02  1.4380e-02
  6107.92      1.6372  1.3140e-02  1.4710e-02  1.6770e-02  1.1820e-02  1.4360e-02
  6106.42      1.6376  1.3140e-02  1.4710e-02  1.6770e-02  1.1870e-02  1.4400e-02
  6104.92      1.6380  1.3130e-02  1.4700e-02  1.6770e-02  1.1880e-02  1.4420e-02
  6103.42      1.6384  1.3130e-02  1.4700e-02  1.6760e-02  1.1850e-02  1.4390e-02
  6101.92      1.6388  1.3130e-02  1.4700e-02  1.6760e-02  1.1870e-02  1.4410e-02
  6100.42      1.6392  1.3130e-02  1.4700e-02  1.6760e-02  1.1920e-02  1.4460e-02
  6098.92      1.6396  1.3130e-02  1.4700e-02  1.6770e-02  1.1910e-02  1.4450e-02
  6097.42      1.6400  1.3140e-02  1.4710e-02  1.6780e-02  1.1880e-02  1.4420e-02
  6095.92      1.6404  1.3150e-02  1.4720e-02  1.6790e-02  1.1920e-02  1.4460e-02
  6094.42      1.6408  1.3160e-02  1.4740e-02  1.6800e-02  1.1940e-02  1.4490e-02
  6092.92      1.6413  1.3170e-02  1.4740e-02  1.6810e-02  1.1880e-02  1.4420e-02
  6091.42      1.6417  1.3180e-02  1.4750e-02  1.6820e-02  1.1820e-02  1.4360e-02
  6089.92      1.6421  1.3190e-02  1.4760e-02  1.6830e-02  1.1920e-02  1.4470e-02
  6088.42      1.6425  1.3190e-02  1.4770e-02  1.6840e-02  1.2100e-02  1.4650e-02
  6086.92      1.6429  1.3190e-02  1.4760e-02  1.6830e-02  1.2180e-02  1.4730e-02
  6085.42      1.6433  1.3180e-02  1.4750e-02  1.6820e-02  1.2130e-02  1.4680e-02
  6083.92      1.6437  1.3160e-02  1.4730e-02  1.6800e-02  1.2030e-02  1.4580e-02
  6082.42      1.6441  1.3140e-02  1.4720e-02  1.6790e-02  1.1930e-02  1.4480e-02
  6080.92      1.6445  1.3120e-02  1.4700e-02  1.6770e-02  1.1880e-02  1.4430e-02
  6079.42      1.6449  1.3120e-02  1.4690e-02  1.6770e-02  1.1850e-02  1.4400e-02
  6077.92      1.6453  1.3100e-02  1.4680e-02  1.6760e-02  1.1770e-02  1.4320e-02
  6076.42      1.6457  1.3100e-02  1.4680e-02  1.6750e-02  1.1670e-02  1.4210e-02
  6074.91      1.6461  1.3100e-02  1.4680e-02  1.6750e-02  1.1610e-02  1.4150e-02
  6073.41      1.6465  1.3110e-02  1.4690e-02  1.6770e-02  1.1660e-02  1.4210e-02
  6071.91      1.6469  1.3120e-02  1.4700e-02  1.6780e-02  1.1810e-02  1.4350e-02
  6070.41      1.6473  1.3140e-02  1.4720e-02  1.6800e-02  1.1980e-02  1.4530e-02
  6068.91      1.6477  1.3150e-02  1.4730e-02  1.6810e-02  1.2120e-02  1.4670e-02
  6067.41      1.6481  1.3160e-02  1.4740e-02  1.6820e-02  1.2170e-02  1.4730e-02
  6065.91      1.6486  1.3160e-02  1.4740e-02  1.6820e-02  1.2160e-02  1.4710e-02
  6064.41      1.6490  1.3140e-02  1.4720e-02  1.6800e-02  1.2100e-02  1.4660e-02
  6062.91      1.6494  1.3120e-02  1.4700e-02  1.6790e-02  1.2030e-02  1.4580e-02
  6061.41      1.6498  1.3090e-02  1.4680e-02  1.6760e-02  1.1910e-02  1.4470e-02
  6059.91      1.6502  1.3060e-02  1.4650e-02  1.6730e-02  1.1810e-02  1.4360e-02
  6058.41      1.6506  1.3030e-02  1.4620e-02  1.6700e-02  1.1740e-02  1.4290e-02
  6056.91      1.6510  1.2990e-02  1.4580e-02  1.6660e-02  1.1670e-02  1.4220e-02
  6055.41      1.6514  1.2970e-02  1.4550e-02  1.6640e-02  1.1560e-02  1.4110e-02
  6053.91      1.6518  1.2950e-02  1.4530e-02  1.6620e-02  1.1490e-02  1.4040e-02
  6052.41      1.6522  1.2940e-02  1.4520e-02  1.6610e-02  1.1530e-02  1.4080e-02
  6050.91      1.6526  1.2940e-02  1.4520e-02  1.6610e-02  1.1660e-02  1.4210e-02
  6049.41      1.6531  1.2940e-02  1.4530e-02  1.6620e-02  1.1780e-02  1.4330e-02
  6047.91      1.6535  1.2960e-02  1.4540e-02  1.6630e-02  1.1830e-02  1.4390e-02
  6046.41      1.6539  1.2970e-02  1.4560e-02  1.6650e-02  1.1830e-02  1.4390e-02
  6044.91      1.6543  1.2980e-02  1.4560e-02  1.6650e-02  1.1830e-02  1.4390e-02
  6043.41      1.6547  1.2990e-02  1.4570e-02  1.6660e-02  1.1820e-02  1.4380e-02
  6041.91      1.6551  1.2990e-02  1.4570e-02  1.6670e-02  1.1760e-02  1.4320e-02
  6040.41      1.6555  1.2990e-02  1.4570e-02  1.6670e-02  1.1720e-02  1.4280e-02
  6038.91      1.6559  1.2990e-02  1.4570e-02  1.6670e-02  1.1770e-02  1.4330e-02
  6037.41      1.6563  1.2980e-02  1.4570e-02  1.6670e-02  1.1900e-02  1.4460e-02
  6035.91      1.6568  1.2970e-02  1.4570e-02  1.6660e-02  1.1900e-02  1.4470e-02
  6034.41      1.6572  1.2970e-02  1.4550e-02  1.6650e-02  1.1770e-02  1.4330e-02
  6032.91      1.6576  1.2950e-02  1.4540e-02  1.6640e-02  1.1600e-02  1.4160e-02
  6031.41      1.6580  1.2940e-02  1.4530e-02  1.6630e-02  1.1530e-02  1.4090e-02
  6029.91      1.6584  1.2930e-02  1.4520e-02  1.6620e-02  1.1610e-02  1.4170e-02
  6028.41      1.6588  1.2930e-02  1.4520e-02  1.6620e-02  1.1720e-02  1.4280e-02
  6026.91      1.6592  1.2930e-02  1.4520e-02  1.6620e-02  1.1760e-02  1.4330e-02
  6025.41      1.6596  1.2930e-02  1.4520e-02  1.6620e-02  1.1790e-02  1.4360e-02
  6023.91      1.6601  1.2930e-02  1.4520e-02  1.6620e-02  1.1830e-02  1.4400e-02
  6022.41      1.6605  1.2920e-02  1.4510e-02  1.6620e-02  1.1800e-02  1.4370e-02
  6020.91      1.6609  1.2920e-02  1.4510e-02  1.6610e-02  1.1650e-02  1.4220e-02
  6019.41      1.6613  1.2910e-02  1.4510e-02  1.6610e-02  1.1520e-02  1.4080e-02
  6017.91      1.6617  1.2910e-02  1.4510e-02  1.6610e-02  1.1580e-02  1.4140e-02
  6016.41      1.6621  1.2910e-02  1.4510e-02  1.6610e-02  1.1710e-02  1.4280e-02
  6014.91      1.6625  1.2910e-02  1.4500e-02  1.6610e-02  1.1780e-02  1.4350e-02
  6013.41      1.6629  1.2900e-02  1.4500e-02  1.6610e-02  1.1790e-02  1.4360e-02
  6011.91      1.6634  1.2900e-02  1.4490e-02  1.6590e-02  1.1730e-02  1.4300e-02
  6010.41      1.6638  1.2880e-02  1.4480e-02  1.6590e-02  1.1650e-02  1.4220e-02
  6008.91      1.6642  1.2870e-02  1.4460e-02  1.6570e-02  1.1620e-02  1.4190e-02
  6007.41      1.6646  1.2860e-02  1.4450e-02  1.6570e-02  1.1640e-02  1.4210e-02
  6005.91      1.6650  1.2840e-02  1.4440e-02  1.6550e-02  1.1650e-02  1.4220e-02
  6004.41      1.6654  1.2830e-02  1.4430e-02  1.6540e-02  1.1640e-02  1.4210e-02
  6002.91      1.6659  1.2810e-02  1.4410e-02  1.6520e-02  1.1650e-02  1.4220e-02
  6001.41      1.6663  1.2800e-02  1.4390e-02  1.6510e-02  1.1650e-02  1.4220e-02
  5999.91      1.6667  1.2770e-02  1.4370e-02  1.6480e-02  1.1560e-02  1.4130e-02
  5998.41      1.6671  1.2750e-02  1.4340e-02  1.6470e-02  1.1450e-02  1.4020e-02
  5996.91      1.6675  1.2730e-02  1.4330e-02  1.6440e-02  1.1420e-02  1.3990e-02
  5995.41      1.6679  1.2700e-02  1.4300e-02  1.6430e-02  1.1490e-02  1.4060e-02
  5993.91      1.6684  1.2690e-02  1.4290e-02  1.6400e-02  1.1550e-02  1.4120e-02
  5992.41      1.6688  1.2660e-02  1.4260e-02  1.6380e-02  1.1540e-02  1.4110e-02
  5990.91      1.6692  1.2640e-02  1.4250e-02  1.6360e-02  1.1480e-02  1.4050e-02
  5989.41      1.6696  1.2610e-02  1.4210e-02  1.6340e-02  1.1440e-02  1.4010e-02
  5987.91      1.6700  1.2590e-02  1.4190e-02  1.6320e-02  1.1360e-02  1.3930e-02
  5986.41      1.6705  1.2570e-02  1.4170e-02  1.6290e-02  1.1270e-02  1.3840e-02
  5984.91      1.6709  1.2560e-02  1.4160e-02  1.6280e-02  1.1220e-02  1.3790e-02
  5983.41      1.6713  1.2540e-02  1.4140e-02  1.6260e-02  1.1250e-02  1.3820e-02
  5981.91      1.6717  1.2530e-02  1.4130e-02  1.6250e-02  1.1340e-02  1.3910e-02
  5980.41      1.6721  1.2530e-02  1.4130e-02  1.6250e-02  1.1390e-02  1.3960e-02
  5978.91      1.6725  1.2520e-02  1.4120e-02  1.6250e-02  1.1350e-02  1.3920e-02
  5977.41      1.6730  1.2520e-02  1.4120e-02  1.6250e-02  1.1270e-02  1.3840e-02
  5975.91      1.6734  1.2530e-02  1.4130e-02  1.6260e-02  1.1200e-02  1.3770e-02
  5974.41      1.6738  1.2530e-02  1.4130e-02  1.6260e-02  1.1200e-02  1.3770e-02
  5972.91      1.6742  1.2540e-02  1.4150e-02  1.6280e-02  1.1250e-02  1.3820e-02
  5971.41      1.6746  1.2550e-02  1.4160e-02  1.6280e-02  1.1340e-02  1.3910e-02
  5969.91      1.6751  1.2570e-02  1.4170e-02  1.6300e-02  1.1460e-02  1.4040e-02
  5968.41      1.6755  1.2580e-02  1.4180e-02  1.6310e-02  1.1520e-02  1.4100e-02
  5966.91      1.6759  1.2580e-02  1.4180e-02  1.6320e-02  1.1490e-02  1.4070e-02
  5965.41      1.6763  1.2580e-02  1.4180e-02  1.6320e-02  1.1460e-02  1.4030e-02
  5963.91      1.6768  1.2580e-02  1.4180e-02  1.6320e-02  1.1400e-02  1.3980e-02
  5962.41      1.6772  1.2570e-02  1.4180e-02  1.6310e-02  1.1340e-02  1.3910e-02
  5960.91      1.6776  1.2570e-02  1.4170e-02  1.6310e-02  1.1290e-02  1.3870e-02
  5959.41      1.6780  1.2560e-02  1.4170e-02  1.6300e-02  1.1280e-02  1.3860e-02
  5957.91      1.6784  1.2550e-02  1.4160e-02  1.6300e-02  1.1350e-02  1.3930e-02
  5956.41      1.6789  1.2540e-02  1.4150e-02  1.6280e-02  1.1380e-02  1.3960e-02
  5954.91      1.6793  1.2520e-02  1.4130e-02  1.6270e-02  1.1330e-02  1.3910e-02
  5953.41      1.6797  1.2520e-02  1.4120e-02  1.6260e-02  1.1290e-02  1.3870e-02
  5951.91      1.6801  1.2500e-02  1.4110e-02  1.6250e-02  1.1310e-02  1.3890e-02
  5950.41      1.6806  1.2490e-02  1.4100e-02  1.6240e-02  1.1350e-02  1.3930e-02
  5948.91      1.6810  1.2470e-02  1.4080e-02  1.6220e-02  1.1330e-02  1.3910e-02
  5947.41      1.6814  1.2460e-02  1.4070e-02  1.6220e-02  1.1280e-02  1.3870e-02
  5945.91      1.6818  1.2450e-02  1.4060e-02  1.6200e-02  1.1250e-02  1.3830e-02
  5944.40      1.6823  1.2440e-02  1.4050e-02  1.6180e-02  1.1220e-02  1.3800e-02
  5942.90      1.6827  1.2420e-02  1.4030e-02  1.6180e-02  1.1180e-02  1.3770e-02
  5941.40      1.6831  1.2410e-02  1.4020e-02  1.6160e-02  1.1140e-02  1.3720e-02
  5939.90      1.6835  1.2400e-02  1.4010e-02  1.6160e-02  1.1110e-02  1.3700e-02
  5938.40      1.6840  1.2390e-02  1.4000e-02  1.6140e-02  1.1140e-02  1.3720e-02
  5936.90      1.6844  1.2380e-02  1.3990e-02  1.6140e-02  1.1180e-02  1.3760e-02
  5935.40      1.6848  1.2360e-02  1.3980e-02  1.6120e-02  1.1210e-02  1.3790e-02
  5933.90      1.6852  1.2360e-02  1.3970e-02  1.6120e-02  1.1260e-02  1.3840e-02
  5932.40      1.6857  1.2340e-02  1.3960e-02  1.6110e-02  1.1260e-02  1.3850e-02
  5930.90      1.6861  1.2340e-02  1.3940e-02  1.6090e-02  1.1210e-02  1.3790e-02
  5929.40      1.6865  1.2320e-02  1.3940e-02  1.6090e-02  1.1170e-02  1.3760e-02
  5927.90      1.6869  1.2310e-02  1.3930e-02  1.6080e-02  1.1090e-02  1.3670e-02
  5926.40      1.6874  1.2310e-02  1.3920e-02  1.6080e-02  1.0960e-02  1.3540e-02
  5924.90      1.6878  1.2310e-02  1.3920e-02  1.6080e-02  1.0870e-02  1.3460e-02
  5923.40      1.6882  1.2310e-02  1.3930e-02  1.6080e-02  1.0940e-02  1.3520e-02
  5921.90      1.6886  1.2330e-02  1.3940e-02  1.6100e-02  1.1100e-02  1.3680e-02
  5920.40      1.6891  1.2330e-02  1.3950e-02  1.6100e-02  1.1220e-02  1.3800e-02
  5918.90      1.6895  1.2350e-02  1.3960e-02  1.6120e-02  1.1240e-02  1.3830e-02
  5917.40      1.6899  1.2350e-02  1.3970e-02  1.6130e-02  1.1240e-02  1.3830e-02
  5915.90      1.6904  1.2360e-02  1.3980e-02  1.6130e-02  1.1200e-02  1.3790e-02
  5914.40      1.6908  1.2360e-02  1.3980e-02  1.6130e-02  1.1200e-02  1.3790e-02
  5912.90      1.6912  1.2360e-02  1.3980e-02  1.6130e-02  1.1250e-02  1.3840e-02
  5911.40      1.6916  1.2350e-02  1.3970e-02  1.6130e-02  1.1290e-02  1.3880e-02
  5909.90      1.6921  1.2340e-02  1.3960e-02  1.6120e-02  1.1280e-02  1.3870e-02
  5908.40      1.6925  1.2310e-02  1.3930e-02  1.6090e-02  1.1200e-02  1.3790e-02
  5906.90      1.6929  1.2290e-02  1.3910e-02  1.6070e-02  1.1060e-02  1.3650e-02
  5905.40      1.6934  1.2260e-02  1.3880e-02  1.6050e-02  1.0920e-02  1.3510e-02
  5903.90      1.6938  1.2250e-02  1.3870e-02  1.6020e-02  1.0870e-02  1.3460e-02
  5902.40      1.6942  1.2230e-02  1.3850e-02  1.6020e-02  1.0950e-02  1.3540e-02
  5900.90      1.6947  1.2220e-02  1.3840e-02  1.6010e-02  1.1040e-02  1.3630e-02
  5899.40      1.6951  1.2220e-02  1.3840e-02  1.6010e-02  1.1020e-02  1.3610e-02
  5897.90      1.6955  1.2220e-02  1.3840e-02  1.6010e-02  1.1010e-02  1.3600e-02
  5896.40      1.6959  1.2220e-02  1.3840e-02  1.6010e-02  1.1040e-02  1.3640e-02
  5894.90      1.6964  1.2220e-02  1.3850e-02  1.6010e-02  1.1050e-02  1.3640e-02
  5893.40      1.6968  1.2230e-02  1.3850e-02  1.6020e-02  1.0980e-02  1.3580e-02
  5891.90      1.6972  1.2240e-02  1.3860e-02  1.6030e-02  1.0980e-02  1.3570e-02
  5890.40      1.6977  1.2250e-02  1.3880e-02  1.6040e-02  1.1070e-02  1.3660e-02
  5888.90      1.6981  1.2250e-02  1.3880e-02  1.6050e-02  1.1180e-02  1.3780e-02
  5887.40      1.6985  1.2260e-02  1.3880e-02  1.6060e-02  1.1200e-02  1.3810e-02
  5885.90      1.6990  1.2260e-02  1.3890e-02  1.6060e-02  1.1150e-02  1.3750e-02
  5884.40      1.6994  1.2260e-02  1.3890e-02  1.6060e-02  1.1050e-02  1.3650e-02
  5882.90      1.6998  1.2260e-02  1.3890e-02  1.6060e-02  1.0990e-02  1.3580e-02
  5881.40      1.7003  1.2260e-02  1.3890e-02  1.6060e-02  1.1000e-02  1.3600e-02
  5879.90      1.7007  1.2260e-02  1.3890e-02  1.6060e-02  1.1080e-02  1.3680e-02
  5878.40      1.7011  1.2260e-02  1.3890e-02  1.6060e-02  1.1080e-02  1.3680e-02
  5876.90      1.7016  1.2260e-02  1.3880e-02  1.6060e-02  1.1010e-02  1.3610e-02
  5875.40      1.7020  1.2250e-02  1.3880e-02  1.6060e-02  1.1030e-02  1.3640e-02
  5873.90      1.7024  1.2240e-02  1.3870e-02  1.6050e-02  1.1150e-02  1.3760e-02
  5872.40      1.7029  1.2240e-02  1.3870e-02  1.6050e-02  1.1230e-02  1.3830e-02
  5870.90      1.7033  1.2230e-02  1.3860e-02  1.6040e-02  1.1170e-02  1.3770e-02
  5869.40      1.7038  1.2220e-02  1.3850e-02  1.6030e-02  1.1050e-02  1.3650e-02
  5867.90      1.7042  1.2210e-02  1.3840e-02  1.6020e-02  1.0960e-02  1.3560e-02
  5866.40      1.7046  1.2200e-02  1.3830e-02  1.6020e-02  1.0900e-02  1.3510e-02
  5864.90      1.7051  1.2200e-02  1.3830e-02  1.6010e-02  1.0880e-02  1.3490e-02
  5863.40      1.7055  1.2200e-02  1.3830e-02  1.6010e-02  1.0940e-02  1.3540e-02
  5861.90      1.7059  1.2200e-02  1.3840e-02  1.6020e-02  1.1010e-02  1.3610e-02
  5860.40      1.7064  1.2210e-02  1.3840e-02  1.6030e-02  1.1030e-02  1.3640e-02
  5858.90      1.7068  1.2220e-02  1.3850e-02  1.6040e-02  1.1020e-02  1.3620e-02
  5857.40      1.7072  1.2230e-02  1.3860e-02  1.6050e-02  1.1010e-02  1.3610e-02
  5855.90      1.7077  1.2240e-02  1.3870e-02  1.6060e-02  1.1040e-02  1.3650e-02
  5854.40      1.7081  1.2260e-02  1.3900e-02  1.6080e-02  1.1110e-02  1.3720e-02
  5852.90      1.7086  1.2270e-02  1.3910e-02  1.6100e-02  1.1170e-02  1.3780e-02
  5851.40      1.7090  1.2290e-02  1.3930e-02  1.6120e-02  1.1210e-02  1.3820e-02
  5849.90      1.7094  1.2300e-02  1.3930e-02  1.6120e-02  1.1190e-02  1.3810e-02
  5848.40      1.7099  1.2300e-02  1.3940e-02  1.6130e-02  1.1120e-02  1.3730e-02
  5846.90      1.7103  1.2300e-02  1.3940e-02  1.6130e-02  1.1040e-02  1.3650e-02
  5845.40      1.7107  1.2300e-02  1.3940e-02  1.6130e-02  1.1060e-02  1.3670e-02
  5843.90      1.7112  1.2300e-02  1.3940e-02  1.6130e-02  1.1160e-02  1.3770e-02
  5842.40      1.7116  1.2300e-02  1.3940e-02  1.6130e-02  1.1250e-02  1.3860e-02
  5840.90      1.7121  1.2290e-02  1.3920e-02  1.6120e-02  1.1240e-02  1.3860e-02
  5839.40      1.7125  1.2280e-02  1.3920e-02  1.6110e-02  1.1120e-02  1.3740e-02
  5837.90      1.7129  1.2260e-02  1.3900e-02  1.6100e-02  1.1030e-02  1.3650e-02
  5836.40      1.7134  1.2250e-02  1.3890e-02  1.6090e-02  1.1020e-02  1.3630e-02
  5834.90      1.7138  1.2230e-02  1.3870e-02  1.6070e-02  1.1030e-02  1.3640e-02
  5833.40      1.7143  1.2210e-02  1.3850e-02  1.6050e-02  1.1020e-02  1.3640e-02
  5831.90      1.7147  1.2190e-02  1.3830e-02  1.6030e-02  1.1020e-02  1.3630e-02
  5830.40      1.7151  1.2170e-02  1.3810e-02  1.6010e-02  1.1010e-02  1.3630e-02
  5828.90      1.7156  1.2150e-02  1.3790e-02  1.6000e-02  1.1030e-02  1.3650e-02
  5827.40      1.7160  1.2120e-02  1.3770e-02  1.5970e-02  1.1050e-02  1.3670e-02
  5825.90      1.7165  1.2110e-02  1.3750e-02  1.5960e-02  1.1000e-02  1.3620e-02
  5824.40      1.7169  1.2090e-02  1.3730e-02  1.5930e-02  1.0880e-02  1.3500e-02
  5822.90      1.7174  1.2080e-02  1.3720e-02  1.5920e-02  1.0780e-02  1.3400e-02
  5821.40      1.7178  1.2060e-02  1.3700e-02  1.5910e-02  1.0750e-02  1.3370e-02
  5819.90      1.7182  1.2050e-02  1.3690e-02  1.5900e-02  1.0790e-02  1.3410e-02
  5818.40      1.7187  1.2050e-02  1.3690e-02  1.5900e-02  1.0840e-02  1.3460e-02
  5816.90      1.7191  1.2050e-02  1.3690e-02  1.5900e-02  1.0860e-02  1.3480e-02
  5815.40      1.7196  1.2050e-02  1.3690e-02  1.5900e-02  1.0860e-02  1.3480e-02
  5813.90      1.7200  1.2060e-02  1.3700e-02  1.5910e-02  1.0890e-02  1.3510e-02
  5812.40      1.7205  1.2070e-02  1.3710e-02  1.5920e-02  1.0950e-02  1.3570e-02
  5810.90      1.7209  1.2090e-02  1.3730e-02  1.5940e-02  1.0980e-02  1.3600e-02
  5809.40      1.7213  1.2110e-02  1.3740e-02  1.5950e-02  1.0970e-02  1.3590e-02
  5807.90      1.7218  1.2110e-02  1.3760e-02  1.5970e-02  1.0890e-02  1.3520e-02
  5806.39      1.7222  1.2130e-02  1.3770e-02  1.5990e-02  1.0840e-02  1.3460e-02
  5804.89      1.7227  1.2130e-02  1.3780e-02  1.6000e-02  1.0870e-02  1.3490e-02
  5803.39      1.7231  1.2150e-02  1.3800e-02  1.6010e-02  1.0990e-02  1.3610e-02
  5801.89      1.7236  1.2160e-02  1.3810e-02  1.6020e-02  1.1140e-02  1.3770e-02
  5800.39      1.7240  1.2170e-02  1.3820e-02  1.6040e-02  1.1200e-02  1.3830e-02
  5798.89      1.7245  1.2170e-02  1.3820e-02  1.6040e-02  1.1110e-02  1.3740e-02
  5797.39      1.7249  1.2170e-02  1.3820e-02  1.6040e-02  1.1030e-02  1.3650e-02
  5795.89      1.7254  1.2170e-02  1.3820e-02  1.6040e-02  1.0950e-02  1.3580e-02
  5794.39      1.7258  1.2170e-02  1.3820e-02  1.6040e-02  1.0870e-02  1.3500e-02
  5792.89      1.7263  1.2160e-02  1.3810e-02  1.6040e-02  1.0850e-02  1.3480e-02
  5791.39      1.7267  1.2160e-02  1.3810e-02  1.6040e-02  1.0950e-02  1.3580e-02
  5789.89      1.7271  1.2150e-02  1.3800e-02  1.6020e-02  1.1110e-02  1.3750e-02
  5788.39      1.7276  1.2140e-02  1.3790e-02  1.6020e-02  1.1170e-02  1.3800e-02
  5786.89      1.7280  1.2110e-02  1.3760e-02  1.5990e-02  1.1090e-02  1.3730e-02
  5785.39      1.7285  1.2090e-02  1.3740e-02  1.5970e-02  1.1020e-02  1.3650e-02
  5783.89      1.7289  1.2060e-02  1.3710e-02  1.5940e-02  1.0960e-02  1.3600e-02
  5782.39      1.7294  1.2030e-02  1.3690e-02  1.5920e-02  1.0870e-02  1.3510e-02
  5780.89      1.7298  1.2010e-02  1.3660e-02  1.5890e-02  1.0750e-02  1.3380e-02
  5779.39      1.7303  1.1980e-02  1.3630e-02  1.5860e-02  1.0690e-02  1.3320e-02
  5777.89      1.7307  1.1960e-02  1.3620e-02  1.5850e-02  1.0700e-02  1.3330e-02
  5776.39      1.7312  1.1950e-02  1.3600e-02  1.5830e-02  1.0740e-02  1.3370e-02
  5774.89      1.7316  1.1940e-02  1.3600e-02  1.5830e-02  1.0750e-02  1.3380e-02
  5773.39      1.7321  1.1950e-02  1.3600e-02  1.5840e-02  1.0720e-02  1.3350e-02
  5771.89      1.7325  1.1960e-02  1.3610e-02  1.5850e-02  1.0680e-02  1.3310e-02
  5770.39      1.7330  1.1980e-02  1.3640e-02  1.5870e-02  1.0690e-02  1.3320e-02
  5768.89      1.7334  1.2010e-02  1.3660e-02  1.5900e-02  1.0760e-02  1.3390e-02
  5767.39      1.7339  1.2030e-02  1.3690e-02  1.5920e-02  1.0850e-02  1.3480e-02
  5765.89      1.7343  1.2050e-02  1.3710e-02  1.5950e-02  1.0930e-02  1.3560e-02
  5764.39      1.7348  1.2070e-02  1.3730e-02  1.5970e-02  1.1010e-02  1.3650e-02
  5762.89      1.7352  1.2100e-02  1.3760e-02  1.6000e-02  1.1120e-02  1.3760e-02
  5761.39      1.7357  1.2110e-02  1.3770e-02  1.6010e-02  1.1220e-02  1.3860e-02
  5759.89      1.7361  1.2120e-02  1.3780e-02  1.6020e-02  1.1190e-02  1.3840e-02
  5758.39      1.7366  1.2120e-02  1.3780e-02  1.6020e-02  1.1050e-02  1.3690e-02
  5756.89      1.7370  1.2110e-02  1.3770e-02  1.6020e-02  1.0870e-02  1.3510e-02
  5755.39      1.7375  1.2110e-02  1.3770e-02  1.6010e-02  1.0720e-02  1.3360e-02
  5753.89      1.7380  1.2110e-02  1.3770e-02  1.6010e-02  1.0720e-02  1.3350e-02
  5752.39      1.7384  1.2110e-02  1.3770e-02  1.6020e-02  1.0820e-02  1.3460e-02
  5750.89      1.7389  1.2110e-02  1.3770e-02  1.6020e-02  1.0960e-02  1.3600e-02
  5749.39      1.7393  1.2120e-02  1.3790e-02  1.6030e-02  1.1090e-02  1.3740e-02
  5747.89      1.7398  1.2130e-02  1.3790e-02  1.6040e-02  1.1110e-02  1.3760e-02
  5746.39      1.7402  1.2130e-02  1.3800e-02  1.6040e-02  1.1030e-02  1.3670e-02
  5744.89      1.7407  1.2140e-02  1.3800e-02  1.6050e-02  1.0950e-02  1.3600e-02
  5743.39      1.7411  1.2150e-02  1.3810e-02  1.6060e-02  1.0970e-02  1.3620e-02
  5741.89      1.7416  1.2160e-02  1.3820e-02  1.6070e-02  1.1000e-02  1.3650e-02
  5740.39      1.7420  1.2160e-02  1.3820e-02  1.6080e-02  1.1030e-02  1.3680e-02
  5738.89      1.7425  1.2160e-02  1.3830e-02  1.6080e-02  1.1080e-02  1.3730e-02
  5737.39      1.7430  1.2160e-02  1.3830e-02  1.6080e-02  1.1100e-02  1.3750e-02
  5735.89      1.7434  1.2150e-02  1.3820e-02  1.6070e-02  1.1030e-02  1.3680e-02
  5734.39      1.7439  1.2140e-02  1.3810e-02  1.6060e-02  1.0950e-02  1.3600e-02
  5732.89      1.7443  1.2120e-02  1.3790e-02  1.6050e-02  1.0930e-02  1.3580e-02
  5731.39      1.7448  1.2110e-02  1.3780e-02  1.6040e-02  1.0950e-02  1.3610e-02
  5729.89      1.7452  1.2090e-02  1.3760e-02  1.6020e-02  1.0980e-02  1.3630e-02
  5728.39      1.7457  1.2070e-02  1.3740e-02  1.6010e-02  1.1000e-02  1.3660e-02
  5726.89      1.7461  1.2050e-02  1.3720e-02  1.5980e-02  1.1030e-02  1.3680e-02
  5725.39      1.7466  1.2030e-02  1.3700e-02  1.5960e-02  1.1000e-02  1.3660e-02
  5723.89      1.7471  1.2000e-02  1.3670e-02  1.5940e-02  1.0880e-02  1.3540e-02
  5722.39      1.7475  1.1970e-02  1.3640e-02  1.5910e-02  1.0720e-02  1.3370e-02
  5720.89      1.7480  1.1960e-02  1.3630e-02  1.5900e-02  1.0630e-02  1.3280e-02
  5719.39      1.7484  1.1950e-02  1.3620e-02  1.5880e-02  1.0640e-02  1.3290e-02
  5717.89      1.7489  1.1950e-02  1.3620e-02  1.5880e-02  1.0710e-02  1.3360e-02
  5716.39      1.7494  1.1950e-02  1.3620e-02  1.5890e-02  1.0800e-02  1.3450e-02
  5714.89      1.7498  1.1970e-02  1.3640e-02  1.5910e-02  1.0850e-02  1.3500e-02
  5713.39      1.7503  1.1980e-02  1.3650e-02  1.5920e-02  1.0850e-02  1.3500e-02
  5711.89      1.7507  1.2010e-02  1.3680e-02  1.5950e-02  1.0800e-02  1.3460e-02
  5710.39      1.7512  1.2040e-02  1.3710e-02  1.5990e-02  1.0770e-02  1.3430e-02
  5708.89      1.7517  1.2080e-02  1.3750e-02  1.6020e-02  1.0820e-02  1.3470e-02
  5707.39      1.7521  1.2130e-02  1.3800e-02  1.6070e-02  1.0930e-02  1.3590e-02
  5705.89      1.7526  1.2170e-02  1.3840e-02  1.6110e-02  1.1070e-02  1.3730e-02
  5704.39      1.7530  1.2190e-02  1.3870e-02  1.6140e-02  1.1160e-02  1.3830e-02
  5702.89      1.7535  1.2220e-02  1.3890e-02  1.6170e-02  1.1200e-02  1.3870e-02
  5701.39      1.7540  1.2240e-02  1.3910e-02  1.6190e-02  1.1250e-02  1.3920e-02
  5699.89      1.7544  1.2240e-02  1.3920e-02  1.6190e-02  1.1330e-02  1.4000e-02
  5698.39      1.7549  1.2240e-02  1.3910e-02  1.6190e-02  1.1320e-02  1.3990e-02
  5696.89      1.7553  1.2230e-02  1.3900e-02  1.6180e-02  1.1190e-02  1.3860e-02
  5695.39      1.7558  1.2200e-02  1.3880e-02  1.6160e-02  1.1060e-02  1.3730e-02
  5693.89      1.7563  1.2180e-02  1.3860e-02  1.6140e-02  1.0970e-02  1.3640e-02
  5692.39      1.7567  1.2150e-02  1.3830e-02  1.6110e-02  1.0930e-02  1.3590e-02
  5690.89      1.7572  1.2130e-02  1.3810e-02  1.6090e-02  1.0900e-02  1.3570e-02
  5689.39      1.7577  1.2100e-02  1.3780e-02  1.6070e-02  1.0900e-02  1.3570e-02
  5687.89      1.7581  1.2080e-02  1.3760e-02  1.6040e-02  1.0910e-02  1.3580e-02
  5686.39      1.7586  1.2060e-02  1.3740e-02  1.6030e-02  1.0910e-02  1.3580e-02
  5684.89      1.7591  1.2040e-02  1.3720e-02  1.6010e-02  1.0910e-02  1.3580e-02
  5683.39      1.7595  1.2040e-02  1.3720e-02  1.6010e-02  1.0920e-02  1.3590e-02
  5681.89      1.7600  1.2030e-02  1.3710e-02  1.6000e-02  1.0940e-02  1.3610e-02
  5680.39      1.7604  1.2020e-02  1.3700e-02  1.5990e-02  1.0900e-02  1.3570e-02
  5678.89      1.7609  1.2020e-02  1.3700e-02  1.5990e-02  1.0840e-02  1.3510e-02
  5677.39      1.7614  1.2020e-02  1.3700e-02  1.5990e-02  1.0870e-02  1.3540e-02
  5675.88      1.7618  1.2030e-02  1.3710e-02  1.6000e-02  1.0900e-02  1.3570e-02
  5674.38      1.7623  1.2030e-02  1.3710e-02  1.6010e-02  1.0910e-02  1.3590e-02
  5672.88      1.7628  1.2030e-02  1.3720e-02  1.6010e-02  1.0900e-02  1.3570e-02
  5671.38      1.7632  1.2040e-02  1.3720e-02  1.6020e-02  1.0820e-02  1.3490e-02
  5669.88      1.7637  1.2040e-02  1.3720e-02  1.6020e-02  1.0800e-02  1.3470e-02
  5668.38      1.7642  1.2040e-02  1.3730e-02  1.6020e-02  1.0900e-02  1.3570e-02
  5666.88      1.7646  1.2040e-02  1.3730e-02  1.6030e-02  1.1050e-02  1.3720e-02
  5665.38      1.7651  1.2040e-02  1.3730e-02  1.6030e-02  1.1130e-02  1.3810e-02
  5663.88      1.7656  1.2030e-02  1.3720e-02  1.6020e-02  1.1100e-02  1.3780e-02
  5662.38      1.7660  1.2020e-02  1.3700e-02  1.6010e-02  1.0990e-02  1.3680e-02
  5660.88      1.7665  1.1990e-02  1.3680e-02  1.5990e-02  1.0860e-02  1.3540e-02
  5659.38      1.7670  1.1980e-02  1.3670e-02  1.5970e-02  1.0750e-02  1.3430e-02
  5657.88      1.7674  1.1960e-02  1.3650e-02  1.5950e-02  1.0720e-02  1.3400e-02
  5656.38      1.7679  1.1950e-02  1.3640e-02  1.5940e-02  1.0760e-02  1.3440e-02
  5654.88      1.7684  1.1930e-02  1.3620e-02  1.5930e-02  1.0800e-02  1.3480e-02
  5653.38      1.7689  1.1920e-02  1.3610e-02  1.5920e-02  1.0780e-02  1.3460e-02
  5651.88      1.7693  1.1900e-02  1.3590e-02  1.5900e-02  1.0780e-02  1.3460e-02
  5650.38      1.7698  1.1900e-02  1.3590e-02  1.5900e-02  1.0800e-02  1.3480e-02
  5648.88      1.7703  1.1890e-02  1.3580e-02  1.5890e-02  1.0800e-02  1.3480e-02
  5647.38      1.7707  1.1880e-02  1.3570e-02  1.5880e-02  1.0790e-02  1.3470e-02
  5645.88      1.7712  1.1880e-02  1.3570e-02  1.5880e-02  1.0780e-02  1.3460e-02
  5644.38      1.7717  1.1880e-02  1.3570e-02  1.5890e-02  1.0750e-02  1.3440e-02
  5642.88      1.7721  1.1890e-02  1.3580e-02  1.5890e-02  1.0740e-02  1.3420e-02
  5641.38      1.7726  1.1890e-02  1.3590e-02  1.5900e-02  1.0750e-02  1.3430e-02
  5639.88      1.7731  1.1900e-02  1.3590e-02  1.5910e-02  1.0730e-02  1.3410e-02
  5638.38      1.7736  1.1910e-02  1.3600e-02  1.5920e-02  1.0720e-02  1.3400e-02
  5636.88      1.7740  1.1910e-02  1.3610e-02  1.5920e-02  1.0750e-02  1.3440e-02
  5635.38      1.7745  1.1920e-02  1.3620e-02  1.5940e-02  1.0760e-02  1.3440e-02
  5633.88      1.7750  1.1930e-02  1.3630e-02  1.5950e-02  1.0830e-02  1.3520e-02
  5632.38      1.7754  1.1940e-02  1.3630e-02  1.5950e-02  1.0980e-02  1.3670e-02
  5630.88      1.7759  1.1940e-02  1.3640e-02  1.5960e-02  1.1080e-02  1.3780e-02
  5629.38      1.7764  1.1940e-02  1.3630e-02  1.5950e-02  1.1030e-02  1.3730e-02
  5627.88      1.7769  1.1920e-02  1.3620e-02  1.5940e-02  1.0840e-02  1.3530e-02
  5626.38      1.7773  1.1920e-02  1.3610e-02  1.5940e-02  1.0670e-02  1.3360e-02
  5624.88      1.7778  1.1910e-02  1.3600e-02  1.5930e-02  1.0660e-02  1.3350e-02
  5623.38      1.7783  1.1900e-02  1.3600e-02  1.5930e-02  1.0760e-02  1.3450e-02
  5621.88      1.7788  1.1910e-02  1.3610e-02  1.5930e-02  1.0800e-02  1.3490e-02
  5620.38      1.7792  1.1920e-02  1.3610e-02  1.5940e-02  1.0730e-02  1.3420e-02
  5618.88      1.7797  1.1920e-02  1.3620e-02  1.5950e-02  1.0670e-02  1.3360e-02
  5617.38      1.7802  1.1940e-02  1.3640e-02  1.5970e-02  1.0730e-02  1.3430e-02
  5615.88      1.7807  1.1960e-02  1.3660e-02  1.5990e-02  1.0770e-02  1.3470e-02
  5614.38      1.7811  1.1990e-02  1.3690e-02  1.6030e-02  1.0830e-02  1.3520e-02
  5612.88      1.7816  1.2020e-02  1.3720e-02  1.6050e-02  1.0960e-02  1.3650e-02
  5611.38      1.7821  1.2040e-02  1.3740e-02  1.6070e-02  1.1090e-02  1.3790e-02
  5609.88      1.7826  1.2050e-02  1.3750e-02  1.6080e-02  1.1150e-02  1.3850e-02
  5608.38      1.7830  1.2050e-02  1.3750e-02  1.6090e-02  1.1130e-02  1.3830e-02
  5606.88      1.7835  1.2040e-02  1.3750e-02  1.6080e-02  1.1090e-02  1.3790e-02
  5605.38      1.7840  1.2020e-02  1.3730e-02  1.6060e-02  1.1070e-02  1.3770e-02
  5603.88      1.7845  1.2000e-02  1.3700e-02  1.6040e-02  1.1000e-02  1.3710e-02
  5602.38      1.7850  1.1960e-02  1.3670e-02  1.6010e-02  1.0910e-02  1.3610e-02
  5600.88      1.7854  1.1920e-02  1.3630e-02  1.5970e-02  1.0810e-02  1.3520e-02
  5599.38      1.7859  1.1890e-02  1.3600e-02  1.5940e-02  1.0720e-02  1.3420e-02
  5597.88      1.7864  1.1860e-02  1.3570e-02  1.5910e-02  1.0640e-02  1.3340e-02
  5596.38      1.7869  1.1830e-02  1.3540e-02  1.5890e-02  1.0580e-02  1.3280e-02
  5594.88      1.7873  1.1820e-02  1.3530e-02  1.5880e-02  1.0540e-02  1.3240e-02
  5593.38      1.7878  1.1820e-02  1.3530e-02  1.5870e-02  1.0550e-02  1.3250e-02
  5591.88      1.7883  1.1820e-02  1.3530e-02  1.5880e-02  1.0650e-02  1.3350e-02
  5590.38      1.7888  1.1830e-02  1.3540e-02  1.5890e-02  1.0750e-02  1.3450e-02
  5588.88      1.7893  1.1840e-02  1.3550e-02  1.5900e-02  1.0810e-02  1.3520e-02
  5587.38      1.7897  1.1860e-02  1.3570e-02  1.5920e-02  1.0890e-02  1.3590e-02
  5585.88      1.7902  1.1870e-02  1.3580e-02  1.5930e-02  1.0930e-02  1.3640e-02
  5584.38      1.7907  1.1880e-02  1.3590e-02  1.5940e-02  1.0880e-02  1.3590e-02
  5582.88      1.7912  1.1890e-02  1.3600e-02  1.5950e-02  1.0810e-02  1.3510e-02
  5581.38      1.7917  1.1900e-02  1.3610e-02  1.5960e-02  1.0810e-02  1.3510e-02
  5579.88      1.7922  1.1900e-02  1.3610e-02  1.5970e-02  1.0850e-02  1.3560e-02
  5578.38      1.7926  1.1900e-02  1.3610e-02  1.5970e-02  1.0810e-02  1.3520e-02
  5576.88      1.7931  1.1910e-02  1.3620e-02  1.5970e-02  1.0700e-02  1.3410e-02
  5575.38      1.7936  1.1910e-02  1.3620e-02  1.5980e-02  1.0730e-02  1.3440e-02
  5573.88      1.7941  1.1910e-02  1.3620e-02  1.5980e-02  1.0830e-02  1.3540e-02
  5572.38      1.7946  1.1910e-02  1.3630e-02  1.5990e-02  1.0910e-02  1.3620e-02
  5570.88      1.7950  1.1910e-02  1.3630e-02  1.5990e-02  1.0910e-02  1.3620e-02
  5569.38      1.7955  1.1910e-02  1.3620e-02  1.5990e-02  1.0840e-02  1.3560e-02
  5567.88      1.7960  1.1900e-02  1.3610e-02  1.5980e-02  1.0820e-02  1.3540e-02
  5566.38      1.7965  1.1890e-02  1.3610e-02  1.5970e-02  1.0870e-02  1.3590e-02
  5564.88      1.7970  1.1880e-02  1.3590e-02  1.5960e-02  1.0930e-02  1.3650e-02
  5563.38      1.7975  1.1860e-02  1.3580e-02  1.5940e-02  1.0930e-02  1.3650e-02
  5561.88      1.7980  1.1850e-02  1.3560e-02  1.5930e-02  1.0830e-02  1.3550e-02
  5560.38      1.7984  1.1820e-02  1.3540e-02  1.5910e-02  1.0680e-02  1.3400e-02
  5558.88      1.7989  1.1810e-02  1.3530e-02  1.5900e-02  1.0590e-02  1.3300e-02
  5557.38      1.7994  1.1800e-02  1.3520e-02  1.5890e-02  1.0610e-02  1.3320e-02
  5555.88      1.7999  1.1800e-02  1.3510e-02  1.5890e-02  1.0640e-02  1.3360e-02
  5554.38      1.8004  1.1800e-02  1.3520e-02  1.5890e-02  1.0640e-02  1.3360e-02
  5552.88      1.8009  1.1810e-02  1.3530e-02  1.5900e-02  1.0630e-02  1.3350e-02
  5551.38      1.8014  1.1810e-02  1.3530e-02  1.5910e-02  1.0640e-02  1.3360e-02
  5549.88      1.8018  1.1830e-02  1.3550e-02  1.5930e-02  1.0720e-02  1.3440e-02
  5548.38      1.8023  1.1840e-02  1.3560e-02  1.5940e-02  1.0850e-02  1.3570e-02
  5546.88      1.8028  1.1850e-02  1.3570e-02  1.5950e-02  1.0970e-02  1.3690e-02
  5545.38      1.8033  1.1860e-02  1.3580e-02  1.5960e-02  1.1000e-02  1.3720e-02
  5543.88      1.8038  1.1860e-02  1.3580e-02  1.5960e-02  1.0960e-02  1.3690e-02
  5542.38      1.8043  1.1860e-02  1.3580e-02  1.5960e-02  1.0850e-02  1.3580e-02
  5540.88      1.8048  1.1840e-02  1.3570e-02  1.5950e-02  1.0730e-02  1.3460e-02
  5539.38      1.8053  1.1830e-02  1.3550e-02  1.5930e-02  1.0710e-02  1.3440e-02
  5537.87      1.8057  1.1820e-02  1.3540e-02  1.5920e-02  1.0750e-02  1.3480e-02
  5536.37      1.8062  1.1790e-02  1.3520e-02  1.5900e-02  1.0720e-02  1.3450e-02
  5534.87      1.8067  1.1780e-02  1.3500e-02  1.5890e-02  1.0640e-02  1.3370e-02
  5533.37      1.8072  1.1760e-02  1.3490e-02  1.5880e-02  1.0670e-02  1.3400e-02
  5531.87      1.8077  1.1760e-02  1.3480e-02  1.5870e-02  1.0740e-02  1.3460e-02
  5530.37      1.8082  1.1750e-02  1.3480e-02  1.5870e-02  1.0720e-02  1.3450e-02
  5528.87      1.8087  1.1750e-02  1.3470e-02  1.5870e-02  1.0640e-02  1.3370e-02
  5527.37      1.8092  1.1750e-02  1.3480e-02  1.5870e-02  1.0600e-02  1.3320e-02
  5525.87      1.8097  1.1750e-02  1.3480e-02  1.5880e-02  1.0560e-02  1.3290e-02
  5524.37      1.8102  1.1760e-02  1.3480e-02  1.5880e-02  1.0600e-02  1.3330e-02
  5522.87      1.8107  1.1760e-02  1.3490e-02  1.5890e-02  1.0740e-02  1.3470e-02
  5521.37      1.8111  1.1760e-02  1.3490e-02  1.5890e-02  1.0890e-02  1.3630e-02
  5519.87      1.8116  1.1750e-02  1.3480e-02  1.5880e-02  1.0920e-02  1.3660e-02
  5518.37      1.8121  1.1740e-02  1.3470e-02  1.5870e-02  1.0850e-02  1.3590e-02
  5516.87      1.8126  1.1720e-02  1.3450e-02  1.5850e-02  1.0750e-02  1.3490e-02
  5515.37      1.8131  1.1710e-02  1.3440e-02  1.5840e-02  1.0670e-02  1.3410e-02
  5513.87      1.8136  1.1690e-02  1.3420e-02  1.5820e-02  1.0640e-02  1.3380e-02
  5512.37      1.8141  1.1660e-02  1.3410e-02  1.5800e-02  1.0610e-02  1.3340e-02
  5510.87      1.8146  1.1650e-02  1.3380e-02  1.5790e-02  1.0510e-02  1.3240e-02
  5509.37      1.8151  1.1630e-02  1.3360e-02  1.5770e-02  1.0390e-02  1.3120e-02
  5507.87      1.8156  1.1620e-02  1.3350e-02  1.5760e-02  1.0320e-02  1.3050e-02
  5506.37      1.8161  1.1610e-02  1.3340e-02  1.5750e-02  1.0410e-02  1.3140e-02
  5504.87      1.8166  1.1610e-02  1.3340e-02  1.5750e-02  1.0650e-02  1.3390e-02
  5503.37      1.8171  1.1610e-02  1.3340e-02  1.5750e-02  1.0820e-02  1.3560e-02
  5501.87      1.8176  1.1610e-02  1.3340e-02  1.5750e-02  1.0780e-02  1.3520e-02
  5500.37      1.8181  1.1610e-02  1.3340e-02  1.5750e-02  1.0660e-02  1.3400e-02
  5498.87      1.8186  1.1610e-02  1.3340e-02  1.5760e-02  1.0620e-02  1.3360e-02
  5497.37      1.8191  1.1610e-02  1.3350e-02  1.5760e-02  1.0560e-02  1.3300e-02
  5495.87      1.8195  1.1610e-02  1.3350e-02  1.5770e-02  1.0390e-02  1.3130e-02
  5494.37      1.8200  1.1620e-02  1.3350e-02  1.5770e-02  1.0290e-02  1.3030e-02
  5492.87      1.8205  1.1620e-02  1.3360e-02  1.5780e-02  1.0390e-02  1.3120e-02
  5491.37      1.8210  1.1620e-02  1.3360e-02  1.5780e-02  1.0600e-02  1.3340e-02
  5489.87      1.8215  1.1610e-02  1.3350e-02  1.5770e-02  1.0770e-02  1.3510e-02
  5488.37      1.8220  1.1590e-02  1.3330e-02  1.5750e-02  1.0840e-02  1.3590e-02
  5486.87      1.8225  1.1560e-02  1.3300e-02  1.5730e-02  1.0840e-02  1.3590e-02
  5485.37      1.8230  1.1530e-02  1.3270e-02  1.5700e-02  1.0780e-02  1.3540e-02
  5483.87      1.8235  1.1500e-02  1.3240e-02  1.5670e-02  1.0650e-02  1.3400e-02
  5482.37      1.8240  1.1470e-02  1.3210e-02  1.5640e-02  1.0490e-02  1.3240e-02
  5480.87      1.8245  1.1440e-02  1.3180e-02  1.5610e-02  1.0330e-02  1.3080e-02
  5479.37      1.8250  1.1400e-02  1.3140e-02  1.5570e-02  1.0150e-02  1.2900e-02
  5477.87      1.8255  1.1370e-02  1.3110e-02  1.5540e-02  9.9500e-03  1.2690e-02
  5476.37      1.8260  1.1350e-02  1.3090e-02  1.5520e-02  9.8500e-03  1.2590e-02
  5474.87      1.8265  1.1340e-02  1.3080e-02  1.5520e-02  1.0000e-02  1.2740e-02
  5473.37      1.8270  1.1350e-02  1.3090e-02  1.5520e-02  1.0390e-02  1.3130e-02
  5471.87      1.8275  1.1360e-02  1.3100e-02  1.5540e-02  1.0740e-02  1.3490e-02
  5470.37      1.8280  1.1370e-02  1.3110e-02  1.5550e-02  1.0810e-02  1.3570e-02
  5468.87      1.8285  1.1380e-02  1.3130e-02  1.5560e-02  1.0580e-02  1.3340e-02
  5467.37      1.8290  1.1390e-02  1.3130e-02  1.5570e-02  1.0280e-02  1.3030e-02
  5465.87      1.8295  1.1410e-02  1.3150e-02  1.5590e-02  1.0170e-02  1.2920e-02
  5464.37      1.8300  1.1430e-02  1.3170e-02  1.5610e-02  1.0240e-02  1.2990e-02
  5462.87      1.8305  1.1450e-02  1.3190e-02  1.5630e-02  1.0310e-02  1.3060e-02
  5461.37      1.8310  1.1470e-02  1.3200e-02  1.5660e-02  1.0350e-02  1.3100e-02
  5459.87      1.8315  1.1470e-02  1.3220e-02  1.5660e-02  1.0450e-02  1.3200e-02
  5458.37      1.8320  1.1480e-02  1.3230e-02  1.5670e-02  1.0610e-02  1.3360e-02
  5456.87      1.8326  1.1480e-02  1.3230e-02  1.5670e-02  1.0730e-02  1.3490e-02
  5455.37      1.8331  1.1480e-02  1.3230e-02  1.5680e-02  1.0720e-02  1.3480e-02
  5453.87      1.8336  1.1480e-02  1.3230e-02  1.5680e-02  1.0610e-02  1.3370e-02
  5452.37      1.8341  1.1470e-02  1.3220e-02  1.5670e-02  1.0500e-02  1.3260e-02
  5450.87      1.8346  1.1470e-02  1.3220e-02  1.5670e-02  1.0420e-02  1.3180e-02
  5449.37      1.8351  1.1450e-02  1.3200e-02  1.5650e-02  1.0340e-02  1.3100e-02
  5447.87      1.8356  1.1440e-02  1.3190e-02  1.5640e-02  1.0300e-02  1.3060e-02
  5446.37      1.8361  1.1410e-02  1.3170e-02  1.5620e-02  1.0340e-02  1.3100e-02
  5444.87      1.8366  1.1390e-02  1.3140e-02  1.5600e-02  1.0410e-02  1.3170e-02
  5443.37      1.8371  1.1370e-02  1.3120e-02  1.5580e-02  1.0420e-02  1.3180e-02
  5441.87      1.8376  1.1340e-02  1.3090e-02  1.5550e-02  1.0410e-02  1.3170e-02
  5440.37      1.8381  1.1320e-02  1.3070e-02  1.5530e-02  1.0470e-02  1.3240e-02
  5438.87      1.8386  1.1290e-02  1.3050e-02  1.5510e-02  1.0540e-02  1.3310e-02
  5437.37      1.8391  1.1280e-02  1.3030e-02  1.5490e-02  1.0430e-02  1.3200e-02
  5435.87      1.8396  1.1260e-02  1.3010e-02  1.5480e-02  1.0170e-02  1.2930e-02
  5434.37      1.8401  1.1240e-02  1.3000e-02  1.5460e-02  9.9900e-03  1.2750e-02
  5432.87      1.8406  1.1240e-02  1.2990e-02  1.5460e-02  1.0000e-02  1.2760e-02
  5431.37      1.8412  1.1230e-02  1.2990e-02  1.5450e-02  1.0030e-02  1.2790e-02
  5429.87      1.8417  1.1230e-02  1.2990e-02  1.5450e-02  1.0110e-02  1.2870e-02
  5428.37      1.8422  1.1220e-02  1.2980e-02  1.5450e-02  1.0220e-02  1.2980e-02
  5426.87      1.8427  1.1210e-02  1.2970e-02  1.5440e-02  1.0380e-02  1.3140e-02
  5425.37      1.8432  1.1190e-02  1.2950e-02  1.5420e-02  1.0590e-02  1.3360e-02
  5423.87      1.8437  1.1170e-02  1.2920e-02  1.5400e-02  1.0660e-02  1.3440e-02
  5422.37      1.8442  1.1140e-02  1.2900e-02  1.5370e-02  1.0510e-02  1.3290e-02
  5420.87      1.8447  1.1110e-02  1.2870e-02  1.5340e-02  1.0240e-02  1.3010e-02
  5419.37      1.8452  1.1080e-02  1.2840e-02  1.5320e-02  1.0040e-02  1.2810e-02
  5417.87      1.8457  1.1050e-02  1.2810e-02  1.5290e-02  9.9300e-03  1.2690e-02
  5416.37      1.8463  1.1030e-02  1.2790e-02  1.5270e-02  9.7500e-03  1.2520e-02
  5414.87      1.8468  1.1000e-02  1.2760e-02  1.5240e-02  9.5200e-03  1.2280e-02
  5413.37      1.8473  1.1000e-02  1.2760e-02  1.5240e-02  9.4700e-03  1.2230e-02
  5411.87      1.8478  1.1000e-02  1.2760e-02  1.5250e-02  9.7800e-03  1.2530e-02
  5410.37      1.8483  1.1010e-02  1.2770e-02  1.5250e-02  1.0280e-02  1.3040e-02
  5408.87      1.8488  1.1020e-02  1.2790e-02  1.5270e-02  1.0620e-02  1.3390e-02
  5407.36      1.8493  1.1030e-02  1.2790e-02  1.5270e-02  1.0580e-02  1.3360e-02
  5405.86      1.8498  1.1020e-02  1.2780e-02  1.5270e-02  1.0320e-02  1.3100e-02
  5404.36      1.8504  1.1020e-02  1.2780e-02  1.5270e-02  1.0100e-02  1.2880e-02
  5402.86      1.8509  1.1020e-02  1.2780e-02  1.5270e-02  1.0010e-02  1.2790e-02
  5401.36      1.8514  1.1030e-02  1.2790e-02  1.5280e-02  9.9800e-03  1.2760e-02
  5399.86      1.8519  1.1030e-02  1.2790e-02  1.5280e-02  9.9800e-03  1.2750e-02
  5398.36      1.8524  1.1010e-02  1.2780e-02  1.5270e-02  9.8800e-03  1.2650e-02
  5396.86      1.8529  1.1000e-02  1.2770e-02  1.5260e-02  9.6700e-03  1.2440e-02
  5395.36      1.8534  1.0990e-02  1.2760e-02  1.5250e-02  9.6100e-03  1.2370e-02
  5393.86      1.8540  1.0990e-02  1.2760e-02  1.5260e-02  9.9600e-03  1.2730e-02
  5392.36      1.8545  1.1010e-02  1.2780e-02  1.5280e-02  1.0490e-02  1.3270e-02
  5390.86      1.8550  1.1020e-02  1.2780e-02  1.5280e-02  1.0780e-02  1.3580e-02
  5389.36      1.8555  1.1010e-02  1.2780e-02  1.5280e-02  1.0630e-02  1.3430e-02
  5387.86      1.8560  1.0980e-02  1.2750e-02  1.5250e-02  1.0120e-02  1.2910e-02
  5386.36      1.8565  1.0940e-02  1.2710e-02  1.5220e-02  9.6500e-03  1.2420e-02
  5384.86      1.8571  1.0920e-02  1.2690e-02  1.5200e-02  9.5400e-03  1.2310e-02
  5383.36      1.8576  1.0920e-02  1.2690e-02  1.5200e-02  9.8300e-03  1.2610e-02
  5381.86      1.8581  1.0920e-02  1.2690e-02  1.5200e-02  1.0140e-02  1.2920e-02
  5380.36      1.8586  1.0920e-02  1.2690e-02  1.5200e-02  1.0180e-02  1.2970e-02
  5378.86      1.8591  1.0900e-02  1.2670e-02  1.5180e-02  9.9300e-03  1.2710e-02
  5377.36      1.8596  1.0890e-02  1.2660e-02  1.5170e-02  9.6000e-03  1.2380e-02
  5375.86      1.8602  1.0890e-02  1.2660e-02  1.5170e-02  9.5500e-03  1.2320e-02
  5374.36      1.8607  1.0900e-02  1.2680e-02  1.5190e-02  9.8300e-03  1.2610e-02
  5372.86      1.8612  1.0930e-02  1.2700e-02  1.5210e-02  1.0260e-02  1.3040e-02
  5371.36      1.8617  1.0940e-02  1.2720e-02  1.5230e-02  1.0510e-02  1.3310e-02
  5369.86      1.8622  1.0940e-02  1.2710e-02  1.5230e-02  1.0470e-02  1.3270e-02
  5368.36      1.8628  1.0910e-02  1.2680e-02  1.5200e-02  1.0240e-02  1.3040e-02
  5366.86      1.8633  1.0870e-02  1.2650e-02  1.5160e-02  9.9800e-03  1.2770e-02
  5365.36      1.8638  1.0820e-02  1.2600e-02  1.5120e-02  9.7700e-03  1.2560e-02
  5363.86      1.8643  1.0790e-02  1.2560e-02  1.5090e-02  9.6900e-03  1.2470e-02
  5362.36      1.8648  1.0760e-02  1.2540e-02  1.5060e-02  9.7600e-03  1.2540e-02
  5360.86      1.8654  1.0740e-02  1.2510e-02  1.5040e-02  9.9100e-03  1.2700e-02
  5359.36      1.8659  1.0720e-02  1.2490e-02  1.5020e-02  9.9800e-03  1.2770e-02
  5357.86      1.8664  1.0680e-02  1.2460e-02  1.4990e-02  9.8000e-03  1.2600e-02
  5356.36      1.8669  1.0670e-02  1.2440e-02  1.4960e-02  9.3900e-03  1.2180e-02
  5354.86      1.8675  1.0660e-02  1.2440e-02  1.4970e-02  9.0900e-03  1.1860e-02
  5353.36      1.8680  1.0680e-02  1.2460e-02  1.4990e-02  9.3000e-03  1.2080e-02
  5351.86      1.8685  1.0710e-02  1.2490e-02  1.5020e-02  9.8700e-03  1.2650e-02
  5350.36      1.8690  1.0740e-02  1.2520e-02  1.5050e-02  1.0390e-02  1.3190e-02
  5348.86      1.8696  1.0760e-02  1.2540e-02  1.5070e-02  1.0530e-02  1.3340e-02
  5347.36      1.8701  1.0760e-02  1.2540e-02  1.5070e-02  1.0190e-02  1.3000e-02
  5345.86      1.8706  1.0760e-02  1.2540e-02  1.5070e-02  9.7300e-03  1.2530e-02
  5344.36      1.8711  1.0760e-02  1.2540e-02  1.5080e-02  9.6200e-03  1.2410e-02
  5342.86      1.8717  1.0770e-02  1.2550e-02  1.5080e-02  9.8800e-03  1.2680e-02
  5341.36      1.8722  1.0760e-02  1.2550e-02  1.5090e-02  1.0020e-02  1.2820e-02
  5339.86      1.8727  1.0750e-02  1.2530e-02  1.5070e-02  9.8500e-03  1.2650e-02
  5338.36      1.8732  1.0720e-02  1.2510e-02  1.5050e-02  9.5800e-03  1.2370e-02
  5336.86      1.8738  1.0700e-02  1.2480e-02  1.5020e-02  9.5300e-03  1.2320e-02
  5335.36      1.8743  1.0690e-02  1.2470e-02  1.5010e-02  9.8700e-03  1.2670e-02
  5333.86      1.8748  1.0670e-02  1.2460e-02  1.5010e-02  1.0230e-02  1.3040e-02
  5332.36      1.8753  1.0660e-02  1.2440e-02  1.4990e-02  1.0190e-02  1.3000e-02
  5330.86      1.8759  1.0630e-02  1.2420e-02  1.4970e-02  9.7900e-03  1.2590e-02
  5329.36      1.8764  1.0600e-02  1.2390e-02  1.4940e-02  9.4400e-03  1.2240e-02
  5327.86      1.8769  1.0580e-02  1.2360e-02  1.4910e-02  9.3900e-03  1.2190e-02
  5326.36      1.8775  1.0560e-02  1.2340e-02  1.4900e-02  9.5800e-03  1.2380e-02
  5324.86      1.8780  1.0550e-02  1.2330e-02  1.4890e-02  9.8200e-03  1.2620e-02
  5323.36      1.8785  1.0530e-02  1.2310e-02  1.4870e-02  9.9000e-03  1.2710e-02
  5321.86      1.8790  1.0500e-02  1.2290e-02  1.4850e-02  9.7800e-03  1.2590e-02
  5320.36      1.8796  1.0470e-02  1.2260e-02  1.4800e-02  9.5400e-03  1.2340e-02
  5318.86      1.8801  1.0430e-02  1.2220e-02  1.4780e-02  9.3600e-03  1.2160e-02
  5317.36      1.8806  1.0420e-02  1.2210e-02  1.4770e-02  9.4100e-03  1.2210e-02
  5315.86      1.8812  1.0410e-02  1.2200e-02  1.4760e-02  9.5600e-03  1.2360e-02
  5314.36      1.8817  1.0410e-02  1.2200e-02  1.4760e-02  9.6400e-03  1.2440e-02
  5312.86      1.8822  1.0410e-02  1.2200e-02  1.4760e-02  9.5700e-03  1.2380e-02
  5311.36      1.8828  1.0410e-02  1.2200e-02  1.4760e-02  9.4300e-03  1.2240e-02
  5309.86      1.8833  1.0420e-02  1.2210e-02  1.4770e-02  9.3200e-03  1.2120e-02
  5308.36      1.8838  1.0420e-02  1.2220e-02  1.4780e-02  9.3100e-03  1.2110e-02
  5306.86      1.8844  1.0450e-02  1.2240e-02  1.4810e-02  9.4100e-03  1.2210e-02
  5305.36      1.8849  1.0460e-02  1.2250e-02  1.4820e-02  9.5600e-03  1.2360e-02
  5303.86      1.8854  1.0480e-02  1.2270e-02  1.4840e-02  9.6800e-03  1.2490e-02
  5302.36      1.8860  1.0480e-02  1.2270e-02  1.4840e-02  9.6400e-03  1.2450e-02
  5300.86      1.8865  1.0470e-02  1.2270e-02  1.4840e-02  9.4200e-03  1.2220e-02
  5299.36      1.8870  1.0470e-02  1.2260e-02  1.4840e-02  9.5000e-03  1.2300e-02
  5297.86      1.8876  1.0460e-02  1.2260e-02  1.4830e-02  9.7500e-03  1.2560e-02
  5296.36      1.8881  1.0450e-02  1.2240e-02  1.4820e-02  9.7500e-03  1.2570e-02
  5294.86      1.8886  1.0440e-02  1.2240e-02  1.4820e-02  9.7300e-03  1.2540e-02
  5293.36      1.8892  1.0420e-02  1.2220e-02  1.4800e-02  9.7400e-03  1.2560e-02
  5291.86      1.8897  1.0420e-02  1.2210e-02  1.4790e-02  9.7600e-03  1.2580e-02
  5290.36      1.8902  1.0410e-02  1.2210e-02  1.4790e-02  9.7900e-03  1.2610e-02
  5288.86      1.8908  1.0420e-02  1.2220e-02  1.4800e-02  9.8400e-03  1.2670e-02
  5287.36      1.8913  1.0440e-02  1.2230e-02  1.4820e-02  9.8600e-03  1.2680e-02
  5285.86      1.8918  1.0450e-02  1.2250e-02  1.4830e-02  9.8800e-03  1.2710e-02
  5284.36      1.8924  1.0450e-02  1.2250e-02  1.4840e-02  9.9600e-03  1.2790e-02
  5282.86      1.8929  1.0460e-02  1.2260e-02  1.4850e-02  9.9600e-03  1.2790e-02
  5281.36      1.8935  1.0470e-02  1.2270e-02  1.4860e-02  9.8400e-03  1.2670e-02
  5279.86      1.8940  1.0480e-02  1.2280e-02  1.4870e-02  9.7700e-03  1.2600e-02
  5278.36      1.8945  1.0480e-02  1.2280e-02  1.4870e-02  9.8700e-03  1.2700e-02
  5276.86      1.8951  1.0480e-02  1.2280e-02  1.4880e-02  9.9300e-03  1.2760e-02
  5275.35      1.8956  1.0480e-02  1.2280e-02  1.4880e-02  9.8100e-03  1.2640e-02
  5273.85      1.8961  1.0480e-02  1.2280e-02  1.4880e-02  9.7700e-03  1.2600e-02
  5272.35      1.8967  1.0480e-02  1.2280e-02  1.4880e-02  9.7500e-03  1.2580e-02
  5270.85      1.8972  1.0490e-02  1.2290e-02  1.4890e-02  9.7000e-03  1.2530e-02
  5269.35      1.8978  1.0500e-02  1.2310e-02  1.4910e-02  9.9100e-03  1.2740e-02
  5267.85      1.8983  1.0510e-02  1.2310e-02  1.4910e-02  1.0310e-02  1.3150e-02
  5266.35      1.8988  1.0520e-02  1.2320e-02  1.4920e-02  1.0490e-02  1.3340e-02
  5264.85      1.8994  1.0520e-02  1.2320e-02  1.4930e-02  1.0320e-02  1.3170e-02
  5263.35      1.8999  1.0530e-02  1.2330e-02  1.4940e-02  1.0120e-02  1.2960e-02
  5261.85      1.9005  1.0540e-02  1.2340e-02  1.4950e-02  1.0110e-02  1.2950e-02
  5260.35      1.9010  1.0540e-02  1.2350e-02  1.4960e-02  1.0250e-02  1.3100e-02
  5258.85      1.9016  1.0530e-02  1.2340e-02  1.4950e-02  1.0350e-02  1.3200e-02
  5257.35      1.9021  1.0530e-02  1.2330e-02  1.4950e-02  1.0270e-02  1.3130e-02
  5255.85      1.9026  1.0520e-02  1.2320e-02  1.4940e-02  1.0050e-02  1.2900e-02
  5254.35      1.9032  1.0520e-02  1.2330e-02  1.4940e-02  9.7900e-03  1.2640e-02
  5252.85      1.9037  1.0540e-02  1.2340e-02  1.4960e-02  9.5700e-03  1.2420e-02
  5251.35      1.9043  1.0550e-02  1.2360e-02  1.4980e-02  9.5100e-03  1.2350e-02
  5249.85      1.9048  1.0570e-02  1.2380e-02  1.5000e-02  9.6300e-03  1.2470e-02
  5248.35      1.9054  1.0580e-02  1.2390e-02  1.5010e-02  9.7600e-03  1.2610e-02
  5246.85      1.9059  1.0610e-02  1.2410e-02  1.5040e-02  9.7300e-03  1.2580e-02
  5245.35      1.9064  1.0620e-02  1.2440e-02  1.5060e-02  9.7400e-03  1.2590e-02
  5243.85      1.9070  1.0650e-02  1.2460e-02  1.5080e-02  9.8600e-03  1.2710e-02
  5242.35      1.9075  1.0670e-02  1.2480e-02  1.5110e-02  9.8500e-03  1.2700e-02
  5240.85      1.9081  1.0680e-02  1.2490e-02  1.5110e-02  9.7300e-03  1.2580e-02
  5239.35      1.9086  1.0670e-02  1.2480e-02  1.5110e-02  9.6900e-03  1.2530e-02
  5237.85      1.9092  1.0660e-02  1.2470e-02  1.5100e-02  9.7900e-03  1.2640e-02
  5236.35      1.9097  1.0630e-02  1.2450e-02  1.5080e-02  9.9400e-03  1.2790e-02
  5234.85      1.9103  1.0620e-02  1.2440e-02  1.5070e-02  9.9100e-03  1.2770e-02
  5233.35      1.9108  1.0610e-02  1.2430e-02  1.5060e-02  9.7600e-03  1.2610e-02
  5231.85      1.9114  1.0610e-02  1.2420e-02  1.5060e-02  9.7300e-03  1.2580e-02
  5230.35      1.9119  1.0610e-02  1.2420e-02  1.5060e-02  9.9200e-03  1.2780e-02
  5228.85      1.9125  1.0600e-02  1.2420e-02  1.5060e-02  1.0150e-02  1.3010e-02
  5227.35      1.9130  1.0610e-02  1.2420e-02  1.5060e-02  1.0240e-02  1.3110e-02
  5225.85      1.9136  1.0620e-02  1.2430e-02  1.5070e-02  1.0160e-02  1.3030e-02
  5224.35      1.9141  1.0620e-02  1.2440e-02  1.5080e-02  9.9800e-03  1.2850e-02
  5222.85      1.9147  1.0640e-02  1.2450e-02  1.5100e-02  9.7700e-03  1.2630e-02
  5221.35      1.9152  1.0640e-02  1.2460e-02  1.5110e-02  9.6600e-03  1.2520e-02
  5219.85      1.9158  1.0630e-02  1.2450e-02  1.5100e-02  9.7600e-03  1.2620e-02
  5218.35      1.9163  1.0610e-02  1.2430e-02  1.5080e-02  1.0010e-02  1.2870e-02
  5216.85      1.9169  1.0600e-02  1.2410e-02  1.5070e-02  1.0270e-02  1.3140e-02
  5215.35      1.9174  1.0580e-02  1.2400e-02  1.5060e-02  1.0500e-02  1.3380e-02
  5213.85      1.9180  1.0580e-02  1.2400e-02  1.5060e-02  1.0680e-02  1.3560e-02
  5212.35      1.9185  1.0580e-02  1.2400e-02  1.5050e-02  1.0740e-02  1.3630e-02
  5210.85      1.9191  1.0570e-02  1.2390e-02  1.5050e-02  1.0690e-02  1.3580e-02
  5209.35      1.9196  1.0560e-02  1.2380e-02  1.5050e-02  1.0570e-02  1.3460e-02
  5207.85      1.9202  1.0570e-02  1.2390e-02  1.5050e-02  1.0440e-02  1.3320e-02
  5206.35      1.9207  1.0590e-02  1.2410e-02  1.5070e-02  1.0360e-02  1.3250e-02
  5204.85      1.9213  1.0610e-02  1.2440e-02  1.5100e-02  1.0390e-02  1.3280e-02
  5203.35      1.9218  1.0640e-02  1.2460e-02  1.5130e-02  1.0490e-02  1.3370e-02
  5201.85      1.9224  1.0650e-02  1.2470e-02  1.5140e-02  1.0620e-02  1.3510e-02
  5200.35      1.9229  1.0650e-02  1.2470e-02  1.5140e-02  1.0620e-02  1.3510e-02
  5198.85      1.9235  1.0640e-02  1.2460e-02  1.5130e-02  1.0470e-02  1.3360e-02
  5197.35      1.9241  1.0630e-02  1.2450e-02  1.5130e-02  1.0430e-02  1.3330e-02
  5195.85      1.9246  1.0620e-02  1.2450e-02  1.5120e-02  1.0550e-02  1.3450e-02
  5194.35      1.9252  1.0620e-02  1.2450e-02  1.5120e-02  1.0560e-02  1.3460e-02
  5192.85      1.9257  1.0610e-02  1.2440e-02  1.5110e-02  1.0580e-02  1.3480e-02
  5191.35      1.9263  1.0590e-02  1.2420e-02  1.5110e-02  1.0740e-02  1.3640e-02
  5189.85      1.9268  1.0580e-02  1.2410e-02  1.5090e-02  1.0740e-02  1.3650e-02
  5188.35      1.9274  1.0570e-02  1.2400e-02  1.5080e-02  1.0550e-02  1.3460e-02
  5186.85      1.9280  1.0570e-02  1.2400e-02  1.5080e-02  1.0350e-02  1.3260e-02
  5185.35      1.9285  1.0580e-02  1.2410e-02  1.5090e-02  1.0220e-02  1.3130e-02
  5183.85      1.9291  1.0590e-02  1.2410e-02  1.5100e-02  1.0150e-02  1.3050e-02
  5182.35      1.9296  1.0600e-02  1.2430e-02  1.5120e-02  1.0080e-02  1.2990e-02
  5180.85      1.9302  1.0610e-02  1.2440e-02  1.5130e-02  9.9700e-03  1.2870e-02
  5179.35      1.9307  1.0620e-02  1.2450e-02  1.5150e-02  9.9000e-03  1.2800e-02
  5177.85      1.9313  1.0640e-02  1.2470e-02  1.5150e-02  9.8600e-03  1.2760e-02
  5176.35      1.9319  1.0640e-02  1.2470e-02  1.5170e-02  9.7800e-03  1.2680e-02
  5174.85      1.9324  1.0650e-02  1.2490e-02  1.5180e-02  9.7100e-03  1.2610e-02
  5173.35      1.9330  1.0660e-02  1.2490e-02  1.5190e-02  9.7100e-03  1.2610e-02
  5171.85      1.9335  1.0670e-02  1.2500e-02  1.5200e-02  9.8400e-03  1.2740e-02
  5170.35      1.9341  1.0670e-02  1.2500e-02  1.5200e-02  1.0060e-02  1.2960e-02
  5168.85      1.9347  1.0670e-02  1.2510e-02  1.5210e-02  1.0160e-02  1.3070e-02
  5167.35      1.9352  1.0670e-02  1.2510e-02  1.5210e-02  1.0200e-02  1.3120e-02
  5165.85      1.9358  1.0680e-02  1.2510e-02  1.5220e-02  1.0320e-02  1.3240e-02
  5164.35      1.9364  1.0680e-02  1.2520e-02  1.5230e-02  1.0420e-02  1.3340e-02
  5162.85      1.9369  1.0700e-02  1.2530e-02  1.5240e-02  1.0370e-02  1.3290e-02
  5161.35      1.9375  1.0700e-02  1.2540e-02  1.5250e-02  1.0300e-02  1.3230e-02
  5159.85      1.9380  1.0710e-02  1.2540e-02  1.5260e-02  1.0260e-02  1.3180e-02
  5158.35      1.9386  1.0700e-02  1.2540e-02  1.5260e-02  1.0200e-02  1.3120e-02
  5156.85      1.9392  1.0700e-02  1.2540e-02  1.5260e-02  1.0190e-02  1.3110e-02
  5155.35      1.9397  1.0700e-02  1.2530e-02  1.5250e-02  1.0310e-02  1.3230e-02
  5153.85      1.9403  1.0690e-02  1.2530e-02  1.5250e-02  1.0440e-02  1.3370e-02
  5152.35      1.9409  1.0680e-02  1.2520e-02  1.5240e-02  1.0480e-02  1.3410e-02
  5150.85      1.9414  1.0650e-02  1.2490e-02  1.5220e-02  1.0480e-02  1.3410e-02
  5149.35      1.9420  1.0640e-02  1.2480e-02  1.5210e-02  1.0430e-02  1.3360e-02
  5147.85      1.9426  1.0610e-02  1.2450e-02  1.5180e-02  1.0310e-02  1.3250e-02
  5146.35      1.9431  1.0600e-02  1.2440e-02  1.5170e-02  1.0370e-02  1.3310e-02
  5144.85      1.9437  1.0580e-02  1.2420e-02  1.5150e-02  1.0650e-02  1.3590e-02
  5143.35      1.9443  1.0570e-02  1.2420e-02  1.5150e-02  1.0780e-02  1.3730e-02
  5141.85      1.9448  1.0570e-02  1.2410e-02  1.5150e-02  1.0540e-02  1.3490e-02
  5140.35      1.9454  1.0570e-02  1.2420e-02  1.5150e-02  1.0230e-02  1.3180e-02
  5138.84      1.9460  1.0580e-02  1.2420e-02  1.5160e-02  1.0120e-02  1.3060e-02
  5137.34      1.9465  1.0590e-02  1.2440e-02  1.5180e-02  1.0150e-02  1.3090e-02
  5135.84      1.9471  1.0600e-02  1.2440e-02  1.5190e-02  1.0180e-02  1.3120e-02
  5134.34      1.9477  1.0620e-02  1.2460e-02  1.5210e-02  1.0200e-02  1.3150e-02
  5132.84      1.9482  1.0630e-02  1.2480e-02  1.5220e-02  1.0290e-02  1.3240e-02
  5131.34      1.9488  1.0650e-02  1.2500e-02  1.5240e-02  1.0330e-02  1.3280e-02
  5129.84      1.9494  1.0650e-02  1.2500e-02  1.5250e-02  1.0240e-02  1.3200e-02
  5128.34      1.9499  1.0660e-02  1.2500e-02  1.5250e-02  1.0140e-02  1.3090e-02
  5126.84      1.9505  1.0650e-02  1.2500e-02  1.5250e-02  1.0110e-02  1.3060e-02
  5125.34      1.9511  1.0640e-02  1.2490e-02  1.5250e-02  1.0120e-02  1.3070e-02
  5123.84      1.9517  1.0640e-02  1.2480e-02  1.5240e-02  1.0070e-02  1.3020e-02
  5122.34      1.9522  1.0630e-02  1.2480e-02  1.5240e-02  9.9600e-03  1.2910e-02
  5120.84      1.9528  1.0620e-02  1.2470e-02  1.5230e-02  9.9000e-03  1.2850e-02
  5119.34      1.9534  1.0610e-02  1.2460e-02  1.5230e-02  9.9000e-03  1.2860e-02
  5117.84      1.9539  1.0600e-02  1.2450e-02  1.5210e-02  9.9300e-03  1.2890e-02
  5116.34      1.9545  1.0600e-02  1.2450e-02  1.5210e-02  9.9700e-03  1.2930e-02
  5114.84      1.9551  1.0590e-02  1.2440e-02  1.5210e-02  1.0060e-02  1.3030e-02
  5113.34      1.9557  1.0590e-02  1.2440e-02  1.5210e-02  1.0190e-02  1.3160e-02
  5111.84      1.9562  1.0580e-02  1.2440e-02  1.5210e-02  1.0190e-02  1.3170e-02
  5110.34      1.9568  1.0580e-02  1.2430e-02  1.5210e-02  9.9900e-03  1.2960e-02
  5108.84      1.9574  1.0580e-02  1.2430e-02  1.5200e-02  9.7700e-03  1.2740e-02
  5107.34      1.9580  1.0570e-02  1.2420e-02  1.5200e-02  9.7600e-03  1.2730e-02
  5105.84      1.9585  1.0560e-02  1.2420e-02  1.5200e-02  9.9100e-03  1.2880e-02
  5104.34      1.9591  1.0560e-02  1.2410e-02  1.5190e-02  1.0020e-02  1.3000e-02
  5102.84      1.9597  1.0560e-02  1.2410e-02  1.5190e-02  9.9800e-03  1.2960e-02
  5101.34      1.9603  1.0560e-02  1.2410e-02  1.5200e-02  9.8300e-03  1.2800e-02
  5099.84      1.9608  1.0560e-02  1.2410e-02  1.5200e-02  9.7800e-03  1.2760e-02
  5098.34      1.9614  1.0560e-02  1.2420e-02  1.5200e-02  9.9200e-03  1.2900e-02
  5096.84      1.9620  1.0560e-02  1.2420e-02  1.5210e-02  9.9900e-03  1.2980e-02
  5095.34      1.9626  1.0570e-02  1.2420e-02  1.5210e-02  9.8300e-03  1.2810e-02
  5093.84      1.9632  1.0570e-02  1.2430e-02  1.5220e-02  9.6100e-03  1.2600e-02
  5092.34      1.9637  1.0570e-02  1.2430e-02  1.5230e-02  9.5400e-03  1.2520e-02
  5090.84      1.9643  1.0570e-02  1.2430e-02  1.5230e-02  9.5200e-03  1.2500e-02
  5089.34      1.9649  1.0570e-02  1.2430e-02  1.5230e-02  9.4300e-03  1.2410e-02
  5087.84      1.9655  1.0570e-02  1.2430e-02  1.5230e-02  9.4200e-03  1.2400e-02
  5086.34      1.9660  1.0550e-02  1.2410e-02  1.5220e-02  9.5800e-03  1.2570e-02
  5084.84      1.9666  1.0550e-02  1.2410e-02  1.5210e-02  9.7200e-03  1.2710e-02
  5083.34      1.9672  1.0530e-02  1.2390e-02  1.5200e-02  9.6400e-03  1.2640e-02
  5081.84      1.9678  1.0530e-02  1.2390e-02  1.5200e-02  9.4400e-03  1.2430e-02
  5080.34      1.9684  1.0520e-02  1.2380e-02  1.5190e-02  9.2800e-03  1.2270e-02
  5078.84      1.9690  1.0520e-02  1.2380e-02  1.5190e-02  9.3100e-03  1.2300e-02
  5077.34      1.9695  1.0510e-02  1.2380e-02  1.5190e-02  9.5000e-03  1.2490e-02
  5075.84      1.9701  1.0510e-02  1.2370e-02  1.5190e-02  9.6700e-03  1.2680e-02
  5074.34      1.9707  1.0500e-02  1.2360e-02  1.5180e-02  9.6700e-03  1.2680e-02
  5072.84      1.9713  1.0490e-02  1.2350e-02  1.5170e-02  9.5700e-03  1.2580e-02
  5071.34      1.9719  1.0470e-02  1.2330e-02  1.5150e-02  9.5000e-03  1.2510e-02
  5069.84      1.9724  1.0440e-02  1.2310e-02  1.5150e-02  9.4200e-03  1.2430e-02
  5068.34      1.9730  1.0430e-02  1.2300e-02  1.5120e-02  9.2800e-03  1.2290e-02
  5066.84      1.9736  1.0400e-02  1.2270e-02  1.5100e-02  9.2200e-03  1.2230e-02
  5065.34      1.9742  1.0370e-02  1.2240e-02  1.5070e-02  9.3800e-03  1.2390e-02
  5063.84      1.9748  1.0330e-02  1.2200e-02  1.5030e-02  9.6900e-03  1.2710e-02
  5062.34      1.9754  1.0310e-02  1.2180e-02  1.5010e-02  9.8200e-03  1.2860e-02
  5060.84      1.9760  1.0290e-02  1.2160e-02  1.4990e-02  9.6800e-03  1.2720e-02
  5059.34      1.9765  1.0280e-02  1.2150e-02  1.4990e-02  9.4500e-03  1.2480e-02
  5057.84      1.9771  1.0270e-02  1.2140e-02  1.4980e-02  9.3400e-03  1.2370e-02
  5056.34      1.9777  1.0270e-02  1.2140e-02  1.4990e-02  9.4100e-03  1.2450e-02
  5054.84      1.9783  1.0280e-02  1.2150e-02  1.4990e-02  9.6200e-03  1.2660e-02
  5053.34      1.9789  1.0290e-02  1.2160e-02  1.5010e-02  9.7800e-03  1.2830e-02
  5051.84      1.9795  1.0300e-02  1.2170e-02  1.5020e-02  9.8200e-03  1.2880e-02
  5050.34      1.9801  1.0330e-02  1.2200e-02  1.5050e-02  9.7900e-03  1.2850e-02
  5048.84      1.9807  1.0350e-02  1.2220e-02  1.5070e-02  9.7300e-03  1.2790e-02
  5047.34      1.9812  1.0360e-02  1.2240e-02  1.5090e-02  9.6700e-03  1.2730e-02
  5045.84      1.9818  1.0380e-02  1.2250e-02  1.5100e-02  9.6300e-03  1.2690e-02
  5044.34      1.9824  1.0380e-02  1.2260e-02  1.5120e-02  9.6000e-03  1.2670e-02
  5042.84      1.9830  1.0390e-02  1.2270e-02  1.5130e-02  9.6200e-03  1.2690e-02
  5041.34      1.9836  1.0400e-02  1.2270e-02  1.5140e-02  9.6100e-03  1.2690e-02
  5039.84      1.9842  1.0400e-02  1.2280e-02  1.5150e-02  9.4900e-03  1.2570e-02
  5038.34      1.9848  1.0400e-02  1.2280e-02  1.5150e-02  9.3900e-03  1.2470e-02
  5036.84      1.9854  1.0390e-02  1.2270e-02  1.5140e-02  9.3600e-03  1.2440e-02
  5035.34      1.9860  1.0380e-02  1.2260e-02  1.5130e-02  9.3800e-03  1.2470e-02
  5033.84      1.9866  1.0360e-02  1.2230e-02  1.5110e-02  9.4700e-03  1.2560e-02
  5032.34      1.9871  1.0340e-02  1.2220e-02  1.5100e-02  9.5200e-03  1.2630e-02
  5030.84      1.9877  1.0310e-02  1.2190e-02  1.5070e-02  9.5400e-03  1.2650e-02
  5029.34      1.9883  1.0290e-02  1.2170e-02  1.5050e-02  9.5800e-03  1.2690e-02
  5027.84      1.9889  1.0260e-02  1.2140e-02  1.5020e-02  9.5400e-03  1.2660e-02
  5026.34      1.9895  1.0220e-02  1.2100e-02  1.4990e-02  9.3200e-03  1.2440e-02
  5024.84      1.9901  1.0180e-02  1.2070e-02  1.4960e-02  9.1200e-03  1.2240e-02
  5023.34      1.9907  1.0140e-02  1.2030e-02  1.4920e-02  9.1900e-03  1.2320e-02
  5021.84      1.9913  1.0120e-02  1.2000e-02  1.4900e-02  9.4000e-03  1.2540e-02
  5020.34      1.9919  1.0100e-02  1.1980e-02  1.4880e-02  9.4800e-03  1.2630e-02
  5018.84      1.9925  1.0090e-02  1.1970e-02  1.4870e-02  9.4500e-03  1.2610e-02
  5017.34      1.9931  1.0070e-02  1.1950e-02  1.4850e-02  9.4600e-03  1.2630e-02
  5015.84      1.9937  1.0050e-02  1.1940e-02  1.4840e-02  9.4600e-03  1.2650e-02
  5014.34      1.9943  1.0040e-02  1.1930e-02  1.4830e-02  9.3700e-03  1.2560e-02
  5012.84      1.9949  1.0020e-02  1.1910e-02  1.4820e-02  9.1500e-03  1.2350e-02
  5011.34      1.9955  1.0010e-02  1.1900e-02  1.4810e-02  8.9400e-03  1.2150e-02
  5009.84      1.9961  9.9900e-03  1.1880e-02  1.4790e-02  8.9400e-03  1.2160e-02
  5008.34      1.9967  9.9700e-03  1.1860e-02  1.4780e-02  9.0900e-03  1.2320e-02
  5006.83      1.9973  9.9500e-03  1.1840e-02  1.4750e-02  9.1900e-03  1.2450e-02
  5005.33      1.9979  9.9300e-03  1.1810e-02  1.4730e-02  9.1900e-03  1.2470e-02
  5003.83      1.9985  9.9000e-03  1.1790e-02  1.4710e-02  9.0400e-03  1.2350e-02
  5002.33      1.9991  9.8700e-03  1.1760e-02  1.4680e-02  8.8700e-03  1.2210e-02
  5000.83      1.9997  9.8600e-03  1.1750e-02  1.4670e-02  8.8300e-03  1.2200e-02
  4999.33      2.0003  9.8500e-03  1.1740e-02  1.4670e-02  8.8500e-03  1.2300e-02
  4997.83      2.0009  9.8500e-03  1.1740e-02  1.4670e-02  8.8200e-03  1.2300e-02
  4996.33      2.0015  9.8400e-03  1.1730e-02  1.4660e-02  8.7500e-03  1.2320e-02
  4994.83      2.0021  9.8400e-03  1.1730e-02  1.4660e-02  8.7300e-03  1.2430e-02
  4993.33      2.0027  9.8400e-03  1.1730e-02  1.4660e-02  8.7400e-03  1.2450e-02
  4991.83      2.0033  9.8300e-03  1.1720e-02  1.4660e-02  8.8500e-03  1.2370e-02
  4990.33      2.0039  9.8200e-03  1.1720e-02  1.4660e-02  9.0200e-03  1.2300e-02
  4988.83      2.0045  9.8100e-03  1.1700e-02  1.4640e-02  9.0600e-03  1.2220e-02
  4987.33      2.0051  9.8000e-03  1.1690e-02  1.4640e-02  8.9100e-03  1.2070e-02
  4985.83      2.0057  9.7700e-03  1.1670e-02  1.4610e-02  8.8000e-03  1.1930e-02
  4984.33      2.0063  9.7500e-03  1.1640e-02  1.4590e-02  8.7700e-03  1.1920e-02
  4982.83      2.0069  9.7100e-03  1.1610e-02  1.4560e-02  8.7800e-03  1.1920e-02
  4981.33      2.0075  9.6900e-03  1.1590e-02  1.4540e-02  8.8600e-03  1.1800e-02
  4979.83      2.0081  9.6700e-03  1.1570e-02  1.4520e-02  8.9800e-03  1.1710e-02
  4978.33      2.0087  9.6600e-03  1.1550e-02  1.4520e-02  9.0700e-03  1.1700e-02
  4976.83      2.0093  9.6500e-03  1.1550e-02  1.4510e-02  9.1100e-03  1.1760e-02
  4975.33      2.0099  9.6500e-03  1.1550e-02  1.4510e-02  9.0400e-03  1.1960e-02
  4973.83      2.0105  9.6500e-03  1.1550e-02  1.4520e-02  8.8700e-03  1.2200e-02
  4972.33      2.0111  9.6600e-03  1.1560e-02  1.4530e-02  8.7700e-03  1.2240e-02
  4970.83      2.0117  9.6700e-03  1.1570e-02  1.4540e-02  8.8300e-03  1.2110e-02
  4969.33      2.0123  9.6900e-03  1.1590e-02  1.4560e-02  8.8700e-03  1.2060e-02
  4967.83      2.0130  9.6900e-03  1.1590e-02  1.4570e-02  8.7700e-03  1.2040e-02
  4966.33      2.0136  9.7000e-03  1.1600e-02  1.4580e-02  8.7100e-03  1.1890e-02
  4964.83      2.0142  9.7100e-03  1.1610e-02  1.4580e-02  8.7500e-03  1.1670e-02
  4963.33      2.0148  9.7000e-03  1.1600e-02  1.4580e-02  8.8300e-03  1.1530e-02
  4961.83      2.0154  9.6900e-03  1.1590e-02  1.4570e-02  8.9100e-03  1.1500e-02
  4960.33      2.0160  9.6800e-03  1.1580e-02  1.4570e-02  8.9400e-03  1.1520e-02
  4958.83      2.0166  9.6600e-03  1.1570e-02  1.4560e-02  8.9100e-03  1.1550e-02
  4957.33      2.0172  9.6500e-03  1.1560e-02  1.4550e-02  9.0000e-03  1.1580e-02
  4955.83      2.0178  9.6400e-03  1.1540e-02  1.4540e-02  9.1600e-03  1.1640e-02
  4954.33      2.0184  9.6300e-03  1.1530e-02  1.4530e-02  9.1500e-03  1.1760e-02
  4952.83      2.0190  9.6100e-03  1.1510e-02  1.4510e-02  8.9400e-03  1.1860e-02
  4951.33      2.0197  9.6000e-03  1.1490e-02  1.4510e-02  8.6800e-03  1.1810e-02
  4949.83      2.0203  9.5800e-03  1.1490e-02  1.4490e-02  8.5100e-03  1.1620e-02
  4948.33      2.0209  9.5600e-03  1.1470e-02  1.4480e-02  8.5100e-03  1.1450e-02
  4946.83      2.0215  9.5500e-03  1.1460e-02  1.4470e-02  8.6100e-03  1.1440e-02
  4945.33      2.0221  9.5300e-03  1.1440e-02  1.4450e-02  8.7600e-03  1.1580e-02
  4943.83      2.0227  9.5100e-03  1.1410e-02  1.4440e-02  8.9200e-03  1.1770e-02
  4942.33      2.0233  9.4800e-03  1.1380e-02  1.4410e-02  9.0000e-03  1.1860e-02
  4940.83      2.0240  9.4500e-03  1.1360e-02  1.4380e-02  8.9700e-03  1.1780e-02
  4939.33      2.0246  9.4200e-03  1.1330e-02  1.4350e-02  8.8400e-03  1.1640e-02
  4937.83      2.0252  9.3900e-03  1.1300e-02  1.4340e-02  8.6100e-03  1.1570e-02
  4936.33      2.0258  9.3800e-03  1.1290e-02  1.4320e-02  8.4400e-03  1.1550e-02
  4934.83      2.0264  9.3700e-03  1.1280e-02  1.4310e-02  8.5100e-03  1.1540e-02
  4933.33      2.0270  9.3600e-03  1.1270e-02  1.4310e-02  8.6200e-03  1.1560e-02
  4931.83      2.0276  9.3500e-03  1.1260e-02  1.4300e-02  8.5400e-03  1.1630e-02
  4930.33      2.0283  9.3500e-03  1.1260e-02  1.4300e-02  8.3300e-03  1.1730e-02
  4928.83      2.0289  9.3500e-03  1.1260e-02  1.4310e-02  8.2400e-03  1.1810e-02
  4927.33      2.0295  9.3500e-03  1.1260e-02  1.4310e-02  8.3500e-03  1.1830e-02
  4925.83      2.0301  9.3600e-03  1.1270e-02  1.4320e-02  8.5400e-03  1.1860e-02
  4924.33      2.0307  9.3600e-03  1.1270e-02  1.4320e-02  8.5300e-03  1.1940e-02
  4922.83      2.0314  9.3500e-03  1.1260e-02  1.4320e-02  8.2800e-03  1.2000e-02
  4921.33      2.0320  9.3300e-03  1.1250e-02  1.4310e-02  8.0500e-03  1.1870e-02
  4919.83      2.0326  9.3200e-03  1.1240e-02  1.4290e-02  8.0400e-03  1.1670e-02
  4918.33      2.0332  9.3000e-03  1.1210e-02  1.4270e-02  8.1800e-03  1.1620e-02
  4916.83      2.0338  9.2800e-03  1.1200e-02  1.4260e-02  8.3700e-03  1.1740e-02
  4915.33      2.0345  9.2500e-03  1.1170e-02  1.4240e-02  8.5200e-03  1.1770e-02
  4913.83      2.0351  9.2300e-03  1.1150e-02  1.4220e-02  8.5600e-03  1.1610e-02
  4912.33      2.0357  9.2000e-03  1.1120e-02  1.4190e-02  8.4900e-03  1.1510e-02
  4910.83      2.0363  9.1800e-03  1.1090e-02  1.4170e-02  8.3900e-03  1.1550e-02
  4909.33      2.0369  9.1500e-03  1.1060e-02  1.4140e-02  8.3900e-03  1.1610e-02
  4907.83      2.0376  9.1100e-03  1.1030e-02  1.4110e-02  8.5100e-03  1.1610e-02
  4906.33      2.0382  9.0800e-03  1.1000e-02  1.4090e-02  8.5900e-03  1.1610e-02
  4904.83      2.0388  9.0500e-03  1.0970e-02  1.4060e-02  8.5500e-03  1.1600e-02
  4903.33      2.0394  9.0100e-03  1.0930e-02  1.4020e-02  8.4500e-03  1.1540e-02
  4901.83      2.0401  8.9800e-03  1.0900e-02  1.4000e-02  8.3400e-03  1.1480e-02
  4900.33      2.0407  8.9600e-03  1.0880e-02  1.3970e-02  8.2100e-03  1.1430e-02
  4898.83      2.0413  8.9300e-03  1.0850e-02  1.3950e-02  8.0900e-03  1.1410e-02
  4897.33      2.0419  8.9200e-03  1.0840e-02  1.3940e-02  8.0800e-03  1.1430e-02
  4895.83      2.0426  8.8900e-03  1.0820e-02  1.3920e-02  8.2100e-03  1.1430e-02
  4894.33      2.0432  8.8700e-03  1.0800e-02  1.3900e-02  8.3900e-03  1.1380e-02
  4892.83      2.0438  8.8700e-03  1.0790e-02  1.3900e-02  8.5200e-03  1.1330e-02
  4891.33      2.0444  8.8500e-03  1.0770e-02  1.3880e-02  8.5400e-03  1.1280e-02
  4889.83      2.0451  8.8400e-03  1.0760e-02  1.3880e-02  8.4100e-03  1.1190e-02
  4888.33      2.0457  8.8200e-03  1.0740e-02  1.3860e-02  8.2000e-03  1.1130e-02
  4886.83      2.0463  8.8000e-03  1.0730e-02  1.3850e-02  8.1100e-03  1.1210e-02
  4885.33      2.0469  8.7800e-03  1.0710e-02  1.3830e-02  8.1400e-03  1.1390e-02
  4883.83      2.0476  8.7700e-03  1.0680e-02  1.3820e-02  8.1400e-03  1.1510e-02
  4882.33      2.0482  8.7500e-03  1.0670e-02  1.3800e-02  8.1500e-03  1.1570e-02
  4880.83      2.0488  8.7300e-03  1.0660e-02  1.3790e-02  8.2700e-03  1.1590e-02
  4879.33      2.0495  8.7300e-03  1.0650e-02  1.3790e-02  8.3000e-03  1.1480e-02
  4877.83      2.0501  8.7200e-03  1.0640e-02  1.3790e-02  8.2100e-03  1.1280e-02
  4876.33      2.0507  8.7200e-03  1.0640e-02  1.3790e-02  8.1300e-03  1.1180e-02
  4874.83      2.0514  8.7200e-03  1.0650e-02  1.3790e-02  8.0700e-03  1.1150e-02
  4873.33      2.0520  8.7200e-03  1.0650e-02  1.3800e-02  7.9700e-03  1.1170e-02
  4871.83      2.0526  8.7300e-03  1.0660e-02  1.3810e-02  7.9600e-03  1.1310e-02
  4870.32      2.0533  8.7300e-03  1.0660e-02  1.3810e-02  8.0900e-03  1.1560e-02
  4868.82      2.0539  8.7300e-03  1.0660e-02  1.3820e-02  8.2500e-03  1.1670e-02
  4867.32      2.0545  8.7300e-03  1.0660e-02  1.3820e-02  8.3000e-03  1.1620e-02
  4865.82      2.0552  8.7300e-03  1.0660e-02  1.3820e-02  8.2600e-03  1.1520e-02
  4864.32      2.0558  8.7200e-03  1.0650e-02  1.3820e-02  8.1900e-03  1.1350e-02
  4862.82      2.0564  8.7100e-03  1.0640e-02  1.3810e-02  8.1200e-03  1.1170e-02
  4861.32      2.0571  8.7000e-03  1.0630e-02  1.3800e-02  8.0800e-03  1.1150e-02
  4859.82      2.0577  8.6900e-03  1.0620e-02  1.3800e-02  8.1900e-03  1.1300e-02
  4858.32      2.0583  8.6700e-03  1.0600e-02  1.3780e-02  8.3500e-03  1.1410e-02
  4856.82      2.0590  8.6500e-03  1.0580e-02  1.3760e-02  8.3000e-03  1.1380e-02
  4855.32      2.0596  8.6400e-03  1.0570e-02  1.3760e-02  8.0000e-03  1.1230e-02
  4853.82      2.0602  8.6200e-03  1.0550e-02  1.3740e-02  7.7300e-03  1.1090e-02
  4852.32      2.0609  8.6100e-03  1.0540e-02  1.3730e-02  7.7200e-03  1.1070e-02
  4850.82      2.0615  8.5800e-03  1.0510e-02  1.3710e-02  7.9000e-03  1.1180e-02
  4849.32      2.0621  8.5700e-03  1.0500e-02  1.3710e-02  7.9900e-03  1.1230e-02
  4847.82      2.0628  8.5500e-03  1.0480e-02  1.3690e-02  7.8700e-03  1.1060e-02
  4846.32      2.0634  8.5400e-03  1.0480e-02  1.3680e-02  7.6700e-03  1.0850e-02
  4844.82      2.0641  8.5200e-03  1.0460e-02  1.3670e-02  7.7000e-03  1.0850e-02
  4843.32      2.0647  8.5200e-03  1.0440e-02  1.3660e-02  8.0000e-03  1.1010e-02
  4841.82      2.0653  8.5000e-03  1.0440e-02  1.3660e-02  8.2800e-03  1.1150e-02
  4840.32      2.0660  8.4900e-03  1.0420e-02  1.3650e-02  8.3100e-03  1.1180e-02
  4838.82      2.0666  8.4800e-03  1.0410e-02  1.3640e-02  8.1600e-03  1.1120e-02
  4837.32      2.0673  8.4700e-03  1.0400e-02  1.3630e-02  8.0300e-03  1.1070e-02
  4835.82      2.0679  8.4600e-03  1.0400e-02  1.3630e-02  7.9700e-03  1.1170e-02
  4834.32      2.0685  8.4600e-03  1.0390e-02  1.3630e-02  7.9200e-03  1.1220e-02
  4832.82      2.0692  8.4500e-03  1.0390e-02  1.3630e-02  7.8600e-03  1.1030e-02
  4831.32      2.0698  8.4400e-03  1.0380e-02  1.3620e-02  7.8000e-03  1.0770e-02
  4829.82      2.0705  8.4300e-03  1.0370e-02  1.3620e-02  7.8100e-03  1.0720e-02
  4828.32      2.0711  8.4300e-03  1.0370e-02  1.3620e-02  7.9000e-03  1.0880e-02
  4826.82      2.0718  8.4300e-03  1.0360e-02  1.3620e-02  8.0000e-03  1.1030e-02
  4825.32      2.0724  8.4300e-03  1.0360e-02  1.3620e-02  8.0500e-03  1.1080e-02
  4823.82      2.0730  8.4300e-03  1.0360e-02  1.3630e-02  8.0500e-03  1.1070e-02
  4822.32      2.0737  8.4300e-03  1.0370e-02  1.3630e-02  8.0000e-03  1.1020e-02
  4820.82      2.0743  8.4200e-03  1.0360e-02  1.3640e-02  7.9200e-03  1.1040e-02
  4819.32      2.0750  8.4200e-03  1.0360e-02  1.3640e-02  7.8400e-03  1.1160e-02
  4817.82      2.0756  8.4100e-03  1.0350e-02  1.3630e-02  7.7300e-03  1.1170e-02
  4816.32      2.0763  8.4100e-03  1.0350e-02  1.3630e-02  7.6400e-03  1.0960e-02
  4814.82      2.0769  8.4100e-03  1.0350e-02  1.3640e-02  7.7300e-03  1.0700e-02
  4813.32      2.0776  8.4100e-03  1.0350e-02  1.3640e-02  7.9100e-03  1.0610e-02
  4811.82      2.0782  8.4100e-03  1.0350e-02  1.3640e-02  8.0200e-03  1.0750e-02
  4810.32      2.0789  8.4000e-03  1.0340e-02  1.3640e-02  8.0500e-03  1.0910e-02
  4808.82      2.0795  8.3900e-03  1.0330e-02  1.3630e-02  7.9500e-03  1.0870e-02
  4807.32      2.0802  8.3700e-03  1.0320e-02  1.3630e-02  7.7400e-03  1.0730e-02
  4805.82      2.0808  8.3700e-03  1.0310e-02  1.3620e-02  7.5900e-03  1.0670e-02
  4804.32      2.0815  8.3500e-03  1.0290e-02  1.3610e-02  7.6300e-03  1.0680e-02
  4802.82      2.0821  8.3400e-03  1.0280e-02  1.3590e-02  7.7400e-03  1.0740e-02
  4801.32      2.0828  8.3100e-03  1.0250e-02  1.3580e-02  7.8100e-03  1.0810e-02
  4799.82      2.0834  8.2800e-03  1.0230e-02  1.3550e-02  7.7800e-03  1.0870e-02
  4798.32      2.0841  8.2500e-03  1.0200e-02  1.3530e-02  7.7100e-03  1.1030e-02
  4796.82      2.0847  8.2200e-03  1.0170e-02  1.3500e-02  7.7000e-03  1.1220e-02
  4795.32      2.0854  8.1900e-03  1.0130e-02  1.3480e-02  7.7600e-03  1.1260e-02
  4793.82      2.0860  8.1600e-03  1.0100e-02  1.3450e-02  7.8200e-03  1.1130e-02
  4792.32      2.0867  8.1300e-03  1.0080e-02  1.3430e-02  7.8500e-03  1.1030e-02
  4790.82      2.0873  8.1100e-03  1.0050e-02  1.3410e-02  7.8600e-03  1.1010e-02
  4789.32      2.0880  8.0800e-03  1.0030e-02  1.3390e-02  7.7900e-03  1.0980e-02
  4787.82      2.0886  8.0700e-03  1.0020e-02  1.3380e-02  7.6600e-03  1.0880e-02
  4786.32      2.0893  8.0500e-03  1.0000e-02  1.3370e-02  7.5400e-03  1.0790e-02
  4784.82      2.0899  8.0500e-03  9.9900e-03  1.3370e-02  7.4600e-03  1.0800e-02
  4783.32      2.0906  8.0300e-03  9.9800e-03  1.3360e-02  7.4500e-03  1.0860e-02
  4781.82      2.0913  8.0200e-03  9.9700e-03  1.3350e-02  7.4800e-03  1.0920e-02
  4780.32      2.0919  8.0100e-03  9.9500e-03  1.3340e-02  7.5200e-03  1.0870e-02
  4778.82      2.0926  8.0000e-03  9.9400e-03  1.3330e-02  7.6800e-03  1.0740e-02
  4777.32      2.0932  7.9700e-03  9.9200e-03  1.3320e-02  7.9700e-03  1.0650e-02
  4775.82      2.0939  7.9500e-03  9.9000e-03  1.3310e-02  8.1600e-03  1.0670e-02
  4774.32      2.0945  7.9400e-03  9.8900e-03  1.3300e-02  8.1400e-03  1.0750e-02
  4772.82      2.0952  7.9200e-03  9.8700e-03  1.3280e-02  7.9800e-03  1.0750e-02
  4771.32      2.0959  7.9100e-03  9.8600e-03  1.3270e-02  7.8000e-03  1.0580e-02
  4769.82      2.0965  7.8800e-03  9.8300e-03  1.3250e-02  7.7500e-03  1.0370e-02
  4768.32      2.0972  7.8600e-03  9.8100e-03  1.3240e-02  7.9300e-03  1.0370e-02
  4766.82      2.0978  7.8400e-03  9.7900e-03  1.3220e-02  8.2000e-03  1.0580e-02
  4765.32      2.0985  7.8300e-03  9.7800e-03  1.3220e-02  8.4000e-03  1.0770e-02
  4763.82      2.0992  7.8100e-03  9.7600e-03  1.3210e-02  8.4700e-03  1.0830e-02
  4762.32      2.0998  7.8100e-03  9.7600e-03  1.3200e-02  8.4300e-03  1.0800e-02
  4760.82      2.1005  7.7900e-03  9.7400e-03  1.3190e-02  8.3200e-03  1.0700e-02
  4759.32      2.1011  7.7700e-03  9.7200e-03  1.3180e-02  8.1700e-03  1.0600e-02
  4757.82      2.1018  7.7700e-03  9.7200e-03  1.3180e-02  8.0100e-03  1.0670e-02
  4756.32      2.1025  7.7600e-03  9.7100e-03  1.3180e-02  7.9000e-03  1.0880e-02
  4754.82      2.1031  7.7600e-03  9.7100e-03  1.3180e-02  7.8600e-03  1.1040e-02
  4753.32      2.1038  7.7500e-03  9.7000e-03  1.3180e-02  7.9300e-03  1.1090e-02
  4751.82      2.1045  7.7500e-03  9.7000e-03  1.3180e-02  8.0700e-03  1.1130e-02
  4750.32      2.1051  7.7400e-03  9.6900e-03  1.3180e-02  8.1200e-03  1.1140e-02
  4748.82      2.1058  7.7300e-03  9.6900e-03  1.3180e-02  8.0800e-03  1.0940e-02
  4747.32      2.1065  7.7300e-03  9.6800e-03  1.3180e-02  8.0100e-03  1.0650e-02
  4745.82      2.1071  7.7200e-03  9.6800e-03  1.3180e-02  7.9800e-03  1.0500e-02
  4744.32      2.1078  7.7200e-03  9.6700e-03  1.3180e-02  8.0500e-03  1.0530e-02
  4742.82      2.1085  7.7100e-03  9.6600e-03  1.3180e-02  8.0500e-03  1.0580e-02
  4741.32      2.1091  7.7000e-03  9.6500e-03  1.3170e-02  7.9000e-03  1.0600e-02
  4739.82      2.1098  7.6800e-03  9.6300e-03  1.3160e-02  7.6800e-03  1.0570e-02
  4738.31      2.1105  7.6700e-03  9.6200e-03  1.3150e-02  7.5200e-03  1.0580e-02
  4736.81      2.1111  7.6400e-03  9.6000e-03  1.3140e-02  7.4600e-03  1.0670e-02
  4735.31      2.1118  7.6300e-03  9.5700e-03  1.3120e-02  7.5500e-03  1.0690e-02
  4733.81      2.1125  7.6000e-03  9.5500e-03  1.3110e-02  7.6700e-03  1.0560e-02
  4732.31      2.1131  7.5700e-03  9.5300e-03  1.3080e-02  7.7000e-03  1.0420e-02
  4730.81      2.1138  7.5400e-03  9.5000e-03  1.3060e-02  7.6800e-03  1.0380e-02
  4729.31      2.1145  7.5000e-03  9.4600e-03  1.3030e-02  7.6500e-03  1.0340e-02
  4727.81      2.1151  7.4700e-03  9.4300e-03  1.3010e-02  7.5400e-03  1.0290e-02
  4726.31      2.1158  7.4400e-03  9.4000e-03  1.2980e-02  7.4300e-03  1.0250e-02
  4724.81      2.1165  7.4200e-03  9.3700e-03  1.2970e-02  7.3700e-03  1.0200e-02
  4723.31      2.1172  7.3900e-03  9.3500e-03  1.2950e-02  7.3400e-03  1.0140e-02
  4721.81      2.1178  7.3700e-03  9.3200e-03  1.2920e-02  7.3500e-03  1.0180e-02
  4720.31      2.1185  7.3500e-03  9.3000e-03  1.2910e-02  7.4200e-03  1.0270e-02
  4718.81      2.1192  7.3200e-03  9.2800e-03  1.2890e-02  7.4600e-03  1.0240e-02
  4717.31      2.1199  7.3100e-03  9.2600e-03  1.2890e-02  7.4000e-03  1.0120e-02
  4715.81      2.1205  7.2800e-03  9.2300e-03  1.2870e-02  7.3100e-03  1.0040e-02
  4714.31      2.1212  7.2500e-03  9.2100e-03  1.2850e-02  7.2200e-03  9.9800e-03
  4712.81      2.1219  7.2200e-03  9.1700e-03  1.2820e-02  7.2300e-03  9.9600e-03
  4711.31      2.1226  7.1800e-03  9.1400e-03  1.2790e-02  7.3400e-03  1.0050e-02
  4709.81      2.1232  7.1300e-03  9.0900e-03  1.2750e-02  7.3900e-03  1.0180e-02
  4708.31      2.1239  7.0800e-03  9.0300e-03  1.2700e-02  7.2700e-03  1.0180e-02
  4706.81      2.1246  7.0400e-03  8.9900e-03  1.2670e-02  7.1400e-03  1.0070e-02
  4705.31      2.1253  6.9800e-03  8.9400e-03  1.2620e-02  7.1700e-03  1.0020e-02
  4703.81      2.1259  6.9400e-03  8.8900e-03  1.2590e-02  7.2900e-03  1.0060e-02
  4702.31      2.1266  6.9000e-03  8.8500e-03  1.2550e-02  7.4300e-03  1.0000e-02
  4700.81      2.1273  6.8800e-03  8.8400e-03  1.2540e-02  7.5700e-03  9.8800e-03
  4699.31      2.1280  6.8700e-03  8.8300e-03  1.2540e-02  7.5900e-03  9.8200e-03
  4697.81      2.1287  6.8900e-03  8.8400e-03  1.2560e-02  7.5100e-03  9.8700e-03
  4696.31      2.1293  6.9200e-03  8.8700e-03  1.2600e-02  7.4600e-03  9.9700e-03
  4694.81      2.1300  6.9700e-03  8.9200e-03  1.2650e-02  7.4000e-03  1.0060e-02
  4693.31      2.1307  7.0100e-03  8.9600e-03  1.2710e-02  7.2800e-03  1.0100e-02
  4691.81      2.1314  7.0800e-03  9.0300e-03  1.2780e-02  7.2100e-03  1.0020e-02
  4690.31      2.1321  7.1300e-03  9.0800e-03  1.2840e-02  7.2800e-03  9.8400e-03
  4688.81      2.1327  7.1800e-03  9.1300e-03  1.2900e-02  7.3000e-03  9.7600e-03
  4687.31      2.1334  7.2300e-03  9.1800e-03  1.2960e-02  7.2000e-03  9.8300e-03
  4685.81      2.1341  7.2600e-03  9.2100e-03  1.3000e-02  7.1200e-03  9.8300e-03
  4684.31      2.1348  7.2700e-03  9.2200e-03  1.3030e-02  7.0500e-03  9.6700e-03
  4682.81      2.1355  7.2700e-03  9.2200e-03  1.3030e-02  6.9000e-03  9.4600e-03
  4681.31      2.1362  7.2500e-03  9.2000e-03  1.3030e-02  6.7800e-03  9.2600e-03
  4679.81      2.1368  7.2200e-03  9.1700e-03  1.3010e-02  6.8000e-03  9.1800e-03
  4678.31      2.1375  7.1800e-03  9.1300e-03  1.2980e-02  6.8400e-03  9.3000e-03
  4676.81      2.1382  7.1300e-03  9.0800e-03  1.2940e-02  6.8100e-03  9.4700e-03
  4675.31      2.1389  7.0900e-03  9.0400e-03  1.2900e-02  6.8400e-03  9.5200e-03
  4673.81      2.1396  7.0500e-03  9.0000e-03  1.2870e-02  6.9500e-03  9.4600e-03
  4672.31      2.1403  7.0100e-03  8.9600e-03  1.2850e-02  6.9600e-03  9.3500e-03
  4670.81      2.1410  6.9800e-03  8.9300e-03  1.2830e-02  6.9200e-03  9.2300e-03
  4669.31      2.1416  6.9700e-03  8.9200e-03  1.2820e-02  6.9900e-03  9.1600e-03
  4667.81      2.1423  6.9600e-03  8.9100e-03  1.2820e-02  7.1200e-03  9.1400e-03
  4666.31      2.1430  6.9600e-03  8.9100e-03  1.2840e-02  7.1500e-03  9.2300e-03
  4664.81      2.1437  6.9700e-03  8.9200e-03  1.2860e-02  7.0700e-03  9.3800e-03
  4663.31      2.1444  6.9800e-03  8.9200e-03  1.2870e-02  6.9400e-03  9.4500e-03
  4661.81      2.1451  6.9900e-03  8.9300e-03  1.2900e-02  6.8500e-03  9.4100e-03
  4660.31      2.1458  7.0000e-03  8.9400e-03  1.2920e-02  6.9000e-03  9.4000e-03
  4658.81      2.1465  7.0000e-03  8.9500e-03  1.2940e-02  6.9600e-03  9.4300e-03
  4657.31      2.1472  7.0000e-03  8.9500e-03  1.2950e-02  6.8900e-03  9.4100e-03
  4655.81      2.1479  7.0000e-03  8.9400e-03  1.2960e-02  6.7200e-03  9.2900e-03
  4654.31      2.1485  6.9800e-03  8.9300e-03  1.2950e-02  6.5900e-03  9.2100e-03
  4652.81      2.1492  6.9600e-03  8.9000e-03  1.2950e-02  6.5800e-03  9.2100e-03
  4651.31      2.1499  6.9300e-03  8.8700e-03  1.2930e-02  6.6300e-03  9.2700e-03
  4649.81      2.1506  6.9100e-03  8.8400e-03  1.2920e-02  6.6500e-03  9.3500e-03
  4648.31      2.1513  6.8700e-03  8.8000e-03  1.2900e-02  6.6300e-03  9.4000e-03
  4646.81      2.1520  6.8300e-03  8.7700e-03  1.2890e-02  6.6100e-03  9.3200e-03
  4645.31      2.1527  6.8000e-03  8.7400e-03  1.2870e-02  6.6800e-03  9.2000e-03
  4643.81      2.1534  6.7700e-03  8.7000e-03  1.2850e-02  6.7300e-03  9.1500e-03
  4642.31      2.1541  6.7400e-03  8.6700e-03  1.2840e-02  6.7200e-03  9.1300e-03
  4640.81      2.1548  6.7100e-03  8.6400e-03  1.2820e-02  6.7200e-03  9.0900e-03
  4639.31      2.1555  6.6900e-03  8.6200e-03  1.2820e-02  6.7100e-03  9.0100e-03
  4637.81      2.1562  6.6600e-03  8.5900e-03  1.2810e-02  6.5300e-03  8.9700e-03
  4636.31      2.1569  6.6500e-03  8.5800e-03  1.2810e-02  6.3200e-03  9.0500e-03
  4634.81      2.1576  6.6300e-03  8.5600e-03  1.2820e-02  6.2500e-03  9.1400e-03
  4633.31      2.1583  6.6200e-03  8.5500e-03  1.2830e-02  6.3500e-03  9.1200e-03
  4631.81      2.1590  6.6100e-03  8.5400e-03  1.2840e-02  6.5200e-03  9.0400e-03
  4630.31      2.1597  6.6100e-03  8.5300e-03  1.2850e-02  6.6800e-03  8.9700e-03
  4628.81      2.1604  6.5900e-03  8.5100e-03  1.2860e-02  6.7100e-03  8.9000e-03
  4627.31      2.1611  6.5800e-03  8.5000e-03  1.2880e-02  6.6600e-03  8.7600e-03
  4625.81      2.1618  6.5700e-03  8.4900e-03  1.2890e-02  6.5900e-03  8.6200e-03
  4624.31      2.1625  6.5600e-03  8.4800e-03  1.2910e-02  6.5100e-03  8.6400e-03
  4622.81      2.1632  6.5500e-03  8.4600e-03  1.2920e-02  6.4300e-03  8.8200e-03
  4621.31      2.1639  6.5300e-03  8.4400e-03  1.2930e-02  6.3900e-03  8.9700e-03
  4619.81      2.1646  6.5000e-03  8.4100e-03  1.2940e-02  6.4700e-03  9.0300e-03
  4618.31      2.1653  6.4800e-03  8.3800e-03  1.2940e-02  6.6200e-03  9.0100e-03
  4616.81      2.1660  6.4500e-03  8.3600e-03  1.2950e-02  6.7600e-03  8.9200e-03
  4615.31      2.1667  6.4400e-03  8.3300e-03  1.2970e-02  6.9100e-03  8.8200e-03
  4613.81      2.1674  6.4200e-03  8.3100e-03  1.3000e-02  7.0000e-03  8.8100e-03
  4612.31      2.1681  6.4100e-03  8.2900e-03  1.3020e-02  6.9000e-03  8.8800e-03
  4610.81      2.1688  6.3900e-03  8.2600e-03  1.3050e-02  6.7200e-03  8.8900e-03
  4609.31      2.1695  6.3800e-03  8.2400e-03  1.3100e-02  6.6900e-03  8.8200e-03
  4607.81      2.1702  6.3600e-03  8.2100e-03  1.3140e-02  6.7700e-03  8.8600e-03
  4606.31      2.1709  6.3400e-03  8.1900e-03  1.3190e-02  6.7300e-03  8.9800e-03
  4604.81      2.1716  6.3200e-03  8.1600e-03  1.3260e-02  6.5600e-03  8.9200e-03
  4603.31      2.1724  6.3000e-03  8.1500e-03  1.3320e-02  6.4000e-03  8.7600e-03
  4601.80      2.1731  6.2700e-03  8.1300e-03  1.3400e-02  6.3500e-03  8.7300e-03
  4600.30      2.1738  6.2400e-03  8.1000e-03  1.3470e-02  6.3800e-03  8.8100e-03
  4598.80      2.1745  6.2000e-03  8.0900e-03  1.3530e-02  6.4500e-03  8.8500e-03
  4597.30      2.1752  6.1700e-03  8.0700e-03  1.3600e-02  6.5100e-03  8.9000e-03
  4595.80      2.1759  6.1500e-03  8.0700e-03  1.3650e-02  6.5400e-03  8.9700e-03
  4594.30      2.1766  6.1300e-03  8.0800e-03  1.3700e-02  6.5500e-03  9.0400e-03
  4592.80      2.1773  6.1300e-03  8.1000e-03  1.3750e-02  6.5600e-03  9.1400e-03
  4591.30      2.1780  6.1600e-03  8.1300e-03  1.3780e-02  6.6100e-03  9.2000e-03
  4589.80      2.1787  6.2000e-03  8.1600e-03  1.3800e-02  6.6600e-03  9.1500e-03
  4588.30      2.1795  6.2500e-03  8.2100e-03  1.3790e-02  6.5900e-03  9.0300e-03
  4586.80      2.1802  6.3300e-03  8.2600e-03  1.3780e-02  6.4800e-03  8.9400e-03
  4585.30      2.1809  6.4100e-03  8.3100e-03  1.3750e-02  6.4700e-03  8.9400e-03
  4583.80      2.1816  6.4900e-03  8.3700e-03  1.3720e-02  6.5400e-03  8.9700e-03
  4582.30      2.1823  6.5800e-03  8.4200e-03  1.3670e-02  6.5700e-03  8.9600e-03
  4580.80      2.1830  6.6700e-03  8.4600e-03  1.3630e-02  6.5800e-03  8.9300e-03
  4579.30      2.1837  6.7400e-03  8.5100e-03  1.3590e-02  6.6300e-03  8.8800e-03
  4577.80      2.1845  6.8200e-03  8.5500e-03  1.3540e-02  6.6800e-03  8.8200e-03
  4576.30      2.1852  6.8700e-03  8.5800e-03  1.3510e-02  6.6500e-03  8.8100e-03
  4574.80      2.1859  6.9200e-03  8.6200e-03  1.3490e-02  6.5400e-03  8.8200e-03
  4573.30      2.1866  6.9600e-03  8.6500e-03  1.3470e-02  6.4700e-03  8.7500e-03
  4571.80      2.1873  6.9900e-03  8.6800e-03  1.3460e-02  6.5400e-03  8.6200e-03
  4570.30      2.1880  7.0200e-03  8.7300e-03  1.3470e-02  6.6800e-03  8.5600e-03
  4568.80      2.1888  7.0400e-03  8.7800e-03  1.3480e-02  6.7800e-03  8.6600e-03
  4567.30      2.1895  7.0600e-03  8.8400e-03  1.3500e-02  6.8600e-03  8.8100e-03
  4565.80      2.1902  7.0800e-03  8.8900e-03  1.3510e-02  6.8600e-03  8.9000e-03
  4564.30      2.1909  7.1000e-03  8.9500e-03  1.3520e-02  6.7300e-03  8.8500e-03
  4562.80      2.1916  7.1100e-03  8.9900e-03  1.3530e-02  6.4800e-03  8.7200e-03
  4561.30      2.1924  7.1300e-03  9.0400e-03  1.3550e-02  6.2700e-03  8.6800e-03
  4559.80      2.1931  7.1600e-03  9.0800e-03  1.3560e-02  6.2200e-03  8.8300e-03
  4558.30      2.1938  7.1700e-03  9.1100e-03  1.3560e-02  6.2900e-03  8.9800e-03
  4556.80      2.1945  7.2000e-03  9.1300e-03  1.3560e-02  6.4200e-03  8.9600e-03
  4555.30      2.1952  7.2100e-03  9.1400e-03  1.3550e-02  6.5900e-03  8.8700e-03
  4553.80      2.1960  7.2300e-03  9.1500e-03  1.3540e-02  6.7600e-03  8.8300e-03
  4552.30      2.1967  7.2500e-03  9.1500e-03  1.3540e-02  6.8000e-03  8.9000e-03
  4550.80      2.1974  7.2800e-03  9.1400e-03  1.3530e-02  6.7400e-03  8.9900e-03
  4549.30      2.1981  7.3100e-03  9.1400e-03  1.3530e-02  6.6200e-03  8.9600e-03
  4547.80      2.1989  7.3300e-03  9.1500e-03  1.3530e-02  6.5000e-03  8.9100e-03
  4546.30      2.1996  7.3600e-03  9.1700e-03  1.3530e-02  6.4700e-03  8.9200e-03
  4544.80      2.2003  7.3700e-03  9.1800e-03  1.3530e-02  6.5800e-03  8.9000e-03
  4543.30      2.2010  7.3900e-03  9.2000e-03  1.3530e-02  6.6600e-03  8.8300e-03
  4541.80      2.2018  7.4000e-03  9.2100e-03  1.3530e-02  6.6300e-03  8.8800e-03
  4540.30      2.2025  7.4200e-03  9.2400e-03  1.3540e-02  6.6300e-03  8.9600e-03
  4538.80      2.2032  7.4300e-03  9.2600e-03  1.3540e-02  6.7100e-03  8.8800e-03
  4537.30      2.2040  7.4400e-03  9.2800e-03  1.3540e-02  6.7400e-03  8.7500e-03
  4535.80      2.2047  7.4500e-03  9.3000e-03  1.3540e-02  6.7300e-03  8.7600e-03
  4534.30      2.2054  7.4500e-03  9.3200e-03  1.3530e-02  6.8000e-03  8.8500e-03
  4532.80      2.2061  7.4600e-03  9.3400e-03  1.3520e-02  6.8800e-03  8.9300e-03
  4531.30      2.2069  7.4600e-03  9.3500e-03  1.3510e-02  6.8700e-03  8.9800e-03
  4529.80      2.2076  7.4800e-03  9.3800e-03  1.3510e-02  6.7900e-03  8.9700e-03
  4528.30      2.2083  7.4800e-03  9.3900e-03  1.3500e-02  6.7400e-03  8.9700e-03
  4526.80      2.2091  7.5000e-03  9.4100e-03  1.3490e-02  6.7800e-03  9.0000e-03
  4525.30      2.2098  7.5100e-03  9.4200e-03  1.3490e-02  6.7500e-03  9.0100e-03
  4523.80      2.2105  7.5300e-03  9.4400e-03  1.3470e-02  6.5500e-03  8.9800e-03
  4522.30      2.2113  7.5300e-03  9.4500e-03  1.3470e-02  6.4300e-03  8.8900e-03
  4520.80      2.2120  7.5400e-03  9.4700e-03  1.3460e-02  6.5500e-03  8.7500e-03
  4519.30      2.2127  7.5400e-03  9.4800e-03  1.3450e-02  6.6900e-03  8.7200e-03
  4517.80      2.2135  7.5400e-03  9.4900e-03  1.3440e-02  6.6800e-03  8.8000e-03
  4516.30      2.2142  7.5300e-03  9.5000e-03  1.3420e-02  6.6400e-03  8.8400e-03
  4514.80      2.2149  7.5300e-03  9.5000e-03  1.3410e-02  6.7000e-03  8.8000e-03
  4513.30      2.2157  7.5300e-03  9.5200e-03  1.3380e-02  6.7500e-03  8.7600e-03
  4511.80      2.2164  7.5200e-03  9.5200e-03  1.3370e-02  6.7100e-03  8.7500e-03
  4510.30      2.2171  7.5100e-03  9.5400e-03  1.3350e-02  6.6000e-03  8.8400e-03
  4508.80      2.2179  7.5000e-03  9.5400e-03  1.3330e-02  6.4800e-03  8.9900e-03
  4507.30      2.2186  7.5000e-03  9.5600e-03  1.3310e-02  6.4300e-03  9.0300e-03
  4505.80      2.2194  7.5000e-03  9.5700e-03  1.3290e-02  6.5500e-03  8.9400e-03
  4504.30      2.2201  7.5100e-03  9.5800e-03  1.3280e-02  6.7100e-03  8.8900e-03
  4502.80      2.2208  7.5100e-03  9.6000e-03  1.3260e-02  6.6900e-03  8.9400e-03
  4501.30      2.2216  7.5100e-03  9.6000e-03  1.3260e-02  6.5300e-03  9.0100e-03
  4499.80      2.2223  7.5200e-03  9.6200e-03  1.3240e-02  6.4900e-03  9.0200e-03
  4498.30      2.2231  7.5200e-03  9.6200e-03  1.3230e-02  6.5900e-03  9.0200e-03
  4496.80      2.2238  7.5400e-03  9.6300e-03  1.3230e-02  6.6100e-03  9.0600e-03
  4495.30      2.2245  7.5500e-03  9.6300e-03  1.3230e-02  6.5000e-03  9.0800e-03
  4493.80      2.2253  7.5600e-03  9.6400e-03  1.3230e-02  6.4200e-03  9.0700e-03
  4492.30      2.2260  7.5700e-03  9.6500e-03  1.3240e-02  6.4800e-03  9.0600e-03
  4490.80      2.2268  7.5700e-03  9.6600e-03  1.3250e-02  6.5500e-03  9.0400e-03
  4489.30      2.2275  7.5800e-03  9.6700e-03  1.3270e-02  6.5100e-03  8.9900e-03
  4487.80      2.2283  7.5800e-03  9.6700e-03  1.3290e-02  6.3800e-03  8.9000e-03
  4486.30      2.2290  7.5800e-03  9.6900e-03  1.3330e-02  6.2400e-03  8.8000e-03
  4484.80      2.2298  7.5800e-03  9.7000e-03  1.3350e-02  6.1500e-03  8.7900e-03
  4483.30      2.2305  7.5700e-03  9.7200e-03  1.3370e-02  6.1600e-03  8.8800e-03
  4481.80      2.2312  7.5700e-03  9.7300e-03  1.3380e-02  6.2800e-03  8.9100e-03
  4480.30      2.2320  7.5600e-03  9.7500e-03  1.3400e-02  6.4100e-03  8.8500e-03
  4478.80      2.2327  7.5500e-03  9.7700e-03  1.3410e-02  6.4900e-03  8.7900e-03
  4477.30      2.2335  7.5400e-03  9.7800e-03  1.3410e-02  6.4300e-03  8.7700e-03
  4475.80      2.2342  7.5400e-03  9.8000e-03  1.3400e-02  6.2700e-03  8.7600e-03
  4474.30      2.2350  7.5400e-03  9.8100e-03  1.3390e-02  6.1800e-03  8.7700e-03
  4472.80      2.2357  7.5400e-03  9.8200e-03  1.3370e-02  6.1600e-03  8.7800e-03
  4471.30      2.2365  7.5500e-03  9.8300e-03  1.3350e-02  6.1200e-03  8.7400e-03
  4469.79      2.2372  7.5600e-03  9.8400e-03  1.3330e-02  6.0700e-03  8.7100e-03
  4468.29      2.2380  7.5700e-03  9.8500e-03  1.3310e-02  6.0200e-03  8.7800e-03
  4466.79      2.2387  7.5900e-03  9.8500e-03  1.3310e-02  5.9900e-03  8.8900e-03
  4465.29      2.2395  7.6100e-03  9.8500e-03  1.3310e-02  6.1000e-03  8.9300e-03
  4463.79      2.2402  7.6200e-03  9.8500e-03  1.3310e-02  6.2600e-03  8.8900e-03
  4462.29      2.2410  7.6400e-03  9.8700e-03  1.3310e-02  6.2600e-03  8.8200e-03
  4460.79      2.2418  7.6400e-03  9.8700e-03  1.3310e-02  6.1900e-03  8.8000e-03
  4459.29      2.2425  7.6500e-03  9.8900e-03  1.3320e-02  6.2500e-03  8.8400e-03
  4457.79      2.2433  7.6500e-03  9.9000e-03  1.3330e-02  6.3500e-03  8.8700e-03
  4456.29      2.2440  7.6600e-03  9.9100e-03  1.3350e-02  6.4300e-03  8.8000e-03
  4454.79      2.2448  7.6600e-03  9.9200e-03  1.3360e-02  6.5100e-03  8.7100e-03
  4453.29      2.2455  7.6600e-03  9.9300e-03  1.3380e-02  6.4800e-03  8.7400e-03
  4451.79      2.2463  7.6600e-03  9.9400e-03  1.3390e-02  6.2200e-03  8.9000e-03
  4450.29      2.2470  7.6700e-03  9.9500e-03  1.3400e-02  6.0000e-03  8.9900e-03
  4448.79      2.2478  7.6800e-03  9.9600e-03  1.3420e-02  6.0200e-03  8.9800e-03
  4447.29      2.2486  7.6800e-03  9.9600e-03  1.3430e-02  6.1400e-03  8.9800e-03
  4445.79      2.2493  7.6900e-03  9.9500e-03  1.3450e-02  6.1700e-03  9.0300e-03
  4444.29      2.2501  7.6900e-03  9.9400e-03  1.3460e-02  6.1700e-03  9.1400e-03
  4442.79      2.2508  7.6900e-03  9.9300e-03  1.3470e-02  6.1600e-03  9.1700e-03
  4441.29      2.2516  7.7000e-03  9.9300e-03  1.3470e-02  6.1900e-03  9.0400e-03
  4439.79      2.2524  7.7000e-03  9.9300e-03  1.3470e-02  6.2700e-03  8.9200e-03
  4438.29      2.2531  7.7000e-03  9.9300e-03  1.3460e-02  6.3200e-03  8.9300e-03
  4436.79      2.2539  7.7000e-03  9.9300e-03  1.3440e-02  6.2900e-03  8.9000e-03
  4435.29      2.2546  7.7000e-03  9.9200e-03  1.3420e-02  6.2700e-03  8.7300e-03
  4433.79      2.2554  7.7000e-03  9.9200e-03  1.3400e-02  6.2700e-03  8.5700e-03
  4432.29      2.2562  7.7000e-03  9.9200e-03  1.3370e-02  6.2400e-03  8.5700e-03
  4430.79      2.2569  7.7000e-03  9.9100e-03  1.3340e-02  6.1700e-03  8.6700e-03
  4429.29      2.2577  7.7100e-03  9.9100e-03  1.3310e-02  6.1300e-03  8.8200e-03
  4427.79      2.2585  7.7100e-03  9.9100e-03  1.3270e-02  6.1300e-03  8.9400e-03
  4426.29      2.2592  7.7200e-03  9.9000e-03  1.3250e-02  6.2300e-03  8.8800e-03
  4424.79      2.2600  7.7300e-03  9.8900e-03  1.3220e-02  6.3300e-03  8.7200e-03
  4423.29      2.2608  7.7300e-03  9.8800e-03  1.3210e-02  6.3300e-03  8.6500e-03
  4421.79      2.2615  7.7300e-03  9.8700e-03  1.3190e-02  6.2500e-03  8.7200e-03
  4420.29      2.2623  7.7300e-03  9.8700e-03  1.3170e-02  6.1700e-03  8.8500e-03
  4418.79      2.2631  7.7300e-03  9.8800e-03  1.3150e-02  6.1100e-03  8.9000e-03
  4417.29      2.2638  7.7200e-03  9.8800e-03  1.3150e-02  6.1000e-03  8.8600e-03
  4415.79      2.2646  7.7100e-03  9.8900e-03  1.3130e-02  6.1900e-03  8.7800e-03
  4414.29      2.2654  7.7100e-03  9.9000e-03  1.3130e-02  6.2500e-03  8.7500e-03
  4412.79      2.2661  7.7000e-03  9.9100e-03  1.3120e-02  6.2200e-03  8.7500e-03
  4411.29      2.2669  7.7000e-03  9.9200e-03  1.3120e-02  6.2000e-03  8.7600e-03
  4409.79      2.2677  7.7000e-03  9.9300e-03  1.3120e-02  6.2000e-03  8.7800e-03
  4408.29      2.2685  7.7100e-03  9.9500e-03  1.3120e-02  6.2000e-03  8.8200e-03
  4406.79      2.2692  7.7100e-03  9.9600e-03  1.3120e-02  6.2500e-03  8.8400e-03
  4405.29      2.2700  7.7100e-03  9.9900e-03  1.3140e-02  6.2500e-03  8.8000e-03
  4403.79      2.2708  7.7100e-03  1.0000e-02  1.3150e-02  6.0800e-03  8.7500e-03
  4402.29      2.2715  7.7100e-03  1.0030e-02  1.3170e-02  5.8800e-03  8.8000e-03
  4400.79      2.2723  7.6900e-03  1.0050e-02  1.3190e-02  5.8600e-03  8.9200e-03
  4399.29      2.2731  7.6800e-03  1.0060e-02  1.3220e-02  5.9400e-03  8.9700e-03
  4397.79      2.2739  7.6500e-03  1.0080e-02  1.3240e-02  5.8800e-03  8.9800e-03
  4396.29      2.2746  7.6400e-03  1.0090e-02  1.3260e-02  5.7500e-03  9.0000e-03
  4394.79      2.2754  7.6200e-03  1.0110e-02  1.3290e-02  5.8000e-03  8.9500e-03
  4393.29      2.2762  7.6100e-03  1.0110e-02  1.3300e-02  6.0000e-03  8.8100e-03
  4391.79      2.2770  7.6000e-03  1.0110e-02  1.3320e-02  6.0900e-03  8.7000e-03
  4390.29      2.2778  7.6000e-03  1.0110e-02  1.3330e-02  6.0600e-03  8.6400e-03
  4388.79      2.2785  7.6100e-03  1.0100e-02  1.3350e-02  6.1400e-03  8.6400e-03
  4387.29      2.2793  7.6300e-03  1.0090e-02  1.3360e-02  6.2800e-03  8.6900e-03
  4385.79      2.2801  7.6500e-03  1.0090e-02  1.3360e-02  6.2200e-03  8.7200e-03
  4384.29      2.2809  7.6700e-03  1.0080e-02  1.3360e-02  5.9900e-03  8.7100e-03
  4382.79      2.2817  7.6900e-03  1.0080e-02  1.3350e-02  5.8400e-03  8.7500e-03
  4381.29      2.2824  7.7100e-03  1.0070e-02  1.3350e-02  5.9100e-03  8.8300e-03
  4379.79      2.2832  7.7200e-03  1.0070e-02  1.3360e-02  6.0600e-03  8.8100e-03
  4378.29      2.2840  7.7400e-03  1.0070e-02  1.3360e-02  6.1000e-03  8.6700e-03
  4376.79      2.2848  7.7400e-03  1.0070e-02  1.3360e-02  5.9900e-03  8.5700e-03
  4375.29      2.2856  7.7300e-03  1.0080e-02  1.3370e-02  5.8900e-03  8.5500e-03
  4373.79      2.2863  7.7200e-03  1.0100e-02  1.3370e-02  5.9100e-03  8.5700e-03
  4372.29      2.2871  7.7200e-03  1.0110e-02  1.3380e-02  6.0500e-03  8.7100e-03
  4370.79      2.2879  7.7100e-03  1.0140e-02  1.3390e-02  6.2300e-03  8.8500e-03
  4369.29      2.2887  7.7000e-03  1.0150e-02  1.3400e-02  6.2900e-03  8.7900e-03
  4367.79      2.2895  7.6900e-03  1.0180e-02  1.3410e-02  6.1700e-03  8.6000e-03
  4366.29      2.2903  7.6800e-03  1.0210e-02  1.3420e-02  5.9700e-03  8.5000e-03
  4364.79      2.2911  7.6600e-03  1.0240e-02  1.3410e-02  5.8700e-03  8.5200e-03
  4363.29      2.2919  7.6500e-03  1.0260e-02  1.3410e-02  5.8600e-03  8.5000e-03
  4361.79      2.2926  7.6400e-03  1.0280e-02  1.3390e-02  5.8800e-03  8.4200e-03
  4360.29      2.2934  7.6300e-03  1.0300e-02  1.3380e-02  5.9200e-03  8.4400e-03
  4358.79      2.2942  7.6200e-03  1.0310e-02  1.3360e-02  5.9100e-03  8.6000e-03
  4357.29      2.2950  7.6100e-03  1.0320e-02  1.3340e-02  5.7900e-03  8.6800e-03
  4355.79      2.2958  7.6000e-03  1.0320e-02  1.3330e-02  5.6800e-03  8.5900e-03
  4354.29      2.2966  7.6000e-03  1.0310e-02  1.3300e-02  5.7100e-03  8.4700e-03
  4352.79      2.2974  7.6100e-03  1.0300e-02  1.3290e-02  5.7700e-03  8.4300e-03
  4351.29      2.2982  7.6200e-03  1.0280e-02  1.3280e-02  5.7200e-03  8.3400e-03
  4349.79      2.2990  7.6200e-03  1.0260e-02  1.3280e-02  5.6900e-03  8.1600e-03
  4348.29      2.2998  7.6400e-03  1.0240e-02  1.3290e-02  5.8100e-03  8.1000e-03
  4346.79      2.3006  7.6600e-03  1.0220e-02  1.3310e-02  5.9800e-03  8.2200e-03
  4345.29      2.3013  7.6600e-03  1.0200e-02  1.3330e-02  6.0900e-03  8.2800e-03
  4343.79      2.3021  7.6800e-03  1.0180e-02  1.3360e-02  6.1100e-03  8.2500e-03
  4342.29      2.3029  7.6900e-03  1.0170e-02  1.3400e-02  6.0800e-03  8.2800e-03
  4340.79      2.3037  7.7000e-03  1.0160e-02  1.3430e-02  6.0200e-03  8.4300e-03
  4339.29      2.3045  7.7100e-03  1.0160e-02  1.3480e-02  5.9800e-03  8.5800e-03
  4337.79      2.3053  7.7200e-03  1.0160e-02  1.3510e-02  5.9500e-03  8.6300e-03
  4336.29      2.3061  7.7300e-03  1.0170e-02  1.3540e-02  5.8900e-03  8.6300e-03
  4334.79      2.3069  7.7400e-03  1.0200e-02  1.3570e-02  5.8600e-03  8.5700e-03
  4333.28      2.3077  7.7500e-03  1.0230e-02  1.3590e-02  5.8500e-03  8.4800e-03
  4331.78      2.3085  7.7800e-03  1.0250e-02  1.3600e-02  5.8500e-03  8.4700e-03
  4330.28      2.3093  7.8100e-03  1.0270e-02  1.3610e-02  5.8700e-03  8.4900e-03
  4328.78      2.3101  7.8300e-03  1.0290e-02  1.3610e-02  5.8700e-03  8.4800e-03
  4327.28      2.3109  7.8600e-03  1.0310e-02  1.3600e-02  5.7900e-03  8.5100e-03
  4325.78      2.3117  7.8700e-03  1.0320e-02  1.3590e-02  5.7100e-03  8.5800e-03
  4324.28      2.3125  7.8900e-03  1.0340e-02  1.3580e-02  5.7600e-03  8.5800e-03
  4322.78      2.3133  7.9000e-03  1.0350e-02  1.3570e-02  5.8900e-03  8.5400e-03
  4321.28      2.3141  7.9100e-03  1.0370e-02  1.3550e-02  5.8900e-03  8.5700e-03
  4319.78      2.3149  7.9200e-03  1.0370e-02  1.3550e-02  5.7900e-03  8.6400e-03
  4318.28      2.3157  7.9200e-03  1.0370e-02  1.3530e-02  5.7400e-03  8.6300e-03
  4316.78      2.3165  7.9100e-03  1.0380e-02  1.3530e-02  5.7100e-03  8.5300e-03
  4315.28      2.3173  7.9100e-03  1.0380e-02  1.3520e-02  5.6400e-03  8.4800e-03
  4313.78      2.3182  7.9000e-03  1.0400e-02  1.3520e-02  5.6800e-03  8.5400e-03
  4312.28      2.3190  7.9000e-03  1.0400e-02  1.3520e-02  5.8600e-03  8.6400e-03
  4310.78      2.3198  7.8900e-03  1.0410e-02  1.3510e-02  5.9500e-03  8.7300e-03
  4309.28      2.3206  7.8900e-03  1.0410e-02  1.3510e-02  5.9600e-03  8.7100e-03
  4307.78      2.3214  7.8900e-03  1.0410e-02  1.3510e-02  5.9900e-03  8.5900e-03
  4306.28      2.3222  7.8900e-03  1.0400e-02  1.3500e-02  5.9700e-03  8.4900e-03
  4304.78      2.3230  7.9000e-03  1.0400e-02  1.3500e-02  5.9100e-03  8.4400e-03
  4303.28      2.3238  7.9000e-03  1.0400e-02  1.3500e-02  5.9100e-03  8.3900e-03
  4301.78      2.3246  7.8900e-03  1.0400e-02  1.3510e-02  5.9500e-03  8.3200e-03
  4300.28      2.3254  7.8800e-03  1.0400e-02  1.3510e-02  5.9700e-03  8.3000e-03
  4298.78      2.3262  7.8800e-03  1.0400e-02  1.3510e-02  5.9900e-03  8.3200e-03
  4297.28      2.3271  7.8700e-03  1.0400e-02  1.3530e-02  5.9600e-03  8.3600e-03
  4295.78      2.3279  7.8700e-03  1.0400e-02  1.3540e-02  5.7800e-03  8.3700e-03
  4294.28      2.3287  7.8700e-03  1.0400e-02  1.3560e-02  5.6400e-03  8.3600e-03
  4292.78      2.3295  7.8600e-03  1.0400e-02  1.3580e-02  5.7100e-03  8.3900e-03
  4291.28      2.3303  7.8600e-03  1.0400e-02  1.3590e-02  5.9100e-03  8.4300e-03
  4289.78      2.3311  7.8700e-03  1.0400e-02  1.3610e-02  6.0500e-03  8.4200e-03
  4288.28      2.3319  7.8800e-03  1.0400e-02  1.3620e-02  6.0400e-03  8.4500e-03
  4286.78      2.3328  7.9000e-03  1.0400e-02  1.3640e-02  5.9800e-03  8.5200e-03
  4285.28      2.3336  7.9300e-03  1.0410e-02  1.3640e-02  5.9300e-03  8.5000e-03
  4283.78      2.3344  7.9500e-03  1.0410e-02  1.3650e-02  5.8700e-03  8.4400e-03
  4282.28      2.3352  7.9700e-03  1.0420e-02  1.3640e-02  5.7500e-03  8.4300e-03
  4280.78      2.3360  7.9900e-03  1.0430e-02  1.3630e-02  5.6300e-03  8.4300e-03
  4279.28      2.3368  8.0200e-03  1.0450e-02  1.3610e-02  5.5600e-03  8.3700e-03
  4277.78      2.3377  8.0300e-03  1.0460e-02  1.3610e-02  5.5200e-03  8.2500e-03
  4276.28      2.3385  8.0400e-03  1.0470e-02  1.3600e-02  5.5400e-03  8.1600e-03
  4274.78      2.3393  8.0500e-03  1.0470e-02  1.3590e-02  5.7000e-03  8.1700e-03
  4273.28      2.3401  8.0400e-03  1.0480e-02  1.3590e-02  5.9000e-03  8.2100e-03
  4271.78      2.3409  8.0300e-03  1.0480e-02  1.3580e-02  5.9200e-03  8.2300e-03
  4270.28      2.3418  8.0100e-03  1.0470e-02  1.3570e-02  5.7600e-03  8.3000e-03
  4268.78      2.3426  8.0000e-03  1.0460e-02  1.3570e-02  5.5800e-03  8.4100e-03
  4267.28      2.3434  7.9800e-03  1.0450e-02  1.3580e-02  5.5800e-03  8.4400e-03
  4265.78      2.3442  7.9600e-03  1.0450e-02  1.3590e-02  5.6600e-03  8.3800e-03
  4264.28      2.3451  7.9500e-03  1.0450e-02  1.3590e-02  5.7200e-03  8.2900e-03
  4262.78      2.3459  7.9300e-03  1.0440e-02  1.3600e-02  5.6700e-03  8.1900e-03
  4261.28      2.3467  7.9300e-03  1.0440e-02  1.3600e-02  5.5400e-03  8.0800e-03
  4259.78      2.3475  7.9400e-03  1.0450e-02  1.3610e-02  5.4100e-03  8.0400e-03
  4258.28      2.3484  7.9400e-03  1.0460e-02  1.3620e-02  5.3700e-03  8.1000e-03
  4256.78      2.3492  7.9600e-03  1.0480e-02  1.3630e-02  5.3800e-03  8.1300e-03
  4255.28      2.3500  7.9900e-03  1.0490e-02  1.3630e-02  5.4300e-03  8.0900e-03
  4253.78      2.3509  7.9900e-03  1.0510e-02  1.3640e-02  5.4700e-03  8.0100e-03
  4252.28      2.3517  8.0100e-03  1.0510e-02  1.3640e-02  5.4700e-03  7.9300e-03
  4250.78      2.3525  8.0200e-03  1.0520e-02  1.3650e-02  5.4500e-03  7.8500e-03
  4249.28      2.3533  8.0200e-03  1.0520e-02  1.3650e-02  5.5200e-03  7.7800e-03
  4247.78      2.3542  8.0200e-03  1.0520e-02  1.3650e-02  5.6200e-03  7.7700e-03
  4246.28      2.3550  8.0100e-03  1.0520e-02  1.3650e-02  5.6400e-03  7.7900e-03
  4244.78      2.3558  8.0000e-03  1.0520e-02  1.3650e-02  5.6100e-03  7.7800e-03
  4243.28      2.3567  7.9900e-03  1.0510e-02  1.3650e-02  5.6100e-03  7.7700e-03
  4241.78      2.3575  7.9800e-03  1.0510e-02  1.3650e-02  5.6300e-03  7.8000e-03
  4240.28      2.3583  7.9600e-03  1.0510e-02  1.3650e-02  5.6000e-03  7.8200e-03
  4238.78      2.3592  7.9600e-03  1.0520e-02  1.3650e-02  5.5000e-03  7.8300e-03
  4237.28      2.3600  7.9600e-03  1.0520e-02  1.3650e-02  5.4100e-03  7.8800e-03
  4235.78      2.3608  7.9600e-03  1.0520e-02  1.3650e-02  5.3800e-03  7.9200e-03
  4234.28      2.3617  7.9700e-03  1.0520e-02  1.3660e-02  5.4200e-03  7.9400e-03
  4232.78      2.3625  7.9900e-03  1.0520e-02  1.3670e-02  5.4800e-03  7.9600e-03
  4231.28      2.3634  8.0000e-03  1.0520e-02  1.3680e-02  5.5400e-03  7.9500e-03
  4229.78      2.3642  8.0200e-03  1.0510e-02  1.3690e-02  5.5400e-03  7.8500e-03
  4228.28      2.3650  8.0500e-03  1.0500e-02  1.3700e-02  5.5100e-03  7.7800e-03
  4226.78      2.3659  8.0600e-03  1.0480e-02  1.3720e-02  5.4800e-03  7.8400e-03
  4225.28      2.3667  8.0800e-03  1.0460e-02  1.3740e-02  5.4500e-03  7.9500e-03
  4223.78      2.3675  8.0900e-03  1.0450e-02  1.3750e-02  5.4700e-03  7.9900e-03
  4222.28      2.3684  8.1100e-03  1.0430e-02  1.3770e-02  5.5600e-03  7.9700e-03
  4220.78      2.3692  8.1100e-03  1.0430e-02  1.3770e-02  5.6900e-03  7.9900e-03
  4219.28      2.3701  8.1200e-03  1.0420e-02  1.3770e-02  5.7200e-03  8.0000e-03
  4217.78      2.3709  8.1300e-03  1.0420e-02  1.3770e-02  5.6200e-03  7.9800e-03
  4216.28      2.3718  8.1400e-03  1.0420e-02  1.3760e-02  5.5000e-03  7.9700e-03
  4214.78      2.3726  8.1400e-03  1.0430e-02  1.3750e-02  5.5100e-03  7.9100e-03
  4213.28      2.3735  8.1500e-03  1.0440e-02  1.3740e-02  5.6800e-03  7.8000e-03
  4211.78      2.3743  8.1500e-03  1.0470e-02  1.3720e-02  5.8500e-03  7.7100e-03
  4210.28      2.3751  8.1500e-03  1.0490e-02  1.3710e-02  5.7700e-03  7.7200e-03
  4208.78      2.3760  8.1500e-03  1.0510e-02  1.3700e-02  5.5500e-03  7.8600e-03
  4207.28      2.3768  8.1500e-03  1.0540e-02  1.3690e-02  5.4600e-03  7.9500e-03
  4205.78      2.3777  8.1500e-03  1.0560e-02  1.3680e-02  5.4800e-03  7.8400e-03
  4204.28      2.3785  8.1400e-03  1.0580e-02  1.3680e-02  5.4800e-03  7.6600e-03
  4202.78      2.3794  8.1300e-03  1.0600e-02  1.3690e-02  5.4400e-03  7.6500e-03
  4201.27      2.3802  8.1300e-03  1.0610e-02  1.3690e-02  5.3900e-03  7.8000e-03
  4199.77      2.3811  8.1200e-03  1.0630e-02  1.3710e-02  5.3600e-03  7.9300e-03
  4198.27      2.3819  8.1200e-03  1.0650e-02  1.3740e-02  5.3500e-03  8.0100e-03
  4196.77      2.3828  8.1300e-03  1.0650e-02  1.3760e-02  5.4300e-03  8.0100e-03
  4195.27      2.3836  8.1500e-03  1.0650e-02  1.3780e-02  5.6100e-03  7.9500e-03
  4193.77      2.3845  8.1600e-03  1.0650e-02  1.3810e-02  5.8100e-03  7.9400e-03
  4192.27      2.3853  8.1700e-03  1.0650e-02  1.3840e-02  5.9500e-03  8.0400e-03
  4190.77      2.3862  8.1800e-03  1.0650e-02  1.3860e-02  6.0200e-03  8.1500e-03
  4189.27      2.3870  8.2000e-03  1.0650e-02  1.3890e-02  6.0200e-03  8.1500e-03
  4187.77      2.3879  8.2300e-03  1.0650e-02  1.3900e-02  5.9200e-03  8.0700e-03
  4186.27      2.3888  8.2400e-03  1.0640e-02  1.3920e-02  5.8100e-03  8.0600e-03
  4184.77      2.3896  8.2500e-03  1.0640e-02  1.3940e-02  5.7400e-03  8.1500e-03
  4183.27      2.3905  8.2500e-03  1.0640e-02  1.3950e-02  5.6600e-03  8.2400e-03
  4181.77      2.3913  8.2400e-03  1.0640e-02  1.3960e-02  5.5500e-03  8.2400e-03
  4180.27      2.3922  8.2400e-03  1.0650e-02  1.3960e-02  5.4900e-03  8.2100e-03
  4178.77      2.3930  8.2400e-03  1.0660e-02  1.3970e-02  5.5900e-03  8.1500e-03
  4177.27      2.3939  8.2400e-03  1.0670e-02  1.3980e-02  5.7700e-03  8.0900e-03
  4175.77      2.3948  8.2500e-03  1.0700e-02  1.4000e-02  5.8200e-03  8.0000e-03
  4174.27      2.3956  8.2500e-03  1.0710e-02  1.4000e-02  5.7400e-03  7.9400e-03
  4172.77      2.3965  8.2600e-03  1.0740e-02  1.4020e-02  5.6400e-03  7.9600e-03
  4171.27      2.3973  8.2700e-03  1.0770e-02  1.4040e-02  5.5500e-03  7.9700e-03
  4169.77      2.3982  8.3000e-03  1.0810e-02  1.4050e-02  5.4400e-03  7.8800e-03
  4168.27      2.3991  8.3200e-03  1.0850e-02  1.4060e-02  5.3500e-03  7.7500e-03
  4166.77      2.3999  8.3400e-03  1.0890e-02  1.4080e-02  5.3400e-03  7.6700e-03
  4165.27      2.4008  8.3700e-03  1.0930e-02  1.4100e-02  5.3400e-03  7.6100e-03
  4163.77      2.4017  8.3900e-03  1.0970e-02  1.4110e-02  5.3100e-03  7.5600e-03
  4162.27      2.4025  8.4100e-03  1.1010e-02  1.4140e-02  5.3000e-03  7.5700e-03
  4160.77      2.4034  8.4300e-03  1.1040e-02  1.4150e-02  5.3300e-03  7.6800e-03
  4159.27      2.4043  8.4600e-03  1.1060e-02  1.4170e-02  5.3700e-03  7.7800e-03
  4157.77      2.4051  8.4800e-03  1.1090e-02  1.4190e-02  5.4600e-03  7.7800e-03
  4156.27      2.4060  8.4900e-03  1.1090e-02  1.4190e-02  5.5800e-03  7.7200e-03
  4154.77      2.4069  8.5200e-03  1.1090e-02  1.4210e-02  5.5900e-03  7.7300e-03
  4153.27      2.4077  8.5300e-03  1.1080e-02  1.4220e-02  5.5300e-03  7.7900e-03
  4151.77      2.4086  8.5600e-03  1.1070e-02  1.4230e-02  5.5300e-03  7.8100e-03
  4150.27      2.4095  8.5900e-03  1.1060e-02  1.4240e-02  5.5200e-03  7.7400e-03
  4148.77      2.4104  8.6200e-03  1.1050e-02  1.4240e-02  5.4800e-03  7.6500e-03
  4147.27      2.4112  8.6400e-03  1.1040e-02  1.4230e-02  5.4200e-03  7.6200e-03
  4145.77      2.4121  8.6700e-03  1.1020e-02  1.4230e-02  5.3500e-03  7.6000e-03
  4144.27      2.4130  8.7000e-03  1.1010e-02  1.4230e-02  5.2800e-03  7.6000e-03
  4142.77      2.4138  8.7200e-03  1.1000e-02  1.4230e-02  5.2500e-03  7.6800e-03
  4141.27      2.4147  8.7500e-03  1.1000e-02  1.4220e-02  5.2400e-03  7.7400e-03
  4139.77      2.4156  8.7600e-03  1.1000e-02  1.4220e-02  5.2700e-03  7.7000e-03
  4138.27      2.4165  8.7800e-03  1.1010e-02  1.4200e-02  5.2800e-03  7.6400e-03
  4136.77      2.4173  8.7800e-03  1.1010e-02  1.4190e-02  5.2600e-03  7.6600e-03
  4135.27      2.4182  8.7900e-03  1.1010e-02  1.4180e-02  5.2900e-03  7.7000e-03
  4133.77      2.4191  8.7900e-03  1.1020e-02  1.4170e-02  5.3800e-03  7.7100e-03
  4132.27      2.4200  8.7900e-03  1.1030e-02  1.4170e-02  5.3600e-03  7.7100e-03
  4130.77      2.4209  8.7900e-03  1.1040e-02  1.4170e-02  5.2700e-03  7.7400e-03
  4129.27      2.4217  8.7800e-03  1.1050e-02  1.4160e-02  5.2800e-03  7.7400e-03
  4127.77      2.4226  8.7700e-03  1.1060e-02  1.4160e-02  5.3600e-03  7.7100e-03
  4126.27      2.4235  8.7700e-03  1.1070e-02  1.4170e-02  5.3300e-03  7.7000e-03
  4124.77      2.4244  8.7600e-03  1.1100e-02  1.4180e-02  5.2000e-03  7.6900e-03
  4123.27      2.4253  8.7500e-03  1.1110e-02  1.4190e-02  5.1400e-03  7.6000e-03
  4121.77      2.4261  8.7500e-03  1.1140e-02  1.4210e-02  5.1800e-03  7.4900e-03
  4120.27      2.4270  8.7400e-03  1.1160e-02  1.4240e-02  5.2400e-03  7.4700e-03
  4118.77      2.4279  8.7400e-03  1.1180e-02  1.4250e-02  5.2600e-03  7.5400e-03
  4117.27      2.4288  8.7400e-03  1.1200e-02  1.4270e-02  5.2900e-03  7.6400e-03
  4115.77      2.4297  8.7400e-03  1.1220e-02  1.4290e-02  5.3800e-03  7.7200e-03
  4114.27      2.4306  8.7500e-03  1.1240e-02  1.4310e-02  5.4700e-03  7.8400e-03
  4112.77      2.4315  8.7500e-03  1.1260e-02  1.4320e-02  5.5500e-03  7.9100e-03
  4111.27      2.4323  8.7700e-03  1.1280e-02  1.4350e-02  5.5700e-03  7.8200e-03
  4109.77      2.4332  8.7700e-03  1.1290e-02  1.4360e-02  5.4800e-03  7.6200e-03
  4108.27      2.4341  8.7900e-03  1.1320e-02  1.4380e-02  5.3700e-03  7.5700e-03
  4106.77      2.4350  8.8100e-03  1.1330e-02  1.4410e-02  5.3800e-03  7.7300e-03
  4105.27      2.4359  8.8400e-03  1.1350e-02  1.4420e-02  5.5400e-03  7.9000e-03
  4103.77      2.4368  8.8600e-03  1.1370e-02  1.4440e-02  5.6900e-03  7.9000e-03
  4102.27      2.4377  8.8900e-03  1.1390e-02  1.4460e-02  5.7000e-03  7.8500e-03
  4100.77      2.4386  8.9200e-03  1.1410e-02  1.4490e-02  5.6000e-03  7.8600e-03
  4099.27      2.4395  8.9600e-03  1.1430e-02  1.4520e-02  5.4300e-03  7.8900e-03
  4097.77      2.4404  9.0000e-03  1.1450e-02  1.4560e-02  5.3000e-03  7.8500e-03
  4096.27      2.4412  9.0400e-03  1.1460e-02  1.4590e-02  5.3100e-03  7.8100e-03
  4094.77      2.4421  9.0900e-03  1.1490e-02  1.4610e-02  5.4300e-03  7.8300e-03
  4093.27      2.4430  9.1200e-03  1.1500e-02  1.4630e-02  5.5600e-03  7.8400e-03
  4091.77      2.4439  9.1400e-03  1.1520e-02  1.4650e-02  5.7000e-03  7.8700e-03
  4090.27      2.4448  9.1600e-03  1.1540e-02  1.4670e-02  5.8300e-03  8.0000e-03
  4088.77      2.4457  9.1700e-03  1.1550e-02  1.4670e-02  5.9100e-03  8.1500e-03
  4087.27      2.4466  9.1800e-03  1.1570e-02  1.4680e-02  5.9600e-03  8.2400e-03
  4085.77      2.4475  9.1800e-03  1.1580e-02  1.4680e-02  5.9900e-03  8.2400e-03
  4084.27      2.4484  9.1700e-03  1.1600e-02  1.4680e-02  6.0200e-03  8.1700e-03
  4082.77      2.4493  9.1600e-03  1.1610e-02  1.4670e-02  6.0300e-03  8.1100e-03
  4081.27      2.4502  9.1500e-03  1.1620e-02  1.4670e-02  6.0200e-03  8.1400e-03
  4079.77      2.4511  9.1300e-03  1.1630e-02  1.4670e-02  6.0600e-03  8.2100e-03
  4078.27      2.4520  9.1300e-03  1.1650e-02  1.4670e-02  6.1100e-03  8.2600e-03
  4076.77      2.4529  9.1400e-03  1.1670e-02  1.4680e-02  6.0400e-03  8.2600e-03
  4075.27      2.4538  9.1500e-03  1.1690e-02  1.4690e-02  5.8100e-03  8.1900e-03
  4073.77      2.4547  9.1700e-03  1.1720e-02  1.4720e-02  5.6100e-03  8.0800e-03
  4072.27      2.4556  9.1900e-03  1.1750e-02  1.4740e-02  5.6600e-03  7.9600e-03
  4070.77      2.4565  9.2300e-03  1.1790e-02  1.4780e-02  5.8700e-03  7.9000e-03
  4069.27      2.4574  9.2700e-03  1.1830e-02  1.4810e-02  6.0600e-03  8.0000e-03
  4067.77      2.4584  9.3200e-03  1.1870e-02  1.4850e-02  6.1600e-03  8.1100e-03
  4066.26      2.4593  9.3700e-03  1.1900e-02  1.4890e-02  6.1600e-03  8.1200e-03
  4064.76      2.4602  9.4300e-03  1.1940e-02  1.4930e-02  6.0800e-03  8.0900e-03
  4063.26      2.4611  9.4800e-03  1.1980e-02  1.4960e-02  6.0400e-03  8.1400e-03
  4061.76      2.4620  9.5400e-03  1.2010e-02  1.4990e-02  6.0600e-03  8.1500e-03
  4060.26      2.4629  9.6000e-03  1.2040e-02  1.5020e-02  6.0500e-03  8.0700e-03
  4058.76      2.4638  9.6500e-03  1.2070e-02  1.5050e-02  5.9600e-03  7.9500e-03
  4057.26      2.4647  9.6900e-03  1.2110e-02  1.5080e-02  5.8800e-03  7.9000e-03
  4055.76      2.4656  9.7400e-03  1.2120e-02  1.5090e-02  5.8900e-03  7.9700e-03
  4054.26      2.4665  9.7900e-03  1.2150e-02  1.5110e-02  5.9500e-03  8.0300e-03
  4052.76      2.4675  9.8300e-03  1.2170e-02  1.5130e-02  5.9500e-03  7.9900e-03
  4051.26      2.4684  9.8600e-03  1.2200e-02  1.5130e-02  5.8900e-03  7.9400e-03
  4049.76      2.4693  9.8900e-03  1.2230e-02  1.5150e-02  5.8300e-03  8.0000e-03
  4048.26      2.4702  9.9100e-03  1.2260e-02  1.5150e-02  5.8000e-03  8.1800e-03
  4046.76      2.4711  9.9300e-03  1.2280e-02  1.5160e-02  5.7600e-03  8.3100e-03
  4045.26      2.4720  9.9400e-03  1.2300e-02  1.5160e-02  5.7600e-03  8.3200e-03
  4043.76      2.4729  9.9600e-03  1.2320e-02  1.5160e-02  5.8100e-03  8.1700e-03
  4042.26      2.4739  9.9700e-03  1.2340e-02  1.5170e-02  5.8000e-03  7.9700e-03
  4040.76      2.4748  9.9900e-03  1.2360e-02  1.5180e-02  5.7300e-03  7.8800e-03
  4039.26      2.4757  1.0000e-02  1.2390e-02  1.5200e-02  5.7500e-03  7.9000e-03
  4037.76      2.4766  1.0020e-02  1.2400e-02  1.5230e-02  5.8300e-03  7.9600e-03
  4036.26      2.4775  1.0040e-02  1.2420e-02  1.5260e-02  5.8300e-03  8.0400e-03
  4034.76      2.4785  1.0050e-02  1.2430e-02  1.5290e-02  5.7500e-03  8.1200e-03
  4033.26      2.4794  1.0080e-02  1.2440e-02  1.5320e-02  5.7200e-03  8.1600e-03
  4031.76      2.4803  1.0090e-02  1.2450e-02  1.5360e-02  5.7200e-03  8.2000e-03
  4030.26      2.4812  1.0110e-02  1.2470e-02  1.5400e-02  5.6900e-03  8.1900e-03
  4028.76      2.4822  1.0110e-02  1.2480e-02  1.5430e-02  5.6800e-03  8.1100e-03
  4027.26      2.4831  1.0120e-02  1.2490e-02  1.5470e-02  5.7400e-03  8.0200e-03
  4025.76      2.4840  1.0120e-02  1.2500e-02  1.5500e-02  5.8400e-03  7.9700e-03
  4024.26      2.4849  1.0140e-02  1.2500e-02  1.5530e-02  5.9700e-03  8.0000e-03
  4022.76      2.4859  1.0160e-02  1.2510e-02  1.5560e-02  6.1000e-03  8.1100e-03
  4021.26      2.4868  1.0170e-02  1.2520e-02  1.5590e-02  6.1600e-03  8.2100e-03
  4019.76      2.4877  1.0190e-02  1.2530e-02  1.5620e-02  6.1600e-03  8.2400e-03
  4018.26      2.4886  1.0210e-02  1.2540e-02  1.5660e-02  6.1500e-03  8.2300e-03
  4016.76      2.4896  1.0240e-02  1.2560e-02  1.5700e-02  6.1400e-03  8.1600e-03
  4015.26      2.4905  1.0270e-02  1.2580e-02  1.5740e-02  6.1400e-03  8.0900e-03
  4013.76      2.4914  1.0310e-02  1.2600e-02  1.5780e-02  6.1400e-03  8.0600e-03
  4012.26      2.4924  1.0340e-02  1.2630e-02  1.5830e-02  6.1300e-03  8.0600e-03
  4010.76      2.4933  1.0370e-02  1.2660e-02  1.5860e-02  6.1200e-03  8.1000e-03
  4009.26      2.4942  1.0400e-02  1.2700e-02  1.5910e-02  6.0900e-03  8.1700e-03
  4007.76      2.4952  1.0420e-02  1.2740e-02  1.5950e-02  6.0500e-03  8.3000e-03
  4006.26      2.4961  1.0440e-02  1.2800e-02  1.6010e-02  6.1100e-03  8.4700e-03
  4004.76      2.4970  1.0480e-02  1.2860e-02  1.6070e-02  6.2400e-03  8.6100e-03
  4003.26      2.4980  1.0510e-02  1.2920e-02  1.6120e-02  6.3200e-03  8.6200e-03
  4001.76      2.4989  1.0540e-02  1.2990e-02  1.6180e-02  6.2900e-03  8.4800e-03
  4000.26      2.4998  1.0570e-02  1.3060e-02  1.6230e-02  6.2300e-03  8.3800e-03
  3998.76      2.5008  1.0600e-02  1.3120e-02  1.6280e-02  6.2200e-03  8.4000e-03
  3997.26      2.5017  1.0650e-02  1.3190e-02  1.6330e-02  6.2400e-03  8.4500e-03
  3995.76      2.5027  1.0700e-02  1.3250e-02  1.6380e-02  6.2500e-03  8.4700e-03
  3994.26      2.5036  1.0760e-02  1.3320e-02  1.6430e-02  6.2800e-03  8.4800e-03
  3992.76      2.5045  1.0820e-02  1.3380e-02  1.6480e-02  6.2700e-03  8.4600e-03
  3991.26      2.5055  1.0890e-02  1.3430e-02  1.6530e-02  6.2300e-03  8.3700e-03
  3989.76      2.5064  1.0950e-02  1.3490e-02  1.6570e-02  6.2500e-03  8.3300e-03
  3988.26      2.5074  1.1030e-02  1.3540e-02  1.6640e-02  6.3600e-03  8.4600e-03
  3986.76      2.5083  1.1100e-02  1.3610e-02  1.6700e-02  6.4000e-03  8.6800e-03
  3985.26      2.5092  1.1180e-02  1.3670e-02  1.6760e-02  6.3600e-03  8.8200e-03
  3983.76      2.5102  1.1240e-02  1.3720e-02  1.6830e-02  6.4000e-03  8.7800e-03
  3982.26      2.5111  1.1300e-02  1.3780e-02  1.6890e-02  6.5200e-03  8.6500e-03
  3980.76      2.5121  1.1370e-02  1.3840e-02  1.6960e-02  6.5500e-03  8.5800e-03
  3979.26      2.5130  1.1420e-02  1.3900e-02  1.7030e-02  6.4800e-03  8.6000e-03
  3977.76      2.5140  1.1480e-02  1.3950e-02  1.7090e-02  6.4200e-03  8.6000e-03
  3976.26      2.5149  1.1530e-02  1.4010e-02  1.7160e-02  6.4300e-03  8.5400e-03
  3974.76      2.5159  1.1580e-02  1.4060e-02  1.7230e-02  6.4700e-03  8.5200e-03
  3973.26      2.5168  1.1630e-02  1.4120e-02  1.7300e-02  6.5400e-03  8.5600e-03
  3971.76      2.5178  1.1670e-02  1.4180e-02  1.7360e-02  6.6200e-03  8.5700e-03
  3970.26      2.5187  1.1720e-02  1.4240e-02  1.7440e-02  6.6300e-03  8.5700e-03
  3968.76      2.5197  1.1790e-02  1.4330e-02  1.7530e-02  6.5400e-03  8.6300e-03
  3967.26      2.5206  1.1870e-02  1.4420e-02  1.7630e-02  6.4300e-03  8.7400e-03
  3965.76      2.5216  1.1950e-02  1.4530e-02  1.7750e-02  6.4500e-03  8.8100e-03
  3964.26      2.5225  1.2050e-02  1.4650e-02  1.7860e-02  6.5900e-03  8.7900e-03
  3962.76      2.5235  1.2140e-02  1.4780e-02  1.7990e-02  6.6700e-03  8.7800e-03
  3961.26      2.5245  1.2230e-02  1.4900e-02  1.8100e-02  6.5800e-03  8.8700e-03
  3959.76      2.5254  1.2340e-02  1.5030e-02  1.8220e-02  6.4200e-03  9.0000e-03
  3958.26      2.5264  1.2430e-02  1.5150e-02  1.8340e-02  6.3600e-03  9.0400e-03
  3956.76      2.5273  1.2520e-02  1.5260e-02  1.8430e-02  6.4400e-03  8.9500e-03
  3955.26      2.5283  1.2610e-02  1.5360e-02  1.8520e-02  6.5900e-03  8.8200e-03
  3953.76      2.5292  1.2670e-02  1.5440e-02  1.8580e-02  6.6600e-03  8.6900e-03
  3952.26      2.5302  1.2700e-02  1.5480e-02  1.8620e-02  6.6200e-03  8.6400e-03
  3950.76      2.5312  1.2720e-02  1.5500e-02  1.8620e-02  6.5400e-03  8.7100e-03
  3949.26      2.5321  1.2730e-02  1.5510e-02  1.8630e-02  6.5200e-03  8.8600e-03
  3947.76      2.5331  1.2750e-02  1.5530e-02  1.8630e-02  6.5900e-03  9.0700e-03
  3946.26      2.5340  1.2780e-02  1.5570e-02  1.8650e-02  6.6900e-03  9.2800e-03
  3944.76      2.5350  1.2810e-02  1.5610e-02  1.8670e-02  6.6900e-03  9.3200e-03
  3943.26      2.5360  1.2820e-02  1.5640e-02  1.8680e-02  6.6400e-03  9.2000e-03
  3941.76      2.5369  1.2840e-02  1.5670e-02  1.8680e-02  6.6700e-03  9.1600e-03
  3940.26      2.5379  1.2860e-02  1.5720e-02  1.8730e-02  6.7400e-03  9.2200e-03
  3938.76      2.5389  1.2920e-02  1.5790e-02  1.8800e-02  6.7300e-03  9.2000e-03
  3937.26      2.5398  1.2990e-02  1.5880e-02  1.8900e-02  6.6400e-03  9.1500e-03
  3935.76      2.5408  1.3070e-02  1.5970e-02  1.8980e-02  6.5700e-03  9.1400e-03
  3934.26      2.5418  1.3130e-02  1.6040e-02  1.9070e-02  6.5800e-03  9.0600e-03
  3932.76      2.5427  1.3170e-02  1.6080e-02  1.9120e-02  6.6100e-03  8.9600e-03
  3931.25      2.5437  1.3190e-02  1.6100e-02  1.9150e-02  6.6700e-03  8.9900e-03
  3929.75      2.5447  1.3200e-02  1.6100e-02  1.9160e-02  6.7400e-03  9.0800e-03
  3928.25      2.5457  1.3210e-02  1.6100e-02  1.9170e-02  6.8100e-03  9.1000e-03
  3926.75      2.5466  1.3200e-02  1.6100e-02  1.9160e-02  6.8400e-03  9.0500e-03
  3925.25      2.5476  1.3180e-02  1.6070e-02  1.9110e-02  6.8300e-03  8.9700e-03
  3923.75      2.5486  1.3160e-02  1.6040e-02  1.9050e-02  6.8300e-03  9.0100e-03
  3922.25      2.5496  1.3150e-02  1.6030e-02  1.9030e-02  6.8000e-03  9.1700e-03
  3920.75      2.5505  1.3200e-02  1.6080e-02  1.9060e-02  6.7000e-03  9.2800e-03
  3919.25      2.5515  1.3310e-02  1.6200e-02  1.9160e-02  6.5500e-03  9.1900e-03
  3917.75      2.5525  1.3450e-02  1.6360e-02  1.9310e-02  6.4700e-03  9.0000e-03
  3916.25      2.5535  1.3650e-02  1.6570e-02  1.9510e-02  6.5400e-03  8.9300e-03
  3914.75      2.5544  1.3860e-02  1.6790e-02  1.9740e-02  6.7400e-03  9.0700e-03
  3913.25      2.5554  1.4070e-02  1.7020e-02  2.0000e-02  6.9400e-03  9.2800e-03
  3911.75      2.5564  1.4250e-02  1.7230e-02  2.0220e-02  7.0900e-03  9.4000e-03
  3910.25      2.5574  1.4390e-02  1.7380e-02  2.0420e-02  7.2300e-03  9.4400e-03
  3908.75      2.5584  1.4470e-02  1.7490e-02  2.0540e-02  7.3000e-03  9.4900e-03
  3907.25      2.5593  1.4480e-02  1.7520e-02  2.0590e-02  7.1900e-03  9.5300e-03
  3905.75      2.5603  1.4400e-02  1.7440e-02  2.0520e-02  6.9300e-03  9.4500e-03
  3904.25      2.5613  1.4210e-02  1.7250e-02  2.0340e-02  6.6700e-03  9.2200e-03
  3902.75      2.5623  1.3940e-02  1.6980e-02  2.0060e-02  6.5400e-03  8.9900e-03
  3901.25      2.5633  1.3640e-02  1.6650e-02  1.9720e-02  6.5300e-03  8.8500e-03
  3899.75      2.5643  1.3360e-02  1.6360e-02  1.9410e-02  6.6600e-03  8.8400e-03
  3898.25      2.5653  1.3140e-02  1.6110e-02  1.9140e-02  7.0200e-03  9.0200e-03
  3896.75      2.5662  1.2990e-02  1.5930e-02  1.8950e-02  7.4000e-03  9.2700e-03
  3895.25      2.5672  1.2900e-02  1.5810e-02  1.8830e-02  7.5200e-03  9.4300e-03
  3893.75      2.5682  1.2840e-02  1.5720e-02  1.8750e-02  7.3400e-03  9.3700e-03
  3892.25      2.5692  1.2790e-02  1.5630e-02  1.8680e-02  7.0500e-03  9.1300e-03
  3890.75      2.5702  1.2770e-02  1.5570e-02  1.8640e-02  7.0000e-03  9.0100e-03
  3889.25      2.5712  1.2800e-02  1.5580e-02  1.8670e-02  7.2500e-03  9.1400e-03
  3887.75      2.5722  1.2900e-02  1.5650e-02  1.8760e-02  7.3300e-03  9.1700e-03
  3886.25      2.5732  1.2990e-02  1.5720e-02  1.8860e-02  7.0300e-03  8.9500e-03
  3884.75      2.5742  1.3040e-02  1.5750e-02  1.8910e-02  6.8700e-03  9.0000e-03
  3883.25      2.5752  1.3060e-02  1.5760e-02  1.8940e-02  7.0800e-03  9.3200e-03
  3881.75      2.5762  1.3030e-02  1.5720e-02  1.8900e-02  7.1600e-03  9.4400e-03
  3880.25      2.5772  1.2990e-02  1.5660e-02  1.8820e-02  7.0500e-03  9.4000e-03
  3878.75      2.5781  1.2950e-02  1.5630e-02  1.8770e-02  7.1500e-03  9.5500e-03
  3877.25      2.5791  1.2950e-02  1.5640e-02  1.8750e-02  7.4100e-03  9.7600e-03
  3875.75      2.5801  1.2940e-02  1.5630e-02  1.8730e-02  7.4500e-03  9.7300e-03
  3874.25      2.5811  1.2860e-02  1.5550e-02  1.8620e-02  7.3900e-03  9.5800e-03
  3872.75      2.5821  1.2750e-02  1.5430e-02  1.8470e-02  7.4100e-03  9.5400e-03
  3871.25      2.5831  1.2620e-02  1.5300e-02  1.8310e-02  7.3000e-03  9.3100e-03
  3869.75      2.5841  1.2520e-02  1.5180e-02  1.8170e-02  7.1400e-03  8.9300e-03
  3868.25      2.5851  1.2460e-02  1.5120e-02  1.8080e-02  7.2300e-03  9.0500e-03
  3866.75      2.5862  1.2450e-02  1.5100e-02  1.8050e-02  7.3400e-03  9.4800e-03
  3865.25      2.5872  1.2390e-02  1.5050e-02  1.7990e-02  7.3000e-03  9.5200e-03
  3863.75      2.5882  1.2260e-02  1.4900e-02  1.7830e-02  7.3000e-03  9.2900e-03
  3862.25      2.5892  1.2080e-02  1.4700e-02  1.7620e-02  7.4300e-03  9.2400e-03
  3860.75      2.5902  1.1920e-02  1.4510e-02  1.7420e-02  7.6200e-03  9.4200e-03
  3859.25      2.5912  1.1800e-02  1.4380e-02  1.7280e-02  7.8600e-03  9.7300e-03
  3857.75      2.5922  1.1700e-02  1.4270e-02  1.7160e-02  7.9900e-03  9.8700e-03
  3856.25      2.5932  1.1570e-02  1.4140e-02  1.7030e-02  7.7600e-03  9.5700e-03
  3854.75      2.5942  1.1380e-02  1.3920e-02  1.6820e-02  7.1300e-03  8.8200e-03
  3853.25      2.5952  1.1130e-02  1.3640e-02  1.6510e-02  6.7500e-03  8.2600e-03
  3851.75      2.5962  1.0880e-02  1.3350e-02  1.6210e-02  7.0400e-03  8.4900e-03
  3850.25      2.5972  1.0730e-02  1.3160e-02  1.6010e-02  7.3800e-03  9.0300e-03
  3848.75      2.5982  1.0680e-02  1.3090e-02  1.5930e-02  7.4500e-03  9.4900e-03
  3847.25      2.5993  1.0660e-02  1.3060e-02  1.5890e-02  7.4100e-03  9.8100e-03
  3845.75      2.6003  1.0630e-02  1.3010e-02  1.5840e-02  7.3400e-03  9.8500e-03
  3844.25      2.6013  1.0550e-02  1.2900e-02  1.5730e-02  7.3400e-03  9.6000e-03
  3842.75      2.6023  1.0420e-02  1.2750e-02  1.5550e-02  7.4200e-03  9.3300e-03
  3841.25      2.6033  1.0280e-02  1.2560e-02  1.5360e-02  7.4300e-03  9.1400e-03
  3839.75      2.6043  1.0130e-02  1.2370e-02  1.5160e-02  7.2900e-03  8.8600e-03
  3838.25      2.6054  9.9800e-03  1.2200e-02  1.4980e-02  7.1200e-03  8.6300e-03
  3836.75      2.6064  9.8500e-03  1.2040e-02  1.4820e-02  7.1100e-03  8.6400e-03
  3835.25      2.6074  9.7200e-03  1.1890e-02  1.4670e-02  7.2500e-03  8.7000e-03
  3833.75      2.6084  9.6000e-03  1.1770e-02  1.4540e-02  7.3600e-03  8.6200e-03
  3832.25      2.6094  9.5000e-03  1.1660e-02  1.4420e-02  7.3500e-03  8.6200e-03
  3830.75      2.6105  9.4300e-03  1.1580e-02  1.4330e-02  7.3100e-03  8.8700e-03
  3829.25      2.6115  9.3800e-03  1.1540e-02  1.4280e-02  7.3200e-03  9.1600e-03
  3827.75      2.6125  9.3500e-03  1.1520e-02  1.4250e-02  7.3300e-03  9.3100e-03
  3826.25      2.6135  9.3200e-03  1.1510e-02  1.4220e-02  7.4000e-03  9.4600e-03
  3824.75      2.6146  9.2800e-03  1.1480e-02  1.4170e-02  7.4900e-03  9.6100e-03
  3823.25      2.6156  9.2300e-03  1.1440e-02  1.4100e-02  7.3800e-03  9.4200e-03
  3821.75      2.6166  9.1200e-03  1.1330e-02  1.3960e-02  7.0900e-03  8.7700e-03
  3820.25      2.6176  8.9700e-03  1.1170e-02  1.3770e-02  7.0700e-03  8.3800e-03
  3818.75      2.6187  8.8100e-03  1.1010e-02  1.3570e-02  7.1900e-03  8.5600e-03
  3817.25      2.6197  8.7000e-03  1.0900e-02  1.3440e-02  7.0700e-03  8.5400e-03
  3815.75      2.6207  8.6300e-03  1.0840e-02  1.3360e-02  7.0200e-03  8.2700e-03
  3814.25      2.6217  8.6100e-03  1.0820e-02  1.3340e-02  7.3400e-03  8.4200e-03
  3812.75      2.6228  8.6500e-03  1.0870e-02  1.3400e-02  7.6400e-03  8.9000e-03
  3811.25      2.6238  8.7100e-03  1.0940e-02  1.3490e-02  7.7100e-03  9.2000e-03
  3809.75      2.6248  8.7700e-03  1.1000e-02  1.3560e-02  7.6400e-03  9.2100e-03
  3808.25      2.6259  8.7700e-03  1.1000e-02  1.3580e-02  7.4800e-03  8.9700e-03
  3806.75      2.6269  8.7200e-03  1.0950e-02  1.3540e-02  7.4900e-03  8.8600e-03
  3805.25      2.6280  8.6200e-03  1.0830e-02  1.3430e-02  7.7800e-03  9.2000e-03
  3803.75      2.6290  8.4700e-03  1.0650e-02  1.3250e-02  7.8300e-03  9.3900e-03
  3802.25      2.6300  8.2500e-03  1.0410e-02  1.3000e-02  7.3800e-03  8.9700e-03
  3800.75      2.6311  8.0200e-03  1.0120e-02  1.2700e-02  7.1000e-03  8.5400e-03
  3799.25      2.6321  7.8100e-03  9.8700e-03  1.2430e-02  7.2800e-03  8.5300e-03
  3797.74      2.6331  7.6400e-03  9.6700e-03  1.2220e-02  7.4100e-03  8.5200e-03
  3796.24      2.6342  7.5500e-03  9.5700e-03  1.2100e-02  7.4400e-03  8.5500e-03
  3794.74      2.6352  7.5800e-03  9.5800e-03  1.2110e-02  7.5500e-03  8.8400e-03
  3793.24      2.6363  7.7400e-03  9.7400e-03  1.2270e-02  7.7000e-03  9.1200e-03
  3791.74      2.6373  8.0000e-03  1.0030e-02  1.2570e-02  7.8300e-03  9.2000e-03
  3790.24      2.6384  8.3300e-03  1.0370e-02  1.2930e-02  7.9500e-03  9.2800e-03
  3788.74      2.6394  8.7000e-03  1.0770e-02  1.3350e-02  7.9900e-03  9.4100e-03
  3787.24      2.6404  9.1000e-03  1.1200e-02  1.3810e-02  7.9500e-03  9.4600e-03
  3785.74      2.6415  9.5300e-03  1.1670e-02  1.4290e-02  7.9700e-03  9.4600e-03
  3784.24      2.6425  9.9400e-03  1.2100e-02  1.4760e-02  8.0700e-03  9.5800e-03
  3782.74      2.6436  1.0320e-02  1.2510e-02  1.5200e-02  8.1200e-03  9.7300e-03
  3781.24      2.6446  1.0640e-02  1.2870e-02  1.5590e-02  7.9800e-03  9.6400e-03
  3779.74      2.6457  1.0900e-02  1.3160e-02  1.5910e-02  7.7800e-03  9.3500e-03
  3778.24      2.6467  1.1120e-02  1.3400e-02  1.6170e-02  7.7400e-03  9.2700e-03
  3776.74      2.6478  1.1330e-02  1.3650e-02  1.6450e-02  7.8600e-03  9.4200e-03
  3775.24      2.6488  1.1550e-02  1.3920e-02  1.6730e-02  8.0100e-03  9.5800e-03
  3773.74      2.6499  1.1800e-02  1.4220e-02  1.7050e-02  8.1800e-03  9.7400e-03
  3772.24      2.6509  1.2040e-02  1.4510e-02  1.7360e-02  8.2300e-03  9.8100e-03
  3770.74      2.6520  1.2250e-02  1.4770e-02  1.7630e-02  8.0000e-03  9.6200e-03
  3769.24      2.6531  1.2440e-02  1.5010e-02  1.7880e-02  7.7800e-03  9.4700e-03
  3767.74      2.6541  1.2670e-02  1.5260e-02  1.8140e-02  7.8200e-03  9.5800e-03
  3766.24      2.6552  1.2940e-02  1.5580e-02  1.8470e-02  7.9300e-03  9.7200e-03
  3764.74      2.6562  1.3260e-02  1.5940e-02  1.8840e-02  8.0200e-03  9.8400e-03
  3763.24      2.6573  1.3590e-02  1.6290e-02  1.9200e-02  8.1500e-03  1.0000e-02
  3761.74      2.6583  1.3840e-02  1.6570e-02  1.9500e-02  8.3100e-03  1.0020e-02
  3760.24      2.6594  1.4010e-02  1.6750e-02  1.9700e-02  8.4600e-03  9.9000e-03
  3758.74      2.6605  1.4110e-02  1.6850e-02  1.9810e-02  8.5900e-03  9.8400e-03
  3757.24      2.6615  1.4140e-02  1.6870e-02  1.9840e-02  8.7200e-03  1.0000e-02
  3755.74      2.6626  1.4080e-02  1.6790e-02  1.9760e-02  8.8600e-03  1.0320e-02
  3754.24      2.6637  1.3920e-02  1.6590e-02  1.9560e-02  8.8200e-03  1.0530e-02
  3752.74      2.6647  1.3620e-02  1.6260e-02  1.9210e-02  8.5400e-03  1.0370e-02
  3751.24      2.6658  1.3220e-02  1.5790e-02  1.8710e-02  8.2200e-03  9.8500e-03
  3749.74      2.6669  1.2730e-02  1.5250e-02  1.8120e-02  8.2100e-03  9.4900e-03
  3748.24      2.6679  1.2230e-02  1.4660e-02  1.7490e-02  8.6100e-03  9.7100e-03
  3746.74      2.6690  1.1690e-02  1.4020e-02  1.6810e-02  8.7800e-03  9.8500e-03
  3745.24      2.6701  1.1110e-02  1.3340e-02  1.6070e-02  8.4100e-03  9.4100e-03
  3743.74      2.6711  1.0480e-02  1.2600e-02  1.5290e-02  8.3100e-03  9.2400e-03
  3742.24      2.6722  9.8900e-03  1.1920e-02  1.4550e-02  8.7000e-03  9.7800e-03
  3740.74      2.6733  9.3800e-03  1.1310e-02  1.3900e-02  8.9600e-03  1.0250e-02
  3739.24      2.6743  8.9200e-03  1.0780e-02  1.3320e-02  9.0100e-03  1.0340e-02
  3737.74      2.6754  8.4900e-03  1.0270e-02  1.2760e-02  8.9100e-03  1.0110e-02
  3736.24      2.6765  8.0300e-03  9.7500e-03  1.2200e-02  8.6800e-03  9.6300e-03
  3734.74      2.6776  7.5500e-03  9.2100e-03  1.1600e-02  8.5000e-03  9.3000e-03
  3733.24      2.6786  7.1000e-03  8.7000e-03  1.1050e-02  8.4100e-03  9.3400e-03
  3731.74      2.6797  6.7500e-03  8.3200e-03  1.0630e-02  8.3700e-03  9.5600e-03
  3730.24      2.6808  6.5500e-03  8.1000e-03  1.0360e-02  8.5200e-03  9.8000e-03
  3728.74      2.6819  6.4600e-03  8.0200e-03  1.0250e-02  8.6600e-03  9.8700e-03
  3727.24      2.6830  6.4600e-03  8.0300e-03  1.0230e-02  8.6300e-03  9.6600e-03
  3725.74      2.6840  6.5100e-03  8.0900e-03  1.0270e-02  8.5900e-03  9.4900e-03
  3724.24      2.6851  6.6200e-03  8.2000e-03  1.0370e-02  8.6400e-03  9.4700e-03
  3722.74      2.6862  6.7600e-03  8.3500e-03  1.0520e-02  8.7600e-03  9.4600e-03
  3721.24      2.6873  6.9600e-03  8.5600e-03  1.0720e-02  8.9300e-03  9.4400e-03
  3719.74      2.6884  7.1900e-03  8.7900e-03  1.0950e-02  9.0500e-03  9.5700e-03
  3718.24      2.6894  7.4300e-03  9.0400e-03  1.1200e-02  9.0700e-03  9.8900e-03
  3716.74      2.6905  7.6400e-03  9.2600e-03  1.1420e-02  9.0900e-03  1.0300e-02
  3715.24      2.6916  7.8000e-03  9.4000e-03  1.1570e-02  9.1500e-03  1.0580e-02
  3713.74      2.6927  7.8600e-03  9.4600e-03  1.1610e-02  9.1300e-03  1.0510e-02
  3712.24      2.6938  7.8400e-03  9.4000e-03  1.1540e-02  9.0400e-03  1.0200e-02
  3710.74      2.6949  7.7500e-03  9.3000e-03  1.1400e-02  9.0200e-03  9.9700e-03
  3709.24      2.6960  7.6900e-03  9.2200e-03  1.1300e-02  9.1000e-03  9.9800e-03
  3707.74      2.6971  7.7300e-03  9.2600e-03  1.1320e-02  9.2800e-03  1.0180e-02
  3706.24      2.6982  7.8700e-03  9.4000e-03  1.1460e-02  9.5400e-03  1.0470e-02
  3704.74      2.6992  8.0700e-03  9.6200e-03  1.1680e-02  9.7300e-03  1.0590e-02
  3703.24      2.7003  8.3200e-03  9.8800e-03  1.1940e-02  9.7900e-03  1.0390e-02
  3701.74      2.7014  8.5400e-03  1.0110e-02  1.2190e-02  9.7500e-03  1.0140e-02
  3700.24      2.7025  8.7600e-03  1.0340e-02  1.2430e-02  9.7900e-03  1.0240e-02
  3698.74      2.7036  9.0000e-03  1.0600e-02  1.2710e-02  9.9400e-03  1.0570e-02
  3697.24      2.7047  9.2900e-03  1.0890e-02  1.3030e-02  1.0190e-02  1.0920e-02
  3695.74      2.7058  9.5800e-03  1.1200e-02  1.3350e-02  1.0510e-02  1.1290e-02
  3694.24      2.7069  9.8300e-03  1.1470e-02  1.3640e-02  1.0790e-02  1.1570e-02
  3692.74      2.7080  1.0030e-02  1.1680e-02  1.3850e-02  1.0870e-02  1.1610e-02
  3691.24      2.7091  1.0150e-02  1.1800e-02  1.3970e-02  1.0740e-02  1.1330e-02
  3689.74      2.7102  1.0210e-02  1.1870e-02  1.4030e-02  1.0520e-02  1.0850e-02
  3688.24      2.7113  1.0260e-02  1.1920e-02  1.4070e-02  1.0560e-02  1.0680e-02
  3686.74      2.7124  1.0330e-02  1.2000e-02  1.4130e-02  1.1040e-02  1.1100e-02
  3685.24      2.7135  1.0430e-02  1.2120e-02  1.4240e-02  1.1540e-02  1.1660e-02
  3683.74      2.7146  1.0560e-02  1.2260e-02  1.4370e-02  1.1810e-02  1.1990e-02
  3682.24      2.7157  1.0640e-02  1.2340e-02  1.4440e-02  1.2060e-02  1.2190e-02
  3680.74      2.7168  1.0640e-02  1.2340e-02  1.4400e-02  1.2370e-02  1.2390e-02
  3679.24      2.7180  1.0550e-02  1.2220e-02  1.4250e-02  1.2700e-02  1.2610e-02
  3677.74      2.7191  1.0370e-02  1.2000e-02  1.4000e-02  1.2900e-02  1.2710e-02
  3676.24      2.7202  1.0120e-02  1.1690e-02  1.3630e-02  1.2820e-02  1.2430e-02
  3674.74      2.7213  9.8400e-03  1.1330e-02  1.3220e-02  1.2950e-02  1.2340e-02
  3673.24      2.7224  9.5800e-03  1.1000e-02  1.2840e-02  1.3470e-02  1.2790e-02
  3671.74      2.7235  9.3800e-03  1.0710e-02  1.2520e-02  1.3780e-02  1.3060e-02
  3670.24      2.7246  9.2200e-03  1.0480e-02  1.2240e-02  1.3950e-02  1.2970e-02
  3668.74      2.7257  9.1400e-03  1.0330e-02  1.2050e-02  1.4520e-02  1.3150e-02
  3667.24      2.7268  9.2100e-03  1.0350e-02  1.2050e-02  1.5190e-02  1.3730e-02
  3665.74      2.7280  9.5000e-03  1.0600e-02  1.2300e-02  1.5660e-02  1.4310e-02
  3664.24      2.7291  9.9900e-03  1.1070e-02  1.2780e-02  1.6060e-02  1.4760e-02
  3662.73      2.7302  1.0610e-02  1.1670e-02  1.3420e-02  1.6450e-02  1.5140e-02
  3661.23      2.7313  1.1290e-02  1.2340e-02  1.4100e-02  1.6770e-02  1.5510e-02
  3659.73      2.7324  1.1920e-02  1.2940e-02  1.4720e-02  1.7030e-02  1.5900e-02
  3658.23      2.7336  1.2430e-02  1.3420e-02  1.5190e-02  1.7300e-02  1.6230e-02
  3656.73      2.7347  1.2820e-02  1.3750e-02  1.5520e-02  1.7740e-02  1.6490e-02
  3655.23      2.7358  1.3110e-02  1.3960e-02  1.5700e-02  1.8520e-02  1.6950e-02
  3653.73      2.7369  1.3280e-02  1.4050e-02  1.5750e-02  1.9340e-02  1.7600e-02
  3652.23      2.7380  1.3300e-02  1.3970e-02  1.5620e-02  1.9760e-02  1.8000e-02
  3650.73      2.7392  1.3170e-02  1.3710e-02  1.5290e-02  1.9880e-02  1.7980e-02
  3649.23      2.7403  1.2920e-02  1.3320e-02  1.4830e-02  2.0240e-02  1.7840e-02
  3647.73      2.7414  1.2660e-02  1.2940e-02  1.4360e-02  2.1030e-02  1.7910e-02
  3646.23      2.7426  1.2540e-02  1.2700e-02  1.4060e-02  2.1940e-02  1.8350e-02
  3644.73      2.7437  1.2590e-02  1.2680e-02  1.4000e-02  2.2650e-02  1.9040e-02
  3643.23      2.7448  1.2850e-02  1.2880e-02  1.4170e-02  2.3120e-02  1.9700e-02
  3641.73      2.7459  1.3220e-02  1.3220e-02  1.4490e-02  2.3630e-02  2.0320e-02
  3640.23      2.7471  1.3660e-02  1.3620e-02  1.4890e-02  2.4310e-02  2.0960e-02
  3638.73      2.7482  1.4140e-02  1.4070e-02  1.5330e-02  2.5010e-02  2.1570e-02
  3637.23      2.7493  1.4680e-02  1.4580e-02  1.5830e-02  2.5700e-02  2.2090e-02
  3635.73      2.7505  1.5290e-02  1.5160e-02  1.6410e-02  2.6420e-02  2.2520e-02
  3634.23      2.7516  1.5910e-02  1.5760e-02  1.7010e-02  2.7130e-02  2.2930e-02
  3632.73      2.7527  1.6490e-02  1.6310e-02  1.7550e-02  2.7810e-02  2.3470e-02
  3631.23      2.7539  1.6950e-02  1.6730e-02  1.7940e-02  2.8330e-02  2.3950e-02
  3629.73      2.7550  1.7270e-02  1.6970e-02  1.8140e-02  2.8670e-02  2.4200e-02
  3628.23      2.7562  1.7470e-02  1.7080e-02  1.8200e-02  2.9290e-02  2.4630e-02
  3626.73      2.7573  1.7660e-02  1.7180e-02  1.8250e-02  3.0270e-02  2.5550e-02
  3625.23      2.7584  1.7890e-02  1.7320e-02  1.8340e-02  3.1170e-02  2.6540e-02
  3623.73      2.7596  1.8150e-02  1.7510e-02  1.8480e-02  3.1970e-02  2.7380e-02
  3622.23      2.7607  1.8410e-02  1.7680e-02  1.8620e-02  3.2770e-02  2.8050e-02
  3620.73      2.7619  1.8640e-02  1.7820e-02  1.8700e-02  3.3400e-02  2.8430e-02
  3619.23      2.7630  1.8830e-02  1.7910e-02  1.8720e-02  3.3880e-02  2.8680e-02
  3617.73      2.7642  1.9010e-02  1.8000e-02  1.8730e-02  3.4550e-02  2.9230e-02
  3616.23      2.7653  1.9230e-02  1.8140e-02  1.8810e-02  3.5410e-02  2.9950e-02
  3614.73      2.7665  1.9520e-02  1.8340e-02  1.8940e-02  3.6120e-02  3.0470e-02
  3613.23      2.7676  1.9850e-02  1.8590e-02  1.9120e-02  3.6720e-02  3.0880e-02
  3611.73      2.7688  2.0160e-02  1.8850e-02  1.9280e-02  3.7420e-02  3.1460e-02
  3610.23      2.7699  2.0480e-02  1.9110e-02  1.9440e-02  3.8150e-02  3.2160e-02
  3608.73      2.7711  2.0820e-02  1.9380e-02  1.9620e-02  3.8850e-02  3.2830e-02
  3607.23      2.7722  2.1190e-02  1.9710e-02  1.9850e-02  3.9630e-02  3.3540e-02
  3605.73      2.7734  2.1630e-02  2.0110e-02  2.0180e-02  4.0480e-02  3.4280e-02
  3604.23      2.7745  2.2170e-02  2.0610e-02  2.0620e-02  4.1220e-02  3.5000e-02
  3602.73      2.7757  2.2760e-02  2.1160e-02  2.1140e-02  4.1800e-02  3.5760e-02
  3601.23      2.7768  2.3370e-02  2.1730e-02  2.1680e-02  4.2340e-02  3.6480e-02
  3599.73      2.7780  2.3980e-02  2.2280e-02  2.2210e-02  4.2920e-02  3.7090e-02
  3598.23      2.7791  2.4560e-02  2.2790e-02  2.2710e-02  4.3570e-02  3.7620e-02
  3596.73      2.7803  2.5100e-02  2.3260e-02  2.3180e-02  4.4330e-02  3.8130e-02
  3595.23      2.7815  2.5620e-02  2.3680e-02  2.3610e-02  4.5130e-02  3.8760e-02
  3593.73      2.7826  2.6120e-02  2.4080e-02  2.4020e-02  4.5860e-02  3.9560e-02
  3592.23      2.7838  2.6600e-02  2.4450e-02  2.4410e-02  4.6500e-02  4.0470e-02
  3590.73      2.7849  2.7050e-02  2.4820e-02  2.4780e-02  4.7200e-02  4.1320e-02
  3589.23      2.7861  2.7450e-02  2.5130e-02  2.5090e-02  4.7870e-02  4.1970e-02
  3587.73      2.7873  2.7830e-02  2.5410e-02  2.5360e-02  4.8400e-02  4.2500e-02
  3586.23      2.7884  2.8210e-02  2.5720e-02  2.5640e-02  4.8950e-02  4.3150e-02
  3584.73      2.7896  2.8650e-02  2.6090e-02  2.6000e-02  4.9630e-02  4.3850e-02
  3583.23      2.7908  2.9160e-02  2.6590e-02  2.6480e-02  5.0330e-02  4.4450e-02
  3581.73      2.7919  2.9760e-02  2.7190e-02  2.7070e-02  5.1040e-02  4.5130e-02
  3580.23      2.7931  3.0420e-02  2.7860e-02  2.7730e-02  5.1790e-02  4.5910e-02
  3578.73      2.7943  3.1100e-02  2.8550e-02  2.8410e-02  5.2430e-02  4.6670e-02
  3577.23      2.7955  3.1750e-02  2.9220e-02  2.9060e-02  5.2920e-02  4.7390e-02
  3575.73      2.7966  3.2390e-02  2.9890e-02  2.9700e-02  5.3400e-02  4.8100e-02
  3574.23      2.7978  3.3030e-02  3.0550e-02  3.0330e-02  5.4000e-02  4.8770e-02
  3572.73      2.7990  3.3640e-02  3.1190e-02  3.0950e-02  5.4750e-02  4.9470e-02
  3571.23      2.8002  3.4220e-02  3.1780e-02  3.1510e-02  5.5540e-02  5.0260e-02
  3569.73      2.8013  3.4710e-02  3.2290e-02  3.1980e-02  5.6230e-02  5.1030e-02
  3568.23      2.8025  3.5120e-02  3.2690e-02  3.2330e-02  5.6770e-02  5.1580e-02
  3566.73      2.8037  3.5440e-02  3.3000e-02  3.2590e-02  5.7380e-02  5.2020e-02
  3565.23      2.8049  3.5750e-02  3.3310e-02  3.2820e-02  5.8140e-02  5.2680e-02
  3563.73      2.8061  3.6100e-02  3.3640e-02  3.3100e-02  5.8800e-02  5.3520e-02
  3562.23      2.8072  3.6490e-02  3.4030e-02  3.3450e-02  5.9360e-02  5.4310e-02
  3560.73      2.8084  3.6940e-02  3.4470e-02  3.3870e-02  5.9930e-02  5.4970e-02
  3559.23      2.8096  3.7430e-02  3.4970e-02  3.4350e-02  6.0500e-02  5.5650e-02
  3557.73      2.8108  3.7950e-02  3.5480e-02  3.4870e-02  6.1070e-02  5.6440e-02
  3556.23      2.8120  3.8500e-02  3.6030e-02  3.5440e-02  6.1720e-02  5.7240e-02
  3554.73      2.8132  3.9080e-02  3.6590e-02  3.6020e-02  6.2480e-02  5.7900e-02
  3553.23      2.8143  3.9680e-02  3.7190e-02  3.6640e-02  6.3230e-02  5.8450e-02
  3551.73      2.8155  4.0290e-02  3.7780e-02  3.7280e-02  6.3810e-02  5.9010e-02
  3550.23      2.8167  4.0900e-02  3.8370e-02  3.7900e-02  6.4230e-02  5.9590e-02
  3548.73      2.8179  4.1480e-02  3.8940e-02  3.8490e-02  6.4650e-02  6.0200e-02
  3547.23      2.8191  4.2020e-02  3.9470e-02  3.9030e-02  6.5130e-02  6.0890e-02
  3545.73      2.8203  4.2540e-02  3.9980e-02  3.9520e-02  6.5710e-02  6.1640e-02
  3544.23      2.8215  4.3060e-02  4.0500e-02  4.0000e-02  6.6340e-02  6.2380e-02
  3542.73      2.8227  4.3600e-02  4.1040e-02  4.0490e-02  6.6900e-02  6.3120e-02
  3541.23      2.8239  4.4170e-02  4.1630e-02  4.1010e-02  6.7430e-02  6.3850e-02
  3539.73      2.8251  4.4760e-02  4.2240e-02  4.1580e-02  6.8070e-02  6.4490e-02
  3538.23      2.8263  4.5370e-02  4.2880e-02  4.2180e-02  6.8800e-02  6.5090e-02
  3536.73      2.8275  4.5990e-02  4.3520e-02  4.2780e-02  6.9400e-02  6.5720e-02
  3535.23      2.8287  4.6590e-02  4.4160e-02  4.3370e-02  6.9840e-02  6.6420e-02
  3533.73      2.8299  4.7180e-02  4.4780e-02  4.3980e-02  7.0340e-02  6.7210e-02
  3532.23      2.8311  4.7780e-02  4.5390e-02  4.4590e-02  7.0990e-02  6.8010e-02
  3530.73      2.8323  4.8360e-02  4.5980e-02  4.5200e-02  7.1570e-02  6.8630e-02
  3529.23      2.8335  4.8910e-02  4.6540e-02  4.5780e-02  7.2000e-02  6.9110e-02
  3527.72      2.8347  4.9420e-02  4.7060e-02  4.6340e-02  7.2420e-02  6.9610e-02
  3526.22      2.8359  4.9910e-02  4.7560e-02  4.6860e-02  7.2980e-02  7.0170e-02
  3524.72      2.8371  5.0380e-02  4.8040e-02  4.7370e-02  7.3680e-02  7.0750e-02
  3523.22      2.8383  5.0850e-02  4.8530e-02  4.7880e-02  7.4330e-02  7.1290e-02
  3521.72      2.8395  5.1350e-02  4.9030e-02  4.8400e-02  7.4900e-02  7.1870e-02
  3520.22      2.8407  5.1850e-02  4.9540e-02  4.8950e-02  7.5420e-02  7.2490e-02
  3518.72      2.8419  5.2380e-02  5.0070e-02  4.9510e-02  7.5920e-02  7.3170e-02
  3517.22      2.8432  5.2940e-02  5.0650e-02  5.0100e-02  7.6510e-02  7.3870e-02
  3515.72      2.8444  5.3510e-02  5.1230e-02  5.0700e-02  7.7160e-02  7.4510e-02
  3514.22      2.8456  5.4100e-02  5.1830e-02  5.1310e-02  7.7710e-02  7.5100e-02
  3512.72      2.8468  5.4690e-02  5.2420e-02  5.1910e-02  7.8080e-02  7.5710e-02
  3511.22      2.8480  5.5290e-02  5.3010e-02  5.2490e-02  7.8390e-02  7.6350e-02
  3509.72      2.8492  5.5860e-02  5.3590e-02  5.3060e-02  7.8790e-02  7.7050e-02
  3508.22      2.8504  5.6440e-02  5.4150e-02  5.3620e-02  7.9280e-02  7.7810e-02
  3506.72      2.8517  5.6990e-02  5.4700e-02  5.4140e-02  7.9820e-02  7.8520e-02
  3505.22      2.8529  5.7520e-02  5.5230e-02  5.4660e-02  8.0360e-02  7.9070e-02
  3503.72      2.8541  5.8020e-02  5.5740e-02  5.5150e-02  8.0840e-02  7.9500e-02
  3502.22      2.8553  5.8510e-02  5.6220e-02  5.5630e-02  8.1290e-02  8.0040e-02
  3500.72      2.8566  5.9000e-02  5.6710e-02  5.6120e-02  8.1770e-02  8.0660e-02
  3499.22      2.8578  5.9490e-02  5.7200e-02  5.6620e-02  8.2220e-02  8.1210e-02
  3497.72      2.8590  5.9980e-02  5.7700e-02  5.7150e-02  8.2650e-02  8.1760e-02
  3496.22      2.8602  6.0470e-02  5.8220e-02  5.7690e-02  8.3120e-02  8.2380e-02
  3494.72      2.8615  6.0980e-02  5.8740e-02  5.8250e-02  8.3670e-02  8.3000e-02
  3493.22      2.8627  6.1480e-02  5.9270e-02  5.8820e-02  8.4300e-02  8.3600e-02
  3491.72      2.8639  6.2000e-02  5.9800e-02  5.9380e-02  8.4940e-02  8.4220e-02
  3490.22      2.8651  6.2520e-02  6.0330e-02  5.9960e-02  8.5480e-02  8.4830e-02
  3488.72      2.8664  6.3040e-02  6.0860e-02  6.0520e-02  8.5900e-02  8.5290e-02
  3487.22      2.8676  6.3560e-02  6.1390e-02  6.1080e-02  8.6240e-02  8.5650e-02
  3485.72      2.8688  6.4060e-02  6.1910e-02  6.1610e-02  8.6590e-02  8.6100e-02
  3484.22      2.8701  6.4570e-02  6.2410e-02  6.2120e-02  8.7020e-02  8.6670e-02
  3482.72      2.8713  6.5070e-02  6.2920e-02  6.2620e-02  8.7520e-02  8.7190e-02
  3481.22      2.8726  6.5570e-02  6.3410e-02  6.3110e-02  8.8070e-02  8.7720e-02
  3479.72      2.8738  6.6070e-02  6.3900e-02  6.3600e-02  8.8550e-02  8.8330e-02
  3478.22      2.8750  6.6560e-02  6.4390e-02  6.4080e-02  8.8930e-02  8.8930e-02
  3476.72      2.8763  6.7050e-02  6.4890e-02  6.4570e-02  8.9280e-02  8.9410e-02
  3475.22      2.8775  6.7550e-02  6.5390e-02  6.5070e-02  8.9580e-02  8.9780e-02
  3473.72      2.8788  6.8040e-02  6.5890e-02  6.5570e-02  8.9900e-02  9.0280e-02
  3472.22      2.8800  6.8540e-02  6.6400e-02  6.6080e-02  9.0330e-02  9.0900e-02
  3470.72      2.8812  6.9030e-02  6.6930e-02  6.6610e-02  9.0790e-02  9.1490e-02
  3469.22      2.8825  6.9520e-02  6.7460e-02  6.7140e-02  9.1200e-02  9.2080e-02
  3467.72      2.8837  7.0020e-02  6.7990e-02  6.7680e-02  9.1580e-02  9.2650e-02
  3466.22      2.8850  7.0500e-02  6.8510e-02  6.8220e-02  9.1990e-02  9.3160e-02
  3464.72      2.8862  7.0980e-02  6.9040e-02  6.8760e-02  9.2420e-02  9.3600e-02
  3463.22      2.8875  7.1460e-02  6.9580e-02  6.9310e-02  9.2860e-02  9.4030e-02
  3461.72      2.8887  7.1950e-02  7.0110e-02  6.9860e-02  9.3280e-02  9.4500e-02
  3460.22      2.8900  7.2430e-02  7.0640e-02  7.0420e-02  9.3670e-02  9.5030e-02
  3458.72      2.8912  7.2920e-02  7.1170e-02  7.0990e-02  9.4060e-02  9.5570e-02
  3457.22      2.8925  7.3390e-02  7.1690e-02  7.1540e-02  9.4510e-02  9.6070e-02
  3455.72      2.8938  7.3880e-02  7.2190e-02  7.2100e-02  9.4940e-02  9.6550e-02
  3454.22      2.8950  7.4350e-02  7.2700e-02  7.2630e-02  9.5300e-02  9.7000e-02
  3452.72      2.8963  7.4800e-02  7.3190e-02  7.3160e-02  9.5590e-02  9.7400e-02
  3451.22      2.8975  7.5270e-02  7.3670e-02  7.3670e-02  9.5870e-02  9.7860e-02
  3449.72      2.8988  7.5720e-02  7.4160e-02  7.4170e-02  9.6180e-02  9.8410e-02
  3448.22      2.9000  7.6160e-02  7.4620e-02  7.4650e-02  9.6560e-02  9.8920e-02
  3446.72      2.9013  7.6590e-02  7.5080e-02  7.5120e-02  9.6980e-02  9.9330e-02
  3445.22      2.9026  7.7020e-02  7.5520e-02  7.5550e-02  9.7370e-02  9.9720e-02
  3443.72      2.9038  7.7440e-02  7.5970e-02  7.5990e-02  9.7750e-02  1.0016e-01
  3442.22      2.9051  7.7870e-02  7.6420e-02  7.6420e-02  9.8140e-02  1.0061e-01
  3440.72      2.9064  7.8300e-02  7.6870e-02  7.6860e-02  9.8490e-02  1.0111e-01
  3439.22      2.9076  7.8740e-02  7.7320e-02  7.7320e-02  9.8830e-02  1.0164e-01
  3437.72      2.9089  7.9190e-02  7.7780e-02  7.7790e-02  9.9250e-02  1.0220e-01
  3436.22      2.9102  7.9640e-02  7.8240e-02  7.8280e-02  9.9680e-02  1.0275e-01
  3434.72      2.9114  8.0090e-02  7.8690e-02  7.8760e-02  9.9980e-02  1.0321e-01
  3433.22      2.9127  8.0550e-02  7.9150e-02  7.9270e-02  1.0025e-01  1.0362e-01
  3431.72      2.9140  8.1020e-02  7.9620e-02  7.9790e-02  1.0059e-01  1.0400e-01
  3430.22      2.9153  8.1470e-02  8.0070e-02  8.0300e-02  1.0096e-01  1.0435e-01
  3428.72      2.9165  8.1920e-02  8.0530e-02  8.0810e-02  1.0129e-01  1.0472e-01
  3427.22      2.9178  8.2360e-02  8.0980e-02  8.1320e-02  1.0157e-01  1.0507e-01
  3425.72      2.9191  8.2810e-02  8.1440e-02  8.1820e-02  1.0188e-01  1.0542e-01
  3424.22      2.9204  8.3230e-02  8.1900e-02  8.2310e-02  1.0218e-01  1.0582e-01
  3422.72      2.9217  8.3660e-02  8.2360e-02  8.2780e-02  1.0244e-01  1.0630e-01
  3421.22      2.9229  8.4070e-02  8.2810e-02  8.3240e-02  1.0267e-01  1.0680e-01
  3419.72      2.9242  8.4470e-02  8.3260e-02  8.3690e-02  1.0284e-01  1.0719e-01
  3418.22      2.9255  8.4870e-02  8.3710e-02  8.4130e-02  1.0300e-01  1.0752e-01
  3416.72      2.9268  8.5270e-02  8.4160e-02  8.4570e-02  1.0325e-01  1.0787e-01
  3415.22      2.9281  8.5650e-02  8.4610e-02  8.5010e-02  1.0352e-01  1.0821e-01
  3413.72      2.9294  8.6040e-02  8.5070e-02  8.5450e-02  1.0375e-01  1.0851e-01
  3412.22      2.9306  8.6430e-02  8.5520e-02  8.5900e-02  1.0394e-01  1.0881e-01
  3410.72      2.9319  8.6820e-02  8.5950e-02  8.6350e-02  1.0420e-01  1.0918e-01
  3409.22      2.9332  8.7200e-02  8.6390e-02  8.6800e-02  1.0453e-01  1.0956e-01
  3407.72      2.9345  8.7580e-02  8.6820e-02  8.7270e-02  1.0483e-01  1.0991e-01
  3406.22      2.9358  8.7960e-02  8.7260e-02  8.7720e-02  1.0509e-01  1.1018e-01
  3404.72      2.9371  8.8340e-02  8.7700e-02  8.8190e-02  1.0539e-01  1.1048e-01
  3403.22      2.9384  8.8700e-02  8.8130e-02  8.8650e-02  1.0570e-01  1.1084e-01
  3401.72      2.9397  8.9070e-02  8.8550e-02  8.9110e-02  1.0594e-01  1.1117e-01
  3400.22      2.9410  8.9440e-02  8.8970e-02  8.9550e-02  1.0609e-01  1.1155e-01
  3398.72      2.9423  8.9800e-02  8.9380e-02  8.9990e-02  1.0622e-01  1.1195e-01
  3397.22      2.9436  9.0140e-02  8.9790e-02  9.0420e-02  1.0639e-01  1.1232e-01
  3395.72      2.9449  9.0480e-02  9.0190e-02  9.0840e-02  1.0654e-01  1.1263e-01
  3394.21      2.9462  9.0820e-02  9.0580e-02  9.1260e-02  1.0666e-01  1.1288e-01
  3392.71      2.9475  9.1150e-02  9.0960e-02  9.1660e-02  1.0685e-01  1.1307e-01
  3391.21      2.9488  9.1470e-02  9.1340e-02  9.2060e-02  1.0716e-01  1.1330e-01
  3389.71      2.9501  9.1810e-02  9.1720e-02  9.2460e-02  1.0751e-01  1.1363e-01
  3388.21      2.9514  9.2140e-02  9.2090e-02  9.2850e-02  1.0783e-01  1.1394e-01
  3386.71      2.9527  9.2490e-02  9.2460e-02  9.3240e-02  1.0801e-01  1.1418e-01
  3385.21      2.9540  9.2830e-02  9.2840e-02  9.3640e-02  1.0812e-01  1.1445e-01
  3383.71      2.9553  9.3170e-02  9.3200e-02  9.4040e-02  1.0824e-01  1.1481e-01
  3382.21      2.9566  9.3530e-02  9.3560e-02  9.4440e-02  1.0838e-01  1.1512e-01
  3380.71      2.9580  9.3910e-02  9.3940e-02  9.4840e-02  1.0861e-01  1.1532e-01
  3379.21      2.9593  9.4280e-02  9.4300e-02  9.5240e-02  1.0887e-01  1.1545e-01
  3377.71      2.9606  9.4650e-02  9.4670e-02  9.5650e-02  1.0913e-01  1.1566e-01
  3376.21      2.9619  9.5030e-02  9.5030e-02  9.6050e-02  1.0937e-01  1.1598e-01
  3374.71      2.9632  9.5390e-02  9.5390e-02  9.6450e-02  1.0956e-01  1.1618e-01
  3373.21      2.9645  9.5750e-02  9.5760e-02  9.6830e-02  1.0972e-01  1.1631e-01
  3371.71      2.9659  9.6100e-02  9.6110e-02  9.7210e-02  1.0983e-01  1.1656e-01
  3370.21      2.9672  9.6440e-02  9.6460e-02  9.7580e-02  1.0993e-01  1.1687e-01
  3368.71      2.9685  9.6760e-02  9.6800e-02  9.7930e-02  1.1009e-01  1.1711e-01
  3367.21      2.9698  9.7090e-02  9.7150e-02  9.8290e-02  1.1025e-01  1.1722e-01
  3365.71      2.9711  9.7390e-02  9.7500e-02  9.8640e-02  1.1041e-01  1.1737e-01
  3364.21      2.9725  9.7700e-02  9.7830e-02  9.8980e-02  1.1062e-01  1.1761e-01
  3362.71      2.9738  9.8010e-02  9.8160e-02  9.9310e-02  1.1086e-01  1.1788e-01
  3361.21      2.9751  9.8300e-02  9.8500e-02  9.9660e-02  1.1109e-01  1.1815e-01
  3359.71      2.9764  9.8600e-02  9.8820e-02  9.9990e-02  1.1124e-01  1.1845e-01
  3358.21      2.9778  9.8900e-02  9.9150e-02  1.0033e-01  1.1130e-01  1.1879e-01
  3356.71      2.9791  9.9200e-02  9.9480e-02  1.0067e-01  1.1136e-01  1.1912e-01
  3355.21      2.9804  9.9510e-02  9.9800e-02  1.0101e-01  1.1151e-01  1.1939e-01
  3353.71      2.9818  9.9800e-02  1.0014e-01  1.0136e-01  1.1175e-01  1.1954e-01
  3352.21      2.9831  1.0010e-01  1.0047e-01  1.0170e-01  1.1196e-01  1.1959e-01
  3350.71      2.9844  1.0039e-01  1.0081e-01  1.0204e-01  1.1213e-01  1.1970e-01
  3349.21      2.9858  1.0069e-01  1.0113e-01  1.0238e-01  1.1231e-01  1.1990e-01
  3347.71      2.9871  1.0098e-01  1.0147e-01  1.0272e-01  1.1248e-01  1.2007e-01
  3346.21      2.9885  1.0128e-01  1.0180e-01  1.0306e-01  1.1262e-01  1.2020e-01
  3344.71      2.9898  1.0156e-01  1.0212e-01  1.0338e-01  1.1282e-01  1.2040e-01
  3343.21      2.9911  1.0186e-01  1.0244e-01  1.0371e-01  1.1307e-01  1.2063e-01
  3341.71      2.9925  1.0215e-01  1.0275e-01  1.0403e-01  1.1329e-01  1.2081e-01
  3340.21      2.9938  1.0243e-01  1.0305e-01  1.0435e-01  1.1347e-01  1.2099e-01
  3338.71      2.9952  1.0273e-01  1.0335e-01  1.0466e-01  1.1352e-01  1.2121e-01
  3337.21      2.9965  1.0301e-01  1.0364e-01  1.0496e-01  1.1354e-01  1.2144e-01
  3335.71      2.9979  1.0330e-01  1.0392e-01  1.0527e-01  1.1366e-01  1.2165e-01
  3334.21      2.9992  1.0358e-01  1.0420e-01  1.0557e-01  1.1387e-01  1.2185e-01
  3332.71      3.0006  1.0387e-01  1.0448e-01  1.0587e-01  1.1405e-01  1.2206e-01
  3331.21      3.0019  1.0416e-01  1.0476e-01  1.0618e-01  1.1418e-01  1.2227e-01
  3329.71      3.0033  1.0445e-01  1.0505e-01  1.0650e-01  1.1437e-01  1.2245e-01
  3328.21      3.0046  1.0475e-01  1.0535e-01  1.0683e-01  1.1462e-01  1.2262e-01
  3326.71      3.0060  1.0505e-01  1.0565e-01  1.0716e-01  1.1481e-01  1.2277e-01
  3325.21      3.0073  1.0536e-01  1.0596e-01  1.0750e-01  1.1495e-01  1.2294e-01
  3323.71      3.0087  1.0567e-01  1.0628e-01  1.0785e-01  1.1511e-01  1.2315e-01
  3322.21      3.0100  1.0599e-01  1.0660e-01  1.0821e-01  1.1528e-01  1.2333e-01
  3320.71      3.0114  1.0631e-01  1.0694e-01  1.0857e-01  1.1547e-01  1.2342e-01
  3319.21      3.0128  1.0663e-01  1.0728e-01  1.0893e-01  1.1565e-01  1.2350e-01
  3317.71      3.0141  1.0695e-01  1.0761e-01  1.0930e-01  1.1582e-01  1.2366e-01
  3316.21      3.0155  1.0727e-01  1.0795e-01  1.0965e-01  1.1599e-01  1.2390e-01
  3314.71      3.0169  1.0759e-01  1.0829e-01  1.1001e-01  1.1614e-01  1.2417e-01
  3313.21      3.0182  1.0790e-01  1.0861e-01  1.1035e-01  1.1632e-01  1.2445e-01
  3311.71      3.0196  1.0821e-01  1.0894e-01  1.1068e-01  1.1654e-01  1.2471e-01
  3310.21      3.0210  1.0853e-01  1.0926e-01  1.1101e-01  1.1676e-01  1.2493e-01
  3308.71      3.0223  1.0884e-01  1.0958e-01  1.1133e-01  1.1694e-01  1.2512e-01
  3307.21      3.0237  1.0916e-01  1.0991e-01  1.1165e-01  1.1709e-01  1.2527e-01
  3305.71      3.0251  1.0948e-01  1.1024e-01  1.1197e-01  1.1721e-01  1.2544e-01
  3304.21      3.0264  1.0980e-01  1.1056e-01  1.1229e-01  1.1732e-01  1.2565e-01
  3302.71      3.0278  1.1014e-01  1.1089e-01  1.1262e-01  1.1751e-01  1.2591e-01
  3301.21      3.0292  1.1047e-01  1.1122e-01  1.1295e-01  1.1780e-01  1.2615e-01
  3299.71      3.0306  1.1079e-01  1.1154e-01  1.1328e-01  1.1809e-01  1.2631e-01
  3298.21      3.0319  1.1112e-01  1.1188e-01  1.1361e-01  1.1834e-01  1.2646e-01
  3296.71      3.0333  1.1145e-01  1.1221e-01  1.1395e-01  1.1855e-01  1.2673e-01
  3295.21      3.0347  1.1177e-01  1.1254e-01  1.1430e-01  1.1873e-01  1.2705e-01
  3293.71      3.0361  1.1209e-01  1.1287e-01  1.1465e-01  1.1894e-01  1.2734e-01
  3292.21      3.0375  1.1241e-01  1.1321e-01  1.1500e-01  1.1915e-01  1.2758e-01
  3290.71      3.0389  1.1273e-01  1.1354e-01  1.1536e-01  1.1929e-01  1.2771e-01
  3289.21      3.0402  1.1304e-01  1.1389e-01  1.1572e-01  1.1944e-01  1.2777e-01
  3287.71      3.0416  1.1336e-01  1.1424e-01  1.1609e-01  1.1962e-01  1.2788e-01
  3286.21      3.0430  1.1368e-01  1.1460e-01  1.1645e-01  1.1982e-01  1.2815e-01
  3284.71      3.0444  1.1402e-01  1.1496e-01  1.1682e-01  1.2004e-01  1.2848e-01
  3283.21      3.0458  1.1435e-01  1.1533e-01  1.1719e-01  1.2026e-01  1.2877e-01
  3281.71      3.0472  1.1470e-01  1.1570e-01  1.1756e-01  1.2046e-01  1.2903e-01
  3280.21      3.0486  1.1503e-01  1.1607e-01  1.1793e-01  1.2064e-01  1.2929e-01
  3278.71      3.0500  1.1537e-01  1.1645e-01  1.1829e-01  1.2086e-01  1.2951e-01
  3277.21      3.0514  1.1572e-01  1.1681e-01  1.1864e-01  1.2120e-01  1.2974e-01
  3275.71      3.0528  1.1608e-01  1.1718e-01  1.1900e-01  1.2159e-01  1.2999e-01
  3274.21      3.0542  1.1643e-01  1.1754e-01  1.1936e-01  1.2182e-01  1.3016e-01
  3272.71      3.0556  1.1679e-01  1.1790e-01  1.1971e-01  1.2194e-01  1.3032e-01
  3271.21      3.0570  1.1713e-01  1.1825e-01  1.2006e-01  1.2206e-01  1.3055e-01
  3269.71      3.0584  1.1749e-01  1.1861e-01  1.2042e-01  1.2226e-01  1.3083e-01
  3268.21      3.0598  1.1786e-01  1.1898e-01  1.2078e-01  1.2253e-01  1.3109e-01
  3266.71      3.0612  1.1823e-01  1.1935e-01  1.2115e-01  1.2279e-01  1.3135e-01
  3265.21      3.0626  1.1860e-01  1.1971e-01  1.2152e-01  1.2303e-01  1.3165e-01
  3263.71      3.0640  1.1898e-01  1.2008e-01  1.2189e-01  1.2328e-01  1.3192e-01
  3262.21      3.0654  1.1937e-01  1.2045e-01  1.2227e-01  1.2356e-01  1.3215e-01
  3260.71      3.0668  1.1976e-01  1.2082e-01  1.2265e-01  1.2384e-01  1.3240e-01
  3259.20      3.0682  1.2015e-01  1.2119e-01  1.2303e-01  1.2405e-01  1.3266e-01
  3257.70      3.0696  1.2054e-01  1.2156e-01  1.2342e-01  1.2427e-01  1.3298e-01
  3256.20      3.0711  1.2093e-01  1.2193e-01  1.2381e-01  1.2458e-01  1.3330e-01
  3254.70      3.0725  1.2131e-01  1.2229e-01  1.2420e-01  1.2492e-01  1.3353e-01
  3253.20      3.0739  1.2169e-01  1.2267e-01  1.2458e-01  1.2527e-01  1.3375e-01
  3251.70      3.0753  1.2208e-01  1.2304e-01  1.2497e-01  1.2556e-01  1.3404e-01
  3250.20      3.0767  1.2246e-01  1.2342e-01  1.2536e-01  1.2574e-01  1.3434e-01
  3248.70      3.0782  1.2285e-01  1.2382e-01  1.2576e-01  1.2589e-01  1.3459e-01
  3247.20      3.0796  1.2324e-01  1.2421e-01  1.2616e-01  1.2611e-01  1.3479e-01
  3245.70      3.0810  1.2363e-01  1.2461e-01  1.2656e-01  1.2640e-01  1.3501e-01
  3244.20      3.0824  1.2402e-01  1.2502e-01  1.2696e-01  1.2665e-01  1.3527e-01
  3242.70      3.0838  1.2441e-01  1.2542e-01  1.2735e-01  1.2688e-01  1.3558e-01
  3241.20      3.0853  1.2480e-01  1.2584e-01  1.2776e-01  1.2722e-01  1.3589e-01
  3239.70      3.0867  1.2518e-01  1.2624e-01  1.2815e-01  1.2761e-01  1.3624e-01
  3238.20      3.0881  1.2558e-01  1.2664e-01  1.2855e-01  1.2795e-01  1.3660e-01
  3236.70      3.0896  1.2597e-01  1.2704e-01  1.2894e-01  1.2828e-01  1.3692e-01
  3235.20      3.0910  1.2637e-01  1.2743e-01  1.2934e-01  1.2856e-01  1.3720e-01
  3233.70      3.0924  1.2676e-01  1.2782e-01  1.2974e-01  1.2873e-01  1.3750e-01
  3232.20      3.0939  1.2716e-01  1.2820e-01  1.3013e-01  1.2887e-01  1.3776e-01
  3230.70      3.0953  1.2755e-01  1.2859e-01  1.3054e-01  1.2907e-01  1.3797e-01
  3229.20      3.0967  1.2794e-01  1.2899e-01  1.3093e-01  1.2930e-01  1.3816e-01
  3227.70      3.0982  1.2833e-01  1.2939e-01  1.3134e-01  1.2958e-01  1.3840e-01
  3226.20      3.0996  1.2873e-01  1.2979e-01  1.3175e-01  1.2985e-01  1.3872e-01
  3224.70      3.1011  1.2913e-01  1.3020e-01  1.3217e-01  1.3009e-01  1.3909e-01
  3223.20      3.1025  1.2953e-01  1.3062e-01  1.3259e-01  1.3031e-01  1.3941e-01
  3221.70      3.1039  1.2993e-01  1.3104e-01  1.3301e-01  1.3057e-01  1.3971e-01
  3220.20      3.1054  1.3033e-01  1.3146e-01  1.3343e-01  1.3089e-01  1.4003e-01
  3218.70      3.1068  1.3074e-01  1.3188e-01  1.3385e-01  1.3121e-01  1.4028e-01
  3217.20      3.1083  1.3114e-01  1.3230e-01  1.3426e-01  1.3153e-01  1.4053e-01
  3215.70      3.1097  1.3156e-01  1.3273e-01  1.3468e-01  1.3183e-01  1.4084e-01
  3214.20      3.1112  1.3197e-01  1.3315e-01  1.3508e-01  1.3207e-01  1.4118e-01
  3212.70      3.1126  1.3239e-01  1.3357e-01  1.3549e-01  1.3224e-01  1.4147e-01
  3211.20      3.1141  1.3280e-01  1.3399e-01  1.3590e-01  1.3238e-01  1.4165e-01
  3209.70      3.1156  1.3322e-01  1.3442e-01  1.3629e-01  1.3264e-01  1.4184e-01
  3208.20      3.1170  1.3364e-01  1.3485e-01  1.3670e-01  1.3299e-01  1.4211e-01
  3206.70      3.1185  1.3406e-01  1.3527e-01  1.3711e-01  1.3330e-01  1.4242e-01
  3205.20      3.1199  1.3448e-01  1.3571e-01  1.3753e-01  1.3361e-01  1.4276e-01
  3203.70      3.1214  1.3490e-01  1.3614e-01  1.3796e-01  1.3392e-01  1.4306e-01
  3202.20      3.1229  1.3532e-01  1.3658e-01  1.3840e-01  1.3417e-01  1.4339e-01
  3200.70      3.1243  1.3573e-01  1.3702e-01  1.3884e-01  1.3435e-01  1.4380e-01
  3199.20      3.1258  1.3614e-01  1.3745e-01  1.3928e-01  1.3454e-01  1.4422e-01
  3197.70      3.1272  1.3656e-01  1.3788e-01  1.3973e-01  1.3481e-01  1.4455e-01
  3196.20      3.1287  1.3698e-01  1.3831e-01  1.4018e-01  1.3515e-01  1.4482e-01
  3194.70      3.1302  1.3740e-01  1.3875e-01  1.4063e-01  1.3551e-01  1.4509e-01
  3193.20      3.1317  1.3783e-01  1.3917e-01  1.4109e-01  1.3584e-01  1.4535e-01
  3191.70      3.1331  1.3825e-01  1.3961e-01  1.4155e-01  1.3609e-01  1.4551e-01
  3190.20      3.1346  1.3867e-01  1.4006e-01  1.4201e-01  1.3630e-01  1.4569e-01
  3188.70      3.1361  1.3910e-01  1.4049e-01  1.4246e-01  1.3651e-01  1.4596e-01
  3187.20      3.1376  1.3953e-01  1.4094e-01  1.4292e-01  1.3673e-01  1.4619e-01
  3185.70      3.1390  1.3995e-01  1.4138e-01  1.4338e-01  1.3697e-01  1.4638e-01
  3184.20      3.1405  1.4038e-01  1.4183e-01  1.4384e-01  1.3722e-01  1.4665e-01
  3182.70      3.1420  1.4081e-01  1.4229e-01  1.4430e-01  1.3746e-01  1.4701e-01
  3181.20      3.1435  1.4124e-01  1.4274e-01  1.4476e-01  1.3774e-01  1.4744e-01
  3179.70      3.1450  1.4167e-01  1.4319e-01  1.4522e-01  1.3803e-01  1.4786e-01
  3178.20      3.1464  1.4210e-01  1.4364e-01  1.4568e-01  1.3825e-01  1.4819e-01
  3176.70      3.1479  1.4253e-01  1.4409e-01  1.4613e-01  1.3847e-01  1.4843e-01
  3175.20      3.1494  1.4296e-01  1.4454e-01  1.4657e-01  1.3875e-01  1.4870e-01
  3173.70      3.1509  1.4338e-01  1.4499e-01  1.4702e-01  1.3907e-01  1.4910e-01
  3172.20      3.1524  1.4381e-01  1.4544e-01  1.4748e-01  1.3937e-01  1.4957e-01
  3170.70      3.1539  1.4423e-01  1.4589e-01  1.4795e-01  1.3961e-01  1.4994e-01
  3169.20      3.1554  1.4466e-01  1.4634e-01  1.4841e-01  1.3984e-01  1.5019e-01
  3167.70      3.1569  1.4510e-01  1.4681e-01  1.4888e-01  1.4010e-01  1.5043e-01
  3166.20      3.1584  1.4554e-01  1.4728e-01  1.4937e-01  1.4044e-01  1.5068e-01
  3164.70      3.1599  1.4598e-01  1.4774e-01  1.4985e-01  1.4083e-01  1.5094e-01
  3163.20      3.1614  1.4643e-01  1.4822e-01  1.5035e-01  1.4117e-01  1.5121e-01
  3161.70      3.1629  1.4689e-01  1.4869e-01  1.5085e-01  1.4148e-01  1.5153e-01
  3160.20      3.1644  1.4734e-01  1.4915e-01  1.5135e-01  1.4179e-01  1.5192e-01
  3158.70      3.1659  1.4780e-01  1.4962e-01  1.5185e-01  1.4202e-01  1.5231e-01
  3157.20      3.1674  1.4827e-01  1.5009e-01  1.5234e-01  1.4221e-01  1.5261e-01
  3155.70      3.1689  1.4873e-01  1.5055e-01  1.5283e-01  1.4246e-01  1.5285e-01
  3154.20      3.1704  1.4920e-01  1.5103e-01  1.5333e-01  1.4273e-01  1.5316e-01
  3152.70      3.1719  1.4967e-01  1.5150e-01  1.5381e-01  1.4295e-01  1.5356e-01
  3151.20      3.1734  1.5013e-01  1.5197e-01  1.5429e-01  1.4317e-01  1.5391e-01
  3149.70      3.1749  1.5059e-01  1.5245e-01  1.5477e-01  1.4347e-01  1.5421e-01
  3148.20      3.1764  1.5105e-01  1.5294e-01  1.5526e-01  1.4386e-01  1.5453e-01
  3146.70      3.1779  1.5151e-01  1.5344e-01  1.5576e-01  1.4423e-01  1.5488e-01
  3145.20      3.1795  1.5197e-01  1.5395e-01  1.5626e-01  1.4454e-01  1.5523e-01
  3143.70      3.1810  1.5244e-01  1.5445e-01  1.5675e-01  1.4480e-01  1.5559e-01
  3142.20      3.1825  1.5290e-01  1.5496e-01  1.5725e-01  1.4505e-01  1.5595e-01
  3140.70      3.1840  1.5337e-01  1.5547e-01  1.5776e-01  1.4526e-01  1.5632e-01
  3139.20      3.1855  1.5385e-01  1.5598e-01  1.5826e-01  1.4544e-01  1.5663e-01
  3137.70      3.1871  1.5431e-01  1.5649e-01  1.5877e-01  1.4565e-01  1.5688e-01
  3136.20      3.1886  1.5479e-01  1.5701e-01  1.5928e-01  1.4590e-01  1.5709e-01
  3134.70      3.1901  1.5528e-01  1.5752e-01  1.5979e-01  1.4615e-01  1.5734e-01
  3133.20      3.1916  1.5575e-01  1.5803e-01  1.6030e-01  1.4641e-01  1.5767e-01
  3131.70      3.1932  1.5623e-01  1.5854e-01  1.6082e-01  1.4671e-01  1.5804e-01
  3130.20      3.1947  1.5670e-01  1.5904e-01  1.6133e-01  1.4704e-01  1.5837e-01
  3128.70      3.1962  1.5717e-01  1.5953e-01  1.6185e-01  1.4737e-01  1.5870e-01
  3127.20      3.1978  1.5764e-01  1.6003e-01  1.6237e-01  1.4766e-01  1.5902e-01
  3125.69      3.1993  1.5810e-01  1.6052e-01  1.6287e-01  1.4792e-01  1.5938e-01
  3124.19      3.2008  1.5855e-01  1.6100e-01  1.6338e-01  1.4823e-01  1.5978e-01
  3122.69      3.2024  1.5900e-01  1.6148e-01  1.6389e-01  1.4855e-01  1.6017e-01
  3121.19      3.2039  1.5944e-01  1.6197e-01  1.6439e-01  1.4886e-01  1.6054e-01
  3119.69      3.2054  1.5988e-01  1.6244e-01  1.6488e-01  1.4912e-01  1.6088e-01
  3118.19      3.2070  1.6031e-01  1.6290e-01  1.6536e-01  1.4935e-01  1.6113e-01
  3116.69      3.2085  1.6074e-01  1.6337e-01  1.6584e-01  1.4961e-01  1.6131e-01
  3115.19      3.2101  1.6118e-01  1.6384e-01  1.6633e-01  1.4983e-01  1.6155e-01
  3113.69      3.2116  1.6162e-01  1.6431e-01  1.6681e-01  1.4998e-01  1.6194e-01
  3112.19      3.2132  1.6206e-01  1.6479e-01  1.6731e-01  1.5018e-01  1.6238e-01
  3110.69      3.2147  1.6251e-01  1.6527e-01  1.6781e-01  1.5049e-01  1.6272e-01
  3109.19      3.2163  1.6295e-01  1.6576e-01  1.6831e-01  1.5082e-01  1.6299e-01
  3107.69      3.2178  1.6340e-01  1.6625e-01  1.6881e-01  1.5117e-01  1.6327e-01
  3106.19      3.2194  1.6385e-01  1.6674e-01  1.6932e-01  1.5152e-01  1.6352e-01
  3104.69      3.2209  1.6430e-01  1.6722e-01  1.6984e-01  1.5183e-01  1.6379e-01
  3103.19      3.2225  1.6475e-01  1.6771e-01  1.7035e-01  1.5205e-01  1.6411e-01
  3101.69      3.2240  1.6520e-01  1.6821e-01  1.7087e-01  1.5231e-01  1.6449e-01
  3100.19      3.2256  1.6563e-01  1.6869e-01  1.7137e-01  1.5259e-01  1.6482e-01
  3098.69      3.2272  1.6607e-01  1.6917e-01  1.7188e-01  1.5281e-01  1.6505e-01
  3097.19      3.2287  1.6651e-01  1.6964e-01  1.7238e-01  1.5304e-01  1.6530e-01
  3095.69      3.2303  1.6694e-01  1.7013e-01  1.7288e-01  1.5330e-01  1.6564e-01
  3094.19      3.2319  1.6738e-01  1.7061e-01  1.7338e-01  1.5356e-01  1.6603e-01
  3092.69      3.2334  1.6783e-01  1.7109e-01  1.7390e-01  1.5386e-01  1.6644e-01
  3091.19      3.2350  1.6828e-01  1.7156e-01  1.7440e-01  1.5416e-01  1.6679e-01
  3089.69      3.2366  1.6872e-01  1.7204e-01  1.7491e-01  1.5441e-01  1.6705e-01
  3088.19      3.2381  1.6916e-01  1.7252e-01  1.7542e-01  1.5466e-01  1.6732e-01
  3086.69      3.2397  1.6960e-01  1.7299e-01  1.7591e-01  1.5493e-01  1.6764e-01
  3085.19      3.2413  1.7002e-01  1.7346e-01  1.7640e-01  1.5516e-01  1.6802e-01
  3083.69      3.2429  1.7045e-01  1.7393e-01  1.7690e-01  1.5525e-01  1.6837e-01
  3082.19      3.2444  1.7087e-01  1.7438e-01  1.7738e-01  1.5531e-01  1.6865e-01
  3080.69      3.2460  1.7128e-01  1.7484e-01  1.7786e-01  1.5550e-01  1.6895e-01
  3079.19      3.2476  1.7169e-01  1.7531e-01  1.7834e-01  1.5581e-01  1.6922e-01
  3077.69      3.2492  1.7208e-01  1.7577e-01  1.7881e-01  1.5609e-01  1.6940e-01
  3076.19      3.2508  1.7247e-01  1.7622e-01  1.7927e-01  1.5626e-01  1.6959e-01
  3074.69      3.2524  1.7287e-01  1.7669e-01  1.7974e-01  1.5637e-01  1.6984e-01
  3073.19      3.2539  1.7328e-01  1.7716e-01  1.8022e-01  1.5659e-01  1.7014e-01
  3071.69      3.2555  1.7368e-01  1.7762e-01  1.8069e-01  1.5690e-01  1.7046e-01
  3070.19      3.2571  1.7409e-01  1.7809e-01  1.8118e-01  1.5722e-01  1.7079e-01
  3068.69      3.2587  1.7449e-01  1.7856e-01  1.8166e-01  1.5757e-01  1.7115e-01
  3067.19      3.2603  1.7490e-01  1.7902e-01  1.8212e-01  1.5790e-01  1.7145e-01
  3065.69      3.2619  1.7532e-01  1.7947e-01  1.8259e-01  1.5810e-01  1.7167e-01
  3064.19      3.2635  1.7572e-01  1.7992e-01  1.8306e-01  1.5824e-01  1.7190e-01
  3062.69      3.2651  1.7613e-01  1.8036e-01  1.8352e-01  1.5841e-01  1.7214e-01
  3061.19      3.2667  1.7653e-01  1.8079e-01  1.8398e-01  1.5866e-01  1.7243e-01
  3059.69      3.2683  1.7694e-01  1.8124e-01  1.8445e-01  1.5894e-01  1.7285e-01
  3058.19      3.2699  1.7734e-01  1.8167e-01  1.8490e-01  1.5921e-01  1.7326e-01
  3056.69      3.2715  1.7775e-01  1.8210e-01  1.8536e-01  1.5950e-01  1.7357e-01
  3055.19      3.2731  1.7814e-01  1.8253e-01  1.8583e-01  1.5979e-01  1.7378e-01
  3053.69      3.2747  1.7854e-01  1.8297e-01  1.8628e-01  1.6006e-01  1.7399e-01
  3052.19      3.2763  1.7893e-01  1.8341e-01  1.8675e-01  1.6024e-01  1.7426e-01
  3050.69      3.2779  1.7932e-01  1.8385e-01  1.8723e-01  1.6029e-01  1.7458e-01
  3049.19      3.2796  1.7972e-01  1.8429e-01  1.8770e-01  1.6040e-01  1.7494e-01
  3047.69      3.2812  1.8011e-01  1.8474e-01  1.8818e-01  1.6068e-01  1.7531e-01
  3046.19      3.2828  1.8051e-01  1.8518e-01  1.8866e-01  1.6095e-01  1.7563e-01
  3044.69      3.2844  1.8090e-01  1.8562e-01  1.8913e-01  1.6116e-01  1.7591e-01
  3043.19      3.2860  1.8129e-01  1.8607e-01  1.8960e-01  1.6136e-01  1.7620e-01
  3041.69      3.2876  1.8167e-01  1.8649e-01  1.9007e-01  1.6155e-01  1.7648e-01
  3040.19      3.2893  1.8204e-01  1.8692e-01  1.9052e-01  1.6169e-01  1.7669e-01
  3038.69      3.2909  1.8242e-01  1.8735e-01  1.9097e-01  1.6185e-01  1.7685e-01
  3037.19      3.2925  1.8280e-01  1.8777e-01  1.9142e-01  1.6213e-01  1.7711e-01
  3035.69      3.2941  1.8317e-01  1.8818e-01  1.9187e-01  1.6243e-01  1.7738e-01
  3034.19      3.2958  1.8354e-01  1.8859e-01  1.9230e-01  1.6264e-01  1.7761e-01
  3032.69      3.2974  1.8389e-01  1.8900e-01  1.9273e-01  1.6279e-01  1.7783e-01
  3031.19      3.2990  1.8425e-01  1.8940e-01  1.9315e-01  1.6300e-01  1.7810e-01
  3029.69      3.3007  1.8462e-01  1.8981e-01  1.9358e-01  1.6325e-01  1.7841e-01
  3028.19      3.3023  1.8500e-01  1.9023e-01  1.9403e-01  1.6350e-01  1.7873e-01
  3026.69      3.3039  1.8538e-01  1.9066e-01  1.9448e-01  1.6373e-01  1.7907e-01
  3025.19      3.3056  1.8577e-01  1.9110e-01  1.9493e-01  1.6395e-01  1.7933e-01
  3023.69      3.3072  1.8616e-01  1.9153e-01  1.9539e-01  1.6411e-01  1.7955e-01
  3022.19      3.3089  1.8654e-01  1.9197e-01  1.9584e-01  1.6426e-01  1.7987e-01
  3020.69      3.3105  1.8693e-01  1.9240e-01  1.9629e-01  1.6449e-01  1.8032e-01
  3019.19      3.3122  1.8730e-01  1.9283e-01  1.9675e-01  1.6472e-01  1.8070e-01
  3017.69      3.3138  1.8767e-01  1.9326e-01  1.9722e-01  1.6495e-01  1.8092e-01
  3016.19      3.3154  1.8804e-01  1.9367e-01  1.9768e-01  1.6520e-01  1.8110e-01
  3014.69      3.3171  1.8839e-01  1.9407e-01  1.9812e-01  1.6538e-01  1.8129e-01
  3013.19      3.3187  1.8873e-01  1.9446e-01  1.9855e-01  1.6546e-01  1.8148e-01
  3011.69      3.3204  1.8906e-01  1.9485e-01  1.9898e-01  1.6553e-01  1.8161e-01
  3010.19      3.3221  1.8939e-01  1.9523e-01  1.9940e-01  1.6561e-01  1.8172e-01
  3008.69      3.3237  1.8971e-01  1.9562e-01  1.9983e-01  1.6577e-01  1.8194e-01
  3007.19      3.3254  1.9004e-01  1.9601e-01  2.0027e-01  1.6603e-01  1.8225e-01
  3005.69      3.3270  1.9037e-01  1.9641e-01  2.0069e-01  1.6629e-01  1.8256e-01
  3004.19      3.3287  1.9071e-01  1.9680e-01  2.0112e-01  1.6646e-01  1.8282e-01
  3002.69      3.3304  1.9104e-01  1.9720e-01  2.0155e-01  1.6664e-01  1.8303e-01
  3001.19      3.3320  1.9139e-01  1.9760e-01  2.0198e-01  1.6689e-01  1.8325e-01
  2999.69      3.3337  1.9173e-01  1.9800e-01  2.0241e-01  1.6713e-01  1.8349e-01
  2998.19      3.3354  1.9207e-01  1.9840e-01  2.0284e-01  1.6727e-01  1.8375e-01
  2996.69      3.3370  1.9241e-01  1.9880e-01  2.0325e-01  1.6735e-01  1.8401e-01
  2995.19      3.3387  1.9274e-01  1.9919e-01  2.0365e-01  1.6747e-01  1.8422e-01
  2993.69      3.3404  1.9307e-01  1.9956e-01  2.0405e-01  1.6764e-01  1.8436e-01
  2992.19      3.3420  1.9339e-01  1.9992e-01  2.0443e-01  1.6781e-01  1.8449e-01
  2990.68      3.3437  1.9371e-01  2.0027e-01  2.0481e-01  1.6789e-01  1.8466e-01
  2989.18      3.3454  1.9401e-01  2.0063e-01  2.0518e-01  1.6792e-01  1.8488e-01
  2987.68      3.3471  1.9431e-01  2.0097e-01  2.0555e-01  1.6804e-01  1.8513e-01
  2986.18      3.3488  1.9461e-01  2.0131e-01  2.0591e-01  1.6822e-01  1.8536e-01
  2984.68      3.3504  1.9490e-01  2.0165e-01  2.0626e-01  1.6840e-01  1.8556e-01
  2983.18      3.3521  1.9518e-01  2.0198e-01  2.0661e-01  1.6856e-01  1.8574e-01
  2981.68      3.3538  1.9545e-01  2.0230e-01  2.0695e-01  1.6871e-01  1.8591e-01
  2980.18      3.3555  1.9572e-01  2.0262e-01  2.0729e-01  1.6881e-01  1.8607e-01
  2978.68      3.3572  1.9598e-01  2.0293e-01  2.0763e-01  1.6888e-01  1.8621e-01
  2977.18      3.3589  1.9623e-01  2.0324e-01  2.0795e-01  1.6899e-01  1.8635e-01
  2975.68      3.3606  1.9648e-01  2.0354e-01  2.0827e-01  1.6912e-01  1.8647e-01
  2974.18      3.3623  1.9673e-01  2.0384e-01  2.0859e-01  1.6924e-01  1.8664e-01
  2972.68      3.3640  1.9699e-01  2.0414e-01  2.0890e-01  1.6932e-01  1.8682e-01
  2971.18      3.3657  1.9724e-01  2.0443e-01  2.0922e-01  1.6942e-01  1.8696e-01
  2969.68      3.3674  1.9748e-01  2.0472e-01  2.0954e-01  1.6958e-01  1.8713e-01
  2968.18      3.3691  1.9774e-01  2.0502e-01  2.0987e-01  1.6972e-01  1.8735e-01
  2966.68      3.3708  1.9800e-01  2.0532e-01  2.1020e-01  1.6982e-01  1.8758e-01
  2965.18      3.3725  1.9826e-01  2.0562e-01  2.1053e-01  1.6999e-01  1.8779e-01
  2963.68      3.3742  1.9851e-01  2.0591e-01  2.1086e-01  1.7019e-01  1.8799e-01
  2962.18      3.3759  1.9876e-01  2.0622e-01  2.1120e-01  1.7027e-01  1.8815e-01
  2960.68      3.3776  1.9901e-01  2.0651e-01  2.1154e-01  1.7026e-01  1.8828e-01
  2959.18      3.3793  1.9925e-01  2.0681e-01  2.1187e-01  1.7032e-01  1.8844e-01
  2957.68      3.3810  1.9948e-01  2.0709e-01  2.1221e-01  1.7049e-01  1.8864e-01
  2956.18      3.3827  1.9971e-01  2.0739e-01  2.1254e-01  1.7069e-01  1.8889e-01
  2954.68      3.3845  1.9993e-01  2.0767e-01  2.1286e-01  1.7083e-01  1.8909e-01
  2953.18      3.3862  2.0013e-01  2.0795e-01  2.1316e-01  1.7087e-01  1.8911e-01
  2951.68      3.3879  2.0034e-01  2.0822e-01  2.1347e-01  1.7089e-01  1.8908e-01
  2950.18      3.3896  2.0054e-01  2.0848e-01  2.1376e-01  1.7097e-01  1.8917e-01
  2948.68      3.3913  2.0074e-01  2.0875e-01  2.1407e-01  1.7114e-01  1.8941e-01
  2947.18      3.3931  2.0093e-01  2.0901e-01  2.1435e-01  1.7129e-01  1.8965e-01
  2945.68      3.3948  2.0112e-01  2.0928e-01  2.1464e-01  1.7134e-01  1.8979e-01
  2944.18      3.3965  2.0132e-01  2.0953e-01  2.1492e-01  1.7137e-01  1.8987e-01
  2942.68      3.3983  2.0150e-01  2.0979e-01  2.1520e-01  1.7142e-01  1.8992e-01
  2941.18      3.4000  2.0170e-01  2.1004e-01  2.1548e-01  1.7151e-01  1.9003e-01
  2939.68      3.4017  2.0190e-01  2.1029e-01  2.1576e-01  1.7163e-01  1.9024e-01
  2938.18      3.4035  2.0209e-01  2.1055e-01  2.1605e-01  1.7174e-01  1.9046e-01
  2936.68      3.4052  2.0228e-01  2.1081e-01  2.1633e-01  1.7184e-01  1.9063e-01
  2935.18      3.4069  2.0248e-01  2.1106e-01  2.1661e-01  1.7191e-01  1.9077e-01
  2933.68      3.4087  2.0267e-01  2.1131e-01  2.1689e-01  1.7198e-01  1.9093e-01
  2932.18      3.4104  2.0287e-01  2.1154e-01  2.1717e-01  1.7206e-01  1.9108e-01
  2930.68      3.4122  2.0306e-01  2.1177e-01  2.1744e-01  1.7205e-01  1.9113e-01
  2929.18      3.4139  2.0323e-01  2.1198e-01  2.1770e-01  1.7190e-01  1.9107e-01
  2927.68      3.4157  2.0338e-01  2.1218e-01  2.1794e-01  1.7172e-01  1.9099e-01
  2926.18      3.4174  2.0351e-01  2.1235e-01  2.1816e-01  1.7163e-01  1.9099e-01
  2924.68      3.4192  2.0361e-01  2.1249e-01  2.1834e-01  1.7159e-01  1.9105e-01
  2923.18      3.4209  2.0369e-01  2.1262e-01  2.1850e-01  1.7145e-01  1.9109e-01
  2921.68      3.4227  2.0375e-01  2.1270e-01  2.1862e-01  1.7129e-01  1.9109e-01
  2920.18      3.4244  2.0377e-01  2.1277e-01  2.1872e-01  1.7116e-01  1.9111e-01
  2918.68      3.4262  2.0378e-01  2.1281e-01  2.1879e-01  1.7106e-01  1.9107e-01
  2917.18      3.4280  2.0376e-01  2.1283e-01  2.1884e-01  1.7102e-01  1.9088e-01
  2915.68      3.4297  2.0373e-01  2.1284e-01  2.1888e-01  1.7103e-01  1.9055e-01
  2914.18      3.4315  2.0370e-01  2.1284e-01  2.1891e-01  1.7097e-01  1.9017e-01
  2912.68      3.4333  2.0368e-01  2.1285e-01  2.1895e-01  1.7081e-01  1.8994e-01
  2911.18      3.4350  2.0367e-01  2.1287e-01  2.1901e-01  1.7072e-01  1.8995e-01
  2909.68      3.4368  2.0367e-01  2.1290e-01  2.1908e-01  1.7074e-01  1.9006e-01
  2908.18      3.4386  2.0369e-01  2.1296e-01  2.1918e-01  1.7073e-01  1.9013e-01
  2906.68      3.4404  2.0374e-01  2.1304e-01  2.1930e-01  1.7064e-01  1.9017e-01
  2905.18      3.4421  2.0379e-01  2.1313e-01  2.1944e-01  1.7059e-01  1.9025e-01
  2903.68      3.4439  2.0385e-01  2.1324e-01  2.1958e-01  1.7064e-01  1.9033e-01
  2902.18      3.4457  2.0394e-01  2.1337e-01  2.1975e-01  1.7066e-01  1.9033e-01
  2900.68      3.4475  2.0404e-01  2.1350e-01  2.1991e-01  1.7055e-01  1.9030e-01
  2899.18      3.4493  2.0413e-01  2.1364e-01  2.2008e-01  1.7039e-01  1.9027e-01
  2897.68      3.4510  2.0422e-01  2.1378e-01  2.2024e-01  1.7032e-01  1.9030e-01
  2896.18      3.4528  2.0431e-01  2.1391e-01  2.2041e-01  1.7039e-01  1.9039e-01
  2894.68      3.4546  2.0439e-01  2.1405e-01  2.2056e-01  1.7042e-01  1.9039e-01
  2893.18      3.4564  2.0447e-01  2.1418e-01  2.2071e-01  1.7036e-01  1.9029e-01
  2891.68      3.4582  2.0457e-01  2.1431e-01  2.2085e-01  1.7031e-01  1.9024e-01
  2890.18      3.4600  2.0465e-01  2.1444e-01  2.2099e-01  1.7028e-01  1.9029e-01
  2888.68      3.4618  2.0474e-01  2.1457e-01  2.2114e-01  1.7024e-01  1.9027e-01
  2887.18      3.4636  2.0484e-01  2.1470e-01  2.2128e-01  1.7019e-01  1.9014e-01
  2885.68      3.4654  2.0493e-01  2.1483e-01  2.2142e-01  1.7015e-01  1.9006e-01
  2884.18      3.4672  2.0502e-01  2.1496e-01  2.2156e-01  1.7011e-01  1.9015e-01
  2882.68      3.4690  2.0510e-01  2.1508e-01  2.2169e-01  1.7012e-01  1.9028e-01
  2881.18      3.4708  2.0518e-01  2.1519e-01  2.2181e-01  1.7019e-01  1.9040e-01
  2879.68      3.4726  2.0525e-01  2.1528e-01  2.2193e-01  1.7019e-01  1.9046e-01
  2878.18      3.4744  2.0530e-01  2.1538e-01  2.2204e-01  1.7014e-01  1.9046e-01
  2876.68      3.4762  2.0535e-01  2.1546e-01  2.2215e-01  1.7016e-01  1.9046e-01
  2875.18      3.4780  2.0539e-01  2.1553e-01  2.2225e-01  1.7019e-01  1.9050e-01
  2873.68      3.4799  2.0541e-01  2.1559e-01  2.2234e-01  1.7010e-01  1.9046e-01
  2872.18      3.4817  2.0543e-01  2.1564e-01  2.2243e-01  1.6986e-01  1.9026e-01
  2870.68      3.4835  2.0543e-01  2.1569e-01  2.2251e-01  1.6963e-01  1.9004e-01
  2869.18      3.4853  2.0543e-01  2.1572e-01  2.2260e-01  1.6953e-01  1.8995e-01
  2867.68      3.4871  2.0543e-01  2.1576e-01  2.2268e-01  1.6947e-01  1.8996e-01
  2866.18      3.4890  2.0543e-01  2.1580e-01  2.2276e-01  1.6936e-01  1.8995e-01
  2864.68      3.4908  2.0543e-01  2.1584e-01  2.2284e-01  1.6926e-01  1.8987e-01
  2863.18      3.4926  2.0542e-01  2.1588e-01  2.2290e-01  1.6929e-01  1.8984e-01
  2861.68      3.4945  2.0539e-01  2.1590e-01  2.2297e-01  1.6936e-01  1.8991e-01
  2860.18      3.4963  2.0535e-01  2.1590e-01  2.2301e-01  1.6931e-01  1.8993e-01
  2858.68      3.4981  2.0528e-01  2.1588e-01  2.2302e-01  1.6912e-01  1.8982e-01
  2857.17      3.5000  2.0520e-01  2.1583e-01  2.2302e-01  1.6893e-01  1.8969e-01
  2855.67      3.5018  2.0509e-01  2.1578e-01  2.2298e-01  1.6872e-01  1.8957e-01
  2854.17      3.5036  2.0496e-01  2.1569e-01  2.2293e-01  1.6846e-01  1.8938e-01
  2852.67      3.5055  2.0482e-01  2.1558e-01  2.2284e-01  1.6817e-01  1.8916e-01
  2851.17      3.5073  2.0465e-01  2.1545e-01  2.2275e-01  1.6791e-01  1.8897e-01
  2849.67      3.5092  2.0447e-01  2.1531e-01  2.2264e-01  1.6772e-01  1.8871e-01
  2848.17      3.5110  2.0429e-01  2.1514e-01  2.2250e-01  1.6759e-01  1.8832e-01
  2846.67      3.5129  2.0410e-01  2.1499e-01  2.2237e-01  1.6750e-01  1.8791e-01
  2845.17      3.5147  2.0393e-01  2.1484e-01  2.2224e-01  1.6749e-01  1.8768e-01
  2843.67      3.5166  2.0377e-01  2.1472e-01  2.2213e-01  1.6750e-01  1.8760e-01
  2842.17      3.5184  2.0363e-01  2.1460e-01  2.2203e-01  1.6745e-01  1.8757e-01
  2840.67      3.5203  2.0351e-01  2.1450e-01  2.2196e-01  1.6740e-01  1.8758e-01
  2839.17      3.5222  2.0338e-01  2.1441e-01  2.2188e-01  1.6725e-01  1.8755e-01
  2837.67      3.5240  2.0328e-01  2.1433e-01  2.2181e-01  1.6689e-01  1.8735e-01
  2836.17      3.5259  2.0318e-01  2.1426e-01  2.2175e-01  1.6657e-01  1.8713e-01
  2834.67      3.5277  2.0309e-01  2.1419e-01  2.2169e-01  1.6646e-01  1.8703e-01
  2833.17      3.5296  2.0300e-01  2.1414e-01  2.2165e-01  1.6647e-01  1.8695e-01
  2831.67      3.5315  2.0291e-01  2.1408e-01  2.2160e-01  1.6641e-01  1.8682e-01
  2830.17      3.5334  2.0282e-01  2.1401e-01  2.2155e-01  1.6626e-01  1.8668e-01
  2828.67      3.5352  2.0272e-01  2.1394e-01  2.2149e-01  1.6608e-01  1.8655e-01
  2827.17      3.5371  2.0262e-01  2.1386e-01  2.2142e-01  1.6594e-01  1.8637e-01
  2825.67      3.5390  2.0252e-01  2.1377e-01  2.2134e-01  1.6584e-01  1.8622e-01
  2824.17      3.5409  2.0241e-01  2.1368e-01  2.2125e-01  1.6574e-01  1.8614e-01
  2822.67      3.5427  2.0230e-01  2.1358e-01  2.2116e-01  1.6561e-01  1.8608e-01
  2821.17      3.5446  2.0218e-01  2.1347e-01  2.2106e-01  1.6552e-01  1.8599e-01
  2819.67      3.5465  2.0206e-01  2.1336e-01  2.2096e-01  1.6548e-01  1.8586e-01
  2818.17      3.5484  2.0192e-01  2.1323e-01  2.2084e-01  1.6539e-01  1.8573e-01
  2816.67      3.5503  2.0178e-01  2.1311e-01  2.2072e-01  1.6525e-01  1.8562e-01
  2815.17      3.5522  2.0163e-01  2.1298e-01  2.2060e-01  1.6511e-01  1.8553e-01
  2813.67      3.5541  2.0147e-01  2.1284e-01  2.2047e-01  1.6496e-01  1.8543e-01
  2812.17      3.5560  2.0132e-01  2.1269e-01  2.2034e-01  1.6478e-01  1.8526e-01
  2810.67      3.5579  2.0115e-01  2.1254e-01  2.2021e-01  1.6458e-01  1.8502e-01
  2809.17      3.5598  2.0096e-01  2.1238e-01  2.2008e-01  1.6435e-01  1.8476e-01
  2807.67      3.5617  2.0077e-01  2.1221e-01  2.1994e-01  1.6417e-01  1.8455e-01
  2806.17      3.5636  2.0058e-01  2.1203e-01  2.1980e-01  1.6403e-01  1.8435e-01
  2804.67      3.5655  2.0038e-01  2.1185e-01  2.1965e-01  1.6382e-01  1.8409e-01
  2803.17      3.5674  2.0018e-01  2.1166e-01  2.1949e-01  1.6355e-01  1.8383e-01
  2801.67      3.5693  1.9998e-01  2.1146e-01  2.1934e-01  1.6340e-01  1.8367e-01
  2800.17      3.5712  1.9976e-01  2.1125e-01  2.1916e-01  1.6339e-01  1.8357e-01
  2798.67      3.5731  1.9954e-01  2.1104e-01  2.1897e-01  1.6335e-01  1.8341e-01
  2797.17      3.5750  1.9931e-01  2.1082e-01  2.1879e-01  1.6322e-01  1.8319e-01
  2795.67      3.5770  1.9909e-01  2.1061e-01  2.1859e-01  1.6303e-01  1.8296e-01
  2794.17      3.5789  1.9888e-01  2.1040e-01  2.1838e-01  1.6281e-01  1.8274e-01
  2792.67      3.5808  1.9866e-01  2.1018e-01  2.1818e-01  1.6256e-01  1.8251e-01
  2791.17      3.5827  1.9843e-01  2.0996e-01  2.1797e-01  1.6229e-01  1.8219e-01
  2789.67      3.5847  1.9821e-01  2.0974e-01  2.1775e-01  1.6201e-01  1.8188e-01
  2788.17      3.5866  1.9798e-01  2.0953e-01  2.1753e-01  1.6172e-01  1.8161e-01
  2786.67      3.5885  1.9777e-01  2.0932e-01  2.1732e-01  1.6138e-01  1.8128e-01
  2785.17      3.5904  1.9755e-01  2.0910e-01  2.1711e-01  1.6098e-01  1.8088e-01
  2783.67      3.5924  1.9732e-01  2.0888e-01  2.1689e-01  1.6061e-01  1.8050e-01
  2782.17      3.5943  1.9710e-01  2.0866e-01  2.1667e-01  1.6033e-01  1.8020e-01
  2780.67      3.5963  1.9687e-01  2.0844e-01  2.1646e-01  1.6015e-01  1.8001e-01
  2779.17      3.5982  1.9663e-01  2.0821e-01  2.1623e-01  1.6007e-01  1.7986e-01
  2777.67      3.6001  1.9638e-01  2.0798e-01  2.1600e-01  1.6003e-01  1.7969e-01
  2776.17      3.6021  1.9613e-01  2.0774e-01  2.1578e-01  1.5986e-01  1.7943e-01
  2774.67      3.6040  1.9588e-01  2.0749e-01  2.1554e-01  1.5954e-01  1.7908e-01
  2773.17      3.6060  1.9562e-01  2.0724e-01  2.1531e-01  1.5918e-01  1.7874e-01
  2771.67      3.6079  1.9535e-01  2.0698e-01  2.1507e-01  1.5882e-01  1.7843e-01
  2770.17      3.6099  1.9508e-01  2.0673e-01  2.1483e-01  1.5847e-01  1.7806e-01
  2768.67      3.6118  1.9481e-01  2.0647e-01  2.1459e-01  1.5820e-01  1.7765e-01
  2767.17      3.6138  1.9455e-01  2.0621e-01  2.1435e-01  1.5801e-01  1.7733e-01
  2765.67      3.6158  1.9428e-01  2.0594e-01  2.1411e-01  1.5784e-01  1.7715e-01
  2764.17      3.6177  1.9403e-01  2.0568e-01  2.1386e-01  1.5766e-01  1.7702e-01
  2762.67      3.6197  1.9376e-01  2.0541e-01  2.1361e-01  1.5746e-01  1.7683e-01
  2761.17      3.6217  1.9350e-01  2.0515e-01  2.1336e-01  1.5724e-01  1.7653e-01
  2759.67      3.6236  1.9325e-01  2.0488e-01  2.1311e-01  1.5700e-01  1.7618e-01
  2758.17      3.6256  1.9298e-01  2.0461e-01  2.1285e-01  1.5673e-01  1.7582e-01
  2756.67      3.6276  1.9271e-01  2.0433e-01  2.1260e-01  1.5643e-01  1.7550e-01
  2755.17      3.6295  1.9243e-01  2.0405e-01  2.1233e-01  1.5615e-01  1.7523e-01
  2753.67      3.6315  1.9214e-01  2.0376e-01  2.1205e-01  1.5591e-01  1.7499e-01
  2752.17      3.6335  1.9184e-01  2.0346e-01  2.1177e-01  1.5571e-01  1.7478e-01
  2750.67      3.6355  1.9153e-01  2.0317e-01  2.1149e-01  1.5552e-01  1.7453e-01
  2749.17      3.6375  1.9123e-01  2.0287e-01  2.1120e-01  1.5532e-01  1.7427e-01
  2747.67      3.6395  1.9092e-01  2.0257e-01  2.1091e-01  1.5508e-01  1.7403e-01
  2746.17      3.6414  1.9060e-01  2.0226e-01  2.1060e-01  1.5482e-01  1.7371e-01
  2744.67      3.6434  1.9029e-01  2.0196e-01  2.1031e-01  1.5457e-01  1.7335e-01
  2743.17      3.6454  1.8999e-01  2.0166e-01  2.1002e-01  1.5437e-01  1.7300e-01
  2741.67      3.6474  1.8969e-01  2.0137e-01  2.0973e-01  1.5420e-01  1.7273e-01
  2740.17      3.6494  1.8941e-01  2.0109e-01  2.0946e-01  1.5404e-01  1.7257e-01
  2738.67      3.6514  1.8913e-01  2.0081e-01  2.0919e-01  1.5386e-01  1.7245e-01
  2737.17      3.6534  1.8887e-01  2.0053e-01  2.0892e-01  1.5364e-01  1.7222e-01
  2735.67      3.6554  1.8860e-01  2.0026e-01  2.0866e-01  1.5342e-01  1.7195e-01
  2734.17      3.6574  1.8834e-01  2.0000e-01  2.0840e-01  1.5320e-01  1.7174e-01
  2732.67      3.6594  1.8808e-01  1.9974e-01  2.0816e-01  1.5298e-01  1.7154e-01
  2731.17      3.6614  1.8783e-01  1.9948e-01  2.0791e-01  1.5281e-01  1.7132e-01
  2729.67      3.6635  1.8758e-01  1.9923e-01  2.0766e-01  1.5272e-01  1.7112e-01
  2728.17      3.6655  1.8733e-01  1.9896e-01  2.0741e-01  1.5270e-01  1.7096e-01
  2726.67      3.6675  1.8708e-01  1.9871e-01  2.0716e-01  1.5262e-01  1.7075e-01
  2725.17      3.6695  1.8682e-01  1.9844e-01  2.0690e-01  1.5241e-01  1.7048e-01
  2723.67      3.6715  1.8656e-01  1.9818e-01  2.0665e-01  1.5210e-01  1.7020e-01
  2722.16      3.6735  1.8631e-01  1.9793e-01  2.0639e-01  1.5180e-01  1.6995e-01
  2720.66      3.6756  1.8606e-01  1.9768e-01  2.0614e-01  1.5158e-01  1.6970e-01
  2719.16      3.6776  1.8581e-01  1.9744e-01  2.0589e-01  1.5138e-01  1.6948e-01
  2717.66      3.6796  1.8557e-01  1.9719e-01  2.0565e-01  1.5121e-01  1.6932e-01
  2716.16      3.6817  1.8535e-01  1.9696e-01  2.0541e-01  1.5108e-01  1.6915e-01
  2714.66      3.6837  1.8512e-01  1.9674e-01  2.0518e-01  1.5094e-01  1.6893e-01
  2713.16      3.6857  1.8490e-01  1.9651e-01  2.0495e-01  1.5079e-01  1.6876e-01
  2711.66      3.6878  1.8470e-01  1.9631e-01  2.0474e-01  1.5068e-01  1.6863e-01
  2710.16      3.6898  1.8450e-01  1.9610e-01  2.0453e-01  1.5059e-01  1.6845e-01
  2708.66      3.6919  1.8431e-01  1.9589e-01  2.0432e-01  1.5047e-01  1.6824e-01
  2707.16      3.6939  1.8412e-01  1.9568e-01  2.0411e-01  1.5034e-01  1.6805e-01
  2705.66      3.6960  1.8394e-01  1.9549e-01  2.0392e-01  1.5022e-01  1.6788e-01
  2704.16      3.6980  1.8375e-01  1.9529e-01  2.0372e-01  1.5009e-01  1.6768e-01
  2702.66      3.7001  1.8358e-01  1.9509e-01  2.0353e-01  1.4996e-01  1.6748e-01
  2701.16      3.7021  1.8340e-01  1.9490e-01  2.0335e-01  1.4984e-01  1.6731e-01
  2699.66      3.7042  1.8323e-01  1.9471e-01  2.0316e-01  1.4970e-01  1.6717e-01
  2698.16      3.7062  1.8306e-01  1.9452e-01  2.0299e-01  1.4948e-01  1.6702e-01
  2696.66      3.7083  1.8290e-01  1.9435e-01  2.0282e-01  1.4927e-01  1.6688e-01
  2695.16      3.7104  1.8273e-01  1.9417e-01  2.0265e-01  1.4914e-01  1.6674e-01
  2693.66      3.7124  1.8257e-01  1.9400e-01  2.0249e-01  1.4907e-01  1.6660e-01
  2692.16      3.7145  1.8241e-01  1.9383e-01  2.0233e-01  1.4899e-01  1.6645e-01
  2690.66      3.7166  1.8227e-01  1.9367e-01  2.0218e-01  1.4885e-01  1.6630e-01
  2689.16      3.7186  1.8211e-01  1.9352e-01  2.0203e-01  1.4871e-01  1.6616e-01
  2687.66      3.7207  1.8196e-01  1.9336e-01  2.0188e-01  1.4858e-01  1.6599e-01
  2686.16      3.7228  1.8181e-01  1.9321e-01  2.0173e-01  1.4848e-01  1.6582e-01
  2684.66      3.7249  1.8166e-01  1.9306e-01  2.0157e-01  1.4840e-01  1.6568e-01
  2683.16      3.7269  1.8151e-01  1.9292e-01  2.0142e-01  1.4835e-01  1.6554e-01
  2681.66      3.7290  1.8136e-01  1.9277e-01  2.0126e-01  1.4823e-01  1.6536e-01
  2680.16      3.7311  1.8121e-01  1.9263e-01  2.0110e-01  1.4804e-01  1.6511e-01
  2678.66      3.7332  1.8105e-01  1.9247e-01  2.0094e-01  1.4782e-01  1.6479e-01
  2677.16      3.7353  1.8089e-01  1.9232e-01  2.0078e-01  1.4761e-01  1.6457e-01
  2675.66      3.7374  1.8075e-01  1.9216e-01  2.0062e-01  1.4740e-01  1.6450e-01
  2674.16      3.7395  1.8059e-01  1.9200e-01  2.0045e-01  1.4719e-01  1.6439e-01
  2672.66      3.7416  1.8045e-01  1.9185e-01  2.0030e-01  1.4704e-01  1.6414e-01
  2671.16      3.7437  1.8030e-01  1.9170e-01  2.0014e-01  1.4693e-01  1.6391e-01
  2669.66      3.7458  1.8015e-01  1.9155e-01  1.9999e-01  1.4680e-01  1.6378e-01
  2668.16      3.7479  1.8001e-01  1.9140e-01  1.9984e-01  1.4666e-01  1.6365e-01
  2666.66      3.7500  1.7987e-01  1.9125e-01  1.9970e-01  1.4657e-01  1.6343e-01
  2665.16      3.7521  1.7973e-01  1.9111e-01  1.9955e-01  1.4649e-01  1.6323e-01
  2663.66      3.7542  1.7959e-01  1.9097e-01  1.9941e-01  1.4638e-01  1.6311e-01
  2662.16      3.7563  1.7945e-01  1.9084e-01  1.9926e-01  1.4623e-01  1.6304e-01
  2660.66      3.7585  1.7931e-01  1.9071e-01  1.9912e-01  1.4611e-01  1.6295e-01
  2659.16      3.7606  1.7917e-01  1.9058e-01  1.9899e-01  1.4597e-01  1.6281e-01
  2657.66      3.7627  1.7904e-01  1.9044e-01  1.9885e-01  1.4585e-01  1.6262e-01
  2656.16      3.7648  1.7890e-01  1.9031e-01  1.9872e-01  1.4577e-01  1.6240e-01
  2654.66      3.7670  1.7876e-01  1.9018e-01  1.9858e-01  1.4572e-01  1.6220e-01
  2653.16      3.7691  1.7863e-01  1.9005e-01  1.9845e-01  1.4560e-01  1.6208e-01
  2651.66      3.7712  1.7850e-01  1.8992e-01  1.9832e-01  1.4547e-01  1.6202e-01
  2650.16      3.7734  1.7838e-01  1.8980e-01  1.9820e-01  1.4542e-01  1.6194e-01
  2648.66      3.7755  1.7825e-01  1.8967e-01  1.9806e-01  1.4540e-01  1.6179e-01
  2647.16      3.7776  1.7814e-01  1.8954e-01  1.9794e-01  1.4532e-01  1.6163e-01
  2645.66      3.7798  1.7803e-01  1.8940e-01  1.9781e-01  1.4522e-01  1.6154e-01
  2644.16      3.7819  1.7791e-01  1.8927e-01  1.9768e-01  1.4514e-01  1.6152e-01
  2642.66      3.7841  1.7780e-01  1.8914e-01  1.9755e-01  1.4504e-01  1.6147e-01
  2641.16      3.7862  1.7769e-01  1.8901e-01  1.9742e-01  1.4496e-01  1.6139e-01
  2639.66      3.7884  1.7757e-01  1.8889e-01  1.9728e-01  1.4494e-01  1.6131e-01
  2638.16      3.7905  1.7746e-01  1.8877e-01  1.9715e-01  1.4497e-01  1.6121e-01
  2636.66      3.7927  1.7734e-01  1.8865e-01  1.9701e-01  1.4497e-01  1.6111e-01
  2635.16      3.7948  1.7722e-01  1.8853e-01  1.9688e-01  1.4490e-01  1.6101e-01
  2633.66      3.7970  1.7711e-01  1.8843e-01  1.9675e-01  1.4479e-01  1.6092e-01
  2632.16      3.7992  1.7701e-01  1.8833e-01  1.9663e-01  1.4468e-01  1.6083e-01
  2630.66      3.8013  1.7690e-01  1.8822e-01  1.9650e-01  1.4462e-01  1.6076e-01
  2629.16      3.8035  1.7681e-01  1.8812e-01  1.9639e-01  1.4463e-01  1.6072e-01
  2627.66      3.8057  1.7671e-01  1.8803e-01  1.9627e-01  1.4468e-01  1.6071e-01
  2626.16      3.8078  1.7662e-01  1.8792e-01  1.9617e-01  1.4470e-01  1.6068e-01
  2624.66      3.8100  1.7654e-01  1.8783e-01  1.9607e-01  1.4470e-01  1.6062e-01
  2623.16      3.8122  1.7648e-01  1.8773e-01  1.9598e-01  1.4468e-01  1.6052e-01
  2621.66      3.8144  1.7642e-01  1.8764e-01  1.9590e-01  1.4466e-01  1.6051e-01
  2620.16      3.8166  1.7636e-01  1.8756e-01  1.9582e-01  1.4465e-01  1.6066e-01
  2618.66      3.8188  1.7630e-01  1.8747e-01  1.9575e-01  1.4465e-01  1.6078e-01
  2617.16      3.8209  1.7626e-01  1.8740e-01  1.9568e-01  1.4469e-01  1.6077e-01
  2615.66      3.8231  1.7621e-01  1.8732e-01  1.9562e-01  1.4475e-01  1.6069e-01
  2614.16      3.8253  1.7617e-01  1.8726e-01  1.9556e-01  1.4476e-01  1.6064e-01
  2612.66      3.8275  1.7614e-01  1.8719e-01  1.9550e-01  1.4474e-01  1.6067e-01
  2611.16      3.8297  1.7610e-01  1.8715e-01  1.9546e-01  1.4472e-01  1.6071e-01
  2609.66      3.8319  1.7606e-01  1.8710e-01  1.9540e-01  1.4471e-01  1.6072e-01
  2608.16      3.8341  1.7603e-01  1.8705e-01  1.9536e-01  1.4468e-01  1.6071e-01
  2606.66      3.8363  1.7600e-01  1.8702e-01  1.9532e-01  1.4468e-01  1.6068e-01
  2605.16      3.8385  1.7597e-01  1.8700e-01  1.9527e-01  1.4473e-01  1.6065e-01
  2603.66      3.8408  1.7595e-01  1.8699e-01  1.9524e-01  1.4479e-01  1.6066e-01
  2602.16      3.8430  1.7593e-01  1.8697e-01  1.9520e-01  1.4485e-01  1.6071e-01
  2600.66      3.8452  1.7591e-01  1.8696e-01  1.9518e-01  1.4496e-01  1.6077e-01
  2599.16      3.8474  1.7590e-01  1.8696e-01  1.9516e-01  1.4507e-01  1.6083e-01
  2597.66      3.8496  1.7590e-01  1.8696e-01  1.9514e-01  1.4513e-01  1.6090e-01
  2596.16      3.8518  1.7589e-01  1.8696e-01  1.9513e-01  1.4513e-01  1.6095e-01
  2594.66      3.8541  1.7590e-01  1.8697e-01  1.9513e-01  1.4511e-01  1.6097e-01
  2593.16      3.8563  1.7591e-01  1.8698e-01  1.9512e-01  1.4513e-01  1.6099e-01
  2591.66      3.8585  1.7592e-01  1.8699e-01  1.9512e-01  1.4515e-01  1.6102e-01
  2590.16      3.8608  1.7593e-01  1.8699e-01  1.9513e-01  1.4514e-01  1.6103e-01
  2588.65      3.8630  1.7595e-01  1.8700e-01  1.9513e-01  1.4516e-01  1.6098e-01
  2587.15      3.8652  1.7597e-01  1.8701e-01  1.9514e-01  1.4522e-01  1.6096e-01
  2585.65      3.8675  1.7598e-01  1.8701e-01  1.9514e-01  1.4524e-01  1.6105e-01
  2584.15      3.8697  1.7599e-01  1.8701e-01  1.9514e-01  1.4522e-01  1.6116e-01
  2582.65      3.8720  1.7600e-01  1.8701e-01  1.9514e-01  1.4521e-01  1.6113e-01
  2581.15      3.8742  1.7601e-01  1.8701e-01  1.9513e-01  1.4521e-01  1.6101e-01
  2579.65      3.8765  1.7601e-01  1.8700e-01  1.9512e-01  1.4521e-01  1.6098e-01
  2578.15      3.8787  1.7601e-01  1.8699e-01  1.9510e-01  1.4520e-01  1.6102e-01
  2576.65      3.8810  1.7600e-01  1.8698e-01  1.9509e-01  1.4523e-01  1.6104e-01
  2575.15      3.8833  1.7600e-01  1.8696e-01  1.9506e-01  1.4530e-01  1.6106e-01
  2573.65      3.8855  1.7598e-01  1.8694e-01  1.9503e-01  1.4535e-01  1.6111e-01
  2572.15      3.8878  1.7598e-01  1.8693e-01  1.9500e-01  1.4535e-01  1.6112e-01
  2570.65      3.8901  1.7596e-01  1.8691e-01  1.9496e-01  1.4530e-01  1.6103e-01
  2569.15      3.8923  1.7593e-01  1.8689e-01  1.9492e-01  1.4521e-01  1.6094e-01
  2567.65      3.8946  1.7591e-01  1.8685e-01  1.9488e-01  1.4513e-01  1.6090e-01
  2566.15      3.8969  1.7588e-01  1.8682e-01  1.9482e-01  1.4511e-01  1.6090e-01
  2564.65      3.8992  1.7585e-01  1.8678e-01  1.9477e-01  1.4510e-01  1.6091e-01
  2563.15      3.9014  1.7582e-01  1.8674e-01  1.9471e-01  1.4505e-01  1.6088e-01
  2561.65      3.9037  1.7578e-01  1.8669e-01  1.9465e-01  1.4500e-01  1.6082e-01
  2560.15      3.9060  1.7573e-01  1.8663e-01  1.9459e-01  1.4499e-01  1.6076e-01
  2558.65      3.9083  1.7569e-01  1.8656e-01  1.9451e-01  1.4500e-01  1.6065e-01
  2557.15      3.9106  1.7563e-01  1.8649e-01  1.9443e-01  1.4502e-01  1.6053e-01
  2555.65      3.9129  1.7558e-01  1.8642e-01  1.9436e-01  1.4500e-01  1.6047e-01
  2554.15      3.9152  1.7552e-01  1.8634e-01  1.9427e-01  1.4493e-01  1.6044e-01
  2552.65      3.9175  1.7544e-01  1.8625e-01  1.9418e-01  1.4482e-01  1.6039e-01
  2551.15      3.9198  1.7536e-01  1.8616e-01  1.9408e-01  1.4474e-01  1.6029e-01
  2549.65      3.9221  1.7529e-01  1.8607e-01  1.9397e-01  1.4472e-01  1.6018e-01
  2548.15      3.9244  1.7520e-01  1.8598e-01  1.9387e-01  1.4474e-01  1.6007e-01
  2546.65      3.9267  1.7511e-01  1.8587e-01  1.9375e-01  1.4473e-01  1.5995e-01
  2545.15      3.9290  1.7502e-01  1.8577e-01  1.9363e-01  1.4468e-01  1.5984e-01
  2543.65      3.9314  1.7493e-01  1.8567e-01  1.9349e-01  1.4457e-01  1.5974e-01
  2542.15      3.9337  1.7483e-01  1.8556e-01  1.9334e-01  1.4448e-01  1.5965e-01
  2540.65      3.9360  1.7474e-01  1.8545e-01  1.9320e-01  1.4445e-01  1.5961e-01
  2539.15      3.9383  1.7466e-01  1.8533e-01  1.9306e-01  1.4443e-01  1.5960e-01
  2537.65      3.9407  1.7456e-01  1.8522e-01  1.9291e-01  1.4440e-01  1.5956e-01
  2536.15      3.9430  1.7447e-01  1.8510e-01  1.9277e-01  1.4441e-01  1.5950e-01
  2534.65      3.9453  1.7438e-01  1.8499e-01  1.9262e-01  1.4442e-01  1.5945e-01
  2533.15      3.9477  1.7427e-01  1.8487e-01  1.9248e-01  1.4442e-01  1.5939e-01
  2531.65      3.9500  1.7417e-01  1.8475e-01  1.9232e-01  1.4439e-01  1.5933e-01
  2530.15      3.9523  1.7406e-01  1.8461e-01  1.9218e-01  1.4434e-01  1.5926e-01
  2528.65      3.9547  1.7395e-01  1.8447e-01  1.9203e-01  1.4430e-01  1.5913e-01
  2527.15      3.9570  1.7384e-01  1.8433e-01  1.9188e-01  1.4425e-01  1.5898e-01
  2525.65      3.9594  1.7372e-01  1.8419e-01  1.9172e-01  1.4416e-01  1.5884e-01
  2524.15      3.9617  1.7359e-01  1.8404e-01  1.9157e-01  1.4409e-01  1.5876e-01
  2522.65      3.9641  1.7347e-01  1.8390e-01  1.9139e-01  1.4405e-01  1.5875e-01
  2521.15      3.9664  1.7334e-01  1.8374e-01  1.9122e-01  1.4403e-01  1.5873e-01
  2519.65      3.9688  1.7322e-01  1.8359e-01  1.9106e-01  1.4402e-01  1.5869e-01
  2518.15      3.9712  1.7311e-01  1.8344e-01  1.9089e-01  1.4402e-01  1.5865e-01
  2516.65      3.9735  1.7299e-01  1.8329e-01  1.9072e-01  1.4405e-01  1.5865e-01
  2515.15      3.9759  1.7288e-01  1.8315e-01  1.9056e-01  1.4407e-01  1.5867e-01
  2513.65      3.9783  1.7277e-01  1.8300e-01  1.9040e-01  1.4407e-01  1.5867e-01
  2512.15      3.9807  1.7266e-01  1.8287e-01  1.9024e-01  1.4406e-01  1.5866e-01
  2510.65      3.9830  1.7255e-01  1.8273e-01  1.9008e-01  1.4408e-01  1.5862e-01
  2509.15      3.9854  1.7244e-01  1.8260e-01  1.8993e-01  1.4411e-01  1.5859e-01
  2507.65      3.9878  1.7235e-01  1.8247e-01  1.8978e-01  1.4415e-01  1.5857e-01
  2506.15      3.9902  1.7224e-01  1.8235e-01  1.8963e-01  1.4418e-01  1.5859e-01
  2504.65      3.9926  1.7213e-01  1.8222e-01  1.8948e-01  1.4417e-01  1.5861e-01
  2503.15      3.9950  1.7201e-01  1.8209e-01  1.8934e-01  1.4415e-01  1.5856e-01
  2501.65      3.9974  1.7190e-01  1.8196e-01  1.8920e-01  1.4418e-01  1.5850e-01
  2500.15      3.9998  1.7179e-01  1.8183e-01  1.8905e-01  1.4424e-01  1.5851e-01
  2498.65      4.0022  1.7167e-01  1.8170e-01  1.8890e-01  1.4424e-01  1.5854e-01
  2497.15      4.0046  1.7156e-01  1.8157e-01  1.8875e-01  1.4416e-01  1.5850e-01
  2495.65      4.0070  1.7145e-01  1.8143e-01  1.8860e-01  1.4408e-01  1.5840e-01
  2494.15      4.0094  1.7135e-01  1.8129e-01  1.8845e-01  1.4403e-01  1.5828e-01
  2492.65      4.0118  1.7124e-01  1.8115e-01  1.8831e-01  1.4403e-01  1.5820e-01
  2491.15      4.0142  1.7114e-01  1.8100e-01  1.8816e-01  1.4404e-01  1.5816e-01
  2489.65      4.0166  1.7104e-01  1.8086e-01  1.8801e-01  1.4404e-01  1.5811e-01
  2488.15      4.0191  1.7093e-01  1.8072e-01  1.8786e-01  1.4401e-01  1.5806e-01
  2486.65      4.0215  1.7083e-01  1.8057e-01  1.8770e-01  1.4397e-01  1.5800e-01
  2485.15      4.0239  1.7072e-01  1.8043e-01  1.8754e-01  1.4391e-01  1.5793e-01
  2483.65      4.0263  1.7061e-01  1.8029e-01  1.8738e-01  1.4390e-01  1.5786e-01
  2482.15      4.0288  1.7050e-01  1.8015e-01  1.8722e-01  1.4393e-01  1.5782e-01
  2480.65      4.0312  1.7038e-01  1.8001e-01  1.8705e-01  1.4394e-01  1.5780e-01
  2479.15      4.0336  1.7026e-01  1.7988e-01  1.8688e-01  1.4390e-01  1.5775e-01
  2477.65      4.0361  1.7014e-01  1.7974e-01  1.8670e-01  1.4384e-01  1.5763e-01
  2476.15      4.0385  1.7001e-01  1.7960e-01  1.8653e-01  1.4380e-01  1.5752e-01
  2474.65      4.0410  1.6989e-01  1.7946e-01  1.8635e-01  1.4376e-01  1.5748e-01
  2473.15      4.0434  1.6975e-01  1.7932e-01  1.8618e-01  1.4369e-01  1.5743e-01
  2471.65      4.0459  1.6962e-01  1.7918e-01  1.8599e-01  1.4358e-01  1.5731e-01
  2470.15      4.0483  1.6948e-01  1.7903e-01  1.8582e-01  1.4346e-01  1.5715e-01
  2468.65      4.0508  1.6935e-01  1.7887e-01  1.8564e-01  1.4337e-01  1.5702e-01
  2467.15      4.0533  1.6921e-01  1.7870e-01  1.8546e-01  1.4328e-01  1.5691e-01
  2465.65      4.0557  1.6907e-01  1.7853e-01  1.8528e-01  1.4317e-01  1.5678e-01
  2464.15      4.0582  1.6893e-01  1.7836e-01  1.8510e-01  1.4303e-01  1.5663e-01
  2462.65      4.0607  1.6878e-01  1.7818e-01  1.8491e-01  1.4286e-01  1.5649e-01
  2461.15      4.0631  1.6863e-01  1.7799e-01  1.8471e-01  1.4272e-01  1.5635e-01
  2459.65      4.0656  1.6847e-01  1.7780e-01  1.8452e-01  1.4260e-01  1.5616e-01
  2458.15      4.0681  1.6829e-01  1.7761e-01  1.8432e-01  1.4246e-01  1.5591e-01
  2456.65      4.0706  1.6812e-01  1.7740e-01  1.8410e-01  1.4232e-01  1.5567e-01
  2455.15      4.0731  1.6794e-01  1.7720e-01  1.8389e-01  1.4221e-01  1.5553e-01
  2453.64      4.0756  1.6775e-01  1.7700e-01  1.8366e-01  1.4211e-01  1.5543e-01
  2452.14      4.0781  1.6756e-01  1.7679e-01  1.8344e-01  1.4202e-01  1.5529e-01
  2450.64      4.0806  1.6735e-01  1.7657e-01  1.8320e-01  1.4187e-01  1.5509e-01
  2449.14      4.0831  1.6714e-01  1.7635e-01  1.8297e-01  1.4173e-01  1.5485e-01
  2447.64      4.0856  1.6691e-01  1.7613e-01  1.8272e-01  1.4160e-01  1.5462e-01
  2446.14      4.0881  1.6669e-01  1.7588e-01  1.8247e-01  1.4144e-01  1.5442e-01
  2444.64      4.0906  1.6645e-01  1.7564e-01  1.8222e-01  1.4127e-01  1.5426e-01
  2443.14      4.0931  1.6621e-01  1.7539e-01  1.8195e-01  1.4111e-01  1.5405e-01
  2441.64      4.0956  1.6597e-01  1.7513e-01  1.8169e-01  1.4097e-01  1.5377e-01
  2440.14      4.0981  1.6572e-01  1.7487e-01  1.8142e-01  1.4079e-01  1.5351e-01
  2438.64      4.1006  1.6546e-01  1.7460e-01  1.8114e-01  1.4057e-01  1.5331e-01
  2437.14      4.1032  1.6521e-01  1.7433e-01  1.8084e-01  1.4034e-01  1.5311e-01
  2435.64      4.1057  1.6494e-01  1.7406e-01  1.8053e-01  1.4011e-01  1.5288e-01
  2434.14      4.1082  1.6468e-01  1.7376e-01  1.8022e-01  1.3988e-01  1.5266e-01
  2432.64      4.1108  1.6440e-01  1.7348e-01  1.7991e-01  1.3971e-01  1.5245e-01
  2431.14      4.1133  1.6414e-01  1.7318e-01  1.7958e-01  1.3955e-01  1.5220e-01
  2429.64      4.1158  1.6385e-01  1.7288e-01  1.7926e-01  1.3934e-01  1.5188e-01
  2428.14      4.1184  1.6357e-01  1.7258e-01  1.7892e-01  1.3911e-01  1.5163e-01
  2426.64      4.1209  1.6328e-01  1.7227e-01  1.7859e-01  1.3894e-01  1.5147e-01
  2425.14      4.1235  1.6299e-01  1.7195e-01  1.7825e-01  1.3882e-01  1.5125e-01
  2423.64      4.1260  1.6268e-01  1.7163e-01  1.7792e-01  1.3867e-01  1.5096e-01
  2422.14      4.1286  1.6238e-01  1.7131e-01  1.7757e-01  1.3847e-01  1.5071e-01
  2420.64      4.1311  1.6208e-01  1.7098e-01  1.7723e-01  1.3829e-01  1.5049e-01
  2419.14      4.1337  1.6178e-01  1.7066e-01  1.7690e-01  1.3816e-01  1.5024e-01
  2417.64      4.1363  1.6147e-01  1.7033e-01  1.7656e-01  1.3804e-01  1.5001e-01
  2416.14      4.1388  1.6115e-01  1.7000e-01  1.7621e-01  1.3789e-01  1.4984e-01
  2414.64      4.1414  1.6085e-01  1.6968e-01  1.7587e-01  1.3776e-01  1.4969e-01
  2413.14      4.1440  1.6054e-01  1.6935e-01  1.7552e-01  1.3765e-01  1.4951e-01
  2411.64      4.1466  1.6024e-01  1.6903e-01  1.7518e-01  1.3751e-01  1.4932e-01
  2410.14      4.1491  1.5993e-01  1.6871e-01  1.7485e-01  1.3732e-01  1.4912e-01
  2408.64      4.1517  1.5963e-01  1.6839e-01  1.7451e-01  1.3715e-01  1.4892e-01
  2407.14      4.1543  1.5932e-01  1.6808e-01  1.7417e-01  1.3701e-01  1.4869e-01
  2405.64      4.1569  1.5902e-01  1.6777e-01  1.7385e-01  1.3688e-01  1.4846e-01
  2404.14      4.1595  1.5872e-01  1.6745e-01  1.7353e-01  1.3675e-01  1.4826e-01
  2402.64      4.1621  1.5843e-01  1.6715e-01  1.7322e-01  1.3664e-01  1.4808e-01
  2401.14      4.1647  1.5815e-01  1.6686e-01  1.7293e-01  1.3652e-01  1.4796e-01
  2399.64      4.1673  1.5788e-01  1.6658e-01  1.7264e-01  1.3635e-01  1.4789e-01
  2398.14      4.1699  1.5762e-01  1.6631e-01  1.7237e-01  1.3621e-01  1.4779e-01
  2396.64      4.1725  1.5736e-01  1.6606e-01  1.7211e-01  1.3614e-01  1.4765e-01
  2395.14      4.1751  1.5712e-01  1.6581e-01  1.7186e-01  1.3606e-01  1.4749e-01
  2393.64      4.1777  1.5688e-01  1.6557e-01  1.7161e-01  1.3593e-01  1.4736e-01
  2392.14      4.1804  1.5665e-01  1.6535e-01  1.7138e-01  1.3583e-01  1.4721e-01
  2390.64      4.1830  1.5643e-01  1.6513e-01  1.7115e-01  1.3579e-01  1.4702e-01
  2389.14      4.1856  1.5621e-01  1.6491e-01  1.7093e-01  1.3578e-01  1.4685e-01
  2387.64      4.1882  1.5599e-01  1.6471e-01  1.7071e-01  1.3575e-01  1.4676e-01
  2386.14      4.1909  1.5577e-01  1.6450e-01  1.7050e-01  1.3571e-01  1.4673e-01
  2384.64      4.1935  1.5554e-01  1.6429e-01  1.7028e-01  1.3568e-01  1.4676e-01
  2383.14      4.1961  1.5532e-01  1.6408e-01  1.7006e-01  1.3567e-01  1.4683e-01
  2381.64      4.1988  1.5509e-01  1.6387e-01  1.6984e-01  1.3561e-01  1.4688e-01
  2380.14      4.2014  1.5486e-01  1.6367e-01  1.6963e-01  1.3556e-01  1.4692e-01
  2378.64      4.2041  1.5464e-01  1.6346e-01  1.6942e-01  1.3558e-01  1.4697e-01
  2377.14      4.2067  1.5442e-01  1.6325e-01  1.6921e-01  1.3567e-01  1.4691e-01
  2375.64      4.2094  1.5420e-01  1.6304e-01  1.6901e-01  1.3577e-01  1.4672e-01
  2374.14      4.2121  1.5398e-01  1.6285e-01  1.6881e-01  1.3580e-01  1.4652e-01
  2372.64      4.2147  1.5378e-01  1.6265e-01  1.6861e-01  1.3571e-01  1.4638e-01
  2371.14      4.2174  1.5357e-01  1.6246e-01  1.6842e-01  1.3545e-01  1.4628e-01
  2369.64      4.2201  1.5338e-01  1.6227e-01  1.6823e-01  1.3507e-01  1.4614e-01
  2368.14      4.2227  1.5320e-01  1.6210e-01  1.6806e-01  1.3476e-01  1.4594e-01
  2366.64      4.2254  1.5301e-01  1.6191e-01  1.6787e-01  1.3455e-01  1.4562e-01
  2365.14      4.2281  1.5283e-01  1.6174e-01  1.6770e-01  1.3443e-01  1.4527e-01
  2363.64      4.2308  1.5266e-01  1.6158e-01  1.6753e-01  1.3434e-01  1.4499e-01
  2362.14      4.2335  1.5250e-01  1.6142e-01  1.6737e-01  1.3408e-01  1.4472e-01
  2360.64      4.2361  1.5233e-01  1.6125e-01  1.6720e-01  1.3375e-01  1.4459e-01
  2359.14      4.2388  1.5218e-01  1.6110e-01  1.6705e-01  1.3345e-01  1.4461e-01
  2357.64      4.2415  1.5202e-01  1.6095e-01  1.6689e-01  1.3311e-01  1.4435e-01
  2356.14      4.2442  1.5187e-01  1.6080e-01  1.6675e-01  1.3272e-01  1.4372e-01
  2354.64      4.2469  1.5173e-01  1.6066e-01  1.6660e-01  1.3237e-01  1.4310e-01
  2353.14      4.2496  1.5159e-01  1.6052e-01  1.6646e-01  1.3212e-01  1.4282e-01
  2351.64      4.2524  1.5145e-01  1.6038e-01  1.6632e-01  1.3202e-01  1.4286e-01
  2350.14      4.2551  1.5132e-01  1.6025e-01  1.6618e-01  1.3216e-01  1.4311e-01
  2348.64      4.2578  1.5119e-01  1.6012e-01  1.6606e-01  1.3250e-01  1.4342e-01
  2347.14      4.2605  1.5107e-01  1.6000e-01  1.6592e-01  1.3274e-01  1.4363e-01
  2345.64      4.2632  1.5095e-01  1.5987e-01  1.6581e-01  1.3263e-01  1.4361e-01
  2344.14      4.2660  1.5083e-01  1.5976e-01  1.6569e-01  1.3231e-01  1.4340e-01
  2342.64      4.2687  1.5072e-01  1.5964e-01  1.6557e-01  1.3204e-01  1.4301e-01
  2341.14      4.2714  1.5062e-01  1.5954e-01  1.6547e-01  1.3176e-01  1.4257e-01
  2339.64      4.2742  1.5052e-01  1.5943e-01  1.6536e-01  1.3138e-01  1.4219e-01
  2338.14      4.2769  1.5042e-01  1.5933e-01  1.6526e-01  1.3107e-01  1.4199e-01
  2336.64      4.2797  1.5032e-01  1.5923e-01  1.6515e-01  1.3093e-01  1.4200e-01
  2335.14      4.2824  1.5024e-01  1.5913e-01  1.6506e-01  1.3095e-01  1.4211e-01
  2333.64      4.2852  1.5015e-01  1.5904e-01  1.6497e-01  1.3108e-01  1.4202e-01
  2332.14      4.2879  1.5007e-01  1.5895e-01  1.6488e-01  1.3115e-01  1.4159e-01
  2330.64      4.2907  1.5000e-01  1.5888e-01  1.6480e-01  1.3099e-01  1.4111e-01
  2329.14      4.2934  1.4992e-01  1.5880e-01  1.6472e-01  1.3064e-01  1.4090e-01
  2327.64      4.2962  1.4986e-01  1.5872e-01  1.6465e-01  1.3029e-01  1.4089e-01
  2326.14      4.2990  1.4980e-01  1.5865e-01  1.6458e-01  1.3005e-01  1.4089e-01
  2324.64      4.3018  1.4973e-01  1.5858e-01  1.6451e-01  1.2989e-01  1.4086e-01
  2323.14      4.3045  1.4969e-01  1.5852e-01  1.6445e-01  1.2980e-01  1.4081e-01
  2321.64      4.3073  1.4964e-01  1.5846e-01  1.6440e-01  1.2972e-01  1.4071e-01
  2320.13      4.3101  1.4959e-01  1.5841e-01  1.6434e-01  1.2967e-01  1.4066e-01
  2318.63      4.3129  1.4956e-01  1.5837e-01  1.6430e-01  1.2967e-01  1.4073e-01
  2317.13      4.3157  1.4953e-01  1.5832e-01  1.6426e-01  1.2976e-01  1.4088e-01
  2315.63      4.3185  1.4950e-01  1.5827e-01  1.6422e-01  1.2987e-01  1.4098e-01
  2314.13      4.3213  1.4948e-01  1.5824e-01  1.6419e-01  1.2988e-01  1.4099e-01
  2312.63      4.3241  1.4947e-01  1.5821e-01  1.6416e-01  1.2981e-01  1.4095e-01
  2311.13      4.3269  1.4945e-01  1.5819e-01  1.6414e-01  1.2978e-01  1.4095e-01
  2309.63      4.3297  1.4945e-01  1.5818e-01  1.6413e-01  1.2990e-01  1.4099e-01
  2308.13      4.3325  1.4946e-01  1.5816e-01  1.6412e-01  1.3007e-01  1.4110e-01
  2306.63      4.3353  1.4947e-01  1.5815e-01  1.6412e-01  1.3017e-01  1.4127e-01
  2305.13      4.3381  1.4948e-01  1.5815e-01  1.6412e-01  1.3020e-01  1.4153e-01
  2303.63      4.3410  1.4951e-01  1.5815e-01  1.6414e-01  1.3024e-01  1.4179e-01
  2302.13      4.3438  1.4955e-01  1.5816e-01  1.6415e-01  1.3033e-01  1.4196e-01
  2300.63      4.3466  1.4959e-01  1.5818e-01  1.6418e-01  1.3046e-01  1.4207e-01
  2299.13      4.3495  1.4964e-01  1.5821e-01  1.6421e-01  1.3060e-01  1.4214e-01
  2297.63      4.3523  1.4971e-01  1.5824e-01  1.6425e-01  1.3076e-01  1.4227e-01
  2296.13      4.3551  1.4979e-01  1.5827e-01  1.6430e-01  1.3098e-01  1.4250e-01
  2294.63      4.3580  1.4988e-01  1.5832e-01  1.6436e-01  1.3115e-01  1.4273e-01
  2293.13      4.3608  1.4999e-01  1.5838e-01  1.6443e-01  1.3128e-01  1.4291e-01
  2291.63      4.3637  1.5013e-01  1.5845e-01  1.6451e-01  1.3140e-01  1.4303e-01
  2290.13      4.3666  1.5029e-01  1.5852e-01  1.6460e-01  1.3154e-01  1.4315e-01
  2288.63      4.3694  1.5047e-01  1.5861e-01  1.6471e-01  1.3172e-01  1.4333e-01
  2287.13      4.3723  1.5067e-01  1.5872e-01  1.6483e-01  1.3192e-01  1.4355e-01
  2285.63      4.3752  1.5089e-01  1.5884e-01  1.6497e-01  1.3208e-01  1.4377e-01
  2284.13      4.3780  1.5112e-01  1.5899e-01  1.6514e-01  1.3222e-01  1.4401e-01
  2282.63      4.3809  1.5138e-01  1.5915e-01  1.6534e-01  1.3237e-01  1.4428e-01
  2281.13      4.3838  1.5164e-01  1.5933e-01  1.6555e-01  1.3256e-01  1.4454e-01
  2279.63      4.3867  1.5192e-01  1.5954e-01  1.6581e-01  1.3276e-01  1.4477e-01
  2278.13      4.3896  1.5219e-01  1.5978e-01  1.6608e-01  1.3293e-01  1.4499e-01
  2276.63      4.3925  1.5245e-01  1.6004e-01  1.6639e-01  1.3312e-01  1.4520e-01
  2275.13      4.3953  1.5273e-01  1.6033e-01  1.6672e-01  1.3333e-01  1.4533e-01
  2273.63      4.3983  1.5298e-01  1.6064e-01  1.6708e-01  1.3348e-01  1.4548e-01
  2272.13      4.4012  1.5325e-01  1.6095e-01  1.6745e-01  1.3356e-01  1.4571e-01
  2270.63      4.4041  1.5350e-01  1.6129e-01  1.6784e-01  1.3367e-01  1.4598e-01
  2269.13      4.4070  1.5375e-01  1.6163e-01  1.6822e-01  1.3386e-01  1.4624e-01
  2267.63      4.4099  1.5400e-01  1.6199e-01  1.6861e-01  1.3406e-01  1.4649e-01
  2266.13      4.4128  1.5425e-01  1.6235e-01  1.6901e-01  1.3423e-01  1.4670e-01
  2264.63      4.4157  1.5450e-01  1.6271e-01  1.6940e-01  1.3440e-01  1.4688e-01
  2263.13      4.4187  1.5476e-01  1.6307e-01  1.6978e-01  1.3456e-01  1.4704e-01
  2261.63      4.4216  1.5501e-01  1.6341e-01  1.7017e-01  1.3471e-01  1.4720e-01
  2260.13      4.4245  1.5528e-01  1.6376e-01  1.7054e-01  1.3492e-01  1.4743e-01
  2258.63      4.4275  1.5553e-01  1.6411e-01  1.7091e-01  1.3509e-01  1.4767e-01
  2257.13      4.4304  1.5579e-01  1.6445e-01  1.7129e-01  1.3521e-01  1.4787e-01
  2255.63      4.4334  1.5606e-01  1.6480e-01  1.7166e-01  1.3533e-01  1.4805e-01
  2254.13      4.4363  1.5633e-01  1.6513e-01  1.7202e-01  1.3544e-01  1.4820e-01
  2252.63      4.4393  1.5661e-01  1.6548e-01  1.7239e-01  1.3558e-01  1.4838e-01
  2251.13      4.4422  1.5688e-01  1.6581e-01  1.7275e-01  1.3575e-01  1.4858e-01
  2249.63      4.4452  1.5715e-01  1.6614e-01  1.7311e-01  1.3589e-01  1.4876e-01
  2248.13      4.4481  1.5742e-01  1.6647e-01  1.7347e-01  1.3600e-01  1.4895e-01
  2246.63      4.4511  1.5769e-01  1.6680e-01  1.7382e-01  1.3614e-01  1.4907e-01
  2245.13      4.4541  1.5797e-01  1.6711e-01  1.7415e-01  1.3629e-01  1.4915e-01
  2243.63      4.4571  1.5824e-01  1.6741e-01  1.7447e-01  1.3642e-01  1.4922e-01
  2242.13      4.4600  1.5851e-01  1.6770e-01  1.7479e-01  1.3652e-01  1.4932e-01
  2240.63      4.4630  1.5876e-01  1.6798e-01  1.7509e-01  1.3663e-01  1.4946e-01
  2239.13      4.4660  1.5901e-01  1.6826e-01  1.7538e-01  1.3675e-01  1.4963e-01
  2237.63      4.4690  1.5925e-01  1.6852e-01  1.7566e-01  1.3684e-01  1.4975e-01
  2236.13      4.4720  1.5947e-01  1.6877e-01  1.7594e-01  1.3686e-01  1.4980e-01
  2234.63      4.4750  1.5969e-01  1.6901e-01  1.7620e-01  1.3685e-01  1.4984e-01
  2233.13      4.4780  1.5989e-01  1.6924e-01  1.7646e-01  1.3687e-01  1.4990e-01
  2231.63      4.4810  1.6009e-01  1.6946e-01  1.7669e-01  1.3695e-01  1.4996e-01
  2230.13      4.4840  1.6026e-01  1.6966e-01  1.7692e-01  1.3701e-01  1.5005e-01
  2228.63      4.4871  1.6042e-01  1.6986e-01  1.7714e-01  1.3702e-01  1.5019e-01
  2227.13      4.4901  1.6057e-01  1.7004e-01  1.7734e-01  1.3706e-01  1.5029e-01
  2225.63      4.4931  1.6071e-01  1.7021e-01  1.7752e-01  1.3715e-01  1.5036e-01
  2224.13      4.4961  1.6083e-01  1.7037e-01  1.7769e-01  1.3725e-01  1.5043e-01
  2222.63      4.4992  1.6094e-01  1.7052e-01  1.7784e-01  1.3730e-01  1.5045e-01
  2221.13      4.5022  1.6103e-01  1.7065e-01  1.7798e-01  1.3730e-01  1.5042e-01
  2219.63      4.5053  1.6111e-01  1.7075e-01  1.7809e-01  1.3729e-01  1.5044e-01
  2218.13      4.5083  1.6119e-01  1.7084e-01  1.7818e-01  1.3730e-01  1.5041e-01
  2216.63      4.5114  1.6124e-01  1.7091e-01  1.7826e-01  1.3732e-01  1.5032e-01
  2215.13      4.5144  1.6128e-01  1.7096e-01  1.7830e-01  1.3735e-01  1.5027e-01
  2213.63      4.5175  1.6132e-01  1.7099e-01  1.7834e-01  1.3741e-01  1.5029e-01
  2212.13      4.5205  1.6133e-01  1.7101e-01  1.7836e-01  1.3749e-01  1.5030e-01
  2210.63      4.5236  1.6134e-01  1.7100e-01  1.7836e-01  1.3756e-01  1.5025e-01
  2209.13      4.5267  1.6132e-01  1.7098e-01  1.7833e-01  1.3757e-01  1.5017e-01
  2207.63      4.5298  1.6131e-01  1.7094e-01  1.7828e-01  1.3755e-01  1.5012e-01
  2206.13      4.5328  1.6127e-01  1.7089e-01  1.7823e-01  1.3748e-01  1.5010e-01
  2204.63      4.5359  1.6124e-01  1.7082e-01  1.7815e-01  1.3742e-01  1.5010e-01
  2203.13      4.5390  1.6118e-01  1.7073e-01  1.7806e-01  1.3742e-01  1.5009e-01
  2201.63      4.5421  1.6112e-01  1.7065e-01  1.7794e-01  1.3743e-01  1.5002e-01
  2200.13      4.5452  1.6105e-01  1.7054e-01  1.7782e-01  1.3742e-01  1.4996e-01
  2198.63      4.5483  1.6096e-01  1.7042e-01  1.7768e-01  1.3736e-01  1.4995e-01
  2197.13      4.5514  1.6087e-01  1.7030e-01  1.7754e-01  1.3733e-01  1.4993e-01
  2195.63      4.5545  1.6076e-01  1.7015e-01  1.7737e-01  1.3735e-01  1.4985e-01
  2194.13      4.5576  1.6065e-01  1.6999e-01  1.7720e-01  1.3735e-01  1.4977e-01
  2192.63      4.5607  1.6053e-01  1.6984e-01  1.7701e-01  1.3730e-01  1.4973e-01
  2191.13      4.5639  1.6039e-01  1.6966e-01  1.7682e-01  1.3721e-01  1.4970e-01
  2189.63      4.5670  1.6024e-01  1.6948e-01  1.7662e-01  1.3721e-01  1.4964e-01
  2188.12      4.5701  1.6008e-01  1.6928e-01  1.7640e-01  1.3729e-01  1.4954e-01
  2186.62      4.5733  1.5993e-01  1.6907e-01  1.7617e-01  1.3733e-01  1.4947e-01
  2185.12      4.5764  1.5975e-01  1.6884e-01  1.7593e-01  1.3732e-01  1.4944e-01
  2183.62      4.5795  1.5956e-01  1.6861e-01  1.7568e-01  1.3729e-01  1.4938e-01
  2182.12      4.5827  1.5938e-01  1.6836e-01  1.7541e-01  1.3723e-01  1.4928e-01
  2180.62      4.5858  1.5919e-01  1.6811e-01  1.7513e-01  1.3716e-01  1.4921e-01
  2179.12      4.5890  1.5899e-01  1.6785e-01  1.7485e-01  1.3709e-01  1.4916e-01
  2177.62      4.5922  1.5879e-01  1.6759e-01  1.7456e-01  1.3704e-01  1.4909e-01
  2176.12      4.5953  1.5858e-01  1.6732e-01  1.7426e-01  1.3701e-01  1.4900e-01
  2174.62      4.5985  1.5837e-01  1.6705e-01  1.7396e-01  1.3699e-01  1.4888e-01
  2173.12      4.6017  1.5817e-01  1.6677e-01  1.7365e-01  1.3693e-01  1.4876e-01
  2171.62      4.6048  1.5795e-01  1.6650e-01  1.7334e-01  1.3686e-01  1.4866e-01
  2170.12      4.6080  1.5773e-01  1.6623e-01  1.7304e-01  1.3683e-01  1.4852e-01
  2168.62      4.6112  1.5751e-01  1.6596e-01  1.7273e-01  1.3684e-01  1.4836e-01
  2167.12      4.6144  1.5728e-01  1.6569e-01  1.7242e-01  1.3683e-01  1.4826e-01
  2165.62      4.6176  1.5706e-01  1.6540e-01  1.7210e-01  1.3677e-01  1.4822e-01
  2164.12      4.6208  1.5683e-01  1.6512e-01  1.7177e-01  1.3670e-01  1.4818e-01
  2162.62      4.6240  1.5660e-01  1.6484e-01  1.7145e-01  1.3664e-01  1.4809e-01
  2161.12      4.6272  1.5637e-01  1.6456e-01  1.7112e-01  1.3663e-01  1.4799e-01
  2159.62      4.6304  1.5612e-01  1.6427e-01  1.7078e-01  1.3660e-01  1.4791e-01
  2158.12      4.6337  1.5589e-01  1.6398e-01  1.7044e-01  1.3649e-01  1.4777e-01
  2156.62      4.6369  1.5563e-01  1.6368e-01  1.7010e-01  1.3640e-01  1.4758e-01
  2155.12      4.6401  1.5538e-01  1.6338e-01  1.6974e-01  1.3634e-01  1.4740e-01
  2153.62      4.6433  1.5513e-01  1.6308e-01  1.6939e-01  1.3627e-01  1.4725e-01
  2152.12      4.6466  1.5488e-01  1.6277e-01  1.6903e-01  1.3618e-01  1.4710e-01
  2150.62      4.6498  1.5462e-01  1.6247e-01  1.6868e-01  1.3607e-01  1.4695e-01
  2149.12      4.6531  1.5437e-01  1.6216e-01  1.6833e-01  1.3599e-01  1.4684e-01
  2147.62      4.6563  1.5413e-01  1.6185e-01  1.6798e-01  1.3594e-01  1.4675e-01
  2146.12      4.6596  1.5388e-01  1.6154e-01  1.6763e-01  1.3586e-01  1.4659e-01
  2144.62      4.6628  1.5364e-01  1.6123e-01  1.6728e-01  1.3578e-01  1.4641e-01
  2143.12      4.6661  1.5340e-01  1.6091e-01  1.6694e-01  1.3566e-01  1.4625e-01
  2141.62      4.6694  1.5316e-01  1.6060e-01  1.6659e-01  1.3550e-01  1.4611e-01
  2140.12      4.6726  1.5292e-01  1.6028e-01  1.6624e-01  1.3537e-01  1.4598e-01
  2138.62      4.6759  1.5267e-01  1.5996e-01  1.6589e-01  1.3531e-01  1.4582e-01
  2137.12      4.6792  1.5241e-01  1.5964e-01  1.6553e-01  1.3529e-01  1.4563e-01
  2135.62      4.6825  1.5214e-01  1.5930e-01  1.6517e-01  1.3520e-01  1.4545e-01
  2134.12      4.6858  1.5186e-01  1.5898e-01  1.6480e-01  1.3508e-01  1.4524e-01
  2132.62      4.6891  1.5158e-01  1.5864e-01  1.6443e-01  1.3497e-01  1.4500e-01
  2131.12      4.6924  1.5129e-01  1.5831e-01  1.6405e-01  1.3481e-01  1.4476e-01
  2129.62      4.6957  1.5099e-01  1.5798e-01  1.6367e-01  1.3459e-01  1.4461e-01
  2128.12      4.6990  1.5069e-01  1.5764e-01  1.6329e-01  1.3436e-01  1.4448e-01
  2126.62      4.7023  1.5039e-01  1.5731e-01  1.6290e-01  1.3417e-01  1.4425e-01
  2125.12      4.7056  1.5007e-01  1.5698e-01  1.6252e-01  1.3405e-01  1.4395e-01
  2123.62      4.7089  1.4977e-01  1.5664e-01  1.6214e-01  1.3398e-01  1.4369e-01
  2122.12      4.7123  1.4947e-01  1.5630e-01  1.6176e-01  1.3389e-01  1.4350e-01
  2120.62      4.7156  1.4918e-01  1.5598e-01  1.6138e-01  1.3377e-01  1.4334e-01
  2119.12      4.7189  1.4888e-01  1.5565e-01  1.6101e-01  1.3362e-01  1.4313e-01
  2117.62      4.7223  1.4859e-01  1.5532e-01  1.6063e-01  1.3343e-01  1.4290e-01
  2116.12      4.7256  1.4829e-01  1.5499e-01  1.6026e-01  1.3325e-01  1.4268e-01
  2114.62      4.7290  1.4799e-01  1.5464e-01  1.5988e-01  1.3308e-01  1.4248e-01
  2113.12      4.7323  1.4771e-01  1.5430e-01  1.5950e-01  1.3290e-01  1.4232e-01
  2111.62      4.7357  1.4741e-01  1.5397e-01  1.5913e-01  1.3269e-01  1.4222e-01
  2110.12      4.7391  1.4713e-01  1.5363e-01  1.5876e-01  1.3252e-01  1.4209e-01
  2108.62      4.7424  1.4683e-01  1.5328e-01  1.5838e-01  1.3243e-01  1.4189e-01
  2107.12      4.7458  1.4655e-01  1.5293e-01  1.5802e-01  1.3232e-01  1.4163e-01
  2105.62      4.7492  1.4626e-01  1.5259e-01  1.5765e-01  1.3216e-01  1.4137e-01
  2104.12      4.7526  1.4597e-01  1.5224e-01  1.5728e-01  1.3204e-01  1.4114e-01
  2102.62      4.7560  1.4569e-01  1.5188e-01  1.5692e-01  1.3198e-01  1.4096e-01
  2101.12      4.7594  1.4540e-01  1.5153e-01  1.5655e-01  1.3189e-01  1.4081e-01
  2099.62      4.7628  1.4512e-01  1.5119e-01  1.5618e-01  1.3175e-01  1.4063e-01
  2098.12      4.7662  1.4483e-01  1.5084e-01  1.5582e-01  1.3162e-01  1.4042e-01
  2096.62      4.7696  1.4455e-01  1.5048e-01  1.5545e-01  1.3154e-01  1.4025e-01
  2095.12      4.7730  1.4426e-01  1.5014e-01  1.5509e-01  1.3146e-01  1.4012e-01
  2093.62      4.7764  1.4398e-01  1.4980e-01  1.5473e-01  1.3137e-01  1.3994e-01
  2092.12      4.7798  1.4370e-01  1.4946e-01  1.5436e-01  1.3133e-01  1.3972e-01
  2090.62      4.7833  1.4342e-01  1.4912e-01  1.5400e-01  1.3122e-01  1.3948e-01
  2089.12      4.7867  1.4314e-01  1.4878e-01  1.5364e-01  1.3105e-01  1.3930e-01
  2087.62      4.7901  1.4287e-01  1.4847e-01  1.5328e-01  1.3092e-01  1.3922e-01
  2086.12      4.7936  1.4259e-01  1.4815e-01  1.5294e-01  1.3080e-01  1.3915e-01
  2084.62      4.7970  1.4234e-01  1.4785e-01  1.5261e-01  1.3071e-01  1.3906e-01
  2083.12      4.8005  1.4209e-01  1.4756e-01  1.5229e-01  1.3062e-01  1.3897e-01
  2081.62      4.8040  1.4184e-01  1.4728e-01  1.5197e-01  1.3058e-01  1.3885e-01
  2080.12      4.8074  1.4160e-01  1.4700e-01  1.5166e-01  1.3057e-01  1.3870e-01
  2078.62      4.8109  1.4138e-01  1.4675e-01  1.5137e-01  1.3054e-01  1.3853e-01
  2077.12      4.8144  1.4116e-01  1.4649e-01  1.5108e-01  1.3053e-01  1.3843e-01
  2075.62      4.8178  1.4095e-01  1.4625e-01  1.5081e-01  1.3052e-01  1.3834e-01
  2074.12      4.8213  1.4074e-01  1.4601e-01  1.5053e-01  1.3046e-01  1.3822e-01
  2072.62      4.8248  1.4053e-01  1.4578e-01  1.5026e-01  1.3036e-01  1.3815e-01
  2071.12      4.8283  1.4033e-01  1.4554e-01  1.5000e-01  1.3023e-01  1.3812e-01
  2069.62      4.8318  1.4014e-01  1.4531e-01  1.4973e-01  1.3019e-01  1.3811e-01
  2068.12      4.8353  1.3995e-01  1.4508e-01  1.4947e-01  1.3027e-01  1.3814e-01
  2066.62      4.8388  1.3976e-01  1.4485e-01  1.4920e-01  1.3033e-01  1.3818e-01
  2065.12      4.8423  1.3956e-01  1.4462e-01  1.4894e-01  1.3035e-01  1.3816e-01
  2063.62      4.8459  1.3938e-01  1.4440e-01  1.4867e-01  1.3036e-01  1.3807e-01
  2062.12      4.8494  1.3920e-01  1.4418e-01  1.4842e-01  1.3036e-01  1.3801e-01
  2060.62      4.8529  1.3903e-01  1.4396e-01  1.4817e-01  1.3033e-01  1.3797e-01
  2059.12      4.8565  1.3887e-01  1.4375e-01  1.4794e-01  1.3030e-01  1.3795e-01
  2057.62      4.8600  1.3872e-01  1.4357e-01  1.4772e-01  1.3031e-01  1.3795e-01
  2056.12      4.8635  1.3858e-01  1.4339e-01  1.4752e-01  1.3036e-01  1.3798e-01
  2054.61      4.8671  1.3844e-01  1.4321e-01  1.4734e-01  1.3042e-01  1.3800e-01
  2053.11      4.8706  1.3832e-01  1.4306e-01  1.4716e-01  1.3048e-01  1.3793e-01
  2051.61      4.8742  1.3821e-01  1.4291e-01  1.4699e-01  1.3050e-01  1.3782e-01
  2050.11      4.8778  1.3810e-01  1.4277e-01  1.4684e-01  1.3046e-01  1.3778e-01
  2048.61      4.8813  1.3799e-01  1.4264e-01  1.4670e-01  1.3044e-01  1.3782e-01
  2047.11      4.8849  1.3789e-01  1.4251e-01  1.4656e-01  1.3041e-01  1.3787e-01
  2045.61      4.8885  1.3778e-01  1.4239e-01  1.4643e-01  1.3033e-01  1.3787e-01
  2044.11      4.8921  1.3769e-01  1.4226e-01  1.4630e-01  1.3026e-01  1.3789e-01
  2042.61      4.8957  1.3760e-01  1.4215e-01  1.4617e-01  1.3031e-01  1.3792e-01
  2041.11      4.8993  1.3751e-01  1.4203e-01  1.4604e-01  1.3047e-01  1.3795e-01
  2039.61      4.9029  1.3743e-01  1.4192e-01  1.4591e-01  1.3064e-01  1.3800e-01
  2038.11      4.9065  1.3736e-01  1.4182e-01  1.4578e-01  1.3071e-01  1.3801e-01
  2036.61      4.9101  1.3729e-01  1.4173e-01  1.4568e-01  1.3071e-01  1.3796e-01
  2035.11      4.9137  1.3724e-01  1.4165e-01  1.4558e-01  1.3071e-01  1.3789e-01
  2033.61      4.9174  1.3720e-01  1.4159e-01  1.4549e-01  1.3076e-01  1.3781e-01
  2032.11      4.9210  1.3716e-01  1.4153e-01  1.4541e-01  1.3082e-01  1.3777e-01
  2030.61      4.9246  1.3714e-01  1.4149e-01  1.4535e-01  1.3082e-01  1.3777e-01
  2029.11      4.9283  1.3711e-01  1.4146e-01  1.4529e-01  1.3084e-01  1.3783e-01
  2027.61      4.9319  1.3709e-01  1.4142e-01  1.4523e-01  1.3089e-01  1.3791e-01
  2026.11      4.9356  1.3706e-01  1.4138e-01  1.4519e-01  1.3088e-01  1.3794e-01
  2024.61      4.9392  1.3703e-01  1.4135e-01  1.4513e-01  1.3089e-01  1.3799e-01
  2023.11      4.9429  1.3700e-01  1.4131e-01  1.4507e-01  1.3094e-01  1.3804e-01
  2021.61      4.9465  1.3696e-01  1.4126e-01  1.4502e-01  1.3101e-01  1.3809e-01
  2020.11      4.9502  1.3693e-01  1.4121e-01  1.4496e-01  1.3109e-01  1.3814e-01
  2018.61      4.9539  1.3688e-01  1.4116e-01  1.4490e-01  1.3116e-01  1.3816e-01
  2017.11      4.9576  1.3683e-01  1.4109e-01  1.4482e-01  1.3121e-01  1.3811e-01
  2015.61      4.9613  1.3678e-01  1.4101e-01  1.4474e-01  1.3121e-01  1.3807e-01
  2014.11      4.9650  1.3673e-01  1.4095e-01  1.4468e-01  1.3119e-01  1.3808e-01
  2012.61      4.9687  1.3670e-01  1.4091e-01  1.4463e-01  1.3117e-01  1.3817e-01
  2011.11      4.9724  1.3670e-01  1.4089e-01  1.4460e-01  1.3118e-01  1.3829e-01
  2009.61      4.9761  1.3670e-01  1.4088e-01  1.4459e-01  1.3130e-01  1.3837e-01
  2008.11      4.9798  1.3672e-01  1.4089e-01  1.4459e-01  1.3147e-01  1.3843e-01
  2006.61      4.9835  1.3676e-01  1.4093e-01  1.4462e-01  1.3156e-01  1.3847e-01
  2005.11      4.9873  1.3682e-01  1.4099e-01  1.4468e-01  1.3158e-01  1.3854e-01
  2003.61      4.9910  1.3689e-01  1.4106e-01  1.4474e-01  1.3166e-01  1.3861e-01
  2002.11      4.9947  1.3697e-01  1.4114e-01  1.4481e-01  1.3178e-01  1.3867e-01
  2000.61      4.9985  1.3706e-01  1.4122e-01  1.4488e-01  1.3190e-01  1.3874e-01
  1999.11      5.0022  1.3714e-01  1.4128e-01  1.4494e-01  1.3204e-01  1.3888e-01
  1997.61      5.0060  1.3721e-01  1.4133e-01  1.4498e-01  1.3221e-01  1.3906e-01
  1996.11      5.0097  1.3728e-01  1.4138e-01  1.4502e-01  1.3235e-01  1.3926e-01
  1994.61      5.0135  1.3733e-01  1.4141e-01  1.4504e-01  1.3240e-01  1.3944e-01
  1993.11      5.0173  1.3737e-01  1.4142e-01  1.4503e-01  1.3240e-01  1.3951e-01
  1991.61      5.0211  1.3738e-01  1.4141e-01  1.4500e-01  1.3251e-01  1.3950e-01
  1990.11      5.0248  1.3740e-01  1.4139e-01  1.4496e-01  1.3269e-01  1.3956e-01
  1988.61      5.0286  1.3742e-01  1.4139e-01  1.4494e-01  1.3289e-01  1.3971e-01
  1987.11      5.0324  1.3746e-01  1.4140e-01  1.4494e-01  1.3308e-01  1.3983e-01
  1985.61      5.0362  1.3752e-01  1.4143e-01  1.4496e-01  1.3329e-01  1.3994e-01
  1984.11      5.0400  1.3760e-01  1.4150e-01  1.4502e-01  1.3353e-01  1.4012e-01
  1982.61      5.0439  1.3770e-01  1.4160e-01  1.4512e-01  1.3370e-01  1.4033e-01
  1981.11      5.0477  1.3784e-01  1.4173e-01  1.4525e-01  1.3387e-01  1.4055e-01
  1979.61      5.0515  1.3799e-01  1.4187e-01  1.4541e-01  1.3412e-01  1.4084e-01
  1978.11      5.0553  1.3817e-01  1.4205e-01  1.4560e-01  1.3434e-01  1.4111e-01
  1976.61      5.0592  1.3836e-01  1.4223e-01  1.4579e-01  1.3452e-01  1.4141e-01
  1975.11      5.0630  1.3855e-01  1.4242e-01  1.4600e-01  1.3474e-01  1.4171e-01
  1973.61      5.0669  1.3876e-01  1.4263e-01  1.4622e-01  1.3502e-01  1.4197e-01
  1972.11      5.0707  1.3896e-01  1.4282e-01  1.4642e-01  1.3533e-01  1.4223e-01
  1970.61      5.0746  1.3916e-01  1.4301e-01  1.4661e-01  1.3559e-01  1.4246e-01
  1969.11      5.0784  1.3936e-01  1.4320e-01  1.4680e-01  1.3586e-01  1.4268e-01
  1967.61      5.0823  1.3953e-01  1.4337e-01  1.4697e-01  1.3612e-01  1.4289e-01
  1966.11      5.0862  1.3969e-01  1.4352e-01  1.4713e-01  1.3633e-01  1.4310e-01
  1964.61      5.0901  1.3987e-01  1.4369e-01  1.4729e-01  1.3660e-01  1.4344e-01
  1963.11      5.0940  1.4006e-01  1.4388e-01  1.4747e-01  1.3687e-01  1.4385e-01
  1961.61      5.0979  1.4027e-01  1.4410e-01  1.4769e-01  1.3718e-01  1.4422e-01
  1960.11      5.1018  1.4051e-01  1.4434e-01  1.4793e-01  1.3757e-01  1.4450e-01
  1958.61      5.1057  1.4077e-01  1.4460e-01  1.4819e-01  1.3797e-01  1.4479e-01
  1957.11      5.1096  1.4107e-01  1.4491e-01  1.4850e-01  1.3834e-01  1.4517e-01
  1955.61      5.1135  1.4138e-01  1.4523e-01  1.4882e-01  1.3865e-01  1.4555e-01
  1954.11      5.1174  1.4170e-01  1.4556e-01  1.4916e-01  1.3894e-01  1.4593e-01
  1952.61      5.1214  1.4205e-01  1.4591e-01  1.4951e-01  1.3926e-01  1.4634e-01
  1951.11      5.1253  1.4239e-01  1.4625e-01  1.4985e-01  1.3961e-01  1.4673e-01
  1949.61      5.1292  1.4274e-01  1.4659e-01  1.5018e-01  1.4001e-01  1.4713e-01
  1948.11      5.1332  1.4308e-01  1.4692e-01  1.5051e-01  1.4041e-01  1.4756e-01
  1946.61      5.1371  1.4341e-01  1.4724e-01  1.5082e-01  1.4080e-01  1.4799e-01
  1945.11      5.1411  1.4372e-01  1.4754e-01  1.5110e-01  1.4121e-01  1.4842e-01
  1943.61      5.1451  1.4401e-01  1.4779e-01  1.5135e-01  1.4163e-01  1.4883e-01
  1942.11      5.1490  1.4427e-01  1.4804e-01  1.5158e-01  1.4199e-01  1.4917e-01
  1940.61      5.1530  1.4454e-01  1.4828e-01  1.5181e-01  1.4234e-01  1.4953e-01
  1939.11      5.1570  1.4484e-01  1.4857e-01  1.5209e-01  1.4274e-01  1.5000e-01
  1937.61      5.1610  1.4518e-01  1.4890e-01  1.5242e-01  1.4320e-01  1.5054e-01
  1936.11      5.1650  1.4557e-01  1.4929e-01  1.5281e-01  1.4372e-01  1.5110e-01
  1934.61      5.1690  1.4596e-01  1.4970e-01  1.5322e-01  1.4421e-01  1.5160e-01
  1933.11      5.1730  1.4640e-01  1.5014e-01  1.5366e-01  1.4464e-01  1.5201e-01
  1931.61      5.1770  1.4685e-01  1.5062e-01  1.5414e-01  1.4508e-01  1.5248e-01
  1930.11      5.1811  1.4733e-01  1.5112e-01  1.5464e-01  1.4552e-01  1.5299e-01
  1928.61      5.1851  1.4782e-01  1.5162e-01  1.5514e-01  1.4599e-01  1.5354e-01
  1927.11      5.1891  1.4830e-01  1.5214e-01  1.5566e-01  1.4646e-01  1.5416e-01
  1925.61      5.1932  1.4878e-01  1.5262e-01  1.5616e-01  1.4690e-01  1.5476e-01
  1924.11      5.1972  1.4922e-01  1.5307e-01  1.5661e-01  1.4738e-01  1.5527e-01
  1922.61      5.2013  1.4963e-01  1.5347e-01  1.5701e-01  1.4787e-01  1.5569e-01
  1921.11      5.2053  1.5001e-01  1.5383e-01  1.5738e-01  1.4842e-01  1.5625e-01
  1919.60      5.2094  1.5037e-01  1.5417e-01  1.5771e-01  1.4894e-01  1.5692e-01
  1918.10      5.2135  1.5069e-01  1.5447e-01  1.5800e-01  1.4934e-01  1.5738e-01
  1916.60      5.2176  1.5101e-01  1.5476e-01  1.5829e-01  1.4981e-01  1.5771e-01
  1915.10      5.2216  1.5134e-01  1.5506e-01  1.5858e-01  1.5040e-01  1.5815e-01
  1913.60      5.2257  1.5170e-01  1.5540e-01  1.5892e-01  1.5104e-01  1.5874e-01
  1912.10      5.2298  1.5210e-01  1.5576e-01  1.5928e-01  1.5164e-01  1.5940e-01
  1910.60      5.2339  1.5252e-01  1.5616e-01  1.5967e-01  1.5211e-01  1.5998e-01
  1909.10      5.2381  1.5296e-01  1.5658e-01  1.6010e-01  1.5253e-01  1.6050e-01
  1907.60      5.2422  1.5344e-01  1.5706e-01  1.6055e-01  1.5301e-01  1.6106e-01
  1906.10      5.2463  1.5396e-01  1.5757e-01  1.6106e-01  1.5358e-01  1.6169e-01
  1904.60      5.2504  1.5453e-01  1.5814e-01  1.6161e-01  1.5423e-01  1.6237e-01
  1903.10      5.2546  1.5513e-01  1.5874e-01  1.6222e-01  1.5491e-01  1.6300e-01
  1901.60      5.2587  1.5576e-01  1.5938e-01  1.6286e-01  1.5556e-01  1.6357e-01
  1900.10      5.2629  1.5639e-01  1.6002e-01  1.6349e-01  1.5613e-01  1.6415e-01
  1898.60      5.2670  1.5700e-01  1.6065e-01  1.6411e-01  1.5666e-01  1.6480e-01
  1897.10      5.2712  1.5761e-01  1.6126e-01  1.6471e-01  1.5726e-01  1.6550e-01
  1895.60      5.2754  1.5821e-01  1.6185e-01  1.6530e-01  1.5793e-01  1.6622e-01
  1894.10      5.2795  1.5878e-01  1.6244e-01  1.6587e-01  1.5857e-01  1.6692e-01
  1892.60      5.2837  1.5935e-01  1.6301e-01  1.6644e-01  1.5921e-01  1.6766e-01
  1891.10      5.2879  1.5990e-01  1.6356e-01  1.6698e-01  1.5983e-01  1.6834e-01
  1889.60      5.2921  1.6043e-01  1.6407e-01  1.6750e-01  1.6040e-01  1.6891e-01
  1888.10      5.2963  1.6095e-01  1.6458e-01  1.6800e-01  1.6101e-01  1.6954e-01
  1886.60      5.3005  1.6151e-01  1.6512e-01  1.6853e-01  1.6168e-01  1.7027e-01
  1885.10      5.3048  1.6211e-01  1.6571e-01  1.6912e-01  1.6239e-01  1.7098e-01
  1883.60      5.3090  1.6278e-01  1.6638e-01  1.6979e-01  1.6310e-01  1.7163e-01
  1882.10      5.3132  1.6351e-01  1.6710e-01  1.7053e-01  1.6378e-01  1.7230e-01
  1880.60      5.3174  1.6428e-01  1.6788e-01  1.7131e-01  1.6447e-01  1.7309e-01
  1879.10      5.3217  1.6506e-01  1.6867e-01  1.7211e-01  1.6519e-01  1.7398e-01
  1877.60      5.3259  1.6583e-01  1.6944e-01  1.7289e-01  1.6592e-01  1.7479e-01
  1876.10      5.3302  1.6659e-01  1.7020e-01  1.7365e-01  1.6670e-01  1.7558e-01
  1874.60      5.3345  1.6737e-01  1.7098e-01  1.7442e-01  1.6746e-01  1.7639e-01
  1873.10      5.3387  1.6811e-01  1.7171e-01  1.7515e-01  1.6823e-01  1.7729e-01
  1871.60      5.3430  1.6881e-01  1.7241e-01  1.7584e-01  1.6903e-01  1.7831e-01
  1870.10      5.3473  1.6944e-01  1.7300e-01  1.7641e-01  1.6974e-01  1.7913e-01
  1868.60      5.3516  1.6996e-01  1.7349e-01  1.7688e-01  1.7040e-01  1.7975e-01
  1867.10      5.3559  1.7044e-01  1.7391e-01  1.7728e-01  1.7107e-01  1.8036e-01
  1865.60      5.3602  1.7092e-01  1.7434e-01  1.7768e-01  1.7185e-01  1.8109e-01
  1864.10      5.3645  1.7146e-01  1.7483e-01  1.7815e-01  1.7275e-01  1.8196e-01
  1862.60      5.3688  1.7207e-01  1.7541e-01  1.7871e-01  1.7360e-01  1.8286e-01
  1861.10      5.3732  1.7274e-01  1.7607e-01  1.7936e-01  1.7441e-01  1.8382e-01
  1859.60      5.3775  1.7348e-01  1.7681e-01  1.8010e-01  1.7522e-01  1.8480e-01
  1858.10      5.3818  1.7431e-01  1.7765e-01  1.8094e-01  1.7600e-01  1.8577e-01
  1856.60      5.3862  1.7519e-01  1.7856e-01  1.8186e-01  1.7681e-01  1.8677e-01
  1855.10      5.3905  1.7614e-01  1.7954e-01  1.8284e-01  1.7763e-01  1.8770e-01
  1853.60      5.3949  1.7712e-01  1.8055e-01  1.8386e-01  1.7850e-01  1.8852e-01
  1852.10      5.3993  1.7811e-01  1.8158e-01  1.8490e-01  1.7942e-01  1.8937e-01
  1850.60      5.4037  1.7909e-01  1.8258e-01  1.8592e-01  1.8029e-01  1.9031e-01
  1849.10      5.4080  1.8003e-01  1.8354e-01  1.8689e-01  1.8117e-01  1.9138e-01
  1847.60      5.4124  1.8091e-01  1.8443e-01  1.8778e-01  1.8209e-01  1.9252e-01
  1846.10      5.4168  1.8174e-01  1.8526e-01  1.8861e-01  1.8302e-01  1.9362e-01
  1844.60      5.4212  1.8251e-01  1.8602e-01  1.8937e-01  1.8388e-01  1.9451e-01
  1843.10      5.4256  1.8326e-01  1.8675e-01  1.9010e-01  1.8468e-01  1.9514e-01
  1841.60      5.4301  1.8401e-01  1.8748e-01  1.9082e-01  1.8557e-01  1.9597e-01
  1840.10      5.4345  1.8479e-01  1.8825e-01  1.9159e-01  1.8651e-01  1.9711e-01
  1838.60      5.4389  1.8561e-01  1.8907e-01  1.9240e-01  1.8739e-01  1.9824e-01
  1837.10      5.4434  1.8644e-01  1.8990e-01  1.9324e-01  1.8831e-01  1.9925e-01
  1835.60      5.4478  1.8726e-01  1.9073e-01  1.9406e-01  1.8930e-01  2.0029e-01
  1834.10      5.4523  1.8809e-01  1.9156e-01  1.9488e-01  1.9027e-01  2.0141e-01
  1832.60      5.4567  1.8892e-01  1.9238e-01  1.9570e-01  1.9120e-01  2.0257e-01
  1831.10      5.4612  1.8974e-01  1.9318e-01  1.9649e-01  1.9203e-01  2.0364e-01
  1829.60      5.4657  1.9052e-01  1.9394e-01  1.9724e-01  1.9279e-01  2.0445e-01
  1828.10      5.4702  1.9128e-01  1.9466e-01  1.9795e-01  1.9369e-01  2.0529e-01
  1826.60      5.4747  1.9202e-01  1.9536e-01  1.9865e-01  1.9468e-01  2.0630e-01
  1825.10      5.4792  1.9276e-01  1.9606e-01  1.9933e-01  1.9559e-01  2.0729e-01
  1823.60      5.4837  1.9352e-01  1.9678e-01  2.0004e-01  1.9652e-01  2.0825e-01
  1822.10      5.4882  1.9432e-01  1.9755e-01  2.0079e-01  1.9750e-01  2.0925e-01
  1820.60      5.4927  1.9518e-01  1.9838e-01  2.0161e-01  1.9856e-01  2.1041e-01
  1819.10      5.4972  1.9608e-01  1.9928e-01  2.0250e-01  1.9960e-01  2.1156e-01
  1817.60      5.5018  1.9704e-01  2.0024e-01  2.0346e-01  2.0051e-01  2.1257e-01
  1816.10      5.5063  1.9808e-01  2.0130e-01  2.0452e-01  2.0145e-01  2.1360e-01
  1814.60      5.5109  1.9921e-01  2.0246e-01  2.0568e-01  2.0234e-01  2.1473e-01
  1813.10      5.5154  2.0039e-01  2.0369e-01  2.0691e-01  2.0323e-01  2.1590e-01
  1811.60      5.5200  2.0158e-01  2.0492e-01  2.0815e-01  2.0417e-01  2.1703e-01
  1810.10      5.5246  2.0275e-01  2.0614e-01  2.0937e-01  2.0509e-01  2.1808e-01
  1808.60      5.5291  2.0393e-01  2.0736e-01  2.1060e-01  2.0610e-01  2.1919e-01
  1807.10      5.5337  2.0514e-01  2.0860e-01  2.1185e-01  2.0712e-01  2.2026e-01
  1805.60      5.5383  2.0637e-01  2.0986e-01  2.1313e-01  2.0807e-01  2.2129e-01
  1804.10      5.5429  2.0758e-01  2.1113e-01  2.1440e-01  2.0902e-01  2.2245e-01
  1802.60      5.5476  2.0874e-01  2.1232e-01  2.1559e-01  2.0997e-01  2.2361e-01
  1801.10      5.5522  2.0981e-01  2.1340e-01  2.1668e-01  2.1093e-01  2.2475e-01
  1799.60      5.5568  2.1079e-01  2.1440e-01  2.1768e-01  2.1191e-01  2.2580e-01
  1798.10      5.5614  2.1174e-01  2.1535e-01  2.1864e-01  2.1287e-01  2.2676e-01
  1796.60      5.5661  2.1268e-01  2.1630e-01  2.1960e-01  2.1385e-01  2.2784e-01
  1795.10      5.5707  2.1362e-01  2.1725e-01  2.2054e-01  2.1479e-01  2.2909e-01
  1793.60      5.5754  2.1452e-01  2.1814e-01  2.2144e-01  2.1571e-01  2.3027e-01
  1792.10      5.5801  2.1533e-01  2.1894e-01  2.2225e-01  2.1661e-01  2.3112e-01
  1790.60      5.5847  2.1609e-01  2.1967e-01  2.2298e-01  2.1749e-01  2.3183e-01
  1789.10      5.5894  2.1689e-01  2.2047e-01  2.2378e-01  2.1842e-01  2.3283e-01
  1787.60      5.5941  2.1784e-01  2.2142e-01  2.2474e-01  2.1946e-01  2.3407e-01
  1786.10      5.5988  2.1893e-01  2.2253e-01  2.2588e-01  2.2046e-01  2.3528e-01
  1784.59      5.6035  2.2011e-01  2.2374e-01  2.2713e-01  2.2139e-01  2.3638e-01
  1783.09      5.6082  2.2133e-01  2.2499e-01  2.2840e-01  2.2231e-01  2.3746e-01
  1781.59      5.6129  2.2253e-01  2.2623e-01  2.2966e-01  2.2321e-01  2.3858e-01
  1780.09      5.6177  2.2371e-01  2.2745e-01  2.3090e-01  2.2410e-01  2.3969e-01
  1778.59      5.6224  2.2488e-01  2.2868e-01  2.3212e-01  2.2504e-01  2.4076e-01
  1777.09      5.6272  2.2607e-01  2.2994e-01  2.3339e-01  2.2613e-01  2.4197e-01
  1775.59      5.6319  2.2728e-01  2.3119e-01  2.3465e-01  2.2729e-01  2.4336e-01
  1774.09      5.6367  2.2839e-01  2.3235e-01  2.3583e-01  2.2827e-01  2.4468e-01
  1772.59      5.6414  2.2935e-01  2.3334e-01  2.3681e-01  2.2912e-01  2.4567e-01
  1771.09      5.6462  2.3016e-01  2.3417e-01  2.3762e-01  2.2998e-01  2.4630e-01
  1769.59      5.6510  2.3092e-01  2.3493e-01  2.3837e-01  2.3093e-01  2.4703e-01
  1768.09      5.6558  2.3171e-01  2.3572e-01  2.3913e-01  2.3199e-01  2.4808e-01
  1766.59      5.6606  2.3256e-01  2.3658e-01  2.3998e-01  2.3304e-01  2.4920e-01
  1765.09      5.6654  2.3354e-01  2.3758e-01  2.4099e-01  2.3411e-01  2.5045e-01
  1763.59      5.6702  2.3464e-01  2.3872e-01  2.4215e-01  2.3522e-01  2.5185e-01
  1762.09      5.6751  2.3580e-01  2.3991e-01  2.4336e-01  2.3613e-01  2.5301e-01
  1760.59      5.6799  2.3696e-01  2.4113e-01  2.4459e-01  2.3694e-01  2.5396e-01
  1759.09      5.6847  2.3817e-01  2.4239e-01  2.4587e-01  2.3784e-01  2.5500e-01
  1757.59      5.6896  2.3944e-01  2.4372e-01  2.4724e-01  2.3877e-01  2.5613e-01
  1756.09      5.6945  2.4075e-01  2.4510e-01  2.4866e-01  2.3969e-01  2.5725e-01
  1754.59      5.6993  2.4207e-01  2.4649e-01  2.5011e-01  2.4055e-01  2.5836e-01
  1753.09      5.7042  2.4336e-01  2.4786e-01  2.5151e-01  2.4145e-01  2.5964e-01
  1751.59      5.7091  2.4453e-01  2.4911e-01  2.5281e-01  2.4229e-01  2.6094e-01
  1750.09      5.7140  2.4555e-01  2.5019e-01  2.5392e-01  2.4293e-01  2.6181e-01
  1748.59      5.7189  2.4647e-01  2.5117e-01  2.5492e-01  2.4352e-01  2.6237e-01
  1747.09      5.7238  2.4738e-01  2.5213e-01  2.5591e-01  2.4419e-01  2.6290e-01
  1745.59      5.7287  2.4828e-01  2.5309e-01  2.5688e-01  2.4516e-01  2.6375e-01
  1744.09      5.7336  2.4911e-01  2.5398e-01  2.5780e-01  2.4644e-01  2.6500e-01
  1742.59      5.7386  2.4988e-01  2.5479e-01  2.5862e-01  2.4745e-01  2.6605e-01
  1741.09      5.7435  2.5055e-01  2.5550e-01  2.5934e-01  2.4808e-01  2.6690e-01
  1739.59      5.7485  2.5112e-01  2.5609e-01  2.5993e-01  2.4858e-01  2.6767e-01
  1738.09      5.7534  2.5162e-01  2.5661e-01  2.6046e-01  2.4909e-01  2.6839e-01
  1736.59      5.7584  2.5213e-01  2.5715e-01  2.6099e-01  2.4975e-01  2.6939e-01
  1735.09      5.7634  2.5262e-01  2.5766e-01  2.6150e-01  2.5047e-01  2.7043e-01
  1733.59      5.7684  2.5306e-01  2.5811e-01  2.6194e-01  2.5102e-01  2.7081e-01
  1732.09      5.7734  2.5349e-01  2.5855e-01  2.6239e-01  2.5144e-01  2.7087e-01
  1730.59      5.7784  2.5403e-01  2.5911e-01  2.6297e-01  2.5197e-01  2.7131e-01
  1729.09      5.7834  2.5468e-01  2.5982e-01  2.6371e-01  2.5254e-01  2.7187e-01
  1727.59      5.7884  2.5541e-01  2.6060e-01  2.6454e-01  2.5306e-01  2.7241e-01
  1726.09      5.7934  2.5618e-01  2.6145e-01  2.6543e-01  2.5345e-01  2.7298e-01
  1724.59      5.7985  2.5697e-01  2.6232e-01  2.6635e-01  2.5377e-01  2.7354e-01
  1723.09      5.8035  2.5775e-01  2.6318e-01  2.6727e-01  2.5410e-01  2.7410e-01
  1721.59      5.8086  2.5851e-01  2.6403e-01  2.6819e-01  2.5446e-01  2.7468e-01
  1720.09      5.8136  2.5926e-01  2.6488e-01  2.6911e-01  2.5487e-01  2.7548e-01
  1718.59      5.8187  2.5995e-01  2.6566e-01  2.6994e-01  2.5515e-01  2.7608e-01
  1717.09      5.8238  2.6043e-01  2.6621e-01  2.7054e-01  2.5508e-01  2.7577e-01
  1715.59      5.8289  2.6072e-01  2.6655e-01  2.7090e-01  2.5508e-01  2.7518e-01
  1714.09      5.8340  2.6098e-01  2.6686e-01  2.7121e-01  2.5513e-01  2.7488e-01
  1712.59      5.8391  2.6127e-01  2.6722e-01  2.7159e-01  2.5520e-01  2.7490e-01
  1711.09      5.8442  2.6158e-01  2.6762e-01  2.7201e-01  2.5525e-01  2.7509e-01
  1709.59      5.8494  2.6190e-01  2.6800e-01  2.7242e-01  2.5517e-01  2.7520e-01
  1708.09      5.8545  2.6210e-01  2.6828e-01  2.7274e-01  2.5509e-01  2.7525e-01
  1706.59      5.8596  2.6211e-01  2.6835e-01  2.7282e-01  2.5488e-01  2.7513e-01
  1705.09      5.8648  2.6194e-01  2.6819e-01  2.7267e-01  2.5455e-01  2.7480e-01
  1703.59      5.8700  2.6164e-01  2.6790e-01  2.7240e-01  2.5427e-01  2.7455e-01
  1702.09      5.8751  2.6128e-01  2.6755e-01  2.7206e-01  2.5406e-01  2.7450e-01
  1700.59      5.8803  2.6077e-01  2.6701e-01  2.7155e-01  2.5362e-01  2.7394e-01
  1699.09      5.8855  2.6003e-01  2.6621e-01  2.7078e-01  2.5293e-01  2.7271e-01
  1697.59      5.8907  2.5915e-01  2.6526e-01  2.6984e-01  2.5228e-01  2.7174e-01
  1696.09      5.8959  2.5814e-01  2.6417e-01  2.6876e-01  2.5157e-01  2.7074e-01
  1694.59      5.9011  2.5701e-01  2.6295e-01  2.6754e-01  2.5081e-01  2.6950e-01
  1693.09      5.9064  2.5586e-01  2.6172e-01  2.6631e-01  2.5019e-01  2.6867e-01
  1691.59      5.9116  2.5481e-01  2.6061e-01  2.6520e-01  2.4960e-01  2.6820e-01
  1690.09      5.9169  2.5385e-01  2.5961e-01  2.6421e-01  2.4888e-01  2.6751e-01
  1688.59      5.9221  2.5291e-01  2.5866e-01  2.6327e-01  2.4816e-01  2.6666e-01
  1687.09      5.9274  2.5195e-01  2.5770e-01  2.6234e-01  2.4756e-01  2.6607e-01
  1685.59      5.9326  2.5095e-01  2.5670e-01  2.6133e-01  2.4662e-01  2.6533e-01
  1684.09      5.9379  2.4978e-01  2.5552e-01  2.6014e-01  2.4509e-01  2.6356e-01
  1682.59      5.9432  2.4844e-01  2.5414e-01  2.5875e-01  2.4367e-01  2.6137e-01
  1681.09      5.9485  2.4705e-01  2.5271e-01  2.5729e-01  2.4274e-01  2.5988e-01
  1679.59      5.9538  2.4565e-01  2.5128e-01  2.5584e-01  2.4191e-01  2.5877e-01
  1678.09      5.9592  2.4424e-01  2.4983e-01  2.5437e-01  2.4101e-01  2.5779e-01
  1676.59      5.9645  2.4279e-01  2.4833e-01  2.5286e-01  2.3991e-01  2.5667e-01
  1675.09      5.9698  2.4124e-01  2.4672e-01  2.5124e-01  2.3853e-01  2.5501e-01
  1673.59      5.9752  2.3960e-01  2.4502e-01  2.4953e-01  2.3726e-01  2.5328e-01
  1672.09      5.9806  2.3797e-01  2.4331e-01  2.4779e-01  2.3619e-01  2.5199e-01
  1670.59      5.9859  2.3640e-01  2.4169e-01  2.4616e-01  2.3489e-01  2.5054e-01
  1669.09      5.9913  2.3500e-01  2.4025e-01  2.4471e-01  2.3329e-01  2.4847e-01
  1667.59      5.9967  2.3381e-01  2.3908e-01  2.4353e-01  2.3189e-01  2.4653e-01
  1666.09      6.0021  2.3281e-01  2.3812e-01  2.4259e-01  2.3081e-01  2.4524e-01
  1664.59      6.0075  2.3182e-01  2.3719e-01  2.4167e-01  2.2966e-01  2.4410e-01
  1663.09      6.0129  2.3078e-01  2.3619e-01  2.4069e-01  2.2821e-01  2.4246e-01
  1661.59      6.0183  2.2969e-01  2.3515e-01  2.3966e-01  2.2660e-01  2.4041e-01
  1660.09      6.0238  2.2862e-01  2.3415e-01  2.3866e-01  2.2515e-01  2.3870e-01
  1658.59      6.0292  2.2752e-01  2.3309e-01  2.3761e-01  2.2387e-01  2.3739e-01
  1657.09      6.0347  2.2625e-01  2.3186e-01  2.3638e-01  2.2273e-01  2.3639e-01
  1655.59      6.0402  2.2473e-01  2.3033e-01  2.3485e-01  2.2154e-01  2.3542e-01
  1654.09      6.0456  2.2284e-01  2.2838e-01  2.3288e-01  2.1964e-01  2.3334e-01
  1652.59      6.0511  2.2050e-01  2.2589e-01  2.3036e-01  2.1719e-01  2.2973e-01
  1651.08      6.0566  2.1794e-01  2.2316e-01  2.2756e-01  2.1569e-01  2.2737e-01
  1649.58      6.0621  2.1540e-01  2.2044e-01  2.2478e-01  2.1456e-01  2.2632e-01
  1648.08      6.0676  2.1282e-01  2.1768e-01  2.2195e-01  2.1291e-01  2.2470e-01
  1646.58      6.0732  2.1009e-01  2.1473e-01  2.1894e-01  2.1089e-01  2.2204e-01
  1645.08      6.0787  2.0724e-01  2.1167e-01  2.1578e-01  2.0926e-01  2.1951e-01
  1643.58      6.0843  2.0449e-01  2.0870e-01  2.1271e-01  2.0797e-01  2.1783e-01
  1642.08      6.0898  2.0192e-01  2.0597e-01  2.0989e-01  2.0658e-01  2.1645e-01
  1640.58      6.0954  1.9961e-01  2.0350e-01  2.0734e-01  2.0510e-01  2.1504e-01
  1639.08      6.1010  1.9752e-01  2.0132e-01  2.0508e-01  2.0362e-01  2.1371e-01
  1637.58      6.1066  1.9555e-01  1.9927e-01  2.0296e-01  2.0183e-01  2.1200e-01
  1636.08      6.1122  1.9349e-01  1.9712e-01  2.0073e-01  1.9952e-01  2.0929e-01
  1634.58      6.1178  1.9132e-01  1.9484e-01  1.9835e-01  1.9741e-01  2.0641e-01
  1633.08      6.1234  1.8924e-01  1.9267e-01  1.9608e-01  1.9594e-01  2.0457e-01
  1631.58      6.1290  1.8739e-01  1.9076e-01  1.9411e-01  1.9460e-01  2.0332e-01
  1630.08      6.1347  1.8568e-01  1.8902e-01  1.9231e-01  1.9304e-01  2.0189e-01
  1628.58      6.1403  1.8393e-01  1.8724e-01  1.9047e-01  1.9125e-01  2.0004e-01
  1627.08      6.1460  1.8209e-01  1.8534e-01  1.8852e-01  1.8947e-01  1.9815e-01
  1625.58      6.1516  1.8017e-01  1.8335e-01  1.8648e-01  1.8772e-01  1.9642e-01
  1624.08      6.1573  1.7823e-01  1.8134e-01  1.8443e-01  1.8581e-01  1.9444e-01
  1622.58      6.1630  1.7633e-01  1.7940e-01  1.8242e-01  1.8383e-01  1.9226e-01
  1621.08      6.1687  1.7454e-01  1.7757e-01  1.8055e-01  1.8216e-01  1.9059e-01
  1619.58      6.1744  1.7282e-01  1.7582e-01  1.7879e-01  1.8068e-01  1.8943e-01
  1618.08      6.1802  1.7107e-01  1.7404e-01  1.7696e-01  1.7883e-01  1.8776e-01
  1616.58      6.1859  1.6922e-01  1.7214e-01  1.7503e-01  1.7671e-01  1.8531e-01
  1615.08      6.1916  1.6735e-01  1.7021e-01  1.7306e-01  1.7505e-01  1.8316e-01
  1613.58      6.1974  1.6560e-01  1.6840e-01  1.7121e-01  1.7374e-01  1.8173e-01
  1612.08      6.2032  1.6400e-01  1.6677e-01  1.6956e-01  1.7222e-01  1.8044e-01
  1610.58      6.2089  1.6254e-01  1.6531e-01  1.6807e-01  1.7048e-01  1.7903e-01
  1609.08      6.2147  1.6120e-01  1.6397e-01  1.6672e-01  1.6878e-01  1.7752e-01
  1607.58      6.2205  1.5996e-01  1.6274e-01  1.6548e-01  1.6727e-01  1.7597e-01
  1606.08      6.2263  1.5879e-01  1.6159e-01  1.6433e-01  1.6589e-01  1.7453e-01
  1604.58      6.2322  1.5771e-01  1.6052e-01  1.6326e-01  1.6450e-01  1.7317e-01
  1603.08      6.2380  1.5672e-01  1.5956e-01  1.6230e-01  1.6307e-01  1.7181e-01
  1601.58      6.2438  1.5583e-01  1.5871e-01  1.6145e-01  1.6165e-01  1.7049e-01
  1600.08      6.2497  1.5501e-01  1.5793e-01  1.6067e-01  1.6028e-01  1.6925e-01
  1598.58      6.2555  1.5421e-01  1.5719e-01  1.5992e-01  1.5901e-01  1.6815e-01
  1597.08      6.2614  1.5346e-01  1.5647e-01  1.5920e-01  1.5780e-01  1.6701e-01
  1595.58      6.2673  1.5275e-01  1.5578e-01  1.5852e-01  1.5662e-01  1.6577e-01
  1594.08      6.2732  1.5210e-01  1.5517e-01  1.5791e-01  1.5560e-01  1.6460e-01
  1592.58      6.2791  1.5153e-01  1.5466e-01  1.5739e-01  1.5472e-01  1.6353e-01
  1591.08      6.2850  1.5110e-01  1.5426e-01  1.5700e-01  1.5386e-01  1.6261e-01
  1589.58      6.2910  1.5075e-01  1.5398e-01  1.5672e-01  1.5292e-01  1.6177e-01
  1588.08      6.2969  1.5047e-01  1.5376e-01  1.5651e-01  1.5197e-01  1.6093e-01
  1586.58      6.3029  1.5022e-01  1.5356e-01  1.5634e-01  1.5115e-01  1.6020e-01
  1585.08      6.3088  1.5002e-01  1.5341e-01  1.5620e-01  1.5036e-01  1.5946e-01
  1583.58      6.3148  1.4987e-01  1.5333e-01  1.5613e-01  1.4960e-01  1.5875e-01
  1582.08      6.3208  1.4975e-01  1.5327e-01  1.5609e-01  1.4894e-01  1.5812e-01
  1580.58      6.3268  1.4962e-01  1.5318e-01  1.5603e-01  1.4843e-01  1.5760e-01
  1579.08      6.3328  1.4944e-01  1.5306e-01  1.5591e-01  1.4806e-01  1.5722e-01
  1577.58      6.3388  1.4918e-01  1.5284e-01  1.5570e-01  1.4727e-01  1.5643e-01
  1576.08      6.3449  1.4886e-01  1.5253e-01  1.5540e-01  1.4603e-01  1.5510e-01
  1574.58      6.3509  1.4859e-01  1.5228e-01  1.5515e-01  1.4539e-01  1.5433e-01
  1573.08      6.3570  1.4849e-01  1.5223e-01  1.5512e-01  1.4537e-01  1.5442e-01
  1571.58      6.3630  1.4847e-01  1.5228e-01  1.5520e-01  1.4516e-01  1.5444e-01
  1570.08      6.3691  1.4836e-01  1.5222e-01  1.5514e-01  1.4454e-01  1.5372e-01
  1568.58      6.3752  1.4810e-01  1.5198e-01  1.5490e-01  1.4399e-01  1.5275e-01
  1567.08      6.3813  1.4774e-01  1.5163e-01  1.5454e-01  1.4382e-01  1.5241e-01
  1565.58      6.3874  1.4734e-01  1.5122e-01  1.5411e-01  1.4367e-01  1.5239e-01
  1564.08      6.3935  1.4691e-01  1.5075e-01  1.5364e-01  1.4352e-01  1.5246e-01
  1562.58      6.3997  1.4642e-01  1.5022e-01  1.5310e-01  1.4357e-01  1.5287e-01
  1561.08      6.4058  1.4580e-01  1.4955e-01  1.5239e-01  1.4337e-01  1.5311e-01
  1559.58      6.4120  1.4492e-01  1.4855e-01  1.5136e-01  1.4225e-01  1.5185e-01
  1558.08      6.4182  1.4378e-01  1.4726e-01  1.5001e-01  1.4101e-01  1.4970e-01
  1556.58      6.4243  1.4269e-01  1.4603e-01  1.4871e-01  1.4083e-01  1.4916e-01
  1555.08      6.4305  1.4187e-01  1.4510e-01  1.4773e-01  1.4083e-01  1.4922e-01
  1553.58      6.4368  1.4130e-01  1.4445e-01  1.4705e-01  1.4071e-01  1.4915e-01
  1552.08      6.4430  1.4085e-01  1.4393e-01  1.4650e-01  1.4063e-01  1.4923e-01
  1550.58      6.4492  1.4043e-01  1.4345e-01  1.4598e-01  1.4049e-01  1.4926e-01
  1549.08      6.4555  1.4003e-01  1.4300e-01  1.4550e-01  1.4042e-01  1.4920e-01
  1547.58      6.4617  1.3972e-01  1.4264e-01  1.4509e-01  1.4062e-01  1.4939e-01
  1546.08      6.4680  1.3948e-01  1.4235e-01  1.4479e-01  1.4086e-01  1.4973e-01
  1544.58      6.4743  1.3927e-01  1.4211e-01  1.4450e-01  1.4089e-01  1.4991e-01
  1543.08      6.4806  1.3897e-01  1.4175e-01  1.4412e-01  1.4091e-01  1.5005e-01
  1541.58      6.4869  1.3846e-01  1.4115e-01  1.4348e-01  1.4068e-01  1.4972e-01
  1540.08      6.4932  1.3773e-01  1.4030e-01  1.4258e-01  1.3982e-01  1.4830e-01
  1538.58      6.4995  1.3694e-01  1.3938e-01  1.4162e-01  1.3927e-01  1.4725e-01
  1537.08      6.5059  1.3628e-01  1.3862e-01  1.4082e-01  1.3954e-01  1.4761e-01
  1535.58      6.5122  1.3581e-01  1.3809e-01  1.4026e-01  1.3995e-01  1.4826e-01
  1534.08      6.5186  1.3547e-01  1.3770e-01  1.3985e-01  1.3995e-01  1.4828e-01
  1532.58      6.5250  1.3519e-01  1.3738e-01  1.3951e-01  1.3975e-01  1.4788e-01
  1531.08      6.5314  1.3501e-01  1.3719e-01  1.3931e-01  1.3995e-01  1.4808e-01
  1529.58      6.5378  1.3499e-01  1.3717e-01  1.3929e-01  1.4029e-01  1.4868e-01
  1528.08      6.5442  1.3508e-01  1.3727e-01  1.3939e-01  1.4043e-01  1.4912e-01
  1526.58      6.5506  1.3520e-01  1.3742e-01  1.3955e-01  1.4050e-01  1.4941e-01
  1525.08      6.5571  1.3536e-01  1.3759e-01  1.3972e-01  1.4064e-01  1.4972e-01
  1523.58      6.5635  1.3547e-01  1.3770e-01  1.3984e-01  1.4092e-01  1.5011e-01
  1522.08      6.5700  1.3550e-01  1.3770e-01  1.3983e-01  1.4096e-01  1.4993e-01
  1520.58      6.5765  1.3542e-01  1.3759e-01  1.3969e-01  1.4088e-01  1.4936e-01
  1519.08      6.5830  1.3526e-01  1.3738e-01  1.3944e-01  1.4116e-01  1.4942e-01
  1517.58      6.5895  1.3501e-01  1.3705e-01  1.3907e-01  1.4135e-01  1.4963e-01
  1516.07      6.5960  1.3465e-01  1.3659e-01  1.3855e-01  1.4139e-01  1.4954e-01
  1514.57      6.6025  1.3427e-01  1.3610e-01  1.3800e-01  1.4171e-01  1.4977e-01
  1513.07      6.6091  1.3396e-01  1.3568e-01  1.3751e-01  1.4217e-01  1.5038e-01
  1511.57      6.6156  1.3370e-01  1.3532e-01  1.3710e-01  1.4264e-01  1.5106e-01
  1510.07      6.6222  1.3342e-01  1.3494e-01  1.3665e-01  1.4324e-01  1.5187e-01
  1508.57      6.6288  1.3303e-01  1.3444e-01  1.3609e-01  1.4350e-01  1.5242e-01
  1507.07      6.6354  1.3251e-01  1.3379e-01  1.3536e-01  1.4285e-01  1.5188e-01
  1505.57      6.6420  1.3197e-01  1.3311e-01  1.3461e-01  1.4227e-01  1.5089e-01
  1504.07      6.6486  1.3159e-01  1.3265e-01  1.3409e-01  1.4275e-01  1.5097e-01
  1502.57      6.6552  1.3146e-01  1.3245e-01  1.3386e-01  1.4363e-01  1.5181e-01
  1501.07      6.6619  1.3146e-01  1.3242e-01  1.3382e-01  1.4434e-01  1.5267e-01
  1499.57      6.6686  1.3149e-01  1.3243e-01  1.3382e-01  1.4473e-01  1.5318e-01
  1498.07      6.6752  1.3148e-01  1.3240e-01  1.3378e-01  1.4487e-01  1.5331e-01
  1496.57      6.6819  1.3146e-01  1.3236e-01  1.3375e-01  1.4464e-01  1.5299e-01
  1495.07      6.6886  1.3151e-01  1.3240e-01  1.3381e-01  1.4446e-01  1.5285e-01
  1493.57      6.6954  1.3173e-01  1.3263e-01  1.3406e-01  1.4479e-01  1.5340e-01
  1492.07      6.7021  1.3208e-01  1.3300e-01  1.3447e-01  1.4516e-01  1.5399e-01
  1490.57      6.7088  1.3246e-01  1.3340e-01  1.3488e-01  1.4532e-01  1.5427e-01
  1489.07      6.7156  1.3275e-01  1.3370e-01  1.3521e-01  1.4527e-01  1.5428e-01
  1487.57      6.7224  1.3301e-01  1.3398e-01  1.3549e-01  1.4528e-01  1.5438e-01
  1486.07      6.7291  1.3333e-01  1.3431e-01  1.3582e-01  1.4560e-01  1.5476e-01
  1484.57      6.7359  1.3373e-01  1.3473e-01  1.3624e-01  1.4610e-01  1.5526e-01
  1483.07      6.7428  1.3419e-01  1.3523e-01  1.3673e-01  1.4663e-01  1.5585e-01
  1481.57      6.7496  1.3469e-01  1.3577e-01  1.3727e-01  1.4707e-01  1.5638e-01
  1480.07      6.7564  1.3521e-01  1.3633e-01  1.3780e-01  1.4752e-01  1.5689e-01
  1478.57      6.7633  1.3572e-01  1.3689e-01  1.3835e-01  1.4813e-01  1.5765e-01
  1477.07      6.7702  1.3620e-01  1.3742e-01  1.3885e-01  1.4862e-01  1.5836e-01
  1475.57      6.7770  1.3664e-01  1.3788e-01  1.3930e-01  1.4899e-01  1.5880e-01
  1474.07      6.7839  1.3702e-01  1.3828e-01  1.3968e-01  1.4924e-01  1.5893e-01
  1472.57      6.7908  1.3736e-01  1.3861e-01  1.4001e-01  1.4923e-01  1.5860e-01
  1471.07      6.7978  1.3771e-01  1.3894e-01  1.4034e-01  1.4938e-01  1.5850e-01
  1469.57      6.8047  1.3809e-01  1.3930e-01  1.4071e-01  1.4987e-01  1.5907e-01
  1468.07      6.8117  1.3848e-01  1.3966e-01  1.4110e-01  1.5043e-01  1.5988e-01
  1466.57      6.8186  1.3882e-01  1.3999e-01  1.4144e-01  1.5090e-01  1.6056e-01
  1465.07      6.8256  1.3912e-01  1.4023e-01  1.4169e-01  1.5123e-01  1.6089e-01
  1463.57      6.8326  1.3936e-01  1.4042e-01  1.4190e-01  1.5168e-01  1.6109e-01
  1462.07      6.8396  1.3962e-01  1.4063e-01  1.4212e-01  1.5238e-01  1.6165e-01
  1460.57      6.8466  1.3988e-01  1.4086e-01  1.4235e-01  1.5310e-01  1.6257e-01
  1459.07      6.8537  1.4008e-01  1.4103e-01  1.4252e-01  1.5351e-01  1.6331e-01
  1457.57      6.8607  1.4015e-01  1.4105e-01  1.4251e-01  1.5336e-01  1.6329e-01
  1456.07      6.8678  1.4006e-01  1.4091e-01  1.4233e-01  1.5320e-01  1.6276e-01
  1454.57      6.8749  1.3995e-01  1.4075e-01  1.4211e-01  1.5372e-01  1.6285e-01
  1453.07      6.8820  1.3992e-01  1.4069e-01  1.4199e-01  1.5441e-01  1.6348e-01
  1451.57      6.8891  1.4003e-01  1.4079e-01  1.4206e-01  1.5495e-01  1.6416e-01
  1450.07      6.8962  1.4027e-01  1.4104e-01  1.4227e-01  1.5550e-01  1.6484e-01
  1448.57      6.9034  1.4059e-01  1.4138e-01  1.4257e-01  1.5599e-01  1.6535e-01
  1447.07      6.9105  1.4095e-01  1.4175e-01  1.4292e-01  1.5637e-01  1.6574e-01
  1445.57      6.9177  1.4139e-01  1.4220e-01  1.4336e-01  1.5679e-01  1.6639e-01
  1444.07      6.9249  1.4196e-01  1.4281e-01  1.4395e-01  1.5714e-01  1.6710e-01
  1442.57      6.9321  1.4268e-01  1.4357e-01  1.4471e-01  1.5753e-01  1.6775e-01
  1441.07      6.9393  1.4347e-01  1.4441e-01  1.4556e-01  1.5811e-01  1.6847e-01
  1439.57      6.9465  1.4425e-01  1.4523e-01  1.4639e-01  1.5882e-01  1.6932e-01
  1438.07      6.9538  1.4498e-01  1.4597e-01  1.4714e-01  1.5944e-01  1.6997e-01
  1436.57      6.9610  1.4561e-01  1.4661e-01  1.4779e-01  1.5974e-01  1.7001e-01
  1435.07      6.9683  1.4620e-01  1.4719e-01  1.4838e-01  1.6023e-01  1.7015e-01
  1433.57      6.9756  1.4682e-01  1.4783e-01  1.4900e-01  1.6111e-01  1.7090e-01
  1432.07      6.9829  1.4751e-01  1.4853e-01  1.4970e-01  1.6194e-01  1.7170e-01
  1430.57      6.9902  1.4819e-01  1.4924e-01  1.5040e-01  1.6262e-01  1.7230e-01
  1429.07      6.9976  1.4885e-01  1.4990e-01  1.5105e-01  1.6317e-01  1.7281e-01
  1427.57      7.0049  1.4947e-01  1.5052e-01  1.5167e-01  1.6379e-01  1.7353e-01
  1426.07      7.0123  1.5009e-01  1.5114e-01  1.5227e-01  1.6456e-01  1.7453e-01
  1424.57      7.0197  1.5071e-01  1.5176e-01  1.5286e-01  1.6520e-01  1.7537e-01
  1423.07      7.0271  1.5135e-01  1.5237e-01  1.5344e-01  1.6587e-01  1.7609e-01
  1421.57      7.0345  1.5199e-01  1.5298e-01  1.5402e-01  1.6672e-01  1.7692e-01
  1420.07      7.0419  1.5262e-01  1.5356e-01  1.5459e-01  1.6741e-01  1.7754e-01
  1418.57      7.0494  1.5319e-01  1.5407e-01  1.5506e-01  1.6788e-01  1.7784e-01
  1417.07      7.0568  1.5375e-01  1.5454e-01  1.5551e-01  1.6847e-01  1.7824e-01
  1415.57      7.0643  1.5435e-01  1.5505e-01  1.5600e-01  1.6922e-01  1.7897e-01
  1414.07      7.0718  1.5503e-01  1.5566e-01  1.5660e-01  1.7006e-01  1.7983e-01
  1412.57      7.0793  1.5582e-01  1.5638e-01  1.5730e-01  1.7095e-01  1.8066e-01
  1411.07      7.0868  1.5668e-01  1.5720e-01  1.5812e-01  1.7189e-01  1.8148e-01
  1409.57      7.0944  1.5763e-01  1.5812e-01  1.5902e-01  1.7280e-01  1.8230e-01
  1408.07      7.1019  1.5865e-01  1.5911e-01  1.6001e-01  1.7370e-01  1.8322e-01
  1406.57      7.1095  1.5972e-01  1.6017e-01  1.6105e-01  1.7464e-01  1.8419e-01
  1405.07      7.1171  1.6080e-01  1.6124e-01  1.6213e-01  1.7549e-01  1.8505e-01
  1403.57      7.1247  1.6192e-01  1.6236e-01  1.6324e-01  1.7640e-01  1.8597e-01
  1402.07      7.1323  1.6306e-01  1.6350e-01  1.6438e-01  1.7761e-01  1.8717e-01
  1400.57      7.1400  1.6419e-01  1.6463e-01  1.6550e-01  1.7879e-01  1.8837e-01
  1399.07      7.1476  1.6527e-01  1.6569e-01  1.6657e-01  1.7970e-01  1.8931e-01
  1397.57      7.1553  1.6627e-01  1.6667e-01  1.6755e-01  1.8062e-01  1.9025e-01
  1396.07      7.1630  1.6724e-01  1.6760e-01  1.6847e-01  1.8168e-01  1.9124e-01
  1394.57      7.1707  1.6817e-01  1.6849e-01  1.6936e-01  1.8269e-01  1.9204e-01
  1393.07      7.1784  1.6911e-01  1.6939e-01  1.7025e-01  1.8369e-01  1.9284e-01
  1391.57      7.1862  1.7011e-01  1.7034e-01  1.7121e-01  1.8488e-01  1.9393e-01
  1390.07      7.1939  1.7119e-01  1.7140e-01  1.7227e-01  1.8625e-01  1.9523e-01
  1388.57      7.2017  1.7234e-01  1.7254e-01  1.7341e-01  1.8751e-01  1.9641e-01
  1387.07      7.2095  1.7355e-01  1.7374e-01  1.7461e-01  1.8853e-01  1.9752e-01
  1385.57      7.2173  1.7482e-01  1.7501e-01  1.7588e-01  1.8962e-01  1.9879e-01
  1384.07      7.2251  1.7618e-01  1.7639e-01  1.7724e-01  1.9088e-01  2.0011e-01
  1382.56      7.2329  1.7765e-01  1.7788e-01  1.7872e-01  1.9227e-01  2.0152e-01
  1381.06      7.2408  1.7924e-01  1.7949e-01  1.8033e-01  1.9371e-01  2.0309e-01
  1379.56      7.2487  1.8092e-01  1.8120e-01  1.8204e-01  1.9515e-01  2.0470e-01
  1378.06      7.2566  1.8268e-01  1.8299e-01  1.8384e-01  1.9665e-01  2.0637e-01
  1376.56      7.2645  1.8451e-01  1.8487e-01  1.8571e-01  1.9818e-01  2.0803e-01
  1375.06      7.2724  1.8641e-01  1.8680e-01  1.8764e-01  1.9982e-01  2.0975e-01
  1373.56      7.2803  1.8836e-01  1.8878e-01  1.8962e-01  2.0153e-01  2.1150e-01
  1372.06      7.2883  1.9038e-01  1.9082e-01  1.9166e-01  2.0323e-01  2.1316e-01
  1370.56      7.2963  1.9249e-01  1.9295e-01  1.9380e-01  2.0506e-01  2.1500e-01
  1369.06      7.3043  1.9469e-01  1.9516e-01  1.9603e-01  2.0696e-01  2.1703e-01
  1367.56      7.3123  1.9698e-01  1.9747e-01  1.9835e-01  2.0890e-01  2.1912e-01
  1366.06      7.3203  1.9936e-01  1.9987e-01  2.0077e-01  2.1100e-01  2.2134e-01
  1364.56      7.3284  2.0183e-01  2.0236e-01  2.0328e-01  2.1320e-01  2.2367e-01
  1363.06      7.3364  2.0439e-01  2.0493e-01  2.0587e-01  2.1542e-01  2.2605e-01
  1361.56      7.3445  2.0703e-01  2.0758e-01  2.0854e-01  2.1770e-01  2.2840e-01
  1360.06      7.3526  2.0978e-01  2.1034e-01  2.1131e-01  2.2013e-01  2.3082e-01
  1358.56      7.3607  2.1267e-01  2.1324e-01  2.1423e-01  2.2270e-01  2.3349e-01
  1357.06      7.3689  2.1570e-01  2.1629e-01  2.1730e-01  2.2529e-01  2.3624e-01
  1355.56      7.3770  2.1887e-01  2.1948e-01  2.2051e-01  2.2800e-01  2.3914e-01
  1354.06      7.3852  2.2220e-01  2.2283e-01  2.2387e-01  2.3088e-01  2.4219e-01
  1352.56      7.3934  2.2567e-01  2.2635e-01  2.2740e-01  2.3387e-01  2.4523e-01
  1351.06      7.4016  2.2930e-01  2.3003e-01  2.3108e-01  2.3704e-01  2.4840e-01
  1349.56      7.4098  2.3309e-01  2.3387e-01  2.3492e-01  2.4027e-01  2.5175e-01
  1348.06      7.4181  2.3701e-01  2.3785e-01  2.3889e-01  2.4343e-01  2.5515e-01
  1346.56      7.4263  2.4109e-01  2.4198e-01  2.4302e-01  2.4669e-01  2.5866e-01
  1345.06      7.4346  2.4527e-01  2.4624e-01  2.4726e-01  2.5015e-01  2.6234e-01
  1343.56      7.4429  2.4958e-01  2.5059e-01  2.5161e-01  2.5378e-01  2.6609e-01
  1342.06      7.4512  2.5397e-01  2.5506e-01  2.5606e-01  2.5753e-01  2.6992e-01
  1340.56      7.4596  2.5845e-01  2.5959e-01  2.6057e-01  2.6142e-01  2.7392e-01
  1339.06      7.4679  2.6299e-01  2.6415e-01  2.6511e-01  2.6539e-01  2.7798e-01
  1337.56      7.4763  2.6756e-01  2.6874e-01  2.6968e-01  2.6929e-01  2.8201e-01
  1336.06      7.4847  2.7218e-01  2.7337e-01  2.7428e-01  2.7322e-01  2.8609e-01
  1334.56      7.4931  2.7688e-01  2.7805e-01  2.7894e-01  2.7735e-01  2.9025e-01
  1333.06      7.5015  2.8166e-01  2.8281e-01  2.8367e-01  2.8165e-01  2.9447e-01
  1331.56      7.5100  2.8650e-01  2.8763e-01  2.8847e-01  2.8599e-01  2.9875e-01
  1330.06      7.5185  2.9140e-01  2.9250e-01  2.9331e-01  2.9028e-01  3.0307e-01
  1328.56      7.5269  2.9634e-01  2.9739e-01  2.9818e-01  2.9460e-01  3.0744e-01
  1327.06      7.5354  3.0132e-01  3.0232e-01  3.0308e-01  2.9899e-01  3.1184e-01
  1325.56      7.5440  3.0632e-01  3.0725e-01  3.0800e-01  3.0339e-01  3.1623e-01
  1324.06      7.5525  3.1134e-01  3.1221e-01  3.1293e-01  3.0772e-01  3.2056e-01
  1322.56      7.5611  3.1636e-01  3.1715e-01  3.1785e-01  3.1206e-01  3.2488e-01
  1321.06      7.5697  3.2135e-01  3.2205e-01  3.2273e-01  3.1642e-01  3.2920e-01
  1319.56      7.5783  3.2628e-01  3.2689e-01  3.2754e-01  3.2081e-01  3.3347e-01
  1318.06      7.5869  3.3113e-01  3.3162e-01  3.3223e-01  3.2519e-01  3.3772e-01
  1316.56      7.5956  3.3588e-01  3.3624e-01  3.3680e-01  3.2945e-01  3.4190e-01
  1315.06      7.6042  3.4053e-01  3.4076e-01  3.4126e-01  3.3362e-01  3.4594e-01
  1313.56      7.6129  3.4508e-01  3.4514e-01  3.4558e-01  3.3775e-01  3.4987e-01
  1312.06      7.6216  3.4950e-01  3.4941e-01  3.4975e-01  3.4181e-01  3.5371e-01
  1310.56      7.6303  3.5382e-01  3.5355e-01  3.5380e-01  3.4575e-01  3.5741e-01
  1309.06      7.6391  3.5801e-01  3.5756e-01  3.5769e-01  3.4962e-01  3.6103e-01
  1307.56      7.6478  3.6209e-01  3.6144e-01  3.6146e-01  3.5344e-01  3.6460e-01
  1306.06      7.6566  3.6605e-01  3.6519e-01  3.6509e-01  3.5719e-01  3.6809e-01
  1304.56      7.6654  3.6990e-01  3.6882e-01  3.6858e-01  3.6092e-01  3.7151e-01
  1303.06      7.6742  3.7364e-01  3.7232e-01  3.7194e-01  3.6455e-01  3.7477e-01
  1301.56      7.6831  3.7726e-01  3.7570e-01  3.7518e-01  3.6801e-01  3.7784e-01
  1300.06      7.6920  3.8077e-01  3.7896e-01  3.7828e-01  3.7137e-01  3.8080e-01
  1298.56      7.7008  3.8416e-01  3.8209e-01  3.8126e-01  3.7467e-01  3.8367e-01
  1297.06      7.7098  3.8744e-01  3.8509e-01  3.8410e-01  3.7793e-01  3.8647e-01
  1295.56      7.7187  3.9062e-01  3.8797e-01  3.8682e-01  3.8112e-01  3.8925e-01
  1294.06      7.7276  3.9367e-01  3.9072e-01  3.8941e-01  3.8421e-01  3.9194e-01
  1292.56      7.7366  3.9663e-01  3.9337e-01  3.9189e-01  3.8725e-01  3.9448e-01
  1291.06      7.7456  3.9950e-01  3.9591e-01  3.9426e-01  3.9026e-01  3.9696e-01
  1289.56      7.7546  4.0228e-01  3.9837e-01  3.9654e-01  3.9321e-01  3.9939e-01
  1288.06      7.7636  4.0499e-01  4.0074e-01  3.9873e-01  3.9610e-01  4.0173e-01
  1286.56      7.7727  4.0765e-01  4.0306e-01  4.0086e-01  3.9898e-01  4.0401e-01
  1285.06      7.7818  4.1026e-01  4.0532e-01  4.0294e-01  4.0182e-01  4.0628e-01
  1283.56      7.7908  4.1287e-01  4.0757e-01  4.0500e-01  4.0465e-01  4.0855e-01
  1282.06      7.8000  4.1548e-01  4.0984e-01  4.0706e-01  4.0751e-01  4.1084e-01
  1280.56      7.8091  4.1812e-01  4.1211e-01  4.0916e-01  4.1042e-01  4.1324e-01
  1279.06      7.8183  4.2079e-01  4.1445e-01  4.1128e-01  4.1338e-01  4.1578e-01
  1277.56      7.8274  4.2353e-01  4.1684e-01  4.1349e-01  4.1634e-01  4.1836e-01
  1276.06      7.8366  4.2636e-01  4.1934e-01  4.1579e-01  4.1946e-01  4.2107e-01
  1274.56      7.8459  4.2930e-01  4.2196e-01  4.1823e-01  4.2274e-01  4.2391e-01
  1273.06      7.8551  4.3237e-01  4.2473e-01  4.2081e-01  4.2611e-01  4.2689e-01
  1271.56      7.8644  4.3560e-01  4.2768e-01  4.2358e-01  4.2961e-01  4.3009e-01
  1270.06      7.8737  4.3899e-01  4.3081e-01  4.2655e-01  4.3318e-01  4.3340e-01
  1268.56      7.8830  4.4257e-01  4.3415e-01  4.2975e-01  4.3697e-01  4.3687e-01
  1267.06      7.8923  4.4635e-01  4.3772e-01  4.3319e-01  4.4098e-01  4.4061e-01
  1265.56      7.9017  4.5036e-01  4.4156e-01  4.3690e-01  4.4515e-01  4.4459e-01
  1264.06      7.9110  4.5462e-01  4.4567e-01  4.4092e-01  4.4954e-01  4.4892e-01
  1262.56      7.9204  4.5913e-01  4.5006e-01  4.4524e-01  4.5407e-01  4.5356e-01
  1261.06      7.9299  4.6391e-01  4.5477e-01  4.4989e-01  4.5875e-01  4.5851e-01
  1259.56      7.9393  4.6895e-01  4.5979e-01  4.5488e-01  4.6369e-01  4.6381e-01
  1258.06      7.9488  4.7427e-01  4.6513e-01  4.6020e-01  4.6881e-01  4.6930e-01
  1256.56      7.9583  4.7986e-01  4.7079e-01  4.6589e-01  4.7409e-01  4.7502e-01
  1255.06      7.9678  4.8575e-01  4.7678e-01  4.7192e-01  4.7951e-01  4.8097e-01
  1253.56      7.9773  4.9191e-01  4.8311e-01  4.7832e-01  4.8511e-01  4.8716e-01
  1252.06      7.9869  4.9834e-01  4.8976e-01  4.8507e-01  4.9094e-01  4.9360e-01
  1250.56      7.9964  5.0504e-01  4.9673e-01  4.9216e-01  4.9690e-01  5.0023e-01
  1249.06      8.0061  5.1200e-01  5.0400e-01  4.9959e-01  5.0306e-01  5.0711e-01
  1247.55      8.0157  5.1920e-01  5.1156e-01  5.0735e-01  5.0939e-01  5.1425e-01
  1246.05      8.0253  5.2664e-01  5.1941e-01  5.1540e-01  5.1581e-01  5.2164e-01
  1244.55      8.0350  5.3430e-01  5.2751e-01  5.2375e-01  5.2232e-01  5.2933e-01
  1243.05      8.0447  5.4215e-01  5.3585e-01  5.3236e-01  5.2890e-01  5.3722e-01
  1241.55      8.0544  5.5016e-01  5.4440e-01  5.4120e-01  5.3555e-01  5.4517e-01
  1240.05      8.0642  5.5833e-01  5.5314e-01  5.5025e-01  5.4227e-01  5.5323e-01
  1238.55      8.0739  5.6662e-01  5.6203e-01  5.5947e-01  5.4903e-01  5.6140e-01
  1237.05      8.0837  5.7500e-01  5.7105e-01  5.6884e-01  5.5584e-01  5.6963e-01
  1235.55      8.0935  5.8346e-01  5.8016e-01  5.7833e-01  5.6270e-01  5.7792e-01
  1234.05      8.1034  5.9194e-01  5.8933e-01  5.8789e-01  5.6946e-01  5.8617e-01
  1232.55      8.1132  6.0044e-01  5.9852e-01  5.9748e-01  5.7616e-01  5.9438e-01
  1231.05      8.1231  6.0893e-01  6.0772e-01  6.0710e-01  5.8288e-01  6.0258e-01
  1229.55      8.1330  6.1736e-01  6.1689e-01  6.1670e-01  5.8947e-01  6.1063e-01
  1228.05      8.1430  6.2574e-01  6.2601e-01  6.2625e-01  5.9598e-01  6.1861e-01
  1226.55      8.1529  6.3404e-01  6.3505e-01  6.3574e-01  6.0241e-01  6.2658e-01
  1225.05      8.1629  6.4224e-01  6.4397e-01  6.4511e-01  6.0875e-01  6.3445e-01
  1223.55      8.1729  6.5030e-01  6.5277e-01  6.5435e-01  6.1511e-01  6.4229e-01
  1222.05      8.1830  6.5823e-01  6.6143e-01  6.6346e-01  6.2130e-01  6.4992e-01
  1220.55      8.1930  6.6600e-01  6.6993e-01  6.7239e-01  6.2737e-01  6.5738e-01
  1219.05      8.2031  6.7361e-01  6.7825e-01  6.8115e-01  6.3330e-01  6.6470e-01
  1217.55      8.2132  6.8105e-01  6.8638e-01  6.8970e-01  6.3895e-01  6.7172e-01
  1216.05      8.2233  6.8830e-01  6.9431e-01  6.9805e-01  6.4455e-01  6.7860e-01
  1214.55      8.2335  6.9537e-01  7.0203e-01  7.0619e-01  6.5001e-01  6.8529e-01
  1213.05      8.2437  7.0224e-01  7.0954e-01  7.1409e-01  6.5531e-01  6.9173e-01
  1211.55      8.2539  7.0892e-01  7.1684e-01  7.2177e-01  6.6056e-01  6.9811e-01
  1210.05      8.2641  7.1540e-01  7.2391e-01  7.2921e-01  6.6555e-01  7.0421e-01
  1208.55      8.2744  7.2170e-01  7.3075e-01  7.3643e-01  6.7044e-01  7.1017e-01
  1207.05      8.2846  7.2780e-01  7.3739e-01  7.4342e-01  6.7524e-01  7.1600e-01
  1205.55      8.2950  7.3371e-01  7.4381e-01  7.5018e-01  6.7985e-01  7.2156e-01
  1204.05      8.3053  7.3944e-01  7.5001e-01  7.5671e-01  6.8451e-01  7.2704e-01
  1202.55      8.3157  7.4499e-01  7.5600e-01  7.6302e-01  6.8898e-01  7.3229e-01
  1201.05      8.3260  7.5036e-01  7.6179e-01  7.6914e-01  6.9330e-01  7.3744e-01
  1199.55      8.3364  7.5558e-01  7.6739e-01  7.7503e-01  6.9757e-01  7.4254e-01
  1198.05      8.3469  7.6063e-01  7.7281e-01  7.8075e-01  7.0170e-01  7.4739e-01
  1196.55      8.3574  7.6554e-01  7.7807e-01  7.8629e-01  7.0578e-01  7.5213e-01
  1195.05      8.3678  7.7030e-01  7.8317e-01  7.9167e-01  7.0972e-01  7.5674e-01
  1193.55      8.3784  7.7495e-01  7.8814e-01  7.9690e-01  7.1354e-01  7.6123e-01
  1192.05      8.3889  7.7948e-01  7.9300e-01  8.0203e-01  7.1735e-01  7.6570e-01
  1190.55      8.3995  7.8394e-01  7.9776e-01  8.0706e-01  7.2102e-01  7.7006e-01
  1189.05      8.4101  7.8830e-01  8.0244e-01  8.1201e-01  7.2457e-01  7.7435e-01
  1187.55      8.4207  7.9260e-01  8.0708e-01  8.1691e-01  7.2806e-01  7.7860e-01
  1186.05      8.4313  7.9686e-01  8.1169e-01  8.2177e-01  7.3142e-01  7.8273e-01
  1184.55      8.4420  8.0107e-01  8.1625e-01  8.2661e-01  7.3468e-01  7.8677e-01
  1183.05      8.4527  8.0524e-01  8.2081e-01  8.3145e-01  7.3787e-01  7.9077e-01
  1181.55      8.4635  8.0938e-01  8.2535e-01  8.3627e-01  7.4098e-01  7.9477e-01
  1180.05      8.4742  8.1349e-01  8.2989e-01  8.4111e-01  7.4410e-01  7.9887e-01
  1178.55      8.4850  8.1756e-01  8.3442e-01  8.4595e-01  7.4713e-01  8.0295e-01
  1177.05      8.4958  8.2157e-01  8.3894e-01  8.5078e-01  7.4995e-01  8.0687e-01
  1175.55      8.5067  8.2553e-01  8.4340e-01  8.5561e-01  7.5270e-01  8.1072e-01
  1174.05      8.5175  8.2940e-01  8.4782e-01  8.6039e-01  7.5524e-01  8.1434e-01
  1172.55      8.5284  8.3318e-01  8.5218e-01  8.6511e-01  7.5752e-01  8.1774e-01
  1171.05      8.5394  8.3684e-01  8.5642e-01  8.6977e-01  7.5966e-01  8.2106e-01
  1169.55      8.5503  8.4036e-01  8.6056e-01  8.7432e-01  7.6150e-01  8.2412e-01
  1168.05      8.5613  8.4371e-01  8.6454e-01  8.7874e-01  7.6316e-01  8.2704e-01
  1166.55      8.5723  8.4685e-01  8.6835e-01  8.8300e-01  7.6448e-01  8.2967e-01
  1165.05      8.5833  8.4978e-01  8.7196e-01  8.8706e-01  7.6546e-01  8.3194e-01
  1163.55      8.5944  8.5244e-01  8.7532e-01  8.9088e-01  7.6627e-01  8.3406e-01
  1162.05      8.6055  8.5484e-01  8.7840e-01  8.9443e-01  7.6665e-01  8.3566e-01
  1160.55      8.6166  8.5691e-01  8.8116e-01  8.9768e-01  7.6676e-01  8.3685e-01
  1159.05      8.6278  8.5864e-01  8.8359e-01  9.0058e-01  7.6658e-01  8.3772e-01
  1157.55      8.6389  8.5998e-01  8.8562e-01  9.0309e-01  7.6586e-01  8.3803e-01
  1156.05      8.6502  8.6095e-01  8.8724e-01  9.0518e-01  7.6480e-01  8.3795e-01
  1154.55      8.6614  8.6146e-01  8.8842e-01  9.0680e-01  7.6320e-01  8.3723e-01
  1153.05      8.6727  8.6153e-01  8.8910e-01  9.0793e-01  7.6116e-01  8.3599e-01
  1151.55      8.6840  8.6112e-01  8.8927e-01  9.0855e-01  7.5882e-01  8.3440e-01
  1150.05      8.6953  8.6020e-01  8.8890e-01  9.0859e-01  7.5598e-01  8.3215e-01
  1148.55      8.7066  8.5877e-01  8.8797e-01  9.0805e-01  7.5283e-01  8.2944e-01
  1147.05      8.7180  8.5680e-01  8.8646e-01  9.0690e-01  7.4921e-01  8.2617e-01
  1145.55      8.7295  8.5429e-01  8.8436e-01  9.0512e-01  7.4506e-01  8.2228e-01
  1144.05      8.7409  8.5123e-01  8.8166e-01  9.0271e-01  7.4057e-01  8.1799e-01
  1142.55      8.7524  8.4762e-01  8.7834e-01  8.9965e-01  7.3566e-01  8.1314e-01
  1141.05      8.7639  8.4348e-01  8.7443e-01  8.9596e-01  7.3053e-01  8.0791e-01
  1139.55      8.7754  8.3881e-01  8.6993e-01  8.9162e-01  7.2513e-01  8.0228e-01
  1138.05      8.7870  8.3363e-01  8.6484e-01  8.8667e-01  7.1937e-01  7.9615e-01
  1136.55      8.7986  8.2795e-01  8.5920e-01  8.8113e-01  7.1343e-01  7.8974e-01
  1135.05      8.8102  8.2183e-01  8.5305e-01  8.7502e-01  7.0724e-01  7.8301e-01
  1133.55      8.8219  8.1526e-01  8.4639e-01  8.6839e-01  7.0079e-01  7.7594e-01
  1132.05      8.8336  8.0832e-01  8.3929e-01  8.6128e-01  6.9415e-01  7.6865e-01
  1130.55      8.8453  8.0104e-01  8.3179e-01  8.5372e-01  6.8738e-01  7.6114e-01
  1129.05      8.8570  7.9343e-01  8.2393e-01  8.4577e-01  6.8051e-01  7.5350e-01
  1127.55      8.8688  7.8557e-01  8.1575e-01  8.3749e-01  6.7356e-01  7.4581e-01
  1126.05      8.8806  7.7749e-01  8.0732e-01  8.2892e-01  6.6648e-01  7.3800e-01
  1124.55      8.8925  7.6925e-01  7.9869e-01  8.2014e-01  6.5943e-01  7.3013e-01
  1123.05      8.9044  7.6088e-01  7.8990e-01  8.1117e-01  6.5249e-01  7.2228e-01
  1121.55      8.9163  7.5243e-01  7.8101e-01  8.0210e-01  6.4556e-01  7.1443e-01
  1120.05      8.9282  7.4395e-01  7.7208e-01  7.9298e-01  6.3883e-01  7.0679e-01
  1118.55      8.9402  7.3548e-01  7.6315e-01  7.8386e-01  6.3220e-01  6.9928e-01
  1117.05      8.9522  7.2707e-01  7.5428e-01  7.7478e-01  6.2560e-01  6.9184e-01
  1115.55      8.9642  7.1875e-01  7.4552e-01  7.6582e-01  6.1920e-01  6.8466e-01
  1114.04      8.9763  7.1057e-01  7.3691e-01  7.5702e-01  6.1284e-01  6.7757e-01
  1112.54      8.9884  7.0257e-01  7.2850e-01  7.4843e-01  6.0670e-01  6.7073e-01
  1111.04      9.0005  6.9480e-01  7.2034e-01  7.4011e-01  6.0082e-01  6.6420e-01
  1109.54      9.0127  6.8727e-01  7.1245e-01  7.3208e-01  5.9515e-01  6.5781e-01
  1108.04      9.0249  6.8004e-01  7.0489e-01  7.2438e-01  5.8984e-01  6.5176e-01
  1106.54      9.0371  6.7313e-01  6.9770e-01  7.1707e-01  5.8466e-01  6.4593e-01
  1105.04      9.0494  6.6659e-01  6.9088e-01  7.1017e-01  5.7972e-01  6.4046e-01
  1103.54      9.0617  6.6043e-01  6.8450e-01  7.0370e-01  5.7520e-01  6.3548e-01
  1102.04      9.0740  6.5469e-01  6.7855e-01  6.9771e-01  5.7099e-01  6.3070e-01
  1100.54      9.0864  6.4941e-01  6.7310e-01  6.9220e-01  5.6721e-01  6.2635e-01
  1099.04      9.0988  6.4462e-01  6.6815e-01  6.8722e-01  5.6373e-01  6.2245e-01
  1097.54      9.1113  6.4035e-01  6.6375e-01  6.8279e-01  5.6052e-01  6.1897e-01
  1096.04      9.1237  6.3663e-01  6.5992e-01  6.7895e-01  5.5788e-01  6.1600e-01
  1094.54      9.1362  6.3353e-01  6.5670e-01  6.7573e-01  5.5569e-01  6.1332e-01
  1093.04      9.1488  6.3107e-01  6.5414e-01  6.7315e-01  5.5397e-01  6.1111e-01
  1091.54      9.1613  6.2930e-01  6.5228e-01  6.7129e-01  5.5271e-01  6.0952e-01
  1090.04      9.1739  6.2829e-01  6.5118e-01  6.7016e-01  5.5197e-01  6.0850e-01
  1088.54      9.1866  6.2806e-01  6.5086e-01  6.6983e-01  5.5202e-01  6.0824e-01
  1087.04      9.1993  6.2869e-01  6.5141e-01  6.7035e-01  5.5278e-01  6.0866e-01
  1085.54      9.2120  6.3021e-01  6.5285e-01  6.7175e-01  5.5426e-01  6.0986e-01
  1084.04      9.2247  6.3267e-01  6.5523e-01  6.7409e-01  5.5651e-01  6.1195e-01
  1082.54      9.2375  6.3609e-01  6.5857e-01  6.7739e-01  5.5954e-01  6.1486e-01
  1081.04      9.2503  6.4050e-01  6.6291e-01  6.8165e-01  5.6352e-01  6.1870e-01
  1079.54      9.2632  6.4588e-01  6.6823e-01  6.8691e-01  5.6847e-01  6.2363e-01
  1078.04      9.2761  6.5220e-01  6.7452e-01  6.9311e-01  5.7430e-01  6.2965e-01
  1076.54      9.2890  6.5944e-01  6.8173e-01  7.0025e-01  5.8105e-01  6.3677e-01
  1075.04      9.3020  6.6751e-01  6.8979e-01  7.0825e-01  5.8876e-01  6.4492e-01
  1073.54      9.3150  6.7633e-01  6.9863e-01  7.1702e-01  5.9732e-01  6.5395e-01
  1072.04      9.3280  6.8578e-01  7.0811e-01  7.2646e-01  6.0661e-01  6.6382e-01
  1070.54      9.3411  6.9574e-01  7.1812e-01  7.3644e-01  6.1639e-01  6.7432e-01
  1069.04      9.3542  7.0605e-01  7.2852e-01  7.4681e-01  6.2656e-01  6.8526e-01
  1067.54      9.3673  7.1657e-01  7.3912e-01  7.5741e-01  6.3712e-01  6.9666e-01
  1066.04      9.3805  7.2713e-01  7.4979e-01  7.6809e-01  6.4773e-01  7.0822e-01
  1064.54      9.3937  7.3759e-01  7.6037e-01  7.7871e-01  6.5825e-01  7.1968e-01
  1063.04      9.4070  7.4781e-01  7.7071e-01  7.8911e-01  6.6861e-01  7.3095e-01
  1061.54      9.4203  7.5767e-01  7.8070e-01  7.9917e-01  6.7853e-01  7.4183e-01
  1060.04      9.4336  7.6703e-01  7.9022e-01  8.0876e-01  6.8805e-01  7.5226e-01
  1058.54      9.4470  7.7579e-01  7.9913e-01  8.1777e-01  6.9684e-01  7.6190e-01
  1057.04      9.4604  7.8384e-01  8.0734e-01  8.2607e-01  7.0476e-01  7.7063e-01
  1055.54      9.4738  7.9108e-01  8.1475e-01  8.3358e-01  7.1199e-01  7.7865e-01
  1054.04      9.4873  7.9744e-01  8.2128e-01  8.4022e-01  7.1825e-01  7.8578e-01
  1052.54      9.5008  8.0285e-01  8.2686e-01  8.4593e-01  7.2365e-01  7.9205e-01
  1051.04      9.5144  8.0725e-01  8.3145e-01  8.5063e-01  7.2814e-01  7.9731e-01
  1049.54      9.5280  8.1057e-01  8.3496e-01  8.5426e-01  7.3141e-01  8.0128e-01
  1048.04      9.5416  8.1273e-01  8.3730e-01  8.5672e-01  7.3343e-01  8.0426e-01
  1046.54      9.5553  8.1369e-01  8.3843e-01  8.5796e-01  7.3398e-01  8.0582e-01
  1045.04      9.5690  8.1339e-01  8.3828e-01  8.5793e-01  7.3337e-01  8.0596e-01
  1043.54      9.5828  8.1182e-01  8.3687e-01  8.5662e-01  7.3177e-01  8.0485e-01
  1042.04      9.5966  8.0900e-01  8.3418e-01  8.5404e-01  7.2884e-01  8.0228e-01
  1040.54      9.6104  8.0493e-01  8.3023e-01  8.5019e-01  7.2467e-01  7.9856e-01
  1039.04      9.6243  7.9964e-01  8.2505e-01  8.4511e-01  7.1912e-01  7.9346e-01
  1037.54      9.6382  7.9315e-01  8.1866e-01  8.3881e-01  7.1235e-01  7.8693e-01
  1036.04      9.6521  7.8553e-01  8.1112e-01  8.3137e-01  7.0464e-01  7.7928e-01
  1034.54      9.6661  7.7684e-01  8.0252e-01  8.2285e-01  6.9594e-01  7.7042e-01
  1033.04      9.6802  7.6717e-01  7.9292e-01  8.1334e-01  6.8645e-01  7.6069e-01
  1031.54      9.6943  7.5661e-01  7.8242e-01  8.0293e-01  6.7614e-01  7.5019e-01
  1030.04      9.7084  7.4523e-01  7.7110e-01  7.9169e-01  6.6509e-01  7.3885e-01
  1028.54      9.7225  7.3316e-01  7.5905e-01  7.7972e-01  6.5354e-01  7.2683e-01
  1027.04      9.7367  7.2044e-01  7.4637e-01  7.6711e-01  6.4152e-01  7.1415e-01
  1025.54      9.7510  7.0721e-01  7.3315e-01  7.5394e-01  6.2918e-01  7.0099e-01
  1024.04      9.7653  6.9355e-01  7.1947e-01  7.4031e-01  6.1677e-01  6.8767e-01
  1022.54      9.7796  6.7959e-01  7.0544e-01  7.2633e-01  6.0424e-01  6.7416e-01
  1021.04      9.7940  6.6539e-01  6.9117e-01  7.1208e-01  5.9163e-01  6.6049e-01
  1019.54      9.8084  6.5109e-01  6.7674e-01  6.9764e-01  5.7908e-01  6.4678e-01
  1018.04      9.8228  6.3677e-01  6.6225e-01  6.8311e-01  5.6666e-01  6.3311e-01
  1016.54      9.8373  6.2251e-01  6.4777e-01  6.6857e-01  5.5453e-01  6.1981e-01
  1015.04      9.8519  6.0840e-01  6.3342e-01  6.5412e-01  5.4279e-01  6.0685e-01
  1013.54      9.8664  5.9451e-01  6.1923e-01  6.3981e-01  5.3132e-01  5.9404e-01
  1012.04      9.8811  5.8091e-01  6.0529e-01  6.2570e-01  5.2041e-01  5.8163e-01
  1010.54      9.8957  5.6766e-01  5.9165e-01  6.1186e-01  5.0996e-01  5.6972e-01
  1009.04      9.9104  5.5479e-01  5.7836e-01  5.9835e-01  4.9985e-01  5.5833e-01
  1007.54      9.9252  5.4234e-01  5.6549e-01  5.8522e-01  4.9013e-01  5.4743e-01
  1006.04      9.9400  5.3036e-01  5.5304e-01  5.7251e-01  4.8072e-01  5.3676e-01
  1004.54      9.9548  5.1885e-01  5.4108e-01  5.6028e-01  4.7183e-01  5.2654e-01
  1003.04      9.9697  5.0784e-01  5.2964e-01  5.4856e-01  4.6341e-01  5.1680e-01
  1001.54      9.9847  4.9735e-01  5.1872e-01  5.3740e-01  4.5537e-01  5.0748e-01
  1000.04      9.9996  4.8738e-01  5.0838e-01  5.2681e-01  4.4779e-01  4.9878e-01
   998.54     10.0147  4.7795e-01  4.9861e-01  5.1683e-01  4.4052e-01  4.9048e-01
   997.04     10.0297  4.6904e-01  4.8942e-01  5.0746e-01  4.3363e-01  4.8258e-01
   995.54     10.0448  4.6065e-01  4.8079e-01  4.9870e-01  4.2711e-01  4.7516e-01
   994.04     10.0600  4.5276e-01  4.7274e-01  4.9052e-01  4.2082e-01  4.6808e-01
   992.54     10.0752  4.4535e-01  4.6521e-01  4.8291e-01  4.1498e-01  4.6154e-01
   991.04     10.0905  4.3840e-01  4.5818e-01  4.7583e-01  4.0951e-01  4.5541e-01
   989.54     10.1057  4.3188e-01  4.5161e-01  4.6921e-01  4.0433e-01  4.4969e-01
   988.04     10.1211  4.2574e-01  4.4543e-01  4.6299e-01  3.9948e-01  4.4442e-01
   986.54     10.1365  4.1996e-01  4.3961e-01  4.5713e-01  3.9477e-01  4.3931e-01
   985.04     10.1519  4.1450e-01  4.3409e-01  4.5155e-01  3.9032e-01  4.3447e-01
   983.54     10.1674  4.0933e-01  4.2883e-01  4.4619e-01  3.8605e-01  4.2986e-01
   982.04     10.1829  4.0439e-01  4.2375e-01  4.4102e-01  3.8184e-01  4.2528e-01
   980.54     10.1985  3.9967e-01  4.1885e-01  4.3598e-01  3.7789e-01  4.2074e-01
   979.03     10.2141  3.9516e-01  4.1409e-01  4.3104e-01  3.7424e-01  4.1631e-01
   977.53     10.2298  3.9081e-01  4.0945e-01  4.2618e-01  3.7086e-01  4.1218e-01
   976.03     10.2455  3.8663e-01  4.0491e-01  4.2138e-01  3.6762e-01  4.0827e-01
   974.53     10.2613  3.8260e-01  4.0047e-01  4.1664e-01  3.6452e-01  4.0439e-01
   973.03     10.2771  3.7871e-01  3.9612e-01  4.1197e-01  3.6161e-01  4.0066e-01
   971.53     10.2930  3.7494e-01  3.9187e-01  4.0736e-01  3.5883e-01  3.9707e-01
   970.03     10.3089  3.7131e-01  3.8771e-01  4.0283e-01  3.5611e-01  3.9348e-01
   968.53     10.3249  3.6782e-01  3.8367e-01  3.9839e-01  3.5348e-01  3.8993e-01
   967.03     10.3409  3.6445e-01  3.7973e-01  3.9405e-01  3.5091e-01  3.8648e-01
   965.53     10.3570  3.6121e-01  3.7591e-01  3.8982e-01  3.4846e-01  3.8315e-01
   964.03     10.3731  3.5811e-01  3.7223e-01  3.8573e-01  3.4623e-01  3.7995e-01
   962.53     10.3892  3.5513e-01  3.6868e-01  3.8177e-01  3.4414e-01  3.7686e-01
   961.03     10.4055  3.5231e-01  3.6530e-01  3.7798e-01  3.4214e-01  3.7395e-01
   959.53     10.4217  3.4964e-01  3.6208e-01  3.7435e-01  3.4022e-01  3.7128e-01
   958.03     10.4381  3.4714e-01  3.5905e-01  3.7093e-01  3.3831e-01  3.6870e-01
   956.53     10.4544  3.4481e-01  3.5622e-01  3.6772e-01  3.3656e-01  3.6625e-01
   955.03     10.4708  3.4270e-01  3.5364e-01  3.6476e-01  3.3500e-01  3.6392e-01
   953.53     10.4873  3.4082e-01  3.5132e-01  3.6209e-01  3.3354e-01  3.6176e-01
   952.03     10.5038  3.3921e-01  3.4930e-01  3.5973e-01  3.3222e-01  3.5990e-01
   950.53     10.5204  3.3788e-01  3.4763e-01  3.5774e-01  3.3106e-01  3.5830e-01
   949.03     10.5370  3.3689e-01  3.4633e-01  3.5616e-01  3.3011e-01  3.5693e-01
   947.53     10.5537  3.3629e-01  3.4548e-01  3.5505e-01  3.2937e-01  3.5574e-01
   946.03     10.5705  3.3613e-01  3.4513e-01  3.5447e-01  3.2876e-01  3.5471e-01
   944.53     10.5872  3.3647e-01  3.4532e-01  3.5448e-01  3.2845e-01  3.5415e-01
   943.03     10.6041  3.3736e-01  3.4615e-01  3.5515e-01  3.2842e-01  3.5410e-01
   941.53     10.6210  3.3886e-01  3.4767e-01  3.5656e-01  3.2864e-01  3.5445e-01
   940.03     10.6379  3.4104e-01  3.4994e-01  3.5876e-01  3.2928e-01  3.5523e-01
   938.53     10.6549  3.4395e-01  3.5302e-01  3.6183e-01  3.3032e-01  3.5642e-01
   937.03     10.6720  3.4765e-01  3.5698e-01  3.6582e-01  3.3176e-01  3.5817e-01
   935.53     10.6891  3.5221e-01  3.6185e-01  3.7077e-01  3.3362e-01  3.6057e-01
   934.03     10.7063  3.5762e-01  3.6767e-01  3.7673e-01  3.3598e-01  3.6362e-01
   932.53     10.7235  3.6394e-01  3.7447e-01  3.8369e-01  3.3900e-01  3.6747e-01
   931.03     10.7408  3.7114e-01  3.8221e-01  3.9164e-01  3.4251e-01  3.7214e-01
   929.53     10.7581  3.7922e-01  3.9087e-01  4.0055e-01  3.4656e-01  3.7764e-01
   928.03     10.7755  3.8813e-01  4.0039e-01  4.1035e-01  3.5127e-01  3.8396e-01
   926.53     10.7929  3.9782e-01  4.1069e-01  4.2095e-01  3.5665e-01  3.9103e-01
   925.03     10.8104  4.0818e-01  4.2166e-01  4.3221e-01  3.6277e-01  3.9903e-01
   923.53     10.8280  4.1912e-01  4.3318e-01  4.4401e-01  3.6956e-01  4.0790e-01
   922.03     10.8456  4.3049e-01  4.4508e-01  4.5617e-01  3.7699e-01  4.1743e-01
   920.53     10.8633  4.4215e-01  4.5721e-01  4.6852e-01  3.8513e-01  4.2760e-01
   919.03     10.8810  4.5392e-01  4.6937e-01  4.8085e-01  3.9388e-01  4.3835e-01
   917.53     10.8988  4.6565e-01  4.8135e-01  4.9295e-01  4.0309e-01  4.4949e-01
   916.03     10.9167  4.7714e-01  4.9299e-01  5.0464e-01  4.1259e-01  4.6080e-01
   914.53     10.9346  4.8821e-01  5.0405e-01  5.1569e-01  4.2232e-01  4.7214e-01
   913.03     10.9525  4.9867e-01  5.1438e-01  5.2591e-01  4.3227e-01  4.8338e-01
   911.53     10.9706  5.0836e-01  5.2376e-01  5.3513e-01  4.4230e-01  4.9441e-01
   910.03     10.9887  5.1710e-01  5.3205e-01  5.4316e-01  4.5213e-01  5.0495e-01
   908.53     11.0068  5.2475e-01  5.3908e-01  5.4987e-01  4.6168e-01  5.1476e-01
   907.03     11.0250  5.3115e-01  5.4472e-01  5.5511e-01  4.7089e-01  5.2365e-01
   905.53     11.0433  5.3621e-01  5.4884e-01  5.5879e-01  4.7953e-01  5.3146e-01
   904.03     11.0616  5.3980e-01  5.5139e-01  5.6081e-01  4.8737e-01  5.3821e-01
   902.53     11.0800  5.4188e-01  5.5229e-01  5.6114e-01  4.9413e-01  5.4376e-01
   901.03     11.0984  5.4240e-01  5.5151e-01  5.5973e-01  4.9989e-01  5.4791e-01
   899.53     11.1169  5.4134e-01  5.4907e-01  5.5661e-01  5.0473e-01  5.5056e-01
   898.03     11.1355  5.3873e-01  5.4499e-01  5.5182e-01  5.0845e-01  5.5160e-01
   896.53     11.1541  5.3459e-01  5.3934e-01  5.4543e-01  5.1090e-01  5.5119e-01
   895.03     11.1728  5.2900e-01  5.3221e-01  5.3755e-01  5.1201e-01  5.4934e-01
   893.53     11.1916  5.2207e-01  5.2374e-01  5.2833e-01  5.1181e-01  5.4599e-01
   892.03     11.2104  5.1392e-01  5.1408e-01  5.1793e-01  5.1049e-01  5.4129e-01
   890.53     11.2293  5.0470e-01  5.0341e-01  5.0654e-01  5.0789e-01  5.3528e-01
   889.03     11.2482  4.9456e-01  4.9191e-01  4.9436e-01  5.0405e-01  5.2810e-01
   887.53     11.2672  4.8367e-01  4.7977e-01  4.8160e-01  4.9916e-01  5.1990e-01
   886.03     11.2863  4.7222e-01  4.6721e-01  4.6848e-01  4.9324e-01  5.1066e-01
   884.53     11.3055  4.6038e-01  4.5442e-01  4.5518e-01  4.8646e-01  5.0071e-01
   883.03     11.3247  4.4832e-01  4.4160e-01  4.4195e-01  4.7878e-01  4.9025e-01
   881.53     11.3439  4.3623e-01  4.2889e-01  4.2891e-01  4.7042e-01  4.7947e-01
   880.03     11.3633  4.2423e-01  4.1648e-01  4.1623e-01  4.6168e-01  4.6850e-01
   878.53     11.3827  4.1247e-01  4.0445e-01  4.0401e-01  4.5247e-01  4.5726e-01
   877.03     11.4022  4.0104e-01  3.9293e-01  3.9236e-01  4.4292e-01  4.4610e-01
   875.53     11.4217  3.9003e-01  3.8198e-01  3.8134e-01  4.3326e-01  4.3529e-01
   874.03     11.4413  3.7953e-01  3.7163e-01  3.7100e-01  4.2358e-01  4.2489e-01
   872.53     11.4610  3.6954e-01  3.6193e-01  3.6135e-01  4.1402e-01  4.1499e-01
   871.03     11.4807  3.6013e-01  3.5287e-01  3.5239e-01  4.0458e-01  4.0551e-01
   869.53     11.5005  3.5127e-01  3.4444e-01  3.4409e-01  3.9540e-01  3.9650e-01
   868.03     11.5204  3.4297e-01  3.3662e-01  3.3644e-01  3.8655e-01  3.8793e-01
   866.53     11.5403  3.3521e-01  3.2938e-01  3.2938e-01  3.7798e-01  3.7969e-01
   865.03     11.5603  3.2797e-01  3.2268e-01  3.2290e-01  3.6980e-01  3.7187e-01
   863.53     11.5804  3.2124e-01  3.1650e-01  3.1695e-01  3.6203e-01  3.6450e-01
   862.03     11.6006  3.1497e-01  3.1078e-01  3.1148e-01  3.5457e-01  3.5748e-01
   860.53     11.6208  3.0914e-01  3.0549e-01  3.0646e-01  3.4731e-01  3.5080e-01
   859.03     11.6411  3.0372e-01  3.0061e-01  3.0185e-01  3.4031e-01  3.4455e-01
   857.53     11.6615  2.9867e-01  2.9609e-01  2.9760e-01  3.3378e-01  3.3877e-01
   856.03     11.6819  2.9397e-01  2.9191e-01  2.9369e-01  3.2768e-01  3.3344e-01
   854.53     11.7024  2.8960e-01  2.8804e-01  2.9007e-01  3.2181e-01  3.2842e-01
   853.03     11.7230  2.8551e-01  2.8445e-01  2.8674e-01  3.1617e-01  3.2369e-01
   851.53     11.7436  2.8171e-01  2.8110e-01  2.8364e-01  3.1085e-01  3.1924e-01
   850.03     11.7644  2.7816e-01  2.7798e-01  2.8077e-01  3.0580e-01  3.1486e-01
   848.53     11.7852  2.7484e-01  2.7507e-01  2.7809e-01  3.0096e-01  3.1063e-01
   847.03     11.8060  2.7171e-01  2.7235e-01  2.7558e-01  2.9636e-01  3.0679e-01
   845.52     11.8270  2.6877e-01  2.6980e-01  2.7321e-01  2.9209e-01  3.0332e-01
   844.02     11.8480  2.6599e-01  2.6741e-01  2.7099e-01  2.8819e-01  3.0006e-01
   842.52     11.8691  2.6337e-01  2.6515e-01  2.6890e-01  2.8433e-01  2.9686e-01
   841.02     11.8903  2.6090e-01  2.6304e-01  2.6694e-01  2.8057e-01  2.9381e-01
   839.52     11.9115  2.5860e-01  2.6107e-01  2.6512e-01  2.7717e-01  2.9100e-01
   838.02     11.9328  2.5643e-01  2.5923e-01  2.6345e-01  2.7404e-01  2.8834e-01
   836.52     11.9542  2.5442e-01  2.5756e-01  2.6193e-01  2.7106e-01  2.8585e-01
   835.02     11.9757  2.5260e-01  2.5604e-01  2.6057e-01  2.6813e-01  2.8345e-01
   833.52     11.9973  2.5094e-01  2.5470e-01  2.5939e-01  2.6539e-01  2.8117e-01
   832.02     12.0189  2.4948e-01  2.5353e-01  2.5839e-01  2.6291e-01  2.7909e-01
   830.52     12.0406  2.4819e-01  2.5254e-01  2.5756e-01  2.6041e-01  2.7697e-01
   829.02     12.0624  2.4709e-01  2.5172e-01  2.5691e-01  2.5799e-01  2.7491e-01
   827.52     12.0842  2.4616e-01  2.5107e-01  2.5642e-01  2.5571e-01  2.7310e-01
   826.02     12.1062  2.4540e-01  2.5056e-01  2.5606e-01  2.5349e-01  2.7157e-01
   824.52     12.1282  2.4475e-01  2.5016e-01  2.5583e-01  2.5155e-01  2.7051e-01
   823.02     12.1503  2.4422e-01  2.4986e-01  2.5568e-01  2.4993e-01  2.6988e-01
   821.52     12.1725  2.4377e-01  2.4963e-01  2.5559e-01  2.4869e-01  2.6951e-01
   820.02     12.1948  2.4338e-01  2.4945e-01  2.5553e-01  2.4762e-01  2.6902e-01
   818.52     12.2171  2.4300e-01  2.4929e-01  2.5549e-01  2.4646e-01  2.6828e-01
   817.02     12.2396  2.4265e-01  2.4913e-01  2.5545e-01  2.4526e-01  2.6746e-01
   815.52     12.2621  2.4231e-01  2.4899e-01  2.5541e-01  2.4407e-01  2.6663e-01
   814.02     12.2847  2.4198e-01  2.4885e-01  2.5538e-01  2.4297e-01  2.6584e-01
   812.52     12.3074  2.4165e-01  2.4873e-01  2.5533e-01  2.4198e-01  2.6515e-01
   811.02     12.3301  2.4135e-01  2.4863e-01  2.5531e-01  2.4101e-01  2.6445e-01
   809.52     12.3530  2.4106e-01  2.4855e-01  2.5530e-01  2.4015e-01  2.6374e-01
   808.02     12.3759  2.4081e-01  2.4851e-01  2.5533e-01  2.3946e-01  2.6306e-01
   806.52     12.3989  2.4061e-01  2.4850e-01  2.5540e-01  2.3876e-01  2.6248e-01
   805.02     12.4220  2.4045e-01  2.4853e-01  2.5550e-01  2.3802e-01  2.6211e-01
   803.52     12.4452  2.4036e-01  2.4862e-01  2.5567e-01  2.3743e-01  2.6193e-01
   802.02     12.4685  2.4034e-01  2.4875e-01  2.5589e-01  2.3700e-01  2.6173e-01
   800.52     12.4919  2.4039e-01  2.4894e-01  2.5617e-01  2.3657e-01  2.6151e-01
   799.02     12.5153  2.4049e-01  2.4918e-01  2.5650e-01  2.3617e-01  2.6139e-01
   797.52     12.5388  2.4068e-01  2.4947e-01  2.5689e-01  2.3596e-01  2.6137e-01
   796.02     12.5625  2.4092e-01  2.4982e-01  2.5733e-01  2.3595e-01  2.6138e-01
   794.52     12.5862  2.4121e-01  2.5021e-01  2.5782e-01  2.3600e-01  2.6139e-01
   793.02     12.6100  2.4157e-01  2.5066e-01  2.5834e-01  2.3602e-01  2.6144e-01
   791.52     12.6339  2.4197e-01  2.5116e-01  2.5892e-01  2.3603e-01  2.6159e-01
   790.02     12.6579  2.4242e-01  2.5172e-01  2.5954e-01  2.3611e-01  2.6187e-01
   788.52     12.6820  2.4290e-01  2.5232e-01  2.6020e-01  2.3626e-01  2.6226e-01
   787.02     12.7061  2.4341e-01  2.5295e-01  2.6088e-01  2.3638e-01  2.6263e-01
   785.52     12.7304  2.4395e-01  2.5361e-01  2.6160e-01  2.3653e-01  2.6296e-01
   784.02     12.7548  2.4450e-01  2.5430e-01  2.6233e-01  2.3684e-01  2.6333e-01
   782.52     12.7792  2.4507e-01  2.5500e-01  2.6308e-01  2.3716e-01  2.6370e-01
   781.02     12.8038  2.4566e-01  2.5573e-01  2.6386e-01  2.3742e-01  2.6411e-01
   779.52     12.8284  2.4627e-01  2.5646e-01  2.6466e-01  2.3760e-01  2.6459e-01
   778.02     12.8531  2.4689e-01  2.5720e-01  2.6546e-01  2.3776e-01  2.6514e-01
   776.52     12.8780  2.4750e-01  2.5795e-01  2.6627e-01  2.3805e-01  2.6577e-01
   775.02     12.9029  2.4814e-01  2.5869e-01  2.6709e-01  2.3841e-01  2.6620e-01
   773.52     12.9279  2.4879e-01  2.5946e-01  2.6791e-01  2.3879e-01  2.6652e-01
   772.02     12.9530  2.4945e-01  2.6023e-01  2.6874e-01  2.3918e-01  2.6695e-01
   770.52     12.9783  2.5015e-01  2.6101e-01  2.6958e-01  2.3952e-01  2.6741e-01
   769.02     13.0036  2.5084e-01  2.6180e-01  2.7041e-01  2.3979e-01  2.6790e-01
   767.52     13.0290  2.5155e-01  2.6260e-01  2.7125e-01  2.4005e-01  2.6847e-01
   766.02     13.0545  2.5227e-01  2.6342e-01  2.7209e-01  2.4045e-01  2.6904e-01
   764.52     13.0801  2.5299e-01  2.6424e-01  2.7291e-01  2.4107e-01  2.6955e-01
   763.02     13.1058  2.5373e-01  2.6507e-01  2.7374e-01  2.4166e-01  2.7007e-01
   761.52     13.1317  2.5446e-01  2.6589e-01  2.7455e-01  2.4210e-01  2.7074e-01
   760.02     13.1576  2.5520e-01  2.6672e-01  2.7535e-01  2.4245e-01  2.7144e-01
   758.52     13.1836  2.5592e-01  2.6753e-01  2.7615e-01  2.4287e-01  2.7195e-01
   757.02     13.2097  2.5664e-01  2.6833e-01  2.7692e-01  2.4342e-01  2.7230e-01
   755.52     13.2359  2.5734e-01  2.6911e-01  2.7769e-01  2.4391e-01  2.7279e-01
   754.02     13.2623  2.5801e-01  2.6985e-01  2.7844e-01  2.4425e-01  2.7338e-01
   752.52     13.2887  2.5868e-01  2.7057e-01  2.7917e-01  2.4459e-01  2.7389e-01
   751.02     13.3153  2.5931e-01  2.7126e-01  2.7988e-01  2.4497e-01  2.7425e-01
   749.52     13.3419  2.5993e-01  2.7192e-01  2.8057e-01  2.4531e-01  2.7452e-01
   748.02     13.3687  2.6051e-01  2.7255e-01  2.8124e-01  2.4568e-01  2.7483e-01
   746.52     13.3955  2.6108e-01  2.7314e-01  2.8187e-01  2.4601e-01  2.7529e-01
   745.02     13.4225  2.6161e-01  2.7372e-01  2.8248e-01  2.4617e-01  2.7573e-01
   743.52     13.4496  2.6212e-01  2.7425e-01  2.8307e-01  2.4627e-01  2.7601e-01
   742.02     13.4768  2.6262e-01  2.7476e-01  2.8361e-01  2.4643e-01  2.7616e-01
   740.52     13.5041  2.6308e-01  2.7524e-01  2.8411e-01  2.4674e-01  2.7635e-01
   739.02     13.5315  2.6353e-01  2.7569e-01  2.8457e-01  2.4695e-01  2.7662e-01
   737.52     13.5590  2.6395e-01  2.7612e-01  2.8501e-01  2.4701e-01  2.7682e-01
   736.02     13.5866  2.6435e-01  2.7653e-01  2.8542e-01  2.4721e-01  2.7690e-01
   734.52     13.6144  2.6475e-01  2.7692e-01  2.8580e-01  2.4748e-01  2.7699e-01
   733.02     13.6423  2.6512e-01  2.7730e-01  2.8613e-01  2.4770e-01  2.7717e-01
   731.52     13.6702  2.6546e-01  2.7764e-01  2.8644e-01  2.4786e-01  2.7742e-01
   730.02     13.6983  2.6578e-01  2.7796e-01  2.8671e-01  2.4798e-01  2.7765e-01
   728.52     13.7265  2.6607e-01  2.7825e-01  2.8696e-01  2.4814e-01  2.7785e-01
   727.02     13.7549  2.6634e-01  2.7853e-01  2.8718e-01  2.4831e-01  2.7792e-01
   725.52     13.7833  2.6659e-01  2.7880e-01  2.8740e-01  2.4843e-01  2.7788e-01
   724.02     13.8119  2.6684e-01  2.7905e-01  2.8759e-01  2.4857e-01  2.7800e-01
   722.52     13.8405  2.6706e-01  2.7928e-01  2.8776e-01  2.4866e-01  2.7817e-01
   721.02     13.8693  2.6727e-01  2.7949e-01  2.8792e-01  2.4875e-01  2.7818e-01
   719.52     13.8982  2.6746e-01  2.7969e-01  2.8806e-01  2.4894e-01  2.7813e-01
   718.02     13.9273  2.6766e-01  2.7989e-01  2.8822e-01  2.4925e-01  2.7828e-01
   716.52     13.9564  2.6788e-01  2.8011e-01  2.8841e-01  2.4963e-01  2.7858e-01
   715.02     13.9857  2.6814e-01  2.8035e-01  2.8862e-01  2.5000e-01  2.7887e-01
   713.52     14.0151  2.6843e-01  2.8062e-01  2.8887e-01  2.5031e-01  2.7921e-01
   712.02     14.0446  2.6877e-01  2.8091e-01  2.8914e-01  2.5056e-01  2.7957e-01
   710.51     14.0743  2.6915e-01  2.8124e-01  2.8945e-01  2.5083e-01  2.7983e-01
   709.01     14.1041  2.6959e-01  2.8160e-01  2.8979e-01  2.5117e-01  2.8006e-01
   707.51     14.1340  2.7009e-01  2.8200e-01  2.9018e-01  2.5154e-01  2.8033e-01
   706.01     14.1640  2.7063e-01  2.8245e-01  2.9062e-01  2.5198e-01  2.8066e-01
   704.51     14.1942  2.7124e-01  2.8293e-01  2.9110e-01  2.5256e-01  2.8111e-01
   703.01     14.2245  2.7190e-01  2.8344e-01  2.9161e-01  2.5319e-01  2.8167e-01
   701.51     14.2549  2.7260e-01  2.8400e-01  2.9215e-01  2.5384e-01  2.8245e-01
   700.01     14.2854  2.7333e-01  2.8458e-01  2.9271e-01  2.5448e-01  2.8342e-01
   698.51     14.3161  2.7409e-01  2.8520e-01  2.9330e-01  2.5520e-01  2.8426e-01
   697.01     14.3469  2.7488e-01  2.8585e-01  2.9393e-01  2.5606e-01  2.8487e-01
   695.51     14.3779  2.7569e-01  2.8654e-01  2.9459e-01  2.5688e-01  2.8552e-01
   694.01     14.4089  2.7653e-01  2.8727e-01  2.9528e-01  2.5761e-01  2.8636e-01
   692.51     14.4402  2.7738e-01  2.8804e-01  2.9601e-01  2.5851e-01  2.8714e-01
   691.01     14.4715  2.7824e-01  2.8885e-01  2.9676e-01  2.5950e-01  2.8776e-01
   689.51     14.5030  2.7911e-01  2.8968e-01  2.9755e-01  2.6030e-01  2.8854e-01
   688.01     14.5346  2.8000e-01  2.9055e-01  2.9836e-01  2.6111e-01  2.8967e-01
   686.51     14.5664  2.8090e-01  2.9144e-01  2.9920e-01  2.6217e-01  2.9109e-01
   685.01     14.5983  2.8185e-01  2.9237e-01  3.0011e-01  2.6349e-01  2.9267e-01
   683.51     14.6303  2.8284e-01  2.9337e-01  3.0109e-01  2.6495e-01  2.9411e-01
   682.01     14.6625  2.8387e-01  2.9441e-01  3.0213e-01  2.6632e-01  2.9526e-01
   680.51     14.6948  2.8489e-01  2.9545e-01  3.0317e-01  2.6765e-01  2.9652e-01
   679.01     14.7273  2.8590e-01  2.9647e-01  3.0418e-01  2.6898e-01  2.9794e-01
   677.51     14.7599  2.8692e-01  2.9749e-01  3.0518e-01  2.7023e-01  2.9912e-01
   676.01     14.7926  2.8795e-01  2.9849e-01  3.0619e-01  2.7146e-01  3.0027e-01
   674.51     14.8255  2.8904e-01  2.9956e-01  3.0723e-01  2.7270e-01  3.0177e-01
   673.01     14.8586  2.9016e-01  3.0067e-01  3.0832e-01  2.7407e-01  3.0369e-01
   671.51     14.8918  2.9131e-01  3.0180e-01  3.0943e-01  2.7573e-01  3.0580e-01
   670.01     14.9251  2.9248e-01  3.0297e-01  3.1053e-01  2.7732e-01  3.0734e-01
   668.51     14.9586  2.9363e-01  3.0410e-01  3.1161e-01  2.7844e-01  3.0781e-01
   667.01     14.9922  2.9486e-01  3.0529e-01  3.1273e-01  2.8005e-01  3.0895e-01
   665.51     15.0260  2.9623e-01  3.0664e-01  3.1402e-01  2.8255e-01  3.1167e-01
   664.01     15.0600  2.9777e-01  3.0818e-01  3.1550e-01  2.8474e-01  3.1431e-01
   662.51     15.0941  2.9946e-01  3.0988e-01  3.1717e-01  2.8648e-01  3.1645e-01
   661.01     15.1283  3.0129e-01  3.1172e-01  3.1898e-01  2.8824e-01  3.1851e-01
   659.51     15.1627  3.0322e-01  3.1368e-01  3.2092e-01  2.9003e-01  3.2071e-01
   658.01     15.1973  3.0530e-01  3.1577e-01  3.2302e-01  2.9197e-01  3.2305e-01
   656.51     15.2320  3.0753e-01  3.1802e-01  3.2528e-01  2.9437e-01  3.2553e-01
   655.01     15.2669  3.0994e-01  3.2046e-01  3.2776e-01  2.9693e-01  3.2807e-01
   653.51     15.3020  3.1256e-01  3.2312e-01  3.3047e-01  2.9955e-01  3.3066e-01
   652.01     15.3372  3.1535e-01  3.2597e-01  3.3338e-01  3.0242e-01  3.3350e-01
   650.51     15.3725  3.1831e-01  3.2899e-01  3.3646e-01  3.0546e-01  3.3681e-01
   649.01     15.4081  3.2146e-01  3.3220e-01  3.3976e-01  3.0853e-01  3.4040e-01
   647.51     15.4438  3.2485e-01  3.3566e-01  3.4331e-01  3.1168e-01  3.4382e-01
   646.01     15.4796  3.2852e-01  3.3941e-01  3.4715e-01  3.1494e-01  3.4723e-01
   644.51     15.5157  3.3250e-01  3.4347e-01  3.5132e-01  3.1846e-01  3.5112e-01
   643.01     15.5519  3.3681e-01  3.4789e-01  3.5585e-01  3.2231e-01  3.5538e-01
   641.51     15.5882  3.4149e-01  3.5269e-01  3.6078e-01  3.2642e-01  3.5975e-01
   640.01     15.6248  3.4656e-01  3.5793e-01  3.6614e-01  3.3071e-01  3.6444e-01
   638.51     15.6615  3.5204e-01  3.6360e-01  3.7196e-01  3.3525e-01  3.6971e-01
   637.01     15.6984  3.5799e-01  3.6976e-01  3.7827e-01  3.4025e-01  3.7540e-01
   635.51     15.7354  3.6439e-01  3.7639e-01  3.8508e-01  3.4579e-01  3.8134e-01
   634.01     15.7726  3.7127e-01  3.8355e-01  3.9241e-01  3.5159e-01  3.8765e-01
   632.51     15.8100  3.7864e-01  3.9124e-01  4.0028e-01  3.5766e-01  3.9466e-01
   631.01     15.8476  3.8651e-01  3.9948e-01  4.0874e-01  3.6416e-01  4.0220e-01
   629.51     15.8854  3.9489e-01  4.0827e-01  4.1776e-01  3.7110e-01  4.1003e-01
   628.01     15.9233  4.0375e-01  4.1759e-01  4.2733e-01  3.7859e-01  4.1835e-01
   626.51     15.9615  4.1308e-01  4.2737e-01  4.3740e-01  3.8660e-01  4.2741e-01
   625.01     15.9998  4.2282e-01  4.3757e-01  4.4791e-01  3.9500e-01  4.3701e-01
   623.51     16.0383  4.3293e-01  4.4814e-01  4.5881e-01  4.0380e-01  4.4697e-01
   622.01     16.0770  4.4336e-01  4.5904e-01  4.7006e-01  4.1294e-01  4.5734e-01
   620.51     16.1158  4.5407e-01  4.7021e-01  4.8158e-01  4.2259e-01  4.6844e-01
   619.01     16.1549  4.6498e-01  4.8159e-01  4.9330e-01  4.3261e-01  4.7992e-01
   617.51     16.1941  4.7604e-01  4.9307e-01  5.0512e-01  4.4274e-01  4.9135e-01
   616.01     16.2336  4.8717e-01  5.0459e-01  5.1698e-01  4.5301e-01  5.0291e-01
   614.51     16.2732  4.9837e-01  5.1613e-01  5.2882e-01  4.6331e-01  5.1426e-01
   613.01     16.3130  5.0960e-01  5.2766e-01  5.4062e-01  4.7406e-01  5.2585e-01
   611.51     16.3530  5.2085e-01  5.3918e-01  5.5237e-01  4.8512e-01  5.3785e-01
   610.01     16.3932  5.3208e-01  5.5068e-01  5.6404e-01  4.9588e-01  5.4947e-01
   608.51     16.4337  5.4334e-01  5.6214e-01  5.7564e-01  5.0709e-01  5.6100e-01
   607.01     16.4743  5.5462e-01  5.7361e-01  5.8719e-01  5.1879e-01  5.7257e-01
   605.51     16.5151  5.6597e-01  5.8509e-01  5.9872e-01  5.3051e-01  5.8427e-01
   604.01     16.5561  5.7740e-01  5.9661e-01  6.1023e-01  5.4204e-01  5.9613e-01
   602.51     16.5973  5.8893e-01  6.0818e-01  6.2175e-01  5.5328e-01  6.0771e-01
   601.01     16.6388  6.0056e-01  6.1979e-01  6.3327e-01  5.6485e-01  6.1946e-01
   599.51     16.6804  6.1231e-01  6.3142e-01  6.4480e-01  5.7691e-01  6.3146e-01
   598.01     16.7222  6.2418e-01  6.4311e-01  6.5632e-01  5.8913e-01  6.4344e-01
   596.51     16.7643  6.3616e-01  6.5483e-01  6.6788e-01  6.0159e-01  6.5592e-01
   595.01     16.8065  6.4827e-01  6.6659e-01  6.7944e-01  6.1431e-01  6.6870e-01
   593.51     16.8490  6.6044e-01  6.7834e-01  6.9097e-01  6.2753e-01  6.8164e-01
   592.01     16.8917  6.7260e-01  6.9000e-01  7.0238e-01  6.4114e-01  6.9504e-01
   590.51     16.9346  6.8464e-01  7.0146e-01  7.1360e-01  6.5447e-01  7.0836e-01
   589.01     16.9778  6.9644e-01  7.1264e-01  7.2456e-01  6.6772e-01  7.2115e-01
   587.51     17.0211  7.0781e-01  7.2342e-01  7.3511e-01  6.8126e-01  7.3364e-01
   586.01     17.0647  7.1852e-01  7.3355e-01  7.4502e-01  6.9410e-01  7.4571e-01
   584.51     17.1085  7.2830e-01  7.4280e-01  7.5407e-01  7.0568e-01  7.5736e-01
   583.01     17.1525  7.3678e-01  7.5080e-01  7.6189e-01  7.1631e-01  7.6840e-01
   581.51     17.1967  7.4356e-01  7.5716e-01  7.6810e-01  7.2536e-01  7.7761e-01
   580.01     17.2412  7.4819e-01  7.6143e-01  7.7224e-01  7.3223e-01  7.8468e-01
   578.51     17.2859  7.5023e-01  7.6318e-01  7.7385e-01  7.3581e-01  7.8882e-01
   577.00     17.3309  7.4932e-01  7.6200e-01  7.7252e-01  7.3589e-01  7.8945e-01
   575.50     17.3760  7.4516e-01  7.5756e-01  7.6790e-01  7.3275e-01  7.8648e-01
   574.00     17.4215  7.3753e-01  7.4962e-01  7.5972e-01  7.2445e-01  7.7796e-01
   572.50     17.4671  7.2643e-01  7.3809e-01  7.4791e-01  7.1127e-01  7.6412e-01
   571.00     17.5130  7.1192e-01  7.2306e-01  7.3253e-01  6.9393e-01  7.4559e-01
   569.50     17.5591  6.9428e-01  7.0473e-01  7.1378e-01  6.7261e-01  7.2183e-01
   568.00     17.6055  6.7388e-01  6.8350e-01  6.9203e-01  6.4926e-01  6.9486e-01
   566.50     17.6521  6.5130e-01  6.5996e-01  6.6789e-01  6.2431e-01  6.6569e-01
   565.00     17.6990  6.2719e-01  6.3478e-01  6.4205e-01  5.9923e-01  6.3598e-01
   563.50     17.7461  6.0226e-01  6.0868e-01  6.1526e-01  5.7555e-01  6.0751e-01
   562.00     17.7935  5.7717e-01  5.8242e-01  5.8831e-01  5.5263e-01  5.8022e-01
   560.50     17.8411  5.5253e-01  5.5662e-01  5.6182e-01  5.3161e-01  5.5586e-01
   559.00     17.8890  5.2887e-01  5.3186e-01  5.3640e-01  5.1271e-01  5.3436e-01
   557.50     17.9371  5.0655e-01  5.0854e-01  5.1246e-01  4.9575e-01  5.1554e-01
   556.00     17.9855  4.8588e-01  4.8700e-01  4.9035e-01  4.8064e-01  4.9931e-01
   554.50     18.0342  4.6703e-01  4.6743e-01  4.7030e-01  4.6680e-01  4.8447e-01
   553.00     18.0831  4.5008e-01  4.4988e-01  4.5238e-01  4.5500e-01  4.7140e-01
   551.50     18.1323  4.3498e-01  4.3434e-01  4.3655e-01  4.4487e-01  4.6003e-01
   550.00     18.1817  4.2162e-01  4.2067e-01  4.2264e-01  4.3583e-01  4.4987e-01
   548.50     18.2314  4.0986e-01  4.0868e-01  4.1046e-01  4.2819e-01  4.4121e-01
   547.00     18.2814  3.9952e-01  3.9819e-01  3.9985e-01  4.2117e-01  4.3381e-01
   545.50     18.3317  3.9044e-01  3.8901e-01  3.9059e-01  4.1449e-01  4.2759e-01
   544.00     18.3823  3.8247e-01  3.8101e-01  3.8254e-01  4.0845e-01  4.2209e-01
   542.50     18.4331  3.7550e-01  3.7405e-01  3.7556e-01  4.0317e-01  4.1673e-01
   541.00     18.4842  3.6941e-01  3.6803e-01  3.6950e-01  3.9861e-01  4.1183e-01
   539.50     18.5356  3.6411e-01  3.6279e-01  3.6423e-01  3.9450e-01  4.0762e-01
   538.00     18.5873  3.5945e-01  3.5821e-01  3.5963e-01  3.9095e-01  4.0402e-01
   536.50     18.6393  3.5534e-01  3.5418e-01  3.5556e-01  3.8818e-01  4.0079e-01
   535.00     18.6915  3.5171e-01  3.5062e-01  3.5199e-01  3.8561e-01  3.9772e-01
   533.50     18.7441  3.4853e-01  3.4751e-01  3.4886e-01  3.8284e-01  3.9507e-01
   532.00     18.7969  3.4573e-01  3.4480e-01  3.4615e-01  3.8047e-01  3.9298e-01
   530.50     18.8501  3.4326e-01  3.4239e-01  3.4375e-01  3.7846e-01  3.9098e-01
   529.00     18.9035  3.4102e-01  3.4021e-01  3.4158e-01  3.7647e-01  3.8919e-01
   527.50     18.9573  3.3895e-01  3.3817e-01  3.3956e-01  3.7480e-01  3.8769e-01
   526.00     19.0114  3.3700e-01  3.3622e-01  3.3764e-01  3.7322e-01  3.8559e-01
   524.50     19.0657  3.3515e-01  3.3436e-01  3.3583e-01  3.7179e-01  3.8329e-01
   523.00     19.1204  3.3349e-01  3.3268e-01  3.3419e-01  3.7055e-01  3.8175e-01
   521.50     19.1754  3.3199e-01  3.3116e-01  3.3274e-01  3.6932e-01  3.8089e-01
   520.00     19.2307  3.3063e-01  3.2977e-01  3.3141e-01  3.6819e-01  3.8031e-01
   518.50     19.2864  3.2935e-01  3.2846e-01  3.3014e-01  3.6690e-01  3.7914e-01
   517.00     19.3423  3.2817e-01  3.2724e-01  3.2896e-01  3.6571e-01  3.7759e-01
   515.50     19.3986  3.2713e-01  3.2616e-01  3.2790e-01  3.6503e-01  3.7664e-01
   514.00     19.4552  3.2625e-01  3.2526e-01  3.2702e-01  3.6447e-01  3.7592e-01
   512.50     19.5122  3.2555e-01  3.2455e-01  3.2632e-01  3.6396e-01  3.7520e-01
   511.00     19.5695  3.2500e-01  3.2400e-01  3.2578e-01  3.6353e-01  3.7460e-01
   509.50     19.6271  3.2459e-01  3.2361e-01  3.2537e-01  3.6355e-01  3.7456e-01
   508.00     19.6850  3.2428e-01  3.2332e-01  3.2507e-01  3.6408e-01  3.7513e-01
   506.50     19.7433  3.2409e-01  3.2317e-01  3.2487e-01  3.6412e-01  3.7525e-01
   505.00     19.8020  3.2404e-01  3.2316e-01  3.2482e-01  3.6411e-01  3.7523e-01
   503.50     19.8610  3.2412e-01  3.2332e-01  3.2493e-01  3.6429e-01  3.7518e-01
   502.00     19.9203  3.2433e-01  3.2360e-01  3.2517e-01  3.6428e-01  3.7493e-01
   500.50     19.9801  3.2468e-01  3.2405e-01  3.2556e-01  3.6465e-01  3.7515e-01
   499.00     20.0401  3.2523e-01  3.2469e-01  3.2616e-01  3.6515e-01  3.7576e-01
   497.50     20.1005  3.2603e-01  3.2555e-01  3.2701e-01  3.6584e-01  3.7663e-01
   496.00     20.1613  3.2703e-01  3.2662e-01  3.2807e-01  3.6675e-01  3.7770e-01
   494.50     20.2225  3.2822e-01  3.2788e-01  3.2933e-01  3.6753e-01  3.7857e-01
   493.00     20.2840  3.2959e-01  3.2936e-01  3.3080e-01  3.6850e-01  3.7960e-01
   491.50     20.3459  3.3116e-01  3.3103e-01  3.3249e-01  3.6965e-01  3.8109e-01
   490.00     20.4082  3.3297e-01  3.3295e-01  3.3444e-01  3.7083e-01  3.8278e-01
   488.50     20.4709  3.3507e-01  3.3515e-01  3.3667e-01  3.7226e-01  3.8416e-01
   487.00     20.5340  3.3746e-01  3.3767e-01  3.3925e-01  3.7389e-01  3.8533e-01
   485.50     20.5974  3.4010e-01  3.4047e-01  3.4209e-01  3.7576e-01  3.8693e-01
   484.00     20.6612  3.4293e-01  3.4347e-01  3.4516e-01  3.7799e-01  3.8904e-01
   482.50     20.7255  3.4594e-01  3.4668e-01  3.4844e-01  3.8040e-01  3.9152e-01
   481.00     20.7901  3.4918e-01  3.5014e-01  3.5200e-01  3.8266e-01  3.9443e-01
   479.50     20.8552  3.5268e-01  3.5389e-01  3.5589e-01  3.8490e-01  3.9743e-01
   478.00     20.9206  3.5645e-01  3.5791e-01  3.6009e-01  3.8747e-01  4.0034e-01
   476.50     20.9865  3.6048e-01  3.6220e-01  3.6459e-01  3.9054e-01  4.0352e-01
   475.00     21.0527  3.6476e-01  3.6672e-01  3.6939e-01  3.9363e-01  4.0729e-01
   473.50     21.1194  3.6926e-01  3.7147e-01  3.7446e-01  3.9647e-01  4.1137e-01
   472.00     21.1866  3.7399e-01  3.7646e-01  3.7980e-01  3.9969e-01  4.1521e-01
   470.50     21.2541  3.7900e-01  3.8174e-01  3.8542e-01  4.0310e-01  4.1853e-01
   469.00     21.3221  3.8427e-01  3.8731e-01  3.9136e-01  4.0661e-01  4.2256e-01
   467.50     21.3905  3.8974e-01  3.9312e-01  3.9751e-01  4.1085e-01  4.2799e-01
   466.00     21.4594  3.9539e-01  3.9912e-01  4.0387e-01  4.1575e-01  4.3372e-01
   464.50     21.5287  4.0116e-01  4.0524e-01  4.1037e-01  4.2100e-01  4.3948e-01
   463.00     21.5984  4.0699e-01  4.1144e-01  4.1695e-01  4.2576e-01  4.4528e-01
   461.50     21.6686  4.1284e-01  4.1768e-01  4.2353e-01  4.2972e-01  4.5063e-01
   460.00     21.7393  4.1858e-01  4.2386e-01  4.3002e-01  4.3401e-01  4.5600e-01
   458.50     21.8104  4.2408e-01  4.2986e-01  4.3632e-01  4.3867e-01  4.6130e-01
   457.00     21.8820  4.2924e-01  4.3556e-01  4.4232e-01  4.4379e-01  4.6675e-01
   455.50     21.9541  4.3406e-01  4.4088e-01  4.4798e-01  4.4895e-01  4.7202e-01
   454.00     22.0266  4.3857e-01  4.4587e-01  4.5327e-01  4.5279e-01  4.7598e-01
   452.50     22.0997  4.4270e-01  4.5048e-01  4.5814e-01  4.5640e-01  4.8001e-01
   451.00     22.1732  4.4641e-01  4.5462e-01  4.6249e-01  4.5952e-01  4.8449e-01
   449.50     22.2472  4.4962e-01  4.5824e-01  4.6628e-01  4.6195e-01  4.8936e-01
   448.00     22.3217  4.5223e-01  4.6127e-01  4.6945e-01  4.6404e-01  4.9359e-01
   446.50     22.3967  4.5423e-01  4.6364e-01  4.7197e-01  4.6503e-01  4.9510e-01
   445.00     22.4722  4.5565e-01  4.6530e-01  4.7381e-01  4.6693e-01  4.9635e-01
   443.49     22.5482  4.5653e-01  4.6631e-01  4.7498e-01  4.6926e-01  4.9825e-01
   441.99     22.6247  4.5686e-01  4.6667e-01  4.7551e-01  4.6871e-01  4.9873e-01
   440.49     22.7017  4.5654e-01  4.6636e-01  4.7539e-01  4.6658e-01  4.9825e-01
   438.99     22.7793  4.5559e-01  4.6538e-01  4.7467e-01  4.6621e-01  4.9713e-01
   437.49     22.8574  4.5406e-01  4.6380e-01  4.7345e-01  4.6798e-01  4.9549e-01
   435.99     22.9361  4.5208e-01  4.6171e-01  4.7174e-01  4.6984e-01  4.9350e-01
   434.49     23.0153  4.4971e-01  4.5920e-01  4.6963e-01  4.7125e-01  4.9098e-01
   432.99     23.0950  4.4708e-01  4.5639e-01  4.6721e-01  4.7209e-01  4.8902e-01
   431.49     23.1753  4.4427e-01  4.5341e-01  4.6458e-01  4.7198e-01  4.8728e-01
   429.99     23.2561  4.4137e-01  4.5037e-01  4.6185e-01  4.7130e-01  4.8546e-01
   428.49     23.3376  4.3848e-01  4.4738e-01  4.5910e-01  4.7082e-01  4.8434e-01
   426.99     23.4195  4.3567e-01  4.4447e-01  4.5634e-01  4.7009e-01  4.8273e-01
   425.49     23.5021  4.3296e-01  4.4167e-01  4.5361e-01  4.6868e-01  4.8035e-01
   423.99     23.5853  4.3038e-01  4.3899e-01  4.5092e-01  4.6722e-01  4.7923e-01
   422.49     23.6690  4.2791e-01  4.3644e-01  4.4827e-01  4.6570e-01  4.7891e-01
   420.99     23.7533  4.2553e-01  4.3398e-01  4.4569e-01  4.6358e-01  4.7742e-01
   419.49     23.8383  4.2327e-01  4.3165e-01  4.4320e-01  4.6145e-01  4.7474e-01
   417.99     23.9238  4.2109e-01  4.2940e-01  4.4077e-01  4.5986e-01  4.7102e-01
   416.49     24.0100  4.1889e-01  4.2713e-01  4.3832e-01  4.5824e-01  4.6992e-01
   414.99     24.0968  4.1656e-01  4.2473e-01  4.3574e-01  4.5613e-01  4.6952e-01
   413.49     24.1842  4.1407e-01  4.2218e-01  4.3301e-01  4.5352e-01  4.6692e-01
   411.99     24.2723  4.1141e-01  4.1945e-01  4.3014e-01  4.5043e-01  4.6401e-01
   410.49     24.3610  4.0862e-01  4.1658e-01  4.2713e-01  4.4728e-01  4.6100e-01
   408.99     24.4503  4.0572e-01  4.1360e-01  4.2402e-01  4.4435e-01  4.5819e-01
   407.49     24.5403  4.0275e-01  4.1056e-01  4.2084e-01  4.4133e-01  4.5527e-01
   405.99     24.6310  3.9972e-01  4.0746e-01  4.1762e-01  4.3814e-01  4.5213e-01
   404.49     24.7224  3.9667e-01  4.0434e-01  4.1436e-01  4.3507e-01  4.4912e-01
   402.99     24.8144  3.9366e-01  4.0124e-01  4.1113e-01  4.3218e-01  4.4628e-01
   401.49     24.9071  3.9074e-01  3.9825e-01  4.0803e-01  4.2922e-01  4.4336e-01
   399.99     25.0005  3.8800e-01  3.9543e-01  4.0510e-01  4.2618e-01  4.4033e-01
