  Data: Real and imaginary indices of H2SO4/H2O droplets 
   0.38, 0.38 Weight percent H2SO4
   223,  213 K
  
  Reference: Myhre, C. E. Lund, D. H. Christensen, F. M. Nicolaisen,
  and C. J. Nielsen, Spectroscopic Study of Aqueous H2SO4 at Different
  Temperatures and Compositions: Variations in Dissociation and 
  Optical Properties, J. Phys. Chem., volume 107, pgs. 1979-1991, 2005.
  
  Email contact person: C. E. Lund Myhre (e.c.lund@iakh.uio.no.)
  
  Format: 4733 real indices (2x,f7.2,2x,f10.4,5(2x,f7.5))
          4733 imaginary indices (2x,f7.2,2x,f10.4,5(1x,e11.4))
  
  cm-1        microns   rnw38t223, rnw38t213 
  7498.52      1.3336  1.38849  1.39033
  7497.02      1.3339  1.38855  1.39039
  7495.52      1.3341  1.38863  1.39047
  7494.02      1.3344  1.38869  1.39053
  7492.52      1.3347  1.38874  1.39058
  7491.02      1.3349  1.38879  1.39063
  7489.52      1.3352  1.38883  1.39067
  7488.02      1.3355  1.38884  1.39070
  7486.52      1.3357  1.38886  1.39070
  7485.02      1.3360  1.38886  1.39070
  7483.52      1.3363  1.38885  1.39070
  7482.02      1.3365  1.38884  1.39068
  7480.52      1.3368  1.38883  1.39067
  7479.02      1.3371  1.38881  1.39065
  7477.52      1.3373  1.38880  1.39064
  7476.02      1.3376  1.38879  1.39063
  7474.52      1.3379  1.38879  1.39063
  7473.02      1.3381  1.38880  1.39065
  7471.52      1.3384  1.38882  1.39066
  7470.02      1.3387  1.38885  1.39070
  7468.52      1.3390  1.38889  1.39073
  7467.02      1.3392  1.38893  1.39077
  7465.52      1.3395  1.38897  1.39081
  7464.02      1.3398  1.38900  1.39085
  7462.52      1.3400  1.38903  1.39087
  7461.02      1.3403  1.38903  1.39088
  7459.52      1.3406  1.38903  1.39087
  7458.02      1.3408  1.38901  1.39086
  7456.52      1.3411  1.38899  1.39083
  7455.02      1.3414  1.38895  1.39080
  7453.52      1.3416  1.38892  1.39076
  7452.02      1.3419  1.38888  1.39072
  7450.52      1.3422  1.38883  1.39067
  7449.02      1.3425  1.38879  1.39063
  7447.52      1.3427  1.38875  1.39060
  7446.02      1.3430  1.38873  1.39057
  7444.52      1.3433  1.38870  1.39055
  7443.02      1.3435  1.38869  1.39053
  7441.52      1.3438  1.38866  1.39050
  7440.02      1.3441  1.38865  1.39049
  7438.52      1.3444  1.38863  1.39047
  7437.02      1.3446  1.38862  1.39047
  7435.52      1.3449  1.38863  1.39047
  7434.02      1.3452  1.38863  1.39047
  7432.52      1.3454  1.38865  1.39049
  7431.02      1.3457  1.38866  1.39050
  7429.52      1.3460  1.38866  1.39051
  7428.02      1.3463  1.38866  1.39050
  7426.52      1.3465  1.38866  1.39050
  7425.02      1.3468  1.38864  1.39048
  7423.52      1.3471  1.38862  1.39046
  7422.02      1.3473  1.38859  1.39043
  7420.52      1.3476  1.38856  1.39040
  7419.02      1.3479  1.38853  1.39037
  7417.51      1.3482  1.38849  1.39034
  7416.01      1.3484  1.38847  1.39032
  7414.51      1.3487  1.38847  1.39031
  7413.01      1.3490  1.38847  1.39032
  7411.51      1.3493  1.38850  1.39034
  7410.01      1.3495  1.38852  1.39036
  7408.51      1.3498  1.38854  1.39039
  7407.01      1.3501  1.38857  1.39040
  7405.51      1.3503  1.38858  1.39042
  7404.01      1.3506  1.38860  1.39044
  7402.51      1.3509  1.38861  1.39045
  7401.01      1.3512  1.38860  1.39045
  7399.51      1.3514  1.38859  1.39043
  7398.01      1.3517  1.38855  1.39041
  7396.51      1.3520  1.38852  1.39036
  7395.01      1.3523  1.38848  1.39033
  7393.51      1.3525  1.38845  1.39029
  7392.01      1.3528  1.38842  1.39026
  7390.51      1.3531  1.38839  1.39023
  7389.01      1.3534  1.38836  1.39020
  7387.51      1.3536  1.38833  1.39017
  7386.01      1.3539  1.38830  1.39014
  7384.51      1.3542  1.38827  1.39011
  7383.01      1.3545  1.38825  1.39009
  7381.51      1.3547  1.38823  1.39007
  7380.01      1.3550  1.38822  1.39006
  7378.51      1.3553  1.38820  1.39004
  7377.01      1.3556  1.38817  1.39001
  7375.51      1.3558  1.38815  1.38999
  7374.01      1.3561  1.38814  1.38998
  7372.51      1.3564  1.38814  1.38998
  7371.01      1.3567  1.38815  1.38999
  7369.51      1.3569  1.38816  1.39000
  7368.01      1.3572  1.38816  1.39000
  7366.51      1.3575  1.38815  1.38999
  7365.01      1.3578  1.38815  1.38999
  7363.51      1.3580  1.38816  1.39000
  7362.01      1.3583  1.38816  1.39000
  7360.51      1.3586  1.38816  1.39000
  7359.01      1.3589  1.38816  1.39000
  7357.51      1.3592  1.38816  1.39000
  7356.01      1.3594  1.38817  1.39001
  7354.51      1.3597  1.38819  1.39003
  7353.01      1.3600  1.38821  1.39005
  7351.51      1.3603  1.38823  1.39007
  7350.01      1.3605  1.38824  1.39008
  7348.51      1.3608  1.38823  1.39007
  7347.01      1.3611  1.38819  1.39003
  7345.51      1.3614  1.38814  1.38998
  7344.01      1.3617  1.38810  1.38994
  7342.51      1.3619  1.38805  1.38989
  7341.01      1.3622  1.38799  1.38983
  7339.51      1.3625  1.38793  1.38977
  7338.01      1.3628  1.38788  1.38972
  7336.51      1.3630  1.38785  1.38969
  7335.01      1.3633  1.38784  1.38968
  7333.51      1.3636  1.38786  1.38970
  7332.01      1.3639  1.38787  1.38971
  7330.51      1.3642  1.38789  1.38973
  7329.01      1.3644  1.38790  1.38974
  7327.51      1.3647  1.38791  1.38975
  7326.01      1.3650  1.38792  1.38976
  7324.51      1.3653  1.38795  1.38978
  7323.01      1.3656  1.38797  1.38981
  7321.51      1.3658  1.38799  1.38983
  7320.01      1.3661  1.38801  1.38984
  7318.51      1.3664  1.38801  1.38985
  7317.01      1.3667  1.38801  1.38985
  7315.51      1.3670  1.38801  1.38985
  7314.01      1.3672  1.38801  1.38985
  7312.51      1.3675  1.38800  1.38984
  7311.01      1.3678  1.38797  1.38981
  7309.51      1.3681  1.38793  1.38977
  7308.01      1.3684  1.38790  1.38973
  7306.51      1.3686  1.38786  1.38969
  7305.01      1.3689  1.38781  1.38965
  7303.51      1.3692  1.38779  1.38962
  7302.01      1.3695  1.38777  1.38960
  7300.51      1.3698  1.38774  1.38958
  7299.01      1.3700  1.38773  1.38957
  7297.51      1.3703  1.38771  1.38955
  7296.01      1.3706  1.38769  1.38952
  7294.51      1.3709  1.38766  1.38950
  7293.01      1.3712  1.38763  1.38947
  7291.51      1.3715  1.38760  1.38944
  7290.01      1.3717  1.38758  1.38941
  7288.51      1.3720  1.38757  1.38940
  7287.00      1.3723  1.38756  1.38939
  7285.50      1.3726  1.38756  1.38939
  7284.00      1.3729  1.38758  1.38942
  7282.50      1.3732  1.38762  1.38945
  7281.00      1.3734  1.38766  1.38949
  7279.50      1.3737  1.38771  1.38954
  7278.00      1.3740  1.38775  1.38959
  7276.50      1.3743  1.38779  1.38962
  7275.00      1.3746  1.38780  1.38964
  7273.50      1.3749  1.38782  1.38965
  7272.00      1.3751  1.38781  1.38965
  7270.50      1.3754  1.38778  1.38962
  7269.00      1.3757  1.38774  1.38958
  7267.50      1.3760  1.38771  1.38955
  7266.00      1.3763  1.38767  1.38951
  7264.50      1.3766  1.38764  1.38946
  7263.00      1.3768  1.38759  1.38943
  7261.50      1.3771  1.38757  1.38940
  7260.00      1.3774  1.38755  1.38938
  7258.50      1.3777  1.38754  1.38938
  7257.00      1.3780  1.38755  1.38938
  7255.50      1.3783  1.38757  1.38940
  7254.00      1.3785  1.38757  1.38941
  7252.50      1.3788  1.38756  1.38940
  7251.00      1.3791  1.38755  1.38938
  7249.50      1.3794  1.38752  1.38936
  7248.00      1.3797  1.38751  1.38935
  7246.50      1.3800  1.38750  1.38934
  7245.00      1.3803  1.38749  1.38933
  7243.50      1.3805  1.38746  1.38930
  7242.00      1.3808  1.38741  1.38925
  7240.50      1.3811  1.38737  1.38921
  7239.00      1.3814  1.38734  1.38917
  7237.50      1.3817  1.38732  1.38916
  7236.00      1.3820  1.38732  1.38915
  7234.50      1.3823  1.38731  1.38914
  7233.00      1.3826  1.38728  1.38911
  7231.50      1.3828  1.38724  1.38908
  7230.00      1.3831  1.38722  1.38905
  7228.50      1.3834  1.38720  1.38904
  7227.00      1.3837  1.38720  1.38904
  7225.50      1.3840  1.38720  1.38903
  7224.00      1.3843  1.38719  1.38903
  7222.50      1.3846  1.38717  1.38900
  7221.00      1.3848  1.38716  1.38899
  7219.50      1.3851  1.38715  1.38899
  7218.00      1.3854  1.38716  1.38899
  7216.50      1.3857  1.38718  1.38902
  7215.00      1.3860  1.38721  1.38904
  7213.50      1.3863  1.38722  1.38906
  7212.00      1.3866  1.38723  1.38906
  7210.50      1.3869  1.38723  1.38906
  7209.00      1.3872  1.38722  1.38905
  7207.50      1.3874  1.38721  1.38904
  7206.00      1.3877  1.38718  1.38902
  7204.50      1.3880  1.38715  1.38899
  7203.00      1.3883  1.38712  1.38895
  7201.50      1.3886  1.38709  1.38892
  7200.00      1.3889  1.38706  1.38890
  7198.50      1.3892  1.38706  1.38889
  7197.00      1.3895  1.38707  1.38891
  7195.50      1.3898  1.38710  1.38893
  7194.00      1.3900  1.38713  1.38897
  7192.50      1.3903  1.38717  1.38900
  7191.00      1.3906  1.38720  1.38903
  7189.50      1.3909  1.38723  1.38906
  7188.00      1.3912  1.38726  1.38909
  7186.50      1.3915  1.38727  1.38910
  7185.00      1.3918  1.38727  1.38910
  7183.50      1.3921  1.38726  1.38910
  7182.00      1.3924  1.38725  1.38908
  7180.50      1.3927  1.38724  1.38908
  7179.00      1.3930  1.38724  1.38907
  7177.50      1.3932  1.38724  1.38908
  7176.00      1.3935  1.38725  1.38908
  7174.50      1.3938  1.38726  1.38909
  7173.00      1.3941  1.38726  1.38909
  7171.50      1.3944  1.38725  1.38908
  7170.00      1.3947  1.38722  1.38905
  7168.50      1.3950  1.38719  1.38901
  7167.00      1.3953  1.38712  1.38897
  7165.50      1.3956  1.38706  1.38889
  7164.00      1.3959  1.38698  1.38883
  7162.50      1.3962  1.38691  1.38874
  7161.00      1.3965  1.38683  1.38866
  7159.50      1.3967  1.38677  1.38861
  7158.00      1.3970  1.38674  1.38857
  7156.50      1.3973  1.38674  1.38857
  7155.00      1.3976  1.38677  1.38860
  7153.50      1.3979  1.38680  1.38863
  7152.00      1.3982  1.38686  1.38869
  7150.50      1.3985  1.38693  1.38876
  7148.99      1.3988  1.38699  1.38882
  7147.49      1.3991  1.38705  1.38888
  7145.99      1.3994  1.38708  1.38892
  7144.49      1.3997  1.38710  1.38894
  7142.99      1.4000  1.38710  1.38894
  7141.49      1.4003  1.38709  1.38892
  7139.99      1.4006  1.38706  1.38890
  7138.49      1.4009  1.38704  1.38887
  7136.99      1.4012  1.38701  1.38884
  7135.49      1.4014  1.38699  1.38883
  7133.99      1.4017  1.38699  1.38882
  7132.49      1.4020  1.38700  1.38883
  7130.99      1.4023  1.38701  1.38885
  7129.49      1.4026  1.38703  1.38886
  7127.99      1.4029  1.38705  1.38888
  7126.49      1.4032  1.38705  1.38889
  7124.99      1.4035  1.38706  1.38889
  7123.49      1.4038  1.38705  1.38889
  7121.99      1.4041  1.38705  1.38888
  7120.49      1.4044  1.38702  1.38886
  7118.99      1.4047  1.38700  1.38884
  7117.49      1.4050  1.38697  1.38880
  7115.99      1.4053  1.38695  1.38879
  7114.49      1.4056  1.38694  1.38877
  7112.99      1.4059  1.38694  1.38877
  7111.49      1.4062  1.38696  1.38879
  7109.99      1.4065  1.38699  1.38882
  7108.49      1.4068  1.38702  1.38885
  7106.99      1.4071  1.38705  1.38888
  7105.49      1.4074  1.38707  1.38891
  7103.99      1.4077  1.38712  1.38894
  7102.49      1.4080  1.38714  1.38898
  7100.99      1.4083  1.38717  1.38900
  7099.49      1.4086  1.38717  1.38901
  7097.99      1.4088  1.38718  1.38901
  7096.49      1.4091  1.38716  1.38900
  7094.99      1.4094  1.38715  1.38899
  7093.49      1.4097  1.38714  1.38897
  7091.99      1.4100  1.38713  1.38896
  7090.49      1.4103  1.38710  1.38893
  7088.99      1.4106  1.38707  1.38892
  7087.49      1.4109  1.38704  1.38887
  7085.99      1.4112  1.38701  1.38884
  7084.49      1.4115  1.38698  1.38881
  7082.99      1.4118  1.38695  1.38878
  7081.49      1.4121  1.38693  1.38876
  7079.99      1.4124  1.38691  1.38874
  7078.49      1.4127  1.38690  1.38874
  7076.99      1.4130  1.38690  1.38873
  7075.49      1.4133  1.38690  1.38873
  7073.99      1.4136  1.38690  1.38873
  7072.49      1.4139  1.38690  1.38873
  7070.99      1.4142  1.38690  1.38873
  7069.49      1.4145  1.38690  1.38873
  7067.99      1.4148  1.38689  1.38872
  7066.49      1.4151  1.38687  1.38870
  7064.99      1.4154  1.38685  1.38868
  7063.49      1.4157  1.38681  1.38865
  7061.99      1.4160  1.38680  1.38863
  7060.49      1.4163  1.38677  1.38861
  7058.99      1.4166  1.38676  1.38860
  7057.49      1.4169  1.38674  1.38858
  7055.99      1.4172  1.38672  1.38856
  7054.49      1.4175  1.38671  1.38855
  7052.99      1.4178  1.38670  1.38853
  7051.49      1.4181  1.38670  1.38853
  7049.99      1.4184  1.38670  1.38853
  7048.49      1.4187  1.38670  1.38853
  7046.99      1.4190  1.38671  1.38854
  7045.49      1.4193  1.38671  1.38854
  7043.99      1.4197  1.38673  1.38856
  7042.49      1.4200  1.38675  1.38858
  7040.99      1.4203  1.38678  1.38861
  7039.49      1.4206  1.38681  1.38864
  7037.99      1.4209  1.38684  1.38867
  7036.49      1.4212  1.38687  1.38870
  7034.99      1.4215  1.38687  1.38871
  7033.49      1.4218  1.38688  1.38871
  7031.99      1.4221  1.38687  1.38871
  7030.49      1.4224  1.38686  1.38869
  7028.99      1.4227  1.38684  1.38868
  7027.49      1.4230  1.38683  1.38866
  7025.99      1.4233  1.38681  1.38864
  7024.49      1.4236  1.38679  1.38862
  7022.99      1.4239  1.38676  1.38859
  7021.49      1.4242  1.38675  1.38859
  7019.99      1.4245  1.38675  1.38858
  7018.48      1.4248  1.38675  1.38858
  7016.98      1.4251  1.38675  1.38858
  7015.48      1.4254  1.38675  1.38859
  7013.98      1.4257  1.38676  1.38859
  7012.48      1.4260  1.38676  1.38859
  7010.98      1.4263  1.38676  1.38859
  7009.48      1.4266  1.38678  1.38861
  7007.98      1.4269  1.38679  1.38862
  7006.48      1.4272  1.38682  1.38865
  7004.98      1.4276  1.38685  1.38868
  7003.48      1.4279  1.38689  1.38872
  7001.98      1.4282  1.38693  1.38876
  7000.48      1.4285  1.38696  1.38879
  6998.98      1.4288  1.38700  1.38883
  6997.48      1.4291  1.38703  1.38886
  6995.98      1.4294  1.38706  1.38889
  6994.48      1.4297  1.38706  1.38889
  6992.98      1.4300  1.38705  1.38888
  6991.48      1.4303  1.38702  1.38885
  6989.98      1.4306  1.38699  1.38882
  6988.48      1.4309  1.38696  1.38879
  6986.98      1.4312  1.38693  1.38876
  6985.48      1.4315  1.38690  1.38873
  6983.98      1.4318  1.38687  1.38871
  6982.48      1.4322  1.38686  1.38869
  6980.98      1.4325  1.38686  1.38869
  6979.48      1.4328  1.38686  1.38870
  6977.98      1.4331  1.38687  1.38871
  6976.48      1.4334  1.38689  1.38873
  6974.98      1.4337  1.38691  1.38873
  6973.48      1.4340  1.38692  1.38875
  6971.98      1.4343  1.38693  1.38876
  6970.48      1.4346  1.38693  1.38876
  6968.98      1.4349  1.38693  1.38876
  6967.48      1.4352  1.38692  1.38876
  6965.98      1.4355  1.38692  1.38875
  6964.48      1.4359  1.38692  1.38875
  6962.98      1.4362  1.38693  1.38876
  6961.48      1.4365  1.38694  1.38877
  6959.98      1.4368  1.38694  1.38877
  6958.48      1.4371  1.38694  1.38877
  6956.98      1.4374  1.38694  1.38877
  6955.48      1.4377  1.38692  1.38875
  6953.98      1.4380  1.38691  1.38875
  6952.48      1.4383  1.38689  1.38873
  6950.98      1.4386  1.38687  1.38870
  6949.48      1.4390  1.38684  1.38867
  6947.98      1.4393  1.38681  1.38864
  6946.48      1.4396  1.38677  1.38861
  6944.98      1.4399  1.38675  1.38858
  6943.48      1.4402  1.38674  1.38857
  6941.98      1.4405  1.38675  1.38858
  6940.48      1.4408  1.38676  1.38859
  6938.98      1.4411  1.38678  1.38861
  6937.48      1.4414  1.38680  1.38863
  6935.98      1.4418  1.38683  1.38867
  6934.48      1.4421  1.38688  1.38871
  6932.98      1.4424  1.38692  1.38875
  6931.48      1.4427  1.38696  1.38879
  6929.98      1.4430  1.38698  1.38881
  6928.48      1.4433  1.38698  1.38881
  6926.98      1.4436  1.38697  1.38881
  6925.48      1.4439  1.38696  1.38879
  6923.98      1.4443  1.38693  1.38877
  6922.48      1.4446  1.38690  1.38874
  6920.98      1.4449  1.38688  1.38871
  6919.48      1.4452  1.38685  1.38868
  6917.98      1.4455  1.38683  1.38866
  6916.48      1.4458  1.38682  1.38865
  6914.98      1.4461  1.38682  1.38865
  6913.48      1.4465  1.38683  1.38866
  6911.98      1.4468  1.38684  1.38867
  6910.48      1.4471  1.38685  1.38868
  6908.98      1.4474  1.38687  1.38870
  6907.48      1.4477  1.38687  1.38870
  6905.98      1.4480  1.38686  1.38869
  6904.48      1.4483  1.38684  1.38868
  6902.98      1.4487  1.38684  1.38867
  6901.48      1.4490  1.38681  1.38864
  6899.98      1.4493  1.38679  1.38862
  6898.48      1.4496  1.38677  1.38860
  6896.98      1.4499  1.38674  1.38857
  6895.48      1.4502  1.38670  1.38854
  6893.98      1.4505  1.38668  1.38851
  6892.48      1.4509  1.38665  1.38848
  6890.98      1.4512  1.38663  1.38846
  6889.48      1.4515  1.38661  1.38844
  6887.98      1.4518  1.38658  1.38841
  6886.48      1.4521  1.38655  1.38838
  6884.98      1.4524  1.38653  1.38836
  6883.48      1.4528  1.38650  1.38833
  6881.98      1.4531  1.38648  1.38831
  6880.47      1.4534  1.38646  1.38829
  6878.97      1.4537  1.38644  1.38827
  6877.47      1.4540  1.38642  1.38825
  6875.97      1.4543  1.38639  1.38822
  6874.47      1.4547  1.38637  1.38820
  6872.97      1.4550  1.38635  1.38817
  6871.47      1.4553  1.38632  1.38815
  6869.97      1.4556  1.38630  1.38813
  6868.47      1.4559  1.38628  1.38811
  6866.97      1.4562  1.38625  1.38808
  6865.47      1.4566  1.38624  1.38807
  6863.97      1.4569  1.38624  1.38807
  6862.47      1.4572  1.38624  1.38807
  6860.97      1.4575  1.38625  1.38808
  6859.47      1.4578  1.38625  1.38808
  6857.97      1.4582  1.38627  1.38810
  6856.47      1.4585  1.38628  1.38811
  6854.97      1.4588  1.38631  1.38814
  6853.47      1.4591  1.38633  1.38816
  6851.97      1.4594  1.38634  1.38817
  6850.47      1.4598  1.38633  1.38816
  6848.97      1.4601  1.38633  1.38816
  6847.47      1.4604  1.38632  1.38815
  6845.97      1.4607  1.38632  1.38815
  6844.47      1.4610  1.38632  1.38814
  6842.97      1.4614  1.38630  1.38814
  6841.47      1.4617  1.38630  1.38813
  6839.97      1.4620  1.38628  1.38811
  6838.47      1.4623  1.38628  1.38811
  6836.97      1.4626  1.38629  1.38812
  6835.47      1.4630  1.38630  1.38813
  6833.97      1.4633  1.38631  1.38814
  6832.47      1.4636  1.38631  1.38814
  6830.97      1.4639  1.38631  1.38814
  6829.47      1.4642  1.38631  1.38814
  6827.97      1.4646  1.38631  1.38814
  6826.47      1.4649  1.38631  1.38814
  6824.97      1.4652  1.38631  1.38814
  6823.47      1.4655  1.38630  1.38813
  6821.97      1.4659  1.38630  1.38813
  6820.47      1.4662  1.38629  1.38812
  6818.97      1.4665  1.38629  1.38811
  6817.47      1.4668  1.38628  1.38811
  6815.97      1.4671  1.38627  1.38810
  6814.47      1.4675  1.38626  1.38809
  6812.97      1.4678  1.38623  1.38806
  6811.47      1.4681  1.38622  1.38805
  6809.97      1.4684  1.38620  1.38803
  6808.47      1.4688  1.38619  1.38801
  6806.97      1.4691  1.38616  1.38799
  6805.47      1.4694  1.38614  1.38797
  6803.97      1.4697  1.38612  1.38795
  6802.47      1.4701  1.38611  1.38794
  6800.97      1.4704  1.38611  1.38794
  6799.47      1.4707  1.38612  1.38795
  6797.97      1.4710  1.38613  1.38796
  6796.47      1.4714  1.38614  1.38797
  6794.97      1.4717  1.38616  1.38798
  6793.47      1.4720  1.38619  1.38802
  6791.97      1.4723  1.38621  1.38804
  6790.47      1.4727  1.38624  1.38807
  6788.97      1.4730  1.38627  1.38810
  6787.47      1.4733  1.38628  1.38811
  6785.97      1.4736  1.38630  1.38813
  6784.47      1.4740  1.38631  1.38814
  6782.97      1.4743  1.38632  1.38815
  6781.47      1.4746  1.38632  1.38815
  6779.97      1.4749  1.38632  1.38814
  6778.47      1.4753  1.38631  1.38814
  6776.97      1.4756  1.38628  1.38811
  6775.47      1.4759  1.38627  1.38810
  6773.97      1.4762  1.38624  1.38807
  6772.47      1.4766  1.38622  1.38805
  6770.97      1.4769  1.38621  1.38804
  6769.47      1.4772  1.38619  1.38802
  6767.97      1.4775  1.38617  1.38800
  6766.47      1.4779  1.38616  1.38798
  6764.97      1.4782  1.38615  1.38797
  6763.47      1.4785  1.38614  1.38797
  6761.97      1.4789  1.38614  1.38797
  6760.47      1.4792  1.38613  1.38796
  6758.97      1.4795  1.38612  1.38795
  6757.47      1.4798  1.38611  1.38794
  6755.97      1.4802  1.38610  1.38793
  6754.47      1.4805  1.38610  1.38792
  6752.97      1.4808  1.38610  1.38793
  6751.47      1.4812  1.38610  1.38793
  6749.96      1.4815  1.38610  1.38793
  6748.46      1.4818  1.38610  1.38793
  6746.96      1.4821  1.38609  1.38791
  6745.46      1.4825  1.38608  1.38791
  6743.96      1.4828  1.38607  1.38790
  6742.46      1.4831  1.38606  1.38789
  6740.96      1.4835  1.38603  1.38786
  6739.46      1.4838  1.38599  1.38783
  6737.96      1.4841  1.38596  1.38778
  6736.46      1.4845  1.38592  1.38774
  6734.96      1.4848  1.38588  1.38771
  6733.46      1.4851  1.38585  1.38768
  6731.96      1.4855  1.38582  1.38764
  6730.46      1.4858  1.38578  1.38761
  6728.96      1.4861  1.38574  1.38758
  6727.46      1.4864  1.38573  1.38755
  6725.96      1.4868  1.38572  1.38754
  6724.46      1.4871  1.38571  1.38754
  6722.96      1.4874  1.38570  1.38753
  6721.46      1.4878  1.38569  1.38751
  6719.96      1.4881  1.38568  1.38751
  6718.46      1.4884  1.38568  1.38750
  6716.96      1.4888  1.38568  1.38750
  6715.46      1.4891  1.38567  1.38750
  6713.96      1.4894  1.38567  1.38750
  6712.46      1.4898  1.38565  1.38748
  6710.96      1.4901  1.38565  1.38747
  6709.46      1.4904  1.38564  1.38746
  6707.96      1.4908  1.38563  1.38746
  6706.46      1.4911  1.38563  1.38745
  6704.96      1.4914  1.38563  1.38745
  6703.46      1.4918  1.38563  1.38745
  6701.96      1.4921  1.38564  1.38747
  6700.46      1.4924  1.38566  1.38748
  6698.96      1.4928  1.38568  1.38751
  6697.46      1.4931  1.38570  1.38753
  6695.96      1.4934  1.38573  1.38755
  6694.46      1.4938  1.38574  1.38757
  6692.96      1.4941  1.38575  1.38758
  6691.46      1.4944  1.38575  1.38758
  6689.96      1.4948  1.38574  1.38757
  6688.46      1.4951  1.38572  1.38755
  6686.96      1.4954  1.38570  1.38753
  6685.46      1.4958  1.38567  1.38750
  6683.96      1.4961  1.38564  1.38746
  6682.46      1.4965  1.38560  1.38742
  6680.96      1.4968  1.38557  1.38739
  6679.46      1.4971  1.38555  1.38737
  6677.96      1.4975  1.38553  1.38736
  6676.46      1.4978  1.38553  1.38736
  6674.96      1.4981  1.38553  1.38736
  6673.46      1.4985  1.38553  1.38735
  6671.96      1.4988  1.38553  1.38735
  6670.46      1.4991  1.38553  1.38736
  6668.96      1.4995  1.38555  1.38738
  6667.46      1.4998  1.38557  1.38740
  6665.96      1.5002  1.38558  1.38741
  6664.46      1.5005  1.38558  1.38741
  6662.96      1.5008  1.38558  1.38741
  6661.46      1.5012  1.38559  1.38741
  6659.96      1.5015  1.38559  1.38742
  6658.46      1.5018  1.38561  1.38744
  6656.96      1.5022  1.38562  1.38745
  6655.46      1.5025  1.38564  1.38746
  6653.96      1.5029  1.38564  1.38747
  6652.46      1.5032  1.38565  1.38747
  6650.96      1.5035  1.38566  1.38748
  6649.46      1.5039  1.38566  1.38748
  6647.96      1.5042  1.38566  1.38748
  6646.46      1.5046  1.38565  1.38748
  6644.96      1.5049  1.38563  1.38746
  6643.46      1.5052  1.38561  1.38743
  6641.96      1.5056  1.38557  1.38740
  6640.46      1.5059  1.38553  1.38736
  6638.96      1.5063  1.38550  1.38732
  6637.46      1.5066  1.38546  1.38728
  6635.96      1.5069  1.38543  1.38725
  6634.46      1.5073  1.38540  1.38721
  6632.96      1.5076  1.38537  1.38720
  6631.46      1.5080  1.38535  1.38718
  6629.96      1.5083  1.38535  1.38717
  6628.46      1.5086  1.38536  1.38718
  6626.96      1.5090  1.38537  1.38720
  6625.46      1.5093  1.38540  1.38722
  6623.96      1.5097  1.38542  1.38725
  6622.46      1.5100  1.38544  1.38726
  6620.96      1.5104  1.38545  1.38727
  6619.46      1.5107  1.38545  1.38728
  6617.96      1.5110  1.38546  1.38728
  6616.46      1.5114  1.38546  1.38728
  6614.96      1.5117  1.38545  1.38728
  6613.46      1.5121  1.38544  1.38727
  6611.95      1.5124  1.38544  1.38726
  6610.45      1.5128  1.38543  1.38726
  6608.95      1.5131  1.38544  1.38726
  6607.45      1.5134  1.38544  1.38727
  6605.95      1.5138  1.38545  1.38727
  6604.45      1.5141  1.38546  1.38728
  6602.95      1.5145  1.38547  1.38729
  6601.45      1.5148  1.38548  1.38731
  6599.95      1.5152  1.38550  1.38732
  6598.45      1.5155  1.38550  1.38733
  6596.95      1.5159  1.38550  1.38733
  6595.45      1.5162  1.38550  1.38732
  6593.95      1.5165  1.38549  1.38731
  6592.45      1.5169  1.38547  1.38730
  6590.95      1.5172  1.38544  1.38727
  6589.45      1.5176  1.38541  1.38723
  6587.95      1.5179  1.38536  1.38718
  6586.45      1.5183  1.38531  1.38713
  6584.95      1.5186  1.38527  1.38709
  6583.45      1.5190  1.38523  1.38705
  6581.95      1.5193  1.38519  1.38702
  6580.45      1.5197  1.38516  1.38698
  6578.95      1.5200  1.38514  1.38697
  6577.45      1.5203  1.38513  1.38695
  6575.95      1.5207  1.38513  1.38695
  6574.45      1.5210  1.38513  1.38696
  6572.95      1.5214  1.38514  1.38696
  6571.45      1.5217  1.38513  1.38696
  6569.95      1.5221  1.38513  1.38695
  6568.45      1.5224  1.38512  1.38694
  6566.95      1.5228  1.38511  1.38693
  6565.45      1.5231  1.38509  1.38691
  6563.95      1.5235  1.38507  1.38689
  6562.45      1.5238  1.38504  1.38687
  6560.95      1.5242  1.38502  1.38684
  6559.45      1.5245  1.38500  1.38682
  6557.95      1.5249  1.38499  1.38681
  6556.45      1.5252  1.38497  1.38679
  6554.95      1.5256  1.38496  1.38678
  6553.45      1.5259  1.38495  1.38677
  6551.95      1.5263  1.38494  1.38677
  6550.45      1.5266  1.38495  1.38677
  6548.95      1.5270  1.38495  1.38677
  6547.45      1.5273  1.38496  1.38678
  6545.95      1.5277  1.38496  1.38679
  6544.45      1.5280  1.38497  1.38679
  6542.95      1.5284  1.38497  1.38680
  6541.45      1.5287  1.38497  1.38679
  6539.95      1.5291  1.38495  1.38678
  6538.45      1.5294  1.38494  1.38676
  6536.95      1.5298  1.38491  1.38673
  6535.45      1.5301  1.38489  1.38671
  6533.95      1.5305  1.38486  1.38669
  6532.45      1.5308  1.38484  1.38666
  6530.95      1.5312  1.38481  1.38664
  6529.45      1.5315  1.38479  1.38661
  6527.95      1.5319  1.38479  1.38661
  6526.45      1.5322  1.38478  1.38660
  6524.95      1.5326  1.38477  1.38659
  6523.45      1.5329  1.38477  1.38659
  6521.95      1.5333  1.38477  1.38659
  6520.45      1.5336  1.38478  1.38661
  6518.95      1.5340  1.38481  1.38663
  6517.45      1.5343  1.38482  1.38664
  6515.95      1.5347  1.38483  1.38665
  6514.45      1.5350  1.38483  1.38665
  6512.95      1.5354  1.38483  1.38665
  6511.45      1.5358  1.38483  1.38665
  6509.95      1.5361  1.38483  1.38665
  6508.45      1.5365  1.38481  1.38663
  6506.95      1.5368  1.38478  1.38660
  6505.45      1.5372  1.38473  1.38656
  6503.95      1.5375  1.38470  1.38652
  6502.45      1.5379  1.38468  1.38650
  6500.95      1.5382  1.38467  1.38649
  6499.45      1.5386  1.38465  1.38647
  6497.95      1.5389  1.38465  1.38647
  6496.45      1.5393  1.38464  1.38646
  6494.95      1.5397  1.38464  1.38646
  6493.45      1.5400  1.38466  1.38648
  6491.95      1.5404  1.38468  1.38650
  6490.45      1.5407  1.38469  1.38651
  6488.95      1.5411  1.38469  1.38651
  6487.45      1.5414  1.38469  1.38651
  6485.95      1.5418  1.38468  1.38650
  6484.45      1.5422  1.38466  1.38649
  6482.95      1.5425  1.38464  1.38646
  6481.44      1.5429  1.38461  1.38644
  6479.94      1.5432  1.38458  1.38640
  6478.44      1.5436  1.38455  1.38637
  6476.94      1.5439  1.38452  1.38634
  6475.44      1.5443  1.38448  1.38630
  6473.94      1.5447  1.38446  1.38628
  6472.44      1.5450  1.38443  1.38625
  6470.94      1.5454  1.38443  1.38625
  6469.44      1.5457  1.38443  1.38624
  6467.94      1.5461  1.38443  1.38625
  6466.44      1.5464  1.38444  1.38626
  6464.94      1.5468  1.38446  1.38628
  6463.44      1.5472  1.38447  1.38629
  6461.94      1.5475  1.38448  1.38630
  6460.44      1.5479  1.38449  1.38631
  6458.94      1.5482  1.38449  1.38631
  6457.44      1.5486  1.38449  1.38631
  6455.94      1.5490  1.38447  1.38630
  6454.44      1.5493  1.38446  1.38627
  6452.94      1.5497  1.38444  1.38626
  6451.44      1.5500  1.38442  1.38624
  6449.94      1.5504  1.38440  1.38622
  6448.44      1.5508  1.38438  1.38620
  6446.94      1.5511  1.38437  1.38619
  6445.44      1.5515  1.38434  1.38616
  6443.94      1.5518  1.38431  1.38613
  6442.44      1.5522  1.38428  1.38610
  6440.94      1.5526  1.38425  1.38607
  6439.44      1.5529  1.38422  1.38604
  6437.94      1.5533  1.38418  1.38600
  6436.44      1.5537  1.38415  1.38597
  6434.94      1.5540  1.38412  1.38594
  6433.44      1.5544  1.38410  1.38592
  6431.94      1.5547  1.38407  1.38589
  6430.44      1.5551  1.38406  1.38587
  6428.94      1.5555  1.38404  1.38586
  6427.44      1.5558  1.38403  1.38585
  6425.94      1.5562  1.38404  1.38585
  6424.44      1.5566  1.38404  1.38586
  6422.94      1.5569  1.38404  1.38586
  6421.44      1.5573  1.38404  1.38586
  6419.94      1.5576  1.38404  1.38586
  6418.44      1.5580  1.38404  1.38586
  6416.94      1.5584  1.38404  1.38586
  6415.44      1.5587  1.38404  1.38586
  6413.94      1.5591  1.38404  1.38585
  6412.44      1.5595  1.38403  1.38585
  6410.94      1.5598  1.38402  1.38584
  6409.44      1.5602  1.38402  1.38583
  6407.94      1.5606  1.38402  1.38584
  6406.44      1.5609  1.38403  1.38584
  6404.94      1.5613  1.38404  1.38586
  6403.44      1.5617  1.38405  1.38587
  6401.94      1.5620  1.38408  1.38590
  6400.44      1.5624  1.38411  1.38592
  6398.94      1.5628  1.38413  1.38595
  6397.44      1.5631  1.38414  1.38596
  6395.94      1.5635  1.38414  1.38596
  6394.44      1.5639  1.38414  1.38595
  6392.94      1.5642  1.38413  1.38595
  6391.44      1.5646  1.38410  1.38592
  6389.94      1.5650  1.38407  1.38589
  6388.44      1.5653  1.38403  1.38585
  6386.94      1.5657  1.38399  1.38581
  6385.44      1.5661  1.38393  1.38575
  6383.94      1.5664  1.38388  1.38570
  6382.44      1.5668  1.38383  1.38565
  6380.94      1.5672  1.38378  1.38560
  6379.44      1.5675  1.38374  1.38555
  6377.94      1.5679  1.38370  1.38552
  6376.44      1.5683  1.38368  1.38549
  6374.94      1.5686  1.38365  1.38547
  6373.44      1.5690  1.38363  1.38545
  6371.94      1.5694  1.38364  1.38545
  6370.44      1.5698  1.38366  1.38548
  6368.94      1.5701  1.38370  1.38551
  6367.44      1.5705  1.38373  1.38555
  6365.94      1.5709  1.38376  1.38559
  6364.44      1.5712  1.38380  1.38561
  6362.94      1.5716  1.38382  1.38564
  6361.44      1.5720  1.38385  1.38567
  6359.94      1.5723  1.38388  1.38570
  6358.44      1.5727  1.38389  1.38571
  6356.94      1.5731  1.38389  1.38571
  6355.44      1.5735  1.38389  1.38571
  6353.94      1.5738  1.38387  1.38569
  6352.44      1.5742  1.38386  1.38567
  6350.94      1.5746  1.38383  1.38565
  6349.44      1.5749  1.38382  1.38564
  6347.94      1.5753  1.38380  1.38561
  6346.44      1.5757  1.38377  1.38559
  6344.94      1.5761  1.38374  1.38556
  6343.43      1.5764  1.38370  1.38552
  6341.93      1.5768  1.38367  1.38548
  6340.43      1.5772  1.38364  1.38545
  6338.93      1.5776  1.38360  1.38541
  6337.43      1.5779  1.38357  1.38538
  6335.93      1.5783  1.38354  1.38536
  6334.43      1.5787  1.38352  1.38533
  6332.93      1.5790  1.38349  1.38531
  6331.43      1.5794  1.38347  1.38528
  6329.93      1.5798  1.38345  1.38526
  6328.43      1.5802  1.38344  1.38526
  6326.93      1.5805  1.38344  1.38525
  6325.43      1.5809  1.38344  1.38525
  6323.93      1.5813  1.38343  1.38524
  6322.43      1.5817  1.38342  1.38524
  6320.93      1.5820  1.38341  1.38523
  6319.43      1.5824  1.38341  1.38522
  6317.93      1.5828  1.38341  1.38523
  6316.43      1.5832  1.38342  1.38523
  6314.93      1.5835  1.38342  1.38523
  6313.43      1.5839  1.38341  1.38523
  6311.93      1.5843  1.38341  1.38522
  6310.43      1.5847  1.38341  1.38522
  6308.93      1.5851  1.38341  1.38522
  6307.43      1.5854  1.38342  1.38523
  6305.93      1.5858  1.38342  1.38523
  6304.43      1.5862  1.38342  1.38524
  6302.93      1.5866  1.38342  1.38523
  6301.43      1.5869  1.38342  1.38523
  6299.93      1.5873  1.38342  1.38523
  6298.43      1.5877  1.38342  1.38523
  6296.93      1.5881  1.38340  1.38522
  6295.43      1.5885  1.38339  1.38521
  6293.93      1.5888  1.38337  1.38518
  6292.43      1.5892  1.38335  1.38517
  6290.93      1.5896  1.38333  1.38515
  6289.43      1.5900  1.38331  1.38512
  6287.93      1.5903  1.38330  1.38511
  6286.43      1.5907  1.38327  1.38509
  6284.93      1.5911  1.38325  1.38507
  6283.43      1.5915  1.38324  1.38505
  6281.93      1.5919  1.38324  1.38505
  6280.43      1.5922  1.38324  1.38506
  6278.93      1.5926  1.38325  1.38506
  6277.43      1.5930  1.38325  1.38507
  6275.93      1.5934  1.38326  1.38507
  6274.43      1.5938  1.38326  1.38507
  6272.93      1.5942  1.38327  1.38509
  6271.43      1.5945  1.38328  1.38509
  6269.93      1.5949  1.38329  1.38510
  6268.43      1.5953  1.38329  1.38511
  6266.93      1.5957  1.38329  1.38510
  6265.43      1.5961  1.38329  1.38510
  6263.93      1.5964  1.38328  1.38510
  6262.43      1.5968  1.38328  1.38509
  6260.93      1.5972  1.38328  1.38509
  6259.43      1.5976  1.38327  1.38509
  6257.93      1.5980  1.38327  1.38508
  6256.43      1.5984  1.38324  1.38506
  6254.93      1.5987  1.38322  1.38504
  6253.43      1.5991  1.38320  1.38501
  6251.93      1.5995  1.38318  1.38499
  6250.43      1.5999  1.38316  1.38497
  6248.93      1.6003  1.38313  1.38494
  6247.43      1.6007  1.38311  1.38492
  6245.93      1.6010  1.38308  1.38489
  6244.43      1.6014  1.38307  1.38488
  6242.93      1.6018  1.38305  1.38486
  6241.43      1.6022  1.38304  1.38485
  6239.93      1.6026  1.38303  1.38484
  6238.43      1.6030  1.38301  1.38482
  6236.93      1.6034  1.38301  1.38482
  6235.43      1.6037  1.38300  1.38482
  6233.93      1.6041  1.38300  1.38482
  6232.43      1.6045  1.38301  1.38482
  6230.93      1.6049  1.38300  1.38482
  6229.43      1.6053  1.38300  1.38481
  6227.93      1.6057  1.38300  1.38481
  6226.43      1.6061  1.38300  1.38482
  6224.93      1.6064  1.38300  1.38482
  6223.43      1.6068  1.38300  1.38481
  6221.93      1.6072  1.38298  1.38479
  6220.43      1.6076  1.38296  1.38477
  6218.93      1.6080  1.38292  1.38473
  6217.43      1.6084  1.38288  1.38469
  6215.93      1.6088  1.38284  1.38465
  6214.43      1.6092  1.38280  1.38461
  6212.92      1.6095  1.38276  1.38457
  6211.42      1.6099  1.38271  1.38452
  6209.92      1.6103  1.38267  1.38448
  6208.42      1.6107  1.38264  1.38445
  6206.92      1.6111  1.38263  1.38444
  6205.42      1.6115  1.38262  1.38443
  6203.92      1.6119  1.38263  1.38444
  6202.42      1.6123  1.38264  1.38445
  6200.92      1.6127  1.38264  1.38445
  6199.42      1.6131  1.38266  1.38447
  6197.92      1.6134  1.38268  1.38449
  6196.42      1.6138  1.38268  1.38449
  6194.92      1.6142  1.38268  1.38449
  6193.42      1.6146  1.38267  1.38448
  6191.92      1.6150  1.38265  1.38446
  6190.42      1.6154  1.38264  1.38445
  6188.92      1.6158  1.38262  1.38443
  6187.42      1.6162  1.38261  1.38442
  6185.92      1.6166  1.38258  1.38439
  6184.42      1.6170  1.38256  1.38437
  6182.92      1.6174  1.38255  1.38436
  6181.42      1.6178  1.38253  1.38434
  6179.92      1.6181  1.38251  1.38432
  6178.42      1.6185  1.38249  1.38430
  6176.92      1.6189  1.38245  1.38426
  6175.42      1.6193  1.38241  1.38422
  6173.92      1.6197  1.38238  1.38419
  6172.42      1.6201  1.38235  1.38416
  6170.92      1.6205  1.38232  1.38413
  6169.42      1.6209  1.38230  1.38411
  6167.92      1.6213  1.38230  1.38410
  6166.42      1.6217  1.38230  1.38411
  6164.92      1.6221  1.38233  1.38414
  6163.42      1.6225  1.38235  1.38416
  6161.92      1.6229  1.38238  1.38418
  6160.42      1.6233  1.38239  1.38420
  6158.92      1.6237  1.38240  1.38421
  6157.42      1.6241  1.38241  1.38422
  6155.92      1.6245  1.38241  1.38422
  6154.42      1.6248  1.38239  1.38420
  6152.92      1.6252  1.38237  1.38417
  6151.42      1.6256  1.38233  1.38414
  6149.92      1.6260  1.38229  1.38409
  6148.42      1.6264  1.38225  1.38405
  6146.92      1.6268  1.38221  1.38402
  6145.42      1.6272  1.38218  1.38399
  6143.92      1.6276  1.38215  1.38395
  6142.42      1.6280  1.38212  1.38393
  6140.92      1.6284  1.38210  1.38390
  6139.42      1.6288  1.38208  1.38389
  6137.92      1.6292  1.38206  1.38387
  6136.42      1.6296  1.38205  1.38386
  6134.92      1.6300  1.38203  1.38384
  6133.42      1.6304  1.38202  1.38383
  6131.92      1.6308  1.38201  1.38382
  6130.42      1.6312  1.38201  1.38381
  6128.92      1.6316  1.38199  1.38380
  6127.42      1.6320  1.38197  1.38378
  6125.92      1.6324  1.38197  1.38377
  6124.42      1.6328  1.38196  1.38377
  6122.92      1.6332  1.38197  1.38378
  6121.42      1.6336  1.38199  1.38379
  6119.92      1.6340  1.38200  1.38380
  6118.42      1.6344  1.38201  1.38381
  6116.92      1.6348  1.38202  1.38382
  6115.42      1.6352  1.38202  1.38383
  6113.92      1.6356  1.38204  1.38384
  6112.42      1.6360  1.38204  1.38385
  6110.92      1.6364  1.38203  1.38384
  6109.42      1.6368  1.38202  1.38383
  6107.92      1.6372  1.38199  1.38380
  6106.42      1.6376  1.38197  1.38377
  6104.92      1.6380  1.38194  1.38375
  6103.42      1.6384  1.38191  1.38372
  6101.92      1.6388  1.38189  1.38370
  6100.42      1.6392  1.38187  1.38367
  6098.92      1.6396  1.38185  1.38365
  6097.42      1.6400  1.38182  1.38362
  6095.92      1.6404  1.38180  1.38361
  6094.42      1.6408  1.38179  1.38360
  6092.92      1.6413  1.38180  1.38360
  6091.42      1.6417  1.38180  1.38361
  6089.92      1.6421  1.38181  1.38361
  6088.42      1.6425  1.38181  1.38361
  6086.92      1.6429  1.38181  1.38361
  6085.42      1.6433  1.38181  1.38361
  6083.92      1.6437  1.38181  1.38362
  6082.42      1.6441  1.38181  1.38362
  6080.92      1.6445  1.38180  1.38360
  6079.42      1.6449  1.38178  1.38358
  6077.92      1.6453  1.38176  1.38356
  6076.42      1.6457  1.38174  1.38354
  6074.91      1.6461  1.38173  1.38354
  6073.41      1.6465  1.38173  1.38353
  6071.91      1.6469  1.38172  1.38352
  6070.41      1.6473  1.38170  1.38350
  6068.91      1.6477  1.38169  1.38349
  6067.41      1.6481  1.38167  1.38348
  6065.91      1.6486  1.38166  1.38347
  6064.41      1.6490  1.38164  1.38344
  6062.91      1.6494  1.38161  1.38341
  6061.41      1.6498  1.38157  1.38337
  6059.91      1.6502  1.38153  1.38333
  6058.41      1.6506  1.38148  1.38329
  6056.91      1.6510  1.38144  1.38325
  6055.41      1.6514  1.38141  1.38321
  6053.91      1.6518  1.38137  1.38317
  6052.41      1.6522  1.38133  1.38314
  6050.91      1.6526  1.38132  1.38312
  6049.41      1.6531  1.38130  1.38310
  6047.91      1.6535  1.38129  1.38310
  6046.41      1.6539  1.38129  1.38309
  6044.91      1.6543  1.38129  1.38309
  6043.41      1.6547  1.38129  1.38309
  6041.91      1.6551  1.38129  1.38309
  6040.41      1.6555  1.38129  1.38310
  6038.91      1.6559  1.38129  1.38310
  6037.41      1.6563  1.38128  1.38309
  6035.91      1.6568  1.38128  1.38307
  6034.41      1.6572  1.38126  1.38306
  6032.91      1.6576  1.38125  1.38305
  6031.41      1.6580  1.38125  1.38305
  6029.91      1.6584  1.38125  1.38305
  6028.41      1.6588  1.38125  1.38305
  6026.91      1.6592  1.38126  1.38306
  6025.41      1.6596  1.38127  1.38307
  6023.91      1.6601  1.38127  1.38308
  6022.41      1.6605  1.38128  1.38308
  6020.91      1.6609  1.38127  1.38308
  6019.41      1.6613  1.38125  1.38306
  6017.91      1.6617  1.38122  1.38302
  6016.41      1.6621  1.38118  1.38298
  6014.91      1.6625  1.38113  1.38294
  6013.41      1.6629  1.38108  1.38288
  6011.91      1.6634  1.38104  1.38284
  6010.41      1.6638  1.38099  1.38279
  6008.91      1.6642  1.38096  1.38276
  6007.41      1.6646  1.38093  1.38274
  6005.91      1.6650  1.38092  1.38272
  6004.41      1.6654  1.38091  1.38271
  6002.91      1.6659  1.38090  1.38270
  6001.41      1.6663  1.38090  1.38270
  5999.91      1.6667  1.38089  1.38269
  5998.41      1.6671  1.38089  1.38269
  5996.91      1.6675  1.38087  1.38267
  5995.41      1.6679  1.38085  1.38265
  5993.91      1.6684  1.38083  1.38263
  5992.41      1.6688  1.38080  1.38260
  5990.91      1.6692  1.38078  1.38258
  5989.41      1.6696  1.38074  1.38254
  5987.91      1.6700  1.38072  1.38252
  5986.41      1.6705  1.38069  1.38249
  5984.91      1.6709  1.38066  1.38246
  5983.41      1.6713  1.38065  1.38245
  5981.91      1.6717  1.38063  1.38243
  5980.41      1.6721  1.38063  1.38243
  5978.91      1.6725  1.38063  1.38243
  5977.41      1.6730  1.38063  1.38243
  5975.91      1.6734  1.38063  1.38243
  5974.41      1.6738  1.38063  1.38243
  5972.91      1.6742  1.38064  1.38244
  5971.41      1.6746  1.38064  1.38244
  5969.91      1.6751  1.38065  1.38245
  5968.41      1.6755  1.38064  1.38244
  5966.91      1.6759  1.38063  1.38243
  5965.41      1.6763  1.38060  1.38240
  5963.91      1.6768  1.38058  1.38238
  5962.41      1.6772  1.38056  1.38236
  5960.91      1.6776  1.38055  1.38235
  5959.41      1.6780  1.38052  1.38232
  5957.91      1.6784  1.38050  1.38230
  5956.41      1.6789  1.38048  1.38228
  5954.91      1.6793  1.38046  1.38226
  5953.41      1.6797  1.38046  1.38226
  5951.91      1.6801  1.38046  1.38225
  5950.41      1.6806  1.38045  1.38225
  5948.91      1.6810  1.38045  1.38225
  5947.41      1.6814  1.38044  1.38224
  5945.91      1.6818  1.38044  1.38224
  5944.40      1.6823  1.38044  1.38224
  5942.90      1.6827  1.38045  1.38225
  5941.40      1.6831  1.38046  1.38226
  5939.90      1.6835  1.38046  1.38226
  5938.40      1.6840  1.38047  1.38227
  5936.90      1.6844  1.38047  1.38227
  5935.40      1.6848  1.38048  1.38228
  5933.90      1.6852  1.38048  1.38228
  5932.40      1.6857  1.38048  1.38228
  5930.90      1.6861  1.38047  1.38227
  5929.40      1.6865  1.38045  1.38225
  5927.90      1.6869  1.38042  1.38221
  5926.40      1.6874  1.38038  1.38218
  5924.90      1.6878  1.38032  1.38212
  5923.40      1.6882  1.38027  1.38206
  5921.90      1.6886  1.38021  1.38201
  5920.40      1.6891  1.38015  1.38194
  5918.90      1.6895  1.38007  1.38187
  5917.40      1.6899  1.38002  1.38182
  5915.90      1.6904  1.37997  1.38176
  5914.40      1.6908  1.37993  1.38173
  5912.90      1.6912  1.37991  1.38170
  5911.40      1.6916  1.37988  1.38168
  5909.90      1.6921  1.37988  1.38167
  5908.40      1.6925  1.37987  1.38167
  5906.90      1.6929  1.37987  1.38167
  5905.40      1.6934  1.37988  1.38168
  5903.90      1.6938  1.37989  1.38168
  5902.40      1.6942  1.37991  1.38170
  5900.90      1.6947  1.37991  1.38171
  5899.40      1.6951  1.37991  1.38171
  5897.90      1.6955  1.37990  1.38170
  5896.40      1.6959  1.37990  1.38169
  5894.90      1.6964  1.37989  1.38169
  5893.40      1.6968  1.37989  1.38169
  5891.90      1.6972  1.37988  1.38168
  5890.40      1.6977  1.37987  1.38167
  5888.90      1.6981  1.37985  1.38165
  5887.40      1.6985  1.37983  1.38163
  5885.90      1.6990  1.37983  1.38162
  5884.40      1.6994  1.37981  1.38161
  5882.90      1.6998  1.37980  1.38159
  5881.40      1.7003  1.37977  1.38156
  5879.90      1.7007  1.37974  1.38153
  5878.40      1.7011  1.37970  1.38150
  5876.90      1.7016  1.37967  1.38146
  5875.40      1.7020  1.37963  1.38143
  5873.90      1.7024  1.37960  1.38139
  5872.40      1.7029  1.37957  1.38136
  5870.90      1.7033  1.37954  1.38133
  5869.40      1.7038  1.37950  1.38129
  5867.90      1.7042  1.37946  1.38126
  5866.40      1.7046  1.37944  1.38123
  5864.90      1.7051  1.37942  1.38121
  5863.40      1.7055  1.37939  1.38120
  5861.90      1.7059  1.37938  1.38117
  5860.40      1.7064  1.37936  1.38115
  5858.90      1.7068  1.37935  1.38114
  5857.40      1.7072  1.37934  1.38113
  5855.90      1.7077  1.37934  1.38113
  5854.40      1.7081  1.37935  1.38114
  5852.90      1.7086  1.37936  1.38115
  5851.40      1.7090  1.37936  1.38115
  5849.90      1.7094  1.37935  1.38115
  5848.40      1.7099  1.37934  1.38113
  5846.90      1.7103  1.37932  1.38112
  5845.40      1.7107  1.37931  1.38111
  5843.90      1.7112  1.37929  1.38108
  5842.40      1.7116  1.37926  1.38105
  5840.90      1.7121  1.37923  1.38102
  5839.40      1.7125  1.37921  1.38100
  5837.90      1.7129  1.37918  1.38097
  5836.40      1.7134  1.37917  1.38096
  5834.90      1.7138  1.37915  1.38094
  5833.40      1.7143  1.37914  1.38093
  5831.90      1.7147  1.37913  1.38092
  5830.40      1.7151  1.37912  1.38091
  5828.90      1.7156  1.37911  1.38090
  5827.40      1.7160  1.37909  1.38088
  5825.90      1.7165  1.37907  1.38086
  5824.40      1.7169  1.37905  1.38084
  5822.90      1.7174  1.37903  1.38082
  5821.40      1.7178  1.37900  1.38079
  5819.90      1.7182  1.37897  1.38076
  5818.40      1.7187  1.37895  1.38074
  5816.90      1.7191  1.37892  1.38071
  5815.40      1.7196  1.37889  1.38068
  5813.90      1.7200  1.37887  1.38066
  5812.40      1.7205  1.37885  1.38064
  5810.90      1.7209  1.37883  1.38062
  5809.40      1.7213  1.37883  1.38061
  5807.90      1.7218  1.37881  1.38060
  5806.39      1.7222  1.37879  1.38058
  5804.89      1.7227  1.37878  1.38057
  5803.39      1.7231  1.37875  1.38054
  5801.89      1.7236  1.37873  1.38052
  5800.39      1.7240  1.37871  1.38050
  5798.89      1.7245  1.37869  1.38048
  5797.39      1.7249  1.37866  1.38045
  5795.89      1.7254  1.37863  1.38042
  5794.39      1.7258  1.37861  1.38039
  5792.89      1.7263  1.37858  1.38037
  5791.39      1.7267  1.37856  1.38035
  5789.89      1.7271  1.37853  1.38032
  5788.39      1.7276  1.37851  1.38030
  5786.89      1.7280  1.37849  1.38028
  5785.39      1.7285  1.37848  1.38027
  5783.89      1.7289  1.37846  1.38025
  5782.39      1.7294  1.37844  1.38023
  5780.89      1.7298  1.37842  1.38021
  5779.39      1.7303  1.37839  1.38018
  5777.89      1.7307  1.37836  1.38015
  5776.39      1.7312  1.37833  1.38012
  5774.89      1.7316  1.37829  1.38008
  5773.39      1.7321  1.37826  1.38005
  5771.89      1.7325  1.37823  1.38001
  5770.39      1.7330  1.37820  1.37998
  5768.89      1.7334  1.37818  1.37996
  5767.39      1.7339  1.37817  1.37996
  5765.89      1.7343  1.37818  1.37997
  5764.39      1.7348  1.37819  1.37998
  5762.89      1.7352  1.37820  1.37999
  5761.39      1.7357  1.37821  1.37999
  5759.89      1.7361  1.37822  1.38000
  5758.39      1.7366  1.37822  1.38001
  5756.89      1.7370  1.37822  1.38001
  5755.39      1.7375  1.37822  1.38000
  5753.89      1.7380  1.37820  1.37999
  5752.39      1.7384  1.37818  1.37997
  5750.89      1.7389  1.37816  1.37994
  5749.39      1.7393  1.37813  1.37991
  5747.89      1.7398  1.37810  1.37989
  5746.39      1.7402  1.37808  1.37987
  5744.89      1.7407  1.37806  1.37985
  5743.39      1.7411  1.37804  1.37982
  5741.89      1.7416  1.37800  1.37979
  5740.39      1.7420  1.37797  1.37976
  5738.89      1.7425  1.37793  1.37971
  5737.39      1.7430  1.37789  1.37968
  5735.89      1.7434  1.37785  1.37963
  5734.39      1.7439  1.37781  1.37959
  5732.89      1.7443  1.37777  1.37955
  5731.39      1.7448  1.37773  1.37952
  5729.89      1.7452  1.37770  1.37948
  5728.39      1.7457  1.37767  1.37945
  5726.89      1.7461  1.37765  1.37943
  5725.39      1.7466  1.37763  1.37941
  5723.89      1.7471  1.37761  1.37940
  5722.39      1.7475  1.37759  1.37937
  5720.89      1.7480  1.37756  1.37935
  5719.39      1.7484  1.37753  1.37932
  5717.89      1.7489  1.37751  1.37929
  5716.39      1.7494  1.37748  1.37926
  5714.89      1.7498  1.37745  1.37923
  5713.39      1.7503  1.37742  1.37921
  5711.89      1.7507  1.37740  1.37918
  5710.39      1.7512  1.37738  1.37916
  5708.89      1.7517  1.37736  1.37914
  5707.39      1.7521  1.37735  1.37914
  5705.89      1.7526  1.37735  1.37913
  5704.39      1.7530  1.37735  1.37913
  5702.89      1.7535  1.37736  1.37914
  5701.39      1.7540  1.37736  1.37914
  5699.89      1.7544  1.37736  1.37914
  5698.39      1.7549  1.37735  1.37913
  5696.89      1.7553  1.37734  1.37912
  5695.39      1.7558  1.37733  1.37911
  5693.89      1.7563  1.37732  1.37910
  5692.39      1.7567  1.37730  1.37908
  5690.89      1.7572  1.37728  1.37906
  5689.39      1.7577  1.37725  1.37903
  5687.89      1.7581  1.37722  1.37900
  5686.39      1.7586  1.37720  1.37898
  5684.89      1.7591  1.37717  1.37895
  5683.39      1.7595  1.37716  1.37894
  5681.89      1.7600  1.37713  1.37891
  5680.39      1.7604  1.37711  1.37889
  5678.89      1.7609  1.37708  1.37886
  5677.39      1.7614  1.37707  1.37885
  5675.88      1.7618  1.37705  1.37883
  5674.38      1.7623  1.37703  1.37881
  5672.88      1.7628  1.37703  1.37881
  5671.38      1.7632  1.37702  1.37880
  5669.88      1.7637  1.37702  1.37880
  5668.38      1.7642  1.37701  1.37879
  5666.88      1.7646  1.37701  1.37879
  5665.38      1.7651  1.37700  1.37878
  5663.88      1.7656  1.37699  1.37877
  5662.38      1.7660  1.37697  1.37875
  5660.88      1.7665  1.37694  1.37872
  5659.38      1.7670  1.37692  1.37870
  5657.88      1.7674  1.37689  1.37867
  5656.38      1.7679  1.37687  1.37864
  5654.88      1.7684  1.37683  1.37860
  5653.38      1.7689  1.37680  1.37858
  5651.88      1.7693  1.37678  1.37855
  5650.38      1.7698  1.37676  1.37854
  5648.88      1.7703  1.37674  1.37852
  5647.38      1.7707  1.37672  1.37850
  5645.88      1.7712  1.37671  1.37849
  5644.38      1.7717  1.37670  1.37848
  5642.88      1.7721  1.37669  1.37847
  5641.38      1.7726  1.37668  1.37846
  5639.88      1.7731  1.37667  1.37844
  5638.38      1.7736  1.37664  1.37842
  5636.88      1.7740  1.37662  1.37839
  5635.38      1.7745  1.37659  1.37836
  5633.88      1.7750  1.37656  1.37834
  5632.38      1.7754  1.37654  1.37831
  5630.88      1.7759  1.37651  1.37829
  5629.38      1.7764  1.37649  1.37826
  5627.88      1.7769  1.37645  1.37823
  5626.38      1.7773  1.37644  1.37821
  5624.88      1.7778  1.37642  1.37819
  5623.38      1.7783  1.37641  1.37818
  5621.88      1.7788  1.37639  1.37817
  5620.38      1.7792  1.37637  1.37815
  5618.88      1.7797  1.37636  1.37814
  5617.38      1.7802  1.37634  1.37812
  5615.88      1.7807  1.37633  1.37811
  5614.38      1.7811  1.37630  1.37808
  5612.88      1.7816  1.37629  1.37807
  5611.38      1.7821  1.37628  1.37805
  5609.88      1.7826  1.37627  1.37804
  5608.38      1.7830  1.37625  1.37802
  5606.88      1.7835  1.37623  1.37800
  5605.38      1.7840  1.37622  1.37800
  5603.88      1.7845  1.37621  1.37798
  5602.38      1.7850  1.37621  1.37798
  5600.88      1.7854  1.37620  1.37798
  5599.38      1.7859  1.37620  1.37797
  5597.88      1.7864  1.37618  1.37796
  5596.38      1.7869  1.37617  1.37795
  5594.88      1.7873  1.37615  1.37792
  5593.38      1.7878  1.37612  1.37790
  5591.88      1.7883  1.37609  1.37786
  5590.38      1.7888  1.37604  1.37781
  5588.88      1.7893  1.37598  1.37776
  5587.38      1.7897  1.37593  1.37770
  5585.88      1.7902  1.37586  1.37764
  5584.38      1.7907  1.37580  1.37757
  5582.88      1.7912  1.37574  1.37751
  5581.38      1.7917  1.37569  1.37746
  5579.88      1.7922  1.37564  1.37742
  5578.38      1.7926  1.37561  1.37738
  5576.88      1.7931  1.37558  1.37736
  5575.38      1.7936  1.37557  1.37735
  5573.88      1.7941  1.37557  1.37734
  5572.38      1.7946  1.37558  1.37735
  5570.88      1.7950  1.37559  1.37736
  5569.38      1.7955  1.37560  1.37738
  5567.88      1.7960  1.37563  1.37740
  5566.38      1.7965  1.37565  1.37742
  5564.88      1.7970  1.37568  1.37745
  5563.38      1.7975  1.37570  1.37747
  5561.88      1.7980  1.37571  1.37748
  5560.38      1.7984  1.37572  1.37750
  5558.88      1.7989  1.37573  1.37750
  5557.38      1.7994  1.37572  1.37750
  5555.88      1.7999  1.37571  1.37748
  5554.38      1.8004  1.37568  1.37745
  5552.88      1.8009  1.37565  1.37742
  5551.38      1.8014  1.37561  1.37739
  5549.88      1.8018  1.37558  1.37736
  5548.38      1.8023  1.37556  1.37733
  5546.88      1.8028  1.37552  1.37729
  5545.38      1.8033  1.37550  1.37727
  5543.88      1.8038  1.37547  1.37724
  5542.38      1.8043  1.37546  1.37723
  5540.88      1.8048  1.37545  1.37722
  5539.38      1.8053  1.37543  1.37720
  5537.87      1.8057  1.37542  1.37719
  5536.37      1.8062  1.37539  1.37716
  5534.87      1.8067  1.37536  1.37713
  5533.37      1.8072  1.37532  1.37709
  5531.87      1.8077  1.37530  1.37707
  5530.37      1.8082  1.37528  1.37705
  5528.87      1.8087  1.37526  1.37703
  5527.37      1.8092  1.37523  1.37700
  5525.87      1.8097  1.37520  1.37697
  5524.37      1.8102  1.37518  1.37695
  5522.87      1.8107  1.37516  1.37693
  5521.37      1.8111  1.37515  1.37692
  5519.87      1.8116  1.37514  1.37691
  5518.37      1.8121  1.37513  1.37690
  5516.87      1.8126  1.37511  1.37688
  5515.37      1.8131  1.37510  1.37687
  5513.87      1.8136  1.37508  1.37685
  5512.37      1.8141  1.37507  1.37684
  5510.87      1.8146  1.37506  1.37683
  5509.37      1.8151  1.37506  1.37683
  5507.87      1.8156  1.37506  1.37682
  5506.37      1.8161  1.37505  1.37682
  5504.87      1.8166  1.37505  1.37682
  5503.37      1.8171  1.37505  1.37681
  5501.87      1.8176  1.37505  1.37681
  5500.37      1.8181  1.37504  1.37681
  5498.87      1.8186  1.37502  1.37679
  5497.37      1.8191  1.37501  1.37678
  5495.87      1.8195  1.37498  1.37675
  5494.37      1.8200  1.37493  1.37670
  5492.87      1.8205  1.37487  1.37664
  5491.37      1.8210  1.37482  1.37658
  5489.87      1.8215  1.37476  1.37653
  5488.37      1.8220  1.37473  1.37650
  5486.87      1.8225  1.37470  1.37647
  5485.37      1.8230  1.37468  1.37645
  5483.87      1.8235  1.37467  1.37644
  5482.37      1.8240  1.37468  1.37644
  5480.87      1.8245  1.37469  1.37646
  5479.37      1.8250  1.37473  1.37649
  5477.87      1.8255  1.37474  1.37651
  5476.37      1.8260  1.37476  1.37653
  5474.87      1.8265  1.37476  1.37652
  5473.37      1.8270  1.37475  1.37652
  5471.87      1.8275  1.37474  1.37650
  5470.37      1.8280  1.37473  1.37649
  5468.87      1.8285  1.37470  1.37647
  5467.37      1.8290  1.37467  1.37643
  5465.87      1.8295  1.37463  1.37639
  5464.37      1.8300  1.37459  1.37636
  5462.87      1.8305  1.37456  1.37633
  5461.37      1.8310  1.37455  1.37632
  5459.87      1.8315  1.37453  1.37630
  5458.37      1.8320  1.37451  1.37628
  5456.87      1.8326  1.37450  1.37627
  5455.37      1.8331  1.37448  1.37625
  5453.87      1.8336  1.37448  1.37624
  5452.37      1.8341  1.37446  1.37622
  5450.87      1.8346  1.37443  1.37620
  5449.37      1.8351  1.37440  1.37617
  5447.87      1.8356  1.37436  1.37613
  5446.37      1.8361  1.37431  1.37607
  5444.87      1.8366  1.37425  1.37602
  5443.37      1.8371  1.37420  1.37596
  5441.87      1.8376  1.37415  1.37591
  5440.37      1.8381  1.37409  1.37586
  5438.87      1.8386  1.37405  1.37582
  5437.37      1.8391  1.37400  1.37577
  5435.87      1.8396  1.37396  1.37572
  5434.37      1.8401  1.37392  1.37569
  5432.87      1.8406  1.37388  1.37564
  5431.37      1.8412  1.37384  1.37561
  5429.87      1.8417  1.37381  1.37557
  5428.37      1.8422  1.37378  1.37554
  5426.87      1.8427  1.37377  1.37554
  5425.37      1.8432  1.37378  1.37554
  5423.87      1.8437  1.37379  1.37556
  5422.37      1.8442  1.37381  1.37558
  5420.87      1.8447  1.37384  1.37559
  5419.37      1.8452  1.37385  1.37562
  5417.87      1.8457  1.37386  1.37562
  5416.37      1.8463  1.37385  1.37562
  5414.87      1.8468  1.37381  1.37558
  5413.37      1.8473  1.37375  1.37551
  5411.87      1.8478  1.37367  1.37543
  5410.37      1.8483  1.37359  1.37535
  5408.87      1.8488  1.37354  1.37529
  5407.36      1.8493  1.37350  1.37523
  5405.86      1.8498  1.37347  1.37518
  5404.36      1.8504  1.37344  1.37515
  5402.86      1.8509  1.37343  1.37513
  5401.36      1.8514  1.37344  1.37513
  5399.86      1.8519  1.37347  1.37513
  5398.36      1.8524  1.37349  1.37511
  5396.86      1.8529  1.37350  1.37508
  5395.36      1.8534  1.37347  1.37503
  5393.86      1.8540  1.37344  1.37496
  5392.36      1.8545  1.37340  1.37488
  5390.86      1.8550  1.37336  1.37478
  5389.36      1.8555  1.37335  1.37469
  5387.86      1.8560  1.37332  1.37461
  5386.36      1.8565  1.37329  1.37455
  5384.86      1.8571  1.37326  1.37449
  5383.36      1.8576  1.37323  1.37446
  5381.86      1.8581  1.37321  1.37443
  5380.36      1.8586  1.37320  1.37440
  5378.86      1.8591  1.37319  1.37437
  5377.36      1.8596  1.37316  1.37432
  5375.86      1.8602  1.37313  1.37427
  5374.36      1.8607  1.37308  1.37420
  5372.86      1.8612  1.37304  1.37413
  5371.36      1.8617  1.37301  1.37405
  5369.86      1.8622  1.37299  1.37397
  5368.36      1.8628  1.37297  1.37391
  5366.86      1.8633  1.37296  1.37386
  5365.36      1.8638  1.37294  1.37383
  5363.86      1.8643  1.37292  1.37383
  5362.36      1.8648  1.37291  1.37384
  5360.86      1.8654  1.37289  1.37386
  5359.36      1.8659  1.37288  1.37389
  5357.86      1.8664  1.37286  1.37394
  5356.36      1.8669  1.37285  1.37402
  5354.86      1.8675  1.37282  1.37411
  5353.36      1.8680  1.37279  1.37418
  5351.86      1.8685  1.37276  1.37424
  5350.36      1.8690  1.37273  1.37430
  5348.86      1.8696  1.37272  1.37437
  5347.36      1.8701  1.37269  1.37444
  5345.86      1.8706  1.37264  1.37449
  5344.36      1.8711  1.37258  1.37451
  5342.86      1.8717  1.37251  1.37448
  5341.36      1.8722  1.37246  1.37445
  5339.86      1.8727  1.37242  1.37441
  5338.36      1.8732  1.37237  1.37436
  5336.86      1.8738  1.37231  1.37427
  5335.36      1.8743  1.37224  1.37415
  5333.86      1.8748  1.37219  1.37401
  5332.36      1.8753  1.37214  1.37386
  5330.86      1.8759  1.37211  1.37372
  5329.36      1.8764  1.37207  1.37359
  5327.86      1.8769  1.37201  1.37347
  5326.36      1.8775  1.37196  1.37336
  5324.86      1.8780  1.37190  1.37325
  5323.36      1.8785  1.37186  1.37315
  5321.86      1.8790  1.37182  1.37308
  5320.36      1.8796  1.37180  1.37303
  5318.86      1.8801  1.37177  1.37297
  5317.36      1.8806  1.37175  1.37292
  5315.86      1.8812  1.37173  1.37288
  5314.36      1.8817  1.37171  1.37284
  5312.86      1.8822  1.37170  1.37281
  5311.36      1.8828  1.37168  1.37280
  5309.86      1.8833  1.37164  1.37279
  5308.36      1.8838  1.37158  1.37279
  5306.86      1.8844  1.37150  1.37280
  5305.36      1.8849  1.37140  1.37280
  5303.86      1.8854  1.37130  1.37282
  5302.36      1.8860  1.37119  1.37282
  5300.86      1.8865  1.37108  1.37283
  5299.36      1.8870  1.37096  1.37283
  5297.86      1.8876  1.37084  1.37283
  5296.36      1.8881  1.37073  1.37284
  5294.86      1.8886  1.37063  1.37284
  5293.36      1.8892  1.37056  1.37284
  5291.86      1.8897  1.37051  1.37283
  5290.36      1.8902  1.37046  1.37283
  5288.86      1.8908  1.37042  1.37282
  5287.36      1.8913  1.37040  1.37280
  5285.86      1.8918  1.37037  1.37278
  5284.36      1.8924  1.37036  1.37274
  5282.86      1.8929  1.37033  1.37269
  5281.36      1.8935  1.37028  1.37263
  5279.86      1.8940  1.37024  1.37258
  5278.36      1.8945  1.37019  1.37252
  5276.86      1.8951  1.37015  1.37249
  5275.35      1.8956  1.37013  1.37246
  5273.85      1.8961  1.37010  1.37246
  5272.35      1.8967  1.37009  1.37247
  5270.85      1.8972  1.37009  1.37247
  5269.35      1.8978  1.37011  1.37248
  5267.85      1.8983  1.37013  1.37249
  5266.35      1.8988  1.37017  1.37250
  5264.85      1.8994  1.37018  1.37251
  5263.35      1.8999  1.37020  1.37251
  5261.85      1.9005  1.37020  1.37250
  5260.35      1.9010  1.37021  1.37249
  5258.85      1.9016  1.37021  1.37249
  5257.35      1.9021  1.37021  1.37251
  5255.85      1.9026  1.37021  1.37254
  5254.35      1.9032  1.37020  1.37257
  5252.85      1.9037  1.37017  1.37259
  5251.35      1.9043  1.37013  1.37260
  5249.85      1.9048  1.37010  1.37260
  5248.35      1.9054  1.37007  1.37259
  5246.85      1.9059  1.37001  1.37255
  5245.35      1.9064  1.36994  1.37249
  5243.85      1.9070  1.36987  1.37242
  5242.35      1.9075  1.36979  1.37234
  5240.85      1.9081  1.36974  1.37227
  5239.35      1.9086  1.36970  1.37222
  5237.85      1.9092  1.36970  1.37219
  5236.35      1.9097  1.36971  1.37216
  5234.85      1.9103  1.36972  1.37215
  5233.35      1.9108  1.36976  1.37214
  5231.85      1.9114  1.36980  1.37214
  5230.35      1.9119  1.36984  1.37214
  5228.85      1.9125  1.36988  1.37213
  5227.35      1.9130  1.36992  1.37210
  5225.85      1.9136  1.36993  1.37205
  5224.35      1.9141  1.36992  1.37197
  5222.85      1.9147  1.36987  1.37190
  5221.35      1.9152  1.36984  1.37181
  5219.85      1.9158  1.36979  1.37175
  5218.35      1.9163  1.36975  1.37170
  5216.85      1.9169  1.36971  1.37166
  5215.35      1.9174  1.36965  1.37162
  5213.85      1.9180  1.36960  1.37159
  5212.35      1.9185  1.36956  1.37158
  5210.85      1.9191  1.36953  1.37158
  5209.35      1.9196  1.36951  1.37159
  5207.85      1.9202  1.36949  1.37158
  5206.35      1.9207  1.36946  1.37154
  5204.85      1.9213  1.36943  1.37149
  5203.35      1.9218  1.36940  1.37143
  5201.85      1.9224  1.36938  1.37137
  5200.35      1.9229  1.36937  1.37131
  5198.85      1.9235  1.36936  1.37126
  5197.35      1.9241  1.36935  1.37121
  5195.85      1.9246  1.36935  1.37116
  5194.35      1.9252  1.36935  1.37112
  5192.85      1.9257  1.36936  1.37111
  5191.35      1.9263  1.36937  1.37111
  5189.85      1.9268  1.36937  1.37113
  5188.35      1.9274  1.36937  1.37113
  5186.85      1.9280  1.36937  1.37113
  5185.35      1.9285  1.36937  1.37113
  5183.85      1.9291  1.36936  1.37112
  5182.35      1.9296  1.36934  1.37111
  5180.85      1.9302  1.36932  1.37111
  5179.35      1.9307  1.36930  1.37110
  5177.85      1.9313  1.36927  1.37107
  5176.35      1.9319  1.36926  1.37105
  5174.85      1.9324  1.36924  1.37102
  5173.35      1.9330  1.36923  1.37099
  5171.85      1.9335  1.36920  1.37096
  5170.35      1.9341  1.36917  1.37095
  5168.85      1.9347  1.36913  1.37093
  5167.35      1.9352  1.36909  1.37092
  5165.85      1.9358  1.36904  1.37092
  5164.35      1.9364  1.36899  1.37094
  5162.85      1.9369  1.36892  1.37098
  5161.35      1.9375  1.36885  1.37103
  5159.85      1.9380  1.36879  1.37111
  5158.35      1.9386  1.36874  1.37117
  5156.85      1.9392  1.36871  1.37123
  5155.35      1.9397  1.36869  1.37127
  5153.85      1.9403  1.36869  1.37129
  5152.35      1.9409  1.36871  1.37129
  5150.85      1.9414  1.36874  1.37126
  5149.35      1.9420  1.36877  1.37122
  5147.85      1.9426  1.36882  1.37115
  5146.35      1.9431  1.36885  1.37106
  5144.85      1.9437  1.36889  1.37097
  5143.35      1.9443  1.36890  1.37088
  5141.85      1.9448  1.36890  1.37081
  5140.35      1.9454  1.36888  1.37074
  5138.84      1.9460  1.36885  1.37069
  5137.34      1.9465  1.36882  1.37066
  5135.84      1.9471  1.36879  1.37064
  5134.34      1.9477  1.36876  1.37064
  5132.84      1.9482  1.36873  1.37065
  5131.34      1.9488  1.36869  1.37068
  5129.84      1.9494  1.36867  1.37071
  5128.34      1.9499  1.36865  1.37074
  5126.84      1.9505  1.36865  1.37076
  5125.34      1.9511  1.36865  1.37078
  5123.84      1.9517  1.36864  1.37080
  5122.34      1.9522  1.36862  1.37081
  5120.84      1.9528  1.36860  1.37082
  5119.34      1.9534  1.36858  1.37082
  5117.84      1.9539  1.36855  1.37082
  5116.34      1.9545  1.36853  1.37082
  5114.84      1.9551  1.36849  1.37082
  5113.34      1.9557  1.36845  1.37081
  5111.84      1.9562  1.36841  1.37080
  5110.34      1.9568  1.36838  1.37080
  5108.84      1.9574  1.36836  1.37077
  5107.34      1.9580  1.36834  1.37075
  5105.84      1.9585  1.36833  1.37073
  5104.34      1.9591  1.36831  1.37071
  5102.84      1.9597  1.36830  1.37066
  5101.34      1.9603  1.36829  1.37062
  5099.84      1.9608  1.36829  1.37059
  5098.34      1.9614  1.36829  1.37057
  5096.84      1.9620  1.36828  1.37055
  5095.34      1.9626  1.36825  1.37054
  5093.84      1.9632  1.36822  1.37053
  5092.34      1.9637  1.36819  1.37053
  5090.84      1.9643  1.36816  1.37053
  5089.34      1.9649  1.36814  1.37053
  5087.84      1.9655  1.36811  1.37052
  5086.34      1.9660  1.36809  1.37050
  5084.84      1.9666  1.36807  1.37047
  5083.34      1.9672  1.36806  1.37043
  5081.84      1.9678  1.36806  1.37038
  5080.34      1.9684  1.36806  1.37031
  5078.84      1.9690  1.36806  1.37023
  5077.34      1.9695  1.36804  1.37015
  5075.84      1.9701  1.36802  1.37008
  5074.34      1.9707  1.36800  1.37001
  5072.84      1.9713  1.36798  1.36995
  5071.34      1.9719  1.36795  1.36990
  5069.84      1.9724  1.36794  1.36985
  5068.34      1.9730  1.36791  1.36982
  5066.84      1.9736  1.36789  1.36979
  5065.34      1.9742  1.36789  1.36977
  5063.84      1.9748  1.36789  1.36977
  5062.34      1.9754  1.36789  1.36978
  5060.84      1.9760  1.36790  1.36979
  5059.34      1.9765  1.36791  1.36979
  5057.84      1.9771  1.36792  1.36979
  5056.34      1.9777  1.36792  1.36980
  5054.84      1.9783  1.36792  1.36980
  5053.34      1.9789  1.36792  1.36981
  5051.84      1.9795  1.36792  1.36981
  5050.34      1.9801  1.36792  1.36979
  5048.84      1.9807  1.36793  1.36976
  5047.34      1.9812  1.36794  1.36973
  5045.84      1.9818  1.36795  1.36970
  5044.34      1.9824  1.36796  1.36968
  5042.84      1.9830  1.36795  1.36965
  5041.34      1.9836  1.36794  1.36963
  5039.84      1.9842  1.36792  1.36959
  5038.34      1.9848  1.36788  1.36956
  5036.84      1.9854  1.36784  1.36952
  5035.34      1.9860  1.36777  1.36949
  5033.84      1.9866  1.36769  1.36944
  5032.34      1.9871  1.36762  1.36939
  5030.84      1.9877  1.36755  1.36932
  5029.34      1.9883  1.36748  1.36925
  5027.84      1.9889  1.36742  1.36917
  5026.34      1.9895  1.36737  1.36910
  5024.84      1.9901  1.36734  1.36902
  5023.34      1.9907  1.36730  1.36894
  5021.84      1.9913  1.36728  1.36886
  5020.34      1.9919  1.36725  1.36878
  5018.84      1.9925  1.36722  1.36873
  5017.34      1.9931  1.36718  1.36867
  5015.84      1.9937  1.36714  1.36863
  5014.34      1.9943  1.36710  1.36859
  5012.84      1.9949  1.36704  1.36857
  5011.34      1.9955  1.36697  1.36856
  5009.84      1.9961  1.36690  1.36858
  5008.34      1.9967  1.36684  1.36860
  5006.83      1.9973  1.36677  1.36863
  5005.33      1.9979  1.36673  1.36866
  5003.83      1.9985  1.36669  1.36868
  5002.33      1.9991  1.36666  1.36870
  5000.83      1.9997  1.36663  1.36871
  4999.33      2.0003  1.36661  1.36869
  4997.83      2.0009  1.36660  1.36866
  4996.33      2.0015  1.36659  1.36861
  4994.83      2.0021  1.36658  1.36854
  4993.33      2.0027  1.36656  1.36847
  4991.83      2.0033  1.36654  1.36841
  4990.33      2.0039  1.36652  1.36834
  4988.83      2.0045  1.36649  1.36828
  4987.33      2.0051  1.36647  1.36823
  4985.83      2.0057  1.36645  1.36819
  4984.33      2.0063  1.36642  1.36815
  4982.83      2.0069  1.36638  1.36813
  4981.33      2.0075  1.36636  1.36812
  4979.83      2.0081  1.36634  1.36809
  4978.33      2.0087  1.36633  1.36807
  4976.83      2.0093  1.36630  1.36803
  4975.33      2.0099  1.36627  1.36799
  4973.83      2.0105  1.36624  1.36796
  4972.33      2.0111  1.36619  1.36791
  4970.83      2.0117  1.36615  1.36786
  4969.33      2.0123  1.36611  1.36780
  4967.83      2.0130  1.36605  1.36774
  4966.33      2.0136  1.36596  1.36769
  4964.83      2.0142  1.36587  1.36765
  4963.33      2.0148  1.36579  1.36761
  4961.83      2.0154  1.36570  1.36758
  4960.33      2.0160  1.36562  1.36755
  4958.83      2.0166  1.36555  1.36752
  4957.33      2.0172  1.36549  1.36749
  4955.83      2.0178  1.36543  1.36746
  4954.33      2.0184  1.36540  1.36743
  4952.83      2.0190  1.36539  1.36739
  4951.33      2.0197  1.36539  1.36736
  4949.83      2.0203  1.36539  1.36732
  4948.33      2.0209  1.36539  1.36727
  4946.83      2.0215  1.36538  1.36724
  4945.33      2.0221  1.36537  1.36718
  4943.83      2.0227  1.36536  1.36713
  4942.33      2.0233  1.36532  1.36708
  4940.83      2.0240  1.36528  1.36703
  4939.33      2.0246  1.36522  1.36697
  4937.83      2.0252  1.36516  1.36692
  4936.33      2.0258  1.36511  1.36686
  4934.83      2.0264  1.36506  1.36679
  4933.33      2.0270  1.36502  1.36674
  4931.83      2.0276  1.36497  1.36669
  4930.33      2.0283  1.36493  1.36667
  4928.83      2.0289  1.36490  1.36664
  4927.33      2.0295  1.36489  1.36663
  4925.83      2.0301  1.36486  1.36662
  4924.33      2.0307  1.36484  1.36662
  4922.83      2.0314  1.36482  1.36665
  4921.33      2.0320  1.36479  1.36667
  4919.83      2.0326  1.36477  1.36668
  4918.33      2.0332  1.36474  1.36668
  4916.83      2.0338  1.36472  1.36667
  4915.33      2.0345  1.36469  1.36663
  4913.83      2.0351  1.36468  1.36660
  4912.33      2.0357  1.36467  1.36655
  4910.83      2.0363  1.36466  1.36649
  4909.33      2.0369  1.36464  1.36643
  4907.83      2.0376  1.36462  1.36635
  4906.33      2.0382  1.36458  1.36627
  4904.83      2.0388  1.36453  1.36620
  4903.33      2.0394  1.36447  1.36615
  4901.83      2.0401  1.36439  1.36610
  4900.33      2.0407  1.36431  1.36607
  4898.83      2.0413  1.36421  1.36602
  4897.33      2.0419  1.36413  1.36598
  4895.83      2.0426  1.36405  1.36594
  4894.33      2.0432  1.36399  1.36589
  4892.83      2.0438  1.36392  1.36585
  4891.33      2.0444  1.36389  1.36579
  4889.83      2.0451  1.36386  1.36572
  4888.33      2.0457  1.36384  1.36563
  4886.83      2.0463  1.36383  1.36555
  4885.33      2.0469  1.36381  1.36546
  4883.83      2.0476  1.36378  1.36540
  4882.33      2.0482  1.36375  1.36535
  4880.83      2.0488  1.36370  1.36529
  4879.33      2.0495  1.36364  1.36523
  4877.83      2.0501  1.36357  1.36518
  4876.33      2.0507  1.36351  1.36514
  4874.83      2.0514  1.36344  1.36511
  4873.33      2.0520  1.36336  1.36509
  4871.83      2.0526  1.36327  1.36505
  4870.32      2.0533  1.36320  1.36500
  4868.82      2.0539  1.36312  1.36494
  4867.32      2.0545  1.36306  1.36487
  4865.82      2.0552  1.36299  1.36480
  4864.32      2.0558  1.36292  1.36473
  4862.82      2.0564  1.36286  1.36466
  4861.32      2.0571  1.36279  1.36458
  4859.82      2.0577  1.36273  1.36451
  4858.32      2.0583  1.36269  1.36445
  4856.82      2.0590  1.36264  1.36440
  4855.32      2.0596  1.36261  1.36437
  4853.82      2.0602  1.36257  1.36434
  4852.32      2.0609  1.36253  1.36433
  4850.82      2.0615  1.36249  1.36432
  4849.32      2.0621  1.36245  1.36432
  4847.82      2.0628  1.36241  1.36430
  4846.32      2.0634  1.36237  1.36430
  4844.82      2.0641  1.36232  1.36428
  4843.32      2.0647  1.36227  1.36428
  4841.82      2.0653  1.36223  1.36426
  4840.32      2.0660  1.36219  1.36422
  4838.82      2.0666  1.36215  1.36417
  4837.32      2.0673  1.36211  1.36412
  4835.82      2.0679  1.36207  1.36406
  4834.32      2.0685  1.36203  1.36401
  4832.82      2.0692  1.36200  1.36394
  4831.32      2.0698  1.36195  1.36387
  4829.82      2.0705  1.36192  1.36379
  4828.32      2.0711  1.36187  1.36372
  4826.82      2.0718  1.36183  1.36365
  4825.32      2.0724  1.36180  1.36360
  4823.82      2.0730  1.36177  1.36355
  4822.32      2.0737  1.36173  1.36350
  4820.82      2.0743  1.36170  1.36345
  4819.32      2.0750  1.36168  1.36340
  4817.82      2.0756  1.36165  1.36335
  4816.32      2.0763  1.36163  1.36331
  4814.82      2.0769  1.36160  1.36325
  4813.32      2.0776  1.36156  1.36319
  4811.82      2.0782  1.36151  1.36313
  4810.32      2.0789  1.36147  1.36308
  4808.82      2.0795  1.36142  1.36303
  4807.32      2.0802  1.36138  1.36298
  4805.82      2.0808  1.36135  1.36294
  4804.32      2.0815  1.36131  1.36290
  4802.82      2.0821  1.36127  1.36286
  4801.32      2.0828  1.36124  1.36282
  4799.82      2.0834  1.36120  1.36279
  4798.32      2.0841  1.36115  1.36275
  4796.82      2.0847  1.36111  1.36271
  4795.32      2.0854  1.36106  1.36266
  4793.82      2.0860  1.36101  1.36261
  4792.32      2.0867  1.36096  1.36256
  4790.82      2.0873  1.36090  1.36250
  4789.32      2.0880  1.36084  1.36245
  4787.82      2.0886  1.36078  1.36241
  4786.32      2.0893  1.36072  1.36235
  4784.82      2.0899  1.36066  1.36230
  4783.32      2.0906  1.36061  1.36224
  4781.82      2.0913  1.36055  1.36217
  4780.32      2.0919  1.36049  1.36211
  4778.82      2.0926  1.36042  1.36205
  4777.32      2.0932  1.36037  1.36199
  4775.82      2.0939  1.36032  1.36193
  4774.32      2.0945  1.36028  1.36187
  4772.82      2.0952  1.36024  1.36182
  4771.32      2.0959  1.36020  1.36178
  4769.82      2.0965  1.36016  1.36175
  4768.32      2.0972  1.36012  1.36174
  4766.82      2.0978  1.36008  1.36173
  4765.32      2.0985  1.36004  1.36173
  4763.82      2.0992  1.35998  1.36172
  4762.32      2.0998  1.35992  1.36171
  4760.82      2.1005  1.35987  1.36170
  4759.32      2.1011  1.35982  1.36169
  4757.82      2.1018  1.35979  1.36167
  4756.32      2.1025  1.35977  1.36164
  4754.82      2.1031  1.35977  1.36161
  4753.32      2.1038  1.35978  1.36158
  4751.82      2.1045  1.35979  1.36155
  4750.32      2.1051  1.35981  1.36151
  4748.82      2.1058  1.35983  1.36148
  4747.32      2.1065  1.35983  1.36145
  4745.82      2.1071  1.35982  1.36143
  4744.32      2.1078  1.35980  1.36141
  4742.82      2.1085  1.35976  1.36139
  4741.32      2.1091  1.35970  1.36138
  4739.82      2.1098  1.35963  1.36137
  4738.31      2.1105  1.35955  1.36137
  4736.81      2.1111  1.35948  1.36137
  4735.31      2.1118  1.35942  1.36137
  4733.81      2.1125  1.35937  1.36135
  4732.31      2.1131  1.35933  1.36133
  4730.81      2.1138  1.35930  1.36131
  4729.31      2.1145  1.35926  1.36127
  4727.81      2.1151  1.35924  1.36123
  4726.31      2.1158  1.35921  1.36117
  4724.81      2.1165  1.35919  1.36110
  4723.31      2.1172  1.35916  1.36102
  4721.81      2.1178  1.35913  1.36094
  4720.31      2.1185  1.35909  1.36086
  4718.81      2.1192  1.35904  1.36078
  4717.31      2.1199  1.35899  1.36069
  4715.81      2.1205  1.35895  1.36059
  4714.31      2.1212  1.35890  1.36050
  4712.81      2.1219  1.35885  1.36041
  4711.31      2.1226  1.35878  1.36032
  4709.81      2.1232  1.35870  1.36023
  4708.31      2.1239  1.35863  1.36015
  4706.81      2.1246  1.35856  1.36008
  4705.31      2.1253  1.35849  1.36001
  4703.81      2.1259  1.35841  1.35995
  4702.31      2.1266  1.35834  1.35991
  4700.81      2.1273  1.35828  1.35986
  4699.31      2.1280  1.35821  1.35982
  4697.81      2.1287  1.35817  1.35978
  4696.31      2.1293  1.35812  1.35976
  4694.81      2.1300  1.35809  1.35973
  4693.31      2.1307  1.35805  1.35970
  4691.81      2.1314  1.35802  1.35966
  4690.31      2.1321  1.35799  1.35961
  4688.81      2.1327  1.35795  1.35957
  4687.31      2.1334  1.35792  1.35951
  4685.81      2.1341  1.35787  1.35946
  4684.31      2.1348  1.35782  1.35941
  4682.81      2.1355  1.35776  1.35935
  4681.31      2.1362  1.35769  1.35927
  4679.81      2.1368  1.35761  1.35918
  4678.31      2.1375  1.35754  1.35909
  4676.81      2.1382  1.35745  1.35901
  4675.31      2.1389  1.35734  1.35893
  4673.81      2.1396  1.35725  1.35884
  4672.31      2.1403  1.35718  1.35876
  4670.81      2.1410  1.35710  1.35866
  4669.31      2.1416  1.35704  1.35858
  4667.81      2.1423  1.35699  1.35852
  4666.31      2.1430  1.35694  1.35848
  4664.81      2.1437  1.35689  1.35845
  4663.31      2.1444  1.35685  1.35843
  4661.81      2.1451  1.35681  1.35839
  4660.31      2.1458  1.35678  1.35835
  4658.81      2.1465  1.35673  1.35832
  4657.31      2.1472  1.35669  1.35829
  4655.81      2.1479  1.35663  1.35825
  4654.31      2.1485  1.35657  1.35820
  4652.81      2.1492  1.35652  1.35814
  4651.31      2.1499  1.35646  1.35807
  4649.81      2.1506  1.35641  1.35799
  4648.31      2.1513  1.35635  1.35790
  4646.81      2.1520  1.35629  1.35782
  4645.31      2.1527  1.35622  1.35775
  4643.81      2.1534  1.35617  1.35767
  4642.31      2.1541  1.35611  1.35759
  4640.81      2.1548  1.35606  1.35750
  4639.31      2.1555  1.35600  1.35741
  4637.81      2.1562  1.35593  1.35732
  4636.31      2.1569  1.35585  1.35724
  4634.81      2.1576  1.35576  1.35714
  4633.31      2.1583  1.35568  1.35706
  4631.81      2.1590  1.35560  1.35699
  4630.31      2.1597  1.35551  1.35691
  4628.81      2.1604  1.35541  1.35683
  4627.31      2.1611  1.35532  1.35677
  4625.81      2.1618  1.35523  1.35672
  4624.31      2.1625  1.35515  1.35666
  4622.81      2.1632  1.35508  1.35661
  4621.31      2.1639  1.35501  1.35656
  4619.81      2.1646  1.35494  1.35651
  4618.31      2.1653  1.35487  1.35645
  4616.81      2.1660  1.35479  1.35639
  4615.31      2.1667  1.35472  1.35633
  4613.81      2.1674  1.35464  1.35626
  4612.31      2.1681  1.35455  1.35618
  4610.81      2.1688  1.35447  1.35612
  4609.31      2.1695  1.35439  1.35604
  4607.81      2.1702  1.35430  1.35596
  4606.31      2.1709  1.35424  1.35587
  4604.81      2.1716  1.35417  1.35579
  4603.31      2.1724  1.35412  1.35570
  4601.80      2.1731  1.35408  1.35562
  4600.30      2.1738  1.35403  1.35554
  4598.80      2.1745  1.35400  1.35546
  4597.30      2.1752  1.35395  1.35539
  4595.80      2.1759  1.35391  1.35531
  4594.30      2.1766  1.35387  1.35524
  4592.80      2.1773  1.35382  1.35517
  4591.30      2.1780  1.35374  1.35510
  4589.80      2.1787  1.35368  1.35504
  4588.30      2.1795  1.35360  1.35499
  4586.80      2.1802  1.35352  1.35494
  4585.30      2.1809  1.35344  1.35491
  4583.80      2.1816  1.35338  1.35487
  4582.30      2.1823  1.35330  1.35484
  4580.80      2.1830  1.35321  1.35480
  4579.30      2.1837  1.35313  1.35475
  4577.80      2.1845  1.35306  1.35470
  4576.30      2.1852  1.35299  1.35465
  4574.80      2.1859  1.35291  1.35458
  4573.30      2.1866  1.35284  1.35450
  4571.80      2.1873  1.35276  1.35440
  4570.30      2.1880  1.35269  1.35430
  4568.80      2.1888  1.35262  1.35419
  4567.30      2.1895  1.35254  1.35408
  4565.80      2.1902  1.35247  1.35398
  4564.30      2.1909  1.35240  1.35388
  4562.80      2.1916  1.35234  1.35378
  4561.30      2.1924  1.35227  1.35369
  4559.80      2.1931  1.35220  1.35361
  4558.30      2.1938  1.35213  1.35354
  4556.80      2.1945  1.35207  1.35349
  4555.30      2.1952  1.35200  1.35344
  4553.80      2.1960  1.35194  1.35340
  4552.30      2.1967  1.35188  1.35335
  4550.80      2.1974  1.35180  1.35330
  4549.30      2.1981  1.35174  1.35326
  4547.80      2.1989  1.35168  1.35320
  4546.30      2.1996  1.35162  1.35314
  4544.80      2.2003  1.35155  1.35307
  4543.30      2.2010  1.35149  1.35300
  4541.80      2.2018  1.35142  1.35294
  4540.30      2.2025  1.35136  1.35287
  4538.80      2.2032  1.35130  1.35281
  4537.30      2.2040  1.35123  1.35274
  4535.80      2.2047  1.35118  1.35269
  4534.30      2.2054  1.35113  1.35263
  4532.80      2.2061  1.35108  1.35258
  4531.30      2.2069  1.35104  1.35250
  4529.80      2.2076  1.35100  1.35244
  4528.30      2.2083  1.35095  1.35236
  4526.80      2.2091  1.35092  1.35230
  4525.30      2.2098  1.35088  1.35222
  4523.80      2.2105  1.35083  1.35216
  4522.30      2.2113  1.35079  1.35209
  4520.80      2.2120  1.35073  1.35201
  4519.30      2.2127  1.35068  1.35195
  4517.80      2.2135  1.35063  1.35188
  4516.30      2.2142  1.35057  1.35183
  4514.80      2.2149  1.35051  1.35177
  4513.30      2.2157  1.35044  1.35173
  4511.80      2.2164  1.35036  1.35168
  4510.30      2.2171  1.35027  1.35162
  4508.80      2.2179  1.35017  1.35158
  4507.30      2.2186  1.35006  1.35153
  4505.80      2.2194  1.34994  1.35148
  4504.30      2.2201  1.34982  1.35142
  4502.80      2.2208  1.34969  1.35136
  4501.30      2.2216  1.34957  1.35130
  4499.80      2.2223  1.34946  1.35122
  4498.30      2.2231  1.34938  1.35114
  4496.80      2.2238  1.34930  1.35107
  4495.30      2.2245  1.34926  1.35100
  4493.80      2.2253  1.34921  1.35092
  4492.30      2.2260  1.34916  1.35085
  4490.80      2.2268  1.34913  1.35078
  4489.30      2.2275  1.34909  1.35071
  4487.80      2.2283  1.34904  1.35065
  4486.30      2.2290  1.34899  1.35058
  4484.80      2.2298  1.34892  1.35051
  4483.30      2.2305  1.34883  1.35043
  4481.80      2.2312  1.34876  1.35034
  4480.30      2.2320  1.34867  1.35025
  4478.80      2.2327  1.34859  1.35015
  4477.30      2.2335  1.34850  1.35006
  4475.80      2.2342  1.34842  1.34997
  4474.30      2.2350  1.34834  1.34986
  4472.80      2.2357  1.34827  1.34977
  4471.30      2.2365  1.34819  1.34969
  4469.79      2.2372  1.34813  1.34961
  4468.29      2.2380  1.34806  1.34954
  4466.79      2.2387  1.34799  1.34946
  4465.29      2.2395  1.34793  1.34938
  4463.79      2.2402  1.34786  1.34930
  4462.29      2.2410  1.34779  1.34923
  4460.79      2.2418  1.34773  1.34916
  4459.29      2.2425  1.34768  1.34908
  4457.79      2.2433  1.34762  1.34900
  4456.29      2.2440  1.34755  1.34890
  4454.79      2.2448  1.34750  1.34883
  4453.29      2.2455  1.34744  1.34875
  4451.79      2.2463  1.34737  1.34867
  4450.29      2.2470  1.34730  1.34859
  4448.79      2.2478  1.34723  1.34851
  4447.29      2.2486  1.34716  1.34844
  4445.79      2.2493  1.34707  1.34835
  4444.29      2.2501  1.34698  1.34827
  4442.79      2.2508  1.34689  1.34819
  4441.29      2.2516  1.34680  1.34812
  4439.79      2.2524  1.34672  1.34804
  4438.29      2.2531  1.34662  1.34795
  4436.79      2.2539  1.34654  1.34787
  4435.29      2.2546  1.34645  1.34778
  4433.79      2.2554  1.34638  1.34770
  4432.29      2.2562  1.34630  1.34762
  4430.79      2.2569  1.34623  1.34754
  4429.29      2.2577  1.34616  1.34746
  4427.79      2.2585  1.34610  1.34739
  4426.29      2.2592  1.34604  1.34731
  4424.79      2.2600  1.34598  1.34723
  4423.29      2.2608  1.34591  1.34715
  4421.79      2.2615  1.34583  1.34708
  4420.29      2.2623  1.34577  1.34701
  4418.79      2.2631  1.34569  1.34696
  4417.29      2.2638  1.34561  1.34689
  4415.79      2.2646  1.34553  1.34682
  4414.29      2.2654  1.34545  1.34675
  4412.79      2.2661  1.34536  1.34668
  4411.29      2.2669  1.34529  1.34662
  4409.79      2.2677  1.34521  1.34655
  4408.29      2.2685  1.34516  1.34648
  4406.79      2.2692  1.34511  1.34642
  4405.29      2.2700  1.34506  1.34635
  4403.79      2.2708  1.34501  1.34627
  4402.29      2.2715  1.34494  1.34620
  4400.79      2.2723  1.34487  1.34614
  4399.29      2.2731  1.34479  1.34607
  4397.79      2.2739  1.34470  1.34599
  4396.29      2.2746  1.34461  1.34591
  4394.79      2.2754  1.34451  1.34581
  4393.29      2.2762  1.34440  1.34571
  4391.79      2.2770  1.34429  1.34559
  4390.29      2.2778  1.34419  1.34548
  4388.79      2.2785  1.34409  1.34537
  4387.29      2.2793  1.34400  1.34527
  4385.79      2.2801  1.34391  1.34517
  4384.29      2.2809  1.34381  1.34507
  4382.79      2.2817  1.34372  1.34498
  4381.29      2.2824  1.34360  1.34489
  4379.79      2.2832  1.34348  1.34481
  4378.29      2.2840  1.34336  1.34473
  4376.79      2.2848  1.34324  1.34464
  4375.29      2.2856  1.34312  1.34455
  4373.79      2.2863  1.34301  1.34446
  4372.29      2.2871  1.34291  1.34437
  4370.79      2.2879  1.34281  1.34427
  4369.29      2.2887  1.34274  1.34418
  4367.79      2.2895  1.34269  1.34410
  4366.29      2.2903  1.34263  1.34402
  4364.79      2.2911  1.34258  1.34394
  4363.29      2.2919  1.34252  1.34386
  4361.79      2.2926  1.34246  1.34378
  4360.29      2.2934  1.34240  1.34371
  4358.79      2.2942  1.34234  1.34362
  4357.29      2.2950  1.34225  1.34353
  4355.79      2.2958  1.34215  1.34345
  4354.29      2.2966  1.34204  1.34336
  4352.79      2.2974  1.34192  1.34328
  4351.29      2.2982  1.34180  1.34319
  4349.79      2.2990  1.34168  1.34311
  4348.29      2.2998  1.34155  1.34302
  4346.79      2.3006  1.34143  1.34294
  4345.29      2.3013  1.34129  1.34286
  4343.79      2.3021  1.34117  1.34279
  4342.29      2.3029  1.34106  1.34270
  4340.79      2.3037  1.34094  1.34262
  4339.29      2.3045  1.34084  1.34253
  4337.79      2.3053  1.34075  1.34244
  4336.29      2.3061  1.34066  1.34235
  4334.79      2.3069  1.34058  1.34226
  4333.28      2.3077  1.34051  1.34217
  4331.78      2.3085  1.34045  1.34208
  4330.28      2.3093  1.34039  1.34198
  4328.78      2.3101  1.34031  1.34188
  4327.28      2.3109  1.34024  1.34180
  4325.78      2.3117  1.34016  1.34170
  4324.28      2.3125  1.34007  1.34162
  4322.78      2.3133  1.33997  1.34151
  4321.28      2.3141  1.33986  1.34142
  4319.78      2.3149  1.33975  1.34133
  4318.28      2.3157  1.33964  1.34124
  4316.78      2.3165  1.33954  1.34114
  4315.28      2.3173  1.33943  1.34105
  4313.78      2.3182  1.33933  1.34097
  4312.28      2.3190  1.33923  1.34087
  4310.78      2.3198  1.33915  1.34079
  4309.28      2.3206  1.33907  1.34070
  4307.78      2.3214  1.33899  1.34061
  4306.28      2.3222  1.33892  1.34051
  4304.78      2.3230  1.33886  1.34040
  4303.28      2.3238  1.33878  1.34029
  4301.78      2.3246  1.33870  1.34018
  4300.28      2.3254  1.33862  1.34005
  4298.78      2.3262  1.33852  1.33993
  4297.28      2.3271  1.33843  1.33981
  4295.78      2.3279  1.33833  1.33969
  4294.28      2.3287  1.33821  1.33957
  4292.78      2.3295  1.33810  1.33945
  4291.28      2.3303  1.33798  1.33934
  4289.78      2.3311  1.33786  1.33922
  4288.28      2.3319  1.33776  1.33913
  4286.78      2.3328  1.33765  1.33902
  4285.28      2.3336  1.33754  1.33891
  4283.78      2.3344  1.33743  1.33880
  4282.28      2.3352  1.33733  1.33869
  4280.78      2.3360  1.33724  1.33858
  4279.28      2.3368  1.33715  1.33847
  4277.78      2.3377  1.33706  1.33837
  4276.28      2.3385  1.33696  1.33827
  4274.78      2.3393  1.33687  1.33818
  4273.28      2.3401  1.33677  1.33808
  4271.78      2.3409  1.33667  1.33799
  4270.28      2.3418  1.33659  1.33790
  4268.78      2.3426  1.33649  1.33782
  4267.28      2.3434  1.33641  1.33772
  4265.78      2.3442  1.33632  1.33764
  4264.28      2.3451  1.33624  1.33757
  4262.78      2.3459  1.33616  1.33748
  4261.28      2.3467  1.33609  1.33739
  4259.78      2.3475  1.33602  1.33730
  4258.28      2.3484  1.33594  1.33721
  4256.78      2.3492  1.33586  1.33713
  4255.28      2.3500  1.33575  1.33703
  4253.78      2.3509  1.33565  1.33694
  4252.28      2.3517  1.33554  1.33684
  4250.78      2.3525  1.33542  1.33674
  4249.28      2.3533  1.33530  1.33664
  4247.78      2.3542  1.33518  1.33654
  4246.28      2.3550  1.33506  1.33644
  4244.78      2.3558  1.33493  1.33634
  4243.28      2.3567  1.33482  1.33624
  4241.78      2.3575  1.33471  1.33614
  4240.28      2.3583  1.33459  1.33603
  4238.78      2.3592  1.33448  1.33592
  4237.28      2.3600  1.33435  1.33580
  4235.78      2.3608  1.33421  1.33568
  4234.28      2.3617  1.33407  1.33555
  4232.78      2.3625  1.33394  1.33542
  4231.28      2.3634  1.33380  1.33528
  4229.78      2.3642  1.33368  1.33514
  4228.28      2.3650  1.33354  1.33500
  4226.78      2.3659  1.33342  1.33486
  4225.28      2.3667  1.33330  1.33473
  4223.78      2.3675  1.33319  1.33459
  4222.28      2.3684  1.33309  1.33447
  4220.78      2.3692  1.33300  1.33434
  4219.28      2.3701  1.33289  1.33422
  4217.78      2.3709  1.33279  1.33411
  4216.28      2.3718  1.33268  1.33399
  4214.78      2.3726  1.33257  1.33388
  4213.28      2.3735  1.33246  1.33377
  4211.78      2.3743  1.33235  1.33366
  4210.28      2.3751  1.33223  1.33354
  4208.78      2.3760  1.33212  1.33342
  4207.28      2.3768  1.33201  1.33331
  4205.78      2.3777  1.33190  1.33321
  4204.28      2.3785  1.33178  1.33311
  4202.78      2.3794  1.33166  1.33301
  4201.27      2.3802  1.33155  1.33291
  4199.77      2.3811  1.33144  1.33282
  4198.27      2.3819  1.33133  1.33273
  4196.77      2.3828  1.33122  1.33264
  4195.27      2.3836  1.33111  1.33254
  4193.77      2.3845  1.33100  1.33244
  4192.27      2.3853  1.33090  1.33232
  4190.77      2.3862  1.33078  1.33219
  4189.27      2.3870  1.33067  1.33207
  4187.77      2.3879  1.33055  1.33193
  4186.27      2.3888  1.33043  1.33179
  4184.77      2.3896  1.33030  1.33164
  4183.27      2.3905  1.33016  1.33149
  4181.77      2.3913  1.33002  1.33134
  4180.27      2.3922  1.32988  1.33121
  4178.77      2.3930  1.32974  1.33108
  4177.27      2.3939  1.32961  1.33096
  4175.77      2.3948  1.32948  1.33085
  4174.27      2.3956  1.32936  1.33074
  4172.77      2.3965  1.32924  1.33063
  4171.27      2.3973  1.32912  1.33052
  4169.77      2.3982  1.32901  1.33041
  4168.27      2.3991  1.32890  1.33030
  4166.77      2.3999  1.32879  1.33017
  4165.27      2.4008  1.32869  1.33004
  4163.77      2.4017  1.32857  1.32990
  4162.27      2.4025  1.32845  1.32976
  4160.77      2.4034  1.32832  1.32962
  4159.27      2.4043  1.32818  1.32948
  4157.77      2.4051  1.32804  1.32934
  4156.27      2.4060  1.32790  1.32920
  4154.77      2.4069  1.32776  1.32908
  4153.27      2.4077  1.32761  1.32895
  4151.77      2.4086  1.32748  1.32883
  4150.27      2.4095  1.32734  1.32870
  4148.77      2.4104  1.32722  1.32858
  4147.27      2.4112  1.32710  1.32845
  4145.77      2.4121  1.32699  1.32833
  4144.27      2.4130  1.32687  1.32821
  4142.77      2.4138  1.32676  1.32808
  4141.27      2.4147  1.32665  1.32796
  4139.77      2.4156  1.32652  1.32783
  4138.27      2.4165  1.32640  1.32771
  4136.77      2.4173  1.32626  1.32758
  4135.27      2.4182  1.32613  1.32746
  4133.77      2.4191  1.32599  1.32733
  4132.27      2.4200  1.32586  1.32721
  4130.77      2.4209  1.32572  1.32708
  4129.27      2.4217  1.32557  1.32695
  4127.77      2.4226  1.32543  1.32680
  4126.27      2.4235  1.32529  1.32666
  4124.77      2.4244  1.32515  1.32650
  4123.27      2.4253  1.32501  1.32634
  4121.77      2.4261  1.32486  1.32617
  4120.27      2.4270  1.32471  1.32600
  4118.77      2.4279  1.32457  1.32582
  4117.27      2.4288  1.32442  1.32564
  4115.77      2.4297  1.32429  1.32547
  4114.27      2.4306  1.32415  1.32531
  4112.77      2.4315  1.32401  1.32516
  4111.27      2.4323  1.32387  1.32503
  4109.77      2.4332  1.32373  1.32489
  4108.27      2.4341  1.32360  1.32478
  4106.77      2.4350  1.32347  1.32468
  4105.27      2.4359  1.32334  1.32458
  4103.77      2.4368  1.32321  1.32448
  4102.27      2.4377  1.32308  1.32437
  4100.77      2.4386  1.32296  1.32426
  4099.27      2.4395  1.32283  1.32414
  4097.77      2.4404  1.32271  1.32402
  4096.27      2.4412  1.32260  1.32388
  4094.77      2.4421  1.32249  1.32374
  4093.27      2.4430  1.32239  1.32359
  4091.77      2.4439  1.32228  1.32345
  4090.27      2.4448  1.32217  1.32330
  4088.77      2.4457  1.32205  1.32315
  4087.27      2.4466  1.32193  1.32301
  4085.77      2.4475  1.32180  1.32287
  4084.27      2.4484  1.32166  1.32272
  4082.77      2.4493  1.32152  1.32258
  4081.27      2.4502  1.32136  1.32244
  4079.77      2.4511  1.32120  1.32229
  4078.27      2.4520  1.32103  1.32215
  4076.77      2.4529  1.32086  1.32200
  4075.27      2.4538  1.32070  1.32185
  4073.77      2.4547  1.32053  1.32169
  4072.27      2.4556  1.32039  1.32153
  4070.77      2.4565  1.32024  1.32137
  4069.27      2.4574  1.32009  1.32121
  4067.77      2.4584  1.31996  1.32105
  4066.26      2.4593  1.31982  1.32089
  4064.76      2.4602  1.31969  1.32072
  4063.26      2.4611  1.31956  1.32055
  4061.76      2.4620  1.31943  1.32038
  4060.26      2.4629  1.31930  1.32022
  4058.76      2.4638  1.31915  1.32007
  4057.26      2.4647  1.31900  1.31992
  4055.76      2.4656  1.31884  1.31977
  4054.26      2.4665  1.31868  1.31962
  4052.76      2.4675  1.31851  1.31947
  4051.26      2.4684  1.31835  1.31933
  4049.76      2.4693  1.31817  1.31919
  4048.26      2.4702  1.31799  1.31905
  4046.76      2.4711  1.31782  1.31889
  4045.26      2.4720  1.31764  1.31874
  4043.76      2.4729  1.31746  1.31859
  4042.26      2.4739  1.31728  1.31844
  4040.76      2.4748  1.31710  1.31830
  4039.26      2.4757  1.31692  1.31815
  4037.76      2.4766  1.31674  1.31801
  4036.26      2.4775  1.31656  1.31786
  4034.76      2.4785  1.31637  1.31772
  4033.26      2.4794  1.31620  1.31757
  4031.76      2.4803  1.31602  1.31741
  4030.26      2.4812  1.31585  1.31725
  4028.76      2.4822  1.31568  1.31708
  4027.26      2.4831  1.31552  1.31691
  4025.76      2.4840  1.31536  1.31674
  4024.26      2.4849  1.31520  1.31657
  4022.76      2.4859  1.31503  1.31640
  4021.26      2.4868  1.31488  1.31622
  4019.76      2.4877  1.31472  1.31606
  4018.26      2.4886  1.31456  1.31590
  4016.76      2.4896  1.31441  1.31574
  4015.26      2.4905  1.31424  1.31557
  4013.76      2.4914  1.31409  1.31540
  4012.26      2.4924  1.31393  1.31521
  4010.76      2.4933  1.31379  1.31503
  4009.26      2.4942  1.31362  1.31482
  4007.76      2.4952  1.31346  1.31461
  4006.26      2.4961  1.31328  1.31440
  4004.76      2.4970  1.31310  1.31419
  4003.26      2.4980  1.31292  1.31397
  4001.76      2.4989  1.31274  1.31377
  4000.26      2.4998  1.31256  1.31357
  3998.76      2.5008  1.31237  1.31338
  3997.26      2.5017  1.31219  1.31320
  3995.76      2.5027  1.31200  1.31302
  3994.26      2.5036  1.31183  1.31287
  3992.76      2.5045  1.31167  1.31272
  3991.26      2.5055  1.31152  1.31257
  3989.76      2.5064  1.31137  1.31243
  3988.26      2.5074  1.31121  1.31230
  3986.76      2.5083  1.31107  1.31218
  3985.26      2.5092  1.31092  1.31206
  3983.76      2.5102  1.31078  1.31194
  3982.26      2.5111  1.31062  1.31180
  3980.76      2.5121  1.31046  1.31166
  3979.26      2.5130  1.31029  1.31152
  3977.76      2.5140  1.31012  1.31136
  3976.26      2.5149  1.30995  1.31121
  3974.76      2.5159  1.30977  1.31104
  3973.26      2.5168  1.30960  1.31086
  3971.76      2.5178  1.30941  1.31067
  3970.26      2.5187  1.30921  1.31047
  3968.76      2.5197  1.30902  1.31028
  3967.26      2.5206  1.30883  1.31008
  3965.76      2.5216  1.30865  1.30988
  3964.26      2.5225  1.30847  1.30970
  3962.76      2.5235  1.30830  1.30951
  3961.26      2.5245  1.30814  1.30932
  3959.76      2.5254  1.30797  1.30914
  3958.26      2.5264  1.30781  1.30895
  3956.76      2.5273  1.30765  1.30877
  3955.26      2.5283  1.30750  1.30860
  3953.76      2.5292  1.30736  1.30844
  3952.26      2.5302  1.30722  1.30827
  3950.76      2.5312  1.30705  1.30809
  3949.26      2.5321  1.30687  1.30789
  3947.76      2.5331  1.30668  1.30769
  3946.26      2.5340  1.30648  1.30749
  3944.76      2.5350  1.30628  1.30729
  3943.26      2.5360  1.30607  1.30708
  3941.76      2.5369  1.30586  1.30688
  3940.26      2.5379  1.30565  1.30667
  3938.76      2.5389  1.30543  1.30647
  3937.26      2.5398  1.30524  1.30628
  3935.76      2.5408  1.30506  1.30612
  3934.26      2.5418  1.30490  1.30596
  3932.76      2.5427  1.30474  1.30581
  3931.25      2.5437  1.30457  1.30563
  3929.75      2.5447  1.30438  1.30546
  3928.25      2.5457  1.30421  1.30528
  3926.75      2.5466  1.30402  1.30510
  3925.25      2.5476  1.30381  1.30489
  3923.75      2.5486  1.30358  1.30466
  3922.25      2.5496  1.30332  1.30440
  3920.75      2.5505  1.30305  1.30413
  3919.25      2.5515  1.30277  1.30386
  3917.75      2.5525  1.30251  1.30360
  3916.25      2.5535  1.30226  1.30336
  3914.75      2.5544  1.30204  1.30314
  3913.25      2.5554  1.30186  1.30295
  3911.75      2.5564  1.30172  1.30280
  3910.25      2.5574  1.30162  1.30270
  3908.75      2.5584  1.30153  1.30262
  3907.25      2.5593  1.30145  1.30254
  3905.75      2.5603  1.30138  1.30247
  3904.25      2.5613  1.30130  1.30238
  3902.75      2.5623  1.30116  1.30225
  3901.25      2.5633  1.30097  1.30207
  3899.75      2.5643  1.30071  1.30184
  3898.25      2.5653  1.30040  1.30157
  3896.75      2.5662  1.30009  1.30128
  3895.25      2.5672  1.29978  1.30099
  3893.75      2.5682  1.29948  1.30071
  3892.25      2.5692  1.29919  1.30043
  3890.75      2.5702  1.29888  1.30016
  3889.25      2.5712  1.29860  1.29988
  3887.75      2.5722  1.29834  1.29964
  3886.25      2.5732  1.29812  1.29940
  3884.75      2.5742  1.29790  1.29918
  3883.25      2.5752  1.29769  1.29896
  3881.75      2.5762  1.29747  1.29876
  3880.25      2.5772  1.29724  1.29854
  3878.75      2.5781  1.29700  1.29832
  3877.25      2.5791  1.29678  1.29810
  3875.75      2.5801  1.29659  1.29792
  3874.25      2.5811  1.29641  1.29774
  3872.75      2.5821  1.29619  1.29757
  3871.25      2.5831  1.29597  1.29737
  3869.75      2.5841  1.29571  1.29713
  3868.25      2.5851  1.29544  1.29686
  3866.75      2.5862  1.29518  1.29662
  3865.25      2.5872  1.29496  1.29641
  3863.75      2.5882  1.29473  1.29622
  3862.25      2.5892  1.29449  1.29599
  3860.75      2.5902  1.29422  1.29572
  3859.25      2.5912  1.29395  1.29544
  3857.75      2.5922  1.29370  1.29516
  3856.25      2.5932  1.29346  1.29490
  3854.75      2.5942  1.29321  1.29464
  3853.25      2.5952  1.29292  1.29432
  3851.75      2.5962  1.29256  1.29392
  3850.25      2.5972  1.29219  1.29351
  3848.75      2.5982  1.29183  1.29314
  3847.25      2.5993  1.29151  1.29282
  3845.75      2.6003  1.29121  1.29254
  3844.25      2.6013  1.29093  1.29227
  3842.75      2.6023  1.29063  1.29201
  3841.25      2.6033  1.29034  1.29173
  3839.75      2.6043  1.29003  1.29147
  3838.25      2.6054  1.28972  1.29121
  3836.75      2.6064  1.28938  1.29089
  3835.25      2.6074  1.28901  1.29053
  3833.75      2.6084  1.28864  1.29015
  3832.25      2.6094  1.28827  1.28975
  3830.75      2.6105  1.28790  1.28935
  3829.25      2.6115  1.28754  1.28895
  3827.75      2.6125  1.28722  1.28857
  3826.25      2.6135  1.28691  1.28821
  3824.75      2.6146  1.28663  1.28787
  3823.25      2.6156  1.28635  1.28753
  3821.75      2.6166  1.28606  1.28718
  3820.25      2.6176  1.28571  1.28680
  3818.75      2.6187  1.28533  1.28638
  3817.25      2.6197  1.28492  1.28595
  3815.75      2.6207  1.28448  1.28550
  3814.25      2.6217  1.28404  1.28506
  3812.75      2.6228  1.28360  1.28464
  3811.25      2.6238  1.28318  1.28426
  3809.75      2.6248  1.28278  1.28390
  3808.25      2.6259  1.28240  1.28357
  3806.75      2.6269  1.28204  1.28325
  3805.25      2.6280  1.28166  1.28293
  3803.75      2.6290  1.28126  1.28257
  3802.25      2.6300  1.28085  1.28219
  3800.75      2.6311  1.28039  1.28174
  3799.25      2.6321  1.27988  1.28124
  3797.74      2.6331  1.27935  1.28070
  3796.24      2.6342  1.27879  1.28013
  3794.74      2.6352  1.27822  1.27955
  3793.24      2.6363  1.27766  1.27898
  3791.74      2.6373  1.27713  1.27843
  3790.24      2.6384  1.27664  1.27793
  3788.74      2.6394  1.27617  1.27746
  3787.24      2.6404  1.27572  1.27702
  3785.74      2.6415  1.27528  1.27660
  3784.24      2.6425  1.27486  1.27617
  3782.74      2.6436  1.27444  1.27579
  3781.24      2.6446  1.27404  1.27540
  3779.74      2.6457  1.27363  1.27502
  3778.24      2.6467  1.27323  1.27462
  3776.74      2.6478  1.27280  1.27420
  3775.24      2.6488  1.27239  1.27380
  3773.74      2.6499  1.27199  1.27340
  3772.24      2.6509  1.27162  1.27303
  3770.74      2.6520  1.27125  1.27267
  3769.24      2.6531  1.27089  1.27230
  3767.74      2.6541  1.27051  1.27192
  3766.24      2.6552  1.27013  1.27152
  3764.74      2.6562  1.26977  1.27114
  3763.24      2.6573  1.26945  1.27080
  3761.74      2.6583  1.26914  1.27049
  3760.24      2.6594  1.26884  1.27019
  3758.74      2.6605  1.26855  1.26989
  3757.24      2.6615  1.26825  1.26959
  3755.74      2.6626  1.26796  1.26932
  3754.24      2.6637  1.26768  1.26904
  3752.74      2.6647  1.26736  1.26875
  3751.24      2.6658  1.26701  1.26840
  3749.74      2.6669  1.26658  1.26799
  3748.24      2.6679  1.26611  1.26753
  3746.74      2.6690  1.26562  1.26705
  3745.24      2.6701  1.26511  1.26656
  3743.74      2.6711  1.26454  1.26600
  3742.24      2.6722  1.26391  1.26540
  3740.74      2.6733  1.26326  1.26477
  3739.24      2.6743  1.26259  1.26415
  3737.74      2.6754  1.26195  1.26352
  3736.24      2.6765  1.26130  1.26290
  3734.74      2.6776  1.26060  1.26221
  3733.24      2.6786  1.25985  1.26145
  3731.74      2.6797  1.25907  1.26064
  3730.24      2.6808  1.25829  1.25980
  3728.74      2.6819  1.25753  1.25898
  3727.24      2.6830  1.25677  1.25815
  3725.74      2.6840  1.25602  1.25732
  3724.24      2.6851  1.25525  1.25653
  3722.74      2.6862  1.25452  1.25577
  3721.24      2.6873  1.25379  1.25505
  3719.74      2.6884  1.25309  1.25438
  3718.24      2.6894  1.25239  1.25374
  3716.74      2.6905  1.25169  1.25313
  3715.24      2.6916  1.25099  1.25252
  3713.74      2.6927  1.25028  1.25191
  3712.24      2.6938  1.24953  1.25123
  3710.74      2.6949  1.24872  1.25049
  3709.24      2.6960  1.24788  1.24967
  3707.74      2.6971  1.24701  1.24881
  3706.24      2.6982  1.24613  1.24791
  3704.74      2.6992  1.24526  1.24702
  3703.24      2.7003  1.24441  1.24613
  3701.74      2.7014  1.24355  1.24524
  3700.24      2.7025  1.24269  1.24438
  3698.74      2.7036  1.24184  1.24353
  3697.24      2.7047  1.24100  1.24272
  3695.74      2.7058  1.24018  1.24194
  3694.24      2.7069  1.23934  1.24118
  3692.74      2.7080  1.23851  1.24042
  3691.24      2.7091  1.23765  1.23964
  3689.74      2.7102  1.23677  1.23881
  3688.24      2.7113  1.23586  1.23796
  3686.74      2.7124  1.23497  1.23709
  3685.24      2.7135  1.23408  1.23621
  3683.74      2.7146  1.23320  1.23535
  3682.24      2.7157  1.23235  1.23450
  3680.74      2.7168  1.23150  1.23365
  3679.24      2.7180  1.23064  1.23278
  3677.74      2.7191  1.22974  1.23189
  3676.24      2.7202  1.22880  1.23097
  3674.74      2.7213  1.22777  1.22997
  3673.24      2.7224  1.22668  1.22891
  3671.74      2.7235  1.22554  1.22777
  3670.24      2.7246  1.22435  1.22659
  3668.74      2.7257  1.22311  1.22534
  3667.24      2.7268  1.22184  1.22407
  3665.74      2.7280  1.22058  1.22280
  3664.24      2.7291  1.21935  1.22158
  3662.73      2.7302  1.21820  1.22042
  3661.23      2.7313  1.21715  1.21936
  3659.73      2.7324  1.21617  1.21839
  3658.23      2.7336  1.21522  1.21746
  3656.73      2.7347  1.21429  1.21656
  3655.23      2.7358  1.21336  1.21567
  3653.73      2.7369  1.21242  1.21477
  3652.23      2.7380  1.21146  1.21384
  3650.73      2.7392  1.21046  1.21285
  3649.23      2.7403  1.20938  1.21177
  3647.73      2.7414  1.20821  1.21060
  3646.23      2.7426  1.20698  1.20936
  3644.73      2.7437  1.20572  1.20810
  3643.23      2.7448  1.20450  1.20685
  3641.73      2.7459  1.20332  1.20565
  3640.23      2.7471  1.20220  1.20449
  3638.73      2.7482  1.20111  1.20338
  3637.23      2.7493  1.20005  1.20231
  3635.73      2.7505  1.19905  1.20129
  3634.23      2.7516  1.19811  1.20033
  3632.73      2.7527  1.19721  1.19940
  3631.23      2.7539  1.19634  1.19849
  3629.73      2.7550  1.19547  1.19758
  3628.23      2.7562  1.19455  1.19660
  3626.73      2.7573  1.19360  1.19559
  3625.23      2.7584  1.19266  1.19456
  3623.73      2.7596  1.19173  1.19355
  3622.23      2.7607  1.19084  1.19256
  3620.73      2.7619  1.18997  1.19159
  3619.23      2.7630  1.18911  1.19061
  3617.73      2.7642  1.18823  1.18963
  3616.23      2.7653  1.18736  1.18865
  3614.73      2.7665  1.18652  1.18772
  3613.23      2.7676  1.18570  1.18680
  3611.73      2.7688  1.18487  1.18589
  3610.23      2.7699  1.18403  1.18496
  3608.73      2.7711  1.18317  1.18404
  3607.23      2.7722  1.18229  1.18311
  3605.73      2.7734  1.18141  1.18220
  3604.23      2.7745  1.18057  1.18134
  3602.73      2.7757  1.17974  1.18050
  3601.23      2.7768  1.17895  1.17969
  3599.73      2.7780  1.17819  1.17892
  3598.23      2.7791  1.17748  1.17819
  3596.73      2.7803  1.17680  1.17748
  3595.23      2.7815  1.17616  1.17681
  3593.73      2.7826  1.17555  1.17615
  3592.23      2.7838  1.17497  1.17549
  3590.73      2.7849  1.17441  1.17484
  3589.23      2.7861  1.17386  1.17420
  3587.73      2.7873  1.17333  1.17354
  3586.23      2.7884  1.17278  1.17286
  3584.73      2.7896  1.17224  1.17217
  3583.23      2.7908  1.17170  1.17148
  3581.73      2.7919  1.17117  1.17080
  3580.23      2.7931  1.17067  1.17015
  3578.73      2.7943  1.17020  1.16954
  3577.23      2.7955  1.16976  1.16897
  3575.73      2.7966  1.16936  1.16844
  3574.23      2.7978  1.16897  1.16795
  3572.73      2.7990  1.16864  1.16751
  3571.23      2.8002  1.16833  1.16713
  3569.73      2.8013  1.16806  1.16678
  3568.23      2.8025  1.16780  1.16645
  3566.73      2.8037  1.16756  1.16613
  3565.23      2.8049  1.16730  1.16579
  3563.73      2.8061  1.16702  1.16544
  3562.23      2.8072  1.16676  1.16508
  3560.73      2.8084  1.16651  1.16472
  3559.23      2.8096  1.16627  1.16438
  3557.73      2.8108  1.16605  1.16405
  3556.23      2.8120  1.16586  1.16374
  3554.73      2.8132  1.16570  1.16345
  3553.23      2.8143  1.16556  1.16320
  3551.73      2.8155  1.16546  1.16298
  3550.23      2.8167  1.16540  1.16281
  3548.73      2.8179  1.16537  1.16267
  3547.23      2.8191  1.16537  1.16256
  3545.73      2.8203  1.16539  1.16248
  3544.23      2.8215  1.16543  1.16240
  3542.73      2.8227  1.16548  1.16233
  3541.23      2.8239  1.16554  1.16229
  3539.73      2.8251  1.16564  1.16225
  3538.23      2.8263  1.16576  1.16224
  3536.73      2.8275  1.16591  1.16226
  3535.23      2.8287  1.16609  1.16228
  3533.73      2.8299  1.16629  1.16233
  3532.23      2.8311  1.16651  1.16240
  3530.73      2.8323  1.16676  1.16250
  3529.23      2.8335  1.16703  1.16264
  3527.72      2.8347  1.16732  1.16280
  3526.22      2.8359  1.16762  1.16299
  3524.72      2.8371  1.16793  1.16319
  3523.22      2.8383  1.16827  1.16341
  3521.72      2.8395  1.16861  1.16365
  3520.22      2.8407  1.16897  1.16392
  3518.72      2.8419  1.16934  1.16420
  3517.22      2.8432  1.16974  1.16452
  3515.72      2.8444  1.17017  1.16486
  3514.22      2.8456  1.17061  1.16522
  3512.72      2.8468  1.17110  1.16561
  3511.22      2.8480  1.17160  1.16604
  3509.72      2.8492  1.17214  1.16649
  3508.22      2.8504  1.17270  1.16697
  3506.72      2.8517  1.17326  1.16747
  3505.22      2.8529  1.17386  1.16800
  3503.72      2.8541  1.17447  1.16854
  3502.22      2.8553  1.17508  1.16910
  3500.72      2.8566  1.17571  1.16967
  3499.22      2.8578  1.17635  1.17025
  3497.72      2.8590  1.17700  1.17086
  3496.22      2.8602  1.17766  1.17149
  3494.72      2.8615  1.17834  1.17214
  3493.22      2.8627  1.17904  1.17281
  3491.72      2.8639  1.17977  1.17351
  3490.22      2.8651  1.18050  1.17423
  3488.72      2.8664  1.18127  1.17497
  3487.22      2.8676  1.18205  1.17574
  3485.72      2.8688  1.18285  1.17652
  3484.22      2.8701  1.18367  1.17731
  3482.72      2.8713  1.18452  1.17811
  3481.22      2.8726  1.18538  1.17893
  3479.72      2.8738  1.18626  1.17975
  3478.22      2.8750  1.18717  1.18059
  3476.72      2.8763  1.18811  1.18145
  3475.22      2.8775  1.18906  1.18233
  3473.72      2.8788  1.19005  1.18323
  3472.22      2.8800  1.19104  1.18416
  3470.72      2.8812  1.19206  1.18510
  3469.22      2.8825  1.19309  1.18607
  3467.72      2.8837  1.19415  1.18708
  3466.22      2.8850  1.19522  1.18809
  3464.72      2.8862  1.19629  1.18913
  3463.22      2.8875  1.19738  1.19017
  3461.72      2.8887  1.19848  1.19125
  3460.22      2.8900  1.19958  1.19232
  3458.72      2.8912  1.20070  1.19342
  3457.22      2.8925  1.20184  1.19453
  3455.72      2.8938  1.20299  1.19566
  3454.22      2.8950  1.20415  1.19681
  3452.72      2.8963  1.20533  1.19798
  3451.22      2.8975  1.20653  1.19917
  3449.72      2.8988  1.20774  1.20038
  3448.22      2.9000  1.20897  1.20161
  3446.72      2.9013  1.21023  1.20285
  3445.22      2.9026  1.21149  1.20410
  3443.72      2.9038  1.21276  1.20536
  3442.22      2.9051  1.21404  1.20663
  3440.72      2.9064  1.21533  1.20791
  3439.22      2.9076  1.21663  1.20920
  3437.72      2.9089  1.21794  1.21049
  3436.22      2.9102  1.21926  1.21180
  3434.72      2.9114  1.22058  1.21312
  3433.22      2.9127  1.22192  1.21446
  3431.72      2.9140  1.22326  1.21580
  3430.22      2.9153  1.22463  1.21717
  3428.72      2.9165  1.22600  1.21855
  3427.22      2.9178  1.22739  1.21994
  3425.72      2.9191  1.22879  1.22136
  3424.22      2.9204  1.23020  1.22278
  3422.72      2.9217  1.23162  1.22422
  3421.22      2.9229  1.23306  1.22568
  3419.72      2.9242  1.23450  1.22715
  3418.22      2.9255  1.23596  1.22862
  3416.72      2.9268  1.23743  1.23010
  3415.22      2.9281  1.23891  1.23160
  3413.72      2.9294  1.24040  1.23310
  3412.22      2.9306  1.24191  1.23461
  3410.72      2.9319  1.24344  1.23613
  3409.22      2.9332  1.24496  1.23766
  3407.72      2.9345  1.24651  1.23919
  3406.22      2.9358  1.24806  1.24074
  3404.72      2.9371  1.24962  1.24230
  3403.22      2.9384  1.25120  1.24389
  3401.72      2.9397  1.25278  1.24548
  3400.22      2.9410  1.25437  1.24709
  3398.72      2.9423  1.25598  1.24871
  3397.22      2.9436  1.25757  1.25035
  3395.72      2.9449  1.25917  1.25198
  3394.21      2.9462  1.26077  1.25363
  3392.71      2.9475  1.26236  1.25529
  3391.21      2.9488  1.26394  1.25694
  3389.71      2.9501  1.26552  1.25858
  3388.21      2.9514  1.26709  1.26022
  3386.71      2.9527  1.26866  1.26184
  3385.21      2.9540  1.27021  1.26347
  3383.71      2.9553  1.27178  1.26509
  3382.21      2.9566  1.27334  1.26671
  3380.71      2.9580  1.27491  1.26832
  3379.21      2.9593  1.27648  1.26994
  3377.71      2.9606  1.27806  1.27156
  3376.21      2.9619  1.27965  1.27319
  3374.71      2.9632  1.28124  1.27482
  3373.21      2.9645  1.28283  1.27646
  3371.71      2.9659  1.28443  1.27809
  3370.21      2.9672  1.28602  1.27971
  3368.71      2.9685  1.28760  1.28134
  3367.21      2.9698  1.28917  1.28294
  3365.71      2.9711  1.29071  1.28453
  3364.21      2.9725  1.29224  1.28612
  3362.71      2.9738  1.29375  1.28768
  3361.21      2.9751  1.29524  1.28924
  3359.71      2.9764  1.29672  1.29079
  3358.21      2.9778  1.29817  1.29233
  3356.71      2.9791  1.29962  1.29386
  3355.21      2.9804  1.30104  1.29536
  3353.71      2.9818  1.30245  1.29687
  3352.21      2.9831  1.30387  1.29835
  3350.71      2.9844  1.30527  1.29983
  3349.21      2.9858  1.30666  1.30129
  3347.71      2.9871  1.30803  1.30274
  3346.21      2.9885  1.30940  1.30417
  3344.71      2.9898  1.31075  1.30559
  3343.21      2.9911  1.31209  1.30699
  3341.71      2.9925  1.31341  1.30840
  3340.21      2.9938  1.31472  1.30978
  3338.71      2.9952  1.31601  1.31116
  3337.21      2.9965  1.31728  1.31252
  3335.71      2.9979  1.31853  1.31387
  3334.21      2.9992  1.31977  1.31520
  3332.71      3.0006  1.32098  1.31652
  3331.21      3.0019  1.32219  1.31782
  3329.71      3.0033  1.32337  1.31910
  3328.21      3.0046  1.32454  1.32036
  3326.71      3.0060  1.32571  1.32162
  3325.21      3.0073  1.32687  1.32285
  3323.71      3.0087  1.32801  1.32408
  3322.21      3.0100  1.32915  1.32528
  3320.71      3.0114  1.33028  1.32648
  3319.21      3.0128  1.33141  1.32767
  3317.71      3.0141  1.33253  1.32886
  3316.21      3.0155  1.33365  1.33006
  3314.71      3.0169  1.33478  1.33126
  3313.21      3.0182  1.33590  1.33245
  3311.71      3.0196  1.33701  1.33363
  3310.21      3.0210  1.33813  1.33482
  3308.71      3.0223  1.33925  1.33601
  3307.21      3.0237  1.34035  1.33719
  3305.71      3.0251  1.34144  1.33837
  3304.21      3.0264  1.34253  1.33955
  3302.71      3.0278  1.34361  1.34071
  3301.21      3.0292  1.34467  1.34185
  3299.71      3.0306  1.34572  1.34300
  3298.21      3.0319  1.34678  1.34413
  3296.71      3.0333  1.34781  1.34526
  3295.21      3.0347  1.34885  1.34638
  3293.71      3.0361  1.34987  1.34748
  3292.21      3.0375  1.35089  1.34857
  3290.71      3.0389  1.35190  1.34964
  3289.21      3.0402  1.35290  1.35071
  3287.71      3.0416  1.35389  1.35176
  3286.21      3.0430  1.35489  1.35282
  3284.71      3.0444  1.35587  1.35388
  3283.21      3.0458  1.35687  1.35494
  3281.71      3.0472  1.35787  1.35601
  3280.21      3.0486  1.35886  1.35708
  3278.71      3.0500  1.35987  1.35817
  3277.21      3.0514  1.36087  1.35926
  3275.71      3.0528  1.36187  1.36036
  3274.21      3.0542  1.36288  1.36145
  3272.71      3.0556  1.36387  1.36255
  3271.21      3.0570  1.36485  1.36363
  3269.71      3.0584  1.36583  1.36469
  3268.21      3.0598  1.36680  1.36575
  3266.71      3.0612  1.36777  1.36679
  3265.21      3.0626  1.36873  1.36783
  3263.71      3.0640  1.36970  1.36886
  3262.21      3.0654  1.37066  1.36990
  3260.71      3.0668  1.37162  1.37094
  3259.20      3.0682  1.37260  1.37197
  3257.70      3.0696  1.37358  1.37302
  3256.20      3.0711  1.37456  1.37408
  3254.70      3.0725  1.37555  1.37514
  3253.20      3.0739  1.37653  1.37620
  3251.70      3.0753  1.37751  1.37725
  3250.20      3.0767  1.37848  1.37829
  3248.70      3.0782  1.37946  1.37933
  3247.20      3.0796  1.38043  1.38036
  3245.70      3.0810  1.38140  1.38139
  3244.20      3.0824  1.38234  1.38240
  3242.70      3.0838  1.38328  1.38341
  3241.20      3.0853  1.38421  1.38441
  3239.70      3.0867  1.38514  1.38540
  3238.20      3.0881  1.38607  1.38639
  3236.70      3.0896  1.38699  1.38738
  3235.20      3.0910  1.38790  1.38836
  3233.70      3.0924  1.38880  1.38934
  3232.20      3.0939  1.38970  1.39031
  3230.70      3.0953  1.39059  1.39126
  3229.20      3.0967  1.39148  1.39221
  3227.70      3.0982  1.39236  1.39315
  3226.20      3.0996  1.39323  1.39407
  3224.70      3.1011  1.39409  1.39500
  3223.20      3.1025  1.39493  1.39591
  3221.70      3.1039  1.39577  1.39681
  3220.20      3.1054  1.39660  1.39770
  3218.70      3.1068  1.39742  1.39859
  3217.20      3.1083  1.39823  1.39946
  3215.70      3.1097  1.39903  1.40032
  3214.20      3.1112  1.39983  1.40117
  3212.70      3.1126  1.40059  1.40201
  3211.20      3.1141  1.40136  1.40283
  3209.70      3.1156  1.40212  1.40365
  3208.20      3.1170  1.40286  1.40444
  3206.70      3.1185  1.40359  1.40522
  3205.20      3.1199  1.40432  1.40600
  3203.70      3.1214  1.40503  1.40677
  3202.20      3.1229  1.40573  1.40752
  3200.70      3.1243  1.40643  1.40825
  3199.20      3.1258  1.40712  1.40898
  3197.70      3.1272  1.40780  1.40970
  3196.20      3.1287  1.40846  1.41041
  3194.70      3.1302  1.40911  1.41111
  3193.20      3.1317  1.40975  1.41180
  3191.70      3.1331  1.41039  1.41246
  3190.20      3.1346  1.41101  1.41312
  3188.70      3.1361  1.41162  1.41378
  3187.20      3.1376  1.41221  1.41443
  3185.70      3.1390  1.41279  1.41507
  3184.20      3.1405  1.41337  1.41569
  3182.70      3.1420  1.41393  1.41629
  3181.20      3.1435  1.41448  1.41690
  3179.70      3.1450  1.41503  1.41750
  3178.20      3.1464  1.41555  1.41808
  3176.70      3.1479  1.41607  1.41866
  3175.20      3.1494  1.41657  1.41922
  3173.70      3.1509  1.41707  1.41975
  3172.20      3.1524  1.41754  1.42027
  3170.70      3.1539  1.41801  1.42078
  3169.20      3.1554  1.41846  1.42128
  3167.70      3.1569  1.41890  1.42175
  3166.20      3.1584  1.41932  1.42222
  3164.70      3.1599  1.41975  1.42267
  3163.20      3.1614  1.42017  1.42311
  3161.70      3.1629  1.42058  1.42354
  3160.20      3.1644  1.42098  1.42397
  3158.70      3.1659  1.42138  1.42440
  3157.20      3.1674  1.42177  1.42481
  3155.70      3.1689  1.42214  1.42522
  3154.20      3.1704  1.42250  1.42562
  3152.70      3.1719  1.42284  1.42601
  3151.20      3.1734  1.42318  1.42637
  3149.70      3.1749  1.42350  1.42673
  3148.20      3.1764  1.42379  1.42707
  3146.70      3.1779  1.42407  1.42739
  3145.20      3.1795  1.42434  1.42769
  3143.70      3.1810  1.42459  1.42799
  3142.20      3.1825  1.42483  1.42827
  3140.70      3.1840  1.42506  1.42856
  3139.20      3.1855  1.42528  1.42882
  3137.70      3.1871  1.42550  1.42907
  3136.20      3.1886  1.42571  1.42932
  3134.70      3.1901  1.42592  1.42956
  3133.20      3.1916  1.42612  1.42980
  3131.70      3.1932  1.42634  1.43002
  3130.20      3.1947  1.42656  1.43025
  3128.70      3.1962  1.42678  1.43048
  3127.20      3.1978  1.42701  1.43071
  3125.69      3.1993  1.42722  1.43093
  3124.19      3.2008  1.42744  1.43115
  3122.69      3.2024  1.42766  1.43137
  3121.19      3.2039  1.42786  1.43158
  3119.69      3.2054  1.42805  1.43178
  3118.19      3.2070  1.42822  1.43196
  3116.69      3.2085  1.42836  1.43211
  3115.19      3.2101  1.42848  1.43224
  3113.69      3.2116  1.42859  1.43235
  3112.19      3.2132  1.42869  1.43246
  3110.69      3.2147  1.42878  1.43256
  3109.19      3.2163  1.42886  1.43264
  3107.69      3.2178  1.42893  1.43271
  3106.19      3.2194  1.42899  1.43277
  3104.69      3.2209  1.42904  1.43283
  3103.19      3.2225  1.42910  1.43291
  3101.69      3.2240  1.42916  1.43298
  3100.19      3.2256  1.42920  1.43303
  3098.69      3.2272  1.42924  1.43308
  3097.19      3.2287  1.42927  1.43312
  3095.69      3.2303  1.42929  1.43315
  3094.19      3.2319  1.42932  1.43319
  3092.69      3.2334  1.42935  1.43323
  3091.19      3.2350  1.42939  1.43327
  3089.69      3.2366  1.42943  1.43330
  3088.19      3.2381  1.42947  1.43334
  3086.69      3.2397  1.42950  1.43337
  3085.19      3.2413  1.42953  1.43340
  3083.69      3.2429  1.42956  1.43343
  3082.19      3.2444  1.42956  1.43344
  3080.69      3.2460  1.42955  1.43343
  3079.19      3.2476  1.42954  1.43342
  3077.69      3.2492  1.42950  1.43339
  3076.19      3.2508  1.42946  1.43335
  3074.69      3.2524  1.42939  1.43330
  3073.19      3.2539  1.42933  1.43325
  3071.69      3.2555  1.42926  1.43319
  3070.19      3.2571  1.42920  1.43313
  3068.69      3.2587  1.42913  1.43307
  3067.19      3.2603  1.42908  1.43302
  3065.69      3.2619  1.42902  1.43297
  3064.19      3.2635  1.42896  1.43292
  3062.69      3.2651  1.42890  1.43285
  3061.19      3.2667  1.42884  1.43280
  3059.69      3.2683  1.42878  1.43274
  3058.19      3.2699  1.42874  1.43268
  3056.69      3.2715  1.42868  1.43261
  3055.19      3.2731  1.42862  1.43253
  3053.69      3.2747  1.42857  1.43246
  3052.19      3.2763  1.42851  1.43237
  3050.69      3.2779  1.42846  1.43229
  3049.19      3.2796  1.42839  1.43220
  3047.69      3.2812  1.42832  1.43210
  3046.19      3.2828  1.42825  1.43201
  3044.69      3.2844  1.42816  1.43191
  3043.19      3.2860  1.42807  1.43181
  3041.69      3.2876  1.42797  1.43170
  3040.19      3.2893  1.42786  1.43158
  3038.69      3.2909  1.42773  1.43146
  3037.19      3.2925  1.42760  1.43133
  3035.69      3.2941  1.42747  1.43120
  3034.19      3.2958  1.42734  1.43107
  3032.69      3.2974  1.42718  1.43092
  3031.19      3.2990  1.42702  1.43076
  3029.69      3.3007  1.42686  1.43060
  3028.19      3.3023  1.42670  1.43044
  3026.69      3.3039  1.42656  1.43029
  3025.19      3.3056  1.42641  1.43015
  3023.69      3.3072  1.42628  1.43000
  3022.19      3.3089  1.42616  1.42988
  3020.69      3.3105  1.42603  1.42974
  3019.19      3.3122  1.42593  1.42962
  3017.69      3.3138  1.42582  1.42950
  3016.19      3.3154  1.42572  1.42938
  3014.69      3.3171  1.42561  1.42926
  3013.19      3.3187  1.42548  1.42912
  3011.69      3.3204  1.42535  1.42897
  3010.19      3.3221  1.42520  1.42882
  3008.69      3.3237  1.42504  1.42866
  3007.19      3.3254  1.42489  1.42850
  3005.69      3.3270  1.42473  1.42834
  3004.19      3.3287  1.42457  1.42819
  3002.69      3.3304  1.42443  1.42805
  3001.19      3.3320  1.42428  1.42791
  2999.69      3.3337  1.42415  1.42778
  2998.19      3.3354  1.42403  1.42766
  2996.69      3.3370  1.42391  1.42753
  2995.19      3.3387  1.42380  1.42741
  2993.69      3.3404  1.42368  1.42728
  2992.19      3.3420  1.42355  1.42715
  2990.68      3.3437  1.42342  1.42699
  2989.18      3.3454  1.42328  1.42685
  2987.68      3.3471  1.42314  1.42669
  2986.18      3.3488  1.42300  1.42653
  2984.68      3.3504  1.42286  1.42637
  2983.18      3.3521  1.42272  1.42621
  2981.68      3.3538  1.42258  1.42604
  2980.18      3.3555  1.42244  1.42587
  2978.68      3.3572  1.42231  1.42571
  2977.18      3.3589  1.42217  1.42554
  2975.68      3.3606  1.42203  1.42538
  2974.18      3.3623  1.42189  1.42522
  2972.68      3.3640  1.42175  1.42506
  2971.18      3.3657  1.42161  1.42490
  2969.68      3.3674  1.42147  1.42475
  2968.18      3.3691  1.42132  1.42460
  2966.68      3.3708  1.42117  1.42445
  2965.18      3.3725  1.42102  1.42431
  2963.68      3.3742  1.42088  1.42418
  2962.18      3.3759  1.42075  1.42405
  2960.68      3.3776  1.42062  1.42392
  2959.18      3.3793  1.42048  1.42379
  2957.68      3.3810  1.42036  1.42367
  2956.18      3.3827  1.42024  1.42354
  2954.68      3.3845  1.42012  1.42342
  2953.18      3.3862  1.41999  1.42329
  2951.68      3.3879  1.41987  1.42317
  2950.18      3.3896  1.41974  1.42303
  2948.68      3.3913  1.41961  1.42290
  2947.18      3.3931  1.41949  1.42276
  2945.68      3.3948  1.41936  1.42262
  2944.18      3.3965  1.41924  1.42247
  2942.68      3.3983  1.41911  1.42233
  2941.18      3.4000  1.41900  1.42219
  2939.68      3.4017  1.41889  1.42205
  2938.18      3.4035  1.41880  1.42193
  2936.68      3.4052  1.41873  1.42181
  2935.18      3.4069  1.41866  1.42171
  2933.68      3.4087  1.41861  1.42164
  2932.18      3.4104  1.41857  1.42158
  2930.68      3.4122  1.41856  1.42155
  2929.18      3.4139  1.41856  1.42153
  2927.68      3.4157  1.41858  1.42154
  2926.18      3.4174  1.41860  1.42156
  2924.68      3.4192  1.41863  1.42159
  2923.18      3.4209  1.41865  1.42161
  2921.68      3.4227  1.41865  1.42162
  2920.18      3.4244  1.41864  1.42162
  2918.68      3.4262  1.41860  1.42158
  2917.18      3.4280  1.41852  1.42151
  2915.68      3.4297  1.41840  1.42140
  2914.18      3.4315  1.41824  1.42126
  2912.68      3.4333  1.41803  1.42106
  2911.18      3.4350  1.41781  1.42084
  2909.68      3.4368  1.41755  1.42061
  2908.18      3.4386  1.41729  1.42036
  2906.68      3.4404  1.41703  1.42010
  2905.18      3.4421  1.41676  1.41985
  2903.68      3.4439  1.41650  1.41961
  2902.18      3.4457  1.41626  1.41938
  2900.68      3.4475  1.41603  1.41916
  2899.18      3.4493  1.41582  1.41895
  2897.68      3.4510  1.41562  1.41875
  2896.18      3.4528  1.41543  1.41855
  2894.68      3.4546  1.41525  1.41835
  2893.18      3.4564  1.41508  1.41814
  2891.68      3.4582  1.41493  1.41794
  2890.18      3.4600  1.41476  1.41774
  2888.68      3.4618  1.41461  1.41755
  2887.18      3.4636  1.41447  1.41737
  2885.68      3.4654  1.41434  1.41721
  2884.18      3.4672  1.41422  1.41707
  2882.68      3.4690  1.41411  1.41693
  2881.18      3.4708  1.41399  1.41682
  2879.68      3.4726  1.41389  1.41671
  2878.18      3.4744  1.41378  1.41661
  2876.68      3.4762  1.41367  1.41652
  2875.18      3.4780  1.41356  1.41643
  2873.68      3.4799  1.41345  1.41632
  2872.18      3.4817  1.41332  1.41621
  2870.68      3.4835  1.41320  1.41609
  2869.18      3.4853  1.41307  1.41596
  2867.68      3.4871  1.41296  1.41584
  2866.18      3.4890  1.41287  1.41572
  2864.68      3.4908  1.41278  1.41561
  2863.18      3.4926  1.41272  1.41552
  2861.68      3.4945  1.41267  1.41545
  2860.18      3.4963  1.41266  1.41542
  2858.68      3.4981  1.41267  1.41541
  2857.17      3.5000  1.41269  1.41541
  2855.67      3.5018  1.41270  1.41542
  2854.17      3.5036  1.41271  1.41542
  2852.67      3.5055  1.41270  1.41542
  2851.17      3.5073  1.41267  1.41540
  2849.67      3.5092  1.41261  1.41535
  2848.17      3.5110  1.41252  1.41526
  2846.67      3.5129  1.41238  1.41513
  2845.17      3.5147  1.41220  1.41496
  2843.67      3.5166  1.41203  1.41478
  2842.17      3.5184  1.41183  1.41458
  2840.67      3.5203  1.41164  1.41438
  2839.17      3.5222  1.41146  1.41417
  2837.67      3.5240  1.41129  1.41398
  2836.17      3.5259  1.41112  1.41379
  2834.67      3.5277  1.41098  1.41362
  2833.17      3.5296  1.41086  1.41348
  2831.67      3.5315  1.41076  1.41336
  2830.17      3.5334  1.41067  1.41325
  2828.67      3.5352  1.41059  1.41315
  2827.17      3.5371  1.41052  1.41307
  2825.67      3.5390  1.41046  1.41299
  2824.17      3.5409  1.41040  1.41292
  2822.67      3.5427  1.41035  1.41286
  2821.17      3.5446  1.41030  1.41280
  2819.67      3.5465  1.41026  1.41275
  2818.17      3.5484  1.41022  1.41269
  2816.67      3.5503  1.41017  1.41264
  2815.17      3.5522  1.41013  1.41260
  2813.67      3.5541  1.41008  1.41255
  2812.17      3.5560  1.41003  1.41250
  2810.67      3.5579  1.40999  1.41246
  2809.17      3.5598  1.40993  1.41242
  2807.67      3.5617  1.40988  1.41236
  2806.17      3.5636  1.40983  1.41232
  2804.67      3.5655  1.40977  1.41227
  2803.17      3.5674  1.40971  1.41221
  2801.67      3.5693  1.40966  1.41216
  2800.17      3.5712  1.40959  1.41209
  2798.67      3.5731  1.40953  1.41203
  2797.17      3.5750  1.40947  1.41197
  2795.67      3.5770  1.40939  1.41190
  2794.17      3.5789  1.40932  1.41183
  2792.67      3.5808  1.40924  1.41174
  2791.17      3.5827  1.40916  1.41166
  2789.67      3.5847  1.40908  1.41158
  2788.17      3.5866  1.40899  1.41148
  2786.67      3.5885  1.40890  1.41140
  2785.17      3.5904  1.40881  1.41131
  2783.67      3.5924  1.40871  1.41122
  2782.17      3.5943  1.40862  1.41114
  2780.67      3.5963  1.40854  1.41107
  2779.17      3.5982  1.40845  1.41099
  2777.67      3.6001  1.40837  1.41092
  2776.17      3.6021  1.40828  1.41085
  2774.67      3.6040  1.40820  1.41077
  2773.17      3.6060  1.40812  1.41070
  2771.67      3.6079  1.40804  1.41061
  2770.17      3.6099  1.40796  1.41052
  2768.67      3.6118  1.40787  1.41042
  2767.17      3.6138  1.40780  1.41032
  2765.67      3.6158  1.40770  1.41022
  2764.17      3.6177  1.40761  1.41011
  2762.67      3.6197  1.40752  1.41001
  2761.17      3.6217  1.40743  1.40991
  2759.67      3.6236  1.40734  1.40983
  2758.17      3.6256  1.40726  1.40975
  2756.67      3.6276  1.40716  1.40967
  2755.17      3.6295  1.40707  1.40959
  2753.67      3.6315  1.40698  1.40951
  2752.17      3.6335  1.40688  1.40942
  2750.67      3.6355  1.40678  1.40933
  2749.17      3.6375  1.40668  1.40925
  2747.67      3.6395  1.40657  1.40915
  2746.17      3.6414  1.40646  1.40904
  2744.67      3.6434  1.40634  1.40893
  2743.17      3.6454  1.40623  1.40882
  2741.67      3.6474  1.40611  1.40870
  2740.17      3.6494  1.40599  1.40858
  2738.67      3.6514  1.40587  1.40847
  2737.17      3.6534  1.40575  1.40837
  2735.67      3.6554  1.40563  1.40826
  2734.17      3.6574  1.40552  1.40816
  2732.67      3.6594  1.40541  1.40806
  2731.17      3.6614  1.40531  1.40797
  2729.67      3.6635  1.40520  1.40787
  2728.17      3.6655  1.40511  1.40779
  2726.67      3.6675  1.40502  1.40770
  2725.17      3.6695  1.40492  1.40760
  2723.67      3.6715  1.40483  1.40750
  2722.16      3.6735  1.40474  1.40739
  2720.66      3.6756  1.40464  1.40728
  2719.16      3.6776  1.40455  1.40717
  2717.66      3.6796  1.40445  1.40706
  2716.16      3.6817  1.40435  1.40696
  2714.66      3.6837  1.40425  1.40683
  2713.16      3.6857  1.40415  1.40673
  2711.66      3.6878  1.40404  1.40662
  2710.16      3.6898  1.40394  1.40652
  2708.66      3.6919  1.40384  1.40641
  2707.16      3.6939  1.40373  1.40631
  2705.66      3.6960  1.40363  1.40621
  2704.16      3.6980  1.40352  1.40611
  2702.66      3.7001  1.40343  1.40602
  2701.16      3.7021  1.40334  1.40593
  2699.66      3.7042  1.40324  1.40583
  2698.16      3.7062  1.40313  1.40573
  2696.66      3.7083  1.40303  1.40564
  2695.16      3.7104  1.40293  1.40555
  2693.66      3.7124  1.40283  1.40547
  2692.16      3.7145  1.40273  1.40539
  2690.66      3.7166  1.40263  1.40530
  2689.16      3.7186  1.40253  1.40521
  2687.66      3.7207  1.40244  1.40512
  2686.16      3.7228  1.40235  1.40503
  2684.66      3.7249  1.40226  1.40495
  2683.16      3.7269  1.40217  1.40487
  2681.66      3.7290  1.40208  1.40478
  2680.16      3.7311  1.40198  1.40467
  2678.66      3.7332  1.40188  1.40457
  2677.16      3.7353  1.40177  1.40446
  2675.66      3.7374  1.40166  1.40435
  2674.16      3.7395  1.40155  1.40424
  2672.66      3.7416  1.40143  1.40413
  2671.16      3.7437  1.40131  1.40400
  2669.66      3.7458  1.40119  1.40387
  2668.16      3.7479  1.40106  1.40374
  2666.66      3.7500  1.40094  1.40362
  2665.16      3.7521  1.40081  1.40349
  2663.66      3.7542  1.40069  1.40338
  2662.16      3.7563  1.40056  1.40325
  2660.66      3.7585  1.40045  1.40315
  2659.16      3.7606  1.40032  1.40303
  2657.66      3.7627  1.40019  1.40291
  2656.16      3.7648  1.40005  1.40280
  2654.66      3.7670  1.39992  1.40268
  2653.16      3.7691  1.39977  1.40256
  2651.66      3.7712  1.39962  1.40243
  2650.16      3.7734  1.39946  1.40230
  2648.66      3.7755  1.39931  1.40216
  2647.16      3.7776  1.39914  1.40201
  2645.66      3.7798  1.39898  1.40186
  2644.16      3.7819  1.39882  1.40170
  2642.66      3.7841  1.39865  1.40155
  2641.16      3.7862  1.39847  1.40138
  2639.66      3.7884  1.39831  1.40122
  2638.16      3.7905  1.39815  1.40106
  2636.66      3.7927  1.39799  1.40089
  2635.16      3.7948  1.39783  1.40073
  2633.66      3.7970  1.39768  1.40057
  2632.16      3.7992  1.39753  1.40042
  2630.66      3.8013  1.39739  1.40026
  2629.16      3.8035  1.39724  1.40010
  2627.66      3.8057  1.39710  1.39993
  2626.16      3.8078  1.39697  1.39977
  2624.66      3.8100  1.39683  1.39961
  2623.16      3.8122  1.39669  1.39945
  2621.66      3.8144  1.39655  1.39930
  2620.16      3.8166  1.39640  1.39914
  2618.66      3.8188  1.39625  1.39899
  2617.16      3.8209  1.39609  1.39883
  2615.66      3.8231  1.39594  1.39869
  2614.16      3.8253  1.39578  1.39853
  2612.66      3.8275  1.39561  1.39838
  2611.16      3.8297  1.39546  1.39823
  2609.66      3.8319  1.39529  1.39807
  2608.16      3.8341  1.39514  1.39791
  2606.66      3.8363  1.39499  1.39775
  2605.16      3.8385  1.39485  1.39759
  2603.66      3.8408  1.39470  1.39742
  2602.16      3.8430  1.39456  1.39727
  2600.66      3.8452  1.39442  1.39711
  2599.16      3.8474  1.39429  1.39696
  2597.66      3.8496  1.39415  1.39682
  2596.16      3.8518  1.39402  1.39668
  2594.66      3.8541  1.39389  1.39654
  2593.16      3.8563  1.39376  1.39641
  2591.66      3.8585  1.39363  1.39628
  2590.16      3.8608  1.39350  1.39615
  2588.65      3.8630  1.39338  1.39603
  2587.15      3.8652  1.39326  1.39590
  2585.65      3.8675  1.39314  1.39577
  2584.15      3.8697  1.39302  1.39564
  2582.65      3.8720  1.39291  1.39552
  2581.15      3.8742  1.39278  1.39539
  2579.65      3.8765  1.39266  1.39528
  2578.15      3.8787  1.39253  1.39515
  2576.65      3.8810  1.39241  1.39503
  2575.15      3.8833  1.39228  1.39490
  2573.65      3.8855  1.39215  1.39477
  2572.15      3.8878  1.39201  1.39464
  2570.65      3.8901  1.39188  1.39450
  2569.15      3.8923  1.39174  1.39437
  2567.65      3.8946  1.39160  1.39423
  2566.15      3.8969  1.39146  1.39407
  2564.65      3.8992  1.39131  1.39392
  2563.15      3.9014  1.39116  1.39376
  2561.65      3.9037  1.39100  1.39360
  2560.15      3.9060  1.39084  1.39345
  2558.65      3.9083  1.39068  1.39328
  2557.15      3.9106  1.39051  1.39312
  2555.65      3.9129  1.39035  1.39295
  2554.15      3.9152  1.39018  1.39277
  2552.65      3.9175  1.39002  1.39260
  2551.15      3.9198  1.38985  1.39242
  2549.65      3.9221  1.38968  1.39224
  2548.15      3.9244  1.38950  1.39205
  2546.65      3.9267  1.38933  1.39186
  2545.15      3.9290  1.38915  1.39167
  2543.65      3.9314  1.38897  1.39147
  2542.15      3.9337  1.38879  1.39126
  2540.65      3.9360  1.38859  1.39105
  2539.15      3.9383  1.38840  1.39085
  2537.65      3.9407  1.38820  1.39063
  2536.15      3.9430  1.38799  1.39042
  2534.65      3.9453  1.38779  1.39020
  2533.15      3.9477  1.38760  1.38998
  2531.65      3.9500  1.38739  1.38978
  2530.15      3.9523  1.38719  1.38956
  2528.65      3.9547  1.38698  1.38935
  2527.15      3.9570  1.38677  1.38913
  2525.65      3.9594  1.38657  1.38893
  2524.15      3.9617  1.38637  1.38872
  2522.65      3.9641  1.38616  1.38851
  2521.15      3.9664  1.38595  1.38831
  2519.65      3.9688  1.38574  1.38810
  2518.15      3.9712  1.38553  1.38790
  2516.65      3.9735  1.38532  1.38770
  2515.15      3.9759  1.38511  1.38749
  2513.65      3.9783  1.38490  1.38729
  2512.15      3.9807  1.38470  1.38709
  2510.65      3.9830  1.38450  1.38689
  2509.15      3.9854  1.38431  1.38668
  2507.65      3.9878  1.38412  1.38648
  2506.15      3.9902  1.38394  1.38629
  2504.65      3.9926  1.38377  1.38609
  2503.15      3.9950  1.38362  1.38590
  2501.65      3.9974  1.38346  1.38570
  2500.15      3.9998  1.38331  1.38552
  2498.65      4.0022  1.38316  1.38534
  2497.15      4.0046  1.38301  1.38516
  2495.65      4.0070  1.38286  1.38500
  2494.15      4.0094  1.38271  1.38483
  2492.65      4.0118  1.38257  1.38468
  2491.15      4.0142  1.38242  1.38451
  2489.65      4.0166  1.38227  1.38436
  2488.15      4.0191  1.38212  1.38420
  2486.65      4.0215  1.38197  1.38403
  2485.15      4.0239  1.38181  1.38388
  2483.65      4.0263  1.38165  1.38373
  2482.15      4.0288  1.38150  1.38357
  2480.65      4.0312  1.38134  1.38341
  2479.15      4.0336  1.38119  1.38326
  2477.65      4.0361  1.38103  1.38311
  2476.15      4.0385  1.38088  1.38297
  2474.65      4.0410  1.38073  1.38284
  2473.15      4.0434  1.38058  1.38270
  2471.65      4.0459  1.38044  1.38257
  2470.15      4.0483  1.38030  1.38243
  2468.65      4.0508  1.38017  1.38229
  2467.15      4.0533  1.38003  1.38215
  2465.65      4.0557  1.37990  1.38201
  2464.15      4.0582  1.37976  1.38185
  2462.65      4.0607  1.37963  1.38170
  2461.15      4.0631  1.37950  1.38154
  2459.65      4.0656  1.37936  1.38137
  2458.15      4.0681  1.37923  1.38121
  2456.65      4.0706  1.37910  1.38105
  2455.15      4.0731  1.37897  1.38090
  2453.64      4.0756  1.37884  1.38075
  2452.14      4.0781  1.37871  1.38061
  2450.64      4.0806  1.37858  1.38047
  2449.14      4.0831  1.37846  1.38034
  2447.64      4.0856  1.37833  1.38021
  2446.14      4.0881  1.37819  1.38007
  2444.64      4.0906  1.37805  1.37993
  2443.14      4.0931  1.37791  1.37979
  2441.64      4.0956  1.37776  1.37964
  2440.14      4.0981  1.37761  1.37949
  2438.64      4.1006  1.37746  1.37933
  2437.14      4.1032  1.37729  1.37916
  2435.64      4.1057  1.37714  1.37899
  2434.14      4.1082  1.37698  1.37882
  2432.64      4.1108  1.37681  1.37864
  2431.14      4.1133  1.37666  1.37848
  2429.64      4.1158  1.37650  1.37831
  2428.14      4.1184  1.37635  1.37815
  2426.64      4.1209  1.37619  1.37798
  2425.14      4.1235  1.37604  1.37782
  2423.64      4.1260  1.37588  1.37766
  2422.14      4.1286  1.37572  1.37749
  2420.64      4.1311  1.37556  1.37734
  2419.14      4.1337  1.37539  1.37716
  2417.64      4.1363  1.37523  1.37700
  2416.14      4.1388  1.37506  1.37683
  2414.64      4.1414  1.37490  1.37667
  2413.14      4.1440  1.37474  1.37651
  2411.64      4.1466  1.37458  1.37634
  2410.14      4.1491  1.37442  1.37618
  2408.64      4.1517  1.37426  1.37601
  2407.14      4.1543  1.37411  1.37585
  2405.64      4.1569  1.37395  1.37569
  2404.14      4.1595  1.37380  1.37553
  2402.64      4.1621  1.37365  1.37537
  2401.14      4.1647  1.37351  1.37522
  2399.64      4.1673  1.37337  1.37507
  2398.14      4.1699  1.37324  1.37492
  2396.64      4.1725  1.37311  1.37479
  2395.14      4.1751  1.37298  1.37466
  2393.64      4.1777  1.37285  1.37452
  2392.14      4.1804  1.37274  1.37440
  2390.64      4.1830  1.37262  1.37426
  2389.14      4.1856  1.37249  1.37415
  2387.64      4.1882  1.37236  1.37403
  2386.14      4.1909  1.37222  1.37390
  2384.64      4.1935  1.37207  1.37377
  2383.14      4.1961  1.37193  1.37364
  2381.64      4.1988  1.37177  1.37350
  2380.14      4.2014  1.37161  1.37336
  2378.64      4.2041  1.37143  1.37322
  2377.14      4.2067  1.37126  1.37307
  2375.64      4.2094  1.37109  1.37291
  2374.14      4.2121  1.37091  1.37274
  2372.64      4.2147  1.37074  1.37258
  2371.14      4.2174  1.37057  1.37241
  2369.64      4.2201  1.37041  1.37224
  2368.14      4.2227  1.37026  1.37207
  2366.64      4.2254  1.37014  1.37191
  2365.14      4.2281  1.37003  1.37176
  2363.64      4.2308  1.36995  1.37163
  2362.14      4.2335  1.36987  1.37152
  2360.64      4.2361  1.36982  1.37142
  2359.14      4.2388  1.36978  1.37135
  2357.64      4.2415  1.36976  1.37129
  2356.14      4.2442  1.36975  1.37126
  2354.64      4.2469  1.36974  1.37124
  2353.14      4.2496  1.36974  1.37123
  2351.64      4.2524  1.36973  1.37123
  2350.14      4.2551  1.36973  1.37122
  2348.64      4.2578  1.36972  1.37121
  2347.14      4.2605  1.36971  1.37120
  2345.64      4.2632  1.36969  1.37117
  2344.14      4.2660  1.36967  1.37115
  2342.64      4.2687  1.36963  1.37112
  2341.14      4.2714  1.36959  1.37108
  2339.64      4.2742  1.36956  1.37105
  2338.14      4.2769  1.36953  1.37101
  2336.64      4.2797  1.36950  1.37097
  2335.14      4.2824  1.36947  1.37094
  2333.64      4.2852  1.36943  1.37090
  2332.14      4.2879  1.36941  1.37087
  2330.64      4.2907  1.36938  1.37083
  2329.14      4.2934  1.36937  1.37080
  2327.64      4.2962  1.36934  1.37076
  2326.14      4.2990  1.36931  1.37072
  2324.64      4.3018  1.36926  1.37069
  2323.14      4.3045  1.36922  1.37066
  2321.64      4.3073  1.36917  1.37063
  2320.13      4.3101  1.36911  1.37060
  2318.63      4.3129  1.36906  1.37056
  2317.13      4.3157  1.36899  1.37053
  2315.63      4.3185  1.36892  1.37050
  2314.13      4.3213  1.36884  1.37047
  2312.63      4.3241  1.36877  1.37042
  2311.13      4.3269  1.36870  1.37037
  2309.63      4.3297  1.36864  1.37033
  2308.13      4.3325  1.36858  1.37027
  2306.63      4.3353  1.36852  1.37022
  2305.13      4.3381  1.36846  1.37016
  2303.63      4.3410  1.36840  1.37010
  2302.13      4.3438  1.36835  1.37005
  2300.63      4.3466  1.36830  1.37000
  2299.13      4.3495  1.36826  1.36994
  2297.63      4.3523  1.36821  1.36989
  2296.13      4.3551  1.36817  1.36985
  2294.63      4.3580  1.36812  1.36980
  2293.13      4.3608  1.36808  1.36975
  2291.63      4.3637  1.36804  1.36972
  2290.13      4.3666  1.36799  1.36967
  2288.63      4.3694  1.36794  1.36962
  2287.13      4.3723  1.36790  1.36958
  2285.63      4.3752  1.36785  1.36954
  2284.13      4.3780  1.36780  1.36949
  2282.63      4.3809  1.36776  1.36946
  2281.13      4.3838  1.36772  1.36942
  2279.63      4.3867  1.36767  1.36938
  2278.13      4.3896  1.36763  1.36934
  2276.63      4.3925  1.36760  1.36931
  2275.13      4.3953  1.36755  1.36929
  2273.63      4.3983  1.36752  1.36926
  2272.13      4.4012  1.36749  1.36924
  2270.63      4.4041  1.36746  1.36922
  2269.13      4.4070  1.36743  1.36921
  2267.63      4.4099  1.36740  1.36921
  2266.13      4.4128  1.36738  1.36921
  2264.63      4.4157  1.36737  1.36921
  2263.13      4.4187  1.36736  1.36922
  2261.63      4.4216  1.36735  1.36923
  2260.13      4.4245  1.36735  1.36925
  2258.63      4.4275  1.36735  1.36927
  2257.13      4.4304  1.36736  1.36929
  2255.63      4.4334  1.36738  1.36931
  2254.13      4.4363  1.36740  1.36933
  2252.63      4.4393  1.36743  1.36935
  2251.13      4.4422  1.36744  1.36936
  2249.63      4.4452  1.36746  1.36938
  2248.13      4.4481  1.36748  1.36939
  2246.63      4.4511  1.36750  1.36941
  2245.13      4.4541  1.36751  1.36942
  2243.63      4.4571  1.36752  1.36944
  2242.13      4.4600  1.36752  1.36944
  2240.63      4.4630  1.36753  1.36946
  2239.13      4.4660  1.36752  1.36947
  2237.63      4.4690  1.36752  1.36948
  2236.13      4.4720  1.36752  1.36949
  2234.63      4.4750  1.36751  1.36949
  2233.13      4.4780  1.36751  1.36948
  2231.63      4.4810  1.36751  1.36948
  2230.13      4.4840  1.36751  1.36946
  2228.63      4.4871  1.36751  1.36945
  2227.13      4.4901  1.36750  1.36943
  2225.63      4.4931  1.36749  1.36940
  2224.13      4.4961  1.36748  1.36938
  2222.63      4.4992  1.36746  1.36935
  2221.13      4.5022  1.36743  1.36930
  2219.63      4.5053  1.36739  1.36927
  2218.13      4.5083  1.36734  1.36922
  2216.63      4.5114  1.36728  1.36917
  2215.13      4.5144  1.36722  1.36912
  2213.63      4.5175  1.36715  1.36906
  2212.13      4.5205  1.36708  1.36899
  2210.63      4.5236  1.36700  1.36892
  2209.13      4.5267  1.36693  1.36885
  2207.63      4.5298  1.36685  1.36877
  2206.13      4.5328  1.36676  1.36869
  2204.63      4.5359  1.36667  1.36860
  2203.13      4.5390  1.36658  1.36852
  2201.63      4.5421  1.36649  1.36843
  2200.13      4.5452  1.36640  1.36834
  2198.63      4.5483  1.36632  1.36825
  2197.13      4.5514  1.36622  1.36815
  2195.63      4.5545  1.36613  1.36806
  2194.13      4.5576  1.36603  1.36795
  2192.63      4.5607  1.36594  1.36786
  2191.13      4.5639  1.36584  1.36775
  2189.63      4.5670  1.36575  1.36766
  2188.12      4.5701  1.36564  1.36755
  2186.62      4.5733  1.36553  1.36744
  2185.12      4.5764  1.36542  1.36733
  2183.62      4.5795  1.36530  1.36722
  2182.12      4.5827  1.36519  1.36711
  2180.62      4.5858  1.36507  1.36699
  2179.12      4.5890  1.36496  1.36688
  2177.62      4.5922  1.36485  1.36677
  2176.12      4.5953  1.36475  1.36667
  2174.62      4.5985  1.36464  1.36657
  2173.12      4.6017  1.36455  1.36647
  2171.62      4.6048  1.36444  1.36637
  2170.12      4.6080  1.36436  1.36629
  2168.62      4.6112  1.36427  1.36621
  2167.12      4.6144  1.36418  1.36612
  2165.62      4.6176  1.36410  1.36604
  2164.12      4.6208  1.36402  1.36596
  2162.62      4.6240  1.36394  1.36588
  2161.12      4.6272  1.36387  1.36582
  2159.62      4.6304  1.36380  1.36574
  2158.12      4.6337  1.36372  1.36566
  2156.62      4.6369  1.36365  1.36559
  2155.12      4.6401  1.36358  1.36552
  2153.62      4.6433  1.36351  1.36545
  2152.12      4.6466  1.36345  1.36539
  2150.62      4.6498  1.36339  1.36533
  2149.12      4.6531  1.36332  1.36526
  2147.62      4.6563  1.36326  1.36521
  2146.12      4.6596  1.36320  1.36515
  2144.62      4.6628  1.36315  1.36509
  2143.12      4.6661  1.36310  1.36503
  2141.62      4.6694  1.36304  1.36499
  2140.12      4.6726  1.36299  1.36493
  2138.62      4.6759  1.36295  1.36489
  2137.12      4.6792  1.36290  1.36483
  2135.62      4.6825  1.36286  1.36478
  2134.12      4.6858  1.36282  1.36473
  2132.62      4.6891  1.36278  1.36468
  2131.12      4.6924  1.36273  1.36463
  2129.62      4.6957  1.36268  1.36457
  2128.12      4.6990  1.36263  1.36451
  2126.62      4.7023  1.36257  1.36445
  2125.12      4.7056  1.36250  1.36437
  2123.62      4.7089  1.36243  1.36429
  2122.12      4.7123  1.36235  1.36420
  2120.62      4.7156  1.36226  1.36411
  2119.12      4.7189  1.36217  1.36401
  2117.62      4.7223  1.36206  1.36391
  2116.12      4.7256  1.36195  1.36379
  2114.62      4.7290  1.36182  1.36368
  2113.12      4.7323  1.36170  1.36356
  2111.62      4.7357  1.36156  1.36343
  2110.12      4.7391  1.36141  1.36331
  2108.62      4.7424  1.36126  1.36318
  2107.12      4.7458  1.36111  1.36304
  2105.62      4.7492  1.36095  1.36288
  2104.12      4.7526  1.36080  1.36273
  2102.62      4.7560  1.36064  1.36256
  2101.12      4.7594  1.36048  1.36239
  2099.62      4.7628  1.36031  1.36221
  2098.12      4.7662  1.36014  1.36202
  2096.62      4.7696  1.35997  1.36183
  2095.12      4.7730  1.35979  1.36163
  2093.62      4.7764  1.35961  1.36144
  2092.12      4.7798  1.35941  1.36123
  2090.62      4.7833  1.35922  1.36103
  2089.12      4.7867  1.35902  1.36082
  2087.62      4.7901  1.35882  1.36061
  2086.12      4.7936  1.35860  1.36039
  2084.62      4.7970  1.35839  1.36017
  2083.12      4.8005  1.35816  1.35995
  2081.62      4.8040  1.35795  1.35972
  2080.12      4.8074  1.35771  1.35947
  2078.62      4.8109  1.35748  1.35923
  2077.12      4.8144  1.35725  1.35899
  2075.62      4.8178  1.35703  1.35874
  2074.12      4.8213  1.35680  1.35851
  2072.62      4.8248  1.35657  1.35827
  2071.12      4.8283  1.35635  1.35803
  2069.62      4.8318  1.35613  1.35781
  2068.12      4.8353  1.35591  1.35758
  2066.62      4.8388  1.35569  1.35735
  2065.12      4.8423  1.35547  1.35713
  2063.62      4.8459  1.35524  1.35690
  2062.12      4.8494  1.35500  1.35666
  2060.62      4.8529  1.35477  1.35642
  2059.12      4.8565  1.35453  1.35617
  2057.62      4.8600  1.35429  1.35593
  2056.12      4.8635  1.35405  1.35567
  2054.61      4.8671  1.35382  1.35542
  2053.11      4.8706  1.35358  1.35517
  2051.61      4.8742  1.35335  1.35492
  2050.11      4.8778  1.35313  1.35468
  2048.61      4.8813  1.35292  1.35444
  2047.11      4.8849  1.35271  1.35421
  2045.61      4.8885  1.35249  1.35398
  2044.11      4.8921  1.35227  1.35374
  2042.61      4.8957  1.35204  1.35351
  2041.11      4.8993  1.35182  1.35329
  2039.61      4.9029  1.35159  1.35306
  2038.11      4.9065  1.35136  1.35283
  2036.61      4.9101  1.35113  1.35260
  2035.11      4.9137  1.35089  1.35236
  2033.61      4.9174  1.35065  1.35212
  2032.11      4.9210  1.35042  1.35189
  2030.61      4.9246  1.35017  1.35164
  2029.11      4.9283  1.34994  1.35141
  2027.61      4.9319  1.34971  1.35118
  2026.11      4.9356  1.34947  1.35093
  2024.61      4.9392  1.34923  1.35069
  2023.11      4.9429  1.34898  1.35045
  2021.61      4.9465  1.34873  1.35021
  2020.11      4.9502  1.34848  1.34997
  2018.61      4.9539  1.34822  1.34972
  2017.11      4.9576  1.34797  1.34947
  2015.61      4.9613  1.34771  1.34921
  2014.11      4.9650  1.34743  1.34893
  2012.61      4.9687  1.34715  1.34865
  2011.11      4.9724  1.34687  1.34837
  2009.61      4.9761  1.34658  1.34806
  2008.11      4.9798  1.34628  1.34775
  2006.61      4.9835  1.34598  1.34743
  2005.11      4.9873  1.34567  1.34711
  2003.61      4.9910  1.34537  1.34680
  2002.11      4.9947  1.34507  1.34650
  2000.61      4.9985  1.34477  1.34619
  1999.11      5.0022  1.34447  1.34587
  1997.61      5.0060  1.34416  1.34555
  1996.11      5.0097  1.34385  1.34524
  1994.61      5.0135  1.34355  1.34492
  1993.11      5.0173  1.34323  1.34459
  1991.61      5.0211  1.34292  1.34425
  1990.11      5.0248  1.34257  1.34389
  1988.61      5.0286  1.34222  1.34352
  1987.11      5.0324  1.34185  1.34314
  1985.61      5.0362  1.34146  1.34275
  1984.11      5.0400  1.34107  1.34235
  1982.61      5.0439  1.34067  1.34195
  1981.11      5.0477  1.34027  1.34153
  1979.61      5.0515  1.33986  1.34112
  1978.11      5.0553  1.33945  1.34071
  1976.61      5.0592  1.33906  1.34031
  1975.11      5.0630  1.33866  1.33991
  1973.61      5.0669  1.33827  1.33952
  1972.11      5.0707  1.33787  1.33912
  1970.61      5.0746  1.33748  1.33873
  1969.11      5.0784  1.33710  1.33834
  1967.61      5.0823  1.33672  1.33796
  1966.11      5.0862  1.33633  1.33757
  1964.61      5.0901  1.33594  1.33718
  1963.11      5.0940  1.33555  1.33678
  1961.61      5.0979  1.33517  1.33640
  1960.11      5.1018  1.33478  1.33601
  1958.61      5.1057  1.33440  1.33562
  1957.11      5.1096  1.33401  1.33523
  1955.61      5.1135  1.33364  1.33486
  1954.11      5.1174  1.33329  1.33449
  1952.61      5.1214  1.33294  1.33414
  1951.11      5.1253  1.33261  1.33380
  1949.61      5.1292  1.33229  1.33347
  1948.11      5.1332  1.33197  1.33314
  1946.61      5.1371  1.33167  1.33281
  1945.11      5.1411  1.33137  1.33250
  1943.61      5.1451  1.33106  1.33218
  1942.11      5.1490  1.33075  1.33186
  1940.61      5.1530  1.33042  1.33152
  1939.11      5.1570  1.33007  1.33117
  1937.61      5.1610  1.32973  1.33083
  1936.11      5.1650  1.32939  1.33051
  1934.61      5.1690  1.32906  1.33019
  1933.11      5.1730  1.32873  1.32989
  1931.61      5.1770  1.32843  1.32960
  1930.11      5.1811  1.32814  1.32933
  1928.61      5.1851  1.32788  1.32908
  1927.11      5.1891  1.32766  1.32886
  1925.61      5.1932  1.32744  1.32864
  1924.11      5.1972  1.32724  1.32843
  1922.61      5.2013  1.32705  1.32821
  1921.11      5.2053  1.32684  1.32799
  1919.60      5.2094  1.32664  1.32775
  1918.10      5.2135  1.32644  1.32751
  1916.60      5.2176  1.32621  1.32726
  1915.10      5.2216  1.32597  1.32700
  1913.60      5.2257  1.32572  1.32673
  1912.10      5.2298  1.32546  1.32646
  1910.60      5.2339  1.32521  1.32621
  1909.10      5.2381  1.32495  1.32595
  1907.60      5.2422  1.32470  1.32571
  1906.10      5.2463  1.32445  1.32547
  1904.60      5.2504  1.32422  1.32524
  1903.10      5.2546  1.32400  1.32503
  1901.60      5.2587  1.32380  1.32484
  1900.10      5.2629  1.32362  1.32466
  1898.60      5.2670  1.32344  1.32450
  1897.10      5.2712  1.32329  1.32434
  1895.60      5.2754  1.32314  1.32420
  1894.10      5.2795  1.32300  1.32406
  1892.60      5.2837  1.32287  1.32394
  1891.10      5.2879  1.32273  1.32382
  1889.60      5.2921  1.32260  1.32369
  1888.10      5.2963  1.32244  1.32355
  1886.60      5.3005  1.32229  1.32340
  1885.10      5.3048  1.32211  1.32323
  1883.60      5.3090  1.32195  1.32308
  1882.10      5.3132  1.32180  1.32293
  1880.60      5.3174  1.32168  1.32281
  1879.10      5.3217  1.32160  1.32273
  1877.60      5.3259  1.32153  1.32266
  1876.10      5.3302  1.32150  1.32263
  1874.60      5.3345  1.32148  1.32262
  1873.10      5.3387  1.32149  1.32263
  1871.60      5.3430  1.32151  1.32266
  1870.10      5.3473  1.32156  1.32271
  1868.60      5.3516  1.32158  1.32275
  1867.10      5.3559  1.32156  1.32273
  1865.60      5.3602  1.32150  1.32269
  1864.10      5.3645  1.32142  1.32262
  1862.60      5.3688  1.32132  1.32253
  1861.10      5.3732  1.32123  1.32245
  1859.60      5.3775  1.32114  1.32237
  1858.10      5.3818  1.32106  1.32229
  1856.60      5.3862  1.32101  1.32225
  1855.10      5.3905  1.32101  1.32226
  1853.60      5.3949  1.32107  1.32232
  1852.10      5.3993  1.32117  1.32243
  1850.60      5.4037  1.32130  1.32258
  1849.10      5.4080  1.32147  1.32276
  1847.60      5.4124  1.32167  1.32297
  1846.10      5.4168  1.32187  1.32319
  1844.60      5.4212  1.32206  1.32341
  1843.10      5.4256  1.32224  1.32360
  1841.60      5.4301  1.32241  1.32379
  1840.10      5.4345  1.32257  1.32396
  1838.60      5.4389  1.32275  1.32416
  1837.10      5.4434  1.32295  1.32438
  1835.60      5.4478  1.32317  1.32463
  1834.10      5.4523  1.32341  1.32489
  1832.60      5.4567  1.32367  1.32518
  1831.10      5.4612  1.32396  1.32550
  1829.60      5.4657  1.32427  1.32584
  1828.10      5.4702  1.32457  1.32617
  1826.60      5.4747  1.32486  1.32649
  1825.10      5.4792  1.32513  1.32680
  1823.60      5.4837  1.32539  1.32709
  1822.10      5.4882  1.32564  1.32737
  1820.60      5.4927  1.32589  1.32766
  1819.10      5.4972  1.32614  1.32795
  1817.60      5.5018  1.32641  1.32825
  1816.10      5.5063  1.32670  1.32857
  1814.60      5.5109  1.32703  1.32893
  1813.10      5.5154  1.32741  1.32935
  1811.60      5.5200  1.32783  1.32979
  1810.10      5.5246  1.32831  1.33028
  1808.60      5.5291  1.32879  1.33079
  1807.10      5.5337  1.32930  1.33132
  1805.60      5.5383  1.32984  1.33189
  1804.10      5.5429  1.33044  1.33251
  1802.60      5.5476  1.33107  1.33318
  1801.10      5.5522  1.33174  1.33390
  1799.60      5.5568  1.33239  1.33460
  1798.10      5.5614  1.33304  1.33531
  1796.60      5.5661  1.33369  1.33602
  1795.10      5.5707  1.33434  1.33675
  1793.60      5.5754  1.33502  1.33749
  1792.10      5.5801  1.33568  1.33821
  1790.60      5.5847  1.33629  1.33888
  1789.10      5.5894  1.33686  1.33948
  1787.60      5.5941  1.33742  1.34007
  1786.10      5.5988  1.33800  1.34070
  1784.59      5.6035  1.33865  1.34137
  1783.09      5.6082  1.33935  1.34209
  1781.59      5.6129  1.34009  1.34288
  1780.09      5.6177  1.34089  1.34370
  1778.59      5.6224  1.34172  1.34458
  1777.09      5.6272  1.34259  1.34550
  1775.59      5.6319  1.34353  1.34650
  1774.09      5.6367  1.34450  1.34754
  1772.59      5.6414  1.34549  1.34860
  1771.09      5.6462  1.34643  1.34962
  1769.59      5.6510  1.34733  1.35059
  1768.09      5.6558  1.34817  1.35152
  1766.59      5.6606  1.34900  1.35241
  1765.09      5.6654  1.34981  1.35329
  1763.59      5.6702  1.35064  1.35419
  1762.09      5.6751  1.35151  1.35512
  1760.59      5.6799  1.35240  1.35607
  1759.09      5.6847  1.35333  1.35705
  1757.59      5.6896  1.35432  1.35810
  1756.09      5.6945  1.35536  1.35920
  1754.59      5.6993  1.35646  1.36036
  1753.09      5.7042  1.35762  1.36160
  1751.59      5.7091  1.35885  1.36290
  1750.09      5.7140  1.36007  1.36421
  1748.59      5.7189  1.36129  1.36549
  1747.09      5.7238  1.36248  1.36677
  1745.59      5.7287  1.36370  1.36808
  1744.09      5.7336  1.36497  1.36942
  1742.59      5.7386  1.36625  1.37078
  1741.09      5.7435  1.36753  1.37215
  1739.59      5.7485  1.36880  1.37349
  1738.09      5.7534  1.37000  1.37479
  1736.59      5.7584  1.37120  1.37605
  1735.09      5.7634  1.37240  1.37732
  1733.59      5.7684  1.37354  1.37852
  1732.09      5.7734  1.37459  1.37962
  1730.59      5.7784  1.37557  1.38065
  1729.09      5.7834  1.37654  1.38168
  1727.59      5.7884  1.37753  1.38274
  1726.09      5.7934  1.37856  1.38383
  1724.59      5.7985  1.37965  1.38498
  1723.09      5.8035  1.38074  1.38614
  1721.59      5.8086  1.38186  1.38734
  1720.09      5.8136  1.38303  1.38859
  1718.59      5.8187  1.38426  1.38990
  1717.09      5.8238  1.38549  1.39121
  1715.59      5.8289  1.38663  1.39240
  1714.09      5.8340  1.38767  1.39351
  1712.59      5.8391  1.38867  1.39456
  1711.09      5.8442  1.38968  1.39562
  1709.59      5.8494  1.39071  1.39671
  1708.09      5.8545  1.39179  1.39786
  1706.59      5.8596  1.39288  1.39902
  1705.09      5.8648  1.39396  1.40017
  1703.59      5.8700  1.39501  1.40130
  1702.09      5.8751  1.39609  1.40245
  1700.59      5.8803  1.39715  1.40357
  1699.09      5.8855  1.39810  1.40460
  1697.59      5.8907  1.39896  1.40551
  1696.09      5.8959  1.39973  1.40632
  1694.59      5.9011  1.40043  1.40704
  1693.09      5.9064  1.40104  1.40768
  1691.59      5.9116  1.40165  1.40830
  1690.09      5.9169  1.40226  1.40892
  1688.59      5.9221  1.40288  1.40956
  1687.09      5.9274  1.40356  1.41025
  1685.59      5.9326  1.40431  1.41103
  1684.09      5.9379  1.40508  1.41182
  1682.59      5.9432  1.40581  1.41258
  1681.09      5.9485  1.40651  1.41331
  1679.59      5.9538  1.40723  1.41406
  1678.09      5.9592  1.40795  1.41481
  1676.59      5.9645  1.40869  1.41557
  1675.09      5.9698  1.40943  1.41633
  1673.59      5.9752  1.41016  1.41706
  1672.09      5.9806  1.41087  1.41777
  1670.59      5.9859  1.41159  1.41848
  1669.09      5.9913  1.41232  1.41919
  1667.59      5.9967  1.41305  1.41988
  1666.09      6.0021  1.41385  1.42065
  1664.59      6.0075  1.41479  1.42156
  1663.09      6.0129  1.41584  1.42256
  1661.59      6.0183  1.41695  1.42363
  1660.09      6.0238  1.41816  1.42479
  1658.59      6.0292  1.41952  1.42611
  1657.09      6.0347  1.42104  1.42758
  1655.59      6.0402  1.42272  1.42921
  1654.09      6.0456  1.42447  1.43091
  1652.59      6.0511  1.42614  1.43251
  1651.08      6.0566  1.42762  1.43391
  1649.58      6.0621  1.42902  1.43522
  1648.08      6.0676  1.43042  1.43652
  1646.58      6.0732  1.43177  1.43777
  1645.08      6.0787  1.43299  1.43889
  1643.58      6.0843  1.43406  1.43984
  1642.08      6.0898  1.43503  1.44068
  1640.58      6.0954  1.43597  1.44150
  1639.08      6.1010  1.43697  1.44238
  1637.58      6.1066  1.43803  1.44333
  1636.08      6.1122  1.43908  1.44426
  1634.58      6.1178  1.44001  1.44506
  1633.08      6.1234  1.44081  1.44574
  1631.58      6.1290  1.44158  1.44637
  1630.08      6.1347  1.44236  1.44699
  1628.58      6.1403  1.44311  1.44761
  1627.08      6.1460  1.44381  1.44816
  1625.58      6.1516  1.44441  1.44863
  1624.08      6.1573  1.44490  1.44897
  1622.58      6.1630  1.44529  1.44921
  1621.08      6.1687  1.44560  1.44938
  1619.58      6.1744  1.44586  1.44951
  1618.08      6.1802  1.44603  1.44958
  1616.58      6.1859  1.44606  1.44951
  1615.08      6.1916  1.44591  1.44927
  1613.58      6.1974  1.44562  1.44889
  1612.08      6.2032  1.44521  1.44843
  1610.58      6.2089  1.44474  1.44790
  1609.08      6.2147  1.44421  1.44733
  1607.58      6.2205  1.44362  1.44670
  1606.08      6.2263  1.44298  1.44602
  1604.58      6.2322  1.44228  1.44529
  1603.08      6.2380  1.44156  1.44453
  1601.58      6.2438  1.44082  1.44377
  1600.08      6.2497  1.44005  1.44299
  1598.58      6.2555  1.43925  1.44217
  1597.08      6.2614  1.43840  1.44130
  1595.58      6.2673  1.43753  1.44040
  1594.08      6.2732  1.43661  1.43946
  1592.58      6.2791  1.43565  1.43849
  1591.08      6.2850  1.43467  1.43748
  1589.58      6.2910  1.43369  1.43648
  1588.08      6.2969  1.43275  1.43552
  1586.58      6.3029  1.43183  1.43458
  1585.08      6.3088  1.43093  1.43365
  1583.58      6.3148  1.43003  1.43275
  1582.08      6.3208  1.42919  1.43189
  1580.58      6.3268  1.42839  1.43109
  1579.08      6.3328  1.42764  1.43034
  1577.58      6.3388  1.42690  1.42961
  1576.08      6.3449  1.42611  1.42883
  1574.58      6.3509  1.42524  1.42797
  1573.08      6.3570  1.42435  1.42710
  1571.58      6.3630  1.42356  1.42633
  1570.08      6.3691  1.42289  1.42568
  1568.58      6.3752  1.42224  1.42507
  1567.08      6.3813  1.42160  1.42446
  1565.58      6.3874  1.42098  1.42388
  1564.08      6.3935  1.42038  1.42332
  1562.58      6.3997  1.41986  1.42283
  1561.08      6.4058  1.41939  1.42240
  1559.58      6.4120  1.41887  1.42192
  1558.08      6.4182  1.41814  1.42121
  1556.58      6.4243  1.41720  1.42028
  1555.08      6.4305  1.41616  1.41924
  1553.58      6.4368  1.41513  1.41822
  1552.08      6.4430  1.41415  1.41724
  1550.58      6.4492  1.41321  1.41632
  1549.08      6.4555  1.41228  1.41541
  1547.58      6.4617  1.41137  1.41451
  1546.08      6.4680  1.41055  1.41371
  1544.58      6.4743  1.40988  1.41307
  1543.08      6.4806  1.40930  1.41253
  1541.58      6.4869  1.40872  1.41196
  1540.08      6.4932  1.40802  1.41127
  1538.58      6.4995  1.40715  1.41040
  1537.08      6.5059  1.40617  1.40940
  1535.58      6.5122  1.40516  1.40837
  1534.08      6.5186  1.40417  1.40737
  1532.58      6.5250  1.40318  1.40637
  1531.08      6.5314  1.40218  1.40536
  1529.58      6.5378  1.40124  1.40442
  1528.08      6.5442  1.40039  1.40359
  1526.58      6.5506  1.39966  1.40287
  1525.08      6.5571  1.39900  1.40225
  1523.58      6.5635  1.39841  1.40168
  1522.08      6.5700  1.39780  1.40109
  1520.58      6.5765  1.39717  1.40048
  1519.08      6.5830  1.39657  1.39990
  1517.58      6.5895  1.39599  1.39934
  1516.07      6.5960  1.39539  1.39875
  1514.57      6.6025  1.39472  1.39809
  1513.07      6.6091  1.39405  1.39741
  1511.57      6.6156  1.39338  1.39673
  1510.07      6.6222  1.39273  1.39609
  1508.57      6.6288  1.39211  1.39546
  1507.07      6.6354  1.39143  1.39477
  1505.57      6.6420  1.39059  1.39391
  1504.07      6.6486  1.38962  1.39291
  1502.57      6.6552  1.38863  1.39190
  1501.07      6.6619  1.38771  1.39097
  1499.57      6.6686  1.38683  1.39009
  1498.07      6.6752  1.38596  1.38923
  1496.57      6.6819  1.38506  1.38834
  1495.07      6.6886  1.38414  1.38746
  1493.57      6.6954  1.38328  1.38662
  1492.07      6.7021  1.38252  1.38590
  1490.57      6.7088  1.38183  1.38526
  1489.07      6.7156  1.38112  1.38460
  1487.57      6.7224  1.38036  1.38387
  1486.07      6.7291  1.37958  1.38311
  1484.57      6.7359  1.37885  1.38238
  1483.07      6.7428  1.37818  1.38170
  1481.57      6.7496  1.37756  1.38106
  1480.07      6.7564  1.37696  1.38045
  1478.57      6.7633  1.37638  1.37986
  1477.07      6.7702  1.37585  1.37932
  1475.57      6.7770  1.37535  1.37881
  1474.07      6.7839  1.37485  1.37830
  1472.57      6.7908  1.37430  1.37774
  1471.07      6.7978  1.37370  1.37713
  1469.57      6.8047  1.37306  1.37651
  1468.07      6.8117  1.37249  1.37594
  1466.57      6.8186  1.37194  1.37540
  1465.07      6.8256  1.37139  1.37488
  1463.57      6.8326  1.37081  1.37433
  1462.07      6.8396  1.37023  1.37378
  1460.57      6.8466  1.36968  1.37326
  1459.07      6.8537  1.36919  1.37281
  1457.57      6.8607  1.36870  1.37234
  1456.07      6.8678  1.36810  1.37177
  1454.57      6.8749  1.36738  1.37104
  1453.07      6.8820  1.36658  1.37023
  1451.57      6.8891  1.36574  1.36936
  1450.07      6.8962  1.36492  1.36850
  1448.57      6.9034  1.36411  1.36766
  1447.07      6.9105  1.36331  1.36682
  1445.57      6.9177  1.36249  1.36597
  1444.07      6.9249  1.36170  1.36515
  1442.57      6.9321  1.36098  1.36443
  1441.07      6.9393  1.36034  1.36381
  1439.57      6.9465  1.35977  1.36324
  1438.07      6.9538  1.35921  1.36272
  1436.57      6.9610  1.35864  1.36218
  1435.07      6.9683  1.35803  1.36160
  1433.57      6.9756  1.35741  1.36100
  1432.07      6.9829  1.35681  1.36042
  1430.57      6.9902  1.35623  1.35987
  1429.07      6.9976  1.35569  1.35933
  1427.57      7.0049  1.35514  1.35879
  1426.07      7.0123  1.35459  1.35825
  1424.57      7.0197  1.35405  1.35771
  1423.07      7.0271  1.35353  1.35718
  1421.57      7.0345  1.35302  1.35669
  1420.07      7.0419  1.35253  1.35618
  1418.57      7.0494  1.35198  1.35564
  1417.07      7.0568  1.35136  1.35502
  1415.57      7.0643  1.35071  1.35434
  1414.07      7.0718  1.35001  1.35363
  1412.57      7.0793  1.34931  1.35290
  1411.07      7.0868  1.34860  1.35219
  1409.57      7.0944  1.34791  1.35149
  1408.07      7.1019  1.34725  1.35083
  1406.57      7.1095  1.34663  1.35021
  1405.07      7.1171  1.34607  1.34965
  1403.57      7.1247  1.34553  1.34912
  1402.07      7.1323  1.34503  1.34863
  1400.57      7.1400  1.34456  1.34818
  1399.07      7.1476  1.34411  1.34773
  1397.57      7.1553  1.34365  1.34729
  1396.07      7.1630  1.34317  1.34680
  1394.57      7.1707  1.34263  1.34626
  1393.07      7.1784  1.34202  1.34567
  1391.57      7.1862  1.34137  1.34502
  1390.07      7.1939  1.34070  1.34435
  1388.57      7.2017  1.34004  1.34369
  1387.07      7.2095  1.33934  1.34300
  1385.57      7.2173  1.33864  1.34230
  1384.07      7.2251  1.33793  1.34159
  1382.56      7.2329  1.33724  1.34089
  1381.06      7.2408  1.33658  1.34022
  1379.56      7.2487  1.33595  1.33959
  1378.06      7.2566  1.33535  1.33898
  1376.56      7.2645  1.33478  1.33839
  1375.06      7.2724  1.33421  1.33781
  1373.56      7.2803  1.33365  1.33724
  1372.06      7.2883  1.33309  1.33666
  1370.56      7.2963  1.33253  1.33607
  1369.06      7.3043  1.33197  1.33550
  1367.56      7.3123  1.33141  1.33492
  1366.06      7.3203  1.33086  1.33433
  1364.56      7.3284  1.33030  1.33373
  1363.06      7.3364  1.32972  1.33312
  1361.56      7.3445  1.32913  1.33249
  1360.06      7.3526  1.32851  1.33184
  1358.56      7.3607  1.32788  1.33117
  1357.06      7.3689  1.32724  1.33051
  1355.56      7.3770  1.32659  1.32983
  1354.06      7.3852  1.32593  1.32916
  1352.56      7.3934  1.32527  1.32849
  1351.06      7.4016  1.32462  1.32784
  1349.56      7.4098  1.32399  1.32720
  1348.06      7.4181  1.32337  1.32659
  1346.56      7.4263  1.32278  1.32600
  1345.06      7.4346  1.32221  1.32544
  1343.56      7.4429  1.32165  1.32488
  1342.06      7.4512  1.32111  1.32433
  1340.56      7.4596  1.32056  1.32377
  1339.06      7.4679  1.32002  1.32320
  1337.56      7.4763  1.31944  1.32262
  1336.06      7.4847  1.31885  1.32199
  1334.56      7.4931  1.31824  1.32135
  1333.06      7.5015  1.31762  1.32069
  1331.56      7.5100  1.31700  1.32002
  1330.06      7.5185  1.31636  1.31935
  1328.56      7.5269  1.31572  1.31867
  1327.06      7.5354  1.31507  1.31800
  1325.56      7.5440  1.31443  1.31733
  1324.06      7.5525  1.31378  1.31666
  1322.56      7.5611  1.31313  1.31600
  1321.06      7.5697  1.31248  1.31534
  1319.56      7.5783  1.31181  1.31467
  1318.06      7.5869  1.31112  1.31397
  1316.56      7.5956  1.31041  1.31325
  1315.06      7.6042  1.30968  1.31251
  1313.56      7.6129  1.30892  1.31174
  1312.06      7.6216  1.30813  1.31093
  1310.56      7.6303  1.30732  1.31010
  1309.06      7.6391  1.30648  1.30925
  1307.56      7.6478  1.30561  1.30837
  1306.06      7.6566  1.30471  1.30747
  1304.56      7.6654  1.30378  1.30654
  1303.06      7.6742  1.30283  1.30561
  1301.56      7.6831  1.30186  1.30465
  1300.06      7.6920  1.30085  1.30367
  1298.56      7.7008  1.29982  1.30266
  1297.06      7.7098  1.29877  1.30164
  1295.56      7.7187  1.29768  1.30059
  1294.06      7.7276  1.29656  1.29951
  1292.56      7.7366  1.29539  1.29839
  1291.06      7.7456  1.29420  1.29725
  1289.56      7.7546  1.29297  1.29606
  1288.06      7.7636  1.29170  1.29484
  1286.56      7.7727  1.29038  1.29359
  1285.06      7.7818  1.28902  1.29228
  1283.56      7.7908  1.28760  1.29094
  1282.06      7.8000  1.28614  1.28957
  1280.56      7.8091  1.28464  1.28814
  1279.06      7.8183  1.28309  1.28668
  1277.56      7.8274  1.28149  1.28517
  1276.06      7.8366  1.27984  1.28361
  1274.56      7.8459  1.27815  1.28202
  1273.06      7.8551  1.27642  1.28038
  1271.56      7.8644  1.27464  1.27871
  1270.06      7.8737  1.27283  1.27700
  1268.56      7.8830  1.27097  1.27524
  1267.06      7.8923  1.26908  1.27345
  1265.56      7.9017  1.26714  1.27163
  1264.06      7.9110  1.26517  1.26979
  1262.56      7.9204  1.26318  1.26792
  1261.06      7.9299  1.26116  1.26602
  1259.56      7.9393  1.25911  1.26410
  1258.06      7.9488  1.25705  1.26217
  1256.56      7.9583  1.25499  1.26023
  1255.06      7.9678  1.25292  1.25828
  1253.56      7.9773  1.25088  1.25634
  1252.06      7.9869  1.24884  1.25440
  1250.56      7.9964  1.24686  1.25249
  1249.06      8.0061  1.24492  1.25063
  1247.55      8.0157  1.24305  1.24881
  1246.05      8.0253  1.24126  1.24705
  1244.55      8.0350  1.23955  1.24536
  1243.05      8.0447  1.23795  1.24376
  1241.55      8.0544  1.23647  1.24225
  1240.05      8.0642  1.23512  1.24082
  1238.55      8.0739  1.23390  1.23952
  1237.05      8.0837  1.23282  1.23830
  1235.55      8.0935  1.23187  1.23721
  1234.05      8.1034  1.23107  1.23623
  1232.55      8.1132  1.23041  1.23535
  1231.05      8.1231  1.22990  1.23459
  1229.55      8.1330  1.22953  1.23394
  1228.05      8.1430  1.22928  1.23341
  1226.55      8.1529  1.22916  1.23298
  1225.05      8.1629  1.22918  1.23266
  1223.55      8.1729  1.22931  1.23244
  1222.05      8.1830  1.22956  1.23231
  1220.55      8.1930  1.22990  1.23225
  1219.05      8.2031  1.23033  1.23228
  1217.55      8.2132  1.23082  1.23235
  1216.05      8.2233  1.23139  1.23248
  1214.55      8.2335  1.23201  1.23265
  1213.05      8.2437  1.23268  1.23285
  1211.55      8.2539  1.23338  1.23308
  1210.05      8.2641  1.23411  1.23332
  1208.55      8.2744  1.23487  1.23359
  1207.05      8.2846  1.23564  1.23387
  1205.55      8.2950  1.23644  1.23415
  1204.05      8.3053  1.23726  1.23444
  1202.55      8.3157  1.23811  1.23474
  1201.05      8.3260  1.23900  1.23507
  1199.55      8.3364  1.23992  1.23542
  1198.05      8.3469  1.24090  1.23580
  1196.55      8.3574  1.24194  1.23622
  1195.05      8.3678  1.24303  1.23669
  1193.55      8.3784  1.24422  1.23723
  1192.05      8.3889  1.24548  1.23783
  1190.55      8.3995  1.24684  1.23854
  1189.05      8.4101  1.24831  1.23932
  1187.55      8.4207  1.24988  1.24022
  1186.05      8.4313  1.25158  1.24123
  1184.55      8.4420  1.25340  1.24237
  1183.05      8.4527  1.25535  1.24363
  1181.55      8.4635  1.25744  1.24503
  1180.05      8.4742  1.25964  1.24656
  1178.55      8.4850  1.26199  1.24823
  1177.05      8.4958  1.26446  1.25002
  1175.55      8.5067  1.26707  1.25196
  1174.05      8.5175  1.26979  1.25401
  1172.55      8.5284  1.27262  1.25619
  1171.05      8.5394  1.27555  1.25849
  1169.55      8.5503  1.27858  1.26091
  1168.05      8.5613  1.28169  1.26343
  1166.55      8.5723  1.28488  1.26607
  1165.05      8.5833  1.28815  1.26883
  1163.55      8.5944  1.29149  1.27170
  1162.05      8.6055  1.29489  1.27468
  1160.55      8.6166  1.29834  1.27777
  1159.05      8.6278  1.30185  1.28098
  1157.55      8.6389  1.30542  1.28430
  1156.05      8.6502  1.30903  1.28774
  1154.55      8.6614  1.31270  1.29127
  1153.05      8.6727  1.31640  1.29491
  1151.55      8.6840  1.32014  1.29864
  1150.05      8.6953  1.32390  1.30246
  1148.55      8.7066  1.32770  1.30635
  1147.05      8.7180  1.33152  1.31032
  1145.55      8.7295  1.33534  1.31436
  1144.05      8.7409  1.33918  1.31844
  1142.55      8.7524  1.34300  1.32257
  1141.05      8.7639  1.34683  1.32674
  1139.55      8.7754  1.35065  1.33092
  1138.05      8.7870  1.35445  1.33513
  1136.55      8.7986  1.35823  1.33935
  1135.05      8.8102  1.36199  1.34356
  1133.55      8.8219  1.36572  1.34778
  1132.05      8.8336  1.36945  1.35202
  1130.55      8.8453  1.37318  1.35625
  1129.05      8.8570  1.37689  1.36050
  1127.55      8.8688  1.38061  1.36478
  1126.05      8.8806  1.38435  1.36909
  1124.55      8.8925  1.38811  1.37345
  1123.05      8.9044  1.39192  1.37787
  1121.55      8.9163  1.39580  1.38237
  1120.05      8.9282  1.39972  1.38695
  1118.55      8.9402  1.40373  1.39162
  1117.05      8.9522  1.40782  1.39641
  1115.55      8.9642  1.41200  1.40130
  1114.04      8.9763  1.41628  1.40631
  1112.54      8.9884  1.42065  1.41144
  1111.04      9.0005  1.42511  1.41669
  1109.54      9.0127  1.42966  1.42205
  1108.04      9.0249  1.43429  1.42752
  1106.54      9.0371  1.43897  1.43307
  1105.04      9.0494  1.44370  1.43869
  1103.54      9.0617  1.44846  1.44437
  1102.04      9.0740  1.45323  1.45009
  1100.54      9.0864  1.45799  1.45580
  1099.04      9.0988  1.46271  1.46151
  1097.54      9.1113  1.46739  1.46718
  1096.04      9.1237  1.47198  1.47278
  1094.54      9.1362  1.47648  1.47830
  1093.04      9.1488  1.48088  1.48371
  1091.54      9.1613  1.48515  1.48900
  1090.04      9.1739  1.48928  1.49415
  1088.54      9.1866  1.49325  1.49914
  1087.04      9.1993  1.49708  1.50397
  1085.54      9.2120  1.50073  1.50862
  1084.04      9.2247  1.50420  1.51308
  1082.54      9.2375  1.50750  1.51737
  1081.04      9.2503  1.51063  1.52147
  1079.54      9.2632  1.51358  1.52541
  1078.04      9.2761  1.51638  1.52917
  1076.54      9.2890  1.51903  1.53280
  1075.04      9.3020  1.52157  1.53628
  1073.54      9.3150  1.52402  1.53966
  1072.04      9.3280  1.52642  1.54296
  1070.54      9.3411  1.52882  1.54623
  1069.04      9.3542  1.53128  1.54951
  1067.54      9.3673  1.53385  1.55286
  1066.04      9.3805  1.53661  1.55632
  1064.54      9.3937  1.53962  1.55996
  1063.04      9.4070  1.54292  1.56382
  1061.54      9.4203  1.54659  1.56793
  1060.04      9.4336  1.55066  1.57237
  1058.54      9.4470  1.55515  1.57713
  1057.04      9.4604  1.56008  1.58222
  1055.54      9.4738  1.56541  1.58762
  1054.04      9.4873  1.57109  1.59331
  1052.54      9.5008  1.57707  1.59923
  1051.04      9.5144  1.58329  1.60532
  1049.54      9.5280  1.58966  1.61153
  1048.04      9.5416  1.59607  1.61779
  1046.54      9.5553  1.60245  1.62398
  1045.04      9.5690  1.60870  1.63005
  1043.54      9.5828  1.61476  1.63594
  1042.04      9.5966  1.62056  1.64162
  1040.54      9.6104  1.62610  1.64703
  1039.04      9.6243  1.63131  1.65216
  1037.54      9.6382  1.63620  1.65700
  1036.04      9.6521  1.64075  1.66154
  1034.54      9.6661  1.64498  1.66577
  1033.04      9.6802  1.64891  1.66972
  1031.54      9.6943  1.65253  1.67339
  1030.04      9.7084  1.65586  1.67677
  1028.54      9.7225  1.65889  1.67987
  1027.04      9.7367  1.66164  1.68268
  1025.54      9.7510  1.66411  1.68521
  1024.04      9.7653  1.66630  1.68745
  1022.54      9.7796  1.66822  1.68940
  1021.04      9.7940  1.66985  1.69107
  1019.54      9.8084  1.67121  1.69244
  1018.04      9.8228  1.67229  1.69354
  1016.54      9.8373  1.67311  1.69434
  1015.04      9.8519  1.67367  1.69486
  1013.54      9.8664  1.67398  1.69512
  1012.04      9.8811  1.67402  1.69509
  1010.54      9.8957  1.67380  1.69479
  1009.04      9.9104  1.67333  1.69421
  1007.54      9.9252  1.67259  1.69334
  1006.04      9.9400  1.67157  1.69217
  1004.54      9.9548  1.67027  1.69068
  1003.04      9.9697  1.66868  1.68887
  1001.54      9.9847  1.66680  1.68673
  1000.04      9.9996  1.66463  1.68428
   998.54     10.0147  1.66222  1.68155
   997.04     10.0297  1.65961  1.67861
   995.54     10.0448  1.65687  1.67552
   994.04     10.0600  1.65409  1.67239
   992.54     10.0752  1.65134  1.66935
   991.04     10.0905  1.64876  1.66651
   989.54     10.1057  1.64640  1.66398
   988.04     10.1211  1.64438  1.66186
   986.54     10.1365  1.64275  1.66024
   985.04     10.1519  1.64155  1.65912
   983.54     10.1674  1.64077  1.65851
   982.04     10.1829  1.64036  1.65834
   980.54     10.1985  1.64027  1.65855
   979.03     10.2141  1.64041  1.65900
   977.53     10.2298  1.64069  1.65961
   976.03     10.2455  1.64104  1.66025
   974.53     10.2613  1.64134  1.66083
   973.03     10.2771  1.64154  1.66127
   971.53     10.2930  1.64157  1.66151
   970.03     10.3089  1.64142  1.66151
   968.53     10.3249  1.64105  1.66127
   967.03     10.3409  1.64046  1.66077
   965.53     10.3570  1.63968  1.66006
   964.03     10.3731  1.63870  1.65912
   962.53     10.3892  1.63755  1.65801
   961.03     10.4055  1.63625  1.65672
   959.53     10.4217  1.63480  1.65528
   958.03     10.4381  1.63324  1.65369
   956.53     10.4544  1.63155  1.65198
   955.03     10.4708  1.62976  1.65017
   953.53     10.4873  1.62788  1.64825
   952.03     10.5038  1.62590  1.64625
   950.53     10.5204  1.62385  1.64418
   949.03     10.5370  1.62174  1.64203
   947.53     10.5537  1.61956  1.63982
   946.03     10.5705  1.61733  1.63756
   944.53     10.5872  1.61505  1.63527
   943.03     10.6041  1.61275  1.63293
   941.53     10.6210  1.61042  1.63058
   940.03     10.6379  1.60807  1.62820
   938.53     10.6549  1.60573  1.62582
   937.03     10.6720  1.60340  1.62344
   935.53     10.6891  1.60108  1.62109
   934.03     10.7063  1.59880  1.61874
   932.53     10.7235  1.59657  1.61645
   931.03     10.7408  1.59439  1.61420
   929.53     10.7581  1.59228  1.61202
   928.03     10.7755  1.59025  1.60992
   926.53     10.7929  1.58831  1.60790
   925.03     10.8104  1.58648  1.60597
   923.53     10.8280  1.58477  1.60416
   922.03     10.8456  1.58319  1.60247
   920.53     10.8633  1.58174  1.60090
   919.03     10.8810  1.58045  1.59947
   917.53     10.8988  1.57932  1.59817
   916.03     10.9167  1.57836  1.59704
   914.53     10.9346  1.57757  1.59607
   913.03     10.9525  1.57697  1.59526
   911.53     10.9706  1.57655  1.59461
   910.03     10.9887  1.57631  1.59413
   908.53     11.0068  1.57626  1.59381
   907.03     11.0250  1.57639  1.59365
   905.53     11.0433  1.57668  1.59363
   904.03     11.0616  1.57712  1.59374
   902.53     11.0800  1.57769  1.59397
   901.03     11.0984  1.57837  1.59428
   899.53     11.1169  1.57913  1.59467
   898.03     11.1355  1.57996  1.59511
   896.53     11.1541  1.58083  1.59557
   895.03     11.1728  1.58168  1.59603
   893.53     11.1916  1.58252  1.59646
   892.03     11.2104  1.58331  1.59684
   890.53     11.2293  1.58402  1.59716
   889.03     11.2482  1.58465  1.59739
   887.53     11.2672  1.58517  1.59753
   886.03     11.2863  1.58556  1.59756
   884.53     11.3055  1.58583  1.59748
   883.03     11.3247  1.58597  1.59730
   881.53     11.3439  1.58597  1.59701
   880.03     11.3633  1.58587  1.59663
   878.53     11.3827  1.58564  1.59615
   877.03     11.4022  1.58532  1.59560
   875.53     11.4217  1.58491  1.59500
   874.03     11.4413  1.58442  1.59434
   872.53     11.4610  1.58386  1.59362
   871.03     11.4807  1.58325  1.59287
   869.53     11.5005  1.58258  1.59207
   868.03     11.5204  1.58187  1.59124
   866.53     11.5403  1.58111  1.59038
   865.03     11.5603  1.58031  1.58948
   863.53     11.5804  1.57946  1.58856
   862.03     11.6006  1.57856  1.58759
   860.53     11.6208  1.57762  1.58659
   859.03     11.6411  1.57664  1.58558
   857.53     11.6615  1.57562  1.58454
   856.03     11.6819  1.57457  1.58349
   854.53     11.7024  1.57350  1.58242
   853.03     11.7230  1.57241  1.58134
   851.53     11.7436  1.57131  1.58024
   850.03     11.7644  1.57019  1.57915
   848.53     11.7852  1.56907  1.57806
   847.03     11.8060  1.56794  1.57698
   845.52     11.8270  1.56681  1.57588
   844.02     11.8480  1.56568  1.57476
   842.52     11.8691  1.56453  1.57362
   841.02     11.8903  1.56337  1.57246
   839.52     11.9115  1.56216  1.57126
   838.02     11.9328  1.56092  1.57001
   836.52     11.9542  1.55963  1.56872
   835.02     11.9757  1.55831  1.56738
   833.52     11.9973  1.55694  1.56599
   832.02     12.0189  1.55555  1.56457
   830.52     12.0406  1.55414  1.56315
   829.02     12.0624  1.55274  1.56174
   827.52     12.0842  1.55136  1.56037
   826.02     12.1062  1.55003  1.55906
   824.52     12.1282  1.54879  1.55781
   823.02     12.1503  1.54763  1.55666
   821.52     12.1725  1.54655  1.55560
   820.02     12.1948  1.54553  1.55463
   818.52     12.2171  1.54460  1.55374
   817.02     12.2396  1.54373  1.55291
   815.52     12.2621  1.54290  1.55211
   814.02     12.2847  1.54210  1.55134
   812.52     12.3074  1.54130  1.55059
   811.02     12.3301  1.54051  1.54982
   809.52     12.3530  1.53971  1.54906
   808.02     12.3759  1.53889  1.54828
   806.52     12.3989  1.53806  1.54749
   805.02     12.4220  1.53722  1.54668
   803.52     12.4452  1.53637  1.54587
   802.02     12.4685  1.53553  1.54505
   800.52     12.4919  1.53470  1.54423
   799.02     12.5153  1.53388  1.54342
   797.52     12.5388  1.53307  1.54263
   796.02     12.5625  1.53228  1.54186
   794.52     12.5862  1.53153  1.54111
   793.02     12.6100  1.53080  1.54039
   791.52     12.6339  1.53013  1.53971
   790.02     12.6579  1.52947  1.53906
   788.52     12.6820  1.52885  1.53847
   787.02     12.7061  1.52827  1.53791
   785.52     12.7304  1.52772  1.53741
   784.02     12.7548  1.52721  1.53693
   782.52     12.7792  1.52673  1.53650
   781.02     12.8038  1.52629  1.53611
   779.52     12.8284  1.52589  1.53575
   778.02     12.8531  1.52551  1.53542
   776.52     12.8780  1.52518  1.53513
   775.02     12.9029  1.52489  1.53488
   773.52     12.9279  1.52464  1.53465
   772.02     12.9530  1.52442  1.53446
   770.52     12.9783  1.52422  1.53431
   769.02     13.0036  1.52406  1.53419
   767.52     13.0290  1.52394  1.53411
   766.02     13.0545  1.52385  1.53407
   764.52     13.0801  1.52380  1.53408
   763.02     13.1058  1.52379  1.53412
   761.52     13.1317  1.52382  1.53420
   760.02     13.1576  1.52389  1.53433
   758.52     13.1836  1.52401  1.53450
   757.02     13.2097  1.52417  1.53470
   755.52     13.2359  1.52437  1.53497
   754.02     13.2623  1.52462  1.53526
   752.52     13.2887  1.52491  1.53560
   751.02     13.3153  1.52523  1.53598
   749.52     13.3419  1.52559  1.53641
   748.02     13.3687  1.52598  1.53686
   746.52     13.3955  1.52642  1.53735
   745.02     13.4225  1.52687  1.53786
   743.52     13.4496  1.52736  1.53839
   742.02     13.4768  1.52788  1.53894
   740.52     13.5041  1.52841  1.53951
   739.02     13.5315  1.52894  1.54007
   737.52     13.5590  1.52947  1.54063
   736.02     13.5866  1.53000  1.54118
   734.52     13.6144  1.53050  1.54173
   733.02     13.6423  1.53099  1.54226
   731.52     13.6702  1.53147  1.54279
   730.02     13.6983  1.53191  1.54330
   728.52     13.7265  1.53233  1.54380
   727.02     13.7549  1.53273  1.54427
   725.52     13.7833  1.53312  1.54473
   724.02     13.8119  1.53348  1.54517
   722.52     13.8405  1.53383  1.54558
   721.02     13.8693  1.53416  1.54597
   719.52     13.8982  1.53447  1.54633
   718.02     13.9273  1.53476  1.54666
   716.52     13.9564  1.53503  1.54695
   715.02     13.9857  1.53527  1.54721
   713.52     14.0151  1.53546  1.54742
   712.02     14.0446  1.53564  1.54760
   710.51     14.0743  1.53577  1.54772
   709.01     14.1041  1.53588  1.54782
   707.51     14.1340  1.53596  1.54788
   706.01     14.1640  1.53598  1.54791
   704.51     14.1942  1.53598  1.54790
   703.01     14.2245  1.53594  1.54785
   701.51     14.2549  1.53586  1.54778
   700.01     14.2854  1.53575  1.54768
   698.51     14.3161  1.53558  1.54756
   697.01     14.3469  1.53538  1.54740
   695.51     14.3779  1.53514  1.54723
   694.01     14.4089  1.53488  1.54704
   692.51     14.4402  1.53459  1.54681
   691.01     14.4715  1.53428  1.54658
   689.51     14.5030  1.53396  1.54633
   688.01     14.5346  1.53364  1.54606
   686.51     14.5664  1.53333  1.54580
   685.01     14.5983  1.53304  1.54555
   683.51     14.6303  1.53277  1.54531
   682.01     14.6625  1.53252  1.54506
   680.51     14.6948  1.53227  1.54481
   679.01     14.7273  1.53203  1.54456
   677.51     14.7599  1.53179  1.54429
   676.01     14.7926  1.53155  1.54402
   674.51     14.8255  1.53130  1.54375
   673.01     14.8586  1.53104  1.54347
   671.51     14.8918  1.53077  1.54317
   670.01     14.9251  1.53046  1.54287
   668.51     14.9586  1.53015  1.54255
   667.01     14.9922  1.52984  1.54223
   665.51     15.0260  1.52953  1.54194
   664.01     15.0600  1.52922  1.54165
   662.51     15.0941  1.52893  1.54136
   661.01     15.1283  1.52864  1.54108
   659.51     15.1627  1.52838  1.54082
   658.01     15.1973  1.52815  1.54060
   656.51     15.2320  1.52796  1.54042
   655.01     15.2669  1.52785  1.54031
   653.51     15.3020  1.52781  1.54029
   652.01     15.3372  1.52787  1.54036
   650.51     15.3725  1.52804  1.54056
   649.01     15.4081  1.52836  1.54093
   647.51     15.4438  1.52884  1.54149
   646.01     15.4796  1.52952  1.54226
   644.51     15.5157  1.53039  1.54326
   643.01     15.5519  1.53148  1.54452
   641.51     15.5882  1.53280  1.54606
   640.01     15.6248  1.53435  1.54791
   638.51     15.6615  1.53618  1.55006
   637.01     15.6984  1.53830  1.55255
   635.51     15.7354  1.54073  1.55539
   634.01     15.7726  1.54347  1.55857
   632.51     15.8100  1.54653  1.56213
   631.01     15.8476  1.54991  1.56606
   629.51     15.8854  1.55366  1.57038
   628.01     15.9233  1.55779  1.57509
   626.51     15.9615  1.56230  1.58022
   625.01     15.9998  1.56717  1.58574
   623.51     16.0383  1.57240  1.59166
   622.01     16.0770  1.57799  1.59796
   620.51     16.1158  1.58391  1.60463
   619.01     16.1549  1.59016  1.61163
   617.51     16.1941  1.59671  1.61897
   616.01     16.2336  1.60354  1.62658
   614.51     16.2732  1.61061  1.63444
   613.01     16.3130  1.61792  1.64247
   611.51     16.3530  1.62541  1.65065
   610.01     16.3932  1.63310  1.65894
   608.51     16.4337  1.64090  1.66727
   607.01     16.4743  1.64883  1.67563
   605.51     16.5151  1.65684  1.68396
   604.01     16.5561  1.66489  1.69221
   602.51     16.5973  1.67292  1.70034
   601.01     16.6388  1.68089  1.70829
   599.51     16.6804  1.68875  1.71602
   598.01     16.7222  1.69645  1.72348
   596.51     16.7643  1.70397  1.73065
   595.01     16.8065  1.71128  1.73750
   593.51     16.8490  1.71836  1.74401
   592.01     16.8917  1.72516  1.75017
   590.51     16.9346  1.73165  1.75598
   589.01     16.9778  1.73784  1.76142
   587.51     17.0211  1.74370  1.76649
   586.01     17.0647  1.74921  1.77120
   584.51     17.1085  1.75434  1.77552
   583.01     17.1525  1.75900  1.77943
   581.51     17.1967  1.76318  1.78289
   580.01     17.2412  1.76685  1.78588
   578.51     17.2859  1.76998  1.78836
   577.00     17.3309  1.77255  1.79033
   575.50     17.3760  1.77454  1.79178
   574.00     17.4215  1.77596  1.79271
   572.50     17.4671  1.77684  1.79317
   571.00     17.5130  1.77724  1.79321
   569.50     17.5591  1.77720  1.79288
   568.00     17.6055  1.77679  1.79223
   566.50     17.6521  1.77606  1.79133
   565.00     17.6990  1.77509  1.79024
   563.50     17.7461  1.77393  1.78904
   562.00     17.7935  1.77266  1.78777
   560.50     17.8411  1.77134  1.78647
   559.00     17.8890  1.76999  1.78516
   557.50     17.9371  1.76863  1.78384
   556.00     17.9855  1.76730  1.78255
   554.50     18.0342  1.76600  1.78130
   553.00     18.0831  1.76474  1.78007
   551.50     18.1323  1.76351  1.77888
   550.00     18.1817  1.76231  1.77771
   548.50     18.2314  1.76113  1.77657
   547.00     18.2814  1.75999  1.77545
   545.50     18.3317  1.75888  1.77436
   544.00     18.3823  1.75780  1.77328
   542.50     18.4331  1.75678  1.77223
   541.00     18.4842  1.75581  1.77123
   539.50     18.5356  1.75491  1.77027
   538.00     18.5873  1.75409  1.76937
   536.50     18.6393  1.75336  1.76854
   535.00     18.6915  1.75270  1.76776
   533.50     18.7441  1.75211  1.76705
   532.00     18.7969  1.75156  1.76638
   530.50     18.8501  1.75108  1.76580
   529.00     18.9035  1.75066  1.76532
   527.50     18.9573  1.75029  1.76489
   526.00     19.0114  1.74993  1.76450
   524.50     19.0657  1.74956  1.76409
   523.00     19.1204  1.74917  1.76369
   521.50     19.1754  1.74879  1.76331
   520.00     19.2307  1.74841  1.76293
   518.50     19.2864  1.74804  1.76253
   517.00     19.3423  1.74764  1.76209
   515.50     19.3986  1.74721  1.76159
   514.00     19.4552  1.74675  1.76104
   512.50     19.5122  1.74628  1.76050
   511.00     19.5695  1.74582  1.75996
   509.50     19.6271  1.74537  1.75942
   508.00     19.6850  1.74490  1.75887
   506.50     19.7433  1.74440  1.75828
   505.00     19.8020  1.74386  1.75769
   503.50     19.8610  1.74330  1.75709
   502.00     19.9203  1.74273  1.75648
   500.50     19.9801  1.74209  1.75582
   499.00     20.0401  1.74142  1.75513
   497.50     20.1005  1.74072  1.75441
   496.00     20.1613  1.74000  1.75367
   494.50     20.2225  1.73928  1.75292
   493.00     20.2840  1.73857  1.75218
   491.50     20.3459  1.73786  1.75145
   490.00     20.4082  1.73716  1.75073
   488.50     20.4709  1.73649  1.75005
   487.00     20.5340  1.73587  1.74941
   485.50     20.5974  1.73534  1.74885
   484.00     20.6612  1.73488  1.74836
   482.50     20.7255  1.73450  1.74796
   481.00     20.7901  1.73416  1.74760
   479.50     20.8552  1.73387  1.74730
   478.00     20.9206  1.73366  1.74706
   476.50     20.9865  1.73351  1.74686
   475.00     21.0527  1.73340  1.74670
   473.50     21.1194  1.73332  1.74657
   472.00     21.1866  1.73326  1.74644
   470.50     21.2541  1.73319  1.74633
   469.00     21.3221  1.73317  1.74628
   467.50     21.3905  1.73319  1.74627
   466.00     21.4594  1.73328  1.74631
   464.50     21.5287  1.73344  1.74641
   463.00     21.5984  1.73367  1.74657
   461.50     21.6686  1.73398  1.74683
   460.00     21.7393  1.73438  1.74719
   458.50     21.8104  1.73487  1.74766
   457.00     21.8820  1.73544  1.74820
   455.50     21.9541  1.73605  1.74875
   454.00     22.0266  1.73673  1.74937
   452.50     22.0997  1.73753  1.75008
   451.00     22.1732  1.73849  1.75089
   449.50     22.2472  1.73961  1.75179
   448.00     22.3217  1.74091  1.75277
   446.50     22.3967  1.74239  1.75379
   445.00     22.4722  1.74405  1.75488
   443.49     22.5482  1.74589  1.75605
   441.99     22.6247  1.74788  1.75728
   440.49     22.7017  1.74992  1.75850
   438.99     22.7793  1.75193  1.75967
   437.49     22.8574  1.75382  1.76078
   435.99     22.9361  1.75551  1.76182
   434.49     23.0153  1.75694  1.76276
   432.99     23.0950  1.75807  1.76351
   431.49     23.1753  1.75882  1.76399
   429.99     23.2561  1.75918  1.76417
   428.49     23.3376  1.75923  1.76413
   426.99     23.4195  1.75904  1.76393
   425.49     23.5021  1.75866  1.76356
   423.99     23.5853  1.75814  1.76307
   422.49     23.6690  1.75753  1.76244
   420.99     23.7533  1.75688  1.76175
   419.49     23.8383  1.75630  1.76110
   417.99     23.9238  1.75589  1.76061
   416.49     24.0100  1.75567  1.76032
   414.99     24.0968  1.75556  1.76014
   413.49     24.1842  1.75552  1.76002
   411.99     24.2723  1.75549  1.75992
   410.49     24.3610  1.75542  1.75978
   408.99     24.4503  1.75526  1.75956
   407.49     24.5403  1.75501  1.75923
   405.99     24.6310  1.75465  1.75880
   404.49     24.7224  1.75416  1.75825
   402.99     24.8144  1.75356  1.75759
   401.49     24.9071  1.75288  1.75685
   399.99     25.0005  1.75212  1.75603
  
  cm-1         microns  riw38t223, riw38t213 
  7498.52      1.3336  1.3710e-02  1.4100e-02
  7497.02      1.3339  1.3710e-02  1.4110e-02
  7495.52      1.3341  1.3720e-02  1.4120e-02
  7494.02      1.3344  1.3710e-02  1.4110e-02
  7492.52      1.3347  1.3700e-02  1.4090e-02
  7491.02      1.3349  1.3660e-02  1.4050e-02
  7489.52      1.3352  1.3620e-02  1.4000e-02
  7488.02      1.3355  1.3580e-02  1.3960e-02
  7486.52      1.3357  1.3530e-02  1.3910e-02
  7485.02      1.3360  1.3490e-02  1.3860e-02
  7483.52      1.3363  1.3460e-02  1.3830e-02
  7482.02      1.3365  1.3420e-02  1.3790e-02
  7480.52      1.3368  1.3400e-02  1.3770e-02
  7479.02      1.3371  1.3380e-02  1.3750e-02
  7477.52      1.3373  1.3380e-02  1.3750e-02
  7476.02      1.3376  1.3380e-02  1.3750e-02
  7474.52      1.3379  1.3380e-02  1.3760e-02
  7473.02      1.3381  1.3380e-02  1.3770e-02
  7471.52      1.3384  1.3390e-02  1.3770e-02
  7470.02      1.3387  1.3380e-02  1.3770e-02
  7468.52      1.3390  1.3360e-02  1.3760e-02
  7467.02      1.3392  1.3350e-02  1.3740e-02
  7465.52      1.3395  1.3310e-02  1.3710e-02
  7464.02      1.3398  1.3260e-02  1.3660e-02
  7462.52      1.3400  1.3210e-02  1.3590e-02
  7461.02      1.3403  1.3150e-02  1.3530e-02
  7459.52      1.3406  1.3090e-02  1.3460e-02
  7458.02      1.3408  1.3030e-02  1.3400e-02
  7456.52      1.3411  1.2980e-02  1.3340e-02
  7455.02      1.3414  1.2930e-02  1.3300e-02
  7453.52      1.3416  1.2900e-02  1.3250e-02
  7452.02      1.3419  1.2860e-02  1.3230e-02
  7450.52      1.3422  1.2840e-02  1.3220e-02
  7449.02      1.3425  1.2830e-02  1.3210e-02
  7447.52      1.3427  1.2830e-02  1.3200e-02
  7446.02      1.3430  1.2820e-02  1.3200e-02
  7444.52      1.3433  1.2820e-02  1.3200e-02
  7443.02      1.3435  1.2820e-02  1.3190e-02
  7441.52      1.3438  1.2820e-02  1.3200e-02
  7440.02      1.3441  1.2830e-02  1.3200e-02
  7438.52      1.3444  1.2830e-02  1.3210e-02
  7437.02      1.3446  1.2840e-02  1.3220e-02
  7435.52      1.3449  1.2850e-02  1.3230e-02
  7434.02      1.3452  1.2850e-02  1.3230e-02
  7432.52      1.3454  1.2840e-02  1.3230e-02
  7431.02      1.3457  1.2820e-02  1.3210e-02
  7429.52      1.3460  1.2810e-02  1.3200e-02
  7428.02      1.3463  1.2780e-02  1.3170e-02
  7426.52      1.3465  1.2760e-02  1.3140e-02
  7425.02      1.3468  1.2730e-02  1.3100e-02
  7423.52      1.3471  1.2710e-02  1.3080e-02
  7422.02      1.3473  1.2690e-02  1.3050e-02
  7420.52      1.3476  1.2690e-02  1.3050e-02
  7419.02      1.3479  1.2680e-02  1.3050e-02
  7417.51      1.3482  1.2690e-02  1.3070e-02
  7416.01      1.3484  1.2700e-02  1.3080e-02
  7414.51      1.3487  1.2730e-02  1.3110e-02
  7413.01      1.3490  1.2740e-02  1.3130e-02
  7411.51      1.3493  1.2760e-02  1.3150e-02
  7410.01      1.3495  1.2760e-02  1.3150e-02
  7408.51      1.3498  1.2740e-02  1.3140e-02
  7407.01      1.3501  1.2730e-02  1.3120e-02
  7405.51      1.3503  1.2710e-02  1.3090e-02
  7404.01      1.3506  1.2680e-02  1.3060e-02
  7402.51      1.3509  1.2640e-02  1.3020e-02
  7401.01      1.3512  1.2590e-02  1.2970e-02
  7399.51      1.3514  1.2550e-02  1.2920e-02
  7398.01      1.3517  1.2510e-02  1.2880e-02
  7396.51      1.3520  1.2480e-02  1.2850e-02
  7395.01      1.3523  1.2460e-02  1.2830e-02
  7393.51      1.3525  1.2450e-02  1.2820e-02
  7392.01      1.3528  1.2430e-02  1.2800e-02
  7390.51      1.3531  1.2420e-02  1.2800e-02
  7389.01      1.3534  1.2420e-02  1.2800e-02
  7387.51      1.3536  1.2420e-02  1.2800e-02
  7386.01      1.3539  1.2420e-02  1.2800e-02
  7384.51      1.3542  1.2430e-02  1.2800e-02
  7383.01      1.3545  1.2430e-02  1.2810e-02
  7381.51      1.3547  1.2440e-02  1.2820e-02
  7380.01      1.3550  1.2440e-02  1.2820e-02
  7378.51      1.3553  1.2450e-02  1.2820e-02
  7377.01      1.3556  1.2460e-02  1.2830e-02
  7375.51      1.3558  1.2470e-02  1.2840e-02
  7374.01      1.3561  1.2490e-02  1.2870e-02
  7372.51      1.3564  1.2510e-02  1.2890e-02
  7371.01      1.3567  1.2520e-02  1.2900e-02
  7369.51      1.3569  1.2520e-02  1.2900e-02
  7368.01      1.3572  1.2520e-02  1.2900e-02
  7366.51      1.3575  1.2520e-02  1.2900e-02
  7365.01      1.3578  1.2520e-02  1.2900e-02
  7363.51      1.3580  1.2530e-02  1.2900e-02
  7362.01      1.3583  1.2520e-02  1.2890e-02
  7360.51      1.3586  1.2520e-02  1.2890e-02
  7359.01      1.3589  1.2510e-02  1.2890e-02
  7357.51      1.3592  1.2510e-02  1.2890e-02
  7356.01      1.3594  1.2510e-02  1.2890e-02
  7354.51      1.3597  1.2500e-02  1.2890e-02
  7353.01      1.3600  1.2490e-02  1.2880e-02
  7351.51      1.3603  1.2450e-02  1.2850e-02
  7350.01      1.3605  1.2400e-02  1.2800e-02
  7348.51      1.3608  1.2360e-02  1.2740e-02
  7347.01      1.3611  1.2320e-02  1.2690e-02
  7345.51      1.3614  1.2290e-02  1.2660e-02
  7344.01      1.3617  1.2270e-02  1.2620e-02
  7342.51      1.3619  1.2260e-02  1.2610e-02
  7341.01      1.3622  1.2260e-02  1.2610e-02
  7339.51      1.3625  1.2270e-02  1.2630e-02
  7338.01      1.3628  1.2300e-02  1.2670e-02
  7336.51      1.3630  1.2340e-02  1.2720e-02
  7335.01      1.3633  1.2380e-02  1.2770e-02
  7333.51      1.3636  1.2420e-02  1.2810e-02
  7332.01      1.3639  1.2440e-02  1.2830e-02
  7330.51      1.3642  1.2460e-02  1.2850e-02
  7329.01      1.3644  1.2460e-02  1.2850e-02
  7327.51      1.3647  1.2470e-02  1.2850e-02
  7326.01      1.3650  1.2480e-02  1.2850e-02
  7324.51      1.3653  1.2480e-02  1.2860e-02
  7323.01      1.3656  1.2470e-02  1.2850e-02
  7321.51      1.3658  1.2460e-02  1.2840e-02
  7320.01      1.3661  1.2430e-02  1.2820e-02
  7318.51      1.3664  1.2400e-02  1.2810e-02
  7317.01      1.3667  1.2380e-02  1.2770e-02
  7315.51      1.3670  1.2350e-02  1.2740e-02
  7314.01      1.3672  1.2320e-02  1.2700e-02
  7312.51      1.3675  1.2290e-02  1.2660e-02
  7311.01      1.3678  1.2260e-02  1.2620e-02
  7309.51      1.3681  1.2230e-02  1.2590e-02
  7308.01      1.3684  1.2220e-02  1.2580e-02
  7306.51      1.3686  1.2210e-02  1.2580e-02
  7305.01      1.3689  1.2210e-02  1.2590e-02
  7303.51      1.3692  1.2220e-02  1.2600e-02
  7302.01      1.3695  1.2220e-02  1.2600e-02
  7300.51      1.3698  1.2230e-02  1.2620e-02
  7299.01      1.3700  1.2230e-02  1.2620e-02
  7297.51      1.3703  1.2230e-02  1.2620e-02
  7296.01      1.3706  1.2240e-02  1.2610e-02
  7294.51      1.3709  1.2240e-02  1.2620e-02
  7293.01      1.3712  1.2260e-02  1.2630e-02
  7291.51      1.3715  1.2280e-02  1.2640e-02
  7290.01      1.3717  1.2310e-02  1.2680e-02
  7288.51      1.3720  1.2340e-02  1.2710e-02
  7287.00      1.3723  1.2370e-02  1.2750e-02
  7285.50      1.3726  1.2410e-02  1.2790e-02
  7284.00      1.3729  1.2440e-02  1.2830e-02
  7282.50      1.3732  1.2470e-02  1.2870e-02
  7281.00      1.3734  1.2480e-02  1.2880e-02
  7279.50      1.3737  1.2470e-02  1.2870e-02
  7278.00      1.3740  1.2460e-02  1.2860e-02
  7276.50      1.3743  1.2420e-02  1.2820e-02
  7275.00      1.3746  1.2390e-02  1.2780e-02
  7273.50      1.3749  1.2340e-02  1.2720e-02
  7272.00      1.3751  1.2300e-02  1.2670e-02
  7270.50      1.3754  1.2250e-02  1.2620e-02
  7269.00      1.3757  1.2220e-02  1.2590e-02
  7267.50      1.3760  1.2200e-02  1.2560e-02
  7266.00      1.3763  1.2190e-02  1.2560e-02
  7264.50      1.3766  1.2190e-02  1.2560e-02
  7263.00      1.3768  1.2190e-02  1.2570e-02
  7261.50      1.3771  1.2190e-02  1.2580e-02
  7260.00      1.3774  1.2210e-02  1.2600e-02
  7258.50      1.3777  1.2240e-02  1.2610e-02
  7257.00      1.3780  1.2240e-02  1.2630e-02
  7255.50      1.3783  1.2240e-02  1.2630e-02
  7254.00      1.3785  1.2230e-02  1.2620e-02
  7252.50      1.3788  1.2200e-02  1.2600e-02
  7251.00      1.3791  1.2190e-02  1.2580e-02
  7249.50      1.3794  1.2180e-02  1.2560e-02
  7248.00      1.3797  1.2180e-02  1.2550e-02
  7246.50      1.3800  1.2170e-02  1.2540e-02
  7245.00      1.3803  1.2150e-02  1.2530e-02
  7243.50      1.3805  1.2130e-02  1.2510e-02
  7242.00      1.3808  1.2120e-02  1.2500e-02
  7240.50      1.3811  1.2130e-02  1.2500e-02
  7239.00      1.3814  1.2150e-02  1.2530e-02
  7237.50      1.3817  1.2160e-02  1.2540e-02
  7236.00      1.3820  1.2180e-02  1.2550e-02
  7234.50      1.3823  1.2170e-02  1.2550e-02
  7233.00      1.3826  1.2170e-02  1.2560e-02
  7231.50      1.3828  1.2180e-02  1.2570e-02
  7230.00      1.3831  1.2210e-02  1.2590e-02
  7228.50      1.3834  1.2230e-02  1.2620e-02
  7227.00      1.3837  1.2250e-02  1.2630e-02
  7225.50      1.3840  1.2270e-02  1.2640e-02
  7224.00      1.3843  1.2270e-02  1.2650e-02
  7222.50      1.3846  1.2290e-02  1.2670e-02
  7221.00      1.3848  1.2310e-02  1.2690e-02
  7219.50      1.3851  1.2340e-02  1.2720e-02
  7218.00      1.3854  1.2360e-02  1.2750e-02
  7216.50      1.3857  1.2380e-02  1.2760e-02
  7215.00      1.3860  1.2380e-02  1.2770e-02
  7213.50      1.3863  1.2370e-02  1.2770e-02
  7212.00      1.3866  1.2360e-02  1.2750e-02
  7210.50      1.3869  1.2350e-02  1.2740e-02
  7209.00      1.3872  1.2340e-02  1.2720e-02
  7207.50      1.3874  1.2330e-02  1.2710e-02
  7206.00      1.3877  1.2320e-02  1.2690e-02
  7204.50      1.3880  1.2320e-02  1.2680e-02
  7203.00      1.3883  1.2330e-02  1.2690e-02
  7201.50      1.3886  1.2350e-02  1.2720e-02
  7200.00      1.3889  1.2380e-02  1.2760e-02
  7198.50      1.3892  1.2420e-02  1.2810e-02
  7197.00      1.3895  1.2470e-02  1.2860e-02
  7195.50      1.3898  1.2490e-02  1.2900e-02
  7194.00      1.3900  1.2520e-02  1.2910e-02
  7192.50      1.3903  1.2520e-02  1.2930e-02
  7191.00      1.3906  1.2520e-02  1.2920e-02
  7189.50      1.3909  1.2510e-02  1.2900e-02
  7188.00      1.3912  1.2490e-02  1.2880e-02
  7186.50      1.3915  1.2470e-02  1.2850e-02
  7185.00      1.3918  1.2430e-02  1.2820e-02
  7183.50      1.3921  1.2420e-02  1.2790e-02
  7182.00      1.3924  1.2400e-02  1.2780e-02
  7180.50      1.3927  1.2390e-02  1.2770e-02
  7179.00      1.3930  1.2380e-02  1.2770e-02
  7177.50      1.3932  1.2380e-02  1.2770e-02
  7176.00      1.3935  1.2360e-02  1.2750e-02
  7174.50      1.3938  1.2340e-02  1.2730e-02
  7173.00      1.3941  1.2310e-02  1.2710e-02
  7171.50      1.3944  1.2270e-02  1.2670e-02
  7170.00      1.3947  1.2230e-02  1.2610e-02
  7168.50      1.3950  1.2190e-02  1.2560e-02
  7167.00      1.3953  1.2170e-02  1.2530e-02
  7165.50      1.3956  1.2150e-02  1.2510e-02
  7164.00      1.3959  1.2150e-02  1.2510e-02
  7162.50      1.3962  1.2170e-02  1.2520e-02
  7161.00      1.3965  1.2220e-02  1.2570e-02
  7159.50      1.3967  1.2280e-02  1.2650e-02
  7158.00      1.3970  1.2360e-02  1.2730e-02
  7156.50      1.3973  1.2430e-02  1.2830e-02
  7155.00      1.3976  1.2500e-02  1.2910e-02
  7153.50      1.3979  1.2570e-02  1.2980e-02
  7152.00      1.3982  1.2610e-02  1.3030e-02
  7150.50      1.3985  1.2640e-02  1.3060e-02
  7148.99      1.3988  1.2640e-02  1.3060e-02
  7147.49      1.3991  1.2620e-02  1.3030e-02
  7145.99      1.3994  1.2600e-02  1.2980e-02
  7144.49      1.3997  1.2560e-02  1.2940e-02
  7142.99      1.4000  1.2520e-02  1.2890e-02
  7141.49      1.4003  1.2490e-02  1.2860e-02
  7139.99      1.4006  1.2480e-02  1.2840e-02
  7138.49      1.4009  1.2470e-02  1.2830e-02
  7136.99      1.4012  1.2470e-02  1.2840e-02
  7135.49      1.4014  1.2480e-02  1.2870e-02
  7133.99      1.4017  1.2510e-02  1.2890e-02
  7132.49      1.4020  1.2520e-02  1.2910e-02
  7130.99      1.4023  1.2530e-02  1.2930e-02
  7129.49      1.4026  1.2530e-02  1.2930e-02
  7127.99      1.4029  1.2520e-02  1.2920e-02
  7126.49      1.4032  1.2520e-02  1.2910e-02
  7124.99      1.4035  1.2500e-02  1.2880e-02
  7123.49      1.4038  1.2480e-02  1.2860e-02
  7121.99      1.4041  1.2470e-02  1.2850e-02
  7120.49      1.4044  1.2460e-02  1.2830e-02
  7118.99      1.4047  1.2450e-02  1.2830e-02
  7117.49      1.4050  1.2470e-02  1.2840e-02
  7115.99      1.4053  1.2480e-02  1.2860e-02
  7114.49      1.4056  1.2510e-02  1.2890e-02
  7112.99      1.4059  1.2540e-02  1.2930e-02
  7111.49      1.4062  1.2560e-02  1.2960e-02
  7109.99      1.4065  1.2580e-02  1.2990e-02
  7108.49      1.4068  1.2590e-02  1.2990e-02
  7106.99      1.4071  1.2590e-02  1.3000e-02
  7105.49      1.4074  1.2590e-02  1.2990e-02
  7103.99      1.4077  1.2570e-02  1.2970e-02
  7102.49      1.4080  1.2550e-02  1.2940e-02
  7100.99      1.4083  1.2520e-02  1.2910e-02
  7099.49      1.4086  1.2490e-02  1.2870e-02
  7097.99      1.4088  1.2450e-02  1.2840e-02
  7096.49      1.4091  1.2420e-02  1.2810e-02
  7094.99      1.4094  1.2390e-02  1.2780e-02
  7093.49      1.4097  1.2370e-02  1.2750e-02
  7091.99      1.4100  1.2340e-02  1.2730e-02
  7090.49      1.4103  1.2310e-02  1.2700e-02
  7088.99      1.4106  1.2300e-02  1.2680e-02
  7087.49      1.4109  1.2280e-02  1.2660e-02
  7085.99      1.4112  1.2280e-02  1.2660e-02
  7084.49      1.4115  1.2280e-02  1.2660e-02
  7082.99      1.4118  1.2290e-02  1.2660e-02
  7081.49      1.4121  1.2290e-02  1.2680e-02
  7079.99      1.4124  1.2310e-02  1.2690e-02
  7078.49      1.4127  1.2320e-02  1.2710e-02
  7076.99      1.4130  1.2330e-02  1.2730e-02
  7075.49      1.4133  1.2340e-02  1.2740e-02
  7073.99      1.4136  1.2340e-02  1.2740e-02
  7072.49      1.4139  1.2340e-02  1.2740e-02
  7070.99      1.4142  1.2340e-02  1.2730e-02
  7069.49      1.4145  1.2330e-02  1.2710e-02
  7067.99      1.4148  1.2320e-02  1.2700e-02
  7066.49      1.4151  1.2310e-02  1.2690e-02
  7064.99      1.4154  1.2300e-02  1.2680e-02
  7063.49      1.4157  1.2310e-02  1.2680e-02
  7061.99      1.4160  1.2310e-02  1.2690e-02
  7060.49      1.4163  1.2330e-02  1.2710e-02
  7058.99      1.4166  1.2330e-02  1.2720e-02
  7057.49      1.4169  1.2350e-02  1.2740e-02
  7055.99      1.4172  1.2370e-02  1.2760e-02
  7054.49      1.4175  1.2380e-02  1.2770e-02
  7052.99      1.4178  1.2400e-02  1.2790e-02
  7051.49      1.4181  1.2420e-02  1.2810e-02
  7049.99      1.4184  1.2450e-02  1.2840e-02
  7048.49      1.4187  1.2470e-02  1.2860e-02
  7046.99      1.4190  1.2490e-02  1.2880e-02
  7045.49      1.4193  1.2510e-02  1.2900e-02
  7043.99      1.4197  1.2530e-02  1.2930e-02
  7042.49      1.4200  1.2550e-02  1.2950e-02
  7040.99      1.4203  1.2560e-02  1.2960e-02
  7039.49      1.4206  1.2560e-02  1.2960e-02
  7037.99      1.4209  1.2550e-02  1.2950e-02
  7036.49      1.4212  1.2530e-02  1.2930e-02
  7034.99      1.4215  1.2510e-02  1.2910e-02
  7033.49      1.4218  1.2490e-02  1.2880e-02
  7031.99      1.4221  1.2470e-02  1.2860e-02
  7030.49      1.4224  1.2450e-02  1.2830e-02
  7028.99      1.4227  1.2440e-02  1.2810e-02
  7027.49      1.4230  1.2430e-02  1.2810e-02
  7025.99      1.4233  1.2430e-02  1.2810e-02
  7024.49      1.4236  1.2430e-02  1.2810e-02
  7022.99      1.4239  1.2440e-02  1.2830e-02
  7021.49      1.4242  1.2450e-02  1.2850e-02
  7019.99      1.4245  1.2470e-02  1.2870e-02
  7018.48      1.4248  1.2480e-02  1.2880e-02
  7016.98      1.4251  1.2500e-02  1.2890e-02
  7015.48      1.4254  1.2520e-02  1.2910e-02
  7013.98      1.4257  1.2520e-02  1.2910e-02
  7012.48      1.4260  1.2540e-02  1.2930e-02
  7010.98      1.4263  1.2550e-02  1.2940e-02
  7009.48      1.4266  1.2580e-02  1.2970e-02
  7007.98      1.4269  1.2590e-02  1.2980e-02
  7006.48      1.4272  1.2610e-02  1.3010e-02
  7004.98      1.4276  1.2620e-02  1.3020e-02
  7003.48      1.4279  1.2620e-02  1.3020e-02
  7001.98      1.4282  1.2620e-02  1.3020e-02
  7000.48      1.4285  1.2600e-02  1.3010e-02
  6998.98      1.4288  1.2580e-02  1.2980e-02
  6997.48      1.4291  1.2540e-02  1.2940e-02
  6995.98      1.4294  1.2500e-02  1.2900e-02
  6994.48      1.4297  1.2450e-02  1.2840e-02
  6992.98      1.4300  1.2400e-02  1.2780e-02
  6991.48      1.4303  1.2370e-02  1.2750e-02
  6989.98      1.4306  1.2340e-02  1.2720e-02
  6988.48      1.4309  1.2320e-02  1.2700e-02
  6986.98      1.4312  1.2320e-02  1.2690e-02
  6985.48      1.4315  1.2320e-02  1.2700e-02
  6983.98      1.4318  1.2330e-02  1.2710e-02
  6982.48      1.4322  1.2350e-02  1.2740e-02
  6980.98      1.4325  1.2360e-02  1.2760e-02
  6979.48      1.4328  1.2370e-02  1.2780e-02
  6977.98      1.4331  1.2380e-02  1.2780e-02
  6976.48      1.4334  1.2380e-02  1.2780e-02
  6974.98      1.4337  1.2370e-02  1.2780e-02
  6973.48      1.4340  1.2370e-02  1.2760e-02
  6971.98      1.4343  1.2350e-02  1.2740e-02
  6970.48      1.4346  1.2340e-02  1.2730e-02
  6968.98      1.4349  1.2330e-02  1.2710e-02
  6967.48      1.4352  1.2320e-02  1.2710e-02
  6965.98      1.4355  1.2310e-02  1.2700e-02
  6964.48      1.4359  1.2310e-02  1.2700e-02
  6962.98      1.4362  1.2290e-02  1.2690e-02
  6961.48      1.4365  1.2290e-02  1.2680e-02
  6959.98      1.4368  1.2260e-02  1.2660e-02
  6958.48      1.4371  1.2240e-02  1.2640e-02
  6956.98      1.4374  1.2220e-02  1.2620e-02
  6955.48      1.4377  1.2200e-02  1.2590e-02
  6953.98      1.4380  1.2190e-02  1.2570e-02
  6952.48      1.4383  1.2170e-02  1.2550e-02
  6950.98      1.4386  1.2150e-02  1.2540e-02
  6949.48      1.4390  1.2140e-02  1.2520e-02
  6947.98      1.4393  1.2140e-02  1.2530e-02
  6946.48      1.4396  1.2150e-02  1.2530e-02
  6944.98      1.4399  1.2180e-02  1.2560e-02
  6943.48      1.4402  1.2200e-02  1.2590e-02
  6941.98      1.4405  1.2230e-02  1.2630e-02
  6940.48      1.4408  1.2250e-02  1.2650e-02
  6938.98      1.4411  1.2270e-02  1.2670e-02
  6937.48      1.4414  1.2290e-02  1.2700e-02
  6935.98      1.4418  1.2290e-02  1.2700e-02
  6934.48      1.4421  1.2290e-02  1.2700e-02
  6932.98      1.4424  1.2270e-02  1.2680e-02
  6931.48      1.4427  1.2240e-02  1.2640e-02
  6929.98      1.4430  1.2190e-02  1.2590e-02
  6928.48      1.4433  1.2150e-02  1.2550e-02
  6926.98      1.4436  1.2110e-02  1.2500e-02
  6925.48      1.4439  1.2070e-02  1.2450e-02
  6923.98      1.4443  1.2040e-02  1.2420e-02
  6922.48      1.4446  1.2020e-02  1.2390e-02
  6920.98      1.4449  1.2000e-02  1.2380e-02
  6919.48      1.4452  1.2000e-02  1.2390e-02
  6917.98      1.4455  1.2000e-02  1.2390e-02
  6916.48      1.4458  1.2000e-02  1.2400e-02
  6914.98      1.4461  1.2010e-02  1.2410e-02
  6913.48      1.4465  1.2010e-02  1.2410e-02
  6911.98      1.4468  1.2000e-02  1.2400e-02
  6910.48      1.4471  1.1990e-02  1.2390e-02
  6908.98      1.4474  1.1960e-02  1.2360e-02
  6907.48      1.4477  1.1930e-02  1.2330e-02
  6905.98      1.4480  1.1900e-02  1.2300e-02
  6904.48      1.4483  1.1870e-02  1.2270e-02
  6902.98      1.4487  1.1850e-02  1.2240e-02
  6901.48      1.4490  1.1820e-02  1.2200e-02
  6899.98      1.4493  1.1800e-02  1.2180e-02
  6898.48      1.4496  1.1770e-02  1.2160e-02
  6896.98      1.4499  1.1760e-02  1.2150e-02
  6895.48      1.4502  1.1740e-02  1.2130e-02
  6893.98      1.4505  1.1730e-02  1.2120e-02
  6892.48      1.4509  1.1730e-02  1.2120e-02
  6890.98      1.4512  1.1720e-02  1.2110e-02
  6889.48      1.4515  1.1720e-02  1.2110e-02
  6887.98      1.4518  1.1710e-02  1.2100e-02
  6886.48      1.4521  1.1710e-02  1.2100e-02
  6884.98      1.4524  1.1700e-02  1.2100e-02
  6883.48      1.4528  1.1710e-02  1.2100e-02
  6881.98      1.4531  1.1710e-02  1.2100e-02
  6880.47      1.4534  1.1710e-02  1.2100e-02
  6878.97      1.4537  1.1710e-02  1.2110e-02
  6877.47      1.4540  1.1720e-02  1.2110e-02
  6875.97      1.4543  1.1720e-02  1.2110e-02
  6874.47      1.4547  1.1720e-02  1.2110e-02
  6872.97      1.4550  1.1730e-02  1.2120e-02
  6871.47      1.4553  1.1740e-02  1.2130e-02
  6869.97      1.4556  1.1750e-02  1.2140e-02
  6868.47      1.4559  1.1770e-02  1.2160e-02
  6866.97      1.4562  1.1800e-02  1.2180e-02
  6865.47      1.4566  1.1820e-02  1.2210e-02
  6863.97      1.4569  1.1850e-02  1.2240e-02
  6862.47      1.4572  1.1870e-02  1.2280e-02
  6860.97      1.4575  1.1900e-02  1.2300e-02
  6859.47      1.4578  1.1910e-02  1.2310e-02
  6857.97      1.4582  1.1930e-02  1.2330e-02
  6856.47      1.4585  1.1940e-02  1.2340e-02
  6854.97      1.4588  1.1940e-02  1.2340e-02
  6853.47      1.4591  1.1930e-02  1.2330e-02
  6851.97      1.4594  1.1920e-02  1.2320e-02
  6850.47      1.4598  1.1900e-02  1.2300e-02
  6848.97      1.4601  1.1900e-02  1.2290e-02
  6847.47      1.4604  1.1890e-02  1.2280e-02
  6845.97      1.4607  1.1890e-02  1.2280e-02
  6844.47      1.4610  1.1890e-02  1.2270e-02
  6842.97      1.4614  1.1880e-02  1.2270e-02
  6841.47      1.4617  1.1880e-02  1.2270e-02
  6839.97      1.4620  1.1880e-02  1.2280e-02
  6838.47      1.4623  1.1890e-02  1.2290e-02
  6836.97      1.4626  1.1900e-02  1.2300e-02
  6835.47      1.4630  1.1900e-02  1.2300e-02
  6833.97      1.4633  1.1890e-02  1.2290e-02
  6832.47      1.4636  1.1890e-02  1.2290e-02
  6830.97      1.4639  1.1880e-02  1.2270e-02
  6829.47      1.4642  1.1870e-02  1.2270e-02
  6827.97      1.4646  1.1860e-02  1.2260e-02
  6826.47      1.4649  1.1850e-02  1.2240e-02
  6824.97      1.4652  1.1840e-02  1.2240e-02
  6823.47      1.4655  1.1830e-02  1.2220e-02
  6821.97      1.4659  1.1820e-02  1.2220e-02
  6820.47      1.4662  1.1810e-02  1.2210e-02
  6818.97      1.4665  1.1810e-02  1.2210e-02
  6817.47      1.4668  1.1790e-02  1.2190e-02
  6815.97      1.4671  1.1790e-02  1.2180e-02
  6814.47      1.4675  1.1770e-02  1.2160e-02
  6812.97      1.4678  1.1760e-02  1.2150e-02
  6811.47      1.4681  1.1760e-02  1.2150e-02
  6809.97      1.4684  1.1760e-02  1.2150e-02
  6808.47      1.4688  1.1760e-02  1.2150e-02
  6806.97      1.4691  1.1770e-02  1.2160e-02
  6805.47      1.4694  1.1770e-02  1.2160e-02
  6803.97      1.4697  1.1790e-02  1.2190e-02
  6802.47      1.4701  1.1810e-02  1.2210e-02
  6800.97      1.4704  1.1840e-02  1.2230e-02
  6799.47      1.4707  1.1860e-02  1.2250e-02
  6797.97      1.4710  1.1870e-02  1.2270e-02
  6796.47      1.4714  1.1880e-02  1.2280e-02
  6794.97      1.4717  1.1890e-02  1.2300e-02
  6793.47      1.4720  1.1900e-02  1.2310e-02
  6791.97      1.4723  1.1900e-02  1.2310e-02
  6790.47      1.4727  1.1890e-02  1.2300e-02
  6788.97      1.4730  1.1880e-02  1.2280e-02
  6787.47      1.4733  1.1860e-02  1.2260e-02
  6785.97      1.4736  1.1830e-02  1.2240e-02
  6784.47      1.4740  1.1810e-02  1.2210e-02
  6782.97      1.4743  1.1780e-02  1.2180e-02
  6781.47      1.4746  1.1740e-02  1.2140e-02
  6779.97      1.4749  1.1710e-02  1.2100e-02
  6778.47      1.4753  1.1680e-02  1.2070e-02
  6776.97      1.4756  1.1660e-02  1.2050e-02
  6775.47      1.4759  1.1630e-02  1.2020e-02
  6773.97      1.4762  1.1620e-02  1.2010e-02
  6772.47      1.4766  1.1610e-02  1.2000e-02
  6770.97      1.4769  1.1600e-02  1.1990e-02
  6769.47      1.4772  1.1590e-02  1.1990e-02
  6767.97      1.4775  1.1590e-02  1.1980e-02
  6766.47      1.4779  1.1580e-02  1.1980e-02
  6764.97      1.4782  1.1580e-02  1.1980e-02
  6763.47      1.4785  1.1580e-02  1.1980e-02
  6761.97      1.4789  1.1580e-02  1.1980e-02
  6760.47      1.4792  1.1570e-02  1.1970e-02
  6758.97      1.4795  1.1560e-02  1.1950e-02
  6757.47      1.4798  1.1550e-02  1.1950e-02
  6755.97      1.4802  1.1550e-02  1.1940e-02
  6754.47      1.4805  1.1550e-02  1.1940e-02
  6752.97      1.4808  1.1540e-02  1.1940e-02
  6751.47      1.4812  1.1530e-02  1.1930e-02
  6749.96      1.4815  1.1510e-02  1.1910e-02
  6748.46      1.4818  1.1490e-02  1.1900e-02
  6746.96      1.4821  1.1470e-02  1.1870e-02
  6745.46      1.4825  1.1450e-02  1.1850e-02
  6743.96      1.4828  1.1440e-02  1.1830e-02
  6742.46      1.4831  1.1410e-02  1.1800e-02
  6740.96      1.4835  1.1370e-02  1.1760e-02
  6739.46      1.4838  1.1350e-02  1.1740e-02
  6737.96      1.4841  1.1340e-02  1.1730e-02
  6736.46      1.4845  1.1330e-02  1.1720e-02
  6734.96      1.4848  1.1330e-02  1.1720e-02
  6733.46      1.4851  1.1330e-02  1.1720e-02
  6731.96      1.4855  1.1340e-02  1.1730e-02
  6730.46      1.4858  1.1350e-02  1.1740e-02
  6728.96      1.4861  1.1370e-02  1.1760e-02
  6727.46      1.4864  1.1390e-02  1.1790e-02
  6725.96      1.4868  1.1410e-02  1.1810e-02
  6724.46      1.4871  1.1420e-02  1.1820e-02
  6722.96      1.4874  1.1430e-02  1.1830e-02
  6721.46      1.4878  1.1440e-02  1.1840e-02
  6719.96      1.4881  1.1460e-02  1.1860e-02
  6718.46      1.4884  1.1470e-02  1.1870e-02
  6716.96      1.4888  1.1480e-02  1.1880e-02
  6715.46      1.4891  1.1480e-02  1.1880e-02
  6713.96      1.4894  1.1480e-02  1.1880e-02
  6712.46      1.4898  1.1490e-02  1.1890e-02
  6710.96      1.4901  1.1500e-02  1.1890e-02
  6709.46      1.4904  1.1510e-02  1.1910e-02
  6707.96      1.4908  1.1530e-02  1.1910e-02
  6706.46      1.4911  1.1530e-02  1.1930e-02
  6704.96      1.4914  1.1550e-02  1.1950e-02
  6703.46      1.4918  1.1560e-02  1.1960e-02
  6701.96      1.4921  1.1580e-02  1.1980e-02
  6700.46      1.4924  1.1590e-02  1.1990e-02
  6698.96      1.4928  1.1590e-02  1.2000e-02
  6697.46      1.4931  1.1590e-02  1.2000e-02
  6695.96      1.4934  1.1570e-02  1.1980e-02
  6694.46      1.4938  1.1560e-02  1.1960e-02
  6692.96      1.4941  1.1530e-02  1.1940e-02
  6691.46      1.4944  1.1500e-02  1.1900e-02
  6689.96      1.4948  1.1480e-02  1.1870e-02
  6688.46      1.4951  1.1440e-02  1.1830e-02
  6686.96      1.4954  1.1430e-02  1.1810e-02
  6685.46      1.4958  1.1410e-02  1.1800e-02
  6683.96      1.4961  1.1400e-02  1.1790e-02
  6682.46      1.4965  1.1400e-02  1.1790e-02
  6680.96      1.4968  1.1420e-02  1.1810e-02
  6679.46      1.4971  1.1430e-02  1.1820e-02
  6677.96      1.4975  1.1450e-02  1.1850e-02
  6676.46      1.4978  1.1470e-02  1.1870e-02
  6674.96      1.4981  1.1480e-02  1.1890e-02
  6673.46      1.4985  1.1490e-02  1.1890e-02
  6671.96      1.4988  1.1510e-02  1.1910e-02
  6670.46      1.4991  1.1520e-02  1.1920e-02
  6668.96      1.4995  1.1530e-02  1.1940e-02
  6667.46      1.4998  1.1530e-02  1.1930e-02
  6665.96      1.5002  1.1530e-02  1.1930e-02
  6664.46      1.5005  1.1520e-02  1.1920e-02
  6662.96      1.5008  1.1510e-02  1.1920e-02
  6661.46      1.5012  1.1510e-02  1.1920e-02
  6659.96      1.5015  1.1510e-02  1.1920e-02
  6658.46      1.5018  1.1510e-02  1.1910e-02
  6656.96      1.5022  1.1500e-02  1.1900e-02
  6655.46      1.5025  1.1480e-02  1.1880e-02
  6653.96      1.5029  1.1460e-02  1.1880e-02
  6652.46      1.5032  1.1450e-02  1.1860e-02
  6650.96      1.5035  1.1430e-02  1.1830e-02
  6649.46      1.5039  1.1410e-02  1.1810e-02
  6647.96      1.5042  1.1380e-02  1.1780e-02
  6646.46      1.5046  1.1340e-02  1.1740e-02
  6644.96      1.5049  1.1310e-02  1.1710e-02
  6643.46      1.5052  1.1280e-02  1.1670e-02
  6641.96      1.5056  1.1260e-02  1.1650e-02
  6640.46      1.5059  1.1240e-02  1.1630e-02
  6638.96      1.5063  1.1240e-02  1.1630e-02
  6637.46      1.5066  1.1240e-02  1.1630e-02
  6635.96      1.5069  1.1250e-02  1.1640e-02
  6634.46      1.5073  1.1270e-02  1.1660e-02
  6632.96      1.5076  1.1290e-02  1.1690e-02
  6631.46      1.5080  1.1320e-02  1.1720e-02
  6629.96      1.5083  1.1340e-02  1.1750e-02
  6628.46      1.5086  1.1370e-02  1.1780e-02
  6626.96      1.5090  1.1390e-02  1.1800e-02
  6625.46      1.5093  1.1390e-02  1.1810e-02
  6623.96      1.5097  1.1390e-02  1.1800e-02
  6622.46      1.5100  1.1390e-02  1.1800e-02
  6620.96      1.5104  1.1370e-02  1.1780e-02
  6619.46      1.5107  1.1360e-02  1.1770e-02
  6617.96      1.5110  1.1350e-02  1.1750e-02
  6616.46      1.5114  1.1340e-02  1.1740e-02
  6614.96      1.5117  1.1320e-02  1.1720e-02
  6613.46      1.5121  1.1320e-02  1.1700e-02
  6611.95      1.5124  1.1300e-02  1.1700e-02
  6610.45      1.5128  1.1300e-02  1.1700e-02
  6608.95      1.5131  1.1300e-02  1.1700e-02
  6607.45      1.5134  1.1300e-02  1.1700e-02
  6605.95      1.5138  1.1290e-02  1.1700e-02
  6604.45      1.5141  1.1280e-02  1.1690e-02
  6602.95      1.5145  1.1270e-02  1.1680e-02
  6601.45      1.5148  1.1250e-02  1.1660e-02
  6599.95      1.5152  1.1220e-02  1.1630e-02
  6598.45      1.5155  1.1200e-02  1.1600e-02
  6596.95      1.5159  1.1160e-02  1.1570e-02
  6595.45      1.5162  1.1130e-02  1.1530e-02
  6593.95      1.5165  1.1090e-02  1.1490e-02
  6592.45      1.5169  1.1050e-02  1.1450e-02
  6590.95      1.5172  1.1010e-02  1.1400e-02
  6589.45      1.5176  1.0970e-02  1.1370e-02
  6587.95      1.5179  1.0950e-02  1.1340e-02
  6586.45      1.5183  1.0940e-02  1.1330e-02
  6584.95      1.5186  1.0940e-02  1.1330e-02
  6583.45      1.5190  1.0950e-02  1.1340e-02
  6581.95      1.5193  1.0950e-02  1.1340e-02
  6580.45      1.5197  1.0970e-02  1.1370e-02
  6578.95      1.5200  1.0980e-02  1.1390e-02
  6577.45      1.5203  1.1000e-02  1.1420e-02
  6575.95      1.5207  1.1010e-02  1.1430e-02
  6574.45      1.5210  1.1020e-02  1.1430e-02
  6572.95      1.5214  1.1020e-02  1.1430e-02
  6571.45      1.5217  1.1010e-02  1.1420e-02
  6569.95      1.5221  1.1000e-02  1.1400e-02
  6568.45      1.5224  1.1000e-02  1.1400e-02
  6566.95      1.5228  1.0980e-02  1.1380e-02
  6565.45      1.5231  1.0970e-02  1.1370e-02
  6563.95      1.5235  1.0960e-02  1.1360e-02
  6562.45      1.5238  1.0960e-02  1.1360e-02
  6560.95      1.5242  1.0960e-02  1.1360e-02
  6559.45      1.5245  1.0970e-02  1.1370e-02
  6557.95      1.5249  1.0970e-02  1.1370e-02
  6556.45      1.5252  1.0980e-02  1.1380e-02
  6554.95      1.5256  1.0990e-02  1.1390e-02
  6553.45      1.5259  1.1000e-02  1.1400e-02
  6551.95      1.5263  1.1010e-02  1.1410e-02
  6550.45      1.5266  1.1020e-02  1.1430e-02
  6548.95      1.5270  1.1020e-02  1.1430e-02
  6547.45      1.5273  1.1020e-02  1.1430e-02
  6545.95      1.5277  1.1010e-02  1.1430e-02
  6544.45      1.5280  1.1010e-02  1.1420e-02
  6542.95      1.5284  1.0990e-02  1.1400e-02
  6541.45      1.5287  1.0980e-02  1.1380e-02
  6539.95      1.5291  1.0950e-02  1.1350e-02
  6538.45      1.5294  1.0940e-02  1.1340e-02
  6536.95      1.5298  1.0930e-02  1.1320e-02
  6535.45      1.5301  1.0920e-02  1.1310e-02
  6533.95      1.5305  1.0920e-02  1.1310e-02
  6532.45      1.5308  1.0920e-02  1.1310e-02
  6530.95      1.5312  1.0920e-02  1.1320e-02
  6529.45      1.5315  1.0940e-02  1.1340e-02
  6527.95      1.5319  1.0950e-02  1.1350e-02
  6526.45      1.5322  1.0960e-02  1.1370e-02
  6524.95      1.5326  1.0970e-02  1.1370e-02
  6523.45      1.5329  1.0990e-02  1.1390e-02
  6521.95      1.5333  1.0990e-02  1.1400e-02
  6520.45      1.5336  1.1010e-02  1.1410e-02
  6518.95      1.5340  1.1010e-02  1.1410e-02
  6517.45      1.5343  1.0990e-02  1.1410e-02
  6515.95      1.5347  1.0970e-02  1.1390e-02
  6514.45      1.5350  1.0960e-02  1.1370e-02
  6512.95      1.5354  1.0940e-02  1.1350e-02
  6511.45      1.5358  1.0920e-02  1.1320e-02
  6509.95      1.5361  1.0890e-02  1.1290e-02
  6508.45      1.5365  1.0870e-02  1.1260e-02
  6506.95      1.5368  1.0850e-02  1.1230e-02
  6505.45      1.5372  1.0840e-02  1.1230e-02
  6503.95      1.5375  1.0840e-02  1.1230e-02
  6502.45      1.5379  1.0850e-02  1.1250e-02
  6500.95      1.5382  1.0860e-02  1.1260e-02
  6499.45      1.5386  1.0870e-02  1.1270e-02
  6497.95      1.5389  1.0870e-02  1.1280e-02
  6496.45      1.5393  1.0890e-02  1.1300e-02
  6494.95      1.5397  1.0890e-02  1.1310e-02
  6493.45      1.5400  1.0900e-02  1.1310e-02
  6491.95      1.5404  1.0900e-02  1.1310e-02
  6490.45      1.5407  1.0880e-02  1.1290e-02
  6488.95      1.5411  1.0860e-02  1.1260e-02
  6487.45      1.5414  1.0840e-02  1.1240e-02
  6485.95      1.5418  1.0810e-02  1.1210e-02
  6484.45      1.5422  1.0790e-02  1.1190e-02
  6482.95      1.5425  1.0760e-02  1.1160e-02
  6481.44      1.5429  1.0750e-02  1.1140e-02
  6479.94      1.5432  1.0730e-02  1.1130e-02
  6478.44      1.5436  1.0720e-02  1.1120e-02
  6476.94      1.5439  1.0730e-02  1.1120e-02
  6475.44      1.5443  1.0740e-02  1.1130e-02
  6473.94      1.5447  1.0750e-02  1.1140e-02
  6472.44      1.5450  1.0770e-02  1.1170e-02
  6470.94      1.5454  1.0780e-02  1.1190e-02
  6469.44      1.5457  1.0810e-02  1.1210e-02
  6467.94      1.5461  1.0810e-02  1.1220e-02
  6466.44      1.5464  1.0820e-02  1.1240e-02
  6464.94      1.5468  1.0820e-02  1.1240e-02
  6463.44      1.5472  1.0820e-02  1.1240e-02
  6461.94      1.5475  1.0810e-02  1.1220e-02
  6460.44      1.5479  1.0790e-02  1.1200e-02
  6458.94      1.5482  1.0770e-02  1.1170e-02
  6457.44      1.5486  1.0750e-02  1.1150e-02
  6455.94      1.5490  1.0720e-02  1.1120e-02
  6454.44      1.5493  1.0700e-02  1.1100e-02
  6452.94      1.5497  1.0680e-02  1.1080e-02
  6451.44      1.5500  1.0660e-02  1.1070e-02
  6449.94      1.5504  1.0660e-02  1.1060e-02
  6448.44      1.5508  1.0640e-02  1.1040e-02
  6446.94      1.5511  1.0630e-02  1.1030e-02
  6445.44      1.5515  1.0610e-02  1.1020e-02
  6443.94      1.5518  1.0600e-02  1.1010e-02
  6442.44      1.5522  1.0590e-02  1.0990e-02
  6440.94      1.5526  1.0590e-02  1.0980e-02
  6439.44      1.5529  1.0580e-02  1.0980e-02
  6437.94      1.5533  1.0590e-02  1.0980e-02
  6436.44      1.5537  1.0600e-02  1.0990e-02
  6434.94      1.5540  1.0610e-02  1.1010e-02
  6433.44      1.5544  1.0620e-02  1.1020e-02
  6431.94      1.5547  1.0640e-02  1.1050e-02
  6430.44      1.5551  1.0660e-02  1.1070e-02
  6428.94      1.5555  1.0680e-02  1.1090e-02
  6427.44      1.5558  1.0710e-02  1.1110e-02
  6425.94      1.5562  1.0720e-02  1.1130e-02
  6424.44      1.5566  1.0730e-02  1.1140e-02
  6422.94      1.5569  1.0740e-02  1.1140e-02
  6421.44      1.5573  1.0750e-02  1.1150e-02
  6419.94      1.5576  1.0750e-02  1.1160e-02
  6418.44      1.5580  1.0750e-02  1.1160e-02
  6416.94      1.5584  1.0760e-02  1.1160e-02
  6415.44      1.5587  1.0760e-02  1.1160e-02
  6413.94      1.5591  1.0760e-02  1.1160e-02
  6412.44      1.5595  1.0760e-02  1.1160e-02
  6410.94      1.5598  1.0770e-02  1.1170e-02
  6409.44      1.5602  1.0770e-02  1.1170e-02
  6407.94      1.5606  1.0780e-02  1.1190e-02
  6406.44      1.5609  1.0790e-02  1.1190e-02
  6404.94      1.5613  1.0790e-02  1.1210e-02
  6403.44      1.5617  1.0800e-02  1.1210e-02
  6401.94      1.5620  1.0790e-02  1.1210e-02
  6400.44      1.5624  1.0780e-02  1.1200e-02
  6398.94      1.5628  1.0750e-02  1.1170e-02
  6397.44      1.5631  1.0720e-02  1.1130e-02
  6395.94      1.5635  1.0680e-02  1.1090e-02
  6394.44      1.5639  1.0650e-02  1.1050e-02
  6392.94      1.5642  1.0600e-02  1.1000e-02
  6391.44      1.5646  1.0570e-02  1.0960e-02
  6389.94      1.5650  1.0530e-02  1.0920e-02
  6388.44      1.5653  1.0500e-02  1.0900e-02
  6386.94      1.5657  1.0470e-02  1.0870e-02
  6385.44      1.5661  1.0460e-02  1.0860e-02
  6383.94      1.5664  1.0460e-02  1.0860e-02
  6382.44      1.5668  1.0470e-02  1.0860e-02
  6380.94      1.5672  1.0490e-02  1.0880e-02
  6379.44      1.5675  1.0500e-02  1.0900e-02
  6377.94      1.5679  1.0540e-02  1.0930e-02
  6376.44      1.5683  1.0570e-02  1.0970e-02
  6374.94      1.5686  1.0600e-02  1.1010e-02
  6373.44      1.5690  1.0640e-02  1.1050e-02
  6371.94      1.5694  1.0690e-02  1.1100e-02
  6370.44      1.5698  1.0730e-02  1.1150e-02
  6368.94      1.5701  1.0760e-02  1.1180e-02
  6367.44      1.5705  1.0770e-02  1.1190e-02
  6365.94      1.5709  1.0770e-02  1.1190e-02
  6364.44      1.5712  1.0760e-02  1.1180e-02
  6362.94      1.5716  1.0760e-02  1.1180e-02
  6361.44      1.5720  1.0740e-02  1.1150e-02
  6359.94      1.5723  1.0710e-02  1.1120e-02
  6358.44      1.5727  1.0680e-02  1.1080e-02
  6356.94      1.5731  1.0640e-02  1.1050e-02
  6355.44      1.5735  1.0610e-02  1.1010e-02
  6353.94      1.5738  1.0560e-02  1.0980e-02
  6352.44      1.5742  1.0550e-02  1.0950e-02
  6350.94      1.5746  1.0520e-02  1.0920e-02
  6349.44      1.5749  1.0500e-02  1.0900e-02
  6347.94      1.5753  1.0470e-02  1.0870e-02
  6346.44      1.5757  1.0450e-02  1.0850e-02
  6344.94      1.5761  1.0430e-02  1.0830e-02
  6343.43      1.5764  1.0410e-02  1.0810e-02
  6341.93      1.5768  1.0410e-02  1.0810e-02
  6340.43      1.5772  1.0410e-02  1.0810e-02
  6338.93      1.5776  1.0410e-02  1.0810e-02
  6337.43      1.5779  1.0410e-02  1.0810e-02
  6335.93      1.5783  1.0420e-02  1.0820e-02
  6334.43      1.5787  1.0420e-02  1.0830e-02
  6332.93      1.5790  1.0430e-02  1.0840e-02
  6331.43      1.5794  1.0450e-02  1.0860e-02
  6329.93      1.5798  1.0470e-02  1.0880e-02
  6328.43      1.5802  1.0480e-02  1.0890e-02
  6326.93      1.5805  1.0500e-02  1.0910e-02
  6325.43      1.5809  1.0510e-02  1.0910e-02
  6323.93      1.5813  1.0510e-02  1.0920e-02
  6322.43      1.5817  1.0520e-02  1.0930e-02
  6320.93      1.5820  1.0530e-02  1.0940e-02
  6319.43      1.5824  1.0540e-02  1.0950e-02
  6317.93      1.5828  1.0550e-02  1.0960e-02
  6316.43      1.5832  1.0550e-02  1.0960e-02
  6314.93      1.5835  1.0550e-02  1.0950e-02
  6313.43      1.5839  1.0540e-02  1.0950e-02
  6311.93      1.5843  1.0550e-02  1.0950e-02
  6310.43      1.5847  1.0550e-02  1.0960e-02
  6308.93      1.5851  1.0550e-02  1.0960e-02
  6307.43      1.5854  1.0550e-02  1.0960e-02
  6305.93      1.5858  1.0550e-02  1.0960e-02
  6304.43      1.5862  1.0530e-02  1.0940e-02
  6302.93      1.5866  1.0520e-02  1.0930e-02
  6301.43      1.5869  1.0520e-02  1.0930e-02
  6299.93      1.5873  1.0500e-02  1.0910e-02
  6298.43      1.5877  1.0490e-02  1.0900e-02
  6296.93      1.5881  1.0470e-02  1.0880e-02
  6295.43      1.5885  1.0460e-02  1.0860e-02
  6293.93      1.5888  1.0440e-02  1.0850e-02
  6292.43      1.5892  1.0440e-02  1.0840e-02
  6290.93      1.5896  1.0430e-02  1.0840e-02
  6289.43      1.5900  1.0430e-02  1.0830e-02
  6287.93      1.5903  1.0430e-02  1.0830e-02
  6286.43      1.5907  1.0430e-02  1.0840e-02
  6284.93      1.5911  1.0440e-02  1.0840e-02
  6283.43      1.5915  1.0460e-02  1.0860e-02
  6281.93      1.5919  1.0470e-02  1.0870e-02
  6280.43      1.5922  1.0480e-02  1.0890e-02
  6278.93      1.5926  1.0480e-02  1.0890e-02
  6277.43      1.5930  1.0480e-02  1.0900e-02
  6275.93      1.5934  1.0480e-02  1.0900e-02
  6274.43      1.5938  1.0480e-02  1.0900e-02
  6272.93      1.5942  1.0480e-02  1.0890e-02
  6271.43      1.5945  1.0470e-02  1.0880e-02
  6269.93      1.5949  1.0450e-02  1.0860e-02
  6268.43      1.5953  1.0440e-02  1.0850e-02
  6266.93      1.5957  1.0420e-02  1.0830e-02
  6265.43      1.5961  1.0410e-02  1.0820e-02
  6263.93      1.5964  1.0390e-02  1.0800e-02
  6262.43      1.5968  1.0370e-02  1.0780e-02
  6260.93      1.5972  1.0360e-02  1.0770e-02
  6259.43      1.5976  1.0320e-02  1.0740e-02
  6257.93      1.5980  1.0300e-02  1.0710e-02
  6256.43      1.5984  1.0280e-02  1.0690e-02
  6254.93      1.5987  1.0270e-02  1.0670e-02
  6253.43      1.5991  1.0250e-02  1.0650e-02
  6251.93      1.5995  1.0230e-02  1.0650e-02
  6250.43      1.5999  1.0230e-02  1.0630e-02
  6248.93      1.6003  1.0220e-02  1.0620e-02
  6247.43      1.6007  1.0210e-02  1.0620e-02
  6245.93      1.6010  1.0210e-02  1.0620e-02
  6244.43      1.6014  1.0210e-02  1.0620e-02
  6242.93      1.6018  1.0210e-02  1.0630e-02
  6241.43      1.6022  1.0220e-02  1.0630e-02
  6239.93      1.6026  1.0220e-02  1.0630e-02
  6238.43      1.6030  1.0220e-02  1.0630e-02
  6236.93      1.6034  1.0220e-02  1.0630e-02
  6235.43      1.6037  1.0220e-02  1.0640e-02
  6233.93      1.6041  1.0220e-02  1.0630e-02
  6232.43      1.6045  1.0210e-02  1.0630e-02
  6230.93      1.6049  1.0210e-02  1.0620e-02
  6229.43      1.6053  1.0190e-02  1.0610e-02
  6227.93      1.6057  1.0190e-02  1.0600e-02
  6226.43      1.6061  1.0170e-02  1.0580e-02
  6224.93      1.6064  1.0140e-02  1.0560e-02
  6223.43      1.6068  1.0120e-02  1.0530e-02
  6221.93      1.6072  1.0080e-02  1.0490e-02
  6220.43      1.6076  1.0050e-02  1.0460e-02
  6218.93      1.6080  1.0020e-02  1.0430e-02
  6217.43      1.6084  1.0010e-02  1.0410e-02
  6215.93      1.6088  1.0000e-02  1.0400e-02
  6214.43      1.6092  9.9900e-03  1.0390e-02
  6212.92      1.6095  9.9900e-03  1.0390e-02
  6211.42      1.6099  1.0000e-02  1.0390e-02
  6209.92      1.6103  1.0020e-02  1.0420e-02
  6208.42      1.6107  1.0040e-02  1.0450e-02
  6206.92      1.6111  1.0070e-02  1.0480e-02
  6205.42      1.6115  1.0100e-02  1.0510e-02
  6203.92      1.6119  1.0110e-02  1.0530e-02
  6202.42      1.6123  1.0130e-02  1.0550e-02
  6200.92      1.6127  1.0130e-02  1.0550e-02
  6199.42      1.6131  1.0130e-02  1.0560e-02
  6197.92      1.6134  1.0130e-02  1.0550e-02
  6196.42      1.6138  1.0110e-02  1.0520e-02
  6194.92      1.6142  1.0080e-02  1.0500e-02
  6193.42      1.6146  1.0070e-02  1.0480e-02
  6191.92      1.6150  1.0050e-02  1.0450e-02
  6190.42      1.6154  1.0040e-02  1.0440e-02
  6188.92      1.6158  1.0020e-02  1.0420e-02
  6187.42      1.6162  1.0010e-02  1.0420e-02
  6185.92      1.6166  9.9900e-03  1.0410e-02
  6184.42      1.6170  9.9800e-03  1.0400e-02
  6182.92      1.6174  9.9800e-03  1.0400e-02
  6181.42      1.6178  9.9700e-03  1.0380e-02
  6179.92      1.6181  9.9600e-03  1.0370e-02
  6178.42      1.6185  9.9400e-03  1.0350e-02
  6176.92      1.6189  9.9400e-03  1.0340e-02
  6175.42      1.6193  9.9400e-03  1.0340e-02
  6173.92      1.6197  9.9500e-03  1.0340e-02
  6172.42      1.6201  9.9600e-03  1.0360e-02
  6170.92      1.6205  9.9800e-03  1.0380e-02
  6169.42      1.6209  1.0000e-02  1.0410e-02
  6167.92      1.6213  1.0030e-02  1.0450e-02
  6166.42      1.6217  1.0060e-02  1.0480e-02
  6164.92      1.6221  1.0080e-02  1.0500e-02
  6163.42      1.6225  1.0080e-02  1.0510e-02
  6161.92      1.6229  1.0070e-02  1.0500e-02
  6160.42      1.6233  1.0060e-02  1.0480e-02
  6158.92      1.6237  1.0030e-02  1.0450e-02
  6157.42      1.6241  1.0000e-02  1.0420e-02
  6155.92      1.6245  9.9700e-03  1.0380e-02
  6154.42      1.6248  9.9300e-03  1.0340e-02
  6152.92      1.6252  9.9000e-03  1.0300e-02
  6151.42      1.6256  9.8700e-03  1.0270e-02
  6149.92      1.6260  9.8600e-03  1.0260e-02
  6148.42      1.6264  9.8500e-03  1.0250e-02
  6146.92      1.6268  9.8500e-03  1.0250e-02
  6145.42      1.6272  9.8500e-03  1.0250e-02
  6143.92      1.6276  9.8600e-03  1.0270e-02
  6142.42      1.6280  9.8600e-03  1.0270e-02
  6140.92      1.6284  9.8800e-03  1.0290e-02
  6139.42      1.6288  9.8800e-03  1.0300e-02
  6137.92      1.6292  9.8900e-03  1.0310e-02
  6136.42      1.6296  9.9000e-03  1.0310e-02
  6134.92      1.6300  9.9100e-03  1.0320e-02
  6133.42      1.6304  9.9200e-03  1.0330e-02
  6131.92      1.6308  9.9300e-03  1.0340e-02
  6130.42      1.6312  9.9400e-03  1.0350e-02
  6128.92      1.6316  9.9400e-03  1.0350e-02
  6127.42      1.6320  9.9500e-03  1.0360e-02
  6125.92      1.6324  9.9600e-03  1.0380e-02
  6124.42      1.6328  9.9800e-03  1.0400e-02
  6122.92      1.6332  9.9900e-03  1.0410e-02
  6121.42      1.6336  1.0000e-02  1.0420e-02
  6119.92      1.6340  1.0000e-02  1.0420e-02
  6118.42      1.6344  9.9900e-03  1.0410e-02
  6116.92      1.6348  9.9800e-03  1.0400e-02
  6115.42      1.6352  9.9700e-03  1.0400e-02
  6113.92      1.6356  9.9500e-03  1.0370e-02
  6112.42      1.6360  9.9400e-03  1.0350e-02
  6110.92      1.6364  9.9000e-03  1.0310e-02
  6109.42      1.6368  9.8700e-03  1.0280e-02
  6107.92      1.6372  9.8500e-03  1.0260e-02
  6106.42      1.6376  9.8400e-03  1.0240e-02
  6104.92      1.6380  9.8200e-03  1.0230e-02
  6103.42      1.6384  9.8200e-03  1.0220e-02
  6101.92      1.6388  9.8100e-03  1.0220e-02
  6100.42      1.6392  9.8100e-03  1.0220e-02
  6098.92      1.6396  9.8100e-03  1.0220e-02
  6097.42      1.6400  9.8200e-03  1.0230e-02
  6095.92      1.6404  9.8300e-03  1.0240e-02
  6094.42      1.6408  9.8400e-03  1.0260e-02
  6092.92      1.6413  9.8500e-03  1.0260e-02
  6091.42      1.6417  9.8500e-03  1.0270e-02
  6089.92      1.6421  9.8400e-03  1.0270e-02
  6088.42      1.6425  9.8400e-03  1.0260e-02
  6086.92      1.6429  9.8300e-03  1.0250e-02
  6085.42      1.6433  9.8200e-03  1.0240e-02
  6083.92      1.6437  9.8100e-03  1.0220e-02
  6082.42      1.6441  9.7900e-03  1.0200e-02
  6080.92      1.6445  9.7600e-03  1.0170e-02
  6079.42      1.6449  9.7500e-03  1.0160e-02
  6077.92      1.6453  9.7300e-03  1.0140e-02
  6076.42      1.6457  9.7200e-03  1.0140e-02
  6074.91      1.6461  9.7200e-03  1.0130e-02
  6073.41      1.6465  9.7000e-03  1.0120e-02
  6071.91      1.6469  9.6900e-03  1.0110e-02
  6070.41      1.6473  9.6700e-03  1.0090e-02
  6068.91      1.6477  9.6500e-03  1.0080e-02
  6067.41      1.6481  9.6300e-03  1.0050e-02
  6065.91      1.6486  9.6200e-03  1.0030e-02
  6064.41      1.6490  9.5900e-03  1.0000e-02
  6062.91      1.6494  9.5600e-03  9.9700e-03
  6061.41      1.6498  9.5500e-03  9.9500e-03
  6059.91      1.6502  9.5400e-03  9.9400e-03
  6058.41      1.6506  9.5300e-03  9.9400e-03
  6056.91      1.6510  9.5300e-03  9.9400e-03
  6055.41      1.6514  9.5400e-03  9.9400e-03
  6053.91      1.6518  9.5500e-03  9.9600e-03
  6052.41      1.6522  9.5600e-03  9.9800e-03
  6050.91      1.6526  9.5900e-03  1.0000e-02
  6049.41      1.6531  9.6100e-03  1.0030e-02
  6047.91      1.6535  9.6200e-03  1.0040e-02
  6046.41      1.6539  9.6400e-03  1.0060e-02
  6044.91      1.6543  9.6500e-03  1.0070e-02
  6043.41      1.6547  9.6600e-03  1.0080e-02
  6041.91      1.6551  9.6600e-03  1.0080e-02
  6040.41      1.6555  9.6600e-03  1.0080e-02
  6038.91      1.6559  9.6500e-03  1.0070e-02
  6037.41      1.6563  9.6400e-03  1.0060e-02
  6035.91      1.6568  9.6400e-03  1.0050e-02
  6034.41      1.6572  9.6400e-03  1.0040e-02
  6032.91      1.6576  9.6400e-03  1.0050e-02
  6031.41      1.6580  9.6400e-03  1.0050e-02
  6029.91      1.6584  9.6400e-03  1.0060e-02
  6028.41      1.6588  9.6300e-03  1.0060e-02
  6026.91      1.6592  9.6200e-03  1.0050e-02
  6025.41      1.6596  9.6100e-03  1.0040e-02
  6023.91      1.6601  9.5800e-03  1.0010e-02
  6022.41      1.6605  9.5600e-03  9.9800e-03
  6020.91      1.6609  9.5200e-03  9.9400e-03
  6019.41      1.6613  9.4800e-03  9.8900e-03
  6017.91      1.6617  9.4500e-03  9.8500e-03
  6016.41      1.6621  9.4100e-03  9.8100e-03
  6014.91      1.6625  9.4000e-03  9.8000e-03
  6013.41      1.6629  9.3900e-03  9.7900e-03
  6011.91      1.6634  9.3900e-03  9.7900e-03
  6010.41      1.6638  9.4000e-03  9.8000e-03
  6008.91      1.6642  9.4100e-03  9.8300e-03
  6007.41      1.6646  9.4200e-03  9.8400e-03
  6005.91      1.6650  9.4400e-03  9.8700e-03
  6004.41      1.6654  9.4500e-03  9.8700e-03
  6002.91      1.6659  9.4600e-03  9.8800e-03
  6001.41      1.6663  9.4600e-03  9.8800e-03
  5999.91      1.6667  9.4600e-03  9.8800e-03
  5998.41      1.6671  9.4400e-03  9.8700e-03
  5996.91      1.6675  9.4400e-03  9.8500e-03
  5995.41      1.6679  9.4200e-03  9.8300e-03
  5993.91      1.6684  9.4200e-03  9.8300e-03
  5992.41      1.6688  9.4100e-03  9.8200e-03
  5990.91      1.6692  9.4100e-03  9.8200e-03
  5989.41      1.6696  9.4100e-03  9.8200e-03
  5987.91      1.6700  9.4100e-03  9.8200e-03
  5986.41      1.6705  9.4200e-03  9.8300e-03
  5984.91      1.6709  9.4300e-03  9.8400e-03
  5983.41      1.6713  9.4500e-03  9.8600e-03
  5981.91      1.6717  9.4700e-03  9.8900e-03
  5980.41      1.6721  9.4800e-03  9.9000e-03
  5978.91      1.6725  9.5000e-03  9.9200e-03
  5977.41      1.6730  9.5000e-03  9.9200e-03
  5975.91      1.6734  9.5000e-03  9.9300e-03
  5974.41      1.6738  9.5000e-03  9.9300e-03
  5972.91      1.6742  9.5000e-03  9.9200e-03
  5971.41      1.6746  9.5000e-03  9.9200e-03
  5969.91      1.6751  9.4800e-03  9.9000e-03
  5968.41      1.6755  9.4600e-03  9.8700e-03
  5966.91      1.6759  9.4400e-03  9.8500e-03
  5965.41      1.6763  9.4300e-03  9.8400e-03
  5963.91      1.6768  9.4200e-03  9.8300e-03
  5962.41      1.6772  9.4200e-03  9.8300e-03
  5960.91      1.6776  9.4100e-03  9.8300e-03
  5959.41      1.6780  9.4100e-03  9.8200e-03
  5957.91      1.6784  9.4000e-03  9.8200e-03
  5956.41      1.6789  9.4100e-03  9.8300e-03
  5954.91      1.6793  9.4200e-03  9.8400e-03
  5953.41      1.6797  9.4300e-03  9.8500e-03
  5951.91      1.6801  9.4300e-03  9.8500e-03
  5950.41      1.6806  9.4300e-03  9.8500e-03
  5948.91      1.6810  9.4300e-03  9.8500e-03
  5947.41      1.6814  9.4300e-03  9.8500e-03
  5945.91      1.6818  9.4300e-03  9.8500e-03
  5944.40      1.6823  9.4300e-03  9.8500e-03
  5942.90      1.6827  9.4300e-03  9.8500e-03
  5941.40      1.6831  9.4100e-03  9.8300e-03
  5939.90      1.6835  9.4000e-03  9.8300e-03
  5938.40      1.6840  9.3800e-03  9.8100e-03
  5936.90      1.6844  9.3700e-03  9.7900e-03
  5935.40      1.6848  9.3300e-03  9.7600e-03
  5933.90      1.6852  9.3000e-03  9.7300e-03
  5932.40      1.6857  9.2700e-03  9.6900e-03
  5930.90      1.6861  9.2300e-03  9.6500e-03
  5929.40      1.6865  9.1800e-03  9.6000e-03
  5927.90      1.6869  9.1300e-03  9.5500e-03
  5926.40      1.6874  9.1000e-03  9.5100e-03
  5924.90      1.6878  9.0700e-03  9.4700e-03
  5923.40      1.6882  9.0400e-03  9.4500e-03
  5921.90      1.6886  9.0200e-03  9.4200e-03
  5920.40      1.6891  9.0200e-03  9.4200e-03
  5918.90      1.6895  9.0200e-03  9.4200e-03
  5917.40      1.6899  9.0300e-03  9.4400e-03
  5915.90      1.6904  9.0600e-03  9.4700e-03
  5914.40      1.6908  9.0900e-03  9.5000e-03
  5912.90      1.6912  9.1200e-03  9.5400e-03
  5911.40      1.6916  9.1500e-03  9.5700e-03
  5909.90      1.6921  9.1700e-03  9.6100e-03
  5908.40      1.6925  9.2100e-03  9.6300e-03
  5906.90      1.6929  9.2200e-03  9.6500e-03
  5905.40      1.6934  9.2400e-03  9.6700e-03
  5903.90      1.6938  9.2500e-03  9.6700e-03
  5902.40      1.6942  9.2500e-03  9.6700e-03
  5900.90      1.6947  9.2300e-03  9.6600e-03
  5899.40      1.6951  9.2200e-03  9.6500e-03
  5897.90      1.6955  9.2100e-03  9.6300e-03
  5896.40      1.6959  9.2100e-03  9.6200e-03
  5894.90      1.6964  9.1900e-03  9.6100e-03
  5893.40      1.6968  9.1800e-03  9.6000e-03
  5891.90      1.6972  9.1600e-03  9.5800e-03
  5890.40      1.6977  9.1500e-03  9.5700e-03
  5888.90      1.6981  9.1300e-03  9.5500e-03
  5887.40      1.6985  9.1100e-03  9.5400e-03
  5885.90      1.6990  9.1000e-03  9.5200e-03
  5884.40      1.6994  9.0800e-03  9.5000e-03
  5882.90      1.6998  9.0600e-03  9.4800e-03
  5881.40      1.7003  9.0300e-03  9.4500e-03
  5879.90      1.7007  9.0200e-03  9.4300e-03
  5878.40      1.7011  9.0000e-03  9.4100e-03
  5876.90      1.7016  8.9900e-03  9.4000e-03
  5875.40      1.7020  8.9800e-03  9.4000e-03
  5873.90      1.7024  8.9800e-03  9.3900e-03
  5872.40      1.7029  8.9800e-03  9.3900e-03
  5870.90      1.7033  8.9800e-03  9.4000e-03
  5869.40      1.7038  8.9800e-03  9.4000e-03
  5867.90      1.7042  8.9900e-03  9.4100e-03
  5866.40      1.7046  9.0000e-03  9.4200e-03
  5864.90      1.7051  9.0200e-03  9.4300e-03
  5863.40      1.7055  9.0200e-03  9.4400e-03
  5861.90      1.7059  9.0400e-03  9.4500e-03
  5860.40      1.7064  9.0500e-03  9.4700e-03
  5858.90      1.7068  9.0600e-03  9.4800e-03
  5857.40      1.7072  9.0800e-03  9.5000e-03
  5855.90      1.7077  9.0800e-03  9.5100e-03
  5854.40      1.7081  9.0800e-03  9.5100e-03
  5852.90      1.7086  9.0800e-03  9.5100e-03
  5851.40      1.7090  9.0700e-03  9.4900e-03
  5849.90      1.7094  9.0600e-03  9.4800e-03
  5848.40      1.7099  9.0400e-03  9.4600e-03
  5846.90      1.7103  9.0200e-03  9.4400e-03
  5845.40      1.7107  9.0100e-03  9.4200e-03
  5843.90      1.7112  8.9900e-03  9.4000e-03
  5842.40      1.7116  8.9800e-03  9.3900e-03
  5840.90      1.7121  8.9700e-03  9.3800e-03
  5839.40      1.7125  8.9700e-03  9.3800e-03
  5837.90      1.7129  8.9700e-03  9.3900e-03
  5836.40      1.7134  8.9700e-03  9.3900e-03
  5834.90      1.7138  8.9700e-03  9.3900e-03
  5833.40      1.7143  8.9700e-03  9.3900e-03
  5831.90      1.7147  8.9600e-03  9.3900e-03
  5830.40      1.7151  8.9500e-03  9.3700e-03
  5828.90      1.7156  8.9400e-03  9.3700e-03
  5827.40      1.7160  8.9300e-03  9.3500e-03
  5825.90      1.7165  8.9200e-03  9.3400e-03
  5824.40      1.7169  8.9100e-03  9.3200e-03
  5822.90      1.7174  8.8900e-03  9.3200e-03
  5821.40      1.7178  8.8900e-03  9.3000e-03
  5819.90      1.7182  8.8800e-03  9.2900e-03
  5818.40      1.7187  8.8700e-03  9.2900e-03
  5816.90      1.7191  8.8700e-03  9.2900e-03
  5815.40      1.7196  8.8700e-03  9.2900e-03
  5813.90      1.7200  8.8700e-03  9.3000e-03
  5812.40      1.7205  8.8800e-03  9.3000e-03
  5810.90      1.7209  8.8800e-03  9.3000e-03
  5809.40      1.7213  8.8800e-03  9.3000e-03
  5807.90      1.7218  8.8700e-03  9.3000e-03
  5806.39      1.7222  8.8600e-03  9.2900e-03
  5804.89      1.7227  8.8600e-03  9.2800e-03
  5803.39      1.7231  8.8500e-03  9.2700e-03
  5801.89      1.7236  8.8400e-03  9.2600e-03
  5800.39      1.7240  8.8300e-03  9.2500e-03
  5798.89      1.7245  8.8300e-03  9.2400e-03
  5797.39      1.7249  8.8200e-03  9.2300e-03
  5795.89      1.7254  8.8100e-03  9.2300e-03
  5794.39      1.7258  8.8100e-03  9.2300e-03
  5792.89      1.7263  8.8100e-03  9.2300e-03
  5791.39      1.7267  8.8100e-03  9.2300e-03
  5789.89      1.7271  8.8100e-03  9.2300e-03
  5788.39      1.7276  8.8100e-03  9.2300e-03
  5786.89      1.7280  8.8200e-03  9.2400e-03
  5785.39      1.7285  8.8200e-03  9.2400e-03
  5783.89      1.7289  8.8100e-03  9.2400e-03
  5782.39      1.7294  8.8000e-03  9.2300e-03
  5780.89      1.7298  8.8000e-03  9.2200e-03
  5779.39      1.7303  8.7900e-03  9.2100e-03
  5777.89      1.7307  8.7900e-03  9.2100e-03
  5776.39      1.7312  8.7900e-03  9.2000e-03
  5774.89      1.7316  8.7900e-03  9.2100e-03
  5773.39      1.7321  8.8000e-03  9.2100e-03
  5771.89      1.7325  8.8100e-03  9.2300e-03
  5770.39      1.7330  8.8400e-03  9.2500e-03
  5768.89      1.7334  8.8600e-03  9.2800e-03
  5767.39      1.7339  8.8900e-03  9.3100e-03
  5765.89      1.7343  8.9100e-03  9.3400e-03
  5764.39      1.7348  8.9100e-03  9.3500e-03
  5762.89      1.7352  8.9200e-03  9.3500e-03
  5761.39      1.7357  8.9100e-03  9.3500e-03
  5759.89      1.7361  8.9000e-03  9.3300e-03
  5758.39      1.7366  8.8900e-03  9.3200e-03
  5756.89      1.7370  8.8700e-03  9.2900e-03
  5755.39      1.7375  8.8400e-03  9.2600e-03
  5753.89      1.7380  8.8200e-03  9.2400e-03
  5752.39      1.7384  8.7900e-03  9.2100e-03
  5750.89      1.7389  8.7800e-03  9.2000e-03
  5749.39      1.7393  8.7600e-03  9.1800e-03
  5747.89      1.7398  8.7500e-03  9.1700e-03
  5746.39      1.7402  8.7300e-03  9.1500e-03
  5744.89      1.7407  8.7200e-03  9.1400e-03
  5743.39      1.7411  8.7000e-03  9.1200e-03
  5741.89      1.7416  8.6800e-03  9.1100e-03
  5740.39      1.7420  8.6600e-03  9.0800e-03
  5738.89      1.7425  8.6500e-03  9.0700e-03
  5737.39      1.7430  8.6500e-03  9.0600e-03
  5735.89      1.7434  8.6400e-03  9.0600e-03
  5734.39      1.7439  8.6500e-03  9.0600e-03
  5732.89      1.7443  8.6500e-03  9.0700e-03
  5731.39      1.7448  8.6500e-03  9.0700e-03
  5729.89      1.7452  8.6600e-03  9.0900e-03
  5728.39      1.7457  8.6800e-03  9.1100e-03
  5726.89      1.7461  8.6900e-03  9.1100e-03
  5725.39      1.7466  8.7000e-03  9.1200e-03
  5723.89      1.7471  8.7000e-03  9.1300e-03
  5722.39      1.7475  8.7000e-03  9.1200e-03
  5720.89      1.7480  8.7000e-03  9.1200e-03
  5719.39      1.7484  8.7000e-03  9.1300e-03
  5717.89      1.7489  8.7100e-03  9.1300e-03
  5716.39      1.7494  8.7200e-03  9.1400e-03
  5714.89      1.7498  8.7300e-03  9.1400e-03
  5713.39      1.7503  8.7400e-03  9.1600e-03
  5711.89      1.7507  8.7600e-03  9.1800e-03
  5710.39      1.7512  8.7700e-03  9.2000e-03
  5708.89      1.7517  8.8000e-03  9.2200e-03
  5707.39      1.7521  8.8100e-03  9.2400e-03
  5705.89      1.7526  8.8300e-03  9.2600e-03
  5704.39      1.7530  8.8400e-03  9.2700e-03
  5702.89      1.7535  8.8500e-03  9.2800e-03
  5701.39      1.7540  8.8400e-03  9.2700e-03
  5699.89      1.7544  8.8400e-03  9.2700e-03
  5698.39      1.7549  8.8300e-03  9.2500e-03
  5696.89      1.7553  8.8200e-03  9.2500e-03
  5695.39      1.7558  8.8100e-03  9.2300e-03
  5693.89      1.7563  8.8000e-03  9.2200e-03
  5692.39      1.7567  8.7900e-03  9.2100e-03
  5690.89      1.7572  8.7800e-03  9.2000e-03
  5689.39      1.7577  8.7700e-03  9.1900e-03
  5687.89      1.7581  8.7600e-03  9.1900e-03
  5686.39      1.7586  8.7600e-03  9.1900e-03
  5684.89      1.7591  8.7600e-03  9.1900e-03
  5683.39      1.7595  8.7600e-03  9.1900e-03
  5681.89      1.7600  8.7600e-03  9.1900e-03
  5680.39      1.7604  8.7700e-03  9.1900e-03
  5678.89      1.7609  8.7700e-03  9.1900e-03
  5677.39      1.7614  8.7800e-03  9.2000e-03
  5675.88      1.7618  8.7900e-03  9.2100e-03
  5674.38      1.7623  8.8000e-03  9.2300e-03
  5672.88      1.7628  8.8000e-03  9.2300e-03
  5671.38      1.7632  8.8000e-03  9.2300e-03
  5669.88      1.7637  8.8000e-03  9.2300e-03
  5668.38      1.7642  8.8000e-03  9.2300e-03
  5666.88      1.7646  8.7900e-03  9.2200e-03
  5665.38      1.7651  8.7800e-03  9.2100e-03
  5663.88      1.7656  8.7700e-03  9.2000e-03
  5662.38      1.7660  8.7500e-03  9.1700e-03
  5660.88      1.7665  8.7300e-03  9.1500e-03
  5659.38      1.7670  8.7300e-03  9.1500e-03
  5657.88      1.7674  8.7100e-03  9.1300e-03
  5656.38      1.7679  8.7100e-03  9.1300e-03
  5654.88      1.7684  8.7100e-03  9.1300e-03
  5653.38      1.7689  8.7100e-03  9.1300e-03
  5651.88      1.7693  8.7200e-03  9.1400e-03
  5650.38      1.7698  8.7200e-03  9.1500e-03
  5648.88      1.7703  8.7300e-03  9.1600e-03
  5647.38      1.7707  8.7300e-03  9.1600e-03
  5645.88      1.7712  8.7300e-03  9.1600e-03
  5644.38      1.7717  8.7300e-03  9.1600e-03
  5642.88      1.7721  8.7300e-03  9.1600e-03
  5641.38      1.7726  8.7200e-03  9.1500e-03
  5639.88      1.7731  8.7100e-03  9.1400e-03
  5638.38      1.7736  8.7000e-03  9.1200e-03
  5636.88      1.7740  8.6900e-03  9.1100e-03
  5635.38      1.7745  8.6800e-03  9.1000e-03
  5633.88      1.7750  8.6800e-03  9.1000e-03
  5632.38      1.7754  8.6800e-03  9.1000e-03
  5630.88      1.7759  8.6800e-03  9.1000e-03
  5629.38      1.7764  8.6800e-03  9.1100e-03
  5627.88      1.7769  8.6900e-03  9.1200e-03
  5626.38      1.7773  8.6900e-03  9.1200e-03
  5624.88      1.7778  8.7000e-03  9.1300e-03
  5623.38      1.7783  8.7000e-03  9.1300e-03
  5621.88      1.7788  8.7100e-03  9.1400e-03
  5620.38      1.7792  8.7100e-03  9.1400e-03
  5618.88      1.7797  8.7100e-03  9.1300e-03
  5617.38      1.7802  8.7000e-03  9.1300e-03
  5615.88      1.7807  8.7000e-03  9.1300e-03
  5614.38      1.7811  8.7000e-03  9.1300e-03
  5612.88      1.7816  8.7000e-03  9.1300e-03
  5611.38      1.7821  8.7100e-03  9.1300e-03
  5609.88      1.7826  8.7100e-03  9.1300e-03
  5608.38      1.7830  8.7000e-03  9.1300e-03
  5606.88      1.7835  8.7000e-03  9.1300e-03
  5605.38      1.7840  8.7000e-03  9.1300e-03
  5603.88      1.7845  8.7000e-03  9.1300e-03
  5602.38      1.7850  8.7000e-03  9.1300e-03
  5600.88      1.7854  8.6800e-03  9.1200e-03
  5599.38      1.7859  8.6700e-03  9.1000e-03
  5597.88      1.7864  8.6500e-03  9.0800e-03
  5596.38      1.7869  8.6300e-03  9.0600e-03
  5594.88      1.7873  8.6000e-03  9.0300e-03
  5593.38      1.7878  8.5700e-03  9.0000e-03
  5591.88      1.7883  8.5500e-03  8.9700e-03
  5590.38      1.7888  8.5200e-03  8.9400e-03
  5588.88      1.7893  8.5000e-03  8.9200e-03
  5587.38      1.7897  8.4900e-03  8.9000e-03
  5585.88      1.7902  8.4900e-03  8.9000e-03
  5584.38      1.7907  8.5100e-03  8.9200e-03
  5582.88      1.7912  8.5300e-03  8.9400e-03
  5581.38      1.7917  8.5600e-03  8.9800e-03
  5579.88      1.7922  8.6000e-03  9.0200e-03
  5578.38      1.7926  8.6300e-03  9.0600e-03
  5576.88      1.7931  8.6800e-03  9.1100e-03
  5575.38      1.7936  8.7200e-03  9.1600e-03
  5573.88      1.7941  8.7600e-03  9.1900e-03
  5572.38      1.7946  8.8000e-03  9.2400e-03
  5570.88      1.7950  8.8300e-03  9.2600e-03
  5569.38      1.7955  8.8500e-03  9.2900e-03
  5567.88      1.7960  8.8700e-03  9.3000e-03
  5566.38      1.7965  8.8700e-03  9.3100e-03
  5564.88      1.7970  8.8700e-03  9.3100e-03
  5563.38      1.7975  8.8500e-03  9.2900e-03
  5561.88      1.7980  8.8400e-03  9.2800e-03
  5560.38      1.7984  8.8100e-03  9.2400e-03
  5558.88      1.7989  8.7800e-03  9.2200e-03
  5557.38      1.7994  8.7500e-03  9.1800e-03
  5555.88      1.7999  8.7200e-03  9.1500e-03
  5554.38      1.8004  8.6900e-03  9.1100e-03
  5552.88      1.8009  8.6700e-03  9.0800e-03
  5551.38      1.8014  8.6600e-03  9.0800e-03
  5549.88      1.8018  8.6500e-03  9.0700e-03
  5548.38      1.8023  8.6400e-03  9.0700e-03
  5546.88      1.8028  8.6300e-03  9.0600e-03
  5545.38      1.8033  8.6300e-03  9.0600e-03
  5543.88      1.8038  8.6400e-03  9.0700e-03
  5542.38      1.8043  8.6400e-03  9.0700e-03
  5540.88      1.8048  8.6400e-03  9.0700e-03
  5539.38      1.8053  8.6300e-03  9.0500e-03
  5537.87      1.8057  8.6200e-03  9.0400e-03
  5536.37      1.8062  8.6000e-03  9.0300e-03
  5534.87      1.8067  8.6000e-03  9.0200e-03
  5533.37      1.8072  8.6000e-03  9.0200e-03
  5531.87      1.8077  8.6000e-03  9.0200e-03
  5530.37      1.8082  8.6000e-03  9.0200e-03
  5528.87      1.8087  8.6000e-03  9.0200e-03
  5527.37      1.8092  8.6000e-03  9.0200e-03
  5525.87      1.8097  8.6000e-03  9.0300e-03
  5524.37      1.8102  8.6100e-03  9.0400e-03
  5522.87      1.8107  8.6200e-03  9.0400e-03
  5521.37      1.8111  8.6300e-03  9.0500e-03
  5519.87      1.8116  8.6300e-03  9.0500e-03
  5518.37      1.8121  8.6300e-03  9.0600e-03
  5516.87      1.8126  8.6300e-03  9.0600e-03
  5515.37      1.8131  8.6300e-03  9.0600e-03
  5513.87      1.8136  8.6400e-03  9.0600e-03
  5512.37      1.8141  8.6400e-03  9.0600e-03
  5510.87      1.8146  8.6400e-03  9.0600e-03
  5509.37      1.8151  8.6400e-03  9.0600e-03
  5507.87      1.8156  8.6400e-03  9.0600e-03
  5506.37      1.8161  8.6300e-03  9.0600e-03
  5504.87      1.8166  8.6300e-03  9.0500e-03
  5503.37      1.8171  8.6100e-03  9.0400e-03
  5501.87      1.8176  8.6000e-03  9.0300e-03
  5500.37      1.8181  8.5700e-03  9.0000e-03
  5498.87      1.8186  8.5400e-03  8.9700e-03
  5497.37      1.8191  8.5100e-03  8.9300e-03
  5495.87      1.8195  8.4800e-03  8.9000e-03
  5494.37      1.8200  8.4600e-03  8.8700e-03
  5492.87      1.8205  8.4400e-03  8.8400e-03
  5491.37      1.8210  8.4400e-03  8.8400e-03
  5489.87      1.8215  8.4600e-03  8.8600e-03
  5488.37      1.8220  8.4800e-03  8.8800e-03
  5486.87      1.8225  8.5000e-03  8.9100e-03
  5485.37      1.8230  8.5300e-03  8.9400e-03
  5483.87      1.8235  8.5500e-03  8.9700e-03
  5482.37      1.8240  8.5800e-03  9.0000e-03
  5480.87      1.8245  8.5900e-03  9.0300e-03
  5479.37      1.8250  8.6000e-03  9.0300e-03
  5477.87      1.8255  8.5800e-03  9.0000e-03
  5476.37      1.8260  8.5500e-03  8.9700e-03
  5474.87      1.8265  8.5200e-03  8.9300e-03
  5473.37      1.8270  8.5000e-03  8.9100e-03
  5471.87      1.8275  8.4700e-03  8.8700e-03
  5470.37      1.8280  8.4400e-03  8.8400e-03
  5468.87      1.8285  8.4100e-03  8.8000e-03
  5467.37      1.8290  8.3800e-03  8.7800e-03
  5465.87      1.8295  8.3600e-03  8.7600e-03
  5464.37      1.8300  8.3500e-03  8.7500e-03
  5462.87      1.8305  8.3400e-03  8.7400e-03
  5461.37      1.8310  8.3400e-03  8.7400e-03
  5459.87      1.8315  8.3300e-03  8.7300e-03
  5458.37      1.8320  8.3100e-03  8.7200e-03
  5456.87      1.8326  8.3000e-03  8.7100e-03
  5455.37      1.8331  8.2800e-03  8.6900e-03
  5453.87      1.8336  8.2700e-03  8.6700e-03
  5452.37      1.8341  8.2300e-03  8.6300e-03
  5450.87      1.8346  8.2000e-03  8.5900e-03
  5449.37      1.8351  8.1700e-03  8.5500e-03
  5447.87      1.8356  8.1400e-03  8.5100e-03
  5446.37      1.8361  8.1100e-03  8.4800e-03
  5444.87      1.8366  8.0900e-03  8.4600e-03
  5443.37      1.8371  8.0900e-03  8.4500e-03
  5441.87      1.8376  8.0800e-03  8.4500e-03
  5440.37      1.8381  8.0800e-03  8.4500e-03
  5438.87      1.8386  8.0800e-03  8.4600e-03
  5437.37      1.8391  8.0900e-03  8.4600e-03
  5435.87      1.8396  8.1000e-03  8.4700e-03
  5434.37      1.8401  8.1100e-03  8.4700e-03
  5432.87      1.8406  8.1300e-03  8.4800e-03
  5431.37      1.8412  8.1500e-03  8.5000e-03
  5429.87      1.8417  8.1700e-03  8.5100e-03
  5428.37      1.8422  8.2000e-03  8.5400e-03
  5426.87      1.8427  8.2300e-03  8.5800e-03
  5425.37      1.8432  8.2600e-03  8.6100e-03
  5423.87      1.8437  8.2600e-03  8.6200e-03
  5422.37      1.8442  8.2700e-03  8.6200e-03
  5420.87      1.8447  8.2600e-03  8.6100e-03
  5419.37      1.8452  8.2300e-03  8.5700e-03
  5417.87      1.8457  8.1900e-03  8.5200e-03
  5416.37      1.8463  8.1400e-03  8.4400e-03
  5414.87      1.8468  8.0900e-03  8.3600e-03
  5413.37      1.8473  8.0500e-03  8.2900e-03
  5411.87      1.8478  8.0300e-03  8.2500e-03
  5410.37      1.8483  8.0300e-03  8.2400e-03
  5408.87      1.8488  8.0500e-03  8.2500e-03
  5407.36      1.8493  8.0800e-03  8.2600e-03
  5405.86      1.8498  8.0900e-03  8.2900e-03
  5404.36      1.8504  8.1200e-03  8.3200e-03
  5402.86      1.8509  8.1400e-03  8.3400e-03
  5401.36      1.8514  8.1700e-03  8.3400e-03
  5399.86      1.8519  8.1800e-03  8.3200e-03
  5398.36      1.8524  8.1600e-03  8.2700e-03
  5396.86      1.8529  8.1300e-03  8.2200e-03
  5395.36      1.8534  8.0900e-03  8.1500e-03
  5393.86      1.8540  8.0600e-03  8.1100e-03
  5392.36      1.8545  8.0500e-03  8.0800e-03
  5390.86      1.8550  8.0400e-03  8.0700e-03
  5389.36      1.8555  8.0400e-03  8.0700e-03
  5387.86      1.8560  8.0200e-03  8.1100e-03
  5386.36      1.8565  8.0100e-03  8.1600e-03
  5384.86      1.8571  7.9900e-03  8.2000e-03
  5383.36      1.8576  7.9900e-03  8.2300e-03
  5381.86      1.8581  7.9900e-03  8.2600e-03
  5380.36      1.8586  7.9900e-03  8.2700e-03
  5378.86      1.8591  7.9700e-03  8.2700e-03
  5377.36      1.8596  7.9400e-03  8.2500e-03
  5375.86      1.8602  7.9200e-03  8.2500e-03
  5374.36      1.8607  7.9100e-03  8.2500e-03
  5372.86      1.8612  7.9100e-03  8.2600e-03
  5371.36      1.8617  7.9200e-03  8.3000e-03
  5369.86      1.8622  7.9200e-03  8.3400e-03
  5368.36      1.8628  7.9100e-03  8.4200e-03
  5366.86      1.8633  7.9100e-03  8.5000e-03
  5365.36      1.8638  7.9000e-03  8.5900e-03
  5363.86      1.8643  7.8800e-03  8.6800e-03
  5362.36      1.8648  7.8800e-03  8.7600e-03
  5360.86      1.8654  7.8600e-03  8.8300e-03
  5359.36      1.8659  7.8500e-03  8.8900e-03
  5357.86      1.8664  7.8300e-03  8.9600e-03
  5356.36      1.8669  7.8000e-03  9.0100e-03
  5354.86      1.8675  7.7700e-03  9.0200e-03
  5353.36      1.8680  7.7500e-03  9.0100e-03
  5351.86      1.8685  7.7200e-03  8.9800e-03
  5350.36      1.8690  7.7000e-03  8.9500e-03
  5348.86      1.8696  7.6700e-03  8.9100e-03
  5347.36      1.8701  7.6300e-03  8.8500e-03
  5345.86      1.8706  7.5900e-03  8.7400e-03
  5344.36      1.8711  7.5500e-03  8.6200e-03
  5342.86      1.8717  7.5400e-03  8.5000e-03
  5341.36      1.8722  7.5200e-03  8.4000e-03
  5339.86      1.8727  7.5100e-03  8.3000e-03
  5338.36      1.8732  7.4900e-03  8.1900e-03
  5336.86      1.8738  7.4700e-03  8.0800e-03
  5335.36      1.8743  7.4700e-03  7.9800e-03
  5333.86      1.8748  7.4700e-03  7.9100e-03
  5332.36      1.8753  7.4700e-03  7.8800e-03
  5330.86      1.8759  7.4700e-03  7.8700e-03
  5329.36      1.8764  7.4600e-03  7.8800e-03
  5327.86      1.8769  7.4500e-03  7.9100e-03
  5326.36      1.8775  7.4500e-03  7.9400e-03
  5324.86      1.8780  7.4600e-03  8.0000e-03
  5323.36      1.8785  7.4800e-03  8.0700e-03
  5321.86      1.8790  7.4800e-03  8.1400e-03
  5320.36      1.8796  7.4900e-03  8.2000e-03
  5318.86      1.8801  7.4900e-03  8.2500e-03
  5317.36      1.8806  7.4800e-03  8.3100e-03
  5315.86      1.8812  7.4800e-03  8.3600e-03
  5314.36      1.8817  7.4600e-03  8.4300e-03
  5312.86      1.8822  7.4300e-03  8.4900e-03
  5311.36      1.8828  7.4000e-03  8.5500e-03
  5309.86      1.8833  7.3500e-03  8.6100e-03
  5308.36      1.8838  7.2800e-03  8.6800e-03
  5306.86      1.8844  7.2400e-03  8.7200e-03
  5305.36      1.8849  7.2000e-03  8.7600e-03
  5303.86      1.8854  7.1800e-03  8.7900e-03
  5302.36      1.8860  7.1700e-03  8.8000e-03
  5300.86      1.8865  7.1600e-03  8.8100e-03
  5299.36      1.8870  7.1700e-03  8.8200e-03
  5297.86      1.8876  7.2000e-03  8.8300e-03
  5296.36      1.8881  7.2500e-03  8.8400e-03
  5294.86      1.8886  7.3200e-03  8.8400e-03
  5293.36      1.8892  7.3900e-03  8.8400e-03
  5291.86      1.8897  7.4500e-03  8.8400e-03
  5290.36      1.8902  7.5100e-03  8.8300e-03
  5288.86      1.8908  7.5800e-03  8.8200e-03
  5287.36      1.8913  7.6400e-03  8.8000e-03
  5285.86      1.8918  7.6900e-03  8.7700e-03
  5284.36      1.8924  7.7200e-03  8.7500e-03
  5282.86      1.8929  7.7500e-03  8.7400e-03
  5281.36      1.8935  7.7800e-03  8.7400e-03
  5279.86      1.8940  7.8200e-03  8.7600e-03
  5278.36      1.8945  7.8700e-03  8.7900e-03
  5276.86      1.8951  7.9200e-03  8.8300e-03
  5275.35      1.8956  7.9800e-03  8.8900e-03
  5273.85      1.8961  8.0400e-03  8.9500e-03
  5272.35      1.8967  8.0900e-03  8.9800e-03
  5270.85      1.8972  8.1500e-03  9.0100e-03
  5269.35      1.8978  8.2100e-03  9.0300e-03
  5267.85      1.8983  8.2400e-03  9.0300e-03
  5266.35      1.8988  8.2800e-03  9.0400e-03
  5264.85      1.8994  8.2800e-03  9.0300e-03
  5263.35      1.8999  8.2900e-03  9.0200e-03
  5261.85      1.9005  8.2900e-03  9.0200e-03
  5260.35      1.9010  8.2900e-03  9.0300e-03
  5258.85      1.9016  8.2900e-03  9.0600e-03
  5257.35      1.9021  8.2800e-03  9.0700e-03
  5255.85      1.9026  8.2600e-03  9.0700e-03
  5254.35      1.9032  8.2500e-03  9.0600e-03
  5252.85      1.9037  8.2200e-03  9.0200e-03
  5251.35      1.9043  8.2100e-03  8.9700e-03
  5249.85      1.9048  8.2000e-03  8.9200e-03
  5248.35      1.9054  8.1900e-03  8.8400e-03
  5246.85      1.9059  8.1700e-03  8.7700e-03
  5245.35      1.9064  8.1700e-03  8.7100e-03
  5243.85      1.9070  8.2000e-03  8.6800e-03
  5242.35      1.9075  8.2400e-03  8.6700e-03
  5240.85      1.9081  8.3000e-03  8.6900e-03
  5239.35      1.9086  8.3600e-03  8.7100e-03
  5237.85      1.9092  8.4200e-03  8.7500e-03
  5236.35      1.9097  8.4800e-03  8.7700e-03
  5234.85      1.9103  8.5300e-03  8.7900e-03
  5233.35      1.9108  8.5700e-03  8.8000e-03
  5231.85      1.9114  8.6000e-03  8.7900e-03
  5230.35      1.9119  8.6100e-03  8.7600e-03
  5228.85      1.9125  8.5900e-03  8.7200e-03
  5227.35      1.9130  8.5600e-03  8.6700e-03
  5225.85      1.9136  8.5200e-03  8.6300e-03
  5224.35      1.9141  8.4700e-03  8.5900e-03
  5222.85      1.9147  8.4300e-03  8.5800e-03
  5221.35      1.9152  8.4200e-03  8.5900e-03
  5219.85      1.9158  8.4000e-03  8.6200e-03
  5218.35      1.9163  8.3800e-03  8.6500e-03
  5216.85      1.9169  8.3800e-03  8.6800e-03
  5215.35      1.9174  8.3700e-03  8.7200e-03
  5213.85      1.9180  8.3800e-03  8.7600e-03
  5212.35      1.9185  8.4100e-03  8.7900e-03
  5210.85      1.9191  8.4300e-03  8.8200e-03
  5209.35      1.9196  8.4500e-03  8.8100e-03
  5207.85      1.9202  8.4600e-03  8.7900e-03
  5206.35      1.9207  8.4800e-03  8.7500e-03
  5204.85      1.9213  8.4900e-03  8.7300e-03
  5203.35      1.9218  8.5100e-03  8.7300e-03
  5201.85      1.9224  8.5400e-03  8.7400e-03
  5200.35      1.9229  8.5600e-03  8.7500e-03
  5198.85      1.9235  8.5900e-03  8.7700e-03
  5197.35      1.9241  8.6100e-03  8.8200e-03
  5195.85      1.9246  8.6300e-03  8.8700e-03
  5194.35      1.9252  8.6400e-03  8.9300e-03
  5192.85      1.9257  8.6600e-03  8.9900e-03
  5191.35      1.9263  8.6600e-03  9.0300e-03
  5189.85      1.9268  8.6600e-03  9.0600e-03
  5188.35      1.9274  8.6500e-03  9.0800e-03
  5186.85      1.9280  8.6400e-03  9.0800e-03
  5185.35      1.9285  8.6300e-03  9.0900e-03
  5183.85      1.9291  8.6200e-03  9.0900e-03
  5182.35      1.9296  8.6000e-03  9.1000e-03
  5180.85      1.9302  8.5900e-03  9.1100e-03
  5179.35      1.9307  8.5700e-03  9.1100e-03
  5177.85      1.9313  8.5600e-03  9.1100e-03
  5176.35      1.9319  8.5600e-03  9.1200e-03
  5174.85      1.9324  8.5500e-03  9.1300e-03
  5173.35      1.9330  8.5300e-03  9.1400e-03
  5171.85      1.9335  8.5100e-03  9.1700e-03
  5170.35      1.9341  8.4900e-03  9.2000e-03
  5168.85      1.9347  8.4700e-03  9.2400e-03
  5167.35      1.9352  8.4700e-03  9.2700e-03
  5165.85      1.9358  8.4500e-03  9.3200e-03
  5164.35      1.9364  8.4500e-03  9.3800e-03
  5162.85      1.9369  8.4500e-03  9.4200e-03
  5161.35      1.9375  8.4700e-03  9.4500e-03
  5159.85      1.9380  8.5100e-03  9.4600e-03
  5158.35      1.9386  8.5600e-03  9.4400e-03
  5156.85      1.9392  8.6100e-03  9.3900e-03
  5155.35      1.9397  8.6700e-03  9.3300e-03
  5153.85      1.9403  8.7200e-03  9.2400e-03
  5152.35      1.9409  8.7700e-03  9.1600e-03
  5150.85      1.9414  8.8000e-03  9.0700e-03
  5149.35      1.9420  8.8200e-03  8.9900e-03
  5147.85      1.9426  8.8300e-03  8.9200e-03
  5146.35      1.9431  8.8200e-03  8.8800e-03
  5144.85      1.9437  8.7900e-03  8.8600e-03
  5143.35      1.9443  8.7600e-03  8.8700e-03
  5141.85      1.9448  8.7200e-03  8.9000e-03
  5140.35      1.9454  8.6900e-03  8.9400e-03
  5138.84      1.9460  8.6600e-03  8.9900e-03
  5137.34      1.9465  8.6400e-03  9.0400e-03
  5135.84      1.9471  8.6300e-03  9.0900e-03
  5134.34      1.9477  8.6200e-03  9.1400e-03
  5132.84      1.9482  8.6100e-03  9.1800e-03
  5131.34      1.9488  8.6100e-03  9.2200e-03
  5129.84      1.9494  8.6200e-03  9.2400e-03
  5128.34      1.9499  8.6300e-03  9.2400e-03
  5126.84      1.9505  8.6300e-03  9.2400e-03
  5125.34      1.9511  8.6200e-03  9.2200e-03
  5123.84      1.9517  8.6000e-03  9.2000e-03
  5122.34      1.9522  8.5900e-03  9.1800e-03
  5120.84      1.9528  8.5700e-03  9.1500e-03
  5119.34      1.9534  8.5700e-03  9.1200e-03
  5117.84      1.9539  8.5500e-03  9.0900e-03
  5116.34      1.9545  8.5400e-03  9.0700e-03
  5114.84      1.9551  8.5200e-03  9.0400e-03
  5113.34      1.9557  8.5200e-03  9.0100e-03
  5111.84      1.9562  8.5300e-03  8.9800e-03
  5110.34      1.9568  8.5300e-03  8.9500e-03
  5108.84      1.9574  8.5500e-03  8.9100e-03
  5107.34      1.9580  8.5600e-03  8.8800e-03
  5105.84      1.9585  8.5600e-03  8.8500e-03
  5104.34      1.9591  8.5700e-03  8.8100e-03
  5102.84      1.9597  8.5700e-03  8.7900e-03
  5101.34      1.9603  8.5800e-03  8.7700e-03
  5099.84      1.9608  8.5800e-03  8.7600e-03
  5098.34      1.9614  8.5600e-03  8.7600e-03
  5096.84      1.9620  8.5300e-03  8.7500e-03
  5095.34      1.9626  8.5200e-03  8.7500e-03
  5093.84      1.9632  8.5200e-03  8.7300e-03
  5092.34      1.9637  8.5200e-03  8.7200e-03
  5090.84      1.9643  8.5200e-03  8.6900e-03
  5089.34      1.9649  8.5100e-03  8.6600e-03
  5087.84      1.9655  8.5100e-03  8.6100e-03
  5086.34      1.9660  8.5100e-03  8.5600e-03
  5084.84      1.9666  8.5300e-03  8.5000e-03
  5083.34      1.9672  8.5400e-03  8.4400e-03
  5081.84      1.9678  8.5400e-03  8.3900e-03
  5080.34      1.9684  8.5300e-03  8.3400e-03
  5078.84      1.9690  8.5200e-03  8.3100e-03
  5077.34      1.9695  8.5000e-03  8.2900e-03
  5075.84      1.9701  8.5000e-03  8.2900e-03
  5074.34      1.9707  8.4900e-03  8.3000e-03
  5072.84      1.9713  8.4800e-03  8.3200e-03
  5071.34      1.9719  8.4800e-03  8.3400e-03
  5069.84      1.9724  8.4800e-03  8.3700e-03
  5068.34      1.9730  8.4800e-03  8.3900e-03
  5066.84      1.9736  8.4900e-03  8.4200e-03
  5065.34      1.9742  8.5000e-03  8.4500e-03
  5063.84      1.9748  8.5000e-03  8.4800e-03
  5062.34      1.9754  8.5100e-03  8.4900e-03
  5060.84      1.9760  8.5000e-03  8.4900e-03
  5059.34      1.9765  8.4900e-03  8.4900e-03
  5057.84      1.9771  8.4800e-03  8.4800e-03
  5056.34      1.9777  8.4500e-03  8.4700e-03
  5054.84      1.9783  8.4400e-03  8.4500e-03
  5053.34      1.9789  8.4100e-03  8.4100e-03
  5051.84      1.9795  8.4000e-03  8.3600e-03
  5050.34      1.9801  8.3700e-03  8.3200e-03
  5048.84      1.9807  8.3400e-03  8.2800e-03
  5047.34      1.9812  8.3100e-03  8.2400e-03
  5045.84      1.9818  8.2700e-03  8.2200e-03
  5044.34      1.9824  8.2200e-03  8.1900e-03
  5042.84      1.9830  8.1600e-03  8.1600e-03
  5041.34      1.9836  8.1000e-03  8.1300e-03
  5039.84      1.9842  8.0300e-03  8.1000e-03
  5038.34      1.9848  7.9600e-03  8.0600e-03
  5036.84      1.9854  7.8900e-03  8.0200e-03
  5035.34      1.9860  7.8400e-03  7.9800e-03
  5033.84      1.9866  7.7800e-03  7.9300e-03
  5032.34      1.9871  7.7600e-03  7.8700e-03
  5030.84      1.9877  7.7300e-03  7.8400e-03
  5029.34      1.9883  7.7200e-03  7.8100e-03
  5027.84      1.9889  7.7200e-03  7.7900e-03
  5026.34      1.9895  7.7200e-03  7.7700e-03
  5024.84      1.9901  7.7200e-03  7.7700e-03
  5023.34      1.9907  7.7200e-03  7.7700e-03
  5021.84      1.9913  7.7100e-03  7.7800e-03
  5020.34      1.9919  7.6900e-03  7.8000e-03
  5018.84      1.9925  7.6600e-03  7.8300e-03
  5017.34      1.9931  7.6400e-03  7.8600e-03
  5015.84      1.9937  7.6100e-03  7.9000e-03
  5014.34      1.9943  7.5900e-03  7.9400e-03
  5012.84      1.9949  7.5600e-03  7.9900e-03
  5011.34      1.9955  7.5400e-03  8.0500e-03
  5009.84      1.9961  7.5300e-03  8.0900e-03
  5008.34      1.9967  7.5300e-03  8.1000e-03
  5006.83      1.9973  7.5500e-03  8.1100e-03
  5005.33      1.9979  7.5600e-03  8.1000e-03
  5003.83      1.9985  7.5800e-03  8.0700e-03
  5002.33      1.9991  7.6000e-03  8.0200e-03
  5000.83      1.9997  7.6000e-03  7.9600e-03
  4999.33      2.0003  7.6200e-03  7.8800e-03
  4997.83      2.0009  7.6200e-03  7.8200e-03
  4996.33      2.0015  7.6200e-03  7.7500e-03
  4994.83      2.0021  7.6200e-03  7.7000e-03
  4993.33      2.0027  7.6000e-03  7.6700e-03
  4991.83      2.0033  7.5900e-03  7.6500e-03
  4990.33      2.0039  7.5700e-03  7.6500e-03
  4988.83      2.0045  7.5500e-03  7.6500e-03
  4987.33      2.0051  7.5300e-03  7.6600e-03
  4985.83      2.0057  7.5100e-03  7.6700e-03
  4984.33      2.0063  7.5000e-03  7.6800e-03
  4982.83      2.0069  7.4700e-03  7.6800e-03
  4981.33      2.0075  7.4700e-03  7.6800e-03
  4979.83      2.0081  7.4400e-03  7.6500e-03
  4978.33      2.0087  7.4200e-03  7.6300e-03
  4976.83      2.0093  7.3900e-03  7.6000e-03
  4975.33      2.0099  7.3500e-03  7.5800e-03
  4973.83      2.0105  7.3100e-03  7.5500e-03
  4972.33      2.0111  7.2800e-03  7.5300e-03
  4970.83      2.0117  7.2300e-03  7.5100e-03
  4969.33      2.0123  7.2000e-03  7.4900e-03
  4967.83      2.0130  7.1500e-03  7.4800e-03
  4966.33      2.0136  7.1100e-03  7.4900e-03
  4964.83      2.0142  7.0800e-03  7.4900e-03
  4963.33      2.0148  7.0800e-03  7.4900e-03
  4961.83      2.0154  7.0900e-03  7.5000e-03
  4960.33      2.0160  7.1000e-03  7.4900e-03
  4958.83      2.0166  7.1200e-03  7.4900e-03
  4957.33      2.0172  7.1400e-03  7.4800e-03
  4955.83      2.0178  7.1800e-03  7.4600e-03
  4954.33      2.0184  7.2200e-03  7.4500e-03
  4952.83      2.0190  7.2600e-03  7.4200e-03
  4951.33      2.0197  7.2800e-03  7.4100e-03
  4949.83      2.0203  7.2800e-03  7.3900e-03
  4948.33      2.0209  7.2700e-03  7.3700e-03
  4946.83      2.0215  7.2700e-03  7.3500e-03
  4945.33      2.0221  7.2400e-03  7.3300e-03
  4943.83      2.0227  7.2100e-03  7.3200e-03
  4942.33      2.0233  7.1800e-03  7.3100e-03
  4940.83      2.0240  7.1400e-03  7.3000e-03
  4939.33      2.0246  7.1200e-03  7.2900e-03
  4937.83      2.0252  7.1000e-03  7.2800e-03
  4936.33      2.0258  7.1000e-03  7.2700e-03
  4934.83      2.0264  7.1000e-03  7.2900e-03
  4933.33      2.0270  7.1100e-03  7.3000e-03
  4931.83      2.0276  7.1100e-03  7.3300e-03
  4930.33      2.0283  7.1200e-03  7.3700e-03
  4928.83      2.0289  7.1200e-03  7.4000e-03
  4927.33      2.0295  7.1200e-03  7.4200e-03
  4925.83      2.0301  7.1200e-03  7.4500e-03
  4924.33      2.0307  7.1200e-03  7.4600e-03
  4922.83      2.0314  7.1100e-03  7.4600e-03
  4921.33      2.0320  7.0900e-03  7.4400e-03
  4919.83      2.0326  7.0900e-03  7.4000e-03
  4918.33      2.0332  7.0700e-03  7.3400e-03
  4916.83      2.0338  7.0600e-03  7.2800e-03
  4915.33      2.0345  7.0500e-03  7.2200e-03
  4913.83      2.0351  7.0300e-03  7.1700e-03
  4912.33      2.0357  7.0100e-03  7.1000e-03
  4910.83      2.0363  6.9800e-03  7.0400e-03
  4909.33      2.0369  6.9400e-03  7.0100e-03
  4907.83      2.0376  6.8900e-03  6.9800e-03
  4906.33      2.0382  6.8400e-03  6.9600e-03
  4904.83      2.0388  6.7800e-03  6.9600e-03
  4903.33      2.0394  6.7300e-03  6.9600e-03
  4901.83      2.0401  6.6900e-03  6.9500e-03
  4900.33      2.0407  6.6600e-03  6.9500e-03
  4898.83      2.0413  6.6300e-03  6.9300e-03
  4897.33      2.0419  6.6300e-03  6.9200e-03
  4895.83      2.0426  6.6400e-03  6.8900e-03
  4894.33      2.0432  6.6600e-03  6.8600e-03
  4892.83      2.0438  6.6700e-03  6.8300e-03
  4891.33      2.0444  6.6900e-03  6.7900e-03
  4889.83      2.0451  6.7000e-03  6.7500e-03
  4888.33      2.0457  6.7000e-03  6.7300e-03
  4886.83      2.0463  6.7000e-03  6.7200e-03
  4885.33      2.0469  6.6700e-03  6.7200e-03
  4883.83      2.0476  6.6400e-03  6.7300e-03
  4882.33      2.0482  6.6100e-03  6.7500e-03
  4880.83      2.0488  6.5700e-03  6.7600e-03
  4879.33      2.0495  6.5400e-03  6.7700e-03
  4877.83      2.0501  6.5100e-03  6.7900e-03
  4876.33      2.0507  6.4700e-03  6.8000e-03
  4874.83      2.0514  6.4500e-03  6.8100e-03
  4873.33      2.0520  6.4200e-03  6.8000e-03
  4871.83      2.0526  6.4200e-03  6.7700e-03
  4870.32      2.0533  6.4200e-03  6.7400e-03
  4868.82      2.0539  6.4200e-03  6.7200e-03
  4867.32      2.0545  6.4300e-03  6.7000e-03
  4865.82      2.0552  6.4400e-03  6.6900e-03
  4864.32      2.0558  6.4500e-03  6.6900e-03
  4862.82      2.0564  6.4500e-03  6.6900e-03
  4861.32      2.0571  6.4700e-03  6.7100e-03
  4859.82      2.0577  6.4900e-03  6.7300e-03
  4858.32      2.0583  6.5200e-03  6.7700e-03
  4856.82      2.0590  6.5400e-03  6.8100e-03
  4855.32      2.0596  6.5500e-03  6.8400e-03
  4853.82      2.0602  6.5600e-03  6.8700e-03
  4852.32      2.0609  6.5700e-03  6.9000e-03
  4850.82      2.0615  6.5700e-03  6.9200e-03
  4849.32      2.0621  6.5700e-03  6.9300e-03
  4847.82      2.0628  6.5800e-03  6.9200e-03
  4846.32      2.0634  6.5800e-03  6.9100e-03
  4844.82      2.0641  6.5800e-03  6.8900e-03
  4843.32      2.0647  6.5900e-03  6.8600e-03
  4841.82      2.0653  6.5900e-03  6.8300e-03
  4840.32      2.0660  6.6000e-03  6.7800e-03
  4838.82      2.0666  6.6000e-03  6.7400e-03
  4837.32      2.0673  6.6100e-03  6.7100e-03
  4835.82      2.0679  6.6100e-03  6.6700e-03
  4834.32      2.0685  6.6100e-03  6.6400e-03
  4832.82      2.0692  6.6200e-03  6.6200e-03
  4831.32      2.0698  6.6200e-03  6.6000e-03
  4829.82      2.0705  6.6200e-03  6.5900e-03
  4828.32      2.0711  6.6300e-03  6.5900e-03
  4826.82      2.0718  6.6300e-03  6.6000e-03
  4825.32      2.0724  6.6400e-03  6.6100e-03
  4823.82      2.0730  6.6400e-03  6.6100e-03
  4822.32      2.0737  6.6400e-03  6.6100e-03
  4820.82      2.0743  6.6400e-03  6.6200e-03
  4819.32      2.0750  6.6400e-03  6.6200e-03
  4817.82      2.0756  6.6400e-03  6.6200e-03
  4816.32      2.0763  6.6200e-03  6.6100e-03
  4814.82      2.0769  6.6100e-03  6.6000e-03
  4813.32      2.0776  6.5900e-03  6.6000e-03
  4811.82      2.0782  6.5800e-03  6.6000e-03
  4810.32      2.0789  6.5700e-03  6.6100e-03
  4808.82      2.0795  6.5700e-03  6.6200e-03
  4807.32      2.0802  6.5600e-03  6.6300e-03
  4805.82      2.0808  6.5500e-03  6.6400e-03
  4804.32      2.0815  6.5400e-03  6.6500e-03
  4802.82      2.0821  6.5300e-03  6.6600e-03
  4801.32      2.0828  6.5200e-03  6.6600e-03
  4799.82      2.0834  6.5000e-03  6.6500e-03
  4798.32      2.0841  6.4900e-03  6.6400e-03
  4796.82      2.0847  6.4700e-03  6.6300e-03
  4795.32      2.0854  6.4600e-03  6.6200e-03
  4793.82      2.0860  6.4400e-03  6.6100e-03
  4792.32      2.0867  6.4200e-03  6.6100e-03
  4790.82      2.0873  6.4000e-03  6.6000e-03
  4789.32      2.0880  6.3900e-03  6.6000e-03
  4787.82      2.0886  6.3900e-03  6.6000e-03
  4786.32      2.0893  6.3900e-03  6.5900e-03
  4784.82      2.0899  6.3900e-03  6.5900e-03
  4783.32      2.0906  6.3800e-03  6.5800e-03
  4781.82      2.0913  6.3800e-03  6.5800e-03
  4780.32      2.0919  6.3900e-03  6.5900e-03
  4778.82      2.0926  6.4000e-03  6.6000e-03
  4777.32      2.0932  6.4200e-03  6.6100e-03
  4775.82      2.0939  6.4200e-03  6.6400e-03
  4774.32      2.0945  6.4400e-03  6.6600e-03
  4772.82      2.0952  6.4500e-03  6.7000e-03
  4771.32      2.0959  6.4500e-03  6.7500e-03
  4769.82      2.0965  6.4600e-03  6.7900e-03
  4768.32      2.0972  6.4600e-03  6.8100e-03
  4766.82      2.0978  6.4700e-03  6.8400e-03
  4765.32      2.0985  6.4700e-03  6.8500e-03
  4763.82      2.0992  6.4700e-03  6.8600e-03
  4762.32      2.0998  6.4900e-03  6.8600e-03
  4760.82      2.1005  6.5000e-03  6.8400e-03
  4759.32      2.1011  6.5300e-03  6.8200e-03
  4757.82      2.1018  6.5700e-03  6.8100e-03
  4756.32      2.1025  6.6100e-03  6.7900e-03
  4754.82      2.1031  6.6300e-03  6.7800e-03
  4753.32      2.1038  6.6400e-03  6.7600e-03
  4751.82      2.1045  6.6500e-03  6.7500e-03
  4750.32      2.1051  6.6400e-03  6.7400e-03
  4748.82      2.1058  6.6100e-03  6.7400e-03
  4747.32      2.1065  6.5800e-03  6.7400e-03
  4745.82      2.1071  6.5200e-03  6.7300e-03
  4744.32      2.1078  6.4700e-03  6.7300e-03
  4742.82      2.1085  6.4100e-03  6.7200e-03
  4741.32      2.1091  6.3600e-03  6.7100e-03
  4739.82      2.1098  6.3200e-03  6.7000e-03
  4738.31      2.1105  6.3100e-03  6.6800e-03
  4736.81      2.1111  6.3000e-03  6.6500e-03
  4735.31      2.1118  6.2900e-03  6.6000e-03
  4733.81      2.1125  6.2900e-03  6.5600e-03
  4732.31      2.1131  6.2900e-03  6.4900e-03
  4730.81      2.1138  6.2900e-03  6.4300e-03
  4729.31      2.1145  6.2800e-03  6.3700e-03
  4727.81      2.1151  6.2800e-03  6.3000e-03
  4726.31      2.1158  6.2600e-03  6.2400e-03
  4724.81      2.1165  6.2400e-03  6.1700e-03
  4723.31      2.1172  6.2100e-03  6.1100e-03
  4721.81      2.1178  6.1800e-03  6.0600e-03
  4720.31      2.1185  6.1500e-03  6.0300e-03
  4718.81      2.1192  6.1100e-03  5.9900e-03
  4717.31      2.1199  6.0800e-03  5.9600e-03
  4715.81      2.1205  6.0400e-03  5.9200e-03
  4714.31      2.1212  6.0100e-03  5.9100e-03
  4712.81      2.1219  5.9700e-03  5.9000e-03
  4711.31      2.1226  5.9400e-03  5.9000e-03
  4709.81      2.1232  5.9100e-03  5.8900e-03
  4708.31      2.1239  5.8800e-03  5.9100e-03
  4706.81      2.1246  5.8700e-03  5.9200e-03
  4705.31      2.1253  5.8500e-03  5.9400e-03
  4703.81      2.1259  5.8500e-03  5.9600e-03
  4702.31      2.1266  5.8400e-03  5.9700e-03
  4700.81      2.1273  5.8400e-03  5.9800e-03
  4699.31      2.1280  5.8500e-03  5.9900e-03
  4697.81      2.1287  5.8600e-03  5.9900e-03
  4696.31      2.1293  5.8600e-03  5.9900e-03
  4694.81      2.1300  5.8600e-03  5.9700e-03
  4693.31      2.1307  5.8500e-03  5.9600e-03
  4691.81      2.1314  5.8400e-03  5.9300e-03
  4690.31      2.1321  5.8300e-03  5.9000e-03
  4688.81      2.1327  5.7900e-03  5.8600e-03
  4687.31      2.1334  5.7600e-03  5.8300e-03
  4685.81      2.1341  5.7200e-03  5.8000e-03
  4684.31      2.1348  5.6900e-03  5.7700e-03
  4682.81      2.1355  5.6500e-03  5.7200e-03
  4681.31      2.1362  5.6100e-03  5.6800e-03
  4679.81      2.1368  5.5800e-03  5.6500e-03
  4678.31      2.1375  5.5500e-03  5.6300e-03
  4676.81      2.1382  5.5200e-03  5.6200e-03
  4675.31      2.1389  5.5100e-03  5.6000e-03
  4673.81      2.1396  5.5100e-03  5.6000e-03
  4672.31      2.1403  5.5200e-03  5.6000e-03
  4670.81      2.1410  5.5300e-03  5.6100e-03
  4669.31      2.1416  5.5500e-03  5.6400e-03
  4667.81      2.1423  5.5500e-03  5.6700e-03
  4666.31      2.1430  5.5600e-03  5.7000e-03
  4664.81      2.1437  5.5700e-03  5.7100e-03
  4663.31      2.1444  5.5700e-03  5.7200e-03
  4661.81      2.1451  5.5700e-03  5.7100e-03
  4660.31      2.1458  5.5600e-03  5.7000e-03
  4658.81      2.1465  5.5300e-03  5.6800e-03
  4657.31      2.1472  5.5100e-03  5.6500e-03
  4655.81      2.1479  5.4900e-03  5.6100e-03
  4654.31      2.1485  5.4700e-03  5.5600e-03
  4652.81      2.1492  5.4600e-03  5.5200e-03
  4651.31      2.1499  5.4400e-03  5.4800e-03
  4649.81      2.1506  5.4200e-03  5.4500e-03
  4648.31      2.1513  5.3900e-03  5.4200e-03
  4646.81      2.1520  5.3700e-03  5.4000e-03
  4645.31      2.1527  5.3500e-03  5.3800e-03
  4643.81      2.1534  5.3400e-03  5.3500e-03
  4642.31      2.1541  5.3200e-03  5.3400e-03
  4640.81      2.1548  5.2900e-03  5.3200e-03
  4639.31      2.1555  5.2600e-03  5.3100e-03
  4637.81      2.1562  5.2300e-03  5.3000e-03
  4636.31      2.1569  5.2000e-03  5.3000e-03
  4634.81      2.1576  5.1600e-03  5.3000e-03
  4633.31      2.1583  5.1500e-03  5.3100e-03
  4631.81      2.1590  5.1200e-03  5.3200e-03
  4630.31      2.1597  5.1100e-03  5.3300e-03
  4628.81      2.1604  5.0900e-03  5.3500e-03
  4627.31      2.1611  5.0900e-03  5.3700e-03
  4625.81      2.1618  5.0900e-03  5.3800e-03
  4624.31      2.1625  5.1000e-03  5.3900e-03
  4622.81      2.1632  5.1100e-03  5.3900e-03
  4621.31      2.1639  5.1100e-03  5.3900e-03
  4619.81      2.1646  5.1100e-03  5.3800e-03
  4618.31      2.1653  5.1000e-03  5.3600e-03
  4616.81      2.1660  5.1000e-03  5.3500e-03
  4615.31      2.1667  5.1000e-03  5.3300e-03
  4613.81      2.1674  5.1000e-03  5.3200e-03
  4612.31      2.1681  5.1000e-03  5.2900e-03
  4610.81      2.1688  5.1100e-03  5.2700e-03
  4609.31      2.1695  5.1100e-03  5.2700e-03
  4607.81      2.1702  5.1400e-03  5.2500e-03
  4606.31      2.1709  5.1600e-03  5.2500e-03
  4604.81      2.1716  5.1900e-03  5.2400e-03
  4603.31      2.1724  5.2000e-03  5.2400e-03
  4601.80      2.1731  5.2200e-03  5.2500e-03
  4600.30      2.1738  5.2300e-03  5.2600e-03
  4598.80      2.1745  5.2300e-03  5.2700e-03
  4597.30      2.1752  5.2300e-03  5.2800e-03
  4595.80      2.1759  5.2200e-03  5.2900e-03
  4594.30      2.1766  5.2000e-03  5.3000e-03
  4592.80      2.1773  5.1800e-03  5.3200e-03
  4591.30      2.1780  5.1500e-03  5.3400e-03
  4589.80      2.1787  5.1400e-03  5.3600e-03
  4588.30      2.1795  5.1200e-03  5.3800e-03
  4586.80      2.1802  5.1000e-03  5.4100e-03
  4585.30      2.1809  5.1000e-03  5.4200e-03
  4583.80      2.1816  5.0900e-03  5.4200e-03
  4582.30      2.1823  5.0800e-03  5.4200e-03
  4580.80      2.1830  5.0800e-03  5.4000e-03
  4579.30      2.1837  5.0700e-03  5.3700e-03
  4577.80      2.1845  5.0800e-03  5.3400e-03
  4576.30      2.1852  5.0800e-03  5.3000e-03
  4574.80      2.1859  5.0800e-03  5.2600e-03
  4573.30      2.1866  5.0800e-03  5.2200e-03
  4571.80      2.1873  5.0900e-03  5.1900e-03
  4570.30      2.1880  5.0900e-03  5.1600e-03
  4568.80      2.1888  5.1000e-03  5.1500e-03
  4567.30      2.1895  5.1100e-03  5.1400e-03
  4565.80      2.1902  5.1100e-03  5.1500e-03
  4564.30      2.1909  5.1200e-03  5.1700e-03
  4562.80      2.1916  5.1300e-03  5.2000e-03
  4561.30      2.1924  5.1300e-03  5.2300e-03
  4559.80      2.1931  5.1400e-03  5.2700e-03
  4558.30      2.1938  5.1400e-03  5.3100e-03
  4556.80      2.1945  5.1500e-03  5.3400e-03
  4555.30      2.1952  5.1600e-03  5.3700e-03
  4553.80      2.1960  5.1700e-03  5.3900e-03
  4552.30      2.1967  5.1700e-03  5.4000e-03
  4550.80      2.1974  5.1800e-03  5.4000e-03
  4549.30      2.1981  5.1800e-03  5.3900e-03
  4547.80      2.1989  5.1900e-03  5.3800e-03
  4546.30      2.1996  5.2000e-03  5.3700e-03
  4544.80      2.2003  5.2000e-03  5.3700e-03
  4543.30      2.2010  5.2100e-03  5.3700e-03
  4541.80      2.2018  5.2100e-03  5.3700e-03
  4540.30      2.2025  5.2300e-03  5.3800e-03
  4538.80      2.2032  5.2300e-03  5.3800e-03
  4537.30      2.2040  5.2500e-03  5.3900e-03
  4535.80      2.2047  5.2600e-03  5.3900e-03
  4534.30      2.2054  5.2700e-03  5.3900e-03
  4532.80      2.2061  5.2800e-03  5.3800e-03
  4531.30      2.2069  5.2900e-03  5.3700e-03
  4529.80      2.2076  5.2900e-03  5.3600e-03
  4528.30      2.2083  5.2900e-03  5.3600e-03
  4526.80      2.2091  5.2800e-03  5.3700e-03
  4525.30      2.2098  5.2700e-03  5.3700e-03
  4523.80      2.2105  5.2500e-03  5.3700e-03
  4522.30      2.2113  5.2200e-03  5.3700e-03
  4520.80      2.2120  5.2100e-03  5.3800e-03
  4519.30      2.2127  5.1800e-03  5.3900e-03
  4517.80      2.2135  5.1600e-03  5.4000e-03
  4516.30      2.2142  5.1200e-03  5.4100e-03
  4514.80      2.2149  5.0800e-03  5.4200e-03
  4513.30      2.2157  5.0400e-03  5.4200e-03
  4511.80      2.2164  5.0000e-03  5.4300e-03
  4510.30      2.2171  4.9600e-03  5.4300e-03
  4508.80      2.2179  4.9300e-03  5.4200e-03
  4507.30      2.2186  4.9000e-03  5.4100e-03
  4505.80      2.2194  4.8800e-03  5.3900e-03
  4504.30      2.2201  4.8800e-03  5.3700e-03
  4502.80      2.2208  4.8900e-03  5.3400e-03
  4501.30      2.2216  4.9000e-03  5.3200e-03
  4499.80      2.2223  4.9400e-03  5.2900e-03
  4498.30      2.2231  4.9900e-03  5.2800e-03
  4496.80      2.2238  5.0300e-03  5.2600e-03
  4495.30      2.2245  5.0700e-03  5.2600e-03
  4493.80      2.2253  5.0900e-03  5.2500e-03
  4492.30      2.2260  5.1200e-03  5.2400e-03
  4490.80      2.2268  5.1200e-03  5.2400e-03
  4489.30      2.2275  5.1200e-03  5.2300e-03
  4487.80      2.2283  5.1100e-03  5.2200e-03
  4486.30      2.2290  5.0800e-03  5.1900e-03
  4484.80      2.2298  5.0700e-03  5.1700e-03
  4483.30      2.2305  5.0500e-03  5.1400e-03
  4481.80      2.2312  5.0300e-03  5.1100e-03
  4480.30      2.2320  5.0300e-03  5.1000e-03
  4478.80      2.2327  5.0300e-03  5.0800e-03
  4477.30      2.2335  5.0300e-03  5.0700e-03
  4475.80      2.2342  5.0300e-03  5.0700e-03
  4474.30      2.2350  5.0400e-03  5.0700e-03
  4472.80      2.2357  5.0500e-03  5.0900e-03
  4471.30      2.2365  5.0600e-03  5.1000e-03
  4469.79      2.2372  5.0700e-03  5.1100e-03
  4468.29      2.2380  5.0700e-03  5.1100e-03
  4466.79      2.2387  5.0800e-03  5.1100e-03
  4465.29      2.2395  5.0900e-03  5.1200e-03
  4463.79      2.2402  5.0900e-03  5.1200e-03
  4462.29      2.2410  5.1000e-03  5.1200e-03
  4460.79      2.2418  5.1000e-03  5.1100e-03
  4459.29      2.2425  5.1000e-03  5.1100e-03
  4457.79      2.2433  5.1000e-03  5.1000e-03
  4456.29      2.2440  5.0900e-03  5.1000e-03
  4454.79      2.2448  5.0800e-03  5.1100e-03
  4453.29      2.2455  5.0700e-03  5.1200e-03
  4451.79      2.2463  5.0500e-03  5.1200e-03
  4450.29      2.2470  5.0400e-03  5.1200e-03
  4448.79      2.2478  5.0200e-03  5.1200e-03
  4447.29      2.2486  5.0000e-03  5.1200e-03
  4445.79      2.2493  4.9800e-03  5.1200e-03
  4444.29      2.2501  4.9700e-03  5.1200e-03
  4442.79      2.2508  4.9600e-03  5.1200e-03
  4441.29      2.2516  4.9600e-03  5.1200e-03
  4439.79      2.2524  4.9600e-03  5.1200e-03
  4438.29      2.2531  4.9600e-03  5.1200e-03
  4436.79      2.2539  4.9600e-03  5.1200e-03
  4435.29      2.2546  4.9700e-03  5.1300e-03
  4433.79      2.2554  4.9800e-03  5.1400e-03
  4432.29      2.2562  4.9900e-03  5.1500e-03
  4430.79      2.2569  5.0000e-03  5.1500e-03
  4429.29      2.2577  5.0100e-03  5.1600e-03
  4427.79      2.2585  5.0100e-03  5.1800e-03
  4426.29      2.2592  5.0100e-03  5.1800e-03
  4424.79      2.2600  5.0000e-03  5.1900e-03
  4423.29      2.2608  5.0000e-03  5.2000e-03
  4421.79      2.2615  4.9900e-03  5.2200e-03
  4420.29      2.2623  4.9800e-03  5.2300e-03
  4418.79      2.2631  4.9700e-03  5.2400e-03
  4417.29      2.2638  4.9700e-03  5.2400e-03
  4415.79      2.2646  4.9600e-03  5.2300e-03
  4414.29      2.2654  4.9500e-03  5.2300e-03
  4412.79      2.2661  4.9500e-03  5.2300e-03
  4411.29      2.2669  4.9600e-03  5.2200e-03
  4409.79      2.2677  4.9700e-03  5.2200e-03
  4408.29      2.2685  4.9700e-03  5.2100e-03
  4406.79      2.2692  4.9700e-03  5.2100e-03
  4405.29      2.2700  4.9500e-03  5.2000e-03
  4403.79      2.2708  4.9300e-03  5.1900e-03
  4402.29      2.2715  4.9000e-03  5.1800e-03
  4400.79      2.2723  4.8700e-03  5.1600e-03
  4399.29      2.2731  4.8300e-03  5.1400e-03
  4397.79      2.2739  4.8000e-03  5.1100e-03
  4396.29      2.2746  4.7700e-03  5.0700e-03
  4394.79      2.2754  4.7400e-03  5.0400e-03
  4393.29      2.2762  4.7200e-03  5.0100e-03
  4391.79      2.2770  4.7000e-03  4.9900e-03
  4390.29      2.2778  4.6900e-03  4.9900e-03
  4388.79      2.2785  4.6800e-03  4.9900e-03
  4387.29      2.2793  4.6700e-03  4.9900e-03
  4385.79      2.2801  4.6700e-03  5.0100e-03
  4384.29      2.2809  4.6500e-03  5.0300e-03
  4382.79      2.2817  4.6300e-03  5.0400e-03
  4381.29      2.2824  4.6100e-03  5.0500e-03
  4379.79      2.2832  4.6100e-03  5.0500e-03
  4378.29      2.2840  4.6100e-03  5.0600e-03
  4376.79      2.2848  4.6200e-03  5.0500e-03
  4375.29      2.2856  4.6400e-03  5.0500e-03
  4373.79      2.2863  4.6600e-03  5.0500e-03
  4372.29      2.2871  4.6900e-03  5.0600e-03
  4370.79      2.2879  4.7300e-03  5.0700e-03
  4369.29      2.2887  4.7600e-03  5.0800e-03
  4367.79      2.2895  4.8000e-03  5.0900e-03
  4366.29      2.2903  4.8100e-03  5.1000e-03
  4364.79      2.2911  4.8100e-03  5.1100e-03
  4363.29      2.2919  4.8100e-03  5.1200e-03
  4361.79      2.2926  4.7900e-03  5.1200e-03
  4360.29      2.2934  4.7700e-03  5.1200e-03
  4358.79      2.2942  4.7400e-03  5.1100e-03
  4357.29      2.2950  4.7000e-03  5.1100e-03
  4355.79      2.2958  4.6700e-03  5.1100e-03
  4354.29      2.2966  4.6400e-03  5.1100e-03
  4352.79      2.2974  4.6100e-03  5.1100e-03
  4351.29      2.2982  4.5900e-03  5.1100e-03
  4349.79      2.2990  4.5800e-03  5.1200e-03
  4348.29      2.2998  4.5700e-03  5.1200e-03
  4346.79      2.3006  4.5800e-03  5.1300e-03
  4345.29      2.3013  4.5800e-03  5.1300e-03
  4343.79      2.3021  4.6000e-03  5.1200e-03
  4342.29      2.3029  4.6300e-03  5.1100e-03
  4340.79      2.3037  4.6600e-03  5.1000e-03
  4339.29      2.3045  4.7000e-03  5.0900e-03
  4337.79      2.3053  4.7300e-03  5.0800e-03
  4336.29      2.3061  4.7600e-03  5.0800e-03
  4334.79      2.3069  4.7900e-03  5.0700e-03
  4333.28      2.3077  4.8100e-03  5.0600e-03
  4331.78      2.3085  4.8300e-03  5.0600e-03
  4330.28      2.3093  4.8400e-03  5.0600e-03
  4328.78      2.3101  4.8400e-03  5.0600e-03
  4327.28      2.3109  4.8200e-03  5.0600e-03
  4325.78      2.3117  4.8100e-03  5.0500e-03
  4324.28      2.3125  4.7900e-03  5.0400e-03
  4322.78      2.3133  4.7900e-03  5.0400e-03
  4321.28      2.3141  4.7800e-03  5.0300e-03
  4319.78      2.3149  4.7800e-03  5.0300e-03
  4318.28      2.3157  4.7800e-03  5.0300e-03
  4316.78      2.3165  4.7900e-03  5.0300e-03
  4315.28      2.3173  4.8000e-03  5.0300e-03
  4313.78      2.3182  4.8300e-03  5.0200e-03
  4312.28      2.3190  4.8500e-03  5.0200e-03
  4310.78      2.3198  4.8700e-03  5.0100e-03
  4309.28      2.3206  4.8800e-03  5.0000e-03
  4307.78      2.3214  4.9000e-03  4.9700e-03
  4306.28      2.3222  4.9100e-03  4.9600e-03
  4304.78      2.3230  4.9100e-03  4.9300e-03
  4303.28      2.3238  4.9000e-03  4.9100e-03
  4301.78      2.3246  4.8900e-03  4.9000e-03
  4300.28      2.3254  4.8700e-03  4.8800e-03
  4298.78      2.3262  4.8600e-03  4.8800e-03
  4297.28      2.3271  4.8400e-03  4.8800e-03
  4295.78      2.3279  4.8300e-03  4.8900e-03
  4294.28      2.3287  4.8100e-03  4.9000e-03
  4292.78      2.3295  4.8000e-03  4.9000e-03
  4291.28      2.3303  4.8000e-03  4.9200e-03
  4289.78      2.3311  4.8100e-03  4.9400e-03
  4288.28      2.3319  4.8100e-03  4.9400e-03
  4286.78      2.3328  4.8300e-03  4.9600e-03
  4285.28      2.3336  4.8400e-03  4.9600e-03
  4283.78      2.3344  4.8600e-03  4.9800e-03
  4282.28      2.3352  4.8700e-03  4.9900e-03
  4280.78      2.3360  4.8900e-03  5.0100e-03
  4279.28      2.3368  4.9000e-03  5.0300e-03
  4277.78      2.3377  4.9100e-03  5.0500e-03
  4276.28      2.3385  4.9100e-03  5.0700e-03
  4274.78      2.3393  4.9200e-03  5.0900e-03
  4273.28      2.3401  4.9300e-03  5.1100e-03
  4271.78      2.3409  4.9400e-03  5.1200e-03
  4270.28      2.3418  4.9600e-03  5.1400e-03
  4268.78      2.3426  4.9600e-03  5.1500e-03
  4267.28      2.3434  4.9700e-03  5.1700e-03
  4265.78      2.3442  4.9700e-03  5.1800e-03
  4264.28      2.3451  4.9900e-03  5.1800e-03
  4262.78      2.3459  4.9900e-03  5.1800e-03
  4261.28      2.3467  4.9900e-03  5.1800e-03
  4259.78      2.3475  4.9700e-03  5.1800e-03
  4258.28      2.3484  4.9500e-03  5.1800e-03
  4256.78      2.3492  4.9200e-03  5.1700e-03
  4255.28      2.3500  4.8900e-03  5.1600e-03
  4253.78      2.3509  4.8700e-03  5.1500e-03
  4252.28      2.3517  4.8400e-03  5.1300e-03
  4250.78      2.3525  4.8300e-03  5.1300e-03
  4249.28      2.3533  4.8000e-03  5.1100e-03
  4247.78      2.3542  4.7900e-03  5.1100e-03
  4246.28      2.3550  4.7800e-03  5.1000e-03
  4244.78      2.3558  4.7700e-03  5.0900e-03
  4243.28      2.3567  4.7700e-03  5.0800e-03
  4241.78      2.3575  4.7700e-03  5.0700e-03
  4240.28      2.3583  4.7600e-03  5.0400e-03
  4238.78      2.3592  4.7400e-03  5.0200e-03
  4237.28      2.3600  4.7300e-03  5.0000e-03
  4235.78      2.3608  4.7300e-03  4.9700e-03
  4234.28      2.3617  4.7300e-03  4.9600e-03
  4232.78      2.3625  4.7400e-03  4.9400e-03
  4231.28      2.3634  4.7500e-03  4.9300e-03
  4229.78      2.3642  4.7700e-03  4.9200e-03
  4228.28      2.3650  4.7800e-03  4.9200e-03
  4226.78      2.3659  4.8000e-03  4.9400e-03
  4225.28      2.3667  4.8300e-03  4.9600e-03
  4223.78      2.3675  4.8500e-03  4.9700e-03
  4222.28      2.3684  4.8800e-03  5.0000e-03
  4220.78      2.3692  4.8900e-03  5.0100e-03
  4219.28      2.3701  4.9000e-03  5.0400e-03
  4217.78      2.3709  4.9100e-03  5.0600e-03
  4216.28      2.3718  4.9200e-03  5.0800e-03
  4214.78      2.3726  4.9200e-03  5.0900e-03
  4213.28      2.3735  4.9300e-03  5.1100e-03
  4211.78      2.3743  4.9300e-03  5.1100e-03
  4210.28      2.3751  4.9400e-03  5.1300e-03
  4208.78      2.3760  4.9400e-03  5.1500e-03
  4207.28      2.3768  4.9400e-03  5.1700e-03
  4205.78      2.3777  4.9500e-03  5.2000e-03
  4204.28      2.3785  4.9600e-03  5.2100e-03
  4202.78      2.3794  4.9700e-03  5.2300e-03
  4201.27      2.3802  4.9800e-03  5.2400e-03
  4199.77      2.3811  4.9900e-03  5.2500e-03
  4198.27      2.3819  5.0000e-03  5.2500e-03
  4196.77      2.3828  5.0000e-03  5.2500e-03
  4195.27      2.3836  5.0000e-03  5.2300e-03
  4193.77      2.3845  5.0000e-03  5.2100e-03
  4192.27      2.3853  5.0000e-03  5.1700e-03
  4190.77      2.3862  5.0000e-03  5.1500e-03
  4189.27      2.3870  5.0000e-03  5.1300e-03
  4187.77      2.3879  4.9900e-03  5.1200e-03
  4186.27      2.3888  4.9800e-03  5.1100e-03
  4184.77      2.3896  4.9700e-03  5.1100e-03
  4183.27      2.3905  4.9700e-03  5.1100e-03
  4181.77      2.3913  4.9700e-03  5.1300e-03
  4180.27      2.3922  4.9800e-03  5.1500e-03
  4178.77      2.3930  5.0000e-03  5.1900e-03
  4177.27      2.3939  5.0100e-03  5.2100e-03
  4175.77      2.3948  5.0300e-03  5.2400e-03
  4174.27      2.3956  5.0500e-03  5.2500e-03
  4172.77      2.3965  5.0700e-03  5.2700e-03
  4171.27      2.3973  5.0900e-03  5.2700e-03
  4169.77      2.3982  5.1100e-03  5.2700e-03
  4168.27      2.3991  5.1300e-03  5.2500e-03
  4166.77      2.3999  5.1300e-03  5.2400e-03
  4165.27      2.4008  5.1300e-03  5.2300e-03
  4163.77      2.4017  5.1200e-03  5.2200e-03
  4162.27      2.4025  5.1100e-03  5.2200e-03
  4160.77      2.4034  5.1100e-03  5.2300e-03
  4159.27      2.4043  5.1000e-03  5.2400e-03
  4157.77      2.4051  5.1100e-03  5.2500e-03
  4156.27      2.4060  5.1100e-03  5.2800e-03
  4154.77      2.4069  5.1300e-03  5.3000e-03
  4153.27      2.4077  5.1400e-03  5.3200e-03
  4151.77      2.4086  5.1700e-03  5.3400e-03
  4150.27      2.4095  5.1900e-03  5.3400e-03
  4148.77      2.4104  5.2100e-03  5.3600e-03
  4147.27      2.4112  5.2400e-03  5.3600e-03
  4145.77      2.4121  5.2500e-03  5.3700e-03
  4144.27      2.4130  5.2700e-03  5.3800e-03
  4142.77      2.4138  5.2700e-03  5.3900e-03
  4141.27      2.4147  5.2700e-03  5.4000e-03
  4139.77      2.4156  5.2700e-03  5.4100e-03
  4138.27      2.4165  5.2700e-03  5.4200e-03
  4136.77      2.4173  5.2700e-03  5.4200e-03
  4135.27      2.4182  5.2700e-03  5.4200e-03
  4133.77      2.4191  5.2700e-03  5.4200e-03
  4132.27      2.4200  5.2800e-03  5.4200e-03
  4130.77      2.4209  5.2800e-03  5.4100e-03
  4129.27      2.4217  5.2800e-03  5.4000e-03
  4127.77      2.4226  5.3000e-03  5.3800e-03
  4126.27      2.4235  5.3100e-03  5.3700e-03
  4124.77      2.4244  5.3200e-03  5.3600e-03
  4123.27      2.4253  5.3300e-03  5.3500e-03
  4121.77      2.4261  5.3500e-03  5.3500e-03
  4120.27      2.4270  5.3600e-03  5.3500e-03
  4118.77      2.4279  5.3800e-03  5.3700e-03
  4117.27      2.4288  5.4100e-03  5.4000e-03
  4115.77      2.4297  5.4300e-03  5.4400e-03
  4114.27      2.4306  5.4500e-03  5.4900e-03
  4112.77      2.4315  5.4700e-03  5.5500e-03
  4111.27      2.4323  5.5100e-03  5.6000e-03
  4109.77      2.4332  5.5300e-03  5.6600e-03
  4108.27      2.4341  5.5600e-03  5.7200e-03
  4106.77      2.4350  5.5800e-03  5.7600e-03
  4105.27      2.4359  5.6100e-03  5.7900e-03
  4103.77      2.4368  5.6400e-03  5.8100e-03
  4102.27      2.4377  5.6600e-03  5.8100e-03
  4100.77      2.4386  5.6900e-03  5.8100e-03
  4099.27      2.4395  5.7100e-03  5.8000e-03
  4097.77      2.4404  5.7400e-03  5.7800e-03
  4096.27      2.4412  5.7600e-03  5.7800e-03
  4094.77      2.4421  5.7800e-03  5.7700e-03
  4093.27      2.4430  5.7900e-03  5.7700e-03
  4091.77      2.4439  5.7900e-03  5.7700e-03
  4090.27      2.4448  5.7800e-03  5.7800e-03
  4088.77      2.4457  5.7800e-03  5.7900e-03
  4087.27      2.4466  5.7600e-03  5.8000e-03
  4085.77      2.4475  5.7500e-03  5.8100e-03
  4084.27      2.4484  5.7300e-03  5.8200e-03
  4082.77      2.4493  5.7200e-03  5.8300e-03
  4081.27      2.4502  5.7000e-03  5.8300e-03
  4079.77      2.4511  5.6800e-03  5.8400e-03
  4078.27      2.4520  5.6800e-03  5.8500e-03
  4076.77      2.4529  5.7000e-03  5.8500e-03
  4075.27      2.4538  5.7100e-03  5.8500e-03
  4073.77      2.4547  5.7300e-03  5.8500e-03
  4072.27      2.4556  5.7500e-03  5.8500e-03
  4070.77      2.4565  5.7700e-03  5.8700e-03
  4069.27      2.4574  5.7900e-03  5.8700e-03
  4067.77      2.4584  5.8100e-03  5.8800e-03
  4066.26      2.4593  5.8400e-03  5.8900e-03
  4064.76      2.4602  5.8400e-03  5.9100e-03
  4063.26      2.4611  5.8500e-03  5.9300e-03
  4061.76      2.4620  5.8500e-03  5.9600e-03
  4060.26      2.4629  5.8300e-03  5.9900e-03
  4058.76      2.4638  5.8300e-03  6.0200e-03
  4057.26      2.4647  5.8100e-03  6.0600e-03
  4055.76      2.4656  5.8100e-03  6.0800e-03
  4054.26      2.4665  5.7900e-03  6.1100e-03
  4052.76      2.4675  5.7900e-03  6.1300e-03
  4051.26      2.4684  5.7800e-03  6.1600e-03
  4049.76      2.4693  5.7800e-03  6.1800e-03
  4048.26      2.4702  5.7800e-03  6.1900e-03
  4046.76      2.4711  5.7800e-03  6.2000e-03
  4045.26      2.4720  5.7900e-03  6.2100e-03
  4043.76      2.4729  5.8000e-03  6.2400e-03
  4042.26      2.4739  5.8100e-03  6.2600e-03
  4040.76      2.4748  5.8300e-03  6.2800e-03
  4039.26      2.4757  5.8400e-03  6.2900e-03
  4037.76      2.4766  5.8600e-03  6.3100e-03
  4036.26      2.4775  5.8900e-03  6.3200e-03
  4034.76      2.4785  5.9100e-03  6.3200e-03
  4033.26      2.4794  5.9400e-03  6.3200e-03
  4031.76      2.4803  5.9900e-03  6.3200e-03
  4030.26      2.4812  6.0200e-03  6.3100e-03
  4028.76      2.4822  6.0500e-03  6.3100e-03
  4027.26      2.4831  6.0900e-03  6.3100e-03
  4025.76      2.4840  6.1200e-03  6.3200e-03
  4024.26      2.4849  6.1500e-03  6.3400e-03
  4022.76      2.4859  6.1900e-03  6.3600e-03
  4021.26      2.4868  6.2200e-03  6.3700e-03
  4019.76      2.4877  6.2500e-03  6.3900e-03
  4018.26      2.4886  6.2700e-03  6.4000e-03
  4016.76      2.4896  6.3000e-03  6.4000e-03
  4015.26      2.4905  6.3200e-03  6.4000e-03
  4013.76      2.4914  6.3500e-03  6.3900e-03
  4012.26      2.4924  6.3600e-03  6.3900e-03
  4010.76      2.4933  6.3800e-03  6.3800e-03
  4009.26      2.4942  6.4000e-03  6.3800e-03
  4007.76      2.4952  6.4000e-03  6.3900e-03
  4006.26      2.4961  6.4100e-03  6.4100e-03
  4004.76      2.4970  6.4200e-03  6.4500e-03
  4003.26      2.4980  6.4500e-03  6.4800e-03
  4001.76      2.4989  6.4700e-03  6.5300e-03
  4000.26      2.4998  6.4900e-03  6.6000e-03
  3998.76      2.5008  6.5200e-03  6.6600e-03
  3997.26      2.5017  6.5600e-03  6.7300e-03
  3995.76      2.5027  6.6000e-03  6.8100e-03
  3994.26      2.5036  6.6400e-03  6.8800e-03
  3992.76      2.5045  6.6900e-03  6.9400e-03
  3991.26      2.5055  6.7400e-03  6.9900e-03
  3989.76      2.5064  6.7700e-03  7.0500e-03
  3988.26      2.5074  6.8000e-03  7.1000e-03
  3986.76      2.5083  6.8300e-03  7.1500e-03
  3985.26      2.5092  6.8600e-03  7.1800e-03
  3983.76      2.5102  6.8700e-03  7.1900e-03
  3982.26      2.5111  6.8800e-03  7.1900e-03
  3980.76      2.5121  6.8900e-03  7.1900e-03
  3979.26      2.5130  6.8900e-03  7.1800e-03
  3977.76      2.5140  6.8900e-03  7.1700e-03
  3976.26      2.5149  6.9100e-03  7.1500e-03
  3974.76      2.5159  6.9100e-03  7.1300e-03
  3973.26      2.5168  6.9200e-03  7.1200e-03
  3971.76      2.5178  6.9300e-03  7.1100e-03
  3970.26      2.5187  6.9500e-03  7.1100e-03
  3968.76      2.5197  6.9700e-03  7.1200e-03
  3967.26      2.5206  7.0000e-03  7.1200e-03
  3965.76      2.5216  7.0300e-03  7.1500e-03
  3964.26      2.5225  7.0700e-03  7.1600e-03
  3962.76      2.5235  7.1100e-03  7.1900e-03
  3961.26      2.5245  7.1300e-03  7.2100e-03
  3959.76      2.5254  7.1600e-03  7.2300e-03
  3958.26      2.5264  7.1900e-03  7.2600e-03
  3956.76      2.5273  7.2200e-03  7.2900e-03
  3955.26      2.5283  7.2400e-03  7.3100e-03
  3953.76      2.5292  7.2400e-03  7.3300e-03
  3952.26      2.5302  7.2300e-03  7.3300e-03
  3950.76      2.5312  7.2200e-03  7.3300e-03
  3949.26      2.5321  7.1900e-03  7.3200e-03
  3947.76      2.5331  7.1800e-03  7.3200e-03
  3946.26      2.5340  7.1700e-03  7.3300e-03
  3944.76      2.5350  7.1700e-03  7.3400e-03
  3943.26      2.5360  7.1700e-03  7.3600e-03
  3941.76      2.5369  7.1800e-03  7.3800e-03
  3940.26      2.5379  7.1900e-03  7.4100e-03
  3938.76      2.5389  7.2200e-03  7.4500e-03
  3937.26      2.5398  7.2600e-03  7.5100e-03
  3935.76      2.5408  7.2900e-03  7.5600e-03
  3934.26      2.5418  7.3100e-03  7.5700e-03
  3932.76      2.5427  7.3100e-03  7.5800e-03
  3931.25      2.5437  7.3100e-03  7.5700e-03
  3929.75      2.5447  7.3000e-03  7.5600e-03
  3928.25      2.5457  7.2800e-03  7.5500e-03
  3926.75      2.5466  7.2600e-03  7.5300e-03
  3925.25      2.5476  7.2300e-03  7.4800e-03
  3923.75      2.5486  7.1900e-03  7.4400e-03
  3922.25      2.5496  7.1700e-03  7.4200e-03
  3920.75      2.5505  7.1800e-03  7.4300e-03
  3919.25      2.5515  7.2100e-03  7.4600e-03
  3917.75      2.5525  7.2700e-03  7.5100e-03
  3916.25      2.5535  7.3500e-03  7.5900e-03
  3914.75      2.5544  7.4500e-03  7.7000e-03
  3913.25      2.5554  7.5400e-03  7.8200e-03
  3911.75      2.5564  7.6300e-03  7.9500e-03
  3910.25      2.5574  7.6900e-03  8.0500e-03
  3908.75      2.5584  7.7300e-03  8.1100e-03
  3907.25      2.5593  7.7300e-03  8.1100e-03
  3905.75      2.5603  7.6900e-03  8.0700e-03
  3904.25      2.5613  7.6100e-03  7.9900e-03
  3902.75      2.5623  7.4700e-03  7.8700e-03
  3901.25      2.5633  7.3400e-03  7.7200e-03
  3899.75      2.5643  7.2200e-03  7.5700e-03
  3898.25      2.5653  7.1100e-03  7.4600e-03
  3896.75      2.5662  7.0500e-03  7.4000e-03
  3895.25      2.5672  7.0200e-03  7.3700e-03
  3893.75      2.5682  7.0100e-03  7.3700e-03
  3892.25      2.5692  7.0000e-03  7.3800e-03
  3890.75      2.5702  7.0100e-03  7.4000e-03
  3889.25      2.5712  7.0500e-03  7.4300e-03
  3887.75      2.5722  7.1000e-03  7.4600e-03
  3886.25      2.5732  7.1500e-03  7.4800e-03
  3884.75      2.5742  7.1800e-03  7.5000e-03
  3883.25      2.5752  7.2000e-03  7.5100e-03
  3881.75      2.5762  7.2000e-03  7.5300e-03
  3880.25      2.5772  7.2000e-03  7.5300e-03
  3878.75      2.5781  7.2100e-03  7.5400e-03
  3877.25      2.5791  7.2400e-03  7.5700e-03
  3875.75      2.5801  7.2400e-03  7.5800e-03
  3874.25      2.5811  7.2200e-03  7.5800e-03
  3872.75      2.5821  7.1700e-03  7.5300e-03
  3871.25      2.5831  7.1300e-03  7.4600e-03
  3869.75      2.5841  7.0800e-03  7.3700e-03
  3868.25      2.5851  7.0600e-03  7.3100e-03
  3866.75      2.5862  7.0600e-03  7.2900e-03
  3865.25      2.5872  7.0400e-03  7.2600e-03
  3863.75      2.5882  7.0000e-03  7.2100e-03
  3862.25      2.5892  6.9400e-03  7.1400e-03
  3860.75      2.5902  6.8900e-03  7.0600e-03
  3859.25      2.5912  6.8500e-03  6.9900e-03
  3857.75      2.5922  6.8200e-03  6.9200e-03
  3856.25      2.5932  6.7700e-03  6.8400e-03
  3854.75      2.5942  6.6900e-03  6.7100e-03
  3853.25      2.5952  6.5800e-03  6.5600e-03
  3851.75      2.5962  6.5000e-03  6.4600e-03
  3850.25      2.5972  6.4600e-03  6.4400e-03
  3848.75      2.5982  6.4500e-03  6.4700e-03
  3847.25      2.5993  6.4500e-03  6.5200e-03
  3845.75      2.6003  6.4500e-03  6.5600e-03
  3844.25      2.6013  6.4300e-03  6.5800e-03
  3842.75      2.6023  6.4000e-03  6.5800e-03
  3841.25      2.6033  6.3600e-03  6.5500e-03
  3839.75      2.6043  6.3300e-03  6.4900e-03
  3838.25      2.6054  6.2800e-03  6.3800e-03
  3836.75      2.6064  6.2200e-03  6.2400e-03
  3835.25      2.6074  6.1900e-03  6.1100e-03
  3833.75      2.6084  6.1700e-03  6.0300e-03
  3832.25      2.6094  6.1600e-03  5.9800e-03
  3830.75      2.6105  6.1600e-03  5.9500e-03
  3829.25      2.6115  6.1700e-03  5.9600e-03
  3827.75      2.6125  6.1900e-03  5.9800e-03
  3826.25      2.6135  6.2000e-03  6.0000e-03
  3824.75      2.6146  6.2000e-03  6.0000e-03
  3823.25      2.6156  6.1600e-03  5.9700e-03
  3821.75      2.6166  6.1000e-03  5.9000e-03
  3820.25      2.6176  6.0000e-03  5.8200e-03
  3818.75      2.6187  5.9200e-03  5.7500e-03
  3817.25      2.6197  5.8500e-03  5.7200e-03
  3815.75      2.6207  5.7900e-03  5.7100e-03
  3814.25      2.6217  5.7600e-03  5.7400e-03
  3812.75      2.6228  5.7600e-03  5.8100e-03
  3811.25      2.6238  5.7700e-03  5.8900e-03
  3809.75      2.6248  5.7900e-03  5.9600e-03
  3808.25      2.6259  5.7900e-03  6.0100e-03
  3806.75      2.6269  5.7800e-03  6.0200e-03
  3805.25      2.6280  5.7600e-03  5.9700e-03
  3803.75      2.6290  5.7100e-03  5.8900e-03
  3802.25      2.6300  5.6400e-03  5.7700e-03
  3800.75      2.6311  5.5700e-03  5.6300e-03
  3799.25      2.6321  5.5300e-03  5.5200e-03
  3797.74      2.6331  5.5000e-03  5.4600e-03
  3796.24      2.6342  5.5100e-03  5.4400e-03
  3794.74      2.6352  5.5500e-03  5.4800e-03
  3793.24      2.6363  5.6400e-03  5.5800e-03
  3791.74      2.6373  5.7600e-03  5.7200e-03
  3790.24      2.6384  5.8900e-03  5.8800e-03
  3788.74      2.6394  6.0300e-03  6.0600e-03
  3787.24      2.6404  6.1800e-03  6.2200e-03
  3785.74      2.6415  6.3200e-03  6.3600e-03
  3784.24      2.6425  6.4600e-03  6.4900e-03
  3782.74      2.6436  6.5900e-03  6.6100e-03
  3781.24      2.6446  6.7200e-03  6.7300e-03
  3779.74      2.6457  6.8300e-03  6.8200e-03
  3778.24      2.6467  6.9300e-03  6.9100e-03
  3776.74      2.6478  7.0500e-03  7.0200e-03
  3775.24      2.6488  7.1700e-03  7.1200e-03
  3773.74      2.6499  7.3000e-03  7.2400e-03
  3772.24      2.6509  7.4200e-03  7.3600e-03
  3770.74      2.6520  7.5400e-03  7.4500e-03
  3769.24      2.6531  7.6300e-03  7.5300e-03
  3767.74      2.6541  7.7300e-03  7.6000e-03
  3766.24      2.6552  7.8400e-03  7.6800e-03
  3764.74      2.6562  7.9400e-03  7.7800e-03
  3763.24      2.6573  8.0500e-03  7.8900e-03
  3761.74      2.6583  8.1200e-03  7.9900e-03
  3760.24      2.6594  8.1700e-03  8.0600e-03
  3758.74      2.6605  8.1800e-03  8.1000e-03
  3757.24      2.6615  8.1900e-03  8.1200e-03
  3755.74      2.6626  8.1600e-03  8.1200e-03
  3754.24      2.6637  8.0800e-03  8.0500e-03
  3752.74      2.6647  7.9600e-03  7.9200e-03
  3751.24      2.6658  7.8100e-03  7.7300e-03
  3749.74      2.6669  7.6400e-03  7.5200e-03
  3748.24      2.6679  7.4800e-03  7.3400e-03
  3746.74      2.6690  7.3100e-03  7.1700e-03
  3745.24      2.6701  7.1400e-03  7.0000e-03
  3743.74      2.6711  6.9600e-03  6.8100e-03
  3742.24      2.6722  6.8000e-03  6.6600e-03
  3740.74      2.6733  6.6800e-03  6.5300e-03
  3739.24      2.6743  6.5900e-03  6.4300e-03
  3737.74      2.6754  6.5100e-03  6.3200e-03
  3736.24      2.6765  6.4200e-03  6.1800e-03
  3734.74      2.6776  6.3300e-03  6.0300e-03
  3733.24      2.6786  6.2600e-03  5.8900e-03
  3731.74      2.6797  6.2400e-03  5.8000e-03
  3730.24      2.6808  6.2500e-03  5.7600e-03
  3728.74      2.6819  6.3000e-03  5.7800e-03
  3727.24      2.6830  6.3600e-03  5.8400e-03
  3725.74      2.6840  6.4400e-03  5.9500e-03
  3724.24      2.6851  6.5300e-03  6.1300e-03
  3722.74      2.6862  6.6400e-03  6.3400e-03
  3721.24      2.6873  6.7600e-03  6.5600e-03
  3719.74      2.6884  6.8800e-03  6.7600e-03
  3718.24      2.6894  6.9900e-03  6.9300e-03
  3716.74      2.6905  7.0800e-03  7.0600e-03
  3715.24      2.6916  7.1700e-03  7.1600e-03
  3713.74      2.6927  7.2300e-03  7.1900e-03
  3712.24      2.6938  7.2800e-03  7.1700e-03
  3710.74      2.6949  7.3300e-03  7.1300e-03
  3709.24      2.6960  7.4100e-03  7.1200e-03
  3707.74      2.6971  7.5200e-03  7.1400e-03
  3706.24      2.6982  7.6700e-03  7.2200e-03
  3704.74      2.6992  7.8400e-03  7.3500e-03
  3703.24      2.7003  8.0400e-03  7.5300e-03
  3701.74      2.7014  8.2400e-03  7.7700e-03
  3700.24      2.7025  8.4600e-03  8.0300e-03
  3698.74      2.7036  8.6800e-03  8.3200e-03
  3697.24      2.7047  8.9300e-03  8.6100e-03
  3695.74      2.7058  9.1800e-03  8.8700e-03
  3694.24      2.7069  9.4100e-03  9.1100e-03
  3692.74      2.7080  9.6400e-03  9.3200e-03
  3691.24      2.7091  9.8800e-03  9.4900e-03
  3689.74      2.7102  1.0120e-02  9.6500e-03
  3688.24      2.7113  1.0380e-02  9.8400e-03
  3686.74      2.7124  1.0660e-02  1.0070e-02
  3685.24      2.7135  1.0960e-02  1.0310e-02
  3683.74      2.7146  1.1260e-02  1.0560e-02
  3682.24      2.7157  1.1560e-02  1.0820e-02
  3680.74      2.7168  1.1840e-02  1.1060e-02
  3679.24      2.7180  1.2080e-02  1.1300e-02
  3677.74      2.7191  1.2300e-02  1.1490e-02
  3676.24      2.7202  1.2520e-02  1.1650e-02
  3674.74      2.7213  1.2730e-02  1.1790e-02
  3673.24      2.7224  1.2970e-02  1.1930e-02
  3671.74      2.7235  1.3260e-02  1.2120e-02
  3670.24      2.7246  1.3590e-02  1.2360e-02
  3668.74      2.7257  1.3980e-02  1.2690e-02
  3667.24      2.7268  1.4460e-02  1.3110e-02
  3665.74      2.7280  1.5030e-02  1.3650e-02
  3664.24      2.7291  1.5680e-02  1.4290e-02
  3662.73      2.7302  1.6400e-02  1.5000e-02
  3661.23      2.7313  1.7150e-02  1.5760e-02
  3659.73      2.7324  1.7880e-02  1.6510e-02
  3658.23      2.7336  1.8580e-02  1.7210e-02
  3656.73      2.7347  1.9250e-02  1.7850e-02
  3655.23      2.7358  1.9910e-02  1.8450e-02
  3653.73      2.7369  2.0550e-02  1.9000e-02
  3652.23      2.7380  2.1150e-02  1.9500e-02
  3650.73      2.7392  2.1740e-02  1.9960e-02
  3649.23      2.7403  2.2330e-02  2.0410e-02
  3647.73      2.7414  2.2940e-02  2.0910e-02
  3646.23      2.7426  2.3640e-02  2.1490e-02
  3644.73      2.7437  2.4430e-02  2.2190e-02
  3643.23      2.7448  2.5300e-02  2.2980e-02
  3641.73      2.7459  2.6240e-02  2.3850e-02
  3640.23      2.7471  2.7220e-02  2.4790e-02
  3638.73      2.7482  2.8230e-02  2.5770e-02
  3637.23      2.7493  2.9270e-02  2.6780e-02
  3635.73      2.7505  3.0340e-02  2.7780e-02
  3634.23      2.7516  3.1420e-02  2.8770e-02
  3632.73      2.7527  3.2500e-02  2.9740e-02
  3631.23      2.7539  3.3550e-02  3.0670e-02
  3629.73      2.7550  3.4560e-02  3.1570e-02
  3628.23      2.7562  3.5570e-02  3.2450e-02
  3626.73      2.7573  3.6600e-02  3.3370e-02
  3625.23      2.7584  3.7680e-02  3.4340e-02
  3623.73      2.7596  3.8780e-02  3.5350e-02
  3622.23      2.7607  3.9910e-02  3.6400e-02
  3620.73      2.7619  4.1040e-02  3.7470e-02
  3619.23      2.7630  4.2180e-02  3.8550e-02
  3617.73      2.7642  4.3310e-02  3.9660e-02
  3616.23      2.7653  4.4470e-02  4.0800e-02
  3614.73      2.7665  4.5670e-02  4.1960e-02
  3613.23      2.7676  4.6850e-02  4.3120e-02
  3611.73      2.7688  4.8040e-02  4.4280e-02
  3610.23      2.7699  4.9240e-02  4.5460e-02
  3608.73      2.7711  5.0460e-02  4.6680e-02
  3607.23      2.7722  5.1700e-02  4.7930e-02
  3605.73      2.7734  5.2990e-02  4.9240e-02
  3604.23      2.7745  5.4340e-02  5.0570e-02
  3602.73      2.7757  5.5720e-02  5.1930e-02
  3601.23      2.7768  5.7140e-02  5.3310e-02
  3599.73      2.7780  5.8580e-02  5.4710e-02
  3598.23      2.7791  6.0040e-02  5.6120e-02
  3596.73      2.7803  6.1510e-02  5.7530e-02
  3595.23      2.7815  6.3000e-02  5.8920e-02
  3593.73      2.7826  6.4470e-02  6.0300e-02
  3592.23      2.7838  6.5950e-02  6.1680e-02
  3590.73      2.7849  6.7440e-02  6.3060e-02
  3589.23      2.7861  6.8910e-02  6.4430e-02
  3587.73      2.7873  7.0380e-02  6.5800e-02
  3586.23      2.7884  7.1850e-02  6.7170e-02
  3584.73      2.7896  7.3330e-02  6.8580e-02
  3583.23      2.7908  7.4840e-02  7.0040e-02
  3581.73      2.7919  7.6380e-02  7.1540e-02
  3580.23      2.7931  7.7950e-02  7.3080e-02
  3578.73      2.7943  7.9530e-02  7.4670e-02
  3577.23      2.7955  8.1130e-02  7.6280e-02
  3575.73      2.7966  8.2730e-02  7.7930e-02
  3574.23      2.7978  8.4350e-02  7.9590e-02
  3572.73      2.7990  8.5980e-02  8.1250e-02
  3571.23      2.8002  8.7600e-02  8.2910e-02
  3569.73      2.8013  8.9210e-02  8.4540e-02
  3568.23      2.8025  9.0810e-02  8.6130e-02
  3566.73      2.8037  9.2400e-02  8.7690e-02
  3565.23      2.8049  9.3970e-02  8.9230e-02
  3563.73      2.8061  9.5540e-02  9.0790e-02
  3562.23      2.8072  9.7150e-02  9.2350e-02
  3560.73      2.8084  9.8770e-02  9.3940e-02
  3559.23      2.8096  1.0041e-01  9.5560e-02
  3557.73      2.8108  1.0208e-01  9.7200e-02
  3556.23      2.8120  1.0376e-01  9.8880e-02
  3554.73      2.8132  1.0545e-01  1.0059e-01
  3553.23      2.8143  1.0716e-01  1.0233e-01
  3551.73      2.8155  1.0888e-01  1.0407e-01
  3550.23      2.8167  1.1061e-01  1.0582e-01
  3548.73      2.8179  1.1234e-01  1.0756e-01
  3547.23      2.8191  1.1407e-01  1.0930e-01
  3545.73      2.8203  1.1578e-01  1.1101e-01
  3544.23      2.8215  1.1749e-01  1.1273e-01
  3542.73      2.8227  1.1920e-01  1.1445e-01
  3541.23      2.8239  1.2091e-01  1.1616e-01
  3539.73      2.8251  1.2264e-01  1.1790e-01
  3538.23      2.8263  1.2437e-01  1.1964e-01
  3536.73      2.8275  1.2610e-01  1.2138e-01
  3535.23      2.8287  1.2782e-01  1.2314e-01
  3533.73      2.8299  1.2954e-01  1.2490e-01
  3532.23      2.8311  1.3125e-01  1.2668e-01
  3530.73      2.8323  1.3296e-01  1.2846e-01
  3529.23      2.8335  1.3466e-01  1.3024e-01
  3527.72      2.8347  1.3636e-01  1.3202e-01
  3526.22      2.8359  1.3804e-01  1.3379e-01
  3524.72      2.8371  1.3972e-01  1.3556e-01
  3523.22      2.8383  1.4140e-01  1.3732e-01
  3521.72      2.8395  1.4307e-01  1.3908e-01
  3520.22      2.8407  1.4475e-01  1.4086e-01
  3518.72      2.8419  1.4643e-01  1.4263e-01
  3517.22      2.8432  1.4811e-01  1.4441e-01
  3515.72      2.8444  1.4980e-01  1.4618e-01
  3514.22      2.8456  1.5149e-01  1.4796e-01
  3512.72      2.8468  1.5317e-01  1.4975e-01
  3511.22      2.8480  1.5485e-01  1.5153e-01
  3509.72      2.8492  1.5651e-01  1.5329e-01
  3508.22      2.8504  1.5816e-01  1.5504e-01
  3506.72      2.8517  1.5980e-01  1.5679e-01
  3505.22      2.8529  1.6143e-01  1.5851e-01
  3503.72      2.8541  1.6305e-01  1.6023e-01
  3502.22      2.8553  1.6464e-01  1.6194e-01
  3500.72      2.8566  1.6624e-01  1.6363e-01
  3499.22      2.8578  1.6783e-01  1.6532e-01
  3497.72      2.8590  1.6940e-01  1.6702e-01
  3496.22      2.8602  1.7099e-01  1.6871e-01
  3494.72      2.8615  1.7257e-01  1.7039e-01
  3493.22      2.8627  1.7415e-01  1.7208e-01
  3491.72      2.8639  1.7573e-01  1.7374e-01
  3490.22      2.8651  1.7730e-01  1.7541e-01
  3488.72      2.8664  1.7887e-01  1.7706e-01
  3487.22      2.8676  1.8042e-01  1.7869e-01
  3485.72      2.8688  1.8198e-01  1.8031e-01
  3484.22      2.8701  1.8353e-01  1.8191e-01
  3482.72      2.8713  1.8507e-01  1.8350e-01
  3481.22      2.8726  1.8660e-01  1.8507e-01
  3479.72      2.8738  1.8814e-01  1.8665e-01
  3478.22      2.8750  1.8965e-01  1.8822e-01
  3476.72      2.8763  1.9116e-01  1.8979e-01
  3475.22      2.8775  1.9265e-01  1.9136e-01
  3473.72      2.8788  1.9412e-01  1.9293e-01
  3472.22      2.8800  1.9559e-01  1.9449e-01
  3470.72      2.8812  1.9703e-01  1.9605e-01
  3469.22      2.8825  1.9846e-01  1.9759e-01
  3467.72      2.8837  1.9987e-01  1.9911e-01
  3466.22      2.8850  2.0125e-01  2.0062e-01
  3464.72      2.8862  2.0262e-01  2.0210e-01
  3463.22      2.8875  2.0398e-01  2.0357e-01
  3461.72      2.8887  2.0532e-01  2.0503e-01
  3460.22      2.8900  2.0665e-01  2.0647e-01
  3458.72      2.8912  2.0798e-01  2.0792e-01
  3457.22      2.8925  2.0928e-01  2.0934e-01
  3455.72      2.8938  2.1058e-01  2.1075e-01
  3454.22      2.8950  2.1187e-01  2.1215e-01
  3452.72      2.8963  2.1314e-01  2.1354e-01
  3451.22      2.8975  2.1441e-01  2.1491e-01
  3449.72      2.8988  2.1565e-01  2.1627e-01
  3448.22      2.9000  2.1689e-01  2.1760e-01
  3446.72      2.9013  2.1810e-01  2.1890e-01
  3445.22      2.9026  2.1928e-01  2.2019e-01
  3443.72      2.9038  2.2045e-01  2.2145e-01
  3442.22      2.9051  2.2160e-01  2.2271e-01
  3440.72      2.9064  2.2275e-01  2.2394e-01
  3439.22      2.9076  2.2387e-01  2.2516e-01
  3437.72      2.9089  2.2498e-01  2.2637e-01
  3436.22      2.9102  2.2607e-01  2.2756e-01
  3434.72      2.9114  2.2714e-01  2.2874e-01
  3433.22      2.9127  2.2820e-01  2.2991e-01
  3431.72      2.9140  2.2925e-01  2.3107e-01
  3430.22      2.9153  2.3030e-01  2.3222e-01
  3428.72      2.9165  2.3132e-01  2.3335e-01
  3427.22      2.9178  2.3233e-01  2.3447e-01
  3425.72      2.9191  2.3331e-01  2.3556e-01
  3424.22      2.9204  2.3429e-01  2.3664e-01
  3422.72      2.9217  2.3524e-01  2.3770e-01
  3421.22      2.9229  2.3619e-01  2.3874e-01
  3419.72      2.9242  2.3711e-01  2.3975e-01
  3418.22      2.9255  2.3801e-01  2.4074e-01
  3416.72      2.9268  2.3890e-01  2.4171e-01
  3415.22      2.9281  2.3977e-01  2.4266e-01
  3413.72      2.9294  2.4062e-01  2.4360e-01
  3412.22      2.9306  2.4145e-01  2.4451e-01
  3410.72      2.9319  2.4226e-01  2.4541e-01
  3409.22      2.9332  2.4305e-01  2.4629e-01
  3407.72      2.9345  2.4381e-01  2.4714e-01
  3406.22      2.9358  2.4456e-01  2.4800e-01
  3404.72      2.9371  2.4528e-01  2.4883e-01
  3403.22      2.9384  2.4597e-01  2.4964e-01
  3401.72      2.9397  2.4664e-01  2.5043e-01
  3400.22      2.9410  2.4728e-01  2.5119e-01
  3398.72      2.9423  2.4788e-01  2.5193e-01
  3397.22      2.9436  2.4846e-01  2.5263e-01
  3395.72      2.9449  2.4901e-01  2.5331e-01
  3394.21      2.9462  2.4953e-01  2.5396e-01
  3392.71      2.9475  2.5002e-01  2.5457e-01
  3391.21      2.9488  2.5048e-01  2.5514e-01
  3389.71      2.9501  2.5093e-01  2.5567e-01
  3388.21      2.9514  2.5135e-01  2.5619e-01
  3386.71      2.9527  2.5176e-01  2.5668e-01
  3385.21      2.9540  2.5215e-01  2.5715e-01
  3383.71      2.9553  2.5253e-01  2.5760e-01
  3382.21      2.9566  2.5290e-01  2.5803e-01
  3380.71      2.9580  2.5324e-01  2.5845e-01
  3379.21      2.9593  2.5359e-01  2.5886e-01
  3377.71      2.9606  2.5389e-01  2.5925e-01
  3376.21      2.9619  2.5418e-01  2.5961e-01
  3374.71      2.9632  2.5444e-01  2.5996e-01
  3373.21      2.9645  2.5467e-01  2.6027e-01
  3371.71      2.9659  2.5487e-01  2.6055e-01
  3370.21      2.9672  2.5503e-01  2.6079e-01
  3368.71      2.9685  2.5517e-01  2.6101e-01
  3367.21      2.9698  2.5526e-01  2.6119e-01
  3365.71      2.9711  2.5532e-01  2.6135e-01
  3364.21      2.9725  2.5537e-01  2.6149e-01
  3362.71      2.9738  2.5540e-01  2.6161e-01
  3361.21      2.9751  2.5540e-01  2.6172e-01
  3359.71      2.9764  2.5540e-01  2.6181e-01
  3358.21      2.9778  2.5536e-01  2.6188e-01
  3356.71      2.9791  2.5533e-01  2.6192e-01
  3355.21      2.9804  2.5528e-01  2.6195e-01
  3353.71      2.9818  2.5523e-01  2.6196e-01
  3352.21      2.9831  2.5516e-01  2.6195e-01
  3350.71      2.9844  2.5508e-01  2.6193e-01
  3349.21      2.9858  2.5498e-01  2.6188e-01
  3347.71      2.9871  2.5487e-01  2.6183e-01
  3346.21      2.9885  2.5474e-01  2.6176e-01
  3344.71      2.9898  2.5460e-01  2.6169e-01
  3343.21      2.9911  2.5444e-01  2.6161e-01
  3341.71      2.9925  2.5427e-01  2.6151e-01
  3340.21      2.9938  2.5409e-01  2.6140e-01
  3338.71      2.9952  2.5389e-01  2.6127e-01
  3337.21      2.9965  2.5369e-01  2.6113e-01
  3335.71      2.9979  2.5347e-01  2.6097e-01
  3334.21      2.9992  2.5325e-01  2.6081e-01
  3332.71      3.0006  2.5303e-01  2.6063e-01
  3331.21      3.0019  2.5281e-01  2.6045e-01
  3329.71      3.0033  2.5258e-01  2.6026e-01
  3328.21      3.0046  2.5235e-01  2.6005e-01
  3326.71      3.0060  2.5213e-01  2.5985e-01
  3325.21      3.0073  2.5190e-01  2.5966e-01
  3323.71      3.0087  2.5168e-01  2.5946e-01
  3322.21      3.0100  2.5145e-01  2.5925e-01
  3320.71      3.0114  2.5123e-01  2.5905e-01
  3319.21      3.0128  2.5101e-01  2.5885e-01
  3317.71      3.0141  2.5079e-01  2.5866e-01
  3316.21      3.0155  2.5056e-01  2.5849e-01
  3314.71      3.0169  2.5033e-01  2.5829e-01
  3313.21      3.0182  2.5010e-01  2.5810e-01
  3311.71      3.0196  2.4985e-01  2.5790e-01
  3310.21      3.0210  2.4961e-01  2.5768e-01
  3308.71      3.0223  2.4936e-01  2.5746e-01
  3307.21      3.0237  2.4908e-01  2.5724e-01
  3305.71      3.0251  2.4880e-01  2.5699e-01
  3304.21      3.0264  2.4851e-01  2.5673e-01
  3302.71      3.0278  2.4822e-01  2.5646e-01
  3301.21      3.0292  2.4792e-01  2.5619e-01
  3299.71      3.0306  2.4762e-01  2.5591e-01
  3298.21      3.0319  2.4732e-01  2.5563e-01
  3296.71      3.0333  2.4702e-01  2.5534e-01
  3295.21      3.0347  2.4671e-01  2.5504e-01
  3293.71      3.0361  2.4640e-01  2.5473e-01
  3292.21      3.0375  2.4608e-01  2.5442e-01
  3290.71      3.0389  2.4576e-01  2.5410e-01
  3289.21      3.0402  2.4545e-01  2.5380e-01
  3287.71      3.0416  2.4513e-01  2.5350e-01
  3286.21      3.0430  2.4483e-01  2.5321e-01
  3284.71      3.0444  2.4452e-01  2.5292e-01
  3283.21      3.0458  2.4421e-01  2.5265e-01
  3281.71      3.0472  2.4390e-01  2.5237e-01
  3280.21      3.0486  2.4359e-01  2.5210e-01
  3278.71      3.0500  2.4327e-01  2.5182e-01
  3277.21      3.0514  2.4295e-01  2.5152e-01
  3275.71      3.0528  2.4261e-01  2.5121e-01
  3274.21      3.0542  2.4227e-01  2.5087e-01
  3272.71      3.0556  2.4191e-01  2.5052e-01
  3271.21      3.0570  2.4156e-01  2.5014e-01
  3269.71      3.0584  2.4119e-01  2.4977e-01
  3268.21      3.0598  2.4082e-01  2.4938e-01
  3266.71      3.0612  2.4044e-01  2.4900e-01
  3265.21      3.0626  2.4008e-01  2.4861e-01
  3263.71      3.0640  2.3970e-01  2.4823e-01
  3262.21      3.0654  2.3932e-01  2.4785e-01
  3260.71      3.0668  2.3895e-01  2.4747e-01
  3259.20      3.0682  2.3858e-01  2.4709e-01
  3257.70      3.0696  2.3819e-01  2.4670e-01
  3256.20      3.0711  2.3779e-01  2.4631e-01
  3254.70      3.0725  2.3738e-01  2.4589e-01
  3253.20      3.0739  2.3695e-01  2.4546e-01
  3251.70      3.0753  2.3652e-01  2.4500e-01
  3250.20      3.0767  2.3607e-01  2.4453e-01
  3248.70      3.0782  2.3561e-01  2.4405e-01
  3247.20      3.0796  2.3514e-01  2.4357e-01
  3245.70      3.0810  2.3464e-01  2.4307e-01
  3244.20      3.0824  2.3414e-01  2.4255e-01
  3242.70      3.0838  2.3363e-01  2.4204e-01
  3241.20      3.0853  2.3311e-01  2.4151e-01
  3239.70      3.0867  2.3259e-01  2.4098e-01
  3238.20      3.0881  2.3206e-01  2.4044e-01
  3236.70      3.0896  2.3153e-01  2.3989e-01
  3235.20      3.0910  2.3097e-01  2.3933e-01
  3233.70      3.0924  2.3041e-01  2.3875e-01
  3232.20      3.0939  2.2984e-01  2.3816e-01
  3230.70      3.0953  2.2927e-01  2.3756e-01
  3229.20      3.0967  2.2869e-01  2.3695e-01
  3227.70      3.0982  2.2809e-01  2.3634e-01
  3226.20      3.0996  2.2749e-01  2.3571e-01
  3224.70      3.1011  2.2686e-01  2.3508e-01
  3223.20      3.1025  2.2624e-01  2.3443e-01
  3221.70      3.1039  2.2561e-01  2.3378e-01
  3220.20      3.1054  2.2497e-01  2.3311e-01
  3218.70      3.1068  2.2431e-01  2.3244e-01
  3217.20      3.1083  2.2366e-01  2.3176e-01
  3215.70      3.1097  2.2299e-01  2.3107e-01
  3214.20      3.1112  2.2232e-01  2.3037e-01
  3212.70      3.1126  2.2164e-01  2.2966e-01
  3211.20      3.1141  2.2096e-01  2.2894e-01
  3209.70      3.1156  2.2028e-01  2.2822e-01
  3208.20      3.1170  2.1958e-01  2.2749e-01
  3206.70      3.1185  2.1888e-01  2.2676e-01
  3205.20      3.1199  2.1818e-01  2.2602e-01
  3203.70      3.1214  2.1747e-01  2.2528e-01
  3202.20      3.1229  2.1676e-01  2.2452e-01
  3200.70      3.1243  2.1604e-01  2.2378e-01
  3199.20      3.1258  2.1532e-01  2.2303e-01
  3197.70      3.1272  2.1459e-01  2.2227e-01
  3196.20      3.1287  2.1386e-01  2.2152e-01
  3194.70      3.1302  2.1312e-01  2.2075e-01
  3193.20      3.1317  2.1237e-01  2.1997e-01
  3191.70      3.1331  2.1163e-01  2.1921e-01
  3190.20      3.1346  2.1088e-01  2.1843e-01
  3188.70      3.1361  2.1012e-01  2.1765e-01
  3187.20      3.1376  2.0936e-01  2.1687e-01
  3185.70      3.1390  2.0860e-01  2.1609e-01
  3184.20      3.1405  2.0784e-01  2.1530e-01
  3182.70      3.1420  2.0708e-01  2.1451e-01
  3181.20      3.1435  2.0630e-01  2.1372e-01
  3179.70      3.1450  2.0553e-01  2.1291e-01
  3178.20      3.1464  2.0475e-01  2.1211e-01
  3176.70      3.1479  2.0398e-01  2.1129e-01
  3175.20      3.1494  2.0320e-01  2.1047e-01
  3173.70      3.1509  2.0242e-01  2.0964e-01
  3172.20      3.1524  2.0164e-01  2.0882e-01
  3170.70      3.1539  2.0086e-01  2.0798e-01
  3169.20      3.1554  2.0009e-01  2.0716e-01
  3167.70      3.1569  1.9931e-01  2.0633e-01
  3166.20      3.1584  1.9853e-01  2.0551e-01
  3164.70      3.1599  1.9776e-01  2.0469e-01
  3163.20      3.1614  1.9700e-01  2.0388e-01
  3161.70      3.1629  1.9622e-01  2.0308e-01
  3160.20      3.1644  1.9545e-01  2.0228e-01
  3158.70      3.1659  1.9468e-01  2.0147e-01
  3157.20      3.1674  1.9390e-01  2.0068e-01
  3155.70      3.1689  1.9312e-01  1.9986e-01
  3154.20      3.1704  1.9234e-01  1.9905e-01
  3152.70      3.1719  1.9155e-01  1.9823e-01
  3151.20      3.1734  1.9075e-01  1.9740e-01
  3149.70      3.1749  1.8997e-01  1.9658e-01
  3148.20      3.1764  1.8918e-01  1.9575e-01
  3146.70      3.1779  1.8840e-01  1.9493e-01
  3145.20      3.1795  1.8763e-01  1.9412e-01
  3143.70      3.1810  1.8686e-01  1.9332e-01
  3142.20      3.1825  1.8610e-01  1.9252e-01
  3140.70      3.1840  1.8536e-01  1.9173e-01
  3139.20      3.1855  1.8462e-01  1.9094e-01
  3137.70      3.1871  1.8390e-01  1.9016e-01
  3136.20      3.1886  1.8318e-01  1.8938e-01
  3134.70      3.1901  1.8248e-01  1.8861e-01
  3133.20      3.1916  1.8179e-01  1.8785e-01
  3131.70      3.1932  1.8110e-01  1.8709e-01
  3130.20      3.1947  1.8041e-01  1.8635e-01
  3128.70      3.1962  1.7972e-01  1.8561e-01
  3127.20      3.1978  1.7903e-01  1.8487e-01
  3125.69      3.1993  1.7833e-01  1.8413e-01
  3124.19      3.2008  1.7763e-01  1.8338e-01
  3122.69      3.2024  1.7692e-01  1.8262e-01
  3121.19      3.2039  1.7619e-01  1.8187e-01
  3119.69      3.2054  1.7546e-01  1.8109e-01
  3118.19      3.2070  1.7472e-01  1.8032e-01
  3116.69      3.2085  1.7399e-01  1.7953e-01
  3115.19      3.2101  1.7326e-01  1.7875e-01
  3113.69      3.2116  1.7254e-01  1.7798e-01
  3112.19      3.2132  1.7183e-01  1.7723e-01
  3110.69      3.2147  1.7113e-01  1.7649e-01
  3109.19      3.2163  1.7043e-01  1.7576e-01
  3107.69      3.2178  1.6974e-01  1.7505e-01
  3106.19      3.2194  1.6907e-01  1.7434e-01
  3104.69      3.2209  1.6841e-01  1.7365e-01
  3103.19      3.2225  1.6775e-01  1.7297e-01
  3101.69      3.2240  1.6710e-01  1.7228e-01
  3100.19      3.2256  1.6645e-01  1.7160e-01
  3098.69      3.2272  1.6582e-01  1.7091e-01
  3097.19      3.2287  1.6518e-01  1.7025e-01
  3095.69      3.2303  1.6456e-01  1.6959e-01
  3094.19      3.2319  1.6396e-01  1.6894e-01
  3092.69      3.2334  1.6335e-01  1.6829e-01
  3091.19      3.2350  1.6275e-01  1.6766e-01
  3089.69      3.2366  1.6215e-01  1.6703e-01
  3088.19      3.2381  1.6155e-01  1.6640e-01
  3086.69      3.2397  1.6094e-01  1.6577e-01
  3085.19      3.2413  1.6034e-01  1.6512e-01
  3083.69      3.2429  1.5972e-01  1.6449e-01
  3082.19      3.2444  1.5911e-01  1.6384e-01
  3080.69      3.2460  1.5850e-01  1.6319e-01
  3079.19      3.2476  1.5789e-01  1.6254e-01
  3077.69      3.2492  1.5729e-01  1.6190e-01
  3076.19      3.2508  1.5669e-01  1.6128e-01
  3074.69      3.2524  1.5611e-01  1.6067e-01
  3073.19      3.2539  1.5554e-01  1.6007e-01
  3071.69      3.2555  1.5500e-01  1.5949e-01
  3070.19      3.2571  1.5446e-01  1.5892e-01
  3068.69      3.2587  1.5393e-01  1.5835e-01
  3067.19      3.2603  1.5341e-01  1.5779e-01
  3065.69      3.2619  1.5288e-01  1.5725e-01
  3064.19      3.2635  1.5237e-01  1.5669e-01
  3062.69      3.2651  1.5187e-01  1.5614e-01
  3061.19      3.2667  1.5137e-01  1.5559e-01
  3059.69      3.2683  1.5087e-01  1.5505e-01
  3058.19      3.2699  1.5038e-01  1.5450e-01
  3056.69      3.2715  1.4988e-01  1.5397e-01
  3055.19      3.2731  1.4939e-01  1.5343e-01
  3053.69      3.2747  1.4889e-01  1.5291e-01
  3052.19      3.2763  1.4840e-01  1.5238e-01
  3050.69      3.2779  1.4791e-01  1.5186e-01
  3049.19      3.2796  1.4742e-01  1.5134e-01
  3047.69      3.2812  1.4692e-01  1.5082e-01
  3046.19      3.2828  1.4643e-01  1.5031e-01
  3044.69      3.2844  1.4593e-01  1.4980e-01
  3043.19      3.2860  1.4544e-01  1.4931e-01
  3041.69      3.2876  1.4495e-01  1.4881e-01
  3040.19      3.2893  1.4446e-01  1.4831e-01
  3038.69      3.2909  1.4398e-01  1.4782e-01
  3037.19      3.2925  1.4351e-01  1.4733e-01
  3035.69      3.2941  1.4306e-01  1.4686e-01
  3034.19      3.2958  1.4261e-01  1.4639e-01
  3032.69      3.2974  1.4216e-01  1.4592e-01
  3031.19      3.2990  1.4173e-01  1.4547e-01
  3029.69      3.3007  1.4131e-01  1.4502e-01
  3028.19      3.3023  1.4092e-01  1.4460e-01
  3026.69      3.3039  1.4053e-01  1.4418e-01
  3025.19      3.3056  1.4016e-01  1.4379e-01
  3023.69      3.3072  1.3979e-01  1.4339e-01
  3022.19      3.3089  1.3942e-01  1.4300e-01
  3020.69      3.3105  1.3905e-01  1.4262e-01
  3019.19      3.3122  1.3869e-01  1.4224e-01
  3017.69      3.3138  1.3833e-01  1.4185e-01
  3016.19      3.3154  1.3795e-01  1.4146e-01
  3014.69      3.3171  1.3758e-01  1.4106e-01
  3013.19      3.3187  1.3719e-01  1.4065e-01
  3011.69      3.3204  1.3681e-01  1.4025e-01
  3010.19      3.3221  1.3643e-01  1.3986e-01
  3008.69      3.3237  1.3607e-01  1.3949e-01
  3007.19      3.3254  1.3572e-01  1.3912e-01
  3005.69      3.3270  1.3538e-01  1.3877e-01
  3004.19      3.3287  1.3506e-01  1.3844e-01
  3002.69      3.3304  1.3474e-01  1.3810e-01
  3001.19      3.3320  1.3443e-01  1.3777e-01
  2999.69      3.3337  1.3412e-01  1.3745e-01
  2998.19      3.3354  1.3382e-01  1.3712e-01
  2996.69      3.3370  1.3351e-01  1.3678e-01
  2995.19      3.3387  1.3320e-01  1.3644e-01
  2993.69      3.3404  1.3288e-01  1.3609e-01
  2992.19      3.3420  1.3256e-01  1.3574e-01
  2990.68      3.3437  1.3225e-01  1.3540e-01
  2989.18      3.3454  1.3194e-01  1.3506e-01
  2987.68      3.3471  1.3164e-01  1.3472e-01
  2986.18      3.3488  1.3133e-01  1.3440e-01
  2984.68      3.3504  1.3104e-01  1.3408e-01
  2983.18      3.3521  1.3075e-01  1.3378e-01
  2981.68      3.3538  1.3047e-01  1.3347e-01
  2980.18      3.3555  1.3019e-01  1.3318e-01
  2978.68      3.3572  1.2991e-01  1.3289e-01
  2977.18      3.3589  1.2964e-01  1.3261e-01
  2975.68      3.3606  1.2936e-01  1.3233e-01
  2974.18      3.3623  1.2909e-01  1.3206e-01
  2972.68      3.3640  1.2882e-01  1.3179e-01
  2971.18      3.3657  1.2855e-01  1.3153e-01
  2969.68      3.3674  1.2829e-01  1.3129e-01
  2968.18      3.3691  1.2804e-01  1.3104e-01
  2966.68      3.3708  1.2780e-01  1.3080e-01
  2965.18      3.3725  1.2755e-01  1.3056e-01
  2963.68      3.3742  1.2732e-01  1.3032e-01
  2962.18      3.3759  1.2709e-01  1.3008e-01
  2960.68      3.3776  1.2686e-01  1.2984e-01
  2959.18      3.3793  1.2665e-01  1.2961e-01
  2957.68      3.3810  1.2643e-01  1.2938e-01
  2956.18      3.3827  1.2620e-01  1.2913e-01
  2954.68      3.3845  1.2598e-01  1.2890e-01
  2953.18      3.3862  1.2577e-01  1.2866e-01
  2951.68      3.3879  1.2555e-01  1.2842e-01
  2950.18      3.3896  1.2533e-01  1.2819e-01
  2948.68      3.3913  1.2513e-01  1.2796e-01
  2947.18      3.3931  1.2493e-01  1.2772e-01
  2945.68      3.3948  1.2473e-01  1.2750e-01
  2944.18      3.3965  1.2453e-01  1.2728e-01
  2942.68      3.3983  1.2436e-01  1.2708e-01
  2941.18      3.4000  1.2418e-01  1.2689e-01
  2939.68      3.4017  1.2402e-01  1.2671e-01
  2938.18      3.4035  1.2387e-01  1.2654e-01
  2936.68      3.4052  1.2371e-01  1.2638e-01
  2935.18      3.4069  1.2355e-01  1.2624e-01
  2933.68      3.4087  1.2339e-01  1.2609e-01
  2932.18      3.4104  1.2323e-01  1.2595e-01
  2930.68      3.4122  1.2307e-01  1.2580e-01
  2929.18      3.4139  1.2288e-01  1.2565e-01
  2927.68      3.4157  1.2267e-01  1.2546e-01
  2926.18      3.4174  1.2245e-01  1.2526e-01
  2924.68      3.4192  1.2219e-01  1.2503e-01
  2923.18      3.4209  1.2192e-01  1.2477e-01
  2921.68      3.4227  1.2160e-01  1.2447e-01
  2920.18      3.4244  1.2127e-01  1.2413e-01
  2918.68      3.4262  1.2092e-01  1.2377e-01
  2917.18      3.4280  1.2055e-01  1.2340e-01
  2915.68      3.4297  1.2017e-01  1.2300e-01
  2914.18      3.4315  1.1979e-01  1.2261e-01
  2912.68      3.4333  1.1944e-01  1.2224e-01
  2911.18      3.4350  1.1911e-01  1.2190e-01
  2909.68      3.4368  1.1881e-01  1.2158e-01
  2908.18      3.4386  1.1854e-01  1.2130e-01
  2906.68      3.4404  1.1830e-01  1.2106e-01
  2905.18      3.4421  1.1808e-01  1.2084e-01
  2903.68      3.4439  1.1790e-01  1.2064e-01
  2902.18      3.4457  1.1773e-01  1.2047e-01
  2900.68      3.4475  1.1759e-01  1.2029e-01
  2899.18      3.4493  1.1746e-01  1.2012e-01
  2897.68      3.4510  1.1733e-01  1.1996e-01
  2896.18      3.4528  1.1721e-01  1.1980e-01
  2894.68      3.4546  1.1709e-01  1.1965e-01
  2893.18      3.4564  1.1699e-01  1.1949e-01
  2891.68      3.4582  1.1688e-01  1.1936e-01
  2890.18      3.4600  1.1677e-01  1.1923e-01
  2888.68      3.4618  1.1666e-01  1.1913e-01
  2887.18      3.4636  1.1657e-01  1.1904e-01
  2885.68      3.4654  1.1646e-01  1.1896e-01
  2884.18      3.4672  1.1636e-01  1.1888e-01
  2882.68      3.4690  1.1626e-01  1.1881e-01
  2881.18      3.4708  1.1615e-01  1.1872e-01
  2879.68      3.4726  1.1604e-01  1.1863e-01
  2878.18      3.4744  1.1593e-01  1.1854e-01
  2876.68      3.4762  1.1582e-01  1.1843e-01
  2875.18      3.4780  1.1570e-01  1.1830e-01
  2873.68      3.4799  1.1559e-01  1.1817e-01
  2872.18      3.4817  1.1547e-01  1.1803e-01
  2870.68      3.4835  1.1537e-01  1.1791e-01
  2869.18      3.4853  1.1528e-01  1.1779e-01
  2867.68      3.4871  1.1520e-01  1.1769e-01
  2866.18      3.4890  1.1513e-01  1.1760e-01
  2864.68      3.4908  1.1507e-01  1.1753e-01
  2863.18      3.4926  1.1501e-01  1.1747e-01
  2861.68      3.4945  1.1495e-01  1.1741e-01
  2860.18      3.4963  1.1487e-01  1.1735e-01
  2858.68      3.4981  1.1478e-01  1.1728e-01
  2857.17      3.5000  1.1465e-01  1.1718e-01
  2855.67      3.5018  1.1451e-01  1.1705e-01
  2854.17      3.5036  1.1433e-01  1.1688e-01
  2852.67      3.5055  1.1413e-01  1.1668e-01
  2851.17      3.5073  1.1391e-01  1.1647e-01
  2849.67      3.5092  1.1368e-01  1.1622e-01
  2848.17      3.5110  1.1344e-01  1.1595e-01
  2846.67      3.5129  1.1320e-01  1.1569e-01
  2845.17      3.5147  1.1298e-01  1.1545e-01
  2843.67      3.5166  1.1280e-01  1.1524e-01
  2842.17      3.5184  1.1264e-01  1.1506e-01
  2840.67      3.5203  1.1251e-01  1.1491e-01
  2839.17      3.5222  1.1240e-01  1.1478e-01
  2837.67      3.5240  1.1229e-01  1.1469e-01
  2836.17      3.5259  1.1222e-01  1.1462e-01
  2834.67      3.5277  1.1216e-01  1.1456e-01
  2833.17      3.5296  1.1211e-01  1.1452e-01
  2831.67      3.5315  1.1206e-01  1.1447e-01
  2830.17      3.5334  1.1200e-01  1.1442e-01
  2828.67      3.5352  1.1195e-01  1.1437e-01
  2827.17      3.5371  1.1188e-01  1.1431e-01
  2825.67      3.5390  1.1181e-01  1.1425e-01
  2824.17      3.5409  1.1174e-01  1.1419e-01
  2822.67      3.5427  1.1165e-01  1.1413e-01
  2821.17      3.5446  1.1157e-01  1.1406e-01
  2819.67      3.5465  1.1148e-01  1.1397e-01
  2818.17      3.5484  1.1138e-01  1.1388e-01
  2816.67      3.5503  1.1127e-01  1.1380e-01
  2815.17      3.5522  1.1116e-01  1.1370e-01
  2813.67      3.5541  1.1105e-01  1.1360e-01
  2812.17      3.5560  1.1094e-01  1.1349e-01
  2810.67      3.5579  1.1082e-01  1.1339e-01
  2809.17      3.5598  1.1069e-01  1.1327e-01
  2807.67      3.5617  1.1057e-01  1.1316e-01
  2806.17      3.5636  1.1044e-01  1.1303e-01
  2804.67      3.5655  1.1031e-01  1.1291e-01
  2803.17      3.5674  1.1018e-01  1.1278e-01
  2801.67      3.5693  1.1005e-01  1.1264e-01
  2800.17      3.5712  1.0991e-01  1.1251e-01
  2798.67      3.5731  1.0978e-01  1.1238e-01
  2797.17      3.5750  1.0963e-01  1.1224e-01
  2795.67      3.5770  1.0949e-01  1.1210e-01
  2794.17      3.5789  1.0936e-01  1.1196e-01
  2792.67      3.5808  1.0922e-01  1.1183e-01
  2791.17      3.5827  1.0908e-01  1.1169e-01
  2789.67      3.5847  1.0895e-01  1.1156e-01
  2788.17      3.5866  1.0881e-01  1.1143e-01
  2786.67      3.5885  1.0868e-01  1.1130e-01
  2785.17      3.5904  1.0855e-01  1.1118e-01
  2783.67      3.5924  1.0843e-01  1.1108e-01
  2782.17      3.5943  1.0830e-01  1.1096e-01
  2780.67      3.5963  1.0819e-01  1.1085e-01
  2779.17      3.5982  1.0807e-01  1.1074e-01
  2777.67      3.6001  1.0795e-01  1.1061e-01
  2776.17      3.6021  1.0784e-01  1.1049e-01
  2774.67      3.6040  1.0771e-01  1.1036e-01
  2773.17      3.6060  1.0760e-01  1.1022e-01
  2771.67      3.6079  1.0747e-01  1.1008e-01
  2770.17      3.6099  1.0736e-01  1.0994e-01
  2768.67      3.6118  1.0723e-01  1.0980e-01
  2767.17      3.6138  1.0711e-01  1.0968e-01
  2765.67      3.6158  1.0697e-01  1.0956e-01
  2764.17      3.6177  1.0685e-01  1.0944e-01
  2762.67      3.6197  1.0673e-01  1.0934e-01
  2761.17      3.6217  1.0661e-01  1.0923e-01
  2759.67      3.6236  1.0649e-01  1.0914e-01
  2758.17      3.6256  1.0637e-01  1.0903e-01
  2756.67      3.6276  1.0625e-01  1.0893e-01
  2755.17      3.6295  1.0612e-01  1.0880e-01
  2753.67      3.6315  1.0600e-01  1.0869e-01
  2752.17      3.6335  1.0587e-01  1.0855e-01
  2750.67      3.6355  1.0575e-01  1.0843e-01
  2749.17      3.6375  1.0561e-01  1.0831e-01
  2747.67      3.6395  1.0549e-01  1.0817e-01
  2746.17      3.6414  1.0537e-01  1.0804e-01
  2744.67      3.6434  1.0525e-01  1.0791e-01
  2743.17      3.6454  1.0513e-01  1.0780e-01
  2741.67      3.6474  1.0503e-01  1.0769e-01
  2740.17      3.6494  1.0492e-01  1.0759e-01
  2738.67      3.6514  1.0481e-01  1.0748e-01
  2737.17      3.6534  1.0472e-01  1.0739e-01
  2735.67      3.6554  1.0463e-01  1.0730e-01
  2734.17      3.6574  1.0453e-01  1.0720e-01
  2732.67      3.6594  1.0445e-01  1.0711e-01
  2731.17      3.6614  1.0436e-01  1.0702e-01
  2729.67      3.6635  1.0427e-01  1.0691e-01
  2728.17      3.6655  1.0419e-01  1.0682e-01
  2726.67      3.6675  1.0411e-01  1.0671e-01
  2725.17      3.6695  1.0401e-01  1.0660e-01
  2723.67      3.6715  1.0392e-01  1.0649e-01
  2722.16      3.6735  1.0383e-01  1.0638e-01
  2720.66      3.6756  1.0372e-01  1.0627e-01
  2719.16      3.6776  1.0363e-01  1.0617e-01
  2717.66      3.6796  1.0353e-01  1.0607e-01
  2716.16      3.6817  1.0343e-01  1.0597e-01
  2714.66      3.6837  1.0334e-01  1.0588e-01
  2713.16      3.6857  1.0324e-01  1.0579e-01
  2711.66      3.6878  1.0314e-01  1.0570e-01
  2710.16      3.6898  1.0305e-01  1.0562e-01
  2708.66      3.6919  1.0296e-01  1.0553e-01
  2707.16      3.6939  1.0286e-01  1.0544e-01
  2705.66      3.6960  1.0278e-01  1.0537e-01
  2704.16      3.6980  1.0269e-01  1.0529e-01
  2702.66      3.7001  1.0260e-01  1.0520e-01
  2701.16      3.7021  1.0251e-01  1.0511e-01
  2699.66      3.7042  1.0242e-01  1.0503e-01
  2698.16      3.7062  1.0232e-01  1.0494e-01
  2696.66      3.7083  1.0223e-01  1.0486e-01
  2695.16      3.7104  1.0215e-01  1.0477e-01
  2693.66      3.7124  1.0205e-01  1.0468e-01
  2692.16      3.7145  1.0197e-01  1.0459e-01
  2690.66      3.7166  1.0188e-01  1.0450e-01
  2689.16      3.7186  1.0179e-01  1.0440e-01
  2687.66      3.7207  1.0170e-01  1.0431e-01
  2686.16      3.7228  1.0161e-01  1.0421e-01
  2684.66      3.7249  1.0151e-01  1.0410e-01
  2683.16      3.7269  1.0141e-01  1.0399e-01
  2681.66      3.7290  1.0131e-01  1.0388e-01
  2680.16      3.7311  1.0120e-01  1.0376e-01
  2678.66      3.7332  1.0109e-01  1.0364e-01
  2677.16      3.7353  1.0098e-01  1.0353e-01
  2675.66      3.7374  1.0087e-01  1.0342e-01
  2674.16      3.7395  1.0076e-01  1.0330e-01
  2672.66      3.7416  1.0066e-01  1.0319e-01
  2671.16      3.7437  1.0055e-01  1.0308e-01
  2669.66      3.7458  1.0045e-01  1.0297e-01
  2668.16      3.7479  1.0035e-01  1.0288e-01
  2666.66      3.7500  1.0024e-01  1.0278e-01
  2665.16      3.7521  1.0014e-01  1.0268e-01
  2663.66      3.7542  1.0005e-01  1.0260e-01
  2662.16      3.7563  9.9940e-02  1.0250e-01
  2660.66      3.7585  9.9850e-02  1.0241e-01
  2659.16      3.7606  9.9740e-02  1.0232e-01
  2657.66      3.7627  9.9640e-02  1.0221e-01
  2656.16      3.7648  9.9530e-02  1.0211e-01
  2654.66      3.7670  9.9430e-02  1.0201e-01
  2653.16      3.7691  9.9320e-02  1.0190e-01
  2651.66      3.7712  9.9220e-02  1.0178e-01
  2650.16      3.7734  9.9120e-02  1.0167e-01
  2648.66      3.7755  9.9030e-02  1.0155e-01
  2647.16      3.7776  9.8940e-02  1.0144e-01
  2645.66      3.7798  9.8850e-02  1.0134e-01
  2644.16      3.7819  9.8780e-02  1.0124e-01
  2642.66      3.7841  9.8700e-02  1.0114e-01
  2641.16      3.7862  9.8640e-02  1.0105e-01
  2639.66      3.7884  9.8570e-02  1.0096e-01
  2638.16      3.7905  9.8520e-02  1.0088e-01
  2636.66      3.7927  9.8460e-02  1.0081e-01
  2635.16      3.7948  9.8420e-02  1.0073e-01
  2633.66      3.7970  9.8370e-02  1.0066e-01
  2632.16      3.7992  9.8320e-02  1.0059e-01
  2630.66      3.8013  9.8280e-02  1.0053e-01
  2629.16      3.8035  9.8230e-02  1.0046e-01
  2627.66      3.8057  9.8180e-02  1.0039e-01
  2626.16      3.8078  9.8130e-02  1.0033e-01
  2624.66      3.8100  9.8080e-02  1.0027e-01
  2623.16      3.8122  9.8020e-02  1.0022e-01
  2621.66      3.8144  9.7970e-02  1.0017e-01
  2620.16      3.8166  9.7920e-02  1.0012e-01
  2618.66      3.8188  9.7860e-02  1.0007e-01
  2617.16      3.8209  9.7800e-02  1.0003e-01
  2615.66      3.8231  9.7760e-02  9.9970e-02
  2614.16      3.8253  9.7710e-02  9.9920e-02
  2612.66      3.8275  9.7670e-02  9.9880e-02
  2611.16      3.8297  9.7630e-02  9.9820e-02
  2609.66      3.8319  9.7590e-02  9.9770e-02
  2608.16      3.8341  9.7570e-02  9.9720e-02
  2606.66      3.8363  9.7550e-02  9.9680e-02
  2605.16      3.8385  9.7530e-02  9.9640e-02
  2603.66      3.8408  9.7510e-02  9.9610e-02
  2602.16      3.8430  9.7480e-02  9.9580e-02
  2600.66      3.8452  9.7460e-02  9.9560e-02
  2599.16      3.8474  9.7440e-02  9.9540e-02
  2597.66      3.8496  9.7420e-02  9.9520e-02
  2596.16      3.8518  9.7400e-02  9.9510e-02
  2594.66      3.8541  9.7370e-02  9.9480e-02
  2593.16      3.8563  9.7350e-02  9.9460e-02
  2591.66      3.8585  9.7320e-02  9.9440e-02
  2590.16      3.8608  9.7300e-02  9.9410e-02
  2588.65      3.8630  9.7280e-02  9.9390e-02
  2587.15      3.8652  9.7250e-02  9.9350e-02
  2585.65      3.8675  9.7220e-02  9.9320e-02
  2584.15      3.8697  9.7190e-02  9.9290e-02
  2582.65      3.8720  9.7150e-02  9.9250e-02
  2581.15      3.8742  9.7110e-02  9.9210e-02
  2579.65      3.8765  9.7070e-02  9.9170e-02
  2578.15      3.8787  9.7020e-02  9.9120e-02
  2576.65      3.8810  9.6980e-02  9.9080e-02
  2575.15      3.8833  9.6930e-02  9.9020e-02
  2573.65      3.8855  9.6880e-02  9.8970e-02
  2572.15      3.8878  9.6840e-02  9.8910e-02
  2570.65      3.8901  9.6790e-02  9.8860e-02
  2569.15      3.8923  9.6730e-02  9.8800e-02
  2567.65      3.8946  9.6690e-02  9.8730e-02
  2566.15      3.8969  9.6630e-02  9.8670e-02
  2564.65      3.8992  9.6580e-02  9.8610e-02
  2563.15      3.9014  9.6530e-02  9.8560e-02
  2561.65      3.9037  9.6480e-02  9.8500e-02
  2560.15      3.9060  9.6430e-02  9.8440e-02
  2558.65      3.9083  9.6380e-02  9.8370e-02
  2557.15      3.9106  9.6330e-02  9.8320e-02
  2555.65      3.9129  9.6290e-02  9.8260e-02
  2554.15      3.9152  9.6240e-02  9.8220e-02
  2552.65      3.9175  9.6210e-02  9.8160e-02
  2551.15      3.9198  9.6170e-02  9.8100e-02
  2549.65      3.9221  9.6130e-02  9.8060e-02
  2548.15      3.9244  9.6100e-02  9.8010e-02
  2546.65      3.9267  9.6060e-02  9.7950e-02
  2545.15      3.9290  9.6030e-02  9.7920e-02
  2543.65      3.9314  9.5990e-02  9.7870e-02
  2542.15      3.9337  9.5950e-02  9.7830e-02
  2540.65      3.9360  9.5920e-02  9.7790e-02
  2539.15      3.9383  9.5890e-02  9.7770e-02
  2537.65      3.9407  9.5870e-02  9.7740e-02
  2536.15      3.9430  9.5850e-02  9.7720e-02
  2534.65      3.9453  9.5840e-02  9.7720e-02
  2533.15      3.9477  9.5830e-02  9.7710e-02
  2531.65      3.9500  9.5820e-02  9.7710e-02
  2530.15      3.9523  9.5820e-02  9.7720e-02
  2528.65      3.9547  9.5820e-02  9.7730e-02
  2527.15      3.9570  9.5830e-02  9.7740e-02
  2525.65      3.9594  9.5840e-02  9.7760e-02
  2524.15      3.9617  9.5850e-02  9.7780e-02
  2522.65      3.9641  9.5880e-02  9.7800e-02
  2521.15      3.9664  9.5890e-02  9.7820e-02
  2519.65      3.9688  9.5920e-02  9.7850e-02
  2518.15      3.9712  9.5950e-02  9.7880e-02
  2516.65      3.9735  9.5990e-02  9.7910e-02
  2515.15      3.9759  9.6040e-02  9.7960e-02
  2513.65      3.9783  9.6080e-02  9.8000e-02
  2512.15      3.9807  9.6150e-02  9.8030e-02
  2510.65      3.9830  9.6220e-02  9.8080e-02
  2509.15      3.9854  9.6280e-02  9.8120e-02
  2507.65      3.9878  9.6360e-02  9.8180e-02
  2506.15      3.9902  9.6440e-02  9.8230e-02
  2504.65      3.9926  9.6520e-02  9.8300e-02
  2503.15      3.9950  9.6600e-02  9.8370e-02
  2501.65      3.9974  9.6670e-02  9.8430e-02
  2500.15      3.9998  9.6740e-02  9.8500e-02
  2498.65      4.0022  9.6820e-02  9.8580e-02
  2497.15      4.0046  9.6880e-02  9.8670e-02
  2495.65      4.0070  9.6940e-02  9.8750e-02
  2494.15      4.0094  9.7000e-02  9.8820e-02
  2492.65      4.0118  9.7050e-02  9.8900e-02
  2491.15      4.0142  9.7120e-02  9.8970e-02
  2489.65      4.0166  9.7170e-02  9.9040e-02
  2488.15      4.0191  9.7230e-02  9.9110e-02
  2486.65      4.0215  9.7280e-02  9.9180e-02
  2485.15      4.0239  9.7350e-02  9.9250e-02
  2483.65      4.0263  9.7410e-02  9.9320e-02
  2482.15      4.0288  9.7470e-02  9.9390e-02
  2480.65      4.0312  9.7530e-02  9.9460e-02
  2479.15      4.0336  9.7600e-02  9.9550e-02
  2477.65      4.0361  9.7670e-02  9.9630e-02
  2476.15      4.0385  9.7750e-02  9.9710e-02
  2474.65      4.0410  9.7820e-02  9.9790e-02
  2473.15      4.0434  9.7890e-02  9.9850e-02
  2471.65      4.0459  9.7970e-02  9.9920e-02
  2470.15      4.0483  9.8050e-02  9.9980e-02
  2468.65      4.0508  9.8120e-02  1.0004e-01
  2467.15      4.0533  9.8190e-02  1.0009e-01
  2465.65      4.0557  9.8260e-02  1.0014e-01
  2464.15      4.0582  9.8340e-02  1.0019e-01
  2462.65      4.0607  9.8400e-02  1.0024e-01
  2461.15      4.0631  9.8470e-02  1.0030e-01
  2459.65      4.0656  9.8540e-02  1.0037e-01
  2458.15      4.0681  9.8610e-02  1.0045e-01
  2456.65      4.0706  9.8680e-02  1.0053e-01
  2455.15      4.0731  9.8750e-02  1.0061e-01
  2453.64      4.0756  9.8810e-02  1.0069e-01
  2452.14      4.0781  9.8880e-02  1.0078e-01
  2450.64      4.0806  9.8940e-02  1.0086e-01
  2449.14      4.0831  9.9000e-02  1.0094e-01
  2447.64      4.0856  9.9050e-02  1.0100e-01
  2446.14      4.0881  9.9110e-02  1.0107e-01
  2444.64      4.0906  9.9160e-02  1.0113e-01
  2443.14      4.0931  9.9210e-02  1.0119e-01
  2441.64      4.0956  9.9270e-02  1.0124e-01
  2440.14      4.0981  9.9320e-02  1.0129e-01
  2438.64      4.1006  9.9380e-02  1.0135e-01
  2437.14      4.1032  9.9440e-02  1.0142e-01
  2435.64      4.1057  9.9510e-02  1.0149e-01
  2434.14      4.1082  9.9580e-02  1.0155e-01
  2432.64      4.1108  9.9650e-02  1.0164e-01
  2431.14      4.1133  9.9730e-02  1.0172e-01
  2429.64      4.1158  9.9810e-02  1.0181e-01
  2428.14      4.1184  9.9890e-02  1.0190e-01
  2426.64      4.1209  9.9960e-02  1.0200e-01
  2425.14      4.1235  1.0005e-01  1.0209e-01
  2423.64      4.1260  1.0013e-01  1.0218e-01
  2422.14      4.1286  1.0022e-01  1.0228e-01
  2420.64      4.1311  1.0030e-01  1.0237e-01
  2419.14      4.1337  1.0039e-01  1.0246e-01
  2417.64      4.1363  1.0048e-01  1.0257e-01
  2416.14      4.1388  1.0059e-01  1.0267e-01
  2414.64      4.1414  1.0069e-01  1.0278e-01
  2413.14      4.1440  1.0079e-01  1.0289e-01
  2411.64      4.1466  1.0090e-01  1.0299e-01
  2410.14      4.1491  1.0101e-01  1.0311e-01
  2408.64      4.1517  1.0113e-01  1.0323e-01
  2407.14      4.1543  1.0124e-01  1.0335e-01
  2405.64      4.1569  1.0137e-01  1.0348e-01
  2404.14      4.1595  1.0149e-01  1.0361e-01
  2402.64      4.1621  1.0162e-01  1.0374e-01
  2401.14      4.1647  1.0175e-01  1.0388e-01
  2399.64      4.1673  1.0189e-01  1.0402e-01
  2398.14      4.1699  1.0201e-01  1.0417e-01
  2396.64      4.1725  1.0215e-01  1.0431e-01
  2395.14      4.1751  1.0227e-01  1.0446e-01
  2393.64      4.1777  1.0240e-01  1.0460e-01
  2392.14      4.1804  1.0252e-01  1.0474e-01
  2390.64      4.1830  1.0263e-01  1.0487e-01
  2389.14      4.1856  1.0275e-01  1.0501e-01
  2387.64      4.1882  1.0286e-01  1.0514e-01
  2386.14      4.1909  1.0297e-01  1.0527e-01
  2384.64      4.1935  1.0307e-01  1.0538e-01
  2383.14      4.1961  1.0320e-01  1.0551e-01
  2381.64      4.1988  1.0330e-01  1.0563e-01
  2380.14      4.2014  1.0343e-01  1.0576e-01
  2378.64      4.2041  1.0356e-01  1.0589e-01
  2377.14      4.2067  1.0370e-01  1.0601e-01
  2375.64      4.2094  1.0386e-01  1.0615e-01
  2374.14      4.2121  1.0402e-01  1.0629e-01
  2372.64      4.2147  1.0420e-01  1.0644e-01
  2371.14      4.2174  1.0439e-01  1.0660e-01
  2369.64      4.2201  1.0461e-01  1.0679e-01
  2368.14      4.2227  1.0483e-01  1.0697e-01
  2366.64      4.2254  1.0506e-01  1.0717e-01
  2365.14      4.2281  1.0530e-01  1.0740e-01
  2363.64      4.2308  1.0554e-01  1.0764e-01
  2362.14      4.2335  1.0577e-01  1.0789e-01
  2360.64      4.2361  1.0601e-01  1.0814e-01
  2359.14      4.2388  1.0623e-01  1.0839e-01
  2357.64      4.2415  1.0645e-01  1.0864e-01
  2356.14      4.2442  1.0665e-01  1.0887e-01
  2354.64      4.2469  1.0683e-01  1.0910e-01
  2353.14      4.2496  1.0702e-01  1.0930e-01
  2351.64      4.2524  1.0718e-01  1.0949e-01
  2350.14      4.2551  1.0733e-01  1.0966e-01
  2348.64      4.2578  1.0748e-01  1.0982e-01
  2347.14      4.2605  1.0761e-01  1.0997e-01
  2345.64      4.2632  1.0774e-01  1.1011e-01
  2344.14      4.2660  1.0786e-01  1.1025e-01
  2342.64      4.2687  1.0799e-01  1.1039e-01
  2341.14      4.2714  1.0811e-01  1.1052e-01
  2339.64      4.2742  1.0824e-01  1.1066e-01
  2338.14      4.2769  1.0836e-01  1.1080e-01
  2336.64      4.2797  1.0849e-01  1.1094e-01
  2335.14      4.2824  1.0860e-01  1.1108e-01
  2333.64      4.2852  1.0872e-01  1.1122e-01
  2332.14      4.2879  1.0885e-01  1.1135e-01
  2330.64      4.2907  1.0897e-01  1.1148e-01
  2329.14      4.2934  1.0908e-01  1.1161e-01
  2327.64      4.2962  1.0918e-01  1.1174e-01
  2326.14      4.2990  1.0927e-01  1.1187e-01
  2324.64      4.3018  1.0936e-01  1.1200e-01
  2323.14      4.3045  1.0946e-01  1.1214e-01
  2321.64      4.3073  1.0955e-01  1.1226e-01
  2320.13      4.3101  1.0964e-01  1.1238e-01
  2318.63      4.3129  1.0974e-01  1.1250e-01
  2317.13      4.3157  1.0983e-01  1.1262e-01
  2315.63      4.3185  1.0992e-01  1.1273e-01
  2314.13      4.3213  1.1003e-01  1.1283e-01
  2312.63      4.3241  1.1015e-01  1.1294e-01
  2311.13      4.3269  1.1027e-01  1.1305e-01
  2309.63      4.3297  1.1039e-01  1.1315e-01
  2308.13      4.3325  1.1051e-01  1.1327e-01
  2306.63      4.3353  1.1063e-01  1.1338e-01
  2305.13      4.3381  1.1076e-01  1.1350e-01
  2303.63      4.3410  1.1089e-01  1.1361e-01
  2302.13      4.3438  1.1102e-01  1.1374e-01
  2300.63      4.3466  1.1114e-01  1.1386e-01
  2299.13      4.3495  1.1127e-01  1.1399e-01
  2297.63      4.3523  1.1139e-01  1.1412e-01
  2296.13      4.3551  1.1152e-01  1.1425e-01
  2294.63      4.3580  1.1164e-01  1.1438e-01
  2293.13      4.3608  1.1175e-01  1.1450e-01
  2291.63      4.3637  1.1188e-01  1.1463e-01
  2290.13      4.3666  1.1199e-01  1.1476e-01
  2288.63      4.3694  1.1211e-01  1.1489e-01
  2287.13      4.3723  1.1223e-01  1.1501e-01
  2285.63      4.3752  1.1235e-01  1.1514e-01
  2284.13      4.3780  1.1247e-01  1.1527e-01
  2282.63      4.3809  1.1260e-01  1.1541e-01
  2281.13      4.3838  1.1272e-01  1.1554e-01
  2279.63      4.3867  1.1285e-01  1.1567e-01
  2278.13      4.3896  1.1297e-01  1.1581e-01
  2276.63      4.3925  1.1310e-01  1.1595e-01
  2275.13      4.3953  1.1323e-01  1.1609e-01
  2273.63      4.3983  1.1336e-01  1.1623e-01
  2272.13      4.4012  1.1349e-01  1.1637e-01
  2270.63      4.4041  1.1361e-01  1.1651e-01
  2269.13      4.4070  1.1375e-01  1.1665e-01
  2267.63      4.4099  1.1387e-01  1.1679e-01
  2266.13      4.4128  1.1401e-01  1.1693e-01
  2264.63      4.4157  1.1414e-01  1.1706e-01
  2263.13      4.4187  1.1427e-01  1.1719e-01
  2261.63      4.4216  1.1441e-01  1.1732e-01
  2260.13      4.4245  1.1453e-01  1.1743e-01
  2258.63      4.4275  1.1466e-01  1.1756e-01
  2257.13      4.4304  1.1478e-01  1.1766e-01
  2255.63      4.4334  1.1490e-01  1.1776e-01
  2254.13      4.4363  1.1501e-01  1.1786e-01
  2252.63      4.4393  1.1510e-01  1.1794e-01
  2251.13      4.4422  1.1520e-01  1.1804e-01
  2249.63      4.4452  1.1528e-01  1.1811e-01
  2248.13      4.4481  1.1537e-01  1.1819e-01
  2246.63      4.4511  1.1544e-01  1.1827e-01
  2245.13      4.4541  1.1551e-01  1.1834e-01
  2243.63      4.4571  1.1558e-01  1.1842e-01
  2242.13      4.4600  1.1564e-01  1.1848e-01
  2240.63      4.4630  1.1570e-01  1.1854e-01
  2239.13      4.4660  1.1576e-01  1.1860e-01
  2237.63      4.4690  1.1582e-01  1.1864e-01
  2236.13      4.4720  1.1588e-01  1.1869e-01
  2234.63      4.4750  1.1593e-01  1.1874e-01
  2233.13      4.4780  1.1598e-01  1.1877e-01
  2231.63      4.4810  1.1603e-01  1.1880e-01
  2230.13      4.4840  1.1608e-01  1.1883e-01
  2228.63      4.4871  1.1611e-01  1.1886e-01
  2227.13      4.4901  1.1614e-01  1.1889e-01
  2225.63      4.4931  1.1617e-01  1.1892e-01
  2224.13      4.4961  1.1619e-01  1.1894e-01
  2222.63      4.4992  1.1621e-01  1.1897e-01
  2221.13      4.5022  1.1621e-01  1.1899e-01
  2219.63      4.5053  1.1623e-01  1.1902e-01
  2218.13      4.5083  1.1624e-01  1.1903e-01
  2216.63      4.5114  1.1625e-01  1.1906e-01
  2215.13      4.5144  1.1626e-01  1.1907e-01
  2213.63      4.5175  1.1628e-01  1.1909e-01
  2212.13      4.5205  1.1630e-01  1.1912e-01
  2210.63      4.5236  1.1632e-01  1.1913e-01
  2209.13      4.5267  1.1635e-01  1.1916e-01
  2207.63      4.5298  1.1638e-01  1.1918e-01
  2206.13      4.5328  1.1642e-01  1.1922e-01
  2204.63      4.5359  1.1645e-01  1.1925e-01
  2203.13      4.5390  1.1649e-01  1.1929e-01
  2201.63      4.5421  1.1652e-01  1.1932e-01
  2200.13      4.5452  1.1657e-01  1.1936e-01
  2198.63      4.5483  1.1662e-01  1.1941e-01
  2197.13      4.5514  1.1666e-01  1.1945e-01
  2195.63      4.5545  1.1671e-01  1.1950e-01
  2194.13      4.5576  1.1676e-01  1.1955e-01
  2192.63      4.5607  1.1680e-01  1.1960e-01
  2191.13      4.5639  1.1686e-01  1.1965e-01
  2189.63      4.5670  1.1692e-01  1.1971e-01
  2188.12      4.5701  1.1697e-01  1.1977e-01
  2186.62      4.5733  1.1702e-01  1.1983e-01
  2185.12      4.5764  1.1708e-01  1.1989e-01
  2183.62      4.5795  1.1716e-01  1.1996e-01
  2182.12      4.5827  1.1722e-01  1.2003e-01
  2180.62      4.5858  1.1730e-01  1.2011e-01
  2179.12      4.5890  1.1739e-01  1.2020e-01
  2177.62      4.5922  1.1747e-01  1.2028e-01
  2176.12      4.5953  1.1757e-01  1.2038e-01
  2174.62      4.5985  1.1766e-01  1.2047e-01
  2173.12      4.6017  1.1775e-01  1.2057e-01
  2171.62      4.6048  1.1786e-01  1.2068e-01
  2170.12      4.6080  1.1795e-01  1.2078e-01
  2168.62      4.6112  1.1805e-01  1.2088e-01
  2167.12      4.6144  1.1815e-01  1.2098e-01
  2165.62      4.6176  1.1825e-01  1.2108e-01
  2164.12      4.6208  1.1835e-01  1.2117e-01
  2162.62      4.6240  1.1846e-01  1.2127e-01
  2161.12      4.6272  1.1855e-01  1.2136e-01
  2159.62      4.6304  1.1864e-01  1.2145e-01
  2158.12      4.6337  1.1874e-01  1.2155e-01
  2156.62      4.6369  1.1883e-01  1.2164e-01
  2155.12      4.6401  1.1892e-01  1.2173e-01
  2153.62      4.6433  1.1902e-01  1.2183e-01
  2152.12      4.6466  1.1911e-01  1.2192e-01
  2150.62      4.6498  1.1920e-01  1.2201e-01
  2149.12      4.6531  1.1929e-01  1.2210e-01
  2147.62      4.6563  1.1937e-01  1.2218e-01
  2146.12      4.6596  1.1946e-01  1.2226e-01
  2144.62      4.6628  1.1955e-01  1.2234e-01
  2143.12      4.6661  1.1963e-01  1.2242e-01
  2141.62      4.6694  1.1971e-01  1.2249e-01
  2140.12      4.6726  1.1978e-01  1.2256e-01
  2138.62      4.6759  1.1985e-01  1.2262e-01
  2137.12      4.6792  1.1992e-01  1.2269e-01
  2135.62      4.6825  1.1998e-01  1.2275e-01
  2134.12      4.6858  1.2002e-01  1.2279e-01
  2132.62      4.6891  1.2007e-01  1.2284e-01
  2131.12      4.6924  1.2010e-01  1.2288e-01
  2129.62      4.6957  1.2013e-01  1.2291e-01
  2128.12      4.6990  1.2016e-01  1.2293e-01
  2126.62      4.7023  1.2018e-01  1.2295e-01
  2125.12      4.7056  1.2019e-01  1.2297e-01
  2123.62      4.7089  1.2020e-01  1.2298e-01
  2122.12      4.7123  1.2020e-01  1.2298e-01
  2120.62      4.7156  1.2020e-01  1.2299e-01
  2119.12      4.7189  1.2020e-01  1.2300e-01
  2117.62      4.7223  1.2019e-01  1.2301e-01
  2116.12      4.7256  1.2019e-01  1.2301e-01
  2114.62      4.7290  1.2019e-01  1.2302e-01
  2113.12      4.7323  1.2019e-01  1.2302e-01
  2111.62      4.7357  1.2019e-01  1.2303e-01
  2110.12      4.7391  1.2019e-01  1.2304e-01
  2108.62      4.7424  1.2020e-01  1.2304e-01
  2107.12      4.7458  1.2021e-01  1.2304e-01
  2105.62      4.7492  1.2023e-01  1.2304e-01
  2104.12      4.7526  1.2026e-01  1.2304e-01
  2102.62      4.7560  1.2027e-01  1.2304e-01
  2101.12      4.7594  1.2029e-01  1.2305e-01
  2099.62      4.7628  1.2032e-01  1.2305e-01
  2098.12      4.7662  1.2034e-01  1.2307e-01
  2096.62      4.7696  1.2037e-01  1.2308e-01
  2095.12      4.7730  1.2039e-01  1.2311e-01
  2093.62      4.7764  1.2042e-01  1.2314e-01
  2092.12      4.7798  1.2045e-01  1.2317e-01
  2090.62      4.7833  1.2047e-01  1.2321e-01
  2089.12      4.7867  1.2051e-01  1.2325e-01
  2087.62      4.7901  1.2054e-01  1.2329e-01
  2086.12      4.7936  1.2059e-01  1.2334e-01
  2084.62      4.7970  1.2063e-01  1.2339e-01
  2083.12      4.8005  1.2069e-01  1.2343e-01
  2081.62      4.8040  1.2075e-01  1.2349e-01
  2080.12      4.8074  1.2081e-01  1.2354e-01
  2078.62      4.8109  1.2088e-01  1.2361e-01
  2077.12      4.8144  1.2097e-01  1.2370e-01
  2075.62      4.8178  1.2105e-01  1.2378e-01
  2074.12      4.8213  1.2114e-01  1.2388e-01
  2072.62      4.8248  1.2124e-01  1.2399e-01
  2071.12      4.8283  1.2134e-01  1.2410e-01
  2069.62      4.8318  1.2144e-01  1.2421e-01
  2068.12      4.8353  1.2154e-01  1.2432e-01
  2066.62      4.8388  1.2164e-01  1.2443e-01
  2065.12      4.8423  1.2173e-01  1.2453e-01
  2063.62      4.8459  1.2184e-01  1.2463e-01
  2062.12      4.8494  1.2194e-01  1.2473e-01
  2060.62      4.8529  1.2205e-01  1.2484e-01
  2059.12      4.8565  1.2216e-01  1.2495e-01
  2057.62      4.8600  1.2229e-01  1.2507e-01
  2056.12      4.8635  1.2242e-01  1.2519e-01
  2054.61      4.8671  1.2255e-01  1.2534e-01
  2053.11      4.8706  1.2269e-01  1.2548e-01
  2051.61      4.8742  1.2284e-01  1.2563e-01
  2050.11      4.8778  1.2298e-01  1.2578e-01
  2048.61      4.8813  1.2312e-01  1.2594e-01
  2047.11      4.8849  1.2326e-01  1.2609e-01
  2045.61      4.8885  1.2339e-01  1.2624e-01
  2044.11      4.8921  1.2353e-01  1.2639e-01
  2042.61      4.8957  1.2366e-01  1.2655e-01
  2041.11      4.8993  1.2380e-01  1.2671e-01
  2039.61      4.9029  1.2393e-01  1.2686e-01
  2038.11      4.9065  1.2407e-01  1.2702e-01
  2036.61      4.9101  1.2421e-01  1.2716e-01
  2035.11      4.9137  1.2435e-01  1.2732e-01
  2033.61      4.9174  1.2449e-01  1.2747e-01
  2032.11      4.9210  1.2463e-01  1.2763e-01
  2030.61      4.9246  1.2478e-01  1.2778e-01
  2029.11      4.9283  1.2493e-01  1.2794e-01
  2027.61      4.9319  1.2508e-01  1.2811e-01
  2026.11      4.9356  1.2522e-01  1.2826e-01
  2024.61      4.9392  1.2537e-01  1.2842e-01
  2023.11      4.9429  1.2551e-01  1.2858e-01
  2021.61      4.9465  1.2566e-01  1.2875e-01
  2020.11      4.9502  1.2580e-01  1.2889e-01
  2018.61      4.9539  1.2596e-01  1.2904e-01
  2017.11      4.9576  1.2610e-01  1.2919e-01
  2015.61      4.9613  1.2625e-01  1.2933e-01
  2014.11      4.9650  1.2639e-01  1.2947e-01
  2012.61      4.9687  1.2654e-01  1.2961e-01
  2011.11      4.9724  1.2670e-01  1.2976e-01
  2009.61      4.9761  1.2685e-01  1.2991e-01
  2008.11      4.9798  1.2702e-01  1.3007e-01
  2006.61      4.9835  1.2719e-01  1.3024e-01
  2005.11      4.9873  1.2736e-01  1.3043e-01
  2003.61      4.9910  1.2755e-01  1.3063e-01
  2002.11      4.9947  1.2774e-01  1.3082e-01
  2000.61      4.9985  1.2794e-01  1.3103e-01
  1999.11      5.0022  1.2812e-01  1.3122e-01
  1997.61      5.0060  1.2832e-01  1.3142e-01
  1996.11      5.0097  1.2851e-01  1.3162e-01
  1994.61      5.0135  1.2870e-01  1.3182e-01
  1993.11      5.0173  1.2889e-01  1.3202e-01
  1991.61      5.0211  1.2908e-01  1.3221e-01
  1990.11      5.0248  1.2926e-01  1.3240e-01
  1988.61      5.0286  1.2946e-01  1.3261e-01
  1987.11      5.0324  1.2966e-01  1.3283e-01
  1985.61      5.0362  1.2987e-01  1.3306e-01
  1984.11      5.0400  1.3010e-01  1.3330e-01
  1982.61      5.0439  1.3034e-01  1.3356e-01
  1981.11      5.0477  1.3060e-01  1.3383e-01
  1979.61      5.0515  1.3088e-01  1.3413e-01
  1978.11      5.0553  1.3117e-01  1.3444e-01
  1976.61      5.0592  1.3148e-01  1.3477e-01
  1975.11      5.0630  1.3180e-01  1.3510e-01
  1973.61      5.0669  1.3212e-01  1.3544e-01
  1972.11      5.0707  1.3247e-01  1.3580e-01
  1970.61      5.0746  1.3281e-01  1.3617e-01
  1969.11      5.0784  1.3317e-01  1.3653e-01
  1967.61      5.0823  1.3353e-01  1.3691e-01
  1966.11      5.0862  1.3390e-01  1.3729e-01
  1964.61      5.0901  1.3427e-01  1.3768e-01
  1963.11      5.0940  1.3466e-01  1.3807e-01
  1961.61      5.0979  1.3507e-01  1.3849e-01
  1960.11      5.1018  1.3548e-01  1.3891e-01
  1958.61      5.1057  1.3591e-01  1.3935e-01
  1957.11      5.1096  1.3636e-01  1.3981e-01
  1955.61      5.1135  1.3681e-01  1.4028e-01
  1954.11      5.1174  1.3728e-01  1.4076e-01
  1952.61      5.1214  1.3776e-01  1.4125e-01
  1951.11      5.1253  1.3824e-01  1.4175e-01
  1949.61      5.1292  1.3873e-01  1.4225e-01
  1948.11      5.1332  1.3921e-01  1.4275e-01
  1946.61      5.1371  1.3969e-01  1.4324e-01
  1945.11      5.1411  1.4018e-01  1.4375e-01
  1943.61      5.1451  1.4065e-01  1.4425e-01
  1942.11      5.1490  1.4112e-01  1.4475e-01
  1940.61      5.1530  1.4159e-01  1.4525e-01
  1939.11      5.1570  1.4209e-01  1.4577e-01
  1937.61      5.1610  1.4261e-01  1.4631e-01
  1936.11      5.1650  1.4314e-01  1.4687e-01
  1934.61      5.1690  1.4370e-01  1.4746e-01
  1933.11      5.1730  1.4427e-01  1.4805e-01
  1931.61      5.1770  1.4486e-01  1.4865e-01
  1930.11      5.1811  1.4547e-01  1.4927e-01
  1928.61      5.1851  1.4607e-01  1.4990e-01
  1927.11      5.1891  1.4669e-01  1.5051e-01
  1925.61      5.1932  1.4729e-01  1.5111e-01
  1924.11      5.1972  1.4788e-01  1.5169e-01
  1922.61      5.2013  1.4845e-01  1.5226e-01
  1921.11      5.2053  1.4902e-01  1.5282e-01
  1919.60      5.2094  1.4958e-01  1.5339e-01
  1918.10      5.2135  1.5014e-01  1.5396e-01
  1916.60      5.2176  1.5068e-01  1.5453e-01
  1915.10      5.2216  1.5124e-01  1.5511e-01
  1913.60      5.2257  1.5181e-01  1.5571e-01
  1912.10      5.2298  1.5240e-01  1.5634e-01
  1910.60      5.2339  1.5299e-01  1.5698e-01
  1909.10      5.2381  1.5361e-01  1.5764e-01
  1907.60      5.2422  1.5424e-01  1.5831e-01
  1906.10      5.2463  1.5487e-01  1.5898e-01
  1904.60      5.2504  1.5554e-01  1.5968e-01
  1903.10      5.2546  1.5622e-01  1.6040e-01
  1901.60      5.2587  1.5691e-01  1.6111e-01
  1900.10      5.2629  1.5761e-01  1.6184e-01
  1898.60      5.2670  1.5831e-01  1.6256e-01
  1897.10      5.2712  1.5900e-01  1.6328e-01
  1895.60      5.2754  1.5970e-01  1.6401e-01
  1894.10      5.2795  1.6039e-01  1.6473e-01
  1892.60      5.2837  1.6108e-01  1.6545e-01
  1891.10      5.2879  1.6176e-01  1.6616e-01
  1889.60      5.2921  1.6245e-01  1.6687e-01
  1888.10      5.2963  1.6314e-01  1.6757e-01
  1886.60      5.3005  1.6383e-01  1.6827e-01
  1885.10      5.3048  1.6454e-01  1.6900e-01
  1883.60      5.3090  1.6529e-01  1.6975e-01
  1882.10      5.3132  1.6606e-01  1.7054e-01
  1880.60      5.3174  1.6686e-01  1.7136e-01
  1879.10      5.3217  1.6767e-01  1.7220e-01
  1877.60      5.3259  1.6847e-01  1.7305e-01
  1876.10      5.3302  1.6926e-01  1.7390e-01
  1874.60      5.3345  1.7006e-01  1.7474e-01
  1873.10      5.3387  1.7085e-01  1.7556e-01
  1871.60      5.3430  1.7162e-01  1.7637e-01
  1870.10      5.3473  1.7237e-01  1.7714e-01
  1868.60      5.3516  1.7308e-01  1.7787e-01
  1867.10      5.3559  1.7377e-01  1.7857e-01
  1865.60      5.3602  1.7447e-01  1.7928e-01
  1864.10      5.3645  1.7519e-01  1.8001e-01
  1862.60      5.3688  1.7595e-01  1.8079e-01
  1861.10      5.3732  1.7675e-01  1.8159e-01
  1859.60      5.3775  1.7757e-01  1.8243e-01
  1858.10      5.3818  1.7844e-01  1.8333e-01
  1856.60      5.3862  1.7934e-01  1.8428e-01
  1855.10      5.3905  1.8028e-01  1.8528e-01
  1853.60      5.3949  1.8122e-01  1.8629e-01
  1852.10      5.3993  1.8217e-01  1.8728e-01
  1850.60      5.4037  1.8310e-01  1.8826e-01
  1849.10      5.4080  1.8403e-01  1.8922e-01
  1847.60      5.4124  1.8492e-01  1.9016e-01
  1846.10      5.4168  1.8579e-01  1.9106e-01
  1844.60      5.4212  1.8664e-01  1.9192e-01
  1843.10      5.4256  1.8747e-01  1.9276e-01
  1841.60      5.4301  1.8831e-01  1.9362e-01
  1840.10      5.4345  1.8917e-01  1.9450e-01
  1838.60      5.4389  1.9004e-01  1.9541e-01
  1837.10      5.4434  1.9092e-01  1.9634e-01
  1835.60      5.4478  1.9181e-01  1.9727e-01
  1834.10      5.4523  1.9268e-01  1.9821e-01
  1832.60      5.4567  1.9357e-01  1.9915e-01
  1831.10      5.4612  1.9445e-01  2.0007e-01
  1829.60      5.4657  1.9530e-01  2.0097e-01
  1828.10      5.4702  1.9614e-01  2.0182e-01
  1826.60      5.4747  1.9696e-01  2.0266e-01
  1825.10      5.4792  1.9777e-01  2.0348e-01
  1823.60      5.4837  1.9860e-01  2.0432e-01
  1822.10      5.4882  1.9945e-01  2.0518e-01
  1820.60      5.4927  2.0032e-01  2.0607e-01
  1819.10      5.4972  2.0120e-01  2.0699e-01
  1817.60      5.5018  2.0212e-01  2.0794e-01
  1816.10      5.5063  2.0307e-01  2.0892e-01
  1814.60      5.5109  2.0405e-01  2.0992e-01
  1813.10      5.5154  2.0504e-01  2.1095e-01
  1811.60      5.5200  2.0604e-01  2.1197e-01
  1810.10      5.5246  2.0702e-01  2.1298e-01
  1808.60      5.5291  2.0799e-01  2.1397e-01
  1807.10      5.5337  2.0895e-01  2.1496e-01
  1805.60      5.5383  2.0992e-01  2.1596e-01
  1804.10      5.5429  2.1087e-01  2.1697e-01
  1802.60      5.5476  2.1180e-01  2.1797e-01
  1801.10      5.5522  2.1269e-01  2.1891e-01
  1799.60      5.5568  2.1352e-01  2.1980e-01
  1798.10      5.5614  2.1434e-01  2.2066e-01
  1796.60      5.5661  2.1515e-01  2.2150e-01
  1795.10      5.5707  2.1595e-01  2.2231e-01
  1793.60      5.5754  2.1672e-01  2.2310e-01
  1792.10      5.5801  2.1747e-01  2.2382e-01
  1790.60      5.5847  2.1818e-01  2.2452e-01
  1789.10      5.5894  2.1892e-01  2.2523e-01
  1787.60      5.5941  2.1970e-01  2.2601e-01
  1786.10      5.5988  2.2055e-01  2.2684e-01
  1784.59      5.6035  2.2143e-01  2.2773e-01
  1783.09      5.6082  2.2232e-01  2.2865e-01
  1781.59      5.6129  2.2319e-01  2.2959e-01
  1780.09      5.6177  2.2405e-01  2.3052e-01
  1778.59      5.6224  2.2489e-01  2.3144e-01
  1777.09      5.6272  2.2572e-01  2.3234e-01
  1775.59      5.6319  2.2653e-01  2.3318e-01
  1774.09      5.6367  2.2728e-01  2.3396e-01
  1772.59      5.6414  2.2795e-01  2.3464e-01
  1771.09      5.6462  2.2855e-01  2.3525e-01
  1769.59      5.6510  2.2912e-01  2.3580e-01
  1768.09      5.6558  2.2969e-01  2.3635e-01
  1766.59      5.6606  2.3027e-01  2.3691e-01
  1765.09      5.6654  2.3089e-01  2.3751e-01
  1763.59      5.6702  2.3154e-01  2.3814e-01
  1762.09      5.6751  2.3221e-01  2.3881e-01
  1760.59      5.6799  2.3289e-01  2.3950e-01
  1759.09      5.6847  2.3357e-01  2.4022e-01
  1757.59      5.6896  2.3427e-01  2.4096e-01
  1756.09      5.6945  2.3497e-01  2.4168e-01
  1754.59      5.6993  2.3565e-01  2.4238e-01
  1753.09      5.7042  2.3629e-01  2.4304e-01
  1751.59      5.7091  2.3688e-01  2.4363e-01
  1750.09      5.7140  2.3738e-01  2.4412e-01
  1748.59      5.7189  2.3782e-01  2.4455e-01
  1747.09      5.7238  2.3825e-01  2.4494e-01
  1745.59      5.7287  2.3865e-01  2.4532e-01
  1744.09      5.7336  2.3902e-01  2.4569e-01
  1742.59      5.7386  2.3932e-01  2.4599e-01
  1741.09      5.7435  2.3956e-01  2.4622e-01
  1739.59      5.7485  2.3972e-01  2.4636e-01
  1738.09      5.7534  2.3984e-01  2.4645e-01
  1736.59      5.7584  2.3994e-01  2.4652e-01
  1735.09      5.7634  2.4000e-01  2.4652e-01
  1733.59      5.7684  2.4000e-01  2.4644e-01
  1732.09      5.7734  2.3997e-01  2.4630e-01
  1730.59      5.7784  2.3998e-01  2.4622e-01
  1729.09      5.7834  2.4004e-01  2.4622e-01
  1727.59      5.7884  2.4014e-01  2.4631e-01
  1726.09      5.7934  2.4024e-01  2.4643e-01
  1724.59      5.7985  2.4034e-01  2.4655e-01
  1723.09      5.8035  2.4042e-01  2.4664e-01
  1721.59      5.8086  2.4048e-01  2.4673e-01
  1720.09      5.8136  2.4053e-01  2.4678e-01
  1718.59      5.8187  2.4053e-01  2.4672e-01
  1717.09      5.8238  2.4042e-01  2.4651e-01
  1715.59      5.8289  2.4022e-01  2.4620e-01
  1714.09      5.8340  2.4000e-01  2.4585e-01
  1712.59      5.8391  2.3981e-01  2.4555e-01
  1711.09      5.8442  2.3965e-01  2.4532e-01
  1709.59      5.8494  2.3950e-01  2.4513e-01
  1708.09      5.8545  2.3934e-01  2.4495e-01
  1706.59      5.8596  2.3910e-01  2.4473e-01
  1705.09      5.8648  2.3882e-01  2.4446e-01
  1703.59      5.8700  2.3850e-01  2.4412e-01
  1702.09      5.8751  2.3816e-01  2.4372e-01
  1700.59      5.8803  2.3776e-01  2.4318e-01
  1699.09      5.8855  2.3727e-01  2.4251e-01
  1697.59      5.8907  2.3676e-01  2.4178e-01
  1696.09      5.8959  2.3626e-01  2.4111e-01
  1694.59      5.9011  2.3576e-01  2.4049e-01
  1693.09      5.9064  2.3532e-01  2.3995e-01
  1691.59      5.9116  2.3496e-01  2.3952e-01
  1690.09      5.9169  2.3465e-01  2.3915e-01
  1688.59      5.9221  2.3441e-01  2.3886e-01
  1687.09      5.9274  2.3421e-01  2.3863e-01
  1685.59      5.9326  2.3402e-01  2.3839e-01
  1684.09      5.9379  2.3379e-01  2.3807e-01
  1682.59      5.9432  2.3352e-01  2.3769e-01
  1681.09      5.9485  2.3328e-01  2.3734e-01
  1679.59      5.9538  2.3305e-01  2.3700e-01
  1678.09      5.9592  2.3284e-01  2.3667e-01
  1676.59      5.9645  2.3263e-01  2.3634e-01
  1675.09      5.9698  2.3242e-01  2.3600e-01
  1673.59      5.9752  2.3220e-01  2.3567e-01
  1672.09      5.9806  2.3200e-01  2.3538e-01
  1670.59      5.9859  2.3183e-01  2.3511e-01
  1669.09      5.9913  2.3171e-01  2.3484e-01
  1667.59      5.9967  2.3165e-01  2.3459e-01
  1666.09      6.0021  2.3168e-01  2.3443e-01
  1664.59      6.0075  2.3173e-01  2.3439e-01
  1663.09      6.0129  2.3175e-01  2.3437e-01
  1661.59      6.0183  2.3174e-01  2.3431e-01
  1660.09      6.0238  2.3174e-01  2.3424e-01
  1658.59      6.0292  2.3171e-01  2.3417e-01
  1657.09      6.0347  2.3158e-01  2.3404e-01
  1655.59      6.0402  2.3131e-01  2.3374e-01
  1654.09      6.0456  2.3082e-01  2.3314e-01
  1652.59      6.0511  2.3006e-01  2.3221e-01
  1651.08      6.0566  2.2917e-01  2.3111e-01
  1649.58      6.0621  2.2823e-01  2.2998e-01
  1648.08      6.0676  2.2724e-01  2.2884e-01
  1646.58      6.0732  2.2612e-01  2.2758e-01
  1645.08      6.0787  2.2489e-01  2.2623e-01
  1643.58      6.0843  2.2362e-01  2.2486e-01
  1642.08      6.0898  2.2238e-01  2.2358e-01
  1640.58      6.0954  2.2118e-01  2.2238e-01
  1639.08      6.1010  2.2002e-01  2.2122e-01
  1637.58      6.1066  2.1880e-01  2.1995e-01
  1636.08      6.1122  2.1746e-01  2.1854e-01
  1634.58      6.1178  2.1600e-01  2.1703e-01
  1633.08      6.1234  2.1452e-01  2.1551e-01
  1631.58      6.1290  2.1306e-01  2.1399e-01
  1630.08      6.1347  2.1158e-01  2.1247e-01
  1628.58      6.1403  2.1004e-01  2.1090e-01
  1627.08      6.1460  2.0841e-01  2.0927e-01
  1625.58      6.1516  2.0670e-01  2.0759e-01
  1624.08      6.1573  2.0494e-01  2.0588e-01
  1622.58      6.1630  2.0316e-01  2.0415e-01
  1621.08      6.1687  2.0138e-01  2.0242e-01
  1619.58      6.1744  1.9959e-01  2.0066e-01
  1618.08      6.1802  1.9774e-01  1.9885e-01
  1616.58      6.1859  1.9585e-01  1.9698e-01
  1615.08      6.1916  1.9394e-01  1.9513e-01
  1613.58      6.1974  1.9209e-01  1.9335e-01
  1612.08      6.2032  1.9033e-01  1.9166e-01
  1610.58      6.2089  1.8863e-01  1.9006e-01
  1609.08      6.2147  1.8701e-01  1.8851e-01
  1607.58      6.2205  1.8545e-01  1.8702e-01
  1606.08      6.2263  1.8394e-01  1.8559e-01
  1604.58      6.2322  1.8249e-01  1.8423e-01
  1603.08      6.2380  1.8114e-01  1.8295e-01
  1601.58      6.2438  1.7983e-01  1.8172e-01
  1600.08      6.2497  1.7857e-01  1.8051e-01
  1598.58      6.2555  1.7736e-01  1.7934e-01
  1597.08      6.2614  1.7618e-01  1.7821e-01
  1595.58      6.2673  1.7507e-01  1.7714e-01
  1594.08      6.2732  1.7400e-01  1.7611e-01
  1592.58      6.2791  1.7300e-01  1.7516e-01
  1591.08      6.2850  1.7210e-01  1.7427e-01
  1589.58      6.2910  1.7127e-01  1.7348e-01
  1588.08      6.2969  1.7052e-01  1.7280e-01
  1586.58      6.3029  1.6982e-01  1.7217e-01
  1585.08      6.3088  1.6916e-01  1.7159e-01
  1583.58      6.3148  1.6855e-01  1.7105e-01
  1582.08      6.3208  1.6799e-01  1.7058e-01
  1580.58      6.3268  1.6746e-01  1.7014e-01
  1579.08      6.3328  1.6693e-01  1.6968e-01
  1577.58      6.3388  1.6637e-01  1.6918e-01
  1576.08      6.3449  1.6580e-01  1.6864e-01
  1574.58      6.3509  1.6527e-01  1.6812e-01
  1573.08      6.3570  1.6484e-01  1.6768e-01
  1571.58      6.3630  1.6451e-01  1.6739e-01
  1570.08      6.3691  1.6416e-01  1.6712e-01
  1568.58      6.3752  1.6378e-01  1.6685e-01
  1567.08      6.3813  1.6339e-01  1.6654e-01
  1565.58      6.3874  1.6298e-01  1.6622e-01
  1564.08      6.3935  1.6258e-01  1.6591e-01
  1562.58      6.3997  1.6216e-01  1.6554e-01
  1561.08      6.4058  1.6167e-01  1.6505e-01
  1559.58      6.4120  1.6104e-01  1.6436e-01
  1558.08      6.4182  1.6031e-01  1.6352e-01
  1556.58      6.4243  1.5962e-01  1.6274e-01
  1555.08      6.4305  1.5908e-01  1.6212e-01
  1553.58      6.4368  1.5867e-01  1.6167e-01
  1552.08      6.4430  1.5836e-01  1.6137e-01
  1550.58      6.4492  1.5808e-01  1.6117e-01
  1549.08      6.4555  1.5784e-01  1.6102e-01
  1547.58      6.4617  1.5766e-01  1.6095e-01
  1546.08      6.4680  1.5755e-01  1.6097e-01
  1544.58      6.4743  1.5745e-01  1.6094e-01
  1543.08      6.4806  1.5729e-01  1.6078e-01
  1541.58      6.4869  1.5700e-01  1.6043e-01
  1540.08      6.4932  1.5662e-01  1.5993e-01
  1538.58      6.4995  1.5623e-01  1.5942e-01
  1537.08      6.5059  1.5590e-01  1.5901e-01
  1535.58      6.5122  1.5568e-01  1.5875e-01
  1534.08      6.5186  1.5554e-01  1.5859e-01
  1532.58      6.5250  1.5544e-01  1.5852e-01
  1531.08      6.5314  1.5543e-01  1.5858e-01
  1529.58      6.5378  1.5549e-01  1.5876e-01
  1528.08      6.5442  1.5563e-01  1.5902e-01
  1526.58      6.5506  1.5578e-01  1.5927e-01
  1525.08      6.5571  1.5592e-01  1.5943e-01
  1523.58      6.5635  1.5602e-01  1.5951e-01
  1522.08      6.5700  1.5607e-01  1.5949e-01
  1520.58      6.5765  1.5609e-01  1.5946e-01
  1519.08      6.5830  1.5611e-01  1.5946e-01
  1517.58      6.5895  1.5609e-01  1.5944e-01
  1516.07      6.5960  1.5601e-01  1.5937e-01
  1514.57      6.6025  1.5593e-01  1.5929e-01
  1513.07      6.6091  1.5585e-01  1.5922e-01
  1511.57      6.6156  1.5580e-01  1.5917e-01
  1510.07      6.6222  1.5575e-01  1.5912e-01
  1508.57      6.6288  1.5565e-01  1.5902e-01
  1507.07      6.6354  1.5547e-01  1.5881e-01
  1505.57      6.6420  1.5527e-01  1.5854e-01
  1504.07      6.6486  1.5515e-01  1.5836e-01
  1502.57      6.6552  1.5516e-01  1.5835e-01
  1501.07      6.6619  1.5525e-01  1.5846e-01
  1499.57      6.6686  1.5536e-01  1.5862e-01
  1498.07      6.6752  1.5549e-01  1.5880e-01
  1496.57      6.6819  1.5561e-01  1.5902e-01
  1495.07      6.6886  1.5581e-01  1.5930e-01
  1493.57      6.6954  1.5609e-01  1.5967e-01
  1492.07      6.7021  1.5642e-01  1.6002e-01
  1490.57      6.7088  1.5672e-01  1.6029e-01
  1489.07      6.7156  1.5697e-01  1.6047e-01
  1487.57      6.7224  1.5722e-01  1.6064e-01
  1486.07      6.7291  1.5751e-01  1.6088e-01
  1484.57      6.7359  1.5784e-01  1.6119e-01
  1483.07      6.7428  1.5821e-01  1.6156e-01
  1481.57      6.7496  1.5856e-01  1.6192e-01
  1480.07      6.7564  1.5890e-01  1.6227e-01
  1478.57      6.7633  1.5924e-01  1.6263e-01
  1477.07      6.7702  1.5957e-01  1.6299e-01
  1475.57      6.7770  1.5986e-01  1.6329e-01
  1474.07      6.7839  1.6010e-01  1.6353e-01
  1472.57      6.7908  1.6030e-01  1.6369e-01
  1471.07      6.7978  1.6051e-01  1.6385e-01
  1469.57      6.8047  1.6075e-01  1.6408e-01
  1468.07      6.8117  1.6102e-01  1.6438e-01
  1466.57      6.8186  1.6128e-01  1.6469e-01
  1465.07      6.8256  1.6151e-01  1.6495e-01
  1463.57      6.8326  1.6172e-01  1.6521e-01
  1462.07      6.8396  1.6195e-01  1.6546e-01
  1460.57      6.8466  1.6219e-01  1.6573e-01
  1459.07      6.8537  1.6241e-01  1.6594e-01
  1457.57      6.8607  1.6254e-01  1.6602e-01
  1456.07      6.8678  1.6261e-01  1.6600e-01
  1454.57      6.8749  1.6267e-01  1.6596e-01
  1453.07      6.8820  1.6279e-01  1.6599e-01
  1451.57      6.8891  1.6298e-01  1.6612e-01
  1450.07      6.8962  1.6326e-01  1.6635e-01
  1448.57      6.9034  1.6356e-01  1.6664e-01
  1447.07      6.9105  1.6389e-01  1.6700e-01
  1445.57      6.9177  1.6427e-01  1.6744e-01
  1444.07      6.9249  1.6471e-01  1.6796e-01
  1442.57      6.9321  1.6521e-01  1.6853e-01
  1441.07      6.9393  1.6573e-01  1.6910e-01
  1439.57      6.9465  1.6622e-01  1.6963e-01
  1438.07      6.9538  1.6668e-01  1.7009e-01
  1436.57      6.9610  1.6709e-01  1.7050e-01
  1435.07      6.9683  1.6749e-01  1.7088e-01
  1433.57      6.9756  1.6791e-01  1.7127e-01
  1432.07      6.9829  1.6837e-01  1.7169e-01
  1430.57      6.9902  1.6882e-01  1.7213e-01
  1429.07      6.9976  1.6927e-01  1.7257e-01
  1427.57      7.0049  1.6969e-01  1.7299e-01
  1426.07      7.0123  1.7012e-01  1.7342e-01
  1424.57      7.0197  1.7054e-01  1.7384e-01
  1423.07      7.0271  1.7095e-01  1.7426e-01
  1421.57      7.0345  1.7135e-01  1.7464e-01
  1420.07      7.0419  1.7171e-01  1.7497e-01
  1418.57      7.0494  1.7203e-01  1.7524e-01
  1417.07      7.0568  1.7234e-01  1.7551e-01
  1415.57      7.0643  1.7268e-01  1.7580e-01
  1414.07      7.0718  1.7305e-01  1.7613e-01
  1412.57      7.0793  1.7346e-01  1.7653e-01
  1411.07      7.0868  1.7391e-01  1.7698e-01
  1409.57      7.0944  1.7442e-01  1.7750e-01
  1408.07      7.1019  1.7495e-01  1.7806e-01
  1406.57      7.1095  1.7551e-01  1.7866e-01
  1405.07      7.1171  1.7608e-01  1.7927e-01
  1403.57      7.1247  1.7663e-01  1.7986e-01
  1402.07      7.1323  1.7718e-01  1.8040e-01
  1400.57      7.1400  1.7771e-01  1.8093e-01
  1399.07      7.1476  1.7819e-01  1.8139e-01
  1397.57      7.1553  1.7863e-01  1.8180e-01
  1396.07      7.1630  1.7902e-01  1.8216e-01
  1394.57      7.1707  1.7938e-01  1.8249e-01
  1393.07      7.1784  1.7974e-01  1.8281e-01
  1391.57      7.1862  1.8012e-01  1.8317e-01
  1390.07      7.1939  1.8054e-01  1.8356e-01
  1388.57      7.2017  1.8099e-01  1.8397e-01
  1387.07      7.2095  1.8144e-01  1.8441e-01
  1385.57      7.2173  1.8193e-01  1.8489e-01
  1384.07      7.2251  1.8246e-01  1.8541e-01
  1382.56      7.2329  1.8303e-01  1.8597e-01
  1381.06      7.2408  1.8364e-01  1.8656e-01
  1379.56      7.2487  1.8425e-01  1.8716e-01
  1378.06      7.2566  1.8486e-01  1.8775e-01
  1376.56      7.2645  1.8548e-01  1.8835e-01
  1375.06      7.2724  1.8609e-01  1.8893e-01
  1373.56      7.2803  1.8668e-01  1.8951e-01
  1372.06      7.2883  1.8726e-01  1.9007e-01
  1370.56      7.2963  1.8785e-01  1.9063e-01
  1369.06      7.3043  1.8842e-01  1.9118e-01
  1367.56      7.3123  1.8899e-01  1.9173e-01
  1366.06      7.3203  1.8955e-01  1.9227e-01
  1364.56      7.3284  1.9012e-01  1.9281e-01
  1363.06      7.3364  1.9066e-01  1.9334e-01
  1361.56      7.3445  1.9120e-01  1.9388e-01
  1360.06      7.3526  1.9174e-01  1.9442e-01
  1358.56      7.3607  1.9230e-01  1.9497e-01
  1357.06      7.3689  1.9288e-01  1.9555e-01
  1355.56      7.3770  1.9346e-01  1.9615e-01
  1354.06      7.3852  1.9407e-01  1.9678e-01
  1352.56      7.3934  1.9470e-01  1.9741e-01
  1351.06      7.4016  1.9535e-01  1.9809e-01
  1349.56      7.4098  1.9602e-01  1.9878e-01
  1348.06      7.4181  1.9671e-01  1.9949e-01
  1346.56      7.4263  1.9739e-01  2.0018e-01
  1345.06      7.4346  1.9807e-01  2.0087e-01
  1343.56      7.4429  1.9875e-01  2.0153e-01
  1342.06      7.4512  1.9941e-01  2.0218e-01
  1340.56      7.4596  2.0005e-01  2.0280e-01
  1339.06      7.4679  2.0067e-01  2.0340e-01
  1337.56      7.4763  2.0127e-01  2.0396e-01
  1336.06      7.4847  2.0186e-01  2.0453e-01
  1334.56      7.4931  2.0247e-01  2.0510e-01
  1333.06      7.5015  2.0307e-01  2.0569e-01
  1331.56      7.5100  2.0368e-01  2.0630e-01
  1330.06      7.5185  2.0429e-01  2.0692e-01
  1328.56      7.5269  2.0491e-01  2.0756e-01
  1327.06      7.5354  2.0552e-01  2.0821e-01
  1325.56      7.5440  2.0614e-01  2.0886e-01
  1324.06      7.5525  2.0675e-01  2.0952e-01
  1322.56      7.5611  2.0737e-01  2.1016e-01
  1321.06      7.5697  2.0797e-01  2.1078e-01
  1319.56      7.5783  2.0856e-01  2.1138e-01
  1318.06      7.5869  2.0915e-01  2.1197e-01
  1316.56      7.5956  2.0971e-01  2.1255e-01
  1315.06      7.6042  2.1028e-01  2.1312e-01
  1313.56      7.6129  2.1084e-01  2.1369e-01
  1312.06      7.6216  2.1139e-01  2.1426e-01
  1310.56      7.6303  2.1196e-01  2.1484e-01
  1309.06      7.6391  2.1252e-01  2.1543e-01
  1307.56      7.6478  2.1310e-01  2.1604e-01
  1306.06      7.6566  2.1367e-01  2.1666e-01
  1304.56      7.6654  2.1426e-01  2.1729e-01
  1303.06      7.6742  2.1486e-01  2.1793e-01
  1301.56      7.6831  2.1547e-01  2.1859e-01
  1300.06      7.6920  2.1610e-01  2.1925e-01
  1298.56      7.7008  2.1674e-01  2.1993e-01
  1297.06      7.7098  2.1738e-01  2.2060e-01
  1295.56      7.7187  2.1803e-01  2.2129e-01
  1294.06      7.7276  2.1870e-01  2.2198e-01
  1292.56      7.7366  2.1939e-01  2.2268e-01
  1291.06      7.7456  2.2009e-01  2.2340e-01
  1289.56      7.7546  2.2081e-01  2.2414e-01
  1288.06      7.7636  2.2154e-01  2.2489e-01
  1286.56      7.7727  2.2230e-01  2.2566e-01
  1285.06      7.7818  2.2308e-01  2.2645e-01
  1283.56      7.7908  2.2390e-01  2.2728e-01
  1282.06      7.8000  2.2475e-01  2.2813e-01
  1280.56      7.8091  2.2565e-01  2.2903e-01
  1279.06      7.8183  2.2658e-01  2.2995e-01
  1277.56      7.8274  2.2757e-01  2.3091e-01
  1276.06      7.8366  2.2860e-01  2.3191e-01
  1274.56      7.8459  2.2970e-01  2.3297e-01
  1273.06      7.8551  2.3085e-01  2.3408e-01
  1271.56      7.8644  2.3207e-01  2.3526e-01
  1270.06      7.8737  2.3337e-01  2.3648e-01
  1268.56      7.8830  2.3474e-01  2.3778e-01
  1267.06      7.8923  2.3618e-01  2.3915e-01
  1265.56      7.9017  2.3771e-01  2.4061e-01
  1264.06      7.9110  2.3933e-01  2.4214e-01
  1262.56      7.9204  2.4105e-01  2.4375e-01
  1261.06      7.9299  2.4288e-01  2.4546e-01
  1259.56      7.9393  2.4481e-01  2.4725e-01
  1258.06      7.9488  2.4686e-01  2.4914e-01
  1256.56      7.9583  2.4903e-01  2.5113e-01
  1255.06      7.9678  2.5135e-01  2.5324e-01
  1253.56      7.9773  2.5379e-01  2.5546e-01
  1252.06      7.9869  2.5637e-01  2.5781e-01
  1250.56      7.9964  2.5910e-01  2.6028e-01
  1249.06      8.0061  2.6197e-01  2.6289e-01
  1247.55      8.0157  2.6499e-01  2.6562e-01
  1246.05      8.0253  2.6815e-01  2.6847e-01
  1244.55      8.0350  2.7143e-01  2.7145e-01
  1243.05      8.0447  2.7484e-01  2.7454e-01
  1241.55      8.0544  2.7838e-01  2.7774e-01
  1240.05      8.0642  2.8202e-01  2.8102e-01
  1238.55      8.0739  2.8576e-01  2.8439e-01
  1237.05      8.0837  2.8957e-01  2.8783e-01
  1235.55      8.0935  2.9345e-01  2.9135e-01
  1234.05      8.1034  2.9738e-01  2.9492e-01
  1232.55      8.1132  3.0136e-01  2.9854e-01
  1231.05      8.1231  3.0537e-01  3.0219e-01
  1229.55      8.1330  3.0939e-01  3.0588e-01
  1228.05      8.1430  3.1342e-01  3.0958e-01
  1226.55      8.1529  3.1744e-01  3.1330e-01
  1225.05      8.1629  3.2145e-01  3.1702e-01
  1223.55      8.1729  3.2543e-01  3.2071e-01
  1222.05      8.1830  3.2938e-01  3.2439e-01
  1220.55      8.1930  3.3329e-01  3.2805e-01
  1219.05      8.2031  3.3716e-01  3.3168e-01
  1217.55      8.2132  3.4097e-01  3.3526e-01
  1216.05      8.2233  3.4475e-01  3.3883e-01
  1214.55      8.2335  3.4847e-01  3.4235e-01
  1213.05      8.2437  3.5216e-01  3.4586e-01
  1211.55      8.2539  3.5581e-01  3.4935e-01
  1210.05      8.2641  3.5943e-01  3.5283e-01
  1208.55      8.2744  3.6304e-01  3.5631e-01
  1207.05      8.2846  3.6663e-01  3.5978e-01
  1205.55      8.2950  3.7023e-01  3.6327e-01
  1204.05      8.3053  3.7384e-01  3.6679e-01
  1202.55      8.3157  3.7747e-01  3.7035e-01
  1201.05      8.3260  3.8114e-01  3.7394e-01
  1199.55      8.3364  3.8483e-01  3.7760e-01
  1198.05      8.3469  3.8856e-01  3.8132e-01
  1196.55      8.3574  3.9234e-01  3.8510e-01
  1195.05      8.3678  3.9615e-01  3.8895e-01
  1193.55      8.3784  4.0002e-01  3.9289e-01
  1192.05      8.3889  4.0392e-01  3.9691e-01
  1190.55      8.3995  4.0786e-01  4.0098e-01
  1189.05      8.4101  4.1183e-01  4.0513e-01
  1187.55      8.4207  4.1583e-01  4.0935e-01
  1186.05      8.4313  4.1984e-01  4.1361e-01
  1184.55      8.4420  4.2386e-01  4.1793e-01
  1183.05      8.4527  4.2788e-01  4.2228e-01
  1181.55      8.4635  4.3189e-01  4.2665e-01
  1180.05      8.4742  4.3587e-01  4.3105e-01
  1178.55      8.4850  4.3982e-01  4.3544e-01
  1177.05      8.4958  4.4373e-01  4.3983e-01
  1175.55      8.5067  4.4756e-01  4.4419e-01
  1174.05      8.5175  4.5134e-01  4.4853e-01
  1172.55      8.5284  4.5504e-01  4.5284e-01
  1171.05      8.5394  4.5867e-01  4.5713e-01
  1169.55      8.5503  4.6220e-01  4.6136e-01
  1168.05      8.5613  4.6565e-01  4.6556e-01
  1166.55      8.5723  4.6901e-01  4.6972e-01
  1165.05      8.5833  4.7227e-01  4.7385e-01
  1163.55      8.5944  4.7544e-01  4.7793e-01
  1162.05      8.6055  4.7853e-01  4.8195e-01
  1160.55      8.6166  4.8152e-01  4.8594e-01
  1159.05      8.6278  4.8443e-01  4.8985e-01
  1157.55      8.6389  4.8724e-01  4.9369e-01
  1156.05      8.6502  4.8996e-01  4.9746e-01
  1154.55      8.6614  4.9259e-01  5.0115e-01
  1153.05      8.6727  4.9512e-01  5.0474e-01
  1151.55      8.6840  4.9757e-01  5.0824e-01
  1150.05      8.6953  4.9991e-01  5.1163e-01
  1148.55      8.7066  5.0216e-01  5.1493e-01
  1147.05      8.7180  5.0432e-01  5.1812e-01
  1145.55      8.7295  5.0637e-01  5.2119e-01
  1144.05      8.7409  5.0834e-01  5.2414e-01
  1142.55      8.7524  5.1022e-01  5.2698e-01
  1141.05      8.7639  5.1201e-01  5.2970e-01
  1139.55      8.7754  5.1374e-01  5.3233e-01
  1138.05      8.7870  5.1538e-01  5.3485e-01
  1136.55      8.7986  5.1697e-01  5.3728e-01
  1135.05      8.8102  5.1851e-01  5.3964e-01
  1133.55      8.8219  5.2000e-01  5.4192e-01
  1132.05      8.8336  5.2147e-01  5.4415e-01
  1130.55      8.8453  5.2290e-01  5.4633e-01
  1129.05      8.8570  5.2433e-01  5.4848e-01
  1127.55      8.8688  5.2574e-01  5.5060e-01
  1126.05      8.8806  5.2714e-01  5.5271e-01
  1124.55      8.8925  5.2854e-01  5.5479e-01
  1123.05      8.9044  5.2994e-01  5.5686e-01
  1121.55      8.9163  5.3133e-01  5.5891e-01
  1120.05      8.9282  5.3270e-01  5.6092e-01
  1118.55      8.9402  5.3405e-01  5.6290e-01
  1117.05      8.9522  5.3536e-01  5.6483e-01
  1115.55      8.9642  5.3662e-01  5.6670e-01
  1114.04      8.9763  5.3782e-01  5.6848e-01
  1112.54      8.9884  5.3894e-01  5.7016e-01
  1111.04      9.0005  5.3994e-01  5.7171e-01
  1109.54      9.0127  5.4084e-01  5.7312e-01
  1108.04      9.0249  5.4159e-01  5.7438e-01
  1106.54      9.0371  5.4219e-01  5.7546e-01
  1105.04      9.0494  5.4264e-01  5.7633e-01
  1103.54      9.0617  5.4291e-01  5.7700e-01
  1102.04      9.0740  5.4300e-01  5.7744e-01
  1100.54      9.0864  5.4291e-01  5.7766e-01
  1099.04      9.0988  5.4264e-01  5.7764e-01
  1097.54      9.1113  5.4219e-01  5.7740e-01
  1096.04      9.1237  5.4157e-01  5.7694e-01
  1094.54      9.1362  5.4079e-01  5.7626e-01
  1093.04      9.1488  5.3985e-01  5.7539e-01
  1091.54      9.1613  5.3879e-01  5.7432e-01
  1090.04      9.1739  5.3760e-01  5.7310e-01
  1088.54      9.1866  5.3632e-01  5.7173e-01
  1087.04      9.1993  5.3496e-01  5.7023e-01
  1085.54      9.2120  5.3353e-01  5.6864e-01
  1084.04      9.2247  5.3209e-01  5.6697e-01
  1082.54      9.2375  5.3063e-01  5.6525e-01
  1081.04      9.2503  5.2919e-01  5.6353e-01
  1079.54      9.2632  5.2781e-01  5.6181e-01
  1078.04      9.2761  5.2652e-01  5.6013e-01
  1076.54      9.2890  5.2534e-01  5.5851e-01
  1075.04      9.3020  5.2430e-01  5.5698e-01
  1073.54      9.3150  5.2345e-01  5.5559e-01
  1072.04      9.3280  5.2281e-01  5.5433e-01
  1070.54      9.3411  5.2240e-01  5.5326e-01
  1069.04      9.3542  5.2223e-01  5.5237e-01
  1067.54      9.3673  5.2230e-01  5.5168e-01
  1066.04      9.3805  5.2259e-01  5.5118e-01
  1064.54      9.3937  5.2310e-01  5.5085e-01
  1063.04      9.4070  5.2377e-01  5.5065e-01
  1061.54      9.4203  5.2453e-01  5.5055e-01
  1060.04      9.4336  5.2535e-01  5.5049e-01
  1058.54      9.4470  5.2610e-01  5.5038e-01
  1057.04      9.4604  5.2671e-01  5.5015e-01
  1055.54      9.4738  5.2707e-01  5.4970e-01
  1054.04      9.4873  5.2711e-01  5.4898e-01
  1052.54      9.5008  5.2676e-01  5.4790e-01
  1051.04      9.5144  5.2596e-01  5.4642e-01
  1049.54      9.5280  5.2465e-01  5.4447e-01
  1048.04      9.5416  5.2281e-01  5.4205e-01
  1046.54      9.5553  5.2044e-01  5.3914e-01
  1045.04      9.5690  5.1756e-01  5.3578e-01
  1043.54      9.5828  5.1422e-01  5.3198e-01
  1042.04      9.5966  5.1046e-01  5.2782e-01
  1040.54      9.6104  5.0631e-01  5.2332e-01
  1039.04      9.6243  5.0186e-01  5.1853e-01
  1037.54      9.6382  4.9715e-01  5.1351e-01
  1036.04      9.6521  4.9221e-01  5.0829e-01
  1034.54      9.6661  4.8709e-01  5.0292e-01
  1033.04      9.6802  4.8186e-01  4.9741e-01
  1031.54      9.6943  4.7650e-01  4.9178e-01
  1030.04      9.7084  4.7103e-01  4.8605e-01
  1028.54      9.7225  4.6551e-01  4.8022e-01
  1027.04      9.7367  4.5992e-01  4.7432e-01
  1025.54      9.7510  4.5427e-01  4.6836e-01
  1024.04      9.7653  4.4859e-01  4.6233e-01
  1022.54      9.7796  4.4289e-01  4.5628e-01
  1021.04      9.7940  4.3717e-01  4.5020e-01
  1019.54      9.8084  4.3146e-01  4.4413e-01
  1018.04      9.8228  4.2578e-01  4.3807e-01
  1016.54      9.8373  4.2014e-01  4.3205e-01
  1015.04      9.8519  4.1454e-01  4.2607e-01
  1013.54      9.8664  4.0898e-01  4.2016e-01
  1012.04      9.8811  4.0349e-01  4.1431e-01
  1010.54      9.8957  3.9808e-01  4.0853e-01
  1009.04      9.9104  3.9276e-01  4.0285e-01
  1007.54      9.9252  3.8754e-01  3.9726e-01
  1006.04      9.9400  3.8244e-01  3.9179e-01
  1004.54      9.9548  3.7748e-01  3.8647e-01
  1003.04      9.9697  3.7269e-01  3.8132e-01
  1001.54      9.9847  3.6813e-01  3.7640e-01
  1000.04      9.9996  3.6384e-01  3.7178e-01
   998.54     10.0147  3.5988e-01  3.6753e-01
   997.04     10.0297  3.5630e-01  3.6370e-01
   995.54     10.0448  3.5314e-01  3.6039e-01
   994.04     10.0600  3.5043e-01  3.5764e-01
   992.54     10.0752  3.4818e-01  3.5547e-01
   991.04     10.0905  3.4637e-01  3.5386e-01
   989.54     10.1057  3.4498e-01  3.5275e-01
   988.04     10.1211  3.4391e-01  3.5206e-01
   986.54     10.1365  3.4311e-01  3.5166e-01
   985.04     10.1519  3.4244e-01  3.5141e-01
   983.54     10.1674  3.4181e-01  3.5114e-01
   982.04     10.1829  3.4110e-01  3.5071e-01
   980.54     10.1985  3.4024e-01  3.5002e-01
   979.03     10.2141  3.3914e-01  3.4898e-01
   977.53     10.2298  3.3778e-01  3.4755e-01
   976.03     10.2455  3.3614e-01  3.4572e-01
   974.53     10.2613  3.3421e-01  3.4353e-01
   973.03     10.2771  3.3204e-01  3.4105e-01
   971.53     10.2930  3.2966e-01  3.3831e-01
   970.03     10.3089  3.2712e-01  3.3541e-01
   968.53     10.3249  3.2448e-01  3.3241e-01
   967.03     10.3409  3.2179e-01  3.2937e-01
   965.53     10.3570  3.1908e-01  3.2633e-01
   964.03     10.3731  3.1640e-01  3.2333e-01
   962.53     10.3892  3.1378e-01  3.2040e-01
   961.03     10.4055  3.1121e-01  3.1755e-01
   959.53     10.4217  3.0873e-01  3.1479e-01
   958.03     10.4381  3.0635e-01  3.1213e-01
   956.53     10.4544  3.0406e-01  3.0958e-01
   955.03     10.4708  3.0188e-01  3.0715e-01
   953.53     10.4873  2.9981e-01  3.0484e-01
   952.03     10.5038  2.9786e-01  3.0266e-01
   950.53     10.5204  2.9603e-01  3.0059e-01
   949.03     10.5370  2.9433e-01  2.9867e-01
   947.53     10.5537  2.9276e-01  2.9688e-01
   946.03     10.5705  2.9133e-01  2.9522e-01
   944.53     10.5872  2.9003e-01  2.9371e-01
   943.03     10.6041  2.8888e-01  2.9233e-01
   941.53     10.6210  2.8788e-01  2.9110e-01
   940.03     10.6379  2.8702e-01  2.9000e-01
   938.53     10.6549  2.8633e-01  2.8906e-01
   937.03     10.6720  2.8577e-01  2.8826e-01
   935.53     10.6891  2.8537e-01  2.8762e-01
   934.03     10.7063  2.8512e-01  2.8713e-01
   932.53     10.7235  2.8503e-01  2.8680e-01
   931.03     10.7408  2.8508e-01  2.8660e-01
   929.53     10.7581  2.8528e-01  2.8655e-01
   928.03     10.7755  2.8562e-01  2.8664e-01
   926.53     10.7929  2.8609e-01  2.8686e-01
   925.03     10.8104  2.8669e-01  2.8720e-01
   923.53     10.8280  2.8741e-01  2.8767e-01
   922.03     10.8456  2.8824e-01  2.8824e-01
   920.53     10.8633  2.8917e-01  2.8889e-01
   919.03     10.8810  2.9018e-01  2.8964e-01
   917.53     10.8988  2.9127e-01  2.9045e-01
   916.03     10.9167  2.9242e-01  2.9134e-01
   914.53     10.9346  2.9361e-01  2.9227e-01
   913.03     10.9525  2.9482e-01  2.9321e-01
   911.53     10.9706  2.9603e-01  2.9417e-01
   910.03     10.9887  2.9722e-01  2.9511e-01
   908.53     11.0068  2.9837e-01  2.9602e-01
   907.03     11.0250  2.9945e-01  2.9687e-01
   905.53     11.0433  3.0044e-01  2.9765e-01
   904.03     11.0616  3.0131e-01  2.9832e-01
   902.53     11.0800  3.0206e-01  2.9888e-01
   901.03     11.0984  3.0266e-01  2.9930e-01
   899.53     11.1169  3.0309e-01  2.9958e-01
   898.03     11.1355  3.0336e-01  2.9972e-01
   896.53     11.1541  3.0344e-01  2.9970e-01
   895.03     11.1728  3.0335e-01  2.9954e-01
   893.53     11.1916  3.0309e-01  2.9921e-01
   892.03     11.2104  3.0266e-01  2.9876e-01
   890.53     11.2293  3.0208e-01  2.9818e-01
   889.03     11.2482  3.0137e-01  2.9749e-01
   887.53     11.2672  3.0054e-01  2.9671e-01
   886.03     11.2863  2.9960e-01  2.9586e-01
   884.53     11.3055  2.9861e-01  2.9497e-01
   883.03     11.3247  2.9756e-01  2.9406e-01
   881.53     11.3439  2.9648e-01  2.9312e-01
   880.03     11.3633  2.9539e-01  2.9220e-01
   878.53     11.3827  2.9431e-01  2.9131e-01
   877.03     11.4022  2.9324e-01  2.9044e-01
   875.53     11.4217  2.9220e-01  2.8961e-01
   874.03     11.4413  2.9121e-01  2.8882e-01
   872.53     11.4610  2.9024e-01  2.8805e-01
   871.03     11.4807  2.8931e-01  2.8733e-01
   869.53     11.5005  2.8842e-01  2.8665e-01
   868.03     11.5204  2.8757e-01  2.8598e-01
   866.53     11.5403  2.8675e-01  2.8536e-01
   865.03     11.5603  2.8596e-01  2.8477e-01
   863.53     11.5804  2.8521e-01  2.8420e-01
   862.03     11.6006  2.8450e-01  2.8367e-01
   860.53     11.6208  2.8383e-01  2.8318e-01
   859.03     11.6411  2.8320e-01  2.8274e-01
   857.53     11.6615  2.8262e-01  2.8233e-01
   856.03     11.6819  2.8209e-01  2.8198e-01
   854.53     11.7024  2.8162e-01  2.8166e-01
   853.03     11.7230  2.8119e-01  2.8138e-01
   851.53     11.7436  2.8082e-01  2.8114e-01
   850.03     11.7644  2.8049e-01  2.8094e-01
   848.53     11.7852  2.8021e-01  2.8078e-01
   847.03     11.8060  2.7996e-01  2.8064e-01
   845.52     11.8270  2.7976e-01  2.8052e-01
   844.02     11.8480  2.7958e-01  2.8041e-01
   842.52     11.8691  2.7942e-01  2.8031e-01
   841.02     11.8903  2.7928e-01  2.8024e-01
   839.52     11.9115  2.7917e-01  2.8018e-01
   838.02     11.9328  2.7910e-01  2.8016e-01
   836.52     11.9542  2.7907e-01  2.8016e-01
   835.02     11.9757  2.7911e-01  2.8022e-01
   833.52     11.9973  2.7921e-01  2.8037e-01
   832.02     12.0189  2.7939e-01  2.8061e-01
   830.52     12.0406  2.7968e-01  2.8097e-01
   829.02     12.0624  2.8006e-01  2.8144e-01
   827.52     12.0842  2.8055e-01  2.8203e-01
   826.02     12.1062  2.8114e-01  2.8272e-01
   824.52     12.1282  2.8182e-01  2.8351e-01
   823.02     12.1503  2.8255e-01  2.8435e-01
   821.52     12.1725  2.8333e-01  2.8525e-01
   820.02     12.1948  2.8413e-01  2.8616e-01
   818.52     12.2171  2.8493e-01  2.8706e-01
   817.02     12.2396  2.8574e-01  2.8793e-01
   815.52     12.2621  2.8653e-01  2.8877e-01
   814.02     12.2847  2.8730e-01  2.8958e-01
   812.52     12.3074  2.8805e-01  2.9037e-01
   811.02     12.3301  2.8879e-01  2.9114e-01
   809.52     12.3530  2.8952e-01  2.9190e-01
   808.02     12.3759  2.9026e-01  2.9267e-01
   806.52     12.3989  2.9102e-01  2.9345e-01
   805.02     12.4220  2.9181e-01  2.9426e-01
   803.52     12.4452  2.9262e-01  2.9509e-01
   802.02     12.4685  2.9347e-01  2.9597e-01
   800.52     12.4919  2.9436e-01  2.9688e-01
   799.02     12.5153  2.9530e-01  2.9784e-01
   797.52     12.5388  2.9628e-01  2.9883e-01
   796.02     12.5625  2.9729e-01  2.9988e-01
   794.52     12.5862  2.9836e-01  3.0097e-01
   793.02     12.6100  2.9945e-01  3.0211e-01
   791.52     12.6339  3.0057e-01  3.0329e-01
   790.02     12.6579  3.0172e-01  3.0449e-01
   788.52     12.6820  3.0290e-01  3.0574e-01
   787.02     12.7061  3.0411e-01  3.0700e-01
   785.52     12.7304  3.0533e-01  3.0829e-01
   784.02     12.7548  3.0658e-01  3.0958e-01
   782.52     12.7792  3.0784e-01  3.1089e-01
   781.02     12.8038  3.0913e-01  3.1222e-01
   779.52     12.8284  3.1042e-01  3.1354e-01
   778.02     12.8531  3.1173e-01  3.1488e-01
   776.52     12.8780  3.1305e-01  3.1622e-01
   775.02     12.9029  3.1439e-01  3.1758e-01
   773.52     12.9279  3.1573e-01  3.1895e-01
   772.02     12.9530  3.1708e-01  3.2033e-01
   770.52     12.9783  3.1843e-01  3.2172e-01
   769.02     13.0036  3.1980e-01  3.2312e-01
   767.52     13.0290  3.2117e-01  3.2452e-01
   766.02     13.0545  3.2254e-01  3.2594e-01
   764.52     13.0801  3.2393e-01  3.2735e-01
   763.02     13.1058  3.2532e-01  3.2876e-01
   761.52     13.1317  3.2672e-01  3.3018e-01
   760.02     13.1576  3.2811e-01  3.3159e-01
   758.52     13.1836  3.2949e-01  3.3300e-01
   757.02     13.2097  3.3088e-01  3.3441e-01
   755.52     13.2359  3.3225e-01  3.3579e-01
   754.02     13.2623  3.3362e-01  3.3718e-01
   752.52     13.2887  3.3497e-01  3.3853e-01
   751.02     13.3153  3.3629e-01  3.3988e-01
   749.52     13.3419  3.3759e-01  3.4119e-01
   748.02     13.3687  3.3886e-01  3.4247e-01
   746.52     13.3955  3.4010e-01  3.4371e-01
   745.02     13.4225  3.4131e-01  3.4491e-01
   743.52     13.4496  3.4249e-01  3.4607e-01
   742.02     13.4768  3.4362e-01  3.4720e-01
   740.52     13.5041  3.4471e-01  3.4828e-01
   739.02     13.5315  3.4575e-01  3.4931e-01
   737.52     13.5590  3.4675e-01  3.5030e-01
   736.02     13.5866  3.4770e-01  3.5126e-01
   734.52     13.6144  3.4862e-01  3.5219e-01
   733.02     13.6423  3.4950e-01  3.5309e-01
   731.52     13.6702  3.5035e-01  3.5396e-01
   730.02     13.6983  3.5119e-01  3.5480e-01
   728.52     13.7265  3.5199e-01  3.5562e-01
   727.02     13.7549  3.5280e-01  3.5641e-01
   725.52     13.7833  3.5358e-01  3.5719e-01
   724.02     13.8119  3.5435e-01  3.5794e-01
   722.52     13.8405  3.5513e-01  3.5868e-01
   721.02     13.8693  3.5589e-01  3.5939e-01
   719.52     13.8982  3.5665e-01  3.6009e-01
   718.02     13.9273  3.5738e-01  3.6079e-01
   716.52     13.9564  3.5811e-01  3.6148e-01
   715.02     13.9857  3.5884e-01  3.6215e-01
   713.52     14.0151  3.5956e-01  3.6281e-01
   712.02     14.0446  3.6028e-01  3.6349e-01
   710.51     14.0743  3.6100e-01  3.6418e-01
   709.01     14.1041  3.6174e-01  3.6489e-01
   707.51     14.1340  3.6248e-01  3.6562e-01
   706.01     14.1640  3.6323e-01  3.6636e-01
   704.51     14.1942  3.6401e-01  3.6714e-01
   703.01     14.2245  3.6480e-01  3.6796e-01
   701.51     14.2549  3.6562e-01  3.6882e-01
   700.01     14.2854  3.6646e-01  3.6970e-01
   698.51     14.3161  3.6734e-01  3.7061e-01
   697.01     14.3469  3.6826e-01  3.7156e-01
   695.51     14.3779  3.6924e-01  3.7256e-01
   694.01     14.4089  3.7026e-01  3.7361e-01
   692.51     14.4402  3.7136e-01  3.7470e-01
   691.01     14.4715  3.7251e-01  3.7585e-01
   689.51     14.5030  3.7374e-01  3.7705e-01
   688.01     14.5346  3.7503e-01  3.7833e-01
   686.51     14.5664  3.7640e-01  3.7966e-01
   685.01     14.5983  3.7784e-01  3.8106e-01
   683.51     14.6303  3.7932e-01  3.8251e-01
   682.01     14.6625  3.8084e-01  3.8399e-01
   680.51     14.6948  3.8240e-01  3.8553e-01
   679.01     14.7273  3.8401e-01  3.8712e-01
   677.51     14.7599  3.8567e-01  3.8875e-01
   676.01     14.7926  3.8737e-01  3.9045e-01
   674.51     14.8255  3.8913e-01  3.9220e-01
   673.01     14.8586  3.9092e-01  3.9402e-01
   671.51     14.8918  3.9278e-01  3.9591e-01
   670.01     14.9251  3.9471e-01  3.9789e-01
   668.51     14.9586  3.9674e-01  3.9997e-01
   667.01     14.9922  3.9885e-01  4.0214e-01
   665.51     15.0260  4.0108e-01  4.0442e-01
   664.01     15.0600  4.0338e-01  4.0679e-01
   662.51     15.0941  4.0581e-01  4.0927e-01
   661.01     15.1283  4.0836e-01  4.1188e-01
   659.51     15.1627  4.1104e-01  4.1464e-01
   658.01     15.1973  4.1387e-01  4.1755e-01
   656.51     15.2320  4.1684e-01  4.2061e-01
   655.01     15.2669  4.1998e-01  4.2386e-01
   653.51     15.3020  4.2327e-01  4.2727e-01
   652.01     15.3372  4.2674e-01  4.3090e-01
   650.51     15.3725  4.3038e-01  4.3473e-01
   649.01     15.4081  4.3419e-01  4.3876e-01
   647.51     15.4438  4.3817e-01  4.4298e-01
   646.01     15.4796  4.4230e-01  4.4738e-01
   644.51     15.5157  4.4658e-01  4.5195e-01
   643.01     15.5519  4.5099e-01  4.5667e-01
   641.51     15.5882  4.5552e-01  4.6153e-01
   640.01     15.6248  4.6017e-01  4.6651e-01
   638.51     15.6615  4.6492e-01  4.7157e-01
   637.01     15.6984  4.6978e-01  4.7671e-01
   635.51     15.7354  4.7468e-01  4.8189e-01
   634.01     15.7726  4.7962e-01  4.8710e-01
   632.51     15.8100  4.8458e-01  4.9230e-01
   631.01     15.8476  4.8955e-01  4.9747e-01
   629.51     15.8854  4.9450e-01  5.0256e-01
   628.01     15.9233  4.9940e-01  5.0758e-01
   626.51     15.9615  5.0419e-01  5.1247e-01
   625.01     15.9998  5.0885e-01  5.1718e-01
   623.51     16.0383  5.1332e-01  5.2167e-01
   622.01     16.0770  5.1759e-01  5.2590e-01
   620.51     16.1158  5.2163e-01  5.2982e-01
   619.01     16.1549  5.2539e-01  5.3340e-01
   617.51     16.1941  5.2886e-01  5.3659e-01
   616.01     16.2336  5.3199e-01  5.3934e-01
   614.51     16.2732  5.3476e-01  5.4162e-01
   613.01     16.3130  5.3716e-01  5.4341e-01
   611.51     16.3530  5.3915e-01  5.4469e-01
   610.01     16.3932  5.4072e-01  5.4546e-01
   608.51     16.4337  5.4187e-01  5.4572e-01
   607.01     16.4743  5.4256e-01  5.4545e-01
   605.51     16.5151  5.4278e-01  5.4466e-01
   604.01     16.5561  5.4252e-01  5.4334e-01
   602.51     16.5973  5.4176e-01  5.4151e-01
   601.01     16.6388  5.4050e-01  5.3916e-01
   599.51     16.6804  5.3874e-01  5.3633e-01
   598.01     16.7222  5.3653e-01  5.3303e-01
   596.51     16.7643  5.3387e-01  5.2931e-01
   595.01     16.8065  5.3079e-01  5.2521e-01
   593.51     16.8490  5.2729e-01  5.2078e-01
   592.01     16.8917  5.2339e-01  5.1606e-01
   590.51     16.9346  5.1912e-01  5.1107e-01
   589.01     16.9778  5.1452e-01  5.0585e-01
   587.51     17.0211  5.0959e-01  5.0042e-01
   586.01     17.0647  5.0433e-01  4.9480e-01
   584.51     17.1085  4.9877e-01  4.8897e-01
   583.01     17.1525  4.9292e-01  4.8294e-01
   581.51     17.1967  4.8684e-01  4.7674e-01
   580.01     17.2412  4.8057e-01  4.7040e-01
   578.51     17.2859  4.7418e-01  4.6398e-01
   577.00     17.3309  4.6770e-01  4.5754e-01
   575.50     17.3760  4.6123e-01  4.5113e-01
   574.00     17.4215  4.5483e-01  4.4484e-01
   572.50     17.4671  4.4858e-01  4.3878e-01
   571.00     17.5130  4.4256e-01  4.3297e-01
   569.50     17.5591  4.3681e-01  4.2747e-01
   568.00     17.6055  4.3139e-01  4.2230e-01
   566.50     17.6521  4.2631e-01  4.1751e-01
   565.00     17.6990  4.2159e-01  4.1308e-01
   563.50     17.7461  4.1725e-01  4.0902e-01
   562.00     17.7935  4.1326e-01  4.0529e-01
   560.50     17.8411  4.0963e-01  4.0185e-01
   559.00     17.8890  4.0629e-01  3.9867e-01
   557.50     17.9371  4.0323e-01  3.9573e-01
   556.00     17.9855  4.0041e-01  3.9301e-01
   554.50     18.0342  3.9782e-01  3.9048e-01
   553.00     18.0831  3.9542e-01  3.8811e-01
   551.50     18.1323  3.9318e-01  3.8588e-01
   550.00     18.1817  3.9110e-01  3.8377e-01
   548.50     18.2314  3.8917e-01  3.8180e-01
   547.00     18.2814  3.8737e-01  3.7994e-01
   545.50     18.3317  3.8571e-01  3.7820e-01
   544.00     18.3823  3.8417e-01  3.7657e-01
   542.50     18.4331  3.8276e-01  3.7506e-01
   541.00     18.4842  3.8146e-01  3.7365e-01
   539.50     18.5356  3.8027e-01  3.7235e-01
   538.00     18.5873  3.7918e-01  3.7116e-01
   536.50     18.6393  3.7816e-01  3.7006e-01
   535.00     18.6915  3.7717e-01  3.6901e-01
   533.50     18.7441  3.7623e-01  3.6802e-01
   532.00     18.7969  3.7533e-01  3.6709e-01
   530.50     18.8501  3.7445e-01  3.6622e-01
   529.00     18.9035  3.7359e-01  3.6537e-01
   527.50     18.9573  3.7271e-01  3.6451e-01
   526.00     19.0114  3.7182e-01  3.6362e-01
   524.50     19.0657  3.7091e-01  3.6269e-01
   523.00     19.1204  3.7001e-01  3.6176e-01
   521.50     19.1754  3.6915e-01  3.6084e-01
   520.00     19.2307  3.6830e-01  3.5991e-01
   518.50     19.2864  3.6744e-01  3.5895e-01
   517.00     19.3423  3.6659e-01  3.5797e-01
   515.50     19.3986  3.6576e-01  3.5702e-01
   514.00     19.4552  3.6495e-01  3.5613e-01
   512.50     19.5122  3.6419e-01  3.5531e-01
   511.00     19.5695  3.6347e-01  3.5453e-01
   509.50     19.6271  3.6277e-01  3.5377e-01
   508.00     19.6850  3.6208e-01  3.5302e-01
   506.50     19.7433  3.6140e-01  3.5233e-01
   505.00     19.8020  3.6076e-01  3.5167e-01
   503.50     19.8610  3.6016e-01  3.5104e-01
   502.00     19.9203  3.5958e-01  3.5043e-01
   500.50     19.9801  3.5905e-01  3.4983e-01
   499.00     20.0401  3.5858e-01  3.4929e-01
   497.50     20.1005  3.5818e-01  3.4882e-01
   496.00     20.1613  3.5786e-01  3.4842e-01
   494.50     20.2225  3.5762e-01  3.4811e-01
   493.00     20.2840  3.5746e-01  3.4789e-01
   491.50     20.3459  3.5738e-01  3.4775e-01
   490.00     20.4082  3.5739e-01  3.4770e-01
   488.50     20.4709  3.5750e-01  3.4773e-01
   487.00     20.5340  3.5771e-01  3.4785e-01
   485.50     20.5974  3.5801e-01  3.4803e-01
   484.00     20.6612  3.5834e-01  3.4829e-01
   482.50     20.7255  3.5871e-01  3.4858e-01
   481.00     20.7901  3.5911e-01  3.4890e-01
   479.50     20.8552  3.5954e-01  3.4924e-01
   478.00     20.9206  3.6001e-01  3.4958e-01
   476.50     20.9865  3.6049e-01  3.4993e-01
   475.00     21.0527  3.6098e-01  3.5027e-01
   473.50     21.1194  3.6147e-01  3.5061e-01
   472.00     21.1866  3.6196e-01  3.5094e-01
   470.50     21.2541  3.6249e-01  3.5131e-01
   469.00     21.3221  3.6308e-01  3.5176e-01
   467.50     21.3905  3.6372e-01  3.5227e-01
   466.00     21.4594  3.6439e-01  3.5278e-01
   464.50     21.5287  3.6510e-01  3.5334e-01
   463.00     21.5984  3.6585e-01  3.5393e-01
   461.50     21.6686  3.6663e-01  3.5456e-01
   460.00     21.7393  3.6741e-01  3.5520e-01
   458.50     21.8104  3.6822e-01  3.5580e-01
   457.00     21.8820  3.6900e-01  3.5633e-01
   455.50     21.9541  3.6979e-01  3.5682e-01
   454.00     22.0266  3.7061e-01  3.5733e-01
   452.50     22.0997  3.7147e-01  3.5783e-01
   451.00     22.1732  3.7234e-01  3.5830e-01
   449.50     22.2472  3.7319e-01  3.5871e-01
   448.00     22.3217  3.7396e-01  3.5903e-01
   446.50     22.3967  3.7465e-01  3.5928e-01
   445.00     22.4722  3.7519e-01  3.5945e-01
   443.49     22.5482  3.7556e-01  3.5952e-01
   441.99     22.6247  3.7569e-01  3.5942e-01
   440.49     22.7017  3.7550e-01  3.5912e-01
   438.99     22.7793  3.7499e-01  3.5865e-01
   437.49     22.8574  3.7415e-01  3.5804e-01
   435.99     22.9361  3.7304e-01  3.5728e-01
   434.49     23.0153  3.7168e-01  3.5635e-01
   432.99     23.0950  3.7014e-01  3.5525e-01
   431.49     23.1753  3.6847e-01  3.5399e-01
   429.99     23.2561  3.6682e-01  3.5269e-01
   428.49     23.3376  3.6528e-01  3.5147e-01
   426.99     23.4195  3.6389e-01  3.5037e-01
   425.49     23.5021  3.6269e-01  3.4939e-01
   423.99     23.5853  3.6169e-01  3.4856e-01
   422.49     23.6690  3.6091e-01  3.4793e-01
   420.99     23.7533  3.6037e-01  3.4756e-01
   419.49     23.8383  3.6007e-01  3.4746e-01
   417.99     23.9238  3.5997e-01  3.4757e-01
   416.49     24.0100  3.5994e-01  3.4774e-01
   414.99     24.0968  3.5989e-01  3.4787e-01
   413.49     24.1842  3.5979e-01  3.4794e-01
   411.99     24.2723  3.5963e-01  3.4794e-01
   410.49     24.3610  3.5940e-01  3.4785e-01
   408.99     24.4503  3.5915e-01  3.4764e-01
   407.49     24.5403  3.5891e-01  3.4739e-01
   405.99     24.6310  3.5870e-01  3.4716e-01
   404.49     24.7224  3.5853e-01  3.4702e-01
   402.99     24.8144  3.5845e-01  3.4702e-01
   401.49     24.9071  3.5851e-01  3.4718e-01
   399.99     25.0005  3.5873e-01  3.4751e-01
