  Data: Real and imaginary indices of H2SO4/H2O droplets 
   0.48, 0.38, 0.38, 0.38, 0.38 Weight percent H2SO4
   213,  298,  277,  257,  243 K
  
  Reference: Myhre, C. E. Lund, D. H. Christensen, F. M. Nicolaisen,
  and C. J. Nielsen, Spectroscopic Study of Aqueous H2SO4 at Different
  Temperatures and Compositions: Variations in Dissociation and 
  Optical Properties, J. Phys. Chem., volume 107, pgs. 1979-1991, 2005.
  
  Email contact person: C. E. Lund Myhre (e.c.lund@iakh.uio.no.)
  
  Format: 4733 real indices (2x,f7.2,2x,f10.4,5(2x,f7.5))
          4733 imaginary indices (2x,f7.2,2x,f10.4,5(1x,e11.4))
  
  cm-1        microns   rnw48t213, rnw38t298, rnw38t277, rnw38t257, rnw38t243 
  7498.52      1.3336  1.38131  1.36722  1.36586  1.36930  1.37693
  7497.02      1.3339  1.38137  1.36728  1.36592  1.36935  1.37696
  7495.52      1.3341  1.38145  1.36735  1.36599  1.36942  1.37704
  7494.02      1.3344  1.38151  1.36740  1.36606  1.36953  1.37715
  7492.52      1.3347  1.38156  1.36745  1.36612  1.36965  1.37728
  7491.02      1.3349  1.38162  1.36750  1.36618  1.36976  1.37740
  7489.52      1.3352  1.38166  1.36754  1.36622  1.36982  1.37746
  7488.02      1.3355  1.38167  1.36755  1.36624  1.36981  1.37745
  7486.52      1.3357  1.38169  1.36757  1.36624  1.36977  1.37740
  7485.02      1.3360  1.38168  1.36756  1.36623  1.36971  1.37734
  7483.52      1.3363  1.38168  1.36756  1.36622  1.36968  1.37731
  7482.02      1.3365  1.38166  1.36754  1.36620  1.36965  1.37728
  7480.52      1.3368  1.38164  1.36753  1.36617  1.36965  1.37727
  7479.02      1.3371  1.38161  1.36750  1.36614  1.36963  1.37726
  7477.52      1.3373  1.38160  1.36750  1.36613  1.36962  1.37726
  7476.02      1.3376  1.38159  1.36749  1.36612  1.36960  1.37723
  7474.52      1.3379  1.38159  1.36749  1.36612  1.36957  1.37720
  7473.02      1.3381  1.38160  1.36750  1.36612  1.36955  1.37718
  7471.52      1.3384  1.38162  1.36752  1.36614  1.36956  1.37718
  7470.02      1.3387  1.38165  1.36755  1.36617  1.36960  1.37723
  7468.52      1.3390  1.38170  1.36759  1.36622  1.36967  1.37730
  7467.02      1.3392  1.38174  1.36762  1.36627  1.36975  1.37738
  7465.52      1.3395  1.38178  1.36766  1.36631  1.36983  1.37746
  7464.02      1.3398  1.38182  1.36770  1.36636  1.36989  1.37753
  7462.52      1.3400  1.38185  1.36772  1.36640  1.36996  1.37760
  7461.02      1.3403  1.38187  1.36773  1.36642  1.36999  1.37763
  7459.52      1.3406  1.38186  1.36773  1.36642  1.36998  1.37762
  7458.02      1.3408  1.38184  1.36771  1.36639  1.36994  1.37758
  7456.52      1.3411  1.38181  1.36768  1.36635  1.36990  1.37754
  7455.02      1.3414  1.38176  1.36764  1.36629  1.36982  1.37746
  7453.52      1.3416  1.38172  1.36760  1.36624  1.36973  1.37737
  7452.02      1.3419  1.38168  1.36757  1.36619  1.36963  1.37726
  7450.52      1.3422  1.38163  1.36752  1.36614  1.36952  1.37716
  7449.02      1.3425  1.38159  1.36748  1.36611  1.36948  1.37711
  7447.52      1.3427  1.38157  1.36746  1.36610  1.36950  1.37713
  7446.02      1.3430  1.38154  1.36743  1.36608  1.36958  1.37721
  7444.52      1.3433  1.38152  1.36741  1.36607  1.36964  1.37728
  7443.02      1.3435  1.38150  1.36739  1.36605  1.36965  1.37729
  7441.52      1.3438  1.38147  1.36737  1.36602  1.36959  1.37723
  7440.02      1.3441  1.38146  1.36735  1.36600  1.36949  1.37712
  7438.52      1.3444  1.38144  1.36733  1.36596  1.36937  1.37701
  7437.02      1.3446  1.38143  1.36733  1.36595  1.36930  1.37692
  7435.52      1.3449  1.38143  1.36733  1.36594  1.36930  1.37692
  7434.02      1.3452  1.38143  1.36733  1.36596  1.36935  1.37698
  7432.52      1.3454  1.38145  1.36735  1.36599  1.36946  1.37709
  7431.02      1.3457  1.38148  1.36737  1.36602  1.36957  1.37720
  7429.52      1.3460  1.38149  1.36738  1.36605  1.36963  1.37726
  7428.02      1.3463  1.38150  1.36738  1.36606  1.36964  1.37727
  7426.52      1.3465  1.38149  1.36737  1.36606  1.36961  1.37725
  7425.02      1.3468  1.38147  1.36735  1.36603  1.36957  1.37721
  7423.52      1.3471  1.38144  1.36733  1.36600  1.36952  1.37715
  7422.02      1.3473  1.38140  1.36730  1.36594  1.36945  1.37708
  7420.52      1.3476  1.38137  1.36726  1.36590  1.36937  1.37700
  7419.02      1.3479  1.38133  1.36723  1.36585  1.36929  1.37692
  7417.51      1.3482  1.38130  1.36720  1.36582  1.36923  1.37685
  7416.01      1.3484  1.38128  1.36718  1.36580  1.36919  1.37682
  7414.51      1.3487  1.38127  1.36718  1.36580  1.36921  1.37683
  7413.01      1.3490  1.38128  1.36718  1.36581  1.36927  1.37689
  7411.51      1.3493  1.38130  1.36721  1.36584  1.36934  1.37696
  7410.01      1.3495  1.38133  1.36723  1.36587  1.36939  1.37702
  7408.51      1.3498  1.38136  1.36726  1.36591  1.36940  1.37703
  7407.01      1.3501  1.38139  1.36727  1.36593  1.36940  1.37703
  7405.51      1.3503  1.38140  1.36729  1.36596  1.36942  1.37704
  7404.01      1.3506  1.38143  1.36732  1.36599  1.36947  1.37710
  7402.51      1.3509  1.38144  1.36732  1.36600  1.36954  1.37718
  7401.01      1.3512  1.38143  1.36732  1.36599  1.36958  1.37722
  7399.51      1.3514  1.38142  1.36731  1.36598  1.36955  1.37719
  7398.01      1.3517  1.38138  1.36727  1.36594  1.36947  1.37710
  7396.51      1.3520  1.38134  1.36723  1.36589  1.36937  1.37700
  7395.01      1.3523  1.38130  1.36720  1.36585  1.36929  1.37692
  7393.51      1.3525  1.38127  1.36717  1.36581  1.36925  1.37688
  7392.01      1.3528  1.38123  1.36713  1.36577  1.36921  1.37684
  7390.51      1.3531  1.38119  1.36710  1.36573  1.36919  1.37681
  7389.01      1.3534  1.38116  1.36707  1.36570  1.36917  1.37679
  7387.51      1.3536  1.38114  1.36705  1.36568  1.36915  1.37678
  7386.01      1.3539  1.38113  1.36703  1.36568  1.36915  1.37677
  7384.51      1.3542  1.38109  1.36700  1.36566  1.36913  1.37675
  7383.01      1.3545  1.38107  1.36698  1.36564  1.36913  1.37675
  7381.51      1.3547  1.38105  1.36696  1.36561  1.36915  1.37677
  7380.01      1.3550  1.38104  1.36695  1.36560  1.36914  1.37677
  7378.51      1.3553  1.38102  1.36693  1.36558  1.36910  1.37673
  7377.01      1.3556  1.38099  1.36690  1.36555  1.36900  1.37662
  7375.51      1.3558  1.38097  1.36688  1.36552  1.36890  1.37652
  7374.01      1.3561  1.38095  1.36687  1.36550  1.36888  1.37649
  7372.51      1.3564  1.38096  1.36687  1.36550  1.36893  1.37655
  7371.01      1.3567  1.38097  1.36689  1.36552  1.36900  1.37662
  7369.51      1.3569  1.38098  1.36689  1.36553  1.36905  1.37667
  7368.01      1.3572  1.38098  1.36689  1.36554  1.36905  1.37667
  7366.51      1.3575  1.38098  1.36689  1.36555  1.36904  1.37666
  7365.01      1.3578  1.38099  1.36689  1.36557  1.36906  1.37668
  7363.51      1.3580  1.38099  1.36690  1.36557  1.36909  1.37671
  7362.01      1.3583  1.38099  1.36690  1.36556  1.36910  1.37673
  7360.51      1.3586  1.38098  1.36689  1.36553  1.36907  1.37670
  7359.01      1.3589  1.38097  1.36689  1.36552  1.36901  1.37663
  7357.51      1.3592  1.38097  1.36689  1.36552  1.36893  1.37654
  7356.01      1.3594  1.38098  1.36690  1.36552  1.36886  1.37648
  7354.51      1.3597  1.38100  1.36692  1.36554  1.36888  1.37649
  7353.01      1.3600  1.38103  1.36694  1.36557  1.36897  1.37659
  7351.51      1.3603  1.38106  1.36697  1.36562  1.36912  1.37674
  7350.01      1.3605  1.38109  1.36698  1.36567  1.36925  1.37688
  7348.51      1.3608  1.38108  1.36697  1.36569  1.36931  1.37695
  7347.01      1.3611  1.38105  1.36694  1.36567  1.36931  1.37694
  7345.51      1.3614  1.38100  1.36689  1.36561  1.36925  1.37688
  7344.01      1.3617  1.38094  1.36684  1.36553  1.36915  1.37678
  7342.51      1.3619  1.38087  1.36679  1.36544  1.36899  1.37662
  7341.01      1.3622  1.38080  1.36672  1.36534  1.36877  1.37640
  7339.51      1.3625  1.38073  1.36667  1.36524  1.36854  1.37615
  7338.01      1.3628  1.38067  1.36662  1.36519  1.36838  1.37598
  7336.51      1.3630  1.38065  1.36659  1.36518  1.36838  1.37597
  7335.01      1.3633  1.38066  1.36659  1.36520  1.36853  1.37613
  7333.51      1.3636  1.38068  1.36661  1.36525  1.36876  1.37637
  7332.01      1.3639  1.38070  1.36662  1.36529  1.36896  1.37659
  7330.51      1.3642  1.38073  1.36665  1.36533  1.36905  1.37668
  7329.01      1.3644  1.38074  1.36666  1.36535  1.36900  1.37663
  7327.51      1.3647  1.38076  1.36667  1.36535  1.36885  1.37647
  7326.01      1.3650  1.38076  1.36668  1.36534  1.36871  1.37632
  7324.51      1.3653  1.38077  1.36669  1.36532  1.36864  1.37625
  7323.01      1.3656  1.38079  1.36671  1.36533  1.36867  1.37628
  7321.51      1.3658  1.38080  1.36673  1.36534  1.36876  1.37637
  7320.01      1.3661  1.38083  1.36675  1.36537  1.36885  1.37647
  7318.51      1.3664  1.38084  1.36675  1.36542  1.36893  1.37655
  7317.01      1.3667  1.38086  1.36676  1.36545  1.36899  1.37661
  7315.51      1.3670  1.38087  1.36677  1.36548  1.36904  1.37667
  7314.01      1.3672  1.38087  1.36677  1.36547  1.36907  1.37670
  7312.51      1.3675  1.38085  1.36675  1.36545  1.36905  1.37666
  7311.01      1.3678  1.38081  1.36672  1.36539  1.36895  1.37657
  7309.51      1.3681  1.38076  1.36668  1.36533  1.36881  1.37643
  7308.01      1.3684  1.38071  1.36664  1.36527  1.36868  1.37629
  7306.51      1.3686  1.38067  1.36660  1.36522  1.36857  1.37618
  7305.01      1.3689  1.38063  1.36656  1.36519  1.36854  1.37614
  7303.51      1.3692  1.38061  1.36654  1.36517  1.36855  1.37615
  7302.01      1.3695  1.38059  1.36652  1.36516  1.36861  1.37622
  7300.51      1.3698  1.38058  1.36650  1.36516  1.36869  1.37631
  7299.01      1.3700  1.38057  1.36650  1.36516  1.36874  1.37636
  7297.51      1.3703  1.38056  1.36648  1.36516  1.36874  1.37636
  7296.01      1.3706  1.38053  1.36646  1.36513  1.36867  1.37629
  7294.51      1.3709  1.38050  1.36643  1.36509  1.36856  1.37617
  7293.01      1.3712  1.38047  1.36640  1.36505  1.36847  1.37608
  7291.51      1.3715  1.38043  1.36637  1.36502  1.36844  1.37604
  7290.01      1.3717  1.38040  1.36634  1.36498  1.36842  1.37603
  7288.51      1.3720  1.38039  1.36633  1.36495  1.36842  1.37602
  7287.00      1.3723  1.38037  1.36632  1.36493  1.36839  1.37599
  7285.50      1.3726  1.38037  1.36632  1.36493  1.36836  1.37597
  7284.00      1.3729  1.38040  1.36634  1.36496  1.36836  1.37597
  7282.50      1.3732  1.38044  1.36638  1.36501  1.36839  1.37600
  7281.00      1.3734  1.38049  1.36642  1.36506  1.36846  1.37606
  7279.50      1.3737  1.38054  1.36647  1.36512  1.36856  1.37617
  7278.00      1.3740  1.38060  1.36652  1.36519  1.36868  1.37629
  7276.50      1.3743  1.38064  1.36656  1.36525  1.36881  1.37643
  7275.00      1.3746  1.38066  1.36657  1.36528  1.36889  1.37651
  7273.50      1.3749  1.38068  1.36658  1.36529  1.36891  1.37654
  7272.00      1.3751  1.38067  1.36658  1.36527  1.36887  1.37649
  7270.50      1.3754  1.38063  1.36655  1.36523  1.36877  1.37638
  7269.00      1.3757  1.38059  1.36651  1.36518  1.36864  1.37626
  7267.50      1.3760  1.38054  1.36647  1.36511  1.36854  1.37614
  7266.00      1.3763  1.38049  1.36643  1.36505  1.36846  1.37606
  7264.50      1.3766  1.38044  1.36638  1.36500  1.36841  1.37602
  7263.00      1.3768  1.38041  1.36636  1.36497  1.36839  1.37599
  7261.50      1.3771  1.38040  1.36633  1.36496  1.36838  1.37598
  7260.00      1.3774  1.38038  1.36631  1.36496  1.36839  1.37600
  7258.50      1.3777  1.38037  1.36631  1.36496  1.36843  1.37603
  7257.00      1.3780  1.38038  1.36632  1.36497  1.36848  1.37609
  7255.50      1.3783  1.38040  1.36634  1.36498  1.36852  1.37613
  7254.00      1.3785  1.38041  1.36634  1.36499  1.36851  1.37613
  7252.50      1.3788  1.38041  1.36634  1.36500  1.36845  1.37606
  7251.00      1.3791  1.38040  1.36633  1.36500  1.36841  1.37600
  7249.50      1.3794  1.38038  1.36630  1.36499  1.36841  1.37601
  7248.00      1.3797  1.38036  1.36629  1.36497  1.36848  1.37609
  7246.50      1.3800  1.38034  1.36628  1.36494  1.36856  1.37618
  7245.00      1.3803  1.38032  1.36626  1.36491  1.36855  1.37617
  7243.50      1.3805  1.38029  1.36623  1.36487  1.36842  1.37602
  7242.00      1.3808  1.38025  1.36619  1.36483  1.36820  1.37580
  7240.50      1.3811  1.38021  1.36615  1.36480  1.36805  1.37564
  7239.00      1.3814  1.38018  1.36612  1.36477  1.36804  1.37563
  7237.50      1.3817  1.38017  1.36611  1.36476  1.36819  1.37579
  7236.00      1.3820  1.38015  1.36610  1.36475  1.36838  1.37599
  7234.50      1.3823  1.38014  1.36609  1.36474  1.36844  1.37607
  7233.00      1.3826  1.38011  1.36606  1.36471  1.36834  1.37596
  7231.50      1.3828  1.38009  1.36603  1.36469  1.36813  1.37572
  7230.00      1.3831  1.38006  1.36601  1.36466  1.36795  1.37554
  7228.50      1.3834  1.38005  1.36600  1.36465  1.36791  1.37549
  7227.00      1.3837  1.38005  1.36600  1.36465  1.36800  1.37559
  7225.50      1.3840  1.38004  1.36599  1.36463  1.36816  1.37576
  7224.00      1.3843  1.38003  1.36598  1.36463  1.36826  1.37587
  7222.50      1.3846  1.38001  1.36596  1.36462  1.36826  1.37587
  7221.00      1.3848  1.38000  1.36595  1.36462  1.36816  1.37576
  7219.50      1.3851  1.38000  1.36595  1.36460  1.36801  1.37561
  7218.00      1.3854  1.38000  1.36595  1.36459  1.36791  1.37549
  7216.50      1.3857  1.38002  1.36598  1.36460  1.36791  1.37549
  7215.00      1.3860  1.38004  1.36600  1.36462  1.36799  1.37558
  7213.50      1.3863  1.38006  1.36601  1.36465  1.36811  1.37571
  7212.00      1.3866  1.38008  1.36603  1.36469  1.36822  1.37583
  7210.50      1.3869  1.38009  1.36603  1.36472  1.36830  1.37590
  7209.00      1.3872  1.38009  1.36602  1.36473  1.36834  1.37595
  7207.50      1.3874  1.38008  1.36601  1.36472  1.36833  1.37594
  7206.00      1.3877  1.38005  1.36599  1.36468  1.36826  1.37586
  7204.50      1.3880  1.38001  1.36596  1.36462  1.36813  1.37574
  7203.00      1.3883  1.37996  1.36592  1.36455  1.36798  1.37557
  7201.50      1.3886  1.37991  1.36588  1.36449  1.36784  1.37543
  7200.00      1.3889  1.37989  1.36586  1.36446  1.36777  1.37535
  7198.50      1.3892  1.37988  1.36585  1.36445  1.36777  1.37535
  7197.00      1.3895  1.37989  1.36586  1.36446  1.36783  1.37543
  7195.50      1.3898  1.37992  1.36590  1.36450  1.36794  1.37553
  7194.00      1.3900  1.37997  1.36593  1.36457  1.36805  1.37565
  7192.50      1.3903  1.38002  1.36597  1.36464  1.36815  1.37575
  7191.00      1.3906  1.38007  1.36601  1.36470  1.36823  1.37583
  7189.50      1.3909  1.38010  1.36603  1.36473  1.36829  1.37589
  7188.00      1.3912  1.38012  1.36606  1.36475  1.36832  1.37593
  7186.50      1.3915  1.38013  1.36607  1.36476  1.36833  1.37594
  7185.00      1.3918  1.38012  1.36607  1.36474  1.36828  1.37588
  7183.50      1.3921  1.38011  1.36606  1.36470  1.36818  1.37578
  7182.00      1.3924  1.38008  1.36604  1.36467  1.36808  1.37567
  7180.50      1.3927  1.38008  1.36603  1.36466  1.36802  1.37561
  7179.00      1.3930  1.38007  1.36603  1.36466  1.36803  1.37562
  7177.50      1.3932  1.38008  1.36603  1.36466  1.36808  1.37567
  7176.00      1.3935  1.38009  1.36604  1.36468  1.36814  1.37574
  7174.50      1.3938  1.38010  1.36605  1.36470  1.36822  1.37581
  7173.00      1.3941  1.38011  1.36605  1.36472  1.36827  1.37587
  7171.50      1.3944  1.38012  1.36605  1.36475  1.36829  1.37590
  7170.00      1.3947  1.38011  1.36604  1.36474  1.36828  1.37588
  7168.50      1.3950  1.38007  1.36600  1.36469  1.36824  1.37584
  7167.00      1.3953  1.38000  1.36594  1.36464  1.36818  1.37578
  7165.50      1.3956  1.37993  1.36587  1.36456  1.36812  1.37572
  7164.00      1.3959  1.37985  1.36579  1.36447  1.36802  1.37562
  7162.50      1.3962  1.37976  1.36572  1.36437  1.36786  1.37546
  7161.00      1.3965  1.37966  1.36564  1.36425  1.36767  1.37527
  7159.50      1.3967  1.37959  1.36558  1.36417  1.36751  1.37509
  7158.00      1.3970  1.37955  1.36554  1.36412  1.36740  1.37497
  7156.50      1.3973  1.37955  1.36554  1.36411  1.36737  1.37495
  7155.00      1.3976  1.37958  1.36557  1.36414  1.36743  1.37501
  7153.50      1.3979  1.37963  1.36562  1.36421  1.36756  1.37514
  7152.00      1.3982  1.37970  1.36568  1.36432  1.36774  1.37532
  7150.50      1.3985  1.37979  1.36574  1.36443  1.36795  1.37554
  7148.99      1.3988  1.37987  1.36582  1.36452  1.36813  1.37573
  7147.49      1.3991  1.37994  1.36588  1.36460  1.36825  1.37584
  7145.99      1.3994  1.37997  1.36591  1.36463  1.36827  1.37588
  7144.49      1.3997  1.37998  1.36592  1.36464  1.36823  1.37583
  7142.99      1.4000  1.37998  1.36592  1.36461  1.36814  1.37574
  7141.49      1.4003  1.37995  1.36590  1.36457  1.36804  1.37564
  7139.99      1.4006  1.37991  1.36587  1.36452  1.36795  1.37553
  7138.49      1.4009  1.37987  1.36584  1.36447  1.36786  1.37545
  7136.99      1.4012  1.37984  1.36581  1.36443  1.36781  1.37540
  7135.49      1.4014  1.37982  1.36579  1.36441  1.36780  1.37539
  7133.99      1.4017  1.37982  1.36579  1.36442  1.36783  1.37542
  7132.49      1.4020  1.37983  1.36580  1.36443  1.36788  1.37547
  7130.99      1.4023  1.37986  1.36582  1.36446  1.36792  1.37551
  7129.49      1.4026  1.37988  1.36584  1.36450  1.36797  1.37556
  7127.99      1.4029  1.37991  1.36586  1.36453  1.36802  1.37560
  7126.49      1.4032  1.37992  1.36587  1.36456  1.36806  1.37566
  7124.99      1.4035  1.37993  1.36588  1.36457  1.36811  1.37570
  7123.49      1.4038  1.37993  1.36587  1.36456  1.36812  1.37572
  7121.99      1.4041  1.37991  1.36586  1.36454  1.36810  1.37570
  7120.49      1.4044  1.37988  1.36584  1.36450  1.36803  1.37563
  7118.99      1.4047  1.37985  1.36581  1.36446  1.36793  1.37553
  7117.49      1.4050  1.37981  1.36579  1.36442  1.36783  1.37541
  7115.99      1.4053  1.37979  1.36576  1.36439  1.36774  1.37533
  7114.49      1.4056  1.37977  1.36574  1.36437  1.36773  1.37531
  7112.99      1.4059  1.37977  1.36575  1.36437  1.36777  1.37535
  7111.49      1.4062  1.37980  1.36577  1.36439  1.36785  1.37544
  7109.99      1.4065  1.37983  1.36579  1.36442  1.36792  1.37551
  7108.49      1.4068  1.37986  1.36582  1.36447  1.36795  1.37554
  7106.99      1.4071  1.37990  1.36585  1.36451  1.36797  1.37556
  7105.49      1.4074  1.37994  1.36589  1.36456  1.36800  1.37559
  7103.99      1.4077  1.37997  1.36592  1.36460  1.36807  1.37566
  7102.49      1.4080  1.38001  1.36595  1.36464  1.36816  1.37576
  7100.99      1.4083  1.38003  1.36597  1.36465  1.36823  1.37584
  7099.49      1.4086  1.38003  1.36598  1.36465  1.36823  1.37585
  7097.99      1.4088  1.38003  1.36598  1.36464  1.36818  1.37578
  7096.49      1.4091  1.38002  1.36596  1.36463  1.36809  1.37568
  7094.99      1.4094  1.38001  1.36596  1.36461  1.36800  1.37560
  7093.49      1.4097  1.37999  1.36594  1.36459  1.36797  1.37556
  7091.99      1.4100  1.37998  1.36593  1.36458  1.36800  1.37559
  7090.49      1.4103  1.37995  1.36590  1.36457  1.36806  1.37565
  7088.99      1.4106  1.37993  1.36588  1.36455  1.36810  1.37570
  7087.49      1.4109  1.37990  1.36585  1.36452  1.36810  1.37570
  7085.99      1.4112  1.37987  1.36582  1.36449  1.36804  1.37564
  7084.49      1.4115  1.37983  1.36579  1.36445  1.36795  1.37554
  7082.99      1.4118  1.37980  1.36576  1.36441  1.36785  1.37544
  7081.49      1.4121  1.37977  1.36574  1.36437  1.36776  1.37535
  7079.99      1.4124  1.37975  1.36572  1.36434  1.36770  1.37528
  7078.49      1.4127  1.37974  1.36571  1.36433  1.36770  1.37528
  7076.99      1.4130  1.37974  1.36571  1.36434  1.36775  1.37533
  7075.49      1.4133  1.37975  1.36571  1.36436  1.36781  1.37540
  7073.99      1.4136  1.37976  1.36572  1.36438  1.36788  1.37547
  7072.49      1.4139  1.37976  1.36572  1.36440  1.36793  1.37552
  7070.99      1.4142  1.37977  1.36572  1.36441  1.36796  1.37556
  7069.49      1.4145  1.37976  1.36572  1.36441  1.36795  1.37555
  7067.99      1.4148  1.37976  1.36571  1.36438  1.36791  1.37550
  7066.49      1.4151  1.37973  1.36569  1.36436  1.36783  1.37542
  7064.99      1.4154  1.37971  1.36567  1.36432  1.36774  1.37533
  7063.49      1.4157  1.37968  1.36563  1.36428  1.36769  1.37527
  7061.99      1.4160  1.37964  1.36561  1.36426  1.36768  1.37526
  7060.49      1.4163  1.37962  1.36559  1.36424  1.36770  1.37528
  7058.99      1.4166  1.37961  1.36559  1.36423  1.36771  1.37530
  7057.49      1.4169  1.37960  1.36557  1.36421  1.36770  1.37529
  7055.99      1.4172  1.37958  1.36555  1.36420  1.36767  1.37525
  7054.49      1.4175  1.37957  1.36554  1.36420  1.36764  1.37523
  7052.99      1.4178  1.37956  1.36553  1.36420  1.36764  1.37523
  7051.49      1.4181  1.37956  1.36553  1.36419  1.36766  1.37524
  7049.99      1.4184  1.37956  1.36553  1.36418  1.36769  1.37527
  7048.49      1.4187  1.37955  1.36553  1.36417  1.36769  1.37528
  7046.99      1.4190  1.37956  1.36553  1.36417  1.36765  1.37523
  7045.49      1.4193  1.37956  1.36554  1.36417  1.36760  1.37518
  7043.99      1.4197  1.37958  1.36555  1.36419  1.36756  1.37514
  7042.49      1.4200  1.37960  1.36558  1.36421  1.36757  1.37515
  7040.99      1.4203  1.37963  1.36560  1.36425  1.36766  1.37524
  7039.49      1.4206  1.37967  1.36563  1.36429  1.36777  1.37536
  7037.99      1.4209  1.37970  1.36566  1.36433  1.36787  1.37546
  7036.49      1.4212  1.37973  1.36569  1.36437  1.36794  1.37553
  7034.99      1.4215  1.37974  1.36570  1.36439  1.36794  1.37553
  7033.49      1.4218  1.37975  1.36571  1.36440  1.36790  1.37549
  7031.99      1.4221  1.37975  1.36570  1.36439  1.36787  1.37546
  7030.49      1.4224  1.37973  1.36569  1.36436  1.36784  1.37543
  7028.99      1.4227  1.37971  1.36567  1.36433  1.36781  1.37540
  7027.49      1.4230  1.37968  1.36565  1.36430  1.36779  1.37538
  7025.99      1.4233  1.37965  1.36562  1.36427  1.36774  1.37532
  7024.49      1.4236  1.37963  1.36561  1.36424  1.36767  1.37526
  7022.99      1.4239  1.37961  1.36558  1.36422  1.36762  1.37520
  7021.49      1.4242  1.37960  1.36558  1.36421  1.36760  1.37517
  7019.99      1.4245  1.37961  1.36558  1.36422  1.36763  1.37521
  7018.48      1.4248  1.37961  1.36558  1.36423  1.36770  1.37528
  7016.98      1.4251  1.37961  1.36558  1.36425  1.36776  1.37535
  7015.48      1.4254  1.37961  1.36558  1.36425  1.36780  1.37539
  7013.98      1.4257  1.37961  1.36558  1.36425  1.36779  1.37538
  7012.48      1.4260  1.37962  1.36559  1.36425  1.36774  1.37533
  7010.98      1.4263  1.37962  1.36559  1.36424  1.36768  1.37526
  7009.48      1.4266  1.37963  1.36560  1.36424  1.36763  1.37521
  7007.98      1.4269  1.37963  1.36561  1.36424  1.36762  1.37520
  7006.48      1.4272  1.37966  1.36564  1.36426  1.36766  1.37524
  7004.98      1.4276  1.37969  1.36567  1.36429  1.36773  1.37531
  7003.48      1.4279  1.37974  1.36570  1.36435  1.36781  1.37539
  7001.98      1.4282  1.37978  1.36574  1.36440  1.36787  1.37546
  7000.48      1.4285  1.37982  1.36578  1.36445  1.36793  1.37551
  6998.98      1.4288  1.37986  1.36582  1.36450  1.36799  1.37558
  6997.48      1.4291  1.37990  1.36585  1.36453  1.36805  1.37565
  6995.98      1.4294  1.37993  1.36588  1.36457  1.36810  1.37570
  6994.48      1.4297  1.37994  1.36588  1.36457  1.36812  1.37572
  6992.98      1.4300  1.37992  1.36586  1.36455  1.36808  1.37568
  6991.48      1.4303  1.37989  1.36584  1.36452  1.36803  1.37562
  6989.98      1.4306  1.37985  1.36580  1.36448  1.36798  1.37557
  6988.48      1.4309  1.37981  1.36577  1.36443  1.36792  1.37551
  6986.98      1.4312  1.37977  1.36574  1.36438  1.36784  1.37544
  6985.48      1.4315  1.37974  1.36571  1.36433  1.36776  1.37535
  6983.98      1.4318  1.37971  1.36568  1.36430  1.36768  1.37527
  6982.48      1.4322  1.37969  1.36567  1.36428  1.36763  1.37521
  6980.98      1.4325  1.37969  1.36567  1.36429  1.36765  1.37523
  6979.48      1.4328  1.37971  1.36568  1.36432  1.36771  1.37529
  6977.98      1.4331  1.37973  1.36569  1.36435  1.36781  1.37540
  6976.48      1.4334  1.37976  1.36571  1.36439  1.36792  1.37551
  6974.98      1.4337  1.37978  1.36573  1.36441  1.36800  1.37560
  6973.48      1.4340  1.37978  1.36574  1.36442  1.36802  1.37562
  6971.98      1.4343  1.37979  1.36575  1.36442  1.36798  1.37558
  6970.48      1.4346  1.37979  1.36575  1.36441  1.36789  1.37548
  6968.98      1.4349  1.37978  1.36574  1.36439  1.36779  1.37538
  6967.48      1.4352  1.37978  1.36574  1.36438  1.36774  1.37532
  6965.98      1.4355  1.37977  1.36573  1.36437  1.36774  1.37532
  6964.48      1.4359  1.37977  1.36573  1.36438  1.36779  1.37538
  6962.98      1.4362  1.37978  1.36574  1.36439  1.36787  1.37546
  6961.48      1.4365  1.37978  1.36574  1.36441  1.36794  1.37553
  6959.98      1.4368  1.37980  1.36576  1.36442  1.36797  1.37557
  6958.48      1.4371  1.37980  1.36576  1.36443  1.36795  1.37554
  6956.98      1.4374  1.37980  1.36575  1.36443  1.36789  1.37548
  6955.48      1.4377  1.37979  1.36574  1.36442  1.36786  1.37544
  6953.98      1.4380  1.37978  1.36573  1.36440  1.36785  1.37544
  6952.48      1.4383  1.37976  1.36571  1.36438  1.36788  1.37547
  6950.98      1.4386  1.37973  1.36569  1.36435  1.36788  1.37547
  6949.48      1.4390  1.37970  1.36566  1.36431  1.36784  1.37543
  6947.98      1.4393  1.37966  1.36563  1.36428  1.36776  1.37535
  6946.48      1.4396  1.37963  1.36559  1.36425  1.36767  1.37526
  6944.98      1.4399  1.37960  1.36557  1.36422  1.36762  1.37520
  6943.48      1.4402  1.37958  1.36556  1.36419  1.36760  1.37518
  6941.98      1.4405  1.37959  1.36557  1.36418  1.36762  1.37520
  6940.48      1.4408  1.37960  1.36557  1.36419  1.36763  1.37521
  6938.98      1.4411  1.37962  1.36559  1.36422  1.36763  1.37521
  6937.48      1.4414  1.37964  1.36562  1.36425  1.36765  1.37523
  6935.98      1.4418  1.37968  1.36565  1.36430  1.36771  1.37528
  6934.48      1.4421  1.37974  1.36570  1.36436  1.36782  1.37541
  6932.98      1.4424  1.37979  1.36574  1.36442  1.36795  1.37555
  6931.48      1.4427  1.37983  1.36578  1.36446  1.36803  1.37563
  6929.98      1.4430  1.37985  1.36580  1.36448  1.36806  1.37565
  6928.48      1.4433  1.37985  1.36580  1.36449  1.36802  1.37563
  6926.98      1.4436  1.37985  1.36579  1.36449  1.36799  1.37558
  6925.48      1.4439  1.37983  1.36578  1.36446  1.36796  1.37555
  6923.98      1.4443  1.37980  1.36575  1.36442  1.36792  1.37551
  6922.48      1.4446  1.37976  1.36572  1.36437  1.36786  1.37545
  6920.98      1.4449  1.37972  1.36568  1.36432  1.36778  1.37538
  6919.48      1.4452  1.37969  1.36566  1.36428  1.36770  1.37529
  6917.98      1.4455  1.37967  1.36564  1.36426  1.36764  1.37523
  6916.48      1.4458  1.37966  1.36563  1.36426  1.36761  1.37520
  6914.98      1.4461  1.37967  1.36564  1.36427  1.36763  1.37521
  6913.48      1.4465  1.37967  1.36564  1.36429  1.36770  1.37529
  6911.98      1.4468  1.37970  1.36566  1.36432  1.36781  1.37540
  6910.48      1.4471  1.37971  1.36567  1.36435  1.36792  1.37551
  6908.98      1.4474  1.37973  1.36569  1.36437  1.36796  1.37556
  6907.48      1.4477  1.37973  1.36569  1.36437  1.36794  1.37554
  6905.98      1.4480  1.37973  1.36568  1.36436  1.36785  1.37544
  6904.48      1.4483  1.37971  1.36567  1.36434  1.36776  1.37535
  6902.98      1.4487  1.37970  1.36565  1.36432  1.36772  1.37530
  6901.48      1.4490  1.37967  1.36563  1.36428  1.36771  1.37530
  6899.98      1.4493  1.37965  1.36561  1.36426  1.36773  1.37533
  6898.48      1.4496  1.37962  1.36558  1.36423  1.36775  1.37534
  6896.98      1.4499  1.37959  1.36556  1.36421  1.36772  1.37532
  6895.48      1.4502  1.37956  1.36553  1.36419  1.36767  1.37526
  6893.98      1.4505  1.37953  1.36550  1.36416  1.36761  1.37520
  6892.48      1.4509  1.37951  1.36548  1.36414  1.36757  1.37516
  6890.98      1.4512  1.37949  1.36546  1.36411  1.36755  1.37514
  6889.48      1.4515  1.37947  1.36544  1.36409  1.36755  1.37514
  6887.98      1.4518  1.37944  1.36541  1.36406  1.36755  1.37513
  6886.48      1.4521  1.37941  1.36538  1.36404  1.36753  1.37511
  6884.98      1.4524  1.37939  1.36536  1.36402  1.36749  1.37508
  6883.48      1.4528  1.37937  1.36533  1.36399  1.36746  1.37504
  6881.98      1.4531  1.37934  1.36532  1.36398  1.36743  1.37501
  6880.47      1.4534  1.37933  1.36530  1.36395  1.36740  1.37498
  6878.97      1.4537  1.37930  1.36528  1.36393  1.36739  1.37497
  6877.47      1.4540  1.37928  1.36526  1.36391  1.36737  1.37495
  6875.97      1.4543  1.37927  1.36524  1.36390  1.36736  1.37494
  6874.47      1.4547  1.37924  1.36521  1.36388  1.36735  1.37493
  6872.97      1.4550  1.37921  1.36519  1.36386  1.36734  1.37492
  6871.47      1.4553  1.37919  1.36517  1.36383  1.36733  1.37491
  6869.97      1.4556  1.37917  1.36515  1.36381  1.36731  1.37489
  6868.47      1.4559  1.37914  1.36512  1.36378  1.36726  1.37485
  6866.97      1.4562  1.37911  1.36510  1.36375  1.36720  1.37477
  6865.47      1.4566  1.37910  1.36509  1.36372  1.36714  1.37471
  6863.97      1.4569  1.37909  1.36508  1.36371  1.36710  1.37467
  6862.47      1.4572  1.37910  1.36509  1.36372  1.36711  1.37468
  6860.97      1.4575  1.37911  1.36510  1.36374  1.36714  1.37472
  6859.47      1.4578  1.37912  1.36511  1.36376  1.36719  1.37476
  6857.97      1.4582  1.37914  1.36512  1.36379  1.36726  1.37484
  6856.47      1.4585  1.37915  1.36514  1.36381  1.36733  1.37491
  6854.97      1.4588  1.37918  1.36516  1.36383  1.36739  1.37498
  6853.47      1.4591  1.37921  1.36518  1.36385  1.36740  1.37498
  6851.97      1.4594  1.37921  1.36519  1.36385  1.36734  1.37492
  6850.47      1.4598  1.37921  1.36518  1.36385  1.36726  1.37483
  6848.97      1.4601  1.37920  1.36518  1.36385  1.36722  1.37479
  6847.47      1.4604  1.37919  1.36517  1.36384  1.36725  1.37482
  6845.97      1.4607  1.37919  1.36517  1.36384  1.36733  1.37491
  6844.47      1.4610  1.37918  1.36516  1.36383  1.36739  1.37498
  6842.97      1.4614  1.37916  1.36516  1.36381  1.36739  1.37497
  6841.47      1.4617  1.37916  1.36514  1.36379  1.36730  1.37488
  6839.97      1.4620  1.37915  1.36513  1.36378  1.36718  1.37475
  6838.47      1.4623  1.37915  1.36513  1.36378  1.36711  1.37467
  6836.97      1.4626  1.37916  1.36514  1.36379  1.36711  1.37468
  6835.47      1.4630  1.37916  1.36515  1.36380  1.36720  1.37477
  6833.97      1.4633  1.37918  1.36516  1.36382  1.36731  1.37488
  6832.47      1.4636  1.37918  1.36516  1.36383  1.36741  1.37499
  6830.97      1.4639  1.37919  1.36517  1.36385  1.36744  1.37503
  6829.47      1.4642  1.37919  1.36516  1.36385  1.36740  1.37499
  6827.97      1.4646  1.37918  1.36516  1.36383  1.36732  1.37490
  6826.47      1.4649  1.37918  1.36516  1.36381  1.36723  1.37480
  6824.97      1.4652  1.37917  1.36516  1.36380  1.36718  1.37475
  6823.47      1.4655  1.37917  1.36515  1.36380  1.36717  1.37475
  6821.97      1.4659  1.37916  1.36515  1.36380  1.36721  1.37478
  6820.47      1.4662  1.37915  1.36514  1.36380  1.36726  1.37484
  6818.97      1.4665  1.37915  1.36514  1.36380  1.36732  1.37490
  6817.47      1.4668  1.37915  1.36513  1.36381  1.36736  1.37494
  6815.97      1.4671  1.37915  1.36513  1.36381  1.36734  1.37493
  6814.47      1.4675  1.37914  1.36511  1.36379  1.36728  1.37486
  6812.97      1.4678  1.37911  1.36509  1.36376  1.36720  1.37477
  6811.47      1.4681  1.37909  1.36507  1.36373  1.36715  1.37472
  6809.97      1.4684  1.37907  1.36505  1.36371  1.36714  1.37471
  6808.47      1.4688  1.37905  1.36504  1.36369  1.36715  1.37473
  6806.97      1.4691  1.37902  1.36502  1.36366  1.36714  1.37472
  6805.47      1.4694  1.37900  1.36500  1.36365  1.36711  1.37469
  6803.97      1.4697  1.37898  1.36498  1.36363  1.36708  1.37465
  6802.47      1.4701  1.37898  1.36497  1.36362  1.36706  1.37463
  6800.97      1.4704  1.37898  1.36497  1.36362  1.36706  1.37463
  6799.47      1.4707  1.37899  1.36498  1.36363  1.36707  1.37464
  6797.97      1.4710  1.37899  1.36499  1.36363  1.36707  1.37464
  6796.47      1.4714  1.37901  1.36500  1.36365  1.36708  1.37465
  6794.97      1.4717  1.37902  1.36501  1.36366  1.36710  1.37467
  6793.47      1.4720  1.37906  1.36504  1.36370  1.36714  1.37471
  6791.97      1.4723  1.37909  1.36507  1.36373  1.36720  1.37477
  6790.47      1.4727  1.37911  1.36510  1.36376  1.36724  1.37482
  6788.97      1.4730  1.37913  1.36512  1.36378  1.36727  1.37485
  6787.47      1.4733  1.37916  1.36514  1.36381  1.36729  1.37487
  6785.97      1.4736  1.37918  1.36516  1.36383  1.36731  1.37489
  6784.47      1.4740  1.37919  1.36517  1.36384  1.36732  1.37490
  6782.97      1.4743  1.37920  1.36518  1.36385  1.36733  1.37491
  6781.47      1.4746  1.37920  1.36518  1.36384  1.36733  1.37491
  6779.97      1.4749  1.37919  1.36517  1.36384  1.36731  1.37489
  6778.47      1.4753  1.37918  1.36516  1.36383  1.36730  1.37488
  6776.97      1.4756  1.37916  1.36514  1.36381  1.36728  1.37486
  6775.47      1.4759  1.37914  1.36511  1.36379  1.36727  1.37485
  6773.97      1.4762  1.37911  1.36510  1.36376  1.36725  1.37483
  6772.47      1.4766  1.37909  1.36507  1.36373  1.36721  1.37479
  6770.97      1.4769  1.37907  1.36506  1.36370  1.36715  1.37473
  6769.47      1.4772  1.37905  1.36504  1.36368  1.36711  1.37468
  6767.97      1.4775  1.37904  1.36503  1.36367  1.36706  1.37463
  6766.47      1.4779  1.37902  1.36501  1.36366  1.36705  1.37463
  6764.97      1.4782  1.37902  1.36500  1.36366  1.36709  1.37466
  6763.47      1.4785  1.37901  1.36500  1.36366  1.36716  1.37473
  6761.97      1.4789  1.37901  1.36500  1.36366  1.36721  1.37479
  6760.47      1.4792  1.37900  1.36499  1.36366  1.36722  1.37480
  6758.97      1.4795  1.37899  1.36498  1.36364  1.36716  1.37474
  6757.47      1.4798  1.37898  1.36497  1.36363  1.36706  1.37463
  6755.97      1.4802  1.37897  1.36496  1.36361  1.36698  1.37455
  6754.47      1.4805  1.37896  1.36495  1.36360  1.36696  1.37453
  6752.97      1.4808  1.37897  1.36496  1.36360  1.36701  1.37459
  6751.47      1.4812  1.37897  1.36496  1.36361  1.36710  1.37467
  6749.96      1.4815  1.37897  1.36496  1.36362  1.36714  1.37472
  6748.46      1.4818  1.37897  1.36496  1.36363  1.36715  1.37473
  6746.96      1.4821  1.37897  1.36495  1.36363  1.36712  1.37469
  6745.46      1.4825  1.37896  1.36494  1.36362  1.36709  1.37466
  6743.96      1.4828  1.37895  1.36494  1.36361  1.36708  1.37465
  6742.46      1.4831  1.37894  1.36492  1.36359  1.36706  1.37464
  6740.96      1.4835  1.37891  1.36491  1.36356  1.36705  1.37462
  6739.46      1.4838  1.37888  1.36487  1.36353  1.36701  1.37457
  6737.96      1.4841  1.37883  1.36482  1.36350  1.36696  1.37454
  6736.46      1.4845  1.37879  1.36479  1.36345  1.36694  1.37451
  6734.96      1.4848  1.37876  1.36475  1.36342  1.36691  1.37449
  6733.46      1.4851  1.37872  1.36472  1.36337  1.36687  1.37444
  6731.96      1.4855  1.37868  1.36469  1.36333  1.36677  1.37435
  6730.46      1.4858  1.37865  1.36466  1.36329  1.36668  1.37425
  6728.96      1.4861  1.37861  1.36462  1.36327  1.36662  1.37418
  6727.46      1.4864  1.37860  1.36461  1.36325  1.36663  1.37419
  6725.96      1.4868  1.37859  1.36460  1.36325  1.36669  1.37425
  6724.46      1.4871  1.37859  1.36459  1.36325  1.36675  1.37432
  6722.96      1.4874  1.37858  1.36458  1.36325  1.36678  1.37435
  6721.46      1.4878  1.37857  1.36458  1.36324  1.36676  1.37433
  6719.96      1.4881  1.37856  1.36457  1.36324  1.36670  1.37427
  6718.46      1.4884  1.37856  1.36456  1.36323  1.36665  1.37422
  6716.96      1.4888  1.37856  1.36456  1.36322  1.36663  1.37419
  6715.46      1.4891  1.37856  1.36456  1.36322  1.36664  1.37420
  6713.96      1.4894  1.37855  1.36456  1.36321  1.36666  1.37422
  6712.46      1.4898  1.37854  1.36454  1.36321  1.36668  1.37425
  6710.96      1.4901  1.37853  1.36454  1.36320  1.36669  1.37426
  6709.46      1.4904  1.37852  1.36453  1.36319  1.36670  1.37427
  6707.96      1.4908  1.37852  1.36452  1.36319  1.36668  1.37425
  6706.46      1.4911  1.37851  1.36452  1.36318  1.36664  1.37421
  6704.96      1.4914  1.37850  1.36451  1.36316  1.36659  1.37414
  6703.46      1.4918  1.37850  1.36451  1.36315  1.36654  1.37410
  6701.96      1.4921  1.37851  1.36453  1.36316  1.36654  1.37410
  6700.46      1.4924  1.37852  1.36454  1.36319  1.36658  1.37414
  6698.96      1.4928  1.37856  1.36457  1.36322  1.36664  1.37421
  6697.46      1.4931  1.37858  1.36459  1.36325  1.36672  1.37429
  6695.96      1.4934  1.37861  1.36461  1.36328  1.36678  1.37435
  6694.46      1.4938  1.37864  1.36462  1.36331  1.36682  1.37439
  6692.96      1.4941  1.37865  1.36464  1.36333  1.36684  1.37441
  6691.46      1.4944  1.37865  1.36464  1.36334  1.36684  1.37441
  6689.96      1.4948  1.37864  1.36463  1.36333  1.36684  1.37441
  6688.46      1.4951  1.37862  1.36461  1.36330  1.36681  1.37438
  6686.96      1.4954  1.37858  1.36459  1.36326  1.36676  1.37433
  6685.46      1.4958  1.37855  1.36456  1.36321  1.36669  1.37426
  6683.96      1.4961  1.37852  1.36452  1.36318  1.36661  1.37417
  6682.46      1.4965  1.37848  1.36449  1.36314  1.36652  1.37409
  6680.96      1.4968  1.37844  1.36446  1.36310  1.36648  1.37404
  6679.46      1.4971  1.37842  1.36444  1.36308  1.36649  1.37405
  6677.96      1.4975  1.37841  1.36442  1.36307  1.36653  1.37409
  6676.46      1.4978  1.37841  1.36442  1.36307  1.36656  1.37412
  6674.96      1.4981  1.37841  1.36442  1.36307  1.36655  1.37411
  6673.46      1.4985  1.37841  1.36442  1.36307  1.36651  1.37407
  6671.96      1.4988  1.37841  1.36442  1.36309  1.36648  1.37403
  6670.46      1.4991  1.37842  1.36443  1.36310  1.36650  1.37405
  6668.96      1.4995  1.37844  1.36445  1.36312  1.36657  1.37413
  6667.46      1.4998  1.37846  1.36447  1.36312  1.36664  1.37421
  6665.96      1.5002  1.37847  1.36447  1.36314  1.36668  1.37425
  6664.46      1.5005  1.37847  1.36448  1.36315  1.36665  1.37422
  6662.96      1.5008  1.37847  1.36448  1.36314  1.36659  1.37415
  6661.46      1.5012  1.37847  1.36448  1.36314  1.36654  1.37409
  6659.96      1.5015  1.37848  1.36449  1.36315  1.36654  1.37410
  6658.46      1.5018  1.37850  1.36450  1.36316  1.36658  1.37415
  6656.96      1.5022  1.37850  1.36451  1.36317  1.36664  1.37420
  6655.46      1.5025  1.37851  1.36452  1.36318  1.36666  1.37423
  6653.96      1.5029  1.37852  1.36453  1.36318  1.36666  1.37422
  6652.46      1.5032  1.37853  1.36454  1.36320  1.36666  1.37422
  6650.96      1.5035  1.37855  1.36455  1.36322  1.36666  1.37423
  6649.46      1.5039  1.37855  1.36455  1.36323  1.36668  1.37424
  6647.96      1.5042  1.37855  1.36455  1.36322  1.36671  1.37427
  6646.46      1.5046  1.37854  1.36454  1.36322  1.36672  1.37429
  6644.96      1.5049  1.37852  1.36453  1.36320  1.36672  1.37429
  6643.46      1.5052  1.37850  1.36450  1.36318  1.36669  1.37426
  6641.96      1.5056  1.37847  1.36447  1.36315  1.36662  1.37419
  6640.46      1.5059  1.37842  1.36443  1.36310  1.36655  1.37411
  6638.96      1.5063  1.37838  1.36439  1.36306  1.36650  1.37406
  6637.46      1.5066  1.37834  1.36436  1.36301  1.36647  1.37403
  6635.96      1.5069  1.37830  1.36432  1.36297  1.36644  1.37400
  6634.46      1.5073  1.37826  1.36428  1.36293  1.36638  1.37394
  6632.96      1.5076  1.37824  1.36427  1.36290  1.36632  1.37388
  6631.46      1.5080  1.37822  1.36425  1.36288  1.36626  1.37381
  6629.96      1.5083  1.37822  1.36425  1.36288  1.36624  1.37379
  6628.46      1.5086  1.37824  1.36426  1.36290  1.36627  1.37383
  6626.96      1.5090  1.37825  1.36427  1.36293  1.36635  1.37390
  6625.46      1.5093  1.37828  1.36430  1.36296  1.36643  1.37399
  6623.96      1.5097  1.37831  1.36432  1.36299  1.36652  1.37408
  6622.46      1.5100  1.37833  1.36434  1.36302  1.36656  1.37412
  6620.96      1.5104  1.37835  1.36436  1.36304  1.36655  1.37412
  6619.46      1.5107  1.37835  1.36436  1.36305  1.36653  1.37409
  6617.96      1.5110  1.37835  1.36436  1.36304  1.36650  1.37405
  6616.46      1.5114  1.37835  1.36436  1.36303  1.36648  1.37404
  6614.96      1.5117  1.37834  1.36435  1.36301  1.36646  1.37403
  6613.46      1.5121  1.37833  1.36434  1.36299  1.36645  1.37400
  6611.95      1.5124  1.37832  1.36434  1.36298  1.36642  1.37398
  6610.45      1.5128  1.37831  1.36433  1.36298  1.36640  1.37396
  6608.95      1.5131  1.37831  1.36433  1.36298  1.36640  1.37396
  6607.45      1.5134  1.37833  1.36434  1.36300  1.36644  1.37399
  6605.95      1.5138  1.37833  1.36434  1.36301  1.36646  1.37402
  6604.45      1.5141  1.37834  1.36436  1.36302  1.36649  1.37405
  6602.95      1.5145  1.37835  1.36436  1.36303  1.36652  1.37407
  6601.45      1.5148  1.37837  1.36438  1.36304  1.36652  1.37409
  6599.95      1.5152  1.37839  1.36440  1.36306  1.36652  1.37409
  6598.45      1.5155  1.37840  1.36440  1.36307  1.36651  1.37407
  6596.95      1.5159  1.37840  1.36440  1.36307  1.36650  1.37406
  6595.45      1.5162  1.37839  1.36440  1.36307  1.36652  1.37408
  6593.95      1.5165  1.37839  1.36439  1.36307  1.36656  1.37412
  6592.45      1.5169  1.37837  1.36438  1.36307  1.36659  1.37416
  6590.95      1.5172  1.37834  1.36435  1.36303  1.36658  1.37415
  6589.45      1.5176  1.37831  1.36431  1.36300  1.36652  1.37409
  6587.95      1.5179  1.37825  1.36426  1.36294  1.36642  1.37398
  6586.45      1.5183  1.37820  1.36421  1.36289  1.36632  1.37388
  6584.95      1.5186  1.37815  1.36417  1.36283  1.36625  1.37381
  6583.45      1.5190  1.37810  1.36413  1.36277  1.36619  1.37374
  6581.95      1.5193  1.37807  1.36410  1.36273  1.36614  1.37369
  6580.45      1.5197  1.37803  1.36406  1.36269  1.36610  1.37365
  6578.95      1.5200  1.37801  1.36405  1.36268  1.36607  1.37362
  6577.45      1.5203  1.37801  1.36404  1.36268  1.36607  1.37362
  6575.95      1.5207  1.37801  1.36404  1.36269  1.36610  1.37365
  6574.45      1.5210  1.37803  1.36405  1.36272  1.36616  1.37372
  6572.95      1.5214  1.37804  1.36406  1.36274  1.36622  1.37378
  6571.45      1.5217  1.37804  1.36406  1.36275  1.36627  1.37383
  6569.95      1.5221  1.37803  1.36405  1.36274  1.36628  1.37384
  6568.45      1.5224  1.37802  1.36404  1.36273  1.36627  1.37383
  6566.95      1.5228  1.37800  1.36403  1.36271  1.36620  1.37376
  6565.45      1.5231  1.37798  1.36401  1.36267  1.36611  1.37367
  6563.95      1.5235  1.37796  1.36399  1.36263  1.36602  1.37357
  6562.45      1.5238  1.37793  1.36396  1.36261  1.36596  1.37351
  6560.95      1.5242  1.37791  1.36394  1.36259  1.36596  1.37351
  6559.45      1.5245  1.37789  1.36392  1.36259  1.36602  1.37357
  6557.95      1.5249  1.37788  1.36391  1.36258  1.36608  1.37363
  6556.45      1.5252  1.37787  1.36389  1.36257  1.36611  1.37367
  6554.95      1.5256  1.37785  1.36388  1.36256  1.36609  1.37364
  6553.45      1.5259  1.37784  1.36387  1.36253  1.36602  1.37357
  6551.95      1.5263  1.37783  1.36387  1.36252  1.36594  1.37349
  6550.45      1.5266  1.37784  1.36387  1.36251  1.36587  1.37341
  6548.95      1.5270  1.37784  1.36388  1.36251  1.36584  1.37339
  6547.45      1.5273  1.37785  1.36388  1.36253  1.36587  1.37341
  6545.95      1.5277  1.37785  1.36389  1.36255  1.36594  1.37350
  6544.45      1.5280  1.37787  1.36390  1.36258  1.36608  1.37363
  6542.95      1.5284  1.37788  1.36391  1.36260  1.36618  1.37374
  6541.45      1.5287  1.37788  1.36390  1.36261  1.36622  1.37378
  6539.95      1.5291  1.37786  1.36389  1.36259  1.36616  1.37373
  6538.45      1.5294  1.37784  1.36387  1.36255  1.36605  1.37360
  6536.95      1.5298  1.37781  1.36384  1.36251  1.36592  1.37347
  6535.45      1.5301  1.37779  1.36382  1.36247  1.36583  1.37337
  6533.95      1.5305  1.37776  1.36380  1.36244  1.36578  1.37332
  6532.45      1.5308  1.37773  1.36377  1.36241  1.36578  1.37332
  6530.95      1.5312  1.37770  1.36374  1.36239  1.36581  1.37336
  6529.45      1.5315  1.37768  1.36373  1.36239  1.36587  1.37342
  6527.95      1.5319  1.37768  1.36372  1.36239  1.36590  1.37346
  6526.45      1.5322  1.37768  1.36372  1.36239  1.36590  1.37346
  6524.95      1.5326  1.37767  1.36371  1.36238  1.36585  1.37340
  6523.45      1.5329  1.37767  1.36371  1.36237  1.36578  1.37333
  6521.95      1.5333  1.37766  1.36371  1.36236  1.36574  1.37328
  6520.45      1.5336  1.37767  1.36372  1.36236  1.36574  1.37329
  6518.95      1.5340  1.37770  1.36373  1.36238  1.36579  1.37333
  6517.45      1.5343  1.37772  1.36376  1.36240  1.36584  1.37339
  6515.95      1.5347  1.37773  1.36377  1.36243  1.36587  1.37342
  6514.45      1.5350  1.37774  1.36377  1.36245  1.36591  1.37346
  6512.95      1.5354  1.37775  1.36377  1.36247  1.36596  1.37351
  6511.45      1.5358  1.37775  1.36377  1.36248  1.36601  1.37357
  6509.95      1.5361  1.37774  1.36377  1.36247  1.36604  1.37360
  6508.45      1.5365  1.37772  1.36375  1.36244  1.36600  1.37356
  6506.95      1.5368  1.37768  1.36372  1.36239  1.36587  1.37343
  6505.45      1.5372  1.37763  1.36367  1.36233  1.36572  1.37327
  6503.95      1.5375  1.37760  1.36364  1.36229  1.36561  1.37315
  6502.45      1.5379  1.37757  1.36362  1.36226  1.36559  1.37313
  6500.95      1.5382  1.37756  1.36361  1.36224  1.36563  1.37318
  6499.45      1.5386  1.37754  1.36359  1.36223  1.36567  1.37322
  6497.95      1.5389  1.37753  1.36358  1.36223  1.36570  1.37324
  6496.45      1.5393  1.37754  1.36358  1.36224  1.36571  1.37326
  6494.95      1.5397  1.37754  1.36359  1.36227  1.36572  1.37326
  6493.45      1.5400  1.37757  1.36361  1.36228  1.36573  1.37327
  6491.95      1.5404  1.37759  1.36363  1.36229  1.36574  1.37328
  6490.45      1.5407  1.37759  1.36363  1.36230  1.36574  1.37329
  6488.95      1.5411  1.37760  1.36364  1.36231  1.36575  1.37330
  6487.45      1.5414  1.37760  1.36363  1.36231  1.36576  1.37331
  6485.95      1.5418  1.37759  1.36362  1.36231  1.36579  1.37333
  6484.45      1.5422  1.37758  1.36362  1.36230  1.36580  1.37334
  6482.95      1.5425  1.37755  1.36359  1.36228  1.36579  1.37334
  6481.44      1.5429  1.37753  1.36356  1.36225  1.36576  1.37330
  6479.94      1.5432  1.37749  1.36353  1.36221  1.36569  1.37324
  6478.44      1.5436  1.37745  1.36350  1.36216  1.36560  1.37315
  6476.94      1.5439  1.37742  1.36347  1.36212  1.36552  1.37306
  6475.44      1.5443  1.37738  1.36344  1.36209  1.36546  1.37300
  6473.94      1.5447  1.37735  1.36341  1.36206  1.36544  1.37297
  6472.44      1.5450  1.37733  1.36339  1.36203  1.36545  1.37298
  6470.94      1.5454  1.37732  1.36338  1.36203  1.36547  1.37301
  6469.44      1.5457  1.37732  1.36338  1.36203  1.36549  1.37303
  6467.94      1.5461  1.37733  1.36338  1.36203  1.36549  1.37303
  6466.44      1.5464  1.37734  1.36340  1.36205  1.36547  1.37301
  6464.94      1.5468  1.37737  1.36342  1.36208  1.36547  1.37300
  6463.44      1.5472  1.37738  1.36343  1.36210  1.36550  1.37303
  6461.94      1.5475  1.37740  1.36345  1.36213  1.36556  1.37310
  6460.44      1.5479  1.37741  1.36345  1.36214  1.36563  1.37318
  6458.94      1.5482  1.37741  1.36345  1.36214  1.36569  1.37323
  6457.44      1.5486  1.37741  1.36345  1.36214  1.36570  1.37325
  6455.94      1.5490  1.37739  1.36343  1.36212  1.36565  1.37320
  6454.44      1.5493  1.37737  1.36342  1.36209  1.36555  1.37310
  6452.94      1.5497  1.37735  1.36340  1.36205  1.36544  1.37297
  6451.44      1.5500  1.37732  1.36337  1.36202  1.36536  1.37289
  6449.94      1.5504  1.37730  1.36336  1.36201  1.36535  1.37288
  6448.44      1.5508  1.37729  1.36334  1.36200  1.36540  1.37293
  6446.94      1.5511  1.37728  1.36333  1.36200  1.36547  1.37301
  6445.44      1.5515  1.37725  1.36330  1.36199  1.36552  1.37307
  6443.94      1.5518  1.37723  1.36328  1.36197  1.36552  1.37307
  6442.44      1.5522  1.37720  1.36325  1.36194  1.36547  1.37301
  6440.94      1.5526  1.37717  1.36322  1.36191  1.36539  1.37293
  6439.44      1.5529  1.37713  1.36319  1.36186  1.36529  1.37283
  6437.94      1.5533  1.37709  1.36315  1.36181  1.36520  1.37273
  6436.44      1.5537  1.37705  1.36312  1.36177  1.36514  1.37267
  6434.94      1.5540  1.37702  1.36309  1.36173  1.36512  1.37265
  6433.44      1.5544  1.37700  1.36307  1.36172  1.36512  1.37266
  6431.94      1.5547  1.37698  1.36305  1.36170  1.36513  1.37266
  6430.44      1.5551  1.37697  1.36304  1.36170  1.36513  1.37266
  6428.94      1.5555  1.37695  1.36302  1.36169  1.36514  1.37267
  6427.44      1.5558  1.37695  1.36302  1.36169  1.36515  1.37268
  6425.94      1.5562  1.37695  1.36302  1.36169  1.36517  1.37270
  6424.44      1.5566  1.37695  1.36302  1.36169  1.36516  1.37270
  6422.94      1.5569  1.37695  1.36302  1.36168  1.36513  1.37266
  6421.44      1.5573  1.37695  1.36302  1.36168  1.36508  1.37261
  6419.94      1.5576  1.37695  1.36302  1.36168  1.36506  1.37258
  6418.44      1.5580  1.37696  1.36303  1.36170  1.36507  1.37260
  6416.94      1.5584  1.37696  1.36303  1.36170  1.36514  1.37267
  6415.44      1.5587  1.37697  1.36303  1.36171  1.36521  1.37274
  6413.94      1.5591  1.37696  1.36302  1.36171  1.36524  1.37278
  6412.44      1.5595  1.37695  1.36301  1.36170  1.36523  1.37277
  6410.94      1.5598  1.37693  1.36300  1.36168  1.36517  1.37270
  6409.44      1.5602  1.37693  1.36300  1.36166  1.36508  1.37261
  6407.94      1.5606  1.37693  1.36300  1.36164  1.36500  1.37253
  6406.44      1.5609  1.37693  1.36301  1.36164  1.36496  1.37249
  6404.94      1.5613  1.37694  1.36302  1.36166  1.36497  1.37249
  6403.44      1.5617  1.37696  1.36303  1.36168  1.36504  1.37257
  6401.94      1.5620  1.37699  1.36306  1.36172  1.36516  1.37269
  6400.44      1.5624  1.37703  1.36309  1.36176  1.36528  1.37283
  6398.94      1.5628  1.37706  1.36311  1.36181  1.36536  1.37290
  6397.44      1.5631  1.37708  1.36313  1.36183  1.36537  1.37291
  6395.94      1.5635  1.37708  1.36313  1.36183  1.36534  1.37287
  6394.44      1.5639  1.37707  1.36312  1.36182  1.36528  1.37281
  6392.94      1.5642  1.37706  1.36311  1.36180  1.36523  1.37278
  6391.44      1.5646  1.37702  1.36308  1.36176  1.36521  1.37274
  6389.94      1.5650  1.37699  1.36305  1.36173  1.36517  1.37271
  6388.44      1.5653  1.37694  1.36301  1.36167  1.36513  1.37266
  6386.94      1.5657  1.37690  1.36297  1.36163  1.36508  1.37261
  6385.44      1.5661  1.37686  1.36292  1.36160  1.36503  1.37256
  6383.94      1.5664  1.37681  1.36287  1.36155  1.36498  1.37251
  6382.44      1.5668  1.37675  1.36282  1.36151  1.36494  1.37247
  6380.94      1.5672  1.37670  1.36278  1.36144  1.36491  1.37244
  6379.44      1.5675  1.37665  1.36273  1.36139  1.36487  1.37240
  6377.94      1.5679  1.37661  1.36270  1.36135  1.36483  1.37235
  6376.44      1.5683  1.37658  1.36267  1.36131  1.36474  1.37226
  6374.94      1.5686  1.37656  1.36265  1.36128  1.36463  1.37215
  6373.44      1.5690  1.37654  1.36263  1.36127  1.36456  1.37206
  6371.94      1.5694  1.37655  1.36264  1.36128  1.36458  1.37209
  6370.44      1.5698  1.37658  1.36266  1.36131  1.36470  1.37221
  6368.94      1.5701  1.37661  1.36270  1.36135  1.36484  1.37236
  6367.44      1.5705  1.37665  1.36273  1.36140  1.36493  1.37246
  6365.94      1.5709  1.37670  1.36276  1.36145  1.36495  1.37248
  6364.44      1.5712  1.37673  1.36280  1.36148  1.36493  1.37245
  6362.94      1.5716  1.37676  1.36283  1.36152  1.36492  1.37244
  6361.44      1.5720  1.37679  1.36286  1.36155  1.36496  1.37248
  6359.94      1.5723  1.37682  1.36287  1.36157  1.36502  1.37255
  6358.44      1.5727  1.37682  1.36289  1.36157  1.36509  1.37262
  6356.94      1.5731  1.37682  1.36289  1.36157  1.36510  1.37264
  6355.44      1.5735  1.37681  1.36288  1.36156  1.36506  1.37259
  6353.94      1.5738  1.37680  1.36287  1.36154  1.36498  1.37251
  6352.44      1.5742  1.37679  1.36285  1.36153  1.36491  1.37243
  6350.94      1.5746  1.37676  1.36283  1.36150  1.36488  1.37240
  6349.44      1.5749  1.37675  1.36282  1.36149  1.36490  1.37242
  6347.94      1.5753  1.37672  1.36279  1.36147  1.36494  1.37247
  6346.44      1.5757  1.37670  1.36277  1.36145  1.36496  1.37249
  6344.94      1.5761  1.37667  1.36274  1.36142  1.36493  1.37246
  6343.43      1.5764  1.37663  1.36271  1.36139  1.36485  1.37237
  6341.93      1.5768  1.37660  1.36267  1.36135  1.36476  1.37229
  6340.43      1.5772  1.37656  1.36264  1.36131  1.36470  1.37222
  6338.93      1.5776  1.37652  1.36260  1.36128  1.36468  1.37220
  6337.43      1.5779  1.37649  1.36258  1.36124  1.36467  1.37219
  6335.93      1.5783  1.37646  1.36255  1.36121  1.36466  1.37218
  6334.43      1.5787  1.37644  1.36253  1.36118  1.36463  1.37215
  6332.93      1.5790  1.37641  1.36251  1.36117  1.36459  1.37211
  6331.43      1.5794  1.37640  1.36248  1.36115  1.36456  1.37207
  6329.93      1.5798  1.37638  1.36247  1.36114  1.36454  1.37206
  6328.43      1.5802  1.37637  1.36246  1.36113  1.36456  1.37207
  6326.93      1.5805  1.37636  1.36245  1.36112  1.36459  1.37211
  6325.43      1.5809  1.37636  1.36245  1.36111  1.36459  1.37211
  6323.93      1.5813  1.37636  1.36245  1.36111  1.36457  1.37209
  6322.43      1.5817  1.37635  1.36244  1.36111  1.36452  1.37204
  6320.93      1.5820  1.37634  1.36243  1.36111  1.36448  1.37199
  6319.43      1.5824  1.37634  1.36243  1.36110  1.36449  1.37200
  6317.93      1.5828  1.37634  1.36243  1.36111  1.36454  1.37205
  6316.43      1.5832  1.37635  1.36244  1.36112  1.36461  1.37213
  6314.93      1.5835  1.37635  1.36244  1.36112  1.36463  1.37215
  6313.43      1.5839  1.37634  1.36243  1.36110  1.36459  1.37211
  6311.93      1.5843  1.37634  1.36243  1.36110  1.36453  1.37204
  6310.43      1.5847  1.37633  1.36243  1.36110  1.36447  1.37198
  6308.93      1.5851  1.37634  1.36243  1.36110  1.36447  1.37198
  6307.43      1.5854  1.37635  1.36244  1.36110  1.36450  1.37202
  6305.93      1.5858  1.37635  1.36244  1.36110  1.36454  1.37206
  6304.43      1.5862  1.37635  1.36244  1.36111  1.36457  1.37209
  6302.93      1.5866  1.37635  1.36244  1.36112  1.36459  1.37211
  6301.43      1.5869  1.37635  1.36244  1.36112  1.36459  1.37211
  6299.93      1.5873  1.37635  1.36244  1.36113  1.36459  1.37211
  6298.43      1.5877  1.37635  1.36244  1.36112  1.36458  1.37210
  6296.93      1.5881  1.37634  1.36243  1.36110  1.36455  1.37207
  6295.43      1.5885  1.37633  1.36242  1.36109  1.36452  1.37203
  6293.93      1.5888  1.37631  1.36240  1.36107  1.36449  1.37201
  6292.43      1.5892  1.37629  1.36237  1.36106  1.36448  1.37199
  6290.93      1.5896  1.37626  1.36236  1.36103  1.36448  1.37199
  6289.43      1.5900  1.37624  1.36234  1.36101  1.36448  1.37199
  6287.93      1.5903  1.37623  1.36232  1.36099  1.36445  1.37197
  6286.43      1.5907  1.37620  1.36230  1.36097  1.36440  1.37192
  6284.93      1.5911  1.37618  1.36228  1.36095  1.36435  1.37186
  6283.43      1.5915  1.37617  1.36227  1.36093  1.36432  1.37183
  6281.93      1.5919  1.37616  1.36226  1.36092  1.36432  1.37183
  6280.43      1.5922  1.37617  1.36227  1.36093  1.36434  1.37185
  6278.93      1.5926  1.37617  1.36227  1.36093  1.36436  1.37187
  6277.43      1.5930  1.37618  1.36228  1.36094  1.36436  1.37188
  6275.93      1.5934  1.37619  1.36229  1.36096  1.36438  1.37188
  6274.43      1.5938  1.37620  1.36229  1.36098  1.36440  1.37192
  6272.93      1.5942  1.37621  1.36231  1.36100  1.36445  1.37197
  6271.43      1.5945  1.37622  1.36231  1.36100  1.36449  1.37201
  6269.93      1.5949  1.37622  1.36232  1.36100  1.36450  1.37202
  6268.43      1.5953  1.37622  1.36232  1.36099  1.36447  1.37198
  6266.93      1.5957  1.37622  1.36232  1.36098  1.36439  1.37191
  6265.43      1.5961  1.37622  1.36232  1.36098  1.36434  1.37185
  6263.93      1.5964  1.37622  1.36231  1.36098  1.36433  1.37184
  6262.43      1.5968  1.37622  1.36231  1.36098  1.36437  1.37188
  6260.93      1.5972  1.37622  1.36231  1.36099  1.36445  1.37196
  6259.43      1.5976  1.37621  1.36230  1.36099  1.36451  1.37203
  6257.93      1.5980  1.37621  1.36230  1.36099  1.36453  1.37205
  6256.43      1.5984  1.37618  1.36227  1.36096  1.36447  1.37199
  6254.93      1.5987  1.37616  1.36226  1.36094  1.36439  1.37190
  6253.43      1.5991  1.37614  1.36223  1.36091  1.36430  1.37181
  6251.93      1.5995  1.37611  1.36222  1.36088  1.36425  1.37177
  6250.43      1.5999  1.37609  1.36219  1.36085  1.36424  1.37175
  6248.93      1.6003  1.37606  1.36216  1.36083  1.36424  1.37176
  6247.43      1.6007  1.37604  1.36214  1.36081  1.36425  1.37176
  6245.93      1.6010  1.37601  1.36211  1.36079  1.36425  1.37176
  6244.43      1.6014  1.37600  1.36211  1.36078  1.36424  1.37175
  6242.93      1.6018  1.37599  1.36209  1.36076  1.36420  1.37172
  6241.43      1.6022  1.37598  1.36208  1.36075  1.36417  1.37168
  6239.93      1.6026  1.37596  1.36207  1.36074  1.36413  1.37164
  6238.43      1.6030  1.37596  1.36205  1.36072  1.36412  1.37163
  6236.93      1.6034  1.37594  1.36205  1.36072  1.36413  1.37164
  6235.43      1.6037  1.37594  1.36204  1.36071  1.36416  1.37167
  6233.93      1.6041  1.37594  1.36205  1.36071  1.36418  1.37169
  6232.43      1.6045  1.37594  1.36205  1.36071  1.36417  1.37168
  6230.93      1.6049  1.37594  1.36205  1.36071  1.36412  1.37164
  6229.43      1.6053  1.37594  1.36205  1.36072  1.36409  1.37160
  6227.93      1.6057  1.37594  1.36205  1.36072  1.36410  1.37159
  6226.43      1.6061  1.37595  1.36205  1.36073  1.36415  1.37165
  6224.93      1.6064  1.37595  1.36205  1.36074  1.36421  1.37172
  6223.43      1.6068  1.37595  1.36205  1.36073  1.36425  1.37177
  6221.93      1.6072  1.37593  1.36203  1.36073  1.36424  1.37175
  6220.43      1.6076  1.37591  1.36201  1.36070  1.36417  1.37169
  6218.93      1.6080  1.37588  1.36198  1.36067  1.36409  1.37160
  6217.43      1.6084  1.37583  1.36193  1.36062  1.36403  1.37153
  6215.93      1.6088  1.37579  1.36189  1.36058  1.36399  1.37150
  6214.43      1.6092  1.37574  1.36186  1.36053  1.36397  1.37148
  6212.92      1.6095  1.37569  1.36181  1.36048  1.36394  1.37145
  6211.42      1.6099  1.37564  1.36176  1.36043  1.36388  1.37139
  6209.92      1.6103  1.37561  1.36173  1.36039  1.36380  1.37131
  6208.42      1.6107  1.37557  1.36170  1.36035  1.36372  1.37122
  6206.92      1.6111  1.37556  1.36169  1.36033  1.36368  1.37117
  6205.42      1.6115  1.37556  1.36168  1.36033  1.36367  1.37117
  6203.92      1.6119  1.37556  1.36169  1.36034  1.36371  1.37120
  6202.42      1.6123  1.37558  1.36170  1.36036  1.36376  1.37126
  6200.92      1.6127  1.37559  1.36171  1.36038  1.36383  1.37133
  6199.42      1.6131  1.37561  1.36173  1.36041  1.36389  1.37139
  6197.92      1.6134  1.37564  1.36175  1.36044  1.36393  1.37144
  6196.42      1.6138  1.37564  1.36175  1.36045  1.36395  1.37145
  6194.92      1.6142  1.37564  1.36175  1.36045  1.36392  1.37143
  6193.42      1.6146  1.37563  1.36174  1.36044  1.36388  1.37138
  6191.92      1.6150  1.37561  1.36172  1.36041  1.36384  1.37134
  6190.42      1.6154  1.37559  1.36171  1.36038  1.36382  1.37133
  6188.92      1.6158  1.37557  1.36169  1.36035  1.36379  1.37129
  6187.42      1.6162  1.37555  1.36167  1.36033  1.36375  1.37126
  6185.92      1.6166  1.37552  1.36165  1.36030  1.36369  1.37119
  6184.42      1.6170  1.37550  1.36162  1.36029  1.36365  1.37115
  6182.92      1.6174  1.37550  1.36162  1.36029  1.36365  1.37115
  6181.42      1.6178  1.37549  1.36160  1.36029  1.36370  1.37119
  6179.92      1.6181  1.37547  1.36159  1.36029  1.36375  1.37126
  6178.42      1.6185  1.37545  1.36157  1.36027  1.36379  1.37129
  6176.92      1.6189  1.37541  1.36153  1.36023  1.36378  1.37128
  6175.42      1.6193  1.37537  1.36149  1.36020  1.36372  1.37122
  6173.92      1.6197  1.37533  1.36146  1.36014  1.36361  1.37112
  6172.42      1.6201  1.37529  1.36143  1.36008  1.36347  1.37097
  6170.92      1.6205  1.37526  1.36140  1.36004  1.36335  1.37084
  6169.42      1.6209  1.37523  1.36138  1.36001  1.36327  1.37075
  6167.92      1.6213  1.37523  1.36137  1.36000  1.36328  1.37076
  6166.42      1.6217  1.37524  1.36138  1.36002  1.36336  1.37085
  6164.92      1.6221  1.37526  1.36140  1.36006  1.36349  1.37099
  6163.42      1.6225  1.37531  1.36144  1.36011  1.36361  1.37111
  6161.92      1.6229  1.37534  1.36146  1.36016  1.36368  1.37118
  6160.42      1.6233  1.37536  1.36147  1.36019  1.36369  1.37119
  6158.92      1.6237  1.37538  1.36149  1.36021  1.36368  1.37118
  6157.42      1.6241  1.37538  1.36150  1.36021  1.36366  1.37116
  6155.92      1.6245  1.37538  1.36150  1.36020  1.36365  1.37115
  6154.42      1.6248  1.37536  1.36148  1.36017  1.36363  1.37113
  6152.92      1.6252  1.37532  1.36145  1.36013  1.36357  1.37108
  6151.42      1.6256  1.37529  1.36141  1.36009  1.36352  1.37102
  6149.92      1.6260  1.37524  1.36137  1.36005  1.36346  1.37096
  6148.42      1.6264  1.37520  1.36133  1.36001  1.36341  1.37091
  6146.92      1.6268  1.37517  1.36130  1.35997  1.36338  1.37087
  6145.42      1.6272  1.37513  1.36127  1.35993  1.36335  1.37084
  6143.92      1.6276  1.37510  1.36124  1.35990  1.36331  1.37081
  6142.42      1.6280  1.37507  1.36121  1.35988  1.36329  1.37078
  6140.92      1.6284  1.37505  1.36119  1.35986  1.36326  1.37075
  6139.42      1.6288  1.37504  1.36118  1.35985  1.36325  1.37074
  6137.92      1.6292  1.37502  1.36116  1.35984  1.36324  1.37073
  6136.42      1.6296  1.37501  1.36115  1.35983  1.36324  1.37073
  6134.92      1.6300  1.37499  1.36113  1.35982  1.36324  1.37073
  6133.42      1.6304  1.37498  1.36112  1.35981  1.36325  1.37074
  6131.92      1.6308  1.37497  1.36111  1.35979  1.36326  1.37076
  6130.42      1.6312  1.37497  1.36110  1.35979  1.36324  1.37074
  6128.92      1.6316  1.37495  1.36110  1.35977  1.36320  1.37069
  6127.42      1.6320  1.37493  1.36108  1.35975  1.36313  1.37061
  6125.92      1.6324  1.37492  1.36107  1.35974  1.36309  1.37057
  6124.42      1.6328  1.37492  1.36107  1.35974  1.36310  1.37058
  6122.92      1.6332  1.37492  1.36107  1.35974  1.36315  1.37064
  6121.42      1.6336  1.37494  1.36109  1.35975  1.36320  1.37069
  6119.92      1.6340  1.37495  1.36110  1.35976  1.36322  1.37071
  6118.42      1.6344  1.37497  1.36111  1.35978  1.36320  1.37069
  6116.92      1.6348  1.37498  1.36112  1.35981  1.36319  1.37067
  6115.42      1.6352  1.37499  1.36113  1.35982  1.36320  1.37069
  6113.92      1.6356  1.37501  1.36114  1.35984  1.36327  1.37075
  6112.42      1.6360  1.37501  1.36115  1.35985  1.36333  1.37083
  6110.92      1.6364  1.37500  1.36114  1.35984  1.36336  1.37086
  6109.42      1.6368  1.37499  1.36113  1.35982  1.36334  1.37083
  6107.92      1.6372  1.37496  1.36110  1.35979  1.36326  1.37075
  6106.42      1.6376  1.37493  1.36107  1.35976  1.36316  1.37064
  6104.92      1.6380  1.37490  1.36105  1.35972  1.36308  1.37057
  6103.42      1.6384  1.37488  1.36102  1.35969  1.36304  1.37053
  6101.92      1.6388  1.37485  1.36100  1.35966  1.36305  1.37053
  6100.42      1.6392  1.37483  1.36098  1.35964  1.36306  1.37055
  6098.92      1.6396  1.37481  1.36096  1.35963  1.36307  1.37055
  6097.42      1.6400  1.37478  1.36093  1.35961  1.36305  1.37054
  6095.92      1.6404  1.37477  1.36092  1.35960  1.36303  1.37052
  6094.42      1.6408  1.37475  1.36091  1.35958  1.36301  1.37049
  6092.92      1.6413  1.37475  1.36091  1.35957  1.36299  1.37047
  6091.42      1.6417  1.37476  1.36092  1.35957  1.36296  1.37045
  6089.92      1.6421  1.37477  1.36092  1.35958  1.36294  1.37042
  6088.42      1.6425  1.37477  1.36092  1.35959  1.36293  1.37041
  6086.92      1.6429  1.37478  1.36092  1.35961  1.36297  1.37045
  6085.42      1.6433  1.37478  1.36093  1.35962  1.36305  1.37053
  6083.92      1.6437  1.37479  1.36093  1.35964  1.36316  1.37065
  6082.42      1.6441  1.37479  1.36093  1.35964  1.36320  1.37070
  6080.92      1.6445  1.37477  1.36092  1.35962  1.36317  1.37066
  6079.42      1.6449  1.37475  1.36090  1.35958  1.36304  1.37053
  6077.92      1.6453  1.37472  1.36087  1.35954  1.36290  1.37038
  6076.42      1.6457  1.37469  1.36085  1.35951  1.36281  1.37028
  6074.91      1.6461  1.37469  1.36085  1.35950  1.36279  1.37027
  6073.41      1.6465  1.37468  1.36084  1.35950  1.36285  1.37033
  6071.91      1.6469  1.37468  1.36084  1.35950  1.36291  1.37040
  6070.41      1.6473  1.37467  1.36082  1.35951  1.36297  1.37045
  6068.91      1.6477  1.37466  1.36081  1.35951  1.36300  1.37049
  6067.41      1.6481  1.37465  1.36080  1.35951  1.36302  1.37050
  6065.91      1.6486  1.37465  1.36079  1.35950  1.36300  1.37049
  6064.41      1.6490  1.37462  1.36077  1.35947  1.36294  1.37042
  6062.91      1.6494  1.37458  1.36073  1.35942  1.36284  1.37033
  6061.41      1.6498  1.37454  1.36070  1.35938  1.36275  1.37022
  6059.91      1.6502  1.37449  1.36066  1.35933  1.36268  1.37016
  6058.41      1.6506  1.37445  1.36062  1.35929  1.36266  1.37014
  6056.91      1.6510  1.37442  1.36058  1.35925  1.36266  1.37014
  6055.41      1.6514  1.37437  1.36054  1.35922  1.36266  1.37014
  6053.91      1.6518  1.37433  1.36050  1.35918  1.36263  1.37011
  6052.41      1.6522  1.37430  1.36048  1.35915  1.36259  1.37007
  6050.91      1.6526  1.37428  1.36045  1.35913  1.36254  1.37002
  6049.41      1.6531  1.37426  1.36045  1.35910  1.36249  1.36996
  6047.91      1.6535  1.37426  1.36043  1.35909  1.36245  1.36992
  6046.41      1.6539  1.37425  1.36043  1.35909  1.36242  1.36989
  6044.91      1.6543  1.37425  1.36043  1.35909  1.36243  1.36990
  6043.41      1.6547  1.37426  1.36043  1.35911  1.36249  1.36997
  6041.91      1.6551  1.37427  1.36044  1.35913  1.36257  1.37005
  6040.41      1.6555  1.37428  1.36044  1.35915  1.36264  1.37012
  6038.91      1.6559  1.37428  1.36044  1.35915  1.36266  1.37014
  6037.41      1.6563  1.37427  1.36043  1.35914  1.36264  1.37012
  6035.91      1.6568  1.37425  1.36042  1.35912  1.36257  1.37005
  6034.41      1.6572  1.37424  1.36041  1.35910  1.36249  1.36996
  6032.91      1.6576  1.37422  1.36039  1.35907  1.36242  1.36989
  6031.41      1.6580  1.37421  1.36039  1.35905  1.36238  1.36985
  6029.91      1.6584  1.37421  1.36039  1.35904  1.36239  1.36986
  6028.41      1.6588  1.37421  1.36039  1.35905  1.36242  1.36989
  6026.91      1.6592  1.37423  1.36040  1.35907  1.36246  1.36993
  6025.41      1.6596  1.37424  1.36041  1.35910  1.36250  1.36998
  6023.91      1.6601  1.37426  1.36042  1.35912  1.36256  1.37003
  6022.41      1.6605  1.37427  1.36043  1.35915  1.36261  1.37009
  6020.91      1.6609  1.37427  1.36043  1.35915  1.36265  1.37013
  6019.41      1.6613  1.37426  1.36041  1.35914  1.36266  1.37014
  6017.91      1.6617  1.37421  1.36038  1.35909  1.36260  1.37008
  6016.41      1.6621  1.37417  1.36034  1.35904  1.36251  1.36999
  6014.91      1.6625  1.37412  1.36029  1.35897  1.36240  1.36987
  6013.41      1.6629  1.37405  1.36023  1.35890  1.36229  1.36976
  6011.91      1.6634  1.37400  1.36019  1.35884  1.36218  1.36964
  6010.41      1.6638  1.37395  1.36014  1.35879  1.36210  1.36957
  6008.91      1.6642  1.37392  1.36011  1.35875  1.36208  1.36954
  6007.41      1.6646  1.37390  1.36009  1.35874  1.36209  1.36956
  6005.91      1.6650  1.37389  1.36008  1.35875  1.36214  1.36961
  6004.41      1.6654  1.37389  1.36008  1.35876  1.36219  1.36965
  6002.91      1.6659  1.37389  1.36007  1.35876  1.36222  1.36968
  6001.41      1.6663  1.37389  1.36007  1.35876  1.36223  1.36970
  5999.91      1.6667  1.37389  1.36007  1.35877  1.36223  1.36970
  5998.41      1.6671  1.37388  1.36006  1.35876  1.36221  1.36968
  5996.91      1.6675  1.37387  1.36005  1.35874  1.36215  1.36962
  5995.41      1.6679  1.37384  1.36002  1.35871  1.36209  1.36956
  5993.91      1.6684  1.37382  1.36000  1.35868  1.36206  1.36952
  5992.41      1.6688  1.37379  1.35998  1.35866  1.36205  1.36952
  5990.91      1.6692  1.37377  1.35995  1.35864  1.36206  1.36953
  5989.41      1.6696  1.37373  1.35992  1.35860  1.36206  1.36953
  5987.91      1.6700  1.37370  1.35990  1.35858  1.36203  1.36950
  5986.41      1.6705  1.37367  1.35987  1.35855  1.36197  1.36943
  5984.91      1.6709  1.37365  1.35984  1.35853  1.36191  1.36937
  5983.41      1.6713  1.37363  1.35983  1.35850  1.36186  1.36932
  5981.91      1.6717  1.37361  1.35981  1.35848  1.36184  1.36930
  5980.41      1.6721  1.37361  1.35981  1.35847  1.36185  1.36930
  5978.91      1.6725  1.37361  1.35981  1.35848  1.36187  1.36933
  5977.41      1.6730  1.37362  1.35981  1.35849  1.36189  1.36935
  5975.91      1.6734  1.37362  1.35982  1.35850  1.36190  1.36936
  5974.41      1.6738  1.37363  1.35982  1.35851  1.36192  1.36937
  5972.91      1.6742  1.37364  1.35983  1.35853  1.36195  1.36940
  5971.41      1.6746  1.37364  1.35983  1.35853  1.36198  1.36944
  5969.91      1.6751  1.37365  1.35984  1.35854  1.36201  1.36947
  5968.41      1.6755  1.37364  1.35983  1.35852  1.36199  1.36946
  5966.91      1.6759  1.37362  1.35982  1.35851  1.36194  1.36940
  5965.41      1.6763  1.37360  1.35979  1.35849  1.36187  1.36933
  5963.91      1.6768  1.37357  1.35977  1.35846  1.36184  1.36929
  5962.41      1.6772  1.37355  1.35975  1.35843  1.36183  1.36928
  5960.91      1.6776  1.37353  1.35974  1.35841  1.36183  1.36929
  5959.41      1.6780  1.37351  1.35971  1.35839  1.36181  1.36927
  5957.91      1.6784  1.37349  1.35969  1.35836  1.36177  1.36922
  5956.41      1.6789  1.37347  1.35967  1.35835  1.36172  1.36917
  5954.91      1.6793  1.37345  1.35965  1.35834  1.36171  1.36916
  5953.41      1.6797  1.37345  1.35965  1.35834  1.36173  1.36918
  5951.91      1.6801  1.37345  1.35965  1.35833  1.36177  1.36922
  5950.41      1.6806  1.37344  1.35965  1.35833  1.36177  1.36923
  5948.91      1.6810  1.37344  1.35964  1.35832  1.36174  1.36920
  5947.41      1.6814  1.37343  1.35964  1.35832  1.36171  1.36916
  5945.91      1.6818  1.37344  1.35964  1.35832  1.36169  1.36914
  5944.40      1.6823  1.37344  1.35964  1.35833  1.36169  1.36915
  5942.90      1.6827  1.37344  1.35965  1.35833  1.36173  1.36918
  5941.40      1.6831  1.37345  1.35965  1.35833  1.36176  1.36922
  5939.90      1.6835  1.37345  1.35966  1.35834  1.36178  1.36924
  5938.40      1.6840  1.37346  1.35966  1.35835  1.36178  1.36924
  5936.90      1.6844  1.37347  1.35967  1.35835  1.36175  1.36922
  5935.40      1.6848  1.37347  1.35967  1.35836  1.36173  1.36918
  5933.90      1.6852  1.37348  1.35967  1.35836  1.36173  1.36919
  5932.40      1.6857  1.37348  1.35968  1.35837  1.36177  1.36923
  5930.90      1.6861  1.37348  1.35967  1.35837  1.36181  1.36927
  5929.40      1.6865  1.37346  1.35965  1.35836  1.36184  1.36930
  5927.90      1.6869  1.37343  1.35962  1.35834  1.36183  1.36929
  5926.40      1.6874  1.37339  1.35958  1.35830  1.36178  1.36924
  5924.90      1.6878  1.37333  1.35953  1.35824  1.36171  1.36917
  5923.40      1.6882  1.37327  1.35947  1.35817  1.36160  1.36906
  5921.90      1.6886  1.37321  1.35942  1.35810  1.36149  1.36895
  5920.40      1.6891  1.37313  1.35936  1.35802  1.36138  1.36883
  5918.90      1.6895  1.37307  1.35929  1.35795  1.36129  1.36874
  5917.40      1.6899  1.37301  1.35923  1.35790  1.36123  1.36868
  5915.90      1.6904  1.37296  1.35918  1.35785  1.36121  1.36865
  5914.40      1.6908  1.37292  1.35915  1.35782  1.36120  1.36865
  5912.90      1.6912  1.37290  1.35913  1.35779  1.36120  1.36864
  5911.40      1.6916  1.37288  1.35911  1.35777  1.36118  1.36862
  5909.90      1.6921  1.37287  1.35910  1.35777  1.36114  1.36860
  5908.40      1.6925  1.37287  1.35910  1.35777  1.36112  1.36856
  5906.90      1.6929  1.37287  1.35910  1.35778  1.36113  1.36857
  5905.40      1.6934  1.37289  1.35911  1.35780  1.36117  1.36861
  5903.90      1.6938  1.37290  1.35912  1.35781  1.36123  1.36867
  5902.40      1.6942  1.37291  1.35914  1.35783  1.36129  1.36873
  5900.90      1.6947  1.37292  1.35914  1.35784  1.36131  1.36876
  5899.40      1.6951  1.37292  1.35914  1.35785  1.36129  1.36874
  5897.90      1.6955  1.37292  1.35913  1.35784  1.36125  1.36869
  5896.40      1.6959  1.37291  1.35913  1.35783  1.36122  1.36866
  5894.90      1.6964  1.37290  1.35912  1.35781  1.36121  1.36865
  5893.40      1.6968  1.37290  1.35912  1.35780  1.36121  1.36866
  5891.90      1.6972  1.37288  1.35911  1.35779  1.36119  1.36864
  5890.40      1.6977  1.37286  1.35910  1.35777  1.36117  1.36861
  5888.90      1.6981  1.37286  1.35908  1.35776  1.36113  1.36858
  5887.40      1.6985  1.37284  1.35907  1.35776  1.36113  1.36857
  5885.90      1.6990  1.37284  1.35906  1.35776  1.36114  1.36859
  5884.40      1.6994  1.37282  1.35905  1.35775  1.36117  1.36862
  5882.90      1.6998  1.37281  1.35904  1.35774  1.36119  1.36864
  5881.40      1.7003  1.37278  1.35901  1.35771  1.36118  1.36862
  5879.90      1.7007  1.37275  1.35898  1.35768  1.36113  1.36857
  5878.40      1.7011  1.37272  1.35894  1.35764  1.36105  1.36849
  5876.90      1.7016  1.37268  1.35891  1.35761  1.36097  1.36841
  5875.40      1.7020  1.37264  1.35888  1.35756  1.36092  1.36836
  5873.90      1.7024  1.37261  1.35884  1.35752  1.36089  1.36833
  5872.40      1.7029  1.37258  1.35881  1.35749  1.36088  1.36832
  5870.90      1.7033  1.37254  1.35878  1.35746  1.36086  1.36830
  5869.40      1.7038  1.37250  1.35874  1.35743  1.36082  1.36825
  5867.90      1.7042  1.37248  1.35872  1.35740  1.36078  1.36822
  5866.40      1.7046  1.37246  1.35870  1.35739  1.36077  1.36821
  5864.90      1.7051  1.37243  1.35867  1.35737  1.36078  1.36821
  5863.40      1.7055  1.37242  1.35866  1.35735  1.36078  1.36822
  5861.90      1.7059  1.37239  1.35864  1.35732  1.36075  1.36819
  5860.40      1.7064  1.37237  1.35862  1.35729  1.36070  1.36813
  5858.90      1.7068  1.37236  1.35861  1.35728  1.36063  1.36806
  5857.40      1.7072  1.37235  1.35860  1.35727  1.36059  1.36802
  5855.90      1.7077  1.37235  1.35860  1.35727  1.36060  1.36802
  5854.40      1.7081  1.37236  1.35861  1.35729  1.36064  1.36807
  5852.90      1.7086  1.37237  1.35862  1.35730  1.36070  1.36814
  5851.40      1.7090  1.37238  1.35862  1.35732  1.36076  1.36819
  5849.90      1.7094  1.37238  1.35862  1.35733  1.36079  1.36822
  5848.40      1.7099  1.37237  1.35861  1.35733  1.36079  1.36822
  5846.90      1.7103  1.37235  1.35859  1.35731  1.36077  1.36822
  5845.40      1.7107  1.37234  1.35858  1.35729  1.36075  1.36819
  5843.90      1.7112  1.37232  1.35856  1.35725  1.36069  1.36813
  5842.40      1.7116  1.37227  1.35852  1.35721  1.36059  1.36803
  5840.90      1.7121  1.37224  1.35849  1.35716  1.36050  1.36793
  5839.40      1.7125  1.37222  1.35847  1.35714  1.36044  1.36786
  5837.90      1.7129  1.37220  1.35845  1.35712  1.36043  1.36785
  5836.40      1.7134  1.37219  1.35844  1.35712  1.36047  1.36789
  5834.90      1.7138  1.37217  1.35842  1.35711  1.36052  1.36795
  5833.40      1.7143  1.37216  1.35841  1.35711  1.36057  1.36800
  5831.90      1.7147  1.37215  1.35840  1.35710  1.36058  1.36802
  5830.40      1.7151  1.37214  1.35839  1.35709  1.36055  1.36799
  5828.90      1.7156  1.37214  1.35839  1.35709  1.36049  1.36792
  5827.40      1.7160  1.37212  1.35837  1.35706  1.36041  1.36784
  5825.90      1.7165  1.37210  1.35835  1.35704  1.36036  1.36778
  5824.40      1.7169  1.37207  1.35833  1.35702  1.36037  1.36779
  5822.90      1.7174  1.37206  1.35831  1.35701  1.36040  1.36784
  5821.40      1.7178  1.37203  1.35828  1.35699  1.36044  1.36787
  5819.90      1.7182  1.37200  1.35826  1.35696  1.36043  1.36786
  5818.40      1.7187  1.37197  1.35823  1.35692  1.36037  1.36780
  5816.90      1.7191  1.37194  1.35820  1.35689  1.36029  1.36771
  5815.40      1.7196  1.37191  1.35818  1.35686  1.36020  1.36763
  5813.90      1.7200  1.37189  1.35816  1.35683  1.36013  1.36756
  5812.40      1.7205  1.37188  1.35814  1.35682  1.36012  1.36753
  5810.90      1.7209  1.37186  1.35812  1.35680  1.36015  1.36757
  5809.40      1.7213  1.37184  1.35812  1.35680  1.36020  1.36762
  5807.90      1.7218  1.37184  1.35810  1.35680  1.36026  1.36768
  5806.39      1.7222  1.37182  1.35809  1.35679  1.36027  1.36770
  5804.89      1.7227  1.37181  1.35808  1.35678  1.36023  1.36765
  5803.39      1.7231  1.37179  1.35805  1.35676  1.36016  1.36759
  5801.89      1.7236  1.37177  1.35803  1.35674  1.36010  1.36752
  5800.39      1.7240  1.37174  1.35801  1.35670  1.36005  1.36747
  5798.89      1.7245  1.37172  1.35799  1.35667  1.36004  1.36745
  5797.39      1.7249  1.37169  1.35796  1.35665  1.36002  1.36744
  5795.89      1.7254  1.37166  1.35794  1.35662  1.36002  1.36743
  5794.39      1.7258  1.37164  1.35791  1.35660  1.36001  1.36743
  5792.89      1.7263  1.37161  1.35789  1.35658  1.35999  1.36741
  5791.39      1.7267  1.37159  1.35787  1.35656  1.35997  1.36739
  5789.89      1.7271  1.37157  1.35784  1.35654  1.35993  1.36735
  5788.39      1.7276  1.37154  1.35782  1.35651  1.35989  1.36730
  5786.89      1.7280  1.37152  1.35780  1.35648  1.35985  1.36726
  5785.39      1.7285  1.37151  1.35779  1.35647  1.35982  1.36723
  5783.89      1.7289  1.37149  1.35777  1.35646  1.35982  1.36723
  5782.39      1.7294  1.37149  1.35775  1.35645  1.35983  1.36724
  5780.89      1.7298  1.37146  1.35774  1.35644  1.35983  1.36724
  5779.39      1.7303  1.37144  1.35771  1.35642  1.35985  1.36726
  5777.89      1.7307  1.37141  1.35769  1.35641  1.35985  1.36726
  5776.39      1.7312  1.37138  1.35766  1.35637  1.35984  1.36726
  5774.89      1.7316  1.37134  1.35762  1.35632  1.35979  1.36720
  5773.39      1.7321  1.37130  1.35758  1.35627  1.35969  1.36710
  5771.89      1.7325  1.37126  1.35755  1.35623  1.35957  1.36698
  5770.39      1.7330  1.37122  1.35752  1.35619  1.35946  1.36687
  5768.89      1.7334  1.37120  1.35750  1.35616  1.35943  1.36682
  5767.39      1.7339  1.37120  1.35750  1.35616  1.35945  1.36685
  5765.89      1.7343  1.37121  1.35751  1.35618  1.35952  1.36693
  5764.39      1.7348  1.37122  1.35752  1.35620  1.35961  1.36701
  5762.89      1.7352  1.37125  1.35753  1.35622  1.35966  1.36707
  5761.39      1.7357  1.37126  1.35754  1.35626  1.35968  1.36709
  5759.89      1.7361  1.37127  1.35755  1.35628  1.35970  1.36710
  5758.39      1.7366  1.37128  1.35756  1.35629  1.35970  1.36711
  5756.89      1.7370  1.37128  1.35756  1.35628  1.35971  1.36712
  5755.39      1.7375  1.37126  1.35755  1.35626  1.35970  1.36711
  5753.89      1.7380  1.37125  1.35753  1.35623  1.35966  1.36708
  5752.39      1.7384  1.37122  1.35751  1.35620  1.35959  1.36700
  5750.89      1.7389  1.37120  1.35749  1.35617  1.35951  1.36692
  5749.39      1.7393  1.37117  1.35746  1.35614  1.35946  1.36687
  5747.89      1.7398  1.37115  1.35744  1.35613  1.35945  1.36685
  5746.39      1.7402  1.37113  1.35742  1.35611  1.35948  1.36688
  5744.89      1.7407  1.37111  1.35740  1.35610  1.35951  1.36692
  5743.39      1.7411  1.37109  1.35738  1.35608  1.35954  1.36695
  5741.89      1.7416  1.37106  1.35735  1.35606  1.35953  1.36694
  5740.39      1.7420  1.37103  1.35732  1.35603  1.35947  1.36688
  5738.89      1.7425  1.37098  1.35728  1.35599  1.35938  1.36679
  5737.39      1.7430  1.37094  1.35724  1.35593  1.35930  1.36670
  5735.89      1.7434  1.37090  1.35720  1.35589  1.35924  1.36664
  5734.39      1.7439  1.37085  1.35716  1.35584  1.35920  1.36660
  5732.89      1.7443  1.37081  1.35712  1.35580  1.35917  1.36657
  5731.39      1.7448  1.37078  1.35709  1.35577  1.35914  1.36654
  5729.89      1.7452  1.37074  1.35705  1.35574  1.35910  1.36649
  5728.39      1.7457  1.37072  1.35703  1.35571  1.35907  1.36646
  5726.89      1.7461  1.37070  1.35701  1.35571  1.35906  1.36646
  5725.39      1.7466  1.37068  1.35699  1.35569  1.35908  1.36647
  5723.89      1.7471  1.37067  1.35698  1.35568  1.35908  1.36648
  5722.39      1.7475  1.37065  1.35696  1.35566  1.35907  1.36647
  5720.89      1.7480  1.37062  1.35694  1.35564  1.35905  1.36646
  5719.39      1.7484  1.37060  1.35691  1.35562  1.35902  1.36641
  5717.89      1.7489  1.37057  1.35688  1.35559  1.35898  1.36637
  5716.39      1.7494  1.37054  1.35685  1.35555  1.35894  1.36633
  5714.89      1.7498  1.37051  1.35682  1.35552  1.35890  1.36629
  5713.39      1.7503  1.37048  1.35680  1.35549  1.35886  1.36625
  5711.89      1.7507  1.37045  1.35677  1.35545  1.35881  1.36620
  5710.39      1.7512  1.37043  1.35676  1.35543  1.35878  1.36617
  5708.89      1.7517  1.37041  1.35674  1.35542  1.35875  1.36613
  5707.39      1.7521  1.37041  1.35674  1.35542  1.35875  1.36613
  5705.89      1.7526  1.37041  1.35673  1.35542  1.35877  1.36616
  5704.39      1.7530  1.37041  1.35673  1.35543  1.35882  1.36620
  5702.89      1.7535  1.37042  1.35674  1.35544  1.35887  1.36625
  5701.39      1.7540  1.37043  1.35675  1.35545  1.35888  1.36627
  5699.89      1.7544  1.37043  1.35675  1.35545  1.35887  1.36626
  5698.39      1.7549  1.37042  1.35674  1.35544  1.35882  1.36621
  5696.89      1.7553  1.37041  1.35673  1.35544  1.35880  1.36618
  5695.39      1.7558  1.37039  1.35671  1.35543  1.35880  1.36618
  5693.89      1.7563  1.37039  1.35671  1.35541  1.35881  1.36620
  5692.39      1.7567  1.37036  1.35669  1.35539  1.35882  1.36620
  5690.89      1.7572  1.37034  1.35667  1.35536  1.35878  1.36618
  5689.39      1.7577  1.37031  1.35664  1.35534  1.35872  1.36611
  5687.89      1.7581  1.37029  1.35661  1.35531  1.35866  1.36604
  5686.39      1.7586  1.37026  1.35659  1.35529  1.35861  1.36599
  5684.89      1.7591  1.37024  1.35657  1.35527  1.35860  1.36598
  5683.39      1.7595  1.37022  1.35655  1.35525  1.35863  1.36601
  5681.89      1.7600  1.37019  1.35653  1.35523  1.35865  1.36603
  5680.39      1.7604  1.37017  1.35651  1.35521  1.35863  1.36602
  5678.89      1.7609  1.37015  1.35648  1.35518  1.35859  1.36598
  5677.39      1.7614  1.37013  1.35647  1.35516  1.35853  1.36590
  5675.88      1.7618  1.37011  1.35645  1.35514  1.35847  1.36585
  5674.38      1.7623  1.37010  1.35644  1.35512  1.35844  1.36582
  5672.88      1.7628  1.37009  1.35643  1.35512  1.35845  1.36582
  5671.38      1.7632  1.37009  1.35642  1.35511  1.35847  1.36584
  5669.88      1.7637  1.37008  1.35642  1.35512  1.35849  1.36587
  5668.38      1.7642  1.37008  1.35641  1.35512  1.35852  1.36590
  5666.88      1.7646  1.37008  1.35641  1.35512  1.35853  1.36591
  5665.38      1.7651  1.37007  1.35641  1.35512  1.35854  1.36592
  5663.88      1.7656  1.37007  1.35640  1.35512  1.35852  1.36591
  5662.38      1.7660  1.37005  1.35638  1.35509  1.35848  1.36587
  5660.88      1.7665  1.37002  1.35636  1.35507  1.35843  1.36582
  5659.38      1.7670  1.37000  1.35633  1.35504  1.35837  1.36579
  5657.88      1.7674  1.36997  1.35631  1.35501  1.35831  1.36576
  5656.38      1.7679  1.36994  1.35628  1.35498  1.35826  1.36573
  5654.88      1.7684  1.36990  1.35624  1.35494  1.35819  1.36569
  5653.38      1.7689  1.36987  1.35621  1.35491  1.35813  1.36565
  5651.88      1.7693  1.36984  1.35619  1.35488  1.35809  1.36561
  5650.38      1.7698  1.36983  1.35618  1.35487  1.35813  1.36559
  5648.88      1.7703  1.36981  1.35616  1.35485  1.35826  1.36557
  5647.38      1.7707  1.36980  1.35614  1.35484  1.35843  1.36556
  5645.88      1.7712  1.36979  1.35614  1.35484  1.35858  1.36556
  5644.38      1.7717  1.36978  1.35612  1.35483  1.35863  1.36558
  5642.88      1.7721  1.36977  1.35612  1.35483  1.35862  1.36559
  5641.38      1.7726  1.36976  1.35611  1.35482  1.35858  1.36561
  5639.88      1.7731  1.36975  1.35610  1.35481  1.35856  1.36559
  5638.38      1.7736  1.36973  1.35607  1.35478  1.35854  1.36555
  5636.88      1.7740  1.36970  1.35605  1.35476  1.35849  1.36550
  5635.38      1.7745  1.36967  1.35602  1.35473  1.35839  1.36545
  5633.88      1.7750  1.36964  1.35599  1.35470  1.35829  1.36543
  5632.38      1.7754  1.36961  1.35597  1.35467  1.35821  1.36542
  5630.88      1.7759  1.36959  1.35594  1.35464  1.35817  1.36539
  5629.38      1.7764  1.36956  1.35592  1.35461  1.35813  1.36534
  5627.88      1.7769  1.36953  1.35589  1.35458  1.35803  1.36529
  5626.38      1.7773  1.36952  1.35588  1.35457  1.35782  1.36526
  5624.88      1.7778  1.36950  1.35586  1.35456  1.35756  1.36525
  5623.38      1.7783  1.36949  1.35585  1.35455  1.35733  1.36527
  5621.88      1.7788  1.36947  1.35583  1.35454  1.35719  1.36530
  5620.38      1.7792  1.36947  1.35583  1.35453  1.35717  1.36532
  5618.88      1.7797  1.36945  1.35581  1.35452  1.35717  1.36531
  5617.38      1.7802  1.36943  1.35579  1.35450  1.35712  1.36527
  5615.88      1.7807  1.36942  1.35578  1.35448  1.35698  1.36520
  5614.38      1.7811  1.36939  1.35575  1.35445  1.35683  1.36515
  5612.88      1.7816  1.36938  1.35574  1.35444  1.35679  1.36512
  5611.38      1.7821  1.36936  1.35572  1.35442  1.35696  1.36512
  5609.88      1.7826  1.36935  1.35572  1.35441  1.35729  1.36514
  5608.38      1.7830  1.36933  1.35570  1.35440  1.35763  1.36516
  5606.88      1.7835  1.36931  1.35568  1.35438  1.35779  1.36515
  5605.38      1.7840  1.36930  1.35567  1.35438  1.35773  1.36512
  5603.88      1.7845  1.36929  1.35566  1.35436  1.35751  1.36509
  5602.38      1.7850  1.36929  1.35566  1.35436  1.35725  1.36507
  5600.88      1.7854  1.36929  1.35565  1.35435  1.35704  1.36505
  5599.38      1.7859  1.36928  1.35565  1.35435  1.35692  1.36505
  5597.88      1.7864  1.36927  1.35564  1.35434  1.35684  1.36506
  5596.38      1.7869  1.36927  1.35563  1.35434  1.35679  1.36507
  5594.88      1.7873  1.36925  1.35561  1.35434  1.35677  1.36510
  5593.38      1.7878  1.36923  1.35559  1.35432  1.35676  1.36511
  5591.88      1.7883  1.36919  1.35556  1.35429  1.35676  1.36509
  5590.38      1.7888  1.36914  1.35551  1.35424  1.35678  1.36503
  5588.88      1.7893  1.36909  1.35545  1.35418  1.35682  1.36496
  5587.38      1.7897  1.36902  1.35540  1.35411  1.35684  1.36485
  5585.88      1.7902  1.36896  1.35534  1.35404  1.35684  1.36475
  5584.38      1.7907  1.36889  1.35527  1.35397  1.35678  1.36465
  5582.88      1.7912  1.36882  1.35522  1.35390  1.35674  1.36456
  5581.38      1.7917  1.36877  1.35516  1.35384  1.35673  1.36450
  5579.88      1.7922  1.36873  1.35512  1.35380  1.35677  1.36446
  5578.38      1.7926  1.36870  1.35509  1.35378  1.35680  1.36444
  5576.88      1.7931  1.36867  1.35507  1.35376  1.35686  1.36443
  5575.38      1.7936  1.36866  1.35506  1.35375  1.35693  1.36443
  5573.88      1.7941  1.36866  1.35506  1.35376  1.35702  1.36446
  5572.38      1.7946  1.36867  1.35507  1.35376  1.35709  1.36448
  5570.88      1.7950  1.36869  1.35508  1.35378  1.35710  1.36449
  5569.38      1.7955  1.36870  1.35509  1.35379  1.35700  1.36450
  5567.88      1.7960  1.36872  1.35512  1.35382  1.35679  1.36450
  5566.38      1.7965  1.36875  1.35514  1.35384  1.35655  1.36452
  5564.88      1.7970  1.36878  1.35517  1.35387  1.35632  1.36456
  5563.38      1.7975  1.36881  1.35519  1.35390  1.35616  1.36461
  5561.88      1.7980  1.36882  1.35520  1.35392  1.35606  1.36465
  5560.38      1.7984  1.36883  1.35521  1.35394  1.35603  1.36469
  5558.88      1.7989  1.36884  1.35522  1.35395  1.35602  1.36472
  5557.38      1.7994  1.36884  1.35522  1.35395  1.35600  1.36474
  5555.88      1.7999  1.36882  1.35520  1.35393  1.35597  1.36472
  5554.38      1.8004  1.36879  1.35517  1.35390  1.35593  1.36465
  5552.88      1.8009  1.36875  1.35513  1.35385  1.35592  1.36456
  5551.38      1.8014  1.36871  1.35510  1.35381  1.35596  1.36450
  5549.88      1.8018  1.36868  1.35507  1.35377  1.35599  1.36445
  5548.38      1.8023  1.36865  1.35505  1.35372  1.35602  1.36441
  5546.88      1.8028  1.36861  1.35501  1.35370  1.35604  1.36437
  5545.38      1.8033  1.36859  1.35499  1.35368  1.35605  1.36431
  5543.88      1.8038  1.36857  1.35497  1.35367  1.35607  1.36431
  5542.38      1.8043  1.36856  1.35495  1.35367  1.35606  1.36435
  5540.88      1.8048  1.36855  1.35495  1.35367  1.35598  1.36442
  5539.38      1.8053  1.36854  1.35493  1.35365  1.35581  1.36446
  5537.87      1.8057  1.36853  1.35492  1.35364  1.35562  1.36444
  5536.37      1.8062  1.36850  1.35489  1.35362  1.35548  1.36436
  5534.87      1.8067  1.36847  1.35487  1.35357  1.35549  1.36426
  5533.37      1.8072  1.36843  1.35483  1.35354  1.35568  1.36419
  5531.87      1.8077  1.36841  1.35481  1.35351  1.35595  1.36416
  5530.37      1.8082  1.36838  1.35479  1.35348  1.35620  1.36416
  5528.87      1.8087  1.36836  1.35477  1.35346  1.35631  1.36416
  5527.37      1.8092  1.36833  1.35474  1.35344  1.35624  1.36415
  5525.87      1.8097  1.36831  1.35471  1.35342  1.35605  1.36412
  5524.37      1.8102  1.36829  1.35470  1.35341  1.35587  1.36410
  5522.87      1.8107  1.36827  1.35468  1.35339  1.35581  1.36409
  5521.37      1.8111  1.36826  1.35467  1.35338  1.35590  1.36408
  5519.87      1.8116  1.36824  1.35466  1.35336  1.35605  1.36407
  5518.37      1.8121  1.36824  1.35465  1.35335  1.35614  1.36405
  5516.87      1.8126  1.36822  1.35463  1.35333  1.35612  1.36401
  5515.37      1.8131  1.36821  1.35462  1.35333  1.35601  1.36397
  5513.87      1.8136  1.36819  1.35460  1.35332  1.35587  1.36395
  5512.37      1.8141  1.36818  1.35459  1.35331  1.35576  1.36398
  5510.87      1.8146  1.36818  1.35459  1.35330  1.35566  1.36403
  5509.37      1.8151  1.36817  1.35458  1.35330  1.35556  1.36407
  5507.87      1.8156  1.36816  1.35458  1.35329  1.35547  1.36404
  5506.37      1.8161  1.36815  1.35457  1.35326  1.35539  1.36396
  5504.87      1.8166  1.36815  1.35457  1.35326  1.35540  1.36388
  5503.37      1.8171  1.36816  1.35457  1.35327  1.35548  1.36384
  5501.87      1.8176  1.36817  1.35457  1.35329  1.35556  1.36387
  5500.37      1.8181  1.36816  1.35457  1.35329  1.35555  1.36394
  5498.87      1.8186  1.36815  1.35455  1.35329  1.35542  1.36405
  5497.37      1.8191  1.36814  1.35454  1.35329  1.35520  1.36413
  5495.87      1.8195  1.36811  1.35451  1.35327  1.35499  1.36415
  5494.37      1.8200  1.36806  1.35447  1.35322  1.35483  1.36407
  5492.87      1.8205  1.36800  1.35441  1.35315  1.35477  1.36390
  5491.37      1.8210  1.36793  1.35435  1.35306  1.35479  1.36370
  5489.87      1.8215  1.36786  1.35429  1.35297  1.35483  1.36354
  5488.37      1.8220  1.36782  1.35426  1.35291  1.35488  1.36346
  5486.87      1.8225  1.36779  1.35423  1.35288  1.35494  1.36344
  5485.37      1.8230  1.36777  1.35421  1.35287  1.35501  1.36344
  5483.87      1.8235  1.36777  1.35421  1.35288  1.35505  1.36347
  5482.37      1.8240  1.36778  1.35422  1.35291  1.35506  1.36354
  5480.87      1.8245  1.36781  1.35423  1.35296  1.35501  1.36366
  5479.37      1.8250  1.36785  1.35427  1.35300  1.35492  1.36379
  5477.87      1.8255  1.36788  1.35430  1.35304  1.35481  1.36385
  5476.37      1.8260  1.36789  1.35431  1.35305  1.35470  1.36382
  5474.87      1.8265  1.36789  1.35431  1.35303  1.35461  1.36375
  5473.37      1.8270  1.36788  1.35430  1.35303  1.35458  1.36368
  5471.87      1.8275  1.36786  1.35428  1.35301  1.35460  1.36366
  5470.37      1.8280  1.36785  1.35427  1.35299  1.35463  1.36366
  5468.87      1.8285  1.36782  1.35425  1.35296  1.35461  1.36365
  5467.37      1.8290  1.36778  1.35421  1.35291  1.35450  1.36362
  5465.87      1.8295  1.36774  1.35417  1.35288  1.35434  1.36358
  5464.37      1.8300  1.36771  1.35414  1.35286  1.35421  1.36354
  5462.87      1.8305  1.36768  1.35411  1.35282  1.35417  1.36350
  5461.37      1.8310  1.36766  1.35410  1.35279  1.35424  1.36347
  5459.87      1.8315  1.36764  1.35408  1.35276  1.35434  1.36342
  5458.37      1.8320  1.36762  1.35406  1.35275  1.35440  1.36338
  5456.87      1.8326  1.36762  1.35405  1.35275  1.35434  1.36335
  5455.37      1.8331  1.36761  1.35404  1.35275  1.35425  1.36336
  5453.87      1.8336  1.36760  1.35403  1.35275  1.35416  1.36340
  5452.37      1.8341  1.36760  1.35402  1.35276  1.35412  1.36348
  5450.87      1.8346  1.36758  1.35400  1.35275  1.35411  1.36354
  5449.37      1.8351  1.36754  1.35397  1.35272  1.35411  1.36354
  5447.87      1.8356  1.36750  1.35393  1.35267  1.35414  1.36347
  5446.37      1.8361  1.36744  1.35387  1.35260  1.35418  1.36335
  5444.87      1.8366  1.36738  1.35382  1.35253  1.35420  1.36319
  5443.37      1.8371  1.36731  1.35376  1.35245  1.35418  1.36304
  5441.87      1.8376  1.36726  1.35371  1.35239  1.35410  1.36293
  5440.37      1.8381  1.36721  1.35366  1.35233  1.35404  1.36287
  5438.87      1.8386  1.36717  1.35362  1.35231  1.35403  1.36288
  5437.37      1.8391  1.36713  1.35358  1.35230  1.35405  1.36293
  5435.87      1.8396  1.36710  1.35355  1.35228  1.35404  1.36299
  5434.37      1.8401  1.36706  1.35351  1.35225  1.35398  1.36302
  5432.87      1.8406  1.36703  1.35347  1.35222  1.35388  1.36301
  5431.37      1.8412  1.36698  1.35344  1.35217  1.35379  1.36293
  5429.87      1.8417  1.36694  1.35340  1.35211  1.35377  1.36280
  5428.37      1.8422  1.36689  1.35336  1.35205  1.35384  1.36263
  5426.87      1.8427  1.36688  1.35336  1.35201  1.35396  1.36249
  5425.37      1.8432  1.36688  1.35336  1.35200  1.35409  1.36244
  5423.87      1.8437  1.36691  1.35338  1.35204  1.35416  1.36249
  5422.37      1.8442  1.36694  1.35341  1.35210  1.35416  1.36260
  5420.87      1.8447  1.36698  1.35343  1.35216  1.35411  1.36278
  5419.37      1.8452  1.36701  1.35345  1.35222  1.35403  1.36298
  5417.87      1.8457  1.36704  1.35347  1.35227  1.35393  1.36317
  5416.37      1.8463  1.36704  1.35347  1.35228  1.35381  1.36326
  5414.87      1.8468  1.36699  1.35343  1.35223  1.35369  1.36316
  5413.37      1.8473  1.36692  1.35336  1.35213  1.35360  1.36292
  5411.87      1.8478  1.36681  1.35327  1.35201  1.35358  1.36262
  5410.37      1.8483  1.36672  1.35319  1.35188  1.35364  1.36238
  5408.87      1.8488  1.36664  1.35313  1.35178  1.35373  1.36223
  5407.36      1.8493  1.36660  1.35309  1.35171  1.35384  1.36215
  5405.86      1.8498  1.36656  1.35306  1.35168  1.35388  1.36213
  5404.36      1.8504  1.36656  1.35304  1.35170  1.35384  1.36217
  5402.86      1.8509  1.36657  1.35305  1.35175  1.35374  1.36228
  5401.36      1.8514  1.36659  1.35306  1.35181  1.35361  1.36247
  5399.86      1.8519  1.36663  1.35309  1.35187  1.35344  1.36267
  5398.36      1.8524  1.36666  1.35312  1.35189  1.35329  1.36280
  5396.86      1.8529  1.36666  1.35312  1.35188  1.35315  1.36279
  5395.36      1.8534  1.36664  1.35310  1.35185  1.35308  1.36262
  5393.86      1.8540  1.36660  1.35307  1.35180  1.35311  1.36238
  5392.36      1.8545  1.36655  1.35302  1.35174  1.35322  1.36218
  5390.86      1.8550  1.36650  1.35298  1.35168  1.35332  1.36213
  5389.36      1.8555  1.36648  1.35296  1.35164  1.35332  1.36221
  5387.86      1.8560  1.36645  1.35294  1.35162  1.35318  1.36232
  5386.36      1.8565  1.36644  1.35291  1.35161  1.35298  1.36234
  5384.86      1.8571  1.36640  1.35288  1.35160  1.35283  1.36227
  5383.36      1.8576  1.36638  1.35286  1.35159  1.35284  1.36218
  5381.86      1.8581  1.36637  1.35285  1.35159  1.35297  1.36216
  5380.36      1.8586  1.36637  1.35284  1.35158  1.35313  1.36221
  5378.86      1.8591  1.36635  1.35283  1.35156  1.35318  1.36227
  5377.36      1.8596  1.36632  1.35280  1.35152  1.35312  1.36226
  5375.86      1.8602  1.36628  1.35276  1.35148  1.35301  1.36217
  5374.36      1.8607  1.36623  1.35272  1.35144  1.35295  1.36206
  5372.86      1.8612  1.36619  1.35268  1.35140  1.35296  1.36197
  5371.36      1.8617  1.36616  1.35265  1.35136  1.35302  1.36192
  5369.86      1.8622  1.36614  1.35263  1.35133  1.35303  1.36191
  5368.36      1.8628  1.36611  1.35261  1.35130  1.35295  1.36191
  5366.86      1.8633  1.36609  1.35260  1.35129  1.35277  1.36192
  5365.36      1.8638  1.36609  1.35258  1.35129  1.35254  1.36192
  5363.86      1.8643  1.36608  1.35257  1.35130  1.35235  1.36191
  5362.36      1.8648  1.36607  1.35256  1.35130  1.35227  1.36190
  5360.86      1.8654  1.36606  1.35254  1.35128  1.35230  1.36192
  5359.36      1.8659  1.36604  1.35253  1.35127  1.35240  1.36195
  5357.86      1.8664  1.36602  1.35251  1.35124  1.35248  1.36197
  5356.36      1.8669  1.36601  1.35250  1.35121  1.35247  1.36193
  5354.86      1.8675  1.36598  1.35248  1.35119  1.35237  1.36184
  5353.36      1.8680  1.36595  1.35244  1.35116  1.35229  1.36169
  5351.86      1.8685  1.36591  1.35241  1.35112  1.35229  1.36159
  5350.36      1.8690  1.36589  1.35239  1.35110  1.35237  1.36160
  5348.86      1.8696  1.36588  1.35238  1.35110  1.35241  1.36171
  5347.36      1.8701  1.36586  1.35235  1.35109  1.35233  1.36183
  5345.86      1.8706  1.36582  1.35231  1.35107  1.35212  1.36185
  5344.36      1.8711  1.36575  1.35225  1.35101  1.35187  1.36176
  5342.86      1.8717  1.36568  1.35219  1.35093  1.35173  1.36162
  5341.36      1.8722  1.36563  1.35213  1.35087  1.35174  1.36149
  5339.86      1.8727  1.36558  1.35210  1.35079  1.35186  1.36137
  5338.36      1.8732  1.36552  1.35204  1.35073  1.35200  1.36125
  5336.86      1.8738  1.36546  1.35197  1.35065  1.35211  1.36112
  5335.36      1.8743  1.36539  1.35193  1.35062  1.35214  1.36107
  5333.86      1.8748  1.36536  1.35188  1.35059  1.35212  1.36111
  5332.36      1.8753  1.36532  1.35183  1.35058  1.35207  1.36122
  5330.86      1.8759  1.36529  1.35180  1.35055  1.35201  1.36131
  5329.36      1.8764  1.36525  1.35177  1.35052  1.35198  1.36132
  5327.86      1.8769  1.36519  1.35171  1.35046  1.35194  1.36121
  5326.36      1.8775  1.36513  1.35166  1.35039  1.35191  1.36100
  5324.86      1.8780  1.36508  1.35161  1.35032  1.35190  1.36081
  5323.36      1.8785  1.36502  1.35156  1.35025  1.35190  1.36068
  5321.86      1.8790  1.36498  1.35153  1.35021  1.35192  1.36066
  5320.36      1.8796  1.36494  1.35149  1.35017  1.35195  1.36070
  5318.86      1.8801  1.36493  1.35148  1.35017  1.35198  1.36076
  5317.36      1.8806  1.36492  1.35146  1.35017  1.35198  1.36079
  5315.86      1.8812  1.36491  1.35145  1.35018  1.35198  1.36079
  5314.36      1.8817  1.36490  1.35143  1.35019  1.35199  1.36078
  5312.86      1.8822  1.36489  1.35142  1.35018  1.35203  1.36081
  5311.36      1.8828  1.36487  1.35140  1.35016  1.35209  1.36083
  5309.86      1.8833  1.36484  1.35138  1.35013  1.35212  1.36083
  5308.36      1.8838  1.36479  1.35132  1.35007  1.35208  1.36074
  5306.86      1.8844  1.36473  1.35128  1.35000  1.35196  1.36060
  5305.36      1.8849  1.36468  1.35123  1.34994  1.35180  1.36047
  5303.86      1.8854  1.36464  1.35120  1.34989  1.35168  1.36037
  5302.36      1.8860  1.36462  1.35118  1.34987  1.35162  1.36032
  5300.86      1.8865  1.36459  1.35115  1.34985  1.35163  1.36030
  5299.36      1.8870  1.36457  1.35112  1.34984  1.35168  1.36033
  5297.86      1.8876  1.36454  1.35110  1.34984  1.35176  1.36041
  5296.36      1.8881  1.36453  1.35107  1.34983  1.35180  1.36053
  5294.86      1.8886  1.36451  1.35106  1.34983  1.35179  1.36059
  5293.36      1.8892  1.36447  1.35102  1.34979  1.35169  1.36055
  5291.86      1.8897  1.36441  1.35096  1.34972  1.35150  1.36038
  5290.36      1.8902  1.36434  1.35090  1.34963  1.35126  1.36016
  5288.86      1.8908  1.36427  1.35084  1.34955  1.35108  1.36000
  5287.36      1.8913  1.36421  1.35079  1.34949  1.35097  1.35993
  5285.86      1.8918  1.36416  1.35074  1.34943  1.35097  1.35991
  5284.36      1.8924  1.36412  1.35070  1.34939  1.35102  1.35991
  5282.86      1.8929  1.36408  1.35067  1.34936  1.35109  1.35991
  5281.36      1.8935  1.36406  1.35064  1.34935  1.35117  1.35991
  5279.86      1.8940  1.36406  1.35063  1.34936  1.35121  1.35992
  5278.36      1.8945  1.36406  1.35063  1.34937  1.35123  1.35993
  5276.86      1.8951  1.36406  1.35063  1.34936  1.35124  1.35993
  5275.35      1.8956  1.36406  1.35063  1.34936  1.35125  1.35993
  5273.85      1.8961  1.36405  1.35062  1.34936  1.35129  1.35993
  5272.35      1.8967  1.36403  1.35060  1.34936  1.35132  1.35991
  5270.85      1.8972  1.36400  1.35056  1.34933  1.35133  1.35991
  5269.35      1.8978  1.36395  1.35052  1.34928  1.35126  1.35990
  5267.85      1.8983  1.36390  1.35047  1.34923  1.35107  1.35989
  5266.35      1.8988  1.36385  1.35043  1.34917  1.35080  1.35984
  5264.85      1.8994  1.36378  1.35037  1.34910  1.35052  1.35970
  5263.35      1.8999  1.36370  1.35029  1.34902  1.35031  1.35952
  5261.85      1.9005  1.36362  1.35021  1.34893  1.35023  1.35937
  5260.35      1.9010  1.36356  1.35016  1.34886  1.35028  1.35929
  5258.85      1.9016  1.36351  1.35011  1.34882  1.35033  1.35931
  5257.35      1.9021  1.36347  1.35007  1.34879  1.35033  1.35932
  5255.85      1.9026  1.36342  1.35002  1.34875  1.35025  1.35930
  5254.35      1.9032  1.36336  1.34995  1.34870  1.35012  1.35925
  5252.85      1.9037  1.36331  1.34991  1.34867  1.35001  1.35922
  5251.35      1.9043  1.36326  1.34986  1.34862  1.34994  1.35922
  5249.85      1.9048  1.36322  1.34982  1.34858  1.34989  1.35920
  5248.35      1.9054  1.36317  1.34978  1.34850  1.34987  1.35909
  5246.85      1.9059  1.36311  1.34973  1.34843  1.34987  1.35892
  5245.35      1.9064  1.36307  1.34969  1.34838  1.34986  1.35876
  5243.85      1.9070  1.36305  1.34968  1.34837  1.34986  1.35869
  5242.35      1.9075  1.36307  1.34969  1.34837  1.34990  1.35873
  5240.85      1.9081  1.36309  1.34971  1.34842  1.35003  1.35884
  5239.35      1.9086  1.36312  1.34974  1.34846  1.35026  1.35897
  5237.85      1.9092  1.36316  1.34977  1.34851  1.35050  1.35908
  5236.35      1.9097  1.36320  1.34980  1.34856  1.35064  1.35918
  5234.85      1.9103  1.36324  1.34983  1.34861  1.35063  1.35924
  5233.35      1.9108  1.36326  1.34985  1.34864  1.35046  1.35926
  5231.85      1.9114  1.36327  1.34986  1.34864  1.35026  1.35923
  5230.35      1.9119  1.36325  1.34985  1.34861  1.35007  1.35917
  5228.85      1.9125  1.36323  1.34983  1.34858  1.34996  1.35910
  5227.35      1.9130  1.36321  1.34981  1.34856  1.34991  1.35905
  5225.85      1.9136  1.36318  1.34978  1.34852  1.34994  1.35901
  5224.35      1.9141  1.36313  1.34974  1.34847  1.35002  1.35897
  5222.85      1.9147  1.36310  1.34971  1.34844  1.35010  1.35895
  5221.35      1.9152  1.36309  1.34970  1.34842  1.35015  1.35895
  5219.85      1.9158  1.36308  1.34970  1.34841  1.35014  1.35894
  5218.35      1.9163  1.36308  1.34970  1.34842  1.35012  1.35890
  5216.85      1.9169  1.36308  1.34969  1.34842  1.35010  1.35885
  5215.35      1.9174  1.36307  1.34967  1.34843  1.35010  1.35884
  5213.85      1.9180  1.36306  1.34967  1.34843  1.35005  1.35891
  5212.35      1.9185  1.36306  1.34966  1.34843  1.34995  1.35904
  5210.85      1.9191  1.36306  1.34966  1.34843  1.34982  1.35914
  5209.35      1.9196  1.36303  1.34964  1.34839  1.34973  1.35911
  5207.85      1.9202  1.36300  1.34961  1.34836  1.34971  1.35894
  5206.35      1.9207  1.36296  1.34957  1.34831  1.34979  1.35872
  5204.85      1.9213  1.36293  1.34954  1.34827  1.34994  1.35857
  5203.35      1.9218  1.36291  1.34953  1.34824  1.35010  1.35853
  5201.85      1.9224  1.36290  1.34952  1.34824  1.35022  1.35861
  5200.35      1.9229  1.36290  1.34952  1.34824  1.35026  1.35870
  5198.85      1.9235  1.36289  1.34951  1.34825  1.35020  1.35876
  5197.35      1.9241  1.36288  1.34950  1.34825  1.35010  1.35879
  5195.85      1.9246  1.36288  1.34949  1.34825  1.34997  1.35882
  5194.35      1.9252  1.36287  1.34948  1.34825  1.34989  1.35885
  5192.85      1.9257  1.36286  1.34947  1.34823  1.34986  1.35889
  5191.35      1.9263  1.36285  1.34946  1.34820  1.34990  1.35891
  5189.85      1.9268  1.36282  1.34943  1.34817  1.34993  1.35890
  5188.35      1.9274  1.36278  1.34940  1.34814  1.34999  1.35886
  5186.85      1.9280  1.36275  1.34937  1.34811  1.35005  1.35880
  5185.35      1.9285  1.36271  1.34933  1.34807  1.35015  1.35871
  5183.85      1.9291  1.36269  1.34931  1.34804  1.35029  1.35862
  5182.35      1.9296  1.36267  1.34929  1.34801  1.35040  1.35856
  5180.85      1.9302  1.36265  1.34929  1.34801  1.35041  1.35854
  5179.35      1.9307  1.36263  1.34928  1.34800  1.35028  1.35856
  5177.85      1.9313  1.36261  1.34927  1.34801  1.35008  1.35859
  5176.35      1.9319  1.36259  1.34928  1.34801  1.34986  1.35861
  5174.85      1.9324  1.36257  1.34928  1.34803  1.34971  1.35861
  5173.35      1.9330  1.36256  1.34929  1.34805  1.34967  1.35860
  5171.85      1.9335  1.36253  1.34929  1.34806  1.34972  1.35859
  5170.35      1.9341  1.36248  1.34928  1.34805  1.34981  1.35858
  5168.85      1.9347  1.36242  1.34926  1.34802  1.34989  1.35857
  5167.35      1.9352  1.36238  1.34924  1.34799  1.34991  1.35855
  5165.85      1.9358  1.36233  1.34922  1.34796  1.34987  1.35852
  5164.35      1.9364  1.36228  1.34920  1.34793  1.34981  1.35850
  5162.85      1.9369  1.36221  1.34918  1.34790  1.34977  1.35851
  5161.35      1.9375  1.36214  1.34916  1.34788  1.34974  1.35853
  5159.85      1.9380  1.36207  1.34915  1.34788  1.34971  1.35855
  5158.35      1.9386  1.36201  1.34914  1.34789  1.34970  1.35853
  5156.85      1.9392  1.36196  1.34914  1.34789  1.34970  1.35848
  5155.35      1.9397  1.36190  1.34916  1.34790  1.34974  1.35842
  5153.85      1.9403  1.36185  1.34917  1.34791  1.34978  1.35839
  5152.35      1.9409  1.36180  1.34919  1.34793  1.34979  1.35838
  5150.85      1.9414  1.36176  1.34921  1.34795  1.34978  1.35840
  5149.35      1.9420  1.36173  1.34922  1.34796  1.34976  1.35844
  5147.85      1.9426  1.36169  1.34924  1.34798  1.34974  1.35847
  5146.35      1.9431  1.36165  1.34926  1.34801  1.34974  1.35848
  5144.85      1.9437  1.36162  1.34927  1.34805  1.34974  1.35844
  5143.35      1.9443  1.36157  1.34927  1.34805  1.34973  1.35843
  5141.85      1.9448  1.36153  1.34925  1.34804  1.34972  1.35845
  5140.35      1.9454  1.36151  1.34922  1.34801  1.34971  1.35851
  5138.84      1.9460  1.36149  1.34919  1.34796  1.34970  1.35858
  5137.34      1.9465  1.36149  1.34914  1.34791  1.34969  1.35860
  5135.84      1.9471  1.36147  1.34910  1.34784  1.34964  1.35857
  5134.34      1.9477  1.36147  1.34904  1.34777  1.34959  1.35847
  5132.84      1.9482  1.36147  1.34898  1.34771  1.34956  1.35833
  5131.34      1.9488  1.36148  1.34894  1.34766  1.34957  1.35819
  5129.84      1.9494  1.36149  1.34891  1.34764  1.34963  1.35806
  5128.34      1.9499  1.36149  1.34889  1.34762  1.34971  1.35795
  5126.84      1.9505  1.36148  1.34888  1.34761  1.34980  1.35787
  5125.34      1.9511  1.36147  1.34887  1.34761  1.34987  1.35785
  5123.84      1.9517  1.36145  1.34887  1.34761  1.34988  1.35786
  5122.34      1.9522  1.36144  1.34887  1.34762  1.34984  1.35790
  5120.84      1.9528  1.36141  1.34889  1.34764  1.34973  1.35797
  5119.34      1.9534  1.36138  1.34890  1.34765  1.34960  1.35803
  5117.84      1.9539  1.36134  1.34891  1.34766  1.34951  1.35808
  5116.34      1.9545  1.36132  1.34891  1.34767  1.34948  1.35811
  5114.84      1.9551  1.36129  1.34891  1.34768  1.34950  1.35813
  5113.34      1.9557  1.36126  1.34890  1.34768  1.34953  1.35814
  5111.84      1.9562  1.36123  1.34888  1.34766  1.34953  1.35814
  5110.34      1.9568  1.36120  1.34885  1.34763  1.34950  1.35812
  5108.84      1.9574  1.36119  1.34881  1.34758  1.34948  1.35805
  5107.34      1.9580  1.36118  1.34877  1.34752  1.34945  1.35794
  5105.84      1.9585  1.36117  1.34873  1.34746  1.34943  1.35781
  5104.34      1.9591  1.36116  1.34869  1.34742  1.34939  1.35772
  5102.84      1.9597  1.36116  1.34866  1.34738  1.34936  1.35769
  5101.34      1.9603  1.36117  1.34864  1.34736  1.34935  1.35773
  5099.84      1.9608  1.36120  1.34863  1.34736  1.34938  1.35776
  5098.34      1.9614  1.36121  1.34863  1.34738  1.34943  1.35774
  5096.84      1.9620  1.36122  1.34863  1.34740  1.34948  1.35767
  5095.34      1.9626  1.36121  1.34862  1.34740  1.34950  1.35758
  5093.84      1.9632  1.36120  1.34860  1.34739  1.34947  1.35755
  5092.34      1.9637  1.36118  1.34857  1.34737  1.34935  1.35758
  5090.84      1.9643  1.36114  1.34855  1.34732  1.34918  1.35766
  5089.34      1.9649  1.36111  1.34850  1.34727  1.34901  1.35773
  5087.84      1.9655  1.36107  1.34846  1.34720  1.34890  1.35776
  5086.34      1.9660  1.36104  1.34842  1.34715  1.34890  1.35776
  5084.84      1.9666  1.36102  1.34837  1.34710  1.34894  1.35774
  5083.34      1.9672  1.36103  1.34834  1.34706  1.34897  1.35772
  5081.84      1.9678  1.36106  1.34831  1.34705  1.34897  1.35769
  5080.34      1.9684  1.36110  1.34830  1.34704  1.34894  1.35764
  5078.84      1.9690  1.36112  1.34829  1.34704  1.34892  1.35759
  5077.34      1.9695  1.36115  1.34827  1.34704  1.34895  1.35757
  5075.84      1.9701  1.36115  1.34825  1.34704  1.34902  1.35757
  5074.34      1.9707  1.36115  1.34823  1.34701  1.34911  1.35759
  5072.84      1.9713  1.36113  1.34820  1.34698  1.34922  1.35759
  5071.34      1.9719  1.36109  1.34817  1.34694  1.34931  1.35756
  5069.84      1.9724  1.36103  1.34814  1.34689  1.34936  1.35748
  5068.34      1.9730  1.36097  1.34810  1.34685  1.34936  1.35737
  5066.84      1.9736  1.36092  1.34806  1.34680  1.34929  1.35731
  5065.34      1.9742  1.36088  1.34803  1.34677  1.34920  1.35730
  5063.84      1.9748  1.36084  1.34802  1.34674  1.34916  1.35731
  5062.34      1.9754  1.36083  1.34802  1.34675  1.34921  1.35732
  5060.84      1.9760  1.36081  1.34804  1.34677  1.34935  1.35728
  5059.34      1.9765  1.36079  1.34805  1.34680  1.34950  1.35721
  5057.84      1.9771  1.36079  1.34807  1.34683  1.34960  1.35715
  5056.34      1.9777  1.36077  1.34810  1.34687  1.34960  1.35713
  5054.84      1.9783  1.36075  1.34812  1.34691  1.34952  1.35716
  5053.34      1.9789  1.36072  1.34815  1.34694  1.34941  1.35723
  5051.84      1.9795  1.36069  1.34817  1.34695  1.34933  1.35729
  5050.34      1.9801  1.36065  1.34816  1.34694  1.34928  1.35729
  5048.84      1.9807  1.36061  1.34815  1.34693  1.34924  1.35724
  5047.34      1.9812  1.36056  1.34812  1.34690  1.34917  1.35716
  5045.84      1.9818  1.36052  1.34810  1.34687  1.34910  1.35709
  5044.34      1.9824  1.36048  1.34808  1.34684  1.34902  1.35705
  5042.84      1.9830  1.36045  1.34804  1.34680  1.34894  1.35701
  5041.34      1.9836  1.36041  1.34800  1.34677  1.34886  1.35698
  5039.84      1.9842  1.36039  1.34796  1.34672  1.34879  1.35694
  5038.34      1.9848  1.36037  1.34791  1.34668  1.34871  1.35691
  5036.84      1.9854  1.36037  1.34788  1.34664  1.34866  1.35689
  5035.34      1.9860  1.36038  1.34785  1.34660  1.34861  1.35690
  5033.84      1.9866  1.36041  1.34782  1.34657  1.34856  1.35693
  5032.34      1.9871  1.36044  1.34780  1.34655  1.34849  1.35697
  5030.84      1.9877  1.36048  1.34777  1.34653  1.34842  1.35697
  5029.34      1.9883  1.36051  1.34775  1.34651  1.34837  1.35692
  5027.84      1.9889  1.36054  1.34773  1.34650  1.34837  1.35683
  5026.34      1.9895  1.36055  1.34771  1.34648  1.34844  1.35674
  5024.84      1.9901  1.36055  1.34769  1.34647  1.34852  1.35669
  5023.34      1.9907  1.36051  1.34765  1.34643  1.34860  1.35668
  5021.84      1.9913  1.36047  1.34762  1.34640  1.34865  1.35668
  5020.34      1.9919  1.36039  1.34759  1.34637  1.34867  1.35666
  5018.84      1.9925  1.36032  1.34755  1.34633  1.34869  1.35662
  5017.34      1.9931  1.36024  1.34751  1.34627  1.34869  1.35657
  5015.84      1.9937  1.36017  1.34747  1.34620  1.34869  1.35650
  5014.34      1.9943  1.36011  1.34743  1.34612  1.34864  1.35642
  5012.84      1.9949  1.36006  1.34740  1.34606  1.34856  1.35634
  5011.34      1.9955  1.36004  1.34738  1.34600  1.34845  1.35625
  5009.84      1.9961  1.36003  1.34740  1.34595  1.34833  1.35618
  5008.34      1.9967  1.36005  1.34743  1.34589  1.34824  1.35613
  5006.83      1.9973  1.36010  1.34749  1.34587  1.34818  1.35610
  5005.33      1.9979  1.36014  1.34757  1.34587  1.34814  1.35609
  5003.83      1.9985  1.36018  1.34766  1.34586  1.34814  1.35609
  5002.33      1.9991  1.36022  1.34779  1.34585  1.34813  1.35608
  5000.83      1.9997  1.36023  1.34792  1.34584  1.34812  1.35604
  4999.33      2.0003  1.36024  1.34807  1.34582  1.34809  1.35600
  4997.83      2.0009  1.36024  1.34820  1.34582  1.34804  1.35597
  4996.33      2.0015  1.36021  1.34830  1.34582  1.34800  1.35597
  4994.83      2.0021  1.36015  1.34839  1.34581  1.34800  1.35599
  4993.33      2.0027  1.36008  1.34847  1.34580  1.34806  1.35601
  4991.83      2.0033  1.36002  1.34853  1.34581  1.34812  1.35601
  4990.33      2.0039  1.35997  1.34855  1.34582  1.34818  1.35599
  4988.83      2.0045  1.35993  1.34857  1.34584  1.34817  1.35597
  4987.33      2.0051  1.35989  1.34857  1.34584  1.34809  1.35594
  4985.83      2.0057  1.35986  1.34857  1.34582  1.34793  1.35588
  4984.33      2.0063  1.35982  1.34857  1.34580  1.34773  1.35582
  4982.83      2.0069  1.35981  1.34855  1.34577  1.34753  1.35578
  4981.33      2.0075  1.35979  1.34852  1.34575  1.34741  1.35575
  4979.83      2.0081  1.35977  1.34848  1.34570  1.34740  1.35575
  4978.33      2.0087  1.35973  1.34844  1.34564  1.34745  1.35575
  4976.83      2.0093  1.35968  1.34839  1.34558  1.34753  1.35575
  4975.33      2.0099  1.35963  1.34833  1.34553  1.34757  1.35573
  4973.83      2.0105  1.35956  1.34827  1.34546  1.34759  1.35569
  4972.33      2.0111  1.35949  1.34822  1.34539  1.34760  1.35564
  4970.83      2.0117  1.35941  1.34817  1.34529  1.34761  1.35559
  4969.33      2.0123  1.35932  1.34811  1.34521  1.34762  1.35555
  4967.83      2.0130  1.35923  1.34808  1.34513  1.34759  1.35550
  4966.33      2.0136  1.35915  1.34805  1.34504  1.34753  1.35546
  4964.83      2.0142  1.35906  1.34802  1.34497  1.34747  1.35542
  4963.33      2.0148  1.35898  1.34799  1.34490  1.34741  1.35536
  4961.83      2.0154  1.35889  1.34796  1.34484  1.34738  1.35530
  4960.33      2.0160  1.35883  1.34793  1.34480  1.34735  1.35525
  4958.83      2.0166  1.35879  1.34789  1.34475  1.34733  1.35522
  4957.33      2.0172  1.35875  1.34785  1.34471  1.34728  1.35523
  4955.83      2.0178  1.35874  1.34782  1.34467  1.34721  1.35521
  4954.33      2.0184  1.35874  1.34779  1.34463  1.34712  1.35514
  4952.83      2.0190  1.35876  1.34776  1.34459  1.34703  1.35504
  4951.33      2.0197  1.35880  1.34773  1.34456  1.34698  1.35491
  4949.83      2.0203  1.35883  1.34771  1.34453  1.34696  1.35483
  4948.33      2.0209  1.35886  1.34771  1.34450  1.34695  1.35480
  4946.83      2.0215  1.35888  1.34770  1.34447  1.34694  1.35481
  4945.33      2.0221  1.35889  1.34770  1.34444  1.34692  1.35480
  4943.83      2.0227  1.35887  1.34770  1.34440  1.34687  1.35476
  4942.33      2.0233  1.35882  1.34769  1.34437  1.34682  1.35468
  4940.83      2.0240  1.35875  1.34769  1.34434  1.34676  1.35459
  4939.33      2.0246  1.35868  1.34769  1.34430  1.34670  1.35451
  4937.83      2.0252  1.35860  1.34768  1.34427  1.34667  1.35447
  4936.33      2.0258  1.35851  1.34766  1.34421  1.34666  1.35446
  4934.83      2.0264  1.35841  1.34762  1.34416  1.34666  1.35448
  4933.33      2.0270  1.35832  1.34759  1.34410  1.34667  1.35449
  4931.83      2.0276  1.35824  1.34754  1.34403  1.34665  1.35448
  4930.33      2.0283  1.35818  1.34749  1.34397  1.34662  1.35444
  4928.83      2.0289  1.35814  1.34745  1.34393  1.34659  1.35438
  4927.33      2.0295  1.35810  1.34740  1.34388  1.34657  1.35432
  4925.83      2.0301  1.35807  1.34735  1.34385  1.34655  1.35428
  4924.33      2.0307  1.35805  1.34732  1.34384  1.34653  1.35428
  4922.83      2.0314  1.35802  1.34729  1.34382  1.34649  1.35429
  4921.33      2.0320  1.35799  1.34726  1.34382  1.34644  1.35430
  4919.83      2.0326  1.35796  1.34724  1.34379  1.34637  1.35428
  4918.33      2.0332  1.35792  1.34722  1.34376  1.34632  1.35425
  4916.83      2.0338  1.35787  1.34721  1.34373  1.34627  1.35421
  4915.33      2.0345  1.35783  1.34717  1.34371  1.34620  1.35420
  4913.83      2.0351  1.35778  1.34713  1.34369  1.34612  1.35423
  4912.33      2.0357  1.35775  1.34708  1.34366  1.34606  1.35428
  4910.83      2.0363  1.35773  1.34704  1.34363  1.34602  1.35431
  4909.33      2.0369  1.35773  1.34698  1.34362  1.34601  1.35429
  4907.83      2.0376  1.35774  1.34691  1.34360  1.34598  1.35420
  4906.33      2.0382  1.35774  1.34684  1.34358  1.34592  1.35407
  4904.83      2.0388  1.35774  1.34676  1.34354  1.34584  1.35396
  4903.33      2.0394  1.35774  1.34668  1.34349  1.34576  1.35392
  4901.83      2.0401  1.35773  1.34661  1.34345  1.34569  1.35396
  4900.33      2.0407  1.35771  1.34656  1.34341  1.34567  1.35405
  4898.83      2.0413  1.35767  1.34650  1.34336  1.34567  1.35412
  4897.33      2.0419  1.35761  1.34645  1.34332  1.34567  1.35414
  4895.83      2.0426  1.35753  1.34642  1.34326  1.34564  1.35409
  4894.33      2.0432  1.35744  1.34640  1.34321  1.34561  1.35400
  4892.83      2.0438  1.35735  1.34639  1.34316  1.34557  1.35390
  4891.33      2.0444  1.35725  1.34638  1.34311  1.34554  1.35382
  4889.83      2.0451  1.35716  1.34637  1.34306  1.34550  1.35377
  4888.33      2.0457  1.35708  1.34637  1.34304  1.34546  1.35372
  4886.83      2.0463  1.35701  1.34636  1.34303  1.34539  1.35365
  4885.33      2.0469  1.35696  1.34634  1.34302  1.34529  1.35355
  4883.83      2.0476  1.35693  1.34633  1.34303  1.34521  1.35346
  4882.33      2.0482  1.35691  1.34630  1.34303  1.34516  1.35337
  4880.83      2.0488  1.35691  1.34626  1.34303  1.34515  1.35330
  4879.33      2.0495  1.35691  1.34622  1.34303  1.34516  1.35328
  4877.83      2.0501  1.35692  1.34617  1.34301  1.34520  1.35326
  4876.33      2.0507  1.35692  1.34612  1.34296  1.34525  1.35323
  4874.83      2.0514  1.35692  1.34607  1.34292  1.34529  1.35317
  4873.33      2.0520  1.35692  1.34601  1.34287  1.34528  1.35306
  4871.83      2.0526  1.35691  1.34595  1.34279  1.34521  1.35294
  4870.32      2.0533  1.35690  1.34591  1.34273  1.34510  1.35284
  4868.82      2.0539  1.35687  1.34586  1.34266  1.34501  1.35279
  4867.32      2.0545  1.35683  1.34581  1.34259  1.34497  1.35278
  4865.82      2.0552  1.35678  1.34576  1.34251  1.34499  1.35281
  4864.32      2.0558  1.35672  1.34572  1.34243  1.34501  1.35282
  4862.82      2.0564  1.35664  1.34567  1.34237  1.34496  1.35280
  4861.32      2.0571  1.35655  1.34564  1.34232  1.34484  1.35275
  4859.82      2.0577  1.35646  1.34561  1.34226  1.34468  1.35268
  4858.32      2.0583  1.35637  1.34557  1.34222  1.34454  1.35262
  4856.82      2.0590  1.35629  1.34553  1.34221  1.34446  1.35255
  4855.32      2.0596  1.35621  1.34549  1.34219  1.34440  1.35249
  4853.82      2.0602  1.35613  1.34544  1.34220  1.34433  1.35242
  4852.32      2.0609  1.35605  1.34541  1.34219  1.34424  1.35238
  4850.82      2.0615  1.35599  1.34536  1.34217  1.34414  1.35235
  4849.32      2.0621  1.35593  1.34531  1.34213  1.34406  1.35233
  4847.82      2.0628  1.35589  1.34526  1.34210  1.34403  1.35232
  4846.32      2.0634  1.35582  1.34522  1.34203  1.34407  1.35231
  4844.82      2.0641  1.35576  1.34517  1.34196  1.34415  1.35232
  4843.32      2.0647  1.35570  1.34513  1.34188  1.34425  1.35233
  4841.82      2.0653  1.35564  1.34509  1.34182  1.34432  1.35230
  4840.32      2.0660  1.35558  1.34506  1.34178  1.34433  1.35225
  4838.82      2.0666  1.35552  1.34503  1.34176  1.34427  1.35218
  4837.32      2.0673  1.35548  1.34500  1.34174  1.34415  1.35212
  4835.82      2.0679  1.35543  1.34496  1.34173  1.34400  1.35209
  4834.32      2.0685  1.35540  1.34493  1.34170  1.34388  1.35208
  4832.82      2.0692  1.35539  1.34489  1.34168  1.34379  1.35208
  4831.32      2.0698  1.35538  1.34486  1.34163  1.34374  1.35206
  4829.82      2.0705  1.35538  1.34483  1.34157  1.34371  1.35201
  4828.32      2.0711  1.35538  1.34480  1.34149  1.34369  1.35194
  4826.82      2.0718  1.35538  1.34476  1.34140  1.34364  1.35187
  4825.32      2.0724  1.35538  1.34471  1.34132  1.34357  1.35179
  4823.82      2.0730  1.35535  1.34467  1.34125  1.34350  1.35174
  4822.32      2.0737  1.35532  1.34463  1.34119  1.34344  1.35169
  4820.82      2.0743  1.35527  1.34458  1.34114  1.34342  1.35167
  4819.32      2.0750  1.35522  1.34455  1.34111  1.34342  1.35165
  4817.82      2.0756  1.35515  1.34450  1.34111  1.34343  1.35161
  4816.32      2.0763  1.35506  1.34445  1.34111  1.34344  1.35154
  4814.82      2.0769  1.35498  1.34440  1.34111  1.34342  1.35145
  4813.32      2.0776  1.35490  1.34436  1.34111  1.34340  1.35136
  4811.82      2.0782  1.35482  1.34431  1.34112  1.34338  1.35129
  4810.32      2.0789  1.35474  1.34427  1.34113  1.34332  1.35124
  4808.82      2.0795  1.35468  1.34424  1.34113  1.34321  1.35121
  4807.32      2.0802  1.35460  1.34420  1.34110  1.34308  1.35118
  4805.82      2.0808  1.35453  1.34418  1.34107  1.34294  1.35115
  4804.32      2.0815  1.35447  1.34415  1.34103  1.34280  1.35113
  4802.82      2.0821  1.35442  1.34412  1.34100  1.34268  1.35111
  4801.32      2.0828  1.35436  1.34409  1.34096  1.34256  1.35110
  4799.82      2.0834  1.35431  1.34406  1.34091  1.34246  1.35106
  4798.32      2.0841  1.35424  1.34403  1.34088  1.34239  1.35098
  4796.82      2.0847  1.35418  1.34400  1.34084  1.34239  1.35087
  4795.32      2.0854  1.35413  1.34395  1.34083  1.34242  1.35079
  4793.82      2.0860  1.35409  1.34390  1.34081  1.34249  1.35073
  4792.32      2.0867  1.35405  1.34385  1.34079  1.34254  1.35072
  4790.82      2.0873  1.35402  1.34380  1.34075  1.34252  1.35071
  4789.32      2.0880  1.35399  1.34376  1.34069  1.34246  1.35067
  4787.82      2.0886  1.35396  1.34370  1.34058  1.34237  1.35061
  4786.32      2.0893  1.35393  1.34365  1.34048  1.34230  1.35053
  4784.82      2.0899  1.35390  1.34359  1.34036  1.34227  1.35048
  4783.32      2.0906  1.35387  1.34356  1.34023  1.34227  1.35045
  4781.82      2.0913  1.35382  1.34351  1.34012  1.34227  1.35045
  4780.32      2.0919  1.35377  1.34349  1.34003  1.34224  1.35044
  4778.82      2.0926  1.35370  1.34346  1.33998  1.34219  1.35042
  4777.32      2.0932  1.35363  1.34342  1.33996  1.34213  1.35038
  4775.82      2.0939  1.35356  1.34338  1.33995  1.34208  1.35031
  4774.32      2.0945  1.35349  1.34335  1.33995  1.34206  1.35024
  4772.82      2.0952  1.35341  1.34332  1.33996  1.34203  1.35018
  4771.32      2.0959  1.35334  1.34329  1.33997  1.34202  1.35015
  4769.82      2.0965  1.35329  1.34325  1.33998  1.34199  1.35013
  4768.32      2.0972  1.35326  1.34320  1.33998  1.34197  1.35013
  4766.82      2.0978  1.35324  1.34316  1.33998  1.34194  1.35015
  4765.32      2.0985  1.35324  1.34312  1.33998  1.34189  1.35015
  4763.82      2.0992  1.35323  1.34309  1.34000  1.34183  1.35011
  4762.32      2.0998  1.35323  1.34306  1.34001  1.34175  1.35004
  4760.82      2.1005  1.35324  1.34304  1.34001  1.34170  1.34997
  4759.32      2.1011  1.35324  1.34301  1.34000  1.34166  1.34994
  4757.82      2.1018  1.35324  1.34300  1.33999  1.34164  1.34993
  4756.32      2.1025  1.35322  1.34298  1.33997  1.34160  1.34995
  4754.82      2.1031  1.35322  1.34297  1.33993  1.34159  1.34996
  4753.32      2.1038  1.35320  1.34296  1.33989  1.34158  1.34996
  4751.82      2.1045  1.35319  1.34296  1.33985  1.34159  1.34994
  4750.32      2.1051  1.35318  1.34294  1.33981  1.34160  1.34990
  4748.82      2.1058  1.35316  1.34292  1.33978  1.34161  1.34984
  4747.32      2.1065  1.35316  1.34291  1.33975  1.34161  1.34980
  4745.82      2.1071  1.35315  1.34289  1.33972  1.34161  1.34976
  4744.32      2.1078  1.35314  1.34288  1.33969  1.34160  1.34974
  4742.82      2.1085  1.35312  1.34285  1.33966  1.34158  1.34971
  4741.32      2.1091  1.35310  1.34283  1.33961  1.34154  1.34964
  4739.82      2.1098  1.35308  1.34280  1.33957  1.34149  1.34958
  4738.31      2.1105  1.35305  1.34277  1.33954  1.34144  1.34954
  4736.81      2.1111  1.35301  1.34274  1.33950  1.34138  1.34954
  4735.31      2.1118  1.35296  1.34270  1.33946  1.34132  1.34955
  4733.81      2.1125  1.35292  1.34266  1.33942  1.34129  1.34954
  4732.31      2.1131  1.35285  1.34260  1.33940  1.34128  1.34951
  4730.81      2.1138  1.35279  1.34254  1.33938  1.34129  1.34945
  4729.31      2.1145  1.35273  1.34248  1.33936  1.34131  1.34938
  4727.81      2.1151  1.35267  1.34242  1.33933  1.34136  1.34932
  4726.31      2.1158  1.35261  1.34236  1.33931  1.34143  1.34924
  4724.81      2.1165  1.35253  1.34232  1.33929  1.34147  1.34916
  4723.31      2.1172  1.35246  1.34228  1.33926  1.34148  1.34909
  4721.81      2.1178  1.35238  1.34223  1.33922  1.34140  1.34904
  4720.31      2.1185  1.35231  1.34219  1.33918  1.34125  1.34902
  4718.81      2.1192  1.35223  1.34216  1.33913  1.34108  1.34900
  4717.31      2.1199  1.35215  1.34212  1.33907  1.34096  1.34899
  4715.81      2.1205  1.35206  1.34208  1.33901  1.34086  1.34898
  4714.31      2.1212  1.35198  1.34203  1.33895  1.34077  1.34897
  4712.81      2.1219  1.35191  1.34197  1.33886  1.34068  1.34895
  4711.31      2.1226  1.35183  1.34190  1.33877  1.34057  1.34893
  4709.81      2.1232  1.35176  1.34183  1.33866  1.34048  1.34887
  4708.31      2.1239  1.35170  1.34176  1.33855  1.34039  1.34879
  4706.81      2.1246  1.35163  1.34169  1.33844  1.34028  1.34867
  4705.31      2.1253  1.35156  1.34163  1.33834  1.34017  1.34852
  4703.81      2.1259  1.35151  1.34158  1.33825  1.34009  1.34835
  4702.31      2.1266  1.35145  1.34154  1.33818  1.34005  1.34817
  4700.81      2.1273  1.35140  1.34153  1.33813  1.34005  1.34804
  4699.31      2.1280  1.35135  1.34151  1.33812  1.34004  1.34796
  4697.81      2.1287  1.35132  1.34150  1.33812  1.34001  1.34793
  4696.31      2.1293  1.35129  1.34149  1.33813  1.33994  1.34794
  4694.81      2.1300  1.35126  1.34148  1.33813  1.33983  1.34796
  4693.31      2.1307  1.35124  1.34148  1.33813  1.33971  1.34796
  4691.81      2.1314  1.35122  1.34146  1.33812  1.33959  1.34794
  4690.31      2.1321  1.35122  1.34144  1.33809  1.33948  1.34788
  4688.81      2.1327  1.35120  1.34140  1.33805  1.33939  1.34782
  4687.31      2.1334  1.35117  1.34137  1.33799  1.33936  1.34775
  4685.81      2.1341  1.35114  1.34133  1.33793  1.33939  1.34770
  4684.31      2.1348  1.35111  1.34129  1.33787  1.33943  1.34767
  4682.81      2.1355  1.35107  1.34124  1.33780  1.33947  1.34766
  4681.31      2.1362  1.35103  1.34119  1.33774  1.33944  1.34765
  4679.81      2.1368  1.35100  1.34114  1.33768  1.33935  1.34762
  4678.31      2.1375  1.35094  1.34107  1.33761  1.33922  1.34757
  4676.81      2.1382  1.35088  1.34101  1.33756  1.33911  1.34754
  4675.31      2.1389  1.35081  1.34095  1.33751  1.33904  1.34752
  4673.81      2.1396  1.35074  1.34090  1.33747  1.33901  1.34752
  4672.31      2.1403  1.35066  1.34083  1.33743  1.33900  1.34749
  4670.81      2.1410  1.35057  1.34077  1.33740  1.33897  1.34744
  4669.31      2.1416  1.35046  1.34071  1.33736  1.33891  1.34737
  4667.81      2.1423  1.35035  1.34065  1.33731  1.33884  1.34728
  4666.31      2.1430  1.35025  1.34060  1.33726  1.33878  1.34719
  4664.81      2.1437  1.35015  1.34055  1.33720  1.33877  1.34712
  4663.31      2.1444  1.35007  1.34050  1.33714  1.33878  1.34709
  4661.81      2.1451  1.34998  1.34046  1.33709  1.33879  1.34706
  4660.31      2.1458  1.34990  1.34041  1.33704  1.33877  1.34704
  4658.81      2.1465  1.34982  1.34037  1.33701  1.33871  1.34701
  4657.31      2.1472  1.34975  1.34033  1.33698  1.33864  1.34696
  4655.81      2.1479  1.34969  1.34030  1.33695  1.33857  1.34687
  4654.31      2.1485  1.34964  1.34026  1.33690  1.33853  1.34675
  4652.81      2.1492  1.34960  1.34023  1.33685  1.33851  1.34662
  4651.31      2.1499  1.34954  1.34019  1.33678  1.33850  1.34653
  4649.81      2.1506  1.34949  1.34016  1.33671  1.33845  1.34650
  4648.31      2.1513  1.34946  1.34013  1.33661  1.33835  1.34650
  4646.81      2.1520  1.34943  1.34008  1.33652  1.33821  1.34650
  4645.31      2.1527  1.34939  1.34003  1.33643  1.33805  1.34647
  4643.81      2.1534  1.34933  1.33998  1.33634  1.33792  1.34639
  4642.31      2.1541  1.34927  1.33993  1.33625  1.33782  1.34630
  4640.81      2.1548  1.34920  1.33987  1.33617  1.33776  1.34619
  4639.31      2.1555  1.34912  1.33982  1.33608  1.33769  1.34608
  4637.81      2.1562  1.34905  1.33975  1.33601  1.33760  1.34597
  4636.31      2.1569  1.34897  1.33968  1.33594  1.33746  1.34584
  4634.81      2.1576  1.34888  1.33962  1.33588  1.33731  1.34572
  4633.31      2.1583  1.34879  1.33955  1.33582  1.33720  1.34565
  4631.81      2.1590  1.34872  1.33948  1.33575  1.33713  1.34563
  4630.31      2.1597  1.34865  1.33942  1.33568  1.33712  1.34563
  4628.81      2.1604  1.34858  1.33935  1.33562  1.33712  1.34564
  4627.31      2.1611  1.34850  1.33930  1.33554  1.33715  1.34561
  4625.81      2.1618  1.34842  1.33924  1.33546  1.33719  1.34558
  4624.31      2.1625  1.34835  1.33919  1.33537  1.33723  1.34552
  4622.81      2.1632  1.34828  1.33913  1.33529  1.33725  1.34546
  4621.31      2.1639  1.34820  1.33908  1.33521  1.33718  1.34537
  4619.81      2.1646  1.34812  1.33903  1.33515  1.33704  1.34527
  4618.31      2.1653  1.34805  1.33896  1.33508  1.33689  1.34516
  4616.81      2.1660  1.34797  1.33890  1.33503  1.33677  1.34507
  4615.31      2.1667  1.34789  1.33884  1.33499  1.33670  1.34500
  4613.81      2.1674  1.34783  1.33877  1.33494  1.33662  1.34494
  4612.31      2.1681  1.34775  1.33869  1.33490  1.33652  1.34487
  4610.81      2.1688  1.34769  1.33862  1.33484  1.33639  1.34480
  4609.31      2.1695  1.34762  1.33854  1.33477  1.33627  1.34471
  4607.81      2.1702  1.34757  1.33846  1.33469  1.33618  1.34463
  4606.31      2.1709  1.34751  1.33839  1.33461  1.33612  1.34455
  4604.81      2.1716  1.34746  1.33832  1.33453  1.33609  1.34448
  4603.31      2.1724  1.34742  1.33824  1.33444  1.33609  1.34439
  4601.80      2.1731  1.34737  1.33817  1.33435  1.33609  1.34430
  4600.30      2.1738  1.34732  1.33810  1.33428  1.33610  1.34421
  4598.80      2.1745  1.34728  1.33804  1.33420  1.33606  1.34411
  4597.30      2.1752  1.34723  1.33797  1.33415  1.33598  1.34404
  4595.80      2.1759  1.34718  1.33790  1.33410  1.33588  1.34399
  4594.30      2.1766  1.34713  1.33784  1.33406  1.33576  1.34396
  4592.80      2.1773  1.34708  1.33778  1.33401  1.33565  1.34393
  4591.30      2.1780  1.34702  1.33772  1.33398  1.33554  1.34388
  4589.80      2.1787  1.34697  1.33766  1.33395  1.33544  1.34383
  4588.30      2.1795  1.34692  1.33761  1.33391  1.33537  1.34379
  4586.80      2.1802  1.34686  1.33756  1.33387  1.33534  1.34374
  4585.30      2.1809  1.34679  1.33752  1.33383  1.33533  1.34369
  4583.80      2.1816  1.34672  1.33747  1.33378  1.33530  1.34364
  4582.30      2.1823  1.34666  1.33742  1.33373  1.33524  1.34358
  4580.80      2.1830  1.34658  1.33738  1.33367  1.33519  1.34353
  4579.30      2.1837  1.34650  1.33732  1.33361  1.33514  1.34345
  4577.80      2.1845  1.34642  1.33726  1.33354  1.33510  1.34334
  4576.30      2.1852  1.34635  1.33720  1.33347  1.33505  1.34322
  4574.80      2.1859  1.34628  1.33715  1.33340  1.33498  1.34312
  4573.30      2.1866  1.34621  1.33710  1.33332  1.33488  1.34305
  4571.80      2.1873  1.34614  1.33705  1.33324  1.33478  1.34301
  4570.30      2.1880  1.34607  1.33700  1.33317  1.33469  1.34296
  4568.80      2.1888  1.34602  1.33695  1.33309  1.33464  1.34291
  4567.30      2.1895  1.34596  1.33692  1.33301  1.33461  1.34287
  4565.80      2.1902  1.34590  1.33689  1.33295  1.33461  1.34284
  4564.30      2.1909  1.34583  1.33686  1.33288  1.33461  1.34282
  4562.80      2.1916  1.34576  1.33683  1.33284  1.33457  1.34278
  4561.30      2.1924  1.34567  1.33680  1.33280  1.33448  1.34272
  4559.80      2.1931  1.34559  1.33677  1.33277  1.33432  1.34266
  4558.30      2.1938  1.34551  1.33673  1.33275  1.33414  1.34260
  4556.80      2.1945  1.34543  1.33668  1.33272  1.33399  1.34255
  4555.30      2.1952  1.34535  1.33663  1.33267  1.33392  1.34249
  4553.80      2.1960  1.34527  1.33658  1.33262  1.33391  1.34243
  4552.30      2.1967  1.34521  1.33653  1.33254  1.33392  1.34236
  4550.80      2.1974  1.34515  1.33647  1.33245  1.33392  1.34229
  4549.30      2.1981  1.34510  1.33641  1.33233  1.33392  1.34223
  4547.80      2.1989  1.34505  1.33636  1.33222  1.33391  1.34216
  4546.30      2.1996  1.34500  1.33630  1.33211  1.33390  1.34207
  4544.80      2.2003  1.34495  1.33623  1.33203  1.33384  1.34195
  4543.30      2.2010  1.34489  1.33616  1.33196  1.33378  1.34183
  4541.80      2.2018  1.34483  1.33610  1.33191  1.33373  1.34174
  4540.30      2.2025  1.34477  1.33605  1.33189  1.33372  1.34167
  4538.80      2.2032  1.34469  1.33599  1.33189  1.33373  1.34164
  4537.30      2.2040  1.34461  1.33592  1.33191  1.33374  1.34162
  4535.80      2.2047  1.34455  1.33586  1.33192  1.33370  1.34161
  4534.30      2.2054  1.34448  1.33581  1.33191  1.33361  1.34159
  4532.80      2.2061  1.34441  1.33576  1.33190  1.33346  1.34155
  4531.30      2.2069  1.34435  1.33572  1.33187  1.33332  1.34151
  4529.80      2.2076  1.34429  1.33566  1.33180  1.33318  1.34146
  4528.30      2.2083  1.34423  1.33561  1.33173  1.33310  1.34141
  4526.80      2.2091  1.34419  1.33556  1.33163  1.33305  1.34137
  4525.30      2.2098  1.34414  1.33551  1.33153  1.33305  1.34133
  4523.80      2.2105  1.34410  1.33544  1.33143  1.33306  1.34130
  4522.30      2.2113  1.34407  1.33539  1.33133  1.33303  1.34126
  4520.80      2.2120  1.34404  1.33534  1.33124  1.33296  1.34119
  4519.30      2.2127  1.34400  1.33528  1.33117  1.33284  1.34108
  4517.80      2.2135  1.34395  1.33524  1.33109  1.33271  1.34097
  4516.30      2.2142  1.34390  1.33518  1.33103  1.33260  1.34087
  4514.80      2.2149  1.34384  1.33513  1.33097  1.33251  1.34080
  4513.30      2.2157  1.34378  1.33508  1.33091  1.33245  1.34074
  4511.80      2.2164  1.34370  1.33503  1.33084  1.33239  1.34070
  4510.30      2.2171  1.34363  1.33497  1.33076  1.33234  1.34065
  4508.80      2.2179  1.34355  1.33492  1.33067  1.33230  1.34060
  4507.30      2.2186  1.34347  1.33484  1.33057  1.33227  1.34052
  4505.80      2.2194  1.34339  1.33476  1.33047  1.33223  1.34040
  4504.30      2.2201  1.34331  1.33467  1.33038  1.33216  1.34028
  4502.80      2.2208  1.34322  1.33460  1.33029  1.33208  1.34017
  4501.30      2.2216  1.34313  1.33452  1.33021  1.33197  1.34009
  4499.80      2.2223  1.34304  1.33444  1.33014  1.33189  1.34002
  4498.30      2.2231  1.34295  1.33436  1.33008  1.33185  1.33997
  4496.80      2.2238  1.34286  1.33429  1.33004  1.33186  1.33992
  4495.30      2.2245  1.34279  1.33422  1.33001  1.33189  1.33988
  4493.80      2.2253  1.34272  1.33417  1.32999  1.33192  1.33982
  4492.30      2.2260  1.34265  1.33412  1.32998  1.33189  1.33977
  4490.80      2.2268  1.34260  1.33408  1.32997  1.33178  1.33973
  4489.30      2.2275  1.34256  1.33403  1.32995  1.33161  1.33969
  4487.80      2.2283  1.34252  1.33397  1.32990  1.33141  1.33964
  4486.30      2.2290  1.34248  1.33392  1.32986  1.33128  1.33958
  4484.80      2.2298  1.34243  1.33385  1.32978  1.33122  1.33949
  4483.30      2.2305  1.34237  1.33380  1.32969  1.33122  1.33937
  4481.80      2.2312  1.34232  1.33374  1.32959  1.33126  1.33924
  4480.30      2.2320  1.34227  1.33368  1.32947  1.33131  1.33912
  4478.80      2.2327  1.34222  1.33361  1.32936  1.33132  1.33901
  4477.30      2.2335  1.34216  1.33354  1.32927  1.33128  1.33894
  4475.80      2.2342  1.34210  1.33346  1.32918  1.33118  1.33890
  4474.30      2.2350  1.34205  1.33340  1.32910  1.33103  1.33889
  4472.80      2.2357  1.34201  1.33332  1.32905  1.33089  1.33888
  4471.30      2.2365  1.34196  1.33325  1.32900  1.33078  1.33884
  4469.79      2.2372  1.34192  1.33317  1.32898  1.33071  1.33876
  4468.29      2.2380  1.34187  1.33310  1.32895  1.33068  1.33867
  4466.79      2.2387  1.34182  1.33303  1.32894  1.33064  1.33858
  4465.29      2.2395  1.34176  1.33295  1.32893  1.33059  1.33849
  4463.79      2.2402  1.34169  1.33288  1.32892  1.33054  1.33839
  4462.29      2.2410  1.34162  1.33282  1.32891  1.33046  1.33828
  4460.79      2.2418  1.34154  1.33276  1.32889  1.33039  1.33816
  4459.29      2.2425  1.34145  1.33271  1.32886  1.33028  1.33805
  4457.79      2.2433  1.34135  1.33264  1.32882  1.33017  1.33796
  4456.29      2.2440  1.34125  1.33258  1.32876  1.33007  1.33790
  4454.79      2.2448  1.34115  1.33253  1.32869  1.33000  1.33786
  4453.29      2.2455  1.34104  1.33246  1.32861  1.32995  1.33783
  4451.79      2.2463  1.34093  1.33239  1.32851  1.32992  1.33778
  4450.29      2.2470  1.34082  1.33232  1.32840  1.32989  1.33770
  4448.79      2.2478  1.34071  1.33224  1.32827  1.32983  1.33762
  4447.29      2.2486  1.34061  1.33218  1.32816  1.32973  1.33752
  4445.79      2.2493  1.34052  1.33212  1.32805  1.32962  1.33744
  4444.29      2.2501  1.34045  1.33204  1.32796  1.32949  1.33736
  4442.79      2.2508  1.34039  1.33198  1.32786  1.32937  1.33728
  4441.29      2.2516  1.34033  1.33192  1.32777  1.32924  1.33721
  4439.79      2.2524  1.34028  1.33187  1.32771  1.32915  1.33713
  4438.29      2.2531  1.34025  1.33182  1.32765  1.32907  1.33707
  4436.79      2.2539  1.34022  1.33176  1.32760  1.32903  1.33704
  4435.29      2.2546  1.34020  1.33171  1.32754  1.32899  1.33700
  4433.79      2.2554  1.34018  1.33165  1.32748  1.32897  1.33695
  4432.29      2.2562  1.34014  1.33160  1.32742  1.32893  1.33688
  4430.79      2.2569  1.34009  1.33155  1.32735  1.32888  1.33679
  4429.29      2.2577  1.34005  1.33149  1.32727  1.32884  1.33670
  4427.79      2.2585  1.34002  1.33144  1.32718  1.32880  1.33664
  4426.29      2.2592  1.33997  1.33138  1.32709  1.32878  1.33657
  4424.79      2.2600  1.33991  1.33133  1.32698  1.32872  1.33650
  4423.29      2.2608  1.33984  1.33125  1.32688  1.32863  1.33643
  4421.79      2.2615  1.33978  1.33119  1.32679  1.32851  1.33637
  4420.29      2.2623  1.33972  1.33110  1.32671  1.32838  1.33631
  4418.79      2.2631  1.33965  1.33101  1.32664  1.32826  1.33625
  4417.29      2.2638  1.33957  1.33092  1.32656  1.32816  1.33617
  4415.79      2.2646  1.33947  1.33083  1.32651  1.32806  1.33606
  4414.29      2.2654  1.33937  1.33075  1.32647  1.32797  1.33594
  4412.79      2.2661  1.33928  1.33068  1.32643  1.32790  1.33582
  4411.29      2.2669  1.33918  1.33061  1.32640  1.32786  1.33572
  4409.79      2.2677  1.33908  1.33056  1.32637  1.32786  1.33565
  4408.29      2.2685  1.33898  1.33053  1.32633  1.32786  1.33561
  4406.79      2.2692  1.33889  1.33048  1.32628  1.32785  1.33560
  4405.29      2.2700  1.33882  1.33045  1.32622  1.32780  1.33557
  4403.79      2.2708  1.33876  1.33042  1.32614  1.32773  1.33552
  4402.29      2.2715  1.33870  1.33038  1.32605  1.32768  1.33545
  4400.79      2.2723  1.33865  1.33033  1.32598  1.32765  1.33538
  4399.29      2.2731  1.33862  1.33027  1.32589  1.32764  1.33532
  4397.79      2.2739  1.33858  1.33019  1.32581  1.32760  1.33526
  4396.29      2.2746  1.33854  1.33011  1.32573  1.32748  1.33519
  4394.79      2.2754  1.33850  1.33002  1.32566  1.32729  1.33510
  4393.29      2.2762  1.33845  1.32993  1.32560  1.32706  1.33498
  4391.79      2.2770  1.33838  1.32984  1.32552  1.32686  1.33484
  4390.29      2.2778  1.33830  1.32975  1.32544  1.32677  1.33472
  4388.79      2.2785  1.33821  1.32966  1.32534  1.32676  1.33461
  4387.29      2.2793  1.33812  1.32957  1.32524  1.32678  1.33453
  4385.79      2.2801  1.33803  1.32950  1.32514  1.32678  1.33446
  4384.29      2.2809  1.33792  1.32942  1.32503  1.32676  1.33438
  4382.79      2.2817  1.33781  1.32934  1.32493  1.32670  1.33429
  4381.29      2.2824  1.33770  1.32927  1.32484  1.32665  1.33420
  4379.79      2.2832  1.33760  1.32921  1.32478  1.32659  1.33413
  4378.29      2.2840  1.33751  1.32913  1.32472  1.32651  1.33407
  4376.79      2.2848  1.33742  1.32906  1.32466  1.32642  1.33403
  4375.29      2.2856  1.33733  1.32898  1.32461  1.32630  1.33398
  4373.79      2.2863  1.33724  1.32890  1.32456  1.32618  1.33392
  4372.29      2.2871  1.33716  1.32883  1.32449  1.32602  1.33385
  4370.79      2.2879  1.33707  1.32875  1.32439  1.32588  1.33377
  4369.29      2.2887  1.33699  1.32867  1.32429  1.32577  1.33369
  4367.79      2.2895  1.33691  1.32858  1.32418  1.32568  1.33359
  4366.29      2.2903  1.33683  1.32850  1.32407  1.32562  1.33349
  4364.79      2.2911  1.33674  1.32842  1.32397  1.32554  1.33338
  4363.29      2.2919  1.33666  1.32833  1.32388  1.32546  1.33329
  4361.79      2.2926  1.33658  1.32823  1.32379  1.32539  1.33319
  4360.29      2.2934  1.33651  1.32814  1.32373  1.32533  1.33309
  4358.79      2.2942  1.33642  1.32805  1.32368  1.32525  1.33298
  4357.29      2.2950  1.33632  1.32796  1.32362  1.32515  1.33286
  4355.79      2.2958  1.33623  1.32788  1.32354  1.32504  1.33274
  4354.29      2.2966  1.33614  1.32780  1.32347  1.32495  1.33262
  4352.79      2.2974  1.33604  1.32774  1.32341  1.32489  1.33251
  4351.29      2.2982  1.33595  1.32768  1.32334  1.32483  1.33244
  4349.79      2.2990  1.33587  1.32762  1.32327  1.32480  1.33239
  4348.29      2.2998  1.33579  1.32757  1.32320  1.32475  1.33234
  4346.79      2.3006  1.33572  1.32753  1.32314  1.32471  1.33228
  4345.29      2.3013  1.33566  1.32747  1.32307  1.32468  1.33217
  4343.79      2.3021  1.33560  1.32741  1.32300  1.32464  1.33205
  4342.29      2.3029  1.33553  1.32733  1.32292  1.32455  1.33191
  4340.79      2.3037  1.33546  1.32725  1.32283  1.32441  1.33178
  4339.29      2.3045  1.33538  1.32716  1.32273  1.32426  1.33168
  4337.79      2.3053  1.33528  1.32707  1.32263  1.32411  1.33162
  4336.29      2.3061  1.33518  1.32697  1.32255  1.32400  1.33156
  4334.79      2.3069  1.33507  1.32686  1.32245  1.32393  1.33153
  4333.28      2.3077  1.33497  1.32674  1.32237  1.32388  1.33150
  4331.78      2.3085  1.33486  1.32662  1.32229  1.32384  1.33144
  4330.28      2.3093  1.33476  1.32651  1.32221  1.32377  1.33135
  4328.78      2.3101  1.33467  1.32640  1.32213  1.32369  1.33121
  4327.28      2.3109  1.33458  1.32630  1.32205  1.32360  1.33107
  4325.78      2.3117  1.33452  1.32619  1.32196  1.32352  1.33094
  4324.28      2.3125  1.33446  1.32609  1.32187  1.32344  1.33081
  4322.78      2.3133  1.33441  1.32600  1.32179  1.32335  1.33069
  4321.28      2.3141  1.33436  1.32592  1.32172  1.32324  1.33057
  4319.78      2.3149  1.33431  1.32584  1.32166  1.32314  1.33048
  4318.28      2.3157  1.33425  1.32578  1.32162  1.32305  1.33043
  4316.78      2.3165  1.33418  1.32570  1.32158  1.32297  1.33040
  4315.28      2.3173  1.33410  1.32562  1.32153  1.32291  1.33037
  4313.78      2.3182  1.33400  1.32554  1.32148  1.32284  1.33033
  4312.28      2.3190  1.33389  1.32548  1.32140  1.32275  1.33026
  4310.78      2.3198  1.33377  1.32541  1.32129  1.32263  1.33018
  4309.28      2.3206  1.33365  1.32533  1.32116  1.32249  1.33010
  4307.78      2.3214  1.33353  1.32526  1.32101  1.32234  1.33003
  4306.28      2.3222  1.33342  1.32518  1.32085  1.32222  1.32996
  4304.78      2.3230  1.33331  1.32510  1.32069  1.32209  1.32987
  4303.28      2.3238  1.33321  1.32502  1.32055  1.32200  1.32977
  4301.78      2.3246  1.33313  1.32494  1.32043  1.32193  1.32967
  4300.28      2.3254  1.33304  1.32485  1.32034  1.32187  1.32960
  4298.78      2.3262  1.33297  1.32475  1.32028  1.32181  1.32954
  4297.28      2.3271  1.33290  1.32466  1.32022  1.32173  1.32946
  4295.78      2.3279  1.33282  1.32458  1.32018  1.32164  1.32936
  4294.28      2.3287  1.33275  1.32448  1.32013  1.32154  1.32925
  4292.78      2.3295  1.33268  1.32439  1.32008  1.32148  1.32913
  4291.28      2.3303  1.33261  1.32431  1.32001  1.32142  1.32904
  4289.78      2.3311  1.33253  1.32421  1.31992  1.32136  1.32896
  4288.28      2.3319  1.33246  1.32413  1.31981  1.32128  1.32891
  4286.78      2.3328  1.33238  1.32404  1.31969  1.32118  1.32887
  4285.28      2.3336  1.33230  1.32395  1.31958  1.32109  1.32879
  4283.78      2.3344  1.33223  1.32387  1.31947  1.32102  1.32868
  4282.28      2.3352  1.33213  1.32377  1.31937  1.32095  1.32854
  4280.78      2.3360  1.33204  1.32368  1.31928  1.32089  1.32835
  4279.28      2.3368  1.33195  1.32359  1.31921  1.32080  1.32820
  4277.78      2.3377  1.33184  1.32350  1.31915  1.32069  1.32806
  4276.28      2.3385  1.33173  1.32341  1.31908  1.32057  1.32798
  4274.78      2.3393  1.33160  1.32333  1.31903  1.32043  1.32795
  4273.28      2.3401  1.33147  1.32323  1.31897  1.32028  1.32792
  4271.78      2.3409  1.33135  1.32314  1.31889  1.32011  1.32786
  4270.28      2.3418  1.33122  1.32306  1.31882  1.31994  1.32776
  4268.78      2.3426  1.33108  1.32297  1.31874  1.31981  1.32763
  4267.28      2.3434  1.33094  1.32289  1.31863  1.31969  1.32749
  4265.78      2.3442  1.33082  1.32280  1.31852  1.31961  1.32735
  4264.28      2.3451  1.33070  1.32272  1.31841  1.31954  1.32722
  4262.78      2.3459  1.33060  1.32264  1.31830  1.31947  1.32709
  4261.28      2.3467  1.33051  1.32255  1.31821  1.31945  1.32699
  4259.78      2.3475  1.33042  1.32246  1.31811  1.31946  1.32690
  4258.28      2.3484  1.33036  1.32238  1.31801  1.31951  1.32682
  4256.78      2.3492  1.33030  1.32230  1.31792  1.31952  1.32675
  4255.28      2.3500  1.33023  1.32222  1.31782  1.31948  1.32667
  4253.78      2.3509  1.33017  1.32215  1.31771  1.31941  1.32660
  4252.28      2.3517  1.33010  1.32208  1.31759  1.31929  1.32654
  4250.78      2.3525  1.33004  1.32201  1.31745  1.31917  1.32647
  4249.28      2.3533  1.32995  1.32194  1.31730  1.31906  1.32638
  4247.78      2.3542  1.32986  1.32187  1.31715  1.31898  1.32627
  4246.28      2.3550  1.32975  1.32181  1.31702  1.31891  1.32616
  4244.78      2.3558  1.32964  1.32173  1.31690  1.31882  1.32606
  4243.28      2.3567  1.32952  1.32165  1.31680  1.31869  1.32598
  4241.78      2.3575  1.32941  1.32157  1.31671  1.31853  1.32588
  4240.28      2.3583  1.32929  1.32147  1.31665  1.31833  1.32576
  4238.78      2.3592  1.32917  1.32137  1.31659  1.31814  1.32564
  4237.28      2.3600  1.32904  1.32126  1.31655  1.31798  1.32551
  4235.78      2.3608  1.32892  1.32116  1.31649  1.31786  1.32539
  4234.28      2.3617  1.32880  1.32106  1.31643  1.31778  1.32527
  4232.78      2.3625  1.32868  1.32095  1.31635  1.31774  1.32512
  4231.28      2.3634  1.32855  1.32085  1.31627  1.31770  1.32497
  4229.78      2.3642  1.32842  1.32074  1.31618  1.31765  1.32482
  4228.28      2.3650  1.32829  1.32062  1.31608  1.31757  1.32469
  4226.78      2.3659  1.32815  1.32050  1.31599  1.31746  1.32459
  4225.28      2.3667  1.32802  1.32039  1.31589  1.31733  1.32452
  4223.78      2.3675  1.32789  1.32026  1.31578  1.31719  1.32446
  4222.28      2.3684  1.32776  1.32015  1.31569  1.31704  1.32439
  4220.78      2.3692  1.32763  1.32002  1.31556  1.31687  1.32433
  4219.28      2.3701  1.32752  1.31992  1.31545  1.31671  1.32427
  4217.78      2.3709  1.32739  1.31981  1.31534  1.31659  1.32421
  4216.28      2.3718  1.32728  1.31971  1.31523  1.31651  1.32413
  4214.78      2.3726  1.32717  1.31961  1.31512  1.31648  1.32402
  4213.28      2.3735  1.32706  1.31951  1.31502  1.31648  1.32389
  4211.78      2.3743  1.32695  1.31942  1.31493  1.31648  1.32375
  4210.28      2.3751  1.32684  1.31933  1.31486  1.31648  1.32362
  4208.78      2.3760  1.32672  1.31924  1.31479  1.31646  1.32353
  4207.28      2.3768  1.32662  1.31915  1.31472  1.31640  1.32345
  4205.78      2.3777  1.32650  1.31905  1.31464  1.31631  1.32338
  4204.28      2.3785  1.32640  1.31896  1.31455  1.31618  1.32329
  4202.78      2.3794  1.32629  1.31887  1.31444  1.31599  1.32315
  4201.27      2.3802  1.32618  1.31878  1.31433  1.31577  1.32300
  4199.77      2.3811  1.32608  1.31870  1.31420  1.31554  1.32284
  4198.27      2.3819  1.32599  1.31861  1.31406  1.31534  1.32269
  4196.77      2.3828  1.32590  1.31852  1.31391  1.31519  1.32256
  4195.27      2.3836  1.32583  1.31843  1.31377  1.31511  1.32243
  4193.77      2.3845  1.32574  1.31834  1.31364  1.31506  1.32227
  4192.27      2.3853  1.32564  1.31824  1.31352  1.31502  1.32208
  4190.77      2.3862  1.32555  1.31815  1.31343  1.31497  1.32189
  4189.27      2.3870  1.32545  1.31806  1.31336  1.31488  1.32172
  4187.77      2.3879  1.32534  1.31796  1.31328  1.31478  1.32162
  4186.27      2.3888  1.32522  1.31786  1.31322  1.31466  1.32158
  4184.77      2.3896  1.32510  1.31775  1.31314  1.31455  1.32158
  4183.27      2.3905  1.32497  1.31764  1.31305  1.31444  1.32157
  4181.77      2.3913  1.32485  1.31754  1.31293  1.31435  1.32152
  4180.27      2.3922  1.32472  1.31744  1.31279  1.31426  1.32143
  4178.77      2.3930  1.32461  1.31734  1.31262  1.31415  1.32133
  4177.27      2.3939  1.32449  1.31723  1.31245  1.31402  1.32122
  4175.77      2.3948  1.32437  1.31712  1.31229  1.31389  1.32112
  4174.27      2.3956  1.32426  1.31701  1.31214  1.31373  1.32102
  4172.77      2.3965  1.32415  1.31690  1.31201  1.31356  1.32094
  4171.27      2.3973  1.32403  1.31680  1.31191  1.31341  1.32085
  4169.77      2.3982  1.32390  1.31669  1.31182  1.31329  1.32075
  4168.27      2.3991  1.32376  1.31658  1.31175  1.31321  1.32065
  4166.77      2.3999  1.32362  1.31647  1.31169  1.31313  1.32054
  4165.27      2.4008  1.32349  1.31636  1.31163  1.31306  1.32042
  4163.77      2.4017  1.32335  1.31627  1.31156  1.31298  1.32028
  4162.27      2.4025  1.32322  1.31617  1.31148  1.31290  1.32015
  4160.77      2.4034  1.32309  1.31606  1.31138  1.31280  1.32002
  4159.27      2.4043  1.32297  1.31595  1.31128  1.31269  1.31988
  4157.77      2.4051  1.32285  1.31584  1.31117  1.31258  1.31974
  4156.27      2.4060  1.32275  1.31573  1.31106  1.31245  1.31960
  4154.77      2.4069  1.32265  1.31561  1.31094  1.31230  1.31947
  4153.27      2.4077  1.32255  1.31550  1.31081  1.31217  1.31939
  4151.77      2.4086  1.32244  1.31538  1.31069  1.31205  1.31932
  4150.27      2.4095  1.32235  1.31526  1.31057  1.31193  1.31924
  4148.77      2.4104  1.32225  1.31514  1.31045  1.31181  1.31916
  4147.27      2.4112  1.32215  1.31501  1.31031  1.31165  1.31904
  4145.77      2.4121  1.32206  1.31489  1.31018  1.31147  1.31892
  4144.27      2.4130  1.32196  1.31476  1.31006  1.31129  1.31879
  4142.77      2.4138  1.32185  1.31463  1.30995  1.31115  1.31868
  4141.27      2.4147  1.32174  1.31449  1.30984  1.31107  1.31859
  4139.77      2.4156  1.32162  1.31436  1.30974  1.31105  1.31848
  4138.27      2.4165  1.32150  1.31422  1.30964  1.31104  1.31836
  4136.77      2.4173  1.32136  1.31408  1.30952  1.31102  1.31820
  4135.27      2.4182  1.32122  1.31395  1.30940  1.31095  1.31799
  4133.77      2.4191  1.32108  1.31382  1.30927  1.31084  1.31779
  4132.27      2.4200  1.32094  1.31369  1.30913  1.31070  1.31762
  4130.77      2.4209  1.32080  1.31356  1.30897  1.31056  1.31749
  4129.27      2.4217  1.32067  1.31345  1.30883  1.31042  1.31738
  4127.77      2.4226  1.32055  1.31334  1.30869  1.31028  1.31731
  4126.27      2.4235  1.32043  1.31323  1.30858  1.31015  1.31723
  4124.77      2.4244  1.32032  1.31312  1.30847  1.31002  1.31715
  4123.27      2.4253  1.32022  1.31303  1.30837  1.30988  1.31705
  4121.77      2.4261  1.32011  1.31292  1.30828  1.30973  1.31692
  4120.27      2.4270  1.32000  1.31282  1.30817  1.30958  1.31677
  4118.77      2.4279  1.31989  1.31271  1.30808  1.30943  1.31661
  4117.27      2.4288  1.31978  1.31259  1.30795  1.30928  1.31645
  4115.77      2.4297  1.31967  1.31248  1.30783  1.30915  1.31631
  4114.27      2.4306  1.31955  1.31237  1.30770  1.30903  1.31617
  4112.77      2.4315  1.31943  1.31226  1.30757  1.30895  1.31604
  4111.27      2.4323  1.31930  1.31214  1.30745  1.30890  1.31592
  4109.77      2.4332  1.31916  1.31201  1.30732  1.30885  1.31581
  4108.27      2.4341  1.31902  1.31189  1.30719  1.30878  1.31573
  4106.77      2.4350  1.31886  1.31176  1.30707  1.30863  1.31564
  4105.27      2.4359  1.31870  1.31164  1.30695  1.30844  1.31554
  4103.77      2.4368  1.31853  1.31152  1.30684  1.30822  1.31542
  4102.27      2.4377  1.31836  1.31138  1.30673  1.30803  1.31527
  4100.77      2.4386  1.31819  1.31125  1.30661  1.30790  1.31510
  4099.27      2.4395  1.31804  1.31112  1.30647  1.30784  1.31494
  4097.77      2.4404  1.31788  1.31101  1.30633  1.30782  1.31479
  4096.27      2.4412  1.31772  1.31089  1.30616  1.30775  1.31465
  4094.77      2.4421  1.31758  1.31078  1.30599  1.30761  1.31453
  4093.27      2.4430  1.31745  1.31065  1.30580  1.30742  1.31441
  4091.77      2.4439  1.31732  1.31053  1.30562  1.30722  1.31429
  4090.27      2.4448  1.31718  1.31040  1.30542  1.30708  1.31416
  4088.77      2.4457  1.31705  1.31029  1.30525  1.30699  1.31404
  4087.27      2.4466  1.31691  1.31017  1.30508  1.30693  1.31392
  4085.77      2.4475  1.31677  1.31003  1.30495  1.30687  1.31379
  4084.27      2.4484  1.31664  1.30990  1.30485  1.30675  1.31367
  4082.77      2.4493  1.31650  1.30977  1.30477  1.30659  1.31355
  4081.27      2.4502  1.31637  1.30964  1.30469  1.30639  1.31344
  4079.77      2.4511  1.31623  1.30951  1.30463  1.30619  1.31332
  4078.27      2.4520  1.31611  1.30939  1.30457  1.30601  1.31320
  4076.77      2.4529  1.31600  1.30926  1.30448  1.30585  1.31307
  4075.27      2.4538  1.31589  1.30914  1.30437  1.30571  1.31293
  4073.77      2.4547  1.31577  1.30902  1.30423  1.30560  1.31275
  4072.27      2.4556  1.31565  1.30890  1.30408  1.30551  1.31258
  4070.77      2.4565  1.31553  1.30878  1.30391  1.30541  1.31241
  4069.27      2.4574  1.31540  1.30866  1.30374  1.30532  1.31224
  4067.77      2.4584  1.31527  1.30853  1.30358  1.30521  1.31210
  4066.26      2.4593  1.31513  1.30840  1.30342  1.30506  1.31196
  4064.76      2.4602  1.31499  1.30826  1.30327  1.30490  1.31184
  4063.26      2.4611  1.31483  1.30811  1.30313  1.30473  1.31172
  4061.76      2.4620  1.31467  1.30796  1.30299  1.30457  1.31160
  4060.26      2.4629  1.31450  1.30781  1.30287  1.30443  1.31147
  4058.76      2.4638  1.31433  1.30765  1.30276  1.30432  1.31131
  4057.26      2.4647  1.31415  1.30750  1.30265  1.30420  1.31117
  4055.76      2.4656  1.31398  1.30734  1.30256  1.30404  1.31102
  4054.26      2.4665  1.31380  1.30719  1.30247  1.30387  1.31088
  4052.76      2.4675  1.31364  1.30705  1.30236  1.30368  1.31074
  4051.26      2.4684  1.31348  1.30691  1.30226  1.30350  1.31061
  4049.76      2.4693  1.31333  1.30677  1.30214  1.30330  1.31048
  4048.26      2.4702  1.31318  1.30665  1.30200  1.30311  1.31036
  4046.76      2.4711  1.31304  1.30652  1.30184  1.30293  1.31022
  4045.26      2.4720  1.31292  1.30640  1.30168  1.30276  1.31006
  4043.76      2.4729  1.31280  1.30628  1.30151  1.30261  1.30991
  4042.26      2.4739  1.31266  1.30615  1.30133  1.30247  1.30974
  4040.76      2.4748  1.31254  1.30602  1.30115  1.30237  1.30957
  4039.26      2.4757  1.31241  1.30589  1.30097  1.30228  1.30941
  4037.76      2.4766  1.31228  1.30575  1.30080  1.30219  1.30926
  4036.26      2.4775  1.31214  1.30560  1.30063  1.30209  1.30912
  4034.76      2.4785  1.31201  1.30545  1.30045  1.30198  1.30899
  4033.26      2.4794  1.31188  1.30530  1.30029  1.30184  1.30888
  4031.76      2.4803  1.31174  1.30515  1.30013  1.30167  1.30877
  4030.26      2.4812  1.31159  1.30500  1.29999  1.30149  1.30865
  4028.76      2.4822  1.31146  1.30485  1.29985  1.30129  1.30850
  4027.26      2.4831  1.31133  1.30470  1.29971  1.30112  1.30833
  4025.76      2.4840  1.31120  1.30455  1.29957  1.30096  1.30813
  4024.26      2.4849  1.31108  1.30441  1.29944  1.30083  1.30792
  4022.76      2.4859  1.31095  1.30426  1.29930  1.30070  1.30772
  4021.26      2.4868  1.31081  1.30412  1.29917  1.30055  1.30753
  4019.76      2.4877  1.31067  1.30396  1.29903  1.30038  1.30738
  4018.26      2.4886  1.31052  1.30380  1.29889  1.30019  1.30724
  4016.76      2.4896  1.31037  1.30364  1.29875  1.29999  1.30711
  4015.26      2.4905  1.31021  1.30347  1.29862  1.29982  1.30699
  4013.76      2.4914  1.31005  1.30331  1.29849  1.29967  1.30687
  4012.26      2.4924  1.30988  1.30315  1.29835  1.29952  1.30673
  4010.76      2.4933  1.30972  1.30298  1.29821  1.29938  1.30659
  4009.26      2.4942  1.30957  1.30280  1.29805  1.29921  1.30641
  4007.76      2.4952  1.30942  1.30264  1.29790  1.29902  1.30621
  4006.26      2.4961  1.30928  1.30248  1.29773  1.29885  1.30600
  4004.76      2.4970  1.30912  1.30231  1.29757  1.29870  1.30580
  4003.26      2.4980  1.30896  1.30215  1.29739  1.29856  1.30563
  4001.76      2.4989  1.30879  1.30198  1.29722  1.29844  1.30549
  4000.26      2.4998  1.30861  1.30180  1.29704  1.29832  1.30536
  3998.76      2.5008  1.30843  1.30162  1.29687  1.29818  1.30521
  3997.26      2.5017  1.30824  1.30143  1.29672  1.29803  1.30503
  3995.76      2.5027  1.30806  1.30125  1.29655  1.29790  1.30484
  3994.26      2.5036  1.30788  1.30107  1.29639  1.29779  1.30465
  3992.76      2.5045  1.30771  1.30090  1.29624  1.29768  1.30447
  3991.26      2.5055  1.30755  1.30073  1.29609  1.29754  1.30431
  3989.76      2.5064  1.30741  1.30058  1.29595  1.29736  1.30417
  3988.26      2.5074  1.30727  1.30044  1.29579  1.29711  1.30400
  3986.76      2.5083  1.30714  1.30030  1.29564  1.29684  1.30380
  3985.26      2.5092  1.30700  1.30016  1.29548  1.29659  1.30360
  3983.76      2.5102  1.30686  1.30001  1.29533  1.29640  1.30339
  3982.26      2.5111  1.30671  1.29985  1.29516  1.29627  1.30321
  3980.76      2.5121  1.30656  1.29968  1.29499  1.29620  1.30305
  3979.26      2.5130  1.30641  1.29951  1.29482  1.29612  1.30290
  3977.76      2.5140  1.30625  1.29934  1.29465  1.29599  1.30279
  3976.26      2.5149  1.30608  1.29915  1.29448  1.29580  1.30267
  3974.76      2.5159  1.30591  1.29896  1.29430  1.29558  1.30254
  3973.26      2.5168  1.30574  1.29878  1.29412  1.29535  1.30238
  3971.76      2.5178  1.30558  1.29858  1.29395  1.29515  1.30220
  3970.26      2.5187  1.30541  1.29839  1.29376  1.29497  1.30201
  3968.76      2.5197  1.30525  1.29822  1.29359  1.29480  1.30181
  3967.26      2.5206  1.30508  1.29804  1.29341  1.29463  1.30161
  3965.76      2.5216  1.30493  1.29786  1.29324  1.29444  1.30141
  3964.26      2.5225  1.30477  1.29768  1.29306  1.29422  1.30122
  3962.76      2.5235  1.30463  1.29750  1.29288  1.29402  1.30104
  3961.26      2.5245  1.30449  1.29731  1.29270  1.29384  1.30087
  3959.76      2.5254  1.30436  1.29713  1.29252  1.29368  1.30069
  3958.26      2.5264  1.30423  1.29694  1.29232  1.29353  1.30050
  3956.76      2.5273  1.30408  1.29674  1.29212  1.29337  1.30030
  3955.26      2.5283  1.30394  1.29653  1.29192  1.29319  1.30011
  3953.76      2.5292  1.30380  1.29630  1.29172  1.29295  1.29993
  3952.26      2.5302  1.30366  1.29607  1.29150  1.29266  1.29978
  3950.76      2.5312  1.30350  1.29584  1.29127  1.29236  1.29961
  3949.26      2.5321  1.30332  1.29561  1.29103  1.29209  1.29943
  3947.76      2.5331  1.30313  1.29540  1.29082  1.29186  1.29926
  3946.26      2.5340  1.30294  1.29520  1.29060  1.29167  1.29910
  3944.76      2.5350  1.30276  1.29500  1.29038  1.29150  1.29898
  3943.26      2.5360  1.30257  1.29481  1.29018  1.29132  1.29882
  3941.76      2.5369  1.30239  1.29463  1.28998  1.29116  1.29862
  3940.26      2.5379  1.30219  1.29445  1.28978  1.29102  1.29837
  3938.76      2.5389  1.30201  1.29427  1.28959  1.29089  1.29812
  3937.26      2.5398  1.30184  1.29408  1.28940  1.29074  1.29790
  3935.76      2.5408  1.30169  1.29386  1.28920  1.29053  1.29773
  3934.26      2.5418  1.30156  1.29362  1.28900  1.29027  1.29755
  3932.76      2.5427  1.30140  1.29336  1.28878  1.28998  1.29735
  3931.25      2.5437  1.30123  1.29311  1.28857  1.28971  1.29711
  3929.75      2.5447  1.30107  1.29286  1.28838  1.28949  1.29688
  3928.25      2.5457  1.30093  1.29261  1.28818  1.28931  1.29666
  3926.75      2.5466  1.30078  1.29234  1.28798  1.28913  1.29645
  3925.25      2.5476  1.30064  1.29209  1.28775  1.28891  1.29624
  3923.75      2.5486  1.30046  1.29186  1.28753  1.28866  1.29604
  3922.25      2.5496  1.30025  1.29165  1.28732  1.28841  1.29585
  3920.75      2.5505  1.30005  1.29146  1.28710  1.28816  1.29567
  3919.25      2.5515  1.29982  1.29127  1.28688  1.28795  1.29545
  3917.75      2.5525  1.29960  1.29108  1.28667  1.28773  1.29516
  3916.25      2.5535  1.29938  1.29086  1.28648  1.28753  1.29482
  3914.75      2.5544  1.29918  1.29062  1.28630  1.28735  1.29448
  3913.25      2.5554  1.29904  1.29035  1.28608  1.28719  1.29420
  3911.75      2.5564  1.29895  1.29003  1.28585  1.28702  1.29401
  3910.25      2.5574  1.29892  1.28967  1.28556  1.28682  1.29387
  3908.75      2.5584  1.29892  1.28928  1.28524  1.28658  1.29380
  3907.25      2.5593  1.29895  1.28888  1.28489  1.28627  1.29374
  3905.75      2.5603  1.29895  1.28847  1.28450  1.28588  1.29367
  3904.25      2.5613  1.29893  1.28808  1.28413  1.28544  1.29355
  3902.75      2.5623  1.29884  1.28773  1.28381  1.28498  1.29334
  3901.25      2.5633  1.29867  1.28743  1.28353  1.28461  1.29302
  3899.75      2.5643  1.29843  1.28719  1.28330  1.28437  1.29262
  3898.25      2.5653  1.29813  1.28700  1.28312  1.28428  1.29222
  3896.75      2.5662  1.29782  1.28683  1.28300  1.28423  1.29188
  3895.25      2.5672  1.29753  1.28666  1.28286  1.28410  1.29164
  3893.75      2.5682  1.29725  1.28647  1.28271  1.28387  1.29146
  3892.25      2.5692  1.29702  1.28627  1.28252  1.28357  1.29127
  3890.75      2.5702  1.29679  1.28605  1.28228  1.28327  1.29103
  3889.25      2.5712  1.29658  1.28583  1.28202  1.28304  1.29077
  3887.75      2.5722  1.29641  1.28558  1.28171  1.28284  1.29051
  3886.25      2.5732  1.29624  1.28530  1.28138  1.28261  1.29026
  3884.75      2.5742  1.29606  1.28501  1.28107  1.28233  1.29003
  3883.25      2.5752  1.29587  1.28474  1.28079  1.28202  1.28979
  3881.75      2.5762  1.29568  1.28446  1.28052  1.28173  1.28951
  3880.25      2.5772  1.29548  1.28418  1.28027  1.28149  1.28920
  3878.75      2.5781  1.29528  1.28390  1.28002  1.28132  1.28886
  3877.25      2.5791  1.29512  1.28361  1.27977  1.28115  1.28858
  3875.75      2.5801  1.29497  1.28328  1.27952  1.28090  1.28839
  3874.25      2.5811  1.29485  1.28294  1.27924  1.28054  1.28826
  3872.75      2.5821  1.29470  1.28260  1.27894  1.28011  1.28813
  3871.25      2.5831  1.29453  1.28226  1.27862  1.27970  1.28795
  3869.75      2.5841  1.29431  1.28196  1.27832  1.27938  1.28771
  3868.25      2.5851  1.29405  1.28169  1.27804  1.27916  1.28745
  3866.75      2.5862  1.29381  1.28141  1.27780  1.27897  1.28718
  3865.25      2.5872  1.29360  1.28111  1.27755  1.27876  1.28688
  3863.75      2.5882  1.29343  1.28078  1.27730  1.27850  1.28653
  3862.25      2.5892  1.29326  1.28048  1.27703  1.27824  1.28615
  3860.75      2.5902  1.29310  1.28016  1.27674  1.27803  1.28584
  3859.25      2.5912  1.29295  1.27985  1.27641  1.27781  1.28567
  3857.75      2.5922  1.29284  1.27952  1.27605  1.27748  1.28563
  3856.25      2.5932  1.29273  1.27917  1.27567  1.27699  1.28558
  3854.75      2.5942  1.29258  1.27882  1.27530  1.27640  1.28541
  3853.25      2.5952  1.29232  1.27853  1.27497  1.27589  1.28500
  3851.75      2.5962  1.29196  1.27829  1.27471  1.27561  1.28443
  3850.25      2.5972  1.29158  1.27808  1.27451  1.27560  1.28387
  3848.75      2.5982  1.29126  1.27786  1.27433  1.27566  1.28343
  3847.25      2.5993  1.29099  1.27760  1.27414  1.27566  1.28312
  3845.75      2.6003  1.29077  1.27732  1.27391  1.27546  1.28290
  3844.25      2.6013  1.29058  1.27702  1.27365  1.27508  1.28271
  3842.75      2.6023  1.29041  1.27671  1.27337  1.27462  1.28251
  3841.25      2.6033  1.29025  1.27639  1.27304  1.27416  1.28229
  3839.75      2.6043  1.29011  1.27605  1.27268  1.27374  1.28205
  3838.25      2.6054  1.28990  1.27572  1.27234  1.27337  1.28174
  3836.75      2.6064  1.28959  1.27541  1.27203  1.27306  1.28136
  3835.25      2.6074  1.28920  1.27515  1.27176  1.27283  1.28093
  3833.75      2.6084  1.28875  1.27490  1.27151  1.27267  1.28048
  3832.25      2.6094  1.28833  1.27465  1.27128  1.27254  1.28003
  3830.75      2.6105  1.28793  1.27438  1.27102  1.27238  1.27963
  3829.25      2.6115  1.28757  1.27411  1.27073  1.27214  1.27928
  3827.75      2.6125  1.28727  1.27381  1.27041  1.27183  1.27899
  3826.25      2.6135  1.28705  1.27347  1.27005  1.27146  1.27876
  3824.75      2.6146  1.28687  1.27310  1.26967  1.27104  1.27854
  3823.25      2.6156  1.28670  1.27272  1.26924  1.27057  1.27831
  3821.75      2.6166  1.28646  1.27234  1.26882  1.27008  1.27805
  3820.25      2.6176  1.28613  1.27201  1.26843  1.26963  1.27773
  3818.75      2.6187  1.28572  1.27172  1.26810  1.26927  1.27734
  3817.25      2.6197  1.28527  1.27143  1.26778  1.26900  1.27689
  3815.75      2.6207  1.28477  1.27115  1.26748  1.26878  1.27638
  3814.25      2.6217  1.28425  1.27087  1.26719  1.26859  1.27584
  3812.75      2.6228  1.28375  1.27059  1.26691  1.26838  1.27538
  3811.25      2.6238  1.28334  1.27026  1.26660  1.26808  1.27502
  3809.75      2.6248  1.28301  1.26988  1.26623  1.26767  1.27473
  3808.25      2.6259  1.28277  1.26946  1.26581  1.26716  1.27449
  3806.75      2.6269  1.28255  1.26900  1.26537  1.26662  1.27421
  3805.25      2.6280  1.28233  1.26854  1.26493  1.26613  1.27390
  3803.75      2.6290  1.28209  1.26810  1.26450  1.26570  1.27353
  3802.25      2.6300  1.28180  1.26768  1.26408  1.26529  1.27312
  3800.75      2.6311  1.28141  1.26728  1.26371  1.26489  1.27264
  3799.25      2.6321  1.28092  1.26693  1.26338  1.26454  1.27214
  3797.74      2.6331  1.28035  1.26664  1.26309  1.26420  1.27160
  3796.24      2.6342  1.27974  1.26637  1.26282  1.26393  1.27104
  3794.74      2.6352  1.27910  1.26613  1.26254  1.26370  1.27048
  3793.24      2.6363  1.27849  1.26587  1.26226  1.26346  1.26998
  3791.74      2.6373  1.27791  1.26559  1.26195  1.26319  1.26957
  3790.24      2.6384  1.27741  1.26528  1.26161  1.26288  1.26921
  3788.74      2.6394  1.27698  1.26493  1.26123  1.26251  1.26884
  3787.24      2.6404  1.27662  1.26454  1.26081  1.26208  1.26843
  3785.74      2.6415  1.27629  1.26412  1.26036  1.26163  1.26796
  3784.24      2.6425  1.27596  1.26368  1.25990  1.26118  1.26749
  3782.74      2.6436  1.27566  1.26322  1.25944  1.26069  1.26706
  3781.24      2.6446  1.27539  1.26272  1.25898  1.26020  1.26667
  3779.74      2.6457  1.27512  1.26222  1.25852  1.25969  1.26627
  3778.24      2.6467  1.27482  1.26174  1.25805  1.25919  1.26584
  3776.74      2.6478  1.27449  1.26124  1.25757  1.25876  1.26537
  3775.24      2.6488  1.27416  1.26073  1.25710  1.25837  1.26493
  3773.74      2.6499  1.27384  1.26021  1.25659  1.25799  1.26453
  3772.24      2.6509  1.27355  1.25967  1.25608  1.25755  1.26417
  3770.74      2.6520  1.27326  1.25912  1.25554  1.25703  1.26380
  3769.24      2.6531  1.27294  1.25855  1.25501  1.25645  1.26338
  3767.74      2.6541  1.27260  1.25801  1.25449  1.25592  1.26288
  3766.24      2.6552  1.27226  1.25744  1.25396  1.25545  1.26235
  3764.74      2.6562  1.27195  1.25685  1.25343  1.25503  1.26184
  3763.24      2.6573  1.27168  1.25624  1.25290  1.25461  1.26138
  3761.74      2.6583  1.27149  1.25559  1.25235  1.25413  1.26099
  3760.24      2.6594  1.27133  1.25490  1.25176  1.25355  1.26059
  3758.74      2.6605  1.27119  1.25422  1.25111  1.25292  1.26016
  3757.24      2.6615  1.27108  1.25351  1.25045  1.25230  1.25973
  3755.74      2.6626  1.27102  1.25277  1.24977  1.25170  1.25934
  3754.24      2.6637  1.27100  1.25199  1.24907  1.25110  1.25899
  3752.74      2.6647  1.27094  1.25122  1.24836  1.25047  1.25863
  3751.24      2.6658  1.27077  1.25048  1.24766  1.24982  1.25821
  3749.74      2.6669  1.27047  1.24981  1.24703  1.24918  1.25770
  3748.24      2.6679  1.27009  1.24917  1.24646  1.24856  1.25713
  3746.74      2.6690  1.26969  1.24854  1.24592  1.24797  1.25653
  3745.24      2.6701  1.26928  1.24791  1.24538  1.24743  1.25586
  3743.74      2.6711  1.26880  1.24731  1.24483  1.24696  1.25512
  3742.24      2.6722  1.26827  1.24675  1.24432  1.24660  1.25440
  3740.74      2.6733  1.26776  1.24621  1.24380  1.24624  1.25381
  3739.24      2.6743  1.26727  1.24567  1.24326  1.24577  1.25335
  3737.74      2.6754  1.26682  1.24510  1.24267  1.24510  1.25294
  3736.24      2.6765  1.26635  1.24449  1.24208  1.24428  1.25241
  3734.74      2.6776  1.26580  1.24391  1.24149  1.24349  1.25170
  3733.24      2.6786  1.26515  1.24335  1.24093  1.24288  1.25085
  3731.74      2.6797  1.26446  1.24282  1.24036  1.24242  1.24998
  3730.24      2.6808  1.26371  1.24226  1.23978  1.24198  1.24916
  3728.74      2.6819  1.26295  1.24168  1.23919  1.24145  1.24844
  3727.24      2.6830  1.26214  1.24107  1.23859  1.24077  1.24778
  3725.74      2.6840  1.26133  1.24045  1.23797  1.24001  1.24713
  3724.24      2.6851  1.26054  1.23981  1.23734  1.23928  1.24643
  3722.74      2.6862  1.25983  1.23911  1.23670  1.23860  1.24571
  3721.24      2.6873  1.25919  1.23837  1.23602  1.23798  1.24497
  3719.74      2.6884  1.25860  1.23758  1.23531  1.23737  1.24425
  3718.24      2.6894  1.25804  1.23675  1.23457  1.23669  1.24358
  3716.74      2.6905  1.25751  1.23590  1.23380  1.23591  1.24295
  3715.24      2.6916  1.25699  1.23504  1.23300  1.23503  1.24236
  3713.74      2.6927  1.25650  1.23415  1.23218  1.23408  1.24172
  3712.24      2.6938  1.25598  1.23325  1.23132  1.23314  1.24098
  3710.74      2.6949  1.25538  1.23237  1.23048  1.23229  1.24010
  3709.24      2.6960  1.25468  1.23151  1.22967  1.23155  1.23911
  3707.74      2.6971  1.25393  1.23067  1.22886  1.23089  1.23808
  3706.24      2.6982  1.25316  1.22980  1.22806  1.23025  1.23711
  3704.74      2.6992  1.25239  1.22892  1.22724  1.22955  1.23621
  3703.24      2.7003  1.25161  1.22800  1.22640  1.22876  1.23536
  3701.74      2.7014  1.25084  1.22705  1.22554  1.22791  1.23451
  3700.24      2.7025  1.25009  1.22606  1.22464  1.22704  1.23366
  3698.74      2.7036  1.24941  1.22501  1.22368  1.22618  1.23281
  3697.24      2.7047  1.24878  1.22392  1.22266  1.22531  1.23201
  3695.74      2.7058  1.24818  1.22277  1.22160  1.22437  1.23123
  3694.24      2.7069  1.24756  1.22161  1.22053  1.22332  1.23046
  3692.74      2.7080  1.24692  1.22043  1.21945  1.22217  1.22966
  3691.24      2.7091  1.24623  1.21925  1.21837  1.22098  1.22874
  3689.74      2.7102  1.24548  1.21809  1.21729  1.21987  1.22771
  3688.24      2.7113  1.24469  1.21694  1.21623  1.21886  1.22654
  3686.74      2.7124  1.24389  1.21578  1.21521  1.21794  1.22533
  3685.24      2.7135  1.24310  1.21462  1.21420  1.21707  1.22417
  3683.74      2.7146  1.24234  1.21343  1.21313  1.21615  1.22308
  3682.24      2.7157  1.24163  1.21221  1.21204  1.21516  1.22210
  3680.74      2.7168  1.24096  1.21097  1.21090  1.21408  1.22120
  3679.24      2.7180  1.24030  1.20970  1.20972  1.21290  1.22038
  3677.74      2.7191  1.23964  1.20841  1.20851  1.21168  1.21952
  3676.24      2.7202  1.23892  1.20714  1.20725  1.21042  1.21858
  3674.74      2.7213  1.23807  1.20591  1.20604  1.20918  1.21750
  3673.24      2.7224  1.23710  1.20473  1.20490  1.20798  1.21633
  3671.74      2.7235  1.23605  1.20362  1.20381  1.20680  1.21510
  3670.24      2.7246  1.23491  1.20255  1.20277  1.20564  1.21378
  3668.74      2.7257  1.23370  1.20153  1.20175  1.20452  1.21241
  3667.24      2.7268  1.23245  1.20057  1.20079  1.20345  1.21103
  3665.74      2.7280  1.23123  1.19963  1.19985  1.20243  1.20973
  3664.24      2.7291  1.23007  1.19870  1.19888  1.20144  1.20855
  3662.73      2.7302  1.22903  1.19775  1.19789  1.20044  1.20751
  3661.23      2.7313  1.22813  1.19676  1.19687  1.19943  1.20655
  3659.73      2.7324  1.22734  1.19571  1.19583  1.19839  1.20559
  3658.23      2.7336  1.22665  1.19463  1.19474  1.19734  1.20459
  3656.73      2.7347  1.22600  1.19355  1.19361  1.19629  1.20351
  3655.23      2.7358  1.22536  1.19249  1.19248  1.19523  1.20242
  3653.73      2.7369  1.22470  1.19147  1.19138  1.19414  1.20142
  3652.23      2.7380  1.22400  1.19049  1.19030  1.19300  1.20051
  3650.73      2.7392  1.22322  1.18957  1.18924  1.19183  1.19961
  3649.23      2.7403  1.22230  1.18875  1.18826  1.19072  1.19864
  3647.73      2.7414  1.22123  1.18807  1.18738  1.18977  1.19751
  3646.23      2.7426  1.22004  1.18751  1.18660  1.18900  1.19630
  3644.73      2.7437  1.21883  1.18704  1.18590  1.18834  1.19510
  3643.23      2.7448  1.21763  1.18662  1.18524  1.18769  1.19401
  3641.73      2.7459  1.21649  1.18622  1.18461  1.18696  1.19302
  3640.23      2.7471  1.21542  1.18584  1.18400  1.18619  1.19212
  3638.73      2.7482  1.21445  1.18546  1.18339  1.18541  1.19127
  3637.23      2.7493  1.21358  1.18509  1.18275  1.18465  1.19046
  3635.73      2.7505  1.21281  1.18472  1.18209  1.18390  1.18969
  3634.23      2.7516  1.21211  1.18432  1.18141  1.18313  1.18897
  3632.73      2.7527  1.21145  1.18392  1.18076  1.18232  1.18824
  3631.23      2.7539  1.21080  1.18353  1.18012  1.18149  1.18750
  3629.73      2.7550  1.21013  1.18316  1.17953  1.18067  1.18670
  3628.23      2.7562  1.20939  1.18285  1.17896  1.17994  1.18582
  3626.73      2.7573  1.20858  1.18260  1.17844  1.17936  1.18491
  3625.23      2.7584  1.20773  1.18240  1.17795  1.17886  1.18406
  3623.73      2.7596  1.20688  1.18223  1.17748  1.17839  1.18330
  3622.23      2.7607  1.20603  1.18209  1.17702  1.17789  1.18265
  3620.73      2.7619  1.20517  1.18196  1.17657  1.17736  1.18204
  3619.23      2.7630  1.20428  1.18185  1.17613  1.17684  1.18141
  3617.73      2.7642  1.20340  1.18179  1.17573  1.17635  1.18075
  3616.23      2.7653  1.20254  1.18174  1.17537  1.17590  1.18009
  3614.73      2.7665  1.20170  1.18171  1.17504  1.17548  1.17946
  3613.23      2.7676  1.20088  1.18171  1.17476  1.17506  1.17884
  3611.73      2.7688  1.20006  1.18172  1.17453  1.17464  1.17823
  3610.23      2.7699  1.19925  1.18177  1.17436  1.17423  1.17764
  3608.73      2.7711  1.19846  1.18187  1.17422  1.17382  1.17706
  3607.23      2.7722  1.19767  1.18202  1.17409  1.17344  1.17650
  3605.73      2.7734  1.19691  1.18220  1.17397  1.17309  1.17595
  3604.23      2.7745  1.19617  1.18239  1.17386  1.17278  1.17542
  3602.73      2.7757  1.19546  1.18260  1.17375  1.17251  1.17491
  3601.23      2.7768  1.19477  1.18283  1.17366  1.17230  1.17445
  3599.73      2.7780  1.19410  1.18306  1.17357  1.17214  1.17405
  3598.23      2.7791  1.19350  1.18329  1.17350  1.17200  1.17370
  3596.73      2.7803  1.19293  1.18352  1.17343  1.17185  1.17337
  3595.23      2.7815  1.19239  1.18373  1.17337  1.17168  1.17303
  3593.73      2.7826  1.19187  1.18397  1.17333  1.17151  1.17270
  3592.23      2.7838  1.19135  1.18421  1.17330  1.17134  1.17237
  3590.73      2.7849  1.19086  1.18447  1.17329  1.17119  1.17211
  3589.23      2.7861  1.19036  1.18473  1.17329  1.17105  1.17190
  3587.73      2.7873  1.18984  1.18502  1.17333  1.17090  1.17169
  3586.23      2.7884  1.18928  1.18535  1.17342  1.17080  1.17144
  3584.73      2.7896  1.18868  1.18573  1.17355  1.17079  1.17116
  3583.23      2.7908  1.18809  1.18614  1.17371  1.17086  1.17086
  3581.73      2.7919  1.18751  1.18657  1.17389  1.17095  1.17060
  3580.23      2.7931  1.18695  1.18699  1.17410  1.17105  1.17037
  3578.73      2.7943  1.18644  1.18741  1.17430  1.17110  1.17017
  3577.23      2.7955  1.18597  1.18783  1.17449  1.17116  1.17000
  3575.73      2.7966  1.18558  1.18825  1.17464  1.17125  1.16982
  3574.23      2.7978  1.18524  1.18865  1.17478  1.17137  1.16968
  3572.73      2.7990  1.18495  1.18905  1.17491  1.17152  1.16958
  3571.23      2.8002  1.18471  1.18942  1.17505  1.17164  1.16958
  3569.73      2.8013  1.18451  1.18980  1.17521  1.17173  1.16965
  3568.23      2.8025  1.18432  1.19019  1.17537  1.17177  1.16974
  3566.73      2.8037  1.18412  1.19062  1.17560  1.17183  1.16982
  3565.23      2.8049  1.18388  1.19110  1.17588  1.17193  1.16985
  3563.73      2.8061  1.18362  1.19161  1.17623  1.17208  1.16984
  3562.23      2.8072  1.18335  1.19215  1.17662  1.17231  1.16982
  3560.73      2.8084  1.18308  1.19271  1.17705  1.17259  1.16981
  3559.23      2.8096  1.18281  1.19329  1.17751  1.17293  1.16984
  3557.73      2.8108  1.18254  1.19389  1.17800  1.17329  1.16995
  3556.23      2.8120  1.18230  1.19448  1.17849  1.17364  1.17013
  3554.73      2.8132  1.18208  1.19507  1.17895  1.17395  1.17036
  3553.23      2.8143  1.18189  1.19566  1.17939  1.17419  1.17060
  3551.73      2.8155  1.18173  1.19624  1.17981  1.17441  1.17083
  3550.23      2.8167  1.18159  1.19683  1.18023  1.17462  1.17105
  3548.73      2.8179  1.18148  1.19743  1.18065  1.17485  1.17127
  3547.23      2.8191  1.18139  1.19805  1.18108  1.17517  1.17152
  3545.73      2.8203  1.18131  1.19868  1.18153  1.17556  1.17180
  3544.23      2.8215  1.18123  1.19936  1.18203  1.17606  1.17209
  3542.73      2.8227  1.18117  1.20006  1.18256  1.17662  1.17239
  3541.23      2.8239  1.18115  1.20078  1.18315  1.17719  1.17268
  3539.73      2.8251  1.18114  1.20151  1.18375  1.17778  1.17297
  3538.23      2.8263  1.18117  1.20224  1.18438  1.17836  1.17326
  3536.73      2.8275  1.18123  1.20297  1.18502  1.17894  1.17358
  3535.23      2.8287  1.18129  1.20371  1.18566  1.17949  1.17392
  3533.73      2.8299  1.18139  1.20444  1.18630  1.18003  1.17432
  3532.23      2.8311  1.18151  1.20517  1.18693  1.18055  1.17477
  3530.73      2.8323  1.18166  1.20589  1.18755  1.18108  1.17528
  3529.23      2.8335  1.18182  1.20662  1.18817  1.18162  1.17579
  3527.72      2.8347  1.18199  1.20736  1.18881  1.18220  1.17632
  3526.22      2.8359  1.18217  1.20813  1.18945  1.18277  1.17687
  3524.72      2.8371  1.18235  1.20891  1.19009  1.18334  1.17743
  3523.22      2.8383  1.18254  1.20973  1.19076  1.18390  1.17800
  3521.72      2.8395  1.18272  1.21056  1.19145  1.18449  1.17857
  3520.22      2.8407  1.18293  1.21141  1.19216  1.18515  1.17912
  3518.72      2.8419  1.18314  1.21227  1.19289  1.18588  1.17966
  3517.22      2.8432  1.18336  1.21314  1.19364  1.18666  1.18021
  3515.72      2.8444  1.18359  1.21401  1.19440  1.18745  1.18078
  3514.22      2.8456  1.18385  1.21489  1.19519  1.18820  1.18140
  3512.72      2.8468  1.18413  1.21575  1.19601  1.18892  1.18204
  3511.22      2.8480  1.18445  1.21661  1.19683  1.18962  1.18271
  3509.72      2.8492  1.18479  1.21748  1.19766  1.19036  1.18340
  3508.22      2.8504  1.18514  1.21835  1.19850  1.19115  1.18413
  3506.72      2.8517  1.18551  1.21925  1.19934  1.19198  1.18491
  3505.22      2.8529  1.18589  1.22015  1.20019  1.19279  1.18574
  3503.72      2.8541  1.18630  1.22108  1.20105  1.19357  1.18657
  3502.22      2.8553  1.18673  1.22202  1.20190  1.19433  1.18738
  3500.72      2.8566  1.18716  1.22300  1.20277  1.19509  1.18816
  3499.22      2.8578  1.18759  1.22400  1.20366  1.19588  1.18893
  3497.72      2.8590  1.18804  1.22500  1.20458  1.19672  1.18970
  3496.22      2.8602  1.18850  1.22601  1.20552  1.19760  1.19050
  3494.72      2.8615  1.18896  1.22703  1.20648  1.19856  1.19133
  3493.22      2.8627  1.18946  1.22806  1.20746  1.19958  1.19218
  3491.72      2.8639  1.18995  1.22910  1.20847  1.20061  1.19303
  3490.22      2.8651  1.19046  1.23014  1.20947  1.20164  1.19392
  3488.72      2.8664  1.19099  1.23118  1.21048  1.20266  1.19481
  3487.22      2.8676  1.19153  1.23224  1.21149  1.20365  1.19572
  3485.72      2.8688  1.19211  1.23328  1.21251  1.20461  1.19665
  3484.22      2.8701  1.19270  1.23434  1.21351  1.20554  1.19760
  3482.72      2.8713  1.19333  1.23541  1.21453  1.20645  1.19859
  3481.22      2.8726  1.19396  1.23648  1.21554  1.20738  1.19960
  3479.72      2.8738  1.19461  1.23756  1.21658  1.20833  1.20063
  3478.22      2.8750  1.19527  1.23866  1.21763  1.20934  1.20166
  3476.72      2.8763  1.19596  1.23975  1.21870  1.21039  1.20269
  3475.22      2.8775  1.19666  1.24085  1.21979  1.21149  1.20372
  3473.72      2.8788  1.19738  1.24196  1.22090  1.21263  1.20475
  3472.22      2.8800  1.19811  1.24308  1.22203  1.21384  1.20578
  3470.72      2.8812  1.19885  1.24420  1.22316  1.21507  1.20687
  3469.22      2.8825  1.19960  1.24534  1.22431  1.21629  1.20798
  3467.72      2.8837  1.20038  1.24647  1.22546  1.21745  1.20911
  3466.22      2.8850  1.20118  1.24762  1.22660  1.21856  1.21025
  3464.72      2.8862  1.20197  1.24876  1.22775  1.21963  1.21137
  3463.22      2.8875  1.20276  1.24991  1.22889  1.22072  1.21249
  3461.72      2.8887  1.20357  1.25107  1.23004  1.22183  1.21361
  3460.22      2.8900  1.20437  1.25222  1.23118  1.22297  1.21473
  3458.72      2.8912  1.20518  1.25338  1.23233  1.22411  1.21584
  3457.22      2.8925  1.20600  1.25451  1.23348  1.22527  1.21696
  3455.72      2.8938  1.20683  1.25565  1.23463  1.22643  1.21811
  3454.22      2.8950  1.20769  1.25678  1.23578  1.22762  1.21929
  3452.72      2.8963  1.20855  1.25790  1.23694  1.22883  1.22049
  3451.22      2.8975  1.20944  1.25903  1.23811  1.23004  1.22171
  3449.72      2.8988  1.21035  1.26015  1.23928  1.23123  1.22293
  3448.22      2.9000  1.21128  1.26129  1.24046  1.23241  1.22415
  3446.72      2.9013  1.21222  1.26244  1.24166  1.23359  1.22535
  3445.22      2.9026  1.21318  1.26361  1.24288  1.23479  1.22654
  3443.72      2.9038  1.21413  1.26481  1.24412  1.23602  1.22774
  3442.22      2.9051  1.21508  1.26602  1.24537  1.23727  1.22898
  3440.72      2.9064  1.21605  1.26726  1.24664  1.23854  1.23027
  3439.22      2.9076  1.21702  1.26851  1.24794  1.23983  1.23160
  3437.72      2.9089  1.21802  1.26978  1.24924  1.24114  1.23296
  3436.22      2.9102  1.21901  1.27105  1.25055  1.24247  1.23431
  3434.72      2.9114  1.22002  1.27231  1.25186  1.24382  1.23566
  3433.22      2.9127  1.22103  1.27357  1.25316  1.24517  1.23699
  3431.72      2.9140  1.22206  1.27482  1.25446  1.24652  1.23833
  3430.22      2.9153  1.22310  1.27604  1.25576  1.24786  1.23969
  3428.72      2.9165  1.22415  1.27726  1.25704  1.24918  1.24106
  3427.22      2.9178  1.22521  1.27846  1.25832  1.25046  1.24242
  3425.72      2.9191  1.22627  1.27965  1.25958  1.25170  1.24379
  3424.22      2.9204  1.22734  1.28085  1.26086  1.25291  1.24516
  3422.72      2.9217  1.22841  1.28205  1.26213  1.25414  1.24654
  3421.22      2.9229  1.22949  1.28325  1.26343  1.25541  1.24795
  3419.72      2.9242  1.23058  1.28446  1.26472  1.25674  1.24935
  3418.22      2.9255  1.23167  1.28569  1.26603  1.25813  1.25076
  3416.72      2.9268  1.23277  1.28693  1.26735  1.25956  1.25217
  3415.22      2.9281  1.23386  1.28817  1.26868  1.26098  1.25360
  3413.72      2.9294  1.23496  1.28942  1.27002  1.26237  1.25505
  3412.22      2.9306  1.23607  1.29067  1.27136  1.26374  1.25651
  3410.72      2.9319  1.23719  1.29191  1.27269  1.26509  1.25795
  3409.22      2.9332  1.23831  1.29317  1.27402  1.26644  1.25938
  3407.72      2.9345  1.23945  1.29440  1.27535  1.26778  1.26078
  3406.22      2.9358  1.24058  1.29564  1.27666  1.26916  1.26219
  3404.72      2.9371  1.24175  1.29686  1.27799  1.27059  1.26362
  3403.22      2.9384  1.24291  1.29808  1.27932  1.27204  1.26510
  3401.72      2.9397  1.24409  1.29930  1.28066  1.27351  1.26661
  3400.22      2.9410  1.24528  1.30052  1.28199  1.27493  1.26813
  3398.72      2.9423  1.24648  1.30172  1.28332  1.27630  1.26961
  3397.22      2.9436  1.24767  1.30289  1.28465  1.27764  1.27107
  3395.72      2.9449  1.24887  1.30406  1.28597  1.27898  1.27254
  3394.21      2.9462  1.25008  1.30521  1.28728  1.28034  1.27402
  3392.71      2.9475  1.25128  1.30637  1.28857  1.28174  1.27551
  3391.21      2.9488  1.25247  1.30749  1.28984  1.28315  1.27701
  3389.71      2.9501  1.25367  1.30861  1.29109  1.28453  1.27845
  3388.21      2.9514  1.25486  1.30971  1.29233  1.28586  1.27985
  3386.71      2.9527  1.25604  1.31081  1.29355  1.28714  1.28123
  3385.21      2.9540  1.25723  1.31190  1.29477  1.28838  1.28260
  3383.71      2.9553  1.25840  1.31298  1.29598  1.28962  1.28400
  3382.21      2.9566  1.25960  1.31407  1.29718  1.29086  1.28541
  3380.71      2.9580  1.26078  1.31515  1.29839  1.29214  1.28680
  3379.21      2.9593  1.26198  1.31623  1.29960  1.29343  1.28818
  3377.71      2.9606  1.26317  1.31731  1.30081  1.29472  1.28955
  3376.21      2.9619  1.26437  1.31838  1.30203  1.29601  1.29092
  3374.71      2.9632  1.26556  1.31944  1.30323  1.29729  1.29231
  3373.21      2.9645  1.26674  1.32049  1.30443  1.29857  1.29373
  3371.71      2.9659  1.26793  1.32153  1.30562  1.29986  1.29517
  3370.21      2.9672  1.26911  1.32255  1.30679  1.30116  1.29663
  3368.71      2.9685  1.27028  1.32355  1.30794  1.30245  1.29805
  3367.21      2.9698  1.27143  1.32451  1.30906  1.30368  1.29943
  3365.71      2.9711  1.27258  1.32546  1.31017  1.30487  1.30074
  3364.21      2.9725  1.27373  1.32637  1.31123  1.30602  1.30200
  3362.71      2.9738  1.27486  1.32727  1.31229  1.30716  1.30323
  3361.21      2.9751  1.27600  1.32817  1.31333  1.30831  1.30446
  3359.71      2.9764  1.27713  1.32904  1.31436  1.30944  1.30568
  3358.21      2.9778  1.27826  1.32990  1.31539  1.31054  1.30690
  3356.71      2.9791  1.27938  1.33075  1.31641  1.31159  1.30813
  3355.21      2.9804  1.28050  1.33159  1.31742  1.31262  1.30936
  3353.71      2.9818  1.28162  1.33242  1.31843  1.31367  1.31061
  3352.21      2.9831  1.28272  1.33325  1.31943  1.31474  1.31187
  3350.71      2.9844  1.28380  1.33406  1.32041  1.31585  1.31310
  3349.21      2.9858  1.28488  1.33487  1.32137  1.31694  1.31428
  3347.71      2.9871  1.28593  1.33566  1.32231  1.31800  1.31542
  3346.21      2.9885  1.28697  1.33642  1.32323  1.31901  1.31655
  3344.71      2.9898  1.28798  1.33718  1.32415  1.31999  1.31767
  3343.21      2.9911  1.28899  1.33794  1.32505  1.32099  1.31880
  3341.71      2.9925  1.28999  1.33867  1.32594  1.32199  1.31993
  3340.21      2.9938  1.29097  1.33938  1.32680  1.32297  1.32105
  3338.71      2.9952  1.29194  1.34008  1.32765  1.32391  1.32215
  3337.21      2.9965  1.29289  1.34076  1.32848  1.32480  1.32321
  3335.71      2.9979  1.29385  1.34144  1.32929  1.32565  1.32422
  3334.21      2.9992  1.29479  1.34211  1.33009  1.32646  1.32519
  3332.71      3.0006  1.29573  1.34276  1.33088  1.32730  1.32614
  3331.21      3.0019  1.29667  1.34340  1.33165  1.32813  1.32711
  3329.71      3.0033  1.29759  1.34403  1.33243  1.32897  1.32809
  3328.21      3.0046  1.29852  1.34465  1.33320  1.32981  1.32909
  3326.71      3.0060  1.29943  1.34527  1.33396  1.33065  1.33008
  3325.21      3.0073  1.30033  1.34589  1.33471  1.33148  1.33105
  3323.71      3.0087  1.30121  1.34648  1.33545  1.33230  1.33197
  3322.21      3.0100  1.30207  1.34706  1.33618  1.33311  1.33285
  3320.71      3.0114  1.30292  1.34763  1.33689  1.33392  1.33371
  3319.21      3.0128  1.30375  1.34821  1.33760  1.33474  1.33455
  3317.71      3.0141  1.30458  1.34877  1.33830  1.33555  1.33542
  3316.21      3.0155  1.30542  1.34934  1.33901  1.33636  1.33632
  3314.71      3.0169  1.30625  1.34990  1.33972  1.33714  1.33723
  3313.21      3.0182  1.30709  1.35047  1.34044  1.33791  1.33817
  3311.71      3.0196  1.30793  1.35103  1.34116  1.33869  1.33913
  3310.21      3.0210  1.30878  1.35159  1.34190  1.33952  1.34012
  3308.71      3.0223  1.30963  1.35216  1.34262  1.34038  1.34111
  3307.21      3.0237  1.31048  1.35273  1.34332  1.34123  1.34209
  3305.71      3.0251  1.31131  1.35327  1.34401  1.34205  1.34301
  3304.21      3.0264  1.31212  1.35382  1.34468  1.34280  1.34387
  3302.71      3.0278  1.31290  1.35435  1.34533  1.34351  1.34468
  3301.21      3.0292  1.31366  1.35487  1.34596  1.34419  1.34544
  3299.71      3.0306  1.31442  1.35539  1.34659  1.34488  1.34623
  3298.21      3.0319  1.31517  1.35590  1.34723  1.34557  1.34705
  3296.71      3.0333  1.31591  1.35642  1.34787  1.34629  1.34792
  3295.21      3.0347  1.31663  1.35692  1.34852  1.34701  1.34880
  3293.71      3.0361  1.31735  1.35741  1.34916  1.34772  1.34966
  3292.21      3.0375  1.31807  1.35791  1.34980  1.34841  1.35050
  3290.71      3.0389  1.31878  1.35841  1.35043  1.34907  1.35128
  3289.21      3.0402  1.31948  1.35889  1.35105  1.34971  1.35203
  3287.71      3.0416  1.32017  1.35937  1.35164  1.35036  1.35276
  3286.21      3.0430  1.32085  1.35984  1.35222  1.35102  1.35352
  3284.71      3.0444  1.32154  1.36031  1.35280  1.35170  1.35428
  3283.21      3.0458  1.32223  1.36078  1.35339  1.35237  1.35506
  3281.71      3.0472  1.32293  1.36126  1.35398  1.35303  1.35585
  3280.21      3.0486  1.32363  1.36174  1.35460  1.35367  1.35666
  3278.71      3.0500  1.32434  1.36222  1.35522  1.35433  1.35748
  3277.21      3.0514  1.32507  1.36271  1.35587  1.35502  1.35832
  3275.71      3.0528  1.32579  1.36321  1.35652  1.35576  1.35917
  3274.21      3.0542  1.32651  1.36372  1.35717  1.35653  1.36004
  3272.71      3.0556  1.32721  1.36421  1.35781  1.35731  1.36090
  3271.21      3.0570  1.32790  1.36472  1.35844  1.35805  1.36173
  3269.71      3.0584  1.32858  1.36522  1.35905  1.35874  1.36251
  3268.21      3.0598  1.32923  1.36570  1.35964  1.35936  1.36324
  3266.71      3.0612  1.32989  1.36618  1.36022  1.35995  1.36393
  3265.21      3.0626  1.33054  1.36665  1.36079  1.36054  1.36463
  3263.71      3.0640  1.33119  1.36713  1.36137  1.36116  1.36535
  3262.21      3.0654  1.33184  1.36761  1.36194  1.36185  1.36612
  3260.71      3.0668  1.33251  1.36809  1.36253  1.36256  1.36691
  3259.20      3.0682  1.33317  1.36858  1.36311  1.36329  1.36773
  3257.70      3.0696  1.33384  1.36907  1.36371  1.36401  1.36855
  3256.20      3.0711  1.33452  1.36958  1.36431  1.36471  1.36935
  3254.70      3.0725  1.33520  1.37008  1.36492  1.36538  1.37013
  3253.20      3.0739  1.33587  1.37060  1.36551  1.36604  1.37089
  3251.70      3.0753  1.33654  1.37111  1.36612  1.36671  1.37167
  3250.20      3.0767  1.33720  1.37161  1.36673  1.36742  1.37245
  3248.70      3.0782  1.33787  1.37212  1.36733  1.36813  1.37326
  3247.20      3.0796  1.33854  1.37262  1.36794  1.36884  1.37407
  3245.70      3.0810  1.33919  1.37311  1.36853  1.36951  1.37486
  3244.20      3.0824  1.33985  1.37359  1.36912  1.37013  1.37561
  3242.70      3.0838  1.34049  1.37408  1.36972  1.37073  1.37632
  3241.20      3.0853  1.34114  1.37457  1.37032  1.37134  1.37702
  3239.70      3.0867  1.34179  1.37506  1.37092  1.37197  1.37774
  3238.20      3.0881  1.34244  1.37555  1.37153  1.37264  1.37849
  3236.70      3.0896  1.34308  1.37604  1.37213  1.37335  1.37927
  3235.20      3.0910  1.34370  1.37653  1.37272  1.37407  1.38009
  3233.70      3.0924  1.34433  1.37702  1.37331  1.37477  1.38090
  3232.20      3.0939  1.34494  1.37750  1.37389  1.37542  1.38168
  3230.70      3.0953  1.34554  1.37798  1.37446  1.37601  1.38240
  3229.20      3.0967  1.34614  1.37846  1.37501  1.37659  1.38308
  3227.70      3.0982  1.34671  1.37893  1.37555  1.37716  1.38375
  3226.20      3.0996  1.34729  1.37939  1.37609  1.37776  1.38442
  3224.70      3.1011  1.34787  1.37985  1.37664  1.37839  1.38510
  3223.20      3.1025  1.34844  1.38030  1.37716  1.37900  1.38578
  3221.70      3.1039  1.34902  1.38074  1.37769  1.37960  1.38647
  3220.20      3.1054  1.34959  1.38117  1.37822  1.38017  1.38715
  3218.70      3.1068  1.35017  1.38159  1.37874  1.38072  1.38782
  3217.20      3.1083  1.35073  1.38201  1.37926  1.38125  1.38849
  3215.70      3.1097  1.35130  1.38243  1.37976  1.38178  1.38914
  3214.20      3.1112  1.35185  1.38283  1.38026  1.38231  1.38978
  3212.70      3.1126  1.35239  1.38323  1.38076  1.38287  1.39042
  3211.20      3.1141  1.35290  1.38363  1.38126  1.38342  1.39106
  3209.70      3.1156  1.35341  1.38401  1.38174  1.38397  1.39168
  3208.20      3.1170  1.35389  1.38440  1.38222  1.38451  1.39228
  3206.70      3.1185  1.35436  1.38477  1.38268  1.38504  1.39285
  3205.20      3.1199  1.35482  1.38514  1.38314  1.38557  1.39341
  3203.70      3.1214  1.35528  1.38551  1.38359  1.38609  1.39397
  3202.20      3.1229  1.35572  1.38587  1.38404  1.38659  1.39454
  3200.70      3.1243  1.35616  1.38621  1.38447  1.38705  1.39513
  3199.20      3.1258  1.35660  1.38656  1.38490  1.38747  1.39570
  3197.70      3.1272  1.35704  1.38690  1.38532  1.38790  1.39626
  3196.20      3.1287  1.35746  1.38723  1.38573  1.38833  1.39680
  3194.70      3.1302  1.35789  1.38757  1.38613  1.38882  1.39731
  3193.20      3.1317  1.35830  1.38789  1.38652  1.38931  1.39782
  3191.70      3.1331  1.35870  1.38820  1.38690  1.38981  1.39835
  3190.20      3.1346  1.35910  1.38850  1.38726  1.39028  1.39886
  3188.70      3.1361  1.35948  1.38880  1.38761  1.39070  1.39934
  3187.20      3.1376  1.35986  1.38908  1.38795  1.39108  1.39979
  3185.70      3.1390  1.36022  1.38935  1.38828  1.39144  1.40022
  3184.20      3.1405  1.36059  1.38962  1.38860  1.39180  1.40066
  3182.70      3.1420  1.36095  1.38987  1.38893  1.39216  1.40110
  3181.20      3.1435  1.36130  1.39011  1.38924  1.39253  1.40155
  3179.70      3.1450  1.36165  1.39035  1.38954  1.39287  1.40199
  3178.20      3.1464  1.36200  1.39060  1.38985  1.39318  1.40242
  3176.70      3.1479  1.36234  1.39083  1.39014  1.39348  1.40281
  3175.20      3.1494  1.36266  1.39106  1.39044  1.39377  1.40319
  3173.70      3.1509  1.36297  1.39128  1.39073  1.39407  1.40354
  3172.20      3.1524  1.36326  1.39150  1.39101  1.39438  1.40389
  3170.70      3.1539  1.36354  1.39172  1.39129  1.39468  1.40421
  3169.20      3.1554  1.36381  1.39192  1.39156  1.39497  1.40454
  3167.70      3.1569  1.36407  1.39211  1.39181  1.39525  1.40487
  3166.20      3.1584  1.36432  1.39229  1.39206  1.39551  1.40520
  3164.70      3.1599  1.36457  1.39247  1.39229  1.39578  1.40555
  3163.20      3.1614  1.36482  1.39264  1.39251  1.39605  1.40591
  3161.70      3.1629  1.36508  1.39281  1.39272  1.39632  1.40626
  3160.20      3.1644  1.36534  1.39296  1.39292  1.39657  1.40658
  3158.70      3.1659  1.36560  1.39313  1.39312  1.39683  1.40688
  3157.20      3.1674  1.36586  1.39329  1.39332  1.39710  1.40719
  3155.70      3.1689  1.36612  1.39344  1.39352  1.39738  1.40751
  3154.20      3.1704  1.36637  1.39359  1.39371  1.39767  1.40785
  3152.70      3.1719  1.36660  1.39373  1.39389  1.39792  1.40816
  3151.20      3.1734  1.36682  1.39387  1.39406  1.39813  1.40842
  3149.70      3.1749  1.36703  1.39399  1.39421  1.39829  1.40858
  3148.20      3.1764  1.36721  1.39411  1.39436  1.39842  1.40872
  3146.70      3.1779  1.36740  1.39420  1.39450  1.39854  1.40887
  3145.20      3.1795  1.36758  1.39429  1.39462  1.39865  1.40904
  3143.70      3.1810  1.36775  1.39437  1.39475  1.39880  1.40926
  3142.20      3.1825  1.36792  1.39444  1.39484  1.39895  1.40951
  3140.70      3.1840  1.36809  1.39450  1.39495  1.39912  1.40975
  3139.20      3.1855  1.36826  1.39455  1.39505  1.39927  1.40997
  3137.70      3.1871  1.36842  1.39460  1.39514  1.39939  1.41014
  3136.20      3.1886  1.36858  1.39463  1.39522  1.39948  1.41027
  3134.70      3.1901  1.36873  1.39465  1.39529  1.39955  1.41036
  3133.20      3.1916  1.36887  1.39469  1.39535  1.39962  1.41046
  3131.70      3.1932  1.36901  1.39473  1.39542  1.39972  1.41057
  3130.20      3.1947  1.36915  1.39477  1.39549  1.39982  1.41068
  3128.70      3.1962  1.36929  1.39482  1.39557  1.39991  1.41078
  3127.20      3.1978  1.36943  1.39486  1.39565  1.40000  1.41088
  3125.69      3.1993  1.36957  1.39492  1.39574  1.40009  1.41098
  3124.19      3.2008  1.36972  1.39499  1.39585  1.40022  1.41113
  3122.69      3.2024  1.36986  1.39507  1.39596  1.40038  1.41132
  3121.19      3.2039  1.37001  1.39514  1.39607  1.40056  1.41156
  3119.69      3.2054  1.37014  1.39520  1.39617  1.40073  1.41181
  3118.19      3.2070  1.37027  1.39524  1.39626  1.40086  1.41202
  3116.69      3.2085  1.37037  1.39529  1.39632  1.40092  1.41217
  3115.19      3.2101  1.37047  1.39531  1.39638  1.40091  1.41223
  3113.69      3.2116  1.37054  1.39531  1.39640  1.40088  1.41224
  3112.19      3.2132  1.37061  1.39531  1.39643  1.40085  1.41224
  3110.69      3.2147  1.37067  1.39529  1.39644  1.40086  1.41224
  3109.19      3.2163  1.37073  1.39528  1.39644  1.40089  1.41224
  3107.69      3.2178  1.37079  1.39525  1.39645  1.40092  1.41222
  3106.19      3.2194  1.37084  1.39521  1.39645  1.40092  1.41221
  3104.69      3.2209  1.37088  1.39518  1.39645  1.40088  1.41219
  3103.19      3.2225  1.37093  1.39516  1.39645  1.40084  1.41219
  3101.69      3.2240  1.37098  1.39514  1.39644  1.40081  1.41220
  3100.19      3.2256  1.37102  1.39512  1.39644  1.40080  1.41223
  3098.69      3.2272  1.37106  1.39510  1.39643  1.40078  1.41223
  3097.19      3.2287  1.37110  1.39508  1.39641  1.40075  1.41221
  3095.69      3.2303  1.37114  1.39507  1.39640  1.40072  1.41221
  3094.19      3.2319  1.37118  1.39507  1.39640  1.40070  1.41223
  3092.69      3.2334  1.37123  1.39507  1.39640  1.40072  1.41227
  3091.19      3.2350  1.37128  1.39508  1.39642  1.40076  1.41233
  3089.69      3.2366  1.37133  1.39509  1.39642  1.40082  1.41239
  3088.19      3.2381  1.37140  1.39511  1.39643  1.40089  1.41246
  3086.69      3.2397  1.37145  1.39511  1.39644  1.40096  1.41252
  3085.19      3.2413  1.37151  1.39513  1.39644  1.40102  1.41258
  3083.69      3.2429  1.37155  1.39514  1.39644  1.40108  1.41264
  3082.19      3.2444  1.37158  1.39514  1.39641  1.40111  1.41268
  3080.69      3.2460  1.37160  1.39512  1.39636  1.40112  1.41270
  3079.19      3.2476  1.37161  1.39509  1.39630  1.40107  1.41266
  3077.69      3.2492  1.37160  1.39506  1.39625  1.40099  1.41256
  3076.19      3.2508  1.37159  1.39501  1.39617  1.40087  1.41240
  3074.69      3.2524  1.37156  1.39494  1.39610  1.40075  1.41223
  3073.19      3.2539  1.37155  1.39488  1.39604  1.40063  1.41209
  3071.69      3.2555  1.37153  1.39480  1.39598  1.40055  1.41202
  3070.19      3.2571  1.37151  1.39472  1.39592  1.40051  1.41200
  3068.69      3.2587  1.37151  1.39464  1.39584  1.40048  1.41202
  3067.19      3.2603  1.37151  1.39455  1.39577  1.40042  1.41203
  3065.69      3.2619  1.37150  1.39447  1.39569  1.40032  1.41199
  3064.19      3.2635  1.37148  1.39439  1.39560  1.40018  1.41188
  3062.69      3.2651  1.37145  1.39431  1.39551  1.40003  1.41176
  3061.19      3.2667  1.37143  1.39424  1.39541  1.39991  1.41164
  3059.69      3.2683  1.37140  1.39418  1.39534  1.39985  1.41154
  3058.19      3.2699  1.37137  1.39412  1.39526  1.39982  1.41147
  3056.69      3.2715  1.37133  1.39406  1.39520  1.39979  1.41141
  3055.19      3.2731  1.37129  1.39402  1.39515  1.39977  1.41138
  3053.69      3.2747  1.37126  1.39399  1.39510  1.39973  1.41133
  3052.19      3.2763  1.37124  1.39395  1.39506  1.39967  1.41132
  3050.69      3.2779  1.37122  1.39392  1.39502  1.39959  1.41128
  3049.19      3.2796  1.37121  1.39388  1.39499  1.39950  1.41124
  3047.69      3.2812  1.37119  1.39385  1.39493  1.39942  1.41117
  3046.19      3.2828  1.37117  1.39382  1.39489  1.39936  1.41110
  3044.69      3.2844  1.37116  1.39377  1.39483  1.39934  1.41102
  3043.19      3.2860  1.37114  1.39372  1.39477  1.39932  1.41092
  3041.69      3.2876  1.37113  1.39365  1.39469  1.39926  1.41082
  3040.19      3.2893  1.37110  1.39359  1.39459  1.39915  1.41067
  3038.69      3.2909  1.37107  1.39349  1.39448  1.39902  1.41055
  3037.19      3.2925  1.37104  1.39341  1.39436  1.39888  1.41046
  3035.69      3.2941  1.37102  1.39331  1.39423  1.39874  1.41040
  3034.19      3.2958  1.37098  1.39321  1.39410  1.39861  1.41035
  3032.69      3.2974  1.37094  1.39310  1.39396  1.39849  1.41028
  3031.19      3.2990  1.37089  1.39301  1.39382  1.39835  1.41015
  3029.69      3.3007  1.37082  1.39290  1.39370  1.39821  1.40998
  3028.19      3.3023  1.37077  1.39281  1.39359  1.39809  1.40978
  3026.69      3.3039  1.37072  1.39273  1.39349  1.39796  1.40959
  3025.19      3.3056  1.37068  1.39266  1.39341  1.39784  1.40942
  3023.69      3.3072  1.37064  1.39259  1.39334  1.39771  1.40927
  3022.19      3.3089  1.37063  1.39252  1.39327  1.39760  1.40912
  3020.69      3.3105  1.37061  1.39246  1.39322  1.39750  1.40900
  3019.19      3.3122  1.37062  1.39241  1.39316  1.39744  1.40893
  3017.69      3.3138  1.37063  1.39235  1.39312  1.39741  1.40890
  3016.19      3.3154  1.37065  1.39229  1.39305  1.39737  1.40890
  3014.69      3.3171  1.37065  1.39222  1.39298  1.39731  1.40889
  3013.19      3.3187  1.37063  1.39215  1.39288  1.39721  1.40882
  3011.69      3.3204  1.37060  1.39208  1.39277  1.39707  1.40869
  3010.19      3.3221  1.37057  1.39200  1.39264  1.39691  1.40849
  3008.69      3.3237  1.37052  1.39192  1.39252  1.39673  1.40829
  3007.19      3.3254  1.37045  1.39183  1.39239  1.39656  1.40810
  3005.69      3.3270  1.37040  1.39175  1.39228  1.39642  1.40795
  3004.19      3.3287  1.37035  1.39168  1.39219  1.39633  1.40784
  3002.69      3.3304  1.37032  1.39162  1.39213  1.39629  1.40776
  3001.19      3.3320  1.37029  1.39155  1.39206  1.39628  1.40770
  2999.69      3.3337  1.37028  1.39151  1.39203  1.39628  1.40765
  2998.19      3.3354  1.37028  1.39147  1.39199  1.39625  1.40760
  2996.69      3.3370  1.37030  1.39143  1.39196  1.39621  1.40756
  2995.19      3.3387  1.37030  1.39139  1.39192  1.39612  1.40750
  2993.69      3.3404  1.37031  1.39135  1.39186  1.39603  1.40741
  2992.19      3.3420  1.37032  1.39131  1.39180  1.39593  1.40729
  2990.68      3.3437  1.37032  1.39126  1.39172  1.39583  1.40713
  2989.18      3.3454  1.37031  1.39121  1.39162  1.39572  1.40695
  2987.68      3.3471  1.37030  1.39115  1.39152  1.39561  1.40678
  2986.18      3.3488  1.37027  1.39110  1.39141  1.39550  1.40665
  2984.68      3.3504  1.37025  1.39104  1.39130  1.39541  1.40654
  2983.18      3.3521  1.37022  1.39098  1.39120  1.39532  1.40647
  2981.68      3.3538  1.37021  1.39091  1.39110  1.39524  1.40639
  2980.18      3.3555  1.37018  1.39085  1.39100  1.39513  1.40630
  2978.68      3.3572  1.37016  1.39079  1.39090  1.39503  1.40622
  2977.18      3.3589  1.37015  1.39073  1.39081  1.39491  1.40612
  2975.68      3.3606  1.37015  1.39066  1.39070  1.39481  1.40600
  2974.18      3.3623  1.37015  1.39059  1.39061  1.39471  1.40586
  2972.68      3.3640  1.37017  1.39053  1.39052  1.39461  1.40573
  2971.18      3.3657  1.37018  1.39047  1.39042  1.39450  1.40556
  2969.68      3.3674  1.37021  1.39041  1.39035  1.39439  1.40541
  2968.18      3.3691  1.37025  1.39034  1.39027  1.39428  1.40527
  2966.68      3.3708  1.37029  1.39028  1.39019  1.39418  1.40516
  2965.18      3.3725  1.37034  1.39022  1.39011  1.39408  1.40509
  2963.68      3.3742  1.37038  1.39017  1.39004  1.39399  1.40504
  2962.18      3.3759  1.37042  1.39010  1.38996  1.39387  1.40496
  2960.68      3.3776  1.37045  1.39005  1.38988  1.39374  1.40487
  2959.18      3.3793  1.37049  1.38999  1.38980  1.39360  1.40474
  2957.68      3.3810  1.37050  1.38994  1.38972  1.39347  1.40461
  2956.18      3.3827  1.37051  1.38988  1.38964  1.39335  1.40448
  2954.68      3.3845  1.37052  1.38984  1.38956  1.39324  1.40436
  2953.18      3.3862  1.37052  1.38979  1.38948  1.39313  1.40424
  2951.68      3.3879  1.37051  1.38975  1.38942  1.39303  1.40412
  2950.18      3.3896  1.37050  1.38971  1.38935  1.39296  1.40401
  2948.68      3.3913  1.37049  1.38967  1.38928  1.39291  1.40392
  2947.18      3.3931  1.37048  1.38964  1.38920  1.39285  1.40384
  2945.68      3.3948  1.37047  1.38961  1.38911  1.39275  1.40378
  2944.18      3.3965  1.37047  1.38957  1.38902  1.39261  1.40370
  2942.68      3.3983  1.37047  1.38954  1.38892  1.39244  1.40359
  2941.18      3.4000  1.37049  1.38952  1.38883  1.39229  1.40345
  2939.68      3.4017  1.37053  1.38950  1.38874  1.39218  1.40331
  2938.18      3.4035  1.37058  1.38950  1.38867  1.39212  1.40318
  2936.68      3.4052  1.37067  1.38950  1.38863  1.39208  1.40309
  2935.18      3.4069  1.37078  1.38952  1.38860  1.39204  1.40302
  2933.68      3.4087  1.37092  1.38953  1.38859  1.39203  1.40302
  2932.18      3.4104  1.37109  1.38956  1.38860  1.39205  1.40305
  2930.68      3.4122  1.37129  1.38957  1.38861  1.39209  1.40309
  2929.18      3.4139  1.37152  1.38959  1.38863  1.39212  1.40311
  2927.68      3.4157  1.37176  1.38959  1.38863  1.39212  1.40309
  2926.18      3.4174  1.37202  1.38959  1.38862  1.39210  1.40304
  2924.68      3.4192  1.37229  1.38957  1.38860  1.39207  1.40301
  2923.18      3.4209  1.37255  1.38956  1.38859  1.39206  1.40304
  2921.68      3.4227  1.37278  1.38953  1.38857  1.39208  1.40314
  2920.18      3.4244  1.37298  1.38948  1.38854  1.39213  1.40329
  2918.68      3.4262  1.37312  1.38944  1.38849  1.39218  1.40341
  2917.18      3.4280  1.37318  1.38938  1.38843  1.39221  1.40347
  2915.68      3.4297  1.37317  1.38932  1.38835  1.39216  1.40340
  2914.18      3.4315  1.37308  1.38924  1.38824  1.39202  1.40320
  2912.68      3.4333  1.37290  1.38914  1.38809  1.39180  1.40290
  2911.18      3.4350  1.37269  1.38903  1.38793  1.39154  1.40255
  2909.68      3.4368  1.37244  1.38892  1.38775  1.39131  1.40219
  2908.18      3.4386  1.37219  1.38881  1.38758  1.39110  1.40187
  2906.68      3.4404  1.37195  1.38869  1.38741  1.39091  1.40160
  2905.18      3.4421  1.37172  1.38857  1.38724  1.39073  1.40140
  2903.68      3.4439  1.37154  1.38846  1.38710  1.39057  1.40124
  2902.18      3.4457  1.37137  1.38835  1.38697  1.39042  1.40111
  2900.68      3.4475  1.37125  1.38824  1.38685  1.39030  1.40100
  2899.18      3.4493  1.37115  1.38814  1.38674  1.39018  1.40087
  2897.68      3.4510  1.37107  1.38805  1.38664  1.39006  1.40074
  2896.18      3.4528  1.37101  1.38797  1.38654  1.38993  1.40060
  2894.68      3.4546  1.37093  1.38788  1.38644  1.38979  1.40046
  2893.18      3.4564  1.37087  1.38780  1.38633  1.38964  1.40030
  2891.68      3.4582  1.37082  1.38771  1.38623  1.38950  1.40014
  2890.18      3.4600  1.37076  1.38763  1.38612  1.38938  1.39998
  2888.68      3.4618  1.37071  1.38756  1.38603  1.38927  1.39982
  2887.18      3.4636  1.37066  1.38748  1.38594  1.38919  1.39969
  2885.68      3.4654  1.37062  1.38742  1.38586  1.38912  1.39956
  2884.18      3.4672  1.37059  1.38736  1.38580  1.38907  1.39946
  2882.68      3.4690  1.37059  1.38732  1.38575  1.38901  1.39936
  2881.18      3.4708  1.37060  1.38728  1.38572  1.38892  1.39928
  2879.68      3.4726  1.37062  1.38725  1.38569  1.38884  1.39921
  2878.18      3.4744  1.37065  1.38721  1.38566  1.38879  1.39918
  2876.68      3.4762  1.37070  1.38719  1.38563  1.38877  1.39917
  2875.18      3.4780  1.37077  1.38717  1.38559  1.38879  1.39916
  2873.68      3.4799  1.37082  1.38715  1.38555  1.38877  1.39912
  2872.18      3.4817  1.37087  1.38713  1.38549  1.38870  1.39903
  2870.68      3.4835  1.37092  1.38710  1.38542  1.38856  1.39888
  2869.18      3.4853  1.37096  1.38708  1.38535  1.38841  1.39872
  2867.68      3.4871  1.37103  1.38706  1.38527  1.38829  1.39859
  2866.18      3.4890  1.37109  1.38704  1.38520  1.38823  1.39849
  2864.68      3.4908  1.37117  1.38702  1.38515  1.38823  1.39842
  2863.18      3.4926  1.37128  1.38701  1.38510  1.38824  1.39838
  2861.68      3.4945  1.37143  1.38700  1.38508  1.38825  1.39836
  2860.18      3.4963  1.37161  1.38699  1.38507  1.38824  1.39836
  2858.68      3.4981  1.37183  1.38697  1.38507  1.38821  1.39837
  2857.17      3.5000  1.37205  1.38694  1.38509  1.38819  1.39840
  2855.67      3.5018  1.37227  1.38691  1.38510  1.38819  1.39847
  2854.17      3.5036  1.37249  1.38686  1.38509  1.38823  1.39856
  2852.67      3.5055  1.37265  1.38680  1.38508  1.38828  1.39866
  2851.17      3.5073  1.37278  1.38673  1.38502  1.38829  1.39874
  2849.67      3.5092  1.37284  1.38665  1.38493  1.38823  1.39873
  2848.17      3.5110  1.37282  1.38656  1.38482  1.38806  1.39860
  2846.67      3.5129  1.37273  1.38646  1.38469  1.38780  1.39838
  2845.17      3.5147  1.37258  1.38637  1.38452  1.38752  1.39809
  2843.67      3.5166  1.37241  1.38628  1.38435  1.38729  1.39782
  2842.17      3.5184  1.37222  1.38618  1.38419  1.38713  1.39760
  2840.67      3.5203  1.37204  1.38610  1.38404  1.38706  1.39743
  2839.17      3.5222  1.37187  1.38602  1.38390  1.38701  1.39730
  2837.67      3.5240  1.37171  1.38594  1.38377  1.38691  1.39716
  2836.17      3.5259  1.37159  1.38586  1.38365  1.38676  1.39701
  2834.67      3.5277  1.37149  1.38579  1.38354  1.38657  1.39686
  2833.17      3.5296  1.37142  1.38571  1.38343  1.38639  1.39672
  2831.67      3.5315  1.37137  1.38564  1.38334  1.38627  1.39660
  2830.17      3.5334  1.37133  1.38558  1.38325  1.38620  1.39650
  2828.67      3.5352  1.37131  1.38552  1.38318  1.38614  1.39643
  2827.17      3.5371  1.37130  1.38545  1.38310  1.38609  1.39638
  2825.67      3.5390  1.37130  1.38540  1.38304  1.38603  1.39635
  2824.17      3.5409  1.37133  1.38536  1.38300  1.38597  1.39632
  2822.67      3.5427  1.37136  1.38531  1.38295  1.38592  1.39628
  2821.17      3.5446  1.37141  1.38527  1.38290  1.38585  1.39624
  2819.67      3.5465  1.37147  1.38523  1.38286  1.38579  1.39620
  2818.17      3.5484  1.37154  1.38520  1.38282  1.38573  1.39615
  2816.67      3.5503  1.37161  1.38516  1.38279  1.38567  1.39611
  2815.17      3.5522  1.37168  1.38513  1.38276  1.38563  1.39609
  2813.67      3.5541  1.37175  1.38510  1.38273  1.38560  1.39606
  2812.17      3.5560  1.37181  1.38507  1.38271  1.38558  1.39604
  2810.67      3.5579  1.37187  1.38503  1.38267  1.38554  1.39601
  2809.17      3.5598  1.37192  1.38499  1.38264  1.38548  1.39596
  2807.67      3.5617  1.37197  1.38496  1.38259  1.38542  1.39589
  2806.17      3.5636  1.37201  1.38493  1.38254  1.38538  1.39583
  2804.67      3.5655  1.37206  1.38489  1.38248  1.38534  1.39577
  2803.17      3.5674  1.37211  1.38485  1.38242  1.38534  1.39571
  2801.67      3.5693  1.37215  1.38481  1.38236  1.38535  1.39567
  2800.17      3.5712  1.37221  1.38477  1.38229  1.38535  1.39561
  2798.67      3.5731  1.37227  1.38472  1.38222  1.38531  1.39556
  2797.17      3.5750  1.37232  1.38467  1.38214  1.38523  1.39549
  2795.67      3.5770  1.37237  1.38461  1.38206  1.38511  1.39543
  2794.17      3.5789  1.37243  1.38454  1.38199  1.38501  1.39536
  2792.67      3.5808  1.37248  1.38446  1.38190  1.38492  1.39532
  2791.17      3.5827  1.37253  1.38438  1.38182  1.38485  1.39527
  2789.67      3.5847  1.37257  1.38429  1.38173  1.38477  1.39522
  2788.17      3.5866  1.37260  1.38419  1.38164  1.38468  1.39514
  2786.67      3.5885  1.37263  1.38410  1.38157  1.38460  1.39504
  2785.17      3.5904  1.37266  1.38401  1.38151  1.38452  1.39491
  2783.67      3.5924  1.37270  1.38391  1.38146  1.38448  1.39478
  2782.17      3.5943  1.37272  1.38382  1.38141  1.38443  1.39466
  2780.67      3.5963  1.37275  1.38374  1.38137  1.38439  1.39458
  2779.17      3.5982  1.37278  1.38366  1.38133  1.38434  1.39454
  2777.67      3.6001  1.37281  1.38358  1.38128  1.38427  1.39450
  2776.17      3.6021  1.37284  1.38350  1.38122  1.38420  1.39446
  2774.67      3.6040  1.37286  1.38341  1.38115  1.38409  1.39438
  2773.17      3.6060  1.37289  1.38333  1.38106  1.38397  1.39428
  2771.67      3.6079  1.37291  1.38324  1.38096  1.38384  1.39419
  2770.17      3.6099  1.37294  1.38314  1.38086  1.38373  1.39410
  2768.67      3.6118  1.37295  1.38304  1.38075  1.38364  1.39402
  2767.17      3.6138  1.37296  1.38294  1.38064  1.38357  1.39395
  2765.67      3.6158  1.37297  1.38283  1.38052  1.38350  1.39385
  2764.17      3.6177  1.37299  1.38272  1.38041  1.38342  1.39375
  2762.67      3.6197  1.37300  1.38262  1.38030  1.38331  1.39364
  2761.17      3.6217  1.37303  1.38251  1.38019  1.38319  1.39353
  2759.67      3.6236  1.37305  1.38240  1.38009  1.38307  1.39344
  2758.17      3.6256  1.37307  1.38230  1.37999  1.38293  1.39335
  2756.67      3.6276  1.37311  1.38220  1.37989  1.38280  1.39327
  2755.17      3.6295  1.37313  1.38209  1.37980  1.38266  1.39320
  2753.67      3.6315  1.37316  1.38198  1.37970  1.38255  1.39312
  2752.17      3.6335  1.37318  1.38187  1.37960  1.38246  1.39303
  2750.67      3.6355  1.37318  1.38176  1.37949  1.38239  1.39293
  2749.17      3.6375  1.37319  1.38164  1.37938  1.38234  1.39281
  2747.67      3.6395  1.37317  1.38153  1.37925  1.38228  1.39270
  2746.17      3.6414  1.37315  1.38141  1.37912  1.38218  1.39258
  2744.67      3.6434  1.37312  1.38128  1.37898  1.38206  1.39245
  2743.17      3.6454  1.37308  1.38115  1.37883  1.38191  1.39231
  2741.67      3.6474  1.37303  1.38102  1.37868  1.38176  1.39218
  2740.17      3.6494  1.37298  1.38089  1.37853  1.38160  1.39205
  2738.67      3.6514  1.37292  1.38075  1.37837  1.38144  1.39192
  2737.17      3.6534  1.37287  1.38060  1.37822  1.38129  1.39180
  2735.67      3.6554  1.37281  1.38047  1.37807  1.38114  1.39168
  2734.17      3.6574  1.37277  1.38033  1.37793  1.38100  1.39156
  2732.67      3.6594  1.37271  1.38021  1.37781  1.38089  1.39145
  2731.17      3.6614  1.37265  1.38008  1.37768  1.38078  1.39135
  2729.67      3.6635  1.37260  1.37995  1.37756  1.38068  1.39124
  2728.17      3.6655  1.37255  1.37982  1.37745  1.38058  1.39114
  2726.67      3.6675  1.37249  1.37970  1.37734  1.38049  1.39102
  2725.17      3.6695  1.37244  1.37957  1.37722  1.38039  1.39089
  2723.67      3.6715  1.37238  1.37945  1.37710  1.38030  1.39077
  2722.16      3.6735  1.37232  1.37932  1.37697  1.38019  1.39064
  2720.66      3.6756  1.37226  1.37919  1.37684  1.38007  1.39049
  2719.16      3.6776  1.37220  1.37906  1.37670  1.37993  1.39036
  2717.66      3.6796  1.37214  1.37892  1.37657  1.37979  1.39023
  2716.16      3.6817  1.37208  1.37879  1.37645  1.37965  1.39012
  2714.66      3.6837  1.37202  1.37866  1.37634  1.37951  1.39002
  2713.16      3.6857  1.37195  1.37853  1.37623  1.37937  1.38990
  2711.66      3.6878  1.37189  1.37840  1.37611  1.37922  1.38977
  2710.16      3.6898  1.37183  1.37827  1.37600  1.37909  1.38965
  2708.66      3.6919  1.37176  1.37814  1.37589  1.37896  1.38955
  2707.16      3.6939  1.37169  1.37802  1.37578  1.37884  1.38945
  2705.66      3.6960  1.37163  1.37789  1.37566  1.37872  1.38938
  2704.16      3.6980  1.37157  1.37778  1.37554  1.37861  1.38929
  2702.66      3.7001  1.37152  1.37766  1.37543  1.37849  1.38919
  2701.16      3.7021  1.37146  1.37753  1.37530  1.37836  1.38910
  2699.66      3.7042  1.37140  1.37742  1.37520  1.37825  1.38900
  2698.16      3.7062  1.37136  1.37730  1.37509  1.37815  1.38888
  2696.66      3.7083  1.37131  1.37719  1.37498  1.37807  1.38877
  2695.16      3.7104  1.37126  1.37708  1.37486  1.37798  1.38865
  2693.66      3.7124  1.37122  1.37697  1.37474  1.37787  1.38854
  2692.16      3.7145  1.37116  1.37687  1.37462  1.37776  1.38842
  2690.66      3.7166  1.37111  1.37677  1.37450  1.37764  1.38831
  2689.16      3.7186  1.37107  1.37667  1.37438  1.37756  1.38819
  2687.66      3.7207  1.37103  1.37658  1.37426  1.37748  1.38808
  2686.16      3.7228  1.37099  1.37649  1.37414  1.37740  1.38799
  2684.66      3.7249  1.37096  1.37639  1.37403  1.37730  1.38794
  2683.16      3.7269  1.37093  1.37630  1.37392  1.37718  1.38789
  2681.66      3.7290  1.37090  1.37620  1.37383  1.37705  1.38783
  2680.16      3.7311  1.37088  1.37609  1.37372  1.37694  1.38774
  2678.66      3.7332  1.37085  1.37599  1.37362  1.37686  1.38762
  2677.16      3.7353  1.37081  1.37587  1.37352  1.37678  1.38750
  2675.66      3.7374  1.37077  1.37576  1.37341  1.37668  1.38738
  2674.16      3.7395  1.37072  1.37563  1.37330  1.37657  1.38725
  2672.66      3.7416  1.37066  1.37550  1.37318  1.37644  1.38712
  2671.16      3.7437  1.37060  1.37536  1.37305  1.37629  1.38699
  2669.66      3.7458  1.37054  1.37522  1.37292  1.37615  1.38687
  2668.16      3.7479  1.37048  1.37508  1.37279  1.37601  1.38674
  2666.66      3.7500  1.37040  1.37494  1.37268  1.37590  1.38661
  2665.16      3.7521  1.37034  1.37480  1.37256  1.37579  1.38649
  2663.66      3.7542  1.37028  1.37467  1.37245  1.37567  1.38635
  2662.16      3.7563  1.37022  1.37454  1.37235  1.37555  1.38623
  2660.66      3.7585  1.37015  1.37441  1.37225  1.37541  1.38610
  2659.16      3.7606  1.37010  1.37428  1.37216  1.37527  1.38598
  2657.66      3.7627  1.37005  1.37415  1.37204  1.37513  1.38584
  2656.16      3.7648  1.37000  1.37402  1.37193  1.37498  1.38572
  2654.66      3.7670  1.36995  1.37389  1.37180  1.37484  1.38559
  2653.16      3.7691  1.36991  1.37376  1.37166  1.37471  1.38548
  2651.66      3.7712  1.36985  1.37362  1.37152  1.37459  1.38535
  2650.16      3.7734  1.36980  1.37350  1.37138  1.37448  1.38523
  2648.66      3.7755  1.36974  1.37337  1.37123  1.37438  1.38509
  2647.16      3.7776  1.36967  1.37324  1.37109  1.37425  1.38493
  2645.66      3.7798  1.36959  1.37312  1.37094  1.37413  1.38478
  2644.16      3.7819  1.36951  1.37300  1.37079  1.37402  1.38462
  2642.66      3.7841  1.36943  1.37288  1.37065  1.37391  1.38448
  2641.16      3.7862  1.36933  1.37276  1.37050  1.37382  1.38434
  2639.66      3.7884  1.36924  1.37264  1.37036  1.37370  1.38420
  2638.16      3.7905  1.36915  1.37251  1.37021  1.37356  1.38406
  2636.66      3.7927  1.36904  1.37239  1.37005  1.37340  1.38392
  2635.16      3.7948  1.36895  1.37227  1.36991  1.37324  1.38377
  2633.66      3.7970  1.36885  1.37213  1.36977  1.37308  1.38362
  2632.16      3.7992  1.36874  1.37200  1.36964  1.37293  1.38347
  2630.66      3.8013  1.36865  1.37187  1.36950  1.37278  1.38329
  2629.16      3.8035  1.36855  1.37174  1.36936  1.37263  1.38312
  2627.66      3.8057  1.36845  1.37161  1.36921  1.37246  1.38295
  2626.16      3.8078  1.36835  1.37148  1.36907  1.37230  1.38280
  2624.66      3.8100  1.36825  1.37135  1.36893  1.37215  1.38266
  2623.16      3.8122  1.36815  1.37123  1.36879  1.37201  1.38253
  2621.66      3.8144  1.36805  1.37111  1.36866  1.37188  1.38239
  2620.16      3.8166  1.36795  1.37100  1.36852  1.37174  1.38225
  2618.66      3.8188  1.36785  1.37089  1.36840  1.37159  1.38211
  2617.16      3.8209  1.36776  1.37077  1.36827  1.37142  1.38197
  2615.66      3.8231  1.36767  1.37066  1.36816  1.37125  1.38185
  2614.16      3.8253  1.36756  1.37055  1.36803  1.37110  1.38172
  2612.66      3.8275  1.36747  1.37044  1.36791  1.37099  1.38159
  2611.16      3.8297  1.36737  1.37034  1.36779  1.37088  1.38146
  2609.66      3.8319  1.36726  1.37024  1.36768  1.37077  1.38133
  2608.16      3.8341  1.36716  1.37014  1.36756  1.37066  1.38119
  2606.66      3.8363  1.36705  1.37005  1.36745  1.37054  1.38107
  2605.16      3.8385  1.36694  1.36995  1.36734  1.37043  1.38095
  2603.66      3.8408  1.36681  1.36986  1.36722  1.37031  1.38082
  2602.16      3.8430  1.36670  1.36977  1.36710  1.37019  1.38070
  2600.66      3.8452  1.36657  1.36967  1.36698  1.37008  1.38057
  2599.16      3.8474  1.36646  1.36958  1.36686  1.36997  1.38043
  2597.66      3.8496  1.36635  1.36949  1.36675  1.36987  1.38029
  2596.16      3.8518  1.36623  1.36940  1.36664  1.36976  1.38016
  2594.66      3.8541  1.36612  1.36931  1.36654  1.36965  1.38002
  2593.16      3.8563  1.36602  1.36922  1.36645  1.36952  1.37990
  2591.66      3.8585  1.36592  1.36913  1.36636  1.36938  1.37977
  2590.16      3.8608  1.36583  1.36904  1.36627  1.36923  1.37963
  2588.65      3.8630  1.36574  1.36895  1.36620  1.36909  1.37949
  2587.15      3.8652  1.36563  1.36886  1.36612  1.36897  1.37936
  2585.65      3.8675  1.36553  1.36877  1.36603  1.36888  1.37926
  2584.15      3.8697  1.36544  1.36868  1.36594  1.36881  1.37917
  2582.65      3.8720  1.36534  1.36860  1.36584  1.36872  1.37911
  2581.15      3.8742  1.36525  1.36852  1.36574  1.36863  1.37903
  2579.65      3.8765  1.36516  1.36844  1.36564  1.36851  1.37893
  2578.15      3.8787  1.36505  1.36836  1.36554  1.36838  1.37883
  2576.65      3.8810  1.36496  1.36829  1.36544  1.36827  1.37872
  2575.15      3.8833  1.36488  1.36822  1.36535  1.36818  1.37860
  2573.65      3.8855  1.36479  1.36815  1.36525  1.36810  1.37848
  2572.15      3.8878  1.36470  1.36808  1.36516  1.36801  1.37837
  2570.65      3.8901  1.36461  1.36801  1.36508  1.36793  1.37826
  2569.15      3.8923  1.36452  1.36794  1.36497  1.36783  1.37815
  2567.65      3.8946  1.36444  1.36787  1.36487  1.36774  1.37802
  2566.15      3.8969  1.36436  1.36780  1.36476  1.36765  1.37790
  2564.65      3.8992  1.36427  1.36772  1.36465  1.36755  1.37777
  2563.15      3.9014  1.36419  1.36764  1.36455  1.36744  1.37765
  2561.65      3.9037  1.36411  1.36756  1.36444  1.36733  1.37753
  2560.15      3.9060  1.36403  1.36746  1.36434  1.36721  1.37740
  2558.65      3.9083  1.36395  1.36737  1.36424  1.36709  1.37729
  2557.15      3.9106  1.36388  1.36727  1.36414  1.36697  1.37717
  2555.65      3.9129  1.36381  1.36717  1.36403  1.36685  1.37705
  2554.15      3.9152  1.36373  1.36707  1.36393  1.36671  1.37691
  2552.65      3.9175  1.36365  1.36696  1.36383  1.36658  1.37674
  2551.15      3.9198  1.36356  1.36686  1.36371  1.36645  1.37657
  2549.65      3.9221  1.36348  1.36676  1.36360  1.36635  1.37639
  2548.15      3.9244  1.36339  1.36665  1.36349  1.36624  1.37623
  2546.65      3.9267  1.36329  1.36654  1.36336  1.36612  1.37609
  2545.15      3.9290  1.36319  1.36643  1.36324  1.36598  1.37597
  2543.65      3.9314  1.36308  1.36633  1.36311  1.36584  1.37582
  2542.15      3.9337  1.36298  1.36622  1.36299  1.36570  1.37569
  2540.65      3.9360  1.36287  1.36611  1.36286  1.36557  1.37553
  2539.15      3.9383  1.36277  1.36600  1.36273  1.36541  1.37537
  2537.65      3.9407  1.36265  1.36588  1.36260  1.36525  1.37520
  2536.15      3.9430  1.36254  1.36577  1.36248  1.36508  1.37504
  2534.65      3.9453  1.36244  1.36566  1.36234  1.36492  1.37487
  2533.15      3.9477  1.36231  1.36555  1.36222  1.36478  1.37471
  2531.65      3.9500  1.36220  1.36544  1.36209  1.36466  1.37454
  2530.15      3.9523  1.36206  1.36531  1.36196  1.36455  1.37436
  2528.65      3.9547  1.36192  1.36520  1.36183  1.36444  1.37418
  2527.15      3.9570  1.36178  1.36507  1.36169  1.36433  1.37400
  2525.65      3.9594  1.36163  1.36496  1.36157  1.36420  1.37384
  2524.15      3.9617  1.36147  1.36483  1.36143  1.36404  1.37367
  2522.65      3.9641  1.36131  1.36472  1.36130  1.36385  1.37350
  2521.15      3.9664  1.36115  1.36458  1.36116  1.36363  1.37330
  2519.65      3.9688  1.36098  1.36446  1.36102  1.36342  1.37312
  2518.15      3.9712  1.36080  1.36435  1.36088  1.36323  1.37293
  2516.65      3.9735  1.36064  1.36423  1.36073  1.36305  1.37274
  2515.15      3.9759  1.36047  1.36412  1.36058  1.36292  1.37257
  2513.65      3.9783  1.36031  1.36402  1.36043  1.36280  1.37240
  2512.15      3.9807  1.36015  1.36393  1.36029  1.36268  1.37223
  2510.65      3.9830  1.35998  1.36384  1.36015  1.36255  1.37207
  2509.15      3.9854  1.35983  1.36376  1.36003  1.36240  1.37190
  2507.65      3.9878  1.35967  1.36369  1.35991  1.36224  1.37173
  2506.15      3.9902  1.35952  1.36362  1.35979  1.36209  1.37156
  2504.65      3.9926  1.35935  1.36354  1.35968  1.36196  1.37140
  2503.15      3.9950  1.35919  1.36346  1.35955  1.36183  1.37125
  2501.65      3.9974  1.35903  1.36339  1.35943  1.36173  1.37110
  2500.15      3.9998  1.35886  1.36330  1.35930  1.36161  1.37096
  2498.65      4.0022  1.35869  1.36322  1.35918  1.36149  1.37083
  2497.15      4.0046  1.35852  1.36314  1.35905  1.36135  1.37070
  2495.65      4.0070  1.35835  1.36308  1.35894  1.36123  1.37057
  2494.15      4.0094  1.35819  1.36300  1.35884  1.36112  1.37043
  2492.65      4.0118  1.35803  1.36294  1.35874  1.36102  1.37032
  2491.15      4.0142  1.35786  1.36286  1.35865  1.36093  1.37020
  2489.65      4.0166  1.35771  1.36281  1.35858  1.36080  1.37009
  2488.15      4.0191  1.35755  1.36275  1.35852  1.36067  1.36998
  2486.65      4.0215  1.35740  1.36270  1.35846  1.36055  1.36986
  2485.15      4.0239  1.35726  1.36264  1.35841  1.36045  1.36974
  2483.65      4.0263  1.35712  1.36259  1.35836  1.36038  1.36961
  2482.15      4.0288  1.35699  1.36253  1.35831  1.36032  1.36949
  2480.65      4.0312  1.35686  1.36249  1.35827  1.36025  1.36939
  2479.15      4.0336  1.35675  1.36245  1.35822  1.36016  1.36929
  2477.65      4.0361  1.35664  1.36242  1.35817  1.36007  1.36921
  2476.15      4.0385  1.35654  1.36238  1.35812  1.35997  1.36914
  2474.65      4.0410  1.35643  1.36234  1.35807  1.35990  1.36907
  2473.15      4.0434  1.35633  1.36231  1.35801  1.35983  1.36899
  2471.65      4.0459  1.35624  1.36228  1.35794  1.35977  1.36889
  2470.15      4.0483  1.35613  1.36225  1.35787  1.35971  1.36877
  2468.65      4.0508  1.35602  1.36222  1.35780  1.35965  1.36864
  2467.15      4.0533  1.35591  1.36217  1.35773  1.35959  1.36851
  2465.65      4.0557  1.35581  1.36212  1.35765  1.35951  1.36841
  2464.15      4.0582  1.35570  1.36206  1.35757  1.35945  1.36834
  2462.65      4.0607  1.35558  1.36201  1.35751  1.35938  1.36829
  2461.15      4.0631  1.35547  1.36195  1.35745  1.35932  1.36824
  2459.65      4.0656  1.35536  1.36189  1.35738  1.35924  1.36818
  2458.15      4.0681  1.35526  1.36184  1.35731  1.35915  1.36808
  2456.65      4.0706  1.35515  1.36178  1.35724  1.35904  1.36794
  2455.15      4.0731  1.35506  1.36173  1.35716  1.35895  1.36780
  2453.64      4.0756  1.35497  1.36170  1.35709  1.35888  1.36767
  2452.14      4.0781  1.35488  1.36165  1.35699  1.35882  1.36756
  2450.64      4.0806  1.35480  1.36161  1.35690  1.35877  1.36745
  2449.14      4.0831  1.35471  1.36158  1.35681  1.35872  1.36734
  2447.64      4.0856  1.35460  1.36153  1.35672  1.35865  1.36722
  2446.14      4.0881  1.35450  1.36148  1.35665  1.35856  1.36708
  2444.64      4.0906  1.35440  1.36143  1.35658  1.35845  1.36696
  2443.14      4.0931  1.35429  1.36137  1.35651  1.35833  1.36684
  2441.64      4.0956  1.35417  1.36130  1.35644  1.35819  1.36674
  2440.14      4.0981  1.35405  1.36123  1.35638  1.35806  1.36664
  2438.64      4.1006  1.35394  1.36115  1.35630  1.35792  1.36654
  2437.14      4.1032  1.35382  1.36107  1.35622  1.35779  1.36642
  2435.64      4.1057  1.35371  1.36098  1.35612  1.35768  1.36628
  2434.14      4.1082  1.35359  1.36090  1.35603  1.35758  1.36613
  2432.64      4.1108  1.35348  1.36081  1.35593  1.35751  1.36597
  2431.14      4.1133  1.35337  1.36071  1.35583  1.35742  1.36583
  2429.64      4.1158  1.35325  1.36062  1.35572  1.35733  1.36569
  2428.14      4.1184  1.35314  1.36053  1.35563  1.35722  1.36556
  2426.64      4.1209  1.35302  1.36043  1.35552  1.35710  1.36545
  2425.14      4.1235  1.35291  1.36033  1.35543  1.35699  1.36534
  2423.64      4.1260  1.35279  1.36023  1.35533  1.35688  1.36521
  2422.14      4.1286  1.35267  1.36014  1.35523  1.35677  1.36506
  2420.64      4.1311  1.35256  1.36003  1.35512  1.35666  1.36491
  2419.14      4.1337  1.35243  1.35993  1.35502  1.35654  1.36475
  2417.64      4.1363  1.35230  1.35982  1.35490  1.35643  1.36461
  2416.14      4.1388  1.35217  1.35972  1.35477  1.35630  1.36448
  2414.64      4.1414  1.35203  1.35961  1.35465  1.35617  1.36437
  2413.14      4.1440  1.35189  1.35949  1.35451  1.35603  1.36424
  2411.64      4.1466  1.35175  1.35938  1.35439  1.35590  1.36410
  2410.14      4.1491  1.35161  1.35925  1.35425  1.35576  1.36396
  2408.64      4.1517  1.35146  1.35913  1.35412  1.35565  1.36382
  2407.14      4.1543  1.35132  1.35901  1.35399  1.35554  1.36368
  2405.64      4.1569  1.35119  1.35889  1.35387  1.35544  1.36355
  2404.14      4.1595  1.35107  1.35877  1.35375  1.35534  1.36340
  2402.64      4.1621  1.35096  1.35865  1.35363  1.35524  1.36325
  2401.14      4.1647  1.35085  1.35854  1.35353  1.35515  1.36309
  2399.64      4.1673  1.35076  1.35843  1.35343  1.35505  1.36293
  2398.14      4.1699  1.35068  1.35833  1.35335  1.35496  1.36281
  2396.64      4.1725  1.35061  1.35824  1.35327  1.35487  1.36272
  2395.14      4.1751  1.35055  1.35813  1.35318  1.35476  1.36266
  2393.64      4.1777  1.35049  1.35805  1.35309  1.35465  1.36258
  2392.14      4.1804  1.35043  1.35796  1.35300  1.35454  1.36248
  2390.64      4.1830  1.35039  1.35787  1.35290  1.35443  1.36236
  2389.14      4.1856  1.35035  1.35778  1.35278  1.35432  1.36222
  2387.64      4.1882  1.35030  1.35769  1.35265  1.35422  1.36209
  2386.14      4.1909  1.35027  1.35759  1.35251  1.35409  1.36196
  2384.64      4.1935  1.35022  1.35751  1.35235  1.35391  1.36183
  2383.14      4.1961  1.35019  1.35743  1.35220  1.35368  1.36168
  2381.64      4.1988  1.35015  1.35734  1.35203  1.35339  1.36152
  2380.14      4.2014  1.35011  1.35725  1.35187  1.35309  1.36133
  2378.64      4.2041  1.35007  1.35716  1.35171  1.35279  1.36112
  2377.14      4.2067  1.35004  1.35707  1.35157  1.35253  1.36093
  2375.64      4.2094  1.35000  1.35698  1.35141  1.35231  1.36076
  2374.14      4.2121  1.34997  1.35690  1.35126  1.35212  1.36064
  2372.64      4.2147  1.34994  1.35683  1.35110  1.35193  1.36056
  2371.14      4.2174  1.34991  1.35676  1.35093  1.35174  1.36047
  2369.64      4.2201  1.34987  1.35669  1.35077  1.35153  1.36036
  2368.14      4.2227  1.34983  1.35663  1.35060  1.35128  1.36020
  2366.64      4.2254  1.34980  1.35657  1.35042  1.35101  1.36001
  2365.14      4.2281  1.34977  1.35651  1.35026  1.35072  1.35980
  2363.64      4.2308  1.34974  1.35646  1.35011  1.35046  1.35963
  2362.14      4.2335  1.34971  1.35640  1.34998  1.35024  1.35944
  2360.64      4.2361  1.34968  1.35634  1.34987  1.35008  1.35924
  2359.14      4.2388  1.34965  1.35628  1.34976  1.34997  1.35906
  2357.64      4.2415  1.34962  1.35621  1.34968  1.34991  1.35892
  2356.14      4.2442  1.34960  1.35616  1.34963  1.34988  1.35886
  2354.64      4.2469  1.34956  1.35612  1.34960  1.34991  1.35886
  2353.14      4.2496  1.34953  1.35607  1.34959  1.34999  1.35889
  2351.64      4.2524  1.34950  1.35604  1.34960  1.35014  1.35895
  2350.14      4.2551  1.34948  1.35603  1.34962  1.35029  1.35903
  2348.64      4.2578  1.34945  1.35602  1.34966  1.35043  1.35911
  2347.14      4.2605  1.34942  1.35601  1.34970  1.35049  1.35915
  2345.64      4.2632  1.34940  1.35601  1.34973  1.35047  1.35913
  2344.14      4.2660  1.34937  1.35599  1.34976  1.35040  1.35908
  2342.64      4.2687  1.34934  1.35597  1.34977  1.35032  1.35899
  2341.14      4.2714  1.34931  1.35594  1.34977  1.35024  1.35890
  2339.64      4.2742  1.34928  1.35589  1.34975  1.35016  1.35882
  2338.14      4.2769  1.34926  1.35583  1.34970  1.35006  1.35874
  2336.64      4.2797  1.34923  1.35574  1.34964  1.34996  1.35868
  2335.14      4.2824  1.34921  1.35565  1.34955  1.34988  1.35861
  2333.64      4.2852  1.34918  1.35554  1.34943  1.34982  1.35853
  2332.14      4.2879  1.34916  1.35543  1.34929  1.34976  1.35843
  2330.64      4.2907  1.34913  1.35532  1.34913  1.34968  1.35832
  2329.14      4.2934  1.34911  1.35520  1.34898  1.34959  1.35823
  2327.64      4.2962  1.34907  1.35508  1.34882  1.34949  1.35815
  2326.14      4.2990  1.34905  1.35496  1.34867  1.34941  1.35809
  2324.64      4.3018  1.34903  1.35484  1.34854  1.34934  1.35803
  2323.14      4.3045  1.34900  1.35471  1.34843  1.34930  1.35799
  2321.64      4.3073  1.34898  1.35459  1.34833  1.34924  1.35798
  2320.13      4.3101  1.34895  1.35447  1.34825  1.34917  1.35798
  2318.63      4.3129  1.34893  1.35434  1.34818  1.34909  1.35795
  2317.13      4.3157  1.34891  1.35422  1.34812  1.34902  1.35789
  2315.63      4.3185  1.34888  1.35409  1.34806  1.34896  1.35782
  2314.13      4.3213  1.34885  1.35396  1.34801  1.34892  1.35772
  2312.63      4.3241  1.34883  1.35383  1.34795  1.34887  1.35764
  2311.13      4.3269  1.34881  1.35371  1.34788  1.34884  1.35757
  2309.63      4.3297  1.34879  1.35359  1.34781  1.34883  1.35751
  2308.13      4.3325  1.34876  1.35347  1.34775  1.34881  1.35745
  2306.63      4.3353  1.34874  1.35336  1.34769  1.34881  1.35740
  2305.13      4.3381  1.34872  1.35324  1.34764  1.34881  1.35736
  2303.63      4.3410  1.34870  1.35312  1.34760  1.34882  1.35731
  2302.13      4.3438  1.34868  1.35301  1.34757  1.34882  1.35728
  2300.63      4.3466  1.34865  1.35290  1.34753  1.34880  1.35724
  2299.13      4.3495  1.34863  1.35279  1.34750  1.34875  1.35721
  2297.63      4.3523  1.34861  1.35267  1.34747  1.34871  1.35717
  2296.13      4.3551  1.34859  1.35256  1.34743  1.34868  1.35711
  2294.63      4.3580  1.34856  1.35245  1.34737  1.34865  1.35703
  2293.13      4.3608  1.34854  1.35235  1.34730  1.34862  1.35696
  2291.63      4.3637  1.34852  1.35224  1.34721  1.34860  1.35690
  2290.13      4.3666  1.34850  1.35214  1.34713  1.34857  1.35685
  2288.63      4.3694  1.34848  1.35205  1.34704  1.34853  1.35679
  2287.13      4.3723  1.34846  1.35195  1.34695  1.34849  1.35674
  2285.63      4.3752  1.34844  1.35186  1.34686  1.34844  1.35667
  2284.13      4.3780  1.34842  1.35178  1.34678  1.34838  1.35660
  2282.63      4.3809  1.34840  1.35170  1.34672  1.34834  1.35654
  2281.13      4.3838  1.34838  1.35162  1.34666  1.34829  1.35649
  2279.63      4.3867  1.34836  1.35154  1.34661  1.34824  1.35645
  2278.13      4.3896  1.34835  1.35147  1.34657  1.34819  1.35643
  2276.63      4.3925  1.34832  1.35140  1.34652  1.34812  1.35640
  2275.13      4.3953  1.34830  1.35132  1.34647  1.34805  1.35638
  2273.63      4.3983  1.34827  1.35125  1.34643  1.34800  1.35634
  2272.13      4.4012  1.34824  1.35118  1.34638  1.34797  1.35631
  2270.63      4.4041  1.34820  1.35111  1.34633  1.34796  1.35626
  2269.13      4.4070  1.34816  1.35105  1.34630  1.34796  1.35621
  2267.63      4.4099  1.34811  1.35099  1.34626  1.34797  1.35615
  2266.13      4.4128  1.34806  1.35093  1.34623  1.34795  1.35612
  2264.63      4.4157  1.34801  1.35088  1.34620  1.34793  1.35609
  2263.13      4.4187  1.34795  1.35084  1.34618  1.34787  1.35608
  2261.63      4.4216  1.34790  1.35079  1.34616  1.34781  1.35608
  2260.13      4.4245  1.34785  1.35076  1.34613  1.34777  1.35606
  2258.63      4.4275  1.34780  1.35073  1.34611  1.34772  1.35604
  2257.13      4.4304  1.34776  1.35071  1.34608  1.34769  1.35602
  2255.63      4.4334  1.34773  1.35068  1.34606  1.34766  1.35601
  2254.13      4.4363  1.34770  1.35067  1.34603  1.34764  1.35602
  2252.63      4.4393  1.34768  1.35064  1.34601  1.34763  1.35604
  2251.13      4.4422  1.34767  1.35062  1.34600  1.34763  1.35605
  2249.63      4.4452  1.34766  1.35060  1.34598  1.34764  1.35604
  2248.13      4.4481  1.34765  1.35058  1.34598  1.34764  1.35602
  2246.63      4.4511  1.34765  1.35055  1.34597  1.34764  1.35599
  2245.13      4.4541  1.34765  1.35052  1.34597  1.34764  1.35597
  2243.63      4.4571  1.34766  1.35049  1.34597  1.34765  1.35594
  2242.13      4.4600  1.34766  1.35047  1.34597  1.34765  1.35591
  2240.63      4.4630  1.34766  1.35044  1.34596  1.34766  1.35591
  2239.13      4.4660  1.34765  1.35041  1.34596  1.34765  1.35592
  2237.63      4.4690  1.34765  1.35037  1.34593  1.34764  1.35593
  2236.13      4.4720  1.34766  1.35034  1.34591  1.34762  1.35594
  2234.63      4.4750  1.34766  1.35030  1.34590  1.34759  1.35594
  2233.13      4.4780  1.34766  1.35026  1.34587  1.34755  1.35591
  2231.63      4.4810  1.34767  1.35022  1.34584  1.34754  1.35588
  2230.13      4.4840  1.34768  1.35018  1.34582  1.34753  1.35584
  2228.63      4.4871  1.34768  1.35014  1.34579  1.34755  1.35580
  2227.13      4.4901  1.34770  1.35009  1.34576  1.34757  1.35578
  2225.63      4.4931  1.34772  1.35004  1.34571  1.34756  1.35575
  2224.13      4.4961  1.34773  1.34999  1.34567  1.34751  1.35573
  2222.63      4.4992  1.34775  1.34992  1.34560  1.34742  1.35570
  2221.13      4.5022  1.34776  1.34986  1.34553  1.34731  1.35566
  2219.63      4.5053  1.34778  1.34979  1.34545  1.34720  1.35562
  2218.13      4.5083  1.34779  1.34971  1.34536  1.34710  1.35558
  2216.63      4.5114  1.34782  1.34963  1.34528  1.34701  1.35553
  2215.13      4.5144  1.34783  1.34955  1.34518  1.34695  1.35547
  2213.63      4.5175  1.34784  1.34946  1.34509  1.34689  1.35539
  2212.13      4.5205  1.34785  1.34937  1.34499  1.34684  1.35530
  2210.63      4.5236  1.34785  1.34926  1.34491  1.34677  1.35522
  2209.13      4.5267  1.34784  1.34917  1.34483  1.34669  1.35513
  2207.63      4.5298  1.34783  1.34906  1.34475  1.34660  1.35506
  2206.13      4.5328  1.34779  1.34896  1.34466  1.34650  1.35496
  2204.63      4.5359  1.34776  1.34885  1.34458  1.34641  1.35487
  2203.13      4.5390  1.34771  1.34875  1.34449  1.34633  1.35478
  2201.63      4.5421  1.34766  1.34864  1.34439  1.34625  1.35470
  2200.13      4.5452  1.34761  1.34853  1.34428  1.34614  1.35461
  2198.63      4.5483  1.34755  1.34841  1.34416  1.34599  1.35451
  2197.13      4.5514  1.34748  1.34830  1.34404  1.34580  1.35440
  2195.63      4.5545  1.34742  1.34818  1.34391  1.34562  1.35428
  2194.13      4.5576  1.34735  1.34806  1.34379  1.34544  1.35417
  2192.63      4.5607  1.34729  1.34794  1.34366  1.34530  1.35404
  2191.13      4.5639  1.34722  1.34781  1.34353  1.34520  1.35391
  2189.63      4.5670  1.34714  1.34769  1.34341  1.34512  1.35377
  2188.12      4.5701  1.34706  1.34755  1.34328  1.34505  1.35363
  2186.62      4.5733  1.34698  1.34743  1.34315  1.34498  1.35351
  2185.12      4.5764  1.34689  1.34729  1.34302  1.34489  1.35340
  2183.62      4.5795  1.34680  1.34717  1.34290  1.34480  1.35331
  2182.12      4.5827  1.34672  1.34705  1.34277  1.34470  1.35323
  2180.62      4.5858  1.34661  1.34693  1.34266  1.34459  1.35312
  2179.12      4.5890  1.34651  1.34681  1.34255  1.34447  1.35301
  2177.62      4.5922  1.34641  1.34670  1.34244  1.34434  1.35287
  2176.12      4.5953  1.34631  1.34660  1.34234  1.34420  1.35273
  2174.62      4.5985  1.34619  1.34649  1.34227  1.34406  1.35260
  2173.12      4.6017  1.34608  1.34639  1.34219  1.34395  1.35250
  2171.62      4.6048  1.34596  1.34628  1.34212  1.34386  1.35242
  2170.12      4.6080  1.34584  1.34618  1.34204  1.34380  1.35235
  2168.62      4.6112  1.34572  1.34608  1.34198  1.34375  1.35229
  2167.12      4.6144  1.34561  1.34598  1.34192  1.34369  1.35220
  2165.62      4.6176  1.34550  1.34588  1.34185  1.34361  1.35212
  2164.12      4.6208  1.34540  1.34580  1.34178  1.34352  1.35203
  2162.62      4.6240  1.34529  1.34570  1.34171  1.34343  1.35197
  2161.12      4.6272  1.34520  1.34562  1.34164  1.34336  1.35192
  2159.62      4.6304  1.34510  1.34554  1.34157  1.34331  1.35186
  2158.12      4.6337  1.34499  1.34546  1.34149  1.34326  1.35179
  2156.62      4.6369  1.34488  1.34538  1.34141  1.34320  1.35171
  2155.12      4.6401  1.34476  1.34531  1.34135  1.34316  1.35165
  2153.62      4.6433  1.34464  1.34524  1.34129  1.34311  1.35159
  2152.12      4.6466  1.34453  1.34518  1.34123  1.34305  1.35153
  2150.62      4.6498  1.34439  1.34512  1.34117  1.34299  1.35148
  2149.12      4.6531  1.34426  1.34504  1.34110  1.34290  1.35142
  2147.62      4.6563  1.34413  1.34498  1.34105  1.34283  1.35137
  2146.12      4.6596  1.34400  1.34492  1.34099  1.34275  1.35131
  2144.62      4.6628  1.34387  1.34486  1.34094  1.34271  1.35125
  2143.12      4.6661  1.34376  1.34479  1.34087  1.34268  1.35118
  2141.62      4.6694  1.34364  1.34474  1.34083  1.34268  1.35111
  2140.12      4.6726  1.34353  1.34468  1.34078  1.34267  1.35103
  2138.62      4.6759  1.34343  1.34463  1.34074  1.34264  1.35096
  2137.12      4.6792  1.34334  1.34457  1.34069  1.34260  1.35091
  2135.62      4.6825  1.34324  1.34450  1.34065  1.34254  1.35087
  2134.12      4.6858  1.34315  1.34444  1.34061  1.34248  1.35084
  2132.62      4.6891  1.34306  1.34438  1.34056  1.34242  1.35080
  2131.12      4.6924  1.34296  1.34431  1.34051  1.34235  1.35073
  2129.62      4.6957  1.34286  1.34423  1.34044  1.34227  1.35065
  2128.12      4.6990  1.34275  1.34415  1.34037  1.34220  1.35057
  2126.62      4.7023  1.34263  1.34406  1.34029  1.34213  1.35050
  2125.12      4.7056  1.34251  1.34398  1.34021  1.34204  1.35044
  2123.62      4.7089  1.34240  1.34389  1.34012  1.34193  1.35037
  2122.12      4.7123  1.34228  1.34380  1.34002  1.34180  1.35031
  2120.62      4.7156  1.34215  1.34372  1.33993  1.34170  1.35027
  2119.12      4.7189  1.34202  1.34363  1.33984  1.34162  1.35021
  2117.62      4.7223  1.34189  1.34353  1.33974  1.34156  1.35014
  2116.12      4.7256  1.34177  1.34344  1.33965  1.34149  1.35005
  2114.62      4.7290  1.34164  1.34334  1.33956  1.34140  1.34994
  2113.12      4.7323  1.34151  1.34323  1.33946  1.34129  1.34981
  2111.62      4.7357  1.34138  1.34312  1.33937  1.34117  1.34968
  2110.12      4.7391  1.34126  1.34301  1.33927  1.34106  1.34956
  2108.62      4.7424  1.34113  1.34289  1.33916  1.34093  1.34943
  2107.12      4.7458  1.34099  1.34277  1.33906  1.34083  1.34931
  2105.62      4.7492  1.34085  1.34265  1.33894  1.34071  1.34917
  2104.12      4.7526  1.34070  1.34252  1.33881  1.34059  1.34902
  2102.62      4.7560  1.34054  1.34239  1.33866  1.34047  1.34886
  2101.12      4.7594  1.34038  1.34225  1.33851  1.34034  1.34872
  2099.62      4.7628  1.34021  1.34210  1.33835  1.34018  1.34856
  2098.12      4.7662  1.34003  1.34195  1.33818  1.34002  1.34839
  2096.62      4.7696  1.33984  1.34179  1.33801  1.33985  1.34820
  2095.12      4.7730  1.33965  1.34164  1.33784  1.33968  1.34803
  2093.62      4.7764  1.33944  1.34147  1.33767  1.33949  1.34785
  2092.12      4.7798  1.33924  1.34128  1.33748  1.33930  1.34766
  2090.62      4.7833  1.33904  1.34111  1.33731  1.33911  1.34747
  2089.12      4.7867  1.33883  1.34092  1.33714  1.33892  1.34727
  2087.62      4.7901  1.33862  1.34074  1.33696  1.33875  1.34705
  2086.12      4.7936  1.33840  1.34056  1.33679  1.33859  1.34683
  2084.62      4.7970  1.33817  1.34037  1.33661  1.33844  1.34663
  2083.12      4.8005  1.33794  1.34018  1.33642  1.33828  1.34645
  2081.62      4.8040  1.33771  1.34001  1.33625  1.33811  1.34628
  2080.12      4.8074  1.33746  1.33982  1.33606  1.33793  1.34610
  2078.62      4.8109  1.33721  1.33963  1.33588  1.33775  1.34592
  2077.12      4.8144  1.33696  1.33946  1.33570  1.33758  1.34572
  2075.62      4.8178  1.33671  1.33927  1.33551  1.33741  1.34552
  2074.12      4.8213  1.33646  1.33908  1.33532  1.33723  1.34532
  2072.62      4.8248  1.33623  1.33890  1.33514  1.33703  1.34513
  2071.12      4.8283  1.33598  1.33871  1.33494  1.33681  1.34495
  2069.62      4.8318  1.33573  1.33852  1.33476  1.33659  1.34475
  2068.12      4.8353  1.33548  1.33834  1.33458  1.33638  1.34456
  2066.62      4.8388  1.33522  1.33815  1.33439  1.33617  1.34434
  2065.12      4.8423  1.33495  1.33796  1.33422  1.33595  1.34412
  2063.62      4.8459  1.33467  1.33779  1.33405  1.33573  1.34389
  2062.12      4.8494  1.33439  1.33761  1.33388  1.33553  1.34368
  2060.62      4.8529  1.33409  1.33745  1.33371  1.33531  1.34346
  2059.12      4.8565  1.33380  1.33728  1.33354  1.33511  1.34324
  2057.62      4.8600  1.33350  1.33711  1.33336  1.33491  1.34303
  2056.12      4.8635  1.33320  1.33695  1.33319  1.33473  1.34282
  2054.61      4.8671  1.33291  1.33678  1.33301  1.33456  1.34263
  2053.11      4.8706  1.33262  1.33661  1.33283  1.33440  1.34242
  2051.61      4.8742  1.33234  1.33644  1.33264  1.33426  1.34222
  2050.11      4.8778  1.33206  1.33628  1.33247  1.33412  1.34202
  2048.61      4.8813  1.33178  1.33611  1.33229  1.33395  1.34181
  2047.11      4.8849  1.33151  1.33595  1.33210  1.33376  1.34161
  2045.61      4.8885  1.33123  1.33579  1.33192  1.33355  1.34143
  2044.11      4.8921  1.33096  1.33564  1.33173  1.33336  1.34124
  2042.61      4.8957  1.33068  1.33549  1.33155  1.33318  1.34106
  2041.11      4.8993  1.33039  1.33534  1.33137  1.33300  1.34088
  2039.61      4.9029  1.33009  1.33520  1.33121  1.33284  1.34070
  2038.11      4.9065  1.32980  1.33507  1.33105  1.33265  1.34053
  2036.61      4.9101  1.32951  1.33493  1.33090  1.33246  1.34035
  2035.11      4.9137  1.32922  1.33479  1.33075  1.33227  1.34016
  2033.61      4.9174  1.32892  1.33464  1.33061  1.33209  1.33994
  2032.11      4.9210  1.32862  1.33448  1.33046  1.33192  1.33972
  2030.61      4.9246  1.32834  1.33433  1.33031  1.33176  1.33950
  2029.11      4.9283  1.32806  1.33416  1.33014  1.33159  1.33927
  2027.61      4.9319  1.32779  1.33397  1.32995  1.33141  1.33904
  2026.11      4.9356  1.32753  1.33379  1.32976  1.33123  1.33880
  2024.61      4.9392  1.32727  1.33360  1.32956  1.33103  1.33857
  2023.11      4.9429  1.32701  1.33340  1.32934  1.33080  1.33836
  2021.61      4.9465  1.32675  1.33322  1.32911  1.33054  1.33817
  2020.11      4.9502  1.32649  1.33302  1.32889  1.33026  1.33800
  2018.61      4.9539  1.32623  1.33282  1.32867  1.33000  1.33781
  2017.11      4.9576  1.32596  1.33263  1.32844  1.32978  1.33759
  2015.61      4.9613  1.32568  1.33244  1.32823  1.32961  1.33734
  2014.11      4.9650  1.32539  1.33225  1.32802  1.32942  1.33707
  2012.61      4.9687  1.32509  1.33207  1.32782  1.32923  1.33680
  2011.11      4.9724  1.32478  1.33187  1.32763  1.32901  1.33654
  2009.61      4.9761  1.32447  1.33167  1.32743  1.32875  1.33630
  2008.11      4.9798  1.32415  1.33146  1.32724  1.32849  1.33605
  2006.61      4.9835  1.32382  1.33125  1.32703  1.32823  1.33579
  2005.11      4.9873  1.32350  1.33103  1.32683  1.32799  1.33551
  2003.61      4.9910  1.32318  1.33079  1.32660  1.32777  1.33523
  2002.11      4.9947  1.32287  1.33056  1.32637  1.32756  1.33495
  2000.61      4.9985  1.32257  1.33030  1.32612  1.32735  1.33469
  1999.11      5.0022  1.32226  1.33004  1.32584  1.32711  1.33444
  1997.61      5.0060  1.32197  1.32978  1.32556  1.32686  1.33418
  1996.11      5.0097  1.32168  1.32951  1.32526  1.32658  1.33390
  1994.61      5.0135  1.32139  1.32924  1.32495  1.32625  1.33359
  1993.11      5.0173  1.32110  1.32897  1.32464  1.32590  1.33326
  1991.61      5.0211  1.32079  1.32870  1.32432  1.32555  1.33291
  1990.11      5.0248  1.32045  1.32843  1.32402  1.32523  1.33256
  1988.61      5.0286  1.32010  1.32817  1.32372  1.32492  1.33222
  1987.11      5.0324  1.31973  1.32792  1.32344  1.32466  1.33190
  1985.61      5.0362  1.31934  1.32766  1.32316  1.32438  1.33157
  1984.11      5.0400  1.31894  1.32740  1.32289  1.32408  1.33124
  1982.61      5.0439  1.31853  1.32713  1.32262  1.32378  1.33089
  1981.11      5.0477  1.31811  1.32687  1.32235  1.32348  1.33054
  1979.61      5.0515  1.31771  1.32659  1.32207  1.32318  1.33018
  1978.11      5.0553  1.31730  1.32631  1.32177  1.32288  1.32981
  1976.61      5.0592  1.31691  1.32602  1.32146  1.32260  1.32945
  1975.11      5.0630  1.31654  1.32572  1.32114  1.32230  1.32911
  1973.61      5.0669  1.31617  1.32543  1.32083  1.32200  1.32875
  1972.11      5.0707  1.31580  1.32512  1.32050  1.32166  1.32840
  1970.61      5.0746  1.31544  1.32482  1.32018  1.32129  1.32807
  1969.11      5.0784  1.31508  1.32452  1.31987  1.32091  1.32774
  1967.61      5.0823  1.31473  1.32421  1.31956  1.32052  1.32740
  1966.11      5.0862  1.31435  1.32392  1.31927  1.32017  1.32706
  1964.61      5.0901  1.31396  1.32363  1.31897  1.31987  1.32671
  1963.11      5.0940  1.31357  1.32335  1.31867  1.31961  1.32634
  1961.61      5.0979  1.31317  1.32308  1.31837  1.31936  1.32597
  1960.11      5.1018  1.31276  1.32281  1.31806  1.31910  1.32560
  1958.61      5.1057  1.31234  1.32254  1.31776  1.31881  1.32523
  1957.11      5.1096  1.31193  1.32228  1.31745  1.31850  1.32489
  1955.61      5.1135  1.31151  1.32201  1.31714  1.31817  1.32456
  1954.11      5.1174  1.31112  1.32173  1.31683  1.31786  1.32422
  1952.61      5.1214  1.31075  1.32145  1.31652  1.31757  1.32387
  1951.11      5.1253  1.31039  1.32117  1.31620  1.31730  1.32354
  1949.61      5.1292  1.31004  1.32088  1.31589  1.31701  1.32323
  1948.11      5.1332  1.30970  1.32059  1.31558  1.31670  1.32298
  1946.61      5.1371  1.30936  1.32031  1.31526  1.31636  1.32274
  1945.11      5.1411  1.30904  1.32003  1.31497  1.31599  1.32252
  1943.61      5.1451  1.30870  1.31976  1.31468  1.31563  1.32227
  1942.11      5.1490  1.30835  1.31951  1.31443  1.31533  1.32198
  1940.61      5.1530  1.30798  1.31928  1.31419  1.31509  1.32166
  1939.11      5.1570  1.30759  1.31907  1.31399  1.31492  1.32131
  1937.61      5.1610  1.30720  1.31887  1.31379  1.31476  1.32099
  1936.11      5.1650  1.30680  1.31868  1.31361  1.31459  1.32069
  1934.61      5.1690  1.30642  1.31847  1.31342  1.31441  1.32042
  1933.11      5.1730  1.30604  1.31828  1.31322  1.31419  1.32018
  1931.61      5.1770  1.30568  1.31808  1.31302  1.31398  1.31994
  1930.11      5.1811  1.30534  1.31788  1.31280  1.31373  1.31971
  1928.61      5.1851  1.30505  1.31764  1.31256  1.31347  1.31945
  1927.11      5.1891  1.30479  1.31740  1.31232  1.31316  1.31920
  1925.61      5.1932  1.30454  1.31715  1.31207  1.31283  1.31894
  1924.11      5.1972  1.30430  1.31690  1.31182  1.31251  1.31869
  1922.61      5.2013  1.30407  1.31665  1.31158  1.31219  1.31848
  1921.11      5.2053  1.30384  1.31642  1.31135  1.31189  1.31827
  1919.60      5.2094  1.30361  1.31619  1.31114  1.31163  1.31806
  1918.10      5.2135  1.30337  1.31599  1.31094  1.31142  1.31782
  1916.60      5.2176  1.30312  1.31581  1.31075  1.31126  1.31756
  1915.10      5.2216  1.30284  1.31564  1.31058  1.31113  1.31731
  1913.60      5.2257  1.30256  1.31550  1.31041  1.31098  1.31708
  1912.10      5.2298  1.30229  1.31535  1.31024  1.31082  1.31690
  1910.60      5.2339  1.30203  1.31521  1.31005  1.31064  1.31673
  1909.10      5.2381  1.30176  1.31508  1.30987  1.31047  1.31655
  1907.60      5.2422  1.30148  1.31494  1.30970  1.31033  1.31635
  1906.10      5.2463  1.30121  1.31481  1.30953  1.31021  1.31614
  1904.60      5.2504  1.30095  1.31467  1.30936  1.31009  1.31595
  1903.10      5.2546  1.30070  1.31452  1.30920  1.30996  1.31574
  1901.60      5.2587  1.30047  1.31437  1.30904  1.30981  1.31553
  1900.10      5.2629  1.30026  1.31420  1.30889  1.30968  1.31533
  1898.60      5.2670  1.30007  1.31403  1.30873  1.30955  1.31516
  1897.10      5.2712  1.29991  1.31385  1.30856  1.30940  1.31499
  1895.60      5.2754  1.29977  1.31367  1.30839  1.30923  1.31484
  1894.10      5.2795  1.29965  1.31349  1.30822  1.30905  1.31471
  1892.60      5.2837  1.29955  1.31331  1.30805  1.30886  1.31459
  1891.10      5.2879  1.29946  1.31314  1.30788  1.30868  1.31448
  1889.60      5.2921  1.29937  1.31298  1.30771  1.30852  1.31435
  1888.10      5.2963  1.29927  1.31284  1.30757  1.30837  1.31420
  1886.60      5.3005  1.29914  1.31271  1.30744  1.30823  1.31402
  1885.10      5.3048  1.29899  1.31261  1.30734  1.30809  1.31384
  1883.60      5.3090  1.29883  1.31251  1.30724  1.30796  1.31367
  1882.10      5.3132  1.29867  1.31241  1.30715  1.30783  1.31352
  1880.60      5.3174  1.29853  1.31228  1.30707  1.30771  1.31339
  1879.10      5.3217  1.29843  1.31214  1.30698  1.30763  1.31326
  1877.60      5.3259  1.29839  1.31197  1.30686  1.30756  1.31314
  1876.10      5.3302  1.29838  1.31179  1.30672  1.30753  1.31301
  1874.60      5.3345  1.29844  1.31158  1.30656  1.30748  1.31291
  1873.10      5.3387  1.29852  1.31138  1.30638  1.30737  1.31285
  1871.60      5.3430  1.29865  1.31116  1.30620  1.30720  1.31286
  1870.10      5.3473  1.29880  1.31095  1.30601  1.30697  1.31290
  1868.60      5.3516  1.29895  1.31076  1.30586  1.30675  1.31291
  1867.10      5.3559  1.29904  1.31064  1.30576  1.30662  1.31287
  1865.60      5.3602  1.29908  1.31058  1.30570  1.30658  1.31276
  1864.10      5.3645  1.29908  1.31055  1.30568  1.30661  1.31264
  1862.60      5.3688  1.29906  1.31055  1.30569  1.30665  1.31253
  1861.10      5.3732  1.29901  1.31057  1.30573  1.30668  1.31245
  1859.60      5.3775  1.29895  1.31061  1.30579  1.30669  1.31237
  1858.10      5.3818  1.29889  1.31065  1.30583  1.30670  1.31231
  1856.60      5.3862  1.29886  1.31067  1.30588  1.30670  1.31225
  1855.10      5.3905  1.29889  1.31065  1.30590  1.30671  1.31221
  1853.60      5.3949  1.29901  1.31060  1.30589  1.30671  1.31219
  1852.10      5.3993  1.29919  1.31051  1.30585  1.30670  1.31221
  1850.60      5.4037  1.29942  1.31041  1.30579  1.30670  1.31229
  1849.10      5.4080  1.29968  1.31030  1.30572  1.30666  1.31243
  1847.60      5.4124  1.29999  1.31019  1.30565  1.30660  1.31263
  1846.10      5.4168  1.30032  1.31010  1.30558  1.30651  1.31283
  1844.60      5.4212  1.30064  1.31004  1.30553  1.30642  1.31297
  1843.10      5.4256  1.30091  1.31002  1.30553  1.30641  1.31303
  1841.60      5.4301  1.30114  1.31005  1.30559  1.30650  1.31302
  1840.10      5.4345  1.30136  1.31009  1.30569  1.30669  1.31301
  1838.60      5.4389  1.30160  1.31015  1.30579  1.30690  1.31304
  1837.10      5.4434  1.30187  1.31020  1.30590  1.30711  1.31313
  1835.60      5.4478  1.30216  1.31025  1.30602  1.30729  1.31327
  1834.10      5.4523  1.30249  1.31031  1.30613  1.30744  1.31347
  1832.60      5.4567  1.30285  1.31036  1.30621  1.30754  1.31372
  1831.10      5.4612  1.30328  1.31040  1.30628  1.30761  1.31400
  1829.60      5.4657  1.30374  1.31044  1.30635  1.30768  1.31427
  1828.10      5.4702  1.30417  1.31052  1.30645  1.30778  1.31450
  1826.60      5.4747  1.30459  1.31064  1.30660  1.30795  1.31468
  1825.10      5.4792  1.30495  1.31080  1.30678  1.30817  1.31485
  1823.60      5.4837  1.30530  1.31100  1.30701  1.30845  1.31503
  1822.10      5.4882  1.30562  1.31123  1.30727  1.30878  1.31522
  1820.60      5.4927  1.30592  1.31148  1.30757  1.30910  1.31544
  1819.10      5.4972  1.30624  1.31175  1.30788  1.30942  1.31568
  1817.60      5.5018  1.30657  1.31201  1.30818  1.30971  1.31595
  1816.10      5.5063  1.30694  1.31228  1.30848  1.30998  1.31625
  1814.60      5.5109  1.30734  1.31253  1.30877  1.31024  1.31660
  1813.10      5.5154  1.30779  1.31276  1.30905  1.31051  1.31697
  1811.60      5.5200  1.30829  1.31297  1.30932  1.31081  1.31735
  1810.10      5.5246  1.30884  1.31316  1.30959  1.31116  1.31773
  1808.60      5.5291  1.30942  1.31337  1.30985  1.31152  1.31810
  1807.10      5.5337  1.31001  1.31357  1.31014  1.31189  1.31846
  1805.60      5.5383  1.31063  1.31377  1.31042  1.31222  1.31886
  1804.10      5.5429  1.31130  1.31394  1.31071  1.31250  1.31929
  1802.60      5.5476  1.31204  1.31409  1.31098  1.31274  1.31973
  1801.10      5.5522  1.31285  1.31423  1.31124  1.31302  1.32017
  1799.60      5.5568  1.31366  1.31440  1.31149  1.31336  1.32060
  1798.10      5.5614  1.31449  1.31459  1.31175  1.31375  1.32103
  1796.60      5.5661  1.31531  1.31480  1.31202  1.31417  1.32153
  1795.10      5.5707  1.31616  1.31502  1.31230  1.31452  1.32210
  1793.60      5.5754  1.31702  1.31525  1.31260  1.31481  1.32270
  1792.10      5.5801  1.31785  1.31553  1.31295  1.31511  1.32326
  1790.60      5.5847  1.31861  1.31587  1.31334  1.31551  1.32372
  1789.10      5.5894  1.31930  1.31627  1.31379  1.31602  1.32413
  1787.60      5.5941  1.31997  1.31670  1.31426  1.31660  1.32450
  1786.10      5.5988  1.32065  1.31714  1.31475  1.31719  1.32492
  1784.59      5.6035  1.32137  1.31754  1.31525  1.31773  1.32543
  1783.09      5.6082  1.32216  1.31792  1.31575  1.31824  1.32598
  1781.59      5.6129  1.32304  1.31828  1.31622  1.31875  1.32655
  1780.09      5.6177  1.32400  1.31862  1.31665  1.31929  1.32713
  1778.59      5.6224  1.32507  1.31892  1.31705  1.31983  1.32774
  1777.09      5.6272  1.32622  1.31920  1.31742  1.32036  1.32841
  1775.59      5.6319  1.32745  1.31946  1.31778  1.32081  1.32917
  1774.09      5.6367  1.32873  1.31971  1.31814  1.32121  1.33003
  1772.59      5.6414  1.33004  1.32000  1.31853  1.32159  1.33088
  1771.09      5.6462  1.33128  1.32032  1.31897  1.32204  1.33164
  1769.59      5.6510  1.33242  1.32073  1.31946  1.32261  1.33227
  1768.09      5.6558  1.33350  1.32119  1.32002  1.32330  1.33283
  1766.59      5.6606  1.33454  1.32170  1.32063  1.32405  1.33338
  1765.09      5.6654  1.33555  1.32222  1.32127  1.32477  1.33398
  1763.59      5.6702  1.33657  1.32277  1.32193  1.32542  1.33468
  1762.09      5.6751  1.33760  1.32331  1.32260  1.32603  1.33542
  1760.59      5.6799  1.33868  1.32385  1.32327  1.32664  1.33618
  1759.09      5.6847  1.33984  1.32437  1.32392  1.32731  1.33692
  1757.59      5.6896  1.34111  1.32486  1.32454  1.32805  1.33764
  1756.09      5.6945  1.34246  1.32533  1.32513  1.32884  1.33840
  1754.59      5.6993  1.34389  1.32578  1.32572  1.32959  1.33925
  1753.09      5.7042  1.34539  1.32620  1.32630  1.33026  1.34021
  1751.59      5.7091  1.34695  1.32661  1.32687  1.33084  1.34125
  1750.09      5.7140  1.34854  1.32704  1.32744  1.33139  1.34229
  1748.59      5.7189  1.35012  1.32752  1.32803  1.33201  1.34328
  1747.09      5.7238  1.35166  1.32804  1.32868  1.33276  1.34417
  1745.59      5.7287  1.35319  1.32857  1.32938  1.33360  1.34501
  1744.09      5.7336  1.35479  1.32908  1.33008  1.33450  1.34585
  1742.59      5.7386  1.35646  1.32957  1.33077  1.33539  1.34674
  1741.09      5.7435  1.35815  1.33007  1.33144  1.33628  1.34766
  1739.59      5.7485  1.35982  1.33059  1.33210  1.33715  1.34863
  1738.09      5.7534  1.36145  1.33114  1.33276  1.33793  1.34967
  1736.59      5.7584  1.36309  1.33169  1.33339  1.33860  1.35078
  1735.09      5.7634  1.36472  1.33224  1.33403  1.33916  1.35192
  1733.59      5.7684  1.36624  1.33284  1.33469  1.33970  1.35299
  1732.09      5.7734  1.36757  1.33352  1.33546  1.34038  1.35388
  1730.59      5.7784  1.36874  1.33427  1.33631  1.34126  1.35461
  1729.09      5.7834  1.36985  1.33503  1.33721  1.34232  1.35528
  1727.59      5.7884  1.37101  1.33574  1.33811  1.34347  1.35594
  1726.09      5.7934  1.37227  1.33641  1.33896  1.34459  1.35665
  1724.59      5.7985  1.37361  1.33700  1.33973  1.34562  1.35744
  1723.09      5.8035  1.37502  1.33757  1.34041  1.34649  1.35832
  1721.59      5.8086  1.37654  1.33808  1.34098  1.34715  1.35936
  1720.09      5.8136  1.37819  1.33851  1.34147  1.34760  1.36055
  1718.59      5.8187  1.37993  1.33888  1.34191  1.34792  1.36179
  1717.09      5.8238  1.38163  1.33923  1.34238  1.34825  1.36292
  1715.59      5.8289  1.38318  1.33963  1.34292  1.34875  1.36380
  1714.09      5.8340  1.38456  1.34008  1.34355  1.34948  1.36443
  1712.59      5.8391  1.38584  1.34056  1.34423  1.35039  1.36492
  1711.09      5.8442  1.38712  1.34101  1.34495  1.35134  1.36541
  1709.59      5.8494  1.38846  1.34138  1.34561  1.35218  1.36602
  1708.09      5.8545  1.38990  1.34168  1.34617  1.35285  1.36674
  1706.59      5.8596  1.39144  1.34192  1.34662  1.35337  1.36754
  1705.09      5.8648  1.39304  1.34211  1.34695  1.35376  1.36839
  1703.59      5.8700  1.39471  1.34227  1.34718  1.35403  1.36930
  1702.09      5.8751  1.39642  1.34238  1.34735  1.35419  1.37026
  1700.59      5.8803  1.39807  1.34247  1.34752  1.35427  1.37121
  1699.09      5.8855  1.39951  1.34264  1.34775  1.35440  1.37203
  1697.59      5.8907  1.40068  1.34289  1.34810  1.35471  1.37264
  1696.09      5.8959  1.40164  1.34319  1.34855  1.35527  1.37304
  1694.59      5.9011  1.40244  1.34353  1.34907  1.35604  1.37325
  1693.09      5.9064  1.40316  1.34390  1.34960  1.35691  1.37342
  1691.59      5.9116  1.40385  1.34426  1.35009  1.35774  1.37367
  1690.09      5.9169  1.40454  1.34461  1.35053  1.35840  1.37407
  1688.59      5.9221  1.40524  1.34493  1.35091  1.35882  1.37473
  1687.09      5.9274  1.40604  1.34521  1.35125  1.35898  1.37558
  1685.59      5.9326  1.40697  1.34544  1.35154  1.35899  1.37652
  1684.09      5.9379  1.40789  1.34568  1.35184  1.35905  1.37734
  1682.59      5.9432  1.40867  1.34600  1.35223  1.35937  1.37789
  1681.09      5.9485  1.40935  1.34639  1.35273  1.36001  1.37825
  1679.59      5.9538  1.41000  1.34682  1.35331  1.36083  1.37856
  1678.09      5.9592  1.41065  1.34729  1.35392  1.36167  1.37899
  1676.59      5.9645  1.41129  1.34782  1.35454  1.36238  1.37963
  1675.09      5.9698  1.41186  1.34841  1.35520  1.36295  1.38040
  1673.59      5.9752  1.41236  1.34908  1.35592  1.36348  1.38125
  1672.09      5.9806  1.41287  1.34983  1.35664  1.36407  1.38214
  1670.59      5.9859  1.41341  1.35063  1.35739  1.36477  1.38303
  1669.09      5.9913  1.41389  1.35152  1.35823  1.36567  1.38388
  1667.59      5.9967  1.41425  1.35253  1.35919  1.36673  1.38467
  1666.09      6.0021  1.41454  1.35360  1.36029  1.36792  1.38546
  1664.59      6.0075  1.41495  1.35468  1.36148  1.36914  1.38630
  1663.09      6.0129  1.41554  1.35575  1.36268  1.37039  1.38724
  1661.59      6.0183  1.41625  1.35688  1.36386  1.37168  1.38824
  1660.09      6.0238  1.41704  1.35804  1.36507  1.37304  1.38930
  1658.59      6.0292  1.41801  1.35918  1.36628  1.37437  1.39055
  1657.09      6.0347  1.41927  1.36029  1.36745  1.37550  1.39209
  1655.59      6.0402  1.42080  1.36136  1.36855  1.37642  1.39391
  1654.09      6.0456  1.42242  1.36249  1.36965  1.37725  1.39582
  1652.59      6.0511  1.42382  1.36384  1.37087  1.37824  1.39761
  1651.08      6.0566  1.42488  1.36545  1.37229  1.37955  1.39919
  1649.58      6.0621  1.42576  1.36724  1.37386  1.38109  1.40068
  1648.08      6.0676  1.42656  1.36913  1.37556  1.38277  1.40214
  1646.58      6.0732  1.42725  1.37116  1.37740  1.38454  1.40359
  1645.08      6.0787  1.42775  1.37337  1.37939  1.38646  1.40492
  1643.58      6.0843  1.42803  1.37575  1.38145  1.38855  1.40617
  1642.08      6.0898  1.42823  1.37823  1.38352  1.39068  1.40745
  1640.58      6.0954  1.42852  1.38073  1.38553  1.39264  1.40894
  1639.08      6.1010  1.42896  1.38315  1.38752  1.39430  1.41070
  1637.58      6.1066  1.42951  1.38550  1.38945  1.39573  1.41258
  1636.08      6.1122  1.43001  1.38786  1.39135  1.39712  1.41437
  1634.58      6.1178  1.43038  1.39023  1.39325  1.39871  1.41584
  1633.08      6.1234  1.43066  1.39259  1.39514  1.40051  1.41702
  1631.58      6.1290  1.43090  1.39487  1.39698  1.40240  1.41805
  1630.08      6.1347  1.43112  1.39705  1.39872  1.40422  1.41910
  1628.58      6.1403  1.43134  1.39908  1.40038  1.40579  1.42022
  1627.08      6.1460  1.43154  1.40098  1.40192  1.40711  1.42139
  1625.58      6.1516  1.43169  1.40274  1.40332  1.40824  1.42247
  1624.08      6.1573  1.43179  1.40436  1.40452  1.40926  1.42342
  1622.58      6.1630  1.43185  1.40583  1.40558  1.41022  1.42422
  1621.08      6.1687  1.43188  1.40713  1.40650  1.41110  1.42492
  1619.58      6.1744  1.43185  1.40823  1.40733  1.41182  1.42558
  1618.08      6.1802  1.43176  1.40915  1.40800  1.41234  1.42615
  1616.58      6.1859  1.43151  1.40993  1.40855  1.41272  1.42651
  1615.08      6.1916  1.43104  1.41063  1.40902  1.41303  1.42660
  1613.58      6.1974  1.43040  1.41123  1.40941  1.41332  1.42649
  1612.08      6.2032  1.42966  1.41168  1.40968  1.41353  1.42627
  1610.58      6.2089  1.42889  1.41197  1.40981  1.41363  1.42602
  1609.08      6.2147  1.42808  1.41211  1.40981  1.41355  1.42574
  1607.58      6.2205  1.42719  1.41211  1.40972  1.41334  1.42540
  1606.08      6.2263  1.42623  1.41200  1.40953  1.41301  1.42499
  1604.58      6.2322  1.42527  1.41177  1.40922  1.41260  1.42451
  1603.08      6.2380  1.42434  1.41143  1.40881  1.41213  1.42398
  1601.58      6.2438  1.42342  1.41096  1.40831  1.41163  1.42338
  1600.08      6.2497  1.42246  1.41040  1.40774  1.41108  1.42271
  1598.58      6.2555  1.42150  1.40977  1.40712  1.41046  1.42200
  1597.08      6.2614  1.42050  1.40909  1.40644  1.40975  1.42125
  1595.58      6.2673  1.41949  1.40835  1.40572  1.40896  1.42048
  1594.08      6.2732  1.41844  1.40757  1.40495  1.40812  1.41966
  1592.58      6.2791  1.41736  1.40676  1.40416  1.40728  1.41879
  1591.08      6.2850  1.41624  1.40592  1.40334  1.40644  1.41788
  1589.58      6.2910  1.41510  1.40504  1.40251  1.40562  1.41694
  1588.08      6.2969  1.41402  1.40411  1.40165  1.40478  1.41599
  1586.58      6.3029  1.41299  1.40310  1.40076  1.40392  1.41502
  1585.08      6.3088  1.41202  1.40203  1.39982  1.40301  1.41404
  1583.58      6.3148  1.41107  1.40093  1.39883  1.40208  1.41308
  1582.08      6.3208  1.41017  1.39978  1.39780  1.40111  1.41217
  1580.58      6.3268  1.40935  1.39856  1.39673  1.40002  1.41137
  1579.08      6.3328  1.40862  1.39729  1.39561  1.39883  1.41064
  1577.58      6.3388  1.40792  1.39599  1.39444  1.39756  1.40986
  1576.08      6.3449  1.40715  1.39473  1.39328  1.39633  1.40896
  1574.58      6.3509  1.40624  1.39355  1.39217  1.39526  1.40793
  1573.08      6.3570  1.40523  1.39243  1.39112  1.39433  1.40687
  1571.58      6.3630  1.40428  1.39128  1.39010  1.39344  1.40587
  1570.08      6.3691  1.40348  1.39005  1.38908  1.39252  1.40489
  1568.58      6.3752  1.40279  1.38876  1.38805  1.39157  1.40387
  1567.08      6.3813  1.40215  1.38749  1.38696  1.39066  1.40281
  1565.58      6.3874  1.40156  1.38620  1.38580  1.38980  1.40183
  1564.08      6.3935  1.40108  1.38490  1.38457  1.38882  1.40110
  1562.58      6.3997  1.40071  1.38355  1.38328  1.38755  1.40068
  1561.08      6.4058  1.40043  1.38215  1.38195  1.38596  1.40042
  1559.58      6.4120  1.40004  1.38078  1.38063  1.38425  1.40003
  1558.08      6.4182  1.39930  1.37962  1.37945  1.38278  1.39924
  1556.58      6.4243  1.39819  1.37866  1.37849  1.38184  1.39806
  1555.08      6.4305  1.39689  1.37783  1.37770  1.38128  1.39669
  1553.58      6.4368  1.39551  1.37704  1.37700  1.38090  1.39531
  1552.08      6.4430  1.39418  1.37620  1.37635  1.38047  1.39407
  1550.58      6.4492  1.39297  1.37532  1.37569  1.37986  1.39296
  1549.08      6.4555  1.39187  1.37442  1.37497  1.37913  1.39197
  1547.58      6.4617  1.39090  1.37349  1.37411  1.37828  1.39113
  1546.08      6.4680  1.39018  1.37249  1.37308  1.37726  1.39051
  1544.58      6.4743  1.38973  1.37134  1.37196  1.37603  1.39011
  1543.08      6.4806  1.38941  1.37012  1.37078  1.37467  1.38979
  1541.58      6.4869  1.38905  1.36893  1.36963  1.37335  1.38935
  1540.08      6.4932  1.38846  1.36787  1.36857  1.37225  1.38862
  1538.58      6.4995  1.38756  1.36698  1.36767  1.37148  1.38755
  1537.08      6.5059  1.38642  1.36623  1.36694  1.37097  1.38633
  1535.58      6.5122  1.38520  1.36551  1.36629  1.37050  1.38510
  1534.08      6.5186  1.38395  1.36482  1.36568  1.36998  1.38398
  1532.58      6.5250  1.38267  1.36414  1.36509  1.36938  1.38293
  1531.08      6.5314  1.38142  1.36346  1.36449  1.36872  1.38196
  1529.58      6.5378  1.38030  1.36273  1.36382  1.36802  1.38108
  1528.08      6.5442  1.37939  1.36192  1.36301  1.36724  1.38033
  1526.58      6.5506  1.37870  1.36100  1.36209  1.36634  1.37971
  1525.08      6.5571  1.37814  1.36003  1.36114  1.36535  1.37920
  1523.58      6.5635  1.37760  1.35905  1.36018  1.36432  1.37874
  1522.08      6.5700  1.37700  1.35811  1.35925  1.36332  1.37822
  1520.58      6.5765  1.37631  1.35723  1.35838  1.36242  1.37758
  1519.08      6.5830  1.37558  1.35637  1.35761  1.36165  1.37677
  1517.58      6.5895  1.37487  1.35550  1.35690  1.36102  1.37585
  1516.07      6.5960  1.37417  1.35465  1.35620  1.36050  1.37487
  1514.57      6.6025  1.37343  1.35386  1.35549  1.36004  1.37392
  1513.07      6.6091  1.37269  1.35310  1.35477  1.35950  1.37314
  1511.57      6.6156  1.37197  1.35234  1.35404  1.35873  1.37258
  1510.07      6.6222  1.37134  1.35157  1.35328  1.35769  1.37225
  1508.57      6.6288  1.37080  1.35078  1.35252  1.35653  1.37198
  1507.07      6.6354  1.37024  1.35003  1.35180  1.35549  1.37152
  1505.57      6.6420  1.36947  1.34943  1.35119  1.35482  1.37073
  1504.07      6.6486  1.36851  1.34895  1.35069  1.35455  1.36971
  1502.57      6.6552  1.36749  1.34851  1.35025  1.35444  1.36864
  1501.07      6.6619  1.36650  1.34803  1.34982  1.35424  1.36769
  1499.57      6.6686  1.36556  1.34751  1.34935  1.35382  1.36688
  1498.07      6.6752  1.36464  1.34699  1.34884  1.35322  1.36611
  1496.57      6.6819  1.36368  1.34650  1.34827  1.35258  1.36535
  1495.07      6.6886  1.36269  1.34603  1.34765  1.35196  1.36461
  1493.57      6.6954  1.36179  1.34552  1.34699  1.35129  1.36397
  1492.07      6.7021  1.36102  1.34493  1.34630  1.35050  1.36345
  1490.57      6.7088  1.36027  1.34432  1.34564  1.34963  1.36297
  1489.07      6.7156  1.35944  1.34376  1.34504  1.34882  1.36241
  1487.57      6.7224  1.35851  1.34326  1.34454  1.34822  1.36173
  1486.07      6.7291  1.35754  1.34280  1.34410  1.34784  1.36094
  1484.57      6.7359  1.35662  1.34232  1.34366  1.34758  1.36013
  1483.07      6.7428  1.35582  1.34178  1.34320  1.34730  1.35935
  1481.57      6.7496  1.35514  1.34118  1.34268  1.34692  1.35867
  1480.07      6.7564  1.35450  1.34055  1.34212  1.34643  1.35807
  1478.57      6.7633  1.35392  1.33990  1.34149  1.34581  1.35760
  1477.07      6.7702  1.35344  1.33922  1.34080  1.34504  1.35723
  1475.57      6.7770  1.35302  1.33849  1.34008  1.34418  1.35691
  1474.07      6.7839  1.35263  1.33776  1.33936  1.34333  1.35651
  1472.57      6.7908  1.35214  1.33706  1.33867  1.34262  1.35595
  1471.07      6.7978  1.35151  1.33645  1.33808  1.34213  1.35521
  1469.57      6.8047  1.35081  1.33586  1.33757  1.34177  1.35440
  1468.07      6.8117  1.35016  1.33524  1.33707  1.34141  1.35363
  1466.57      6.8186  1.34958  1.33455  1.33653  1.34094  1.35294
  1465.07      6.8256  1.34905  1.33382  1.33592  1.34036  1.35229
  1463.57      6.8326  1.34849  1.33312  1.33526  1.33973  1.35168
  1462.07      6.8396  1.34793  1.33240  1.33456  1.33901  1.35115
  1460.57      6.8466  1.34745  1.33163  1.33380  1.33815  1.35075
  1459.07      6.8537  1.34707  1.33081  1.33298  1.33717  1.35040
  1457.57      6.8607  1.34667  1.32998  1.33216  1.33615  1.34997
  1456.07      6.8678  1.34607  1.32926  1.33143  1.33530  1.34929
  1454.57      6.8749  1.34525  1.32867  1.33082  1.33471  1.34841
  1453.07      6.8820  1.34430  1.32818  1.33029  1.33433  1.34746
  1451.57      6.8891  1.34330  1.32773  1.32981  1.33399  1.34657
  1450.07      6.8962  1.34227  1.32729  1.32936  1.33357  1.34583
  1448.57      6.9034  1.34123  1.32686  1.32895  1.33309  1.34517
  1447.07      6.9105  1.34018  1.32643  1.32855  1.33260  1.34453
  1445.57      6.9177  1.33917  1.32600  1.32811  1.33218  1.34389
  1444.07      6.9249  1.33827  1.32553  1.32760  1.33180  1.34322
  1442.57      6.9321  1.33749  1.32497  1.32703  1.33138  1.34260
  1441.07      6.9393  1.33680  1.32433  1.32642  1.33084  1.34204
  1439.57      6.9465  1.33620  1.32365  1.32578  1.33014  1.34155
  1438.07      6.9538  1.33564  1.32292  1.32511  1.32933  1.34108
  1436.57      6.9610  1.33505  1.32220  1.32443  1.32852  1.34056
  1435.07      6.9683  1.33441  1.32152  1.32381  1.32780  1.33996
  1433.57      6.9756  1.33372  1.32087  1.32321  1.32719  1.33931
  1432.07      6.9829  1.33304  1.32023  1.32264  1.32667  1.33864
  1430.57      6.9902  1.33238  1.31956  1.32208  1.32617  1.33800
  1429.07      6.9976  1.33172  1.31889  1.32154  1.32568  1.33737
  1427.57      7.0049  1.33106  1.31823  1.32099  1.32520  1.33674
  1426.07      7.0123  1.33042  1.31758  1.32041  1.32471  1.33614
  1424.57      7.0197  1.32982  1.31694  1.31977  1.32416  1.33558
  1423.07      7.0271  1.32925  1.31629  1.31912  1.32352  1.33508
  1421.57      7.0345  1.32872  1.31563  1.31847  1.32282  1.33464
  1420.07      7.0419  1.32817  1.31497  1.31782  1.32208  1.33419
  1418.57      7.0494  1.32755  1.31435  1.31721  1.32143  1.33367
  1417.07      7.0568  1.32684  1.31380  1.31666  1.32093  1.33305
  1415.57      7.0643  1.32607  1.31327  1.31618  1.32054  1.33237
  1414.07      7.0718  1.32526  1.31278  1.31574  1.32021  1.33169
  1412.57      7.0793  1.32442  1.31230  1.31530  1.31985  1.33103
  1411.07      7.0868  1.32359  1.31180  1.31488  1.31943  1.33041
  1409.57      7.0944  1.32276  1.31128  1.31445  1.31894  1.32981
  1408.07      7.1019  1.32198  1.31073  1.31399  1.31841  1.32923
  1406.57      7.1095  1.32127  1.31015  1.31346  1.31785  1.32864
  1405.07      7.1171  1.32064  1.30950  1.31288  1.31729  1.32805
  1403.57      7.1247  1.32006  1.30882  1.31227  1.31672  1.32747
  1402.07      7.1323  1.31948  1.30813  1.31163  1.31613  1.32691
  1400.57      7.1400  1.31892  1.30743  1.31098  1.31549  1.32638
  1399.07      7.1476  1.31836  1.30670  1.31032  1.31478  1.32591
  1397.57      7.1553  1.31778  1.30600  1.30968  1.31406  1.32543
  1396.07      7.1630  1.31717  1.30531  1.30906  1.31340  1.32493
  1394.57      7.1707  1.31649  1.30468  1.30847  1.31285  1.32439
  1393.07      7.1784  1.31576  1.30409  1.30792  1.31240  1.32380
  1391.57      7.1862  1.31499  1.30354  1.30741  1.31197  1.32321
  1390.07      7.1939  1.31419  1.30298  1.30691  1.31152  1.32265
  1388.57      7.2017  1.31338  1.30244  1.30641  1.31102  1.32210
  1387.07      7.2095  1.31254  1.30191  1.30593  1.31050  1.32152
  1385.57      7.2173  1.31169  1.30138  1.30545  1.31001  1.32092
  1384.07      7.2251  1.31084  1.30085  1.30497  1.30958  1.32029
  1382.56      7.2329  1.31002  1.30031  1.30447  1.30914  1.31966
  1381.06      7.2408  1.30923  1.29973  1.30394  1.30867  1.31907
  1379.56      7.2487  1.30847  1.29914  1.30339  1.30811  1.31852
  1378.06      7.2566  1.30773  1.29853  1.30283  1.30748  1.31802
  1376.56      7.2645  1.30700  1.29791  1.30227  1.30681  1.31754
  1375.06      7.2724  1.30629  1.29730  1.30169  1.30614  1.31703
  1373.56      7.2803  1.30559  1.29669  1.30113  1.30552  1.31647
  1372.06      7.2883  1.30489  1.29607  1.30058  1.30498  1.31586
  1370.56      7.2963  1.30418  1.29547  1.30003  1.30452  1.31524
  1369.06      7.3043  1.30347  1.29489  1.29949  1.30410  1.31463
  1367.56      7.3123  1.30276  1.29430  1.29895  1.30363  1.31406
  1366.06      7.3203  1.30205  1.29373  1.29842  1.30309  1.31351
  1364.56      7.3284  1.30135  1.29315  1.29789  1.30248  1.31297
  1363.06      7.3364  1.30063  1.29259  1.29736  1.30185  1.31244
  1361.56      7.3445  1.29990  1.29206  1.29684  1.30127  1.31188
  1360.06      7.3526  1.29915  1.29155  1.29636  1.30078  1.31130
  1358.56      7.3607  1.29839  1.29105  1.29591  1.30036  1.31074
  1357.06      7.3689  1.29763  1.29057  1.29547  1.29997  1.31017
  1355.56      7.3770  1.29686  1.29011  1.29504  1.29957  1.30962
  1354.06      7.3852  1.29610  1.28966  1.29463  1.29916  1.30908
  1352.56      7.3934  1.29533  1.28921  1.29421  1.29875  1.30857
  1351.06      7.4016  1.29457  1.28875  1.29378  1.29833  1.30806
  1349.56      7.4098  1.29384  1.28829  1.29333  1.29790  1.30754
  1348.06      7.4181  1.29315  1.28780  1.29284  1.29744  1.30702
  1346.56      7.4263  1.29248  1.28730  1.29232  1.29696  1.30649
  1345.06      7.4346  1.29184  1.28678  1.29178  1.29644  1.30596
  1343.56      7.4429  1.29121  1.28626  1.29125  1.29588  1.30546
  1342.06      7.4512  1.29059  1.28572  1.29071  1.29525  1.30499
  1340.56      7.4596  1.28999  1.28519  1.29017  1.29459  1.30452
  1339.06      7.4679  1.28937  1.28466  1.28965  1.29396  1.30403
  1337.56      7.4763  1.28874  1.28417  1.28918  1.29345  1.30349
  1336.06      7.4847  1.28810  1.28371  1.28875  1.29304  1.30292
  1334.56      7.4931  1.28744  1.28327  1.28833  1.29270  1.30235
  1333.06      7.5015  1.28677  1.28283  1.28793  1.29236  1.30181
  1331.56      7.5100  1.28610  1.28241  1.28754  1.29199  1.30127
  1330.06      7.5185  1.28544  1.28198  1.28713  1.29156  1.30074
  1328.56      7.5269  1.28477  1.28154  1.28671  1.29111  1.30018
  1327.06      7.5354  1.28412  1.28109  1.28624  1.29064  1.29963
  1325.56      7.5440  1.28347  1.28061  1.28575  1.29015  1.29907
  1324.06      7.5525  1.28282  1.28011  1.28524  1.28964  1.29851
  1322.56      7.5611  1.28218  1.27957  1.28471  1.28908  1.29794
  1321.06      7.5697  1.28153  1.27901  1.28415  1.28848  1.29735
  1319.56      7.5783  1.28085  1.27842  1.28357  1.28785  1.29674
  1318.06      7.5869  1.28014  1.27782  1.28298  1.28720  1.29611
  1316.56      7.5956  1.27940  1.27721  1.28237  1.28655  1.29546
  1315.06      7.6042  1.27863  1.27657  1.28172  1.28588  1.29479
  1313.56      7.6129  1.27781  1.27591  1.28106  1.28522  1.29409
  1312.06      7.6216  1.27696  1.27523  1.28037  1.28454  1.29337
  1310.56      7.6303  1.27606  1.27453  1.27965  1.28385  1.29260
  1309.06      7.6391  1.27511  1.27378  1.27890  1.28312  1.29179
  1307.56      7.6478  1.27412  1.27300  1.27812  1.28236  1.29094
  1306.06      7.6566  1.27310  1.27219  1.27729  1.28155  1.29007
  1304.56      7.6654  1.27203  1.27132  1.27642  1.28071  1.28916
  1303.06      7.6742  1.27092  1.27040  1.27551  1.27982  1.28823
  1301.56      7.6831  1.26976  1.26944  1.27457  1.27888  1.28726
  1300.06      7.6920  1.26856  1.26842  1.27358  1.27789  1.28627
  1298.56      7.7008  1.26732  1.26735  1.27253  1.27686  1.28524
  1297.06      7.7098  1.26602  1.26622  1.27144  1.27579  1.28417
  1295.56      7.7187  1.26467  1.26504  1.27031  1.27467  1.28306
  1294.06      7.7276  1.26326  1.26379  1.26911  1.27351  1.28190
  1292.56      7.7366  1.26181  1.26249  1.26785  1.27231  1.28070
  1291.06      7.7456  1.26028  1.26112  1.26653  1.27103  1.27944
  1289.56      7.7546  1.25872  1.25967  1.26515  1.26970  1.27812
  1288.06      7.7636  1.25708  1.25815  1.26370  1.26830  1.27674
  1286.56      7.7727  1.25539  1.25656  1.26220  1.26685  1.27530
  1285.06      7.7818  1.25363  1.25490  1.26065  1.26535  1.27379
  1283.56      7.7908  1.25181  1.25316  1.25903  1.26379  1.27223
  1282.06      7.8000  1.24991  1.25135  1.25737  1.26217  1.27061
  1280.56      7.8091  1.24797  1.24946  1.25564  1.26050  1.26893
  1279.06      7.8183  1.24595  1.24751  1.25386  1.25875  1.26722
  1277.56      7.8274  1.24388  1.24549  1.25200  1.25695  1.26544
  1276.06      7.8366  1.24175  1.24341  1.25007  1.25507  1.26361
  1274.56      7.8459  1.23957  1.24126  1.24807  1.25313  1.26174
  1273.06      7.8551  1.23734  1.23907  1.24601  1.25113  1.25981
  1271.56      7.8644  1.23507  1.23682  1.24390  1.24910  1.25784
  1270.06      7.8737  1.23276  1.23453  1.24171  1.24701  1.25581
  1268.56      7.8830  1.23041  1.23220  1.23949  1.24487  1.25372
  1267.06      7.8923  1.22802  1.22986  1.23721  1.24269  1.25158
  1265.56      7.9017  1.22561  1.22750  1.23492  1.24045  1.24938
  1264.06      7.9110  1.22317  1.22512  1.23260  1.23819  1.24715
  1262.56      7.9204  1.22072  1.22276  1.23027  1.23589  1.24487
  1261.06      7.9299  1.21826  1.22041  1.22794  1.23358  1.24258
  1259.56      7.9393  1.21579  1.21810  1.22564  1.23126  1.24028
  1258.06      7.9488  1.21334  1.21586  1.22335  1.22895  1.23799
  1256.56      7.9583  1.21093  1.21367  1.22112  1.22666  1.23570
  1255.06      7.9678  1.20855  1.21159  1.21894  1.22441  1.23344
  1253.56      7.9773  1.20624  1.20961  1.21683  1.22222  1.23121
  1252.06      7.9869  1.20398  1.20778  1.21482  1.22011  1.22903
  1250.56      7.9964  1.20180  1.20610  1.21292  1.21811  1.22692
  1249.06      8.0061  1.19974  1.20461  1.21115  1.21621  1.22489
  1247.55      8.0157  1.19779  1.20333  1.20955  1.21445  1.22297
  1246.05      8.0253  1.19596  1.20229  1.20812  1.21284  1.22117
  1244.55      8.0350  1.19428  1.20150  1.20690  1.21140  1.21952
  1243.05      8.0447  1.19276  1.20097  1.20589  1.21015  1.21804
  1241.55      8.0544  1.19141  1.20074  1.20514  1.20909  1.21674
  1240.05      8.0642  1.19025  1.20082  1.20463  1.20825  1.21563
  1238.55      8.0739  1.18927  1.20123  1.20439  1.20764  1.21471
  1237.05      8.0837  1.18849  1.20196  1.20442  1.20728  1.21401
  1235.55      8.0935  1.18791  1.20302  1.20474  1.20718  1.21351
  1234.05      8.1034  1.18755  1.20442  1.20533  1.20736  1.21325
  1232.55      8.1132  1.18739  1.20615  1.20620  1.20783  1.21320
  1231.05      8.1231  1.18742  1.20821  1.20736  1.20857  1.21339
  1229.55      8.1330  1.18765  1.21060  1.20879  1.20957  1.21380
  1228.05      8.1430  1.18807  1.21330  1.21049  1.21081  1.21443
  1226.55      8.1529  1.18867  1.21630  1.21245  1.21228  1.21528
  1225.05      8.1629  1.18943  1.21958  1.21466  1.21398  1.21633
  1223.55      8.1729  1.19035  1.22312  1.21710  1.21590  1.21755
  1222.05      8.1830  1.19140  1.22692  1.21976  1.21802  1.21894
  1220.55      8.1930  1.19258  1.23093  1.22262  1.22033  1.22048
  1219.05      8.2031  1.19388  1.23514  1.22564  1.22279  1.22216
  1217.55      8.2132  1.19527  1.23953  1.22882  1.22535  1.22394
  1216.05      8.2233  1.19674  1.24408  1.23213  1.22802  1.22584
  1214.55      8.2335  1.19828  1.24877  1.23555  1.23080  1.22780
  1213.05      8.2437  1.19988  1.25357  1.23905  1.23366  1.22984
  1211.55      8.2539  1.20151  1.25849  1.24265  1.23661  1.23194
  1210.05      8.2641  1.20318  1.26349  1.24631  1.23959  1.23408
  1208.55      8.2744  1.20488  1.26857  1.25004  1.24260  1.23625
  1207.05      8.2846  1.20660  1.27374  1.25383  1.24565  1.23844
  1205.55      8.2950  1.20836  1.27898  1.25767  1.24874  1.24067
  1204.05      8.3053  1.21014  1.28429  1.26157  1.25188  1.24294
  1202.55      8.3157  1.21196  1.28968  1.26555  1.25509  1.24526
  1201.05      8.3260  1.21381  1.29514  1.26959  1.25836  1.24765
  1199.55      8.3364  1.21570  1.30067  1.27371  1.26170  1.25009
  1198.05      8.3469  1.21767  1.30628  1.27792  1.26512  1.25262
  1196.55      8.3574  1.21968  1.31196  1.28221  1.26864  1.25522
  1195.05      8.3678  1.22177  1.31773  1.28661  1.27228  1.25791
  1193.55      8.3784  1.22395  1.32358  1.29112  1.27604  1.26069
  1192.05      8.3889  1.22623  1.32951  1.29573  1.27992  1.26358
  1190.55      8.3995  1.22863  1.33551  1.30047  1.28391  1.26660
  1189.05      8.4101  1.23116  1.34158  1.30531  1.28801  1.26977
  1187.55      8.4207  1.23384  1.34773  1.31027  1.29222  1.27307
  1186.05      8.4313  1.23668  1.35392  1.31534  1.29656  1.27650
  1184.55      8.4420  1.23969  1.36016  1.32050  1.30103  1.28007
  1183.05      8.4527  1.24288  1.36641  1.32576  1.30564  1.28378
  1181.55      8.4635  1.24626  1.37269  1.33110  1.31037  1.28763
  1180.05      8.4742  1.24982  1.37893  1.33650  1.31520  1.29162
  1178.55      8.4850  1.25359  1.38516  1.34193  1.32011  1.29572
  1177.05      8.4958  1.25754  1.39131  1.34738  1.32507  1.29991
  1175.55      8.5067  1.26167  1.39737  1.35280  1.33004  1.30418
  1174.05      8.5175  1.26597  1.40331  1.35818  1.33502  1.30852
  1172.55      8.5284  1.27043  1.40911  1.36350  1.33998  1.31290
  1171.05      8.5394  1.27503  1.41474  1.36870  1.34491  1.31731
  1169.55      8.5503  1.27976  1.42017  1.37380  1.34978  1.32172
  1168.05      8.5613  1.28459  1.42538  1.37876  1.35456  1.32611
  1166.55      8.5723  1.28951  1.43035  1.38355  1.35922  1.33046
  1165.05      8.5833  1.29450  1.43505  1.38818  1.36375  1.33475
  1163.55      8.5944  1.29952  1.43949  1.39261  1.36813  1.33895
  1162.05      8.6055  1.30458  1.44364  1.39685  1.37234  1.34307
  1160.55      8.6166  1.30965  1.44750  1.40086  1.37639  1.34708
  1159.05      8.6278  1.31471  1.45105  1.40466  1.38027  1.35100
  1157.55      8.6389  1.31973  1.45430  1.40822  1.38396  1.35482
  1156.05      8.6502  1.32471  1.45724  1.41156  1.38750  1.35855
  1154.55      8.6614  1.32963  1.45989  1.41465  1.39086  1.36219
  1153.05      8.6727  1.33449  1.46224  1.41753  1.39403  1.36571
  1151.55      8.6840  1.33925  1.46431  1.42018  1.39701  1.36912
  1150.05      8.6953  1.34393  1.46609  1.42260  1.39980  1.37238
  1148.55      8.7066  1.34849  1.46762  1.42481  1.40242  1.37554
  1147.05      8.7180  1.35293  1.46888  1.42682  1.40488  1.37857
  1145.55      8.7295  1.35725  1.46990  1.42864  1.40718  1.38151
  1144.05      8.7409  1.36145  1.47070  1.43027  1.40933  1.38434
  1142.55      8.7524  1.36551  1.47127  1.43173  1.41135  1.38707
  1141.05      8.7639  1.36945  1.47166  1.43304  1.41321  1.38971
  1139.55      8.7754  1.37325  1.47186  1.43420  1.41496  1.39225
  1138.05      8.7870  1.37692  1.47190  1.43523  1.41655  1.39469
  1136.55      8.7986  1.38047  1.47179  1.43616  1.41803  1.39705
  1135.05      8.8102  1.38390  1.47154  1.43698  1.41942  1.39932
  1133.55      8.8219  1.38722  1.47118  1.43770  1.42075  1.40153
  1132.05      8.8336  1.39043  1.47071  1.43834  1.42203  1.40368
  1130.55      8.8453  1.39355  1.47016  1.43891  1.42328  1.40578
  1129.05      8.8570  1.39658  1.46952  1.43942  1.42447  1.40784
  1127.55      8.8688  1.39955  1.46881  1.43990  1.42563  1.40986
  1126.05      8.8806  1.40246  1.46805  1.44034  1.42673  1.41186
  1124.55      8.8925  1.40533  1.46723  1.44075  1.42782  1.41388
  1123.05      8.9044  1.40820  1.46637  1.44114  1.42889  1.41590
  1121.55      8.9163  1.41104  1.46547  1.44152  1.42998  1.41795
  1120.05      8.9282  1.41390  1.46452  1.44189  1.43108  1.42003
  1118.55      8.9402  1.41679  1.46355  1.44224  1.43220  1.42214
  1117.05      8.9522  1.41972  1.46254  1.44260  1.43333  1.42429
  1115.55      8.9642  1.42270  1.46151  1.44294  1.43450  1.42649
  1114.04      8.9763  1.42574  1.46044  1.44328  1.43567  1.42874
  1112.54      8.9884  1.42884  1.45935  1.44361  1.43685  1.43105
  1111.04      9.0005  1.43202  1.45822  1.44394  1.43805  1.43340
  1109.54      9.0127  1.43528  1.45706  1.44424  1.43925  1.43579
  1108.04      9.0249  1.43861  1.45585  1.44453  1.44044  1.43820
  1106.54      9.0371  1.44201  1.45460  1.44479  1.44160  1.44062
  1105.04      9.0494  1.44548  1.45330  1.44499  1.44272  1.44302
  1103.54      9.0617  1.44900  1.45194  1.44516  1.44379  1.44541
  1102.04      9.0740  1.45257  1.45052  1.44527  1.44482  1.44776
  1100.54      9.0864  1.45617  1.44903  1.44531  1.44583  1.45005
  1099.04      9.0988  1.45979  1.44745  1.44528  1.44678  1.45229
  1097.54      9.1113  1.46340  1.44579  1.44516  1.44769  1.45443
  1096.04      9.1237  1.46700  1.44404  1.44496  1.44849  1.45648
  1094.54      9.1362  1.47057  1.44220  1.44466  1.44918  1.45842
  1093.04      9.1488  1.47408  1.44024  1.44425  1.44973  1.46022
  1091.54      9.1613  1.47752  1.43819  1.44372  1.45016  1.46191
  1090.04      9.1739  1.48087  1.43601  1.44307  1.45044  1.46344
  1088.54      9.1866  1.48413  1.43372  1.44228  1.45058  1.46484
  1087.04      9.1993  1.48726  1.43131  1.44137  1.45058  1.46609
  1085.54      9.2120  1.49029  1.42879  1.44031  1.45043  1.46717
  1084.04      9.2247  1.49320  1.42614  1.43911  1.45012  1.46810
  1082.54      9.2375  1.49598  1.42338  1.43778  1.44965  1.46884
  1081.04      9.2503  1.49864  1.42053  1.43632  1.44903  1.46940
  1079.54      9.2632  1.50119  1.41761  1.43475  1.44825  1.46980
  1078.04      9.2761  1.50364  1.41466  1.43309  1.44736  1.47003
  1076.54      9.2890  1.50600  1.41173  1.43136  1.44634  1.47014
  1075.04      9.3020  1.50829  1.40886  1.42962  1.44525  1.47015
  1073.54      9.3150  1.51056  1.40617  1.42792  1.44411  1.47008
  1072.04      9.3280  1.51285  1.40374  1.42633  1.44301  1.46999
  1070.54      9.3411  1.51520  1.40169  1.42494  1.44200  1.46989
  1069.04      9.3542  1.51769  1.40016  1.42386  1.44116  1.46989
  1067.54      9.3673  1.52038  1.39927  1.42322  1.44062  1.47005
  1066.04      9.3805  1.52335  1.39921  1.42316  1.44049  1.47051
  1064.54      9.3937  1.52670  1.40008  1.42383  1.44093  1.47140
  1063.04      9.4070  1.53046  1.40203  1.42537  1.44213  1.47289
  1061.54      9.4203  1.53471  1.40515  1.42790  1.44428  1.47516
  1060.04      9.4336  1.53950  1.40952  1.43150  1.44749  1.47835
  1058.54      9.4470  1.54482  1.41513  1.43622  1.45188  1.48252
  1057.04      9.4604  1.55069  1.42192  1.44202  1.45743  1.48767
  1055.54      9.4738  1.55706  1.42978  1.44884  1.46406  1.49372
  1054.04      9.4873  1.56390  1.43857  1.45650  1.47160  1.50053
  1052.54      9.5008  1.57112  1.44803  1.46481  1.47983  1.50796
  1051.04      9.5144  1.57866  1.45795  1.47354  1.48847  1.51582
  1049.54      9.5280  1.58639  1.46805  1.48243  1.49726  1.52388
  1048.04      9.5416  1.59426  1.47809  1.49124  1.50591  1.53196
  1046.54      9.5553  1.60218  1.48779  1.49976  1.51420  1.53978
  1045.04      9.5690  1.61003  1.49700  1.50780  1.52196  1.54714
  1043.54      9.5828  1.61775  1.50554  1.51525  1.52906  1.55396
  1042.04      9.5966  1.62529  1.51332  1.52201  1.53549  1.56019
  1040.54      9.6104  1.63259  1.52027  1.52809  1.54125  1.56585
  1039.04      9.6243  1.63961  1.52639  1.53348  1.54637  1.57101
  1037.54      9.6382  1.64633  1.53166  1.53820  1.55090  1.57569
  1036.04      9.6521  1.65273  1.53616  1.54232  1.55487  1.57993
  1034.54      9.6661  1.65880  1.53992  1.54588  1.55839  1.58379
  1033.04      9.6802  1.66455  1.54303  1.54892  1.56147  1.58728
  1031.54      9.6943  1.66997  1.54552  1.55151  1.56418  1.59044
  1030.04      9.7084  1.67506  1.54748  1.55368  1.56654  1.59326
  1028.54      9.7225  1.67984  1.54895  1.55548  1.56854  1.59576
  1027.04      9.7367  1.68428  1.55000  1.55694  1.57024  1.59797
  1025.54      9.7510  1.68840  1.55065  1.55809  1.57165  1.59988
  1024.04      9.7653  1.69218  1.55099  1.55897  1.57284  1.60155
  1022.54      9.7796  1.69562  1.55101  1.55958  1.57380  1.60298
  1021.04      9.7940  1.69872  1.55078  1.55997  1.57454  1.60416
  1019.54      9.8084  1.70147  1.55033  1.56015  1.57506  1.60511
  1018.04      9.8228  1.70386  1.54968  1.56012  1.57534  1.60582
  1016.54      9.8373  1.70590  1.54886  1.55992  1.57540  1.60630
  1015.04      9.8519  1.70758  1.54789  1.55956  1.57527  1.60656
  1013.54      9.8664  1.70893  1.54680  1.55906  1.57499  1.60664
  1012.04      9.8811  1.70992  1.54561  1.55842  1.57458  1.60655
  1010.54      9.8957  1.71057  1.54433  1.55768  1.57404  1.60630
  1009.04      9.9104  1.71087  1.54297  1.55682  1.57339  1.60588
  1007.54      9.9252  1.71080  1.54154  1.55587  1.57260  1.60531
  1006.04      9.9400  1.71038  1.54005  1.55481  1.57169  1.60454
  1004.54      9.9548  1.70958  1.53851  1.55365  1.57063  1.60360
  1003.04      9.9697  1.70841  1.53691  1.55237  1.56945  1.60246
  1001.54      9.9847  1.70687  1.53526  1.55099  1.56812  1.60113
  1000.04      9.9996  1.70498  1.53355  1.54950  1.56661  1.59958
   998.54     10.0147  1.70278  1.53181  1.54790  1.56497  1.59779
   997.04     10.0297  1.70034  1.53002  1.54619  1.56317  1.59575
   995.54     10.0448  1.69774  1.52820  1.54440  1.56126  1.59349
   994.04     10.0600  1.69508  1.52635  1.54255  1.55924  1.59105
   992.54     10.0752  1.69249  1.52448  1.54065  1.55715  1.58852
   991.04     10.0905  1.69009  1.52260  1.53875  1.55501  1.58597
   989.54     10.1057  1.68798  1.52073  1.53688  1.55289  1.58353
   988.04     10.1211  1.68625  1.51886  1.53507  1.55087  1.58134
   986.54     10.1365  1.68496  1.51703  1.53336  1.54904  1.57950
   985.04     10.1519  1.68413  1.51521  1.53176  1.54745  1.57810
   983.54     10.1674  1.68374  1.51344  1.53029  1.54614  1.57712
   982.04     10.1829  1.68372  1.51170  1.52894  1.54508  1.57649
   980.54     10.1985  1.68400  1.51001  1.52769  1.54424  1.57611
   979.03     10.2141  1.68446  1.50836  1.52654  1.54354  1.57590
   977.53     10.2298  1.68501  1.50674  1.52544  1.54291  1.57575
   976.03     10.2455  1.68554  1.50514  1.52438  1.54229  1.57560
   974.53     10.2613  1.68599  1.50357  1.52334  1.54162  1.57538
   973.03     10.2771  1.68629  1.50200  1.52228  1.54087  1.57505
   971.53     10.2930  1.68639  1.50042  1.52119  1.54003  1.57457
   970.03     10.3089  1.68627  1.49884  1.52005  1.53910  1.57395
   968.53     10.3249  1.68592  1.49724  1.51886  1.53809  1.57318
   967.03     10.3409  1.68535  1.49561  1.51760  1.53702  1.57226
   965.53     10.3570  1.68456  1.49394  1.51626  1.53585  1.57120
   964.03     10.3731  1.68357  1.49224  1.51485  1.53461  1.57001
   962.53     10.3892  1.68238  1.49049  1.51337  1.53327  1.56869
   961.03     10.4055  1.68102  1.48870  1.51182  1.53185  1.56728
   959.53     10.4217  1.67950  1.48686  1.51020  1.53032  1.56576
   958.03     10.4381  1.67785  1.48499  1.50852  1.52870  1.56416
   956.53     10.4544  1.67605  1.48308  1.50677  1.52696  1.56247
   955.03     10.4708  1.67413  1.48111  1.50495  1.52513  1.56070
   953.53     10.4873  1.67211  1.47911  1.50308  1.52325  1.55886
   952.03     10.5038  1.66998  1.47706  1.50113  1.52131  1.55694
   950.53     10.5204  1.66776  1.47497  1.49913  1.51935  1.55495
   949.03     10.5370  1.66548  1.47283  1.49706  1.51734  1.55291
   947.53     10.5537  1.66310  1.47065  1.49496  1.51527  1.55081
   946.03     10.5705  1.66068  1.46844  1.49281  1.51315  1.54863
   944.53     10.5872  1.65820  1.46618  1.49061  1.51101  1.54640
   943.03     10.6041  1.65568  1.46390  1.48839  1.50883  1.54414
   941.53     10.6210  1.65313  1.46159  1.48616  1.50662  1.54185
   940.03     10.6379  1.65055  1.45926  1.48392  1.50436  1.53954
   938.53     10.6549  1.64796  1.45692  1.48168  1.50207  1.53724
   937.03     10.6720  1.64537  1.45458  1.47946  1.49978  1.53493
   935.53     10.6891  1.64280  1.45224  1.47726  1.49755  1.53265
   934.03     10.7063  1.64026  1.44992  1.47510  1.49537  1.53039
   932.53     10.7235  1.63777  1.44763  1.47297  1.49323  1.52820
   931.03     10.7408  1.63535  1.44537  1.47090  1.49115  1.52607
   929.53     10.7581  1.63301  1.44316  1.46890  1.48909  1.52399
   928.03     10.7755  1.63078  1.44104  1.46698  1.48711  1.52201
   926.53     10.7929  1.62867  1.43899  1.46517  1.48524  1.52011
   925.03     10.8104  1.62669  1.43705  1.46347  1.48350  1.51834
   923.53     10.8280  1.62488  1.43523  1.46191  1.48192  1.51672
   922.03     10.8456  1.62324  1.43356  1.46052  1.48053  1.51524
   920.53     10.8633  1.62180  1.43207  1.45932  1.47934  1.51394
   919.03     10.8810  1.62058  1.43076  1.45831  1.47839  1.51281
   917.53     10.8988  1.61959  1.42966  1.45750  1.47765  1.51189
   916.03     10.9167  1.61885  1.42879  1.45693  1.47711  1.51117
   914.53     10.9346  1.61838  1.42818  1.45661  1.47679  1.51070
   913.03     10.9525  1.61818  1.42782  1.45653  1.47670  1.51044
   911.53     10.9706  1.61827  1.42775  1.45670  1.47685  1.51042
   910.03     10.9887  1.61865  1.42797  1.45714  1.47726  1.51062
   908.53     11.0068  1.61932  1.42848  1.45783  1.47791  1.51108
   907.03     11.0250  1.62027  1.42931  1.45879  1.47881  1.51179
   905.53     11.0433  1.62147  1.43044  1.45998  1.47994  1.51274
   904.03     11.0616  1.62293  1.43188  1.46142  1.48132  1.51390
   902.53     11.0800  1.62458  1.43361  1.46311  1.48296  1.51525
   901.03     11.0984  1.62642  1.43564  1.46502  1.48482  1.51678
   899.53     11.1169  1.62839  1.43793  1.46714  1.48687  1.51844
   898.03     11.1355  1.63046  1.44048  1.46946  1.48906  1.52023
   896.53     11.1541  1.63258  1.44325  1.47194  1.49134  1.52211
   895.03     11.1728  1.63470  1.44621  1.47454  1.49369  1.52406
   893.53     11.1916  1.63679  1.44933  1.47724  1.49605  1.52604
   892.03     11.2104  1.63880  1.45258  1.47998  1.49843  1.52801
   890.53     11.2293  1.64069  1.45592  1.48272  1.50079  1.52991
   889.03     11.2482  1.64242  1.45931  1.48539  1.50308  1.53170
   887.53     11.2672  1.64399  1.46272  1.48797  1.50524  1.53334
   886.03     11.2863  1.64536  1.46610  1.49044  1.50725  1.53480
   884.53     11.3055  1.64651  1.46943  1.49276  1.50909  1.53608
   883.03     11.3247  1.64743  1.47266  1.49491  1.51077  1.53717
   881.53     11.3439  1.64812  1.47576  1.49687  1.51227  1.53807
   880.03     11.3633  1.64861  1.47869  1.49865  1.51360  1.53881
   878.53     11.3827  1.64888  1.48144  1.50023  1.51472  1.53941
   877.03     11.4022  1.64895  1.48398  1.50162  1.51565  1.53986
   875.53     11.4217  1.64884  1.48629  1.50280  1.51635  1.54016
   874.03     11.4413  1.64857  1.48836  1.50380  1.51686  1.54031
   872.53     11.4610  1.64817  1.49016  1.50460  1.51721  1.54033
   871.03     11.4807  1.64763  1.49172  1.50522  1.51741  1.54026
   869.53     11.5005  1.64698  1.49300  1.50566  1.51750  1.54008
   868.03     11.5204  1.64623  1.49404  1.50592  1.51749  1.53980
   866.53     11.5403  1.64537  1.49482  1.50600  1.51735  1.53940
   865.03     11.5603  1.64445  1.49537  1.50592  1.51707  1.53887
   863.53     11.5804  1.64343  1.49569  1.50567  1.51663  1.53823
   862.03     11.6006  1.64235  1.49579  1.50528  1.51604  1.53748
   860.53     11.6208  1.64119  1.49569  1.50475  1.51533  1.53663
   859.03     11.6411  1.63995  1.49542  1.50409  1.51452  1.53569
   857.53     11.6615  1.63867  1.49496  1.50333  1.51360  1.53469
   856.03     11.6819  1.63734  1.49435  1.50248  1.51257  1.53365
   854.53     11.7024  1.63595  1.49361  1.50154  1.51146  1.53256
   853.03     11.7230  1.63454  1.49274  1.50054  1.51032  1.53146
   851.53     11.7436  1.63308  1.49177  1.49947  1.50920  1.53033
   850.03     11.7644  1.63161  1.49069  1.49835  1.50812  1.52920
   848.53     11.7852  1.63014  1.48954  1.49720  1.50705  1.52807
   847.03     11.8060  1.62865  1.48832  1.49601  1.50596  1.52695
   845.52     11.8270  1.62717  1.48703  1.49481  1.50482  1.52583
   844.02     11.8480  1.62568  1.48572  1.49360  1.50364  1.52468
   842.52     11.8691  1.62420  1.48436  1.49237  1.50245  1.52350
   841.02     11.8903  1.62272  1.48297  1.49114  1.50126  1.52233
   839.52     11.9115  1.62120  1.48156  1.48988  1.50011  1.52116
   838.02     11.9328  1.61965  1.48012  1.48863  1.49897  1.51997
   836.52     11.9542  1.61804  1.47866  1.48733  1.49779  1.51876
   835.02     11.9757  1.61637  1.47718  1.48599  1.49654  1.51751
   833.52     11.9973  1.61463  1.47570  1.48459  1.49522  1.51619
   832.02     12.0189  1.61283  1.47419  1.48315  1.49383  1.51479
   830.52     12.0406  1.61098  1.47267  1.48166  1.49238  1.51329
   829.02     12.0624  1.60910  1.47114  1.48014  1.49090  1.51170
   827.52     12.0842  1.60724  1.46962  1.47863  1.48943  1.51007
   826.02     12.1062  1.60542  1.46811  1.47715  1.48797  1.50847
   824.52     12.1282  1.60367  1.46661  1.47573  1.48657  1.50700
   823.02     12.1503  1.60202  1.46514  1.47440  1.48526  1.50570
   821.52     12.1725  1.60047  1.46370  1.47317  1.48409  1.50460
   820.02     12.1948  1.59905  1.46229  1.47204  1.48308  1.50370
   818.52     12.2171  1.59771  1.46093  1.47100  1.48217  1.50290
   817.02     12.2396  1.59646  1.45960  1.47001  1.48131  1.50214
   815.52     12.2621  1.59525  1.45830  1.46906  1.48040  1.50136
   814.02     12.2847  1.59410  1.45702  1.46812  1.47943  1.50053
   812.52     12.3074  1.59297  1.45576  1.46718  1.47844  1.49966
   811.02     12.3301  1.59183  1.45452  1.46622  1.47743  1.49875
   809.52     12.3530  1.59068  1.45329  1.46525  1.47645  1.49781
   808.02     12.3759  1.58951  1.45207  1.46427  1.47548  1.49686
   806.52     12.3989  1.58832  1.45086  1.46329  1.47451  1.49592
   805.02     12.4220  1.58713  1.44966  1.46231  1.47353  1.49497
   803.52     12.4452  1.58591  1.44847  1.46135  1.47257  1.49401
   802.02     12.4685  1.58466  1.44731  1.46039  1.47163  1.49306
   800.52     12.4919  1.58340  1.44617  1.45947  1.47075  1.49211
   799.02     12.5153  1.58211  1.44506  1.45855  1.46991  1.49121
   797.52     12.5388  1.58082  1.44399  1.45765  1.46909  1.49034
   796.02     12.5625  1.57952  1.44295  1.45677  1.46827  1.48952
   794.52     12.5862  1.57824  1.44195  1.45591  1.46745  1.48874
   793.02     12.6100  1.57696  1.44099  1.45508  1.46665  1.48798
   791.52     12.6339  1.57570  1.44005  1.45426  1.46593  1.48722
   790.02     12.6579  1.57447  1.43914  1.45347  1.46527  1.48648
   788.52     12.6820  1.57328  1.43826  1.45272  1.46468  1.48576
   787.02     12.7061  1.57213  1.43742  1.45201  1.46412  1.48506
   785.52     12.7304  1.57101  1.43661  1.45134  1.46355  1.48439
   784.02     12.7548  1.56991  1.43582  1.45072  1.46298  1.48378
   782.52     12.7792  1.56884  1.43507  1.45014  1.46241  1.48322
   781.02     12.8038  1.56781  1.43434  1.44960  1.46187  1.48274
   779.52     12.8284  1.56680  1.43366  1.44911  1.46135  1.48231
   778.02     12.8531  1.56582  1.43302  1.44866  1.46087  1.48190
   776.52     12.8780  1.56487  1.43240  1.44823  1.46040  1.48152
   775.02     12.9029  1.56395  1.43183  1.44784  1.45996  1.48117
   773.52     12.9279  1.56306  1.43127  1.44749  1.45956  1.48083
   772.02     12.9530  1.56222  1.43075  1.44714  1.45922  1.48052
   770.52     12.9783  1.56140  1.43026  1.44682  1.45894  1.48021
   769.02     13.0036  1.56064  1.42979  1.44651  1.45869  1.47990
   767.52     13.0290  1.55991  1.42937  1.44623  1.45849  1.47964
   766.02     13.0545  1.55922  1.42897  1.44599  1.45831  1.47943
   764.52     13.0801  1.55857  1.42859  1.44578  1.45820  1.47929
   763.02     13.1058  1.55797  1.42825  1.44560  1.45814  1.47918
   761.52     13.1317  1.55741  1.42794  1.44547  1.45813  1.47911
   760.02     13.1576  1.55687  1.42768  1.44537  1.45818  1.47907
   758.52     13.1836  1.55638  1.42745  1.44532  1.45824  1.47907
   757.02     13.2097  1.55591  1.42726  1.44530  1.45833  1.47912
   755.52     13.2359  1.55548  1.42711  1.44532  1.45844  1.47923
   754.02     13.2623  1.55507  1.42699  1.44537  1.45856  1.47937
   752.52     13.2887  1.55469  1.42691  1.44545  1.45872  1.47956
   751.02     13.3153  1.55434  1.42686  1.44557  1.45891  1.47978
   749.52     13.3419  1.55402  1.42684  1.44574  1.45909  1.48000
   748.02     13.3687  1.55374  1.42684  1.44593  1.45926  1.48026
   746.52     13.3955  1.55348  1.42685  1.44615  1.45940  1.48053
   745.02     13.4225  1.55324  1.42688  1.44638  1.45957  1.48082
   743.52     13.4496  1.55302  1.42692  1.44663  1.45979  1.48114
   742.02     13.4768  1.55282  1.42697  1.44689  1.46010  1.48149
   740.52     13.5041  1.55262  1.42704  1.44716  1.46046  1.48186
   739.02     13.5315  1.55242  1.42710  1.44742  1.46084  1.48224
   737.52     13.5590  1.55222  1.42717  1.44769  1.46120  1.48261
   736.02     13.5866  1.55201  1.42725  1.44796  1.46152  1.48297
   734.52     13.6144  1.55179  1.42733  1.44824  1.46182  1.48333
   733.02     13.6423  1.55157  1.42741  1.44852  1.46210  1.48369
   731.52     13.6702  1.55135  1.42749  1.44879  1.46239  1.48406
   730.02     13.6983  1.55115  1.42757  1.44906  1.46269  1.48443
   728.52     13.7265  1.55095  1.42765  1.44933  1.46304  1.48476
   727.02     13.7549  1.55073  1.42773  1.44958  1.46343  1.48508
   725.52     13.7833  1.55049  1.42779  1.44984  1.46385  1.48536
   724.02     13.8119  1.55024  1.42786  1.45007  1.46424  1.48563
   722.52     13.8405  1.54998  1.42791  1.45028  1.46455  1.48587
   721.02     13.8693  1.54970  1.42795  1.45048  1.46477  1.48608
   719.52     13.8982  1.54936  1.42798  1.45067  1.46491  1.48629
   718.02     13.9273  1.54897  1.42799  1.45084  1.46506  1.48650
   716.52     13.9564  1.54851  1.42797  1.45098  1.46521  1.48670
   715.02     13.9857  1.54803  1.42794  1.45112  1.46538  1.48688
   713.52     14.0151  1.54752  1.42788  1.45123  1.46554  1.48701
   712.02     14.0446  1.54699  1.42779  1.45132  1.46569  1.48710
   710.51     14.0743  1.54643  1.42769  1.45140  1.46581  1.48713
   709.01     14.1041  1.54585  1.42757  1.45144  1.46590  1.48712
   707.51     14.1340  1.54527  1.42741  1.45145  1.46593  1.48706
   706.01     14.1640  1.54469  1.42724  1.45144  1.46588  1.48697
   704.51     14.1942  1.54410  1.42707  1.45140  1.46577  1.48687
   703.01     14.2245  1.54351  1.42687  1.45133  1.46564  1.48676
   701.51     14.2549  1.54292  1.42668  1.45122  1.46550  1.48664
   700.01     14.2854  1.54233  1.42647  1.45108  1.46539  1.48649
   698.51     14.3161  1.54173  1.42625  1.45092  1.46533  1.48632
   697.01     14.3469  1.54113  1.42601  1.45073  1.46529  1.48612
   695.51     14.3779  1.54052  1.42578  1.45052  1.46525  1.48588
   694.01     14.4089  1.53990  1.42555  1.45027  1.46517  1.48558
   692.51     14.4402  1.53931  1.42531  1.45001  1.46498  1.48524
   691.01     14.4715  1.53873  1.42507  1.44974  1.46466  1.48484
   689.51     14.5030  1.53815  1.42483  1.44950  1.46425  1.48442
   688.01     14.5346  1.53757  1.42458  1.44928  1.46379  1.48400
   686.51     14.5664  1.53701  1.42436  1.44909  1.46339  1.48363
   685.01     14.5983  1.53645  1.42414  1.44892  1.46312  1.48333
   683.51     14.6303  1.53588  1.42392  1.44881  1.46298  1.48310
   682.01     14.6625  1.53528  1.42371  1.44872  1.46290  1.48295
   680.51     14.6948  1.53469  1.42348  1.44865  1.46282  1.48279
   679.01     14.7273  1.53412  1.42325  1.44859  1.46271  1.48263
   677.51     14.7599  1.53355  1.42302  1.44846  1.46257  1.48245
   676.01     14.7926  1.53293  1.42278  1.44828  1.46245  1.48226
   674.51     14.8255  1.53222  1.42251  1.44805  1.46232  1.48206
   673.01     14.8586  1.53145  1.42224  1.44778  1.46209  1.48176
   671.51     14.8918  1.53063  1.42194  1.44747  1.46165  1.48131
   670.01     14.9251  1.52978  1.42164  1.44712  1.46098  1.48070
   668.51     14.9586  1.52881  1.42133  1.44676  1.46023  1.48005
   667.01     14.9922  1.52764  1.42104  1.44646  1.45967  1.47951
   665.51     15.0260  1.52632  1.42074  1.44624  1.45945  1.47916
   664.01     15.0600  1.52500  1.42045  1.44606  1.45949  1.47895
   662.51     15.0941  1.52372  1.42015  1.44590  1.45960  1.47880
   661.01     15.1283  1.52248  1.41986  1.44578  1.45960  1.47862
   659.51     15.1627  1.52128  1.41958  1.44566  1.45945  1.47839
   658.01     15.1973  1.52014  1.41931  1.44555  1.45919  1.47814
   656.51     15.2320  1.51909  1.41904  1.44543  1.45893  1.47790
   655.01     15.2669  1.51819  1.41877  1.44530  1.45870  1.47768
   653.51     15.3020  1.51740  1.41849  1.44516  1.45851  1.47747
   652.01     15.3372  1.51669  1.41821  1.44503  1.45837  1.47728
   650.51     15.3725  1.51605  1.41793  1.44494  1.45829  1.47712
   649.01     15.4081  1.51547  1.41764  1.44489  1.45829  1.47703
   647.51     15.4438  1.51497  1.41735  1.44488  1.45839  1.47705
   646.01     15.4796  1.51458  1.41707  1.44495  1.45860  1.47721
   644.51     15.5157  1.51433  1.41679  1.44510  1.45894  1.47754
   643.01     15.5519  1.51427  1.41653  1.44533  1.45938  1.47799
   641.51     15.5882  1.51441  1.41629  1.44564  1.45991  1.47858
   640.01     15.6248  1.51478  1.41607  1.44604  1.46051  1.47929
   638.51     15.6615  1.51540  1.41588  1.44650  1.46121  1.48014
   637.01     15.6984  1.51629  1.41573  1.44705  1.46199  1.48118
   635.51     15.7354  1.51750  1.41563  1.44764  1.46292  1.48245
   634.01     15.7726  1.51902  1.41557  1.44831  1.46401  1.48392
   632.51     15.8100  1.52086  1.41558  1.44906  1.46524  1.48560
   631.01     15.8476  1.52303  1.41564  1.44992  1.46662  1.48748
   629.51     15.8854  1.52556  1.41578  1.45093  1.46814  1.48955
   628.01     15.9233  1.52847  1.41600  1.45209  1.46986  1.49184
   626.51     15.9615  1.53180  1.41632  1.45345  1.47181  1.49437
   625.01     15.9998  1.53554  1.41676  1.45501  1.47401  1.49718
   623.51     16.0383  1.53970  1.41732  1.45680  1.47644  1.50031
   622.01     16.0770  1.54429  1.41804  1.45882  1.47909  1.50375
   620.51     16.1158  1.54932  1.41896  1.46110  1.48197  1.50752
   619.01     16.1549  1.55480  1.42009  1.46362  1.48514  1.51161
   617.51     16.1941  1.56072  1.42150  1.46641  1.48864  1.51602
   616.01     16.2336  1.56703  1.42320  1.46949  1.49250  1.52074
   614.51     16.2732  1.57373  1.42527  1.47289  1.49669  1.52576
   613.01     16.3130  1.58080  1.42775  1.47663  1.50118  1.53106
   611.51     16.3530  1.58824  1.43071  1.48074  1.50596  1.53662
   610.01     16.3932  1.59603  1.43420  1.48529  1.51106  1.54242
   608.51     16.4337  1.60416  1.43828  1.49031  1.51654  1.54846
   607.01     16.4743  1.61257  1.44299  1.49584  1.52245  1.55481
   605.51     16.5151  1.62125  1.44840  1.50190  1.52882  1.56153
   604.01     16.5561  1.63017  1.45454  1.50853  1.53566  1.56871
   602.51     16.5973  1.63931  1.46145  1.51573  1.54297  1.57631
   601.01     16.6388  1.64861  1.46914  1.52349  1.55072  1.58427
   599.51     16.6804  1.65801  1.47762  1.53178  1.55890  1.59244
   598.01     16.7222  1.66746  1.48689  1.54058  1.56744  1.60072
   596.51     16.7643  1.67692  1.49690  1.54983  1.57628  1.60906
   595.01     16.8065  1.68637  1.50758  1.55948  1.58535  1.61745
   593.51     16.8490  1.69578  1.51882  1.56945  1.59464  1.62588
   592.01     16.8917  1.70512  1.53051  1.57966  1.60410  1.63436
   590.51     16.9346  1.71435  1.54249  1.59000  1.61373  1.64288
   589.01     16.9778  1.72344  1.55457  1.60034  1.62341  1.65139
   587.51     17.0211  1.73235  1.56654  1.61053  1.63302  1.65979
   586.01     17.0647  1.74104  1.57818  1.62037  1.64237  1.66795
   584.51     17.1085  1.74943  1.58928  1.62968  1.65125  1.67572
   583.01     17.1525  1.75742  1.59963  1.63831  1.65943  1.68299
   581.51     17.1967  1.76490  1.60908  1.64613  1.66670  1.68962
   580.01     17.2412  1.77175  1.61746  1.65298  1.67294  1.69547
   578.51     17.2859  1.77786  1.62469  1.65879  1.67813  1.70046
   577.00     17.3309  1.78314  1.63072  1.66353  1.68227  1.70449
   575.50     17.3760  1.78750  1.63557  1.66724  1.68538  1.70753
   574.00     17.4215  1.79088  1.63929  1.66996  1.68753  1.70962
   572.50     17.4671  1.79330  1.64197  1.67177  1.68876  1.71085
   571.00     17.5130  1.79478  1.64370  1.67278  1.68924  1.71135
   569.50     17.5591  1.79539  1.64461  1.67312  1.68907  1.71123
   568.00     17.6055  1.79524  1.64486  1.67293  1.68845  1.71064
   566.50     17.6521  1.79442  1.64456  1.67232  1.68750  1.70970
   565.00     17.6990  1.79309  1.64385  1.67140  1.68634  1.70852
   563.50     17.7461  1.79136  1.64285  1.67026  1.68509  1.70725
   562.00     17.7935  1.78935  1.64162  1.66898  1.68379  1.70593
   560.50     17.8411  1.78716  1.64024  1.66762  1.68248  1.70463
   559.00     17.8890  1.78489  1.63879  1.66624  1.68120  1.70338
   557.50     17.9371  1.78258  1.63729  1.66485  1.67988  1.70213
   556.00     17.9855  1.78028  1.63580  1.66346  1.67855  1.70084
   554.50     18.0342  1.77804  1.63434  1.66212  1.67719  1.69954
   553.00     18.0831  1.77585  1.63293  1.66082  1.67586  1.69824
   551.50     18.1323  1.77372  1.63158  1.65960  1.67460  1.69699
   550.00     18.1817  1.77165  1.63028  1.65841  1.67341  1.69578
   548.50     18.2314  1.76965  1.62906  1.65730  1.67233  1.69459
   547.00     18.2814  1.76770  1.62793  1.65623  1.67133  1.69344
   545.50     18.3317  1.76580  1.62688  1.65522  1.67042  1.69233
   544.00     18.3823  1.76396  1.62594  1.65428  1.66959  1.69129
   542.50     18.4331  1.76217  1.62508  1.65341  1.66885  1.69034
   541.00     18.4842  1.76044  1.62431  1.65261  1.66816  1.68946
   539.50     18.5356  1.75878  1.62361  1.65190  1.66752  1.68863
   538.00     18.5873  1.75722  1.62299  1.65129  1.66690  1.68784
   536.50     18.6393  1.75578  1.62243  1.65079  1.66629  1.68712
   535.00     18.6915  1.75445  1.62195  1.65038  1.66574  1.68650
   533.50     18.7441  1.75321  1.62153  1.65003  1.66528  1.68596
   532.00     18.7969  1.75207  1.62118  1.64973  1.66492  1.68547
   530.50     18.8501  1.75102  1.62086  1.64947  1.66460  1.68503
   529.00     18.9035  1.75006  1.62058  1.64921  1.66424  1.68460
   527.50     18.9573  1.74921  1.62033  1.64893  1.66382  1.68417
   526.00     19.0114  1.74838  1.62011  1.64860  1.66341  1.68375
   524.50     19.0657  1.74758  1.61993  1.64826  1.66306  1.68333
   523.00     19.1204  1.74675  1.61980  1.64796  1.66282  1.68293
   521.50     19.1754  1.74593  1.61967  1.64766  1.66260  1.68251
   520.00     19.2307  1.74513  1.61955  1.64739  1.66232  1.68203
   518.50     19.2864  1.74432  1.61945  1.64714  1.66197  1.68142
   517.00     19.3423  1.74348  1.61936  1.64693  1.66164  1.68069
   515.50     19.3986  1.74259  1.61931  1.64678  1.66147  1.67990
   514.00     19.4552  1.74168  1.61927  1.64667  1.66150  1.67916
   512.50     19.5122  1.74079  1.61921  1.64657  1.66161  1.67852
   511.00     19.5695  1.73991  1.61915  1.64645  1.66165  1.67798
   509.50     19.6271  1.73905  1.61910  1.64632  1.66151  1.67744
   508.00     19.6850  1.73816  1.61905  1.64618  1.66118  1.67683
   506.50     19.7433  1.73725  1.61901  1.64604  1.66072  1.67609
   505.00     19.8020  1.73633  1.61898  1.64587  1.66020  1.67532
   503.50     19.8610  1.73542  1.61894  1.64567  1.65972  1.67465
   502.00     19.9203  1.73447  1.61891  1.64547  1.65932  1.67427
   500.50     19.9801  1.73348  1.61892  1.64530  1.65903  1.67425
   499.00     20.0401  1.73245  1.61895  1.64516  1.65883  1.67448
   497.50     20.1005  1.73141  1.61898  1.64506  1.65868  1.67468
   496.00     20.1613  1.73041  1.61898  1.64496  1.65851  1.67467
   494.50     20.2225  1.72945  1.61894  1.64486  1.65826  1.67438
   493.00     20.2840  1.72853  1.61886  1.64475  1.65792  1.67393
   491.50     20.3459  1.72765  1.61878  1.64464  1.65756  1.67346
   490.00     20.4082  1.72681  1.61868  1.64452  1.65723  1.67310
   488.50     20.4709  1.72602  1.61859  1.64440  1.65694  1.67274
   487.00     20.5340  1.72531  1.61849  1.64429  1.65667  1.67234
   485.50     20.5974  1.72465  1.61840  1.64419  1.65641  1.67187
   484.00     20.6612  1.72408  1.61833  1.64413  1.65625  1.67144
   482.50     20.7255  1.72359  1.61829  1.64411  1.65624  1.67124
   481.00     20.7901  1.72317  1.61830  1.64413  1.65640  1.67133
   479.50     20.8552  1.72287  1.61834  1.64421  1.65665  1.67165
   478.00     20.9206  1.72266  1.61840  1.64432  1.65687  1.67197
   476.50     20.9865  1.72255  1.61848  1.64444  1.65697  1.67205
   475.00     21.0527  1.72252  1.61859  1.64459  1.65693  1.67181
   473.50     21.1194  1.72256  1.61874  1.64479  1.65680  1.67131
   472.00     21.1866  1.72259  1.61897  1.64507  1.65669  1.67080
   470.50     21.2541  1.72261  1.61928  1.64543  1.65673  1.67062
   469.00     21.3221  1.72267  1.61967  1.64586  1.65698  1.67088
   467.50     21.3905  1.72280  1.62013  1.64635  1.65751  1.67164
   466.00     21.4594  1.72299  1.62070  1.64688  1.65821  1.67275
   464.50     21.5287  1.72323  1.62135  1.64746  1.65894  1.67392
   463.00     21.5984  1.72352  1.62209  1.64807  1.65950  1.67490
   461.50     21.6686  1.72390  1.62292  1.64871  1.65982  1.67550
   460.00     21.7393  1.72440  1.62385  1.64941  1.66004  1.67581
   458.50     21.8104  1.72503  1.62492  1.65019  1.66036  1.67613
   457.00     21.8820  1.72572  1.62617  1.65112  1.66094  1.67680
   455.50     21.9541  1.72644  1.62768  1.65226  1.66188  1.67805
   454.00     22.0266  1.72727  1.62944  1.65359  1.66301  1.67980
   452.50     22.0997  1.72827  1.63147  1.65512  1.66420  1.68200
   451.00     22.1732  1.72943  1.63382  1.65684  1.66541  1.68460
   449.50     22.2472  1.73078  1.63653  1.65874  1.66660  1.68759
   448.00     22.3217  1.73227  1.63952  1.66080  1.66798  1.69094
   446.50     22.3967  1.73391  1.64276  1.66300  1.66978  1.69458
   445.00     22.4722  1.73570  1.64620  1.66530  1.67221  1.69860
   443.49     22.5482  1.73760  1.64975  1.66767  1.67529  1.70296
   441.99     22.6247  1.73952  1.65331  1.67008  1.67883  1.70755
   440.49     22.7017  1.74136  1.65681  1.67248  1.68246  1.71216
   438.99     22.7793  1.74303  1.66012  1.67476  1.68588  1.71644
   437.49     22.8574  1.74452  1.66316  1.67683  1.68886  1.72021
   435.99     22.9361  1.74578  1.66588  1.67862  1.69132  1.72339
   434.49     23.0153  1.74678  1.66826  1.68011  1.69322  1.72593
   432.99     23.0950  1.74752  1.67026  1.68127  1.69451  1.72780
   431.49     23.1753  1.74799  1.67181  1.68209  1.69527  1.72903
   429.99     23.2561  1.74817  1.67292  1.68255  1.69560  1.72976
   428.49     23.3376  1.74813  1.67365  1.68266  1.69573  1.73025
   426.99     23.4195  1.74794  1.67411  1.68250  1.69579  1.73065
   425.49     23.5021  1.74766  1.67435  1.68213  1.69567  1.73086
   423.99     23.5853  1.74729  1.67442  1.68162  1.69510  1.73056
   422.49     23.6690  1.74686  1.67437  1.68102  1.69397  1.72960
   420.99     23.7533  1.74639  1.67425  1.68041  1.69255  1.72823
   419.49     23.8383  1.74589  1.67416  1.67991  1.69132  1.72702
   417.99     23.9238  1.74539  1.67423  1.67964  1.69085  1.72664
   416.49     24.0100  1.74487  1.67444  1.67964  1.69124  1.72720
   414.99     24.0968  1.74429  1.67476  1.67980  1.69210  1.72832
   413.49     24.1842  1.74363  1.67513  1.68007  1.69304  1.72950
   411.99     24.2723  1.74292  1.67555  1.68040  1.69374  1.73043
   410.49     24.3610  1.74215  1.67592  1.68077  1.69417  1.73106
   408.99     24.4503  1.74136  1.67622  1.68107  1.69436  1.73144
   407.49     24.5403  1.74054  1.67638  1.68112  1.69442  1.73167
   405.99     24.6310  1.73974  1.67639  1.68087  1.69440  1.73180
   404.49     24.7224  1.73895  1.67627  1.68041  1.69422  1.73177
   402.99     24.8144  1.73820  1.67602  1.67981  1.69370  1.73139
   401.49     24.9071  1.73751  1.67567  1.67914  1.69263  1.73039
   399.99     25.0005  1.73684  1.67524  1.67838  1.69103  1.72875
  
  cm-1         microns  riw48t213, riw38t298, riw38t277, riw38t257, riw38t243 
  7498.52      1.3336  1.2270e-02  9.4200e-03  9.1900e-03  9.3200e-03  1.2340e-02
  7497.02      1.3339  1.2280e-02  9.4400e-03  9.2000e-03  9.3500e-03  1.2370e-02
  7495.52      1.3341  1.2280e-02  9.4400e-03  9.2100e-03  9.3600e-03  1.2400e-02
  7494.02      1.3344  1.2280e-02  9.4400e-03  9.2100e-03  9.3500e-03  1.2400e-02
  7492.52      1.3347  1.2260e-02  9.4200e-03  9.1900e-03  9.3300e-03  1.2370e-02
  7491.02      1.3349  1.2220e-02  9.3800e-03  9.1400e-03  9.2800e-03  1.2320e-02
  7489.52      1.3352  1.2180e-02  9.3400e-03  9.0900e-03  9.2300e-03  1.2240e-02
  7488.02      1.3355  1.2140e-02  9.3000e-03  9.0400e-03  9.1600e-03  1.2160e-02
  7486.52      1.3357  1.2100e-02  9.2500e-03  8.9900e-03  9.1000e-03  1.2080e-02
  7485.02      1.3360  1.2050e-02  9.2100e-03  8.9400e-03  9.0500e-03  1.2030e-02
  7483.52      1.3363  1.2020e-02  9.1700e-03  8.9100e-03  9.0100e-03  1.2000e-02
  7482.02      1.3365  1.1990e-02  9.1400e-03  8.8800e-03  8.9800e-03  1.1970e-02
  7480.52      1.3368  1.1970e-02  9.1200e-03  8.8500e-03  8.9600e-03  1.1960e-02
  7479.02      1.3371  1.1950e-02  9.1000e-03  8.8400e-03  8.9500e-03  1.1950e-02
  7477.52      1.3373  1.1940e-02  9.1000e-03  8.8400e-03  8.9500e-03  1.1950e-02
  7476.02      1.3376  1.1940e-02  9.1000e-03  8.8400e-03  8.9600e-03  1.1950e-02
  7474.52      1.3379  1.1940e-02  9.1000e-03  8.8500e-03  8.9600e-03  1.1960e-02
  7473.02      1.3381  1.1950e-02  9.1100e-03  8.8600e-03  8.9700e-03  1.1980e-02
  7471.52      1.3384  1.1950e-02  9.1200e-03  8.8700e-03  8.9900e-03  1.2010e-02
  7470.02      1.3387  1.1950e-02  9.1100e-03  8.8700e-03  9.0000e-03  1.2020e-02
  7468.52      1.3390  1.1930e-02  9.1000e-03  8.8600e-03  8.9900e-03  1.2030e-02
  7467.02      1.3392  1.1910e-02  9.0800e-03  8.8400e-03  8.9800e-03  1.2030e-02
  7465.52      1.3395  1.1870e-02  9.0500e-03  8.8100e-03  8.9500e-03  1.1990e-02
  7464.02      1.3398  1.1830e-02  9.0000e-03  8.7600e-03  8.9000e-03  1.1940e-02
  7462.52      1.3400  1.1770e-02  8.9500e-03  8.7100e-03  8.8400e-03  1.1870e-02
  7461.02      1.3403  1.1710e-02  8.8800e-03  8.6400e-03  8.7500e-03  1.1770e-02
  7459.52      1.3406  1.1650e-02  8.8200e-03  8.5600e-03  8.6700e-03  1.1680e-02
  7458.02      1.3408  1.1600e-02  8.7600e-03  8.5000e-03  8.5900e-03  1.1590e-02
  7456.52      1.3411  1.1550e-02  8.7200e-03  8.4400e-03  8.5300e-03  1.1510e-02
  7455.02      1.3414  1.1500e-02  8.6700e-03  8.4000e-03  8.4800e-03  1.1450e-02
  7453.52      1.3416  1.1470e-02  8.6400e-03  8.3700e-03  8.4500e-03  1.1420e-02
  7452.02      1.3419  1.1430e-02  8.6100e-03  8.3400e-03  8.4300e-03  1.1410e-02
  7450.52      1.3422  1.1410e-02  8.5900e-03  8.3300e-03  8.4300e-03  1.1430e-02
  7449.02      1.3425  1.1400e-02  8.5800e-03  8.3300e-03  8.4400e-03  1.1460e-02
  7447.52      1.3427  1.1400e-02  8.5800e-03  8.3300e-03  8.4500e-03  1.1490e-02
  7446.02      1.3430  1.1390e-02  8.5800e-03  8.3200e-03  8.4400e-03  1.1480e-02
  7444.52      1.3433  1.1390e-02  8.5700e-03  8.3100e-03  8.4200e-03  1.1460e-02
  7443.02      1.3435  1.1390e-02  8.5700e-03  8.3100e-03  8.4100e-03  1.1430e-02
  7441.52      1.3438  1.1390e-02  8.5700e-03  8.3100e-03  8.4000e-03  1.1390e-02
  7440.02      1.3441  1.1390e-02  8.5800e-03  8.3100e-03  8.4000e-03  1.1370e-02
  7438.52      1.3444  1.1400e-02  8.5800e-03  8.3200e-03  8.4200e-03  1.1390e-02
  7437.02      1.3446  1.1410e-02  8.5900e-03  8.3300e-03  8.4300e-03  1.1430e-02
  7435.52      1.3449  1.1410e-02  8.6000e-03  8.3500e-03  8.4600e-03  1.1490e-02
  7434.02      1.3452  1.1410e-02  8.6000e-03  8.3500e-03  8.4900e-03  1.1530e-02
  7432.52      1.3454  1.1410e-02  8.6000e-03  8.3600e-03  8.4900e-03  1.1550e-02
  7431.02      1.3457  1.1390e-02  8.5900e-03  8.3500e-03  8.4800e-03  1.1540e-02
  7429.52      1.3460  1.1370e-02  8.5600e-03  8.3200e-03  8.4500e-03  1.1490e-02
  7428.02      1.3463  1.1350e-02  8.5400e-03  8.2900e-03  8.4000e-03  1.1430e-02
  7426.52      1.3465  1.1320e-02  8.5100e-03  8.2400e-03  8.3500e-03  1.1360e-02
  7425.02      1.3468  1.1290e-02  8.4800e-03  8.2200e-03  8.3100e-03  1.1300e-02
  7423.52      1.3471  1.1280e-02  8.4600e-03  8.1800e-03  8.2600e-03  1.1250e-02
  7422.02      1.3473  1.1260e-02  8.4400e-03  8.1600e-03  8.2400e-03  1.1220e-02
  7420.52      1.3476  1.1250e-02  8.4300e-03  8.1500e-03  8.2400e-03  1.1220e-02
  7419.02      1.3479  1.1250e-02  8.4300e-03  8.1600e-03  8.2500e-03  1.1240e-02
  7417.51      1.3482  1.1250e-02  8.4400e-03  8.1700e-03  8.2700e-03  1.1280e-02
  7416.01      1.3484  1.1270e-02  8.4600e-03  8.2000e-03  8.3000e-03  1.1320e-02
  7414.51      1.3487  1.1290e-02  8.4800e-03  8.2200e-03  8.3300e-03  1.1370e-02
  7413.01      1.3490  1.1310e-02  8.5000e-03  8.2400e-03  8.3600e-03  1.1400e-02
  7411.51      1.3493  1.1320e-02  8.5100e-03  8.2700e-03  8.3800e-03  1.1420e-02
  7410.01      1.3495  1.1320e-02  8.5100e-03  8.2700e-03  8.3900e-03  1.1430e-02
  7408.51      1.3498  1.1300e-02  8.5000e-03  8.2600e-03  8.3800e-03  1.1410e-02
  7407.01      1.3501  1.1290e-02  8.4900e-03  8.2400e-03  8.3600e-03  1.1400e-02
  7405.51      1.3503  1.1270e-02  8.4600e-03  8.2100e-03  8.3300e-03  1.1370e-02
  7404.01      1.3506  1.1240e-02  8.4300e-03  8.1800e-03  8.2900e-03  1.1330e-02
  7402.51      1.3509  1.1200e-02  8.4000e-03  8.1400e-03  8.2500e-03  1.1290e-02
  7401.01      1.3512  1.1160e-02  8.3500e-03  8.0800e-03  8.1800e-03  1.1210e-02
  7399.51      1.3514  1.1110e-02  8.3000e-03  8.0300e-03  8.1300e-03  1.1140e-02
  7398.01      1.3517  1.1070e-02  8.2600e-03  7.9900e-03  8.0900e-03  1.1090e-02
  7396.51      1.3520  1.1040e-02  8.2400e-03  7.9700e-03  8.0500e-03  1.1040e-02
  7395.01      1.3523  1.1020e-02  8.2200e-03  7.9400e-03  8.0300e-03  1.1020e-02
  7393.51      1.3525  1.1000e-02  8.2100e-03  7.9200e-03  8.0100e-03  1.1020e-02
  7392.01      1.3528  1.1000e-02  8.1900e-03  7.9200e-03  8.0100e-03  1.1030e-02
  7390.51      1.3531  1.0990e-02  8.1900e-03  7.9200e-03  8.0200e-03  1.1040e-02
  7389.01      1.3534  1.0980e-02  8.1900e-03  7.9300e-03  8.0300e-03  1.1050e-02
  7387.51      1.3536  1.0980e-02  8.1900e-03  7.9300e-03  8.0400e-03  1.1070e-02
  7386.01      1.3539  1.0980e-02  8.1900e-03  7.9300e-03  8.0400e-03  1.1070e-02
  7384.51      1.3542  1.0990e-02  8.1900e-03  7.9300e-03  8.0300e-03  1.1070e-02
  7383.01      1.3545  1.0990e-02  8.1900e-03  7.9300e-03  8.0300e-03  1.1060e-02
  7381.51      1.3547  1.1000e-02  8.2000e-03  7.9300e-03  8.0300e-03  1.1050e-02
  7380.01      1.3550  1.1000e-02  8.2000e-03  7.9400e-03  8.0300e-03  1.1030e-02
  7378.51      1.3553  1.1010e-02  8.2100e-03  7.9400e-03  8.0300e-03  1.1030e-02
  7377.01      1.3556  1.1020e-02  8.2100e-03  7.9400e-03  8.0300e-03  1.1040e-02
  7375.51      1.3558  1.1030e-02  8.2300e-03  7.9500e-03  8.0500e-03  1.1070e-02
  7374.01      1.3561  1.1050e-02  8.2500e-03  7.9800e-03  8.0800e-03  1.1110e-02
  7372.51      1.3564  1.1060e-02  8.2700e-03  8.0000e-03  8.1100e-03  1.1150e-02
  7371.01      1.3567  1.1070e-02  8.2800e-03  8.0200e-03  8.1300e-03  1.1180e-02
  7369.51      1.3569  1.1070e-02  8.2800e-03  8.0200e-03  8.1300e-03  1.1190e-02
  7368.01      1.3572  1.1070e-02  8.2700e-03  8.0200e-03  8.1300e-03  1.1190e-02
  7366.51      1.3575  1.1070e-02  8.2700e-03  8.0200e-03  8.1300e-03  1.1180e-02
  7365.01      1.3578  1.1080e-02  8.2800e-03  8.0100e-03  8.1200e-03  1.1160e-02
  7363.51      1.3580  1.1080e-02  8.2700e-03  8.0000e-03  8.0900e-03  1.1130e-02
  7362.01      1.3583  1.1080e-02  8.2700e-03  7.9900e-03  8.0700e-03  1.1100e-02
  7360.51      1.3586  1.1070e-02  8.2600e-03  7.9900e-03  8.0700e-03  1.1080e-02
  7359.01      1.3589  1.1070e-02  8.2600e-03  7.9900e-03  8.0700e-03  1.1080e-02
  7357.51      1.3592  1.1060e-02  8.2600e-03  8.0000e-03  8.0900e-03  1.1110e-02
  7356.01      1.3594  1.1060e-02  8.2600e-03  8.0000e-03  8.1000e-03  1.1140e-02
  7354.51      1.3597  1.1050e-02  8.2600e-03  8.0100e-03  8.1200e-03  1.1190e-02
  7353.01      1.3600  1.1040e-02  8.2500e-03  8.0000e-03  8.1200e-03  1.1210e-02
  7351.51      1.3603  1.1000e-02  8.2200e-03  7.9800e-03  8.1100e-03  1.1200e-02
  7350.01      1.3605  1.0960e-02  8.1700e-03  7.9300e-03  8.0600e-03  1.1150e-02
  7348.51      1.3608  1.0920e-02  8.1200e-03  7.8600e-03  7.9800e-03  1.1060e-02
  7347.01      1.3611  1.0880e-02  8.0800e-03  7.8000e-03  7.9000e-03  1.0940e-02
  7345.51      1.3614  1.0850e-02  8.0400e-03  7.7400e-03  7.8200e-03  1.0820e-02
  7344.01      1.3617  1.0820e-02  8.0100e-03  7.7100e-03  7.7600e-03  1.0730e-02
  7342.51      1.3619  1.0820e-02  8.0100e-03  7.7000e-03  7.7300e-03  1.0670e-02
  7341.01      1.3622  1.0810e-02  8.0000e-03  7.7000e-03  7.7400e-03  1.0690e-02
  7339.51      1.3625  1.0820e-02  8.0200e-03  7.7300e-03  7.7900e-03  1.0770e-02
  7338.01      1.3628  1.0850e-02  8.0500e-03  7.7800e-03  7.8700e-03  1.0900e-02
  7336.51      1.3630  1.0890e-02  8.1000e-03  7.8400e-03  7.9600e-03  1.1040e-02
  7335.01      1.3633  1.0930e-02  8.1400e-03  7.8900e-03  8.0200e-03  1.1150e-02
  7333.51      1.3636  1.0960e-02  8.1800e-03  7.9300e-03  8.0600e-03  1.1200e-02
  7332.01      1.3639  1.0990e-02  8.2000e-03  7.9500e-03  8.0800e-03  1.1180e-02
  7330.51      1.3642  1.1000e-02  8.2100e-03  7.9600e-03  8.0600e-03  1.1130e-02
  7329.01      1.3644  1.1010e-02  8.2100e-03  7.9500e-03  8.0400e-03  1.1050e-02
  7327.51      1.3647  1.1010e-02  8.2200e-03  7.9400e-03  8.0100e-03  1.1010e-02
  7326.01      1.3650  1.1020e-02  8.2200e-03  7.9400e-03  8.0100e-03  1.1000e-02
  7324.51      1.3653  1.1020e-02  8.2200e-03  7.9400e-03  8.0100e-03  1.1040e-02
  7323.01      1.3656  1.1010e-02  8.2100e-03  7.9400e-03  8.0400e-03  1.1090e-02
  7321.51      1.3658  1.1000e-02  8.2100e-03  7.9400e-03  8.0500e-03  1.1140e-02
  7320.01      1.3661  1.0980e-02  8.1800e-03  7.9300e-03  8.0500e-03  1.1160e-02
  7318.51      1.3664  1.0950e-02  8.1700e-03  7.9200e-03  8.0400e-03  1.1140e-02
  7317.01      1.3667  1.0920e-02  8.1300e-03  7.8800e-03  8.0100e-03  1.1090e-02
  7315.51      1.3670  1.0900e-02  8.1100e-03  7.8500e-03  7.9500e-03  1.1020e-02
  7314.01      1.3672  1.0870e-02  8.0700e-03  7.7900e-03  7.8800e-03  1.0930e-02
  7312.51      1.3675  1.0830e-02  8.0400e-03  7.7500e-03  7.8100e-03  1.0850e-02
  7311.01      1.3678  1.0800e-02  8.0000e-03  7.7000e-03  7.7700e-03  1.0780e-02
  7309.51      1.3681  1.0780e-02  7.9700e-03  7.6800e-03  7.7400e-03  1.0740e-02
  7308.01      1.3684  1.0760e-02  7.9700e-03  7.6800e-03  7.7400e-03  1.0740e-02
  7306.51      1.3686  1.0750e-02  7.9600e-03  7.6800e-03  7.7600e-03  1.0780e-02
  7305.01      1.3689  1.0750e-02  7.9600e-03  7.6900e-03  7.7700e-03  1.0840e-02
  7303.51      1.3692  1.0760e-02  7.9700e-03  7.7000e-03  7.8000e-03  1.0880e-02
  7302.01      1.3695  1.0760e-02  7.9800e-03  7.7100e-03  7.8100e-03  1.0910e-02
  7300.51      1.3698  1.0770e-02  7.9900e-03  7.7200e-03  7.8300e-03  1.0920e-02
  7299.01      1.3700  1.0770e-02  7.9900e-03  7.7200e-03  7.8200e-03  1.0890e-02
  7297.51      1.3703  1.0770e-02  7.9900e-03  7.7200e-03  7.8000e-03  1.0860e-02
  7296.01      1.3706  1.0780e-02  7.9900e-03  7.7000e-03  7.7800e-03  1.0820e-02
  7294.51      1.3709  1.0780e-02  7.9900e-03  7.7000e-03  7.7800e-03  1.0810e-02
  7293.01      1.3712  1.0800e-02  8.0100e-03  7.7200e-03  7.7900e-03  1.0820e-02
  7291.51      1.3715  1.0820e-02  8.0200e-03  7.7300e-03  7.8000e-03  1.0840e-02
  7290.01      1.3717  1.0850e-02  8.0500e-03  7.7600e-03  7.8300e-03  1.0880e-02
  7288.51      1.3720  1.0880e-02  8.0800e-03  7.7900e-03  7.8700e-03  1.0920e-02
  7287.00      1.3723  1.0910e-02  8.1100e-03  7.8300e-03  7.9200e-03  1.0980e-02
  7285.50      1.3726  1.0940e-02  8.1500e-03  7.8700e-03  7.9700e-03  1.1030e-02
  7284.00      1.3729  1.0970e-02  8.1900e-03  7.9200e-03  8.0200e-03  1.1090e-02
  7282.50      1.3732  1.1000e-02  8.2100e-03  7.9500e-03  8.0500e-03  1.1140e-02
  7281.00      1.3734  1.1010e-02  8.2200e-03  7.9700e-03  8.0800e-03  1.1190e-02
  7279.50      1.3737  1.1000e-02  8.2200e-03  7.9600e-03  8.0800e-03  1.1210e-02
  7278.00      1.3740  1.0990e-02  8.2100e-03  7.9500e-03  8.0700e-03  1.1190e-02
  7276.50      1.3743  1.0950e-02  8.1700e-03  7.9200e-03  8.0300e-03  1.1140e-02
  7275.00      1.3746  1.0920e-02  8.1300e-03  7.8600e-03  7.9600e-03  1.1060e-02
  7273.50      1.3749  1.0870e-02  8.0800e-03  7.8000e-03  7.8800e-03  1.0960e-02
  7272.00      1.3751  1.0830e-02  8.0200e-03  7.7400e-03  7.8100e-03  1.0850e-02
  7270.50      1.3754  1.0790e-02  7.9900e-03  7.6900e-03  7.7500e-03  1.0780e-02
  7269.00      1.3757  1.0760e-02  7.9600e-03  7.6500e-03  7.7100e-03  1.0740e-02
  7267.50      1.3760  1.0740e-02  7.9400e-03  7.6300e-03  7.6900e-03  1.0720e-02
  7266.00      1.3763  1.0720e-02  7.9300e-03  7.6300e-03  7.6900e-03  1.0730e-02
  7264.50      1.3766  1.0720e-02  7.9300e-03  7.6300e-03  7.7000e-03  1.0770e-02
  7263.00      1.3768  1.0720e-02  7.9300e-03  7.6500e-03  7.7400e-03  1.0820e-02
  7261.50      1.3771  1.0730e-02  7.9400e-03  7.6700e-03  7.7600e-03  1.0850e-02
  7260.00      1.3774  1.0740e-02  7.9600e-03  7.6900e-03  7.7800e-03  1.0880e-02
  7258.50      1.3777  1.0770e-02  7.9700e-03  7.7100e-03  7.8000e-03  1.0900e-02
  7257.00      1.3780  1.0770e-02  7.9900e-03  7.7100e-03  7.8000e-03  1.0890e-02
  7255.50      1.3783  1.0760e-02  7.9900e-03  7.7200e-03  7.8000e-03  1.0870e-02
  7254.00      1.3785  1.0750e-02  7.9800e-03  7.7000e-03  7.7900e-03  1.0870e-02
  7252.50      1.3788  1.0730e-02  7.9500e-03  7.6800e-03  7.7700e-03  1.0850e-02
  7251.00      1.3791  1.0720e-02  7.9400e-03  7.6600e-03  7.7600e-03  1.0850e-02
  7249.50      1.3794  1.0710e-02  7.9200e-03  7.6400e-03  7.7200e-03  1.0830e-02
  7248.00      1.3797  1.0710e-02  7.9200e-03  7.6300e-03  7.7000e-03  1.0800e-02
  7246.50      1.3800  1.0700e-02  7.9100e-03  7.6100e-03  7.6700e-03  1.0750e-02
  7245.00      1.3803  1.0680e-02  7.8900e-03  7.6000e-03  7.6500e-03  1.0700e-02
  7243.50      1.3805  1.0650e-02  7.8700e-03  7.5800e-03  7.6500e-03  1.0680e-02
  7242.00      1.3808  1.0640e-02  7.8600e-03  7.5800e-03  7.6600e-03  1.0690e-02
  7240.50      1.3811  1.0650e-02  7.8700e-03  7.5900e-03  7.6700e-03  1.0740e-02
  7239.00      1.3814  1.0670e-02  7.8900e-03  7.6000e-03  7.6900e-03  1.0800e-02
  7237.50      1.3817  1.0690e-02  7.9000e-03  7.6100e-03  7.7000e-03  1.0830e-02
  7236.00      1.3820  1.0700e-02  7.9100e-03  7.6200e-03  7.7100e-03  1.0830e-02
  7234.50      1.3823  1.0700e-02  7.9100e-03  7.6200e-03  7.7100e-03  1.0790e-02
  7233.00      1.3826  1.0690e-02  7.9100e-03  7.6300e-03  7.7000e-03  1.0750e-02
  7231.50      1.3828  1.0700e-02  7.9200e-03  7.6400e-03  7.7100e-03  1.0750e-02
  7230.00      1.3831  1.0730e-02  7.9500e-03  7.6600e-03  7.7300e-03  1.0780e-02
  7228.50      1.3834  1.0750e-02  7.9700e-03  7.6800e-03  7.7600e-03  1.0840e-02
  7227.00      1.3837  1.0770e-02  7.9800e-03  7.6900e-03  7.7700e-03  1.0900e-02
  7225.50      1.3840  1.0790e-02  7.9900e-03  7.7000e-03  7.7900e-03  1.0930e-02
  7224.00      1.3843  1.0790e-02  8.0000e-03  7.7100e-03  7.8000e-03  1.0930e-02
  7222.50      1.3846  1.0810e-02  8.0200e-03  7.7400e-03  7.8200e-03  1.0890e-02
  7221.00      1.3848  1.0820e-02  8.0400e-03  7.7500e-03  7.8200e-03  1.0870e-02
  7219.50      1.3851  1.0850e-02  8.0700e-03  7.7800e-03  7.8400e-03  1.0890e-02
  7218.00      1.3854  1.0880e-02  8.0800e-03  7.7900e-03  7.8600e-03  1.0930e-02
  7216.50      1.3857  1.0890e-02  8.1000e-03  7.8200e-03  7.9000e-03  1.1000e-02
  7215.00      1.3860  1.0890e-02  8.1100e-03  7.8300e-03  7.9300e-03  1.1070e-02
  7213.50      1.3863  1.0890e-02  8.1000e-03  7.8300e-03  7.9400e-03  1.1100e-02
  7212.00      1.3866  1.0870e-02  8.0900e-03  7.8200e-03  7.9300e-03  1.1090e-02
  7210.50      1.3869  1.0860e-02  8.0800e-03  7.8100e-03  7.9000e-03  1.1050e-02
  7209.00      1.3872  1.0850e-02  8.0600e-03  7.7800e-03  7.8700e-03  1.0980e-02
  7207.50      1.3874  1.0840e-02  8.0500e-03  7.7500e-03  7.8100e-03  1.0890e-02
  7206.00      1.3877  1.0830e-02  8.0400e-03  7.7200e-03  7.7700e-03  1.0830e-02
  7204.50      1.3880  1.0830e-02  8.0300e-03  7.7100e-03  7.7500e-03  1.0790e-02
  7203.00      1.3883  1.0840e-02  8.0400e-03  7.7200e-03  7.7600e-03  1.0810e-02
  7201.50      1.3886  1.0860e-02  8.0600e-03  7.7500e-03  7.8000e-03  1.0860e-02
  7200.00      1.3889  1.0890e-02  8.1000e-03  7.8000e-03  7.8700e-03  1.0950e-02
  7198.50      1.3892  1.0930e-02  8.1400e-03  7.8500e-03  7.9300e-03  1.1050e-02
  7197.00      1.3895  1.0970e-02  8.1900e-03  7.9000e-03  8.0000e-03  1.1140e-02
  7195.50      1.3898  1.1000e-02  8.2200e-03  7.9500e-03  8.0500e-03  1.1210e-02
  7194.00      1.3900  1.1010e-02  8.2300e-03  7.9700e-03  8.0900e-03  1.1250e-02
  7192.50      1.3903  1.1020e-02  8.2400e-03  7.9700e-03  8.0900e-03  1.1240e-02
  7191.00      1.3906  1.1020e-02  8.2400e-03  7.9600e-03  8.0600e-03  1.1210e-02
  7189.50      1.3909  1.1010e-02  8.2200e-03  7.9300e-03  8.0200e-03  1.1160e-02
  7188.00      1.3912  1.0990e-02  8.2000e-03  7.9000e-03  7.9700e-03  1.1090e-02
  7186.50      1.3915  1.0970e-02  8.1700e-03  7.8700e-03  7.9300e-03  1.1020e-02
  7185.00      1.3918  1.0940e-02  8.1300e-03  7.8300e-03  7.8900e-03  1.0970e-02
  7183.50      1.3921  1.0920e-02  8.1200e-03  7.8100e-03  7.8600e-03  1.0940e-02
  7182.00      1.3924  1.0900e-02  8.1100e-03  7.8000e-03  7.8600e-03  1.0940e-02
  7180.50      1.3927  1.0900e-02  8.1000e-03  7.8000e-03  7.8700e-03  1.0970e-02
  7179.00      1.3930  1.0880e-02  8.0900e-03  7.8000e-03  7.8800e-03  1.1010e-02
  7177.50      1.3932  1.0880e-02  8.0800e-03  7.8000e-03  7.8900e-03  1.1040e-02
  7176.00      1.3935  1.0860e-02  8.0800e-03  7.7900e-03  7.8800e-03  1.1040e-02
  7174.50      1.3938  1.0840e-02  8.0500e-03  7.7700e-03  7.8800e-03  1.1030e-02
  7173.00      1.3941  1.0810e-02  8.0300e-03  7.7600e-03  7.8500e-03  1.0990e-02
  7171.50      1.3944  1.0770e-02  7.9900e-03  7.7100e-03  7.7900e-03  1.0930e-02
  7170.00      1.3947  1.0730e-02  7.9400e-03  7.6500e-03  7.7300e-03  1.0860e-02
  7168.50      1.3950  1.0690e-02  7.9000e-03  7.6000e-03  7.6700e-03  1.0790e-02
  7167.00      1.3953  1.0670e-02  7.8800e-03  7.5600e-03  7.6200e-03  1.0710e-02
  7165.50      1.3956  1.0650e-02  7.8600e-03  7.5300e-03  7.5700e-03  1.0660e-02
  7164.00      1.3959  1.0650e-02  7.8500e-03  7.5200e-03  7.5500e-03  1.0620e-02
  7162.50      1.3962  1.0670e-02  7.8700e-03  7.5300e-03  7.5600e-03  1.0620e-02
  7161.00      1.3965  1.0720e-02  7.9200e-03  7.5800e-03  7.6100e-03  1.0670e-02
  7159.50      1.3967  1.0780e-02  7.9800e-03  7.6600e-03  7.7000e-03  1.0760e-02
  7158.00      1.3970  1.0860e-02  8.0600e-03  7.7500e-03  7.8100e-03  1.0890e-02
  7156.50      1.3973  1.0920e-02  8.1400e-03  7.8500e-03  7.9300e-03  1.1060e-02
  7155.00      1.3976  1.0990e-02  8.2200e-03  7.9400e-03  8.0400e-03  1.1220e-02
  7153.50      1.3979  1.1060e-02  8.2800e-03  8.0200e-03  8.1300e-03  1.1340e-02
  7152.00      1.3982  1.1100e-02  8.3300e-03  8.0700e-03  8.2000e-03  1.1420e-02
  7150.50      1.3985  1.1120e-02  8.3500e-03  8.0900e-03  8.2100e-03  1.1430e-02
  7148.99      1.3988  1.1120e-02  8.3400e-03  8.0800e-03  8.1900e-03  1.1390e-02
  7147.49      1.3991  1.1110e-02  8.3200e-03  8.0400e-03  8.1300e-03  1.1300e-02
  7145.99      1.3994  1.1080e-02  8.2900e-03  7.9800e-03  8.0600e-03  1.1200e-02
  7144.49      1.3997  1.1040e-02  8.2400e-03  7.9300e-03  7.9800e-03  1.1100e-02
  7142.99      1.4000  1.1000e-02  8.2000e-03  7.8800e-03  7.9200e-03  1.1020e-02
  7141.49      1.4003  1.0980e-02  8.1700e-03  7.8400e-03  7.8800e-03  1.0970e-02
  7139.99      1.4006  1.0960e-02  8.1600e-03  7.8300e-03  7.8700e-03  1.0960e-02
  7138.49      1.4009  1.0950e-02  8.1500e-03  7.8200e-03  7.8700e-03  1.0990e-02
  7136.99      1.4012  1.0950e-02  8.1500e-03  7.8400e-03  7.9000e-03  1.1020e-02
  7135.49      1.4014  1.0970e-02  8.1700e-03  7.8700e-03  7.9400e-03  1.1080e-02
  7133.99      1.4017  1.0990e-02  8.2000e-03  7.9000e-03  7.9700e-03  1.1130e-02
  7132.49      1.4020  1.1000e-02  8.2100e-03  7.9200e-03  8.0000e-03  1.1170e-02
  7130.99      1.4023  1.1010e-02  8.2200e-03  7.9400e-03  8.0200e-03  1.1200e-02
  7129.49      1.4026  1.1010e-02  8.2200e-03  7.9400e-03  8.0300e-03  1.1200e-02
  7127.99      1.4029  1.1000e-02  8.2200e-03  7.9300e-03  8.0200e-03  1.1190e-02
  7126.49      1.4032  1.1000e-02  8.2100e-03  7.9100e-03  7.9900e-03  1.1160e-02
  7124.99      1.4035  1.0980e-02  8.1800e-03  7.8800e-03  7.9500e-03  1.1110e-02
  7123.49      1.4038  1.0960e-02  8.1600e-03  7.8500e-03  7.9100e-03  1.1060e-02
  7121.99      1.4041  1.0950e-02  8.1500e-03  7.8300e-03  7.8800e-03  1.1010e-02
  7120.49      1.4044  1.0940e-02  8.1400e-03  7.8100e-03  7.8600e-03  1.0970e-02
  7118.99      1.4047  1.0930e-02  8.1300e-03  7.8100e-03  7.8600e-03  1.0960e-02
  7117.49      1.4050  1.0940e-02  8.1500e-03  7.8200e-03  7.8700e-03  1.0980e-02
  7115.99      1.4053  1.0960e-02  8.1600e-03  7.8500e-03  7.9000e-03  1.1030e-02
  7114.49      1.4056  1.0990e-02  8.1900e-03  7.8800e-03  7.9400e-03  1.1090e-02
  7112.99      1.4059  1.1010e-02  8.2200e-03  7.9200e-03  7.9800e-03  1.1160e-02
  7111.49      1.4062  1.1040e-02  8.2500e-03  7.9500e-03  8.0300e-03  1.1200e-02
  7109.99      1.4065  1.1060e-02  8.2700e-03  7.9800e-03  8.0600e-03  1.1240e-02
  7108.49      1.4068  1.1060e-02  8.2800e-03  7.9900e-03  8.0700e-03  1.1250e-02
  7106.99      1.4071  1.1060e-02  8.2800e-03  7.9900e-03  8.0700e-03  1.1250e-02
  7105.49      1.4074  1.1060e-02  8.2700e-03  7.9800e-03  8.0700e-03  1.1250e-02
  7103.99      1.4077  1.1040e-02  8.2500e-03  7.9600e-03  8.0400e-03  1.1230e-02
  7102.49      1.4080  1.1020e-02  8.2300e-03  7.9200e-03  8.0000e-03  1.1190e-02
  7100.99      1.4083  1.0990e-02  8.2000e-03  7.8900e-03  7.9500e-03  1.1130e-02
  7099.49      1.4086  1.0960e-02  8.1600e-03  7.8500e-03  7.9100e-03  1.1060e-02
  7097.99      1.4088  1.0920e-02  8.1300e-03  7.8200e-03  7.8700e-03  1.1010e-02
  7096.49      1.4091  1.0890e-02  8.1000e-03  7.7800e-03  7.8400e-03  1.0970e-02
  7094.99      1.4094  1.0860e-02  8.0700e-03  7.7600e-03  7.8100e-03  1.0950e-02
  7093.49      1.4097  1.0840e-02  8.0500e-03  7.7300e-03  7.7900e-03  1.0960e-02
  7091.99      1.4100  1.0820e-02  8.0300e-03  7.7200e-03  7.7800e-03  1.0960e-02
  7090.49      1.4103  1.0790e-02  8.0000e-03  7.6900e-03  7.7600e-03  1.0950e-02
  7088.99      1.4106  1.0770e-02  7.9900e-03  7.6700e-03  7.7300e-03  1.0910e-02
  7087.49      1.4109  1.0760e-02  7.9700e-03  7.6500e-03  7.7100e-03  1.0870e-02
  7085.99      1.4112  1.0750e-02  7.9600e-03  7.6400e-03  7.6800e-03  1.0830e-02
  7084.49      1.4115  1.0750e-02  7.9600e-03  7.6400e-03  7.6800e-03  1.0800e-02
  7082.99      1.4118  1.0750e-02  7.9700e-03  7.6400e-03  7.6800e-03  1.0800e-02
  7081.49      1.4121  1.0770e-02  7.9800e-03  7.6500e-03  7.7000e-03  1.0830e-02
  7079.99      1.4124  1.0780e-02  8.0000e-03  7.6700e-03  7.7300e-03  1.0880e-02
  7078.49      1.4127  1.0790e-02  8.0100e-03  7.7000e-03  7.7600e-03  1.0950e-02
  7076.99      1.4130  1.0800e-02  8.0200e-03  7.7200e-03  7.8000e-03  1.0990e-02
  7075.49      1.4133  1.0800e-02  8.0300e-03  7.7300e-03  7.8100e-03  1.1010e-02
  7073.99      1.4136  1.0810e-02  8.0300e-03  7.7300e-03  7.8100e-03  1.1020e-02
  7072.49      1.4139  1.0810e-02  8.0300e-03  7.7300e-03  7.8000e-03  1.0990e-02
  7070.99      1.4142  1.0800e-02  8.0200e-03  7.7100e-03  7.7700e-03  1.0950e-02
  7069.49      1.4145  1.0800e-02  8.0200e-03  7.6900e-03  7.7500e-03  1.0900e-02
  7067.99      1.4148  1.0780e-02  8.0000e-03  7.6800e-03  7.7200e-03  1.0870e-02
  7066.49      1.4151  1.0770e-02  7.9800e-03  7.6600e-03  7.7000e-03  1.0850e-02
  7064.99      1.4154  1.0770e-02  7.9800e-03  7.6500e-03  7.7000e-03  1.0850e-02
  7063.49      1.4157  1.0770e-02  7.9800e-03  7.6600e-03  7.7000e-03  1.0870e-02
  7061.99      1.4160  1.0770e-02  7.9900e-03  7.6600e-03  7.7200e-03  1.0900e-02
  7060.49      1.4163  1.0790e-02  8.0000e-03  7.6800e-03  7.7400e-03  1.0920e-02
  7058.99      1.4166  1.0790e-02  8.0100e-03  7.6900e-03  7.7500e-03  1.0930e-02
  7057.49      1.4169  1.0810e-02  8.0300e-03  7.7100e-03  7.7700e-03  1.0950e-02
  7055.99      1.4172  1.0830e-02  8.0400e-03  7.7300e-03  7.7900e-03  1.0960e-02
  7054.49      1.4175  1.0840e-02  8.0600e-03  7.7400e-03  7.8000e-03  1.0990e-02
  7052.99      1.4178  1.0860e-02  8.0800e-03  7.7600e-03  7.8200e-03  1.1000e-02
  7051.49      1.4181  1.0880e-02  8.0900e-03  7.7700e-03  7.8200e-03  1.1010e-02
  7049.99      1.4184  1.0910e-02  8.1200e-03  7.7900e-03  7.8400e-03  1.1030e-02
  7048.49      1.4187  1.0920e-02  8.1300e-03  7.8100e-03  7.8600e-03  1.1030e-02
  7046.99      1.4190  1.0940e-02  8.1600e-03  7.8400e-03  7.8900e-03  1.1060e-02
  7045.49      1.4193  1.0960e-02  8.1700e-03  7.8600e-03  7.9100e-03  1.1090e-02
  7043.99      1.4197  1.0980e-02  8.2000e-03  7.8800e-03  7.9400e-03  1.1130e-02
  7042.49      1.4200  1.1000e-02  8.2200e-03  7.9100e-03  7.9700e-03  1.1180e-02
  7040.99      1.4203  1.1010e-02  8.2300e-03  7.9200e-03  7.9900e-03  1.1220e-02
  7039.49      1.4206  1.1010e-02  8.2200e-03  7.9200e-03  7.9900e-03  1.1220e-02
  7037.99      1.4209  1.1000e-02  8.2200e-03  7.9100e-03  7.9800e-03  1.1210e-02
  7036.49      1.4212  1.0980e-02  8.1900e-03  7.8800e-03  7.9600e-03  1.1180e-02
  7034.99      1.4215  1.0960e-02  8.1700e-03  7.8600e-03  7.9200e-03  1.1120e-02
  7033.49      1.4218  1.0930e-02  8.1500e-03  7.8300e-03  7.8800e-03  1.1060e-02
  7031.99      1.4221  1.0920e-02  8.1300e-03  7.7900e-03  7.8400e-03  1.1020e-02
  7030.49      1.4224  1.0900e-02  8.1100e-03  7.7700e-03  7.8100e-03  1.0990e-02
  7028.99      1.4227  1.0880e-02  8.0900e-03  7.7500e-03  7.7900e-03  1.0970e-02
  7027.49      1.4230  1.0880e-02  8.0800e-03  7.7500e-03  7.7800e-03  1.0960e-02
  7025.99      1.4233  1.0870e-02  8.0800e-03  7.7500e-03  7.7900e-03  1.0970e-02
  7024.49      1.4236  1.0880e-02  8.0900e-03  7.7600e-03  7.8000e-03  1.0980e-02
  7022.99      1.4239  1.0890e-02  8.1000e-03  7.7800e-03  7.8300e-03  1.1010e-02
  7021.49      1.4242  1.0900e-02  8.1100e-03  7.7900e-03  7.8500e-03  1.1060e-02
  7019.99      1.4245  1.0920e-02  8.1300e-03  7.8200e-03  7.8800e-03  1.1100e-02
  7018.48      1.4248  1.0930e-02  8.1400e-03  7.8200e-03  7.8900e-03  1.1120e-02
  7016.98      1.4251  1.0940e-02  8.1600e-03  7.8300e-03  7.8900e-03  1.1120e-02
  7015.48      1.4254  1.0960e-02  8.1600e-03  7.8400e-03  7.8900e-03  1.1100e-02
  7013.98      1.4257  1.0970e-02  8.1800e-03  7.8500e-03  7.9000e-03  1.1090e-02
  7012.48      1.4260  1.0980e-02  8.1900e-03  7.8600e-03  7.9000e-03  1.1080e-02
  7010.98      1.4263  1.0990e-02  8.2000e-03  7.8700e-03  7.9100e-03  1.1090e-02
  7009.48      1.4266  1.1020e-02  8.2200e-03  7.8900e-03  7.9300e-03  1.1120e-02
  7007.98      1.4269  1.1030e-02  8.2400e-03  7.9100e-03  7.9600e-03  1.1170e-02
  7006.48      1.4272  1.1050e-02  8.2600e-03  7.9300e-03  7.9900e-03  1.1220e-02
  7004.98      1.4276  1.1050e-02  8.2700e-03  7.9600e-03  8.0200e-03  1.1250e-02
  7003.48      1.4279  1.1050e-02  8.2700e-03  7.9600e-03  8.0300e-03  1.1270e-02
  7001.98      1.4282  1.1050e-02  8.2700e-03  7.9600e-03  8.0300e-03  1.1280e-02
  7000.48      1.4285  1.1030e-02  8.2500e-03  7.9400e-03  8.0100e-03  1.1260e-02
  6998.98      1.4288  1.1010e-02  8.2300e-03  7.9100e-03  7.9800e-03  1.1220e-02
  6997.48      1.4291  1.0970e-02  8.1900e-03  7.8700e-03  7.9300e-03  1.1160e-02
  6995.98      1.4294  1.0930e-02  8.1500e-03  7.8200e-03  7.8800e-03  1.1100e-02
  6994.48      1.4297  1.0880e-02  8.1000e-03  7.7700e-03  7.8100e-03  1.1030e-02
  6992.98      1.4300  1.0830e-02  8.0500e-03  7.7100e-03  7.7500e-03  1.0960e-02
  6991.48      1.4303  1.0800e-02  8.0100e-03  7.6700e-03  7.7000e-03  1.0900e-02
  6989.98      1.4306  1.0780e-02  7.9900e-03  7.6400e-03  7.6600e-03  1.0850e-02
  6988.48      1.4309  1.0760e-02  7.9700e-03  7.6100e-03  7.6300e-03  1.0820e-02
  6986.98      1.4312  1.0750e-02  7.9600e-03  7.6100e-03  7.6300e-03  1.0820e-02
  6985.48      1.4315  1.0760e-02  7.9700e-03  7.6200e-03  7.6500e-03  1.0830e-02
  6983.98      1.4318  1.0760e-02  7.9800e-03  7.6400e-03  7.6800e-03  1.0880e-02
  6982.48      1.4322  1.0780e-02  8.0000e-03  7.6800e-03  7.7200e-03  1.0940e-02
  6980.98      1.4325  1.0790e-02  8.0200e-03  7.7000e-03  7.7600e-03  1.1000e-02
  6979.48      1.4328  1.0810e-02  8.0300e-03  7.7200e-03  7.7800e-03  1.1050e-02
  6977.98      1.4331  1.0810e-02  8.0400e-03  7.7200e-03  7.7900e-03  1.1070e-02
  6976.48      1.4334  1.0810e-02  8.0400e-03  7.7200e-03  7.7800e-03  1.1050e-02
  6974.98      1.4337  1.0800e-02  8.0300e-03  7.7000e-03  7.7600e-03  1.1000e-02
  6973.48      1.4340  1.0800e-02  8.0200e-03  7.6900e-03  7.7300e-03  1.0950e-02
  6971.98      1.4343  1.0780e-02  8.0000e-03  7.6600e-03  7.7000e-03  1.0890e-02
  6970.48      1.4346  1.0770e-02  7.9900e-03  7.6500e-03  7.6700e-03  1.0860e-02
  6968.98      1.4349  1.0750e-02  7.9700e-03  7.6300e-03  7.6600e-03  1.0860e-02
  6967.48      1.4352  1.0750e-02  7.9700e-03  7.6300e-03  7.6600e-03  1.0880e-02
  6965.98      1.4355  1.0740e-02  7.9600e-03  7.6200e-03  7.6700e-03  1.0910e-02
  6964.48      1.4359  1.0730e-02  7.9500e-03  7.6200e-03  7.6700e-03  1.0930e-02
  6962.98      1.4362  1.0720e-02  7.9500e-03  7.6200e-03  7.6700e-03  1.0930e-02
  6961.48      1.4365  1.0700e-02  7.9300e-03  7.6000e-03  7.6700e-03  1.0920e-02
  6959.98      1.4368  1.0690e-02  7.9200e-03  7.5900e-03  7.6400e-03  1.0890e-02
  6958.48      1.4371  1.0670e-02  7.9000e-03  7.5700e-03  7.6100e-03  1.0840e-02
  6956.98      1.4374  1.0650e-02  7.8800e-03  7.5400e-03  7.5800e-03  1.0810e-02
  6955.48      1.4377  1.0630e-02  7.8500e-03  7.5100e-03  7.5500e-03  1.0780e-02
  6953.98      1.4380  1.0610e-02  7.8400e-03  7.4900e-03  7.5200e-03  1.0760e-02
  6952.48      1.4383  1.0590e-02  7.8200e-03  7.4700e-03  7.5000e-03  1.0730e-02
  6950.98      1.4386  1.0580e-02  7.8000e-03  7.4600e-03  7.4700e-03  1.0710e-02
  6949.48      1.4390  1.0570e-02  7.7900e-03  7.4400e-03  7.4700e-03  1.0690e-02
  6947.98      1.4393  1.0560e-02  7.7900e-03  7.4400e-03  7.4700e-03  1.0690e-02
  6946.48      1.4396  1.0580e-02  7.8000e-03  7.4500e-03  7.4800e-03  1.0690e-02
  6944.98      1.4399  1.0600e-02  7.8200e-03  7.4700e-03  7.5000e-03  1.0710e-02
  6943.48      1.4402  1.0620e-02  7.8500e-03  7.5000e-03  7.5300e-03  1.0760e-02
  6941.98      1.4405  1.0650e-02  7.8800e-03  7.5400e-03  7.5700e-03  1.0800e-02
  6940.48      1.4408  1.0670e-02  7.9000e-03  7.5700e-03  7.6100e-03  1.0850e-02
  6938.98      1.4411  1.0690e-02  7.9200e-03  7.5900e-03  7.6400e-03  1.0900e-02
  6937.48      1.4414  1.0700e-02  7.9300e-03  7.6200e-03  7.6700e-03  1.0940e-02
  6935.98      1.4418  1.0710e-02  7.9500e-03  7.6300e-03  7.6800e-03  1.0970e-02
  6934.48      1.4421  1.0700e-02  7.9500e-03  7.6300e-03  7.6900e-03  1.0970e-02
  6932.98      1.4424  1.0690e-02  7.9200e-03  7.6000e-03  7.6600e-03  1.0940e-02
  6931.48      1.4427  1.0650e-02  7.8900e-03  7.5500e-03  7.6000e-03  1.0880e-02
  6929.98      1.4430  1.0600e-02  7.8400e-03  7.5000e-03  7.5500e-03  1.0810e-02
  6928.48      1.4433  1.0560e-02  7.8000e-03  7.4600e-03  7.4900e-03  1.0730e-02
  6926.98      1.4436  1.0520e-02  7.7500e-03  7.4100e-03  7.4300e-03  1.0670e-02
  6925.48      1.4439  1.0490e-02  7.7200e-03  7.3600e-03  7.3700e-03  1.0600e-02
  6923.98      1.4443  1.0460e-02  7.6800e-03  7.3200e-03  7.3300e-03  1.0560e-02
  6922.48      1.4446  1.0440e-02  7.6600e-03  7.3000e-03  7.3000e-03  1.0530e-02
  6920.98      1.4449  1.0420e-02  7.6500e-03  7.2900e-03  7.3000e-03  1.0520e-02
  6919.48      1.4452  1.0420e-02  7.6500e-03  7.3000e-03  7.3100e-03  1.0540e-02
  6917.98      1.4455  1.0420e-02  7.6600e-03  7.3100e-03  7.3400e-03  1.0570e-02
  6916.48      1.4458  1.0420e-02  7.6600e-03  7.3200e-03  7.3600e-03  1.0620e-02
  6914.98      1.4461  1.0420e-02  7.6700e-03  7.3300e-03  7.3800e-03  1.0660e-02
  6913.48      1.4465  1.0420e-02  7.6700e-03  7.3400e-03  7.3900e-03  1.0680e-02
  6911.98      1.4468  1.0410e-02  7.6600e-03  7.3300e-03  7.3800e-03  1.0680e-02
  6910.48      1.4471  1.0400e-02  7.6500e-03  7.3100e-03  7.3600e-03  1.0650e-02
  6908.98      1.4474  1.0380e-02  7.6200e-03  7.2800e-03  7.3200e-03  1.0580e-02
  6907.48      1.4477  1.0350e-02  7.5900e-03  7.2500e-03  7.2700e-03  1.0520e-02
  6905.98      1.4480  1.0320e-02  7.5600e-03  7.2100e-03  7.2300e-03  1.0470e-02
  6904.48      1.4483  1.0290e-02  7.5300e-03  7.1800e-03  7.2000e-03  1.0430e-02
  6902.98      1.4487  1.0260e-02  7.5100e-03  7.1500e-03  7.1700e-03  1.0410e-02
  6901.48      1.4490  1.0230e-02  7.4800e-03  7.1200e-03  7.1400e-03  1.0400e-02
  6899.98      1.4493  1.0210e-02  7.4600e-03  7.1000e-03  7.1300e-03  1.0390e-02
  6898.48      1.4496  1.0190e-02  7.4300e-03  7.0800e-03  7.1100e-03  1.0370e-02
  6896.98      1.4499  1.0160e-02  7.4100e-03  7.0700e-03  7.1000e-03  1.0350e-02
  6895.48      1.4502  1.0150e-02  7.4100e-03  7.0600e-03  7.0800e-03  1.0330e-02
  6893.98      1.4505  1.0150e-02  7.4000e-03  7.0500e-03  7.0700e-03  1.0320e-02
  6892.48      1.4509  1.0140e-02  7.3900e-03  7.0400e-03  7.0600e-03  1.0320e-02
  6890.98      1.4512  1.0130e-02  7.3900e-03  7.0300e-03  7.0500e-03  1.0320e-02
  6889.48      1.4515  1.0130e-02  7.3800e-03  7.0300e-03  7.0500e-03  1.0320e-02
  6887.98      1.4518  1.0120e-02  7.3800e-03  7.0200e-03  7.0500e-03  1.0310e-02
  6886.48      1.4521  1.0120e-02  7.3700e-03  7.0200e-03  7.0400e-03  1.0310e-02
  6884.98      1.4524  1.0120e-02  7.3700e-03  7.0200e-03  7.0400e-03  1.0300e-02
  6883.48      1.4528  1.0120e-02  7.3700e-03  7.0200e-03  7.0400e-03  1.0300e-02
  6881.98      1.4531  1.0120e-02  7.3800e-03  7.0200e-03  7.0400e-03  1.0300e-02
  6880.47      1.4534  1.0120e-02  7.3800e-03  7.0300e-03  7.0400e-03  1.0310e-02
  6878.97      1.4537  1.0120e-02  7.3800e-03  7.0300e-03  7.0500e-03  1.0310e-02
  6877.47      1.4540  1.0120e-02  7.3800e-03  7.0300e-03  7.0600e-03  1.0330e-02
  6875.97      1.4543  1.0120e-02  7.3800e-03  7.0300e-03  7.0600e-03  1.0330e-02
  6874.47      1.4547  1.0130e-02  7.3900e-03  7.0300e-03  7.0500e-03  1.0330e-02
  6872.97      1.4550  1.0140e-02  7.3900e-03  7.0400e-03  7.0600e-03  1.0330e-02
  6871.47      1.4553  1.0150e-02  7.4000e-03  7.0500e-03  7.0600e-03  1.0330e-02
  6869.97      1.4556  1.0160e-02  7.4100e-03  7.0500e-03  7.0600e-03  1.0320e-02
  6868.47      1.4559  1.0180e-02  7.4300e-03  7.0700e-03  7.0700e-03  1.0330e-02
  6866.97      1.4562  1.0200e-02  7.4500e-03  7.0900e-03  7.0900e-03  1.0350e-02
  6865.47      1.4566  1.0220e-02  7.4800e-03  7.1200e-03  7.1200e-03  1.0380e-02
  6863.97      1.4569  1.0250e-02  7.5000e-03  7.1500e-03  7.1700e-03  1.0440e-02
  6862.47      1.4572  1.0270e-02  7.5300e-03  7.1800e-03  7.2000e-03  1.0490e-02
  6860.97      1.4575  1.0290e-02  7.5500e-03  7.2100e-03  7.2400e-03  1.0540e-02
  6859.47      1.4578  1.0300e-02  7.5600e-03  7.2200e-03  7.2500e-03  1.0570e-02
  6857.97      1.4582  1.0320e-02  7.5800e-03  7.2300e-03  7.2700e-03  1.0590e-02
  6856.47      1.4585  1.0330e-02  7.5900e-03  7.2400e-03  7.2700e-03  1.0570e-02
  6854.97      1.4588  1.0330e-02  7.5900e-03  7.2400e-03  7.2600e-03  1.0540e-02
  6853.47      1.4591  1.0320e-02  7.5800e-03  7.2200e-03  7.2400e-03  1.0510e-02
  6851.97      1.4594  1.0310e-02  7.5700e-03  7.2100e-03  7.2200e-03  1.0490e-02
  6850.47      1.4598  1.0290e-02  7.5500e-03  7.1900e-03  7.2100e-03  1.0480e-02
  6848.97      1.4601  1.0290e-02  7.5400e-03  7.1800e-03  7.2000e-03  1.0490e-02
  6847.47      1.4604  1.0290e-02  7.5400e-03  7.1700e-03  7.1900e-03  1.0500e-02
  6845.97      1.4607  1.0280e-02  7.5300e-03  7.1700e-03  7.1800e-03  1.0490e-02
  6844.47      1.4610  1.0280e-02  7.5300e-03  7.1600e-03  7.1700e-03  1.0460e-02
  6842.97      1.4614  1.0270e-02  7.5200e-03  7.1600e-03  7.1600e-03  1.0440e-02
  6841.47      1.4617  1.0270e-02  7.5200e-03  7.1600e-03  7.1600e-03  1.0420e-02
  6839.97      1.4620  1.0270e-02  7.5300e-03  7.1700e-03  7.1800e-03  1.0430e-02
  6838.47      1.4623  1.0280e-02  7.5400e-03  7.1800e-03  7.1900e-03  1.0470e-02
  6836.97      1.4626  1.0290e-02  7.5400e-03  7.1900e-03  7.2100e-03  1.0520e-02
  6835.47      1.4630  1.0290e-02  7.5400e-03  7.1900e-03  7.2100e-03  1.0550e-02
  6833.97      1.4633  1.0280e-02  7.5400e-03  7.1800e-03  7.2100e-03  1.0560e-02
  6832.47      1.4636  1.0270e-02  7.5300e-03  7.1800e-03  7.2100e-03  1.0530e-02
  6830.97      1.4639  1.0260e-02  7.5200e-03  7.1600e-03  7.1800e-03  1.0480e-02
  6829.47      1.4642  1.0260e-02  7.5100e-03  7.1500e-03  7.1500e-03  1.0440e-02
  6827.97      1.4646  1.0250e-02  7.5000e-03  7.1300e-03  7.1300e-03  1.0400e-02
  6826.47      1.4649  1.0230e-02  7.4900e-03  7.1200e-03  7.1200e-03  1.0390e-02
  6824.97      1.4652  1.0230e-02  7.4900e-03  7.1200e-03  7.1200e-03  1.0400e-02
  6823.47      1.4655  1.0210e-02  7.4700e-03  7.1100e-03  7.1200e-03  1.0430e-02
  6821.97      1.4659  1.0210e-02  7.4700e-03  7.1000e-03  7.1200e-03  1.0450e-02
  6820.47      1.4662  1.0200e-02  7.4600e-03  7.1000e-03  7.1200e-03  1.0450e-02
  6818.97      1.4665  1.0190e-02  7.4500e-03  7.0900e-03  7.1100e-03  1.0440e-02
  6817.47      1.4668  1.0180e-02  7.4400e-03  7.0800e-03  7.0900e-03  1.0400e-02
  6815.97      1.4671  1.0170e-02  7.4300e-03  7.0700e-03  7.0700e-03  1.0370e-02
  6814.47      1.4675  1.0150e-02  7.4100e-03  7.0400e-03  7.0400e-03  1.0330e-02
  6812.97      1.4678  1.0140e-02  7.4000e-03  7.0300e-03  7.0300e-03  1.0320e-02
  6811.47      1.4681  1.0140e-02  7.4000e-03  7.0300e-03  7.0200e-03  1.0320e-02
  6809.97      1.4684  1.0140e-02  7.4000e-03  7.0300e-03  7.0300e-03  1.0330e-02
  6808.47      1.4688  1.0140e-02  7.4000e-03  7.0300e-03  7.0300e-03  1.0330e-02
  6806.97      1.4691  1.0150e-02  7.4100e-03  7.0300e-03  7.0400e-03  1.0350e-02
  6805.47      1.4694  1.0150e-02  7.4100e-03  7.0400e-03  7.0500e-03  1.0360e-02
  6803.97      1.4697  1.0170e-02  7.4300e-03  7.0600e-03  7.0700e-03  1.0380e-02
  6802.47      1.4701  1.0190e-02  7.4600e-03  7.0900e-03  7.0800e-03  1.0390e-02
  6800.97      1.4704  1.0210e-02  7.4700e-03  7.1000e-03  7.1000e-03  1.0410e-02
  6799.47      1.4707  1.0230e-02  7.4900e-03  7.1200e-03  7.1300e-03  1.0440e-02
  6797.97      1.4710  1.0240e-02  7.5000e-03  7.1300e-03  7.1400e-03  1.0470e-02
  6796.47      1.4714  1.0260e-02  7.5200e-03  7.1500e-03  7.1700e-03  1.0490e-02
  6794.97      1.4717  1.0260e-02  7.5300e-03  7.1700e-03  7.1800e-03  1.0510e-02
  6793.47      1.4720  1.0270e-02  7.5400e-03  7.1800e-03  7.1900e-03  1.0530e-02
  6791.97      1.4723  1.0270e-02  7.5400e-03  7.1800e-03  7.1900e-03  1.0530e-02
  6790.47      1.4727  1.0260e-02  7.5300e-03  7.1600e-03  7.1800e-03  1.0520e-02
  6788.97      1.4730  1.0250e-02  7.5200e-03  7.1500e-03  7.1500e-03  1.0500e-02
  6787.47      1.4733  1.0230e-02  7.4900e-03  7.1300e-03  7.1400e-03  1.0470e-02
  6785.97      1.4736  1.0200e-02  7.4700e-03  7.1000e-03  7.1100e-03  1.0440e-02
  6784.47      1.4740  1.0180e-02  7.4500e-03  7.0800e-03  7.0800e-03  1.0410e-02
  6782.97      1.4743  1.0150e-02  7.4200e-03  7.0400e-03  7.0400e-03  1.0370e-02
  6781.47      1.4746  1.0110e-02  7.3800e-03  7.0000e-03  7.0000e-03  1.0340e-02
  6779.97      1.4749  1.0080e-02  7.3500e-03  6.9700e-03  6.9700e-03  1.0290e-02
  6778.47      1.4753  1.0050e-02  7.3200e-03  6.9400e-03  6.9400e-03  1.0260e-02
  6776.97      1.4756  1.0030e-02  7.2900e-03  6.9100e-03  6.9100e-03  1.0230e-02
  6775.47      1.4759  1.0000e-02  7.2800e-03  6.8900e-03  6.8800e-03  1.0210e-02
  6773.97      1.4762  9.9900e-03  7.2600e-03  6.8800e-03  6.8600e-03  1.0180e-02
  6772.47      1.4766  9.9800e-03  7.2500e-03  6.8600e-03  6.8500e-03  1.0160e-02
  6770.97      1.4769  9.9700e-03  7.2400e-03  6.8600e-03  6.8500e-03  1.0160e-02
  6769.47      1.4772  9.9600e-03  7.2400e-03  6.8600e-03  6.8500e-03  1.0170e-02
  6767.97      1.4775  9.9500e-03  7.2300e-03  6.8600e-03  6.8600e-03  1.0190e-02
  6766.47      1.4779  9.9500e-03  7.2300e-03  6.8600e-03  6.8600e-03  1.0210e-02
  6764.97      1.4782  9.9500e-03  7.2300e-03  6.8500e-03  6.8600e-03  1.0220e-02
  6763.47      1.4785  9.9500e-03  7.2300e-03  6.8500e-03  6.8500e-03  1.0210e-02
  6761.97      1.4789  9.9400e-03  7.2200e-03  6.8500e-03  6.8400e-03  1.0180e-02
  6760.47      1.4792  9.9300e-03  7.2100e-03  6.8300e-03  6.8200e-03  1.0150e-02
  6758.97      1.4795  9.9200e-03  7.2000e-03  6.8200e-03  6.8100e-03  1.0120e-02
  6757.47      1.4798  9.9200e-03  7.2000e-03  6.8100e-03  6.8000e-03  1.0110e-02
  6755.97      1.4802  9.9100e-03  7.1900e-03  6.8100e-03  6.8000e-03  1.0130e-02
  6754.47      1.4805  9.9100e-03  7.1900e-03  6.8100e-03  6.8000e-03  1.0140e-02
  6752.97      1.4808  9.9000e-03  7.1900e-03  6.8100e-03  6.8100e-03  1.0170e-02
  6751.47      1.4812  9.8900e-03  7.1800e-03  6.8000e-03  6.8000e-03  1.0170e-02
  6749.96      1.4815  9.8700e-03  7.1600e-03  6.7800e-03  6.7900e-03  1.0150e-02
  6748.46      1.4818  9.8500e-03  7.1300e-03  6.7700e-03  6.7700e-03  1.0120e-02
  6746.96      1.4821  9.8300e-03  7.1200e-03  6.7500e-03  6.7400e-03  1.0090e-02
  6745.46      1.4825  9.8100e-03  7.1000e-03  6.7200e-03  6.7100e-03  1.0050e-02
  6743.96      1.4828  9.8000e-03  7.0800e-03  6.7000e-03  6.6800e-03  1.0020e-02
  6742.46      1.4831  9.7700e-03  7.0600e-03  6.6700e-03  6.6600e-03  9.9900e-03
  6740.96      1.4835  9.7300e-03  7.0200e-03  6.6300e-03  6.6200e-03  9.9600e-03
  6739.46      1.4838  9.7100e-03  7.0000e-03  6.6100e-03  6.5900e-03  9.9400e-03
  6737.96      1.4841  9.7000e-03  6.9900e-03  6.6000e-03  6.5800e-03  9.9200e-03
  6736.46      1.4845  9.6900e-03  6.9800e-03  6.5900e-03  6.5600e-03  9.9000e-03
  6734.96      1.4848  9.6900e-03  6.9800e-03  6.5900e-03  6.5600e-03  9.8800e-03
  6733.46      1.4851  9.6900e-03  6.9800e-03  6.5900e-03  6.5600e-03  9.8800e-03
  6731.96      1.4855  9.7000e-03  6.9900e-03  6.6000e-03  6.5600e-03  9.9000e-03
  6730.46      1.4858  9.7000e-03  7.0000e-03  6.6100e-03  6.5900e-03  9.9200e-03
  6728.96      1.4861  9.7200e-03  7.0200e-03  6.6300e-03  6.6200e-03  9.9700e-03
  6727.46      1.4864  9.7400e-03  7.0400e-03  6.6600e-03  6.6500e-03  1.0010e-02
  6725.96      1.4868  9.7600e-03  7.0600e-03  6.6800e-03  6.6700e-03  1.0050e-02
  6724.46      1.4871  9.7700e-03  7.0700e-03  6.6900e-03  6.6800e-03  1.0050e-02
  6722.96      1.4874  9.7900e-03  7.0800e-03  6.7000e-03  6.6900e-03  1.0050e-02
  6721.46      1.4878  9.7900e-03  7.0900e-03  6.7000e-03  6.6900e-03  1.0050e-02
  6719.96      1.4881  9.8100e-03  7.1000e-03  6.7200e-03  6.7000e-03  1.0040e-02
  6718.46      1.4884  9.8200e-03  7.1100e-03  6.7300e-03  6.7000e-03  1.0050e-02
  6716.96      1.4888  9.8200e-03  7.1200e-03  6.7300e-03  6.7100e-03  1.0060e-02
  6715.46      1.4891  9.8300e-03  7.1200e-03  6.7300e-03  6.7200e-03  1.0080e-02
  6713.96      1.4894  9.8300e-03  7.1200e-03  6.7300e-03  6.7200e-03  1.0100e-02
  6712.46      1.4898  9.8400e-03  7.1300e-03  6.7400e-03  6.7300e-03  1.0110e-02
  6710.96      1.4901  9.8400e-03  7.1300e-03  6.7400e-03  6.7300e-03  1.0100e-02
  6709.46      1.4904  9.8600e-03  7.1500e-03  6.7500e-03  6.7300e-03  1.0090e-02
  6707.96      1.4908  9.8600e-03  7.1500e-03  6.7600e-03  6.7400e-03  1.0080e-02
  6706.46      1.4911  9.8800e-03  7.1700e-03  6.7700e-03  6.7400e-03  1.0090e-02
  6704.96      1.4914  9.8900e-03  7.1800e-03  6.7900e-03  6.7600e-03  1.0110e-02
  6703.46      1.4918  9.9000e-03  7.1900e-03  6.8000e-03  6.7800e-03  1.0130e-02
  6701.96      1.4921  9.9200e-03  7.2100e-03  6.8200e-03  6.8000e-03  1.0180e-02
  6700.46      1.4924  9.9300e-03  7.2200e-03  6.8400e-03  6.8300e-03  1.0220e-02
  6698.96      1.4928  9.9300e-03  7.2300e-03  6.8500e-03  6.8400e-03  1.0240e-02
  6697.46      1.4931  9.9300e-03  7.2300e-03  6.8400e-03  6.8400e-03  1.0250e-02
  6695.96      1.4934  9.9100e-03  7.2100e-03  6.8300e-03  6.8300e-03  1.0230e-02
  6694.46      1.4938  9.8900e-03  7.1900e-03  6.8100e-03  6.8000e-03  1.0200e-02
  6692.96      1.4941  9.8700e-03  7.1600e-03  6.7800e-03  6.7600e-03  1.0150e-02
  6691.46      1.4944  9.8400e-03  7.1400e-03  6.7400e-03  6.7100e-03  1.0100e-02
  6689.96      1.4948  9.8100e-03  7.1100e-03  6.7000e-03  6.6700e-03  1.0040e-02
  6688.46      1.4951  9.7800e-03  7.0700e-03  6.6600e-03  6.6300e-03  9.9900e-03
  6686.96      1.4954  9.7600e-03  7.0600e-03  6.6500e-03  6.6000e-03  9.9500e-03
  6685.46      1.4958  9.7400e-03  7.0400e-03  6.6300e-03  6.5900e-03  9.9400e-03
  6683.96      1.4961  9.7400e-03  7.0300e-03  6.6200e-03  6.5800e-03  9.9300e-03
  6682.46      1.4965  9.7400e-03  7.0300e-03  6.6200e-03  6.5900e-03  9.9600e-03
  6680.96      1.4968  9.7400e-03  7.0500e-03  6.6300e-03  6.6100e-03  9.9900e-03
  6679.46      1.4971  9.7600e-03  7.0600e-03  6.6600e-03  6.6300e-03  1.0020e-02
  6677.96      1.4975  9.7900e-03  7.0900e-03  6.6800e-03  6.6600e-03  1.0050e-02
  6676.46      1.4978  9.8000e-03  7.1000e-03  6.7000e-03  6.6800e-03  1.0070e-02
  6674.96      1.4981  9.8100e-03  7.1200e-03  6.7200e-03  6.7000e-03  1.0090e-02
  6673.46      1.4985  9.8200e-03  7.1200e-03  6.7300e-03  6.7100e-03  1.0100e-02
  6671.96      1.4988  9.8400e-03  7.1400e-03  6.7500e-03  6.7300e-03  1.0130e-02
  6670.46      1.4991  9.8500e-03  7.1500e-03  6.7500e-03  6.7300e-03  1.0140e-02
  6668.96      1.4995  9.8600e-03  7.1600e-03  6.7600e-03  6.7400e-03  1.0150e-02
  6667.46      1.4998  9.8600e-03  7.1600e-03  6.7600e-03  6.7300e-03  1.0130e-02
  6665.96      1.5002  9.8500e-03  7.1500e-03  6.7500e-03  6.7300e-03  1.0120e-02
  6664.46      1.5005  9.8400e-03  7.1400e-03  6.7400e-03  6.7100e-03  1.0100e-02
  6662.96      1.5008  9.8400e-03  7.1400e-03  6.7400e-03  6.7100e-03  1.0090e-02
  6661.46      1.5012  9.8400e-03  7.1400e-03  6.7400e-03  6.7000e-03  1.0090e-02
  6659.96      1.5015  9.8400e-03  7.1400e-03  6.7300e-03  6.7000e-03  1.0090e-02
  6658.46      1.5018  9.8300e-03  7.1300e-03  6.7300e-03  6.7000e-03  1.0110e-02
  6656.96      1.5022  9.8200e-03  7.1200e-03  6.7200e-03  6.6900e-03  1.0110e-02
  6655.46      1.5025  9.8000e-03  7.1100e-03  6.7100e-03  6.6800e-03  1.0090e-02
  6653.96      1.5029  9.7800e-03  7.0900e-03  6.6900e-03  6.6800e-03  1.0090e-02
  6652.46      1.5032  9.7700e-03  7.0800e-03  6.6800e-03  6.6600e-03  1.0070e-02
  6650.96      1.5035  9.7500e-03  7.0600e-03  6.6600e-03  6.6300e-03  1.0040e-02
  6649.46      1.5039  9.7300e-03  7.0400e-03  6.6300e-03  6.6000e-03  1.0020e-02
  6647.96      1.5042  9.7000e-03  7.0100e-03  6.6000e-03  6.5700e-03  9.9900e-03
  6646.46      1.5046  9.6600e-03  6.9700e-03  6.5600e-03  6.5300e-03  9.9400e-03
  6644.96      1.5049  9.6300e-03  6.9400e-03  6.5300e-03  6.4900e-03  9.8900e-03
  6643.46      1.5052  9.6000e-03  6.9100e-03  6.5000e-03  6.4600e-03  9.8500e-03
  6641.96      1.5056  9.5800e-03  6.8900e-03  6.4700e-03  6.4200e-03  9.8200e-03
  6640.46      1.5059  9.5600e-03  6.8700e-03  6.4500e-03  6.4000e-03  9.7900e-03
  6638.96      1.5063  9.5600e-03  6.8700e-03  6.4400e-03  6.3900e-03  9.7800e-03
  6637.46      1.5066  9.5600e-03  6.8700e-03  6.4500e-03  6.3900e-03  9.7800e-03
  6635.96      1.5069  9.5700e-03  6.8800e-03  6.4500e-03  6.4000e-03  9.7900e-03
  6634.46      1.5073  9.5900e-03  6.9000e-03  6.4700e-03  6.4200e-03  9.8100e-03
  6632.96      1.5076  9.6100e-03  6.9200e-03  6.5100e-03  6.4600e-03  9.8500e-03
  6631.46      1.5080  9.6300e-03  6.9500e-03  6.5400e-03  6.5000e-03  9.9000e-03
  6629.96      1.5083  9.6600e-03  6.9800e-03  6.5700e-03  6.5400e-03  9.9600e-03
  6628.46      1.5086  9.6800e-03  7.0000e-03  6.6000e-03  6.5700e-03  1.0010e-02
  6626.96      1.5090  9.7000e-03  7.0200e-03  6.6200e-03  6.6000e-03  1.0050e-02
  6625.46      1.5093  9.7000e-03  7.0300e-03  6.6300e-03  6.6100e-03  1.0060e-02
  6623.96      1.5097  9.7000e-03  7.0200e-03  6.6200e-03  6.6000e-03  1.0050e-02
  6622.46      1.5100  9.7000e-03  7.0200e-03  6.6100e-03  6.5900e-03  1.0010e-02
  6620.96      1.5104  9.6800e-03  7.0000e-03  6.5900e-03  6.5600e-03  9.9800e-03
  6619.46      1.5107  9.6700e-03  6.9900e-03  6.5700e-03  6.5200e-03  9.9300e-03
  6617.96      1.5110  9.6600e-03  6.9700e-03  6.5500e-03  6.5000e-03  9.9000e-03
  6616.46      1.5114  9.6500e-03  6.9600e-03  6.5400e-03  6.4700e-03  9.8900e-03
  6614.96      1.5117  9.6300e-03  6.9500e-03  6.5200e-03  6.4700e-03  9.8800e-03
  6613.46      1.5121  9.6200e-03  6.9300e-03  6.5100e-03  6.4600e-03  9.8800e-03
  6611.95      1.5124  9.6100e-03  6.9300e-03  6.5100e-03  6.4600e-03  9.8800e-03
  6610.45      1.5128  9.6100e-03  6.9300e-03  6.5100e-03  6.4700e-03  9.9000e-03
  6608.95      1.5131  9.6000e-03  6.9300e-03  6.5100e-03  6.4700e-03  9.9000e-03
  6607.45      1.5134  9.6000e-03  6.9200e-03  6.5100e-03  6.4700e-03  9.9100e-03
  6605.95      1.5138  9.6000e-03  6.9200e-03  6.5100e-03  6.4700e-03  9.9100e-03
  6604.45      1.5141  9.5800e-03  6.9100e-03  6.4900e-03  6.4500e-03  9.9000e-03
  6602.95      1.5145  9.5700e-03  6.9000e-03  6.4900e-03  6.4400e-03  9.8800e-03
  6601.45      1.5148  9.5500e-03  6.8800e-03  6.4700e-03  6.4200e-03  9.8600e-03
  6599.95      1.5152  9.5300e-03  6.8600e-03  6.4400e-03  6.4000e-03  9.8300e-03
  6598.45      1.5155  9.5000e-03  6.8300e-03  6.4200e-03  6.3700e-03  9.8100e-03
  6596.95      1.5159  9.4600e-03  6.8000e-03  6.3800e-03  6.3400e-03  9.7800e-03
  6595.45      1.5162  9.4300e-03  6.7600e-03  6.3400e-03  6.3000e-03  9.7500e-03
  6593.95      1.5165  9.4000e-03  6.7300e-03  6.3100e-03  6.2600e-03  9.7100e-03
  6592.45      1.5169  9.3500e-03  6.6800e-03  6.2600e-03  6.2100e-03  9.6500e-03
  6590.95      1.5172  9.3100e-03  6.6400e-03  6.2100e-03  6.1600e-03  9.5800e-03
  6589.45      1.5176  9.2800e-03  6.6100e-03  6.1800e-03  6.1200e-03  9.5400e-03
  6587.95      1.5179  9.2600e-03  6.5900e-03  6.1500e-03  6.0800e-03  9.4900e-03
  6586.45      1.5183  9.2400e-03  6.5800e-03  6.1300e-03  6.0600e-03  9.4600e-03
  6584.95      1.5186  9.2400e-03  6.5800e-03  6.1300e-03  6.0600e-03  9.4700e-03
  6583.45      1.5190  9.2500e-03  6.5800e-03  6.1400e-03  6.0700e-03  9.4800e-03
  6581.95      1.5193  9.2500e-03  6.5900e-03  6.1600e-03  6.0900e-03  9.5200e-03
  6580.45      1.5197  9.2700e-03  6.6100e-03  6.1900e-03  6.1300e-03  9.5600e-03
  6578.95      1.5200  9.2800e-03  6.6300e-03  6.2100e-03  6.1600e-03  9.6100e-03
  6577.45      1.5203  9.3000e-03  6.6500e-03  6.2400e-03  6.1900e-03  9.6500e-03
  6575.95      1.5207  9.3100e-03  6.6600e-03  6.2500e-03  6.2200e-03  9.6800e-03
  6574.45      1.5210  9.3200e-03  6.6700e-03  6.2600e-03  6.2200e-03  9.7000e-03
  6572.95      1.5214  9.3100e-03  6.6700e-03  6.2400e-03  6.2100e-03  9.6900e-03
  6571.45      1.5217  9.3100e-03  6.6500e-03  6.2300e-03  6.1800e-03  9.6500e-03
  6569.95      1.5221  9.3000e-03  6.6400e-03  6.2100e-03  6.1600e-03  9.6000e-03
  6568.45      1.5224  9.2900e-03  6.6300e-03  6.2000e-03  6.1300e-03  9.5600e-03
  6566.95      1.5228  9.2800e-03  6.6200e-03  6.1800e-03  6.1000e-03  9.5200e-03
  6565.45      1.5231  9.2700e-03  6.6100e-03  6.1700e-03  6.0900e-03  9.5100e-03
  6563.95      1.5235  9.2600e-03  6.6000e-03  6.1600e-03  6.0900e-03  9.5200e-03
  6562.45      1.5238  9.2600e-03  6.6000e-03  6.1700e-03  6.1000e-03  9.5500e-03
  6560.95      1.5242  9.2600e-03  6.6000e-03  6.1700e-03  6.1200e-03  9.5900e-03
  6559.45      1.5245  9.2600e-03  6.6100e-03  6.1800e-03  6.1300e-03  9.6100e-03
  6557.95      1.5249  9.2600e-03  6.6100e-03  6.1800e-03  6.1300e-03  9.6100e-03
  6556.45      1.5252  9.2700e-03  6.6200e-03  6.1800e-03  6.1200e-03  9.5900e-03
  6554.95      1.5256  9.2800e-03  6.6200e-03  6.1900e-03  6.1200e-03  9.5700e-03
  6553.45      1.5259  9.2900e-03  6.6400e-03  6.2000e-03  6.1200e-03  9.5500e-03
  6551.95      1.5263  9.3000e-03  6.6500e-03  6.2100e-03  6.1300e-03  9.5500e-03
  6550.45      1.5266  9.3100e-03  6.6600e-03  6.2200e-03  6.1500e-03  9.5900e-03
  6548.95      1.5270  9.3100e-03  6.6600e-03  6.2300e-03  6.1700e-03  9.6400e-03
  6547.45      1.5273  9.3100e-03  6.6600e-03  6.2400e-03  6.1900e-03  9.6800e-03
  6545.95      1.5277  9.3000e-03  6.6500e-03  6.2300e-03  6.1900e-03  9.7100e-03
  6544.45      1.5280  9.2900e-03  6.6500e-03  6.2300e-03  6.1800e-03  9.7000e-03
  6542.95      1.5284  9.2700e-03  6.6300e-03  6.2100e-03  6.1500e-03  9.6600e-03
  6541.45      1.5287  9.2600e-03  6.6100e-03  6.1800e-03  6.1000e-03  9.5800e-03
  6539.95      1.5291  9.2300e-03  6.5800e-03  6.1400e-03  6.0600e-03  9.5100e-03
  6538.45      1.5294  9.2200e-03  6.5700e-03  6.1200e-03  6.0300e-03  9.4500e-03
  6536.95      1.5298  9.2100e-03  6.5600e-03  6.1100e-03  6.0100e-03  9.4300e-03
  6535.45      1.5301  9.2000e-03  6.5500e-03  6.1000e-03  6.0100e-03  9.4500e-03
  6533.95      1.5305  9.2000e-03  6.5500e-03  6.1000e-03  6.0200e-03  9.4900e-03
  6532.45      1.5308  9.2000e-03  6.5500e-03  6.1000e-03  6.0300e-03  9.5300e-03
  6530.95      1.5312  9.2000e-03  6.5600e-03  6.1200e-03  6.0600e-03  9.5600e-03
  6529.45      1.5315  9.2200e-03  6.5800e-03  6.1400e-03  6.0800e-03  9.5700e-03
  6527.95      1.5319  9.2200e-03  6.5800e-03  6.1500e-03  6.0800e-03  9.5700e-03
  6526.45      1.5322  9.2400e-03  6.6000e-03  6.1600e-03  6.0800e-03  9.5500e-03
  6524.95      1.5326  9.2400e-03  6.6000e-03  6.1600e-03  6.0800e-03  9.5500e-03
  6523.45      1.5329  9.2600e-03  6.6200e-03  6.1700e-03  6.0900e-03  9.5500e-03
  6521.95      1.5333  9.2700e-03  6.6200e-03  6.1800e-03  6.1000e-03  9.5700e-03
  6520.45      1.5336  9.2800e-03  6.6400e-03  6.2000e-03  6.1200e-03  9.6000e-03
  6518.95      1.5340  9.2800e-03  6.6400e-03  6.2000e-03  6.1400e-03  9.6300e-03
  6517.45      1.5343  9.2600e-03  6.6300e-03  6.2000e-03  6.1400e-03  9.6500e-03
  6515.95      1.5347  9.2400e-03  6.6100e-03  6.1800e-03  6.1300e-03  9.6500e-03
  6514.45      1.5350  9.2300e-03  6.6000e-03  6.1700e-03  6.1100e-03  9.6300e-03
  6512.95      1.5354  9.2100e-03  6.5700e-03  6.1400e-03  6.0800e-03  9.5900e-03
  6511.45      1.5358  9.1900e-03  6.5500e-03  6.1100e-03  6.0300e-03  9.5300e-03
  6509.95      1.5361  9.1600e-03  6.5300e-03  6.0700e-03  5.9800e-03  9.4600e-03
  6508.45      1.5365  9.1400e-03  6.5000e-03  6.0400e-03  5.9400e-03  9.4000e-03
  6506.95      1.5368  9.1200e-03  6.4700e-03  6.0100e-03  5.9100e-03  9.3600e-03
  6505.45      1.5372  9.1000e-03  6.4700e-03  6.0000e-03  5.9000e-03  9.3500e-03
  6503.95      1.5375  9.1100e-03  6.4700e-03  6.0100e-03  5.9100e-03  9.3700e-03
  6502.45      1.5379  9.1200e-03  6.4800e-03  6.0300e-03  5.9400e-03  9.4200e-03
  6500.95      1.5382  9.1200e-03  6.4900e-03  6.0400e-03  5.9600e-03  9.4700e-03
  6499.45      1.5386  9.1300e-03  6.5000e-03  6.0600e-03  5.9800e-03  9.5000e-03
  6497.95      1.5389  9.1400e-03  6.5100e-03  6.0700e-03  6.0000e-03  9.5200e-03
  6496.45      1.5393  9.1500e-03  6.5300e-03  6.0900e-03  6.0200e-03  9.5300e-03
  6494.95      1.5397  9.1600e-03  6.5300e-03  6.0900e-03  6.0200e-03  9.5200e-03
  6493.45      1.5400  9.1600e-03  6.5400e-03  6.0900e-03  6.0100e-03  9.5100e-03
  6491.95      1.5404  9.1600e-03  6.5300e-03  6.0900e-03  6.0100e-03  9.5000e-03
  6490.45      1.5407  9.1400e-03  6.5100e-03  6.0700e-03  5.9900e-03  9.5000e-03
  6488.95      1.5411  9.1200e-03  6.4900e-03  6.0500e-03  5.9700e-03  9.4800e-03
  6487.45      1.5414  9.1000e-03  6.4700e-03  6.0300e-03  5.9500e-03  9.4700e-03
  6485.95      1.5418  9.0700e-03  6.4400e-03  5.9900e-03  5.9100e-03  9.4400e-03
  6484.45      1.5422  9.0500e-03  6.4200e-03  5.9600e-03  5.8800e-03  9.3900e-03
  6482.95      1.5425  9.0200e-03  6.4000e-03  5.9400e-03  5.8400e-03  9.3400e-03
  6481.44      1.5429  9.0100e-03  6.3700e-03  5.9100e-03  5.8200e-03  9.3100e-03
  6479.94      1.5432  8.9900e-03  6.3700e-03  5.9000e-03  5.7900e-03  9.2700e-03
  6478.44      1.5436  8.9800e-03  6.3600e-03  5.8900e-03  5.7800e-03  9.2600e-03
  6476.94      1.5439  8.9800e-03  6.3600e-03  5.8900e-03  5.7900e-03  9.2700e-03
  6475.44      1.5443  8.9900e-03  6.3700e-03  5.9100e-03  5.8100e-03  9.3000e-03
  6473.94      1.5447  9.0000e-03  6.3800e-03  5.9200e-03  5.8200e-03  9.3300e-03
  6472.44      1.5450  9.0300e-03  6.4100e-03  5.9500e-03  5.8500e-03  9.3700e-03
  6470.94      1.5454  9.0400e-03  6.4200e-03  5.9700e-03  5.8800e-03  9.4000e-03
  6469.44      1.5457  9.0600e-03  6.4400e-03  5.9900e-03  5.9000e-03  9.4200e-03
  6467.94      1.5461  9.0700e-03  6.4600e-03  6.0000e-03  5.9100e-03  9.4300e-03
  6466.44      1.5464  9.0700e-03  6.4600e-03  6.0200e-03  5.9300e-03  9.4500e-03
  6464.94      1.5468  9.0700e-03  6.4600e-03  6.0200e-03  5.9400e-03  9.4700e-03
  6463.44      1.5472  9.0700e-03  6.4600e-03  6.0100e-03  5.9300e-03  9.4800e-03
  6461.94      1.5475  9.0500e-03  6.4400e-03  5.9900e-03  5.9100e-03  9.4600e-03
  6460.44      1.5479  9.0400e-03  6.4300e-03  5.9700e-03  5.8800e-03  9.4300e-03
  6458.94      1.5482  9.0100e-03  6.4000e-03  5.9400e-03  5.8400e-03  9.3900e-03
  6457.44      1.5486  8.9900e-03  6.3800e-03  5.9100e-03  5.8100e-03  9.3300e-03
  6455.94      1.5490  8.9700e-03  6.3500e-03  5.8800e-03  5.7700e-03  9.2700e-03
  6454.44      1.5493  8.9400e-03  6.3400e-03  5.8700e-03  5.7400e-03  9.2300e-03
  6452.94      1.5497  8.9300e-03  6.3200e-03  5.8500e-03  5.7300e-03  9.2300e-03
  6451.44      1.5500  8.9100e-03  6.3000e-03  5.8400e-03  5.7300e-03  9.2400e-03
  6449.94      1.5504  8.9000e-03  6.3000e-03  5.8300e-03  5.7300e-03  9.2700e-03
  6448.44      1.5508  8.8800e-03  6.2800e-03  5.8200e-03  5.7300e-03  9.2900e-03
  6446.94      1.5511  8.8700e-03  6.2700e-03  5.8100e-03  5.7200e-03  9.2900e-03
  6445.44      1.5515  8.8600e-03  6.2600e-03  5.7900e-03  5.7000e-03  9.2600e-03
  6443.94      1.5518  8.8500e-03  6.2500e-03  5.7800e-03  5.6800e-03  9.2100e-03
  6442.44      1.5522  8.8300e-03  6.2300e-03  5.7600e-03  5.6500e-03  9.1600e-03
  6440.94      1.5526  8.8300e-03  6.2300e-03  5.7400e-03  5.6200e-03  9.1300e-03
  6439.44      1.5529  8.8300e-03  6.2200e-03  5.7400e-03  5.6100e-03  9.1200e-03
  6437.94      1.5533  8.8300e-03  6.2300e-03  5.7400e-03  5.6200e-03  9.1200e-03
  6436.44      1.5537  8.8400e-03  6.2300e-03  5.7500e-03  5.6300e-03  9.1600e-03
  6434.94      1.5540  8.8500e-03  6.2500e-03  5.7700e-03  5.6600e-03  9.2000e-03
  6433.44      1.5544  8.8600e-03  6.2600e-03  5.7900e-03  5.6900e-03  9.2300e-03
  6431.94      1.5547  8.8800e-03  6.2800e-03  5.8200e-03  5.7200e-03  9.2700e-03
  6430.44      1.5551  8.8900e-03  6.3000e-03  5.8300e-03  5.7300e-03  9.2900e-03
  6428.94      1.5555  8.9200e-03  6.3200e-03  5.8500e-03  5.7500e-03  9.3100e-03
  6427.44      1.5558  8.9300e-03  6.3500e-03  5.8700e-03  5.7700e-03  9.3100e-03
  6425.94      1.5562  8.9500e-03  6.3600e-03  5.8800e-03  5.7700e-03  9.3100e-03
  6424.44      1.5566  8.9700e-03  6.3700e-03  5.8900e-03  5.7800e-03  9.3200e-03
  6422.94      1.5569  8.9700e-03  6.3700e-03  5.9000e-03  5.7900e-03  9.3200e-03
  6421.44      1.5573  8.9800e-03  6.3800e-03  5.9100e-03  5.8000e-03  9.3400e-03
  6419.94      1.5576  8.9800e-03  6.3800e-03  5.9100e-03  5.8100e-03  9.3600e-03
  6418.44      1.5580  8.9800e-03  6.3900e-03  5.9200e-03  5.8200e-03  9.3900e-03
  6416.94      1.5584  8.9800e-03  6.3900e-03  5.9200e-03  5.8200e-03  9.4000e-03
  6415.44      1.5587  8.9800e-03  6.3900e-03  5.9100e-03  5.8000e-03  9.3800e-03
  6413.94      1.5591  8.9800e-03  6.3800e-03  5.9000e-03  5.7800e-03  9.3600e-03
  6412.44      1.5595  8.9900e-03  6.3800e-03  5.9000e-03  5.7800e-03  9.3200e-03
  6410.94      1.5598  8.9900e-03  6.3900e-03  5.9000e-03  5.7700e-03  9.3000e-03
  6409.44      1.5602  9.0000e-03  6.4000e-03  5.9100e-03  5.7800e-03  9.3000e-03
  6407.94      1.5606  9.0100e-03  6.4100e-03  5.9300e-03  5.7900e-03  9.3300e-03
  6406.44      1.5609  9.0100e-03  6.4100e-03  5.9300e-03  5.8200e-03  9.3800e-03
  6404.94      1.5613  9.0200e-03  6.4200e-03  5.9500e-03  5.8500e-03  9.4300e-03
  6403.44      1.5617  9.0200e-03  6.4300e-03  5.9600e-03  5.8600e-03  9.4800e-03
  6401.94      1.5620  9.0100e-03  6.4300e-03  5.9600e-03  5.8700e-03  9.4900e-03
  6400.44      1.5624  9.0000e-03  6.4100e-03  5.9500e-03  5.8500e-03  9.4600e-03
  6398.94      1.5628  8.9700e-03  6.3900e-03  5.9200e-03  5.8200e-03  9.4100e-03
  6397.44      1.5631  8.9400e-03  6.3500e-03  5.8700e-03  5.7600e-03  9.3400e-03
  6395.94      1.5635  8.9000e-03  6.3200e-03  5.8300e-03  5.7100e-03  9.2700e-03
  6394.44      1.5639  8.8600e-03  6.2800e-03  5.7900e-03  5.6500e-03  9.2100e-03
  6392.94      1.5642  8.8300e-03  6.2300e-03  5.7400e-03  5.6000e-03  9.1600e-03
  6391.44      1.5646  8.7900e-03  6.2000e-03  5.7000e-03  5.5700e-03  9.1200e-03
  6389.94      1.5650  8.7500e-03  6.1600e-03  5.6600e-03  5.5300e-03  9.1000e-03
  6388.44      1.5653  8.7200e-03  6.1300e-03  5.6400e-03  5.5100e-03  9.0700e-03
  6386.94      1.5657  8.6900e-03  6.1200e-03  5.6300e-03  5.4900e-03  9.0600e-03
  6385.44      1.5661  8.6800e-03  6.1000e-03  5.6100e-03  5.4900e-03  9.0500e-03
  6383.94      1.5664  8.6800e-03  6.1000e-03  5.6000e-03  5.4700e-03  9.0400e-03
  6382.44      1.5668  8.6800e-03  6.1000e-03  5.6000e-03  5.4700e-03  9.0400e-03
  6380.94      1.5672  8.7000e-03  6.1200e-03  5.6200e-03  5.4700e-03  9.0400e-03
  6379.44      1.5675  8.7200e-03  6.1500e-03  5.6300e-03  5.4900e-03  9.0500e-03
  6377.94      1.5679  8.7500e-03  6.1700e-03  5.6700e-03  5.5200e-03  9.0700e-03
  6376.44      1.5683  8.7800e-03  6.2000e-03  5.7000e-03  5.5600e-03  9.1000e-03
  6374.94      1.5686  8.8100e-03  6.2400e-03  5.7400e-03  5.6100e-03  9.1700e-03
  6373.44      1.5690  8.8500e-03  6.2700e-03  5.7900e-03  5.6600e-03  9.2500e-03
  6371.94      1.5694  8.9000e-03  6.3200e-03  5.8400e-03  5.7200e-03  9.3300e-03
  6370.44      1.5698  8.9400e-03  6.3600e-03  5.8800e-03  5.7700e-03  9.4000e-03
  6368.94      1.5701  8.9600e-03  6.3900e-03  5.9100e-03  5.8000e-03  9.4300e-03
  6367.44      1.5705  8.9700e-03  6.4000e-03  5.9200e-03  5.8100e-03  9.4300e-03
  6365.94      1.5709  8.9700e-03  6.4000e-03  5.9200e-03  5.8100e-03  9.4200e-03
  6364.44      1.5712  8.9600e-03  6.3900e-03  5.9200e-03  5.8000e-03  9.4000e-03
  6362.94      1.5716  8.9600e-03  6.3900e-03  5.9000e-03  5.7700e-03  9.3800e-03
  6361.44      1.5720  8.9400e-03  6.3600e-03  5.8700e-03  5.7400e-03  9.3500e-03
  6359.94      1.5723  8.9100e-03  6.3400e-03  5.8400e-03  5.7100e-03  9.3200e-03
  6358.44      1.5727  8.8800e-03  6.3000e-03  5.8000e-03  5.6600e-03  9.2800e-03
  6356.94      1.5731  8.8400e-03  6.2700e-03  5.7700e-03  5.6300e-03  9.2300e-03
  6355.44      1.5735  8.8100e-03  6.2400e-03  5.7400e-03  5.6000e-03  9.1800e-03
  6353.94      1.5738  8.7600e-03  6.2100e-03  5.7100e-03  5.5600e-03  9.1400e-03
  6352.44      1.5742  8.7500e-03  6.1700e-03  5.6700e-03  5.5300e-03  9.1200e-03
  6350.94      1.5746  8.7200e-03  6.1500e-03  5.6500e-03  5.5000e-03  9.1100e-03
  6349.44      1.5749  8.7000e-03  6.1300e-03  5.6300e-03  5.4900e-03  9.1100e-03
  6347.94      1.5753  8.6700e-03  6.1100e-03  5.6000e-03  5.4600e-03  9.0800e-03
  6346.44      1.5757  8.6400e-03  6.0800e-03  5.5800e-03  5.4400e-03  9.0500e-03
  6344.94      1.5761  8.6300e-03  6.0700e-03  5.5600e-03  5.4200e-03  9.0200e-03
  6343.43      1.5764  8.6100e-03  6.0500e-03  5.5400e-03  5.3900e-03  8.9900e-03
  6341.93      1.5768  8.6100e-03  6.0500e-03  5.5400e-03  5.3900e-03  8.9700e-03
  6340.43      1.5772  8.6000e-03  6.0500e-03  5.5300e-03  5.3800e-03  8.9700e-03
  6338.93      1.5776  8.6100e-03  6.0500e-03  5.5300e-03  5.3800e-03  8.9800e-03
  6337.43      1.5779  8.6100e-03  6.0500e-03  5.5400e-03  5.3900e-03  9.0000e-03
  6335.93      1.5783  8.6100e-03  6.0500e-03  5.5400e-03  5.3900e-03  9.0100e-03
  6334.43      1.5787  8.6200e-03  6.0700e-03  5.5600e-03  5.4100e-03  9.0200e-03
  6332.93      1.5790  8.6200e-03  6.0700e-03  5.5700e-03  5.4200e-03  9.0400e-03
  6331.43      1.5794  8.6400e-03  6.0900e-03  5.5900e-03  5.4400e-03  9.0600e-03
  6329.93      1.5798  8.6600e-03  6.1100e-03  5.6000e-03  5.4500e-03  9.0800e-03
  6328.43      1.5802  8.6700e-03  6.1200e-03  5.6100e-03  5.4600e-03  9.0900e-03
  6326.93      1.5805  8.6900e-03  6.1400e-03  5.6300e-03  5.4700e-03  9.1000e-03
  6325.43      1.5809  8.6900e-03  6.1400e-03  5.6300e-03  5.4800e-03  9.1000e-03
  6323.93      1.5813  8.7000e-03  6.1500e-03  5.6400e-03  5.4900e-03  9.1100e-03
  6322.43      1.5817  8.7000e-03  6.1500e-03  5.6500e-03  5.5000e-03  9.1200e-03
  6320.93      1.5820  8.7100e-03  6.1600e-03  5.6600e-03  5.5100e-03  9.1400e-03
  6319.43      1.5824  8.7300e-03  6.1800e-03  5.6600e-03  5.5100e-03  9.1500e-03
  6317.93      1.5828  8.7300e-03  6.1800e-03  5.6700e-03  5.5200e-03  9.1700e-03
  6316.43      1.5832  8.7300e-03  6.1800e-03  5.6700e-03  5.5100e-03  9.1600e-03
  6314.93      1.5835  8.7300e-03  6.1800e-03  5.6600e-03  5.5100e-03  9.1500e-03
  6313.43      1.5839  8.7200e-03  6.1800e-03  5.6600e-03  5.5000e-03  9.1300e-03
  6311.93      1.5843  8.7300e-03  6.1800e-03  5.6600e-03  5.5000e-03  9.1300e-03
  6310.43      1.5847  8.7300e-03  6.1800e-03  5.6700e-03  5.5100e-03  9.1300e-03
  6308.93      1.5851  8.7300e-03  6.1800e-03  5.6700e-03  5.5100e-03  9.1400e-03
  6307.43      1.5854  8.7300e-03  6.1800e-03  5.6700e-03  5.5100e-03  9.1600e-03
  6305.93      1.5858  8.7200e-03  6.1800e-03  5.6600e-03  5.5100e-03  9.1700e-03
  6304.43      1.5862  8.7100e-03  6.1600e-03  5.6500e-03  5.5000e-03  9.1700e-03
  6302.93      1.5866  8.6900e-03  6.1600e-03  5.6400e-03  5.4900e-03  9.1500e-03
  6301.43      1.5869  8.6900e-03  6.1500e-03  5.6400e-03  5.4800e-03  9.1300e-03
  6299.93      1.5873  8.6700e-03  6.1300e-03  5.6200e-03  5.4500e-03  9.1000e-03
  6298.43      1.5877  8.6600e-03  6.1200e-03  5.6000e-03  5.4300e-03  9.0800e-03
  6296.93      1.5881  8.6400e-03  6.1000e-03  5.5800e-03  5.4100e-03  9.0500e-03
  6295.43      1.5885  8.6300e-03  6.0900e-03  5.5700e-03  5.4000e-03  9.0500e-03
  6293.93      1.5888  8.6100e-03  6.0700e-03  5.5500e-03  5.3800e-03  9.0300e-03
  6292.43      1.5892  8.6100e-03  6.0700e-03  5.5400e-03  5.3700e-03  9.0300e-03
  6290.93      1.5896  8.6000e-03  6.0600e-03  5.5400e-03  5.3600e-03  9.0200e-03
  6289.43      1.5900  8.6000e-03  6.0600e-03  5.5300e-03  5.3600e-03  9.0100e-03
  6287.93      1.5903  8.6000e-03  6.0600e-03  5.5300e-03  5.3600e-03  9.0100e-03
  6286.43      1.5907  8.6000e-03  6.0700e-03  5.5400e-03  5.3600e-03  9.0100e-03
  6284.93      1.5911  8.6100e-03  6.0700e-03  5.5400e-03  5.3700e-03  9.0100e-03
  6283.43      1.5915  8.6200e-03  6.0900e-03  5.5600e-03  5.3900e-03  9.0400e-03
  6281.93      1.5919  8.6300e-03  6.1000e-03  5.5700e-03  5.4000e-03  9.0600e-03
  6280.43      1.5922  8.6400e-03  6.1100e-03  5.5900e-03  5.4200e-03  9.0900e-03
  6278.93      1.5926  8.6400e-03  6.1100e-03  5.5900e-03  5.4300e-03  9.1000e-03
  6277.43      1.5930  8.6400e-03  6.1200e-03  5.6000e-03  5.4400e-03  9.1200e-03
  6275.93      1.5934  8.6400e-03  6.1200e-03  5.6000e-03  5.4400e-03  9.1200e-03
  6274.43      1.5938  8.6400e-03  6.1200e-03  5.5900e-03  5.4300e-03  9.1200e-03
  6272.93      1.5942  8.6400e-03  6.1100e-03  5.5800e-03  5.4100e-03  9.1000e-03
  6271.43      1.5945  8.6300e-03  6.1000e-03  5.5700e-03  5.3900e-03  9.0600e-03
  6269.93      1.5949  8.6100e-03  6.0900e-03  5.5500e-03  5.3700e-03  9.0300e-03
  6268.43      1.5953  8.6000e-03  6.0700e-03  5.5400e-03  5.3600e-03  9.0000e-03
  6266.93      1.5957  8.5800e-03  6.0500e-03  5.5200e-03  5.3400e-03  9.0000e-03
  6265.43      1.5961  8.5700e-03  6.0400e-03  5.5000e-03  5.3300e-03  9.0000e-03
  6263.93      1.5964  8.5500e-03  6.0300e-03  5.5000e-03  5.3200e-03  9.0100e-03
  6262.43      1.5968  8.5300e-03  6.0100e-03  5.4800e-03  5.3000e-03  9.0100e-03
  6260.93      1.5972  8.5100e-03  5.9900e-03  5.4600e-03  5.2900e-03  9.0000e-03
  6259.43      1.5976  8.4900e-03  5.9700e-03  5.4400e-03  5.2600e-03  8.9600e-03
  6257.93      1.5980  8.4600e-03  5.9400e-03  5.4100e-03  5.2200e-03  8.9100e-03
  6256.43      1.5984  8.4300e-03  5.9200e-03  5.3800e-03  5.1900e-03  8.8600e-03
  6254.93      1.5987  8.4200e-03  5.9100e-03  5.3600e-03  5.1600e-03  8.8200e-03
  6253.43      1.5991  8.4000e-03  5.8900e-03  5.3400e-03  5.1400e-03  8.8000e-03
  6251.93      1.5995  8.4000e-03  5.8700e-03  5.3400e-03  5.1300e-03  8.8000e-03
  6250.43      1.5999  8.3800e-03  5.8700e-03  5.3200e-03  5.1300e-03  8.8200e-03
  6248.93      1.6003  8.3700e-03  5.8600e-03  5.3100e-03  5.1300e-03  8.8300e-03
  6247.43      1.6007  8.3600e-03  5.8600e-03  5.3100e-03  5.1300e-03  8.8300e-03
  6245.93      1.6010  8.3600e-03  5.8600e-03  5.3200e-03  5.1300e-03  8.8200e-03
  6244.43      1.6014  8.3600e-03  5.8600e-03  5.3200e-03  5.1300e-03  8.8200e-03
  6242.93      1.6018  8.3600e-03  5.8600e-03  5.3200e-03  5.1300e-03  8.8100e-03
  6241.43      1.6022  8.3600e-03  5.8600e-03  5.3200e-03  5.1200e-03  8.8100e-03
  6239.93      1.6026  8.3600e-03  5.8600e-03  5.3200e-03  5.1300e-03  8.8200e-03
  6238.43      1.6030  8.3700e-03  5.8700e-03  5.3200e-03  5.1300e-03  8.8300e-03
  6236.93      1.6034  8.3700e-03  5.8700e-03  5.3200e-03  5.1300e-03  8.8300e-03
  6235.43      1.6037  8.3700e-03  5.8700e-03  5.3200e-03  5.1300e-03  8.8300e-03
  6233.93      1.6041  8.3700e-03  5.8700e-03  5.3200e-03  5.1300e-03  8.8300e-03
  6232.43      1.6045  8.3600e-03  5.8600e-03  5.3200e-03  5.1200e-03  8.8200e-03
  6230.93      1.6049  8.3500e-03  5.8600e-03  5.3100e-03  5.1200e-03  8.8200e-03
  6229.43      1.6053  8.3400e-03  5.8400e-03  5.3000e-03  5.1100e-03  8.8200e-03
  6227.93      1.6057  8.3300e-03  5.8400e-03  5.2900e-03  5.1000e-03  8.8200e-03
  6226.43      1.6061  8.3100e-03  5.8200e-03  5.2700e-03  5.0800e-03  8.8100e-03
  6224.93      1.6064  8.2800e-03  5.7900e-03  5.2500e-03  5.0500e-03  8.7900e-03
  6223.43      1.6068  8.2600e-03  5.7700e-03  5.2200e-03  5.0200e-03  8.7400e-03
  6221.93      1.6072  8.2200e-03  5.7400e-03  5.1900e-03  4.9800e-03  8.6900e-03
  6220.43      1.6076  8.1900e-03  5.7100e-03  5.1600e-03  4.9500e-03  8.6400e-03
  6218.93      1.6080  8.1600e-03  5.6800e-03  5.1300e-03  4.9000e-03  8.6100e-03
  6217.43      1.6084  8.1500e-03  5.6600e-03  5.1000e-03  4.8800e-03  8.5800e-03
  6215.93      1.6088  8.1400e-03  5.6500e-03  5.0800e-03  4.8600e-03  8.5600e-03
  6214.43      1.6092  8.1300e-03  5.6400e-03  5.0700e-03  4.8500e-03  8.5600e-03
  6212.92      1.6095  8.1300e-03  5.6400e-03  5.0700e-03  4.8500e-03  8.5600e-03
  6211.42      1.6099  8.1300e-03  5.6600e-03  5.0900e-03  4.8700e-03  8.5600e-03
  6209.92      1.6103  8.1500e-03  5.6700e-03  5.1000e-03  4.8800e-03  8.5800e-03
  6208.42      1.6107  8.1800e-03  5.6900e-03  5.1300e-03  4.9100e-03  8.6200e-03
  6206.92      1.6111  8.2000e-03  5.7200e-03  5.1600e-03  4.9500e-03  8.6700e-03
  6205.42      1.6115  8.2300e-03  5.7500e-03  5.2000e-03  4.9900e-03  8.7200e-03
  6203.92      1.6119  8.2400e-03  5.7700e-03  5.2200e-03  5.0200e-03  8.7700e-03
  6202.42      1.6123  8.2600e-03  5.7800e-03  5.2400e-03  5.0400e-03  8.8100e-03
  6200.92      1.6127  8.2600e-03  5.7900e-03  5.2400e-03  5.0500e-03  8.8200e-03
  6199.42      1.6131  8.2600e-03  5.7900e-03  5.2500e-03  5.0400e-03  8.8000e-03
  6197.92      1.6134  8.2400e-03  5.7800e-03  5.2300e-03  5.0300e-03  8.7700e-03
  6196.42      1.6138  8.2300e-03  5.7600e-03  5.2100e-03  4.9900e-03  8.7300e-03
  6194.92      1.6142  8.2100e-03  5.7400e-03  5.1800e-03  4.9500e-03  8.6900e-03
  6193.42      1.6146  8.1900e-03  5.7200e-03  5.1500e-03  4.9200e-03  8.6500e-03
  6191.92      1.6150  8.1700e-03  5.7000e-03  5.1200e-03  4.8900e-03  8.6100e-03
  6190.42      1.6154  8.1600e-03  5.6900e-03  5.1100e-03  4.8800e-03  8.6000e-03
  6188.92      1.6158  8.1400e-03  5.6700e-03  5.1000e-03  4.8600e-03  8.5900e-03
  6187.42      1.6162  8.1300e-03  5.6600e-03  5.0900e-03  4.8600e-03  8.5900e-03
  6185.92      1.6166  8.1200e-03  5.6500e-03  5.0900e-03  4.8600e-03  8.6000e-03
  6184.42      1.6170  8.1100e-03  5.6500e-03  5.0900e-03  4.8700e-03  8.6200e-03
  6182.92      1.6174  8.1000e-03  5.6400e-03  5.0800e-03  4.8700e-03  8.6300e-03
  6181.42      1.6178  8.0900e-03  5.6300e-03  5.0700e-03  4.8500e-03  8.6300e-03
  6179.92      1.6181  8.0800e-03  5.6200e-03  5.0600e-03  4.8400e-03  8.6200e-03
  6178.42      1.6185  8.0600e-03  5.6000e-03  5.0300e-03  4.8100e-03  8.5800e-03
  6176.92      1.6189  8.0600e-03  5.6000e-03  5.0200e-03  4.7800e-03  8.5200e-03
  6175.42      1.6193  8.0600e-03  5.6000e-03  5.0100e-03  4.7600e-03  8.4700e-03
  6173.92      1.6197  8.0600e-03  5.6000e-03  5.0100e-03  4.7500e-03  8.4500e-03
  6172.42      1.6201  8.0800e-03  5.6200e-03  5.0200e-03  4.7600e-03  8.4700e-03
  6170.92      1.6205  8.0900e-03  5.6300e-03  5.0500e-03  4.7900e-03  8.5100e-03
  6169.42      1.6209  8.1200e-03  5.6600e-03  5.0800e-03  4.8400e-03  8.5900e-03
  6167.92      1.6213  8.1500e-03  5.6900e-03  5.1200e-03  4.9000e-03  8.6800e-03
  6166.42      1.6217  8.1700e-03  5.7200e-03  5.1600e-03  4.9400e-03  8.7600e-03
  6164.92      1.6221  8.1800e-03  5.7400e-03  5.1900e-03  4.9800e-03  8.7900e-03
  6163.42      1.6225  8.1900e-03  5.7400e-03  5.1900e-03  4.9800e-03  8.8000e-03
  6161.92      1.6229  8.1700e-03  5.7300e-03  5.1800e-03  4.9600e-03  8.7600e-03
  6160.42      1.6233  8.1600e-03  5.7200e-03  5.1500e-03  4.9300e-03  8.7100e-03
  6158.92      1.6237  8.1400e-03  5.6900e-03  5.1200e-03  4.8800e-03  8.6500e-03
  6157.42      1.6241  8.1100e-03  5.6600e-03  5.0800e-03  4.8300e-03  8.6000e-03
  6155.92      1.6245  8.0800e-03  5.6300e-03  5.0400e-03  4.7900e-03  8.5500e-03
  6154.42      1.6248  8.0400e-03  5.5900e-03  5.0000e-03  4.7400e-03  8.5100e-03
  6152.92      1.6252  8.0100e-03  5.5600e-03  4.9700e-03  4.7100e-03  8.4700e-03
  6151.42      1.6256  7.9800e-03  5.5300e-03  4.9400e-03  4.6800e-03  8.4400e-03
  6149.92      1.6260  7.9700e-03  5.5200e-03  4.9300e-03  4.6700e-03  8.4400e-03
  6148.42      1.6264  7.9500e-03  5.5100e-03  4.9200e-03  4.6600e-03  8.4300e-03
  6146.92      1.6268  7.9500e-03  5.5100e-03  4.9200e-03  4.6600e-03  8.4300e-03
  6145.42      1.6272  7.9500e-03  5.5100e-03  4.9200e-03  4.6700e-03  8.4400e-03
  6143.92      1.6276  7.9600e-03  5.5200e-03  4.9300e-03  4.6700e-03  8.4600e-03
  6142.42      1.6280  7.9600e-03  5.5300e-03  4.9400e-03  4.6900e-03  8.4700e-03
  6140.92      1.6284  7.9700e-03  5.5400e-03  4.9600e-03  4.7100e-03  8.4900e-03
  6139.42      1.6288  7.9800e-03  5.5500e-03  4.9700e-03  4.7100e-03  8.5000e-03
  6137.92      1.6292  7.9900e-03  5.5600e-03  4.9800e-03  4.7300e-03  8.5200e-03
  6136.42      1.6296  7.9900e-03  5.5600e-03  4.9800e-03  4.7300e-03  8.5300e-03
  6134.92      1.6300  8.0100e-03  5.5800e-03  4.9900e-03  4.7300e-03  8.5400e-03
  6133.42      1.6304  8.0100e-03  5.5800e-03  4.9900e-03  4.7300e-03  8.5400e-03
  6131.92      1.6308  8.0200e-03  5.5900e-03  5.0000e-03  4.7300e-03  8.5300e-03
  6130.42      1.6312  8.0300e-03  5.6000e-03  5.0000e-03  4.7400e-03  8.5200e-03
  6128.92      1.6316  8.0300e-03  5.6000e-03  5.0100e-03  4.7400e-03  8.5300e-03
  6127.42      1.6320  8.0400e-03  5.6200e-03  5.0200e-03  4.7500e-03  8.5400e-03
  6125.92      1.6324  8.0500e-03  5.6200e-03  5.0300e-03  4.7600e-03  8.5700e-03
  6124.42      1.6328  8.0700e-03  5.6500e-03  5.0500e-03  4.7900e-03  8.5900e-03
  6122.92      1.6332  8.0800e-03  5.6500e-03  5.0600e-03  4.8000e-03  8.6200e-03
  6121.42      1.6336  8.0800e-03  5.6600e-03  5.0700e-03  4.8100e-03  8.6300e-03
  6119.92      1.6340  8.0800e-03  5.6600e-03  5.0700e-03  4.8100e-03  8.6300e-03
  6118.42      1.6344  8.0700e-03  5.6600e-03  5.0700e-03  4.8100e-03  8.6400e-03
  6116.92      1.6348  8.0700e-03  5.6500e-03  5.0600e-03  4.8100e-03  8.6300e-03
  6115.42      1.6352  8.0500e-03  5.6400e-03  5.0500e-03  4.7900e-03  8.6200e-03
  6113.92      1.6356  8.0300e-03  5.6200e-03  5.0200e-03  4.7600e-03  8.6100e-03
  6112.42      1.6360  8.0200e-03  5.6000e-03  5.0000e-03  4.7200e-03  8.5600e-03
  6110.92      1.6364  7.9800e-03  5.5600e-03  4.9600e-03  4.6900e-03  8.5100e-03
  6109.42      1.6368  7.9500e-03  5.5400e-03  4.9300e-03  4.6400e-03  8.4600e-03
  6107.92      1.6372  7.9300e-03  5.5100e-03  4.9000e-03  4.6100e-03  8.4100e-03
  6106.42      1.6376  7.9200e-03  5.5000e-03  4.8900e-03  4.6000e-03  8.3900e-03
  6104.92      1.6380  7.9000e-03  5.4900e-03  4.8700e-03  4.5800e-03  8.3900e-03
  6103.42      1.6384  7.8900e-03  5.4800e-03  4.8700e-03  4.5800e-03  8.4100e-03
  6101.92      1.6388  7.8900e-03  5.4800e-03  4.8700e-03  4.5800e-03  8.4200e-03
  6100.42      1.6392  7.8800e-03  5.4800e-03  4.8700e-03  4.5900e-03  8.4300e-03
  6098.92      1.6396  7.8800e-03  5.4800e-03  4.8700e-03  4.6000e-03  8.4400e-03
  6097.42      1.6400  7.8900e-03  5.4900e-03  4.8800e-03  4.6000e-03  8.4400e-03
  6095.92      1.6404  7.9000e-03  5.5000e-03  4.8800e-03  4.6000e-03  8.4300e-03
  6094.42      1.6408  7.9200e-03  5.5100e-03  4.9000e-03  4.6100e-03  8.4300e-03
  6092.92      1.6413  7.9200e-03  5.5200e-03  4.9100e-03  4.6100e-03  8.4400e-03
  6091.42      1.6417  7.9200e-03  5.5200e-03  4.9200e-03  4.6300e-03  8.4600e-03
  6089.92      1.6421  7.9100e-03  5.5200e-03  4.9200e-03  4.6400e-03  8.4800e-03
  6088.42      1.6425  7.9100e-03  5.5100e-03  4.9100e-03  4.6400e-03  8.5100e-03
  6086.92      1.6429  7.9000e-03  5.5000e-03  4.9000e-03  4.6300e-03  8.5100e-03
  6085.42      1.6433  7.8900e-03  5.5000e-03  4.8900e-03  4.6200e-03  8.5000e-03
  6083.92      1.6437  7.8700e-03  5.4800e-03  4.8600e-03  4.5900e-03  8.4600e-03
  6082.42      1.6441  7.8500e-03  5.4600e-03  4.8400e-03  4.5400e-03  8.4000e-03
  6080.92      1.6445  7.8300e-03  5.4300e-03  4.8100e-03  4.5000e-03  8.3300e-03
  6079.42      1.6449  7.8000e-03  5.4200e-03  4.7800e-03  4.4700e-03  8.2900e-03
  6077.92      1.6453  7.8000e-03  5.4100e-03  4.7800e-03  4.4600e-03  8.2700e-03
  6076.42      1.6457  7.7900e-03  5.4000e-03  4.7700e-03  4.4600e-03  8.2900e-03
  6074.91      1.6461  7.7800e-03  5.4000e-03  4.7700e-03  4.4700e-03  8.3300e-03
  6073.41      1.6465  7.7600e-03  5.3800e-03  4.7700e-03  4.4800e-03  8.3600e-03
  6071.91      1.6469  7.7500e-03  5.3700e-03  4.7600e-03  4.4800e-03  8.3800e-03
  6070.41      1.6473  7.7300e-03  5.3500e-03  4.7400e-03  4.4600e-03  8.3700e-03
  6068.91      1.6477  7.7200e-03  5.3400e-03  4.7300e-03  4.4300e-03  8.3200e-03
  6067.41      1.6481  7.6900e-03  5.3200e-03  4.7000e-03  4.4000e-03  8.2600e-03
  6065.91      1.6486  7.6700e-03  5.3000e-03  4.6700e-03  4.3600e-03  8.2100e-03
  6064.41      1.6490  7.6500e-03  5.2700e-03  4.6400e-03  4.3200e-03  8.1600e-03
  6062.91      1.6494  7.6200e-03  5.2500e-03  4.6100e-03  4.2800e-03  8.1300e-03
  6061.41      1.6498  7.6100e-03  5.2300e-03  4.5900e-03  4.2700e-03  8.1200e-03
  6059.91      1.6502  7.5900e-03  5.2200e-03  4.5900e-03  4.2600e-03  8.1300e-03
  6058.41      1.6506  7.5900e-03  5.2200e-03  4.5900e-03  4.2700e-03  8.1400e-03
  6056.91      1.6510  7.5900e-03  5.2200e-03  4.5900e-03  4.2700e-03  8.1500e-03
  6055.41      1.6514  7.5900e-03  5.2200e-03  4.5900e-03  4.2700e-03  8.1600e-03
  6053.91      1.6518  7.6100e-03  5.2400e-03  4.6000e-03  4.2800e-03  8.1600e-03
  6052.41      1.6522  7.6200e-03  5.2500e-03  4.6200e-03  4.2900e-03  8.1600e-03
  6050.91      1.6526  7.6400e-03  5.2800e-03  4.6400e-03  4.3100e-03  8.1800e-03
  6049.41      1.6531  7.6600e-03  5.3000e-03  4.6600e-03  4.3400e-03  8.2000e-03
  6047.91      1.6535  7.6700e-03  5.3100e-03  4.6800e-03  4.3600e-03  8.2300e-03
  6046.41      1.6539  7.6900e-03  5.3300e-03  4.7000e-03  4.3800e-03  8.2800e-03
  6044.91      1.6543  7.7000e-03  5.3400e-03  4.7100e-03  4.4000e-03  8.3300e-03
  6043.41      1.6547  7.7000e-03  5.3500e-03  4.7300e-03  4.4200e-03  8.3500e-03
  6041.91      1.6551  7.7000e-03  5.3500e-03  4.7300e-03  4.4200e-03  8.3500e-03
  6040.41      1.6555  7.7000e-03  5.3500e-03  4.7100e-03  4.4000e-03  8.3200e-03
  6038.91      1.6559  7.7000e-03  5.3400e-03  4.7000e-03  4.3700e-03  8.2800e-03
  6037.41      1.6563  7.6900e-03  5.3300e-03  4.6900e-03  4.3500e-03  8.2400e-03
  6035.91      1.6568  7.6800e-03  5.3200e-03  4.6700e-03  4.3300e-03  8.2000e-03
  6034.41      1.6572  7.6800e-03  5.3200e-03  4.6700e-03  4.3200e-03  8.1900e-03
  6032.91      1.6576  7.6800e-03  5.3200e-03  4.6700e-03  4.3200e-03  8.2000e-03
  6031.41      1.6580  7.6800e-03  5.3200e-03  4.6700e-03  4.3300e-03  8.2300e-03
  6029.91      1.6584  7.6700e-03  5.3300e-03  4.6900e-03  4.3500e-03  8.2700e-03
  6028.41      1.6588  7.6700e-03  5.3300e-03  4.6900e-03  4.3600e-03  8.3000e-03
  6026.91      1.6592  7.6600e-03  5.3200e-03  4.6900e-03  4.3700e-03  8.3200e-03
  6025.41      1.6596  7.6400e-03  5.3100e-03  4.6800e-03  4.3600e-03  8.3100e-03
  6023.91      1.6601  7.6200e-03  5.2800e-03  4.6500e-03  4.3300e-03  8.2900e-03
  6022.41      1.6605  7.5900e-03  5.2600e-03  4.6200e-03  4.2900e-03  8.2400e-03
  6020.91      1.6609  7.5600e-03  5.2200e-03  4.5800e-03  4.2400e-03  8.1700e-03
  6019.41      1.6613  7.5200e-03  5.1800e-03  4.5200e-03  4.1700e-03  8.0900e-03
  6017.91      1.6617  7.4900e-03  5.1300e-03  4.4700e-03  4.1100e-03  8.0200e-03
  6016.41      1.6621  7.4500e-03  5.1100e-03  4.4400e-03  4.0700e-03  7.9600e-03
  6014.91      1.6625  7.4300e-03  5.0900e-03  4.4200e-03  4.0400e-03  7.9300e-03
  6013.41      1.6629  7.4200e-03  5.0800e-03  4.4100e-03  4.0300e-03  7.9200e-03
  6011.91      1.6634  7.4200e-03  5.0800e-03  4.4100e-03  4.0400e-03  7.9400e-03
  6010.41      1.6638  7.4300e-03  5.1000e-03  4.4300e-03  4.0700e-03  7.9900e-03
  6008.91      1.6642  7.4400e-03  5.1200e-03  4.4600e-03  4.1100e-03  8.0400e-03
  6007.41      1.6646  7.4500e-03  5.1300e-03  4.4900e-03  4.1400e-03  8.0900e-03
  6005.91      1.6650  7.4700e-03  5.1500e-03  4.5100e-03  4.1700e-03  8.1300e-03
  6004.41      1.6654  7.4800e-03  5.1600e-03  4.5100e-03  4.1700e-03  8.1400e-03
  6002.91      1.6659  7.4800e-03  5.1700e-03  4.5200e-03  4.1700e-03  8.1300e-03
  6001.41      1.6663  7.4900e-03  5.1700e-03  4.5200e-03  4.1600e-03  8.1100e-03
  5999.91      1.6667  7.4800e-03  5.1600e-03  4.5100e-03  4.1400e-03  8.0800e-03
  5998.41      1.6671  7.4700e-03  5.1600e-03  4.5000e-03  4.1200e-03  8.0500e-03
  5996.91      1.6675  7.4600e-03  5.1400e-03  4.4700e-03  4.1000e-03  8.0400e-03
  5995.41      1.6679  7.4400e-03  5.1300e-03  4.4600e-03  4.0900e-03  8.0300e-03
  5993.91      1.6684  7.4400e-03  5.1200e-03  4.4500e-03  4.0800e-03  8.0300e-03
  5992.41      1.6688  7.4300e-03  5.1200e-03  4.4500e-03  4.0800e-03  8.0300e-03
  5990.91      1.6692  7.4300e-03  5.1200e-03  4.4500e-03  4.0700e-03  8.0300e-03
  5989.41      1.6696  7.4300e-03  5.1200e-03  4.4400e-03  4.0600e-03  8.0300e-03
  5987.91      1.6700  7.4300e-03  5.1200e-03  4.4500e-03  4.0700e-03  8.0200e-03
  5986.41      1.6705  7.4400e-03  5.1300e-03  4.4600e-03  4.0700e-03  8.0200e-03
  5984.91      1.6709  7.4400e-03  5.1400e-03  4.4600e-03  4.0800e-03  8.0300e-03
  5983.41      1.6713  7.4600e-03  5.1600e-03  4.4800e-03  4.1000e-03  8.0500e-03
  5981.91      1.6717  7.4800e-03  5.1800e-03  4.5000e-03  4.1100e-03  8.0800e-03
  5980.41      1.6721  7.4900e-03  5.1900e-03  4.5200e-03  4.1400e-03  8.1100e-03
  5978.91      1.6725  7.5000e-03  5.2100e-03  4.5400e-03  4.1600e-03  8.1400e-03
  5977.41      1.6730  7.5100e-03  5.2100e-03  4.5500e-03  4.1700e-03  8.1600e-03
  5975.91      1.6734  7.5100e-03  5.2100e-03  4.5500e-03  4.1800e-03  8.1700e-03
  5974.41      1.6738  7.5100e-03  5.2100e-03  4.5500e-03  4.1700e-03  8.1700e-03
  5972.91      1.6742  7.5100e-03  5.2100e-03  4.5400e-03  4.1600e-03  8.1600e-03
  5971.41      1.6746  7.5000e-03  5.2100e-03  4.5300e-03  4.1400e-03  8.1300e-03
  5969.91      1.6751  7.4800e-03  5.1900e-03  4.5100e-03  4.1200e-03  8.1000e-03
  5968.41      1.6755  7.4600e-03  5.1600e-03  4.4800e-03  4.0900e-03  8.0700e-03
  5966.91      1.6759  7.4400e-03  5.1500e-03  4.4600e-03  4.0600e-03  8.0500e-03
  5965.41      1.6763  7.4300e-03  5.1300e-03  4.4400e-03  4.0400e-03  8.0200e-03
  5963.91      1.6768  7.4200e-03  5.1300e-03  4.4400e-03  4.0300e-03  8.0200e-03
  5962.41      1.6772  7.4200e-03  5.1300e-03  4.4400e-03  4.0300e-03  8.0200e-03
  5960.91      1.6776  7.4100e-03  5.1200e-03  4.4300e-03  4.0200e-03  8.0200e-03
  5959.41      1.6780  7.4000e-03  5.1200e-03  4.4300e-03  4.0200e-03  8.0200e-03
  5957.91      1.6784  7.4000e-03  5.1200e-03  4.4300e-03  4.0300e-03  8.0300e-03
  5956.41      1.6789  7.4100e-03  5.1200e-03  4.4400e-03  4.0300e-03  8.0400e-03
  5954.91      1.6793  7.4200e-03  5.1400e-03  4.4500e-03  4.0400e-03  8.0600e-03
  5953.41      1.6797  7.4200e-03  5.1400e-03  4.4500e-03  4.0400e-03  8.0600e-03
  5951.91      1.6801  7.4300e-03  5.1500e-03  4.4600e-03  4.0400e-03  8.0600e-03
  5950.41      1.6806  7.4300e-03  5.1500e-03  4.4600e-03  4.0400e-03  8.0600e-03
  5948.91      1.6810  7.4200e-03  5.1500e-03  4.4600e-03  4.0400e-03  8.0600e-03
  5947.41      1.6814  7.4200e-03  5.1500e-03  4.4600e-03  4.0500e-03  8.0600e-03
  5945.91      1.6818  7.4200e-03  5.1500e-03  4.4600e-03  4.0400e-03  8.0700e-03
  5944.40      1.6823  7.4200e-03  5.1500e-03  4.4600e-03  4.0400e-03  8.0700e-03
  5942.90      1.6827  7.4100e-03  5.1400e-03  4.4500e-03  4.0300e-03  8.0700e-03
  5941.40      1.6831  7.4000e-03  5.1300e-03  4.4400e-03  4.0200e-03  8.0600e-03
  5939.90      1.6835  7.3900e-03  5.1200e-03  4.4300e-03  4.0100e-03  8.0500e-03
  5938.40      1.6840  7.3700e-03  5.1000e-03  4.4100e-03  3.9900e-03  8.0200e-03
  5936.90      1.6844  7.3500e-03  5.0900e-03  4.4000e-03  3.9700e-03  8.0100e-03
  5935.40      1.6848  7.3100e-03  5.0600e-03  4.3700e-03  3.9400e-03  7.9800e-03
  5933.90      1.6852  7.2900e-03  5.0300e-03  4.3400e-03  3.9100e-03  7.9700e-03
  5932.40      1.6857  7.2500e-03  5.0000e-03  4.3000e-03  3.8800e-03  7.9400e-03
  5930.90      1.6861  7.2100e-03  4.9600e-03  4.2600e-03  3.8400e-03  7.9000e-03
  5929.40      1.6865  7.1600e-03  4.9100e-03  4.2100e-03  3.7800e-03  7.8400e-03
  5927.90      1.6869  7.1200e-03  4.8700e-03  4.1600e-03  3.7200e-03  7.7700e-03
  5926.40      1.6874  7.0800e-03  4.8300e-03  4.1200e-03  3.6700e-03  7.7000e-03
  5924.90      1.6878  7.0500e-03  4.8000e-03  4.0800e-03  3.6200e-03  7.6400e-03
  5923.40      1.6882  7.0200e-03  4.7800e-03  4.0500e-03  3.5800e-03  7.5900e-03
  5921.90      1.6886  7.0000e-03  4.7500e-03  4.0300e-03  3.5600e-03  7.5700e-03
  5920.40      1.6891  7.0000e-03  4.7500e-03  4.0200e-03  3.5600e-03  7.5800e-03
  5918.90      1.6895  7.0000e-03  4.7600e-03  4.0300e-03  3.5700e-03  7.6100e-03
  5917.40      1.6899  7.0100e-03  4.7700e-03  4.0500e-03  3.5900e-03  7.6400e-03
  5915.90      1.6904  7.0400e-03  4.8000e-03  4.0800e-03  3.6200e-03  7.6900e-03
  5914.40      1.6908  7.0600e-03  4.8300e-03  4.1200e-03  3.6600e-03  7.7300e-03
  5912.90      1.6912  7.0900e-03  4.8600e-03  4.1500e-03  3.6900e-03  7.7600e-03
  5911.40      1.6916  7.1200e-03  4.8900e-03  4.1800e-03  3.7200e-03  7.7900e-03
  5909.90      1.6921  7.1400e-03  4.9300e-03  4.2200e-03  3.7600e-03  7.8300e-03
  5908.40      1.6925  7.1800e-03  4.9500e-03  4.2400e-03  3.7900e-03  7.8700e-03
  5906.90      1.6929  7.1900e-03  4.9600e-03  4.2600e-03  3.8000e-03  7.9000e-03
  5905.40      1.6934  7.2100e-03  4.9800e-03  4.2700e-03  3.8200e-03  7.9200e-03
  5903.90      1.6938  7.2100e-03  4.9900e-03  4.2800e-03  3.8200e-03  7.9300e-03
  5902.40      1.6942  7.2100e-03  4.9900e-03  4.2700e-03  3.8100e-03  7.9200e-03
  5900.90      1.6947  7.1900e-03  4.9700e-03  4.2600e-03  3.8000e-03  7.8900e-03
  5899.40      1.6951  7.1900e-03  4.9600e-03  4.2500e-03  3.7800e-03  7.8700e-03
  5897.90      1.6955  7.1700e-03  4.9500e-03  4.2300e-03  3.7500e-03  7.8400e-03
  5896.40      1.6959  7.1700e-03  4.9400e-03  4.2200e-03  3.7300e-03  7.8200e-03
  5894.90      1.6964  7.1500e-03  4.9300e-03  4.2000e-03  3.7100e-03  7.8100e-03
  5893.40      1.6968  7.1400e-03  4.9200e-03  4.1900e-03  3.7100e-03  7.8000e-03
  5891.90      1.6972  7.1200e-03  4.9000e-03  4.1800e-03  3.6900e-03  7.7900e-03
  5890.40      1.6977  7.1100e-03  4.8900e-03  4.1600e-03  3.6800e-03  7.7900e-03
  5888.90      1.6981  7.0900e-03  4.8800e-03  4.1600e-03  3.6700e-03  7.7900e-03
  5887.40      1.6985  7.0700e-03  4.8600e-03  4.1400e-03  3.6700e-03  7.7800e-03
  5885.90      1.6990  7.0600e-03  4.8500e-03  4.1300e-03  3.6400e-03  7.7700e-03
  5884.40      1.6994  7.0400e-03  4.8300e-03  4.1000e-03  3.6100e-03  7.7500e-03
  5882.90      1.6998  7.0200e-03  4.8200e-03  4.0800e-03  3.5800e-03  7.7100e-03
  5881.40      1.7003  6.9900e-03  4.7900e-03  4.0500e-03  3.5500e-03  7.6700e-03
  5879.90      1.7007  6.9700e-03  4.7700e-03  4.0300e-03  3.5200e-03  7.6300e-03
  5878.40      1.7011  6.9500e-03  4.7500e-03  4.0100e-03  3.5000e-03  7.6000e-03
  5876.90      1.7016  6.9400e-03  4.7500e-03  3.9900e-03  3.4800e-03  7.5900e-03
  5875.40      1.7020  6.9400e-03  4.7400e-03  3.9900e-03  3.4700e-03  7.5900e-03
  5873.90      1.7024  6.9300e-03  4.7400e-03  3.9900e-03  3.4800e-03  7.6000e-03
  5872.40      1.7029  6.9300e-03  4.7400e-03  3.9900e-03  3.4800e-03  7.6100e-03
  5870.90      1.7033  6.9300e-03  4.7400e-03  4.0000e-03  3.4900e-03  7.6300e-03
  5869.40      1.7038  6.9300e-03  4.7400e-03  4.0000e-03  3.4900e-03  7.6300e-03
  5867.90      1.7042  6.9400e-03  4.7500e-03  4.0100e-03  3.5000e-03  7.6500e-03
  5866.40      1.7046  6.9400e-03  4.7600e-03  4.0200e-03  3.5000e-03  7.6500e-03
  5864.90      1.7051  6.9600e-03  4.7800e-03  4.0300e-03  3.5000e-03  7.6500e-03
  5863.40      1.7055  6.9700e-03  4.7800e-03  4.0300e-03  3.5000e-03  7.6500e-03
  5861.90      1.7059  6.9800e-03  4.8000e-03  4.0400e-03  3.5100e-03  7.6500e-03
  5860.40      1.7064  6.9900e-03  4.8100e-03  4.0600e-03  3.5300e-03  7.6700e-03
  5858.90      1.7068  7.0000e-03  4.8200e-03  4.0700e-03  3.5400e-03  7.6800e-03
  5857.40      1.7072  7.0100e-03  4.8400e-03  4.0900e-03  3.5600e-03  7.7100e-03
  5855.90      1.7077  7.0200e-03  4.8500e-03  4.1000e-03  3.5700e-03  7.7500e-03
  5854.40      1.7081  7.0200e-03  4.8500e-03  4.1100e-03  3.5900e-03  7.7800e-03
  5852.90      1.7086  7.0100e-03  4.8500e-03  4.1100e-03  3.5900e-03  7.7800e-03
  5851.40      1.7090  7.0000e-03  4.8300e-03  4.0900e-03  3.5700e-03  7.7700e-03
  5849.90      1.7094  6.9900e-03  4.8200e-03  4.0700e-03  3.5400e-03  7.7400e-03
  5848.40      1.7099  6.9700e-03  4.8000e-03  4.0500e-03  3.5100e-03  7.7000e-03
  5846.90      1.7103  6.9500e-03  4.7800e-03  4.0200e-03  3.4700e-03  7.6400e-03
  5845.40      1.7107  6.9400e-03  4.7700e-03  4.0000e-03  3.4400e-03  7.6000e-03
  5843.90      1.7112  6.9200e-03  4.7500e-03  3.9800e-03  3.4000e-03  7.5600e-03
  5842.40      1.7116  6.9100e-03  4.7400e-03  3.9700e-03  3.4000e-03  7.5600e-03
  5840.90      1.7121  6.8900e-03  4.7400e-03  3.9700e-03  3.4000e-03  7.5700e-03
  5839.40      1.7125  6.8900e-03  4.7400e-03  3.9700e-03  3.4100e-03  7.6000e-03
  5837.90      1.7129  6.8900e-03  4.7400e-03  3.9800e-03  3.4200e-03  7.6400e-03
  5836.40      1.7134  6.8900e-03  4.7400e-03  3.9800e-03  3.4300e-03  7.6500e-03
  5834.90      1.7138  6.8900e-03  4.7400e-03  3.9800e-03  3.4300e-03  7.6700e-03
  5833.40      1.7143  6.8900e-03  4.7400e-03  3.9800e-03  3.4100e-03  7.6500e-03
  5831.90      1.7147  6.8800e-03  4.7400e-03  3.9800e-03  3.4100e-03  7.6200e-03
  5830.40      1.7151  6.8700e-03  4.7300e-03  3.9600e-03  3.3900e-03  7.5900e-03
  5828.90      1.7156  6.8600e-03  4.7200e-03  3.9500e-03  3.3700e-03  7.5700e-03
  5827.40      1.7160  6.8500e-03  4.7100e-03  3.9300e-03  3.3500e-03  7.5600e-03
  5825.90      1.7165  6.8400e-03  4.7000e-03  3.9300e-03  3.3400e-03  7.5600e-03
  5824.40      1.7169  6.8200e-03  4.6900e-03  3.9100e-03  3.3300e-03  7.5700e-03
  5822.90      1.7174  6.8100e-03  4.6700e-03  3.9000e-03  3.3200e-03  7.5700e-03
  5821.40      1.7178  6.8000e-03  4.6700e-03  3.8900e-03  3.3000e-03  7.5400e-03
  5819.90      1.7182  6.7900e-03  4.6600e-03  3.8700e-03  3.2700e-03  7.5200e-03
  5818.40      1.7187  6.7900e-03  4.6600e-03  3.8700e-03  3.2700e-03  7.4900e-03
  5816.90      1.7191  6.7800e-03  4.6600e-03  3.8700e-03  3.2600e-03  7.4800e-03
  5815.40      1.7196  6.7800e-03  4.6600e-03  3.8800e-03  3.2600e-03  7.4800e-03
  5813.90      1.7200  6.7900e-03  4.6600e-03  3.8800e-03  3.2700e-03  7.5100e-03
  5812.40      1.7205  6.7900e-03  4.6600e-03  3.8800e-03  3.2800e-03  7.5400e-03
  5810.90      1.7209  6.7900e-03  4.6700e-03  3.8900e-03  3.2900e-03  7.5700e-03
  5809.40      1.7213  6.7800e-03  4.6700e-03  3.8900e-03  3.2900e-03  7.5800e-03
  5807.90      1.7218  6.7800e-03  4.6700e-03  3.8900e-03  3.2800e-03  7.5600e-03
  5806.39      1.7222  6.7700e-03  4.6600e-03  3.8700e-03  3.2600e-03  7.5400e-03
  5804.89      1.7227  6.7600e-03  4.6500e-03  3.8600e-03  3.2400e-03  7.5000e-03
  5803.39      1.7231  6.7500e-03  4.6400e-03  3.8500e-03  3.2200e-03  7.4800e-03
  5801.89      1.7236  6.7400e-03  4.6300e-03  3.8400e-03  3.2100e-03  7.4600e-03
  5800.39      1.7240  6.7300e-03  4.6300e-03  3.8300e-03  3.1900e-03  7.4600e-03
  5798.89      1.7245  6.7300e-03  4.6200e-03  3.8200e-03  3.1900e-03  7.4600e-03
  5797.39      1.7249  6.7200e-03  4.6100e-03  3.8200e-03  3.1800e-03  7.4700e-03
  5795.89      1.7254  6.7100e-03  4.6100e-03  3.8100e-03  3.1800e-03  7.4800e-03
  5794.39      1.7258  6.7100e-03  4.6100e-03  3.8100e-03  3.1700e-03  7.4700e-03
  5792.89      1.7263  6.7100e-03  4.6100e-03  3.8100e-03  3.1700e-03  7.4600e-03
  5791.39      1.7267  6.7100e-03  4.6100e-03  3.8100e-03  3.1600e-03  7.4600e-03
  5789.89      1.7271  6.7100e-03  4.6200e-03  3.8100e-03  3.1600e-03  7.4500e-03
  5788.39      1.7276  6.7100e-03  4.6200e-03  3.8100e-03  3.1500e-03  7.4500e-03
  5786.89      1.7280  6.7100e-03  4.6200e-03  3.8200e-03  3.1600e-03  7.4600e-03
  5785.39      1.7285  6.7100e-03  4.6200e-03  3.8200e-03  3.1600e-03  7.4700e-03
  5783.89      1.7289  6.7000e-03  4.6200e-03  3.8200e-03  3.1600e-03  7.4900e-03
  5782.39      1.7294  6.6900e-03  4.6100e-03  3.8100e-03  3.1500e-03  7.4900e-03
  5780.89      1.7298  6.6900e-03  4.6100e-03  3.8100e-03  3.1500e-03  7.4900e-03
  5779.39      1.7303  6.6800e-03  4.6000e-03  3.7900e-03  3.1300e-03  7.4700e-03
  5777.89      1.7307  6.6800e-03  4.6000e-03  3.7900e-03  3.1100e-03  7.4500e-03
  5776.39      1.7312  6.6800e-03  4.6000e-03  3.7800e-03  3.0800e-03  7.4200e-03
  5774.89      1.7316  6.6800e-03  4.6000e-03  3.7700e-03  3.0700e-03  7.3900e-03
  5773.39      1.7321  6.6900e-03  4.6100e-03  3.7800e-03  3.0700e-03  7.3800e-03
  5771.89      1.7325  6.6900e-03  4.6200e-03  3.7900e-03  3.0900e-03  7.4000e-03
  5770.39      1.7330  6.7200e-03  4.6400e-03  3.8200e-03  3.1200e-03  7.4500e-03
  5768.89      1.7334  6.7400e-03  4.6700e-03  3.8500e-03  3.1600e-03  7.5100e-03
  5767.39      1.7339  6.7600e-03  4.7000e-03  3.8800e-03  3.1900e-03  7.5700e-03
  5765.89      1.7343  6.7800e-03  4.7200e-03  3.9100e-03  3.2200e-03  7.6200e-03
  5764.39      1.7348  6.7900e-03  4.7300e-03  3.9300e-03  3.2400e-03  7.6500e-03
  5762.89      1.7352  6.7900e-03  4.7300e-03  3.9300e-03  3.2400e-03  7.6500e-03
  5761.39      1.7357  6.7900e-03  4.7300e-03  3.9300e-03  3.2300e-03  7.6400e-03
  5759.89      1.7361  6.7700e-03  4.7200e-03  3.9000e-03  3.2000e-03  7.5900e-03
  5758.39      1.7366  6.7600e-03  4.7000e-03  3.8800e-03  3.1600e-03  7.5600e-03
  5756.89      1.7370  6.7400e-03  4.6800e-03  3.8500e-03  3.1200e-03  7.5100e-03
  5755.39      1.7375  6.7100e-03  4.6600e-03  3.8200e-03  3.0800e-03  7.4700e-03
  5753.89      1.7380  6.6900e-03  4.6300e-03  3.8000e-03  3.0500e-03  7.4300e-03
  5752.39      1.7384  6.6600e-03  4.6100e-03  3.7700e-03  3.0200e-03  7.4100e-03
  5750.89      1.7389  6.6400e-03  4.6000e-03  3.7600e-03  3.0200e-03  7.4100e-03
  5749.39      1.7393  6.6200e-03  4.5800e-03  3.7500e-03  3.0000e-03  7.4200e-03
  5747.89      1.7398  6.6100e-03  4.5700e-03  3.7400e-03  3.0000e-03  7.4200e-03
  5746.39      1.7402  6.5900e-03  4.5600e-03  3.7300e-03  2.9800e-03  7.4300e-03
  5744.89      1.7407  6.5800e-03  4.5500e-03  3.7200e-03  2.9600e-03  7.4100e-03
  5743.39      1.7411  6.5600e-03  4.5300e-03  3.7000e-03  2.9400e-03  7.3800e-03
  5741.89      1.7416  6.5400e-03  4.5100e-03  3.6700e-03  2.9100e-03  7.3400e-03
  5740.39      1.7420  6.5300e-03  4.5000e-03  3.6600e-03  2.8800e-03  7.3100e-03
  5738.89      1.7425  6.5100e-03  4.4800e-03  3.6300e-03  2.8500e-03  7.2800e-03
  5737.39      1.7430  6.5100e-03  4.4800e-03  3.6300e-03  2.8300e-03  7.2600e-03
  5735.89      1.7434  6.5000e-03  4.4800e-03  3.6200e-03  2.8300e-03  7.2700e-03
  5734.39      1.7439  6.5000e-03  4.4800e-03  3.6300e-03  2.8300e-03  7.2800e-03
  5732.89      1.7443  6.5100e-03  4.4900e-03  3.6300e-03  2.8400e-03  7.3000e-03
  5731.39      1.7448  6.5100e-03  4.4900e-03  3.6400e-03  2.8400e-03  7.3100e-03
  5729.89      1.7452  6.5200e-03  4.5100e-03  3.6600e-03  2.8600e-03  7.3400e-03
  5728.39      1.7457  6.5300e-03  4.5200e-03  3.6800e-03  2.8800e-03  7.3600e-03
  5726.89      1.7461  6.5400e-03  4.5300e-03  3.6900e-03  2.8800e-03  7.3700e-03
  5725.39      1.7466  6.5500e-03  4.5400e-03  3.6900e-03  2.8800e-03  7.3800e-03
  5723.89      1.7471  6.5500e-03  4.5500e-03  3.6900e-03  2.8800e-03  7.3900e-03
  5722.39      1.7475  6.5500e-03  4.5500e-03  3.6900e-03  2.8700e-03  7.3800e-03
  5720.89      1.7480  6.5500e-03  4.5500e-03  3.6900e-03  2.8700e-03  7.3700e-03
  5719.39      1.7484  6.5500e-03  4.5500e-03  3.6900e-03  2.8500e-03  7.3600e-03
  5717.89      1.7489  6.5500e-03  4.5500e-03  3.6900e-03  2.8500e-03  7.3500e-03
  5716.39      1.7494  6.5600e-03  4.5600e-03  3.6900e-03  2.8400e-03  7.3500e-03
  5714.89      1.7498  6.5800e-03  4.5800e-03  3.7100e-03  2.8500e-03  7.3600e-03
  5713.39      1.7503  6.5800e-03  4.5900e-03  3.7100e-03  2.8500e-03  7.3700e-03
  5711.89      1.7507  6.6000e-03  4.6100e-03  3.7400e-03  2.8700e-03  7.4000e-03
  5710.39      1.7512  6.6100e-03  4.6200e-03  3.7600e-03  2.8900e-03  7.4300e-03
  5708.89      1.7517  6.6300e-03  4.6500e-03  3.7800e-03  2.9200e-03  7.4700e-03
  5707.39      1.7521  6.6400e-03  4.6600e-03  3.8000e-03  2.9300e-03  7.5100e-03
  5705.89      1.7526  6.6600e-03  4.6800e-03  3.8200e-03  2.9500e-03  7.5400e-03
  5704.39      1.7530  6.6700e-03  4.6900e-03  3.8300e-03  2.9500e-03  7.5400e-03
  5702.89      1.7535  6.6800e-03  4.7000e-03  3.8300e-03  2.9500e-03  7.5500e-03
  5701.39      1.7540  6.6800e-03  4.6900e-03  3.8300e-03  2.9500e-03  7.5400e-03
  5699.89      1.7544  6.6600e-03  4.6900e-03  3.8200e-03  2.9200e-03  7.5100e-03
  5698.39      1.7549  6.6500e-03  4.6800e-03  3.8000e-03  2.9000e-03  7.4900e-03
  5696.89      1.7553  6.6500e-03  4.6700e-03  3.7900e-03  2.8800e-03  7.4900e-03
  5695.39      1.7558  6.6400e-03  4.6600e-03  3.7800e-03  2.8600e-03  7.4700e-03
  5693.89      1.7563  6.6300e-03  4.6500e-03  3.7700e-03  2.8400e-03  7.4600e-03
  5692.39      1.7567  6.6100e-03  4.6400e-03  3.7500e-03  2.8200e-03  7.4400e-03
  5690.89      1.7572  6.6000e-03  4.6300e-03  3.7500e-03  2.8100e-03  7.4300e-03
  5689.39      1.7577  6.5900e-03  4.6200e-03  3.7400e-03  2.7900e-03  7.4100e-03
  5687.89      1.7581  6.5800e-03  4.6200e-03  3.7300e-03  2.7800e-03  7.4200e-03
  5686.39      1.7586  6.5800e-03  4.6200e-03  3.7300e-03  2.7800e-03  7.4200e-03
  5684.89      1.7591  6.5800e-03  4.6300e-03  3.7300e-03  2.7700e-03  7.4400e-03
  5683.39      1.7595  6.5800e-03  4.6300e-03  3.7300e-03  2.7600e-03  7.4400e-03
  5681.89      1.7600  6.5800e-03  4.6300e-03  3.7300e-03  2.7500e-03  7.4300e-03
  5680.39      1.7604  6.5800e-03  4.6300e-03  3.7300e-03  2.7500e-03  7.4300e-03
  5678.89      1.7609  6.5800e-03  4.6400e-03  3.7400e-03  2.7400e-03  7.4200e-03
  5677.39      1.7614  6.5900e-03  4.6400e-03  3.7400e-03  2.7400e-03  7.4200e-03
  5675.88      1.7618  6.6000e-03  4.6600e-03  3.7600e-03  2.7400e-03  7.4400e-03
  5674.38      1.7623  6.6100e-03  4.6700e-03  3.7700e-03  2.7500e-03  7.4600e-03
  5672.88      1.7628  6.6100e-03  4.6700e-03  3.7700e-03  2.7500e-03  7.4800e-03
  5671.38      1.7632  6.6100e-03  4.6700e-03  3.7800e-03  2.7600e-03  7.5100e-03
  5669.88      1.7637  6.6100e-03  4.6700e-03  3.7800e-03  2.7500e-03  7.5100e-03
  5668.38      1.7642  6.6000e-03  4.6700e-03  3.7700e-03  2.7300e-03  7.5100e-03
  5666.88      1.7646  6.6000e-03  4.6700e-03  3.7700e-03  2.7100e-03  7.4900e-03
  5665.38      1.7651  6.5800e-03  4.6500e-03  3.7500e-03  2.6800e-03  7.4600e-03
  5663.88      1.7656  6.5700e-03  4.6500e-03  3.7400e-03  2.6500e-03  7.4300e-03
  5662.38      1.7660  6.5500e-03  4.6300e-03  3.7100e-03  2.6100e-03  7.4100e-03
  5660.88      1.7665  6.5300e-03  4.6100e-03  3.6900e-03  2.5900e-03  7.3800e-03
  5659.38      1.7670  6.5200e-03  4.6000e-03  3.6800e-03  2.5700e-03  7.3700e-03
  5657.88      1.7674  6.5100e-03  4.5900e-03  3.6700e-03  2.5800e-03  7.3600e-03
  5656.38      1.7679  6.5100e-03  4.5900e-03  3.6700e-03  2.5900e-03  7.3600e-03
  5654.88      1.7684  6.5100e-03  4.5900e-03  3.6700e-03  2.6200e-03  7.3600e-03
  5653.38      1.7689  6.5100e-03  4.5900e-03  3.6700e-03  2.6600e-03  7.3700e-03
  5651.88      1.7693  6.5100e-03  4.6000e-03  3.6800e-03  2.7000e-03  7.3800e-03
  5650.38      1.7698  6.5100e-03  4.6100e-03  3.6900e-03  2.7300e-03  7.3900e-03
  5648.88      1.7703  6.5200e-03  4.6200e-03  3.7000e-03  2.7300e-03  7.4100e-03
  5647.38      1.7707  6.5200e-03  4.6200e-03  3.7000e-03  2.7200e-03  7.4300e-03
  5645.88      1.7712  6.5200e-03  4.6300e-03  3.7000e-03  2.6800e-03  7.4400e-03
  5644.38      1.7717  6.5200e-03  4.6300e-03  3.7000e-03  2.5900e-03  7.4400e-03
  5642.88      1.7721  6.5100e-03  4.6200e-03  3.7000e-03  2.5000e-03  7.4300e-03
  5641.38      1.7726  6.5000e-03  4.6100e-03  3.6900e-03  2.4000e-03  7.4000e-03
  5639.88      1.7731  6.4900e-03  4.6100e-03  3.6800e-03  2.3100e-03  7.3900e-03
  5638.38      1.7736  6.4800e-03  4.5900e-03  3.6600e-03  2.2100e-03  7.3600e-03
  5636.88      1.7740  6.4700e-03  4.5900e-03  3.6500e-03  2.1100e-03  7.3500e-03
  5635.38      1.7745  6.4600e-03  4.5800e-03  3.6400e-03  2.0300e-03  7.3400e-03
  5633.88      1.7750  6.4600e-03  4.5800e-03  3.6400e-03  1.9500e-03  7.3400e-03
  5632.38      1.7754  6.4600e-03  4.5800e-03  3.6300e-03  1.8800e-03  7.3400e-03
  5630.88      1.7759  6.4600e-03  4.5900e-03  3.6400e-03  1.8000e-03  7.3400e-03
  5629.38      1.7764  6.4600e-03  4.5900e-03  3.6400e-03  1.7400e-03  7.3500e-03
  5627.88      1.7769  6.4600e-03  4.6000e-03  3.6500e-03  1.6900e-03  7.3700e-03
  5626.38      1.7773  6.4700e-03  4.6000e-03  3.6600e-03  1.6700e-03  7.3800e-03
  5624.88      1.7778  6.4700e-03  4.6100e-03  3.6700e-03  1.6700e-03  7.4100e-03
  5623.38      1.7783  6.4800e-03  4.6200e-03  3.6700e-03  1.7000e-03  7.4100e-03
  5621.88      1.7788  6.4800e-03  4.6200e-03  3.6700e-03  1.7400e-03  7.4100e-03
  5620.38      1.7792  6.4800e-03  4.6200e-03  3.6700e-03  1.8200e-03  7.4100e-03
  5618.88      1.7797  6.4700e-03  4.6200e-03  3.6700e-03  1.9100e-03  7.3900e-03
  5617.38      1.7802  6.4700e-03  4.6200e-03  3.6600e-03  2.0200e-03  7.3700e-03
  5615.88      1.7807  6.4700e-03  4.6200e-03  3.6600e-03  2.1300e-03  7.3600e-03
  5614.38      1.7811  6.4700e-03  4.6200e-03  3.6600e-03  2.2300e-03  7.3700e-03
  5612.88      1.7816  6.4700e-03  4.6200e-03  3.6600e-03  2.3300e-03  7.3800e-03
  5611.38      1.7821  6.4700e-03  4.6300e-03  3.6600e-03  2.3900e-03  7.4000e-03
  5609.88      1.7826  6.4700e-03  4.6300e-03  3.6600e-03  2.3900e-03  7.4000e-03
  5608.38      1.7830  6.4600e-03  4.6300e-03  3.6600e-03  2.3400e-03  7.4000e-03
  5606.88      1.7835  6.4600e-03  4.6300e-03  3.6600e-03  2.2600e-03  7.3900e-03
  5605.38      1.7840  6.4600e-03  4.6300e-03  3.6600e-03  2.1500e-03  7.3900e-03
  5603.88      1.7845  6.4600e-03  4.6300e-03  3.6600e-03  2.0700e-03  7.3800e-03
  5602.38      1.7850  6.4500e-03  4.6300e-03  3.6600e-03  1.9900e-03  7.3800e-03
  5600.88      1.7854  6.4400e-03  4.6200e-03  3.6500e-03  1.9500e-03  7.3800e-03
  5599.38      1.7859  6.4200e-03  4.6100e-03  3.6400e-03  1.9400e-03  7.3800e-03
  5597.88      1.7864  6.4000e-03  4.5900e-03  3.6200e-03  1.9800e-03  7.3800e-03
  5596.38      1.7869  6.3800e-03  4.5600e-03  3.6000e-03  2.0400e-03  7.3600e-03
  5594.88      1.7873  6.3500e-03  4.5500e-03  3.5700e-03  2.1000e-03  7.3300e-03
  5593.38      1.7878  6.3200e-03  4.5200e-03  3.5400e-03  2.1600e-03  7.2800e-03
  5591.88      1.7883  6.3000e-03  4.4900e-03  3.5100e-03  2.1900e-03  7.2300e-03
  5590.38      1.7888  6.2700e-03  4.4700e-03  3.4700e-03  2.2200e-03  7.1800e-03
  5588.88      1.7893  6.2500e-03  4.4500e-03  3.4500e-03  2.2500e-03  7.1300e-03
  5587.38      1.7897  6.2400e-03  4.4400e-03  3.4400e-03  2.2700e-03  7.1100e-03
  5585.88      1.7902  6.2400e-03  4.4400e-03  3.4300e-03  2.2700e-03  7.1100e-03
  5584.38      1.7907  6.2500e-03  4.4600e-03  3.4500e-03  2.2800e-03  7.1400e-03
  5582.88      1.7912  6.2700e-03  4.4800e-03  3.4700e-03  2.2900e-03  7.1700e-03
  5581.38      1.7917  6.3000e-03  4.5100e-03  3.5100e-03  2.3100e-03  7.2200e-03
  5579.88      1.7922  6.3300e-03  4.5500e-03  3.5500e-03  2.3100e-03  7.2800e-03
  5578.38      1.7926  6.3700e-03  4.5900e-03  3.5900e-03  2.3100e-03  7.3300e-03
  5576.88      1.7931  6.4100e-03  4.6400e-03  3.6400e-03  2.2800e-03  7.3900e-03
  5575.38      1.7936  6.4600e-03  4.6800e-03  3.6900e-03  2.2200e-03  7.4500e-03
  5573.88      1.7941  6.5000e-03  4.7200e-03  3.7300e-03  2.1500e-03  7.4800e-03
  5572.38      1.7946  6.5300e-03  4.7600e-03  3.7600e-03  2.0600e-03  7.5200e-03
  5570.88      1.7950  6.5600e-03  4.7900e-03  3.7900e-03  1.9500e-03  7.5400e-03
  5569.38      1.7955  6.5700e-03  4.8000e-03  3.8000e-03  1.8500e-03  7.5700e-03
  5567.88      1.7960  6.5900e-03  4.8200e-03  3.8200e-03  1.7800e-03  7.5800e-03
  5566.38      1.7965  6.5900e-03  4.8300e-03  3.8300e-03  1.7400e-03  7.6000e-03
  5564.88      1.7970  6.5900e-03  4.8300e-03  3.8300e-03  1.7400e-03  7.6100e-03
  5563.38      1.7975  6.5700e-03  4.8200e-03  3.8100e-03  1.7600e-03  7.6000e-03
  5561.88      1.7980  6.5600e-03  4.8100e-03  3.8000e-03  1.8100e-03  7.5900e-03
  5560.38      1.7984  6.5300e-03  4.7800e-03  3.7600e-03  1.8800e-03  7.5600e-03
  5558.88      1.7989  6.5000e-03  4.7500e-03  3.7300e-03  1.9600e-03  7.5000e-03
  5557.38      1.7994  6.4700e-03  4.7200e-03  3.7000e-03  2.0300e-03  7.4400e-03
  5555.88      1.7999  6.4400e-03  4.6900e-03  3.6600e-03  2.0800e-03  7.3900e-03
  5554.38      1.8004  6.4100e-03  4.6600e-03  3.6200e-03  2.1400e-03  7.3500e-03
  5552.88      1.8009  6.3800e-03  4.6400e-03  3.5900e-03  2.1900e-03  7.3100e-03
  5551.38      1.8014  6.3700e-03  4.6300e-03  3.5900e-03  2.2200e-03  7.3000e-03
  5549.88      1.8018  6.3600e-03  4.6300e-03  3.5800e-03  2.2400e-03  7.3000e-03
  5548.38      1.8023  6.3600e-03  4.6300e-03  3.5800e-03  2.2500e-03  7.3100e-03
  5546.88      1.8028  6.3500e-03  4.6200e-03  3.5900e-03  2.2400e-03  7.3400e-03
  5545.38      1.8033  6.3400e-03  4.6200e-03  3.5900e-03  2.2200e-03  7.3600e-03
  5543.88      1.8038  6.3400e-03  4.6300e-03  3.6000e-03  2.2000e-03  7.3900e-03
  5542.38      1.8043  6.3500e-03  4.6300e-03  3.6000e-03  2.1900e-03  7.3900e-03
  5540.88      1.8048  6.3400e-03  4.6300e-03  3.6000e-03  2.2000e-03  7.3800e-03
  5539.38      1.8053  6.3300e-03  4.6200e-03  3.5800e-03  2.2400e-03  7.3500e-03
  5537.87      1.8057  6.3200e-03  4.6100e-03  3.5700e-03  2.3000e-03  7.3200e-03
  5536.37      1.8062  6.3100e-03  4.6000e-03  3.5500e-03  2.3700e-03  7.2900e-03
  5534.87      1.8067  6.3000e-03  4.6000e-03  3.5500e-03  2.4400e-03  7.2700e-03
  5533.37      1.8072  6.3000e-03  4.6000e-03  3.5400e-03  2.4800e-03  7.2700e-03
  5531.87      1.8077  6.3000e-03  4.6000e-03  3.5400e-03  2.5000e-03  7.2800e-03
  5530.37      1.8082  6.3000e-03  4.6100e-03  3.5400e-03  2.4800e-03  7.3000e-03
  5528.87      1.8087  6.3000e-03  4.6100e-03  3.5400e-03  2.4400e-03  7.3200e-03
  5527.37      1.8092  6.2900e-03  4.6100e-03  3.5500e-03  2.3900e-03  7.3200e-03
  5525.87      1.8097  6.3000e-03  4.6200e-03  3.5600e-03  2.3300e-03  7.3300e-03
  5524.37      1.8102  6.3000e-03  4.6300e-03  3.5600e-03  2.2800e-03  7.3300e-03
  5522.87      1.8107  6.3100e-03  4.6400e-03  3.5700e-03  2.2400e-03  7.3300e-03
  5521.37      1.8111  6.3200e-03  4.6400e-03  3.5700e-03  2.2100e-03  7.3300e-03
  5519.87      1.8116  6.3200e-03  4.6500e-03  3.5800e-03  2.1700e-03  7.3300e-03
  5518.37      1.8121  6.3200e-03  4.6500e-03  3.5800e-03  2.1200e-03  7.3400e-03
  5516.87      1.8126  6.3200e-03  4.6500e-03  3.5800e-03  2.0400e-03  7.3500e-03
  5515.37      1.8131  6.3200e-03  4.6600e-03  3.5800e-03  1.9800e-03  7.3700e-03
  5513.87      1.8136  6.3200e-03  4.6600e-03  3.5900e-03  1.9300e-03  7.3700e-03
  5512.37      1.8141  6.3200e-03  4.6700e-03  3.5900e-03  1.8900e-03  7.3800e-03
  5510.87      1.8146  6.3200e-03  4.6700e-03  3.5900e-03  1.8700e-03  7.3700e-03
  5509.37      1.8151  6.3200e-03  4.6700e-03  3.5800e-03  1.8600e-03  7.3500e-03
  5507.87      1.8156  6.3200e-03  4.6700e-03  3.5800e-03  1.8700e-03  7.3400e-03
  5506.37      1.8161  6.3100e-03  4.6700e-03  3.5800e-03  1.8800e-03  7.3300e-03
  5504.87      1.8166  6.3000e-03  4.6700e-03  3.5800e-03  1.8800e-03  7.3300e-03
  5503.37      1.8171  6.2800e-03  4.6600e-03  3.5800e-03  1.8700e-03  7.3600e-03
  5501.87      1.8176  6.2700e-03  4.6500e-03  3.5600e-03  1.8400e-03  7.3800e-03
  5500.37      1.8181  6.2400e-03  4.6200e-03  3.5400e-03  1.8000e-03  7.3800e-03
  5498.87      1.8186  6.2100e-03  4.5900e-03  3.5100e-03  1.7800e-03  7.3400e-03
  5497.37      1.8191  6.1900e-03  4.5700e-03  3.4700e-03  1.7700e-03  7.2800e-03
  5495.87      1.8195  6.1600e-03  4.5400e-03  3.4300e-03  1.7900e-03  7.1900e-03
  5494.37      1.8200  6.1300e-03  4.5100e-03  3.4000e-03  1.8400e-03  7.1100e-03
  5492.87      1.8205  6.1100e-03  4.4900e-03  3.3600e-03  1.9000e-03  7.0400e-03
  5491.37      1.8210  6.1100e-03  4.5000e-03  3.3600e-03  1.9700e-03  7.0300e-03
  5489.87      1.8215  6.1300e-03  4.5200e-03  3.3800e-03  2.0400e-03  7.0700e-03
  5488.37      1.8220  6.1400e-03  4.5400e-03  3.4100e-03  2.0800e-03  7.1300e-03
  5486.87      1.8225  6.1700e-03  4.5700e-03  3.4500e-03  2.1000e-03  7.2200e-03
  5485.37      1.8230  6.1900e-03  4.6000e-03  3.4900e-03  2.1000e-03  7.3100e-03
  5483.87      1.8235  6.2100e-03  4.6300e-03  3.5300e-03  2.0700e-03  7.3800e-03
  5482.37      1.8240  6.2400e-03  4.6600e-03  3.5600e-03  2.0300e-03  7.4300e-03
  5480.87      1.8245  6.2500e-03  4.6800e-03  3.5800e-03  2.0000e-03  7.4300e-03
  5479.37      1.8250  6.2500e-03  4.6800e-03  3.5800e-03  1.9600e-03  7.4000e-03
  5477.87      1.8255  6.2300e-03  4.6600e-03  3.5500e-03  1.9500e-03  7.3600e-03
  5476.37      1.8260  6.2100e-03  4.6400e-03  3.5100e-03  1.9400e-03  7.2900e-03
  5474.87      1.8265  6.1800e-03  4.6100e-03  3.4800e-03  1.9400e-03  7.2500e-03
  5473.37      1.8270  6.1500e-03  4.5900e-03  3.4500e-03  1.9500e-03  7.2100e-03
  5471.87      1.8275  6.1200e-03  4.5600e-03  3.4200e-03  1.9600e-03  7.1800e-03
  5470.37      1.8280  6.0900e-03  4.5300e-03  3.3900e-03  1.9700e-03  7.1600e-03
  5468.87      1.8285  6.0600e-03  4.5000e-03  3.3500e-03  1.9800e-03  7.1300e-03
  5467.37      1.8290  6.0300e-03  4.4800e-03  3.3300e-03  2.0000e-03  7.1200e-03
  5465.87      1.8295  6.0100e-03  4.4600e-03  3.3200e-03  2.0300e-03  7.0900e-03
  5464.37      1.8300  6.0000e-03  4.4600e-03  3.3100e-03  2.0600e-03  7.0800e-03
  5462.87      1.8305  5.9900e-03  4.4600e-03  3.3000e-03  2.1000e-03  7.0600e-03
  5461.37      1.8310  5.9900e-03  4.4600e-03  3.3000e-03  2.1300e-03  7.0600e-03
  5459.87      1.8315  5.9800e-03  4.4500e-03  3.3000e-03  2.1600e-03  7.0700e-03
  5458.37      1.8320  5.9600e-03  4.4400e-03  3.3000e-03  2.1700e-03  7.0900e-03
  5456.87      1.8326  5.9500e-03  4.4400e-03  3.2900e-03  2.1800e-03  7.1000e-03
  5455.37      1.8331  5.9300e-03  4.4200e-03  3.2800e-03  2.2000e-03  7.1100e-03
  5453.87      1.8336  5.9100e-03  4.4100e-03  3.2600e-03  2.2200e-03  7.1000e-03
  5452.37      1.8341  5.8700e-03  4.3800e-03  3.2200e-03  2.2400e-03  7.0700e-03
  5450.87      1.8346  5.8400e-03  4.3400e-03  3.1800e-03  2.2400e-03  7.0000e-03
  5449.37      1.8351  5.8100e-03  4.3100e-03  3.1400e-03  2.2600e-03  6.9200e-03
  5447.87      1.8356  5.7800e-03  4.2900e-03  3.1000e-03  2.2900e-03  6.8500e-03
  5446.37      1.8361  5.7500e-03  4.2600e-03  3.0700e-03  2.3000e-03  6.7800e-03
  5444.87      1.8366  5.7300e-03  4.2500e-03  3.0500e-03  2.3100e-03  6.7600e-03
  5443.37      1.8371  5.7300e-03  4.2400e-03  3.0500e-03  2.2900e-03  6.7600e-03
  5441.87      1.8376  5.7200e-03  4.2500e-03  3.0600e-03  2.2800e-03  6.8000e-03
  5440.37      1.8381  5.7200e-03  4.2500e-03  3.0700e-03  2.2800e-03  6.8600e-03
  5438.87      1.8386  5.7200e-03  4.2600e-03  3.0900e-03  2.2900e-03  6.9100e-03
  5437.37      1.8391  5.7200e-03  4.2700e-03  3.0900e-03  2.2900e-03  6.9500e-03
  5435.87      1.8396  5.7300e-03  4.2800e-03  3.1000e-03  2.2900e-03  6.9400e-03
  5434.37      1.8401  5.7400e-03  4.2900e-03  3.1000e-03  2.3200e-03  6.9100e-03
  5432.87      1.8406  5.7600e-03  4.3100e-03  3.1100e-03  2.3500e-03  6.8800e-03
  5431.37      1.8412  5.7800e-03  4.3300e-03  3.1200e-03  2.3900e-03  6.8400e-03
  5429.87      1.8417  5.8000e-03  4.3500e-03  3.1300e-03  2.4200e-03  6.8300e-03
  5428.37      1.8422  5.8300e-03  4.3800e-03  3.1600e-03  2.4400e-03  6.8700e-03
  5426.87      1.8427  5.8500e-03  4.4300e-03  3.2100e-03  2.4500e-03  6.9500e-03
  5425.37      1.8432  5.8800e-03  4.4600e-03  3.2700e-03  2.4300e-03  7.0600e-03
  5423.87      1.8437  5.8900e-03  4.4700e-03  3.2900e-03  2.3900e-03  7.1600e-03
  5422.37      1.8442  5.8900e-03  4.4800e-03  3.3100e-03  2.3300e-03  7.2400e-03
  5420.87      1.8447  5.8800e-03  4.4800e-03  3.3000e-03  2.2800e-03  7.2600e-03
  5419.37      1.8452  5.8500e-03  4.4500e-03  3.2700e-03  2.2300e-03  7.2100e-03
  5417.87      1.8457  5.8100e-03  4.4100e-03  3.2200e-03  2.2000e-03  7.0900e-03
  5416.37      1.8463  5.7600e-03  4.3500e-03  3.1400e-03  2.1800e-03  6.9300e-03
  5414.87      1.8468  5.7100e-03  4.3000e-03  3.0500e-03  2.2000e-03  6.7800e-03
  5413.37      1.8473  5.6700e-03  4.2600e-03  2.9900e-03  2.2200e-03  6.6500e-03
  5411.87      1.8478  5.6500e-03  4.2400e-03  2.9700e-03  2.2500e-03  6.6000e-03
  5410.37      1.8483  5.6600e-03  4.2500e-03  2.9800e-03  2.2600e-03  6.6200e-03
  5408.87      1.8488  5.6700e-03  4.2800e-03  3.0100e-03  2.2500e-03  6.7100e-03
  5407.36      1.8493  5.6900e-03  4.3100e-03  3.0600e-03  2.2300e-03  6.8200e-03
  5405.86      1.8498  5.7100e-03  4.3400e-03  3.1200e-03  2.1800e-03  6.9600e-03
  5404.36      1.8504  5.7300e-03  4.3800e-03  3.1700e-03  2.1200e-03  7.0800e-03
  5402.86      1.8509  5.7600e-03  4.4100e-03  3.2100e-03  2.0700e-03  7.1500e-03
  5401.36      1.8514  5.7800e-03  4.4400e-03  3.2200e-03  2.0300e-03  7.1600e-03
  5399.86      1.8519  5.7900e-03  4.4400e-03  3.2200e-03  2.0200e-03  7.1100e-03
  5398.36      1.8524  5.7700e-03  4.4200e-03  3.1800e-03  2.0400e-03  7.0000e-03
  5396.86      1.8529  5.7400e-03  4.3900e-03  3.1400e-03  2.0600e-03  6.9000e-03
  5395.36      1.8534  5.7000e-03  4.3500e-03  3.0900e-03  2.1000e-03  6.8100e-03
  5393.86      1.8540  5.6700e-03  4.3200e-03  3.0500e-03  2.1300e-03  6.7600e-03
  5392.36      1.8545  5.6600e-03  4.3200e-03  3.0300e-03  2.1600e-03  6.7700e-03
  5390.86      1.8550  5.6500e-03  4.3200e-03  3.0400e-03  2.1800e-03  6.8100e-03
  5389.36      1.8555  5.6500e-03  4.3200e-03  3.0400e-03  2.1900e-03  6.8500e-03
  5387.86      1.8560  5.6300e-03  4.3100e-03  3.0400e-03  2.2000e-03  6.8800e-03
  5386.36      1.8565  5.6100e-03  4.3000e-03  3.0400e-03  2.2100e-03  6.8800e-03
  5384.86      1.8571  5.6000e-03  4.3000e-03  3.0400e-03  2.2500e-03  6.8700e-03
  5383.36      1.8576  5.6000e-03  4.3000e-03  3.0400e-03  2.2800e-03  6.8700e-03
  5381.86      1.8581  5.6000e-03  4.3100e-03  3.0400e-03  2.3000e-03  6.8500e-03
  5380.36      1.8586  5.6000e-03  4.3000e-03  3.0200e-03  2.3100e-03  6.8300e-03
  5378.86      1.8591  5.5800e-03  4.2800e-03  2.9900e-03  2.3000e-03  6.8000e-03
  5377.36      1.8596  5.5500e-03  4.2600e-03  2.9700e-03  2.2800e-03  6.7700e-03
  5375.86      1.8602  5.5300e-03  4.2500e-03  2.9500e-03  2.2600e-03  6.7400e-03
  5374.36      1.8607  5.5200e-03  4.2500e-03  2.9500e-03  2.2300e-03  6.7200e-03
  5372.86      1.8612  5.5200e-03  4.2500e-03  2.9500e-03  2.1800e-03  6.7200e-03
  5371.36      1.8617  5.5300e-03  4.2600e-03  2.9500e-03  2.1400e-03  6.7400e-03
  5369.86      1.8622  5.5300e-03  4.2600e-03  2.9500e-03  2.0900e-03  6.7600e-03
  5368.36      1.8628  5.5200e-03  4.2700e-03  2.9600e-03  2.0700e-03  6.7900e-03
  5366.86      1.8633  5.5200e-03  4.2700e-03  2.9700e-03  2.0700e-03  6.8000e-03
  5365.36      1.8638  5.5100e-03  4.2700e-03  2.9800e-03  2.0900e-03  6.8100e-03
  5363.86      1.8643  5.4900e-03  4.2600e-03  2.9600e-03  2.1200e-03  6.8000e-03
  5362.36      1.8648  5.4900e-03  4.2600e-03  2.9500e-03  2.1600e-03  6.7900e-03
  5360.86      1.8654  5.4700e-03  4.2500e-03  2.9300e-03  2.2200e-03  6.7700e-03
  5359.36      1.8659  5.4700e-03  4.2400e-03  2.9100e-03  2.2800e-03  6.7300e-03
  5357.86      1.8664  5.4400e-03  4.2200e-03  2.8900e-03  2.3200e-03  6.6900e-03
  5356.36      1.8669  5.4100e-03  4.2000e-03  2.8700e-03  2.3400e-03  6.6400e-03
  5354.86      1.8675  5.3800e-03  4.1800e-03  2.8500e-03  2.3500e-03  6.6200e-03
  5353.36      1.8680  5.3600e-03  4.1700e-03  2.8300e-03  2.3400e-03  6.6200e-03
  5351.86      1.8685  5.3400e-03  4.1500e-03  2.8200e-03  2.3400e-03  6.6400e-03
  5350.36      1.8690  5.3200e-03  4.1300e-03  2.8000e-03  2.3200e-03  6.6500e-03
  5348.86      1.8696  5.2900e-03  4.1200e-03  2.7900e-03  2.3200e-03  6.6500e-03
  5347.36      1.8701  5.2600e-03  4.0800e-03  2.7500e-03  2.3200e-03  6.6100e-03
  5345.86      1.8706  5.2100e-03  4.0400e-03  2.7000e-03  2.3500e-03  6.5400e-03
  5344.36      1.8711  5.1800e-03  4.0100e-03  2.6600e-03  2.4000e-03  6.4600e-03
  5342.86      1.8717  5.1700e-03  4.0100e-03  2.6400e-03  2.4800e-03  6.3900e-03
  5341.36      1.8722  5.1600e-03  4.0000e-03  2.6300e-03  2.5500e-03  6.3500e-03
  5339.86      1.8727  5.1500e-03  4.0000e-03  2.6200e-03  2.6100e-03  6.3400e-03
  5338.36      1.8732  5.1300e-03  3.9900e-03  2.6100e-03  2.6600e-03  6.3700e-03
  5336.86      1.8738  5.1200e-03  3.9800e-03  2.6200e-03  2.7000e-03  6.4300e-03
  5335.36      1.8743  5.1200e-03  3.9900e-03  2.6300e-03  2.7100e-03  6.4900e-03
  5333.86      1.8748  5.1200e-03  4.0000e-03  2.6500e-03  2.7000e-03  6.5300e-03
  5332.36      1.8753  5.1300e-03  4.0100e-03  2.6500e-03  2.7000e-03  6.5300e-03
  5330.86      1.8759  5.1300e-03  4.0200e-03  2.6400e-03  2.6900e-03  6.4900e-03
  5329.36      1.8764  5.1300e-03  4.0200e-03  2.6400e-03  2.6900e-03  6.4300e-03
  5327.86      1.8769  5.1200e-03  4.0200e-03  2.6300e-03  2.7000e-03  6.3800e-03
  5326.36      1.8775  5.1200e-03  4.0200e-03  2.6300e-03  2.7300e-03  6.3600e-03
  5324.86      1.8780  5.1400e-03  4.0400e-03  2.6400e-03  2.7500e-03  6.3800e-03
  5323.36      1.8785  5.1600e-03  4.0700e-03  2.6600e-03  2.7700e-03  6.4300e-03
  5321.86      1.8790  5.1800e-03  4.1000e-03  2.6900e-03  2.7800e-03  6.5100e-03
  5320.36      1.8796  5.2000e-03  4.1200e-03  2.7300e-03  2.8000e-03  6.5700e-03
  5318.86      1.8801  5.2000e-03  4.1400e-03  2.7600e-03  2.8100e-03  6.6300e-03
  5317.36      1.8806  5.2100e-03  4.1600e-03  2.7800e-03  2.8000e-03  6.6600e-03
  5315.86      1.8812  5.2200e-03  4.1700e-03  2.7800e-03  2.7900e-03  6.6600e-03
  5314.36      1.8817  5.2200e-03  4.1800e-03  2.7800e-03  2.7600e-03  6.6400e-03
  5312.86      1.8822  5.2200e-03  4.1800e-03  2.7800e-03  2.7300e-03  6.6100e-03
  5311.36      1.8828  5.2100e-03  4.1700e-03  2.7500e-03  2.6900e-03  6.5700e-03
  5309.86      1.8833  5.1900e-03  4.1500e-03  2.7300e-03  2.6300e-03  6.5200e-03
  5308.36      1.8838  5.1800e-03  4.1500e-03  2.7100e-03  2.5900e-03  6.4900e-03
  5306.86      1.8844  5.1800e-03  4.1500e-03  2.7100e-03  2.5500e-03  6.4600e-03
  5305.36      1.8849  5.1800e-03  4.1600e-03  2.7200e-03  2.5400e-03  6.4700e-03
  5303.86      1.8854  5.1800e-03  4.1800e-03  2.7400e-03  2.5400e-03  6.5100e-03
  5302.36      1.8860  5.1800e-03  4.1800e-03  2.7500e-03  2.5400e-03  6.5800e-03
  5300.86      1.8865  5.1800e-03  4.1900e-03  2.7600e-03  2.5500e-03  6.6400e-03
  5299.36      1.8870  5.1800e-03  4.2000e-03  2.7700e-03  2.5400e-03  6.6800e-03
  5297.86      1.8876  5.1800e-03  4.2000e-03  2.7700e-03  2.5100e-03  6.6800e-03
  5296.36      1.8881  5.1700e-03  4.2000e-03  2.7600e-03  2.4700e-03  6.6400e-03
  5294.86      1.8886  5.1600e-03  4.2000e-03  2.7500e-03  2.4300e-03  6.5800e-03
  5293.36      1.8892  5.1400e-03  4.1800e-03  2.7200e-03  2.4000e-03  6.5000e-03
  5291.86      1.8897  5.1300e-03  4.1700e-03  2.6900e-03  2.3700e-03  6.4500e-03
  5290.36      1.8902  5.1300e-03  4.1700e-03  2.6900e-03  2.3800e-03  6.4300e-03
  5288.86      1.8908  5.1400e-03  4.1900e-03  2.7000e-03  2.4200e-03  6.4600e-03
  5287.36      1.8913  5.1600e-03  4.2100e-03  2.7300e-03  2.5000e-03  6.5100e-03
  5285.86      1.8918  5.1800e-03  4.2400e-03  2.7500e-03  2.5700e-03  6.5700e-03
  5284.36      1.8924  5.1900e-03  4.2600e-03  2.7800e-03  2.6300e-03  6.6400e-03
  5282.86      1.8929  5.2100e-03  4.3000e-03  2.8200e-03  2.7000e-03  6.6900e-03
  5281.36      1.8935  5.2300e-03  4.3300e-03  2.8600e-03  2.7400e-03  6.7300e-03
  5279.86      1.8940  5.2600e-03  4.3700e-03  2.8900e-03  2.7600e-03  6.7500e-03
  5278.36      1.8945  5.2700e-03  4.3800e-03  2.9000e-03  2.7500e-03  6.7600e-03
  5276.86      1.8951  5.2800e-03  4.4000e-03  2.9100e-03  2.7100e-03  6.7600e-03
  5275.35      1.8956  5.2700e-03  4.3900e-03  2.9000e-03  2.6600e-03  6.7600e-03
  5273.85      1.8961  5.2500e-03  4.3800e-03  2.8900e-03  2.6000e-03  6.7500e-03
  5272.35      1.8967  5.2300e-03  4.3600e-03  2.8600e-03  2.5200e-03  6.7300e-03
  5270.85      1.8972  5.2100e-03  4.3500e-03  2.8300e-03  2.4400e-03  6.6900e-03
  5269.35      1.8978  5.1900e-03  4.3300e-03  2.8100e-03  2.3700e-03  6.6500e-03
  5267.85      1.8983  5.1700e-03  4.3200e-03  2.7900e-03  2.3300e-03  6.6000e-03
  5266.35      1.8988  5.1500e-03  4.3100e-03  2.7700e-03  2.3100e-03  6.5700e-03
  5264.85      1.8994  5.1400e-03  4.3000e-03  2.7600e-03  2.3200e-03  6.5400e-03
  5263.35      1.8999  5.1400e-03  4.3100e-03  2.7600e-03  2.3700e-03  6.5500e-03
  5261.85      1.9005  5.1500e-03  4.3400e-03  2.7900e-03  2.4400e-03  6.5800e-03
  5260.35      1.9010  5.1700e-03  4.3700e-03  2.8200e-03  2.5200e-03  6.6400e-03
  5258.85      1.9016  5.1900e-03  4.3900e-03  2.8500e-03  2.5900e-03  6.6900e-03
  5257.35      1.9021  5.2000e-03  4.4200e-03  2.8700e-03  2.6500e-03  6.7400e-03
  5255.85      1.9026  5.2200e-03  4.4400e-03  2.9000e-03  2.7000e-03  6.7800e-03
  5254.35      1.9032  5.2500e-03  4.4700e-03  2.9200e-03  2.7800e-03  6.8000e-03
  5252.85      1.9037  5.2800e-03  4.5200e-03  2.9500e-03  2.8500e-03  6.8100e-03
  5251.35      1.9043  5.3300e-03  4.5700e-03  3.0000e-03  2.9100e-03  6.8100e-03
  5249.85      1.9048  5.3700e-03  4.6100e-03  3.0300e-03  3.0000e-03  6.8100e-03
  5248.35      1.9054  5.4100e-03  4.6500e-03  3.0600e-03  3.1100e-03  6.8400e-03
  5246.85      1.9059  5.4600e-03  4.7100e-03  3.1200e-03  3.2300e-03  6.9100e-03
  5245.35      1.9064  5.5200e-03  4.7800e-03  3.1800e-03  3.3400e-03  6.9900e-03
  5243.85      1.9070  5.5800e-03  4.8500e-03  3.2700e-03  3.4300e-03  7.1200e-03
  5242.35      1.9075  5.6400e-03  4.9300e-03  3.3500e-03  3.5100e-03  7.2400e-03
  5240.85      1.9081  5.6800e-03  4.9800e-03  3.4100e-03  3.5500e-03  7.3500e-03
  5239.35      1.9086  5.7100e-03  5.0200e-03  3.4500e-03  3.5700e-03  7.4100e-03
  5237.85      1.9092  5.7400e-03  5.0600e-03  3.4800e-03  3.5400e-03  7.4400e-03
  5236.35      1.9097  5.7500e-03  5.0800e-03  3.5000e-03  3.4800e-03  7.4300e-03
  5234.85      1.9103  5.7600e-03  5.0900e-03  3.4900e-03  3.4000e-03  7.3900e-03
  5233.35      1.9108  5.7500e-03  5.0800e-03  3.4700e-03  3.3400e-03  7.3400e-03
  5231.85      1.9114  5.7300e-03  5.0600e-03  3.4400e-03  3.3200e-03  7.2900e-03
  5230.35      1.9119  5.7100e-03  5.0600e-03  3.4200e-03  3.3200e-03  7.2600e-03
  5228.85      1.9125  5.6900e-03  5.0400e-03  3.4000e-03  3.3400e-03  7.2400e-03
  5227.35      1.9130  5.6800e-03  5.0400e-03  3.4000e-03  3.3900e-03  7.2400e-03
  5225.85      1.9136  5.6600e-03  5.0400e-03  3.3900e-03  3.4500e-03  7.2500e-03
  5224.35      1.9141  5.6700e-03  5.0500e-03  3.3900e-03  3.5000e-03  7.2700e-03
  5222.85      1.9147  5.6800e-03  5.0800e-03  3.4200e-03  3.5400e-03  7.2900e-03
  5221.35      1.9152  5.6800e-03  5.1000e-03  3.4500e-03  3.5500e-03  7.3100e-03
  5219.85      1.9158  5.6900e-03  5.1200e-03  3.4700e-03  3.5500e-03  7.3400e-03
  5218.35      1.9163  5.6800e-03  5.1400e-03  3.4800e-03  3.5400e-03  7.3700e-03
  5216.85      1.9169  5.6800e-03  5.1400e-03  3.4900e-03  3.5400e-03  7.4000e-03
  5215.35      1.9174  5.6800e-03  5.1600e-03  3.4900e-03  3.5400e-03  7.4400e-03
  5213.85      1.9180  5.6900e-03  5.1600e-03  3.4900e-03  3.5500e-03  7.4400e-03
  5212.35      1.9185  5.6800e-03  5.1700e-03  3.4900e-03  3.5800e-03  7.4100e-03
  5210.85      1.9191  5.6700e-03  5.1700e-03  3.4800e-03  3.6300e-03  7.3600e-03
  5209.35      1.9196  5.6500e-03  5.1600e-03  3.4600e-03  3.7000e-03  7.3000e-03
  5207.85      1.9202  5.6400e-03  5.1600e-03  3.4500e-03  3.7700e-03  7.2700e-03
  5206.35      1.9207  5.6300e-03  5.1700e-03  3.4600e-03  3.8300e-03  7.2700e-03
  5204.85      1.9213  5.6300e-03  5.2000e-03  3.4800e-03  3.8600e-03  7.3200e-03
  5203.35      1.9218  5.6500e-03  5.2200e-03  3.5000e-03  3.8700e-03  7.4000e-03
  5201.85      1.9224  5.6500e-03  5.2400e-03  3.5300e-03  3.8600e-03  7.4800e-03
  5200.35      1.9229  5.6500e-03  5.2500e-03  3.5300e-03  3.8300e-03  7.5500e-03
  5198.85      1.9235  5.6300e-03  5.2600e-03  3.5400e-03  3.7900e-03  7.5800e-03
  5197.35      1.9241  5.6200e-03  5.2700e-03  3.5500e-03  3.7800e-03  7.6000e-03
  5195.85      1.9246  5.6100e-03  5.2800e-03  3.5500e-03  3.7700e-03  7.5800e-03
  5194.35      1.9252  5.6100e-03  5.2800e-03  3.5500e-03  3.7900e-03  7.5600e-03
  5192.85      1.9257  5.5900e-03  5.2900e-03  3.5300e-03  3.8200e-03  7.5300e-03
  5191.35      1.9263  5.5800e-03  5.2800e-03  3.5200e-03  3.8700e-03  7.4900e-03
  5189.85      1.9268  5.5500e-03  5.2800e-03  3.5100e-03  3.9100e-03  7.4500e-03
  5188.35      1.9274  5.5300e-03  5.2900e-03  3.5100e-03  3.9300e-03  7.4100e-03
  5186.85      1.9280  5.5200e-03  5.3000e-03  3.5200e-03  3.9300e-03  7.3800e-03
  5185.35      1.9285  5.5100e-03  5.3200e-03  3.5400e-03  3.9100e-03  7.3700e-03
  5183.85      1.9291  5.5100e-03  5.3500e-03  3.5600e-03  3.8600e-03  7.3700e-03
  5182.35      1.9296  5.4900e-03  5.3800e-03  3.5800e-03  3.7800e-03  7.4100e-03
  5180.85      1.9302  5.4900e-03  5.4000e-03  3.6000e-03  3.7000e-03  7.4400e-03
  5179.35      1.9307  5.4700e-03  5.4200e-03  3.6300e-03  3.6400e-03  7.4800e-03
  5177.85      1.9313  5.4500e-03  5.4500e-03  3.6500e-03  3.6000e-03  7.5000e-03
  5176.35      1.9319  5.4400e-03  5.4600e-03  3.6600e-03  3.6000e-03  7.5100e-03
  5174.85      1.9324  5.4200e-03  5.4800e-03  3.6700e-03  3.6200e-03  7.5100e-03
  5173.35      1.9330  5.4000e-03  5.4800e-03  3.6600e-03  3.6500e-03  7.5100e-03
  5171.85      1.9335  5.3600e-03  5.4800e-03  3.6500e-03  3.7000e-03  7.5000e-03
  5170.35      1.9341  5.3400e-03  5.4700e-03  3.6300e-03  3.7400e-03  7.5000e-03
  5168.85      1.9347  5.3100e-03  5.4700e-03  3.6200e-03  3.7700e-03  7.5000e-03
  5167.35      1.9352  5.2900e-03  5.4800e-03  3.6200e-03  3.7700e-03  7.5000e-03
  5165.85      1.9358  5.2700e-03  5.4900e-03  3.6200e-03  3.7700e-03  7.5000e-03
  5164.35      1.9364  5.2500e-03  5.4900e-03  3.6200e-03  3.7800e-03  7.5000e-03
  5162.85      1.9369  5.2400e-03  5.5100e-03  3.6400e-03  3.7900e-03  7.5100e-03
  5161.35      1.9375  5.2400e-03  5.5300e-03  3.6600e-03  3.7900e-03  7.5000e-03
  5159.85      1.9380  5.2500e-03  5.5500e-03  3.6700e-03  3.8000e-03  7.4900e-03
  5158.35      1.9386  5.2600e-03  5.5800e-03  3.7000e-03  3.8300e-03  7.4700e-03
  5156.85      1.9392  5.2700e-03  5.6000e-03  3.7100e-03  3.8400e-03  7.4700e-03
  5155.35      1.9397  5.2800e-03  5.6200e-03  3.7300e-03  3.8600e-03  7.4700e-03
  5153.85      1.9403  5.3000e-03  5.6300e-03  3.7300e-03  3.8600e-03  7.4800e-03
  5152.35      1.9409  5.3200e-03  5.6400e-03  3.7400e-03  3.8600e-03  7.5000e-03
  5150.85      1.9414  5.3500e-03  5.6500e-03  3.7300e-03  3.8500e-03  7.5100e-03
  5149.35      1.9420  5.3700e-03  5.6400e-03  3.7300e-03  3.8500e-03  7.5200e-03
  5147.85      1.9426  5.4000e-03  5.6300e-03  3.7100e-03  3.8500e-03  7.5100e-03
  5146.35      1.9431  5.4100e-03  5.6200e-03  3.6800e-03  3.8400e-03  7.5000e-03
  5144.85      1.9437  5.4400e-03  5.5800e-03  3.6400e-03  3.8300e-03  7.4900e-03
  5143.35      1.9443  5.4700e-03  5.5400e-03  3.5900e-03  3.8200e-03  7.4800e-03
  5141.85      1.9448  5.5100e-03  5.5000e-03  3.5300e-03  3.8200e-03  7.4600e-03
  5140.35      1.9454  5.5400e-03  5.4700e-03  3.4900e-03  3.8200e-03  7.4200e-03
  5138.84      1.9460  5.5700e-03  5.4400e-03  3.4500e-03  3.8200e-03  7.3600e-03
  5137.34      1.9465  5.6000e-03  5.4200e-03  3.4200e-03  3.8200e-03  7.2800e-03
  5135.84      1.9471  5.6200e-03  5.4100e-03  3.4000e-03  3.8300e-03  7.2000e-03
  5134.34      1.9477  5.6500e-03  5.4100e-03  3.3900e-03  3.8500e-03  7.1300e-03
  5132.84      1.9482  5.6600e-03  5.4100e-03  3.3900e-03  3.8700e-03  7.0700e-03
  5131.34      1.9488  5.6800e-03  5.4400e-03  3.4200e-03  3.8900e-03  7.0600e-03
  5129.84      1.9494  5.6900e-03  5.4700e-03  3.4400e-03  3.8900e-03  7.0800e-03
  5128.34      1.9499  5.6900e-03  5.5000e-03  3.4700e-03  3.8800e-03  7.1300e-03
  5126.84      1.9505  5.6900e-03  5.5200e-03  3.4800e-03  3.8500e-03  7.1900e-03
  5125.34      1.9511  5.6800e-03  5.5400e-03  3.5000e-03  3.8100e-03  7.2700e-03
  5123.84      1.9517  5.6700e-03  5.5700e-03  3.5200e-03  3.7500e-03  7.3300e-03
  5122.34      1.9522  5.6700e-03  5.5800e-03  3.5300e-03  3.7100e-03  7.3900e-03
  5120.84      1.9528  5.6700e-03  5.5900e-03  3.5300e-03  3.6700e-03  7.4200e-03
  5119.34      1.9534  5.6700e-03  5.5900e-03  3.5200e-03  3.6400e-03  7.4300e-03
  5117.84      1.9539  5.6700e-03  5.5800e-03  3.5000e-03  3.6300e-03  7.4200e-03
  5116.34      1.9545  5.6700e-03  5.5600e-03  3.4700e-03  3.6300e-03  7.3900e-03
  5114.84      1.9551  5.6800e-03  5.5400e-03  3.4400e-03  3.6400e-03  7.3400e-03
  5113.34      1.9557  5.6800e-03  5.5200e-03  3.4100e-03  3.6400e-03  7.2900e-03
  5111.84      1.9562  5.7000e-03  5.4900e-03  3.3600e-03  3.6400e-03  7.2300e-03
  5110.34      1.9568  5.7300e-03  5.4700e-03  3.3300e-03  3.6400e-03  7.1700e-03
  5108.84      1.9574  5.7400e-03  5.4600e-03  3.3000e-03  3.6400e-03  7.1200e-03
  5107.34      1.9580  5.7600e-03  5.4500e-03  3.2800e-03  3.6400e-03  7.0900e-03
  5105.84      1.9585  5.7800e-03  5.4500e-03  3.2700e-03  3.6300e-03  7.1000e-03
  5104.34      1.9591  5.8000e-03  5.4600e-03  3.2800e-03  3.6300e-03  7.1200e-03
  5102.84      1.9597  5.8100e-03  5.4700e-03  3.2900e-03  3.6400e-03  7.1400e-03
  5101.34      1.9603  5.8200e-03  5.4900e-03  3.3000e-03  3.6400e-03  7.1600e-03
  5099.84      1.9608  5.8200e-03  5.5000e-03  3.3100e-03  3.6300e-03  7.1700e-03
  5098.34      1.9614  5.8100e-03  5.5100e-03  3.3100e-03  3.5900e-03  7.1900e-03
  5096.84      1.9620  5.7900e-03  5.5000e-03  3.3000e-03  3.5600e-03  7.1900e-03
  5095.34      1.9626  5.7800e-03  5.4900e-03  3.2700e-03  3.5200e-03  7.2200e-03
  5093.84      1.9632  5.7700e-03  5.4700e-03  3.2400e-03  3.4800e-03  7.2500e-03
  5092.34      1.9637  5.7600e-03  5.4600e-03  3.2100e-03  3.4500e-03  7.2800e-03
  5090.84      1.9643  5.7500e-03  5.4500e-03  3.1700e-03  3.4400e-03  7.3000e-03
  5089.34      1.9649  5.7500e-03  5.4500e-03  3.1500e-03  3.4600e-03  7.2900e-03
  5087.84      1.9655  5.7500e-03  5.4400e-03  3.1400e-03  3.5000e-03  7.2700e-03
  5086.34      1.9660  5.7600e-03  5.4400e-03  3.1300e-03  3.5400e-03  7.2300e-03
  5084.84      1.9666  5.7800e-03  5.4600e-03  3.1400e-03  3.5900e-03  7.1900e-03
  5083.34      1.9672  5.7900e-03  5.4800e-03  3.1600e-03  3.6500e-03  7.1500e-03
  5081.84      1.9678  5.7900e-03  5.5000e-03  3.1800e-03  3.7000e-03  7.1200e-03
  5080.34      1.9684  5.7800e-03  5.5300e-03  3.1900e-03  3.7600e-03  7.0900e-03
  5078.84      1.9690  5.7600e-03  5.5300e-03  3.1900e-03  3.8100e-03  7.0800e-03
  5077.34      1.9695  5.7300e-03  5.5400e-03  3.1800e-03  3.8400e-03  7.0700e-03
  5075.84      1.9701  5.7000e-03  5.5400e-03  3.1700e-03  3.8500e-03  7.0500e-03
  5074.34      1.9707  5.6600e-03  5.5500e-03  3.1500e-03  3.8600e-03  7.0200e-03
  5072.84      1.9713  5.6200e-03  5.5600e-03  3.1400e-03  3.8500e-03  6.9900e-03
  5071.34      1.9719  5.5700e-03  5.5600e-03  3.1300e-03  3.8200e-03  6.9600e-03
  5069.84      1.9724  5.5400e-03  5.5800e-03  3.1200e-03  3.7900e-03  6.9300e-03
  5068.34      1.9730  5.5200e-03  5.5900e-03  3.1300e-03  3.7600e-03  6.9200e-03
  5066.84      1.9736  5.5100e-03  5.6200e-03  3.1500e-03  3.7300e-03  6.9300e-03
  5065.34      1.9742  5.5100e-03  5.6700e-03  3.1700e-03  3.7100e-03  6.9300e-03
  5063.84      1.9748  5.5000e-03  5.7100e-03  3.2100e-03  3.6800e-03  6.9300e-03
  5062.34      1.9754  5.5000e-03  5.7500e-03  3.2400e-03  3.6600e-03  6.9300e-03
  5060.84      1.9760  5.5000e-03  5.7800e-03  3.2700e-03  3.6200e-03  6.9300e-03
  5059.34      1.9765  5.5000e-03  5.8000e-03  3.2700e-03  3.5700e-03  6.9400e-03
  5057.84      1.9771  5.4900e-03  5.8200e-03  3.2800e-03  3.4900e-03  6.9500e-03
  5056.34      1.9777  5.4700e-03  5.8300e-03  3.2800e-03  3.4100e-03  6.9700e-03
  5054.84      1.9783  5.4600e-03  5.8300e-03  3.2500e-03  3.3100e-03  6.9700e-03
  5053.34      1.9789  5.4400e-03  5.8100e-03  3.2100e-03  3.2200e-03  6.9500e-03
  5051.84      1.9795  5.4300e-03  5.7900e-03  3.1600e-03  3.1400e-03  6.9300e-03
  5050.34      1.9801  5.4100e-03  5.7500e-03  3.1100e-03  3.0700e-03  6.8900e-03
  5048.84      1.9807  5.4000e-03  5.7300e-03  3.0600e-03  3.0200e-03  6.8300e-03
  5047.34      1.9812  5.4000e-03  5.7000e-03  3.0100e-03  2.9600e-03  6.7900e-03
  5045.84      1.9818  5.4000e-03  5.6900e-03  2.9700e-03  2.9300e-03  6.7600e-03
  5044.34      1.9824  5.4100e-03  5.6700e-03  2.9300e-03  2.9100e-03  6.7500e-03
  5042.84      1.9830  5.4300e-03  5.6500e-03  2.8900e-03  2.8800e-03  6.7400e-03
  5041.34      1.9836  5.4400e-03  5.6400e-03  2.8600e-03  2.8700e-03  6.7400e-03
  5039.84      1.9842  5.4700e-03  5.6400e-03  2.8400e-03  2.8600e-03  6.7500e-03
  5038.34      1.9848  5.4800e-03  5.6500e-03  2.8200e-03  2.8600e-03  6.7600e-03
  5036.84      1.9854  5.5200e-03  5.6600e-03  2.8000e-03  2.8800e-03  6.7600e-03
  5035.34      1.9860  5.5300e-03  5.6700e-03  2.8000e-03  2.8900e-03  6.7500e-03
  5033.84      1.9866  5.5400e-03  5.6900e-03  2.7800e-03  2.9200e-03  6.7300e-03
  5032.34      1.9871  5.5300e-03  5.7000e-03  2.7600e-03  2.9500e-03  6.7000e-03
  5030.84      1.9877  5.5100e-03  5.7200e-03  2.7600e-03  2.9900e-03  6.6500e-03
  5029.34      1.9883  5.4800e-03  5.7400e-03  2.7400e-03  3.0400e-03  6.6000e-03
  5027.84      1.9889  5.4400e-03  5.7500e-03  2.7200e-03  3.0700e-03  6.5600e-03
  5026.34      1.9895  5.3900e-03  5.7700e-03  2.7000e-03  3.1000e-03  6.5300e-03
  5024.84      1.9901  5.3300e-03  5.7700e-03  2.6700e-03  3.1100e-03  6.5200e-03
  5023.34      1.9907  5.2800e-03  5.7900e-03  2.6300e-03  3.1000e-03  6.5000e-03
  5021.84      1.9913  5.2200e-03  5.8000e-03  2.5900e-03  3.0700e-03  6.4900e-03
  5020.34      1.9919  5.1800e-03  5.8300e-03  2.5500e-03  3.0200e-03  6.4600e-03
  5018.84      1.9925  5.1500e-03  5.8500e-03  2.5200e-03  2.9600e-03  6.4200e-03
  5017.34      1.9931  5.1400e-03  5.8900e-03  2.4900e-03  2.9000e-03  6.3900e-03
  5015.84      1.9937  5.1500e-03  5.9400e-03  2.4700e-03  2.8300e-03  6.3600e-03
  5014.34      1.9943  5.1500e-03  6.0000e-03  2.4600e-03  2.7600e-03  6.3400e-03
  5012.84      1.9949  5.1800e-03  6.0700e-03  2.4600e-03  2.7000e-03  6.3400e-03
  5011.34      1.9955  5.2200e-03  6.1500e-03  2.4700e-03  2.6600e-03  6.3400e-03
  5009.84      1.9961  5.2400e-03  6.2600e-03  2.4800e-03  2.6400e-03  6.3700e-03
  5008.34      1.9967  5.2600e-03  6.3500e-03  2.5000e-03  2.6300e-03  6.3900e-03
  5006.83      1.9973  5.2700e-03  6.4400e-03  2.5300e-03  2.6300e-03  6.4200e-03
  5005.33      1.9979  5.2600e-03  6.5100e-03  2.5500e-03  2.6300e-03  6.4300e-03
  5003.83      1.9985  5.2300e-03  6.5800e-03  2.5500e-03  2.6400e-03  6.4500e-03
  5002.33      1.9991  5.1900e-03  6.6300e-03  2.5500e-03  2.6600e-03  6.4600e-03
  5000.83      1.9997  5.1500e-03  6.6500e-03  2.5600e-03  2.6600e-03  6.4700e-03
  4999.33      2.0003  5.0800e-03  6.6400e-03  2.5600e-03  2.6600e-03  6.4800e-03
  4997.83      2.0009  5.0200e-03  6.5800e-03  2.5600e-03  2.6700e-03  6.4900e-03
  4996.33      2.0015  4.9500e-03  6.5200e-03  2.5500e-03  2.6600e-03  6.4900e-03
  4994.83      2.0021  4.8900e-03  6.4500e-03  2.5400e-03  2.6500e-03  6.4900e-03
  4993.33      2.0027  4.8300e-03  6.3600e-03  2.5200e-03  2.6100e-03  6.4800e-03
  4991.83      2.0033  4.8000e-03  6.2600e-03  2.5100e-03  2.5600e-03  6.4600e-03
  4990.33      2.0039  4.7700e-03  6.1600e-03  2.4800e-03  2.5000e-03  6.4300e-03
  4988.83      2.0045  4.7500e-03  6.0500e-03  2.4400e-03  2.4400e-03  6.4000e-03
  4987.33      2.0051  4.7200e-03  5.9600e-03  2.4000e-03  2.3800e-03  6.3700e-03
  4985.83      2.0057  4.6900e-03  5.8800e-03  2.3400e-03  2.3400e-03  6.3400e-03
  4984.33      2.0063  4.6700e-03  5.7800e-03  2.2900e-03  2.3200e-03  6.3400e-03
  4982.83      2.0069  4.6300e-03  5.7000e-03  2.2400e-03  2.3400e-03  6.3300e-03
  4981.33      2.0075  4.6000e-03  5.6100e-03  2.1800e-03  2.3700e-03  6.3300e-03
  4979.83      2.0081  4.5600e-03  5.5300e-03  2.1200e-03  2.4200e-03  6.3200e-03
  4978.33      2.0087  4.5200e-03  5.4700e-03  2.0700e-03  2.4700e-03  6.3100e-03
  4976.83      2.0093  4.4700e-03  5.4100e-03  2.0200e-03  2.4900e-03  6.2800e-03
  4975.33      2.0099  4.4100e-03  5.3500e-03  1.9700e-03  2.5100e-03  6.2500e-03
  4973.83      2.0105  4.3800e-03  5.3100e-03  1.9300e-03  2.5000e-03  6.2200e-03
  4972.33      2.0111  4.3400e-03  5.2800e-03  1.8900e-03  2.4800e-03  6.1900e-03
  4970.83      2.0117  4.3000e-03  5.2400e-03  1.8600e-03  2.4400e-03  6.1500e-03
  4969.33      2.0123  4.2800e-03  5.2200e-03  1.8500e-03  2.4100e-03  6.1200e-03
  4967.83      2.0130  4.2700e-03  5.2100e-03  1.8400e-03  2.3600e-03  6.1100e-03
  4966.33      2.0136  4.2600e-03  5.1900e-03  1.8300e-03  2.3200e-03  6.0900e-03
  4964.83      2.0142  4.2600e-03  5.1700e-03  1.8300e-03  2.2800e-03  6.0800e-03
  4963.33      2.0148  4.2800e-03  5.1500e-03  1.8500e-03  2.2500e-03  6.0600e-03
  4961.83      2.0154  4.3100e-03  5.1200e-03  1.8700e-03  2.2200e-03  6.0500e-03
  4960.33      2.0160  4.3400e-03  5.1100e-03  1.8800e-03  2.1900e-03  6.0500e-03
  4958.83      2.0166  4.3900e-03  5.0800e-03  1.9000e-03  2.1600e-03  6.0300e-03
  4957.33      2.0172  4.4300e-03  5.0800e-03  1.9000e-03  2.1400e-03  6.0000e-03
  4955.83      2.0178  4.4700e-03  5.0600e-03  1.9100e-03  2.1200e-03  5.9700e-03
  4954.33      2.0184  4.4900e-03  5.0400e-03  1.9200e-03  2.1100e-03  5.9500e-03
  4952.83      2.0190  4.5100e-03  5.0300e-03  1.9300e-03  2.1100e-03  5.9400e-03
  4951.33      2.0197  4.5100e-03  5.0300e-03  1.9400e-03  2.1100e-03  5.9400e-03
  4949.83      2.0203  4.5000e-03  5.0300e-03  1.9400e-03  2.1100e-03  5.9500e-03
  4948.33      2.0209  4.4700e-03  5.0200e-03  1.9400e-03  2.1000e-03  5.9600e-03
  4946.83      2.0215  4.4200e-03  5.0100e-03  1.9400e-03  2.1000e-03  5.9700e-03
  4945.33      2.0221  4.3600e-03  4.9900e-03  1.9300e-03  2.1000e-03  5.9800e-03
  4943.83      2.0227  4.2900e-03  4.9700e-03  1.9300e-03  2.0900e-03  5.9700e-03
  4942.33      2.0233  4.2300e-03  4.9400e-03  1.9200e-03  2.0800e-03  5.9700e-03
  4940.83      2.0240  4.1800e-03  4.9100e-03  1.9100e-03  2.0800e-03  5.9800e-03
  4939.33      2.0246  4.1200e-03  4.8700e-03  1.8900e-03  2.0800e-03  6.0100e-03
  4937.83      2.0252  4.0900e-03  4.8200e-03  1.8800e-03  2.0800e-03  6.0300e-03
  4936.33      2.0258  4.0500e-03  4.7700e-03  1.8600e-03  2.0800e-03  6.0600e-03
  4934.83      2.0264  4.0300e-03  4.7200e-03  1.8600e-03  2.0700e-03  6.0800e-03
  4933.33      2.0270  4.0300e-03  4.6800e-03  1.8600e-03  2.0600e-03  6.0900e-03
  4931.83      2.0276  4.0400e-03  4.6400e-03  1.8600e-03  2.0500e-03  6.0800e-03
  4930.33      2.0283  4.0600e-03  4.6000e-03  1.8700e-03  2.0300e-03  6.0700e-03
  4928.83      2.0289  4.0700e-03  4.5700e-03  1.8900e-03  1.9900e-03  6.0800e-03
  4927.33      2.0295  4.0800e-03  4.5500e-03  1.9000e-03  1.9700e-03  6.0800e-03
  4925.83      2.0301  4.0900e-03  4.5300e-03  1.9300e-03  1.9400e-03  6.1000e-03
  4924.33      2.0307  4.0900e-03  4.5200e-03  1.9400e-03  1.9100e-03  6.1100e-03
  4922.83      2.0314  4.1000e-03  4.5000e-03  1.9600e-03  1.8700e-03  6.1200e-03
  4921.33      2.0320  4.1000e-03  4.4800e-03  1.9600e-03  1.8400e-03  6.1200e-03
  4919.83      2.0326  4.1000e-03  4.4600e-03  1.9600e-03  1.8100e-03  6.1200e-03
  4918.33      2.0332  4.0900e-03  4.4300e-03  1.9600e-03  1.7900e-03  6.1200e-03
  4916.83      2.0338  4.0900e-03  4.3900e-03  1.9600e-03  1.7700e-03  6.1200e-03
  4915.33      2.0345  4.0900e-03  4.3500e-03  1.9500e-03  1.7500e-03  6.1200e-03
  4913.83      2.0351  4.0900e-03  4.3000e-03  1.9500e-03  1.7400e-03  6.1000e-03
  4912.33      2.0357  4.1100e-03  4.2600e-03  1.9300e-03  1.7300e-03  6.0700e-03
  4910.83      2.0363  4.1100e-03  4.2200e-03  1.9300e-03  1.7300e-03  6.0200e-03
  4909.33      2.0369  4.1100e-03  4.1800e-03  1.9200e-03  1.7200e-03  5.9700e-03
  4907.83      2.0376  4.1100e-03  4.1500e-03  1.9000e-03  1.7100e-03  5.9300e-03
  4906.33      2.0382  4.0800e-03  4.1200e-03  1.8900e-03  1.7000e-03  5.9100e-03
  4904.83      2.0388  4.0600e-03  4.1000e-03  1.8700e-03  1.7000e-03  5.9200e-03
  4903.33      2.0394  4.0200e-03  4.1000e-03  1.8500e-03  1.7100e-03  5.9400e-03
  4901.83      2.0401  3.9800e-03  4.1100e-03  1.8300e-03  1.7100e-03  5.9500e-03
  4900.33      2.0407  3.9300e-03  4.1100e-03  1.8200e-03  1.7100e-03  5.9400e-03
  4898.83      2.0413  3.8700e-03  4.1300e-03  1.8000e-03  1.7200e-03  5.9000e-03
  4897.33      2.0419  3.8100e-03  4.1600e-03  1.8000e-03  1.7200e-03  5.8300e-03
  4895.83      2.0426  3.7600e-03  4.1700e-03  1.7900e-03  1.7100e-03  5.7600e-03
  4894.33      2.0432  3.7300e-03  4.1900e-03  1.7900e-03  1.7000e-03  5.6900e-03
  4892.83      2.0438  3.7100e-03  4.2000e-03  1.8000e-03  1.6800e-03  5.6200e-03
  4891.33      2.0444  3.7100e-03  4.2000e-03  1.8100e-03  1.6600e-03  5.5800e-03
  4889.83      2.0451  3.7100e-03  4.2000e-03  1.8200e-03  1.6500e-03  5.5400e-03
  4888.33      2.0457  3.7300e-03  4.1800e-03  1.8500e-03  1.6400e-03  5.5100e-03
  4886.83      2.0463  3.7400e-03  4.1600e-03  1.8500e-03  1.6300e-03  5.4900e-03
  4885.33      2.0469  3.7700e-03  4.1300e-03  1.8600e-03  1.6400e-03  5.4700e-03
  4883.83      2.0476  3.8000e-03  4.1000e-03  1.8600e-03  1.6500e-03  5.4600e-03
  4882.33      2.0482  3.8300e-03  4.0600e-03  1.8500e-03  1.6700e-03  5.4700e-03
  4880.83      2.0488  3.8500e-03  4.0300e-03  1.8200e-03  1.6900e-03  5.4700e-03
  4879.33      2.0495  3.8600e-03  4.0000e-03  1.7900e-03  1.6900e-03  5.4700e-03
  4877.83      2.0501  3.8500e-03  3.9700e-03  1.7500e-03  1.6800e-03  5.4600e-03
  4876.33      2.0507  3.8400e-03  3.9300e-03  1.7000e-03  1.6700e-03  5.4500e-03
  4874.83      2.0514  3.8000e-03  3.9100e-03  1.6600e-03  1.6300e-03  5.4300e-03
  4873.33      2.0520  3.7700e-03  3.9000e-03  1.6200e-03  1.6000e-03  5.4300e-03
  4871.83      2.0526  3.7300e-03  3.8800e-03  1.5900e-03  1.5500e-03  5.4400e-03
  4870.32      2.0533  3.7000e-03  3.8700e-03  1.5600e-03  1.5000e-03  5.4600e-03
  4868.82      2.0539  3.6400e-03  3.8600e-03  1.5500e-03  1.4700e-03  5.4900e-03
  4867.32      2.0545  3.5800e-03  3.8500e-03  1.5400e-03  1.4300e-03  5.5300e-03
  4865.82      2.0552  3.5200e-03  3.8500e-03  1.5400e-03  1.4000e-03  5.5400e-03
  4864.32      2.0558  3.4700e-03  3.8400e-03  1.5500e-03  1.3500e-03  5.5400e-03
  4862.82      2.0564  3.4100e-03  3.8400e-03  1.5600e-03  1.3000e-03  5.5300e-03
  4861.32      2.0571  3.3800e-03  3.8400e-03  1.5800e-03  1.2700e-03  5.5100e-03
  4859.82      2.0577  3.3600e-03  3.8300e-03  1.6000e-03  1.2400e-03  5.5000e-03
  4858.32      2.0583  3.3400e-03  3.8100e-03  1.6300e-03  1.2400e-03  5.4800e-03
  4856.82      2.0590  3.3200e-03  3.8000e-03  1.6500e-03  1.2300e-03  5.4900e-03
  4855.32      2.0596  3.3100e-03  3.7900e-03  1.6600e-03  1.2400e-03  5.4900e-03
  4853.82      2.0602  3.3000e-03  3.7800e-03  1.6500e-03  1.2700e-03  5.5100e-03
  4852.32      2.0609  3.3100e-03  3.7700e-03  1.6400e-03  1.3200e-03  5.5300e-03
  4850.82      2.0615  3.3200e-03  3.7600e-03  1.6200e-03  1.3600e-03  5.5600e-03
  4849.32      2.0621  3.3300e-03  3.7500e-03  1.6000e-03  1.4200e-03  5.5700e-03
  4847.82      2.0628  3.3400e-03  3.7400e-03  1.5700e-03  1.4600e-03  5.5900e-03
  4846.32      2.0634  3.3400e-03  3.7400e-03  1.5600e-03  1.4800e-03  5.5900e-03
  4844.82      2.0641  3.3400e-03  3.7400e-03  1.5400e-03  1.5000e-03  5.5800e-03
  4843.32      2.0647  3.3400e-03  3.7500e-03  1.5400e-03  1.4800e-03  5.5600e-03
  4841.82      2.0653  3.3600e-03  3.7500e-03  1.5500e-03  1.4400e-03  5.5400e-03
  4840.32      2.0660  3.3800e-03  3.7500e-03  1.5700e-03  1.3900e-03  5.5100e-03
  4838.82      2.0666  3.4000e-03  3.7400e-03  1.5800e-03  1.3300e-03  5.5000e-03
  4837.32      2.0673  3.4200e-03  3.7400e-03  1.5800e-03  1.2800e-03  5.4900e-03
  4835.82      2.0679  3.4400e-03  3.7300e-03  1.5700e-03  1.2300e-03  5.4800e-03
  4834.32      2.0685  3.4600e-03  3.7200e-03  1.5600e-03  1.2100e-03  5.4700e-03
  4832.82      2.0692  3.4700e-03  3.7200e-03  1.5400e-03  1.2100e-03  5.4500e-03
  4831.32      2.0698  3.4800e-03  3.7100e-03  1.5100e-03  1.2100e-03  5.4300e-03
  4829.82      2.0705  3.4900e-03  3.6900e-03  1.4900e-03  1.2200e-03  5.4000e-03
  4828.32      2.0711  3.4800e-03  3.6800e-03  1.4800e-03  1.2200e-03  5.3700e-03
  4826.82      2.0718  3.4500e-03  3.6600e-03  1.4800e-03  1.2400e-03  5.3500e-03
  4825.32      2.0724  3.4200e-03  3.6500e-03  1.4900e-03  1.2500e-03  5.3500e-03
  4823.82      2.0730  3.3800e-03  3.6400e-03  1.5100e-03  1.2600e-03  5.3400e-03
  4822.32      2.0737  3.3400e-03  3.6400e-03  1.5500e-03  1.2600e-03  5.3400e-03
  4820.82      2.0743  3.2900e-03  3.6300e-03  1.6000e-03  1.2800e-03  5.3300e-03
  4819.32      2.0750  3.2500e-03  3.6200e-03  1.6400e-03  1.2800e-03  5.3200e-03
  4817.82      2.0756  3.2100e-03  3.6100e-03  1.6700e-03  1.2700e-03  5.2900e-03
  4816.32      2.0763  3.1800e-03  3.6000e-03  1.7000e-03  1.2400e-03  5.2700e-03
  4814.82      2.0769  3.1500e-03  3.6000e-03  1.7000e-03  1.2100e-03  5.2700e-03
  4813.32      2.0776  3.1400e-03  3.6000e-03  1.7200e-03  1.1700e-03  5.2700e-03
  4811.82      2.0782  3.1300e-03  3.6000e-03  1.7200e-03  1.1100e-03  5.2800e-03
  4810.32      2.0789  3.1200e-03  3.6100e-03  1.7000e-03  1.0700e-03  5.3000e-03
  4808.82      2.0795  3.1200e-03  3.6100e-03  1.6700e-03  1.0200e-03  5.3200e-03
  4807.32      2.0802  3.1300e-03  3.6100e-03  1.6400e-03  9.9000e-04  5.3300e-03
  4805.82      2.0808  3.1300e-03  3.6100e-03  1.6200e-03  9.8000e-04  5.3400e-03
  4804.32      2.0815  3.1500e-03  3.6000e-03  1.5900e-03  9.9000e-04  5.3300e-03
  4802.82      2.0821  3.1600e-03  3.6000e-03  1.5700e-03  1.0200e-03  5.3200e-03
  4801.32      2.0828  3.1600e-03  3.5900e-03  1.5600e-03  1.0700e-03  5.3000e-03
  4799.82      2.0834  3.1700e-03  3.5800e-03  1.5400e-03  1.1400e-03  5.2800e-03
  4798.32      2.0841  3.1800e-03  3.5700e-03  1.5300e-03  1.2000e-03  5.2700e-03
  4796.82      2.0847  3.2000e-03  3.5400e-03  1.5100e-03  1.2500e-03  5.2700e-03
  4795.32      2.0854  3.2200e-03  3.5300e-03  1.4900e-03  1.3000e-03  5.2700e-03
  4793.82      2.0860  3.2400e-03  3.5100e-03  1.4600e-03  1.3200e-03  5.2900e-03
  4792.32      2.0867  3.2500e-03  3.5000e-03  1.4200e-03  1.3300e-03  5.3000e-03
  4790.82      2.0873  3.2600e-03  3.5000e-03  1.3700e-03  1.3300e-03  5.3100e-03
  4789.32      2.0880  3.2600e-03  3.4900e-03  1.3200e-03  1.3300e-03  5.3200e-03
  4787.82      2.0886  3.2600e-03  3.4900e-03  1.2900e-03  1.3300e-03  5.3200e-03
  4786.32      2.0893  3.2600e-03  3.4900e-03  1.2600e-03  1.3200e-03  5.3300e-03
  4784.82      2.0899  3.2600e-03  3.4900e-03  1.2600e-03  1.3200e-03  5.3400e-03
  4783.32      2.0906  3.2400e-03  3.5100e-03  1.2800e-03  1.3300e-03  5.3600e-03
  4781.82      2.0913  3.2300e-03  3.5100e-03  1.3200e-03  1.3300e-03  5.3600e-03
  4780.32      2.0919  3.2200e-03  3.5200e-03  1.3800e-03  1.3300e-03  5.3700e-03
  4778.82      2.0926  3.2100e-03  3.5200e-03  1.4500e-03  1.3300e-03  5.3600e-03
  4777.32      2.0932  3.2100e-03  3.5200e-03  1.5100e-03  1.3300e-03  5.3500e-03
  4775.82      2.0939  3.2100e-03  3.5200e-03  1.5700e-03  1.3400e-03  5.3500e-03
  4774.32      2.0945  3.2300e-03  3.5200e-03  1.6100e-03  1.3400e-03  5.3600e-03
  4772.82      2.0952  3.2500e-03  3.5200e-03  1.6500e-03  1.3300e-03  5.3800e-03
  4771.32      2.0959  3.2900e-03  3.5200e-03  1.6700e-03  1.3300e-03  5.3900e-03
  4769.82      2.0965  3.3200e-03  3.5200e-03  1.6900e-03  1.3300e-03  5.4200e-03
  4768.32      2.0972  3.3700e-03  3.5200e-03  1.7000e-03  1.3200e-03  5.4200e-03
  4766.82      2.0978  3.4000e-03  3.5200e-03  1.7000e-03  1.3200e-03  5.4200e-03
  4765.32      2.0985  3.4200e-03  3.5300e-03  1.7000e-03  1.3100e-03  5.4100e-03
  4763.82      2.0992  3.4500e-03  3.5400e-03  1.6900e-03  1.3000e-03  5.3900e-03
  4762.32      2.0998  3.4700e-03  3.5500e-03  1.6600e-03  1.3100e-03  5.3900e-03
  4760.82      2.1005  3.4800e-03  3.5600e-03  1.6400e-03  1.3200e-03  5.3900e-03
  4759.32      2.1011  3.4800e-03  3.5700e-03  1.6100e-03  1.3400e-03  5.4000e-03
  4757.82      2.1018  3.4800e-03  3.5700e-03  1.5800e-03  1.3500e-03  5.4100e-03
  4756.32      2.1025  3.4600e-03  3.5800e-03  1.5500e-03  1.3700e-03  5.4000e-03
  4754.82      2.1031  3.4600e-03  3.5800e-03  1.5100e-03  1.3900e-03  5.3900e-03
  4753.32      2.1038  3.4400e-03  3.5700e-03  1.4800e-03  1.4100e-03  5.3700e-03
  4751.82      2.1045  3.4300e-03  3.5600e-03  1.4600e-03  1.4100e-03  5.3400e-03
  4750.32      2.1051  3.4000e-03  3.5400e-03  1.4400e-03  1.4000e-03  5.3000e-03
  4748.82      2.1058  3.3900e-03  3.5200e-03  1.4100e-03  1.4000e-03  5.2700e-03
  4747.32      2.1065  3.3600e-03  3.5100e-03  1.4000e-03  1.3700e-03  5.2500e-03
  4745.82      2.1071  3.3300e-03  3.4900e-03  1.3800e-03  1.3500e-03  5.2300e-03
  4744.32      2.1078  3.2900e-03  3.4700e-03  1.3600e-03  1.3200e-03  5.2100e-03
  4742.82      2.1085  3.2500e-03  3.4300e-03  1.3300e-03  1.2800e-03  5.1900e-03
  4741.32      2.1091  3.2100e-03  3.4000e-03  1.3200e-03  1.2500e-03  5.1800e-03
  4739.82      2.1098  3.1600e-03  3.3700e-03  1.3000e-03  1.2300e-03  5.1700e-03
  4738.31      2.1105  3.1200e-03  3.3300e-03  1.2800e-03  1.2100e-03  5.1700e-03
  4736.81      2.1111  3.0700e-03  3.3000e-03  1.2600e-03  1.1900e-03  5.1500e-03
  4735.31      2.1118  3.0100e-03  3.2600e-03  1.2400e-03  1.1800e-03  5.1300e-03
  4733.81      2.1125  2.9600e-03  3.2300e-03  1.2300e-03  1.1900e-03  5.0900e-03
  4732.31      2.1131  2.9100e-03  3.1900e-03  1.2200e-03  1.1900e-03  5.0500e-03
  4730.81      2.1138  2.8700e-03  3.1700e-03  1.2100e-03  1.1800e-03  5.0000e-03
  4729.31      2.1145  2.8400e-03  3.1400e-03  1.1700e-03  1.1400e-03  4.9600e-03
  4727.81      2.1151  2.7900e-03  3.1400e-03  1.1400e-03  1.0900e-03  4.9300e-03
  4726.31      2.1158  2.7500e-03  3.1300e-03  1.1100e-03  1.0300e-03  4.9100e-03
  4724.81      2.1165  2.7200e-03  3.1200e-03  1.0800e-03  9.5000e-04  4.9000e-03
  4723.31      2.1172  2.6900e-03  3.1100e-03  1.0400e-03  8.4000e-04  4.9000e-03
  4721.81      2.1178  2.6600e-03  3.1000e-03  9.9000e-04  7.4000e-04  4.9100e-03
  4720.31      2.1185  2.6400e-03  3.0900e-03  9.4000e-04  6.5000e-04  4.9100e-03
  4718.81      2.1192  2.6200e-03  3.0700e-03  8.9000e-04  5.7000e-04  4.9000e-03
  4717.31      2.1199  2.6000e-03  3.0600e-03  8.4000e-04  5.2000e-04  4.8900e-03
  4715.81      2.1205  2.5900e-03  3.0400e-03  8.0000e-04  4.8000e-04  4.8600e-03
  4714.31      2.1212  2.5800e-03  3.0000e-03  7.4000e-04  4.3000e-04  4.8200e-03
  4712.81      2.1219  2.5700e-03  2.9800e-03  7.0000e-04  4.1000e-04  4.7600e-03
  4711.31      2.1226  2.5800e-03  2.9700e-03  6.6000e-04  4.1000e-04  4.6900e-03
  4709.81      2.1232  2.5800e-03  2.9600e-03  6.4000e-04  4.1000e-04  4.6100e-03
  4708.31      2.1239  2.5900e-03  2.9600e-03  6.3000e-04  4.1000e-04  4.5400e-03
  4706.81      2.1246  2.5900e-03  2.9700e-03  6.4000e-04  4.1000e-04  4.4800e-03
  4705.31      2.1253  2.6100e-03  2.9900e-03  6.6000e-04  4.3000e-04  4.4400e-03
  4703.81      2.1259  2.6100e-03  3.0100e-03  6.9000e-04  4.4000e-04  4.4300e-03
  4702.31      2.1266  2.6400e-03  3.0400e-03  7.3000e-04  4.5000e-04  4.4500e-03
  4700.81      2.1273  2.6500e-03  3.0500e-03  7.8000e-04  4.5000e-04  4.5000e-03
  4699.31      2.1280  2.6600e-03  3.0600e-03  8.2000e-04  4.4000e-04  4.5600e-03
  4697.81      2.1287  2.6700e-03  3.0700e-03  8.3000e-04  4.3000e-04  4.6200e-03
  4696.31      2.1293  2.6800e-03  3.0700e-03  8.4000e-04  4.1000e-04  4.6700e-03
  4694.81      2.1300  2.6800e-03  3.0500e-03  8.4000e-04  4.0000e-04  4.6900e-03
  4693.31      2.1307  2.6800e-03  3.0400e-03  8.2000e-04  4.0000e-04  4.6900e-03
  4691.81      2.1314  2.6800e-03  3.0100e-03  7.9000e-04  4.2000e-04  4.6900e-03
  4690.31      2.1321  2.6700e-03  2.9700e-03  7.5000e-04  4.3000e-04  4.6800e-03
  4688.81      2.1327  2.6400e-03  2.9300e-03  7.1000e-04  4.7000e-04  4.6700e-03
  4687.31      2.1334  2.6100e-03  2.9000e-03  6.6000e-04  4.9000e-04  4.6700e-03
  4685.81      2.1341  2.5700e-03  2.8600e-03  6.3000e-04  5.1000e-04  4.6700e-03
  4684.31      2.1348  2.5400e-03  2.8300e-03  6.1000e-04  5.2000e-04  4.6700e-03
  4682.81      2.1355  2.5000e-03  2.8000e-03  5.8000e-04  5.0000e-04  4.6700e-03
  4681.31      2.1362  2.4600e-03  2.7700e-03  5.6000e-04  4.8000e-04  4.6700e-03
  4679.81      2.1368  2.4200e-03  2.7400e-03  5.6000e-04  4.7000e-04  4.6600e-03
  4678.31      2.1375  2.3600e-03  2.7100e-03  5.5000e-04  4.5000e-04  4.6400e-03
  4676.81      2.1382  2.3000e-03  2.6900e-03  5.4000e-04  4.4000e-04  4.6300e-03
  4675.31      2.1389  2.2600e-03  2.6700e-03  5.3000e-04  4.4000e-04  4.6000e-03
  4673.81      2.1396  2.2100e-03  2.6600e-03  5.3000e-04  4.4000e-04  4.5700e-03
  4672.31      2.1403  2.1700e-03  2.6400e-03  5.1000e-04  4.5000e-04  4.5300e-03
  4670.81      2.1410  2.1400e-03  2.6300e-03  5.0000e-04  4.6000e-04  4.4900e-03
  4669.31      2.1416  2.1000e-03  2.6200e-03  4.8000e-04  4.6000e-04  4.4500e-03
  4667.81      2.1423  2.0800e-03  2.6100e-03  4.5000e-04  4.6000e-04  4.4200e-03
  4666.31      2.1430  2.0700e-03  2.6100e-03  4.4000e-04  4.6000e-04  4.4100e-03
  4664.81      2.1437  2.0600e-03  2.6100e-03  4.2000e-04  4.5000e-04  4.4000e-03
  4663.31      2.1444  2.0600e-03  2.6100e-03  4.1000e-04  4.4000e-04  4.3900e-03
  4661.81      2.1451  2.0700e-03  2.6000e-03  3.8000e-04  4.2000e-04  4.3700e-03
  4660.31      2.1458  2.0800e-03  2.6000e-03  3.7000e-04  3.9000e-04  4.3400e-03
  4658.81      2.1465  2.0900e-03  2.6000e-03  3.5000e-04  3.6000e-04  4.3000e-03
  4657.31      2.1472  2.1100e-03  2.5900e-03  3.2000e-04  3.3000e-04  4.2600e-03
  4655.81      2.1479  2.1300e-03  2.5800e-03  2.9000e-04  2.9000e-04  4.2200e-03
  4654.31      2.1485  2.1400e-03  2.5600e-03  2.5000e-04  2.5000e-04  4.2000e-03
  4652.81      2.1492  2.1400e-03  2.5500e-03  2.1000e-04  2.1000e-04  4.1900e-03
  4651.31      2.1499  2.1400e-03  2.5300e-03  1.6000e-04  1.5000e-04  4.2000e-03
  4649.81      2.1506  2.1400e-03  2.5200e-03  1.1000e-04  1.0000e-04  4.2000e-03
  4648.31      2.1513  2.1300e-03  2.4900e-03  7.0000e-05  6.0000e-05  4.1900e-03
  4646.81      2.1520  2.1200e-03  2.4600e-03  5.0000e-05  2.0000e-05  4.1700e-03
  4645.31      2.1527  2.1000e-03  2.4300e-03  2.0000e-05 -1.0000e-05  4.1300e-03
  4643.81      2.1534  2.0700e-03  2.4000e-03  1.0000e-05 -4.0000e-05  4.0900e-03
  4642.31      2.1541  2.0500e-03  2.3700e-03  0.0000e+00 -4.0000e-05  4.0400e-03
  4640.81      2.1548  2.0200e-03  2.3400e-03  0.0000e+00 -4.0000e-05  4.0000e-03
  4639.31      2.1555  2.0100e-03  2.3200e-03  0.0000e+00 -4.0000e-05  3.9800e-03
  4637.81      2.1562  1.9800e-03  2.2900e-03  0.0000e+00 -2.0000e-05  3.9800e-03
  4636.31      2.1569  1.9700e-03  2.2700e-03  0.0000e+00  0.0000e+00  3.9900e-03
  4634.81      2.1576  1.9500e-03  2.2500e-03 -1.0000e-05  4.0000e-05  4.0200e-03
  4633.31      2.1583  1.9400e-03  2.2400e-03 -1.0000e-05  9.0000e-05  4.0600e-03
  4631.81      2.1590  1.9400e-03  2.2200e-03 -2.0000e-05  1.4000e-04  4.0900e-03
  4630.31      2.1597  1.9400e-03  2.2100e-03 -2.0000e-05  1.8000e-04  4.1100e-03
  4628.81      2.1604  1.9300e-03  2.2000e-03 -4.0000e-05  2.1000e-04  4.1000e-03
  4627.31      2.1611  1.9200e-03  2.1900e-03 -4.0000e-05  2.2000e-04  4.0900e-03
  4625.81      2.1618  1.9200e-03  2.1900e-03 -5.0000e-05  2.1000e-04  4.0500e-03
  4624.31      2.1625  1.9200e-03  2.1700e-03 -5.0000e-05  1.9000e-04  4.0100e-03
  4622.81      2.1632  1.9300e-03  2.1600e-03 -4.0000e-05  1.4000e-04  3.9600e-03
  4621.31      2.1639  1.9300e-03  2.1400e-03 -3.0000e-05  9.0000e-05  3.9300e-03
  4619.81      2.1646  1.9300e-03  2.1300e-03 -2.0000e-05  4.0000e-05  3.9100e-03
  4618.31      2.1653  1.9300e-03  2.1100e-03  0.0000e+00  0.0000e+00  3.8900e-03
  4616.81      2.1660  1.9400e-03  2.0900e-03  0.0000e+00 -3.0000e-05  3.8900e-03
  4615.31      2.1667  1.9500e-03  2.0700e-03  1.0000e-05 -4.0000e-05  3.8900e-03
  4613.81      2.1674  1.9700e-03  2.0500e-03  1.0000e-05 -5.0000e-05  3.8900e-03
  4612.31      2.1681  1.9800e-03  2.0300e-03  0.0000e+00 -4.0000e-05  3.8800e-03
  4610.81      2.1688  2.0000e-03  2.0200e-03 -1.0000e-05 -2.0000e-05  3.8800e-03
  4609.31      2.1695  2.0100e-03  2.0100e-03 -2.0000e-05  1.0000e-05  3.8700e-03
  4607.81      2.1702  2.0300e-03  2.0100e-03 -4.0000e-05  5.0000e-05  3.8700e-03
  4606.31      2.1709  2.0400e-03  2.0100e-03 -4.0000e-05  8.0000e-05  3.8600e-03
  4604.81      2.1716  2.0500e-03  2.0100e-03 -4.0000e-05  1.0000e-04  3.8600e-03
  4603.31      2.1724  2.0600e-03  2.0100e-03 -4.0000e-05  1.1000e-04  3.8700e-03
  4601.80      2.1731  2.0600e-03  2.0200e-03 -2.0000e-05  1.3000e-04  3.8700e-03
  4600.30      2.1738  2.0700e-03  2.0200e-03 -1.0000e-05  1.2000e-04  3.9000e-03
  4598.80      2.1745  2.0700e-03  2.0300e-03  2.0000e-05  9.0000e-05  3.9100e-03
  4597.30      2.1752  2.0700e-03  2.0400e-03  5.0000e-05  7.0000e-05  3.9400e-03
  4595.80      2.1759  2.0600e-03  2.0400e-03  7.0000e-05  5.0000e-05  3.9700e-03
  4594.30      2.1766  2.0500e-03  2.0600e-03  9.0000e-05  4.0000e-05  3.9900e-03
  4592.80      2.1773  2.0400e-03  2.0700e-03  1.0000e-04  5.0000e-05  4.0000e-03
  4591.30      2.1780  2.0300e-03  2.0800e-03  1.2000e-04  6.0000e-05  4.0100e-03
  4589.80      2.1787  2.0200e-03  2.1000e-03  1.2000e-04  8.0000e-05  4.0100e-03
  4588.30      2.1795  2.0100e-03  2.1000e-03  1.2000e-04  1.1000e-04  4.0100e-03
  4586.80      2.1802  1.9900e-03  2.1200e-03  1.1000e-04  1.4000e-04  4.0000e-03
  4585.30      2.1809  1.9800e-03  2.1300e-03  1.0000e-04  1.6000e-04  3.9900e-03
  4583.80      2.1816  1.9600e-03  2.1300e-03  8.0000e-05  1.7000e-04  3.9700e-03
  4582.30      2.1823  1.9500e-03  2.1300e-03  7.0000e-05  1.7000e-04  3.9600e-03
  4580.80      2.1830  1.9400e-03  2.1300e-03  5.0000e-05  1.8000e-04  3.9300e-03
  4579.30      2.1837  1.9300e-03  2.1300e-03  4.0000e-05  1.8000e-04  3.9200e-03
  4577.80      2.1845  1.9300e-03  2.1300e-03  2.0000e-05  1.7000e-04  3.9100e-03
  4576.30      2.1852  1.9300e-03  2.1400e-03  0.0000e+00  1.6000e-04  3.9200e-03
  4574.80      2.1859  1.9300e-03  2.1500e-03  0.0000e+00  1.6000e-04  3.9400e-03
  4573.30      2.1866  1.9300e-03  2.1600e-03 -1.0000e-05  1.7000e-04  3.9700e-03
  4571.80      2.1873  1.9300e-03  2.1600e-03 -1.0000e-05  1.7000e-04  3.9900e-03
  4570.30      2.1880  1.9300e-03  2.1800e-03  0.0000e+00  1.9000e-04  4.0200e-03
  4568.80      2.1888  1.9300e-03  2.1900e-03  0.0000e+00  1.9000e-04  4.0400e-03
  4567.30      2.1895  1.9300e-03  2.2000e-03  2.0000e-05  1.9000e-04  4.0600e-03
  4565.80      2.1902  1.9200e-03  2.2100e-03  4.0000e-05  1.9000e-04  4.0600e-03
  4564.30      2.1909  1.9100e-03  2.2100e-03  6.0000e-05  1.8000e-04  4.0600e-03
  4562.80      2.1916  1.9100e-03  2.1900e-03  8.0000e-05  1.6000e-04  4.0500e-03
  4561.30      2.1924  1.9100e-03  2.1900e-03  9.0000e-05  1.6000e-04  4.0300e-03
  4559.80      2.1931  1.9100e-03  2.1700e-03  1.0000e-04  1.5000e-04  4.0200e-03
  4558.30      2.1938  1.9100e-03  2.1500e-03  9.0000e-05  1.7000e-04  4.0100e-03
  4556.80      2.1945  1.9200e-03  2.1300e-03  7.0000e-05  2.1000e-04  4.0000e-03
  4555.30      2.1952  1.9300e-03  2.1200e-03  5.0000e-05  2.6000e-04  3.9900e-03
  4553.80      2.1960  1.9500e-03  2.0900e-03  1.0000e-05  3.0000e-04  3.9700e-03
  4552.30      2.1967  1.9600e-03  2.0800e-03 -1.0000e-05  3.5000e-04  3.9600e-03
  4550.80      2.1974  1.9800e-03  2.0600e-03 -3.0000e-05  3.8000e-04  3.9400e-03
  4549.30      2.1981  2.0000e-03  2.0500e-03 -4.0000e-05  4.1000e-04  3.9300e-03
  4547.80      2.1989  2.0000e-03  2.0300e-03 -3.0000e-05  4.1000e-04  3.9100e-03
  4546.30      2.1996  2.0100e-03  2.0100e-03  0.0000e+00  4.1000e-04  3.9000e-03
  4544.80      2.2003  2.0100e-03  2.0000e-03  4.0000e-05  4.1000e-04  3.9100e-03
  4543.30      2.2010  2.0100e-03  1.9900e-03  8.0000e-05  3.9000e-04  3.9300e-03
  4541.80      2.2018  2.0100e-03  1.9900e-03  1.3000e-04  3.8000e-04  3.9700e-03
  4540.30      2.2025  2.0100e-03  1.9800e-03  1.7000e-04  3.6000e-04  4.0000e-03
  4538.80      2.2032  2.0100e-03  1.9800e-03  2.0000e-04  3.3000e-04  4.0400e-03
  4537.30      2.2040  2.0100e-03  1.9800e-03  2.2000e-04  2.9000e-04  4.0700e-03
  4535.80      2.2047  2.0100e-03  1.9800e-03  2.0000e-04  2.5000e-04  4.0800e-03
  4534.30      2.2054  2.0300e-03  1.9800e-03  1.7000e-04  2.2000e-04  4.0800e-03
  4532.80      2.2061  2.0500e-03  1.9800e-03  1.3000e-04  1.9000e-04  4.0800e-03
  4531.30      2.2069  2.0500e-03  1.9700e-03  9.0000e-05  1.8000e-04  4.0700e-03
  4529.80      2.2076  2.0700e-03  1.9600e-03  3.0000e-05  1.8000e-04  4.0500e-03
  4528.30      2.2083  2.0800e-03  1.9600e-03 -2.0000e-05  1.9000e-04  4.0400e-03
  4526.80      2.2091  2.0900e-03  1.9400e-03 -7.0000e-05  2.0000e-04  4.0200e-03
  4525.30      2.2098  2.1000e-03  1.9400e-03 -9.0000e-05  2.0000e-04  4.0000e-03
  4523.80      2.2105  2.1100e-03  1.9300e-03 -1.1000e-04  2.0000e-04  3.9600e-03
  4522.30      2.2113  2.1100e-03  1.9200e-03 -1.1000e-04  2.0000e-04  3.9300e-03
  4520.80      2.2120  2.1000e-03  1.9100e-03 -1.1000e-04  1.8000e-04  3.9000e-03
  4519.30      2.2127  2.0800e-03  1.9000e-03 -1.0000e-04  1.6000e-04  3.8700e-03
  4517.80      2.2135  2.0700e-03  1.8900e-03 -1.0000e-04  1.6000e-04  3.8500e-03
  4516.30      2.2142  2.0500e-03  1.8800e-03 -1.0000e-04  1.6000e-04  3.8500e-03
  4514.80      2.2149  2.0300e-03  1.8700e-03 -1.0000e-04  1.7000e-04  3.8500e-03
  4513.30      2.2157  2.0000e-03  1.8500e-03 -1.0000e-04  2.0000e-04  3.8500e-03
  4511.80      2.2164  1.9900e-03  1.8300e-03 -1.1000e-04  2.1000e-04  3.8400e-03
  4510.30      2.2171  1.9600e-03  1.8100e-03 -1.2000e-04  2.3000e-04  3.8200e-03
  4508.80      2.2179  1.9500e-03  1.7800e-03 -1.3000e-04  2.5000e-04  3.8000e-03
  4507.30      2.2186  1.9300e-03  1.7500e-03 -1.3000e-04  2.5000e-04  3.7800e-03
  4505.80      2.2194  1.9200e-03  1.7300e-03 -1.1000e-04  2.6000e-04  3.7600e-03
  4504.30      2.2201  1.9100e-03  1.7200e-03 -1.0000e-04  2.6000e-04  3.7600e-03
  4502.80      2.2208  1.9100e-03  1.7100e-03 -8.0000e-05  2.7000e-04  3.7700e-03
  4501.30      2.2216  1.9100e-03  1.7100e-03 -4.0000e-05  2.8000e-04  3.7900e-03
  4499.80      2.2223  1.9300e-03  1.7100e-03  0.0000e+00  3.0000e-04  3.8100e-03
  4498.30      2.2231  1.9300e-03  1.7100e-03  4.0000e-05  3.1000e-04  3.8300e-03
  4496.80      2.2238  1.9500e-03  1.7200e-03  8.0000e-05  3.0000e-04  3.8500e-03
  4495.30      2.2245  1.9700e-03  1.7300e-03  1.1000e-04  2.9000e-04  3.8500e-03
  4493.80      2.2253  1.9900e-03  1.7500e-03  1.2000e-04  2.7000e-04  3.8500e-03
  4492.30      2.2260  2.0100e-03  1.7500e-03  1.2000e-04  2.4000e-04  3.8400e-03
  4490.80      2.2268  2.0400e-03  1.7500e-03  1.2000e-04  2.1000e-04  3.8400e-03
  4489.30      2.2275  2.0600e-03  1.7400e-03  9.0000e-05  1.9000e-04  3.8100e-03
  4487.80      2.2283  2.0700e-03  1.7400e-03  6.0000e-05  2.0000e-04  3.7800e-03
  4486.30      2.2290  2.0700e-03  1.7200e-03  2.0000e-05  2.3000e-04  3.7500e-03
  4484.80      2.2298  2.0700e-03  1.7100e-03 -1.0000e-05  2.5000e-04  3.7200e-03
  4483.30      2.2305  2.0800e-03  1.7000e-03 -4.0000e-05  2.7000e-04  3.7000e-03
  4481.80      2.2312  2.0800e-03  1.6900e-03 -7.0000e-05  2.8000e-04  3.6900e-03
  4480.30      2.2320  2.0800e-03  1.6700e-03 -7.0000e-05  2.7000e-04  3.7100e-03
  4478.80      2.2327  2.0700e-03  1.6500e-03 -5.0000e-05  2.5000e-04  3.7300e-03
  4477.30      2.2335  2.0700e-03  1.6500e-03 -3.0000e-05  2.2000e-04  3.7600e-03
  4475.80      2.2342  2.0600e-03  1.6300e-03 -1.0000e-05  1.8000e-04  3.7900e-03
  4474.30      2.2350  2.0600e-03  1.6300e-03  4.0000e-05  1.5000e-04  3.7900e-03
  4472.80      2.2357  2.0500e-03  1.6200e-03  7.0000e-05  1.3000e-04  3.7800e-03
  4471.30      2.2365  2.0400e-03  1.6200e-03  1.2000e-04  1.3000e-04  3.7600e-03
  4469.79      2.2372  2.0200e-03  1.6100e-03  1.5000e-04  1.3000e-04  3.7300e-03
  4468.29      2.2380  2.0000e-03  1.6100e-03  1.8000e-04  1.3000e-04  3.7100e-03
  4466.79      2.2387  1.9700e-03  1.6100e-03  1.9000e-04  1.3000e-04  3.6800e-03
  4465.29      2.2395  1.9500e-03  1.6200e-03  1.8000e-04  1.2000e-04  3.6600e-03
  4463.79      2.2402  1.9200e-03  1.6200e-03  1.8000e-04  1.1000e-04  3.6500e-03
  4462.29      2.2410  1.8900e-03  1.6300e-03  1.6000e-04  9.0000e-05  3.6500e-03
  4460.79      2.2418  1.8500e-03  1.6300e-03  1.2000e-04  9.0000e-05  3.6600e-03
  4459.29      2.2425  1.8200e-03  1.6300e-03  8.0000e-05  7.0000e-05  3.6900e-03
  4457.79      2.2433  1.8000e-03  1.6300e-03  2.0000e-05  7.0000e-05  3.7100e-03
  4456.29      2.2440  1.7800e-03  1.6300e-03 -4.0000e-05  7.0000e-05  3.7300e-03
  4454.79      2.2448  1.7800e-03  1.6300e-03 -8.0000e-05  8.0000e-05  3.7600e-03
  4453.29      2.2455  1.7700e-03  1.6200e-03 -1.3000e-04  7.0000e-05  3.7600e-03
  4451.79      2.2463  1.7800e-03  1.6100e-03 -1.8000e-04  7.0000e-05  3.7600e-03
  4450.29      2.2470  1.7900e-03  1.6100e-03 -2.1000e-04  6.0000e-05  3.7500e-03
  4448.79      2.2478  1.8100e-03  1.6100e-03 -2.4000e-04  4.0000e-05  3.7500e-03
  4447.29      2.2486  1.8400e-03  1.6100e-03 -2.4000e-04  3.0000e-05  3.7500e-03
  4445.79      2.2493  1.8800e-03  1.6200e-03 -2.3000e-04  2.0000e-05  3.7500e-03
  4444.29      2.2501  1.9200e-03  1.6200e-03 -2.3000e-04  1.0000e-05  3.7500e-03
  4442.79      2.2508  1.9500e-03  1.6300e-03 -2.1000e-04  2.0000e-05  3.7700e-03
  4441.29      2.2516  1.9800e-03  1.6300e-03 -2.0000e-04  4.0000e-05  3.7800e-03
  4439.79      2.2524  2.0200e-03  1.6400e-03 -1.8000e-04  7.0000e-05  3.8000e-03
  4438.29      2.2531  2.0500e-03  1.6400e-03 -1.6000e-04  1.1000e-04  3.8200e-03
  4436.79      2.2539  2.0600e-03  1.6400e-03 -1.5000e-04  1.4000e-04  3.8200e-03
  4435.29      2.2546  2.0800e-03  1.6300e-03 -1.6000e-04  1.7000e-04  3.8200e-03
  4433.79      2.2554  2.0800e-03  1.6300e-03 -1.6000e-04  1.9000e-04  3.8100e-03
  4432.29      2.2562  2.0600e-03  1.6300e-03 -1.8000e-04  2.0000e-04  3.8000e-03
  4430.79      2.2569  2.0600e-03  1.6200e-03 -1.8000e-04  2.0000e-04  3.8000e-03
  4429.29      2.2577  2.0400e-03  1.6100e-03 -2.0000e-04  1.9000e-04  3.7900e-03
  4427.79      2.2585  2.0300e-03  1.6000e-03 -2.1000e-04  1.7000e-04  3.7900e-03
  4426.29      2.2592  2.0000e-03  1.5800e-03 -2.2000e-04  1.5000e-04  3.7900e-03
  4424.79      2.2600  1.9700e-03  1.5500e-03 -2.2000e-04  1.2000e-04  3.7800e-03
  4423.29      2.2608  1.9400e-03  1.5300e-03 -2.1000e-04  1.0000e-04  3.7800e-03
  4421.79      2.2615  1.9100e-03  1.5100e-03 -1.9000e-04  8.0000e-05  3.7700e-03
  4420.29      2.2623  1.8700e-03  1.4900e-03 -1.7000e-04  7.0000e-05  3.7600e-03
  4418.79      2.2631  1.8500e-03  1.4800e-03 -1.3000e-04  8.0000e-05  3.7300e-03
  4417.29      2.2638  1.8200e-03  1.4800e-03 -1.1000e-04  1.0000e-04  3.7200e-03
  4415.79      2.2646  1.8000e-03  1.4800e-03 -8.0000e-05  1.3000e-04  3.7100e-03
  4414.29      2.2654  1.7900e-03  1.4900e-03 -7.0000e-05  1.6000e-04  3.7100e-03
  4412.79      2.2661  1.7700e-03  1.5100e-03 -5.0000e-05  1.9000e-04  3.7300e-03
  4411.29      2.2669  1.7600e-03  1.5400e-03 -5.0000e-05  2.2000e-04  3.7500e-03
  4409.79      2.2677  1.7600e-03  1.5500e-03 -5.0000e-05  2.4000e-04  3.7800e-03
  4408.29      2.2685  1.7800e-03  1.5700e-03 -7.0000e-05  2.5000e-04  3.8100e-03
  4406.79      2.2692  1.7900e-03  1.5700e-03 -9.0000e-05  2.5000e-04  3.8100e-03
  4405.29      2.2700  1.8100e-03  1.5600e-03 -1.3000e-04  2.4000e-04  3.8100e-03
  4403.79      2.2708  1.8200e-03  1.5300e-03 -1.5000e-04  2.1000e-04  3.8000e-03
  4402.29      2.2715  1.8400e-03  1.5000e-03 -1.7000e-04  1.8000e-04  3.7800e-03
  4400.79      2.2723  1.8400e-03  1.4700e-03 -1.8000e-04  1.4000e-04  3.7500e-03
  4399.29      2.2731  1.8400e-03  1.4400e-03 -2.0000e-04  9.0000e-05  3.7300e-03
  4397.79      2.2739  1.8300e-03  1.4000e-03 -2.1000e-04  4.0000e-05  3.7000e-03
  4396.29      2.2746  1.8200e-03  1.3700e-03 -2.2000e-04  1.0000e-05  3.6700e-03
  4394.79      2.2754  1.7900e-03  1.3300e-03 -2.3000e-04 -1.0000e-05  3.6400e-03
  4393.29      2.2762  1.7500e-03  1.3200e-03 -2.4000e-04 -1.0000e-05  3.6100e-03
  4391.79      2.2770  1.7100e-03  1.3000e-03 -2.6000e-04  1.0000e-05  3.6000e-03
  4390.29      2.2778  1.6800e-03  1.3000e-03 -2.7000e-04  4.0000e-05  3.6000e-03
  4388.79      2.2785  1.6400e-03  1.2900e-03 -2.9000e-04  8.0000e-05  3.6100e-03
  4387.29      2.2793  1.6100e-03  1.2800e-03 -3.0000e-04  1.1000e-04  3.6300e-03
  4385.79      2.2801  1.5900e-03  1.2800e-03 -3.0000e-04  1.2000e-04  3.6400e-03
  4384.29      2.2809  1.5600e-03  1.2800e-03 -2.9000e-04  1.1000e-04  3.6600e-03
  4382.79      2.2817  1.5400e-03  1.2800e-03 -2.8000e-04  1.0000e-04  3.6700e-03
  4381.29      2.2824  1.5300e-03  1.2800e-03 -2.6000e-04  7.0000e-05  3.6800e-03
  4379.79      2.2832  1.5300e-03  1.2700e-03 -2.4000e-04  3.0000e-05  3.6900e-03
  4378.29      2.2840  1.5300e-03  1.2600e-03 -2.3000e-04 -2.0000e-05  3.7000e-03
  4376.79      2.2848  1.5300e-03  1.2500e-03 -2.2000e-04 -5.0000e-05  3.7000e-03
  4375.29      2.2856  1.5300e-03  1.2400e-03 -2.3000e-04 -7.0000e-05  3.6900e-03
  4373.79      2.2863  1.5300e-03  1.2400e-03 -2.5000e-04 -9.0000e-05  3.6800e-03
  4372.29      2.2871  1.5300e-03  1.2200e-03 -2.6000e-04 -1.0000e-04  3.6500e-03
  4370.79      2.2879  1.5300e-03  1.2100e-03 -2.8000e-04 -9.0000e-05  3.6300e-03
  4369.29      2.2887  1.5300e-03  1.2000e-03 -2.9000e-04 -8.0000e-05  3.6100e-03
  4367.79      2.2895  1.5300e-03  1.1800e-03 -2.9000e-04 -5.0000e-05  3.5800e-03
  4366.29      2.2903  1.5300e-03  1.1800e-03 -2.9000e-04 -4.0000e-05  3.5700e-03
  4364.79      2.2911  1.5300e-03  1.1700e-03 -2.8000e-04 -2.0000e-05  3.5500e-03
  4363.29      2.2919  1.5200e-03  1.1600e-03 -2.6000e-04 -1.0000e-05  3.5400e-03
  4361.79      2.2926  1.5200e-03  1.1500e-03 -2.3000e-04  1.0000e-05  3.5200e-03
  4360.29      2.2934  1.5100e-03  1.1600e-03 -2.1000e-04  2.0000e-05  3.5100e-03
  4358.79      2.2942  1.5100e-03  1.1600e-03 -2.0000e-04  3.0000e-05  3.5100e-03
  4357.29      2.2950  1.5000e-03  1.1800e-03 -1.9000e-04  4.0000e-05  3.5200e-03
  4355.79      2.2958  1.5000e-03  1.1900e-03 -1.9000e-04  5.0000e-05  3.5300e-03
  4354.29      2.2966  1.5100e-03  1.2000e-03 -1.8000e-04  7.0000e-05  3.5500e-03
  4352.79      2.2974  1.5100e-03  1.2100e-03 -1.7000e-04  9.0000e-05  3.5700e-03
  4351.29      2.2982  1.5200e-03  1.2200e-03 -1.8000e-04  1.0000e-04  3.6000e-03
  4349.79      2.2990  1.5300e-03  1.2300e-03 -1.8000e-04  1.0000e-04  3.6100e-03
  4348.29      2.2998  1.5300e-03  1.2300e-03 -1.9000e-04  1.0000e-04  3.6100e-03
  4346.79      2.3006  1.5400e-03  1.2200e-03 -2.0000e-04  8.0000e-05  3.6000e-03
  4345.29      2.3013  1.5400e-03  1.1900e-03 -2.1000e-04  7.0000e-05  3.5900e-03
  4343.79      2.3021  1.5300e-03  1.1600e-03 -2.2000e-04  4.0000e-05  3.5800e-03
  4342.29      2.3029  1.5300e-03  1.1300e-03 -2.3000e-04  2.0000e-05  3.5900e-03
  4340.79      2.3037  1.5100e-03  1.1000e-03 -2.5000e-04 -1.0000e-05  3.6100e-03
  4339.29      2.3045  1.4900e-03  1.0600e-03 -2.6000e-04 -2.0000e-05  3.6500e-03
  4337.79      2.3053  1.4700e-03  1.0300e-03 -2.6000e-04 -2.0000e-05  3.6800e-03
  4336.29      2.3061  1.4600e-03  1.0000e-03 -2.6000e-04 -1.0000e-05  3.7100e-03
  4334.79      2.3069  1.4600e-03  9.8000e-04 -2.6000e-04  0.0000e+00  3.7100e-03
  4333.28      2.3077  1.4600e-03  9.6000e-04 -2.5000e-04  2.0000e-05  3.7100e-03
  4331.78      2.3085  1.4600e-03  9.6000e-04 -2.5000e-04  2.0000e-05  3.6800e-03
  4330.28      2.3093  1.4800e-03  9.6000e-04 -2.4000e-04  2.0000e-05  3.6500e-03
  4328.78      2.3101  1.4900e-03  9.7000e-04 -2.4000e-04  2.0000e-05  3.6300e-03
  4327.28      2.3109  1.5100e-03  9.9000e-04 -2.4000e-04  1.0000e-05  3.6200e-03
  4325.78      2.3117  1.5200e-03  1.0000e-03 -2.3000e-04  0.0000e+00  3.6200e-03
  4324.28      2.3125  1.5300e-03  1.0200e-03 -2.2000e-04 -1.0000e-05  3.6500e-03
  4322.78      2.3133  1.5400e-03  1.0400e-03 -2.1000e-04 -1.0000e-05  3.6800e-03
  4321.28      2.3141  1.5300e-03  1.0700e-03 -2.0000e-04 -2.0000e-05  3.7300e-03
  4319.78      2.3149  1.5200e-03  1.0900e-03 -1.9000e-04 -2.0000e-05  3.7800e-03
  4318.28      2.3157  1.4900e-03  1.1000e-03 -1.9000e-04 -2.0000e-05  3.8200e-03
  4316.78      2.3165  1.4700e-03  1.1100e-03 -2.1000e-04 -3.0000e-05  3.8500e-03
  4315.28      2.3173  1.4300e-03  1.1200e-03 -2.4000e-04 -4.0000e-05  3.8700e-03
  4313.78      2.3182  1.4000e-03  1.1300e-03 -2.8000e-04 -6.0000e-05  3.8700e-03
  4312.28      2.3190  1.3800e-03  1.1300e-03 -3.4000e-04 -6.0000e-05  3.8700e-03
  4310.78      2.3198  1.3600e-03  1.1300e-03 -3.9000e-04 -8.0000e-05  3.8600e-03
  4309.28      2.3206  1.3500e-03  1.1300e-03 -4.3000e-04 -8.0000e-05  3.8500e-03
  4307.78      2.3214  1.3400e-03  1.1200e-03 -4.5000e-04 -7.0000e-05  3.8400e-03
  4306.28      2.3222  1.3500e-03  1.1200e-03 -4.6000e-04 -5.0000e-05  3.8300e-03
  4304.78      2.3230  1.3500e-03  1.1100e-03 -4.5000e-04 -4.0000e-05  3.8200e-03
  4303.28      2.3238  1.3700e-03  1.1000e-03 -4.2000e-04 -1.0000e-05  3.8200e-03
  4301.78      2.3246  1.3800e-03  1.1000e-03 -3.6000e-04  1.0000e-05  3.8100e-03
  4300.28      2.3254  1.4000e-03  1.0900e-03 -3.2000e-04  5.0000e-05  3.8100e-03
  4298.78      2.3262  1.4100e-03  1.0800e-03 -2.8000e-04  6.0000e-05  3.8000e-03
  4297.28      2.3271  1.4200e-03  1.0800e-03 -2.5000e-04  8.0000e-05  3.7900e-03
  4295.78      2.3279  1.4200e-03  1.0800e-03 -2.4000e-04  9.0000e-05  3.7900e-03
  4294.28      2.3287  1.4200e-03  1.0800e-03 -2.3000e-04  1.0000e-04  3.7800e-03
  4292.78      2.3295  1.4100e-03  1.0800e-03 -2.3000e-04  1.1000e-04  3.7800e-03
  4291.28      2.3303  1.4000e-03  1.0800e-03 -2.5000e-04  1.1000e-04  3.7800e-03
  4289.78      2.3311  1.3900e-03  1.0900e-03 -2.8000e-04  1.1000e-04  3.7800e-03
  4288.28      2.3319  1.3800e-03  1.0900e-03 -2.9000e-04  1.1000e-04  3.7700e-03
  4286.78      2.3328  1.3500e-03  1.0900e-03 -2.9000e-04  1.1000e-04  3.7500e-03
  4285.28      2.3336  1.3300e-03  1.0900e-03 -2.9000e-04  1.0000e-04  3.7100e-03
  4283.78      2.3344  1.3000e-03  1.0900e-03 -2.7000e-04  9.0000e-05  3.6800e-03
  4282.28      2.3352  1.2800e-03  1.0900e-03 -2.6000e-04  8.0000e-05  3.6600e-03
  4280.78      2.3360  1.2500e-03  1.0900e-03 -2.3000e-04  5.0000e-05  3.6600e-03
  4279.28      2.3368  1.2100e-03  1.1000e-03 -2.1000e-04  3.0000e-05  3.6700e-03
  4277.78      2.3377  1.1800e-03  1.1000e-03 -2.0000e-04  1.0000e-05  3.7100e-03
  4276.28      2.3385  1.1500e-03  1.1100e-03 -1.9000e-04 -1.0000e-05  3.7400e-03
  4274.78      2.3393  1.1300e-03  1.1100e-03 -1.9000e-04 -2.0000e-05  3.7600e-03
  4273.28      2.3401  1.1100e-03  1.1200e-03 -2.1000e-04 -1.0000e-05  3.7600e-03
  4271.78      2.3409  1.1100e-03  1.1200e-03 -2.2000e-04  0.0000e+00  3.7500e-03
  4270.28      2.3418  1.1000e-03  1.1300e-03 -2.5000e-04  4.0000e-05  3.7300e-03
  4268.78      2.3426  1.1000e-03  1.1400e-03 -2.7000e-04  9.0000e-05  3.7100e-03
  4267.28      2.3434  1.1100e-03  1.1500e-03 -2.9000e-04  1.5000e-04  3.6900e-03
  4265.78      2.3442  1.1300e-03  1.1500e-03 -3.1000e-04  2.2000e-04  3.6900e-03
  4264.28      2.3451  1.1600e-03  1.1600e-03 -3.2000e-04  2.7000e-04  3.7100e-03
  4262.78      2.3459  1.1900e-03  1.1700e-03 -3.3000e-04  3.3000e-04  3.7400e-03
  4261.28      2.3467  1.2200e-03  1.1700e-03 -3.3000e-04  3.7000e-04  3.7600e-03
  4259.78      2.3475  1.2400e-03  1.1800e-03 -3.4000e-04  4.0000e-04  3.8000e-03
  4258.28      2.3484  1.2500e-03  1.1800e-03 -3.5000e-04  4.0000e-04  3.8300e-03
  4256.78      2.3492  1.2600e-03  1.1900e-03 -3.6000e-04  3.7000e-04  3.8500e-03
  4255.28      2.3500  1.2700e-03  1.2000e-03 -3.7000e-04  3.4000e-04  3.8600e-03
  4253.78      2.3509  1.2600e-03  1.2100e-03 -3.9000e-04  3.1000e-04  3.8600e-03
  4252.28      2.3517  1.2500e-03  1.2100e-03 -4.1000e-04  2.6000e-04  3.8600e-03
  4250.78      2.3525  1.2300e-03  1.2100e-03 -4.1000e-04  2.2000e-04  3.8500e-03
  4249.28      2.3533  1.2000e-03  1.2000e-03 -4.0000e-04  1.7000e-04  3.8300e-03
  4247.78      2.3542  1.1600e-03  1.2000e-03 -3.8000e-04  1.3000e-04  3.8300e-03
  4246.28      2.3550  1.1300e-03  1.1700e-03 -3.4000e-04  9.0000e-05  3.8100e-03
  4244.78      2.3558  1.1000e-03  1.1600e-03 -2.9000e-04  6.0000e-05  3.8000e-03
  4243.28      2.3567  1.0800e-03  1.1300e-03 -2.4000e-04  3.0000e-05  3.7900e-03
  4241.78      2.3575  1.0600e-03  1.1100e-03 -2.0000e-04  1.0000e-05  3.7800e-03
  4240.28      2.3583  1.0400e-03  1.0800e-03 -1.6000e-04  1.0000e-05  3.7600e-03
  4238.78      2.3592  1.0100e-03  1.0600e-03 -1.3000e-04  2.0000e-05  3.7400e-03
  4237.28      2.3600  1.0000e-03  1.0400e-03 -1.1000e-04  5.0000e-05  3.7400e-03
  4235.78      2.3608  9.9000e-04  1.0200e-03 -1.1000e-04  8.0000e-05  3.7300e-03
  4234.28      2.3617  9.8000e-04  1.0100e-03 -1.1000e-04  1.1000e-04  3.7300e-03
  4232.78      2.3625  9.7000e-04  9.9000e-04 -1.3000e-04  1.4000e-04  3.7400e-03
  4231.28      2.3634  9.6000e-04  9.8000e-04 -1.3000e-04  1.5000e-04  3.7600e-03
  4229.78      2.3642  9.5000e-04  9.6000e-04 -1.5000e-04  1.6000e-04  3.7900e-03
  4228.28      2.3650  9.5000e-04  9.6000e-04 -1.6000e-04  1.5000e-04  3.8300e-03
  4226.78      2.3659  9.5000e-04  9.5000e-04 -1.8000e-04  1.4000e-04  3.8800e-03
  4225.28      2.3667  9.6000e-04  9.5000e-04 -1.9000e-04  1.3000e-04  3.9300e-03
  4223.78      2.3675  9.7000e-04  9.5000e-04 -2.0000e-04  1.3000e-04  3.9600e-03
  4222.28      2.3684  9.8000e-04  9.6000e-04 -2.1000e-04  1.4000e-04  3.9900e-03
  4220.78      2.3692  9.9000e-04  9.6000e-04 -2.1000e-04  1.6000e-04  3.9900e-03
  4219.28      2.3701  1.0100e-03  9.8000e-04 -2.1000e-04  2.1000e-04  3.9800e-03
  4217.78      2.3709  1.0300e-03  1.0000e-03 -2.0000e-04  2.6000e-04  3.9700e-03
  4216.28      2.3718  1.0500e-03  1.0200e-03 -1.9000e-04  3.2000e-04  3.9500e-03
  4214.78      2.3726  1.0600e-03  1.0300e-03 -1.8000e-04  3.5000e-04  3.9200e-03
  4213.28      2.3735  1.0800e-03  1.0500e-03 -1.6000e-04  3.8000e-04  3.9100e-03
  4211.78      2.3743  1.1000e-03  1.0700e-03 -1.4000e-04  3.8000e-04  3.9100e-03
  4210.28      2.3751  1.1100e-03  1.0800e-03 -1.3000e-04  3.6000e-04  3.9100e-03
  4208.78      2.3760  1.1300e-03  1.0900e-03 -1.3000e-04  3.2000e-04  3.9100e-03
  4207.28      2.3768  1.1500e-03  1.0900e-03 -1.4000e-04  2.6000e-04  3.9100e-03
  4205.78      2.3777  1.1700e-03  1.1000e-03 -1.7000e-04  2.0000e-04  3.8900e-03
  4204.28      2.3785  1.1800e-03  1.1000e-03 -1.9000e-04  1.4000e-04  3.8700e-03
  4202.78      2.3794  1.2100e-03  1.1100e-03 -2.2000e-04  1.0000e-04  3.8500e-03
  4201.27      2.3802  1.2200e-03  1.1200e-03 -2.3000e-04  7.0000e-05  3.8300e-03
  4199.77      2.3811  1.2400e-03  1.1200e-03 -2.6000e-04  8.0000e-05  3.8200e-03
  4198.27      2.3819  1.2600e-03  1.1200e-03 -2.7000e-04  1.1000e-04  3.8100e-03
  4196.77      2.3828  1.2700e-03  1.1200e-03 -2.7000e-04  1.4000e-04  3.8100e-03
  4195.27      2.3836  1.2700e-03  1.1100e-03 -2.5000e-04  1.8000e-04  3.8300e-03
  4193.77      2.3845  1.2700e-03  1.1100e-03 -2.3000e-04  2.3000e-04  3.8400e-03
  4192.27      2.3853  1.2700e-03  1.1000e-03 -1.9000e-04  2.5000e-04  3.8800e-03
  4190.77      2.3862  1.2600e-03  1.1000e-03 -1.7000e-04  2.7000e-04  3.9500e-03
  4189.27      2.3870  1.2500e-03  1.0900e-03 -1.5000e-04  2.7000e-04  4.0200e-03
  4187.77      2.3879  1.2400e-03  1.0800e-03 -1.4000e-04  2.7000e-04  4.1100e-03
  4186.27      2.3888  1.2300e-03  1.0700e-03 -1.5000e-04  2.6000e-04  4.1800e-03
  4184.77      2.3896  1.2200e-03  1.0500e-03 -1.6000e-04  2.5000e-04  4.2300e-03
  4183.27      2.3905  1.2200e-03  1.0500e-03 -1.9000e-04  2.5000e-04  4.2600e-03
  4181.77      2.3913  1.2100e-03  1.0500e-03 -2.2000e-04  2.3000e-04  4.2600e-03
  4180.27      2.3922  1.2100e-03  1.0400e-03 -2.5000e-04  2.2000e-04  4.2500e-03
  4178.77      2.3930  1.2200e-03  1.0300e-03 -2.7000e-04  2.1000e-04  4.2400e-03
  4177.27      2.3939  1.2200e-03  1.0300e-03 -2.6000e-04  2.1000e-04  4.2400e-03
  4175.77      2.3948  1.2200e-03  1.0200e-03 -2.3000e-04  2.1000e-04  4.2300e-03
  4174.27      2.3956  1.2200e-03  1.0200e-03 -2.0000e-04  2.1000e-04  4.2300e-03
  4172.77      2.3965  1.2200e-03  1.0200e-03 -1.5000e-04  2.3000e-04  4.2300e-03
  4171.27      2.3973  1.2200e-03  1.0200e-03 -1.0000e-04  2.5000e-04  4.2100e-03
  4169.77      2.3982  1.2200e-03  1.0100e-03 -6.0000e-05  2.8000e-04  4.2000e-03
  4168.27      2.3991  1.2200e-03  1.0100e-03 -2.0000e-05  3.0000e-04  4.1800e-03
  4166.77      2.3999  1.2300e-03  1.0100e-03  0.0000e+00  3.2000e-04  4.1700e-03
  4165.27      2.4008  1.2500e-03  1.0000e-03  2.0000e-05  3.4000e-04  4.1500e-03
  4163.77      2.4017  1.2600e-03  1.0000e-03  2.0000e-05  3.5000e-04  4.1400e-03
  4162.27      2.4025  1.2800e-03  1.0000e-03  0.0000e+00  3.5000e-04  4.1300e-03
  4160.77      2.4034  1.3000e-03  9.8000e-04 -2.0000e-05  3.4000e-04  4.1300e-03
  4159.27      2.4043  1.3300e-03  9.8000e-04 -4.0000e-05  3.3000e-04  4.1400e-03
  4157.77      2.4051  1.3600e-03  9.6000e-04 -6.0000e-05  3.2000e-04  4.1500e-03
  4156.27      2.4060  1.3900e-03  9.5000e-04 -7.0000e-05  3.1000e-04  4.1800e-03
  4154.77      2.4069  1.4100e-03  9.4000e-04 -9.0000e-05  3.0000e-04  4.2100e-03
  4153.27      2.4077  1.4200e-03  9.3000e-04 -9.0000e-05  2.9000e-04  4.2300e-03
  4151.77      2.4086  1.4400e-03  9.2000e-04 -1.0000e-04  2.9000e-04  4.2500e-03
  4150.27      2.4095  1.4500e-03  9.1000e-04 -1.0000e-04  3.0000e-04  4.2500e-03
  4148.77      2.4104  1.4700e-03  9.0000e-04 -1.0000e-04  3.1000e-04  4.2500e-03
  4147.27      2.4112  1.4700e-03  8.9000e-04 -1.0000e-04  3.3000e-04  4.2300e-03
  4145.77      2.4121  1.4700e-03  8.9000e-04 -9.0000e-05  3.7000e-04  4.2300e-03
  4144.27      2.4130  1.4500e-03  8.8000e-04 -8.0000e-05  4.1000e-04  4.2100e-03
  4142.77      2.4138  1.4500e-03  8.7000e-04 -7.0000e-05  4.5000e-04  4.2000e-03
  4141.27      2.4147  1.4300e-03  8.7000e-04 -7.0000e-05  4.9000e-04  4.1800e-03
  4139.77      2.4156  1.4300e-03  8.7000e-04 -7.0000e-05  5.2000e-04  4.1600e-03
  4138.27      2.4165  1.4200e-03  8.8000e-04 -7.0000e-05  5.4000e-04  4.1300e-03
  4136.77      2.4173  1.4100e-03  8.9000e-04 -8.0000e-05  5.4000e-04  4.1100e-03
  4135.27      2.4182  1.4100e-03  9.1000e-04 -9.0000e-05  5.2000e-04  4.1100e-03
  4133.77      2.4191  1.4100e-03  9.2000e-04 -9.0000e-05  5.0000e-04  4.1300e-03
  4132.27      2.4200  1.4100e-03  9.5000e-04 -9.0000e-05  4.7000e-04  4.1600e-03
  4130.77      2.4209  1.4300e-03  9.7000e-04 -8.0000e-05  4.4000e-04  4.2100e-03
  4129.27      2.4217  1.4400e-03  9.9000e-04 -7.0000e-05  4.2000e-04  4.2500e-03
  4127.77      2.4226  1.4700e-03  1.0100e-03 -5.0000e-05  4.0000e-04  4.2800e-03
  4126.27      2.4235  1.4800e-03  1.0300e-03 -3.0000e-05  3.9000e-04  4.3000e-03
  4124.77      2.4244  1.5000e-03  1.0500e-03  0.0000e+00  3.9000e-04  4.3000e-03
  4123.27      2.4253  1.5000e-03  1.0600e-03  1.0000e-05  3.9000e-04  4.2900e-03
  4121.77      2.4261  1.5100e-03  1.0700e-03  3.0000e-05  4.0000e-04  4.2700e-03
  4120.27      2.4270  1.5100e-03  1.0700e-03  3.0000e-05  4.1000e-04  4.2600e-03
  4118.77      2.4279  1.5200e-03  1.0700e-03  2.0000e-05  4.3000e-04  4.2600e-03
  4117.27      2.4288  1.5100e-03  1.0700e-03  1.0000e-05  4.6000e-04  4.2600e-03
  4115.77      2.4297  1.5000e-03  1.0700e-03  0.0000e+00  4.9000e-04  4.2900e-03
  4114.27      2.4306  1.4800e-03  1.0600e-03  0.0000e+00  5.1000e-04  4.3100e-03
  4112.77      2.4315  1.4700e-03  1.0600e-03  0.0000e+00  5.2000e-04  4.3400e-03
  4111.27      2.4323  1.4400e-03  1.0500e-03  0.0000e+00  5.3000e-04  4.3800e-03
  4109.77      2.4332  1.4300e-03  1.0500e-03  0.0000e+00  5.2000e-04  4.3900e-03
  4108.27      2.4341  1.4100e-03  1.0500e-03  0.0000e+00  5.0000e-04  4.4100e-03
  4106.77      2.4350  1.3900e-03  1.0500e-03  1.0000e-05  5.0000e-04  4.4100e-03
  4105.27      2.4359  1.3900e-03  1.0500e-03  2.0000e-05  4.9000e-04  4.4000e-03
  4103.77      2.4368  1.3900e-03  1.0500e-03  1.0000e-05  5.0000e-04  4.3800e-03
  4102.27      2.4377  1.4000e-03  1.0500e-03  0.0000e+00  5.0000e-04  4.3700e-03
  4100.77      2.4386  1.4100e-03  1.0600e-03 -3.0000e-05  5.2000e-04  4.3700e-03
  4099.27      2.4395  1.4300e-03  1.0600e-03 -5.0000e-05  5.3000e-04  4.3700e-03
  4097.77      2.4404  1.4600e-03  1.0800e-03 -8.0000e-05  5.4000e-04  4.3900e-03
  4096.27      2.4412  1.4800e-03  1.0800e-03 -8.0000e-05  5.5000e-04  4.4100e-03
  4094.77      2.4421  1.5100e-03  1.0800e-03 -1.0000e-04  5.4000e-04  4.4300e-03
  4093.27      2.4430  1.5400e-03  1.0800e-03 -1.0000e-04  5.4000e-04  4.4600e-03
  4091.77      2.4439  1.5600e-03  1.0800e-03 -8.0000e-05  5.4000e-04  4.4700e-03
  4090.27      2.4448  1.5900e-03  1.0900e-03 -4.0000e-05  5.5000e-04  4.4900e-03
  4088.77      2.4457  1.6100e-03  1.0800e-03  0.0000e+00  5.4000e-04  4.4900e-03
  4087.27      2.4466  1.6400e-03  1.0800e-03  7.0000e-05  5.3000e-04  4.5100e-03
  4085.77      2.4475  1.6600e-03  1.0800e-03  1.5000e-04  5.2000e-04  4.5100e-03
  4084.27      2.4484  1.6900e-03  1.0700e-03  2.0000e-04  5.0000e-04  4.5200e-03
  4082.77      2.4493  1.7100e-03  1.0800e-03  2.5000e-04  4.9000e-04  4.5200e-03
  4081.27      2.4502  1.7400e-03  1.0800e-03  2.9000e-04  4.8000e-04  4.5200e-03
  4079.77      2.4511  1.7600e-03  1.0900e-03  3.1000e-04  4.8000e-04  4.5200e-03
  4078.27      2.4520  1.7900e-03  1.1000e-03  3.1000e-04  4.8000e-04  4.5000e-03
  4076.77      2.4529  1.8100e-03  1.1000e-03  2.9000e-04  5.1000e-04  4.4800e-03
  4075.27      2.4538  1.8200e-03  1.1000e-03  2.6000e-04  5.3000e-04  4.4700e-03
  4073.77      2.4547  1.8300e-03  1.1000e-03  2.3000e-04  5.5000e-04  4.4600e-03
  4072.27      2.4556  1.8300e-03  1.1000e-03  2.0000e-04  5.6000e-04  4.4600e-03
  4070.77      2.4565  1.8300e-03  1.0900e-03  1.9000e-04  5.7000e-04  4.4800e-03
  4069.27      2.4574  1.8300e-03  1.0800e-03  1.9000e-04  5.7000e-04  4.4900e-03
  4067.77      2.4584  1.8300e-03  1.0600e-03  2.0000e-04  5.6000e-04  4.5200e-03
  4066.26      2.4593  1.8100e-03  1.0500e-03  2.1000e-04  5.5000e-04  4.5400e-03
  4064.76      2.4602  1.8100e-03  1.0300e-03  2.4000e-04  5.3000e-04  4.5600e-03
  4063.26      2.4611  1.8000e-03  1.0100e-03  2.7000e-04  5.2000e-04  4.5800e-03
  4061.76      2.4620  1.8000e-03  1.0000e-03  3.1000e-04  5.2000e-04  4.5900e-03
  4060.26      2.4629  1.8100e-03  1.0000e-03  3.4000e-04  5.1000e-04  4.5900e-03
  4058.76      2.4638  1.8100e-03  1.0000e-03  3.7000e-04  5.0000e-04  4.5900e-03
  4057.26      2.4647  1.8400e-03  1.0000e-03  3.9000e-04  4.8000e-04  4.6000e-03
  4055.76      2.4656  1.8600e-03  1.0100e-03  3.9000e-04  4.7000e-04  4.6100e-03
  4054.26      2.4665  1.8900e-03  1.0200e-03  3.9000e-04  4.6000e-04  4.6200e-03
  4052.76      2.4675  1.9200e-03  1.0400e-03  3.8000e-04  4.6000e-04  4.6300e-03
  4051.26      2.4684  1.9600e-03  1.0600e-03  3.6000e-04  4.6000e-04  4.6500e-03
  4049.76      2.4693  2.0100e-03  1.0800e-03  3.3000e-04  4.8000e-04  4.6500e-03
  4048.26      2.4702  2.0500e-03  1.0900e-03  3.0000e-04  4.9000e-04  4.6500e-03
  4046.76      2.4711  2.0900e-03  1.1000e-03  2.6000e-04  5.3000e-04  4.6400e-03
  4045.26      2.4720  2.1400e-03  1.1000e-03  2.4000e-04  5.8000e-04  4.6400e-03
  4043.76      2.4729  2.1700e-03  1.1000e-03  2.1000e-04  6.1000e-04  4.6300e-03
  4042.26      2.4739  2.2000e-03  1.0900e-03  2.1000e-04  6.6000e-04  4.6300e-03
  4040.76      2.4748  2.2300e-03  1.0800e-03  2.0000e-04  6.9000e-04  4.6500e-03
  4039.26      2.4757  2.2500e-03  1.0700e-03  2.0000e-04  7.0000e-04  4.6600e-03
  4037.76      2.4766  2.2800e-03  1.0500e-03  2.2000e-04  7.2000e-04  4.6900e-03
  4036.26      2.4775  2.3000e-03  1.0300e-03  2.4000e-04  7.1000e-04  4.7100e-03
  4034.76      2.4785  2.3200e-03  1.0300e-03  2.6000e-04  7.0000e-04  4.7200e-03
  4033.26      2.4794  2.3400e-03  1.0200e-03  2.8000e-04  6.8000e-04  4.7300e-03
  4031.76      2.4803  2.3500e-03  1.0100e-03  3.2000e-04  6.8000e-04  4.7200e-03
  4030.26      2.4812  2.3800e-03  1.0100e-03  3.5000e-04  6.6000e-04  4.7000e-03
  4028.76      2.4822  2.4000e-03  1.0000e-03  3.7000e-04  6.6000e-04  4.6700e-03
  4027.26      2.4831  2.4200e-03  9.9000e-04  4.0000e-04  6.6000e-04  4.6500e-03
  4025.76      2.4840  2.4400e-03  9.9000e-04  4.2000e-04  6.6000e-04  4.6300e-03
  4024.26      2.4849  2.4400e-03  9.9000e-04  4.4000e-04  6.6000e-04  4.6400e-03
  4022.76      2.4859  2.4500e-03  9.8000e-04  4.6000e-04  6.7000e-04  4.6600e-03
  4021.26      2.4868  2.4500e-03  9.7000e-04  4.6000e-04  6.7000e-04  4.6800e-03
  4019.76      2.4877  2.4600e-03  9.5000e-04  4.7000e-04  6.7000e-04  4.7100e-03
  4018.26      2.4886  2.4600e-03  9.4000e-04  4.8000e-04  6.8000e-04  4.7500e-03
  4016.76      2.4896  2.4700e-03  9.2000e-04  4.8000e-04  6.9000e-04  4.7700e-03
  4015.26      2.4905  2.4700e-03  9.1000e-04  4.9000e-04  7.0000e-04  4.7800e-03
  4013.76      2.4914  2.4700e-03  9.0000e-04  4.9000e-04  7.1000e-04  4.7800e-03
  4012.26      2.4924  2.4800e-03  9.0000e-04  4.8000e-04  7.3000e-04  4.7700e-03
  4010.76      2.4933  2.5000e-03  8.9000e-04  4.6000e-04  7.5000e-04  4.7500e-03
  4009.26      2.4942  2.5200e-03  8.8000e-04  4.5000e-04  7.7000e-04  4.7300e-03
  4007.76      2.4952  2.5300e-03  8.8000e-04  4.4000e-04  7.9000e-04  4.7200e-03
  4006.26      2.4961  2.5400e-03  8.8000e-04  4.3000e-04  8.1000e-04  4.7300e-03
  4004.76      2.4970  2.5400e-03  8.8000e-04  4.3000e-04  8.3000e-04  4.7400e-03
  4003.26      2.4980  2.5500e-03  8.6000e-04  4.1000e-04  8.6000e-04  4.7700e-03
  4001.76      2.4989  2.5600e-03  8.6000e-04  4.1000e-04  8.8000e-04  4.7800e-03
  4000.26      2.4998  2.5900e-03  8.5000e-04  4.3000e-04  8.9000e-04  4.7900e-03
  3998.76      2.5008  2.6000e-03  8.5000e-04  4.5000e-04  9.0000e-04  4.8000e-03
  3997.26      2.5017  2.6300e-03  8.5000e-04  4.5000e-04  9.0000e-04  4.8000e-03
  3995.76      2.5027  2.6600e-03  8.6000e-04  4.7000e-04  8.8000e-04  4.8000e-03
  3994.26      2.5036  2.6900e-03  8.7000e-04  4.7000e-04  8.6000e-04  4.8100e-03
  3992.76      2.5045  2.7400e-03  9.0000e-04  4.9000e-04  8.3000e-04  4.8200e-03
  3991.26      2.5055  2.7900e-03  9.1000e-04  4.9000e-04  8.0000e-04  4.8300e-03
  3989.76      2.5064  2.8400e-03  9.4000e-04  4.9000e-04  7.8000e-04  4.8400e-03
  3988.26      2.5074  2.8700e-03  9.4000e-04  4.9000e-04  7.7000e-04  4.8400e-03
  3986.76      2.5083  2.9100e-03  9.5000e-04  4.9000e-04  7.6000e-04  4.8500e-03
  3985.26      2.5092  2.9300e-03  9.4000e-04  4.8000e-04  7.7000e-04  4.8700e-03
  3983.76      2.5102  2.9600e-03  9.3000e-04  4.7000e-04  7.9000e-04  4.9000e-03
  3982.26      2.5111  2.9800e-03  9.0000e-04  4.5000e-04  8.2000e-04  4.9300e-03
  3980.76      2.5121  3.0000e-03  8.8000e-04  4.5000e-04  8.2000e-04  4.9700e-03
  3979.26      2.5130  3.0200e-03  8.5000e-04  4.3000e-04  8.2000e-04  5.0000e-03
  3977.76      2.5140  3.0300e-03  8.3000e-04  4.3000e-04  8.1000e-04  5.0200e-03
  3976.26      2.5149  3.0500e-03  8.1000e-04  4.1000e-04  7.8000e-04  5.0200e-03
  3974.76      2.5159  3.0700e-03  7.9000e-04  4.1000e-04  7.6000e-04  5.0200e-03
  3973.26      2.5168  3.1000e-03  7.8000e-04  4.0000e-04  7.4000e-04  5.0000e-03
  3971.76      2.5178  3.1300e-03  7.7000e-04  4.0000e-04  7.3000e-04  4.9800e-03
  3970.26      2.5187  3.1600e-03  7.7000e-04  3.9000e-04  7.1000e-04  4.9600e-03
  3968.76      2.5197  3.1900e-03  7.6000e-04  3.8000e-04  7.1000e-04  4.9500e-03
  3967.26      2.5206  3.2200e-03  7.5000e-04  3.7000e-04  7.0000e-04  4.9500e-03
  3965.76      2.5216  3.2600e-03  7.4000e-04  3.6000e-04  7.0000e-04  4.9600e-03
  3964.26      2.5225  3.3100e-03  7.3000e-04  3.5000e-04  7.0000e-04  4.9600e-03
  3962.76      2.5235  3.3400e-03  7.0000e-04  3.3000e-04  7.0000e-04  4.9800e-03
  3961.26      2.5245  3.3700e-03  6.9000e-04  3.2000e-04  6.9000e-04  4.9800e-03
  3959.76      2.5254  3.4000e-03  6.6000e-04  2.9000e-04  6.7000e-04  5.0000e-03
  3958.26      2.5264  3.4100e-03  6.3000e-04  2.8000e-04  6.5000e-04  5.0000e-03
  3956.76      2.5273  3.4300e-03  6.0000e-04  2.5000e-04  6.3000e-04  5.0200e-03
  3955.26      2.5283  3.4400e-03  5.7000e-04  2.3000e-04  6.0000e-04  5.0400e-03
  3953.76      2.5292  3.4500e-03  5.4000e-04  2.1000e-04  5.8000e-04  5.0500e-03
  3952.26      2.5302  3.4500e-03  5.3000e-04  1.9000e-04  5.7000e-04  5.0700e-03
  3950.76      2.5312  3.4400e-03  5.3000e-04  1.9000e-04  5.7000e-04  5.0700e-03
  3949.26      2.5321  3.4400e-03  5.4000e-04  1.9000e-04  6.0000e-04  5.0800e-03
  3947.76      2.5331  3.4500e-03  5.5000e-04  2.0000e-04  6.3000e-04  5.0800e-03
  3946.26      2.5340  3.4700e-03  5.6000e-04  2.1000e-04  6.6000e-04  5.0700e-03
  3944.76      2.5350  3.4800e-03  5.6000e-04  2.3000e-04  7.0000e-04  5.0500e-03
  3943.26      2.5360  3.5000e-03  5.7000e-04  2.3000e-04  7.3000e-04  5.0200e-03
  3941.76      2.5369  3.5300e-03  5.7000e-04  2.5000e-04  7.5000e-04  4.9900e-03
  3940.26      2.5379  3.5500e-03  5.6000e-04  2.7000e-04  7.5000e-04  4.9600e-03
  3938.76      2.5389  3.6000e-03  5.3000e-04  2.8000e-04  7.3000e-04  4.9400e-03
  3937.26      2.5398  3.6500e-03  4.8000e-04  2.8000e-04  7.1000e-04  4.9400e-03
  3935.76      2.5408  3.6900e-03  4.2000e-04  2.8000e-04  6.9000e-04  4.9300e-03
  3934.26      2.5418  3.7200e-03  3.8000e-04  2.8000e-04  6.7000e-04  4.9200e-03
  3932.76      2.5427  3.7400e-03  3.5000e-04  2.8000e-04  6.5000e-04  4.9100e-03
  3931.25      2.5437  3.7700e-03  3.2000e-04  2.8000e-04  6.4000e-04  4.9000e-03
  3929.75      2.5447  3.7900e-03  3.1000e-04  2.8000e-04  6.4000e-04  4.9000e-03
  3928.25      2.5457  3.8200e-03  3.0000e-04  2.6000e-04  6.4000e-04  4.9000e-03
  3926.75      2.5466  3.8200e-03  3.0000e-04  2.6000e-04  6.4000e-04  4.9000e-03
  3925.25      2.5476  3.8200e-03  3.2000e-04  2.5000e-04  6.5000e-04  4.9000e-03
  3923.75      2.5486  3.8200e-03  3.4000e-04  2.5000e-04  6.5000e-04  4.9000e-03
  3922.25      2.5496  3.8300e-03  3.6000e-04  2.5000e-04  6.7000e-04  4.8700e-03
  3920.75      2.5505  3.8500e-03  3.6000e-04  2.4000e-04  6.7000e-04  4.8500e-03
  3919.25      2.5515  3.9100e-03  3.3000e-04  2.3000e-04  6.8000e-04  4.8200e-03
  3917.75      2.5525  3.9900e-03  2.8000e-04  2.1000e-04  6.9000e-04  4.8100e-03
  3916.25      2.5535  4.0600e-03  2.2000e-04  2.0000e-04  6.9000e-04  4.8200e-03
  3914.75      2.5544  4.1600e-03  1.3000e-04  1.5000e-04  6.9000e-04  4.8700e-03
  3913.25      2.5554  4.2500e-03  4.0000e-05  9.0000e-05  6.6000e-04  4.9600e-03
  3911.75      2.5564  4.3400e-03 -5.0000e-05  2.0000e-05  6.0000e-04  5.0400e-03
  3910.25      2.5574  4.4000e-03 -1.1000e-04 -3.0000e-05  5.4000e-04  5.1200e-03
  3908.75      2.5584  4.4300e-03 -1.5000e-04 -8.0000e-05  4.8000e-04  5.1700e-03
  3907.25      2.5593  4.4200e-03 -1.4000e-04 -9.0000e-05  4.5000e-04  5.1600e-03
  3905.75      2.5603  4.3800e-03 -9.0000e-05 -7.0000e-05  4.5000e-04  5.0900e-03
  3904.25      2.5613  4.2900e-03  0.0000e+00 -2.0000e-05  4.7000e-04  5.0000e-03
  3902.75      2.5623  4.1500e-03  1.4000e-04  7.0000e-05  5.1000e-04  4.8800e-03
  3901.25      2.5633  4.0200e-03  2.9000e-04  1.8000e-04  6.0000e-04  4.7900e-03
  3899.75      2.5643  3.9000e-03  4.5000e-04  2.9000e-04  6.8000e-04  4.7300e-03
  3898.25      2.5653  3.8100e-03  5.6000e-04  3.9000e-04  7.7000e-04  4.7100e-03
  3896.75      2.5662  3.7500e-03  6.5000e-04  4.5000e-04  8.3000e-04  4.7200e-03
  3895.25      2.5672  3.7200e-03  7.0000e-04  4.7000e-04  8.7000e-04  4.7700e-03
  3893.75      2.5682  3.7100e-03  7.2000e-04  4.6000e-04  8.8000e-04  4.8100e-03
  3892.25      2.5692  3.7000e-03  7.4000e-04  4.2000e-04  8.9000e-04  4.8300e-03
  3890.75      2.5702  3.7100e-03  7.4000e-04  3.9000e-04  8.9000e-04  4.8400e-03
  3889.25      2.5712  3.7400e-03  7.2000e-04  3.4000e-04  8.9000e-04  4.8400e-03
  3887.75      2.5722  3.7900e-03  7.0000e-04  3.1000e-04  8.8000e-04  4.8400e-03
  3886.25      2.5732  3.8200e-03  6.8000e-04  3.0000e-04  8.9000e-04  4.8300e-03
  3884.75      2.5742  3.8500e-03  6.8000e-04  3.1000e-04  9.1000e-04  4.8200e-03
  3883.25      2.5752  3.8600e-03  6.8000e-04  3.4000e-04  9.2000e-04  4.8300e-03
  3881.75      2.5762  3.8600e-03  6.9000e-04  3.7000e-04  9.2000e-04  4.8400e-03
  3880.25      2.5772  3.8500e-03  7.0000e-04  4.0000e-04  9.2000e-04  4.8600e-03
  3878.75      2.5781  3.8600e-03  7.0000e-04  4.3000e-04  9.1000e-04  4.9000e-03
  3877.25      2.5791  3.8800e-03  6.8000e-04  4.5000e-04  9.0000e-04  4.9600e-03
  3875.75      2.5801  3.8800e-03  6.8000e-04  4.5000e-04  9.0000e-04  5.0100e-03
  3874.25      2.5811  3.8500e-03  7.0000e-04  4.5000e-04  9.0000e-04  5.0400e-03
  3872.75      2.5821  3.8000e-03  7.4000e-04  4.6000e-04  9.1000e-04  5.0500e-03
  3871.25      2.5831  3.7600e-03  8.0000e-04  4.8000e-04  9.4000e-04  5.0200e-03
  3869.75      2.5841  3.7100e-03  8.7000e-04  5.3000e-04  9.9000e-04  4.9700e-03
  3868.25      2.5851  3.7200e-03  9.3000e-04  5.7000e-04  1.0400e-03  4.9100e-03
  3866.75      2.5862  3.7400e-03  9.6000e-04  6.0000e-04  1.0900e-03  4.8600e-03
  3865.25      2.5872  3.7300e-03  9.9000e-04  6.0000e-04  1.1200e-03  4.8300e-03
  3863.75      2.5882  3.7000e-03  1.0300e-03  6.0000e-04  1.1300e-03  4.8300e-03
  3862.25      2.5892  3.6400e-03  1.0800e-03  6.1000e-04  1.1300e-03  4.8600e-03
  3860.75      2.5902  3.6000e-03  1.1400e-03  6.2000e-04  1.1100e-03  4.9000e-03
  3859.25      2.5912  3.5700e-03  1.1900e-03  6.2000e-04  1.1100e-03  4.9200e-03
  3857.75      2.5922  3.5200e-03  1.2400e-03  6.4000e-04  1.1300e-03  4.8800e-03
  3856.25      2.5932  3.4500e-03  1.3100e-03  6.8000e-04  1.1700e-03  4.7900e-03
  3854.75      2.5942  3.3400e-03  1.4100e-03  7.6000e-04  1.2500e-03  4.6600e-03
  3853.25      2.5952  3.2000e-03  1.5400e-03  8.7000e-04  1.3600e-03  4.5300e-03
  3851.75      2.5962  3.0900e-03  1.6700e-03  9.8000e-04  1.4800e-03  4.4400e-03
  3850.25      2.5972  3.0500e-03  1.7400e-03  1.0600e-03  1.5600e-03  4.4200e-03
  3848.75      2.5982  3.0400e-03  1.7800e-03  1.1100e-03  1.6100e-03  4.4600e-03
  3847.25      2.5993  3.0200e-03  1.8000e-03  1.1300e-03  1.6100e-03  4.5400e-03
  3845.75      2.6003  3.0000e-03  1.8100e-03  1.1400e-03  1.6000e-03  4.6200e-03
  3844.25      2.6013  2.9400e-03  1.8400e-03  1.1300e-03  1.5700e-03  4.6700e-03
  3842.75      2.6023  2.8700e-03  1.8500e-03  1.1300e-03  1.5400e-03  4.6700e-03
  3841.25      2.6033  2.7800e-03  1.9000e-03  1.1100e-03  1.5300e-03  4.6300e-03
  3839.75      2.6043  2.6800e-03  1.9500e-03  1.1100e-03  1.5600e-03  4.5600e-03
  3838.25      2.6054  2.5600e-03  2.0200e-03  1.1400e-03  1.6200e-03  4.4700e-03
  3836.75      2.6064  2.4400e-03  2.1100e-03  1.1900e-03  1.6900e-03  4.4000e-03
  3835.25      2.6074  2.3400e-03  2.1800e-03  1.2300e-03  1.7600e-03  4.3500e-03
  3833.75      2.6084  2.2600e-03  2.2400e-03  1.2600e-03  1.8100e-03  4.3400e-03
  3832.25      2.6094  2.1900e-03  2.2700e-03  1.2500e-03  1.8300e-03  4.3600e-03
  3830.75      2.6105  2.1600e-03  2.2900e-03  1.2300e-03  1.8000e-03  4.4300e-03
  3829.25      2.6115  2.1600e-03  2.2900e-03  1.2000e-03  1.7500e-03  4.5000e-03
  3827.75      2.6125  2.1500e-03  2.2800e-03  1.1600e-03  1.6900e-03  4.5600e-03
  3826.25      2.6135  2.1400e-03  2.2700e-03  1.1200e-03  1.6500e-03  4.6100e-03
  3824.75      2.6146  2.1000e-03  2.2700e-03  1.1000e-03  1.6100e-03  4.6100e-03
  3823.25      2.6156  2.0400e-03  2.3000e-03  1.1000e-03  1.6000e-03  4.5800e-03
  3821.75      2.6166  1.9300e-03  2.3700e-03  1.1400e-03  1.6200e-03  4.5100e-03
  3820.25      2.6176  1.8100e-03  2.4500e-03  1.2100e-03  1.6800e-03  4.4100e-03
  3818.75      2.6187  1.7100e-03  2.5200e-03  1.2700e-03  1.7500e-03  4.3300e-03
  3817.25      2.6197  1.6200e-03  2.5600e-03  1.3100e-03  1.8000e-03  4.2800e-03
  3815.75      2.6207  1.5700e-03  2.6000e-03  1.3600e-03  1.8200e-03  4.2500e-03
  3814.25      2.6217  1.5700e-03  2.6100e-03  1.3900e-03  1.8400e-03  4.2800e-03
  3812.75      2.6228  1.6000e-03  2.5800e-03  1.3900e-03  1.8300e-03  4.3300e-03
  3811.25      2.6238  1.6500e-03  2.5400e-03  1.3700e-03  1.8000e-03  4.4100e-03
  3809.75      2.6248  1.7100e-03  2.4900e-03  1.3500e-03  1.7500e-03  4.4700e-03
  3808.25      2.6259  1.7500e-03  2.4600e-03  1.3300e-03  1.7300e-03  4.4900e-03
  3806.75      2.6269  1.7600e-03  2.4600e-03  1.3400e-03  1.7300e-03  4.4800e-03
  3805.25      2.6280  1.7200e-03  2.5100e-03  1.3900e-03  1.7800e-03  4.4300e-03
  3803.75      2.6290  1.6600e-03  2.5800e-03  1.4500e-03  1.8300e-03  4.3600e-03
  3802.25      2.6300  1.5600e-03  2.6800e-03  1.5300e-03  1.9200e-03  4.2700e-03
  3800.75      2.6311  1.4500e-03  2.8200e-03  1.6200e-03  2.0200e-03  4.2000e-03
  3799.25      2.6321  1.3400e-03  2.9400e-03  1.7200e-03  2.1300e-03  4.1600e-03
  3797.74      2.6331  1.2700e-03  3.0600e-03  1.8000e-03  2.2200e-03  4.1600e-03
  3796.24      2.6342  1.2300e-03  3.1400e-03  1.8400e-03  2.2800e-03  4.1900e-03
  3794.74      2.6352  1.2600e-03  3.1800e-03  1.8600e-03  2.3200e-03  4.2700e-03
  3793.24      2.6363  1.3600e-03  3.1800e-03  1.8500e-03  2.3300e-03  4.3600e-03
  3791.74      2.6373  1.5100e-03  3.1300e-03  1.8000e-03  2.3200e-03  4.4600e-03
  3790.24      2.6384  1.6900e-03  3.0600e-03  1.7400e-03  2.2800e-03  4.5500e-03
  3788.74      2.6394  1.8900e-03  2.9800e-03  1.6700e-03  2.2200e-03  4.6200e-03
  3787.24      2.6404  2.1000e-03  2.8900e-03  1.6000e-03  2.1600e-03  4.6800e-03
  3785.74      2.6415  2.3100e-03  2.8000e-03  1.5600e-03  2.1100e-03  4.7500e-03
  3784.24      2.6425  2.5000e-03  2.7200e-03  1.5200e-03  2.0800e-03  4.8100e-03
  3782.74      2.6436  2.6900e-03  2.6500e-03  1.4800e-03  2.0600e-03  4.8800e-03
  3781.24      2.6446  2.8500e-03  2.5900e-03  1.4500e-03  2.0600e-03  4.9400e-03
  3779.74      2.6457  2.9700e-03  2.5500e-03  1.4300e-03  2.0700e-03  5.0200e-03
  3778.24      2.6467  3.0600e-03  2.5200e-03  1.4100e-03  2.0800e-03  5.0800e-03
  3776.74      2.6478  3.1500e-03  2.4800e-03  1.4000e-03  2.1100e-03  5.1600e-03
  3775.24      2.6488  3.2700e-03  2.4500e-03  1.3900e-03  2.1200e-03  5.2200e-03
  3773.74      2.6499  3.3900e-03  2.4200e-03  1.3700e-03  2.1400e-03  5.2900e-03
  3772.24      2.6509  3.5100e-03  2.3900e-03  1.3700e-03  2.1500e-03  5.3300e-03
  3770.74      2.6520  3.6000e-03  2.3700e-03  1.3600e-03  2.1600e-03  5.3600e-03
  3769.24      2.6531  3.6800e-03  2.3700e-03  1.3800e-03  2.1800e-03  5.3800e-03
  3767.74      2.6541  3.7900e-03  2.3600e-03  1.3900e-03  2.1900e-03  5.4100e-03
  3766.24      2.6552  3.9300e-03  2.3400e-03  1.4100e-03  2.2100e-03  5.4700e-03
  3764.74      2.6562  4.1000e-03  2.3300e-03  1.4200e-03  2.2200e-03  5.5200e-03
  3763.24      2.6573  4.2600e-03  2.3000e-03  1.4100e-03  2.2300e-03  5.6000e-03
  3761.74      2.6583  4.3900e-03  2.2900e-03  1.4000e-03  2.2300e-03  5.6800e-03
  3760.24      2.6594  4.4700e-03  2.3100e-03  1.4000e-03  2.2200e-03  5.7500e-03
  3758.74      2.6605  4.5200e-03  2.3400e-03  1.4300e-03  2.2300e-03  5.8100e-03
  3757.24      2.6615  4.5500e-03  2.4000e-03  1.4700e-03  2.2600e-03  5.8500e-03
  3755.74      2.6626  4.5400e-03  2.4700e-03  1.5400e-03  2.3000e-03  5.8600e-03
  3754.24      2.6637  4.4400e-03  2.6000e-03  1.6300e-03  2.3500e-03  5.8400e-03
  3752.74      2.6647  4.2800e-03  2.7800e-03  1.7600e-03  2.4400e-03  5.8000e-03
  3751.24      2.6658  4.0700e-03  3.0100e-03  1.9600e-03  2.5600e-03  5.7100e-03
  3749.74      2.6669  3.8300e-03  3.2600e-03  2.1800e-03  2.7100e-03  5.6000e-03
  3748.24      2.6679  3.6000e-03  3.5200e-03  2.3900e-03  2.8600e-03  5.5000e-03
  3746.74      2.6690  3.3900e-03  3.7600e-03  2.5800e-03  3.0100e-03  5.4200e-03
  3745.24      2.6701  3.1500e-03  4.0100e-03  2.7500e-03  3.1500e-03  5.3800e-03
  3743.74      2.6711  2.9100e-03  4.2800e-03  2.9400e-03  3.2700e-03  5.3800e-03
  3742.24      2.6722  2.7000e-03  4.5300e-03  3.1100e-03  3.3800e-03  5.4300e-03
  3740.74      2.6733  2.5200e-03  4.7500e-03  3.2700e-03  3.4600e-03  5.4800e-03
  3739.24      2.6743  2.3500e-03  4.9500e-03  3.3900e-03  3.5200e-03  5.5000e-03
  3737.74      2.6754  2.2000e-03  5.1300e-03  3.5100e-03  3.5700e-03  5.4800e-03
  3736.24      2.6765  2.0100e-03  5.3100e-03  3.6300e-03  3.6400e-03  5.4400e-03
  3734.74      2.6776  1.8000e-03  5.5200e-03  3.7700e-03  3.7300e-03  5.3800e-03
  3733.24      2.6786  1.6000e-03  5.7200e-03  3.9100e-03  3.8300e-03  5.3500e-03
  3731.74      2.6797  1.4500e-03  5.8800e-03  4.0400e-03  3.9300e-03  5.3700e-03
  3730.24      2.6808  1.3500e-03  6.0100e-03  4.1400e-03  4.0100e-03  5.4500e-03
  3728.74      2.6819  1.2900e-03  6.1200e-03  4.2400e-03  4.1000e-03  5.5700e-03
  3727.24      2.6830  1.2700e-03  6.2200e-03  4.3500e-03  4.1900e-03  5.7000e-03
  3725.74      2.6840  1.3100e-03  6.3000e-03  4.4400e-03  4.2600e-03  5.8300e-03
  3724.24      2.6851  1.3900e-03  6.3700e-03  4.5200e-03  4.3300e-03  5.9600e-03
  3722.74      2.6862  1.5000e-03  6.4300e-03  4.5900e-03  4.3900e-03  6.0800e-03
  3721.24      2.6873  1.6400e-03  6.4900e-03  4.6500e-03  4.4600e-03  6.2100e-03
  3719.74      2.6884  1.7800e-03  6.5600e-03  4.7200e-03  4.5200e-03  6.3500e-03
  3718.24      2.6894  1.9200e-03  6.6600e-03  4.8000e-03  4.6100e-03  6.4800e-03
  3716.74      2.6905  2.0400e-03  6.7900e-03  4.9000e-03  4.7100e-03  6.5900e-03
  3715.24      2.6916  2.1400e-03  6.9400e-03  5.0000e-03  4.8200e-03  6.6500e-03
  3713.74      2.6927  2.1900e-03  7.1200e-03  5.1300e-03  4.9700e-03  6.6800e-03
  3712.24      2.6938  2.1900e-03  7.3400e-03  5.2800e-03  5.1600e-03  6.7000e-03
  3710.74      2.6949  2.1600e-03  7.5900e-03  5.4700e-03  5.3600e-03  6.7300e-03
  3709.24      2.6960  2.1500e-03  7.8400e-03  5.6700e-03  5.5800e-03  6.8000e-03
  3707.74      2.6971  2.1900e-03  8.0900e-03  5.8700e-03  5.8000e-03  6.9300e-03
  3706.24      2.6982  2.2600e-03  8.3200e-03  6.0600e-03  6.0100e-03  7.1200e-03
  3704.74      2.6992  2.3700e-03  8.5400e-03  6.2400e-03  6.1900e-03  7.3600e-03
  3703.24      2.7003  2.5000e-03  8.7600e-03  6.4300e-03  6.3600e-03  7.6200e-03
  3701.74      2.7014  2.6300e-03  8.9900e-03  6.6200e-03  6.5000e-03  7.8900e-03
  3700.24      2.7025  2.7800e-03  9.2300e-03  6.7900e-03  6.6500e-03  8.1700e-03
  3698.74      2.7036  2.9500e-03  9.4700e-03  6.9800e-03  6.8000e-03  8.4400e-03
  3697.24      2.7047  3.1400e-03  9.7600e-03  7.1900e-03  6.9600e-03  8.7100e-03
  3695.74      2.7058  3.3100e-03  1.0080e-02  7.4500e-03  7.1500e-03  8.9200e-03
  3694.24      2.7069  3.4600e-03  1.0470e-02  7.7600e-03  7.3800e-03  9.1200e-03
  3692.74      2.7080  3.6000e-03  1.0900e-02  8.1000e-03  7.6600e-03  9.2900e-03
  3691.24      2.7091  3.7300e-03  1.1390e-02  8.4900e-03  7.9800e-03  9.4500e-03
  3689.74      2.7102  3.8500e-03  1.1920e-02  8.9100e-03  8.3400e-03  9.6400e-03
  3688.24      2.7113  3.9900e-03  1.2480e-02  9.3600e-03  8.7300e-03  9.8800e-03
  3686.74      2.7124  4.1500e-03  1.3050e-02  9.8100e-03  9.1300e-03  1.0200e-02
  3685.24      2.7135  4.3300e-03  1.3650e-02  1.0270e-02  9.5400e-03  1.0600e-02
  3683.74      2.7146  4.5300e-03  1.4270e-02  1.0740e-02  9.9300e-03  1.1060e-02
  3682.24      2.7157  4.7200e-03  1.4930e-02  1.1240e-02  1.0330e-02  1.1530e-02
  3680.74      2.7168  4.8800e-03  1.5640e-02  1.1760e-02  1.0750e-02  1.2000e-02
  3679.24      2.7180  5.0000e-03  1.6410e-02  1.2330e-02  1.1200e-02  1.2440e-02
  3677.74      2.7191  5.0900e-03  1.7240e-02  1.2950e-02  1.1670e-02  1.2830e-02
  3676.24      2.7202  5.1600e-03  1.8160e-02  1.3630e-02  1.2200e-02  1.3170e-02
  3674.74      2.7213  5.2300e-03  1.9160e-02  1.4400e-02  1.2820e-02  1.3500e-02
  3673.24      2.7224  5.3200e-03  2.0210e-02  1.5220e-02  1.3480e-02  1.3870e-02
  3671.74      2.7235  5.4700e-03  2.1300e-02  1.6070e-02  1.4200e-02  1.4300e-02
  3670.24      2.7246  5.6500e-03  2.2420e-02  1.6940e-02  1.4950e-02  1.4790e-02
  3668.74      2.7257  5.9100e-03  2.3540e-02  1.7830e-02  1.5750e-02  1.5390e-02
  3667.24      2.7268  6.2600e-03  2.4680e-02  1.8720e-02  1.6570e-02  1.6090e-02
  3665.74      2.7280  6.7200e-03  2.5790e-02  1.9590e-02  1.7410e-02  1.6890e-02
  3664.24      2.7291  7.2800e-03  2.6890e-02  2.0460e-02  1.8240e-02  1.7730e-02
  3662.73      2.7302  7.9200e-03  2.7980e-02  2.1340e-02  1.9100e-02  1.8600e-02
  3661.23      2.7313  8.5900e-03  2.9070e-02  2.2210e-02  1.9970e-02  1.9460e-02
  3659.73      2.7324  9.2300e-03  3.0200e-02  2.3110e-02  2.0850e-02  2.0330e-02
  3658.23      2.7336  9.8200e-03  3.1400e-02  2.4060e-02  2.1730e-02  2.1180e-02
  3656.73      2.7347  1.0360e-02  3.2680e-02  2.5060e-02  2.2660e-02  2.2040e-02
  3655.23      2.7358  1.0860e-02  3.4040e-02  2.6140e-02  2.3630e-02  2.2910e-02
  3653.73      2.7369  1.1330e-02  3.5480e-02  2.7280e-02  2.4660e-02  2.3800e-02
  3652.23      2.7380  1.1750e-02  3.6980e-02  2.8480e-02  2.5740e-02  2.4690e-02
  3650.73      2.7392  1.2100e-02  3.8570e-02  2.9750e-02  2.6870e-02  2.5570e-02
  3649.23      2.7403  1.2440e-02  4.0220e-02  3.1080e-02  2.8060e-02  2.6460e-02
  3647.73      2.7414  1.2830e-02  4.1920e-02  3.2460e-02  2.9290e-02  2.7370e-02
  3646.23      2.7426  1.3290e-02  4.3600e-02  3.3850e-02  3.0530e-02  2.8360e-02
  3644.73      2.7437  1.3870e-02  4.5240e-02  3.5220e-02  3.1760e-02  2.9420e-02
  3643.23      2.7448  1.4560e-02  4.6830e-02  3.6580e-02  3.2990e-02  3.0550e-02
  3641.73      2.7459  1.5320e-02  4.8380e-02  3.7900e-02  3.4190e-02  3.1740e-02
  3640.23      2.7471  1.6120e-02  4.9900e-02  3.9220e-02  3.5390e-02  3.2970e-02
  3638.73      2.7482  1.6960e-02  5.1390e-02  4.0510e-02  3.6570e-02  3.4210e-02
  3637.23      2.7493  1.7830e-02  5.2860e-02  4.1800e-02  3.7760e-02  3.5430e-02
  3635.73      2.7505  1.8720e-02  5.4330e-02  4.3090e-02  3.8970e-02  3.6630e-02
  3634.23      2.7516  1.9610e-02  5.5790e-02  4.4410e-02  4.0210e-02  3.7820e-02
  3632.73      2.7527  2.0470e-02  5.7260e-02  4.5760e-02  4.1500e-02  3.8980e-02
  3631.23      2.7539  2.1280e-02  5.8780e-02  4.7140e-02  4.2820e-02  4.0130e-02
  3629.73      2.7550  2.2020e-02  6.0330e-02  4.8530e-02  4.4170e-02  4.1290e-02
  3628.23      2.7562  2.2740e-02  6.1920e-02  4.9950e-02  4.5560e-02  4.2480e-02
  3626.73      2.7573  2.3450e-02  6.3520e-02  5.1390e-02  4.6960e-02  4.3730e-02
  3625.23      2.7584  2.4210e-02  6.5110e-02  5.2830e-02  4.8380e-02  4.5010e-02
  3623.73      2.7596  2.4990e-02  6.6670e-02  5.4280e-02  4.9780e-02  4.6340e-02
  3622.23      2.7607  2.5780e-02  6.8240e-02  5.5730e-02  5.1190e-02  4.7680e-02
  3620.73      2.7619  2.6610e-02  6.9800e-02  5.7200e-02  5.2590e-02  4.9020e-02
  3619.23      2.7630  2.7430e-02  7.1350e-02  5.8680e-02  5.3990e-02  5.0350e-02
  3617.73      2.7642  2.8310e-02  7.2920e-02  6.0190e-02  5.5400e-02  5.1670e-02
  3616.23      2.7653  2.9230e-02  7.4460e-02  6.1710e-02  5.6800e-02  5.3010e-02
  3614.73      2.7665  3.0190e-02  7.6010e-02  6.3240e-02  5.8210e-02  5.4360e-02
  3613.23      2.7676  3.1170e-02  7.7550e-02  6.4780e-02  5.9630e-02  5.5710e-02
  3611.73      2.7688  3.2160e-02  7.9100e-02  6.6310e-02  6.1060e-02  5.7080e-02
  3610.23      2.7699  3.3190e-02  8.0660e-02  6.7850e-02  6.2500e-02  5.8470e-02
  3608.73      2.7711  3.4230e-02  8.2210e-02  6.9350e-02  6.3960e-02  5.9880e-02
  3607.23      2.7722  3.5280e-02  8.3750e-02  7.0850e-02  6.5430e-02  6.1310e-02
  3605.73      2.7734  3.6380e-02  8.5270e-02  7.2320e-02  6.6920e-02  6.2760e-02
  3604.23      2.7745  3.7490e-02  8.6750e-02  7.3780e-02  6.8410e-02  6.4230e-02
  3602.73      2.7757  3.8640e-02  8.8210e-02  7.5230e-02  6.9910e-02  6.5720e-02
  3601.23      2.7768  3.9800e-02  8.9650e-02  7.6680e-02  7.1400e-02  6.7220e-02
  3599.73      2.7780  4.0980e-02  9.1050e-02  7.8120e-02  7.2900e-02  6.8730e-02
  3598.23      2.7791  4.2160e-02  9.2450e-02  7.9560e-02  7.4380e-02  7.0240e-02
  3596.73      2.7803  4.3330e-02  9.3840e-02  8.1000e-02  7.5840e-02  7.1740e-02
  3595.23      2.7815  4.4500e-02  9.5220e-02  8.2450e-02  7.7290e-02  7.3240e-02
  3593.73      2.7826  4.5660e-02  9.6610e-02  8.3920e-02  7.8760e-02  7.4730e-02
  3592.23      2.7838  4.6820e-02  9.8000e-02  8.5390e-02  8.0240e-02  7.6220e-02
  3590.73      2.7849  4.7990e-02  9.9400e-02  8.6870e-02  8.1730e-02  7.7720e-02
  3589.23      2.7861  4.9130e-02  1.0079e-01  8.8350e-02  8.3220e-02  7.9200e-02
  3587.73      2.7873  5.0270e-02  1.0220e-01  8.9840e-02  8.4720e-02  8.0680e-02
  3586.23      2.7884  5.1410e-02  1.0362e-01  9.1340e-02  8.6240e-02  8.2140e-02
  3584.73      2.7896  5.2580e-02  1.0503e-01  9.2830e-02  8.7770e-02  8.3610e-02
  3583.23      2.7908  5.3800e-02  1.0640e-01  9.4290e-02  8.9280e-02  8.5100e-02
  3581.73      2.7919  5.5070e-02  1.0775e-01  9.5740e-02  9.0790e-02  8.6620e-02
  3580.23      2.7931  5.6370e-02  1.0905e-01  9.7160e-02  9.2280e-02  8.8150e-02
  3578.73      2.7943  5.7690e-02  1.1034e-01  9.8560e-02  9.3750e-02  8.9700e-02
  3577.23      2.7955  5.9030e-02  1.1161e-01  9.9920e-02  9.5210e-02  9.1280e-02
  3575.73      2.7966  6.0380e-02  1.1288e-01  1.0130e-01  9.6650e-02  9.2870e-02
  3574.23      2.7978  6.1740e-02  1.1413e-01  1.0268e-01  9.8080e-02  9.4480e-02
  3572.73      2.7990  6.3110e-02  1.1537e-01  1.0408e-01  9.9520e-02  9.6100e-02
  3571.23      2.8002  6.4470e-02  1.1663e-01  1.0550e-01  1.0095e-01  9.7720e-02
  3569.73      2.8013  6.5800e-02  1.1790e-01  1.0694e-01  1.0238e-01  9.9310e-02
  3568.23      2.8025  6.7100e-02  1.1921e-01  1.0840e-01  1.0383e-01  1.0087e-01
  3566.73      2.8037  6.8350e-02  1.2054e-01  1.0991e-01  1.0531e-01  1.0241e-01
  3565.23      2.8049  6.9600e-02  1.2187e-01  1.1143e-01  1.0680e-01  1.0392e-01
  3563.73      2.8061  7.0850e-02  1.2320e-01  1.1294e-01  1.0829e-01  1.0544e-01
  3562.23      2.8072  7.2110e-02  1.2450e-01  1.1442e-01  1.0979e-01  1.0698e-01
  3560.73      2.8084  7.3390e-02  1.2579e-01  1.1589e-01  1.1128e-01  1.0854e-01
  3559.23      2.8096  7.4680e-02  1.2705e-01  1.1733e-01  1.1276e-01  1.1014e-01
  3557.73      2.8108  7.5990e-02  1.2829e-01  1.1872e-01  1.1422e-01  1.1175e-01
  3556.23      2.8120  7.7310e-02  1.2952e-01  1.2009e-01  1.1565e-01  1.1337e-01
  3554.73      2.8132  7.8640e-02  1.3072e-01  1.2141e-01  1.1705e-01  1.1496e-01
  3553.23      2.8143  8.0000e-02  1.3191e-01  1.2273e-01  1.1847e-01  1.1653e-01
  3551.73      2.8155  8.1370e-02  1.3310e-01  1.2405e-01  1.1992e-01  1.1808e-01
  3550.23      2.8167  8.2760e-02  1.3430e-01  1.2537e-01  1.2138e-01  1.1962e-01
  3548.73      2.8179  8.4140e-02  1.3550e-01  1.2670e-01  1.2286e-01  1.2116e-01
  3547.23      2.8191  8.5520e-02  1.3672e-01  1.2805e-01  1.2436e-01  1.2269e-01
  3545.73      2.8203  8.6900e-02  1.3793e-01  1.2942e-01  1.2588e-01  1.2422e-01
  3544.23      2.8215  8.8290e-02  1.3913e-01  1.3080e-01  1.2740e-01  1.2575e-01
  3542.73      2.8227  8.9680e-02  1.4033e-01  1.3218e-01  1.2889e-01  1.2726e-01
  3541.23      2.8239  9.1080e-02  1.4150e-01  1.3354e-01  1.3035e-01  1.2879e-01
  3539.73      2.8251  9.2490e-02  1.4265e-01  1.3489e-01  1.3178e-01  1.3031e-01
  3538.23      2.8263  9.3890e-02  1.4377e-01  1.3621e-01  1.3318e-01  1.3185e-01
  3536.73      2.8275  9.5290e-02  1.4488e-01  1.3751e-01  1.3455e-01  1.3341e-01
  3535.23      2.8287  9.6690e-02  1.4598e-01  1.3878e-01  1.3589e-01  1.3499e-01
  3533.73      2.8299  9.8080e-02  1.4706e-01  1.4004e-01  1.3722e-01  1.3657e-01
  3532.23      2.8311  9.9480e-02  1.4814e-01  1.4128e-01  1.3855e-01  1.3814e-01
  3530.73      2.8323  1.0086e-01  1.4922e-01  1.4251e-01  1.3987e-01  1.3970e-01
  3529.23      2.8335  1.0223e-01  1.5030e-01  1.4374e-01  1.4120e-01  1.4124e-01
  3527.72      2.8347  1.0359e-01  1.5140e-01  1.4497e-01  1.4254e-01  1.4276e-01
  3526.22      2.8359  1.0493e-01  1.5250e-01  1.4621e-01  1.4388e-01  1.4426e-01
  3524.72      2.8371  1.0627e-01  1.5359e-01  1.4745e-01  1.4523e-01  1.4574e-01
  3523.22      2.8383  1.0762e-01  1.5468e-01  1.4870e-01  1.4660e-01  1.4720e-01
  3521.72      2.8395  1.0896e-01  1.5575e-01  1.4994e-01  1.4795e-01  1.4865e-01
  3520.22      2.8407  1.1031e-01  1.5681e-01  1.5119e-01  1.4931e-01  1.5009e-01
  3518.72      2.8419  1.1165e-01  1.5784e-01  1.5243e-01  1.5065e-01  1.5154e-01
  3517.22      2.8432  1.1300e-01  1.5886e-01  1.5366e-01  1.5197e-01  1.5299e-01
  3515.72      2.8444  1.1436e-01  1.5985e-01  1.5489e-01  1.5329e-01  1.5446e-01
  3514.22      2.8456  1.1572e-01  1.6084e-01  1.5611e-01  1.5458e-01  1.5593e-01
  3512.72      2.8468  1.1709e-01  1.6181e-01  1.5731e-01  1.5585e-01  1.5741e-01
  3511.22      2.8480  1.1845e-01  1.6278e-01  1.5848e-01  1.5710e-01  1.5889e-01
  3509.72      2.8492  1.1980e-01  1.6375e-01  1.5965e-01  1.5835e-01  1.6036e-01
  3508.22      2.8504  1.2116e-01  1.6473e-01  1.6080e-01  1.5960e-01  1.6182e-01
  3506.72      2.8517  1.2250e-01  1.6570e-01  1.6194e-01  1.6083e-01  1.6326e-01
  3505.22      2.8529  1.2385e-01  1.6668e-01  1.6308e-01  1.6205e-01  1.6466e-01
  3503.72      2.8541  1.2519e-01  1.6764e-01  1.6420e-01  1.6328e-01  1.6605e-01
  3502.22      2.8553  1.2651e-01  1.6861e-01  1.6533e-01  1.6452e-01  1.6740e-01
  3500.72      2.8566  1.2781e-01  1.6956e-01  1.6645e-01  1.6576e-01  1.6872e-01
  3499.22      2.8578  1.2911e-01  1.7050e-01  1.6757e-01  1.6700e-01  1.7004e-01
  3497.72      2.8590  1.3041e-01  1.7141e-01  1.6869e-01  1.6824e-01  1.7137e-01
  3496.22      2.8602  1.3171e-01  1.7231e-01  1.6979e-01  1.6948e-01  1.7271e-01
  3494.72      2.8615  1.3302e-01  1.7318e-01  1.7088e-01  1.7072e-01  1.7403e-01
  3493.22      2.8627  1.3431e-01  1.7405e-01  1.7195e-01  1.7192e-01  1.7537e-01
  3491.72      2.8639  1.3560e-01  1.7489e-01  1.7301e-01  1.7309e-01  1.7670e-01
  3490.22      2.8651  1.3688e-01  1.7572e-01  1.7404e-01  1.7422e-01  1.7802e-01
  3488.72      2.8664  1.3817e-01  1.7653e-01  1.7505e-01  1.7532e-01  1.7933e-01
  3487.22      2.8676  1.3946e-01  1.7733e-01  1.7604e-01  1.7641e-01  1.8063e-01
  3485.72      2.8688  1.4076e-01  1.7812e-01  1.7702e-01  1.7747e-01  1.8193e-01
  3484.22      2.8701  1.4205e-01  1.7890e-01  1.7799e-01  1.7853e-01  1.8320e-01
  3482.72      2.8713  1.4331e-01  1.7967e-01  1.7896e-01  1.7960e-01  1.8448e-01
  3481.22      2.8726  1.4457e-01  1.8043e-01  1.7991e-01  1.8068e-01  1.8573e-01
  3479.72      2.8738  1.4582e-01  1.8117e-01  1.8087e-01  1.8177e-01  1.8696e-01
  3478.22      2.8750  1.4706e-01  1.8190e-01  1.8182e-01  1.8287e-01  1.8817e-01
  3476.72      2.8763  1.4830e-01  1.8261e-01  1.8276e-01  1.8397e-01  1.8936e-01
  3475.22      2.8775  1.4952e-01  1.8333e-01  1.8369e-01  1.8505e-01  1.9054e-01
  3473.72      2.8788  1.5072e-01  1.8401e-01  1.8459e-01  1.8610e-01  1.9170e-01
  3472.22      2.8800  1.5192e-01  1.8469e-01  1.8549e-01  1.8712e-01  1.9287e-01
  3470.72      2.8812  1.5310e-01  1.8536e-01  1.8636e-01  1.8809e-01  1.9402e-01
  3469.22      2.8825  1.5426e-01  1.8601e-01  1.8721e-01  1.8904e-01  1.9516e-01
  3467.72      2.8837  1.5543e-01  1.8664e-01  1.8803e-01  1.8994e-01  1.9628e-01
  3466.22      2.8850  1.5656e-01  1.8726e-01  1.8884e-01  1.9083e-01  1.9737e-01
  3464.72      2.8862  1.5768e-01  1.8786e-01  1.8963e-01  1.9170e-01  1.9843e-01
  3463.22      2.8875  1.5879e-01  1.8844e-01  1.9039e-01  1.9257e-01  1.9947e-01
  3461.72      2.8887  1.5989e-01  1.8901e-01  1.9115e-01  1.9344e-01  2.0051e-01
  3460.22      2.8900  1.6099e-01  1.8956e-01  1.9190e-01  1.9430e-01  2.0154e-01
  3458.72      2.8912  1.6208e-01  1.9009e-01  1.9263e-01  1.9516e-01  2.0257e-01
  3457.22      2.8925  1.6317e-01  1.9060e-01  1.9336e-01  1.9601e-01  2.0359e-01
  3455.72      2.8938  1.6424e-01  1.9110e-01  1.9408e-01  1.9685e-01  2.0462e-01
  3454.22      2.8950  1.6531e-01  1.9160e-01  1.9480e-01  1.9768e-01  2.0563e-01
  3452.72      2.8963  1.6637e-01  1.9209e-01  1.9551e-01  1.9850e-01  2.0663e-01
  3451.22      2.8975  1.6743e-01  1.9258e-01  1.9620e-01  1.9929e-01  2.0761e-01
  3449.72      2.8988  1.6848e-01  1.9307e-01  1.9690e-01  2.0008e-01  2.0856e-01
  3448.22      2.9000  1.6951e-01  1.9357e-01  1.9758e-01  2.0085e-01  2.0950e-01
  3446.72      2.9013  1.7052e-01  1.9407e-01  1.9827e-01  2.0162e-01  2.1044e-01
  3445.22      2.9026  1.7151e-01  1.9456e-01  1.9895e-01  2.0238e-01  2.1136e-01
  3443.72      2.9038  1.7249e-01  1.9504e-01  1.9961e-01  2.0314e-01  2.1230e-01
  3442.22      2.9051  1.7345e-01  1.9552e-01  2.0025e-01  2.0388e-01  2.1323e-01
  3440.72      2.9064  1.7441e-01  1.9597e-01  2.0087e-01  2.0461e-01  2.1416e-01
  3439.22      2.9076  1.7535e-01  1.9640e-01  2.0148e-01  2.0534e-01  2.1506e-01
  3437.72      2.9089  1.7628e-01  1.9679e-01  2.0206e-01  2.0603e-01  2.1593e-01
  3436.22      2.9102  1.7719e-01  1.9714e-01  2.0260e-01  2.0670e-01  2.1678e-01
  3434.72      2.9114  1.7809e-01  1.9746e-01  2.0312e-01  2.0733e-01  2.1759e-01
  3433.22      2.9127  1.7897e-01  1.9776e-01  2.0362e-01  2.0792e-01  2.1837e-01
  3431.72      2.9140  1.7985e-01  1.9803e-01  2.0409e-01  2.0850e-01  2.1915e-01
  3430.22      2.9153  1.8071e-01  1.9828e-01  2.0454e-01  2.0905e-01  2.1990e-01
  3428.72      2.9165  1.8156e-01  1.9852e-01  2.0497e-01  2.0957e-01  2.2063e-01
  3427.22      2.9178  1.8238e-01  1.9874e-01  2.0539e-01  2.1008e-01  2.2136e-01
  3425.72      2.9191  1.8319e-01  1.9897e-01  2.0580e-01  2.1059e-01  2.2207e-01
  3424.22      2.9204  1.8399e-01  1.9919e-01  2.0620e-01  2.1111e-01  2.2276e-01
  3422.72      2.9217  1.8477e-01  1.9941e-01  2.0661e-01  2.1164e-01  2.2343e-01
  3421.22      2.9229  1.8553e-01  1.9962e-01  2.0700e-01  2.1215e-01  2.2409e-01
  3419.72      2.9242  1.8629e-01  1.9983e-01  2.0738e-01  2.1267e-01  2.2473e-01
  3418.22      2.9255  1.8702e-01  2.0003e-01  2.0774e-01  2.1316e-01  2.2535e-01
  3416.72      2.9268  1.8774e-01  2.0020e-01  2.0809e-01  2.1364e-01  2.2595e-01
  3415.22      2.9281  1.8846e-01  2.0035e-01  2.0841e-01  2.1409e-01  2.2653e-01
  3413.72      2.9294  1.8916e-01  2.0048e-01  2.0871e-01  2.1449e-01  2.2708e-01
  3412.22      2.9306  1.8984e-01  2.0059e-01  2.0898e-01  2.1488e-01  2.2761e-01
  3410.72      2.9319  1.9053e-01  2.0068e-01  2.0924e-01  2.1525e-01  2.2812e-01
  3409.22      2.9332  1.9118e-01  2.0074e-01  2.0947e-01  2.1561e-01  2.2860e-01
  3407.72      2.9345  1.9184e-01  2.0077e-01  2.0968e-01  2.1594e-01  2.2908e-01
  3406.22      2.9358  1.9247e-01  2.0079e-01  2.0988e-01  2.1625e-01  2.2955e-01
  3404.72      2.9371  1.9310e-01  2.0079e-01  2.1006e-01  2.1654e-01  2.3000e-01
  3403.22      2.9384  1.9370e-01  2.0078e-01  2.1022e-01  2.1681e-01  2.3044e-01
  3401.72      2.9397  1.9429e-01  2.0074e-01  2.1036e-01  2.1704e-01  2.3086e-01
  3400.22      2.9410  1.9486e-01  2.0067e-01  2.1047e-01  2.1725e-01  2.3124e-01
  3398.72      2.9423  1.9540e-01  2.0058e-01  2.1055e-01  2.1741e-01  2.3158e-01
  3397.22      2.9436  1.9592e-01  2.0047e-01  2.1062e-01  2.1758e-01  2.3190e-01
  3395.72      2.9449  1.9642e-01  2.0035e-01  2.1066e-01  2.1771e-01  2.3218e-01
  3394.21      2.9462  1.9690e-01  2.0022e-01  2.1067e-01  2.1781e-01  2.3245e-01
  3392.71      2.9475  1.9735e-01  2.0008e-01  2.1066e-01  2.1790e-01  2.3267e-01
  3391.21      2.9488  1.9779e-01  1.9992e-01  2.1063e-01  2.1796e-01  2.3287e-01
  3389.71      2.9501  1.9821e-01  1.9975e-01  2.1058e-01  2.1800e-01  2.3304e-01
  3388.21      2.9514  1.9862e-01  1.9957e-01  2.1053e-01  2.1802e-01  2.3320e-01
  3386.71      2.9527  1.9900e-01  1.9938e-01  2.1047e-01  2.1803e-01  2.3333e-01
  3385.21      2.9540  1.9937e-01  1.9920e-01  2.1040e-01  2.1802e-01  2.3347e-01
  3383.71      2.9553  1.9972e-01  1.9901e-01  2.1032e-01  2.1801e-01  2.3360e-01
  3382.21      2.9566  2.0006e-01  1.9880e-01  2.1023e-01  2.1800e-01  2.3372e-01
  3380.71      2.9580  2.0039e-01  1.9858e-01  2.1014e-01  2.1799e-01  2.3382e-01
  3379.21      2.9593  2.0071e-01  1.9835e-01  2.1003e-01  2.1796e-01  2.3391e-01
  3377.71      2.9606  2.0099e-01  1.9810e-01  2.0991e-01  2.1792e-01  2.3400e-01
  3376.21      2.9619  2.0125e-01  1.9784e-01  2.0976e-01  2.1787e-01  2.3408e-01
  3374.71      2.9632  2.0150e-01  1.9755e-01  2.0960e-01  2.1779e-01  2.3413e-01
  3373.21      2.9645  2.0173e-01  1.9724e-01  2.0941e-01  2.1768e-01  2.3416e-01
  3371.71      2.9659  2.0195e-01  1.9691e-01  2.0920e-01  2.1754e-01  2.3416e-01
  3370.21      2.9672  2.0214e-01  1.9657e-01  2.0896e-01  2.1739e-01  2.3411e-01
  3368.71      2.9685  2.0232e-01  1.9620e-01  2.0871e-01  2.1720e-01  2.3402e-01
  3367.21      2.9698  2.0247e-01  1.9581e-01  2.0843e-01  2.1699e-01  2.3389e-01
  3365.71      2.9711  2.0261e-01  1.9542e-01  2.0813e-01  2.1676e-01  2.3373e-01
  3364.21      2.9725  2.0274e-01  1.9503e-01  2.0785e-01  2.1651e-01  2.3356e-01
  3362.71      2.9738  2.0285e-01  1.9464e-01  2.0755e-01  2.1625e-01  2.3339e-01
  3361.21      2.9751  2.0296e-01  1.9425e-01  2.0726e-01  2.1598e-01  2.3322e-01
  3359.71      2.9764  2.0305e-01  1.9386e-01  2.0696e-01  2.1572e-01  2.3308e-01
  3358.21      2.9778  2.0312e-01  1.9346e-01  2.0666e-01  2.1544e-01  2.3292e-01
  3356.71      2.9791  2.0316e-01  1.9307e-01  2.0634e-01  2.1518e-01  2.3278e-01
  3355.21      2.9804  2.0320e-01  1.9268e-01  2.0603e-01  2.1490e-01  2.3261e-01
  3353.71      2.9818  2.0322e-01  1.9229e-01  2.0570e-01  2.1464e-01  2.3242e-01
  3352.21      2.9831  2.0322e-01  1.9190e-01  2.0536e-01  2.1435e-01  2.3221e-01
  3350.71      2.9844  2.0320e-01  1.9149e-01  2.0501e-01  2.1406e-01  2.3198e-01
  3349.21      2.9858  2.0316e-01  1.9107e-01  2.0464e-01  2.1376e-01  2.3173e-01
  3347.71      2.9871  2.0311e-01  1.9065e-01  2.0427e-01  2.1344e-01  2.3145e-01
  3346.21      2.9885  2.0305e-01  1.9022e-01  2.0390e-01  2.1311e-01  2.3119e-01
  3344.71      2.9898  2.0298e-01  1.8980e-01  2.0352e-01  2.1276e-01  2.3091e-01
  3343.21      2.9911  2.0291e-01  1.8936e-01  2.0313e-01  2.1240e-01  2.3063e-01
  3341.71      2.9925  2.0282e-01  1.8893e-01  2.0275e-01  2.1203e-01  2.3034e-01
  3340.21      2.9938  2.0273e-01  1.8849e-01  2.0235e-01  2.1165e-01  2.3003e-01
  3338.71      2.9952  2.0264e-01  1.8806e-01  2.0195e-01  2.1127e-01  2.2971e-01
  3337.21      2.9965  2.0254e-01  1.8763e-01  2.0156e-01  2.1089e-01  2.2937e-01
  3335.71      2.9979  2.0245e-01  1.8720e-01  2.0116e-01  2.1051e-01  2.2903e-01
  3334.21      2.9992  2.0234e-01  1.8678e-01  2.0078e-01  2.1015e-01  2.2870e-01
  3332.71      3.0006  2.0223e-01  1.8634e-01  2.0039e-01  2.0979e-01  2.2839e-01
  3331.21      3.0019  2.0211e-01  1.8593e-01  2.0001e-01  2.0944e-01  2.2808e-01
  3329.71      3.0033  2.0198e-01  1.8552e-01  1.9963e-01  2.0910e-01  2.2777e-01
  3328.21      3.0046  2.0184e-01  1.8511e-01  1.9925e-01  2.0877e-01  2.2746e-01
  3326.71      3.0060  2.0170e-01  1.8470e-01  1.9888e-01  2.0845e-01  2.2715e-01
  3325.21      3.0073  2.0155e-01  1.8429e-01  1.9851e-01  2.0812e-01  2.2682e-01
  3323.71      3.0087  2.0138e-01  1.8388e-01  1.9812e-01  2.0779e-01  2.2648e-01
  3322.21      3.0100  2.0123e-01  1.8348e-01  1.9775e-01  2.0747e-01  2.2616e-01
  3320.71      3.0114  2.0107e-01  1.8308e-01  1.9739e-01  2.0713e-01  2.2585e-01
  3319.21      3.0128  2.0092e-01  1.8270e-01  1.9703e-01  2.0680e-01  2.2555e-01
  3317.71      3.0141  2.0077e-01  1.8232e-01  1.9668e-01  2.0648e-01  2.2529e-01
  3316.21      3.0155  2.0062e-01  1.8195e-01  1.9634e-01  2.0615e-01  2.2504e-01
  3314.71      3.0169  2.0046e-01  1.8157e-01  1.9598e-01  2.0582e-01  2.2480e-01
  3313.21      3.0182  2.0031e-01  1.8121e-01  1.9564e-01  2.0550e-01  2.2456e-01
  3311.71      3.0196  2.0015e-01  1.8084e-01  1.9530e-01  2.0517e-01  2.2428e-01
  3310.21      3.0210  1.9998e-01  1.8047e-01  1.9494e-01  2.0483e-01  2.2399e-01
  3308.71      3.0223  1.9981e-01  1.8011e-01  1.9457e-01  2.0448e-01  2.2367e-01
  3307.21      3.0237  1.9961e-01  1.7974e-01  1.9419e-01  2.0411e-01  2.2331e-01
  3305.71      3.0251  1.9940e-01  1.7935e-01  1.9380e-01  2.0373e-01  2.2292e-01
  3304.21      3.0264  1.9918e-01  1.7897e-01  1.9341e-01  2.0333e-01  2.2253e-01
  3302.71      3.0278  1.9896e-01  1.7859e-01  1.9303e-01  2.0294e-01  2.2215e-01
  3301.21      3.0292  1.9872e-01  1.7821e-01  1.9265e-01  2.0255e-01  2.2178e-01
  3299.71      3.0306  1.9850e-01  1.7785e-01  1.9228e-01  2.0217e-01  2.2144e-01
  3298.21      3.0319  1.9827e-01  1.7748e-01  1.9193e-01  2.0180e-01  2.2112e-01
  3296.71      3.0333  1.9804e-01  1.7711e-01  1.9156e-01  2.0142e-01  2.2079e-01
  3295.21      3.0347  1.9781e-01  1.7675e-01  1.9120e-01  2.0106e-01  2.2046e-01
  3293.71      3.0361  1.9758e-01  1.7638e-01  1.9084e-01  2.0070e-01  2.2011e-01
  3292.21      3.0375  1.9736e-01  1.7603e-01  1.9048e-01  2.0034e-01  2.1974e-01
  3290.71      3.0389  1.9715e-01  1.7567e-01  1.9011e-01  1.9998e-01  2.1937e-01
  3289.21      3.0402  1.9693e-01  1.7531e-01  1.8974e-01  1.9963e-01  2.1901e-01
  3287.71      3.0416  1.9672e-01  1.7496e-01  1.8937e-01  1.9928e-01  2.1866e-01
  3286.21      3.0430  1.9652e-01  1.7462e-01  1.8902e-01  1.9894e-01  2.1833e-01
  3284.71      3.0444  1.9632e-01  1.7428e-01  1.8868e-01  1.9862e-01  2.1802e-01
  3283.21      3.0458  1.9612e-01  1.7395e-01  1.8835e-01  1.9829e-01  2.1773e-01
  3281.71      3.0472  1.9593e-01  1.7364e-01  1.8804e-01  1.9798e-01  2.1743e-01
  3280.21      3.0486  1.9573e-01  1.7332e-01  1.8772e-01  1.9767e-01  2.1714e-01
  3278.71      3.0500  1.9553e-01  1.7301e-01  1.8739e-01  1.9737e-01  2.1684e-01
  3277.21      3.0514  1.9532e-01  1.7269e-01  1.8708e-01  1.9705e-01  2.1653e-01
  3275.71      3.0528  1.9510e-01  1.7237e-01  1.8673e-01  1.9673e-01  2.1620e-01
  3274.21      3.0542  1.9487e-01  1.7206e-01  1.8638e-01  1.9639e-01  2.1583e-01
  3272.71      3.0556  1.9463e-01  1.7174e-01  1.8602e-01  1.9603e-01  2.1545e-01
  3271.21      3.0570  1.9438e-01  1.7140e-01  1.8563e-01  1.9565e-01  2.1504e-01
  3269.71      3.0584  1.9413e-01  1.7105e-01  1.8526e-01  1.9527e-01  2.1463e-01
  3268.21      3.0598  1.9389e-01  1.7071e-01  1.8487e-01  1.9490e-01  2.1421e-01
  3266.71      3.0612  1.9364e-01  1.7038e-01  1.8449e-01  1.9452e-01  2.1383e-01
  3265.21      3.0626  1.9339e-01  1.7004e-01  1.8412e-01  1.9415e-01  2.1345e-01
  3263.71      3.0640  1.9315e-01  1.6971e-01  1.8375e-01  1.9381e-01  2.1311e-01
  3262.21      3.0654  1.9291e-01  1.6939e-01  1.8339e-01  1.9346e-01  2.1277e-01
  3260.71      3.0668  1.9267e-01  1.6906e-01  1.8303e-01  1.9311e-01  2.1243e-01
  3259.20      3.0682  1.9244e-01  1.6874e-01  1.8267e-01  1.9276e-01  2.1208e-01
  3257.70      3.0696  1.9219e-01  1.6842e-01  1.8233e-01  1.9239e-01  2.1170e-01
  3256.20      3.0711  1.9194e-01  1.6810e-01  1.8197e-01  1.9202e-01  2.1133e-01
  3254.70      3.0725  1.9169e-01  1.6776e-01  1.8160e-01  1.9164e-01  2.1092e-01
  3253.20      3.0739  1.9143e-01  1.6742e-01  1.8122e-01  1.9124e-01  2.1052e-01
  3251.70      3.0753  1.9115e-01  1.6707e-01  1.8085e-01  1.9083e-01  2.1011e-01
  3250.20      3.0767  1.9088e-01  1.6672e-01  1.8047e-01  1.9042e-01  2.0970e-01
  3248.70      3.0782  1.9060e-01  1.6634e-01  1.8007e-01  1.8999e-01  2.0927e-01
  3247.20      3.0796  1.9030e-01  1.6597e-01  1.7968e-01  1.8956e-01  2.0882e-01
  3245.70      3.0810  1.9000e-01  1.6559e-01  1.7928e-01  1.8912e-01  2.0836e-01
  3244.20      3.0824  1.8969e-01  1.6521e-01  1.7887e-01  1.8868e-01  2.0790e-01
  3242.70      3.0838  1.8938e-01  1.6483e-01  1.7846e-01  1.8824e-01  2.0743e-01
  3241.20      3.0853  1.8906e-01  1.6445e-01  1.7805e-01  1.8781e-01  2.0696e-01
  3239.70      3.0867  1.8874e-01  1.6407e-01  1.7762e-01  1.8736e-01  2.0652e-01
  3238.20      3.0881  1.8840e-01  1.6367e-01  1.7719e-01  1.8691e-01  2.0607e-01
  3236.70      3.0896  1.8805e-01  1.6328e-01  1.7674e-01  1.8646e-01  2.0561e-01
  3235.20      3.0910  1.8770e-01  1.6287e-01  1.7629e-01  1.8599e-01  2.0513e-01
  3233.70      3.0924  1.8734e-01  1.6247e-01  1.7583e-01  1.8550e-01  2.0462e-01
  3232.20      3.0939  1.8697e-01  1.6204e-01  1.7535e-01  1.8500e-01  2.0408e-01
  3230.70      3.0953  1.8660e-01  1.6162e-01  1.7486e-01  1.8448e-01  2.0352e-01
  3229.20      3.0967  1.8622e-01  1.6118e-01  1.7438e-01  1.8396e-01  2.0296e-01
  3227.70      3.0982  1.8585e-01  1.6074e-01  1.7389e-01  1.8344e-01  2.0240e-01
  3226.20      3.0996  1.8547e-01  1.6028e-01  1.7340e-01  1.8292e-01  2.0185e-01
  3224.70      3.1011  1.8509e-01  1.5983e-01  1.7290e-01  1.8240e-01  2.0130e-01
  3223.20      3.1025  1.8471e-01  1.5937e-01  1.7240e-01  1.8186e-01  2.0076e-01
  3221.70      3.1039  1.8431e-01  1.5891e-01  1.7190e-01  1.8132e-01  2.0020e-01
  3220.20      3.1054  1.8392e-01  1.5844e-01  1.7140e-01  1.8079e-01  1.9964e-01
  3218.70      3.1068  1.8351e-01  1.5796e-01  1.7088e-01  1.8024e-01  1.9906e-01
  3217.20      3.1083  1.8310e-01  1.5748e-01  1.7037e-01  1.7969e-01  1.9848e-01
  3215.70      3.1097  1.8267e-01  1.5701e-01  1.6985e-01  1.7915e-01  1.9788e-01
  3214.20      3.1112  1.8224e-01  1.5653e-01  1.6932e-01  1.7859e-01  1.9729e-01
  3212.70      3.1126  1.8179e-01  1.5605e-01  1.6878e-01  1.7805e-01  1.9668e-01
  3211.20      3.1141  1.8134e-01  1.5556e-01  1.6825e-01  1.7749e-01  1.9606e-01
  3209.70      3.1156  1.8088e-01  1.5507e-01  1.6771e-01  1.7693e-01  1.9544e-01
  3208.20      3.1170  1.8042e-01  1.5458e-01  1.6716e-01  1.7636e-01  1.9482e-01
  3206.70      3.1185  1.7997e-01  1.5409e-01  1.6660e-01  1.7578e-01  1.9420e-01
  3205.20      3.1199  1.7951e-01  1.5359e-01  1.6605e-01  1.7519e-01  1.9356e-01
  3203.70      3.1214  1.7905e-01  1.5309e-01  1.6548e-01  1.7458e-01  1.9294e-01
  3202.20      3.1229  1.7860e-01  1.5259e-01  1.6491e-01  1.7399e-01  1.9232e-01
  3200.70      3.1243  1.7815e-01  1.5209e-01  1.6434e-01  1.7339e-01  1.9170e-01
  3199.20      3.1258  1.7770e-01  1.5158e-01  1.6377e-01  1.7279e-01  1.9105e-01
  3197.70      3.1272  1.7725e-01  1.5108e-01  1.6319e-01  1.7220e-01  1.9041e-01
  3196.20      3.1287  1.7680e-01  1.5056e-01  1.6261e-01  1.7160e-01  1.8975e-01
  3194.70      3.1302  1.7634e-01  1.5005e-01  1.6202e-01  1.7100e-01  1.8909e-01
  3193.20      3.1317  1.7589e-01  1.4954e-01  1.6143e-01  1.7040e-01  1.8842e-01
  3191.70      3.1331  1.7543e-01  1.4901e-01  1.6083e-01  1.6977e-01  1.8775e-01
  3190.20      3.1346  1.7496e-01  1.4849e-01  1.6024e-01  1.6914e-01  1.8708e-01
  3188.70      3.1361  1.7451e-01  1.4796e-01  1.5965e-01  1.6850e-01  1.8640e-01
  3187.20      3.1376  1.7405e-01  1.4743e-01  1.5906e-01  1.6786e-01  1.8572e-01
  3185.70      3.1390  1.7358e-01  1.4690e-01  1.5847e-01  1.6721e-01  1.8504e-01
  3184.20      3.1405  1.7312e-01  1.4637e-01  1.5789e-01  1.6656e-01  1.8437e-01
  3182.70      3.1420  1.7266e-01  1.4585e-01  1.5731e-01  1.6592e-01  1.8370e-01
  3181.20      3.1435  1.7220e-01  1.4533e-01  1.5673e-01  1.6528e-01  1.8302e-01
  3179.70      3.1450  1.7174e-01  1.4481e-01  1.5614e-01  1.6464e-01  1.8234e-01
  3178.20      3.1464  1.7127e-01  1.4429e-01  1.5557e-01  1.6401e-01  1.8166e-01
  3176.70      3.1479  1.7080e-01  1.4379e-01  1.5499e-01  1.6338e-01  1.8096e-01
  3175.20      3.1494  1.7033e-01  1.4327e-01  1.5441e-01  1.6276e-01  1.8027e-01
  3173.70      3.1509  1.6986e-01  1.4276e-01  1.5383e-01  1.6215e-01  1.7958e-01
  3172.20      3.1524  1.6939e-01  1.4224e-01  1.5325e-01  1.6153e-01  1.7890e-01
  3170.70      3.1539  1.6892e-01  1.4171e-01  1.5266e-01  1.6092e-01  1.7823e-01
  3169.20      3.1554  1.6846e-01  1.4120e-01  1.5207e-01  1.6031e-01  1.7758e-01
  3167.70      3.1569  1.6801e-01  1.4068e-01  1.5147e-01  1.5971e-01  1.7693e-01
  3166.20      3.1584  1.6755e-01  1.4016e-01  1.5088e-01  1.5910e-01  1.7628e-01
  3164.70      3.1599  1.6712e-01  1.3965e-01  1.5029e-01  1.5850e-01  1.7564e-01
  3163.20      3.1614  1.6668e-01  1.3915e-01  1.4970e-01  1.5790e-01  1.7499e-01
  3161.70      3.1629  1.6625e-01  1.3864e-01  1.4912e-01  1.5730e-01  1.7433e-01
  3160.20      3.1644  1.6581e-01  1.3814e-01  1.4854e-01  1.5670e-01  1.7366e-01
  3158.70      3.1659  1.6539e-01  1.3765e-01  1.4796e-01  1.5609e-01  1.7300e-01
  3157.20      3.1674  1.6495e-01  1.3714e-01  1.4739e-01  1.5548e-01  1.7232e-01
  3155.70      3.1689  1.6451e-01  1.3664e-01  1.4682e-01  1.5487e-01  1.7163e-01
  3154.20      3.1704  1.6408e-01  1.3614e-01  1.4625e-01  1.5423e-01  1.7094e-01
  3152.70      3.1719  1.6362e-01  1.3563e-01  1.4567e-01  1.5359e-01  1.7023e-01
  3151.20      3.1734  1.6317e-01  1.3512e-01  1.4510e-01  1.5294e-01  1.6950e-01
  3149.70      3.1749  1.6272e-01  1.3461e-01  1.4452e-01  1.5231e-01  1.6880e-01
  3148.20      3.1764  1.6228e-01  1.3410e-01  1.4394e-01  1.5168e-01  1.6812e-01
  3146.70      3.1779  1.6184e-01  1.3359e-01  1.4338e-01  1.5106e-01  1.6746e-01
  3145.20      3.1795  1.6141e-01  1.3309e-01  1.4281e-01  1.5045e-01  1.6682e-01
  3143.70      3.1810  1.6098e-01  1.3259e-01  1.4225e-01  1.4985e-01  1.6620e-01
  3142.20      3.1825  1.6056e-01  1.3210e-01  1.4170e-01  1.4925e-01  1.6557e-01
  3140.70      3.1840  1.6014e-01  1.3161e-01  1.4116e-01  1.4867e-01  1.6492e-01
  3139.20      3.1855  1.5972e-01  1.3113e-01  1.4061e-01  1.4809e-01  1.6426e-01
  3137.70      3.1871  1.5931e-01  1.3067e-01  1.4008e-01  1.4751e-01  1.6359e-01
  3136.20      3.1886  1.5890e-01  1.3021e-01  1.3955e-01  1.4693e-01  1.6292e-01
  3134.70      3.1901  1.5850e-01  1.2977e-01  1.3903e-01  1.4637e-01  1.6228e-01
  3133.20      3.1916  1.5811e-01  1.2933e-01  1.3853e-01  1.4581e-01  1.6164e-01
  3131.70      3.1932  1.5771e-01  1.2891e-01  1.3804e-01  1.4527e-01  1.6104e-01
  3130.20      3.1947  1.5732e-01  1.2850e-01  1.3755e-01  1.4474e-01  1.6043e-01
  3128.70      3.1962  1.5693e-01  1.2808e-01  1.3708e-01  1.4422e-01  1.5987e-01
  3127.20      3.1978  1.5654e-01  1.2768e-01  1.3660e-01  1.4369e-01  1.5931e-01
  3125.69      3.1993  1.5615e-01  1.2728e-01  1.3613e-01  1.4318e-01  1.5876e-01
  3124.19      3.2008  1.5576e-01  1.2687e-01  1.3565e-01  1.4265e-01  1.5823e-01
  3122.69      3.2024  1.5537e-01  1.2646e-01  1.3517e-01  1.4211e-01  1.5767e-01
  3121.19      3.2039  1.5498e-01  1.2604e-01  1.3468e-01  1.4156e-01  1.5710e-01
  3119.69      3.2054  1.5457e-01  1.2560e-01  1.3418e-01  1.4100e-01  1.5648e-01
  3118.19      3.2070  1.5418e-01  1.2516e-01  1.3366e-01  1.4041e-01  1.5583e-01
  3116.69      3.2085  1.5378e-01  1.2472e-01  1.3315e-01  1.3984e-01  1.5516e-01
  3115.19      3.2101  1.5337e-01  1.2427e-01  1.3263e-01  1.3926e-01  1.5447e-01
  3113.69      3.2116  1.5298e-01  1.2384e-01  1.3212e-01  1.3869e-01  1.5381e-01
  3112.19      3.2132  1.5258e-01  1.2341e-01  1.3162e-01  1.3814e-01  1.5316e-01
  3110.69      3.2147  1.5220e-01  1.2299e-01  1.3112e-01  1.3760e-01  1.5254e-01
  3109.19      3.2163  1.5183e-01  1.2258e-01  1.3064e-01  1.3708e-01  1.5195e-01
  3107.69      3.2178  1.5145e-01  1.2218e-01  1.3016e-01  1.3657e-01  1.5137e-01
  3106.19      3.2194  1.5109e-01  1.2179e-01  1.2969e-01  1.3606e-01  1.5082e-01
  3104.69      3.2209  1.5074e-01  1.2140e-01  1.2924e-01  1.3556e-01  1.5028e-01
  3103.19      3.2225  1.5039e-01  1.2105e-01  1.2878e-01  1.3508e-01  1.4975e-01
  3101.69      3.2240  1.5005e-01  1.2069e-01  1.2833e-01  1.3460e-01  1.4924e-01
  3100.19      3.2256  1.4972e-01  1.2033e-01  1.2789e-01  1.3414e-01  1.4872e-01
  3098.69      3.2272  1.4938e-01  1.1998e-01  1.2745e-01  1.3369e-01  1.4822e-01
  3097.19      3.2287  1.4907e-01  1.1964e-01  1.2702e-01  1.3325e-01  1.4773e-01
  3095.69      3.2303  1.4874e-01  1.1931e-01  1.2660e-01  1.3282e-01  1.4724e-01
  3094.19      3.2319  1.4843e-01  1.1897e-01  1.2619e-01  1.3241e-01  1.4677e-01
  3092.69      3.2334  1.4812e-01  1.1864e-01  1.2578e-01  1.3199e-01  1.4629e-01
  3091.19      3.2350  1.4782e-01  1.1831e-01  1.2536e-01  1.3158e-01  1.4582e-01
  3089.69      3.2366  1.4751e-01  1.1797e-01  1.2494e-01  1.3115e-01  1.4533e-01
  3088.19      3.2381  1.4718e-01  1.1763e-01  1.2452e-01  1.3071e-01  1.4483e-01
  3086.69      3.2397  1.4687e-01  1.1727e-01  1.2409e-01  1.3026e-01  1.4433e-01
  3085.19      3.2413  1.4654e-01  1.1692e-01  1.2366e-01  1.2980e-01  1.4380e-01
  3083.69      3.2429  1.4623e-01  1.1656e-01  1.2321e-01  1.2931e-01  1.4326e-01
  3082.19      3.2444  1.4590e-01  1.1618e-01  1.2278e-01  1.2881e-01  1.4270e-01
  3080.69      3.2460  1.4557e-01  1.1581e-01  1.2234e-01  1.2831e-01  1.4212e-01
  3079.19      3.2476  1.4526e-01  1.1544e-01  1.2192e-01  1.2781e-01  1.4154e-01
  3077.69      3.2492  1.4494e-01  1.1506e-01  1.2150e-01  1.2733e-01  1.4099e-01
  3076.19      3.2508  1.4463e-01  1.1470e-01  1.2109e-01  1.2685e-01  1.4047e-01
  3074.69      3.2524  1.4433e-01  1.1435e-01  1.2070e-01  1.2640e-01  1.3999e-01
  3073.19      3.2539  1.4404e-01  1.1399e-01  1.2030e-01  1.2596e-01  1.3955e-01
  3071.69      3.2555  1.4376e-01  1.1365e-01  1.1992e-01  1.2553e-01  1.3913e-01
  3070.19      3.2571  1.4349e-01  1.1332e-01  1.1954e-01  1.2511e-01  1.3871e-01
  3068.69      3.2587  1.4322e-01  1.1301e-01  1.1916e-01  1.2471e-01  1.3828e-01
  3067.19      3.2603  1.4295e-01  1.1269e-01  1.1879e-01  1.2431e-01  1.3784e-01
  3065.69      3.2619  1.4268e-01  1.1240e-01  1.1842e-01  1.2390e-01  1.3737e-01
  3064.19      3.2635  1.4242e-01  1.1211e-01  1.1806e-01  1.2352e-01  1.3691e-01
  3062.69      3.2651  1.4216e-01  1.1183e-01  1.1772e-01  1.2315e-01  1.3646e-01
  3061.19      3.2667  1.4191e-01  1.1155e-01  1.1738e-01  1.2280e-01  1.3604e-01
  3059.69      3.2683  1.4167e-01  1.1129e-01  1.1706e-01  1.2244e-01  1.3564e-01
  3058.19      3.2699  1.4142e-01  1.1102e-01  1.1674e-01  1.2209e-01  1.3525e-01
  3056.69      3.2715  1.4119e-01  1.1077e-01  1.1642e-01  1.2174e-01  1.3487e-01
  3055.19      3.2731  1.4096e-01  1.1051e-01  1.1612e-01  1.2139e-01  1.3448e-01
  3053.69      3.2747  1.4074e-01  1.1025e-01  1.1581e-01  1.2104e-01  1.3409e-01
  3052.19      3.2763  1.4052e-01  1.0998e-01  1.1548e-01  1.2068e-01  1.3369e-01
  3050.69      3.2779  1.4031e-01  1.0971e-01  1.1516e-01  1.2031e-01  1.3328e-01
  3049.19      3.2796  1.4010e-01  1.0944e-01  1.1483e-01  1.1995e-01  1.3287e-01
  3047.69      3.2812  1.3990e-01  1.0916e-01  1.1448e-01  1.1959e-01  1.3245e-01
  3046.19      3.2828  1.3969e-01  1.0888e-01  1.1415e-01  1.1923e-01  1.3202e-01
  3044.69      3.2844  1.3948e-01  1.0859e-01  1.1381e-01  1.1887e-01  1.3160e-01
  3043.19      3.2860  1.3928e-01  1.0829e-01  1.1346e-01  1.1850e-01  1.3119e-01
  3041.69      3.2876  1.3906e-01  1.0801e-01  1.1311e-01  1.1813e-01  1.3079e-01
  3040.19      3.2893  1.3886e-01  1.0772e-01  1.1276e-01  1.1776e-01  1.3040e-01
  3038.69      3.2909  1.3865e-01  1.0744e-01  1.1243e-01  1.1739e-01  1.3002e-01
  3037.19      3.2925  1.3845e-01  1.0716e-01  1.1211e-01  1.1703e-01  1.2966e-01
  3035.69      3.2941  1.3825e-01  1.0690e-01  1.1179e-01  1.1669e-01  1.2928e-01
  3034.19      3.2958  1.3806e-01  1.0664e-01  1.1149e-01  1.1634e-01  1.2890e-01
  3032.69      3.2974  1.3786e-01  1.0640e-01  1.1120e-01  1.1602e-01  1.2851e-01
  3031.19      3.2990  1.3767e-01  1.0616e-01  1.1093e-01  1.1571e-01  1.2811e-01
  3029.69      3.3007  1.3750e-01  1.0593e-01  1.1068e-01  1.1541e-01  1.2772e-01
  3028.19      3.3023  1.3734e-01  1.0572e-01  1.1045e-01  1.1512e-01  1.2736e-01
  3026.69      3.3039  1.3720e-01  1.0552e-01  1.1020e-01  1.1484e-01  1.2702e-01
  3025.19      3.3056  1.3704e-01  1.0530e-01  1.0997e-01  1.1457e-01  1.2672e-01
  3023.69      3.3072  1.3691e-01  1.0510e-01  1.0974e-01  1.1431e-01  1.2643e-01
  3022.19      3.3089  1.3677e-01  1.0490e-01  1.0950e-01  1.1405e-01  1.2616e-01
  3020.69      3.3105  1.3663e-01  1.0470e-01  1.0925e-01  1.1379e-01  1.2591e-01
  3019.19      3.3122  1.3649e-01  1.0449e-01  1.0900e-01  1.1353e-01  1.2565e-01
  3017.69      3.3138  1.3634e-01  1.0427e-01  1.0873e-01  1.1325e-01  1.2537e-01
  3016.19      3.3154  1.3619e-01  1.0405e-01  1.0847e-01  1.1297e-01  1.2507e-01
  3014.69      3.3171  1.3603e-01  1.0384e-01  1.0819e-01  1.1268e-01  1.2473e-01
  3013.19      3.3187  1.3586e-01  1.0363e-01  1.0792e-01  1.1239e-01  1.2438e-01
  3011.69      3.3204  1.3570e-01  1.0341e-01  1.0764e-01  1.1211e-01  1.2403e-01
  3010.19      3.3221  1.3555e-01  1.0320e-01  1.0740e-01  1.1184e-01  1.2369e-01
  3008.69      3.3237  1.3539e-01  1.0300e-01  1.0716e-01  1.1159e-01  1.2338e-01
  3007.19      3.3254  1.3525e-01  1.0282e-01  1.0694e-01  1.1136e-01  1.2311e-01
  3005.69      3.3270  1.3513e-01  1.0263e-01  1.0673e-01  1.1114e-01  1.2286e-01
  3004.19      3.3287  1.3501e-01  1.0245e-01  1.0653e-01  1.1093e-01  1.2263e-01
  3002.69      3.3304  1.3490e-01  1.0229e-01  1.0634e-01  1.1072e-01  1.2241e-01
  3001.19      3.3320  1.3480e-01  1.0212e-01  1.0614e-01  1.1051e-01  1.2216e-01
  2999.69      3.3337  1.3470e-01  1.0195e-01  1.0594e-01  1.1028e-01  1.2192e-01
  2998.19      3.3354  1.3460e-01  1.0178e-01  1.0572e-01  1.1004e-01  1.2165e-01
  2996.69      3.3370  1.3449e-01  1.0160e-01  1.0549e-01  1.0978e-01  1.2136e-01
  2995.19      3.3387  1.3438e-01  1.0141e-01  1.0526e-01  1.0951e-01  1.2105e-01
  2993.69      3.3404  1.3427e-01  1.0123e-01  1.0501e-01  1.0924e-01  1.2075e-01
  2992.19      3.3420  1.3415e-01  1.0103e-01  1.0475e-01  1.0898e-01  1.2044e-01
  2990.68      3.3437  1.3404e-01  1.0084e-01  1.0450e-01  1.0872e-01  1.2015e-01
  2989.18      3.3454  1.3391e-01  1.0065e-01  1.0426e-01  1.0847e-01  1.1987e-01
  2987.68      3.3471  1.3380e-01  1.0046e-01  1.0401e-01  1.0822e-01  1.1962e-01
  2986.18      3.3488  1.3368e-01  1.0026e-01  1.0378e-01  1.0798e-01  1.1939e-01
  2984.68      3.3504  1.3357e-01  1.0008e-01  1.0356e-01  1.0775e-01  1.1917e-01
  2983.18      3.3521  1.3347e-01  9.9900e-02  1.0334e-01  1.0751e-01  1.1893e-01
  2981.68      3.3538  1.3338e-01  9.9710e-02  1.0314e-01  1.0728e-01  1.1870e-01
  2980.18      3.3555  1.3328e-01  9.9540e-02  1.0293e-01  1.0705e-01  1.1846e-01
  2978.68      3.3572  1.3320e-01  9.9350e-02  1.0273e-01  1.0682e-01  1.1821e-01
  2977.18      3.3589  1.3312e-01  9.9170e-02  1.0253e-01  1.0659e-01  1.1795e-01
  2975.68      3.3606  1.3305e-01  9.9000e-02  1.0235e-01  1.0637e-01  1.1769e-01
  2974.18      3.3623  1.3298e-01  9.8840e-02  1.0216e-01  1.0614e-01  1.1744e-01
  2972.68      3.3640  1.3291e-01  9.8680e-02  1.0197e-01  1.0593e-01  1.1720e-01
  2971.18      3.3657  1.3285e-01  9.8510e-02  1.0179e-01  1.0572e-01  1.1698e-01
  2969.68      3.3674  1.3278e-01  9.8350e-02  1.0161e-01  1.0550e-01  1.1677e-01
  2968.18      3.3691  1.3270e-01  9.8190e-02  1.0143e-01  1.0529e-01  1.1657e-01
  2966.68      3.3708  1.3262e-01  9.8030e-02  1.0126e-01  1.0509e-01  1.1639e-01
  2965.18      3.3725  1.3254e-01  9.7880e-02  1.0107e-01  1.0488e-01  1.1619e-01
  2963.68      3.3742  1.3244e-01  9.7730e-02  1.0089e-01  1.0467e-01  1.1599e-01
  2962.18      3.3759  1.3234e-01  9.7580e-02  1.0071e-01  1.0447e-01  1.1578e-01
  2960.68      3.3776  1.3224e-01  9.7430e-02  1.0053e-01  1.0428e-01  1.1555e-01
  2959.18      3.3793  1.3213e-01  9.7280e-02  1.0035e-01  1.0409e-01  1.1534e-01
  2957.68      3.3810  1.3203e-01  9.7140e-02  1.0018e-01  1.0391e-01  1.1512e-01
  2956.18      3.3827  1.3192e-01  9.7000e-02  1.0001e-01  1.0374e-01  1.1492e-01
  2954.68      3.3845  1.3182e-01  9.6870e-02  9.9840e-02  1.0358e-01  1.1472e-01
  2953.18      3.3862  1.3171e-01  9.6730e-02  9.9670e-02  1.0341e-01  1.1454e-01
  2951.68      3.3879  1.3162e-01  9.6590e-02  9.9500e-02  1.0325e-01  1.1437e-01
  2950.18      3.3896  1.3154e-01  9.6460e-02  9.9330e-02  1.0308e-01  1.1420e-01
  2948.68      3.3913  1.3147e-01  9.6320e-02  9.9160e-02  1.0292e-01  1.1403e-01
  2947.18      3.3931  1.3141e-01  9.6190e-02  9.8990e-02  1.0275e-01  1.1386e-01
  2945.68      3.3948  1.3136e-01  9.6060e-02  9.8820e-02  1.0259e-01  1.1367e-01
  2944.18      3.3965  1.3132e-01  9.5930e-02  9.8660e-02  1.0242e-01  1.1349e-01
  2942.68      3.3983  1.3129e-01  9.5800e-02  9.8500e-02  1.0228e-01  1.1331e-01
  2941.18      3.4000  1.3128e-01  9.5670e-02  9.8370e-02  1.0215e-01  1.1314e-01
  2939.68      3.4017  1.3128e-01  9.5540e-02  9.8240e-02  1.0204e-01  1.1298e-01
  2938.18      3.4035  1.3128e-01  9.5420e-02  9.8130e-02  1.0193e-01  1.1286e-01
  2936.68      3.4052  1.3128e-01  9.5280e-02  9.8000e-02  1.0182e-01  1.1274e-01
  2935.18      3.4069  1.3128e-01  9.5150e-02  9.7890e-02  1.0172e-01  1.1264e-01
  2933.68      3.4087  1.3128e-01  9.5000e-02  9.7760e-02  1.0161e-01  1.1253e-01
  2932.18      3.4104  1.3126e-01  9.4840e-02  9.7620e-02  1.0148e-01  1.1239e-01
  2930.68      3.4122  1.3122e-01  9.4670e-02  9.7470e-02  1.0134e-01  1.1224e-01
  2929.18      3.4139  1.3115e-01  9.4480e-02  9.7300e-02  1.0118e-01  1.1207e-01
  2927.68      3.4157  1.3105e-01  9.4280e-02  9.7110e-02  1.0100e-01  1.1189e-01
  2926.18      3.4174  1.3090e-01  9.4080e-02  9.6910e-02  1.0082e-01  1.1170e-01
  2924.68      3.4192  1.3070e-01  9.3870e-02  9.6700e-02  1.0063e-01  1.1153e-01
  2923.18      3.4209  1.3046e-01  9.3660e-02  9.6490e-02  1.0042e-01  1.1133e-01
  2921.68      3.4227  1.3017e-01  9.3440e-02  9.6260e-02  1.0020e-01  1.1111e-01
  2920.18      3.4244  1.2985e-01  9.3230e-02  9.6020e-02  9.9940e-02  1.1083e-01
  2918.68      3.4262  1.2948e-01  9.3020e-02  9.5770e-02  9.9680e-02  1.1049e-01
  2917.18      3.4280  1.2909e-01  9.2800e-02  9.5520e-02  9.9380e-02  1.1010e-01
  2915.68      3.4297  1.2869e-01  9.2580e-02  9.5270e-02  9.9090e-02  1.0967e-01
  2914.18      3.4315  1.2832e-01  9.2370e-02  9.5020e-02  9.8790e-02  1.0925e-01
  2912.68      3.4333  1.2797e-01  9.2160e-02  9.4770e-02  9.8500e-02  1.0887e-01
  2911.18      3.4350  1.2766e-01  9.1960e-02  9.4560e-02  9.8240e-02  1.0854e-01
  2909.68      3.4368  1.2741e-01  9.1770e-02  9.4350e-02  9.8010e-02  1.0829e-01
  2908.18      3.4386  1.2720e-01  9.1600e-02  9.4180e-02  9.7810e-02  1.0810e-01
  2906.68      3.4404  1.2704e-01  9.1440e-02  9.4010e-02  9.7640e-02  1.0796e-01
  2905.18      3.4421  1.2692e-01  9.1280e-02  9.3870e-02  9.7480e-02  1.0786e-01
  2903.68      3.4439  1.2685e-01  9.1140e-02  9.3750e-02  9.7350e-02  1.0775e-01
  2902.18      3.4457  1.2680e-01  9.1010e-02  9.3630e-02  9.7220e-02  1.0765e-01
  2900.68      3.4475  1.2678e-01  9.0890e-02  9.3520e-02  9.7100e-02  1.0753e-01
  2899.18      3.4493  1.2676e-01  9.0770e-02  9.3400e-02  9.6970e-02  1.0740e-01
  2897.68      3.4510  1.2674e-01  9.0650e-02  9.3290e-02  9.6850e-02  1.0727e-01
  2896.18      3.4528  1.2672e-01  9.0540e-02  9.3170e-02  9.6730e-02  1.0713e-01
  2894.68      3.4546  1.2670e-01  9.0420e-02  9.3060e-02  9.6620e-02  1.0699e-01
  2893.18      3.4564  1.2669e-01  9.0320e-02  9.2960e-02  9.6520e-02  1.0686e-01
  2891.68      3.4582  1.2667e-01  9.0210e-02  9.2850e-02  9.6420e-02  1.0675e-01
  2890.18      3.4600  1.2666e-01  9.0110e-02  9.2750e-02  9.6330e-02  1.0664e-01
  2888.68      3.4618  1.2665e-01  9.0010e-02  9.2660e-02  9.6240e-02  1.0655e-01
  2887.18      3.4636  1.2666e-01  8.9910e-02  9.2570e-02  9.6160e-02  1.0647e-01
  2885.68      3.4654  1.2666e-01  8.9830e-02  9.2480e-02  9.6070e-02  1.0639e-01
  2884.18      3.4672  1.2668e-01  8.9740e-02  9.2400e-02  9.5990e-02  1.0632e-01
  2882.68      3.4690  1.2669e-01  8.9650e-02  9.2330e-02  9.5900e-02  1.0626e-01
  2881.18      3.4708  1.2671e-01  8.9570e-02  9.2230e-02  9.5810e-02  1.0620e-01
  2879.68      3.4726  1.2672e-01  8.9480e-02  9.2130e-02  9.5710e-02  1.0612e-01
  2878.18      3.4744  1.2674e-01  8.9380e-02  9.2010e-02  9.5600e-02  1.0603e-01
  2876.68      3.4762  1.2674e-01  8.9280e-02  9.1890e-02  9.5490e-02  1.0592e-01
  2875.18      3.4780  1.2674e-01  8.9170e-02  9.1760e-02  9.5360e-02  1.0579e-01
  2873.68      3.4799  1.2674e-01  8.9060e-02  9.1620e-02  9.5240e-02  1.0565e-01
  2872.18      3.4817  1.2672e-01  8.8940e-02  9.1490e-02  9.5100e-02  1.0550e-01
  2870.68      3.4835  1.2671e-01  8.8830e-02  9.1350e-02  9.4980e-02  1.0537e-01
  2869.18      3.4853  1.2671e-01  8.8700e-02  9.1220e-02  9.4870e-02  1.0525e-01
  2867.68      3.4871  1.2670e-01  8.8580e-02  9.1110e-02  9.4770e-02  1.0517e-01
  2866.18      3.4890  1.2670e-01  8.8450e-02  9.1010e-02  9.4680e-02  1.0510e-01
  2864.68      3.4908  1.2670e-01  8.8330e-02  9.0910e-02  9.4590e-02  1.0505e-01
  2863.18      3.4926  1.2669e-01  8.8190e-02  9.0800e-02  9.4480e-02  1.0499e-01
  2861.68      3.4945  1.2667e-01  8.8050e-02  9.0690e-02  9.4380e-02  1.0494e-01
  2860.18      3.4963  1.2663e-01  8.7910e-02  9.0580e-02  9.4270e-02  1.0487e-01
  2858.68      3.4981  1.2656e-01  8.7750e-02  9.0450e-02  9.4130e-02  1.0479e-01
  2857.17      3.5000  1.2644e-01  8.7580e-02  9.0310e-02  9.3980e-02  1.0469e-01
  2855.67      3.5018  1.2628e-01  8.7410e-02  9.0140e-02  9.3810e-02  1.0456e-01
  2854.17      3.5036  1.2608e-01  8.7240e-02  8.9950e-02  9.3610e-02  1.0439e-01
  2852.67      3.5055  1.2585e-01  8.7070e-02  8.9740e-02  9.3390e-02  1.0417e-01
  2851.17      3.5073  1.2558e-01  8.6900e-02  8.9520e-02  9.3170e-02  1.0389e-01
  2849.67      3.5092  1.2529e-01  8.6730e-02  8.9320e-02  9.2930e-02  1.0360e-01
  2848.17      3.5110  1.2499e-01  8.6570e-02  8.9100e-02  9.2720e-02  1.0330e-01
  2846.67      3.5129  1.2471e-01  8.6420e-02  8.8900e-02  9.2510e-02  1.0302e-01
  2845.17      3.5147  1.2446e-01  8.6280e-02  8.8720e-02  9.2330e-02  1.0279e-01
  2843.67      3.5166  1.2425e-01  8.6160e-02  8.8560e-02  9.2190e-02  1.0260e-01
  2842.17      3.5184  1.2408e-01  8.6030e-02  8.8430e-02  9.2060e-02  1.0247e-01
  2840.67      3.5203  1.2396e-01  8.5920e-02  8.8310e-02  9.1950e-02  1.0237e-01
  2839.17      3.5222  1.2386e-01  8.5810e-02  8.8210e-02  9.1860e-02  1.0228e-01
  2837.67      3.5240  1.2381e-01  8.5700e-02  8.8110e-02  9.1750e-02  1.0220e-01
  2836.17      3.5259  1.2378e-01  8.5590e-02  8.8030e-02  9.1670e-02  1.0213e-01
  2834.67      3.5277  1.2377e-01  8.5480e-02  8.7960e-02  9.1590e-02  1.0206e-01
  2833.17      3.5296  1.2378e-01  8.5380e-02  8.7890e-02  9.1510e-02  1.0200e-01
  2831.67      3.5315  1.2380e-01  8.5280e-02  8.7820e-02  9.1440e-02  1.0195e-01
  2830.17      3.5334  1.2382e-01  8.5180e-02  8.7750e-02  9.1380e-02  1.0191e-01
  2828.67      3.5352  1.2383e-01  8.5080e-02  8.7680e-02  9.1320e-02  1.0187e-01
  2827.17      3.5371  1.2385e-01  8.4990e-02  8.7610e-02  9.1250e-02  1.0182e-01
  2825.67      3.5390  1.2386e-01  8.4900e-02  8.7540e-02  9.1190e-02  1.0177e-01
  2824.17      3.5409  1.2388e-01  8.4800e-02  8.7470e-02  9.1110e-02  1.0170e-01
  2822.67      3.5427  1.2389e-01  8.4710e-02  8.7390e-02  9.1030e-02  1.0162e-01
  2821.17      3.5446  1.2389e-01  8.4610e-02  8.7320e-02  9.0960e-02  1.0154e-01
  2819.67      3.5465  1.2389e-01  8.4500e-02  8.7230e-02  9.0870e-02  1.0144e-01
  2818.17      3.5484  1.2386e-01  8.4400e-02  8.7140e-02  9.0790e-02  1.0135e-01
  2816.67      3.5503  1.2383e-01  8.4290e-02  8.7040e-02  9.0700e-02  1.0125e-01
  2815.17      3.5522  1.2379e-01  8.4170e-02  8.6940e-02  9.0610e-02  1.0115e-01
  2813.67      3.5541  1.2374e-01  8.4050e-02  8.6820e-02  9.0520e-02  1.0104e-01
  2812.17      3.5560  1.2368e-01  8.3930e-02  8.6710e-02  9.0430e-02  1.0092e-01
  2810.67      3.5579  1.2362e-01  8.3810e-02  8.6590e-02  9.0330e-02  1.0080e-01
  2809.17      3.5598  1.2355e-01  8.3680e-02  8.6460e-02  9.0230e-02  1.0067e-01
  2807.67      3.5617  1.2349e-01  8.3560e-02  8.6330e-02  9.0130e-02  1.0054e-01
  2806.17      3.5636  1.2341e-01  8.3420e-02  8.6190e-02  9.0030e-02  1.0041e-01
  2804.67      3.5655  1.2334e-01  8.3290e-02  8.6050e-02  8.9910e-02  1.0029e-01
  2803.17      3.5674  1.2327e-01  8.3150e-02  8.5920e-02  8.9790e-02  1.0017e-01
  2801.67      3.5693  1.2321e-01  8.3000e-02  8.5780e-02  8.9650e-02  1.0004e-01
  2800.17      3.5712  1.2313e-01  8.2850e-02  8.5650e-02  8.9510e-02  9.9910e-02
  2798.67      3.5731  1.2305e-01  8.2710e-02  8.5520e-02  8.9370e-02  9.9780e-02
  2797.17      3.5750  1.2296e-01  8.2540e-02  8.5380e-02  8.9210e-02  9.9660e-02
  2795.67      3.5770  1.2288e-01  8.2390e-02  8.5250e-02  8.9070e-02  9.9520e-02
  2794.17      3.5789  1.2279e-01  8.2230e-02  8.5130e-02  8.8930e-02  9.9390e-02
  2792.67      3.5808  1.2269e-01  8.2080e-02  8.5000e-02  8.8790e-02  9.9260e-02
  2791.17      3.5827  1.2260e-01  8.1920e-02  8.4890e-02  8.8670e-02  9.9110e-02
  2789.67      3.5847  1.2249e-01  8.1770e-02  8.4780e-02  8.8550e-02  9.8970e-02
  2788.17      3.5866  1.2239e-01  8.1620e-02  8.4660e-02  8.8430e-02  9.8810e-02
  2786.67      3.5885  1.2228e-01  8.1490e-02  8.4560e-02  8.8310e-02  9.8660e-02
  2785.17      3.5904  1.2218e-01  8.1350e-02  8.4460e-02  8.8200e-02  9.8520e-02
  2783.67      3.5924  1.2208e-01  8.1230e-02  8.4360e-02  8.8080e-02  9.8410e-02
  2782.17      3.5943  1.2199e-01  8.1100e-02  8.4230e-02  8.7950e-02  9.8300e-02
  2780.67      3.5963  1.2188e-01  8.0980e-02  8.4110e-02  8.7820e-02  9.8200e-02
  2779.17      3.5982  1.2178e-01  8.0850e-02  8.3980e-02  8.7680e-02  9.8090e-02
  2777.67      3.6001  1.2167e-01  8.0730e-02  8.3840e-02  8.7540e-02  9.7980e-02
  2776.17      3.6021  1.2157e-01  8.0600e-02  8.3680e-02  8.7390e-02  9.7860e-02
  2774.67      3.6040  1.2146e-01  8.0460e-02  8.3530e-02  8.7250e-02  9.7720e-02
  2773.17      3.6060  1.2135e-01  8.0330e-02  8.3370e-02  8.7110e-02  9.7590e-02
  2771.67      3.6079  1.2124e-01  8.0190e-02  8.3220e-02  8.6970e-02  9.7460e-02
  2770.17      3.6099  1.2114e-01  8.0060e-02  8.3070e-02  8.6850e-02  9.7330e-02
  2768.67      3.6118  1.2103e-01  7.9920e-02  8.2930e-02  8.6720e-02  9.7190e-02
  2767.17      3.6138  1.2092e-01  7.9790e-02  8.2790e-02  8.6600e-02  9.7070e-02
  2765.67      3.6158  1.2081e-01  7.9660e-02  8.2660e-02  8.6460e-02  9.6930e-02
  2764.17      3.6177  1.2070e-01  7.9540e-02  8.2530e-02  8.6340e-02  9.6810e-02
  2762.67      3.6197  1.2060e-01  7.9420e-02  8.2420e-02  8.6200e-02  9.6680e-02
  2761.17      3.6217  1.2049e-01  7.9300e-02  8.2300e-02  8.6080e-02  9.6570e-02
  2759.67      3.6236  1.2037e-01  7.9190e-02  8.2180e-02  8.5950e-02  9.6450e-02
  2758.17      3.6256  1.2025e-01  7.9060e-02  8.2060e-02  8.5830e-02  9.6340e-02
  2756.67      3.6276  1.2014e-01  7.8950e-02  8.1950e-02  8.5720e-02  9.6230e-02
  2755.17      3.6295  1.2001e-01  7.8830e-02  8.1820e-02  8.5630e-02  9.6100e-02
  2753.67      3.6315  1.1988e-01  7.8710e-02  8.1700e-02  8.5530e-02  9.5980e-02
  2752.17      3.6335  1.1974e-01  7.8600e-02  8.1570e-02  8.5420e-02  9.5840e-02
  2750.67      3.6355  1.1959e-01  7.8480e-02  8.1440e-02  8.5320e-02  9.5700e-02
  2749.17      3.6375  1.1944e-01  7.8370e-02  8.1310e-02  8.5210e-02  9.5570e-02
  2747.67      3.6395  1.1929e-01  7.8240e-02  8.1180e-02  8.5080e-02  9.5440e-02
  2746.17      3.6414  1.1914e-01  7.8130e-02  8.1050e-02  8.4950e-02  9.5310e-02
  2744.67      3.6434  1.1899e-01  7.8010e-02  8.0920e-02  8.4820e-02  9.5180e-02
  2743.17      3.6454  1.1885e-01  7.7900e-02  8.0800e-02  8.4690e-02  9.5060e-02
  2741.67      3.6474  1.1871e-01  7.7800e-02  8.0700e-02  8.4570e-02  9.4960e-02
  2740.17      3.6494  1.1858e-01  7.7690e-02  8.0590e-02  8.4460e-02  9.4860e-02
  2738.67      3.6514  1.1844e-01  7.7580e-02  8.0500e-02  8.4350e-02  9.4750e-02
  2737.17      3.6534  1.1832e-01  7.7490e-02  8.0410e-02  8.4260e-02  9.4660e-02
  2735.67      3.6554  1.1820e-01  7.7410e-02  8.0330e-02  8.4180e-02  9.4580e-02
  2734.17      3.6574  1.1809e-01  7.7320e-02  8.0270e-02  8.4100e-02  9.4480e-02
  2732.67      3.6594  1.1798e-01  7.7250e-02  8.0200e-02  8.4040e-02  9.4390e-02
  2731.17      3.6614  1.1787e-01  7.7170e-02  8.0130e-02  8.3970e-02  9.4300e-02
  2729.67      3.6635  1.1777e-01  7.7090e-02  8.0060e-02  8.3890e-02  9.4200e-02
  2728.17      3.6655  1.1767e-01  7.7010e-02  7.9980e-02  8.3810e-02  9.4110e-02
  2726.67      3.6675  1.1757e-01  7.6930e-02  7.9900e-02  8.3740e-02  9.4010e-02
  2725.17      3.6695  1.1746e-01  7.6860e-02  7.9830e-02  8.3640e-02  9.3910e-02
  2723.67      3.6715  1.1736e-01  7.6770e-02  7.9750e-02  8.3550e-02  9.3810e-02
  2722.16      3.6735  1.1727e-01  7.6690e-02  7.9670e-02  8.3460e-02  9.3720e-02
  2720.66      3.6756  1.1717e-01  7.6620e-02  7.9600e-02  8.3350e-02  9.3630e-02
  2719.16      3.6776  1.1708e-01  7.6550e-02  7.9530e-02  8.3260e-02  9.3560e-02
  2717.66      3.6796  1.1699e-01  7.6480e-02  7.9470e-02  8.3180e-02  9.3490e-02
  2716.16      3.6817  1.1690e-01  7.6420e-02  7.9410e-02  8.3090e-02  9.3420e-02
  2714.66      3.6837  1.1681e-01  7.6360e-02  7.9350e-02  8.3010e-02  9.3350e-02
  2713.16      3.6857  1.1673e-01  7.6290e-02  7.9290e-02  8.2930e-02  9.3280e-02
  2711.66      3.6878  1.1665e-01  7.6240e-02  7.9230e-02  8.2870e-02  9.3220e-02
  2710.16      3.6898  1.1657e-01  7.6180e-02  7.9170e-02  8.2810e-02  9.3160e-02
  2708.66      3.6919  1.1649e-01  7.6130e-02  7.9110e-02  8.2750e-02  9.3100e-02
  2707.16      3.6939  1.1642e-01  7.6080e-02  7.9030e-02  8.2700e-02  9.3030e-02
  2705.66      3.6960  1.1635e-01  7.6030e-02  7.8970e-02  8.2640e-02  9.2970e-02
  2704.16      3.6980  1.1628e-01  7.5970e-02  7.8910e-02  8.2590e-02  9.2900e-02
  2702.66      3.7001  1.1622e-01  7.5930e-02  7.8850e-02  8.2540e-02  9.2810e-02
  2701.16      3.7021  1.1615e-01  7.5880e-02  7.8790e-02  8.2490e-02  9.2730e-02
  2699.66      3.7042  1.1608e-01  7.5840e-02  7.8720e-02  8.2440e-02  9.2650e-02
  2698.16      3.7062  1.1603e-01  7.5800e-02  7.8660e-02  8.2390e-02  9.2570e-02
  2696.66      3.7083  1.1597e-01  7.5760e-02  7.8600e-02  8.2340e-02  9.2490e-02
  2695.16      3.7104  1.1591e-01  7.5720e-02  7.8540e-02  8.2280e-02  9.2410e-02
  2693.66      3.7124  1.1583e-01  7.5680e-02  7.8470e-02  8.2220e-02  9.2330e-02
  2692.16      3.7145  1.1578e-01  7.5640e-02  7.8420e-02  8.2160e-02  9.2270e-02
  2690.66      3.7166  1.1572e-01  7.5590e-02  7.8360e-02  8.2110e-02  9.2200e-02
  2689.16      3.7186  1.1566e-01  7.5550e-02  7.8310e-02  8.2050e-02  9.2150e-02
  2687.66      3.7207  1.1560e-01  7.5500e-02  7.8250e-02  8.1980e-02  9.2090e-02
  2686.16      3.7228  1.1553e-01  7.5450e-02  7.8200e-02  8.1910e-02  9.2030e-02
  2684.66      3.7249  1.1547e-01  7.5390e-02  7.8160e-02  8.1840e-02  9.1970e-02
  2683.16      3.7269  1.1540e-01  7.5330e-02  7.8110e-02  8.1770e-02  9.1890e-02
  2681.66      3.7290  1.1533e-01  7.5270e-02  7.8060e-02  8.1710e-02  9.1800e-02
  2680.16      3.7311  1.1525e-01  7.5200e-02  7.8000e-02  8.1630e-02  9.1690e-02
  2678.66      3.7332  1.1518e-01  7.5130e-02  7.7940e-02  8.1560e-02  9.1580e-02
  2677.16      3.7353  1.1509e-01  7.5060e-02  7.7880e-02  8.1480e-02  9.1470e-02
  2675.66      3.7374  1.1500e-01  7.4990e-02  7.7820e-02  8.1400e-02  9.1380e-02
  2674.16      3.7395  1.1491e-01  7.4910e-02  7.7760e-02  8.1330e-02  9.1290e-02
  2672.66      3.7416  1.1482e-01  7.4850e-02  7.7690e-02  8.1250e-02  9.1190e-02
  2671.16      3.7437  1.1474e-01  7.4790e-02  7.7630e-02  8.1180e-02  9.1110e-02
  2669.66      3.7458  1.1466e-01  7.4740e-02  7.7580e-02  8.1100e-02  9.1030e-02
  2668.16      3.7479  1.1457e-01  7.4690e-02  7.7530e-02  8.1040e-02  9.0950e-02
  2666.66      3.7500  1.1449e-01  7.4650e-02  7.7490e-02  8.0970e-02  9.0870e-02
  2665.16      3.7521  1.1442e-01  7.4610e-02  7.7440e-02  8.0910e-02  9.0800e-02
  2663.66      3.7542  1.1436e-01  7.4570e-02  7.7390e-02  8.0840e-02  9.0720e-02
  2662.16      3.7563  1.1429e-01  7.4530e-02  7.7350e-02  8.0780e-02  9.0650e-02
  2660.66      3.7585  1.1421e-01  7.4500e-02  7.7290e-02  8.0730e-02  9.0580e-02
  2659.16      3.7606  1.1415e-01  7.4470e-02  7.7220e-02  8.0660e-02  9.0510e-02
  2657.66      3.7627  1.1408e-01  7.4440e-02  7.7160e-02  8.0620e-02  9.0440e-02
  2656.16      3.7648  1.1401e-01  7.4410e-02  7.7090e-02  8.0560e-02  9.0370e-02
  2654.66      3.7670  1.1393e-01  7.4380e-02  7.7020e-02  8.0510e-02  9.0300e-02
  2653.16      3.7691  1.1385e-01  7.4360e-02  7.6950e-02  8.0480e-02  9.0230e-02
  2651.66      3.7712  1.1377e-01  7.4330e-02  7.6890e-02  8.0440e-02  9.0160e-02
  2650.16      3.7734  1.1369e-01  7.4310e-02  7.6830e-02  8.0390e-02  9.0080e-02
  2648.66      3.7755  1.1359e-01  7.4290e-02  7.6780e-02  8.0350e-02  9.0000e-02
  2647.16      3.7776  1.1350e-01  7.4270e-02  7.6730e-02  8.0300e-02  8.9920e-02
  2645.66      3.7798  1.1340e-01  7.4250e-02  7.6680e-02  8.0250e-02  8.9860e-02
  2644.16      3.7819  1.1332e-01  7.4240e-02  7.6640e-02  8.0210e-02  8.9800e-02
  2642.66      3.7841  1.1323e-01  7.4220e-02  7.6600e-02  8.0150e-02  8.9740e-02
  2641.16      3.7862  1.1314e-01  7.4200e-02  7.6570e-02  8.0090e-02  8.9690e-02
  2639.66      3.7884  1.1306e-01  7.4180e-02  7.6540e-02  8.0020e-02  8.9630e-02
  2638.16      3.7905  1.1298e-01  7.4160e-02  7.6510e-02  7.9960e-02  8.9580e-02
  2636.66      3.7927  1.1291e-01  7.4150e-02  7.6490e-02  7.9900e-02  8.9520e-02
  2635.16      3.7948  1.1284e-01  7.4120e-02  7.6460e-02  7.9850e-02  8.9470e-02
  2633.66      3.7970  1.1276e-01  7.4120e-02  7.6450e-02  7.9790e-02  8.9410e-02
  2632.16      3.7992  1.1270e-01  7.4100e-02  7.6430e-02  7.9740e-02  8.9350e-02
  2630.66      3.8013  1.1264e-01  7.4100e-02  7.6420e-02  7.9710e-02  8.9310e-02
  2629.16      3.8035  1.1258e-01  7.4090e-02  7.6400e-02  7.9670e-02  8.9280e-02
  2627.66      3.8057  1.1252e-01  7.4090e-02  7.6380e-02  7.9640e-02  8.9250e-02
  2626.16      3.8078  1.1247e-01  7.4090e-02  7.6380e-02  7.9620e-02  8.9230e-02
  2624.66      3.8100  1.1241e-01  7.4100e-02  7.6370e-02  7.9600e-02  8.9210e-02
  2623.16      3.8122  1.1236e-01  7.4110e-02  7.6370e-02  7.9580e-02  8.9200e-02
  2621.66      3.8144  1.1231e-01  7.4120e-02  7.6370e-02  7.9560e-02  8.9170e-02
  2620.16      3.8166  1.1226e-01  7.4130e-02  7.6370e-02  7.9560e-02  8.9160e-02
  2618.66      3.8188  1.1221e-01  7.4140e-02  7.6380e-02  7.9540e-02  8.9140e-02
  2617.16      3.8209  1.1217e-01  7.4150e-02  7.6380e-02  7.9540e-02  8.9110e-02
  2615.66      3.8231  1.1212e-01  7.4170e-02  7.6390e-02  7.9540e-02  8.9100e-02
  2614.16      3.8253  1.1207e-01  7.4190e-02  7.6400e-02  7.9550e-02  8.9080e-02
  2612.66      3.8275  1.1202e-01  7.4210e-02  7.6400e-02  7.9560e-02  8.9070e-02
  2611.16      3.8297  1.1197e-01  7.4230e-02  7.6410e-02  7.9560e-02  8.9050e-02
  2609.66      3.8319  1.1192e-01  7.4240e-02  7.6410e-02  7.9570e-02  8.9030e-02
  2608.16      3.8341  1.1188e-01  7.4260e-02  7.6410e-02  7.9570e-02  8.9010e-02
  2606.66      3.8363  1.1183e-01  7.4270e-02  7.6420e-02  7.9570e-02  8.8990e-02
  2605.16      3.8385  1.1178e-01  7.4290e-02  7.6420e-02  7.9570e-02  8.8970e-02
  2603.66      3.8408  1.1175e-01  7.4300e-02  7.6420e-02  7.9570e-02  8.8950e-02
  2602.16      3.8430  1.1172e-01  7.4310e-02  7.6430e-02  7.9560e-02  8.8930e-02
  2600.66      3.8452  1.1169e-01  7.4330e-02  7.6450e-02  7.9560e-02  8.8910e-02
  2599.16      3.8474  1.1167e-01  7.4330e-02  7.6460e-02  7.9550e-02  8.8890e-02
  2597.66      3.8496  1.1164e-01  7.4350e-02  7.6480e-02  7.9540e-02  8.8870e-02
  2596.16      3.8518  1.1163e-01  7.4360e-02  7.6490e-02  7.9530e-02  8.8870e-02
  2594.66      3.8541  1.1161e-01  7.4370e-02  7.6520e-02  7.9520e-02  8.8850e-02
  2593.16      3.8563  1.1160e-01  7.4370e-02  7.6530e-02  7.9510e-02  8.8850e-02
  2591.66      3.8585  1.1159e-01  7.4390e-02  7.6550e-02  7.9510e-02  8.8840e-02
  2590.16      3.8608  1.1158e-01  7.4390e-02  7.6560e-02  7.9520e-02  8.8840e-02
  2588.65      3.8630  1.1156e-01  7.4410e-02  7.6570e-02  7.9520e-02  8.8850e-02
  2587.15      3.8652  1.1155e-01  7.4420e-02  7.6560e-02  7.9540e-02  8.8860e-02
  2585.65      3.8675  1.1154e-01  7.4430e-02  7.6560e-02  7.9540e-02  8.8870e-02
  2584.15      3.8697  1.1153e-01  7.4450e-02  7.6550e-02  7.9550e-02  8.8870e-02
  2582.65      3.8720  1.1152e-01  7.4460e-02  7.6540e-02  7.9560e-02  8.8870e-02
  2581.15      3.8742  1.1150e-01  7.4480e-02  7.6530e-02  7.9560e-02  8.8850e-02
  2579.65      3.8765  1.1149e-01  7.4490e-02  7.6530e-02  7.9560e-02  8.8830e-02
  2578.15      3.8787  1.1148e-01  7.4510e-02  7.6520e-02  7.9560e-02  8.8800e-02
  2576.65      3.8810  1.1148e-01  7.4510e-02  7.6520e-02  7.9550e-02  8.8770e-02
  2575.15      3.8833  1.1147e-01  7.4520e-02  7.6520e-02  7.9550e-02  8.8730e-02
  2573.65      3.8855  1.1146e-01  7.4530e-02  7.6510e-02  7.9550e-02  8.8710e-02
  2572.15      3.8878  1.1145e-01  7.4530e-02  7.6510e-02  7.9550e-02  8.8680e-02
  2570.65      3.8901  1.1144e-01  7.4530e-02  7.6500e-02  7.9530e-02  8.8650e-02
  2569.15      3.8923  1.1143e-01  7.4530e-02  7.6490e-02  7.9520e-02  8.8610e-02
  2567.65      3.8946  1.1142e-01  7.4520e-02  7.6470e-02  7.9500e-02  8.8580e-02
  2566.15      3.8969  1.1142e-01  7.4510e-02  7.6460e-02  7.9480e-02  8.8550e-02
  2564.65      3.8992  1.1141e-01  7.4490e-02  7.6450e-02  7.9460e-02  8.8520e-02
  2563.15      3.9014  1.1140e-01  7.4480e-02  7.6450e-02  7.9430e-02  8.8490e-02
  2561.65      3.9037  1.1138e-01  7.4460e-02  7.6440e-02  7.9400e-02  8.8460e-02
  2560.15      3.9060  1.1136e-01  7.4430e-02  7.6430e-02  7.9380e-02  8.8430e-02
  2558.65      3.9083  1.1135e-01  7.4420e-02  7.6430e-02  7.9360e-02  8.8400e-02
  2557.15      3.9106  1.1133e-01  7.4400e-02  7.6420e-02  7.9330e-02  8.8360e-02
  2555.65      3.9129  1.1130e-01  7.4390e-02  7.6410e-02  7.9310e-02  8.8310e-02
  2554.15      3.9152  1.1128e-01  7.4380e-02  7.6400e-02  7.9290e-02  8.8260e-02
  2552.65      3.9175  1.1125e-01  7.4370e-02  7.6390e-02  7.9280e-02  8.8230e-02
  2551.15      3.9198  1.1121e-01  7.4360e-02  7.6370e-02  7.9270e-02  8.8200e-02
  2549.65      3.9221  1.1118e-01  7.4360e-02  7.6360e-02  7.9250e-02  8.8170e-02
  2548.15      3.9244  1.1115e-01  7.4360e-02  7.6340e-02  7.9230e-02  8.8160e-02
  2546.65      3.9267  1.1111e-01  7.4360e-02  7.6330e-02  7.9210e-02  8.8150e-02
  2545.15      3.9290  1.1107e-01  7.4360e-02  7.6320e-02  7.9190e-02  8.8140e-02
  2543.65      3.9314  1.1104e-01  7.4360e-02  7.6310e-02  7.9170e-02  8.8120e-02
  2542.15      3.9337  1.1100e-01  7.4360e-02  7.6310e-02  7.9160e-02  8.8100e-02
  2540.65      3.9360  1.1096e-01  7.4360e-02  7.6310e-02  7.9140e-02  8.8070e-02
  2539.15      3.9383  1.1093e-01  7.4370e-02  7.6310e-02  7.9130e-02  8.8060e-02
  2537.65      3.9407  1.1089e-01  7.4370e-02  7.6310e-02  7.9130e-02  8.8040e-02
  2536.15      3.9430  1.1085e-01  7.4390e-02  7.6320e-02  7.9130e-02  8.8020e-02
  2534.65      3.9453  1.1082e-01  7.4400e-02  7.6320e-02  7.9150e-02  8.8010e-02
  2533.15      3.9477  1.1078e-01  7.4410e-02  7.6330e-02  7.9160e-02  8.8000e-02
  2531.65      3.9500  1.1074e-01  7.4420e-02  7.6330e-02  7.9170e-02  8.7990e-02
  2530.15      3.9523  1.1070e-01  7.4440e-02  7.6350e-02  7.9170e-02  8.7990e-02
  2528.65      3.9547  1.1066e-01  7.4450e-02  7.6360e-02  7.9170e-02  8.7990e-02
  2527.15      3.9570  1.1062e-01  7.4480e-02  7.6370e-02  7.9170e-02  8.8000e-02
  2525.65      3.9594  1.1059e-01  7.4500e-02  7.6380e-02  7.9160e-02  8.8010e-02
  2524.15      3.9617  1.1057e-01  7.4530e-02  7.6400e-02  7.9150e-02  8.8030e-02
  2522.65      3.9641  1.1054e-01  7.4560e-02  7.6420e-02  7.9150e-02  8.8040e-02
  2521.15      3.9664  1.1052e-01  7.4590e-02  7.6430e-02  7.9170e-02  8.8060e-02
  2519.65      3.9688  1.1051e-01  7.4640e-02  7.6460e-02  7.9190e-02  8.8080e-02
  2518.15      3.9712  1.1051e-01  7.4690e-02  7.6480e-02  7.9240e-02  8.8110e-02
  2516.65      3.9735  1.1052e-01  7.4750e-02  7.6510e-02  7.9290e-02  8.8150e-02
  2515.15      3.9759  1.1053e-01  7.4810e-02  7.6550e-02  7.9340e-02  8.8200e-02
  2513.65      3.9783  1.1054e-01  7.4870e-02  7.6600e-02  7.9390e-02  8.8240e-02
  2512.15      3.9807  1.1055e-01  7.4940e-02  7.6650e-02  7.9450e-02  8.8300e-02
  2510.65      3.9830  1.1058e-01  7.5000e-02  7.6700e-02  7.9510e-02  8.8360e-02
  2509.15      3.9854  1.1060e-01  7.5060e-02  7.6760e-02  7.9570e-02  8.8410e-02
  2507.65      3.9878  1.1063e-01  7.5110e-02  7.6820e-02  7.9620e-02  8.8470e-02
  2506.15      3.9902  1.1065e-01  7.5170e-02  7.6870e-02  7.9680e-02  8.8530e-02
  2504.65      3.9926  1.1068e-01  7.5220e-02  7.6940e-02  7.9740e-02  8.8610e-02
  2503.15      3.9950  1.1071e-01  7.5260e-02  7.6990e-02  7.9810e-02  8.8680e-02
  2501.65      3.9974  1.1075e-01  7.5310e-02  7.7050e-02  7.9870e-02  8.8750e-02
  2500.15      3.9998  1.1079e-01  7.5370e-02  7.7110e-02  7.9930e-02  8.8830e-02
  2498.65      4.0022  1.1083e-01  7.5410e-02  7.7190e-02  8.0000e-02  8.8910e-02
  2497.15      4.0046  1.1089e-01  7.5470e-02  7.7270e-02  8.0070e-02  8.8990e-02
  2495.65      4.0070  1.1094e-01  7.5520e-02  7.7350e-02  8.0130e-02  8.9060e-02
  2494.15      4.0094  1.1100e-01  7.5570e-02  7.7430e-02  8.0190e-02  8.9130e-02
  2492.65      4.0118  1.1106e-01  7.5640e-02  7.7530e-02  8.0270e-02  8.9210e-02
  2491.15      4.0142  1.1114e-01  7.5690e-02  7.7620e-02  8.0330e-02  8.9280e-02
  2489.65      4.0166  1.1122e-01  7.5750e-02  7.7700e-02  8.0400e-02  8.9350e-02
  2488.15      4.0191  1.1130e-01  7.5800e-02  7.7790e-02  8.0470e-02  8.9420e-02
  2486.65      4.0215  1.1138e-01  7.5850e-02  7.7870e-02  8.0550e-02  8.9480e-02
  2485.15      4.0239  1.1147e-01  7.5900e-02  7.7940e-02  8.0630e-02  8.9560e-02
  2483.65      4.0263  1.1157e-01  7.5950e-02  7.8010e-02  8.0700e-02  8.9630e-02
  2482.15      4.0288  1.1166e-01  7.6000e-02  7.8060e-02  8.0780e-02  8.9710e-02
  2480.65      4.0312  1.1175e-01  7.6050e-02  7.8110e-02  8.0840e-02  8.9780e-02
  2479.15      4.0336  1.1186e-01  7.6100e-02  7.8160e-02  8.0900e-02  8.9870e-02
  2477.65      4.0361  1.1194e-01  7.6140e-02  7.8190e-02  8.0980e-02  8.9940e-02
  2476.15      4.0385  1.1203e-01  7.6180e-02  7.8220e-02  8.1040e-02  9.0000e-02
  2474.65      4.0410  1.1213e-01  7.6220e-02  7.8260e-02  8.1100e-02  9.0050e-02
  2473.15      4.0434  1.1220e-01  7.6250e-02  7.8290e-02  8.1150e-02  9.0100e-02
  2471.65      4.0459  1.1228e-01  7.6260e-02  7.8310e-02  8.1210e-02  9.0140e-02
  2470.15      4.0483  1.1236e-01  7.6290e-02  7.8340e-02  8.1260e-02  9.0180e-02
  2468.65      4.0508  1.1244e-01  7.6300e-02  7.8370e-02  8.1320e-02  9.0230e-02
  2467.15      4.0533  1.1251e-01  7.6300e-02  7.8390e-02  8.1350e-02  9.0290e-02
  2465.65      4.0557  1.1259e-01  7.6310e-02  7.8420e-02  8.1390e-02  9.0360e-02
  2464.15      4.0582  1.1266e-01  7.6320e-02  7.8450e-02  8.1420e-02  9.0420e-02
  2462.65      4.0607  1.1275e-01  7.6330e-02  7.8480e-02  8.1450e-02  9.0460e-02
  2461.15      4.0631  1.1283e-01  7.6340e-02  7.8510e-02  8.1490e-02  9.0500e-02
  2459.65      4.0656  1.1290e-01  7.6360e-02  7.8530e-02  8.1510e-02  9.0520e-02
  2458.15      4.0681  1.1299e-01  7.6380e-02  7.8550e-02  8.1540e-02  9.0530e-02
  2456.65      4.0706  1.1308e-01  7.6400e-02  7.8570e-02  8.1570e-02  9.0550e-02
  2455.15      4.0731  1.1316e-01  7.6430e-02  7.8590e-02  8.1600e-02  9.0570e-02
  2453.64      4.0756  1.1324e-01  7.6440e-02  7.8600e-02  8.1630e-02  9.0600e-02
  2452.14      4.0781  1.1332e-01  7.6450e-02  7.8620e-02  8.1660e-02  9.0640e-02
  2450.64      4.0806  1.1339e-01  7.6450e-02  7.8640e-02  8.1680e-02  9.0680e-02
  2449.14      4.0831  1.1346e-01  7.6450e-02  7.8660e-02  8.1690e-02  9.0710e-02
  2447.64      4.0856  1.1352e-01  7.6450e-02  7.8700e-02  8.1690e-02  9.0760e-02
  2446.14      4.0881  1.1359e-01  7.6430e-02  7.8730e-02  8.1700e-02  9.0800e-02
  2444.64      4.0906  1.1367e-01  7.6420e-02  7.8750e-02  8.1700e-02  9.0840e-02
  2443.14      4.0931  1.1373e-01  7.6400e-02  7.8780e-02  8.1700e-02  9.0890e-02
  2441.64      4.0956  1.1380e-01  7.6380e-02  7.8800e-02  8.1720e-02  9.0930e-02
  2440.14      4.0981  1.1386e-01  7.6370e-02  7.8810e-02  8.1730e-02  9.0960e-02
  2438.64      4.1006  1.1394e-01  7.6340e-02  7.8820e-02  8.1760e-02  9.0990e-02
  2437.14      4.1032  1.1402e-01  7.6330e-02  7.8830e-02  8.1790e-02  9.1020e-02
  2435.64      4.1057  1.1410e-01  7.6320e-02  7.8840e-02  8.1830e-02  9.1050e-02
  2434.14      4.1082  1.1419e-01  7.6310e-02  7.8840e-02  8.1880e-02  9.1090e-02
  2432.64      4.1108  1.1426e-01  7.6300e-02  7.8850e-02  8.1920e-02  9.1140e-02
  2431.14      4.1133  1.1435e-01  7.6300e-02  7.8860e-02  8.1950e-02  9.1180e-02
  2429.64      4.1158  1.1444e-01  7.6290e-02  7.8880e-02  8.1980e-02  9.1240e-02
  2428.14      4.1184  1.1452e-01  7.6290e-02  7.8900e-02  8.2010e-02  9.1300e-02
  2426.64      4.1209  1.1460e-01  7.6290e-02  7.8910e-02  8.2030e-02  9.1350e-02
  2425.14      4.1235  1.1469e-01  7.6290e-02  7.8930e-02  8.2060e-02  9.1410e-02
  2423.64      4.1260  1.1478e-01  7.6290e-02  7.8940e-02  8.2080e-02  9.1460e-02
  2422.14      4.1286  1.1487e-01  7.6300e-02  7.8960e-02  8.2120e-02  9.1500e-02
  2420.64      4.1311  1.1496e-01  7.6300e-02  7.8970e-02  8.2140e-02  9.1560e-02
  2419.14      4.1337  1.1505e-01  7.6310e-02  7.8990e-02  8.2170e-02  9.1620e-02
  2417.64      4.1363  1.1515e-01  7.6310e-02  7.9000e-02  8.2200e-02  9.1690e-02
  2416.14      4.1388  1.1524e-01  7.6330e-02  7.9020e-02  8.2240e-02  9.1760e-02
  2414.64      4.1414  1.1535e-01  7.6330e-02  7.9040e-02  8.2270e-02  9.1830e-02
  2413.14      4.1440  1.1546e-01  7.6350e-02  7.9070e-02  8.2310e-02  9.1890e-02
  2411.64      4.1466  1.1557e-01  7.6360e-02  7.9100e-02  8.2360e-02  9.1960e-02
  2410.14      4.1491  1.1570e-01  7.6380e-02  7.9140e-02  8.2410e-02  9.2030e-02
  2408.64      4.1517  1.1583e-01  7.6400e-02  7.9180e-02  8.2460e-02  9.2090e-02
  2407.14      4.1543  1.1597e-01  7.6440e-02  7.9230e-02  8.2520e-02  9.2160e-02
  2405.64      4.1569  1.1613e-01  7.6480e-02  7.9290e-02  8.2580e-02  9.2230e-02
  2404.14      4.1595  1.1629e-01  7.6520e-02  7.9350e-02  8.2620e-02  9.2320e-02
  2402.64      4.1621  1.1645e-01  7.6570e-02  7.9410e-02  8.2670e-02  9.2400e-02
  2401.14      4.1647  1.1662e-01  7.6630e-02  7.9470e-02  8.2720e-02  9.2500e-02
  2399.64      4.1673  1.1679e-01  7.6670e-02  7.9530e-02  8.2750e-02  9.2610e-02
  2398.14      4.1699  1.1697e-01  7.6740e-02  7.9590e-02  8.2780e-02  9.2720e-02
  2396.64      4.1725  1.1714e-01  7.6790e-02  7.9630e-02  8.2810e-02  9.2820e-02
  2395.14      4.1751  1.1731e-01  7.6850e-02  7.9670e-02  8.2840e-02  9.2910e-02
  2393.64      4.1777  1.1747e-01  7.6910e-02  7.9710e-02  8.2850e-02  9.2990e-02
  2392.14      4.1804  1.1764e-01  7.6970e-02  7.9730e-02  8.2860e-02  9.3050e-02
  2390.64      4.1830  1.1779e-01  7.7010e-02  7.9740e-02  8.2860e-02  9.3120e-02
  2389.14      4.1856  1.1795e-01  7.7070e-02  7.9760e-02  8.2850e-02  9.3180e-02
  2387.64      4.1882  1.1809e-01  7.7120e-02  7.9770e-02  8.2840e-02  9.3240e-02
  2386.14      4.1909  1.1824e-01  7.7170e-02  7.9800e-02  8.2810e-02  9.3300e-02
  2384.64      4.1935  1.1838e-01  7.7240e-02  7.9830e-02  8.2790e-02  9.3370e-02
  2383.14      4.1961  1.1853e-01  7.7290e-02  7.9870e-02  8.2790e-02  9.3430e-02
  2381.64      4.1988  1.1866e-01  7.7340e-02  7.9910e-02  8.2800e-02  9.3500e-02
  2380.14      4.2014  1.1880e-01  7.7400e-02  7.9970e-02  8.2840e-02  9.3580e-02
  2378.64      4.2041  1.1893e-01  7.7450e-02  8.0030e-02  8.2900e-02  9.3690e-02
  2377.14      4.2067  1.1906e-01  7.7520e-02  8.0100e-02  8.2980e-02  9.3810e-02
  2375.64      4.2094  1.1919e-01  7.7590e-02  8.0180e-02  8.3090e-02  9.3950e-02
  2374.14      4.2121  1.1931e-01  7.7660e-02  8.0260e-02  8.3200e-02  9.4080e-02
  2372.64      4.2147  1.1945e-01  7.7730e-02  8.0350e-02  8.3330e-02  9.4210e-02
  2371.14      4.2174  1.1957e-01  7.7800e-02  8.0440e-02  8.3460e-02  9.4330e-02
  2369.64      4.2201  1.1969e-01  7.7870e-02  8.0530e-02  8.3600e-02  9.4430e-02
  2368.14      4.2227  1.1981e-01  7.7940e-02  8.0640e-02  8.3750e-02  9.4530e-02
  2366.64      4.2254  1.1994e-01  7.8000e-02  8.0780e-02  8.3930e-02  9.4640e-02
  2365.14      4.2281  1.2005e-01  7.8070e-02  8.0920e-02  8.4130e-02  9.4770e-02
  2363.64      4.2308  1.2018e-01  7.8130e-02  8.1080e-02  8.4370e-02  9.4920e-02
  2362.14      4.2335  1.2029e-01  7.8180e-02  8.1250e-02  8.4630e-02  9.5090e-02
  2360.64      4.2361  1.2041e-01  7.8240e-02  8.1430e-02  8.4910e-02  9.5300e-02
  2359.14      4.2388  1.2053e-01  7.8290e-02  8.1600e-02  8.5220e-02  9.5530e-02
  2357.64      4.2415  1.2064e-01  7.8360e-02  8.1800e-02  8.5510e-02  9.5780e-02
  2356.14      4.2442  1.2076e-01  7.8420e-02  8.1990e-02  8.5810e-02  9.6040e-02
  2354.64      4.2469  1.2086e-01  7.8490e-02  8.2160e-02  8.6070e-02  9.6290e-02
  2353.14      4.2496  1.2098e-01  7.8550e-02  8.2330e-02  8.6300e-02  9.6520e-02
  2351.64      4.2524  1.2109e-01  7.8620e-02  8.2490e-02  8.6500e-02  9.6720e-02
  2350.14      4.2551  1.2120e-01  7.8670e-02  8.2630e-02  8.6650e-02  9.6870e-02
  2348.64      4.2578  1.2131e-01  7.8720e-02  8.2750e-02  8.6760e-02  9.6980e-02
  2347.14      4.2605  1.2142e-01  7.8750e-02  8.2840e-02  8.6830e-02  9.7060e-02
  2345.64      4.2632  1.2153e-01  7.8760e-02  8.2900e-02  8.6880e-02  9.7120e-02
  2344.14      4.2660  1.2164e-01  7.8760e-02  8.2950e-02  8.6930e-02  9.7180e-02
  2342.64      4.2687  1.2175e-01  7.8750e-02  8.2980e-02  8.6980e-02  9.7240e-02
  2341.14      4.2714  1.2185e-01  7.8730e-02  8.3000e-02  8.7030e-02  9.7320e-02
  2339.64      4.2742  1.2196e-01  7.8700e-02  8.3000e-02  8.7090e-02  9.7400e-02
  2338.14      4.2769  1.2206e-01  7.8670e-02  8.2990e-02  8.7170e-02  9.7480e-02
  2336.64      4.2797  1.2217e-01  7.8630e-02  8.2980e-02  8.7260e-02  9.7590e-02
  2335.14      4.2824  1.2227e-01  7.8610e-02  8.2970e-02  8.7360e-02  9.7680e-02
  2333.64      4.2852  1.2238e-01  7.8580e-02  8.2970e-02  8.7450e-02  9.7770e-02
  2332.14      4.2879  1.2248e-01  7.8580e-02  8.2980e-02  8.7560e-02  9.7880e-02
  2330.64      4.2907  1.2259e-01  7.8570e-02  8.3020e-02  8.7670e-02  9.7990e-02
  2329.14      4.2934  1.2268e-01  7.8570e-02  8.3080e-02  8.7780e-02  9.8120e-02
  2327.64      4.2962  1.2279e-01  7.8580e-02  8.3150e-02  8.7880e-02  9.8250e-02
  2326.14      4.2990  1.2289e-01  7.8590e-02  8.3240e-02  8.8000e-02  9.8390e-02
  2324.64      4.3018  1.2299e-01  7.8610e-02  8.3360e-02  8.8120e-02  9.8520e-02
  2323.14      4.3045  1.2309e-01  7.8630e-02  8.3470e-02  8.8240e-02  9.8660e-02
  2321.64      4.3073  1.2319e-01  7.8660e-02  8.3600e-02  8.8360e-02  9.8770e-02
  2320.13      4.3101  1.2329e-01  7.8690e-02  8.3720e-02  8.8480e-02  9.8870e-02
  2318.63      4.3129  1.2339e-01  7.8720e-02  8.3850e-02  8.8610e-02  9.8970e-02
  2317.13      4.3157  1.2349e-01  7.8760e-02  8.3970e-02  8.8740e-02  9.9060e-02
  2315.63      4.3185  1.2358e-01  7.8800e-02  8.4080e-02  8.8870e-02  9.9140e-02
  2314.13      4.3213  1.2369e-01  7.8850e-02  8.4190e-02  8.9010e-02  9.9240e-02
  2312.63      4.3241  1.2378e-01  7.8900e-02  8.4280e-02  8.9140e-02  9.9340e-02
  2311.13      4.3269  1.2387e-01  7.8960e-02  8.4380e-02  8.9280e-02  9.9450e-02
  2309.63      4.3297  1.2397e-01  7.9020e-02  8.4480e-02  8.9410e-02  9.9570e-02
  2308.13      4.3325  1.2407e-01  7.9080e-02  8.4590e-02  8.9530e-02  9.9690e-02
  2306.63      4.3353  1.2416e-01  7.9140e-02  8.4690e-02  8.9640e-02  9.9810e-02
  2305.13      4.3381  1.2426e-01  7.9210e-02  8.4800e-02  8.9750e-02  9.9930e-02
  2303.63      4.3410  1.2435e-01  7.9280e-02  8.4890e-02  8.9850e-02  1.0004e-01
  2302.13      4.3438  1.2444e-01  7.9350e-02  8.4980e-02  8.9940e-02  1.0015e-01
  2300.63      4.3466  1.2454e-01  7.9420e-02  8.5080e-02  9.0020e-02  1.0025e-01
  2299.13      4.3495  1.2463e-01  7.9500e-02  8.5160e-02  9.0110e-02  1.0034e-01
  2297.63      4.3523  1.2472e-01  7.9570e-02  8.5230e-02  9.0180e-02  1.0043e-01
  2296.13      4.3551  1.2482e-01  7.9650e-02  8.5290e-02  9.0270e-02  1.0052e-01
  2294.63      4.3580  1.2490e-01  7.9740e-02  8.5340e-02  9.0350e-02  1.0061e-01
  2293.13      4.3608  1.2499e-01  7.9820e-02  8.5400e-02  9.0430e-02  1.0071e-01
  2291.63      4.3637  1.2509e-01  7.9920e-02  8.5460e-02  9.0510e-02  1.0082e-01
  2290.13      4.3666  1.2517e-01  8.0010e-02  8.5530e-02  9.0580e-02  1.0092e-01
  2288.63      4.3694  1.2526e-01  8.0100e-02  8.5620e-02  9.0660e-02  1.0103e-01
  2287.13      4.3723  1.2535e-01  8.0200e-02  8.5710e-02  9.0740e-02  1.0113e-01
  2285.63      4.3752  1.2544e-01  8.0290e-02  8.5800e-02  9.0820e-02  1.0124e-01
  2284.13      4.3780  1.2552e-01  8.0390e-02  8.5900e-02  9.0890e-02  1.0135e-01
  2282.63      4.3809  1.2560e-01  8.0490e-02  8.6010e-02  9.0970e-02  1.0148e-01
  2281.13      4.3838  1.2568e-01  8.0590e-02  8.6120e-02  9.1050e-02  1.0160e-01
  2279.63      4.3867  1.2577e-01  8.0680e-02  8.6230e-02  9.1140e-02  1.0172e-01
  2278.13      4.3896  1.2585e-01  8.0780e-02  8.6330e-02  9.1230e-02  1.0184e-01
  2276.63      4.3925  1.2591e-01  8.0870e-02  8.6430e-02  9.1320e-02  1.0195e-01
  2275.13      4.3953  1.2599e-01  8.0960e-02  8.6530e-02  9.1420e-02  1.0206e-01
  2273.63      4.3983  1.2606e-01  8.1060e-02  8.6640e-02  9.1530e-02  1.0217e-01
  2272.13      4.4012  1.2613e-01  8.1150e-02  8.6730e-02  9.1620e-02  1.0226e-01
  2270.63      4.4041  1.2621e-01  8.1250e-02  8.6830e-02  9.1720e-02  1.0236e-01
  2269.13      4.4070  1.2627e-01  8.1350e-02  8.6930e-02  9.1810e-02  1.0247e-01
  2267.63      4.4099  1.2635e-01  8.1450e-02  8.7030e-02  9.1900e-02  1.0258e-01
  2266.13      4.4128  1.2643e-01  8.1550e-02  8.7130e-02  9.1980e-02  1.0270e-01
  2264.63      4.4157  1.2652e-01  8.1660e-02  8.7230e-02  9.2060e-02  1.0282e-01
  2263.13      4.4187  1.2660e-01  8.1760e-02  8.7320e-02  9.2130e-02  1.0293e-01
  2261.63      4.4216  1.2669e-01  8.1850e-02  8.7400e-02  9.2210e-02  1.0305e-01
  2260.13      4.4245  1.2680e-01  8.1950e-02  8.7490e-02  9.2290e-02  1.0315e-01
  2258.63      4.4275  1.2690e-01  8.2040e-02  8.7570e-02  9.2380e-02  1.0325e-01
  2257.13      4.4304  1.2701e-01  8.2120e-02  8.7650e-02  9.2470e-02  1.0335e-01
  2255.63      4.4334  1.2712e-01  8.2200e-02  8.7730e-02  9.2570e-02  1.0346e-01
  2254.13      4.4363  1.2723e-01  8.2280e-02  8.7820e-02  9.2660e-02  1.0355e-01
  2252.63      4.4393  1.2735e-01  8.2350e-02  8.7900e-02  9.2750e-02  1.0364e-01
  2251.13      4.4422  1.2746e-01  8.2420e-02  8.7980e-02  9.2840e-02  1.0371e-01
  2249.63      4.4452  1.2757e-01  8.2470e-02  8.8050e-02  9.2910e-02  1.0378e-01
  2248.13      4.4481  1.2767e-01  8.2530e-02  8.8120e-02  9.2990e-02  1.0384e-01
  2246.63      4.4511  1.2778e-01  8.2580e-02  8.8190e-02  9.3060e-02  1.0391e-01
  2245.13      4.4541  1.2787e-01  8.2630e-02  8.8250e-02  9.3120e-02  1.0398e-01
  2243.63      4.4571  1.2796e-01  8.2680e-02  8.8310e-02  9.3180e-02  1.0406e-01
  2242.13      4.4600  1.2806e-01  8.2720e-02  8.8350e-02  9.3220e-02  1.0412e-01
  2240.63      4.4630  1.2814e-01  8.2760e-02  8.8390e-02  9.3270e-02  1.0420e-01
  2239.13      4.4660  1.2824e-01  8.2800e-02  8.8430e-02  9.3310e-02  1.0427e-01
  2237.63      4.4690  1.2832e-01  8.2830e-02  8.8460e-02  9.3340e-02  1.0432e-01
  2236.13      4.4720  1.2840e-01  8.2860e-02  8.8490e-02  9.3380e-02  1.0437e-01
  2234.63      4.4750  1.2848e-01  8.2900e-02  8.8510e-02  9.3410e-02  1.0442e-01
  2233.13      4.4780  1.2856e-01  8.2920e-02  8.8540e-02  9.3450e-02  1.0445e-01
  2231.63      4.4810  1.2863e-01  8.2940e-02  8.8550e-02  9.3470e-02  1.0449e-01
  2230.13      4.4840  1.2871e-01  8.2970e-02  8.8570e-02  9.3490e-02  1.0452e-01
  2228.63      4.4871  1.2878e-01  8.2980e-02  8.8590e-02  9.3510e-02  1.0456e-01
  2227.13      4.4901  1.2885e-01  8.3000e-02  8.8590e-02  9.3510e-02  1.0459e-01
  2225.63      4.4931  1.2891e-01  8.3010e-02  8.8590e-02  9.3490e-02  1.0463e-01
  2224.13      4.4961  1.2896e-01  8.3020e-02  8.8590e-02  9.3490e-02  1.0466e-01
  2222.63      4.4992  1.2902e-01  8.3030e-02  8.8590e-02  9.3480e-02  1.0469e-01
  2221.13      4.5022  1.2907e-01  8.3030e-02  8.8590e-02  9.3480e-02  1.0471e-01
  2219.63      4.5053  1.2911e-01  8.3040e-02  8.8600e-02  9.3480e-02  1.0473e-01
  2218.13      4.5083  1.2916e-01  8.3040e-02  8.8600e-02  9.3490e-02  1.0474e-01
  2216.63      4.5114  1.2919e-01  8.3050e-02  8.8620e-02  9.3520e-02  1.0475e-01
  2215.13      4.5144  1.2920e-01  8.3050e-02  8.8630e-02  9.3540e-02  1.0477e-01
  2213.63      4.5175  1.2922e-01  8.3060e-02  8.8660e-02  9.3570e-02  1.0477e-01
  2212.13      4.5205  1.2923e-01  8.3080e-02  8.8690e-02  9.3600e-02  1.0479e-01
  2210.63      4.5236  1.2924e-01  8.3090e-02  8.8720e-02  9.3620e-02  1.0481e-01
  2209.13      4.5267  1.2923e-01  8.3110e-02  8.8750e-02  9.3640e-02  1.0483e-01
  2207.63      4.5298  1.2923e-01  8.3120e-02  8.8780e-02  9.3650e-02  1.0486e-01
  2206.13      4.5328  1.2922e-01  8.3150e-02  8.8810e-02  9.3670e-02  1.0490e-01
  2204.63      4.5359  1.2922e-01  8.3170e-02  8.8830e-02  9.3670e-02  1.0493e-01
  2203.13      4.5390  1.2921e-01  8.3200e-02  8.8860e-02  9.3690e-02  1.0496e-01
  2201.63      4.5421  1.2921e-01  8.3230e-02  8.8870e-02  9.3690e-02  1.0499e-01
  2200.13      4.5452  1.2920e-01  8.3260e-02  8.8890e-02  9.3710e-02  1.0502e-01
  2198.63      4.5483  1.2920e-01  8.3280e-02  8.8920e-02  9.3740e-02  1.0505e-01
  2197.13      4.5514  1.2920e-01  8.3320e-02  8.8950e-02  9.3770e-02  1.0508e-01
  2195.63      4.5545  1.2920e-01  8.3350e-02  8.8990e-02  9.3830e-02  1.0511e-01
  2194.13      4.5576  1.2921e-01  8.3400e-02  8.9040e-02  9.3900e-02  1.0516e-01
  2192.63      4.5607  1.2922e-01  8.3430e-02  8.9080e-02  9.3980e-02  1.0520e-01
  2191.13      4.5639  1.2922e-01  8.3480e-02  8.9140e-02  9.4070e-02  1.0525e-01
  2189.63      4.5670  1.2922e-01  8.3530e-02  8.9210e-02  9.4170e-02  1.0533e-01
  2188.12      4.5701  1.2923e-01  8.3580e-02  8.9280e-02  9.4250e-02  1.0539e-01
  2186.62      4.5733  1.2924e-01  8.3640e-02  8.9350e-02  9.4330e-02  1.0548e-01
  2185.12      4.5764  1.2925e-01  8.3710e-02  8.9430e-02  9.4400e-02  1.0557e-01
  2183.62      4.5795  1.2926e-01  8.3790e-02  8.9510e-02  9.4480e-02  1.0565e-01
  2182.12      4.5827  1.2927e-01  8.3850e-02  8.9600e-02  9.4540e-02  1.0572e-01
  2180.62      4.5858  1.2928e-01  8.3930e-02  8.9710e-02  9.4600e-02  1.0580e-01
  2179.12      4.5890  1.2929e-01  8.4010e-02  8.9810e-02  9.4680e-02  1.0588e-01
  2177.62      4.5922  1.2931e-01  8.4090e-02  8.9900e-02  9.4760e-02  1.0596e-01
  2176.12      4.5953  1.2934e-01  8.4180e-02  9.0010e-02  9.4860e-02  1.0606e-01
  2174.62      4.5985  1.2936e-01  8.4260e-02  9.0120e-02  9.4950e-02  1.0617e-01
  2173.12      4.6017  1.2939e-01  8.4350e-02  9.0230e-02  9.5060e-02  1.0628e-01
  2171.62      4.6048  1.2942e-01  8.4440e-02  9.0330e-02  9.5170e-02  1.0640e-01
  2170.12      4.6080  1.2945e-01  8.4520e-02  9.0430e-02  9.5280e-02  1.0651e-01
  2168.62      4.6112  1.2950e-01  8.4600e-02  9.0520e-02  9.5390e-02  1.0662e-01
  2167.12      4.6144  1.2955e-01  8.4700e-02  9.0610e-02  9.5490e-02  1.0673e-01
  2165.62      4.6176  1.2959e-01  8.4780e-02  9.0690e-02  9.5590e-02  1.0683e-01
  2164.12      4.6208  1.2964e-01  8.4870e-02  9.0780e-02  9.5690e-02  1.0693e-01
  2162.62      4.6240  1.2969e-01  8.4970e-02  9.0860e-02  9.5790e-02  1.0703e-01
  2161.12      4.6272  1.2974e-01  8.5060e-02  9.0940e-02  9.5880e-02  1.0713e-01
  2159.62      4.6304  1.2977e-01  8.5150e-02  9.1020e-02  9.5980e-02  1.0722e-01
  2158.12      4.6337  1.2982e-01  8.5250e-02  9.1100e-02  9.6070e-02  1.0732e-01
  2156.62      4.6369  1.2986e-01  8.5330e-02  9.1190e-02  9.6160e-02  1.0740e-01
  2155.12      4.6401  1.2990e-01  8.5410e-02  9.1260e-02  9.6250e-02  1.0749e-01
  2153.62      4.6433  1.2995e-01  8.5500e-02  9.1350e-02  9.6320e-02  1.0757e-01
  2152.12      4.6466  1.2999e-01  8.5590e-02  9.1430e-02  9.6400e-02  1.0767e-01
  2150.62      4.6498  1.3004e-01  8.5670e-02  9.1510e-02  9.6490e-02  1.0775e-01
  2149.12      4.6531  1.3009e-01  8.5740e-02  9.1590e-02  9.6570e-02  1.0784e-01
  2147.62      4.6563  1.3015e-01  8.5810e-02  9.1660e-02  9.6640e-02  1.0790e-01
  2146.12      4.6596  1.3022e-01  8.5880e-02  9.1740e-02  9.6730e-02  1.0798e-01
  2144.62      4.6628  1.3029e-01  8.5950e-02  9.1810e-02  9.6820e-02  1.0804e-01
  2143.12      4.6661  1.3036e-01  8.6020e-02  9.1880e-02  9.6890e-02  1.0812e-01
  2141.62      4.6694  1.3044e-01  8.6090e-02  9.1950e-02  9.6960e-02  1.0819e-01
  2140.12      4.6726  1.3051e-01  8.6140e-02  9.2010e-02  9.7020e-02  1.0825e-01
  2138.62      4.6759  1.3058e-01  8.6190e-02  9.2070e-02  9.7060e-02  1.0833e-01
  2137.12      4.6792  1.3064e-01  8.6240e-02  9.2130e-02  9.7110e-02  1.0841e-01
  2135.62      4.6825  1.3072e-01  8.6290e-02  9.2180e-02  9.7140e-02  1.0847e-01
  2134.12      4.6858  1.3077e-01  8.6330e-02  9.2210e-02  9.7160e-02  1.0853e-01
  2132.62      4.6891  1.3082e-01  8.6360e-02  9.2250e-02  9.7190e-02  1.0857e-01
  2131.12      4.6924  1.3087e-01  8.6400e-02  9.2270e-02  9.7220e-02  1.0862e-01
  2129.62      4.6957  1.3091e-01  8.6430e-02  9.2290e-02  9.7230e-02  1.0865e-01
  2128.12      4.6990  1.3096e-01  8.6460e-02  9.2310e-02  9.7260e-02  1.0870e-01
  2126.62      4.7023  1.3100e-01  8.6490e-02  9.2330e-02  9.7290e-02  1.0874e-01
  2125.12      4.7056  1.3105e-01  8.6530e-02  9.2350e-02  9.7310e-02  1.0878e-01
  2123.62      4.7089  1.3108e-01  8.6560e-02  9.2370e-02  9.7340e-02  1.0883e-01
  2122.12      4.7123  1.3112e-01  8.6590e-02  9.2400e-02  9.7370e-02  1.0886e-01
  2120.62      4.7156  1.3117e-01  8.6610e-02  9.2420e-02  9.7400e-02  1.0887e-01
  2119.12      4.7189  1.3120e-01  8.6630e-02  9.2450e-02  9.7430e-02  1.0889e-01
  2117.62      4.7223  1.3125e-01  8.6660e-02  9.2470e-02  9.7460e-02  1.0889e-01
  2116.12      4.7256  1.3129e-01  8.6680e-02  9.2500e-02  9.7490e-02  1.0889e-01
  2114.62      4.7290  1.3133e-01  8.6700e-02  9.2520e-02  9.7510e-02  1.0888e-01
  2113.12      4.7323  1.3138e-01  8.6710e-02  9.2540e-02  9.7520e-02  1.0888e-01
  2111.62      4.7357  1.3141e-01  8.6730e-02  9.2560e-02  9.7550e-02  1.0888e-01
  2110.12      4.7391  1.3144e-01  8.6740e-02  9.2570e-02  9.7560e-02  1.0889e-01
  2108.62      4.7424  1.3147e-01  8.6760e-02  9.2580e-02  9.7580e-02  1.0890e-01
  2107.12      4.7458  1.3150e-01  8.6770e-02  9.2580e-02  9.7580e-02  1.0890e-01
  2105.62      4.7492  1.3152e-01  8.6790e-02  9.2580e-02  9.7600e-02  1.0892e-01
  2104.12      4.7526  1.3154e-01  8.6810e-02  9.2580e-02  9.7620e-02  1.0893e-01
  2102.62      4.7560  1.3155e-01  8.6820e-02  9.2580e-02  9.7630e-02  1.0894e-01
  2101.12      4.7594  1.3157e-01  8.6840e-02  9.2590e-02  9.7640e-02  1.0895e-01
  2099.62      4.7628  1.3159e-01  8.6850e-02  9.2590e-02  9.7650e-02  1.0896e-01
  2098.12      4.7662  1.3161e-01  8.6870e-02  9.2620e-02  9.7660e-02  1.0899e-01
  2096.62      4.7696  1.3163e-01  8.6890e-02  9.2640e-02  9.7680e-02  1.0901e-01
  2095.12      4.7730  1.3166e-01  8.6910e-02  9.2670e-02  9.7700e-02  1.0903e-01
  2093.62      4.7764  1.3168e-01  8.6930e-02  9.2700e-02  9.7730e-02  1.0906e-01
  2092.12      4.7798  1.3171e-01  8.6960e-02  9.2740e-02  9.7780e-02  1.0909e-01
  2090.62      4.7833  1.3174e-01  8.7000e-02  9.2790e-02  9.7830e-02  1.0913e-01
  2089.12      4.7867  1.3177e-01  8.7040e-02  9.2840e-02  9.7880e-02  1.0918e-01
  2087.62      4.7901  1.3181e-01  8.7090e-02  9.2890e-02  9.7940e-02  1.0924e-01
  2086.12      4.7936  1.3186e-01  8.7140e-02  9.2940e-02  9.8000e-02  1.0930e-01
  2084.62      4.7970  1.3189e-01  8.7200e-02  9.3000e-02  9.8060e-02  1.0938e-01
  2083.12      4.8005  1.3194e-01  8.7270e-02  9.3070e-02  9.8130e-02  1.0946e-01
  2081.62      4.8040  1.3200e-01  8.7330e-02  9.3130e-02  9.8190e-02  1.0954e-01
  2080.12      4.8074  1.3205e-01  8.7410e-02  9.3190e-02  9.8240e-02  1.0962e-01
  2078.62      4.8109  1.3211e-01  8.7470e-02  9.3270e-02  9.8300e-02  1.0969e-01
  2077.12      4.8144  1.3218e-01  8.7550e-02  9.3340e-02  9.8350e-02  1.0977e-01
  2075.62      4.8178  1.3226e-01  8.7630e-02  9.3420e-02  9.8420e-02  1.0985e-01
  2074.12      4.8213  1.3233e-01  8.7720e-02  9.3500e-02  9.8470e-02  1.0993e-01
  2072.62      4.8248  1.3241e-01  8.7800e-02  9.3590e-02  9.8530e-02  1.1000e-01
  2071.12      4.8283  1.3249e-01  8.7890e-02  9.3680e-02  9.8600e-02  1.1009e-01
  2069.62      4.8318  1.3257e-01  8.7990e-02  9.3770e-02  9.8680e-02  1.1017e-01
  2068.12      4.8353  1.3266e-01  8.8090e-02  9.3870e-02  9.8760e-02  1.1026e-01
  2066.62      4.8388  1.3274e-01  8.8190e-02  9.3970e-02  9.8850e-02  1.1034e-01
  2065.12      4.8423  1.3282e-01  8.8290e-02  9.4070e-02  9.8940e-02  1.1042e-01
  2063.62      4.8459  1.3292e-01  8.8410e-02  9.4180e-02  9.9050e-02  1.1053e-01
  2062.12      4.8494  1.3301e-01  8.8520e-02  9.4280e-02  9.9160e-02  1.1063e-01
  2060.62      4.8529  1.3312e-01  8.8640e-02  9.4380e-02  9.9290e-02  1.1074e-01
  2059.12      4.8565  1.3323e-01  8.8750e-02  9.4480e-02  9.9420e-02  1.1086e-01
  2057.62      4.8600  1.3336e-01  8.8860e-02  9.4580e-02  9.9550e-02  1.1098e-01
  2056.12      4.8635  1.3349e-01  8.8980e-02  9.4680e-02  9.9680e-02  1.1111e-01
  2054.61      4.8671  1.3364e-01  8.9090e-02  9.4790e-02  9.9820e-02  1.1124e-01
  2053.11      4.8706  1.3378e-01  8.9210e-02  9.4890e-02  9.9940e-02  1.1136e-01
  2051.61      4.8742  1.3394e-01  8.9310e-02  9.4990e-02  1.0005e-01  1.1150e-01
  2050.11      4.8778  1.3409e-01  8.9440e-02  9.5100e-02  1.0017e-01  1.1163e-01
  2048.61      4.8813  1.3425e-01  8.9550e-02  9.5210e-02  1.0028e-01  1.1176e-01
  2047.11      4.8849  1.3441e-01  8.9680e-02  9.5330e-02  1.0039e-01  1.1190e-01
  2045.61      4.8885  1.3458e-01  8.9800e-02  9.5440e-02  1.0050e-01  1.1204e-01
  2044.11      4.8921  1.3474e-01  8.9930e-02  9.5570e-02  1.0062e-01  1.1218e-01
  2042.61      4.8957  1.3490e-01  9.0050e-02  9.5700e-02  1.0073e-01  1.1231e-01
  2041.11      4.8993  1.3508e-01  9.0180e-02  9.5830e-02  1.0085e-01  1.1244e-01
  2039.61      4.9029  1.3525e-01  9.0290e-02  9.5960e-02  1.0097e-01  1.1256e-01
  2038.11      4.9065  1.3543e-01  9.0390e-02  9.6090e-02  1.0109e-01  1.1268e-01
  2036.61      4.9101  1.3561e-01  9.0500e-02  9.6210e-02  1.0121e-01  1.1279e-01
  2035.11      4.9137  1.3580e-01  9.0590e-02  9.6320e-02  1.0132e-01  1.1290e-01
  2033.61      4.9174  1.3601e-01  9.0680e-02  9.6430e-02  1.0145e-01  1.1301e-01
  2032.11      4.9210  1.3621e-01  9.0770e-02  9.6530e-02  1.0156e-01  1.1312e-01
  2030.61      4.9246  1.3642e-01  9.0850e-02  9.6620e-02  1.0167e-01  1.1323e-01
  2029.11      4.9283  1.3664e-01  9.0930e-02  9.6700e-02  1.0177e-01  1.1335e-01
  2027.61      4.9319  1.3685e-01  9.1020e-02  9.6790e-02  1.0187e-01  1.1349e-01
  2026.11      4.9356  1.3707e-01  9.1100e-02  9.6870e-02  1.0196e-01  1.1363e-01
  2024.61      4.9392  1.3728e-01  9.1190e-02  9.6950e-02  1.0206e-01  1.1377e-01
  2023.11      4.9429  1.3749e-01  9.1290e-02  9.7040e-02  1.0216e-01  1.1392e-01
  2021.61      4.9465  1.3770e-01  9.1390e-02  9.7140e-02  1.0227e-01  1.1406e-01
  2020.11      4.9502  1.3791e-01  9.1490e-02  9.7250e-02  1.0239e-01  1.1418e-01
  2018.61      4.9539  1.3811e-01  9.1600e-02  9.7370e-02  1.0252e-01  1.1430e-01
  2017.11      4.9576  1.3830e-01  9.1710e-02  9.7500e-02  1.0266e-01  1.1441e-01
  2015.61      4.9613  1.3850e-01  9.1820e-02  9.7630e-02  1.0279e-01  1.1452e-01
  2014.11      4.9650  1.3870e-01  9.1930e-02  9.7760e-02  1.0292e-01  1.1464e-01
  2012.61      4.9687  1.3890e-01  9.2030e-02  9.7890e-02  1.0305e-01  1.1476e-01
  2011.11      4.9724  1.3911e-01  9.2120e-02  9.8020e-02  1.0318e-01  1.1490e-01
  2009.61      4.9761  1.3932e-01  9.2220e-02  9.8140e-02  1.0331e-01  1.1503e-01
  2008.11      4.9798  1.3954e-01  9.2320e-02  9.8250e-02  1.0344e-01  1.1517e-01
  2006.61      4.9835  1.3977e-01  9.2410e-02  9.8360e-02  1.0357e-01  1.1531e-01
  2005.11      4.9873  1.4001e-01  9.2510e-02  9.8460e-02  1.0371e-01  1.1546e-01
  2003.61      4.9910  1.4026e-01  9.2600e-02  9.8560e-02  1.0385e-01  1.1562e-01
  2002.11      4.9947  1.4051e-01  9.2700e-02  9.8650e-02  1.0398e-01  1.1577e-01
  2000.61      4.9985  1.4076e-01  9.2810e-02  9.8750e-02  1.0411e-01  1.1593e-01
  1999.11      5.0022  1.4102e-01  9.2920e-02  9.8850e-02  1.0423e-01  1.1608e-01
  1997.61      5.0060  1.4127e-01  9.3050e-02  9.8960e-02  1.0436e-01  1.1623e-01
  1996.11      5.0097  1.4152e-01  9.3180e-02  9.9080e-02  1.0448e-01  1.1637e-01
  1994.61      5.0135  1.4177e-01  9.3320e-02  9.9220e-02  1.0462e-01  1.1651e-01
  1993.11      5.0173  1.4201e-01  9.3460e-02  9.9360e-02  1.0477e-01  1.1666e-01
  1991.61      5.0211  1.4223e-01  9.3620e-02  9.9530e-02  1.0493e-01  1.1682e-01
  1990.11      5.0248  1.4247e-01  9.3780e-02  9.9710e-02  1.0512e-01  1.1700e-01
  1988.61      5.0286  1.4271e-01  9.3960e-02  9.9910e-02  1.0531e-01  1.1720e-01
  1987.11      5.0324  1.4296e-01  9.4130e-02  1.0011e-01  1.0552e-01  1.1741e-01
  1985.61      5.0362  1.4321e-01  9.4300e-02  1.0031e-01  1.0573e-01  1.1761e-01
  1984.11      5.0400  1.4347e-01  9.4470e-02  1.0051e-01  1.0594e-01  1.1783e-01
  1982.61      5.0439  1.4377e-01  9.4640e-02  1.0071e-01  1.0615e-01  1.1805e-01
  1981.11      5.0477  1.4407e-01  9.4810e-02  1.0091e-01  1.0637e-01  1.1828e-01
  1979.61      5.0515  1.4440e-01  9.4990e-02  1.0110e-01  1.0658e-01  1.1852e-01
  1978.11      5.0553  1.4474e-01  9.5170e-02  1.0130e-01  1.0680e-01  1.1877e-01
  1976.61      5.0592  1.4510e-01  9.5350e-02  1.0150e-01  1.0702e-01  1.1904e-01
  1975.11      5.0630  1.4546e-01  9.5550e-02  1.0172e-01  1.0725e-01  1.1931e-01
  1973.61      5.0669  1.4583e-01  9.5760e-02  1.0194e-01  1.0748e-01  1.1960e-01
  1972.11      5.0707  1.4621e-01  9.5970e-02  1.0218e-01  1.0772e-01  1.1989e-01
  1970.61      5.0746  1.4658e-01  9.6200e-02  1.0243e-01  1.0798e-01  1.2020e-01
  1969.11      5.0784  1.4696e-01  9.6440e-02  1.0269e-01  1.0826e-01  1.2050e-01
  1967.61      5.0823  1.4734e-01  9.6680e-02  1.0295e-01  1.0856e-01  1.2080e-01
  1966.11      5.0862  1.4772e-01  9.6950e-02  1.0324e-01  1.0886e-01  1.2111e-01
  1964.61      5.0901  1.4810e-01  9.7210e-02  1.0350e-01  1.0918e-01  1.2142e-01
  1963.11      5.0940  1.4850e-01  9.7500e-02  1.0379e-01  1.0951e-01  1.2175e-01
  1961.61      5.0979  1.4891e-01  9.7760e-02  1.0407e-01  1.0983e-01  1.2210e-01
  1960.11      5.1018  1.4933e-01  9.8050e-02  1.0437e-01  1.1015e-01  1.2245e-01
  1958.61      5.1057  1.4977e-01  9.8330e-02  1.0466e-01  1.1048e-01  1.2283e-01
  1957.11      5.1096  1.5024e-01  9.8610e-02  1.0497e-01  1.1080e-01  1.2321e-01
  1955.61      5.1135  1.5072e-01  9.8890e-02  1.0528e-01  1.1112e-01  1.2362e-01
  1954.11      5.1174  1.5120e-01  9.9170e-02  1.0559e-01  1.1145e-01  1.2402e-01
  1952.61      5.1214  1.5171e-01  9.9450e-02  1.0593e-01  1.1180e-01  1.2445e-01
  1951.11      5.1253  1.5222e-01  9.9760e-02  1.0627e-01  1.1214e-01  1.2489e-01
  1949.61      5.1292  1.5274e-01  1.0007e-01  1.0663e-01  1.1249e-01  1.2533e-01
  1948.11      5.1332  1.5325e-01  1.0039e-01  1.0700e-01  1.1286e-01  1.2578e-01
  1946.61      5.1371  1.5377e-01  1.0073e-01  1.0739e-01  1.1325e-01  1.2620e-01
  1945.11      5.1411  1.5429e-01  1.0107e-01  1.0779e-01  1.1365e-01  1.2663e-01
  1943.61      5.1451  1.5481e-01  1.0144e-01  1.0820e-01  1.1407e-01  1.2703e-01
  1942.11      5.1490  1.5531e-01  1.0181e-01  1.0863e-01  1.1452e-01  1.2744e-01
  1940.61      5.1530  1.5584e-01  1.0220e-01  1.0907e-01  1.1496e-01  1.2785e-01
  1939.11      5.1570  1.5638e-01  1.0257e-01  1.0948e-01  1.1540e-01  1.2828e-01
  1937.61      5.1610  1.5695e-01  1.0295e-01  1.0990e-01  1.1584e-01  1.2873e-01
  1936.11      5.1650  1.5754e-01  1.0331e-01  1.1031e-01  1.1626e-01  1.2921e-01
  1934.61      5.1690  1.5815e-01  1.0366e-01  1.1070e-01  1.1665e-01  1.2970e-01
  1933.11      5.1730  1.5877e-01  1.0401e-01  1.1108e-01  1.1704e-01  1.3018e-01
  1931.61      5.1770  1.5943e-01  1.0435e-01  1.1146e-01  1.1742e-01  1.3067e-01
  1930.11      5.1811  1.6009e-01  1.0468e-01  1.1183e-01  1.1779e-01  1.3115e-01
  1928.61      5.1851  1.6078e-01  1.0502e-01  1.1221e-01  1.1818e-01  1.3164e-01
  1927.11      5.1891  1.6145e-01  1.0537e-01  1.1260e-01  1.1858e-01  1.3212e-01
  1925.61      5.1932  1.6214e-01  1.0572e-01  1.1300e-01  1.1900e-01  1.3262e-01
  1924.11      5.1972  1.6281e-01  1.0611e-01  1.1342e-01  1.1946e-01  1.3312e-01
  1922.61      5.2013  1.6347e-01  1.0651e-01  1.1386e-01  1.1994e-01  1.3363e-01
  1921.11      5.2053  1.6413e-01  1.0693e-01  1.1430e-01  1.2044e-01  1.3413e-01
  1919.60      5.2094  1.6478e-01  1.0736e-01  1.1476e-01  1.2095e-01  1.3463e-01
  1918.10      5.2135  1.6543e-01  1.0779e-01  1.1521e-01  1.2148e-01  1.3514e-01
  1916.60      5.2176  1.6607e-01  1.0824e-01  1.1567e-01  1.2202e-01  1.3565e-01
  1915.10      5.2216  1.6672e-01  1.0868e-01  1.1613e-01  1.2254e-01  1.3618e-01
  1913.60      5.2257  1.6739e-01  1.0912e-01  1.1658e-01  1.2307e-01  1.3672e-01
  1912.10      5.2298  1.6808e-01  1.0954e-01  1.1703e-01  1.2358e-01  1.3727e-01
  1910.60      5.2339  1.6877e-01  1.0996e-01  1.1748e-01  1.2408e-01  1.3781e-01
  1909.10      5.2381  1.6948e-01  1.1037e-01  1.1794e-01  1.2460e-01  1.3836e-01
  1907.60      5.2422  1.7020e-01  1.1077e-01  1.1840e-01  1.2510e-01  1.3889e-01
  1906.10      5.2463  1.7094e-01  1.1118e-01  1.1886e-01  1.2560e-01  1.3944e-01
  1904.60      5.2504  1.7171e-01  1.1157e-01  1.1932e-01  1.2609e-01  1.3998e-01
  1903.10      5.2546  1.7250e-01  1.1195e-01  1.1979e-01  1.2658e-01  1.4054e-01
  1901.60      5.2587  1.7331e-01  1.1234e-01  1.2026e-01  1.2707e-01  1.4110e-01
  1900.10      5.2629  1.7412e-01  1.1273e-01  1.2072e-01  1.2757e-01  1.4169e-01
  1898.60      5.2670  1.7495e-01  1.1314e-01  1.2119e-01  1.2805e-01  1.4228e-01
  1897.10      5.2712  1.7577e-01  1.1354e-01  1.2166e-01  1.2853e-01  1.4289e-01
  1895.60      5.2754  1.7661e-01  1.1396e-01  1.2214e-01  1.2902e-01  1.4348e-01
  1894.10      5.2795  1.7743e-01  1.1439e-01  1.2263e-01  1.2952e-01  1.4409e-01
  1892.60      5.2837  1.7826e-01  1.1483e-01  1.2313e-01  1.3004e-01  1.4468e-01
  1891.10      5.2879  1.7908e-01  1.1528e-01  1.2363e-01  1.3057e-01  1.4526e-01
  1889.60      5.2921  1.7988e-01  1.1575e-01  1.2415e-01  1.3110e-01  1.4584e-01
  1888.10      5.2963  1.8068e-01  1.1622e-01  1.2468e-01  1.3164e-01  1.4641e-01
  1886.60      5.3005  1.8149e-01  1.1671e-01  1.2522e-01  1.3220e-01  1.4700e-01
  1885.10      5.3048  1.8232e-01  1.1717e-01  1.2575e-01  1.3277e-01  1.4761e-01
  1883.60      5.3090  1.8316e-01  1.1762e-01  1.2628e-01  1.3334e-01  1.4823e-01
  1882.10      5.3132  1.8405e-01  1.1806e-01  1.2681e-01  1.3392e-01  1.4887e-01
  1880.60      5.3174  1.8497e-01  1.1848e-01  1.2731e-01  1.3449e-01  1.4953e-01
  1879.10      5.3217  1.8591e-01  1.1890e-01  1.2781e-01  1.3507e-01  1.5019e-01
  1877.60      5.3259  1.8685e-01  1.1932e-01  1.2831e-01  1.3563e-01  1.5087e-01
  1876.10      5.3302  1.8780e-01  1.1976e-01  1.2880e-01  1.3619e-01  1.5157e-01
  1874.60      5.3345  1.8875e-01  1.2023e-01  1.2932e-01  1.3675e-01  1.5227e-01
  1873.10      5.3387  1.8968e-01  1.2071e-01  1.2987e-01  1.3732e-01  1.5296e-01
  1871.60      5.3430  1.9061e-01  1.2123e-01  1.3044e-01  1.3790e-01  1.5365e-01
  1870.10      5.3473  1.9149e-01  1.2180e-01  1.3103e-01  1.3850e-01  1.5432e-01
  1868.60      5.3516  1.9233e-01  1.2240e-01  1.3167e-01  1.3913e-01  1.5495e-01
  1867.10      5.3559  1.9314e-01  1.2305e-01  1.3233e-01  1.3979e-01  1.5559e-01
  1865.60      5.3602  1.9394e-01  1.2369e-01  1.3301e-01  1.4047e-01  1.5622e-01
  1864.10      5.3645  1.9476e-01  1.2431e-01  1.3367e-01  1.4114e-01  1.5687e-01
  1862.60      5.3688  1.9560e-01  1.2491e-01  1.3433e-01  1.4181e-01  1.5754e-01
  1861.10      5.3732  1.9648e-01  1.2550e-01  1.3496e-01  1.4246e-01  1.5824e-01
  1859.60      5.3775  1.9738e-01  1.2605e-01  1.3557e-01  1.4311e-01  1.5896e-01
  1858.10      5.3818  1.9834e-01  1.2658e-01  1.3616e-01  1.4374e-01  1.5971e-01
  1856.60      5.3862  1.9934e-01  1.2706e-01  1.3673e-01  1.4436e-01  1.6047e-01
  1855.10      5.3905  2.0038e-01  1.2753e-01  1.3727e-01  1.4498e-01  1.6125e-01
  1853.60      5.3949  2.0142e-01  1.2800e-01  1.3780e-01  1.4559e-01  1.6206e-01
  1852.10      5.3993  2.0248e-01  1.2848e-01  1.3836e-01  1.4621e-01  1.6287e-01
  1850.60      5.4037  2.0353e-01  1.2900e-01  1.3893e-01  1.4685e-01  1.6369e-01
  1849.10      5.4080  2.0458e-01  1.2954e-01  1.3952e-01  1.4750e-01  1.6448e-01
  1847.60      5.4124  2.0559e-01  1.3011e-01  1.4015e-01  1.4818e-01  1.6524e-01
  1846.10      5.4168  2.0657e-01  1.3072e-01  1.4080e-01  1.4888e-01  1.6597e-01
  1844.60      5.4212  2.0752e-01  1.3136e-01  1.4147e-01  1.4961e-01  1.6667e-01
  1843.10      5.4256  2.0845e-01  1.3201e-01  1.4217e-01  1.5036e-01  1.6736e-01
  1841.60      5.4301  2.0938e-01  1.3268e-01  1.4289e-01  1.5113e-01  1.6807e-01
  1840.10      5.4345  2.1034e-01  1.3331e-01  1.4359e-01  1.5189e-01  1.6881e-01
  1838.60      5.4389  2.1130e-01  1.3393e-01  1.4427e-01  1.5261e-01  1.6960e-01
  1837.10      5.4434  2.1228e-01  1.3454e-01  1.4495e-01  1.5333e-01  1.7042e-01
  1835.60      5.4478  2.1325e-01  1.3516e-01  1.4561e-01  1.5404e-01  1.7126e-01
  1834.10      5.4523  2.1423e-01  1.3577e-01  1.4627e-01  1.5473e-01  1.7209e-01
  1832.60      5.4567  2.1521e-01  1.3638e-01  1.4694e-01  1.5542e-01  1.7291e-01
  1831.10      5.4612  2.1619e-01  1.3701e-01  1.4760e-01  1.5611e-01  1.7369e-01
  1829.60      5.4657  2.1713e-01  1.3766e-01  1.4829e-01  1.5683e-01  1.7445e-01
  1828.10      5.4702  2.1805e-01  1.3834e-01  1.4902e-01  1.5758e-01  1.7518e-01
  1826.60      5.4747  2.1895e-01  1.3903e-01  1.4976e-01  1.5833e-01  1.7592e-01
  1825.10      5.4792  2.1985e-01  1.3973e-01  1.5049e-01  1.5907e-01  1.7666e-01
  1823.60      5.4837  2.2075e-01  1.4041e-01  1.5124e-01  1.5983e-01  1.7743e-01
  1822.10      5.4882  2.2166e-01  1.4108e-01  1.5195e-01  1.6057e-01  1.7820e-01
  1820.60      5.4927  2.2260e-01  1.4171e-01  1.5266e-01  1.6128e-01  1.7901e-01
  1819.10      5.4972  2.2355e-01  1.4232e-01  1.5333e-01  1.6198e-01  1.7983e-01
  1817.60      5.5018  2.2454e-01  1.4290e-01  1.5397e-01  1.6267e-01  1.8066e-01
  1816.10      5.5063  2.2556e-01  1.4345e-01  1.5460e-01  1.6334e-01  1.8148e-01
  1814.60      5.5109  2.2663e-01  1.4398e-01  1.5521e-01  1.6402e-01  1.8230e-01
  1813.10      5.5154  2.2772e-01  1.4448e-01  1.5581e-01  1.6468e-01  1.8310e-01
  1811.60      5.5200  2.2881e-01  1.4498e-01  1.5640e-01  1.6533e-01  1.8390e-01
  1810.10      5.5246  2.2989e-01  1.4550e-01  1.5699e-01  1.6599e-01  1.8467e-01
  1808.60      5.5291  2.3098e-01  1.4602e-01  1.5760e-01  1.6664e-01  1.8544e-01
  1807.10      5.5337  2.3205e-01  1.4654e-01  1.5819e-01  1.6729e-01  1.8622e-01
  1805.60      5.5383  2.3316e-01  1.4706e-01  1.5879e-01  1.6793e-01  1.8698e-01
  1804.10      5.5429  2.3426e-01  1.4756e-01  1.5936e-01  1.6856e-01  1.8775e-01
  1802.60      5.5476  2.3533e-01  1.4808e-01  1.5994e-01  1.6921e-01  1.8851e-01
  1801.10      5.5522  2.3635e-01  1.4864e-01  1.6053e-01  1.6986e-01  1.8927e-01
  1799.60      5.5568  2.3732e-01  1.4923e-01  1.6115e-01  1.7051e-01  1.9003e-01
  1798.10      5.5614  2.3826e-01  1.4984e-01  1.6178e-01  1.7119e-01  1.9080e-01
  1796.60      5.5661  2.3919e-01  1.5044e-01  1.6242e-01  1.7186e-01  1.9153e-01
  1795.10      5.5707  2.4010e-01  1.5106e-01  1.6306e-01  1.7253e-01  1.9226e-01
  1793.60      5.5754  2.4100e-01  1.5171e-01  1.6373e-01  1.7322e-01  1.9294e-01
  1792.10      5.5801  2.4183e-01  1.5236e-01  1.6442e-01  1.7392e-01  1.9360e-01
  1790.60      5.5847  2.4262e-01  1.5304e-01  1.6512e-01  1.7463e-01  1.9424e-01
  1789.10      5.5894  2.4344e-01  1.5368e-01  1.6579e-01  1.7532e-01  1.9490e-01
  1787.60      5.5941  2.4432e-01  1.5427e-01  1.6643e-01  1.7600e-01  1.9559e-01
  1786.10      5.5988  2.4527e-01  1.5479e-01  1.6704e-01  1.7665e-01  1.9629e-01
  1784.59      5.6035  2.4628e-01  1.5529e-01  1.6762e-01  1.7729e-01  1.9704e-01
  1783.09      5.6082  2.4731e-01  1.5575e-01  1.6816e-01  1.7789e-01  1.9781e-01
  1781.59      5.6129  2.4832e-01  1.5622e-01  1.6868e-01  1.7847e-01  1.9858e-01
  1780.09      5.6177  2.4932e-01  1.5667e-01  1.6919e-01  1.7903e-01  1.9935e-01
  1778.59      5.6224  2.5031e-01  1.5712e-01  1.6970e-01  1.7958e-01  2.0012e-01
  1777.09      5.6272  2.5129e-01  1.5759e-01  1.7022e-01  1.8014e-01  2.0087e-01
  1775.59      5.6319  2.5224e-01  1.5808e-01  1.7077e-01  1.8070e-01  2.0157e-01
  1774.09      5.6367  2.5312e-01  1.5862e-01  1.7134e-01  1.8128e-01  2.0223e-01
  1772.59      5.6414  2.5389e-01  1.5920e-01  1.7195e-01  1.8189e-01  2.0282e-01
  1771.09      5.6462  2.5456e-01  1.5982e-01  1.7260e-01  1.8251e-01  2.0336e-01
  1769.59      5.6510  2.5518e-01  1.6045e-01  1.7325e-01  1.8314e-01  2.0387e-01
  1768.09      5.6558  2.5579e-01  1.6107e-01  1.7389e-01  1.8375e-01  2.0441e-01
  1766.59      5.6606  2.5643e-01  1.6166e-01  1.7451e-01  1.8435e-01  2.0496e-01
  1765.09      5.6654  2.5710e-01  1.6220e-01  1.7510e-01  1.8494e-01  2.0555e-01
  1763.59      5.6702  2.5783e-01  1.6271e-01  1.7564e-01  1.8549e-01  2.0617e-01
  1762.09      5.6751  2.5856e-01  1.6317e-01  1.7616e-01  1.8602e-01  2.0680e-01
  1760.59      5.6799  2.5930e-01  1.6361e-01  1.7662e-01  1.8653e-01  2.0742e-01
  1759.09      5.6847  2.6005e-01  1.6400e-01  1.7706e-01  1.8702e-01  2.0804e-01
  1757.59      5.6896  2.6083e-01  1.6439e-01  1.7747e-01  1.8748e-01  2.0866e-01
  1756.09      5.6945  2.6161e-01  1.6475e-01  1.7787e-01  1.8794e-01  2.0928e-01
  1754.59      5.6993  2.6235e-01  1.6512e-01  1.7828e-01  1.8839e-01  2.0989e-01
  1753.09      5.7042  2.6307e-01  1.6550e-01  1.7868e-01  1.8882e-01  2.1048e-01
  1751.59      5.7091  2.6371e-01  1.6591e-01  1.7909e-01  1.8925e-01  2.1102e-01
  1750.09      5.7140  2.6425e-01  1.6634e-01  1.7951e-01  1.8969e-01  2.1148e-01
  1748.59      5.7189  2.6471e-01  1.6679e-01  1.7995e-01  1.9015e-01  2.1188e-01
  1747.09      5.7238  2.6515e-01  1.6723e-01  1.8039e-01  1.9061e-01  2.1225e-01
  1745.59      5.7287  2.6556e-01  1.6763e-01  1.8080e-01  1.9103e-01  2.1260e-01
  1744.09      5.7336  2.6592e-01  1.6801e-01  1.8116e-01  1.9143e-01  2.1296e-01
  1742.59      5.7386  2.6620e-01  1.6839e-01  1.8150e-01  1.9177e-01  2.1333e-01
  1741.09      5.7435  2.6638e-01  1.6879e-01  1.8184e-01  1.9208e-01  2.1370e-01
  1739.59      5.7485  2.6646e-01  1.6919e-01  1.8218e-01  1.9235e-01  2.1406e-01
  1738.09      5.7534  2.6647e-01  1.6958e-01  1.8251e-01  1.9260e-01  2.1437e-01
  1736.59      5.7584  2.6644e-01  1.6996e-01  1.8283e-01  1.9285e-01  2.1460e-01
  1735.09      5.7634  2.6635e-01  1.7035e-01  1.8316e-01  1.9311e-01  2.1476e-01
  1733.59      5.7684  2.6617e-01  1.7076e-01  1.8350e-01  1.9341e-01  2.1482e-01
  1732.09      5.7734  2.6598e-01  1.7115e-01  1.8386e-01  1.9373e-01  2.1484e-01
  1730.59      5.7784  2.6583e-01  1.7148e-01  1.8417e-01  1.9402e-01  2.1487e-01
  1729.09      5.7834  2.6575e-01  1.7170e-01  1.8439e-01  1.9425e-01  2.1494e-01
  1727.59      5.7884  2.6572e-01  1.7185e-01  1.8451e-01  1.9441e-01  2.1505e-01
  1726.09      5.7934  2.6571e-01  1.7195e-01  1.8457e-01  1.9447e-01  2.1525e-01
  1724.59      5.7985  2.6570e-01  1.7201e-01  1.8458e-01  1.9445e-01  2.1551e-01
  1723.09      5.8035  2.6566e-01  1.7205e-01  1.8457e-01  1.9437e-01  2.1576e-01
  1721.59      5.8086  2.6561e-01  1.7207e-01  1.8454e-01  1.9427e-01  2.1596e-01
  1720.09      5.8136  2.6554e-01  1.7208e-01  1.8453e-01  1.9418e-01  2.1607e-01
  1718.59      5.8187  2.6541e-01  1.7212e-01  1.8456e-01  1.9414e-01  2.1605e-01
  1717.09      5.8238  2.6512e-01  1.7223e-01  1.8464e-01  1.9416e-01  2.1591e-01
  1715.59      5.8289  2.6471e-01  1.7241e-01  1.8478e-01  1.9422e-01  2.1568e-01
  1714.09      5.8340  2.6428e-01  1.7256e-01  1.8491e-01  1.9429e-01  2.1546e-01
  1712.59      5.8391  2.6388e-01  1.7267e-01  1.8499e-01  1.9433e-01  2.1529e-01
  1711.09      5.8442  2.6352e-01  1.7273e-01  1.8501e-01  1.9431e-01  2.1519e-01
  1709.59      5.8494  2.6314e-01  1.7275e-01  1.8496e-01  1.9423e-01  2.1519e-01
  1708.09      5.8545  2.6271e-01  1.7277e-01  1.8486e-01  1.9409e-01  2.1525e-01
  1706.59      5.8596  2.6219e-01  1.7283e-01  1.8475e-01  1.9393e-01  2.1532e-01
  1705.09      5.8648  2.6156e-01  1.7292e-01  1.8467e-01  1.9377e-01  2.1534e-01
  1703.59      5.8700  2.6086e-01  1.7306e-01  1.8463e-01  1.9367e-01  2.1530e-01
  1702.09      5.8751  2.6010e-01  1.7325e-01  1.8466e-01  1.9363e-01  2.1517e-01
  1700.59      5.8803  2.5920e-01  1.7353e-01  1.8480e-01  1.9369e-01  2.1494e-01
  1699.09      5.8855  2.5815e-01  1.7392e-01  1.8502e-01  1.9386e-01  2.1462e-01
  1697.59      5.8907  2.5707e-01  1.7434e-01  1.8531e-01  1.9408e-01  2.1428e-01
  1696.09      5.8959  2.5595e-01  1.7476e-01  1.8560e-01  1.9431e-01  2.1398e-01
  1694.59      5.9011  2.5482e-01  1.7518e-01  1.8586e-01  1.9451e-01  2.1376e-01
  1693.09      5.9064  2.5373e-01  1.7559e-01  1.8609e-01  1.9465e-01  2.1368e-01
  1691.59      5.9116  2.5272e-01  1.7597e-01  1.8630e-01  1.9474e-01  2.1376e-01
  1690.09      5.9169  2.5181e-01  1.7634e-01  1.8651e-01  1.9480e-01  2.1393e-01
  1688.59      5.9221  2.5095e-01  1.7672e-01  1.8672e-01  1.9486e-01  2.1411e-01
  1687.09      5.9274  2.5016e-01  1.7711e-01  1.8695e-01  1.9495e-01  2.1426e-01
  1685.59      5.9326  2.4936e-01  1.7755e-01  1.8724e-01  1.9509e-01  2.1434e-01
  1684.09      5.9379  2.4850e-01  1.7809e-01  1.8760e-01  1.9534e-01  2.1431e-01
  1682.59      5.9432  2.4758e-01  1.7871e-01  1.8805e-01  1.9567e-01  2.1425e-01
  1681.09      5.9485  2.4668e-01  1.7937e-01  1.8854e-01  1.9606e-01  2.1423e-01
  1679.59      5.9538  2.4582e-01  1.8004e-01  1.8901e-01  1.9645e-01  2.1430e-01
  1678.09      5.9592  2.4496e-01  1.8074e-01  1.8950e-01  1.9684e-01  2.1447e-01
  1676.59      5.9645  2.4410e-01  1.8148e-01  1.8999e-01  1.9722e-01  2.1472e-01
  1675.09      5.9698  2.4321e-01  1.8224e-01  1.9051e-01  1.9762e-01  2.1499e-01
  1673.59      5.9752  2.4231e-01  1.8303e-01  1.9104e-01  1.9804e-01  2.1523e-01
  1672.09      5.9806  2.4145e-01  1.8381e-01  1.9156e-01  1.9845e-01  2.1545e-01
  1670.59      5.9859  2.4065e-01  1.8460e-01  1.9208e-01  1.9889e-01  2.1564e-01
  1669.09      5.9913  2.3992e-01  1.8538e-01  1.9264e-01  1.9936e-01  2.1578e-01
  1667.59      5.9967  2.3929e-01  1.8614e-01  1.9322e-01  1.9982e-01  2.1593e-01
  1666.09      6.0021  2.3880e-01  1.8681e-01  1.9375e-01  2.0025e-01  2.1611e-01
  1664.59      6.0075  2.3836e-01  1.8743e-01  1.9419e-01  2.0060e-01  2.1634e-01
  1663.09      6.0129  2.3791e-01  1.8803e-01  1.9456e-01  2.0085e-01  2.1660e-01
  1661.59      6.0183  2.3745e-01  1.8862e-01  1.9490e-01  2.0102e-01  2.1692e-01
  1660.09      6.0238  2.3703e-01  1.8915e-01  1.9520e-01  2.0115e-01  2.1728e-01
  1658.59      6.0292  2.3660e-01  1.8966e-01  1.9544e-01  2.0123e-01  2.1760e-01
  1657.09      6.0347  2.3609e-01  1.9016e-01  1.9564e-01  2.0127e-01  2.1783e-01
  1655.59      6.0402  2.3543e-01  1.9072e-01  1.9584e-01  2.0130e-01  2.1794e-01
  1654.09      6.0456  2.3450e-01  1.9141e-01  1.9612e-01  2.0139e-01  2.1787e-01
  1652.59      6.0511  2.3327e-01  1.9223e-01  1.9648e-01  2.0155e-01  2.1758e-01
  1651.08      6.0566  2.3191e-01  1.9303e-01  1.9685e-01  2.0173e-01  2.1714e-01
  1649.58      6.0621  2.3057e-01  1.9373e-01  1.9714e-01  2.0186e-01  2.1660e-01
  1648.08      6.0676  2.2921e-01  1.9431e-01  1.9734e-01  2.0192e-01  2.1600e-01
  1646.58      6.0732  2.2773e-01  1.9482e-01  1.9746e-01  2.0188e-01  2.1532e-01
  1645.08      6.0787  2.2617e-01  1.9524e-01  1.9747e-01  2.0172e-01  2.1466e-01
  1643.58      6.0843  2.2462e-01  1.9548e-01  1.9733e-01  2.0138e-01  2.1404e-01
  1642.08      6.0898  2.2317e-01  1.9547e-01  1.9700e-01  2.0085e-01  2.1341e-01
  1640.58      6.0954  2.2185e-01  1.9520e-01  1.9646e-01  2.0017e-01  2.1269e-01
  1639.08      6.1010  2.2062e-01  1.9470e-01  1.9578e-01  1.9938e-01  2.1186e-01
  1637.58      6.1066  2.1939e-01  1.9405e-01  1.9497e-01  1.9849e-01  2.1089e-01
  1636.08      6.1122  2.1803e-01  1.9327e-01  1.9406e-01  1.9751e-01  2.0972e-01
  1634.58      6.1178  2.1656e-01  1.9236e-01  1.9302e-01  1.9645e-01  2.0837e-01
  1633.08      6.1234  2.1510e-01  1.9124e-01  1.9185e-01  1.9529e-01  2.0692e-01
  1631.58      6.1290  2.1372e-01  1.8991e-01  1.9051e-01  1.9400e-01  2.0545e-01
  1630.08      6.1347  2.1237e-01  1.8839e-01  1.8904e-01  1.9257e-01  2.0394e-01
  1628.58      6.1403  2.1097e-01  1.8670e-01  1.8744e-01  1.9101e-01  2.0241e-01
  1627.08      6.1460  2.0947e-01  1.8489e-01  1.8572e-01  1.8934e-01  2.0082e-01
  1625.58      6.1516  2.0791e-01  1.8296e-01  1.8390e-01  1.8756e-01  1.9918e-01
  1624.08      6.1573  2.0630e-01  1.8093e-01  1.8199e-01  1.8567e-01  1.9745e-01
  1622.58      6.1630  2.0469e-01  1.7879e-01  1.8003e-01  1.8375e-01  1.9561e-01
  1621.08      6.1687  2.0310e-01  1.7657e-01  1.7803e-01  1.8182e-01  1.9370e-01
  1619.58      6.1744  2.0152e-01  1.7428e-01  1.7599e-01  1.7986e-01  1.9176e-01
  1618.08      6.1802  1.9986e-01  1.7199e-01  1.7393e-01  1.7786e-01  1.8975e-01
  1616.58      6.1859  1.9813e-01  1.6971e-01  1.7189e-01  1.7587e-01  1.8769e-01
  1615.08      6.1916  1.9637e-01  1.6744e-01  1.6986e-01  1.7391e-01  1.8564e-01
  1613.58      6.1974  1.9468e-01  1.6514e-01  1.6782e-01  1.7193e-01  1.8364e-01
  1612.08      6.2032  1.9308e-01  1.6281e-01  1.6576e-01  1.6995e-01  1.8171e-01
  1610.58      6.2089  1.9157e-01  1.6047e-01  1.6369e-01  1.6797e-01  1.7984e-01
  1609.08      6.2147  1.9013e-01  1.5815e-01  1.6165e-01  1.6604e-01  1.7804e-01
  1607.58      6.2205  1.8875e-01  1.5588e-01  1.5966e-01  1.6414e-01  1.7631e-01
  1606.08      6.2263  1.8744e-01  1.5365e-01  1.5770e-01  1.6228e-01  1.7462e-01
  1604.58      6.2322  1.8621e-01  1.5145e-01  1.5578e-01  1.6044e-01  1.7298e-01
  1603.08      6.2380  1.8505e-01  1.4931e-01  1.5388e-01  1.5867e-01  1.7137e-01
  1601.58      6.2438  1.8398e-01  1.4723e-01  1.5206e-01  1.5696e-01  1.6982e-01
  1600.08      6.2497  1.8295e-01  1.4523e-01  1.5032e-01  1.5531e-01  1.6832e-01
  1598.58      6.2555  1.8196e-01  1.4332e-01  1.4865e-01  1.5372e-01  1.6688e-01
  1597.08      6.2614  1.8100e-01  1.4149e-01  1.4703e-01  1.5218e-01  1.6549e-01
  1595.58      6.2673  1.8009e-01  1.3973e-01  1.4549e-01  1.5071e-01  1.6416e-01
  1594.08      6.2732  1.7924e-01  1.3804e-01  1.4400e-01  1.4931e-01  1.6288e-01
  1592.58      6.2791  1.7846e-01  1.3641e-01  1.4257e-01  1.4796e-01  1.6166e-01
  1591.08      6.2850  1.7775e-01  1.3483e-01  1.4121e-01  1.4667e-01  1.6050e-01
  1589.58      6.2910  1.7713e-01  1.3329e-01  1.3989e-01  1.4542e-01  1.5942e-01
  1588.08      6.2969  1.7658e-01  1.3177e-01  1.3859e-01  1.4423e-01  1.5839e-01
  1586.58      6.3029  1.7607e-01  1.3031e-01  1.3733e-01  1.4306e-01  1.5746e-01
  1585.08      6.3088  1.7560e-01  1.2893e-01  1.3613e-01  1.4191e-01  1.5658e-01
  1583.58      6.3148  1.7517e-01  1.2760e-01  1.3497e-01  1.4083e-01  1.5578e-01
  1582.08      6.3208  1.7479e-01  1.2634e-01  1.3387e-01  1.3979e-01  1.5501e-01
  1580.58      6.3268  1.7443e-01  1.2515e-01  1.3282e-01  1.3882e-01  1.5425e-01
  1579.08      6.3328  1.7405e-01  1.2404e-01  1.3182e-01  1.3791e-01  1.5350e-01
  1577.58      6.3388  1.7364e-01  1.2305e-01  1.3091e-01  1.3708e-01  1.5276e-01
  1576.08      6.3449  1.7318e-01  1.2218e-01  1.3012e-01  1.3633e-01  1.5200e-01
  1574.58      6.3509  1.7276e-01  1.2139e-01  1.2938e-01  1.3567e-01  1.5127e-01
  1573.08      6.3570  1.7248e-01  1.2059e-01  1.2868e-01  1.3505e-01  1.5062e-01
  1571.58      6.3630  1.7231e-01  1.1977e-01  1.2799e-01  1.3445e-01  1.5003e-01
  1570.08      6.3691  1.7212e-01  1.1898e-01  1.2729e-01  1.3383e-01  1.4949e-01
  1568.58      6.3752  1.7187e-01  1.1827e-01  1.2661e-01  1.3321e-01  1.4906e-01
  1567.08      6.3813  1.7157e-01  1.1764e-01  1.2599e-01  1.3258e-01  1.4875e-01
  1565.58      6.3874  1.7124e-01  1.1708e-01  1.2542e-01  1.3197e-01  1.4848e-01
  1564.08      6.3935  1.7093e-01  1.1655e-01  1.2488e-01  1.3142e-01  1.4817e-01
  1562.58      6.3997  1.7057e-01  1.1610e-01  1.2443e-01  1.3094e-01  1.4781e-01
  1561.08      6.4058  1.7013e-01  1.1576e-01  1.2409e-01  1.3056e-01  1.4734e-01
  1559.58      6.4120  1.6950e-01  1.1561e-01  1.2388e-01  1.3032e-01  1.4672e-01
  1558.08      6.4182  1.6872e-01  1.1560e-01  1.2382e-01  1.3021e-01  1.4601e-01
  1556.58      6.4243  1.6800e-01  1.1560e-01  1.2382e-01  1.3019e-01  1.4533e-01
  1555.08      6.4305  1.6749e-01  1.1552e-01  1.2378e-01  1.3015e-01  1.4477e-01
  1553.58      6.4368  1.6717e-01  1.1536e-01  1.2366e-01  1.3005e-01  1.4435e-01
  1552.08      6.4430  1.6698e-01  1.1512e-01  1.2347e-01  1.2990e-01  1.4411e-01
  1550.58      6.4492  1.6683e-01  1.1485e-01  1.2323e-01  1.2967e-01  1.4405e-01
  1549.08      6.4555  1.6672e-01  1.1460e-01  1.2295e-01  1.2938e-01  1.4408e-01
  1547.58      6.4617  1.6669e-01  1.1432e-01  1.2264e-01  1.2904e-01  1.4415e-01
  1546.08      6.4680  1.6673e-01  1.1402e-01  1.2232e-01  1.2874e-01  1.4415e-01
  1544.58      6.4743  1.6678e-01  1.1375e-01  1.2204e-01  1.2852e-01  1.4406e-01
  1543.08      6.4806  1.6673e-01  1.1363e-01  1.2189e-01  1.2841e-01  1.4384e-01
  1541.58      6.4869  1.6650e-01  1.1365e-01  1.2186e-01  1.2839e-01  1.4350e-01
  1540.08      6.4932  1.6611e-01  1.1381e-01  1.2196e-01  1.2847e-01  1.4308e-01
  1538.58      6.4995  1.6568e-01  1.1401e-01  1.2212e-01  1.2861e-01  1.4264e-01
  1537.08      6.5059  1.6532e-01  1.1419e-01  1.2228e-01  1.2874e-01  1.4232e-01
  1535.58      6.5122  1.6512e-01  1.1429e-01  1.2238e-01  1.2883e-01  1.4212e-01
  1534.08      6.5186  1.6500e-01  1.1435e-01  1.2244e-01  1.2885e-01  1.4205e-01
  1532.58      6.5250  1.6494e-01  1.1436e-01  1.2245e-01  1.2884e-01  1.4209e-01
  1531.08      6.5314  1.6497e-01  1.1432e-01  1.2240e-01  1.2878e-01  1.4225e-01
  1529.58      6.5378  1.6512e-01  1.1422e-01  1.2230e-01  1.2867e-01  1.4245e-01
  1528.08      6.5442  1.6536e-01  1.1410e-01  1.2217e-01  1.2855e-01  1.4265e-01
  1526.58      6.5506  1.6563e-01  1.1401e-01  1.2207e-01  1.2848e-01  1.4282e-01
  1525.08      6.5571  1.6590e-01  1.1397e-01  1.2204e-01  1.2847e-01  1.4293e-01
  1523.58      6.5635  1.6610e-01  1.1401e-01  1.2210e-01  1.2853e-01  1.4298e-01
  1522.08      6.5700  1.6624e-01  1.1414e-01  1.2221e-01  1.2864e-01  1.4293e-01
  1520.58      6.5765  1.6634e-01  1.1429e-01  1.2237e-01  1.2880e-01  1.4284e-01
  1519.08      6.5830  1.6645e-01  1.1445e-01  1.2256e-01  1.2899e-01  1.4275e-01
  1517.58      6.5895  1.6651e-01  1.1465e-01  1.2274e-01  1.2917e-01  1.4272e-01
  1516.07      6.5960  1.6652e-01  1.1489e-01  1.2293e-01  1.2932e-01  1.4278e-01
  1514.57      6.6025  1.6652e-01  1.1515e-01  1.2313e-01  1.2946e-01  1.4293e-01
  1513.07      6.6091  1.6656e-01  1.1541e-01  1.2333e-01  1.2959e-01  1.4314e-01
  1511.57      6.6156  1.6663e-01  1.1567e-01  1.2355e-01  1.2974e-01  1.4333e-01
  1510.07      6.6222  1.6672e-01  1.1593e-01  1.2376e-01  1.2992e-01  1.4346e-01
  1508.57      6.6288  1.6675e-01  1.1625e-01  1.2400e-01  1.3017e-01  1.4349e-01
  1507.07      6.6354  1.6667e-01  1.1664e-01  1.2430e-01  1.3047e-01  1.4341e-01
  1505.57      6.6420  1.6652e-01  1.1709e-01  1.2464e-01  1.3083e-01  1.4329e-01
  1504.07      6.6486  1.6645e-01  1.1748e-01  1.2496e-01  1.3117e-01  1.4322e-01
  1502.57      6.6552  1.6650e-01  1.1778e-01  1.2523e-01  1.3147e-01  1.4323e-01
  1501.07      6.6619  1.6663e-01  1.1802e-01  1.2542e-01  1.3170e-01  1.4333e-01
  1499.57      6.6686  1.6676e-01  1.1823e-01  1.2557e-01  1.3185e-01  1.4352e-01
  1498.07      6.6752  1.6687e-01  1.1845e-01  1.2571e-01  1.3196e-01  1.4379e-01
  1496.57      6.6819  1.6698e-01  1.1868e-01  1.2586e-01  1.3205e-01  1.4408e-01
  1495.07      6.6886  1.6714e-01  1.1886e-01  1.2599e-01  1.3214e-01  1.4438e-01
  1493.57      6.6954  1.6740e-01  1.1900e-01  1.2613e-01  1.3225e-01  1.4466e-01
  1492.07      6.7021  1.6775e-01  1.1913e-01  1.2629e-01  1.3241e-01  1.4492e-01
  1490.57      6.7088  1.6811e-01  1.1930e-01  1.2651e-01  1.3264e-01  1.4513e-01
  1489.07      6.7156  1.6841e-01  1.1951e-01  1.2679e-01  1.3293e-01  1.4529e-01
  1487.57      6.7224  1.6872e-01  1.1973e-01  1.2705e-01  1.3324e-01  1.4546e-01
  1486.07      6.7291  1.6908e-01  1.1991e-01  1.2729e-01  1.3352e-01  1.4564e-01
  1484.57      6.7359  1.6952e-01  1.2001e-01  1.2747e-01  1.3376e-01  1.4587e-01
  1483.07      6.7428  1.7000e-01  1.2009e-01  1.2759e-01  1.3395e-01  1.4617e-01
  1481.57      6.7496  1.7049e-01  1.2017e-01  1.2770e-01  1.3410e-01  1.4652e-01
  1480.07      6.7564  1.7097e-01  1.2026e-01  1.2782e-01  1.3422e-01  1.4689e-01
  1478.57      6.7633  1.7144e-01  1.2037e-01  1.2794e-01  1.3433e-01  1.4724e-01
  1477.07      6.7702  1.7188e-01  1.2048e-01  1.2807e-01  1.3446e-01  1.4753e-01
  1475.57      6.7770  1.7229e-01  1.2063e-01  1.2823e-01  1.3463e-01  1.4774e-01
  1474.07      6.7839  1.7262e-01  1.2083e-01  1.2843e-01  1.3484e-01  1.4789e-01
  1472.57      6.7908  1.7290e-01  1.2110e-01  1.2871e-01  1.3510e-01  1.4799e-01
  1471.07      6.7978  1.7317e-01  1.2137e-01  1.2901e-01  1.3538e-01  1.4810e-01
  1469.57      6.8047  1.7349e-01  1.2160e-01  1.2927e-01  1.3564e-01  1.4825e-01
  1468.07      6.8117  1.7382e-01  1.2179e-01  1.2949e-01  1.3586e-01  1.4847e-01
  1466.57      6.8186  1.7413e-01  1.2197e-01  1.2967e-01  1.3602e-01  1.4875e-01
  1465.07      6.8256  1.7438e-01  1.2220e-01  1.2986e-01  1.3617e-01  1.4908e-01
  1463.57      6.8326  1.7460e-01  1.2246e-01  1.3007e-01  1.3634e-01  1.4944e-01
  1462.07      6.8396  1.7484e-01  1.2272e-01  1.3028e-01  1.3652e-01  1.4974e-01
  1460.57      6.8466  1.7509e-01  1.2299e-01  1.3052e-01  1.3673e-01  1.5001e-01
  1459.07      6.8537  1.7530e-01  1.2331e-01  1.3080e-01  1.3702e-01  1.5020e-01
  1457.57      6.8607  1.7541e-01  1.2374e-01  1.3115e-01  1.3739e-01  1.5033e-01
  1456.07      6.8678  1.7541e-01  1.2428e-01  1.3162e-01  1.3784e-01  1.5043e-01
  1454.57      6.8749  1.7541e-01  1.2485e-01  1.3212e-01  1.3834e-01  1.5057e-01
  1453.07      6.8820  1.7547e-01  1.2538e-01  1.3260e-01  1.3883e-01  1.5079e-01
  1451.57      6.8891  1.7565e-01  1.2584e-01  1.3305e-01  1.3930e-01  1.5108e-01
  1450.07      6.8962  1.7592e-01  1.2626e-01  1.3348e-01  1.3974e-01  1.5145e-01
  1448.57      6.9034  1.7624e-01  1.2663e-01  1.3386e-01  1.4015e-01  1.5186e-01
  1447.07      6.9105  1.7659e-01  1.2696e-01  1.3421e-01  1.4051e-01  1.5230e-01
  1445.57      6.9177  1.7702e-01  1.2725e-01  1.3450e-01  1.4081e-01  1.5274e-01
  1444.07      6.9249  1.7755e-01  1.2748e-01  1.3476e-01  1.4108e-01  1.5318e-01
  1442.57      6.9321  1.7816e-01  1.2766e-01  1.3501e-01  1.4133e-01  1.5363e-01
  1441.07      6.9393  1.7878e-01  1.2786e-01  1.3527e-01  1.4159e-01  1.5405e-01
  1439.57      6.9465  1.7939e-01  1.2810e-01  1.3556e-01  1.4187e-01  1.5447e-01
  1438.07      6.9538  1.7992e-01  1.2839e-01  1.3588e-01  1.4218e-01  1.5486e-01
  1436.57      6.9610  1.8041e-01  1.2875e-01  1.3626e-01  1.4253e-01  1.5522e-01
  1435.07      6.9683  1.8086e-01  1.2913e-01  1.3666e-01  1.4294e-01  1.5556e-01
  1433.57      6.9756  1.8134e-01  1.2954e-01  1.3707e-01  1.4337e-01  1.5591e-01
  1432.07      6.9829  1.8185e-01  1.2993e-01  1.3748e-01  1.4381e-01  1.5629e-01
  1430.57      6.9902  1.8236e-01  1.3033e-01  1.3789e-01  1.4426e-01  1.5669e-01
  1429.07      6.9976  1.8284e-01  1.3076e-01  1.3829e-01  1.4470e-01  1.5711e-01
  1427.57      7.0049  1.8331e-01  1.3120e-01  1.3869e-01  1.4513e-01  1.5758e-01
  1426.07      7.0123  1.8377e-01  1.3166e-01  1.3909e-01  1.4553e-01  1.5805e-01
  1424.57      7.0197  1.8424e-01  1.3212e-01  1.3950e-01  1.4594e-01  1.5852e-01
  1423.07      7.0271  1.8471e-01  1.3259e-01  1.3993e-01  1.4637e-01  1.5898e-01
  1421.57      7.0345  1.8517e-01  1.3308e-01  1.4038e-01  1.4682e-01  1.5941e-01
  1420.07      7.0419  1.8559e-01  1.3360e-01  1.4088e-01  1.4729e-01  1.5981e-01
  1418.57      7.0494  1.8596e-01  1.3416e-01  1.4142e-01  1.4781e-01  1.6017e-01
  1417.07      7.0568  1.8632e-01  1.3474e-01  1.4198e-01  1.4833e-01  1.6054e-01
  1415.57      7.0643  1.8672e-01  1.3529e-01  1.4252e-01  1.4886e-01  1.6092e-01
  1414.07      7.0718  1.8716e-01  1.3582e-01  1.4305e-01  1.4935e-01  1.6134e-01
  1412.57      7.0793  1.8763e-01  1.3632e-01  1.4354e-01  1.4982e-01  1.6179e-01
  1411.07      7.0868  1.8815e-01  1.3677e-01  1.4402e-01  1.5025e-01  1.6226e-01
  1409.57      7.0944  1.8871e-01  1.3720e-01  1.4445e-01  1.5067e-01  1.6276e-01
  1408.07      7.1019  1.8930e-01  1.3761e-01  1.4485e-01  1.5106e-01  1.6326e-01
  1406.57      7.1095  1.8992e-01  1.3802e-01  1.4523e-01  1.5144e-01  1.6379e-01
  1405.07      7.1171  1.9055e-01  1.3843e-01  1.4560e-01  1.5183e-01  1.6431e-01
  1403.57      7.1247  1.9116e-01  1.3886e-01  1.4602e-01  1.5224e-01  1.6483e-01
  1402.07      7.1323  1.9176e-01  1.3934e-01  1.4645e-01  1.5268e-01  1.6537e-01
  1400.57      7.1400  1.9234e-01  1.3984e-01  1.4692e-01  1.5314e-01  1.6590e-01
  1399.07      7.1476  1.9288e-01  1.4039e-01  1.4742e-01  1.5364e-01  1.6642e-01
  1397.57      7.1553  1.9338e-01  1.4099e-01  1.4796e-01  1.5418e-01  1.6692e-01
  1396.07      7.1630  1.9384e-01  1.4162e-01  1.4853e-01  1.5474e-01  1.6741e-01
  1394.57      7.1707  1.9429e-01  1.4229e-01  1.4914e-01  1.5532e-01  1.6788e-01
  1393.07      7.1784  1.9472e-01  1.4297e-01  1.4975e-01  1.5591e-01  1.6835e-01
  1391.57      7.1862  1.9520e-01  1.4363e-01  1.5035e-01  1.5650e-01  1.6884e-01
  1390.07      7.1939  1.9572e-01  1.4428e-01  1.5095e-01  1.5708e-01  1.6933e-01
  1388.57      7.2017  1.9625e-01  1.4492e-01  1.5154e-01  1.5764e-01  1.6984e-01
  1387.07      7.2095  1.9681e-01  1.4555e-01  1.5212e-01  1.5819e-01  1.7034e-01
  1385.57      7.2173  1.9739e-01  1.4618e-01  1.5269e-01  1.5873e-01  1.7086e-01
  1384.07      7.2251  1.9801e-01  1.4678e-01  1.5325e-01  1.5924e-01  1.7141e-01
  1382.56      7.2329  1.9867e-01  1.4737e-01  1.5378e-01  1.5974e-01  1.7197e-01
  1381.06      7.2408  1.9937e-01  1.4796e-01  1.5431e-01  1.6024e-01  1.7256e-01
  1379.56      7.2487  2.0008e-01  1.4855e-01  1.5486e-01  1.6076e-01  1.7314e-01
  1378.06      7.2566  2.0081e-01  1.4918e-01  1.5543e-01  1.6129e-01  1.7373e-01
  1376.56      7.2645  2.0153e-01  1.4981e-01  1.5601e-01  1.6184e-01  1.7430e-01
  1375.06      7.2724  2.0225e-01  1.5047e-01  1.5660e-01  1.6242e-01  1.7485e-01
  1373.56      7.2803  2.0297e-01  1.5114e-01  1.5720e-01  1.6302e-01  1.7540e-01
  1372.06      7.2883  2.0368e-01  1.5184e-01  1.5782e-01  1.6365e-01  1.7594e-01
  1370.56      7.2963  2.0440e-01  1.5255e-01  1.5845e-01  1.6427e-01  1.7652e-01
  1369.06      7.3043  2.0512e-01  1.5327e-01  1.5910e-01  1.6489e-01  1.7711e-01
  1367.56      7.3123  2.0584e-01  1.5401e-01  1.5976e-01  1.6552e-01  1.7772e-01
  1366.06      7.3203  2.0658e-01  1.5475e-01  1.6042e-01  1.6616e-01  1.7834e-01
  1364.56      7.3284  2.0730e-01  1.5551e-01  1.6109e-01  1.6680e-01  1.7896e-01
  1363.06      7.3364  2.0801e-01  1.5629e-01  1.6177e-01  1.6745e-01  1.7957e-01
  1361.56      7.3445  2.0873e-01  1.5708e-01  1.6247e-01  1.6812e-01  1.8019e-01
  1360.06      7.3526  2.0945e-01  1.5787e-01  1.6318e-01  1.6881e-01  1.8081e-01
  1358.56      7.3607  2.1022e-01  1.5866e-01  1.6388e-01  1.6949e-01  1.8145e-01
  1357.06      7.3689  2.1099e-01  1.5945e-01  1.6457e-01  1.7018e-01  1.8209e-01
  1355.56      7.3770  2.1179e-01  1.6022e-01  1.6524e-01  1.7084e-01  1.8273e-01
  1354.06      7.3852  2.1259e-01  1.6099e-01  1.6591e-01  1.7149e-01  1.8340e-01
  1352.56      7.3934  2.1343e-01  1.6174e-01  1.6656e-01  1.7212e-01  1.8405e-01
  1351.06      7.4016  2.1427e-01  1.6247e-01  1.6718e-01  1.7272e-01  1.8470e-01
  1349.56      7.4098  2.1514e-01  1.6319e-01  1.6779e-01  1.7330e-01  1.8536e-01
  1348.06      7.4181  2.1602e-01  1.6389e-01  1.6840e-01  1.7387e-01  1.8600e-01
  1346.56      7.4263  2.1690e-01  1.6461e-01  1.6901e-01  1.7445e-01  1.8665e-01
  1345.06      7.4346  2.1778e-01  1.6533e-01  1.6965e-01  1.7503e-01  1.8730e-01
  1343.56      7.4429  2.1865e-01  1.6607e-01  1.7030e-01  1.7564e-01  1.8795e-01
  1342.06      7.4512  2.1951e-01  1.6682e-01  1.7098e-01  1.7626e-01  1.8858e-01
  1340.56      7.4596  2.2036e-01  1.6759e-01  1.7167e-01  1.7692e-01  1.8921e-01
  1339.06      7.4679  2.2119e-01  1.6838e-01  1.7239e-01  1.7762e-01  1.8982e-01
  1337.56      7.4763  2.2199e-01  1.6919e-01  1.7311e-01  1.7833e-01  1.9042e-01
  1336.06      7.4847  2.2279e-01  1.7000e-01  1.7384e-01  1.7904e-01  1.9101e-01
  1334.56      7.4931  2.2360e-01  1.7079e-01  1.7454e-01  1.7972e-01  1.9163e-01
  1333.06      7.5015  2.2441e-01  1.7157e-01  1.7521e-01  1.8039e-01  1.9224e-01
  1331.56      7.5100  2.2522e-01  1.7232e-01  1.7586e-01  1.8102e-01  1.9285e-01
  1330.06      7.5185  2.2603e-01  1.7305e-01  1.7648e-01  1.8161e-01  1.9346e-01
  1328.56      7.5269  2.2682e-01  1.7376e-01  1.7708e-01  1.8218e-01  1.9407e-01
  1327.06      7.5354  2.2761e-01  1.7444e-01  1.7765e-01  1.8271e-01  1.9467e-01
  1325.56      7.5440  2.2839e-01  1.7509e-01  1.7820e-01  1.8324e-01  1.9525e-01
  1324.06      7.5525  2.2917e-01  1.7574e-01  1.7876e-01  1.8376e-01  1.9582e-01
  1322.56      7.5611  2.2993e-01  1.7638e-01  1.7929e-01  1.8427e-01  1.9639e-01
  1321.06      7.5697  2.3066e-01  1.7702e-01  1.7984e-01  1.8478e-01  1.9694e-01
  1319.56      7.5783  2.3136e-01  1.7765e-01  1.8037e-01  1.8530e-01  1.9748e-01
  1318.06      7.5869  2.3204e-01  1.7830e-01  1.8092e-01  1.8582e-01  1.9802e-01
  1316.56      7.5956  2.3271e-01  1.7894e-01  1.8145e-01  1.8635e-01  1.9854e-01
  1315.06      7.6042  2.3336e-01  1.7958e-01  1.8198e-01  1.8688e-01  1.9906e-01
  1313.56      7.6129  2.3399e-01  1.8022e-01  1.8250e-01  1.8741e-01  1.9956e-01
  1312.06      7.6216  2.3461e-01  1.8084e-01  1.8302e-01  1.8793e-01  2.0006e-01
  1310.56      7.6303  2.3524e-01  1.8146e-01  1.8354e-01  1.8846e-01  2.0056e-01
  1309.06      7.6391  2.3587e-01  1.8206e-01  1.8406e-01  1.8897e-01  2.0106e-01
  1307.56      7.6478  2.3650e-01  1.8267e-01  1.8456e-01  1.8947e-01  2.0155e-01
  1306.06      7.6566  2.3714e-01  1.8327e-01  1.8508e-01  1.8996e-01  2.0207e-01
  1304.56      7.6654  2.3777e-01  1.8387e-01  1.8560e-01  1.9046e-01  2.0259e-01
  1303.06      7.6742  2.3843e-01  1.8448e-01  1.8613e-01  1.9097e-01  2.0312e-01
  1301.56      7.6831  2.3909e-01  1.8510e-01  1.8666e-01  1.9148e-01  2.0366e-01
  1300.06      7.6920  2.3976e-01  1.8572e-01  1.8720e-01  1.9200e-01  2.0421e-01
  1298.56      7.7008  2.4046e-01  1.8636e-01  1.8775e-01  1.9253e-01  2.0477e-01
  1297.06      7.7098  2.4118e-01  1.8702e-01  1.8831e-01  1.9307e-01  2.0533e-01
  1295.56      7.7187  2.4191e-01  1.8770e-01  1.8889e-01  1.9363e-01  2.0590e-01
  1294.06      7.7276  2.4265e-01  1.8840e-01  1.8950e-01  1.9421e-01  2.0648e-01
  1292.56      7.7366  2.4343e-01  1.8913e-01  1.9013e-01  1.9482e-01  2.0708e-01
  1291.06      7.7456  2.4424e-01  1.8990e-01  1.9078e-01  1.9544e-01  2.0770e-01
  1289.56      7.7546  2.4508e-01  1.9070e-01  1.9148e-01  1.9610e-01  2.0833e-01
  1288.06      7.7636  2.4597e-01  1.9154e-01  1.9222e-01  1.9680e-01  2.0899e-01
  1286.56      7.7727  2.4688e-01  1.9245e-01  1.9302e-01  1.9753e-01  2.0970e-01
  1285.06      7.7818  2.4786e-01  1.9341e-01  1.9386e-01  1.9831e-01  2.1044e-01
  1283.56      7.7908  2.4888e-01  1.9444e-01  1.9475e-01  1.9913e-01  2.1122e-01
  1282.06      7.8000  2.4997e-01  1.9555e-01  1.9570e-01  2.0001e-01  2.1206e-01
  1280.56      7.8091  2.5112e-01  1.9674e-01  1.9671e-01  2.0095e-01  2.1296e-01
  1279.06      7.8183  2.5235e-01  1.9804e-01  1.9779e-01  2.0194e-01  2.1392e-01
  1277.56      7.8274  2.5366e-01  1.9943e-01  1.9894e-01  2.0301e-01  2.1494e-01
  1276.06      7.8366  2.5506e-01  2.0094e-01  2.0017e-01  2.0415e-01  2.1604e-01
  1274.56      7.8459  2.5655e-01  2.0257e-01  2.0150e-01  2.0538e-01  2.1720e-01
  1273.06      7.8551  2.5814e-01  2.0433e-01  2.0293e-01  2.0671e-01  2.1845e-01
  1271.56      7.8644  2.5983e-01  2.0623e-01  2.0447e-01  2.0813e-01  2.1976e-01
  1270.06      7.8737  2.6163e-01  2.0828e-01  2.0614e-01  2.0967e-01  2.2116e-01
  1268.56      7.8830  2.6355e-01  2.1049e-01  2.0795e-01  2.1131e-01  2.2267e-01
  1267.06      7.8923  2.6559e-01  2.1287e-01  2.0990e-01  2.1308e-01  2.2427e-01
  1265.56      7.9017  2.6776e-01  2.1543e-01  2.1201e-01  2.1499e-01  2.2601e-01
  1264.06      7.9110  2.7008e-01  2.1817e-01  2.1428e-01  2.1703e-01  2.2786e-01
  1262.56      7.9204  2.7254e-01  2.2112e-01  2.1673e-01  2.1923e-01  2.2985e-01
  1261.06      7.9299  2.7514e-01  2.2427e-01  2.1935e-01  2.2160e-01  2.3199e-01
  1259.56      7.9393  2.7790e-01  2.2764e-01  2.2216e-01  2.2413e-01  2.3429e-01
  1258.06      7.9488  2.8083e-01  2.3123e-01  2.2516e-01  2.2684e-01  2.3675e-01
  1256.56      7.9583  2.8394e-01  2.3504e-01  2.2837e-01  2.2975e-01  2.3938e-01
  1255.06      7.9678  2.8721e-01  2.3910e-01  2.3177e-01  2.3284e-01  2.4218e-01
  1253.56      7.9773  2.9065e-01  2.4337e-01  2.3538e-01  2.3613e-01  2.4516e-01
  1252.06      7.9869  2.9428e-01  2.4790e-01  2.3920e-01  2.3961e-01  2.4831e-01
  1250.56      7.9964  2.9807e-01  2.5265e-01  2.4322e-01  2.4330e-01  2.5165e-01
  1249.06      8.0061  3.0204e-01  2.5763e-01  2.4747e-01  2.4718e-01  2.5517e-01
  1247.55      8.0157  3.0618e-01  2.6282e-01  2.5190e-01  2.5124e-01  2.5888e-01
  1246.05      8.0253  3.1047e-01  2.6822e-01  2.5654e-01  2.5549e-01  2.6278e-01
  1244.55      8.0350  3.1492e-01  2.7380e-01  2.6135e-01  2.5991e-01  2.6684e-01
  1243.05      8.0447  3.1950e-01  2.7955e-01  2.6634e-01  2.6450e-01  2.7106e-01
  1241.55      8.0544  3.2422e-01  2.8546e-01  2.7147e-01  2.6924e-01  2.7542e-01
  1240.05      8.0642  3.2905e-01  2.9147e-01  2.7674e-01  2.7411e-01  2.7992e-01
  1238.55      8.0739  3.3398e-01  2.9759e-01  2.8211e-01  2.7911e-01  2.8453e-01
  1237.05      8.0837  3.3898e-01  3.0378e-01  2.8756e-01  2.8420e-01  2.8923e-01
  1235.55      8.0935  3.4405e-01  3.1000e-01  2.9307e-01  2.8937e-01  2.9402e-01
  1234.05      8.1034  3.4916e-01  3.1622e-01  2.9862e-01  2.9460e-01  2.9886e-01
  1232.55      8.1132  3.5429e-01  3.2242e-01  3.0417e-01  2.9984e-01  3.0374e-01
  1231.05      8.1231  3.5943e-01  3.2857e-01  3.0970e-01  3.0508e-01  3.0864e-01
  1229.55      8.1330  3.6457e-01  3.3464e-01  3.1521e-01  3.1031e-01  3.1355e-01
  1228.05      8.1430  3.6967e-01  3.4060e-01  3.2064e-01  3.1548e-01  3.1842e-01
  1226.55      8.1529  3.7474e-01  3.4644e-01  3.2599e-01  3.2058e-01  3.2325e-01
  1225.05      8.1629  3.7975e-01  3.5212e-01  3.3124e-01  3.2558e-01  3.2801e-01
  1223.55      8.1729  3.8469e-01  3.5763e-01  3.3636e-01  3.3049e-01  3.3268e-01
  1222.05      8.1830  3.8956e-01  3.6295e-01  3.4134e-01  3.3527e-01  3.3727e-01
  1220.55      8.1930  3.9436e-01  3.6806e-01  3.4617e-01  3.3992e-01  3.4176e-01
  1219.05      8.2031  3.9906e-01  3.7296e-01  3.5082e-01  3.4443e-01  3.4614e-01
  1217.55      8.2132  4.0369e-01  3.7763e-01  3.5531e-01  3.4879e-01  3.5040e-01
  1216.05      8.2233  4.0822e-01  3.8209e-01  3.5963e-01  3.5302e-01  3.5456e-01
  1214.55      8.2335  4.1269e-01  3.8633e-01  3.6379e-01  3.5711e-01  3.5861e-01
  1213.05      8.2437  4.1706e-01  3.9034e-01  3.6777e-01  3.6105e-01  3.6255e-01
  1211.55      8.2539  4.2138e-01  3.9414e-01  3.7160e-01  3.6487e-01  3.6640e-01
  1210.05      8.2641  4.2564e-01  3.9775e-01  3.7529e-01  3.6857e-01  3.7016e-01
  1208.55      8.2744  4.2986e-01  4.0115e-01  3.7885e-01  3.7217e-01  3.7384e-01
  1207.05      8.2846  4.3403e-01  4.0437e-01  3.8228e-01  3.7567e-01  3.7746e-01
  1205.55      8.2950  4.3820e-01  4.0740e-01  3.8558e-01  3.7909e-01  3.8104e-01
  1204.05      8.3053  4.4234e-01  4.1026e-01  3.8879e-01  3.8244e-01  3.8459e-01
  1202.55      8.3157  4.4649e-01  4.1294e-01  3.9189e-01  3.8573e-01  3.8810e-01
  1201.05      8.3260  4.5064e-01  4.1545e-01  3.9490e-01  3.8895e-01  3.9160e-01
  1199.55      8.3364  4.5481e-01  4.1780e-01  3.9782e-01  3.9213e-01  3.9507e-01
  1198.05      8.3469  4.5900e-01  4.1996e-01  4.0063e-01  3.9526e-01  3.9853e-01
  1196.55      8.3574  4.6323e-01  4.2195e-01  4.0335e-01  3.9831e-01  4.0197e-01
  1195.05      8.3678  4.6749e-01  4.2376e-01  4.0597e-01  4.0130e-01  4.0539e-01
  1193.55      8.3784  4.7178e-01  4.2538e-01  4.0847e-01  4.0421e-01  4.0878e-01
  1192.05      8.3889  4.7611e-01  4.2680e-01  4.1086e-01  4.0704e-01  4.1217e-01
  1190.55      8.3995  4.8046e-01  4.2800e-01  4.1310e-01  4.0977e-01  4.1551e-01
  1189.05      8.4101  4.8485e-01  4.2899e-01  4.1519e-01  4.1240e-01  4.1880e-01
  1187.55      8.4207  4.8926e-01  4.2973e-01  4.1712e-01  4.1491e-01  4.2204e-01
  1186.05      8.4313  4.9368e-01  4.3023e-01  4.1887e-01  4.1728e-01  4.2519e-01
  1184.55      8.4420  4.9808e-01  4.3045e-01  4.2042e-01  4.1950e-01  4.2826e-01
  1183.05      8.4527  5.0246e-01  4.3040e-01  4.2175e-01  4.2156e-01  4.3123e-01
  1181.55      8.4635  5.0680e-01  4.3006e-01  4.2285e-01  4.2342e-01  4.3405e-01
  1180.05      8.4742  5.1108e-01  4.2942e-01  4.2370e-01  4.2509e-01  4.3674e-01
  1178.55      8.4850  5.1527e-01  4.2848e-01  4.2429e-01  4.2653e-01  4.3926e-01
  1177.05      8.4958  5.1937e-01  4.2721e-01  4.2461e-01  4.2774e-01  4.4161e-01
  1175.55      8.5067  5.2333e-01  4.2564e-01  4.2464e-01  4.2871e-01  4.4376e-01
  1174.05      8.5175  5.2716e-01  4.2377e-01  4.2441e-01  4.2944e-01  4.4572e-01
  1172.55      8.5284  5.3082e-01  4.2158e-01  4.2390e-01  4.2992e-01  4.4749e-01
  1171.05      8.5394  5.3430e-01  4.1911e-01  4.2312e-01  4.3015e-01  4.4904e-01
  1169.55      8.5503  5.3760e-01  4.1636e-01  4.2208e-01  4.3015e-01  4.5038e-01
  1168.05      8.5613  5.4069e-01  4.1335e-01  4.2081e-01  4.2991e-01  4.5152e-01
  1166.55      8.5723  5.4358e-01  4.1009e-01  4.1931e-01  4.2946e-01  4.5247e-01
  1165.05      8.5833  5.4625e-01  4.0662e-01  4.1760e-01  4.2881e-01  4.5322e-01
  1163.55      8.5944  5.4869e-01  4.0296e-01  4.1569e-01  4.2797e-01  4.5380e-01
  1162.05      8.6055  5.5094e-01  3.9912e-01  4.1361e-01  4.2695e-01  4.5423e-01
  1160.55      8.6166  5.5296e-01  3.9515e-01  4.1137e-01  4.2578e-01  4.5451e-01
  1159.05      8.6278  5.5477e-01  3.9106e-01  4.0900e-01  4.2448e-01  4.5466e-01
  1157.55      8.6389  5.5638e-01  3.8688e-01  4.0652e-01  4.2305e-01  4.5470e-01
  1156.05      8.6502  5.5778e-01  3.8264e-01  4.0394e-01  4.2154e-01  4.5462e-01
  1154.55      8.6614  5.5900e-01  3.7836e-01  4.0130e-01  4.1994e-01  4.5445e-01
  1153.05      8.6727  5.6004e-01  3.7406e-01  3.9861e-01  4.1827e-01  4.5419e-01
  1151.55      8.6840  5.6091e-01  3.6977e-01  3.9589e-01  4.1654e-01  4.5385e-01
  1150.05      8.6953  5.6162e-01  3.6552e-01  3.9316e-01  4.1479e-01  4.5343e-01
  1148.55      8.7066  5.6220e-01  3.6131e-01  3.9045e-01  4.1301e-01  4.5297e-01
  1147.05      8.7180  5.6264e-01  3.5716e-01  3.8776e-01  4.1123e-01  4.5248e-01
  1145.55      8.7295  5.6298e-01  3.5310e-01  3.8510e-01  4.0946e-01  4.5195e-01
  1144.05      8.7409  5.6322e-01  3.4913e-01  3.8250e-01  4.0770e-01  4.5140e-01
  1142.55      8.7524  5.6338e-01  3.4527e-01  3.7996e-01  4.0598e-01  4.5084e-01
  1141.05      8.7639  5.6347e-01  3.4153e-01  3.7750e-01  4.0429e-01  4.5026e-01
  1139.55      8.7754  5.6352e-01  3.3791e-01  3.7512e-01  4.0265e-01  4.4970e-01
  1138.05      8.7870  5.6353e-01  3.3443e-01  3.7283e-01  4.0107e-01  4.4914e-01
  1136.55      8.7986  5.6353e-01  3.3109e-01  3.7064e-01  3.9956e-01  4.4860e-01
  1135.05      8.8102  5.6352e-01  3.2789e-01  3.6853e-01  3.9812e-01  4.4810e-01
  1133.55      8.8219  5.6352e-01  3.2483e-01  3.6652e-01  3.9677e-01  4.4762e-01
  1132.05      8.8336  5.6355e-01  3.2192e-01  3.6462e-01  3.9549e-01  4.4719e-01
  1130.55      8.8453  5.6361e-01  3.1914e-01  3.6281e-01  3.9428e-01  4.4680e-01
  1129.05      8.8570  5.6371e-01  3.1650e-01  3.6110e-01  3.9313e-01  4.4646e-01
  1127.55      8.8688  5.6387e-01  3.1399e-01  3.5948e-01  3.9207e-01  4.4618e-01
  1126.05      8.8806  5.6410e-01  3.1160e-01  3.5795e-01  3.9107e-01  4.4595e-01
  1124.55      8.8925  5.6439e-01  3.0933e-01  3.5651e-01  3.9014e-01  4.4577e-01
  1123.05      8.9044  5.6474e-01  3.0719e-01  3.5514e-01  3.8926e-01  4.4564e-01
  1121.55      8.9163  5.6517e-01  3.0515e-01  3.5385e-01  3.8845e-01  4.4553e-01
  1120.05      8.9282  5.6567e-01  3.0322e-01  3.5261e-01  3.8767e-01  4.4547e-01
  1118.55      8.9402  5.6621e-01  3.0138e-01  3.5143e-01  3.8694e-01  4.4541e-01
  1117.05      8.9522  5.6682e-01  2.9964e-01  3.5029e-01  3.8624e-01  4.4538e-01
  1115.55      8.9642  5.6746e-01  2.9799e-01  3.4921e-01  3.8556e-01  4.4534e-01
  1114.04      8.9763  5.6813e-01  2.9642e-01  3.4816e-01  3.8489e-01  4.4528e-01
  1112.54      8.9884  5.6883e-01  2.9493e-01  3.4713e-01  3.8421e-01  4.4520e-01
  1111.04      9.0005  5.6951e-01  2.9351e-01  3.4613e-01  3.8352e-01  4.4505e-01
  1109.54      9.0127  5.7020e-01  2.9216e-01  3.4514e-01  3.8282e-01  4.4485e-01
  1108.04      9.0249  5.7085e-01  2.9087e-01  3.4416e-01  3.8209e-01  4.4459e-01
  1106.54      9.0371  5.7147e-01  2.8966e-01  3.4319e-01  3.8134e-01  4.4424e-01
  1105.04      9.0494  5.7203e-01  2.8850e-01  3.4222e-01  3.8057e-01  4.4380e-01
  1103.54      9.0617  5.7252e-01  2.8742e-01  3.4127e-01  3.7977e-01  4.4328e-01
  1102.04      9.0740  5.7293e-01  2.8641e-01  3.4033e-01  3.7895e-01  4.4267e-01
  1100.54      9.0864  5.7325e-01  2.8546e-01  3.3939e-01  3.7810e-01  4.4196e-01
  1099.04      9.0988  5.7347e-01  2.8459e-01  3.3847e-01  3.7723e-01  4.4118e-01
  1097.54      9.1113  5.7360e-01  2.8382e-01  3.3758e-01  3.7634e-01  4.4032e-01
  1096.04      9.1237  5.7363e-01  2.8315e-01  3.3671e-01  3.7542e-01  4.3939e-01
  1094.54      9.1362  5.7356e-01  2.8257e-01  3.3588e-01  3.7450e-01  4.3841e-01
  1093.04      9.1488  5.7340e-01  2.8212e-01  3.3511e-01  3.7358e-01  4.3738e-01
  1091.54      9.1613  5.7316e-01  2.8180e-01  3.3440e-01  3.7268e-01  4.3632e-01
  1090.04      9.1739  5.7285e-01  2.8163e-01  3.3378e-01  3.7181e-01  4.3526e-01
  1088.54      9.1866  5.7249e-01  2.8165e-01  3.3324e-01  3.7100e-01  4.3420e-01
  1087.04      9.1993  5.7210e-01  2.8185e-01  3.3284e-01  3.7028e-01  4.3316e-01
  1085.54      9.2120  5.7169e-01  2.8229e-01  3.3257e-01  3.6965e-01  4.3216e-01
  1084.04      9.2247  5.7130e-01  2.8297e-01  3.3248e-01  3.6916e-01  4.3123e-01
  1082.54      9.2375  5.7094e-01  2.8396e-01  3.3261e-01  3.6882e-01  4.3039e-01
  1081.04      9.2503  5.7064e-01  2.8528e-01  3.3296e-01  3.6867e-01  4.2967e-01
  1079.54      9.2632  5.7044e-01  2.8699e-01  3.3361e-01  3.6876e-01  4.2913e-01
  1078.04      9.2761  5.7036e-01  2.8913e-01  3.3457e-01  3.6910e-01  4.2878e-01
  1076.54      9.2890  5.7045e-01  2.9177e-01  3.3591e-01  3.6977e-01  4.2868e-01
  1075.04      9.3020  5.7071e-01  2.9493e-01  3.3767e-01  3.7078e-01  4.2886e-01
  1073.54      9.3150  5.7119e-01  2.9868e-01  3.3988e-01  3.7220e-01  4.2936e-01
  1072.04      9.3280  5.7191e-01  3.0305e-01  3.4260e-01  3.7406e-01  4.3021e-01
  1070.54      9.3411  5.7290e-01  3.0806e-01  3.4584e-01  3.7640e-01  4.3147e-01
  1069.04      9.3542  5.7416e-01  3.1371e-01  3.4965e-01  3.7924e-01  4.3317e-01
  1067.54      9.3673  5.7569e-01  3.1997e-01  3.5401e-01  3.8262e-01  4.3536e-01
  1066.04      9.3805  5.7745e-01  3.2678e-01  3.5890e-01  3.8649e-01  4.3803e-01
  1064.54      9.3937  5.7943e-01  3.3403e-01  3.6425e-01  3.9083e-01  4.4119e-01
  1063.04      9.4070  5.8156e-01  3.4160e-01  3.6994e-01  3.9556e-01  4.4477e-01
  1061.54      9.4203  5.8377e-01  3.4929e-01  3.7583e-01  4.0054e-01  4.4867e-01
  1060.04      9.4336  5.8597e-01  3.5690e-01  3.8175e-01  4.0560e-01  4.5272e-01
  1058.54      9.4470  5.8809e-01  3.6417e-01  3.8748e-01  4.1055e-01  4.5676e-01
  1057.04      9.4604  5.9001e-01  3.7087e-01  3.9280e-01  4.1518e-01  4.6057e-01
  1055.54      9.4738  5.9166e-01  3.7675e-01  3.9749e-01  4.1926e-01  4.6392e-01
  1054.04      9.4873  5.9292e-01  3.8163e-01  4.0135e-01  4.2258e-01  4.6666e-01
  1052.54      9.5008  5.9374e-01  3.8531e-01  4.0420e-01  4.2501e-01  4.6860e-01
  1051.04      9.5144  5.9404e-01  3.8767e-01  4.0597e-01  4.2642e-01  4.6964e-01
  1049.54      9.5280  5.9380e-01  3.8867e-01  4.0658e-01  4.2677e-01  4.6972e-01
  1048.04      9.5416  5.9298e-01  3.8832e-01  4.0605e-01  4.2608e-01  4.6883e-01
  1046.54      9.5553  5.9157e-01  3.8669e-01  4.0445e-01  4.2441e-01  4.6702e-01
  1045.04      9.5690  5.8959e-01  3.8390e-01  4.0189e-01  4.2186e-01  4.6439e-01
  1043.54      9.5828  5.8704e-01  3.8011e-01  3.9850e-01  4.1856e-01  4.6109e-01
  1042.04      9.5966  5.8398e-01  3.7549e-01  3.9445e-01  4.1467e-01  4.5725e-01
  1040.54      9.6104  5.8044e-01  3.7022e-01  3.8989e-01  4.1032e-01  4.5302e-01
  1039.04      9.6243  5.7648e-01  3.6448e-01  3.8494e-01  4.0565e-01  4.4850e-01
  1037.54      9.6382  5.7212e-01  3.5840e-01  3.7975e-01  4.0073e-01  4.4378e-01
  1036.04      9.6521  5.6742e-01  3.5216e-01  3.7441e-01  3.9568e-01  4.3894e-01
  1034.54      9.6661  5.6242e-01  3.4583e-01  3.6900e-01  3.9057e-01  4.3400e-01
  1033.04      9.6802  5.5715e-01  3.3951e-01  3.6359e-01  3.8543e-01  4.2899e-01
  1031.54      9.6943  5.5165e-01  3.3327e-01  3.5821e-01  3.8030e-01  4.2394e-01
  1030.04      9.7084  5.4595e-01  3.2715e-01  3.5289e-01  3.7520e-01  4.1887e-01
  1028.54      9.7225  5.4006e-01  3.2119e-01  3.4766e-01  3.7015e-01  4.1378e-01
  1027.04      9.7367  5.3402e-01  3.1540e-01  3.4253e-01  3.6517e-01  4.0872e-01
  1025.54      9.7510  5.2784e-01  3.0982e-01  3.3752e-01  3.6026e-01  4.0367e-01
  1024.04      9.7653  5.2152e-01  3.0446e-01  3.3263e-01  3.5542e-01  3.9865e-01
  1022.54      9.7796  5.1512e-01  2.9931e-01  3.2788e-01  3.5067e-01  3.9366e-01
  1021.04      9.7940  5.0861e-01  2.9438e-01  3.2325e-01  3.4601e-01  3.8874e-01
  1019.54      9.8084  5.0205e-01  2.8967e-01  3.1877e-01  3.4144e-01  3.8385e-01
  1018.04      9.8228  4.9544e-01  2.8518e-01  3.1441e-01  3.3696e-01  3.7903e-01
  1016.54      9.8373  4.8881e-01  2.8089e-01  3.1021e-01  3.3260e-01  3.7429e-01
  1015.04      9.8519  4.8217e-01  2.7681e-01  3.0614e-01  3.2834e-01  3.6963e-01
  1013.54      9.8664  4.7556e-01  2.7294e-01  3.0221e-01  3.2420e-01  3.6506e-01
  1012.04      9.8811  4.6899e-01  2.6925e-01  2.9842e-01  3.2018e-01  3.6059e-01
  1010.54      9.8957  4.6247e-01  2.6574e-01  2.9474e-01  3.1627e-01  3.5620e-01
  1009.04      9.9104  4.5602e-01  2.6239e-01  2.9120e-01  3.1247e-01  3.5190e-01
  1007.54      9.9252  4.4968e-01  2.5920e-01  2.8777e-01  3.0877e-01  3.4770e-01
  1006.04      9.9400  4.4348e-01  2.5617e-01  2.8445e-01  3.0519e-01  3.4357e-01
  1004.54      9.9548  4.3745e-01  2.5326e-01  2.8125e-01  3.0170e-01  3.3953e-01
  1003.04      9.9697  4.3165e-01  2.5050e-01  2.7816e-01  2.9832e-01  3.3559e-01
  1001.54      9.9847  4.2611e-01  2.4785e-01  2.7520e-01  2.9508e-01  3.3178e-01
  1000.04      9.9996  4.2090e-01  2.4534e-01  2.7235e-01  2.9197e-01  3.2810e-01
   998.54     10.0147  4.1607e-01  2.4296e-01  2.6964e-01  2.8901e-01  3.2461e-01
   997.04     10.0297  4.1168e-01  2.4070e-01  2.6709e-01  2.8624e-01  3.2134e-01
   995.54     10.0448  4.0776e-01  2.3856e-01  2.6471e-01  2.8366e-01  3.1835e-01
   994.04     10.0600  4.0434e-01  2.3656e-01  2.6251e-01  2.8131e-01  3.1568e-01
   992.54     10.0752  4.0140e-01  2.3468e-01  2.6051e-01  2.7920e-01  3.1340e-01
   991.04     10.0905  3.9892e-01  2.3292e-01  2.5869e-01  2.7733e-01  3.1151e-01
   989.54     10.1057  3.9684e-01  2.3130e-01  2.5707e-01  2.7572e-01  3.1002e-01
   988.04     10.1211  3.9508e-01  2.2978e-01  2.5562e-01  2.7434e-01  3.0889e-01
   986.54     10.1365  3.9355e-01  2.2837e-01  2.5432e-01  2.7315e-01  3.0802e-01
   985.04     10.1519  3.9213e-01  2.2707e-01  2.5315e-01  2.7212e-01  3.0735e-01
   983.54     10.1674  3.9073e-01  2.2585e-01  2.5206e-01  2.7118e-01  3.0673e-01
   982.04     10.1829  3.8924e-01  2.2472e-01  2.5104e-01  2.7028e-01  3.0607e-01
   980.54     10.1985  3.8758e-01  2.2364e-01  2.5004e-01  2.6937e-01  3.0528e-01
   979.03     10.2141  3.8569e-01  2.2262e-01  2.4903e-01  2.6840e-01  3.0431e-01
   977.53     10.2298  3.8355e-01  2.2164e-01  2.4800e-01  2.6734e-01  3.0314e-01
   976.03     10.2455  3.8114e-01  2.2069e-01  2.4695e-01  2.6619e-01  3.0176e-01
   974.53     10.2613  3.7849e-01  2.1975e-01  2.4585e-01  2.6493e-01  3.0020e-01
   973.03     10.2771  3.7560e-01  2.1884e-01  2.4471e-01  2.6360e-01  2.9849e-01
   971.53     10.2930  3.7255e-01  2.1796e-01  2.4355e-01  2.6221e-01  2.9665e-01
   970.03     10.3089  3.6935e-01  2.1707e-01  2.4235e-01  2.6078e-01  2.9475e-01
   968.53     10.3249  3.6607e-01  2.1620e-01  2.4114e-01  2.5932e-01  2.9280e-01
   967.03     10.3409  3.6275e-01  2.1535e-01  2.3993e-01  2.5785e-01  2.9084e-01
   965.53     10.3570  3.5942e-01  2.1454e-01  2.3872e-01  2.5639e-01  2.8889e-01
   964.03     10.3731  3.5613e-01  2.1375e-01  2.3754e-01  2.5494e-01  2.8697e-01
   962.53     10.3892  3.5289e-01  2.1300e-01  2.3639e-01  2.5351e-01  2.8510e-01
   961.03     10.4055  3.4973e-01  2.1229e-01  2.3528e-01  2.5212e-01  2.8330e-01
   959.53     10.4217  3.4666e-01  2.1162e-01  2.3422e-01  2.5078e-01  2.8156e-01
   958.03     10.4381  3.4370e-01  2.1102e-01  2.3321e-01  2.4950e-01  2.7990e-01
   956.53     10.4544  3.4086e-01  2.1047e-01  2.3228e-01  2.4829e-01  2.7832e-01
   955.03     10.4708  3.3814e-01  2.0999e-01  2.3141e-01  2.4716e-01  2.7682e-01
   953.53     10.4873  3.3557e-01  2.0956e-01  2.3061e-01  2.4613e-01  2.7542e-01
   952.03     10.5038  3.3313e-01  2.0922e-01  2.2991e-01  2.4520e-01  2.7411e-01
   950.53     10.5204  3.3084e-01  2.0895e-01  2.2929e-01  2.4437e-01  2.7290e-01
   949.03     10.5370  3.2869e-01  2.0877e-01  2.2877e-01  2.4363e-01  2.7180e-01
   947.53     10.5537  3.2670e-01  2.0867e-01  2.2837e-01  2.4301e-01  2.7082e-01
   946.03     10.5705  3.2487e-01  2.0868e-01  2.2807e-01  2.4250e-01  2.6995e-01
   944.53     10.5872  3.2321e-01  2.0879e-01  2.2791e-01  2.4211e-01  2.6923e-01
   943.03     10.6041  3.2172e-01  2.0901e-01  2.2788e-01  2.4184e-01  2.6864e-01
   941.53     10.6210  3.2040e-01  2.0936e-01  2.2798e-01  2.4170e-01  2.6819e-01
   940.03     10.6379  3.1926e-01  2.0984e-01  2.2822e-01  2.4171e-01  2.6789e-01
   938.53     10.6549  3.1831e-01  2.1045e-01  2.2861e-01  2.4187e-01  2.6776e-01
   937.03     10.6720  3.1754e-01  2.1120e-01  2.2915e-01  2.4218e-01  2.6778e-01
   935.53     10.6891  3.1697e-01  2.1211e-01  2.2983e-01  2.4265e-01  2.6796e-01
   934.03     10.7063  3.1659e-01  2.1316e-01  2.3068e-01  2.4328e-01  2.6830e-01
   932.53     10.7235  3.1641e-01  2.1437e-01  2.3166e-01  2.4407e-01  2.6880e-01
   931.03     10.7408  3.1642e-01  2.1576e-01  2.3282e-01  2.4502e-01  2.6947e-01
   929.53     10.7581  3.1662e-01  2.1731e-01  2.3413e-01  2.4614e-01  2.7029e-01
   928.03     10.7755  3.1701e-01  2.1904e-01  2.3561e-01  2.4743e-01  2.7126e-01
   926.53     10.7929  3.1758e-01  2.2094e-01  2.3725e-01  2.4889e-01  2.7239e-01
   925.03     10.8104  3.1834e-01  2.2303e-01  2.3905e-01  2.5050e-01  2.7368e-01
   923.53     10.8280  3.1925e-01  2.2529e-01  2.4100e-01  2.5227e-01  2.7511e-01
   922.03     10.8456  3.2033e-01  2.2773e-01  2.4310e-01  2.5418e-01  2.7666e-01
   920.53     10.8633  3.2154e-01  2.3033e-01  2.4532e-01  2.5620e-01  2.7835e-01
   919.03     10.8810  3.2288e-01  2.3309e-01  2.4767e-01  2.5833e-01  2.8014e-01
   917.53     10.8988  3.2433e-01  2.3599e-01  2.5013e-01  2.6055e-01  2.8202e-01
   916.03     10.9167  3.2585e-01  2.3902e-01  2.5266e-01  2.6282e-01  2.8398e-01
   914.53     10.9346  3.2744e-01  2.4215e-01  2.5526e-01  2.6514e-01  2.8599e-01
   913.03     10.9525  3.2906e-01  2.4539e-01  2.5790e-01  2.6748e-01  2.8803e-01
   911.53     10.9706  3.3066e-01  2.4868e-01  2.6054e-01  2.6982e-01  2.9007e-01
   910.03     10.9887  3.3223e-01  2.5201e-01  2.6317e-01  2.7214e-01  2.9211e-01
   908.53     11.0068  3.3372e-01  2.5535e-01  2.6578e-01  2.7442e-01  2.9409e-01
   907.03     11.0250  3.3511e-01  2.5867e-01  2.6832e-01  2.7663e-01  2.9599e-01
   905.53     11.0433  3.3634e-01  2.6193e-01  2.7077e-01  2.7875e-01  2.9780e-01
   904.03     11.0616  3.3738e-01  2.6511e-01  2.7310e-01  2.8073e-01  2.9946e-01
   902.53     11.0800  3.3820e-01  2.6817e-01  2.7530e-01  2.8255e-01  3.0097e-01
   901.03     11.0984  3.3880e-01  2.7106e-01  2.7732e-01  2.8419e-01  3.0228e-01
   899.53     11.1169  3.3912e-01  2.7377e-01  2.7915e-01  2.8561e-01  3.0339e-01
   898.03     11.1355  3.3916e-01  2.7626e-01  2.8074e-01  2.8679e-01  3.0428e-01
   896.53     11.1541  3.3891e-01  2.7849e-01  2.8207e-01  2.8771e-01  3.0493e-01
   895.03     11.1728  3.3837e-01  2.8046e-01  2.8314e-01  2.8837e-01  3.0533e-01
   893.53     11.1916  3.3754e-01  2.8212e-01  2.8389e-01  2.8876e-01  3.0547e-01
   892.03     11.2104  3.3644e-01  2.8347e-01  2.8436e-01  2.8887e-01  3.0535e-01
   890.53     11.2293  3.3508e-01  2.8450e-01  2.8451e-01  2.8873e-01  3.0496e-01
   889.03     11.2482  3.3348e-01  2.8519e-01  2.8435e-01  2.8833e-01  3.0434e-01
   887.53     11.2672  3.3167e-01  2.8554e-01  2.8393e-01  2.8768e-01  3.0350e-01
   886.03     11.2863  3.2967e-01  2.8555e-01  2.8323e-01  2.8682e-01  3.0248e-01
   884.53     11.3055  3.2755e-01  2.8524e-01  2.8230e-01  2.8578e-01  3.0131e-01
   883.03     11.3247  3.2529e-01  2.8460e-01  2.8115e-01  2.8455e-01  3.0004e-01
   881.53     11.3439  3.2297e-01  2.8367e-01  2.7982e-01  2.8318e-01  2.9867e-01
   880.03     11.3633  3.2059e-01  2.8245e-01  2.7834e-01  2.8168e-01  2.9724e-01
   878.53     11.3827  3.1819e-01  2.8097e-01  2.7673e-01  2.8010e-01  2.9578e-01
   877.03     11.4022  3.1579e-01  2.7926e-01  2.7501e-01  2.7844e-01  2.9430e-01
   875.53     11.4217  3.1342e-01  2.7735e-01  2.7321e-01  2.7675e-01  2.9279e-01
   874.03     11.4413  3.1108e-01  2.7526e-01  2.7134e-01  2.7503e-01  2.9130e-01
   872.53     11.4610  3.0880e-01  2.7304e-01  2.6943e-01  2.7330e-01  2.8982e-01
   871.03     11.4807  3.0657e-01  2.7070e-01  2.6750e-01  2.7158e-01  2.8834e-01
   869.53     11.5005  3.0441e-01  2.6829e-01  2.6555e-01  2.6987e-01  2.8689e-01
   868.03     11.5204  3.0232e-01  2.6583e-01  2.6361e-01  2.6819e-01  2.8545e-01
   866.53     11.5403  3.0028e-01  2.6335e-01  2.6168e-01  2.6653e-01  2.8405e-01
   865.03     11.5603  2.9833e-01  2.6087e-01  2.5979e-01  2.6490e-01  2.8267e-01
   863.53     11.5804  2.9644e-01  2.5841e-01  2.5794e-01  2.6332e-01  2.8135e-01
   862.03     11.6006  2.9463e-01  2.5601e-01  2.5615e-01  2.6178e-01  2.8008e-01
   860.53     11.6208  2.9288e-01  2.5366e-01  2.5444e-01  2.6032e-01  2.7890e-01
   859.03     11.6411  2.9121e-01  2.5139e-01  2.5280e-01  2.5895e-01  2.7778e-01
   857.53     11.6615  2.8962e-01  2.4921e-01  2.5125e-01  2.5766e-01  2.7675e-01
   856.03     11.6819  2.8811e-01  2.4711e-01  2.4981e-01  2.5647e-01  2.7583e-01
   854.53     11.7024  2.8667e-01  2.4513e-01  2.4845e-01  2.5539e-01  2.7498e-01
   853.03     11.7230  2.8532e-01  2.4326e-01  2.4720e-01  2.5441e-01  2.7422e-01
   851.53     11.7436  2.8405e-01  2.4149e-01  2.4604e-01  2.5354e-01  2.7353e-01
   850.03     11.7644  2.8284e-01  2.3985e-01  2.4497e-01  2.5274e-01  2.7293e-01
   848.53     11.7852  2.8172e-01  2.3833e-01  2.4399e-01  2.5202e-01  2.7238e-01
   847.03     11.8060  2.8067e-01  2.3691e-01  2.4312e-01  2.5136e-01  2.7188e-01
   845.52     11.8270  2.7967e-01  2.3562e-01  2.4231e-01  2.5077e-01  2.7143e-01
   844.02     11.8480  2.7871e-01  2.3443e-01  2.4159e-01  2.5023e-01  2.7103e-01
   842.52     11.8691  2.7780e-01  2.3335e-01  2.4094e-01  2.4974e-01  2.7067e-01
   841.02     11.8903  2.7693e-01  2.3238e-01  2.4034e-01  2.4930e-01  2.7035e-01
   839.52     11.9115  2.7608e-01  2.3150e-01  2.3981e-01  2.4891e-01  2.7007e-01
   838.02     11.9328  2.7528e-01  2.3071e-01  2.3932e-01  2.4855e-01  2.6980e-01
   836.52     11.9542  2.7452e-01  2.3000e-01  2.3888e-01  2.4823e-01  2.6957e-01
   835.02     11.9757  2.7382e-01  2.2938e-01  2.3851e-01  2.4796e-01  2.6937e-01
   833.52     11.9973  2.7319e-01  2.2884e-01  2.3820e-01  2.4777e-01  2.6921e-01
   832.02     12.0189  2.7266e-01  2.2838e-01  2.3797e-01  2.4763e-01  2.6911e-01
   830.52     12.0406  2.7223e-01  2.2802e-01  2.3785e-01  2.4757e-01  2.6910e-01
   829.02     12.0624  2.7193e-01  2.2775e-01  2.3783e-01  2.4763e-01  2.6923e-01
   827.52     12.0842  2.7173e-01  2.2756e-01  2.3793e-01  2.4780e-01  2.6951e-01
   826.02     12.1062  2.7167e-01  2.2746e-01  2.3816e-01  2.4808e-01  2.6996e-01
   824.52     12.1282  2.7171e-01  2.2744e-01  2.3849e-01  2.4847e-01  2.7057e-01
   823.02     12.1503  2.7185e-01  2.2750e-01  2.3891e-01  2.4892e-01  2.7127e-01
   821.52     12.1725  2.7206e-01  2.2763e-01  2.3941e-01  2.4943e-01  2.7205e-01
   820.02     12.1948  2.7231e-01  2.2783e-01  2.3994e-01  2.4999e-01  2.7282e-01
   818.52     12.2171  2.7258e-01  2.2809e-01  2.4050e-01  2.5055e-01  2.7355e-01
   817.02     12.2396  2.7286e-01  2.2839e-01  2.4104e-01  2.5109e-01  2.7424e-01
   815.52     12.2621  2.7312e-01  2.2873e-01  2.4159e-01  2.5164e-01  2.7485e-01
   814.02     12.2847  2.7338e-01  2.2910e-01  2.4212e-01  2.5219e-01  2.7543e-01
   812.52     12.3074  2.7362e-01  2.2951e-01  2.4265e-01  2.5274e-01  2.7599e-01
   811.02     12.3301  2.7384e-01  2.2995e-01  2.4317e-01  2.5331e-01  2.7655e-01
   809.52     12.3530  2.7403e-01  2.3043e-01  2.4372e-01  2.5390e-01  2.7714e-01
   808.02     12.3759  2.7422e-01  2.3094e-01  2.4428e-01  2.5454e-01  2.7776e-01
   806.52     12.3989  2.7441e-01  2.3149e-01  2.4489e-01  2.5521e-01  2.7842e-01
   805.02     12.4220  2.7460e-01  2.3210e-01  2.4553e-01  2.5593e-01  2.7911e-01
   803.52     12.4452  2.7483e-01  2.3275e-01  2.4621e-01  2.5669e-01  2.7986e-01
   802.02     12.4685  2.7508e-01  2.3345e-01  2.4694e-01  2.5748e-01  2.8065e-01
   800.52     12.4919  2.7536e-01  2.3419e-01  2.4769e-01  2.5831e-01  2.8150e-01
   799.02     12.5153  2.7569e-01  2.3498e-01  2.4848e-01  2.5919e-01  2.8239e-01
   797.52     12.5388  2.7605e-01  2.3581e-01  2.4932e-01  2.6009e-01  2.8332e-01
   796.02     12.5625  2.7647e-01  2.3668e-01  2.5019e-01  2.6102e-01  2.8429e-01
   794.52     12.5862  2.7695e-01  2.3757e-01  2.5109e-01  2.6200e-01  2.8528e-01
   793.02     12.6100  2.7746e-01  2.3850e-01  2.5203e-01  2.6300e-01  2.8629e-01
   791.52     12.6339  2.7804e-01  2.3945e-01  2.5300e-01  2.6402e-01  2.8733e-01
   790.02     12.6579  2.7866e-01  2.4043e-01  2.5402e-01  2.6506e-01  2.8840e-01
   788.52     12.6820  2.7933e-01  2.4143e-01  2.5507e-01  2.6613e-01  2.8950e-01
   787.02     12.7061  2.8004e-01  2.4247e-01  2.5615e-01  2.6719e-01  2.9064e-01
   785.52     12.7304  2.8079e-01  2.4352e-01  2.5727e-01  2.6828e-01  2.9182e-01
   784.02     12.7548  2.8156e-01  2.4460e-01  2.5840e-01  2.6937e-01  2.9302e-01
   782.52     12.7792  2.8235e-01  2.4569e-01  2.5956e-01  2.7047e-01  2.9426e-01
   781.02     12.8038  2.8319e-01  2.4681e-01  2.6073e-01  2.7160e-01  2.9551e-01
   779.52     12.8284  2.8405e-01  2.4795e-01  2.6191e-01  2.7276e-01  2.9677e-01
   778.02     12.8531  2.8494e-01  2.4912e-01  2.6311e-01  2.7393e-01  2.9802e-01
   776.52     12.8780  2.8585e-01  2.5029e-01  2.6430e-01  2.7513e-01  2.9927e-01
   775.02     12.9029  2.8678e-01  2.5147e-01  2.6549e-01  2.7636e-01  3.0053e-01
   773.52     12.9279  2.8775e-01  2.5266e-01  2.6668e-01  2.7762e-01  3.0178e-01
   772.02     12.9530  2.8874e-01  2.5386e-01  2.6788e-01  2.7889e-01  3.0304e-01
   770.52     12.9783  2.8975e-01  2.5508e-01  2.6909e-01  2.8018e-01  3.0432e-01
   769.02     13.0036  2.9078e-01  2.5630e-01  2.7031e-01  2.8148e-01  3.0561e-01
   767.52     13.0290  2.9182e-01  2.5754e-01  2.7154e-01  2.8279e-01  3.0693e-01
   766.02     13.0545  2.9287e-01  2.5878e-01  2.7279e-01  2.8410e-01  3.0827e-01
   764.52     13.0801  2.9394e-01  2.6003e-01  2.7404e-01  2.8541e-01  3.0961e-01
   763.02     13.1058  2.9500e-01  2.6129e-01  2.7531e-01  2.8672e-01  3.1097e-01
   761.52     13.1317  2.9608e-01  2.6257e-01  2.7658e-01  2.8801e-01  3.1232e-01
   760.02     13.1576  2.9715e-01  2.6385e-01  2.7786e-01  2.8929e-01  3.1368e-01
   758.52     13.1836  2.9823e-01  2.6514e-01  2.7914e-01  2.9056e-01  3.1503e-01
   757.02     13.2097  2.9930e-01  2.6641e-01  2.8041e-01  2.9181e-01  3.1637e-01
   755.52     13.2359  3.0037e-01  2.6769e-01  2.8167e-01  2.9302e-01  3.1771e-01
   754.02     13.2623  3.0142e-01  2.6895e-01  2.8292e-01  2.9422e-01  3.1903e-01
   752.52     13.2887  3.0248e-01  2.7021e-01  2.8418e-01  2.9540e-01  3.2033e-01
   751.02     13.3153  3.0353e-01  2.7144e-01  2.8541e-01  2.9657e-01  3.2160e-01
   749.52     13.3419  3.0457e-01  2.7266e-01  2.8662e-01  2.9772e-01  3.2285e-01
   748.02     13.3687  3.0559e-01  2.7385e-01  2.8781e-01  2.9887e-01  3.2407e-01
   746.52     13.3955  3.0660e-01  2.7502e-01  2.8896e-01  3.0001e-01  3.2528e-01
   745.02     13.4225  3.0759e-01  2.7618e-01  2.9009e-01  3.0114e-01  3.2646e-01
   743.52     13.4496  3.0855e-01  2.7732e-01  2.9120e-01  3.0227e-01  3.2761e-01
   742.02     13.4768  3.0950e-01  2.7844e-01  2.9229e-01  3.0338e-01  3.2874e-01
   740.52     13.5041  3.1042e-01  2.7953e-01  2.9334e-01  3.0446e-01  3.2983e-01
   739.02     13.5315  3.1132e-01  2.8062e-01  2.9436e-01  3.0551e-01  3.3089e-01
   737.52     13.5590  3.1221e-01  2.8168e-01  2.9537e-01  3.0653e-01  3.3192e-01
   736.02     13.5866  3.1307e-01  2.8273e-01  2.9637e-01  3.0753e-01  3.3292e-01
   734.52     13.6144  3.1394e-01  2.8377e-01  2.9734e-01  3.0850e-01  3.3389e-01
   733.02     13.6423  3.1479e-01  2.8479e-01  2.9829e-01  3.0946e-01  3.3483e-01
   731.52     13.6702  3.1564e-01  2.8580e-01  2.9922e-01  3.1040e-01  3.3575e-01
   730.02     13.6983  3.1645e-01  2.8680e-01  3.0013e-01  3.1133e-01  3.3663e-01
   728.52     13.7265  3.1725e-01  2.8779e-01  3.0102e-01  3.1223e-01  3.3750e-01
   727.02     13.7549  3.1804e-01  2.8876e-01  3.0189e-01  3.1310e-01  3.3833e-01
   725.52     13.7833  3.1881e-01  2.8972e-01  3.0276e-01  3.1394e-01  3.3915e-01
   724.02     13.8119  3.1958e-01  2.9066e-01  3.0360e-01  3.1474e-01  3.3996e-01
   722.52     13.8405  3.2033e-01  2.9159e-01  3.0442e-01  3.1552e-01  3.4076e-01
   721.02     13.8693  3.2107e-01  2.9252e-01  3.0525e-01  3.1628e-01  3.4155e-01
   719.52     13.8982  3.2179e-01  2.9343e-01  3.0606e-01  3.1703e-01  3.4235e-01
   718.02     13.9273  3.2251e-01  2.9434e-01  3.0687e-01  3.1779e-01  3.4313e-01
   716.52     13.9564  3.2325e-01  2.9523e-01  3.0767e-01  3.1855e-01  3.4390e-01
   715.02     13.9857  3.2403e-01  2.9613e-01  3.0847e-01  3.1930e-01  3.4465e-01
   713.52     14.0151  3.2483e-01  2.9703e-01  3.0926e-01  3.2006e-01  3.4538e-01
   712.02     14.0446  3.2566e-01  2.9794e-01  3.1005e-01  3.2081e-01  3.4612e-01
   710.51     14.0743  3.2652e-01  2.9885e-01  3.1085e-01  3.2158e-01  3.4685e-01
   709.01     14.1041  3.2742e-01  2.9978e-01  3.1164e-01  3.2233e-01  3.4760e-01
   707.51     14.1340  3.2835e-01  3.0073e-01  3.1245e-01  3.2308e-01  3.4837e-01
   706.01     14.1640  3.2934e-01  3.0170e-01  3.1325e-01  3.2387e-01  3.4918e-01
   704.51     14.1942  3.3037e-01  3.0270e-01  3.1408e-01  3.2468e-01  3.5001e-01
   703.01     14.2245  3.3142e-01  3.0373e-01  3.1491e-01  3.2552e-01  3.5087e-01
   701.51     14.2549  3.3252e-01  3.0477e-01  3.1577e-01  3.2639e-01  3.5175e-01
   700.01     14.2854  3.3363e-01  3.0583e-01  3.1665e-01  3.2730e-01  3.5265e-01
   698.51     14.3161  3.3477e-01  3.0691e-01  3.1757e-01  3.2822e-01  3.5356e-01
   697.01     14.3469  3.3595e-01  3.0803e-01  3.1852e-01  3.2915e-01  3.5450e-01
   695.51     14.3779  3.3717e-01  3.0918e-01  3.1951e-01  3.3009e-01  3.5547e-01
   694.01     14.4089  3.3844e-01  3.1035e-01  3.2054e-01  3.3103e-01  3.5647e-01
   692.51     14.4402  3.3974e-01  3.1154e-01  3.2164e-01  3.3202e-01  3.5753e-01
   691.01     14.4715  3.4107e-01  3.1276e-01  3.2279e-01  3.3305e-01  3.5867e-01
   689.51     14.5030  3.4242e-01  3.1402e-01  3.2401e-01  3.3414e-01  3.5988e-01
   688.01     14.5346  3.4378e-01  3.1531e-01  3.2527e-01  3.3531e-01  3.6118e-01
   686.51     14.5664  3.4517e-01  3.1662e-01  3.2658e-01  3.3657e-01  3.6256e-01
   685.01     14.5983  3.4659e-01  3.1796e-01  3.2791e-01  3.3788e-01  3.6401e-01
   683.51     14.6303  3.4806e-01  3.1931e-01  3.2926e-01  3.3925e-01  3.6549e-01
   682.01     14.6625  3.4956e-01  3.2067e-01  3.3063e-01  3.4064e-01  3.6699e-01
   680.51     14.6948  3.5108e-01  3.2206e-01  3.3199e-01  3.4204e-01  3.6850e-01
   679.01     14.7273  3.5258e-01  3.2347e-01  3.3333e-01  3.4344e-01  3.7000e-01
   677.51     14.7599  3.5406e-01  3.2490e-01  3.3465e-01  3.4481e-01  3.7149e-01
   676.01     14.7926  3.5556e-01  3.2636e-01  3.3602e-01  3.4618e-01  3.7297e-01
   674.51     14.8255  3.5710e-01  3.2783e-01  3.3742e-01  3.4757e-01  3.7445e-01
   673.01     14.8586  3.5870e-01  3.2934e-01  3.3888e-01  3.4905e-01  3.7598e-01
   671.51     14.8918  3.6037e-01  3.3089e-01  3.4039e-01  3.5060e-01  3.7759e-01
   670.01     14.9251  3.6209e-01  3.3249e-01  3.4199e-01  3.5224e-01  3.7930e-01
   668.51     14.9586  3.6384e-01  3.3414e-01  3.4368e-01  3.5401e-01  3.8118e-01
   667.01     14.9922  3.6568e-01  3.3584e-01  3.4549e-01  3.5593e-01  3.8320e-01
   665.51     15.0260  3.6771e-01  3.3758e-01  3.4736e-01  3.5795e-01  3.8535e-01
   664.01     15.0600  3.6999e-01  3.3937e-01  3.4928e-01  3.6001e-01  3.8757e-01
   662.51     15.0941  3.7247e-01  3.4121e-01  3.5124e-01  3.6209e-01  3.8984e-01
   661.01     15.1283  3.7514e-01  3.4310e-01  3.5324e-01  3.6421e-01  3.9214e-01
   659.51     15.1627  3.7796e-01  3.4503e-01  3.5530e-01  3.6637e-01  3.9448e-01
   658.01     15.1973  3.8094e-01  3.4703e-01  3.5740e-01  3.6859e-01  3.9687e-01
   656.51     15.2320  3.8410e-01  3.4905e-01  3.5955e-01  3.7087e-01  3.9936e-01
   655.01     15.2669  3.8746e-01  3.5113e-01  3.6175e-01  3.7323e-01  4.0197e-01
   653.51     15.3020  3.9101e-01  3.5326e-01  3.6404e-01  3.7573e-01  4.0469e-01
   652.01     15.3372  3.9469e-01  3.5546e-01  3.6643e-01  3.7837e-01  4.0753e-01
   650.51     15.3725  3.9850e-01  3.5773e-01  3.6893e-01  3.8112e-01  4.1055e-01
   649.01     15.4081  4.0246e-01  3.6006e-01  3.7153e-01  3.8400e-01  4.1371e-01
   647.51     15.4438  4.0660e-01  3.6247e-01  3.7424e-01  3.8698e-01  4.1701e-01
   646.01     15.4796  4.1093e-01  3.6498e-01  3.7706e-01  3.9005e-01  4.2045e-01
   644.51     15.5157  4.1547e-01  3.6758e-01  3.7997e-01  3.9324e-01  4.2403e-01
   643.01     15.5519  4.2021e-01  3.7028e-01  3.8297e-01  3.9650e-01  4.2773e-01
   641.51     15.5882  4.2513e-01  3.7309e-01  3.8606e-01  3.9984e-01  4.3153e-01
   640.01     15.6248  4.3024e-01  3.7601e-01  3.8921e-01  4.0328e-01  4.3544e-01
   638.51     15.6615  4.3553e-01  3.7905e-01  3.9246e-01  4.0680e-01  4.3946e-01
   637.01     15.6984  4.4099e-01  3.8221e-01  3.9580e-01  4.1043e-01  4.4359e-01
   635.51     15.7354  4.4660e-01  3.8550e-01  3.9923e-01  4.1414e-01  4.4781e-01
   634.01     15.7726  4.5233e-01  3.8893e-01  4.0277e-01  4.1796e-01  4.5211e-01
   632.51     15.8100  4.5817e-01  3.9249e-01  4.0644e-01  4.2188e-01  4.5648e-01
   631.01     15.8476  4.6409e-01  3.9620e-01  4.1025e-01  4.2590e-01  4.6091e-01
   629.51     15.8854  4.7010e-01  4.0006e-01  4.1421e-01  4.3000e-01  4.6540e-01
   628.01     15.9233  4.7615e-01  4.0411e-01  4.1829e-01  4.3419e-01  4.6994e-01
   626.51     15.9615  4.8221e-01  4.0833e-01  4.2252e-01  4.3848e-01  4.7455e-01
   625.01     15.9998  4.8827e-01  4.1273e-01  4.2687e-01  4.4284e-01  4.7919e-01
   623.51     16.0383  4.9426e-01  4.1735e-01  4.3134e-01  4.4726e-01  4.8386e-01
   622.01     16.0770  5.0017e-01  4.2219e-01  4.3591e-01  4.5174e-01  4.8852e-01
   620.51     16.1158  5.0597e-01  4.2726e-01  4.4057e-01  4.5626e-01  4.9313e-01
   619.01     16.1549  5.1163e-01  4.3258e-01  4.4531e-01  4.6080e-01  4.9767e-01
   617.51     16.1941  5.1707e-01  4.3814e-01  4.5013e-01  4.6536e-01  5.0212e-01
   616.01     16.2336  5.2225e-01  4.4395e-01  4.5503e-01  4.6990e-01  5.0643e-01
   614.51     16.2732  5.2717e-01  4.4999e-01  4.5999e-01  4.7442e-01  5.1059e-01
   613.01     16.3130  5.3179e-01  4.5628e-01  4.6502e-01  4.7887e-01  5.1457e-01
   611.51     16.3530  5.3608e-01  4.6277e-01  4.7008e-01  4.8327e-01  5.1839e-01
   610.01     16.3932  5.4000e-01  4.6943e-01  4.7518e-01  4.8758e-01  5.2204e-01
   608.51     16.4337  5.4351e-01  4.7621e-01  4.8024e-01  4.9177e-01  5.2552e-01
   607.01     16.4743  5.4658e-01  4.8307e-01  4.8523e-01  4.9582e-01  5.2878e-01
   605.51     16.5151  5.4918e-01  4.8992e-01  4.9009e-01  4.9965e-01  5.3184e-01
   604.01     16.5561  5.5130e-01  4.9670e-01  4.9473e-01  5.0323e-01  5.3458e-01
   602.51     16.5973  5.5290e-01  5.0329e-01  4.9910e-01  5.0650e-01  5.3694e-01
   601.01     16.6388  5.5395e-01  5.0959e-01  5.0310e-01  5.0937e-01  5.3883e-01
   599.51     16.6804  5.5445e-01  5.1547e-01  5.0664e-01  5.1179e-01  5.4020e-01
   598.01     16.7222  5.5438e-01  5.2083e-01  5.0964e-01  5.1370e-01  5.4102e-01
   596.51     16.7643  5.5375e-01  5.2551e-01  5.1201e-01  5.1504e-01  5.4129e-01
   595.01     16.8065  5.5256e-01  5.2936e-01  5.1367e-01  5.1577e-01  5.4103e-01
   593.51     16.8490  5.5079e-01  5.3224e-01  5.1454e-01  5.1580e-01  5.4021e-01
   592.01     16.8917  5.4843e-01  5.3406e-01  5.1454e-01  5.1510e-01  5.3883e-01
   590.51     16.9346  5.4548e-01  5.3468e-01  5.1361e-01  5.1362e-01  5.3685e-01
   589.01     16.9778  5.4191e-01  5.3406e-01  5.1171e-01  5.1127e-01  5.3421e-01
   587.51     17.0211  5.3774e-01  5.3213e-01  5.0879e-01  5.0803e-01  5.3088e-01
   586.01     17.0647  5.3292e-01  5.2890e-01  5.0486e-01  5.0391e-01  5.2683e-01
   584.51     17.1085  5.2747e-01  5.2444e-01  4.9997e-01  4.9894e-01  5.2204e-01
   583.01     17.1525  5.2136e-01  5.1884e-01  4.9420e-01  4.9315e-01  5.1655e-01
   581.51     17.1967  5.1465e-01  5.1223e-01  4.8766e-01  4.8666e-01  5.1042e-01
   580.01     17.2412  5.0735e-01  5.0482e-01  4.8051e-01  4.7961e-01  5.0375e-01
   578.51     17.2859  4.9955e-01  4.9678e-01  4.7287e-01  4.7218e-01  4.9668e-01
   577.00     17.3309  4.9134e-01  4.8834e-01  4.6499e-01  4.6452e-01  4.8933e-01
   575.50     17.3760  4.8283e-01  4.7974e-01  4.5701e-01  4.5682e-01  4.8188e-01
   574.00     17.4215  4.7415e-01  4.7114e-01  4.4910e-01  4.4921e-01  4.7450e-01
   572.50     17.4671  4.6545e-01  4.6272e-01  4.4139e-01  4.4186e-01  4.6733e-01
   571.00     17.5130  4.5688e-01  4.5464e-01  4.3403e-01  4.3485e-01  4.6051e-01
   569.50     17.5591  4.4855e-01  4.4698e-01  4.2711e-01  4.2830e-01  4.5412e-01
   568.00     17.6055  4.4057e-01  4.3986e-01  4.2067e-01  4.2221e-01  4.4821e-01
   566.50     17.6521  4.3305e-01  4.3331e-01  4.1474e-01  4.1663e-01  4.4284e-01
   565.00     17.6990  4.2602e-01  4.2733e-01  4.0932e-01  4.1155e-01  4.3797e-01
   563.50     17.7461  4.1955e-01  4.2190e-01  4.0439e-01  4.0696e-01  4.3358e-01
   562.00     17.7935  4.1363e-01  4.1701e-01  3.9995e-01  4.0278e-01  4.2962e-01
   560.50     17.8411  4.0825e-01  4.1263e-01  3.9595e-01  3.9900e-01  4.2604e-01
   559.00     17.8890  4.0338e-01  4.0871e-01  3.9235e-01  3.9557e-01  4.2278e-01
   557.50     17.9371  3.9898e-01  4.0521e-01  3.8908e-01  3.9244e-01  4.1978e-01
   556.00     17.9855  3.9500e-01  4.0209e-01  3.8613e-01  3.8961e-01  4.1703e-01
   554.50     18.0342  3.9139e-01  3.9933e-01  3.8348e-01  3.8703e-01  4.1450e-01
   553.00     18.0831  3.8811e-01  3.9687e-01  3.8108e-01  3.8470e-01  4.1219e-01
   551.50     18.1323  3.8512e-01  3.9467e-01  3.7892e-01  3.8259e-01  4.1008e-01
   550.00     18.1817  3.8240e-01  3.9272e-01  3.7694e-01  3.8068e-01  4.0816e-01
   548.50     18.2314  3.7990e-01  3.9098e-01  3.7513e-01  3.7895e-01  4.0641e-01
   547.00     18.2814  3.7760e-01  3.8945e-01  3.7351e-01  3.7738e-01  4.0483e-01
   545.50     18.3317  3.7549e-01  3.8809e-01  3.7204e-01  3.7593e-01  4.0340e-01
   544.00     18.3823  3.7357e-01  3.8689e-01  3.7070e-01  3.7461e-01  4.0211e-01
   542.50     18.4331  3.7182e-01  3.8581e-01  3.6951e-01  3.7337e-01  4.0093e-01
   541.00     18.4842  3.7022e-01  3.8483e-01  3.6842e-01  3.7221e-01  3.9986e-01
   539.50     18.5356  3.6880e-01  3.8395e-01  3.6743e-01  3.7113e-01  3.9890e-01
   538.00     18.5873  3.6750e-01  3.8315e-01  3.6654e-01  3.7012e-01  3.9802e-01
   536.50     18.6393  3.6632e-01  3.8242e-01  3.6570e-01  3.6917e-01  3.9721e-01
   535.00     18.6915  3.6523e-01  3.8176e-01  3.6489e-01  3.6827e-01  3.9645e-01
   533.50     18.7441  3.6423e-01  3.8116e-01  3.6411e-01  3.6741e-01  3.9574e-01
   532.00     18.7969  3.6329e-01  3.8059e-01  3.6334e-01  3.6660e-01  3.9504e-01
   530.50     18.8501  3.6242e-01  3.8005e-01  3.6258e-01  3.6583e-01  3.9437e-01
   529.00     18.9035  3.6158e-01  3.7955e-01  3.6180e-01  3.6508e-01  3.9371e-01
   527.50     18.9573  3.6074e-01  3.7907e-01  3.6105e-01  3.6436e-01  3.9305e-01
   526.00     19.0114  3.5989e-01  3.7864e-01  3.6032e-01  3.6366e-01  3.9240e-01
   524.50     19.0657  3.5903e-01  3.7824e-01  3.5965e-01  3.6303e-01  3.9176e-01
   523.00     19.1204  3.5817e-01  3.7787e-01  3.5903e-01  3.6243e-01  3.9111e-01
   521.50     19.1754  3.5736e-01  3.7750e-01  3.5845e-01  3.6186e-01  3.9047e-01
   520.00     19.2307  3.5657e-01  3.7714e-01  3.5792e-01  3.6132e-01  3.8985e-01
   518.50     19.2864  3.5578e-01  3.7683e-01  3.5744e-01  3.6082e-01  3.8928e-01
   517.00     19.3423  3.5500e-01  3.7654e-01  3.5701e-01  3.6036e-01  3.8879e-01
   515.50     19.3986  3.5426e-01  3.7629e-01  3.5661e-01  3.5990e-01  3.8841e-01
   514.00     19.4552  3.5355e-01  3.7602e-01  3.5620e-01  3.5941e-01  3.8812e-01
   512.50     19.5122  3.5290e-01  3.7577e-01  3.5578e-01  3.5890e-01  3.8792e-01
   511.00     19.5695  3.5230e-01  3.7555e-01  3.5537e-01  3.5837e-01  3.8780e-01
   509.50     19.6271  3.5175e-01  3.7537e-01  3.5499e-01  3.5783e-01  3.8773e-01
   508.00     19.6850  3.5123e-01  3.7521e-01  3.5464e-01  3.5732e-01  3.8773e-01
   506.50     19.7433  3.5074e-01  3.7509e-01  3.5430e-01  3.5685e-01  3.8785e-01
   505.00     19.8020  3.5030e-01  3.7499e-01  3.5398e-01  3.5645e-01  3.8812e-01
   503.50     19.8610  3.4992e-01  3.7492e-01  3.5369e-01  3.5612e-01  3.8850e-01
   502.00     19.9203  3.4960e-01  3.7489e-01  3.5346e-01  3.5587e-01  3.8897e-01
   500.50     19.9801  3.4933e-01  3.7490e-01  3.5329e-01  3.5568e-01  3.8946e-01
   499.00     20.0401  3.4915e-01  3.7491e-01  3.5317e-01  3.5556e-01  3.8985e-01
   497.50     20.1005  3.4908e-01  3.7491e-01  3.5307e-01  3.5546e-01  3.9011e-01
   496.00     20.1613  3.4910e-01  3.7492e-01  3.5298e-01  3.5538e-01  3.9029e-01
   494.50     20.2225  3.4920e-01  3.7494e-01  3.5291e-01  3.5533e-01  3.9043e-01
   493.00     20.2840  3.4937e-01  3.7502e-01  3.5287e-01  3.5531e-01  3.9059e-01
   491.50     20.3459  3.4961e-01  3.7516e-01  3.5288e-01  3.5535e-01  3.9083e-01
   490.00     20.4082  3.4994e-01  3.7537e-01  3.5295e-01  3.5548e-01  3.9118e-01
   488.50     20.4709  3.5037e-01  3.7563e-01  3.5304e-01  3.5567e-01  3.9166e-01
   487.00     20.5340  3.5089e-01  3.7594e-01  3.5319e-01  3.5593e-01  3.9226e-01
   485.50     20.5974  3.5147e-01  3.7633e-01  3.5338e-01  3.5626e-01  3.9299e-01
   484.00     20.6612  3.5211e-01  3.7679e-01  3.5364e-01  3.5665e-01  3.9383e-01
   482.50     20.7255  3.5277e-01  3.7733e-01  3.5396e-01  3.5706e-01  3.9477e-01
   481.00     20.7901  3.5346e-01  3.7794e-01  3.5433e-01  3.5748e-01  3.9570e-01
   479.50     20.8552  3.5419e-01  3.7859e-01  3.5473e-01  3.5787e-01  3.9658e-01
   478.00     20.9206  3.5494e-01  3.7929e-01  3.5515e-01  3.5828e-01  3.9740e-01
   476.50     20.9865  3.5571e-01  3.8005e-01  3.5562e-01  3.5871e-01  3.9822e-01
   475.00     21.0527  3.5647e-01  3.8090e-01  3.5614e-01  3.5919e-01  3.9908e-01
   473.50     21.1194  3.5722e-01  3.8182e-01  3.5672e-01  3.5972e-01  4.0011e-01
   472.00     21.1866  3.5795e-01  3.8284e-01  3.5733e-01  3.6034e-01  4.0142e-01
   470.50     21.2541  3.5869e-01  3.8393e-01  3.5797e-01  3.6102e-01  4.0299e-01
   469.00     21.3221  3.5946e-01  3.8506e-01  3.5861e-01  3.6173e-01  4.0469e-01
   467.50     21.3905  3.6025e-01  3.8627e-01  3.5926e-01  3.6246e-01  4.0641e-01
   466.00     21.4594  3.6103e-01  3.8753e-01  3.5994e-01  3.6320e-01  4.0806e-01
   464.50     21.5287  3.6185e-01  3.8884e-01  3.6065e-01  3.6395e-01  4.0953e-01
   463.00     21.5984  3.6268e-01  3.9018e-01  3.6139e-01  3.6469e-01  4.1090e-01
   461.50     21.6686  3.6355e-01  3.9160e-01  3.6216e-01  3.6544e-01  4.1228e-01
   460.00     21.7393  3.6444e-01  3.9309e-01  3.6298e-01  3.6626e-01  4.1381e-01
   458.50     21.8104  3.6533e-01  3.9467e-01  3.6385e-01  3.6717e-01  4.1556e-01
   457.00     21.8820  3.6619e-01  3.9634e-01  3.6478e-01  3.6814e-01  4.1763e-01
   455.50     21.9541  3.6705e-01  3.9809e-01  3.6575e-01  3.6917e-01  4.1994e-01
   454.00     22.0266  3.6793e-01  3.9983e-01  3.6669e-01  3.7025e-01  4.2232e-01
   452.50     22.0997  3.6878e-01  4.0155e-01  3.6758e-01  3.7140e-01  4.2470e-01
   451.00     22.1732  3.6957e-01  4.0322e-01  3.6840e-01  3.7259e-01  4.2699e-01
   449.50     22.2472  3.7026e-01  4.0474e-01  3.6909e-01  3.7379e-01  4.2910e-01
   448.00     22.3217  3.7082e-01  4.0601e-01  3.6962e-01  3.7495e-01  4.3089e-01
   446.50     22.3967  3.7121e-01  4.0699e-01  3.6995e-01  3.7603e-01  4.3237e-01
   445.00     22.4722  3.7142e-01  4.0760e-01  3.7004e-01  3.7692e-01  4.3346e-01
   443.49     22.5482  3.7141e-01  4.0780e-01  3.6988e-01  3.7752e-01  4.3401e-01
   441.99     22.6247  3.7114e-01  4.0755e-01  3.6944e-01  3.7771e-01  4.3395e-01
   440.49     22.7017  3.7058e-01  4.0686e-01  3.6869e-01  3.7741e-01  4.3325e-01
   438.99     22.7793  3.6977e-01  4.0573e-01  3.6763e-01  3.7659e-01  4.3190e-01
   437.49     22.8574  3.6878e-01  4.0423e-01  3.6630e-01  3.7530e-01  4.2995e-01
   435.99     22.9361  3.6761e-01  4.0243e-01  3.6475e-01  3.7362e-01  4.2756e-01
   434.49     23.0153  3.6632e-01  4.0038e-01  3.6302e-01  3.7169e-01  4.2489e-01
   432.99     23.0950  3.6493e-01  3.9815e-01  3.6117e-01  3.6957e-01  4.2209e-01
   431.49     23.1753  3.6350e-01  3.9581e-01  3.5922e-01  3.6739e-01  4.1931e-01
   429.99     23.2561  3.6210e-01  3.9348e-01  3.5730e-01  3.6525e-01  4.1667e-01
   428.49     23.3376  3.6078e-01  3.9128e-01  3.5549e-01  3.6322e-01  4.1417e-01
   426.99     23.4195  3.5959e-01  3.8928e-01  3.5388e-01  3.6139e-01  4.1180e-01
   425.49     23.5021  3.5850e-01  3.8749e-01  3.5251e-01  3.5980e-01  4.0962e-01
   423.99     23.5853  3.5752e-01  3.8590e-01  3.5135e-01  3.5851e-01  4.0777e-01
   422.49     23.6690  3.5663e-01  3.8454e-01  3.5044e-01  3.5751e-01  4.0631e-01
   420.99     23.7533  3.5583e-01  3.8345e-01  3.4978e-01  3.5684e-01  4.0532e-01
   419.49     23.8383  3.5513e-01  3.8261e-01  3.4940e-01  3.5649e-01  4.0483e-01
   417.99     23.9238  3.5453e-01  3.8199e-01  3.4922e-01  3.5640e-01  4.0479e-01
   416.49     24.0100  3.5401e-01  3.8146e-01  3.4912e-01  3.5640e-01  4.0488e-01
   414.99     24.0968  3.5355e-01  3.8092e-01  3.4896e-01  3.5634e-01  4.0485e-01
   413.49     24.1842  3.5315e-01  3.8036e-01  3.4876e-01  3.5617e-01  4.0460e-01
   411.99     24.2723  3.5283e-01  3.7976e-01  3.4850e-01  3.5590e-01  4.0409e-01
   410.49     24.3610  3.5259e-01  3.7908e-01  3.4811e-01  3.5548e-01  4.0331e-01
   408.99     24.4503  3.5245e-01  3.7835e-01  3.4758e-01  3.5487e-01  4.0236e-01
   407.49     24.5403  3.5242e-01  3.7760e-01  3.4695e-01  3.5409e-01  4.0135e-01
   405.99     24.6310  3.5247e-01  3.7685e-01  3.4632e-01  3.5330e-01  4.0027e-01
   404.49     24.7224  3.5263e-01  3.7619e-01  3.4581e-01  3.5265e-01  3.9919e-01
   402.99     24.8144  3.5286e-01  3.7564e-01  3.4547e-01  3.5220e-01  3.9827e-01
   401.49     24.9071  3.5317e-01  3.7522e-01  3.4529e-01  3.5195e-01  3.9763e-01
   399.99     25.0005  3.5354e-01  3.7496e-01  3.4528e-01  3.5195e-01  3.9739e-01
