  Data: Real and imaginary indices of H2SO4/H2O droplets 
   0.58, 0.58, 0.48, 0.48, 0.48 Weight percent H2SO4
   243,  233,  298,  273,  234 K 
  
  Reference: Myhre, C. E. Lund, D. H. Christensen, F. M. Nicolaisen,
  and C. J. Nielsen, Spectroscopic Study of Aqueous H2SO4 at Different
  Temperatures and Compositions: Variations in Dissociation and 
  Optical Properties, J. Phys. Chem., volume 107, pgs. 1979-1991, 2005.
  
  Email contact person: C. E. Lund Myhre (e.c.lund@iakh.uio.no.)
  
  Format: 4733 real indices (2x,f7.2,2x,f10.4,5(2x,f7.5))
          4733 imaginary indices (2x,f7.2,2x,f10.4,5(1x,e11.4))
  
  cm-1        microns   rnw58t243, rnw58t233, rnw48t298, rnw48t273, rnw48t234 
  7498.52      1.3336  1.40171  1.41027  1.37157  1.37594  1.37965
  7497.02      1.3339  1.40165  1.41021  1.37163  1.37601  1.37971
  7495.52      1.3341  1.40159  1.41015  1.37170  1.37608  1.37979
  7494.02      1.3344  1.40154  1.41010  1.37176  1.37614  1.37984
  7492.52      1.3347  1.40150  1.41006  1.37181  1.37619  1.37989
  7491.02      1.3349  1.40145  1.41001  1.37186  1.37624  1.37995
  7489.52      1.3352  1.40141  1.40996  1.37190  1.37628  1.37998
  7488.02      1.3355  1.40137  1.40993  1.37191  1.37630  1.38001
  7486.52      1.3357  1.40134  1.40989  1.37192  1.37631  1.38001
  7485.02      1.3360  1.40129  1.40985  1.37192  1.37630  1.38001
  7483.52      1.3363  1.40125  1.40981  1.37192  1.37630  1.38001
  7482.02      1.3365  1.40121  1.40976  1.37190  1.37628  1.37999
  7480.52      1.3368  1.40118  1.40973  1.37189  1.37626  1.37998
  7479.02      1.3371  1.40116  1.40971  1.37187  1.37624  1.37996
  7477.52      1.3373  1.40116  1.40971  1.37186  1.37623  1.37995
  7476.02      1.3376  1.40117  1.40972  1.37185  1.37622  1.37994
  7474.52      1.3379  1.40117  1.40973  1.37185  1.37622  1.37994
  7473.02      1.3381  1.40119  1.40975  1.37186  1.37623  1.37995
  7471.52      1.3384  1.40123  1.40978  1.37188  1.37625  1.37997
  7470.02      1.3387  1.40127  1.40982  1.37191  1.37628  1.38000
  7468.52      1.3390  1.40132  1.40988  1.37195  1.37632  1.38004
  7467.02      1.3392  1.40135  1.40991  1.37199  1.37636  1.38008
  7465.52      1.3395  1.40138  1.40994  1.37203  1.37640  1.38012
  7464.02      1.3398  1.40140  1.40996  1.37206  1.37644  1.38015
  7462.52      1.3400  1.40143  1.40999  1.37208  1.37647  1.38017
  7461.02      1.3403  1.40146  1.41002  1.37209  1.37648  1.38019
  7459.52      1.3406  1.40149  1.41005  1.37208  1.37648  1.38018
  7458.02      1.3408  1.40150  1.41006  1.37207  1.37645  1.38016
  7456.52      1.3411  1.40149  1.41005  1.37204  1.37642  1.38013
  7455.02      1.3414  1.40149  1.41005  1.37200  1.37638  1.38010
  7453.52      1.3416  1.40149  1.41005  1.37197  1.37634  1.38006
  7452.02      1.3419  1.40148  1.41004  1.37193  1.37630  1.38002
  7450.52      1.3422  1.40146  1.41002  1.37188  1.37625  1.37997
  7449.02      1.3425  1.40143  1.40999  1.37184  1.37621  1.37993
  7447.52      1.3427  1.40139  1.40995  1.37181  1.37619  1.37990
  7446.02      1.3430  1.40135  1.40991  1.37179  1.37616  1.37988
  7444.52      1.3433  1.40132  1.40988  1.37177  1.37615  1.37985
  7443.02      1.3435  1.40130  1.40985  1.37175  1.37612  1.37984
  7441.52      1.3438  1.40129  1.40984  1.37172  1.37610  1.37981
  7440.02      1.3441  1.40129  1.40984  1.37171  1.37608  1.37980
  7438.52      1.3444  1.40131  1.40986  1.37169  1.37606  1.37978
  7437.02      1.3446  1.40133  1.40989  1.37169  1.37606  1.37978
  7435.52      1.3449  1.40136  1.40992  1.37169  1.37606  1.37978
  7434.02      1.3452  1.40140  1.40995  1.37169  1.37606  1.37978
  7432.52      1.3454  1.40143  1.40999  1.37171  1.37608  1.37980
  7431.02      1.3457  1.40144  1.41000  1.37173  1.37610  1.37981
  7429.52      1.3460  1.40144  1.41000  1.37173  1.37611  1.37982
  7428.02      1.3463  1.40142  1.40998  1.37173  1.37611  1.37982
  7426.52      1.3465  1.40138  1.40994  1.37172  1.37611  1.37981
  7425.02      1.3468  1.40134  1.40990  1.37170  1.37609  1.37979
  7423.52      1.3471  1.40129  1.40985  1.37168  1.37606  1.37977
  7422.02      1.3473  1.40124  1.40979  1.37165  1.37603  1.37974
  7420.52      1.3476  1.40120  1.40975  1.37162  1.37599  1.37971
  7419.02      1.3479  1.40116  1.40971  1.37159  1.37596  1.37968
  7417.51      1.3482  1.40114  1.40969  1.37156  1.37593  1.37965
  7416.01      1.3484  1.40112  1.40968  1.37154  1.37591  1.37963
  7414.51      1.3487  1.40112  1.40967  1.37154  1.37590  1.37962
  7413.01      1.3490  1.40112  1.40967  1.37154  1.37591  1.37963
  7411.51      1.3493  1.40113  1.40968  1.37157  1.37593  1.37965
  7410.01      1.3495  1.40114  1.40969  1.37159  1.37596  1.37967
  7408.51      1.3498  1.40116  1.40971  1.37161  1.37599  1.37970
  7407.01      1.3501  1.40117  1.40972  1.37164  1.37600  1.37971
  7405.51      1.3503  1.40119  1.40974  1.37165  1.37603  1.37973
  7404.01      1.3506  1.40122  1.40977  1.37167  1.37605  1.37976
  7402.51      1.3509  1.40126  1.40981  1.37168  1.37606  1.37976
  7401.01      1.3512  1.40130  1.40986  1.37167  1.37605  1.37976
  7399.51      1.3514  1.40133  1.40989  1.37166  1.37604  1.37975
  7398.01      1.3517  1.40135  1.40991  1.37162  1.37601  1.37971
  7396.51      1.3520  1.40136  1.40991  1.37159  1.37596  1.37968
  7395.01      1.3523  1.40136  1.40992  1.37155  1.37593  1.37964
  7393.51      1.3525  1.40136  1.40991  1.37152  1.37589  1.37961
  7392.01      1.3528  1.40133  1.40989  1.37149  1.37586  1.37957
  7390.51      1.3531  1.40130  1.40986  1.37146  1.37582  1.37954
  7389.01      1.3534  1.40128  1.40983  1.37143  1.37579  1.37951
  7387.51      1.3536  1.40126  1.40981  1.37140  1.37577  1.37948
  7386.01      1.3539  1.40127  1.40982  1.37138  1.37575  1.37946
  7384.51      1.3542  1.40128  1.40984  1.37135  1.37572  1.37943
  7383.01      1.3545  1.40129  1.40984  1.37133  1.37570  1.37941
  7381.51      1.3547  1.40130  1.40985  1.37131  1.37568  1.37939
  7380.01      1.3550  1.40130  1.40985  1.37130  1.37567  1.37938
  7378.51      1.3553  1.40129  1.40984  1.37128  1.37565  1.37936
  7377.01      1.3556  1.40127  1.40984  1.37126  1.37562  1.37933
  7375.51      1.3558  1.40126  1.40981  1.37123  1.37560  1.37931
  7374.01      1.3561  1.40122  1.40977  1.37122  1.37558  1.37930
  7372.51      1.3564  1.40119  1.40974  1.37123  1.37559  1.37930
  7371.01      1.3567  1.40117  1.40972  1.37124  1.37560  1.37932
  7369.51      1.3569  1.40116  1.40971  1.37124  1.37561  1.37932
  7368.01      1.3572  1.40117  1.40972  1.37124  1.37561  1.37932
  7366.51      1.3575  1.40118  1.40973  1.37124  1.37561  1.37932
  7365.01      1.3578  1.40119  1.40974  1.37124  1.37561  1.37932
  7363.51      1.3580  1.40119  1.40974  1.37124  1.37562  1.37932
  7362.01      1.3583  1.40118  1.40973  1.37125  1.37562  1.37932
  7360.51      1.3586  1.40116  1.40971  1.37125  1.37561  1.37932
  7359.01      1.3589  1.40113  1.40968  1.37124  1.37561  1.37932
  7357.51      1.3592  1.40109  1.40964  1.37125  1.37561  1.37932
  7356.01      1.3594  1.40105  1.40960  1.37125  1.37561  1.37933
  7354.51      1.3597  1.40103  1.40957  1.37127  1.37563  1.37935
  7353.01      1.3600  1.40102  1.40957  1.37129  1.37566  1.37937
  7351.51      1.3603  1.40103  1.40957  1.37132  1.37569  1.37940
  7350.01      1.3605  1.40105  1.40960  1.37132  1.37571  1.37941
  7348.51      1.3608  1.40106  1.40961  1.37132  1.37570  1.37940
  7347.01      1.3611  1.40106  1.40961  1.37128  1.37567  1.37936
  7345.51      1.3614  1.40106  1.40961  1.37123  1.37562  1.37931
  7344.01      1.3617  1.40105  1.40960  1.37119  1.37557  1.37927
  7342.51      1.3619  1.40103  1.40958  1.37114  1.37551  1.37922
  7341.01      1.3622  1.40101  1.40956  1.37108  1.37543  1.37915
  7339.51      1.3625  1.40098  1.40953  1.37102  1.37537  1.37909
  7338.01      1.3628  1.40096  1.40950  1.37097  1.37532  1.37904
  7336.51      1.3630  1.40093  1.40948  1.37094  1.37529  1.37901
  7335.01      1.3633  1.40093  1.40947  1.37094  1.37529  1.37901
  7333.51      1.3636  1.40092  1.40947  1.37096  1.37531  1.37903
  7332.01      1.3639  1.40091  1.40946  1.37097  1.37533  1.37904
  7330.51      1.3642  1.40088  1.40942  1.37099  1.37536  1.37907
  7329.01      1.3644  1.40084  1.40938  1.37100  1.37537  1.37907
  7327.51      1.3647  1.40079  1.40933  1.37101  1.37539  1.37909
  7326.01      1.3650  1.40075  1.40929  1.37102  1.37539  1.37909
  7324.51      1.3653  1.40072  1.40926  1.37104  1.37540  1.37912
  7323.01      1.3656  1.40070  1.40924  1.37106  1.37542  1.37914
  7321.51      1.3658  1.40069  1.40924  1.37108  1.37544  1.37916
  7320.01      1.3661  1.40071  1.40925  1.37110  1.37546  1.37917
  7318.51      1.3664  1.40076  1.40930  1.37110  1.37547  1.37918
  7317.01      1.3667  1.40081  1.40935  1.37111  1.37548  1.37918
  7315.51      1.3670  1.40086  1.40940  1.37111  1.37549  1.37919
  7314.01      1.3672  1.40089  1.40944  1.37111  1.37549  1.37919
  7312.51      1.3675  1.40091  1.40946  1.37110  1.37547  1.37917
  7311.01      1.3678  1.40094  1.40949  1.37107  1.37544  1.37914
  7309.51      1.3681  1.40097  1.40951  1.37102  1.37539  1.37910
  7308.01      1.3684  1.40098  1.40953  1.37099  1.37535  1.37906
  7306.51      1.3686  1.40100  1.40955  1.37095  1.37531  1.37902
  7305.01      1.3689  1.40102  1.40956  1.37092  1.37528  1.37898
  7303.51      1.3692  1.40106  1.40961  1.37088  1.37524  1.37896
  7302.01      1.3695  1.40109  1.40964  1.37087  1.37523  1.37894
  7300.51      1.3698  1.40113  1.40968  1.37085  1.37521  1.37892
  7299.01      1.3700  1.40114  1.40969  1.37084  1.37521  1.37891
  7297.51      1.3703  1.40114  1.40969  1.37082  1.37519  1.37889
  7296.01      1.3706  1.40111  1.40967  1.37080  1.37517  1.37887
  7294.51      1.3709  1.40108  1.40963  1.37077  1.37514  1.37884
  7293.01      1.3712  1.40103  1.40957  1.37074  1.37510  1.37881
  7291.51      1.3715  1.40097  1.40952  1.37072  1.37508  1.37878
  7290.01      1.3717  1.40093  1.40947  1.37069  1.37504  1.37875
  7288.51      1.3720  1.40088  1.40942  1.37068  1.37503  1.37874
  7287.00      1.3723  1.40085  1.40939  1.37067  1.37501  1.37873
  7285.50      1.3726  1.40084  1.40939  1.37067  1.37502  1.37873
  7284.00      1.3729  1.40086  1.40940  1.37069  1.37504  1.37876
  7282.50      1.3732  1.40089  1.40943  1.37073  1.37508  1.37879
  7281.00      1.3734  1.40092  1.40946  1.37077  1.37513  1.37883
  7279.50      1.3737  1.40097  1.40951  1.37082  1.37518  1.37888
  7278.00      1.3740  1.40102  1.40956  1.37086  1.37523  1.37893
  7276.50      1.3743  1.40106  1.40962  1.37090  1.37527  1.37897
  7275.00      1.3746  1.40109  1.40965  1.37091  1.37529  1.37898
  7273.50      1.3749  1.40110  1.40965  1.37092  1.37530  1.37900
  7272.00      1.3751  1.40108  1.40963  1.37092  1.37529  1.37899
  7270.50      1.3754  1.40105  1.40960  1.37089  1.37526  1.37896
  7269.00      1.3757  1.40101  1.40956  1.37085  1.37522  1.37892
  7267.50      1.3760  1.40095  1.40950  1.37081  1.37518  1.37888
  7266.00      1.3763  1.40088  1.40943  1.37077  1.37513  1.37884
  7264.50      1.3766  1.40082  1.40937  1.37073  1.37509  1.37880
  7263.00      1.3768  1.40078  1.40932  1.37070  1.37506  1.37877
  7261.50      1.3771  1.40076  1.40930  1.37068  1.37503  1.37875
  7260.00      1.3774  1.40076  1.40930  1.37066  1.37502  1.37873
  7258.50      1.3777  1.40076  1.40930  1.37065  1.37501  1.37872
  7257.00      1.3780  1.40079  1.40933  1.37066  1.37502  1.37873
  7255.50      1.3783  1.40084  1.40938  1.37068  1.37504  1.37874
  7254.00      1.3785  1.40091  1.40945  1.37068  1.37505  1.37875
  7252.50      1.3788  1.40098  1.40952  1.37068  1.37504  1.37874
  7251.00      1.3791  1.40104  1.40959  1.37067  1.37503  1.37873
  7249.50      1.3794  1.40108  1.40964  1.37064  1.37501  1.37871
  7248.00      1.3797  1.40113  1.40967  1.37063  1.37500  1.37870
  7246.50      1.3800  1.40116  1.40971  1.37062  1.37498  1.37868
  7245.00      1.3803  1.40119  1.40974  1.37061  1.37496  1.37867
  7243.50      1.3805  1.40119  1.40975  1.37058  1.37493  1.37864
  7242.00      1.3808  1.40118  1.40973  1.37053  1.37489  1.37859
  7240.50      1.3811  1.40117  1.40972  1.37049  1.37485  1.37856
  7239.00      1.3814  1.40115  1.40970  1.37046  1.37482  1.37852
  7237.50      1.3817  1.40115  1.40970  1.37045  1.37481  1.37851
  7236.00      1.3820  1.40115  1.40970  1.37044  1.37480  1.37850
  7234.50      1.3823  1.40114  1.40969  1.37043  1.37478  1.37849
  7233.00      1.3826  1.40113  1.40968  1.37040  1.37475  1.37846
  7231.50      1.3828  1.40112  1.40967  1.37037  1.37472  1.37843
  7230.00      1.3831  1.40111  1.40966  1.37035  1.37471  1.37841
  7228.50      1.3834  1.40110  1.40965  1.37034  1.37470  1.37839
  7227.00      1.3837  1.40110  1.40965  1.37034  1.37469  1.37839
  7225.50      1.3840  1.40109  1.40964  1.37033  1.37468  1.37839
  7224.00      1.3843  1.40109  1.40964  1.37032  1.37467  1.37838
  7222.50      1.3846  1.40107  1.40962  1.37030  1.37465  1.37836
  7221.00      1.3848  1.40104  1.40959  1.37029  1.37465  1.37835
  7219.50      1.3851  1.40100  1.40955  1.37029  1.37464  1.37834
  7218.00      1.3854  1.40098  1.40952  1.37029  1.37465  1.37835
  7216.50      1.3857  1.40095  1.40950  1.37032  1.37467  1.37837
  7215.00      1.3860  1.40093  1.40948  1.37034  1.37469  1.37840
  7213.50      1.3863  1.40091  1.40946  1.37035  1.37471  1.37841
  7212.00      1.3866  1.40087  1.40942  1.37036  1.37472  1.37842
  7210.50      1.3869  1.40083  1.40938  1.37036  1.37473  1.37842
  7209.00      1.3872  1.40081  1.40935  1.37035  1.37472  1.37841
  7207.50      1.3874  1.40079  1.40933  1.37035  1.37472  1.37840
  7206.00      1.3877  1.40076  1.40930  1.37032  1.37469  1.37838
  7204.50      1.3880  1.40072  1.40925  1.37029  1.37465  1.37835
  7203.00      1.3883  1.40067  1.40921  1.37026  1.37461  1.37831
  7201.50      1.3886  1.40063  1.40917  1.37022  1.37457  1.37828
  7200.00      1.3889  1.40063  1.40916  1.37020  1.37454  1.37825
  7198.50      1.3892  1.40064  1.40918  1.37020  1.37453  1.37825
  7197.00      1.3895  1.40066  1.40920  1.37020  1.37454  1.37826
  7195.50      1.3898  1.40069  1.40923  1.37024  1.37458  1.37829
  7194.00      1.3900  1.40072  1.40926  1.37027  1.37462  1.37832
  7192.50      1.3903  1.40076  1.40930  1.37031  1.37467  1.37836
  7191.00      1.3906  1.40079  1.40933  1.37034  1.37470  1.37840
  7189.50      1.3909  1.40082  1.40936  1.37037  1.37474  1.37842
  7188.00      1.3912  1.40083  1.40938  1.37039  1.37476  1.37845
  7186.50      1.3915  1.40083  1.40937  1.37040  1.37477  1.37846
  7185.00      1.3918  1.40081  1.40935  1.37040  1.37476  1.37846
  7183.50      1.3921  1.40078  1.40932  1.37040  1.37475  1.37845
  7182.00      1.3924  1.40075  1.40929  1.37038  1.37473  1.37844
  7180.50      1.3927  1.40072  1.40926  1.37037  1.37472  1.37843
  7179.00      1.3930  1.40070  1.40924  1.37037  1.37472  1.37843
  7177.50      1.3932  1.40067  1.40921  1.37038  1.37472  1.37843
  7176.00      1.3935  1.40066  1.40920  1.37038  1.37473  1.37844
  7174.50      1.3938  1.40067  1.40921  1.37039  1.37475  1.37845
  7173.00      1.3941  1.40068  1.40922  1.37039  1.37475  1.37845
  7171.50      1.3944  1.40070  1.40924  1.37038  1.37475  1.37844
  7170.00      1.3947  1.40070  1.40924  1.37037  1.37474  1.37843
  7168.50      1.3950  1.40070  1.40924  1.37032  1.37470  1.37839
  7167.00      1.3953  1.40069  1.40923  1.37028  1.37463  1.37832
  7165.50      1.3956  1.40067  1.40921  1.37020  1.37457  1.37826
  7164.00      1.3959  1.40065  1.40919  1.37014  1.37449  1.37818
  7162.50      1.3962  1.40062  1.40916  1.37006  1.37440  1.37811
  7161.00      1.3965  1.40059  1.40912  1.36998  1.37432  1.37802
  7159.50      1.3967  1.40056  1.40910  1.36992  1.37425  1.37797
  7158.00      1.3970  1.40056  1.40909  1.36989  1.37421  1.37793
  7156.50      1.3973  1.40057  1.40910  1.36989  1.37421  1.37793
  7155.00      1.3976  1.40060  1.40913  1.36992  1.37425  1.37796
  7153.50      1.3979  1.40062  1.40916  1.36995  1.37430  1.37800
  7152.00      1.3982  1.40065  1.40919  1.37002  1.37436  1.37806
  7150.50      1.3985  1.40068  1.40922  1.37008  1.37444  1.37813
  7148.99      1.3988  1.40069  1.40923  1.37015  1.37451  1.37820
  7147.49      1.3991  1.40069  1.40923  1.37020  1.37458  1.37826
  7145.99      1.3994  1.40068  1.40922  1.37024  1.37461  1.37829
  7144.49      1.3997  1.40065  1.40919  1.37025  1.37462  1.37831
  7142.99      1.4000  1.40060  1.40914  1.37025  1.37462  1.37831
  7141.49      1.4003  1.40055  1.40909  1.37023  1.37459  1.37828
  7139.99      1.4006  1.40051  1.40905  1.37021  1.37456  1.37826
  7138.49      1.4009  1.40047  1.40901  1.37018  1.37453  1.37823
  7136.99      1.4012  1.40044  1.40898  1.37015  1.37449  1.37820
  7135.49      1.4014  1.40042  1.40895  1.37014  1.37448  1.37819
  7133.99      1.4017  1.40040  1.40893  1.37014  1.37448  1.37818
  7132.49      1.4020  1.40040  1.40893  1.37014  1.37449  1.37819
  7130.99      1.4023  1.40041  1.40894  1.37016  1.37451  1.37821
  7129.49      1.4026  1.40042  1.40895  1.37017  1.37453  1.37822
  7127.99      1.4029  1.40044  1.40897  1.37020  1.37455  1.37825
  7126.49      1.4032  1.40046  1.40900  1.37020  1.37457  1.37825
  7124.99      1.4035  1.40048  1.40901  1.37021  1.37457  1.37826
  7123.49      1.4038  1.40050  1.40902  1.37021  1.37457  1.37826
  7121.99      1.4041  1.40051  1.40905  1.37019  1.37455  1.37824
  7120.49      1.4044  1.40053  1.40906  1.37017  1.37453  1.37822
  7118.99      1.4047  1.40053  1.40907  1.37015  1.37450  1.37820
  7117.49      1.4050  1.40053  1.40907  1.37012  1.37447  1.37817
  7115.99      1.4053  1.40054  1.40907  1.37010  1.37445  1.37815
  7114.49      1.4056  1.40054  1.40908  1.37009  1.37443  1.37813
  7112.99      1.4059  1.40055  1.40909  1.37009  1.37443  1.37814
  7111.49      1.4062  1.40057  1.40910  1.37011  1.37445  1.37816
  7109.99      1.4065  1.40058  1.40911  1.37014  1.37448  1.37818
  7108.49      1.4068  1.40058  1.40912  1.37016  1.37451  1.37821
  7106.99      1.4071  1.40058  1.40911  1.37019  1.37455  1.37824
  7105.49      1.4074  1.40057  1.40911  1.37022  1.37458  1.37827
  7103.99      1.4077  1.40055  1.40908  1.37025  1.37462  1.37831
  7102.49      1.4080  1.40052  1.40906  1.37029  1.37465  1.37834
  7100.99      1.4083  1.40049  1.40903  1.37031  1.37467  1.37836
  7099.49      1.4086  1.40047  1.40900  1.37032  1.37468  1.37837
  7097.99      1.4088  1.40044  1.40897  1.37032  1.37467  1.37837
  7096.49      1.4091  1.40041  1.40894  1.37030  1.37467  1.37836
  7094.99      1.4094  1.40039  1.40893  1.37029  1.37465  1.37835
  7093.49      1.4097  1.40038  1.40891  1.37028  1.37463  1.37833
  7091.99      1.4100  1.40038  1.40891  1.37027  1.37462  1.37832
  7090.49      1.4103  1.40039  1.40892  1.37025  1.37460  1.37830
  7088.99      1.4106  1.40039  1.40893  1.37022  1.37457  1.37827
  7087.49      1.4109  1.40040  1.40894  1.37019  1.37454  1.37824
  7085.99      1.4112  1.40041  1.40894  1.37015  1.37451  1.37821
  7084.49      1.4115  1.40042  1.40896  1.37013  1.37448  1.37818
  7082.99      1.4118  1.40044  1.40897  1.37010  1.37445  1.37815
  7081.49      1.4121  1.40044  1.40898  1.37008  1.37442  1.37813
  7079.99      1.4124  1.40044  1.40898  1.37006  1.37440  1.37811
  7078.49      1.4127  1.40044  1.40897  1.37005  1.37439  1.37810
  7076.99      1.4130  1.40043  1.40897  1.37005  1.37439  1.37810
  7075.49      1.4133  1.40043  1.40896  1.37005  1.37440  1.37810
  7073.99      1.4136  1.40042  1.40896  1.37005  1.37441  1.37810
  7072.49      1.4139  1.40042  1.40895  1.37005  1.37441  1.37810
  7070.99      1.4142  1.40042  1.40895  1.37006  1.37441  1.37810
  7069.49      1.4145  1.40042  1.40895  1.37006  1.37441  1.37810
  7067.99      1.4148  1.40042  1.40895  1.37004  1.37440  1.37809
  7066.49      1.4151  1.40041  1.40895  1.37002  1.37438  1.37807
  7064.99      1.4154  1.40040  1.40894  1.37000  1.37436  1.37805
  7063.49      1.4157  1.40038  1.40892  1.36998  1.37433  1.37801
  7061.99      1.4160  1.40038  1.40891  1.36995  1.37430  1.37800
  7060.49      1.4163  1.40037  1.40890  1.36993  1.37428  1.37798
  7058.99      1.4166  1.40037  1.40890  1.36992  1.37427  1.37797
  7057.49      1.4169  1.40036  1.40890  1.36990  1.37425  1.37795
  7055.99      1.4172  1.40037  1.40890  1.36988  1.37423  1.37793
  7054.49      1.4175  1.40038  1.40891  1.36988  1.37423  1.37792
  7052.99      1.4178  1.40039  1.40893  1.36987  1.37422  1.37791
  7051.49      1.4181  1.40041  1.40894  1.36986  1.37421  1.37791
  7049.99      1.4184  1.40043  1.40896  1.36986  1.37421  1.37791
  7048.49      1.4187  1.40043  1.40897  1.36986  1.37421  1.37791
  7046.99      1.4190  1.40043  1.40896  1.36987  1.37421  1.37791
  7045.49      1.4193  1.40043  1.40896  1.36987  1.37422  1.37792
  7043.99      1.4197  1.40043  1.40896  1.36989  1.37423  1.37793
  7042.49      1.4200  1.40044  1.40897  1.36991  1.37425  1.37795
  7040.99      1.4203  1.40044  1.40898  1.36994  1.37429  1.37798
  7039.49      1.4206  1.40044  1.40898  1.36997  1.37432  1.37801
  7037.99      1.4209  1.40044  1.40898  1.37000  1.37435  1.37804
  7036.49      1.4212  1.40044  1.40897  1.37003  1.37438  1.37807
  7034.99      1.4215  1.40044  1.40897  1.37003  1.37439  1.37808
  7033.49      1.4218  1.40042  1.40896  1.37004  1.37440  1.37808
  7031.99      1.4221  1.40040  1.40894  1.37003  1.37440  1.37808
  7030.49      1.4224  1.40037  1.40891  1.37002  1.37438  1.37807
  7028.99      1.4227  1.40033  1.40886  1.37000  1.37436  1.37806
  7027.49      1.4230  1.40030  1.40883  1.36999  1.37433  1.37803
  7025.99      1.4233  1.40027  1.40880  1.36996  1.37431  1.37801
  7024.49      1.4236  1.40025  1.40878  1.36994  1.37429  1.37799
  7022.99      1.4239  1.40022  1.40875  1.36992  1.37427  1.37797
  7021.49      1.4242  1.40021  1.40874  1.36992  1.37426  1.37796
  7019.99      1.4245  1.40020  1.40873  1.36991  1.37426  1.37796
  7018.48      1.4248  1.40021  1.40873  1.36991  1.37426  1.37796
  7016.98      1.4251  1.40022  1.40875  1.36992  1.37426  1.37796
  7015.48      1.4254  1.40023  1.40876  1.36992  1.37427  1.37796
  7013.98      1.4257  1.40024  1.40877  1.36992  1.37427  1.37796
  7012.48      1.4260  1.40025  1.40878  1.36992  1.37427  1.37796
  7010.98      1.4263  1.40025  1.40878  1.36993  1.37427  1.37797
  7009.48      1.4266  1.40026  1.40879  1.36994  1.37428  1.37798
  7007.98      1.4269  1.40026  1.40879  1.36995  1.37429  1.37799
  7006.48      1.4272  1.40025  1.40878  1.36998  1.37432  1.37802
  7004.98      1.4276  1.40025  1.40878  1.37001  1.37435  1.37805
  7003.48      1.4279  1.40023  1.40876  1.37004  1.37439  1.37809
  7001.98      1.4282  1.40021  1.40874  1.37008  1.37443  1.37813
  7000.48      1.4285  1.40019  1.40872  1.37012  1.37447  1.37816
  6998.98      1.4288  1.40016  1.40869  1.37015  1.37451  1.37820
  6997.48      1.4291  1.40013  1.40865  1.37018  1.37454  1.37823
  6995.98      1.4294  1.40009  1.40862  1.37021  1.37457  1.37826
  6994.48      1.4297  1.40007  1.40859  1.37021  1.37458  1.37826
  6992.98      1.4300  1.40004  1.40857  1.37020  1.37456  1.37825
  6991.48      1.4303  1.40003  1.40855  1.37017  1.37453  1.37822
  6989.98      1.4306  1.40001  1.40854  1.37014  1.37450  1.37819
  6988.48      1.4309  1.40002  1.40854  1.37011  1.37446  1.37816
  6986.98      1.4312  1.40002  1.40854  1.37008  1.37443  1.37813
  6985.48      1.4315  1.40003  1.40856  1.37005  1.37439  1.37810
  6983.98      1.4318  1.40004  1.40856  1.37002  1.37436  1.37807
  6982.48      1.4322  1.40005  1.40857  1.37001  1.37435  1.37806
  6980.98      1.4325  1.40005  1.40857  1.37001  1.37435  1.37805
  6979.48      1.4328  1.40004  1.40857  1.37002  1.37437  1.37807
  6977.98      1.4331  1.40004  1.40856  1.37003  1.37438  1.37808
  6976.48      1.4334  1.40002  1.40854  1.37005  1.37440  1.37810
  6974.98      1.4337  1.39999  1.40852  1.37006  1.37442  1.37811
  6973.48      1.4340  1.39998  1.40851  1.37007  1.37443  1.37812
  6971.98      1.4343  1.39998  1.40850  1.37008  1.37444  1.37813
  6970.48      1.4346  1.39998  1.40851  1.37008  1.37444  1.37813
  6968.98      1.4349  1.40000  1.40852  1.37008  1.37443  1.37813
  6967.48      1.4352  1.40001  1.40854  1.37008  1.37443  1.37812
  6965.98      1.4355  1.40004  1.40856  1.37007  1.37442  1.37812
  6964.48      1.4359  1.40006  1.40859  1.37007  1.37442  1.37812
  6962.98      1.4362  1.40009  1.40862  1.37008  1.37443  1.37813
  6961.48      1.4365  1.40011  1.40864  1.37009  1.37444  1.37814
  6959.98      1.4368  1.40012  1.40865  1.37009  1.37444  1.37814
  6958.48      1.4371  1.40014  1.40866  1.37009  1.37445  1.37814
  6956.98      1.4374  1.40014  1.40866  1.37009  1.37445  1.37814
  6955.48      1.4377  1.40013  1.40866  1.37008  1.37443  1.37813
  6953.98      1.4380  1.40013  1.40865  1.37007  1.37442  1.37812
  6952.48      1.4383  1.40011  1.40864  1.37005  1.37440  1.37810
  6950.98      1.4386  1.40009  1.40861  1.37003  1.37438  1.37807
  6949.48      1.4390  1.40007  1.40859  1.37000  1.37435  1.37804
  6947.98      1.4393  1.40004  1.40856  1.36996  1.37431  1.37801
  6946.48      1.4396  1.40000  1.40853  1.36993  1.37428  1.37798
  6944.98      1.4399  1.39996  1.40849  1.36990  1.37425  1.37795
  6943.48      1.4402  1.39993  1.40844  1.36990  1.37424  1.37794
  6941.98      1.4405  1.39989  1.40841  1.36990  1.37424  1.37795
  6940.48      1.4408  1.39988  1.40840  1.36991  1.37425  1.37796
  6938.98      1.4411  1.39987  1.40839  1.36993  1.37427  1.37798
  6937.48      1.4414  1.39987  1.40839  1.36995  1.37430  1.37800
  6935.98      1.4418  1.39988  1.40840  1.36999  1.37434  1.37804
  6934.48      1.4421  1.39990  1.40842  1.37004  1.37439  1.37809
  6932.98      1.4424  1.39991  1.40843  1.37008  1.37443  1.37813
  6931.48      1.4427  1.39993  1.40845  1.37011  1.37447  1.37816
  6929.98      1.4430  1.39994  1.40846  1.37013  1.37449  1.37818
  6928.48      1.4433  1.39994  1.40846  1.37013  1.37449  1.37818
  6926.98      1.4436  1.39993  1.40845  1.37012  1.37449  1.37818
  6925.48      1.4439  1.39991  1.40843  1.37011  1.37447  1.37816
  6923.98      1.4443  1.39988  1.40840  1.37008  1.37444  1.37814
  6922.48      1.4446  1.39987  1.40839  1.37005  1.37440  1.37810
  6920.98      1.4449  1.39987  1.40839  1.37002  1.37437  1.37807
  6919.48      1.4452  1.39986  1.40838  1.37000  1.37434  1.37805
  6917.98      1.4455  1.39986  1.40838  1.36998  1.37432  1.37803
  6916.48      1.4458  1.39986  1.40838  1.36997  1.37432  1.37802
  6914.98      1.4461  1.39987  1.40839  1.36997  1.37432  1.37802
  6913.48      1.4465  1.39989  1.40841  1.36998  1.37433  1.37803
  6911.98      1.4468  1.39991  1.40843  1.36999  1.37434  1.37804
  6910.48      1.4471  1.39991  1.40844  1.37000  1.37437  1.37805
  6908.98      1.4474  1.39991  1.40843  1.37002  1.37438  1.37807
  6907.48      1.4477  1.39989  1.40841  1.37002  1.37438  1.37807
  6905.98      1.4480  1.39989  1.40841  1.37001  1.37437  1.37807
  6904.48      1.4483  1.39986  1.40838  1.37000  1.37436  1.37805
  6902.98      1.4487  1.39984  1.40835  1.36999  1.37434  1.37804
  6901.48      1.4490  1.39980  1.40832  1.36996  1.37432  1.37801
  6899.98      1.4493  1.39976  1.40828  1.36994  1.37429  1.37799
  6898.48      1.4496  1.39973  1.40825  1.36992  1.37427  1.37797
  6896.98      1.4499  1.39972  1.40822  1.36989  1.37424  1.37794
  6895.48      1.4502  1.39970  1.40822  1.36986  1.37421  1.37791
  6893.98      1.4505  1.39969  1.40821  1.36983  1.37418  1.37788
  6892.48      1.4509  1.39970  1.40821  1.36981  1.37416  1.37786
  6890.98      1.4512  1.39971  1.40823  1.36979  1.37414  1.37783
  6889.48      1.4515  1.39973  1.40825  1.36977  1.37412  1.37781
  6887.98      1.4518  1.39976  1.40828  1.36974  1.37409  1.37778
  6886.48      1.4521  1.39977  1.40829  1.36972  1.37406  1.37776
  6884.98      1.4524  1.39979  1.40831  1.36969  1.37404  1.37773
  6883.48      1.4528  1.39981  1.40833  1.36966  1.37401  1.37771
  6881.98      1.4531  1.39983  1.40835  1.36965  1.37400  1.37769
  6880.47      1.4534  1.39985  1.40837  1.36963  1.37397  1.37767
  6878.97      1.4537  1.39985  1.40837  1.36961  1.37396  1.37765
  6877.47      1.4540  1.39987  1.40839  1.36959  1.37394  1.37763
  6875.97      1.4543  1.39988  1.40840  1.36957  1.37392  1.37761
  6874.47      1.4547  1.39990  1.40842  1.36954  1.37389  1.37758
  6872.97      1.4550  1.39991  1.40843  1.36952  1.37387  1.37756
  6871.47      1.4553  1.39992  1.40844  1.36950  1.37384  1.37754
  6869.97      1.4556  1.39992  1.40844  1.36948  1.37382  1.37752
  6868.47      1.4559  1.39992  1.40844  1.36945  1.37380  1.37749
  6866.97      1.4562  1.39993  1.40845  1.36943  1.37377  1.37747
  6865.47      1.4566  1.39992  1.40845  1.36942  1.37376  1.37746
  6863.97      1.4569  1.39991  1.40844  1.36942  1.37375  1.37745
  6862.47      1.4572  1.39991  1.40843  1.36942  1.37376  1.37746
  6860.97      1.4575  1.39988  1.40840  1.36943  1.37377  1.37747
  6859.47      1.4578  1.39985  1.40837  1.36943  1.37378  1.37747
  6857.97      1.4582  1.39981  1.40833  1.36945  1.37379  1.37749
  6856.47      1.4585  1.39976  1.40827  1.36946  1.37381  1.37750
  6854.97      1.4588  1.39971  1.40823  1.36949  1.37384  1.37753
  6853.47      1.4591  1.39965  1.40816  1.36951  1.37386  1.37755
  6851.97      1.4594  1.39959  1.40810  1.36952  1.37387  1.37755
  6850.47      1.4598  1.39953  1.40805  1.36951  1.37386  1.37755
  6848.97      1.4601  1.39949  1.40800  1.36951  1.37386  1.37754
  6847.47      1.4604  1.39946  1.40797  1.36950  1.37385  1.37754
  6845.97      1.4607  1.39944  1.40795  1.36950  1.37385  1.37754
  6844.47      1.4610  1.39943  1.40794  1.36949  1.37384  1.37753
  6842.97      1.4614  1.39942  1.40793  1.36949  1.37383  1.37753
  6841.47      1.4617  1.39943  1.40794  1.36947  1.37381  1.37751
  6839.97      1.4620  1.39944  1.40795  1.36946  1.37380  1.37750
  6838.47      1.4623  1.39944  1.40795  1.36946  1.37381  1.37750
  6836.97      1.4626  1.39945  1.40796  1.36947  1.37382  1.37751
  6835.47      1.4630  1.39946  1.40796  1.36948  1.37382  1.37751
  6833.97      1.4633  1.39947  1.40798  1.36949  1.37383  1.37752
  6832.47      1.4636  1.39947  1.40798  1.36949  1.37384  1.37753
  6830.97      1.4639  1.39947  1.40798  1.36949  1.37384  1.37753
  6829.47      1.4642  1.39947  1.40799  1.36949  1.37384  1.37753
  6827.97      1.4646  1.39948  1.40799  1.36949  1.37384  1.37753
  6826.47      1.4649  1.39950  1.40801  1.36949  1.37383  1.37753
  6824.97      1.4652  1.39952  1.40803  1.36949  1.37383  1.37753
  6823.47      1.4655  1.39954  1.40805  1.36948  1.37383  1.37752
  6821.97      1.4659  1.39955  1.40806  1.36948  1.37382  1.37751
  6820.47      1.4662  1.39958  1.40809  1.36947  1.37381  1.37751
  6818.97      1.4665  1.39960  1.40812  1.36946  1.37381  1.37750
  6817.47      1.4668  1.39963  1.40814  1.36946  1.37381  1.37750
  6815.97      1.4671  1.39966  1.40817  1.36946  1.37381  1.37749
  6814.47      1.4675  1.39967  1.40819  1.36944  1.37379  1.37748
  6812.97      1.4678  1.39968  1.40820  1.36942  1.37377  1.37745
  6811.47      1.4681  1.39969  1.40820  1.36940  1.37375  1.37744
  6809.97      1.4684  1.39969  1.40820  1.36938  1.37372  1.37742
  6808.47      1.4688  1.39968  1.40820  1.36937  1.37371  1.37740
  6806.97      1.4691  1.39967  1.40819  1.36934  1.37368  1.37738
  6805.47      1.4694  1.39966  1.40817  1.36933  1.37366  1.37736
  6803.97      1.4697  1.39964  1.40815  1.36930  1.37364  1.37734
  6802.47      1.4701  1.39962  1.40814  1.36930  1.37364  1.37733
  6800.97      1.4704  1.39962  1.40813  1.36930  1.37364  1.37733
  6799.47      1.4707  1.39961  1.40812  1.36931  1.37365  1.37734
  6797.97      1.4710  1.39960  1.40812  1.36932  1.37366  1.37735
  6796.47      1.4714  1.39959  1.40811  1.36933  1.37367  1.37736
  6794.97      1.4717  1.39959  1.40810  1.36934  1.37368  1.37737
  6793.47      1.4720  1.39957  1.40808  1.36937  1.37372  1.37741
  6791.97      1.4723  1.39956  1.40807  1.36940  1.37374  1.37743
  6790.47      1.4727  1.39954  1.40805  1.36942  1.37377  1.37746
  6788.97      1.4730  1.39952  1.40803  1.36945  1.37380  1.37749
  6787.47      1.4733  1.39952  1.40803  1.36946  1.37381  1.37750
  6785.97      1.4736  1.39951  1.40802  1.36949  1.37384  1.37752
  6784.47      1.4740  1.39951  1.40802  1.36950  1.37385  1.37753
  6782.97      1.4743  1.39951  1.40802  1.36950  1.37385  1.37754
  6781.47      1.4746  1.39952  1.40803  1.36950  1.37385  1.37754
  6779.97      1.4749  1.39953  1.40804  1.36949  1.37384  1.37753
  6778.47      1.4753  1.39954  1.40805  1.36949  1.37384  1.37752
  6776.97      1.4756  1.39955  1.40806  1.36946  1.37381  1.37750
  6775.47      1.4759  1.39954  1.40805  1.36945  1.37379  1.37748
  6773.97      1.4762  1.39953  1.40805  1.36942  1.37377  1.37746
  6772.47      1.4766  1.39952  1.40803  1.36940  1.37374  1.37744
  6770.97      1.4769  1.39952  1.40803  1.36939  1.37373  1.37742
  6769.47      1.4772  1.39951  1.40802  1.36937  1.37371  1.37740
  6767.97      1.4775  1.39950  1.40801  1.36936  1.37370  1.37739
  6766.47      1.4779  1.39949  1.40800  1.36934  1.37368  1.37737
  6764.97      1.4782  1.39949  1.40800  1.36933  1.37367  1.37737
  6763.47      1.4785  1.39949  1.40800  1.36932  1.37367  1.37736
  6761.97      1.4789  1.39949  1.40801  1.36932  1.37366  1.37736
  6760.47      1.4792  1.39950  1.40801  1.36932  1.37366  1.37735
  6758.97      1.4795  1.39949  1.40800  1.36930  1.37365  1.37734
  6757.47      1.4798  1.39948  1.40799  1.36930  1.37364  1.37733
  6755.97      1.4802  1.39947  1.40798  1.36928  1.37363  1.37732
  6754.47      1.4805  1.39946  1.40797  1.36928  1.37362  1.37732
  6752.97      1.4808  1.39945  1.40796  1.36929  1.37363  1.37732
  6751.47      1.4812  1.39944  1.40795  1.36929  1.37363  1.37732
  6749.96      1.4815  1.39941  1.40792  1.36929  1.37363  1.37732
  6748.46      1.4818  1.39938  1.40790  1.36928  1.37363  1.37732
  6746.96      1.4821  1.39937  1.40788  1.36927  1.37362  1.37731
  6745.46      1.4825  1.39935  1.40786  1.36927  1.37361  1.37730
  6743.96      1.4828  1.39934  1.40785  1.36926  1.37361  1.37730
  6742.46      1.4831  1.39932  1.40783  1.36925  1.37359  1.37728
  6740.96      1.4835  1.39931  1.40782  1.36922  1.37358  1.37725
  6739.46      1.4838  1.39931  1.40782  1.36918  1.37354  1.37722
  6737.96      1.4841  1.39932  1.40782  1.36915  1.37349  1.37718
  6736.46      1.4845  1.39933  1.40784  1.36911  1.37345  1.37714
  6734.96      1.4848  1.39934  1.40785  1.36908  1.37342  1.37711
  6733.46      1.4851  1.39934  1.40785  1.36905  1.37338  1.37708
  6731.96      1.4855  1.39934  1.40785  1.36901  1.37335  1.37704
  6730.46      1.4858  1.39934  1.40785  1.36898  1.37331  1.37701
  6728.96      1.4861  1.39933  1.40784  1.36894  1.37328  1.37697
  6727.46      1.4864  1.39933  1.40783  1.36893  1.37326  1.37696
  6725.96      1.4868  1.39931  1.40782  1.36892  1.37325  1.37694
  6724.46      1.4871  1.39931  1.40781  1.36892  1.37325  1.37694
  6722.96      1.4874  1.39931  1.40782  1.36891  1.37324  1.37693
  6721.46      1.4878  1.39932  1.40784  1.36889  1.37323  1.37692
  6719.96      1.4881  1.39935  1.40786  1.36889  1.37323  1.37691
  6718.46      1.4884  1.39938  1.40788  1.36888  1.37322  1.37691
  6716.96      1.4888  1.39940  1.40791  1.36888  1.37322  1.37691
  6715.46      1.4891  1.39943  1.40793  1.36888  1.37322  1.37691
  6713.96      1.4894  1.39943  1.40794  1.36888  1.37322  1.37690
  6712.46      1.4898  1.39943  1.40794  1.36886  1.37320  1.37689
  6710.96      1.4901  1.39942  1.40793  1.36886  1.37319  1.37688
  6709.46      1.4904  1.39939  1.40790  1.36885  1.37318  1.37687
  6707.96      1.4908  1.39936  1.40787  1.36884  1.37318  1.37687
  6706.46      1.4911  1.39933  1.40784  1.36884  1.37317  1.37686
  6704.96      1.4914  1.39929  1.40780  1.36884  1.37317  1.37686
  6703.46      1.4918  1.39927  1.40778  1.36884  1.37317  1.37686
  6701.96      1.4921  1.39926  1.40776  1.36885  1.37318  1.37687
  6700.46      1.4924  1.39926  1.40777  1.36886  1.37320  1.37689
  6698.96      1.4928  1.39929  1.40779  1.36889  1.37322  1.37691
  6697.46      1.4931  1.39932  1.40782  1.36891  1.37325  1.37693
  6695.96      1.4934  1.39936  1.40786  1.36893  1.37327  1.37696
  6694.46      1.4938  1.39939  1.40791  1.36895  1.37330  1.37698
  6692.96      1.4941  1.39944  1.40795  1.36896  1.37331  1.37698
  6691.46      1.4944  1.39948  1.40799  1.36896  1.37331  1.37698
  6689.96      1.4948  1.39951  1.40802  1.36895  1.37330  1.37698
  6688.46      1.4951  1.39952  1.40804  1.36893  1.37328  1.37696
  6686.96      1.4954  1.39952  1.40803  1.36891  1.37325  1.37693
  6685.46      1.4958  1.39950  1.40802  1.36888  1.37321  1.37690
  6683.96      1.4961  1.39949  1.40800  1.36884  1.37318  1.37687
  6682.46      1.4965  1.39946  1.40797  1.36881  1.37314  1.37683
  6680.96      1.4968  1.39943  1.40794  1.36878  1.37311  1.37680
  6679.46      1.4971  1.39939  1.40790  1.36876  1.37309  1.37678
  6677.96      1.4975  1.39936  1.40787  1.36874  1.37308  1.37677
  6676.46      1.4978  1.39935  1.40786  1.36874  1.37307  1.37677
  6674.96      1.4981  1.39934  1.40785  1.36874  1.37308  1.37677
  6673.46      1.4985  1.39934  1.40785  1.36874  1.37308  1.37676
  6671.96      1.4988  1.39933  1.40784  1.36874  1.37308  1.37676
  6670.46      1.4991  1.39933  1.40784  1.36875  1.37309  1.37677
  6668.96      1.4995  1.39933  1.40784  1.36877  1.37311  1.37679
  6667.46      1.4998  1.39933  1.40784  1.36879  1.37313  1.37681
  6665.96      1.5002  1.39932  1.40783  1.36879  1.37313  1.37682
  6664.46      1.5005  1.39932  1.40783  1.36880  1.37313  1.37682
  6662.96      1.5008  1.39932  1.40783  1.36880  1.37313  1.37682
  6661.46      1.5012  1.39934  1.40785  1.36880  1.37314  1.37682
  6659.96      1.5015  1.39936  1.40787  1.36881  1.37315  1.37683
  6658.46      1.5018  1.39938  1.40789  1.36882  1.37316  1.37685
  6656.96      1.5022  1.39940  1.40791  1.36883  1.37317  1.37686
  6655.46      1.5025  1.39942  1.40792  1.36884  1.37318  1.37687
  6653.96      1.5029  1.39942  1.40793  1.36885  1.37318  1.37688
  6652.46      1.5032  1.39942  1.40793  1.36886  1.37320  1.37688
  6650.96      1.5035  1.39940  1.40791  1.36887  1.37321  1.37689
  6649.46      1.5039  1.39938  1.40789  1.36887  1.37321  1.37689
  6647.96      1.5042  1.39935  1.40786  1.36887  1.37321  1.37689
  6646.46      1.5046  1.39934  1.40785  1.36886  1.37320  1.37689
  6644.96      1.5049  1.39932  1.40783  1.36884  1.37319  1.37687
  6643.46      1.5052  1.39932  1.40783  1.36882  1.37316  1.37684
  6641.96      1.5056  1.39933  1.40783  1.36879  1.37313  1.37681
  6640.46      1.5059  1.39933  1.40784  1.36875  1.37309  1.37678
  6638.96      1.5063  1.39933  1.40784  1.36871  1.37305  1.37673
  6637.46      1.5066  1.39932  1.40783  1.36867  1.37301  1.37670
  6635.96      1.5069  1.39932  1.40783  1.36864  1.37297  1.37666
  6634.46      1.5073  1.39931  1.40782  1.36860  1.37293  1.37663
  6632.96      1.5076  1.39931  1.40781  1.36859  1.37291  1.37661
  6631.46      1.5080  1.39930  1.40780  1.36857  1.37290  1.37659
  6629.96      1.5083  1.39929  1.40780  1.36857  1.37290  1.37659
  6628.46      1.5086  1.39928  1.40778  1.36858  1.37291  1.37660
  6626.96      1.5090  1.39927  1.40777  1.36859  1.37292  1.37661
  6625.46      1.5093  1.39926  1.40777  1.36862  1.37295  1.37664
  6623.96      1.5097  1.39924  1.40775  1.36864  1.37298  1.37666
  6622.46      1.5100  1.39923  1.40773  1.36866  1.37300  1.37668
  6620.96      1.5104  1.39920  1.40770  1.36867  1.37301  1.37669
  6619.46      1.5107  1.39918  1.40769  1.36867  1.37302  1.37669
  6617.96      1.5110  1.39916  1.40767  1.36868  1.37302  1.37670
  6616.46      1.5114  1.39916  1.40766  1.36868  1.37301  1.37670
  6614.96      1.5117  1.39915  1.40765  1.36867  1.37301  1.37669
  6613.46      1.5121  1.39915  1.40766  1.36866  1.37299  1.37668
  6611.95      1.5124  1.39916  1.40766  1.36866  1.37299  1.37668
  6610.45      1.5128  1.39915  1.40766  1.36865  1.37298  1.37667
  6608.95      1.5131  1.39914  1.40765  1.36865  1.37298  1.37667
  6607.45      1.5134  1.39912  1.40761  1.36866  1.37299  1.37668
  6605.95      1.5138  1.39907  1.40757  1.36866  1.37300  1.37668
  6604.45      1.5141  1.39903  1.40753  1.36868  1.37301  1.37670
  6602.95      1.5145  1.39900  1.40750  1.36868  1.37302  1.37670
  6601.45      1.5148  1.39897  1.40747  1.36870  1.37304  1.37672
  6599.95      1.5152  1.39895  1.40745  1.36871  1.37304  1.37674
  6598.45      1.5155  1.39895  1.40745  1.36872  1.37306  1.37674
  6596.95      1.5159  1.39897  1.40747  1.36872  1.37306  1.37674
  6595.45      1.5162  1.39901  1.40751  1.36871  1.37306  1.37674
  6593.95      1.5165  1.39905  1.40755  1.36870  1.37305  1.37673
  6592.45      1.5169  1.39909  1.40759  1.36869  1.37303  1.37671
  6590.95      1.5172  1.39911  1.40761  1.36866  1.37300  1.37668
  6589.45      1.5176  1.39911  1.40761  1.36863  1.37297  1.37665
  6587.95      1.5179  1.39910  1.40761  1.36858  1.37292  1.37660
  6586.45      1.5183  1.39908  1.40759  1.36853  1.37286  1.37655
  6584.95      1.5186  1.39907  1.40757  1.36849  1.37282  1.37651
  6583.45      1.5190  1.39904  1.40753  1.36845  1.37278  1.37647
  6581.95      1.5193  1.39902  1.40752  1.36842  1.37274  1.37643
  6580.45      1.5197  1.39902  1.40752  1.36838  1.37270  1.37640
  6578.95      1.5200  1.39902  1.40752  1.36837  1.37269  1.37638
  6577.45      1.5203  1.39904  1.40754  1.36836  1.37268  1.37637
  6575.95      1.5207  1.39906  1.40757  1.36836  1.37268  1.37637
  6574.45      1.5210  1.39908  1.40758  1.36836  1.37270  1.37638
  6572.95      1.5214  1.39909  1.40760  1.36837  1.37270  1.37638
  6571.45      1.5217  1.39909  1.40759  1.36837  1.37270  1.37638
  6569.95      1.5221  1.39906  1.40757  1.36836  1.37270  1.37637
  6568.45      1.5224  1.39902  1.40752  1.36835  1.37269  1.37637
  6566.95      1.5228  1.39898  1.40748  1.36834  1.37267  1.37635
  6565.45      1.5231  1.39895  1.40745  1.36832  1.37265  1.37634
  6563.95      1.5235  1.39893  1.40743  1.36830  1.37263  1.37631
  6562.45      1.5238  1.39892  1.40741  1.36828  1.37261  1.37629
  6560.95      1.5242  1.39891  1.40740  1.36826  1.37258  1.37627
  6559.45      1.5245  1.39892  1.40742  1.36824  1.37257  1.37625
  6557.95      1.5249  1.39894  1.40744  1.36822  1.37256  1.37624
  6556.45      1.5252  1.39896  1.40746  1.36821  1.37254  1.37622
  6554.95      1.5256  1.39897  1.40747  1.36820  1.37252  1.37621
  6553.45      1.5259  1.39897  1.40747  1.36818  1.37251  1.37619
  6551.95      1.5263  1.39897  1.40747  1.36818  1.37251  1.37619
  6550.45      1.5266  1.39895  1.40745  1.36819  1.37251  1.37620
  6548.95      1.5270  1.39893  1.40743  1.36819  1.37251  1.37620
  6547.45      1.5273  1.39890  1.40740  1.36819  1.37252  1.37621
  6545.95      1.5277  1.39887  1.40737  1.36820  1.37253  1.37621
  6544.45      1.5280  1.39885  1.40734  1.36821  1.37254  1.37622
  6542.95      1.5284  1.39882  1.40732  1.36821  1.37255  1.37623
  6541.45      1.5287  1.39879  1.40728  1.36821  1.37255  1.37622
  6539.95      1.5291  1.39875  1.40725  1.36819  1.37253  1.37621
  6538.45      1.5294  1.39873  1.40722  1.36818  1.37251  1.37619
  6536.95      1.5298  1.39871  1.40720  1.36815  1.37248  1.37616
  6535.45      1.5301  1.39870  1.40719  1.36813  1.37246  1.37614
  6533.95      1.5305  1.39870  1.40719  1.36810  1.37243  1.37612
  6532.45      1.5308  1.39870  1.40719  1.36808  1.37240  1.37609
  6530.95      1.5312  1.39870  1.40719  1.36806  1.37238  1.37607
  6529.45      1.5315  1.39871  1.40720  1.36804  1.37236  1.37604
  6527.95      1.5319  1.39871  1.40720  1.36803  1.37236  1.37604
  6526.45      1.5322  1.39871  1.40720  1.36802  1.37235  1.37603
  6524.95      1.5326  1.39871  1.40720  1.36802  1.37235  1.37603
  6523.45      1.5329  1.39869  1.40718  1.36801  1.37234  1.37602
  6521.95      1.5333  1.39867  1.40717  1.36802  1.37234  1.37602
  6520.45      1.5336  1.39865  1.40714  1.36803  1.37235  1.37604
  6518.95      1.5340  1.39862  1.40712  1.36804  1.37237  1.37606
  6517.45      1.5343  1.39861  1.40710  1.36807  1.37239  1.37607
  6515.95      1.5347  1.39858  1.40707  1.36807  1.37241  1.37608
  6514.45      1.5350  1.39857  1.40706  1.36808  1.37241  1.37608
  6512.95      1.5354  1.39856  1.40705  1.36808  1.37241  1.37609
  6511.45      1.5358  1.39856  1.40705  1.36808  1.37242  1.37609
  6509.95      1.5361  1.39855  1.40704  1.36807  1.37241  1.37608
  6508.45      1.5365  1.39855  1.40703  1.36806  1.37239  1.37606
  6506.95      1.5368  1.39854  1.40703  1.36802  1.37235  1.37603
  6505.45      1.5372  1.39853  1.40702  1.36798  1.37231  1.37599
  6503.95      1.5375  1.39853  1.40702  1.36795  1.37227  1.37596
  6502.45      1.5379  1.39851  1.40699  1.36793  1.37225  1.37593
  6500.95      1.5382  1.39849  1.40697  1.36792  1.37224  1.37592
  6499.45      1.5386  1.39845  1.40694  1.36790  1.37222  1.37591
  6497.95      1.5389  1.39844  1.40693  1.36790  1.37221  1.37590
  6496.45      1.5393  1.39843  1.40691  1.36789  1.37221  1.37590
  6494.95      1.5397  1.39842  1.40691  1.36790  1.37222  1.37590
  6493.45      1.5400  1.39842  1.40691  1.36791  1.37224  1.37592
  6491.95      1.5404  1.39843  1.40692  1.36793  1.37226  1.37594
  6490.45      1.5407  1.39845  1.40693  1.36794  1.37227  1.37594
  6488.95      1.5411  1.39847  1.40697  1.36794  1.37227  1.37595
  6487.45      1.5414  1.39850  1.40699  1.36794  1.37227  1.37595
  6485.95      1.5418  1.39852  1.40701  1.36793  1.37226  1.37594
  6484.45      1.5422  1.39853  1.40701  1.36792  1.37225  1.37592
  6482.95      1.5425  1.39853  1.40702  1.36789  1.37223  1.37590
  6481.44      1.5429  1.39853  1.40701  1.36787  1.37220  1.37587
  6479.94      1.5432  1.39851  1.40700  1.36784  1.37217  1.37584
  6478.44      1.5436  1.39849  1.40698  1.36780  1.37213  1.37581
  6476.94      1.5439  1.39847  1.40696  1.36777  1.37210  1.37578
  6475.44      1.5443  1.39844  1.40693  1.36774  1.37206  1.37574
  6473.94      1.5447  1.39843  1.40692  1.36771  1.37203  1.37572
  6472.44      1.5450  1.39842  1.40690  1.36769  1.37201  1.37569
  6470.94      1.5454  1.39841  1.40690  1.36769  1.37200  1.37569
  6469.44      1.5457  1.39841  1.40689  1.36769  1.37200  1.37569
  6467.94      1.5461  1.39841  1.40690  1.36769  1.37201  1.37569
  6466.44      1.5464  1.39842  1.40691  1.36770  1.37202  1.37570
  6464.94      1.5468  1.39843  1.40692  1.36772  1.37205  1.37572
  6463.44      1.5472  1.39843  1.40692  1.36773  1.37206  1.37573
  6461.94      1.5475  1.39842  1.40691  1.36775  1.37208  1.37575
  6460.44      1.5479  1.39841  1.40689  1.36775  1.37208  1.37575
  6458.94      1.5482  1.39838  1.40686  1.36775  1.37208  1.37576
  6457.44      1.5486  1.39835  1.40683  1.36775  1.37208  1.37575
  6455.94      1.5490  1.39832  1.40680  1.36774  1.37206  1.37574
  6454.44      1.5493  1.39829  1.40677  1.36772  1.37205  1.37573
  6452.94      1.5497  1.39825  1.40674  1.36770  1.37202  1.37570
  6451.44      1.5500  1.39823  1.40671  1.36768  1.37200  1.37568
  6449.94      1.5504  1.39821  1.40669  1.36766  1.37198  1.37566
  6448.44      1.5508  1.39820  1.40669  1.36764  1.37197  1.37564
  6446.94      1.5511  1.39820  1.40668  1.36763  1.37195  1.37563
  6445.44      1.5515  1.39820  1.40668  1.36760  1.37193  1.37560
  6443.94      1.5518  1.39819  1.40667  1.36758  1.37191  1.37558
  6442.44      1.5522  1.39816  1.40665  1.36755  1.37188  1.37555
  6440.94      1.5526  1.39815  1.40662  1.36752  1.37185  1.37552
  6439.44      1.5529  1.39813  1.40661  1.36749  1.37181  1.37549
  6437.94      1.5533  1.39811  1.40659  1.36745  1.37177  1.37545
  6436.44      1.5537  1.39809  1.40657  1.36742  1.37174  1.37542
  6434.94      1.5540  1.39808  1.40656  1.36739  1.37171  1.37539
  6433.44      1.5544  1.39809  1.40656  1.36737  1.37169  1.37537
  6431.94      1.5547  1.39810  1.40657  1.36735  1.37166  1.37534
  6430.44      1.5551  1.39810  1.40658  1.36734  1.37165  1.37533
  6428.94      1.5555  1.39811  1.40659  1.36732  1.37164  1.37531
  6427.44      1.5558  1.39811  1.40658  1.36732  1.37163  1.37531
  6425.94      1.5562  1.39810  1.40658  1.36732  1.37164  1.37531
  6424.44      1.5566  1.39808  1.40656  1.36732  1.37164  1.37531
  6422.94      1.5569  1.39807  1.40654  1.36732  1.37164  1.37531
  6421.44      1.5573  1.39804  1.40651  1.36732  1.37164  1.37531
  6419.94      1.5576  1.39802  1.40649  1.36732  1.37164  1.37531
  6418.44      1.5580  1.39800  1.40648  1.36732  1.37164  1.37532
  6416.94      1.5584  1.39800  1.40647  1.36733  1.37165  1.37532
  6415.44      1.5587  1.39801  1.40648  1.36732  1.37165  1.37532
  6413.94      1.5591  1.39801  1.40649  1.36732  1.37164  1.37531
  6412.44      1.5595  1.39803  1.40650  1.36731  1.37163  1.37530
  6410.94      1.5598  1.39805  1.40652  1.36730  1.37162  1.37529
  6409.44      1.5602  1.39807  1.40654  1.36730  1.37162  1.37529
  6407.94      1.5606  1.39808  1.40656  1.36730  1.37162  1.37529
  6406.44      1.5609  1.39808  1.40656  1.36731  1.37162  1.37530
  6404.94      1.5613  1.39806  1.40654  1.36732  1.37163  1.37531
  6403.44      1.5617  1.39805  1.40652  1.36733  1.37165  1.37533
  6401.94      1.5620  1.39802  1.40650  1.36736  1.37168  1.37535
  6400.44      1.5624  1.39800  1.40647  1.36739  1.37171  1.37538
  6398.94      1.5628  1.39797  1.40645  1.36741  1.37174  1.37540
  6397.44      1.5631  1.39794  1.40642  1.36742  1.37175  1.37542
  6395.94      1.5635  1.39793  1.40641  1.36742  1.37176  1.37542
  6394.44      1.5639  1.39792  1.40640  1.36742  1.37175  1.37541
  6392.94      1.5642  1.39792  1.40640  1.36741  1.37174  1.37540
  6391.44      1.5646  1.39793  1.40640  1.36738  1.37171  1.37537
  6389.94      1.5650  1.39793  1.40640  1.36735  1.37167  1.37534
  6388.44      1.5653  1.39795  1.40642  1.36731  1.37163  1.37530
  6386.94      1.5657  1.39795  1.40643  1.36727  1.37159  1.37526
  6385.44      1.5661  1.39796  1.40643  1.36722  1.37154  1.37521
  6383.94      1.5664  1.39796  1.40643  1.36717  1.37149  1.37516
  6382.44      1.5668  1.39795  1.40643  1.36712  1.37144  1.37511
  6380.94      1.5672  1.39795  1.40642  1.36707  1.37139  1.37506
  6379.44      1.5675  1.39794  1.40642  1.36703  1.37134  1.37501
  6377.94      1.5679  1.39793  1.40641  1.36700  1.37130  1.37498
  6376.44      1.5683  1.39793  1.40640  1.36697  1.37128  1.37496
  6374.94      1.5686  1.39792  1.40639  1.36695  1.37125  1.37493
  6373.44      1.5690  1.39792  1.40639  1.36693  1.37124  1.37492
  6371.94      1.5694  1.39791  1.40638  1.36694  1.37124  1.37492
  6370.44      1.5698  1.39790  1.40638  1.36696  1.37127  1.37494
  6368.94      1.5701  1.39789  1.40637  1.36699  1.37130  1.37498
  6367.44      1.5705  1.39787  1.40634  1.36703  1.37134  1.37502
  6365.94      1.5709  1.39786  1.40633  1.36706  1.37139  1.37505
  6364.44      1.5712  1.39783  1.40631  1.36710  1.37142  1.37508
  6362.94      1.5716  1.39782  1.40628  1.36712  1.37145  1.37511
  6361.44      1.5720  1.39780  1.40627  1.36715  1.37148  1.37514
  6359.94      1.5723  1.39777  1.40625  1.36717  1.37150  1.37515
  6358.44      1.5727  1.39776  1.40623  1.36718  1.37150  1.37517
  6356.94      1.5731  1.39776  1.40623  1.36718  1.37150  1.37517
  6355.44      1.5735  1.39776  1.40623  1.36718  1.37150  1.37517
  6353.94      1.5738  1.39777  1.40624  1.36716  1.37148  1.37515
  6352.44      1.5742  1.39777  1.40624  1.36715  1.37147  1.37514
  6350.94      1.5746  1.39779  1.40626  1.36713  1.37145  1.37512
  6349.44      1.5749  1.39780  1.40627  1.36711  1.37143  1.37510
  6347.94      1.5753  1.39782  1.40629  1.36709  1.37141  1.37508
  6346.44      1.5757  1.39784  1.40632  1.36707  1.37138  1.37505
  6344.94      1.5761  1.39785  1.40632  1.36704  1.37135  1.37502
  6343.43      1.5764  1.39785  1.40632  1.36700  1.37132  1.37499
  6341.93      1.5768  1.39785  1.40632  1.36697  1.37128  1.37495
  6340.43      1.5772  1.39785  1.40632  1.36694  1.37125  1.37492
  6338.93      1.5776  1.39784  1.40631  1.36690  1.37121  1.37488
  6337.43      1.5779  1.39781  1.40629  1.36687  1.37118  1.37485
  6335.93      1.5783  1.39779  1.40626  1.36685  1.37115  1.37483
  6334.43      1.5787  1.39776  1.40624  1.36682  1.37113  1.37480
  6332.93      1.5790  1.39774  1.40621  1.36679  1.37110  1.37478
  6331.43      1.5794  1.39772  1.40619  1.36678  1.37109  1.37476
  6329.93      1.5798  1.39769  1.40616  1.36676  1.37107  1.37474
  6328.43      1.5802  1.39767  1.40613  1.36675  1.37106  1.37473
  6326.93      1.5805  1.39764  1.40611  1.36675  1.37106  1.37473
  6325.43      1.5809  1.39761  1.40608  1.36674  1.37105  1.37472
  6323.93      1.5813  1.39758  1.40605  1.36674  1.37105  1.37472
  6322.43      1.5817  1.39755  1.40601  1.36673  1.37105  1.37471
  6320.93      1.5820  1.39750  1.40597  1.36672  1.37104  1.37470
  6319.43      1.5824  1.39747  1.40593  1.36672  1.37103  1.37470
  6317.93      1.5828  1.39743  1.40590  1.36673  1.37104  1.37470
  6316.43      1.5832  1.39740  1.40586  1.36673  1.37105  1.37471
  6314.93      1.5835  1.39739  1.40585  1.36673  1.37104  1.37471
  6313.43      1.5839  1.39738  1.40584  1.36672  1.37103  1.37470
  6311.93      1.5843  1.39738  1.40584  1.36672  1.37103  1.37470
  6310.43      1.5847  1.39740  1.40586  1.36672  1.37103  1.37470
  6308.93      1.5851  1.39742  1.40588  1.36672  1.37103  1.37470
  6307.43      1.5854  1.39745  1.40591  1.36673  1.37104  1.37471
  6305.93      1.5858  1.39747  1.40594  1.36673  1.37105  1.37471
  6304.43      1.5862  1.39750  1.40596  1.36673  1.37104  1.37471
  6302.93      1.5866  1.39751  1.40598  1.36673  1.37104  1.37471
  6301.43      1.5869  1.39752  1.40598  1.36673  1.37104  1.37471
  6299.93      1.5873  1.39752  1.40598  1.36673  1.37105  1.37471
  6298.43      1.5877  1.39752  1.40598  1.36673  1.37104  1.37471
  6296.93      1.5881  1.39751  1.40597  1.36672  1.37103  1.37470
  6295.43      1.5885  1.39750  1.40596  1.36671  1.37102  1.37469
  6293.93      1.5888  1.39749  1.40595  1.36668  1.37100  1.37466
  6292.43      1.5892  1.39747  1.40594  1.36667  1.37097  1.37465
  6290.93      1.5896  1.39747  1.40593  1.36665  1.37096  1.37462
  6289.43      1.5900  1.39745  1.40592  1.36663  1.37094  1.37460
  6287.93      1.5903  1.39745  1.40591  1.36661  1.37092  1.37459
  6286.43      1.5907  1.39744  1.40590  1.36659  1.37090  1.37457
  6284.93      1.5911  1.39743  1.40590  1.36657  1.37088  1.37455
  6283.43      1.5915  1.39742  1.40588  1.36656  1.37086  1.37453
  6281.93      1.5919  1.39742  1.40587  1.36656  1.37086  1.37453
  6280.43      1.5922  1.39741  1.40587  1.36656  1.37087  1.37454
  6278.93      1.5926  1.39741  1.40586  1.36656  1.37087  1.37454
  6277.43      1.5930  1.39740  1.40586  1.36657  1.37088  1.37455
  6275.93      1.5934  1.39738  1.40584  1.36658  1.37089  1.37455
  6274.43      1.5938  1.39735  1.40580  1.36658  1.37089  1.37456
  6272.93      1.5942  1.39732  1.40577  1.36659  1.37091  1.37457
  6271.43      1.5945  1.39728  1.40574  1.36660  1.37091  1.37458
  6269.93      1.5949  1.39724  1.40571  1.36661  1.37092  1.37459
  6268.43      1.5953  1.39721  1.40567  1.36661  1.37092  1.37459
  6266.93      1.5957  1.39717  1.40563  1.36661  1.37092  1.37459
  6265.43      1.5961  1.39714  1.40560  1.36661  1.37092  1.37458
  6263.93      1.5964  1.39712  1.40557  1.36660  1.37091  1.37458
  6262.43      1.5968  1.39709  1.40555  1.36660  1.37091  1.37458
  6260.93      1.5972  1.39708  1.40553  1.36660  1.37091  1.37458
  6259.43      1.5976  1.39706  1.40552  1.36659  1.37091  1.37457
  6257.93      1.5980  1.39706  1.40551  1.36658  1.37090  1.37456
  6256.43      1.5984  1.39706  1.40551  1.36656  1.37088  1.37454
  6254.93      1.5987  1.39706  1.40551  1.36654  1.37086  1.37452
  6253.43      1.5991  1.39706  1.40551  1.36652  1.37083  1.37450
  6251.93      1.5995  1.39707  1.40552  1.36650  1.37081  1.37448
  6250.43      1.5999  1.39707  1.40552  1.36648  1.37079  1.37445
  6248.93      1.6003  1.39709  1.40554  1.36645  1.37076  1.37443
  6247.43      1.6007  1.39709  1.40555  1.36643  1.37074  1.37440
  6245.93      1.6010  1.39710  1.40556  1.36641  1.37071  1.37438
  6244.43      1.6014  1.39711  1.40556  1.36639  1.37070  1.37437
  6242.93      1.6018  1.39712  1.40557  1.36638  1.37068  1.37435
  6241.43      1.6022  1.39713  1.40558  1.36637  1.37068  1.37434
  6239.93      1.6026  1.39713  1.40558  1.36635  1.37066  1.37432
  6238.43      1.6030  1.39711  1.40557  1.36635  1.37065  1.37432
  6236.93      1.6034  1.39710  1.40556  1.36633  1.37064  1.37431
  6235.43      1.6037  1.39709  1.40554  1.36633  1.37064  1.37430
  6233.93      1.6041  1.39708  1.40554  1.36633  1.37064  1.37430
  6232.43      1.6045  1.39706  1.40552  1.36633  1.37064  1.37430
  6230.93      1.6049  1.39705  1.40549  1.36633  1.37064  1.37430
  6229.43      1.6053  1.39704  1.40549  1.36633  1.37064  1.37430
  6227.93      1.6057  1.39704  1.40549  1.36633  1.37064  1.37430
  6226.43      1.6061  1.39705  1.40551  1.36633  1.37064  1.37430
  6224.93      1.6064  1.39707  1.40552  1.36633  1.37064  1.37431
  6223.43      1.6068  1.39708  1.40553  1.36633  1.37064  1.37430
  6221.93      1.6072  1.39708  1.40553  1.36631  1.37062  1.37428
  6220.43      1.6076  1.39708  1.40553  1.36629  1.37060  1.37426
  6218.93      1.6080  1.39707  1.40553  1.36626  1.37057  1.37423
  6217.43      1.6084  1.39707  1.40552  1.36621  1.37052  1.37418
  6215.93      1.6088  1.39704  1.40549  1.36617  1.37048  1.37414
  6214.43      1.6092  1.39701  1.40546  1.36614  1.37044  1.37411
  6212.92      1.6095  1.39699  1.40544  1.36609  1.37039  1.37406
  6211.42      1.6099  1.39697  1.40543  1.36605  1.37035  1.37401
  6209.92      1.6103  1.39697  1.40543  1.36601  1.37031  1.37398
  6208.42      1.6107  1.39698  1.40543  1.36598  1.37028  1.37395
  6206.92      1.6111  1.39698  1.40543  1.36597  1.37027  1.37393
  6205.42      1.6115  1.39699  1.40544  1.36597  1.37026  1.37393
  6203.92      1.6119  1.39700  1.40545  1.36597  1.37027  1.37393
  6202.42      1.6123  1.39700  1.40545  1.36598  1.37028  1.37394
  6200.92      1.6127  1.39700  1.40545  1.36599  1.37029  1.37395
  6199.42      1.6131  1.39697  1.40543  1.36601  1.37031  1.37397
  6197.92      1.6134  1.39695  1.40540  1.36603  1.37034  1.37399
  6196.42      1.6138  1.39693  1.40538  1.36603  1.37034  1.37400
  6194.92      1.6142  1.39690  1.40535  1.36603  1.37034  1.37399
  6193.42      1.6146  1.39689  1.40534  1.36602  1.37033  1.37398
  6191.92      1.6150  1.39687  1.40532  1.36600  1.37031  1.37396
  6190.42      1.6154  1.39687  1.40532  1.36599  1.37029  1.37395
  6188.92      1.6158  1.39686  1.40531  1.36597  1.37027  1.37393
  6187.42      1.6162  1.39686  1.40531  1.36595  1.37025  1.37392
  6185.92      1.6166  1.39686  1.40531  1.36593  1.37023  1.37389
  6184.42      1.6170  1.39684  1.40529  1.36591  1.37020  1.37387
  6182.92      1.6174  1.39683  1.40528  1.36590  1.37020  1.37386
  6181.42      1.6178  1.39681  1.40526  1.36588  1.37019  1.37384
  6179.92      1.6181  1.39680  1.40524  1.36587  1.37017  1.37383
  6178.42      1.6185  1.39677  1.40522  1.36584  1.37015  1.37380
  6176.92      1.6189  1.39676  1.40521  1.36580  1.37011  1.37376
  6175.42      1.6193  1.39674  1.40518  1.36577  1.37007  1.37373
  6173.92      1.6197  1.39672  1.40516  1.36574  1.37004  1.37369
  6172.42      1.6201  1.39670  1.40515  1.36571  1.37000  1.37366
  6170.92      1.6205  1.39670  1.40513  1.36568  1.36997  1.37364
  6169.42      1.6209  1.39668  1.40512  1.36566  1.36995  1.37362
  6167.92      1.6213  1.39666  1.40510  1.36565  1.36994  1.37361
  6166.42      1.6217  1.39664  1.40508  1.36566  1.36995  1.37362
  6164.92      1.6221  1.39661  1.40505  1.36568  1.36997  1.37365
  6163.42      1.6225  1.39659  1.40504  1.36571  1.37001  1.37367
  6161.92      1.6229  1.39657  1.40502  1.36574  1.37004  1.37370
  6160.42      1.6233  1.39657  1.40500  1.36575  1.37006  1.37371
  6158.92      1.6237  1.39655  1.40500  1.36577  1.37008  1.37372
  6157.42      1.6241  1.39654  1.40499  1.36577  1.37008  1.37373
  6155.92      1.6245  1.39654  1.40498  1.36577  1.37008  1.37373
  6154.42      1.6248  1.39654  1.40498  1.36575  1.37006  1.37371
  6152.92      1.6252  1.39653  1.40498  1.36572  1.37003  1.37368
  6151.42      1.6256  1.39653  1.40497  1.36569  1.36999  1.37365
  6149.92      1.6260  1.39653  1.40497  1.36564  1.36994  1.37360
  6148.42      1.6264  1.39652  1.40496  1.36561  1.36991  1.37356
  6146.92      1.6268  1.39652  1.40497  1.36558  1.36987  1.37353
  6145.42      1.6272  1.39653  1.40497  1.36554  1.36984  1.37350
  6143.92      1.6276  1.39654  1.40498  1.36551  1.36981  1.37347
  6142.42      1.6280  1.39655  1.40499  1.36549  1.36978  1.37344
  6140.92      1.6284  1.39655  1.40499  1.36546  1.36976  1.37342
  6139.42      1.6288  1.39656  1.40500  1.36545  1.36975  1.37341
  6137.92      1.6292  1.39656  1.40500  1.36543  1.36973  1.37339
  6136.42      1.6296  1.39655  1.40500  1.36542  1.36972  1.37338
  6134.92      1.6300  1.39654  1.40498  1.36541  1.36970  1.37336
  6133.42      1.6304  1.39653  1.40496  1.36540  1.36969  1.37335
  6131.92      1.6308  1.39651  1.40495  1.36539  1.36968  1.37334
  6130.42      1.6312  1.39648  1.40493  1.36538  1.36968  1.37333
  6128.92      1.6316  1.39647  1.40491  1.36537  1.36966  1.37332
  6127.42      1.6320  1.39644  1.40488  1.36535  1.36964  1.37330
  6125.92      1.6324  1.39643  1.40487  1.36534  1.36964  1.37329
  6124.42      1.6328  1.39641  1.40485  1.36534  1.36963  1.37329
  6122.92      1.6332  1.39640  1.40484  1.36535  1.36964  1.37330
  6121.42      1.6336  1.39638  1.40482  1.36536  1.36965  1.37331
  6119.92      1.6340  1.39637  1.40480  1.36537  1.36966  1.37332
  6118.42      1.6344  1.39635  1.40479  1.36538  1.36968  1.37333
  6116.92      1.6348  1.39633  1.40477  1.36539  1.36969  1.37335
  6115.42      1.6352  1.39632  1.40476  1.36540  1.36970  1.37335
  6113.92      1.6356  1.39630  1.40473  1.36541  1.36972  1.37337
  6112.42      1.6360  1.39628  1.40471  1.36542  1.36972  1.37337
  6110.92      1.6364  1.39625  1.40469  1.36541  1.36971  1.37336
  6109.42      1.6368  1.39624  1.40468  1.36540  1.36970  1.37335
  6107.92      1.6372  1.39623  1.40466  1.36537  1.36967  1.37332
  6106.42      1.6376  1.39622  1.40466  1.36535  1.36964  1.37330
  6104.92      1.6380  1.39622  1.40465  1.36532  1.36961  1.37327
  6103.42      1.6384  1.39622  1.40465  1.36529  1.36959  1.37324
  6101.92      1.6388  1.39622  1.40465  1.36527  1.36956  1.37322
  6100.42      1.6392  1.39622  1.40466  1.36525  1.36954  1.37320
  6098.92      1.6396  1.39622  1.40466  1.36523  1.36952  1.37317
  6097.42      1.6400  1.39622  1.40466  1.36520  1.36949  1.37315
  6095.92      1.6404  1.39622  1.40465  1.36519  1.36948  1.37313
  6094.42      1.6408  1.39621  1.40464  1.36518  1.36947  1.37313
  6092.92      1.6413  1.39620  1.40462  1.36518  1.36947  1.37313
  6091.42      1.6417  1.39618  1.40462  1.36519  1.36948  1.37313
  6089.92      1.6421  1.39618  1.40460  1.36519  1.36948  1.37314
  6088.42      1.6425  1.39616  1.40459  1.36519  1.36948  1.37314
  6086.92      1.6429  1.39614  1.40457  1.36519  1.36949  1.37314
  6085.42      1.6433  1.39612  1.40455  1.36519  1.36949  1.37314
  6083.92      1.6437  1.39610  1.40453  1.36520  1.36950  1.37315
  6082.42      1.6441  1.39609  1.40452  1.36520  1.36950  1.37315
  6080.92      1.6445  1.39607  1.40450  1.36518  1.36948  1.37313
  6079.42      1.6449  1.39607  1.40449  1.36517  1.36946  1.37311
  6077.92      1.6453  1.39606  1.40449  1.36514  1.36943  1.37309
  6076.42      1.6457  1.39606  1.40449  1.36512  1.36941  1.37307
  6074.91      1.6461  1.39607  1.40450  1.36512  1.36941  1.37306
  6073.41      1.6465  1.39609  1.40452  1.36511  1.36940  1.37306
  6071.91      1.6469  1.39610  1.40453  1.36510  1.36939  1.37305
  6070.41      1.6473  1.39613  1.40456  1.36509  1.36938  1.37303
  6068.91      1.6477  1.39615  1.40458  1.36508  1.36937  1.37302
  6067.41      1.6481  1.39617  1.40460  1.36506  1.36936  1.37301
  6065.91      1.6486  1.39618  1.40462  1.36506  1.36936  1.37300
  6064.41      1.6490  1.39619  1.40462  1.36503  1.36933  1.37298
  6062.91      1.6494  1.39618  1.40461  1.36500  1.36929  1.37294
  6061.41      1.6498  1.39616  1.40460  1.36496  1.36925  1.37291
  6059.91      1.6502  1.39614  1.40456  1.36492  1.36921  1.37286
  6058.41      1.6506  1.39609  1.40453  1.36488  1.36917  1.37282
  6056.91      1.6510  1.39605  1.40447  1.36485  1.36914  1.37279
  6055.41      1.6514  1.39599  1.40442  1.36480  1.36909  1.37274
  6053.91      1.6518  1.39593  1.40436  1.36477  1.36905  1.37271
  6052.41      1.6522  1.39588  1.40430  1.36474  1.36902  1.37268
  6050.91      1.6526  1.39583  1.40426  1.36472  1.36900  1.37266
  6049.41      1.6531  1.39580  1.40422  1.36470  1.36899  1.37264
  6047.91      1.6535  1.39577  1.40418  1.36470  1.36898  1.37263
  6046.41      1.6539  1.39574  1.40416  1.36469  1.36898  1.37263
  6044.91      1.6543  1.39572  1.40414  1.36469  1.36898  1.37263
  6043.41      1.6547  1.39570  1.40412  1.36470  1.36898  1.37263
  6041.91      1.6551  1.39569  1.40412  1.36470  1.36899  1.37264
  6040.41      1.6555  1.39569  1.40411  1.36470  1.36900  1.37264
  6038.91      1.6559  1.39568  1.40410  1.36470  1.36900  1.37264
  6037.41      1.6563  1.39569  1.40411  1.36470  1.36899  1.37263
  6035.91      1.6568  1.39569  1.40412  1.36468  1.36897  1.37262
  6034.41      1.6572  1.39572  1.40414  1.36467  1.36896  1.37261
  6032.91      1.6576  1.39574  1.40416  1.36466  1.36894  1.37259
  6031.41      1.6580  1.39575  1.40417  1.36465  1.36893  1.37259
  6029.91      1.6584  1.39576  1.40418  1.36465  1.36893  1.37259
  6028.41      1.6588  1.39576  1.40418  1.36466  1.36894  1.37259
  6026.91      1.6592  1.39576  1.40419  1.36467  1.36895  1.37260
  6025.41      1.6596  1.39576  1.40417  1.36467  1.36896  1.37261
  6023.91      1.6601  1.39574  1.40416  1.36469  1.36898  1.37262
  6022.41      1.6605  1.39570  1.40413  1.36469  1.36899  1.37263
  6020.91      1.6609  1.39567  1.40409  1.36469  1.36899  1.37262
  6019.41      1.6613  1.39564  1.40406  1.36467  1.36897  1.37260
  6017.91      1.6617  1.39562  1.40404  1.36464  1.36893  1.37257
  6016.41      1.6621  1.39560  1.40402  1.36460  1.36889  1.37253
  6014.91      1.6625  1.39558  1.40400  1.36455  1.36883  1.37248
  6013.41      1.6629  1.39555  1.40397  1.36449  1.36878  1.37243
  6011.91      1.6634  1.39552  1.40394  1.36445  1.36873  1.37238
  6010.41      1.6638  1.39551  1.40393  1.36441  1.36868  1.37234
  6008.91      1.6642  1.39550  1.40391  1.36438  1.36865  1.37231
  6007.41      1.6646  1.39547  1.40389  1.36436  1.36863  1.37228
  6005.91      1.6650  1.39544  1.40385  1.36434  1.36862  1.37227
  6004.41      1.6654  1.39540  1.40381  1.36433  1.36862  1.37226
  6002.91      1.6659  1.39536  1.40377  1.36433  1.36861  1.37225
  6001.41      1.6663  1.39532  1.40373  1.36432  1.36861  1.37225
  5999.91      1.6667  1.39529  1.40370  1.36432  1.36861  1.37225
  5998.41      1.6671  1.39526  1.40367  1.36432  1.36861  1.37225
  5996.91      1.6675  1.39525  1.40366  1.36430  1.36859  1.37223
  5995.41      1.6679  1.39523  1.40364  1.36428  1.36856  1.37221
  5993.91      1.6684  1.39522  1.40363  1.36426  1.36854  1.37218
  5992.41      1.6688  1.39521  1.40362  1.36423  1.36851  1.37216
  5990.91      1.6692  1.39522  1.40363  1.36421  1.36849  1.37214
  5989.41      1.6696  1.39523  1.40364  1.36418  1.36846  1.37210
  5987.91      1.6700  1.39523  1.40364  1.36415  1.36843  1.37208
  5986.41      1.6705  1.39522  1.40363  1.36412  1.36840  1.37205
  5984.91      1.6709  1.39519  1.40360  1.36410  1.36838  1.37202
  5983.41      1.6713  1.39518  1.40359  1.36408  1.36836  1.37201
  5981.91      1.6717  1.39516  1.40357  1.36407  1.36834  1.37199
  5980.41      1.6721  1.39515  1.40356  1.36407  1.36834  1.37199
  5978.91      1.6725  1.39513  1.40354  1.36407  1.36834  1.37199
  5977.41      1.6730  1.39512  1.40353  1.36407  1.36835  1.37199
  5975.91      1.6734  1.39510  1.40351  1.36407  1.36835  1.37199
  5974.41      1.6738  1.39510  1.40351  1.36407  1.36836  1.37200
  5972.91      1.6742  1.39510  1.40351  1.36408  1.36836  1.37200
  5971.41      1.6746  1.39511  1.40351  1.36409  1.36837  1.37201
  5969.91      1.6751  1.39511  1.40351  1.36409  1.36837  1.37201
  5968.41      1.6755  1.39511  1.40351  1.36408  1.36836  1.37200
  5966.91      1.6759  1.39511  1.40351  1.36407  1.36835  1.37199
  5965.41      1.6763  1.39511  1.40352  1.36404  1.36832  1.37196
  5963.91      1.6768  1.39512  1.40352  1.36402  1.36830  1.37194
  5962.41      1.6772  1.39511  1.40352  1.36400  1.36828  1.37192
  5960.91      1.6776  1.39511  1.40351  1.36399  1.36827  1.37191
  5959.41      1.6780  1.39509  1.40350  1.36397  1.36824  1.37189
  5957.91      1.6784  1.39507  1.40348  1.36395  1.36822  1.37187
  5956.41      1.6789  1.39504  1.40345  1.36392  1.36820  1.37184
  5954.91      1.6793  1.39501  1.40342  1.36391  1.36818  1.37183
  5953.41      1.6797  1.39497  1.40337  1.36390  1.36818  1.37182
  5951.91      1.6801  1.39494  1.40333  1.36390  1.36818  1.37182
  5950.41      1.6806  1.39489  1.40330  1.36390  1.36818  1.37182
  5948.91      1.6810  1.39486  1.40326  1.36389  1.36817  1.37181
  5947.41      1.6814  1.39483  1.40323  1.36389  1.36817  1.37181
  5945.91      1.6818  1.39481  1.40321  1.36389  1.36817  1.37181
  5944.40      1.6823  1.39480  1.40320  1.36389  1.36817  1.37181
  5942.90      1.6827  1.39481  1.40320  1.36390  1.36817  1.37182
  5941.40      1.6831  1.39482  1.40322  1.36391  1.36818  1.37182
  5939.90      1.6835  1.39483  1.40322  1.36391  1.36819  1.37183
  5938.40      1.6840  1.39485  1.40325  1.36392  1.36819  1.37184
  5936.90      1.6844  1.39488  1.40327  1.36392  1.36820  1.37184
  5935.40      1.6848  1.39490  1.40330  1.36392  1.36820  1.37184
  5933.90      1.6852  1.39491  1.40332  1.36392  1.36821  1.37184
  5932.40      1.6857  1.39492  1.40333  1.36392  1.36821  1.37185
  5930.90      1.6861  1.39493  1.40333  1.36392  1.36821  1.37184
  5929.40      1.6865  1.39493  1.40333  1.36390  1.36818  1.37182
  5927.90      1.6869  1.39491  1.40332  1.36387  1.36815  1.37178
  5926.40      1.6874  1.39490  1.40330  1.36383  1.36811  1.37175
  5924.90      1.6878  1.39487  1.40327  1.36377  1.36806  1.37169
  5923.40      1.6882  1.39484  1.40324  1.36372  1.36800  1.37164
  5921.90      1.6886  1.39480  1.40320  1.36366  1.36794  1.37158
  5920.40      1.6891  1.39476  1.40315  1.36360  1.36787  1.37152
  5918.90      1.6895  1.39470  1.40311  1.36353  1.36780  1.37145
  5917.40      1.6899  1.39465  1.40305  1.36348  1.36775  1.37139
  5915.90      1.6904  1.39460  1.40299  1.36343  1.36770  1.37134
  5914.40      1.6908  1.39454  1.40294  1.36340  1.36766  1.37131
  5912.90      1.6912  1.39450  1.40289  1.36337  1.36764  1.37128
  5911.40      1.6916  1.39446  1.40285  1.36335  1.36762  1.37126
  5909.90      1.6921  1.39443  1.40282  1.36335  1.36761  1.37125
  5908.40      1.6925  1.39441  1.40280  1.36334  1.36761  1.37125
  5906.90      1.6929  1.39440  1.40279  1.36335  1.36761  1.37125
  5905.40      1.6934  1.39440  1.40279  1.36336  1.36763  1.37126
  5903.90      1.6938  1.39441  1.40280  1.36336  1.36763  1.37127
  5902.40      1.6942  1.39442  1.40281  1.36338  1.36765  1.37129
  5900.90      1.6947  1.39443  1.40282  1.36339  1.36766  1.37129
  5899.40      1.6951  1.39444  1.40283  1.36338  1.36766  1.37129
  5897.90      1.6955  1.39444  1.40283  1.36338  1.36765  1.37128
  5896.40      1.6959  1.39443  1.40282  1.36337  1.36765  1.37128
  5894.90      1.6964  1.39441  1.40281  1.36337  1.36764  1.37127
  5893.40      1.6968  1.39440  1.40278  1.36336  1.36763  1.37127
  5891.90      1.6972  1.39437  1.40276  1.36335  1.36762  1.37126
  5890.40      1.6977  1.39435  1.40274  1.36333  1.36761  1.37125
  5888.90      1.6981  1.39433  1.40272  1.36333  1.36759  1.37123
  5887.40      1.6985  1.39431  1.40270  1.36331  1.36758  1.37122
  5885.90      1.6990  1.39431  1.40269  1.36330  1.36758  1.37121
  5884.40      1.6994  1.39430  1.40269  1.36329  1.36756  1.37119
  5882.90      1.6998  1.39430  1.40269  1.36328  1.36755  1.37118
  5881.40      1.7003  1.39430  1.40269  1.36325  1.36752  1.37115
  5879.90      1.7007  1.39430  1.40269  1.36322  1.36749  1.37112
  5878.40      1.7011  1.39430  1.40268  1.36318  1.36746  1.37109
  5876.90      1.7016  1.39429  1.40267  1.36315  1.36742  1.37105
  5875.40      1.7020  1.39428  1.40267  1.36312  1.36738  1.37102
  5873.90      1.7024  1.39426  1.40265  1.36308  1.36735  1.37099
  5872.40      1.7029  1.39425  1.40264  1.36306  1.36732  1.37096
  5870.90      1.7033  1.39423  1.40262  1.36303  1.36729  1.37092
  5869.40      1.7038  1.39422  1.40261  1.36298  1.36725  1.37088
  5867.90      1.7042  1.39421  1.40259  1.36295  1.36722  1.37085
  5866.40      1.7046  1.39421  1.40259  1.36293  1.36720  1.37083
  5864.90      1.7051  1.39421  1.40259  1.36291  1.36718  1.37081
  5863.40      1.7055  1.39421  1.40259  1.36290  1.36715  1.37079
  5861.90      1.7059  1.39420  1.40259  1.36288  1.36714  1.37077
  5860.40      1.7064  1.39419  1.40258  1.36286  1.36712  1.37075
  5858.90      1.7068  1.39419  1.40258  1.36285  1.36711  1.37074
  5857.40      1.7072  1.39417  1.40256  1.36284  1.36710  1.37073
  5855.90      1.7077  1.39416  1.40254  1.36284  1.36710  1.37073
  5854.40      1.7081  1.39413  1.40252  1.36285  1.36711  1.37074
  5852.90      1.7086  1.39410  1.40248  1.36285  1.36712  1.37075
  5851.40      1.7090  1.39407  1.40245  1.36286  1.36712  1.37075
  5849.90      1.7094  1.39403  1.40242  1.36285  1.36712  1.37075
  5848.40      1.7099  1.39401  1.40239  1.36284  1.36711  1.37074
  5846.90      1.7103  1.39398  1.40236  1.36283  1.36711  1.37072
  5845.40      1.7107  1.39397  1.40234  1.36282  1.36708  1.37071
  5843.90      1.7112  1.39394  1.40232  1.36279  1.36706  1.37069
  5842.40      1.7116  1.39392  1.40230  1.36276  1.36702  1.37065
  5840.90      1.7121  1.39390  1.40228  1.36273  1.36699  1.37062
  5839.40      1.7125  1.39389  1.40226  1.36271  1.36697  1.37060
  5837.90      1.7129  1.39387  1.40225  1.36269  1.36694  1.37058
  5836.40      1.7134  1.39384  1.40222  1.36268  1.36694  1.37057
  5834.90      1.7138  1.39383  1.40221  1.36266  1.36692  1.37055
  5833.40      1.7143  1.39381  1.40219  1.36265  1.36691  1.37054
  5831.90      1.7147  1.39381  1.40218  1.36264  1.36690  1.37053
  5830.40      1.7151  1.39381  1.40218  1.36263  1.36689  1.37052
  5828.90      1.7156  1.39381  1.40218  1.36262  1.36688  1.37051
  5827.40      1.7160  1.39381  1.40219  1.36260  1.36686  1.37049
  5825.90      1.7165  1.39381  1.40218  1.36258  1.36685  1.37047
  5824.40      1.7169  1.39379  1.40217  1.36256  1.36682  1.37045
  5822.90      1.7174  1.39378  1.40215  1.36254  1.36680  1.37042
  5821.40      1.7178  1.39375  1.40213  1.36252  1.36678  1.37040
  5819.90      1.7182  1.39372  1.40210  1.36249  1.36675  1.37038
  5818.40      1.7187  1.39368  1.40205  1.36246  1.36672  1.37035
  5816.90      1.7191  1.39364  1.40201  1.36243  1.36669  1.37031
  5815.40      1.7196  1.39360  1.40197  1.36241  1.36667  1.37030
  5813.90      1.7200  1.39357  1.40195  1.36239  1.36664  1.37027
  5812.40      1.7205  1.39355  1.40192  1.36237  1.36663  1.37026
  5810.90      1.7209  1.39353  1.40190  1.36236  1.36661  1.37024
  5809.40      1.7213  1.39350  1.40187  1.36234  1.36660  1.37022
  5807.90      1.7218  1.39348  1.40185  1.36233  1.36659  1.37022
  5806.39      1.7222  1.39347  1.40183  1.36231  1.36657  1.37020
  5804.89      1.7227  1.39346  1.40183  1.36230  1.36656  1.37019
  5803.39      1.7231  1.39346  1.40182  1.36228  1.36654  1.37016
  5801.89      1.7236  1.39346  1.40183  1.36226  1.36652  1.37014
  5800.39      1.7240  1.39347  1.40184  1.36224  1.36650  1.37012
  5798.89      1.7245  1.39349  1.40186  1.36222  1.36647  1.37010
  5797.39      1.7249  1.39352  1.40188  1.36219  1.36645  1.37007
  5795.89      1.7254  1.39354  1.40191  1.36216  1.36642  1.37005
  5794.39      1.7258  1.39355  1.40192  1.36214  1.36639  1.37002
  5792.89      1.7263  1.39356  1.40193  1.36211  1.36637  1.36999
  5791.39      1.7267  1.39355  1.40192  1.36209  1.36635  1.36997
  5789.89      1.7271  1.39353  1.40189  1.36207  1.36632  1.36995
  5788.39      1.7276  1.39351  1.40187  1.36205  1.36630  1.36993
  5786.89      1.7280  1.39347  1.40184  1.36203  1.36628  1.36991
  5785.39      1.7285  1.39344  1.40181  1.36202  1.36627  1.36989
  5783.89      1.7289  1.39341  1.40178  1.36200  1.36625  1.36988
  5782.39      1.7294  1.39338  1.40175  1.36199  1.36624  1.36986
  5780.89      1.7298  1.39336  1.40172  1.36196  1.36622  1.36984
  5779.39      1.7303  1.39333  1.40170  1.36194  1.36619  1.36981
  5777.89      1.7307  1.39332  1.40169  1.36191  1.36617  1.36978
  5776.39      1.7312  1.39330  1.40166  1.36188  1.36614  1.36976
  5774.89      1.7316  1.39327  1.40163  1.36184  1.36609  1.36971
  5773.39      1.7321  1.39325  1.40162  1.36181  1.36606  1.36968
  5771.89      1.7325  1.39324  1.40160  1.36178  1.36602  1.36965
  5770.39      1.7330  1.39322  1.40158  1.36175  1.36599  1.36962
  5768.89      1.7334  1.39320  1.40156  1.36173  1.36597  1.36960
  5767.39      1.7339  1.39317  1.40154  1.36173  1.36597  1.36959
  5765.89      1.7343  1.39315  1.40151  1.36173  1.36598  1.36960
  5764.39      1.7348  1.39314  1.40149  1.36174  1.36599  1.36961
  5762.89      1.7352  1.39311  1.40147  1.36176  1.36601  1.36963
  5761.39      1.7357  1.39309  1.40144  1.36176  1.36602  1.36963
  5759.89      1.7361  1.39307  1.40143  1.36177  1.36603  1.36964
  5758.39      1.7366  1.39306  1.40142  1.36178  1.36604  1.36965
  5756.89      1.7370  1.39305  1.40141  1.36178  1.36604  1.36965
  5755.39      1.7375  1.39305  1.40141  1.36177  1.36602  1.36965
  5753.89      1.7380  1.39305  1.40141  1.36176  1.36601  1.36963
  5752.39      1.7384  1.39305  1.40141  1.36173  1.36598  1.36960
  5750.89      1.7389  1.39306  1.40141  1.36171  1.36596  1.36958
  5749.39      1.7393  1.39306  1.40142  1.36168  1.36593  1.36956
  5747.89      1.7398  1.39307  1.40143  1.36166  1.36591  1.36953
  5746.39      1.7402  1.39307  1.40143  1.36164  1.36589  1.36951
  5744.89      1.7407  1.39307  1.40143  1.36162  1.36587  1.36949
  5743.39      1.7411  1.39307  1.40143  1.36160  1.36585  1.36946
  5741.89      1.7416  1.39307  1.40143  1.36157  1.36582  1.36943
  5740.39      1.7420  1.39307  1.40143  1.36154  1.36579  1.36940
  5738.89      1.7425  1.39307  1.40143  1.36150  1.36575  1.36936
  5737.39      1.7430  1.39307  1.40143  1.36145  1.36570  1.36932
  5735.89      1.7434  1.39306  1.40142  1.36142  1.36566  1.36928
  5734.39      1.7439  1.39304  1.40140  1.36138  1.36562  1.36924
  5732.89      1.7443  1.39300  1.40136  1.36134  1.36558  1.36920
  5731.39      1.7448  1.39297  1.40132  1.36131  1.36555  1.36917
  5729.89      1.7452  1.39290  1.40125  1.36127  1.36551  1.36913
  5728.39      1.7457  1.39283  1.40118  1.36125  1.36549  1.36910
  5726.89      1.7461  1.39277  1.40112  1.36123  1.36547  1.36909
  5725.39      1.7466  1.39270  1.40106  1.36121  1.36545  1.36906
  5723.89      1.7471  1.39266  1.40101  1.36120  1.36544  1.36905
  5722.39      1.7475  1.39263  1.40098  1.36117  1.36542  1.36903
  5720.89      1.7480  1.39262  1.40096  1.36115  1.36539  1.36900
  5719.39      1.7484  1.39262  1.40096  1.36112  1.36537  1.36898
  5717.89      1.7489  1.39263  1.40098  1.36109  1.36534  1.36895
  5716.39      1.7494  1.39265  1.40100  1.36107  1.36531  1.36892
  5714.89      1.7498  1.39267  1.40102  1.36104  1.36528  1.36889
  5713.39      1.7503  1.39268  1.40102  1.36101  1.36525  1.36887
  5711.89      1.7507  1.39267  1.40102  1.36099  1.36522  1.36884
  5710.39      1.7512  1.39266  1.40101  1.36097  1.36521  1.36882
  5708.89      1.7517  1.39264  1.40099  1.36096  1.36519  1.36881
  5707.39      1.7521  1.39262  1.40097  1.36095  1.36519  1.36880
  5705.89      1.7526  1.39260  1.40095  1.36094  1.36518  1.36879
  5704.39      1.7530  1.39257  1.40092  1.36095  1.36518  1.36880
  5702.89      1.7535  1.39255  1.40089  1.36095  1.36519  1.36880
  5701.39      1.7540  1.39252  1.40087  1.36096  1.36520  1.36881
  5699.89      1.7544  1.39252  1.40086  1.36096  1.36520  1.36881
  5698.39      1.7549  1.39251  1.40086  1.36095  1.36519  1.36880
  5696.89      1.7553  1.39251  1.40085  1.36094  1.36518  1.36879
  5695.39      1.7558  1.39250  1.40084  1.36092  1.36517  1.36877
  5693.89      1.7563  1.39249  1.40083  1.36092  1.36516  1.36877
  5692.39      1.7567  1.39247  1.40081  1.36090  1.36514  1.36875
  5690.89      1.7572  1.39246  1.40079  1.36088  1.36512  1.36873
  5689.39      1.7577  1.39243  1.40078  1.36085  1.36509  1.36870
  5687.89      1.7581  1.39240  1.40075  1.36083  1.36506  1.36867
  5686.39      1.7586  1.39237  1.40070  1.36080  1.36504  1.36865
  5684.89      1.7591  1.39234  1.40067  1.36078  1.36502  1.36862
  5683.39      1.7595  1.39231  1.40064  1.36076  1.36500  1.36861
  5681.89      1.7600  1.39228  1.40062  1.36074  1.36497  1.36858
  5680.39      1.7604  1.39226  1.40060  1.36072  1.36495  1.36856
  5678.89      1.7609  1.39224  1.40058  1.36069  1.36493  1.36854
  5677.39      1.7614  1.39222  1.40055  1.36068  1.36491  1.36852
  5675.88      1.7618  1.39220  1.40054  1.36066  1.36489  1.36850
  5674.38      1.7623  1.39218  1.40052  1.36065  1.36488  1.36849
  5672.88      1.7628  1.39217  1.40051  1.36064  1.36487  1.36848
  5671.38      1.7632  1.39214  1.40048  1.36063  1.36487  1.36848
  5669.88      1.7637  1.39212  1.40046  1.36063  1.36486  1.36847
  5668.38      1.7642  1.39210  1.40044  1.36062  1.36486  1.36847
  5666.88      1.7646  1.39209  1.40043  1.36062  1.36486  1.36846
  5665.38      1.7651  1.39208  1.40041  1.36061  1.36485  1.36845
  5663.88      1.7656  1.39208  1.40042  1.36061  1.36485  1.36845
  5662.38      1.7660  1.39209  1.40042  1.36059  1.36483  1.36843
  5660.88      1.7665  1.39211  1.40044  1.36056  1.36480  1.36840
  5659.38      1.7670  1.39212  1.40046  1.36054  1.36477  1.36838
  5657.88      1.7674  1.39213  1.40047  1.36051  1.36475  1.36835
  5656.38      1.7679  1.39213  1.40046  1.36049  1.36472  1.36832
  5654.88      1.7684  1.39211  1.40045  1.36045  1.36468  1.36830
  5653.38      1.7689  1.39211  1.40043  1.36042  1.36465  1.36826
  5651.88      1.7693  1.39208  1.40042  1.36040  1.36463  1.36824
  5650.38      1.7698  1.39206  1.40040  1.36039  1.36460  1.36822
  5648.88      1.7703  1.39203  1.40037  1.36037  1.36460  1.36820
  5647.38      1.7707  1.39201  1.40035  1.36035  1.36458  1.36819
  5645.88      1.7712  1.39200  1.40033  1.36034  1.36457  1.36818
  5644.38      1.7717  1.39198  1.40032  1.36033  1.36456  1.36816
  5642.88      1.7721  1.39197  1.40030  1.36032  1.36456  1.36816
  5641.38      1.7726  1.39193  1.40027  1.36031  1.36454  1.36814
  5639.88      1.7731  1.39190  1.40023  1.36030  1.36453  1.36813
  5638.38      1.7736  1.39186  1.40020  1.36027  1.36451  1.36811
  5636.88      1.7740  1.39183  1.40016  1.36025  1.36448  1.36808
  5635.38      1.7745  1.39180  1.40013  1.36022  1.36445  1.36806
  5633.88      1.7750  1.39177  1.40009  1.36019  1.36443  1.36803
  5632.38      1.7754  1.39175  1.40008  1.36017  1.36440  1.36800
  5630.88      1.7759  1.39174  1.40007  1.36015  1.36437  1.36798
  5629.38      1.7764  1.39174  1.40007  1.36012  1.36435  1.36795
  5627.88      1.7769  1.39175  1.40008  1.36009  1.36432  1.36792
  5626.38      1.7773  1.39175  1.40009  1.36008  1.36431  1.36791
  5624.88      1.7778  1.39176  1.40009  1.36006  1.36429  1.36789
  5623.38      1.7783  1.39176  1.40009  1.36005  1.36428  1.36788
  5621.88      1.7788  1.39176  1.40009  1.36003  1.36426  1.36786
  5620.38      1.7792  1.39174  1.40006  1.36003  1.36425  1.36786
  5618.88      1.7797  1.39171  1.40004  1.36001  1.36424  1.36784
  5617.38      1.7802  1.39169  1.40001  1.35999  1.36422  1.36782
  5615.88      1.7807  1.39166  1.39998  1.35998  1.36421  1.36780
  5614.38      1.7811  1.39162  1.39995  1.35995  1.36418  1.36778
  5612.88      1.7816  1.39160  1.39992  1.35994  1.36417  1.36777
  5611.38      1.7821  1.39157  1.39990  1.35992  1.36415  1.36775
  5609.88      1.7826  1.39156  1.39988  1.35992  1.36414  1.36774
  5608.38      1.7830  1.39155  1.39987  1.35990  1.36412  1.36772
  5606.88      1.7835  1.39154  1.39987  1.35988  1.36410  1.36770
  5605.38      1.7840  1.39154  1.39987  1.35987  1.36410  1.36770
  5603.88      1.7845  1.39153  1.39986  1.35986  1.36409  1.36769
  5602.38      1.7850  1.39153  1.39985  1.35986  1.36408  1.36768
  5600.88      1.7854  1.39151  1.39984  1.35985  1.36408  1.36768
  5599.38      1.7859  1.39151  1.39982  1.35985  1.36407  1.36767
  5597.88      1.7864  1.39147  1.39980  1.35984  1.36406  1.36766
  5596.38      1.7869  1.39144  1.39976  1.35983  1.36406  1.36765
  5594.88      1.7873  1.39140  1.39972  1.35981  1.36404  1.36763
  5593.38      1.7878  1.39137  1.39969  1.35978  1.36402  1.36761
  5591.88      1.7883  1.39134  1.39965  1.35975  1.36398  1.36757
  5590.38      1.7888  1.39131  1.39963  1.35970  1.36393  1.36752
  5588.88      1.7893  1.39129  1.39960  1.35965  1.36388  1.36747
  5587.38      1.7897  1.39125  1.39957  1.35959  1.36382  1.36741
  5585.88      1.7902  1.39124  1.39955  1.35953  1.36375  1.36735
  5584.38      1.7907  1.39122  1.39954  1.35946  1.36368  1.36728
  5582.88      1.7912  1.39121  1.39952  1.35941  1.36362  1.36723
  5581.38      1.7917  1.39119  1.39950  1.35936  1.36357  1.36717
  5579.88      1.7922  1.39116  1.39946  1.35932  1.36353  1.36713
  5578.38      1.7926  1.39113  1.39944  1.35929  1.36350  1.36710
  5576.88      1.7931  1.39111  1.39942  1.35926  1.36347  1.36707
  5575.38      1.7936  1.39110  1.39941  1.35926  1.36347  1.36707
  5573.88      1.7941  1.39108  1.39939  1.35926  1.36347  1.36707
  5572.38      1.7946  1.39107  1.39937  1.35926  1.36347  1.36707
  5570.88      1.7950  1.39105  1.39936  1.35928  1.36349  1.36709
  5569.38      1.7955  1.39105  1.39935  1.35929  1.36350  1.36710
  5567.88      1.7960  1.39104  1.39935  1.35931  1.36353  1.36712
  5566.38      1.7965  1.39103  1.39934  1.35934  1.36355  1.36715
  5564.88      1.7970  1.39103  1.39934  1.35936  1.36358  1.36717
  5563.38      1.7975  1.39101  1.39931  1.35939  1.36361  1.36720
  5561.88      1.7980  1.39099  1.39930  1.35940  1.36362  1.36721
  5560.38      1.7984  1.39096  1.39927  1.35941  1.36363  1.36722
  5558.88      1.7989  1.39094  1.39924  1.35941  1.36363  1.36722
  5557.38      1.7994  1.39091  1.39922  1.35941  1.36363  1.36722
  5555.88      1.7999  1.39089  1.39920  1.35939  1.36362  1.36720
  5554.38      1.8004  1.39087  1.39918  1.35936  1.36359  1.36717
  5552.88      1.8009  1.39084  1.39915  1.35933  1.36355  1.36714
  5551.38      1.8014  1.39083  1.39913  1.35929  1.36351  1.36711
  5549.88      1.8018  1.39081  1.39911  1.35927  1.36348  1.36708
  5548.38      1.8023  1.39080  1.39911  1.35924  1.36345  1.36705
  5546.88      1.8028  1.39079  1.39909  1.35921  1.36342  1.36702
  5545.38      1.8033  1.39077  1.39907  1.35918  1.36340  1.36699
  5543.88      1.8038  1.39075  1.39906  1.35916  1.36337  1.36697
  5542.38      1.8043  1.39074  1.39904  1.35915  1.36336  1.36696
  5540.88      1.8048  1.39072  1.39903  1.35914  1.36336  1.36694
  5539.38      1.8053  1.39071  1.39901  1.35912  1.36334  1.36693
  5537.87      1.8057  1.39070  1.39900  1.35911  1.36333  1.36692
  5536.37      1.8062  1.39068  1.39898  1.35908  1.36330  1.36689
  5534.87      1.8067  1.39067  1.39897  1.35906  1.36327  1.36686
  5533.37      1.8072  1.39066  1.39896  1.35902  1.36324  1.36683
  5531.87      1.8077  1.39065  1.39895  1.35900  1.36321  1.36681
  5530.37      1.8082  1.39063  1.39894  1.35898  1.36319  1.36678
  5528.87      1.8087  1.39062  1.39892  1.35896  1.36317  1.36676
  5527.37      1.8092  1.39060  1.39890  1.35893  1.36314  1.36673
  5525.87      1.8097  1.39058  1.39888  1.35890  1.36311  1.36671
  5524.37      1.8102  1.39057  1.39887  1.35889  1.36310  1.36669
  5522.87      1.8107  1.39054  1.39884  1.35886  1.36308  1.36667
  5521.37      1.8111  1.39053  1.39882  1.35886  1.36307  1.36666
  5519.87      1.8116  1.39050  1.39880  1.35884  1.36305  1.36664
  5518.37      1.8121  1.39048  1.39877  1.35884  1.36305  1.36664
  5516.87      1.8126  1.39046  1.39876  1.35882  1.36303  1.36662
  5515.37      1.8131  1.39045  1.39875  1.35881  1.36302  1.36661
  5513.87      1.8136  1.39045  1.39874  1.35879  1.36300  1.36659
  5512.37      1.8141  1.39045  1.39874  1.35878  1.36299  1.36658
  5510.87      1.8146  1.39045  1.39875  1.35878  1.36299  1.36657
  5509.37      1.8151  1.39047  1.39876  1.35877  1.36298  1.36657
  5507.87      1.8156  1.39048  1.39877  1.35876  1.36297  1.36656
  5506.37      1.8161  1.39049  1.39879  1.35876  1.36296  1.36656
  5504.87      1.8166  1.39049  1.39879  1.35876  1.36296  1.36655
  5503.37      1.8171  1.39048  1.39878  1.35876  1.36297  1.36656
  5501.87      1.8176  1.39047  1.39876  1.35876  1.36297  1.36656
  5500.37      1.8181  1.39043  1.39872  1.35875  1.36297  1.36655
  5498.87      1.8186  1.39038  1.39868  1.35875  1.36295  1.36653
  5497.37      1.8191  1.39033  1.39863  1.35872  1.36294  1.36652
  5495.87      1.8195  1.39027  1.39856  1.35869  1.36291  1.36649
  5494.37      1.8200  1.39021  1.39850  1.35864  1.36287  1.36644
  5492.87      1.8205  1.39016  1.39845  1.35859  1.36281  1.36639
  5491.37      1.8210  1.39010  1.39839  1.35854  1.36273  1.36633
  5489.87      1.8215  1.39006  1.39835  1.35848  1.36268  1.36627
  5488.37      1.8220  1.39004  1.39833  1.35845  1.36264  1.36624
  5486.87      1.8225  1.39004  1.39833  1.35842  1.36261  1.36621
  5485.37      1.8230  1.39005  1.39834  1.35840  1.36259  1.36619
  5483.87      1.8235  1.39005  1.39834  1.35839  1.36259  1.36618
  5482.37      1.8240  1.39006  1.39834  1.35840  1.36260  1.36619
  5480.87      1.8245  1.39006  1.39835  1.35842  1.36262  1.36621
  5479.37      1.8250  1.39007  1.39836  1.35846  1.36266  1.36625
  5477.87      1.8255  1.39008  1.39837  1.35847  1.36269  1.36627
  5476.37      1.8260  1.39006  1.39835  1.35849  1.36270  1.36628
  5474.87      1.8265  1.39003  1.39832  1.35848  1.36270  1.36628
  5473.37      1.8270  1.39001  1.39830  1.35847  1.36269  1.36627
  5471.87      1.8275  1.38998  1.39826  1.35846  1.36267  1.36625
  5470.37      1.8280  1.38996  1.39824  1.35845  1.36266  1.36624
  5468.87      1.8285  1.38992  1.39820  1.35843  1.36264  1.36622
  5467.37      1.8290  1.38986  1.39815  1.35839  1.36259  1.36618
  5465.87      1.8295  1.38981  1.39809  1.35835  1.36256  1.36614
  5464.37      1.8300  1.38975  1.39803  1.35832  1.36252  1.36611
  5462.87      1.8305  1.38969  1.39798  1.35829  1.36250  1.36608
  5461.37      1.8310  1.38964  1.39791  1.35828  1.36247  1.36607
  5459.87      1.8315  1.38959  1.39786  1.35826  1.36246  1.36605
  5458.37      1.8320  1.38955  1.39782  1.35824  1.36244  1.36603
  5456.87      1.8326  1.38953  1.39781  1.35823  1.36243  1.36602
  5455.37      1.8331  1.38951  1.39779  1.35822  1.36242  1.36600
  5453.87      1.8336  1.38951  1.39778  1.35821  1.36242  1.36600
  5452.37      1.8341  1.38950  1.39778  1.35819  1.36241  1.36598
  5450.87      1.8346  1.38950  1.39777  1.35817  1.36239  1.36596
  5449.37      1.8351  1.38949  1.39776  1.35814  1.36235  1.36592
  5447.87      1.8356  1.38948  1.39775  1.35810  1.36231  1.36589
  5446.37      1.8361  1.38946  1.39774  1.35805  1.36225  1.36583
  5444.87      1.8366  1.38945  1.39772  1.35799  1.36220  1.36578
  5443.37      1.8371  1.38944  1.39772  1.35794  1.36214  1.36572
  5441.87      1.8376  1.38944  1.39772  1.35789  1.36208  1.36567
  5440.37      1.8381  1.38944  1.39772  1.35784  1.36203  1.36562
  5438.87      1.8386  1.38945  1.39772  1.35780  1.36199  1.36558
  5437.37      1.8391  1.38945  1.39771  1.35776  1.36195  1.36553
  5435.87      1.8396  1.38942  1.39770  1.35772  1.36192  1.36549
  5434.37      1.8401  1.38939  1.39767  1.35768  1.36188  1.36546
  5432.87      1.8406  1.38936  1.39764  1.35764  1.36184  1.36542
  5431.37      1.8412  1.38933  1.39760  1.35761  1.36180  1.36538
  5429.87      1.8417  1.38930  1.39757  1.35757  1.36177  1.36535
  5428.37      1.8422  1.38927  1.39753  1.35754  1.36172  1.36531
  5426.87      1.8427  1.38924  1.39751  1.35753  1.36171  1.36530
  5425.37      1.8432  1.38925  1.39751  1.35754  1.36172  1.36531
  5423.87      1.8437  1.38926  1.39753  1.35755  1.36174  1.36533
  5422.37      1.8442  1.38928  1.39755  1.35758  1.36177  1.36535
  5420.87      1.8447  1.38929  1.39756  1.35760  1.36180  1.36538
  5419.37      1.8452  1.38929  1.39756  1.35762  1.36183  1.36539
  5417.87      1.8457  1.38928  1.39755  1.35763  1.36185  1.36541
  5416.37      1.8463  1.38926  1.39752  1.35763  1.36185  1.36540
  5414.87      1.8468  1.38921  1.39748  1.35758  1.36180  1.36536
  5413.37      1.8473  1.38915  1.39742  1.35752  1.36173  1.36529
  5411.87      1.8478  1.38909  1.39735  1.35744  1.36164  1.36521
  5410.37      1.8483  1.38903  1.39729  1.35736  1.36155  1.36513
  5408.87      1.8488  1.38898  1.39725  1.35731  1.36148  1.36508
  5407.36      1.8493  1.38897  1.39722  1.35727  1.36144  1.36503
  5405.86      1.8498  1.38895  1.39722  1.35724  1.36141  1.36500
  5404.36      1.8504  1.38896  1.39722  1.35722  1.36139  1.36498
  5402.86      1.8509  1.38897  1.39723  1.35721  1.36140  1.36498
  5401.36      1.8514  1.38898  1.39724  1.35723  1.36142  1.36499
  5399.86      1.8519  1.38898  1.39725  1.35725  1.36146  1.36501
  5398.36      1.8524  1.38899  1.39726  1.35728  1.36148  1.36504
  5396.86      1.8529  1.38899  1.39726  1.35728  1.36149  1.36505
  5395.36      1.8534  1.38896  1.39723  1.35726  1.36146  1.36503
  5393.86      1.8540  1.38892  1.39718  1.35723  1.36143  1.36498
  5392.36      1.8545  1.38886  1.39712  1.35718  1.36138  1.36495
  5390.86      1.8550  1.38882  1.39708  1.35715  1.36134  1.36491
  5389.36      1.8555  1.38878  1.39704  1.35713  1.36131  1.36489
  5387.86      1.8560  1.38875  1.39700  1.35711  1.36129  1.36487
  5386.36      1.8565  1.38869  1.39695  1.35709  1.36126  1.36484
  5384.86      1.8571  1.38864  1.39689  1.35704  1.36123  1.36481
  5383.36      1.8576  1.38859  1.39685  1.35702  1.36121  1.36478
  5381.86      1.8581  1.38857  1.39682  1.35700  1.36120  1.36476
  5380.36      1.8586  1.38855  1.39680  1.35700  1.36120  1.36476
  5378.86      1.8591  1.38852  1.39677  1.35699  1.36118  1.36475
  5377.36      1.8596  1.38847  1.39673  1.35696  1.36115  1.36472
  5375.86      1.8602  1.38842  1.39667  1.35692  1.36111  1.36468
  5374.36      1.8607  1.38839  1.39663  1.35688  1.36106  1.36463
  5372.86      1.8612  1.38835  1.39660  1.35684  1.36102  1.36459
  5371.36      1.8617  1.38831  1.39656  1.35681  1.36100  1.36457
  5369.86      1.8622  1.38827  1.39652  1.35679  1.36097  1.36455
  5368.36      1.8628  1.38823  1.39648  1.35677  1.36095  1.36453
  5366.86      1.8633  1.38821  1.39646  1.35676  1.36093  1.36452
  5365.36      1.8638  1.38821  1.39645  1.35674  1.36093  1.36450
  5363.86      1.8643  1.38820  1.39645  1.35673  1.36092  1.36448
  5362.36      1.8648  1.38820  1.39644  1.35672  1.36091  1.36447
  5360.86      1.8654  1.38819  1.39644  1.35670  1.36089  1.36445
  5359.36      1.8659  1.38819  1.39644  1.35669  1.36087  1.36444
  5357.86      1.8664  1.38821  1.39645  1.35667  1.36085  1.36442
  5356.36      1.8669  1.38822  1.39647  1.35666  1.36084  1.36441
  5354.86      1.8675  1.38823  1.39648  1.35663  1.36082  1.36438
  5353.36      1.8680  1.38822  1.39646  1.35660  1.36078  1.36435
  5351.86      1.8685  1.38819  1.39644  1.35657  1.36075  1.36432
  5350.36      1.8690  1.38819  1.39643  1.35654  1.36073  1.36430
  5348.86      1.8696  1.38819  1.39643  1.35653  1.36072  1.36428
  5347.36      1.8701  1.38817  1.39642  1.35650  1.36069  1.36426
  5345.86      1.8706  1.38813  1.39638  1.35646  1.36065  1.36421
  5344.36      1.8711  1.38808  1.39633  1.35640  1.36059  1.36415
  5342.86      1.8717  1.38805  1.39629  1.35633  1.36052  1.36408
  5341.36      1.8722  1.38803  1.39628  1.35629  1.36047  1.36403
  5339.86      1.8727  1.38802  1.39626  1.35625  1.36042  1.36399
  5338.36      1.8732  1.38799  1.39622  1.35619  1.36037  1.36394
  5336.86      1.8738  1.38793  1.39618  1.35613  1.36031  1.36388
  5335.36      1.8743  1.38789  1.39613  1.35607  1.36024  1.36381
  5333.86      1.8748  1.38785  1.39609  1.35603  1.36020  1.36377
  5332.36      1.8753  1.38781  1.39605  1.35598  1.36016  1.36372
  5330.86      1.8759  1.38777  1.39601  1.35595  1.36013  1.36369
  5329.36      1.8764  1.38771  1.39595  1.35591  1.36009  1.36365
  5327.86      1.8769  1.38766  1.39590  1.35586  1.36003  1.36359
  5326.36      1.8775  1.38762  1.39585  1.35580  1.35998  1.36353
  5324.86      1.8780  1.38759  1.39582  1.35575  1.35992  1.36348
  5323.36      1.8785  1.38757  1.39580  1.35570  1.35987  1.36344
  5321.86      1.8790  1.38756  1.39579  1.35567  1.35984  1.36340
  5320.36      1.8796  1.38755  1.39578  1.35565  1.35980  1.36337
  5318.86      1.8801  1.38755  1.39578  1.35563  1.35979  1.36336
  5317.36      1.8806  1.38754  1.39577  1.35560  1.35977  1.36333
  5315.86      1.8812  1.38754  1.39576  1.35559  1.35976  1.36332
  5314.36      1.8817  1.38752  1.39575  1.35557  1.35975  1.36330
  5312.86      1.8822  1.38749  1.39572  1.35555  1.35974  1.36328
  5311.36      1.8828  1.38746  1.39569  1.35554  1.35972  1.36327
  5309.86      1.8833  1.38742  1.39565  1.35551  1.35969  1.36324
  5308.36      1.8838  1.38736  1.39559  1.35546  1.35964  1.36319
  5306.86      1.8844  1.38730  1.39552  1.35542  1.35959  1.36314
  5305.36      1.8849  1.38724  1.39546  1.35537  1.35953  1.36310
  5303.86      1.8854  1.38719  1.39542  1.35534  1.35950  1.36306
  5302.36      1.8860  1.38715  1.39538  1.35532  1.35948  1.36304
  5300.86      1.8865  1.38712  1.39535  1.35529  1.35945  1.36301
  5299.36      1.8870  1.38709  1.39532  1.35526  1.35942  1.36298
  5297.86      1.8876  1.38706  1.39528  1.35523  1.35940  1.36295
  5296.36      1.8881  1.38704  1.39526  1.35521  1.35938  1.36293
  5294.86      1.8886  1.38703  1.39525  1.35519  1.35937  1.36291
  5293.36      1.8892  1.38701  1.39523  1.35515  1.35933  1.36287
  5291.86      1.8897  1.38698  1.39521  1.35510  1.35927  1.36281
  5290.36      1.8902  1.38694  1.39517  1.35503  1.35920  1.36275
  5288.86      1.8908  1.38690  1.39511  1.35497  1.35913  1.36269
  5287.36      1.8913  1.38685  1.39506  1.35492  1.35908  1.36264
  5285.86      1.8918  1.38681  1.39503  1.35489  1.35903  1.36259
  5284.36      1.8924  1.38677  1.39498  1.35484  1.35899  1.36255
  5282.86      1.8929  1.38673  1.39494  1.35481  1.35896  1.36251
  5281.36      1.8935  1.38670  1.39491  1.35478  1.35893  1.36249
  5279.86      1.8940  1.38666  1.39488  1.35476  1.35892  1.36247
  5278.36      1.8945  1.38665  1.39486  1.35476  1.35892  1.36247
  5276.86      1.8951  1.38666  1.39487  1.35477  1.35893  1.36247
  5275.35      1.8956  1.38667  1.39488  1.35476  1.35893  1.36247
  5273.85      1.8961  1.38668  1.39489  1.35475  1.35892  1.36246
  5272.35      1.8967  1.38668  1.39488  1.35472  1.35889  1.36243
  5270.85      1.8972  1.38666  1.39487  1.35469  1.35886  1.36240
  5269.35      1.8978  1.38664  1.39485  1.35465  1.35882  1.36236
  5267.85      1.8983  1.38662  1.39482  1.35460  1.35877  1.36231
  5266.35      1.8988  1.38659  1.39480  1.35456  1.35872  1.36226
  5264.85      1.8994  1.38654  1.39476  1.35449  1.35865  1.36220
  5263.35      1.8999  1.38650  1.39470  1.35442  1.35857  1.36212
  5261.85      1.9005  1.38644  1.39465  1.35434  1.35849  1.36204
  5260.35      1.9010  1.38640  1.39462  1.35429  1.35844  1.36199
  5258.85      1.9016  1.38640  1.39460  1.35424  1.35839  1.36194
  5257.35      1.9021  1.38638  1.39459  1.35420  1.35835  1.36190
  5255.85      1.9026  1.38637  1.39457  1.35415  1.35830  1.36183
  5254.35      1.9032  1.38633  1.39453  1.35408  1.35823  1.36177
  5252.85      1.9037  1.38630  1.39450  1.35403  1.35818  1.36172
  5251.35      1.9043  1.38627  1.39447  1.35398  1.35814  1.36167
  5249.85      1.9048  1.38624  1.39445  1.35395  1.35810  1.36163
  5248.35      1.9054  1.38621  1.39442  1.35391  1.35805  1.36159
  5246.85      1.9059  1.38618  1.39438  1.35386  1.35800  1.36154
  5245.35      1.9064  1.38614  1.39434  1.35383  1.35796  1.36151
  5243.85      1.9070  1.38611  1.39432  1.35381  1.35795  1.36149
  5242.35      1.9075  1.38610  1.39430  1.35383  1.35796  1.36151
  5240.85      1.9081  1.38610  1.39430  1.35384  1.35798  1.36152
  5239.35      1.9086  1.38610  1.39430  1.35387  1.35801  1.36156
  5237.85      1.9092  1.38609  1.39429  1.35390  1.35805  1.36158
  5236.35      1.9097  1.38608  1.39429  1.35393  1.35808  1.36161
  5234.85      1.9103  1.38608  1.39427  1.35395  1.35812  1.36164
  5233.35      1.9108  1.38606  1.39426  1.35398  1.35814  1.36166
  5231.85      1.9114  1.38604  1.39424  1.35398  1.35815  1.36167
  5230.35      1.9119  1.38600  1.39420  1.35398  1.35814  1.36166
  5228.85      1.9125  1.38596  1.39417  1.35396  1.35811  1.36164
  5227.35      1.9130  1.38592  1.39414  1.35394  1.35810  1.36163
  5225.85      1.9136  1.38588  1.39410  1.35390  1.35806  1.36160
  5224.35      1.9141  1.38584  1.39406  1.35387  1.35802  1.36155
  5222.85      1.9147  1.38581  1.39404  1.35385  1.35799  1.36153
  5221.35      1.9152  1.38580  1.39404  1.35384  1.35798  1.36152
  5219.85      1.9158  1.38579  1.39405  1.35383  1.35797  1.36151
  5218.35      1.9163  1.38579  1.39408  1.35382  1.35797  1.36151
  5216.85      1.9169  1.38579  1.39410  1.35382  1.35797  1.36150
  5215.35      1.9174  1.38578  1.39412  1.35380  1.35795  1.36148
  5213.85      1.9180  1.38577  1.39413  1.35379  1.35795  1.36147
  5212.35      1.9185  1.38575  1.39414  1.35379  1.35794  1.36147
  5210.85      1.9191  1.38572  1.39412  1.35378  1.35794  1.36147
  5209.35      1.9196  1.38568  1.39407  1.35375  1.35791  1.36145
  5207.85      1.9202  1.38564  1.39398  1.35371  1.35788  1.36142
  5206.35      1.9207  1.38560  1.39388  1.35366  1.35783  1.36138
  5204.85      1.9213  1.38557  1.39378  1.35363  1.35777  1.36135
  5203.35      1.9218  1.38557  1.39369  1.35361  1.35773  1.36134
  5201.85      1.9224  1.38559  1.39362  1.35360  1.35768  1.36133
  5200.35      1.9229  1.38561  1.39354  1.35358  1.35762  1.36133
  5198.85      1.9235  1.38565  1.39346  1.35355  1.35756  1.36131
  5197.35      1.9241  1.38566  1.39340  1.35350  1.35750  1.36130
  5195.85      1.9246  1.38568  1.39337  1.35347  1.35745  1.36129
  5194.35      1.9252  1.38568  1.39332  1.35344  1.35740  1.36128
  5192.85      1.9257  1.38566  1.39326  1.35341  1.35737  1.36127
  5191.35      1.9263  1.38562  1.39319  1.35336  1.35736  1.36126
  5189.85      1.9268  1.38558  1.39312  1.35330  1.35736  1.36123
  5188.35      1.9274  1.38552  1.39306  1.35323  1.35738  1.36120
  5186.85      1.9280  1.38548  1.39303  1.35319  1.35739  1.36117
  5185.35      1.9285  1.38544  1.39302  1.35315  1.35742  1.36113
  5183.85      1.9291  1.38542  1.39302  1.35314  1.35743  1.36111
  5182.35      1.9296  1.38540  1.39304  1.35314  1.35744  1.36109
  5180.85      1.9302  1.38540  1.39308  1.35314  1.35742  1.36109
  5179.35      1.9307  1.38541  1.39313  1.35316  1.35738  1.36108
  5177.85      1.9313  1.38541  1.39317  1.35321  1.35731  1.36108
  5176.35      1.9319  1.38543  1.39318  1.35325  1.35722  1.36108
  5174.85      1.9324  1.38543  1.39317  1.35330  1.35713  1.36108
  5173.35      1.9330  1.38543  1.39313  1.35334  1.35704  1.36108
  5171.85      1.9335  1.38542  1.39307  1.35338  1.35695  1.36109
  5170.35      1.9341  1.38541  1.39299  1.35343  1.35687  1.36108
  5168.85      1.9347  1.38538  1.39288  1.35348  1.35680  1.36106
  5167.35      1.9352  1.38534  1.39279  1.35352  1.35677  1.36103
  5165.85      1.9358  1.38529  1.39270  1.35353  1.35675  1.36102
  5164.35      1.9364  1.38523  1.39262  1.35353  1.35675  1.36099
  5162.85      1.9369  1.38519  1.39256  1.35353  1.35675  1.36098
  5161.35      1.9375  1.38515  1.39253  1.35354  1.35675  1.36095
  5159.85      1.9380  1.38513  1.39251  1.35355  1.35677  1.36094
  5158.35      1.9386  1.38511  1.39252  1.35356  1.35681  1.36093
  5156.85      1.9392  1.38511  1.39253  1.35355  1.35684  1.36093
  5155.35      1.9397  1.38511  1.39256  1.35354  1.35687  1.36093
  5153.85      1.9403  1.38512  1.39259  1.35354  1.35690  1.36094
  5152.35      1.9409  1.38514  1.39262  1.35353  1.35693  1.36095
  5150.85      1.9414  1.38515  1.39264  1.35353  1.35697  1.36095
  5149.35      1.9420  1.38514  1.39264  1.35351  1.35700  1.36093
  5147.85      1.9426  1.38512  1.39265  1.35348  1.35700  1.36091
  5146.35      1.9431  1.38510  1.39265  1.35345  1.35699  1.36088
  5144.85      1.9437  1.38507  1.39263  1.35341  1.35696  1.36084
  5143.35      1.9443  1.38504  1.39260  1.35338  1.35691  1.36079
  5141.85      1.9448  1.38500  1.39257  1.35334  1.35686  1.36073
  5140.35      1.9454  1.38497  1.39254  1.35331  1.35678  1.36067
  5138.84      1.9460  1.38494  1.39252  1.35328  1.35670  1.36061
  5137.34      1.9465  1.38491  1.39251  1.35326  1.35664  1.36057
  5135.84      1.9471  1.38489  1.39251  1.35325  1.35658  1.36054
  5134.34      1.9477  1.38487  1.39249  1.35322  1.35655  1.36053
  5132.84      1.9482  1.38487  1.39249  1.35318  1.35653  1.36053
  5131.34      1.9488  1.38487  1.39248  1.35314  1.35651  1.36053
  5129.84      1.9494  1.38488  1.39248  1.35310  1.35652  1.36052
  5128.34      1.9499  1.38488  1.39247  1.35307  1.35652  1.36051
  5126.84      1.9505  1.38487  1.39246  1.35304  1.35652  1.36050
  5125.34      1.9511  1.38487  1.39244  1.35300  1.35651  1.36048
  5123.84      1.9517  1.38485  1.39242  1.35297  1.35651  1.36047
  5122.34      1.9522  1.38481  1.39241  1.35295  1.35649  1.36044
  5120.84      1.9528  1.38475  1.39240  1.35296  1.35646  1.36041
  5119.34      1.9534  1.38469  1.39238  1.35298  1.35640  1.36039
  5117.84      1.9539  1.38461  1.39235  1.35302  1.35634  1.36037
  5116.34      1.9545  1.38455  1.39231  1.35304  1.35627  1.36036
  5114.84      1.9551  1.38448  1.39227  1.35306  1.35620  1.36036
  5113.34      1.9557  1.38444  1.39223  1.35308  1.35613  1.36037
  5111.84      1.9562  1.38440  1.39217  1.35308  1.35606  1.36037
  5110.34      1.9568  1.38438  1.39212  1.35309  1.35600  1.36036
  5108.84      1.9574  1.38437  1.39206  1.35309  1.35594  1.36035
  5107.34      1.9580  1.38437  1.39202  1.35308  1.35590  1.36032
  5105.84      1.9585  1.38437  1.39199  1.35307  1.35587  1.36029
  5104.34      1.9591  1.38437  1.39198  1.35306  1.35586  1.36025
  5102.84      1.9597  1.38437  1.39196  1.35306  1.35585  1.36021
  5101.34      1.9603  1.38437  1.39194  1.35306  1.35584  1.36017
  5099.84      1.9608  1.38436  1.39193  1.35305  1.35584  1.36014
  5098.34      1.9614  1.38435  1.39192  1.35304  1.35582  1.36010
  5096.84      1.9620  1.38433  1.39191  1.35303  1.35582  1.36007
  5095.34      1.9626  1.38431  1.39189  1.35300  1.35579  1.36006
  5093.84      1.9632  1.38428  1.39187  1.35298  1.35577  1.36004
  5092.34      1.9637  1.38425  1.39184  1.35294  1.35574  1.36004
  5090.84      1.9643  1.38421  1.39183  1.35290  1.35570  1.36003
  5089.34      1.9649  1.38417  1.39182  1.35286  1.35568  1.36002
  5087.84      1.9655  1.38413  1.39182  1.35280  1.35566  1.36001
  5086.34      1.9660  1.38410  1.39182  1.35274  1.35566  1.36000
  5084.84      1.9666  1.38408  1.39182  1.35267  1.35565  1.35998
  5083.34      1.9672  1.38406  1.39182  1.35260  1.35565  1.35995
  5081.84      1.9678  1.38404  1.39182  1.35255  1.35566  1.35992
  5080.34      1.9684  1.38402  1.39180  1.35249  1.35567  1.35988
  5078.84      1.9690  1.38401  1.39176  1.35244  1.35568  1.35985
  5077.34      1.9695  1.38399  1.39170  1.35240  1.35570  1.35981
  5075.84      1.9701  1.38398  1.39163  1.35237  1.35571  1.35976
  5074.34      1.9707  1.38396  1.39155  1.35235  1.35571  1.35970
  5072.84      1.9713  1.38393  1.39146  1.35234  1.35571  1.35964
  5071.34      1.9719  1.38392  1.39137  1.35234  1.35571  1.35957
  5069.84      1.9724  1.38391  1.39129  1.35235  1.35569  1.35951
  5068.34      1.9730  1.38391  1.39124  1.35235  1.35568  1.35946
  5066.84      1.9736  1.38389  1.39120  1.35235  1.35565  1.35940
  5065.34      1.9742  1.38388  1.39119  1.35234  1.35562  1.35935
  5063.84      1.9748  1.38385  1.39117  1.35233  1.35558  1.35930
  5062.34      1.9754  1.38382  1.39116  1.35232  1.35554  1.35925
  5060.84      1.9760  1.38377  1.39116  1.35231  1.35549  1.35923
  5059.34      1.9765  1.38371  1.39114  1.35229  1.35545  1.35922
  5057.84      1.9771  1.38364  1.39112  1.35227  1.35541  1.35922
  5056.34      1.9777  1.38357  1.39107  1.35224  1.35537  1.35921
  5054.84      1.9783  1.38352  1.39099  1.35221  1.35534  1.35921
  5053.34      1.9789  1.38347  1.39090  1.35218  1.35531  1.35921
  5051.84      1.9795  1.38344  1.39082  1.35215  1.35527  1.35921
  5050.34      1.9801  1.38341  1.39073  1.35211  1.35524  1.35921
  5048.84      1.9807  1.38340  1.39065  1.35206  1.35522  1.35920
  5047.34      1.9812  1.38338  1.39057  1.35202  1.35519  1.35916
  5045.84      1.9818  1.38336  1.39054  1.35198  1.35516  1.35912
  5044.34      1.9824  1.38334  1.39051  1.35195  1.35512  1.35907
  5042.84      1.9830  1.38330  1.39051  1.35193  1.35507  1.35901
  5041.34      1.9836  1.38327  1.39052  1.35191  1.35501  1.35896
  5039.84      1.9842  1.38323  1.39055  1.35189  1.35495  1.35891
  5038.34      1.9848  1.38318  1.39059  1.35187  1.35490  1.35885
  5036.84      1.9854  1.38314  1.39062  1.35184  1.35486  1.35879
  5035.34      1.9860  1.38310  1.39065  1.35181  1.35481  1.35874
  5033.84      1.9866  1.38306  1.39067  1.35177  1.35475  1.35870
  5032.34      1.9871  1.38304  1.39067  1.35173  1.35471  1.35867
  5030.84      1.9877  1.38301  1.39067  1.35168  1.35467  1.35864
  5029.34      1.9883  1.38298  1.39064  1.35163  1.35465  1.35861
  5027.84      1.9889  1.38294  1.39060  1.35158  1.35465  1.35859
  5026.34      1.9895  1.38291  1.39054  1.35152  1.35463  1.35856
  5024.84      1.9901  1.38288  1.39048  1.35147  1.35462  1.35854
  5023.34      1.9907  1.38284  1.39041  1.35144  1.35460  1.35852
  5021.84      1.9913  1.38280  1.39035  1.35143  1.35459  1.35850
  5020.34      1.9919  1.38276  1.39028  1.35143  1.35456  1.35849
  5018.84      1.9925  1.38273  1.39025  1.35143  1.35453  1.35848
  5017.34      1.9931  1.38272  1.39022  1.35142  1.35448  1.35846
  5015.84      1.9937  1.38271  1.39021  1.35142  1.35442  1.35844
  5014.34      1.9943  1.38270  1.39020  1.35143  1.35435  1.35841
  5012.84      1.9949  1.38271  1.39020  1.35143  1.35430  1.35836
  5011.34      1.9955  1.38271  1.39020  1.35143  1.35425  1.35832
  5009.84      1.9961  1.38273  1.39021  1.35141  1.35421  1.35828
  5008.34      1.9967  1.38274  1.39020  1.35138  1.35420  1.35822
  5006.83      1.9973  1.38276  1.39019  1.35135  1.35419  1.35815
  5005.33      1.9979  1.38277  1.39015  1.35132  1.35419  1.35808
  5003.83      1.9985  1.38276  1.39011  1.35128  1.35420  1.35801
  5002.33      1.9991  1.38275  1.39008  1.35124  1.35421  1.35795
  5000.83      1.9997  1.38273  1.39006  1.35120  1.35421  1.35792
  4999.33      2.0003  1.38269  1.39003  1.35117  1.35419  1.35788
  4997.83      2.0009  1.38264  1.39000  1.35113  1.35418  1.35785
  4996.33      2.0015  1.38259  1.38996  1.35111  1.35414  1.35781
  4994.83      2.0021  1.38253  1.38993  1.35108  1.35410  1.35779
  4993.33      2.0027  1.38246  1.38990  1.35106  1.35406  1.35777
  4991.83      2.0033  1.38241  1.38985  1.35105  1.35403  1.35776
  4990.33      2.0039  1.38236  1.38979  1.35103  1.35399  1.35774
  4988.83      2.0045  1.38232  1.38971  1.35101  1.35396  1.35770
  4987.33      2.0051  1.38228  1.38963  1.35100  1.35394  1.35766
  4985.83      2.0057  1.38225  1.38954  1.35098  1.35392  1.35761
  4984.33      2.0063  1.38223  1.38946  1.35094  1.35392  1.35755
  4982.83      2.0069  1.38219  1.38939  1.35090  1.35389  1.35751
  4981.33      2.0075  1.38216  1.38932  1.35086  1.35388  1.35745
  4979.83      2.0081  1.38213  1.38927  1.35081  1.35385  1.35740
  4978.33      2.0087  1.38209  1.38923  1.35076  1.35384  1.35737
  4976.83      2.0093  1.38204  1.38919  1.35070  1.35382  1.35734
  4975.33      2.0099  1.38199  1.38917  1.35065  1.35379  1.35733
  4973.83      2.0105  1.38194  1.38916  1.35058  1.35376  1.35733
  4972.33      2.0111  1.38190  1.38915  1.35053  1.35372  1.35733
  4970.83      2.0117  1.38185  1.38913  1.35048  1.35370  1.35733
  4969.33      2.0123  1.38182  1.38912  1.35044  1.35367  1.35733
  4967.83      2.0130  1.38181  1.38911  1.35040  1.35364  1.35732
  4966.33      2.0136  1.38179  1.38910  1.35037  1.35360  1.35729
  4964.83      2.0142  1.38179  1.38908  1.35034  1.35356  1.35726
  4963.33      2.0148  1.38177  1.38904  1.35031  1.35352  1.35721
  4961.83      2.0154  1.38175  1.38899  1.35029  1.35348  1.35715
  4960.33      2.0160  1.38174  1.38894  1.35027  1.35345  1.35710
  4958.83      2.0166  1.38172  1.38888  1.35024  1.35339  1.35704
  4957.33      2.0172  1.38168  1.38881  1.35021  1.35333  1.35699
  4955.83      2.0178  1.38163  1.38875  1.35017  1.35327  1.35694
  4954.33      2.0184  1.38158  1.38867  1.35013  1.35321  1.35690
  4952.83      2.0190  1.38151  1.38862  1.35010  1.35316  1.35687
  4951.33      2.0197  1.38145  1.38858  1.35007  1.35312  1.35686
  4949.83      2.0203  1.38140  1.38857  1.35004  1.35307  1.35684
  4948.33      2.0209  1.38134  1.38858  1.35002  1.35302  1.35683
  4946.83      2.0215  1.38130  1.38859  1.35000  1.35299  1.35681
  4945.33      2.0221  1.38127  1.38860  1.34999  1.35296  1.35678
  4943.83      2.0227  1.38125  1.38860  1.34998  1.35293  1.35674
  4942.33      2.0233  1.38122  1.38860  1.34997  1.35291  1.35670
  4940.83      2.0240  1.38121  1.38859  1.34997  1.35290  1.35665
  4939.33      2.0246  1.38118  1.38858  1.34996  1.35289  1.35658
  4937.83      2.0252  1.38115  1.38854  1.34996  1.35288  1.35651
  4936.33      2.0258  1.38111  1.38850  1.34995  1.35287  1.35642
  4934.83      2.0264  1.38105  1.38846  1.34994  1.35285  1.35634
  4933.33      2.0270  1.38099  1.38843  1.34993  1.35282  1.35623
  4931.83      2.0276  1.38093  1.38839  1.34991  1.35278  1.35613
  4930.33      2.0283  1.38087  1.38834  1.34989  1.35273  1.35602
  4928.83      2.0289  1.38081  1.38830  1.34986  1.35267  1.35591
  4927.33      2.0295  1.38076  1.38823  1.34983  1.35260  1.35581
  4925.83      2.0301  1.38073  1.38817  1.34980  1.35254  1.35571
  4924.33      2.0307  1.38073  1.38810  1.34976  1.35250  1.35564
  4922.83      2.0314  1.38072  1.38803  1.34973  1.35247  1.35556
  4921.33      2.0320  1.38071  1.38794  1.34969  1.35245  1.35550
  4919.83      2.0326  1.38071  1.38786  1.34967  1.35245  1.35546
  4918.33      2.0332  1.38071  1.38778  1.34964  1.35246  1.35543
  4916.83      2.0338  1.38072  1.38771  1.34962  1.35247  1.35542
  4915.33      2.0345  1.38070  1.38765  1.34958  1.35248  1.35541
  4913.83      2.0351  1.38067  1.38761  1.34955  1.35247  1.35541
  4912.33      2.0357  1.38061  1.38758  1.34951  1.35245  1.35540
  4910.83      2.0363  1.38054  1.38755  1.34947  1.35242  1.35539
  4909.33      2.0369  1.38048  1.38753  1.34942  1.35238  1.35539
  4907.83      2.0376  1.38041  1.38752  1.34937  1.35233  1.35537
  4906.33      2.0382  1.38034  1.38751  1.34930  1.35227  1.35533
  4904.83      2.0388  1.38027  1.38749  1.34923  1.35222  1.35527
  4903.33      2.0394  1.38021  1.38747  1.34916  1.35217  1.35521
  4901.83      2.0401  1.38016  1.38745  1.34907  1.35212  1.35515
  4900.33      2.0407  1.38014  1.38742  1.34899  1.35207  1.35509
  4898.83      2.0413  1.38011  1.38738  1.34891  1.35202  1.35501
  4897.33      2.0419  1.38008  1.38734  1.34884  1.35198  1.35493
  4895.83      2.0426  1.38005  1.38731  1.34877  1.35193  1.35484
  4894.33      2.0432  1.38002  1.38727  1.34871  1.35188  1.35476
  4892.83      2.0438  1.37999  1.38723  1.34864  1.35181  1.35468
  4891.33      2.0444  1.37994  1.38717  1.34859  1.35177  1.35461
  4889.83      2.0451  1.37988  1.38711  1.34854  1.35173  1.35455
  4888.33      2.0457  1.37982  1.38705  1.34852  1.35170  1.35448
  4886.83      2.0463  1.37975  1.38698  1.34851  1.35169  1.35440
  4885.33      2.0469  1.37969  1.38691  1.34850  1.35167  1.35433
  4883.83      2.0476  1.37964  1.38685  1.34850  1.35167  1.35427
  4882.33      2.0482  1.37959  1.38679  1.34849  1.35166  1.35422
  4880.83      2.0488  1.37953  1.38673  1.34848  1.35166  1.35418
  4879.33      2.0495  1.37949  1.38670  1.34848  1.35165  1.35414
  4877.83      2.0501  1.37945  1.38666  1.34847  1.35163  1.35410
  4876.33      2.0507  1.37941  1.38664  1.34846  1.35159  1.35406
  4874.83      2.0514  1.37937  1.38662  1.34842  1.35154  1.35404
  4873.33      2.0520  1.37934  1.38660  1.34839  1.35148  1.35403
  4871.83      2.0526  1.37930  1.38659  1.34832  1.35140  1.35401
  4870.32      2.0533  1.37927  1.38656  1.34826  1.35132  1.35400
  4868.82      2.0539  1.37923  1.38653  1.34819  1.35123  1.35397
  4867.32      2.0545  1.37920  1.38650  1.34811  1.35113  1.35395
  4865.82      2.0552  1.37917  1.38648  1.34803  1.35104  1.35392
  4864.32      2.0558  1.37913  1.38645  1.34795  1.35095  1.35389
  4862.82      2.0564  1.37909  1.38640  1.34788  1.35088  1.35384
  4861.32      2.0571  1.37905  1.38636  1.34781  1.35082  1.35380
  4859.82      2.0577  1.37901  1.38629  1.34774  1.35079  1.35377
  4858.32      2.0583  1.37896  1.38623  1.34768  1.35079  1.35374
  4856.82      2.0590  1.37892  1.38618  1.34763  1.35079  1.35370
  4855.32      2.0596  1.37886  1.38610  1.34759  1.35081  1.35366
  4853.82      2.0602  1.37881  1.38602  1.34754  1.35084  1.35362
  4852.32      2.0609  1.37876  1.38592  1.34748  1.35087  1.35357
  4850.82      2.0615  1.37870  1.38583  1.34744  1.35090  1.35354
  4849.32      2.0621  1.37865  1.38575  1.34739  1.35089  1.35349
  4847.82      2.0628  1.37860  1.38569  1.34734  1.35086  1.35345
  4846.32      2.0634  1.37856  1.38562  1.34730  1.35079  1.35342
  4844.82      2.0641  1.37852  1.38556  1.34725  1.35072  1.35337
  4843.32      2.0647  1.37848  1.38553  1.34722  1.35065  1.35334
  4841.82      2.0653  1.37845  1.38552  1.34720  1.35056  1.35331
  4840.32      2.0660  1.37843  1.38552  1.34718  1.35046  1.35328
  4838.82      2.0666  1.37841  1.38552  1.34717  1.35037  1.35325
  4837.32      2.0673  1.37840  1.38551  1.34714  1.35030  1.35321
  4835.82      2.0679  1.37839  1.38549  1.34713  1.35025  1.35317
  4834.32      2.0685  1.37837  1.38546  1.34711  1.35021  1.35313
  4832.82      2.0692  1.37836  1.38541  1.34711  1.35018  1.35306
  4831.32      2.0698  1.37833  1.38535  1.34708  1.35015  1.35300
  4829.82      2.0705  1.37831  1.38528  1.34705  1.35012  1.35294
  4828.32      2.0711  1.37826  1.38521  1.34700  1.35010  1.35286
  4826.82      2.0718  1.37821  1.38515  1.34695  1.35007  1.35277
  4825.32      2.0724  1.37814  1.38510  1.34692  1.35004  1.35268
  4823.82      2.0730  1.37807  1.38507  1.34686  1.35000  1.35259
  4822.32      2.0737  1.37801  1.38505  1.34680  1.34995  1.35248
  4820.82      2.0743  1.37795  1.38506  1.34674  1.34990  1.35239
  4819.32      2.0750  1.37788  1.38508  1.34667  1.34985  1.35231
  4817.82      2.0756  1.37783  1.38511  1.34661  1.34980  1.35223
  4816.32      2.0763  1.37778  1.38513  1.34655  1.34974  1.35217
  4814.82      2.0769  1.37774  1.38513  1.34650  1.34970  1.35211
  4813.32      2.0776  1.37770  1.38512  1.34644  1.34966  1.35208
  4811.82      2.0782  1.37766  1.38510  1.34639  1.34961  1.35205
  4810.32      2.0789  1.37762  1.38505  1.34635  1.34958  1.35204
  4808.82      2.0795  1.37757  1.38498  1.34630  1.34953  1.35203
  4807.32      2.0802  1.37752  1.38489  1.34626  1.34950  1.35202
  4805.82      2.0808  1.37748  1.38479  1.34620  1.34948  1.35201
  4804.32      2.0815  1.37745  1.38470  1.34614  1.34945  1.35199
  4802.82      2.0821  1.37742  1.38461  1.34608  1.34944  1.35197
  4801.32      2.0828  1.37739  1.38452  1.34601  1.34941  1.35194
  4799.82      2.0834  1.37735  1.38444  1.34594  1.34939  1.35190
  4798.32      2.0841  1.37730  1.38436  1.34589  1.34938  1.35185
  4796.82      2.0847  1.37726  1.38430  1.34585  1.34935  1.35180
  4795.32      2.0854  1.37721  1.38425  1.34581  1.34933  1.35174
  4793.82      2.0860  1.37716  1.38421  1.34579  1.34931  1.35168
  4792.32      2.0867  1.37708  1.38416  1.34578  1.34928  1.35161
  4790.82      2.0873  1.37700  1.38411  1.34577  1.34925  1.35154
  4789.32      2.0880  1.37692  1.38408  1.34578  1.34920  1.35147
  4787.82      2.0886  1.37685  1.38403  1.34579  1.34916  1.35140
  4786.32      2.0893  1.37677  1.38397  1.34580  1.34911  1.35133
  4784.82      2.0899  1.37669  1.38391  1.34580  1.34906  1.35125
  4783.32      2.0906  1.37661  1.38384  1.34579  1.34901  1.35119
  4781.82      2.0913  1.37654  1.38376  1.34578  1.34896  1.35112
  4780.32      2.0919  1.37648  1.38367  1.34575  1.34891  1.35107
  4778.82      2.0926  1.37643  1.38359  1.34572  1.34888  1.35102
  4777.32      2.0932  1.37639  1.38351  1.34568  1.34885  1.35097
  4775.82      2.0939  1.37636  1.38341  1.34562  1.34881  1.35094
  4774.32      2.0945  1.37633  1.38332  1.34557  1.34878  1.35092
  4772.82      2.0952  1.37630  1.38323  1.34550  1.34876  1.35091
  4771.32      2.0959  1.37628  1.38317  1.34545  1.34874  1.35090
  4769.82      2.0965  1.37626  1.38311  1.34541  1.34872  1.35089
  4768.32      2.0972  1.37623  1.38305  1.34536  1.34870  1.35089
  4766.82      2.0978  1.37620  1.38301  1.34533  1.34867  1.35087
  4765.32      2.0985  1.37617  1.38297  1.34530  1.34866  1.35086
  4763.82      2.0992  1.37614  1.38295  1.34528  1.34864  1.35083
  4762.32      2.0998  1.37612  1.38293  1.34528  1.34863  1.35079
  4760.82      2.1005  1.37610  1.38292  1.34528  1.34863  1.35076
  4759.32      2.1011  1.37608  1.38291  1.34528  1.34863  1.35073
  4757.82      2.1018  1.37607  1.38289  1.34528  1.34863  1.35071
  4756.32      2.1025  1.37607  1.38289  1.34527  1.34863  1.35069
  4754.82      2.1031  1.37606  1.38290  1.34527  1.34863  1.35068
  4753.32      2.1038  1.37605  1.38290  1.34526  1.34864  1.35068
  4751.82      2.1045  1.37605  1.38292  1.34526  1.34865  1.35069
  4750.32      2.1051  1.37604  1.38293  1.34526  1.34865  1.35072
  4748.82      2.1058  1.37603  1.38296  1.34526  1.34865  1.35073
  4747.32      2.1065  1.37603  1.38298  1.34526  1.34864  1.35074
  4745.82      2.1071  1.37601  1.38301  1.34525  1.34863  1.35074
  4744.32      2.1078  1.37600  1.38302  1.34525  1.34862  1.35074
  4742.82      2.1085  1.37600  1.38304  1.34523  1.34860  1.35072
  4741.32      2.1091  1.37600  1.38307  1.34522  1.34859  1.35071
  4739.82      2.1098  1.37599  1.38307  1.34519  1.34856  1.35068
  4738.31      2.1105  1.37599  1.38306  1.34517  1.34854  1.35065
  4736.81      2.1111  1.37597  1.38306  1.34514  1.34853  1.35062
  4735.31      2.1118  1.37597  1.38303  1.34511  1.34853  1.35059
  4733.81      2.1125  1.37597  1.38301  1.34508  1.34853  1.35056
  4732.31      2.1131  1.37595  1.38296  1.34505  1.34853  1.35053
  4730.81      2.1138  1.37594  1.38290  1.34503  1.34852  1.35051
  4729.31      2.1145  1.37592  1.38282  1.34503  1.34850  1.35048
  4727.81      2.1151  1.37587  1.38272  1.34503  1.34848  1.35046
  4726.31      2.1158  1.37583  1.38263  1.34501  1.34845  1.35044
  4724.81      2.1165  1.37577  1.38255  1.34500  1.34841  1.35042
  4723.31      2.1172  1.37570  1.38247  1.34497  1.34835  1.35039
  4721.81      2.1178  1.37562  1.38239  1.34494  1.34827  1.35035
  4720.31      2.1185  1.37554  1.38233  1.34492  1.34819  1.35032
  4718.81      2.1192  1.37546  1.38226  1.34488  1.34811  1.35027
  4717.31      2.1199  1.37538  1.38220  1.34482  1.34803  1.35022
  4715.81      2.1205  1.37531  1.38214  1.34475  1.34796  1.35017
  4714.31      2.1212  1.37524  1.38207  1.34468  1.34788  1.35012
  4712.81      2.1219  1.37517  1.38200  1.34461  1.34781  1.35005
  4711.31      2.1226  1.37510  1.38193  1.34453  1.34774  1.35001
  4709.81      2.1232  1.37502  1.38186  1.34446  1.34769  1.34996
  4708.31      2.1239  1.37494  1.38179  1.34439  1.34765  1.34991
  4706.81      2.1246  1.37486  1.38173  1.34433  1.34762  1.34988
  4705.31      2.1253  1.37477  1.38167  1.34427  1.34759  1.34985
  4703.81      2.1259  1.37469  1.38164  1.34423  1.34756  1.34981
  4702.31      2.1266  1.37461  1.38161  1.34419  1.34752  1.34977
  4700.81      2.1273  1.37455  1.38158  1.34417  1.34750  1.34974
  4699.31      2.1280  1.37449  1.38155  1.34415  1.34748  1.34971
  4697.81      2.1287  1.37445  1.38152  1.34414  1.34745  1.34968
  4696.31      2.1293  1.37442  1.38150  1.34412  1.34741  1.34963
  4694.81      2.1300  1.37440  1.38147  1.34410  1.34737  1.34958
  4693.31      2.1307  1.37438  1.38145  1.34409  1.34733  1.34954
  4691.81      2.1314  1.37436  1.38142  1.34406  1.34729  1.34949
  4690.31      2.1321  1.37433  1.38140  1.34404  1.34726  1.34944
  4688.81      2.1327  1.37430  1.38137  1.34400  1.34723  1.34940
  4687.31      2.1334  1.37425  1.38134  1.34396  1.34722  1.34936
  4685.81      2.1341  1.37420  1.38130  1.34391  1.34719  1.34931
  4684.31      2.1348  1.37416  1.38124  1.34387  1.34717  1.34928
  4682.81      2.1355  1.37411  1.38118  1.34381  1.34715  1.34924
  4681.31      2.1362  1.37406  1.38110  1.34375  1.34712  1.34920
  4679.81      2.1368  1.37401  1.38103  1.34370  1.34709  1.34916
  4678.31      2.1375  1.37396  1.38095  1.34363  1.34703  1.34909
  4676.81      2.1382  1.37392  1.38087  1.34357  1.34697  1.34902
  4675.31      2.1389  1.37388  1.38079  1.34351  1.34689  1.34894
  4673.81      2.1396  1.37383  1.38072  1.34345  1.34682  1.34886
  4672.31      2.1403  1.37378  1.38065  1.34339  1.34675  1.34878
  4670.81      2.1410  1.37373  1.38060  1.34335  1.34667  1.34870
  4669.31      2.1416  1.37368  1.38055  1.34332  1.34659  1.34862
  4667.81      2.1423  1.37362  1.38049  1.34328  1.34652  1.34854
  4666.31      2.1430  1.37358  1.38042  1.34325  1.34646  1.34846
  4664.81      2.1437  1.37352  1.38037  1.34322  1.34640  1.34839
  4663.31      2.1444  1.37346  1.38031  1.34317  1.34635  1.34834
  4661.81      2.1451  1.37341  1.38027  1.34315  1.34631  1.34830
  4660.31      2.1458  1.37336  1.38020  1.34310  1.34627  1.34825
  4658.81      2.1465  1.37331  1.38012  1.34305  1.34624  1.34822
  4657.31      2.1472  1.37325  1.38004  1.34299  1.34623  1.34819
  4655.81      2.1479  1.37318  1.37996  1.34293  1.34621  1.34816
  4654.31      2.1485  1.37310  1.37988  1.34285  1.34619  1.34812
  4652.81      2.1492  1.37301  1.37980  1.34277  1.34618  1.34809
  4651.31      2.1499  1.37293  1.37971  1.34269  1.34615  1.34806
  4649.81      2.1506  1.37284  1.37962  1.34261  1.34614  1.34802
  4648.31      2.1513  1.37274  1.37955  1.34252  1.34611  1.34798
  4646.81      2.1520  1.37265  1.37948  1.34243  1.34606  1.34791
  4645.31      2.1527  1.37258  1.37940  1.34234  1.34599  1.34784
  4643.81      2.1534  1.37251  1.37935  1.34224  1.34591  1.34777
  4642.31      2.1541  1.37245  1.37929  1.34216  1.34583  1.34770
  4640.81      2.1548  1.37238  1.37924  1.34209  1.34573  1.34764
  4639.31      2.1555  1.37233  1.37918  1.34203  1.34563  1.34759
  4637.81      2.1562  1.37229  1.37912  1.34197  1.34554  1.34752
  4636.31      2.1569  1.37225  1.37906  1.34192  1.34545  1.34746
  4634.81      2.1576  1.37221  1.37900  1.34188  1.34536  1.34741
  4633.31      2.1583  1.37216  1.37892  1.34183  1.34527  1.34736
  4631.81      2.1590  1.37211  1.37884  1.34179  1.34520  1.34730
  4630.31      2.1597  1.37208  1.37876  1.34175  1.34513  1.34724
  4628.81      2.1604  1.37203  1.37868  1.34170  1.34508  1.34716
  4627.31      2.1611  1.37197  1.37859  1.34165  1.34502  1.34707
  4625.81      2.1618  1.37192  1.37850  1.34158  1.34494  1.34696
  4624.31      2.1625  1.37185  1.37842  1.34151  1.34487  1.34685
  4622.81      2.1632  1.37177  1.37835  1.34143  1.34479  1.34674
  4621.31      2.1639  1.37169  1.37829  1.34133  1.34472  1.34663
  4619.81      2.1646  1.37160  1.37822  1.34125  1.34465  1.34652
  4618.31      2.1653  1.37151  1.37816  1.34117  1.34458  1.34642
  4616.81      2.1660  1.37141  1.37810  1.34107  1.34452  1.34633
  4615.31      2.1667  1.37129  1.37804  1.34098  1.34447  1.34625
  4613.81      2.1674  1.37118  1.37799  1.34089  1.34442  1.34619
  4612.31      2.1681  1.37107  1.37791  1.34079  1.34439  1.34613
  4610.81      2.1688  1.37097  1.37784  1.34070  1.34435  1.34608
  4609.31      2.1695  1.37089  1.37775  1.34061  1.34430  1.34604
  4607.81      2.1702  1.37079  1.37768  1.34052  1.34426  1.34600
  4606.31      2.1709  1.37071  1.37761  1.34044  1.34421  1.34597
  4604.81      2.1716  1.37064  1.37754  1.34036  1.34413  1.34593
  4603.31      2.1724  1.37059  1.37748  1.34027  1.34407  1.34590
  4601.80      2.1731  1.37053  1.37742  1.34020  1.34399  1.34586
  4600.30      2.1738  1.37047  1.37736  1.34013  1.34391  1.34582
  4598.80      2.1745  1.37042  1.37732  1.34008  1.34385  1.34578
  4597.30      2.1752  1.37035  1.37728  1.34001  1.34378  1.34573
  4595.80      2.1759  1.37030  1.37724  1.33995  1.34372  1.34568
  4594.30      2.1766  1.37025  1.37720  1.33989  1.34367  1.34564
  4592.80      2.1773  1.37019  1.37716  1.33982  1.34361  1.34558
  4591.30      2.1780  1.37014  1.37710  1.33975  1.34355  1.34552
  4589.80      2.1787  1.37009  1.37705  1.33968  1.34350  1.34546
  4588.30      2.1795  1.37004  1.37697  1.33962  1.34344  1.34541
  4586.80      2.1802  1.37000  1.37690  1.33956  1.34337  1.34535
  4585.30      2.1809  1.36996  1.37682  1.33950  1.34329  1.34529
  4583.80      2.1816  1.36990  1.37671  1.33945  1.34321  1.34522
  4582.30      2.1823  1.36984  1.37661  1.33942  1.34313  1.34515
  4580.80      2.1830  1.36979  1.37650  1.33938  1.34304  1.34507
  4579.30      2.1837  1.36972  1.37640  1.33936  1.34296  1.34499
  4577.80      2.1845  1.36965  1.37629  1.33934  1.34288  1.34491
  4576.30      2.1852  1.36959  1.37618  1.33932  1.34279  1.34484
  4574.80      2.1859  1.36951  1.37607  1.33929  1.34271  1.34477
  4573.30      2.1866  1.36943  1.37598  1.33925  1.34262  1.34471
  4571.80      2.1873  1.36935  1.37589  1.33922  1.34254  1.34465
  4570.30      2.1880  1.36928  1.37581  1.33917  1.34247  1.34460
  4568.80      2.1888  1.36921  1.37574  1.33912  1.34240  1.34456
  4567.30      2.1895  1.36915  1.37568  1.33907  1.34234  1.34452
  4565.80      2.1902  1.36909  1.37562  1.33901  1.34228  1.34449
  4564.30      2.1909  1.36902  1.37558  1.33895  1.34221  1.34445
  4562.80      2.1916  1.36898  1.37555  1.33889  1.34215  1.34442
  4561.30      2.1924  1.36892  1.37550  1.33883  1.34209  1.34437
  4559.80      2.1931  1.36887  1.37545  1.33877  1.34204  1.34432
  4558.30      2.1938  1.36880  1.37540  1.33870  1.34199  1.34424
  4556.80      2.1945  1.36875  1.37535  1.33863  1.34193  1.34417
  4555.30      2.1952  1.36869  1.37529  1.33856  1.34187  1.34409
  4553.80      2.1960  1.36862  1.37524  1.33849  1.34182  1.34401
  4552.30      2.1967  1.36855  1.37517  1.33840  1.34176  1.34393
  4550.80      2.1974  1.36847  1.37511  1.33832  1.34172  1.34385
  4549.30      2.1981  1.36840  1.37505  1.33826  1.34168  1.34377
  4547.80      2.1989  1.36833  1.37500  1.33819  1.34163  1.34369
  4546.30      2.1996  1.36826  1.37494  1.33812  1.34159  1.34361
  4544.80      2.2003  1.36819  1.37489  1.33807  1.34156  1.34354
  4543.30      2.2010  1.36813  1.37484  1.33800  1.34153  1.34348
  4541.80      2.2018  1.36808  1.37478  1.33794  1.34150  1.34342
  4540.30      2.2025  1.36803  1.37472  1.33790  1.34146  1.34336
  4538.80      2.2032  1.36798  1.37464  1.33786  1.34142  1.34330
  4537.30      2.2040  1.36793  1.37457  1.33782  1.34135  1.34324
  4535.80      2.2047  1.36789  1.37449  1.33779  1.34128  1.34320
  4534.30      2.2054  1.36785  1.37440  1.33776  1.34121  1.34315
  4532.80      2.2061  1.36780  1.37432  1.33773  1.34113  1.34311
  4531.30      2.2069  1.36776  1.37422  1.33770  1.34104  1.34308
  4529.80      2.2076  1.36771  1.37414  1.33767  1.34095  1.34305
  4528.30      2.2083  1.36766  1.37406  1.33763  1.34086  1.34300
  4526.80      2.2091  1.36763  1.37400  1.33759  1.34078  1.34297
  4525.30      2.2098  1.36758  1.37394  1.33755  1.34072  1.34292
  4523.80      2.2105  1.36752  1.37389  1.33750  1.34066  1.34287
  4522.30      2.2113  1.36747  1.37386  1.33746  1.34060  1.34283
  4520.80      2.2120  1.36742  1.37381  1.33740  1.34057  1.34277
  4519.30      2.2127  1.36737  1.37376  1.33734  1.34053  1.34272
  4517.80      2.2135  1.36731  1.37372  1.33727  1.34049  1.34266
  4516.30      2.2142  1.36725  1.37367  1.33721  1.34045  1.34261
  4514.80      2.2149  1.36718  1.37361  1.33715  1.34040  1.34255
  4513.30      2.2157  1.36712  1.37354  1.33708  1.34036  1.34251
  4511.80      2.2164  1.36706  1.37346  1.33700  1.34032  1.34245
  4510.30      2.2171  1.36698  1.37339  1.33692  1.34027  1.34239
  4508.80      2.2179  1.36691  1.37331  1.33685  1.34022  1.34233
  4507.30      2.2186  1.36683  1.37324  1.33679  1.34017  1.34227
  4505.80      2.2194  1.36676  1.37317  1.33674  1.34011  1.34221
  4504.30      2.2201  1.36670  1.37310  1.33670  1.34005  1.34214
  4502.80      2.2208  1.36664  1.37302  1.33665  1.33999  1.34208
  4501.30      2.2216  1.36658  1.37294  1.33660  1.33993  1.34202
  4499.80      2.2223  1.36653  1.37286  1.33656  1.33985  1.34196
  4498.30      2.2231  1.36647  1.37279  1.33652  1.33977  1.34190
  4496.80      2.2238  1.36642  1.37272  1.33647  1.33969  1.34183
  4495.30      2.2245  1.36638  1.37265  1.33641  1.33962  1.34178
  4493.80      2.2253  1.36633  1.37259  1.33634  1.33954  1.34172
  4492.30      2.2260  1.36627  1.37254  1.33626  1.33947  1.34166
  4490.80      2.2268  1.36619  1.37251  1.33617  1.33940  1.34159
  4489.30      2.2275  1.36613  1.37249  1.33609  1.33934  1.34153
  4487.80      2.2283  1.36607  1.37247  1.33601  1.33928  1.34147
  4486.30      2.2290  1.36599  1.37246  1.33593  1.33923  1.34141
  4484.80      2.2298  1.36591  1.37244  1.33585  1.33918  1.34134
  4483.30      2.2305  1.36582  1.37242  1.33578  1.33911  1.34129
  4481.80      2.2312  1.36575  1.37238  1.33573  1.33905  1.34124
  4480.30      2.2320  1.36567  1.37233  1.33567  1.33899  1.34119
  4478.80      2.2327  1.36559  1.37226  1.33562  1.33891  1.34114
  4477.30      2.2335  1.36551  1.37218  1.33557  1.33883  1.34110
  4475.80      2.2342  1.36543  1.37209  1.33552  1.33874  1.34106
  4474.30      2.2350  1.36534  1.37200  1.33547  1.33864  1.34101
  4472.80      2.2357  1.36525  1.37190  1.33543  1.33855  1.34097
  4471.30      2.2365  1.36517  1.37182  1.33537  1.33846  1.34093
  4469.79      2.2372  1.36509  1.37174  1.33532  1.33838  1.34088
  4468.29      2.2380  1.36502  1.37165  1.33527  1.33832  1.34083
  4466.79      2.2387  1.36495  1.37157  1.33521  1.33826  1.34077
  4465.29      2.2395  1.36488  1.37150  1.33516  1.33821  1.34071
  4463.79      2.2402  1.36481  1.37143  1.33509  1.33818  1.34064
  4462.29      2.2410  1.36474  1.37137  1.33502  1.33814  1.34056
  4460.79      2.2418  1.36468  1.37129  1.33495  1.33810  1.34049
  4459.29      2.2425  1.36461  1.37121  1.33486  1.33806  1.34040
  4457.79      2.2433  1.36453  1.37114  1.33478  1.33802  1.34031
  4456.29      2.2440  1.36446  1.37106  1.33469  1.33797  1.34022
  4454.79      2.2448  1.36439  1.37097  1.33461  1.33791  1.34014
  4453.29      2.2455  1.36432  1.37088  1.33453  1.33785  1.34005
  4451.79      2.2463  1.36424  1.37078  1.33443  1.33779  1.33995
  4450.29      2.2470  1.36416  1.37067  1.33435  1.33772  1.33987
  4448.79      2.2478  1.36409  1.37056  1.33428  1.33766  1.33980
  4447.29      2.2486  1.36400  1.37044  1.33422  1.33760  1.33974
  4445.79      2.2493  1.36391  1.37033  1.33417  1.33752  1.33969
  4444.29      2.2501  1.36382  1.37022  1.33411  1.33743  1.33963
  4442.79      2.2508  1.36371  1.37013  1.33405  1.33734  1.33958
  4441.29      2.2516  1.36362  1.37004  1.33401  1.33725  1.33955
  4439.79      2.2524  1.36353  1.36996  1.33396  1.33716  1.33952
  4438.29      2.2531  1.36345  1.36991  1.33392  1.33705  1.33949
  4436.79      2.2539  1.36336  1.36986  1.33389  1.33695  1.33946
  4435.29      2.2546  1.36328  1.36982  1.33384  1.33685  1.33942
  4433.79      2.2554  1.36321  1.36979  1.33379  1.33676  1.33938
  4432.29      2.2562  1.36314  1.36976  1.33374  1.33668  1.33935
  4430.79      2.2569  1.36309  1.36972  1.33367  1.33660  1.33930
  4429.29      2.2577  1.36302  1.36966  1.33361  1.33652  1.33925
  4427.79      2.2585  1.36296  1.36960  1.33355  1.33646  1.33919
  4426.29      2.2592  1.36290  1.36954  1.33348  1.33638  1.33912
  4424.79      2.2600  1.36285  1.36946  1.33340  1.33631  1.33904
  4423.29      2.2608  1.36280  1.36940  1.33332  1.33624  1.33896
  4421.79      2.2615  1.36275  1.36932  1.33324  1.33616  1.33887
  4420.29      2.2623  1.36269  1.36925  1.33318  1.33607  1.33877
  4418.79      2.2631  1.36262  1.36917  1.33310  1.33599  1.33867
  4417.29      2.2638  1.36255  1.36910  1.33302  1.33591  1.33857
  4415.79      2.2646  1.36246  1.36904  1.33294  1.33582  1.33847
  4414.29      2.2654  1.36238  1.36896  1.33288  1.33575  1.33840
  4412.79      2.2661  1.36229  1.36888  1.33282  1.33568  1.33832
  4411.29      2.2669  1.36219  1.36880  1.33275  1.33562  1.33824
  4409.79      2.2677  1.36210  1.36873  1.33268  1.33555  1.33816
  4408.29      2.2685  1.36201  1.36865  1.33261  1.33552  1.33809
  4406.79      2.2692  1.36194  1.36859  1.33255  1.33547  1.33803
  4405.29      2.2700  1.36188  1.36852  1.33249  1.33543  1.33797
  4403.79      2.2708  1.36181  1.36847  1.33244  1.33537  1.33790
  4402.29      2.2715  1.36175  1.36843  1.33236  1.33532  1.33783
  4400.79      2.2723  1.36170  1.36839  1.33230  1.33527  1.33774
  4399.29      2.2731  1.36166  1.36836  1.33224  1.33522  1.33766
  4397.79      2.2739  1.36160  1.36832  1.33219  1.33516  1.33758
  4396.29      2.2746  1.36153  1.36829  1.33213  1.33510  1.33749
  4394.79      2.2754  1.36146  1.36823  1.33209  1.33505  1.33742
  4393.29      2.2762  1.36139  1.36816  1.33204  1.33499  1.33734
  4391.79      2.2770  1.36132  1.36808  1.33198  1.33494  1.33725
  4390.29      2.2778  1.36123  1.36800  1.33193  1.33490  1.33717
  4388.79      2.2785  1.36115  1.36790  1.33186  1.33484  1.33708
  4387.29      2.2793  1.36106  1.36781  1.33180  1.33477  1.33701
  4385.79      2.2801  1.36098  1.36772  1.33174  1.33471  1.33695
  4384.29      2.2809  1.36090  1.36763  1.33167  1.33463  1.33688
  4382.79      2.2817  1.36082  1.36755  1.33159  1.33455  1.33680
  4381.29      2.2824  1.36074  1.36747  1.33151  1.33446  1.33673
  4379.79      2.2832  1.36067  1.36740  1.33144  1.33438  1.33666
  4378.29      2.2840  1.36059  1.36733  1.33136  1.33430  1.33658
  4376.79      2.2848  1.36051  1.36727  1.33128  1.33422  1.33650
  4375.29      2.2856  1.36042  1.36720  1.33120  1.33414  1.33641
  4373.79      2.2863  1.36035  1.36713  1.33112  1.33407  1.33631
  4372.29      2.2871  1.36026  1.36704  1.33105  1.33400  1.33622
  4370.79      2.2879  1.36016  1.36695  1.33097  1.33391  1.33612
  4369.29      2.2887  1.36007  1.36685  1.33089  1.33383  1.33603
  4367.79      2.2895  1.35999  1.36675  1.33081  1.33374  1.33594
  4366.29      2.2903  1.35990  1.36663  1.33075  1.33364  1.33584
  4364.79      2.2911  1.35982  1.36651  1.33068  1.33354  1.33577
  4363.29      2.2919  1.35973  1.36639  1.33060  1.33345  1.33570
  4361.79      2.2926  1.35965  1.36628  1.33053  1.33335  1.33564
  4360.29      2.2934  1.35959  1.36617  1.33045  1.33327  1.33557
  4358.79      2.2942  1.35953  1.36608  1.33038  1.33320  1.33551
  4357.29      2.2950  1.35945  1.36597  1.33031  1.33313  1.33544
  4355.79      2.2958  1.35939  1.36588  1.33024  1.33305  1.33536
  4354.29      2.2966  1.35932  1.36579  1.33016  1.33297  1.33527
  4352.79      2.2974  1.35926  1.36570  1.33009  1.33290  1.33518
  4351.29      2.2982  1.35918  1.36562  1.33000  1.33282  1.33509
  4349.79      2.2990  1.35910  1.36554  1.32993  1.33273  1.33500
  4348.29      2.2998  1.35900  1.36544  1.32985  1.33263  1.33489
  4346.79      2.3006  1.35891  1.36536  1.32978  1.33252  1.33480
  4345.29      2.3013  1.35882  1.36527  1.32971  1.33242  1.33471
  4343.79      2.3021  1.35873  1.36518  1.32961  1.33231  1.33461
  4342.29      2.3029  1.35864  1.36509  1.32952  1.33220  1.33453
  4340.79      2.3037  1.35854  1.36500  1.32943  1.33211  1.33445
  4339.29      2.3045  1.35844  1.36490  1.32934  1.33201  1.33438
  4337.79      2.3053  1.35836  1.36481  1.32925  1.33193  1.33430
  4336.29      2.3061  1.35827  1.36472  1.32917  1.33185  1.33423
  4334.79      2.3069  1.35817  1.36463  1.32907  1.33177  1.33416
  4333.28      2.3077  1.35808  1.36455  1.32899  1.33170  1.33410
  4331.78      2.3085  1.35799  1.36447  1.32893  1.33164  1.33403
  4330.28      2.3093  1.35789  1.36440  1.32886  1.33157  1.33396
  4328.78      2.3101  1.35780  1.36434  1.32880  1.33150  1.33388
  4327.28      2.3109  1.35772  1.36427  1.32874  1.33142  1.33379
  4325.78      2.3117  1.35762  1.36420  1.32868  1.33132  1.33369
  4324.28      2.3125  1.35754  1.36415  1.32862  1.33124  1.33359
  4322.78      2.3133  1.35746  1.36410  1.32854  1.33116  1.33347
  4321.28      2.3141  1.35738  1.36405  1.32847  1.33109  1.33334
  4319.78      2.3149  1.35730  1.36400  1.32839  1.33102  1.33321
  4318.28      2.3157  1.35723  1.36393  1.32831  1.33096  1.33307
  4316.78      2.3165  1.35715  1.36387  1.32823  1.33089  1.33295
  4315.28      2.3173  1.35707  1.36380  1.32814  1.33081  1.33284
  4313.78      2.3182  1.35698  1.36372  1.32805  1.33075  1.33273
  4312.28      2.3190  1.35691  1.36362  1.32798  1.33068  1.33263
  4310.78      2.3198  1.35682  1.36351  1.32789  1.33060  1.33255
  4309.28      2.3206  1.35674  1.36338  1.32781  1.33050  1.33247
  4307.78      2.3214  1.35665  1.36327  1.32773  1.33040  1.33242
  4306.28      2.3222  1.35657  1.36316  1.32764  1.33029  1.33236
  4304.78      2.3230  1.35649  1.36305  1.32756  1.33018  1.33231
  4303.28      2.3238  1.35641  1.36294  1.32748  1.33009  1.33226
  4301.78      2.3246  1.35633  1.36284  1.32741  1.33001  1.33219
  4300.28      2.3254  1.35626  1.36276  1.32734  1.32993  1.33212
  4298.78      2.3262  1.35618  1.36268  1.32728  1.32985  1.33205
  4297.28      2.3271  1.35611  1.36260  1.32722  1.32978  1.33197
  4295.78      2.3279  1.35603  1.36252  1.32716  1.32970  1.33189
  4294.28      2.3287  1.35596  1.36245  1.32711  1.32962  1.33179
  4292.78      2.3295  1.35587  1.36237  1.32706  1.32954  1.33170
  4291.28      2.3303  1.35580  1.36230  1.32700  1.32945  1.33160
  4289.78      2.3311  1.35571  1.36223  1.32694  1.32935  1.33151
  4288.28      2.3319  1.35562  1.36215  1.32686  1.32925  1.33142
  4286.78      2.3328  1.35552  1.36208  1.32678  1.32914  1.33133
  4285.28      2.3336  1.35543  1.36198  1.32670  1.32903  1.33123
  4283.78      2.3344  1.35534  1.36189  1.32662  1.32894  1.33113
  4282.28      2.3352  1.35524  1.36181  1.32654  1.32884  1.33103
  4280.78      2.3360  1.35515  1.36172  1.32645  1.32875  1.33093
  4279.28      2.3368  1.35506  1.36166  1.32637  1.32867  1.33083
  4277.78      2.3377  1.35496  1.36158  1.32629  1.32858  1.33072
  4276.28      2.3385  1.35488  1.36152  1.32622  1.32850  1.33062
  4274.78      2.3393  1.35479  1.36146  1.32615  1.32843  1.33052
  4273.28      2.3401  1.35471  1.36142  1.32609  1.32837  1.33041
  4271.78      2.3409  1.35463  1.36137  1.32602  1.32830  1.33032
  4270.28      2.3418  1.35455  1.36130  1.32595  1.32823  1.33023
  4268.78      2.3426  1.35445  1.36122  1.32586  1.32815  1.33014
  4267.28      2.3434  1.35436  1.36112  1.32578  1.32809  1.33006
  4265.78      2.3442  1.35426  1.36101  1.32570  1.32803  1.32997
  4264.28      2.3451  1.35416  1.36089  1.32560  1.32797  1.32988
  4262.78      2.3459  1.35405  1.36077  1.32551  1.32789  1.32978
  4261.28      2.3467  1.35395  1.36066  1.32540  1.32781  1.32969
  4259.78      2.3475  1.35384  1.36054  1.32530  1.32772  1.32959
  4258.28      2.3484  1.35374  1.36044  1.32519  1.32763  1.32948
  4256.78      2.3492  1.35366  1.36033  1.32507  1.32754  1.32937
  4255.28      2.3500  1.35358  1.36023  1.32496  1.32745  1.32927
  4253.78      2.3509  1.35349  1.36014  1.32484  1.32734  1.32917
  4252.28      2.3517  1.35341  1.36004  1.32473  1.32723  1.32908
  4250.78      2.3525  1.35332  1.35994  1.32462  1.32712  1.32898
  4249.28      2.3533  1.35323  1.35982  1.32452  1.32702  1.32888
  4247.78      2.3542  1.35314  1.35971  1.32442  1.32692  1.32879
  4246.28      2.3550  1.35303  1.35959  1.32431  1.32681  1.32868
  4244.78      2.3558  1.35290  1.35948  1.32420  1.32671  1.32857
  4243.28      2.3567  1.35278  1.35939  1.32412  1.32659  1.32845
  4241.78      2.3575  1.35265  1.35929  1.32403  1.32648  1.32834
  4240.28      2.3583  1.35252  1.35919  1.32394  1.32635  1.32821
  4238.78      2.3592  1.35241  1.35911  1.32386  1.32623  1.32808
  4237.28      2.3600  1.35229  1.35901  1.32376  1.32609  1.32795
  4235.78      2.3608  1.35218  1.35893  1.32368  1.32596  1.32784
  4234.28      2.3617  1.35208  1.35884  1.32360  1.32583  1.32774
  4232.78      2.3625  1.35197  1.35875  1.32352  1.32571  1.32764
  4231.28      2.3634  1.35186  1.35864  1.32343  1.32559  1.32754
  4229.78      2.3642  1.35175  1.35855  1.32334  1.32549  1.32743
  4228.28      2.3650  1.35165  1.35843  1.32324  1.32538  1.32731
  4226.78      2.3659  1.35154  1.35832  1.32314  1.32529  1.32720
  4225.28      2.3667  1.35144  1.35821  1.32304  1.32520  1.32708
  4223.78      2.3675  1.35133  1.35809  1.32293  1.32511  1.32696
  4222.28      2.3684  1.35123  1.35796  1.32282  1.32502  1.32683
  4220.78      2.3692  1.35114  1.35783  1.32270  1.32494  1.32669
  4219.28      2.3701  1.35104  1.35770  1.32258  1.32484  1.32656
  4217.78      2.3709  1.35095  1.35758  1.32245  1.32475  1.32642
  4216.28      2.3718  1.35087  1.35746  1.32233  1.32465  1.32630
  4214.78      2.3726  1.35077  1.35734  1.32222  1.32455  1.32616
  4213.28      2.3735  1.35068  1.35723  1.32210  1.32445  1.32605
  4211.78      2.3743  1.35058  1.35710  1.32200  1.32435  1.32593
  4210.28      2.3751  1.35048  1.35699  1.32190  1.32425  1.32582
  4208.78      2.3760  1.35038  1.35688  1.32183  1.32414  1.32571
  4207.28      2.3768  1.35027  1.35677  1.32175  1.32404  1.32562
  4205.78      2.3777  1.35017  1.35666  1.32167  1.32392  1.32551
  4204.28      2.3785  1.35006  1.35654  1.32159  1.32380  1.32543
  4202.78      2.3794  1.34995  1.35645  1.32151  1.32369  1.32536
  4201.27      2.3802  1.34985  1.35635  1.32142  1.32358  1.32528
  4199.77      2.3811  1.34975  1.35627  1.32133  1.32346  1.32520
  4198.27      2.3819  1.34966  1.35619  1.32123  1.32334  1.32511
  4196.77      2.3828  1.34956  1.35610  1.32112  1.32324  1.32503
  4195.27      2.3836  1.34946  1.35602  1.32100  1.32315  1.32495
  4193.77      2.3845  1.34936  1.35594  1.32086  1.32307  1.32487
  4192.27      2.3853  1.34925  1.35585  1.32074  1.32299  1.32477
  4190.77      2.3862  1.34913  1.35576  1.32060  1.32292  1.32468
  4189.27      2.3870  1.34901  1.35567  1.32048  1.32285  1.32457
  4187.77      2.3879  1.34887  1.35556  1.32035  1.32276  1.32447
  4186.27      2.3888  1.34874  1.35546  1.32022  1.32268  1.32436
  4184.77      2.3896  1.34861  1.35535  1.32010  1.32259  1.32426
  4183.27      2.3905  1.34847  1.35523  1.31999  1.32249  1.32416
  4181.77      2.3913  1.34835  1.35512  1.31989  1.32238  1.32405
  4180.27      2.3922  1.34824  1.35500  1.31980  1.32227  1.32393
  4178.77      2.3930  1.34814  1.35488  1.31971  1.32215  1.32383
  4177.27      2.3939  1.34805  1.35477  1.31962  1.32203  1.32372
  4175.77      2.3948  1.34797  1.35465  1.31954  1.32192  1.32362
  4174.27      2.3956  1.34788  1.35455  1.31946  1.32180  1.32351
  4172.77      2.3965  1.34780  1.35445  1.31937  1.32168  1.32339
  4171.27      2.3973  1.34771  1.35434  1.31928  1.32155  1.32328
  4169.77      2.3982  1.34760  1.35423  1.31917  1.32144  1.32316
  4168.27      2.3991  1.34750  1.35413  1.31906  1.32132  1.32305
  4166.77      2.3999  1.34739  1.35402  1.31896  1.32121  1.32294
  4165.27      2.4008  1.34729  1.35391  1.31885  1.32110  1.32284
  4163.77      2.4017  1.34717  1.35379  1.31873  1.32099  1.32272
  4162.27      2.4025  1.34705  1.35366  1.31861  1.32088  1.32261
  4160.77      2.4034  1.34694  1.35353  1.31848  1.32077  1.32249
  4159.27      2.4043  1.34682  1.35340  1.31836  1.32066  1.32238
  4157.77      2.4051  1.34669  1.35326  1.31824  1.32054  1.32227
  4156.27      2.4060  1.34656  1.35312  1.31813  1.32041  1.32215
  4154.77      2.4069  1.34642  1.35298  1.31802  1.32028  1.32204
  4153.27      2.4077  1.34627  1.35283  1.31790  1.32013  1.32191
  4151.77      2.4086  1.34612  1.35270  1.31780  1.31999  1.32178
  4150.27      2.4095  1.34597  1.35256  1.31769  1.31985  1.32166
  4148.77      2.4104  1.34581  1.35243  1.31758  1.31971  1.32154
  4147.27      2.4112  1.34566  1.35229  1.31748  1.31958  1.32141
  4145.77      2.4121  1.34553  1.35215  1.31738  1.31946  1.32129
  4144.27      2.4130  1.34539  1.35201  1.31727  1.31936  1.32117
  4142.77      2.4138  1.34526  1.35187  1.31715  1.31926  1.32104
  4141.27      2.4147  1.34513  1.35173  1.31704  1.31918  1.32093
  4139.77      2.4156  1.34500  1.35158  1.31691  1.31910  1.32083
  4138.27      2.4165  1.34488  1.35144  1.31680  1.31901  1.32073
  4136.77      2.4173  1.34476  1.35129  1.31668  1.31893  1.32062
  4135.27      2.4182  1.34464  1.35114  1.31657  1.31885  1.32051
  4133.77      2.4191  1.34451  1.35100  1.31645  1.31876  1.32040
  4132.27      2.4200  1.34439  1.35087  1.31634  1.31866  1.32029
  4130.77      2.4209  1.34426  1.35074  1.31623  1.31856  1.32018
  4129.27      2.4217  1.34414  1.35062  1.31612  1.31844  1.32005
  4127.77      2.4226  1.34402  1.35050  1.31602  1.31833  1.31992
  4126.27      2.4235  1.34390  1.35039  1.31593  1.31821  1.31978
  4124.77      2.4244  1.34379  1.35028  1.31582  1.31810  1.31964
  4123.27      2.4253  1.34366  1.35017  1.31572  1.31798  1.31950
  4121.77      2.4261  1.34354  1.35005  1.31561  1.31787  1.31936
  4120.27      2.4270  1.34340  1.34993  1.31549  1.31775  1.31923
  4118.77      2.4279  1.34328  1.34979  1.31538  1.31764  1.31909
  4117.27      2.4288  1.34314  1.34965  1.31525  1.31753  1.31896
  4115.77      2.4297  1.34301  1.34949  1.31511  1.31742  1.31882
  4114.27      2.4306  1.34288  1.34934  1.31498  1.31731  1.31869
  4112.77      2.4315  1.34274  1.34918  1.31484  1.31720  1.31854
  4111.27      2.4323  1.34263  1.34902  1.31471  1.31710  1.31840
  4109.77      2.4332  1.34250  1.34885  1.31458  1.31698  1.31825
  4108.27      2.4341  1.34239  1.34868  1.31446  1.31686  1.31808
  4106.77      2.4350  1.34226  1.34853  1.31433  1.31673  1.31792
  4105.27      2.4359  1.34215  1.34837  1.31422  1.31660  1.31776
  4103.77      2.4368  1.34202  1.34822  1.31411  1.31646  1.31759
  4102.27      2.4377  1.34190  1.34808  1.31400  1.31633  1.31744
  4100.77      2.4386  1.34177  1.34794  1.31390  1.31619  1.31729
  4099.27      2.4395  1.34163  1.34779  1.31379  1.31605  1.31715
  4097.77      2.4404  1.34150  1.34766  1.31367  1.31590  1.31703
  4096.27      2.4412  1.34137  1.34753  1.31356  1.31576  1.31690
  4094.77      2.4421  1.34125  1.34741  1.31344  1.31562  1.31679
  4093.27      2.4430  1.34112  1.34729  1.31330  1.31549  1.31667
  4091.77      2.4439  1.34100  1.34716  1.31317  1.31535  1.31656
  4090.27      2.4448  1.34089  1.34704  1.31303  1.31521  1.31645
  4088.77      2.4457  1.34077  1.34692  1.31289  1.31509  1.31634
  4087.27      2.4466  1.34066  1.34680  1.31274  1.31495  1.31622
  4085.77      2.4475  1.34054  1.34666  1.31261  1.31483  1.31611
  4084.27      2.4484  1.34042  1.34653  1.31247  1.31470  1.31598
  4082.77      2.4493  1.34029  1.34639  1.31234  1.31456  1.31584
  4081.27      2.4502  1.34016  1.34627  1.31221  1.31443  1.31569
  4079.77      2.4511  1.34002  1.34614  1.31209  1.31429  1.31555
  4078.27      2.4520  1.33989  1.34601  1.31198  1.31414  1.31540
  4076.77      2.4529  1.33975  1.34588  1.31188  1.31400  1.31525
  4075.27      2.4538  1.33962  1.34575  1.31177  1.31386  1.31511
  4073.77      2.4547  1.33949  1.34563  1.31168  1.31372  1.31496
  4072.27      2.4556  1.33936  1.34551  1.31157  1.31358  1.31482
  4070.77      2.4565  1.33923  1.34539  1.31146  1.31345  1.31468
  4069.27      2.4574  1.33910  1.34526  1.31137  1.31332  1.31455
  4067.77      2.4584  1.33897  1.34514  1.31127  1.31321  1.31442
  4066.26      2.4593  1.33883  1.34503  1.31116  1.31309  1.31429
  4064.76      2.4602  1.33870  1.34490  1.31104  1.31298  1.31417
  4063.26      2.4611  1.33857  1.34477  1.31092  1.31287  1.31404
  4061.76      2.4620  1.33844  1.34464  1.31079  1.31276  1.31392
  4060.26      2.4629  1.33830  1.34451  1.31065  1.31265  1.31379
  4058.76      2.4638  1.33817  1.34438  1.31052  1.31254  1.31367
  4057.26      2.4647  1.33804  1.34424  1.31038  1.31243  1.31354
  4055.76      2.4656  1.33791  1.34409  1.31022  1.31231  1.31344
  4054.26      2.4665  1.33778  1.34393  1.31008  1.31220  1.31332
  4052.76      2.4675  1.33765  1.34378  1.30994  1.31207  1.31320
  4051.26      2.4684  1.33752  1.34361  1.30981  1.31195  1.31309
  4049.76      2.4693  1.33739  1.34346  1.30969  1.31181  1.31297
  4048.26      2.4702  1.33727  1.34329  1.30957  1.31169  1.31285
  4046.76      2.4711  1.33714  1.34314  1.30946  1.31156  1.31272
  4045.26      2.4720  1.33702  1.34298  1.30935  1.31143  1.31259
  4043.76      2.4729  1.33690  1.34286  1.30924  1.31129  1.31245
  4042.26      2.4739  1.33678  1.34273  1.30915  1.31115  1.31230
  4040.76      2.4748  1.33666  1.34261  1.30904  1.31102  1.31215
  4039.26      2.4757  1.33653  1.34248  1.30892  1.31088  1.31200
  4037.76      2.4766  1.33640  1.34235  1.30879  1.31077  1.31185
  4036.26      2.4775  1.33627  1.34222  1.30864  1.31064  1.31170
  4034.76      2.4785  1.33613  1.34207  1.30850  1.31052  1.31155
  4033.26      2.4794  1.33599  1.34192  1.30835  1.31040  1.31141
  4031.76      2.4803  1.33585  1.34175  1.30820  1.31028  1.31128
  4030.26      2.4812  1.33570  1.34159  1.30806  1.31017  1.31115
  4028.76      2.4822  1.33555  1.34143  1.30791  1.31004  1.31104
  4027.26      2.4831  1.33540  1.34127  1.30777  1.30992  1.31093
  4025.76      2.4840  1.33524  1.34112  1.30763  1.30978  1.31082
  4024.26      2.4849  1.33509  1.34096  1.30749  1.30964  1.31070
  4022.76      2.4859  1.33492  1.34082  1.30735  1.30950  1.31059
  4021.26      2.4868  1.33476  1.34067  1.30721  1.30937  1.31048
  4019.76      2.4877  1.33460  1.34052  1.30705  1.30923  1.31035
  4018.26      2.4886  1.33443  1.34037  1.30689  1.30908  1.31023
  4016.76      2.4896  1.33427  1.34021  1.30674  1.30894  1.31008
  4015.26      2.4905  1.33411  1.34007  1.30657  1.30878  1.30992
  4013.76      2.4914  1.33395  1.33991  1.30642  1.30862  1.30976
  4012.26      2.4924  1.33378  1.33976  1.30626  1.30846  1.30959
  4010.76      2.4933  1.33362  1.33960  1.30611  1.30830  1.30942
  4009.26      2.4942  1.33346  1.33944  1.30597  1.30813  1.30924
  4007.76      2.4952  1.33328  1.33928  1.30583  1.30794  1.30905
  4006.26      2.4961  1.33310  1.33912  1.30570  1.30777  1.30887
  4004.76      2.4970  1.33292  1.33896  1.30556  1.30757  1.30868
  4003.26      2.4980  1.33275  1.33879  1.30543  1.30737  1.30852
  4001.76      2.4989  1.33257  1.33863  1.30529  1.30720  1.30836
  4000.26      2.4998  1.33240  1.33847  1.30515  1.30703  1.30822
  3998.76      2.5008  1.33223  1.33832  1.30500  1.30686  1.30807
  3997.26      2.5017  1.33206  1.33816  1.30484  1.30670  1.30793
  3995.76      2.5027  1.33190  1.33801  1.30466  1.30654  1.30779
  3994.26      2.5036  1.33176  1.33785  1.30449  1.30640  1.30766
  3992.76      2.5045  1.33161  1.33768  1.30432  1.30626  1.30751
  3991.26      2.5055  1.33147  1.33753  1.30415  1.30613  1.30735
  3989.76      2.5064  1.33133  1.33737  1.30398  1.30600  1.30719
  3988.26      2.5074  1.33120  1.33720  1.30382  1.30587  1.30701
  3986.76      2.5083  1.33107  1.33703  1.30365  1.30572  1.30684
  3985.26      2.5092  1.33093  1.33684  1.30348  1.30556  1.30667
  3983.76      2.5102  1.33078  1.33664  1.30331  1.30541  1.30648
  3982.26      2.5111  1.33062  1.33644  1.30313  1.30523  1.30631
  3980.76      2.5121  1.33046  1.33623  1.30295  1.30506  1.30614
  3979.26      2.5130  1.33030  1.33601  1.30276  1.30489  1.30598
  3977.76      2.5140  1.33013  1.33581  1.30259  1.30471  1.30583
  3976.26      2.5149  1.32996  1.33561  1.30240  1.30454  1.30568
  3974.76      2.5159  1.32979  1.33542  1.30221  1.30438  1.30552
  3973.26      2.5168  1.32963  1.33525  1.30203  1.30421  1.30537
  3971.76      2.5178  1.32946  1.33509  1.30184  1.30405  1.30521
  3970.26      2.5187  1.32929  1.33493  1.30166  1.30388  1.30504
  3968.76      2.5197  1.32913  1.33479  1.30148  1.30373  1.30487
  3967.26      2.5206  1.32897  1.33465  1.30130  1.30356  1.30470
  3965.76      2.5216  1.32880  1.33450  1.30113  1.30339  1.30451
  3964.26      2.5225  1.32863  1.33434  1.30095  1.30322  1.30434
  3962.76      2.5235  1.32846  1.33416  1.30075  1.30306  1.30415
  3961.26      2.5245  1.32828  1.33396  1.30055  1.30291  1.30398
  3959.76      2.5254  1.32810  1.33375  1.30034  1.30278  1.30381
  3958.26      2.5264  1.32791  1.33353  1.30012  1.30264  1.30365
  3956.76      2.5273  1.32771  1.33331  1.29988  1.30251  1.30351
  3955.26      2.5283  1.32751  1.33307  1.29964  1.30238  1.30338
  3953.76      2.5292  1.32731  1.33282  1.29938  1.30227  1.30327
  3952.26      2.5302  1.32709  1.33257  1.29911  1.30216  1.30315
  3950.76      2.5312  1.32687  1.33232  1.29886  1.30204  1.30304
  3949.26      2.5321  1.32667  1.33209  1.29862  1.30190  1.30291
  3947.76      2.5331  1.32647  1.33189  1.29842  1.30173  1.30278
  3946.26      2.5340  1.32630  1.33171  1.29824  1.30156  1.30264
  3944.76      2.5350  1.32613  1.33154  1.29805  1.30138  1.30249
  3943.26      2.5360  1.32594  1.33136  1.29786  1.30122  1.30233
  3941.76      2.5369  1.32578  1.33119  1.29769  1.30106  1.30216
  3940.26      2.5379  1.32562  1.33103  1.29753  1.30089  1.30197
  3938.76      2.5389  1.32546  1.33086  1.29737  1.30073  1.30179
  3937.26      2.5398  1.32530  1.33068  1.29718  1.30057  1.30162
  3935.76      2.5408  1.32512  1.33046  1.29697  1.30044  1.30148
  3934.26      2.5418  1.32492  1.33023  1.29674  1.30032  1.30135
  3932.76      2.5427  1.32473  1.32999  1.29650  1.30020  1.30122
  3931.25      2.5437  1.32453  1.32978  1.29627  1.30007  1.30109
  3929.75      2.5447  1.32434  1.32957  1.29604  1.29993  1.30096
  3928.25      2.5457  1.32415  1.32935  1.29580  1.29980  1.30083
  3926.75      2.5466  1.32395  1.32913  1.29556  1.29968  1.30069
  3925.25      2.5476  1.32373  1.32891  1.29534  1.29953  1.30055
  3923.75      2.5486  1.32355  1.32872  1.29513  1.29936  1.30038
  3922.25      2.5496  1.32336  1.32856  1.29497  1.29915  1.30017
  3920.75      2.5505  1.32319  1.32841  1.29481  1.29893  1.29995
  3919.25      2.5515  1.32303  1.32827  1.29466  1.29868  1.29972
  3917.75      2.5525  1.32287  1.32814  1.29450  1.29842  1.29950
  3916.25      2.5535  1.32271  1.32801  1.29430  1.29817  1.29929
  3914.75      2.5544  1.32255  1.32787  1.29407  1.29795  1.29911
  3913.25      2.5554  1.32237  1.32767  1.29376  1.29776  1.29897
  3911.75      2.5564  1.32213  1.32740  1.29339  1.29764  1.29887
  3910.25      2.5574  1.32187  1.32705  1.29295  1.29757  1.29882
  3908.75      2.5584  1.32155  1.32664  1.29247  1.29753  1.29879
  3907.25      2.5593  1.32122  1.32619  1.29198  1.29752  1.29879
  3905.75      2.5603  1.32087  1.32574  1.29148  1.29750  1.29877
  3904.25      2.5613  1.32053  1.32531  1.29103  1.29747  1.29874
  3902.75      2.5623  1.32022  1.32494  1.29064  1.29740  1.29866
  3901.25      2.5633  1.31995  1.32465  1.29033  1.29724  1.29852
  3899.75      2.5643  1.31973  1.32445  1.29015  1.29703  1.29831
  3898.25      2.5653  1.31956  1.32435  1.29004  1.29678  1.29807
  3896.75      2.5662  1.31942  1.32428  1.28996  1.29651  1.29779
  3895.25      2.5672  1.31928  1.32422  1.28987  1.29627  1.29752
  3893.75      2.5682  1.31914  1.32413  1.28975  1.29605  1.29726
  3892.25      2.5692  1.31898  1.32400  1.28958  1.29586  1.29704
  3890.75      2.5702  1.31880  1.32382  1.28941  1.29565  1.29680
  3889.25      2.5712  1.31860  1.32361  1.28922  1.29546  1.29657
  3887.75      2.5722  1.31838  1.32337  1.28898  1.29529  1.29637
  3886.25      2.5732  1.31815  1.32309  1.28868  1.29513  1.29620
  3884.75      2.5742  1.31793  1.32281  1.28836  1.29494  1.29603
  3883.25      2.5752  1.31770  1.32257  1.28804  1.29474  1.29586
  3881.75      2.5762  1.31748  1.32232  1.28772  1.29452  1.29570
  3880.25      2.5772  1.31726  1.32206  1.28743  1.29431  1.29551
  3878.75      2.5781  1.31706  1.32181  1.28716  1.29410  1.29531
  3877.25      2.5791  1.31683  1.32155  1.28685  1.29394  1.29512
  3875.75      2.5801  1.31660  1.32126  1.28650  1.29379  1.29497
  3874.25      2.5811  1.31636  1.32095  1.28613  1.29367  1.29484
  3872.75      2.5821  1.31610  1.32064  1.28577  1.29354  1.29469
  3871.25      2.5831  1.31585  1.32032  1.28544  1.29338  1.29451
  3869.75      2.5841  1.31560  1.32005  1.28515  1.29317  1.29427
  3868.25      2.5851  1.31538  1.31983  1.28490  1.29292  1.29400
  3866.75      2.5862  1.31516  1.31964  1.28463  1.29268  1.29376
  3865.25      2.5872  1.31493  1.31944  1.28428  1.29248  1.29357
  3863.75      2.5882  1.31468  1.31923  1.28391  1.29230  1.29340
  3862.25      2.5892  1.31442  1.31899  1.28358  1.29211  1.29320
  3860.75      2.5902  1.31416  1.31876  1.28329  1.29191  1.29299
  3859.25      2.5912  1.31390  1.31850  1.28299  1.29172  1.29279
  3857.75      2.5922  1.31363  1.31823  1.28269  1.29155  1.29261
  3856.25      2.5932  1.31337  1.31793  1.28237  1.29140  1.29247
  3854.75      2.5942  1.31310  1.31763  1.28205  1.29121  1.29233
  3853.25      2.5952  1.31286  1.31736  1.28181  1.29092  1.29210
  3851.75      2.5962  1.31266  1.31718  1.28168  1.29054  1.29179
  3850.25      2.5972  1.31250  1.31704  1.28158  1.29014  1.29146
  3848.75      2.5982  1.31233  1.31690  1.28143  1.28977  1.29116
  3847.25      2.5993  1.31214  1.31672  1.28123  1.28946  1.29089
  3845.75      2.6003  1.31192  1.31649  1.28095  1.28918  1.29064
  3844.25      2.6013  1.31167  1.31623  1.28064  1.28892  1.29041
  3842.75      2.6023  1.31141  1.31593  1.28032  1.28867  1.29016
  3841.25      2.6033  1.31113  1.31561  1.28000  1.28845  1.28991
  3839.75      2.6043  1.31084  1.31527  1.27969  1.28823  1.28966
  3838.25      2.6054  1.31055  1.31493  1.27939  1.28799  1.28941
  3836.75      2.6064  1.31027  1.31464  1.27915  1.28767  1.28910
  3835.25      2.6074  1.31002  1.31442  1.27897  1.28729  1.28875
  3833.75      2.6084  1.30979  1.31425  1.27882  1.28689  1.28840
  3832.25      2.6094  1.30957  1.31408  1.27868  1.28649  1.28806
  3830.75      2.6105  1.30934  1.31391  1.27854  1.28613  1.28772
  3829.25      2.6115  1.30909  1.31371  1.27835  1.28579  1.28741
  3827.75      2.6125  1.30882  1.31347  1.27810  1.28552  1.28714
  3826.25      2.6135  1.30852  1.31318  1.27780  1.28529  1.28691
  3824.75      2.6146  1.30820  1.31286  1.27746  1.28510  1.28668
  3823.25      2.6156  1.30787  1.31251  1.27708  1.28492  1.28647
  3821.75      2.6166  1.30755  1.31216  1.27673  1.28470  1.28621
  3820.25      2.6176  1.30726  1.31187  1.27644  1.28438  1.28589
  3818.75      2.6187  1.30701  1.31164  1.27620  1.28401  1.28550
  3817.25      2.6197  1.30677  1.31143  1.27601  1.28360  1.28509
  3815.75      2.6207  1.30653  1.31126  1.27584  1.28314  1.28465
  3814.25      2.6217  1.30631  1.31111  1.27569  1.28265  1.28420
  3812.75      2.6228  1.30609  1.31095  1.27548  1.28220  1.28378
  3811.25      2.6238  1.30584  1.31075  1.27522  1.28179  1.28342
  3809.75      2.6248  1.30556  1.31048  1.27489  1.28142  1.28310
  3808.25      2.6259  1.30524  1.31013  1.27450  1.28111  1.28283
  3806.75      2.6269  1.30489  1.30975  1.27407  1.28082  1.28258
  3805.25      2.6280  1.30454  1.30935  1.27365  1.28050  1.28230
  3803.75      2.6290  1.30419  1.30895  1.27323  1.28017  1.28202
  3802.25      2.6300  1.30383  1.30857  1.27286  1.27980  1.28169
  3800.75      2.6311  1.30350  1.30823  1.27257  1.27935  1.28127
  3799.25      2.6321  1.30319  1.30799  1.27237  1.27883  1.28077
  3797.74      2.6331  1.30291  1.30779  1.27224  1.27827  1.28021
  3796.24      2.6342  1.30266  1.30765  1.27217  1.27769  1.27961
  3794.74      2.6352  1.30242  1.30752  1.27212  1.27710  1.27897
  3793.24      2.6363  1.30217  1.30739  1.27204  1.27651  1.27837
  3791.74      2.6373  1.30192  1.30722  1.27191  1.27599  1.27781
  3790.24      2.6384  1.30165  1.30701  1.27172  1.27551  1.27729
  3788.74      2.6394  1.30136  1.30674  1.27146  1.27508  1.27684
  3787.24      2.6404  1.30104  1.30641  1.27114  1.27468  1.27643
  3785.74      2.6415  1.30071  1.30604  1.27078  1.27430  1.27607
  3784.24      2.6425  1.30037  1.30566  1.27037  1.27391  1.27574
  3782.74      2.6436  1.30003  1.30527  1.26994  1.27355  1.27544
  3781.24      2.6446  1.29969  1.30489  1.26946  1.27322  1.27517
  3779.74      2.6457  1.29933  1.30449  1.26898  1.27288  1.27489
  3778.24      2.6467  1.29897  1.30412  1.26852  1.27252  1.27459
  3776.74      2.6478  1.29861  1.30375  1.26808  1.27217  1.27426
  3775.24      2.6488  1.29825  1.30337  1.26761  1.27183  1.27392
  3773.74      2.6499  1.29787  1.30299  1.26712  1.27150  1.27360
  3772.24      2.6509  1.29747  1.30258  1.26659  1.27120  1.27328
  3770.74      2.6520  1.29705  1.30215  1.26602  1.27089  1.27297
  3769.24      2.6531  1.29663  1.30171  1.26545  1.27056  1.27264
  3767.74      2.6541  1.29620  1.30128  1.26488  1.27020  1.27230
  3766.24      2.6552  1.29578  1.30084  1.26430  1.26984  1.27195
  3764.74      2.6562  1.29536  1.30042  1.26368  1.26950  1.27165
  3763.24      2.6573  1.29494  1.29998  1.26300  1.26917  1.27140
  3761.74      2.6583  1.29450  1.29949  1.26225  1.26891  1.27121
  3760.24      2.6594  1.29405  1.29895  1.26146  1.26866  1.27105
  3758.74      2.6605  1.29358  1.29839  1.26066  1.26843  1.27089
  3757.24      2.6615  1.29312  1.29781  1.25985  1.26823  1.27074
  3755.74      2.6626  1.29265  1.29721  1.25899  1.26808  1.27064
  3754.24      2.6637  1.29215  1.29657  1.25809  1.26795  1.27056
  3752.74      2.6647  1.29163  1.29590  1.25720  1.26779  1.27044
  3751.24      2.6658  1.29112  1.29526  1.25638  1.26756  1.27025
  3749.74      2.6669  1.29065  1.29469  1.25568  1.26723  1.26995
  3748.24      2.6679  1.29021  1.29420  1.25504  1.26684  1.26959
  3746.74      2.6690  1.28977  1.29373  1.25443  1.26643  1.26923
  3745.24      2.6701  1.28932  1.29325  1.25381  1.26599  1.26883
  3743.74      2.6711  1.28888  1.29278  1.25327  1.26546  1.26837
  3742.24      2.6722  1.28846  1.29237  1.25281  1.26488  1.26785
  3740.74      2.6733  1.28805  1.29200  1.25239  1.26428  1.26729
  3739.24      2.6743  1.28764  1.29163  1.25198  1.26369  1.26676
  3737.74      2.6754  1.28720  1.29124  1.25151  1.26313  1.26626
  3736.24      2.6765  1.28675  1.29082  1.25104  1.26255  1.26574
  3734.74      2.6776  1.28630  1.29045  1.25059  1.26190  1.26515
  3733.24      2.6786  1.28587  1.29013  1.25023  1.26118  1.26449
  3731.74      2.6797  1.28544  1.28984  1.24991  1.26041  1.26377
  3730.24      2.6808  1.28499  1.28952  1.24957  1.25965  1.26303
  3728.74      2.6819  1.28453  1.28919  1.24920  1.25886  1.26228
  3727.24      2.6830  1.28405  1.28883  1.24880  1.25804  1.26151
  3725.74      2.6840  1.28358  1.28847  1.24839  1.25719  1.26071
  3724.24      2.6851  1.28308  1.28811  1.24793  1.25636  1.25993
  3722.74      2.6862  1.28258  1.28770  1.24742  1.25558  1.25919
  3721.24      2.6873  1.28207  1.28723  1.24685  1.25485  1.25850
  3719.74      2.6884  1.28156  1.28671  1.24622  1.25415  1.25786
  3718.24      2.6894  1.28103  1.28616  1.24555  1.25348  1.25724
  3716.74      2.6905  1.28051  1.28560  1.24485  1.25282  1.25665
  3715.24      2.6916  1.27998  1.28502  1.24411  1.25217  1.25609
  3713.74      2.6927  1.27944  1.28441  1.24336  1.25153  1.25553
  3712.24      2.6938  1.27890  1.28377  1.24260  1.25088  1.25496
  3710.74      2.6949  1.27834  1.28317  1.24190  1.25014  1.25432
  3709.24      2.6960  1.27777  1.28261  1.24126  1.24933  1.25361
  3707.74      2.6971  1.27720  1.28208  1.24065  1.24846  1.25284
  3706.24      2.6982  1.27662  1.28158  1.24002  1.24755  1.25205
  3704.74      2.6992  1.27603  1.28106  1.23936  1.24665  1.25126
  3703.24      2.7003  1.27541  1.28053  1.23864  1.24575  1.25047
  3701.74      2.7014  1.27478  1.27996  1.23788  1.24485  1.24969
  3700.24      2.7025  1.27412  1.27937  1.23708  1.24397  1.24890
  3698.74      2.7036  1.27344  1.27871  1.23620  1.24312  1.24814
  3697.24      2.7047  1.27273  1.27798  1.23526  1.24230  1.24740
  3695.74      2.7058  1.27200  1.27721  1.23424  1.24149  1.24669
  3694.24      2.7069  1.27125  1.27641  1.23318  1.24068  1.24597
  3692.74      2.7080  1.27048  1.27559  1.23208  1.23983  1.24523
  3691.24      2.7091  1.26971  1.27478  1.23100  1.23892  1.24446
  3689.74      2.7102  1.26893  1.27398  1.22996  1.23796  1.24363
  3688.24      2.7113  1.26815  1.27321  1.22893  1.23695  1.24275
  3686.74      2.7124  1.26737  1.27243  1.22790  1.23592  1.24187
  3685.24      2.7135  1.26657  1.27163  1.22687  1.23492  1.24099
  3683.74      2.7146  1.26575  1.27080  1.22581  1.23394  1.24015
  3682.24      2.7157  1.26491  1.26994  1.22471  1.23300  1.23933
  3680.74      2.7168  1.26404  1.26903  1.22354  1.23208  1.23855
  3679.24      2.7180  1.26315  1.26809  1.22236  1.23119  1.23776
  3677.74      2.7191  1.26225  1.26711  1.22118  1.23029  1.23696
  3676.24      2.7202  1.26134  1.26615  1.22002  1.22935  1.23613
  3674.74      2.7213  1.26043  1.26524  1.21894  1.22833  1.23520
  3673.24      2.7224  1.25956  1.26441  1.21796  1.22723  1.23420
  3671.74      2.7235  1.25873  1.26364  1.21703  1.22605  1.23313
  3670.24      2.7246  1.25792  1.26294  1.21619  1.22482  1.23198
  3668.74      2.7257  1.25714  1.26228  1.21544  1.22353  1.23076
  3667.24      2.7268  1.25640  1.26168  1.21476  1.22223  1.22951
  3665.74      2.7280  1.25567  1.26108  1.21411  1.22095  1.22825
  3664.24      2.7291  1.25492  1.26044  1.21343  1.21973  1.22704
  3662.73      2.7302  1.25415  1.25972  1.21268  1.21861  1.22592
  3661.23      2.7313  1.25334  1.25891  1.21180  1.21762  1.22493
  3659.73      2.7324  1.25248  1.25799  1.21080  1.21675  1.22404
  3658.23      2.7336  1.25158  1.25698  1.20971  1.21596  1.22321
  3656.73      2.7347  1.25063  1.25589  1.20859  1.21521  1.22243
  3655.23      2.7358  1.24967  1.25477  1.20745  1.21449  1.22165
  3653.73      2.7369  1.24869  1.25366  1.20633  1.21377  1.22089
  3652.23      2.7380  1.24774  1.25257  1.20525  1.21305  1.22013
  3650.73      2.7392  1.24680  1.25154  1.20423  1.21229  1.21933
  3649.23      2.7403  1.24589  1.25059  1.20336  1.21143  1.21843
  3647.73      2.7414  1.24503  1.24977  1.20268  1.21048  1.21742
  3646.23      2.7426  1.24425  1.24908  1.20216  1.20948  1.21633
  3644.73      2.7437  1.24350  1.24846  1.20176  1.20846  1.21521
  3643.23      2.7448  1.24278  1.24787  1.20142  1.20748  1.21414
  3641.73      2.7459  1.24206  1.24727  1.20109  1.20656  1.21313
  3640.23      2.7471  1.24136  1.24664  1.20073  1.20573  1.21217
  3638.73      2.7482  1.24063  1.24596  1.20035  1.20499  1.21126
  3637.23      2.7493  1.23989  1.24521  1.19996  1.20435  1.21041
  3635.73      2.7505  1.23913  1.24438  1.19953  1.20382  1.20963
  3634.23      2.7516  1.23836  1.24352  1.19906  1.20337  1.20892
  3632.73      2.7527  1.23759  1.24265  1.19856  1.20298  1.20825
  3631.23      2.7539  1.23682  1.24177  1.19803  1.20263  1.20761
  3629.73      2.7550  1.23607  1.24092  1.19754  1.20229  1.20694
  3628.23      2.7562  1.23535  1.24011  1.19710  1.20190  1.20623
  3626.73      2.7573  1.23467  1.23937  1.19677  1.20148  1.20544
  3625.23      2.7584  1.23403  1.23868  1.19649  1.20104  1.20466
  3623.73      2.7596  1.23341  1.23800  1.19623  1.20060  1.20388
  3622.23      2.7607  1.23281  1.23732  1.19598  1.20019  1.20313
  3620.73      2.7619  1.23221  1.23663  1.19575  1.19981  1.20240
  3619.23      2.7630  1.23163  1.23595  1.19554  1.19942  1.20167
  3617.73      2.7642  1.23108  1.23530  1.19541  1.19904  1.20093
  3616.23      2.7653  1.23055  1.23467  1.19532  1.19870  1.20020
  3614.73      2.7665  1.23003  1.23405  1.19525  1.19840  1.19951
  3613.23      2.7676  1.22952  1.23345  1.19521  1.19812  1.19886
  3611.73      2.7688  1.22905  1.23291  1.19522  1.19784  1.19824
  3610.23      2.7699  1.22861  1.23240  1.19530  1.19758  1.19760
  3608.73      2.7711  1.22821  1.23195  1.19543  1.19734  1.19698
  3607.23      2.7722  1.22783  1.23153  1.19561  1.19710  1.19638
  3605.73      2.7734  1.22749  1.23114  1.19583  1.19688  1.19580
  3604.23      2.7745  1.22715  1.23076  1.19605  1.19670  1.19526
  3602.73      2.7757  1.22683  1.23038  1.19628  1.19655  1.19476
  3601.23      2.7768  1.22651  1.22999  1.19648  1.19641  1.19429
  3599.73      2.7780  1.22620  1.22961  1.19668  1.19632  1.19384
  3598.23      2.7791  1.22588  1.22921  1.19685  1.19627  1.19341
  3596.73      2.7803  1.22557  1.22879  1.19700  1.19625  1.19300
  3595.23      2.7815  1.22524  1.22836  1.19714  1.19625  1.19259
  3593.73      2.7826  1.22494  1.22794  1.19730  1.19626  1.19217
  3592.23      2.7838  1.22466  1.22754  1.19747  1.19627  1.19176
  3590.73      2.7849  1.22439  1.22716  1.19764  1.19629  1.19136
  3589.23      2.7861  1.22414  1.22680  1.19785  1.19632  1.19097
  3587.73      2.7873  1.22392  1.22649  1.19810  1.19634  1.19058
  3586.23      2.7884  1.22376  1.22625  1.19841  1.19633  1.19018
  3584.73      2.7896  1.22363  1.22609  1.19879  1.19630  1.18978
  3583.23      2.7908  1.22352  1.22597  1.19923  1.19627  1.18940
  3581.73      2.7919  1.22343  1.22588  1.19969  1.19626  1.18906
  3580.23      2.7931  1.22336  1.22580  1.20014  1.19630  1.18877
  3578.73      2.7943  1.22329  1.22572  1.20055  1.19638  1.18852
  3577.23      2.7955  1.22323  1.22562  1.20093  1.19651  1.18831
  3575.73      2.7966  1.22317  1.22548  1.20129  1.19668  1.18813
  3574.23      2.7978  1.22310  1.22529  1.20160  1.19693  1.18799
  3572.73      2.7990  1.22303  1.22507  1.20187  1.19721  1.18790
  3571.23      2.8002  1.22295  1.22482  1.20211  1.19755  1.18785
  3569.73      2.8013  1.22290  1.22457  1.20232  1.19790  1.18781
  3568.23      2.8025  1.22285  1.22435  1.20254  1.19826  1.18779
  3566.73      2.8037  1.22284  1.22418  1.20282  1.19857  1.18774
  3565.23      2.8049  1.22285  1.22410  1.20319  1.19886  1.18768
  3563.73      2.8061  1.22290  1.22410  1.20364  1.19911  1.18762
  3562.23      2.8072  1.22297  1.22415  1.20415  1.19935  1.18754
  3560.73      2.8084  1.22307  1.22424  1.20469  1.19958  1.18747
  3559.23      2.8096  1.22318  1.22435  1.20527  1.19982  1.18739
  3557.73      2.8108  1.22330  1.22448  1.20586  1.20008  1.18733
  3556.23      2.8120  1.22342  1.22458  1.20646  1.20036  1.18730
  3554.73      2.8132  1.22353  1.22466  1.20703  1.20068  1.18729
  3553.23      2.8143  1.22364  1.22468  1.20758  1.20104  1.18731
  3551.73      2.8155  1.22375  1.22469  1.20810  1.20144  1.18737
  3550.23      2.8167  1.22388  1.22469  1.20860  1.20184  1.18744
  3548.73      2.8179  1.22400  1.22471  1.20909  1.20226  1.18754
  3547.23      2.8191  1.22414  1.22475  1.20957  1.20269  1.18767
  3545.73      2.8203  1.22431  1.22482  1.21007  1.20311  1.18779
  3544.23      2.8215  1.22451  1.22495  1.21060  1.20353  1.18793
  3542.73      2.8227  1.22474  1.22512  1.21117  1.20394  1.18807
  3541.23      2.8239  1.22499  1.22532  1.21177  1.20434  1.18822
  3539.73      2.8251  1.22525  1.22552  1.21237  1.20475  1.18838
  3538.23      2.8263  1.22551  1.22573  1.21297  1.20518  1.18857
  3536.73      2.8275  1.22576  1.22593  1.21356  1.20562  1.18877
  3535.23      2.8287  1.22603  1.22614  1.21416  1.20609  1.18899
  3533.73      2.8299  1.22628  1.22633  1.21475  1.20656  1.18923
  3532.23      2.8311  1.22653  1.22651  1.21533  1.20707  1.18950
  3530.73      2.8323  1.22679  1.22668  1.21589  1.20761  1.18978
  3529.23      2.8335  1.22704  1.22686  1.21645  1.20815  1.19008
  3527.72      2.8347  1.22732  1.22706  1.21702  1.20871  1.19039
  3526.22      2.8359  1.22761  1.22728  1.21761  1.20925  1.19072
  3524.72      2.8371  1.22792  1.22754  1.21823  1.20981  1.19104
  3523.22      2.8383  1.22827  1.22782  1.21890  1.21035  1.19138
  3521.72      2.8395  1.22862  1.22813  1.21958  1.21091  1.19171
  3520.22      2.8407  1.22901  1.22845  1.22030  1.21147  1.19205
  3518.72      2.8419  1.22940  1.22879  1.22103  1.21203  1.19242
  3517.22      2.8432  1.22980  1.22913  1.22179  1.21260  1.19279
  3515.72      2.8444  1.23021  1.22949  1.22255  1.21319  1.19321
  3514.22      2.8456  1.23062  1.22983  1.22328  1.21382  1.19365
  3512.72      2.8468  1.23103  1.23017  1.22401  1.21447  1.19413
  3511.22      2.8480  1.23144  1.23050  1.22472  1.21514  1.19462
  3509.72      2.8492  1.23185  1.23084  1.22542  1.21583  1.19514
  3508.22      2.8504  1.23225  1.23119  1.22612  1.21652  1.19566
  3506.72      2.8517  1.23266  1.23155  1.22681  1.21724  1.19621
  3505.22      2.8529  1.23308  1.23194  1.22751  1.21796  1.19676
  3503.72      2.8541  1.23351  1.23233  1.22821  1.21868  1.19732
  3502.22      2.8553  1.23395  1.23275  1.22895  1.21940  1.19786
  3500.72      2.8566  1.23442  1.23322  1.22971  1.22010  1.19839
  3499.22      2.8578  1.23489  1.23371  1.23050  1.22081  1.19893
  3497.72      2.8590  1.23538  1.23422  1.23132  1.22152  1.19947
  3496.22      2.8602  1.23589  1.23475  1.23215  1.22225  1.20002
  3494.72      2.8615  1.23641  1.23529  1.23298  1.22299  1.20058
  3493.22      2.8627  1.23695  1.23584  1.23383  1.22375  1.20117
  3491.72      2.8639  1.23751  1.23639  1.23468  1.22451  1.20176
  3490.22      2.8651  1.23805  1.23694  1.23553  1.22529  1.20240
  3488.72      2.8664  1.23861  1.23748  1.23637  1.22610  1.20305
  3487.22      2.8676  1.23917  1.23801  1.23721  1.22692  1.20374
  3485.72      2.8688  1.23974  1.23855  1.23806  1.22776  1.20445
  3484.22      2.8701  1.24031  1.23910  1.23890  1.22862  1.20518
  3482.72      2.8713  1.24088  1.23965  1.23975  1.22948  1.20593
  3481.22      2.8726  1.24146  1.24022  1.24061  1.23033  1.20668
  3479.72      2.8738  1.24205  1.24080  1.24149  1.23119  1.20744
  3478.22      2.8750  1.24265  1.24140  1.24240  1.23206  1.20820
  3476.72      2.8763  1.24326  1.24201  1.24331  1.23293  1.20897
  3475.22      2.8775  1.24388  1.24262  1.24423  1.23381  1.20975
  3473.72      2.8788  1.24451  1.24323  1.24515  1.23469  1.21054
  3472.22      2.8800  1.24517  1.24386  1.24610  1.23558  1.21132
  3470.72      2.8812  1.24583  1.24449  1.24704  1.23647  1.21212
  3469.22      2.8825  1.24651  1.24513  1.24798  1.23739  1.21294
  3467.72      2.8837  1.24719  1.24579  1.24892  1.23831  1.21377
  3466.22      2.8850  1.24788  1.24645  1.24984  1.23922  1.21463
  3464.72      2.8862  1.24858  1.24712  1.25077  1.24013  1.21549
  3463.22      2.8875  1.24927  1.24781  1.25169  1.24104  1.21637
  3461.72      2.8887  1.24997  1.24851  1.25261  1.24196  1.21725
  3460.22      2.8900  1.25067  1.24922  1.25354  1.24288  1.21814
  3458.72      2.8912  1.25137  1.24995  1.25445  1.24380  1.21905
  3457.22      2.8925  1.25208  1.25068  1.25536  1.24472  1.21996
  3455.72      2.8938  1.25278  1.25140  1.25626  1.24566  1.22089
  3454.22      2.8950  1.25350  1.25212  1.25716  1.24661  1.22182
  3452.72      2.8963  1.25422  1.25286  1.25806  1.24757  1.22276
  3451.22      2.8975  1.25496  1.25360  1.25896  1.24855  1.22371
  3449.72      2.8988  1.25571  1.25433  1.25984  1.24953  1.22466
  3448.22      2.9000  1.25646  1.25505  1.26073  1.25052  1.22562
  3446.72      2.9013  1.25722  1.25579  1.26164  1.25151  1.22660
  3445.22      2.9026  1.25800  1.25655  1.26256  1.25249  1.22757
  3443.72      2.9038  1.25878  1.25733  1.26351  1.25347  1.22854
  3442.22      2.9051  1.25957  1.25812  1.26446  1.25445  1.22951
  3440.72      2.9064  1.26038  1.25893  1.26543  1.25543  1.23049
  3439.22      2.9076  1.26118  1.25974  1.26642  1.25642  1.23148
  3437.72      2.9089  1.26198  1.26057  1.26741  1.25741  1.23249
  3436.22      2.9102  1.26279  1.26142  1.26841  1.25839  1.23349
  3434.72      2.9114  1.26360  1.26225  1.26940  1.25939  1.23451
  3433.22      2.9127  1.26442  1.26308  1.27038  1.26038  1.23554
  3431.72      2.9140  1.26523  1.26392  1.27135  1.26139  1.23658
  3430.22      2.9153  1.26605  1.26474  1.27230  1.26241  1.23762
  3428.72      2.9165  1.26688  1.26558  1.27324  1.26341  1.23868
  3427.22      2.9178  1.26770  1.26641  1.27417  1.26442  1.23974
  3425.72      2.9191  1.26853  1.26726  1.27510  1.26542  1.24081
  3424.22      2.9204  1.26937  1.26812  1.27602  1.26642  1.24189
  3422.72      2.9217  1.27020  1.26897  1.27694  1.26743  1.24296
  3421.22      2.9229  1.27104  1.26985  1.27787  1.26844  1.24403
  3419.72      2.9242  1.27188  1.27073  1.27880  1.26944  1.24511
  3418.22      2.9255  1.27272  1.27162  1.27975  1.27043  1.24619
  3416.72      2.9268  1.27357  1.27251  1.28070  1.27143  1.24728
  3415.22      2.9281  1.27443  1.27339  1.28166  1.27240  1.24836
  3413.72      2.9294  1.27528  1.27427  1.28262  1.27340  1.24945
  3412.22      2.9306  1.27615  1.27516  1.28359  1.27438  1.25054
  3410.72      2.9319  1.27700  1.27604  1.28456  1.27536  1.25165
  3409.22      2.9332  1.27787  1.27693  1.28553  1.27634  1.25276
  3407.72      2.9345  1.27873  1.27782  1.28648  1.27732  1.25387
  3406.22      2.9358  1.27957  1.27871  1.28742  1.27832  1.25499
  3404.72      2.9371  1.28043  1.27959  1.28836  1.27932  1.25611
  3403.22      2.9384  1.28127  1.28048  1.28929  1.28032  1.25723
  3401.72      2.9397  1.28212  1.28138  1.29021  1.28133  1.25837
  3400.22      2.9410  1.28297  1.28227  1.29112  1.28234  1.25950
  3398.72      2.9423  1.28381  1.28316  1.29203  1.28335  1.26062
  3397.22      2.9436  1.28466  1.28406  1.29291  1.28436  1.26175
  3395.72      2.9449  1.28551  1.28494  1.29379  1.28537  1.26287
  3394.21      2.9462  1.28635  1.28583  1.29466  1.28636  1.26401
  3392.71      2.9475  1.28719  1.28673  1.29553  1.28734  1.26513
  3391.21      2.9488  1.28802  1.28762  1.29640  1.28831  1.26626
  3389.71      2.9501  1.28886  1.28850  1.29725  1.28926  1.26737
  3388.21      2.9514  1.28968  1.28939  1.29810  1.29020  1.26849
  3386.71      2.9527  1.29051  1.29028  1.29895  1.29113  1.26959
  3385.21      2.9540  1.29133  1.29116  1.29978  1.29205  1.27070
  3383.71      2.9553  1.29214  1.29204  1.30063  1.29295  1.27180
  3382.21      2.9566  1.29295  1.29291  1.30147  1.29387  1.27289
  3380.71      2.9580  1.29376  1.29378  1.30231  1.29478  1.27399
  3379.21      2.9593  1.29456  1.29464  1.30315  1.29570  1.27509
  3377.71      2.9606  1.29536  1.29550  1.30398  1.29663  1.27618
  3376.21      2.9619  1.29617  1.29634  1.30481  1.29756  1.27728
  3374.71      2.9632  1.29696  1.29718  1.30564  1.29850  1.27838
  3373.21      2.9645  1.29775  1.29800  1.30645  1.29943  1.27948
  3371.71      2.9659  1.29855  1.29882  1.30726  1.30037  1.28058
  3370.21      2.9672  1.29934  1.29964  1.30804  1.30128  1.28169
  3368.71      2.9685  1.30014  1.30045  1.30881  1.30218  1.28278
  3367.21      2.9698  1.30090  1.30125  1.30955  1.30306  1.28386
  3365.71      2.9711  1.30167  1.30205  1.31027  1.30392  1.28491
  3364.21      2.9725  1.30242  1.30285  1.31097  1.30476  1.28596
  3362.71      2.9738  1.30316  1.30363  1.31167  1.30558  1.28699
  3361.21      2.9751  1.30389  1.30442  1.31235  1.30639  1.28802
  3359.71      2.9764  1.30461  1.30521  1.31303  1.30720  1.28903
  3358.21      2.9778  1.30532  1.30599  1.31370  1.30798  1.29002
  3356.71      2.9791  1.30603  1.30677  1.31436  1.30876  1.29100
  3355.21      2.9804  1.30673  1.30753  1.31502  1.30954  1.29198
  3353.71      2.9818  1.30742  1.30830  1.31567  1.31030  1.29296
  3352.21      2.9831  1.30811  1.30906  1.31634  1.31106  1.29393
  3350.71      2.9844  1.30879  1.30982  1.31698  1.31181  1.29489
  3349.21      2.9858  1.30947  1.31056  1.31762  1.31255  1.29584
  3347.71      2.9871  1.31013  1.31129  1.31824  1.31327  1.29677
  3346.21      2.9885  1.31078  1.31200  1.31885  1.31400  1.29770
  3344.71      2.9898  1.31142  1.31269  1.31946  1.31471  1.29862
  3343.21      2.9911  1.31204  1.31338  1.32006  1.31542  1.29954
  3341.71      2.9925  1.31266  1.31406  1.32065  1.31611  1.30044
  3340.21      2.9938  1.31328  1.31472  1.32123  1.31679  1.30132
  3338.71      2.9952  1.31388  1.31537  1.32179  1.31746  1.30219
  3337.21      2.9965  1.31449  1.31603  1.32234  1.31810  1.30306
  3335.71      2.9979  1.31508  1.31667  1.32287  1.31874  1.30391
  3334.21      2.9992  1.31565  1.31731  1.32339  1.31936  1.30475
  3332.71      3.0006  1.31623  1.31795  1.32390  1.31996  1.30559
  3331.21      3.0019  1.31679  1.31859  1.32439  1.32055  1.30640
  3329.71      3.0033  1.31735  1.31922  1.32487  1.32113  1.30719
  3328.21      3.0046  1.31790  1.31984  1.32533  1.32170  1.30797
  3326.71      3.0060  1.31844  1.32044  1.32579  1.32226  1.30873
  3325.21      3.0073  1.31897  1.32104  1.32624  1.32281  1.30947
  3323.71      3.0087  1.31951  1.32164  1.32667  1.32337  1.31020
  3322.21      3.0100  1.32003  1.32221  1.32711  1.32391  1.31090
  3320.71      3.0114  1.32054  1.32279  1.32754  1.32445  1.31161
  3319.21      3.0128  1.32104  1.32334  1.32798  1.32498  1.31231
  3317.71      3.0141  1.32152  1.32388  1.32841  1.32552  1.31300
  3316.21      3.0155  1.32201  1.32442  1.32885  1.32605  1.31371
  3314.71      3.0169  1.32249  1.32496  1.32928  1.32657  1.31441
  3313.21      3.0182  1.32296  1.32548  1.32971  1.32710  1.31513
  3311.71      3.0196  1.32343  1.32600  1.33014  1.32761  1.31584
  3310.21      3.0210  1.32390  1.32651  1.33057  1.32812  1.31656
  3308.71      3.0223  1.32436  1.32703  1.33098  1.32861  1.31727
  3307.21      3.0237  1.32481  1.32753  1.33139  1.32909  1.31797
  3305.71      3.0251  1.32526  1.32804  1.33179  1.32956  1.31867
  3304.21      3.0264  1.32571  1.32853  1.33218  1.33001  1.31936
  3302.71      3.0278  1.32615  1.32902  1.33255  1.33047  1.32003
  3301.21      3.0292  1.32658  1.32950  1.33293  1.33092  1.32068
  3299.71      3.0306  1.32700  1.32997  1.33328  1.33137  1.32133
  3298.21      3.0319  1.32742  1.33043  1.33364  1.33182  1.32197
  3296.71      3.0333  1.32782  1.33088  1.33399  1.33226  1.32261
  3295.21      3.0347  1.32822  1.33133  1.33434  1.33270  1.32323
  3293.71      3.0361  1.32863  1.33176  1.33468  1.33314  1.32385
  3292.21      3.0375  1.32902  1.33218  1.33501  1.33356  1.32446
  3290.71      3.0389  1.32940  1.33260  1.33534  1.33397  1.32505
  3289.21      3.0402  1.32979  1.33302  1.33565  1.33437  1.32564
  3287.71      3.0416  1.33015  1.33343  1.33597  1.33477  1.32622
  3286.21      3.0430  1.33052  1.33383  1.33627  1.33516  1.32679
  3284.71      3.0444  1.33087  1.33424  1.33657  1.33555  1.32736
  3283.21      3.0458  1.33122  1.33465  1.33688  1.33594  1.32793
  3281.71      3.0472  1.33158  1.33506  1.33719  1.33635  1.32851
  3280.21      3.0486  1.33193  1.33546  1.33751  1.33676  1.32909
  3278.71      3.0500  1.33228  1.33586  1.33784  1.33718  1.32969
  3277.21      3.0514  1.33264  1.33627  1.33816  1.33759  1.33028
  3275.71      3.0528  1.33301  1.33666  1.33851  1.33801  1.33089
  3274.21      3.0542  1.33337  1.33705  1.33885  1.33843  1.33151
  3272.71      3.0556  1.33374  1.33744  1.33920  1.33884  1.33212
  3271.21      3.0570  1.33410  1.33782  1.33954  1.33925  1.33271
  3269.71      3.0584  1.33447  1.33819  1.33990  1.33965  1.33331
  3268.21      3.0598  1.33483  1.33856  1.34024  1.34005  1.33388
  3266.71      3.0612  1.33518  1.33894  1.34057  1.34044  1.33445
  3265.21      3.0626  1.33552  1.33930  1.34090  1.34084  1.33501
  3263.71      3.0640  1.33587  1.33967  1.34125  1.34124  1.33557
  3262.21      3.0654  1.33620  1.34005  1.34158  1.34163  1.33611
  3260.71      3.0668  1.33653  1.34042  1.34192  1.34203  1.33666
  3259.20      3.0682  1.33686  1.34080  1.34226  1.34242  1.33720
  3257.70      3.0696  1.33718  1.34118  1.34261  1.34283  1.33775
  3256.20      3.0711  1.33751  1.34156  1.34296  1.34325  1.33831
  3254.70      3.0725  1.33784  1.34194  1.34331  1.34367  1.33887
  3253.20      3.0739  1.33816  1.34231  1.34367  1.34408  1.33942
  3251.70      3.0753  1.33849  1.34269  1.34402  1.34449  1.33998
  3250.20      3.0767  1.33883  1.34307  1.34437  1.34490  1.34054
  3248.70      3.0782  1.33915  1.34344  1.34473  1.34532  1.34110
  3247.20      3.0796  1.33949  1.34380  1.34507  1.34573  1.34167
  3245.70      3.0810  1.33982  1.34417  1.34541  1.34615  1.34223
  3244.20      3.0824  1.34014  1.34453  1.34574  1.34654  1.34279
  3242.70      3.0838  1.34048  1.34490  1.34609  1.34694  1.34334
  3241.20      3.0853  1.34082  1.34527  1.34643  1.34733  1.34389
  3239.70      3.0867  1.34114  1.34563  1.34678  1.34772  1.34444
  3238.20      3.0881  1.34147  1.34599  1.34712  1.34809  1.34500
  3236.70      3.0896  1.34179  1.34635  1.34748  1.34848  1.34553
  3235.20      3.0910  1.34211  1.34671  1.34782  1.34886  1.34606
  3233.70      3.0924  1.34242  1.34707  1.34817  1.34925  1.34658
  3232.20      3.0939  1.34273  1.34742  1.34851  1.34962  1.34710
  3230.70      3.0953  1.34303  1.34776  1.34884  1.35000  1.34760
  3229.20      3.0967  1.34333  1.34810  1.34917  1.35038  1.34810
  3227.70      3.0982  1.34361  1.34844  1.34949  1.35076  1.34859
  3226.20      3.0996  1.34391  1.34876  1.34981  1.35115  1.34908
  3224.70      3.1011  1.34419  1.34909  1.35012  1.35154  1.34956
  3223.20      3.1025  1.34447  1.34940  1.35043  1.35191  1.35006
  3221.70      3.1039  1.34475  1.34972  1.35073  1.35231  1.35054
  3220.20      3.1054  1.34502  1.35003  1.35103  1.35270  1.35102
  3218.70      3.1068  1.34530  1.35033  1.35134  1.35309  1.35149
  3217.20      3.1083  1.34558  1.35063  1.35165  1.35347  1.35197
  3215.70      3.1097  1.34586  1.35093  1.35196  1.35384  1.35243
  3214.20      3.1112  1.34613  1.35124  1.35225  1.35419  1.35290
  3212.70      3.1126  1.34641  1.35152  1.35255  1.35452  1.35334
  3211.20      3.1141  1.34668  1.35182  1.35284  1.35484  1.35378
  3209.70      3.1156  1.34694  1.35210  1.35312  1.35513  1.35421
  3208.20      3.1170  1.34720  1.35238  1.35339  1.35542  1.35463
  3206.70      3.1185  1.34745  1.35265  1.35365  1.35569  1.35505
  3205.20      3.1199  1.34769  1.35291  1.35391  1.35596  1.35546
  3203.70      3.1214  1.34792  1.35317  1.35415  1.35622  1.35586
  3202.20      3.1229  1.34815  1.35342  1.35438  1.35650  1.35626
  3200.70      3.1243  1.34836  1.35365  1.35461  1.35676  1.35665
  3199.20      3.1258  1.34858  1.35388  1.35483  1.35703  1.35703
  3197.70      3.1272  1.34879  1.35412  1.35505  1.35731  1.35740
  3196.20      3.1287  1.34901  1.35435  1.35528  1.35757  1.35777
  3194.70      3.1302  1.34922  1.35458  1.35549  1.35784  1.35812
  3193.20      3.1317  1.34943  1.35481  1.35571  1.35810  1.35846
  3191.70      3.1331  1.34964  1.35504  1.35592  1.35836  1.35879
  3190.20      3.1346  1.34985  1.35527  1.35613  1.35861  1.35910
  3188.70      3.1361  1.35005  1.35551  1.35632  1.35884  1.35942
  3187.20      3.1376  1.35025  1.35573  1.35651  1.35907  1.35973
  3185.70      3.1390  1.35044  1.35595  1.35670  1.35930  1.36002
  3184.20      3.1405  1.35065  1.35615  1.35687  1.35952  1.36032
  3182.70      3.1420  1.35084  1.35635  1.35703  1.35973  1.36061
  3181.20      3.1435  1.35104  1.35654  1.35720  1.35993  1.36091
  3179.70      3.1450  1.35123  1.35672  1.35735  1.36013  1.36120
  3178.20      3.1464  1.35142  1.35691  1.35751  1.36032  1.36148
  3176.70      3.1479  1.35161  1.35709  1.35767  1.36051  1.36175
  3175.20      3.1494  1.35179  1.35726  1.35783  1.36069  1.36202
  3173.70      3.1509  1.35197  1.35744  1.35800  1.36087  1.36227
  3172.20      3.1524  1.35214  1.35762  1.35817  1.36104  1.36251
  3170.70      3.1539  1.35230  1.35779  1.35832  1.36119  1.36273
  3169.20      3.1554  1.35245  1.35796  1.35849  1.36136  1.36296
  3167.70      3.1569  1.35259  1.35812  1.35865  1.36152  1.36317
  3166.20      3.1584  1.35273  1.35829  1.35880  1.36167  1.36339
  3164.70      3.1599  1.35287  1.35846  1.35895  1.36183  1.36361
  3163.20      3.1614  1.35300  1.35863  1.35910  1.36199  1.36384
  3161.70      3.1629  1.35314  1.35881  1.35925  1.36216  1.36407
  3160.20      3.1644  1.35328  1.35899  1.35939  1.36232  1.36430
  3158.70      3.1659  1.35342  1.35917  1.35954  1.36248  1.36452
  3157.20      3.1674  1.35356  1.35935  1.35969  1.36263  1.36474
  3155.70      3.1689  1.35370  1.35952  1.35983  1.36278  1.36495
  3154.20      3.1704  1.35384  1.35969  1.35997  1.36292  1.36516
  3152.70      3.1719  1.35398  1.35985  1.36010  1.36304  1.36535
  3151.20      3.1734  1.35411  1.35999  1.36023  1.36316  1.36553
  3149.70      3.1749  1.35423  1.36013  1.36035  1.36327  1.36569
  3148.20      3.1764  1.35434  1.36027  1.36047  1.36338  1.36586
  3146.70      3.1779  1.35447  1.36040  1.36058  1.36348  1.36600
  3145.20      3.1795  1.35458  1.36053  1.36068  1.36359  1.36616
  3143.70      3.1810  1.35470  1.36064  1.36077  1.36371  1.36630
  3142.20      3.1825  1.35481  1.36075  1.36086  1.36381  1.36645
  3140.70      3.1840  1.35493  1.36086  1.36093  1.36393  1.36659
  3139.20      3.1855  1.35505  1.36097  1.36101  1.36405  1.36673
  3137.70      3.1871  1.35516  1.36106  1.36108  1.36415  1.36686
  3136.20      3.1886  1.35528  1.36116  1.36114  1.36426  1.36697
  3134.70      3.1901  1.35539  1.36126  1.36119  1.36435  1.36708
  3133.20      3.1916  1.35550  1.36135  1.36124  1.36442  1.36718
  3131.70      3.1932  1.35561  1.36144  1.36128  1.36450  1.36728
  3130.20      3.1947  1.35572  1.36154  1.36134  1.36458  1.36738
  3128.70      3.1962  1.35582  1.36164  1.36139  1.36466  1.36747
  3127.20      3.1978  1.35593  1.36173  1.36145  1.36474  1.36758
  3125.69      3.1993  1.35604  1.36184  1.36151  1.36483  1.36769
  3124.19      3.2008  1.35615  1.36194  1.36158  1.36492  1.36781
  3122.69      3.2024  1.35626  1.36204  1.36166  1.36503  1.36793
  3121.19      3.2039  1.35636  1.36214  1.36174  1.36514  1.36807
  3119.69      3.2054  1.35647  1.36225  1.36182  1.36524  1.36819
  3118.19      3.2070  1.35657  1.36236  1.36189  1.36534  1.36831
  3116.69      3.2085  1.35666  1.36247  1.36196  1.36542  1.36841
  3115.19      3.2101  1.35675  1.36259  1.36201  1.36549  1.36850
  3113.69      3.2116  1.35683  1.36270  1.36205  1.36553  1.36856
  3112.19      3.2132  1.35692  1.36281  1.36209  1.36556  1.36862
  3110.69      3.2147  1.35700  1.36292  1.36213  1.36559  1.36867
  3109.19      3.2163  1.35708  1.36302  1.36216  1.36560  1.36870
  3107.69      3.2178  1.35715  1.36311  1.36219  1.36560  1.36873
  3106.19      3.2194  1.35724  1.36319  1.36221  1.36560  1.36877
  3104.69      3.2209  1.35732  1.36326  1.36223  1.36559  1.36880
  3103.19      3.2225  1.35741  1.36333  1.36225  1.36559  1.36882
  3101.69      3.2240  1.35750  1.36340  1.36227  1.36559  1.36885
  3100.19      3.2256  1.35759  1.36349  1.36229  1.36560  1.36889
  3098.69      3.2272  1.35767  1.36356  1.36232  1.36561  1.36892
  3097.19      3.2287  1.35777  1.36365  1.36235  1.36563  1.36896
  3095.69      3.2303  1.35786  1.36374  1.36237  1.36564  1.36900
  3094.19      3.2319  1.35795  1.36384  1.36240  1.36567  1.36904
  3092.69      3.2334  1.35803  1.36395  1.36245  1.36572  1.36909
  3091.19      3.2350  1.35813  1.36405  1.36249  1.36576  1.36914
  3089.69      3.2366  1.35822  1.36415  1.36255  1.36581  1.36920
  3088.19      3.2381  1.35831  1.36424  1.36260  1.36588  1.36926
  3086.69      3.2397  1.35840  1.36434  1.36264  1.36594  1.36932
  3085.19      3.2413  1.35850  1.36441  1.36269  1.36598  1.36937
  3083.69      3.2429  1.35860  1.36450  1.36272  1.36602  1.36941
  3082.19      3.2444  1.35869  1.36458  1.36275  1.36604  1.36944
  3080.69      3.2460  1.35878  1.36466  1.36277  1.36606  1.36947
  3079.19      3.2476  1.35888  1.36472  1.36278  1.36605  1.36948
  3077.69      3.2492  1.35897  1.36480  1.36279  1.36603  1.36948
  3076.19      3.2508  1.35906  1.36488  1.36279  1.36601  1.36948
  3074.69      3.2524  1.35915  1.36496  1.36278  1.36597  1.36946
  3073.19      3.2539  1.35923  1.36504  1.36278  1.36594  1.36944
  3071.69      3.2555  1.35931  1.36511  1.36276  1.36590  1.36942
  3070.19      3.2571  1.35940  1.36518  1.36275  1.36588  1.36939
  3068.69      3.2587  1.35948  1.36526  1.36275  1.36587  1.36937
  3067.19      3.2603  1.35956  1.36533  1.36274  1.36586  1.36934
  3065.69      3.2619  1.35962  1.36540  1.36273  1.36586  1.36932
  3064.19      3.2635  1.35970  1.36546  1.36272  1.36587  1.36927
  3062.69      3.2651  1.35978  1.36554  1.36272  1.36587  1.36924
  3061.19      3.2667  1.35986  1.36562  1.36273  1.36588  1.36921
  3059.69      3.2683  1.35994  1.36572  1.36274  1.36589  1.36918
  3058.19      3.2699  1.36002  1.36581  1.36276  1.36591  1.36915
  3056.69      3.2715  1.36011  1.36592  1.36278  1.36592  1.36913
  3055.19      3.2731  1.36020  1.36603  1.36281  1.36593  1.36912
  3053.69      3.2747  1.36030  1.36614  1.36286  1.36594  1.36911
  3052.19      3.2763  1.36040  1.36627  1.36291  1.36595  1.36910
  3050.69      3.2779  1.36050  1.36639  1.36295  1.36597  1.36909
  3049.19      3.2796  1.36060  1.36650  1.36299  1.36598  1.36909
  3047.69      3.2812  1.36070  1.36661  1.36302  1.36599  1.36909
  3046.19      3.2828  1.36079  1.36672  1.36306  1.36599  1.36908
  3044.69      3.2844  1.36088  1.36683  1.36309  1.36601  1.36908
  3043.19      3.2860  1.36099  1.36694  1.36312  1.36602  1.36909
  3041.69      3.2876  1.36109  1.36705  1.36313  1.36603  1.36908
  3040.19      3.2893  1.36118  1.36715  1.36313  1.36603  1.36907
  3038.69      3.2909  1.36128  1.36727  1.36312  1.36603  1.36907
  3037.19      3.2925  1.36138  1.36738  1.36311  1.36602  1.36905
  3035.69      3.2941  1.36148  1.36749  1.36310  1.36602  1.36905
  3034.19      3.2958  1.36158  1.36760  1.36309  1.36601  1.36903
  3032.69      3.2974  1.36168  1.36771  1.36308  1.36599  1.36900
  3031.19      3.2990  1.36176  1.36781  1.36307  1.36597  1.36895
  3029.69      3.3007  1.36186  1.36790  1.36306  1.36594  1.36890
  3028.19      3.3023  1.36195  1.36801  1.36306  1.36592  1.36885
  3026.69      3.3039  1.36205  1.36810  1.36308  1.36590  1.36880
  3025.19      3.3056  1.36216  1.36821  1.36309  1.36590  1.36875
  3023.69      3.3072  1.36227  1.36832  1.36313  1.36591  1.36872
  3022.19      3.3089  1.36239  1.36844  1.36316  1.36592  1.36869
  3020.69      3.3105  1.36252  1.36855  1.36319  1.36594  1.36867
  3019.19      3.3122  1.36265  1.36869  1.36324  1.36597  1.36865
  3017.69      3.3138  1.36279  1.36881  1.36327  1.36600  1.36865
  3016.19      3.3154  1.36294  1.36893  1.36330  1.36603  1.36865
  3014.69      3.3171  1.36309  1.36906  1.36333  1.36604  1.36864
  3013.19      3.3187  1.36323  1.36917  1.36336  1.36604  1.36863
  3011.69      3.3204  1.36335  1.36928  1.36338  1.36603  1.36860
  3010.19      3.3221  1.36348  1.36939  1.36340  1.36600  1.36857
  3008.69      3.3237  1.36360  1.36950  1.36342  1.36596  1.36854
  3007.19      3.3254  1.36372  1.36961  1.36345  1.36593  1.36851
  3005.69      3.3270  1.36384  1.36973  1.36348  1.36590  1.36848
  3004.19      3.3287  1.36397  1.36985  1.36352  1.36589  1.36846
  3002.69      3.3304  1.36410  1.37001  1.36358  1.36588  1.36843
  3001.19      3.3320  1.36424  1.37017  1.36365  1.36589  1.36842
  2999.69      3.3337  1.36439  1.37034  1.36372  1.36591  1.36842
  2998.19      3.3354  1.36455  1.37052  1.36378  1.36595  1.36842
  2996.69      3.3370  1.36471  1.37070  1.36385  1.36600  1.36843
  2995.19      3.3387  1.36487  1.37088  1.36392  1.36603  1.36844
  2993.69      3.3404  1.36503  1.37105  1.36397  1.36608  1.36844
  2992.19      3.3420  1.36517  1.37122  1.36403  1.36612  1.36844
  2990.68      3.3437  1.36532  1.37137  1.36407  1.36616  1.36844
  2989.18      3.3454  1.36546  1.37151  1.36413  1.36620  1.36843
  2987.68      3.3471  1.36560  1.37164  1.36418  1.36623  1.36843
  2986.18      3.3488  1.36574  1.37176  1.36422  1.36627  1.36841
  2984.68      3.3504  1.36586  1.37188  1.36428  1.36631  1.36841
  2983.18      3.3521  1.36601  1.37200  1.36433  1.36635  1.36841
  2981.68      3.3538  1.36616  1.37213  1.36439  1.36641  1.36841
  2980.18      3.3555  1.36631  1.37225  1.36445  1.36646  1.36843
  2978.68      3.3572  1.36647  1.37238  1.36451  1.36651  1.36845
  2977.18      3.3589  1.36663  1.37251  1.36456  1.36655  1.36846
  2975.68      3.3606  1.36679  1.37265  1.36461  1.36661  1.36849
  2974.18      3.3623  1.36695  1.37279  1.36467  1.36666  1.36853
  2972.68      3.3640  1.36712  1.37293  1.36471  1.36670  1.36857
  2971.18      3.3657  1.36728  1.37308  1.36476  1.36674  1.36862
  2969.68      3.3674  1.36745  1.37323  1.36482  1.36679  1.36866
  2968.18      3.3691  1.36761  1.37339  1.36488  1.36682  1.36869
  2966.68      3.3708  1.36778  1.37355  1.36494  1.36687  1.36873
  2965.18      3.3725  1.36794  1.37372  1.36500  1.36691  1.36877
  2963.68      3.3742  1.36810  1.37388  1.36506  1.36695  1.36881
  2962.18      3.3759  1.36826  1.37404  1.36512  1.36700  1.36884
  2960.68      3.3776  1.36841  1.37420  1.36519  1.36703  1.36887
  2959.18      3.3793  1.36856  1.37436  1.36525  1.36706  1.36889
  2957.68      3.3810  1.36871  1.37452  1.36531  1.36711  1.36890
  2956.18      3.3827  1.36886  1.37468  1.36537  1.36714  1.36892
  2954.68      3.3845  1.36902  1.37486  1.36544  1.36718  1.36892
  2953.18      3.3862  1.36920  1.37504  1.36551  1.36722  1.36893
  2951.68      3.3879  1.36937  1.37523  1.36558  1.36725  1.36893
  2950.18      3.3896  1.36955  1.37542  1.36565  1.36730  1.36893
  2948.68      3.3913  1.36973  1.37562  1.36573  1.36734  1.36892
  2947.18      3.3931  1.36993  1.37583  1.36581  1.36740  1.36893
  2945.68      3.3948  1.37013  1.37605  1.36590  1.36744  1.36894
  2944.18      3.3965  1.37033  1.37625  1.36599  1.36750  1.36896
  2942.68      3.3983  1.37052  1.37645  1.36609  1.36756  1.36899
  2941.18      3.4000  1.37071  1.37664  1.36620  1.36764  1.36903
  2939.68      3.4017  1.37092  1.37683  1.36634  1.36773  1.36912
  2938.18      3.4035  1.37113  1.37704  1.36649  1.36785  1.36922
  2936.68      3.4052  1.37136  1.37724  1.36666  1.36799  1.36934
  2935.18      3.4069  1.37161  1.37746  1.36685  1.36815  1.36947
  2933.68      3.4087  1.37187  1.37769  1.36704  1.36833  1.36963
  2932.18      3.4104  1.37216  1.37792  1.36724  1.36854  1.36980
  2930.68      3.4122  1.37247  1.37819  1.36743  1.36875  1.37000
  2929.18      3.4139  1.37278  1.37846  1.36760  1.36897  1.37021
  2927.68      3.4157  1.37310  1.37874  1.36776  1.36920  1.37043
  2926.18      3.4174  1.37341  1.37903  1.36790  1.36941  1.37066
  2924.68      3.4192  1.37373  1.37932  1.36800  1.36960  1.37087
  2923.18      3.4209  1.37402  1.37960  1.36806  1.36977  1.37108
  2921.68      3.4227  1.37429  1.37987  1.36811  1.36990  1.37125
  2920.18      3.4244  1.37454  1.38012  1.36813  1.36999  1.37139
  2918.68      3.4262  1.37475  1.38036  1.36814  1.37004  1.37149
  2917.18      3.4280  1.37493  1.38057  1.36812  1.37004  1.37152
  2915.68      3.4297  1.37506  1.38076  1.36809  1.37000  1.37148
  2914.18      3.4315  1.37516  1.38092  1.36805  1.36990  1.37138
  2912.68      3.4333  1.37523  1.38104  1.36800  1.36978  1.37122
  2911.18      3.4350  1.37529  1.38115  1.36794  1.36964  1.37103
  2909.68      3.4368  1.37533  1.38124  1.36789  1.36949  1.37081
  2908.18      3.4386  1.37537  1.38133  1.36782  1.36935  1.37059
  2906.68      3.4404  1.37544  1.38142  1.36777  1.36922  1.37038
  2905.18      3.4421  1.37552  1.38152  1.36772  1.36911  1.37019
  2903.68      3.4439  1.37562  1.38163  1.36767  1.36901  1.37002
  2902.18      3.4457  1.37575  1.38176  1.36764  1.36894  1.36989
  2900.68      3.4475  1.37589  1.38190  1.36762  1.36889  1.36978
  2899.18      3.4493  1.37603  1.38205  1.36759  1.36884  1.36969
  2897.68      3.4510  1.37617  1.38222  1.36757  1.36881  1.36963
  2896.18      3.4528  1.37632  1.38238  1.36755  1.36878  1.36957
  2894.68      3.4546  1.37646  1.38254  1.36753  1.36874  1.36951
  2893.18      3.4564  1.37660  1.38271  1.36752  1.36870  1.36946
  2891.68      3.4582  1.37674  1.38286  1.36749  1.36866  1.36942
  2890.18      3.4600  1.37687  1.38303  1.36748  1.36865  1.36937
  2888.68      3.4618  1.37702  1.38319  1.36747  1.36863  1.36934
  2887.18      3.4636  1.37716  1.38335  1.36747  1.36862  1.36932
  2885.68      3.4654  1.37733  1.38352  1.36749  1.36862  1.36930
  2884.18      3.4672  1.37749  1.38370  1.36752  1.36863  1.36930
  2882.68      3.4690  1.37766  1.38389  1.36757  1.36867  1.36931
  2881.18      3.4708  1.37785  1.38409  1.36762  1.36872  1.36934
  2879.68      3.4726  1.37805  1.38431  1.36770  1.36878  1.36937
  2878.18      3.4744  1.37825  1.38453  1.36778  1.36883  1.36940
  2876.68      3.4762  1.37846  1.38475  1.36786  1.36889  1.36945
  2875.18      3.4780  1.37866  1.38498  1.36795  1.36896  1.36949
  2873.68      3.4799  1.37888  1.38519  1.36803  1.36903  1.36953
  2872.18      3.4817  1.37908  1.38540  1.36813  1.36909  1.36957
  2870.68      3.4835  1.37928  1.38559  1.36822  1.36915  1.36961
  2869.18      3.4853  1.37948  1.38579  1.36832  1.36921  1.36965
  2867.68      3.4871  1.37968  1.38596  1.36841  1.36928  1.36970
  2866.18      3.4890  1.37989  1.38614  1.36853  1.36936  1.36976
  2864.68      3.4908  1.38009  1.38633  1.36865  1.36945  1.36984
  2863.18      3.4926  1.38030  1.38652  1.36876  1.36956  1.36994
  2861.68      3.4945  1.38053  1.38673  1.36889  1.36969  1.37009
  2860.18      3.4963  1.38077  1.38695  1.36901  1.36983  1.37026
  2858.68      3.4981  1.38102  1.38720  1.36913  1.36997  1.37045
  2857.17      3.5000  1.38128  1.38746  1.36923  1.37011  1.37065
  2855.67      3.5018  1.38155  1.38773  1.36930  1.37024  1.37084
  2854.17      3.5036  1.38179  1.38798  1.36935  1.37035  1.37102
  2852.67      3.5055  1.38203  1.38822  1.36937  1.37043  1.37118
  2851.17      3.5073  1.38224  1.38844  1.36936  1.37047  1.37129
  2849.67      3.5092  1.38242  1.38862  1.36933  1.37047  1.37134
  2848.17      3.5110  1.38257  1.38877  1.36929  1.37042  1.37132
  2846.67      3.5129  1.38269  1.38888  1.36922  1.37035  1.37125
  2845.17      3.5147  1.38277  1.38897  1.36915  1.37025  1.37113
  2843.67      3.5166  1.38284  1.38905  1.36906  1.37014  1.37098
  2842.17      3.5184  1.38291  1.38913  1.36899  1.37002  1.37082
  2840.67      3.5203  1.38298  1.38921  1.36892  1.36991  1.37065
  2839.17      3.5222  1.38305  1.38930  1.36887  1.36982  1.37049
  2837.67      3.5240  1.38313  1.38941  1.36883  1.36972  1.37035
  2836.17      3.5259  1.38321  1.38952  1.36878  1.36964  1.37023
  2834.67      3.5277  1.38331  1.38966  1.36875  1.36957  1.37014
  2833.17      3.5296  1.38342  1.38981  1.36874  1.36953  1.37007
  2831.67      3.5315  1.38354  1.38998  1.36873  1.36950  1.37003
  2830.17      3.5334  1.38367  1.39015  1.36872  1.36947  1.37000
  2828.67      3.5352  1.38380  1.39033  1.36873  1.36946  1.37000
  2827.17      3.5371  1.38395  1.39051  1.36873  1.36945  1.37000
  2825.67      3.5390  1.38410  1.39071  1.36874  1.36946  1.37001
  2824.17      3.5409  1.38426  1.39090  1.36875  1.36948  1.37003
  2822.67      3.5427  1.38445  1.39109  1.36877  1.36951  1.37006
  2821.17      3.5446  1.38463  1.39130  1.36880  1.36955  1.37010
  2819.67      3.5465  1.38481  1.39149  1.36883  1.36959  1.37013
  2818.17      3.5484  1.38500  1.39168  1.36886  1.36964  1.37018
  2816.67      3.5503  1.38520  1.39186  1.36891  1.36969  1.37024
  2815.17      3.5522  1.38539  1.39205  1.36894  1.36974  1.37028
  2813.67      3.5541  1.38559  1.39224  1.36899  1.36979  1.37034
  2812.17      3.5560  1.38578  1.39243  1.36905  1.36984  1.37039
  2810.67      3.5579  1.38596  1.39263  1.36909  1.36987  1.37044
  2809.17      3.5598  1.38615  1.39283  1.36914  1.36992  1.37050
  2807.67      3.5617  1.38632  1.39303  1.36919  1.36995  1.37056
  2806.17      3.5636  1.38648  1.39323  1.36923  1.36997  1.37060
  2804.67      3.5655  1.38665  1.39343  1.36926  1.37000  1.37065
  2803.17      3.5674  1.38680  1.39362  1.36929  1.37003  1.37069
  2801.67      3.5693  1.38694  1.39380  1.36932  1.37006  1.37073
  2800.17      3.5712  1.38709  1.39399  1.36935  1.37010  1.37077
  2798.67      3.5731  1.38723  1.39416  1.36936  1.37014  1.37080
  2797.17      3.5750  1.38738  1.39433  1.36938  1.37018  1.37084
  2795.67      3.5770  1.38751  1.39448  1.36939  1.37020  1.37085
  2794.17      3.5789  1.38765  1.39464  1.36940  1.37023  1.37086
  2792.67      3.5808  1.38778  1.39479  1.36940  1.37024  1.37087
  2791.17      3.5827  1.38790  1.39493  1.36941  1.37026  1.37089
  2789.67      3.5847  1.38802  1.39507  1.36941  1.37025  1.37090
  2788.17      3.5866  1.38813  1.39520  1.36940  1.37023  1.37090
  2786.67      3.5885  1.38823  1.39531  1.36938  1.37021  1.37091
  2785.17      3.5904  1.38833  1.39543  1.36937  1.37018  1.37091
  2783.67      3.5924  1.38843  1.39553  1.36936  1.37015  1.37093
  2782.17      3.5943  1.38854  1.39564  1.36935  1.37014  1.37094
  2780.67      3.5963  1.38864  1.39574  1.36934  1.37012  1.37096
  2779.17      3.5982  1.38874  1.39583  1.36933  1.37011  1.37098
  2777.67      3.6001  1.38884  1.39594  1.36931  1.37010  1.37100
  2776.17      3.6021  1.38893  1.39604  1.36929  1.37010  1.37102
  2774.67      3.6040  1.38903  1.39615  1.36928  1.37010  1.37105
  2773.17      3.6060  1.38910  1.39625  1.36927  1.37010  1.37107
  2771.67      3.6079  1.38917  1.39634  1.36926  1.37010  1.37109
  2770.17      3.6099  1.38922  1.39642  1.36923  1.37010  1.37112
  2768.67      3.6118  1.38928  1.39649  1.36921  1.37010  1.37113
  2767.17      3.6138  1.38933  1.39657  1.36919  1.37010  1.37115
  2765.67      3.6158  1.38936  1.39663  1.36916  1.37009  1.37115
  2764.17      3.6177  1.38940  1.39669  1.36914  1.37008  1.37116
  2762.67      3.6197  1.38943  1.39674  1.36910  1.37006  1.37115
  2761.17      3.6217  1.38947  1.39680  1.36907  1.37005  1.37114
  2759.67      3.6236  1.38951  1.39685  1.36903  1.37002  1.37112
  2758.17      3.6256  1.38954  1.39691  1.36899  1.36999  1.37110
  2756.67      3.6276  1.38958  1.39697  1.36895  1.36995  1.37107
  2755.17      3.6295  1.38962  1.39702  1.36890  1.36990  1.37104
  2753.67      3.6315  1.38965  1.39707  1.36884  1.36984  1.37101
  2752.17      3.6335  1.38968  1.39712  1.36878  1.36978  1.37098
  2750.67      3.6355  1.38971  1.39715  1.36871  1.36972  1.37095
  2749.17      3.6375  1.38973  1.39719  1.36863  1.36965  1.37092
  2747.67      3.6395  1.38974  1.39721  1.36855  1.36958  1.37089
  2746.17      3.6414  1.38974  1.39721  1.36846  1.36951  1.37086
  2744.67      3.6434  1.38973  1.39721  1.36836  1.36943  1.37081
  2743.17      3.6454  1.38971  1.39720  1.36826  1.36935  1.37077
  2741.67      3.6474  1.38969  1.39719  1.36816  1.36927  1.37072
  2740.17      3.6494  1.38966  1.39718  1.36806  1.36919  1.37066
  2738.67      3.6514  1.38963  1.39717  1.36796  1.36912  1.37061
  2737.17      3.6534  1.38959  1.39715  1.36786  1.36904  1.37055
  2735.67      3.6554  1.38956  1.39715  1.36776  1.36896  1.37050
  2734.17      3.6574  1.38953  1.39714  1.36766  1.36888  1.37044
  2732.67      3.6594  1.38950  1.39714  1.36758  1.36880  1.37039
  2731.17      3.6614  1.38947  1.39712  1.36749  1.36872  1.37033
  2729.67      3.6635  1.38943  1.39711  1.36741  1.36864  1.37029
  2728.17      3.6655  1.38940  1.39709  1.36733  1.36856  1.37023
  2726.67      3.6675  1.38937  1.39706  1.36725  1.36848  1.37018
  2725.17      3.6695  1.38934  1.39702  1.36717  1.36840  1.37012
  2723.67      3.6715  1.38931  1.39698  1.36709  1.36831  1.37006
  2722.16      3.6735  1.38926  1.39693  1.36700  1.36822  1.36998
  2720.66      3.6756  1.38922  1.39688  1.36690  1.36811  1.36989
  2719.16      3.6776  1.38917  1.39684  1.36680  1.36801  1.36981
  2717.66      3.6796  1.38911  1.39680  1.36669  1.36790  1.36972
  2716.16      3.6817  1.38906  1.39675  1.36658  1.36778  1.36961
  2714.66      3.6837  1.38900  1.39670  1.36645  1.36765  1.36952
  2713.16      3.6857  1.38894  1.39667  1.36633  1.36753  1.36941
  2711.66      3.6878  1.38888  1.39663  1.36621  1.36740  1.36931
  2710.16      3.6898  1.38883  1.39659  1.36609  1.36728  1.36921
  2708.66      3.6919  1.38877  1.39655  1.36597  1.36716  1.36912
  2707.16      3.6939  1.38872  1.39650  1.36586  1.36705  1.36902
  2705.66      3.6960  1.38867  1.39646  1.36575  1.36694  1.36895
  2704.16      3.6980  1.38862  1.39642  1.36564  1.36683  1.36887
  2702.66      3.7001  1.38858  1.39637  1.36555  1.36674  1.36879
  2701.16      3.7021  1.38853  1.39634  1.36546  1.36665  1.36873
  2699.66      3.7042  1.38847  1.39629  1.36537  1.36656  1.36866
  2698.16      3.7062  1.38843  1.39624  1.36528  1.36648  1.36860
  2696.66      3.7083  1.38838  1.39619  1.36520  1.36640  1.36854
  2695.16      3.7104  1.38832  1.39615  1.36510  1.36633  1.36847
  2693.66      3.7124  1.38828  1.39610  1.36502  1.36625  1.36839
  2692.16      3.7145  1.38823  1.39605  1.36495  1.36617  1.36833
  2690.66      3.7166  1.38818  1.39601  1.36487  1.36611  1.36827
  2689.16      3.7186  1.38814  1.39596  1.36479  1.36603  1.36822
  2687.66      3.7207  1.38809  1.39593  1.36471  1.36595  1.36816
  2686.16      3.7228  1.38806  1.39591  1.36463  1.36588  1.36810
  2684.66      3.7249  1.38804  1.39588  1.36456  1.36581  1.36806
  2683.16      3.7269  1.38802  1.39586  1.36450  1.36574  1.36802
  2681.66      3.7290  1.38799  1.39585  1.36443  1.36566  1.36798
  2680.16      3.7311  1.38797  1.39583  1.36436  1.36558  1.36795
  2678.66      3.7332  1.38794  1.39582  1.36430  1.36551  1.36791
  2677.16      3.7353  1.38791  1.39579  1.36424  1.36543  1.36786
  2675.66      3.7374  1.38787  1.39576  1.36417  1.36534  1.36782
  2674.16      3.7395  1.38782  1.39571  1.36410  1.36526  1.36776
  2672.66      3.7416  1.38776  1.39567  1.36402  1.36516  1.36769
  2671.16      3.7437  1.38770  1.39562  1.36395  1.36507  1.36762
  2669.66      3.7458  1.38764  1.39556  1.36387  1.36498  1.36754
  2668.16      3.7479  1.38758  1.39551  1.36377  1.36489  1.36746
  2666.66      3.7500  1.38751  1.39544  1.36368  1.36480  1.36737
  2665.16      3.7521  1.38744  1.39538  1.36360  1.36473  1.36730
  2663.66      3.7542  1.38737  1.39533  1.36350  1.36467  1.36722
  2662.16      3.7563  1.38730  1.39527  1.36342  1.36461  1.36714
  2660.66      3.7585  1.38724  1.39521  1.36333  1.36456  1.36708
  2659.16      3.7606  1.38716  1.39514  1.36324  1.36449  1.36701
  2657.66      3.7627  1.38710  1.39507  1.36316  1.36443  1.36695
  2656.16      3.7648  1.38704  1.39499  1.36308  1.36436  1.36688
  2654.66      3.7670  1.38697  1.39492  1.36299  1.36429  1.36682
  2653.16      3.7691  1.38689  1.39483  1.36291  1.36420  1.36675
  2651.66      3.7712  1.38683  1.39475  1.36282  1.36411  1.36669
  2650.16      3.7734  1.38675  1.39467  1.36272  1.36401  1.36662
  2648.66      3.7755  1.38667  1.39459  1.36263  1.36390  1.36656
  2647.16      3.7776  1.38660  1.39453  1.36253  1.36380  1.36648
  2645.66      3.7798  1.38652  1.39445  1.36243  1.36370  1.36641
  2644.16      3.7819  1.38645  1.39439  1.36233  1.36360  1.36634
  2642.66      3.7841  1.38637  1.39433  1.36223  1.36349  1.36627
  2641.16      3.7862  1.38630  1.39427  1.36212  1.36339  1.36619
  2639.66      3.7884  1.38622  1.39421  1.36201  1.36330  1.36612
  2638.16      3.7905  1.38614  1.39413  1.36191  1.36321  1.36605
  2636.66      3.7927  1.38607  1.39405  1.36180  1.36313  1.36596
  2635.16      3.7948  1.38599  1.39396  1.36171  1.36305  1.36587
  2633.66      3.7970  1.38591  1.39387  1.36162  1.36297  1.36579
  2632.16      3.7992  1.38582  1.39378  1.36152  1.36289  1.36569
  2630.66      3.8013  1.38574  1.39367  1.36144  1.36281  1.36561
  2629.16      3.8035  1.38566  1.39358  1.36136  1.36272  1.36551
  2627.66      3.8057  1.38558  1.39349  1.36128  1.36263  1.36541
  2626.16      3.8078  1.38549  1.39339  1.36120  1.36252  1.36530
  2624.66      3.8100  1.38541  1.39331  1.36113  1.36242  1.36519
  2623.16      3.8122  1.38533  1.39322  1.36104  1.36231  1.36508
  2621.66      3.8144  1.38525  1.39314  1.36095  1.36219  1.36497
  2620.16      3.8166  1.38516  1.39308  1.36087  1.36208  1.36485
  2618.66      3.8188  1.38508  1.39300  1.36077  1.36197  1.36474
  2617.16      3.8209  1.38500  1.39292  1.36069  1.36185  1.36461
  2615.66      3.8231  1.38492  1.39285  1.36060  1.36174  1.36450
  2614.16      3.8253  1.38484  1.39279  1.36052  1.36162  1.36437
  2612.66      3.8275  1.38477  1.39272  1.36044  1.36151  1.36425
  2611.16      3.8297  1.38470  1.39265  1.36036  1.36140  1.36412
  2609.66      3.8319  1.38464  1.39259  1.36029  1.36129  1.36401
  2608.16      3.8341  1.38458  1.39253  1.36021  1.36118  1.36389
  2606.66      3.8363  1.38451  1.39247  1.36014  1.36108  1.36378
  2605.16      3.8385  1.38446  1.39241  1.36006  1.36098  1.36366
  2603.66      3.8408  1.38441  1.39236  1.35998  1.36090  1.36355
  2602.16      3.8430  1.38435  1.39230  1.35990  1.36082  1.36344
  2600.66      3.8452  1.38430  1.39225  1.35981  1.36073  1.36333
  2599.16      3.8474  1.38426  1.39220  1.35973  1.36065  1.36323
  2597.66      3.8496  1.38422  1.39216  1.35965  1.36058  1.36312
  2596.16      3.8518  1.38418  1.39212  1.35957  1.36052  1.36302
  2594.66      3.8541  1.38416  1.39209  1.35950  1.36044  1.36291
  2593.16      3.8563  1.38414  1.39206  1.35942  1.36037  1.36281
  2591.66      3.8585  1.38412  1.39205  1.35936  1.36029  1.36271
  2590.16      3.8608  1.38412  1.39203  1.35930  1.36022  1.36262
  2588.65      3.8630  1.38411  1.39201  1.35924  1.36013  1.36253
  2587.15      3.8652  1.38410  1.39200  1.35919  1.36005  1.36243
  2585.65      3.8675  1.38410  1.39198  1.35914  1.35996  1.36233
  2584.15      3.8697  1.38410  1.39197  1.35908  1.35988  1.36225
  2582.65      3.8720  1.38410  1.39196  1.35903  1.35981  1.36216
  2581.15      3.8742  1.38409  1.39196  1.35899  1.35973  1.36208
  2579.65      3.8765  1.38409  1.39195  1.35895  1.35966  1.36200
  2578.15      3.8787  1.38409  1.39195  1.35891  1.35961  1.36193
  2576.65      3.8810  1.38409  1.39195  1.35887  1.35957  1.36185
  2575.15      3.8833  1.38409  1.39195  1.35883  1.35952  1.36179
  2573.65      3.8855  1.38409  1.39195  1.35880  1.35950  1.36173
  2572.15      3.8878  1.38409  1.39195  1.35875  1.35948  1.36166
  2570.65      3.8901  1.38409  1.39194  1.35872  1.35945  1.36161
  2569.15      3.8923  1.38409  1.39194  1.35867  1.35941  1.36155
  2567.65      3.8946  1.38408  1.39194  1.35862  1.35938  1.36149
  2566.15      3.8969  1.38407  1.39193  1.35857  1.35934  1.36142
  2564.65      3.8992  1.38406  1.39193  1.35852  1.35929  1.36136
  2563.15      3.9014  1.38405  1.39193  1.35847  1.35924  1.36130
  2561.65      3.9037  1.38404  1.39192  1.35842  1.35918  1.36124
  2560.15      3.9060  1.38402  1.39191  1.35837  1.35911  1.36117
  2558.65      3.9083  1.38401  1.39189  1.35833  1.35904  1.36109
  2557.15      3.9106  1.38399  1.39188  1.35828  1.35897  1.36101
  2555.65      3.9129  1.38397  1.39185  1.35824  1.35892  1.36095
  2554.15      3.9152  1.38395  1.39182  1.35820  1.35887  1.36087
  2552.65      3.9175  1.38393  1.39178  1.35818  1.35881  1.36080
  2551.15      3.9198  1.38390  1.39174  1.35815  1.35876  1.36073
  2549.65      3.9221  1.38388  1.39170  1.35812  1.35872  1.36066
  2548.15      3.9244  1.38385  1.39165  1.35810  1.35868  1.36059
  2546.65      3.9267  1.38382  1.39162  1.35807  1.35863  1.36052
  2545.15      3.9290  1.38379  1.39157  1.35804  1.35859  1.36044
  2543.65      3.9314  1.38375  1.39152  1.35801  1.35853  1.36036
  2542.15      3.9337  1.38371  1.39148  1.35797  1.35847  1.36026
  2540.65      3.9360  1.38367  1.39143  1.35792  1.35841  1.36017
  2539.15      3.9383  1.38363  1.39139  1.35788  1.35833  1.36007
  2537.65      3.9407  1.38359  1.39135  1.35783  1.35825  1.35996
  2536.15      3.9430  1.38354  1.39130  1.35777  1.35817  1.35985
  2534.65      3.9453  1.38350  1.39124  1.35772  1.35809  1.35974
  2533.15      3.9477  1.38345  1.39119  1.35766  1.35800  1.35962
  2531.65      3.9500  1.38339  1.39112  1.35759  1.35791  1.35951
  2530.15      3.9523  1.38335  1.39106  1.35752  1.35782  1.35939
  2528.65      3.9547  1.38329  1.39099  1.35746  1.35773  1.35928
  2527.15      3.9570  1.38323  1.39091  1.35739  1.35765  1.35916
  2525.65      3.9594  1.38317  1.39083  1.35731  1.35756  1.35905
  2524.15      3.9617  1.38311  1.39074  1.35724  1.35748  1.35893
  2522.65      3.9641  1.38304  1.39065  1.35717  1.35739  1.35881
  2521.15      3.9664  1.38298  1.39056  1.35710  1.35732  1.35870
  2519.65      3.9688  1.38290  1.39047  1.35702  1.35723  1.35858
  2518.15      3.9712  1.38283  1.39038  1.35694  1.35714  1.35845
  2516.65      3.9735  1.38275  1.39030  1.35686  1.35706  1.35831
  2515.15      3.9759  1.38266  1.39022  1.35678  1.35698  1.35818
  2513.65      3.9783  1.38259  1.39014  1.35670  1.35689  1.35804
  2512.15      3.9807  1.38251  1.39006  1.35661  1.35680  1.35790
  2510.65      3.9830  1.38244  1.38998  1.35652  1.35671  1.35775
  2509.15      3.9854  1.38237  1.38990  1.35643  1.35661  1.35761
  2507.65      3.9878  1.38231  1.38982  1.35636  1.35651  1.35747
  2506.15      3.9902  1.38224  1.38974  1.35628  1.35641  1.35734
  2504.65      3.9926  1.38219  1.38967  1.35621  1.35630  1.35721
  2503.15      3.9950  1.38215  1.38961  1.35614  1.35620  1.35707
  2501.65      3.9974  1.38210  1.38955  1.35609  1.35609  1.35694
  2500.15      3.9998  1.38206  1.38950  1.35603  1.35599  1.35680
  2498.65      4.0022  1.38203  1.38944  1.35599  1.35589  1.35666
  2497.15      4.0046  1.38199  1.38940  1.35594  1.35579  1.35652
  2495.65      4.0070  1.38195  1.38936  1.35590  1.35570  1.35639
  2494.15      4.0094  1.38191  1.38932  1.35585  1.35563  1.35625
  2492.65      4.0118  1.38187  1.38929  1.35580  1.35554  1.35613
  2491.15      4.0142  1.38182  1.38926  1.35575  1.35547  1.35601
  2489.65      4.0166  1.38179  1.38924  1.35571  1.35540  1.35589
  2488.15      4.0191  1.38174  1.38921  1.35565  1.35534  1.35578
  2486.65      4.0215  1.38172  1.38920  1.35559  1.35528  1.35569
  2485.15      4.0239  1.38171  1.38917  1.35553  1.35522  1.35560
  2483.65      4.0263  1.38169  1.38916  1.35548  1.35518  1.35552
  2482.15      4.0288  1.38169  1.38914  1.35542  1.35514  1.35545
  2480.65      4.0312  1.38169  1.38912  1.35538  1.35510  1.35538
  2479.15      4.0336  1.38169  1.38910  1.35533  1.35507  1.35532
  2477.65      4.0361  1.38170  1.38908  1.35530  1.35504  1.35524
  2476.15      4.0385  1.38171  1.38906  1.35526  1.35501  1.35517
  2474.65      4.0410  1.38171  1.38903  1.35525  1.35497  1.35511
  2473.15      4.0434  1.38172  1.38902  1.35522  1.35494  1.35503
  2471.65      4.0459  1.38172  1.38900  1.35521  1.35491  1.35495
  2470.15      4.0483  1.38171  1.38899  1.35519  1.35487  1.35488
  2468.65      4.0508  1.38171  1.38897  1.35518  1.35482  1.35480
  2467.15      4.0533  1.38170  1.38895  1.35517  1.35478  1.35472
  2465.65      4.0557  1.38170  1.38894  1.35516  1.35472  1.35464
  2464.15      4.0582  1.38170  1.38891  1.35515  1.35467  1.35456
  2462.65      4.0607  1.38169  1.38890  1.35514  1.35462  1.35449
  2461.15      4.0631  1.38169  1.38888  1.35513  1.35457  1.35442
  2459.65      4.0656  1.38168  1.38886  1.35512  1.35452  1.35436
  2458.15      4.0681  1.38168  1.38884  1.35512  1.35448  1.35429
  2456.65      4.0706  1.38168  1.38883  1.35511  1.35444  1.35422
  2455.15      4.0731  1.38168  1.38881  1.35511  1.35441  1.35416
  2453.64      4.0756  1.38167  1.38879  1.35509  1.35438  1.35409
  2452.14      4.0781  1.38166  1.38877  1.35507  1.35435  1.35402
  2450.64      4.0806  1.38165  1.38874  1.35505  1.35433  1.35394
  2449.14      4.0831  1.38163  1.38869  1.35503  1.35430  1.35386
  2447.64      4.0856  1.38161  1.38866  1.35499  1.35428  1.35378
  2446.14      4.0881  1.38159  1.38861  1.35496  1.35426  1.35371
  2444.64      4.0906  1.38156  1.38857  1.35492  1.35423  1.35362
  2443.14      4.0931  1.38153  1.38852  1.35489  1.35420  1.35354
  2441.64      4.0956  1.38149  1.38847  1.35485  1.35416  1.35345
  2440.14      4.0981  1.38146  1.38842  1.35482  1.35413  1.35338
  2438.64      4.1006  1.38142  1.38837  1.35479  1.35409  1.35330
  2437.14      4.1032  1.38137  1.38831  1.35477  1.35405  1.35322
  2435.64      4.1057  1.38133  1.38825  1.35474  1.35402  1.35314
  2434.14      4.1082  1.38127  1.38818  1.35472  1.35397  1.35306
  2432.64      4.1108  1.38122  1.38811  1.35470  1.35392  1.35299
  2431.14      4.1133  1.38115  1.38803  1.35468  1.35389  1.35291
  2429.64      4.1158  1.38109  1.38796  1.35465  1.35384  1.35283
  2428.14      4.1184  1.38101  1.38787  1.35462  1.35379  1.35274
  2426.64      4.1209  1.38092  1.38777  1.35460  1.35374  1.35266
  2425.14      4.1235  1.38083  1.38768  1.35456  1.35367  1.35256
  2423.64      4.1260  1.38074  1.38757  1.35452  1.35361  1.35247
  2422.14      4.1286  1.38063  1.38746  1.35448  1.35354  1.35237
  2420.64      4.1311  1.38052  1.38734  1.35443  1.35346  1.35226
  2419.14      4.1337  1.38041  1.38722  1.35438  1.35338  1.35215
  2417.64      4.1363  1.38029  1.38708  1.35432  1.35330  1.35204
  2416.14      4.1388  1.38017  1.38694  1.35426  1.35320  1.35192
  2414.64      4.1414  1.38005  1.38680  1.35419  1.35311  1.35181
  2413.14      4.1440  1.37993  1.38666  1.35412  1.35300  1.35169
  2411.64      4.1466  1.37981  1.38652  1.35404  1.35291  1.35157
  2410.14      4.1491  1.37968  1.38638  1.35395  1.35281  1.35144
  2408.64      4.1517  1.37955  1.38625  1.35385  1.35272  1.35131
  2407.14      4.1543  1.37942  1.38611  1.35376  1.35261  1.35118
  2405.64      4.1569  1.37930  1.38598  1.35367  1.35251  1.35106
  2404.14      4.1595  1.37918  1.38584  1.35356  1.35242  1.35094
  2402.64      4.1621  1.37906  1.38571  1.35347  1.35231  1.35081
  2401.14      4.1647  1.37894  1.38556  1.35338  1.35221  1.35069
  2399.64      4.1673  1.37882  1.38542  1.35327  1.35210  1.35056
  2398.14      4.1699  1.37871  1.38527  1.35317  1.35198  1.35044
  2396.64      4.1725  1.37859  1.38513  1.35307  1.35186  1.35032
  2395.14      4.1751  1.37848  1.38497  1.35295  1.35176  1.35022
  2393.64      4.1777  1.37835  1.38481  1.35282  1.35164  1.35012
  2392.14      4.1804  1.37823  1.38464  1.35270  1.35154  1.35003
  2390.64      4.1830  1.37811  1.38446  1.35256  1.35144  1.34994
  2389.14      4.1856  1.37797  1.38427  1.35242  1.35135  1.34986
  2387.64      4.1882  1.37783  1.38406  1.35227  1.35128  1.34979
  2386.14      4.1909  1.37768  1.38386  1.35212  1.35122  1.34974
  2384.64      4.1935  1.37752  1.38366  1.35199  1.35117  1.34969
  2383.14      4.1961  1.37737  1.38347  1.35185  1.35112  1.34965
  2381.64      4.1988  1.37721  1.38330  1.35172  1.35108  1.34961
  2380.14      4.2014  1.37705  1.38317  1.35159  1.35105  1.34959
  2378.64      4.2041  1.37690  1.38310  1.35147  1.35102  1.34957
  2377.14      4.2067  1.37676  1.38308  1.35135  1.35099  1.34955
  2375.64      4.2094  1.37663  1.38312  1.35124  1.35096  1.34953
  2374.14      4.2121  1.37651  1.38320  1.35112  1.35093  1.34951
  2372.64      4.2147  1.37639  1.38335  1.35101  1.35091  1.34951
  2371.14      4.2174  1.37629  1.38353  1.35090  1.35088  1.34949
  2369.64      4.2201  1.37620  1.38377  1.35079  1.35085  1.34948
  2368.14      4.2227  1.37610  1.38401  1.35067  1.35082  1.34947
  2366.64      4.2254  1.37601  1.38425  1.35056  1.35080  1.34946
  2365.14      4.2281  1.37593  1.38446  1.35044  1.35077  1.34945
  2363.64      4.2308  1.37584  1.38465  1.35033  1.35075  1.34945
  2362.14      4.2335  1.37576  1.38476  1.35021  1.35073  1.34944
  2360.64      4.2361  1.37567  1.38480  1.35010  1.35070  1.34943
  2359.14      4.2388  1.37558  1.38473  1.34998  1.35069  1.34943
  2357.64      4.2415  1.37551  1.38458  1.34987  1.35066  1.34943
  2356.14      4.2442  1.37542  1.38438  1.34975  1.35064  1.34942
  2354.64      4.2469  1.37533  1.38414  1.34964  1.35062  1.34942
  2353.14      4.2496  1.37525  1.38390  1.34951  1.35060  1.34942
  2351.64      4.2524  1.37517  1.38369  1.34940  1.35058  1.34942
  2350.14      4.2551  1.37509  1.38353  1.34927  1.35057  1.34942
  2348.64      4.2578  1.37500  1.38347  1.34916  1.35054  1.34942
  2347.14      4.2605  1.37492  1.38351  1.34904  1.35052  1.34943
  2345.64      4.2632  1.37483  1.38365  1.34891  1.35051  1.34943
  2344.14      4.2660  1.37475  1.38382  1.34879  1.35049  1.34944
  2342.64      4.2687  1.37467  1.38401  1.34867  1.35048  1.34944
  2341.14      4.2714  1.37458  1.38419  1.34855  1.35047  1.34945
  2339.64      4.2742  1.37449  1.38435  1.34841  1.35046  1.34946
  2338.14      4.2769  1.37442  1.38444  1.34829  1.35044  1.34947
  2336.64      4.2797  1.37433  1.38446  1.34818  1.35043  1.34947
  2335.14      4.2824  1.37424  1.38441  1.34805  1.35041  1.34948
  2333.64      4.2852  1.37416  1.38428  1.34794  1.35039  1.34948
  2332.14      4.2879  1.37407  1.38409  1.34782  1.35036  1.34947
  2330.64      4.2907  1.37399  1.38386  1.34772  1.35033  1.34946
  2329.14      4.2934  1.37390  1.38360  1.34763  1.35029  1.34945
  2327.64      4.2962  1.37381  1.38330  1.34753  1.35024  1.34941
  2326.14      4.2990  1.37372  1.38300  1.34745  1.35018  1.34938
  2324.64      4.3018  1.37364  1.38268  1.34738  1.35011  1.34933
  2323.14      4.3045  1.37355  1.38236  1.34731  1.35004  1.34929
  2321.64      4.3073  1.37346  1.38203  1.34725  1.34996  1.34923
  2320.13      4.3101  1.37337  1.38171  1.34720  1.34988  1.34918
  2318.63      4.3129  1.37328  1.38141  1.34715  1.34979  1.34911
  2317.13      4.3157  1.37319  1.38112  1.34709  1.34971  1.34904
  2315.63      4.3185  1.37310  1.38084  1.34704  1.34962  1.34898
  2314.13      4.3213  1.37300  1.38058  1.34700  1.34952  1.34891
  2312.63      4.3241  1.37291  1.38034  1.34695  1.34943  1.34883
  2311.13      4.3269  1.37283  1.38013  1.34689  1.34934  1.34876
  2309.63      4.3297  1.37273  1.37993  1.34685  1.34924  1.34869
  2308.13      4.3325  1.37264  1.37977  1.34680  1.34915  1.34862
  2306.63      4.3353  1.37256  1.37962  1.34675  1.34906  1.34854
  2305.13      4.3381  1.37247  1.37951  1.34671  1.34895  1.34846
  2303.63      4.3410  1.37240  1.37942  1.34667  1.34886  1.34839
  2302.13      4.3438  1.37232  1.37935  1.34662  1.34876  1.34831
  2300.63      4.3466  1.37225  1.37929  1.34658  1.34866  1.34823
  2299.13      4.3495  1.37218  1.37925  1.34653  1.34856  1.34815
  2297.63      4.3523  1.37211  1.37923  1.34649  1.34846  1.34808
  2296.13      4.3551  1.37205  1.37920  1.34645  1.34836  1.34799
  2294.63      4.3580  1.37199  1.37919  1.34641  1.34826  1.34791
  2293.13      4.3608  1.37194  1.37916  1.34636  1.34815  1.34783
  2291.63      4.3637  1.37189  1.37914  1.34633  1.34804  1.34774
  2290.13      4.3666  1.37183  1.37913  1.34628  1.34794  1.34766
  2288.63      4.3694  1.37177  1.37910  1.34624  1.34783  1.34757
  2287.13      4.3723  1.37173  1.37909  1.34620  1.34773  1.34748
  2285.63      4.3752  1.37168  1.37907  1.34615  1.34763  1.34741
  2284.13      4.3780  1.37164  1.37906  1.34609  1.34753  1.34733
  2282.63      4.3809  1.37161  1.37906  1.34603  1.34743  1.34727
  2281.13      4.3838  1.37158  1.37906  1.34597  1.34734  1.34722
  2279.63      4.3867  1.37156  1.37906  1.34590  1.34726  1.34717
  2278.13      4.3896  1.37154  1.37907  1.34582  1.34718  1.34714
  2276.63      4.3925  1.37153  1.37907  1.34574  1.34711  1.34711
  2275.13      4.3953  1.37152  1.37908  1.34566  1.34705  1.34710
  2273.63      4.3983  1.37151  1.37908  1.34557  1.34699  1.34708
  2272.13      4.4012  1.37149  1.37907  1.34548  1.34693  1.34707
  2270.63      4.4041  1.37147  1.37906  1.34539  1.34686  1.34705
  2269.13      4.4070  1.37145  1.37904  1.34532  1.34681  1.34703
  2267.63      4.4099  1.37142  1.37901  1.34524  1.34674  1.34700
  2266.13      4.4128  1.37140  1.37899  1.34518  1.34667  1.34697
  2264.63      4.4157  1.37138  1.37897  1.34512  1.34660  1.34694
  2263.13      4.4187  1.37135  1.37895  1.34507  1.34653  1.34689
  2261.63      4.4216  1.37134  1.37892  1.34502  1.34645  1.34683
  2260.13      4.4245  1.37134  1.37891  1.34499  1.34637  1.34678
  2258.63      4.4275  1.37134  1.37890  1.34497  1.34629  1.34673
  2257.13      4.4304  1.37135  1.37890  1.34495  1.34621  1.34665
  2255.63      4.4334  1.37137  1.37889  1.34495  1.34614  1.34659
  2254.13      4.4363  1.37140  1.37889  1.34494  1.34606  1.34653
  2252.63      4.4393  1.37142  1.37891  1.34495  1.34599  1.34647
  2251.13      4.4422  1.37145  1.37893  1.34495  1.34591  1.34641
  2249.63      4.4452  1.37148  1.37898  1.34496  1.34585  1.34636
  2248.13      4.4481  1.37150  1.37902  1.34497  1.34579  1.34631
  2246.63      4.4511  1.37154  1.37908  1.34498  1.34574  1.34627
  2245.13      4.4541  1.37156  1.37914  1.34498  1.34569  1.34624
  2243.63      4.4571  1.37158  1.37922  1.34498  1.34564  1.34622
  2242.13      4.4600  1.37161  1.37930  1.34498  1.34561  1.34621
  2240.63      4.4630  1.37164  1.37937  1.34497  1.34558  1.34621
  2239.13      4.4660  1.37167  1.37943  1.34497  1.34555  1.34621
  2237.63      4.4690  1.37170  1.37950  1.34496  1.34552  1.34621
  2236.13      4.4720  1.37173  1.37956  1.34495  1.34549  1.34621
  2234.63      4.4750  1.37178  1.37961  1.34495  1.34546  1.34622
  2233.13      4.4780  1.37181  1.37966  1.34493  1.34542  1.34623
  2231.63      4.4810  1.37185  1.37971  1.34493  1.34539  1.34623
  2230.13      4.4840  1.37188  1.37975  1.34492  1.34537  1.34623
  2228.63      4.4871  1.37190  1.37978  1.34490  1.34534  1.34623
  2227.13      4.4901  1.37193  1.37981  1.34490  1.34532  1.34623
  2225.63      4.4931  1.37196  1.37984  1.34487  1.34529  1.34622
  2224.13      4.4961  1.37198  1.37987  1.34486  1.34528  1.34621
  2222.63      4.4992  1.37200  1.37988  1.34483  1.34525  1.34620
  2221.13      4.5022  1.37202  1.37990  1.34480  1.34524  1.34619
  2219.63      4.5053  1.37203  1.37990  1.34476  1.34521  1.34617
  2218.13      4.5083  1.37204  1.37990  1.34472  1.34519  1.34615
  2216.63      4.5114  1.37204  1.37990  1.34467  1.34516  1.34613
  2215.13      4.5144  1.37204  1.37989  1.34463  1.34513  1.34610
  2213.63      4.5175  1.37202  1.37988  1.34458  1.34510  1.34609
  2212.13      4.5205  1.37200  1.37987  1.34453  1.34506  1.34607
  2210.63      4.5236  1.37197  1.37985  1.34448  1.34502  1.34604
  2209.13      4.5267  1.37193  1.37983  1.34443  1.34496  1.34602
  2207.63      4.5298  1.37188  1.37981  1.34438  1.34490  1.34599
  2206.13      4.5328  1.37184  1.37980  1.34433  1.34484  1.34595
  2204.63      4.5359  1.37178  1.37977  1.34428  1.34477  1.34591
  2203.13      4.5390  1.37172  1.37974  1.34422  1.34468  1.34586
  2201.63      4.5421  1.37166  1.37969  1.34416  1.34461  1.34580
  2200.13      4.5452  1.37159  1.37963  1.34410  1.34452  1.34574
  2198.63      4.5483  1.37150  1.37957  1.34404  1.34442  1.34567
  2197.13      4.5514  1.37142  1.37950  1.34396  1.34433  1.34560
  2195.63      4.5545  1.37133  1.37942  1.34389  1.34424  1.34552
  2194.13      4.5576  1.37123  1.37932  1.34381  1.34413  1.34544
  2192.63      4.5607  1.37113  1.37923  1.34372  1.34404  1.34534
  2191.13      4.5639  1.37102  1.37914  1.34363  1.34394  1.34525
  2189.63      4.5670  1.37092  1.37903  1.34354  1.34385  1.34515
  2188.12      4.5701  1.37082  1.37894  1.34343  1.34374  1.34506
  2186.62      4.5733  1.37072  1.37883  1.34334  1.34365  1.34497
  2185.12      4.5764  1.37061  1.37871  1.34323  1.34354  1.34486
  2183.62      4.5795  1.37050  1.37860  1.34312  1.34344  1.34476
  2182.12      4.5827  1.37039  1.37848  1.34299  1.34334  1.34466
  2180.62      4.5858  1.37028  1.37836  1.34287  1.34323  1.34455
  2179.12      4.5890  1.37016  1.37823  1.34274  1.34311  1.34444
  2177.62      4.5922  1.37005  1.37811  1.34261  1.34300  1.34432
  2176.12      4.5953  1.36994  1.37797  1.34248  1.34288  1.34421
  2174.62      4.5985  1.36982  1.37785  1.34234  1.34275  1.34409
  2173.12      4.6017  1.36971  1.37773  1.34220  1.34263  1.34397
  2171.62      4.6048  1.36960  1.37761  1.34206  1.34249  1.34384
  2170.12      4.6080  1.36948  1.37750  1.34192  1.34236  1.34373
  2168.62      4.6112  1.36937  1.37738  1.34179  1.34223  1.34360
  2167.12      4.6144  1.36926  1.37726  1.34166  1.34209  1.34348
  2165.62      4.6176  1.36913  1.37714  1.34153  1.34196  1.34336
  2164.12      4.6208  1.36902  1.37703  1.34141  1.34182  1.34324
  2162.62      4.6240  1.36890  1.37690  1.34130  1.34168  1.34312
  2161.12      4.6272  1.36878  1.37678  1.34118  1.34155  1.34299
  2159.62      4.6304  1.36866  1.37665  1.34107  1.34142  1.34287
  2158.12      4.6337  1.36853  1.37652  1.34097  1.34129  1.34274
  2156.62      4.6369  1.36841  1.37639  1.34086  1.34117  1.34262
  2155.12      4.6401  1.36828  1.37626  1.34076  1.34106  1.34249
  2153.62      4.6433  1.36816  1.37612  1.34066  1.34095  1.34237
  2152.12      4.6466  1.36804  1.37599  1.34056  1.34085  1.34224
  2150.62      4.6498  1.36793  1.37585  1.34047  1.34075  1.34213
  2149.12      4.6531  1.36782  1.37571  1.34036  1.34064  1.34201
  2147.62      4.6563  1.36772  1.37558  1.34027  1.34055  1.34188
  2146.12      4.6596  1.36762  1.37544  1.34017  1.34045  1.34177
  2144.62      4.6628  1.36751  1.37532  1.34006  1.34035  1.34165
  2143.12      4.6661  1.36740  1.37520  1.33996  1.34026  1.34153
  2141.62      4.6694  1.36729  1.37508  1.33985  1.34016  1.34142
  2140.12      4.6726  1.36718  1.37497  1.33975  1.34007  1.34131
  2138.62      4.6759  1.36705  1.37486  1.33965  1.33999  1.34121
  2137.12      4.6792  1.36693  1.37474  1.33956  1.33990  1.34112
  2135.62      4.6825  1.36681  1.37462  1.33946  1.33982  1.34102
  2134.12      4.6858  1.36668  1.37450  1.33938  1.33975  1.34094
  2132.62      4.6891  1.36656  1.37437  1.33930  1.33967  1.34085
  2131.12      4.6924  1.36643  1.37424  1.33921  1.33959  1.34076
  2129.62      4.6957  1.36631  1.37410  1.33913  1.33951  1.34068
  2128.12      4.6990  1.36617  1.37396  1.33904  1.33942  1.34059
  2126.62      4.7023  1.36604  1.37381  1.33894  1.33933  1.34049
  2125.12      4.7056  1.36590  1.37365  1.33885  1.33923  1.34040
  2123.62      4.7089  1.36575  1.37349  1.33875  1.33914  1.34031
  2122.12      4.7123  1.36560  1.37333  1.33865  1.33903  1.34020
  2120.62      4.7156  1.36544  1.37316  1.33855  1.33893  1.34011
  2119.12      4.7189  1.36528  1.37298  1.33845  1.33882  1.34000
  2117.62      4.7223  1.36511  1.37279  1.33834  1.33870  1.33990
  2116.12      4.7256  1.36494  1.37262  1.33824  1.33859  1.33980
  2114.62      4.7290  1.36476  1.37243  1.33814  1.33847  1.33969
  2113.12      4.7323  1.36458  1.37223  1.33804  1.33835  1.33959
  2111.62      4.7357  1.36439  1.37203  1.33794  1.33822  1.33947
  2110.12      4.7391  1.36420  1.37182  1.33784  1.33808  1.33936
  2108.62      4.7424  1.36400  1.37161  1.33774  1.33795  1.33924
  2107.12      4.7458  1.36379  1.37139  1.33764  1.33782  1.33912
  2105.62      4.7492  1.36358  1.37117  1.33753  1.33769  1.33899
  2104.12      4.7526  1.36337  1.37095  1.33740  1.33755  1.33885
  2102.62      4.7560  1.36314  1.37071  1.33728  1.33743  1.33870
  2101.12      4.7594  1.36290  1.37048  1.33715  1.33729  1.33854
  2099.62      4.7628  1.36267  1.37024  1.33700  1.33714  1.33837
  2098.12      4.7662  1.36243  1.36999  1.33684  1.33700  1.33819
  2096.62      4.7696  1.36217  1.36974  1.33668  1.33684  1.33800
  2095.12      4.7730  1.36192  1.36948  1.33651  1.33667  1.33781
  2093.62      4.7764  1.36166  1.36920  1.33634  1.33648  1.33761
  2092.12      4.7798  1.36138  1.36892  1.33615  1.33628  1.33739
  2090.62      4.7833  1.36110  1.36862  1.33598  1.33609  1.33718
  2089.12      4.7867  1.36082  1.36832  1.33579  1.33589  1.33697
  2087.62      4.7901  1.36052  1.36802  1.33560  1.33569  1.33674
  2086.12      4.7936  1.36023  1.36771  1.33542  1.33548  1.33652
  2084.62      4.7970  1.35992  1.36739  1.33522  1.33528  1.33630
  2083.12      4.8005  1.35961  1.36706  1.33503  1.33509  1.33608
  2081.62      4.8040  1.35929  1.36675  1.33484  1.33490  1.33586
  2080.12      4.8074  1.35898  1.36642  1.33462  1.33470  1.33564
  2078.62      4.8109  1.35867  1.36610  1.33442  1.33450  1.33541
  2077.12      4.8144  1.35836  1.36578  1.33420  1.33430  1.33518
  2075.62      4.8178  1.35804  1.36544  1.33399  1.33410  1.33495
  2074.12      4.8213  1.35772  1.36510  1.33377  1.33388  1.33471
  2072.62      4.8248  1.35741  1.36475  1.33355  1.33366  1.33446
  2071.12      4.8283  1.35710  1.36441  1.33332  1.33343  1.33422
  2069.62      4.8318  1.35679  1.36406  1.33309  1.33320  1.33396
  2068.12      4.8353  1.35648  1.36371  1.33287  1.33297  1.33370
  2066.62      4.8388  1.35616  1.36335  1.33263  1.33273  1.33344
  2065.12      4.8423  1.35585  1.36299  1.33241  1.33250  1.33318
  2063.62      4.8459  1.35554  1.36262  1.33219  1.33227  1.33292
  2062.12      4.8494  1.35521  1.36226  1.33198  1.33203  1.33266
  2060.62      4.8529  1.35490  1.36192  1.33176  1.33180  1.33240
  2059.12      4.8565  1.35459  1.36156  1.33154  1.33158  1.33213
  2057.62      4.8600  1.35427  1.36121  1.33132  1.33134  1.33188
  2056.12      4.8635  1.35395  1.36087  1.33110  1.33111  1.33161
  2054.61      4.8671  1.35363  1.36053  1.33089  1.33089  1.33135
  2053.11      4.8706  1.35331  1.36020  1.33067  1.33065  1.33108
  2051.61      4.8742  1.35300  1.35987  1.33045  1.33043  1.33082
  2050.11      4.8778  1.35267  1.35953  1.33022  1.33020  1.33055
  2048.61      4.8813  1.35234  1.35921  1.33001  1.32997  1.33030
  2047.11      4.8849  1.35202  1.35888  1.32979  1.32975  1.33004
  2045.61      4.8885  1.35169  1.35855  1.32957  1.32952  1.32978
  2044.11      4.8921  1.35137  1.35822  1.32936  1.32928  1.32953
  2042.61      4.8957  1.35105  1.35789  1.32916  1.32905  1.32927
  2041.11      4.8993  1.35072  1.35756  1.32896  1.32882  1.32902
  2039.61      4.9029  1.35040  1.35724  1.32876  1.32857  1.32877
  2038.11      4.9065  1.35009  1.35691  1.32856  1.32833  1.32851
  2036.61      4.9101  1.34978  1.35658  1.32837  1.32810  1.32825
  2035.11      4.9137  1.34948  1.35626  1.32817  1.32786  1.32799
  2033.61      4.9174  1.34918  1.35592  1.32797  1.32762  1.32772
  2032.11      4.9210  1.34888  1.35558  1.32778  1.32739  1.32746
  2030.61      4.9246  1.34859  1.35525  1.32758  1.32715  1.32720
  2029.11      4.9283  1.34829  1.35491  1.32737  1.32692  1.32693
  2027.61      4.9319  1.34798  1.35456  1.32716  1.32670  1.32667
  2026.11      4.9356  1.34766  1.35422  1.32692  1.32647  1.32640
  2024.61      4.9392  1.34732  1.35385  1.32669  1.32625  1.32614
  2023.11      4.9429  1.34699  1.35349  1.32646  1.32602  1.32588
  2021.61      4.9465  1.34665  1.35313  1.32623  1.32579  1.32562
  2020.11      4.9502  1.34632  1.35276  1.32601  1.32557  1.32536
  2018.61      4.9539  1.34597  1.35241  1.32578  1.32533  1.32510
  2017.11      4.9576  1.34563  1.35205  1.32557  1.32509  1.32484
  2015.61      4.9613  1.34529  1.35169  1.32536  1.32484  1.32457
  2014.11      4.9650  1.34496  1.35134  1.32516  1.32460  1.32430
  2012.61      4.9687  1.34463  1.35098  1.32498  1.32434  1.32402
  2011.11      4.9724  1.34428  1.35063  1.32479  1.32408  1.32374
  2009.61      4.9761  1.34394  1.35026  1.32460  1.32382  1.32345
  2008.11      4.9798  1.34360  1.34989  1.32440  1.32356  1.32316
  2006.61      4.9835  1.34324  1.34952  1.32419  1.32329  1.32288
  2005.11      4.9873  1.34287  1.34914  1.32396  1.32303  1.32258
  2003.61      4.9910  1.34250  1.34876  1.32371  1.32278  1.32230
  2002.11      4.9947  1.34211  1.34835  1.32344  1.32254  1.32202
  2000.61      4.9985  1.34172  1.34794  1.32315  1.32231  1.32173
  1999.11      5.0022  1.34131  1.34752  1.32285  1.32206  1.32145
  1997.61      5.0060  1.34091  1.34710  1.32254  1.32183  1.32116
  1996.11      5.0097  1.34050  1.34667  1.32223  1.32160  1.32087
  1994.61      5.0135  1.34008  1.34622  1.32193  1.32135  1.32057
  1993.11      5.0173  1.33966  1.34576  1.32162  1.32110  1.32027
  1991.61      5.0211  1.33924  1.34531  1.32132  1.32084  1.31996
  1990.11      5.0248  1.33883  1.34488  1.32105  1.32055  1.31962
  1988.61      5.0286  1.33841  1.34444  1.32080  1.32025  1.31928
  1987.11      5.0324  1.33800  1.34401  1.32055  1.31994  1.31892
  1985.61      5.0362  1.33759  1.34359  1.32032  1.31962  1.31854
  1984.11      5.0400  1.33718  1.34317  1.32008  1.31928  1.31817
  1982.61      5.0439  1.33676  1.34276  1.31983  1.31895  1.31780
  1981.11      5.0477  1.33634  1.34235  1.31959  1.31861  1.31741
  1979.61      5.0515  1.33591  1.34193  1.31933  1.31826  1.31704
  1978.11      5.0553  1.33547  1.34150  1.31907  1.31794  1.31667
  1976.61      5.0592  1.33501  1.34105  1.31878  1.31762  1.31631
  1975.11      5.0630  1.33456  1.34058  1.31847  1.31729  1.31596
  1973.61      5.0669  1.33408  1.34011  1.31816  1.31696  1.31561
  1972.11      5.0707  1.33361  1.33962  1.31784  1.31663  1.31525
  1970.61      5.0746  1.33314  1.33913  1.31751  1.31629  1.31489
  1969.11      5.0784  1.33268  1.33862  1.31719  1.31597  1.31453
  1967.61      5.0823  1.33222  1.33812  1.31686  1.31563  1.31417
  1966.11      5.0862  1.33177  1.33763  1.31655  1.31529  1.31380
  1964.61      5.0901  1.33132  1.33716  1.31624  1.31493  1.31341
  1963.11      5.0940  1.33090  1.33670  1.31596  1.31456  1.31302
  1961.61      5.0979  1.33047  1.33626  1.31567  1.31420  1.31264
  1960.11      5.1018  1.33005  1.33581  1.31538  1.31385  1.31224
  1958.61      5.1057  1.32962  1.33539  1.31511  1.31348  1.31186
  1957.11      5.1096  1.32920  1.33496  1.31483  1.31312  1.31147
  1955.61      5.1135  1.32878  1.33452  1.31454  1.31278  1.31110
  1954.11      5.1174  1.32835  1.33408  1.31423  1.31245  1.31075
  1952.61      5.1214  1.32792  1.33361  1.31390  1.31214  1.31040
  1951.11      5.1253  1.32747  1.33313  1.31356  1.31184  1.31007
  1949.61      5.1292  1.32703  1.33265  1.31321  1.31156  1.30976
  1948.11      5.1332  1.32659  1.33216  1.31285  1.31128  1.30943
  1946.61      5.1371  1.32615  1.33167  1.31249  1.31101  1.30912
  1945.11      5.1411  1.32570  1.33120  1.31214  1.31074  1.30880
  1943.61      5.1451  1.32526  1.33073  1.31179  1.31046  1.30849
  1942.11      5.1490  1.32485  1.33028  1.31148  1.31017  1.30815
  1940.61      5.1530  1.32443  1.32987  1.31122  1.30985  1.30778
  1939.11      5.1570  1.32404  1.32948  1.31098  1.30950  1.30741
  1937.61      5.1610  1.32365  1.32912  1.31076  1.30915  1.30702
  1936.11      5.1650  1.32329  1.32877  1.31054  1.30880  1.30664
  1934.61      5.1690  1.32292  1.32841  1.31032  1.30846  1.30627
  1933.11      5.1730  1.32256  1.32807  1.31009  1.30812  1.30589
  1931.61      5.1770  1.32221  1.32771  1.30985  1.30781  1.30554
  1930.11      5.1811  1.32185  1.32734  1.30960  1.30752  1.30520
  1928.61      5.1851  1.32149  1.32696  1.30931  1.30726  1.30490
  1927.11      5.1891  1.32112  1.32654  1.30900  1.30704  1.30462
  1925.61      5.1932  1.32076  1.32612  1.30866  1.30683  1.30437
  1924.11      5.1972  1.32039  1.32569  1.30833  1.30663  1.30412
  1922.61      5.2013  1.32003  1.32528  1.30801  1.30644  1.30389
  1921.11      5.2053  1.31967  1.32488  1.30771  1.30623  1.30366
  1919.60      5.2094  1.31933  1.32449  1.30742  1.30603  1.30342
  1918.10      5.2135  1.31900  1.32413  1.30716  1.30582  1.30319
  1916.60      5.2176  1.31868  1.32379  1.30694  1.30559  1.30294
  1915.10      5.2216  1.31838  1.32349  1.30676  1.30535  1.30268
  1913.60      5.2257  1.31808  1.32321  1.30660  1.30509  1.30241
  1912.10      5.2298  1.31781  1.32294  1.30645  1.30483  1.30215
  1910.60      5.2339  1.31753  1.32269  1.30631  1.30458  1.30189
  1909.10      5.2381  1.31727  1.32244  1.30619  1.30433  1.30163
  1907.60      5.2422  1.31702  1.32221  1.30608  1.30407  1.30138
  1906.10      5.2463  1.31679  1.32199  1.30599  1.30381  1.30112
  1904.60      5.2504  1.31656  1.32176  1.30589  1.30357  1.30088
  1903.10      5.2546  1.31634  1.32153  1.30578  1.30335  1.30066
  1901.60      5.2587  1.31612  1.32131  1.30564  1.30314  1.30046
  1900.10      5.2629  1.31589  1.32107  1.30548  1.30296  1.30028
  1898.60      5.2670  1.31566  1.32084  1.30531  1.30279  1.30010
  1897.10      5.2712  1.31544  1.32059  1.30512  1.30265  1.29995
  1895.60      5.2754  1.31521  1.32033  1.30493  1.30252  1.29981
  1894.10      5.2795  1.31498  1.32008  1.30473  1.30240  1.29968
  1892.60      5.2837  1.31475  1.31985  1.30454  1.30229  1.29957
  1891.10      5.2879  1.31454  1.31962  1.30435  1.30218  1.29945
  1889.60      5.2921  1.31433  1.31941  1.30419  1.30206  1.29933
  1888.10      5.2963  1.31414  1.31923  1.30407  1.30192  1.29919
  1886.60      5.3005  1.31397  1.31910  1.30400  1.30177  1.29905
  1885.10      5.3048  1.31381  1.31899  1.30396  1.30160  1.29888
  1883.60      5.3090  1.31367  1.31891  1.30395  1.30141  1.29873
  1882.10      5.3132  1.31354  1.31883  1.30393  1.30125  1.29859
  1880.60      5.3174  1.31342  1.31874  1.30388  1.30111  1.29849
  1879.10      5.3217  1.31328  1.31864  1.30379  1.30101  1.29842
  1877.60      5.3259  1.31314  1.31850  1.30367  1.30094  1.29838
  1876.10      5.3302  1.31300  1.31833  1.30352  1.30091  1.29839
  1874.60      5.3345  1.31285  1.31813  1.30334  1.30091  1.29842
  1873.10      5.3387  1.31270  1.31793  1.30312  1.30094  1.29848
  1871.60      5.3430  1.31255  1.31770  1.30288  1.30098  1.29857
  1870.10      5.3473  1.31241  1.31747  1.30264  1.30104  1.29866
  1868.60      5.3516  1.31229  1.31730  1.30245  1.30107  1.29874
  1867.10      5.3559  1.31220  1.31718  1.30234  1.30106  1.29876
  1865.60      5.3602  1.31214  1.31715  1.30233  1.30099  1.29874
  1864.10      5.3645  1.31213  1.31717  1.30239  1.30091  1.29868
  1862.60      5.3688  1.31213  1.31723  1.30249  1.30080  1.29861
  1861.10      5.3732  1.31217  1.31733  1.30262  1.30068  1.29854
  1859.60      5.3775  1.31223  1.31747  1.30277  1.30055  1.29846
  1858.10      5.3818  1.31230  1.31762  1.30293  1.30043  1.29840
  1856.60      5.3862  1.31238  1.31777  1.30307  1.30035  1.29836
  1855.10      5.3905  1.31244  1.31788  1.30314  1.30033  1.29839
  1853.60      5.3949  1.31249  1.31793  1.30313  1.30039  1.29847
  1852.10      5.3993  1.31252  1.31795  1.30308  1.30049  1.29860
  1850.60      5.4037  1.31256  1.31794  1.30300  1.30063  1.29878
  1849.10      5.4080  1.31259  1.31793  1.30290  1.30079  1.29899
  1847.60      5.4124  1.31263  1.31792  1.30279  1.30100  1.29923
  1846.10      5.4168  1.31269  1.31791  1.30270  1.30120  1.29948
  1844.60      5.4212  1.31278  1.31795  1.30265  1.30140  1.29973
  1843.10      5.4256  1.31290  1.31807  1.30267  1.30154  1.29994
  1841.60      5.4301  1.31309  1.31827  1.30276  1.30165  1.30015
  1840.10      5.4345  1.31330  1.31851  1.30288  1.30177  1.30035
  1838.60      5.4389  1.31353  1.31877  1.30299  1.30189  1.30056
  1837.10      5.4434  1.31378  1.31904  1.30310  1.30205  1.30080
  1835.60      5.4478  1.31403  1.31931  1.30320  1.30221  1.30106
  1834.10      5.4523  1.31428  1.31958  1.30329  1.30242  1.30134
  1832.60      5.4567  1.31453  1.31982  1.30337  1.30265  1.30165
  1831.10      5.4612  1.31478  1.32004  1.30342  1.30292  1.30198
  1829.60      5.4657  1.31502  1.32026  1.30347  1.30320  1.30235
  1828.10      5.4702  1.31529  1.32053  1.30357  1.30346  1.30270
  1826.60      5.4747  1.31559  1.32084  1.30374  1.30371  1.30303
  1825.10      5.4792  1.31593  1.32124  1.30397  1.30391  1.30334
  1823.60      5.4837  1.31633  1.32170  1.30428  1.30408  1.30362
  1822.10      5.4882  1.31677  1.32222  1.30464  1.30423  1.30390
  1820.60      5.4927  1.31724  1.32279  1.30503  1.30439  1.30417
  1819.10      5.4972  1.31775  1.32338  1.30545  1.30456  1.30445
  1817.60      5.5018  1.31828  1.32399  1.30590  1.30473  1.30473
  1816.10      5.5063  1.31881  1.32461  1.30635  1.30494  1.30503
  1814.60      5.5109  1.31937  1.32521  1.30677  1.30518  1.30538
  1813.10      5.5154  1.31992  1.32581  1.30715  1.30547  1.30577
  1811.60      5.5200  1.32047  1.32639  1.30747  1.30581  1.30621
  1810.10      5.5246  1.32102  1.32696  1.30778  1.30618  1.30669
  1808.60      5.5291  1.32158  1.32754  1.30808  1.30658  1.30719
  1807.10      5.5337  1.32215  1.32814  1.30840  1.30699  1.30771
  1805.60      5.5383  1.32274  1.32874  1.30869  1.30742  1.30826
  1804.10      5.5429  1.32331  1.32934  1.30893  1.30791  1.30887
  1802.60      5.5476  1.32389  1.32990  1.30912  1.30846  1.30956
  1801.10      5.5522  1.32447  1.33046  1.30930  1.30905  1.31028
  1799.60      5.5568  1.32508  1.33103  1.30951  1.30964  1.31100
  1798.10      5.5614  1.32572  1.33165  1.30978  1.31024  1.31171
  1796.60      5.5661  1.32637  1.33229  1.31008  1.31083  1.31243
  1795.10      5.5707  1.32706  1.33296  1.31040  1.31143  1.31317
  1793.60      5.5754  1.32775  1.33365  1.31072  1.31204  1.31392
  1792.10      5.5801  1.32850  1.33439  1.31113  1.31261  1.31465
  1790.60      5.5847  1.32929  1.33524  1.31165  1.31313  1.31532
  1789.10      5.5894  1.33012  1.33617  1.31229  1.31357  1.31592
  1787.60      5.5941  1.33100  1.33715  1.31298  1.31400  1.31651
  1786.10      5.5988  1.33188  1.33816  1.31366  1.31446  1.31713
  1784.59      5.6035  1.33278  1.33920  1.31430  1.31497  1.31781
  1783.09      5.6082  1.33369  1.34023  1.31488  1.31553  1.31856
  1781.59      5.6129  1.33461  1.34125  1.31542  1.31618  1.31939
  1780.09      5.6177  1.33553  1.34224  1.31592  1.31689  1.32028
  1778.59      5.6224  1.33643  1.34319  1.31639  1.31768  1.32121
  1777.09      5.6272  1.33735  1.34412  1.31681  1.31853  1.32221
  1775.59      5.6319  1.33827  1.34502  1.31719  1.31943  1.32327
  1774.09      5.6367  1.33921  1.34592  1.31755  1.32038  1.32439
  1772.59      5.6414  1.34017  1.34683  1.31795  1.32133  1.32552
  1771.09      5.6462  1.34116  1.34781  1.31844  1.32221  1.32660
  1769.59      5.6510  1.34221  1.34887  1.31907  1.32302  1.32760
  1768.09      5.6558  1.34331  1.35002  1.31981  1.32376  1.32854
  1766.59      5.6606  1.34444  1.35127  1.32064  1.32447  1.32945
  1765.09      5.6654  1.34562  1.35258  1.32153  1.32517  1.33035
  1763.59      5.6702  1.34682  1.35393  1.32244  1.32588  1.33127
  1762.09      5.6751  1.34806  1.35534  1.32332  1.32661  1.33223
  1760.59      5.6799  1.34930  1.35674  1.32421  1.32738  1.33321
  1759.09      5.6847  1.35056  1.35813  1.32507  1.32822  1.33426
  1757.59      5.6896  1.35181  1.35947  1.32586  1.32916  1.33538
  1756.09      5.6945  1.35307  1.36078  1.32661  1.33017  1.33657
  1754.59      5.6993  1.35433  1.36208  1.32730  1.33124  1.33783
  1753.09      5.7042  1.35560  1.36334  1.32793  1.33236  1.33917
  1751.59      5.7091  1.35688  1.36458  1.32850  1.33354  1.34057
  1750.09      5.7140  1.35817  1.36585  1.32910  1.33472  1.34198
  1748.59      5.7189  1.35951  1.36718  1.32977  1.33587  1.34338
  1747.09      5.7238  1.36091  1.36862  1.33051  1.33698  1.34477
  1745.59      5.7287  1.36236  1.37014  1.33124  1.33809  1.34617
  1744.09      5.7336  1.36382  1.37167  1.33195  1.33925  1.34763
  1742.59      5.7386  1.36529  1.37320  1.33265  1.34043  1.34912
  1741.09      5.7435  1.36680  1.37475  1.33335  1.34162  1.35062
  1739.59      5.7485  1.36831  1.37632  1.33411  1.34278  1.35210
  1738.09      5.7534  1.36985  1.37792  1.33494  1.34390  1.35353
  1736.59      5.7584  1.37141  1.37953  1.33579  1.34502  1.35494
  1735.09      5.7634  1.37297  1.38114  1.33665  1.34614  1.35632
  1733.59      5.7684  1.37456  1.38280  1.33759  1.34717  1.35765
  1732.09      5.7734  1.37623  1.38461  1.33868  1.34806  1.35882
  1730.59      5.7784  1.37796  1.38657  1.33988  1.34885  1.35991
  1729.09      5.7834  1.37973  1.38861  1.34109  1.34961  1.36098
  1727.59      5.7884  1.38153  1.39065  1.34223  1.35043  1.36208
  1726.09      5.7934  1.38330  1.39263  1.34330  1.35131  1.36324
  1724.59      5.7985  1.38504  1.39453  1.34425  1.35227  1.36445
  1723.09      5.8035  1.38676  1.39636  1.34515  1.35328  1.36571
  1721.59      5.8086  1.38843  1.39809  1.34598  1.35437  1.36700
  1720.09      5.8136  1.39006  1.39971  1.34667  1.35556  1.36839
  1718.59      5.8187  1.39164  1.40124  1.34725  1.35682  1.36987
  1717.09      5.8238  1.39323  1.40275  1.34781  1.35807  1.37133
  1715.59      5.8289  1.39483  1.40436  1.34847  1.35919  1.37269
  1714.09      5.8340  1.39648  1.40608  1.34924  1.36018  1.37394
  1712.59      5.8391  1.39815  1.40789  1.35004  1.36111  1.37514
  1711.09      5.8442  1.39981  1.40972  1.35079  1.36207  1.37637
  1709.59      5.8494  1.40143  1.41147  1.35142  1.36309  1.37765
  1708.09      5.8545  1.40299  1.41312  1.35193  1.36419  1.37901
  1706.59      5.8596  1.40448  1.41463  1.35232  1.36535  1.38040
  1705.09      5.8648  1.40589  1.41600  1.35266  1.36656  1.38180
  1703.59      5.8700  1.40723  1.41725  1.35295  1.36780  1.38320
  1702.09      5.8751  1.40852  1.41841  1.35316  1.36907  1.38463
  1700.59      5.8803  1.40977  1.41951  1.35334  1.37030  1.38602
  1699.09      5.8855  1.41103  1.42067  1.35361  1.37135  1.38726
  1697.59      5.8907  1.41233  1.42198  1.35404  1.37219  1.38833
  1696.09      5.8959  1.41367  1.42342  1.35455  1.37288  1.38928
  1694.59      5.9011  1.41502  1.42491  1.35515  1.37345  1.39009
  1693.09      5.9064  1.41635  1.42640  1.35582  1.37395  1.39080
  1691.59      5.9116  1.41763  1.42782  1.35647  1.37443  1.39145
  1690.09      5.9169  1.41885  1.42916  1.35707  1.37490  1.39210
  1688.59      5.9221  1.42002  1.43041  1.35762  1.37540  1.39274
  1687.09      5.9274  1.42110  1.43151  1.35808  1.37598  1.39345
  1685.59      5.9326  1.42210  1.43246  1.35840  1.37668  1.39425
  1684.09      5.9379  1.42303  1.43332  1.35871  1.37737  1.39504
  1682.59      5.9432  1.42395  1.43419  1.35910  1.37796  1.39573
  1681.09      5.9485  1.42487  1.43514  1.35955  1.37849  1.39637
  1679.59      5.9538  1.42578  1.43609  1.36005  1.37901  1.39701
  1678.09      5.9592  1.42666  1.43702  1.36057  1.37952  1.39765
  1676.59      5.9645  1.42749  1.43794  1.36114  1.38002  1.39826
  1675.09      5.9698  1.42832  1.43886  1.36175  1.38050  1.39884
  1673.59      5.9752  1.42913  1.43979  1.36244  1.38094  1.39937
  1672.09      5.9806  1.42992  1.44072  1.36322  1.38138  1.39985
  1670.59      5.9859  1.43067  1.44157  1.36405  1.38187  1.40034
  1669.09      5.9913  1.43140  1.44242  1.36493  1.38234  1.40080
  1667.59      5.9967  1.43214  1.44335  1.36592  1.38274  1.40121
  1666.09      6.0021  1.43292  1.44434  1.36691  1.38315  1.40165
  1664.59      6.0075  1.43366  1.44527  1.36779  1.38369  1.40225
  1663.09      6.0129  1.43434  1.44606  1.36857  1.38441  1.40296
  1661.59      6.0183  1.43496  1.44672  1.36934  1.38524  1.40375
  1660.09      6.0238  1.43554  1.44730  1.37006  1.38618  1.40463
  1658.59      6.0292  1.43606  1.44774  1.37064  1.38731  1.40569
  1657.09      6.0347  1.43650  1.44798  1.37105  1.38869  1.40695
  1655.59      6.0402  1.43682  1.44797  1.37130  1.39033  1.40841
  1654.09      6.0456  1.43708  1.44784  1.37152  1.39208  1.40995
  1652.59      6.0511  1.43738  1.44779  1.37198  1.39371  1.41136
  1651.08      6.0566  1.43776  1.44795  1.37282  1.39511  1.41251
  1649.58      6.0621  1.43821  1.44827  1.37389  1.39640  1.41354
  1648.08      6.0676  1.43868  1.44866  1.37503  1.39768  1.41456
  1646.58      6.0732  1.43920  1.44912  1.37632  1.39895  1.41552
  1645.08      6.0787  1.43976  1.44970  1.37786  1.40008  1.41632
  1643.58      6.0843  1.44037  1.45040  1.37968  1.40107  1.41696
  1642.08      6.0898  1.44100  1.45115  1.38166  1.40201  1.41748
  1640.58      6.0954  1.44159  1.45183  1.38365  1.40303  1.41801
  1639.08      6.1010  1.44212  1.45236  1.38550  1.40419  1.41866
  1637.58      6.1066  1.44259  1.45277  1.38722  1.40547  1.41942
  1636.08      6.1122  1.44301  1.45315  1.38891  1.40673  1.42016
  1634.58      6.1178  1.44344  1.45354  1.39070  1.40789  1.42079
  1633.08      6.1234  1.44384  1.45394  1.39253  1.40896  1.42131
  1631.58      6.1290  1.44421  1.45431  1.39430  1.41001  1.42180
  1630.08      6.1347  1.44452  1.45462  1.39593  1.41104  1.42230
  1628.58      6.1403  1.44480  1.45485  1.39741  1.41205  1.42283
  1627.08      6.1460  1.44500  1.45503  1.39876  1.41304  1.42333
  1625.58      6.1516  1.44515  1.45512  1.40002  1.41393  1.42376
  1624.08      6.1573  1.44521  1.45512  1.40121  1.41474  1.42409
  1622.58      6.1630  1.44521  1.45503  1.40229  1.41545  1.42435
  1621.08      6.1687  1.44513  1.45485  1.40323  1.41608  1.42454
  1619.58      6.1744  1.44498  1.45461  1.40398  1.41661  1.42472
  1618.08      6.1802  1.44476  1.45431  1.40458  1.41703  1.42482
  1616.58      6.1859  1.44447  1.45397  1.40512  1.41726  1.42478
  1615.08      6.1916  1.44414  1.45363  1.40566  1.41724  1.42452
  1613.58      6.1974  1.44377  1.45331  1.40617  1.41702  1.42409
  1612.08      6.2032  1.44335  1.45295  1.40660  1.41666  1.42355
  1610.58      6.2089  1.44285  1.45251  1.40689  1.41621  1.42294
  1609.08      6.2147  1.44228  1.45200  1.40704  1.41567  1.42227
  1607.58      6.2205  1.44164  1.45143  1.40707  1.41503  1.42154
  1606.08      6.2263  1.44095  1.45081  1.40700  1.41430  1.42074
  1604.58      6.2322  1.44021  1.45012  1.40683  1.41350  1.41987
  1603.08      6.2380  1.43938  1.44934  1.40653  1.41268  1.41900
  1601.58      6.2438  1.43849  1.44847  1.40610  1.41185  1.41811
  1600.08      6.2497  1.43756  1.44755  1.40555  1.41097  1.41722
  1598.58      6.2555  1.43657  1.44657  1.40494  1.41006  1.41628
  1597.08      6.2614  1.43554  1.44556  1.40425  1.40910  1.41531
  1595.58      6.2673  1.43448  1.44450  1.40351  1.40811  1.41431
  1594.08      6.2732  1.43337  1.44341  1.40272  1.40707  1.41327
  1592.58      6.2791  1.43224  1.44232  1.40192  1.40600  1.41220
  1591.08      6.2850  1.43109  1.44121  1.40108  1.40488  1.41110
  1589.58      6.2910  1.42993  1.44008  1.40018  1.40376  1.41001
  1588.08      6.2969  1.42873  1.43891  1.39919  1.40269  1.40897
  1586.58      6.3029  1.42751  1.43768  1.39811  1.40165  1.40797
  1585.08      6.3088  1.42625  1.43637  1.39695  1.40066  1.40700
  1583.58      6.3148  1.42494  1.43502  1.39576  1.39969  1.40605
  1582.08      6.3208  1.42362  1.43361  1.39447  1.39876  1.40515
  1580.58      6.3268  1.42227  1.43212  1.39307  1.39791  1.40432
  1579.08      6.3328  1.42088  1.43056  1.39160  1.39714  1.40355
  1577.58      6.3388  1.41945  1.42895  1.39008  1.39638  1.40279
  1576.08      6.3449  1.41804  1.42735  1.38861  1.39556  1.40197
  1574.58      6.3509  1.41663  1.42582  1.38726  1.39461  1.40104
  1573.08      6.3570  1.41527  1.42437  1.38597  1.39361  1.40007
  1571.58      6.3630  1.41392  1.42295  1.38458  1.39267  1.39921
  1570.08      6.3691  1.41255  1.42146  1.38302  1.39188  1.39849
  1568.58      6.3752  1.41117  1.41990  1.38140  1.39118  1.39782
  1567.08      6.3813  1.40976  1.41830  1.37977  1.39051  1.39717
  1565.58      6.3874  1.40834  1.41666  1.37814  1.38987  1.39655
  1564.08      6.3935  1.40692  1.41496  1.37648  1.38932  1.39598
  1562.58      6.3997  1.40546  1.41319  1.37473  1.38887  1.39548
  1561.08      6.4058  1.40397  1.41134  1.37291  1.38849  1.39506
  1559.58      6.4120  1.40248  1.40950  1.37115  1.38801  1.39456
  1558.08      6.4182  1.40104  1.40786  1.36974  1.38723  1.39377
  1556.58      6.4243  1.39972  1.40647  1.36871  1.38614  1.39270
  1555.08      6.4305  1.39847  1.40525  1.36785  1.38491  1.39149
  1553.58      6.4368  1.39725  1.40411  1.36702  1.38363  1.39027
  1552.08      6.4430  1.39607  1.40299  1.36612  1.38240  1.38912
  1550.58      6.4492  1.39487  1.40183  1.36514  1.38127  1.38803
  1549.08      6.4555  1.39366  1.40063  1.36413  1.38021  1.38699
  1547.58      6.4617  1.39245  1.39938  1.36310  1.37922  1.38600
  1546.08      6.4680  1.39121  1.39800  1.36193  1.37843  1.38514
  1544.58      6.4743  1.38990  1.39646  1.36053  1.37786  1.38449
  1543.08      6.4806  1.38856  1.39485  1.35901  1.37740  1.38397
  1541.58      6.4869  1.38724  1.39325  1.35753  1.37689  1.38343
  1540.08      6.4932  1.38596  1.39180  1.35626  1.37619  1.38274
  1538.58      6.4995  1.38476  1.39052  1.35528  1.37523  1.38181
  1537.08      6.5059  1.38361  1.38940  1.35452  1.37407  1.38071
  1535.58      6.5122  1.38251  1.38837  1.35385  1.37286  1.37956
  1534.08      6.5186  1.38142  1.38737  1.35318  1.37163  1.37841
  1532.58      6.5250  1.38035  1.38639  1.35253  1.37039  1.37724
  1531.08      6.5314  1.37927  1.38542  1.35189  1.36918  1.37608
  1529.58      6.5378  1.37819  1.38438  1.35116  1.36808  1.37499
  1528.08      6.5442  1.37706  1.38322  1.35027  1.36714  1.37403
  1526.58      6.5506  1.37588  1.38194  1.34921  1.36638  1.37322
  1525.08      6.5571  1.37468  1.38059  1.34804  1.36573  1.37253
  1523.58      6.5635  1.37348  1.37925  1.34683  1.36510  1.37189
  1522.08      6.5700  1.37231  1.37795  1.34567  1.36443  1.37122
  1520.58      6.5765  1.37117  1.37672  1.34458  1.36367  1.37050
  1519.08      6.5830  1.37005  1.37554  1.34350  1.36290  1.36977
  1517.58      6.5895  1.36896  1.37437  1.34240  1.36215  1.36909
  1516.07      6.5960  1.36788  1.37322  1.34137  1.36139  1.36838
  1514.57      6.6025  1.36682  1.37209  1.34045  1.36058  1.36763
  1513.07      6.6091  1.36580  1.37099  1.33960  1.35976  1.36685
  1511.57      6.6156  1.36479  1.36989  1.33876  1.35897  1.36610
  1510.07      6.6222  1.36380  1.36879  1.33788  1.35825  1.36540
  1508.57      6.6288  1.36281  1.36768  1.33699  1.35759  1.36477
  1507.07      6.6354  1.36183  1.36662  1.33618  1.35693  1.36411
  1505.57      6.6420  1.36094  1.36575  1.33563  1.35607  1.36330
  1504.07      6.6486  1.36011  1.36505  1.33529  1.35507  1.36234
  1502.57      6.6552  1.35932  1.36444  1.33501  1.35402  1.36134
  1501.07      6.6619  1.35854  1.36383  1.33464  1.35302  1.36040
  1499.57      6.6686  1.35772  1.36320  1.33418  1.35204  1.35949
  1498.07      6.6752  1.35688  1.36252  1.33371  1.35105  1.35858
  1496.57      6.6819  1.35604  1.36183  1.33328  1.35000  1.35761
  1495.07      6.6886  1.35518  1.36110  1.33290  1.34891  1.35659
  1493.57      6.6954  1.35429  1.36028  1.33245  1.34788  1.35559
  1492.07      6.7021  1.35336  1.35937  1.33185  1.34695  1.35471
  1490.57      6.7088  1.35242  1.35841  1.33117  1.34605  1.35387
  1489.07      6.7156  1.35151  1.35753  1.33055  1.34511  1.35300
  1487.57      6.7224  1.35066  1.35675  1.33005  1.34410  1.35207
  1486.07      6.7291  1.34984  1.35605  1.32963  1.34307  1.35112
  1484.57      6.7359  1.34903  1.35536  1.32918  1.34211  1.35023
  1483.07      6.7428  1.34821  1.35461  1.32861  1.34128  1.34943
  1481.57      6.7496  1.34736  1.35380  1.32795  1.34054  1.34871
  1480.07      6.7564  1.34649  1.35294  1.32727  1.33985  1.34804
  1478.57      6.7633  1.34562  1.35205  1.32655  1.33922  1.34740
  1477.07      6.7702  1.34472  1.35111  1.32577  1.33867  1.34686
  1475.57      6.7770  1.34379  1.35009  1.32491  1.33817  1.34636
  1474.07      6.7839  1.34285  1.34905  1.32404  1.33768  1.34588
  1472.57      6.7908  1.34193  1.34807  1.32324  1.33711  1.34533
  1471.07      6.7978  1.34106  1.34720  1.32255  1.33641  1.34469
  1469.57      6.8047  1.34021  1.34641  1.32191  1.33566  1.34404
  1468.07      6.8117  1.33936  1.34561  1.32118  1.33496  1.34342
  1466.57      6.8186  1.33848  1.34475  1.32036  1.33430  1.34286
  1465.07      6.8256  1.33757  1.34382  1.31950  1.33364  1.34228
  1463.57      6.8326  1.33665  1.34287  1.31865  1.33295  1.34167
  1462.07      6.8396  1.33570  1.34189  1.31779  1.33225  1.34103
  1460.57      6.8466  1.33473  1.34084  1.31685  1.33162  1.34044
  1459.07      6.8537  1.33372  1.33970  1.31581  1.33106  1.33991
  1457.57      6.8607  1.33269  1.33853  1.31476  1.33049  1.33936
  1456.07      6.8678  1.33170  1.33747  1.31386  1.32976  1.33869
  1454.57      6.8749  1.33076  1.33656  1.31321  1.32887  1.33786
  1453.07      6.8820  1.32988  1.33578  1.31273  1.32789  1.33690
  1451.57      6.8891  1.32903  1.33506  1.31234  1.32687  1.33591
  1450.07      6.8962  1.32820  1.33438  1.31195  1.32583  1.33493
  1448.57      6.9034  1.32738  1.33374  1.31156  1.32480  1.33396
  1447.07      6.9105  1.32657  1.33310  1.31119  1.32377  1.33299
  1445.57      6.9177  1.32575  1.33245  1.31083  1.32277  1.33201
  1444.07      6.9249  1.32491  1.33171  1.31042  1.32184  1.33108
  1442.57      6.9321  1.32403  1.33088  1.30986  1.32102  1.33025
  1441.07      6.9393  1.32310  1.32998  1.30915  1.32028  1.32954
  1439.57      6.9465  1.32215  1.32901  1.30834  1.31960  1.32889
  1438.07      6.9538  1.32117  1.32798  1.30747  1.31894  1.32827
  1436.57      6.9610  1.32019  1.32695  1.30660  1.31825  1.32762
  1435.07      6.9683  1.31921  1.32595  1.30581  1.31752  1.32694
  1433.57      6.9756  1.31826  1.32498  1.30506  1.31676  1.32622
  1432.07      6.9829  1.31731  1.32401  1.30429  1.31599  1.32554
  1430.57      6.9902  1.31636  1.32305  1.30349  1.31524  1.32487
  1429.07      6.9976  1.31540  1.32207  1.30265  1.31449  1.32422
  1427.57      7.0049  1.31444  1.32106  1.30183  1.31374  1.32356
  1426.07      7.0123  1.31347  1.32004  1.30101  1.31300  1.32289
  1424.57      7.0197  1.31248  1.31898  1.30018  1.31227  1.32223
  1423.07      7.0271  1.31148  1.31789  1.29934  1.31158  1.32160
  1421.57      7.0345  1.31046  1.31679  1.29847  1.31092  1.32100
  1420.07      7.0419  1.30943  1.31567  1.29758  1.31024  1.32040
  1418.57      7.0494  1.30842  1.31460  1.29677  1.30952  1.31974
  1417.07      7.0568  1.30742  1.31362  1.29607  1.30872  1.31901
  1415.57      7.0643  1.30647  1.31273  1.29546  1.30788  1.31823
  1414.07      7.0718  1.30552  1.31189  1.29489  1.30702  1.31743
  1412.57      7.0793  1.30460  1.31107  1.29435  1.30614  1.31660
  1411.07      7.0868  1.30366  1.31026  1.29380  1.30525  1.31578
  1409.57      7.0944  1.30273  1.30944  1.29321  1.30437  1.31495
  1408.07      7.1019  1.30177  1.30859  1.29256  1.30351  1.31416
  1406.57      7.1095  1.30079  1.30765  1.29184  1.30272  1.31341
  1405.07      7.1171  1.29976  1.30661  1.29102  1.30198  1.31272
  1403.57      7.1247  1.29868  1.30549  1.29013  1.30127  1.31206
  1402.07      7.1323  1.29758  1.30433  1.28918  1.30059  1.31143
  1400.57      7.1400  1.29646  1.30313  1.28818  1.29992  1.31082
  1399.07      7.1476  1.29531  1.30190  1.28717  1.29926  1.31023
  1397.57      7.1553  1.29416  1.30067  1.28617  1.29860  1.30964
  1396.07      7.1630  1.29300  1.29943  1.28522  1.29792  1.30901
  1394.57      7.1707  1.29184  1.29823  1.28434  1.29718  1.30833
  1393.07      7.1784  1.29071  1.29710  1.28357  1.29639  1.30760
  1391.57      7.1862  1.28959  1.29599  1.28286  1.29557  1.30682
  1390.07      7.1939  1.28847  1.29489  1.28217  1.29474  1.30604
  1388.57      7.2017  1.28735  1.29380  1.28149  1.29388  1.30524
  1387.07      7.2095  1.28623  1.29273  1.28084  1.29302  1.30443
  1385.57      7.2173  1.28511  1.29166  1.28019  1.29213  1.30360
  1384.07      7.2251  1.28399  1.29058  1.27952  1.29126  1.30277
  1382.56      7.2329  1.28285  1.28947  1.27883  1.29041  1.30195
  1381.06      7.2408  1.28169  1.28832  1.27808  1.28958  1.30116
  1379.56      7.2487  1.28050  1.28714  1.27728  1.28878  1.30039
  1378.06      7.2566  1.27930  1.28593  1.27645  1.28800  1.29965
  1376.56      7.2645  1.27811  1.28471  1.27560  1.28722  1.29892
  1375.06      7.2724  1.27689  1.28348  1.27473  1.28646  1.29821
  1373.56      7.2803  1.27568  1.28224  1.27385  1.28569  1.29749
  1372.06      7.2883  1.27445  1.28097  1.27298  1.28493  1.29679
  1370.56      7.2963  1.27323  1.27971  1.27212  1.28416  1.29607
  1369.06      7.3043  1.27201  1.27844  1.27127  1.28340  1.29537
  1367.56      7.3123  1.27080  1.27718  1.27043  1.28263  1.29465
  1366.06      7.3203  1.26959  1.27593  1.26959  1.28187  1.29394
  1364.56      7.3284  1.26837  1.27469  1.26876  1.28113  1.29322
  1363.06      7.3364  1.26716  1.27345  1.26795  1.28038  1.29249
  1361.56      7.3445  1.26597  1.27226  1.26720  1.27962  1.29175
  1360.06      7.3526  1.26481  1.27112  1.26650  1.27886  1.29101
  1358.56      7.3607  1.26366  1.27003  1.26582  1.27810  1.29025
  1357.06      7.3689  1.26255  1.26898  1.26518  1.27734  1.28950
  1355.56      7.3770  1.26146  1.26797  1.26457  1.27658  1.28875
  1354.06      7.3852  1.26040  1.26700  1.26397  1.27583  1.28802
  1352.56      7.3934  1.25937  1.26606  1.26338  1.27508  1.28730
  1351.06      7.4016  1.25838  1.26514  1.26280  1.27433  1.28659
  1349.56      7.4098  1.25738  1.26421  1.26218  1.27363  1.28591
  1348.06      7.4181  1.25639  1.26325  1.26152  1.27295  1.28525
  1346.56      7.4263  1.25542  1.26227  1.26083  1.27230  1.28463
  1345.06      7.4346  1.25446  1.26128  1.26012  1.27166  1.28404
  1343.56      7.4429  1.25351  1.26030  1.25938  1.27105  1.28346
  1342.06      7.4512  1.25259  1.25932  1.25863  1.27045  1.28290
  1340.56      7.4596  1.25170  1.25836  1.25788  1.26988  1.28235
  1339.06      7.4679  1.25084  1.25743  1.25716  1.26930  1.28178
  1337.56      7.4763  1.25004  1.25657  1.25650  1.26873  1.28121
  1336.06      7.4847  1.24929  1.25579  1.25590  1.26815  1.28062
  1334.56      7.4931  1.24860  1.25509  1.25536  1.26756  1.28002
  1333.06      7.5015  1.24796  1.25445  1.25485  1.26698  1.27941
  1331.56      7.5100  1.24737  1.25387  1.25435  1.26641  1.27880
  1330.06      7.5185  1.24681  1.25334  1.25388  1.26583  1.27819
  1328.56      7.5269  1.24629  1.25284  1.25343  1.26527  1.27755
  1327.06      7.5354  1.24579  1.25235  1.25297  1.26472  1.27692
  1325.56      7.5440  1.24531  1.25187  1.25249  1.26417  1.27630
  1324.06      7.5525  1.24484  1.25137  1.25199  1.26363  1.27568
  1322.56      7.5611  1.24437  1.25086  1.25143  1.26310  1.27505
  1321.06      7.5697  1.24390  1.25034  1.25086  1.26255  1.27441
  1319.56      7.5783  1.24343  1.24982  1.25026  1.26200  1.27377
  1318.06      7.5869  1.24296  1.24931  1.24965  1.26142  1.27309
  1316.56      7.5956  1.24249  1.24879  1.24903  1.26080  1.27239
  1315.06      7.6042  1.24199  1.24827  1.24841  1.26015  1.27165
  1313.56      7.6129  1.24150  1.24774  1.24777  1.25946  1.27088
  1312.06      7.6216  1.24098  1.24721  1.24712  1.25875  1.27007
  1310.56      7.6303  1.24043  1.24665  1.24646  1.25798  1.26922
  1309.06      7.6391  1.23985  1.24607  1.24576  1.25716  1.26832
  1307.56      7.6478  1.23923  1.24544  1.24505  1.25630  1.26738
  1306.06      7.6566  1.23855  1.24474  1.24428  1.25540  1.26638
  1304.56      7.6654  1.23781  1.24398  1.24348  1.25445  1.26533
  1303.06      7.6742  1.23701  1.24314  1.24261  1.25344  1.26424
  1301.56      7.6831  1.23612  1.24222  1.24169  1.25239  1.26309
  1300.06      7.6920  1.23515  1.24119  1.24070  1.25128  1.26190
  1298.56      7.7008  1.23408  1.24007  1.23964  1.25011  1.26066
  1297.06      7.7098  1.23292  1.23882  1.23851  1.24887  1.25936
  1295.56      7.7187  1.23165  1.23748  1.23730  1.24757  1.25799
  1294.06      7.7276  1.23027  1.23602  1.23601  1.24617  1.25657
  1292.56      7.7366  1.22878  1.23445  1.23463  1.24470  1.25509
  1291.06      7.7456  1.22717  1.23276  1.23317  1.24314  1.25355
  1289.56      7.7546  1.22544  1.23094  1.23163  1.24150  1.25192
  1288.06      7.7636  1.22359  1.22900  1.23000  1.23976  1.25023
  1286.56      7.7727  1.22161  1.22693  1.22829  1.23794  1.24846
  1285.06      7.7818  1.21952  1.22474  1.22650  1.23602  1.24661
  1283.56      7.7908  1.21731  1.22243  1.22463  1.23401  1.24469
  1282.06      7.8000  1.21498  1.21999  1.22268  1.23193  1.24268
  1280.56      7.8091  1.21254  1.21745  1.22066  1.22978  1.24061
  1279.06      7.8183  1.21000  1.21478  1.21855  1.22756  1.23847
  1277.56      7.8274  1.20735  1.21201  1.21638  1.22527  1.23626
  1276.06      7.8366  1.20462  1.20913  1.21414  1.22292  1.23398
  1274.56      7.8459  1.20179  1.20616  1.21185  1.22050  1.23164
  1273.06      7.8551  1.19890  1.20312  1.20950  1.21805  1.22925
  1271.56      7.8644  1.19594  1.19999  1.20712  1.21553  1.22682
  1270.06      7.8737  1.19292  1.19681  1.20470  1.21299  1.22434
  1268.56      7.8830  1.18987  1.19358  1.20227  1.21041  1.22182
  1267.06      7.8923  1.18680  1.19034  1.19985  1.20780  1.21926
  1265.56      7.9017  1.18372  1.18708  1.19746  1.20520  1.21669
  1264.06      7.9110  1.18064  1.18383  1.19509  1.20260  1.21410
  1262.56      7.9204  1.17761  1.18062  1.19276  1.20002  1.21151
  1261.06      7.9299  1.17463  1.17745  1.19049  1.19750  1.20894
  1259.56      7.9393  1.17171  1.17435  1.18831  1.19503  1.20637
  1258.06      7.9488  1.16890  1.17134  1.18623  1.19264  1.20384
  1256.56      7.9583  1.16622  1.16845  1.18428  1.19035  1.20136
  1255.06      7.9678  1.16368  1.16568  1.18246  1.18820  1.19895
  1253.56      7.9773  1.16131  1.16308  1.18081  1.18619  1.19661
  1252.06      7.9869  1.15914  1.16065  1.17936  1.18435  1.19438
  1250.56      7.9964  1.15718  1.15842  1.17812  1.18270  1.19226
  1249.06      8.0061  1.15547  1.15641  1.17712  1.18126  1.19028
  1247.55      8.0157  1.15401  1.15465  1.17638  1.18004  1.18845
  1246.05      8.0253  1.15283  1.15315  1.17591  1.17909  1.18680
  1244.55      8.0350  1.15194  1.15192  1.17575  1.17841  1.18534
  1243.05      8.0447  1.15135  1.15099  1.17589  1.17800  1.18408
  1241.55      8.0544  1.15107  1.15036  1.17635  1.17789  1.18305
  1240.05      8.0642  1.15111  1.15005  1.17715  1.17810  1.18226
  1238.55      8.0739  1.15149  1.15006  1.17828  1.17862  1.18171
  1237.05      8.0837  1.15219  1.15038  1.17975  1.17945  1.18141
  1235.55      8.0935  1.15323  1.15105  1.18156  1.18062  1.18135
  1234.05      8.1034  1.15459  1.15203  1.18370  1.18210  1.18155
  1232.55      8.1132  1.15627  1.15334  1.18617  1.18389  1.18199
  1231.05      8.1231  1.15828  1.15496  1.18894  1.18600  1.18268
  1229.55      8.1330  1.16058  1.15690  1.19203  1.18839  1.18359
  1228.05      8.1430  1.16318  1.15914  1.19539  1.19106  1.18474
  1226.55      8.1529  1.16606  1.16167  1.19901  1.19400  1.18610
  1225.05      8.1629  1.16920  1.16446  1.20289  1.19718  1.18766
  1223.55      8.1729  1.17259  1.16750  1.20698  1.20058  1.18941
  1222.05      8.1830  1.17619  1.17078  1.21128  1.20419  1.19133
  1220.55      8.1930  1.18001  1.17427  1.21576  1.20799  1.19341
  1219.05      8.2031  1.18400  1.17794  1.22040  1.21194  1.19564
  1217.55      8.2132  1.18814  1.18176  1.22517  1.21602  1.19799
  1216.05      8.2233  1.19242  1.18573  1.23006  1.22023  1.20044
  1214.55      8.2335  1.19682  1.18981  1.23504  1.22453  1.20298
  1213.05      8.2437  1.20131  1.19400  1.24011  1.22892  1.20559
  1211.55      8.2539  1.20588  1.19827  1.24523  1.23337  1.20826
  1210.05      8.2641  1.21052  1.20263  1.25043  1.23789  1.21097
  1208.55      8.2744  1.21522  1.20704  1.25568  1.24244  1.21373
  1207.05      8.2846  1.21996  1.21152  1.26098  1.24705  1.21653
  1205.55      8.2950  1.22476  1.21605  1.26631  1.25169  1.21936
  1204.05      8.3053  1.22959  1.22062  1.27171  1.25639  1.22223
  1202.55      8.3157  1.23447  1.22522  1.27716  1.26114  1.22516
  1201.05      8.3260  1.23940  1.22988  1.28267  1.26596  1.22813
  1199.55      8.3364  1.24438  1.23459  1.28824  1.27084  1.23117
  1198.05      8.3469  1.24941  1.23934  1.29388  1.27581  1.23427
  1196.55      8.3574  1.25453  1.24416  1.29961  1.28086  1.23745
  1195.05      8.3678  1.25973  1.24907  1.30541  1.28602  1.24074
  1193.55      8.3784  1.26503  1.25407  1.31131  1.29129  1.24413
  1192.05      8.3889  1.27044  1.25919  1.31730  1.29668  1.24763
  1190.55      8.3995  1.27598  1.26444  1.32341  1.30221  1.25127
  1189.05      8.4101  1.28168  1.26984  1.32962  1.30786  1.25506
  1187.55      8.4207  1.28754  1.27542  1.33594  1.31366  1.25899
  1186.05      8.4313  1.29359  1.28118  1.34239  1.31959  1.26309
  1184.55      8.4420  1.29984  1.28716  1.34893  1.32568  1.26736
  1183.05      8.4527  1.30631  1.29336  1.35560  1.33190  1.27182
  1181.55      8.4635  1.31300  1.29981  1.36236  1.33827  1.27644
  1180.05      8.4742  1.31995  1.30650  1.36921  1.34476  1.28126
  1178.55      8.4850  1.32713  1.31346  1.37615  1.35138  1.28624
  1177.05      8.4958  1.33455  1.32066  1.38313  1.35811  1.29139
  1175.55      8.5067  1.34220  1.32814  1.39015  1.36492  1.29671
  1174.05      8.5175  1.35007  1.33586  1.39719  1.37178  1.30216
  1172.55      8.5284  1.35817  1.34381  1.40421  1.37869  1.30774
  1171.05      8.5394  1.36644  1.35198  1.41118  1.38558  1.31343
  1169.55      8.5503  1.37488  1.36034  1.41808  1.39245  1.31918
  1168.05      8.5613  1.38346  1.36885  1.42488  1.39927  1.32499
  1166.55      8.5723  1.39213  1.37750  1.43155  1.40599  1.33083
  1165.05      8.5833  1.40087  1.38624  1.43805  1.41258  1.33666
  1163.55      8.5944  1.40964  1.39504  1.44435  1.41903  1.34246
  1162.05      8.6055  1.41839  1.40386  1.45043  1.42528  1.34821
  1160.55      8.6166  1.42709  1.41267  1.45625  1.43132  1.35387
  1159.05      8.6278  1.43569  1.42140  1.46178  1.43713  1.35944
  1157.55      8.6389  1.44416  1.43002  1.46702  1.44267  1.36488
  1156.05      8.6502  1.45244  1.43850  1.47194  1.44793  1.37017
  1154.55      8.6614  1.46050  1.44678  1.47652  1.45288  1.37531
  1153.05      8.6727  1.46832  1.45483  1.48076  1.45751  1.38027
  1151.55      8.6840  1.47585  1.46261  1.48464  1.46183  1.38504
  1150.05      8.6953  1.48304  1.47009  1.48816  1.46580  1.38961
  1148.55      8.7066  1.48990  1.47724  1.49133  1.46944  1.39397
  1147.05      8.7180  1.49637  1.48403  1.49416  1.47275  1.39814
  1145.55      8.7295  1.50243  1.49044  1.49663  1.47573  1.40207
  1144.05      8.7409  1.50810  1.49645  1.49877  1.47840  1.40581
  1142.55      8.7524  1.51335  1.50206  1.50059  1.48075  1.40932
  1141.05      8.7639  1.51818  1.50726  1.50210  1.48281  1.41262
  1139.55      8.7754  1.52258  1.51204  1.50332  1.48459  1.41573
  1138.05      8.7870  1.52657  1.51642  1.50427  1.48611  1.41864
  1136.55      8.7986  1.53016  1.52041  1.50494  1.48737  1.42138
  1135.05      8.8102  1.53336  1.52402  1.50538  1.48841  1.42392
  1133.55      8.8219  1.53619  1.52725  1.50559  1.48923  1.42632
  1132.05      8.8336  1.53866  1.53012  1.50558  1.48986  1.42856
  1130.55      8.8453  1.54079  1.53268  1.50538  1.49031  1.43068
  1129.05      8.8570  1.54261  1.53491  1.50499  1.49059  1.43267
  1127.55      8.8688  1.54414  1.53686  1.50445  1.49073  1.43457
  1126.05      8.8806  1.54540  1.53855  1.50375  1.49075  1.43639
  1124.55      8.8925  1.54640  1.53998  1.50291  1.49064  1.43813
  1123.05      8.9044  1.54719  1.54121  1.50194  1.49043  1.43982
  1121.55      8.9163  1.54778  1.54223  1.50087  1.49013  1.44147
  1120.05      8.9282  1.54818  1.54309  1.49969  1.48974  1.44310
  1118.55      8.9402  1.54842  1.54380  1.49842  1.48929  1.44472
  1117.05      8.9522  1.54852  1.54436  1.49706  1.48877  1.44634
  1115.55      8.9642  1.54849  1.54483  1.49563  1.48819  1.44796
  1114.04      8.9763  1.54835  1.54518  1.49414  1.48756  1.44960
  1112.54      8.9884  1.54810  1.54545  1.49256  1.48688  1.45125
  1111.04      9.0005  1.54774  1.54565  1.49092  1.48615  1.45293
  1109.54      9.0127  1.54729  1.54577  1.48923  1.48538  1.45464
  1108.04      9.0249  1.54677  1.54583  1.48747  1.48455  1.45635
  1106.54      9.0371  1.54616  1.54583  1.48563  1.48367  1.45809
  1105.04      9.0494  1.54547  1.54577  1.48373  1.48275  1.45982
  1103.54      9.0617  1.54471  1.54566  1.48176  1.48177  1.46156
  1102.04      9.0740  1.54387  1.54547  1.47970  1.48074  1.46331
  1100.54      9.0864  1.54295  1.54522  1.47757  1.47963  1.46502
  1099.04      9.0988  1.54195  1.54491  1.47534  1.47844  1.46671
  1097.54      9.1113  1.54086  1.54452  1.47302  1.47718  1.46835
  1096.04      9.1237  1.53967  1.54405  1.47060  1.47582  1.46993
  1094.54      9.1362  1.53838  1.54347  1.46806  1.47438  1.47146
  1093.04      9.1488  1.53697  1.54281  1.46541  1.47284  1.47290
  1091.54      9.1613  1.53545  1.54203  1.46264  1.47117  1.47426
  1090.04      9.1739  1.53382  1.54113  1.45976  1.46938  1.47551
  1088.54      9.1866  1.53205  1.54012  1.45675  1.46747  1.47663
  1087.04      9.1993  1.53018  1.53899  1.45364  1.46543  1.47766
  1085.54      9.2120  1.52819  1.53774  1.45041  1.46328  1.47856
  1084.04      9.2247  1.52611  1.53640  1.44711  1.46102  1.47935
  1082.54      9.2375  1.52397  1.53497  1.44373  1.45866  1.48001
  1081.04      9.2503  1.52179  1.53349  1.44034  1.45623  1.48058
  1079.54      9.2632  1.51963  1.53201  1.43697  1.45377  1.48103
  1078.04      9.2761  1.51756  1.53058  1.43368  1.45132  1.48143
  1076.54      9.2890  1.51564  1.52927  1.43054  1.44896  1.48178
  1075.04      9.3020  1.51397  1.52817  1.42764  1.44675  1.48213
  1073.54      9.3150  1.51265  1.52735  1.42507  1.44478  1.48255
  1072.04      9.3280  1.51178  1.52692  1.42295  1.44314  1.48309
  1070.54      9.3411  1.51147  1.52698  1.42137  1.44194  1.48383
  1069.04      9.3542  1.51184  1.52766  1.42049  1.44132  1.48485
  1067.54      9.3673  1.51297  1.52904  1.42039  1.44138  1.48626
  1066.04      9.3805  1.51499  1.53122  1.42122  1.44222  1.48813
  1064.54      9.3937  1.51794  1.53428  1.42303  1.44396  1.49055
  1063.04      9.4070  1.52189  1.53829  1.42595  1.44669  1.49360
  1061.54      9.4203  1.52687  1.54328  1.43000  1.45045  1.49733
  1060.04      9.4336  1.53289  1.54928  1.43523  1.45529  1.50177
  1058.54      9.4470  1.53992  1.55627  1.44159  1.46120  1.50694
  1057.04      9.4604  1.54793  1.56421  1.44905  1.46811  1.51281
  1055.54      9.4738  1.55685  1.57306  1.45750  1.47596  1.51935
  1054.04      9.4873  1.56658  1.58271  1.46680  1.48462  1.52646
  1052.54      9.5008  1.57701  1.59308  1.47678  1.49394  1.53407
  1051.04      9.5144  1.58804  1.60404  1.48727  1.50374  1.54206
  1049.54      9.5280  1.59954  1.61547  1.49806  1.51384  1.55032
  1048.04      9.5416  1.61135  1.62724  1.50895  1.52405  1.55874
  1046.54      9.5553  1.62334  1.63921  1.51977  1.53418  1.56717
  1045.04      9.5690  1.63536  1.65125  1.53031  1.54409  1.57551
  1043.54      9.5828  1.64729  1.66322  1.54044  1.55365  1.58369
  1042.04      9.5966  1.65900  1.67502  1.55004  1.56273  1.59161
  1040.54      9.6104  1.67038  1.68654  1.55903  1.57128  1.59921
  1039.04      9.6243  1.68134  1.69768  1.56734  1.57921  1.60644
  1037.54      9.6382  1.69180  1.70836  1.57493  1.58652  1.61329
  1036.04      9.6521  1.70168  1.71850  1.58176  1.59317  1.61971
  1034.54      9.6661  1.71097  1.72807  1.58785  1.59919  1.62571
  1033.04      9.6802  1.71959  1.73701  1.59322  1.60459  1.63130
  1031.54      9.6943  1.72754  1.74532  1.59788  1.60938  1.63647
  1030.04      9.7084  1.73481  1.75296  1.60186  1.61359  1.64126
  1028.54      9.7225  1.74139  1.75995  1.60521  1.61725  1.64565
  1027.04      9.7367  1.74730  1.76626  1.60793  1.62039  1.64966
  1025.54      9.7510  1.75254  1.77193  1.61010  1.62306  1.65331
  1024.04      9.7653  1.75714  1.77698  1.61174  1.62525  1.65660
  1022.54      9.7796  1.76112  1.78143  1.61291  1.62702  1.65954
  1021.04      9.7940  1.76452  1.78531  1.61364  1.62839  1.66214
  1019.54      9.8084  1.76736  1.78866  1.61399  1.62939  1.66440
  1018.04      9.8228  1.76968  1.79149  1.61398  1.63004  1.66632
  1016.54      9.8373  1.77153  1.79387  1.61366  1.63038  1.66793
  1015.04      9.8519  1.77294  1.79581  1.61308  1.63043  1.66922
  1013.54      9.8664  1.77394  1.79733  1.61227  1.63023  1.67019
  1012.04      9.8811  1.77456  1.79846  1.61124  1.62979  1.67086
  1010.54      9.8957  1.77483  1.79920  1.61005  1.62915  1.67123
  1009.04      9.9104  1.77476  1.79957  1.60870  1.62832  1.67132
  1007.54      9.9252  1.77439  1.79957  1.60723  1.62732  1.67111
  1006.04      9.9400  1.77369  1.79921  1.60564  1.62617  1.67063
  1004.54      9.9548  1.77270  1.79847  1.60395  1.62488  1.66987
  1003.04      9.9697  1.77141  1.79738  1.60217  1.62345  1.66882
  1001.54      9.9847  1.76985  1.79596  1.60032  1.62190  1.66752
  1000.04      9.9996  1.76805  1.79422  1.59840  1.62022  1.66597
   998.54     10.0147  1.76602  1.79223  1.59641  1.61845  1.66421
   997.04     10.0297  1.76382  1.79003  1.59438  1.61658  1.66227
   995.54     10.0448  1.76150  1.78770  1.59229  1.61464  1.66021
   994.04     10.0600  1.75911  1.78529  1.59018  1.61264  1.65810
   992.54     10.0752  1.75672  1.78290  1.58804  1.61061  1.65598
   991.04     10.0905  1.75439  1.78060  1.58590  1.60858  1.65396
   989.54     10.1057  1.75214  1.77844  1.58376  1.60656  1.65207
   988.04     10.1211  1.75002  1.77646  1.58163  1.60460  1.65038
   986.54     10.1365  1.74807  1.77471  1.57953  1.60269  1.64893
   985.04     10.1519  1.74628  1.77317  1.57746  1.60086  1.64772
   983.54     10.1674  1.74462  1.77184  1.57542  1.59910  1.64676
   982.04     10.1829  1.74310  1.77067  1.57341  1.59742  1.64602
   980.54     10.1985  1.74166  1.76963  1.57144  1.59580  1.64547
   979.03     10.2141  1.74028  1.76866  1.56949  1.59425  1.64505
   977.53     10.2298  1.73892  1.76770  1.56756  1.59272  1.64470
   976.03     10.2455  1.73753  1.76672  1.56566  1.59123  1.64437
   974.53     10.2613  1.73610  1.76566  1.56375  1.58973  1.64402
   973.03     10.2771  1.73458  1.76450  1.56184  1.58821  1.64358
   971.53     10.2930  1.73296  1.76321  1.55992  1.58666  1.64304
   970.03     10.3089  1.73125  1.76177  1.55798  1.58506  1.64236
   968.53     10.3249  1.72940  1.76017  1.55602  1.58341  1.64153
   967.03     10.3409  1.72741  1.75839  1.55402  1.58170  1.64055
   965.53     10.3570  1.72529  1.75644  1.55199  1.57992  1.63943
   964.03     10.3731  1.72302  1.75431  1.54992  1.57807  1.63816
   962.53     10.3892  1.72061  1.75201  1.54781  1.57616  1.63674
   961.03     10.4055  1.71807  1.74953  1.54566  1.57417  1.63519
   959.53     10.4217  1.71538  1.74689  1.54346  1.57213  1.63352
   958.03     10.4381  1.71256  1.74408  1.54122  1.57001  1.63171
   956.53     10.4544  1.70960  1.74113  1.53894  1.56783  1.62982
   955.03     10.4708  1.70654  1.73804  1.53661  1.56560  1.62781
   953.53     10.4873  1.70336  1.73482  1.53423  1.56329  1.62571
   952.03     10.5038  1.70008  1.73148  1.53180  1.56092  1.62353
   950.53     10.5204  1.69671  1.72802  1.52933  1.55850  1.62125
   949.03     10.5370  1.69325  1.72447  1.52680  1.55601  1.61891
   947.53     10.5537  1.68972  1.72083  1.52423  1.55349  1.61651
   946.03     10.5705  1.68611  1.71712  1.52163  1.55091  1.61404
   944.53     10.5872  1.68246  1.71335  1.51898  1.54830  1.61154
   943.03     10.6041  1.67877  1.70953  1.51631  1.54566  1.60900
   941.53     10.6210  1.67504  1.70566  1.51361  1.54300  1.60644
   940.03     10.6379  1.67130  1.70178  1.51090  1.54033  1.60386
   938.53     10.6549  1.66755  1.69788  1.50818  1.53765  1.60129
   937.03     10.6720  1.66382  1.69401  1.50548  1.53500  1.59873
   935.53     10.6891  1.66013  1.69015  1.50280  1.53236  1.59620
   934.03     10.7063  1.65649  1.68635  1.50015  1.52977  1.59371
   932.53     10.7235  1.65294  1.68262  1.49755  1.52723  1.59127
   931.03     10.7408  1.64948  1.67902  1.49502  1.52478  1.58891
   929.53     10.7581  1.64617  1.67555  1.49258  1.52241  1.58665
   928.03     10.7755  1.64302  1.67227  1.49023  1.52017  1.58451
   926.53     10.7929  1.64008  1.66921  1.48801  1.51806  1.58251
   925.03     10.8104  1.63738  1.66642  1.48593  1.51611  1.58066
   923.53     10.8280  1.63496  1.66392  1.48400  1.51435  1.57899
   922.03     10.8456  1.63288  1.66179  1.48226  1.51279  1.57753
   920.53     10.8633  1.63116  1.66005  1.48073  1.51145  1.57628
   919.03     10.8810  1.62986  1.65876  1.47942  1.51036  1.57528
   917.53     10.8988  1.62901  1.65795  1.47836  1.50955  1.57454
   916.03     10.9167  1.62866  1.65766  1.47757  1.50903  1.57406
   914.53     10.9346  1.62884  1.65793  1.47708  1.50882  1.57386
   913.03     10.9525  1.62959  1.65878  1.47690  1.50896  1.57396
   911.53     10.9706  1.63093  1.66025  1.47705  1.50943  1.57437
   910.03     10.9887  1.63288  1.66234  1.47755  1.51026  1.57509
   908.53     11.0068  1.63544  1.66507  1.47841  1.51145  1.57612
   907.03     11.0250  1.63861  1.66840  1.47965  1.51301  1.57746
   905.53     11.0433  1.64237  1.67235  1.48127  1.51494  1.57909
   904.03     11.0616  1.64668  1.67686  1.48327  1.51721  1.58100
   902.53     11.0800  1.65151  1.68188  1.48564  1.51982  1.58317
   901.03     11.0984  1.65682  1.68736  1.48838  1.52275  1.58557
   899.53     11.1169  1.66252  1.69323  1.49147  1.52597  1.58816
   898.03     11.1355  1.66857  1.69939  1.49488  1.52947  1.59089
   896.53     11.1541  1.67487  1.70577  1.49859  1.53320  1.59374
   895.03     11.1728  1.68135  1.71227  1.50256  1.53711  1.59665
   893.53     11.1916  1.68791  1.71880  1.50676  1.54117  1.59959
   892.03     11.2104  1.69448  1.72525  1.51113  1.54533  1.60249
   890.53     11.2293  1.70095  1.73156  1.51565  1.54953  1.60532
   889.03     11.2482  1.70726  1.73763  1.52024  1.55374  1.60804
   887.53     11.2672  1.71329  1.74339  1.52489  1.55789  1.61060
   886.03     11.2863  1.71900  1.74876  1.52952  1.56193  1.61297
   884.53     11.3055  1.72431  1.75370  1.53407  1.56581  1.61512
   883.03     11.3247  1.72919  1.75818  1.53852  1.56950  1.61701
   881.53     11.3439  1.73358  1.76216  1.54281  1.57296  1.61866
   880.03     11.3633  1.73748  1.76563  1.54690  1.57616  1.62005
   878.53     11.3827  1.74087  1.76860  1.55075  1.57908  1.62119
   877.03     11.4022  1.74376  1.77106  1.55433  1.58171  1.62208
   875.53     11.4217  1.74617  1.77302  1.55761  1.58403  1.62274
   874.03     11.4413  1.74809  1.77452  1.56057  1.58604  1.62317
   872.53     11.4610  1.74956  1.77560  1.56320  1.58776  1.62340
   871.03     11.4807  1.75062  1.77626  1.56551  1.58917  1.62346
   869.53     11.5005  1.75127  1.77654  1.56747  1.59029  1.62333
   868.03     11.5204  1.75155  1.77646  1.56909  1.59113  1.62306
   866.53     11.5403  1.75147  1.77606  1.57039  1.59170  1.62264
   865.03     11.5603  1.75107  1.77537  1.57137  1.59200  1.62207
   863.53     11.5804  1.75037  1.77440  1.57206  1.59206  1.62138
   862.03     11.6006  1.74941  1.77318  1.57245  1.59189  1.62055
   860.53     11.6208  1.74820  1.77173  1.57257  1.59150  1.61962
   859.03     11.6411  1.74677  1.77009  1.57244  1.59091  1.61858
   857.53     11.6615  1.74515  1.76827  1.57207  1.59013  1.61744
   856.03     11.6819  1.74336  1.76630  1.57149  1.58920  1.61622
   854.53     11.7024  1.74144  1.76421  1.57072  1.58810  1.61493
   853.03     11.7230  1.73941  1.76200  1.56977  1.58690  1.61358
   851.53     11.7436  1.73728  1.75973  1.56866  1.58558  1.61217
   850.03     11.7644  1.73508  1.75740  1.56742  1.58416  1.61074
   848.53     11.7852  1.73282  1.75501  1.56605  1.58268  1.60928
   847.03     11.8060  1.73052  1.75260  1.56459  1.58112  1.60781
   845.52     11.8270  1.72819  1.75018  1.56305  1.57953  1.60631
   844.02     11.8480  1.72582  1.74774  1.56145  1.57791  1.60481
   842.52     11.8691  1.72345  1.74529  1.55977  1.57625  1.60327
   841.02     11.8903  1.72105  1.74283  1.55807  1.57458  1.60171
   839.52     11.9115  1.71862  1.74035  1.55632  1.57288  1.60013
   838.02     11.9328  1.71616  1.73784  1.55455  1.57116  1.59850
   836.52     11.9542  1.71365  1.73528  1.55274  1.56942  1.59682
   835.02     11.9757  1.71110  1.73267  1.55090  1.56764  1.59510
   833.52     11.9973  1.70850  1.72999  1.54904  1.56583  1.59332
   832.02     12.0189  1.70586  1.72726  1.54716  1.56397  1.59150
   830.52     12.0406  1.70319  1.72450  1.54525  1.56208  1.58966
   829.02     12.0624  1.70050  1.72172  1.54335  1.56017  1.58782
   827.52     12.0842  1.69784  1.71895  1.54144  1.55826  1.58598
   826.02     12.1062  1.69522  1.71624  1.53954  1.55635  1.58419
   824.52     12.1282  1.69267  1.71362  1.53764  1.55446  1.58244
   823.02     12.1503  1.69021  1.71112  1.53580  1.55262  1.58077
   821.52     12.1725  1.68785  1.70876  1.53399  1.55084  1.57919
   820.02     12.1948  1.68559  1.70651  1.53221  1.54913  1.57770
   818.52     12.2171  1.68342  1.70437  1.53048  1.54748  1.57628
   817.02     12.2396  1.68132  1.70231  1.52878  1.54590  1.57493
   815.52     12.2621  1.67927  1.70029  1.52711  1.54436  1.57360
   814.02     12.2847  1.67724  1.69830  1.52546  1.54288  1.57234
   812.52     12.3074  1.67522  1.69631  1.52384  1.54143  1.57108
   811.02     12.3301  1.67321  1.69430  1.52222  1.53999  1.56983
   809.52     12.3530  1.67117  1.69226  1.52061  1.53857  1.56858
   808.02     12.3759  1.66913  1.69020  1.51902  1.53714  1.56731
   806.52     12.3989  1.66707  1.68813  1.51743  1.53571  1.56603
   805.02     12.4220  1.66501  1.68607  1.51585  1.53428  1.56473
   803.52     12.4452  1.66294  1.68403  1.51429  1.53283  1.56344
   802.02     12.4685  1.66090  1.68201  1.51274  1.53137  1.56215
   800.52     12.4919  1.65886  1.68000  1.51121  1.52991  1.56084
   799.02     12.5153  1.65685  1.67803  1.50969  1.52845  1.55954
   797.52     12.5388  1.65489  1.67609  1.50819  1.52699  1.55824
   796.02     12.5625  1.65295  1.67418  1.50671  1.52553  1.55694
   794.52     12.5862  1.65105  1.67230  1.50525  1.52409  1.55566
   793.02     12.6100  1.64919  1.67043  1.50381  1.52268  1.55439
   791.52     12.6339  1.64737  1.66860  1.50238  1.52130  1.55312
   790.02     12.6579  1.64558  1.66680  1.50098  1.51995  1.55188
   788.52     12.6820  1.64384  1.66504  1.49960  1.51863  1.55064
   787.02     12.7061  1.64212  1.66332  1.49825  1.51735  1.54943
   785.52     12.7304  1.64044  1.66161  1.49692  1.51611  1.54825
   784.02     12.7548  1.63879  1.65995  1.49562  1.51490  1.54710
   782.52     12.7792  1.63717  1.65831  1.49436  1.51374  1.54600
   781.02     12.8038  1.63558  1.65671  1.49313  1.51261  1.54493
   779.52     12.8284  1.63403  1.65514  1.49194  1.51151  1.54390
   778.02     12.8531  1.63251  1.65361  1.49078  1.51044  1.54292
   776.52     12.8780  1.63104  1.65211  1.48966  1.50941  1.54197
   775.02     12.9029  1.62959  1.65064  1.48859  1.50840  1.54106
   773.52     12.9279  1.62820  1.64922  1.48755  1.50742  1.54019
   772.02     12.9530  1.62683  1.64784  1.48656  1.50647  1.53935
   770.52     12.9783  1.62552  1.64649  1.48560  1.50554  1.53853
   769.02     13.0036  1.62425  1.64518  1.48468  1.50464  1.53775
   767.52     13.0290  1.62302  1.64391  1.48379  1.50377  1.53698
   766.02     13.0545  1.62185  1.64270  1.48293  1.50294  1.53626
   764.52     13.0801  1.62072  1.64154  1.48210  1.50215  1.53557
   763.02     13.1058  1.61963  1.64045  1.48129  1.50139  1.53492
   761.52     13.1317  1.61858  1.63940  1.48052  1.50066  1.53430
   760.02     13.1576  1.61757  1.63840  1.47977  1.49998  1.53372
   758.52     13.1836  1.61660  1.63746  1.47905  1.49933  1.53316
   757.02     13.2097  1.61566  1.63655  1.47836  1.49873  1.53263
   755.52     13.2359  1.61475  1.63568  1.47769  1.49814  1.53214
   754.02     13.2623  1.61386  1.63483  1.47706  1.49758  1.53168
   752.52     13.2887  1.61299  1.63400  1.47645  1.49704  1.53124
   751.02     13.3153  1.61213  1.63318  1.47585  1.49653  1.53082
   749.52     13.3419  1.61129  1.63235  1.47528  1.49603  1.53042
   748.02     13.3687  1.61045  1.63152  1.47471  1.49554  1.53005
   746.52     13.3955  1.60961  1.63068  1.47418  1.49508  1.52970
   745.02     13.4225  1.60877  1.62982  1.47366  1.49462  1.52939
   743.52     13.4496  1.60792  1.62895  1.47315  1.49418  1.52908
   742.02     13.4768  1.60708  1.62808  1.47265  1.49375  1.52880
   740.52     13.5041  1.60623  1.62719  1.47216  1.49334  1.52852
   739.02     13.5315  1.60537  1.62629  1.47169  1.49293  1.52826
   737.52     13.5590  1.60451  1.62538  1.47125  1.49253  1.52799
   736.02     13.5866  1.60364  1.62446  1.47083  1.49215  1.52772
   734.52     13.6144  1.60276  1.62353  1.47043  1.49176  1.52744
   733.02     13.6423  1.60187  1.62258  1.47002  1.49139  1.52716
   731.52     13.6702  1.60095  1.62159  1.46959  1.49103  1.52689
   730.02     13.6983  1.60001  1.62057  1.46915  1.49067  1.52664
   728.52     13.7265  1.59905  1.61951  1.46870  1.49031  1.52636
   727.02     13.7549  1.59807  1.61841  1.46825  1.48995  1.52610
   725.52     13.7833  1.59706  1.61727  1.46778  1.48958  1.52582
   724.02     13.8119  1.59603  1.61611  1.46727  1.48920  1.52554
   722.52     13.8405  1.59496  1.61491  1.46674  1.48881  1.52525
   721.02     13.8693  1.59385  1.61368  1.46618  1.48841  1.52494
   719.52     13.8982  1.59273  1.61245  1.46564  1.48796  1.52458
   718.02     13.9273  1.59157  1.61120  1.46509  1.48747  1.52418
   716.52     13.9564  1.59038  1.60993  1.46455  1.48695  1.52372
   715.02     13.9857  1.58916  1.60863  1.46400  1.48640  1.52325
   713.52     14.0151  1.58791  1.60732  1.46342  1.48583  1.52272
   712.02     14.0446  1.58663  1.60599  1.46283  1.48522  1.52217
   710.51     14.0743  1.58532  1.60463  1.46223  1.48458  1.52159
   709.01     14.1041  1.58399  1.60323  1.46161  1.48392  1.52098
   707.51     14.1340  1.58262  1.60180  1.46096  1.48325  1.52037
   706.01     14.1640  1.58123  1.60036  1.46028  1.48260  1.51975
   704.51     14.1942  1.57982  1.59890  1.45956  1.48193  1.51912
   703.01     14.2245  1.57839  1.59742  1.45879  1.48129  1.51848
   701.51     14.2549  1.57694  1.59591  1.45801  1.48065  1.51784
   700.01     14.2854  1.57547  1.59439  1.45717  1.48003  1.51719
   698.51     14.3161  1.57396  1.59285  1.45629  1.47944  1.51654
   697.01     14.3469  1.57243  1.59129  1.45537  1.47887  1.51589
   695.51     14.3779  1.57087  1.58971  1.45440  1.47831  1.51524
   694.01     14.4089  1.56928  1.58811  1.45341  1.47775  1.51461
   692.51     14.4402  1.56767  1.58649  1.45239  1.47723  1.51400
   691.01     14.4715  1.56602  1.58486  1.45135  1.47672  1.51342
   689.51     14.5030  1.56437  1.58321  1.45031  1.47623  1.51288
   688.01     14.5346  1.56272  1.58156  1.44927  1.47574  1.51236
   686.51     14.5664  1.56107  1.57990  1.44824  1.47527  1.51187
   685.01     14.5983  1.55945  1.57825  1.44725  1.47478  1.51138
   683.51     14.6303  1.55784  1.57663  1.44627  1.47429  1.51089
   682.01     14.6625  1.55623  1.57501  1.44530  1.47378  1.51040
   680.51     14.6948  1.55463  1.57338  1.44429  1.47329  1.50996
   679.01     14.7273  1.55302  1.57172  1.44323  1.47284  1.50954
   677.51     14.7599  1.55139  1.57001  1.44213  1.47239  1.50909
   676.01     14.7926  1.54970  1.56823  1.44102  1.47189  1.50858
   674.51     14.8255  1.54795  1.56638  1.43989  1.47134  1.50798
   673.01     14.8586  1.54615  1.56446  1.43874  1.47073  1.50733
   671.51     14.8918  1.54429  1.56245  1.43755  1.47009  1.50662
   670.01     14.9251  1.54237  1.56034  1.43635  1.46942  1.50587
   668.51     14.9586  1.54040  1.55816  1.43517  1.46865  1.50501
   667.01     14.9922  1.53839  1.55597  1.43410  1.46770  1.50395
   665.51     15.0260  1.53636  1.55377  1.43313  1.46662  1.50274
   664.01     15.0600  1.53433  1.55157  1.43216  1.46550  1.50150
   662.51     15.0941  1.53229  1.54934  1.43118  1.46437  1.50029
   661.01     15.1283  1.53023  1.54712  1.43018  1.46327  1.49911
   659.51     15.1627  1.52817  1.54490  1.42915  1.46216  1.49797
   658.01     15.1973  1.52612  1.54270  1.42812  1.46105  1.49685
   656.51     15.2320  1.52407  1.54053  1.42706  1.45995  1.49578
   655.01     15.2669  1.52203  1.53837  1.42596  1.45892  1.49478
   653.51     15.3020  1.52000  1.53621  1.42478  1.45795  1.49390
   652.01     15.3372  1.51798  1.53412  1.42359  1.45699  1.49309
   650.51     15.3725  1.51598  1.53207  1.42240  1.45601  1.49233
   649.01     15.4081  1.51402  1.53008  1.42124  1.45500  1.49159
   647.51     15.4438  1.51210  1.52817  1.42011  1.45395  1.49088
   646.01     15.4796  1.51021  1.52631  1.41901  1.45285  1.49022
   644.51     15.5157  1.50838  1.52453  1.41793  1.45174  1.48963
   643.01     15.5519  1.50659  1.52282  1.41688  1.45064  1.48915
   641.51     15.5882  1.50487  1.52118  1.41586  1.44956  1.48878
   640.01     15.6248  1.50323  1.51961  1.41484  1.44849  1.48856
   638.51     15.6615  1.50166  1.51812  1.41385  1.44745  1.48849
   637.01     15.6984  1.50016  1.51675  1.41285  1.44647  1.48861
   635.51     15.7354  1.49878  1.51550  1.41188  1.44558  1.48891
   634.01     15.7726  1.49750  1.51440  1.41092  1.44480  1.48943
   632.51     15.8100  1.49636  1.51348  1.41000  1.44413  1.49016
   631.01     15.8476  1.49536  1.51277  1.40914  1.44357  1.49112
   629.51     15.8854  1.49455  1.51228  1.40832  1.44313  1.49234
   628.01     15.9233  1.49393  1.51205  1.40758  1.44287  1.49385
   626.51     15.9615  1.49357  1.51211  1.40692  1.44281  1.49566
   625.01     15.9998  1.49349  1.51250  1.40640  1.44297  1.49781
   623.51     16.0383  1.49375  1.51324  1.40604  1.44335  1.50030
   622.01     16.0770  1.49438  1.51440  1.40588  1.44399  1.50317
   620.51     16.1158  1.49543  1.51601  1.40595  1.44494  1.50642
   619.01     16.1549  1.49694  1.51810  1.40629  1.44622  1.51007
   617.51     16.1941  1.49896  1.52072  1.40694  1.44787  1.51415
   616.01     16.2336  1.50153  1.52391  1.40799  1.44990  1.51863
   614.51     16.2732  1.50468  1.52770  1.40949  1.45235  1.52352
   613.01     16.3130  1.50845  1.53213  1.41148  1.45527  1.52883
   611.51     16.3530  1.51285  1.53721  1.41402  1.45872  1.53458
   610.01     16.3932  1.51791  1.54296  1.41717  1.46276  1.54077
   608.51     16.4337  1.52368  1.54940  1.42097  1.46740  1.54741
   607.01     16.4743  1.53016  1.55653  1.42548  1.47270  1.55449
   605.51     16.5151  1.53738  1.56438  1.43078  1.47868  1.56201
   604.01     16.5561  1.54534  1.57295  1.43688  1.48539  1.56998
   602.51     16.5973  1.55404  1.58222  1.44382  1.49287  1.57836
   601.01     16.6388  1.56349  1.59217  1.45162  1.50110  1.58715
   599.51     16.6804  1.57370  1.60282  1.46034  1.51010  1.59628
   598.01     16.7222  1.58469  1.61417  1.46997  1.51986  1.60573
   596.51     16.7643  1.59646  1.62624  1.48054  1.53036  1.61548
   595.01     16.8065  1.60904  1.63904  1.49201  1.54159  1.62548
   593.51     16.8490  1.62243  1.65258  1.50432  1.55350  1.63571
   592.01     16.8917  1.63667  1.66689  1.51740  1.56604  1.64611
   590.51     16.9346  1.65178  1.68200  1.53114  1.57909  1.65663
   589.01     16.9778  1.66773  1.69791  1.54541  1.59253  1.66721
   587.51     17.0211  1.68445  1.71453  1.55998  1.60620  1.67778
   586.01     17.0647  1.70184  1.73180  1.57462  1.61991  1.68823
   584.51     17.1085  1.71973  1.74951  1.58909  1.63343  1.69847
   583.01     17.1525  1.73789  1.76749  1.60311  1.64653  1.70833
   581.51     17.1967  1.75604  1.78543  1.61643  1.65897  1.71766
   580.01     17.2412  1.77381  1.80301  1.62878  1.67048  1.72630
   578.51     17.2859  1.79082  1.81985  1.63995  1.68088  1.73413
   577.00     17.3309  1.80668  1.83554  1.64977  1.69000  1.74102
   575.50     17.3760  1.82104  1.84976  1.65811  1.69772  1.74686
   574.00     17.4215  1.83359  1.86221  1.66496  1.70399  1.75157
   572.50     17.4671  1.84410  1.87265  1.67031  1.70881  1.75518
   571.00     17.5130  1.85244  1.88094  1.67423  1.71226  1.75769
   569.50     17.5591  1.85861  1.88707  1.67683  1.71445  1.75920
   568.00     17.6055  1.86268  1.89112  1.67827  1.71551  1.75981
   566.50     17.6521  1.86484  1.89326  1.67872  1.71560  1.75962
   565.00     17.6990  1.86533  1.89373  1.67835  1.71491  1.75880
   563.50     17.7461  1.86441  1.89278  1.67733  1.71361  1.75748
   562.00     17.7935  1.86237  1.89068  1.67580  1.71186  1.75576
   560.50     17.8411  1.85946  1.88770  1.67391  1.70979  1.75380
   559.00     17.8890  1.85596  1.88408  1.67177  1.70751  1.75169
   557.50     17.9371  1.85204  1.88002  1.66947  1.70510  1.74948
   556.00     17.9855  1.84789  1.87568  1.66707  1.70264  1.74722
   554.50     18.0342  1.84362  1.87120  1.66462  1.70018  1.74498
   553.00     18.0831  1.83933  1.86666  1.66219  1.69776  1.74275
   551.50     18.1323  1.83509  1.86216  1.65979  1.69540  1.74058
   550.00     18.1817  1.83097  1.85777  1.65746  1.69312  1.73848
   548.50     18.2314  1.82701  1.85354  1.65521  1.69091  1.73646
   547.00     18.2814  1.82321  1.84953  1.65304  1.68880  1.73453
   545.50     18.3317  1.81960  1.84573  1.65100  1.68679  1.73268
   544.00     18.3823  1.81619  1.84218  1.64908  1.68488  1.73090
   542.50     18.4331  1.81297  1.83886  1.64731  1.68309  1.72921
   541.00     18.4842  1.80995  1.83579  1.64567  1.68141  1.72762
   539.50     18.5356  1.80711  1.83297  1.64414  1.67985  1.72613
   538.00     18.5873  1.80443  1.83032  1.64270  1.67840  1.72475
   536.50     18.6393  1.80189  1.82781  1.64136  1.67708  1.72346
   535.00     18.6915  1.79948  1.82542  1.64010  1.67586  1.72225
   533.50     18.7441  1.79721  1.82314  1.63893  1.67472  1.72110
   532.00     18.7969  1.79502  1.82097  1.63782  1.67365  1.72001
   530.50     18.8501  1.79295  1.81887  1.63674  1.67268  1.71901
   529.00     18.9035  1.79094  1.81678  1.63567  1.67180  1.71808
   527.50     18.9573  1.78900  1.81468  1.63458  1.67099  1.71722
   526.00     19.0114  1.78714  1.81261  1.63354  1.67024  1.71639
   524.50     19.0657  1.78534  1.81061  1.63259  1.66951  1.71555
   523.00     19.1204  1.78362  1.80869  1.63171  1.66880  1.71469
   521.50     19.1754  1.78196  1.80681  1.63089  1.66813  1.71387
   520.00     19.2307  1.78034  1.80495  1.63011  1.66748  1.71308
   518.50     19.2864  1.77876  1.80315  1.62940  1.66686  1.71232
   517.00     19.3423  1.77722  1.80146  1.62877  1.66623  1.71155
   515.50     19.3986  1.77571  1.79989  1.62826  1.66557  1.71074
   514.00     19.4552  1.77423  1.79838  1.62782  1.66491  1.70991
   512.50     19.5122  1.77276  1.79687  1.62739  1.66427  1.70911
   511.00     19.5695  1.77127  1.79533  1.62693  1.66367  1.70832
   509.50     19.6271  1.76975  1.79376  1.62646  1.66311  1.70753
   508.00     19.6850  1.76821  1.79218  1.62599  1.66259  1.70671
   506.50     19.7433  1.76666  1.79057  1.62554  1.66208  1.70584
   505.00     19.8020  1.76508  1.78890  1.62510  1.66158  1.70492
   503.50     19.8610  1.76349  1.78717  1.62465  1.66109  1.70399
   502.00     19.9203  1.76188  1.78542  1.62423  1.66058  1.70303
   500.50     19.9801  1.76028  1.78367  1.62386  1.66006  1.70204
   499.00     20.0401  1.75873  1.78199  1.62358  1.65950  1.70101
   497.50     20.1005  1.75723  1.78035  1.62334  1.65891  1.69997
   496.00     20.1613  1.75577  1.77873  1.62313  1.65831  1.69898
   494.50     20.2225  1.75434  1.77713  1.62295  1.65770  1.69804
   493.00     20.2840  1.75296  1.77555  1.62278  1.65710  1.69716
   491.50     20.3459  1.75163  1.77404  1.62260  1.65652  1.69633
   490.00     20.4082  1.75037  1.77260  1.62243  1.65595  1.69556
   488.50     20.4709  1.74917  1.77123  1.62222  1.65542  1.69486
   487.00     20.5340  1.74801  1.76992  1.62201  1.65492  1.69423
   485.50     20.5974  1.74691  1.76868  1.62178  1.65448  1.69373
   484.00     20.6612  1.74585  1.76751  1.62157  1.65408  1.69334
   482.50     20.7255  1.74486  1.76639  1.62139  1.65374  1.69302
   481.00     20.7901  1.74392  1.76533  1.62124  1.65347  1.69274
   479.50     20.8552  1.74303  1.76428  1.62113  1.65327  1.69251
   478.00     20.9206  1.74218  1.76323  1.62105  1.65316  1.69233
   476.50     20.9865  1.74138  1.76218  1.62104  1.65311  1.69218
   475.00     21.0527  1.74064  1.76119  1.62109  1.65314  1.69207
   473.50     21.1194  1.73997  1.76027  1.62124  1.65324  1.69198
   472.00     21.1866  1.73943  1.75949  1.62147  1.65338  1.69184
   470.50     21.2541  1.73902  1.75888  1.62180  1.65354  1.69167
   469.00     21.3221  1.73877  1.75842  1.62222  1.65376  1.69155
   467.50     21.3905  1.73866  1.75810  1.62273  1.65410  1.69152
   466.00     21.4594  1.73874  1.75795  1.62337  1.65458  1.69159
   464.50     21.5287  1.73905  1.75801  1.62414  1.65520  1.69176
   463.00     21.5984  1.73963  1.75829  1.62504  1.65597  1.69203
   461.50     21.6686  1.74048  1.75878  1.62609  1.65692  1.69240
   460.00     21.7393  1.74164  1.75951  1.62728  1.65809  1.69294
   458.50     21.8104  1.74313  1.76056  1.62864  1.65949  1.69364
   457.00     21.8820  1.74502  1.76205  1.63019  1.66106  1.69450
   455.50     21.9541  1.74730  1.76403  1.63196  1.66274  1.69547
   454.00     22.0266  1.74996  1.76649  1.63396  1.66453  1.69659
   452.50     22.0997  1.75294  1.76937  1.63622  1.66648  1.69793
   451.00     22.1732  1.75626  1.77268  1.63875  1.66859  1.69954
   449.50     22.2472  1.75988  1.77640  1.64156  1.67079  1.70148
   448.00     22.3217  1.76376  1.78042  1.64464  1.67306  1.70376
   446.50     22.3967  1.76780  1.78462  1.64796  1.67536  1.70634
   445.00     22.4722  1.77196  1.78887  1.65144  1.67774  1.70916
   443.49     22.5482  1.77616  1.79310  1.65504  1.68023  1.71220
   441.99     22.6247  1.78034  1.79730  1.65868  1.68279  1.71538
   440.49     22.7017  1.78440  1.80140  1.66225  1.68532  1.71857
   438.99     22.7793  1.78822  1.80530  1.66567  1.68775  1.72167
   437.49     22.8574  1.79167  1.80891  1.66882  1.69005  1.72451
   435.99     22.9361  1.79471  1.81224  1.67163  1.69225  1.72702
   434.49     23.0153  1.79735  1.81531  1.67406  1.69433  1.72914
   432.99     23.0950  1.79957  1.81813  1.67614  1.69625  1.73088
   431.49     23.1753  1.80136  1.82062  1.67785  1.69804  1.73226
   429.99     23.2561  1.80273  1.82275  1.67923  1.69975  1.73330
   428.49     23.3376  1.80380  1.82453  1.68031  1.70142  1.73404
   426.99     23.4195  1.80465  1.82603  1.68116  1.70303  1.73455
   425.49     23.5021  1.80542  1.82731  1.68182  1.70458  1.73487
   423.99     23.5853  1.80608  1.82839  1.68234  1.70606  1.73507
   422.49     23.6690  1.80664  1.82925  1.68278  1.70745  1.73519
   420.99     23.7533  1.80710  1.82989  1.68312  1.70871  1.73523
   419.49     23.8383  1.80751  1.83039  1.68338  1.70971  1.73518
   417.99     23.9238  1.80787  1.83081  1.68356  1.71029  1.73508
   416.49     24.0100  1.80815  1.83114  1.68365  1.71037  1.73489
   414.99     24.0968  1.80827  1.83131  1.68366  1.71007  1.73461
   413.49     24.1842  1.80820  1.83129  1.68358  1.70949  1.73426
   411.99     24.2723  1.80796  1.83111  1.68342  1.70867  1.73383
   410.49     24.3610  1.80761  1.83079  1.68319  1.70763  1.73333
   408.99     24.4503  1.80714  1.83037  1.68291  1.70643  1.73278
   407.49     24.5403  1.80656  1.82980  1.68260  1.70521  1.73222
   405.99     24.6310  1.80586  1.82912  1.68226  1.70408  1.73165
   404.49     24.7224  1.80507  1.82833  1.68192  1.70314  1.73106
   402.99     24.8144  1.80425  1.82752  1.68159  1.70235  1.73050
   401.49     24.9071  1.80340  1.82666  1.68126  1.70166  1.72996
   399.99     25.0005  1.80251  1.82577  1.68095  1.70104  1.72944
  
  cm-1         microns  riw58t243, riw58t233, riw48t298, riw48t273, riw48t234 
  7498.52      1.3336  1.4290e-02  1.4820e-02  8.6900e-03  9.5900e-03  1.1370e-02
  7497.02      1.3339  1.4290e-02  1.4830e-02  8.6900e-03  9.6100e-03  1.1380e-02
  7495.52      1.3341  1.4300e-02  1.4840e-02  8.7000e-03  9.6100e-03  1.1380e-02
  7494.02      1.3344  1.4310e-02  1.4850e-02  8.6900e-03  9.6100e-03  1.1380e-02
  7492.52      1.3347  1.4320e-02  1.4860e-02  8.6700e-03  9.5800e-03  1.1360e-02
  7491.02      1.3349  1.4320e-02  1.4850e-02  8.6400e-03  9.5500e-03  1.1320e-02
  7489.52      1.3352  1.4300e-02  1.4830e-02  8.5900e-03  9.5000e-03  1.1270e-02
  7488.02      1.3355  1.4290e-02  1.4820e-02  8.5500e-03  9.4600e-03  1.1230e-02
  7486.52      1.3357  1.4280e-02  1.4810e-02  8.5000e-03  9.4100e-03  1.1180e-02
  7485.02      1.3360  1.4280e-02  1.4820e-02  8.4600e-03  9.3700e-03  1.1140e-02
  7483.52      1.3363  1.4310e-02  1.4850e-02  8.4200e-03  9.3400e-03  1.1110e-02
  7482.02      1.3365  1.4370e-02  1.4910e-02  8.3900e-03  9.3000e-03  1.1070e-02
  7480.52      1.3368  1.4430e-02  1.4970e-02  8.3700e-03  9.2800e-03  1.1050e-02
  7479.02      1.3371  1.4480e-02  1.5020e-02  8.3500e-03  9.2600e-03  1.1030e-02
  7477.52      1.3373  1.4530e-02  1.5070e-02  8.3500e-03  9.2600e-03  1.1030e-02
  7476.02      1.3376  1.4590e-02  1.5130e-02  8.3500e-03  9.2600e-03  1.1030e-02
  7474.52      1.3379  1.4630e-02  1.5170e-02  8.3500e-03  9.2600e-03  1.1030e-02
  7473.02      1.3381  1.4680e-02  1.5220e-02  8.3600e-03  9.2700e-03  1.1040e-02
  7471.52      1.3384  1.4720e-02  1.5260e-02  8.3600e-03  9.2700e-03  1.1040e-02
  7470.02      1.3387  1.4740e-02  1.5290e-02  8.3600e-03  9.2700e-03  1.1040e-02
  7468.52      1.3390  1.4760e-02  1.5300e-02  8.3400e-03  9.2500e-03  1.1020e-02
  7467.02      1.3392  1.4750e-02  1.5300e-02  8.3200e-03  9.2300e-03  1.1000e-02
  7465.52      1.3395  1.4730e-02  1.5270e-02  8.2900e-03  9.2000e-03  1.0970e-02
  7464.02      1.3398  1.4710e-02  1.5250e-02  8.2400e-03  9.1500e-03  1.0920e-02
  7462.52      1.3400  1.4690e-02  1.5230e-02  8.1900e-03  9.1000e-03  1.0870e-02
  7461.02      1.3403  1.4660e-02  1.5210e-02  8.1200e-03  9.0300e-03  1.0800e-02
  7459.52      1.3406  1.4650e-02  1.5190e-02  8.0600e-03  8.9700e-03  1.0740e-02
  7458.02      1.3408  1.4630e-02  1.5180e-02  8.0000e-03  8.9100e-03  1.0680e-02
  7456.52      1.3411  1.4610e-02  1.5150e-02  7.9500e-03  8.8600e-03  1.0630e-02
  7455.02      1.3414  1.4590e-02  1.5130e-02  7.9100e-03  8.8100e-03  1.0580e-02
  7453.52      1.3416  1.4540e-02  1.5080e-02  7.8800e-03  8.7800e-03  1.0550e-02
  7452.02      1.3419  1.4500e-02  1.5040e-02  7.8400e-03  8.7400e-03  1.0510e-02
  7450.52      1.3422  1.4450e-02  1.4990e-02  7.8300e-03  8.7300e-03  1.0500e-02
  7449.02      1.3425  1.4420e-02  1.4960e-02  7.8100e-03  8.7200e-03  1.0490e-02
  7447.52      1.3427  1.4410e-02  1.4930e-02  7.8100e-03  8.7100e-03  1.0480e-02
  7446.02      1.3430  1.4400e-02  1.4930e-02  7.8100e-03  8.7100e-03  1.0480e-02
  7444.52      1.3433  1.4420e-02  1.4960e-02  7.8000e-03  8.7100e-03  1.0480e-02
  7443.02      1.3435  1.4460e-02  1.4990e-02  7.8000e-03  8.7100e-03  1.0470e-02
  7441.52      1.3438  1.4510e-02  1.5050e-02  7.8000e-03  8.7100e-03  1.0480e-02
  7440.02      1.3441  1.4550e-02  1.5100e-02  7.8100e-03  8.7100e-03  1.0480e-02
  7438.52      1.3444  1.4590e-02  1.5130e-02  7.8100e-03  8.7200e-03  1.0490e-02
  7437.02      1.3446  1.4620e-02  1.5160e-02  7.8200e-03  8.7300e-03  1.0490e-02
  7435.52      1.3449  1.4630e-02  1.5170e-02  7.8300e-03  8.7300e-03  1.0500e-02
  7434.02      1.3452  1.4620e-02  1.5160e-02  7.8300e-03  8.7300e-03  1.0500e-02
  7432.52      1.3454  1.4580e-02  1.5120e-02  7.8200e-03  8.7300e-03  1.0500e-02
  7431.02      1.3457  1.4530e-02  1.5060e-02  7.8000e-03  8.7200e-03  1.0490e-02
  7429.52      1.3460  1.4450e-02  1.4990e-02  7.7900e-03  8.6900e-03  1.0460e-02
  7428.02      1.3463  1.4380e-02  1.4920e-02  7.7600e-03  8.6700e-03  1.0440e-02
  7426.52      1.3465  1.4320e-02  1.4860e-02  7.7400e-03  8.6400e-03  1.0410e-02
  7425.02      1.3468  1.4290e-02  1.4820e-02  7.7000e-03  8.6100e-03  1.0380e-02
  7423.52      1.3471  1.4290e-02  1.4820e-02  7.6800e-03  8.5900e-03  1.0360e-02
  7422.02      1.3473  1.4310e-02  1.4840e-02  7.6600e-03  8.5700e-03  1.0340e-02
  7420.52      1.3476  1.4340e-02  1.4880e-02  7.6600e-03  8.5600e-03  1.0330e-02
  7419.02      1.3479  1.4390e-02  1.4920e-02  7.6500e-03  8.5600e-03  1.0330e-02
  7417.51      1.3482  1.4430e-02  1.4960e-02  7.6700e-03  8.5600e-03  1.0330e-02
  7416.01      1.3484  1.4470e-02  1.5000e-02  7.6800e-03  8.5800e-03  1.0350e-02
  7414.51      1.3487  1.4500e-02  1.5040e-02  7.7000e-03  8.6100e-03  1.0380e-02
  7413.01      1.3490  1.4530e-02  1.5060e-02  7.7200e-03  8.6200e-03  1.0400e-02
  7411.51      1.3493  1.4550e-02  1.5090e-02  7.7300e-03  8.6400e-03  1.0410e-02
  7410.01      1.3495  1.4570e-02  1.5110e-02  7.7300e-03  8.6400e-03  1.0410e-02
  7408.51      1.3498  1.4590e-02  1.5120e-02  7.7200e-03  8.6200e-03  1.0400e-02
  7407.01      1.3501  1.4600e-02  1.5140e-02  7.7000e-03  8.6100e-03  1.0380e-02
  7405.51      1.3503  1.4620e-02  1.5160e-02  7.6800e-03  8.5800e-03  1.0360e-02
  7404.01      1.3506  1.4650e-02  1.5190e-02  7.6500e-03  8.5500e-03  1.0330e-02
  7402.51      1.3509  1.4680e-02  1.5210e-02  7.6100e-03  8.5200e-03  1.0290e-02
  7401.01      1.3512  1.4680e-02  1.5220e-02  7.5600e-03  8.4700e-03  1.0240e-02
  7399.51      1.3514  1.4670e-02  1.5210e-02  7.5100e-03  8.4200e-03  1.0190e-02
  7398.01      1.3517  1.4630e-02  1.5170e-02  7.4800e-03  8.3800e-03  1.0150e-02
  7396.51      1.3520  1.4560e-02  1.5100e-02  7.4500e-03  8.3500e-03  1.0130e-02
  7395.01      1.3523  1.4480e-02  1.5020e-02  7.4300e-03  8.3300e-03  1.0100e-02
  7393.51      1.3525  1.4420e-02  1.4950e-02  7.4200e-03  8.3100e-03  1.0080e-02
  7392.01      1.3528  1.4380e-02  1.4910e-02  7.4000e-03  8.3100e-03  1.0080e-02
  7390.51      1.3531  1.4380e-02  1.4910e-02  7.4000e-03  8.3000e-03  1.0070e-02
  7389.01      1.3534  1.4400e-02  1.4940e-02  7.4000e-03  8.3000e-03  1.0070e-02
  7387.51      1.3536  1.4450e-02  1.4990e-02  7.4000e-03  8.3000e-03  1.0070e-02
  7386.01      1.3539  1.4500e-02  1.5030e-02  7.4000e-03  8.3000e-03  1.0070e-02
  7384.51      1.3542  1.4520e-02  1.5050e-02  7.4000e-03  8.3000e-03  1.0070e-02
  7383.01      1.3545  1.4510e-02  1.5040e-02  7.4000e-03  8.3000e-03  1.0080e-02
  7381.51      1.3547  1.4470e-02  1.5010e-02  7.4100e-03  8.3100e-03  1.0080e-02
  7380.01      1.3550  1.4430e-02  1.4960e-02  7.4100e-03  8.3100e-03  1.0090e-02
  7378.51      1.3553  1.4370e-02  1.4900e-02  7.4100e-03  8.3200e-03  1.0090e-02
  7377.01      1.3556  1.4320e-02  1.4850e-02  7.4200e-03  8.3300e-03  1.0100e-02
  7375.51      1.3558  1.4290e-02  1.4820e-02  7.4300e-03  8.3400e-03  1.0110e-02
  7374.01      1.3561  1.4290e-02  1.4820e-02  7.4600e-03  8.3600e-03  1.0130e-02
  7372.51      1.3564  1.4300e-02  1.4830e-02  7.4700e-03  8.3800e-03  1.0150e-02
  7371.01      1.3567  1.4340e-02  1.4870e-02  7.4800e-03  8.3800e-03  1.0160e-02
  7369.51      1.3569  1.4380e-02  1.4910e-02  7.4800e-03  8.3800e-03  1.0160e-02
  7368.01      1.3572  1.4420e-02  1.4950e-02  7.4800e-03  8.3800e-03  1.0160e-02
  7366.51      1.3575  1.4440e-02  1.4970e-02  7.4800e-03  8.3800e-03  1.0160e-02
  7365.01      1.3578  1.4430e-02  1.4960e-02  7.4800e-03  8.3800e-03  1.0160e-02
  7363.51      1.3580  1.4390e-02  1.4920e-02  7.4800e-03  8.3800e-03  1.0160e-02
  7362.01      1.3583  1.4330e-02  1.4860e-02  7.4700e-03  8.3800e-03  1.0160e-02
  7360.51      1.3586  1.4260e-02  1.4790e-02  7.4700e-03  8.3700e-03  1.0150e-02
  7359.01      1.3589  1.4210e-02  1.4740e-02  7.4700e-03  8.3700e-03  1.0150e-02
  7357.51      1.3592  1.4200e-02  1.4730e-02  7.4600e-03  8.3700e-03  1.0150e-02
  7356.01      1.3594  1.4230e-02  1.4750e-02  7.4600e-03  8.3700e-03  1.0150e-02
  7354.51      1.3597  1.4290e-02  1.4820e-02  7.4600e-03  8.3600e-03  1.0140e-02
  7353.01      1.3600  1.4360e-02  1.4890e-02  7.4500e-03  8.3500e-03  1.0130e-02
  7351.51      1.3603  1.4430e-02  1.4960e-02  7.4100e-03  8.3200e-03  1.0100e-02
  7350.01      1.3605  1.4460e-02  1.5000e-02  7.3700e-03  8.2700e-03  1.0050e-02
  7348.51      1.3608  1.4460e-02  1.4990e-02  7.3200e-03  8.2200e-03  1.0000e-02
  7347.01      1.3611  1.4400e-02  1.4940e-02  7.2700e-03  8.1800e-03  9.9500e-03
  7345.51      1.3614  1.4340e-02  1.4870e-02  7.2400e-03  8.1500e-03  9.9200e-03
  7344.01      1.3617  1.4280e-02  1.4800e-02  7.2100e-03  8.1200e-03  9.8900e-03
  7342.51      1.3619  1.4230e-02  1.4750e-02  7.2100e-03  8.1100e-03  9.8800e-03
  7341.01      1.3622  1.4220e-02  1.4750e-02  7.2000e-03  8.1000e-03  9.8800e-03
  7339.51      1.3625  1.4250e-02  1.4780e-02  7.2200e-03  8.1200e-03  9.8900e-03
  7338.01      1.3628  1.4310e-02  1.4840e-02  7.2500e-03  8.1500e-03  9.9300e-03
  7336.51      1.3630  1.4370e-02  1.4900e-02  7.3000e-03  8.2000e-03  9.9800e-03
  7335.01      1.3633  1.4400e-02  1.4930e-02  7.3400e-03  8.2400e-03  1.0020e-02
  7333.51      1.3636  1.4390e-02  1.4920e-02  7.3700e-03  8.2700e-03  1.0050e-02
  7332.01      1.3639  1.4340e-02  1.4870e-02  7.3900e-03  8.3000e-03  1.0080e-02
  7330.51      1.3642  1.4280e-02  1.4810e-02  7.4000e-03  8.3100e-03  1.0090e-02
  7329.01      1.3644  1.4230e-02  1.4760e-02  7.4100e-03  8.3100e-03  1.0090e-02
  7327.51      1.3647  1.4230e-02  1.4750e-02  7.4100e-03  8.3200e-03  1.0100e-02
  7326.01      1.3650  1.4270e-02  1.4800e-02  7.4200e-03  8.3200e-03  1.0100e-02
  7324.51      1.3653  1.4350e-02  1.4880e-02  7.4100e-03  8.3200e-03  1.0100e-02
  7323.01      1.3656  1.4460e-02  1.4990e-02  7.4100e-03  8.3100e-03  1.0090e-02
  7321.51      1.3658  1.4570e-02  1.5100e-02  7.4000e-03  8.3000e-03  1.0080e-02
  7320.01      1.3661  1.4650e-02  1.5190e-02  7.3700e-03  8.2800e-03  1.0060e-02
  7318.51      1.3664  1.4700e-02  1.5240e-02  7.3500e-03  8.2600e-03  1.0030e-02
  7317.01      1.3667  1.4710e-02  1.5250e-02  7.3200e-03  8.2300e-03  1.0010e-02
  7315.51      1.3670  1.4710e-02  1.5240e-02  7.2900e-03  8.2000e-03  9.9800e-03
  7314.01      1.3672  1.4680e-02  1.5220e-02  7.2600e-03  8.1600e-03  9.9400e-03
  7312.51      1.3675  1.4650e-02  1.5190e-02  7.2200e-03  8.1300e-03  9.9100e-03
  7311.01      1.3678  1.4630e-02  1.5160e-02  7.1900e-03  8.0900e-03  9.8700e-03
  7309.51      1.3681  1.4610e-02  1.5140e-02  7.1600e-03  8.0600e-03  9.8500e-03
  7308.01      1.3684  1.4610e-02  1.5140e-02  7.1500e-03  8.0500e-03  9.8400e-03
  7306.51      1.3686  1.4630e-02  1.5160e-02  7.1500e-03  8.0500e-03  9.8300e-03
  7305.01      1.3689  1.4670e-02  1.5200e-02  7.1500e-03  8.0500e-03  9.8300e-03
  7303.51      1.3692  1.4690e-02  1.5230e-02  7.1500e-03  8.0600e-03  9.8400e-03
  7302.01      1.3695  1.4690e-02  1.5220e-02  7.1600e-03  8.0600e-03  9.8400e-03
  7300.51      1.3698  1.4650e-02  1.5180e-02  7.1700e-03  8.0700e-03  9.8500e-03
  7299.01      1.3700  1.4570e-02  1.5110e-02  7.1700e-03  8.0700e-03  9.8600e-03
  7297.51      1.3703  1.4480e-02  1.5010e-02  7.1700e-03  8.0700e-03  9.8600e-03
  7296.01      1.3706  1.4370e-02  1.4900e-02  7.1700e-03  8.0700e-03  9.8500e-03
  7294.51      1.3709  1.4310e-02  1.4830e-02  7.1700e-03  8.0800e-03  9.8600e-03
  7293.01      1.3712  1.4270e-02  1.4800e-02  7.1900e-03  8.0900e-03  9.8700e-03
  7291.51      1.3715  1.4290e-02  1.4810e-02  7.2000e-03  8.1100e-03  9.8900e-03
  7290.01      1.3717  1.4330e-02  1.4860e-02  7.2300e-03  8.1400e-03  9.9200e-03
  7288.51      1.3720  1.4390e-02  1.4920e-02  7.2600e-03  8.1600e-03  9.9500e-03
  7287.00      1.3723  1.4450e-02  1.4980e-02  7.2900e-03  8.2000e-03  9.9800e-03
  7285.50      1.3726  1.4500e-02  1.5040e-02  7.3300e-03  8.2300e-03  1.0020e-02
  7284.00      1.3729  1.4550e-02  1.5080e-02  7.3600e-03  8.2700e-03  1.0060e-02
  7282.50      1.3732  1.4580e-02  1.5110e-02  7.3900e-03  8.3000e-03  1.0080e-02
  7281.00      1.3734  1.4610e-02  1.5140e-02  7.4000e-03  8.3100e-03  1.0090e-02
  7279.50      1.3737  1.4630e-02  1.5170e-02  7.3900e-03  8.3000e-03  1.0090e-02
  7278.00      1.3740  1.4640e-02  1.5170e-02  7.3800e-03  8.2900e-03  1.0080e-02
  7276.50      1.3743  1.4620e-02  1.5150e-02  7.3400e-03  8.2500e-03  1.0040e-02
  7275.00      1.3746  1.4570e-02  1.5110e-02  7.3000e-03  8.2100e-03  1.0000e-02
  7273.50      1.3749  1.4490e-02  1.5020e-02  7.2500e-03  8.1600e-03  9.9400e-03
  7272.00      1.3751  1.4400e-02  1.4930e-02  7.2100e-03  8.1100e-03  9.9000e-03
  7270.50      1.3754  1.4310e-02  1.4840e-02  7.1600e-03  8.0700e-03  9.8500e-03
  7269.00      1.3757  1.4240e-02  1.4770e-02  7.1300e-03  8.0400e-03  9.8200e-03
  7267.50      1.3760  1.4210e-02  1.4740e-02  7.1100e-03  8.0100e-03  9.8000e-03
  7266.00      1.3763  1.4230e-02  1.4760e-02  7.1000e-03  8.0000e-03  9.7900e-03
  7264.50      1.3766  1.4300e-02  1.4820e-02  7.1000e-03  8.0000e-03  9.7900e-03
  7263.00      1.3768  1.4380e-02  1.4910e-02  7.1000e-03  8.0100e-03  9.7900e-03
  7261.50      1.3771  1.4470e-02  1.5000e-02  7.1100e-03  8.0100e-03  9.8000e-03
  7260.00      1.3774  1.4540e-02  1.5070e-02  7.1300e-03  8.0300e-03  9.8200e-03
  7258.50      1.3777  1.4590e-02  1.5120e-02  7.1400e-03  8.0600e-03  9.8300e-03
  7257.00      1.3780  1.4620e-02  1.5160e-02  7.1600e-03  8.0600e-03  9.8500e-03
  7255.50      1.3783  1.4660e-02  1.5190e-02  7.1500e-03  8.0600e-03  9.8500e-03
  7254.00      1.3785  1.4690e-02  1.5240e-02  7.1400e-03  8.0500e-03  9.8400e-03
  7252.50      1.3788  1.4730e-02  1.5270e-02  7.1200e-03  8.0200e-03  9.8100e-03
  7251.00      1.3791  1.4760e-02  1.5300e-02  7.1000e-03  8.0100e-03  9.8000e-03
  7249.50      1.3794  1.4740e-02  1.5270e-02  7.0900e-03  8.0000e-03  9.7800e-03
  7248.00      1.3797  1.4670e-02  1.5210e-02  7.0900e-03  7.9900e-03  9.7800e-03
  7246.50      1.3800  1.4580e-02  1.5110e-02  7.0700e-03  7.9800e-03  9.7600e-03
  7245.00      1.3803  1.4480e-02  1.5010e-02  7.0600e-03  7.9600e-03  9.7500e-03
  7243.50      1.3805  1.4400e-02  1.4930e-02  7.0400e-03  7.9400e-03  9.7300e-03
  7242.00      1.3808  1.4370e-02  1.4890e-02  7.0300e-03  7.9300e-03  9.7200e-03
  7240.50      1.3811  1.4380e-02  1.4900e-02  7.0300e-03  7.9400e-03  9.7200e-03
  7239.00      1.3814  1.4400e-02  1.4940e-02  7.0500e-03  7.9600e-03  9.7500e-03
  7237.50      1.3817  1.4420e-02  1.4950e-02  7.0700e-03  7.9700e-03  9.7600e-03
  7236.00      1.3820  1.4390e-02  1.4920e-02  7.0800e-03  7.9800e-03  9.7700e-03
  7234.50      1.3823  1.4330e-02  1.4860e-02  7.0800e-03  7.9800e-03  9.7700e-03
  7233.00      1.3826  1.4270e-02  1.4800e-02  7.0700e-03  7.9800e-03  9.7700e-03
  7231.50      1.3828  1.4230e-02  1.4750e-02  7.0800e-03  7.9900e-03  9.7800e-03
  7230.00      1.3831  1.4220e-02  1.4740e-02  7.1100e-03  8.0100e-03  9.8000e-03
  7228.50      1.3834  1.4240e-02  1.4760e-02  7.1300e-03  8.0400e-03  9.8300e-03
  7227.00      1.3837  1.4260e-02  1.4780e-02  7.1400e-03  8.0500e-03  9.8400e-03
  7225.50      1.3840  1.4260e-02  1.4780e-02  7.1600e-03  8.0600e-03  9.8500e-03
  7224.00      1.3843  1.4230e-02  1.4750e-02  7.1600e-03  8.0700e-03  9.8600e-03
  7222.50      1.3846  1.4170e-02  1.4690e-02  7.1800e-03  8.0900e-03  9.8800e-03
  7221.00      1.3848  1.4100e-02  1.4620e-02  7.2000e-03  8.1100e-03  9.9000e-03
  7219.50      1.3851  1.4050e-02  1.4570e-02  7.2300e-03  8.1300e-03  9.9200e-03
  7218.00      1.3854  1.4030e-02  1.4550e-02  7.2400e-03  8.1600e-03  9.9500e-03
  7216.50      1.3857  1.4040e-02  1.4560e-02  7.2600e-03  8.1700e-03  9.9600e-03
  7215.00      1.3860  1.4070e-02  1.4590e-02  7.2600e-03  8.1700e-03  9.9700e-03
  7213.50      1.3863  1.4100e-02  1.4620e-02  7.2600e-03  8.1700e-03  9.9600e-03
  7212.00      1.3866  1.4120e-02  1.4640e-02  7.2400e-03  8.1500e-03  9.9500e-03
  7210.50      1.3869  1.4110e-02  1.4620e-02  7.2300e-03  8.1400e-03  9.9400e-03
  7209.00      1.3872  1.4070e-02  1.4590e-02  7.2200e-03  8.1300e-03  9.9200e-03
  7207.50      1.3874  1.4030e-02  1.4550e-02  7.2100e-03  8.1200e-03  9.9100e-03
  7206.00      1.3877  1.4000e-02  1.4520e-02  7.1900e-03  8.1000e-03  9.9000e-03
  7204.50      1.3880  1.4000e-02  1.4520e-02  7.1900e-03  8.1000e-03  9.8900e-03
  7203.00      1.3883  1.4040e-02  1.4560e-02  7.2000e-03  8.1000e-03  9.9000e-03
  7201.50      1.3886  1.4120e-02  1.4640e-02  7.2200e-03  8.1300e-03  9.9200e-03
  7200.00      1.3889  1.4200e-02  1.4720e-02  7.2500e-03  8.1600e-03  9.9600e-03
  7198.50      1.3892  1.4280e-02  1.4810e-02  7.2900e-03  8.2000e-03  1.0000e-02
  7197.00      1.3895  1.4340e-02  1.4860e-02  7.3400e-03  8.2500e-03  1.0050e-02
  7195.50      1.3898  1.4350e-02  1.4880e-02  7.3700e-03  8.2800e-03  1.0080e-02
  7194.00      1.3900  1.4350e-02  1.4870e-02  7.3800e-03  8.2900e-03  1.0090e-02
  7192.50      1.3903  1.4320e-02  1.4850e-02  7.3900e-03  8.3000e-03  1.0100e-02
  7191.00      1.3906  1.4300e-02  1.4820e-02  7.3900e-03  8.3000e-03  1.0100e-02
  7189.50      1.3909  1.4280e-02  1.4800e-02  7.3700e-03  8.2800e-03  1.0080e-02
  7188.00      1.3912  1.4250e-02  1.4770e-02  7.3500e-03  8.2600e-03  1.0060e-02
  7186.50      1.3915  1.4220e-02  1.4740e-02  7.3200e-03  8.2300e-03  1.0030e-02
  7185.00      1.3918  1.4170e-02  1.4690e-02  7.2900e-03  8.2000e-03  1.0000e-02
  7183.50      1.3921  1.4120e-02  1.4640e-02  7.2700e-03  8.1800e-03  9.9800e-03
  7182.00      1.3924  1.4080e-02  1.4590e-02  7.2500e-03  8.1700e-03  9.9600e-03
  7180.50      1.3927  1.4070e-02  1.4580e-02  7.2500e-03  8.1600e-03  9.9600e-03
  7179.00      1.3930  1.4090e-02  1.4610e-02  7.2400e-03  8.1500e-03  9.9500e-03
  7177.50      1.3932  1.4140e-02  1.4650e-02  7.2400e-03  8.1500e-03  9.9500e-03
  7176.00      1.3935  1.4180e-02  1.4700e-02  7.2200e-03  8.1300e-03  9.9300e-03
  7174.50      1.3938  1.4230e-02  1.4750e-02  7.2000e-03  8.1100e-03  9.9100e-03
  7173.00      1.3941  1.4260e-02  1.4780e-02  7.1700e-03  8.0800e-03  9.8800e-03
  7171.50      1.3944  1.4250e-02  1.4770e-02  7.1300e-03  8.0400e-03  9.8400e-03
  7170.00      1.3947  1.4210e-02  1.4730e-02  7.0900e-03  8.0000e-03  9.7900e-03
  7168.50      1.3950  1.4160e-02  1.4680e-02  7.0500e-03  7.9500e-03  9.7500e-03
  7167.00      1.3953  1.4120e-02  1.4640e-02  7.0100e-03  7.9300e-03  9.7300e-03
  7165.50      1.3956  1.4090e-02  1.4610e-02  7.0000e-03  7.9100e-03  9.7100e-03
  7164.00      1.3959  1.4070e-02  1.4590e-02  7.0000e-03  7.9100e-03  9.7000e-03
  7162.50      1.3962  1.4070e-02  1.4590e-02  7.0200e-03  7.9300e-03  9.7200e-03
  7161.00      1.3965  1.4100e-02  1.4620e-02  7.0600e-03  7.9700e-03  9.7700e-03
  7159.50      1.3967  1.4150e-02  1.4660e-02  7.1300e-03  8.0400e-03  9.8400e-03
  7158.00      1.3970  1.4190e-02  1.4710e-02  7.2100e-03  8.1200e-03  9.9200e-03
  7156.50      1.3973  1.4240e-02  1.4760e-02  7.2800e-03  8.1900e-03  9.9900e-03
  7155.00      1.3976  1.4290e-02  1.4810e-02  7.3500e-03  8.2700e-03  1.0070e-02
  7153.50      1.3979  1.4300e-02  1.4830e-02  7.4200e-03  8.3300e-03  1.0130e-02
  7152.00      1.3982  1.4300e-02  1.4820e-02  7.4600e-03  8.3800e-03  1.0180e-02
  7150.50      1.3985  1.4270e-02  1.4780e-02  7.4800e-03  8.4000e-03  1.0210e-02
  7148.99      1.3988  1.4210e-02  1.4730e-02  7.4800e-03  8.4000e-03  1.0200e-02
  7147.49      1.3991  1.4130e-02  1.4660e-02  7.4600e-03  8.3700e-03  1.0180e-02
  7145.99      1.3994  1.4070e-02  1.4590e-02  7.4200e-03  8.3400e-03  1.0150e-02
  7144.49      1.3997  1.4020e-02  1.4540e-02  7.3800e-03  8.3000e-03  1.0100e-02
  7142.99      1.4000  1.4000e-02  1.4510e-02  7.3400e-03  8.2500e-03  1.0060e-02
  7141.49      1.4003  1.4000e-02  1.4510e-02  7.3100e-03  8.2200e-03  1.0030e-02
  7139.99      1.4006  1.4020e-02  1.4530e-02  7.3000e-03  8.2100e-03  1.0020e-02
  7138.49      1.4009  1.4050e-02  1.4570e-02  7.2900e-03  8.2000e-03  1.0000e-02
  7136.99      1.4012  1.4090e-02  1.4610e-02  7.2900e-03  8.2000e-03  1.0020e-02
  7135.49      1.4014  1.4130e-02  1.4640e-02  7.3100e-03  8.2200e-03  1.0030e-02
  7133.99      1.4017  1.4160e-02  1.4680e-02  7.3300e-03  8.2400e-03  1.0050e-02
  7132.49      1.4020  1.4190e-02  1.4710e-02  7.3400e-03  8.2600e-03  1.0060e-02
  7130.99      1.4023  1.4220e-02  1.4740e-02  7.3500e-03  8.2700e-03  1.0080e-02
  7129.49      1.4026  1.4250e-02  1.4770e-02  7.3500e-03  8.2700e-03  1.0080e-02
  7127.99      1.4029  1.4270e-02  1.4800e-02  7.3500e-03  8.2600e-03  1.0070e-02
  7126.49      1.4032  1.4300e-02  1.4820e-02  7.3400e-03  8.2500e-03  1.0060e-02
  7124.99      1.4035  1.4310e-02  1.4830e-02  7.3100e-03  8.2300e-03  1.0040e-02
  7123.49      1.4038  1.4310e-02  1.4830e-02  7.2900e-03  8.2200e-03  1.0020e-02
  7121.99      1.4041  1.4290e-02  1.4810e-02  7.2800e-03  8.1900e-03  1.0000e-02
  7120.49      1.4044  1.4260e-02  1.4790e-02  7.2700e-03  8.1800e-03  9.9900e-03
  7118.99      1.4047  1.4240e-02  1.4760e-02  7.2700e-03  8.1800e-03  9.9900e-03
  7117.49      1.4050  1.4220e-02  1.4740e-02  7.2700e-03  8.1900e-03  1.0000e-02
  7115.99      1.4053  1.4220e-02  1.4740e-02  7.2900e-03  8.2100e-03  1.0020e-02
  7114.49      1.4056  1.4240e-02  1.4760e-02  7.3200e-03  8.2400e-03  1.0050e-02
  7112.99      1.4059  1.4270e-02  1.4790e-02  7.3500e-03  8.2700e-03  1.0080e-02
  7111.49      1.4062  1.4270e-02  1.4790e-02  7.3700e-03  8.2900e-03  1.0100e-02
  7109.99      1.4065  1.4250e-02  1.4770e-02  7.3900e-03  8.3100e-03  1.0120e-02
  7108.49      1.4068  1.4220e-02  1.4740e-02  7.4000e-03  8.3200e-03  1.0130e-02
  7106.99      1.4071  1.4160e-02  1.4680e-02  7.4000e-03  8.3200e-03  1.0130e-02
  7105.49      1.4074  1.4120e-02  1.4630e-02  7.3900e-03  8.3100e-03  1.0130e-02
  7103.99      1.4077  1.4080e-02  1.4600e-02  7.3800e-03  8.2900e-03  1.0110e-02
  7102.49      1.4080  1.4070e-02  1.4580e-02  7.3500e-03  8.2700e-03  1.0080e-02
  7100.99      1.4083  1.4060e-02  1.4580e-02  7.3200e-03  8.2400e-03  1.0050e-02
  7099.49      1.4086  1.4060e-02  1.4580e-02  7.2900e-03  8.2000e-03  1.0020e-02
  7097.99      1.4088  1.4080e-02  1.4590e-02  7.2500e-03  8.1700e-03  9.9800e-03
  7096.49      1.4091  1.4090e-02  1.4620e-02  7.2200e-03  8.1300e-03  9.9500e-03
  7094.99      1.4094  1.4120e-02  1.4630e-02  7.1900e-03  8.1100e-03  9.9200e-03
  7093.49      1.4097  1.4150e-02  1.4660e-02  7.1700e-03  8.0800e-03  9.8900e-03
  7091.99      1.4100  1.4160e-02  1.4680e-02  7.1400e-03  8.0600e-03  9.8700e-03
  7090.49      1.4103  1.4190e-02  1.4710e-02  7.1100e-03  8.0300e-03  9.8400e-03
  7088.99      1.4106  1.4200e-02  1.4720e-02  7.1000e-03  8.0200e-03  9.8300e-03
  7087.49      1.4109  1.4220e-02  1.4740e-02  7.0800e-03  8.0000e-03  9.8100e-03
  7085.99      1.4112  1.4220e-02  1.4740e-02  7.0800e-03  7.9900e-03  9.8000e-03
  7084.49      1.4115  1.4220e-02  1.4740e-02  7.0800e-03  7.9900e-03  9.8000e-03
  7082.99      1.4118  1.4220e-02  1.4730e-02  7.0800e-03  7.9900e-03  9.8100e-03
  7081.49      1.4121  1.4200e-02  1.4720e-02  7.0900e-03  8.0100e-03  9.8200e-03
  7079.99      1.4124  1.4180e-02  1.4700e-02  7.1100e-03  8.0200e-03  9.8400e-03
  7078.49      1.4127  1.4160e-02  1.4680e-02  7.1200e-03  8.0300e-03  9.8400e-03
  7076.99      1.4130  1.4150e-02  1.4660e-02  7.1300e-03  8.0500e-03  9.8600e-03
  7075.49      1.4133  1.4140e-02  1.4660e-02  7.1400e-03  8.0500e-03  9.8600e-03
  7073.99      1.4136  1.4150e-02  1.4670e-02  7.1400e-03  8.0500e-03  9.8700e-03
  7072.49      1.4139  1.4160e-02  1.4670e-02  7.1400e-03  8.0500e-03  9.8700e-03
  7070.99      1.4142  1.4180e-02  1.4690e-02  7.1300e-03  8.0500e-03  9.8600e-03
  7069.49      1.4145  1.4180e-02  1.4700e-02  7.1200e-03  8.0300e-03  9.8500e-03
  7067.99      1.4148  1.4170e-02  1.4680e-02  7.1100e-03  8.0200e-03  9.8400e-03
  7066.49      1.4151  1.4140e-02  1.4660e-02  7.0900e-03  8.0100e-03  9.8200e-03
  7064.99      1.4154  1.4120e-02  1.4640e-02  7.0900e-03  8.0000e-03  9.8200e-03
  7063.49      1.4157  1.4100e-02  1.4620e-02  7.0900e-03  8.0100e-03  9.8200e-03
  7061.99      1.4160  1.4100e-02  1.4610e-02  7.1000e-03  8.0100e-03  9.8300e-03
  7060.49      1.4163  1.4110e-02  1.4630e-02  7.1100e-03  8.0300e-03  9.8400e-03
  7058.99      1.4166  1.4140e-02  1.4650e-02  7.1200e-03  8.0300e-03  9.8500e-03
  7057.49      1.4169  1.4170e-02  1.4690e-02  7.1300e-03  8.0500e-03  9.8600e-03
  7055.99      1.4172  1.4200e-02  1.4720e-02  7.1500e-03  8.0700e-03  9.8800e-03
  7054.49      1.4175  1.4220e-02  1.4730e-02  7.1600e-03  8.0800e-03  9.8900e-03
  7052.99      1.4178  1.4210e-02  1.4730e-02  7.1800e-03  8.1000e-03  9.9200e-03
  7051.49      1.4181  1.4200e-02  1.4720e-02  7.2000e-03  8.1200e-03  9.9300e-03
  7049.99      1.4184  1.4160e-02  1.4680e-02  7.2200e-03  8.1400e-03  9.9600e-03
  7048.49      1.4187  1.4130e-02  1.4650e-02  7.2400e-03  8.1600e-03  9.9700e-03
  7046.99      1.4190  1.4110e-02  1.4630e-02  7.2600e-03  8.1800e-03  1.0000e-02
  7045.49      1.4193  1.4110e-02  1.4620e-02  7.2800e-03  8.1900e-03  1.0010e-02
  7043.99      1.4197  1.4110e-02  1.4620e-02  7.3000e-03  8.2200e-03  1.0040e-02
  7042.49      1.4200  1.4110e-02  1.4630e-02  7.3200e-03  8.2400e-03  1.0060e-02
  7040.99      1.4203  1.4110e-02  1.4630e-02  7.3300e-03  8.2500e-03  1.0070e-02
  7039.49      1.4206  1.4100e-02  1.4620e-02  7.3200e-03  8.2400e-03  1.0070e-02
  7037.99      1.4209  1.4090e-02  1.4600e-02  7.3200e-03  8.2400e-03  1.0060e-02
  7036.49      1.4212  1.4060e-02  1.4560e-02  7.2900e-03  8.2100e-03  1.0030e-02
  7034.99      1.4215  1.4010e-02  1.4530e-02  7.2700e-03  8.1900e-03  1.0010e-02
  7033.49      1.4218  1.3970e-02  1.4480e-02  7.2500e-03  8.1600e-03  9.9900e-03
  7031.99      1.4221  1.3940e-02  1.4450e-02  7.2300e-03  8.1500e-03  9.9700e-03
  7030.49      1.4224  1.3910e-02  1.4410e-02  7.2100e-03  8.1200e-03  9.9500e-03
  7028.99      1.4227  1.3890e-02  1.4400e-02  7.1900e-03  8.1100e-03  9.9300e-03
  7027.49      1.4230  1.3900e-02  1.4410e-02  7.1800e-03  8.1000e-03  9.9200e-03
  7025.99      1.4233  1.3920e-02  1.4430e-02  7.1800e-03  8.1000e-03  9.9200e-03
  7024.49      1.4236  1.3940e-02  1.4460e-02  7.1800e-03  8.1000e-03  9.9200e-03
  7022.99      1.4239  1.3980e-02  1.4480e-02  7.2000e-03  8.1200e-03  9.9400e-03
  7021.49      1.4242  1.4000e-02  1.4510e-02  7.2100e-03  8.1300e-03  9.9500e-03
  7019.99      1.4245  1.4020e-02  1.4520e-02  7.2300e-03  8.1500e-03  9.9700e-03
  7018.48      1.4248  1.4020e-02  1.4530e-02  7.2300e-03  8.1500e-03  9.9800e-03
  7016.98      1.4251  1.4040e-02  1.4550e-02  7.2500e-03  8.1700e-03  9.9900e-03
  7015.48      1.4254  1.4050e-02  1.4560e-02  7.2600e-03  8.1800e-03  1.0010e-02
  7013.98      1.4257  1.4050e-02  1.4560e-02  7.2700e-03  8.1900e-03  1.0010e-02
  7012.48      1.4260  1.4040e-02  1.4550e-02  7.2900e-03  8.2100e-03  1.0030e-02
  7010.98      1.4263  1.4040e-02  1.4550e-02  7.2900e-03  8.2100e-03  1.0040e-02
  7009.48      1.4266  1.4010e-02  1.4520e-02  7.3100e-03  8.2400e-03  1.0060e-02
  7007.98      1.4269  1.3980e-02  1.4490e-02  7.3300e-03  8.2500e-03  1.0080e-02
  7006.48      1.4272  1.3950e-02  1.4460e-02  7.3500e-03  8.2700e-03  1.0100e-02
  7004.98      1.4276  1.3940e-02  1.4440e-02  7.3500e-03  8.2800e-03  1.0100e-02
  7003.48      1.4279  1.3930e-02  1.4440e-02  7.3600e-03  8.2800e-03  1.0110e-02
  7001.98      1.4282  1.3910e-02  1.4420e-02  7.3500e-03  8.2800e-03  1.0100e-02
  7000.48      1.4285  1.3910e-02  1.4410e-02  7.3300e-03  8.2600e-03  1.0090e-02
  6998.98      1.4288  1.3890e-02  1.4400e-02  7.3100e-03  8.2300e-03  1.0060e-02
  6997.48      1.4291  1.3880e-02  1.4390e-02  7.2700e-03  8.1900e-03  1.0020e-02
  6995.98      1.4294  1.3870e-02  1.4380e-02  7.2300e-03  8.1500e-03  9.9800e-03
  6994.48      1.4297  1.3880e-02  1.4380e-02  7.1800e-03  8.1000e-03  9.9300e-03
  6992.98      1.4300  1.3900e-02  1.4410e-02  7.1300e-03  8.0500e-03  9.8800e-03
  6991.48      1.4303  1.3930e-02  1.4440e-02  7.0900e-03  8.0100e-03  9.8400e-03
  6989.98      1.4306  1.3980e-02  1.4480e-02  7.0700e-03  7.9900e-03  9.8200e-03
  6988.48      1.4309  1.4020e-02  1.4520e-02  7.0500e-03  7.9700e-03  9.8000e-03
  6986.98      1.4312  1.4040e-02  1.4550e-02  7.0400e-03  7.9700e-03  9.7900e-03
  6985.48      1.4315  1.4060e-02  1.4570e-02  7.0500e-03  7.9700e-03  9.8000e-03
  6983.98      1.4318  1.4050e-02  1.4560e-02  7.0600e-03  7.9800e-03  9.8100e-03
  6982.48      1.4322  1.4040e-02  1.4550e-02  7.0800e-03  8.0000e-03  9.8300e-03
  6980.98      1.4325  1.4020e-02  1.4530e-02  7.0900e-03  8.0100e-03  9.8400e-03
  6979.48      1.4328  1.4000e-02  1.4510e-02  7.1100e-03  8.0300e-03  9.8600e-03
  6977.98      1.4331  1.3990e-02  1.4490e-02  7.1100e-03  8.0300e-03  9.8600e-03
  6976.48      1.4334  1.3980e-02  1.4490e-02  7.1100e-03  8.0300e-03  9.8600e-03
  6974.98      1.4337  1.4000e-02  1.4490e-02  7.1000e-03  8.0300e-03  9.8600e-03
  6973.48      1.4340  1.4010e-02  1.4520e-02  7.0900e-03  8.0100e-03  9.8400e-03
  6971.98      1.4343  1.4050e-02  1.4550e-02  7.0700e-03  7.9900e-03  9.8200e-03
  6970.48      1.4346  1.4080e-02  1.4600e-02  7.0600e-03  7.9800e-03  9.8100e-03
  6968.98      1.4349  1.4120e-02  1.4630e-02  7.0400e-03  7.9700e-03  9.8000e-03
  6967.48      1.4352  1.4140e-02  1.4650e-02  7.0400e-03  7.9600e-03  9.7900e-03
  6965.98      1.4355  1.4160e-02  1.4670e-02  7.0300e-03  7.9500e-03  9.7800e-03
  6964.48      1.4359  1.4150e-02  1.4660e-02  7.0200e-03  7.9500e-03  9.7800e-03
  6962.98      1.4362  1.4130e-02  1.4640e-02  7.0100e-03  7.9300e-03  9.7700e-03
  6961.48      1.4365  1.4100e-02  1.4610e-02  7.0100e-03  7.9300e-03  9.7500e-03
  6959.98      1.4368  1.4070e-02  1.4580e-02  6.9900e-03  7.9100e-03  9.7400e-03
  6958.48      1.4371  1.4040e-02  1.4550e-02  6.9600e-03  7.8800e-03  9.7100e-03
  6956.98      1.4374  1.4020e-02  1.4520e-02  6.9400e-03  7.8600e-03  9.7000e-03
  6955.48      1.4377  1.3990e-02  1.4490e-02  6.9200e-03  7.8400e-03  9.6700e-03
  6953.98      1.4380  1.3970e-02  1.4480e-02  6.9000e-03  7.8200e-03  9.6500e-03
  6952.48      1.4383  1.3950e-02  1.4450e-02  6.8800e-03  7.8000e-03  9.6300e-03
  6950.98      1.4386  1.3920e-02  1.4430e-02  6.8700e-03  7.7900e-03  9.6200e-03
  6949.48      1.4390  1.3890e-02  1.4400e-02  6.8500e-03  7.7700e-03  9.6000e-03
  6947.98      1.4393  1.3860e-02  1.4370e-02  6.8600e-03  7.7700e-03  9.6100e-03
  6946.48      1.4396  1.3840e-02  1.4350e-02  6.8600e-03  7.7800e-03  9.6100e-03
  6944.98      1.4399  1.3840e-02  1.4340e-02  6.8900e-03  7.8100e-03  9.6400e-03
  6943.48      1.4402  1.3840e-02  1.4350e-02  6.9100e-03  7.8300e-03  9.6600e-03
  6941.98      1.4405  1.3870e-02  1.4380e-02  6.9400e-03  7.8600e-03  9.7000e-03
  6940.48      1.4408  1.3920e-02  1.4420e-02  6.9600e-03  7.8800e-03  9.7100e-03
  6938.98      1.4411  1.3970e-02  1.4470e-02  6.9800e-03  7.9000e-03  9.7300e-03
  6937.48      1.4414  1.4010e-02  1.4520e-02  7.0000e-03  7.9200e-03  9.7500e-03
  6935.98      1.4418  1.4040e-02  1.4550e-02  7.0000e-03  7.9200e-03  9.7600e-03
  6934.48      1.4421  1.4060e-02  1.4560e-02  6.9900e-03  7.9200e-03  9.7500e-03
  6932.98      1.4424  1.4050e-02  1.4560e-02  6.9800e-03  7.9000e-03  9.7400e-03
  6931.48      1.4427  1.4030e-02  1.4540e-02  6.9400e-03  7.8600e-03  9.7000e-03
  6929.98      1.4430  1.4010e-02  1.4500e-02  6.8900e-03  7.8100e-03  9.6500e-03
  6928.48      1.4433  1.3970e-02  1.4470e-02  6.8500e-03  7.7700e-03  9.6100e-03
  6926.98      1.4436  1.3950e-02  1.4450e-02  6.8100e-03  7.7300e-03  9.5600e-03
  6925.48      1.4439  1.3930e-02  1.4440e-02  6.7700e-03  7.6900e-03  9.5200e-03
  6923.98      1.4443  1.3930e-02  1.4430e-02  6.7400e-03  7.6600e-03  9.4900e-03
  6922.48      1.4446  1.3940e-02  1.4450e-02  6.7100e-03  7.6300e-03  9.4700e-03
  6920.98      1.4449  1.3960e-02  1.4470e-02  6.7000e-03  7.6200e-03  9.4500e-03
  6919.48      1.4452  1.3980e-02  1.4490e-02  6.7000e-03  7.6200e-03  9.4500e-03
  6917.98      1.4455  1.4010e-02  1.4520e-02  6.7000e-03  7.6200e-03  9.4600e-03
  6916.48      1.4458  1.4030e-02  1.4530e-02  6.7100e-03  7.6300e-03  9.4600e-03
  6914.98      1.4461  1.4040e-02  1.4550e-02  6.7100e-03  7.6300e-03  9.4700e-03
  6913.48      1.4465  1.4040e-02  1.4550e-02  6.7100e-03  7.6300e-03  9.4700e-03
  6911.98      1.4468  1.4020e-02  1.4530e-02  6.7100e-03  7.6200e-03  9.4600e-03
  6910.48      1.4471  1.3990e-02  1.4500e-02  6.6900e-03  7.6100e-03  9.4500e-03
  6908.98      1.4474  1.3960e-02  1.4460e-02  6.6700e-03  7.5800e-03  9.4200e-03
  6907.48      1.4477  1.3930e-02  1.4430e-02  6.6300e-03  7.5500e-03  9.3900e-03
  6905.98      1.4480  1.3910e-02  1.4410e-02  6.6000e-03  7.5200e-03  9.3600e-03
  6904.48      1.4483  1.3890e-02  1.4390e-02  6.5700e-03  7.4900e-03  9.3300e-03
  6902.98      1.4487  1.3880e-02  1.4380e-02  6.5500e-03  7.4700e-03  9.3000e-03
  6901.48      1.4490  1.3870e-02  1.4370e-02  6.5200e-03  7.4300e-03  9.2700e-03
  6899.98      1.4493  1.3870e-02  1.4370e-02  6.5000e-03  7.4100e-03  9.2500e-03
  6898.48      1.4496  1.3880e-02  1.4380e-02  6.4700e-03  7.3900e-03  9.2200e-03
  6896.98      1.4499  1.3910e-02  1.4410e-02  6.4600e-03  7.3800e-03  9.2100e-03
  6895.48      1.4502  1.3950e-02  1.4450e-02  6.4400e-03  7.3600e-03  9.1900e-03
  6893.98      1.4505  1.4010e-02  1.4510e-02  6.4300e-03  7.3500e-03  9.1800e-03
  6892.48      1.4509  1.4050e-02  1.4570e-02  6.4300e-03  7.3500e-03  9.1800e-03
  6890.98      1.4512  1.4090e-02  1.4610e-02  6.4200e-03  7.3400e-03  9.1700e-03
  6889.48      1.4515  1.4110e-02  1.4620e-02  6.4200e-03  7.3300e-03  9.1700e-03
  6887.98      1.4518  1.4110e-02  1.4610e-02  6.4100e-03  7.3300e-03  9.1600e-03
  6886.48      1.4521  1.4100e-02  1.4600e-02  6.4100e-03  7.3200e-03  9.1600e-03
  6884.98      1.4524  1.4080e-02  1.4580e-02  6.4000e-03  7.3200e-03  9.1500e-03
  6883.48      1.4528  1.4070e-02  1.4570e-02  6.4000e-03  7.3200e-03  9.1600e-03
  6881.98      1.4531  1.4070e-02  1.4570e-02  6.4100e-03  7.3200e-03  9.1600e-03
  6880.47      1.4534  1.4080e-02  1.4580e-02  6.4100e-03  7.3300e-03  9.1600e-03
  6878.97      1.4537  1.4080e-02  1.4580e-02  6.4100e-03  7.3300e-03  9.1600e-03
  6877.47      1.4540  1.4070e-02  1.4580e-02  6.4100e-03  7.3300e-03  9.1600e-03
  6875.97      1.4543  1.4070e-02  1.4570e-02  6.4100e-03  7.3300e-03  9.1600e-03
  6874.47      1.4547  1.4040e-02  1.4540e-02  6.4200e-03  7.3300e-03  9.1700e-03
  6872.97      1.4550  1.4010e-02  1.4510e-02  6.4200e-03  7.3400e-03  9.1700e-03
  6871.47      1.4553  1.3970e-02  1.4480e-02  6.4300e-03  7.3500e-03  9.1900e-03
  6869.97      1.4556  1.3960e-02  1.4450e-02  6.4400e-03  7.3600e-03  9.1900e-03
  6868.47      1.4559  1.3940e-02  1.4440e-02  6.4600e-03  7.3700e-03  9.2100e-03
  6866.97      1.4562  1.3920e-02  1.4420e-02  6.4800e-03  7.4000e-03  9.2300e-03
  6865.47      1.4566  1.3890e-02  1.4390e-02  6.5000e-03  7.4200e-03  9.2600e-03
  6863.97      1.4569  1.3860e-02  1.4350e-02  6.5300e-03  7.4500e-03  9.2900e-03
  6862.47      1.4572  1.3820e-02  1.4320e-02  6.5500e-03  7.4700e-03  9.3100e-03
  6860.97      1.4575  1.3780e-02  1.4270e-02  6.5800e-03  7.4900e-03  9.3300e-03
  6859.47      1.4578  1.3730e-02  1.4230e-02  6.5900e-03  7.5000e-03  9.3400e-03
  6857.97      1.4582  1.3680e-02  1.4180e-02  6.6000e-03  7.5200e-03  9.3600e-03
  6856.47      1.4585  1.3660e-02  1.4150e-02  6.6100e-03  7.5300e-03  9.3700e-03
  6854.97      1.4588  1.3630e-02  1.4130e-02  6.6100e-03  7.5300e-03  9.3700e-03
  6853.47      1.4591  1.3620e-02  1.4110e-02  6.6000e-03  7.5200e-03  9.3600e-03
  6851.97      1.4594  1.3630e-02  1.4120e-02  6.5900e-03  7.5100e-03  9.3500e-03
  6850.47      1.4598  1.3660e-02  1.4150e-02  6.5700e-03  7.4900e-03  9.3300e-03
  6848.97      1.4601  1.3720e-02  1.4210e-02  6.5600e-03  7.4800e-03  9.3300e-03
  6847.47      1.4604  1.3760e-02  1.4270e-02  6.5600e-03  7.4800e-03  9.3200e-03
  6845.97      1.4607  1.3820e-02  1.4320e-02  6.5500e-03  7.4700e-03  9.3200e-03
  6844.47      1.4610  1.3870e-02  1.4370e-02  6.5500e-03  7.4700e-03  9.3100e-03
  6842.97      1.4614  1.3900e-02  1.4400e-02  6.5400e-03  7.4600e-03  9.3000e-03
  6841.47      1.4617  1.3930e-02  1.4430e-02  6.5400e-03  7.4600e-03  9.3000e-03
  6839.97      1.4620  1.3960e-02  1.4460e-02  6.5500e-03  7.4700e-03  9.3100e-03
  6838.47      1.4623  1.3970e-02  1.4470e-02  6.5500e-03  7.4700e-03  9.3200e-03
  6836.97      1.4626  1.3990e-02  1.4490e-02  6.5600e-03  7.4800e-03  9.3200e-03
  6835.47      1.4630  1.4000e-02  1.4490e-02  6.5600e-03  7.4800e-03  9.3200e-03
  6833.97      1.4633  1.4010e-02  1.4510e-02  6.5500e-03  7.4700e-03  9.3200e-03
  6832.47      1.4636  1.4010e-02  1.4510e-02  6.5500e-03  7.4700e-03  9.3100e-03
  6830.97      1.4639  1.4030e-02  1.4530e-02  6.5300e-03  7.4500e-03  9.3000e-03
  6829.47      1.4642  1.4040e-02  1.4540e-02  6.5300e-03  7.4500e-03  9.2800e-03
  6827.97      1.4646  1.4070e-02  1.4570e-02  6.5100e-03  7.4300e-03  9.2800e-03
  6826.47      1.4649  1.4090e-02  1.4590e-02  6.5000e-03  7.4200e-03  9.2700e-03
  6824.97      1.4652  1.4100e-02  1.4600e-02  6.5000e-03  7.4200e-03  9.2600e-03
  6823.47      1.4655  1.4120e-02  1.4620e-02  6.4800e-03  7.4000e-03  9.2500e-03
  6821.97      1.4659  1.4120e-02  1.4630e-02  6.4800e-03  7.3900e-03  9.2400e-03
  6820.47      1.4662  1.4130e-02  1.4630e-02  6.4600e-03  7.3800e-03  9.2300e-03
  6818.97      1.4665  1.4130e-02  1.4630e-02  6.4600e-03  7.3800e-03  9.2200e-03
  6817.47      1.4668  1.4120e-02  1.4630e-02  6.4500e-03  7.3700e-03  9.2100e-03
  6815.97      1.4671  1.4110e-02  1.4620e-02  6.4400e-03  7.3600e-03  9.2000e-03
  6814.47      1.4675  1.4090e-02  1.4590e-02  6.4200e-03  7.3400e-03  9.1800e-03
  6812.97      1.4678  1.4060e-02  1.4560e-02  6.4100e-03  7.3300e-03  9.1700e-03
  6811.47      1.4681  1.4030e-02  1.4530e-02  6.4100e-03  7.3300e-03  9.1700e-03
  6809.97      1.4684  1.3990e-02  1.4490e-02  6.4000e-03  7.3200e-03  9.1700e-03
  6808.47      1.4688  1.3950e-02  1.4450e-02  6.4000e-03  7.3200e-03  9.1700e-03
  6806.97      1.4691  1.3930e-02  1.4420e-02  6.4100e-03  7.3300e-03  9.1700e-03
  6805.47      1.4694  1.3920e-02  1.4410e-02  6.4100e-03  7.3300e-03  9.1800e-03
  6803.97      1.4697  1.3910e-02  1.4410e-02  6.4300e-03  7.3500e-03  9.2000e-03
  6802.47      1.4701  1.3920e-02  1.4420e-02  6.4600e-03  7.3800e-03  9.2200e-03
  6800.97      1.4704  1.3930e-02  1.4420e-02  6.4700e-03  7.3900e-03  9.2400e-03
  6799.47      1.4707  1.3930e-02  1.4430e-02  6.4900e-03  7.4100e-03  9.2600e-03
  6797.97      1.4710  1.3930e-02  1.4430e-02  6.5000e-03  7.4200e-03  9.2700e-03
  6796.47      1.4714  1.3910e-02  1.4410e-02  6.5200e-03  7.4400e-03  9.2900e-03
  6794.97      1.4717  1.3900e-02  1.4390e-02  6.5300e-03  7.4500e-03  9.3000e-03
  6793.47      1.4720  1.3870e-02  1.4370e-02  6.5300e-03  7.4600e-03  9.3100e-03
  6791.97      1.4723  1.3870e-02  1.4360e-02  6.5300e-03  7.4500e-03  9.3100e-03
  6790.47      1.4727  1.3870e-02  1.4360e-02  6.5200e-03  7.4400e-03  9.2900e-03
  6788.97      1.4730  1.3870e-02  1.4370e-02  6.5100e-03  7.4300e-03  9.2800e-03
  6787.47      1.4733  1.3890e-02  1.4390e-02  6.4900e-03  7.4100e-03  9.2600e-03
  6785.97      1.4736  1.3920e-02  1.4410e-02  6.4600e-03  7.3800e-03  9.2300e-03
  6784.47      1.4740  1.3930e-02  1.4430e-02  6.4400e-03  7.3600e-03  9.2100e-03
  6782.97      1.4743  1.3950e-02  1.4440e-02  6.4100e-03  7.3300e-03  9.1800e-03
  6781.47      1.4746  1.3950e-02  1.4450e-02  6.3600e-03  7.2800e-03  9.1400e-03
  6779.97      1.4749  1.3950e-02  1.4450e-02  6.3300e-03  7.2500e-03  9.1000e-03
  6778.47      1.4753  1.3950e-02  1.4440e-02  6.3100e-03  7.2300e-03  9.0800e-03
  6776.97      1.4756  1.3920e-02  1.4420e-02  6.2800e-03  7.2000e-03  9.0500e-03
  6775.47      1.4759  1.3910e-02  1.4390e-02  6.2700e-03  7.1900e-03  9.0400e-03
  6773.97      1.4762  1.3880e-02  1.4380e-02  6.2500e-03  7.1700e-03  9.0200e-03
  6772.47      1.4766  1.3860e-02  1.4360e-02  6.2300e-03  7.1500e-03  9.0000e-03
  6770.97      1.4769  1.3860e-02  1.4350e-02  6.2300e-03  7.1500e-03  9.0000e-03
  6769.47      1.4772  1.3860e-02  1.4350e-02  6.2200e-03  7.1400e-03  8.9900e-03
  6767.97      1.4775  1.3860e-02  1.4360e-02  6.2100e-03  7.1300e-03  8.9800e-03
  6766.47      1.4779  1.3880e-02  1.4380e-02  6.2100e-03  7.1300e-03  8.9800e-03
  6764.97      1.4782  1.3890e-02  1.4390e-02  6.2100e-03  7.1300e-03  8.9800e-03
  6763.47      1.4785  1.3900e-02  1.4390e-02  6.2100e-03  7.1200e-03  8.9800e-03
  6761.97      1.4789  1.3900e-02  1.4380e-02  6.2000e-03  7.1200e-03  8.9700e-03
  6760.47      1.4792  1.3880e-02  1.4370e-02  6.1900e-03  7.1100e-03  8.9600e-03
  6758.97      1.4795  1.3850e-02  1.4340e-02  6.1800e-03  7.1000e-03  8.9500e-03
  6757.47      1.4798  1.3830e-02  1.4320e-02  6.1700e-03  7.0900e-03  8.9400e-03
  6755.97      1.4802  1.3800e-02  1.4290e-02  6.1700e-03  7.0900e-03  8.9400e-03
  6754.47      1.4805  1.3800e-02  1.4290e-02  6.1700e-03  7.0900e-03  8.9400e-03
  6752.97      1.4808  1.3810e-02  1.4300e-02  6.1600e-03  7.0800e-03  8.9300e-03
  6751.47      1.4812  1.3820e-02  1.4310e-02  6.1500e-03  7.0700e-03  8.9200e-03
  6749.96      1.4815  1.3810e-02  1.4300e-02  6.1300e-03  7.0500e-03  8.9000e-03
  6748.46      1.4818  1.3810e-02  1.4290e-02  6.1100e-03  7.0200e-03  8.8800e-03
  6746.96      1.4821  1.3800e-02  1.4290e-02  6.0900e-03  7.0100e-03  8.8600e-03
  6745.46      1.4825  1.3790e-02  1.4280e-02  6.0700e-03  6.9900e-03  8.8400e-03
  6743.96      1.4828  1.3790e-02  1.4280e-02  6.0500e-03  6.9700e-03  8.8200e-03
  6742.46      1.4831  1.3810e-02  1.4310e-02  6.0300e-03  6.9400e-03  8.7900e-03
  6740.96      1.4835  1.3850e-02  1.4340e-02  5.9900e-03  6.9000e-03  8.7600e-03
  6739.46      1.4838  1.3900e-02  1.4390e-02  5.9600e-03  6.8800e-03  8.7300e-03
  6737.96      1.4841  1.3930e-02  1.4420e-02  5.9600e-03  6.8700e-03  8.7200e-03
  6736.46      1.4845  1.3940e-02  1.4440e-02  5.9500e-03  6.8600e-03  8.7200e-03
  6734.96      1.4848  1.3940e-02  1.4430e-02  5.9500e-03  6.8600e-03  8.7100e-03
  6733.46      1.4851  1.3920e-02  1.4420e-02  5.9500e-03  6.8600e-03  8.7100e-03
  6731.96      1.4855  1.3900e-02  1.4390e-02  5.9500e-03  6.8700e-03  8.7200e-03
  6730.46      1.4858  1.3870e-02  1.4360e-02  5.9600e-03  6.8800e-03  8.7300e-03
  6728.96      1.4861  1.3850e-02  1.4340e-02  5.9800e-03  6.9000e-03  8.7500e-03
  6727.46      1.4864  1.3850e-02  1.4340e-02  6.0000e-03  6.9200e-03  8.7700e-03
  6725.96      1.4868  1.3880e-02  1.4370e-02  6.0200e-03  6.9400e-03  8.7900e-03
  6724.46      1.4871  1.3920e-02  1.4400e-02  6.0300e-03  6.9500e-03  8.8000e-03
  6722.96      1.4874  1.3960e-02  1.4450e-02  6.0400e-03  6.9600e-03  8.8100e-03
  6721.46      1.4878  1.3990e-02  1.4480e-02  6.0500e-03  6.9700e-03  8.8300e-03
  6719.96      1.4881  1.4010e-02  1.4500e-02  6.0600e-03  6.9800e-03  8.8300e-03
  6718.46      1.4884  1.4000e-02  1.4500e-02  6.0700e-03  6.9900e-03  8.8500e-03
  6716.96      1.4888  1.3990e-02  1.4480e-02  6.0800e-03  7.0000e-03  8.8500e-03
  6715.46      1.4891  1.3960e-02  1.4440e-02  6.0800e-03  7.0000e-03  8.8500e-03
  6713.96      1.4894  1.3910e-02  1.4400e-02  6.0800e-03  7.0000e-03  8.8500e-03
  6712.46      1.4898  1.3880e-02  1.4360e-02  6.0900e-03  7.0000e-03  8.8600e-03
  6710.96      1.4901  1.3830e-02  1.4320e-02  6.0900e-03  7.0100e-03  8.8600e-03
  6709.46      1.4904  1.3800e-02  1.4280e-02  6.1000e-03  7.0200e-03  8.8800e-03
  6707.96      1.4908  1.3770e-02  1.4260e-02  6.1200e-03  7.0400e-03  8.8800e-03
  6706.46      1.4911  1.3770e-02  1.4260e-02  6.1200e-03  7.0400e-03  8.9000e-03
  6704.96      1.4914  1.3790e-02  1.4280e-02  6.1400e-03  7.0600e-03  8.9100e-03
  6703.46      1.4918  1.3820e-02  1.4320e-02  6.1500e-03  7.0700e-03  8.9300e-03
  6701.96      1.4921  1.3880e-02  1.4370e-02  6.1700e-03  7.0900e-03  8.9400e-03
  6700.46      1.4924  1.3940e-02  1.4430e-02  6.1700e-03  7.0900e-03  8.9500e-03
  6698.96      1.4928  1.4000e-02  1.4490e-02  6.1800e-03  7.1000e-03  8.9600e-03
  6697.46      1.4931  1.4030e-02  1.4520e-02  6.1800e-03  7.1000e-03  8.9500e-03
  6695.96      1.4934  1.4050e-02  1.4540e-02  6.1600e-03  7.0800e-03  8.9400e-03
  6694.46      1.4938  1.4040e-02  1.4540e-02  6.1400e-03  7.0500e-03  8.9100e-03
  6692.96      1.4941  1.4020e-02  1.4510e-02  6.1100e-03  7.0300e-03  8.8900e-03
  6691.46      1.4944  1.3970e-02  1.4470e-02  6.0800e-03  7.0000e-03  8.8600e-03
  6689.96      1.4948  1.3920e-02  1.4420e-02  6.0500e-03  6.9700e-03  8.8300e-03
  6688.46      1.4951  1.3880e-02  1.4370e-02  6.0200e-03  6.9400e-03  8.8000e-03
  6686.96      1.4954  1.3820e-02  1.4310e-02  6.0000e-03  6.9200e-03  8.7800e-03
  6685.46      1.4958  1.3770e-02  1.4260e-02  5.9800e-03  6.9000e-03  8.7600e-03
  6683.96      1.4961  1.3730e-02  1.4220e-02  5.9800e-03  6.8900e-03  8.7500e-03
  6682.46      1.4965  1.3700e-02  1.4180e-02  5.9800e-03  6.8900e-03  8.7500e-03
  6680.96      1.4968  1.3680e-02  1.4160e-02  5.9800e-03  6.9100e-03  8.7700e-03
  6679.46      1.4971  1.3670e-02  1.4160e-02  6.0100e-03  6.9200e-03  8.7800e-03
  6677.96      1.4975  1.3690e-02  1.4170e-02  6.0300e-03  6.9500e-03  8.8100e-03
  6676.46      1.4978  1.3710e-02  1.4210e-02  6.0400e-03  6.9600e-03  8.8200e-03
  6674.96      1.4981  1.3750e-02  1.4230e-02  6.0600e-03  6.9800e-03  8.8300e-03
  6673.46      1.4985  1.3760e-02  1.4250e-02  6.0600e-03  6.9800e-03  8.8400e-03
  6671.96      1.4988  1.3770e-02  1.4260e-02  6.0800e-03  7.0000e-03  8.8600e-03
  6670.46      1.4991  1.3770e-02  1.4250e-02  6.0900e-03  7.0100e-03  8.8700e-03
  6668.96      1.4995  1.3750e-02  1.4230e-02  6.1000e-03  7.0200e-03  8.8800e-03
  6667.46      1.4998  1.3720e-02  1.4210e-02  6.0900e-03  7.0100e-03  8.8800e-03
  6665.96      1.5002  1.3710e-02  1.4190e-02  6.0900e-03  7.0100e-03  8.8700e-03
  6664.46      1.5005  1.3720e-02  1.4210e-02  6.0800e-03  7.0000e-03  8.8600e-03
  6662.96      1.5008  1.3740e-02  1.4220e-02  6.0800e-03  7.0000e-03  8.8600e-03
  6661.46      1.5012  1.3780e-02  1.4270e-02  6.0700e-03  6.9900e-03  8.8600e-03
  6659.96      1.5015  1.3810e-02  1.4300e-02  6.0700e-03  6.9900e-03  8.8600e-03
  6658.46      1.5018  1.3830e-02  1.4310e-02  6.0700e-03  6.9900e-03  8.8500e-03
  6656.96      1.5022  1.3810e-02  1.4290e-02  6.0600e-03  6.9800e-03  8.8400e-03
  6655.46      1.5025  1.3760e-02  1.4240e-02  6.0400e-03  6.9600e-03  8.8200e-03
  6653.96      1.5029  1.3690e-02  1.4170e-02  6.0200e-03  6.9400e-03  8.8000e-03
  6652.46      1.5032  1.3620e-02  1.4090e-02  6.0100e-03  6.9300e-03  8.7900e-03
  6650.96      1.5035  1.3570e-02  1.4050e-02  5.9800e-03  6.9000e-03  8.7700e-03
  6649.46      1.5039  1.3550e-02  1.4020e-02  5.9600e-03  6.8800e-03  8.7500e-03
  6647.96      1.5042  1.3560e-02  1.4040e-02  5.9300e-03  6.8500e-03  8.7200e-03
  6646.46      1.5046  1.3600e-02  1.4070e-02  5.8900e-03  6.8100e-03  8.6800e-03
  6644.96      1.5049  1.3630e-02  1.4110e-02  5.8600e-03  6.7800e-03  8.6400e-03
  6643.46      1.5052  1.3650e-02  1.4130e-02  5.8400e-03  6.7500e-03  8.6200e-03
  6641.96      1.5056  1.3640e-02  1.4120e-02  5.8100e-03  6.7300e-03  8.5900e-03
  6640.46      1.5059  1.3620e-02  1.4090e-02  5.7900e-03  6.7100e-03  8.5700e-03
  6638.96      1.5063  1.3580e-02  1.4060e-02  5.7900e-03  6.7100e-03  8.5700e-03
  6637.46      1.5066  1.3540e-02  1.4010e-02  5.8000e-03  6.7100e-03  8.5700e-03
  6635.96      1.5069  1.3520e-02  1.4000e-02  5.8000e-03  6.7200e-03  8.5800e-03
  6634.46      1.5073  1.3510e-02  1.3990e-02  5.8200e-03  6.7400e-03  8.6000e-03
  6632.96      1.5076  1.3520e-02  1.3990e-02  5.8400e-03  6.7600e-03  8.6200e-03
  6631.46      1.5080  1.3530e-02  1.4000e-02  5.8700e-03  6.7900e-03  8.6500e-03
  6629.96      1.5083  1.3520e-02  1.4000e-02  5.8900e-03  6.8100e-03  8.6800e-03
  6628.46      1.5086  1.3510e-02  1.3990e-02  5.9200e-03  6.8400e-03  8.7000e-03
  6626.96      1.5090  1.3500e-02  1.3970e-02  5.9400e-03  6.8600e-03  8.7200e-03
  6625.46      1.5093  1.3470e-02  1.3940e-02  5.9400e-03  6.8600e-03  8.7300e-03
  6623.96      1.5097  1.3440e-02  1.3900e-02  5.9400e-03  6.8600e-03  8.7200e-03
  6622.46      1.5100  1.3410e-02  1.3880e-02  5.9300e-03  6.8500e-03  8.7200e-03
  6620.96      1.5104  1.3400e-02  1.3870e-02  5.9100e-03  6.8300e-03  8.7000e-03
  6619.46      1.5107  1.3400e-02  1.3870e-02  5.9000e-03  6.8200e-03  8.6900e-03
  6617.96      1.5110  1.3420e-02  1.3890e-02  5.8800e-03  6.8000e-03  8.6700e-03
  6616.46      1.5114  1.3440e-02  1.3910e-02  5.8700e-03  6.7900e-03  8.6600e-03
  6614.96      1.5117  1.3470e-02  1.3940e-02  5.8600e-03  6.7700e-03  8.6400e-03
  6613.46      1.5121  1.3480e-02  1.3960e-02  5.8400e-03  6.7600e-03  8.6300e-03
  6611.95      1.5124  1.3480e-02  1.3950e-02  5.8400e-03  6.7600e-03  8.6200e-03
  6610.45      1.5128  1.3450e-02  1.3920e-02  5.8400e-03  6.7500e-03  8.6200e-03
  6608.95      1.5131  1.3390e-02  1.3870e-02  5.8300e-03  6.7500e-03  8.6200e-03
  6607.45      1.5134  1.3350e-02  1.3810e-02  5.8300e-03  6.7500e-03  8.6100e-03
  6605.95      1.5138  1.3300e-02  1.3770e-02  5.8300e-03  6.7400e-03  8.6100e-03
  6604.45      1.5141  1.3290e-02  1.3750e-02  5.8100e-03  6.7300e-03  8.6000e-03
  6602.95      1.5145  1.3310e-02  1.3770e-02  5.8000e-03  6.7200e-03  8.5900e-03
  6601.45      1.5148  1.3360e-02  1.3820e-02  5.7800e-03  6.7000e-03  8.5700e-03
  6599.95      1.5152  1.3430e-02  1.3900e-02  5.7600e-03  6.6700e-03  8.5400e-03
  6598.45      1.5155  1.3510e-02  1.3990e-02  5.7300e-03  6.6500e-03  8.5100e-03
  6596.95      1.5159  1.3580e-02  1.4050e-02  5.6900e-03  6.6100e-03  8.4800e-03
  6595.45      1.5162  1.3610e-02  1.4080e-02  5.6600e-03  6.5800e-03  8.4400e-03
  6593.95      1.5165  1.3600e-02  1.4080e-02  5.6300e-03  6.5400e-03  8.4100e-03
  6592.45      1.5169  1.3570e-02  1.4040e-02  5.5800e-03  6.5000e-03  8.3600e-03
  6590.95      1.5172  1.3510e-02  1.3980e-02  5.5400e-03  6.4500e-03  8.3200e-03
  6589.45      1.5176  1.3440e-02  1.3910e-02  5.5100e-03  6.4200e-03  8.2900e-03
  6587.95      1.5179  1.3390e-02  1.3860e-02  5.4800e-03  6.4000e-03  8.2600e-03
  6586.45      1.5183  1.3350e-02  1.3820e-02  5.4700e-03  6.3800e-03  8.2500e-03
  6584.95      1.5186  1.3330e-02  1.3800e-02  5.4700e-03  6.3800e-03  8.2500e-03
  6583.45      1.5190  1.3340e-02  1.3810e-02  5.4800e-03  6.3900e-03  8.2600e-03
  6581.95      1.5193  1.3360e-02  1.3830e-02  5.4800e-03  6.4000e-03  8.2600e-03
  6580.45      1.5197  1.3400e-02  1.3880e-02  5.5000e-03  6.4200e-03  8.2800e-03
  6578.95      1.5200  1.3450e-02  1.3910e-02  5.5200e-03  6.4300e-03  8.3000e-03
  6577.45      1.5203  1.3470e-02  1.3940e-02  5.5400e-03  6.4500e-03  8.3200e-03
  6575.95      1.5207  1.3470e-02  1.3940e-02  5.5500e-03  6.4600e-03  8.3300e-03
  6574.45      1.5210  1.3440e-02  1.3910e-02  5.5500e-03  6.4700e-03  8.3400e-03
  6572.95      1.5214  1.3390e-02  1.3850e-02  5.5500e-03  6.4600e-03  8.3300e-03
  6571.45      1.5217  1.3300e-02  1.3760e-02  5.5400e-03  6.4600e-03  8.3200e-03
  6569.95      1.5221  1.3220e-02  1.3680e-02  5.5300e-03  6.4400e-03  8.3100e-03
  6568.45      1.5224  1.3170e-02  1.3630e-02  5.5200e-03  6.4300e-03  8.3000e-03
  6566.95      1.5228  1.3160e-02  1.3620e-02  5.5000e-03  6.4200e-03  8.2800e-03
  6565.45      1.5231  1.3180e-02  1.3640e-02  5.4900e-03  6.4100e-03  8.2800e-03
  6563.95      1.5235  1.3240e-02  1.3690e-02  5.4800e-03  6.4000e-03  8.2700e-03
  6562.45      1.5238  1.3290e-02  1.3750e-02  5.4800e-03  6.4000e-03  8.2600e-03
  6560.95      1.5242  1.3340e-02  1.3800e-02  5.4800e-03  6.4000e-03  8.2700e-03
  6559.45      1.5245  1.3370e-02  1.3830e-02  5.4900e-03  6.4000e-03  8.2700e-03
  6557.95      1.5249  1.3360e-02  1.3830e-02  5.4900e-03  6.4000e-03  8.2700e-03
  6556.45      1.5252  1.3320e-02  1.3790e-02  5.5000e-03  6.4100e-03  8.2800e-03
  6554.95      1.5256  1.3270e-02  1.3730e-02  5.5000e-03  6.4200e-03  8.2900e-03
  6553.45      1.5259  1.3220e-02  1.3680e-02  5.5200e-03  6.4300e-03  8.3000e-03
  6551.95      1.5263  1.3170e-02  1.3630e-02  5.5200e-03  6.4400e-03  8.3100e-03
  6550.45      1.5266  1.3140e-02  1.3600e-02  5.5300e-03  6.4500e-03  8.3200e-03
  6548.95      1.5270  1.3140e-02  1.3590e-02  5.5300e-03  6.4500e-03  8.3200e-03
  6547.45      1.5273  1.3130e-02  1.3590e-02  5.5300e-03  6.4500e-03  8.3200e-03
  6545.95      1.5277  1.3130e-02  1.3580e-02  5.5300e-03  6.4400e-03  8.3100e-03
  6544.45      1.5280  1.3120e-02  1.3580e-02  5.5200e-03  6.4400e-03  8.3100e-03
  6542.95      1.5284  1.3090e-02  1.3550e-02  5.5000e-03  6.4100e-03  8.2900e-03
  6541.45      1.5287  1.3080e-02  1.3530e-02  5.4800e-03  6.4000e-03  8.2700e-03
  6539.95      1.5291  1.3060e-02  1.3520e-02  5.4500e-03  6.3700e-03  8.2400e-03
  6538.45      1.5294  1.3070e-02  1.3530e-02  5.4400e-03  6.3600e-03  8.2300e-03
  6536.95      1.5298  1.3110e-02  1.3560e-02  5.4300e-03  6.3400e-03  8.2100e-03
  6535.45      1.5301  1.3140e-02  1.3600e-02  5.4200e-03  6.3400e-03  8.2100e-03
  6533.95      1.5305  1.3180e-02  1.3640e-02  5.4100e-03  6.3300e-03  8.2000e-03
  6532.45      1.5308  1.3200e-02  1.3660e-02  5.4200e-03  6.3300e-03  8.2000e-03
  6530.95      1.5312  1.3210e-02  1.3660e-02  5.4200e-03  6.3400e-03  8.2100e-03
  6529.45      1.5315  1.3190e-02  1.3650e-02  5.4400e-03  6.3500e-03  8.2300e-03
  6527.95      1.5319  1.3160e-02  1.3610e-02  5.4500e-03  6.3600e-03  8.2300e-03
  6526.45      1.5322  1.3130e-02  1.3590e-02  5.4600e-03  6.3700e-03  8.2500e-03
  6524.95      1.5326  1.3110e-02  1.3570e-02  5.4600e-03  6.3800e-03  8.2500e-03
  6523.45      1.5329  1.3100e-02  1.3550e-02  5.4800e-03  6.3900e-03  8.2700e-03
  6521.95      1.5333  1.3090e-02  1.3540e-02  5.4900e-03  6.4000e-03  8.2700e-03
  6520.45      1.5336  1.3080e-02  1.3540e-02  5.5000e-03  6.4100e-03  8.2900e-03
  6518.95      1.5340  1.3080e-02  1.3530e-02  5.5000e-03  6.4200e-03  8.2800e-03
  6517.45      1.5343  1.3080e-02  1.3530e-02  5.4900e-03  6.4000e-03  8.2800e-03
  6515.95      1.5347  1.3080e-02  1.3530e-02  5.4700e-03  6.3800e-03  8.2500e-03
  6514.45      1.5350  1.3080e-02  1.3540e-02  5.4500e-03  6.3700e-03  8.2400e-03
  6512.95      1.5354  1.3100e-02  1.3560e-02  5.4300e-03  6.3400e-03  8.2200e-03
  6511.45      1.5358  1.3120e-02  1.3570e-02  5.4100e-03  6.3200e-03  8.2000e-03
  6509.95      1.5361  1.3140e-02  1.3590e-02  5.3800e-03  6.2900e-03  8.1700e-03
  6508.45      1.5365  1.3140e-02  1.3600e-02  5.3500e-03  6.2700e-03  8.1400e-03
  6506.95      1.5368  1.3140e-02  1.3590e-02  5.3300e-03  6.2400e-03  8.1100e-03
  6505.45      1.5372  1.3110e-02  1.3570e-02  5.3200e-03  6.2300e-03  8.1000e-03
  6503.95      1.5375  1.3090e-02  1.3550e-02  5.3200e-03  6.2400e-03  8.1100e-03
  6502.45      1.5379  1.3070e-02  1.3520e-02  5.3300e-03  6.2500e-03  8.1200e-03
  6500.95      1.5382  1.3050e-02  1.3510e-02  5.3400e-03  6.2500e-03  8.1300e-03
  6499.45      1.5386  1.3060e-02  1.3510e-02  5.3500e-03  6.2600e-03  8.1400e-03
  6497.95      1.5389  1.3090e-02  1.3540e-02  5.3600e-03  6.2700e-03  8.1500e-03
  6496.45      1.5393  1.3120e-02  1.3570e-02  5.3700e-03  6.2900e-03  8.1600e-03
  6494.95      1.5397  1.3150e-02  1.3610e-02  5.3800e-03  6.2900e-03  8.1700e-03
  6493.45      1.5400  1.3190e-02  1.3640e-02  5.3800e-03  6.3000e-03  8.1700e-03
  6491.95      1.5404  1.3220e-02  1.3670e-02  5.3800e-03  6.2800e-03  8.1700e-03
  6490.45      1.5407  1.3230e-02  1.3690e-02  5.3600e-03  6.2700e-03  8.1500e-03
  6488.95      1.5411  1.3230e-02  1.3690e-02  5.3300e-03  6.2500e-03  8.1200e-03
  6487.45      1.5414  1.3230e-02  1.3680e-02  5.3100e-03  6.2300e-03  8.1000e-03
  6485.95      1.5418  1.3200e-02  1.3660e-02  5.2800e-03  6.2000e-03  8.0700e-03
  6484.45      1.5422  1.3170e-02  1.3620e-02  5.2600e-03  6.1700e-03  8.0500e-03
  6482.95      1.5425  1.3120e-02  1.3580e-02  5.2400e-03  6.1500e-03  8.0200e-03
  6481.44      1.5429  1.3090e-02  1.3540e-02  5.2100e-03  6.1300e-03  8.0100e-03
  6479.94      1.5432  1.3060e-02  1.3510e-02  5.2000e-03  6.1200e-03  7.9900e-03
  6478.44      1.5436  1.3030e-02  1.3480e-02  5.1900e-03  6.1100e-03  7.9800e-03
  6476.94      1.5439  1.3020e-02  1.3470e-02  5.1900e-03  6.1100e-03  7.9800e-03
  6475.44      1.5443  1.3030e-02  1.3480e-02  5.2100e-03  6.1200e-03  7.9900e-03
  6473.94      1.5447  1.3040e-02  1.3490e-02  5.2100e-03  6.1300e-03  8.0000e-03
  6472.44      1.5450  1.3050e-02  1.3500e-02  5.2400e-03  6.1500e-03  8.0300e-03
  6470.94      1.5454  1.3060e-02  1.3510e-02  5.2500e-03  6.1700e-03  8.0400e-03
  6469.44      1.5457  1.3080e-02  1.3530e-02  5.2700e-03  6.1900e-03  8.0600e-03
  6467.94      1.5461  1.3080e-02  1.3530e-02  5.2900e-03  6.2000e-03  8.0800e-03
  6466.44      1.5464  1.3070e-02  1.3520e-02  5.2900e-03  6.2100e-03  8.0800e-03
  6464.94      1.5468  1.3060e-02  1.3500e-02  5.2900e-03  6.2100e-03  8.0800e-03
  6463.44      1.5472  1.3030e-02  1.3480e-02  5.2900e-03  6.2000e-03  8.0800e-03
  6461.94      1.5475  1.3000e-02  1.3440e-02  5.2700e-03  6.1800e-03  8.0600e-03
  6460.44      1.5479  1.2960e-02  1.3410e-02  5.2500e-03  6.1700e-03  8.0400e-03
  6458.94      1.5482  1.2920e-02  1.3360e-02  5.2200e-03  6.1400e-03  8.0100e-03
  6457.44      1.5486  1.2890e-02  1.3330e-02  5.2000e-03  6.1200e-03  7.9900e-03
  6455.94      1.5490  1.2870e-02  1.3310e-02  5.1800e-03  6.0900e-03  7.9700e-03
  6454.44      1.5493  1.2860e-02  1.3310e-02  5.1500e-03  6.0700e-03  7.9400e-03
  6452.94      1.5497  1.2880e-02  1.3320e-02  5.1400e-03  6.0500e-03  7.9300e-03
  6451.44      1.5500  1.2920e-02  1.3360e-02  5.1200e-03  6.0300e-03  7.9100e-03
  6449.94      1.5504  1.2950e-02  1.3410e-02  5.1100e-03  6.0300e-03  7.9000e-03
  6448.44      1.5508  1.2980e-02  1.3430e-02  5.1000e-03  6.0100e-03  7.8900e-03
  6446.94      1.5511  1.2990e-02  1.3440e-02  5.0900e-03  6.0000e-03  7.8800e-03
  6445.44      1.5515  1.2980e-02  1.3420e-02  5.0700e-03  5.9800e-03  7.8600e-03
  6443.94      1.5518  1.2950e-02  1.3390e-02  5.0600e-03  5.9700e-03  7.8500e-03
  6442.44      1.5522  1.2920e-02  1.3360e-02  5.0500e-03  5.9600e-03  7.8300e-03
  6440.94      1.5526  1.2890e-02  1.3340e-02  5.0400e-03  5.9500e-03  7.8300e-03
  6439.44      1.5529  1.2890e-02  1.3340e-02  5.0400e-03  5.9500e-03  7.8200e-03
  6437.94      1.5533  1.2920e-02  1.3360e-02  5.0400e-03  5.9500e-03  7.8300e-03
  6436.44      1.5537  1.2950e-02  1.3400e-02  5.0500e-03  5.9600e-03  7.8300e-03
  6434.94      1.5540  1.3000e-02  1.3440e-02  5.0600e-03  5.9700e-03  7.8500e-03
  6433.44      1.5544  1.3030e-02  1.3480e-02  5.0700e-03  5.9800e-03  7.8600e-03
  6431.94      1.5547  1.3060e-02  1.3500e-02  5.0900e-03  6.0000e-03  7.8800e-03
  6430.44      1.5551  1.3050e-02  1.3500e-02  5.1100e-03  6.0200e-03  7.9000e-03
  6428.94      1.5555  1.3020e-02  1.3470e-02  5.1300e-03  6.0400e-03  7.9200e-03
  6427.44      1.5558  1.2990e-02  1.3430e-02  5.1400e-03  6.0600e-03  7.9300e-03
  6425.94      1.5562  1.2950e-02  1.3400e-02  5.1600e-03  6.0700e-03  7.9500e-03
  6424.44      1.5566  1.2930e-02  1.3370e-02  5.1800e-03  6.0900e-03  7.9700e-03
  6422.94      1.5569  1.2920e-02  1.3360e-02  5.1800e-03  6.0900e-03  7.9700e-03
  6421.44      1.5573  1.2930e-02  1.3370e-02  5.1800e-03  6.1000e-03  7.9800e-03
  6419.94      1.5576  1.2950e-02  1.3390e-02  5.1900e-03  6.1000e-03  7.9800e-03
  6418.44      1.5580  1.2990e-02  1.3430e-02  5.1900e-03  6.1000e-03  7.9800e-03
  6416.94      1.5584  1.3020e-02  1.3460e-02  5.1900e-03  6.1000e-03  7.9800e-03
  6415.44      1.5587  1.3050e-02  1.3490e-02  5.1900e-03  6.1000e-03  7.9800e-03
  6413.94      1.5591  1.3060e-02  1.3510e-02  5.1900e-03  6.1000e-03  7.9800e-03
  6412.44      1.5595  1.3080e-02  1.3520e-02  5.1900e-03  6.1000e-03  7.9800e-03
  6410.94      1.5598  1.3070e-02  1.3520e-02  5.1900e-03  6.1000e-03  7.9900e-03
  6409.44      1.5602  1.3060e-02  1.3500e-02  5.2000e-03  6.1100e-03  7.9900e-03
  6407.94      1.5606  1.3020e-02  1.3460e-02  5.2100e-03  6.1200e-03  8.0000e-03
  6406.44      1.5609  1.2970e-02  1.3420e-02  5.2100e-03  6.1200e-03  8.0100e-03
  6404.94      1.5613  1.2930e-02  1.3380e-02  5.2200e-03  6.1300e-03  8.0100e-03
  6403.44      1.5617  1.2910e-02  1.3350e-02  5.2200e-03  6.1300e-03  8.0200e-03
  6401.94      1.5620  1.2900e-02  1.3330e-02  5.2200e-03  6.1300e-03  8.0100e-03
  6400.44      1.5624  1.2890e-02  1.3330e-02  5.2000e-03  6.1200e-03  8.0000e-03
  6398.94      1.5628  1.2900e-02  1.3340e-02  5.1800e-03  6.0900e-03  7.9700e-03
  6397.44      1.5631  1.2920e-02  1.3360e-02  5.1400e-03  6.0500e-03  7.9400e-03
  6395.94      1.5635  1.2930e-02  1.3370e-02  5.1100e-03  6.0200e-03  7.9000e-03
  6394.44      1.5639  1.2960e-02  1.3390e-02  5.0600e-03  5.9800e-03  7.8600e-03
  6392.94      1.5642  1.2970e-02  1.3410e-02  5.0200e-03  5.9300e-03  7.8100e-03
  6391.44      1.5646  1.2990e-02  1.3430e-02  4.9800e-03  5.8900e-03  7.7800e-03
  6389.94      1.5650  1.3010e-02  1.3450e-02  4.9500e-03  5.8600e-03  7.7400e-03
  6388.44      1.5653  1.3010e-02  1.3450e-02  4.9200e-03  5.8300e-03  7.7100e-03
  6386.94      1.5657  1.3000e-02  1.3430e-02  4.8900e-03  5.8000e-03  7.6800e-03
  6385.44      1.5661  1.2970e-02  1.3410e-02  4.8900e-03  5.7900e-03  7.6700e-03
  6383.94      1.5664  1.2950e-02  1.3390e-02  4.8800e-03  5.7900e-03  7.6700e-03
  6382.44      1.5668  1.2930e-02  1.3360e-02  4.8800e-03  5.7900e-03  7.6700e-03
  6380.94      1.5672  1.2910e-02  1.3340e-02  4.9000e-03  5.8100e-03  7.6900e-03
  6379.44      1.5675  1.2900e-02  1.3340e-02  4.9300e-03  5.8300e-03  7.7100e-03
  6377.94      1.5679  1.2910e-02  1.3350e-02  4.9500e-03  5.8600e-03  7.7400e-03
  6376.44      1.5683  1.2920e-02  1.3360e-02  4.9800e-03  5.8900e-03  7.7700e-03
  6374.94      1.5686  1.2920e-02  1.3350e-02  5.0100e-03  5.9200e-03  7.8100e-03
  6373.44      1.5690  1.2910e-02  1.3340e-02  5.0500e-03  5.9600e-03  7.8400e-03
  6371.94      1.5694  1.2890e-02  1.3330e-02  5.1000e-03  6.0100e-03  7.8900e-03
  6370.44      1.5698  1.2870e-02  1.3300e-02  5.1400e-03  6.0500e-03  7.9300e-03
  6368.94      1.5701  1.2850e-02  1.3280e-02  5.1600e-03  6.0700e-03  7.9600e-03
  6367.44      1.5705  1.2820e-02  1.3260e-02  5.1700e-03  6.0900e-03  7.9700e-03
  6365.94      1.5709  1.2820e-02  1.3250e-02  5.1700e-03  6.0900e-03  7.9700e-03
  6364.44      1.5712  1.2820e-02  1.3250e-02  5.1600e-03  6.0800e-03  7.9600e-03
  6362.94      1.5716  1.2830e-02  1.3260e-02  5.1600e-03  6.0700e-03  7.9600e-03
  6361.44      1.5720  1.2830e-02  1.3260e-02  5.1300e-03  6.0500e-03  7.9300e-03
  6359.94      1.5723  1.2830e-02  1.3270e-02  5.1100e-03  6.0200e-03  7.9000e-03
  6358.44      1.5727  1.2840e-02  1.3280e-02  5.0700e-03  5.9800e-03  7.8700e-03
  6356.94      1.5731  1.2860e-02  1.3290e-02  5.0300e-03  5.9400e-03  7.8300e-03
  6355.44      1.5735  1.2870e-02  1.3310e-02  5.0000e-03  5.9100e-03  7.8000e-03
  6353.94      1.5738  1.2900e-02  1.3330e-02  4.9700e-03  5.8800e-03  7.7700e-03
  6352.44      1.5742  1.2910e-02  1.3350e-02  4.9400e-03  5.8500e-03  7.7300e-03
  6350.94      1.5746  1.2930e-02  1.3360e-02  4.9100e-03  5.8200e-03  7.7100e-03
  6349.44      1.5749  1.2930e-02  1.3360e-02  4.8900e-03  5.8000e-03  7.6900e-03
  6347.94      1.5753  1.2910e-02  1.3350e-02  4.8700e-03  5.7800e-03  7.6600e-03
  6346.44      1.5757  1.2890e-02  1.3320e-02  4.8500e-03  5.7500e-03  7.6300e-03
  6344.94      1.5761  1.2860e-02  1.3290e-02  4.8200e-03  5.7300e-03  7.6200e-03
  6343.43      1.5764  1.2830e-02  1.3260e-02  4.8100e-03  5.7100e-03  7.6000e-03
  6341.93      1.5768  1.2800e-02  1.3220e-02  4.8000e-03  5.7100e-03  7.5900e-03
  6340.43      1.5772  1.2770e-02  1.3190e-02  4.8000e-03  5.7100e-03  7.5900e-03
  6338.93      1.5776  1.2730e-02  1.3160e-02  4.8000e-03  5.7100e-03  7.5900e-03
  6337.43      1.5779  1.2700e-02  1.3130e-02  4.8000e-03  5.7100e-03  7.6000e-03
  6335.93      1.5783  1.2680e-02  1.3100e-02  4.8100e-03  5.7100e-03  7.6000e-03
  6334.43      1.5787  1.2650e-02  1.3080e-02  4.8200e-03  5.7200e-03  7.6100e-03
  6332.93      1.5790  1.2640e-02  1.3060e-02  4.8200e-03  5.7300e-03  7.6100e-03
  6331.43      1.5794  1.2630e-02  1.3060e-02  4.8400e-03  5.7500e-03  7.6300e-03
  6329.93      1.5798  1.2630e-02  1.3050e-02  4.8600e-03  5.7700e-03  7.6500e-03
  6328.43      1.5802  1.2630e-02  1.3050e-02  4.8700e-03  5.7800e-03  7.6600e-03
  6326.93      1.5805  1.2620e-02  1.3040e-02  4.8800e-03  5.7900e-03  7.6800e-03
  6325.43      1.5809  1.2610e-02  1.3030e-02  4.8900e-03  5.8000e-03  7.6800e-03
  6323.93      1.5813  1.2590e-02  1.3010e-02  4.9000e-03  5.8000e-03  7.6900e-03
  6322.43      1.5817  1.2580e-02  1.3000e-02  4.9000e-03  5.8100e-03  7.6900e-03
  6320.93      1.5820  1.2560e-02  1.2980e-02  4.9100e-03  5.8200e-03  7.7000e-03
  6319.43      1.5824  1.2560e-02  1.2990e-02  4.9100e-03  5.8200e-03  7.7200e-03
  6317.93      1.5828  1.2590e-02  1.3010e-02  4.9200e-03  5.8300e-03  7.7200e-03
  6316.43      1.5832  1.2630e-02  1.3040e-02  4.9200e-03  5.8300e-03  7.7200e-03
  6314.93      1.5835  1.2670e-02  1.3100e-02  4.9200e-03  5.8300e-03  7.7200e-03
  6313.43      1.5839  1.2730e-02  1.3150e-02  4.9200e-03  5.8200e-03  7.7100e-03
  6311.93      1.5843  1.2780e-02  1.3210e-02  4.9200e-03  5.8300e-03  7.7100e-03
  6310.43      1.5847  1.2830e-02  1.3250e-02  4.9200e-03  5.8300e-03  7.7200e-03
  6308.93      1.5851  1.2850e-02  1.3280e-02  4.9200e-03  5.8300e-03  7.7200e-03
  6307.43      1.5854  1.2850e-02  1.3280e-02  4.9200e-03  5.8300e-03  7.7200e-03
  6305.93      1.5858  1.2850e-02  1.3270e-02  4.9100e-03  5.8100e-03  7.7000e-03
  6304.43      1.5862  1.2820e-02  1.3240e-02  4.9000e-03  5.8100e-03  7.7000e-03
  6302.93      1.5866  1.2780e-02  1.3210e-02  4.8900e-03  5.8000e-03  7.6800e-03
  6301.43      1.5869  1.2750e-02  1.3170e-02  4.8800e-03  5.7900e-03  7.6800e-03
  6299.93      1.5873  1.2730e-02  1.3140e-02  4.8700e-03  5.7700e-03  7.6600e-03
  6298.43      1.5877  1.2710e-02  1.3130e-02  4.8600e-03  5.7600e-03  7.6500e-03
  6296.93      1.5881  1.2690e-02  1.3110e-02  4.8300e-03  5.7400e-03  7.6300e-03
  6295.43      1.5885  1.2690e-02  1.3110e-02  4.8200e-03  5.7300e-03  7.6200e-03
  6293.93      1.5888  1.2690e-02  1.3110e-02  4.8000e-03  5.7100e-03  7.6000e-03
  6292.43      1.5892  1.2680e-02  1.3100e-02  4.8000e-03  5.7000e-03  7.5900e-03
  6290.93      1.5896  1.2660e-02  1.3090e-02  4.7900e-03  5.7000e-03  7.5900e-03
  6289.43      1.5900  1.2640e-02  1.3060e-02  4.7900e-03  5.6900e-03  7.5800e-03
  6287.93      1.5903  1.2630e-02  1.3050e-02  4.7800e-03  5.6900e-03  7.5800e-03
  6286.43      1.5907  1.2610e-02  1.3030e-02  4.7900e-03  5.6900e-03  7.5800e-03
  6284.93      1.5911  1.2610e-02  1.3030e-02  4.7900e-03  5.7000e-03  7.5900e-03
  6283.43      1.5915  1.2620e-02  1.3030e-02  4.8100e-03  5.7200e-03  7.6100e-03
  6281.93      1.5919  1.2620e-02  1.3040e-02  4.8200e-03  5.7300e-03  7.6200e-03
  6280.43      1.5922  1.2620e-02  1.3040e-02  4.8300e-03  5.7400e-03  7.6300e-03
  6278.93      1.5926  1.2600e-02  1.3020e-02  4.8300e-03  5.7400e-03  7.6300e-03
  6277.43      1.5930  1.2560e-02  1.2970e-02  4.8300e-03  5.7400e-03  7.6300e-03
  6275.93      1.5934  1.2520e-02  1.2930e-02  4.8300e-03  5.7400e-03  7.6300e-03
  6274.43      1.5938  1.2480e-02  1.2890e-02  4.8300e-03  5.7400e-03  7.6300e-03
  6272.93      1.5942  1.2450e-02  1.2870e-02  4.8200e-03  5.7300e-03  7.6200e-03
  6271.43      1.5945  1.2450e-02  1.2860e-02  4.8200e-03  5.7200e-03  7.6200e-03
  6269.93      1.5949  1.2460e-02  1.2870e-02  4.8000e-03  5.7000e-03  7.6000e-03
  6268.43      1.5953  1.2470e-02  1.2880e-02  4.7900e-03  5.6900e-03  7.5800e-03
  6266.93      1.5957  1.2480e-02  1.2890e-02  4.7600e-03  5.6700e-03  7.5600e-03
  6265.43      1.5961  1.2490e-02  1.2910e-02  4.7500e-03  5.6600e-03  7.5500e-03
  6263.93      1.5964  1.2500e-02  1.2910e-02  4.7300e-03  5.6400e-03  7.5300e-03
  6262.43      1.5968  1.2520e-02  1.2940e-02  4.7100e-03  5.6200e-03  7.5100e-03
  6260.93      1.5972  1.2540e-02  1.2960e-02  4.7000e-03  5.6000e-03  7.4900e-03
  6259.43      1.5976  1.2570e-02  1.2990e-02  4.6700e-03  5.5800e-03  7.4700e-03
  6257.93      1.5980  1.2600e-02  1.3020e-02  4.6500e-03  5.5500e-03  7.4400e-03
  6256.43      1.5984  1.2630e-02  1.3040e-02  4.6200e-03  5.5300e-03  7.4200e-03
  6254.93      1.5987  1.2640e-02  1.3060e-02  4.6100e-03  5.5100e-03  7.4000e-03
  6253.43      1.5991  1.2650e-02  1.3060e-02  4.5900e-03  5.4900e-03  7.3800e-03
  6251.93      1.5995  1.2660e-02  1.3070e-02  4.5700e-03  5.4800e-03  7.3700e-03
  6250.43      1.5999  1.2660e-02  1.3080e-02  4.5700e-03  5.4700e-03  7.3600e-03
  6248.93      1.6003  1.2670e-02  1.3090e-02  4.5500e-03  5.4600e-03  7.3500e-03
  6247.43      1.6007  1.2680e-02  1.3090e-02  4.5500e-03  5.4600e-03  7.3500e-03
  6245.93      1.6010  1.2680e-02  1.3090e-02  4.5500e-03  5.4600e-03  7.3500e-03
  6244.43      1.6014  1.2680e-02  1.3090e-02  4.5500e-03  5.4600e-03  7.3500e-03
  6242.93      1.6018  1.2670e-02  1.3080e-02  4.5500e-03  5.4600e-03  7.3500e-03
  6241.43      1.6022  1.2650e-02  1.3070e-02  4.5500e-03  5.4600e-03  7.3500e-03
  6239.93      1.6026  1.2630e-02  1.3040e-02  4.5500e-03  5.4600e-03  7.3500e-03
  6238.43      1.6030  1.2600e-02  1.3010e-02  4.5500e-03  5.4600e-03  7.3500e-03
  6236.93      1.6034  1.2580e-02  1.3000e-02  4.5600e-03  5.4600e-03  7.3500e-03
  6235.43      1.6037  1.2560e-02  1.2970e-02  4.5600e-03  5.4600e-03  7.3500e-03
  6233.93      1.6041  1.2560e-02  1.2970e-02  4.5500e-03  5.4600e-03  7.3500e-03
  6232.43      1.6045  1.2560e-02  1.2960e-02  4.5500e-03  5.4500e-03  7.3400e-03
  6230.93      1.6049  1.2570e-02  1.2980e-02  4.5400e-03  5.4400e-03  7.3300e-03
  6229.43      1.6053  1.2600e-02  1.3000e-02  4.5300e-03  5.4300e-03  7.3200e-03
  6227.93      1.6057  1.2610e-02  1.3030e-02  4.5200e-03  5.4200e-03  7.3100e-03
  6226.43      1.6061  1.2630e-02  1.3040e-02  4.5000e-03  5.4000e-03  7.2900e-03
  6224.93      1.6064  1.2640e-02  1.3050e-02  4.4700e-03  5.3700e-03  7.2600e-03
  6223.43      1.6068  1.2620e-02  1.3040e-02  4.4500e-03  5.3500e-03  7.2400e-03
  6221.93      1.6072  1.2600e-02  1.3010e-02  4.4100e-03  5.3100e-03  7.2000e-03
  6220.43      1.6076  1.2560e-02  1.2960e-02  4.3800e-03  5.2800e-03  7.1700e-03
  6218.93      1.6080  1.2520e-02  1.2920e-02  4.3500e-03  5.2500e-03  7.1400e-03
  6217.43      1.6084  1.2480e-02  1.2890e-02  4.3400e-03  5.2400e-03  7.1300e-03
  6215.93      1.6088  1.2450e-02  1.2860e-02  4.3200e-03  5.2200e-03  7.1100e-03
  6214.43      1.6092  1.2450e-02  1.2850e-02  4.3200e-03  5.2200e-03  7.1000e-03
  6212.92      1.6095  1.2460e-02  1.2860e-02  4.3100e-03  5.2100e-03  7.1000e-03
  6211.42      1.6099  1.2480e-02  1.2880e-02  4.3300e-03  5.2300e-03  7.1100e-03
  6209.92      1.6103  1.2510e-02  1.2910e-02  4.3400e-03  5.2400e-03  7.1300e-03
  6208.42      1.6107  1.2540e-02  1.2940e-02  4.3600e-03  5.2600e-03  7.1500e-03
  6206.92      1.6111  1.2550e-02  1.2950e-02  4.3900e-03  5.2900e-03  7.1800e-03
  6205.42      1.6115  1.2540e-02  1.2950e-02  4.4200e-03  5.3200e-03  7.2100e-03
  6203.92      1.6119  1.2510e-02  1.2920e-02  4.4300e-03  5.3300e-03  7.2200e-03
  6202.42      1.6123  1.2460e-02  1.2870e-02  4.4500e-03  5.3500e-03  7.2400e-03
  6200.92      1.6127  1.2420e-02  1.2810e-02  4.4500e-03  5.3500e-03  7.2500e-03
  6199.42      1.6131  1.2370e-02  1.2770e-02  4.4500e-03  5.3500e-03  7.2400e-03
  6197.92      1.6134  1.2340e-02  1.2740e-02  4.4500e-03  5.3500e-03  7.2400e-03
  6196.42      1.6138  1.2340e-02  1.2740e-02  4.4200e-03  5.3200e-03  7.2100e-03
  6194.92      1.6142  1.2360e-02  1.2760e-02  4.4000e-03  5.3000e-03  7.1900e-03
  6193.42      1.6146  1.2380e-02  1.2780e-02  4.3800e-03  5.2800e-03  7.1700e-03
  6191.92      1.6150  1.2400e-02  1.2800e-02  4.3600e-03  5.2500e-03  7.1400e-03
  6190.42      1.6154  1.2410e-02  1.2810e-02  4.3400e-03  5.2400e-03  7.1400e-03
  6188.92      1.6158  1.2400e-02  1.2800e-02  4.3300e-03  5.2300e-03  7.1200e-03
  6187.42      1.6162  1.2390e-02  1.2790e-02  4.3200e-03  5.2200e-03  7.1100e-03
  6185.92      1.6166  1.2360e-02  1.2760e-02  4.3000e-03  5.2000e-03  7.0900e-03
  6184.42      1.6170  1.2330e-02  1.2730e-02  4.3000e-03  5.1900e-03  7.0900e-03
  6182.92      1.6174  1.2310e-02  1.2710e-02  4.2900e-03  5.1900e-03  7.0800e-03
  6181.42      1.6178  1.2290e-02  1.2690e-02  4.2800e-03  5.1700e-03  7.0600e-03
  6179.92      1.6181  1.2280e-02  1.2680e-02  4.2700e-03  5.1600e-03  7.0600e-03
  6178.42      1.6185  1.2280e-02  1.2670e-02  4.2500e-03  5.1500e-03  7.0400e-03
  6176.92      1.6189  1.2280e-02  1.2680e-02  4.2500e-03  5.1400e-03  7.0300e-03
  6175.42      1.6193  1.2290e-02  1.2680e-02  4.2400e-03  5.1400e-03  7.0300e-03
  6173.92      1.6197  1.2290e-02  1.2690e-02  4.2500e-03  5.1400e-03  7.0300e-03
  6172.42      1.6201  1.2300e-02  1.2690e-02  4.2600e-03  5.1600e-03  7.0500e-03
  6170.92      1.6205  1.2300e-02  1.2680e-02  4.2800e-03  5.1700e-03  7.0600e-03
  6169.42      1.6209  1.2280e-02  1.2670e-02  4.3000e-03  5.2000e-03  7.0900e-03
  6167.92      1.6213  1.2250e-02  1.2640e-02  4.3300e-03  5.2300e-03  7.1200e-03
  6166.42      1.6217  1.2240e-02  1.2630e-02  4.3600e-03  5.2600e-03  7.1500e-03
  6164.92      1.6221  1.2240e-02  1.2630e-02  4.3800e-03  5.2800e-03  7.1700e-03
  6163.42      1.6225  1.2250e-02  1.2640e-02  4.3800e-03  5.2800e-03  7.1700e-03
  6161.92      1.6229  1.2270e-02  1.2660e-02  4.3700e-03  5.2700e-03  7.1600e-03
  6160.42      1.6233  1.2300e-02  1.2690e-02  4.3500e-03  5.2500e-03  7.1400e-03
  6158.92      1.6237  1.2320e-02  1.2710e-02  4.3200e-03  5.2200e-03  7.1200e-03
  6157.42      1.6241  1.2330e-02  1.2720e-02  4.2900e-03  5.1900e-03  7.0800e-03
  6155.92      1.6245  1.2320e-02  1.2720e-02  4.2600e-03  5.1600e-03  7.0500e-03
  6154.42      1.6248  1.2310e-02  1.2710e-02  4.2200e-03  5.1200e-03  7.0100e-03
  6152.92      1.6252  1.2310e-02  1.2700e-02  4.1900e-03  5.0800e-03  6.9800e-03
  6151.42      1.6256  1.2300e-02  1.2690e-02  4.1600e-03  5.0500e-03  6.9500e-03
  6149.92      1.6260  1.2310e-02  1.2700e-02  4.1500e-03  5.0400e-03  6.9400e-03
  6148.42      1.6264  1.2320e-02  1.2710e-02  4.1400e-03  5.0300e-03  6.9200e-03
  6146.92      1.6268  1.2330e-02  1.2730e-02  4.1400e-03  5.0300e-03  6.9200e-03
  6145.42      1.6272  1.2350e-02  1.2740e-02  4.1400e-03  5.0300e-03  6.9200e-03
  6143.92      1.6276  1.2350e-02  1.2740e-02  4.1500e-03  5.0300e-03  6.9300e-03
  6142.42      1.6280  1.2340e-02  1.2740e-02  4.1500e-03  5.0500e-03  6.9400e-03
  6140.92      1.6284  1.2320e-02  1.2710e-02  4.1600e-03  5.0600e-03  6.9500e-03
  6139.42      1.6288  1.2300e-02  1.2680e-02  4.1700e-03  5.0600e-03  6.9600e-03
  6137.92      1.6292  1.2260e-02  1.2650e-02  4.1800e-03  5.0700e-03  6.9600e-03
  6136.42      1.6296  1.2230e-02  1.2620e-02  4.1800e-03  5.0800e-03  6.9700e-03
  6134.92      1.6300  1.2210e-02  1.2600e-02  4.1900e-03  5.0900e-03  6.9800e-03
  6133.42      1.6304  1.2200e-02  1.2580e-02  4.2000e-03  5.0900e-03  6.9900e-03
  6131.92      1.6308  1.2180e-02  1.2570e-02  4.2100e-03  5.1000e-03  7.0000e-03
  6130.42      1.6312  1.2170e-02  1.2560e-02  4.2100e-03  5.1100e-03  7.0000e-03
  6128.92      1.6316  1.2170e-02  1.2550e-02  4.2200e-03  5.1100e-03  7.0000e-03
  6127.42      1.6320  1.2160e-02  1.2540e-02  4.2300e-03  5.1200e-03  7.0200e-03
  6125.92      1.6324  1.2150e-02  1.2530e-02  4.2400e-03  5.1300e-03  7.0200e-03
  6124.42      1.6328  1.2140e-02  1.2520e-02  4.2600e-03  5.1500e-03  7.0400e-03
  6122.92      1.6332  1.2140e-02  1.2520e-02  4.2600e-03  5.1600e-03  7.0500e-03
  6121.42      1.6336  1.2140e-02  1.2520e-02  4.2700e-03  5.1600e-03  7.0600e-03
  6119.92      1.6340  1.2140e-02  1.2520e-02  4.2700e-03  5.1600e-03  7.0600e-03
  6118.42      1.6344  1.2140e-02  1.2520e-02  4.2600e-03  5.1500e-03  7.0500e-03
  6116.92      1.6348  1.2140e-02  1.2510e-02  4.2600e-03  5.1500e-03  7.0400e-03
  6115.42      1.6352  1.2120e-02  1.2500e-02  4.2400e-03  5.1300e-03  7.0300e-03
  6113.92      1.6356  1.2100e-02  1.2480e-02  4.2200e-03  5.1100e-03  7.0100e-03
  6112.42      1.6360  1.2100e-02  1.2480e-02  4.2000e-03  5.0900e-03  6.9900e-03
  6110.92      1.6364  1.2100e-02  1.2480e-02  4.1600e-03  5.0500e-03  6.9500e-03
  6109.42      1.6368  1.2110e-02  1.2490e-02  4.1300e-03  5.0300e-03  6.9200e-03
  6107.92      1.6372  1.2140e-02  1.2510e-02  4.1100e-03  5.0000e-03  6.9000e-03
  6106.42      1.6376  1.2160e-02  1.2540e-02  4.1000e-03  4.9900e-03  6.8800e-03
  6104.92      1.6380  1.2180e-02  1.2560e-02  4.0800e-03  4.9800e-03  6.8700e-03
  6103.42      1.6384  1.2190e-02  1.2570e-02  4.0800e-03  4.9700e-03  6.8600e-03
  6101.92      1.6388  1.2180e-02  1.2560e-02  4.0700e-03  4.9600e-03  6.8600e-03
  6100.42      1.6392  1.2160e-02  1.2540e-02  4.0700e-03  4.9600e-03  6.8500e-03
  6098.92      1.6396  1.2140e-02  1.2520e-02  4.0700e-03  4.9600e-03  6.8500e-03
  6097.42      1.6400  1.2120e-02  1.2500e-02  4.0800e-03  4.9700e-03  6.8600e-03
  6095.92      1.6404  1.2120e-02  1.2490e-02  4.0800e-03  4.9800e-03  6.8700e-03
  6094.42      1.6408  1.2110e-02  1.2490e-02  4.1000e-03  4.9900e-03  6.8900e-03
  6092.92      1.6413  1.2110e-02  1.2480e-02  4.1100e-03  5.0000e-03  6.8900e-03
  6091.42      1.6417  1.2100e-02  1.2480e-02  4.1100e-03  5.0000e-03  6.8900e-03
  6089.92      1.6421  1.2080e-02  1.2460e-02  4.1000e-03  4.9900e-03  6.8800e-03
  6088.42      1.6425  1.2070e-02  1.2450e-02  4.1000e-03  4.9800e-03  6.8800e-03
  6086.92      1.6429  1.2050e-02  1.2430e-02  4.0800e-03  4.9700e-03  6.8700e-03
  6085.42      1.6433  1.2050e-02  1.2420e-02  4.0800e-03  4.9700e-03  6.8600e-03
  6083.92      1.6437  1.2050e-02  1.2420e-02  4.0600e-03  4.9500e-03  6.8400e-03
  6082.42      1.6441  1.2060e-02  1.2430e-02  4.0300e-03  4.9200e-03  6.8200e-03
  6080.92      1.6445  1.2080e-02  1.2450e-02  4.0100e-03  4.9000e-03  6.7900e-03
  6079.42      1.6449  1.2090e-02  1.2470e-02  3.9900e-03  4.8700e-03  6.7800e-03
  6077.92      1.6453  1.2100e-02  1.2470e-02  3.9800e-03  4.8700e-03  6.7600e-03
  6076.42      1.6457  1.2100e-02  1.2480e-02  3.9700e-03  4.8600e-03  6.7500e-03
  6074.91      1.6461  1.2120e-02  1.2500e-02  3.9700e-03  4.8500e-03  6.7500e-03
  6073.41      1.6465  1.2140e-02  1.2510e-02  3.9500e-03  4.8400e-03  6.7300e-03
  6071.91      1.6469  1.2140e-02  1.2520e-02  3.9400e-03  4.8300e-03  6.7200e-03
  6070.41      1.6473  1.2140e-02  1.2510e-02  3.9200e-03  4.8000e-03  6.7000e-03
  6068.91      1.6477  1.2120e-02  1.2490e-02  3.9100e-03  4.7900e-03  6.6900e-03
  6067.41      1.6481  1.2090e-02  1.2460e-02  3.8800e-03  4.7700e-03  6.6600e-03
  6065.91      1.6486  1.2040e-02  1.2410e-02  3.8600e-03  4.7500e-03  6.6400e-03
  6064.41      1.6490  1.1990e-02  1.2360e-02  3.8300e-03  4.7200e-03  6.6100e-03
  6062.91      1.6494  1.1940e-02  1.2300e-02  3.8100e-03  4.6900e-03  6.5900e-03
  6061.41      1.6498  1.1890e-02  1.2250e-02  3.7900e-03  4.6800e-03  6.5700e-03
  6059.91      1.6502  1.1820e-02  1.2190e-02  3.7800e-03  4.6600e-03  6.5600e-03
  6058.41      1.6506  1.1770e-02  1.2130e-02  3.7800e-03  4.6600e-03  6.5500e-03
  6056.91      1.6510  1.1730e-02  1.2080e-02  3.7800e-03  4.6600e-03  6.5500e-03
  6055.41      1.6514  1.1700e-02  1.2060e-02  3.7800e-03  4.6600e-03  6.5600e-03
  6053.91      1.6518  1.1690e-02  1.2050e-02  3.7900e-03  4.6800e-03  6.5700e-03
  6052.41      1.6522  1.1700e-02  1.2060e-02  3.8200e-03  4.6900e-03  6.5800e-03
  6050.91      1.6526  1.1730e-02  1.2090e-02  3.8300e-03  4.7100e-03  6.6100e-03
  6049.41      1.6531  1.1760e-02  1.2120e-02  3.8500e-03  4.7400e-03  6.6300e-03
  6047.91      1.6535  1.1790e-02  1.2140e-02  3.8600e-03  4.7500e-03  6.6400e-03
  6046.41      1.6539  1.1810e-02  1.2170e-02  3.8800e-03  4.7600e-03  6.6600e-03
  6044.91      1.6543  1.1820e-02  1.2170e-02  3.8900e-03  4.7700e-03  6.6700e-03
  6043.41      1.6547  1.1830e-02  1.2190e-02  3.9000e-03  4.7800e-03  6.6700e-03
  6041.91      1.6551  1.1840e-02  1.2190e-02  3.9000e-03  4.7800e-03  6.6700e-03
  6040.41      1.6555  1.1860e-02  1.2220e-02  3.8900e-03  4.7800e-03  6.6700e-03
  6038.91      1.6559  1.1880e-02  1.2240e-02  3.8900e-03  4.7700e-03  6.6600e-03
  6037.41      1.6563  1.1900e-02  1.2260e-02  3.8700e-03  4.7600e-03  6.6500e-03
  6035.91      1.6568  1.1930e-02  1.2290e-02  3.8600e-03  4.7500e-03  6.6400e-03
  6034.41      1.6572  1.1940e-02  1.2300e-02  3.8600e-03  4.7400e-03  6.6400e-03
  6032.91      1.6576  1.1940e-02  1.2300e-02  3.8600e-03  4.7400e-03  6.6400e-03
  6031.41      1.6580  1.1930e-02  1.2290e-02  3.8600e-03  4.7400e-03  6.6400e-03
  6029.91      1.6584  1.1900e-02  1.2250e-02  3.8600e-03  4.7500e-03  6.6400e-03
  6028.41      1.6588  1.1860e-02  1.2220e-02  3.8600e-03  4.7400e-03  6.6400e-03
  6026.91      1.6592  1.1800e-02  1.2160e-02  3.8500e-03  4.7300e-03  6.6300e-03
  6025.41      1.6596  1.1760e-02  1.2110e-02  3.8400e-03  4.7200e-03  6.6200e-03
  6023.91      1.6601  1.1720e-02  1.2080e-02  3.8100e-03  4.6900e-03  6.5900e-03
  6022.41      1.6605  1.1700e-02  1.2050e-02  3.7800e-03  4.6600e-03  6.5600e-03
  6020.91      1.6609  1.1690e-02  1.2040e-02  3.7500e-03  4.6300e-03  6.5200e-03
  6019.41      1.6613  1.1680e-02  1.2040e-02  3.7100e-03  4.5800e-03  6.4800e-03
  6017.91      1.6617  1.1680e-02  1.2030e-02  3.6600e-03  4.5500e-03  6.4300e-03
  6016.41      1.6621  1.1680e-02  1.2030e-02  3.6300e-03  4.5100e-03  6.4000e-03
  6014.91      1.6625  1.1680e-02  1.2030e-02  3.6200e-03  4.5000e-03  6.3900e-03
  6013.41      1.6629  1.1670e-02  1.2020e-02  3.6100e-03  4.4800e-03  6.3800e-03
  6011.91      1.6634  1.1660e-02  1.2010e-02  3.6100e-03  4.4800e-03  6.3800e-03
  6010.41      1.6638  1.1650e-02  1.2000e-02  3.6200e-03  4.5000e-03  6.3900e-03
  6008.91      1.6642  1.1640e-02  1.1990e-02  3.6400e-03  4.5200e-03  6.4100e-03
  6007.41      1.6646  1.1620e-02  1.1970e-02  3.6500e-03  4.5300e-03  6.4200e-03
  6005.91      1.6650  1.1600e-02  1.1950e-02  3.6700e-03  4.5400e-03  6.4400e-03
  6004.41      1.6654  1.1590e-02  1.1940e-02  3.6700e-03  4.5500e-03  6.4400e-03
  6002.91      1.6659  1.1580e-02  1.1930e-02  3.6800e-03  4.5600e-03  6.4500e-03
  6001.41      1.6663  1.1580e-02  1.1930e-02  3.6800e-03  4.5600e-03  6.4500e-03
  5999.91      1.6667  1.1600e-02  1.1940e-02  3.6800e-03  4.5500e-03  6.4500e-03
  5998.41      1.6671  1.1620e-02  1.1970e-02  3.6700e-03  4.5500e-03  6.4400e-03
  5996.91      1.6675  1.1650e-02  1.2000e-02  3.6500e-03  4.5300e-03  6.4200e-03
  5995.41      1.6679  1.1680e-02  1.2030e-02  3.6300e-03  4.5100e-03  6.4000e-03
  5993.91      1.6684  1.1710e-02  1.2060e-02  3.6300e-03  4.5100e-03  6.4000e-03
  5992.41      1.6688  1.1740e-02  1.2090e-02  3.6200e-03  4.5000e-03  6.3900e-03
  5990.91      1.6692  1.1750e-02  1.2090e-02  3.6200e-03  4.5000e-03  6.3900e-03
  5989.41      1.6696  1.1740e-02  1.2080e-02  3.6200e-03  4.5000e-03  6.3900e-03
  5987.91      1.6700  1.1720e-02  1.2070e-02  3.6200e-03  4.5000e-03  6.3900e-03
  5986.41      1.6705  1.1700e-02  1.2040e-02  3.6300e-03  4.5000e-03  6.4000e-03
  5984.91      1.6709  1.1670e-02  1.2020e-02  3.6400e-03  4.5100e-03  6.4000e-03
  5983.41      1.6713  1.1670e-02  1.2010e-02  3.6600e-03  4.5300e-03  6.4200e-03
  5981.91      1.6717  1.1670e-02  1.2010e-02  3.6800e-03  4.5500e-03  6.4400e-03
  5980.41      1.6721  1.1680e-02  1.2020e-02  3.6900e-03  4.5600e-03  6.4500e-03
  5978.91      1.6725  1.1690e-02  1.2030e-02  3.7000e-03  4.5700e-03  6.4700e-03
  5977.41      1.6730  1.1700e-02  1.2040e-02  3.7000e-03  4.5800e-03  6.4700e-03
  5975.91      1.6734  1.1720e-02  1.2060e-02  3.7100e-03  4.5800e-03  6.4700e-03
  5974.41      1.6738  1.1730e-02  1.2070e-02  3.7000e-03  4.5800e-03  6.4700e-03
  5972.91      1.6742  1.1740e-02  1.2080e-02  3.7000e-03  4.5700e-03  6.4700e-03
  5971.41      1.6746  1.1740e-02  1.2080e-02  3.6900e-03  4.5700e-03  6.4600e-03
  5969.91      1.6751  1.1730e-02  1.2070e-02  3.6700e-03  4.5500e-03  6.4400e-03
  5968.41      1.6755  1.1730e-02  1.2070e-02  3.6500e-03  4.5200e-03  6.4200e-03
  5966.91      1.6759  1.1720e-02  1.2060e-02  3.6300e-03  4.5100e-03  6.4000e-03
  5965.41      1.6763  1.1710e-02  1.2050e-02  3.6200e-03  4.4900e-03  6.3800e-03
  5963.91      1.6768  1.1700e-02  1.2040e-02  3.6100e-03  4.4900e-03  6.3800e-03
  5962.41      1.6772  1.1680e-02  1.2020e-02  3.6100e-03  4.4800e-03  6.3700e-03
  5960.91      1.6776  1.1660e-02  1.2000e-02  3.6000e-03  4.4800e-03  6.3700e-03
  5959.41      1.6780  1.1630e-02  1.1970e-02  3.6000e-03  4.4700e-03  6.3600e-03
  5957.91      1.6784  1.1600e-02  1.1930e-02  3.5900e-03  4.4700e-03  6.3600e-03
  5956.41      1.6789  1.1560e-02  1.1900e-02  3.6000e-03  4.4700e-03  6.3600e-03
  5954.91      1.6793  1.1530e-02  1.1860e-02  3.6100e-03  4.4800e-03  6.3800e-03
  5953.41      1.6797  1.1510e-02  1.1850e-02  3.6200e-03  4.4900e-03  6.3800e-03
  5951.91      1.6801  1.1520e-02  1.1850e-02  3.6200e-03  4.4900e-03  6.3800e-03
  5950.41      1.6806  1.1530e-02  1.1860e-02  3.6200e-03  4.4900e-03  6.3800e-03
  5948.91      1.6810  1.1560e-02  1.1890e-02  3.6200e-03  4.4900e-03  6.3800e-03
  5947.41      1.6814  1.1590e-02  1.1920e-02  3.6100e-03  4.4900e-03  6.3800e-03
  5945.91      1.6818  1.1620e-02  1.1950e-02  3.6100e-03  4.4900e-03  6.3800e-03
  5944.40      1.6823  1.1640e-02  1.1970e-02  3.6100e-03  4.4800e-03  6.3800e-03
  5942.90      1.6827  1.1660e-02  1.2000e-02  3.6100e-03  4.4800e-03  6.3700e-03
  5941.40      1.6831  1.1690e-02  1.2030e-02  3.5900e-03  4.4600e-03  6.3600e-03
  5939.90      1.6835  1.1710e-02  1.2050e-02  3.5800e-03  4.4500e-03  6.3500e-03
  5938.40      1.6840  1.1730e-02  1.2070e-02  3.5600e-03  4.4300e-03  6.3300e-03
  5936.90      1.6844  1.1740e-02  1.2070e-02  3.5500e-03  4.4100e-03  6.3100e-03
  5935.40      1.6848  1.1720e-02  1.2050e-02  3.5100e-03  4.3800e-03  6.2800e-03
  5933.90      1.6852  1.1680e-02  1.2020e-02  3.4800e-03  4.3500e-03  6.2500e-03
  5932.40      1.6857  1.1630e-02  1.1970e-02  3.4500e-03  4.3200e-03  6.2100e-03
  5930.90      1.6861  1.1590e-02  1.1910e-02  3.4100e-03  4.2800e-03  6.1700e-03
  5929.40      1.6865  1.1540e-02  1.1880e-02  3.3600e-03  4.2300e-03  6.1200e-03
  5927.90      1.6869  1.1510e-02  1.1840e-02  3.3100e-03  4.1800e-03  6.0700e-03
  5926.40      1.6874  1.1490e-02  1.1810e-02  3.2800e-03  4.1400e-03  6.0300e-03
  5924.90      1.6878  1.1460e-02  1.1780e-02  3.2500e-03  4.1100e-03  6.0000e-03
  5923.40      1.6882  1.1430e-02  1.1750e-02  3.2200e-03  4.0800e-03  5.9700e-03
  5921.90      1.6886  1.1390e-02  1.1710e-02  3.2000e-03  4.0600e-03  5.9500e-03
  5920.40      1.6891  1.1340e-02  1.1660e-02  3.1900e-03  4.0600e-03  5.9500e-03
  5918.90      1.6895  1.1300e-02  1.1620e-02  3.2000e-03  4.0600e-03  5.9500e-03
  5917.40      1.6899  1.1280e-02  1.1600e-02  3.2100e-03  4.0700e-03  5.9600e-03
  5915.90      1.6904  1.1290e-02  1.1600e-02  3.2400e-03  4.1000e-03  5.9900e-03
  5914.40      1.6908  1.1310e-02  1.1620e-02  3.2700e-03  4.1300e-03  6.0200e-03
  5912.90      1.6912  1.1340e-02  1.1660e-02  3.3000e-03  4.1600e-03  6.0500e-03
  5911.40      1.6916  1.1380e-02  1.1710e-02  3.3300e-03  4.1900e-03  6.0800e-03
  5909.90      1.6921  1.1420e-02  1.1740e-02  3.3600e-03  4.2100e-03  6.1000e-03
  5908.40      1.6925  1.1460e-02  1.1770e-02  3.3800e-03  4.2400e-03  6.1300e-03
  5906.90      1.6929  1.1480e-02  1.1800e-02  3.3900e-03  4.2600e-03  6.1500e-03
  5905.40      1.6934  1.1510e-02  1.1830e-02  3.4100e-03  4.2800e-03  6.1700e-03
  5903.90      1.6938  1.1540e-02  1.1860e-02  3.4200e-03  4.2800e-03  6.1700e-03
  5902.40      1.6942  1.1550e-02  1.1870e-02  3.4100e-03  4.2800e-03  6.1700e-03
  5900.90      1.6947  1.1550e-02  1.1880e-02  3.4000e-03  4.2600e-03  6.1500e-03
  5899.40      1.6951  1.1550e-02  1.1860e-02  3.3900e-03  4.2500e-03  6.1400e-03
  5897.90      1.6955  1.1520e-02  1.1830e-02  3.3700e-03  4.2400e-03  6.1300e-03
  5896.40      1.6959  1.1480e-02  1.1800e-02  3.3700e-03  4.2300e-03  6.1200e-03
  5894.90      1.6964  1.1450e-02  1.1770e-02  3.3500e-03  4.2100e-03  6.1000e-03
  5893.40      1.6968  1.1440e-02  1.1750e-02  3.3400e-03  4.2000e-03  6.0900e-03
  5891.90      1.6972  1.1430e-02  1.1750e-02  3.3200e-03  4.1800e-03  6.0700e-03
  5890.40      1.6977  1.1440e-02  1.1760e-02  3.3100e-03  4.1700e-03  6.0600e-03
  5888.90      1.6981  1.1460e-02  1.1770e-02  3.2900e-03  4.1500e-03  6.0400e-03
  5887.40      1.6985  1.1480e-02  1.1800e-02  3.2700e-03  4.1300e-03  6.0200e-03
  5885.90      1.6990  1.1490e-02  1.1810e-02  3.2600e-03  4.1200e-03  6.0100e-03
  5884.40      1.6994  1.1500e-02  1.1820e-02  3.2400e-03  4.1000e-03  5.9900e-03
  5882.90      1.6998  1.1500e-02  1.1820e-02  3.2200e-03  4.0800e-03  5.9700e-03
  5881.40      1.7003  1.1510e-02  1.1820e-02  3.1900e-03  4.0500e-03  5.9400e-03
  5879.90      1.7007  1.1500e-02  1.1820e-02  3.1800e-03  4.0300e-03  5.9200e-03
  5878.40      1.7011  1.1490e-02  1.1800e-02  3.1600e-03  4.0100e-03  5.9000e-03
  5876.90      1.7016  1.1470e-02  1.1780e-02  3.1500e-03  4.0100e-03  5.8900e-03
  5875.40      1.7020  1.1450e-02  1.1760e-02  3.1400e-03  4.0000e-03  5.8900e-03
  5873.90      1.7024  1.1430e-02  1.1740e-02  3.1400e-03  3.9900e-03  5.8800e-03
  5872.40      1.7029  1.1420e-02  1.1730e-02  3.1400e-03  3.9900e-03  5.8800e-03
  5870.90      1.7033  1.1420e-02  1.1720e-02  3.1400e-03  3.9900e-03  5.8800e-03
  5869.40      1.7038  1.1420e-02  1.1730e-02  3.1400e-03  3.9900e-03  5.8800e-03
  5867.90      1.7042  1.1440e-02  1.1750e-02  3.1500e-03  4.0000e-03  5.8900e-03
  5866.40      1.7046  1.1450e-02  1.1760e-02  3.1500e-03  4.0100e-03  5.9000e-03
  5864.90      1.7051  1.1450e-02  1.1750e-02  3.1700e-03  4.0200e-03  5.9100e-03
  5863.40      1.7055  1.1440e-02  1.1740e-02  3.1700e-03  4.0300e-03  5.9200e-03
  5861.90      1.7059  1.1420e-02  1.1730e-02  3.1900e-03  4.0400e-03  5.9300e-03
  5860.40      1.7064  1.1390e-02  1.1700e-02  3.2000e-03  4.0500e-03  5.9400e-03
  5858.90      1.7068  1.1380e-02  1.1680e-02  3.2100e-03  4.0600e-03  5.9500e-03
  5857.40      1.7072  1.1350e-02  1.1650e-02  3.2200e-03  4.0800e-03  5.9700e-03
  5855.90      1.7077  1.1310e-02  1.1620e-02  3.2300e-03  4.0800e-03  5.9700e-03
  5854.40      1.7081  1.1290e-02  1.1590e-02  3.2300e-03  4.0900e-03  5.9700e-03
  5852.90      1.7086  1.1270e-02  1.1570e-02  3.2300e-03  4.0800e-03  5.9700e-03
  5851.40      1.7090  1.1250e-02  1.1550e-02  3.2100e-03  4.0600e-03  5.9500e-03
  5849.90      1.7094  1.1250e-02  1.1550e-02  3.2000e-03  4.0500e-03  5.9400e-03
  5848.40      1.7099  1.1250e-02  1.1550e-02  3.1800e-03  4.0300e-03  5.9200e-03
  5846.90      1.7103  1.1270e-02  1.1570e-02  3.1600e-03  4.0100e-03  5.9000e-03
  5845.40      1.7107  1.1280e-02  1.1580e-02  3.1500e-03  4.0000e-03  5.8800e-03
  5843.90      1.7112  1.1290e-02  1.1590e-02  3.1200e-03  3.9700e-03  5.8600e-03
  5842.40      1.7116  1.1290e-02  1.1590e-02  3.1100e-03  3.9600e-03  5.8500e-03
  5840.90      1.7121  1.1280e-02  1.1580e-02  3.1100e-03  3.9500e-03  5.8400e-03
  5839.40      1.7125  1.1270e-02  1.1560e-02  3.1000e-03  3.9500e-03  5.8400e-03
  5837.90      1.7129  1.1260e-02  1.1550e-02  3.1100e-03  3.9500e-03  5.8400e-03
  5836.40      1.7134  1.1250e-02  1.1550e-02  3.1100e-03  3.9600e-03  5.8400e-03
  5834.90      1.7138  1.1270e-02  1.1560e-02  3.1100e-03  3.9600e-03  5.8400e-03
  5833.40      1.7143  1.1290e-02  1.1590e-02  3.1000e-03  3.9500e-03  5.8400e-03
  5831.90      1.7147  1.1310e-02  1.1600e-02  3.1000e-03  3.9500e-03  5.8300e-03
  5830.40      1.7151  1.1330e-02  1.1630e-02  3.0900e-03  3.9300e-03  5.8200e-03
  5828.90      1.7156  1.1340e-02  1.1630e-02  3.0800e-03  3.9300e-03  5.8100e-03
  5827.40      1.7160  1.1330e-02  1.1630e-02  3.0600e-03  3.9100e-03  5.8000e-03
  5825.90      1.7165  1.1300e-02  1.1600e-02  3.0500e-03  3.9000e-03  5.7900e-03
  5824.40      1.7169  1.1260e-02  1.1560e-02  3.0400e-03  3.8800e-03  5.7700e-03
  5822.90      1.7174  1.1210e-02  1.1510e-02  3.0200e-03  3.8800e-03  5.7600e-03
  5821.40      1.7178  1.1180e-02  1.1460e-02  3.0200e-03  3.8600e-03  5.7500e-03
  5819.90      1.7182  1.1150e-02  1.1440e-02  3.0100e-03  3.8500e-03  5.7400e-03
  5818.40      1.7187  1.1150e-02  1.1440e-02  3.0000e-03  3.8500e-03  5.7300e-03
  5816.90      1.7191  1.1160e-02  1.1450e-02  3.0000e-03  3.8500e-03  5.7300e-03
  5815.40      1.7196  1.1200e-02  1.1480e-02  3.0000e-03  3.8500e-03  5.7300e-03
  5813.90      1.7200  1.1220e-02  1.1510e-02  3.0100e-03  3.8500e-03  5.7300e-03
  5812.40      1.7205  1.1240e-02  1.1530e-02  3.0100e-03  3.8500e-03  5.7300e-03
  5810.90      1.7209  1.1240e-02  1.1530e-02  3.0100e-03  3.8500e-03  5.7400e-03
  5809.40      1.7213  1.1240e-02  1.1530e-02  3.0100e-03  3.8500e-03  5.7300e-03
  5807.90      1.7218  1.1240e-02  1.1530e-02  3.0000e-03  3.8400e-03  5.7300e-03
  5806.39      1.7222  1.1250e-02  1.1530e-02  2.9900e-03  3.8300e-03  5.7200e-03
  5804.89      1.7227  1.1260e-02  1.1550e-02  2.9800e-03  3.8300e-03  5.7100e-03
  5803.39      1.7231  1.1300e-02  1.1590e-02  2.9700e-03  3.8100e-03  5.7000e-03
  5801.89      1.7236  1.1350e-02  1.1630e-02  2.9700e-03  3.8100e-03  5.6900e-03
  5800.39      1.7240  1.1390e-02  1.1680e-02  2.9600e-03  3.8000e-03  5.6800e-03
  5798.89      1.7245  1.1420e-02  1.1700e-02  2.9500e-03  3.7900e-03  5.6700e-03
  5797.39      1.7249  1.1410e-02  1.1700e-02  2.9400e-03  3.7800e-03  5.6600e-03
  5795.89      1.7254  1.1390e-02  1.1670e-02  2.9400e-03  3.7700e-03  5.6600e-03
  5794.39      1.7258  1.1340e-02  1.1620e-02  2.9300e-03  3.7700e-03  5.6500e-03
  5792.89      1.7263  1.1270e-02  1.1560e-02  2.9300e-03  3.7700e-03  5.6500e-03
  5791.39      1.7267  1.1220e-02  1.1510e-02  2.9300e-03  3.7700e-03  5.6500e-03
  5789.89      1.7271  1.1190e-02  1.1460e-02  2.9300e-03  3.7700e-03  5.6600e-03
  5788.39      1.7276  1.1160e-02  1.1430e-02  2.9400e-03  3.7700e-03  5.6600e-03
  5786.89      1.7280  1.1150e-02  1.1430e-02  2.9400e-03  3.7700e-03  5.6600e-03
  5785.39      1.7285  1.1150e-02  1.1430e-02  2.9400e-03  3.7700e-03  5.6600e-03
  5783.89      1.7289  1.1150e-02  1.1430e-02  2.9300e-03  3.7700e-03  5.6500e-03
  5782.39      1.7294  1.1150e-02  1.1430e-02  2.9200e-03  3.7600e-03  5.6500e-03
  5780.89      1.7298  1.1150e-02  1.1430e-02  2.9200e-03  3.7500e-03  5.6300e-03
  5779.39      1.7303  1.1140e-02  1.1420e-02  2.9100e-03  3.7400e-03  5.6300e-03
  5777.89      1.7307  1.1140e-02  1.1410e-02  2.9100e-03  3.7400e-03  5.6200e-03
  5776.39      1.7312  1.1130e-02  1.1400e-02  2.9000e-03  3.7400e-03  5.6200e-03
  5774.89      1.7316  1.1130e-02  1.1400e-02  2.9000e-03  3.7400e-03  5.6200e-03
  5773.39      1.7321  1.1130e-02  1.1410e-02  2.9100e-03  3.7500e-03  5.6300e-03
  5771.89      1.7325  1.1130e-02  1.1400e-02  2.9200e-03  3.7500e-03  5.6300e-03
  5770.39      1.7330  1.1130e-02  1.1400e-02  2.9400e-03  3.7800e-03  5.6600e-03
  5768.89      1.7334  1.1130e-02  1.1400e-02  2.9700e-03  3.8000e-03  5.6900e-03
  5767.39      1.7339  1.1120e-02  1.1400e-02  2.9900e-03  3.8300e-03  5.7100e-03
  5765.89      1.7343  1.1120e-02  1.1390e-02  3.0200e-03  3.8500e-03  5.7300e-03
  5764.39      1.7348  1.1120e-02  1.1390e-02  3.0200e-03  3.8600e-03  5.7400e-03
  5762.89      1.7352  1.1140e-02  1.1400e-02  3.0300e-03  3.8600e-03  5.7400e-03
  5761.39      1.7357  1.1140e-02  1.1420e-02  3.0200e-03  3.8500e-03  5.7400e-03
  5759.89      1.7361  1.1160e-02  1.1420e-02  3.0100e-03  3.8400e-03  5.7200e-03
  5758.39      1.7366  1.1160e-02  1.1440e-02  2.9900e-03  3.8200e-03  5.7100e-03
  5756.89      1.7370  1.1180e-02  1.1440e-02  2.9700e-03  3.8000e-03  5.6800e-03
  5755.39      1.7375  1.1180e-02  1.1460e-02  2.9400e-03  3.7700e-03  5.6500e-03
  5753.89      1.7380  1.1200e-02  1.1470e-02  2.9200e-03  3.7500e-03  5.6300e-03
  5752.39      1.7384  1.1230e-02  1.1490e-02  2.8900e-03  3.7200e-03  5.6000e-03
  5750.89      1.7389  1.1230e-02  1.1500e-02  2.8800e-03  3.7100e-03  5.5900e-03
  5749.39      1.7393  1.1230e-02  1.1490e-02  2.8600e-03  3.6900e-03  5.5700e-03
  5747.89      1.7398  1.1210e-02  1.1480e-02  2.8500e-03  3.6800e-03  5.5600e-03
  5746.39      1.7402  1.1180e-02  1.1450e-02  2.8300e-03  3.6600e-03  5.5400e-03
  5744.89      1.7407  1.1150e-02  1.1420e-02  2.8200e-03  3.6500e-03  5.5300e-03
  5743.39      1.7411  1.1130e-02  1.1390e-02  2.8000e-03  3.6200e-03  5.5000e-03
  5741.89      1.7416  1.1120e-02  1.1380e-02  2.7900e-03  3.6000e-03  5.4800e-03
  5740.39      1.7420  1.1120e-02  1.1380e-02  2.7600e-03  3.5900e-03  5.4700e-03
  5738.89      1.7425  1.1120e-02  1.1380e-02  2.7500e-03  3.5700e-03  5.4500e-03
  5737.39      1.7430  1.1110e-02  1.1370e-02  2.7400e-03  3.5700e-03  5.4500e-03
  5735.89      1.7434  1.1070e-02  1.1330e-02  2.7400e-03  3.5600e-03  5.4400e-03
  5734.39      1.7439  1.1010e-02  1.1270e-02  2.7400e-03  3.5600e-03  5.4400e-03
  5732.89      1.7443  1.0940e-02  1.1190e-02  2.7500e-03  3.5700e-03  5.4500e-03
  5731.39      1.7448  1.0860e-02  1.1110e-02  2.7500e-03  3.5700e-03  5.4500e-03
  5729.89      1.7452  1.0810e-02  1.1060e-02  2.7600e-03  3.5800e-03  5.4600e-03
  5728.39      1.7457  1.0790e-02  1.1030e-02  2.7800e-03  3.6000e-03  5.4800e-03
  5726.89      1.7461  1.0800e-02  1.1050e-02  2.7800e-03  3.6100e-03  5.4800e-03
  5725.39      1.7466  1.0850e-02  1.1090e-02  2.7900e-03  3.6100e-03  5.4900e-03
  5723.89      1.7471  1.0910e-02  1.1160e-02  2.8000e-03  3.6200e-03  5.4900e-03
  5722.39      1.7475  1.0980e-02  1.1230e-02  2.7900e-03  3.6100e-03  5.4900e-03
  5720.89      1.7480  1.1030e-02  1.1280e-02  2.7900e-03  3.6100e-03  5.4900e-03
  5719.39      1.7484  1.1080e-02  1.1330e-02  2.8000e-03  3.6100e-03  5.4900e-03
  5717.89      1.7489  1.1090e-02  1.1350e-02  2.8000e-03  3.6200e-03  5.4900e-03
  5716.39      1.7494  1.1100e-02  1.1350e-02  2.8100e-03  3.6200e-03  5.5000e-03
  5714.89      1.7498  1.1090e-02  1.1330e-02  2.8100e-03  3.6400e-03  5.5100e-03
  5713.39      1.7503  1.1060e-02  1.1310e-02  2.8300e-03  3.6500e-03  5.5200e-03
  5711.89      1.7507  1.1030e-02  1.1280e-02  2.8500e-03  3.6700e-03  5.5400e-03
  5710.39      1.7512  1.1000e-02  1.1240e-02  2.8600e-03  3.6800e-03  5.5500e-03
  5708.89      1.7517  1.0970e-02  1.1210e-02  2.8800e-03  3.7000e-03  5.5800e-03
  5707.39      1.7521  1.0940e-02  1.1180e-02  2.8900e-03  3.7100e-03  5.5900e-03
  5705.89      1.7526  1.0930e-02  1.1170e-02  2.9100e-03  3.7300e-03  5.6100e-03
  5704.39      1.7530  1.0930e-02  1.1180e-02  2.9200e-03  3.7400e-03  5.6200e-03
  5702.89      1.7535  1.0950e-02  1.1190e-02  2.9300e-03  3.7400e-03  5.6200e-03
  5701.39      1.7540  1.0970e-02  1.1210e-02  2.9200e-03  3.7400e-03  5.6100e-03
  5699.89      1.7544  1.0980e-02  1.1220e-02  2.9100e-03  3.7300e-03  5.6100e-03
  5698.39      1.7549  1.0980e-02  1.1220e-02  2.9000e-03  3.7200e-03  5.5900e-03
  5696.89      1.7553  1.0980e-02  1.1220e-02  2.8900e-03  3.7100e-03  5.5900e-03
  5695.39      1.7558  1.0950e-02  1.1200e-02  2.8800e-03  3.7000e-03  5.5700e-03
  5693.89      1.7563  1.0940e-02  1.1180e-02  2.8700e-03  3.6900e-03  5.5700e-03
  5692.39      1.7567  1.0910e-02  1.1150e-02  2.8600e-03  3.6700e-03  5.5500e-03
  5690.89      1.7572  1.0900e-02  1.1130e-02  2.8500e-03  3.6600e-03  5.5400e-03
  5689.39      1.7577  1.0870e-02  1.1110e-02  2.8400e-03  3.6500e-03  5.5300e-03
  5687.89      1.7581  1.0850e-02  1.1090e-02  2.8300e-03  3.6400e-03  5.5200e-03
  5686.39      1.7586  1.0850e-02  1.1080e-02  2.8300e-03  3.6400e-03  5.5200e-03
  5684.89      1.7591  1.0850e-02  1.1080e-02  2.8300e-03  3.6400e-03  5.5200e-03
  5683.39      1.7595  1.0850e-02  1.1080e-02  2.8300e-03  3.6400e-03  5.5200e-03
  5681.89      1.7600  1.0860e-02  1.1090e-02  2.8300e-03  3.6400e-03  5.5200e-03
  5680.39      1.7604  1.0870e-02  1.1100e-02  2.8300e-03  3.6400e-03  5.5200e-03
  5678.89      1.7609  1.0890e-02  1.1120e-02  2.8400e-03  3.6500e-03  5.5200e-03
  5677.39      1.7614  1.0890e-02  1.1130e-02  2.8400e-03  3.6500e-03  5.5300e-03
  5675.88      1.7618  1.0900e-02  1.1130e-02  2.8500e-03  3.6600e-03  5.5400e-03
  5674.38      1.7623  1.0900e-02  1.1130e-02  2.8600e-03  3.6700e-03  5.5500e-03
  5672.88      1.7628  1.0890e-02  1.1120e-02  2.8700e-03  3.6700e-03  5.5500e-03
  5671.38      1.7632  1.0870e-02  1.1100e-02  2.8700e-03  3.6700e-03  5.5500e-03
  5669.88      1.7637  1.0870e-02  1.1100e-02  2.8700e-03  3.6700e-03  5.5500e-03
  5668.38      1.7642  1.0880e-02  1.1110e-02  2.8600e-03  3.6700e-03  5.5400e-03
  5666.88      1.7646  1.0910e-02  1.1130e-02  2.8600e-03  3.6600e-03  5.5400e-03
  5665.38      1.7651  1.0940e-02  1.1170e-02  2.8400e-03  3.6400e-03  5.5200e-03
  5663.88      1.7656  1.0980e-02  1.1210e-02  2.8300e-03  3.6300e-03  5.5100e-03
  5662.38      1.7660  1.1010e-02  1.1240e-02  2.8100e-03  3.6100e-03  5.4900e-03
  5660.88      1.7665  1.1020e-02  1.1250e-02  2.7900e-03  3.5900e-03  5.4700e-03
  5659.38      1.7670  1.1010e-02  1.1240e-02  2.7800e-03  3.5800e-03  5.4600e-03
  5657.88      1.7674  1.0970e-02  1.1200e-02  2.7700e-03  3.5700e-03  5.4500e-03
  5656.38      1.7679  1.0920e-02  1.1140e-02  2.7700e-03  3.5700e-03  5.4400e-03
  5654.88      1.7684  1.0870e-02  1.1090e-02  2.7700e-03  3.5700e-03  5.4400e-03
  5653.38      1.7689  1.0830e-02  1.1050e-02  2.7700e-03  3.5700e-03  5.4400e-03
  5651.88      1.7693  1.0810e-02  1.1030e-02  2.7700e-03  3.5700e-03  5.4500e-03
  5650.38      1.7698  1.0810e-02  1.1030e-02  2.7800e-03  3.5800e-03  5.4500e-03
  5648.88      1.7703  1.0820e-02  1.1030e-02  2.7800e-03  3.5800e-03  5.4600e-03
  5647.38      1.7707  1.0840e-02  1.1060e-02  2.7900e-03  3.5800e-03  5.4600e-03
  5645.88      1.7712  1.0850e-02  1.1060e-02  2.7900e-03  3.5800e-03  5.4600e-03
  5644.38      1.7717  1.0830e-02  1.1040e-02  2.7900e-03  3.5800e-03  5.4600e-03
  5642.88      1.7721  1.0790e-02  1.1010e-02  2.7800e-03  3.5800e-03  5.4500e-03
  5641.38      1.7726  1.0760e-02  1.0960e-02  2.7700e-03  3.5700e-03  5.4400e-03
  5639.88      1.7731  1.0710e-02  1.0920e-02  2.7600e-03  3.5600e-03  5.4300e-03
  5638.38      1.7736  1.0690e-02  1.0900e-02  2.7500e-03  3.5400e-03  5.4100e-03
  5636.88      1.7740  1.0690e-02  1.0910e-02  2.7400e-03  3.5400e-03  5.4100e-03
  5635.38      1.7745  1.0720e-02  1.0920e-02  2.7300e-03  3.5300e-03  5.4000e-03
  5633.88      1.7750  1.0760e-02  1.0960e-02  2.7300e-03  3.5200e-03  5.3900e-03
  5632.38      1.7754  1.0800e-02  1.1010e-02  2.7300e-03  3.5200e-03  5.3900e-03
  5630.88      1.7759  1.0830e-02  1.1040e-02  2.7300e-03  3.5200e-03  5.3900e-03
  5629.38      1.7764  1.0850e-02  1.1060e-02  2.7300e-03  3.5200e-03  5.3900e-03
  5627.88      1.7769  1.0850e-02  1.1060e-02  2.7400e-03  3.5300e-03  5.4000e-03
  5626.38      1.7773  1.0850e-02  1.1060e-02  2.7400e-03  3.5300e-03  5.4000e-03
  5624.88      1.7778  1.0830e-02  1.1030e-02  2.7500e-03  3.5400e-03  5.4100e-03
  5623.38      1.7783  1.0800e-02  1.1010e-02  2.7500e-03  3.5400e-03  5.4100e-03
  5621.88      1.7788  1.0760e-02  1.0960e-02  2.7500e-03  3.5400e-03  5.4100e-03
  5620.38      1.7792  1.0720e-02  1.0930e-02  2.7500e-03  3.5400e-03  5.4100e-03
  5618.88      1.7797  1.0700e-02  1.0890e-02  2.7500e-03  3.5400e-03  5.4100e-03
  5617.38      1.7802  1.0670e-02  1.0870e-02  2.7500e-03  3.5300e-03  5.4000e-03
  5615.88      1.7807  1.0670e-02  1.0860e-02  2.7500e-03  3.5300e-03  5.4000e-03
  5614.38      1.7811  1.0670e-02  1.0870e-02  2.7400e-03  3.5300e-03  5.4000e-03
  5612.88      1.7816  1.0680e-02  1.0890e-02  2.7400e-03  3.5300e-03  5.4000e-03
  5611.38      1.7821  1.0700e-02  1.0900e-02  2.7500e-03  3.5300e-03  5.4000e-03
  5609.88      1.7826  1.0710e-02  1.0910e-02  2.7500e-03  3.5300e-03  5.4000e-03
  5608.38      1.7830  1.0720e-02  1.0910e-02  2.7400e-03  3.5300e-03  5.3900e-03
  5606.88      1.7835  1.0720e-02  1.0910e-02  2.7400e-03  3.5200e-03  5.3900e-03
  5605.38      1.7840  1.0720e-02  1.0910e-02  2.7400e-03  3.5200e-03  5.3900e-03
  5603.88      1.7845  1.0700e-02  1.0890e-02  2.7400e-03  3.5200e-03  5.3900e-03
  5602.38      1.7850  1.0680e-02  1.0870e-02  2.7400e-03  3.5200e-03  5.3900e-03
  5600.88      1.7854  1.0660e-02  1.0850e-02  2.7200e-03  3.5000e-03  5.3700e-03
  5599.38      1.7859  1.0630e-02  1.0820e-02  2.7100e-03  3.4900e-03  5.3600e-03
  5597.88      1.7864  1.0590e-02  1.0780e-02  2.6900e-03  3.4700e-03  5.3300e-03
  5596.38      1.7869  1.0560e-02  1.0750e-02  2.6700e-03  3.4500e-03  5.3100e-03
  5594.88      1.7873  1.0540e-02  1.0730e-02  2.6400e-03  3.4200e-03  5.2900e-03
  5593.38      1.7878  1.0540e-02  1.0720e-02  2.6100e-03  3.3900e-03  5.2600e-03
  5591.88      1.7883  1.0550e-02  1.0730e-02  2.5900e-03  3.3600e-03  5.2300e-03
  5590.38      1.7888  1.0570e-02  1.0750e-02  2.5600e-03  3.3300e-03  5.2000e-03
  5588.88      1.7893  1.0590e-02  1.0780e-02  2.5400e-03  3.3200e-03  5.1800e-03
  5587.38      1.7897  1.0600e-02  1.0780e-02  2.5300e-03  3.3000e-03  5.1700e-03
  5585.88      1.7902  1.0600e-02  1.0780e-02  2.5300e-03  3.3000e-03  5.1700e-03
  5584.38      1.7907  1.0590e-02  1.0770e-02  2.5400e-03  3.3100e-03  5.1800e-03
  5582.88      1.7912  1.0580e-02  1.0750e-02  2.5600e-03  3.3300e-03  5.2000e-03
  5581.38      1.7917  1.0560e-02  1.0740e-02  2.5900e-03  3.3600e-03  5.2300e-03
  5579.88      1.7922  1.0550e-02  1.0730e-02  2.6300e-03  3.4000e-03  5.2600e-03
  5578.38      1.7926  1.0560e-02  1.0730e-02  2.6700e-03  3.4400e-03  5.3000e-03
  5576.88      1.7931  1.0570e-02  1.0750e-02  2.7100e-03  3.4800e-03  5.3500e-03
  5575.38      1.7936  1.0580e-02  1.0750e-02  2.7600e-03  3.5300e-03  5.3900e-03
  5573.88      1.7941  1.0600e-02  1.0770e-02  2.8000e-03  3.5700e-03  5.4300e-03
  5572.38      1.7946  1.0610e-02  1.0780e-02  2.8300e-03  3.6000e-03  5.4600e-03
  5570.88      1.7950  1.0610e-02  1.0790e-02  2.8600e-03  3.6200e-03  5.4900e-03
  5569.38      1.7955  1.0610e-02  1.0780e-02  2.8700e-03  3.6500e-03  5.5100e-03
  5567.88      1.7960  1.0610e-02  1.0780e-02  2.8900e-03  3.6600e-03  5.5200e-03
  5566.38      1.7965  1.0590e-02  1.0760e-02  2.9000e-03  3.6600e-03  5.5300e-03
  5564.88      1.7970  1.0580e-02  1.0750e-02  2.8900e-03  3.6600e-03  5.5300e-03
  5563.38      1.7975  1.0560e-02  1.0730e-02  2.8800e-03  3.6400e-03  5.5100e-03
  5561.88      1.7980  1.0550e-02  1.0700e-02  2.8600e-03  3.6300e-03  5.4900e-03
  5560.38      1.7984  1.0530e-02  1.0700e-02  2.8300e-03  3.6000e-03  5.4600e-03
  5558.88      1.7989  1.0530e-02  1.0690e-02  2.8000e-03  3.5700e-03  5.4300e-03
  5557.38      1.7994  1.0520e-02  1.0690e-02  2.7700e-03  3.5300e-03  5.4000e-03
  5555.88      1.7999  1.0520e-02  1.0680e-02  2.7400e-03  3.5000e-03  5.3600e-03
  5554.38      1.8004  1.0520e-02  1.0680e-02  2.7100e-03  3.4700e-03  5.3300e-03
  5552.88      1.8009  1.0530e-02  1.0690e-02  2.6800e-03  3.4400e-03  5.3100e-03
  5551.38      1.8014  1.0530e-02  1.0690e-02  2.6800e-03  3.4400e-03  5.3000e-03
  5549.88      1.8018  1.0550e-02  1.0700e-02  2.6700e-03  3.4200e-03  5.2900e-03
  5548.38      1.8023  1.0550e-02  1.0710e-02  2.6600e-03  3.4200e-03  5.2800e-03
  5546.88      1.8028  1.0550e-02  1.0710e-02  2.6600e-03  3.4100e-03  5.2700e-03
  5545.38      1.8033  1.0550e-02  1.0690e-02  2.6600e-03  3.4100e-03  5.2700e-03
  5543.88      1.8038  1.0530e-02  1.0680e-02  2.6600e-03  3.4100e-03  5.2700e-03
  5542.38      1.8043  1.0520e-02  1.0670e-02  2.6600e-03  3.4200e-03  5.2800e-03
  5540.88      1.8048  1.0510e-02  1.0670e-02  2.6600e-03  3.4100e-03  5.2700e-03
  5539.38      1.8053  1.0520e-02  1.0670e-02  2.6500e-03  3.4000e-03  5.2600e-03
  5537.87      1.8057  1.0520e-02  1.0670e-02  2.6400e-03  3.3900e-03  5.2500e-03
  5536.37      1.8062  1.0540e-02  1.0680e-02  2.6200e-03  3.3700e-03  5.2300e-03
  5534.87      1.8067  1.0540e-02  1.0690e-02  2.6200e-03  3.3700e-03  5.2300e-03
  5533.37      1.8072  1.0530e-02  1.0680e-02  2.6200e-03  3.3700e-03  5.2300e-03
  5531.87      1.8077  1.0510e-02  1.0650e-02  2.6200e-03  3.3700e-03  5.2300e-03
  5530.37      1.8082  1.0490e-02  1.0640e-02  2.6200e-03  3.3600e-03  5.2200e-03
  5528.87      1.8087  1.0470e-02  1.0620e-02  2.6200e-03  3.3600e-03  5.2200e-03
  5527.37      1.8092  1.0470e-02  1.0610e-02  2.6200e-03  3.3600e-03  5.2200e-03
  5525.87      1.8097  1.0470e-02  1.0610e-02  2.6200e-03  3.3700e-03  5.2300e-03
  5524.37      1.8102  1.0470e-02  1.0610e-02  2.6300e-03  3.3700e-03  5.2300e-03
  5522.87      1.8107  1.0470e-02  1.0610e-02  2.6400e-03  3.3800e-03  5.2400e-03
  5521.37      1.8111  1.0460e-02  1.0600e-02  2.6400e-03  3.3900e-03  5.2400e-03
  5519.87      1.8116  1.0450e-02  1.0590e-02  2.6500e-03  3.3900e-03  5.2500e-03
  5518.37      1.8121  1.0450e-02  1.0580e-02  2.6500e-03  3.3900e-03  5.2500e-03
  5516.87      1.8126  1.0440e-02  1.0580e-02  2.6500e-03  3.3900e-03  5.2400e-03
  5515.37      1.8131  1.0450e-02  1.0590e-02  2.6500e-03  3.3900e-03  5.2400e-03
  5513.87      1.8136  1.0480e-02  1.0610e-02  2.6500e-03  3.3900e-03  5.2500e-03
  5512.37      1.8141  1.0500e-02  1.0640e-02  2.6600e-03  3.3900e-03  5.2500e-03
  5510.87      1.8146  1.0520e-02  1.0650e-02  2.6600e-03  3.3900e-03  5.2500e-03
  5509.37      1.8151  1.0520e-02  1.0650e-02  2.6500e-03  3.3900e-03  5.2500e-03
  5507.87      1.8156  1.0510e-02  1.0630e-02  2.6500e-03  3.3900e-03  5.2400e-03
  5506.37      1.8161  1.0470e-02  1.0590e-02  2.6500e-03  3.3800e-03  5.2400e-03
  5504.87      1.8166  1.0420e-02  1.0540e-02  2.6400e-03  3.3800e-03  5.2300e-03
  5503.37      1.8171  1.0360e-02  1.0490e-02  2.6300e-03  3.3600e-03  5.2200e-03
  5501.87      1.8176  1.0300e-02  1.0420e-02  2.6100e-03  3.3400e-03  5.2000e-03
  5500.37      1.8181  1.0250e-02  1.0360e-02  2.5900e-03  3.3200e-03  5.1700e-03
  5498.87      1.8186  1.0200e-02  1.0320e-02  2.5600e-03  3.2900e-03  5.1400e-03
  5497.37      1.8191  1.0170e-02  1.0280e-02  2.5300e-03  3.2600e-03  5.1100e-03
  5495.87      1.8195  1.0140e-02  1.0250e-02  2.5000e-03  3.2200e-03  5.0800e-03
  5494.37      1.8200  1.0130e-02  1.0250e-02  2.4700e-03  3.2000e-03  5.0500e-03
  5492.87      1.8205  1.0150e-02  1.0260e-02  2.4500e-03  3.1700e-03  5.0300e-03
  5491.37      1.8210  1.0180e-02  1.0290e-02  2.4500e-03  3.1700e-03  5.0300e-03
  5489.87      1.8215  1.0220e-02  1.0330e-02  2.4700e-03  3.1900e-03  5.0400e-03
  5488.37      1.8220  1.0260e-02  1.0370e-02  2.4900e-03  3.2100e-03  5.0600e-03
  5486.87      1.8225  1.0300e-02  1.0420e-02  2.5200e-03  3.2400e-03  5.0900e-03
  5485.37      1.8230  1.0340e-02  1.0450e-02  2.5400e-03  3.2600e-03  5.1200e-03
  5483.87      1.8235  1.0350e-02  1.0460e-02  2.5700e-03  3.2900e-03  5.1400e-03
  5482.37      1.8240  1.0340e-02  1.0450e-02  2.6000e-03  3.3200e-03  5.1700e-03
  5480.87      1.8245  1.0330e-02  1.0430e-02  2.6100e-03  3.3300e-03  5.1900e-03
  5479.37      1.8250  1.0290e-02  1.0390e-02  2.6100e-03  3.3300e-03  5.1800e-03
  5477.87      1.8255  1.0240e-02  1.0340e-02  2.5900e-03  3.3100e-03  5.1600e-03
  5476.37      1.8260  1.0180e-02  1.0290e-02  2.5600e-03  3.2800e-03  5.1300e-03
  5474.87      1.8265  1.0150e-02  1.0250e-02  2.5400e-03  3.2500e-03  5.1000e-03
  5473.37      1.8270  1.0130e-02  1.0230e-02  2.5100e-03  3.2200e-03  5.0700e-03
  5471.87      1.8275  1.0120e-02  1.0220e-02  2.4800e-03  3.1900e-03  5.0400e-03
  5470.37      1.8280  1.0110e-02  1.0210e-02  2.4500e-03  3.1600e-03  5.0100e-03
  5468.87      1.8285  1.0090e-02  1.0180e-02  2.4200e-03  3.1300e-03  4.9800e-03
  5467.37      1.8290  1.0060e-02  1.0150e-02  2.3900e-03  3.1000e-03  4.9500e-03
  5465.87      1.8295  1.0020e-02  1.0100e-02  2.3700e-03  3.0800e-03  4.9300e-03
  5464.37      1.8300  9.9700e-03  1.0060e-02  2.3700e-03  3.0700e-03  4.9200e-03
  5462.87      1.8305  9.9500e-03  1.0040e-02  2.3600e-03  3.0700e-03  4.9200e-03
  5461.37      1.8310  9.9700e-03  1.0040e-02  2.3600e-03  3.0600e-03  4.9100e-03
  5459.87      1.8315  1.0010e-02  1.0100e-02  2.3500e-03  3.0500e-03  4.9000e-03
  5458.37      1.8320  1.0090e-02  1.0170e-02  2.3400e-03  3.0400e-03  4.8900e-03
  5456.87      1.8326  1.0160e-02  1.0230e-02  2.3300e-03  3.0300e-03  4.8800e-03
  5455.37      1.8331  1.0210e-02  1.0290e-02  2.3100e-03  3.0100e-03  4.8600e-03
  5453.87      1.8336  1.0220e-02  1.0310e-02  2.3000e-03  2.9900e-03  4.8400e-03
  5452.37      1.8341  1.0210e-02  1.0290e-02  2.2600e-03  2.9500e-03  4.8000e-03
  5450.87      1.8346  1.0180e-02  1.0260e-02  2.2300e-03  2.9200e-03  4.7700e-03
  5449.37      1.8351  1.0140e-02  1.0220e-02  2.1900e-03  2.8800e-03  4.7300e-03
  5447.87      1.8356  1.0130e-02  1.0200e-02  2.1700e-03  2.8500e-03  4.7000e-03
  5446.37      1.8361  1.0140e-02  1.0210e-02  2.1400e-03  2.8300e-03  4.6700e-03
  5444.87      1.8366  1.0180e-02  1.0250e-02  2.1200e-03  2.8100e-03  4.6500e-03
  5443.37      1.8371  1.0210e-02  1.0290e-02  2.1200e-03  2.8000e-03  4.6500e-03
  5441.87      1.8376  1.0240e-02  1.0310e-02  2.1200e-03  2.8000e-03  4.6400e-03
  5440.37      1.8381  1.0250e-02  1.0320e-02  2.1200e-03  2.8000e-03  4.6400e-03
  5438.87      1.8386  1.0220e-02  1.0300e-02  2.1200e-03  2.8000e-03  4.6500e-03
  5437.37      1.8391  1.0180e-02  1.0250e-02  2.1300e-03  2.8100e-03  4.6500e-03
  5435.87      1.8396  1.0110e-02  1.0180e-02  2.1400e-03  2.8200e-03  4.6600e-03
  5434.37      1.8401  1.0060e-02  1.0130e-02  2.1500e-03  2.8200e-03  4.6700e-03
  5432.87      1.8406  1.0040e-02  1.0100e-02  2.1600e-03  2.8400e-03  4.6800e-03
  5431.37      1.8412  1.0040e-02  1.0100e-02  2.1800e-03  2.8600e-03  4.7000e-03
  5429.87      1.8417  1.0050e-02  1.0110e-02  2.2000e-03  2.8800e-03  4.7200e-03
  5428.37      1.8422  1.0080e-02  1.0140e-02  2.2300e-03  2.9000e-03  4.7500e-03
  5426.87      1.8427  1.0130e-02  1.0180e-02  2.2700e-03  2.9500e-03  4.7900e-03
  5425.37      1.8432  1.0170e-02  1.0230e-02  2.3000e-03  2.9700e-03  4.8100e-03
  5423.87      1.8437  1.0200e-02  1.0250e-02  2.3100e-03  2.9800e-03  4.8200e-03
  5422.37      1.8442  1.0190e-02  1.0250e-02  2.3100e-03  2.9800e-03  4.8300e-03
  5420.87      1.8447  1.0170e-02  1.0220e-02  2.3100e-03  2.9700e-03  4.8200e-03
  5419.37      1.8452  1.0120e-02  1.0170e-02  2.2800e-03  2.9400e-03  4.7900e-03
  5417.87      1.8457  1.0050e-02  1.0090e-02  2.2300e-03  2.9000e-03  4.7400e-03
  5416.37      1.8463  9.9600e-03  1.0000e-02  2.1800e-03  2.8400e-03  4.6800e-03
  5414.87      1.8468  9.8800e-03  9.9200e-03  2.1300e-03  2.7900e-03  4.6200e-03
  5413.37      1.8473  9.8400e-03  9.8700e-03  2.0800e-03  2.7400e-03  4.5800e-03
  5411.87      1.8478  9.8300e-03  9.8600e-03  2.0600e-03  2.7200e-03  4.5600e-03
  5410.37      1.8483  9.8600e-03  9.8900e-03  2.0700e-03  2.7200e-03  4.5600e-03
  5408.87      1.8488  9.9100e-03  9.9500e-03  2.0900e-03  2.7500e-03  4.5900e-03
  5407.36      1.8493  9.9800e-03  1.0010e-02  2.1200e-03  2.7700e-03  4.6100e-03
  5405.86      1.8498  1.0040e-02  1.0080e-02  2.1500e-03  2.8000e-03  4.6400e-03
  5404.36      1.8504  1.0080e-02  1.0120e-02  2.1800e-03  2.8300e-03  4.6700e-03
  5402.86      1.8509  1.0080e-02  1.0110e-02  2.2100e-03  2.8600e-03  4.6900e-03
  5401.36      1.8514  1.0050e-02  1.0070e-02  2.2300e-03  2.8800e-03  4.7200e-03
  5399.86      1.8519  9.9900e-03  1.0020e-02  2.2400e-03  2.8800e-03  4.7200e-03
  5398.36      1.8524  9.9400e-03  9.9600e-03  2.2100e-03  2.8600e-03  4.7000e-03
  5396.86      1.8529  9.8800e-03  9.9000e-03  2.1800e-03  2.8200e-03  4.6600e-03
  5395.36      1.8534  9.8300e-03  9.8500e-03  2.1400e-03  2.7800e-03  4.6200e-03
  5393.86      1.8540  9.8100e-03  9.8200e-03  2.1100e-03  2.7500e-03  4.5900e-03
  5392.36      1.8545  9.7800e-03  9.8000e-03  2.1000e-03  2.7400e-03  4.5800e-03
  5390.86      1.8550  9.7600e-03  9.7700e-03  2.1000e-03  2.7300e-03  4.5700e-03
  5389.36      1.8555  9.7400e-03  9.7500e-03  2.1000e-03  2.7300e-03  4.5700e-03
  5387.86      1.8560  9.7200e-03  9.7300e-03  2.0800e-03  2.7100e-03  4.5500e-03
  5386.36      1.8565  9.7200e-03  9.7200e-03  2.0700e-03  2.7000e-03  4.5400e-03
  5384.86      1.8571  9.7300e-03  9.7300e-03  2.0600e-03  2.6900e-03  4.5300e-03
  5383.36      1.8576  9.7400e-03  9.7500e-03  2.0700e-03  2.6900e-03  4.5300e-03
  5381.86      1.8581  9.7700e-03  9.7600e-03  2.0700e-03  2.6900e-03  4.5300e-03
  5380.36      1.8586  9.7700e-03  9.7700e-03  2.0600e-03  2.6900e-03  4.5200e-03
  5378.86      1.8591  9.7600e-03  9.7600e-03  2.0400e-03  2.6600e-03  4.5000e-03
  5377.36      1.8596  9.7300e-03  9.7200e-03  2.0200e-03  2.6400e-03  4.4700e-03
  5375.86      1.8602  9.7100e-03  9.7000e-03  2.0000e-03  2.6200e-03  4.4500e-03
  5374.36      1.8607  9.7000e-03  9.6900e-03  1.9900e-03  2.6100e-03  4.4400e-03
  5372.86      1.8612  9.7100e-03  9.7000e-03  2.0000e-03  2.6100e-03  4.4500e-03
  5371.36      1.8617  9.7400e-03  9.7300e-03  2.0000e-03  2.6100e-03  4.4500e-03
  5369.86      1.8622  9.7800e-03  9.7600e-03  2.0000e-03  2.6100e-03  4.4500e-03
  5368.36      1.8628  9.8100e-03  9.7900e-03  2.0000e-03  2.6100e-03  4.4500e-03
  5366.86      1.8633  9.8200e-03  9.8100e-03  2.0000e-03  2.6100e-03  4.4500e-03
  5365.36      1.8638  9.8500e-03  9.8300e-03  2.0000e-03  2.6000e-03  4.4400e-03
  5363.86      1.8643  9.8700e-03  9.8500e-03  1.9900e-03  2.5900e-03  4.4200e-03
  5362.36      1.8648  9.8900e-03  9.8700e-03  1.9800e-03  2.5800e-03  4.4200e-03
  5360.86      1.8654  9.9200e-03  9.8900e-03  1.9700e-03  2.5600e-03  4.4000e-03
  5359.36      1.8659  9.9200e-03  9.9000e-03  1.9600e-03  2.5500e-03  4.3900e-03
  5357.86      1.8664  9.9200e-03  9.8900e-03  1.9400e-03  2.5300e-03  4.3600e-03
  5356.36      1.8669  9.9000e-03  9.8700e-03  1.9100e-03  2.5100e-03  4.3400e-03
  5354.86      1.8675  9.8800e-03  9.8500e-03  1.8900e-03  2.4800e-03  4.3100e-03
  5353.36      1.8680  9.8500e-03  9.8200e-03  1.8600e-03  2.4600e-03  4.2800e-03
  5351.86      1.8685  9.8200e-03  9.7800e-03  1.8500e-03  2.4300e-03  4.2700e-03
  5350.36      1.8690  9.7900e-03  9.7500e-03  1.8300e-03  2.4100e-03  4.2500e-03
  5348.86      1.8696  9.7800e-03  9.7300e-03  1.8100e-03  2.3900e-03  4.2200e-03
  5347.36      1.8701  9.7500e-03  9.7000e-03  1.7700e-03  2.3500e-03  4.1800e-03
  5345.86      1.8706  9.7000e-03  9.6600e-03  1.7300e-03  2.3100e-03  4.1400e-03
  5344.36      1.8711  9.6700e-03  9.6300e-03  1.7000e-03  2.2700e-03  4.1000e-03
  5342.86      1.8717  9.6600e-03  9.6100e-03  1.6900e-03  2.2600e-03  4.0900e-03
  5341.36      1.8722  9.6500e-03  9.6000e-03  1.6800e-03  2.2500e-03  4.0800e-03
  5339.86      1.8727  9.6400e-03  9.5800e-03  1.6700e-03  2.2400e-03  4.0700e-03
  5338.36      1.8732  9.6300e-03  9.5700e-03  1.6600e-03  2.2200e-03  4.0500e-03
  5336.86      1.8738  9.6200e-03  9.5500e-03  1.6500e-03  2.2100e-03  4.0400e-03
  5335.36      1.8743  9.6100e-03  9.5400e-03  1.6500e-03  2.2100e-03  4.0400e-03
  5333.86      1.8748  9.5800e-03  9.5000e-03  1.6700e-03  2.2200e-03  4.0500e-03
  5332.36      1.8753  9.5400e-03  9.4700e-03  1.6700e-03  2.2300e-03  4.0600e-03
  5330.86      1.8759  9.5200e-03  9.4500e-03  1.6800e-03  2.2300e-03  4.0600e-03
  5329.36      1.8764  9.5200e-03  9.4400e-03  1.6700e-03  2.2200e-03  4.0500e-03
  5327.86      1.8769  9.5300e-03  9.4500e-03  1.6700e-03  2.2200e-03  4.0500e-03
  5326.36      1.8775  9.5600e-03  9.4700e-03  1.6700e-03  2.2200e-03  4.0500e-03
  5324.86      1.8780  9.6000e-03  9.5200e-03  1.6900e-03  2.2300e-03  4.0600e-03
  5323.36      1.8785  9.6400e-03  9.5600e-03  1.7100e-03  2.2600e-03  4.0900e-03
  5321.86      1.8790  9.6600e-03  9.5700e-03  1.7400e-03  2.2800e-03  4.1100e-03
  5320.36      1.8796  9.6800e-03  9.5900e-03  1.7600e-03  2.3000e-03  4.1300e-03
  5318.86      1.8801  9.6700e-03  9.5800e-03  1.7700e-03  2.3100e-03  4.1400e-03
  5317.36      1.8806  9.6500e-03  9.5600e-03  1.7900e-03  2.3200e-03  4.1500e-03
  5315.86      1.8812  9.6200e-03  9.5300e-03  1.7900e-03  2.3200e-03  4.1600e-03
  5314.36      1.8817  9.5900e-03  9.5000e-03  1.8000e-03  2.3300e-03  4.1600e-03
  5312.86      1.8822  9.5500e-03  9.4500e-03  1.7900e-03  2.3200e-03  4.1600e-03
  5311.36      1.8828  9.5200e-03  9.4000e-03  1.7900e-03  2.3100e-03  4.1400e-03
  5309.86      1.8833  9.4800e-03  9.3600e-03  1.7700e-03  2.2900e-03  4.1200e-03
  5308.36      1.8838  9.4500e-03  9.3400e-03  1.7600e-03  2.2700e-03  4.1100e-03
  5306.86      1.8844  9.4400e-03  9.3200e-03  1.7600e-03  2.2700e-03  4.1000e-03
  5305.36      1.8849  9.4400e-03  9.3200e-03  1.7600e-03  2.2700e-03  4.1100e-03
  5303.86      1.8854  9.4600e-03  9.3400e-03  1.7800e-03  2.2800e-03  4.1200e-03
  5302.36      1.8860  9.4900e-03  9.3600e-03  1.7800e-03  2.2800e-03  4.1200e-03
  5300.86      1.8865  9.5200e-03  9.3900e-03  1.7800e-03  2.2800e-03  4.1200e-03
  5299.36      1.8870  9.5500e-03  9.4300e-03  1.7900e-03  2.2800e-03  4.1200e-03
  5297.86      1.8876  9.5700e-03  9.4400e-03  1.7900e-03  2.2800e-03  4.1200e-03
  5296.36      1.8881  9.5800e-03  9.4500e-03  1.7800e-03  2.2700e-03  4.1100e-03
  5294.86      1.8886  9.5800e-03  9.4400e-03  1.7800e-03  2.2600e-03  4.1000e-03
  5293.36      1.8892  9.5600e-03  9.4200e-03  1.7500e-03  2.2400e-03  4.0800e-03
  5291.86      1.8897  9.5300e-03  9.3900e-03  1.7400e-03  2.2300e-03  4.0600e-03
  5290.36      1.8902  9.5100e-03  9.3600e-03  1.7400e-03  2.2200e-03  4.0600e-03
  5288.86      1.8908  9.5000e-03  9.3400e-03  1.7500e-03  2.2300e-03  4.0700e-03
  5287.36      1.8913  9.5000e-03  9.3400e-03  1.7800e-03  2.2500e-03  4.0900e-03
  5285.86      1.8918  9.5200e-03  9.3600e-03  1.7900e-03  2.2600e-03  4.1000e-03
  5284.36      1.8924  9.5300e-03  9.3700e-03  1.8200e-03  2.2900e-03  4.1300e-03
  5282.86      1.8929  9.5600e-03  9.4000e-03  1.8500e-03  2.3100e-03  4.1500e-03
  5281.36      1.8935  9.5900e-03  9.4300e-03  1.8800e-03  2.3400e-03  4.1800e-03
  5279.86      1.8940  9.6200e-03  9.4600e-03  1.9100e-03  2.3700e-03  4.2100e-03
  5278.36      1.8945  9.6600e-03  9.4900e-03  1.9200e-03  2.3800e-03  4.2200e-03
  5276.86      1.8951  9.7000e-03  9.5200e-03  1.9300e-03  2.3800e-03  4.2300e-03
  5275.35      1.8956  9.7200e-03  9.5400e-03  1.9300e-03  2.3700e-03  4.2200e-03
  5273.85      1.8961  9.7400e-03  9.5500e-03  1.9100e-03  2.3500e-03  4.2000e-03
  5272.35      1.8967  9.7300e-03  9.5400e-03  1.8800e-03  2.3200e-03  4.1700e-03
  5270.85      1.8972  9.7000e-03  9.5000e-03  1.8700e-03  2.3000e-03  4.1500e-03
  5269.35      1.8978  9.6400e-03  9.4400e-03  1.8500e-03  2.2800e-03  4.1300e-03
  5267.85      1.8983  9.5800e-03  9.3800e-03  1.8400e-03  2.2600e-03  4.1100e-03
  5266.35      1.8988  9.5400e-03  9.3300e-03  1.8200e-03  2.2400e-03  4.0900e-03
  5264.85      1.8994  9.5300e-03  9.3100e-03  1.8100e-03  2.2200e-03  4.0800e-03
  5263.35      1.8999  9.5500e-03  9.3200e-03  1.8100e-03  2.2200e-03  4.0800e-03
  5261.85      1.9005  9.5800e-03  9.3600e-03  1.8300e-03  2.2400e-03  4.0900e-03
  5260.35      1.9010  9.6300e-03  9.4100e-03  1.8600e-03  2.2600e-03  4.1200e-03
  5258.85      1.9016  9.6700e-03  9.4400e-03  1.8900e-03  2.2800e-03  4.1500e-03
  5257.35      1.9021  9.6800e-03  9.4500e-03  1.9000e-03  2.2900e-03  4.1600e-03
  5255.85      1.9026  9.6600e-03  9.4200e-03  1.9200e-03  2.3100e-03  4.1800e-03
  5254.35      1.9032  9.6400e-03  9.3900e-03  1.9500e-03  2.3300e-03  4.2000e-03
  5252.85      1.9037  9.6100e-03  9.3700e-03  1.9900e-03  2.3700e-03  4.2400e-03
  5251.35      1.9043  9.6100e-03  9.3500e-03  2.0400e-03  2.4100e-03  4.2800e-03
  5249.85      1.9048  9.6100e-03  9.3500e-03  2.0800e-03  2.4500e-03  4.3200e-03
  5248.35      1.9054  9.6200e-03  9.3600e-03  2.1200e-03  2.4800e-03  4.3600e-03
  5246.85      1.9059  9.6400e-03  9.3700e-03  2.1700e-03  2.5300e-03  4.4100e-03
  5245.35      1.9064  9.6700e-03  9.4000e-03  2.2400e-03  2.5900e-03  4.4700e-03
  5243.85      1.9070  9.6900e-03  9.4200e-03  2.3000e-03  2.6500e-03  4.5400e-03
  5242.35      1.9075  9.7200e-03  9.4400e-03  2.3800e-03  2.7200e-03  4.6100e-03
  5240.85      1.9081  9.7500e-03  9.4500e-03  2.4200e-03  2.7600e-03  4.6600e-03
  5239.35      1.9086  9.7600e-03  9.4700e-03  2.4600e-03  2.8000e-03  4.7000e-03
  5237.85      1.9092  9.7600e-03  9.4500e-03  2.4900e-03  2.8100e-03  4.7100e-03
  5236.35      1.9097  9.7500e-03  9.4400e-03  2.5100e-03  2.8300e-03  4.7300e-03
  5234.85      1.9103  9.7300e-03  9.4200e-03  2.5100e-03  2.8200e-03  4.7300e-03
  5233.35      1.9108  9.7100e-03  9.3900e-03  2.5000e-03  2.8100e-03  4.7200e-03
  5231.85      1.9114  9.6800e-03  9.3500e-03  2.4800e-03  2.7800e-03  4.7000e-03
  5230.35      1.9119  9.6700e-03  9.3400e-03  2.4700e-03  2.7600e-03  4.6800e-03
  5228.85      1.9125  9.6500e-03  9.3200e-03  2.4500e-03  2.7300e-03  4.6600e-03
  5227.35      1.9130  9.6500e-03  9.3100e-03  2.4400e-03  2.7200e-03  4.6500e-03
  5225.85      1.9136  9.6500e-03  9.3100e-03  2.4300e-03  2.7000e-03  4.6400e-03
  5224.35      1.9141  9.6700e-03  9.3100e-03  2.4400e-03  2.7000e-03  4.6400e-03
  5222.85      1.9147  9.7000e-03  9.3400e-03  2.4600e-03  2.7100e-03  4.6600e-03
  5221.35      1.9152  9.7400e-03  9.3700e-03  2.4700e-03  2.7100e-03  4.6700e-03
  5219.85      1.9158  9.7900e-03  9.4100e-03  2.4800e-03  2.7200e-03  4.6800e-03
  5218.35      1.9163  9.8300e-03  9.4500e-03  2.4900e-03  2.7100e-03  4.6800e-03
  5216.85      1.9169  9.8500e-03  9.4600e-03  2.4900e-03  2.7000e-03  4.6800e-03
  5215.35      1.9174  9.8400e-03  9.4300e-03  2.4900e-03  2.6900e-03  4.6900e-03
  5213.85      1.9180  9.7900e-03  9.3600e-03  2.4900e-03  2.6800e-03  4.6900e-03
  5212.35      1.9185  9.7400e-03  9.2500e-03  2.4900e-03  2.6600e-03  4.6900e-03
  5210.85      1.9191  9.6900e-03  9.1200e-03  2.4700e-03  2.6300e-03  4.6800e-03
  5209.35      1.9196  9.6700e-03  8.9900e-03  2.4500e-03  2.6000e-03  4.6600e-03
  5207.85      1.9202  9.6800e-03  8.8900e-03  2.4400e-03  2.5600e-03  4.6500e-03
  5206.35      1.9207  9.7300e-03  8.8200e-03  2.4500e-03  2.5400e-03  4.6500e-03
  5204.85      1.9213  9.8100e-03  8.8100e-03  2.4700e-03  2.5200e-03  4.6600e-03
  5203.35      1.9218  9.8800e-03  8.8400e-03  2.4800e-03  2.5200e-03  4.6800e-03
  5201.85      1.9224  9.9500e-03  8.8900e-03  2.4800e-03  2.5100e-03  4.6900e-03
  5200.35      1.9229  9.9700e-03  8.9300e-03  2.4800e-03  2.5000e-03  4.6900e-03
  5198.85      1.9235  9.9700e-03  8.9800e-03  2.4800e-03  2.5000e-03  4.6800e-03
  5197.35      1.9241  9.9300e-03  9.0000e-03  2.4800e-03  2.5200e-03  4.6800e-03
  5195.85      1.9246  9.8800e-03  9.0000e-03  2.4900e-03  2.5500e-03  4.6800e-03
  5194.35      1.9252  9.8000e-03  8.9800e-03  2.5000e-03  2.5800e-03  4.6800e-03
  5192.85      1.9257  9.7300e-03  8.9600e-03  2.5000e-03  2.6200e-03  4.6700e-03
  5191.35      1.9263  9.6700e-03  8.9400e-03  2.5000e-03  2.6500e-03  4.6500e-03
  5189.85      1.9268  9.6400e-03  8.9700e-03  2.5300e-03  2.6800e-03  4.6400e-03
  5188.35      1.9274  9.6500e-03  9.0200e-03  2.5700e-03  2.6900e-03  4.6300e-03
  5186.85      1.9280  9.6600e-03  9.1100e-03  2.6300e-03  2.7000e-03  4.6300e-03
  5185.35      1.9285  9.7100e-03  9.2100e-03  2.6900e-03  2.6800e-03  4.6500e-03
  5183.85      1.9291  9.7600e-03  9.3100e-03  2.7500e-03  2.6600e-03  4.6600e-03
  5182.35      1.9296  9.7900e-03  9.3900e-03  2.8100e-03  2.6200e-03  4.6700e-03
  5180.85      1.9302  9.8200e-03  9.4300e-03  2.8800e-03  2.5700e-03  4.6800e-03
  5179.35      1.9307  9.8200e-03  9.4100e-03  2.9400e-03  2.5200e-03  4.6900e-03
  5177.85      1.9313  9.8200e-03  9.3500e-03  3.0000e-03  2.4800e-03  4.7000e-03
  5176.35      1.9319  9.8000e-03  9.2700e-03  3.0300e-03  2.4500e-03  4.7100e-03
  5174.85      1.9324  9.7700e-03  9.1800e-03  3.0500e-03  2.4500e-03  4.7000e-03
  5173.35      1.9330  9.7600e-03  9.0700e-03  3.0600e-03  2.4500e-03  4.7000e-03
  5171.85      1.9335  9.7200e-03  8.9900e-03  3.0700e-03  2.4700e-03  4.6800e-03
  5170.35      1.9341  9.6700e-03  8.9300e-03  3.0700e-03  2.5200e-03  4.6600e-03
  5168.85      1.9347  9.6300e-03  8.9100e-03  3.0500e-03  2.5700e-03  4.6400e-03
  5167.35      1.9352  9.5900e-03  8.9200e-03  3.0200e-03  2.6400e-03  4.6300e-03
  5165.85      1.9358  9.5500e-03  8.9700e-03  2.9800e-03  2.7000e-03  4.6200e-03
  5164.35      1.9364  9.5400e-03  9.0500e-03  2.9500e-03  2.7500e-03  4.6100e-03
  5162.85      1.9369  9.5400e-03  9.1400e-03  2.9400e-03  2.8000e-03  4.6100e-03
  5161.35      1.9375  9.5700e-03  9.2300e-03  2.9100e-03  2.8500e-03  4.6000e-03
  5159.85      1.9380  9.6200e-03  9.3200e-03  2.8900e-03  2.8900e-03  4.6000e-03
  5158.35      1.9386  9.6800e-03  9.3700e-03  2.8600e-03  2.9200e-03  4.6100e-03
  5156.85      1.9392  9.7300e-03  9.4100e-03  2.8300e-03  2.9300e-03  4.6100e-03
  5155.35      1.9397  9.7500e-03  9.4400e-03  2.8000e-03  2.9400e-03  4.6000e-03
  5153.85      1.9403  9.7500e-03  9.4600e-03  2.7800e-03  2.9400e-03  4.5900e-03
  5152.35      1.9409  9.7200e-03  9.4600e-03  2.7500e-03  2.9200e-03  4.5600e-03
  5150.85      1.9414  9.6600e-03  9.4400e-03  2.7200e-03  2.8900e-03  4.5300e-03
  5149.35      1.9420  9.6000e-03  9.4200e-03  2.6800e-03  2.8500e-03  4.4900e-03
  5147.85      1.9426  9.5500e-03  9.3800e-03  2.6500e-03  2.7900e-03  4.4500e-03
  5146.35      1.9431  9.5300e-03  9.3400e-03  2.6200e-03  2.7300e-03  4.4100e-03
  5144.85      1.9437  9.5200e-03  9.2900e-03  2.5900e-03  2.6800e-03  4.3700e-03
  5143.35      1.9443  9.5100e-03  9.2600e-03  2.5800e-03  2.6300e-03  4.3500e-03
  5141.85      1.9448  9.5100e-03  9.2500e-03  2.5700e-03  2.5900e-03  4.3300e-03
  5140.35      1.9454  9.5100e-03  9.2700e-03  2.5700e-03  2.5800e-03  4.3200e-03
  5138.84      1.9460  9.5000e-03  9.2900e-03  2.5600e-03  2.5600e-03  4.3300e-03
  5137.34      1.9465  9.4800e-03  9.3200e-03  2.5600e-03  2.5600e-03  4.3500e-03
  5135.84      1.9471  9.4800e-03  9.3300e-03  2.5500e-03  2.5900e-03  4.3800e-03
  5134.34      1.9477  9.4900e-03  9.3200e-03  2.5300e-03  2.6100e-03  4.4000e-03
  5132.84      1.9482  9.5000e-03  9.3000e-03  2.5200e-03  2.6300e-03  4.4100e-03
  5131.34      1.9488  9.5200e-03  9.2800e-03  2.5200e-03  2.6500e-03  4.4000e-03
  5129.84      1.9494  9.5200e-03  9.2500e-03  2.5200e-03  2.6600e-03  4.4000e-03
  5128.34      1.9499  9.5100e-03  9.2200e-03  2.5300e-03  2.6500e-03  4.3900e-03
  5126.84      1.9505  9.4900e-03  9.2000e-03  2.5400e-03  2.6500e-03  4.3800e-03
  5125.34      1.9511  9.4300e-03  9.1900e-03  2.5500e-03  2.6200e-03  4.3600e-03
  5123.84      1.9517  9.3500e-03  9.1800e-03  2.5800e-03  2.6000e-03  4.3400e-03
  5122.34      1.9522  9.2600e-03  9.1700e-03  2.6200e-03  2.5600e-03  4.3300e-03
  5120.84      1.9528  9.2000e-03  9.1500e-03  2.6500e-03  2.5200e-03  4.3300e-03
  5119.34      1.9534  9.1500e-03  9.1200e-03  2.6800e-03  2.4900e-03  4.3300e-03
  5117.84      1.9539  9.1300e-03  9.0800e-03  2.6900e-03  2.4600e-03  4.3300e-03
  5116.34      1.9545  9.1500e-03  9.0200e-03  2.6800e-03  2.4500e-03  4.3300e-03
  5114.84      1.9551  9.2000e-03  8.9800e-03  2.6600e-03  2.4400e-03  4.3200e-03
  5113.34      1.9557  9.2500e-03  8.9400e-03  2.6500e-03  2.4400e-03  4.3100e-03
  5111.84      1.9562  9.3000e-03  8.9200e-03  2.6200e-03  2.4500e-03  4.2900e-03
  5110.34      1.9568  9.3400e-03  8.9200e-03  2.6000e-03  2.4800e-03  4.2500e-03
  5108.84      1.9574  9.3600e-03  8.9500e-03  2.5700e-03  2.5100e-03  4.2200e-03
  5107.34      1.9580  9.3600e-03  8.9800e-03  2.5300e-03  2.5500e-03  4.1900e-03
  5105.84      1.9585  9.3500e-03  9.0000e-03  2.5100e-03  2.5800e-03  4.1600e-03
  5104.34      1.9591  9.3400e-03  9.0200e-03  2.4800e-03  2.6200e-03  4.1300e-03
  5102.84      1.9597  9.3300e-03  9.0300e-03  2.4600e-03  2.6400e-03  4.1200e-03
  5101.34      1.9603  9.3200e-03  9.0300e-03  2.4300e-03  2.6600e-03  4.1000e-03
  5099.84      1.9608  9.3100e-03  9.0100e-03  2.4000e-03  2.6700e-03  4.0900e-03
  5098.34      1.9614  9.2900e-03  9.0100e-03  2.3600e-03  2.6800e-03  4.0800e-03
  5096.84      1.9620  9.2600e-03  8.9900e-03  2.3100e-03  2.6900e-03  4.0900e-03
  5095.34      1.9626  9.2300e-03  8.9700e-03  2.2800e-03  2.6900e-03  4.0800e-03
  5093.84      1.9632  9.1900e-03  8.9500e-03  2.2300e-03  2.7000e-03  4.0800e-03
  5092.34      1.9637  9.1600e-03  8.9300e-03  2.1900e-03  2.7000e-03  4.0700e-03
  5090.84      1.9643  9.1300e-03  8.9300e-03  2.1500e-03  2.7200e-03  4.0500e-03
  5089.34      1.9649  9.1200e-03  8.9400e-03  2.1100e-03  2.7300e-03  4.0300e-03
  5087.84      1.9655  9.1200e-03  8.9400e-03  2.0700e-03  2.7500e-03  4.0000e-03
  5086.34      1.9660  9.1300e-03  8.9500e-03  2.0400e-03  2.7700e-03  3.9700e-03
  5084.84      1.9666  9.1500e-03  8.9500e-03  2.0300e-03  2.7900e-03  3.9400e-03
  5083.34      1.9672  9.1600e-03  8.9100e-03  2.0300e-03  2.8100e-03  3.9000e-03
  5081.84      1.9678  9.1600e-03  8.8400e-03  2.0300e-03  2.8100e-03  3.8600e-03
  5080.34      1.9684  9.1600e-03  8.7600e-03  2.0500e-03  2.8200e-03  3.8300e-03
  5078.84      1.9690  9.1500e-03  8.6600e-03  2.0600e-03  2.8100e-03  3.8000e-03
  5077.34      1.9695  9.1200e-03  8.5700e-03  2.0900e-03  2.8000e-03  3.7600e-03
  5075.84      1.9701  9.1000e-03  8.4900e-03  2.1100e-03  2.7800e-03  3.7200e-03
  5074.34      1.9707  9.0700e-03  8.4600e-03  2.1300e-03  2.7600e-03  3.6900e-03
  5072.84      1.9713  9.0600e-03  8.4400e-03  2.1600e-03  2.7300e-03  3.6700e-03
  5071.34      1.9719  9.0500e-03  8.4500e-03  2.1700e-03  2.7000e-03  3.6600e-03
  5069.84      1.9724  9.0500e-03  8.4900e-03  2.1700e-03  2.6700e-03  3.6500e-03
  5068.34      1.9730  9.0500e-03  8.5500e-03  2.1600e-03  2.6300e-03  3.6500e-03
  5066.84      1.9736  9.0300e-03  8.6000e-03  2.1400e-03  2.6000e-03  3.6500e-03
  5065.34      1.9742  9.0000e-03  8.6500e-03  2.1300e-03  2.5700e-03  3.6600e-03
  5063.84      1.9748  8.9600e-03  8.6700e-03  2.1100e-03  2.5300e-03  3.6800e-03
  5062.34      1.9754  8.8800e-03  8.6800e-03  2.1000e-03  2.5100e-03  3.7000e-03
  5060.84      1.9760  8.8100e-03  8.6500e-03  2.0700e-03  2.4900e-03  3.7300e-03
  5059.34      1.9765  8.7300e-03  8.6000e-03  2.0500e-03  2.4800e-03  3.7500e-03
  5057.84      1.9771  8.7000e-03  8.5300e-03  2.0200e-03  2.4700e-03  3.7500e-03
  5056.34      1.9777  8.7000e-03  8.4500e-03  1.9900e-03  2.4600e-03  3.7500e-03
  5054.84      1.9783  8.7400e-03  8.3800e-03  1.9800e-03  2.4500e-03  3.7500e-03
  5053.34      1.9789  8.8000e-03  8.3400e-03  1.9500e-03  2.4400e-03  3.7300e-03
  5051.84      1.9795  8.8600e-03  8.3300e-03  1.9400e-03  2.4300e-03  3.7200e-03
  5050.34      1.9801  8.8900e-03  8.3600e-03  1.9100e-03  2.4200e-03  3.6800e-03
  5048.84      1.9807  8.8900e-03  8.4200e-03  1.9000e-03  2.4100e-03  3.6400e-03
  5047.34      1.9812  8.8500e-03  8.5000e-03  1.8900e-03  2.3900e-03  3.5900e-03
  5045.84      1.9818  8.8100e-03  8.5900e-03  1.8900e-03  2.3700e-03  3.5500e-03
  5044.34      1.9824  8.7700e-03  8.6600e-03  1.8900e-03  2.3500e-03  3.5100e-03
  5042.84      1.9830  8.7300e-03  8.7300e-03  1.8800e-03  2.3300e-03  3.4900e-03
  5041.34      1.9836  8.7100e-03  8.7900e-03  1.8800e-03  2.3200e-03  3.4700e-03
  5039.84      1.9842  8.7100e-03  8.8200e-03  1.8600e-03  2.3200e-03  3.4500e-03
  5038.34      1.9848  8.7100e-03  8.8200e-03  1.8500e-03  2.3200e-03  3.4400e-03
  5036.84      1.9854  8.7300e-03  8.8100e-03  1.8300e-03  2.3200e-03  3.4400e-03
  5035.34      1.9860  8.7400e-03  8.7800e-03  1.8100e-03  2.3200e-03  3.4400e-03
  5033.84      1.9866  8.7400e-03  8.7400e-03  1.7900e-03  2.3400e-03  3.4500e-03
  5032.34      1.9871  8.7400e-03  8.6800e-03  1.7700e-03  2.3500e-03  3.4600e-03
  5030.84      1.9877  8.7300e-03  8.6200e-03  1.7700e-03  2.3800e-03  3.4700e-03
  5029.34      1.9883  8.7100e-03  8.5500e-03  1.7500e-03  2.4100e-03  3.4700e-03
  5027.84      1.9889  8.7100e-03  8.4700e-03  1.7500e-03  2.4100e-03  3.4600e-03
  5026.34      1.9895  8.7000e-03  8.4100e-03  1.7700e-03  2.4100e-03  3.4600e-03
  5024.84      1.9901  8.7000e-03  8.3800e-03  1.7800e-03  2.4100e-03  3.4600e-03
  5023.34      1.9907  8.7000e-03  8.3700e-03  1.8200e-03  2.4000e-03  3.4500e-03
  5021.84      1.9913  8.7100e-03  8.3700e-03  1.8400e-03  2.3900e-03  3.4400e-03
  5020.34      1.9919  8.7200e-03  8.3900e-03  1.8600e-03  2.3700e-03  3.4300e-03
  5018.84      1.9925  8.7500e-03  8.4300e-03  1.8600e-03  2.3600e-03  3.4100e-03
  5017.34      1.9931  8.7600e-03  8.4800e-03  1.8600e-03  2.3400e-03  3.3800e-03
  5015.84      1.9937  8.7900e-03  8.5200e-03  1.8600e-03  2.3400e-03  3.3400e-03
  5014.34      1.9943  8.8000e-03  8.5300e-03  1.8600e-03  2.3400e-03  3.3100e-03
  5012.84      1.9949  8.8300e-03  8.5500e-03  1.8400e-03  2.3600e-03  3.2800e-03
  5011.34      1.9955  8.8400e-03  8.5300e-03  1.8100e-03  2.3700e-03  3.2500e-03
  5009.84      1.9961  8.8300e-03  8.4800e-03  1.7700e-03  2.4100e-03  3.2100e-03
  5008.34      1.9967  8.8100e-03  8.4300e-03  1.7400e-03  2.4400e-03  3.1800e-03
  5006.83      1.9973  8.7800e-03  8.3600e-03  1.7100e-03  2.4600e-03  3.1600e-03
  5005.33      1.9979  8.7300e-03  8.3200e-03  1.7000e-03  2.4800e-03  3.1500e-03
  5003.83      1.9985  8.6700e-03  8.2900e-03  1.6700e-03  2.4800e-03  3.1500e-03
  5002.33      1.9991  8.6100e-03  8.2700e-03  1.6500e-03  2.4700e-03  3.1700e-03
  5000.83      1.9997  8.5600e-03  8.2700e-03  1.6400e-03  2.4600e-03  3.1700e-03
  4999.33      2.0003  8.4900e-03  8.2600e-03  1.6400e-03  2.4400e-03  3.1800e-03
  4997.83      2.0009  8.4400e-03  8.2400e-03  1.6400e-03  2.4300e-03  3.1900e-03
  4996.33      2.0015  8.4000e-03  8.2100e-03  1.6300e-03  2.4000e-03  3.2000e-03
  4994.83      2.0021  8.3600e-03  8.1600e-03  1.6200e-03  2.4000e-03  3.2000e-03
  4993.33      2.0027  8.3400e-03  8.1000e-03  1.6100e-03  2.3800e-03  3.2000e-03
  4991.83      2.0033  8.3400e-03  8.0400e-03  1.6100e-03  2.3800e-03  3.1900e-03
  4990.33      2.0039  8.3400e-03  7.9900e-03  1.6000e-03  2.3700e-03  3.1600e-03
  4988.83      2.0045  8.3500e-03  7.9500e-03  1.5800e-03  2.3800e-03  3.1300e-03
  4987.33      2.0051  8.3600e-03  7.9100e-03  1.5500e-03  2.3800e-03  3.1100e-03
  4985.83      2.0057  8.3700e-03  7.9000e-03  1.5200e-03  2.3800e-03  3.0900e-03
  4984.33      2.0063  8.3600e-03  7.8900e-03  1.4900e-03  2.3800e-03  3.0800e-03
  4982.83      2.0069  8.3500e-03  7.9200e-03  1.4500e-03  2.3700e-03  3.0800e-03
  4981.33      2.0075  8.3200e-03  7.9600e-03  1.4200e-03  2.3600e-03  3.0800e-03
  4979.83      2.0081  8.2800e-03  8.0100e-03  1.4000e-03  2.3500e-03  3.1000e-03
  4978.33      2.0087  8.2500e-03  8.0500e-03  1.3700e-03  2.3400e-03  3.1100e-03
  4976.83      2.0093  8.2100e-03  8.0900e-03  1.3600e-03  2.3200e-03  3.1300e-03
  4975.33      2.0099  8.1900e-03  8.1100e-03  1.3400e-03  2.2900e-03  3.1400e-03
  4973.83      2.0105  8.1900e-03  8.1100e-03  1.3400e-03  2.2800e-03  3.1400e-03
  4972.33      2.0111  8.2100e-03  8.1100e-03  1.3500e-03  2.2600e-03  3.1300e-03
  4970.83      2.0117  8.2400e-03  8.0900e-03  1.3600e-03  2.2600e-03  3.1200e-03
  4969.33      2.0123  8.2600e-03  8.0900e-03  1.3700e-03  2.2300e-03  3.0800e-03
  4967.83      2.0130  8.2700e-03  8.0800e-03  1.3700e-03  2.2100e-03  3.0400e-03
  4966.33      2.0136  8.2800e-03  8.0700e-03  1.3800e-03  2.1800e-03  3.0000e-03
  4964.83      2.0142  8.2700e-03  8.0500e-03  1.3900e-03  2.1700e-03  2.9600e-03
  4963.33      2.0148  8.2400e-03  8.0100e-03  1.4000e-03  2.1500e-03  2.9200e-03
  4961.83      2.0154  8.2100e-03  7.9600e-03  1.4000e-03  2.1300e-03  2.8900e-03
  4960.33      2.0160  8.1800e-03  7.9200e-03  1.3900e-03  2.1200e-03  2.8600e-03
  4958.83      2.0166  8.1400e-03  7.8600e-03  1.3900e-03  2.1000e-03  2.8400e-03
  4957.33      2.0172  8.0800e-03  7.8300e-03  1.3800e-03  2.0900e-03  2.8300e-03
  4955.83      2.0178  8.0400e-03  7.8200e-03  1.3800e-03  2.0900e-03  2.8300e-03
  4954.33      2.0184  7.9900e-03  7.8500e-03  1.3800e-03  2.0900e-03  2.8300e-03
  4952.83      2.0190  7.9700e-03  7.9100e-03  1.3900e-03  2.1000e-03  2.8200e-03
  4951.33      2.0197  7.9500e-03  7.9800e-03  1.3900e-03  2.1000e-03  2.8200e-03
  4949.83      2.0203  7.9600e-03  8.0500e-03  1.4000e-03  2.1100e-03  2.7900e-03
  4948.33      2.0209  7.9800e-03  8.1200e-03  1.4100e-03  2.1300e-03  2.7600e-03
  4946.83      2.0215  8.0000e-03  8.1300e-03  1.4200e-03  2.1400e-03  2.7200e-03
  4945.33      2.0221  8.0200e-03  8.1000e-03  1.4200e-03  2.1700e-03  2.6700e-03
  4943.83      2.0227  8.0300e-03  8.0500e-03  1.4200e-03  2.1800e-03  2.6200e-03
  4942.33      2.0233  8.0300e-03  7.9700e-03  1.4200e-03  2.1900e-03  2.5700e-03
  4940.83      2.0240  8.0100e-03  7.9000e-03  1.4200e-03  2.2000e-03  2.5200e-03
  4939.33      2.0246  7.9800e-03  7.8500e-03  1.4100e-03  2.2000e-03  2.4600e-03
  4937.83      2.0252  7.9500e-03  7.8100e-03  1.4000e-03  2.2000e-03  2.4000e-03
  4936.33      2.0258  7.8900e-03  7.8100e-03  1.3700e-03  2.1700e-03  2.3600e-03
  4934.83      2.0264  7.8500e-03  7.8100e-03  1.3500e-03  2.1500e-03  2.3200e-03
  4933.33      2.0270  7.8200e-03  7.7900e-03  1.3200e-03  2.1300e-03  2.2900e-03
  4931.83      2.0276  7.8000e-03  7.7500e-03  1.2900e-03  2.1100e-03  2.2700e-03
  4930.33      2.0283  7.8100e-03  7.6900e-03  1.2500e-03  2.1000e-03  2.2600e-03
  4928.83      2.0289  7.8400e-03  7.6400e-03  1.2200e-03  2.0900e-03  2.2700e-03
  4927.33      2.0295  7.8700e-03  7.5700e-03  1.2000e-03  2.0900e-03  2.2800e-03
  4925.83      2.0301  7.9100e-03  7.5300e-03  1.1700e-03  2.1000e-03  2.3100e-03
  4924.33      2.0307  7.9400e-03  7.5000e-03  1.1400e-03  2.1200e-03  2.3400e-03
  4922.83      2.0314  7.9700e-03  7.5000e-03  1.1200e-03  2.1500e-03  2.3900e-03
  4921.33      2.0320  7.9700e-03  7.4900e-03  1.1000e-03  2.1700e-03  2.4400e-03
  4919.83      2.0326  7.9600e-03  7.4800e-03  1.0800e-03  2.1900e-03  2.5000e-03
  4918.33      2.0332  7.9300e-03  7.4900e-03  1.0600e-03  2.1900e-03  2.5300e-03
  4916.83      2.0338  7.8800e-03  7.5000e-03  1.0200e-03  2.1900e-03  2.5600e-03
  4915.33      2.0345  7.8200e-03  7.5300e-03  9.9000e-04  2.1600e-03  2.5800e-03
  4913.83      2.0351  7.7400e-03  7.5800e-03  9.5000e-04  2.1400e-03  2.5900e-03
  4912.33      2.0357  7.6600e-03  7.6300e-03  9.1000e-04  2.1000e-03  2.5900e-03
  4910.83      2.0363  7.6000e-03  7.6800e-03  8.7000e-04  2.0700e-03  2.5800e-03
  4909.33      2.0369  7.5700e-03  7.7000e-03  8.3000e-04  2.0400e-03  2.5600e-03
  4907.83      2.0376  7.5600e-03  7.7000e-03  7.9000e-04  2.0100e-03  2.5100e-03
  4906.33      2.0382  7.5600e-03  7.6700e-03  7.6000e-04  1.9800e-03  2.4800e-03
  4904.83      2.0388  7.5700e-03  7.6300e-03  7.3000e-04  1.9600e-03  2.4400e-03
  4903.33      2.0394  7.5900e-03  7.6000e-03  7.0000e-04  1.9500e-03  2.4000e-03
  4901.83      2.0401  7.6200e-03  7.5700e-03  6.8000e-04  1.9400e-03  2.3800e-03
  4900.33      2.0407  7.6300e-03  7.5700e-03  6.7000e-04  1.9400e-03  2.3500e-03
  4898.83      2.0413  7.6400e-03  7.5700e-03  6.7000e-04  1.9300e-03  2.3200e-03
  4897.33      2.0419  7.6400e-03  7.5600e-03  6.7000e-04  1.9300e-03  2.3000e-03
  4895.83      2.0426  7.6200e-03  7.5300e-03  6.9000e-04  1.9200e-03  2.3000e-03
  4894.33      2.0432  7.5800e-03  7.4900e-03  7.1000e-04  1.9200e-03  2.3100e-03
  4892.83      2.0438  7.5400e-03  7.4500e-03  7.3000e-04  1.9300e-03  2.3200e-03
  4891.33      2.0444  7.4900e-03  7.4000e-03  7.6000e-04  1.9500e-03  2.3300e-03
  4889.83      2.0451  7.4600e-03  7.3600e-03  8.0000e-04  1.9600e-03  2.3300e-03
  4888.33      2.0457  7.4400e-03  7.3500e-03  8.3000e-04  1.9800e-03  2.3500e-03
  4886.83      2.0463  7.4300e-03  7.3400e-03  8.5000e-04  1.9900e-03  2.3700e-03
  4885.33      2.0469  7.4300e-03  7.3500e-03  8.7000e-04  1.9900e-03  2.4000e-03
  4883.83      2.0476  7.4400e-03  7.3600e-03  8.7000e-04  1.9900e-03  2.4300e-03
  4882.33      2.0482  7.4600e-03  7.3800e-03  8.7000e-04  1.9800e-03  2.4600e-03
  4880.83      2.0488  7.4700e-03  7.4000e-03  8.5000e-04  1.9700e-03  2.4900e-03
  4879.33      2.0495  7.4700e-03  7.4200e-03  8.4000e-04  1.9400e-03  2.5200e-03
  4877.83      2.0501  7.4800e-03  7.4400e-03  8.1000e-04  1.9000e-03  2.5500e-03
  4876.33      2.0507  7.4800e-03  7.4600e-03  7.6000e-04  1.8500e-03  2.5900e-03
  4874.83      2.0514  7.4800e-03  7.4700e-03  7.2000e-04  1.8100e-03  2.6200e-03
  4873.33      2.0520  7.4700e-03  7.4600e-03  6.7000e-04  1.7600e-03  2.6300e-03
  4871.83      2.0526  7.4700e-03  7.4500e-03  6.2000e-04  1.7300e-03  2.6400e-03
  4870.32      2.0533  7.4700e-03  7.4300e-03  5.8000e-04  1.7200e-03  2.6500e-03
  4868.82      2.0539  7.4600e-03  7.4100e-03  5.6000e-04  1.7000e-03  2.6400e-03
  4867.32      2.0545  7.4600e-03  7.3700e-03  5.3000e-04  1.7100e-03  2.6400e-03
  4865.82      2.0552  7.4500e-03  7.3400e-03  5.2000e-04  1.7200e-03  2.6300e-03
  4864.32      2.0558  7.4400e-03  7.3100e-03  5.1000e-04  1.7500e-03  2.6300e-03
  4862.82      2.0564  7.4300e-03  7.2800e-03  5.2000e-04  1.8000e-03  2.6200e-03
  4861.32      2.0571  7.4000e-03  7.2500e-03  5.3000e-04  1.8500e-03  2.6200e-03
  4859.82      2.0577  7.3900e-03  7.2200e-03  5.4000e-04  1.9100e-03  2.6100e-03
  4858.32      2.0583  7.3700e-03  7.1900e-03  5.6000e-04  1.9600e-03  2.6100e-03
  4856.82      2.0590  7.3500e-03  7.1600e-03  5.8000e-04  1.9900e-03  2.6000e-03
  4855.32      2.0596  7.3400e-03  7.1100e-03  5.8000e-04  2.0100e-03  2.5900e-03
  4853.82      2.0602  7.3300e-03  7.0700e-03  6.0000e-04  2.0200e-03  2.5800e-03
  4852.32      2.0609  7.3300e-03  7.0600e-03  6.0000e-04  2.0100e-03  2.5800e-03
  4850.82      2.0615  7.3300e-03  7.0500e-03  6.2000e-04  1.9600e-03  2.5800e-03
  4849.32      2.0621  7.3300e-03  7.0700e-03  6.3000e-04  1.9100e-03  2.5700e-03
  4847.82      2.0628  7.3500e-03  7.1000e-03  6.5000e-04  1.8500e-03  2.5700e-03
  4846.32      2.0634  7.3500e-03  7.1700e-03  6.6000e-04  1.8100e-03  2.5700e-03
  4844.82      2.0641  7.3700e-03  7.2400e-03  6.9000e-04  1.7600e-03  2.5600e-03
  4843.32      2.0647  7.3700e-03  7.3000e-03  7.1000e-04  1.7300e-03  2.5600e-03
  4841.82      2.0653  7.3900e-03  7.3500e-03  7.3000e-04  1.7100e-03  2.5500e-03
  4840.32      2.0660  7.4100e-03  7.3800e-03  7.5000e-04  1.7100e-03  2.5400e-03
  4838.82      2.0666  7.4100e-03  7.3800e-03  7.5000e-04  1.7200e-03  2.5300e-03
  4837.32      2.0673  7.4200e-03  7.3500e-03  7.5000e-04  1.7400e-03  2.5000e-03
  4835.82      2.0679  7.4200e-03  7.3000e-03  7.6000e-04  1.7800e-03  2.4700e-03
  4834.32      2.0685  7.4000e-03  7.2500e-03  7.5000e-04  1.8100e-03  2.4400e-03
  4832.82      2.0692  7.3700e-03  7.1900e-03  7.3000e-04  1.8200e-03  2.4100e-03
  4831.32      2.0698  7.3400e-03  7.1400e-03  7.1000e-04  1.8400e-03  2.3800e-03
  4829.82      2.0705  7.2900e-03  7.1200e-03  6.8000e-04  1.8500e-03  2.3600e-03
  4828.32      2.0711  7.2300e-03  7.1400e-03  6.6000e-04  1.8600e-03  2.3400e-03
  4826.82      2.0718  7.1700e-03  7.1700e-03  6.4000e-04  1.8600e-03  2.3100e-03
  4825.32      2.0724  7.1300e-03  7.2200e-03  6.2000e-04  1.8600e-03  2.3100e-03
  4823.82      2.0730  7.1000e-03  7.2900e-03  6.0000e-04  1.8600e-03  2.3100e-03
  4822.32      2.0737  7.0900e-03  7.3500e-03  5.9000e-04  1.8500e-03  2.3200e-03
  4820.82      2.0743  7.1100e-03  7.4000e-03  5.7000e-04  1.8500e-03  2.3500e-03
  4819.32      2.0750  7.1300e-03  7.4100e-03  5.7000e-04  1.8500e-03  2.3800e-03
  4817.82      2.0756  7.1600e-03  7.4000e-03  5.7000e-04  1.8500e-03  2.4300e-03
  4816.32      2.0763  7.1600e-03  7.3500e-03  5.8000e-04  1.8700e-03  2.4800e-03
  4814.82      2.0769  7.1600e-03  7.2800e-03  5.9000e-04  1.8800e-03  2.5200e-03
  4813.32      2.0776  7.1400e-03  7.1900e-03  6.0000e-04  1.9000e-03  2.5800e-03
  4811.82      2.0782  7.1200e-03  7.0900e-03  6.0000e-04  1.9100e-03  2.6200e-03
  4810.32      2.0789  7.1000e-03  6.9900e-03  6.1000e-04  1.9300e-03  2.6500e-03
  4808.82      2.0795  7.0900e-03  6.9100e-03  6.1000e-04  1.9500e-03  2.6800e-03
  4807.32      2.0802  7.1000e-03  6.8500e-03  6.2000e-04  1.9700e-03  2.7000e-03
  4805.82      2.0808  7.1100e-03  6.8100e-03  6.2000e-04  1.9900e-03  2.7000e-03
  4804.32      2.0815  7.1200e-03  6.7900e-03  6.3000e-04  2.0100e-03  2.6900e-03
  4802.82      2.0821  7.1200e-03  6.7900e-03  6.5000e-04  2.0300e-03  2.6900e-03
  4801.32      2.0828  7.1100e-03  6.7900e-03  6.6000e-04  2.0300e-03  2.6700e-03
  4799.82      2.0834  7.0900e-03  6.8100e-03  6.9000e-04  2.0400e-03  2.6500e-03
  4798.32      2.0841  7.0600e-03  6.8200e-03  7.2000e-04  2.0400e-03  2.6400e-03
  4796.82      2.0847  7.0200e-03  6.8500e-03  7.7000e-04  2.0400e-03  2.6100e-03
  4795.32      2.0854  6.9800e-03  6.8700e-03  8.2000e-04  2.0400e-03  2.6100e-03
  4793.82      2.0860  6.9400e-03  6.8800e-03  8.6000e-04  2.0300e-03  2.6000e-03
  4792.32      2.0867  6.9200e-03  6.8900e-03  9.0000e-04  2.0200e-03  2.5900e-03
  4790.82      2.0873  6.9000e-03  6.8900e-03  9.4000e-04  2.0100e-03  2.6000e-03
  4789.32      2.0880  6.8800e-03  6.8700e-03  9.7000e-04  2.0000e-03  2.6100e-03
  4787.82      2.0886  6.8800e-03  6.8400e-03  9.7000e-04  1.9900e-03  2.6100e-03
  4786.32      2.0893  6.8900e-03  6.8000e-03  9.7000e-04  1.9900e-03  2.6300e-03
  4784.82      2.0899  6.9000e-03  6.7700e-03  9.6000e-04  1.9900e-03  2.6600e-03
  4783.32      2.0906  6.9300e-03  6.7500e-03  9.4000e-04  2.0100e-03  2.6900e-03
  4781.82      2.0913  6.9600e-03  6.7300e-03  9.3000e-04  2.0200e-03  2.7300e-03
  4780.32      2.0919  7.0000e-03  6.7200e-03  9.0000e-04  2.0400e-03  2.7800e-03
  4778.82      2.0926  7.0400e-03  6.7300e-03  8.8000e-04  2.0500e-03  2.8200e-03
  4777.32      2.0932  7.0900e-03  6.7300e-03  8.6000e-04  2.0700e-03  2.8700e-03
  4775.82      2.0939  7.1400e-03  6.7500e-03  8.4000e-04  2.0900e-03  2.9200e-03
  4774.32      2.0945  7.1700e-03  6.7700e-03  8.3000e-04  2.1100e-03  2.9600e-03
  4772.82      2.0952  7.2000e-03  6.8000e-03  8.4000e-04  2.1300e-03  3.0000e-03
  4771.32      2.0959  7.2100e-03  6.8500e-03  8.6000e-04  2.1500e-03  3.0300e-03
  4769.82      2.0965  7.2000e-03  6.9100e-03  8.8000e-04  2.1700e-03  3.0600e-03
  4768.32      2.0972  7.2000e-03  6.9800e-03  9.1000e-04  2.1800e-03  3.0700e-03
  4766.82      2.0978  7.2000e-03  7.0500e-03  9.4000e-04  2.2000e-03  3.0800e-03
  4765.32      2.0985  7.2000e-03  7.1100e-03  9.6000e-04  2.2200e-03  3.0800e-03
  4763.82      2.0992  7.2300e-03  7.1600e-03  1.0000e-03  2.2400e-03  3.0900e-03
  4762.32      2.0998  7.2600e-03  7.1900e-03  1.0200e-03  2.2600e-03  3.1100e-03
  4760.82      2.1005  7.2900e-03  7.2200e-03  1.0400e-03  2.2700e-03  3.1200e-03
  4759.32      2.1011  7.3100e-03  7.2400e-03  1.0500e-03  2.2800e-03  3.1400e-03
  4757.82      2.1018  7.3300e-03  7.2700e-03  1.0500e-03  2.2800e-03  3.1700e-03
  4756.32      2.1025  7.3300e-03  7.3000e-03  1.0500e-03  2.2800e-03  3.1900e-03
  4754.82      2.1031  7.3300e-03  7.3400e-03  1.0500e-03  2.2900e-03  3.2300e-03
  4753.32      2.1038  7.3200e-03  7.3700e-03  1.0500e-03  2.2800e-03  3.2500e-03
  4751.82      2.1045  7.3100e-03  7.4000e-03  1.0500e-03  2.2700e-03  3.2700e-03
  4750.32      2.1051  7.2900e-03  7.4100e-03  1.0400e-03  2.2400e-03  3.2700e-03
  4748.82      2.1058  7.2900e-03  7.4200e-03  1.0200e-03  2.2300e-03  3.2700e-03
  4747.32      2.1065  7.2700e-03  7.4100e-03  1.0100e-03  2.2000e-03  3.2500e-03
  4745.82      2.1071  7.2600e-03  7.3800e-03  9.8000e-04  2.1800e-03  3.2300e-03
  4744.32      2.1078  7.2500e-03  7.3500e-03  9.6000e-04  2.1600e-03  3.2100e-03
  4742.82      2.1085  7.2400e-03  7.3000e-03  9.3000e-04  2.1300e-03  3.1700e-03
  4741.32      2.1091  7.2200e-03  7.2500e-03  9.0000e-04  2.1000e-03  3.1400e-03
  4739.82      2.1098  7.1900e-03  7.1900e-03  8.7000e-04  2.0800e-03  3.1100e-03
  4738.31      2.1105  7.1500e-03  7.1400e-03  8.5000e-04  2.0600e-03  3.0900e-03
  4736.81      2.1111  7.1200e-03  7.0800e-03  8.2000e-04  2.0400e-03  3.0700e-03
  4735.31      2.1118  7.0700e-03  7.0200e-03  7.9000e-04  2.0200e-03  3.0500e-03
  4733.81      2.1125  7.0400e-03  6.9300e-03  7.8000e-04  1.9900e-03  3.0400e-03
  4732.31      2.1131  6.9900e-03  6.8300e-03  7.7000e-04  1.9400e-03  3.0200e-03
  4730.81      2.1138  6.9400e-03  6.7200e-03  7.6000e-04  1.8900e-03  3.0100e-03
  4729.31      2.1145  6.8800e-03  6.6200e-03  7.4000e-04  1.8400e-03  2.9900e-03
  4727.81      2.1151  6.8000e-03  6.5500e-03  7.1000e-04  1.7900e-03  2.9800e-03
  4726.31      2.1158  6.7200e-03  6.5100e-03  6.7000e-04  1.7300e-03  2.9500e-03
  4724.81      2.1165  6.6200e-03  6.5100e-03  6.3000e-04  1.6600e-03  2.9200e-03
  4723.31      2.1172  6.5400e-03  6.5200e-03  5.9000e-04  1.6000e-03  2.8900e-03
  4721.81      2.1178  6.4700e-03  6.5500e-03  5.4000e-04  1.5400e-03  2.8500e-03
  4720.31      2.1185  6.4300e-03  6.5600e-03  4.9000e-04  1.5100e-03  2.8200e-03
  4718.81      2.1192  6.4200e-03  6.5500e-03  4.3000e-04  1.4800e-03  2.7900e-03
  4717.31      2.1199  6.4200e-03  6.5200e-03  3.7000e-04  1.4600e-03  2.7600e-03
  4715.81      2.1205  6.4200e-03  6.4800e-03  3.3000e-04  1.4400e-03  2.7300e-03
  4714.31      2.1212  6.4100e-03  6.4300e-03  2.9000e-04  1.4300e-03  2.7100e-03
  4712.81      2.1219  6.3700e-03  6.4000e-03  2.6000e-04  1.4300e-03  2.7000e-03
  4711.31      2.1226  6.3400e-03  6.3900e-03  2.5000e-04  1.4400e-03  2.6900e-03
  4709.81      2.1232  6.2800e-03  6.3900e-03  2.3000e-04  1.4500e-03  2.6800e-03
  4708.31      2.1239  6.2500e-03  6.4300e-03  2.3000e-04  1.4700e-03  2.6800e-03
  4706.81      2.1246  6.2300e-03  6.4700e-03  2.3000e-04  1.4700e-03  2.6700e-03
  4705.31      2.1253  6.2300e-03  6.5100e-03  2.5000e-04  1.4700e-03  2.6600e-03
  4703.81      2.1259  6.2400e-03  6.5300e-03  2.6000e-04  1.4700e-03  2.6500e-03
  4702.31      2.1266  6.2800e-03  6.5200e-03  2.7000e-04  1.4600e-03  2.6300e-03
  4700.81      2.1273  6.3100e-03  6.5100e-03  2.7000e-04  1.4600e-03  2.6200e-03
  4699.31      2.1280  6.3400e-03  6.4900e-03  2.7000e-04  1.4400e-03  2.5900e-03
  4697.81      2.1287  6.3700e-03  6.4700e-03  2.7000e-04  1.4300e-03  2.5700e-03
  4696.31      2.1293  6.3900e-03  6.4700e-03  2.5000e-04  1.4000e-03  2.5400e-03
  4694.81      2.1300  6.4100e-03  6.4600e-03  2.3000e-04  1.3800e-03  2.5100e-03
  4693.31      2.1307  6.4000e-03  6.4600e-03  2.0000e-04  1.3800e-03  2.5000e-03
  4691.81      2.1314  6.3800e-03  6.4400e-03  1.7000e-04  1.3600e-03  2.4800e-03
  4690.31      2.1321  6.3500e-03  6.4100e-03  1.3000e-04  1.3600e-03  2.4600e-03
  4688.81      2.1327  6.3100e-03  6.3700e-03  9.0000e-05  1.3400e-03  2.4400e-03
  4687.31      2.1334  6.2600e-03  6.3200e-03  5.0000e-05  1.3200e-03  2.4200e-03
  4685.81      2.1341  6.2300e-03  6.2400e-03  0.0000e+00  1.2900e-03  2.4000e-03
  4684.31      2.1348  6.2200e-03  6.1800e-03 -3.0000e-05  1.2600e-03  2.3800e-03
  4682.81      2.1355  6.2100e-03  6.1100e-03 -7.0000e-05  1.2300e-03  2.3500e-03
  4681.31      2.1362  6.2000e-03  6.0600e-03 -1.0000e-04  1.1900e-03  2.3100e-03
  4679.81      2.1368  6.1900e-03  6.0200e-03 -1.3000e-04  1.1400e-03  2.2700e-03
  4678.31      2.1375  6.1700e-03  5.9900e-03 -1.6000e-04  1.0900e-03  2.2300e-03
  4676.81      2.1382  6.1500e-03  5.9900e-03 -1.8000e-04  1.0400e-03  2.1900e-03
  4675.31      2.1389  6.1200e-03  5.9900e-03 -2.0000e-04  1.0000e-03  2.1500e-03
  4673.81      2.1396  6.0900e-03  6.0000e-03 -2.1000e-04  9.7000e-04  2.1300e-03
  4672.31      2.1403  6.0600e-03  5.9900e-03 -2.1000e-04  9.5000e-04  2.1100e-03
  4670.81      2.1410  6.0300e-03  5.9700e-03 -2.2000e-04  9.4000e-04  2.1000e-03
  4669.31      2.1416  6.0000e-03  5.9400e-03 -2.3000e-04  9.2000e-04  2.0900e-03
  4667.81      2.1423  5.9800e-03  5.9200e-03 -2.5000e-04  9.2000e-04  2.1000e-03
  4666.31      2.1430  5.9500e-03  5.9100e-03 -2.7000e-04  9.2000e-04  2.1000e-03
  4664.81      2.1437  5.9300e-03  5.8900e-03 -3.0000e-04  9.3000e-04  2.1200e-03
  4663.31      2.1444  5.9200e-03  5.8800e-03 -3.3000e-04  9.3000e-04  2.1400e-03
  4661.81      2.1451  5.9000e-03  5.8500e-03 -3.7000e-04  9.3000e-04  2.1500e-03
  4660.31      2.1458  5.8800e-03  5.8100e-03 -4.2000e-04  9.4000e-04  2.1600e-03
  4658.81      2.1465  5.8400e-03  5.7600e-03 -4.7000e-04  9.4000e-04  2.1700e-03
  4657.31      2.1472  5.7900e-03  5.7200e-03 -5.2000e-04  9.4000e-04  2.1600e-03
  4655.81      2.1479  5.7300e-03  5.6700e-03 -5.7000e-04  9.2000e-04  2.1500e-03
  4654.31      2.1485  5.6800e-03  5.6500e-03 -6.1000e-04  9.0000e-04  2.1400e-03
  4652.81      2.1492  5.6300e-03  5.6400e-03 -6.5000e-04  8.7000e-04  2.1200e-03
  4651.31      2.1499  5.6000e-03  5.6400e-03 -6.8000e-04  8.3000e-04  2.1000e-03
  4649.81      2.1506  5.6000e-03  5.6500e-03 -7.1000e-04  7.8000e-04  2.0700e-03
  4648.31      2.1513  5.6000e-03  5.6600e-03 -7.4000e-04  7.2000e-04  2.0300e-03
  4646.81      2.1520  5.6100e-03  5.6700e-03 -7.5000e-04  6.6000e-04  1.9900e-03
  4645.31      2.1527  5.6300e-03  5.6700e-03 -7.7000e-04  5.9000e-04  1.9600e-03
  4643.81      2.1534  5.6400e-03  5.6700e-03 -7.7000e-04  5.4000e-04  1.9500e-03
  4642.31      2.1541  5.6500e-03  5.6700e-03 -7.6000e-04  4.9000e-04  1.9300e-03
  4640.81      2.1548  5.6600e-03  5.6600e-03 -7.5000e-04  4.5000e-04  1.9100e-03
  4639.31      2.1555  5.6600e-03  5.6600e-03 -7.5000e-04  4.2000e-04  1.9000e-03
  4637.81      2.1562  5.6700e-03  5.6400e-03 -7.4000e-04  4.0000e-04  1.8800e-03
  4636.31      2.1569  5.6700e-03  5.6300e-03 -7.4000e-04  3.8000e-04  1.8700e-03
  4634.81      2.1576  5.6600e-03  5.6000e-03 -7.4000e-04  3.7000e-04  1.8400e-03
  4633.31      2.1583  5.6500e-03  5.5700e-03 -7.5000e-04  3.7000e-04  1.8200e-03
  4631.81      2.1590  5.6200e-03  5.5300e-03 -7.6000e-04  3.7000e-04  1.7900e-03
  4630.31      2.1597  5.5900e-03  5.5000e-03 -7.9000e-04  3.7000e-04  1.7500e-03
  4628.81      2.1604  5.5500e-03  5.4700e-03 -8.2000e-04  3.6000e-04  1.7100e-03
  4627.31      2.1611  5.5100e-03  5.4700e-03 -8.5000e-04  3.5000e-04  1.6700e-03
  4625.81      2.1618  5.4800e-03  5.4800e-03 -8.9000e-04  3.4000e-04  1.6400e-03
  4624.31      2.1625  5.4400e-03  5.5100e-03 -9.2000e-04  3.3000e-04  1.6200e-03
  4622.81      2.1632  5.4000e-03  5.5400e-03 -9.5000e-04  3.3000e-04  1.6100e-03
  4621.31      2.1639  5.3600e-03  5.5600e-03 -9.9000e-04  3.4000e-04  1.6200e-03
  4619.81      2.1646  5.3100e-03  5.5700e-03 -1.0000e-03  3.4000e-04  1.6400e-03
  4618.31      2.1653  5.2700e-03  5.5600e-03 -1.0200e-03  3.4000e-04  1.6700e-03
  4616.81      2.1660  5.2400e-03  5.5400e-03 -1.0300e-03  3.5000e-04  1.7100e-03
  4615.31      2.1667  5.2100e-03  5.5300e-03 -1.0500e-03  3.6000e-04  1.7500e-03
  4613.81      2.1674  5.2000e-03  5.5000e-03 -1.0500e-03  3.6000e-04  1.7900e-03
  4612.31      2.1681  5.2100e-03  5.4900e-03 -1.0500e-03  3.6000e-04  1.8200e-03
  4610.81      2.1688  5.2300e-03  5.4900e-03 -1.0400e-03  3.5000e-04  1.8500e-03
  4609.31      2.1695  5.2800e-03  5.4900e-03 -1.0400e-03  3.4000e-04  1.8800e-03
  4607.81      2.1702  5.3100e-03  5.5000e-03 -1.0300e-03  3.1000e-04  1.9100e-03
  4606.31      2.1709  5.3600e-03  5.5100e-03 -1.0200e-03  2.9000e-04  1.9200e-03
  4604.81      2.1716  5.3900e-03  5.5100e-03 -1.0000e-03  2.7000e-04  1.9300e-03
  4603.31      2.1724  5.4100e-03  5.5200e-03 -9.7000e-04  2.4000e-04  1.9400e-03
  4601.80      2.1731  5.4100e-03  5.5300e-03 -9.5000e-04  2.3000e-04  1.9400e-03
  4600.30      2.1738  5.4200e-03  5.5600e-03 -9.2000e-04  2.3000e-04  1.9300e-03
  4598.80      2.1745  5.4200e-03  5.5700e-03 -9.0000e-04  2.2000e-04  1.9300e-03
  4597.30      2.1752  5.4300e-03  5.5800e-03 -8.9000e-04  2.1000e-04  1.9100e-03
  4595.80      2.1759  5.4400e-03  5.5800e-03 -8.8000e-04  2.1000e-04  1.9100e-03
  4594.30      2.1766  5.4600e-03  5.5700e-03 -8.6000e-04  2.0000e-04  1.8900e-03
  4592.80      2.1773  5.4700e-03  5.5400e-03 -8.5000e-04  1.9000e-04  1.8900e-03
  4591.30      2.1780  5.4900e-03  5.4900e-03 -8.3000e-04  1.8000e-04  1.8700e-03
  4589.80      2.1787  5.4900e-03  5.4400e-03 -8.1000e-04  1.7000e-04  1.8700e-03
  4588.30      2.1795  5.4900e-03  5.3800e-03 -7.9000e-04  1.4000e-04  1.8500e-03
  4586.80      2.1802  5.4800e-03  5.3300e-03 -7.6000e-04  1.2000e-04  1.8400e-03
  4585.30      2.1809  5.4700e-03  5.3000e-03 -7.3000e-04  1.0000e-04  1.8300e-03
  4583.80      2.1816  5.4600e-03  5.2700e-03 -7.0000e-04  8.0000e-05  1.8100e-03
  4582.30      2.1823  5.4500e-03  5.2500e-03 -6.7000e-04  8.0000e-05  1.8000e-03
  4580.80      2.1830  5.4300e-03  5.2500e-03 -6.4000e-04  6.0000e-05  1.7900e-03
  4579.30      2.1837  5.4200e-03  5.2400e-03 -6.2000e-04  6.0000e-05  1.7900e-03
  4577.80      2.1845  5.3900e-03  5.2400e-03 -6.1000e-04  6.0000e-05  1.8000e-03
  4576.30      2.1852  5.3800e-03  5.2500e-03 -6.1000e-04  6.0000e-05  1.8100e-03
  4574.80      2.1859  5.3600e-03  5.2600e-03 -6.2000e-04  6.0000e-05  1.8300e-03
  4573.30      2.1866  5.3500e-03  5.2900e-03 -6.4000e-04  8.0000e-05  1.8500e-03
  4571.80      2.1873  5.3500e-03  5.3300e-03 -6.5000e-04  9.0000e-05  1.8700e-03
  4570.30      2.1880  5.3700e-03  5.3900e-03 -6.7000e-04  1.1000e-04  1.8900e-03
  4568.80      2.1888  5.3900e-03  5.4500e-03 -6.8000e-04  1.2000e-04  1.9000e-03
  4567.30      2.1895  5.4100e-03  5.4900e-03 -7.0000e-04  1.4000e-04  1.9100e-03
  4565.80      2.1902  5.4200e-03  5.5300e-03 -7.1000e-04  1.5000e-04  1.9200e-03
  4564.30      2.1909  5.4400e-03  5.5500e-03 -7.3000e-04  1.7000e-04  1.9100e-03
  4562.80      2.1916  5.4400e-03  5.5600e-03 -7.5000e-04  1.8000e-04  1.8800e-03
  4561.30      2.1924  5.4300e-03  5.5600e-03 -7.5000e-04  2.0000e-04  1.8700e-03
  4559.80      2.1931  5.4200e-03  5.5500e-03 -7.7000e-04  2.1000e-04  1.8400e-03
  4558.30      2.1938  5.4100e-03  5.5500e-03 -7.8000e-04  2.2000e-04  1.8200e-03
  4556.80      2.1945  5.4000e-03  5.5500e-03 -7.9000e-04  2.3000e-04  1.7900e-03
  4555.30      2.1952  5.4000e-03  5.5400e-03 -7.9000e-04  2.4000e-04  1.7900e-03
  4553.80      2.1960  5.3900e-03  5.5400e-03 -8.0000e-04  2.6000e-04  1.7800e-03
  4552.30      2.1967  5.3800e-03  5.5400e-03 -8.0000e-04  2.7000e-04  1.7800e-03
  4550.80      2.1974  5.3800e-03  5.5400e-03 -7.8000e-04  2.8000e-04  1.7800e-03
  4549.30      2.1981  5.3800e-03  5.5500e-03 -7.7000e-04  2.9000e-04  1.7800e-03
  4547.80      2.1989  5.3900e-03  5.5500e-03 -7.5000e-04  3.0000e-04  1.8000e-03
  4546.30      2.1996  5.4000e-03  5.5600e-03 -7.3000e-04  3.0000e-04  1.8200e-03
  4544.80      2.2003  5.4200e-03  5.5700e-03 -7.2000e-04  3.0000e-04  1.8300e-03
  4543.30      2.2010  5.4400e-03  5.5500e-03 -6.9000e-04  2.9000e-04  1.8600e-03
  4541.80      2.2018  5.4600e-03  5.5300e-03 -6.7000e-04  2.8000e-04  1.8700e-03
  4540.30      2.2025  5.4800e-03  5.5100e-03 -6.4000e-04  2.5000e-04  1.8900e-03
  4538.80      2.2032  5.4900e-03  5.4900e-03 -6.3000e-04  2.3000e-04  1.9100e-03
  4537.30      2.2040  5.5000e-03  5.4700e-03 -6.1000e-04  2.0000e-04  1.9400e-03
  4535.80      2.2047  5.5000e-03  5.4500e-03 -5.9000e-04  1.7000e-04  1.9500e-03
  4534.30      2.2054  5.5100e-03  5.4400e-03 -5.9000e-04  1.6000e-04  1.9800e-03
  4532.80      2.2061  5.5000e-03  5.4300e-03 -5.9000e-04  1.4000e-04  1.9900e-03
  4531.30      2.2069  5.5000e-03  5.4300e-03 -5.9000e-04  1.3000e-04  2.0000e-03
  4529.80      2.2076  5.4900e-03  5.4500e-03 -6.0000e-04  1.3000e-04  2.0000e-03
  4528.30      2.2083  5.4900e-03  5.4900e-03 -6.1000e-04  1.4000e-04  2.0000e-03
  4526.80      2.2091  5.4700e-03  5.5300e-03 -6.3000e-04  1.6000e-04  2.0000e-03
  4525.30      2.2098  5.4600e-03  5.5800e-03 -6.4000e-04  1.8000e-04  1.9900e-03
  4523.80      2.2105  5.4400e-03  5.6300e-03 -6.6000e-04  2.0000e-04  1.9800e-03
  4522.30      2.2113  5.4300e-03  5.6500e-03 -6.8000e-04  2.1000e-04  1.9800e-03
  4520.80      2.2120  5.4100e-03  5.6500e-03 -7.0000e-04  2.3000e-04  1.9600e-03
  4519.30      2.2127  5.3900e-03  5.6300e-03 -7.3000e-04  2.4000e-04  1.9600e-03
  4517.80      2.2135  5.3800e-03  5.6000e-03 -7.4000e-04  2.4000e-04  1.9500e-03
  4516.30      2.2142  5.3600e-03  5.5600e-03 -7.6000e-04  2.4000e-04  1.9500e-03
  4514.80      2.2149  5.3500e-03  5.5200e-03 -7.7000e-04  2.4000e-04  1.9400e-03
  4513.30      2.2157  5.3100e-03  5.5000e-03 -7.8000e-04  2.3000e-04  1.9300e-03
  4511.80      2.2164  5.2900e-03  5.5000e-03 -7.9000e-04  2.2000e-04  1.9300e-03
  4510.30      2.2171  5.2700e-03  5.5100e-03 -7.9000e-04  2.0000e-04  1.9100e-03
  4508.80      2.2179  5.2600e-03  5.5300e-03 -7.8000e-04  1.8000e-04  1.9100e-03
  4507.30      2.2186  5.2500e-03  5.5400e-03 -7.7000e-04  1.6000e-04  1.9000e-03
  4505.80      2.2194  5.2600e-03  5.5500e-03 -7.6000e-04  1.4000e-04  1.8900e-03
  4504.30      2.2201  5.2700e-03  5.5400e-03 -7.6000e-04  1.3000e-04  1.8800e-03
  4502.80      2.2208  5.2800e-03  5.5200e-03 -7.6000e-04  1.0000e-04  1.8800e-03
  4501.30      2.2216  5.2800e-03  5.5100e-03 -7.6000e-04  8.0000e-05  1.8800e-03
  4499.80      2.2223  5.2800e-03  5.5100e-03 -7.7000e-04  6.0000e-05  1.8800e-03
  4498.30      2.2231  5.2800e-03  5.5300e-03 -7.8000e-04  5.0000e-05  1.8700e-03
  4496.80      2.2238  5.2700e-03  5.5600e-03 -8.1000e-04  4.0000e-05  1.8700e-03
  4495.30      2.2245  5.2500e-03  5.6000e-03 -8.4000e-04  4.0000e-05  1.8700e-03
  4493.80      2.2253  5.2200e-03  5.6400e-03 -8.7000e-04  3.0000e-05  1.8700e-03
  4492.30      2.2260  5.1900e-03  5.6800e-03 -8.9000e-04  4.0000e-05  1.8600e-03
  4490.80      2.2268  5.1600e-03  5.7100e-03 -9.0000e-04  4.0000e-05  1.8600e-03
  4489.30      2.2275  5.1300e-03  5.7400e-03 -9.0000e-04  4.0000e-05  1.8600e-03
  4487.80      2.2283  5.0900e-03  5.7600e-03 -9.0000e-04  4.0000e-05  1.8600e-03
  4486.30      2.2290  5.0700e-03  5.7600e-03 -8.9000e-04  4.0000e-05  1.8700e-03
  4484.80      2.2298  5.0600e-03  5.7400e-03 -8.9000e-04  3.0000e-05  1.8700e-03
  4483.30      2.2305  5.0400e-03  5.6900e-03 -8.7000e-04  1.0000e-05  1.8800e-03
  4481.80      2.2312  5.0200e-03  5.6300e-03 -8.6000e-04  0.0000e+00  1.8800e-03
  4480.30      2.2320  5.0200e-03  5.5500e-03 -8.4000e-04 -2.0000e-05  1.8900e-03
  4478.80      2.2327  5.0000e-03  5.4700e-03 -8.3000e-04 -4.0000e-05  1.8900e-03
  4477.30      2.2335  4.9900e-03  5.4200e-03 -8.3000e-04 -5.0000e-05  1.8900e-03
  4475.80      2.2342  4.9700e-03  5.3800e-03 -8.3000e-04 -6.0000e-05  1.8800e-03
  4474.30      2.2350  4.9600e-03  5.3700e-03 -8.3000e-04 -6.0000e-05  1.8800e-03
  4472.80      2.2357  4.9500e-03  5.3700e-03 -8.4000e-04 -5.0000e-05  1.8600e-03
  4471.30      2.2365  4.9500e-03  5.3700e-03 -8.4000e-04 -4.0000e-05  1.8400e-03
  4469.79      2.2372  4.9600e-03  5.3700e-03 -8.5000e-04 -1.0000e-05  1.8200e-03
  4468.29      2.2380  4.9700e-03  5.3800e-03 -8.6000e-04  0.0000e+00  1.7900e-03
  4466.79      2.2387  4.9900e-03  5.3700e-03 -8.8000e-04  3.0000e-05  1.7700e-03
  4465.29      2.2395  5.0000e-03  5.3700e-03 -9.0000e-04  5.0000e-05  1.7400e-03
  4463.79      2.2402  5.0000e-03  5.3600e-03 -9.2000e-04  6.0000e-05  1.7100e-03
  4462.29      2.2410  4.9800e-03  5.3400e-03 -9.4000e-04  6.0000e-05  1.6900e-03
  4460.79      2.2418  4.9600e-03  5.3200e-03 -9.6000e-04  7.0000e-05  1.6600e-03
  4459.29      2.2425  4.9400e-03  5.3100e-03 -9.8000e-04  5.0000e-05  1.6300e-03
  4457.79      2.2433  4.9300e-03  5.2900e-03 -9.8000e-04  4.0000e-05  1.6300e-03
  4456.29      2.2440  4.9200e-03  5.2700e-03 -9.9000e-04  2.0000e-05  1.6200e-03
  4454.79      2.2448  4.9200e-03  5.2500e-03 -9.9000e-04  0.0000e+00  1.6200e-03
  4453.29      2.2455  4.9300e-03  5.2300e-03 -9.8000e-04 -3.0000e-05  1.6200e-03
  4451.79      2.2463  4.9300e-03  5.2000e-03 -9.8000e-04 -5.0000e-05  1.6300e-03
  4450.29      2.2470  4.9000e-03  5.1900e-03 -9.5000e-04 -7.0000e-05  1.6500e-03
  4448.79      2.2478  4.8800e-03  5.1700e-03 -9.3000e-04 -9.0000e-05  1.6700e-03
  4447.29      2.2486  4.8400e-03  5.1700e-03 -9.1000e-04 -1.3000e-04  1.6900e-03
  4445.79      2.2493  4.8200e-03  5.1900e-03 -8.9000e-04 -1.6000e-04  1.7200e-03
  4444.29      2.2501  4.8200e-03  5.2300e-03 -8.8000e-04 -1.8000e-04  1.7300e-03
  4442.79      2.2508  4.8200e-03  5.2800e-03 -8.6000e-04 -2.0000e-04  1.7500e-03
  4441.29      2.2516  4.8300e-03  5.3300e-03 -8.4000e-04 -2.1000e-04  1.7700e-03
  4439.79      2.2524  4.8500e-03  5.3900e-03 -8.4000e-04 -2.3000e-04  1.7700e-03
  4438.29      2.2531  4.8700e-03  5.4500e-03 -8.3000e-04 -2.4000e-04  1.7600e-03
  4436.79      2.2539  4.8800e-03  5.4900e-03 -8.4000e-04 -2.4000e-04  1.7500e-03
  4435.29      2.2546  4.9100e-03  5.5300e-03 -8.5000e-04 -2.3000e-04  1.7300e-03
  4433.79      2.2554  4.9300e-03  5.5500e-03 -8.6000e-04 -2.2000e-04  1.7100e-03
  4432.29      2.2562  4.9600e-03  5.5500e-03 -8.8000e-04 -2.0000e-04  1.6800e-03
  4430.79      2.2569  4.9700e-03  5.5300e-03 -8.9000e-04 -1.9000e-04  1.6400e-03
  4429.29      2.2577  4.9800e-03  5.5000e-03 -9.1000e-04 -1.8000e-04  1.6000e-03
  4427.79      2.2585  4.9800e-03  5.4600e-03 -9.4000e-04 -1.7000e-04  1.5500e-03
  4426.29      2.2592  4.9800e-03  5.4400e-03 -9.5000e-04 -1.6000e-04  1.5200e-03
  4424.79      2.2600  4.9900e-03  5.4200e-03 -9.7000e-04 -1.6000e-04  1.4800e-03
  4423.29      2.2608  5.0000e-03  5.4200e-03 -9.7000e-04 -1.6000e-04  1.4400e-03
  4421.79      2.2615  5.0000e-03  5.4200e-03 -9.7000e-04 -1.5000e-04  1.4100e-03
  4420.29      2.2623  4.9900e-03  5.4400e-03 -9.8000e-04 -1.5000e-04  1.3700e-03
  4418.79      2.2631  4.9600e-03  5.4400e-03 -9.8000e-04 -1.3000e-04  1.3600e-03
  4417.29      2.2638  4.9200e-03  5.4400e-03 -9.8000e-04 -1.2000e-04  1.3500e-03
  4415.79      2.2646  4.8700e-03  5.4400e-03 -9.7000e-04 -1.0000e-04  1.3500e-03
  4414.29      2.2654  4.8400e-03  5.4200e-03 -9.7000e-04 -8.0000e-05  1.3500e-03
  4412.79      2.2661  4.8200e-03  5.4100e-03 -9.6000e-04 -6.0000e-05  1.3500e-03
  4411.29      2.2669  4.8400e-03  5.4000e-03 -9.6000e-04 -3.0000e-05  1.3500e-03
  4409.79      2.2677  4.8600e-03  5.4000e-03 -9.6000e-04 -1.0000e-05  1.3500e-03
  4408.29      2.2685  4.8900e-03  5.4200e-03 -9.5000e-04  1.0000e-05  1.3500e-03
  4406.79      2.2692  4.9300e-03  5.4500e-03 -9.5000e-04  2.0000e-05  1.3500e-03
  4405.29      2.2700  4.9500e-03  5.4800e-03 -9.4000e-04  2.0000e-05  1.3400e-03
  4403.79      2.2708  4.9500e-03  5.5100e-03 -9.4000e-04  2.0000e-05  1.3200e-03
  4402.29      2.2715  4.9600e-03  5.5400e-03 -9.4000e-04  3.0000e-05  1.3000e-03
  4400.79      2.2723  4.9600e-03  5.5600e-03 -9.3000e-04  2.0000e-05  1.2800e-03
  4399.29      2.2731  4.9600e-03  5.5400e-03 -9.3000e-04  2.0000e-05  1.2700e-03
  4397.79      2.2739  4.9400e-03  5.5100e-03 -9.3000e-04  1.0000e-05  1.2600e-03
  4396.29      2.2746  4.9300e-03  5.4600e-03 -9.3000e-04  1.0000e-05  1.2500e-03
  4394.79      2.2754  4.9000e-03  5.4000e-03 -9.4000e-04  0.0000e+00  1.2400e-03
  4393.29      2.2762  4.8600e-03  5.3400e-03 -9.4000e-04 -1.0000e-05  1.2300e-03
  4391.79      2.2770  4.8300e-03  5.3000e-03 -9.6000e-04 -2.0000e-05  1.2200e-03
  4390.29      2.2778  4.8100e-03  5.2700e-03 -9.7000e-04 -4.0000e-05  1.2200e-03
  4388.79      2.2785  4.8000e-03  5.2500e-03 -9.9000e-04 -7.0000e-05  1.2200e-03
  4387.29      2.2793  4.8100e-03  5.2300e-03 -1.0100e-03 -9.0000e-05  1.2200e-03
  4385.79      2.2801  4.8200e-03  5.2300e-03 -1.0200e-03 -1.1000e-04  1.2200e-03
  4384.29      2.2809  4.8200e-03  5.2200e-03 -1.0500e-03 -1.4000e-04  1.2100e-03
  4382.79      2.2817  4.8200e-03  5.2100e-03 -1.0600e-03 -1.5000e-04  1.2000e-03
  4381.29      2.2824  4.8000e-03  5.2200e-03 -1.0800e-03 -1.8000e-04  1.1800e-03
  4379.79      2.2832  4.7900e-03  5.2200e-03 -1.0900e-03 -1.9000e-04  1.1700e-03
  4378.29      2.2840  4.7700e-03  5.2200e-03 -1.1000e-03 -2.1000e-04  1.1500e-03
  4376.79      2.2848  4.7600e-03  5.2100e-03 -1.1100e-03 -2.1000e-04  1.1300e-03
  4375.29      2.2856  4.7600e-03  5.2000e-03 -1.1100e-03 -2.3000e-04  1.1100e-03
  4373.79      2.2863  4.7500e-03  5.1600e-03 -1.1300e-03 -2.3000e-04  1.0900e-03
  4372.29      2.2871  4.7500e-03  5.1100e-03 -1.1300e-03 -2.5000e-04  1.0900e-03
  4370.79      2.2879  4.7300e-03  5.0500e-03 -1.1300e-03 -2.7000e-04  1.0800e-03
  4369.29      2.2887  4.7300e-03  4.9900e-03 -1.1300e-03 -2.8000e-04  1.0800e-03
  4367.79      2.2895  4.7300e-03  4.9600e-03 -1.1300e-03 -3.0000e-04  1.0900e-03
  4366.29      2.2903  4.7300e-03  4.9300e-03 -1.1300e-03 -3.1000e-04  1.1000e-03
  4364.79      2.2911  4.7400e-03  4.9300e-03 -1.1400e-03 -3.2000e-04  1.1100e-03
  4363.29      2.2919  4.7500e-03  4.9500e-03 -1.1400e-03 -3.2000e-04  1.1200e-03
  4361.79      2.2926  4.7800e-03  4.9600e-03 -1.1500e-03 -3.1000e-04  1.1200e-03
  4360.29      2.2934  4.7900e-03  4.9800e-03 -1.1600e-03 -3.1000e-04  1.1200e-03
  4358.79      2.2942  4.8000e-03  4.9900e-03 -1.1600e-03 -3.1000e-04  1.1000e-03
  4357.29      2.2950  4.8000e-03  5.0100e-03 -1.1700e-03 -3.1000e-04  1.0800e-03
  4355.79      2.2958  4.7900e-03  5.0100e-03 -1.1700e-03 -3.1000e-04  1.0700e-03
  4354.29      2.2966  4.7700e-03  5.0300e-03 -1.1900e-03 -3.2000e-04  1.0400e-03
  4352.79      2.2974  4.7400e-03  5.0400e-03 -1.1900e-03 -3.3000e-04  1.0300e-03
  4351.29      2.2982  4.7100e-03  5.0400e-03 -1.2000e-03 -3.4000e-04  1.0100e-03
  4349.79      2.2990  4.6900e-03  5.0500e-03 -1.2000e-03 -3.6000e-04  1.0000e-03
  4348.29      2.2998  4.6700e-03  5.0600e-03 -1.2000e-03 -3.8000e-04  1.0000e-03
  4346.79      2.3006  4.6400e-03  5.0600e-03 -1.2200e-03 -3.9000e-04  9.9000e-04
  4345.29      2.3013  4.6400e-03  5.0700e-03 -1.2300e-03 -3.9000e-04  1.0000e-03
  4343.79      2.3021  4.6300e-03  5.0700e-03 -1.2500e-03 -3.8000e-04  1.0100e-03
  4342.29      2.3029  4.6300e-03  5.0700e-03 -1.2500e-03 -3.7000e-04  1.0100e-03
  4340.79      2.3037  4.6400e-03  5.0700e-03 -1.2500e-03 -3.5000e-04  1.0200e-03
  4339.29      2.3045  4.6400e-03  5.0700e-03 -1.2500e-03 -3.4000e-04  1.0200e-03
  4337.79      2.3053  4.6400e-03  5.0800e-03 -1.2500e-03 -3.1000e-04  1.0200e-03
  4336.29      2.3061  4.6400e-03  5.1000e-03 -1.2400e-03 -3.0000e-04  1.0200e-03
  4334.79      2.3069  4.6200e-03  5.1300e-03 -1.2200e-03 -2.8000e-04  1.0200e-03
  4333.28      2.3077  4.6100e-03  5.1700e-03 -1.2000e-03 -2.6000e-04  1.0000e-03
  4331.78      2.3085  4.6100e-03  5.2000e-03 -1.1900e-03 -2.5000e-04  9.9000e-04
  4330.28      2.3093  4.6200e-03  5.2200e-03 -1.1700e-03 -2.5000e-04  9.6000e-04
  4328.78      2.3101  4.6300e-03  5.2300e-03 -1.1700e-03 -2.5000e-04  9.3000e-04
  4327.28      2.3109  4.6500e-03  5.2300e-03 -1.1700e-03 -2.5000e-04  8.9000e-04
  4325.78      2.3117  4.6600e-03  5.2400e-03 -1.1700e-03 -2.5000e-04  8.6000e-04
  4324.28      2.3125  4.6800e-03  5.2400e-03 -1.1900e-03 -2.4000e-04  8.3000e-04
  4322.78      2.3133  4.6800e-03  5.2600e-03 -1.1900e-03 -2.3000e-04  8.1000e-04
  4321.28      2.3141  4.6900e-03  5.2700e-03 -1.2100e-03 -2.2000e-04  7.9000e-04
  4319.78      2.3149  4.6900e-03  5.2700e-03 -1.2200e-03 -2.2000e-04  7.8000e-04
  4318.28      2.3157  4.6900e-03  5.2500e-03 -1.2200e-03 -2.2000e-04  7.9000e-04
  4316.78      2.3165  4.7000e-03  5.2100e-03 -1.2300e-03 -2.3000e-04  8.1000e-04
  4315.28      2.3173  4.7000e-03  5.1600e-03 -1.2400e-03 -2.3000e-04  8.3000e-04
  4313.78      2.3182  4.7000e-03  5.1000e-03 -1.2400e-03 -2.4000e-04  8.8000e-04
  4312.28      2.3190  4.6900e-03  5.0300e-03 -1.2400e-03 -2.5000e-04  9.1000e-04
  4310.78      2.3198  4.6800e-03  5.0000e-03 -1.2300e-03 -2.7000e-04  9.5000e-04
  4309.28      2.3206  4.6700e-03  4.9700e-03 -1.2300e-03 -2.8000e-04  9.8000e-04
  4307.78      2.3214  4.6700e-03  4.9800e-03 -1.2300e-03 -3.0000e-04  1.0100e-03
  4306.28      2.3222  4.6700e-03  5.0000e-03 -1.2200e-03 -3.0000e-04  1.0300e-03
  4304.78      2.3230  4.6900e-03  5.0300e-03 -1.2200e-03 -3.0000e-04  1.0300e-03
  4303.28      2.3238  4.7100e-03  5.0600e-03 -1.2000e-03 -2.8000e-04  1.0200e-03
  4301.78      2.3246  4.7100e-03  5.0900e-03 -1.1900e-03 -2.8000e-04  1.0100e-03
  4300.28      2.3254  4.7100e-03  5.1000e-03 -1.1800e-03 -2.7000e-04  9.9000e-04
  4298.78      2.3262  4.7100e-03  5.1100e-03 -1.1700e-03 -2.7000e-04  9.8000e-04
  4297.28      2.3271  4.6900e-03  5.1100e-03 -1.1600e-03 -2.7000e-04  9.5000e-04
  4295.78      2.3279  4.6800e-03  5.1200e-03 -1.1600e-03 -2.7000e-04  9.4000e-04
  4294.28      2.3287  4.6600e-03  5.1300e-03 -1.1600e-03 -2.7000e-04  9.1000e-04
  4292.78      2.3295  4.6400e-03  5.1500e-03 -1.1800e-03 -2.8000e-04  8.9000e-04
  4291.28      2.3303  4.6300e-03  5.1600e-03 -1.1900e-03 -2.9000e-04  8.9000e-04
  4289.78      2.3311  4.6200e-03  5.1700e-03 -1.2100e-03 -3.1000e-04  8.7000e-04
  4288.28      2.3319  4.6100e-03  5.1600e-03 -1.2300e-03 -3.1000e-04  8.7000e-04
  4286.78      2.3328  4.5900e-03  5.1300e-03 -1.2600e-03 -3.0000e-04  8.5000e-04
  4285.28      2.3336  4.5800e-03  5.1000e-03 -1.2700e-03 -3.0000e-04  8.4000e-04
  4283.78      2.3344  4.5600e-03  5.0800e-03 -1.2900e-03 -2.8000e-04  8.3000e-04
  4282.28      2.3352  4.5600e-03  5.0800e-03 -1.3000e-03 -2.7000e-04  8.2000e-04
  4280.78      2.3360  4.5500e-03  5.0900e-03 -1.3200e-03 -2.5000e-04  8.1000e-04
  4279.28      2.3368  4.5500e-03  5.1400e-03 -1.3200e-03 -2.3000e-04  8.0000e-04
  4277.78      2.3377  4.5500e-03  5.1700e-03 -1.3300e-03 -2.2000e-04  8.0000e-04
  4276.28      2.3385  4.5600e-03  5.1900e-03 -1.3300e-03 -2.0000e-04  8.0000e-04
  4274.78      2.3393  4.5600e-03  5.2000e-03 -1.3400e-03 -1.9000e-04  8.0000e-04
  4273.28      2.3401  4.5600e-03  5.1700e-03 -1.3600e-03 -1.8000e-04  8.1000e-04
  4271.78      2.3409  4.5600e-03  5.1200e-03 -1.3800e-03 -1.8000e-04  8.1000e-04
  4270.28      2.3418  4.5400e-03  5.0500e-03 -1.4100e-03 -1.8000e-04  8.2000e-04
  4268.78      2.3426  4.5100e-03  4.9900e-03 -1.4400e-03 -1.7000e-04  8.2000e-04
  4267.28      2.3434  4.4800e-03  4.9300e-03 -1.4700e-03 -1.7000e-04  8.1000e-04
  4265.78      2.3442  4.4500e-03  4.8700e-03 -1.5000e-03 -1.9000e-04  8.1000e-04
  4264.28      2.3451  4.4300e-03  4.8300e-03 -1.5300e-03 -2.0000e-04  7.9000e-04
  4262.78      2.3459  4.4100e-03  4.8100e-03 -1.5600e-03 -2.2000e-04  7.8000e-04
  4261.28      2.3467  4.4100e-03  4.8000e-03 -1.5900e-03 -2.5000e-04  7.7000e-04
  4259.78      2.3475  4.4300e-03  4.8000e-03 -1.6200e-03 -2.7000e-04  7.6000e-04
  4258.28      2.3484  4.4500e-03  4.8200e-03 -1.6400e-03 -2.9000e-04  7.5000e-04
  4256.78      2.3492  4.4700e-03  4.8400e-03 -1.6600e-03 -3.2000e-04  7.4000e-04
  4255.28      2.3500  4.4800e-03  4.8500e-03 -1.6700e-03 -3.4000e-04  7.4000e-04
  4253.78      2.3509  4.4700e-03  4.8400e-03 -1.6700e-03 -3.6000e-04  7.4000e-04
  4252.28      2.3517  4.4600e-03  4.8000e-03 -1.6800e-03 -3.9000e-04  7.4000e-04
  4250.78      2.3525  4.4300e-03  4.7700e-03 -1.6700e-03 -3.9000e-04  7.3000e-04
  4249.28      2.3533  4.3900e-03  4.7200e-03 -1.6700e-03 -4.1000e-04  7.1000e-04
  4247.78      2.3542  4.3400e-03  4.7000e-03 -1.6700e-03 -4.2000e-04  7.0000e-04
  4246.28      2.3550  4.3000e-03  4.7000e-03 -1.6600e-03 -4.4000e-04  6.8000e-04
  4244.78      2.3558  4.2700e-03  4.7200e-03 -1.6600e-03 -4.5000e-04  6.8000e-04
  4243.28      2.3567  4.2500e-03  4.7600e-03 -1.6400e-03 -4.7000e-04  6.6000e-04
  4241.78      2.3575  4.2500e-03  4.8000e-03 -1.6400e-03 -4.7000e-04  6.5000e-04
  4240.28      2.3583  4.2600e-03  4.8000e-03 -1.6300e-03 -4.9000e-04  6.4000e-04
  4238.78      2.3592  4.2800e-03  4.8000e-03 -1.6400e-03 -4.9000e-04  6.4000e-04
  4237.28      2.3600  4.2900e-03  4.7700e-03 -1.6400e-03 -4.9000e-04  6.5000e-04
  4235.78      2.3608  4.3100e-03  4.7400e-03 -1.6400e-03 -4.7000e-04  6.7000e-04
  4234.28      2.3617  4.3200e-03  4.7100e-03 -1.6400e-03 -4.7000e-04  6.7000e-04
  4232.78      2.3625  4.3200e-03  4.7000e-03 -1.6600e-03 -4.4000e-04  6.8000e-04
  4231.28      2.3634  4.3200e-03  4.6800e-03 -1.6700e-03 -4.2000e-04  6.8000e-04
  4229.78      2.3642  4.3100e-03  4.6700e-03 -1.6900e-03 -3.9000e-04  6.7000e-04
  4228.28      2.3650  4.3100e-03  4.6500e-03 -1.7200e-03 -3.7000e-04  6.7000e-04
  4226.78      2.3659  4.3200e-03  4.6300e-03 -1.7300e-03 -3.4000e-04  6.6000e-04
  4225.28      2.3667  4.3400e-03  4.6000e-03 -1.7500e-03 -3.2000e-04  6.6000e-04
  4223.78      2.3675  4.3600e-03  4.5700e-03 -1.7600e-03 -3.0000e-04  6.5000e-04
  4222.28      2.3684  4.3800e-03  4.5400e-03 -1.7800e-03 -2.9000e-04  6.5000e-04
  4220.78      2.3692  4.3900e-03  4.5300e-03 -1.7900e-03 -2.8000e-04  6.5000e-04
  4219.28      2.3701  4.4000e-03  4.5300e-03 -1.8000e-03 -2.8000e-04  6.7000e-04
  4217.78      2.3709  4.4000e-03  4.5500e-03 -1.8000e-03 -2.8000e-04  6.8000e-04
  4216.28      2.3718  4.4000e-03  4.5700e-03 -1.7900e-03 -2.7000e-04  7.1000e-04
  4214.78      2.3726  4.4000e-03  4.6000e-03 -1.7800e-03 -2.7000e-04  7.4000e-04
  4213.28      2.3735  4.3900e-03  4.6100e-03 -1.7500e-03 -2.7000e-04  7.7000e-04
  4211.78      2.3743  4.3900e-03  4.6100e-03 -1.7400e-03 -2.7000e-04  8.1000e-04
  4210.28      2.3751  4.3700e-03  4.6100e-03 -1.7100e-03 -2.7000e-04  8.4000e-04
  4208.78      2.3760  4.3600e-03  4.6000e-03 -1.6900e-03 -2.7000e-04  8.8000e-04
  4207.28      2.3768  4.3500e-03  4.6000e-03 -1.6900e-03 -2.7000e-04  9.2000e-04
  4205.78      2.3777  4.3300e-03  4.6100e-03 -1.6900e-03 -2.6000e-04  9.6000e-04
  4204.28      2.3785  4.3200e-03  4.6500e-03 -1.6900e-03 -2.5000e-04  9.9000e-04
  4202.78      2.3794  4.3400e-03  4.6900e-03 -1.7100e-03 -2.4000e-04  1.0200e-03
  4201.27      2.3802  4.3500e-03  4.7200e-03 -1.7200e-03 -2.3000e-04  1.0300e-03
  4199.77      2.3811  4.3700e-03  4.7400e-03 -1.7500e-03 -2.0000e-04  1.0500e-03
  4198.27      2.3819  4.3700e-03  4.7500e-03 -1.7800e-03 -1.8000e-04  1.0600e-03
  4196.77      2.3828  4.3700e-03  4.7500e-03 -1.8000e-03 -1.5000e-04  1.0700e-03
  4195.27      2.3836  4.3500e-03  4.7300e-03 -1.8300e-03 -1.2000e-04  1.0700e-03
  4193.77      2.3845  4.3200e-03  4.7100e-03 -1.8400e-03 -9.0000e-05  1.0700e-03
  4192.27      2.3853  4.2800e-03  4.7000e-03 -1.8500e-03 -7.0000e-05  1.0500e-03
  4190.77      2.3862  4.2500e-03  4.6800e-03 -1.8500e-03 -7.0000e-05  1.0500e-03
  4189.27      2.3870  4.2300e-03  4.6600e-03 -1.8400e-03 -6.0000e-05  1.0400e-03
  4187.77      2.3879  4.2200e-03  4.6300e-03 -1.8400e-03 -7.0000e-05  1.0400e-03
  4186.27      2.3888  4.2100e-03  4.6100e-03 -1.8200e-03 -7.0000e-05  1.0400e-03
  4184.77      2.3896  4.2100e-03  4.5800e-03 -1.7900e-03 -9.0000e-05  1.0300e-03
  4183.27      2.3905  4.2400e-03  4.5700e-03 -1.7700e-03 -1.0000e-04  1.0300e-03
  4181.77      2.3913  4.2700e-03  4.5500e-03 -1.7400e-03 -1.2000e-04  1.0300e-03
  4180.27      2.3922  4.3100e-03  4.5300e-03 -1.7200e-03 -1.3000e-04  1.0300e-03
  4178.77      2.3930  4.3500e-03  4.5300e-03 -1.7000e-03 -1.4000e-04  1.0300e-03
  4177.27      2.3939  4.3900e-03  4.5300e-03 -1.6900e-03 -1.5000e-04  1.0300e-03
  4175.77      2.3948  4.4100e-03  4.5200e-03 -1.6800e-03 -1.5000e-04  1.0300e-03
  4174.27      2.3956  4.4100e-03  4.5200e-03 -1.6800e-03 -1.5000e-04  1.0300e-03
  4172.77      2.3965  4.3900e-03  4.5200e-03 -1.6900e-03 -1.5000e-04  1.0200e-03
  4171.27      2.3973  4.3500e-03  4.5100e-03 -1.7100e-03 -1.4000e-04  1.0300e-03
  4169.77      2.3982  4.3100e-03  4.5000e-03 -1.7200e-03 -1.4000e-04  1.0300e-03
  4168.27      2.3991  4.2800e-03  4.4800e-03 -1.7300e-03 -1.2000e-04  1.0400e-03
  4166.77      2.3999  4.2600e-03  4.4400e-03 -1.7400e-03 -1.2000e-04  1.0400e-03
  4165.27      2.4008  4.2500e-03  4.4100e-03 -1.7600e-03 -1.1000e-04  1.0400e-03
  4163.77      2.4017  4.2500e-03  4.3800e-03 -1.7600e-03 -1.0000e-04  1.0400e-03
  4162.27      2.4025  4.2500e-03  4.3500e-03 -1.7700e-03 -1.0000e-04  1.0300e-03
  4160.77      2.4034  4.2400e-03  4.3100e-03 -1.7700e-03 -1.0000e-04  1.0400e-03
  4159.27      2.4043  4.2100e-03  4.2900e-03 -1.7700e-03 -1.0000e-04  1.0400e-03
  4157.77      2.4051  4.1700e-03  4.2700e-03 -1.7500e-03 -1.0000e-04  1.0400e-03
  4156.27      2.4060  4.1300e-03  4.2600e-03 -1.7500e-03 -1.0000e-04  1.0400e-03
  4154.77      2.4069  4.1000e-03  4.2400e-03 -1.7400e-03 -1.0000e-04  1.0300e-03
  4153.27      2.4077  4.0700e-03  4.2300e-03 -1.7400e-03 -9.0000e-05  1.0300e-03
  4151.77      2.4086  4.0600e-03  4.2300e-03 -1.7300e-03 -7.0000e-05  1.0300e-03
  4150.27      2.4095  4.0600e-03  4.2300e-03 -1.7200e-03 -4.0000e-05  1.0400e-03
  4148.77      2.4104  4.0800e-03  4.2300e-03 -1.7100e-03 -1.0000e-05  1.0500e-03
  4147.27      2.4112  4.1000e-03  4.2300e-03 -1.7100e-03  2.0000e-05  1.0500e-03
  4145.77      2.4121  4.1300e-03  4.2200e-03 -1.7100e-03  7.0000e-05  1.0600e-03
  4144.27      2.4130  4.1600e-03  4.2100e-03 -1.7100e-03  1.2000e-04  1.0800e-03
  4142.77      2.4138  4.1700e-03  4.2100e-03 -1.7200e-03  1.6000e-04  1.0900e-03
  4141.27      2.4147  4.2000e-03  4.1900e-03 -1.7200e-03  1.9000e-04  1.1100e-03
  4139.77      2.4156  4.2000e-03  4.1900e-03 -1.7100e-03  2.2000e-04  1.1200e-03
  4138.27      2.4165  4.2200e-03  4.1900e-03 -1.7100e-03  2.5000e-04  1.1200e-03
  4136.77      2.4173  4.2300e-03  4.2000e-03 -1.7100e-03  2.6000e-04  1.1200e-03
  4135.27      2.4182  4.2500e-03  4.2100e-03 -1.7000e-03  2.7000e-04  1.1200e-03
  4133.77      2.4191  4.2600e-03  4.2400e-03 -1.6900e-03  2.7000e-04  1.1200e-03
  4132.27      2.4200  4.2800e-03  4.2600e-03 -1.6700e-03  2.6000e-04  1.1100e-03
  4130.77      2.4209  4.2900e-03  4.2900e-03 -1.6600e-03  2.5000e-04  1.0900e-03
  4129.27      2.4217  4.3000e-03  4.3200e-03 -1.6500e-03  2.5000e-04  1.0800e-03
  4127.77      2.4226  4.3200e-03  4.3400e-03 -1.6500e-03  2.5000e-04  1.0600e-03
  4126.27      2.4235  4.3200e-03  4.3600e-03 -1.6500e-03  2.5000e-04  1.0500e-03
  4124.77      2.4244  4.3400e-03  4.3700e-03 -1.6500e-03  2.5000e-04  1.0500e-03
  4123.27      2.4253  4.3400e-03  4.3500e-03 -1.6600e-03  2.5000e-04  1.0500e-03
  4121.77      2.4261  4.3500e-03  4.3300e-03 -1.6700e-03  2.6000e-04  1.0600e-03
  4120.27      2.4270  4.3500e-03  4.2900e-03 -1.6800e-03  2.7000e-04  1.0600e-03
  4118.77      2.4279  4.3400e-03  4.2600e-03 -1.7000e-03  2.8000e-04  1.0600e-03
  4117.27      2.4288  4.3400e-03  4.2300e-03 -1.7200e-03  2.8000e-04  1.0700e-03
  4115.77      2.4297  4.3400e-03  4.2100e-03 -1.7200e-03  2.9000e-04  1.0700e-03
  4114.27      2.4306  4.3600e-03  4.2100e-03 -1.7200e-03  2.9000e-04  1.0700e-03
  4112.77      2.4315  4.4000e-03  4.2000e-03 -1.7200e-03  2.9000e-04  1.0700e-03
  4111.27      2.4323  4.4400e-03  4.2000e-03 -1.7000e-03  2.9000e-04  1.0600e-03
  4109.77      2.4332  4.4700e-03  4.2100e-03 -1.6900e-03  2.8000e-04  1.0600e-03
  4108.27      2.4341  4.4900e-03  4.2200e-03 -1.6800e-03  2.7000e-04  1.0700e-03
  4106.77      2.4350  4.5000e-03  4.2500e-03 -1.6600e-03  2.6000e-04  1.0800e-03
  4105.27      2.4359  4.5000e-03  4.2800e-03 -1.6400e-03  2.5000e-04  1.1100e-03
  4103.77      2.4368  4.4800e-03  4.3200e-03 -1.6300e-03  2.5000e-04  1.1400e-03
  4102.27      2.4377  4.4800e-03  4.3500e-03 -1.6200e-03  2.5000e-04  1.1700e-03
  4100.77      2.4386  4.4800e-03  4.3800e-03 -1.6200e-03  2.5000e-04  1.2200e-03
  4099.27      2.4395  4.4900e-03  4.4100e-03 -1.6200e-03  2.5000e-04  1.2700e-03
  4097.77      2.4404  4.5100e-03  4.4400e-03 -1.6300e-03  2.6000e-04  1.3100e-03
  4096.27      2.4412  4.5300e-03  4.4600e-03 -1.6400e-03  2.7000e-04  1.3600e-03
  4094.77      2.4421  4.5600e-03  4.4900e-03 -1.6500e-03  2.9000e-04  1.4000e-03
  4093.27      2.4430  4.5900e-03  4.5300e-03 -1.6600e-03  3.0000e-04  1.4300e-03
  4091.77      2.4439  4.6100e-03  4.5500e-03 -1.6700e-03  3.3000e-04  1.4600e-03
  4090.27      2.4448  4.6400e-03  4.5700e-03 -1.6700e-03  3.5000e-04  1.4800e-03
  4088.77      2.4457  4.6400e-03  4.5900e-03 -1.6600e-03  3.6000e-04  1.4900e-03
  4087.27      2.4466  4.6400e-03  4.5900e-03 -1.6500e-03  3.8000e-04  1.5000e-03
  4085.77      2.4475  4.6400e-03  4.5900e-03 -1.6400e-03  3.9000e-04  1.5000e-03
  4084.27      2.4484  4.6200e-03  4.5900e-03 -1.6100e-03  4.1000e-04  1.5000e-03
  4082.77      2.4493  4.6100e-03  4.6100e-03 -1.5900e-03  4.2000e-04  1.5100e-03
  4081.27      2.4502  4.6100e-03  4.6200e-03 -1.5600e-03  4.4000e-04  1.5200e-03
  4079.77      2.4511  4.6100e-03  4.6400e-03 -1.5300e-03  4.6000e-04  1.5300e-03
  4078.27      2.4520  4.6300e-03  4.6500e-03 -1.5100e-03  4.8000e-04  1.5500e-03
  4076.77      2.4529  4.6500e-03  4.6700e-03 -1.4800e-03  5.0000e-04  1.5700e-03
  4075.27      2.4538  4.6700e-03  4.6900e-03 -1.4700e-03  5.3000e-04  1.5900e-03
  4073.77      2.4547  4.6800e-03  4.7200e-03 -1.4600e-03  5.6000e-04  1.6200e-03
  4072.27      2.4556  4.6800e-03  4.7400e-03 -1.4600e-03  6.0000e-04  1.6600e-03
  4070.77      2.4565  4.6900e-03  4.7400e-03 -1.4600e-03  6.4000e-04  1.7000e-03
  4069.27      2.4574  4.7000e-03  4.7400e-03 -1.4600e-03  6.8000e-04  1.7400e-03
  4067.77      2.4584  4.7000e-03  4.7300e-03 -1.4700e-03  7.2000e-04  1.7700e-03
  4066.26      2.4593  4.7100e-03  4.7200e-03 -1.4800e-03  7.5000e-04  1.8000e-03
  4064.76      2.4602  4.7300e-03  4.7200e-03 -1.5000e-03  7.8000e-04  1.8300e-03
  4063.26      2.4611  4.7400e-03  4.7200e-03 -1.5200e-03  8.1000e-04  1.8600e-03
  4061.76      2.4620  4.7500e-03  4.7200e-03 -1.5400e-03  8.3000e-04  1.8800e-03
  4060.26      2.4629  4.7600e-03  4.7300e-03 -1.5600e-03  8.5000e-04  1.9100e-03
  4058.76      2.4638  4.7600e-03  4.7200e-03 -1.5600e-03  8.6000e-04  1.9400e-03
  4057.26      2.4647  4.7800e-03  4.7100e-03 -1.5700e-03  8.8000e-04  1.9800e-03
  4055.76      2.4656  4.7900e-03  4.6800e-03 -1.5800e-03  8.8000e-04  2.0000e-03
  4054.26      2.4665  4.8000e-03  4.6500e-03 -1.5700e-03  8.9000e-04  2.0200e-03
  4052.76      2.4675  4.8100e-03  4.6200e-03 -1.5600e-03  9.0000e-04  2.0300e-03
  4051.26      2.4684  4.8300e-03  4.6100e-03 -1.5400e-03  9.1000e-04  2.0500e-03
  4049.76      2.4693  4.8400e-03  4.6200e-03 -1.5200e-03  9.2000e-04  2.0600e-03
  4048.26      2.4702  4.8500e-03  4.6400e-03 -1.5100e-03  9.2000e-04  2.0600e-03
  4046.76      2.4711  4.8600e-03  4.6800e-03 -1.5000e-03  9.3000e-04  2.0600e-03
  4045.26      2.4720  4.8700e-03  4.7300e-03 -1.4900e-03  9.4000e-04  2.0600e-03
  4043.76      2.4729  4.8800e-03  4.7700e-03 -1.5000e-03  9.6000e-04  2.0600e-03
  4042.26      2.4739  4.8800e-03  4.8100e-03 -1.5100e-03  9.7000e-04  2.0700e-03
  4040.76      2.4748  4.8700e-03  4.8100e-03 -1.5400e-03  9.9000e-04  2.0800e-03
  4039.26      2.4757  4.8500e-03  4.8000e-03 -1.5700e-03  1.0200e-03  2.0900e-03
  4037.76      2.4766  4.8300e-03  4.7700e-03 -1.6000e-03  1.0300e-03  2.1100e-03
  4036.26      2.4775  4.8100e-03  4.7400e-03 -1.6300e-03  1.0500e-03  2.1400e-03
  4034.76      2.4785  4.7900e-03  4.7100e-03 -1.6500e-03  1.0600e-03  2.1700e-03
  4033.26      2.4794  4.7800e-03  4.6900e-03 -1.6700e-03  1.0700e-03  2.2100e-03
  4031.76      2.4803  4.7800e-03  4.6900e-03 -1.6800e-03  1.0800e-03  2.2500e-03
  4030.26      2.4812  4.7800e-03  4.6900e-03 -1.7000e-03  1.0800e-03  2.2800e-03
  4028.76      2.4822  4.7700e-03  4.7100e-03 -1.7000e-03  1.0800e-03  2.3100e-03
  4027.26      2.4831  4.7500e-03  4.7100e-03 -1.7100e-03  1.0700e-03  2.3300e-03
  4025.76      2.4840  4.7300e-03  4.7200e-03 -1.7300e-03  1.0700e-03  2.3400e-03
  4024.26      2.4849  4.7000e-03  4.7300e-03 -1.7300e-03  1.0600e-03  2.3600e-03
  4022.76      2.4859  4.6800e-03  4.7400e-03 -1.7500e-03  1.0600e-03  2.3600e-03
  4021.26      2.4868  4.6800e-03  4.7500e-03 -1.7700e-03  1.0600e-03  2.3500e-03
  4019.76      2.4877  4.6800e-03  4.7600e-03 -1.7900e-03  1.0500e-03  2.3400e-03
  4018.26      2.4886  4.6900e-03  4.7600e-03 -1.8000e-03  1.0500e-03  2.3200e-03
  4016.76      2.4896  4.7100e-03  4.7600e-03 -1.8200e-03  1.0300e-03  2.2900e-03
  4015.26      2.4905  4.7200e-03  4.7500e-03 -1.8300e-03  1.0300e-03  2.2800e-03
  4013.76      2.4914  4.7200e-03  4.7400e-03 -1.8300e-03  1.0200e-03  2.2600e-03
  4012.26      2.4924  4.7100e-03  4.7300e-03 -1.8300e-03  1.0100e-03  2.2600e-03
  4010.76      2.4933  4.7000e-03  4.7300e-03 -1.8200e-03  1.0100e-03  2.2500e-03
  4009.26      2.4942  4.6900e-03  4.7300e-03 -1.8200e-03  1.0100e-03  2.2500e-03
  4007.76      2.4952  4.6900e-03  4.7300e-03 -1.8200e-03  1.0100e-03  2.2600e-03
  4006.26      2.4961  4.7000e-03  4.7300e-03 -1.8300e-03  1.0200e-03  2.2800e-03
  4004.76      2.4970  4.7100e-03  4.7300e-03 -1.8400e-03  1.0300e-03  2.3200e-03
  4003.26      2.4980  4.7400e-03  4.7300e-03 -1.8600e-03  1.0600e-03  2.3700e-03
  4001.76      2.4989  4.7500e-03  4.7300e-03 -1.8800e-03  1.1000e-03  2.4000e-03
  4000.26      2.4998  4.7800e-03  4.7300e-03 -1.9200e-03  1.1400e-03  2.4400e-03
  3998.76      2.5008  4.8000e-03  4.7400e-03 -1.9500e-03  1.1900e-03  2.4700e-03
  3997.26      2.5017  4.8300e-03  4.7500e-03 -1.9900e-03  1.2200e-03  2.4900e-03
  3995.76      2.5027  4.8700e-03  4.7500e-03 -2.0200e-03  1.2700e-03  2.5200e-03
  3994.26      2.5036  4.9100e-03  4.7400e-03 -2.0400e-03  1.3100e-03  2.5300e-03
  3992.76      2.5045  4.9600e-03  4.7300e-03 -2.0600e-03  1.3500e-03  2.5400e-03
  3991.26      2.5055  5.0000e-03  4.7200e-03 -2.0800e-03  1.3900e-03  2.5400e-03
  3989.76      2.5064  5.0300e-03  4.7000e-03 -2.1000e-03  1.4100e-03  2.5400e-03
  3988.26      2.5074  5.0400e-03  4.6800e-03 -2.1200e-03  1.4200e-03  2.5500e-03
  3986.76      2.5083  5.0300e-03  4.6400e-03 -2.1400e-03  1.4300e-03  2.5700e-03
  3985.26      2.5092  5.0200e-03  4.6100e-03 -2.1600e-03  1.4400e-03  2.5900e-03
  3983.76      2.5102  5.0000e-03  4.5800e-03 -2.1900e-03  1.4500e-03  2.6100e-03
  3982.26      2.5111  4.9800e-03  4.5500e-03 -2.2100e-03  1.4700e-03  2.6500e-03
  3980.76      2.5121  4.9700e-03  4.5400e-03 -2.2300e-03  1.4800e-03  2.6800e-03
  3979.26      2.5130  4.9600e-03  4.5400e-03 -2.2600e-03  1.5100e-03  2.7200e-03
  3977.76      2.5140  4.9600e-03  4.5500e-03 -2.2700e-03  1.5400e-03  2.7600e-03
  3976.26      2.5149  4.9600e-03  4.6000e-03 -2.3000e-03  1.5700e-03  2.8000e-03
  3974.76      2.5159  4.9700e-03  4.6600e-03 -2.3100e-03  1.6000e-03  2.8200e-03
  3973.26      2.5168  4.9800e-03  4.7200e-03 -2.3300e-03  1.6400e-03  2.8400e-03
  3971.76      2.5178  4.9900e-03  4.7800e-03 -2.3400e-03  1.6700e-03  2.8700e-03
  3970.26      2.5187  5.0000e-03  4.8200e-03 -2.3600e-03  1.7100e-03  2.8800e-03
  3968.76      2.5197  5.0000e-03  4.8200e-03 -2.3800e-03  1.7400e-03  2.9100e-03
  3967.26      2.5206  4.9900e-03  4.8000e-03 -2.3900e-03  1.7800e-03  2.9300e-03
  3965.76      2.5216  4.9800e-03  4.7600e-03 -2.4200e-03  1.8200e-03  2.9600e-03
  3964.26      2.5225  4.9600e-03  4.6900e-03 -2.4700e-03  1.8800e-03  3.0000e-03
  3962.76      2.5235  4.9500e-03  4.6400e-03 -2.5000e-03  1.9300e-03  3.0400e-03
  3961.26      2.5245  4.9400e-03  4.6000e-03 -2.5500e-03  1.9800e-03  3.1100e-03
  3959.76      2.5254  4.9400e-03  4.5700e-03 -2.5900e-03  2.0400e-03  3.1700e-03
  3958.26      2.5264  4.9300e-03  4.5300e-03 -2.6200e-03  2.0900e-03  3.2300e-03
  3956.76      2.5273  4.9100e-03  4.5100e-03 -2.6600e-03  2.1200e-03  3.3000e-03
  3955.26      2.5283  4.8900e-03  4.4900e-03 -2.6900e-03  2.1600e-03  3.3700e-03
  3953.76      2.5292  4.8800e-03  4.4800e-03 -2.7000e-03  2.1900e-03  3.4200e-03
  3952.26      2.5302  4.8800e-03  4.4900e-03 -2.6900e-03  2.2200e-03  3.4500e-03
  3950.76      2.5312  4.8800e-03  4.5200e-03 -2.6600e-03  2.2200e-03  3.4700e-03
  3949.26      2.5321  4.9200e-03  4.5900e-03 -2.6200e-03  2.2100e-03  3.4800e-03
  3947.76      2.5331  4.9700e-03  4.6700e-03 -2.5700e-03  2.2100e-03  3.4900e-03
  3946.26      2.5340  5.0400e-03  4.7700e-03 -2.5300e-03  2.2300e-03  3.5000e-03
  3944.76      2.5350  5.1000e-03  4.8400e-03 -2.5100e-03  2.2500e-03  3.5000e-03
  3943.26      2.5360  5.1500e-03  4.8900e-03 -2.4900e-03  2.2700e-03  3.5000e-03
  3941.76      2.5369  5.1800e-03  4.9200e-03 -2.4700e-03  2.3000e-03  3.5100e-03
  3940.26      2.5379  5.1900e-03  4.9000e-03 -2.4700e-03  2.3200e-03  3.5200e-03
  3938.76      2.5389  5.1600e-03  4.8400e-03 -2.4900e-03  2.3500e-03  3.5600e-03
  3937.26      2.5398  5.1300e-03  4.7800e-03 -2.5400e-03  2.4000e-03  3.6100e-03
  3935.76      2.5408  5.1000e-03  4.7400e-03 -2.5900e-03  2.4500e-03  3.6600e-03
  3934.26      2.5418  5.0900e-03  4.7200e-03 -2.6200e-03  2.4700e-03  3.7000e-03
  3932.76      2.5427  5.0900e-03  4.7400e-03 -2.6400e-03  2.4900e-03  3.7200e-03
  3931.25      2.5437  5.1100e-03  4.7900e-03 -2.6500e-03  2.4900e-03  3.7400e-03
  3929.75      2.5447  5.1400e-03  4.8500e-03 -2.6500e-03  2.4900e-03  3.7500e-03
  3928.25      2.5457  5.1600e-03  4.9000e-03 -2.6600e-03  2.4800e-03  3.7600e-03
  3926.75      2.5466  5.1600e-03  4.9200e-03 -2.6500e-03  2.4700e-03  3.7500e-03
  3925.25      2.5476  5.1500e-03  4.9300e-03 -2.6300e-03  2.4300e-03  3.7300e-03
  3923.75      2.5486  5.1500e-03  4.9600e-03 -2.6000e-03  2.3900e-03  3.6900e-03
  3922.25      2.5496  5.1600e-03  4.9900e-03 -2.5900e-03  2.3600e-03  3.6700e-03
  3920.75      2.5505  5.1800e-03  5.0400e-03 -2.6100e-03  2.3500e-03  3.6700e-03
  3919.25      2.5515  5.2300e-03  5.1100e-03 -2.6600e-03  2.3500e-03  3.7000e-03
  3917.75      2.5525  5.2800e-03  5.1700e-03 -2.7500e-03  2.3900e-03  3.7600e-03
  3916.25      2.5535  5.3000e-03  5.1900e-03 -2.8800e-03  2.4600e-03  3.8400e-03
  3914.75      2.5544  5.2700e-03  5.1000e-03 -3.0200e-03  2.5600e-03  3.9400e-03
  3913.25      2.5554  5.1800e-03  4.9100e-03 -3.1800e-03  2.6700e-03  4.0500e-03
  3911.75      2.5564  5.0200e-03  4.6400e-03 -3.3300e-03  2.7800e-03  4.1600e-03
  3910.25      2.5574  4.8400e-03  4.3500e-03 -3.4300e-03  2.8800e-03  4.2400e-03
  3908.75      2.5584  4.6800e-03  4.0800e-03 -3.4700e-03  2.9400e-03  4.3000e-03
  3907.25      2.5593  4.5900e-03  3.9400e-03 -3.4500e-03  2.9600e-03  4.2900e-03
  3905.75      2.5603  4.6000e-03  3.9900e-03 -3.3400e-03  2.9400e-03  4.2500e-03
  3904.25      2.5613  4.7200e-03  4.2500e-03 -3.1800e-03  2.8800e-03  4.1600e-03
  3902.75      2.5623  4.9300e-03  4.6500e-03 -2.9400e-03  2.7800e-03  4.0200e-03
  3901.25      2.5633  5.1700e-03  5.0800e-03 -2.6700e-03  2.6600e-03  3.8700e-03
  3899.75      2.5643  5.3900e-03  5.4700e-03 -2.4200e-03  2.5500e-03  3.7300e-03
  3898.25      2.5653  5.5600e-03  5.7300e-03 -2.2300e-03  2.4800e-03  3.6100e-03
  3896.75      2.5662  5.6500e-03  5.8500e-03 -2.1100e-03  2.4300e-03  3.5300e-03
  3895.25      2.5672  5.6600e-03  5.8100e-03 -2.0600e-03  2.4200e-03  3.5000e-03
  3893.75      2.5682  5.6200e-03  5.6700e-03 -2.0500e-03  2.4100e-03  3.5000e-03
  3892.25      2.5692  5.5700e-03  5.5300e-03 -2.0700e-03  2.4000e-03  3.5000e-03
  3890.75      2.5702  5.5200e-03  5.4200e-03 -2.0900e-03  2.4000e-03  3.5000e-03
  3889.25      2.5712  5.4900e-03  5.3300e-03 -2.1500e-03  2.4100e-03  3.5300e-03
  3887.75      2.5722  5.4800e-03  5.2800e-03 -2.2200e-03  2.4200e-03  3.5600e-03
  3886.25      2.5732  5.4900e-03  5.3000e-03 -2.2800e-03  2.4200e-03  3.5800e-03
  3884.75      2.5742  5.5400e-03  5.3700e-03 -2.3100e-03  2.4000e-03  3.6000e-03
  3883.25      2.5752  5.6000e-03  5.4400e-03 -2.3100e-03  2.3900e-03  3.6000e-03
  3881.75      2.5762  5.6400e-03  5.5000e-03 -2.2800e-03  2.3700e-03  3.5800e-03
  3880.25      2.5772  5.6700e-03  5.5300e-03 -2.2500e-03  2.3700e-03  3.5700e-03
  3878.75      2.5781  5.6700e-03  5.5400e-03 -2.2300e-03  2.3800e-03  3.5600e-03
  3877.25      2.5791  5.6500e-03  5.4800e-03 -2.2400e-03  2.4000e-03  3.5700e-03
  3875.75      2.5801  5.6100e-03  5.4000e-03 -2.2400e-03  2.4000e-03  3.5700e-03
  3874.25      2.5811  5.5900e-03  5.3700e-03 -2.2000e-03  2.3700e-03  3.5400e-03
  3872.75      2.5821  5.5900e-03  5.3900e-03 -2.1100e-03  2.3200e-03  3.4800e-03
  3871.25      2.5831  5.6100e-03  5.4900e-03 -2.0000e-03  2.2500e-03  3.4000e-03
  3869.75      2.5841  5.6700e-03  5.6500e-03 -1.8900e-03  2.1800e-03  3.3200e-03
  3868.25      2.5851  5.7400e-03  5.8700e-03 -1.8100e-03  2.1300e-03  3.2900e-03
  3866.75      2.5862  5.8000e-03  6.0600e-03 -1.7800e-03  2.1200e-03  3.2900e-03
  3865.25      2.5872  5.8400e-03  6.2000e-03 -1.7400e-03  2.1000e-03  3.2900e-03
  3863.75      2.5882  5.8600e-03  6.2600e-03 -1.6500e-03  2.0400e-03  3.2600e-03
  3862.25      2.5892  5.8400e-03  6.2100e-03 -1.5200e-03  1.9800e-03  3.2300e-03
  3860.75      2.5902  5.7900e-03  6.0700e-03 -1.4000e-03  1.9100e-03  3.1900e-03
  3859.25      2.5912  5.7600e-03  5.9200e-03 -1.2900e-03  1.8500e-03  3.1700e-03
  3857.75      2.5922  5.7500e-03  5.8500e-03 -1.1700e-03  1.7900e-03  3.1500e-03
  3856.25      2.5932  5.8200e-03  5.9000e-03 -1.0400e-03  1.7000e-03  3.0800e-03
  3854.75      2.5942  5.9400e-03  6.0800e-03 -8.6000e-04  1.5600e-03  2.9700e-03
  3853.25      2.5952  6.1100e-03  6.3900e-03 -6.4000e-04  1.3900e-03  2.8200e-03
  3851.75      2.5962  6.2900e-03  6.7100e-03 -4.6000e-04  1.2600e-03  2.6900e-03
  3850.25      2.5972  6.4000e-03  6.9200e-03 -3.7000e-04  1.2000e-03  2.6300e-03
  3848.75      2.5982  6.4200e-03  6.9500e-03 -3.4000e-04  1.1900e-03  2.6000e-03
  3847.25      2.5993  6.3400e-03  6.8200e-03 -3.5000e-04  1.2000e-03  2.5800e-03
  3845.75      2.6003  6.2200e-03  6.5900e-03 -3.6000e-04  1.1900e-03  2.5500e-03
  3844.25      2.6013  6.1000e-03  6.3600e-03 -3.3000e-04  1.1700e-03  2.5100e-03
  3842.75      2.6023  6.0000e-03  6.2100e-03 -2.7000e-04  1.1400e-03  2.4600e-03
  3841.25      2.6033  5.9800e-03  6.2100e-03 -1.8000e-04  1.1100e-03  2.4100e-03
  3839.75      2.6043  6.0300e-03  6.3400e-03 -7.0000e-05  1.0500e-03  2.3300e-03
  3838.25      2.6054  6.1400e-03  6.5800e-03  8.0000e-05  9.7000e-04  2.2300e-03
  3836.75      2.6064  6.2600e-03  6.8400e-03  2.5000e-04  8.8000e-04  2.1400e-03
  3835.25      2.6074  6.3600e-03  7.0600e-03  4.0000e-04  8.2000e-04  2.0600e-03
  3833.75      2.6084  6.4300e-03  7.2100e-03  4.9000e-04  7.8000e-04  2.0200e-03
  3832.25      2.6094  6.4500e-03  7.2700e-03  5.5000e-04  7.6000e-04  2.0000e-03
  3830.75      2.6105  6.4200e-03  7.2500e-03  5.6000e-04  7.8000e-04  2.0000e-03
  3829.25      2.6115  6.3400e-03  7.1300e-03  5.3000e-04  8.2000e-04  2.0200e-03
  3827.75      2.6125  6.2600e-03  6.9900e-03  4.8000e-04  8.6000e-04  2.0400e-03
  3826.25      2.6135  6.1900e-03  6.8600e-03  4.5000e-04  8.8000e-04  2.0400e-03
  3824.75      2.6146  6.1700e-03  6.7800e-03  4.4000e-04  8.6000e-04  2.0000e-03
  3823.25      2.6156  6.1900e-03  6.7700e-03  4.8000e-04  8.0000e-04  1.9100e-03
  3821.75      2.6166  6.2800e-03  6.8700e-03  5.9000e-04  6.9000e-04  1.7900e-03
  3820.25      2.6176  6.4100e-03  7.1000e-03  7.2000e-04  5.6000e-04  1.6400e-03
  3818.75      2.6187  6.5600e-03  7.3600e-03  8.4000e-04  4.4000e-04  1.5300e-03
  3817.25      2.6197  6.6700e-03  7.5900e-03  9.4000e-04  3.3000e-04  1.4300e-03
  3815.75      2.6207  6.7400e-03  7.7400e-03  1.0000e-03  2.5000e-04  1.3700e-03
  3814.25      2.6217  6.7500e-03  7.7800e-03  9.9000e-04  2.2000e-04  1.3800e-03
  3812.75      2.6228  6.7100e-03  7.6800e-03  9.4000e-04  2.3000e-04  1.4200e-03
  3811.25      2.6238  6.6100e-03  7.4700e-03  8.6000e-04  2.6000e-04  1.4800e-03
  3809.75      2.6248  6.5100e-03  7.2300e-03  7.9000e-04  3.0000e-04  1.5300e-03
  3808.25      2.6259  6.4200e-03  7.0200e-03  7.4000e-04  3.2000e-04  1.5600e-03
  3806.75      2.6269  6.3600e-03  6.9100e-03  7.5000e-04  3.1000e-04  1.5400e-03
  3805.25      2.6280  6.3600e-03  6.9200e-03  8.1000e-04  2.6000e-04  1.4800e-03
  3803.75      2.6290  6.4100e-03  7.0200e-03  9.4000e-04  2.0000e-04  1.3700e-03
  3802.25      2.6300  6.5000e-03  7.2200e-03  1.1100e-03  1.1000e-04  1.2200e-03
  3800.75      2.6311  6.6100e-03  7.4900e-03  1.3100e-03  1.0000e-05  1.0500e-03
  3799.25      2.6321  6.7300e-03  7.7500e-03  1.5100e-03 -6.0000e-05  9.0000e-04
  3797.74      2.6331  6.8400e-03  7.9500e-03  1.6600e-03 -1.0000e-04  8.0000e-04
  3796.24      2.6342  6.9200e-03  8.0800e-03  1.7400e-03 -9.0000e-05  7.7000e-04
  3794.74      2.6352  6.9700e-03  8.1200e-03  1.7400e-03 -3.0000e-05  8.0000e-04
  3793.24      2.6363  6.9800e-03  8.0500e-03  1.6500e-03  9.0000e-05  9.2000e-04
  3791.74      2.6373  6.9500e-03  7.8800e-03  1.5000e-03  2.4000e-04  1.0900e-03
  3790.24      2.6384  6.8900e-03  7.6700e-03  1.3100e-03  4.2000e-04  1.2900e-03
  3788.74      2.6394  6.8100e-03  7.4500e-03  1.1100e-03  6.1000e-04  1.5200e-03
  3787.24      2.6404  6.7500e-03  7.2400e-03  8.9000e-04  7.9000e-04  1.7400e-03
  3785.74      2.6415  6.6900e-03  7.0900e-03  6.9000e-04  9.7000e-04  1.9600e-03
  3784.24      2.6425  6.6700e-03  7.0300e-03  5.0000e-04  1.1400e-03  2.1700e-03
  3782.74      2.6436  6.6700e-03  7.0300e-03  3.2000e-04  1.3100e-03  2.3500e-03
  3781.24      2.6446  6.6900e-03  7.0600e-03  1.8000e-04  1.4700e-03  2.5000e-03
  3779.74      2.6457  6.7100e-03  7.0900e-03  7.0000e-05  1.6000e-03  2.6100e-03
  3778.24      2.6467  6.7100e-03  7.1100e-03 -2.0000e-05  1.7300e-03  2.7000e-03
  3776.74      2.6478  6.6800e-03  7.0600e-03 -1.3000e-04  1.8500e-03  2.8000e-03
  3775.24      2.6488  6.6200e-03  6.9600e-03 -2.6000e-04  1.9900e-03  2.9000e-03
  3773.74      2.6499  6.5500e-03  6.8500e-03 -3.9000e-04  2.1200e-03  3.0100e-03
  3772.24      2.6509  6.4900e-03  6.7400e-03 -5.3000e-04  2.2400e-03  3.1200e-03
  3770.74      2.6520  6.4600e-03  6.6800e-03 -6.4000e-04  2.3400e-03  3.2100e-03
  3769.24      2.6531  6.4600e-03  6.6800e-03 -7.3000e-04  2.4200e-03  3.3000e-03
  3767.74      2.6541  6.4900e-03  6.6900e-03 -8.2000e-04  2.5200e-03  3.4100e-03
  3766.24      2.6552  6.5200e-03  6.7200e-03 -9.2000e-04  2.6300e-03  3.5500e-03
  3764.74      2.6562  6.5700e-03  6.7300e-03 -1.0400e-03  2.7700e-03  3.7100e-03
  3763.24      2.6573  6.5900e-03  6.6900e-03 -1.1500e-03  2.9100e-03  3.8900e-03
  3761.74      2.6583  6.5900e-03  6.6000e-03 -1.2400e-03  3.0300e-03  4.0200e-03
  3760.24      2.6594  6.5900e-03  6.4800e-03 -1.2600e-03  3.1300e-03  4.1200e-03
  3758.74      2.6605  6.5800e-03  6.3600e-03 -1.2400e-03  3.2100e-03  4.1900e-03
  3757.24      2.6615  6.5700e-03  6.2800e-03 -1.1900e-03  3.2700e-03  4.2300e-03
  3755.74      2.6626  6.5800e-03  6.2500e-03 -1.0900e-03  3.2800e-03  4.2200e-03
  3754.24      2.6637  6.6100e-03  6.2900e-03 -9.1000e-04  3.2200e-03  4.1400e-03
  3752.74      2.6647  6.6800e-03  6.4300e-03 -6.3000e-04  3.1000e-03  3.9700e-03
  3751.24      2.6658  6.7900e-03  6.6700e-03 -2.6000e-04  2.9100e-03  3.7200e-03
  3749.74      2.6669  6.9500e-03  6.9800e-03  1.5000e-04  2.7100e-03  3.4700e-03
  3748.24      2.6679  7.1200e-03  7.3200e-03  5.5000e-04  2.5100e-03  3.2300e-03
  3746.74      2.6690  7.2800e-03  7.6200e-03  9.3000e-04  2.3000e-03  3.0100e-03
  3745.24      2.6701  7.4100e-03  7.8800e-03  1.3400e-03  2.0800e-03  2.7700e-03
  3743.74      2.6711  7.5200e-03  8.0800e-03  1.7600e-03  1.8400e-03  2.5100e-03
  3742.24      2.6722  7.5900e-03  8.2300e-03  2.1700e-03  1.6500e-03  2.2900e-03
  3740.74      2.6733  7.6400e-03  8.3400e-03  2.5200e-03  1.5000e-03  2.1100e-03
  3739.24      2.6743  7.6900e-03  8.4600e-03  2.8200e-03  1.3700e-03  1.9600e-03
  3737.74      2.6754  7.7600e-03  8.6500e-03  3.1000e-03  1.2400e-03  1.8100e-03
  3736.24      2.6765  7.8600e-03  8.9100e-03  3.4000e-03  1.0900e-03  1.6200e-03
  3734.74      2.6776  7.9800e-03  9.1700e-03  3.7300e-03  9.3000e-04  1.4000e-03
  3733.24      2.6786  8.0900e-03  9.4200e-03  4.0300e-03  7.9000e-04  1.2000e-03
  3731.74      2.6797  8.1800e-03  9.5700e-03  4.2700e-03  7.0000e-04  1.0400e-03
  3730.24      2.6808  8.2400e-03  9.6400e-03  4.4500e-03  6.5000e-04  9.4000e-04
  3728.74      2.6819  8.2700e-03  9.6200e-03  4.5800e-03  6.3000e-04  8.7000e-04
  3727.24      2.6830  8.2700e-03  9.5900e-03  4.6800e-03  6.3000e-04  8.4000e-04
  3725.74      2.6840  8.2900e-03  9.5500e-03  4.7500e-03  6.9000e-04  8.6000e-04
  3724.24      2.6851  8.3400e-03  9.5600e-03  4.7900e-03  8.1000e-04  9.4000e-04
  3722.74      2.6862  8.4300e-03  9.5700e-03  4.8100e-03  9.6000e-04  1.0700e-03
  3721.24      2.6873  8.5200e-03  9.5800e-03  4.8100e-03  1.1300e-03  1.2200e-03
  3719.74      2.6884  8.6100e-03  9.5200e-03  4.8400e-03  1.3000e-03  1.3700e-03
  3718.24      2.6894  8.6900e-03  9.4100e-03  4.8900e-03  1.4500e-03  1.5200e-03
  3716.74      2.6905  8.7400e-03  9.2900e-03  4.9700e-03  1.6000e-03  1.6400e-03
  3715.24      2.6916  8.7900e-03  9.2300e-03  5.0800e-03  1.7300e-03  1.7400e-03
  3713.74      2.6927  8.8300e-03  9.2500e-03  5.2400e-03  1.8300e-03  1.8000e-03
  3712.24      2.6938  8.8900e-03  9.4000e-03  5.4600e-03  1.8700e-03  1.8000e-03
  3710.74      2.6949  8.9800e-03  9.6100e-03  5.7100e-03  1.9000e-03  1.7800e-03
  3709.24      2.6960  9.0700e-03  9.8600e-03  5.9400e-03  1.9400e-03  1.7500e-03
  3707.74      2.6971  9.1500e-03  1.0060e-02  6.1400e-03  2.0300e-03  1.7700e-03
  3706.24      2.6982  9.2200e-03  1.0180e-02  6.2900e-03  2.1600e-03  1.8200e-03
  3704.74      2.6992  9.2700e-03  1.0220e-02  6.4100e-03  2.3400e-03  1.9200e-03
  3703.24      2.7003  9.3100e-03  1.0190e-02  6.5100e-03  2.5400e-03  2.0400e-03
  3701.74      2.7014  9.3500e-03  1.0140e-02  6.6000e-03  2.7600e-03  2.1900e-03
  3700.24      2.7025  9.4000e-03  1.0080e-02  6.7000e-03  3.0100e-03  2.3400e-03
  3698.74      2.7036  9.4700e-03  1.0010e-02  6.7800e-03  3.2800e-03  2.5300e-03
  3697.24      2.7047  9.5300e-03  9.9500e-03  6.9000e-03  3.5600e-03  2.7300e-03
  3695.74      2.7058  9.6000e-03  9.9200e-03  7.0600e-03  3.8200e-03  2.9000e-03
  3694.24      2.7069  9.6900e-03  9.9500e-03  7.2900e-03  4.0900e-03  3.0500e-03
  3692.74      2.7080  9.8100e-03  1.0050e-02  7.6000e-03  4.3200e-03  3.1800e-03
  3691.24      2.7091  9.9700e-03  1.0250e-02  7.9600e-03  4.5600e-03  3.3000e-03
  3689.74      2.7102  1.0170e-02  1.0520e-02  8.3900e-03  4.8200e-03  3.4200e-03
  3688.24      2.7113  1.0400e-02  1.0820e-02  8.8300e-03  5.1200e-03  3.5800e-03
  3686.74      2.7124  1.0650e-02  1.1080e-02  9.2900e-03  5.4900e-03  3.8000e-03
  3685.24      2.7135  1.0870e-02  1.1250e-02  9.7600e-03  5.8800e-03  4.0400e-03
  3683.74      2.7146  1.1060e-02  1.1350e-02  1.0240e-02  6.3200e-03  4.3200e-03
  3682.24      2.7157  1.1230e-02  1.1420e-02  1.0750e-02  6.7600e-03  4.5900e-03
  3680.74      2.7168  1.1430e-02  1.1510e-02  1.1320e-02  7.2100e-03  4.8600e-03
  3679.24      2.7180  1.1660e-02  1.1700e-02  1.1970e-02  7.6400e-03  5.1000e-03
  3677.74      2.7191  1.1950e-02  1.2000e-02  1.2720e-02  8.0500e-03  5.2900e-03
  3676.24      2.7202  1.2320e-02  1.2460e-02  1.3550e-02  8.4400e-03  5.4500e-03
  3674.74      2.7213  1.2780e-02  1.3070e-02  1.4480e-02  8.8500e-03  5.6000e-03
  3673.24      2.7224  1.3300e-02  1.3740e-02  1.5450e-02  9.2800e-03  5.7500e-03
  3671.74      2.7235  1.3840e-02  1.4400e-02  1.6430e-02  9.7500e-03  5.9500e-03
  3670.24      2.7246  1.4380e-02  1.5030e-02  1.7430e-02  1.0300e-02  6.2000e-03
  3668.74      2.7257  1.4940e-02  1.5600e-02  1.8420e-02  1.0930e-02  6.5300e-03
  3667.24      2.7268  1.5450e-02  1.6050e-02  1.9350e-02  1.1660e-02  6.9700e-03
  3665.74      2.7280  1.5900e-02  1.6380e-02  2.0200e-02  1.2510e-02  7.5200e-03
  3664.24      2.7291  1.6310e-02  1.6600e-02  2.0970e-02  1.3460e-02  8.2000e-03
  3662.73      2.7302  1.6680e-02  1.6770e-02  2.1670e-02  1.4500e-02  8.9600e-03
  3661.23      2.7313  1.7060e-02  1.6940e-02  2.2350e-02  1.5580e-02  9.7700e-03
  3659.73      2.7324  1.7430e-02  1.7100e-02  2.3090e-02  1.6650e-02  1.0560e-02
  3658.23      2.7336  1.7830e-02  1.7310e-02  2.3920e-02  1.7710e-02  1.1330e-02
  3656.73      2.7347  1.8280e-02  1.7620e-02  2.4850e-02  1.8720e-02  1.2050e-02
  3655.23      2.7358  1.8800e-02  1.8050e-02  2.5900e-02  1.9700e-02  1.2730e-02
  3653.73      2.7369  1.9410e-02  1.8630e-02  2.7070e-02  2.0650e-02  1.3380e-02
  3652.23      2.7380  2.0090e-02  1.9370e-02  2.8360e-02  2.1570e-02  1.3980e-02
  3650.73      2.7392  2.0840e-02  2.0270e-02  2.9780e-02  2.2450e-02  1.4540e-02
  3649.23      2.7403  2.1680e-02  2.1320e-02  3.1300e-02  2.3320e-02  1.5060e-02
  3647.73      2.7414  2.2560e-02  2.2420e-02  3.2870e-02  2.4230e-02  1.5610e-02
  3646.23      2.7426  2.3460e-02  2.3470e-02  3.4410e-02  2.5220e-02  1.6260e-02
  3644.73      2.7437  2.4340e-02  2.4410e-02  3.5880e-02  2.6320e-02  1.7010e-02
  3643.23      2.7448  2.5170e-02  2.5180e-02  3.7260e-02  2.7520e-02  1.7860e-02
  3641.73      2.7459  2.5950e-02  2.5820e-02  3.8550e-02  2.8790e-02  1.8780e-02
  3640.23      2.7471  2.6700e-02  2.6340e-02  3.9800e-02  3.0110e-02  1.9740e-02
  3638.73      2.7482  2.7420e-02  2.6810e-02  4.1010e-02  3.1480e-02  2.0730e-02
  3637.23      2.7493  2.8140e-02  2.7290e-02  4.2200e-02  3.2860e-02  2.1760e-02
  3635.73      2.7505  2.8890e-02  2.7850e-02  4.3380e-02  3.4260e-02  2.2780e-02
  3634.23      2.7516  2.9700e-02  2.8520e-02  4.4570e-02  3.5630e-02  2.3810e-02
  3632.73      2.7527  3.0580e-02  2.9320e-02  4.5800e-02  3.6960e-02  2.4790e-02
  3631.23      2.7539  3.1510e-02  3.0220e-02  4.7090e-02  3.8250e-02  2.5740e-02
  3629.73      2.7550  3.2500e-02  3.1220e-02  4.8450e-02  3.9470e-02  2.6630e-02
  3628.23      2.7562  3.3530e-02  3.2280e-02  4.9880e-02  4.0650e-02  2.7500e-02
  3626.73      2.7573  3.4580e-02  3.3320e-02  5.1330e-02  4.1830e-02  2.8390e-02
  3625.23      2.7584  3.5610e-02  3.4300e-02  5.2760e-02  4.3020e-02  2.9320e-02
  3623.73      2.7596  3.6630e-02  3.5230e-02  5.4160e-02  4.4240e-02  3.0310e-02
  3622.23      2.7607  3.7630e-02  3.6140e-02  5.5580e-02  4.5480e-02  3.1320e-02
  3620.73      2.7619  3.8640e-02  3.7050e-02  5.7000e-02  4.6710e-02  3.2350e-02
  3619.23      2.7630  3.9670e-02  3.8000e-02  5.8460e-02  4.7950e-02  3.3380e-02
  3617.73      2.7642  4.0720e-02  3.9010e-02  5.9920e-02  4.9210e-02  3.4440e-02
  3616.23      2.7653  4.1800e-02  4.0090e-02  6.1380e-02  5.0480e-02  3.5550e-02
  3614.73      2.7665  4.2900e-02  4.1210e-02  6.2820e-02  5.1770e-02  3.6670e-02
  3613.23      2.7676  4.4020e-02  4.2350e-02  6.4270e-02  5.3060e-02  3.7800e-02
  3611.73      2.7688  4.5150e-02  4.3520e-02  6.5740e-02  5.4350e-02  3.8950e-02
  3610.23      2.7699  4.6290e-02  4.4680e-02  6.7200e-02  5.5620e-02  4.0090e-02
  3608.73      2.7711  4.7430e-02  4.5830e-02  6.8630e-02  5.6910e-02  4.1260e-02
  3607.23      2.7722  4.8580e-02  4.6970e-02  7.0030e-02  5.8210e-02  4.2450e-02
  3605.73      2.7734  4.9700e-02  4.8080e-02  7.1390e-02  5.9520e-02  4.3670e-02
  3604.23      2.7745  5.0810e-02  4.9150e-02  7.2680e-02  6.0840e-02  4.4900e-02
  3602.73      2.7757  5.1880e-02  5.0170e-02  7.3940e-02  6.2160e-02  4.6130e-02
  3601.23      2.7768  5.2950e-02  5.1190e-02  7.5160e-02  6.3490e-02  4.7370e-02
  3599.73      2.7780  5.4010e-02  5.2220e-02  7.6350e-02  6.4830e-02  4.8590e-02
  3598.23      2.7791  5.5080e-02  5.3240e-02  7.7540e-02  6.6150e-02  4.9820e-02
  3596.73      2.7803  5.6160e-02  5.4280e-02  7.8720e-02  6.7450e-02  5.1030e-02
  3595.23      2.7815  5.7240e-02  5.5330e-02  7.9920e-02  6.8730e-02  5.2240e-02
  3593.73      2.7826  5.8340e-02  5.6410e-02  8.1150e-02  7.0000e-02  5.3440e-02
  3592.23      2.7838  5.9470e-02  5.7540e-02  8.2380e-02  7.1250e-02  5.4660e-02
  3590.73      2.7849  6.0630e-02  5.8700e-02  8.3630e-02  7.2500e-02  5.5880e-02
  3589.23      2.7861  6.1810e-02  5.9920e-02  8.4910e-02  7.3740e-02  5.7120e-02
  3587.73      2.7873  6.3030e-02  6.1220e-02  8.6200e-02  7.4950e-02  5.8360e-02
  3586.23      2.7884  6.4260e-02  6.2550e-02  8.7500e-02  7.6160e-02  5.9610e-02
  3584.73      2.7896  6.5480e-02  6.3860e-02  8.8780e-02  7.7390e-02  6.0890e-02
  3583.23      2.7908  6.6650e-02  6.5130e-02  9.0010e-02  7.8650e-02  6.2220e-02
  3581.73      2.7919  6.7800e-02  6.6320e-02  9.1170e-02  7.9960e-02  6.3570e-02
  3580.23      2.7931  6.8920e-02  6.7450e-02  9.2260e-02  8.1280e-02  6.4950e-02
  3578.73      2.7943  7.0020e-02  6.8500e-02  9.3300e-02  8.2630e-02  6.6340e-02
  3577.23      2.7955  7.1100e-02  6.9480e-02  9.4330e-02  8.3980e-02  6.7720e-02
  3575.73      2.7966  7.2180e-02  7.0420e-02  9.5340e-02  8.5320e-02  6.9110e-02
  3574.23      2.7978  7.3250e-02  7.1350e-02  9.6340e-02  8.6650e-02  7.0480e-02
  3572.73      2.7990  7.4330e-02  7.2300e-02  9.7340e-02  8.7970e-02  7.1860e-02
  3571.23      2.8002  7.5420e-02  7.3320e-02  9.8370e-02  8.9240e-02  7.3200e-02
  3569.73      2.8013  7.6530e-02  7.4440e-02  9.9450e-02  9.0470e-02  7.4520e-02
  3568.23      2.8025  7.7680e-02  7.5680e-02  1.0060e-01  9.1650e-02  7.5800e-02
  3566.73      2.8037  7.8850e-02  7.7040e-02  1.0182e-01  9.2780e-02  7.7050e-02
  3565.23      2.8049  8.0050e-02  7.8450e-02  1.0307e-01  9.3890e-02  7.8300e-02
  3563.73      2.8061  8.1240e-02  7.9870e-02  1.0431e-01  9.5010e-02  7.9540e-02
  3562.23      2.8072  8.2410e-02  8.1200e-02  1.0552e-01  9.6130e-02  8.0800e-02
  3560.73      2.8084  8.3560e-02  8.2440e-02  1.0668e-01  9.7270e-02  8.2070e-02
  3559.23      2.8096  8.4670e-02  8.3570e-02  1.0780e-01  9.8440e-02  8.3350e-02
  3557.73      2.8108  8.5740e-02  8.4600e-02  1.0888e-01  9.9600e-02  8.4660e-02
  3556.23      2.8120  8.6780e-02  8.5570e-02  1.0991e-01  1.0079e-01  8.5980e-02
  3554.73      2.8132  8.7810e-02  8.6530e-02  1.1088e-01  1.0199e-01  8.7320e-02
  3553.23      2.8143  8.8850e-02  8.7500e-02  1.1184e-01  1.0318e-01  8.8670e-02
  3551.73      2.8155  8.9900e-02  8.8540e-02  1.1278e-01  1.0436e-01  9.0010e-02
  3550.23      2.8167  9.0970e-02  8.9640e-02  1.1373e-01  1.0552e-01  9.1360e-02
  3548.73      2.8179  9.2080e-02  9.0800e-02  1.1468e-01  1.0666e-01  9.2690e-02
  3547.23      2.8191  9.3200e-02  9.2010e-02  1.1565e-01  1.0779e-01  9.4010e-02
  3545.73      2.8203  9.4340e-02  9.3240e-02  1.1665e-01  1.0888e-01  9.5320e-02
  3544.23      2.8215  9.5480e-02  9.4460e-02  1.1766e-01  1.0997e-01  9.6620e-02
  3542.73      2.8227  9.6590e-02  9.5670e-02  1.1867e-01  1.1106e-01  9.7920e-02
  3541.23      2.8239  9.7670e-02  9.6830e-02  1.1966e-01  1.1215e-01  9.9220e-02
  3539.73      2.8251  9.8720e-02  9.7940e-02  1.2061e-01  1.1325e-01  1.0053e-01
  3538.23      2.8263  9.9750e-02  9.9010e-02  1.2154e-01  1.1436e-01  1.0184e-01
  3536.73      2.8275  1.0075e-01  1.0004e-01  1.2245e-01  1.1546e-01  1.0315e-01
  3535.23      2.8287  1.0175e-01  1.0105e-01  1.2336e-01  1.1656e-01  1.0448e-01
  3533.73      2.8299  1.0275e-01  1.0206e-01  1.2426e-01  1.1766e-01  1.0579e-01
  3532.23      2.8311  1.0374e-01  1.0309e-01  1.2514e-01  1.1876e-01  1.0710e-01
  3530.73      2.8323  1.0475e-01  1.0415e-01  1.2603e-01  1.1985e-01  1.0840e-01
  3529.23      2.8335  1.0576e-01  1.0524e-01  1.2694e-01  1.2092e-01  1.0969e-01
  3527.72      2.8347  1.0680e-01  1.0637e-01  1.2787e-01  1.2198e-01  1.1097e-01
  3526.22      2.8359  1.0786e-01  1.0752e-01  1.2882e-01  1.2302e-01  1.1224e-01
  3524.72      2.8371  1.0894e-01  1.0868e-01  1.2977e-01  1.2405e-01  1.1351e-01
  3523.22      2.8383  1.1001e-01  1.0983e-01  1.3071e-01  1.2508e-01  1.1477e-01
  3521.72      2.8395  1.1107e-01  1.1095e-01  1.3165e-01  1.2610e-01  1.1602e-01
  3520.22      2.8407  1.1210e-01  1.1203e-01  1.3257e-01  1.2712e-01  1.1729e-01
  3518.72      2.8419  1.1309e-01  1.1309e-01  1.3347e-01  1.2815e-01  1.1856e-01
  3517.22      2.8432  1.1407e-01  1.1413e-01  1.3434e-01  1.2918e-01  1.1985e-01
  3515.72      2.8444  1.1503e-01  1.1515e-01  1.3516e-01  1.3022e-01  1.2114e-01
  3514.22      2.8456  1.1598e-01  1.1616e-01  1.3596e-01  1.3126e-01  1.2243e-01
  3512.72      2.8468  1.1693e-01  1.1718e-01  1.3674e-01  1.3228e-01  1.2370e-01
  3511.22      2.8480  1.1787e-01  1.1820e-01  1.3752e-01  1.3329e-01  1.2496e-01
  3509.72      2.8492  1.1880e-01  1.1923e-01  1.3830e-01  1.3429e-01  1.2620e-01
  3508.22      2.8504  1.1973e-01  1.2027e-01  1.3908e-01  1.3527e-01  1.2742e-01
  3506.72      2.8517  1.2066e-01  1.2131e-01  1.3986e-01  1.3623e-01  1.2863e-01
  3505.22      2.8529  1.2159e-01  1.2238e-01  1.4065e-01  1.3718e-01  1.2981e-01
  3503.72      2.8541  1.2254e-01  1.2346e-01  1.4146e-01  1.3811e-01  1.3097e-01
  3502.22      2.8553  1.2351e-01  1.2457e-01  1.4228e-01  1.3902e-01  1.3212e-01
  3500.72      2.8566  1.2448e-01  1.2567e-01  1.4311e-01  1.3992e-01  1.3326e-01
  3499.22      2.8578  1.2545e-01  1.2674e-01  1.4392e-01  1.4082e-01  1.3441e-01
  3497.72      2.8590  1.2641e-01  1.2781e-01  1.4471e-01  1.4173e-01  1.3556e-01
  3496.22      2.8602  1.2736e-01  1.2884e-01  1.4548e-01  1.4264e-01  1.3673e-01
  3494.72      2.8615  1.2828e-01  1.2983e-01  1.4623e-01  1.4354e-01  1.3790e-01
  3493.22      2.8627  1.2918e-01  1.3079e-01  1.4696e-01  1.4444e-01  1.3907e-01
  3491.72      2.8639  1.3007e-01  1.3171e-01  1.4767e-01  1.4533e-01  1.4025e-01
  3490.22      2.8651  1.3096e-01  1.3263e-01  1.4836e-01  1.4622e-01  1.4143e-01
  3488.72      2.8664  1.3183e-01  1.3353e-01  1.4904e-01  1.4710e-01  1.4261e-01
  3487.22      2.8676  1.3271e-01  1.3444e-01  1.4971e-01  1.4797e-01  1.4378e-01
  3485.72      2.8688  1.3357e-01  1.3536e-01  1.5037e-01  1.4882e-01  1.4493e-01
  3484.22      2.8701  1.3442e-01  1.3629e-01  1.5103e-01  1.4965e-01  1.4606e-01
  3482.72      2.8713  1.3527e-01  1.3723e-01  1.5169e-01  1.5046e-01  1.4717e-01
  3481.22      2.8726  1.3611e-01  1.3817e-01  1.5235e-01  1.5125e-01  1.4826e-01
  3479.72      2.8738  1.3694e-01  1.3910e-01  1.5300e-01  1.5204e-01  1.4934e-01
  3478.22      2.8750  1.3778e-01  1.4002e-01  1.5365e-01  1.5280e-01  1.5040e-01
  3476.72      2.8763  1.3862e-01  1.4092e-01  1.5427e-01  1.5356e-01  1.5144e-01
  3475.22      2.8775  1.3946e-01  1.4179e-01  1.5487e-01  1.5431e-01  1.5248e-01
  3473.72      2.8788  1.4030e-01  1.4267e-01  1.5545e-01  1.5505e-01  1.5351e-01
  3472.22      2.8800  1.4114e-01  1.4354e-01  1.5602e-01  1.5577e-01  1.5454e-01
  3470.72      2.8812  1.4195e-01  1.4440e-01  1.5656e-01  1.5649e-01  1.5555e-01
  3469.22      2.8825  1.4275e-01  1.4527e-01  1.5708e-01  1.5719e-01  1.5657e-01
  3467.72      2.8837  1.4353e-01  1.4613e-01  1.5758e-01  1.5787e-01  1.5758e-01
  3466.22      2.8850  1.4428e-01  1.4699e-01  1.5806e-01  1.5853e-01  1.5858e-01
  3464.72      2.8862  1.4503e-01  1.4783e-01  1.5854e-01  1.5919e-01  1.5956e-01
  3463.22      2.8875  1.4575e-01  1.4867e-01  1.5900e-01  1.5983e-01  1.6053e-01
  3461.72      2.8887  1.4646e-01  1.4950e-01  1.5945e-01  1.6047e-01  1.6148e-01
  3460.22      2.8900  1.4718e-01  1.5032e-01  1.5989e-01  1.6109e-01  1.6242e-01
  3458.72      2.8912  1.4789e-01  1.5113e-01  1.6032e-01  1.6172e-01  1.6334e-01
  3457.22      2.8925  1.4860e-01  1.5192e-01  1.6074e-01  1.6233e-01  1.6426e-01
  3455.72      2.8938  1.4930e-01  1.5268e-01  1.6114e-01  1.6293e-01  1.6516e-01
  3454.22      2.8950  1.5000e-01  1.5342e-01  1.6154e-01  1.6354e-01  1.6604e-01
  3452.72      2.8963  1.5069e-01  1.5415e-01  1.6194e-01  1.6413e-01  1.6691e-01
  3451.22      2.8975  1.5137e-01  1.5487e-01  1.6233e-01  1.6470e-01  1.6777e-01
  3449.72      2.8988  1.5205e-01  1.5558e-01  1.6273e-01  1.6525e-01  1.6861e-01
  3448.22      2.9000  1.5272e-01  1.5630e-01  1.6313e-01  1.6578e-01  1.6944e-01
  3446.72      2.9013  1.5339e-01  1.5705e-01  1.6353e-01  1.6630e-01  1.7025e-01
  3445.22      2.9026  1.5405e-01  1.5779e-01  1.6393e-01  1.6680e-01  1.7105e-01
  3443.72      2.9038  1.5469e-01  1.5855e-01  1.6433e-01  1.6728e-01  1.7183e-01
  3442.22      2.9051  1.5531e-01  1.5928e-01  1.6471e-01  1.6776e-01  1.7261e-01
  3440.72      2.9064  1.5591e-01  1.6001e-01  1.6508e-01  1.6822e-01  1.7337e-01
  3439.22      2.9076  1.5649e-01  1.6071e-01  1.6543e-01  1.6868e-01  1.7413e-01
  3437.72      2.9089  1.5706e-01  1.6137e-01  1.6574e-01  1.6911e-01  1.7488e-01
  3436.22      2.9102  1.5762e-01  1.6200e-01  1.6604e-01  1.6954e-01  1.7563e-01
  3434.72      2.9114  1.5818e-01  1.6261e-01  1.6630e-01  1.6996e-01  1.7636e-01
  3433.22      2.9127  1.5872e-01  1.6320e-01  1.6654e-01  1.7037e-01  1.7707e-01
  3431.72      2.9140  1.5925e-01  1.6379e-01  1.6676e-01  1.7077e-01  1.7777e-01
  3430.22      2.9153  1.5977e-01  1.6437e-01  1.6696e-01  1.7114e-01  1.7846e-01
  3428.72      2.9165  1.6028e-01  1.6495e-01  1.6717e-01  1.7150e-01  1.7913e-01
  3427.22      2.9178  1.6077e-01  1.6554e-01  1.6735e-01  1.7184e-01  1.7978e-01
  3425.72      2.9191  1.6125e-01  1.6612e-01  1.6754e-01  1.7218e-01  1.8042e-01
  3424.22      2.9204  1.6173e-01  1.6670e-01  1.6774e-01  1.7249e-01  1.8104e-01
  3422.72      2.9217  1.6219e-01  1.6726e-01  1.6793e-01  1.7280e-01  1.8163e-01
  3421.22      2.9229  1.6263e-01  1.6780e-01  1.6811e-01  1.7309e-01  1.8222e-01
  3419.72      2.9242  1.6307e-01  1.6832e-01  1.6830e-01  1.7336e-01  1.8280e-01
  3418.22      2.9255  1.6350e-01  1.6882e-01  1.6847e-01  1.7362e-01  1.8336e-01
  3416.72      2.9268  1.6392e-01  1.6929e-01  1.6863e-01  1.7387e-01  1.8390e-01
  3415.22      2.9281  1.6433e-01  1.6975e-01  1.6878e-01  1.7412e-01  1.8443e-01
  3413.72      2.9294  1.6473e-01  1.7020e-01  1.6890e-01  1.7435e-01  1.8496e-01
  3412.22      2.9306  1.6511e-01  1.7063e-01  1.6901e-01  1.7458e-01  1.8547e-01
  3410.72      2.9319  1.6547e-01  1.7106e-01  1.6910e-01  1.7479e-01  1.8596e-01
  3409.22      2.9332  1.6580e-01  1.7148e-01  1.6917e-01  1.7499e-01  1.8644e-01
  3407.72      2.9345  1.6612e-01  1.7188e-01  1.6922e-01  1.7520e-01  1.8691e-01
  3406.22      2.9358  1.6642e-01  1.7227e-01  1.6924e-01  1.7540e-01  1.8736e-01
  3404.72      2.9371  1.6673e-01  1.7266e-01  1.6926e-01  1.7558e-01  1.8779e-01
  3403.22      2.9384  1.6701e-01  1.7303e-01  1.6927e-01  1.7574e-01  1.8821e-01
  3401.72      2.9397  1.6730e-01  1.7338e-01  1.6925e-01  1.7589e-01  1.8860e-01
  3400.22      2.9410  1.6758e-01  1.7373e-01  1.6924e-01  1.7602e-01  1.8898e-01
  3398.72      2.9423  1.6785e-01  1.7405e-01  1.6919e-01  1.7613e-01  1.8934e-01
  3397.22      2.9436  1.6810e-01  1.7436e-01  1.6915e-01  1.7622e-01  1.8968e-01
  3395.72      2.9449  1.6832e-01  1.7466e-01  1.6910e-01  1.7629e-01  1.9000e-01
  3394.21      2.9462  1.6855e-01  1.7494e-01  1.6904e-01  1.7634e-01  1.9031e-01
  3392.71      2.9475  1.6876e-01  1.7522e-01  1.6899e-01  1.7637e-01  1.9060e-01
  3391.21      2.9488  1.6895e-01  1.7549e-01  1.6891e-01  1.7639e-01  1.9087e-01
  3389.71      2.9501  1.6913e-01  1.7574e-01  1.6883e-01  1.7639e-01  1.9113e-01
  3388.21      2.9514  1.6930e-01  1.7597e-01  1.6874e-01  1.7639e-01  1.9137e-01
  3386.71      2.9527  1.6946e-01  1.7619e-01  1.6864e-01  1.7638e-01  1.9159e-01
  3385.21      2.9540  1.6962e-01  1.7639e-01  1.6855e-01  1.7636e-01  1.9180e-01
  3383.71      2.9553  1.6975e-01  1.7658e-01  1.6845e-01  1.7636e-01  1.9200e-01
  3382.21      2.9566  1.6988e-01  1.7675e-01  1.6833e-01  1.7634e-01  1.9220e-01
  3380.71      2.9580  1.7000e-01  1.7691e-01  1.6821e-01  1.7631e-01  1.9238e-01
  3379.21      2.9593  1.7011e-01  1.7705e-01  1.6807e-01  1.7629e-01  1.9255e-01
  3377.71      2.9606  1.7021e-01  1.7718e-01  1.6792e-01  1.7625e-01  1.9270e-01
  3376.21      2.9619  1.7031e-01  1.7730e-01  1.6775e-01  1.7619e-01  1.9284e-01
  3374.71      2.9632  1.7039e-01  1.7740e-01  1.6757e-01  1.7612e-01  1.9295e-01
  3373.21      2.9645  1.7049e-01  1.7749e-01  1.6737e-01  1.7603e-01  1.9306e-01
  3371.71      2.9659  1.7055e-01  1.7759e-01  1.6715e-01  1.7592e-01  1.9315e-01
  3370.21      2.9672  1.7061e-01  1.7767e-01  1.6691e-01  1.7578e-01  1.9321e-01
  3368.71      2.9685  1.7064e-01  1.7775e-01  1.6666e-01  1.7562e-01  1.9325e-01
  3367.21      2.9698  1.7065e-01  1.7784e-01  1.6641e-01  1.7545e-01  1.9326e-01
  3365.71      2.9711  1.7063e-01  1.7791e-01  1.6615e-01  1.7526e-01  1.9325e-01
  3364.21      2.9725  1.7061e-01  1.7796e-01  1.6589e-01  1.7506e-01  1.9323e-01
  3362.71      2.9738  1.7058e-01  1.7801e-01  1.6564e-01  1.7486e-01  1.9321e-01
  3361.21      2.9751  1.7054e-01  1.7804e-01  1.6538e-01  1.7465e-01  1.9317e-01
  3359.71      2.9764  1.7051e-01  1.7806e-01  1.6513e-01  1.7445e-01  1.9311e-01
  3358.21      2.9778  1.7049e-01  1.7808e-01  1.6487e-01  1.7423e-01  1.9305e-01
  3356.71      2.9791  1.7046e-01  1.7809e-01  1.6462e-01  1.7401e-01  1.9298e-01
  3355.21      2.9804  1.7042e-01  1.7810e-01  1.6436e-01  1.7379e-01  1.9291e-01
  3353.71      2.9818  1.7037e-01  1.7810e-01  1.6411e-01  1.7358e-01  1.9283e-01
  3352.21      2.9831  1.7032e-01  1.7808e-01  1.6384e-01  1.7335e-01  1.9273e-01
  3350.71      2.9844  1.7024e-01  1.7805e-01  1.6356e-01  1.7311e-01  1.9263e-01
  3349.21      2.9858  1.7016e-01  1.7799e-01  1.6328e-01  1.7286e-01  1.9250e-01
  3347.71      2.9871  1.7006e-01  1.7791e-01  1.6299e-01  1.7261e-01  1.9237e-01
  3346.21      2.9885  1.6996e-01  1.7782e-01  1.6270e-01  1.7236e-01  1.9223e-01
  3344.71      2.9898  1.6986e-01  1.7773e-01  1.6241e-01  1.7209e-01  1.9209e-01
  3343.21      2.9911  1.6976e-01  1.7765e-01  1.6211e-01  1.7182e-01  1.9193e-01
  3341.71      2.9925  1.6965e-01  1.7756e-01  1.6180e-01  1.7154e-01  1.9176e-01
  3340.21      2.9938  1.6955e-01  1.7747e-01  1.6148e-01  1.7126e-01  1.9159e-01
  3338.71      2.9952  1.6945e-01  1.7738e-01  1.6116e-01  1.7097e-01  1.9141e-01
  3337.21      2.9965  1.6934e-01  1.7731e-01  1.6083e-01  1.7067e-01  1.9122e-01
  3335.71      2.9979  1.6921e-01  1.7723e-01  1.6051e-01  1.7037e-01  1.9101e-01
  3334.21      2.9992  1.6909e-01  1.7714e-01  1.6019e-01  1.7008e-01  1.9081e-01
  3332.71      3.0006  1.6895e-01  1.7706e-01  1.5986e-01  1.6978e-01  1.9060e-01
  3331.21      3.0019  1.6882e-01  1.7696e-01  1.5954e-01  1.6948e-01  1.9037e-01
  3329.71      3.0033  1.6869e-01  1.7684e-01  1.5922e-01  1.6919e-01  1.9014e-01
  3328.21      3.0046  1.6855e-01  1.7672e-01  1.5890e-01  1.6890e-01  1.8989e-01
  3326.71      3.0060  1.6843e-01  1.7659e-01  1.5860e-01  1.6861e-01  1.8966e-01
  3325.21      3.0073  1.6830e-01  1.7646e-01  1.5830e-01  1.6833e-01  1.8943e-01
  3323.71      3.0087  1.6817e-01  1.7632e-01  1.5801e-01  1.6806e-01  1.8919e-01
  3322.21      3.0100  1.6802e-01  1.7618e-01  1.5772e-01  1.6778e-01  1.8897e-01
  3320.71      3.0114  1.6786e-01  1.7604e-01  1.5745e-01  1.6751e-01  1.8875e-01
  3319.21      3.0128  1.6771e-01  1.7590e-01  1.5718e-01  1.6725e-01  1.8855e-01
  3317.71      3.0141  1.6754e-01  1.7575e-01  1.5691e-01  1.6697e-01  1.8836e-01
  3316.21      3.0155  1.6740e-01  1.7559e-01  1.5664e-01  1.6670e-01  1.8817e-01
  3314.71      3.0169  1.6725e-01  1.7545e-01  1.5637e-01  1.6642e-01  1.8798e-01
  3313.21      3.0182  1.6713e-01  1.7531e-01  1.5610e-01  1.6615e-01  1.8780e-01
  3311.71      3.0196  1.6700e-01  1.7518e-01  1.5582e-01  1.6586e-01  1.8760e-01
  3310.21      3.0210  1.6687e-01  1.7505e-01  1.5555e-01  1.6558e-01  1.8740e-01
  3308.71      3.0223  1.6674e-01  1.7493e-01  1.5526e-01  1.6530e-01  1.8718e-01
  3307.21      3.0237  1.6659e-01  1.7479e-01  1.5498e-01  1.6501e-01  1.8695e-01
  3305.71      3.0251  1.6644e-01  1.7465e-01  1.5469e-01  1.6473e-01  1.8671e-01
  3304.21      3.0264  1.6627e-01  1.7449e-01  1.5440e-01  1.6445e-01  1.8647e-01
  3302.71      3.0278  1.6611e-01  1.7432e-01  1.5412e-01  1.6418e-01  1.8622e-01
  3301.21      3.0292  1.6595e-01  1.7417e-01  1.5384e-01  1.6391e-01  1.8597e-01
  3299.71      3.0306  1.6581e-01  1.7400e-01  1.5357e-01  1.6365e-01  1.8572e-01
  3298.21      3.0319  1.6566e-01  1.7385e-01  1.5329e-01  1.6338e-01  1.8547e-01
  3296.71      3.0333  1.6553e-01  1.7369e-01  1.5303e-01  1.6312e-01  1.8523e-01
  3295.21      3.0347  1.6538e-01  1.7354e-01  1.5276e-01  1.6285e-01  1.8498e-01
  3293.71      3.0361  1.6523e-01  1.7338e-01  1.5250e-01  1.6260e-01  1.8472e-01
  3292.21      3.0375  1.6508e-01  1.7322e-01  1.5224e-01  1.6234e-01  1.8447e-01
  3290.71      3.0389  1.6492e-01  1.7308e-01  1.5199e-01  1.6207e-01  1.8422e-01
  3289.21      3.0402  1.6477e-01  1.7293e-01  1.5174e-01  1.6182e-01  1.8397e-01
  3287.71      3.0416  1.6462e-01  1.7280e-01  1.5150e-01  1.6157e-01  1.8373e-01
  3286.21      3.0430  1.6448e-01  1.7266e-01  1.5127e-01  1.6134e-01  1.8350e-01
  3284.71      3.0444  1.6435e-01  1.7254e-01  1.5106e-01  1.6111e-01  1.8328e-01
  3283.21      3.0458  1.6423e-01  1.7242e-01  1.5084e-01  1.6089e-01  1.8307e-01
  3281.71      3.0472  1.6410e-01  1.7231e-01  1.5065e-01  1.6067e-01  1.8286e-01
  3280.21      3.0486  1.6399e-01  1.7220e-01  1.5046e-01  1.6046e-01  1.8266e-01
  3278.71      3.0500  1.6388e-01  1.7207e-01  1.5027e-01  1.6025e-01  1.8246e-01
  3277.21      3.0514  1.6378e-01  1.7195e-01  1.5009e-01  1.6004e-01  1.8225e-01
  3275.71      3.0528  1.6368e-01  1.7181e-01  1.4991e-01  1.5982e-01  1.8204e-01
  3274.21      3.0542  1.6358e-01  1.7167e-01  1.4972e-01  1.5960e-01  1.8181e-01
  3272.71      3.0556  1.6348e-01  1.7153e-01  1.4953e-01  1.5937e-01  1.8157e-01
  3271.21      3.0570  1.6336e-01  1.7140e-01  1.4934e-01  1.5914e-01  1.8132e-01
  3269.71      3.0584  1.6324e-01  1.7126e-01  1.4913e-01  1.5891e-01  1.8107e-01
  3268.21      3.0598  1.6310e-01  1.7114e-01  1.4893e-01  1.5869e-01  1.8080e-01
  3266.71      3.0612  1.6297e-01  1.7104e-01  1.4873e-01  1.5846e-01  1.8054e-01
  3265.21      3.0626  1.6283e-01  1.7093e-01  1.4853e-01  1.5824e-01  1.8027e-01
  3263.71      3.0640  1.6270e-01  1.7083e-01  1.4833e-01  1.5803e-01  1.8002e-01
  3262.21      3.0654  1.6257e-01  1.7073e-01  1.4814e-01  1.5781e-01  1.7975e-01
  3260.71      3.0668  1.6245e-01  1.7062e-01  1.4795e-01  1.5759e-01  1.7950e-01
  3259.20      3.0682  1.6233e-01  1.7051e-01  1.4776e-01  1.5738e-01  1.7926e-01
  3257.70      3.0696  1.6221e-01  1.7040e-01  1.4757e-01  1.5718e-01  1.7901e-01
  3256.20      3.0711  1.6210e-01  1.7029e-01  1.4737e-01  1.5696e-01  1.7876e-01
  3254.70      3.0725  1.6198e-01  1.7018e-01  1.4717e-01  1.5674e-01  1.7851e-01
  3253.20      3.0739  1.6188e-01  1.7006e-01  1.4696e-01  1.5650e-01  1.7827e-01
  3251.70      3.0753  1.6178e-01  1.6994e-01  1.4675e-01  1.5627e-01  1.7800e-01
  3250.20      3.0767  1.6167e-01  1.6981e-01  1.4654e-01  1.5604e-01  1.7775e-01
  3248.70      3.0782  1.6156e-01  1.6968e-01  1.4632e-01  1.5580e-01  1.7748e-01
  3247.20      3.0796  1.6144e-01  1.6955e-01  1.4609e-01  1.5555e-01  1.7721e-01
  3245.70      3.0810  1.6133e-01  1.6942e-01  1.4587e-01  1.5530e-01  1.7692e-01
  3244.20      3.0824  1.6120e-01  1.6930e-01  1.4565e-01  1.5504e-01  1.7664e-01
  3242.70      3.0838  1.6109e-01  1.6917e-01  1.4543e-01  1.5478e-01  1.7634e-01
  3241.20      3.0853  1.6096e-01  1.6904e-01  1.4521e-01  1.5452e-01  1.7604e-01
  3239.70      3.0867  1.6083e-01  1.6890e-01  1.4498e-01  1.5426e-01  1.7572e-01
  3238.20      3.0881  1.6070e-01  1.6877e-01  1.4475e-01  1.5400e-01  1.7541e-01
  3236.70      3.0896  1.6056e-01  1.6862e-01  1.4452e-01  1.5374e-01  1.7507e-01
  3235.20      3.0910  1.6041e-01  1.6847e-01  1.4427e-01  1.5347e-01  1.7474e-01
  3233.70      3.0924  1.6026e-01  1.6832e-01  1.4403e-01  1.5320e-01  1.7440e-01
  3232.20      3.0939  1.6010e-01  1.6816e-01  1.4376e-01  1.5293e-01  1.7406e-01
  3230.70      3.0953  1.5994e-01  1.6800e-01  1.4350e-01  1.5267e-01  1.7370e-01
  3229.20      3.0967  1.5979e-01  1.6783e-01  1.4324e-01  1.5240e-01  1.7336e-01
  3227.70      3.0982  1.5964e-01  1.6766e-01  1.4297e-01  1.5213e-01  1.7301e-01
  3226.20      3.0996  1.5950e-01  1.6749e-01  1.4270e-01  1.5186e-01  1.7267e-01
  3224.70      3.1011  1.5935e-01  1.6731e-01  1.4243e-01  1.5158e-01  1.7232e-01
  3223.20      3.1025  1.5921e-01  1.6713e-01  1.4216e-01  1.5129e-01  1.7196e-01
  3221.70      3.1039  1.5906e-01  1.6696e-01  1.4189e-01  1.5099e-01  1.7161e-01
  3220.20      3.1054  1.5891e-01  1.6679e-01  1.4162e-01  1.5069e-01  1.7125e-01
  3218.70      3.1068  1.5876e-01  1.6662e-01  1.4135e-01  1.5036e-01  1.7087e-01
  3217.20      3.1083  1.5862e-01  1.6645e-01  1.4107e-01  1.5003e-01  1.7050e-01
  3215.70      3.1097  1.5848e-01  1.6629e-01  1.4079e-01  1.4969e-01  1.7012e-01
  3214.20      3.1112  1.5834e-01  1.6611e-01  1.4050e-01  1.4933e-01  1.6972e-01
  3212.70      3.1126  1.5819e-01  1.6594e-01  1.4020e-01  1.4897e-01  1.6933e-01
  3211.20      3.1141  1.5804e-01  1.6576e-01  1.3990e-01  1.4860e-01  1.6892e-01
  3209.70      3.1156  1.5787e-01  1.6558e-01  1.3960e-01  1.4824e-01  1.6853e-01
  3208.20      3.1170  1.5769e-01  1.6539e-01  1.3929e-01  1.4789e-01  1.6812e-01
  3206.70      3.1185  1.5750e-01  1.6520e-01  1.3897e-01  1.4754e-01  1.6772e-01
  3205.20      3.1199  1.5731e-01  1.6501e-01  1.3866e-01  1.4719e-01  1.6731e-01
  3203.70      3.1214  1.5713e-01  1.6481e-01  1.3835e-01  1.4686e-01  1.6690e-01
  3202.20      3.1229  1.5696e-01  1.6462e-01  1.3803e-01  1.4654e-01  1.6649e-01
  3200.70      3.1243  1.5681e-01  1.6442e-01  1.3773e-01  1.4621e-01  1.6608e-01
  3199.20      3.1258  1.5666e-01  1.6425e-01  1.3742e-01  1.4588e-01  1.6566e-01
  3197.70      3.1272  1.5652e-01  1.6407e-01  1.3712e-01  1.4556e-01  1.6523e-01
  3196.20      3.1287  1.5638e-01  1.6391e-01  1.3683e-01  1.4523e-01  1.6481e-01
  3194.70      3.1302  1.5622e-01  1.6375e-01  1.3653e-01  1.4490e-01  1.6437e-01
  3193.20      3.1317  1.5607e-01  1.6360e-01  1.3624e-01  1.4456e-01  1.6394e-01
  3191.70      3.1331  1.5590e-01  1.6345e-01  1.3593e-01  1.4423e-01  1.6352e-01
  3190.20      3.1346  1.5575e-01  1.6328e-01  1.3562e-01  1.4388e-01  1.6309e-01
  3188.70      3.1361  1.5560e-01  1.6312e-01  1.3532e-01  1.4353e-01  1.6267e-01
  3187.20      3.1376  1.5546e-01  1.6294e-01  1.3501e-01  1.4319e-01  1.6226e-01
  3185.70      3.1390  1.5531e-01  1.6274e-01  1.3471e-01  1.4285e-01  1.6184e-01
  3184.20      3.1405  1.5517e-01  1.6255e-01  1.3441e-01  1.4250e-01  1.6143e-01
  3182.70      3.1420  1.5503e-01  1.6236e-01  1.3412e-01  1.4216e-01  1.6102e-01
  3181.20      3.1435  1.5489e-01  1.6218e-01  1.3383e-01  1.4182e-01  1.6062e-01
  3179.70      3.1450  1.5474e-01  1.6201e-01  1.3355e-01  1.4149e-01  1.6021e-01
  3178.20      3.1464  1.5459e-01  1.6186e-01  1.3327e-01  1.4114e-01  1.5979e-01
  3176.70      3.1479  1.5444e-01  1.6171e-01  1.3301e-01  1.4080e-01  1.5937e-01
  3175.20      3.1494  1.5428e-01  1.6157e-01  1.3273e-01  1.4047e-01  1.5895e-01
  3173.70      3.1509  1.5412e-01  1.6141e-01  1.3247e-01  1.4014e-01  1.5852e-01
  3172.20      3.1524  1.5396e-01  1.6126e-01  1.3220e-01  1.3981e-01  1.5811e-01
  3170.70      3.1539  1.5379e-01  1.6110e-01  1.3192e-01  1.3950e-01  1.5770e-01
  3169.20      3.1554  1.5364e-01  1.6095e-01  1.3166e-01  1.3918e-01  1.5729e-01
  3167.70      3.1569  1.5348e-01  1.6080e-01  1.3138e-01  1.3887e-01  1.5690e-01
  3166.20      3.1584  1.5333e-01  1.6066e-01  1.3111e-01  1.3856e-01  1.5652e-01
  3164.70      3.1599  1.5319e-01  1.6054e-01  1.3084e-01  1.3825e-01  1.5614e-01
  3163.20      3.1614  1.5307e-01  1.6043e-01  1.3057e-01  1.3795e-01  1.5577e-01
  3161.70      3.1629  1.5295e-01  1.6031e-01  1.3030e-01  1.3765e-01  1.5539e-01
  3160.20      3.1644  1.5284e-01  1.6019e-01  1.3003e-01  1.3734e-01  1.5500e-01
  3158.70      3.1659  1.5273e-01  1.6006e-01  1.2976e-01  1.3703e-01  1.5461e-01
  3157.20      3.1674  1.5261e-01  1.5991e-01  1.2949e-01  1.3672e-01  1.5421e-01
  3155.70      3.1689  1.5251e-01  1.5975e-01  1.2922e-01  1.3640e-01  1.5381e-01
  3154.20      3.1704  1.5238e-01  1.5958e-01  1.2894e-01  1.3608e-01  1.5341e-01
  3152.70      3.1719  1.5225e-01  1.5941e-01  1.2866e-01  1.3577e-01  1.5300e-01
  3151.20      3.1734  1.5211e-01  1.5925e-01  1.2837e-01  1.3546e-01  1.5260e-01
  3149.70      3.1749  1.5197e-01  1.5910e-01  1.2809e-01  1.3515e-01  1.5219e-01
  3148.20      3.1764  1.5185e-01  1.5895e-01  1.2780e-01  1.3486e-01  1.5180e-01
  3146.70      3.1779  1.5174e-01  1.5881e-01  1.2752e-01  1.3457e-01  1.5141e-01
  3145.20      3.1795  1.5165e-01  1.5867e-01  1.2724e-01  1.3428e-01  1.5103e-01
  3143.70      3.1810  1.5156e-01  1.5853e-01  1.2695e-01  1.3400e-01  1.5065e-01
  3142.20      3.1825  1.5148e-01  1.5839e-01  1.2668e-01  1.3372e-01  1.5027e-01
  3140.70      3.1840  1.5138e-01  1.5824e-01  1.2640e-01  1.3344e-01  1.4990e-01
  3139.20      3.1855  1.5128e-01  1.5810e-01  1.2613e-01  1.3315e-01  1.4951e-01
  3137.70      3.1871  1.5117e-01  1.5796e-01  1.2585e-01  1.3286e-01  1.4914e-01
  3136.20      3.1886  1.5106e-01  1.5785e-01  1.2559e-01  1.3256e-01  1.4877e-01
  3134.70      3.1901  1.5097e-01  1.5774e-01  1.2534e-01  1.3229e-01  1.4840e-01
  3133.20      3.1916  1.5088e-01  1.5766e-01  1.2509e-01  1.3200e-01  1.4804e-01
  3131.70      3.1932  1.5079e-01  1.5757e-01  1.2486e-01  1.3172e-01  1.4769e-01
  3130.20      3.1947  1.5071e-01  1.5748e-01  1.2463e-01  1.3146e-01  1.4736e-01
  3128.70      3.1962  1.5063e-01  1.5739e-01  1.2441e-01  1.3119e-01  1.4703e-01
  3127.20      3.1978  1.5055e-01  1.5730e-01  1.2419e-01  1.3094e-01  1.4670e-01
  3125.69      3.1993  1.5047e-01  1.5721e-01  1.2399e-01  1.3069e-01  1.4638e-01
  3124.19      3.2008  1.5038e-01  1.5712e-01  1.2377e-01  1.3043e-01  1.4607e-01
  3122.69      3.2024  1.5030e-01  1.5705e-01  1.2356e-01  1.3017e-01  1.4574e-01
  3121.19      3.2039  1.5022e-01  1.5697e-01  1.2334e-01  1.2990e-01  1.4542e-01
  3119.69      3.2054  1.5013e-01  1.5691e-01  1.2311e-01  1.2962e-01  1.4506e-01
  3118.19      3.2070  1.5005e-01  1.5685e-01  1.2288e-01  1.2934e-01  1.4471e-01
  3116.69      3.2085  1.4996e-01  1.5679e-01  1.2265e-01  1.2904e-01  1.4435e-01
  3115.19      3.2101  1.4988e-01  1.5672e-01  1.2241e-01  1.2875e-01  1.4399e-01
  3113.69      3.2116  1.4981e-01  1.5664e-01  1.2218e-01  1.2845e-01  1.4363e-01
  3112.19      3.2132  1.4973e-01  1.5656e-01  1.2196e-01  1.2815e-01  1.4327e-01
  3110.69      3.2147  1.4966e-01  1.5647e-01  1.2173e-01  1.2787e-01  1.4293e-01
  3109.19      3.2163  1.4959e-01  1.5637e-01  1.2151e-01  1.2759e-01  1.4259e-01
  3107.69      3.2178  1.4954e-01  1.5626e-01  1.2129e-01  1.2733e-01  1.4227e-01
  3106.19      3.2194  1.4949e-01  1.5616e-01  1.2109e-01  1.2708e-01  1.4195e-01
  3104.69      3.2209  1.4945e-01  1.5608e-01  1.2088e-01  1.2684e-01  1.4165e-01
  3103.19      3.2225  1.4941e-01  1.5601e-01  1.2070e-01  1.2661e-01  1.4135e-01
  3101.69      3.2240  1.4937e-01  1.5595e-01  1.2051e-01  1.2640e-01  1.4106e-01
  3100.19      3.2256  1.4933e-01  1.5592e-01  1.2032e-01  1.2619e-01  1.4078e-01
  3098.69      3.2272  1.4929e-01  1.5589e-01  1.2015e-01  1.2599e-01  1.4051e-01
  3097.19      3.2287  1.4925e-01  1.5588e-01  1.1996e-01  1.2579e-01  1.4024e-01
  3095.69      3.2303  1.4921e-01  1.5585e-01  1.1979e-01  1.2560e-01  1.3996e-01
  3094.19      3.2319  1.4917e-01  1.5582e-01  1.1963e-01  1.2542e-01  1.3970e-01
  3092.69      3.2334  1.4912e-01  1.5577e-01  1.1947e-01  1.2523e-01  1.3944e-01
  3091.19      3.2350  1.4909e-01  1.5572e-01  1.1931e-01  1.2504e-01  1.3918e-01
  3089.69      3.2366  1.4905e-01  1.5566e-01  1.1914e-01  1.2485e-01  1.3892e-01
  3088.19      3.2381  1.4902e-01  1.5560e-01  1.1896e-01  1.2464e-01  1.3864e-01
  3086.69      3.2397  1.4901e-01  1.5554e-01  1.1877e-01  1.2443e-01  1.3836e-01
  3085.19      3.2413  1.4898e-01  1.5549e-01  1.1859e-01  1.2420e-01  1.3807e-01
  3083.69      3.2429  1.4896e-01  1.5544e-01  1.1839e-01  1.2397e-01  1.3778e-01
  3082.19      3.2444  1.4894e-01  1.5540e-01  1.1820e-01  1.2374e-01  1.3749e-01
  3080.69      3.2460  1.4890e-01  1.5537e-01  1.1801e-01  1.2351e-01  1.3719e-01
  3079.19      3.2476  1.4886e-01  1.5533e-01  1.1782e-01  1.2328e-01  1.3691e-01
  3077.69      3.2492  1.4882e-01  1.5530e-01  1.1764e-01  1.2307e-01  1.3661e-01
  3076.19      3.2508  1.4877e-01  1.5528e-01  1.1746e-01  1.2285e-01  1.3633e-01
  3074.69      3.2524  1.4875e-01  1.5526e-01  1.1729e-01  1.2265e-01  1.3606e-01
  3073.19      3.2539  1.4872e-01  1.5524e-01  1.1713e-01  1.2247e-01  1.3580e-01
  3071.69      3.2555  1.4871e-01  1.5522e-01  1.1698e-01  1.2231e-01  1.3554e-01
  3070.19      3.2571  1.4869e-01  1.5520e-01  1.1683e-01  1.2215e-01  1.3529e-01
  3068.69      3.2587  1.4868e-01  1.5518e-01  1.1669e-01  1.2200e-01  1.3505e-01
  3067.19      3.2603  1.4865e-01  1.5516e-01  1.1655e-01  1.2185e-01  1.3481e-01
  3065.69      3.2619  1.4863e-01  1.5515e-01  1.1642e-01  1.2170e-01  1.3458e-01
  3064.19      3.2635  1.4860e-01  1.5515e-01  1.1630e-01  1.2156e-01  1.3435e-01
  3062.69      3.2651  1.4860e-01  1.5518e-01  1.1618e-01  1.2142e-01  1.3414e-01
  3061.19      3.2667  1.4860e-01  1.5520e-01  1.1607e-01  1.2128e-01  1.3394e-01
  3059.69      3.2683  1.4862e-01  1.5524e-01  1.1597e-01  1.2113e-01  1.3374e-01
  3058.19      3.2699  1.4864e-01  1.5527e-01  1.1586e-01  1.2099e-01  1.3354e-01
  3056.69      3.2715  1.4867e-01  1.5531e-01  1.1576e-01  1.2084e-01  1.3336e-01
  3055.19      3.2731  1.4867e-01  1.5533e-01  1.1566e-01  1.2069e-01  1.3318e-01
  3053.69      3.2747  1.4868e-01  1.5535e-01  1.1555e-01  1.2055e-01  1.3299e-01
  3052.19      3.2763  1.4868e-01  1.5536e-01  1.1543e-01  1.2040e-01  1.3282e-01
  3050.69      3.2779  1.4869e-01  1.5536e-01  1.1531e-01  1.2026e-01  1.3263e-01
  3049.19      3.2796  1.4869e-01  1.5535e-01  1.1519e-01  1.2012e-01  1.3245e-01
  3047.69      3.2812  1.4870e-01  1.5535e-01  1.1506e-01  1.1997e-01  1.3228e-01
  3046.19      3.2828  1.4871e-01  1.5534e-01  1.1493e-01  1.1983e-01  1.3210e-01
  3044.69      3.2844  1.4873e-01  1.5534e-01  1.1479e-01  1.1969e-01  1.3191e-01
  3043.19      3.2860  1.4874e-01  1.5535e-01  1.1465e-01  1.1954e-01  1.3173e-01
  3041.69      3.2876  1.4874e-01  1.5537e-01  1.1451e-01  1.1940e-01  1.3155e-01
  3040.19      3.2893  1.4876e-01  1.5538e-01  1.1437e-01  1.1925e-01  1.3136e-01
  3038.69      3.2909  1.4877e-01  1.5539e-01  1.1423e-01  1.1911e-01  1.3118e-01
  3037.19      3.2925  1.4879e-01  1.5540e-01  1.1411e-01  1.1896e-01  1.3099e-01
  3035.69      3.2941  1.4881e-01  1.5541e-01  1.1400e-01  1.1884e-01  1.3080e-01
  3034.19      3.2958  1.4883e-01  1.5541e-01  1.1389e-01  1.1870e-01  1.3062e-01
  3032.69      3.2974  1.4884e-01  1.5541e-01  1.1380e-01  1.1857e-01  1.3043e-01
  3031.19      3.2990  1.4886e-01  1.5541e-01  1.1371e-01  1.1844e-01  1.3024e-01
  3029.69      3.3007  1.4889e-01  1.5541e-01  1.1363e-01  1.1833e-01  1.3008e-01
  3028.19      3.3023  1.4891e-01  1.5543e-01  1.1356e-01  1.1823e-01  1.2992e-01
  3026.69      3.3039  1.4894e-01  1.5544e-01  1.1350e-01  1.1813e-01  1.2978e-01
  3025.19      3.3056  1.4899e-01  1.5548e-01  1.1343e-01  1.1804e-01  1.2964e-01
  3023.69      3.3072  1.4904e-01  1.5553e-01  1.1336e-01  1.1795e-01  1.2951e-01
  3022.19      3.3089  1.4911e-01  1.5558e-01  1.1329e-01  1.1786e-01  1.2939e-01
  3020.69      3.3105  1.4918e-01  1.5562e-01  1.1321e-01  1.1776e-01  1.2927e-01
  3019.19      3.3122  1.4924e-01  1.5566e-01  1.1314e-01  1.1767e-01  1.2916e-01
  3017.69      3.3138  1.4928e-01  1.5569e-01  1.1306e-01  1.1757e-01  1.2904e-01
  3016.19      3.3154  1.4932e-01  1.5570e-01  1.1297e-01  1.1745e-01  1.2891e-01
  3014.69      3.3171  1.4933e-01  1.5570e-01  1.1289e-01  1.1733e-01  1.2877e-01
  3013.19      3.3187  1.4934e-01  1.5570e-01  1.1280e-01  1.1720e-01  1.2864e-01
  3011.69      3.3204  1.4934e-01  1.5571e-01  1.1273e-01  1.1708e-01  1.2850e-01
  3010.19      3.3221  1.4934e-01  1.5572e-01  1.1265e-01  1.1697e-01  1.2837e-01
  3008.69      3.3237  1.4935e-01  1.5576e-01  1.1258e-01  1.1688e-01  1.2825e-01
  3007.19      3.3254  1.4937e-01  1.5580e-01  1.1253e-01  1.1679e-01  1.2813e-01
  3005.69      3.3270  1.4941e-01  1.5588e-01  1.1247e-01  1.1672e-01  1.2803e-01
  3004.19      3.3287  1.4947e-01  1.5595e-01  1.1243e-01  1.1667e-01  1.2793e-01
  3002.69      3.3304  1.4953e-01  1.5604e-01  1.1238e-01  1.1661e-01  1.2784e-01
  3001.19      3.3320  1.4959e-01  1.5612e-01  1.1232e-01  1.1658e-01  1.2775e-01
  2999.69      3.3337  1.4964e-01  1.5620e-01  1.1225e-01  1.1653e-01  1.2766e-01
  2998.19      3.3354  1.4969e-01  1.5623e-01  1.1219e-01  1.1648e-01  1.2757e-01
  2996.69      3.3370  1.4972e-01  1.5626e-01  1.1210e-01  1.1643e-01  1.2748e-01
  2995.19      3.3387  1.4973e-01  1.5626e-01  1.1202e-01  1.1636e-01  1.2738e-01
  2993.69      3.3404  1.4974e-01  1.5624e-01  1.1193e-01  1.1630e-01  1.2728e-01
  2992.19      3.3420  1.4975e-01  1.5622e-01  1.1185e-01  1.1623e-01  1.2718e-01
  2990.68      3.3437  1.4975e-01  1.5619e-01  1.1177e-01  1.1616e-01  1.2709e-01
  2989.18      3.3454  1.4976e-01  1.5618e-01  1.1169e-01  1.1609e-01  1.2698e-01
  2987.68      3.3471  1.4977e-01  1.5617e-01  1.1161e-01  1.1601e-01  1.2689e-01
  2986.18      3.3488  1.4979e-01  1.5617e-01  1.1153e-01  1.1594e-01  1.2681e-01
  2984.68      3.3504  1.4983e-01  1.5619e-01  1.1146e-01  1.1588e-01  1.2673e-01
  2983.18      3.3521  1.4987e-01  1.5620e-01  1.1139e-01  1.1581e-01  1.2666e-01
  2981.68      3.3538  1.4990e-01  1.5623e-01  1.1131e-01  1.1573e-01  1.2658e-01
  2980.18      3.3555  1.4995e-01  1.5625e-01  1.1123e-01  1.1566e-01  1.2651e-01
  2978.68      3.3572  1.4999e-01  1.5629e-01  1.1114e-01  1.1558e-01  1.2645e-01
  2977.18      3.3589  1.5002e-01  1.5632e-01  1.1107e-01  1.1551e-01  1.2639e-01
  2975.68      3.3606  1.5005e-01  1.5637e-01  1.1099e-01  1.1543e-01  1.2631e-01
  2974.18      3.3623  1.5007e-01  1.5642e-01  1.1091e-01  1.1535e-01  1.2625e-01
  2972.68      3.3640  1.5010e-01  1.5647e-01  1.1084e-01  1.1527e-01  1.2617e-01
  2971.18      3.3657  1.5011e-01  1.5650e-01  1.1077e-01  1.1519e-01  1.2609e-01
  2969.68      3.3674  1.5013e-01  1.5655e-01  1.1070e-01  1.1510e-01  1.2601e-01
  2968.18      3.3691  1.5015e-01  1.5660e-01  1.1063e-01  1.1502e-01  1.2592e-01
  2966.68      3.3708  1.5017e-01  1.5663e-01  1.1056e-01  1.1494e-01  1.2582e-01
  2965.18      3.3725  1.5019e-01  1.5667e-01  1.1049e-01  1.1486e-01  1.2573e-01
  2963.68      3.3742  1.5020e-01  1.5670e-01  1.1042e-01  1.1479e-01  1.2564e-01
  2962.18      3.3759  1.5020e-01  1.5673e-01  1.1035e-01  1.1471e-01  1.2553e-01
  2960.68      3.3776  1.5021e-01  1.5676e-01  1.1027e-01  1.1463e-01  1.2543e-01
  2959.18      3.3793  1.5022e-01  1.5679e-01  1.1020e-01  1.1455e-01  1.2533e-01
  2957.68      3.3810  1.5024e-01  1.5682e-01  1.1014e-01  1.1448e-01  1.2522e-01
  2956.18      3.3827  1.5027e-01  1.5687e-01  1.1008e-01  1.1442e-01  1.2513e-01
  2954.68      3.3845  1.5031e-01  1.5692e-01  1.1001e-01  1.1435e-01  1.2504e-01
  2953.18      3.3862  1.5037e-01  1.5698e-01  1.0995e-01  1.1429e-01  1.2495e-01
  2951.68      3.3879  1.5042e-01  1.5704e-01  1.0989e-01  1.1423e-01  1.2487e-01
  2950.18      3.3896  1.5048e-01  1.5710e-01  1.0983e-01  1.1417e-01  1.2480e-01
  2948.68      3.3913  1.5053e-01  1.5715e-01  1.0977e-01  1.1412e-01  1.2474e-01
  2947.18      3.3931  1.5057e-01  1.5719e-01  1.0971e-01  1.1407e-01  1.2469e-01
  2945.68      3.3948  1.5060e-01  1.5721e-01  1.0967e-01  1.1403e-01  1.2465e-01
  2944.18      3.3965  1.5061e-01  1.5722e-01  1.0962e-01  1.1400e-01  1.2464e-01
  2942.68      3.3983  1.5062e-01  1.5721e-01  1.0956e-01  1.1397e-01  1.2462e-01
  2941.18      3.4000  1.5063e-01  1.5721e-01  1.0952e-01  1.1395e-01  1.2461e-01
  2939.68      3.4017  1.5066e-01  1.5721e-01  1.0948e-01  1.1393e-01  1.2461e-01
  2938.18      3.4035  1.5071e-01  1.5724e-01  1.0943e-01  1.1392e-01  1.2461e-01
  2936.68      3.4052  1.5078e-01  1.5727e-01  1.0937e-01  1.1389e-01  1.2460e-01
  2935.18      3.4069  1.5086e-01  1.5733e-01  1.0928e-01  1.1386e-01  1.2458e-01
  2933.68      3.4087  1.5094e-01  1.5739e-01  1.0917e-01  1.1381e-01  1.2455e-01
  2932.18      3.4104  1.5099e-01  1.5745e-01  1.0903e-01  1.1373e-01  1.2449e-01
  2930.68      3.4122  1.5101e-01  1.5749e-01  1.0887e-01  1.1364e-01  1.2442e-01
  2929.18      3.4139  1.5098e-01  1.5750e-01  1.0867e-01  1.1350e-01  1.2432e-01
  2927.68      3.4157  1.5092e-01  1.5749e-01  1.0845e-01  1.1334e-01  1.2419e-01
  2926.18      3.4174  1.5084e-01  1.5746e-01  1.0822e-01  1.1314e-01  1.2402e-01
  2924.68      3.4192  1.5073e-01  1.5741e-01  1.0797e-01  1.1291e-01  1.2381e-01
  2923.18      3.4209  1.5061e-01  1.5734e-01  1.0771e-01  1.1264e-01  1.2357e-01
  2921.68      3.4227  1.5047e-01  1.5725e-01  1.0746e-01  1.1235e-01  1.2327e-01
  2920.18      3.4244  1.5030e-01  1.5716e-01  1.0722e-01  1.1204e-01  1.2295e-01
  2918.68      3.4262  1.5009e-01  1.5702e-01  1.0699e-01  1.1173e-01  1.2258e-01
  2917.18      3.4280  1.4985e-01  1.5686e-01  1.0676e-01  1.1142e-01  1.2221e-01
  2915.68      3.4297  1.4960e-01  1.5668e-01  1.0655e-01  1.1111e-01  1.2182e-01
  2914.18      3.4315  1.4936e-01  1.5649e-01  1.0635e-01  1.1083e-01  1.2147e-01
  2912.68      3.4333  1.4916e-01  1.5632e-01  1.0617e-01  1.1057e-01  1.2115e-01
  2911.18      3.4350  1.4902e-01  1.5619e-01  1.0601e-01  1.1037e-01  1.2086e-01
  2909.68      3.4368  1.4895e-01  1.5609e-01  1.0586e-01  1.1019e-01  1.2064e-01
  2908.18      3.4386  1.4892e-01  1.5603e-01  1.0573e-01  1.1005e-01  1.2046e-01
  2906.68      3.4404  1.4893e-01  1.5600e-01  1.0562e-01  1.0994e-01  1.2034e-01
  2905.18      3.4421  1.4896e-01  1.5599e-01  1.0551e-01  1.0984e-01  1.2026e-01
  2903.68      3.4439  1.4897e-01  1.5599e-01  1.0541e-01  1.0978e-01  1.2021e-01
  2902.18      3.4457  1.4898e-01  1.5599e-01  1.0533e-01  1.0972e-01  1.2018e-01
  2900.68      3.4475  1.4896e-01  1.5600e-01  1.0525e-01  1.0967e-01  1.2016e-01
  2899.18      3.4493  1.4893e-01  1.5601e-01  1.0517e-01  1.0962e-01  1.2014e-01
  2897.68      3.4510  1.4890e-01  1.5600e-01  1.0509e-01  1.0956e-01  1.2012e-01
  2896.18      3.4528  1.4887e-01  1.5599e-01  1.0502e-01  1.0951e-01  1.2011e-01
  2894.68      3.4546  1.4883e-01  1.5595e-01  1.0495e-01  1.0946e-01  1.2008e-01
  2893.18      3.4564  1.4880e-01  1.5591e-01  1.0488e-01  1.0941e-01  1.2006e-01
  2891.68      3.4582  1.4877e-01  1.5588e-01  1.0483e-01  1.0937e-01  1.2004e-01
  2890.18      3.4600  1.4875e-01  1.5584e-01  1.0477e-01  1.0934e-01  1.2003e-01
  2888.68      3.4618  1.4874e-01  1.5583e-01  1.0473e-01  1.0931e-01  1.2002e-01
  2887.18      3.4636  1.4874e-01  1.5582e-01  1.0471e-01  1.0930e-01  1.2002e-01
  2885.68      3.4654  1.4874e-01  1.5583e-01  1.0468e-01  1.0928e-01  1.2003e-01
  2884.18      3.4672  1.4875e-01  1.5584e-01  1.0467e-01  1.0926e-01  1.2004e-01
  2882.68      3.4690  1.4875e-01  1.5585e-01  1.0464e-01  1.0925e-01  1.2004e-01
  2881.18      3.4708  1.4876e-01  1.5585e-01  1.0462e-01  1.0923e-01  1.2003e-01
  2879.68      3.4726  1.4876e-01  1.5584e-01  1.0458e-01  1.0921e-01  1.2003e-01
  2878.18      3.4744  1.4874e-01  1.5583e-01  1.0454e-01  1.0917e-01  1.2001e-01
  2876.68      3.4762  1.4872e-01  1.5580e-01  1.0449e-01  1.0913e-01  1.1999e-01
  2875.18      3.4780  1.4868e-01  1.5575e-01  1.0443e-01  1.0907e-01  1.1997e-01
  2873.68      3.4799  1.4863e-01  1.5568e-01  1.0436e-01  1.0902e-01  1.1994e-01
  2872.18      3.4817  1.4857e-01  1.5559e-01  1.0429e-01  1.0897e-01  1.1991e-01
  2870.68      3.4835  1.4851e-01  1.5550e-01  1.0421e-01  1.0891e-01  1.1988e-01
  2869.18      3.4853  1.4845e-01  1.5541e-01  1.0413e-01  1.0885e-01  1.1986e-01
  2867.68      3.4871  1.4839e-01  1.5533e-01  1.0404e-01  1.0879e-01  1.1985e-01
  2866.18      3.4890  1.4834e-01  1.5526e-01  1.0395e-01  1.0873e-01  1.1984e-01
  2864.68      3.4908  1.4830e-01  1.5521e-01  1.0385e-01  1.0867e-01  1.1984e-01
  2863.18      3.4926  1.4825e-01  1.5519e-01  1.0372e-01  1.0861e-01  1.1984e-01
  2861.68      3.4945  1.4820e-01  1.5518e-01  1.0358e-01  1.0852e-01  1.1983e-01
  2860.18      3.4963  1.4815e-01  1.5515e-01  1.0342e-01  1.0842e-01  1.1980e-01
  2858.68      3.4981  1.4809e-01  1.5513e-01  1.0325e-01  1.0829e-01  1.1973e-01
  2857.17      3.5000  1.4801e-01  1.5508e-01  1.0305e-01  1.0813e-01  1.1962e-01
  2855.67      3.5018  1.4791e-01  1.5501e-01  1.0284e-01  1.0795e-01  1.1947e-01
  2854.17      3.5036  1.4778e-01  1.5490e-01  1.0261e-01  1.0774e-01  1.1927e-01
  2852.67      3.5055  1.4760e-01  1.5473e-01  1.0238e-01  1.0751e-01  1.1904e-01
  2851.17      3.5073  1.4739e-01  1.5452e-01  1.0216e-01  1.0728e-01  1.1876e-01
  2849.67      3.5092  1.4713e-01  1.5427e-01  1.0195e-01  1.0703e-01  1.1846e-01
  2848.17      3.5110  1.4686e-01  1.5402e-01  1.0176e-01  1.0679e-01  1.1815e-01
  2846.67      3.5129  1.4662e-01  1.5379e-01  1.0157e-01  1.0657e-01  1.1786e-01
  2845.17      3.5147  1.4641e-01  1.5360e-01  1.0141e-01  1.0638e-01  1.1761e-01
  2843.67      3.5166  1.4625e-01  1.5348e-01  1.0127e-01  1.0621e-01  1.1740e-01
  2842.17      3.5184  1.4613e-01  1.5341e-01  1.0115e-01  1.0607e-01  1.1723e-01
  2840.67      3.5203  1.4605e-01  1.5336e-01  1.0106e-01  1.0596e-01  1.1711e-01
  2839.17      3.5222  1.4598e-01  1.5333e-01  1.0097e-01  1.0587e-01  1.1702e-01
  2837.67      3.5240  1.4590e-01  1.5329e-01  1.0089e-01  1.0579e-01  1.1697e-01
  2836.17      3.5259  1.4583e-01  1.5325e-01  1.0081e-01  1.0574e-01  1.1695e-01
  2834.67      3.5277  1.4576e-01  1.5320e-01  1.0074e-01  1.0569e-01  1.1695e-01
  2833.17      3.5296  1.4569e-01  1.5314e-01  1.0068e-01  1.0566e-01  1.1695e-01
  2831.67      3.5315  1.4563e-01  1.5310e-01  1.0062e-01  1.0563e-01  1.1696e-01
  2830.17      3.5334  1.4557e-01  1.5306e-01  1.0056e-01  1.0560e-01  1.1697e-01
  2828.67      3.5352  1.4554e-01  1.5303e-01  1.0050e-01  1.0557e-01  1.1697e-01
  2827.17      3.5371  1.4549e-01  1.5299e-01  1.0042e-01  1.0554e-01  1.1696e-01
  2825.67      3.5390  1.4544e-01  1.5292e-01  1.0036e-01  1.0551e-01  1.1696e-01
  2824.17      3.5409  1.4539e-01  1.5285e-01  1.0029e-01  1.0547e-01  1.1695e-01
  2822.67      3.5427  1.4533e-01  1.5275e-01  1.0022e-01  1.0544e-01  1.1693e-01
  2821.17      3.5446  1.4526e-01  1.5265e-01  1.0015e-01  1.0540e-01  1.1691e-01
  2819.67      3.5465  1.4517e-01  1.5253e-01  1.0009e-01  1.0535e-01  1.1688e-01
  2818.17      3.5484  1.4508e-01  1.5242e-01  1.0001e-01  1.0529e-01  1.1685e-01
  2816.67      3.5503  1.4498e-01  1.5231e-01  9.9930e-02  1.0522e-01  1.1680e-01
  2815.17      3.5522  1.4488e-01  1.5221e-01  9.9840e-02  1.0514e-01  1.1676e-01
  2813.67      3.5541  1.4476e-01  1.5211e-01  9.9760e-02  1.0506e-01  1.1669e-01
  2812.17      3.5560  1.4464e-01  1.5201e-01  9.9670e-02  1.0497e-01  1.1663e-01
  2810.67      3.5579  1.4449e-01  1.5190e-01  9.9560e-02  1.0487e-01  1.1657e-01
  2809.17      3.5598  1.4434e-01  1.5179e-01  9.9450e-02  1.0477e-01  1.1649e-01
  2807.67      3.5617  1.4417e-01  1.5166e-01  9.9330e-02  1.0467e-01  1.1642e-01
  2806.17      3.5636  1.4400e-01  1.5152e-01  9.9210e-02  1.0457e-01  1.1632e-01
  2804.67      3.5655  1.4383e-01  1.5136e-01  9.9070e-02  1.0447e-01  1.1624e-01
  2803.17      3.5674  1.4366e-01  1.5119e-01  9.8950e-02  1.0437e-01  1.1614e-01
  2801.67      3.5693  1.4350e-01  1.5101e-01  9.8810e-02  1.0426e-01  1.1604e-01
  2800.17      3.5712  1.4334e-01  1.5083e-01  9.8680e-02  1.0415e-01  1.1594e-01
  2798.67      3.5731  1.4319e-01  1.5065e-01  9.8540e-02  1.0404e-01  1.1583e-01
  2797.17      3.5750  1.4301e-01  1.5047e-01  9.8400e-02  1.0392e-01  1.1573e-01
  2795.67      3.5770  1.4284e-01  1.5029e-01  9.8260e-02  1.0379e-01  1.1562e-01
  2794.17      3.5789  1.4266e-01  1.5012e-01  9.8130e-02  1.0366e-01  1.1551e-01
  2792.67      3.5808  1.4248e-01  1.4993e-01  9.7990e-02  1.0352e-01  1.1541e-01
  2791.17      3.5827  1.4229e-01  1.4974e-01  9.7850e-02  1.0338e-01  1.1530e-01
  2789.67      3.5847  1.4210e-01  1.4954e-01  9.7700e-02  1.0324e-01  1.1521e-01
  2788.17      3.5866  1.4191e-01  1.4932e-01  9.7560e-02  1.0311e-01  1.1511e-01
  2786.67      3.5885  1.4172e-01  1.4910e-01  9.7430e-02  1.0298e-01  1.1501e-01
  2785.17      3.5904  1.4154e-01  1.4889e-01  9.7290e-02  1.0285e-01  1.1492e-01
  2783.67      3.5924  1.4136e-01  1.4870e-01  9.7170e-02  1.0275e-01  1.1483e-01
  2782.17      3.5943  1.4119e-01  1.4852e-01  9.7030e-02  1.0264e-01  1.1474e-01
  2780.67      3.5963  1.4102e-01  1.4835e-01  9.6900e-02  1.0253e-01  1.1466e-01
  2779.17      3.5982  1.4084e-01  1.4818e-01  9.6770e-02  1.0242e-01  1.1456e-01
  2777.67      3.6001  1.4066e-01  1.4801e-01  9.6640e-02  1.0232e-01  1.1446e-01
  2776.17      3.6021  1.4046e-01  1.4783e-01  9.6510e-02  1.0222e-01  1.1437e-01
  2774.67      3.6040  1.4024e-01  1.4762e-01  9.6380e-02  1.0211e-01  1.1426e-01
  2773.17      3.6060  1.4004e-01  1.4742e-01  9.6250e-02  1.0199e-01  1.1415e-01
  2771.67      3.6079  1.3982e-01  1.4721e-01  9.6110e-02  1.0187e-01  1.1404e-01
  2770.17      3.6099  1.3960e-01  1.4699e-01  9.5970e-02  1.0176e-01  1.1393e-01
  2768.67      3.6118  1.3940e-01  1.4678e-01  9.5830e-02  1.0163e-01  1.1380e-01
  2767.17      3.6138  1.3919e-01  1.4658e-01  9.5690e-02  1.0150e-01  1.1368e-01
  2765.67      3.6158  1.3901e-01  1.4638e-01  9.5550e-02  1.0136e-01  1.1354e-01
  2764.17      3.6177  1.3883e-01  1.4619e-01  9.5410e-02  1.0123e-01  1.1341e-01
  2762.67      3.6197  1.3864e-01  1.4600e-01  9.5260e-02  1.0109e-01  1.1328e-01
  2761.17      3.6217  1.3847e-01  1.4582e-01  9.5120e-02  1.0094e-01  1.1314e-01
  2759.67      3.6236  1.3829e-01  1.4563e-01  9.4970e-02  1.0080e-01  1.1301e-01
  2758.17      3.6256  1.3810e-01  1.4545e-01  9.4830e-02  1.0065e-01  1.1288e-01
  2756.67      3.6276  1.3793e-01  1.4526e-01  9.4670e-02  1.0051e-01  1.1275e-01
  2755.17      3.6295  1.3775e-01  1.4507e-01  9.4530e-02  1.0036e-01  1.1262e-01
  2753.67      3.6315  1.3757e-01  1.4488e-01  9.4370e-02  1.0021e-01  1.1250e-01
  2752.17      3.6335  1.3739e-01  1.4468e-01  9.4220e-02  1.0007e-01  1.1238e-01
  2750.67      3.6355  1.3720e-01  1.4447e-01  9.4070e-02  9.9940e-02  1.1226e-01
  2749.17      3.6375  1.3700e-01  1.4425e-01  9.3920e-02  9.9800e-02  1.1215e-01
  2747.67      3.6395  1.3679e-01  1.4404e-01  9.3780e-02  9.9670e-02  1.1202e-01
  2746.17      3.6414  1.3658e-01  1.4382e-01  9.3640e-02  9.9550e-02  1.1190e-01
  2744.67      3.6434  1.3638e-01  1.4361e-01  9.3510e-02  9.9420e-02  1.1177e-01
  2743.17      3.6454  1.3619e-01  1.4341e-01  9.3380e-02  9.9310e-02  1.1166e-01
  2741.67      3.6474  1.3600e-01  1.4322e-01  9.3260e-02  9.9200e-02  1.1153e-01
  2740.17      3.6494  1.3582e-01  1.4306e-01  9.3150e-02  9.9080e-02  1.1142e-01
  2738.67      3.6514  1.3565e-01  1.4290e-01  9.3050e-02  9.8970e-02  1.1131e-01
  2737.17      3.6534  1.3550e-01  1.4275e-01  9.2950e-02  9.8870e-02  1.1120e-01
  2735.67      3.6554  1.3534e-01  1.4260e-01  9.2860e-02  9.8760e-02  1.1109e-01
  2734.17      3.6574  1.3520e-01  1.4243e-01  9.2760e-02  9.8660e-02  1.1099e-01
  2732.67      3.6594  1.3506e-01  1.4226e-01  9.2680e-02  9.8560e-02  1.1089e-01
  2731.17      3.6614  1.3492e-01  1.4209e-01  9.2600e-02  9.8460e-02  1.1078e-01
  2729.67      3.6635  1.3478e-01  1.4191e-01  9.2510e-02  9.8350e-02  1.1068e-01
  2728.17      3.6655  1.3464e-01  1.4173e-01  9.2420e-02  9.8260e-02  1.1058e-01
  2726.67      3.6675  1.3450e-01  1.4156e-01  9.2330e-02  9.8160e-02  1.1047e-01
  2725.17      3.6695  1.3435e-01  1.4139e-01  9.2230e-02  9.8050e-02  1.1035e-01
  2723.67      3.6715  1.3420e-01  1.4122e-01  9.2130e-02  9.7950e-02  1.1024e-01
  2722.16      3.6735  1.3405e-01  1.4108e-01  9.2040e-02  9.7840e-02  1.1012e-01
  2720.66      3.6756  1.3390e-01  1.4093e-01  9.1930e-02  9.7740e-02  1.1001e-01
  2719.16      3.6776  1.3376e-01  1.4081e-01  9.1830e-02  9.7640e-02  1.0991e-01
  2717.66      3.6796  1.3363e-01  1.4068e-01  9.1740e-02  9.7550e-02  1.0980e-01
  2716.16      3.6817  1.3350e-01  1.4057e-01  9.1640e-02  9.7460e-02  1.0971e-01
  2714.66      3.6837  1.3338e-01  1.4044e-01  9.1560e-02  9.7380e-02  1.0962e-01
  2713.16      3.6857  1.3327e-01  1.4032e-01  9.1490e-02  9.7300e-02  1.0954e-01
  2711.66      3.6878  1.3316e-01  1.4019e-01  9.1430e-02  9.7240e-02  1.0948e-01
  2710.16      3.6898  1.3306e-01  1.4007e-01  9.1370e-02  9.7190e-02  1.0943e-01
  2708.66      3.6919  1.3296e-01  1.3995e-01  9.1320e-02  9.7140e-02  1.0937e-01
  2707.16      3.6939  1.3286e-01  1.3983e-01  9.1280e-02  9.7100e-02  1.0933e-01
  2705.66      3.6960  1.3277e-01  1.3972e-01  9.1240e-02  9.7060e-02  1.0928e-01
  2704.16      3.6980  1.3268e-01  1.3962e-01  9.1190e-02  9.7020e-02  1.0923e-01
  2702.66      3.7001  1.3258e-01  1.3951e-01  9.1160e-02  9.7000e-02  1.0919e-01
  2701.16      3.7021  1.3249e-01  1.3940e-01  9.1130e-02  9.6970e-02  1.0914e-01
  2699.66      3.7042  1.3240e-01  1.3930e-01  9.1100e-02  9.6940e-02  1.0910e-01
  2698.16      3.7062  1.3230e-01  1.3919e-01  9.1060e-02  9.6910e-02  1.0906e-01
  2696.66      3.7083  1.3221e-01  1.3907e-01  9.1030e-02  9.6880e-02  1.0900e-01
  2695.16      3.7104  1.3212e-01  1.3898e-01  9.0990e-02  9.6850e-02  1.0895e-01
  2693.66      3.7124  1.3202e-01  1.3887e-01  9.0960e-02  9.6820e-02  1.0891e-01
  2692.16      3.7145  1.3195e-01  1.3878e-01  9.0930e-02  9.6780e-02  1.0887e-01
  2690.66      3.7166  1.3187e-01  1.3870e-01  9.0900e-02  9.6730e-02  1.0882e-01
  2689.16      3.7186  1.3181e-01  1.3864e-01  9.0860e-02  9.6700e-02  1.0878e-01
  2687.66      3.7207  1.3175e-01  1.3857e-01  9.0830e-02  9.6660e-02  1.0874e-01
  2686.16      3.7228  1.3169e-01  1.3850e-01  9.0800e-02  9.6620e-02  1.0870e-01
  2684.66      3.7249  1.3162e-01  1.3842e-01  9.0770e-02  9.6580e-02  1.0866e-01
  2683.16      3.7269  1.3155e-01  1.3835e-01  9.0740e-02  9.6540e-02  1.0862e-01
  2681.66      3.7290  1.3146e-01  1.3826e-01  9.0700e-02  9.6490e-02  1.0857e-01
  2680.16      3.7311  1.3136e-01  1.3815e-01  9.0670e-02  9.6450e-02  1.0851e-01
  2678.66      3.7332  1.3126e-01  1.3805e-01  9.0620e-02  9.6400e-02  1.0844e-01
  2677.16      3.7353  1.3116e-01  1.3793e-01  9.0570e-02  9.6350e-02  1.0838e-01
  2675.66      3.7374  1.3105e-01  1.3781e-01  9.0530e-02  9.6310e-02  1.0830e-01
  2674.16      3.7395  1.3095e-01  1.3769e-01  9.0480e-02  9.6270e-02  1.0822e-01
  2672.66      3.7416  1.3085e-01  1.3758e-01  9.0420e-02  9.6230e-02  1.0814e-01
  2671.16      3.7437  1.3075e-01  1.3746e-01  9.0380e-02  9.6200e-02  1.0807e-01
  2669.66      3.7458  1.3066e-01  1.3736e-01  9.0320e-02  9.6170e-02  1.0800e-01
  2668.16      3.7479  1.3056e-01  1.3726e-01  9.0270e-02  9.6150e-02  1.0794e-01
  2666.66      3.7500  1.3047e-01  1.3716e-01  9.0230e-02  9.6130e-02  1.0788e-01
  2665.16      3.7521  1.3040e-01  1.3708e-01  9.0190e-02  9.6110e-02  1.0782e-01
  2663.66      3.7542  1.3032e-01  1.3699e-01  9.0150e-02  9.6090e-02  1.0777e-01
  2662.16      3.7563  1.3025e-01  1.3690e-01  9.0110e-02  9.6060e-02  1.0774e-01
  2660.66      3.7585  1.3019e-01  1.3682e-01  9.0080e-02  9.6030e-02  1.0769e-01
  2659.16      3.7606  1.3012e-01  1.3673e-01  9.0040e-02  9.5990e-02  1.0764e-01
  2657.66      3.7627  1.3006e-01  1.3663e-01  9.0010e-02  9.5950e-02  1.0760e-01
  2656.16      3.7648  1.2999e-01  1.3653e-01  8.9980e-02  9.5900e-02  1.0755e-01
  2654.66      3.7670  1.2993e-01  1.3644e-01  8.9950e-02  9.5840e-02  1.0749e-01
  2653.16      3.7691  1.2985e-01  1.3636e-01  8.9910e-02  9.5790e-02  1.0744e-01
  2651.66      3.7712  1.2978e-01  1.3628e-01  8.9880e-02  9.5740e-02  1.0739e-01
  2650.16      3.7734  1.2972e-01  1.3623e-01  8.9830e-02  9.5690e-02  1.0733e-01
  2648.66      3.7755  1.2966e-01  1.3618e-01  8.9800e-02  9.5650e-02  1.0728e-01
  2647.16      3.7776  1.2960e-01  1.3614e-01  8.9770e-02  9.5610e-02  1.0721e-01
  2645.66      3.7798  1.2955e-01  1.3611e-01  8.9740e-02  9.5590e-02  1.0716e-01
  2644.16      3.7819  1.2951e-01  1.3606e-01  8.9720e-02  9.5560e-02  1.0711e-01
  2642.66      3.7841  1.2947e-01  1.3601e-01  8.9690e-02  9.5550e-02  1.0705e-01
  2641.16      3.7862  1.2943e-01  1.3595e-01  8.9670e-02  9.5530e-02  1.0700e-01
  2639.66      3.7884  1.2939e-01  1.3587e-01  8.9660e-02  9.5520e-02  1.0693e-01
  2638.16      3.7905  1.2934e-01  1.3578e-01  8.9650e-02  9.5500e-02  1.0687e-01
  2636.66      3.7927  1.2928e-01  1.3570e-01  8.9650e-02  9.5490e-02  1.0681e-01
  2635.16      3.7948  1.2924e-01  1.3563e-01  8.9650e-02  9.5470e-02  1.0675e-01
  2633.66      3.7970  1.2919e-01  1.3557e-01  8.9660e-02  9.5450e-02  1.0669e-01
  2632.16      3.7992  1.2915e-01  1.3552e-01  8.9660e-02  9.5430e-02  1.0662e-01
  2630.66      3.8013  1.2913e-01  1.3548e-01  8.9670e-02  9.5400e-02  1.0656e-01
  2629.16      3.8035  1.2910e-01  1.3546e-01  8.9670e-02  9.5380e-02  1.0650e-01
  2627.66      3.8057  1.2908e-01  1.3544e-01  8.9670e-02  9.5350e-02  1.0645e-01
  2626.16      3.8078  1.2907e-01  1.3543e-01  8.9670e-02  9.5320e-02  1.0638e-01
  2624.66      3.8100  1.2904e-01  1.3542e-01  8.9670e-02  9.5290e-02  1.0634e-01
  2623.16      3.8122  1.2903e-01  1.3540e-01  8.9670e-02  9.5280e-02  1.0628e-01
  2621.66      3.8144  1.2900e-01  1.3540e-01  8.9660e-02  9.5250e-02  1.0624e-01
  2620.16      3.8166  1.2899e-01  1.3539e-01  8.9660e-02  9.5250e-02  1.0619e-01
  2618.66      3.8188  1.2898e-01  1.3538e-01  8.9670e-02  9.5230e-02  1.0615e-01
  2617.16      3.8209  1.2898e-01  1.3536e-01  8.9670e-02  9.5230e-02  1.0612e-01
  2615.66      3.8231  1.2899e-01  1.3535e-01  8.9680e-02  9.5240e-02  1.0609e-01
  2614.16      3.8253  1.2901e-01  1.3535e-01  8.9700e-02  9.5250e-02  1.0606e-01
  2612.66      3.8275  1.2903e-01  1.3536e-01  8.9710e-02  9.5260e-02  1.0604e-01
  2611.16      3.8297  1.2905e-01  1.3536e-01  8.9730e-02  9.5280e-02  1.0602e-01
  2609.66      3.8319  1.2906e-01  1.3538e-01  8.9730e-02  9.5290e-02  1.0602e-01
  2608.16      3.8341  1.2907e-01  1.3538e-01  8.9750e-02  9.5320e-02  1.0601e-01
  2606.66      3.8363  1.2908e-01  1.3539e-01  8.9750e-02  9.5350e-02  1.0600e-01
  2605.16      3.8385  1.2911e-01  1.3539e-01  8.9760e-02  9.5390e-02  1.0599e-01
  2603.66      3.8408  1.2913e-01  1.3539e-01  8.9780e-02  9.5420e-02  1.0599e-01
  2602.16      3.8430  1.2915e-01  1.3539e-01  8.9780e-02  9.5450e-02  1.0600e-01
  2600.66      3.8452  1.2918e-01  1.3541e-01  8.9800e-02  9.5480e-02  1.0600e-01
  2599.16      3.8474  1.2921e-01  1.3543e-01  8.9820e-02  9.5510e-02  1.0600e-01
  2597.66      3.8496  1.2924e-01  1.3546e-01  8.9840e-02  9.5540e-02  1.0601e-01
  2596.16      3.8518  1.2929e-01  1.3550e-01  8.9880e-02  9.5570e-02  1.0601e-01
  2594.66      3.8541  1.2933e-01  1.3553e-01  8.9910e-02  9.5600e-02  1.0603e-01
  2593.16      3.8563  1.2936e-01  1.3555e-01  8.9940e-02  9.5620e-02  1.0603e-01
  2591.66      3.8585  1.2940e-01  1.3556e-01  8.9970e-02  9.5640e-02  1.0606e-01
  2590.16      3.8608  1.2942e-01  1.3558e-01  9.0000e-02  9.5660e-02  1.0608e-01
  2588.65      3.8630  1.2945e-01  1.3559e-01  9.0040e-02  9.5690e-02  1.0608e-01
  2587.15      3.8652  1.2946e-01  1.3560e-01  9.0070e-02  9.5710e-02  1.0610e-01
  2585.65      3.8675  1.2946e-01  1.3560e-01  9.0100e-02  9.5740e-02  1.0612e-01
  2584.15      3.8697  1.2947e-01  1.3561e-01  9.0130e-02  9.5780e-02  1.0614e-01
  2582.65      3.8720  1.2947e-01  1.3562e-01  9.0170e-02  9.5830e-02  1.0616e-01
  2581.15      3.8742  1.2948e-01  1.3562e-01  9.0200e-02  9.5870e-02  1.0619e-01
  2579.65      3.8765  1.2948e-01  1.3562e-01  9.0220e-02  9.5920e-02  1.0621e-01
  2578.15      3.8787  1.2949e-01  1.3563e-01  9.0240e-02  9.5970e-02  1.0623e-01
  2576.65      3.8810  1.2949e-01  1.3562e-01  9.0270e-02  9.6010e-02  1.0625e-01
  2575.15      3.8833  1.2948e-01  1.3561e-01  9.0280e-02  9.6060e-02  1.0628e-01
  2573.65      3.8855  1.2946e-01  1.3559e-01  9.0300e-02  9.6100e-02  1.0630e-01
  2572.15      3.8878  1.2945e-01  1.3557e-01  9.0310e-02  9.6130e-02  1.0631e-01
  2570.65      3.8901  1.2943e-01  1.3555e-01  9.0320e-02  9.6150e-02  1.0632e-01
  2569.15      3.8923  1.2941e-01  1.3552e-01  9.0320e-02  9.6160e-02  1.0633e-01
  2567.65      3.8946  1.2939e-01  1.3550e-01  9.0330e-02  9.6170e-02  1.0633e-01
  2566.15      3.8969  1.2937e-01  1.3547e-01  9.0340e-02  9.6170e-02  1.0633e-01
  2564.65      3.8992  1.2935e-01  1.3545e-01  9.0360e-02  9.6170e-02  1.0633e-01
  2563.15      3.9014  1.2932e-01  1.3542e-01  9.0370e-02  9.6170e-02  1.0632e-01
  2561.65      3.9037  1.2929e-01  1.3539e-01  9.0380e-02  9.6160e-02  1.0631e-01
  2560.15      3.9060  1.2927e-01  1.3535e-01  9.0400e-02  9.6170e-02  1.0630e-01
  2558.65      3.9083  1.2924e-01  1.3530e-01  9.0420e-02  9.6180e-02  1.0630e-01
  2557.15      3.9106  1.2921e-01  1.3524e-01  9.0440e-02  9.6190e-02  1.0629e-01
  2555.65      3.9129  1.2917e-01  1.3518e-01  9.0460e-02  9.6210e-02  1.0629e-01
  2554.15      3.9152  1.2915e-01  1.3512e-01  9.0490e-02  9.6230e-02  1.0628e-01
  2552.65      3.9175  1.2912e-01  1.3506e-01  9.0500e-02  9.6240e-02  1.0627e-01
  2551.15      3.9198  1.2908e-01  1.3502e-01  9.0510e-02  9.6250e-02  1.0626e-01
  2549.65      3.9221  1.2905e-01  1.3498e-01  9.0520e-02  9.6270e-02  1.0625e-01
  2548.15      3.9244  1.2901e-01  1.3495e-01  9.0520e-02  9.6270e-02  1.0623e-01
  2546.65      3.9267  1.2898e-01  1.3492e-01  9.0520e-02  9.6270e-02  1.0621e-01
  2545.15      3.9290  1.2894e-01  1.3489e-01  9.0520e-02  9.6270e-02  1.0619e-01
  2543.65      3.9314  1.2891e-01  1.3486e-01  9.0500e-02  9.6250e-02  1.0617e-01
  2542.15      3.9337  1.2888e-01  1.3482e-01  9.0490e-02  9.6240e-02  1.0614e-01
  2540.65      3.9360  1.2885e-01  1.3478e-01  9.0470e-02  9.6230e-02  1.0611e-01
  2539.15      3.9383  1.2882e-01  1.3474e-01  9.0460e-02  9.6220e-02  1.0608e-01
  2537.65      3.9407  1.2879e-01  1.3470e-01  9.0440e-02  9.6210e-02  1.0606e-01
  2536.15      3.9430  1.2876e-01  1.3467e-01  9.0420e-02  9.6200e-02  1.0604e-01
  2534.65      3.9453  1.2873e-01  1.3463e-01  9.0410e-02  9.6200e-02  1.0603e-01
  2533.15      3.9477  1.2869e-01  1.3459e-01  9.0390e-02  9.6200e-02  1.0602e-01
  2531.65      3.9500  1.2866e-01  1.3454e-01  9.0380e-02  9.6210e-02  1.0601e-01
  2530.15      3.9523  1.2863e-01  1.3450e-01  9.0370e-02  9.6220e-02  1.0601e-01
  2528.65      3.9547  1.2860e-01  1.3446e-01  9.0360e-02  9.6220e-02  1.0601e-01
  2527.15      3.9570  1.2858e-01  1.3441e-01  9.0360e-02  9.6240e-02  1.0601e-01
  2525.65      3.9594  1.2857e-01  1.3436e-01  9.0360e-02  9.6250e-02  1.0601e-01
  2524.15      3.9617  1.2855e-01  1.3433e-01  9.0350e-02  9.6280e-02  1.0602e-01
  2522.65      3.9641  1.2852e-01  1.3432e-01  9.0350e-02  9.6300e-02  1.0602e-01
  2521.15      3.9664  1.2850e-01  1.3431e-01  9.0350e-02  9.6310e-02  1.0602e-01
  2519.65      3.9688  1.2847e-01  1.3431e-01  9.0360e-02  9.6330e-02  1.0602e-01
  2518.15      3.9712  1.2846e-01  1.3433e-01  9.0370e-02  9.6350e-02  1.0602e-01
  2516.65      3.9735  1.2845e-01  1.3433e-01  9.0380e-02  9.6370e-02  1.0603e-01
  2515.15      3.9759  1.2845e-01  1.3435e-01  9.0380e-02  9.6390e-02  1.0603e-01
  2513.65      3.9783  1.2846e-01  1.3435e-01  9.0400e-02  9.6410e-02  1.0605e-01
  2512.15      3.9807  1.2847e-01  1.3435e-01  9.0410e-02  9.6430e-02  1.0607e-01
  2510.65      3.9830  1.2850e-01  1.3436e-01  9.0440e-02  9.6450e-02  1.0610e-01
  2509.15      3.9854  1.2852e-01  1.3437e-01  9.0470e-02  9.6470e-02  1.0613e-01
  2507.65      3.9878  1.2855e-01  1.3440e-01  9.0510e-02  9.6490e-02  1.0616e-01
  2506.15      3.9902  1.2858e-01  1.3442e-01  9.0550e-02  9.6530e-02  1.0621e-01
  2504.65      3.9926  1.2863e-01  1.3447e-01  9.0600e-02  9.6560e-02  1.0626e-01
  2503.15      3.9950  1.2866e-01  1.3452e-01  9.0640e-02  9.6610e-02  1.0630e-01
  2501.65      3.9974  1.2871e-01  1.3456e-01  9.0690e-02  9.6660e-02  1.0635e-01
  2500.15      3.9998  1.2874e-01  1.3460e-01  9.0740e-02  9.6710e-02  1.0640e-01
  2498.65      4.0022  1.2876e-01  1.3465e-01  9.0770e-02  9.6780e-02  1.0646e-01
  2497.15      4.0046  1.2878e-01  1.3468e-01  9.0810e-02  9.6840e-02  1.0652e-01
  2495.65      4.0070  1.2878e-01  1.3472e-01  9.0850e-02  9.6910e-02  1.0660e-01
  2494.15      4.0094  1.2880e-01  1.3475e-01  9.0880e-02  9.6980e-02  1.0666e-01
  2492.65      4.0118  1.2882e-01  1.3478e-01  9.0910e-02  9.7050e-02  1.0675e-01
  2491.15      4.0142  1.2884e-01  1.3482e-01  9.0930e-02  9.7130e-02  1.0684e-01
  2489.65      4.0166  1.2888e-01  1.3487e-01  9.0960e-02  9.7210e-02  1.0693e-01
  2488.15      4.0191  1.2893e-01  1.3490e-01  9.1000e-02  9.7280e-02  1.0703e-01
  2486.65      4.0215  1.2899e-01  1.3494e-01  9.1030e-02  9.7360e-02  1.0713e-01
  2485.15      4.0239  1.2903e-01  1.3496e-01  9.1060e-02  9.7440e-02  1.0722e-01
  2483.65      4.0263  1.2908e-01  1.3498e-01  9.1110e-02  9.7520e-02  1.0732e-01
  2482.15      4.0288  1.2912e-01  1.3498e-01  9.1140e-02  9.7590e-02  1.0741e-01
  2480.65      4.0312  1.2915e-01  1.3498e-01  9.1200e-02  9.7660e-02  1.0749e-01
  2479.15      4.0336  1.2918e-01  1.3499e-01  9.1250e-02  9.7730e-02  1.0756e-01
  2477.65      4.0361  1.2919e-01  1.3500e-01  9.1310e-02  9.7780e-02  1.0764e-01
  2476.15      4.0385  1.2921e-01  1.3501e-01  9.1350e-02  9.7830e-02  1.0771e-01
  2474.65      4.0410  1.2921e-01  1.3503e-01  9.1410e-02  9.7880e-02  1.0777e-01
  2473.15      4.0434  1.2920e-01  1.3504e-01  9.1450e-02  9.7930e-02  1.0783e-01
  2471.65      4.0459  1.2920e-01  1.3506e-01  9.1490e-02  9.7970e-02  1.0790e-01
  2470.15      4.0483  1.2918e-01  1.3507e-01  9.1530e-02  9.8010e-02  1.0796e-01
  2468.65      4.0508  1.2917e-01  1.3506e-01  9.1560e-02  9.8050e-02  1.0802e-01
  2467.15      4.0533  1.2917e-01  1.3505e-01  9.1590e-02  9.8080e-02  1.0808e-01
  2465.65      4.0557  1.2916e-01  1.3505e-01  9.1620e-02  9.8120e-02  1.0815e-01
  2464.15      4.0582  1.2916e-01  1.3503e-01  9.1640e-02  9.8170e-02  1.0822e-01
  2462.65      4.0607  1.2915e-01  1.3503e-01  9.1660e-02  9.8210e-02  1.0829e-01
  2461.15      4.0631  1.2914e-01  1.3502e-01  9.1680e-02  9.8260e-02  1.0835e-01
  2459.65      4.0656  1.2912e-01  1.3502e-01  9.1690e-02  9.8320e-02  1.0842e-01
  2458.15      4.0681  1.2910e-01  1.3501e-01  9.1700e-02  9.8370e-02  1.0849e-01
  2456.65      4.0706  1.2908e-01  1.3500e-01  9.1710e-02  9.8420e-02  1.0854e-01
  2455.15      4.0731  1.2905e-01  1.3498e-01  9.1700e-02  9.8470e-02  1.0860e-01
  2453.64      4.0756  1.2902e-01  1.3495e-01  9.1700e-02  9.8520e-02  1.0865e-01
  2452.14      4.0781  1.2897e-01  1.3491e-01  9.1690e-02  9.8570e-02  1.0871e-01
  2450.64      4.0806  1.2892e-01  1.3487e-01  9.1680e-02  9.8610e-02  1.0876e-01
  2449.14      4.0831  1.2888e-01  1.3482e-01  9.1670e-02  9.8640e-02  1.0880e-01
  2447.64      4.0856  1.2883e-01  1.3478e-01  9.1660e-02  9.8680e-02  1.0885e-01
  2446.14      4.0881  1.2878e-01  1.3474e-01  9.1650e-02  9.8710e-02  1.0891e-01
  2444.64      4.0906  1.2874e-01  1.3472e-01  9.1650e-02  9.8730e-02  1.0896e-01
  2443.14      4.0931  1.2869e-01  1.3469e-01  9.1640e-02  9.8750e-02  1.0902e-01
  2441.64      4.0956  1.2864e-01  1.3466e-01  9.1640e-02  9.8780e-02  1.0908e-01
  2440.14      4.0981  1.2859e-01  1.3462e-01  9.1640e-02  9.8790e-02  1.0913e-01
  2438.64      4.1006  1.2852e-01  1.3459e-01  9.1640e-02  9.8810e-02  1.0920e-01
  2437.14      4.1032  1.2846e-01  1.3454e-01  9.1640e-02  9.8820e-02  1.0926e-01
  2435.64      4.1057  1.2840e-01  1.3449e-01  9.1630e-02  9.8840e-02  1.0931e-01
  2434.14      4.1082  1.2834e-01  1.3444e-01  9.1620e-02  9.8850e-02  1.0937e-01
  2432.64      4.1108  1.2829e-01  1.3439e-01  9.1610e-02  9.8870e-02  1.0942e-01
  2431.14      4.1133  1.2822e-01  1.3434e-01  9.1590e-02  9.8870e-02  1.0947e-01
  2429.64      4.1158  1.2816e-01  1.3430e-01  9.1560e-02  9.8880e-02  1.0952e-01
  2428.14      4.1184  1.2808e-01  1.3426e-01  9.1540e-02  9.8890e-02  1.0957e-01
  2426.64      4.1209  1.2801e-01  1.3422e-01  9.1510e-02  9.8890e-02  1.0961e-01
  2425.14      4.1235  1.2794e-01  1.3418e-01  9.1470e-02  9.8890e-02  1.0967e-01
  2423.64      4.1260  1.2787e-01  1.3413e-01  9.1430e-02  9.8890e-02  1.0972e-01
  2422.14      4.1286  1.2782e-01  1.3408e-01  9.1390e-02  9.8890e-02  1.0976e-01
  2420.64      4.1311  1.2777e-01  1.3404e-01  9.1350e-02  9.8890e-02  1.0981e-01
  2419.14      4.1337  1.2773e-01  1.3399e-01  9.1300e-02  9.8900e-02  1.0986e-01
  2417.64      4.1363  1.2770e-01  1.3396e-01  9.1260e-02  9.8900e-02  1.0992e-01
  2416.14      4.1388  1.2766e-01  1.3394e-01  9.1210e-02  9.8910e-02  1.0998e-01
  2414.64      4.1414  1.2763e-01  1.3394e-01  9.1160e-02  9.8920e-02  1.1005e-01
  2413.14      4.1440  1.2760e-01  1.3395e-01  9.1110e-02  9.8950e-02  1.1011e-01
  2411.64      4.1466  1.2758e-01  1.3396e-01  9.1060e-02  9.8970e-02  1.1018e-01
  2410.14      4.1491  1.2756e-01  1.3398e-01  9.1020e-02  9.9000e-02  1.1026e-01
  2408.64      4.1517  1.2755e-01  1.3400e-01  9.0990e-02  9.9030e-02  1.1035e-01
  2407.14      4.1543  1.2754e-01  1.3403e-01  9.0940e-02  9.9080e-02  1.1044e-01
  2405.64      4.1569  1.2755e-01  1.3405e-01  9.0910e-02  9.9110e-02  1.1053e-01
  2404.14      4.1595  1.2755e-01  1.3407e-01  9.0890e-02  9.9150e-02  1.1063e-01
  2402.64      4.1621  1.2757e-01  1.3409e-01  9.0860e-02  9.9200e-02  1.1074e-01
  2401.14      4.1647  1.2757e-01  1.3412e-01  9.0840e-02  9.9250e-02  1.1085e-01
  2399.64      4.1673  1.2759e-01  1.3415e-01  9.0810e-02  9.9290e-02  1.1098e-01
  2398.14      4.1699  1.2760e-01  1.3419e-01  9.0780e-02  9.9360e-02  1.1111e-01
  2396.64      4.1725  1.2760e-01  1.3423e-01  9.0750e-02  9.9420e-02  1.1125e-01
  2395.14      4.1751  1.2761e-01  1.3428e-01  9.0720e-02  9.9500e-02  1.1139e-01
  2393.64      4.1777  1.2761e-01  1.3433e-01  9.0700e-02  9.9580e-02  1.1153e-01
  2392.14      4.1804  1.2762e-01  1.3438e-01  9.0670e-02  9.9670e-02  1.1169e-01
  2390.64      4.1830  1.2762e-01  1.3444e-01  9.0660e-02  9.9780e-02  1.1184e-01
  2389.14      4.1856  1.2763e-01  1.3450e-01  9.0650e-02  9.9880e-02  1.1201e-01
  2387.64      4.1882  1.2763e-01  1.3457e-01  9.0650e-02  9.9990e-02  1.1217e-01
  2386.14      4.1909  1.2763e-01  1.3468e-01  9.0660e-02  1.0011e-01  1.1233e-01
  2384.64      4.1935  1.2765e-01  1.3483e-01  9.0690e-02  1.0021e-01  1.1249e-01
  2383.14      4.1961  1.2767e-01  1.3502e-01  9.0710e-02  1.0031e-01  1.1264e-01
  2381.64      4.1988  1.2771e-01  1.3526e-01  9.0750e-02  1.0042e-01  1.1280e-01
  2380.14      4.2014  1.2778e-01  1.3556e-01  9.0780e-02  1.0052e-01  1.1295e-01
  2378.64      4.2041  1.2785e-01  1.3588e-01  9.0820e-02  1.0060e-01  1.1309e-01
  2377.14      4.2067  1.2795e-01  1.3623e-01  9.0860e-02  1.0069e-01  1.1323e-01
  2375.64      4.2094  1.2805e-01  1.3657e-01  9.0900e-02  1.0077e-01  1.1336e-01
  2374.14      4.2121  1.2815e-01  1.3689e-01  9.0930e-02  1.0086e-01  1.1348e-01
  2372.64      4.2147  1.2825e-01  1.3718e-01  9.0970e-02  1.0093e-01  1.1361e-01
  2371.14      4.2174  1.2834e-01  1.3740e-01  9.1010e-02  1.0100e-01  1.1373e-01
  2369.64      4.2201  1.2842e-01  1.3758e-01  9.1050e-02  1.0108e-01  1.1386e-01
  2368.14      4.2227  1.2851e-01  1.3767e-01  9.1080e-02  1.0115e-01  1.1396e-01
  2366.64      4.2254  1.2859e-01  1.3770e-01  9.1130e-02  1.0121e-01  1.1408e-01
  2365.14      4.2281  1.2865e-01  1.3765e-01  9.1170e-02  1.0128e-01  1.1419e-01
  2363.64      4.2308  1.2873e-01  1.3752e-01  9.1200e-02  1.0135e-01  1.1430e-01
  2362.14      4.2335  1.2880e-01  1.3731e-01  9.1250e-02  1.0141e-01  1.1440e-01
  2360.64      4.2361  1.2887e-01  1.3703e-01  9.1300e-02  1.0147e-01  1.1450e-01
  2359.14      4.2388  1.2894e-01  1.3671e-01  9.1340e-02  1.0153e-01  1.1461e-01
  2357.64      4.2415  1.2901e-01  1.3640e-01  9.1390e-02  1.0159e-01  1.1470e-01
  2356.14      4.2442  1.2908e-01  1.3615e-01  9.1440e-02  1.0165e-01  1.1479e-01
  2354.64      4.2469  1.2915e-01  1.3603e-01  9.1480e-02  1.0170e-01  1.1489e-01
  2353.14      4.2496  1.2922e-01  1.3606e-01  9.1540e-02  1.0175e-01  1.1498e-01
  2351.64      4.2524  1.2928e-01  1.3624e-01  9.1600e-02  1.0180e-01  1.1507e-01
  2350.14      4.2551  1.2936e-01  1.3657e-01  9.1650e-02  1.0185e-01  1.1516e-01
  2348.64      4.2578  1.2942e-01  1.3695e-01  9.1710e-02  1.0190e-01  1.1524e-01
  2347.14      4.2605  1.2949e-01  1.3731e-01  9.1770e-02  1.0194e-01  1.1532e-01
  2345.64      4.2632  1.2955e-01  1.3757e-01  9.1830e-02  1.0198e-01  1.1540e-01
  2344.14      4.2660  1.2963e-01  1.3772e-01  9.1900e-02  1.0202e-01  1.1547e-01
  2342.64      4.2687  1.2970e-01  1.3771e-01  9.1970e-02  1.0205e-01  1.1554e-01
  2341.14      4.2714  1.2976e-01  1.3758e-01  9.2040e-02  1.0209e-01  1.1561e-01
  2339.64      4.2742  1.2983e-01  1.3735e-01  9.2120e-02  1.0212e-01  1.1567e-01
  2338.14      4.2769  1.2990e-01  1.3706e-01  9.2200e-02  1.0214e-01  1.1573e-01
  2336.64      4.2797  1.2997e-01  1.3676e-01  9.2300e-02  1.0215e-01  1.1577e-01
  2335.14      4.2824  1.3004e-01  1.3645e-01  9.2400e-02  1.0217e-01  1.1582e-01
  2333.64      4.2852  1.3011e-01  1.3618e-01  9.2500e-02  1.0217e-01  1.1585e-01
  2332.14      4.2879  1.3019e-01  1.3594e-01  9.2610e-02  1.0217e-01  1.1588e-01
  2330.64      4.2907  1.3026e-01  1.3574e-01  9.2720e-02  1.0216e-01  1.1591e-01
  2329.14      4.2934  1.3033e-01  1.3558e-01  9.2840e-02  1.0216e-01  1.1593e-01
  2327.64      4.2962  1.3041e-01  1.3546e-01  9.2950e-02  1.0215e-01  1.1595e-01
  2326.14      4.2990  1.3048e-01  1.3538e-01  9.3080e-02  1.0214e-01  1.1597e-01
  2324.64      4.3018  1.3055e-01  1.3533e-01  9.3190e-02  1.0213e-01  1.1599e-01
  2323.14      4.3045  1.3063e-01  1.3532e-01  9.3310e-02  1.0213e-01  1.1601e-01
  2321.64      4.3073  1.3071e-01  1.3536e-01  9.3420e-02  1.0213e-01  1.1604e-01
  2320.13      4.3101  1.3079e-01  1.3543e-01  9.3530e-02  1.0213e-01  1.1606e-01
  2318.63      4.3129  1.3088e-01  1.3555e-01  9.3640e-02  1.0214e-01  1.1610e-01
  2317.13      4.3157  1.3096e-01  1.3569e-01  9.3740e-02  1.0215e-01  1.1613e-01
  2315.63      4.3185  1.3104e-01  1.3584e-01  9.3830e-02  1.0216e-01  1.1618e-01
  2314.13      4.3213  1.3113e-01  1.3601e-01  9.3930e-02  1.0218e-01  1.1622e-01
  2312.63      4.3241  1.3122e-01  1.3621e-01  9.4020e-02  1.0220e-01  1.1626e-01
  2311.13      4.3269  1.3131e-01  1.3642e-01  9.4110e-02  1.0223e-01  1.1632e-01
  2309.63      4.3297  1.3142e-01  1.3665e-01  9.4200e-02  1.0226e-01  1.1636e-01
  2308.13      4.3325  1.3152e-01  1.3690e-01  9.4290e-02  1.0228e-01  1.1642e-01
  2306.63      4.3353  1.3163e-01  1.3716e-01  9.4370e-02  1.0232e-01  1.1648e-01
  2305.13      4.3381  1.3174e-01  1.3742e-01  9.4460e-02  1.0235e-01  1.1653e-01
  2303.63      4.3410  1.3185e-01  1.3766e-01  9.4530e-02  1.0239e-01  1.1660e-01
  2302.13      4.3438  1.3197e-01  1.3789e-01  9.4610e-02  1.0243e-01  1.1666e-01
  2300.63      4.3466  1.3209e-01  1.3811e-01  9.4690e-02  1.0247e-01  1.1672e-01
  2299.13      4.3495  1.3221e-01  1.3831e-01  9.4770e-02  1.0251e-01  1.1679e-01
  2297.63      4.3523  1.3233e-01  1.3851e-01  9.4840e-02  1.0256e-01  1.1687e-01
  2296.13      4.3551  1.3245e-01  1.3869e-01  9.4920e-02  1.0261e-01  1.1693e-01
  2294.63      4.3580  1.3257e-01  1.3885e-01  9.4990e-02  1.0266e-01  1.1701e-01
  2293.13      4.3608  1.3268e-01  1.3901e-01  9.5060e-02  1.0272e-01  1.1709e-01
  2291.63      4.3637  1.3279e-01  1.3916e-01  9.5130e-02  1.0277e-01  1.1718e-01
  2290.13      4.3666  1.3290e-01  1.3930e-01  9.5200e-02  1.0284e-01  1.1726e-01
  2288.63      4.3694  1.3302e-01  1.3944e-01  9.5260e-02  1.0290e-01  1.1736e-01
  2287.13      4.3723  1.3314e-01  1.3958e-01  9.5310e-02  1.0298e-01  1.1746e-01
  2285.63      4.3752  1.3327e-01  1.3972e-01  9.5370e-02  1.0306e-01  1.1757e-01
  2284.13      4.3780  1.3340e-01  1.3986e-01  9.5420e-02  1.0313e-01  1.1768e-01
  2282.63      4.3809  1.3354e-01  1.4001e-01  9.5470e-02  1.0322e-01  1.1780e-01
  2281.13      4.3838  1.3367e-01  1.4016e-01  9.5520e-02  1.0331e-01  1.1792e-01
  2279.63      4.3867  1.3380e-01  1.4029e-01  9.5570e-02  1.0340e-01  1.1805e-01
  2278.13      4.3896  1.3392e-01  1.4041e-01  9.5620e-02  1.0350e-01  1.1816e-01
  2276.63      4.3925  1.3403e-01  1.4052e-01  9.5690e-02  1.0358e-01  1.1828e-01
  2275.13      4.3953  1.3413e-01  1.4062e-01  9.5760e-02  1.0367e-01  1.1838e-01
  2273.63      4.3983  1.3423e-01  1.4070e-01  9.5830e-02  1.0376e-01  1.1849e-01
  2272.13      4.4012  1.3432e-01  1.4077e-01  9.5920e-02  1.0384e-01  1.1857e-01
  2270.63      4.4041  1.3440e-01  1.4085e-01  9.6000e-02  1.0392e-01  1.1866e-01
  2269.13      4.4070  1.3449e-01  1.4093e-01  9.6110e-02  1.0398e-01  1.1873e-01
  2267.63      4.4099  1.3458e-01  1.4103e-01  9.6210e-02  1.0405e-01  1.1880e-01
  2266.13      4.4128  1.3468e-01  1.4113e-01  9.6330e-02  1.0412e-01  1.1886e-01
  2264.63      4.4157  1.3479e-01  1.4124e-01  9.6440e-02  1.0419e-01  1.1893e-01
  2263.13      4.4187  1.3490e-01  1.4135e-01  9.6560e-02  1.0426e-01  1.1899e-01
  2261.63      4.4216  1.3503e-01  1.4147e-01  9.6680e-02  1.0433e-01  1.1905e-01
  2260.13      4.4245  1.3515e-01  1.4158e-01  9.6790e-02  1.0441e-01  1.1912e-01
  2258.63      4.4275  1.3527e-01  1.4168e-01  9.6900e-02  1.0449e-01  1.1919e-01
  2257.13      4.4304  1.3538e-01  1.4179e-01  9.7010e-02  1.0457e-01  1.1927e-01
  2255.63      4.4334  1.3549e-01  1.4191e-01  9.7120e-02  1.0465e-01  1.1935e-01
  2254.13      4.4363  1.3559e-01  1.4203e-01  9.7220e-02  1.0473e-01  1.1944e-01
  2252.63      4.4393  1.3568e-01  1.4216e-01  9.7310e-02  1.0482e-01  1.1953e-01
  2251.13      4.4422  1.3577e-01  1.4230e-01  9.7410e-02  1.0492e-01  1.1964e-01
  2249.63      4.4452  1.3584e-01  1.4244e-01  9.7480e-02  1.0502e-01  1.1975e-01
  2248.13      4.4481  1.3590e-01  1.4257e-01  9.7550e-02  1.0511e-01  1.1986e-01
  2246.63      4.4511  1.3597e-01  1.4268e-01  9.7620e-02  1.0522e-01  1.1997e-01
  2245.13      4.4541  1.3602e-01  1.4277e-01  9.7670e-02  1.0531e-01  1.2008e-01
  2243.63      4.4571  1.3609e-01  1.4285e-01  9.7730e-02  1.0540e-01  1.2019e-01
  2242.13      4.4600  1.3615e-01  1.4291e-01  9.7770e-02  1.0550e-01  1.2030e-01
  2240.63      4.4630  1.3621e-01  1.4296e-01  9.7820e-02  1.0559e-01  1.2041e-01
  2239.13      4.4660  1.3627e-01  1.4299e-01  9.7870e-02  1.0568e-01  1.2050e-01
  2237.63      4.4690  1.3632e-01  1.4302e-01  9.7900e-02  1.0576e-01  1.2060e-01
  2236.13      4.4720  1.3637e-01  1.4305e-01  9.7940e-02  1.0583e-01  1.2067e-01
  2234.63      4.4750  1.3642e-01  1.4307e-01  9.7990e-02  1.0591e-01  1.2075e-01
  2233.13      4.4780  1.3645e-01  1.4307e-01  9.8020e-02  1.0598e-01  1.2082e-01
  2231.63      4.4810  1.3646e-01  1.4307e-01  9.8050e-02  1.0605e-01  1.2088e-01
  2230.13      4.4840  1.3647e-01  1.4307e-01  9.8080e-02  1.0612e-01  1.2095e-01
  2228.63      4.4871  1.3647e-01  1.4307e-01  9.8100e-02  1.0618e-01  1.2099e-01
  2227.13      4.4901  1.3648e-01  1.4306e-01  9.8120e-02  1.0625e-01  1.2104e-01
  2225.63      4.4931  1.3648e-01  1.4305e-01  9.8130e-02  1.0630e-01  1.2109e-01
  2224.13      4.4961  1.3648e-01  1.4303e-01  9.8140e-02  1.0635e-01  1.2113e-01
  2222.63      4.4992  1.3648e-01  1.4302e-01  9.8150e-02  1.0641e-01  1.2117e-01
  2221.13      4.5022  1.3647e-01  1.4300e-01  9.8160e-02  1.0646e-01  1.2121e-01
  2219.63      4.5053  1.3644e-01  1.4295e-01  9.8160e-02  1.0649e-01  1.2125e-01
  2218.13      4.5083  1.3641e-01  1.4291e-01  9.8160e-02  1.0652e-01  1.2128e-01
  2216.63      4.5114  1.3637e-01  1.4288e-01  9.8170e-02  1.0655e-01  1.2131e-01
  2215.13      4.5144  1.3632e-01  1.4284e-01  9.8180e-02  1.0657e-01  1.2134e-01
  2213.63      4.5175  1.3627e-01  1.4281e-01  9.8190e-02  1.0659e-01  1.2137e-01
  2212.13      4.5205  1.3622e-01  1.4279e-01  9.8200e-02  1.0661e-01  1.2139e-01
  2210.63      4.5236  1.3618e-01  1.4276e-01  9.8210e-02  1.0661e-01  1.2141e-01
  2209.13      4.5267  1.3614e-01  1.4274e-01  9.8220e-02  1.0662e-01  1.2143e-01
  2207.63      4.5298  1.3609e-01  1.4271e-01  9.8230e-02  1.0663e-01  1.2143e-01
  2206.13      4.5328  1.3605e-01  1.4266e-01  9.8230e-02  1.0663e-01  1.2144e-01
  2204.63      4.5359  1.3601e-01  1.4259e-01  9.8240e-02  1.0664e-01  1.2144e-01
  2203.13      4.5390  1.3596e-01  1.4253e-01  9.8240e-02  1.0665e-01  1.2144e-01
  2201.63      4.5421  1.3592e-01  1.4245e-01  9.8240e-02  1.0665e-01  1.2144e-01
  2200.13      4.5452  1.3586e-01  1.4238e-01  9.8230e-02  1.0667e-01  1.2144e-01
  2198.63      4.5483  1.3581e-01  1.4230e-01  9.8220e-02  1.0667e-01  1.2144e-01
  2197.13      4.5514  1.3577e-01  1.4224e-01  9.8220e-02  1.0670e-01  1.2144e-01
  2195.63      4.5545  1.3573e-01  1.4219e-01  9.8210e-02  1.0672e-01  1.2144e-01
  2194.13      4.5576  1.3569e-01  1.4214e-01  9.8200e-02  1.0675e-01  1.2145e-01
  2192.63      4.5607  1.3566e-01  1.4209e-01  9.8190e-02  1.0677e-01  1.2146e-01
  2191.13      4.5639  1.3565e-01  1.4204e-01  9.8190e-02  1.0680e-01  1.2147e-01
  2189.63      4.5670  1.3563e-01  1.4201e-01  9.8180e-02  1.0683e-01  1.2149e-01
  2188.12      4.5701  1.3563e-01  1.4196e-01  9.8180e-02  1.0686e-01  1.2150e-01
  2186.62      4.5733  1.3561e-01  1.4192e-01  9.8180e-02  1.0689e-01  1.2152e-01
  2185.12      4.5764  1.3560e-01  1.4188e-01  9.8170e-02  1.0692e-01  1.2154e-01
  2183.62      4.5795  1.3559e-01  1.4185e-01  9.8170e-02  1.0695e-01  1.2156e-01
  2182.12      4.5827  1.3557e-01  1.4182e-01  9.8170e-02  1.0698e-01  1.2158e-01
  2180.62      4.5858  1.3556e-01  1.4179e-01  9.8180e-02  1.0702e-01  1.2160e-01
  2179.12      4.5890  1.3555e-01  1.4177e-01  9.8200e-02  1.0705e-01  1.2164e-01
  2177.62      4.5922  1.3555e-01  1.4175e-01  9.8210e-02  1.0708e-01  1.2166e-01
  2176.12      4.5953  1.3556e-01  1.4175e-01  9.8230e-02  1.0711e-01  1.2169e-01
  2174.62      4.5985  1.3557e-01  1.4174e-01  9.8260e-02  1.0714e-01  1.2172e-01
  2173.12      4.6017  1.3558e-01  1.4175e-01  9.8290e-02  1.0718e-01  1.2176e-01
  2171.62      4.6048  1.3559e-01  1.4175e-01  9.8340e-02  1.0723e-01  1.2181e-01
  2170.12      4.6080  1.3559e-01  1.4176e-01  9.8390e-02  1.0728e-01  1.2185e-01
  2168.62      4.6112  1.3560e-01  1.4176e-01  9.8450e-02  1.0733e-01  1.2190e-01
  2167.12      4.6144  1.3560e-01  1.4176e-01  9.8510e-02  1.0739e-01  1.2195e-01
  2165.62      4.6176  1.3560e-01  1.4175e-01  9.8570e-02  1.0745e-01  1.2200e-01
  2164.12      4.6208  1.3561e-01  1.4174e-01  9.8630e-02  1.0752e-01  1.2205e-01
  2162.62      4.6240  1.3562e-01  1.4173e-01  9.8700e-02  1.0760e-01  1.2212e-01
  2161.12      4.6272  1.3562e-01  1.4172e-01  9.8770e-02  1.0767e-01  1.2217e-01
  2159.62      4.6304  1.3564e-01  1.4172e-01  9.8840e-02  1.0776e-01  1.2223e-01
  2158.12      4.6337  1.3566e-01  1.4172e-01  9.8910e-02  1.0785e-01  1.2229e-01
  2156.62      4.6369  1.3567e-01  1.4172e-01  9.8980e-02  1.0794e-01  1.2236e-01
  2155.12      4.6401  1.3569e-01  1.4172e-01  9.9050e-02  1.0803e-01  1.2243e-01
  2153.62      4.6433  1.3571e-01  1.4172e-01  9.9110e-02  1.0812e-01  1.2250e-01
  2152.12      4.6466  1.3575e-01  1.4172e-01  9.9170e-02  1.0821e-01  1.2257e-01
  2150.62      4.6498  1.3577e-01  1.4172e-01  9.9240e-02  1.0830e-01  1.2265e-01
  2149.12      4.6531  1.3580e-01  1.4173e-01  9.9300e-02  1.0839e-01  1.2272e-01
  2147.62      4.6563  1.3583e-01  1.4175e-01  9.9350e-02  1.0847e-01  1.2280e-01
  2146.12      4.6596  1.3584e-01  1.4177e-01  9.9410e-02  1.0855e-01  1.2288e-01
  2144.62      4.6628  1.3585e-01  1.4180e-01  9.9470e-02  1.0864e-01  1.2297e-01
  2143.12      4.6661  1.3585e-01  1.4183e-01  9.9530e-02  1.0872e-01  1.2305e-01
  2141.62      4.6694  1.3584e-01  1.4184e-01  9.9590e-02  1.0881e-01  1.2314e-01
  2140.12      4.6726  1.3583e-01  1.4186e-01  9.9660e-02  1.0889e-01  1.2323e-01
  2138.62      4.6759  1.3582e-01  1.4186e-01  9.9720e-02  1.0897e-01  1.2332e-01
  2137.12      4.6792  1.3582e-01  1.4184e-01  9.9790e-02  1.0905e-01  1.2341e-01
  2135.62      4.6825  1.3581e-01  1.4183e-01  9.9860e-02  1.0913e-01  1.2349e-01
  2134.12      4.6858  1.3582e-01  1.4181e-01  9.9920e-02  1.0919e-01  1.2356e-01
  2132.62      4.6891  1.3582e-01  1.4178e-01  9.9980e-02  1.0925e-01  1.2364e-01
  2131.12      4.6924  1.3581e-01  1.4176e-01  1.0003e-01  1.0931e-01  1.2371e-01
  2129.62      4.6957  1.3580e-01  1.4173e-01  1.0007e-01  1.0936e-01  1.2378e-01
  2128.12      4.6990  1.3578e-01  1.4169e-01  1.0012e-01  1.0941e-01  1.2384e-01
  2126.62      4.7023  1.3576e-01  1.4166e-01  1.0017e-01  1.0946e-01  1.2389e-01
  2125.12      4.7056  1.3573e-01  1.4162e-01  1.0021e-01  1.0950e-01  1.2394e-01
  2123.62      4.7089  1.3570e-01  1.4159e-01  1.0024e-01  1.0954e-01  1.2399e-01
  2122.12      4.7123  1.3567e-01  1.4156e-01  1.0028e-01  1.0958e-01  1.2405e-01
  2120.62      4.7156  1.3565e-01  1.4153e-01  1.0032e-01  1.0961e-01  1.2409e-01
  2119.12      4.7189  1.3562e-01  1.4149e-01  1.0036e-01  1.0965e-01  1.2414e-01
  2117.62      4.7223  1.3559e-01  1.4146e-01  1.0040e-01  1.0969e-01  1.2419e-01
  2116.12      4.7256  1.3556e-01  1.4143e-01  1.0044e-01  1.0972e-01  1.2422e-01
  2114.62      4.7290  1.3552e-01  1.4139e-01  1.0048e-01  1.0976e-01  1.2426e-01
  2113.12      4.7323  1.3551e-01  1.4136e-01  1.0052e-01  1.0980e-01  1.2430e-01
  2111.62      4.7357  1.3547e-01  1.4133e-01  1.0055e-01  1.0984e-01  1.2432e-01
  2110.12      4.7391  1.3544e-01  1.4129e-01  1.0057e-01  1.0987e-01  1.2434e-01
  2108.62      4.7424  1.3540e-01  1.4125e-01  1.0059e-01  1.0991e-01  1.2437e-01
  2107.12      4.7458  1.3537e-01  1.4122e-01  1.0060e-01  1.0996e-01  1.2438e-01
  2105.62      4.7492  1.3534e-01  1.4119e-01  1.0062e-01  1.0999e-01  1.2439e-01
  2104.12      4.7526  1.3531e-01  1.4117e-01  1.0063e-01  1.1002e-01  1.2440e-01
  2102.62      4.7560  1.3529e-01  1.4114e-01  1.0063e-01  1.1005e-01  1.2440e-01
  2101.12      4.7594  1.3526e-01  1.4113e-01  1.0062e-01  1.1008e-01  1.2440e-01
  2099.62      4.7628  1.3525e-01  1.4110e-01  1.0062e-01  1.1012e-01  1.2441e-01
  2098.12      4.7662  1.3522e-01  1.4107e-01  1.0062e-01  1.1014e-01  1.2441e-01
  2096.62      4.7696  1.3521e-01  1.4104e-01  1.0062e-01  1.1016e-01  1.2442e-01
  2095.12      4.7730  1.3519e-01  1.4101e-01  1.0064e-01  1.1018e-01  1.2444e-01
  2093.62      4.7764  1.3517e-01  1.4097e-01  1.0065e-01  1.1020e-01  1.2445e-01
  2092.12      4.7798  1.3517e-01  1.4094e-01  1.0067e-01  1.1023e-01  1.2448e-01
  2090.62      4.7833  1.3516e-01  1.4092e-01  1.0069e-01  1.1027e-01  1.2452e-01
  2089.12      4.7867  1.3515e-01  1.4091e-01  1.0072e-01  1.1032e-01  1.2455e-01
  2087.62      4.7901  1.3516e-01  1.4091e-01  1.0075e-01  1.1036e-01  1.2460e-01
  2086.12      4.7936  1.3516e-01  1.4093e-01  1.0079e-01  1.1042e-01  1.2466e-01
  2084.62      4.7970  1.3518e-01  1.4095e-01  1.0082e-01  1.1048e-01  1.2471e-01
  2083.12      4.8005  1.3521e-01  1.4098e-01  1.0086e-01  1.1055e-01  1.2478e-01
  2081.62      4.8040  1.3526e-01  1.4101e-01  1.0089e-01  1.1062e-01  1.2484e-01
  2080.12      4.8074  1.3531e-01  1.4104e-01  1.0094e-01  1.1069e-01  1.2490e-01
  2078.62      4.8109  1.3537e-01  1.4107e-01  1.0098e-01  1.1075e-01  1.2496e-01
  2077.12      4.8144  1.3544e-01  1.4111e-01  1.0103e-01  1.1081e-01  1.2504e-01
  2075.62      4.8178  1.3552e-01  1.4116e-01  1.0108e-01  1.1088e-01  1.2510e-01
  2074.12      4.8213  1.3559e-01  1.4121e-01  1.0114e-01  1.1095e-01  1.2517e-01
  2072.62      4.8248  1.3567e-01  1.4127e-01  1.0120e-01  1.1102e-01  1.2524e-01
  2071.12      4.8283  1.3575e-01  1.4134e-01  1.0127e-01  1.1110e-01  1.2532e-01
  2069.62      4.8318  1.3584e-01  1.4142e-01  1.0135e-01  1.1118e-01  1.2540e-01
  2068.12      4.8353  1.3593e-01  1.4149e-01  1.0144e-01  1.1127e-01  1.2550e-01
  2066.62      4.8388  1.3603e-01  1.4157e-01  1.0153e-01  1.1136e-01  1.2559e-01
  2065.12      4.8423  1.3613e-01  1.4167e-01  1.0162e-01  1.1146e-01  1.2569e-01
  2063.62      4.8459  1.3624e-01  1.4178e-01  1.0173e-01  1.1156e-01  1.2580e-01
  2062.12      4.8494  1.3635e-01  1.4190e-01  1.0183e-01  1.1167e-01  1.2592e-01
  2060.62      4.8529  1.3646e-01  1.4203e-01  1.0194e-01  1.1179e-01  1.2604e-01
  2059.12      4.8565  1.3657e-01  1.4217e-01  1.0205e-01  1.1191e-01  1.2616e-01
  2057.62      4.8600  1.3669e-01  1.4232e-01  1.0216e-01  1.1203e-01  1.2629e-01
  2056.12      4.8635  1.3680e-01  1.4247e-01  1.0227e-01  1.1215e-01  1.2642e-01
  2054.61      4.8671  1.3693e-01  1.4262e-01  1.0239e-01  1.1229e-01  1.2656e-01
  2053.11      4.8706  1.3706e-01  1.4279e-01  1.0250e-01  1.1241e-01  1.2670e-01
  2051.61      4.8742  1.3720e-01  1.4295e-01  1.0263e-01  1.1255e-01  1.2685e-01
  2050.11      4.8778  1.3735e-01  1.4310e-01  1.0275e-01  1.1268e-01  1.2700e-01
  2048.61      4.8813  1.3749e-01  1.4325e-01  1.0288e-01  1.1281e-01  1.2715e-01
  2047.11      4.8849  1.3763e-01  1.4341e-01  1.0302e-01  1.1295e-01  1.2731e-01
  2045.61      4.8885  1.3778e-01  1.4356e-01  1.0315e-01  1.1308e-01  1.2747e-01
  2044.11      4.8921  1.3793e-01  1.4372e-01  1.0329e-01  1.1322e-01  1.2763e-01
  2042.61      4.8957  1.3808e-01  1.4388e-01  1.0344e-01  1.1336e-01  1.2779e-01
  2041.11      4.8993  1.3826e-01  1.4405e-01  1.0359e-01  1.1351e-01  1.2797e-01
  2039.61      4.9029  1.3843e-01  1.4424e-01  1.0373e-01  1.1365e-01  1.2813e-01
  2038.11      4.9065  1.3863e-01  1.4440e-01  1.0387e-01  1.1381e-01  1.2829e-01
  2036.61      4.9101  1.3882e-01  1.4457e-01  1.0400e-01  1.1396e-01  1.2846e-01
  2035.11      4.9137  1.3901e-01  1.4473e-01  1.0414e-01  1.1413e-01  1.2863e-01
  2033.61      4.9174  1.3920e-01  1.4490e-01  1.0427e-01  1.1429e-01  1.2880e-01
  2032.11      4.9210  1.3937e-01  1.4506e-01  1.0440e-01  1.1445e-01  1.2897e-01
  2030.61      4.9246  1.3953e-01  1.4523e-01  1.0453e-01  1.1462e-01  1.2915e-01
  2029.11      4.9283  1.3969e-01  1.4540e-01  1.0465e-01  1.1479e-01  1.2934e-01
  2027.61      4.9319  1.3984e-01  1.4558e-01  1.0477e-01  1.1498e-01  1.2953e-01
  2026.11      4.9356  1.3999e-01  1.4574e-01  1.0490e-01  1.1515e-01  1.2971e-01
  2024.61      4.9392  1.4013e-01  1.4591e-01  1.0504e-01  1.1531e-01  1.2991e-01
  2023.11      4.9429  1.4029e-01  1.4608e-01  1.0519e-01  1.1548e-01  1.3010e-01
  2021.61      4.9465  1.4046e-01  1.4627e-01  1.0534e-01  1.1565e-01  1.3029e-01
  2020.11      4.9502  1.4064e-01  1.4648e-01  1.0550e-01  1.1581e-01  1.3049e-01
  2018.61      4.9539  1.4084e-01  1.4671e-01  1.0566e-01  1.1598e-01  1.3068e-01
  2017.11      4.9576  1.4105e-01  1.4693e-01  1.0583e-01  1.1614e-01  1.3087e-01
  2015.61      4.9613  1.4126e-01  1.4716e-01  1.0600e-01  1.1631e-01  1.3106e-01
  2014.11      4.9650  1.4147e-01  1.4737e-01  1.0618e-01  1.1648e-01  1.3126e-01
  2012.61      4.9687  1.4166e-01  1.4757e-01  1.0633e-01  1.1666e-01  1.3145e-01
  2011.11      4.9724  1.4185e-01  1.4777e-01  1.0648e-01  1.1684e-01  1.3165e-01
  2009.61      4.9761  1.4203e-01  1.4796e-01  1.0661e-01  1.1702e-01  1.3185e-01
  2008.11      4.9798  1.4220e-01  1.4817e-01  1.0674e-01  1.1721e-01  1.3206e-01
  2006.61      4.9835  1.4238e-01  1.4837e-01  1.0685e-01  1.1742e-01  1.3227e-01
  2005.11      4.9873  1.4257e-01  1.4859e-01  1.0697e-01  1.1762e-01  1.3249e-01
  2003.61      4.9910  1.4277e-01  1.4881e-01  1.0707e-01  1.1783e-01  1.3272e-01
  2002.11      4.9947  1.4297e-01  1.4902e-01  1.0718e-01  1.1804e-01  1.3294e-01
  2000.61      4.9985  1.4318e-01  1.4924e-01  1.0731e-01  1.1826e-01  1.3317e-01
  1999.11      5.0022  1.4339e-01  1.4945e-01  1.0745e-01  1.1846e-01  1.3339e-01
  1997.61      5.0060  1.4360e-01  1.4967e-01  1.0761e-01  1.1865e-01  1.3361e-01
  1996.11      5.0097  1.4382e-01  1.4989e-01  1.0779e-01  1.1885e-01  1.3383e-01
  1994.61      5.0135  1.4406e-01  1.5014e-01  1.0797e-01  1.1903e-01  1.3405e-01
  1993.11      5.0173  1.4432e-01  1.5041e-01  1.0818e-01  1.1921e-01  1.3425e-01
  1991.61      5.0211  1.4459e-01  1.5070e-01  1.0842e-01  1.1938e-01  1.3446e-01
  1990.11      5.0248  1.4488e-01  1.5103e-01  1.0866e-01  1.1955e-01  1.3468e-01
  1988.61      5.0286  1.4518e-01  1.5136e-01  1.0890e-01  1.1974e-01  1.3490e-01
  1987.11      5.0324  1.4547e-01  1.5169e-01  1.0914e-01  1.1994e-01  1.3514e-01
  1985.61      5.0362  1.4576e-01  1.5203e-01  1.0935e-01  1.2014e-01  1.3538e-01
  1984.11      5.0400  1.4606e-01  1.5235e-01  1.0957e-01  1.2034e-01  1.3563e-01
  1982.61      5.0439  1.4634e-01  1.5268e-01  1.0978e-01  1.2056e-01  1.3591e-01
  1981.11      5.0477  1.4663e-01  1.5300e-01  1.0999e-01  1.2081e-01  1.3621e-01
  1979.61      5.0515  1.4692e-01  1.5332e-01  1.1018e-01  1.2106e-01  1.3651e-01
  1978.11      5.0553  1.4722e-01  1.5363e-01  1.1037e-01  1.2132e-01  1.3683e-01
  1976.61      5.0592  1.4753e-01  1.5395e-01  1.1055e-01  1.2160e-01  1.3716e-01
  1975.11      5.0630  1.4786e-01  1.5425e-01  1.1076e-01  1.2186e-01  1.3749e-01
  1973.61      5.0669  1.4819e-01  1.5456e-01  1.1098e-01  1.2214e-01  1.3782e-01
  1972.11      5.0707  1.4855e-01  1.5490e-01  1.1121e-01  1.2242e-01  1.3816e-01
  1970.61      5.0746  1.4893e-01  1.5525e-01  1.1144e-01  1.2272e-01  1.3850e-01
  1969.11      5.0784  1.4933e-01  1.5564e-01  1.1170e-01  1.2301e-01  1.3884e-01
  1967.61      5.0823  1.4976e-01  1.5607e-01  1.1198e-01  1.2331e-01  1.3918e-01
  1966.11      5.0862  1.5020e-01  1.5654e-01  1.1226e-01  1.2360e-01  1.3953e-01
  1964.61      5.0901  1.5065e-01  1.5704e-01  1.1257e-01  1.2391e-01  1.3989e-01
  1963.11      5.0940  1.5110e-01  1.5753e-01  1.1286e-01  1.2425e-01  1.4028e-01
  1961.61      5.0979  1.5155e-01  1.5803e-01  1.1316e-01  1.2460e-01  1.4067e-01
  1960.11      5.1018  1.5200e-01  1.5852e-01  1.1347e-01  1.2495e-01  1.4107e-01
  1958.61      5.1057  1.5244e-01  1.5899e-01  1.1376e-01  1.2533e-01  1.4150e-01
  1957.11      5.1096  1.5290e-01  1.5945e-01  1.1405e-01  1.2571e-01  1.4195e-01
  1955.61      5.1135  1.5336e-01  1.5990e-01  1.1433e-01  1.2612e-01  1.4240e-01
  1954.11      5.1174  1.5382e-01  1.6037e-01  1.1461e-01  1.2655e-01  1.4287e-01
  1952.61      5.1214  1.5430e-01  1.6084e-01  1.1490e-01  1.2697e-01  1.4335e-01
  1951.11      5.1253  1.5478e-01  1.6131e-01  1.1520e-01  1.2740e-01  1.4383e-01
  1949.61      5.1292  1.5526e-01  1.6179e-01  1.1553e-01  1.2782e-01  1.4430e-01
  1948.11      5.1332  1.5575e-01  1.6231e-01  1.1588e-01  1.2824e-01  1.4477e-01
  1946.61      5.1371  1.5627e-01  1.6286e-01  1.1624e-01  1.2866e-01  1.4524e-01
  1945.11      5.1411  1.5682e-01  1.6346e-01  1.1665e-01  1.2907e-01  1.4571e-01
  1943.61      5.1451  1.5738e-01  1.6409e-01  1.1708e-01  1.2947e-01  1.4617e-01
  1942.11      5.1490  1.5798e-01  1.6477e-01  1.1753e-01  1.2987e-01  1.4663e-01
  1940.61      5.1530  1.5859e-01  1.6546e-01  1.1800e-01  1.3026e-01  1.4709e-01
  1939.11      5.1570  1.5922e-01  1.6615e-01  1.1845e-01  1.3069e-01  1.4757e-01
  1937.61      5.1610  1.5985e-01  1.6681e-01  1.1889e-01  1.3113e-01  1.4808e-01
  1936.11      5.1650  1.6046e-01  1.6745e-01  1.1931e-01  1.3160e-01  1.4861e-01
  1934.61      5.1690  1.6108e-01  1.6807e-01  1.1970e-01  1.3210e-01  1.4918e-01
  1933.11      5.1730  1.6168e-01  1.6869e-01  1.2010e-01  1.3260e-01  1.4975e-01
  1931.61      5.1770  1.6229e-01  1.6929e-01  1.2048e-01  1.3314e-01  1.5036e-01
  1930.11      5.1811  1.6289e-01  1.6988e-01  1.2084e-01  1.3369e-01  1.5099e-01
  1928.61      5.1851  1.6350e-01  1.7047e-01  1.2122e-01  1.3425e-01  1.5164e-01
  1927.11      5.1891  1.6412e-01  1.7107e-01  1.2161e-01  1.3481e-01  1.5229e-01
  1925.61      5.1932  1.6475e-01  1.7168e-01  1.2204e-01  1.3536e-01  1.5292e-01
  1924.11      5.1972  1.6540e-01  1.7233e-01  1.2250e-01  1.3590e-01  1.5356e-01
  1922.61      5.2013  1.6607e-01  1.7303e-01  1.2300e-01  1.3643e-01  1.5418e-01
  1921.11      5.2053  1.6678e-01  1.7379e-01  1.2352e-01  1.3694e-01  1.5480e-01
  1919.60      5.2094  1.6749e-01  1.7459e-01  1.2406e-01  1.3746e-01  1.5541e-01
  1918.10      5.2135  1.6821e-01  1.7542e-01  1.2462e-01  1.3795e-01  1.5602e-01
  1916.60      5.2176  1.6896e-01  1.7626e-01  1.2521e-01  1.3845e-01  1.5663e-01
  1915.10      5.2216  1.6969e-01  1.7710e-01  1.2579e-01  1.3896e-01  1.5724e-01
  1913.60      5.2257  1.7043e-01  1.7790e-01  1.2636e-01  1.3948e-01  1.5787e-01
  1912.10      5.2298  1.7117e-01  1.7868e-01  1.2692e-01  1.4002e-01  1.5851e-01
  1910.60      5.2339  1.7192e-01  1.7947e-01  1.2746e-01  1.4058e-01  1.5917e-01
  1909.10      5.2381  1.7267e-01  1.8025e-01  1.2801e-01  1.4114e-01  1.5984e-01
  1907.60      5.2422  1.7344e-01  1.8104e-01  1.2854e-01  1.4171e-01  1.6052e-01
  1906.10      5.2463  1.7420e-01  1.8183e-01  1.2905e-01  1.4231e-01  1.6122e-01
  1904.60      5.2504  1.7497e-01  1.8261e-01  1.2953e-01  1.4293e-01  1.6194e-01
  1903.10      5.2546  1.7572e-01  1.8340e-01  1.3000e-01  1.4357e-01  1.6268e-01
  1901.60      5.2587  1.7648e-01  1.8418e-01  1.3046e-01  1.4422e-01  1.6342e-01
  1900.10      5.2629  1.7722e-01  1.8494e-01  1.3092e-01  1.4488e-01  1.6418e-01
  1898.60      5.2670  1.7796e-01  1.8570e-01  1.3140e-01  1.4553e-01  1.6494e-01
  1897.10      5.2712  1.7871e-01  1.8647e-01  1.3188e-01  1.4619e-01  1.6569e-01
  1895.60      5.2754  1.7945e-01  1.8725e-01  1.3239e-01  1.4684e-01  1.6645e-01
  1894.10      5.2795  1.8023e-01  1.8807e-01  1.3292e-01  1.4749e-01  1.6720e-01
  1892.60      5.2837  1.8103e-01  1.8891e-01  1.3347e-01  1.4813e-01  1.6796e-01
  1891.10      5.2879  1.8185e-01  1.8979e-01  1.3405e-01  1.4876e-01  1.6869e-01
  1889.60      5.2921  1.8269e-01  1.9072e-01  1.3465e-01  1.4938e-01  1.6943e-01
  1888.10      5.2963  1.8356e-01  1.9169e-01  1.3528e-01  1.4999e-01  1.7016e-01
  1886.60      5.3005  1.8443e-01  1.9265e-01  1.3591e-01  1.5062e-01  1.7091e-01
  1885.10      5.3048  1.8529e-01  1.9359e-01  1.3651e-01  1.5127e-01  1.7168e-01
  1883.60      5.3090  1.8616e-01  1.9451e-01  1.3708e-01  1.5195e-01  1.7247e-01
  1882.10      5.3132  1.8702e-01  1.9539e-01  1.3760e-01  1.5266e-01  1.7331e-01
  1880.60      5.3174  1.8786e-01  1.9623e-01  1.3809e-01  1.5339e-01  1.7417e-01
  1879.10      5.3217  1.8870e-01  1.9703e-01  1.3857e-01  1.5414e-01  1.7505e-01
  1877.60      5.3259  1.8953e-01  1.9781e-01  1.3904e-01  1.5488e-01  1.7593e-01
  1876.10      5.3302  1.9036e-01  1.9856e-01  1.3954e-01  1.5563e-01  1.7680e-01
  1874.60      5.3345  1.9119e-01  1.9932e-01  1.4005e-01  1.5638e-01  1.7767e-01
  1873.10      5.3387  1.9204e-01  2.0014e-01  1.4060e-01  1.5711e-01  1.7852e-01
  1871.60      5.3430  1.9293e-01  2.0103e-01  1.4119e-01  1.5782e-01  1.7934e-01
  1870.10      5.3473  1.9385e-01  2.0203e-01  1.4186e-01  1.5850e-01  1.8012e-01
  1868.60      5.3516  1.9485e-01  2.0315e-01  1.4260e-01  1.5912e-01  1.8086e-01
  1867.10      5.3559  1.9589e-01  2.0436e-01  1.4341e-01  1.5974e-01  1.8157e-01
  1865.60      5.3602  1.9694e-01  2.0559e-01  1.4421e-01  1.6037e-01  1.8228e-01
  1864.10      5.3645  1.9799e-01  2.0679e-01  1.4499e-01  1.6101e-01  1.8303e-01
  1862.60      5.3688  1.9902e-01  2.0793e-01  1.4574e-01  1.6169e-01  1.8381e-01
  1861.10      5.3732  2.0003e-01  2.0901e-01  1.4644e-01  1.6239e-01  1.8462e-01
  1859.60      5.3775  2.0101e-01  2.1001e-01  1.4709e-01  1.6314e-01  1.8547e-01
  1858.10      5.3818  2.0197e-01  2.1097e-01  1.4769e-01  1.6393e-01  1.8638e-01
  1856.60      5.3862  2.0291e-01  2.1190e-01  1.4822e-01  1.6477e-01  1.8733e-01
  1855.10      5.3905  2.0384e-01  2.1280e-01  1.4871e-01  1.6565e-01  1.8833e-01
  1853.60      5.3949  2.0476e-01  2.1368e-01  1.4919e-01  1.6654e-01  1.8933e-01
  1852.10      5.3993  2.0567e-01  2.1452e-01  1.4970e-01  1.6741e-01  1.9033e-01
  1850.60      5.4037  2.0659e-01  2.1537e-01  1.5024e-01  1.6827e-01  1.9132e-01
  1849.10      5.4080  2.0754e-01  2.1627e-01  1.5083e-01  1.6910e-01  1.9229e-01
  1847.60      5.4124  2.0853e-01  2.1727e-01  1.5148e-01  1.6992e-01  1.9323e-01
  1846.10      5.4168  2.0959e-01  2.1837e-01  1.5218e-01  1.7070e-01  1.9415e-01
  1844.60      5.4212  2.1071e-01  2.1960e-01  1.5293e-01  1.7145e-01  1.9502e-01
  1843.10      5.4256  2.1187e-01  2.2093e-01  1.5372e-01  1.7217e-01  1.9588e-01
  1841.60      5.4301  2.1304e-01  2.2226e-01  1.5449e-01  1.7291e-01  1.9674e-01
  1840.10      5.4345  2.1418e-01  2.2354e-01  1.5523e-01  1.7367e-01  1.9763e-01
  1838.60      5.4389  2.1527e-01  2.2471e-01  1.5593e-01  1.7446e-01  1.9853e-01
  1837.10      5.4434  2.1631e-01  2.2576e-01  1.5663e-01  1.7526e-01  1.9945e-01
  1835.60      5.4478  2.1730e-01  2.2673e-01  1.5731e-01  1.7605e-01  2.0037e-01
  1834.10      5.4523  2.1828e-01  2.2765e-01  1.5801e-01  1.7685e-01  2.0129e-01
  1832.60      5.4567  2.1925e-01  2.2858e-01  1.5870e-01  1.7766e-01  2.0222e-01
  1831.10      5.4612  2.2025e-01  2.2960e-01  1.5943e-01  1.7844e-01  2.0314e-01
  1829.60      5.4657  2.2131e-01  2.3076e-01  1.6021e-01  1.7921e-01  2.0401e-01
  1828.10      5.4702  2.2243e-01  2.3203e-01  1.6103e-01  1.7993e-01  2.0486e-01
  1826.60      5.4747  2.2359e-01  2.3336e-01  1.6190e-01  1.8065e-01  2.0569e-01
  1825.10      5.4792  2.2479e-01  2.3472e-01  1.6279e-01  1.8136e-01  2.0651e-01
  1823.60      5.4837  2.2600e-01  2.3607e-01  1.6365e-01  1.8209e-01  2.0735e-01
  1822.10      5.4882  2.2719e-01  2.3737e-01  1.6448e-01  1.8284e-01  2.0821e-01
  1820.60      5.4927  2.2834e-01  2.3856e-01  1.6527e-01  1.8362e-01  2.0909e-01
  1819.10      5.4972  2.2943e-01  2.3965e-01  1.6602e-01  1.8442e-01  2.1000e-01
  1817.60      5.5018  2.3049e-01  2.4067e-01  1.6672e-01  1.8526e-01  2.1093e-01
  1816.10      5.5063  2.3151e-01  2.4166e-01  1.6736e-01  1.8615e-01  2.1191e-01
  1814.60      5.5109  2.3251e-01  2.4263e-01  1.6794e-01  1.8705e-01  2.1292e-01
  1813.10      5.5154  2.3350e-01  2.4362e-01  1.6849e-01  1.8797e-01  2.1395e-01
  1811.60      5.5200  2.3450e-01  2.4464e-01  1.6903e-01  1.8890e-01  2.1500e-01
  1810.10      5.5246  2.3549e-01  2.4567e-01  1.6959e-01  1.8982e-01  2.1602e-01
  1808.60      5.5291  2.3649e-01  2.4669e-01  1.7016e-01  1.9072e-01  2.1704e-01
  1807.10      5.5337  2.3748e-01  2.4769e-01  1.7073e-01  1.9163e-01  2.1806e-01
  1805.60      5.5383  2.3846e-01  2.4866e-01  1.7127e-01  1.9256e-01  2.1909e-01
  1804.10      5.5429  2.3944e-01  2.4962e-01  1.7181e-01  1.9349e-01  2.2013e-01
  1802.60      5.5476  2.4042e-01  2.5059e-01  1.7238e-01  1.9439e-01  2.2116e-01
  1801.10      5.5522  2.4142e-01  2.5158e-01  1.7303e-01  1.9524e-01  2.2212e-01
  1799.60      5.5568  2.4242e-01  2.5259e-01  1.7373e-01  1.9605e-01  2.2303e-01
  1798.10      5.5614  2.4343e-01  2.5364e-01  1.7448e-01  1.9683e-01  2.2392e-01
  1796.60      5.5661  2.4446e-01  2.5471e-01  1.7522e-01  1.9759e-01  2.2478e-01
  1795.10      5.5707  2.4551e-01  2.5585e-01  1.7598e-01  1.9835e-01  2.2564e-01
  1793.60      5.5754  2.4657e-01  2.5701e-01  1.7678e-01  1.9906e-01  2.2646e-01
  1792.10      5.5801  2.4765e-01  2.5824e-01  1.7763e-01  1.9973e-01  2.2723e-01
  1790.60      5.5847  2.4874e-01  2.5950e-01  1.7851e-01  2.0038e-01  2.2797e-01
  1789.10      5.5894  2.4981e-01  2.6074e-01  1.7933e-01  2.0107e-01  2.2874e-01
  1787.60      5.5941  2.5082e-01  2.6188e-01  1.8005e-01  2.0181e-01  2.2956e-01
  1786.10      5.5988  2.5180e-01  2.6294e-01  1.8066e-01  2.0262e-01  2.3046e-01
  1784.59      5.6035  2.5274e-01  2.6393e-01  1.8120e-01  2.0349e-01  2.3142e-01
  1783.09      5.6082  2.5365e-01  2.6484e-01  1.8170e-01  2.0438e-01  2.3240e-01
  1781.59      5.6129  2.5452e-01  2.6566e-01  1.8217e-01  2.0525e-01  2.3338e-01
  1780.09      5.6177  2.5538e-01  2.6644e-01  1.8265e-01  2.0614e-01  2.3435e-01
  1778.59      5.6224  2.5623e-01  2.6719e-01  1.8315e-01  2.0699e-01  2.3530e-01
  1777.09      5.6272  2.5707e-01  2.6793e-01  1.8364e-01  2.0783e-01  2.3622e-01
  1775.59      5.6319  2.5792e-01  2.6868e-01  1.8419e-01  2.0863e-01  2.3710e-01
  1774.09      5.6367  2.5879e-01  2.6950e-01  1.8479e-01  2.0935e-01  2.3792e-01
  1772.59      5.6414  2.5971e-01  2.7047e-01  1.8550e-01  2.0998e-01  2.3862e-01
  1771.09      5.6462  2.6066e-01  2.7156e-01  1.8631e-01  2.1053e-01  2.3923e-01
  1769.59      5.6510  2.6164e-01  2.7272e-01  1.8714e-01  2.1104e-01  2.3980e-01
  1768.09      5.6558  2.6260e-01  2.7391e-01  1.8794e-01  2.1156e-01  2.4037e-01
  1766.59      5.6606  2.6353e-01  2.7504e-01  1.8866e-01  2.1211e-01  2.4097e-01
  1765.09      5.6654  2.6440e-01  2.7605e-01  1.8932e-01  2.1271e-01  2.4161e-01
  1763.59      5.6702  2.6521e-01  2.7692e-01  1.8986e-01  2.1335e-01  2.4230e-01
  1762.09      5.6751  2.6598e-01  2.7769e-01  1.9034e-01  2.1401e-01  2.4302e-01
  1760.59      5.6799  2.6673e-01  2.7841e-01  1.9076e-01  2.1469e-01  2.4376e-01
  1759.09      5.6847  2.6743e-01  2.7904e-01  1.9110e-01  2.1541e-01  2.4452e-01
  1757.59      5.6896  2.6810e-01  2.7958e-01  1.9137e-01  2.1614e-01  2.4531e-01
  1756.09      5.6945  2.6873e-01  2.8008e-01  1.9164e-01  2.1685e-01  2.4608e-01
  1754.59      5.6993  2.6934e-01  2.8056e-01  1.9189e-01  2.1752e-01  2.4681e-01
  1753.09      5.7042  2.6994e-01  2.8103e-01  1.9215e-01  2.1815e-01  2.4752e-01
  1751.59      5.7091  2.7054e-01  2.8157e-01  1.9246e-01  2.1871e-01  2.4814e-01
  1750.09      5.7140  2.7119e-01  2.8224e-01  1.9285e-01  2.1918e-01  2.4867e-01
  1748.59      5.7189  2.7186e-01  2.8304e-01  1.9328e-01  2.1958e-01  2.4913e-01
  1747.09      5.7238  2.7255e-01  2.8388e-01  1.9370e-01  2.1996e-01  2.4955e-01
  1745.59      5.7287  2.7322e-01  2.8469e-01  1.9406e-01  2.2033e-01  2.4996e-01
  1744.09      5.7336  2.7384e-01  2.8543e-01  1.9441e-01  2.2067e-01  2.5034e-01
  1742.59      5.7386  2.7438e-01  2.8601e-01  1.9476e-01  2.2095e-01  2.5064e-01
  1741.09      5.7435  2.7479e-01  2.8639e-01  1.9515e-01  2.2117e-01  2.5086e-01
  1739.59      5.7485  2.7516e-01  2.8665e-01  1.9557e-01  2.2132e-01  2.5098e-01
  1738.09      5.7534  2.7547e-01  2.8689e-01  1.9601e-01  2.2143e-01  2.5104e-01
  1736.59      5.7584  2.7578e-01  2.8718e-01  1.9639e-01  2.2151e-01  2.5105e-01
  1735.09      5.7634  2.7612e-01  2.8756e-01  1.9677e-01  2.2155e-01  2.5101e-01
  1733.59      5.7684  2.7652e-01  2.8813e-01  1.9720e-01  2.2152e-01  2.5088e-01
  1732.09      5.7734  2.7695e-01  2.8883e-01  1.9759e-01  2.2147e-01  2.5071e-01
  1730.59      5.7784  2.7736e-01  2.8948e-01  1.9786e-01  2.2149e-01  2.5060e-01
  1729.09      5.7834  2.7766e-01  2.8997e-01  1.9797e-01  2.2159e-01  2.5057e-01
  1727.59      5.7884  2.7783e-01  2.9020e-01  1.9792e-01  2.2176e-01  2.5062e-01
  1726.09      5.7934  2.7780e-01  2.9004e-01  1.9777e-01  2.2196e-01  2.5069e-01
  1724.59      5.7985  2.7758e-01  2.8950e-01  1.9756e-01  2.2216e-01  2.5077e-01
  1723.09      5.8035  2.7724e-01  2.8874e-01  1.9733e-01  2.2235e-01  2.5084e-01
  1721.59      5.8086  2.7684e-01  2.8794e-01  1.9705e-01  2.2253e-01  2.5090e-01
  1720.09      5.8136  2.7646e-01  2.8724e-01  1.9674e-01  2.2270e-01  2.5094e-01
  1718.59      5.8187  2.7616e-01  2.8679e-01  1.9649e-01  2.2278e-01  2.5089e-01
  1717.09      5.8238  2.7597e-01  2.8667e-01  1.9636e-01  2.2273e-01  2.5068e-01
  1715.59      5.8289  2.7583e-01  2.8676e-01  1.9631e-01  2.2258e-01  2.5036e-01
  1714.09      5.8340  2.7567e-01  2.8687e-01  1.9625e-01  2.2241e-01  2.5001e-01
  1712.59      5.8391  2.7539e-01  2.8679e-01  1.9609e-01  2.2229e-01  2.4971e-01
  1711.09      5.8442  2.7496e-01  2.8642e-01  1.9580e-01  2.2221e-01  2.4946e-01
  1709.59      5.8494  2.7435e-01  2.8567e-01  1.9544e-01  2.2216e-01  2.4922e-01
  1708.09      5.8545  2.7355e-01  2.8456e-01  1.9505e-01  2.2207e-01  2.4894e-01
  1706.59      5.8596  2.7264e-01  2.8324e-01  1.9471e-01  2.2192e-01  2.4860e-01
  1705.09      5.8648  2.7173e-01  2.8193e-01  1.9444e-01  2.2168e-01  2.4816e-01
  1703.59      5.8700  2.7086e-01  2.8074e-01  1.9423e-01  2.2137e-01  2.4766e-01
  1702.09      5.8751  2.7005e-01  2.7977e-01  1.9406e-01  2.2099e-01  2.4705e-01
  1700.59      5.8803  2.6936e-01  2.7913e-01  1.9405e-01  2.2047e-01  2.4630e-01
  1699.09      5.8855  2.6879e-01  2.7881e-01  1.9418e-01  2.1981e-01  2.4539e-01
  1697.59      5.8907  2.6827e-01  2.7864e-01  1.9438e-01  2.1911e-01  2.4443e-01
  1696.09      5.8959  2.6769e-01  2.7841e-01  1.9456e-01  2.1844e-01  2.4348e-01
  1694.59      5.9011  2.6704e-01  2.7803e-01  1.9472e-01  2.1778e-01  2.4254e-01
  1693.09      5.9064  2.6622e-01  2.7729e-01  1.9480e-01  2.1720e-01  2.4167e-01
  1691.59      5.9116  2.6519e-01  2.7607e-01  1.9478e-01  2.1672e-01  2.4088e-01
  1690.09      5.9169  2.6401e-01  2.7453e-01  1.9470e-01  2.1630e-01  2.4017e-01
  1688.59      5.9221  2.6277e-01  2.7291e-01  1.9458e-01  2.1596e-01  2.3954e-01
  1687.09      5.9274  2.6155e-01  2.7137e-01  1.9443e-01  2.1568e-01  2.3898e-01
  1685.59      5.9326  2.6041e-01  2.7004e-01  1.9432e-01  2.1541e-01  2.3841e-01
  1684.09      5.9379  2.5940e-01  2.6904e-01  1.9434e-01  2.1506e-01  2.3773e-01
  1682.59      5.9432  2.5850e-01  2.6834e-01  1.9448e-01  2.1466e-01  2.3702e-01
  1681.09      5.9485  2.5762e-01  2.6769e-01  1.9464e-01  2.1429e-01  2.3634e-01
  1679.59      5.9538  2.5668e-01  2.6691e-01  1.9480e-01  2.1397e-01  2.3568e-01
  1678.09      5.9592  2.5565e-01  2.6591e-01  1.9499e-01  2.1366e-01  2.3503e-01
  1676.59      5.9645  2.5453e-01  2.6472e-01  1.9519e-01  2.1336e-01  2.3439e-01
  1675.09      5.9698  2.5336e-01  2.6342e-01  1.9541e-01  2.1307e-01  2.3374e-01
  1673.59      5.9752  2.5221e-01  2.6215e-01  1.9565e-01  2.1279e-01  2.3309e-01
  1672.09      5.9806  2.5110e-01  2.6095e-01  1.9586e-01  2.1257e-01  2.3249e-01
  1670.59      5.9859  2.5004e-01  2.5986e-01  1.9604e-01  2.1241e-01  2.3195e-01
  1669.09      5.9913  2.4905e-01  2.5890e-01  1.9618e-01  2.1229e-01  2.3143e-01
  1667.59      5.9967  2.4808e-01  2.5798e-01  1.9624e-01  2.1225e-01  2.3098e-01
  1666.09      6.0021  2.4706e-01  2.5696e-01  1.9616e-01  2.1234e-01  2.3069e-01
  1664.59      6.0075  2.4598e-01  2.5573e-01  1.9594e-01  2.1253e-01  2.3049e-01
  1663.09      6.0129  2.4479e-01  2.5430e-01  1.9572e-01  2.1274e-01  2.3030e-01
  1661.59      6.0183  2.4354e-01  2.5265e-01  1.9550e-01  2.1294e-01  2.3011e-01
  1660.09      6.0238  2.4218e-01  2.5076e-01  1.9523e-01  2.1318e-01  2.2993e-01
  1658.59      6.0292  2.4079e-01  2.4880e-01  1.9492e-01  2.1342e-01  2.2977e-01
  1657.09      6.0347  2.3940e-01  2.4692e-01  1.9464e-01  2.1361e-01  2.2955e-01
  1655.59      6.0402  2.3810e-01  2.4521e-01  1.9453e-01  2.1364e-01  2.2916e-01
  1654.09      6.0456  2.3690e-01  2.4381e-01  1.9471e-01  2.1340e-01  2.2848e-01
  1652.59      6.0511  2.3589e-01  2.4287e-01  1.9521e-01  2.1287e-01  2.2747e-01
  1651.08      6.0566  2.3503e-01  2.4228e-01  1.9581e-01  2.1217e-01  2.2631e-01
  1649.58      6.0621  2.3423e-01  2.4181e-01  1.9632e-01  2.1147e-01  2.2516e-01
  1648.08      6.0676  2.3345e-01  2.4136e-01  1.9674e-01  2.1075e-01  2.2400e-01
  1646.58      6.0732  2.3264e-01  2.4087e-01  1.9718e-01  2.0992e-01  2.2273e-01
  1645.08      6.0787  2.3172e-01  2.4015e-01  1.9761e-01  2.0897e-01  2.2138e-01
  1643.58      6.0843  2.3060e-01  2.3902e-01  1.9787e-01  2.0800e-01  2.2003e-01
  1642.08      6.0898  2.2933e-01  2.3757e-01  1.9786e-01  2.0709e-01  2.1877e-01
  1640.58      6.0954  2.2796e-01  2.3600e-01  1.9753e-01  2.0626e-01  2.1763e-01
  1639.08      6.1010  2.2656e-01  2.3440e-01  1.9694e-01  2.0546e-01  2.1657e-01
  1637.58      6.1066  2.2515e-01  2.3284e-01  1.9624e-01  2.0455e-01  2.1544e-01
  1636.08      6.1122  2.2378e-01  2.3143e-01  1.9550e-01  2.0348e-01  2.1417e-01
  1634.58      6.1178  2.2248e-01  2.3020e-01  1.9470e-01  2.0226e-01  2.1280e-01
  1633.08      6.1234  2.2117e-01  2.2901e-01  1.9372e-01  2.0098e-01  2.1141e-01
  1631.58      6.1290  2.1977e-01  2.2767e-01  1.9251e-01  1.9969e-01  2.1006e-01
  1630.08      6.1347  2.1827e-01  2.2612e-01  1.9111e-01  1.9835e-01  2.0872e-01
  1628.58      6.1403  2.1668e-01  2.2444e-01  1.8959e-01  1.9692e-01  2.0731e-01
  1627.08      6.1460  2.1502e-01  2.2264e-01  1.8800e-01  1.9536e-01  2.0584e-01
  1625.58      6.1516  2.1331e-01  2.2076e-01  1.8636e-01  1.9368e-01  2.0428e-01
  1624.08      6.1573  2.1159e-01  2.1890e-01  1.8463e-01  1.9192e-01  2.0266e-01
  1622.58      6.1630  2.0990e-01  2.1715e-01  1.8282e-01  1.9010e-01  2.0103e-01
  1621.08      6.1687  2.0823e-01  2.1551e-01  1.8092e-01  1.8824e-01  1.9938e-01
  1619.58      6.1744  2.0658e-01  2.1390e-01  1.7897e-01  1.8632e-01  1.9769e-01
  1618.08      6.1802  2.0491e-01  2.1230e-01  1.7705e-01  1.8430e-01  1.9593e-01
  1616.58      6.1859  2.0326e-01  2.1076e-01  1.7519e-01  1.8219e-01  1.9407e-01
  1615.08      6.1916  2.0163e-01  2.0928e-01  1.7335e-01  1.8005e-01  1.9219e-01
  1613.58      6.1974  2.0001e-01  2.0776e-01  1.7145e-01  1.7796e-01  1.9036e-01
  1612.08      6.2032  1.9836e-01  2.0617e-01  1.6948e-01  1.7596e-01  1.8863e-01
  1610.58      6.2089  1.9671e-01  2.0453e-01  1.6743e-01  1.7405e-01  1.8698e-01
  1609.08      6.2147  1.9509e-01  2.0287e-01  1.6537e-01  1.7220e-01  1.8540e-01
  1607.58      6.2205  1.9346e-01  2.0120e-01  1.6332e-01  1.7042e-01  1.8388e-01
  1606.08      6.2263  1.9185e-01  1.9950e-01  1.6128e-01  1.6872e-01  1.8241e-01
  1604.58      6.2322  1.9027e-01  1.9786e-01  1.5924e-01  1.6711e-01  1.8104e-01
  1603.08      6.2380  1.8874e-01  1.9626e-01  1.5722e-01  1.6560e-01  1.7976e-01
  1601.58      6.2438  1.8725e-01  1.9470e-01  1.5521e-01  1.6417e-01  1.7854e-01
  1600.08      6.2497  1.8579e-01  1.9317e-01  1.5328e-01  1.6280e-01  1.7736e-01
  1598.58      6.2555  1.8438e-01  1.9167e-01  1.5142e-01  1.6148e-01  1.7623e-01
  1597.08      6.2614  1.8302e-01  1.9023e-01  1.4962e-01  1.6021e-01  1.7515e-01
  1595.58      6.2673  1.8171e-01  1.8885e-01  1.4789e-01  1.5902e-01  1.7412e-01
  1594.08      6.2732  1.8046e-01  1.8754e-01  1.4622e-01  1.5789e-01  1.7315e-01
  1592.58      6.2791  1.7927e-01  1.8629e-01  1.4459e-01  1.5685e-01  1.7225e-01
  1591.08      6.2850  1.7813e-01  1.8508e-01  1.4299e-01  1.5589e-01  1.7144e-01
  1589.58      6.2910  1.7703e-01  1.8390e-01  1.4138e-01  1.5505e-01  1.7073e-01
  1588.08      6.2969  1.7596e-01  1.8272e-01  1.3979e-01  1.5429e-01  1.7010e-01
  1586.58      6.3029  1.7490e-01  1.8151e-01  1.3825e-01  1.5359e-01  1.6952e-01
  1585.08      6.3088  1.7387e-01  1.8025e-01  1.3677e-01  1.5294e-01  1.6898e-01
  1583.58      6.3148  1.7285e-01  1.7898e-01  1.3535e-01  1.5234e-01  1.6849e-01
  1582.08      6.3208  1.7187e-01  1.7774e-01  1.3397e-01  1.5180e-01  1.6804e-01
  1580.58      6.3268  1.7094e-01  1.7660e-01  1.3266e-01  1.5129e-01  1.6762e-01
  1579.08      6.3328  1.7010e-01  1.7558e-01  1.3147e-01  1.5076e-01  1.6719e-01
  1577.58      6.3388  1.6931e-01  1.7468e-01  1.3042e-01  1.5019e-01  1.6670e-01
  1576.08      6.3449  1.6862e-01  1.7398e-01  1.2952e-01  1.4959e-01  1.6616e-01
  1574.58      6.3509  1.6803e-01  1.7342e-01  1.2870e-01  1.4903e-01  1.6565e-01
  1573.08      6.3570  1.6752e-01  1.7293e-01  1.2784e-01  1.4858e-01  1.6528e-01
  1571.58      6.3630  1.6701e-01  1.7243e-01  1.2691e-01  1.4827e-01  1.6503e-01
  1570.08      6.3691  1.6654e-01  1.7192e-01  1.2603e-01  1.4796e-01  1.6479e-01
  1568.58      6.3752  1.6608e-01  1.7136e-01  1.2528e-01  1.4762e-01  1.6452e-01
  1567.08      6.3813  1.6556e-01  1.7063e-01  1.2466e-01  1.4725e-01  1.6421e-01
  1565.58      6.3874  1.6499e-01  1.6976e-01  1.2412e-01  1.4688e-01  1.6388e-01
  1564.08      6.3935  1.6446e-01  1.6896e-01  1.2366e-01  1.4649e-01  1.6355e-01
  1562.58      6.3997  1.6400e-01  1.6836e-01  1.2329e-01  1.4606e-01  1.6317e-01
  1561.08      6.4058  1.6365e-01  1.6799e-01  1.2313e-01  1.4551e-01  1.6267e-01
  1559.58      6.4120  1.6345e-01  1.6801e-01  1.2325e-01  1.4478e-01  1.6196e-01
  1558.08      6.4182  1.6345e-01  1.6848e-01  1.2362e-01  1.4390e-01  1.6110e-01
  1556.58      6.4243  1.6358e-01  1.6915e-01  1.2398e-01  1.4309e-01  1.6031e-01
  1555.08      6.4305  1.6372e-01  1.6977e-01  1.2417e-01  1.4247e-01  1.5971e-01
  1553.58      6.4368  1.6380e-01  1.7018e-01  1.2418e-01  1.4203e-01  1.5928e-01
  1552.08      6.4430  1.6379e-01  1.7029e-01  1.2405e-01  1.4174e-01  1.5902e-01
  1550.58      6.4492  1.6365e-01  1.7003e-01  1.2389e-01  1.4151e-01  1.5885e-01
  1549.08      6.4555  1.6342e-01  1.6947e-01  1.2372e-01  1.4133e-01  1.5874e-01
  1547.58      6.4617  1.6314e-01  1.6882e-01  1.2350e-01  1.4124e-01  1.5870e-01
  1546.08      6.4680  1.6291e-01  1.6826e-01  1.2323e-01  1.4121e-01  1.5875e-01
  1544.58      6.4743  1.6278e-01  1.6799e-01  1.2300e-01  1.4117e-01  1.5879e-01
  1543.08      6.4806  1.6279e-01  1.6806e-01  1.2299e-01  1.4100e-01  1.5869e-01
  1541.58      6.4869  1.6292e-01  1.6843e-01  1.2325e-01  1.4064e-01  1.5840e-01
  1540.08      6.4932  1.6314e-01  1.6905e-01  1.2371e-01  1.4013e-01  1.5794e-01
  1538.58      6.4995  1.6345e-01  1.6983e-01  1.2427e-01  1.3960e-01  1.5744e-01
  1537.08      6.5059  1.6376e-01  1.7055e-01  1.2474e-01  1.3917e-01  1.5703e-01
  1535.58      6.5122  1.6401e-01  1.7106e-01  1.2505e-01  1.3887e-01  1.5677e-01
  1534.08      6.5186  1.6418e-01  1.7135e-01  1.2527e-01  1.3868e-01  1.5661e-01
  1532.58      6.5250  1.6430e-01  1.7148e-01  1.2541e-01  1.3858e-01  1.5654e-01
  1531.08      6.5314  1.6438e-01  1.7145e-01  1.2544e-01  1.3859e-01  1.5659e-01
  1529.58      6.5378  1.6441e-01  1.7129e-01  1.2535e-01  1.3872e-01  1.5676e-01
  1528.08      6.5442  1.6443e-01  1.7112e-01  1.2519e-01  1.3892e-01  1.5702e-01
  1526.58      6.5506  1.6452e-01  1.7107e-01  1.2507e-01  1.3915e-01  1.5731e-01
  1525.08      6.5571  1.6466e-01  1.7116e-01  1.2503e-01  1.3933e-01  1.5755e-01
  1523.58      6.5635  1.6487e-01  1.7138e-01  1.2515e-01  1.3941e-01  1.5769e-01
  1522.08      6.5700  1.6516e-01  1.7180e-01  1.2538e-01  1.3943e-01  1.5777e-01
  1520.58      6.5765  1.6554e-01  1.7243e-01  1.2568e-01  1.3942e-01  1.5780e-01
  1519.08      6.5830  1.6599e-01  1.7313e-01  1.2600e-01  1.3942e-01  1.5788e-01
  1517.58      6.5895  1.6643e-01  1.7376e-01  1.2638e-01  1.3942e-01  1.5792e-01
  1516.07      6.5960  1.6683e-01  1.7426e-01  1.2687e-01  1.3937e-01  1.5793e-01
  1514.57      6.6025  1.6719e-01  1.7459e-01  1.2740e-01  1.3932e-01  1.5792e-01
  1513.07      6.6091  1.6750e-01  1.7481e-01  1.2791e-01  1.3931e-01  1.5796e-01
  1511.57      6.6156  1.6780e-01  1.7505e-01  1.2839e-01  1.3934e-01  1.5803e-01
  1510.07      6.6222  1.6816e-01  1.7546e-01  1.2889e-01  1.3938e-01  1.5811e-01
  1508.57      6.6288  1.6861e-01  1.7610e-01  1.2946e-01  1.3937e-01  1.5814e-01
  1507.07      6.6354  1.6916e-01  1.7702e-01  1.3017e-01  1.3925e-01  1.5806e-01
  1505.57      6.6420  1.6977e-01  1.7810e-01  1.3095e-01  1.3906e-01  1.5790e-01
  1504.07      6.6486  1.7036e-01  1.7915e-01  1.3163e-01  1.3893e-01  1.5778e-01
  1502.57      6.6552  1.7088e-01  1.7998e-01  1.3212e-01  1.3892e-01  1.5780e-01
  1501.07      6.6619  1.7129e-01  1.8058e-01  1.3246e-01  1.3897e-01  1.5789e-01
  1499.57      6.6686  1.7160e-01  1.8094e-01  1.3276e-01  1.3905e-01  1.5801e-01
  1498.07      6.6752  1.7183e-01  1.8106e-01  1.3307e-01  1.3911e-01  1.5811e-01
  1496.57      6.6819  1.7201e-01  1.8110e-01  1.3339e-01  1.3918e-01  1.5822e-01
  1495.07      6.6886  1.7224e-01  1.8117e-01  1.3364e-01  1.3933e-01  1.5838e-01
  1493.57      6.6954  1.7251e-01  1.8134e-01  1.3378e-01  1.3958e-01  1.5866e-01
  1492.07      6.7021  1.7286e-01  1.8164e-01  1.3389e-01  1.3990e-01  1.5900e-01
  1490.57      6.7088  1.7329e-01  1.8210e-01  1.3408e-01  1.4021e-01  1.5931e-01
  1489.07      6.7156  1.7378e-01  1.8274e-01  1.3438e-01  1.4048e-01  1.5957e-01
  1487.57      6.7224  1.7431e-01  1.8343e-01  1.3470e-01  1.4079e-01  1.5987e-01
  1486.07      6.7291  1.7481e-01  1.8408e-01  1.3493e-01  1.4118e-01  1.6023e-01
  1484.57      6.7359  1.7525e-01  1.8459e-01  1.3506e-01  1.4166e-01  1.6069e-01
  1483.07      6.7428  1.7563e-01  1.8491e-01  1.3512e-01  1.4218e-01  1.6121e-01
  1481.57      6.7496  1.7592e-01  1.8504e-01  1.3518e-01  1.4269e-01  1.6172e-01
  1480.07      6.7564  1.7616e-01  1.8503e-01  1.3527e-01  1.4319e-01  1.6222e-01
  1478.57      6.7633  1.7640e-01  1.8503e-01  1.3538e-01  1.4367e-01  1.6270e-01
  1477.07      6.7702  1.7670e-01  1.8516e-01  1.3549e-01  1.4411e-01  1.6317e-01
  1475.57      6.7770  1.7707e-01  1.8550e-01  1.3564e-01  1.4450e-01  1.6359e-01
  1474.07      6.7839  1.7753e-01  1.8605e-01  1.3590e-01  1.4481e-01  1.6393e-01
  1472.57      6.7908  1.7805e-01  1.8674e-01  1.3625e-01  1.4504e-01  1.6418e-01
  1471.07      6.7978  1.7859e-01  1.8752e-01  1.3660e-01  1.4527e-01  1.6441e-01
  1469.57      6.8047  1.7912e-01  1.8825e-01  1.3687e-01  1.4554e-01  1.6470e-01
  1468.07      6.8117  1.7959e-01  1.8881e-01  1.3709e-01  1.4584e-01  1.6502e-01
  1466.57      6.8186  1.7997e-01  1.8916e-01  1.3729e-01  1.4613e-01  1.6534e-01
  1465.07      6.8256  1.8029e-01  1.8932e-01  1.3756e-01  1.4639e-01  1.6560e-01
  1463.57      6.8326  1.8058e-01  1.8941e-01  1.3788e-01  1.4664e-01  1.6583e-01
  1462.07      6.8396  1.8088e-01  1.8952e-01  1.3820e-01  1.4691e-01  1.6608e-01
  1460.57      6.8466  1.8124e-01  1.8976e-01  1.3853e-01  1.4720e-01  1.6636e-01
  1459.07      6.8537  1.8169e-01  1.9024e-01  1.3895e-01  1.4745e-01  1.6659e-01
  1457.57      6.8607  1.8225e-01  1.9098e-01  1.3954e-01  1.4760e-01  1.6672e-01
  1456.07      6.8678  1.8290e-01  1.9194e-01  1.4033e-01  1.4767e-01  1.6674e-01
  1454.57      6.8749  1.8360e-01  1.9297e-01  1.4118e-01  1.4774e-01  1.6676e-01
  1453.07      6.8820  1.8429e-01  1.9395e-01  1.4196e-01  1.4788e-01  1.6685e-01
  1451.57      6.8891  1.8494e-01  1.9482e-01  1.4262e-01  1.4813e-01  1.6705e-01
  1450.07      6.8962  1.8557e-01  1.9554e-01  1.4318e-01  1.4845e-01  1.6735e-01
  1448.57      6.9034  1.8613e-01  1.9610e-01  1.4366e-01  1.4883e-01  1.6771e-01
  1447.07      6.9105  1.8665e-01  1.9655e-01  1.4408e-01  1.4926e-01  1.6812e-01
  1445.57      6.9177  1.8714e-01  1.9693e-01  1.4441e-01  1.4975e-01  1.6859e-01
  1444.07      6.9249  1.8759e-01  1.9722e-01  1.4463e-01  1.5032e-01  1.6917e-01
  1442.57      6.9321  1.8801e-01  1.9748e-01  1.4476e-01  1.5095e-01  1.6980e-01
  1441.07      6.9393  1.8843e-01  1.9776e-01  1.4489e-01  1.5158e-01  1.7045e-01
  1439.57      6.9465  1.8886e-01  1.9806e-01  1.4507e-01  1.5217e-01  1.7106e-01
  1438.07      6.9538  1.8934e-01  1.9843e-01  1.4536e-01  1.5271e-01  1.7160e-01
  1436.57      6.9610  1.8989e-01  1.9895e-01  1.4574e-01  1.5319e-01  1.7209e-01
  1435.07      6.9683  1.9052e-01  1.9961e-01  1.4617e-01  1.5365e-01  1.7254e-01
  1433.57      6.9756  1.9119e-01  2.0032e-01  1.4661e-01  1.5414e-01  1.7303e-01
  1432.07      6.9829  1.9186e-01  2.0102e-01  1.4702e-01  1.5466e-01  1.7355e-01
  1430.57      6.9902  1.9250e-01  2.0167e-01  1.4744e-01  1.5519e-01  1.7407e-01
  1429.07      6.9976  1.9312e-01  2.0228e-01  1.4788e-01  1.5570e-01  1.7459e-01
  1427.57      7.0049  1.9370e-01  2.0278e-01  1.4837e-01  1.5622e-01  1.7508e-01
  1426.07      7.0123  1.9424e-01  2.0321e-01  1.4887e-01  1.5675e-01  1.7558e-01
  1424.57      7.0197  1.9479e-01  2.0364e-01  1.4939e-01  1.5728e-01  1.7610e-01
  1423.07      7.0271  1.9537e-01  2.0418e-01  1.4992e-01  1.5783e-01  1.7660e-01
  1421.57      7.0345  1.9601e-01  2.0484e-01  1.5049e-01  1.5835e-01  1.7709e-01
  1420.07      7.0419  1.9671e-01  2.0561e-01  1.5114e-01  1.5884e-01  1.7754e-01
  1418.57      7.0494  1.9747e-01  2.0656e-01  1.5186e-01  1.5929e-01  1.7793e-01
  1417.07      7.0568  1.9828e-01  2.0762e-01  1.5263e-01  1.5974e-01  1.7831e-01
  1415.57      7.0643  1.9910e-01  2.0867e-01  1.5337e-01  1.6023e-01  1.7872e-01
  1414.07      7.0718  1.9989e-01  2.0963e-01  1.5405e-01  1.6074e-01  1.7917e-01
  1412.57      7.0793  2.0065e-01  2.1045e-01  1.5466e-01  1.6130e-01  1.7967e-01
  1411.07      7.0868  2.0136e-01  2.1114e-01  1.5520e-01  1.6190e-01  1.8022e-01
  1409.57      7.0944  2.0203e-01  2.1172e-01  1.5568e-01  1.6255e-01  1.8081e-01
  1408.07      7.1019  2.0268e-01  2.1221e-01  1.5612e-01  1.6323e-01  1.8145e-01
  1406.57      7.1095  2.0330e-01  2.1268e-01  1.5652e-01  1.6395e-01  1.8212e-01
  1405.07      7.1171  2.0394e-01  2.1316e-01  1.5693e-01  1.6468e-01  1.8280e-01
  1403.57      7.1247  2.0459e-01  2.1369e-01  1.5737e-01  1.6539e-01  1.8348e-01
  1402.07      7.1323  2.0526e-01  2.1426e-01  1.5787e-01  1.6610e-01  1.8414e-01
  1400.57      7.1400  2.0596e-01  2.1490e-01  1.5844e-01  1.6679e-01  1.8477e-01
  1399.07      7.1476  2.0672e-01  2.1564e-01  1.5909e-01  1.6746e-01  1.8537e-01
  1397.57      7.1553  2.0754e-01  2.1651e-01  1.5984e-01  1.6809e-01  1.8593e-01
  1396.07      7.1630  2.0842e-01  2.1746e-01  1.6068e-01  1.6870e-01  1.8645e-01
  1394.57      7.1707  2.0933e-01  2.1846e-01  1.6158e-01  1.6928e-01  1.8695e-01
  1393.07      7.1784  2.1027e-01  2.1951e-01  1.6251e-01  1.6986e-01  1.8744e-01
  1391.57      7.1862  2.1122e-01  2.2054e-01  1.6340e-01  1.7048e-01  1.8797e-01
  1390.07      7.1939  2.1216e-01  2.2153e-01  1.6426e-01  1.7113e-01  1.8853e-01
  1388.57      7.2017  2.1311e-01  2.2249e-01  1.6509e-01  1.7179e-01  1.8912e-01
  1387.07      7.2095  2.1406e-01  2.2347e-01  1.6591e-01  1.7249e-01  1.8971e-01
  1385.57      7.2173  2.1504e-01  2.2445e-01  1.6670e-01  1.7322e-01  1.9034e-01
  1384.07      7.2251  2.1602e-01  2.2542e-01  1.6744e-01  1.7398e-01  1.9103e-01
  1382.56      7.2329  2.1700e-01  2.2635e-01  1.6816e-01  1.7478e-01  1.9174e-01
  1381.06      7.2408  2.1797e-01  2.2727e-01  1.6886e-01  1.7562e-01  1.9249e-01
  1379.56      7.2487  2.1896e-01  2.2821e-01  1.6957e-01  1.7646e-01  1.9326e-01
  1378.06      7.2566  2.1997e-01  2.2916e-01  1.7032e-01  1.7732e-01  1.9403e-01
  1376.56      7.2645  2.2103e-01  2.3014e-01  1.7111e-01  1.7818e-01  1.9479e-01
  1375.06      7.2724  2.2213e-01  2.3123e-01  1.7191e-01  1.7904e-01  1.9556e-01
  1373.56      7.2803  2.2330e-01  2.3239e-01  1.7277e-01  1.7991e-01  1.9634e-01
  1372.06      7.2883  2.2453e-01  2.3362e-01  1.7367e-01  1.8077e-01  1.9710e-01
  1370.56      7.2963  2.2576e-01  2.3485e-01  1.7460e-01  1.8165e-01  1.9787e-01
  1369.06      7.3043  2.2701e-01  2.3607e-01  1.7556e-01  1.8253e-01  1.9863e-01
  1367.56      7.3123  2.2826e-01  2.3731e-01  1.7656e-01  1.8344e-01  1.9941e-01
  1366.06      7.3203  2.2954e-01  2.3859e-01  1.7757e-01  1.8435e-01  2.0018e-01
  1364.56      7.3284  2.3085e-01  2.3992e-01  1.7862e-01  1.8527e-01  2.0097e-01
  1363.06      7.3364  2.3222e-01  2.4135e-01  1.7970e-01  1.8619e-01  2.0175e-01
  1361.56      7.3445  2.3366e-01  2.4290e-01  1.8083e-01  1.8711e-01  2.0254e-01
  1360.06      7.3526  2.3516e-01  2.4453e-01  1.8198e-01  1.8805e-01  2.0334e-01
  1358.56      7.3607  2.3671e-01  2.4617e-01  1.8311e-01  1.8902e-01  2.0417e-01
  1357.06      7.3689  2.3828e-01  2.4780e-01  1.8424e-01  1.9000e-01  2.0503e-01
  1355.56      7.3770  2.3987e-01  2.4941e-01  1.8535e-01  1.9100e-01  2.0590e-01
  1354.06      7.3852  2.4146e-01  2.5098e-01  1.8644e-01  1.9200e-01  2.0679e-01
  1352.56      7.3934  2.4307e-01  2.5254e-01  1.8750e-01  1.9304e-01  2.0770e-01
  1351.06      7.4016  2.4468e-01  2.5408e-01  1.8854e-01  1.9410e-01  2.0864e-01
  1349.56      7.4098  2.4629e-01  2.5560e-01  1.8955e-01  1.9518e-01  2.0959e-01
  1348.06      7.4181  2.4792e-01  2.5713e-01  1.9055e-01  1.9628e-01  2.1055e-01
  1346.56      7.4263  2.4955e-01  2.5862e-01  1.9157e-01  1.9737e-01  2.1151e-01
  1345.06      7.4346  2.5120e-01  2.6012e-01  1.9260e-01  1.9848e-01  2.1247e-01
  1343.56      7.4429  2.5287e-01  2.6166e-01  1.9367e-01  1.9957e-01  2.1340e-01
  1342.06      7.4512  2.5459e-01  2.6326e-01  1.9477e-01  2.0066e-01  2.1432e-01
  1340.56      7.4596  2.5635e-01  2.6496e-01  1.9593e-01  2.0174e-01  2.1522e-01
  1339.06      7.4679  2.5818e-01  2.6679e-01  1.9715e-01  2.0282e-01  2.1608e-01
  1337.56      7.4763  2.6005e-01  2.6870e-01  1.9843e-01  2.0386e-01  2.1693e-01
  1336.06      7.4847  2.6195e-01  2.7067e-01  1.9970e-01  2.0491e-01  2.1777e-01
  1334.56      7.4931  2.6384e-01  2.7261e-01  2.0097e-01  2.0595e-01  2.1860e-01
  1333.06      7.5015  2.6571e-01  2.7451e-01  2.0222e-01  2.0700e-01  2.1943e-01
  1331.56      7.5100  2.6754e-01  2.7634e-01  2.0343e-01  2.0805e-01  2.2026e-01
  1330.06      7.5185  2.6932e-01  2.7809e-01  2.0462e-01  2.0909e-01  2.2108e-01
  1328.56      7.5269  2.7106e-01  2.7975e-01  2.0577e-01  2.1012e-01  2.2191e-01
  1327.06      7.5354  2.7277e-01  2.8137e-01  2.0689e-01  2.1115e-01  2.2273e-01
  1325.56      7.5440  2.7445e-01  2.8294e-01  2.0797e-01  2.1216e-01  2.2356e-01
  1324.06      7.5525  2.7608e-01  2.8448e-01  2.0900e-01  2.1316e-01  2.2437e-01
  1322.56      7.5611  2.7768e-01  2.8599e-01  2.1003e-01  2.1414e-01  2.2516e-01
  1321.06      7.5697  2.7925e-01  2.8749e-01  2.1107e-01  2.1509e-01  2.2592e-01
  1319.56      7.5783  2.8078e-01  2.8897e-01  2.1211e-01  2.1601e-01  2.2667e-01
  1318.06      7.5869  2.8228e-01  2.9044e-01  2.1315e-01  2.1690e-01  2.2739e-01
  1316.56      7.5956  2.8376e-01  2.9191e-01  2.1420e-01  2.1776e-01  2.2809e-01
  1315.06      7.6042  2.8520e-01  2.9334e-01  2.1524e-01  2.1860e-01  2.2877e-01
  1313.56      7.6129  2.8660e-01  2.9473e-01  2.1628e-01  2.1944e-01  2.2943e-01
  1312.06      7.6216  2.8797e-01  2.9608e-01  2.1731e-01  2.2025e-01  2.3008e-01
  1310.56      7.6303  2.8928e-01  2.9737e-01  2.1832e-01  2.2106e-01  2.3073e-01
  1309.06      7.6391  2.9054e-01  2.9857e-01  2.1931e-01  2.2186e-01  2.3137e-01
  1307.56      7.6478  2.9176e-01  2.9971e-01  2.2029e-01  2.2266e-01  2.3201e-01
  1306.06      7.6566  2.9292e-01  3.0078e-01  2.2125e-01  2.2345e-01  2.3265e-01
  1304.56      7.6654  2.9404e-01  3.0180e-01  2.2219e-01  2.2425e-01  2.3329e-01
  1303.06      7.6742  2.9512e-01  3.0277e-01  2.2312e-01  2.2506e-01  2.3395e-01
  1301.56      7.6831  2.9616e-01  3.0372e-01  2.2404e-01  2.2586e-01  2.3461e-01
  1300.06      7.6920  2.9719e-01  3.0464e-01  2.2496e-01  2.2668e-01  2.3528e-01
  1298.56      7.7008  2.9820e-01  3.0555e-01  2.2589e-01  2.2749e-01  2.3598e-01
  1297.06      7.7098  2.9920e-01  3.0646e-01  2.2683e-01  2.2833e-01  2.3669e-01
  1295.56      7.7187  3.0021e-01  3.0737e-01  2.2778e-01  2.2918e-01  2.3742e-01
  1294.06      7.7276  3.0123e-01  3.0830e-01  2.2877e-01  2.3004e-01  2.3816e-01
  1292.56      7.7366  3.0227e-01  3.0925e-01  2.2980e-01  2.3094e-01  2.3894e-01
  1291.06      7.7456  3.0333e-01  3.1023e-01  2.3087e-01  2.3188e-01  2.3975e-01
  1289.56      7.7546  3.0443e-01  3.1125e-01  2.3200e-01  2.3286e-01  2.4058e-01
  1288.06      7.7636  3.0559e-01  3.1234e-01  2.3318e-01  2.3391e-01  2.4146e-01
  1286.56      7.7727  3.0682e-01  3.1349e-01  2.3444e-01  2.3502e-01  2.4238e-01
  1285.06      7.7818  3.0815e-01  3.1472e-01  2.3578e-01  2.3621e-01  2.4337e-01
  1283.56      7.7908  3.0958e-01  3.1605e-01  2.3721e-01  2.3749e-01  2.4442e-01
  1282.06      7.8000  3.1113e-01  3.1750e-01  2.3873e-01  2.3887e-01  2.4553e-01
  1280.56      7.8091  3.1279e-01  3.1905e-01  2.4037e-01  2.4036e-01  2.4673e-01
  1279.06      7.8183  3.1459e-01  3.2075e-01  2.4212e-01  2.4196e-01  2.4803e-01
  1277.56      7.8274  3.1653e-01  3.2259e-01  2.4400e-01  2.4369e-01  2.4941e-01
  1276.06      7.8366  3.1863e-01  3.2460e-01  2.4603e-01  2.4554e-01  2.5091e-01
  1274.56      7.8459  3.2091e-01  3.2679e-01  2.4820e-01  2.4754e-01  2.5252e-01
  1273.06      7.8551  3.2338e-01  3.2916e-01  2.5055e-01  2.4969e-01  2.5425e-01
  1271.56      7.8644  3.2606e-01  3.3175e-01  2.5308e-01  2.5201e-01  2.5611e-01
  1270.06      7.8737  3.2897e-01  3.3456e-01  2.5579e-01  2.5449e-01  2.5811e-01
  1268.56      7.8830  3.3211e-01  3.3761e-01  2.5870e-01  2.5715e-01  2.6024e-01
  1267.06      7.8923  3.3548e-01  3.4091e-01  2.6183e-01  2.6001e-01  2.6253e-01
  1265.56      7.9017  3.3912e-01  3.4447e-01  2.6516e-01  2.6307e-01  2.6498e-01
  1264.06      7.9110  3.4300e-01  3.4828e-01  2.6872e-01  2.6635e-01  2.6759e-01
  1262.56      7.9204  3.4715e-01  3.5238e-01  2.7250e-01  2.6985e-01  2.7039e-01
  1261.06      7.9299  3.5159e-01  3.5675e-01  2.7652e-01  2.7358e-01  2.7337e-01
  1259.56      7.9393  3.5630e-01  3.6140e-01  2.8077e-01  2.7755e-01  2.7653e-01
  1258.06      7.9488  3.6131e-01  3.6632e-01  2.8525e-01  2.8175e-01  2.7989e-01
  1256.56      7.9583  3.6660e-01  3.7151e-01  2.8998e-01  2.8619e-01  2.8344e-01
  1255.06      7.9678  3.7217e-01  3.7699e-01  2.9495e-01  2.9087e-01  2.8720e-01
  1253.56      7.9773  3.7803e-01  3.8272e-01  3.0015e-01  2.9579e-01  2.9117e-01
  1252.06      7.9869  3.8414e-01  3.8873e-01  3.0558e-01  3.0094e-01  2.9534e-01
  1250.56      7.9964  3.9050e-01  3.9500e-01  3.1123e-01  3.0630e-01  2.9971e-01
  1249.06      8.0061  3.9709e-01  4.0151e-01  3.1709e-01  3.1187e-01  3.0428e-01
  1247.55      8.0157  4.0390e-01  4.0826e-01  3.2313e-01  3.1765e-01  3.0904e-01
  1246.05      8.0253  4.1090e-01  4.1521e-01  3.2935e-01  3.2359e-01  3.1399e-01
  1244.55      8.0350  4.1806e-01  4.2234e-01  3.3571e-01  3.2971e-01  3.1910e-01
  1243.05      8.0447  4.2537e-01  4.2964e-01  3.4219e-01  3.3596e-01  3.2437e-01
  1241.55      8.0544  4.3280e-01  4.3707e-01  3.4877e-01  3.4232e-01  3.2978e-01
  1240.05      8.0642  4.4034e-01  4.4460e-01  3.5541e-01  3.4877e-01  3.3530e-01
  1238.55      8.0739  4.4792e-01  4.5223e-01  3.6209e-01  3.5529e-01  3.4092e-01
  1237.05      8.0837  4.5556e-01  4.5991e-01  3.6877e-01  3.6185e-01  3.4660e-01
  1235.55      8.0935  4.6321e-01  4.6763e-01  3.7544e-01  3.6841e-01  3.5233e-01
  1234.05      8.1034  4.7083e-01  4.7535e-01  3.8205e-01  3.7494e-01  3.5809e-01
  1232.55      8.1132  4.7842e-01  4.8305e-01  3.8858e-01  3.8143e-01  3.6384e-01
  1231.05      8.1231  4.8594e-01  4.9072e-01  3.9501e-01  3.8784e-01  3.6958e-01
  1229.55      8.1330  4.9337e-01  4.9831e-01  4.0130e-01  3.9416e-01  3.7528e-01
  1228.05      8.1430  5.0068e-01  5.0580e-01  4.0744e-01  4.0035e-01  3.8092e-01
  1226.55      8.1529  5.0787e-01  5.1319e-01  4.1341e-01  4.0640e-01  3.8650e-01
  1225.05      8.1629  5.1490e-01  5.2043e-01  4.1920e-01  4.1230e-01  3.9200e-01
  1223.55      8.1729  5.2177e-01  5.2750e-01  4.2478e-01  4.1801e-01  3.9738e-01
  1222.05      8.1830  5.2845e-01  5.3440e-01  4.3015e-01  4.2354e-01  4.0266e-01
  1220.55      8.1930  5.3493e-01  5.4109e-01  4.3530e-01  4.2890e-01  4.0783e-01
  1219.05      8.2031  5.4121e-01  5.4760e-01  4.4023e-01  4.3404e-01  4.1286e-01
  1217.55      8.2132  5.4729e-01  5.5390e-01  4.4494e-01  4.3898e-01  4.1776e-01
  1216.05      8.2233  5.5316e-01  5.6001e-01  4.4942e-01  4.4374e-01  4.2254e-01
  1214.55      8.2335  5.5883e-01  5.6594e-01  4.5370e-01  4.4830e-01  4.2719e-01
  1213.05      8.2437  5.6432e-01  5.7170e-01  4.5777e-01  4.5268e-01  4.3171e-01
  1211.55      8.2539  5.6964e-01  5.7731e-01  4.6166e-01  4.5689e-01  4.3612e-01
  1210.05      8.2641  5.7480e-01  5.8276e-01  4.6536e-01  4.6094e-01  4.4044e-01
  1208.55      8.2744  5.7980e-01  5.8808e-01  4.6889e-01  4.6484e-01  4.4468e-01
  1207.05      8.2846  5.8467e-01  5.9326e-01  4.7227e-01  4.6862e-01  4.4884e-01
  1205.55      8.2950  5.8943e-01  5.9831e-01  4.7550e-01  4.7227e-01  4.5295e-01
  1204.05      8.3053  5.9409e-01  6.0326e-01  4.7859e-01  4.7582e-01  4.5701e-01
  1202.55      8.3157  5.9866e-01  6.0811e-01  4.8156e-01  4.7927e-01  4.6104e-01
  1201.05      8.3260  6.0316e-01  6.1289e-01  4.8439e-01  4.8263e-01  4.6504e-01
  1199.55      8.3364  6.0760e-01  6.1761e-01  4.8711e-01  4.8591e-01  4.6903e-01
  1198.05      8.3469  6.1200e-01  6.2231e-01  4.8971e-01  4.8911e-01  4.7301e-01
  1196.55      8.3574  6.1635e-01  6.2699e-01  4.9219e-01  4.9222e-01  4.7698e-01
  1195.05      8.3678  6.2067e-01  6.3165e-01  4.9455e-01  4.9524e-01  4.8094e-01
  1193.55      8.3784  6.2497e-01  6.3631e-01  4.9678e-01  4.9817e-01  4.8490e-01
  1192.05      8.3889  6.2925e-01  6.4097e-01  4.9887e-01  5.0100e-01  4.8883e-01
  1190.55      8.3995  6.3351e-01  6.4562e-01  5.0081e-01  5.0372e-01  4.9275e-01
  1189.05      8.4101  6.3774e-01  6.5027e-01  5.0261e-01  5.0631e-01  4.9664e-01
  1187.55      8.4207  6.4194e-01  6.5490e-01  5.0423e-01  5.0876e-01  5.0049e-01
  1186.05      8.4313  6.4610e-01  6.5950e-01  5.0566e-01  5.1107e-01  5.0429e-01
  1184.55      8.4420  6.5020e-01  6.6407e-01  5.0691e-01  5.1319e-01  5.0802e-01
  1183.05      8.4527  6.5421e-01  6.6858e-01  5.0791e-01  5.1512e-01  5.1166e-01
  1181.55      8.4635  6.5811e-01  6.7300e-01  5.0868e-01  5.1683e-01  5.1519e-01
  1180.05      8.4742  6.6188e-01  6.7732e-01  5.0918e-01  5.1832e-01  5.1859e-01
  1178.55      8.4850  6.6548e-01  6.8148e-01  5.0940e-01  5.1955e-01  5.2183e-01
  1177.05      8.4958  6.6886e-01  6.8546e-01  5.0932e-01  5.2049e-01  5.2491e-01
  1175.55      8.5067  6.7201e-01  6.8922e-01  5.0893e-01  5.2113e-01  5.2778e-01
  1174.05      8.5175  6.7489e-01  6.9273e-01  5.0820e-01  5.2145e-01  5.3042e-01
  1172.55      8.5284  6.7744e-01  6.9593e-01  5.0714e-01  5.2144e-01  5.3282e-01
  1171.05      8.5394  6.7966e-01  6.9879e-01  5.0572e-01  5.2108e-01  5.3496e-01
  1169.55      8.5503  6.8149e-01  7.0129e-01  5.0396e-01  5.2038e-01  5.3684e-01
  1168.05      8.5613  6.8292e-01  7.0339e-01  5.0184e-01  5.1932e-01  5.3843e-01
  1166.55      8.5723  6.8392e-01  7.0507e-01  4.9938e-01  5.1791e-01  5.3973e-01
  1165.05      8.5833  6.8448e-01  7.0634e-01  4.9657e-01  5.1617e-01  5.4075e-01
  1163.55      8.5944  6.8459e-01  7.0714e-01  4.9344e-01  5.1408e-01  5.4149e-01
  1162.05      8.6055  6.8422e-01  7.0749e-01  4.8998e-01  5.1167e-01  5.4193e-01
  1160.55      8.6166  6.8340e-01  7.0737e-01  4.8623e-01  5.0895e-01  5.4211e-01
  1159.05      8.6278  6.8211e-01  7.0677e-01  4.8221e-01  5.0594e-01  5.4203e-01
  1157.55      8.6389  6.8033e-01  7.0568e-01  4.7793e-01  5.0267e-01  5.4170e-01
  1156.05      8.6502  6.7812e-01  7.0413e-01  4.7344e-01  4.9917e-01  5.4114e-01
  1154.55      8.6614  6.7548e-01  7.0213e-01  4.6877e-01  4.9545e-01  5.4036e-01
  1153.05      8.6727  6.7242e-01  6.9971e-01  4.6393e-01  4.9155e-01  5.3939e-01
  1151.55      8.6840  6.6896e-01  6.9689e-01  4.5896e-01  4.8749e-01  5.3825e-01
  1150.05      8.6953  6.6515e-01  6.9369e-01  4.5391e-01  4.8333e-01  5.3695e-01
  1148.55      8.7066  6.6102e-01  6.9016e-01  4.4879e-01  4.7906e-01  5.3552e-01
  1147.05      8.7180  6.5661e-01  6.8633e-01  4.4364e-01  4.7475e-01  5.3399e-01
  1145.55      8.7295  6.5194e-01  6.8222e-01  4.3848e-01  4.7041e-01  5.3236e-01
  1144.05      8.7409  6.4706e-01  6.7790e-01  4.3335e-01  4.6607e-01  5.3067e-01
  1142.55      8.7524  6.4203e-01  6.7340e-01  4.2826e-01  4.6174e-01  5.2893e-01
  1141.05      8.7639  6.3689e-01  6.6876e-01  4.2323e-01  4.5746e-01  5.2717e-01
  1139.55      8.7754  6.3168e-01  6.6404e-01  4.1830e-01  4.5325e-01  5.2540e-01
  1138.05      8.7870  6.2644e-01  6.5928e-01  4.1346e-01  4.4913e-01  5.2366e-01
  1136.55      8.7986  6.2121e-01  6.5452e-01  4.0874e-01  4.4511e-01  5.2193e-01
  1135.05      8.8102  6.1602e-01  6.4977e-01  4.0415e-01  4.4120e-01  5.2025e-01
  1133.55      8.8219  6.1089e-01  6.4509e-01  3.9970e-01  4.3741e-01  5.1864e-01
  1132.05      8.8336  6.0586e-01  6.4048e-01  3.9539e-01  4.3376e-01  5.1710e-01
  1130.55      8.8453  6.0094e-01  6.3598e-01  3.9124e-01  4.3025e-01  5.1564e-01
  1129.05      8.8570  5.9617e-01  6.3161e-01  3.8725e-01  4.2689e-01  5.1428e-01
  1127.55      8.8688  5.9154e-01  6.2739e-01  3.8341e-01  4.2367e-01  5.1301e-01
  1126.05      8.8806  5.8710e-01  6.2333e-01  3.7974e-01  4.2059e-01  5.1183e-01
  1124.55      8.8925  5.8283e-01  6.1946e-01  3.7624e-01  4.1767e-01  5.1076e-01
  1123.05      8.9044  5.7878e-01  6.1577e-01  3.7291e-01  4.1489e-01  5.0981e-01
  1121.55      8.9163  5.7491e-01  6.1230e-01  3.6973e-01  4.1226e-01  5.0894e-01
  1120.05      8.9282  5.7124e-01  6.0901e-01  3.6672e-01  4.0977e-01  5.0817e-01
  1118.55      8.9402  5.6778e-01  6.0592e-01  3.6387e-01  4.0741e-01  5.0749e-01
  1117.05      8.9522  5.6451e-01  6.0303e-01  3.6117e-01  4.0518e-01  5.0689e-01
  1115.55      8.9642  5.6142e-01  6.0032e-01  3.5862e-01  4.0308e-01  5.0636e-01
  1114.04      8.9763  5.5852e-01  5.9779e-01  3.5621e-01  4.0109e-01  5.0590e-01
  1112.54      8.9884  5.5579e-01  5.9544e-01  3.5395e-01  3.9922e-01  5.0548e-01
  1111.04      9.0005  5.5323e-01  5.9325e-01  3.5182e-01  3.9746e-01  5.0510e-01
  1109.54      9.0127  5.5084e-01  5.9122e-01  3.4983e-01  3.9580e-01  5.0474e-01
  1108.04      9.0249  5.4862e-01  5.8935e-01  3.4796e-01  3.9424e-01  5.0440e-01
  1106.54      9.0371  5.4656e-01  5.8761e-01  3.4622e-01  3.9278e-01  5.0406e-01
  1105.04      9.0494  5.4467e-01  5.8601e-01  3.4462e-01  3.9143e-01  5.0372e-01
  1103.54      9.0617  5.4292e-01  5.8454e-01  3.4313e-01  3.9016e-01  5.0338e-01
  1102.04      9.0740  5.4133e-01  5.8318e-01  3.4177e-01  3.8898e-01  5.0302e-01
  1100.54      9.0864  5.3988e-01  5.8196e-01  3.4055e-01  3.8789e-01  5.0264e-01
  1099.04      9.0988  5.3857e-01  5.8086e-01  3.3946e-01  3.8690e-01  5.0224e-01
  1097.54      9.1113  5.3741e-01  5.7987e-01  3.3852e-01  3.8602e-01  5.0181e-01
  1096.04      9.1237  5.3640e-01  5.7902e-01  3.3774e-01  3.8525e-01  5.0138e-01
  1094.54      9.1362  5.3555e-01  5.7829e-01  3.3712e-01  3.8460e-01  5.0094e-01
  1093.04      9.1488  5.3489e-01  5.7770e-01  3.3668e-01  3.8407e-01  5.0048e-01
  1091.54      9.1613  5.3440e-01  5.7728e-01  3.3646e-01  3.8370e-01  5.0004e-01
  1090.04      9.1739  5.3415e-01  5.7702e-01  3.3647e-01  3.8349e-01  4.9963e-01
  1088.54      9.1866  5.3413e-01  5.7698e-01  3.3674e-01  3.8349e-01  4.9926e-01
  1087.04      9.1993  5.3439e-01  5.7716e-01  3.3730e-01  3.8370e-01  4.9896e-01
  1085.54      9.2120  5.3496e-01  5.7762e-01  3.3818e-01  3.8419e-01  4.9874e-01
  1084.04      9.2247  5.3588e-01  5.7838e-01  3.3944e-01  3.8496e-01  4.9865e-01
  1082.54      9.2375  5.3721e-01  5.7950e-01  3.4109e-01  3.8606e-01  4.9871e-01
  1081.04      9.2503  5.3900e-01  5.8104e-01  3.4322e-01  3.8755e-01  4.9893e-01
  1079.54      9.2632  5.4129e-01  5.8306e-01  3.4584e-01  3.8947e-01  4.9937e-01
  1078.04      9.2761  5.4416e-01  5.8558e-01  3.4902e-01  3.9186e-01  5.0007e-01
  1076.54      9.2890  5.4765e-01  5.8868e-01  3.5276e-01  3.9477e-01  5.0106e-01
  1075.04      9.3020  5.5179e-01  5.9239e-01  3.5712e-01  3.9821e-01  5.0239e-01
  1073.54      9.3150  5.5661e-01  5.9671e-01  3.6212e-01  4.0222e-01  5.0408e-01
  1072.04      9.3280  5.6212e-01  6.0169e-01  3.6775e-01  4.0682e-01  5.0616e-01
  1070.54      9.3411  5.6829e-01  6.0730e-01  3.7401e-01  4.1200e-01  5.0865e-01
  1069.04      9.3542  5.7507e-01  6.1353e-01  3.8084e-01  4.1773e-01  5.1155e-01
  1067.54      9.3673  5.8239e-01  6.2029e-01  3.8819e-01  4.2395e-01  5.1484e-01
  1066.04      9.3805  5.9014e-01  6.2751e-01  3.9597e-01  4.3060e-01  5.1847e-01
  1064.54      9.3937  5.9821e-01  6.3507e-01  4.0407e-01  4.3757e-01  5.2240e-01
  1063.04      9.4070  6.0643e-01  6.4285e-01  4.1232e-01  4.4474e-01  5.2652e-01
  1061.54      9.4203  6.1464e-01  6.5066e-01  4.2057e-01  4.5194e-01  5.3075e-01
  1060.04      9.4336  6.2269e-01  6.5835e-01  4.2863e-01  4.5901e-01  5.3496e-01
  1058.54      9.4470  6.3039e-01  6.6576e-01  4.3630e-01  4.6575e-01  5.3902e-01
  1057.04      9.4604  6.3759e-01  6.7272e-01  4.4338e-01  4.7201e-01  5.4281e-01
  1055.54      9.4738  6.4412e-01  6.7907e-01  4.4968e-01  4.7760e-01  5.4617e-01
  1054.04      9.4873  6.4987e-01  6.8468e-01  4.5504e-01  4.8237e-01  5.4902e-01
  1052.54      9.5008  6.5472e-01  6.8942e-01  4.5931e-01  4.8619e-01  5.5124e-01
  1051.04      9.5144  6.5857e-01  6.9320e-01  4.6240e-01  4.8897e-01  5.5277e-01
  1049.54      9.5280  6.6135e-01  6.9595e-01  4.6426e-01  4.9065e-01  5.5354e-01
  1048.04      9.5416  6.6300e-01  6.9763e-01  4.6486e-01  4.9121e-01  5.5355e-01
  1046.54      9.5553  6.6349e-01  6.9819e-01  4.6424e-01  4.9067e-01  5.5278e-01
  1045.04      9.5690  6.6283e-01  6.9765e-01  4.6245e-01  4.8910e-01  5.5127e-01
  1043.54      9.5828  6.6105e-01  6.9604e-01  4.5960e-01  4.8657e-01  5.4905e-01
  1042.04      9.5966  6.5821e-01  6.9340e-01  4.5579e-01  4.8319e-01  5.4619e-01
  1040.54      9.6104  6.5439e-01  6.8979e-01  4.5114e-01  4.7904e-01  5.4275e-01
  1039.04      9.6243  6.4968e-01  6.8528e-01  4.4579e-01  4.7424e-01  5.3880e-01
  1037.54      9.6382  6.4415e-01  6.7995e-01  4.3984e-01  4.6893e-01  5.3441e-01
  1036.04      9.6521  6.3793e-01  6.7389e-01  4.3344e-01  4.6319e-01  5.2965e-01
  1034.54      9.6661  6.3107e-01  6.6718e-01  4.2667e-01  4.5712e-01  5.2459e-01
  1033.04      9.6802  6.2367e-01  6.5994e-01  4.1967e-01  4.5080e-01  5.1927e-01
  1031.54      9.6943  6.1583e-01  6.5222e-01  4.1250e-01  4.4432e-01  5.1374e-01
  1030.04      9.7084  6.0764e-01  6.4414e-01  4.0524e-01  4.3772e-01  5.0805e-01
  1028.54      9.7225  5.9919e-01  6.3578e-01  3.9795e-01  4.3106e-01  5.0221e-01
  1027.04      9.7367  5.9053e-01  6.2719e-01  3.9071e-01  4.2440e-01  4.9629e-01
  1025.54      9.7510  5.8176e-01  6.1847e-01  3.8355e-01  4.1777e-01  4.9027e-01
  1024.04      9.7653  5.7293e-01  6.0966e-01  3.7654e-01  4.1120e-01  4.8419e-01
  1022.54      9.7796  5.6410e-01  6.0083e-01  3.6969e-01  4.0473e-01  4.7807e-01
  1021.04      9.7940  5.5531e-01  5.9201e-01  3.6304e-01  3.9836e-01  4.7192e-01
  1019.54      9.8084  5.4661e-01  5.8326e-01  3.5661e-01  3.9214e-01  4.6576e-01
  1018.04      9.8228  5.3804e-01  5.7461e-01  3.5041e-01  3.8607e-01  4.5962e-01
  1016.54      9.8373  5.2964e-01  5.6609e-01  3.4445e-01  3.8016e-01  4.5349e-01
  1015.04      9.8519  5.2142e-01  5.5772e-01  3.3875e-01  3.7444e-01  4.4742e-01
  1013.54      9.8664  5.1340e-01  5.4949e-01  3.3329e-01  3.6891e-01  4.4140e-01
  1012.04      9.8811  5.0560e-01  5.4141e-01  3.2808e-01  3.6356e-01  4.3546e-01
  1010.54      9.8957  4.9799e-01  5.3346e-01  3.2311e-01  3.5842e-01  4.2962e-01
  1009.04      9.9104  4.9059e-01  5.2563e-01  3.1838e-01  3.5347e-01  4.2388e-01
  1007.54      9.9252  4.8337e-01  5.1795e-01  3.1387e-01  3.4870e-01  4.1827e-01
  1006.04      9.9400  4.7634e-01  5.1041e-01  3.0956e-01  3.4413e-01  4.1279e-01
  1004.54      9.9548  4.6950e-01  5.0308e-01  3.0548e-01  3.3974e-01  4.0747e-01
  1003.04      9.9697  4.6289e-01  4.9597e-01  3.0157e-01  3.3553e-01  4.0234e-01
  1001.54      9.9847  4.5653e-01  4.8914e-01  2.9786e-01  3.3151e-01  3.9743e-01
  1000.04      9.9996  4.5048e-01  4.8265e-01  2.9433e-01  3.2767e-01  3.9277e-01
   998.54     10.0147  4.4475e-01  4.7653e-01  2.9098e-01  3.2402e-01  3.8839e-01
   997.04     10.0297  4.3940e-01  4.7082e-01  2.8781e-01  3.2058e-01  3.8434e-01
   995.54     10.0448  4.3443e-01  4.6560e-01  2.8480e-01  3.1733e-01  3.8063e-01
   994.04     10.0600  4.2988e-01  4.6084e-01  2.8196e-01  3.1430e-01  3.7730e-01
   992.54     10.0752  4.2573e-01  4.5656e-01  2.7930e-01  3.1146e-01  3.7433e-01
   991.04     10.0905  4.2196e-01  4.5275e-01  2.7679e-01  3.0882e-01  3.7172e-01
   989.54     10.1057  4.1853e-01  4.4933e-01  2.7443e-01  3.0637e-01  3.6942e-01
   988.04     10.1211  4.1538e-01  4.4622e-01  2.7222e-01  3.0409e-01  3.6738e-01
   986.54     10.1365  4.1242e-01  4.4334e-01  2.7014e-01  3.0198e-01  3.6555e-01
   985.04     10.1519  4.0959e-01  4.4056e-01  2.6817e-01  2.9999e-01  3.6386e-01
   983.54     10.1674  4.0681e-01  4.3778e-01  2.6632e-01  2.9809e-01  3.6222e-01
   982.04     10.1829  4.0402e-01  4.3495e-01  2.6455e-01  2.9628e-01  3.6056e-01
   980.54     10.1985  4.0117e-01  4.3201e-01  2.6286e-01  2.9453e-01  3.5885e-01
   979.03     10.2141  3.9826e-01  4.2892e-01  2.6124e-01  2.9281e-01  3.5701e-01
   977.53     10.2298  3.9527e-01  4.2570e-01  2.5968e-01  2.9111e-01  3.5504e-01
   976.03     10.2455  3.9224e-01  4.2235e-01  2.5816e-01  2.8942e-01  3.5292e-01
   974.53     10.2613  3.8913e-01  4.1890e-01  2.5668e-01  2.8774e-01  3.5065e-01
   973.03     10.2771  3.8601e-01  4.1537e-01  2.5525e-01  2.8606e-01  3.4825e-01
   971.53     10.2930  3.8286e-01  4.1180e-01  2.5386e-01  2.8438e-01  3.4576e-01
   970.03     10.3089  3.7971e-01  4.0819e-01  2.5251e-01  2.8271e-01  3.4318e-01
   968.53     10.3249  3.7657e-01  4.0459e-01  2.5119e-01  2.8106e-01  3.4056e-01
   967.03     10.3409  3.7346e-01  4.0100e-01  2.4993e-01  2.7945e-01  3.3793e-01
   965.53     10.3570  3.7041e-01  3.9745e-01  2.4872e-01  2.7787e-01  3.3532e-01
   964.03     10.3731  3.6742e-01  3.9398e-01  2.4754e-01  2.7633e-01  3.3273e-01
   962.53     10.3892  3.6452e-01  3.9059e-01  2.4643e-01  2.7485e-01  3.3020e-01
   961.03     10.4055  3.6172e-01  3.8732e-01  2.4539e-01  2.7345e-01  3.2774e-01
   959.53     10.4217  3.5903e-01  3.8418e-01  2.4442e-01  2.7211e-01  3.2537e-01
   958.03     10.4381  3.5648e-01  3.8119e-01  2.4351e-01  2.7085e-01  3.2309e-01
   956.53     10.4544  3.5409e-01  3.7835e-01  2.4268e-01  2.6967e-01  3.2092e-01
   955.03     10.4708  3.5187e-01  3.7569e-01  2.4193e-01  2.6858e-01  3.1886e-01
   953.53     10.4873  3.4981e-01  3.7321e-01  2.4127e-01  2.6759e-01  3.1691e-01
   952.03     10.5038  3.4793e-01  3.7094e-01  2.4070e-01  2.6671e-01  3.1511e-01
   950.53     10.5204  3.4626e-01  3.6886e-01  2.4023e-01  2.6594e-01  3.1343e-01
   949.03     10.5370  3.4477e-01  3.6702e-01  2.3987e-01  2.6530e-01  3.1190e-01
   947.53     10.5537  3.4349e-01  3.6541e-01  2.3963e-01  2.6479e-01  3.1052e-01
   946.03     10.5705  3.4244e-01  3.6403e-01  2.3952e-01  2.6441e-01  3.0930e-01
   944.53     10.5872  3.4162e-01  3.6290e-01  2.3953e-01  2.6419e-01  3.0825e-01
   943.03     10.6041  3.4103e-01  3.6203e-01  2.3969e-01  2.6412e-01  3.0736e-01
   941.53     10.6210  3.4071e-01  3.6141e-01  2.4001e-01  2.6421e-01  3.0665e-01
   940.03     10.6379  3.4064e-01  3.6108e-01  2.4049e-01  2.6449e-01  3.0612e-01
   938.53     10.6549  3.4085e-01  3.6103e-01  2.4114e-01  2.6493e-01  3.0577e-01
   937.03     10.6720  3.4133e-01  3.6128e-01  2.4197e-01  2.6557e-01  3.0563e-01
   935.53     10.6891  3.4212e-01  3.6183e-01  2.4298e-01  2.6640e-01  3.0567e-01
   934.03     10.7063  3.4320e-01  3.6272e-01  2.4418e-01  2.6742e-01  3.0592e-01
   932.53     10.7235  3.4460e-01  3.6393e-01  2.4558e-01  2.6865e-01  3.0635e-01
   931.03     10.7408  3.4631e-01  3.6551e-01  2.4717e-01  2.7009e-01  3.0699e-01
   929.53     10.7581  3.4835e-01  3.6744e-01  2.4898e-01  2.7174e-01  3.0784e-01
   928.03     10.7755  3.5074e-01  3.6975e-01  2.5098e-01  2.7359e-01  3.0889e-01
   926.53     10.7929  3.5347e-01  3.7241e-01  2.5319e-01  2.7565e-01  3.1012e-01
   925.03     10.8104  3.5654e-01  3.7544e-01  2.5560e-01  2.7791e-01  3.1155e-01
   923.53     10.8280  3.5996e-01  3.7882e-01  2.5821e-01  2.8037e-01  3.1314e-01
   922.03     10.8456  3.6370e-01  3.8254e-01  2.6100e-01  2.8302e-01  3.1491e-01
   920.53     10.8633  3.6775e-01  3.8657e-01  2.6399e-01  2.8583e-01  3.1683e-01
   919.03     10.8810  3.7207e-01  3.9087e-01  2.6715e-01  2.8881e-01  3.1886e-01
   917.53     10.8988  3.7665e-01  3.9543e-01  2.7048e-01  2.9193e-01  3.2101e-01
   916.03     10.9167  3.8144e-01  4.0019e-01  2.7396e-01  2.9518e-01  3.2325e-01
   914.53     10.9346  3.8640e-01  4.0511e-01  2.7756e-01  2.9852e-01  3.2554e-01
   913.03     10.9525  3.9148e-01  4.1013e-01  2.8126e-01  3.0193e-01  3.2787e-01
   911.53     10.9706  3.9662e-01  4.1519e-01  2.8505e-01  3.0538e-01  3.3020e-01
   910.03     10.9887  4.0173e-01  4.2021e-01  2.8889e-01  3.0882e-01  3.3249e-01
   908.53     11.0068  4.0676e-01  4.2509e-01  2.9276e-01  3.1223e-01  3.3473e-01
   907.03     11.0250  4.1159e-01  4.2977e-01  2.9660e-01  3.1558e-01  3.3683e-01
   905.53     11.0433  4.1615e-01  4.3414e-01  3.0039e-01  3.1881e-01  3.3880e-01
   904.03     11.0616  4.2034e-01  4.3812e-01  3.0408e-01  3.2188e-01  3.4059e-01
   902.53     11.0800  4.2411e-01  4.4161e-01  3.0763e-01  3.2476e-01  3.4216e-01
   901.03     11.0984  4.2736e-01  4.4455e-01  3.1100e-01  3.2741e-01  3.4346e-01
   899.53     11.1169  4.3005e-01  4.4687e-01  3.1414e-01  3.2979e-01  3.4449e-01
   898.03     11.1355  4.3213e-01  4.4850e-01  3.1701e-01  3.3186e-01  3.4519e-01
   896.53     11.1541  4.3352e-01  4.4941e-01  3.1958e-01  3.3359e-01  3.4557e-01
   895.03     11.1728  4.3423e-01  4.4957e-01  3.2180e-01  3.3496e-01  3.4560e-01
   893.53     11.1916  4.3421e-01  4.4898e-01  3.2365e-01  3.3593e-01  3.4529e-01
   892.03     11.2104  4.3345e-01  4.4765e-01  3.2511e-01  3.3650e-01  3.4463e-01
   890.53     11.2293  4.3196e-01  4.4559e-01  3.2613e-01  3.3665e-01  3.4363e-01
   889.03     11.2482  4.2976e-01  4.4286e-01  3.2673e-01  3.3637e-01  3.4232e-01
   887.53     11.2672  4.2690e-01  4.3948e-01  3.2689e-01  3.3568e-01  3.4069e-01
   886.03     11.2863  4.2341e-01  4.3556e-01  3.2660e-01  3.3459e-01  3.3880e-01
   884.53     11.3055  4.1938e-01  4.3113e-01  3.2586e-01  3.3311e-01  3.3667e-01
   883.03     11.3247  4.1489e-01  4.2628e-01  3.2470e-01  3.3128e-01  3.3434e-01
   881.53     11.3439  4.0999e-01  4.2110e-01  3.2313e-01  3.2913e-01  3.3186e-01
   880.03     11.3633  4.0480e-01  4.1566e-01  3.2118e-01  3.2669e-01  3.2926e-01
   878.53     11.3827  3.9939e-01  4.1004e-01  3.1888e-01  3.2400e-01  3.2658e-01
   877.03     11.4022  3.9383e-01  4.0432e-01  3.1627e-01  3.2109e-01  3.2385e-01
   875.53     11.4217  3.8819e-01  3.9855e-01  3.1338e-01  3.1802e-01  3.2110e-01
   874.03     11.4413  3.8252e-01  3.9279e-01  3.1024e-01  3.1480e-01  3.1836e-01
   872.53     11.4610  3.7684e-01  3.8707e-01  3.0692e-01  3.1150e-01  3.1565e-01
   871.03     11.4807  3.7122e-01  3.8143e-01  3.0343e-01  3.0811e-01  3.1297e-01
   869.53     11.5005  3.6565e-01  3.7589e-01  2.9983e-01  3.0469e-01  3.1034e-01
   868.03     11.5204  3.6018e-01  3.7050e-01  2.9615e-01  3.0125e-01  3.0777e-01
   866.53     11.5403  3.5484e-01  3.6523e-01  2.9243e-01  2.9782e-01  3.0525e-01
   865.03     11.5603  3.4964e-01  3.6013e-01  2.8870e-01  2.9443e-01  3.0279e-01
   863.53     11.5804  3.4461e-01  3.5519e-01  2.8498e-01  2.9109e-01  3.0041e-01
   862.03     11.6006  3.3977e-01  3.5043e-01  2.8131e-01  2.8783e-01  2.9811e-01
   860.53     11.6208  3.3512e-01  3.4587e-01  2.7769e-01  2.8465e-01  2.9588e-01
   859.03     11.6411  3.3068e-01  3.4153e-01  2.7418e-01  2.8158e-01  2.9375e-01
   857.53     11.6615  3.2643e-01  3.3740e-01  2.7076e-01  2.7862e-01  2.9172e-01
   856.03     11.6819  3.2240e-01  3.3348e-01  2.6746e-01  2.7579e-01  2.8978e-01
   854.53     11.7024  3.1858e-01  3.2977e-01  2.6429e-01  2.7308e-01  2.8796e-01
   853.03     11.7230  3.1498e-01  3.2628e-01  2.6125e-01  2.7052e-01  2.8623e-01
   851.53     11.7436  3.1159e-01  3.2300e-01  2.5835e-01  2.6809e-01  2.8459e-01
   850.03     11.7644  3.0840e-01  3.1991e-01  2.5561e-01  2.6581e-01  2.8307e-01
   848.53     11.7852  3.0539e-01  3.1701e-01  2.5302e-01  2.6367e-01  2.8163e-01
   847.03     11.8060  3.0256e-01  3.1428e-01  2.5058e-01  2.6167e-01  2.8027e-01
   845.52     11.8270  2.9988e-01  3.1172e-01  2.4830e-01  2.5978e-01  2.7899e-01
   844.02     11.8480  2.9734e-01  3.0930e-01  2.4615e-01  2.5803e-01  2.7777e-01
   842.52     11.8691  2.9494e-01  3.0700e-01  2.4414e-01  2.5639e-01  2.7661e-01
   841.02     11.8903  2.9264e-01  3.0480e-01  2.4227e-01  2.5485e-01  2.7551e-01
   839.52     11.9115  2.9044e-01  3.0270e-01  2.4052e-01  2.5341e-01  2.7446e-01
   838.02     11.9328  2.8835e-01  3.0067e-01  2.3889e-01  2.5205e-01  2.7347e-01
   836.52     11.9542  2.8635e-01  2.9871e-01  2.3737e-01  2.5077e-01  2.7253e-01
   835.02     11.9757  2.8444e-01  2.9683e-01  2.3596e-01  2.4958e-01  2.7167e-01
   833.52     11.9973  2.8265e-01  2.9505e-01  2.3465e-01  2.4848e-01  2.7089e-01
   832.02     12.0189  2.8096e-01  2.9337e-01  2.3345e-01  2.4747e-01  2.7022e-01
   830.52     12.0406  2.7943e-01  2.9186e-01  2.3236e-01  2.4657e-01  2.6966e-01
   829.02     12.0624  2.7808e-01  2.9055e-01  2.3138e-01  2.4579e-01  2.6923e-01
   827.52     12.0842  2.7693e-01  2.8947e-01  2.3052e-01  2.4511e-01  2.6891e-01
   826.02     12.1062  2.7598e-01  2.8865e-01  2.2975e-01  2.4455e-01  2.6871e-01
   824.52     12.1282  2.7524e-01  2.8805e-01  2.2909e-01  2.4410e-01  2.6862e-01
   823.02     12.1503  2.7466e-01  2.8764e-01  2.2854e-01  2.4376e-01  2.6863e-01
   821.52     12.1725  2.7417e-01  2.8733e-01  2.2806e-01  2.4351e-01  2.6870e-01
   820.02     12.1948  2.7374e-01  2.8704e-01  2.2766e-01  2.4335e-01  2.6883e-01
   818.52     12.2171  2.7331e-01  2.8673e-01  2.2732e-01  2.4324e-01  2.6898e-01
   817.02     12.2396  2.7287e-01  2.8634e-01  2.2704e-01  2.4318e-01  2.6914e-01
   815.52     12.2621  2.7238e-01  2.8589e-01  2.2679e-01  2.4314e-01  2.6929e-01
   814.02     12.2847  2.7188e-01  2.8539e-01  2.2659e-01  2.4313e-01  2.6945e-01
   812.52     12.3074  2.7138e-01  2.8487e-01  2.2644e-01  2.4314e-01  2.6959e-01
   811.02     12.3301  2.7091e-01  2.8437e-01  2.2631e-01  2.4317e-01  2.6972e-01
   809.52     12.3530  2.7047e-01  2.8394e-01  2.2622e-01  2.4319e-01  2.6985e-01
   808.02     12.3759  2.7008e-01  2.8358e-01  2.2618e-01  2.4324e-01  2.6999e-01
   806.52     12.3989  2.6975e-01  2.8330e-01  2.2619e-01  2.4329e-01  2.7016e-01
   805.02     12.4220  2.6949e-01  2.8311e-01  2.2624e-01  2.4338e-01  2.7034e-01
   803.52     12.4452  2.6929e-01  2.8298e-01  2.2633e-01  2.4350e-01  2.7057e-01
   802.02     12.4685  2.6917e-01  2.8292e-01  2.2648e-01  2.4366e-01  2.7081e-01
   800.52     12.4919  2.6912e-01  2.8291e-01  2.2667e-01  2.4387e-01  2.7110e-01
   799.02     12.5153  2.6915e-01  2.8294e-01  2.2690e-01  2.4412e-01  2.7143e-01
   797.52     12.5388  2.6924e-01  2.8301e-01  2.2717e-01  2.4443e-01  2.7179e-01
   796.02     12.5625  2.6940e-01  2.8312e-01  2.2750e-01  2.4479e-01  2.7221e-01
   794.52     12.5862  2.6961e-01  2.8329e-01  2.2785e-01  2.4521e-01  2.7267e-01
   793.02     12.6100  2.6986e-01  2.8350e-01  2.2826e-01  2.4569e-01  2.7316e-01
   791.52     12.6339  2.7016e-01  2.8377e-01  2.2870e-01  2.4621e-01  2.7368e-01
   790.02     12.6579  2.7049e-01  2.8410e-01  2.2919e-01  2.4678e-01  2.7426e-01
   788.52     12.6820  2.7084e-01  2.8446e-01  2.2971e-01  2.4740e-01  2.7489e-01
   787.02     12.7061  2.7122e-01  2.8484e-01  2.3029e-01  2.4806e-01  2.7557e-01
   785.52     12.7304  2.7164e-01  2.8525e-01  2.3089e-01  2.4876e-01  2.7629e-01
   784.02     12.7548  2.7208e-01  2.8569e-01  2.3154e-01  2.4948e-01  2.7706e-01
   782.52     12.7792  2.7257e-01  2.8615e-01  2.3223e-01  2.5023e-01  2.7786e-01
   781.02     12.8038  2.7309e-01  2.8667e-01  2.3294e-01  2.5101e-01  2.7870e-01
   779.52     12.8284  2.7367e-01  2.8722e-01  2.3371e-01  2.5181e-01  2.7956e-01
   778.02     12.8531  2.7426e-01  2.8781e-01  2.3449e-01  2.5263e-01  2.8045e-01
   776.52     12.8780  2.7488e-01  2.8843e-01  2.3530e-01  2.5347e-01  2.8136e-01
   775.02     12.9029  2.7552e-01  2.8908e-01  2.3614e-01  2.5432e-01  2.8229e-01
   773.52     12.9279  2.7619e-01  2.8973e-01  2.3700e-01  2.5519e-01  2.8323e-01
   772.02     12.9530  2.7688e-01  2.9041e-01  2.3788e-01  2.5609e-01  2.8418e-01
   770.52     12.9783  2.7760e-01  2.9111e-01  2.3876e-01  2.5700e-01  2.8514e-01
   769.02     13.0036  2.7834e-01  2.9185e-01  2.3965e-01  2.5794e-01  2.8610e-01
   767.52     13.0290  2.7911e-01  2.9262e-01  2.4055e-01  2.5890e-01  2.8709e-01
   766.02     13.0545  2.7990e-01  2.9341e-01  2.4146e-01  2.5986e-01  2.8811e-01
   764.52     13.0801  2.8068e-01  2.9424e-01  2.4237e-01  2.6086e-01  2.8913e-01
   763.02     13.1058  2.8146e-01  2.9506e-01  2.4329e-01  2.6185e-01  2.9016e-01
   761.52     13.1317  2.8223e-01  2.9589e-01  2.4421e-01  2.6286e-01  2.9119e-01
   760.02     13.1576  2.8298e-01  2.9671e-01  2.4515e-01  2.6387e-01  2.9223e-01
   758.52     13.1836  2.8373e-01  2.9749e-01  2.4608e-01  2.6489e-01  2.9327e-01
   757.02     13.2097  2.8446e-01  2.9826e-01  2.4702e-01  2.6590e-01  2.9430e-01
   755.52     13.2359  2.8518e-01  2.9898e-01  2.4796e-01  2.6690e-01  2.9534e-01
   754.02     13.2623  2.8590e-01  2.9967e-01  2.4889e-01  2.6790e-01  2.9638e-01
   752.52     13.2887  2.8658e-01  3.0032e-01  2.4982e-01  2.6889e-01  2.9740e-01
   751.02     13.3153  2.8724e-01  3.0093e-01  2.5075e-01  2.6988e-01  2.9842e-01
   749.52     13.3419  2.8787e-01  3.0150e-01  2.5166e-01  2.7085e-01  2.9943e-01
   748.02     13.3687  2.8848e-01  3.0204e-01  2.5258e-01  2.7183e-01  3.0044e-01
   746.52     13.3955  2.8906e-01  3.0256e-01  2.5348e-01  2.7278e-01  3.0145e-01
   745.02     13.4225  2.8963e-01  3.0306e-01  2.5439e-01  2.7374e-01  3.0244e-01
   743.52     13.4496  2.9020e-01  3.0356e-01  2.5528e-01  2.7469e-01  3.0341e-01
   742.02     13.4768  2.9077e-01  3.0406e-01  2.5618e-01  2.7564e-01  3.0437e-01
   740.52     13.5041  2.9132e-01  3.0455e-01  2.5706e-01  2.7659e-01  3.0530e-01
   739.02     13.5315  2.9186e-01  3.0505e-01  2.5795e-01  2.7752e-01  3.0622e-01
   737.52     13.5590  2.9240e-01  3.0555e-01  2.5884e-01  2.7845e-01  3.0713e-01
   736.02     13.5866  2.9292e-01  3.0604e-01  2.5970e-01  2.7937e-01  3.0801e-01
   734.52     13.6144  2.9342e-01  3.0651e-01  2.6053e-01  2.8028e-01  3.0889e-01
   733.02     13.6423  2.9392e-01  3.0696e-01  2.6133e-01  2.8119e-01  3.0976e-01
   731.52     13.6702  2.9441e-01  3.0739e-01  2.6211e-01  2.8209e-01  3.1063e-01
   730.02     13.6983  2.9490e-01  3.0778e-01  2.6288e-01  2.8296e-01  3.1150e-01
   728.52     13.7265  2.9537e-01  3.0818e-01  2.6364e-01  2.8383e-01  3.1233e-01
   727.02     13.7549  2.9584e-01  3.0858e-01  2.6438e-01  2.8469e-01  3.1316e-01
   725.52     13.7833  2.9632e-01  3.0901e-01  2.6511e-01  2.8553e-01  3.1398e-01
   724.02     13.8119  2.9681e-01  3.0948e-01  2.6584e-01  2.8636e-01  3.1479e-01
   722.52     13.8405  2.9729e-01  3.1001e-01  2.6657e-01  2.8718e-01  3.1557e-01
   721.02     13.8693  2.9779e-01  3.1058e-01  2.6732e-01  2.8797e-01  3.1633e-01
   719.52     13.8982  2.9830e-01  3.1118e-01  2.6809e-01  2.8877e-01  3.1707e-01
   718.02     13.9273  2.9884e-01  3.1180e-01  2.6887e-01  2.8956e-01  3.1780e-01
   716.52     13.9564  2.9939e-01  3.1241e-01  2.6965e-01  2.9037e-01  3.1855e-01
   715.02     13.9857  2.9996e-01  3.1305e-01  2.7041e-01  2.9119e-01  3.1932e-01
   713.52     14.0151  3.0056e-01  3.1369e-01  2.7116e-01  2.9204e-01  3.2011e-01
   712.02     14.0446  3.0118e-01  3.1436e-01  2.7192e-01  2.9290e-01  3.2093e-01
   710.51     14.0743  3.0183e-01  3.1507e-01  2.7269e-01  2.9381e-01  3.2179e-01
   709.01     14.1041  3.0251e-01  3.1581e-01  2.7345e-01  2.9476e-01  3.2269e-01
   707.51     14.1340  3.0323e-01  3.1660e-01  2.7420e-01  2.9576e-01  3.2362e-01
   706.01     14.1640  3.0399e-01  3.1742e-01  2.7496e-01  2.9680e-01  3.2460e-01
   704.51     14.1942  3.0479e-01  3.1827e-01  2.7572e-01  2.9788e-01  3.2563e-01
   703.01     14.2245  3.0563e-01  3.1916e-01  2.7650e-01  2.9900e-01  3.2668e-01
   701.51     14.2549  3.0652e-01  3.2009e-01  2.7729e-01  3.0015e-01  3.2777e-01
   700.01     14.2854  3.0745e-01  3.2109e-01  2.7810e-01  3.0135e-01  3.2890e-01
   698.51     14.3161  3.0839e-01  3.2212e-01  2.7894e-01  3.0257e-01  3.3007e-01
   697.01     14.3469  3.0938e-01  3.2321e-01  2.7982e-01  3.0381e-01  3.3130e-01
   695.51     14.3779  3.1039e-01  3.2433e-01  2.8074e-01  3.0507e-01  3.3256e-01
   694.01     14.4089  3.1144e-01  3.2548e-01  2.8172e-01  3.0635e-01  3.3387e-01
   692.51     14.4402  3.1255e-01  3.2665e-01  2.8275e-01  3.0766e-01  3.3523e-01
   691.01     14.4715  3.1373e-01  3.2788e-01  2.8384e-01  3.0897e-01  3.3663e-01
   689.51     14.5030  3.1502e-01  3.2918e-01  2.8500e-01  3.1028e-01  3.3806e-01
   688.01     14.5346  3.1639e-01  3.3057e-01  2.8624e-01  3.1160e-01  3.3950e-01
   686.51     14.5664  3.1785e-01  3.3205e-01  2.8752e-01  3.1293e-01  3.4094e-01
   685.01     14.5983  3.1938e-01  3.3360e-01  2.8884e-01  3.1425e-01  3.4239e-01
   683.51     14.6303  3.2096e-01  3.3519e-01  2.9019e-01  3.1558e-01  3.4385e-01
   682.01     14.6625  3.2256e-01  3.3682e-01  2.9155e-01  3.1695e-01  3.4534e-01
   680.51     14.6948  3.2418e-01  3.3845e-01  2.9290e-01  3.1833e-01  3.4684e-01
   679.01     14.7273  3.2579e-01  3.4006e-01  2.9429e-01  3.1970e-01  3.4832e-01
   677.51     14.7599  3.2742e-01  3.4167e-01  2.9575e-01  3.2103e-01  3.4973e-01
   676.01     14.7926  3.2904e-01  3.4325e-01  2.9726e-01  3.2233e-01  3.5113e-01
   674.51     14.8255  3.3068e-01  3.4484e-01  2.9884e-01  3.2363e-01  3.5252e-01
   673.01     14.8586  3.3238e-01  3.4649e-01  3.0048e-01  3.2495e-01  3.5396e-01
   671.51     14.8918  3.3416e-01  3.4823e-01  3.0219e-01  3.2630e-01  3.5543e-01
   670.01     14.9251  3.3603e-01  3.5012e-01  3.0400e-01  3.2765e-01  3.5692e-01
   668.51     14.9586  3.3803e-01  3.5218e-01  3.0595e-01  3.2897e-01  3.5841e-01
   667.01     14.9922  3.4019e-01  3.5447e-01  3.0802e-01  3.3031e-01  3.5994e-01
   665.51     15.0260  3.4250e-01  3.5693e-01  3.1009e-01  3.3178e-01  3.6167e-01
   664.01     15.0600  3.4493e-01  3.5953e-01  3.1215e-01  3.3343e-01  3.6363e-01
   662.51     15.0941  3.4747e-01  3.6225e-01  3.1422e-01  3.3521e-01  3.6578e-01
   661.01     15.1283  3.5012e-01  3.6509e-01  3.1632e-01  3.3711e-01  3.6811e-01
   659.51     15.1627  3.5289e-01  3.6805e-01  3.1846e-01  3.3911e-01  3.7059e-01
   658.01     15.1973  3.5577e-01  3.7114e-01  3.2066e-01  3.4120e-01  3.7319e-01
   656.51     15.2320  3.5877e-01  3.7438e-01  3.2291e-01  3.4340e-01  3.7596e-01
   655.01     15.2669  3.6194e-01  3.7780e-01  3.2520e-01  3.4573e-01  3.7890e-01
   653.51     15.3020  3.6526e-01  3.8141e-01  3.2759e-01  3.4816e-01  3.8198e-01
   652.01     15.3372  3.6874e-01  3.8522e-01  3.3011e-01  3.5064e-01  3.8514e-01
   650.51     15.3725  3.7238e-01  3.8923e-01  3.3277e-01  3.5317e-01  3.8839e-01
   649.01     15.4081  3.7619e-01  3.9342e-01  3.3555e-01  3.5577e-01  3.9174e-01
   647.51     15.4438  3.8016e-01  3.9778e-01  3.3844e-01  3.5847e-01  3.9524e-01
   646.01     15.4796  3.8430e-01  4.0231e-01  3.4145e-01  3.6129e-01  3.9890e-01
   644.51     15.5157  3.8862e-01  4.0698e-01  3.4456e-01  3.6428e-01  4.0274e-01
   643.01     15.5519  3.9313e-01  4.1180e-01  3.4778e-01  3.6744e-01  4.0678e-01
   641.51     15.5882  3.9782e-01  4.1678e-01  3.5110e-01  3.7075e-01  4.1099e-01
   640.01     15.6248  4.0271e-01  4.2196e-01  3.5454e-01  3.7424e-01  4.1539e-01
   638.51     15.6615  4.0780e-01  4.2737e-01  3.5810e-01  3.7792e-01  4.1996e-01
   637.01     15.6984  4.1311e-01  4.3305e-01  3.6179e-01  3.8182e-01  4.2472e-01
   635.51     15.7354  4.1865e-01  4.3903e-01  3.6564e-01  3.8593e-01  4.2964e-01
   634.01     15.7726  4.2444e-01  4.4529e-01  3.6967e-01  3.9026e-01  4.3472e-01
   632.51     15.8100  4.3050e-01  4.5182e-01  3.7388e-01  3.9479e-01  4.3995e-01
   631.01     15.8476  4.3683e-01  4.5863e-01  3.7830e-01  3.9954e-01  4.4533e-01
   629.51     15.8854  4.4344e-01  4.6570e-01  3.8294e-01  4.0450e-01  4.5087e-01
   628.01     15.9233  4.5037e-01  4.7305e-01  3.8781e-01  4.0972e-01  4.5654e-01
   626.51     15.9615  4.5760e-01  4.8067e-01  3.9295e-01  4.1517e-01  4.6235e-01
   625.01     15.9998  4.6517e-01  4.8860e-01  3.9837e-01  4.2085e-01  4.6826e-01
   623.51     16.0383  4.7309e-01  4.9684e-01  4.0410e-01  4.2675e-01  4.7425e-01
   622.01     16.0770  4.8134e-01  5.0537e-01  4.1013e-01  4.3288e-01  4.8032e-01
   620.51     16.1158  4.8992e-01  5.1417e-01  4.1647e-01  4.3926e-01  4.8642e-01
   619.01     16.1549  4.9880e-01  5.2326e-01  4.2312e-01  4.4587e-01  4.9253e-01
   617.51     16.1941  5.0795e-01  5.3257e-01  4.3012e-01  4.5268e-01  4.9861e-01
   616.01     16.2336  5.1730e-01  5.4207e-01  4.3745e-01  4.5969e-01  5.0463e-01
   614.51     16.2732  5.2682e-01  5.5168e-01  4.4510e-01  4.6689e-01  5.1055e-01
   613.01     16.3130  5.3647e-01  5.6137e-01  4.5302e-01  4.7427e-01  5.1637e-01
   611.51     16.3530  5.4621e-01  5.7108e-01  4.6119e-01  4.8180e-01  5.2205e-01
   610.01     16.3932  5.5599e-01  5.8078e-01  4.6958e-01  4.8945e-01  5.2756e-01
   608.51     16.4337  5.6581e-01  5.9041e-01  4.7815e-01  4.9715e-01  5.3285e-01
   607.01     16.4743  5.7558e-01  5.9992e-01  4.8684e-01  5.0485e-01  5.3788e-01
   605.51     16.5151  5.8527e-01  6.0929e-01  4.9558e-01  5.1251e-01  5.4262e-01
   604.01     16.5561  5.9477e-01  6.1842e-01  5.0429e-01  5.2004e-01  5.4699e-01
   602.51     16.5973  6.0403e-01  6.2723e-01  5.1287e-01  5.2738e-01  5.5097e-01
   601.01     16.6388  6.1297e-01  6.3565e-01  5.2126e-01  5.3443e-01  5.5449e-01
   599.51     16.6804  6.2154e-01  6.4362e-01  5.2934e-01  5.4107e-01  5.5749e-01
   598.01     16.7222  6.2967e-01  6.5112e-01  5.3699e-01  5.4722e-01  5.5995e-01
   596.51     16.7643  6.3735e-01  6.5812e-01  5.4407e-01  5.5279e-01  5.6184e-01
   595.01     16.8065  6.4455e-01  6.6462e-01  5.5045e-01  5.5765e-01  5.6312e-01
   593.51     16.8490  6.5119e-01  6.7061e-01  5.5594e-01  5.6170e-01  5.6374e-01
   592.01     16.8917  6.5721e-01  6.7600e-01  5.6041e-01  5.6479e-01  5.6365e-01
   590.51     16.9346  6.6248e-01  6.8068e-01  5.6369e-01  5.6679e-01  5.6281e-01
   589.01     16.9778  6.6679e-01  6.8444e-01  5.6562e-01  5.6758e-01  5.6118e-01
   587.51     17.0211  6.6993e-01  6.8705e-01  5.6606e-01  5.6707e-01  5.5871e-01
   586.01     17.0647  6.7165e-01  6.8829e-01  5.6493e-01  5.6519e-01  5.5536e-01
   584.51     17.1085  6.7170e-01  6.8791e-01  5.6219e-01  5.6188e-01  5.5108e-01
   583.01     17.1525  6.6984e-01  6.8566e-01  5.5784e-01  5.5716e-01  5.4585e-01
   581.51     17.1967  6.6585e-01  6.8132e-01  5.5195e-01  5.5106e-01  5.3970e-01
   580.01     17.2412  6.5958e-01  6.7480e-01  5.4464e-01  5.4370e-01  5.3268e-01
   578.51     17.2859  6.5095e-01  6.6599e-01  5.3611e-01  5.3522e-01  5.2489e-01
   577.00     17.3309  6.4000e-01  6.5492e-01  5.2658e-01  5.2586e-01  5.1645e-01
   575.50     17.3760  6.2695e-01  6.4176e-01  5.1632e-01  5.1582e-01  5.0750e-01
   574.00     17.4215  6.1213e-01  6.2687e-01  5.0562e-01  5.0535e-01  4.9824e-01
   572.50     17.4671  5.9602e-01  6.1066e-01  4.9473e-01  4.9472e-01  4.8886e-01
   571.00     17.5130  5.7914e-01  5.9368e-01  4.8389e-01  4.8415e-01  4.7955e-01
   569.50     17.5591  5.6210e-01  5.7649e-01  4.7334e-01  4.7384e-01  4.7048e-01
   568.00     17.6055  5.4540e-01  5.5962e-01  4.6326e-01  4.6398e-01  4.6179e-01
   566.50     17.6521  5.2946e-01  5.4349e-01  4.5378e-01  4.5469e-01  4.5360e-01
   565.00     17.6990  5.1456e-01  5.2839e-01  4.4498e-01  4.4606e-01  4.4598e-01
   563.50     17.7461  5.0090e-01  5.1451e-01  4.3691e-01  4.3817e-01  4.3897e-01
   562.00     17.7935  4.8852e-01  5.0190e-01  4.2957e-01  4.3099e-01  4.3260e-01
   560.50     17.8411  4.7742e-01  4.9055e-01  4.2296e-01  4.2453e-01  4.2683e-01
   559.00     17.8890  4.6753e-01  4.8039e-01  4.1703e-01  4.1872e-01  4.2164e-01
   557.50     17.9371  4.5877e-01  4.7133e-01  4.1172e-01  4.1354e-01  4.1697e-01
   556.00     17.9855  4.5103e-01  4.6329e-01  4.0699e-01  4.0893e-01  4.1277e-01
   554.50     18.0342  4.4420e-01  4.5620e-01  4.0280e-01  4.0483e-01  4.0900e-01
   553.00     18.0831  4.3821e-01  4.4997e-01  3.9909e-01  4.0120e-01  4.0561e-01
   551.50     18.1323  4.3293e-01  4.4453e-01  3.9583e-01  3.9797e-01  4.0257e-01
   550.00     18.1817  4.2831e-01  4.3982e-01  3.9294e-01  3.9509e-01  3.9984e-01
   548.50     18.2314  4.2425e-01  4.3575e-01  3.9041e-01  3.9254e-01  3.9738e-01
   547.00     18.2814  4.2068e-01  4.3223e-01  3.8819e-01  3.9028e-01  3.9515e-01
   545.50     18.3317  4.1754e-01  4.2917e-01  3.8626e-01  3.8827e-01  3.9314e-01
   544.00     18.3823  4.1474e-01  4.2649e-01  3.8460e-01  3.8649e-01  3.9130e-01
   542.50     18.4331  4.1226e-01  4.2412e-01  3.8313e-01  3.8493e-01  3.8967e-01
   541.00     18.4842  4.1002e-01  4.2199e-01  3.8183e-01  3.8355e-01  3.8819e-01
   539.50     18.5356  4.0800e-01  4.2005e-01  3.8067e-01  3.8233e-01  3.8686e-01
   538.00     18.5873  4.0617e-01  4.1823e-01  3.7962e-01  3.8125e-01  3.8564e-01
   536.50     18.6393  4.0449e-01  4.1652e-01  3.7869e-01  3.8028e-01  3.8451e-01
   535.00     18.6915  4.0293e-01  4.1486e-01  3.7785e-01  3.7940e-01  3.8345e-01
   533.50     18.7441  4.0147e-01  4.1324e-01  3.7709e-01  3.7860e-01  3.8246e-01
   532.00     18.7969  4.0009e-01  4.1168e-01  3.7639e-01  3.7789e-01  3.8154e-01
   530.50     18.8501  3.9881e-01  4.1021e-01  3.7572e-01  3.7724e-01  3.8070e-01
   529.00     18.9035  3.9764e-01  4.0883e-01  3.7512e-01  3.7665e-01  3.7990e-01
   527.50     18.9573  3.9658e-01  4.0755e-01  3.7462e-01  3.7608e-01  3.7911e-01
   526.00     19.0114  3.9561e-01  4.0639e-01  3.7426e-01  3.7553e-01  3.7832e-01
   524.50     19.0657  3.9474e-01  4.0533e-01  3.7400e-01  3.7499e-01  3.7753e-01
   523.00     19.1204  3.9393e-01  4.0438e-01  3.7382e-01  3.7449e-01  3.7679e-01
   521.50     19.1754  3.9315e-01  4.0351e-01  3.7369e-01  3.7403e-01  3.7610e-01
   520.00     19.2307  3.9242e-01  4.0278e-01  3.7362e-01  3.7361e-01  3.7546e-01
   518.50     19.2864  3.9173e-01  4.0220e-01  3.7363e-01  3.7319e-01  3.7483e-01
   517.00     19.3423  3.9111e-01  4.0174e-01  3.7370e-01  3.7280e-01  3.7420e-01
   515.50     19.3986  3.9055e-01  4.0136e-01  3.7381e-01  3.7244e-01  3.7360e-01
   514.00     19.4552  3.9004e-01  4.0100e-01  3.7391e-01  3.7213e-01  3.7304e-01
   512.50     19.5122  3.8956e-01  4.0058e-01  3.7395e-01  3.7189e-01  3.7256e-01
   511.00     19.5695  3.8909e-01  4.0007e-01  3.7399e-01  3.7172e-01  3.7210e-01
   509.50     19.6271  3.8863e-01  3.9948e-01  3.7407e-01  3.7158e-01  3.7166e-01
   508.00     19.6850  3.8820e-01  3.9888e-01  3.7420e-01  3.7147e-01  3.7122e-01
   506.50     19.7433  3.8784e-01  3.9836e-01  3.7438e-01  3.7137e-01  3.7083e-01
   505.00     19.8020  3.8757e-01  3.9798e-01  3.7461e-01  3.7128e-01  3.7050e-01
   503.50     19.8610  3.8745e-01  3.9778e-01  3.7488e-01  3.7123e-01  3.7024e-01
   502.00     19.9203  3.8748e-01  3.9782e-01  3.7524e-01  3.7120e-01  3.7006e-01
   500.50     19.9801  3.8768e-01  3.9802e-01  3.7567e-01  3.7120e-01  3.6995e-01
   499.00     20.0401  3.8799e-01  3.9832e-01  3.7615e-01  3.7124e-01  3.6993e-01
   497.50     20.1005  3.8842e-01  3.9869e-01  3.7663e-01  3.7134e-01  3.7004e-01
   496.00     20.1613  3.8894e-01  3.9915e-01  3.7711e-01  3.7150e-01  3.7028e-01
   494.50     20.2225  3.8954e-01  3.9965e-01  3.7762e-01  3.7173e-01  3.7065e-01
   493.00     20.2840  3.9021e-01  4.0022e-01  3.7813e-01  3.7204e-01  3.7109e-01
   491.50     20.3459  3.9096e-01  4.0093e-01  3.7866e-01  3.7243e-01  3.7162e-01
   490.00     20.4082  3.9180e-01  4.0180e-01  3.7920e-01  3.7291e-01  3.7223e-01
   488.50     20.4709  3.9273e-01  4.0282e-01  3.7978e-01  3.7348e-01  3.7294e-01
   487.00     20.5340  3.9376e-01  4.0396e-01  3.8040e-01  3.7414e-01  3.7371e-01
   485.50     20.5974  3.9491e-01  4.0521e-01  3.8111e-01  3.7487e-01  3.7456e-01
   484.00     20.6612  3.9614e-01  4.0655e-01  3.8189e-01  3.7568e-01  3.7543e-01
   482.50     20.7255  3.9745e-01  4.0790e-01  3.8276e-01  3.7655e-01  3.7630e-01
   481.00     20.7901  3.9882e-01  4.0921e-01  3.8371e-01  3.7749e-01  3.7715e-01
   479.50     20.8552  4.0021e-01  4.1048e-01  3.8473e-01  3.7849e-01  3.7803e-01
   478.00     20.9206  4.0166e-01  4.1181e-01  3.8583e-01  3.7954e-01  3.7892e-01
   476.50     20.9865  4.0322e-01  4.1326e-01  3.8702e-01  3.8066e-01  3.7982e-01
   475.00     21.0527  4.0490e-01  4.1487e-01  3.8830e-01  3.8180e-01  3.8073e-01
   473.50     21.1194  4.0676e-01  4.1678e-01  3.8966e-01  3.8299e-01  3.8164e-01
   472.00     21.1866  4.0884e-01  4.1903e-01  3.9109e-01  3.8419e-01  3.8256e-01
   470.50     21.2541  4.1112e-01  4.2156e-01  3.9257e-01  3.8547e-01  3.8357e-01
   469.00     21.3221  4.1354e-01  4.2422e-01  3.9412e-01  3.8684e-01  3.8471e-01
   467.50     21.3905  4.1607e-01  4.2693e-01  3.9573e-01  3.8829e-01  3.8596e-01
   466.00     21.4594  4.1866e-01  4.2961e-01  3.9740e-01  3.8981e-01  3.8730e-01
   464.50     21.5287  4.2132e-01  4.3222e-01  3.9913e-01  3.9138e-01  3.8870e-01
   463.00     21.5984  4.2409e-01  4.3486e-01  4.0090e-01  3.9300e-01  3.9017e-01
   461.50     21.6686  4.2700e-01  4.3767e-01  4.0270e-01  3.9465e-01  3.9170e-01
   460.00     21.7393  4.3005e-01  4.4073e-01  4.0453e-01  3.9631e-01  3.9332e-01
   458.50     21.8104  4.3324e-01  4.4413e-01  4.0640e-01  3.9791e-01  3.9498e-01
   457.00     21.8820  4.3649e-01  4.4786e-01  4.0829e-01  3.9941e-01  3.9662e-01
   455.50     21.9541  4.3970e-01  4.5174e-01  4.1018e-01  4.0082e-01  3.9829e-01
   454.00     22.0266  4.4267e-01  4.5548e-01  4.1206e-01  4.0214e-01  4.0000e-01
   452.50     22.0997  4.4535e-01  4.5891e-01  4.1387e-01  4.0338e-01  4.0177e-01
   451.00     22.1732  4.4768e-01  4.6193e-01  4.1559e-01  4.0446e-01  4.0356e-01
   449.50     22.2472  4.4963e-01  4.6447e-01  4.1716e-01  4.0539e-01  4.0532e-01
   448.00     22.3217  4.5120e-01  4.6647e-01  4.1850e-01  4.0613e-01  4.0694e-01
   446.50     22.3967  4.5238e-01  4.6798e-01  4.1955e-01  4.0672e-01  4.0833e-01
   445.00     22.4722  4.5320e-01  4.6900e-01  4.2025e-01  4.0719e-01  4.0942e-01
   443.49     22.5482  4.5357e-01  4.6950e-01  4.2056e-01  4.0749e-01  4.1017e-01
   441.99     22.6247  4.5340e-01  4.6949e-01  4.2045e-01  4.0757e-01  4.1050e-01
   440.49     22.7017  4.5263e-01  4.6896e-01  4.1989e-01  4.0738e-01  4.1035e-01
   438.99     22.7793  4.5119e-01  4.6796e-01  4.1890e-01  4.0694e-01  4.0971e-01
   437.49     22.8574  4.4918e-01  4.6658e-01  4.1751e-01  4.0633e-01  4.0862e-01
   435.99     22.9361  4.4671e-01  4.6497e-01  4.1578e-01  4.0560e-01  4.0717e-01
   434.49     23.0153  4.4397e-01  4.6318e-01  4.1385e-01  4.0474e-01  4.0547e-01
   432.99     23.0950  4.4115e-01  4.6120e-01  4.1179e-01  4.0379e-01  4.0362e-01
   431.49     23.1753  4.3845e-01  4.5904e-01  4.0967e-01  4.0275e-01  4.0172e-01
   429.99     23.2561  4.3596e-01  4.5675e-01  4.0757e-01  4.0163e-01  3.9983e-01
   428.49     23.3376  4.3372e-01  4.5435e-01  4.0552e-01  4.0043e-01  3.9801e-01
   426.99     23.4195  4.3169e-01  4.5188e-01  4.0359e-01  3.9913e-01  3.9630e-01
   425.49     23.5021  4.2984e-01  4.4948e-01  4.0179e-01  3.9774e-01  3.9474e-01
   423.99     23.5853  4.2811e-01  4.4724e-01  4.0014e-01  3.9625e-01  3.9331e-01
   422.49     23.6690  4.2645e-01  4.4517e-01  3.9860e-01  3.9460e-01  3.9201e-01
   420.99     23.7533  4.2483e-01  4.4325e-01  3.9715e-01  3.9276e-01  3.9080e-01
   419.49     23.8383  4.2326e-01  4.4148e-01  3.9578e-01  3.9071e-01  3.8968e-01
   417.99     23.9238  4.2168e-01  4.3976e-01  3.9450e-01  3.8851e-01  3.8862e-01
   416.49     24.0100  4.2004e-01  4.3800e-01  3.9329e-01  3.8633e-01  3.8764e-01
   414.99     24.0968  4.1835e-01  4.3617e-01  3.9214e-01  3.8430e-01  3.8674e-01
   413.49     24.1842  4.1663e-01  4.3431e-01  3.9108e-01  3.8249e-01  3.8591e-01
   411.99     24.2723  4.1495e-01  4.3251e-01  3.9011e-01  3.8087e-01  3.8519e-01
   410.49     24.3610  4.1335e-01  4.3079e-01  3.8924e-01  3.7950e-01  3.8456e-01
   408.99     24.4503  4.1189e-01  4.2921e-01  3.8850e-01  3.7841e-01  3.8407e-01
   407.49     24.5403  4.1063e-01  4.2784e-01  3.8786e-01  3.7766e-01  3.8368e-01
   405.99     24.6310  4.0958e-01  4.2669e-01  3.8734e-01  3.7723e-01  3.8341e-01
   404.49     24.7224  4.0868e-01  4.2572e-01  3.8692e-01  3.7706e-01  3.8324e-01
   402.99     24.8144  4.0793e-01  4.2489e-01  3.8661e-01  3.7705e-01  3.8318e-01
   401.49     24.9071  4.0728e-01  4.2417e-01  3.8637e-01  3.7712e-01  3.8320e-01
   399.99     25.0005  4.0670e-01  4.2353e-01  3.8620e-01  3.7724e-01  3.8329e-01
