  Data: Real and imaginary indices of H2SO4/H2O droplets 
   0.81, 0.81, 0.81, 0.76, 0.76 Weight percent H2SO4
   298,  273,  267,  298,  273 K 
  
  Reference: Myhre, C. E. Lund, D. H. Christensen, F. M. Nicolaisen,
  and C. J. Nielsen, Spectroscopic Study of Aqueous H2SO4 at Different
  Temperatures and Compositions: Variations in Dissociation and 
  Optical Properties, J. Phys. Chem., volume 107, pgs. 1979-1991, 2005.
  
  Email contact person: C. E. Lund Myhre (e.c.lund@iakh.uio.no.)
  
  Format: 4733 real indices (2x,f7.2,2x,f10.4,5(2x,f7.5))
          4733 imaginary indices (2x,f7.2,2x,f10.4,5(1x,e11.4))
  
  cm-1        microns   rnw81t298, rnw81t273, rnw81t267, rnw76t298, rnw76t273 
  7498.52      1.3336  1.41749  1.41747  1.42001  1.41318  1.40669
  7497.02      1.3339  1.41766  1.41764  1.42017  1.41319  1.40672
  7495.52      1.3341  1.41791  1.41789  1.42042  1.41321  1.40674
  7494.02      1.3344  1.41794  1.41792  1.42045  1.41322  1.40674
  7492.52      1.3347  1.41786  1.41784  1.42037  1.41320  1.40672
  7491.02      1.3349  1.41763  1.41761  1.42015  1.41317  1.40669
  7489.52      1.3352  1.41741  1.41739  1.41992  1.41314  1.40667
  7488.02      1.3355  1.41734  1.41732  1.41985  1.41313  1.40664
  7486.52      1.3357  1.41750  1.41748  1.42001  1.41311  1.40664
  7485.02      1.3360  1.41755  1.41753  1.42007  1.41311  1.40663
  7483.52      1.3363  1.41747  1.41745  1.41998  1.41311  1.40663
  7482.02      1.3365  1.41733  1.41731  1.41984  1.41311  1.40664
  7480.52      1.3368  1.41741  1.41739  1.41993  1.41312  1.40665
  7479.02      1.3371  1.41762  1.41760  1.42013  1.41315  1.40667
  7477.52      1.3373  1.41782  1.41780  1.42034  1.41316  1.40668
  7476.02      1.3376  1.41790  1.41788  1.42041  1.41317  1.40669
  7474.52      1.3379  1.41778  1.41776  1.42029  1.41317  1.40669
  7473.02      1.3381  1.41762  1.41760  1.42013  1.41314  1.40667
  7471.52      1.3384  1.41750  1.41748  1.42002  1.41312  1.40665
  7470.02      1.3387  1.41748  1.41746  1.42000  1.41311  1.40664
  7468.52      1.3390  1.41752  1.41750  1.42004  1.41310  1.40662
  7467.02      1.3392  1.41742  1.41740  1.41993  1.41309  1.40662
  7465.52      1.3395  1.41730  1.41728  1.41981  1.41309  1.40662
  7464.02      1.3398  1.41736  1.41734  1.41987  1.41310  1.40662
  7462.52      1.3400  1.41744  1.41742  1.41995  1.41312  1.40665
  7461.02      1.3403  1.41754  1.41751  1.42005  1.41315  1.40668
  7459.52      1.3406  1.41771  1.41769  1.42022  1.41319  1.40672
  7458.02      1.3408  1.41796  1.41794  1.42048  1.41323  1.40675
  7456.52      1.3411  1.41795  1.41793  1.42047  1.41326  1.40678
  7455.02      1.3414  1.41769  1.41767  1.42020  1.41328  1.40680
  7453.52      1.3416  1.41749  1.41747  1.42000  1.41329  1.40681
  7452.02      1.3419  1.41762  1.41760  1.42014  1.41331  1.40683
  7450.52      1.3422  1.41790  1.41788  1.42041  1.41331  1.40684
  7449.02      1.3425  1.41796  1.41794  1.42047  1.41330  1.40683
  7447.52      1.3427  1.41783  1.41781  1.42035  1.41328  1.40680
  7446.02      1.3430  1.41769  1.41767  1.42020  1.41324  1.40677
  7444.52      1.3433  1.41768  1.41766  1.42019  1.41321  1.40673
  7443.02      1.3435  1.41773  1.41771  1.42025  1.41318  1.40670
  7441.52      1.3438  1.41770  1.41768  1.42022  1.41314  1.40666
  7440.02      1.3441  1.41747  1.41745  1.41998  1.41309  1.40662
  7438.52      1.3444  1.41720  1.41718  1.41971  1.41306  1.40658
  7437.02      1.3446  1.41718  1.41716  1.41969  1.41304  1.40657
  7435.52      1.3449  1.41734  1.41732  1.41985  1.41305  1.40657
  7434.02      1.3452  1.41750  1.41748  1.42001  1.41306  1.40659
  7432.52      1.3454  1.41751  1.41749  1.42003  1.41309  1.40662
  7431.02      1.3457  1.41750  1.41748  1.42001  1.41312  1.40665
  7429.52      1.3460  1.41752  1.41750  1.42004  1.41315  1.40668
  7428.02      1.3463  1.41763  1.41761  1.42014  1.41318  1.40671
  7426.52      1.3465  1.41785  1.41783  1.42036  1.41320  1.40673
  7425.02      1.3468  1.41796  1.41794  1.42047  1.41321  1.40673
  7423.52      1.3471  1.41792  1.41790  1.42043  1.41319  1.40671
  7422.02      1.3473  1.41778  1.41776  1.42029  1.41315  1.40668
  7420.52      1.3476  1.41761  1.41759  1.42013  1.41311  1.40664
  7419.02      1.3479  1.41743  1.41741  1.41995  1.41307  1.40659
  7417.51      1.3482  1.41725  1.41723  1.41976  1.41302  1.40655
  7416.01      1.3484  1.41711  1.41709  1.41962  1.41299  1.40652
  7414.51      1.3487  1.41716  1.41714  1.41967  1.41298  1.40651
  7413.01      1.3490  1.41725  1.41723  1.41976  1.41298  1.40651
  7411.51      1.3493  1.41736  1.41734  1.41987  1.41301  1.40654
  7410.01      1.3495  1.41748  1.41746  1.41999  1.41304  1.40657
  7408.51      1.3498  1.41759  1.41757  1.42010  1.41309  1.40662
  7407.01      1.3501  1.41761  1.41759  1.42013  1.41314  1.40666
  7405.51      1.3503  1.41763  1.41761  1.42014  1.41318  1.40671
  7404.01      1.3506  1.41772  1.41770  1.42024  1.41322  1.40674
  7402.51      1.3509  1.41789  1.41787  1.42040  1.41324  1.40676
  7401.01      1.3512  1.41791  1.41789  1.42043  1.41325  1.40677
  7399.51      1.3514  1.41784  1.41782  1.42036  1.41325  1.40677
  7398.01      1.3517  1.41778  1.41776  1.42029  1.41323  1.40676
  7396.51      1.3520  1.41765  1.41763  1.42017  1.41322  1.40674
  7395.01      1.3523  1.41745  1.41743  1.41996  1.41320  1.40672
  7393.51      1.3525  1.41731  1.41729  1.41982  1.41319  1.40672
  7392.01      1.3528  1.41739  1.41737  1.41990  1.41318  1.40670
  7390.51      1.3531  1.41758  1.41756  1.42009  1.41317  1.40670
  7389.01      1.3534  1.41776  1.41774  1.42027  1.41317  1.40669
  7387.51      1.3536  1.41786  1.41784  1.42037  1.41316  1.40669
  7386.01      1.3539  1.41783  1.41781  1.42034  1.41315  1.40668
  7384.51      1.3542  1.41770  1.41768  1.42022  1.41314  1.40666
  7383.01      1.3545  1.41752  1.41750  1.42003  1.41313  1.40666
  7381.51      1.3547  1.41737  1.41735  1.41988  1.41312  1.40665
  7380.01      1.3550  1.41734  1.41732  1.41985  1.41312  1.40665
  7378.51      1.3553  1.41742  1.41740  1.41993  1.41313  1.40666
  7377.01      1.3556  1.41743  1.41741  1.41995  1.41314  1.40667
  7375.51      1.3558  1.41749  1.41747  1.42000  1.41316  1.40668
  7374.01      1.3561  1.41768  1.41766  1.42019  1.41318  1.40671
  7372.51      1.3564  1.41777  1.41774  1.42028  1.41321  1.40673
  7371.01      1.3567  1.41787  1.41785  1.42038  1.41324  1.40677
  7369.51      1.3569  1.41792  1.41790  1.42044  1.41326  1.40679
  7368.01      1.3572  1.41783  1.41781  1.42035  1.41328  1.40681
  7366.51      1.3575  1.41762  1.41760  1.42013  1.41330  1.40681
  7365.01      1.3578  1.41753  1.41751  1.42004  1.41330  1.40682
  7363.51      1.3580  1.41760  1.41758  1.42011  1.41331  1.40684
  7362.01      1.3583  1.41777  1.41775  1.42028  1.41332  1.40685
  7360.51      1.3586  1.41788  1.41786  1.42040  1.41334  1.40686
  7359.01      1.3589  1.41793  1.41791  1.42044  1.41334  1.40687
  7357.51      1.3592  1.41787  1.41785  1.42039  1.41335  1.40687
  7356.01      1.3594  1.41774  1.41772  1.42025  1.41335  1.40687
  7354.51      1.3597  1.41772  1.41770  1.42024  1.41335  1.40687
  7353.01      1.3600  1.41778  1.41776  1.42029  1.41335  1.40687
  7351.51      1.3603  1.41788  1.41786  1.42040  1.41335  1.40687
  7350.01      1.3605  1.41796  1.41794  1.42048  1.41332  1.40685
  7348.51      1.3608  1.41773  1.41771  1.42025  1.41329  1.40681
  7347.01      1.3611  1.41758  1.41756  1.42009  1.41323  1.40676
  7345.51      1.3614  1.41763  1.41761  1.42014  1.41318  1.40671
  7344.01      1.3617  1.41784  1.41782  1.42036  1.41314  1.40667
  7342.51      1.3619  1.41781  1.41780  1.42033  1.41309  1.40662
  7341.01      1.3622  1.41748  1.41746  1.41999  1.41304  1.40657
  7339.51      1.3625  1.41710  1.41708  1.41961  1.41300  1.40653
  7338.01      1.3628  1.41695  1.41693  1.41945  1.41296  1.40649
  7336.51      1.3630  1.41700  1.41698  1.41951  1.41293  1.40646
  7335.01      1.3633  1.41717  1.41715  1.41968  1.41291  1.40644
  7333.51      1.3636  1.41749  1.41747  1.42001  1.41289  1.40642
  7332.01      1.3639  1.41793  1.41791  1.42045  1.41287  1.40640
  7330.51      1.3642  1.41793  1.41791  1.42044  1.41283  1.40636
  7329.01      1.3644  1.41743  1.41741  1.41994  1.41280  1.40633
  7327.51      1.3647  1.41687  1.41685  1.41937  1.41277  1.40630
  7326.01      1.3650  1.41669  1.41667  1.41920  1.41275  1.40628
  7324.51      1.3653  1.41673  1.41671  1.41924  1.41275  1.40628
  7323.01      1.3656  1.41674  1.41672  1.41925  1.41277  1.40630
  7321.51      1.3658  1.41691  1.41689  1.41942  1.41280  1.40633
  7320.01      1.3661  1.41741  1.41738  1.41992  1.41285  1.40638
  7318.51      1.3664  1.41776  1.41774  1.42027  1.41290  1.40643
  7317.01      1.3667  1.41769  1.41767  1.42020  1.41294  1.40647
  7315.51      1.3670  1.41751  1.41749  1.42003  1.41297  1.40650
  7314.01      1.3672  1.41757  1.41755  1.42009  1.41300  1.40653
  7312.51      1.3675  1.41765  1.41763  1.42016  1.41302  1.40654
  7311.01      1.3678  1.41761  1.41759  1.42013  1.41302  1.40655
  7309.51      1.3681  1.41742  1.41740  1.41993  1.41302  1.40655
  7308.01      1.3684  1.41712  1.41710  1.41963  1.41302  1.40655
  7306.51      1.3686  1.41694  1.41692  1.41945  1.41304  1.40657
  7305.01      1.3689  1.41715  1.41713  1.41966  1.41309  1.40662
  7303.51      1.3692  1.41752  1.41750  1.42003  1.41315  1.40668
  7302.01      1.3695  1.41773  1.41771  1.42024  1.41321  1.40674
  7300.51      1.3698  1.41778  1.41776  1.42029  1.41327  1.40679
  7299.01      1.3700  1.41803  1.41801  1.42055  1.41330  1.40682
  7297.51      1.3703  1.41831  1.41829  1.42083  1.41332  1.40684
  7296.01      1.3706  1.41834  1.41832  1.42086  1.41331  1.40684
  7294.51      1.3709  1.41800  1.41798  1.42051  1.41326  1.40679
  7293.01      1.3712  1.41767  1.41765  1.42018  1.41320  1.40672
  7291.51      1.3715  1.41738  1.41736  1.41989  1.41311  1.40664
  7290.01      1.3717  1.41712  1.41710  1.41963  1.41303  1.40656
  7288.51      1.3720  1.41709  1.41707  1.41960  1.41296  1.40649
  7287.00      1.3723  1.41722  1.41720  1.41973  1.41291  1.40644
  7285.50      1.3726  1.41725  1.41723  1.41976  1.41287  1.40640
  7284.00      1.3729  1.41705  1.41703  1.41956  1.41285  1.40638
  7282.50      1.3732  1.41701  1.41699  1.41952  1.41284  1.40638
  7281.00      1.3734  1.41724  1.41722  1.41975  1.41286  1.40639
  7279.50      1.3737  1.41753  1.41751  1.42004  1.41289  1.40642
  7278.00      1.3740  1.41762  1.41760  1.42014  1.41291  1.40644
  7276.50      1.3743  1.41760  1.41758  1.42011  1.41293  1.40646
  7275.00      1.3746  1.41742  1.41740  1.41993  1.41293  1.40646
  7273.50      1.3749  1.41724  1.41722  1.41975  1.41292  1.40645
  7272.00      1.3751  1.41723  1.41721  1.41974  1.41291  1.40644
  7270.50      1.3754  1.41737  1.41735  1.41988  1.41290  1.40643
  7269.00      1.3757  1.41743  1.41741  1.41994  1.41289  1.40642
  7267.50      1.3760  1.41735  1.41733  1.41986  1.41288  1.40641
  7266.00      1.3763  1.41715  1.41713  1.41966  1.41287  1.40641
  7264.50      1.3766  1.41710  1.41708  1.41961  1.41288  1.40641
  7263.00      1.3768  1.41721  1.41719  1.41972  1.41290  1.40643
  7261.50      1.3771  1.41736  1.41734  1.41987  1.41292  1.40645
  7260.00      1.3774  1.41743  1.41741  1.41994  1.41295  1.40648
  7258.50      1.3777  1.41740  1.41738  1.41991  1.41298  1.40651
  7257.00      1.3780  1.41750  1.41748  1.42001  1.41301  1.40654
  7255.50      1.3783  1.41763  1.41761  1.42014  1.41306  1.40659
  7254.00      1.3785  1.41763  1.41761  1.42015  1.41309  1.40662
  7252.50      1.3788  1.41752  1.41750  1.42004  1.41312  1.40665
  7251.00      1.3791  1.41735  1.41733  1.41986  1.41312  1.40665
  7249.50      1.3794  1.41734  1.41732  1.41985  1.41311  1.40664
  7248.00      1.3797  1.41770  1.41768  1.42021  1.41311  1.40664
  7246.50      1.3800  1.41816  1.41814  1.42068  1.41311  1.40663
  7245.00      1.3803  1.41811  1.41809  1.42063  1.41310  1.40662
  7243.50      1.3805  1.41765  1.41763  1.42016  1.41307  1.40659
  7242.00      1.3808  1.41708  1.41706  1.41959  1.41302  1.40655
  7240.50      1.3811  1.41666  1.41664  1.41917  1.41299  1.40652
  7239.00      1.3814  1.41670  1.41669  1.41921  1.41294  1.40647
  7237.50      1.3817  1.41723  1.41721  1.41974  1.41293  1.40646
  7236.00      1.3820  1.41803  1.41801  1.42055  1.41290  1.40643
  7234.50      1.3823  1.41837  1.41836  1.42089  1.41286  1.40640
  7233.00      1.3826  1.41783  1.41781  1.42035  1.41281  1.40634
  7231.50      1.3828  1.41695  1.41693  1.41946  1.41276  1.40630
  7230.00      1.3831  1.41641  1.41640  1.41892  1.41273  1.40627
  7228.50      1.3834  1.41631  1.41629  1.41881  1.41273  1.40626
  7227.00      1.3837  1.41662  1.41660  1.41913  1.41273  1.40627
  7225.50      1.3840  1.41713  1.41711  1.41964  1.41276  1.40629
  7224.00      1.3843  1.41756  1.41754  1.42007  1.41278  1.40631
  7222.50      1.3846  1.41768  1.41766  1.42019  1.41281  1.40634
  7221.00      1.3848  1.41759  1.41757  1.42011  1.41284  1.40637
  7219.50      1.3851  1.41741  1.41739  1.41992  1.41287  1.40640
  7218.00      1.3854  1.41726  1.41724  1.41977  1.41289  1.40642
  7216.50      1.3857  1.41730  1.41728  1.41981  1.41292  1.40645
  7215.00      1.3860  1.41733  1.41731  1.41984  1.41291  1.40644
  7213.50      1.3863  1.41730  1.41728  1.41981  1.41290  1.40643
  7212.00      1.3866  1.41720  1.41718  1.41971  1.41287  1.40640
  7210.50      1.3869  1.41725  1.41724  1.41977  1.41282  1.40636
  7209.00      1.3872  1.41744  1.41742  1.41995  1.41279  1.40633
  7207.50      1.3874  1.41756  1.41754  1.42007  1.41276  1.40630
  7206.00      1.3877  1.41743  1.41742  1.41995  1.41272  1.40626
  7204.50      1.3880  1.41701  1.41700  1.41952  1.41269  1.40621
  7203.00      1.3883  1.41668  1.41666  1.41919  1.41264  1.40618
  7201.50      1.3886  1.41660  1.41658  1.41911  1.41262  1.40615
  7200.00      1.3889  1.41680  1.41678  1.41931  1.41261  1.40615
  7198.50      1.3892  1.41709  1.41707  1.41960  1.41262  1.40616
  7197.00      1.3895  1.41723  1.41721  1.41974  1.41263  1.40616
  7195.50      1.3898  1.41720  1.41718  1.41971  1.41264  1.40618
  7194.00      1.3900  1.41711  1.41709  1.41962  1.41265  1.40619
  7192.50      1.3903  1.41714  1.41712  1.41965  1.41266  1.40620
  7191.00      1.3906  1.41716  1.41714  1.41967  1.41266  1.40620
  7189.50      1.3909  1.41714  1.41712  1.41965  1.41265  1.40618
  7188.00      1.3912  1.41710  1.41708  1.41961  1.41261  1.40615
  7186.50      1.3915  1.41724  1.41722  1.41975  1.41258  1.40612
  7185.00      1.3918  1.41726  1.41724  1.41977  1.41254  1.40608
  7183.50      1.3921  1.41703  1.41701  1.41954  1.41250  1.40604
  7182.00      1.3924  1.41658  1.41656  1.41909  1.41247  1.40601
  7180.50      1.3927  1.41632  1.41630  1.41882  1.41246  1.40600
  7179.00      1.3930  1.41641  1.41639  1.41892  1.41246  1.40600
  7177.50      1.3932  1.41668  1.41666  1.41919  1.41247  1.40601
  7176.00      1.3935  1.41693  1.41691  1.41944  1.41248  1.40602
  7174.50      1.3938  1.41728  1.41726  1.41979  1.41249  1.40602
  7173.00      1.3941  1.41756  1.41754  1.42007  1.41248  1.40602
  7171.50      1.3944  1.41757  1.41755  1.42008  1.41246  1.40600
  7170.00      1.3947  1.41715  1.41713  1.41966  1.41242  1.40596
  7168.50      1.3950  1.41649  1.41647  1.41899  1.41237  1.40591
  7167.00      1.3953  1.41614  1.41612  1.41864  1.41233  1.40588
  7165.50      1.3956  1.41623  1.41621  1.41873  1.41232  1.40586
  7164.00      1.3959  1.41662  1.41660  1.41912  1.41232  1.40586
  7162.50      1.3962  1.41657  1.41655  1.41908  1.41233  1.40587
  7161.00      1.3965  1.41662  1.41660  1.41913  1.41235  1.40589
  7159.50      1.3967  1.41681  1.41679  1.41932  1.41240  1.40594
  7158.00      1.3970  1.41706  1.41704  1.41956  1.41244  1.40598
  7156.50      1.3973  1.41716  1.41714  1.41967  1.41250  1.40604
  7155.00      1.3976  1.41728  1.41726  1.41979  1.41255  1.40609
  7153.50      1.3979  1.41729  1.41727  1.41980  1.41258  1.40611
  7152.00      1.3982  1.41706  1.41704  1.41957  1.41257  1.40611
  7150.50      1.3985  1.41679  1.41677  1.41930  1.41257  1.40610
  7148.99      1.3988  1.41679  1.41677  1.41930  1.41255  1.40608
  7147.49      1.3991  1.41697  1.41695  1.41947  1.41252  1.40606
  7145.99      1.3994  1.41709  1.41707  1.41960  1.41250  1.40604
  7144.49      1.3997  1.41704  1.41702  1.41955  1.41247  1.40600
  7142.99      1.4000  1.41695  1.41693  1.41946  1.41245  1.40599
  7141.49      1.4003  1.41679  1.41677  1.41930  1.41243  1.40597
  7139.99      1.4006  1.41659  1.41657  1.41910  1.41243  1.40596
  7138.49      1.4009  1.41659  1.41657  1.41910  1.41243  1.40597
  7136.99      1.4012  1.41672  1.41670  1.41922  1.41244  1.40598
  7135.49      1.4014  1.41686  1.41684  1.41937  1.41245  1.40599
  7133.99      1.4017  1.41694  1.41692  1.41945  1.41246  1.40600
  7132.49      1.4020  1.41715  1.41713  1.41966  1.41247  1.40601
  7130.99      1.4023  1.41726  1.41724  1.41977  1.41247  1.40601
  7129.49      1.4026  1.41714  1.41712  1.41965  1.41245  1.40599
  7127.99      1.4029  1.41679  1.41677  1.41930  1.41241  1.40595
  7126.49      1.4032  1.41664  1.41662  1.41915  1.41236  1.40590
  7124.99      1.4035  1.41668  1.41666  1.41919  1.41230  1.40584
  7123.49      1.4038  1.41679  1.41677  1.41929  1.41225  1.40579
  7121.99      1.4041  1.41682  1.41680  1.41932  1.41220  1.40574
  7120.49      1.4044  1.41666  1.41664  1.41917  1.41215  1.40569
  7118.99      1.4047  1.41630  1.41628  1.41880  1.41211  1.40566
  7117.49      1.4050  1.41602  1.41600  1.41852  1.41209  1.40563
  7115.99      1.4053  1.41610  1.41608  1.41860  1.41209  1.40563
  7114.49      1.4056  1.41626  1.41624  1.41876  1.41211  1.40565
  7112.99      1.4059  1.41660  1.41658  1.41911  1.41213  1.40568
  7111.49      1.4062  1.41695  1.41693  1.41946  1.41216  1.40570
  7109.99      1.4065  1.41709  1.41707  1.41960  1.41218  1.40573
  7108.49      1.4068  1.41690  1.41688  1.41941  1.41220  1.40574
  7106.99      1.4071  1.41666  1.41664  1.41917  1.41222  1.40576
  7105.49      1.4074  1.41646  1.41644  1.41896  1.41223  1.40577
  7103.99      1.4077  1.41632  1.41630  1.41883  1.41223  1.40578
  7102.49      1.4080  1.41636  1.41634  1.41887  1.41223  1.40578
  7100.99      1.4083  1.41661  1.41659  1.41911  1.41224  1.40578
  7099.49      1.4086  1.41690  1.41688  1.41941  1.41224  1.40578
  7097.99      1.4088  1.41705  1.41704  1.41956  1.41224  1.40579
  7096.49      1.4091  1.41689  1.41687  1.41940  1.41225  1.40579
  7094.99      1.4094  1.41664  1.41662  1.41915  1.41225  1.40580
  7093.49      1.4097  1.41647  1.41645  1.41897  1.41227  1.40582
  7091.99      1.4100  1.41645  1.41643  1.41895  1.41229  1.40583
  7090.49      1.4103  1.41646  1.41644  1.41897  1.41232  1.40586
  7088.99      1.4106  1.41664  1.41662  1.41915  1.41233  1.40587
  7087.49      1.4109  1.41688  1.41686  1.41939  1.41235  1.40590
  7085.99      1.4112  1.41706  1.41704  1.41957  1.41238  1.40591
  7084.49      1.4115  1.41721  1.41719  1.41972  1.41238  1.40592
  7082.99      1.4118  1.41711  1.41709  1.41962  1.41238  1.40592
  7081.49      1.4121  1.41683  1.41681  1.41933  1.41236  1.40590
  7079.99      1.4124  1.41650  1.41648  1.41901  1.41233  1.40587
  7078.49      1.4127  1.41655  1.41653  1.41906  1.41229  1.40583
  7076.99      1.4130  1.41673  1.41671  1.41924  1.41225  1.40579
  7075.49      1.4133  1.41683  1.41682  1.41934  1.41220  1.40575
  7073.99      1.4136  1.41674  1.41672  1.41925  1.41215  1.40569
  7072.49      1.4139  1.41650  1.41648  1.41901  1.41211  1.40566
  7070.99      1.4142  1.41629  1.41627  1.41880  1.41208  1.40563
  7069.49      1.4145  1.41620  1.41618  1.41871  1.41207  1.40561
  7067.99      1.4148  1.41625  1.41623  1.41876  1.41207  1.40562
  7066.49      1.4151  1.41637  1.41635  1.41888  1.41208  1.40563
  7064.99      1.4154  1.41649  1.41647  1.41899  1.41209  1.40564
  7063.49      1.4157  1.41663  1.41661  1.41914  1.41211  1.40566
  7061.99      1.4160  1.41679  1.41677  1.41930  1.41213  1.40567
  7060.49      1.4163  1.41675  1.41673  1.41926  1.41215  1.40569
  7058.99      1.4166  1.41670  1.41668  1.41921  1.41215  1.40570
  7057.49      1.4169  1.41665  1.41663  1.41916  1.41216  1.40570
  7055.99      1.4172  1.41657  1.41655  1.41907  1.41214  1.40569
  7054.49      1.4175  1.41640  1.41638  1.41891  1.41213  1.40567
  7052.99      1.4178  1.41636  1.41634  1.41886  1.41211  1.40565
  7051.49      1.4181  1.41649  1.41647  1.41899  1.41210  1.40564
  7049.99      1.4184  1.41672  1.41670  1.41923  1.41208  1.40562
  7048.49      1.4187  1.41661  1.41659  1.41911  1.41206  1.40560
  7046.99      1.4190  1.41638  1.41636  1.41889  1.41203  1.40558
  7045.49      1.4193  1.41629  1.41627  1.41879  1.41202  1.40557
  7043.99      1.4197  1.41643  1.41641  1.41893  1.41201  1.40556
  7042.49      1.4200  1.41654  1.41652  1.41904  1.41201  1.40555
  7040.99      1.4203  1.41641  1.41639  1.41892  1.41201  1.40555
  7039.49      1.4206  1.41627  1.41625  1.41878  1.41201  1.40556
  7037.99      1.4209  1.41633  1.41631  1.41884  1.41202  1.40557
  7036.49      1.4212  1.41635  1.41633  1.41886  1.41204  1.40559
  7034.99      1.4215  1.41645  1.41643  1.41895  1.41207  1.40562
  7033.49      1.4218  1.41655  1.41653  1.41905  1.41210  1.40565
  7031.99      1.4221  1.41659  1.41657  1.41910  1.41212  1.40567
  7030.49      1.4224  1.41673  1.41671  1.41924  1.41214  1.40569
  7028.99      1.4227  1.41674  1.41672  1.41925  1.41216  1.40571
  7027.49      1.4230  1.41669  1.41667  1.41920  1.41216  1.40571
  7025.99      1.4233  1.41669  1.41667  1.41920  1.41216  1.40570
  7024.49      1.4236  1.41656  1.41654  1.41907  1.41215  1.40570
  7022.99      1.4239  1.41647  1.41645  1.41897  1.41213  1.40567
  7021.49      1.4242  1.41645  1.41643  1.41896  1.41212  1.40566
  7019.99      1.4245  1.41649  1.41648  1.41900  1.41210  1.40564
  7018.48      1.4248  1.41655  1.41653  1.41905  1.41209  1.40564
  7016.98      1.4251  1.41653  1.41651  1.41903  1.41208  1.40562
  7015.48      1.4254  1.41646  1.41644  1.41897  1.41206  1.40561
  7013.98      1.4257  1.41639  1.41637  1.41889  1.41205  1.40560
  7012.48      1.4260  1.41634  1.41632  1.41884  1.41205  1.40559
  7010.98      1.4263  1.41651  1.41649  1.41901  1.41205  1.40559
  7009.48      1.4266  1.41668  1.41666  1.41919  1.41205  1.40560
  7007.98      1.4269  1.41662  1.41660  1.41912  1.41205  1.40560
  7006.48      1.4272  1.41639  1.41637  1.41890  1.41204  1.40559
  7004.98      1.4276  1.41624  1.41623  1.41875  1.41204  1.40559
  7003.48      1.4279  1.41627  1.41625  1.41878  1.41204  1.40559
  7001.98      1.4282  1.41648  1.41646  1.41899  1.41205  1.40560
  7000.48      1.4285  1.41665  1.41663  1.41916  1.41206  1.40560
  6998.98      1.4288  1.41659  1.41657  1.41910  1.41206  1.40561
  6997.48      1.4291  1.41647  1.41645  1.41898  1.41206  1.40560
  6995.98      1.4294  1.41648  1.41646  1.41898  1.41206  1.40560
  6994.48      1.4297  1.41654  1.41652  1.41905  1.41206  1.40560
  6992.98      1.4300  1.41644  1.41642  1.41894  1.41205  1.40559
  6991.48      1.4303  1.41635  1.41633  1.41885  1.41204  1.40559
  6989.98      1.4306  1.41645  1.41643  1.41895  1.41203  1.40557
  6988.48      1.4309  1.41659  1.41658  1.41910  1.41202  1.40556
  6986.98      1.4312  1.41655  1.41653  1.41906  1.41199  1.40554
  6985.48      1.4315  1.41640  1.41638  1.41891  1.41197  1.40551
  6983.98      1.4318  1.41628  1.41626  1.41879  1.41194  1.40549
  6982.48      1.4322  1.41624  1.41622  1.41874  1.41191  1.40546
  6980.98      1.4325  1.41629  1.41627  1.41879  1.41191  1.40546
  6979.48      1.4328  1.41637  1.41635  1.41888  1.41190  1.40545
  6977.98      1.4331  1.41637  1.41635  1.41887  1.41190  1.40545
  6976.48      1.4334  1.41612  1.41610  1.41862  1.41189  1.40544
  6974.98      1.4337  1.41604  1.41602  1.41854  1.41189  1.40544
  6973.48      1.4340  1.41618  1.41616  1.41868  1.41191  1.40546
  6971.98      1.4343  1.41648  1.41646  1.41898  1.41194  1.40549
  6970.48      1.4346  1.41663  1.41661  1.41914  1.41195  1.40550
  6968.98      1.4349  1.41662  1.41660  1.41912  1.41196  1.40551
  6967.48      1.4352  1.41650  1.41648  1.41900  1.41196  1.40551
  6965.98      1.4355  1.41635  1.41633  1.41886  1.41195  1.40550
  6964.48      1.4359  1.41620  1.41618  1.41870  1.41195  1.40550
  6962.98      1.4362  1.41632  1.41630  1.41882  1.41194  1.40549
  6961.48      1.4365  1.41648  1.41647  1.41899  1.41193  1.40548
  6959.98      1.4368  1.41643  1.41641  1.41894  1.41192  1.40547
  6958.48      1.4371  1.41611  1.41609  1.41862  1.41190  1.40545
  6956.98      1.4374  1.41613  1.41611  1.41863  1.41190  1.40545
  6955.48      1.4377  1.41634  1.41632  1.41884  1.41189  1.40544
  6953.98      1.4380  1.41645  1.41643  1.41895  1.41189  1.40544
  6952.48      1.4383  1.41632  1.41631  1.41883  1.41187  1.40542
  6950.98      1.4386  1.41630  1.41628  1.41880  1.41186  1.40541
  6949.48      1.4390  1.41640  1.41638  1.41890  1.41183  1.40538
  6947.98      1.4393  1.41651  1.41649  1.41902  1.41182  1.40537
  6946.48      1.4396  1.41621  1.41620  1.41872  1.41179  1.40534
  6944.98      1.4399  1.41594  1.41592  1.41845  1.41177  1.40532
  6943.48      1.4402  1.41584  1.41582  1.41835  1.41175  1.40530
  6941.98      1.4405  1.41594  1.41592  1.41844  1.41174  1.40529
  6940.48      1.4408  1.41613  1.41611  1.41863  1.41174  1.40530
  6938.98      1.4411  1.41629  1.41627  1.41879  1.41175  1.40531
  6937.48      1.4414  1.41635  1.41633  1.41885  1.41176  1.40531
  6935.98      1.4418  1.41629  1.41627  1.41880  1.41177  1.40532
  6934.48      1.4421  1.41616  1.41614  1.41866  1.41177  1.40533
  6932.98      1.4424  1.41616  1.41614  1.41866  1.41179  1.40534
  6931.48      1.4427  1.41624  1.41622  1.41874  1.41181  1.40536
  6929.98      1.4430  1.41627  1.41625  1.41878  1.41181  1.40536
  6928.48      1.4433  1.41619  1.41617  1.41869  1.41182  1.40537
  6926.98      1.4436  1.41617  1.41615  1.41867  1.41182  1.40537
  6925.48      1.4439  1.41622  1.41620  1.41873  1.41183  1.40538
  6923.98      1.4443  1.41630  1.41628  1.41880  1.41183  1.40538
  6922.48      1.4446  1.41630  1.41628  1.41881  1.41184  1.40539
  6920.98      1.4449  1.41633  1.41631  1.41883  1.41186  1.40541
  6919.48      1.4452  1.41634  1.41632  1.41884  1.41187  1.40542
  6917.98      1.4455  1.41630  1.41628  1.41881  1.41189  1.40544
  6916.48      1.4458  1.41619  1.41617  1.41870  1.41190  1.40545
  6914.98      1.4461  1.41615  1.41613  1.41866  1.41192  1.40547
  6913.48      1.4465  1.41625  1.41624  1.41876  1.41194  1.40549
  6911.98      1.4468  1.41648  1.41646  1.41899  1.41196  1.40551
  6910.48      1.4471  1.41655  1.41653  1.41906  1.41196  1.40551
  6908.98      1.4474  1.41658  1.41656  1.41908  1.41196  1.40551
  6907.48      1.4477  1.41655  1.41653  1.41906  1.41194  1.40550
  6905.98      1.4480  1.41647  1.41645  1.41898  1.41192  1.40547
  6904.48      1.4483  1.41639  1.41637  1.41890  1.41188  1.40543
  6902.98      1.4487  1.41625  1.41623  1.41875  1.41183  1.40538
  6901.48      1.4490  1.41611  1.41609  1.41861  1.41178  1.40533
  6899.98      1.4493  1.41604  1.41602  1.41854  1.41172  1.40527
  6898.48      1.4496  1.41597  1.41595  1.41848  1.41166  1.40521
  6896.98      1.4499  1.41600  1.41598  1.41850  1.41162  1.40517
  6895.48      1.4502  1.41603  1.41601  1.41854  1.41158  1.40513
  6893.98      1.4505  1.41599  1.41597  1.41850  1.41155  1.40511
  6892.48      1.4509  1.41588  1.41586  1.41838  1.41153  1.40509
  6890.98      1.4512  1.41581  1.41579  1.41831  1.41153  1.40508
  6889.48      1.4515  1.41578  1.41576  1.41828  1.41153  1.40509
  6887.98      1.4518  1.41579  1.41577  1.41829  1.41155  1.40511
  6886.48      1.4521  1.41594  1.41592  1.41844  1.41157  1.40513
  6884.98      1.4524  1.41608  1.41606  1.41859  1.41160  1.40516
  6883.48      1.4528  1.41617  1.41615  1.41868  1.41162  1.40517
  6881.98      1.4531  1.41619  1.41617  1.41870  1.41164  1.40519
  6880.47      1.4534  1.41615  1.41613  1.41866  1.41164  1.40520
  6878.97      1.4537  1.41610  1.41608  1.41860  1.41165  1.40520
  6877.47      1.4540  1.41612  1.41610  1.41862  1.41164  1.40520
  6875.97      1.4543  1.41622  1.41620  1.41872  1.41164  1.40520
  6874.47      1.4547  1.41608  1.41606  1.41858  1.41163  1.40518
  6872.97      1.4550  1.41593  1.41591  1.41843  1.41162  1.40518
  6871.47      1.4553  1.41581  1.41579  1.41831  1.41161  1.40516
  6869.97      1.4556  1.41578  1.41576  1.41828  1.41160  1.40516
  6868.47      1.4559  1.41595  1.41593  1.41845  1.41161  1.40517
  6866.97      1.4562  1.41613  1.41611  1.41864  1.41162  1.40518
  6865.47      1.4566  1.41623  1.41621  1.41874  1.41163  1.40519
  6863.97      1.4569  1.41621  1.41619  1.41872  1.41164  1.40519
  6862.47      1.4572  1.41615  1.41613  1.41865  1.41163  1.40519
  6860.97      1.4575  1.41603  1.41601  1.41853  1.41162  1.40517
  6859.47      1.4578  1.41595  1.41593  1.41845  1.41160  1.40516
  6857.97      1.4582  1.41598  1.41596  1.41848  1.41157  1.40513
  6856.47      1.4585  1.41610  1.41608  1.41860  1.41154  1.40510
  6854.97      1.4588  1.41610  1.41608  1.41860  1.41149  1.40505
  6853.47      1.4591  1.41596  1.41594  1.41846  1.41144  1.40499
  6851.97      1.4594  1.41576  1.41574  1.41826  1.41137  1.40494
  6850.47      1.4598  1.41561  1.41559  1.41811  1.41132  1.40488
  6848.97      1.4601  1.41560  1.41558  1.41810  1.41127  1.40483
  6847.47      1.4604  1.41560  1.41558  1.41810  1.41124  1.40480
  6845.97      1.4607  1.41551  1.41549  1.41801  1.41122  1.40479
  6844.47      1.4610  1.41543  1.41542  1.41793  1.41121  1.40477
  6842.97      1.4614  1.41534  1.41532  1.41784  1.41121  1.40477
  6841.47      1.4617  1.41542  1.41540  1.41792  1.41122  1.40479
  6839.97      1.4620  1.41577  1.41575  1.41828  1.41126  1.40482
  6838.47      1.4623  1.41602  1.41600  1.41853  1.41129  1.40485
  6836.97      1.4626  1.41595  1.41593  1.41845  1.41132  1.40489
  6835.47      1.4630  1.41575  1.41573  1.41825  1.41136  1.40491
  6833.97      1.4633  1.41566  1.41564  1.41816  1.41139  1.40495
  6832.47      1.4636  1.41567  1.41565  1.41817  1.41141  1.40497
  6830.97      1.4639  1.41579  1.41577  1.41829  1.41145  1.40501
  6829.47      1.4642  1.41597  1.41595  1.41847  1.41148  1.40504
  6827.97      1.4646  1.41612  1.41610  1.41862  1.41151  1.40506
  6826.47      1.4649  1.41600  1.41598  1.41851  1.41153  1.40509
  6824.97      1.4652  1.41592  1.41590  1.41842  1.41156  1.40512
  6823.47      1.4655  1.41590  1.41588  1.41840  1.41159  1.40515
  6821.97      1.4659  1.41592  1.41590  1.41842  1.41164  1.40518
  6820.47      1.4662  1.41603  1.41601  1.41853  1.41166  1.40522
  6818.97      1.4665  1.41619  1.41617  1.41869  1.41168  1.40523
  6817.47      1.4668  1.41632  1.41630  1.41882  1.41169  1.40524
  6815.97      1.4671  1.41634  1.41632  1.41884  1.41168  1.40523
  6814.47      1.4675  1.41630  1.41628  1.41880  1.41165  1.40521
  6812.97      1.4678  1.41623  1.41622  1.41874  1.41162  1.40518
  6811.47      1.4681  1.41609  1.41608  1.41860  1.41158  1.40514
  6809.97      1.4684  1.41585  1.41583  1.41835  1.41153  1.40509
  6808.47      1.4688  1.41564  1.41562  1.41814  1.41148  1.40504
  6806.97      1.4691  1.41562  1.41560  1.41812  1.41144  1.40499
  6805.47      1.4694  1.41567  1.41565  1.41817  1.41141  1.40496
  6803.97      1.4697  1.41570  1.41568  1.41820  1.41139  1.40495
  6802.47      1.4701  1.41586  1.41584  1.41836  1.41138  1.40494
  6800.97      1.4704  1.41593  1.41591  1.41843  1.41139  1.40495
  6799.47      1.4707  1.41583  1.41581  1.41833  1.41140  1.40496
  6797.97      1.4710  1.41564  1.41562  1.41814  1.41140  1.40496
  6796.47      1.4714  1.41576  1.41574  1.41826  1.41143  1.40499
  6794.97      1.4717  1.41588  1.41586  1.41839  1.41145  1.40500
  6793.47      1.4720  1.41598  1.41596  1.41848  1.41146  1.40502
  6791.97      1.4723  1.41604  1.41602  1.41854  1.41147  1.40503
  6790.47      1.4727  1.41596  1.41594  1.41847  1.41147  1.40503
  6788.97      1.4730  1.41588  1.41586  1.41838  1.41147  1.40503
  6787.47      1.4733  1.41585  1.41583  1.41835  1.41146  1.40502
  6785.97      1.4736  1.41590  1.41588  1.41841  1.41145  1.40501
  6784.47      1.4740  1.41592  1.41590  1.41843  1.41144  1.40500
  6782.97      1.4743  1.41579  1.41578  1.41830  1.41141  1.40497
  6781.47      1.4746  1.41572  1.41570  1.41822  1.41139  1.40495
  6779.97      1.4749  1.41585  1.41583  1.41835  1.41137  1.40493
  6778.47      1.4753  1.41595  1.41593  1.41845  1.41136  1.40492
  6776.97      1.4756  1.41574  1.41572  1.41824  1.41134  1.40490
  6775.47      1.4759  1.41546  1.41544  1.41796  1.41132  1.40488
  6773.97      1.4762  1.41540  1.41538  1.41790  1.41132  1.40488
  6772.47      1.4766  1.41572  1.41570  1.41822  1.41133  1.40489
  6770.97      1.4769  1.41592  1.41591  1.41843  1.41133  1.40490
  6769.47      1.4772  1.41593  1.41591  1.41844  1.41134  1.40490
  6767.97      1.4775  1.41582  1.41580  1.41832  1.41134  1.40490
  6766.47      1.4779  1.41580  1.41578  1.41830  1.41135  1.40491
  6764.97      1.4782  1.41578  1.41576  1.41828  1.41135  1.40491
  6763.47      1.4785  1.41573  1.41571  1.41823  1.41137  1.40493
  6761.97      1.4789  1.41565  1.41563  1.41815  1.41137  1.40493
  6760.47      1.4792  1.41564  1.41562  1.41814  1.41139  1.40495
  6758.97      1.4795  1.41579  1.41577  1.41829  1.41140  1.40496
  6757.47      1.4798  1.41593  1.41591  1.41844  1.41141  1.40497
  6755.97      1.4802  1.41593  1.41591  1.41843  1.41143  1.40499
  6754.47      1.4805  1.41594  1.41592  1.41844  1.41143  1.40499
  6752.97      1.4808  1.41595  1.41594  1.41846  1.41143  1.40499
  6751.47      1.4812  1.41593  1.41591  1.41843  1.41143  1.40499
  6749.96      1.4815  1.41584  1.41582  1.41835  1.41141  1.40497
  6748.46      1.4818  1.41584  1.41582  1.41834  1.41138  1.40494
  6746.96      1.4821  1.41582  1.41580  1.41832  1.41135  1.40491
  6745.46      1.4825  1.41577  1.41575  1.41827  1.41132  1.40488
  6743.96      1.4828  1.41569  1.41567  1.41819  1.41129  1.40485
  6742.46      1.4831  1.41558  1.41556  1.41808  1.41126  1.40483
  6740.96      1.4835  1.41550  1.41548  1.41800  1.41125  1.40481
  6739.46      1.4838  1.41549  1.41547  1.41799  1.41124  1.40481
  6737.96      1.4841  1.41558  1.41556  1.41808  1.41125  1.40481
  6736.46      1.4845  1.41563  1.41561  1.41813  1.41126  1.40482
  6734.96      1.4848  1.41569  1.41567  1.41819  1.41126  1.40482
  6733.46      1.4851  1.41576  1.41574  1.41826  1.41127  1.40483
  6731.96      1.4855  1.41583  1.41581  1.41833  1.41128  1.40484
  6730.46      1.4858  1.41589  1.41587  1.41839  1.41128  1.40484
  6728.96      1.4861  1.41588  1.41586  1.41838  1.41127  1.40483
  6727.46      1.4864  1.41573  1.41572  1.41824  1.41126  1.40482
  6725.96      1.4868  1.41547  1.41545  1.41797  1.41123  1.40480
  6724.46      1.4871  1.41535  1.41533  1.41785  1.41123  1.40479
  6722.96      1.4874  1.41552  1.41550  1.41802  1.41122  1.40479
  6721.46      1.4878  1.41572  1.41570  1.41822  1.41122  1.40479
  6719.96      1.4881  1.41571  1.41570  1.41822  1.41122  1.40479
  6718.46      1.4884  1.41555  1.41553  1.41805  1.41122  1.40478
  6716.96      1.4888  1.41553  1.41552  1.41803  1.41122  1.40479
  6715.46      1.4891  1.41569  1.41567  1.41819  1.41123  1.40479
  6713.96      1.4894  1.41588  1.41587  1.41839  1.41123  1.40480
  6712.46      1.4898  1.41588  1.41586  1.41838  1.41123  1.40480
  6710.96      1.4901  1.41572  1.41570  1.41822  1.41123  1.40479
  6709.46      1.4904  1.41551  1.41549  1.41801  1.41121  1.40478
  6707.96      1.4908  1.41537  1.41535  1.41787  1.41120  1.40477
  6706.46      1.4911  1.41545  1.41543  1.41795  1.41120  1.40477
  6704.96      1.4914  1.41556  1.41554  1.41806  1.41121  1.40477
  6703.46      1.4918  1.41567  1.41566  1.41818  1.41121  1.40478
  6701.96      1.4921  1.41577  1.41575  1.41827  1.41121  1.40478
  6700.46      1.4924  1.41577  1.41575  1.41827  1.41121  1.40478
  6698.96      1.4928  1.41566  1.41564  1.41816  1.41121  1.40477
  6697.46      1.4931  1.41556  1.41554  1.41806  1.41121  1.40477
  6695.96      1.4934  1.41557  1.41556  1.41808  1.41121  1.40478
  6694.46      1.4938  1.41571  1.41569  1.41821  1.41122  1.40478
  6692.96      1.4941  1.41567  1.41566  1.41818  1.41122  1.40478
  6691.46      1.4944  1.41553  1.41551  1.41803  1.41121  1.40478
  6689.96      1.4948  1.41543  1.41541  1.41793  1.41121  1.40478
  6688.46      1.4951  1.41547  1.41545  1.41797  1.41122  1.40478
  6686.96      1.4954  1.41570  1.41568  1.41820  1.41122  1.40479
  6685.46      1.4958  1.41591  1.41590  1.41842  1.41122  1.40479
  6683.96      1.4961  1.41590  1.41588  1.41840  1.41122  1.40478
  6682.46      1.4965  1.41563  1.41562  1.41814  1.41119  1.40476
  6680.96      1.4968  1.41555  1.41553  1.41805  1.41118  1.40473
  6679.46      1.4971  1.41555  1.41553  1.41805  1.41115  1.40472
  6677.96      1.4975  1.41549  1.41547  1.41799  1.41113  1.40470
  6676.46      1.4978  1.41536  1.41534  1.41786  1.41112  1.40469
  6674.96      1.4981  1.41535  1.41534  1.41785  1.41111  1.40467
  6673.46      1.4985  1.41545  1.41543  1.41795  1.41110  1.40467
  6671.96      1.4988  1.41558  1.41556  1.41808  1.41110  1.40467
  6670.46      1.4991  1.41558  1.41556  1.41808  1.41110  1.40467
  6668.96      1.4995  1.41556  1.41554  1.41806  1.41110  1.40467
  6667.46      1.4998  1.41559  1.41557  1.41809  1.41111  1.40468
  6665.96      1.5002  1.41565  1.41563  1.41815  1.41111  1.40468
  6664.46      1.5005  1.41554  1.41552  1.41804  1.41112  1.40468
  6662.96      1.5008  1.41540  1.41538  1.41790  1.41112  1.40468
  6661.46      1.5012  1.41535  1.41533  1.41785  1.41112  1.40469
  6659.96      1.5015  1.41544  1.41542  1.41794  1.41112  1.40469
  6658.46      1.5018  1.41557  1.41555  1.41807  1.41113  1.40470
  6656.96      1.5022  1.41568  1.41566  1.41818  1.41113  1.40470
  6655.46      1.5025  1.41571  1.41569  1.41821  1.41113  1.40469
  6653.96      1.5029  1.41565  1.41563  1.41815  1.41112  1.40468
  6652.46      1.5032  1.41555  1.41553  1.41805  1.41111  1.40468
  6650.96      1.5035  1.41547  1.41545  1.41797  1.41109  1.40466
  6649.46      1.5039  1.41545  1.41543  1.41795  1.41109  1.40465
  6647.96      1.5042  1.41545  1.41543  1.41795  1.41107  1.40464
  6646.46      1.5046  1.41538  1.41536  1.41788  1.41106  1.40463
  6644.96      1.5049  1.41540  1.41538  1.41790  1.41106  1.40462
  6643.46      1.5052  1.41545  1.41543  1.41795  1.41106  1.40463
  6641.96      1.5056  1.41545  1.41543  1.41795  1.41106  1.40463
  6640.46      1.5059  1.41544  1.41542  1.41794  1.41107  1.40464
  6638.96      1.5063  1.41548  1.41546  1.41798  1.41107  1.40464
  6637.46      1.5066  1.41555  1.41553  1.41805  1.41107  1.40464
  6635.96      1.5069  1.41562  1.41560  1.41812  1.41107  1.40464
  6634.46      1.5073  1.41572  1.41570  1.41822  1.41105  1.40462
  6632.96      1.5076  1.41557  1.41556  1.41808  1.41103  1.40460
  6631.46      1.5080  1.41536  1.41534  1.41786  1.41100  1.40457
  6629.96      1.5083  1.41527  1.41525  1.41777  1.41099  1.40455
  6628.46      1.5086  1.41528  1.41526  1.41778  1.41097  1.40454
  6626.96      1.5090  1.41529  1.41528  1.41779  1.41096  1.40453
  6625.46      1.5093  1.41526  1.41525  1.41776  1.41096  1.40453
  6623.96      1.5097  1.41520  1.41518  1.41770  1.41098  1.40455
  6622.46      1.5100  1.41526  1.41524  1.41776  1.41100  1.40456
  6620.96      1.5104  1.41538  1.41536  1.41787  1.41103  1.40460
  6619.46      1.5107  1.41551  1.41549  1.41801  1.41108  1.40465
  6617.96      1.5110  1.41564  1.41562  1.41814  1.41112  1.40469
  6616.46      1.5114  1.41571  1.41569  1.41821  1.41114  1.40471
  6614.96      1.5117  1.41579  1.41577  1.41829  1.41116  1.40473
  6613.46      1.5121  1.41579  1.41577  1.41829  1.41116  1.40473
  6611.95      1.5124  1.41566  1.41564  1.41816  1.41115  1.40472
  6610.45      1.5128  1.41562  1.41560  1.41812  1.41114  1.40470
  6608.95      1.5131  1.41554  1.41553  1.41804  1.41110  1.40467
  6607.45      1.5134  1.41540  1.41538  1.41790  1.41106  1.40463
  6605.95      1.5138  1.41523  1.41521  1.41773  1.41101  1.40458
  6604.45      1.5141  1.41521  1.41519  1.41771  1.41097  1.40454
  6602.95      1.5145  1.41537  1.41535  1.41787  1.41093  1.40450
  6601.45      1.5148  1.41549  1.41547  1.41799  1.41091  1.40448
  6599.95      1.5152  1.41541  1.41539  1.41791  1.41089  1.40446
  6598.45      1.5155  1.41523  1.41522  1.41773  1.41088  1.40445
  6596.95      1.5159  1.41508  1.41506  1.41758  1.41088  1.40445
  6595.45      1.5162  1.41503  1.41501  1.41753  1.41089  1.40446
  6593.95      1.5165  1.41512  1.41511  1.41762  1.41091  1.40448
  6592.45      1.5169  1.41531  1.41529  1.41781  1.41092  1.40449
  6590.95      1.5172  1.41547  1.41545  1.41797  1.41095  1.40452
  6589.45      1.5176  1.41559  1.41557  1.41809  1.41096  1.40453
  6587.95      1.5179  1.41566  1.41564  1.41816  1.41097  1.40454
  6586.45      1.5183  1.41557  1.41555  1.41807  1.41097  1.40454
  6584.95      1.5186  1.41534  1.41532  1.41784  1.41097  1.40454
  6583.45      1.5190  1.41517  1.41515  1.41767  1.41096  1.40452
  6581.95      1.5193  1.41521  1.41519  1.41770  1.41095  1.40452
  6580.45      1.5197  1.41535  1.41533  1.41785  1.41094  1.40451
  6578.95      1.5200  1.41540  1.41539  1.41790  1.41093  1.40450
  6577.45      1.5203  1.41538  1.41536  1.41788  1.41091  1.40448
  6575.95      1.5207  1.41532  1.41530  1.41782  1.41090  1.40447
  6574.45      1.5210  1.41526  1.41524  1.41776  1.41089  1.40446
  6572.95      1.5214  1.41524  1.41522  1.41774  1.41088  1.40445
  6571.45      1.5217  1.41528  1.41526  1.41778  1.41087  1.40444
  6569.95      1.5221  1.41534  1.41532  1.41784  1.41086  1.40443
  6568.45      1.5224  1.41530  1.41528  1.41779  1.41084  1.40441
  6566.95      1.5228  1.41530  1.41528  1.41780  1.41081  1.40438
  6565.45      1.5231  1.41527  1.41525  1.41777  1.41079  1.40436
  6563.95      1.5235  1.41515  1.41514  1.41765  1.41077  1.40434
  6562.45      1.5238  1.41510  1.41508  1.41760  1.41075  1.40433
  6560.95      1.5242  1.41511  1.41509  1.41761  1.41074  1.40431
  6559.45      1.5245  1.41504  1.41503  1.41754  1.41072  1.40430
  6557.95      1.5249  1.41488  1.41486  1.41738  1.41072  1.40429
  6556.45      1.5252  1.41500  1.41498  1.41750  1.41073  1.40430
  6554.95      1.5256  1.41521  1.41519  1.41771  1.41074  1.40431
  6553.45      1.5259  1.41532  1.41530  1.41782  1.41076  1.40433
  6551.95      1.5263  1.41525  1.41523  1.41775  1.41077  1.40434
  6550.45      1.5266  1.41519  1.41517  1.41769  1.41079  1.40436
  6548.95      1.5270  1.41524  1.41522  1.41774  1.41080  1.40437
  6547.45      1.5273  1.41525  1.41523  1.41775  1.41082  1.40439
  6545.95      1.5277  1.41513  1.41511  1.41763  1.41083  1.40440
  6544.45      1.5280  1.41518  1.41516  1.41768  1.41083  1.40440
  6542.95      1.5284  1.41531  1.41529  1.41781  1.41084  1.40441
  6541.45      1.5287  1.41542  1.41540  1.41792  1.41084  1.40441
  6539.95      1.5291  1.41541  1.41539  1.41791  1.41084  1.40442
  6538.45      1.5294  1.41518  1.41516  1.41768  1.41084  1.40441
  6536.95      1.5298  1.41504  1.41502  1.41754  1.41084  1.40441
  6535.45      1.5301  1.41510  1.41508  1.41759  1.41084  1.40441
  6533.95      1.5305  1.41530  1.41528  1.41780  1.41083  1.40441
  6532.45      1.5308  1.41538  1.41537  1.41788  1.41083  1.40440
  6530.95      1.5312  1.41537  1.41535  1.41787  1.41081  1.40438
  6529.45      1.5315  1.41532  1.41530  1.41782  1.41079  1.40436
  6527.95      1.5319  1.41527  1.41525  1.41777  1.41077  1.40434
  6526.45      1.5322  1.41509  1.41507  1.41759  1.41074  1.40431
  6524.95      1.5326  1.41498  1.41497  1.41748  1.41072  1.40429
  6523.45      1.5329  1.41499  1.41497  1.41749  1.41069  1.40427
  6521.95      1.5333  1.41506  1.41505  1.41756  1.41067  1.40425
  6520.45      1.5336  1.41502  1.41500  1.41751  1.41065  1.40422
  6518.95      1.5340  1.41506  1.41504  1.41755  1.41063  1.40420
  6517.45      1.5343  1.41512  1.41510  1.41762  1.41062  1.40419
  6515.95      1.5347  1.41512  1.41510  1.41761  1.41060  1.40418
  6514.45      1.5350  1.41494  1.41492  1.41744  1.41059  1.40417
  6512.95      1.5354  1.41483  1.41481  1.41733  1.41058  1.40416
  6511.45      1.5358  1.41486  1.41484  1.41736  1.41057  1.40415
  6509.95      1.5361  1.41501  1.41499  1.41751  1.41057  1.40415
  6508.45      1.5365  1.41504  1.41502  1.41754  1.41057  1.40414
  6506.95      1.5368  1.41500  1.41498  1.41750  1.41055  1.40413
  6505.45      1.5372  1.41497  1.41495  1.41747  1.41054  1.40411
  6503.95      1.5375  1.41498  1.41497  1.41748  1.41053  1.40410
  6502.45      1.5379  1.41493  1.41491  1.41742  1.41051  1.40409
  6500.95      1.5382  1.41492  1.41490  1.41742  1.41050  1.40408
  6499.45      1.5386  1.41491  1.41490  1.41741  1.41048  1.40406
  6497.95      1.5389  1.41486  1.41484  1.41736  1.41047  1.40405
  6496.45      1.5393  1.41475  1.41473  1.41724  1.41045  1.40403
  6494.95      1.5397  1.41472  1.41470  1.41721  1.41045  1.40403
  6493.45      1.5400  1.41476  1.41474  1.41726  1.41045  1.40403
  6491.95      1.5404  1.41484  1.41482  1.41733  1.41045  1.40403
  6490.45      1.5407  1.41492  1.41491  1.41742  1.41047  1.40405
  6488.95      1.5411  1.41491  1.41489  1.41741  1.41049  1.40407
  6487.45      1.5414  1.41488  1.41486  1.41737  1.41049  1.40407
  6485.95      1.5418  1.41490  1.41488  1.41739  1.41050  1.40408
  6484.45      1.5422  1.41497  1.41495  1.41747  1.41050  1.40408
  6482.95      1.5425  1.41500  1.41499  1.41750  1.41049  1.40407
  6481.44      1.5429  1.41505  1.41503  1.41755  1.41048  1.40406
  6479.94      1.5432  1.41511  1.41509  1.41761  1.41046  1.40404
  6478.44      1.5436  1.41489  1.41487  1.41739  1.41044  1.40402
  6476.94      1.5439  1.41464  1.41462  1.41713  1.41042  1.40400
  6475.44      1.5443  1.41446  1.41444  1.41695  1.41040  1.40398
  6473.94      1.5447  1.41445  1.41444  1.41695  1.41039  1.40397
  6472.44      1.5450  1.41470  1.41468  1.41720  1.41040  1.40398
  6470.94      1.5454  1.41500  1.41498  1.41750  1.41041  1.40399
  6469.44      1.5457  1.41509  1.41508  1.41759  1.41041  1.40399
  6467.94      1.5461  1.41490  1.41488  1.41740  1.41040  1.40399
  6466.44      1.5464  1.41484  1.41482  1.41734  1.41040  1.40398
  6464.94      1.5468  1.41485  1.41483  1.41735  1.41039  1.40397
  6463.44      1.5472  1.41486  1.41484  1.41736  1.41038  1.40396
  6461.94      1.5475  1.41480  1.41478  1.41730  1.41036  1.40394
  6460.44      1.5479  1.41463  1.41461  1.41712  1.41034  1.40392
  6458.94      1.5482  1.41453  1.41451  1.41702  1.41030  1.40388
  6457.44      1.5486  1.41456  1.41454  1.41705  1.41028  1.40387
  6455.94      1.5490  1.41471  1.41469  1.41720  1.41026  1.40385
  6454.44      1.5493  1.41480  1.41478  1.41729  1.41025  1.40384
  6452.94      1.5497  1.41474  1.41472  1.41724  1.41023  1.40382
  6451.44      1.5500  1.41461  1.41460  1.41711  1.41021  1.40379
  6449.94      1.5504  1.41452  1.41450  1.41701  1.41020  1.40378
  6448.44      1.5508  1.41453  1.41451  1.41702  1.41019  1.40377
  6446.94      1.5511  1.41455  1.41454  1.41705  1.41018  1.40377
  6445.44      1.5515  1.41455  1.41453  1.41704  1.41016  1.40375
  6443.94      1.5518  1.41450  1.41448  1.41700  1.41015  1.40373
  6442.44      1.5522  1.41451  1.41449  1.41700  1.41013  1.40371
  6440.94      1.5526  1.41457  1.41455  1.41706  1.41011  1.40370
  6439.44      1.5529  1.41466  1.41464  1.41715  1.41009  1.40367
  6437.94      1.5533  1.41471  1.41469  1.41720  1.41005  1.40364
  6436.44      1.5537  1.41443  1.41441  1.41692  1.41001  1.40360
  6434.94      1.5540  1.41418  1.41417  1.41668  1.40996  1.40355
  6433.44      1.5544  1.41416  1.41415  1.41666  1.40993  1.40352
  6431.94      1.5547  1.41437  1.41435  1.41686  1.40990  1.40349
  6430.44      1.5551  1.41428  1.41427  1.41678  1.40988  1.40347
  6428.94      1.5555  1.41405  1.41403  1.41654  1.40986  1.40345
  6427.44      1.5558  1.41394  1.41392  1.41643  1.40986  1.40345
  6425.94      1.5562  1.41411  1.41410  1.41661  1.40986  1.40345
  6424.44      1.5566  1.41432  1.41430  1.41681  1.40988  1.40347
  6422.94      1.5569  1.41443  1.41442  1.41693  1.40990  1.40349
  6421.44      1.5573  1.41448  1.41446  1.41697  1.40992  1.40351
  6419.94      1.5576  1.41449  1.41447  1.41698  1.40993  1.40352
  6418.44      1.5580  1.41446  1.41444  1.41695  1.40994  1.40353
  6416.94      1.5584  1.41431  1.41429  1.41680  1.40995  1.40353
  6415.44      1.5587  1.41420  1.41418  1.41669  1.40995  1.40354
  6413.94      1.5591  1.41424  1.41422  1.41673  1.40994  1.40353
  6412.44      1.5595  1.41431  1.41429  1.41681  1.40994  1.40352
  6410.94      1.5598  1.41433  1.41431  1.41682  1.40992  1.40351
  6409.44      1.5602  1.41439  1.41437  1.41688  1.40992  1.40351
  6407.94      1.5606  1.41452  1.41450  1.41701  1.40990  1.40349
  6406.44      1.5609  1.41437  1.41436  1.41687  1.40988  1.40347
  6404.94      1.5613  1.41418  1.41416  1.41667  1.40985  1.40344
  6403.44      1.5617  1.41410  1.41408  1.41659  1.40982  1.40341
  6401.94      1.5620  1.41419  1.41418  1.41669  1.40980  1.40339
  6400.44      1.5624  1.41422  1.41421  1.41672  1.40977  1.40336
  6398.94      1.5628  1.41415  1.41413  1.41664  1.40974  1.40333
  6397.44      1.5631  1.41406  1.41404  1.41655  1.40971  1.40331
  6395.94      1.5635  1.41402  1.41401  1.41651  1.40969  1.40329
  6394.44      1.5639  1.41397  1.41395  1.41646  1.40968  1.40327
  6392.94      1.5642  1.41400  1.41399  1.41650  1.40967  1.40327
  6391.44      1.5646  1.41406  1.41405  1.41656  1.40967  1.40327
  6389.94      1.5650  1.41407  1.41405  1.41656  1.40967  1.40327
  6388.44      1.5653  1.41401  1.41400  1.41651  1.40968  1.40327
  6386.94      1.5657  1.41405  1.41403  1.41654  1.40968  1.40327
  6385.44      1.5661  1.41414  1.41413  1.41664  1.40969  1.40328
  6383.94      1.5664  1.41421  1.41419  1.41670  1.40969  1.40328
  6382.44      1.5668  1.41412  1.41410  1.41661  1.40968  1.40328
  6380.94      1.5672  1.41404  1.41402  1.41653  1.40968  1.40327
  6379.44      1.5675  1.41404  1.41402  1.41653  1.40967  1.40326
  6377.94      1.5679  1.41411  1.41410  1.41661  1.40966  1.40325
  6376.44      1.5683  1.41408  1.41406  1.41657  1.40965  1.40325
  6374.94      1.5686  1.41398  1.41396  1.41647  1.40964  1.40323
  6373.44      1.5690  1.41392  1.41390  1.41641  1.40963  1.40323
  6371.94      1.5694  1.41395  1.41393  1.41644  1.40963  1.40322
  6370.44      1.5698  1.41403  1.41402  1.41653  1.40962  1.40322
  6368.94      1.5701  1.41402  1.41400  1.41651  1.40962  1.40322
  6367.44      1.5705  1.41401  1.41399  1.41650  1.40961  1.40321
  6365.94      1.5709  1.41408  1.41407  1.41657  1.40961  1.40320
  6364.44      1.5712  1.41404  1.41402  1.41653  1.40959  1.40319
  6362.94      1.5716  1.41405  1.41403  1.41654  1.40958  1.40318
  6361.44      1.5720  1.41403  1.41401  1.41652  1.40956  1.40316
  6359.94      1.5723  1.41392  1.41390  1.41641  1.40954  1.40314
  6358.44      1.5727  1.41381  1.41379  1.41630  1.40954  1.40314
  6356.94      1.5731  1.41379  1.41377  1.41628  1.40953  1.40313
  6355.44      1.5735  1.41381  1.41379  1.41630  1.40953  1.40313
  6353.94      1.5738  1.41382  1.41380  1.41631  1.40953  1.40313
  6352.44      1.5742  1.41388  1.41386  1.41637  1.40953  1.40313
  6350.94      1.5746  1.41400  1.41399  1.41649  1.40952  1.40312
  6349.44      1.5749  1.41413  1.41411  1.41662  1.40952  1.40312
  6347.94      1.5753  1.41418  1.41417  1.41668  1.40951  1.40310
  6346.44      1.5757  1.41403  1.41401  1.41652  1.40948  1.40308
  6344.94      1.5761  1.41387  1.41385  1.41636  1.40945  1.40305
  6343.43      1.5764  1.41367  1.41366  1.41616  1.40941  1.40301
  6341.93      1.5768  1.41348  1.41346  1.41596  1.40938  1.40298
  6340.43      1.5772  1.41359  1.41358  1.41608  1.40936  1.40296
  6338.93      1.5776  1.41375  1.41374  1.41624  1.40934  1.40294
  6337.43      1.5779  1.41380  1.41379  1.41629  1.40932  1.40292
  6335.93      1.5783  1.41368  1.41367  1.41617  1.40932  1.40292
  6334.43      1.5787  1.41357  1.41355  1.41606  1.40932  1.40292
  6332.93      1.5790  1.41358  1.41356  1.41607  1.40932  1.40292
  6331.43      1.5794  1.41371  1.41370  1.41620  1.40935  1.40295
  6329.93      1.5798  1.41390  1.41388  1.41639  1.40937  1.40297
  6328.43      1.5802  1.41387  1.41386  1.41636  1.40938  1.40298
  6326.93      1.5805  1.41370  1.41369  1.41619  1.40938  1.40298
  6325.43      1.5809  1.41367  1.41365  1.41616  1.40938  1.40298
  6323.93      1.5813  1.41389  1.41387  1.41638  1.40937  1.40297
  6322.43      1.5817  1.41399  1.41397  1.41648  1.40936  1.40296
  6320.93      1.5820  1.41384  1.41382  1.41633  1.40934  1.40294
  6319.43      1.5824  1.41366  1.41365  1.41615  1.40931  1.40291
  6317.93      1.5828  1.41364  1.41362  1.41613  1.40928  1.40289
  6316.43      1.5832  1.41360  1.41358  1.41609  1.40926  1.40286
  6314.93      1.5835  1.41351  1.41349  1.41599  1.40924  1.40284
  6313.43      1.5839  1.41343  1.41342  1.41592  1.40921  1.40282
  6311.93      1.5843  1.41347  1.41345  1.41595  1.40921  1.40281
  6310.43      1.5847  1.41360  1.41358  1.41609  1.40920  1.40280
  6308.93      1.5851  1.41371  1.41369  1.41620  1.40920  1.40280
  6307.43      1.5854  1.41372  1.41370  1.41621  1.40919  1.40280
  6305.93      1.5858  1.41361  1.41359  1.41610  1.40919  1.40280
  6304.43      1.5862  1.41356  1.41354  1.41605  1.40919  1.40280
  6302.93      1.5866  1.41350  1.41348  1.41599  1.40919  1.40279
  6301.43      1.5869  1.41350  1.41348  1.41599  1.40919  1.40279
  6299.93      1.5873  1.41358  1.41356  1.41607  1.40918  1.40279
  6298.43      1.5877  1.41354  1.41352  1.41602  1.40917  1.40278
  6296.93      1.5881  1.41357  1.41355  1.41606  1.40916  1.40276
  6295.43      1.5885  1.41367  1.41365  1.41616  1.40914  1.40275
  6293.93      1.5888  1.41373  1.41371  1.41622  1.40912  1.40272
  6292.43      1.5892  1.41351  1.41349  1.41600  1.40909  1.40270
  6290.93      1.5896  1.41334  1.41333  1.41583  1.40906  1.40266
  6289.43      1.5900  1.41332  1.41330  1.41581  1.40903  1.40263
  6287.93      1.5903  1.41339  1.41338  1.41588  1.40899  1.40260
  6286.43      1.5907  1.41336  1.41334  1.41584  1.40896  1.40257
  6284.93      1.5911  1.41326  1.41325  1.41575  1.40893  1.40253
  6283.43      1.5915  1.41320  1.41319  1.41569  1.40890  1.40251
  6281.93      1.5919  1.41323  1.41322  1.41572  1.40889  1.40250
  6280.43      1.5922  1.41325  1.41324  1.41574  1.40888  1.40249
  6278.93      1.5926  1.41322  1.41320  1.41571  1.40888  1.40249
  6277.43      1.5930  1.41319  1.41317  1.41568  1.40889  1.40250
  6275.93      1.5934  1.41321  1.41319  1.41570  1.40890  1.40250
  6274.43      1.5938  1.41328  1.41326  1.41577  1.40890  1.40251
  6272.93      1.5942  1.41337  1.41335  1.41585  1.40891  1.40251
  6271.43      1.5945  1.41340  1.41338  1.41588  1.40891  1.40251
  6269.93      1.5949  1.41335  1.41333  1.41584  1.40890  1.40251
  6268.43      1.5953  1.41337  1.41335  1.41586  1.40889  1.40250
  6266.93      1.5957  1.41336  1.41334  1.41585  1.40887  1.40248
  6265.43      1.5961  1.41326  1.41325  1.41575  1.40885  1.40246
  6263.93      1.5964  1.41310  1.41308  1.41558  1.40884  1.40245
  6262.43      1.5968  1.41304  1.41303  1.41553  1.40882  1.40243
  6260.93      1.5972  1.41309  1.41307  1.41557  1.40881  1.40242
  6259.43      1.5976  1.41318  1.41316  1.41566  1.40880  1.40241
  6257.93      1.5980  1.41323  1.41322  1.41572  1.40880  1.40241
  6256.43      1.5984  1.41312  1.41311  1.41561  1.40880  1.40241
  6254.93      1.5987  1.41315  1.41313  1.41563  1.40880  1.40241
  6253.43      1.5991  1.41325  1.41323  1.41574  1.40881  1.40242
  6251.93      1.5995  1.41331  1.41329  1.41580  1.40881  1.40242
  6250.43      1.5999  1.41321  1.41319  1.41570  1.40881  1.40242
  6248.93      1.6003  1.41320  1.41318  1.41568  1.40880  1.40241
  6247.43      1.6007  1.41320  1.41319  1.41569  1.40880  1.40241
  6245.93      1.6010  1.41316  1.41314  1.41564  1.40878  1.40239
  6244.43      1.6014  1.41311  1.41309  1.41560  1.40877  1.40239
  6242.93      1.6018  1.41311  1.41309  1.41560  1.40876  1.40237
  6241.43      1.6022  1.41313  1.41312  1.41562  1.40875  1.40236
  6239.93      1.6026  1.41314  1.41313  1.41563  1.40873  1.40235
  6238.43      1.6030  1.41310  1.41308  1.41558  1.40873  1.40233
  6236.93      1.6034  1.41310  1.41309  1.41559  1.40871  1.40233
  6235.43      1.6037  1.41311  1.41309  1.41559  1.40870  1.40232
  6233.93      1.6041  1.41306  1.41305  1.41555  1.40870  1.40231
  6232.43      1.6045  1.41302  1.41300  1.41550  1.40870  1.40231
  6230.93      1.6049  1.41302  1.41300  1.41550  1.40870  1.40231
  6229.43      1.6053  1.41303  1.41301  1.41552  1.40871  1.40232
  6227.93      1.6057  1.41305  1.41303  1.41554  1.40872  1.40233
  6226.43      1.6061  1.41313  1.41311  1.41561  1.40873  1.40234
  6224.93      1.6064  1.41316  1.41314  1.41565  1.40874  1.40235
  6223.43      1.6068  1.41317  1.41315  1.41566  1.40874  1.40236
  6221.93      1.6072  1.41319  1.41317  1.41568  1.40875  1.40237
  6220.43      1.6076  1.41321  1.41320  1.41570  1.40876  1.40237
  6218.93      1.6080  1.41321  1.41319  1.41569  1.40876  1.40238
  6217.43      1.6084  1.41311  1.41309  1.41560  1.40876  1.40238
  6215.93      1.6088  1.41296  1.41294  1.41545  1.40876  1.40237
  6214.43      1.6092  1.41308  1.41307  1.41557  1.40875  1.40237
  6212.92      1.6095  1.41320  1.41318  1.41569  1.40874  1.40235
  6211.42      1.6099  1.41323  1.41321  1.41571  1.40872  1.40233
  6209.92      1.6103  1.41318  1.41317  1.41567  1.40869  1.40230
  6208.42      1.6107  1.41322  1.41320  1.41570  1.40864  1.40226
  6206.92      1.6111  1.41312  1.41310  1.41560  1.40859  1.40220
  6205.42      1.6115  1.41295  1.41293  1.41543  1.40853  1.40215
  6203.92      1.6119  1.41280  1.41279  1.41529  1.40848  1.40209
  6202.42      1.6123  1.41271  1.41270  1.41520  1.40842  1.40204
  6200.92      1.6127  1.41261  1.41259  1.41509  1.40836  1.40198
  6199.42      1.6131  1.41252  1.41250  1.41500  1.40831  1.40193
  6197.92      1.6134  1.41249  1.41247  1.41497  1.40828  1.40190
  6196.42      1.6138  1.41257  1.41255  1.41505  1.40826  1.40188
  6194.92      1.6142  1.41261  1.41259  1.41509  1.40825  1.40187
  6193.42      1.6146  1.41259  1.41257  1.41507  1.40825  1.40187
  6191.92      1.6150  1.41256  1.41254  1.41504  1.40826  1.40189
  6190.42      1.6154  1.41270  1.41268  1.41518  1.40829  1.40191
  6188.92      1.6158  1.41271  1.41269  1.41519  1.40832  1.40194
  6187.42      1.6162  1.41268  1.41266  1.41516  1.40835  1.40197
  6185.92      1.6166  1.41270  1.41268  1.41518  1.40837  1.40199
  6184.42      1.6170  1.41271  1.41269  1.41519  1.40839  1.40201
  6182.92      1.6174  1.41281  1.41279  1.41529  1.40839  1.40201
  6181.42      1.6178  1.41297  1.41295  1.41546  1.40840  1.40202
  6179.92      1.6181  1.41309  1.41308  1.41558  1.40840  1.40202
  6178.42      1.6185  1.41302  1.41300  1.41551  1.40838  1.40200
  6176.92      1.6189  1.41274  1.41272  1.41522  1.40835  1.40197
  6175.42      1.6193  1.41247  1.41245  1.41495  1.40833  1.40195
  6173.92      1.6197  1.41240  1.41239  1.41488  1.40831  1.40193
  6172.42      1.6201  1.41246  1.41244  1.41494  1.40829  1.40191
  6170.92      1.6205  1.41263  1.41262  1.41512  1.40828  1.40190
  6169.42      1.6209  1.41278  1.41276  1.41526  1.40827  1.40189
  6167.92      1.6213  1.41278  1.41276  1.41526  1.40827  1.40189
  6166.42      1.6217  1.41268  1.41267  1.41517  1.40827  1.40189
  6164.92      1.6221  1.41257  1.41255  1.41505  1.40829  1.40191
  6163.42      1.6225  1.41253  1.41252  1.41502  1.40830  1.40192
  6161.92      1.6229  1.41263  1.41261  1.41511  1.40833  1.40195
  6160.42      1.6233  1.41271  1.41269  1.41519  1.40834  1.40196
  6158.92      1.6237  1.41274  1.41273  1.41523  1.40836  1.40198
  6157.42      1.6241  1.41279  1.41277  1.41527  1.40837  1.40199
  6155.92      1.6245  1.41286  1.41285  1.41535  1.40837  1.40199
  6154.42      1.6248  1.41289  1.41287  1.41537  1.40836  1.40198
  6152.92      1.6252  1.41287  1.41286  1.41536  1.40834  1.40196
  6151.42      1.6256  1.41281  1.41279  1.41530  1.40831  1.40193
  6149.92      1.6260  1.41271  1.41269  1.41519  1.40826  1.40188
  6148.42      1.6264  1.41261  1.41259  1.41509  1.40821  1.40183
  6146.92      1.6268  1.41252  1.41250  1.41500  1.40816  1.40179
  6145.42      1.6272  1.41239  1.41238  1.41488  1.40811  1.40173
  6143.92      1.6276  1.41225  1.41223  1.41473  1.40806  1.40169
  6142.42      1.6280  1.41226  1.41225  1.41474  1.40803  1.40166
  6140.92      1.6284  1.41229  1.41227  1.41477  1.40801  1.40163
  6139.42      1.6288  1.41230  1.41229  1.41478  1.40799  1.40162
  6137.92      1.6292  1.41233  1.41231  1.41481  1.40798  1.40161
  6136.42      1.6296  1.41242  1.41240  1.41490  1.40798  1.40161
  6134.92      1.6300  1.41241  1.41239  1.41489  1.40799  1.40162
  6133.42      1.6304  1.41238  1.41237  1.41487  1.40800  1.40162
  6131.92      1.6308  1.41241  1.41239  1.41489  1.40801  1.40164
  6130.42      1.6312  1.41237  1.41236  1.41486  1.40802  1.40164
  6128.92      1.6316  1.41232  1.41231  1.41481  1.40801  1.40164
  6127.42      1.6320  1.41233  1.41232  1.41481  1.40801  1.40163
  6125.92      1.6324  1.41242  1.41241  1.41490  1.40800  1.40163
  6124.42      1.6328  1.41251  1.41250  1.41499  1.40799  1.40161
  6122.92      1.6332  1.41252  1.41250  1.41500  1.40798  1.40160
  6121.42      1.6336  1.41243  1.41241  1.41491  1.40795  1.40158
  6119.92      1.6340  1.41227  1.41225  1.41475  1.40794  1.40157
  6118.42      1.6344  1.41210  1.41209  1.41458  1.40792  1.40155
  6116.92      1.6348  1.41207  1.41205  1.41455  1.40790  1.40153
  6115.42      1.6352  1.41213  1.41211  1.41461  1.40790  1.40152
  6113.92      1.6356  1.41222  1.41221  1.41470  1.40789  1.40152
  6112.42      1.6360  1.41237  1.41235  1.41485  1.40789  1.40152
  6110.92      1.6364  1.41243  1.41242  1.41492  1.40788  1.40151
  6109.42      1.6368  1.41237  1.41236  1.41486  1.40787  1.40150
  6107.92      1.6372  1.41222  1.41220  1.41470  1.40786  1.40149
  6106.42      1.6376  1.41217  1.41216  1.41465  1.40785  1.40148
  6104.92      1.6380  1.41220  1.41218  1.41468  1.40783  1.40146
  6103.42      1.6384  1.41218  1.41216  1.41466  1.40782  1.40145
  6101.92      1.6388  1.41209  1.41207  1.41457  1.40779  1.40142
  6100.42      1.6392  1.41211  1.41209  1.41459  1.40777  1.40140
  6098.92      1.6396  1.41214  1.41213  1.41462  1.40775  1.40138
  6097.42      1.6400  1.41211  1.41210  1.41459  1.40772  1.40135
  6095.92      1.6404  1.41203  1.41202  1.41451  1.40771  1.40135
  6094.42      1.6408  1.41212  1.41211  1.41460  1.40770  1.40134
  6092.92      1.6413  1.41214  1.41213  1.41462  1.40770  1.40133
  6091.42      1.6417  1.41202  1.41200  1.41450  1.40770  1.40133
  6089.92      1.6421  1.41181  1.41180  1.41429  1.40770  1.40134
  6088.42      1.6425  1.41187  1.41186  1.41435  1.40771  1.40134
  6086.92      1.6429  1.41206  1.41204  1.41454  1.40773  1.40137
  6085.42      1.6433  1.41223  1.41221  1.41471  1.40775  1.40138
  6083.92      1.6437  1.41229  1.41227  1.41477  1.40776  1.40139
  6082.42      1.6441  1.41226  1.41224  1.41474  1.40776  1.40139
  6080.92      1.6445  1.41222  1.41220  1.41470  1.40775  1.40138
  6079.42      1.6449  1.41222  1.41220  1.41470  1.40773  1.40136
  6077.92      1.6453  1.41224  1.41222  1.41472  1.40770  1.40133
  6076.42      1.6457  1.41216  1.41214  1.41464  1.40767  1.40130
  6074.91      1.6461  1.41198  1.41196  1.41446  1.40763  1.40127
  6073.41      1.6465  1.41178  1.41176  1.41426  1.40760  1.40124
  6071.91      1.6469  1.41165  1.41163  1.41412  1.40758  1.40121
  6070.41      1.6473  1.41165  1.41164  1.41413  1.40758  1.40121
  6068.91      1.6477  1.41176  1.41175  1.41424  1.40759  1.40122
  6067.41      1.6481  1.41192  1.41190  1.41440  1.40762  1.40125
  6065.91      1.6486  1.41207  1.41205  1.41455  1.40765  1.40128
  6064.41      1.6490  1.41215  1.41214  1.41463  1.40768  1.40132
  6062.91      1.6494  1.41225  1.41223  1.41473  1.40771  1.40134
  6061.41      1.6498  1.41228  1.41227  1.41477  1.40772  1.40136
  6059.91      1.6502  1.41224  1.41222  1.41472  1.40772  1.40136
  6058.41      1.6506  1.41221  1.41219  1.41469  1.40771  1.40135
  6056.91      1.6510  1.41219  1.41217  1.41467  1.40769  1.40131
  6055.41      1.6514  1.41212  1.41211  1.41460  1.40764  1.40128
  6053.91      1.6518  1.41197  1.41195  1.41444  1.40759  1.40123
  6052.41      1.6522  1.41175  1.41173  1.41422  1.40755  1.40119
  6050.91      1.6526  1.41165  1.41163  1.41412  1.40751  1.40114
  6049.41      1.6531  1.41167  1.41165  1.41415  1.40748  1.40111
  6047.91      1.6535  1.41176  1.41174  1.41424  1.40745  1.40109
  6046.41      1.6539  1.41179  1.41177  1.41427  1.40744  1.40107
  6044.91      1.6543  1.41182  1.41180  1.41430  1.40743  1.40107
  6043.41      1.6547  1.41186  1.41184  1.41434  1.40744  1.40108
  6041.91      1.6551  1.41188  1.41186  1.41436  1.40744  1.40108
  6040.41      1.6555  1.41179  1.41178  1.41427  1.40745  1.40108
  6038.91      1.6559  1.41168  1.41166  1.41416  1.40745  1.40108
  6037.41      1.6563  1.41171  1.41169  1.41418  1.40745  1.40108
  6035.91      1.6568  1.41193  1.41191  1.41441  1.40744  1.40108
  6034.41      1.6572  1.41203  1.41202  1.41452  1.40744  1.40108
  6032.91      1.6576  1.41196  1.41194  1.41444  1.40742  1.40106
  6031.41      1.6580  1.41177  1.41176  1.41425  1.40741  1.40105
  6029.91      1.6584  1.41158  1.41157  1.41406  1.40739  1.40103
  6028.41      1.6588  1.41160  1.41159  1.41408  1.40738  1.40102
  6026.91      1.6592  1.41164  1.41162  1.41412  1.40737  1.40101
  6025.41      1.6596  1.41166  1.41165  1.41414  1.40736  1.40100
  6023.91      1.6601  1.41170  1.41168  1.41418  1.40735  1.40099
  6022.41      1.6605  1.41186  1.41184  1.41434  1.40734  1.40098
  6020.91      1.6609  1.41191  1.41189  1.41439  1.40734  1.40098
  6019.41      1.6613  1.41176  1.41174  1.41424  1.40733  1.40097
  6017.91      1.6617  1.41150  1.41149  1.41398  1.40733  1.40097
  6016.41      1.6621  1.41152  1.41151  1.41400  1.40732  1.40096
  6014.91      1.6625  1.41160  1.41158  1.41407  1.40732  1.40096
  6013.41      1.6629  1.41169  1.41168  1.41417  1.40732  1.40096
  6011.91      1.6634  1.41178  1.41176  1.41425  1.40732  1.40096
  6010.41      1.6638  1.41176  1.41174  1.41424  1.40732  1.40096
  6008.91      1.6642  1.41168  1.41166  1.41416  1.40732  1.40096
  6007.41      1.6646  1.41164  1.41162  1.41411  1.40732  1.40096
  6005.91      1.6650  1.41168  1.41166  1.41415  1.40732  1.40096
  6004.41      1.6654  1.41165  1.41164  1.41413  1.40732  1.40096
  6002.91      1.6659  1.41166  1.41164  1.41414  1.40732  1.40096
  6001.41      1.6663  1.41172  1.41171  1.41420  1.40731  1.40095
  5999.91      1.6667  1.41181  1.41179  1.41429  1.40730  1.40094
  5998.41      1.6671  1.41173  1.41172  1.41421  1.40730  1.40094
  5996.91      1.6675  1.41158  1.41157  1.41406  1.40728  1.40092
  5995.41      1.6679  1.41150  1.41148  1.41397  1.40727  1.40091
  5993.91      1.6684  1.41155  1.41153  1.41402  1.40726  1.40090
  5992.41      1.6688  1.41164  1.41163  1.41412  1.40724  1.40088
  5990.91      1.6692  1.41165  1.41163  1.41413  1.40723  1.40087
  5989.41      1.6696  1.41165  1.41163  1.41412  1.40720  1.40085
  5987.91      1.6700  1.41167  1.41166  1.41415  1.40718  1.40083
  5986.41      1.6705  1.41160  1.41158  1.41408  1.40715  1.40080
  5984.91      1.6709  1.41147  1.41146  1.41395  1.40713  1.40077
  5983.41      1.6713  1.41134  1.41133  1.41382  1.40709  1.40073
  5981.91      1.6717  1.41128  1.41126  1.41375  1.40705  1.40070
  5980.41      1.6721  1.41136  1.41135  1.41384  1.40702  1.40066
  5978.91      1.6725  1.41143  1.41141  1.41390  1.40698  1.40063
  5977.41      1.6730  1.41142  1.41140  1.41389  1.40695  1.40059
  5975.91      1.6734  1.41133  1.41131  1.41380  1.40691  1.40055
  5974.41      1.6738  1.41119  1.41117  1.41366  1.40688  1.40053
  5972.91      1.6742  1.41108  1.41107  1.41356  1.40685  1.40050
  5971.41      1.6746  1.41102  1.41100  1.41349  1.40684  1.40049
  5969.91      1.6751  1.41101  1.41099  1.41348  1.40683  1.40048
  5968.41      1.6755  1.41116  1.41114  1.41363  1.40683  1.40048
  5966.91      1.6759  1.41123  1.41122  1.41371  1.40683  1.40048
  5965.41      1.6763  1.41126  1.41125  1.41374  1.40683  1.40048
  5963.91      1.6768  1.41129  1.41128  1.41377  1.40683  1.40048
  5962.41      1.6772  1.41127  1.41126  1.41375  1.40682  1.40047
  5960.91      1.6776  1.41121  1.41120  1.41369  1.40682  1.40047
  5959.41      1.6780  1.41112  1.41110  1.41359  1.40681  1.40046
  5957.91      1.6784  1.41106  1.41104  1.41353  1.40681  1.40045
  5956.41      1.6789  1.41115  1.41114  1.41363  1.40679  1.40044
  5954.91      1.6793  1.41117  1.41116  1.41365  1.40678  1.40043
  5953.41      1.6797  1.41112  1.41110  1.41359  1.40677  1.40042
  5951.91      1.6801  1.41105  1.41103  1.41352  1.40676  1.40041
  5950.41      1.6806  1.41108  1.41107  1.41356  1.40675  1.40040
  5948.91      1.6810  1.41113  1.41111  1.41360  1.40674  1.40039
  5947.41      1.6814  1.41114  1.41113  1.41362  1.40673  1.40038
  5945.91      1.6818  1.41111  1.41110  1.41359  1.40671  1.40036
  5944.40      1.6823  1.41109  1.41108  1.41357  1.40670  1.40035
  5942.90      1.6827  1.41108  1.41107  1.41356  1.40667  1.40032
  5941.40      1.6831  1.41104  1.41102  1.41351  1.40665  1.40030
  5939.90      1.6835  1.41095  1.41094  1.41343  1.40663  1.40028
  5938.40      1.6840  1.41087  1.41086  1.41335  1.40660  1.40026
  5936.90      1.6844  1.41084  1.41083  1.41332  1.40659  1.40024
  5935.40      1.6848  1.41083  1.41081  1.41330  1.40657  1.40022
  5933.90      1.6852  1.41083  1.41081  1.41330  1.40655  1.40021
  5932.40      1.6857  1.41093  1.41092  1.41341  1.40653  1.40019
  5930.90      1.6861  1.41095  1.41093  1.41342  1.40651  1.40017
  5929.40      1.6865  1.41095  1.41094  1.41342  1.40649  1.40014
  5927.90      1.6869  1.41099  1.41098  1.41347  1.40646  1.40012
  5926.40      1.6874  1.41094  1.41093  1.41342  1.40643  1.40008
  5924.90      1.6878  1.41073  1.41072  1.41320  1.40639  1.40004
  5923.40      1.6882  1.41051  1.41050  1.41298  1.40634  1.40001
  5921.90      1.6886  1.41041  1.41039  1.41288  1.40631  1.39997
  5920.40      1.6891  1.41051  1.41049  1.41298  1.40629  1.39995
  5918.90      1.6895  1.41057  1.41056  1.41304  1.40627  1.39993
  5917.40      1.6899  1.41062  1.41060  1.41309  1.40627  1.39993
  5915.90      1.6904  1.41065  1.41064  1.41313  1.40627  1.39993
  5914.40      1.6908  1.41057  1.41055  1.41304  1.40628  1.39994
  5912.90      1.6912  1.41056  1.41054  1.41303  1.40628  1.39994
  5911.40      1.6916  1.41062  1.41061  1.41310  1.40629  1.39995
  5909.90      1.6921  1.41072  1.41070  1.41319  1.40629  1.39995
  5908.40      1.6925  1.41082  1.41080  1.41329  1.40629  1.39995
  5906.90      1.6929  1.41084  1.41082  1.41331  1.40627  1.39994
  5905.40      1.6934  1.41074  1.41072  1.41321  1.40625  1.39991
  5903.90      1.6938  1.41053  1.41052  1.41300  1.40622  1.39988
  5902.40      1.6942  1.41037  1.41035  1.41284  1.40618  1.39984
  5900.90      1.6947  1.41041  1.41040  1.41288  1.40614  1.39980
  5899.40      1.6951  1.41046  1.41044  1.41293  1.40610  1.39977
  5897.90      1.6955  1.41037  1.41035  1.41284  1.40606  1.39973
  5896.40      1.6959  1.41035  1.41033  1.41281  1.40602  1.39970
  5894.90      1.6964  1.41039  1.41038  1.41286  1.40600  1.39966
  5893.40      1.6968  1.41037  1.41035  1.41284  1.40598  1.39964
  5891.90      1.6972  1.41022  1.41021  1.41269  1.40596  1.39962
  5890.40      1.6977  1.41012  1.41011  1.41259  1.40594  1.39960
  5888.90      1.6981  1.41017  1.41016  1.41264  1.40593  1.39960
  5887.40      1.6985  1.41029  1.41027  1.41276  1.40592  1.39959
  5885.90      1.6990  1.41038  1.41036  1.41285  1.40591  1.39958
  5884.40      1.6994  1.41038  1.41036  1.41285  1.40589  1.39956
  5882.90      1.6998  1.41028  1.41026  1.41274  1.40588  1.39955
  5881.40      1.7003  1.41015  1.41014  1.41262  1.40586  1.39953
  5879.90      1.7007  1.41011  1.41010  1.41258  1.40585  1.39952
  5878.40      1.7011  1.41023  1.41022  1.41270  1.40584  1.39951
  5876.90      1.7016  1.41016  1.41015  1.41263  1.40583  1.39950
  5875.40      1.7020  1.41003  1.41001  1.41249  1.40581  1.39948
  5873.90      1.7024  1.40998  1.40997  1.41245  1.40580  1.39947
  5872.40      1.7029  1.41014  1.41012  1.41260  1.40579  1.39946
  5870.90      1.7033  1.41027  1.41025  1.41274  1.40578  1.39945
  5869.40      1.7038  1.41029  1.41028  1.41276  1.40577  1.39944
  5867.90      1.7042  1.41020  1.41019  1.41267  1.40574  1.39941
  5866.40      1.7046  1.41013  1.41011  1.41259  1.40571  1.39938
  5864.90      1.7051  1.40999  1.40998  1.41246  1.40568  1.39935
  5863.40      1.7055  1.40989  1.40988  1.41236  1.40565  1.39932
  5861.90      1.7059  1.40987  1.40986  1.41234  1.40561  1.39929
  5860.40      1.7064  1.40990  1.40989  1.41237  1.40558  1.39926
  5858.90      1.7068  1.40990  1.40989  1.41237  1.40556  1.39923
  5857.40      1.7072  1.40985  1.40983  1.41231  1.40553  1.39921
  5855.90      1.7077  1.40977  1.40976  1.41224  1.40552  1.39919
  5854.40      1.7081  1.40975  1.40973  1.41221  1.40550  1.39917
  5852.90      1.7086  1.40977  1.40975  1.41223  1.40549  1.39917
  5851.40      1.7090  1.40983  1.40981  1.41229  1.40549  1.39917
  5849.90      1.7094  1.40991  1.40990  1.41238  1.40550  1.39917
  5848.40      1.7099  1.40996  1.40995  1.41243  1.40550  1.39918
  5846.90      1.7103  1.40987  1.40986  1.41234  1.40550  1.39918
  5845.40      1.7107  1.40975  1.40973  1.41221  1.40550  1.39918
  5843.90      1.7112  1.40969  1.40967  1.41215  1.40550  1.39918
  5842.40      1.7116  1.40977  1.40976  1.41224  1.40551  1.39918
  5840.90      1.7121  1.40994  1.40992  1.41241  1.40551  1.39919
  5839.40      1.7125  1.41001  1.40999  1.41247  1.40551  1.39919
  5837.90      1.7129  1.40991  1.40990  1.41238  1.40550  1.39918
  5836.40      1.7134  1.40984  1.40982  1.41230  1.40550  1.39917
  5834.90      1.7138  1.40981  1.40980  1.41228  1.40549  1.39917
  5833.40      1.7143  1.40980  1.40979  1.41227  1.40548  1.39916
  5831.90      1.7147  1.40978  1.40976  1.41224  1.40548  1.39915
  5830.40      1.7151  1.40976  1.40974  1.41223  1.40546  1.39913
  5828.90      1.7156  1.40973  1.40972  1.41220  1.40545  1.39912
  5827.40      1.7160  1.40977  1.40976  1.41224  1.40542  1.39910
  5825.90      1.7165  1.40988  1.40986  1.41234  1.40540  1.39908
  5824.40      1.7169  1.40987  1.40985  1.41233  1.40537  1.39905
  5822.90      1.7174  1.40976  1.40975  1.41223  1.40534  1.39901
  5821.40      1.7178  1.40962  1.40961  1.41209  1.40529  1.39897
  5819.90      1.7182  1.40950  1.40949  1.41197  1.40525  1.39893
  5818.40      1.7187  1.40948  1.40947  1.41194  1.40522  1.39890
  5816.90      1.7191  1.40947  1.40946  1.41193  1.40518  1.39886
  5815.40      1.7196  1.40943  1.40942  1.41189  1.40513  1.39882
  5813.90      1.7200  1.40936  1.40935  1.41182  1.40510  1.39878
  5812.40      1.7205  1.40935  1.40934  1.41182  1.40507  1.39875
  5810.90      1.7209  1.40938  1.40937  1.41185  1.40504  1.39873
  5809.40      1.7213  1.40944  1.40942  1.41190  1.40503  1.39870
  5807.90      1.7218  1.40945  1.40944  1.41192  1.40501  1.39869
  5806.39      1.7222  1.40933  1.40931  1.41179  1.40499  1.39867
  5804.89      1.7227  1.40919  1.40917  1.41165  1.40498  1.39867
  5803.39      1.7231  1.40909  1.40908  1.41155  1.40497  1.39865
  5801.89      1.7236  1.40912  1.40910  1.41158  1.40497  1.39865
  5800.39      1.7240  1.40934  1.40933  1.41181  1.40496  1.39865
  5798.89      1.7245  1.40944  1.40942  1.41190  1.40496  1.39865
  5797.39      1.7249  1.40944  1.40943  1.41191  1.40496  1.39864
  5795.89      1.7254  1.40942  1.40940  1.41188  1.40496  1.39864
  5794.39      1.7258  1.40936  1.40934  1.41182  1.40495  1.39864
  5792.89      1.7263  1.40918  1.40917  1.41165  1.40495  1.39863
  5791.39      1.7267  1.40905  1.40903  1.41151  1.40495  1.39863
  5789.89      1.7271  1.40906  1.40905  1.41152  1.40495  1.39864
  5788.39      1.7276  1.40927  1.40926  1.41174  1.40495  1.39864
  5786.89      1.7280  1.40937  1.40936  1.41184  1.40495  1.39864
  5785.39      1.7285  1.40938  1.40937  1.41185  1.40495  1.39863
  5783.89      1.7289  1.40938  1.40937  1.41184  1.40494  1.39862
  5782.39      1.7294  1.40944  1.40942  1.41190  1.40493  1.39861
  5780.89      1.7298  1.40936  1.40934  1.41182  1.40490  1.39859
  5779.39      1.7303  1.40922  1.40920  1.41168  1.40486  1.39855
  5777.89      1.7307  1.40910  1.40909  1.41156  1.40481  1.39850
  5776.39      1.7312  1.40904  1.40902  1.41150  1.40476  1.39844
  5774.89      1.7316  1.40903  1.40902  1.41149  1.40470  1.39839
  5773.39      1.7321  1.40902  1.40900  1.41148  1.40464  1.39833
  5771.89      1.7325  1.40894  1.40892  1.41140  1.40458  1.39827
  5770.39      1.7330  1.40879  1.40878  1.41125  1.40453  1.39822
  5768.89      1.7334  1.40869  1.40868  1.41115  1.40449  1.39819
  5767.39      1.7339  1.40864  1.40863  1.41110  1.40447  1.39816
  5765.89      1.7343  1.40863  1.40861  1.41108  1.40446  1.39815
  5764.39      1.7348  1.40861  1.40860  1.41107  1.40446  1.39815
  5762.89      1.7352  1.40863  1.40861  1.41109  1.40446  1.39815
  5761.39      1.7357  1.40876  1.40874  1.41122  1.40446  1.39816
  5759.89      1.7361  1.40898  1.40897  1.41144  1.40447  1.39817
  5758.39      1.7366  1.40910  1.40908  1.41156  1.40448  1.39817
  5756.89      1.7370  1.40908  1.40907  1.41154  1.40447  1.39817
  5755.39      1.7375  1.40892  1.40890  1.41138  1.40446  1.39815
  5753.89      1.7380  1.40867  1.40865  1.41112  1.40443  1.39813
  5752.39      1.7384  1.40853  1.40851  1.41099  1.40440  1.39810
  5750.89      1.7389  1.40847  1.40846  1.41093  1.40438  1.39808
  5749.39      1.7393  1.40855  1.40853  1.41101  1.40436  1.39805
  5747.89      1.7398  1.40871  1.40870  1.41117  1.40435  1.39804
  5746.39      1.7402  1.40878  1.40877  1.41124  1.40433  1.39803
  5744.89      1.7407  1.40870  1.40868  1.41116  1.40433  1.39802
  5743.39      1.7411  1.40861  1.40860  1.41107  1.40432  1.39802
  5741.89      1.7416  1.40861  1.40859  1.41106  1.40432  1.39802
  5740.39      1.7420  1.40858  1.40857  1.41104  1.40432  1.39802
  5738.89      1.7425  1.40860  1.40859  1.41106  1.40432  1.39802
  5737.39      1.7430  1.40867  1.40866  1.41113  1.40432  1.39802
  5735.89      1.7434  1.40876  1.40875  1.41122  1.40432  1.39802
  5734.39      1.7439  1.40870  1.40869  1.41116  1.40432  1.39802
  5732.89      1.7443  1.40863  1.40861  1.41109  1.40432  1.39802
  5731.39      1.7448  1.40858  1.40857  1.41104  1.40432  1.39802
  5729.89      1.7452  1.40857  1.40856  1.41103  1.40432  1.39802
  5728.39      1.7457  1.40857  1.40855  1.41103  1.40430  1.39800
  5726.89      1.7461  1.40862  1.40860  1.41108  1.40430  1.39799
  5725.39      1.7466  1.40872  1.40870  1.41118  1.40427  1.39797
  5723.89      1.7471  1.40881  1.40879  1.41127  1.40425  1.39795
  5722.39      1.7475  1.40873  1.40872  1.41119  1.40422  1.39792
  5720.89      1.7480  1.40856  1.40855  1.41102  1.40417  1.39787
  5719.39      1.7484  1.40837  1.40836  1.41083  1.40412  1.39782
  5717.89      1.7489  1.40825  1.40824  1.41071  1.40407  1.39777
  5716.39      1.7494  1.40823  1.40821  1.41068  1.40401  1.39772
  5714.89      1.7498  1.40825  1.40824  1.41071  1.40396  1.39766
  5713.39      1.7503  1.40828  1.40826  1.41073  1.40391  1.39762
  5711.89      1.7507  1.40826  1.40825  1.41072  1.40386  1.39757
  5710.39      1.7512  1.40815  1.40814  1.41061  1.40383  1.39754
  5708.89      1.7517  1.40801  1.40800  1.41046  1.40379  1.39750
  5707.39      1.7521  1.40791  1.40790  1.41037  1.40378  1.39749
  5705.89      1.7526  1.40791  1.40789  1.41036  1.40379  1.39750
  5704.39      1.7530  1.40800  1.40799  1.41046  1.40380  1.39751
  5702.89      1.7535  1.40806  1.40804  1.41051  1.40383  1.39754
  5701.39      1.7540  1.40809  1.40808  1.41055  1.40386  1.39757
  5699.89      1.7544  1.40816  1.40815  1.41062  1.40389  1.39760
  5698.39      1.7549  1.40839  1.40838  1.41085  1.40393  1.39763
  5696.89      1.7553  1.40850  1.40848  1.41096  1.40396  1.39766
  5695.39      1.7558  1.40848  1.40847  1.41094  1.40398  1.39769
  5693.89      1.7563  1.40841  1.40840  1.41087  1.40398  1.39769
  5692.39      1.7567  1.40836  1.40834  1.41081  1.40398  1.39768
  5690.89      1.7572  1.40828  1.40827  1.41074  1.40397  1.39767
  5689.39      1.7577  1.40822  1.40821  1.41068  1.40394  1.39765
  5687.89      1.7581  1.40820  1.40819  1.41066  1.40392  1.39763
  5686.39      1.7586  1.40817  1.40816  1.41063  1.40389  1.39760
  5684.89      1.7591  1.40815  1.40814  1.41061  1.40386  1.39757
  5683.39      1.7595  1.40813  1.40812  1.41059  1.40384  1.39755
  5681.89      1.7600  1.40813  1.40811  1.41058  1.40381  1.39752
  5680.39      1.7604  1.40819  1.40817  1.41064  1.40379  1.39750
  5678.89      1.7609  1.40810  1.40808  1.41055  1.40376  1.39747
  5677.39      1.7614  1.40801  1.40799  1.41046  1.40374  1.39745
  5675.88      1.7618  1.40802  1.40800  1.41047  1.40371  1.39742
  5674.38      1.7623  1.40801  1.40800  1.41047  1.40369  1.39740
  5672.88      1.7628  1.40806  1.40804  1.41051  1.40368  1.39739
  5671.38      1.7632  1.40803  1.40802  1.41048  1.40366  1.39737
  5669.88      1.7637  1.40787  1.40786  1.41033  1.40365  1.39736
  5668.38      1.7642  1.40773  1.40772  1.41019  1.40364  1.39735
  5666.88      1.7646  1.40776  1.40775  1.41022  1.40364  1.39735
  5665.38      1.7651  1.40791  1.40789  1.41036  1.40365  1.39736
  5663.88      1.7656  1.40807  1.40806  1.41053  1.40365  1.39736
  5662.38      1.7660  1.40816  1.40815  1.41062  1.40365  1.39737
  5660.88      1.7665  1.40816  1.40815  1.41062  1.40365  1.39736
  5659.38      1.7670  1.40807  1.40805  1.41052  1.40363  1.39735
  5657.88      1.7674  1.40792  1.40791  1.41038  1.40361  1.39733
  5656.38      1.7679  1.40783  1.40781  1.41028  1.40359  1.39731
  5654.88      1.7684  1.40784  1.40783  1.41030  1.40357  1.39728
  5653.38      1.7689  1.40784  1.40783  1.41029  1.40353  1.39725
  5651.88      1.7693  1.40777  1.40776  1.41023  1.40350  1.39722
  5650.38      1.7698  1.40777  1.40775  1.41022  1.40348  1.39719
  5648.88      1.7703  1.40776  1.40775  1.41021  1.40345  1.39716
  5647.38      1.7707  1.40775  1.40773  1.41020  1.40342  1.39714
  5645.88      1.7712  1.40773  1.40772  1.41018  1.40339  1.39711
  5644.38      1.7717  1.40772  1.40770  1.41017  1.40337  1.39708
  5642.88      1.7721  1.40766  1.40764  1.41011  1.40333  1.39705
  5641.38      1.7726  1.40762  1.40761  1.41008  1.40329  1.39701
  5639.88      1.7731  1.40762  1.40761  1.41008  1.40327  1.39699
  5638.38      1.7736  1.40751  1.40750  1.40996  1.40324  1.39696
  5636.88      1.7740  1.40749  1.40747  1.40994  1.40323  1.39695
  5635.38      1.7745  1.40743  1.40742  1.40989  1.40321  1.39693
  5633.88      1.7750  1.40731  1.40730  1.40976  1.40319  1.39692
  5632.38      1.7754  1.40731  1.40729  1.40976  1.40319  1.39691
  5630.88      1.7759  1.40748  1.40746  1.40993  1.40320  1.39692
  5629.38      1.7764  1.40770  1.40768  1.41015  1.40320  1.39692
  5627.88      1.7769  1.40780  1.40779  1.41026  1.40319  1.39691
  5626.38      1.7773  1.40764  1.40762  1.41009  1.40317  1.39689
  5624.88      1.7778  1.40742  1.40740  1.40987  1.40314  1.39687
  5623.38      1.7783  1.40733  1.40732  1.40978  1.40311  1.39684
  5621.88      1.7788  1.40742  1.40741  1.40987  1.40308  1.39680
  5620.38      1.7792  1.40745  1.40744  1.40990  1.40304  1.39676
  5618.88      1.7797  1.40731  1.40729  1.40976  1.40300  1.39673
  5617.38      1.7802  1.40718  1.40717  1.40963  1.40297  1.39669
  5615.88      1.7807  1.40718  1.40716  1.40963  1.40294  1.39666
  5614.38      1.7811  1.40706  1.40704  1.40950  1.40292  1.39665
  5612.88      1.7816  1.40701  1.40700  1.40946  1.40292  1.39665
  5611.38      1.7821  1.40708  1.40706  1.40953  1.40294  1.39667
  5609.88      1.7826  1.40723  1.40721  1.40968  1.40297  1.39669
  5608.38      1.7830  1.40734  1.40733  1.40980  1.40300  1.39673
  5606.88      1.7835  1.40738  1.40737  1.40984  1.40303  1.39676
  5605.38      1.7840  1.40744  1.40742  1.40989  1.40306  1.39678
  5603.88      1.7845  1.40753  1.40752  1.40998  1.40308  1.39681
  5602.38      1.7850  1.40755  1.40753  1.41000  1.40308  1.39681
  5600.88      1.7854  1.40754  1.40753  1.40999  1.40307  1.39680
  5599.38      1.7859  1.40750  1.40749  1.40995  1.40304  1.39677
  5597.88      1.7864  1.40742  1.40741  1.40987  1.40300  1.39673
  5596.38      1.7869  1.40732  1.40731  1.40977  1.40296  1.39668
  5594.88      1.7873  1.40720  1.40719  1.40965  1.40290  1.39663
  5593.38      1.7878  1.40704  1.40703  1.40949  1.40285  1.39657
  5591.88      1.7883  1.40690  1.40688  1.40935  1.40280  1.39653
  5590.38      1.7888  1.40692  1.40691  1.40937  1.40276  1.39649
  5588.88      1.7893  1.40691  1.40689  1.40936  1.40274  1.39647
  5587.38      1.7897  1.40692  1.40691  1.40937  1.40271  1.39645
  5585.88      1.7902  1.40702  1.40700  1.40946  1.40271  1.39644
  5584.38      1.7907  1.40712  1.40711  1.40957  1.40270  1.39643
  5582.88      1.7912  1.40707  1.40706  1.40952  1.40269  1.39643
  5581.38      1.7917  1.40699  1.40698  1.40944  1.40269  1.39642
  5579.88      1.7922  1.40699  1.40698  1.40944  1.40268  1.39641
  5578.38      1.7926  1.40711  1.40710  1.40956  1.40267  1.39640
  5576.88      1.7931  1.40700  1.40698  1.40945  1.40265  1.39639
  5575.38      1.7936  1.40683  1.40682  1.40928  1.40264  1.39637
  5573.88      1.7941  1.40678  1.40677  1.40923  1.40262  1.39636
  5572.38      1.7946  1.40685  1.40684  1.40930  1.40262  1.39635
  5570.88      1.7950  1.40695  1.40693  1.40939  1.40262  1.39635
  5569.38      1.7955  1.40696  1.40695  1.40941  1.40262  1.39635
  5567.88      1.7960  1.40688  1.40687  1.40933  1.40262  1.39635
  5566.38      1.7965  1.40683  1.40682  1.40928  1.40262  1.39635
  5564.88      1.7970  1.40688  1.40687  1.40933  1.40262  1.39635
  5563.38      1.7975  1.40700  1.40699  1.40945  1.40262  1.39635
  5561.88      1.7980  1.40712  1.40710  1.40957  1.40261  1.39635
  5560.38      1.7984  1.40709  1.40707  1.40954  1.40259  1.39632
  5558.88      1.7989  1.40693  1.40691  1.40938  1.40255  1.39629
  5557.38      1.7994  1.40679  1.40677  1.40924  1.40251  1.39625
  5555.88      1.7999  1.40675  1.40674  1.40920  1.40248  1.39621
  5554.38      1.8004  1.40673  1.40672  1.40918  1.40244  1.39618
  5552.88      1.8009  1.40668  1.40666  1.40912  1.40241  1.39614
  5551.38      1.8014  1.40658  1.40657  1.40903  1.40238  1.39612
  5549.88      1.8018  1.40647  1.40645  1.40891  1.40235  1.39609
  5548.38      1.8023  1.40643  1.40642  1.40888  1.40234  1.39608
  5546.88      1.8028  1.40653  1.40651  1.40897  1.40235  1.39609
  5545.38      1.8033  1.40667  1.40665  1.40911  1.40236  1.39610
  5543.88      1.8038  1.40678  1.40677  1.40923  1.40237  1.39611
  5542.38      1.8043  1.40688  1.40687  1.40933  1.40238  1.39612
  5540.88      1.8048  1.40680  1.40679  1.40925  1.40238  1.39612
  5539.38      1.8053  1.40668  1.40667  1.40913  1.40238  1.39612
  5537.87      1.8057  1.40665  1.40664  1.40910  1.40238  1.39612
  5536.37      1.8062  1.40675  1.40674  1.40920  1.40237  1.39611
  5534.87      1.8067  1.40666  1.40664  1.40910  1.40235  1.39609
  5533.37      1.8072  1.40654  1.40652  1.40898  1.40231  1.39605
  5531.87      1.8077  1.40654  1.40653  1.40899  1.40228  1.39603
  5530.37      1.8082  1.40665  1.40664  1.40910  1.40226  1.39600
  5528.87      1.8087  1.40662  1.40661  1.40907  1.40223  1.39598
  5527.37      1.8092  1.40655  1.40653  1.40899  1.40221  1.39595
  5525.87      1.8097  1.40647  1.40645  1.40891  1.40219  1.39593
  5524.37      1.8102  1.40629  1.40628  1.40873  1.40217  1.39592
  5522.87      1.8107  1.40621  1.40620  1.40866  1.40217  1.39591
  5521.37      1.8111  1.40629  1.40628  1.40874  1.40217  1.39592
  5519.87      1.8116  1.40649  1.40648  1.40894  1.40219  1.39593
  5518.37      1.8121  1.40661  1.40659  1.40905  1.40220  1.39594
  5516.87      1.8126  1.40664  1.40662  1.40908  1.40220  1.39594
  5515.37      1.8131  1.40660  1.40659  1.40905  1.40219  1.39594
  5513.87      1.8136  1.40654  1.40653  1.40899  1.40217  1.39592
  5512.37      1.8141  1.40659  1.40657  1.40903  1.40216  1.39590
  5510.87      1.8146  1.40659  1.40658  1.40904  1.40213  1.39588
  5509.37      1.8151  1.40650  1.40649  1.40895  1.40210  1.39584
  5507.87      1.8156  1.40630  1.40628  1.40874  1.40205  1.39581
  5506.37      1.8161  1.40599  1.40598  1.40844  1.40202  1.39577
  5504.87      1.8166  1.40594  1.40593  1.40838  1.40200  1.39575
  5503.37      1.8171  1.40613  1.40611  1.40857  1.40198  1.39573
  5501.87      1.8176  1.40639  1.40637  1.40883  1.40197  1.39572
  5500.37      1.8181  1.40637  1.40636  1.40882  1.40195  1.39570
  5498.87      1.8186  1.40636  1.40634  1.40880  1.40192  1.39567
  5497.37      1.8191  1.40640  1.40638  1.40884  1.40191  1.39566
  5495.87      1.8195  1.40642  1.40641  1.40887  1.40189  1.39564
  5494.37      1.8200  1.40613  1.40612  1.40858  1.40188  1.39563
  5492.87      1.8205  1.40587  1.40586  1.40831  1.40187  1.39562
  5491.37      1.8210  1.40579  1.40578  1.40823  1.40186  1.39561
  5489.87      1.8215  1.40591  1.40590  1.40835  1.40188  1.39563
  5488.37      1.8220  1.40607  1.40605  1.40851  1.40189  1.39564
  5486.87      1.8225  1.40622  1.40620  1.40866  1.40191  1.39566
  5485.37      1.8230  1.40636  1.40635  1.40881  1.40193  1.39567
  5483.87      1.8235  1.40649  1.40648  1.40894  1.40192  1.39567
  5482.37      1.8240  1.40650  1.40649  1.40895  1.40190  1.39565
  5480.87      1.8245  1.40648  1.40647  1.40893  1.40187  1.39562
  5479.37      1.8250  1.40642  1.40641  1.40887  1.40183  1.39558
  5477.87      1.8255  1.40626  1.40625  1.40870  1.40177  1.39552
  5476.37      1.8260  1.40586  1.40585  1.40831  1.40170  1.39545
  5474.87      1.8265  1.40542  1.40541  1.40786  1.40163  1.39538
  5473.37      1.8270  1.40523  1.40521  1.40767  1.40157  1.39533
  5471.87      1.8275  1.40545  1.40544  1.40790  1.40153  1.39529
  5470.37      1.8280  1.40593  1.40591  1.40837  1.40151  1.39527
  5468.87      1.8285  1.40621  1.40619  1.40865  1.40148  1.39524
  5467.37      1.8290  1.40614  1.40613  1.40858  1.40145  1.39522
  5465.87      1.8295  1.40580  1.40579  1.40824  1.40143  1.39518
  5464.37      1.8300  1.40563  1.40562  1.40808  1.40141  1.39517
  5462.87      1.8305  1.40558  1.40557  1.40802  1.40140  1.39516
  5461.37      1.8310  1.40552  1.40551  1.40796  1.40139  1.39515
  5459.87      1.8315  1.40541  1.40540  1.40785  1.40138  1.39514
  5458.37      1.8320  1.40541  1.40540  1.40785  1.40137  1.39513
  5456.87      1.8326  1.40557  1.40556  1.40801  1.40138  1.39514
  5455.37      1.8331  1.40577  1.40576  1.40821  1.40139  1.39515
  5453.87      1.8336  1.40588  1.40587  1.40833  1.40140  1.39516
  5452.37      1.8341  1.40585  1.40584  1.40830  1.40141  1.39517
  5450.87      1.8346  1.40584  1.40583  1.40828  1.40141  1.39517
  5449.37      1.8351  1.40579  1.40578  1.40823  1.40141  1.39517
  5447.87      1.8356  1.40567  1.40566  1.40811  1.40140  1.39516
  5446.37      1.8361  1.40555  1.40553  1.40799  1.40139  1.39515
  5444.87      1.8366  1.40556  1.40554  1.40800  1.40138  1.39515
  5443.37      1.8371  1.40559  1.40558  1.40804  1.40138  1.39514
  5441.87      1.8376  1.40557  1.40556  1.40801  1.40136  1.39512
  5440.37      1.8381  1.40552  1.40551  1.40796  1.40135  1.39511
  5438.87      1.8386  1.40568  1.40567  1.40813  1.40133  1.39510
  5437.37      1.8391  1.40589  1.40588  1.40834  1.40131  1.39507
  5435.87      1.8396  1.40596  1.40594  1.40840  1.40128  1.39504
  5434.37      1.8401  1.40565  1.40564  1.40809  1.40124  1.39500
  5432.87      1.8406  1.40546  1.40545  1.40790  1.40120  1.39496
  5431.37      1.8412  1.40532  1.40531  1.40776  1.40117  1.39493
  5429.87      1.8417  1.40517  1.40516  1.40761  1.40114  1.39491
  5428.37      1.8422  1.40511  1.40510  1.40755  1.40112  1.39489
  5426.87      1.8427  1.40504  1.40503  1.40748  1.40112  1.39489
  5425.37      1.8432  1.40515  1.40513  1.40758  1.40114  1.39490
  5423.87      1.8437  1.40547  1.40546  1.40791  1.40115  1.39491
  5422.37      1.8442  1.40580  1.40578  1.40824  1.40116  1.39492
  5420.87      1.8447  1.40584  1.40582  1.40828  1.40114  1.39491
  5419.37      1.8452  1.40573  1.40572  1.40817  1.40111  1.39487
  5417.87      1.8457  1.40562  1.40561  1.40806  1.40106  1.39483
  5416.37      1.8463  1.40562  1.40561  1.40806  1.40100  1.39477
  5414.87      1.8468  1.40535  1.40534  1.40779  1.40094  1.39471
  5413.37      1.8473  1.40486  1.40485  1.40729  1.40086  1.39463
  5411.87      1.8478  1.40434  1.40433  1.40677  1.40079  1.39457
  5410.37      1.8483  1.40430  1.40429  1.40673  1.40074  1.39452
  5408.87      1.8488  1.40474  1.40472  1.40717  1.40073  1.39451
  5407.36      1.8493  1.40521  1.40520  1.40765  1.40074  1.39451
  5405.86      1.8498  1.40542  1.40540  1.40786  1.40074  1.39452
  5404.36      1.8504  1.40529  1.40528  1.40773  1.40073  1.39450
  5402.86      1.8509  1.40517  1.40516  1.40761  1.40071  1.39448
  5401.36      1.8514  1.40508  1.40507  1.40752  1.40068  1.39446
  5399.86      1.8519  1.40505  1.40503  1.40748  1.40066  1.39444
  5398.36      1.8524  1.40513  1.40511  1.40756  1.40063  1.39441
  5396.86      1.8529  1.40497  1.40496  1.40741  1.40060  1.39437
  5395.36      1.8534  1.40452  1.40451  1.40696  1.40055  1.39433
  5393.86      1.8540  1.40400  1.40399  1.40644  1.40051  1.39429
  5392.36      1.8545  1.40412  1.40411  1.40655  1.40049  1.39427
  5390.86      1.8550  1.40468  1.40467  1.40712  1.40051  1.39429
  5389.36      1.8555  1.40531  1.40529  1.40775  1.40053  1.39431
  5387.86      1.8560  1.40562  1.40561  1.40806  1.40054  1.39432
  5386.36      1.8565  1.40526  1.40525  1.40770  1.40053  1.39431
  5384.86      1.8571  1.40465  1.40463  1.40708  1.40049  1.39427
  5383.36      1.8576  1.40429  1.40428  1.40673  1.40045  1.39423
  5381.86      1.8581  1.40442  1.40440  1.40685  1.40041  1.39419
  5380.36      1.8586  1.40480  1.40479  1.40724  1.40038  1.39416
  5378.86      1.8591  1.40500  1.40499  1.40744  1.40033  1.39412
  5377.36      1.8596  1.40479  1.40478  1.40723  1.40028  1.39406
  5375.86      1.8602  1.40428  1.40426  1.40671  1.40023  1.39402
  5374.36      1.8607  1.40387  1.40386  1.40630  1.40020  1.39399
  5372.86      1.8612  1.40391  1.40390  1.40634  1.40020  1.39399
  5371.36      1.8617  1.40428  1.40426  1.40671  1.40022  1.39401
  5369.86      1.8622  1.40473  1.40471  1.40716  1.40024  1.39403
  5368.36      1.8628  1.40491  1.40490  1.40735  1.40027  1.39405
  5366.86      1.8633  1.40493  1.40492  1.40737  1.40028  1.39406
  5365.36      1.8638  1.40478  1.40477  1.40722  1.40028  1.39406
  5363.86      1.8643  1.40453  1.40452  1.40696  1.40026  1.39405
  5362.36      1.8648  1.40431  1.40430  1.40674  1.40022  1.39401
  5360.86      1.8654  1.40429  1.40428  1.40672  1.40016  1.39395
  5359.36      1.8659  1.40448  1.40447  1.40691  1.40010  1.39389
  5357.86      1.8664  1.40475  1.40473  1.40718  1.40004  1.39383
  5356.36      1.8669  1.40477  1.40475  1.40720  1.39996  1.39375
  5354.86      1.8675  1.40413  1.40412  1.40656  1.39988  1.39367
  5353.36      1.8680  1.40342  1.40341  1.40585  1.39981  1.39360
  5351.86      1.8685  1.40313  1.40312  1.40555  1.39977  1.39356
  5350.36      1.8690  1.40348  1.40346  1.40590  1.39976  1.39355
  5348.86      1.8696  1.40415  1.40414  1.40658  1.39977  1.39356
  5347.36      1.8701  1.40462  1.40461  1.40706  1.39977  1.39357
  5345.86      1.8706  1.40453  1.40452  1.40697  1.39977  1.39356
  5344.36      1.8711  1.40393  1.40391  1.40636  1.39974  1.39354
  5342.86      1.8717  1.40380  1.40379  1.40623  1.39974  1.39353
  5341.36      1.8722  1.40403  1.40402  1.40646  1.39975  1.39355
  5339.86      1.8727  1.40430  1.40429  1.40673  1.39976  1.39355
  5338.36      1.8732  1.40415  1.40414  1.40659  1.39974  1.39353
  5336.86      1.8738  1.40365  1.40364  1.40608  1.39969  1.39349
  5335.36      1.8743  1.40338  1.40337  1.40581  1.39966  1.39346
  5333.86      1.8748  1.40365  1.40364  1.40608  1.39964  1.39344
  5332.36      1.8753  1.40426  1.40425  1.40670  1.39964  1.39344
  5330.86      1.8759  1.40442  1.40441  1.40686  1.39964  1.39343
  5329.36      1.8764  1.40416  1.40415  1.40659  1.39961  1.39341
  5327.86      1.8769  1.40371  1.40370  1.40614  1.39957  1.39337
  5326.36      1.8775  1.40345  1.40344  1.40588  1.39953  1.39333
  5324.86      1.8780  1.40350  1.40349  1.40593  1.39951  1.39331
  5323.36      1.8785  1.40373  1.40372  1.40616  1.39949  1.39329
  5321.86      1.8790  1.40396  1.40395  1.40639  1.39946  1.39326
  5320.36      1.8796  1.40397  1.40396  1.40641  1.39941  1.39321
  5318.86      1.8801  1.40370  1.40369  1.40613  1.39936  1.39316
  5317.36      1.8806  1.40341  1.40340  1.40584  1.39930  1.39310
  5315.86      1.8812  1.40332  1.40331  1.40575  1.39925  1.39305
  5314.36      1.8817  1.40345  1.40343  1.40587  1.39920  1.39300
  5312.86      1.8822  1.40354  1.40353  1.40597  1.39914  1.39295
  5311.36      1.8828  1.40352  1.40351  1.40595  1.39909  1.39289
  5309.86      1.8833  1.40336  1.40334  1.40578  1.39901  1.39282
  5308.36      1.8838  1.40311  1.40310  1.40554  1.39896  1.39277
  5306.86      1.8844  1.40293  1.40292  1.40536  1.39892  1.39274
  5305.36      1.8849  1.40287  1.40286  1.40529  1.39890  1.39271
  5303.86      1.8854  1.40293  1.40292  1.40535  1.39889  1.39270
  5302.36      1.8860  1.40313  1.40312  1.40556  1.39888  1.39270
  5300.86      1.8865  1.40311  1.40310  1.40554  1.39887  1.39269
  5299.36      1.8870  1.40310  1.40309  1.40553  1.39885  1.39267
  5297.86      1.8876  1.40323  1.40322  1.40566  1.39884  1.39265
  5296.36      1.8881  1.40333  1.40332  1.40576  1.39882  1.39263
  5294.86      1.8886  1.40338  1.40337  1.40581  1.39879  1.39260
  5293.36      1.8892  1.40331  1.40330  1.40574  1.39874  1.39255
  5291.86      1.8897  1.40305  1.40304  1.40547  1.39868  1.39250
  5290.36      1.8902  1.40247  1.40246  1.40489  1.39861  1.39243
  5288.86      1.8908  1.40227  1.40226  1.40469  1.39856  1.39238
  5287.36      1.8913  1.40244  1.40243  1.40486  1.39851  1.39233
  5285.86      1.8918  1.40276  1.40275  1.40518  1.39848  1.39231
  5284.36      1.8924  1.40282  1.40281  1.40524  1.39846  1.39228
  5282.86      1.8929  1.40277  1.40276  1.40519  1.39843  1.39226
  5281.36      1.8935  1.40274  1.40272  1.40516  1.39841  1.39224
  5279.86      1.8940  1.40277  1.40276  1.40519  1.39839  1.39221
  5278.36      1.8945  1.40274  1.40273  1.40516  1.39837  1.39220
  5276.86      1.8951  1.40257  1.40256  1.40500  1.39835  1.39217
  5275.35      1.8956  1.40248  1.40247  1.40491  1.39832  1.39214
  5273.85      1.8961  1.40251  1.40250  1.40494  1.39828  1.39211
  5272.35      1.8967  1.40240  1.40239  1.40482  1.39823  1.39206
  5270.85      1.8972  1.40236  1.40235  1.40479  1.39819  1.39202
  5269.35      1.8978  1.40240  1.40239  1.40482  1.39816  1.39199
  5267.85      1.8983  1.40247  1.40245  1.40489  1.39813  1.39196
  5266.35      1.8988  1.40248  1.40247  1.40491  1.39810  1.39194
  5264.85      1.8994  1.40235  1.40234  1.40478  1.39808  1.39192
  5263.35      1.8999  1.40212  1.40211  1.40454  1.39806  1.39189
  5261.85      1.9005  1.40192  1.40191  1.40434  1.39803  1.39188
  5260.35      1.9010  1.40201  1.40200  1.40443  1.39803  1.39186
  5258.85      1.9016  1.40241  1.40240  1.40483  1.39802  1.39186
  5257.35      1.9021  1.40271  1.40270  1.40514  1.39800  1.39184
  5255.85      1.9026  1.40262  1.40261  1.40504  1.39796  1.39180
  5254.35      1.9032  1.40212  1.40210  1.40454  1.39790  1.39174
  5252.85      1.9037  1.40188  1.40187  1.40430  1.39785  1.39169
  5251.35      1.9043  1.40199  1.40198  1.40442  1.39781  1.39164
  5249.85      1.9048  1.40224  1.40223  1.40466  1.39777  1.39161
  5248.35      1.9054  1.40195  1.40194  1.40437  1.39773  1.39157
  5246.85      1.9059  1.40160  1.40159  1.40402  1.39770  1.39154
  5245.35      1.9064  1.40146  1.40145  1.40387  1.39768  1.39152
  5243.85      1.9070  1.40158  1.40157  1.40400  1.39768  1.39152
  5242.35      1.9075  1.40190  1.40189  1.40432  1.39770  1.39154
  5240.85      1.9081  1.40210  1.40209  1.40453  1.39771  1.39156
  5239.35      1.9086  1.40225  1.40224  1.40467  1.39773  1.39157
  5237.85      1.9092  1.40234  1.40233  1.40476  1.39773  1.39158
  5236.35      1.9097  1.40224  1.40223  1.40467  1.39772  1.39156
  5234.85      1.9103  1.40206  1.40205  1.40448  1.39769  1.39154
  5233.35      1.9108  1.40184  1.40183  1.40426  1.39765  1.39150
  5231.85      1.9114  1.40165  1.40164  1.40407  1.39760  1.39145
  5230.35      1.9119  1.40160  1.40159  1.40402  1.39756  1.39141
  5228.85      1.9125  1.40172  1.40171  1.40414  1.39752  1.39137
  5227.35      1.9130  1.40181  1.40180  1.40423  1.39749  1.39134
  5225.85      1.9136  1.40173  1.40172  1.40415  1.39745  1.39130
  5224.35      1.9141  1.40148  1.40147  1.40390  1.39743  1.39129
  5222.85      1.9147  1.40135  1.40134  1.40377  1.39742  1.39128
  5221.35      1.9152  1.40150  1.40149  1.40392  1.39743  1.39128
  5219.85      1.9158  1.40188  1.40186  1.40430  1.39745  1.39130
  5218.35      1.9163  1.40200  1.40199  1.40442  1.39745  1.39131
  5216.85      1.9169  1.40174  1.40173  1.40416  1.39743  1.39128
  5215.35      1.9174  1.40152  1.40151  1.40394  1.39738  1.39124
  5213.85      1.9180  1.40159  1.40158  1.40401  1.39734  1.39119
  5212.35      1.9185  1.40184  1.40183  1.40426  1.39730  1.39114
  5210.85      1.9191  1.40191  1.40190  1.40433  1.39726  1.39107
  5209.35      1.9196  1.40163  1.40162  1.40405  1.39720  1.39097
  5207.85      1.9202  1.40107  1.40106  1.40348  1.39714  1.39085
  5206.35      1.9207  1.40062  1.40061  1.40303  1.39709  1.39074
  5204.85      1.9213  1.40064  1.40063  1.40306  1.39707  1.39064
  5203.35      1.9218  1.40101  1.40100  1.40343  1.39707  1.39055
  5201.85      1.9224  1.40153  1.40152  1.40395  1.39708  1.39044
  5200.35      1.9229  1.40188  1.40186  1.40430  1.39709  1.39035
  5198.85      1.9235  1.40181  1.40180  1.40423  1.39708  1.39026
  5197.35      1.9241  1.40149  1.40148  1.40391  1.39707  1.39020
  5195.85      1.9246  1.40113  1.40112  1.40354  1.39705  1.39014
  5194.35      1.9252  1.40099  1.40098  1.40341  1.39704  1.39011
  5192.85      1.9257  1.40111  1.40110  1.40353  1.39701  1.39007
  5191.35      1.9263  1.40124  1.40122  1.40365  1.39698  1.39005
  5189.85      1.9268  1.40123  1.40122  1.40365  1.39694  1.39005
  5188.35      1.9274  1.40118  1.40117  1.40359  1.39689  1.39007
  5186.85      1.9280  1.40117  1.40116  1.40359  1.39684  1.39008
  5185.35      1.9285  1.40110  1.40109  1.40352  1.39680  1.39007
  5183.85      1.9291  1.40093  1.40092  1.40335  1.39677  1.39002
  5182.35      1.9296  1.40084  1.40083  1.40325  1.39674  1.38997
  5180.85      1.9302  1.40087  1.40086  1.40328  1.39671  1.38990
  5179.35      1.9307  1.40089  1.40088  1.40331  1.39669  1.38984
  5177.85      1.9313  1.40083  1.40082  1.40325  1.39666  1.38976
  5176.35      1.9319  1.40076  1.40075  1.40318  1.39665  1.38970
  5174.85      1.9324  1.40089  1.40088  1.40331  1.39663  1.38964
  5173.35      1.9330  1.40096  1.40095  1.40338  1.39662  1.38962
  5171.85      1.9335  1.40086  1.40085  1.40327  1.39660  1.38963
  5170.35      1.9341  1.40083  1.40081  1.40324  1.39659  1.38967
  5168.85      1.9347  1.40085  1.40084  1.40326  1.39657  1.38973
  5167.35      1.9352  1.40084  1.40083  1.40326  1.39655  1.38977
  5165.85      1.9358  1.40077  1.40076  1.40318  1.39653  1.38981
  5164.35      1.9364  1.40063  1.40061  1.40304  1.39650  1.38982
  5162.85      1.9369  1.40055  1.40054  1.40297  1.39648  1.38981
  5161.35      1.9375  1.40065  1.40063  1.40306  1.39646  1.38977
  5159.85      1.9380  1.40082  1.40081  1.40324  1.39646  1.38971
  5158.35      1.9386  1.40071  1.40070  1.40313  1.39645  1.38963
  5156.85      1.9392  1.40054  1.40053  1.40295  1.39645  1.38952
  5155.35      1.9397  1.40050  1.40049  1.40292  1.39645  1.38940
  5153.85      1.9403  1.40065  1.40064  1.40306  1.39645  1.38928
  5152.35      1.9409  1.40074  1.40073  1.40316  1.39645  1.38918
  5150.85      1.9414  1.40078  1.40077  1.40320  1.39643  1.38910
  5149.35      1.9420  1.40083  1.40082  1.40325  1.39642  1.38901
  5147.85      1.9426  1.40086  1.40085  1.40328  1.39639  1.38894
  5146.35      1.9431  1.40062  1.40061  1.40304  1.39635  1.38885
  5144.85      1.9437  1.40047  1.40046  1.40289  1.39632  1.38878
  5143.35      1.9443  1.40038  1.40037  1.40279  1.39627  1.38872
  5141.85      1.9448  1.40031  1.40030  1.40272  1.39621  1.38867
  5140.35      1.9454  1.40032  1.40031  1.40273  1.39617  1.38863
  5138.84      1.9460  1.40035  1.40034  1.40277  1.39613  1.38857
  5137.34      1.9465  1.40039  1.40038  1.40280  1.39610  1.38852
  5135.84      1.9471  1.40036  1.40035  1.40278  1.39607  1.38847
  5134.34      1.9477  1.40016  1.40015  1.40257  1.39604  1.38842
  5132.84      1.9482  1.40007  1.40006  1.40249  1.39603  1.38839
  5131.34      1.9488  1.40011  1.40010  1.40253  1.39602  1.38836
  5129.84      1.9494  1.40022  1.40021  1.40264  1.39602  1.38833
  5128.34      1.9499  1.40032  1.40031  1.40274  1.39602  1.38830
  5126.84      1.9505  1.40028  1.40027  1.40270  1.39601  1.38828
  5125.34      1.9511  1.40022  1.40021  1.40264  1.39600  1.38826
  5123.84      1.9517  1.40022  1.40021  1.40264  1.39599  1.38825
  5122.34      1.9522  1.40025  1.40024  1.40267  1.39598  1.38825
  5120.84      1.9528  1.40027  1.40026  1.40269  1.39596  1.38823
  5119.34      1.9534  1.40025  1.40024  1.40267  1.39594  1.38822
  5117.84      1.9539  1.40016  1.40015  1.40257  1.39590  1.38818
  5116.34      1.9545  1.40004  1.40003  1.40246  1.39587  1.38813
  5114.84      1.9551  1.39998  1.39997  1.40239  1.39585  1.38808
  5113.34      1.9557  1.39994  1.39992  1.40235  1.39582  1.38804
  5111.84      1.9562  1.39991  1.39990  1.40232  1.39580  1.38799
  5110.34      1.9568  1.39994  1.39993  1.40236  1.39578  1.38794
  5108.84      1.9574  1.40002  1.40001  1.40244  1.39577  1.38790
  5107.34      1.9580  1.40007  1.40005  1.40249  1.39575  1.38787
  5105.84      1.9585  1.40003  1.40002  1.40245  1.39573  1.38786
  5104.34      1.9591  1.39998  1.39996  1.40241  1.39570  1.38785
  5102.84      1.9597  1.39994  1.40001  1.40221  1.39567  1.38786
  5101.34      1.9603  1.39996  1.40013  1.40222  1.39564  1.38786
  5099.84      1.9608  1.40001  1.40018  1.40225  1.39561  1.38785
  5098.34      1.9614  1.40007  1.40030  1.40208  1.39558  1.38783
  5096.84      1.9620  1.40009  1.40033  1.40189  1.39556  1.38781
  5095.34      1.9626  1.40006  1.40023  1.40172  1.39554  1.38778
  5093.84      1.9632  1.39994  1.40006  1.40162  1.39552  1.38774
  5092.34      1.9637  1.39979  1.39992  1.40161  1.39552  1.38769
  5090.84      1.9643  1.39982  1.39985  1.40169  1.39551  1.38764
  5089.34      1.9649  1.39988  1.39997  1.40179  1.39550  1.38757
  5087.84      1.9655  1.39975  1.40019  1.40176  1.39549  1.38750
  5086.34      1.9660  1.39949  1.40025  1.40156  1.39549  1.38743
  5084.84      1.9666  1.39941  1.40013  1.40130  1.39547  1.38735
  5083.34      1.9672  1.39954  1.40010  1.40116  1.39545  1.38726
  5081.84      1.9678  1.39964  1.40015  1.40134  1.39543  1.38718
  5080.34      1.9684  1.39972  1.40016  1.40167  1.39540  1.38710
  5078.84      1.9690  1.39984  1.40001  1.40173  1.39538  1.38703
  5077.34      1.9695  1.39982  1.39977  1.40150  1.39535  1.38697
  5075.84      1.9701  1.39961  1.39961  1.40141  1.39535  1.38692
  5074.34      1.9707  1.39944  1.39950  1.40145  1.39534  1.38690
  5072.84      1.9713  1.39939  1.39947  1.40140  1.39533  1.38690
  5071.34      1.9719  1.39929  1.39957  1.40136  1.39533  1.38693
  5069.84      1.9724  1.39923  1.39967  1.40133  1.39532  1.38696
  5068.34      1.9730  1.39930  1.39965  1.40116  1.39531  1.38699
  5066.84      1.9736  1.39935  1.39954  1.40087  1.39530  1.38703
  5065.34      1.9742  1.39916  1.39942  1.40076  1.39529  1.38706
  5063.84      1.9748  1.39880  1.39939  1.40087  1.39525  1.38710
  5062.34      1.9754  1.39856  1.39941  1.40094  1.39520  1.38710
  5060.84      1.9760  1.39868  1.39933  1.40097  1.39513  1.38710
  5059.34      1.9765  1.39902  1.39925  1.40100  1.39508  1.38709
  5057.84      1.9771  1.39921  1.39930  1.40092  1.39503  1.38706
  5056.34      1.9777  1.39908  1.39941  1.40080  1.39497  1.38701
  5054.84      1.9783  1.39895  1.39935  1.40085  1.39492  1.38697
  5053.34      1.9789  1.39890  1.39904  1.40093  1.39487  1.38691
  5051.84      1.9795  1.39895  1.39875  1.40086  1.39484  1.38685
  5050.34      1.9801  1.39902  1.39873  1.40075  1.39480  1.38679
  5048.84      1.9807  1.39910  1.39894  1.40054  1.39479  1.38671
  5047.34      1.9812  1.39902  1.39913  1.40039  1.39478  1.38663
  5045.84      1.9818  1.39880  1.39908  1.40054  1.39478  1.38656
  5044.34      1.9824  1.39858  1.39887  1.40081  1.39477  1.38649
  5042.84      1.9830  1.39851  1.39869  1.40088  1.39476  1.38641
  5041.34      1.9836  1.39851  1.39865  1.40085  1.39476  1.38633
  5039.84      1.9842  1.39858  1.39880  1.40093  1.39476  1.38626
  5038.34      1.9848  1.39880  1.39892  1.40095  1.39476  1.38618
  5036.84      1.9854  1.39905  1.39888  1.40077  1.39476  1.38611
  5035.34      1.9860  1.39901  1.39893  1.40058  1.39476  1.38605
  5033.84      1.9866  1.39863  1.39897  1.40060  1.39476  1.38598
  5032.34      1.9871  1.39839  1.39875  1.40064  1.39477  1.38592
  5030.84      1.9877  1.39842  1.39840  1.40045  1.39477  1.38586
  5029.34      1.9883  1.39849  1.39825  1.40022  1.39477  1.38582
  5027.84      1.9889  1.39863  1.39831  1.40022  1.39477  1.38579
  5026.34      1.9895  1.39882  1.39833  1.40024  1.39475  1.38576
  5024.84      1.9901  1.39886  1.39835  1.40018  1.39473  1.38572
  5023.34      1.9907  1.39873  1.39849  1.40027  1.39469  1.38568
  5021.84      1.9913  1.39861  1.39859  1.40033  1.39465  1.38564
  5020.34      1.9919  1.39875  1.39853  1.40024  1.39460  1.38560
  5018.84      1.9925  1.39891  1.39852  1.40024  1.39456  1.38556
  5017.34      1.9931  1.39883  1.39867  1.40038  1.39452  1.38550
  5015.84      1.9937  1.39875  1.39883  1.40049  1.39448  1.38544
  5014.34      1.9943  1.39879  1.39882  1.40050  1.39446  1.38536
  5012.84      1.9949  1.39877  1.39861  1.40039  1.39444  1.38529
  5011.34      1.9955  1.39858  1.39834  1.40018  1.39442  1.38523
  5009.84      1.9961  1.39833  1.39812  1.40001  1.39440  1.38519
  5008.34      1.9967  1.39826  1.39798  1.39998  1.39439  1.38514
  5006.83      1.9973  1.39840  1.39804  1.40003  1.39436  1.38512
  5005.33      1.9979  1.39861  1.39818  1.40006  1.39433  1.38510
  5003.83      1.9985  1.39863  1.39822  1.40003  1.39430  1.38510
  5002.33      1.9991  1.39837  1.39814  1.40003  1.39424  1.38512
  5000.83      1.9997  1.39809  1.39801  1.40015  1.39419  1.38514
  4999.33      2.0003  1.39802  1.39795  1.40015  1.39414  1.38516
  4997.83      2.0009  1.39812  1.39791  1.39985  1.39409  1.38518
  4996.33      2.0015  1.39819  1.39785  1.39956  1.39405  1.38518
  4994.83      2.0021  1.39824  1.39795  1.39960  1.39402  1.38516
  4993.33      2.0027  1.39827  1.39808  1.39966  1.39399  1.38513
  4991.83      2.0033  1.39820  1.39805  1.39943  1.39396  1.38508
  4990.33      2.0039  1.39801  1.39777  1.39915  1.39395  1.38501
  4988.83      2.0045  1.39786  1.39753  1.39917  1.39394  1.38493
  4987.33      2.0051  1.39790  1.39763  1.39947  1.39394  1.38482
  4985.83      2.0057  1.39800  1.39783  1.39966  1.39392  1.38472
  4984.33      2.0063  1.39794  1.39793  1.39949  1.39389  1.38461
  4982.83      2.0069  1.39778  1.39788  1.39919  1.39385  1.38453
  4981.33      2.0075  1.39768  1.39767  1.39908  1.39380  1.38445
  4979.83      2.0081  1.39766  1.39746  1.39906  1.39375  1.38440
  4978.33      2.0087  1.39759  1.39732  1.39893  1.39369  1.38436
  4976.83      2.0093  1.39756  1.39716  1.39878  1.39363  1.38434
  4975.33      2.0099  1.39768  1.39717  1.39874  1.39357  1.38434
  4973.83      2.0105  1.39777  1.39729  1.39881  1.39352  1.38435
  4972.33      2.0111  1.39771  1.39733  1.39884  1.39348  1.38437
  4970.83      2.0117  1.39760  1.39732  1.39886  1.39344  1.38438
  4969.33      2.0123  1.39756  1.39723  1.39902  1.39341  1.38440
  4967.83      2.0130  1.39773  1.39703  1.39919  1.39339  1.38440
  4966.33      2.0136  1.39797  1.39677  1.39924  1.39338  1.38441
  4964.83      2.0142  1.39795  1.39671  1.39926  1.39337  1.38442
  4963.33      2.0148  1.39778  1.39689  1.39921  1.39336  1.38441
  4961.83      2.0154  1.39781  1.39704  1.39898  1.39335  1.38438
  4960.33      2.0160  1.39790  1.39705  1.39871  1.39334  1.38436
  4958.83      2.0166  1.39771  1.39712  1.39857  1.39332  1.38432
  4957.33      2.0172  1.39735  1.39718  1.39851  1.39330  1.38429
  4955.83      2.0178  1.39709  1.39705  1.39843  1.39327  1.38425
  4954.33      2.0184  1.39702  1.39691  1.39832  1.39324  1.38421
  4952.83      2.0190  1.39706  1.39682  1.39821  1.39321  1.38417
  4951.33      2.0197  1.39714  1.39673  1.39812  1.39318  1.38413
  4949.83      2.0203  1.39708  1.39673  1.39802  1.39315  1.38410
  4948.33      2.0209  1.39684  1.39676  1.39792  1.39313  1.38407
  4946.83      2.0215  1.39671  1.39671  1.39793  1.39312  1.38403
  4945.33      2.0221  1.39676  1.39652  1.39797  1.39310  1.38398
  4943.83      2.0227  1.39678  1.39638  1.39798  1.39309  1.38392
  4942.33      2.0233  1.39669  1.39636  1.39804  1.39307  1.38386
  4940.83      2.0240  1.39663  1.39631  1.39815  1.39304  1.38379
  4939.33      2.0246  1.39663  1.39619  1.39813  1.39301  1.38371
  4937.83      2.0252  1.39648  1.39609  1.39798  1.39296  1.38365
  4936.33      2.0258  1.39626  1.39609  1.39785  1.39290  1.38358
  4934.83      2.0264  1.39625  1.39612  1.39785  1.39285  1.38352
  4933.33      2.0270  1.39633  1.39608  1.39790  1.39278  1.38346
  4931.83      2.0276  1.39638  1.39614  1.39788  1.39274  1.38341
  4930.33      2.0283  1.39648  1.39640  1.39776  1.39269  1.38338
  4928.83      2.0289  1.39650  1.39653  1.39781  1.39265  1.38336
  4927.33      2.0295  1.39642  1.39640  1.39796  1.39263  1.38335
  4925.83      2.0301  1.39643  1.39614  1.39788  1.39261  1.38335
  4924.33      2.0307  1.39648  1.39592  1.39761  1.39261  1.38334
  4922.83      2.0314  1.39647  1.39592  1.39753  1.39260  1.38334
  4921.33      2.0320  1.39636  1.39610  1.39759  1.39258  1.38334
  4919.83      2.0326  1.39615  1.39632  1.39761  1.39257  1.38333
  4918.33      2.0332  1.39593  1.39631  1.39752  1.39255  1.38331
  4916.83      2.0338  1.39597  1.39605  1.39720  1.39253  1.38327
  4915.33      2.0345  1.39621  1.39591  1.39684  1.39250  1.38323
  4913.83      2.0351  1.39627  1.39591  1.39678  1.39247  1.38315
  4912.33      2.0357  1.39615  1.39584  1.39697  1.39245  1.38307
  4910.83      2.0363  1.39614  1.39575  1.39705  1.39243  1.38299
  4909.33      2.0369  1.39607  1.39576  1.39699  1.39240  1.38291
  4907.83      2.0376  1.39584  1.39576  1.39700  1.39237  1.38280
  4906.33      2.0382  1.39578  1.39569  1.39706  1.39234  1.38271
  4904.83      2.0388  1.39586  1.39564  1.39708  1.39231  1.38262
  4903.33      2.0394  1.39579  1.39551  1.39710  1.39226  1.38253
  4901.83      2.0401  1.39571  1.39522  1.39705  1.39222  1.38245
  4900.33      2.0407  1.39586  1.39510  1.39689  1.39217  1.38238
  4898.83      2.0413  1.39594  1.39533  1.39670  1.39210  1.38232
  4897.33      2.0419  1.39578  1.39558  1.39662  1.39205  1.38228
  4895.83      2.0426  1.39569  1.39570  1.39658  1.39199  1.38224
  4894.33      2.0432  1.39577  1.39572  1.39654  1.39194  1.38221
  4892.83      2.0438  1.39582  1.39555  1.39652  1.39190  1.38219
  4891.33      2.0444  1.39574  1.39528  1.39660  1.39185  1.38217
  4889.83      2.0451  1.39553  1.39512  1.39666  1.39181  1.38216
  4888.33      2.0457  1.39531  1.39507  1.39667  1.39177  1.38215
  4886.83      2.0463  1.39524  1.39512  1.39677  1.39174  1.38214
  4885.33      2.0469  1.39527  1.39517  1.39675  1.39169  1.38212
  4883.83      2.0476  1.39527  1.39509  1.39642  1.39165  1.38210
  4882.33      2.0482  1.39524  1.39491  1.39605  1.39159  1.38208
  4880.83      2.0488  1.39515  1.39470  1.39598  1.39153  1.38206
  4879.33      2.0495  1.39509  1.39462  1.39606  1.39146  1.38204
  4877.83      2.0501  1.39507  1.39464  1.39609  1.39140  1.38201
  4876.33      2.0507  1.39505  1.39459  1.39602  1.39134  1.38197
  4874.83      2.0514  1.39496  1.39457  1.39588  1.39129  1.38192
  4873.33      2.0520  1.39480  1.39466  1.39581  1.39124  1.38189
  4871.83      2.0526  1.39478  1.39472  1.39590  1.39120  1.38186
  4870.32      2.0533  1.39500  1.39463  1.39607  1.39117  1.38183
  4868.82      2.0539  1.39525  1.39453  1.39608  1.39114  1.38181
  4867.32      2.0545  1.39533  1.39457  1.39591  1.39112  1.38178
  4865.82      2.0552  1.39531  1.39471  1.39584  1.39109  1.38177
  4864.32      2.0558  1.39531  1.39487  1.39590  1.39106  1.38176
  4862.82      2.0564  1.39529  1.39497  1.39582  1.39103  1.38175
  4861.32      2.0571  1.39518  1.39486  1.39556  1.39100  1.38175
  4859.82      2.0577  1.39503  1.39466  1.39539  1.39096  1.38174
  4858.32      2.0583  1.39487  1.39457  1.39539  1.39093  1.38172
  4856.82      2.0590  1.39458  1.39471  1.39564  1.39089  1.38171
  4855.32      2.0596  1.39426  1.39488  1.39593  1.39086  1.38169
  4853.82      2.0602  1.39420  1.39482  1.39577  1.39082  1.38167
  4852.32      2.0609  1.39431  1.39458  1.39542  1.39078  1.38166
  4850.82      2.0615  1.39443  1.39436  1.39539  1.39074  1.38164
  4849.32      2.0621  1.39458  1.39430  1.39557  1.39069  1.38160
  4847.82      2.0628  1.39469  1.39433  1.39560  1.39065  1.38157
  4846.32      2.0634  1.39464  1.39427  1.39535  1.39060  1.38153
  4844.82      2.0641  1.39453  1.39416  1.39496  1.39055  1.38148
  4843.32      2.0647  1.39442  1.39414  1.39472  1.39050  1.38142
  4841.82      2.0653  1.39428  1.39421  1.39480  1.39046  1.38136
  4840.32      2.0660  1.39407  1.39404  1.39495  1.39041  1.38130
  4838.82      2.0666  1.39392  1.39371  1.39483  1.39038  1.38123
  4837.32      2.0673  1.39391  1.39342  1.39462  1.39033  1.38118
  4835.82      2.0679  1.39390  1.39329  1.39467  1.39028  1.38114
  4834.32      2.0685  1.39383  1.39332  1.39491  1.39023  1.38110
  4832.82      2.0692  1.39382  1.39342  1.39497  1.39019  1.38109
  4831.32      2.0698  1.39389  1.39353  1.39489  1.39014  1.38107
  4829.82      2.0705  1.39398  1.39354  1.39476  1.39009  1.38107
  4828.32      2.0711  1.39397  1.39355  1.39470  1.39005  1.38107
  4826.82      2.0718  1.39379  1.39367  1.39470  1.39000  1.38108
  4825.32      2.0724  1.39363  1.39368  1.39461  1.38995  1.38108
  4823.82      2.0730  1.39365  1.39352  1.39450  1.38992  1.38108
  4822.32      2.0737  1.39383  1.39337  1.39446  1.38987  1.38108
  4820.82      2.0743  1.39410  1.39327  1.39439  1.38984  1.38106
  4819.32      2.0750  1.39419  1.39324  1.39432  1.38980  1.38102
  4817.82      2.0756  1.39398  1.39326  1.39442  1.38977  1.38096
  4816.32      2.0763  1.39374  1.39327  1.39462  1.38973  1.38090
  4814.82      2.0769  1.39367  1.39326  1.39461  1.38970  1.38083
  4813.32      2.0776  1.39353  1.39320  1.39425  1.38967  1.38076
  4811.82      2.0782  1.39325  1.39314  1.39387  1.38964  1.38069
  4810.32      2.0789  1.39306  1.39309  1.39387  1.38960  1.38062
  4808.82      2.0795  1.39309  1.39308  1.39409  1.38958  1.38056
  4807.32      2.0802  1.39314  1.39315  1.39410  1.38955  1.38051
  4805.82      2.0808  1.39318  1.39321  1.39400  1.38952  1.38048
  4804.32      2.0815  1.39330  1.39312  1.39407  1.38950  1.38045
  4802.82      2.0821  1.39328  1.39294  1.39420  1.38948  1.38042
  4801.32      2.0828  1.39308  1.39283  1.39399  1.38947  1.38039
  4799.82      2.0834  1.39300  1.39285  1.39362  1.38944  1.38037
  4798.32      2.0841  1.39297  1.39289  1.39366  1.38942  1.38034
  4796.82      2.0847  1.39291  1.39279  1.39388  1.38937  1.38030
  4795.32      2.0854  1.39292  1.39254  1.39379  1.38932  1.38028
  4793.82      2.0860  1.39295  1.39241  1.39352  1.38928  1.38026
  4792.32      2.0867  1.39291  1.39248  1.39343  1.38923  1.38025
  4790.82      2.0873  1.39294  1.39258  1.39342  1.38917  1.38023
  4789.32      2.0880  1.39305  1.39254  1.39341  1.38911  1.38021
  4787.82      2.0886  1.39302  1.39246  1.39344  1.38905  1.38020
  4786.32      2.0893  1.39280  1.39248  1.39350  1.38899  1.38018
  4784.82      2.0899  1.39255  1.39254  1.39363  1.38895  1.38016
  4783.32      2.0906  1.39242  1.39253  1.39369  1.38891  1.38013
  4781.82      2.0913  1.39240  1.39248  1.39351  1.38886  1.38009
  4780.32      2.0919  1.39245  1.39244  1.39328  1.38881  1.38004
  4778.82      2.0926  1.39250  1.39244  1.39319  1.38878  1.38000
  4777.32      2.0932  1.39248  1.39240  1.39313  1.38874  1.37996
  4775.82      2.0939  1.39240  1.39243  1.39301  1.38869  1.37993
  4774.32      2.0945  1.39223  1.39252  1.39304  1.38865  1.37991
  4772.82      2.0952  1.39214  1.39248  1.39328  1.38860  1.37990
  4771.32      2.0959  1.39224  1.39235  1.39339  1.38855  1.37989
  4769.82      2.0965  1.39240  1.39218  1.39327  1.38851  1.37988
  4768.32      2.0972  1.39244  1.39208  1.39308  1.38845  1.37989
  4766.82      2.0978  1.39235  1.39224  1.39296  1.38840  1.37991
  4765.32      2.0985  1.39216  1.39242  1.39300  1.38834  1.37993
  4763.82      2.0992  1.39202  1.39236  1.39317  1.38829  1.37995
  4762.32      2.0998  1.39191  1.39222  1.39315  1.38824  1.37997
  4760.82      2.1005  1.39178  1.39220  1.39295  1.38819  1.37998
  4759.32      2.1011  1.39185  1.39226  1.39289  1.38813  1.38000
  4757.82      2.1018  1.39205  1.39220  1.39297  1.38807  1.38002
  4756.32      2.1025  1.39224  1.39209  1.39304  1.38801  1.38003
  4754.82      2.1031  1.39226  1.39194  1.39302  1.38796  1.38003
  4753.32      2.1038  1.39217  1.39179  1.39300  1.38791  1.38002
  4751.82      2.1045  1.39214  1.39188  1.39319  1.38787  1.38000
  4750.32      2.1051  1.39198  1.39211  1.39345  1.38782  1.37998
  4748.82      2.1058  1.39182  1.39217  1.39354  1.38777  1.37995
  4747.32      2.1065  1.39202  1.39215  1.39345  1.38774  1.37992
  4745.82      2.1071  1.39225  1.39222  1.39325  1.38770  1.37989
  4744.32      2.1078  1.39218  1.39223  1.39313  1.38766  1.37986
  4742.82      2.1085  1.39207  1.39209  1.39311  1.38763  1.37983
  4741.32      2.1091  1.39208  1.39194  1.39308  1.38758  1.37981
  4739.82      2.1098  1.39205  1.39189  1.39299  1.38755  1.37978
  4738.31      2.1105  1.39197  1.39195  1.39287  1.38751  1.37977
  4736.81      2.1111  1.39194  1.39203  1.39270  1.38748  1.37975
  4735.31      2.1118  1.39189  1.39195  1.39258  1.38745  1.37972
  4733.81      2.1125  1.39178  1.39175  1.39255  1.38741  1.37970
  4732.31      2.1131  1.39177  1.39176  1.39252  1.38738  1.37968
  4730.81      2.1138  1.39195  1.39200  1.39249  1.38734  1.37965
  4729.31      2.1145  1.39200  1.39206  1.39253  1.38730  1.37961
  4727.81      2.1151  1.39184  1.39192  1.39262  1.38725  1.37957
  4726.31      2.1158  1.39168  1.39176  1.39268  1.38719  1.37953
  4724.81      2.1165  1.39159  1.39154  1.39266  1.38713  1.37950
  4723.31      2.1172  1.39166  1.39137  1.39260  1.38707  1.37945
  4721.81      2.1178  1.39185  1.39136  1.39248  1.38701  1.37940
  4720.31      2.1185  1.39182  1.39146  1.39237  1.38695  1.37936
  4718.81      2.1192  1.39153  1.39157  1.39227  1.38688  1.37931
  4717.31      2.1199  1.39124  1.39162  1.39221  1.38683  1.37926
  4715.81      2.1205  1.39115  1.39168  1.39228  1.38678  1.37923
  4714.31      2.1212  1.39117  1.39169  1.39235  1.38674  1.37918
  4712.81      2.1219  1.39115  1.39150  1.39223  1.38670  1.37914
  4711.31      2.1226  1.39111  1.39120  1.39201  1.38666  1.37911
  4709.81      2.1232  1.39106  1.39101  1.39201  1.38662  1.37907
  4708.31      2.1239  1.39099  1.39106  1.39210  1.38657  1.37903
  4706.81      2.1246  1.39084  1.39123  1.39205  1.38649  1.37900
  4705.31      2.1253  1.39071  1.39118  1.39182  1.38640  1.37896
  4703.81      2.1259  1.39070  1.39093  1.39161  1.38631  1.37891
  4702.31      2.1266  1.39080  1.39091  1.39166  1.38619  1.37887
  4700.81      2.1273  1.39088  1.39094  1.39183  1.38605  1.37881
  4699.31      2.1280  1.39088  1.39076  1.39184  1.38590  1.37876
  4697.81      2.1287  1.39083  1.39064  1.39174  1.38575  1.37873
  4696.31      2.1293  1.39073  1.39071  1.39177  1.38562  1.37868
  4694.81      2.1300  1.39054  1.39080  1.39174  1.38551  1.37864
  4693.31      2.1307  1.39039  1.39084  1.39154  1.38543  1.37860
  4691.81      2.1314  1.39044  1.39082  1.39139  1.38535  1.37857
  4690.31      2.1321  1.39058  1.39062  1.39135  1.38530  1.37854
  4688.81      2.1327  1.39062  1.39042  1.39147  1.38527  1.37850
  4687.31      2.1334  1.39060  1.39034  1.39168  1.38527  1.37847
  4685.81      2.1341  1.39057  1.39027  1.39174  1.38528  1.37844
  4684.31      2.1348  1.39046  1.39016  1.39161  1.38529  1.37841
  4682.81      2.1355  1.39031  1.39011  1.39141  1.38530  1.37838
  4681.31      2.1362  1.39018  1.39014  1.39128  1.38531  1.37835
  4679.81      2.1368  1.39010  1.39030  1.39132  1.38531  1.37833
  4678.31      2.1375  1.39008  1.39048  1.39138  1.38529  1.37830
  4676.81      2.1382  1.39016  1.39036  1.39121  1.38525  1.37828
  4675.31      2.1389  1.39031  1.39012  1.39094  1.38520  1.37824
  4673.81      2.1396  1.39024  1.39007  1.39084  1.38512  1.37820
  4672.31      2.1403  1.39004  1.39016  1.39092  1.38504  1.37816
  4670.81      2.1410  1.38993  1.39013  1.39108  1.38494  1.37813
  4669.31      2.1416  1.38985  1.38996  1.39106  1.38485  1.37810
  4667.81      2.1423  1.38978  1.38982  1.39084  1.38476  1.37808
  4666.31      2.1430  1.38974  1.38973  1.39063  1.38467  1.37804
  4664.81      2.1437  1.38970  1.38972  1.39053  1.38460  1.37800
  4663.31      2.1444  1.38967  1.38981  1.39049  1.38454  1.37795
  4661.81      2.1451  1.38967  1.38979  1.39048  1.38449  1.37790
  4660.31      2.1458  1.38963  1.38970  1.39057  1.38444  1.37785
  4658.81      2.1465  1.38962  1.38971  1.39079  1.38441  1.37777
  4657.31      2.1472  1.38960  1.38965  1.39094  1.38438  1.37768
  4655.81      2.1479  1.38954  1.38958  1.39093  1.38435  1.37759
  4654.31      2.1485  1.38941  1.38961  1.39078  1.38432  1.37749
  4652.81      2.1492  1.38932  1.38957  1.39058  1.38429  1.37739
  4651.31      2.1499  1.38932  1.38940  1.39039  1.38425  1.37731
  4649.81      2.1506  1.38926  1.38919  1.39022  1.38420  1.37722
  4648.31      2.1513  1.38915  1.38905  1.39017  1.38416  1.37714
  4646.81      2.1520  1.38909  1.38892  1.39016  1.38410  1.37707
  4645.31      2.1527  1.38902  1.38883  1.39006  1.38403  1.37700
  4643.81      2.1534  1.38891  1.38892  1.38997  1.38396  1.37694
  4642.31      2.1541  1.38886  1.38920  1.38982  1.38389  1.37689
  4640.81      2.1548  1.38891  1.38926  1.38966  1.38381  1.37683
  4639.31      2.1555  1.38893  1.38895  1.38968  1.38373  1.37679
  4637.81      2.1562  1.38882  1.38857  1.38979  1.38366  1.37673
  4636.31      2.1569  1.38871  1.38838  1.38990  1.38358  1.37667
  4634.81      2.1576  1.38867  1.38840  1.39001  1.38349  1.37661
  4633.31      2.1583  1.38864  1.38844  1.38997  1.38341  1.37653
  4631.81      2.1590  1.38856  1.38847  1.38970  1.38334  1.37645
  4630.31      2.1597  1.38841  1.38852  1.38954  1.38327  1.37635
  4628.81      2.1604  1.38825  1.38851  1.38961  1.38319  1.37626
  4627.31      2.1611  1.38819  1.38842  1.38970  1.38312  1.37617
  4625.81      2.1618  1.38815  1.38827  1.38977  1.38306  1.37608
  4624.31      2.1625  1.38802  1.38804  1.38967  1.38299  1.37599
  4622.81      2.1632  1.38799  1.38790  1.38939  1.38294  1.37591
  4621.31      2.1639  1.38815  1.38789  1.38905  1.38288  1.37583
  4619.81      2.1646  1.38825  1.38793  1.38883  1.38282  1.37577
  4618.31      2.1653  1.38802  1.38790  1.38872  1.38275  1.37570
  4616.81      2.1660  1.38769  1.38770  1.38859  1.38266  1.37563
  4615.31      2.1667  1.38768  1.38756  1.38856  1.38258  1.37556
  4613.81      2.1674  1.38781  1.38753  1.38870  1.38250  1.37547
  4612.31      2.1681  1.38767  1.38748  1.38885  1.38240  1.37539
  4610.81      2.1688  1.38738  1.38752  1.38884  1.38231  1.37533
  4609.31      2.1695  1.38716  1.38753  1.38862  1.38222  1.37525
  4607.81      2.1702  1.38704  1.38732  1.38835  1.38214  1.37518
  4606.31      2.1709  1.38701  1.38711  1.38816  1.38207  1.37510
  4604.81      2.1716  1.38711  1.38705  1.38808  1.38199  1.37503
  4603.31      2.1724  1.38725  1.38709  1.38807  1.38193  1.37496
  4601.80      2.1731  1.38738  1.38710  1.38808  1.38186  1.37490
  4600.30      2.1738  1.38742  1.38700  1.38809  1.38179  1.37482
  4598.80      2.1745  1.38730  1.38682  1.38808  1.38171  1.37474
  4597.30      2.1752  1.38714  1.38667  1.38805  1.38162  1.37466
  4595.80      2.1759  1.38709  1.38663  1.38803  1.38152  1.37457
  4594.30      2.1766  1.38703  1.38672  1.38792  1.38141  1.37446
  4592.80      2.1773  1.38694  1.38686  1.38777  1.38132  1.37437
  4591.30      2.1780  1.38697  1.38684  1.38778  1.38122  1.37428
  4589.80      2.1787  1.38709  1.38664  1.38791  1.38114  1.37418
  4588.30      2.1795  1.38714  1.38649  1.38795  1.38106  1.37409
  4586.80      2.1802  1.38706  1.38655  1.38786  1.38100  1.37400
  4585.30      2.1809  1.38688  1.38656  1.38780  1.38095  1.37390
  4583.80      2.1816  1.38669  1.38634  1.38775  1.38091  1.37382
  4582.30      2.1823  1.38664  1.38613  1.38753  1.38088  1.37374
  4580.80      2.1830  1.38657  1.38612  1.38722  1.38084  1.37368
  4579.30      2.1837  1.38641  1.38623  1.38716  1.38079  1.37362
  4577.80      2.1845  1.38633  1.38629  1.38745  1.38073  1.37356
  4576.30      2.1852  1.38638  1.38621  1.38759  1.38068  1.37352
  4574.80      2.1859  1.38635  1.38599  1.38744  1.38061  1.37348
  4573.30      2.1866  1.38623  1.38574  1.38724  1.38054  1.37346
  4571.80      2.1873  1.38614  1.38563  1.38709  1.38048  1.37343
  4570.30      2.1880  1.38609  1.38567  1.38697  1.38041  1.37340
  4568.80      2.1888  1.38602  1.38572  1.38692  1.38036  1.37336
  4567.30      2.1895  1.38595  1.38575  1.38702  1.38032  1.37332
  4565.80      2.1902  1.38588  1.38574  1.38710  1.38030  1.37327
  4564.30      2.1909  1.38584  1.38567  1.38700  1.38027  1.37321
  4562.80      2.1916  1.38591  1.38560  1.38689  1.38026  1.37316
  4561.30      2.1924  1.38594  1.38556  1.38686  1.38024  1.37311
  4559.80      2.1931  1.38582  1.38550  1.38680  1.38023  1.37305
  4558.30      2.1938  1.38565  1.38540  1.38664  1.38021  1.37300
  4556.80      2.1945  1.38559  1.38532  1.38656  1.38018  1.37296
  4555.30      2.1952  1.38562  1.38527  1.38661  1.38015  1.37291
  4553.80      2.1960  1.38555  1.38519  1.38665  1.38011  1.37288
  4552.30      2.1967  1.38538  1.38506  1.38656  1.38007  1.37285
  4550.80      2.1974  1.38527  1.38497  1.38639  1.38002  1.37281
  4549.30      2.1981  1.38526  1.38487  1.38622  1.37998  1.37277
  4547.80      2.1989  1.38534  1.38477  1.38611  1.37993  1.37271
  4546.30      2.1996  1.38552  1.38479  1.38611  1.37989  1.37266
  4544.80      2.2003  1.38559  1.38492  1.38614  1.37984  1.37260
  4543.30      2.2010  1.38540  1.38496  1.38617  1.37979  1.37254
  4541.80      2.2018  1.38505  1.38482  1.38614  1.37974  1.37247
  4540.30      2.2025  1.38487  1.38461  1.38602  1.37969  1.37240
  4538.80      2.2032  1.38495  1.38452  1.38575  1.37963  1.37232
  4537.30      2.2040  1.38502  1.38470  1.38549  1.37956  1.37225
  4535.80      2.2047  1.38490  1.38492  1.38548  1.37950  1.37218
  4534.30      2.2054  1.38475  1.38494  1.38550  1.37943  1.37210
  4532.80      2.2061  1.38474  1.38481  1.38543  1.37937  1.37203
  4531.30      2.2069  1.38483  1.38469  1.38551  1.37930  1.37195
  4529.80      2.2076  1.38487  1.38457  1.38562  1.37923  1.37189
  4528.30      2.2083  1.38483  1.38444  1.38558  1.37917  1.37181
  4526.80      2.2091  1.38481  1.38438  1.38546  1.37911  1.37175
  4525.30      2.2098  1.38485  1.38430  1.38532  1.37905  1.37169
  4523.80      2.2105  1.38487  1.38411  1.38520  1.37898  1.37163
  4522.30      2.2113  1.38472  1.38392  1.38520  1.37892  1.37159
  4520.80      2.2120  1.38435  1.38385  1.38522  1.37885  1.37155
  4519.30      2.2127  1.38403  1.38382  1.38521  1.37878  1.37151
  4517.80      2.2135  1.38396  1.38379  1.38530  1.37870  1.37148
  4516.30      2.2142  1.38401  1.38384  1.38534  1.37863  1.37146
  4514.80      2.2149  1.38409  1.38388  1.38520  1.37855  1.37143
  4513.30      2.2157  1.38416  1.38368  1.38505  1.37847  1.37139
  4511.80      2.2164  1.38413  1.38339  1.38495  1.37840  1.37133
  4510.30      2.2171  1.38399  1.38329  1.38486  1.37833  1.37128
  4508.80      2.2179  1.38384  1.38338  1.38481  1.37828  1.37123
  4507.30      2.2186  1.38385  1.38348  1.38487  1.37823  1.37118
  4505.80      2.2194  1.38392  1.38347  1.38496  1.37818  1.37113
  4504.30      2.2201  1.38382  1.38342  1.38486  1.37814  1.37107
  4502.80      2.2208  1.38368  1.38339  1.38465  1.37811  1.37102
  4501.30      2.2216  1.38370  1.38329  1.38458  1.37807  1.37096
  4499.80      2.2223  1.38379  1.38321  1.38474  1.37803  1.37091
  4498.30      2.2231  1.38373  1.38326  1.38489  1.37798  1.37084
  4496.80      2.2238  1.38349  1.38327  1.38486  1.37792  1.37076
  4495.30      2.2245  1.38334  1.38320  1.38477  1.37786  1.37067
  4493.80      2.2253  1.38331  1.38306  1.38469  1.37779  1.37057
  4492.30      2.2260  1.38330  1.38290  1.38458  1.37771  1.37045
  4490.80      2.2268  1.38323  1.38278  1.38451  1.37763  1.37034
  4489.30      2.2275  1.38313  1.38273  1.38444  1.37755  1.37022
  4487.80      2.2283  1.38315  1.38275  1.38427  1.37748  1.37012
  4486.30      2.2290  1.38329  1.38284  1.38409  1.37742  1.37003
  4484.80      2.2298  1.38339  1.38289  1.38401  1.37737  1.36995
  4483.30      2.2305  1.38332  1.38284  1.38391  1.37733  1.36990
  4481.80      2.2312  1.38304  1.38272  1.38376  1.37731  1.36986
  4480.30      2.2320  1.38271  1.38265  1.38373  1.37728  1.36985
  4478.80      2.2327  1.38251  1.38262  1.38381  1.37725  1.36985
  4477.30      2.2335  1.38250  1.38252  1.38371  1.37723  1.36986
  4475.80      2.2342  1.38268  1.38235  1.38338  1.37720  1.36986
  4474.30      2.2350  1.38292  1.38217  1.38324  1.37715  1.36986
  4472.80      2.2357  1.38296  1.38208  1.38341  1.37711  1.36983
  4471.30      2.2365  1.38279  1.38211  1.38357  1.37705  1.36981
  4469.79      2.2372  1.38259  1.38212  1.38346  1.37698  1.36977
  4468.29      2.2380  1.38240  1.38209  1.38330  1.37692  1.36971
  4466.79      2.2387  1.38217  1.38207  1.38318  1.37685  1.36964
  4465.29      2.2395  1.38207  1.38203  1.38301  1.37680  1.36956
  4463.79      2.2402  1.38213  1.38187  1.38281  1.37673  1.36948
  4462.29      2.2410  1.38207  1.38164  1.38273  1.37667  1.36942
  4460.79      2.2418  1.38183  1.38141  1.38277  1.37661  1.36936
  4459.29      2.2425  1.38168  1.38134  1.38279  1.37656  1.36932
  4457.79      2.2433  1.38164  1.38137  1.38276  1.37651  1.36927
  4456.29      2.2440  1.38164  1.38136  1.38270  1.37644  1.36922
  4454.79      2.2448  1.38169  1.38136  1.38274  1.37637  1.36918
  4453.29      2.2455  1.38175  1.38141  1.38273  1.37630  1.36913
  4451.79      2.2463  1.38175  1.38142  1.38260  1.37623  1.36908
  4450.29      2.2470  1.38176  1.38130  1.38256  1.37617  1.36901
  4448.79      2.2478  1.38170  1.38114  1.38260  1.37611  1.36894
  4447.29      2.2486  1.38154  1.38109  1.38256  1.37606  1.36887
  4445.79      2.2493  1.38140  1.38108  1.38249  1.37601  1.36880
  4444.29      2.2501  1.38140  1.38106  1.38248  1.37596  1.36873
  4442.79      2.2508  1.38146  1.38109  1.38246  1.37592  1.36867
  4441.29      2.2516  1.38147  1.38111  1.38246  1.37588  1.36863
  4439.79      2.2524  1.38144  1.38105  1.38253  1.37584  1.36860
  4438.29      2.2531  1.38139  1.38081  1.38248  1.37579  1.36857
  4436.79      2.2539  1.38130  1.38049  1.38218  1.37573  1.36853
  4435.29      2.2546  1.38120  1.38044  1.38191  1.37568  1.36849
  4433.79      2.2554  1.38114  1.38065  1.38181  1.37562  1.36845
  4432.29      2.2562  1.38107  1.38079  1.38182  1.37556  1.36841
  4430.79      2.2569  1.38101  1.38082  1.38179  1.37548  1.36836
  4429.29      2.2577  1.38095  1.38082  1.38164  1.37541  1.36829
  4427.79      2.2585  1.38097  1.38074  1.38145  1.37535  1.36822
  4426.29      2.2592  1.38103  1.38054  1.38139  1.37528  1.36815
  4424.79      2.2600  1.38101  1.38033  1.38139  1.37522  1.36808
  4423.29      2.2608  1.38092  1.38025  1.38123  1.37515  1.36801
  4421.79      2.2615  1.38079  1.38026  1.38102  1.37509  1.36795
  4420.29      2.2623  1.38063  1.38015  1.38105  1.37503  1.36790
  4418.79      2.2631  1.38054  1.38000  1.38120  1.37497  1.36785
  4417.29      2.2638  1.38050  1.37997  1.38112  1.37490  1.36779
  4415.79      2.2646  1.38049  1.37997  1.38087  1.37484  1.36773
  4414.29      2.2654  1.38048  1.37983  1.38076  1.37478  1.36768
  4412.79      2.2661  1.38042  1.37969  1.38076  1.37472  1.36762
  4411.29      2.2669  1.38034  1.37962  1.38075  1.37466  1.36756
  4409.79      2.2677  1.38028  1.37958  1.38088  1.37458  1.36749
  4408.29      2.2685  1.38013  1.37950  1.38098  1.37451  1.36741
  4406.79      2.2692  1.37982  1.37949  1.38077  1.37445  1.36735
  4405.29      2.2700  1.37958  1.37947  1.38054  1.37439  1.36727
  4403.79      2.2708  1.37953  1.37936  1.38066  1.37432  1.36719
  4402.29      2.2715  1.37955  1.37934  1.38083  1.37426  1.36712
  4400.79      2.2723  1.37960  1.37945  1.38076  1.37420  1.36705
  4399.29      2.2731  1.37974  1.37945  1.38058  1.37414  1.36698
  4397.79      2.2739  1.37987  1.37931  1.38044  1.37410  1.36690
  4396.29      2.2746  1.37992  1.37922  1.38035  1.37407  1.36683
  4394.79      2.2754  1.37994  1.37923  1.38029  1.37404  1.36676
  4393.29      2.2762  1.37984  1.37922  1.38028  1.37399  1.36670
  4391.79      2.2770  1.37960  1.37915  1.38034  1.37396  1.36664
  4390.29      2.2778  1.37932  1.37905  1.38033  1.37392  1.36658
  4388.79      2.2785  1.37917  1.37889  1.38018  1.37388  1.36653
  4387.29      2.2793  1.37919  1.37881  1.38003  1.37383  1.36648
  4385.79      2.2801  1.37933  1.37877  1.37992  1.37376  1.36644
  4384.29      2.2809  1.37930  1.37870  1.37976  1.37369  1.36640
  4382.79      2.2817  1.37907  1.37865  1.37956  1.37361  1.36635
  4381.29      2.2824  1.37885  1.37857  1.37941  1.37353  1.36630
  4379.79      2.2832  1.37890  1.37851  1.37937  1.37345  1.36624
  4378.29      2.2840  1.37901  1.37853  1.37946  1.37337  1.36618
  4376.79      2.2848  1.37899  1.37856  1.37959  1.37329  1.36611
  4375.29      2.2856  1.37890  1.37858  1.37966  1.37322  1.36606
  4373.79      2.2863  1.37879  1.37853  1.37967  1.37316  1.36600
  4372.29      2.2871  1.37868  1.37850  1.37958  1.37311  1.36596
  4370.79      2.2879  1.37854  1.37843  1.37932  1.37305  1.36591
  4369.29      2.2887  1.37833  1.37821  1.37902  1.37298  1.36588
  4367.79      2.2895  1.37822  1.37802  1.37898  1.37293  1.36583
  4366.29      2.2903  1.37823  1.37798  1.37914  1.37287  1.36579
  4364.79      2.2911  1.37816  1.37798  1.37922  1.37282  1.36574
  4363.29      2.2919  1.37801  1.37790  1.37922  1.37275  1.36566
  4361.79      2.2926  1.37805  1.37776  1.37920  1.37269  1.36559
  4360.29      2.2934  1.37818  1.37754  1.37908  1.37261  1.36552
  4358.79      2.2942  1.37814  1.37726  1.37889  1.37254  1.36543
  4357.29      2.2950  1.37798  1.37697  1.37880  1.37246  1.36533
  4355.79      2.2958  1.37780  1.37688  1.37880  1.37238  1.36525
  4354.29      2.2966  1.37759  1.37703  1.37868  1.37229  1.36517
  4352.79      2.2974  1.37738  1.37705  1.37844  1.37220  1.36511
  4351.29      2.2982  1.37739  1.37696  1.37825  1.37212  1.36504
  4349.79      2.2990  1.37743  1.37694  1.37815  1.37204  1.36498
  4348.29      2.2998  1.37736  1.37695  1.37817  1.37197  1.36493
  4346.79      2.3006  1.37735  1.37701  1.37822  1.37192  1.36487
  4345.29      2.3013  1.37729  1.37695  1.37821  1.37189  1.36483
  4343.79      2.3021  1.37713  1.37668  1.37810  1.37184  1.36477
  4342.29      2.3029  1.37704  1.37641  1.37798  1.37180  1.36471
  4340.79      2.3037  1.37705  1.37636  1.37791  1.37177  1.36466
  4339.29      2.3045  1.37710  1.37648  1.37791  1.37172  1.36460
  4337.79      2.3053  1.37708  1.37651  1.37787  1.37167  1.36453
  4336.29      2.3061  1.37691  1.37642  1.37774  1.37160  1.36446
  4334.79      2.3069  1.37667  1.37631  1.37760  1.37153  1.36440
  4333.28      2.3077  1.37648  1.37626  1.37746  1.37145  1.36434
  4331.78      2.3085  1.37634  1.37629  1.37740  1.37138  1.36428
  4330.28      2.3093  1.37628  1.37626  1.37739  1.37130  1.36422
  4328.78      2.3101  1.37632  1.37606  1.37732  1.37123  1.36414
  4327.28      2.3109  1.37640  1.37586  1.37723  1.37117  1.36408
  4325.78      2.3117  1.37641  1.37585  1.37708  1.37112  1.36402
  4324.28      2.3125  1.37638  1.37598  1.37698  1.37107  1.36397
  4322.78      2.3133  1.37634  1.37608  1.37700  1.37103  1.36393
  4321.28      2.3141  1.37633  1.37603  1.37705  1.37098  1.36387
  4319.78      2.3149  1.37634  1.37587  1.37705  1.37093  1.36381
  4318.28      2.3157  1.37628  1.37569  1.37700  1.37088  1.36375
  4316.78      2.3165  1.37611  1.37564  1.37685  1.37081  1.36369
  4315.28      2.3173  1.37592  1.37568  1.37666  1.37073  1.36363
  4313.78      2.3182  1.37576  1.37566  1.37654  1.37065  1.36357
  4312.28      2.3190  1.37566  1.37552  1.37650  1.37056  1.36349
  4310.78      2.3198  1.37558  1.37543  1.37645  1.37049  1.36342
  4309.28      2.3206  1.37543  1.37540  1.37632  1.37041  1.36334
  4307.78      2.3214  1.37525  1.37535  1.37609  1.37032  1.36326
  4306.28      2.3222  1.37519  1.37534  1.37598  1.37023  1.36319
  4304.78      2.3230  1.37515  1.37530  1.37606  1.37016  1.36312
  4303.28      2.3238  1.37513  1.37511  1.37618  1.37007  1.36305
  4301.78      2.3246  1.37517  1.37488  1.37614  1.36999  1.36297
  4300.28      2.3254  1.37526  1.37474  1.37591  1.36990  1.36291
  4298.78      2.3262  1.37530  1.37467  1.37572  1.36982  1.36285
  4297.28      2.3271  1.37520  1.37463  1.37565  1.36975  1.36280
  4295.78      2.3279  1.37496  1.37462  1.37561  1.36967  1.36276
  4294.28      2.3287  1.37483  1.37462  1.37564  1.36961  1.36271
  4292.78      2.3295  1.37488  1.37454  1.37566  1.36956  1.36265
  4291.28      2.3303  1.37493  1.37452  1.37557  1.36952  1.36260
  4289.78      2.3311  1.37488  1.37453  1.37544  1.36948  1.36254
  4288.28      2.3319  1.37482  1.37449  1.37538  1.36945  1.36249
  4286.78      2.3328  1.37480  1.37443  1.37538  1.36941  1.36242
  4285.28      2.3336  1.37467  1.37428  1.37528  1.36936  1.36234
  4283.78      2.3344  1.37451  1.37403  1.37516  1.36931  1.36226
  4282.28      2.3352  1.37443  1.37391  1.37513  1.36924  1.36216
  4280.78      2.3360  1.37442  1.37393  1.37511  1.36917  1.36208
  4279.28      2.3368  1.37441  1.37394  1.37503  1.36908  1.36200
  4277.78      2.3377  1.37429  1.37394  1.37491  1.36898  1.36193
  4276.28      2.3385  1.37408  1.37395  1.37483  1.36887  1.36186
  4274.78      2.3393  1.37407  1.37386  1.37488  1.36878  1.36181
  4273.28      2.3401  1.37421  1.37370  1.37499  1.36869  1.36177
  4271.78      2.3409  1.37419  1.37363  1.37495  1.36860  1.36172
  4270.28      2.3418  1.37402  1.37361  1.37481  1.36853  1.36168
  4268.78      2.3426  1.37386  1.37354  1.37470  1.36845  1.36164
  4267.28      2.3434  1.37372  1.37345  1.37460  1.36838  1.36159
  4265.78      2.3442  1.37365  1.37344  1.37458  1.36832  1.36152
  4264.28      2.3451  1.37365  1.37341  1.37456  1.36826  1.36145
  4262.78      2.3459  1.37354  1.37333  1.37442  1.36820  1.36137
  4261.28      2.3467  1.37337  1.37329  1.37421  1.36813  1.36129
  4259.78      2.3475  1.37329  1.37325  1.37405  1.36806  1.36120
  4258.28      2.3484  1.37326  1.37307  1.37401  1.36798  1.36112
  4256.78      2.3492  1.37328  1.37286  1.37408  1.36792  1.36103
  4255.28      2.3500  1.37335  1.37275  1.37417  1.36784  1.36093
  4253.78      2.3509  1.37327  1.37268  1.37414  1.36777  1.36084
  4252.28      2.3517  1.37301  1.37256  1.37397  1.36769  1.36076
  4250.78      2.3525  1.37286  1.37243  1.37386  1.36761  1.36067
  4249.28      2.3533  1.37283  1.37232  1.37383  1.36753  1.36058
  4247.78      2.3542  1.37274  1.37224  1.37372  1.36745  1.36048
  4246.28      2.3550  1.37261  1.37216  1.37357  1.36735  1.36039
  4244.78      2.3558  1.37253  1.37204  1.37345  1.36726  1.36030
  4243.28      2.3567  1.37253  1.37194  1.37334  1.36717  1.36022
  4241.78      2.3575  1.37260  1.37188  1.37306  1.36707  1.36013
  4240.28      2.3583  1.37261  1.37182  1.37271  1.36697  1.36005
  4238.78      2.3592  1.37251  1.37182  1.37259  1.36688  1.35997
  4237.28      2.3600  1.37237  1.37186  1.37265  1.36680  1.35992
  4235.78      2.3608  1.37232  1.37181  1.37270  1.36672  1.35985
  4234.28      2.3617  1.37220  1.37169  1.37271  1.36664  1.35980
  4232.78      2.3625  1.37191  1.37153  1.37274  1.36657  1.35976
  4231.28      2.3634  1.37165  1.37138  1.37277  1.36651  1.35971
  4229.78      2.3642  1.37158  1.37126  1.37269  1.36645  1.35965
  4228.28      2.3650  1.37151  1.37116  1.37247  1.36638  1.35959
  4226.78      2.3659  1.37138  1.37103  1.37226  1.36631  1.35953
  4225.28      2.3667  1.37123  1.37094  1.37218  1.36623  1.35945
  4223.78      2.3675  1.37122  1.37099  1.37217  1.36614  1.35935
  4222.28      2.3684  1.37131  1.37100  1.37209  1.36604  1.35924
  4220.78      2.3692  1.37142  1.37076  1.37191  1.36594  1.35911
  4219.28      2.3701  1.37133  1.37046  1.37177  1.36582  1.35898
  4217.78      2.3709  1.37107  1.37033  1.37178  1.36571  1.35885
  4216.28      2.3718  1.37078  1.37032  1.37183  1.36558  1.35873
  4214.78      2.3726  1.37057  1.37041  1.37171  1.36546  1.35861
  4213.28      2.3735  1.37048  1.37052  1.37146  1.36534  1.35850
  4211.78      2.3743  1.37041  1.37050  1.37126  1.36524  1.35840
  4210.28      2.3751  1.37039  1.37035  1.37126  1.36513  1.35831
  4208.78      2.3760  1.37041  1.37013  1.37137  1.36505  1.35824
  4207.28      2.3768  1.37040  1.36997  1.37138  1.36496  1.35817
  4205.78      2.3777  1.37037  1.36998  1.37124  1.36488  1.35810
  4204.28      2.3785  1.37034  1.37001  1.37113  1.36480  1.35802
  4202.78      2.3794  1.37031  1.36992  1.37111  1.36474  1.35795
  4201.27      2.3802  1.37017  1.36976  1.37107  1.36466  1.35786
  4199.77      2.3811  1.36989  1.36963  1.37090  1.36458  1.35777
  4198.27      2.3819  1.36958  1.36958  1.37071  1.36449  1.35768
  4196.77      2.3828  1.36942  1.36959  1.37058  1.36440  1.35758
  4195.27      2.3836  1.36944  1.36956  1.37040  1.36432  1.35749
  4193.77      2.3845  1.36946  1.36937  1.37023  1.36423  1.35740
  4192.27      2.3853  1.36942  1.36898  1.37023  1.36413  1.35730
  4190.77      2.3862  1.36943  1.36869  1.37029  1.36404  1.35722
  4189.27      2.3870  1.36949  1.36869  1.37024  1.36395  1.35713
  4187.77      2.3879  1.36955  1.36892  1.37011  1.36385  1.35703
  4186.27      2.3888  1.36958  1.36904  1.37003  1.36375  1.35693
  4184.77      2.3896  1.36944  1.36884  1.36986  1.36364  1.35682
  4183.27      2.3905  1.36927  1.36852  1.36960  1.36353  1.35671
  4181.77      2.3913  1.36920  1.36841  1.36947  1.36342  1.35659
  4180.27      2.3922  1.36904  1.36847  1.36949  1.36331  1.35648
  4178.77      2.3930  1.36878  1.36846  1.36950  1.36320  1.35636
  4177.27      2.3939  1.36858  1.36830  1.36949  1.36309  1.35625
  4175.77      2.3948  1.36848  1.36816  1.36949  1.36299  1.35614
  4174.27      2.3956  1.36836  1.36814  1.36940  1.36289  1.35603
  4172.77      2.3965  1.36818  1.36809  1.36918  1.36279  1.35594
  4171.27      2.3973  1.36800  1.36802  1.36901  1.36270  1.35585
  4169.77      2.3982  1.36791  1.36788  1.36902  1.36259  1.35576
  4168.27      2.3991  1.36795  1.36773  1.36910  1.36250  1.35568
  4166.77      2.3999  1.36806  1.36772  1.36908  1.36240  1.35561
  4165.27      2.4008  1.36819  1.36776  1.36906  1.36230  1.35553
  4163.77      2.4017  1.36820  1.36760  1.36906  1.36219  1.35546
  4162.27      2.4025  1.36806  1.36725  1.36897  1.36208  1.35538
  4160.77      2.4034  1.36788  1.36701  1.36881  1.36197  1.35529
  4159.27      2.4043  1.36771  1.36700  1.36863  1.36186  1.35520
  4157.77      2.4051  1.36757  1.36703  1.36842  1.36175  1.35511
  4156.27      2.4060  1.36746  1.36696  1.36825  1.36164  1.35501
  4154.77      2.4069  1.36739  1.36689  1.36813  1.36154  1.35492
  4153.27      2.4077  1.36734  1.36694  1.36804  1.36145  1.35481
  4151.77      2.4086  1.36734  1.36694  1.36799  1.36136  1.35470
  4150.27      2.4095  1.36733  1.36681  1.36788  1.36128  1.35461
  4148.77      2.4104  1.36719  1.36668  1.36771  1.36120  1.35451
  4147.27      2.4112  1.36693  1.36659  1.36756  1.36110  1.35442
  4145.77      2.4121  1.36671  1.36645  1.36747  1.36102  1.35433
  4144.27      2.4130  1.36651  1.36632  1.36739  1.36093  1.35424
  4142.77      2.4138  1.36632  1.36627  1.36727  1.36084  1.35415
  4141.27      2.4147  1.36625  1.36622  1.36712  1.36076  1.35406
  4139.77      2.4156  1.36633  1.36605  1.36703  1.36068  1.35397
  4138.27      2.4165  1.36631  1.36589  1.36701  1.36058  1.35388
  4136.77      2.4173  1.36623  1.36577  1.36691  1.36049  1.35379
  4135.27      2.4182  1.36621  1.36568  1.36682  1.36040  1.35370
  4133.77      2.4191  1.36613  1.36562  1.36676  1.36029  1.35359
  4132.27      2.4200  1.36599  1.36557  1.36661  1.36020  1.35349
  4130.77      2.4209  1.36588  1.36540  1.36643  1.36009  1.35339
  4129.27      2.4217  1.36576  1.36515  1.36639  1.35998  1.35329
  4127.77      2.4226  1.36553  1.36508  1.36641  1.35987  1.35319
  4126.27      2.4235  1.36524  1.36512  1.36638  1.35976  1.35308
  4124.77      2.4244  1.36502  1.36496  1.36629  1.35966  1.35297
  4123.27      2.4253  1.36502  1.36470  1.36610  1.35956  1.35284
  4121.77      2.4261  1.36504  1.36456  1.36576  1.35947  1.35273
  4120.27      2.4270  1.36492  1.36452  1.36544  1.35936  1.35260
  4118.77      2.4279  1.36483  1.36446  1.36526  1.35925  1.35248
  4117.27      2.4288  1.36485  1.36431  1.36523  1.35915  1.35237
  4115.77      2.4297  1.36484  1.36415  1.36536  1.35905  1.35224
  4114.27      2.4306  1.36469  1.36412  1.36547  1.35895  1.35213
  4112.77      2.4315  1.36448  1.36413  1.36528  1.35885  1.35203
  4111.27      2.4323  1.36431  1.36403  1.36499  1.35875  1.35192
  4109.77      2.4332  1.36412  1.36384  1.36486  1.35862  1.35183
  4108.27      2.4341  1.36394  1.36363  1.36478  1.35851  1.35172
  4106.77      2.4350  1.36379  1.36344  1.36460  1.35838  1.35160
  4105.27      2.4359  1.36371  1.36328  1.36446  1.35825  1.35148
  4103.77      2.4368  1.36360  1.36318  1.36450  1.35811  1.35135
  4102.27      2.4377  1.36346  1.36309  1.36445  1.35796  1.35120
  4100.77      2.4386  1.36340  1.36301  1.36427  1.35780  1.35106
  4099.27      2.4395  1.36332  1.36295  1.36406  1.35765  1.35092
  4097.77      2.4404  1.36313  1.36291  1.36391  1.35749  1.35080
  4096.27      2.4412  1.36301  1.36277  1.36379  1.35735  1.35069
  4094.77      2.4421  1.36299  1.36251  1.36375  1.35722  1.35058
  4093.27      2.4430  1.36297  1.36230  1.36380  1.35709  1.35048
  4091.77      2.4439  1.36295  1.36232  1.36375  1.35697  1.35039
  4090.27      2.4448  1.36286  1.36245  1.36362  1.35685  1.35031
  4088.77      2.4457  1.36271  1.36238  1.36350  1.35674  1.35021
  4087.27      2.4466  1.36258  1.36209  1.36337  1.35664  1.35011
  4085.77      2.4475  1.36254  1.36178  1.36326  1.35654  1.34999
  4084.27      2.4484  1.36249  1.36158  1.36320  1.35643  1.34986
  4082.77      2.4493  1.36237  1.36147  1.36316  1.35632  1.34971
  4081.27      2.4502  1.36222  1.36147  1.36309  1.35620  1.34956
  4079.77      2.4511  1.36214  1.36150  1.36298  1.35608  1.34940
  4078.27      2.4520  1.36210  1.36143  1.36277  1.35596  1.34925
  4076.77      2.4529  1.36195  1.36120  1.36250  1.35584  1.34911
  4075.27      2.4538  1.36184  1.36105  1.36235  1.35572  1.34897
  4073.77      2.4547  1.36186  1.36108  1.36237  1.35558  1.34883
  4072.27      2.4556  1.36185  1.36114  1.36235  1.35546  1.34871
  4070.77      2.4565  1.36180  1.36106  1.36223  1.35534  1.34860
  4069.27      2.4574  1.36171  1.36083  1.36215  1.35523  1.34849
  4067.77      2.4584  1.36154  1.36064  1.36216  1.35513  1.34839
  4066.26      2.4593  1.36130  1.36057  1.36211  1.35502  1.34829
  4064.76      2.4602  1.36111  1.36047  1.36202  1.35492  1.34819
  4063.26      2.4611  1.36102  1.36031  1.36192  1.35483  1.34808
  4061.76      2.4620  1.36093  1.36021  1.36176  1.35473  1.34797
  4060.26      2.4629  1.36075  1.36016  1.36154  1.35463  1.34787
  4058.76      2.4638  1.36054  1.36012  1.36141  1.35453  1.34776
  4057.26      2.4647  1.36042  1.36005  1.36133  1.35442  1.34766
  4055.76      2.4656  1.36040  1.36003  1.36124  1.35431  1.34757
  4054.26      2.4665  1.36041  1.36001  1.36112  1.35421  1.34748
  4052.76      2.4675  1.36039  1.35991  1.36096  1.35409  1.34738
  4051.26      2.4684  1.36033  1.35970  1.36083  1.35398  1.34729
  4049.76      2.4693  1.36026  1.35948  1.36078  1.35388  1.34719
  4048.26      2.4702  1.36020  1.35937  1.36068  1.35377  1.34708
  4046.76      2.4711  1.36009  1.35937  1.36051  1.35366  1.34696
  4045.26      2.4720  1.35995  1.35934  1.36040  1.35356  1.34683
  4043.76      2.4729  1.35984  1.35921  1.36031  1.35345  1.34669
  4042.26      2.4739  1.35977  1.35903  1.36015  1.35336  1.34654
  4040.76      2.4748  1.35966  1.35887  1.35994  1.35325  1.34640
  4039.26      2.4757  1.35949  1.35867  1.35977  1.35312  1.34626
  4037.76      2.4766  1.35931  1.35842  1.35965  1.35300  1.34614
  4036.26      2.4775  1.35914  1.35821  1.35956  1.35287  1.34602
  4034.76      2.4785  1.35905  1.35805  1.35943  1.35274  1.34592
  4033.26      2.4794  1.35901  1.35786  1.35929  1.35261  1.34583
  4031.76      2.4803  1.35894  1.35767  1.35925  1.35247  1.34576
  4030.26      2.4812  1.35888  1.35758  1.35918  1.35234  1.34568
  4028.76      2.4822  1.35882  1.35760  1.35899  1.35220  1.34560
  4027.26      2.4831  1.35858  1.35763  1.35888  1.35206  1.34552
  4025.76      2.4840  1.35817  1.35763  1.35883  1.35192  1.34542
  4024.26      2.4849  1.35788  1.35760  1.35867  1.35179  1.34530
  4022.76      2.4859  1.35786  1.35757  1.35845  1.35166  1.34517
  4021.26      2.4868  1.35792  1.35742  1.35825  1.35153  1.34505
  4019.76      2.4877  1.35788  1.35707  1.35806  1.35139  1.34492
  4018.26      2.4886  1.35772  1.35668  1.35792  1.35127  1.34480
  4016.76      2.4896  1.35746  1.35643  1.35782  1.35115  1.34467
  4015.26      2.4905  1.35714  1.35641  1.35770  1.35104  1.34453
  4013.76      2.4914  1.35692  1.35654  1.35759  1.35093  1.34440
  4012.26      2.4924  1.35685  1.35654  1.35752  1.35082  1.34428
  4010.76      2.4933  1.35681  1.35633  1.35737  1.35070  1.34416
  4009.26      2.4942  1.35674  1.35605  1.35721  1.35058  1.34403
  4007.76      2.4952  1.35670  1.35593  1.35711  1.35046  1.34390
  4006.26      2.4961  1.35667  1.35585  1.35700  1.35032  1.34377
  4004.76      2.4970  1.35649  1.35571  1.35680  1.35019  1.34365
  4003.26      2.4980  1.35630  1.35558  1.35658  1.35005  1.34352
  4001.76      2.4989  1.35615  1.35547  1.35648  1.34990  1.34341
  4000.26      2.4998  1.35601  1.35532  1.35648  1.34976  1.34330
  3998.76      2.5008  1.35593  1.35518  1.35642  1.34962  1.34317
  3997.26      2.5017  1.35592  1.35509  1.35621  1.34948  1.34305
  3995.76      2.5027  1.35585  1.35507  1.35599  1.34934  1.34292
  3994.26      2.5036  1.35565  1.35502  1.35582  1.34922  1.34280
  3992.76      2.5045  1.35539  1.35492  1.35570  1.34908  1.34266
  3991.26      2.5055  1.35523  1.35473  1.35560  1.34896  1.34251
  3989.76      2.5064  1.35511  1.35445  1.35538  1.34882  1.34236
  3988.26      2.5074  1.35496  1.35413  1.35513  1.34869  1.34221
  3986.76      2.5083  1.35485  1.35399  1.35505  1.34855  1.34207
  3985.26      2.5092  1.35482  1.35400  1.35510  1.34841  1.34194
  3983.76      2.5102  1.35476  1.35396  1.35515  1.34827  1.34180
  3982.26      2.5111  1.35464  1.35385  1.35504  1.34813  1.34166
  3980.76      2.5121  1.35448  1.35368  1.35480  1.34799  1.34154
  3979.26      2.5130  1.35432  1.35341  1.35455  1.34785  1.34142
  3977.76      2.5140  1.35418  1.35325  1.35444  1.34772  1.34130
  3976.26      2.5149  1.35402  1.35327  1.35439  1.34758  1.34118
  3974.76      2.5159  1.35385  1.35328  1.35431  1.34743  1.34106
  3973.26      2.5168  1.35367  1.35317  1.35410  1.34729  1.34093
  3971.76      2.5178  1.35350  1.35308  1.35391  1.34714  1.34081
  3970.26      2.5187  1.35338  1.35302  1.35391  1.34699  1.34069
  3968.76      2.5197  1.35330  1.35289  1.35390  1.34685  1.34054
  3967.26      2.5206  1.35320  1.35271  1.35371  1.34671  1.34042
  3965.76      2.5216  1.35304  1.35249  1.35346  1.34657  1.34027
  3964.26      2.5225  1.35297  1.35227  1.35330  1.34645  1.34015
  3962.76      2.5235  1.35300  1.35211  1.35321  1.34635  1.34003
  3961.26      2.5245  1.35294  1.35206  1.35305  1.34627  1.33993
  3959.76      2.5254  1.35269  1.35210  1.35283  1.34620  1.33983
  3958.26      2.5264  1.35242  1.35208  1.35259  1.34615  1.33976
  3956.76      2.5273  1.35227  1.35192  1.35252  1.34610  1.33969
  3955.26      2.5283  1.35231  1.35171  1.35263  1.34605  1.33965
  3953.76      2.5292  1.35239  1.35154  1.35259  1.34602  1.33962
  3952.26      2.5302  1.35226  1.35141  1.35235  1.34599  1.33960
  3950.76      2.5312  1.35192  1.35134  1.35210  1.34594  1.33956
  3949.26      2.5321  1.35155  1.35111  1.35183  1.34586  1.33951
  3947.76      2.5331  1.35139  1.35085  1.35158  1.34575  1.33941
  3946.26      2.5340  1.35140  1.35078  1.35154  1.34562  1.33929
  3944.76      2.5350  1.35138  1.35083  1.35147  1.34549  1.33918
  3943.26      2.5360  1.35118  1.35067  1.35119  1.34537  1.33908
  3941.76      2.5369  1.35091  1.35052  1.35102  1.34524  1.33895
  3940.26      2.5379  1.35085  1.35051  1.35114  1.34510  1.33880
  3938.76      2.5389  1.35095  1.35044  1.35128  1.34496  1.33866
  3937.26      2.5398  1.35097  1.35024  1.35136  1.34485  1.33854
  3935.76      2.5408  1.35086  1.35002  1.35141  1.34478  1.33848
  3934.26      2.5418  1.35053  1.34972  1.35125  1.34472  1.33846
  3932.76      2.5427  1.35006  1.34924  1.35080  1.34466  1.33843
  3931.25      2.5437  1.34980  1.34880  1.35039  1.34456  1.33838
  3929.75      2.5447  1.34982  1.34871  1.35024  1.34444  1.33833
  3928.25      2.5457  1.34993  1.34894  1.35022  1.34431  1.33829
  3926.75      2.5466  1.34990  1.34911  1.35009  1.34420  1.33826
  3925.25      2.5476  1.34964  1.34896  1.34987  1.34407  1.33821
  3923.75      2.5486  1.34939  1.34873  1.34975  1.34390  1.33810
  3922.25      2.5496  1.34940  1.34862  1.34972  1.34370  1.33793
  3920.75      2.5505  1.34929  1.34846  1.34952  1.34350  1.33773
  3919.25      2.5515  1.34892  1.34815  1.34911  1.34331  1.33751
  3917.75      2.5525  1.34853  1.34785  1.34870  1.34314  1.33728
  3916.25      2.5535  1.34833  1.34775  1.34848  1.34298  1.33706
  3914.75      2.5544  1.34839  1.34791  1.34861  1.34286  1.33690
  3913.25      2.5554  1.34853  1.34803  1.34880  1.34280  1.33683
  3911.75      2.5564  1.34861  1.34789  1.34877  1.34281  1.33686
  3910.25      2.5574  1.34860  1.34766  1.34856  1.34289  1.33701
  3908.75      2.5584  1.34847  1.34756  1.34838  1.34300  1.33724
  3907.25      2.5593  1.34819  1.34747  1.34828  1.34313  1.33751
  3905.75      2.5603  1.34780  1.34709  1.34802  1.34326  1.33779
  3904.25      2.5613  1.34724  1.34638  1.34743  1.34334  1.33802
  3902.75      2.5623  1.34672  1.34577  1.34690  1.34337  1.33816
  3901.25      2.5633  1.34651  1.34556  1.34663  1.34330  1.33817
  3899.75      2.5643  1.34634  1.34544  1.34632  1.34313  1.33803
  3898.25      2.5653  1.34629  1.34548  1.34616  1.34288  1.33775
  3896.75      2.5662  1.34656  1.34578  1.34641  1.34259  1.33743
  3895.25      2.5672  1.34681  1.34600  1.34671  1.34231  1.33711
  3893.75      2.5682  1.34683  1.34588  1.34677  1.34206  1.33683
  3892.25      2.5692  1.34665  1.34547  1.34640  1.34187  1.33661
  3890.75      2.5702  1.34638  1.34520  1.34597  1.34169  1.33642
  3889.25      2.5712  1.34636  1.34538  1.34613  1.34153  1.33627
  3887.75      2.5722  1.34642  1.34565  1.34651  1.34143  1.33619
  3886.25      2.5732  1.34602  1.34523  1.34618  1.34136  1.33616
  3884.75      2.5742  1.34545  1.34448  1.34538  1.34131  1.33612
  3883.25      2.5752  1.34542  1.34436  1.34502  1.34124  1.33606
  3881.75      2.5762  1.34544  1.34436  1.34479  1.34115  1.33600
  3880.25      2.5772  1.34502  1.34406  1.34451  1.34104  1.33592
  3878.75      2.5781  1.34473  1.34399  1.34470  1.34092  1.33581
  3877.25      2.5791  1.34492  1.34428  1.34515  1.34083  1.33573
  3875.75      2.5801  1.34500  1.34435  1.34510  1.34078  1.33571
  3874.25      2.5811  1.34460  1.34388  1.34456  1.34074  1.33571
  3872.75      2.5821  1.34431  1.34370  1.34435  1.34068  1.33570
  3871.25      2.5831  1.34413  1.34369  1.34413  1.34059  1.33565
  3869.75      2.5841  1.34356  1.34318  1.34342  1.34044  1.33551
  3868.25      2.5851  1.34330  1.34287  1.34323  1.34023  1.33529
  3866.75      2.5862  1.34361  1.34309  1.34360  1.34003  1.33510
  3865.25      2.5872  1.34370  1.34299  1.34354  1.33988  1.33501
  3863.75      2.5882  1.34327  1.34252  1.34311  1.33977  1.33498
  3862.25      2.5892  1.34293  1.34227  1.34298  1.33965  1.33495
  3860.75      2.5902  1.34293  1.34216  1.34315  1.33953  1.33491
  3859.25      2.5912  1.34310  1.34216  1.34333  1.33945  1.33489
  3857.75      2.5922  1.34327  1.34239  1.34344  1.33939  1.33491
  3856.25      2.5932  1.34329  1.34257  1.34333  1.33939  1.33497
  3854.75      2.5942  1.34290  1.34203  1.34253  1.33937  1.33501
  3853.25      2.5952  1.34180  1.34047  1.34107  1.33924  1.33488
  3851.75      2.5962  1.34112  1.33979  1.34076  1.33899  1.33456
  3850.25      2.5972  1.34139  1.34037  1.34152  1.33868  1.33416
  3848.75      2.5982  1.34174  1.34093  1.34204  1.33841  1.33381
  3847.25      2.5993  1.34184  1.34130  1.34224  1.33818  1.33355
  3845.75      2.6003  1.34180  1.34145  1.34221  1.33799  1.33336
  3844.25      2.6013  1.34167  1.34120  1.34178  1.33783  1.33320
  3842.75      2.6023  1.34146  1.34083  1.34126  1.33767  1.33307
  3841.25      2.6033  1.34122  1.34063  1.34100  1.33754  1.33296
  3839.75      2.6043  1.34090  1.34032  1.34073  1.33743  1.33288
  3838.25      2.6054  1.34060  1.33976  1.34016  1.33730  1.33275
  3836.75      2.6064  1.34045  1.33938  1.33974  1.33710  1.33251
  3835.25      2.6074  1.34044  1.33952  1.33983  1.33679  1.33214
  3833.75      2.6084  1.34028  1.33979  1.34006  1.33644  1.33171
  3832.25      2.6094  1.34001  1.33974  1.34001  1.33610  1.33127
  3830.75      2.6105  1.33981  1.33949  1.33986  1.33577  1.33087
  3829.25      2.6115  1.33970  1.33931  1.33997  1.33549  1.33053
  3827.75      2.6125  1.33947  1.33901  1.33993  1.33527  1.33030
  3826.25      2.6135  1.33910  1.33855  1.33954  1.33510  1.33017
  3824.75      2.6146  1.33901  1.33848  1.33934  1.33500  1.33011
  3823.25      2.6156  1.33915  1.33868  1.33942  1.33491  1.33008
  3821.75      2.6166  1.33885  1.33816  1.33890  1.33480  1.32999
  3820.25      2.6176  1.33829  1.33727  1.33797  1.33459  1.32978
  3818.75      2.6187  1.33828  1.33731  1.33791  1.33430  1.32947
  3817.25      2.6197  1.33818  1.33750  1.33807  1.33396  1.32910
  3815.75      2.6207  1.33756  1.33706  1.33764  1.33356  1.32867
  3814.25      2.6217  1.33727  1.33682  1.33744  1.33314  1.32819
  3812.75      2.6228  1.33741  1.33700  1.33778  1.33274  1.32776
  3811.25      2.6238  1.33762  1.33715  1.33824  1.33242  1.32745
  3809.75      2.6248  1.33778  1.33725  1.33857  1.33218  1.32726
  3808.25      2.6259  1.33755  1.33702  1.33828  1.33203  1.32717
  3806.75      2.6269  1.33693  1.33617  1.33730  1.33193  1.32714
  3805.25      2.6280  1.33664  1.33566  1.33677  1.33183  1.32708
  3803.75      2.6290  1.33671  1.33593  1.33682  1.33170  1.32698
  3802.25      2.6300  1.33630  1.33589  1.33641  1.33153  1.32682
  3800.75      2.6311  1.33546  1.33517  1.33567  1.33126  1.32650
  3799.25      2.6321  1.33520  1.33491  1.33553  1.33086  1.32600
  3797.74      2.6331  1.33531  1.33501  1.33559  1.33037  1.32537
  3796.24      2.6342  1.33519  1.33480  1.33537  1.32981  1.32466
  3794.74      2.6352  1.33501  1.33452  1.33525  1.32922  1.32392
  3793.24      2.6363  1.33497  1.33445  1.33534  1.32864  1.32320
  3791.74      2.6373  1.33495  1.33444  1.33536  1.32813  1.32255
  3790.24      2.6384  1.33491  1.33441  1.33524  1.32769  1.32202
  3788.74      2.6394  1.33475  1.33430  1.33511  1.32733  1.32162
  3787.24      2.6404  1.33440  1.33416  1.33496  1.32705  1.32133
  3785.74      2.6415  1.33387  1.33378  1.33466  1.32682  1.32110
  3784.24      2.6425  1.33353  1.33333  1.33431  1.32661  1.32090
  3782.74      2.6436  1.33343  1.33322  1.33421  1.32643  1.32074
  3781.24      2.6446  1.33332  1.33326  1.33412  1.32628  1.32063
  3779.74      2.6457  1.33305  1.33293  1.33364  1.32612  1.32052
  3778.24      2.6467  1.33289  1.33241  1.33311  1.32592  1.32037
  3776.74      2.6478  1.33290  1.33210  1.33299  1.32570  1.32019
  3775.24      2.6488  1.33277  1.33195  1.33304  1.32547  1.31999
  3773.74      2.6499  1.33243  1.33191  1.33300  1.32525  1.31982
  3772.24      2.6509  1.33211  1.33196  1.33279  1.32505  1.31969
  3770.74      2.6520  1.33173  1.33172  1.33232  1.32487  1.31959
  3769.24      2.6531  1.33131  1.33115  1.33174  1.32468  1.31949
  3767.74      2.6541  1.33113  1.33085  1.33152  1.32447  1.31935
  3766.24      2.6552  1.33101  1.33069  1.33140  1.32427  1.31923
  3764.74      2.6562  1.33076  1.33044  1.33120  1.32410  1.31913
  3763.24      2.6573  1.33073  1.33048  1.33121  1.32400  1.31913
  3761.74      2.6583  1.33079  1.33068  1.33118  1.32397  1.31924
  3760.24      2.6594  1.33057  1.33039  1.33075  1.32403  1.31942
  3758.74      2.6605  1.33020  1.32980  1.33030  1.32409  1.31963
  3757.24      2.6615  1.32995  1.32945  1.33019  1.32417  1.31988
  3755.74      2.6626  1.32974  1.32942  1.33022  1.32431  1.32021
  3754.24      2.6637  1.32950  1.32948  1.33015  1.32450  1.32062
  3752.74      2.6647  1.32903  1.32902  1.32958  1.32468  1.32100
  3751.24      2.6658  1.32842  1.32802  1.32871  1.32476  1.32126
  3749.74      2.6669  1.32802  1.32722  1.32811  1.32470  1.32131
  3748.24      2.6679  1.32801  1.32727  1.32824  1.32454  1.32124
  3746.74      2.6690  1.32804  1.32776  1.32887  1.32435  1.32116
  3745.24      2.6701  1.32727  1.32729  1.32869  1.32416  1.32105
  3743.74      2.6711  1.32621  1.32613  1.32745  1.32390  1.32084
  3742.24      2.6722  1.32626  1.32621  1.32703  1.32354  1.32050
  3740.74      2.6733  1.32673  1.32685  1.32737  1.32313  1.32008
  3739.24      2.6743  1.32697  1.32712  1.32763  1.32272  1.31969
  3737.74      2.6754  1.32683  1.32674  1.32749  1.32236  1.31936
  3736.24      2.6765  1.32616  1.32589  1.32673  1.32199  1.31901
  3734.74      2.6776  1.32537  1.32531  1.32580  1.32153  1.31853
  3733.24      2.6786  1.32503  1.32520  1.32551  1.32096  1.31788
  3731.74      2.6797  1.32487  1.32497  1.32548  1.32033  1.31715
  3730.24      2.6808  1.32482  1.32485  1.32554  1.31969  1.31637
  3728.74      2.6819  1.32482  1.32496  1.32563  1.31906  1.31561
  3727.24      2.6830  1.32462  1.32465  1.32534  1.31843  1.31481
  3725.74      2.6840  1.32431  1.32414  1.32490  1.31778  1.31400
  3724.24      2.6851  1.32402  1.32393  1.32460  1.31716  1.31321
  3722.74      2.6862  1.32363  1.32372  1.32431  1.31660  1.31252
  3721.24      2.6873  1.32322  1.32328  1.32409  1.31615  1.31197
  3719.74      2.6884  1.32295  1.32288  1.32400  1.31575  1.31152
  3718.24      2.6894  1.32275  1.32270  1.32382  1.31539  1.31115
  3716.74      2.6905  1.32247  1.32256  1.32359  1.31503  1.31080
  3715.24      2.6916  1.32226  1.32243  1.32344  1.31469  1.31049
  3713.74      2.6927  1.32214  1.32231  1.32324  1.31436  1.31022
  3712.24      2.6938  1.32170  1.32180  1.32266  1.31401  1.30993
  3710.74      2.6949  1.32087  1.32102  1.32189  1.31359  1.30955
  3709.24      2.6960  1.32029  1.32057  1.32150  1.31307  1.30902
  3707.74      2.6971  1.32017  1.32044  1.32149  1.31249  1.30841
  3706.24      2.6982  1.32021  1.32052  1.32153  1.31189  1.30777
  3704.74      2.6992  1.32017  1.32056  1.32146  1.31130  1.30714
  3703.24      2.7003  1.31980  1.32028  1.32115  1.31074  1.30655
  3701.74      2.7014  1.31913  1.31970  1.32063  1.31020  1.30600
  3700.24      2.7025  1.31860  1.31917  1.32021  1.30970  1.30553
  3698.74      2.7036  1.31843  1.31889  1.32014  1.30926  1.30515
  3697.24      2.7047  1.31817  1.31865  1.32006  1.30890  1.30489
  3695.74      2.7058  1.31776  1.31832  1.31974  1.30859  1.30469
  3694.24      2.7069  1.31746  1.31806  1.31936  1.30827  1.30451
  3692.74      2.7080  1.31723  1.31781  1.31890  1.30794  1.30432
  3691.24      2.7091  1.31691  1.31744  1.31835  1.30757  1.30404
  3689.74      2.7102  1.31630  1.31673  1.31781  1.30714  1.30368
  3688.24      2.7113  1.31536  1.31576  1.31720  1.30665  1.30323
  3686.74      2.7124  1.31474  1.31527  1.31666  1.30614  1.30276
  3685.24      2.7135  1.31459  1.31537  1.31640  1.30564  1.30232
  3683.74      2.7146  1.31449  1.31547  1.31621  1.30518  1.30194
  3682.24      2.7157  1.31426  1.31529  1.31595  1.30477  1.30163
  3680.74      2.7168  1.31394  1.31489  1.31567  1.30443  1.30142
  3679.24      2.7180  1.31357  1.31447  1.31548  1.30413  1.30125
  3677.74      2.7191  1.31321  1.31406  1.31532  1.30382  1.30109
  3676.24      2.7202  1.31236  1.31305  1.31432  1.30347  1.30087
  3674.74      2.7213  1.31132  1.31191  1.31297  1.30300  1.30047
  3673.24      2.7224  1.31118  1.31180  1.31293  1.30242  1.29989
  3671.74      2.7235  1.31127  1.31183  1.31324  1.30173  1.29914
  3670.24      2.7246  1.31074  1.31095  1.31267  1.30094  1.29824
  3668.74      2.7257  1.31003  1.31005  1.31186  1.30004  1.29719
  3667.24      2.7268  1.30972  1.31007  1.31167  1.29907  1.29606
  3665.74      2.7280  1.30952  1.31041  1.31170  1.29810  1.29494
  3664.24      2.7291  1.30919  1.31048  1.31164  1.29720  1.29393
  3662.73      2.7302  1.30886  1.31026  1.31147  1.29645  1.29312
  3661.23      2.7313  1.30855  1.30995  1.31114  1.29587  1.29257
  3659.73      2.7324  1.30823  1.30972  1.31078  1.29547  1.29228
  3658.23      2.7336  1.30784  1.30936  1.31039  1.29521  1.29217
  3656.73      2.7347  1.30720  1.30836  1.30960  1.29505  1.29217
  3655.23      2.7358  1.30659  1.30735  1.30882  1.29493  1.29220
  3653.73      2.7369  1.30642  1.30725  1.30877  1.29480  1.29221
  3652.23      2.7380  1.30632  1.30747  1.30887  1.29467  1.29217
  3650.73      2.7392  1.30568  1.30702  1.30813  1.29446  1.29200
  3649.23      2.7403  1.30454  1.30592  1.30674  1.29408  1.29158
  3647.73      2.7414  1.30373  1.30496  1.30586  1.29350  1.29087
  3646.23      2.7426  1.30360  1.30463  1.30574  1.29276  1.28994
  3644.73      2.7437  1.30368  1.30480  1.30596  1.29193  1.28891
  3643.23      2.7448  1.30360  1.30483  1.30601  1.29111  1.28790
  3641.73      2.7459  1.30334  1.30452  1.30570  1.29034  1.28697
  3640.23      2.7471  1.30306  1.30412  1.30526  1.28967  1.28618
  3638.73      2.7482  1.30268  1.30375  1.30485  1.28909  1.28553
  3637.23      2.7493  1.30231  1.30348  1.30463  1.28864  1.28505
  3635.73      2.7505  1.30208  1.30328  1.30441  1.28831  1.28474
  3634.23      2.7516  1.30185  1.30292  1.30395  1.28808  1.28457
  3632.73      2.7527  1.30168  1.30261  1.30362  1.28792  1.28448
  3631.23      2.7539  1.30157  1.30253  1.30360  1.28780  1.28445
  3629.73      2.7550  1.30097  1.30182  1.30313  1.28768  1.28440
  3628.23      2.7562  1.29999  1.30046  1.30200  1.28747  1.28422
  3626.73      2.7573  1.29969  1.30014  1.30146  1.28717  1.28392
  3625.23      2.7584  1.29977  1.30042  1.30138  1.28683  1.28357
  3623.73      2.7596  1.29971  1.30052  1.30134  1.28651  1.28323
  3622.23      2.7607  1.29952  1.30031  1.30121  1.28621  1.28292
  3620.73      2.7619  1.29919  1.29976  1.30082  1.28594  1.28262
  3619.23      2.7630  1.29860  1.29895  1.30021  1.28567  1.28228
  3617.73      2.7642  1.29804  1.29831  1.29973  1.28538  1.28189
  3616.23      2.7653  1.29782  1.29808  1.29948  1.28509  1.28148
  3614.73      2.7665  1.29764  1.29790  1.29914  1.28482  1.28109
  3613.23      2.7676  1.29728  1.29758  1.29871  1.28457  1.28067
  3611.73      2.7688  1.29700  1.29737  1.29840  1.28428  1.28022
  3610.23      2.7699  1.29682  1.29720  1.29817  1.28396  1.27972
  3608.73      2.7711  1.29645  1.29671  1.29777  1.28359  1.27919
  3607.23      2.7722  1.29605  1.29614  1.29736  1.28322  1.27866
  3605.73      2.7734  1.29588  1.29602  1.29731  1.28285  1.27816
  3604.23      2.7745  1.29580  1.29617  1.29739  1.28251  1.27772
  3602.73      2.7757  1.29564  1.29612  1.29722  1.28220  1.27733
  3601.23      2.7768  1.29536  1.29576  1.29675  1.28194  1.27701
  3599.73      2.7780  1.29509  1.29526  1.29621  1.28171  1.27674
  3598.23      2.7791  1.29495  1.29492  1.29582  1.28156  1.27655
  3596.73      2.7803  1.29472  1.29457  1.29558  1.28144  1.27640
  3595.23      2.7815  1.29443  1.29413  1.29533  1.28135  1.27627
  3593.73      2.7826  1.29415  1.29373  1.29511  1.28127  1.27614
  3592.23      2.7838  1.29391  1.29353  1.29510  1.28118  1.27600
  3590.73      2.7849  1.29380  1.29356  1.29511  1.28108  1.27584
  3589.23      2.7861  1.29368  1.29336  1.29479  1.28096  1.27568
  3587.73      2.7873  1.29339  1.29281  1.29402  1.28081  1.27545
  3586.23      2.7884  1.29311  1.29243  1.29330  1.28058  1.27514
  3584.73      2.7896  1.29294  1.29236  1.29301  1.28030  1.27475
  3583.23      2.7908  1.29282  1.29230  1.29299  1.27998  1.27432
  3581.73      2.7919  1.29266  1.29215  1.29295  1.27967  1.27390
  3580.23      2.7931  1.29250  1.29186  1.29280  1.27942  1.27354
  3578.73      2.7943  1.29233  1.29154  1.29254  1.27921  1.27324
  3577.23      2.7955  1.29197  1.29135  1.29226  1.27906  1.27301
  3575.73      2.7966  1.29145  1.29125  1.29205  1.27898  1.27286
  3574.23      2.7978  1.29104  1.29107  1.29179  1.27896  1.27279
  3572.73      2.7990  1.29096  1.29076  1.29154  1.27899  1.27280
  3571.23      2.8002  1.29100  1.29048  1.29146  1.27907  1.27287
  3569.73      2.8013  1.29085  1.29029  1.29129  1.27916  1.27296
  3568.23      2.8025  1.29033  1.28978  1.29063  1.27921  1.27302
  3566.73      2.8037  1.28978  1.28902  1.28970  1.27920  1.27297
  3565.23      2.8049  1.28974  1.28869  1.28930  1.27909  1.27280
  3563.73      2.8061  1.28990  1.28879  1.28935  1.27891  1.27253
  3562.23      2.8072  1.28988  1.28879  1.28949  1.27870  1.27224
  3560.73      2.8084  1.28968  1.28862  1.28951  1.27848  1.27192
  3559.23      2.8096  1.28938  1.28846  1.28940  1.27826  1.27159
  3557.73      2.8108  1.28915  1.28836  1.28924  1.27806  1.27128
  3556.23      2.8120  1.28896  1.28827  1.28905  1.27789  1.27101
  3554.73      2.8132  1.28881  1.28819  1.28880  1.27778  1.27083
  3553.23      2.8143  1.28868  1.28796  1.28851  1.27772  1.27073
  3551.73      2.8155  1.28854  1.28750  1.28823  1.27769  1.27067
  3550.23      2.8167  1.28845  1.28713  1.28805  1.27767  1.27062
  3548.73      2.8179  1.28834  1.28699  1.28790  1.27767  1.27058
  3547.23      2.8191  1.28816  1.28686  1.28761  1.27765  1.27055
  3545.73      2.8203  1.28803  1.28662  1.28728  1.27762  1.27048
  3544.23      2.8215  1.28784  1.28643  1.28703  1.27754  1.27036
  3542.73      2.8227  1.28761  1.28630  1.28687  1.27745  1.27020
  3541.23      2.8239  1.28749  1.28612  1.28677  1.27735  1.27003
  3539.73      2.8251  1.28742  1.28593  1.28662  1.27726  1.26986
  3538.23      2.8263  1.28726  1.28580  1.28633  1.27722  1.26973
  3536.73      2.8275  1.28705  1.28565  1.28605  1.27719  1.26962
  3535.23      2.8287  1.28689  1.28544  1.28589  1.27718  1.26954
  3533.73      2.8299  1.28676  1.28530  1.28580  1.27718  1.26948
  3532.23      2.8311  1.28665  1.28526  1.28570  1.27721  1.26947
  3530.73      2.8323  1.28649  1.28518  1.28556  1.27727  1.26949
  3529.23      2.8335  1.28628  1.28486  1.28531  1.27733  1.26952
  3527.72      2.8347  1.28613  1.28439  1.28500  1.27736  1.26954
  3526.22      2.8359  1.28611  1.28403  1.28472  1.27738  1.26954
  3524.72      2.8371  1.28613  1.28382  1.28447  1.27737  1.26949
  3523.22      2.8383  1.28601  1.28361  1.28426  1.27735  1.26943
  3521.72      2.8395  1.28574  1.28354  1.28412  1.27731  1.26934
  3520.22      2.8407  1.28551  1.28356  1.28411  1.27727  1.26924
  3518.72      2.8419  1.28541  1.28357  1.28401  1.27724  1.26915
  3517.22      2.8432  1.28540  1.28352  1.28378  1.27722  1.26905
  3515.72      2.8444  1.28532  1.28345  1.28361  1.27721  1.26898
  3514.22      2.8456  1.28521  1.28329  1.28359  1.27724  1.26895
  3512.72      2.8468  1.28518  1.28309  1.28351  1.27731  1.26896
  3511.22      2.8480  1.28512  1.28285  1.28328  1.27739  1.26900
  3509.72      2.8492  1.28496  1.28254  1.28307  1.27749  1.26905
  3508.22      2.8504  1.28479  1.28230  1.28288  1.27759  1.26912
  3506.72      2.8517  1.28459  1.28230  1.28260  1.27769  1.26918
  3505.22      2.8529  1.28432  1.28231  1.28232  1.27779  1.26926
  3503.72      2.8541  1.28407  1.28206  1.28209  1.27789  1.26931
  3502.22      2.8553  1.28395  1.28173  1.28202  1.27796  1.26935
  3500.72      2.8566  1.28392  1.28155  1.28211  1.27801  1.26935
  3499.22      2.8578  1.28391  1.28143  1.28216  1.27803  1.26933
  3497.72      2.8590  1.28386  1.28120  1.28200  1.27805  1.26932
  3496.22      2.8602  1.28368  1.28091  1.28170  1.27808  1.26931
  3494.72      2.8615  1.28345  1.28075  1.28145  1.27811  1.26931
  3493.22      2.8627  1.28324  1.28076  1.28127  1.27813  1.26932
  3491.72      2.8639  1.28314  1.28070  1.28115  1.27816  1.26933
  3490.22      2.8651  1.28312  1.28046  1.28105  1.27819  1.26935
  3488.72      2.8664  1.28310  1.28016  1.28090  1.27823  1.26939
  3487.22      2.8676  1.28294  1.27995  1.28071  1.27829  1.26944
  3485.72      2.8688  1.28269  1.27984  1.28051  1.27835  1.26949
  3484.22      2.8701  1.28245  1.27979  1.28031  1.27843  1.26952
  3482.72      2.8713  1.28229  1.27979  1.28009  1.27851  1.26957
  3481.22      2.8726  1.28226  1.27967  1.27992  1.27858  1.26961
  3479.72      2.8738  1.28226  1.27937  1.27977  1.27866  1.26965
  3478.22      2.8750  1.28220  1.27906  1.27953  1.27874  1.26968
  3476.72      2.8763  1.28213  1.27881  1.27932  1.27883  1.26973
  3475.22      2.8775  1.28206  1.27862  1.27926  1.27892  1.26978
  3473.72      2.8788  1.28194  1.27848  1.27925  1.27900  1.26984
  3472.22      2.8800  1.28179  1.27840  1.27915  1.27910  1.26992
  3470.72      2.8812  1.28163  1.27829  1.27896  1.27919  1.27000
  3469.22      2.8825  1.28159  1.27811  1.27873  1.27928  1.27008
  3467.72      2.8837  1.28158  1.27801  1.27843  1.27938  1.27016
  3466.22      2.8850  1.28146  1.27800  1.27820  1.27949  1.27025
  3464.72      2.8862  1.28132  1.27798  1.27806  1.27959  1.27032
  3463.22      2.8875  1.28124  1.27787  1.27793  1.27970  1.27039
  3461.72      2.8887  1.28118  1.27771  1.27778  1.27979  1.27044
  3460.22      2.8900  1.28109  1.27754  1.27763  1.27990  1.27049
  3458.72      2.8912  1.28092  1.27739  1.27747  1.28001  1.27054
  3457.22      2.8925  1.28066  1.27713  1.27727  1.28012  1.27062
  3455.72      2.8938  1.28050  1.27681  1.27712  1.28025  1.27070
  3454.22      2.8950  1.28051  1.27658  1.27696  1.28037  1.27081
  3452.72      2.8963  1.28061  1.27648  1.27683  1.28050  1.27092
  3451.22      2.8975  1.28072  1.27649  1.27680  1.28064  1.27104
  3449.72      2.8988  1.28071  1.27665  1.27684  1.28079  1.27119
  3448.22      2.9000  1.28058  1.27667  1.27674  1.28093  1.27134
  3446.72      2.9013  1.28043  1.27645  1.27647  1.28107  1.27147
  3445.22      2.9026  1.28032  1.27621  1.27622  1.28119  1.27158
  3443.72      2.9038  1.28022  1.27609  1.27608  1.28130  1.27167
  3442.22      2.9051  1.28008  1.27600  1.27602  1.28141  1.27174
  3440.72      2.9064  1.27992  1.27589  1.27593  1.28152  1.27180
  3439.22      2.9076  1.27990  1.27584  1.27575  1.28161  1.27186
  3437.72      2.9089  1.28005  1.27589  1.27560  1.28171  1.27192
  3436.22      2.9102  1.28018  1.27592  1.27555  1.28182  1.27197
  3434.72      2.9114  1.28014  1.27581  1.27547  1.28193  1.27203
  3433.22      2.9127  1.27997  1.27562  1.27536  1.28204  1.27211
  3431.72      2.9140  1.27977  1.27550  1.27531  1.28217  1.27222
  3430.22      2.9153  1.27963  1.27541  1.27526  1.28231  1.27234
  3428.72      2.9165  1.27955  1.27525  1.27515  1.28246  1.27247
  3427.22      2.9178  1.27952  1.27504  1.27503  1.28260  1.27259
  3425.72      2.9191  1.27951  1.27489  1.27492  1.28274  1.27273
  3424.22      2.9204  1.27945  1.27478  1.27478  1.28287  1.27286
  3422.72      2.9217  1.27936  1.27466  1.27463  1.28300  1.27299
  3421.22      2.9229  1.27931  1.27452  1.27452  1.28311  1.27312
  3419.72      2.9242  1.27932  1.27443  1.27448  1.28321  1.27325
  3418.22      2.9255  1.27934  1.27438  1.27450  1.28330  1.27335
  3416.72      2.9268  1.27934  1.27435  1.27452  1.28339  1.27346
  3415.22      2.9281  1.27926  1.27431  1.27435  1.28348  1.27357
  3413.72      2.9294  1.27910  1.27425  1.27408  1.28359  1.27368
  3412.22      2.9306  1.27898  1.27418  1.27391  1.28371  1.27380
  3410.72      2.9319  1.27906  1.27412  1.27393  1.28384  1.27391
  3409.22      2.9332  1.27917  1.27407  1.27399  1.28398  1.27402
  3407.72      2.9345  1.27920  1.27398  1.27401  1.28412  1.27414
  3406.22      2.9358  1.27914  1.27382  1.27401  1.28428  1.27426
  3404.72      2.9371  1.27900  1.27370  1.27399  1.28443  1.27439
  3403.22      2.9384  1.27888  1.27371  1.27394  1.28459  1.27452
  3401.72      2.9397  1.27885  1.27374  1.27385  1.28473  1.27466
  3400.22      2.9410  1.27883  1.27375  1.27368  1.28485  1.27479
  3398.72      2.9423  1.27878  1.27375  1.27350  1.28497  1.27493
  3397.22      2.9436  1.27883  1.27362  1.27335  1.28506  1.27505
  3395.72      2.9449  1.27890  1.27336  1.27315  1.28516  1.27518
  3394.21      2.9462  1.27883  1.27318  1.27296  1.28525  1.27530
  3392.71      2.9475  1.27871  1.27316  1.27291  1.28533  1.27543
  3391.21      2.9488  1.27865  1.27321  1.27293  1.28543  1.27553
  3389.71      2.9501  1.27860  1.27316  1.27293  1.28552  1.27562
  3388.21      2.9514  1.27854  1.27303  1.27288  1.28561  1.27571
  3386.71      2.9527  1.27850  1.27291  1.27278  1.28572  1.27578
  3385.21      2.9540  1.27850  1.27285  1.27266  1.28583  1.27586
  3383.71      2.9553  1.27851  1.27281  1.27260  1.28594  1.27593
  3382.21      2.9566  1.27850  1.27292  1.27252  1.28606  1.27601
  3380.71      2.9580  1.27842  1.27302  1.27232  1.28618  1.27608
  3379.21      2.9593  1.27839  1.27286  1.27210  1.28629  1.27614
  3377.71      2.9606  1.27844  1.27255  1.27201  1.28639  1.27622
  3376.21      2.9619  1.27833  1.27233  1.27203  1.28650  1.27630
  3374.71      2.9632  1.27813  1.27226  1.27204  1.28661  1.27639
  3373.21      2.9645  1.27812  1.27231  1.27203  1.28672  1.27650
  3371.71      2.9659  1.27832  1.27240  1.27210  1.28683  1.27661
  3370.21      2.9672  1.27843  1.27244  1.27222  1.28693  1.27672
  3368.71      2.9685  1.27838  1.27242  1.27222  1.28704  1.27684
  3367.21      2.9698  1.27825  1.27241  1.27205  1.28713  1.27695
  3365.71      2.9711  1.27817  1.27239  1.27181  1.28723  1.27707
  3364.21      2.9725  1.27816  1.27227  1.27162  1.28732  1.27718
  3362.71      2.9738  1.27807  1.27210  1.27150  1.28740  1.27729
  3361.21      2.9751  1.27789  1.27197  1.27145  1.28749  1.27739
  3359.71      2.9764  1.27780  1.27189  1.27142  1.28757  1.27748
  3358.21      2.9778  1.27784  1.27175  1.27136  1.28764  1.27755
  3356.71      2.9791  1.27792  1.27146  1.27124  1.28772  1.27763
  3355.21      2.9804  1.27797  1.27119  1.27107  1.28779  1.27770
  3353.71      2.9818  1.27795  1.27117  1.27093  1.28787  1.27776
  3352.21      2.9831  1.27784  1.27125  1.27089  1.28793  1.27782
  3350.71      2.9844  1.27775  1.27123  1.27096  1.28801  1.27788
  3349.21      2.9858  1.27773  1.27120  1.27105  1.28807  1.27793
  3347.71      2.9871  1.27771  1.27125  1.27100  1.28814  1.27799
  3346.21      2.9885  1.27763  1.27127  1.27078  1.28820  1.27804
  3344.71      2.9898  1.27753  1.27117  1.27056  1.28827  1.27810
  3343.21      2.9911  1.27752  1.27102  1.27043  1.28832  1.27817
  3341.71      2.9925  1.27762  1.27092  1.27034  1.28838  1.27823
  3340.21      2.9938  1.27773  1.27089  1.27029  1.28844  1.27828
  3338.71      2.9952  1.27772  1.27086  1.27028  1.28850  1.27833
  3337.21      2.9965  1.27753  1.27080  1.27022  1.28857  1.27838
  3335.71      2.9979  1.27736  1.27074  1.27011  1.28864  1.27842
  3334.21      2.9992  1.27736  1.27064  1.27002  1.28870  1.27846
  3332.71      3.0006  1.27743  1.27049  1.26999  1.28876  1.27849
  3331.21      3.0019  1.27743  1.27039  1.26995  1.28882  1.27853
  3329.71      3.0033  1.27737  1.27031  1.26984  1.28889  1.27856
  3328.21      3.0046  1.27729  1.27016  1.26966  1.28894  1.27861
  3326.71      3.0060  1.27722  1.27003  1.26950  1.28900  1.27866
  3325.21      3.0073  1.27723  1.27006  1.26942  1.28904  1.27870
  3323.71      3.0087  1.27733  1.27020  1.26941  1.28909  1.27875
  3322.21      3.0100  1.27740  1.27030  1.26932  1.28914  1.27880
  3320.71      3.0114  1.27743  1.27021  1.26924  1.28918  1.27883
  3319.21      3.0128  1.27743  1.27005  1.26925  1.28923  1.27888
  3317.71      3.0141  1.27737  1.26993  1.26927  1.28928  1.27892
  3316.21      3.0155  1.27729  1.26980  1.26921  1.28933  1.27895
  3314.71      3.0169  1.27728  1.26969  1.26908  1.28938  1.27899
  3313.21      3.0182  1.27734  1.26970  1.26900  1.28944  1.27902
  3311.71      3.0196  1.27740  1.26982  1.26902  1.28949  1.27906
  3310.21      3.0210  1.27741  1.26990  1.26905  1.28955  1.27910
  3308.71      3.0223  1.27737  1.26987  1.26901  1.28960  1.27915
  3307.21      3.0237  1.27734  1.26974  1.26890  1.28965  1.27918
  3305.71      3.0251  1.27737  1.26959  1.26885  1.28970  1.27923
  3304.21      3.0264  1.27736  1.26946  1.26882  1.28975  1.27928
  3302.71      3.0278  1.27722  1.26933  1.26876  1.28980  1.27932
  3301.21      3.0292  1.27707  1.26929  1.26873  1.28986  1.27937
  3299.71      3.0306  1.27698  1.26930  1.26871  1.28991  1.27941
  3298.21      3.0319  1.27700  1.26923  1.26858  1.28996  1.27945
  3296.71      3.0333  1.27715  1.26912  1.26845  1.29002  1.27949
  3295.21      3.0347  1.27731  1.26908  1.26839  1.29008  1.27952
  3293.71      3.0361  1.27736  1.26909  1.26835  1.29013  1.27954
  3292.21      3.0375  1.27736  1.26908  1.26834  1.29019  1.27955
  3290.71      3.0389  1.27735  1.26906  1.26832  1.29024  1.27956
  3289.21      3.0402  1.27735  1.26907  1.26821  1.29028  1.27957
  3287.71      3.0416  1.27735  1.26908  1.26804  1.29033  1.27957
  3286.21      3.0430  1.27733  1.26903  1.26792  1.29039  1.27957
  3284.71      3.0444  1.27726  1.26893  1.26792  1.29043  1.27959
  3283.21      3.0458  1.27718  1.26889  1.26797  1.29049  1.27961
  3281.71      3.0472  1.27711  1.26887  1.26794  1.29054  1.27966
  3280.21      3.0486  1.27707  1.26883  1.26782  1.29059  1.27971
  3278.71      3.0500  1.27704  1.26879  1.26774  1.29064  1.27976
  3277.21      3.0514  1.27706  1.26878  1.26771  1.29069  1.27982
  3275.71      3.0528  1.27715  1.26877  1.26759  1.29073  1.27988
  3274.21      3.0542  1.27724  1.26876  1.26747  1.29078  1.27993
  3272.71      3.0556  1.27730  1.26877  1.26757  1.29081  1.27999
  3271.21      3.0570  1.27733  1.26876  1.26777  1.29084  1.28002
  3269.71      3.0584  1.27731  1.26871  1.26784  1.29087  1.28005
  3268.21      3.0598  1.27727  1.26868  1.26773  1.29090  1.28007
  3266.71      3.0612  1.27723  1.26862  1.26760  1.29094  1.28009
  3265.21      3.0626  1.27725  1.26848  1.26756  1.29097  1.28012
  3263.71      3.0640  1.27736  1.26836  1.26760  1.29101  1.28014
  3262.21      3.0654  1.27748  1.26835  1.26769  1.29106  1.28017
  3260.71      3.0668  1.27755  1.26840  1.26774  1.29111  1.28018
  3259.20      3.0682  1.27753  1.26840  1.26767  1.29117  1.28021
  3257.70      3.0696  1.27751  1.26839  1.26749  1.29124  1.28024
  3256.20      3.0711  1.27750  1.26840  1.26732  1.29131  1.28030
  3254.70      3.0725  1.27746  1.26839  1.26724  1.29139  1.28036
  3253.20      3.0739  1.27740  1.26831  1.26724  1.29146  1.28041
  3251.70      3.0753  1.27740  1.26832  1.26726  1.29153  1.28047
  3250.20      3.0767  1.27749  1.26837  1.26730  1.29160  1.28054
  3248.70      3.0782  1.27762  1.26828  1.26733  1.29166  1.28061
  3247.20      3.0796  1.27768  1.26822  1.26731  1.29173  1.28069
  3245.70      3.0810  1.27768  1.26831  1.26730  1.29180  1.28078
  3244.20      3.0824  1.27774  1.26844  1.26736  1.29187  1.28086
  3242.70      3.0838  1.27787  1.26859  1.26737  1.29194  1.28094
  3241.20      3.0853  1.27797  1.26875  1.26744  1.29202  1.28102
  3239.70      3.0867  1.27803  1.26886  1.26756  1.29211  1.28111
  3238.20      3.0881  1.27806  1.26879  1.26756  1.29221  1.28120
  3236.70      3.0896  1.27807  1.26868  1.26746  1.29232  1.28129
  3235.20      3.0910  1.27809  1.26868  1.26744  1.29243  1.28139
  3233.70      3.0924  1.27812  1.26875  1.26748  1.29254  1.28148
  3232.20      3.0939  1.27824  1.26877  1.26754  1.29265  1.28156
  3230.70      3.0953  1.27841  1.26878  1.26766  1.29277  1.28165
  3229.20      3.0967  1.27851  1.26881  1.26772  1.29288  1.28172
  3227.70      3.0982  1.27857  1.26880  1.26768  1.29299  1.28180
  3226.20      3.0996  1.27870  1.26879  1.26760  1.29310  1.28189
  3224.70      3.1011  1.27888  1.26889  1.26760  1.29321  1.28197
  3223.20      3.1025  1.27897  1.26902  1.26769  1.29332  1.28206
  3221.70      3.1039  1.27897  1.26909  1.26775  1.29345  1.28217
  3220.20      3.1054  1.27899  1.26910  1.26783  1.29356  1.28228
  3218.70      3.1068  1.27912  1.26915  1.26796  1.29369  1.28239
  3217.20      3.1083  1.27927  1.26921  1.26807  1.29380  1.28250
  3215.70      3.1097  1.27936  1.26926  1.26817  1.29392  1.28262
  3214.20      3.1112  1.27946  1.26932  1.26822  1.29403  1.28273
  3212.70      3.1126  1.27962  1.26930  1.26817  1.29414  1.28283
  3211.20      3.1141  1.27970  1.26925  1.26808  1.29424  1.28293
  3209.70      3.1156  1.27969  1.26928  1.26808  1.29434  1.28302
  3208.20      3.1170  1.27974  1.26942  1.26821  1.29445  1.28312
  3206.70      3.1185  1.27986  1.26961  1.26832  1.29456  1.28322
  3205.20      3.1199  1.27994  1.26977  1.26838  1.29467  1.28333
  3203.70      3.1214  1.28009  1.26993  1.26849  1.29479  1.28344
  3202.20      3.1229  1.28033  1.27008  1.26867  1.29490  1.28356
  3200.70      3.1243  1.28049  1.27016  1.26882  1.29503  1.28369
  3199.20      3.1258  1.28068  1.27018  1.26885  1.29516  1.28381
  3197.70      3.1272  1.28093  1.27023  1.26886  1.29529  1.28394
  3196.20      3.1287  1.28109  1.27032  1.26895  1.29542  1.28405
  3194.70      3.1302  1.28119  1.27044  1.26909  1.29555  1.28416
  3193.20      3.1317  1.28134  1.27054  1.26931  1.29569  1.28426
  3191.70      3.1331  1.28145  1.27062  1.26951  1.29585  1.28436
  3190.20      3.1346  1.28152  1.27068  1.26967  1.29600  1.28446
  3188.70      3.1361  1.28164  1.27072  1.26975  1.29616  1.28457
  3187.20      3.1376  1.28179  1.27081  1.26976  1.29633  1.28469
  3185.70      3.1390  1.28193  1.27098  1.26975  1.29650  1.28481
  3184.20      3.1405  1.28207  1.27124  1.26981  1.29668  1.28495
  3182.70      3.1420  1.28222  1.27149  1.26995  1.29686  1.28509
  3181.20      3.1435  1.28236  1.27161  1.27011  1.29704  1.28525
  3179.70      3.1450  1.28255  1.27164  1.27022  1.29722  1.28541
  3178.20      3.1464  1.28279  1.27171  1.27030  1.29739  1.28557
  3176.70      3.1479  1.28296  1.27178  1.27038  1.29756  1.28571
  3175.20      3.1494  1.28303  1.27181  1.27044  1.29774  1.28585
  3173.70      3.1509  1.28307  1.27198  1.27048  1.29790  1.28598
  3172.20      3.1524  1.28321  1.27229  1.27062  1.29806  1.28611
  3170.70      3.1539  1.28349  1.27253  1.27091  1.29823  1.28624
  3169.20      3.1554  1.28382  1.27264  1.27122  1.29840  1.28636
  3167.70      3.1569  1.28407  1.27268  1.27146  1.29857  1.28650
  3166.20      3.1584  1.28421  1.27282  1.27162  1.29875  1.28663
  3164.70      3.1599  1.28434  1.27307  1.27168  1.29893  1.28678
  3163.20      3.1614  1.28450  1.27332  1.27166  1.29912  1.28694
  3161.70      3.1629  1.28462  1.27348  1.27173  1.29932  1.28711
  3160.20      3.1644  1.28477  1.27357  1.27196  1.29951  1.28728
  3158.70      3.1659  1.28499  1.27370  1.27217  1.29971  1.28746
  3157.20      3.1674  1.28527  1.27387  1.27229  1.29991  1.28764
  3155.70      3.1689  1.28552  1.27405  1.27244  1.30011  1.28783
  3154.20      3.1704  1.28574  1.27427  1.27276  1.30031  1.28802
  3152.70      3.1719  1.28600  1.27457  1.27312  1.30050  1.28820
  3151.20      3.1734  1.28624  1.27481  1.27333  1.30070  1.28838
  3149.70      3.1749  1.28642  1.27494  1.27343  1.30089  1.28857
  3148.20      3.1764  1.28662  1.27511  1.27355  1.30107  1.28875
  3146.70      3.1779  1.28687  1.27534  1.27370  1.30127  1.28895
  3145.20      3.1795  1.28707  1.27559  1.27394  1.30146  1.28914
  3143.70      3.1810  1.28721  1.27578  1.27422  1.30167  1.28934
  3142.20      3.1825  1.28744  1.27594  1.27444  1.30189  1.28954
  3140.70      3.1840  1.28781  1.27616  1.27462  1.30210  1.28976
  3139.20      3.1855  1.28824  1.27647  1.27486  1.30231  1.28997
  3137.70      3.1871  1.28857  1.27677  1.27509  1.30253  1.29021
  3136.20      3.1886  1.28873  1.27698  1.27527  1.30275  1.29044
  3134.70      3.1901  1.28883  1.27712  1.27545  1.30296  1.29067
  3133.20      3.1916  1.28904  1.27730  1.27565  1.30318  1.29091
  3131.70      3.1932  1.28936  1.27759  1.27585  1.30338  1.29115
  3130.20      3.1947  1.28969  1.27793  1.27617  1.30360  1.29140
  3128.70      3.1962  1.28993  1.27817  1.27651  1.30383  1.29165
  3127.20      3.1978  1.29008  1.27830  1.27672  1.30407  1.29190
  3125.69      3.1993  1.29026  1.27842  1.27686  1.30434  1.29215
  3124.19      3.2008  1.29045  1.27863  1.27704  1.30462  1.29241
  3122.69      3.2024  1.29067  1.27895  1.27722  1.30491  1.29267
  3121.19      3.2039  1.29104  1.27947  1.27749  1.30520  1.29295
  3119.69      3.2054  1.29157  1.28004  1.27791  1.30551  1.29322
  3118.19      3.2070  1.29210  1.28040  1.27837  1.30580  1.29350
  3116.69      3.2085  1.29245  1.28052  1.27870  1.30609  1.29376
  3115.19      3.2101  1.29262  1.28063  1.27898  1.30637  1.29402
  3113.69      3.2116  1.29276  1.28094  1.27927  1.30662  1.29427
  3112.19      3.2132  1.29302  1.28131  1.27956  1.30687  1.29452
  3110.69      3.2147  1.29335  1.28160  1.27978  1.30711  1.29476
  3109.19      3.2163  1.29373  1.28179  1.28002  1.30736  1.29501
  3107.69      3.2178  1.29410  1.28199  1.28028  1.30761  1.29526
  3106.19      3.2194  1.29434  1.28224  1.28053  1.30787  1.29549
  3104.69      3.2209  1.29447  1.28251  1.28082  1.30814  1.29573
  3103.19      3.2225  1.29468  1.28281  1.28116  1.30842  1.29598
  3101.69      3.2240  1.29507  1.28320  1.28151  1.30871  1.29624
  3100.19      3.2256  1.29556  1.28366  1.28191  1.30899  1.29649
  3098.69      3.2272  1.29593  1.28400  1.28221  1.30929  1.29675
  3097.19      3.2287  1.29614  1.28418  1.28246  1.30957  1.29700
  3095.69      3.2303  1.29641  1.28442  1.28278  1.30987  1.29728
  3094.19      3.2319  1.29687  1.28484  1.28308  1.31016  1.29755
  3092.69      3.2334  1.29730  1.28532  1.28335  1.31046  1.29784
  3091.19      3.2350  1.29761  1.28570  1.28365  1.31076  1.29814
  3089.69      3.2366  1.29789  1.28602  1.28403  1.31108  1.29845
  3088.19      3.2381  1.29817  1.28634  1.28444  1.31140  1.29877
  3086.69      3.2397  1.29848  1.28660  1.28480  1.31171  1.29909
  3085.19      3.2413  1.29887  1.28689  1.28516  1.31203  1.29941
  3083.69      3.2429  1.29927  1.28728  1.28554  1.31235  1.29973
  3082.19      3.2444  1.29968  1.28773  1.28593  1.31266  1.30004
  3080.69      3.2460  1.30018  1.28820  1.28630  1.31296  1.30035
  3079.19      3.2476  1.30066  1.28868  1.28668  1.31326  1.30065
  3077.69      3.2492  1.30096  1.28911  1.28713  1.31355  1.30096
  3076.19      3.2508  1.30116  1.28939  1.28756  1.31383  1.30125
  3074.69      3.2524  1.30143  1.28961  1.28789  1.31411  1.30157
  3073.19      3.2539  1.30173  1.28990  1.28811  1.31440  1.30187
  3071.69      3.2555  1.30198  1.29033  1.28839  1.31469  1.30219
  3070.19      3.2571  1.30226  1.29072  1.28877  1.31499  1.30252
  3068.69      3.2587  1.30269  1.29105  1.28920  1.31530  1.30284
  3067.19      3.2603  1.30322  1.29140  1.28964  1.31563  1.30318
  3065.69      3.2619  1.30371  1.29174  1.29004  1.31596  1.30351
  3064.19      3.2635  1.30413  1.29211  1.29036  1.31628  1.30382
  3062.69      3.2651  1.30440  1.29250  1.29064  1.31661  1.30415
  3061.19      3.2667  1.30450  1.29284  1.29089  1.31693  1.30448
  3059.69      3.2683  1.30470  1.29310  1.29118  1.31725  1.30480
  3058.19      3.2699  1.30510  1.29337  1.29151  1.31758  1.30514
  3056.69      3.2715  1.30560  1.29372  1.29190  1.31790  1.30548
  3055.19      3.2731  1.30604  1.29414  1.29236  1.31822  1.30582
  3053.69      3.2747  1.30640  1.29461  1.29283  1.31854  1.30617
  3052.19      3.2763  1.30678  1.29515  1.29324  1.31888  1.30652
  3050.69      3.2779  1.30717  1.29577  1.29363  1.31921  1.30689
  3049.19      3.2796  1.30753  1.29631  1.29404  1.31955  1.30724
  3047.69      3.2812  1.30795  1.29663  1.29454  1.31990  1.30759
  3046.19      3.2828  1.30844  1.29688  1.29508  1.32024  1.30793
  3044.69      3.2844  1.30891  1.29721  1.29558  1.32058  1.30827
  3043.19      3.2860  1.30944  1.29765  1.29605  1.32092  1.30862
  3041.69      3.2876  1.31002  1.29812  1.29652  1.32127  1.30897
  3040.19      3.2893  1.31043  1.29851  1.29690  1.32162  1.30931
  3038.69      3.2909  1.31068  1.29891  1.29712  1.32196  1.30966
  3037.19      3.2925  1.31098  1.29936  1.29742  1.32230  1.31000
  3035.69      3.2941  1.31144  1.29983  1.29794  1.32265  1.31036
  3034.19      3.2958  1.31192  1.30023  1.29848  1.32301  1.31073
  3032.69      3.2974  1.31228  1.30057  1.29893  1.32336  1.31108
  3031.19      3.2990  1.31252  1.30093  1.29931  1.32370  1.31143
  3029.69      3.3007  1.31276  1.30137  1.29965  1.32404  1.31178
  3028.19      3.3023  1.31313  1.30186  1.29999  1.32439  1.31214
  3026.69      3.3039  1.31357  1.30233  1.30044  1.32474  1.31249
  3025.19      3.3056  1.31393  1.30278  1.30102  1.32509  1.31287
  3023.69      3.3072  1.31425  1.30319  1.30157  1.32545  1.31325
  3022.19      3.3089  1.31471  1.30358  1.30200  1.32581  1.31364
  3020.69      3.3105  1.31528  1.30402  1.30240  1.32620  1.31404
  3019.19      3.3122  1.31576  1.30455  1.30283  1.32658  1.31445
  3017.69      3.3138  1.31617  1.30509  1.30329  1.32697  1.31489
  3016.19      3.3154  1.31666  1.30561  1.30382  1.32737  1.31531
  3014.69      3.3171  1.31720  1.30620  1.30443  1.32776  1.31573
  3013.19      3.3187  1.31767  1.30676  1.30501  1.32814  1.31614
  3011.69      3.3204  1.31804  1.30722  1.30545  1.32853  1.31654
  3010.19      3.3221  1.31842  1.30756  1.30576  1.32889  1.31693
  3008.69      3.3237  1.31877  1.30792  1.30612  1.32926  1.31731
  3007.19      3.3254  1.31910  1.30831  1.30661  1.32963  1.31768
  3005.69      3.3270  1.31954  1.30870  1.30710  1.33001  1.31805
  3004.19      3.3287  1.32009  1.30911  1.30756  1.33039  1.31842
  3002.69      3.3304  1.32063  1.30962  1.30800  1.33079  1.31882
  3001.19      3.3320  1.32110  1.31015  1.30850  1.33120  1.31921
  2999.69      3.3337  1.32157  1.31068  1.30907  1.33162  1.31964
  2998.19      3.3354  1.32206  1.31123  1.30964  1.33204  1.32007
  2996.69      3.3370  1.32257  1.31173  1.31022  1.33247  1.32052
  2995.19      3.3387  1.32308  1.31225  1.31083  1.33290  1.32098
  2993.69      3.3404  1.32360  1.31288  1.31141  1.33334  1.32145
  2992.19      3.3420  1.32410  1.31350  1.31195  1.33377  1.32192
  2990.68      3.3437  1.32459  1.31398  1.31243  1.33420  1.32239
  2989.18      3.3454  1.32510  1.31440  1.31290  1.33463  1.32286
  2987.68      3.3471  1.32555  1.31483  1.31342  1.33507  1.32331
  2986.18      3.3488  1.32593  1.31532  1.31398  1.33551  1.32377
  2984.68      3.3504  1.32634  1.31591  1.31454  1.33593  1.32423
  2983.18      3.3521  1.32686  1.31656  1.31505  1.33637  1.32468
  2981.68      3.3538  1.32742  1.31714  1.31559  1.33680  1.32514
  2980.18      3.3555  1.32796  1.31767  1.31617  1.33722  1.32560
  2978.68      3.3572  1.32847  1.31813  1.31668  1.33764  1.32604
  2977.18      3.3589  1.32896  1.31855  1.31713  1.33806  1.32648
  2975.68      3.3606  1.32943  1.31906  1.31770  1.33847  1.32692
  2974.18      3.3623  1.32986  1.31968  1.31833  1.33889  1.32736
  2972.68      3.3640  1.33024  1.32029  1.31889  1.33928  1.32781
  2971.18      3.3657  1.33059  1.32087  1.31941  1.33969  1.32824
  2969.68      3.3674  1.33096  1.32145  1.31989  1.34009  1.32868
  2968.18      3.3691  1.33144  1.32195  1.32032  1.34048  1.32911
  2966.68      3.3708  1.33200  1.32236  1.32070  1.34089  1.32955
  2965.18      3.3725  1.33260  1.32283  1.32116  1.34129  1.32999
  2963.68      3.3742  1.33324  1.32339  1.32178  1.34171  1.33044
  2962.18      3.3759  1.33382  1.32395  1.32248  1.34212  1.33090
  2960.68      3.3776  1.33419  1.32441  1.32311  1.34254  1.33135
  2959.18      3.3793  1.33446  1.32482  1.32361  1.34297  1.33180
  2957.68      3.3810  1.33481  1.32528  1.32402  1.34339  1.33226
  2956.18      3.3827  1.33531  1.32577  1.32442  1.34383  1.33272
  2954.68      3.3845  1.33587  1.32631  1.32493  1.34427  1.33319
  2953.18      3.3862  1.33646  1.32690  1.32556  1.34472  1.33366
  2951.68      3.3879  1.33692  1.32741  1.32621  1.34517  1.33412
  2950.18      3.3896  1.33725  1.32790  1.32680  1.34562  1.33459
  2948.68      3.3913  1.33763  1.32845  1.32732  1.34606  1.33505
  2947.18      3.3931  1.33820  1.32906  1.32788  1.34651  1.33552
  2945.68      3.3948  1.33887  1.32970  1.32854  1.34696  1.33598
  2944.18      3.3965  1.33956  1.33040  1.32915  1.34741  1.33644
  2942.68      3.3983  1.34020  1.33102  1.32964  1.34785  1.33690
  2941.18      3.4000  1.34073  1.33151  1.33018  1.34830  1.33736
  2939.68      3.4017  1.34120  1.33203  1.33082  1.34876  1.33784
  2938.18      3.4035  1.34169  1.33264  1.33139  1.34923  1.33833
  2936.68      3.4052  1.34214  1.33327  1.33192  1.34971  1.33885
  2935.18      3.4069  1.34256  1.33388  1.33252  1.35022  1.33937
  2933.68      3.4087  1.34311  1.33441  1.33315  1.35073  1.33992
  2932.18      3.4104  1.34381  1.33499  1.33387  1.35125  1.34048
  2930.68      3.4122  1.34454  1.33578  1.33474  1.35178  1.34105
  2929.18      3.4139  1.34523  1.33663  1.33557  1.35229  1.34162
  2927.68      3.4157  1.34586  1.33727  1.33618  1.35280  1.34218
  2926.18      3.4174  1.34644  1.33775  1.33669  1.35329  1.34274
  2924.68      3.4192  1.34694  1.33823  1.33731  1.35377  1.34328
  2923.18      3.4209  1.34741  1.33884  1.33799  1.35423  1.34382
  2921.68      3.4227  1.34786  1.33956  1.33862  1.35467  1.34434
  2920.18      3.4244  1.34832  1.34023  1.33923  1.35509  1.34484
  2918.68      3.4262  1.34875  1.34083  1.33988  1.35550  1.34531
  2917.18      3.4280  1.34911  1.34138  1.34050  1.35587  1.34577
  2915.68      3.4297  1.34947  1.34190  1.34105  1.35625  1.34620
  2914.18      3.4315  1.34993  1.34237  1.34156  1.35660  1.34660
  2912.68      3.4333  1.35050  1.34274  1.34207  1.35694  1.34698
  2911.18      3.4350  1.35105  1.34308  1.34249  1.35727  1.34734
  2909.68      3.4368  1.35152  1.34343  1.34281  1.35760  1.34767
  2908.18      3.4386  1.35186  1.34380  1.34314  1.35792  1.34800
  2906.68      3.4404  1.35215  1.34426  1.34356  1.35825  1.34834
  2905.18      3.4421  1.35250  1.34483  1.34406  1.35860  1.34868
  2903.68      3.4439  1.35295  1.34542  1.34466  1.35896  1.34903
  2902.18      3.4457  1.35344  1.34594  1.34527  1.35933  1.34941
  2900.68      3.4475  1.35395  1.34647  1.34579  1.35971  1.34980
  2899.18      3.4493  1.35447  1.34705  1.34624  1.36010  1.35020
  2897.68      3.4510  1.35498  1.34766  1.34679  1.36051  1.35062
  2896.18      3.4528  1.35545  1.34828  1.34739  1.36091  1.35105
  2894.68      3.4546  1.35587  1.34885  1.34791  1.36132  1.35149
  2893.18      3.4564  1.35622  1.34928  1.34838  1.36171  1.35193
  2891.68      3.4582  1.35664  1.34964  1.34892  1.36211  1.35236
  2890.18      3.4600  1.35719  1.35011  1.34953  1.36250  1.35280
  2888.68      3.4618  1.35771  1.35060  1.35013  1.36289  1.35323
  2887.18      3.4636  1.35811  1.35106  1.35069  1.36328  1.35367
  2885.68      3.4654  1.35848  1.35155  1.35120  1.36367  1.35411
  2884.18      3.4672  1.35892  1.35209  1.35171  1.36409  1.35456
  2882.68      3.4690  1.35943  1.35266  1.35222  1.36450  1.35502
  2881.18      3.4708  1.35993  1.35325  1.35275  1.36492  1.35548
  2879.68      3.4726  1.36041  1.35385  1.35330  1.36535  1.35595
  2878.18      3.4744  1.36093  1.35442  1.35382  1.36578  1.35642
  2876.68      3.4762  1.36150  1.35500  1.35442  1.36622  1.35688
  2875.18      3.4780  1.36213  1.35568  1.35520  1.36666  1.35734
  2873.68      3.4799  1.36278  1.35642  1.35601  1.36711  1.35781
  2872.18      3.4817  1.36333  1.35702  1.35664  1.36753  1.35826
  2870.68      3.4835  1.36380  1.35748  1.35707  1.36795  1.35872
  2869.18      3.4853  1.36428  1.35794  1.35746  1.36839  1.35918
  2867.68      3.4871  1.36477  1.35847  1.35799  1.36881  1.35964
  2866.18      3.4890  1.36520  1.35899  1.35862  1.36924  1.36011
  2864.68      3.4908  1.36561  1.35947  1.35915  1.36967  1.36060
  2863.18      3.4926  1.36604  1.35996  1.35964  1.37011  1.36111
  2861.68      3.4945  1.36657  1.36053  1.36031  1.37054  1.36163
  2860.18      3.4963  1.36719  1.36121  1.36107  1.37098  1.36216
  2858.68      3.4981  1.36773  1.36193  1.36167  1.37144  1.36268
  2857.17      3.5000  1.36811  1.36258  1.36219  1.37187  1.36320
  2855.67      3.5018  1.36845  1.36313  1.36281  1.37229  1.36371
  2854.17      3.5036  1.36889  1.36368  1.36349  1.37270  1.36420
  2852.67      3.5055  1.36934  1.36427  1.36405  1.37309  1.36466
  2851.17      3.5073  1.36975  1.36476  1.36452  1.37346  1.36508
  2849.67      3.5092  1.37014  1.36527  1.36505  1.37381  1.36547
  2848.17      3.5110  1.37054  1.36578  1.36563  1.37415  1.36583
  2846.67      3.5129  1.37087  1.36615  1.36602  1.37448  1.36616
  2845.17      3.5147  1.37116  1.36640  1.36620  1.37480  1.36649
  2843.67      3.5166  1.37145  1.36662  1.36639  1.37512  1.36681
  2842.17      3.5184  1.37187  1.36693  1.36679  1.37544  1.36713
  2840.67      3.5203  1.37243  1.36743  1.36744  1.37577  1.36746
  2839.17      3.5222  1.37298  1.36808  1.36811  1.37609  1.36780
  2837.67      3.5240  1.37339  1.36862  1.36855  1.37642  1.36815
  2836.17      3.5259  1.37370  1.36901  1.36890  1.37675  1.36850
  2834.67      3.5277  1.37405  1.36943  1.36936  1.37707  1.36886
  2833.17      3.5296  1.37442  1.36993  1.36986  1.37739  1.36922
  2831.67      3.5315  1.37482  1.37039  1.37033  1.37770  1.36959
  2830.17      3.5334  1.37524  1.37082  1.37082  1.37801  1.36996
  2828.67      3.5352  1.37566  1.37123  1.37134  1.37832  1.37032
  2827.17      3.5371  1.37605  1.37163  1.37184  1.37863  1.37069
  2825.67      3.5390  1.37642  1.37208  1.37237  1.37895  1.37106
  2824.17      3.5409  1.37681  1.37262  1.37293  1.37927  1.37143
  2822.67      3.5427  1.37724  1.37319  1.37350  1.37960  1.37181
  2821.17      3.5446  1.37773  1.37370  1.37402  1.37992  1.37219
  2819.67      3.5465  1.37821  1.37418  1.37447  1.38027  1.37257
  2818.17      3.5484  1.37863  1.37469  1.37488  1.38062  1.37296
  2816.67      3.5503  1.37906  1.37516  1.37534  1.38097  1.37334
  2815.17      3.5522  1.37955  1.37562  1.37582  1.38131  1.37373
  2813.67      3.5541  1.37997  1.37615  1.37633  1.38166  1.37410
  2812.17      3.5560  1.38036  1.37669  1.37692  1.38201  1.37447
  2810.67      3.5579  1.38079  1.37717  1.37756  1.38235  1.37485
  2809.17      3.5598  1.38124  1.37758  1.37808  1.38269  1.37521
  2807.67      3.5617  1.38170  1.37801  1.37853  1.38303  1.37555
  2806.17      3.5636  1.38214  1.37852  1.37897  1.38335  1.37590
  2804.67      3.5655  1.38256  1.37903  1.37944  1.38368  1.37624
  2803.17      3.5674  1.38294  1.37953  1.38000  1.38400  1.37657
  2801.67      3.5693  1.38339  1.38006  1.38057  1.38432  1.37690
  2800.17      3.5712  1.38391  1.38063  1.38108  1.38464  1.37723
  2798.67      3.5731  1.38438  1.38119  1.38153  1.38495  1.37756
  2797.17      3.5750  1.38473  1.38165  1.38198  1.38527  1.37789
  2795.67      3.5770  1.38499  1.38198  1.38242  1.38556  1.37822
  2794.17      3.5789  1.38522  1.38234  1.38284  1.38585  1.37855
  2792.67      3.5808  1.38557  1.38279  1.38325  1.38613  1.37887
  2791.17      3.5827  1.38605  1.38328  1.38377  1.38641  1.37918
  2789.67      3.5847  1.38650  1.38377  1.38438  1.38668  1.37949
  2788.17      3.5866  1.38680  1.38414  1.38486  1.38693  1.37980
  2786.67      3.5885  1.38706  1.38440  1.38518  1.38718  1.38009
  2785.17      3.5904  1.38742  1.38475  1.38554  1.38743  1.38037
  2783.67      3.5924  1.38783  1.38521  1.38596  1.38767  1.38066
  2782.17      3.5943  1.38818  1.38566  1.38637  1.38792  1.38094
  2780.67      3.5963  1.38847  1.38602  1.38675  1.38818  1.38122
  2779.17      3.5982  1.38883  1.38635  1.38713  1.38843  1.38150
  2777.67      3.6001  1.38925  1.38676  1.38752  1.38867  1.38178
  2776.17      3.6021  1.38965  1.38724  1.38798  1.38891  1.38206
  2774.67      3.6040  1.38999  1.38774  1.38844  1.38916  1.38234
  2773.17      3.6060  1.39026  1.38811  1.38876  1.38938  1.38261
  2771.67      3.6079  1.39047  1.38835  1.38902  1.38960  1.38288
  2770.17      3.6099  1.39069  1.38863  1.38936  1.38980  1.38314
  2768.67      3.6118  1.39094  1.38903  1.38977  1.39000  1.38339
  2767.17      3.6138  1.39125  1.38950  1.39018  1.39020  1.38364
  2765.67      3.6158  1.39155  1.38991  1.39054  1.39038  1.38389
  2764.17      3.6177  1.39176  1.39018  1.39090  1.39057  1.38412
  2762.67      3.6197  1.39203  1.39038  1.39125  1.39076  1.38435
  2761.17      3.6217  1.39233  1.39062  1.39159  1.39094  1.38459
  2759.67      3.6236  1.39258  1.39092  1.39195  1.39114  1.38481
  2758.17      3.6256  1.39281  1.39118  1.39231  1.39134  1.38504
  2756.67      3.6276  1.39308  1.39142  1.39258  1.39154  1.38527
  2755.17      3.6295  1.39334  1.39173  1.39282  1.39174  1.38548
  2753.67      3.6315  1.39356  1.39207  1.39312  1.39194  1.38570
  2752.17      3.6335  1.39382  1.39238  1.39348  1.39212  1.38589
  2750.67      3.6355  1.39408  1.39265  1.39389  1.39231  1.38609
  2749.17      3.6375  1.39428  1.39293  1.39424  1.39248  1.38627
  2747.67      3.6395  1.39445  1.39326  1.39453  1.39263  1.38644
  2746.17      3.6414  1.39458  1.39356  1.39477  1.39276  1.38660
  2744.67      3.6434  1.39471  1.39376  1.39491  1.39289  1.38674
  2743.17      3.6454  1.39490  1.39389  1.39503  1.39298  1.38688
  2741.67      3.6474  1.39511  1.39406  1.39522  1.39307  1.38701
  2740.17      3.6494  1.39528  1.39431  1.39545  1.39315  1.38713
  2738.67      3.6514  1.39545  1.39463  1.39568  1.39323  1.38726
  2737.17      3.6534  1.39566  1.39495  1.39595  1.39331  1.38737
  2735.67      3.6554  1.39587  1.39513  1.39624  1.39339  1.38748
  2734.17      3.6574  1.39602  1.39521  1.39647  1.39347  1.38759
  2732.67      3.6594  1.39613  1.39528  1.39665  1.39355  1.38770
  2731.17      3.6614  1.39627  1.39539  1.39676  1.39364  1.38781
  2729.67      3.6635  1.39642  1.39556  1.39689  1.39373  1.38791
  2728.17      3.6655  1.39662  1.39584  1.39717  1.39382  1.38800
  2726.67      3.6675  1.39689  1.39619  1.39754  1.39390  1.38808
  2725.17      3.6695  1.39710  1.39644  1.39787  1.39397  1.38816
  2723.67      3.6715  1.39722  1.39659  1.39808  1.39403  1.38823
  2722.16      3.6735  1.39734  1.39673  1.39822  1.39409  1.38830
  2720.66      3.6756  1.39746  1.39690  1.39832  1.39414  1.38835
  2719.16      3.6776  1.39754  1.39710  1.39846  1.39418  1.38840
  2717.66      3.6796  1.39765  1.39730  1.39866  1.39423  1.38845
  2716.16      3.6817  1.39775  1.39748  1.39883  1.39427  1.38849
  2714.66      3.6837  1.39782  1.39769  1.39899  1.39430  1.38855
  2713.16      3.6857  1.39785  1.39785  1.39915  1.39433  1.38860
  2711.66      3.6878  1.39797  1.39800  1.39936  1.39436  1.38865
  2710.16      3.6898  1.39821  1.39820  1.39960  1.39439  1.38871
  2708.66      3.6919  1.39846  1.39838  1.39981  1.39442  1.38876
  2707.16      3.6939  1.39862  1.39852  1.40001  1.39444  1.38882
  2705.66      3.6960  1.39871  1.39864  1.40022  1.39447  1.38888
  2704.16      3.6980  1.39879  1.39881  1.40039  1.39450  1.38893
  2702.66      3.7001  1.39893  1.39898  1.40050  1.39453  1.38898
  2701.16      3.7021  1.39916  1.39913  1.40060  1.39456  1.38903
  2699.66      3.7042  1.39941  1.39930  1.40082  1.39459  1.38909
  2698.16      3.7062  1.39958  1.39951  1.40110  1.39462  1.38913
  2696.66      3.7083  1.39964  1.39972  1.40130  1.39466  1.38918
  2695.16      3.7104  1.39967  1.39991  1.40141  1.39469  1.38922
  2693.66      3.7124  1.39977  1.40003  1.40151  1.39473  1.38926
  2692.16      3.7145  1.39991  1.40013  1.40162  1.39476  1.38931
  2690.66      3.7166  1.40003  1.40029  1.40180  1.39481  1.38936
  2689.16      3.7186  1.40014  1.40046  1.40211  1.39484  1.38942
  2687.66      3.7207  1.40030  1.40062  1.40241  1.39487  1.38948
  2686.16      3.7228  1.40045  1.40079  1.40260  1.39491  1.38956
  2684.66      3.7249  1.40058  1.40098  1.40271  1.39493  1.38963
  2683.16      3.7269  1.40074  1.40117  1.40289  1.39497  1.38971
  2681.66      3.7290  1.40097  1.40137  1.40315  1.39500  1.38980
  2680.16      3.7311  1.40115  1.40161  1.40336  1.39503  1.38989
  2678.66      3.7332  1.40121  1.40189  1.40350  1.39507  1.38996
  2677.16      3.7353  1.40122  1.40209  1.40365  1.39510  1.39002
  2675.66      3.7374  1.40124  1.40217  1.40386  1.39514  1.39007
  2674.16      3.7395  1.40132  1.40226  1.40409  1.39519  1.39012
  2672.66      3.7416  1.40143  1.40233  1.40426  1.39523  1.39015
  2671.16      3.7437  1.40152  1.40238  1.40432  1.39527  1.39016
  2669.66      3.7458  1.40162  1.40249  1.40438  1.39531  1.39018
  2668.16      3.7479  1.40173  1.40264  1.40453  1.39535  1.39020
  2666.66      3.7500  1.40182  1.40277  1.40469  1.39537  1.39022
  2665.16      3.7521  1.40187  1.40288  1.40480  1.39540  1.39024
  2663.66      3.7542  1.40191  1.40298  1.40489  1.39542  1.39028
  2662.16      3.7563  1.40195  1.40311  1.40498  1.39545  1.39031
  2660.66      3.7585  1.40197  1.40323  1.40513  1.39545  1.39035
  2659.16      3.7606  1.40202  1.40341  1.40529  1.39547  1.39040
  2657.66      3.7627  1.40207  1.40359  1.40543  1.39548  1.39045
  2656.16      3.7648  1.40214  1.40368  1.40556  1.39550  1.39050
  2654.66      3.7670  1.40221  1.40375  1.40563  1.39552  1.39055
  2653.16      3.7691  1.40225  1.40383  1.40572  1.39554  1.39059
  2651.66      3.7712  1.40224  1.40390  1.40582  1.39556  1.39063
  2650.16      3.7734  1.40229  1.40401  1.40591  1.39558  1.39068
  2648.66      3.7755  1.40238  1.40420  1.40600  1.39560  1.39071
  2647.16      3.7776  1.40246  1.40441  1.40611  1.39561  1.39074
  2645.66      3.7798  1.40245  1.40451  1.40618  1.39562  1.39076
  2644.16      3.7819  1.40240  1.40449  1.40624  1.39562  1.39079
  2642.66      3.7841  1.40237  1.40440  1.40634  1.39561  1.39081
  2641.16      3.7862  1.40242  1.40438  1.40647  1.39560  1.39084
  2639.66      3.7884  1.40256  1.40446  1.40661  1.39560  1.39085
  2638.16      3.7905  1.40275  1.40458  1.40672  1.39559  1.39087
  2636.66      3.7927  1.40284  1.40467  1.40678  1.39558  1.39088
  2635.16      3.7948  1.40278  1.40473  1.40684  1.39557  1.39089
  2633.66      3.7970  1.40275  1.40480  1.40690  1.39557  1.39089
  2632.16      3.7992  1.40275  1.40485  1.40699  1.39556  1.39088
  2630.66      3.8013  1.40273  1.40491  1.40709  1.39554  1.39088
  2629.16      3.8035  1.40274  1.40500  1.40716  1.39554  1.39087
  2627.66      3.8057  1.40279  1.40506  1.40721  1.39552  1.39087
  2626.16      3.8078  1.40282  1.40509  1.40726  1.39551  1.39087
  2624.66      3.8100  1.40283  1.40512  1.40730  1.39549  1.39087
  2623.16      3.8122  1.40285  1.40519  1.40733  1.39546  1.39086
  2621.66      3.8144  1.40291  1.40531  1.40742  1.39543  1.39086
  2620.16      3.8166  1.40299  1.40543  1.40753  1.39542  1.39085
  2618.66      3.8188  1.40302  1.40557  1.40763  1.39540  1.39084
  2617.16      3.8209  1.40299  1.40570  1.40773  1.39537  1.39083
  2615.66      3.8231  1.40295  1.40573  1.40785  1.39536  1.39081
  2614.16      3.8253  1.40296  1.40575  1.40793  1.39535  1.39079
  2612.66      3.8275  1.40301  1.40582  1.40800  1.39535  1.39079
  2611.16      3.8297  1.40308  1.40590  1.40813  1.39536  1.39078
  2609.66      3.8319  1.40313  1.40592  1.40824  1.39536  1.39077
  2608.16      3.8341  1.40314  1.40594  1.40831  1.39537  1.39078
  2606.66      3.8363  1.40319  1.40603  1.40836  1.39537  1.39078
  2605.16      3.8385  1.40326  1.40617  1.40837  1.39537  1.39080
  2603.66      3.8408  1.40339  1.40631  1.40847  1.39537  1.39081
  2602.16      3.8430  1.40352  1.40647  1.40870  1.39538  1.39083
  2600.66      3.8452  1.40360  1.40658  1.40896  1.39538  1.39086
  2599.16      3.8474  1.40364  1.40668  1.40914  1.39538  1.39088
  2597.66      3.8496  1.40371  1.40680  1.40922  1.39539  1.39092
  2596.16      3.8518  1.40381  1.40696  1.40928  1.39540  1.39097
  2594.66      3.8541  1.40393  1.40714  1.40941  1.39544  1.39100
  2593.16      3.8563  1.40402  1.40729  1.40959  1.39547  1.39105
  2591.66      3.8585  1.40413  1.40739  1.40974  1.39552  1.39111
  2590.16      3.8608  1.40421  1.40753  1.40988  1.39558  1.39117
  2588.65      3.8630  1.40426  1.40769  1.41005  1.39564  1.39124
  2587.15      3.8652  1.40435  1.40788  1.41025  1.39571  1.39131
  2585.65      3.8675  1.40453  1.40806  1.41046  1.39579  1.39139
  2584.15      3.8697  1.40472  1.40821  1.41063  1.39587  1.39147
  2582.65      3.8720  1.40489  1.40835  1.41078  1.39594  1.39157
  2581.15      3.8742  1.40502  1.40855  1.41092  1.39602  1.39166
  2579.65      3.8765  1.40513  1.40878  1.41109  1.39610  1.39176
  2578.15      3.8787  1.40527  1.40899  1.41128  1.39618  1.39187
  2576.65      3.8810  1.40535  1.40912  1.41149  1.39624  1.39197
  2575.15      3.8833  1.40544  1.40923  1.41172  1.39633  1.39208
  2573.65      3.8855  1.40563  1.40945  1.41194  1.39642  1.39220
  2572.15      3.8878  1.40583  1.40975  1.41216  1.39650  1.39231
  2570.65      3.8901  1.40597  1.41003  1.41241  1.39660  1.39243
  2569.15      3.8923  1.40606  1.41020  1.41265  1.39670  1.39255
  2567.65      3.8946  1.40615  1.41033  1.41287  1.39680  1.39266
  2566.15      3.8969  1.40630  1.41053  1.41307  1.39690  1.39277
  2564.65      3.8992  1.40648  1.41080  1.41325  1.39701  1.39289
  2563.15      3.9014  1.40664  1.41103  1.41342  1.39711  1.39301
  2561.65      3.9037  1.40674  1.41125  1.41360  1.39722  1.39313
  2560.15      3.9060  1.40682  1.41141  1.41378  1.39733  1.39327
  2558.65      3.9083  1.40696  1.41154  1.41399  1.39743  1.39339
  2557.15      3.9106  1.40708  1.41170  1.41420  1.39752  1.39354
  2555.65      3.9129  1.40716  1.41191  1.41437  1.39763  1.39368
  2554.15      3.9152  1.40729  1.41207  1.41453  1.39772  1.39382
  2552.65      3.9175  1.40739  1.41215  1.41468  1.39781  1.39398
  2551.15      3.9198  1.40745  1.41230  1.41484  1.39791  1.39411
  2549.65      3.9221  1.40754  1.41254  1.41502  1.39800  1.39424
  2548.15      3.9244  1.40767  1.41270  1.41522  1.39809  1.39436
  2546.65      3.9267  1.40785  1.41279  1.41546  1.39818  1.39449
  2545.15      3.9290  1.40808  1.41293  1.41567  1.39828  1.39460
  2543.65      3.9314  1.40828  1.41309  1.41579  1.39837  1.39471
  2542.15      3.9337  1.40838  1.41322  1.41588  1.39847  1.39482
  2540.65      3.9360  1.40837  1.41334  1.41600  1.39857  1.39493
  2539.15      3.9383  1.40839  1.41355  1.41613  1.39866  1.39504
  2537.65      3.9407  1.40848  1.41377  1.41628  1.39877  1.39515
  2536.15      3.9430  1.40858  1.41384  1.41645  1.39887  1.39526
  2534.65      3.9453  1.40869  1.41387  1.41658  1.39896  1.39536
  2533.15      3.9477  1.40880  1.41399  1.41671  1.39905  1.39547
  2531.65      3.9500  1.40886  1.41417  1.41691  1.39914  1.39559
  2530.15      3.9523  1.40890  1.41432  1.41711  1.39922  1.39570
  2528.65      3.9547  1.40894  1.41446  1.41727  1.39930  1.39582
  2527.15      3.9570  1.40898  1.41461  1.41747  1.39938  1.39592
  2525.65      3.9594  1.40907  1.41474  1.41763  1.39945  1.39602
  2524.15      3.9617  1.40921  1.41481  1.41776  1.39952  1.39612
  2522.65      3.9641  1.40939  1.41489  1.41789  1.39958  1.39621
  2521.15      3.9664  1.40954  1.41502  1.41801  1.39963  1.39630
  2519.65      3.9688  1.40961  1.41518  1.41816  1.39969  1.39639
  2518.15      3.9712  1.40964  1.41535  1.41828  1.39976  1.39647
  2516.65      3.9735  1.40964  1.41551  1.41833  1.39983  1.39656
  2515.15      3.9759  1.40969  1.41566  1.41839  1.39990  1.39663
  2513.65      3.9783  1.40983  1.41577  1.41855  1.39998  1.39671
  2512.15      3.9807  1.40996  1.41579  1.41876  1.40007  1.39680
  2510.65      3.9830  1.41008  1.41584  1.41898  1.40017  1.39689
  2509.15      3.9854  1.41016  1.41603  1.41913  1.40027  1.39698
  2507.65      3.9878  1.41022  1.41623  1.41923  1.40036  1.39707
  2506.15      3.9902  1.41033  1.41644  1.41939  1.40046  1.39718
  2504.65      3.9926  1.41052  1.41665  1.41962  1.40055  1.39728
  2503.15      3.9950  1.41070  1.41682  1.41983  1.40064  1.39740
  2501.65      3.9974  1.41081  1.41697  1.42000  1.40073  1.39751
  2500.15      3.9998  1.41093  1.41710  1.42011  1.40082  1.39763
  2498.65      4.0022  1.41108  1.41733  1.42023  1.40091  1.39774
  2497.15      4.0046  1.41128  1.41754  1.42041  1.40100  1.39785
  2495.65      4.0070  1.41145  1.41767  1.42066  1.40109  1.39795
  2494.15      4.0094  1.41157  1.41785  1.42090  1.40119  1.39805
  2492.65      4.0118  1.41170  1.41811  1.42107  1.40129  1.39815
  2491.15      4.0142  1.41190  1.41837  1.42119  1.40140  1.39824
  2489.65      4.0166  1.41213  1.41860  1.42133  1.40151  1.39834
  2488.15      4.0191  1.41235  1.41883  1.42155  1.40162  1.39844
  2486.65      4.0215  1.41255  1.41904  1.42183  1.40174  1.39855
  2485.15      4.0239  1.41273  1.41921  1.42210  1.40186  1.39867
  2483.65      4.0263  1.41293  1.41935  1.42235  1.40198  1.39880
  2482.15      4.0288  1.41315  1.41956  1.42260  1.40210  1.39892
  2480.65      4.0312  1.41336  1.41987  1.42283  1.40222  1.39906
  2479.15      4.0336  1.41359  1.42023  1.42308  1.40233  1.39920
  2477.65      4.0361  1.41382  1.42050  1.42332  1.40245  1.39934
  2476.15      4.0385  1.41401  1.42060  1.42355  1.40258  1.39948
  2474.65      4.0410  1.41419  1.42066  1.42376  1.40270  1.39962
  2473.15      4.0434  1.41445  1.42090  1.42394  1.40282  1.39976
  2471.65      4.0459  1.41473  1.42127  1.42417  1.40294  1.39990
  2470.15      4.0483  1.41500  1.42162  1.42452  1.40307  1.40004
  2468.65      4.0508  1.41521  1.42191  1.42490  1.40320  1.40018
  2467.15      4.0533  1.41541  1.42218  1.42514  1.40334  1.40033
  2465.65      4.0557  1.41562  1.42243  1.42528  1.40348  1.40047
  2464.15      4.0582  1.41582  1.42261  1.42548  1.40362  1.40062
  2462.65      4.0607  1.41600  1.42282  1.42575  1.40377  1.40077
  2461.15      4.0631  1.41618  1.42312  1.42604  1.40391  1.40093
  2459.65      4.0656  1.41637  1.42339  1.42633  1.40407  1.40109
  2458.15      4.0681  1.41655  1.42359  1.42662  1.40422  1.40125
  2456.65      4.0706  1.41673  1.42378  1.42686  1.40438  1.40141
  2455.15      4.0731  1.41692  1.42406  1.42707  1.40453  1.40157
  2453.64      4.0756  1.41718  1.42437  1.42733  1.40469  1.40173
  2452.14      4.0781  1.41746  1.42456  1.42762  1.40484  1.40188
  2450.64      4.0806  1.41772  1.42475  1.42787  1.40500  1.40203
  2449.14      4.0831  1.41794  1.42499  1.42801  1.40515  1.40218
  2447.64      4.0856  1.41817  1.42524  1.42812  1.40531  1.40232
  2446.14      4.0881  1.41839  1.42547  1.42834  1.40545  1.40246
  2444.64      4.0906  1.41860  1.42565  1.42863  1.40558  1.40258
  2443.14      4.0931  1.41879  1.42580  1.42885  1.40570  1.40271
  2441.64      4.0956  1.41897  1.42599  1.42893  1.40581  1.40283
  2440.14      4.0981  1.41912  1.42619  1.42905  1.40592  1.40296
  2438.64      4.1006  1.41926  1.42636  1.42930  1.40602  1.40308
  2437.14      4.1032  1.41935  1.42650  1.42955  1.40611  1.40318
  2435.64      4.1057  1.41940  1.42663  1.42975  1.40620  1.40329
  2434.14      4.1082  1.41947  1.42675  1.42995  1.40629  1.40339
  2432.64      4.1108  1.41960  1.42687  1.43010  1.40636  1.40349
  2431.14      4.1133  1.41980  1.42705  1.43024  1.40644  1.40359
  2429.64      4.1158  1.41998  1.42725  1.43036  1.40652  1.40367
  2428.14      4.1184  1.42010  1.42740  1.43043  1.40659  1.40375
  2426.64      4.1209  1.42024  1.42752  1.43042  1.40665  1.40381
  2425.14      4.1235  1.42042  1.42757  1.43047  1.40672  1.40387
  2423.64      4.1260  1.42055  1.42762  1.43063  1.40678  1.40392
  2422.14      4.1286  1.42059  1.42773  1.43078  1.40683  1.40395
  2420.64      4.1311  1.42059  1.42783  1.43086  1.40688  1.40399
  2419.14      4.1337  1.42063  1.42788  1.43092  1.40692  1.40402
  2417.64      4.1363  1.42071  1.42793  1.43097  1.40696  1.40403
  2416.14      4.1388  1.42076  1.42803  1.43098  1.40698  1.40405
  2414.64      4.1414  1.42079  1.42815  1.43101  1.40700  1.40405
  2413.14      4.1440  1.42082  1.42821  1.43108  1.40700  1.40405
  2411.64      4.1466  1.42088  1.42815  1.43117  1.40699  1.40403
  2410.14      4.1491  1.42095  1.42807  1.43123  1.40698  1.40402
  2408.64      4.1517  1.42103  1.42807  1.43129  1.40694  1.40399
  2407.14      4.1543  1.42109  1.42810  1.43132  1.40691  1.40394
  2405.64      4.1569  1.42108  1.42810  1.43130  1.40686  1.40389
  2404.14      4.1595  1.42105  1.42810  1.43127  1.40681  1.40382
  2402.64      4.1621  1.42111  1.42815  1.43123  1.40676  1.40375
  2401.14      4.1647  1.42120  1.42817  1.43114  1.40670  1.40367
  2399.64      4.1673  1.42121  1.42810  1.43103  1.40665  1.40358
  2398.14      4.1699  1.42124  1.42806  1.43104  1.40658  1.40350
  2396.64      4.1725  1.42129  1.42807  1.43110  1.40652  1.40341
  2395.14      4.1751  1.42133  1.42813  1.43110  1.40648  1.40333
  2393.64      4.1777  1.42131  1.42817  1.43108  1.40642  1.40326
  2392.14      4.1804  1.42127  1.42809  1.43105  1.40637  1.40319
  2390.64      4.1830  1.42127  1.42795  1.43105  1.40633  1.40313
  2389.14      4.1856  1.42127  1.42786  1.43108  1.40628  1.40307
  2387.64      4.1882  1.42119  1.42787  1.43107  1.40623  1.40302
  2386.14      4.1909  1.42110  1.42789  1.43104  1.40618  1.40297
  2384.64      4.1935  1.42107  1.42783  1.43100  1.40611  1.40290
  2383.14      4.1961  1.42113  1.42780  1.43094  1.40604  1.40282
  2381.64      4.1988  1.42122  1.42783  1.43086  1.40596  1.40273
  2380.14      4.2014  1.42125  1.42792  1.43080  1.40587  1.40264
  2378.64      4.2041  1.42113  1.42806  1.43075  1.40577  1.40254
  2377.14      4.2067  1.42084  1.42810  1.43070  1.40566  1.40242
  2375.64      4.2094  1.42063  1.42797  1.43070  1.40554  1.40229
  2374.14      4.2121  1.42069  1.42779  1.43070  1.40541  1.40216
  2372.64      4.2147  1.42077  1.42787  1.43066  1.40528  1.40202
  2371.14      4.2174  1.42071  1.42820  1.43075  1.40515  1.40188
  2369.64      4.2201  1.42068  1.42847  1.43085  1.40502  1.40174
  2368.14      4.2227  1.42078  1.42859  1.43073  1.40488  1.40159
  2366.64      4.2254  1.42097  1.42876  1.43046  1.40474  1.40145
  2365.14      4.2281  1.42114  1.42884  1.43015  1.40460  1.40130
  2363.64      4.2308  1.42075  1.42864  1.42997  1.40446  1.40115
  2362.14      4.2335  1.42022  1.42853  1.43002  1.40432  1.40099
  2360.64      4.2361  1.42019  1.42857  1.43016  1.40417  1.40084
  2359.14      4.2388  1.42051  1.42846  1.43032  1.40403  1.40068
  2357.64      4.2415  1.42084  1.42817  1.43045  1.40387  1.40052
  2356.14      4.2442  1.42085  1.42776  1.43033  1.40373  1.40037
  2354.64      4.2469  1.42033  1.42734  1.42987  1.40357  1.40020
  2353.14      4.2496  1.41943  1.42671  1.42905  1.40342  1.40004
  2351.64      4.2524  1.41876  1.42585  1.42812  1.40327  1.39987
  2350.14      4.2551  1.41872  1.42543  1.42774  1.40312  1.39971
  2348.64      4.2578  1.41912  1.42572  1.42808  1.40295  1.39954
  2347.14      4.2605  1.41950  1.42642  1.42883  1.40279  1.39937
  2345.64      4.2632  1.41958  1.42690  1.42927  1.40264  1.39920
  2344.14      4.2660  1.41950  1.42682  1.42902  1.40247  1.39903
  2342.64      4.2687  1.41949  1.42659  1.42853  1.40231  1.39885
  2341.14      4.2714  1.41944  1.42649  1.42827  1.40214  1.39868
  2339.64      4.2742  1.41926  1.42651  1.42830  1.40198  1.39849
  2338.14      4.2769  1.41893  1.42648  1.42845  1.40181  1.39831
  2336.64      4.2797  1.41850  1.42611  1.42828  1.40164  1.39814
  2335.14      4.2824  1.41820  1.42556  1.42787  1.40147  1.39795
  2333.64      4.2852  1.41798  1.42515  1.42750  1.40130  1.39777
  2332.14      4.2879  1.41777  1.42487  1.42723  1.40113  1.39759
  2330.64      4.2907  1.41752  1.42456  1.42703  1.40096  1.39740
  2329.14      4.2934  1.41724  1.42404  1.42670  1.40078  1.39721
  2327.64      4.2962  1.41705  1.42353  1.42619  1.40060  1.39702
  2326.14      4.2990  1.41686  1.42324  1.42571  1.40043  1.39683
  2324.64      4.3018  1.41653  1.42302  1.42524  1.40024  1.39663
  2323.14      4.3045  1.41616  1.42269  1.42477  1.40007  1.39644
  2321.64      4.3073  1.41574  1.42217  1.42435  1.39988  1.39624
  2320.13      4.3101  1.41527  1.42165  1.42387  1.39970  1.39605
  2318.63      4.3129  1.41498  1.42125  1.42332  1.39952  1.39585
  2317.13      4.3157  1.41484  1.42085  1.42291  1.39933  1.39564
  2315.63      4.3185  1.41463  1.42039  1.42263  1.39914  1.39544
  2314.13      4.3213  1.41426  1.41989  1.42230  1.39895  1.39524
  2312.63      4.3241  1.41377  1.41939  1.42187  1.39876  1.39503
  2311.13      4.3269  1.41330  1.41897  1.42148  1.39856  1.39481
  2309.63      4.3297  1.41300  1.41867  1.42120  1.39837  1.39461
  2308.13      4.3325  1.41280  1.41839  1.42090  1.39817  1.39439
  2306.63      4.3353  1.41257  1.41804  1.42045  1.39797  1.39417
  2305.13      4.3381  1.41228  1.41767  1.41996  1.39778  1.39395
  2303.63      4.3410  1.41195  1.41734  1.41957  1.39757  1.39374
  2302.13      4.3438  1.41161  1.41708  1.41927  1.39736  1.39351
  2300.63      4.3466  1.41132  1.41685  1.41902  1.39716  1.39328
  2299.13      4.3495  1.41109  1.41655  1.41873  1.39694  1.39305
  2297.63      4.3523  1.41091  1.41619  1.41839  1.39673  1.39282
  2296.13      4.3551  1.41076  1.41581  1.41809  1.39652  1.39258
  2294.63      4.3580  1.41060  1.41552  1.41787  1.39630  1.39234
  2293.13      4.3608  1.41033  1.41531  1.41767  1.39607  1.39210
  2291.63      4.3637  1.41001  1.41512  1.41742  1.39584  1.39185
  2290.13      4.3666  1.40980  1.41494  1.41713  1.39563  1.39161
  2288.63      4.3694  1.40967  1.41471  1.41684  1.39541  1.39138
  2287.13      4.3723  1.40952  1.41444  1.41661  1.39519  1.39115
  2285.63      4.3752  1.40930  1.41422  1.41644  1.39499  1.39093
  2284.13      4.3780  1.40908  1.41402  1.41630  1.39479  1.39073
  2282.63      4.3809  1.40889  1.41386  1.41616  1.39461  1.39056
  2281.13      4.3838  1.40869  1.41371  1.41602  1.39445  1.39040
  2279.63      4.3867  1.40853  1.41359  1.41586  1.39431  1.39025
  2278.13      4.3896  1.40848  1.41349  1.41570  1.39417  1.39012
  2276.63      4.3925  1.40846  1.41335  1.41555  1.39404  1.39001
  2275.13      4.3953  1.40838  1.41319  1.41543  1.39393  1.38991
  2273.63      4.3983  1.40825  1.41306  1.41529  1.39381  1.38980
  2272.13      4.4012  1.40810  1.41293  1.41512  1.39371  1.38971
  2270.63      4.4041  1.40791  1.41282  1.41501  1.39361  1.38962
  2269.13      4.4070  1.40769  1.41276  1.41495  1.39350  1.38952
  2267.63      4.4099  1.40752  1.41269  1.41489  1.39340  1.38944
  2266.13      4.4128  1.40747  1.41262  1.41481  1.39330  1.38935
  2264.63      4.4157  1.40748  1.41260  1.41477  1.39319  1.38926
  2263.13      4.4187  1.40745  1.41261  1.41480  1.39310  1.38919
  2261.63      4.4216  1.40738  1.41262  1.41484  1.39302  1.38911
  2260.13      4.4245  1.40730  1.41261  1.41482  1.39293  1.38904
  2258.63      4.4275  1.40725  1.41256  1.41477  1.39286  1.38898
  2257.13      4.4304  1.40724  1.41253  1.41480  1.39279  1.38892
  2255.63      4.4334  1.40728  1.41255  1.41493  1.39274  1.38889
  2254.13      4.4363  1.40736  1.41262  1.41509  1.39268  1.38885
  2252.63      4.4393  1.40741  1.41268  1.41520  1.39264  1.38883
  2251.13      4.4422  1.40741  1.41273  1.41530  1.39261  1.38882
  2249.63      4.4452  1.40746  1.41279  1.41549  1.39259  1.38882
  2248.13      4.4481  1.40753  1.41288  1.41562  1.39257  1.38883
  2246.63      4.4511  1.40758  1.41303  1.41563  1.39255  1.38886
  2245.13      4.4541  1.40759  1.41317  1.41564  1.39255  1.38889
  2243.63      4.4571  1.40762  1.41331  1.41577  1.39255  1.38895
  2242.13      4.4600  1.40767  1.41350  1.41593  1.39257  1.38900
  2240.63      4.4630  1.40772  1.41373  1.41607  1.39260  1.38907
  2239.13      4.4660  1.40782  1.41388  1.41623  1.39264  1.38915
  2237.63      4.4690  1.40801  1.41398  1.41645  1.39268  1.38925
  2236.13      4.4720  1.40820  1.41408  1.41669  1.39275  1.38936
  2234.63      4.4750  1.40829  1.41423  1.41690  1.39282  1.38947
  2233.13      4.4780  1.40834  1.41443  1.41710  1.39290  1.38959
  2231.63      4.4810  1.40843  1.41461  1.41731  1.39298  1.38972
  2230.13      4.4840  1.40855  1.41477  1.41756  1.39306  1.38985
  2228.63      4.4871  1.40870  1.41495  1.41782  1.39316  1.38999
  2227.13      4.4901  1.40884  1.41522  1.41806  1.39325  1.39013
  2225.63      4.4931  1.40896  1.41554  1.41827  1.39334  1.39028
  2224.13      4.4961  1.40912  1.41578  1.41849  1.39345  1.39042
  2222.63      4.4992  1.40931  1.41598  1.41877  1.39356  1.39058
  2221.13      4.5022  1.40944  1.41616  1.41907  1.39367  1.39073
  2219.63      4.5053  1.40955  1.41640  1.41934  1.39378  1.39089
  2218.13      4.5083  1.40973  1.41668  1.41962  1.39390  1.39105
  2216.63      4.5114  1.40992  1.41689  1.41986  1.39401  1.39121
  2215.13      4.5144  1.41007  1.41710  1.42009  1.39413  1.39138
  2213.63      4.5175  1.41019  1.41741  1.42031  1.39424  1.39154
  2212.13      4.5205  1.41027  1.41775  1.42055  1.39435  1.39170
  2210.63      4.5236  1.41037  1.41803  1.42087  1.39446  1.39186
  2209.13      4.5267  1.41057  1.41825  1.42123  1.39457  1.39203
  2207.63      4.5298  1.41085  1.41846  1.42157  1.39467  1.39219
  2206.13      4.5328  1.41107  1.41870  1.42185  1.39477  1.39235
  2204.63      4.5359  1.41117  1.41898  1.42213  1.39486  1.39250
  2203.13      4.5390  1.41123  1.41929  1.42244  1.39495  1.39265
  2201.63      4.5421  1.41130  1.41959  1.42277  1.39503  1.39280
  2200.13      4.5452  1.41142  1.41987  1.42309  1.39512  1.39294
  2198.63      4.5483  1.41159  1.42013  1.42336  1.39521  1.39309
  2197.13      4.5514  1.41182  1.42037  1.42360  1.39529  1.39323
  2195.63      4.5545  1.41209  1.42057  1.42385  1.39537  1.39337
  2194.13      4.5576  1.41229  1.42080  1.42408  1.39543  1.39351
  2192.63      4.5607  1.41245  1.42103  1.42434  1.39551  1.39365
  2191.13      4.5639  1.41263  1.42127  1.42469  1.39558  1.39379
  2189.63      4.5670  1.41285  1.42157  1.42505  1.39566  1.39392
  2188.12      4.5701  1.41301  1.42185  1.42538  1.39572  1.39405
  2186.62      4.5733  1.41314  1.42211  1.42570  1.39579  1.39417
  2185.12      4.5764  1.41326  1.42233  1.42598  1.39585  1.39429
  2183.62      4.5795  1.41342  1.42252  1.42621  1.39592  1.39440
  2182.12      4.5827  1.41359  1.42277  1.42645  1.39599  1.39450
  2180.62      4.5858  1.41373  1.42299  1.42673  1.39606  1.39459
  2179.12      4.5890  1.41385  1.42326  1.42701  1.39612  1.39468
  2177.62      4.5922  1.41401  1.42360  1.42724  1.39618  1.39476
  2176.12      4.5953  1.41419  1.42391  1.42747  1.39625  1.39483
  2174.62      4.5985  1.41438  1.42420  1.42779  1.39630  1.39489
  2173.12      4.6017  1.41455  1.42447  1.42810  1.39635  1.39494
  2171.62      4.6048  1.41469  1.42466  1.42832  1.39638  1.39500
  2170.12      4.6080  1.41488  1.42484  1.42851  1.39640  1.39504
  2168.62      4.6112  1.41507  1.42501  1.42872  1.39641  1.39508
  2167.12      4.6144  1.41525  1.42518  1.42897  1.39641  1.39513
  2165.62      4.6176  1.41544  1.42539  1.42920  1.39640  1.39516
  2164.12      4.6208  1.41561  1.42567  1.42944  1.39640  1.39519
  2162.62      4.6240  1.41577  1.42598  1.42976  1.39638  1.39522
  2161.12      4.6272  1.41591  1.42619  1.43011  1.39636  1.39526
  2159.62      4.6304  1.41605  1.42632  1.43035  1.39636  1.39529
  2158.12      4.6337  1.41620  1.42653  1.43050  1.39635  1.39532
  2156.62      4.6369  1.41635  1.42688  1.43068  1.39635  1.39535
  2155.12      4.6401  1.41650  1.42723  1.43098  1.39636  1.39539
  2153.62      4.6433  1.41666  1.42745  1.43130  1.39636  1.39543
  2152.12      4.6466  1.41683  1.42755  1.43155  1.39638  1.39545
  2150.62      4.6498  1.41697  1.42769  1.43176  1.39639  1.39547
  2149.12      4.6531  1.41708  1.42785  1.43193  1.39641  1.39548
  2147.62      4.6563  1.41718  1.42803  1.43206  1.39642  1.39549
  2146.12      4.6596  1.41727  1.42828  1.43215  1.39644  1.39549
  2144.62      4.6628  1.41739  1.42851  1.43235  1.39646  1.39549
  2143.12      4.6661  1.41755  1.42867  1.43262  1.39646  1.39548
  2141.62      4.6694  1.41770  1.42882  1.43283  1.39645  1.39548
  2140.12      4.6726  1.41778  1.42896  1.43294  1.39644  1.39547
  2138.62      4.6759  1.41785  1.42905  1.43305  1.39642  1.39546
  2137.12      4.6792  1.41801  1.42910  1.43323  1.39640  1.39546
  2135.62      4.6825  1.41821  1.42913  1.43349  1.39636  1.39544
  2134.12      4.6858  1.41835  1.42923  1.43368  1.39633  1.39543
  2132.62      4.6891  1.41842  1.42938  1.43372  1.39628  1.39540
  2131.12      4.6924  1.41849  1.42950  1.43375  1.39623  1.39538
  2129.62      4.6957  1.41858  1.42961  1.43384  1.39617  1.39535
  2128.12      4.6990  1.41859  1.42967  1.43389  1.39613  1.39531
  2126.62      4.7023  1.41857  1.42974  1.43388  1.39607  1.39526
  2125.12      4.7056  1.41852  1.42986  1.43389  1.39602  1.39522
  2123.62      4.7089  1.41848  1.43000  1.43395  1.39595  1.39517
  2122.12      4.7123  1.41856  1.43008  1.43407  1.39589  1.39510
  2120.62      4.7156  1.41868  1.43004  1.43417  1.39582  1.39504
  2119.12      4.7189  1.41865  1.43001  1.43420  1.39575  1.39497
  2117.62      4.7223  1.41850  1.42999  1.43417  1.39566  1.39488
  2116.12      4.7256  1.41843  1.42988  1.43413  1.39558  1.39478
  2114.62      4.7290  1.41844  1.42978  1.43410  1.39549  1.39466
  2113.12      4.7323  1.41839  1.42973  1.43403  1.39538  1.39454
  2111.62      4.7357  1.41824  1.42970  1.43396  1.39528  1.39441
  2110.12      4.7391  1.41807  1.42969  1.43387  1.39517  1.39427
  2108.62      4.7424  1.41794  1.42963  1.43376  1.39505  1.39412
  2107.12      4.7458  1.41794  1.42947  1.43368  1.39493  1.39397
  2105.62      4.7492  1.41797  1.42927  1.43363  1.39479  1.39382
  2104.12      4.7526  1.41791  1.42915  1.43355  1.39465  1.39368
  2102.62      4.7560  1.41771  1.42917  1.43343  1.39449  1.39352
  2101.12      4.7594  1.41747  1.42919  1.43326  1.39434  1.39338
  2099.62      4.7628  1.41736  1.42909  1.43312  1.39418  1.39322
  2098.12      4.7662  1.41727  1.42893  1.43294  1.39401  1.39305
  2096.62      4.7696  1.41716  1.42869  1.43273  1.39383  1.39286
  2095.12      4.7730  1.41703  1.42841  1.43253  1.39365  1.39268
  2093.62      4.7764  1.41686  1.42818  1.43233  1.39346  1.39248
  2092.12      4.7798  1.41661  1.42803  1.43211  1.39326  1.39226
  2090.62      4.7833  1.41633  1.42782  1.43188  1.39306  1.39204
  2089.12      4.7867  1.41615  1.42758  1.43166  1.39283  1.39180
  2087.62      4.7901  1.41604  1.42742  1.43144  1.39260  1.39156
  2086.12      4.7936  1.41581  1.42729  1.43118  1.39236  1.39131
  2084.62      4.7970  1.41548  1.42708  1.43092  1.39211  1.39106
  2083.12      4.8005  1.41524  1.42686  1.43069  1.39185  1.39079
  2081.62      4.8040  1.41509  1.42664  1.43046  1.39158  1.39053
  2080.12      4.8074  1.41490  1.42632  1.43023  1.39131  1.39025
  2078.62      4.8109  1.41460  1.42596  1.43004  1.39103  1.38997
  2077.12      4.8144  1.41430  1.42564  1.42982  1.39075  1.38969
  2075.62      4.8178  1.41402  1.42543  1.42953  1.39047  1.38941
  2074.12      4.8213  1.41377  1.42527  1.42919  1.39018  1.38912
  2072.62      4.8248  1.41357  1.42499  1.42889  1.38989  1.38884
  2071.12      4.8283  1.41343  1.42462  1.42865  1.38960  1.38855
  2069.62      4.8318  1.41318  1.42435  1.42839  1.38931  1.38826
  2068.12      4.8353  1.41284  1.42413  1.42808  1.38902  1.38796
  2066.62      4.8388  1.41265  1.42393  1.42786  1.38874  1.38766
  2065.12      4.8423  1.41253  1.42372  1.42763  1.38845  1.38734
  2063.62      4.8459  1.41228  1.42349  1.42734  1.38817  1.38701
  2062.12      4.8494  1.41194  1.42323  1.42703  1.38788  1.38667
  2060.62      4.8529  1.41165  1.42288  1.42673  1.38758  1.38632
  2059.12      4.8565  1.41142  1.42261  1.42645  1.38728  1.38596
  2057.62      4.8600  1.41119  1.42241  1.42616  1.38697  1.38561
  2056.12      4.8635  1.41093  1.42209  1.42591  1.38666  1.38525
  2054.61      4.8671  1.41066  1.42172  1.42570  1.38635  1.38489
  2053.11      4.8706  1.41037  1.42140  1.42546  1.38603  1.38455
  2051.61      4.8742  1.41012  1.42112  1.42516  1.38572  1.38421
  2050.11      4.8778  1.40989  1.42082  1.42485  1.38541  1.38388
  2048.61      4.8813  1.40965  1.42054  1.42455  1.38509  1.38355
  2047.11      4.8849  1.40943  1.42030  1.42427  1.38478  1.38323
  2045.61      4.8885  1.40921  1.42002  1.42396  1.38447  1.38289
  2044.11      4.8921  1.40894  1.41975  1.42362  1.38416  1.38255
  2042.61      4.8957  1.40861  1.41947  1.42327  1.38385  1.38221
  2041.11      4.8993  1.40829  1.41911  1.42299  1.38352  1.38187
  2039.61      4.9029  1.40808  1.41880  1.42277  1.38319  1.38151
  2038.11      4.9065  1.40788  1.41862  1.42253  1.38285  1.38115
  2036.61      4.9101  1.40764  1.41844  1.42219  1.38251  1.38079
  2035.11      4.9137  1.40737  1.41820  1.42186  1.38217  1.38043
  2033.61      4.9174  1.40709  1.41793  1.42157  1.38183  1.38007
  2032.11      4.9210  1.40682  1.41757  1.42127  1.38148  1.37971
  2030.61      4.9246  1.40656  1.41721  1.42092  1.38112  1.37935
  2029.11      4.9283  1.40627  1.41691  1.42055  1.38078  1.37900
  2027.61      4.9319  1.40589  1.41661  1.42022  1.38045  1.37865
  2026.11      4.9356  1.40543  1.41628  1.41993  1.38012  1.37831
  2024.61      4.9392  1.40502  1.41588  1.41967  1.37979  1.37797
  2023.11      4.9429  1.40471  1.41545  1.41937  1.37947  1.37763
  2021.61      4.9465  1.40445  1.41505  1.41901  1.37914  1.37728
  2020.11      4.9502  1.40416  1.41466  1.41861  1.37880  1.37693
  2018.61      4.9539  1.40381  1.41430  1.41819  1.37846  1.37657
  2017.11      4.9576  1.40339  1.41396  1.41774  1.37810  1.37621
  2015.61      4.9613  1.40302  1.41364  1.41735  1.37772  1.37582
  2014.11      4.9650  1.40275  1.41335  1.41710  1.37733  1.37541
  2012.61      4.9687  1.40249  1.41303  1.41686  1.37692  1.37499
  2011.11      4.9724  1.40216  1.41265  1.41651  1.37651  1.37456
  2009.61      4.9761  1.40179  1.41223  1.41608  1.37610  1.37413
  2008.11      4.9798  1.40139  1.41184  1.41561  1.37568  1.37370
  2006.61      4.9835  1.40100  1.41150  1.41515  1.37527  1.37325
  2005.11      4.9873  1.40054  1.41109  1.41469  1.37486  1.37281
  2003.61      4.9910  1.40006  1.41064  1.41426  1.37448  1.37239
  2002.11      4.9947  1.39962  1.41026  1.41385  1.37411  1.37200
  2000.61      4.9985  1.39925  1.40987  1.41340  1.37376  1.37161
  1999.11      5.0022  1.39895  1.40938  1.41290  1.37341  1.37123
  1997.61      5.0060  1.39861  1.40887  1.41240  1.37306  1.37086
  1996.11      5.0097  1.39820  1.40842  1.41197  1.37271  1.37050
  1994.61      5.0135  1.39781  1.40804  1.41166  1.37236  1.37012
  1993.11      5.0173  1.39734  1.40769  1.41129  1.37199  1.36975
  1991.61      5.0211  1.39683  1.40721  1.41073  1.37160  1.36935
  1990.11      5.0248  1.39636  1.40660  1.41014  1.37118  1.36890
  1988.61      5.0286  1.39592  1.40601  1.40962  1.37074  1.36843
  1987.11      5.0324  1.39547  1.40554  1.40915  1.37028  1.36793
  1985.61      5.0362  1.39503  1.40513  1.40872  1.36981  1.36742
  1984.11      5.0400  1.39465  1.40470  1.40832  1.36932  1.36689
  1982.61      5.0439  1.39429  1.40429  1.40788  1.36884  1.36636
  1981.11      5.0477  1.39391  1.40385  1.40739  1.36834  1.36583
  1979.61      5.0515  1.39351  1.40332  1.40687  1.36785  1.36530
  1978.11      5.0553  1.39306  1.40280  1.40634  1.36738  1.36481
  1976.61      5.0592  1.39255  1.40235  1.40588  1.36691  1.36434
  1975.11      5.0630  1.39205  1.40191  1.40550  1.36645  1.36388
  1973.61      5.0669  1.39161  1.40143  1.40511  1.36600  1.36344
  1972.11      5.0707  1.39117  1.40092  1.40468  1.36555  1.36299
  1970.61      5.0746  1.39070  1.40042  1.40414  1.36511  1.36256
  1969.11      5.0784  1.39020  1.39995  1.40350  1.36465  1.36213
  1967.61      5.0823  1.38966  1.39945  1.40289  1.36420  1.36169
  1966.11      5.0862  1.38916  1.39898  1.40242  1.36374  1.36123
  1964.61      5.0901  1.38875  1.39855  1.40203  1.36326  1.36074
  1963.11      5.0940  1.38825  1.39811  1.40166  1.36277  1.36023
  1961.61      5.0979  1.38769  1.39763  1.40117  1.36228  1.35972
  1960.11      5.1018  1.38726  1.39716  1.40064  1.36178  1.35919
  1958.61      5.1057  1.38693  1.39672  1.40019  1.36128  1.35865
  1957.11      5.1096  1.38657  1.39626  1.39978  1.36079  1.35811
  1955.61      5.1135  1.38614  1.39579  1.39935  1.36031  1.35758
  1954.11      5.1174  1.38572  1.39537  1.39890  1.35984  1.35708
  1952.61      5.1214  1.38532  1.39501  1.39849  1.35941  1.35661
  1951.11      5.1253  1.38485  1.39465  1.39813  1.35901  1.35616
  1949.61      5.1292  1.38433  1.39422  1.39772  1.35860  1.35575
  1948.11      5.1332  1.38386  1.39372  1.39718  1.35821  1.35533
  1946.61      5.1371  1.38345  1.39324  1.39663  1.35782  1.35493
  1945.11      5.1411  1.38308  1.39278  1.39616  1.35743  1.35453
  1943.61      5.1451  1.38269  1.39222  1.39565  1.35703  1.35413
  1942.11      5.1490  1.38221  1.39159  1.39511  1.35660  1.35368
  1940.61      5.1530  1.38178  1.39114  1.39471  1.35614  1.35319
  1939.11      5.1570  1.38149  1.39089  1.39443  1.35565  1.35267
  1937.61      5.1610  1.38113  1.39060  1.39410  1.35515  1.35213
  1936.11      5.1650  1.38065  1.39020  1.39373  1.35464  1.35159
  1934.61      5.1690  1.38016  1.38981  1.39333  1.35414  1.35107
  1933.11      5.1730  1.37971  1.38941  1.39289  1.35366  1.35056
  1931.61      5.1770  1.37937  1.38901  1.39244  1.35318  1.35006
  1930.11      5.1811  1.37905  1.38866  1.39201  1.35274  1.34960
  1928.61      5.1851  1.37866  1.38829  1.39161  1.35234  1.34922
  1927.11      5.1891  1.37830  1.38791  1.39126  1.35199  1.34888
  1925.61      5.1932  1.37798  1.38755  1.39089  1.35166  1.34857
  1924.11      5.1972  1.37759  1.38709  1.39040  1.35134  1.34828
  1922.61      5.2013  1.37706  1.38650  1.38982  1.35102  1.34797
  1921.11      5.2053  1.37661  1.38602  1.38942  1.35068  1.34764
  1919.60      5.2094  1.37631  1.38569  1.38915  1.35033  1.34731
  1918.10      5.2135  1.37592  1.38527  1.38872  1.34997  1.34695
  1916.60      5.2176  1.37548  1.38488  1.38826  1.34957  1.34654
  1915.10      5.2216  1.37515  1.38463  1.38798  1.34915  1.34608
  1913.60      5.2257  1.37482  1.38434  1.38774  1.34870  1.34560
  1912.10      5.2298  1.37447  1.38395  1.38745  1.34825  1.34511
  1910.60      5.2339  1.37405  1.38353  1.38700  1.34778  1.34462
  1909.10      5.2381  1.37351  1.38301  1.38639  1.34732  1.34412
  1907.60      5.2422  1.37296  1.38252  1.38586  1.34684  1.34360
  1906.10      5.2463  1.37255  1.38220  1.38550  1.34636  1.34308
  1904.60      5.2504  1.37222  1.38190  1.38522  1.34590  1.34259
  1903.10      5.2546  1.37193  1.38159  1.38488  1.34546  1.34212
  1901.60      5.2587  1.37160  1.38124  1.38447  1.34504  1.34168
  1900.10      5.2629  1.37119  1.38088  1.38410  1.34465  1.34128
  1898.60      5.2670  1.37083  1.38050  1.38377  1.34428  1.34089
  1897.10      5.2712  1.37051  1.38006  1.38340  1.34394  1.34055
  1895.60      5.2754  1.37015  1.37955  1.38299  1.34362  1.34023
  1894.10      5.2795  1.36976  1.37914  1.38257  1.34332  1.33992
  1892.60      5.2837  1.36939  1.37884  1.38222  1.34302  1.33962
  1891.10      5.2879  1.36900  1.37844  1.38188  1.34272  1.33931
  1889.60      5.2921  1.36855  1.37785  1.38142  1.34241  1.33899
  1888.10      5.2963  1.36812  1.37734  1.38098  1.34207  1.33862
  1886.60      5.3005  1.36779  1.37703  1.38069  1.34170  1.33820
  1885.10      5.3048  1.36748  1.37675  1.38036  1.34129  1.33776
  1883.60      5.3090  1.36718  1.37648  1.38000  1.34088  1.33730
  1882.10      5.3132  1.36683  1.37626  1.37967  1.34048  1.33685
  1880.60      5.3174  1.36645  1.37599  1.37926  1.34011  1.33646
  1879.10      5.3217  1.36612  1.37558  1.37888  1.33980  1.33613
  1877.60      5.3259  1.36578  1.37506  1.37847  1.33954  1.33587
  1876.10      5.3302  1.36548  1.37463  1.37811  1.33933  1.33569
  1874.60      5.3345  1.36516  1.37433  1.37779  1.33915  1.33555
  1873.10      5.3387  1.36474  1.37409  1.37748  1.33901  1.33546
  1871.60      5.3430  1.36437  1.37385  1.37713  1.33890  1.33541
  1870.10      5.3473  1.36398  1.37332  1.37656  1.33881  1.33537
  1868.60      5.3516  1.36351  1.37260  1.37588  1.33867  1.33527
  1867.10      5.3559  1.36317  1.37211  1.37548  1.33845  1.33505
  1865.60      5.3602  1.36293  1.37190  1.37529  1.33816  1.33472
  1864.10      5.3645  1.36269  1.37172  1.37514  1.33782  1.33431
  1862.60      5.3688  1.36240  1.37147  1.37497  1.33745  1.33386
  1861.10      5.3732  1.36204  1.37118  1.37474  1.33706  1.33338
  1859.60      5.3775  1.36171  1.37093  1.37444  1.33667  1.33290
  1858.10      5.3818  1.36142  1.37069  1.37413  1.33627  1.33241
  1856.60      5.3862  1.36121  1.37046  1.37390  1.33592  1.33198
  1855.10      5.3905  1.36104  1.37024  1.37377  1.33566  1.33168
  1853.60      5.3949  1.36082  1.36998  1.37355  1.33549  1.33150
  1852.10      5.3993  1.36056  1.36969  1.37329  1.33539  1.33142
  1850.60      5.4037  1.36029  1.36945  1.37299  1.33534  1.33140
  1849.10      5.4080  1.36004  1.36916  1.37262  1.33533  1.33142
  1847.60      5.4124  1.35983  1.36886  1.37230  1.33534  1.33148
  1846.10      5.4168  1.35957  1.36862  1.37206  1.33536  1.33154
  1844.60      5.4212  1.35913  1.36821  1.37165  1.33535  1.33155
  1843.10      5.4256  1.35877  1.36779  1.37118  1.33528  1.33148
  1841.60      5.4301  1.35865  1.36771  1.37104  1.33515  1.33133
  1840.10      5.4345  1.35860  1.36780  1.37109  1.33501  1.33116
  1838.60      5.4389  1.35852  1.36775  1.37104  1.33488  1.33102
  1837.10      5.4434  1.35845  1.36754  1.37079  1.33479  1.33090
  1835.60      5.4478  1.35842  1.36736  1.37054  1.33471  1.33082
  1834.10      5.4523  1.35832  1.36725  1.37044  1.33467  1.33078
  1832.60      5.4567  1.35819  1.36714  1.37042  1.33467  1.33081
  1831.10      5.4612  1.35800  1.36687  1.37029  1.33474  1.33089
  1829.60      5.4657  1.35761  1.36639  1.36987  1.33483  1.33100
  1828.10      5.4702  1.35734  1.36618  1.36955  1.33490  1.33107
  1826.60      5.4747  1.35730  1.36624  1.36943  1.33492  1.33106
  1825.10      5.4792  1.35721  1.36608  1.36922  1.33490  1.33099
  1823.60      5.4837  1.35719  1.36591  1.36911  1.33483  1.33085
  1822.10      5.4882  1.35725  1.36597  1.36919  1.33472  1.33066
  1820.60      5.4927  1.35727  1.36610  1.36923  1.33461  1.33045
  1819.10      5.4972  1.35724  1.36614  1.36920  1.33450  1.33026
  1817.60      5.5018  1.35717  1.36606  1.36917  1.33441  1.33008
  1816.10      5.5063  1.35714  1.36601  1.36926  1.33435  1.32996
  1814.60      5.5109  1.35714  1.36603  1.36934  1.33434  1.32989
  1813.10      5.5154  1.35711  1.36605  1.36921  1.33438  1.32990
  1811.60      5.5200  1.35706  1.36597  1.36901  1.33449  1.33000
  1810.10      5.5246  1.35701  1.36586  1.36889  1.33465  1.33016
  1808.60      5.5291  1.35705  1.36584  1.36893  1.33483  1.33034
  1807.10      5.5337  1.35714  1.36584  1.36908  1.33503  1.33053
  1805.60      5.5383  1.35721  1.36580  1.36918  1.33525  1.33075
  1804.10      5.5429  1.35726  1.36578  1.36917  1.33552  1.33105
  1802.60      5.5476  1.35720  1.36578  1.36904  1.33588  1.33146
  1801.10      5.5522  1.35704  1.36567  1.36887  1.33627  1.33192
  1799.60      5.5568  1.35707  1.36559  1.36891  1.33669  1.33239
  1798.10      5.5614  1.35728  1.36568  1.36905  1.33707  1.33281
  1796.60      5.5661  1.35750  1.36587  1.36912  1.33747  1.33325
  1795.10      5.5707  1.35763  1.36607  1.36919  1.33787  1.33370
  1793.60      5.5754  1.35763  1.36602  1.36917  1.33829  1.33414
  1792.10      5.5801  1.35753  1.36569  1.36895  1.33867  1.33453
  1790.60      5.5847  1.35761  1.36558  1.36891  1.33896  1.33479
  1789.10      5.5894  1.35790  1.36587  1.36914  1.33917  1.33492
  1787.60      5.5941  1.35817  1.36627  1.36941  1.33936  1.33501
  1786.10      5.5988  1.35826  1.36650  1.36960  1.33956  1.33512
  1784.59      5.6035  1.35826  1.36651  1.36977  1.33981  1.33530
  1783.09      5.6082  1.35841  1.36659  1.36998  1.34014  1.33558
  1781.59      5.6129  1.35860  1.36670  1.37008  1.34055  1.33598
  1780.09      5.6177  1.35875  1.36682  1.37008  1.34103  1.33647
  1778.59      5.6224  1.35897  1.36706  1.37021  1.34160  1.33707
  1777.09      5.6272  1.35921  1.36733  1.37047  1.34225  1.33779
  1775.59      5.6319  1.35950  1.36755  1.37080  1.34297  1.33859
  1774.09      5.6367  1.35976  1.36764  1.37101  1.34373  1.33946
  1772.59      5.6414  1.35982  1.36746  1.37086  1.34450  1.34033
  1771.09      5.6462  1.35987  1.36734  1.37070  1.34522  1.34111
  1769.59      5.6510  1.36014  1.36754  1.37077  1.34585  1.34174
  1768.09      5.6558  1.36051  1.36786  1.37098  1.34641  1.34226
  1766.59      5.6606  1.36088  1.36823  1.37134  1.34692  1.34272
  1765.09      5.6654  1.36126  1.36878  1.37185  1.34742  1.34313
  1763.59      5.6702  1.36164  1.36928  1.37228  1.34792  1.34355
  1762.09      5.6751  1.36189  1.36950  1.37244  1.34846  1.34400
  1760.59      5.6799  1.36219  1.36968  1.37272  1.34904  1.34451
  1759.09      5.6847  1.36266  1.37006  1.37328  1.34969  1.34513
  1757.59      5.6896  1.36307  1.37043  1.37369  1.35046  1.34590
  1756.09      5.6945  1.36342  1.37078  1.37394  1.35133  1.34680
  1754.59      5.6993  1.36394  1.37134  1.37435  1.35228  1.34780
  1753.09      5.7042  1.36453  1.37192  1.37481  1.35332  1.34892
  1751.59      5.7091  1.36491  1.37219  1.37497  1.35442  1.35016
  1750.09      5.7140  1.36508  1.37226  1.37496  1.35557  1.35142
  1748.59      5.7189  1.36543  1.37250  1.37525  1.35668  1.35263
  1747.09      5.7238  1.36611  1.37305  1.37589  1.35774  1.35378
  1745.59      5.7287  1.36683  1.37370  1.37655  1.35881  1.35493
  1744.09      5.7336  1.36746  1.37433  1.37713  1.35994  1.35614
  1742.59      5.7386  1.36808  1.37499  1.37774  1.36112  1.35744
  1741.09      5.7435  1.36869  1.37564  1.37842  1.36234  1.35879
  1739.59      5.7485  1.36929  1.37619  1.37905  1.36356  1.36011
  1738.09      5.7534  1.37001  1.37691  1.37973  1.36478  1.36139
  1736.59      5.7584  1.37093  1.37790  1.38058  1.36600  1.36267
  1735.09      5.7634  1.37169  1.37849  1.38101  1.36727  1.36400
  1733.59      5.7684  1.37213  1.37845  1.38100  1.36849  1.36526
  1732.09      5.7734  1.37276  1.37885  1.38156  1.36958  1.36630
  1730.59      5.7784  1.37368  1.37983  1.38259  1.37054  1.36716
  1729.09      5.7834  1.37470  1.38094  1.38365  1.37148  1.36797
  1727.59      5.7884  1.37576  1.38202  1.38475  1.37247  1.36889
  1726.09      5.7934  1.37678  1.38305  1.38584  1.37359  1.36997
  1724.59      5.7985  1.37768  1.38389  1.38674  1.37483  1.37121
  1723.09      5.8035  1.37864  1.38472  1.38762  1.37618  1.37259
  1721.59      5.8086  1.37965  1.38568  1.38861  1.37763  1.37412
  1720.09      5.8136  1.38066  1.38669  1.38958  1.37923  1.37585
  1718.59      5.8187  1.38154  1.38747  1.39019  1.38097  1.37777
  1717.09      5.8238  1.38210  1.38786  1.39044  1.38276  1.37973
  1715.59      5.8289  1.38291  1.38855  1.39113  1.38445  1.38155
  1714.09      5.8340  1.38408  1.38959  1.39216  1.38600  1.38315
  1712.59      5.8391  1.38538  1.39087  1.39337  1.38747  1.38464
  1711.09      5.8442  1.38670  1.39232  1.39473  1.38897  1.38616
  1709.59      5.8494  1.38794  1.39358  1.39593  1.39056  1.38782
  1708.09      5.8545  1.38916  1.39461  1.39701  1.39228  1.38966
  1706.59      5.8596  1.39023  1.39541  1.39796  1.39410  1.39166
  1705.09      5.8648  1.39120  1.39616  1.39884  1.39602  1.39379
  1703.59      5.8700  1.39231  1.39729  1.39995  1.39798  1.39601
  1702.09      5.8751  1.39341  1.39854  1.40106  1.40002  1.39832
  1700.59      5.8803  1.39425  1.39932  1.40162  1.40207  1.40065
  1699.09      5.8855  1.39511  1.39998  1.40214  1.40398  1.40279
  1697.59      5.8907  1.39625  1.40115  1.40332  1.40568  1.40461
  1696.09      5.8959  1.39738  1.40224  1.40452  1.40720  1.40620
  1694.59      5.9011  1.39868  1.40332  1.40569  1.40862  1.40762
  1693.09      5.9064  1.40015  1.40470  1.40717  1.40997  1.40894
  1691.59      5.9116  1.40156  1.40608  1.40866  1.41132  1.41027
  1690.09      5.9169  1.40273  1.40721  1.40976  1.41268  1.41162
  1688.59      5.9221  1.40380  1.40829  1.41073  1.41406  1.41300
  1687.09      5.9274  1.40507  1.40963  1.41200  1.41553  1.41451
  1685.59      5.9326  1.40621  1.41066  1.41295  1.41713  1.41620
  1684.09      5.9379  1.40686  1.41090  1.41317  1.41875  1.41789
  1682.59      5.9432  1.40772  1.41156  1.41387  1.42021  1.41940
  1681.09      5.9485  1.40901  1.41292  1.41524  1.42156  1.42075
  1679.59      5.9538  1.41040  1.41442  1.41675  1.42285  1.42203
  1678.09      5.9592  1.41170  1.41587  1.41822  1.42408  1.42324
  1676.59      5.9645  1.41287  1.41715  1.41945  1.42526  1.42439
  1675.09      5.9698  1.41393  1.41805  1.42028  1.42636  1.42546
  1673.59      5.9752  1.41497  1.41894  1.42122  1.42737  1.42640
  1672.09      5.9806  1.41606  1.42018  1.42251  1.42831  1.42727
  1670.59      5.9859  1.41700  1.42127  1.42360  1.42924  1.42813
  1669.09      5.9913  1.41787  1.42200  1.42437  1.43008  1.42889
  1667.59      5.9967  1.41894  1.42298  1.42543  1.43078  1.42944
  1666.09      6.0021  1.42022  1.42436  1.42690  1.43139  1.42990
  1664.59      6.0075  1.42146  1.42568  1.42827  1.43211  1.43050
  1663.09      6.0129  1.42243  1.42665  1.42925  1.43295  1.43130
  1661.59      6.0183  1.42320  1.42747  1.43008  1.43383  1.43218
  1660.09      6.0238  1.42407  1.42848  1.43115  1.43476  1.43315
  1658.59      6.0292  1.42507  1.42958  1.43227  1.43582  1.43431
  1657.09      6.0347  1.42610  1.43067  1.43330  1.43711  1.43582
  1655.59      6.0402  1.42717  1.43187  1.43439  1.43863  1.43766
  1654.09      6.0456  1.42752  1.43230  1.43458  1.44018  1.43957
  1652.59      6.0511  1.42713  1.43160  1.43376  1.44150  1.44114
  1651.08      6.0566  1.42776  1.43203  1.43436  1.44244  1.44217
  1649.58      6.0621  1.42903  1.43342  1.43584  1.44313  1.44288
  1648.08      6.0676  1.42987  1.43433  1.43668  1.44372  1.44347
  1646.58      6.0732  1.43005  1.43437  1.43669  1.44418  1.44386
  1645.08      6.0787  1.43029  1.43457  1.43700  1.44436  1.44390
  1643.58      6.0843  1.43088  1.43537  1.43784  1.44429  1.44359
  1642.08      6.0898  1.43155  1.43617  1.43866  1.44407  1.44308
  1640.58      6.0954  1.43208  1.43657  1.43920  1.44386  1.44261
  1639.08      6.1010  1.43256  1.43696  1.43960  1.44378  1.44237
  1637.58      6.1066  1.43281  1.43735  1.43972  1.44378  1.44225
  1636.08      6.1122  1.43233  1.43698  1.43913  1.44372  1.44206
  1634.58      6.1178  1.43176  1.43638  1.43862  1.44349  1.44167
  1633.08      6.1234  1.43186  1.43650  1.43894  1.44315  1.44114
  1631.58      6.1290  1.43220  1.43700  1.43952  1.44277  1.44059
  1630.08      6.1347  1.43238  1.43728  1.43981  1.44238  1.44005
  1628.58      6.1403  1.43215  1.43699  1.43958  1.44198  1.43953
  1627.08      6.1460  1.43181  1.43659  1.43922  1.44157  1.43902
  1625.58      6.1516  1.43155  1.43642  1.43896  1.44111  1.43845
  1624.08      6.1573  1.43107  1.43603  1.43841  1.44060  1.43783
  1622.58      6.1630  1.43034  1.43522  1.43752  1.44004  1.43718
  1621.08      6.1687  1.42985  1.43464  1.43696  1.43946  1.43650
  1619.58      6.1744  1.42979  1.43460  1.43696  1.43886  1.43581
  1618.08      6.1802  1.42954  1.43438  1.43673  1.43820  1.43506
  1616.58      6.1859  1.42847  1.43325  1.43554  1.43740  1.43412
  1615.08      6.1916  1.42736  1.43208  1.43436  1.43640  1.43295
  1613.58      6.1974  1.42683  1.43164  1.43393  1.43525  1.43159
  1612.08      6.2032  1.42630  1.43125  1.43362  1.43401  1.43015
  1610.58      6.2089  1.42549  1.43049  1.43300  1.43274  1.42871
  1609.08      6.2147  1.42460  1.42952  1.43213  1.43145  1.42726
  1607.58      6.2205  1.42368  1.42851  1.43111  1.43011  1.42579
  1606.08      6.2263  1.42269  1.42762  1.43006  1.42871  1.42428
  1604.58      6.2322  1.42164  1.42681  1.42904  1.42731  1.42279
  1603.08      6.2380  1.42053  1.42583  1.42800  1.42594  1.42135
  1601.58      6.2438  1.41943  1.42479  1.42704  1.42460  1.41997
  1600.08      6.2497  1.41834  1.42373  1.42610  1.42325  1.41860
  1598.58      6.2555  1.41733  1.42268  1.42509  1.42188  1.41720
  1597.08      6.2614  1.41633  1.42166  1.42404  1.42050  1.41579
  1595.58      6.2673  1.41516  1.42045  1.42288  1.41909  1.41436
  1594.08      6.2732  1.41394  1.41918  1.42175  1.41767  1.41290
  1592.58      6.2791  1.41270  1.41799  1.42062  1.41619  1.41139
  1591.08      6.2850  1.41146  1.41689  1.41942  1.41469  1.40984
  1589.58      6.2910  1.41029  1.41587  1.41825  1.41319  1.40829
  1588.08      6.2969  1.40908  1.41468  1.41709  1.41173  1.40681
  1586.58      6.3029  1.40793  1.41345  1.41602  1.41035  1.40544
  1585.08      6.3088  1.40673  1.41223  1.41490  1.40902  1.40414
  1583.58      6.3148  1.40542  1.41102  1.41363  1.40773  1.40289
  1582.08      6.3208  1.40412  1.40988  1.41236  1.40650  1.40172
  1580.58      6.3268  1.40284  1.40861  1.41119  1.40538  1.40069
  1579.08      6.3328  1.40183  1.40751  1.41025  1.40433  1.39979
  1577.58      6.3388  1.40075  1.40637  1.40906  1.40333  1.39895
  1576.08      6.3449  1.39886  1.40443  1.40701  1.40227  1.39801
  1574.58      6.3509  1.39702  1.40264  1.40525  1.40109  1.39691
  1573.08      6.3570  1.39599  1.40179  1.40442  1.39983  1.39570
  1571.58      6.3630  1.39518  1.40107  1.40359  1.39862  1.39457
  1570.08      6.3691  1.39380  1.39958  1.40191  1.39758  1.39367
  1568.58      6.3752  1.39210  1.39772  1.40000  1.39662  1.39292
  1567.08      6.3813  1.39089  1.39647  1.39886  1.39569  1.39221
  1565.58      6.3874  1.38983  1.39544  1.39794  1.39480  1.39156
  1564.08      6.3935  1.38855  1.39423  1.39677  1.39398  1.39101
  1562.58      6.3997  1.38759  1.39342  1.39592  1.39327  1.39061
  1561.08      6.4058  1.38706  1.39296  1.39530  1.39264  1.39033
  1559.58      6.4120  1.38545  1.39107  1.39309  1.39194  1.38994
  1558.08      6.4182  1.38270  1.38799  1.38983  1.39090  1.38907
  1556.58      6.4243  1.38139  1.38678  1.38860  1.38950  1.38768
  1555.08      6.4305  1.38052  1.38598  1.38791  1.38792  1.38602
  1553.58      6.4368  1.37940  1.38484  1.38702  1.38630  1.38429
  1552.08      6.4430  1.37822  1.38365  1.38599  1.38474  1.38265
  1550.58      6.4492  1.37701  1.38244  1.38470  1.38329  1.38117
  1549.08      6.4555  1.37575  1.38123  1.38338  1.38191  1.37975
  1547.58      6.4617  1.37457  1.38024  1.38227  1.38059  1.37843
  1546.08      6.4680  1.37350  1.37923  1.38107  1.37946  1.37738
  1544.58      6.4743  1.37227  1.37774  1.37946  1.37858  1.37668
  1543.08      6.4806  1.37108  1.37621  1.37805  1.37782  1.37616
  1541.58      6.4869  1.37014  1.37508  1.37700  1.37701  1.37554
  1540.08      6.4932  1.36831  1.37331  1.37507  1.37595  1.37460
  1538.58      6.4995  1.36619  1.37133  1.37301  1.37459  1.37321
  1537.08      6.5059  1.36511  1.37034  1.37215  1.37302  1.37153
  1535.58      6.5122  1.36430  1.36957  1.37157  1.37137  1.36974
  1534.08      6.5186  1.36308  1.36830  1.37042  1.36970  1.36793
  1532.58      6.5250  1.36132  1.36645  1.36860  1.36803  1.36610
  1531.08      6.5314  1.36001  1.36513  1.36730  1.36637  1.36430
  1529.58      6.5378  1.35910  1.36423  1.36643  1.36483  1.36265
  1528.08      6.5442  1.35791  1.36294  1.36509  1.36349  1.36128
  1526.58      6.5506  1.35648  1.36141  1.36345  1.36236  1.36019
  1525.08      6.5571  1.35504  1.35995  1.36192  1.36134  1.35927
  1523.58      6.5635  1.35383  1.35880  1.36071  1.36033  1.35837
  1522.08      6.5700  1.35251  1.35747  1.35928  1.35927  1.35740
  1520.58      6.5765  1.35082  1.35560  1.35743  1.35811  1.35629
  1519.08      6.5830  1.34946  1.35424  1.35608  1.35694  1.35518
  1517.58      6.5895  1.34827  1.35305  1.35490  1.35581  1.35411
  1516.07      6.5960  1.34680  1.35145  1.35335  1.35465  1.35301
  1514.57      6.6025  1.34552  1.35018  1.35215  1.35341  1.35182
  1513.07      6.6091  1.34438  1.34916  1.35118  1.35216  1.35059
  1511.57      6.6156  1.34302  1.34791  1.34984  1.35093  1.34938
  1510.07      6.6222  1.34180  1.34682  1.34851  1.34975  1.34824
  1508.57      6.6288  1.34072  1.34587  1.34735  1.34864  1.34717
  1507.07      6.6354  1.33906  1.34399  1.34548  1.34746  1.34601
  1505.57      6.6420  1.33713  1.34162  1.34333  1.34606  1.34450
  1504.07      6.6486  1.33587  1.34023  1.34207  1.34444  1.34270
  1502.57      6.6552  1.33492  1.33942  1.34126  1.34278  1.34085
  1501.07      6.6619  1.33391  1.33867  1.34040  1.34117  1.33906
  1499.57      6.6686  1.33281  1.33768  1.33925  1.33961  1.33738
  1498.07      6.6752  1.33187  1.33656  1.33796  1.33806  1.33573
  1496.57      6.6819  1.33067  1.33512  1.33648  1.33647  1.33402
  1495.07      6.6886  1.32907  1.33350  1.33495  1.33484  1.33229
  1493.57      6.6954  1.32775  1.33236  1.33387  1.33329  1.33067
  1492.07      6.7021  1.32624  1.33098  1.33263  1.33186  1.32923
  1490.57      6.7088  1.32433  1.32897  1.33081  1.33046  1.32783
  1489.07      6.7156  1.32244  1.32693  1.32883  1.32896  1.32630
  1487.57      6.7224  1.32071  1.32524  1.32709  1.32734  1.32460
  1486.07      6.7291  1.31933  1.32396  1.32578  1.32566  1.32279
  1484.57      6.7359  1.31803  1.32264  1.32448  1.32402  1.32103
  1483.07      6.7428  1.31668  1.32112  1.32303  1.32251  1.31944
  1481.57      6.7496  1.31526  1.31956  1.32147  1.32107  1.31796
  1480.07      6.7564  1.31361  1.31794  1.31978  1.31967  1.31655
  1478.57      6.7633  1.31206  1.31665  1.31831  1.31833  1.31519
  1477.07      6.7702  1.31058  1.31530  1.31681  1.31706  1.31393
  1475.57      6.7770  1.30910  1.31363  1.31523  1.31588  1.31279
  1474.07      6.7839  1.30772  1.31206  1.31379  1.31470  1.31167
  1472.57      6.7908  1.30579  1.31002  1.31186  1.31342  1.31042
  1471.07      6.7978  1.30380  1.30798  1.30989  1.31200  1.30898
  1469.57      6.8047  1.30229  1.30657  1.30851  1.31050  1.30745
  1468.07      6.8117  1.30096  1.30537  1.30725  1.30905  1.30599
  1466.57      6.8186  1.29967  1.30416  1.30586  1.30768  1.30463
  1465.07      6.8256  1.29800  1.30245  1.30395  1.30631  1.30329
  1463.57      6.8326  1.29603  1.30039  1.30182  1.30492  1.30192
  1462.07      6.8396  1.29434  1.29871  1.30020  1.30354  1.30057
  1460.57      6.8466  1.29296  1.29735  1.29889  1.30222  1.29930
  1459.07      6.8537  1.29173  1.29600  1.29749  1.30100  1.29816
  1457.57      6.8607  1.29019  1.29406  1.29553  1.29977  1.29700
  1456.07      6.8678  1.28783  1.29140  1.29301  1.29836  1.29562
  1454.57      6.8749  1.28563  1.28940  1.29107  1.29674  1.29394
  1453.07      6.8820  1.28383  1.28799  1.28957  1.29497  1.29207
  1451.57      6.8891  1.28205  1.28642  1.28779  1.29312  1.29010
  1450.07      6.8962  1.28030  1.28470  1.28590  1.29123  1.28810
  1448.57      6.9034  1.27832  1.28264  1.28396  1.28930  1.28605
  1447.07      6.9105  1.27601  1.28020  1.28184  1.28733  1.28400
  1445.57      6.9177  1.27392  1.27812  1.27989  1.28536  1.28193
  1444.07      6.9249  1.27194  1.27630  1.27797  1.28342  1.27995
  1442.57      6.9321  1.26992  1.27435  1.27594  1.28159  1.27811
  1441.07      6.9393  1.26802  1.27235  1.27399  1.27984  1.27640
  1439.57      6.9465  1.26617  1.27032  1.27212  1.27814  1.27477
  1438.07      6.9538  1.26432  1.26834  1.27016  1.27646  1.27317
  1436.57      6.9610  1.26200  1.26583  1.26753  1.27474  1.27153
  1435.07      6.9683  1.25937  1.26309  1.26475  1.27297  1.26980
  1433.57      6.9756  1.25714  1.26104  1.26266  1.27115  1.26800
  1432.07      6.9829  1.25495  1.25906  1.26067  1.26932  1.26618
  1430.57      6.9902  1.25261  1.25680  1.25838  1.26750  1.26437
  1429.07      6.9976  1.25021  1.25444  1.25596  1.26566  1.26257
  1427.57      7.0049  1.24777  1.25201  1.25350  1.26381  1.26075
  1426.07      7.0123  1.24560  1.24981  1.25132  1.26195  1.25892
  1424.57      7.0197  1.24328  1.24743  1.24894  1.26010  1.25711
  1423.07      7.0271  1.24071  1.24495  1.24645  1.25828  1.25532
  1421.57      7.0345  1.23851  1.24294  1.24440  1.25645  1.25355
  1420.07      7.0419  1.23627  1.24048  1.24190  1.25461  1.25177
  1418.57      7.0494  1.23361  1.23737  1.23878  1.25271  1.24988
  1417.07      7.0568  1.23089  1.23450  1.23599  1.25073  1.24786
  1415.57      7.0643  1.22837  1.23206  1.23369  1.24867  1.24574
  1414.07      7.0718  1.22605  1.22983  1.23151  1.24656  1.24354
  1412.57      7.0793  1.22366  1.22741  1.22907  1.24441  1.24130
  1411.07      7.0868  1.22127  1.22493  1.22650  1.24225  1.23904
  1409.57      7.0944  1.21896  1.22257  1.22401  1.24009  1.23679
  1408.07      7.1019  1.21665  1.22028  1.22158  1.23795  1.23458
  1406.57      7.1095  1.21448  1.21808  1.21933  1.23587  1.23244
  1405.07      7.1171  1.21239  1.21572  1.21708  1.23384  1.23041
  1403.57      7.1247  1.21031  1.21318  1.21473  1.23186  1.22842
  1402.07      7.1323  1.20834  1.21094  1.21246  1.22991  1.22647
  1400.57      7.1400  1.20638  1.20893  1.21016  1.22798  1.22453
  1399.07      7.1476  1.20445  1.20683  1.20773  1.22605  1.22259
  1397.57      7.1553  1.20259  1.20475  1.20542  1.22410  1.22061
  1396.07      7.1630  1.20073  1.20252  1.20305  1.22211  1.21857
  1394.57      7.1707  1.19888  1.19997  1.20050  1.22005  1.21641
  1393.07      7.1784  1.19704  1.19752  1.19815  1.21791  1.21415
  1391.57      7.1862  1.19519  1.19530  1.19600  1.21569  1.21179
  1390.07      7.1939  1.19337  1.19317  1.19383  1.21343  1.20937
  1388.57      7.2017  1.19153  1.19090  1.19142  1.21111  1.20689
  1387.07      7.2095  1.18955  1.18842  1.18874  1.20874  1.20435
  1385.57      7.2173  1.18758  1.18610  1.18622  1.20632  1.20176
  1384.07      7.2251  1.18556  1.18378  1.18381  1.20387  1.19913
  1382.56      7.2329  1.18349  1.18132  1.18129  1.20139  1.19649
  1381.06      7.2408  1.18141  1.17880  1.17862  1.19891  1.19386
  1379.56      7.2487  1.17920  1.17618  1.17578  1.19643  1.19123
  1378.06      7.2566  1.17702  1.17367  1.17304  1.19393  1.18860
  1376.56      7.2645  1.17482  1.17116  1.17041  1.19141  1.18594
  1375.06      7.2724  1.17253  1.16835  1.16759  1.18887  1.18326
  1373.56      7.2803  1.17023  1.16542  1.16463  1.18629  1.18055
  1372.06      7.2883  1.16784  1.16235  1.16156  1.18370  1.17782
  1370.56      7.2963  1.16539  1.15938  1.15851  1.18107  1.17508
  1369.06      7.3043  1.16289  1.15650  1.15542  1.17842  1.17232
  1367.56      7.3123  1.16028  1.15346  1.15229  1.17575  1.16952
  1366.06      7.3203  1.15769  1.15045  1.14930  1.17305  1.16671
  1364.56      7.3284  1.15499  1.14740  1.14616  1.17034  1.16389
  1363.06      7.3364  1.15217  1.14425  1.14272  1.16760  1.16106
  1361.56      7.3445  1.14940  1.14106  1.13925  1.16485  1.15820
  1360.06      7.3526  1.14659  1.13783  1.13579  1.16205  1.15531
  1358.56      7.3607  1.14375  1.13458  1.13239  1.15924  1.15240
  1357.06      7.3689  1.14084  1.13122  1.12902  1.15642  1.14947
  1355.56      7.3770  1.13783  1.12777  1.12558  1.15359  1.14654
  1354.06      7.3852  1.13484  1.12441  1.12212  1.15076  1.14362
  1352.56      7.3934  1.13187  1.12111  1.11862  1.14794  1.14071
  1351.06      7.4016  1.12892  1.11779  1.11518  1.14515  1.13784
  1349.56      7.4098  1.12599  1.11445  1.11185  1.14241  1.13504
  1348.06      7.4181  1.12306  1.11108  1.10851  1.13976  1.13234
  1346.56      7.4263  1.12017  1.10783  1.10518  1.13720  1.12974
  1345.06      7.4346  1.11730  1.10476  1.10196  1.13472  1.12727
  1343.56      7.4429  1.11439  1.10178  1.09885  1.13234  1.12491
  1342.06      7.4512  1.11148  1.09875  1.09569  1.13007  1.12266
  1340.56      7.4596  1.10861  1.09568  1.09246  1.12791  1.12054
  1339.06      7.4679  1.10590  1.09270  1.08938  1.12586  1.11853
  1337.56      7.4763  1.10342  1.08995  1.08659  1.12390  1.11662
  1336.06      7.4847  1.10107  1.08736  1.08398  1.12203  1.11479
  1334.56      7.4931  1.09878  1.08487  1.08146  1.12024  1.11305
  1333.06      7.5015  1.09655  1.08251  1.07907  1.11856  1.11141
  1331.56      7.5100  1.09441  1.08030  1.07682  1.11699  1.10989
  1330.06      7.5185  1.09247  1.07825  1.07478  1.11553  1.10849
  1328.56      7.5269  1.09073  1.07641  1.07295  1.11422  1.10722
  1327.06      7.5354  1.08916  1.07477  1.07128  1.11303  1.10610
  1325.56      7.5440  1.08776  1.07330  1.06976  1.11200  1.10515
  1324.06      7.5525  1.08653  1.07198  1.06842  1.11113  1.10436
  1322.56      7.5611  1.08544  1.07083  1.06728  1.11043  1.10376
  1321.06      7.5697  1.08447  1.06988  1.06631  1.10989  1.10332
  1319.56      7.5783  1.08364  1.06909  1.06553  1.10951  1.10305
  1318.06      7.5869  1.08300  1.06849  1.06500  1.10927  1.10293
  1316.56      7.5956  1.08257  1.06808  1.06462  1.10917  1.10294
  1315.06      7.6042  1.08230  1.06780  1.06435  1.10918  1.10306
  1313.56      7.6129  1.08217  1.06768  1.06424  1.10931  1.10329
  1312.06      7.6216  1.08221  1.06779  1.06435  1.10954  1.10361
  1310.56      7.6303  1.08242  1.06812  1.06463  1.10986  1.10400
  1309.06      7.6391  1.08276  1.06855  1.06502  1.11025  1.10446
  1307.56      7.6478  1.08320  1.06907  1.06555  1.11071  1.10498
  1306.06      7.6566  1.08377  1.06970  1.06626  1.11124  1.10555
  1304.56      7.6654  1.08446  1.07045  1.06708  1.11182  1.10617
  1303.06      7.6742  1.08525  1.07133  1.06800  1.11245  1.10684
  1301.56      7.6831  1.08615  1.07231  1.06900  1.11313  1.10755
  1300.06      7.6920  1.08712  1.07332  1.07006  1.11385  1.10828
  1298.56      7.7008  1.08816  1.07438  1.07116  1.11461  1.10903
  1297.06      7.7098  1.08928  1.07554  1.07235  1.11537  1.10977
  1295.56      7.7187  1.09047  1.07679  1.07359  1.11614  1.11052
  1294.06      7.7276  1.09171  1.07806  1.07482  1.11691  1.11123
  1292.56      7.7366  1.09299  1.07930  1.07601  1.11766  1.11192
  1291.06      7.7456  1.09431  1.08055  1.07721  1.11838  1.11256
  1289.56      7.7546  1.09561  1.08179  1.07844  1.11908  1.11313
  1288.06      7.7636  1.09680  1.08297  1.07963  1.11971  1.11363
  1286.56      7.7727  1.09792  1.08412  1.08080  1.12030  1.11405
  1285.06      7.7818  1.09902  1.08522  1.08191  1.12081  1.11439
  1283.56      7.7908  1.10018  1.08627  1.08290  1.12126  1.11461
  1282.06      7.8000  1.10137  1.08728  1.08381  1.12165  1.11474
  1280.56      7.8091  1.10247  1.08820  1.08461  1.12195  1.11476
  1279.06      7.8183  1.10350  1.08904  1.08534  1.12218  1.11469
  1277.56      7.8274  1.10447  1.08979  1.08602  1.12233  1.11451
  1276.06      7.8366  1.10534  1.09044  1.08658  1.12242  1.11423
  1274.56      7.8459  1.10615  1.09099  1.08704  1.12243  1.11385
  1273.06      7.8551  1.10687  1.09139  1.08734  1.12239  1.11339
  1271.56      7.8644  1.10755  1.09165  1.08754  1.12229  1.11285
  1270.06      7.8737  1.10820  1.09183  1.08767  1.12213  1.11223
  1268.56      7.8830  1.10877  1.09193  1.08768  1.12195  1.11154
  1267.06      7.8923  1.10929  1.09200  1.08764  1.12172  1.11080
  1265.56      7.9017  1.10972  1.09199  1.08751  1.12148  1.11003
  1264.06      7.9110  1.11013  1.09193  1.08730  1.12123  1.10924
  1262.56      7.9204  1.11060  1.09189  1.08704  1.12100  1.10845
  1261.06      7.9299  1.11106  1.09183  1.08669  1.12079  1.10766
  1259.56      7.9393  1.11155  1.09178  1.08638  1.12061  1.10692
  1258.06      7.9488  1.11206  1.09173  1.08614  1.12049  1.10623
  1256.56      7.9583  1.11261  1.09168  1.08591  1.12045  1.10560
  1255.06      7.9678  1.11322  1.09169  1.08572  1.12048  1.10506
  1253.56      7.9773  1.11382  1.09175  1.08557  1.12062  1.10462
  1252.06      7.9869  1.11445  1.09185  1.08552  1.12087  1.10432
  1250.56      7.9964  1.11514  1.09204  1.08561  1.12125  1.10415
  1249.06      8.0061  1.11590  1.09235  1.08577  1.12177  1.10415
  1247.55      8.0157  1.11676  1.09279  1.08605  1.12243  1.10432
  1246.05      8.0253  1.11775  1.09336  1.08649  1.12326  1.10469
  1244.55      8.0350  1.11887  1.09405  1.08708  1.12429  1.10528
  1243.05      8.0447  1.12016  1.09497  1.08783  1.12549  1.10610
  1241.55      8.0544  1.12157  1.09610  1.08878  1.12689  1.10715
  1240.05      8.0642  1.12309  1.09743  1.08996  1.12851  1.10846
  1238.55      8.0739  1.12480  1.09896  1.09143  1.13032  1.11003
  1237.05      8.0837  1.12670  1.10070  1.09314  1.13236  1.11185
  1235.55      8.0935  1.12879  1.10269  1.09507  1.13461  1.11394
  1234.05      8.1034  1.13106  1.10495  1.09724  1.13709  1.11628
  1232.55      8.1132  1.13345  1.10740  1.09962  1.13977  1.11888
  1231.05      8.1231  1.13601  1.11004  1.10224  1.14266  1.12174
  1229.55      8.1330  1.13872  1.11288  1.10513  1.14575  1.12484
  1228.05      8.1430  1.14156  1.11592  1.10822  1.14905  1.12818
  1226.55      8.1529  1.14459  1.11920  1.11154  1.15253  1.13175
  1225.05      8.1629  1.14777  1.12267  1.11503  1.15620  1.13556
  1223.55      8.1729  1.15112  1.12634  1.11878  1.16005  1.13958
  1222.05      8.1830  1.15469  1.13027  1.12282  1.16406  1.14381
  1220.55      8.1930  1.15837  1.13438  1.12704  1.16824  1.14823
  1219.05      8.2031  1.16225  1.13869  1.13147  1.17256  1.15284
  1217.55      8.2132  1.16627  1.14317  1.13607  1.17703  1.15763
  1216.05      8.2233  1.17037  1.14778  1.14077  1.18164  1.16258
  1214.55      8.2335  1.17466  1.15257  1.14568  1.18638  1.16767
  1213.05      8.2437  1.17904  1.15743  1.15070  1.19124  1.17291
  1211.55      8.2539  1.18354  1.16243  1.15586  1.19621  1.17829
  1210.05      8.2641  1.18818  1.16761  1.16117  1.20131  1.18378
  1208.55      8.2744  1.19288  1.17289  1.16656  1.20651  1.18938
  1207.05      8.2846  1.19780  1.17834  1.17219  1.21182  1.19510
  1205.55      8.2950  1.20283  1.18386  1.17791  1.21724  1.20091
  1204.05      8.3053  1.20798  1.18950  1.18370  1.22275  1.20680
  1202.55      8.3157  1.21329  1.19532  1.18960  1.22837  1.21280
  1201.05      8.3260  1.21867  1.20119  1.19553  1.23410  1.21887
  1199.55      8.3364  1.22423  1.20719  1.20161  1.23992  1.22501
  1198.05      8.3469  1.22997  1.21327  1.20783  1.24585  1.23122
  1196.55      8.3574  1.23581  1.21941  1.21413  1.25187  1.23749
  1195.05      8.3678  1.24177  1.22569  1.22051  1.25797  1.24383
  1193.55      8.3784  1.24784  1.23205  1.22694  1.26418  1.25022
  1192.05      8.3889  1.25405  1.23849  1.23345  1.27046  1.25668
  1190.55      8.3995  1.26040  1.24502  1.24004  1.27683  1.26318
  1189.05      8.4101  1.26680  1.25160  1.24661  1.28328  1.26975
  1187.55      8.4207  1.27327  1.25825  1.25326  1.28983  1.27639
  1186.05      8.4313  1.27987  1.26497  1.26000  1.29645  1.28310
  1184.55      8.4420  1.28654  1.27174  1.26676  1.30317  1.28990
  1183.05      8.4527  1.29328  1.27854  1.27359  1.31000  1.29680
  1181.55      8.4635  1.30009  1.28541  1.28052  1.31692  1.30380
  1180.05      8.4742  1.30700  1.29240  1.28754  1.32397  1.31093
  1178.55      8.4850  1.31405  1.29955  1.29470  1.33114  1.31820
  1177.05      8.4958  1.32116  1.30675  1.30193  1.33845  1.32562
  1175.55      8.5067  1.32839  1.31404  1.30926  1.34589  1.33320
  1174.05      8.5175  1.33580  1.32153  1.31675  1.35348  1.34094
  1172.55      8.5284  1.34327  1.32915  1.32437  1.36121  1.34885
  1171.05      8.5394  1.35088  1.33695  1.33220  1.36908  1.35693
  1169.55      8.5503  1.35861  1.34486  1.34020  1.37709  1.36519
  1168.05      8.5613  1.36642  1.35288  1.34833  1.38525  1.37362
  1166.55      8.5723  1.37437  1.36113  1.35670  1.39355  1.38221
  1165.05      8.5833  1.38237  1.36954  1.36517  1.40198  1.39097
  1163.55      8.5944  1.39053  1.37819  1.37390  1.41053  1.39989
  1162.05      8.6055  1.39886  1.38708  1.38292  1.41919  1.40897
  1160.55      8.6166  1.40723  1.39611  1.39206  1.42795  1.41816
  1159.05      8.6278  1.41579  1.40538  1.40145  1.43680  1.42751
  1157.55      8.6389  1.42443  1.41472  1.41100  1.44572  1.43694
  1156.05      8.6502  1.43320  1.42417  1.42075  1.45471  1.44647
  1154.55      8.6614  1.44210  1.43386  1.43076  1.46372  1.45606
  1153.05      8.6727  1.45096  1.44368  1.44086  1.47273  1.46569
  1151.55      8.6840  1.45998  1.45375  1.45119  1.48175  1.47533
  1150.05      8.6953  1.46906  1.46389  1.46161  1.49071  1.48496
  1148.55      8.7066  1.47811  1.47399  1.47202  1.49961  1.49454
  1147.05      8.7180  1.48715  1.48413  1.48249  1.50840  1.50403
  1145.55      8.7295  1.49605  1.49426  1.49298  1.51706  1.51340
  1144.05      8.7409  1.50492  1.50445  1.50356  1.52555  1.52261
  1142.55      8.7524  1.51371  1.51459  1.51410  1.53384  1.53164
  1141.05      8.7639  1.52234  1.52455  1.52445  1.54190  1.54043
  1139.55      8.7754  1.53084  1.53437  1.53469  1.54969  1.54895
  1138.05      8.7870  1.53909  1.54393  1.54469  1.55719  1.55716
  1136.55      8.7986  1.54707  1.55322  1.55445  1.56437  1.56502
  1135.05      8.8102  1.55479  1.56232  1.56398  1.57120  1.57252
  1133.55      8.8219  1.56221  1.57111  1.57315  1.57767  1.57961
  1132.05      8.8336  1.56934  1.57957  1.58199  1.58376  1.58629
  1130.55      8.8453  1.57617  1.58766  1.59051  1.58942  1.59251
  1129.05      8.8570  1.58258  1.59530  1.59859  1.59468  1.59826
  1127.55      8.8688  1.58858  1.60254  1.60618  1.59950  1.60354
  1126.05      8.8806  1.59418  1.60936  1.61328  1.60388  1.60832
  1124.55      8.8925  1.59932  1.61564  1.61982  1.60781  1.61262
  1123.05      8.9044  1.60414  1.62144  1.62592  1.61128  1.61642
  1121.55      8.9163  1.60850  1.62669  1.63147  1.61431  1.61972
  1120.05      8.9282  1.61239  1.63139  1.63644  1.61687  1.62252
  1118.55      8.9402  1.61585  1.63560  1.64089  1.61898  1.62483
  1117.05      8.9522  1.61873  1.63922  1.64468  1.62065  1.62665
  1115.55      8.9642  1.62116  1.64234  1.64796  1.62186  1.62798
  1114.04      8.9763  1.62309  1.64488  1.65068  1.62262  1.62882
  1112.54      8.9884  1.62445  1.64676  1.65272  1.62295  1.62920
  1111.04      9.0005  1.62544  1.64810  1.65420  1.62284  1.62911
  1109.54      9.0127  1.62598  1.64880  1.65498  1.62231  1.62856
  1108.04      9.0249  1.62612  1.64902  1.65524  1.62135  1.62756
  1106.54      9.0371  1.62580  1.64875  1.65498  1.62001  1.62614
  1105.04      9.0494  1.62487  1.64778  1.65398  1.61826  1.62429
  1103.54      9.0617  1.62361  1.64633  1.65248  1.61615  1.62204
  1102.04      9.0740  1.62192  1.64430  1.65046  1.61367  1.61939
  1100.54      9.0864  1.61975  1.64177  1.64794  1.61084  1.61637
  1099.04      9.0988  1.61724  1.63891  1.64494  1.60768  1.61300
  1097.54      9.1113  1.61427  1.63556  1.64133  1.60419  1.60928
  1096.04      9.1237  1.61098  1.63181  1.63733  1.60041  1.60523
  1094.54      9.1362  1.60730  1.62762  1.63288  1.59636  1.60090
  1093.04      9.1488  1.60331  1.62299  1.62801  1.59207  1.59630
  1091.54      9.1613  1.59917  1.61801  1.62287  1.58756  1.59148
  1090.04      9.1739  1.59478  1.61266  1.61736  1.58289  1.58647
  1088.54      9.1866  1.59016  1.60709  1.61152  1.57811  1.58133
  1087.04      9.1993  1.58542  1.60142  1.60550  1.57329  1.57614
  1085.54      9.2120  1.58060  1.59562  1.59938  1.56850  1.57096
  1084.04      9.2247  1.57593  1.58984  1.59330  1.56381  1.56589
  1082.54      9.2375  1.57145  1.58426  1.58736  1.55934  1.56104
  1081.04      9.2503  1.56722  1.57900  1.58172  1.55515  1.55648
  1079.54      9.2632  1.56338  1.57417  1.57658  1.55139  1.55237
  1078.04      9.2761  1.56005  1.56990  1.57203  1.54815  1.54881
  1076.54      9.2890  1.55737  1.56642  1.56822  1.54555  1.54593
  1075.04      9.3020  1.55551  1.56390  1.56536  1.54369  1.54384
  1073.54      9.3150  1.55464  1.56240  1.56362  1.54269  1.54267
  1072.04      9.3280  1.55491  1.56200  1.56315  1.54263  1.54249
  1070.54      9.3411  1.55633  1.56287  1.56402  1.54359  1.54339
  1069.04      9.3542  1.55882  1.56513  1.56621  1.54564  1.54543
  1067.54      9.3673  1.56252  1.56889  1.56985  1.54880  1.54867
  1066.04      9.3805  1.56747  1.57405  1.57495  1.55311  1.55309
  1064.54      9.3937  1.57361  1.58054  1.58139  1.55855  1.55870
  1063.04      9.4070  1.58096  1.58839  1.58922  1.56510  1.56547
  1061.54      9.4203  1.58936  1.59739  1.59824  1.57272  1.57335
  1060.04      9.4336  1.59879  1.60745  1.60840  1.58137  1.58229
  1058.54      9.4470  1.60923  1.61854  1.61973  1.59099  1.59222
  1057.04      9.4604  1.62048  1.63049  1.63195  1.60150  1.60307
  1055.54      9.4738  1.63256  1.64332  1.64501  1.61283  1.61476
  1054.04      9.4873  1.64535  1.65689  1.65871  1.62490  1.62722
  1052.54      9.5008  1.65868  1.67103  1.67298  1.63764  1.64036
  1051.04      9.5144  1.67261  1.68582  1.68803  1.65097  1.65411
  1049.54      9.5280  1.68676  1.70097  1.70353  1.66478  1.66837
  1048.04      9.5416  1.70122  1.71653  1.71951  1.67898  1.68304
  1046.54      9.5553  1.71585  1.73238  1.73577  1.69345  1.69798
  1045.04      9.5690  1.73044  1.74830  1.75200  1.70806  1.71311
  1043.54      9.5828  1.74505  1.76435  1.76830  1.72269  1.72827
  1042.04      9.5966  1.75938  1.78016  1.78442  1.73723  1.74335
  1040.54      9.6104  1.77340  1.79569  1.80038  1.75156  1.75824
  1039.04      9.6243  1.78704  1.81088  1.81608  1.76555  1.77280
  1037.54      9.6382  1.80013  1.82551  1.83126  1.77911  1.78693
  1036.04      9.6521  1.81274  1.83965  1.84596  1.79211  1.80051
  1034.54      9.6661  1.82461  1.85308  1.85995  1.80448  1.81346
  1033.04      9.6802  1.83563  1.86573  1.87309  1.81614  1.82571
  1031.54      9.6943  1.84586  1.87768  1.88542  1.82704  1.83718
  1030.04      9.7084  1.85522  1.88872  1.89684  1.83712  1.84780
  1028.54      9.7225  1.86375  1.89880  1.90741  1.84632  1.85753
  1027.04      9.7367  1.87136  1.90787  1.91710  1.85462  1.86632
  1025.54      9.7510  1.87790  1.91588  1.92571  1.86197  1.87415
  1024.04      9.7653  1.88350  1.92291  1.93324  1.86839  1.88100
  1022.54      9.7796  1.88824  1.92884  1.93970  1.87386  1.88687
  1021.04      9.7940  1.89202  1.93367  1.94498  1.87839  1.89176
  1019.54      9.8084  1.89481  1.93751  1.94910  1.88201  1.89570
  1018.04      9.8228  1.89666  1.94029  1.95215  1.88476  1.89872
  1016.54      9.8373  1.89767  1.94204  1.95425  1.88667  1.90087
  1015.04      9.8519  1.89790  1.94290  1.95542  1.88780  1.90219
  1013.54      9.8664  1.89726  1.94281  1.95554  1.88820  1.90275
  1012.04      9.8811  1.89598  1.94195  1.95473  1.88795  1.90260
  1010.54      9.8957  1.89419  1.94047  1.95318  1.88709  1.90179
  1009.04      9.9104  1.89177  1.93822  1.95094  1.88569  1.90042
  1007.54      9.9252  1.88890  1.93534  1.94821  1.88381  1.89850
  1006.04      9.9400  1.88560  1.93181  1.94484  1.88151  1.89613
  1004.54      9.9548  1.88189  1.92777  1.94088  1.87882  1.89333
  1003.04      9.9697  1.87790  1.92343  1.93655  1.87581  1.89017
  1001.54      9.9847  1.87348  1.91862  1.93162  1.87249  1.88667
  1000.04      9.9996  1.86876  1.91349  1.92631  1.86893  1.88289
   998.54     10.0147  1.86384  1.90806  1.92067  1.86515  1.87886
   997.04     10.0297  1.85880  1.90234  1.91478  1.86117  1.87464
   995.54     10.0448  1.85375  1.89654  1.90893  1.85703  1.87024
   994.04     10.0600  1.84847  1.89057  1.90285  1.85278  1.86571
   992.54     10.0752  1.84309  1.88460  1.89668  1.84842  1.86108
   991.04     10.0905  1.83773  1.87858  1.89048  1.84400  1.85638
   989.54     10.1057  1.83229  1.87239  1.88419  1.83951  1.85163
   988.04     10.1211  1.82698  1.86635  1.87801  1.83500  1.84687
   986.54     10.1365  1.82171  1.86047  1.87180  1.83047  1.84209
   985.04     10.1519  1.81651  1.85465  1.86564  1.82593  1.83732
   983.54     10.1674  1.81151  1.84890  1.85971  1.82140  1.83257
   982.04     10.1829  1.80661  1.84321  1.85389  1.81690  1.82785
   980.54     10.1985  1.80177  1.83770  1.84823  1.81241  1.82317
   979.03     10.2141  1.79707  1.83231  1.84269  1.80795  1.81852
   977.53     10.2298  1.79268  1.82705  1.83724  1.80352  1.81391
   976.03     10.2455  1.78871  1.82209  1.83202  1.79915  1.80934
   974.53     10.2613  1.78503  1.81736  1.82702  1.79483  1.80481
   973.03     10.2771  1.78161  1.81293  1.82227  1.79056  1.80031
   971.53     10.2930  1.77849  1.80886  1.81787  1.78635  1.79584
   970.03     10.3089  1.77560  1.80495  1.81377  1.78220  1.79139
   968.53     10.3249  1.77301  1.80121  1.80990  1.77809  1.78695
   967.03     10.3409  1.77072  1.79771  1.80619  1.77405  1.78252
   965.53     10.3570  1.76857  1.79442  1.80258  1.77004  1.77809
   964.03     10.3731  1.76659  1.79127  1.79898  1.76606  1.77364
   962.53     10.3892  1.76481  1.78821  1.79540  1.76211  1.76915
   961.03     10.4055  1.76307  1.78518  1.79183  1.75815  1.76463
   959.53     10.4217  1.76135  1.78216  1.78833  1.75418  1.76005
   958.03     10.4381  1.75957  1.77899  1.78468  1.75017  1.75538
   956.53     10.4544  1.75769  1.77559  1.78079  1.74612  1.75062
   955.03     10.4708  1.75572  1.77194  1.77666  1.74197  1.74575
   953.53     10.4873  1.75350  1.76797  1.77215  1.73772  1.74074
   952.03     10.5038  1.75099  1.76364  1.76733  1.73335  1.73558
   950.53     10.5204  1.74809  1.75886  1.76212  1.72883  1.73027
   949.03     10.5370  1.74466  1.75349  1.75628  1.72414  1.72477
   947.53     10.5537  1.74080  1.74766  1.74993  1.71929  1.71910
   946.03     10.5705  1.73645  1.74142  1.74316  1.71426  1.71322
   944.53     10.5872  1.73161  1.73484  1.73609  1.70904  1.70716
   943.03     10.6041  1.72634  1.72786  1.72864  1.70365  1.70093
   941.53     10.6210  1.72052  1.72032  1.72057  1.69808  1.69453
   940.03     10.6379  1.71428  1.71241  1.71218  1.69238  1.68801
   938.53     10.6549  1.70773  1.70424  1.70368  1.68656  1.68141
   937.03     10.6720  1.70098  1.69597  1.69514  1.68067  1.67478
   935.53     10.6891  1.69420  1.68777  1.68674  1.67474  1.66818
   934.03     10.7063  1.68735  1.67973  1.67844  1.66884  1.66171
   932.53     10.7235  1.68057  1.67205  1.67045  1.66304  1.65545
   931.03     10.7408  1.67406  1.66498  1.66302  1.65742  1.64949
   929.53     10.7581  1.66796  1.65869  1.65641  1.65207  1.64396
   928.03     10.7755  1.66250  1.65335  1.65104  1.64710  1.63896
   926.53     10.7929  1.65783  1.64898  1.64696  1.64260  1.63462
   925.03     10.8104  1.65417  1.64587  1.64422  1.63869  1.63107
   923.53     10.8280  1.65162  1.64436  1.64290  1.63547  1.62840
   922.03     10.8456  1.65019  1.64443  1.64313  1.63304  1.62673
   920.53     10.8633  1.65015  1.64603  1.64510  1.63152  1.62616
   919.03     10.8810  1.65160  1.64919  1.64880  1.63099  1.62675
   917.53     10.8988  1.65448  1.65403  1.65418  1.63152  1.62857
   916.03     10.9167  1.65877  1.66067  1.66128  1.63318  1.63166
   914.53     10.9346  1.66452  1.66893  1.67002  1.63600  1.63603
   913.03     10.9525  1.67170  1.67861  1.68024  1.64001  1.64167
   911.53     10.9706  1.68028  1.68963  1.69184  1.64520  1.64855
   910.03     10.9887  1.69013  1.70196  1.70470  1.65156  1.65661
   908.53     11.0068  1.70116  1.71541  1.71863  1.65904  1.66578
   907.03     11.0250  1.71331  1.72971  1.73351  1.66756  1.67596
   905.53     11.0433  1.72634  1.74480  1.74916  1.67703  1.68702
   904.03     11.0616  1.74006  1.76051  1.76543  1.68736  1.69883
   902.53     11.0800  1.75426  1.77658  1.78202  1.69843  1.71125
   901.03     11.0984  1.76872  1.79285  1.79867  1.71009  1.72412
   899.53     11.1169  1.78345  1.80913  1.81536  1.72221  1.73727
   898.03     11.1355  1.79829  1.82513  1.83175  1.73463  1.75052
   896.53     11.1541  1.81292  1.84064  1.84747  1.74720  1.76371
   895.03     11.1728  1.82713  1.85545  1.86242  1.75977  1.77666
   893.53     11.1916  1.84054  1.86925  1.87640  1.77216  1.78920
   892.03     11.2104  1.85310  1.88195  1.88934  1.78425  1.80119
   890.53     11.2293  1.86474  1.89340  1.90092  1.79589  1.81248
   889.03     11.2482  1.87536  1.90348  1.91086  1.80695  1.82295
   887.53     11.2672  1.88505  1.91227  1.91939  1.81732  1.83250
   886.03     11.2863  1.89349  1.91957  1.92643  1.82690  1.84104
   884.53     11.3055  1.90062  1.92538  1.93209  1.83564  1.84854
   883.03     11.3247  1.90661  1.92968  1.93635  1.84346  1.85495
   881.53     11.3439  1.91131  1.93256  1.93902  1.85034  1.86029
   880.03     11.3633  1.91471  1.93437  1.94039  1.85626  1.86457
   878.53     11.3827  1.91694  1.93502  1.94046  1.86123  1.86785
   877.03     11.4022  1.91832  1.93452  1.93939  1.86527  1.87017
   875.53     11.4217  1.91884  1.93302  1.93753  1.86843  1.87163
   874.03     11.4413  1.91830  1.93064  1.93491  1.87075  1.87228
   872.53     11.4610  1.91703  1.92779  1.93173  1.87228  1.87223
   871.03     11.4807  1.91537  1.92459  1.92811  1.87310  1.87153
   869.53     11.5005  1.91337  1.92112  1.92424  1.87328  1.87028
   868.03     11.5204  1.91098  1.91749  1.92034  1.87288  1.86855
   866.53     11.5403  1.90808  1.91355  1.91629  1.87196  1.86639
   865.03     11.5603  1.90485  1.90943  1.91212  1.87060  1.86389
   863.53     11.5804  1.90154  1.90523  1.90794  1.86885  1.86110
   862.03     11.6006  1.89815  1.90085  1.90360  1.86675  1.85807
   860.53     11.6208  1.89465  1.89644  1.89905  1.86438  1.85483
   859.03     11.6411  1.89104  1.89204  1.89438  1.86176  1.85145
   857.53     11.6615  1.88729  1.88772  1.88966  1.85892  1.84794
   856.03     11.6819  1.88341  1.88342  1.88504  1.85592  1.84436
   854.53     11.7024  1.87947  1.87910  1.88053  1.85279  1.84069
   853.03     11.7230  1.87550  1.87485  1.87604  1.84954  1.83699
   851.53     11.7436  1.87160  1.87068  1.87170  1.84620  1.83326
   850.03     11.7644  1.86775  1.86639  1.86749  1.84280  1.82950
   848.53     11.7852  1.86393  1.86202  1.86322  1.83934  1.82573
   847.03     11.8060  1.86016  1.85779  1.85882  1.83583  1.82196
   845.52     11.8270  1.85635  1.85367  1.85434  1.83229  1.81819
   844.02     11.8480  1.85250  1.84956  1.84999  1.82872  1.81441
   842.52     11.8691  1.84859  1.84529  1.84575  1.82512  1.81064
   841.02     11.8903  1.84462  1.84093  1.84149  1.82149  1.80686
   839.52     11.9115  1.84076  1.83677  1.83729  1.81785  1.80309
   838.02     11.9328  1.83681  1.83281  1.83311  1.81420  1.79931
   836.52     11.9542  1.83273  1.82884  1.82905  1.81054  1.79553
   835.02     11.9757  1.82882  1.82475  1.82516  1.80687  1.79173
   833.52     11.9973  1.82514  1.82061  1.82121  1.80322  1.78794
   832.02     12.0189  1.82152  1.81649  1.81714  1.79956  1.78416
   830.52     12.0406  1.81763  1.81234  1.81277  1.79592  1.78040
   829.02     12.0624  1.81367  1.80813  1.80837  1.79231  1.77668
   827.52     12.0842  1.80993  1.80403  1.80416  1.78873  1.77302
   826.02     12.1062  1.80614  1.79991  1.79975  1.78520  1.76944
   824.52     12.1282  1.80212  1.79563  1.79530  1.78172  1.76595
   823.02     12.1503  1.79802  1.79126  1.79108  1.77831  1.76257
   821.52     12.1725  1.79401  1.78738  1.78715  1.77498  1.75929
   820.02     12.1948  1.79019  1.78411  1.78358  1.77171  1.75612
   818.52     12.2171  1.78660  1.78080  1.78019  1.76851  1.75304
   817.02     12.2396  1.78319  1.77731  1.77688  1.76538  1.75003
   815.52     12.2621  1.77985  1.77383  1.77354  1.76229  1.74709
   814.02     12.2847  1.77648  1.77046  1.77015  1.75926  1.74418
   812.52     12.3074  1.77313  1.76716  1.76683  1.75625  1.74132
   811.02     12.3301  1.76977  1.76377  1.76364  1.75328  1.73846
   809.52     12.3530  1.76647  1.76042  1.76049  1.75032  1.73563
   808.02     12.3759  1.76330  1.75725  1.75726  1.74738  1.73280
   806.52     12.3989  1.76014  1.75404  1.75384  1.74446  1.72999
   805.02     12.4220  1.75686  1.75082  1.75047  1.74156  1.72719
   803.52     12.4452  1.75354  1.74765  1.74728  1.73868  1.72442
   802.02     12.4685  1.75028  1.74455  1.74414  1.73582  1.72167
   800.52     12.4919  1.74715  1.74147  1.74096  1.73299  1.71895
   799.02     12.5153  1.74417  1.73829  1.73795  1.73019  1.71627
   797.52     12.5388  1.74130  1.73513  1.73512  1.72742  1.71364
   796.02     12.5625  1.73853  1.73212  1.73227  1.72469  1.71104
   794.52     12.5862  1.73566  1.72926  1.72934  1.72201  1.70849
   793.02     12.6100  1.73259  1.72660  1.72648  1.71937  1.70601
   791.52     12.6339  1.72976  1.72402  1.72380  1.71678  1.70358
   790.02     12.6579  1.72721  1.72144  1.72121  1.71424  1.70120
   788.52     12.6820  1.72468  1.71887  1.71880  1.71175  1.69888
   787.02     12.7061  1.72217  1.71631  1.71653  1.70933  1.69663
   785.52     12.7304  1.71974  1.71381  1.71405  1.70696  1.69442
   784.02     12.7548  1.71734  1.71145  1.71157  1.70464  1.69226
   782.52     12.7792  1.71486  1.70919  1.70926  1.70237  1.69018
   781.02     12.8038  1.71241  1.70697  1.70702  1.70015  1.68813
   779.52     12.8284  1.71015  1.70484  1.70482  1.69798  1.68615
   778.02     12.8531  1.70802  1.70281  1.70267  1.69586  1.68419
   776.52     12.8780  1.70603  1.70068  1.70052  1.69378  1.68226
   775.02     12.9029  1.70412  1.69849  1.69851  1.69176  1.68038
   773.52     12.9279  1.70219  1.69661  1.69677  1.68975  1.67852
   772.02     12.9530  1.70020  1.69513  1.69514  1.68779  1.67672
   770.52     12.9783  1.69827  1.69359  1.69335  1.68587  1.67493
   769.02     13.0036  1.69655  1.69170  1.69146  1.68398  1.67316
   767.52     13.0290  1.69486  1.68971  1.68967  1.68212  1.67143
   766.02     13.0545  1.69299  1.68795  1.68797  1.68030  1.66973
   764.52     13.0801  1.69110  1.68644  1.68645  1.67850  1.66808
   763.02     13.1058  1.68944  1.68494  1.68502  1.67673  1.66646
   761.52     13.1317  1.68794  1.68357  1.68348  1.67499  1.66489
   760.02     13.1576  1.68640  1.68239  1.68184  1.67327  1.66334
   758.52     13.1836  1.68469  1.68100  1.68026  1.67161  1.66184
   757.02     13.2097  1.68296  1.67945  1.67891  1.66997  1.66037
   755.52     13.2359  1.68141  1.67796  1.67770  1.66836  1.65896
   754.02     13.2623  1.67999  1.67656  1.67649  1.66679  1.65758
   752.52     13.2887  1.67850  1.67522  1.67526  1.66525  1.65623
   751.02     13.3153  1.67692  1.67381  1.67397  1.66376  1.65493
   749.52     13.3419  1.67550  1.67249  1.67264  1.66230  1.65366
   748.02     13.3687  1.67427  1.67130  1.67138  1.66088  1.65243
   746.52     13.3955  1.67300  1.67016  1.67021  1.65946  1.65121
   745.02     13.4225  1.67167  1.66904  1.66912  1.65806  1.65000
   743.52     13.4496  1.67044  1.66782  1.66813  1.65667  1.64881
   742.02     13.4768  1.66918  1.66661  1.66717  1.65528  1.64761
   740.52     13.5041  1.66768  1.66541  1.66605  1.65391  1.64641
   739.02     13.5315  1.66614  1.66416  1.66476  1.65252  1.64520
   737.52     13.5590  1.66481  1.66306  1.66348  1.65112  1.64396
   736.02     13.5866  1.66356  1.66215  1.66244  1.64970  1.64271
   734.52     13.6144  1.66214  1.66113  1.66150  1.64827  1.64143
   733.02     13.6423  1.66056  1.65983  1.66036  1.64684  1.64013
   731.52     13.6702  1.65922  1.65844  1.65910  1.64541  1.63882
   730.02     13.6983  1.65810  1.65717  1.65772  1.64397  1.63750
   728.52     13.7265  1.65681  1.65586  1.65622  1.64252  1.63615
   727.02     13.7549  1.65522  1.65431  1.65484  1.64104  1.63478
   725.52     13.7833  1.65359  1.65279  1.65365  1.63954  1.63339
   724.02     13.8119  1.65202  1.65154  1.65258  1.63802  1.63197
   722.52     13.8405  1.65046  1.65033  1.65145  1.63648  1.63053
   721.02     13.8693  1.64881  1.64884  1.64998  1.63490  1.62905
   719.52     13.8982  1.64706  1.64712  1.64825  1.63325  1.62751
   718.02     13.9273  1.64533  1.64551  1.64659  1.63155  1.62590
   716.52     13.9564  1.64366  1.64391  1.64500  1.62979  1.62425
   715.02     13.9857  1.64192  1.64202  1.64335  1.62799  1.62256
   713.52     14.0151  1.64006  1.64020  1.64176  1.62615  1.62082
   712.02     14.0446  1.63822  1.63876  1.64029  1.62428  1.61905
   710.51     14.0743  1.63649  1.63733  1.63869  1.62237  1.61724
   709.01     14.1041  1.63471  1.63576  1.63702  1.62044  1.61539
   707.51     14.1340  1.63271  1.63396  1.63529  1.61849  1.61353
   706.01     14.1640  1.63064  1.63187  1.63337  1.61655  1.61168
   704.51     14.1942  1.62872  1.62991  1.63149  1.61462  1.60982
   703.01     14.2245  1.62682  1.62811  1.62974  1.61270  1.60794
   701.51     14.2549  1.62491  1.62633  1.62787  1.61079  1.60606
   700.01     14.2854  1.62298  1.62458  1.62585  1.60888  1.60418
   698.51     14.3161  1.62088  1.62264  1.62384  1.60697  1.60234
   697.01     14.3469  1.61876  1.62065  1.62191  1.60506  1.60049
   695.51     14.3779  1.61652  1.61857  1.61995  1.60314  1.59867
   694.01     14.4089  1.61417  1.61643  1.61793  1.60120  1.59682
   692.51     14.4402  1.61211  1.61443  1.61581  1.59924  1.59498
   691.01     14.4715  1.61032  1.61240  1.61365  1.59725  1.59315
   689.51     14.5030  1.60830  1.61036  1.61152  1.59522  1.59129
   688.01     14.5346  1.60591  1.60814  1.60934  1.59317  1.58941
   686.51     14.5664  1.60339  1.60563  1.60700  1.59106  1.58749
   685.01     14.5983  1.60086  1.60323  1.60465  1.58891  1.58553
   683.51     14.6303  1.59837  1.60107  1.60253  1.58671  1.58350
   682.01     14.6625  1.59591  1.59916  1.60048  1.58448  1.58144
   680.51     14.6948  1.59346  1.59715  1.59819  1.58224  1.57938
   679.01     14.7273  1.59106  1.59479  1.59575  1.58003  1.57734
   677.51     14.7599  1.58876  1.59245  1.59334  1.57778  1.57527
   676.01     14.7926  1.58662  1.59020  1.59101  1.57547  1.57315
   674.51     14.8255  1.58450  1.58776  1.58879  1.57311  1.57097
   673.01     14.8586  1.58210  1.58505  1.58658  1.57069  1.56873
   671.51     14.8918  1.57951  1.58268  1.58457  1.56825  1.56643
   670.01     14.9251  1.57683  1.58090  1.58280  1.56572  1.56406
   668.51     14.9586  1.57301  1.57779  1.57965  1.56307  1.56154
   667.01     14.9922  1.56921  1.57348  1.57523  1.56023  1.55878
   665.51     15.0260  1.56685  1.57082  1.57217  1.55724  1.55585
   664.01     15.0600  1.56474  1.56884  1.56990  1.55419  1.55285
   662.51     15.0941  1.56218  1.56641  1.56744  1.55109  1.54977
   661.01     15.1283  1.55933  1.56351  1.56467  1.54793  1.54664
   659.51     15.1627  1.55635  1.56047  1.56175  1.54470  1.54344
   658.01     15.1973  1.55326  1.55747  1.55865  1.54141  1.54018
   656.51     15.2320  1.55015  1.55462  1.55548  1.53807  1.53686
   655.01     15.2669  1.54717  1.55142  1.55222  1.53473  1.53354
   653.51     15.3020  1.54421  1.54790  1.54880  1.53136  1.53018
   652.01     15.3372  1.54091  1.54441  1.54519  1.52793  1.52675
   650.51     15.3725  1.53722  1.54077  1.54152  1.52440  1.52322
   649.01     15.4081  1.53350  1.53720  1.53799  1.52078  1.51957
   647.51     15.4438  1.52991  1.53359  1.53425  1.51706  1.51582
   646.01     15.4796  1.52633  1.52956  1.53021  1.51324  1.51196
   644.51     15.5157  1.52271  1.52550  1.52627  1.50936  1.50802
   643.01     15.5519  1.51889  1.52162  1.52243  1.50539  1.50402
   641.51     15.5882  1.51492  1.51789  1.51848  1.50138  1.49996
   640.01     15.6248  1.51105  1.51391  1.51431  1.49733  1.49590
   638.51     15.6615  1.50730  1.50970  1.51005  1.49328  1.49183
   637.01     15.6984  1.50343  1.50580  1.50589  1.48925  1.48779
   635.51     15.7354  1.49939  1.50203  1.50186  1.48527  1.48384
   634.01     15.7726  1.49552  1.49831  1.49795  1.48138  1.47998
   632.51     15.8100  1.49205  1.49468  1.49416  1.47760  1.47627
   631.01     15.8476  1.48875  1.49084  1.49046  1.47397  1.47277
   629.51     15.8854  1.48544  1.48713  1.48704  1.47055  1.46951
   628.01     15.9233  1.48241  1.48398  1.48411  1.46739  1.46659
   626.51     15.9615  1.47994  1.48142  1.48160  1.46454  1.46405
   625.01     15.9998  1.47783  1.47943  1.47949  1.46202  1.46192
   623.51     16.0383  1.47581  1.47797  1.47788  1.45988  1.46025
   622.01     16.0770  1.47408  1.47693  1.47667  1.45816  1.45906
   620.51     16.1158  1.47302  1.47622  1.47601  1.45688  1.45837
   619.01     16.1549  1.47262  1.47599  1.47600  1.45605  1.45820
   617.51     16.1941  1.47242  1.47648  1.47629  1.45569  1.45854
   616.01     16.2336  1.47249  1.47768  1.47704  1.45575  1.45935
   614.51     16.2732  1.47292  1.47911  1.47831  1.45627  1.46062
   613.01     16.3130  1.47371  1.48082  1.48014  1.45722  1.46235
   611.51     16.3530  1.47497  1.48302  1.48262  1.45860  1.46455
   610.01     16.3932  1.47647  1.48530  1.48512  1.46044  1.46721
   608.51     16.4337  1.47827  1.48771  1.48761  1.46271  1.47032
   607.01     16.4743  1.48044  1.49043  1.49055  1.46544  1.47388
   605.51     16.5151  1.48289  1.49346  1.49397  1.46864  1.47789
   604.01     16.5561  1.48561  1.49701  1.49770  1.47233  1.48239
   602.51     16.5973  1.48833  1.50072  1.50143  1.47655  1.48742
   601.01     16.6388  1.49124  1.50468  1.50532  1.48136  1.49302
   599.51     16.6804  1.49470  1.50915  1.50974  1.48679  1.49922
   598.01     16.7222  1.49853  1.51391  1.51468  1.49292  1.50611
   596.51     16.7643  1.50291  1.51928  1.52032  1.49983  1.51376
   595.01     16.8065  1.50806  1.52540  1.52656  1.50763  1.52231
   593.51     16.8490  1.51390  1.53210  1.53333  1.51646  1.53188
   592.01     16.8917  1.52062  1.53975  1.54119  1.52646  1.54261
   590.51     16.9346  1.52851  1.54857  1.55052  1.53775  1.55466
   589.01     16.9778  1.53764  1.55880  1.56124  1.55051  1.56816
   587.51     17.0211  1.54807  1.57045  1.57332  1.56485  1.58325
   586.01     17.0647  1.55990  1.58352  1.58662  1.58094  1.60011
   584.51     17.1085  1.57344  1.59838  1.60146  1.59888  1.61882
   583.01     17.1525  1.58919  1.61533  1.61863  1.61866  1.63940
   581.51     17.1967  1.60707  1.63438  1.63820  1.64025  1.66181
   580.01     17.2412  1.62737  1.65597  1.66032  1.66348  1.68588
   578.51     17.2859  1.65020  1.68016  1.68496  1.68808  1.71135
   577.00     17.3309  1.67510  1.70695  1.71199  1.71367  1.73783
   575.50     17.3760  1.70246  1.73702  1.74228  1.73976  1.76479
   574.00     17.4215  1.73170  1.76925  1.77511  1.76575  1.79158
   572.50     17.4671  1.76150  1.80190  1.80878  1.79100  1.81752
   571.00     17.5130  1.79158  1.83488  1.84296  1.81494  1.84196
   569.50     17.5591  1.82006  1.86672  1.87570  1.83698  1.86425
   568.00     17.6055  1.84641  1.89621  1.90588  1.85663  1.88386
   566.50     17.6521  1.87038  1.92191  1.93250  1.87351  1.90037
   565.00     17.6990  1.89094  1.94284  1.95420  1.88743  1.91355
   563.50     17.7461  1.90871  1.96011  1.97158  1.89833  1.92337
   562.00     17.7935  1.92275  1.97253  1.98361  1.90631  1.92996
   560.50     17.8411  1.93336  1.98070  1.99151  1.91156  1.93359
   559.00     17.8890  1.94130  1.98612  1.99651  1.91435  1.93461
   557.50     17.9371  1.94641  1.98897  1.99827  1.91500  1.93342
   556.00     17.9855  1.95004  1.99003  1.99801  1.91390  1.93045
   554.50     18.0342  1.95190  1.98836  1.99555  1.91137  1.92611
   553.00     18.0831  1.95210  1.98455  1.99160  1.90773  1.92077
   551.50     18.1323  1.95092  1.97976  1.98675  1.90324  1.91472
   550.00     18.1817  1.94751  1.97360  1.98012  1.89811  1.90821
   548.50     18.2314  1.94294  1.96736  1.97304  1.89254  1.90143
   547.00     18.2814  1.93804  1.96111  1.96624  1.88671  1.89452
   545.50     18.3317  1.93254  1.95432  1.95921  1.88071  1.88755
   544.00     18.3823  1.92670  1.94755  1.95209  1.87464  1.88062
   542.50     18.4331  1.92066  1.94019  1.94450  1.86857  1.87379
   541.00     18.4842  1.91465  1.93273  1.93688  1.86256  1.86713
   539.50     18.5356  1.90897  1.92578  1.92955  1.85666  1.86069
   538.00     18.5873  1.90316  1.91892  1.92208  1.85096  1.85448
   536.50     18.6393  1.89692  1.91223  1.91471  1.84544  1.84852
   535.00     18.6915  1.89078  1.90539  1.90774  1.84011  1.84280
   533.50     18.7441  1.88506  1.89861  1.90097  1.83493  1.83733
   532.00     18.7969  1.87952  1.89211  1.89453  1.82993  1.83211
   530.50     18.8501  1.87361  1.88571  1.88846  1.82515  1.82715
   529.00     18.9035  1.86778  1.87974  1.88252  1.82061  1.82246
   527.50     18.9573  1.86274  1.87419  1.87676  1.81625  1.81802
   526.00     19.0114  1.85761  1.86850  1.87085  1.81202  1.81376
   524.50     19.0657  1.85210  1.86280  1.86518  1.80786  1.80961
   523.00     19.1204  1.84697  1.85750  1.86022  1.80379  1.80557
   521.50     19.1754  1.84192  1.85239  1.85503  1.79983  1.80165
   520.00     19.2307  1.83701  1.84718  1.84925  1.79597  1.79785
   518.50     19.2864  1.83221  1.84155  1.84322  1.79214  1.79412
   517.00     19.3423  1.82748  1.83574  1.83741  1.78833  1.79040
   515.50     19.3986  1.82348  1.83065  1.83259  1.78452  1.78664
   514.00     19.4552  1.81928  1.82614  1.82781  1.78074  1.78292
   512.50     19.5122  1.81437  1.82191  1.82281  1.77706  1.77932
   511.00     19.5695  1.80956  1.81745  1.81814  1.77349  1.77584
   509.50     19.6271  1.80503  1.81237  1.81353  1.77000  1.77245
   508.00     19.6850  1.80091  1.80757  1.80906  1.76660  1.76909
   506.50     19.7433  1.79662  1.80305  1.80406  1.76325  1.76576
   505.00     19.8020  1.79229  1.79864  1.79899  1.75996  1.76247
   503.50     19.8610  1.78844  1.79403  1.79422  1.75671  1.75921
   502.00     19.9203  1.78436  1.78882  1.78893  1.75349  1.75594
   500.50     19.9801  1.77959  1.78380  1.78420  1.75028  1.75259
   499.00     20.0401  1.77390  1.77895  1.78042  1.74711  1.74913
   497.50     20.1005  1.76846  1.77425  1.77652  1.74397  1.74560
   496.00     20.1613  1.76515  1.77031  1.77176  1.74087  1.74205
   494.50     20.2225  1.76265  1.76581  1.76629  1.73782  1.73853
   493.00     20.2840  1.75912  1.76096  1.76150  1.73488  1.73501
   491.50     20.3459  1.75497  1.75682  1.75771  1.73205  1.73151
   490.00     20.4082  1.75100  1.75292  1.75346  1.72933  1.72803
   488.50     20.4709  1.74747  1.74931  1.74864  1.72671  1.72463
   487.00     20.5340  1.74397  1.74514  1.74381  1.72420  1.72136
   485.50     20.5974  1.74019  1.74079  1.73941  1.72179  1.71821
   484.00     20.6612  1.73620  1.73692  1.73546  1.71949  1.71522
   482.50     20.7255  1.73254  1.73246  1.73132  1.71731  1.71239
   481.00     20.7901  1.72929  1.72829  1.72726  1.71527  1.70975
   479.50     20.8552  1.72581  1.72438  1.72356  1.71339  1.70732
   478.00     20.9206  1.72192  1.72073  1.71958  1.71171  1.70512
   476.50     20.9865  1.71862  1.71760  1.71529  1.71024  1.70315
   475.00     21.0527  1.71602  1.71411  1.71164  1.70896  1.70139
   473.50     21.1194  1.71358  1.71108  1.70843  1.70787  1.69984
   472.00     21.1866  1.71199  1.70921  1.70566  1.70697  1.69844
   470.50     21.2541  1.71103  1.70729  1.70328  1.70623  1.69721
   469.00     21.3221  1.70940  1.70487  1.70115  1.70567  1.69624
   467.50     21.3905  1.70771  1.70291  1.69988  1.70531  1.69563
   466.00     21.4594  1.70606  1.70173  1.69975  1.70519  1.69538
   464.50     21.5287  1.70473  1.70152  1.70005  1.70535  1.69554
   463.00     21.5984  1.70430  1.70207  1.70053  1.70587  1.69616
   461.50     21.6686  1.70462  1.70325  1.70122  1.70677  1.69730
   460.00     21.7393  1.70567  1.70483  1.70229  1.70816  1.69902
   458.50     21.8104  1.70742  1.70636  1.70338  1.71005  1.70133
   457.00     21.8820  1.70993  1.70829  1.70543  1.71250  1.70411
   455.50     21.9541  1.71312  1.71147  1.70947  1.71546  1.70722
   454.00     22.0266  1.71585  1.71545  1.71333  1.71888  1.71070
   452.50     22.0997  1.71891  1.72028  1.71718  1.72276  1.71461
   451.00     22.1732  1.72284  1.72489  1.72173  1.72708  1.71894
   449.50     22.2472  1.72689  1.72880  1.72706  1.73180  1.72361
   448.00     22.3217  1.73166  1.73372  1.73368  1.73683  1.72859
   446.50     22.3967  1.73686  1.73940  1.74004  1.74212  1.73379
   445.00     22.4722  1.74182  1.74516  1.74513  1.74756  1.73917
   443.49     22.5482  1.74661  1.75126  1.74932  1.75313  1.74472
   441.99     22.6247  1.75142  1.75748  1.75272  1.75874  1.75036
   440.49     22.7017  1.75655  1.76392  1.75737  1.76428  1.75589
   438.99     22.7793  1.76139  1.76926  1.76346  1.76958  1.76114
   437.49     22.8574  1.76570  1.77333  1.76934  1.77453  1.76601
   435.99     22.9361  1.77021  1.77695  1.77476  1.77908  1.77044
   434.49     23.0153  1.77434  1.77956  1.77891  1.78319  1.77439
   432.99     23.0950  1.77780  1.78264  1.78229  1.78684  1.77789
   431.49     23.1753  1.78074  1.78593  1.78566  1.78998  1.78087
   429.99     23.2561  1.78326  1.78815  1.78834  1.79258  1.78333
   428.49     23.3376  1.78581  1.79075  1.79048  1.79470  1.78530
   426.99     23.4195  1.78766  1.79296  1.79163  1.79647  1.78695
   425.49     23.5021  1.78826  1.79442  1.79258  1.79799  1.78834
   423.99     23.5853  1.78953  1.79581  1.79555  1.79932  1.78955
   422.49     23.6690  1.79255  1.79700  1.79937  1.80052  1.79064
   420.99     23.7533  1.79592  1.79844  1.80071  1.80161  1.79162
   419.49     23.8383  1.79875  1.79996  1.79888  1.80267  1.79258
   417.99     23.9238  1.79969  1.80182  1.80004  1.80381  1.79362
   416.49     24.0100  1.80034  1.80435  1.80712  1.80504  1.79474
   414.99     24.0968  1.80299  1.80670  1.81160  1.80631  1.79590
   413.49     24.1842  1.80646  1.80845  1.81231  1.80755  1.79703
   411.99     24.2723  1.81002  1.80939  1.81379  1.80865  1.79802
   410.49     24.3610  1.81337  1.81028  1.81540  1.80959  1.79884
   408.99     24.4503  1.81510  1.81159  1.81672  1.81025  1.79941
   407.49     24.5403  1.81606  1.81239  1.81721  1.81062  1.79967
   405.99     24.6310  1.81570  1.81230  1.81743  1.81061  1.79957
   404.49     24.7224  1.81504  1.81150  1.81720  1.81019  1.79907
   402.99     24.8144  1.81488  1.81001  1.81613  1.80937  1.79817
   401.49     24.9071  1.81376  1.80834  1.81476  1.80818  1.79693
   399.99     25.0005  1.81270  1.80620  1.81274  1.80670  1.79538
  
  cm-1         microns  riw81t298, riw81t273, riw81t267, riw76t298, riw76t273 
  7498.52      1.3336  1.3370e-02  1.3910e-02  1.3670e-02  1.4450e-02  1.4240e-02
  7497.02      1.3339  1.3490e-02  1.4030e-02  1.3790e-02  1.4430e-02  1.4230e-02
  7495.52      1.3341  1.3390e-02  1.3920e-02  1.3690e-02  1.4410e-02  1.4200e-02
  7494.02      1.3344  1.3200e-02  1.3740e-02  1.3500e-02  1.4390e-02  1.4190e-02
  7492.52      1.3347  1.3030e-02  1.3560e-02  1.3320e-02  1.4370e-02  1.4170e-02
  7491.02      1.3349  1.2930e-02  1.3470e-02  1.3220e-02  1.4370e-02  1.4170e-02
  7489.52      1.3352  1.3010e-02  1.3540e-02  1.3300e-02  1.4380e-02  1.4170e-02
  7488.02      1.3355  1.3180e-02  1.3710e-02  1.3470e-02  1.4380e-02  1.4180e-02
  7486.52      1.3357  1.3280e-02  1.3810e-02  1.3570e-02  1.4390e-02  1.4190e-02
  7485.02      1.3360  1.3220e-02  1.3750e-02  1.3520e-02  1.4400e-02  1.4190e-02
  7483.52      1.3363  1.3180e-02  1.3720e-02  1.3480e-02  1.4400e-02  1.4200e-02
  7482.02      1.3365  1.3280e-02  1.3820e-02  1.3580e-02  1.4410e-02  1.4200e-02
  7480.52      1.3368  1.3440e-02  1.3980e-02  1.3740e-02  1.4410e-02  1.4210e-02
  7479.02      1.3371  1.3500e-02  1.4040e-02  1.3800e-02  1.4410e-02  1.4210e-02
  7477.52      1.3373  1.3420e-02  1.3950e-02  1.3710e-02  1.4410e-02  1.4210e-02
  7476.02      1.3376  1.3230e-02  1.3770e-02  1.3530e-02  1.4400e-02  1.4200e-02
  7474.52      1.3379  1.3080e-02  1.3610e-02  1.3370e-02  1.4400e-02  1.4190e-02
  7473.02      1.3381  1.3030e-02  1.3570e-02  1.3320e-02  1.4390e-02  1.4190e-02
  7471.52      1.3384  1.3080e-02  1.3610e-02  1.3370e-02  1.4400e-02  1.4190e-02
  7470.02      1.3387  1.3140e-02  1.3670e-02  1.3430e-02  1.4400e-02  1.4200e-02
  7468.52      1.3390  1.3140e-02  1.3680e-02  1.3430e-02  1.4410e-02  1.4210e-02
  7467.02      1.3392  1.3120e-02  1.3660e-02  1.3410e-02  1.4420e-02  1.4210e-02
  7465.52      1.3395  1.3240e-02  1.3770e-02  1.3530e-02  1.4430e-02  1.4230e-02
  7464.02      1.3398  1.3360e-02  1.3900e-02  1.3660e-02  1.4440e-02  1.4240e-02
  7462.52      1.3400  1.3450e-02  1.3980e-02  1.3740e-02  1.4460e-02  1.4250e-02
  7461.02      1.3403  1.3510e-02  1.4040e-02  1.3800e-02  1.4470e-02  1.4260e-02
  7459.52      1.3406  1.3540e-02  1.4080e-02  1.3840e-02  1.4470e-02  1.4260e-02
  7458.02      1.3408  1.3400e-02  1.3940e-02  1.3700e-02  1.4450e-02  1.4260e-02
  7456.52      1.3411  1.3170e-02  1.3700e-02  1.3460e-02  1.4440e-02  1.4230e-02
  7455.02      1.3414  1.3040e-02  1.3580e-02  1.3330e-02  1.4410e-02  1.4210e-02
  7453.52      1.3416  1.3180e-02  1.3720e-02  1.3470e-02  1.4390e-02  1.4190e-02
  7452.02      1.3419  1.3340e-02  1.3880e-02  1.3640e-02  1.4350e-02  1.4150e-02
  7450.52      1.3422  1.3320e-02  1.3850e-02  1.3610e-02  1.4320e-02  1.4120e-02
  7449.02      1.3425  1.3110e-02  1.3650e-02  1.3400e-02  1.4290e-02  1.4080e-02
  7447.52      1.3427  1.2980e-02  1.3510e-02  1.3270e-02  1.4260e-02  1.4050e-02
  7446.02      1.3430  1.2970e-02  1.3500e-02  1.3250e-02  1.4230e-02  1.4030e-02
  7444.52      1.3433  1.3000e-02  1.3530e-02  1.3290e-02  1.4220e-02  1.4010e-02
  7443.02      1.3435  1.2960e-02  1.3500e-02  1.3250e-02  1.4210e-02  1.4010e-02
  7441.52      1.3438  1.2830e-02  1.3370e-02  1.3120e-02  1.4220e-02  1.4010e-02
  7440.02      1.3441  1.2770e-02  1.3300e-02  1.3050e-02  1.4220e-02  1.4020e-02
  7438.52      1.3444  1.2880e-02  1.3420e-02  1.3170e-02  1.4250e-02  1.4040e-02
  7437.02      1.3446  1.3130e-02  1.3660e-02  1.3420e-02  1.4270e-02  1.4060e-02
  7435.52      1.3449  1.3260e-02  1.3800e-02  1.3560e-02  1.4290e-02  1.4080e-02
  7434.02      1.3452  1.3270e-02  1.3800e-02  1.3560e-02  1.4300e-02  1.4100e-02
  7432.52      1.3454  1.3230e-02  1.3760e-02  1.3520e-02  1.4310e-02  1.4110e-02
  7431.02      1.3457  1.3240e-02  1.3780e-02  1.3530e-02  1.4310e-02  1.4110e-02
  7429.52      1.3460  1.3300e-02  1.3830e-02  1.3590e-02  1.4310e-02  1.4110e-02
  7428.02      1.3463  1.3350e-02  1.3890e-02  1.3640e-02  1.4300e-02  1.4090e-02
  7426.52      1.3465  1.3310e-02  1.3840e-02  1.3600e-02  1.4290e-02  1.4080e-02
  7425.02      1.3468  1.3130e-02  1.3660e-02  1.3420e-02  1.4260e-02  1.4050e-02
  7423.52      1.3471  1.2940e-02  1.3470e-02  1.3220e-02  1.4240e-02  1.4030e-02
  7422.02      1.3473  1.2800e-02  1.3340e-02  1.3090e-02  1.4220e-02  1.4010e-02
  7420.52      1.3476  1.2730e-02  1.3270e-02  1.3020e-02  1.4210e-02  1.4010e-02
  7419.02      1.3479  1.2730e-02  1.3270e-02  1.3020e-02  1.4210e-02  1.4010e-02
  7417.51      1.3482  1.2800e-02  1.3340e-02  1.3090e-02  1.4230e-02  1.4020e-02
  7416.01      1.3484  1.2970e-02  1.3510e-02  1.3260e-02  1.4250e-02  1.4050e-02
  7414.51      1.3487  1.3160e-02  1.3690e-02  1.3450e-02  1.4280e-02  1.4070e-02
  7413.01      1.3490  1.3270e-02  1.3810e-02  1.3560e-02  1.4310e-02  1.4100e-02
  7411.51      1.3493  1.3340e-02  1.3880e-02  1.3630e-02  1.4340e-02  1.4140e-02
  7410.01      1.3495  1.3370e-02  1.3900e-02  1.3660e-02  1.4360e-02  1.4150e-02
  7408.51      1.3498  1.3340e-02  1.3880e-02  1.3630e-02  1.4370e-02  1.4160e-02
  7407.01      1.3501  1.3300e-02  1.3840e-02  1.3590e-02  1.4370e-02  1.4170e-02
  7405.51      1.3503  1.3300e-02  1.3840e-02  1.3600e-02  1.4370e-02  1.4160e-02
  7404.01      1.3506  1.3310e-02  1.3850e-02  1.3610e-02  1.4350e-02  1.4140e-02
  7402.51      1.3509  1.3240e-02  1.3780e-02  1.3530e-02  1.4340e-02  1.4130e-02
  7401.01      1.3512  1.3080e-02  1.3620e-02  1.3370e-02  1.4310e-02  1.4100e-02
  7399.51      1.3514  1.2970e-02  1.3500e-02  1.3250e-02  1.4290e-02  1.4080e-02
  7398.01      1.3517  1.2880e-02  1.3420e-02  1.3160e-02  1.4250e-02  1.4050e-02
  7396.51      1.3520  1.2810e-02  1.3350e-02  1.3100e-02  1.4240e-02  1.4030e-02
  7395.01      1.3523  1.2830e-02  1.3360e-02  1.3110e-02  1.4220e-02  1.4010e-02
  7393.51      1.3525  1.2990e-02  1.3530e-02  1.3280e-02  1.4200e-02  1.4000e-02
  7392.01      1.3528  1.3170e-02  1.3710e-02  1.3460e-02  1.4200e-02  1.4000e-02
  7390.51      1.3531  1.3250e-02  1.3790e-02  1.3540e-02  1.4200e-02  1.3990e-02
  7389.01      1.3534  1.3200e-02  1.3740e-02  1.3490e-02  1.4190e-02  1.3990e-02
  7387.51      1.3536  1.3060e-02  1.3600e-02  1.3350e-02  1.4190e-02  1.3980e-02
  7386.01      1.3539  1.2900e-02  1.3440e-02  1.3190e-02  1.4190e-02  1.3980e-02
  7384.51      1.3542  1.2790e-02  1.3330e-02  1.3080e-02  1.4190e-02  1.3990e-02
  7383.01      1.3545  1.2770e-02  1.3310e-02  1.3060e-02  1.4200e-02  1.3990e-02
  7381.51      1.3547  1.2860e-02  1.3400e-02  1.3150e-02  1.4210e-02  1.4000e-02
  7380.01      1.3550  1.3000e-02  1.3540e-02  1.3290e-02  1.4220e-02  1.4020e-02
  7378.51      1.3553  1.3090e-02  1.3630e-02  1.3380e-02  1.4230e-02  1.4020e-02
  7377.01      1.3556  1.3140e-02  1.3680e-02  1.3430e-02  1.4230e-02  1.4030e-02
  7375.51      1.3558  1.3230e-02  1.3770e-02  1.3520e-02  1.4240e-02  1.4030e-02
  7374.01      1.3561  1.3250e-02  1.3790e-02  1.3540e-02  1.4240e-02  1.4030e-02
  7372.51      1.3564  1.3190e-02  1.3730e-02  1.3480e-02  1.4240e-02  1.4030e-02
  7371.01      1.3567  1.3120e-02  1.3660e-02  1.3410e-02  1.4230e-02  1.4020e-02
  7369.51      1.3569  1.2970e-02  1.3510e-02  1.3260e-02  1.4220e-02  1.4010e-02
  7368.01      1.3572  1.2830e-02  1.3370e-02  1.3120e-02  1.4200e-02  1.3990e-02
  7366.51      1.3575  1.2810e-02  1.3350e-02  1.3100e-02  1.4180e-02  1.3980e-02
  7365.01      1.3578  1.2930e-02  1.3470e-02  1.3220e-02  1.4160e-02  1.3960e-02
  7363.51      1.3580  1.3050e-02  1.3590e-02  1.3340e-02  1.4150e-02  1.3930e-02
  7362.01      1.3583  1.3070e-02  1.3620e-02  1.3360e-02  1.4120e-02  1.3910e-02
  7360.51      1.3586  1.3000e-02  1.3540e-02  1.3290e-02  1.4090e-02  1.3880e-02
  7359.01      1.3589  1.2880e-02  1.3420e-02  1.3170e-02  1.4060e-02  1.3850e-02
  7357.51      1.3592  1.2760e-02  1.3300e-02  1.3050e-02  1.4020e-02  1.3810e-02
  7356.01      1.3594  1.2740e-02  1.3280e-02  1.3030e-02  1.3990e-02  1.3780e-02
  7354.51      1.3597  1.2790e-02  1.3330e-02  1.3070e-02  1.3960e-02  1.3750e-02
  7353.01      1.3600  1.2810e-02  1.3350e-02  1.3090e-02  1.3920e-02  1.3720e-02
  7351.51      1.3603  1.2760e-02  1.3310e-02  1.3050e-02  1.3880e-02  1.3670e-02
  7350.01      1.3605  1.2590e-02  1.3130e-02  1.2880e-02  1.3830e-02  1.3630e-02
  7348.51      1.3608  1.2460e-02  1.3000e-02  1.2740e-02  1.3800e-02  1.3600e-02
  7347.01      1.3611  1.2530e-02  1.3070e-02  1.2820e-02  1.3770e-02  1.3570e-02
  7345.51      1.3614  1.2630e-02  1.3170e-02  1.2920e-02  1.3760e-02  1.3560e-02
  7344.01      1.3617  1.2550e-02  1.3090e-02  1.2830e-02  1.3750e-02  1.3550e-02
  7342.51      1.3619  1.2300e-02  1.2850e-02  1.2590e-02  1.3740e-02  1.3540e-02
  7341.01      1.3622  1.2130e-02  1.2670e-02  1.2410e-02  1.3730e-02  1.3530e-02
  7339.51      1.3625  1.2250e-02  1.2790e-02  1.2530e-02  1.3730e-02  1.3530e-02
  7338.01      1.3628  1.2510e-02  1.3050e-02  1.2790e-02  1.3740e-02  1.3540e-02
  7336.51      1.3630  1.2770e-02  1.3310e-02  1.3050e-02  1.3760e-02  1.3560e-02
  7335.01      1.3633  1.2950e-02  1.3500e-02  1.3240e-02  1.3780e-02  1.3580e-02
  7333.51      1.3636  1.3050e-02  1.3590e-02  1.3340e-02  1.3800e-02  1.3600e-02
  7332.01      1.3639  1.2820e-02  1.3360e-02  1.3100e-02  1.3820e-02  1.3620e-02
  7330.51      1.3642  1.2360e-02  1.2900e-02  1.2640e-02  1.3840e-02  1.3640e-02
  7329.01      1.3644  1.2050e-02  1.2590e-02  1.2330e-02  1.3870e-02  1.3670e-02
  7327.51      1.3647  1.2200e-02  1.2740e-02  1.2480e-02  1.3910e-02  1.3710e-02
  7326.01      1.3650  1.2520e-02  1.3060e-02  1.2800e-02  1.3950e-02  1.3740e-02
  7324.51      1.3653  1.2800e-02  1.3340e-02  1.3090e-02  1.4000e-02  1.3790e-02
  7323.01      1.3656  1.3030e-02  1.3570e-02  1.3310e-02  1.4040e-02  1.3830e-02
  7321.51      1.3658  1.3320e-02  1.3870e-02  1.3610e-02  1.4060e-02  1.3860e-02
  7320.01      1.3661  1.3400e-02  1.3950e-02  1.3690e-02  1.4090e-02  1.3880e-02
  7318.51      1.3664  1.3190e-02  1.3740e-02  1.3480e-02  1.4090e-02  1.3880e-02
  7317.01      1.3667  1.2900e-02  1.3440e-02  1.3180e-02  1.4100e-02  1.3900e-02
  7315.51      1.3670  1.2860e-02  1.3400e-02  1.3150e-02  1.4110e-02  1.3900e-02
  7314.01      1.3672  1.2870e-02  1.3420e-02  1.3160e-02  1.4120e-02  1.3910e-02
  7312.51      1.3675  1.2790e-02  1.3330e-02  1.3070e-02  1.4120e-02  1.3910e-02
  7311.01      1.3678  1.2650e-02  1.3190e-02  1.2930e-02  1.4110e-02  1.3900e-02
  7309.51      1.3681  1.2540e-02  1.3090e-02  1.2830e-02  1.4100e-02  1.3900e-02
  7308.01      1.3684  1.2620e-02  1.3160e-02  1.2900e-02  1.4100e-02  1.3890e-02
  7306.51      1.3686  1.2890e-02  1.3440e-02  1.3180e-02  1.4090e-02  1.3880e-02
  7305.01      1.3689  1.3210e-02  1.3750e-02  1.3500e-02  1.4090e-02  1.3880e-02
  7303.51      1.3692  1.3270e-02  1.3810e-02  1.3560e-02  1.4060e-02  1.3850e-02
  7302.01      1.3695  1.3180e-02  1.3730e-02  1.3470e-02  1.4030e-02  1.3820e-02
  7300.51      1.3698  1.3120e-02  1.3660e-02  1.3400e-02  1.3990e-02  1.3780e-02
  7299.01      1.3700  1.3080e-02  1.3620e-02  1.3360e-02  1.3940e-02  1.3730e-02
  7297.51      1.3703  1.2820e-02  1.3360e-02  1.3100e-02  1.3880e-02  1.3670e-02
  7296.01      1.3706  1.2400e-02  1.2950e-02  1.2690e-02  1.3810e-02  1.3610e-02
  7294.51      1.3709  1.2090e-02  1.2630e-02  1.2370e-02  1.3760e-02  1.3550e-02
  7293.01      1.3712  1.2010e-02  1.2560e-02  1.2290e-02  1.3710e-02  1.3510e-02
  7291.51      1.3715  1.2040e-02  1.2580e-02  1.2310e-02  1.3680e-02  1.3480e-02
  7290.01      1.3717  1.2190e-02  1.2740e-02  1.2470e-02  1.3670e-02  1.3460e-02
  7288.51      1.3720  1.2400e-02  1.2950e-02  1.2680e-02  1.3670e-02  1.3460e-02
  7287.00      1.3723  1.2520e-02  1.3060e-02  1.2800e-02  1.3680e-02  1.3480e-02
  7285.50      1.3726  1.2470e-02  1.3010e-02  1.2750e-02  1.3700e-02  1.3490e-02
  7284.00      1.3729  1.2520e-02  1.3070e-02  1.2800e-02  1.3730e-02  1.3520e-02
  7282.50      1.3732  1.2730e-02  1.3270e-02  1.3010e-02  1.3760e-02  1.3550e-02
  7281.00      1.3734  1.2900e-02  1.3450e-02  1.3190e-02  1.3790e-02  1.3580e-02
  7279.50      1.3737  1.2840e-02  1.3390e-02  1.3130e-02  1.3810e-02  1.3600e-02
  7278.00      1.3740  1.2680e-02  1.3230e-02  1.2960e-02  1.3810e-02  1.3600e-02
  7276.50      1.3743  1.2510e-02  1.3060e-02  1.2790e-02  1.3810e-02  1.3600e-02
  7275.00      1.3746  1.2410e-02  1.2960e-02  1.2690e-02  1.3810e-02  1.3600e-02
  7273.50      1.3749  1.2480e-02  1.3020e-02  1.2750e-02  1.3810e-02  1.3600e-02
  7272.00      1.3751  1.2600e-02  1.3140e-02  1.2880e-02  1.3810e-02  1.3610e-02
  7270.50      1.3754  1.2640e-02  1.3180e-02  1.2920e-02  1.3820e-02  1.3610e-02
  7269.00      1.3757  1.2550e-02  1.3100e-02  1.2830e-02  1.3820e-02  1.3610e-02
  7267.50      1.3760  1.2460e-02  1.3010e-02  1.2740e-02  1.3830e-02  1.3620e-02
  7266.00      1.3763  1.2500e-02  1.3050e-02  1.2780e-02  1.3840e-02  1.3630e-02
  7264.50      1.3766  1.2650e-02  1.3190e-02  1.2930e-02  1.3850e-02  1.3640e-02
  7263.00      1.3768  1.2780e-02  1.3330e-02  1.3060e-02  1.3860e-02  1.3650e-02
  7261.50      1.3771  1.2790e-02  1.3340e-02  1.3070e-02  1.3870e-02  1.3660e-02
  7260.00      1.3774  1.2740e-02  1.3290e-02  1.3030e-02  1.3880e-02  1.3670e-02
  7258.50      1.3777  1.2740e-02  1.3280e-02  1.3020e-02  1.3880e-02  1.3670e-02
  7257.00      1.3780  1.2770e-02  1.3310e-02  1.3050e-02  1.3870e-02  1.3660e-02
  7255.50      1.3783  1.2680e-02  1.3230e-02  1.2960e-02  1.3840e-02  1.3630e-02
  7254.00      1.3785  1.2550e-02  1.3100e-02  1.2830e-02  1.3810e-02  1.3600e-02
  7252.50      1.3788  1.2460e-02  1.3010e-02  1.2740e-02  1.3780e-02  1.3570e-02
  7251.00      1.3791  1.2510e-02  1.3050e-02  1.2790e-02  1.3740e-02  1.3530e-02
  7249.50      1.3794  1.2720e-02  1.3270e-02  1.3000e-02  1.3710e-02  1.3500e-02
  7248.00      1.3797  1.2810e-02  1.3360e-02  1.3090e-02  1.3680e-02  1.3480e-02
  7246.50      1.3800  1.2560e-02  1.3110e-02  1.2840e-02  1.3640e-02  1.3440e-02
  7245.00      1.3803  1.2050e-02  1.2600e-02  1.2330e-02  1.3600e-02  1.3380e-02
  7243.50      1.3805  1.1740e-02  1.2290e-02  1.2010e-02  1.3550e-02  1.3340e-02
  7242.00      1.3808  1.1770e-02  1.2320e-02  1.2040e-02  1.3520e-02  1.3310e-02
  7240.50      1.3811  1.2130e-02  1.2670e-02  1.2400e-02  1.3500e-02  1.3300e-02
  7239.00      1.3814  1.2650e-02  1.3200e-02  1.2930e-02  1.3500e-02  1.3300e-02
  7237.50      1.3817  1.3010e-02  1.3550e-02  1.3290e-02  1.3500e-02  1.3300e-02
  7236.00      1.3820  1.2830e-02  1.3380e-02  1.3110e-02  1.3500e-02  1.3290e-02
  7234.50      1.3823  1.2170e-02  1.2710e-02  1.2440e-02  1.3490e-02  1.3280e-02
  7233.00      1.3826  1.1480e-02  1.2030e-02  1.1750e-02  1.3480e-02  1.3270e-02
  7231.50      1.3828  1.1440e-02  1.1980e-02  1.1710e-02  1.3490e-02  1.3290e-02
  7230.00      1.3831  1.1830e-02  1.2370e-02  1.2100e-02  1.3520e-02  1.3320e-02
  7228.50      1.3834  1.2380e-02  1.2920e-02  1.2650e-02  1.3560e-02  1.3350e-02
  7227.00      1.3837  1.2830e-02  1.3370e-02  1.3110e-02  1.3590e-02  1.3380e-02
  7225.50      1.3840  1.2970e-02  1.3520e-02  1.3250e-02  1.3610e-02  1.3400e-02
  7224.00      1.3843  1.2820e-02  1.3370e-02  1.3100e-02  1.3610e-02  1.3400e-02
  7222.50      1.3846  1.2530e-02  1.3080e-02  1.2810e-02  1.3600e-02  1.3390e-02
  7221.00      1.3848  1.2300e-02  1.2850e-02  1.2570e-02  1.3590e-02  1.3390e-02
  7219.50      1.3851  1.2200e-02  1.2740e-02  1.2470e-02  1.3590e-02  1.3380e-02
  7218.00      1.3854  1.2230e-02  1.2780e-02  1.2510e-02  1.3580e-02  1.3370e-02
  7216.50      1.3857  1.2290e-02  1.2840e-02  1.2560e-02  1.3550e-02  1.3340e-02
  7215.00      1.3860  1.2260e-02  1.2810e-02  1.2530e-02  1.3510e-02  1.3300e-02
  7213.50      1.3863  1.2210e-02  1.2760e-02  1.2480e-02  1.3470e-02  1.3270e-02
  7212.00      1.3866  1.2240e-02  1.2790e-02  1.2510e-02  1.3430e-02  1.3230e-02
  7210.50      1.3869  1.2310e-02  1.2860e-02  1.2580e-02  1.3410e-02  1.3210e-02
  7209.00      1.3872  1.2290e-02  1.2830e-02  1.2560e-02  1.3400e-02  1.3190e-02
  7207.50      1.3874  1.2080e-02  1.2630e-02  1.2360e-02  1.3390e-02  1.3180e-02
  7206.00      1.3877  1.1820e-02  1.2370e-02  1.2090e-02  1.3380e-02  1.3170e-02
  7204.50      1.3880  1.1720e-02  1.2270e-02  1.1990e-02  1.3380e-02  1.3170e-02
  7203.00      1.3883  1.1910e-02  1.2450e-02  1.2180e-02  1.3390e-02  1.3180e-02
  7201.50      1.3886  1.2220e-02  1.2770e-02  1.2490e-02  1.3410e-02  1.3210e-02
  7200.00      1.3889  1.2450e-02  1.3000e-02  1.2730e-02  1.3420e-02  1.3220e-02
  7198.50      1.3892  1.2480e-02  1.3030e-02  1.2760e-02  1.3440e-02  1.3230e-02
  7197.00      1.3895  1.2360e-02  1.2910e-02  1.2630e-02  1.3440e-02  1.3230e-02
  7195.50      1.3898  1.2240e-02  1.2790e-02  1.2520e-02  1.3430e-02  1.3220e-02
  7194.00      1.3900  1.2220e-02  1.2770e-02  1.2490e-02  1.3420e-02  1.3220e-02
  7192.50      1.3903  1.2230e-02  1.2780e-02  1.2500e-02  1.3410e-02  1.3200e-02
  7191.00      1.3906  1.2190e-02  1.2740e-02  1.2460e-02  1.3400e-02  1.3200e-02
  7189.50      1.3909  1.2150e-02  1.2700e-02  1.2420e-02  1.3390e-02  1.3190e-02
  7188.00      1.3912  1.2160e-02  1.2710e-02  1.2430e-02  1.3380e-02  1.3180e-02
  7186.50      1.3915  1.2120e-02  1.2670e-02  1.2390e-02  1.3380e-02  1.3170e-02
  7185.00      1.3918  1.1920e-02  1.2470e-02  1.2190e-02  1.3370e-02  1.3170e-02
  7183.50      1.3921  1.1720e-02  1.2270e-02  1.1990e-02  1.3370e-02  1.3170e-02
  7182.00      1.3924  1.1760e-02  1.2310e-02  1.2030e-02  1.3380e-02  1.3170e-02
  7180.50      1.3927  1.2060e-02  1.2610e-02  1.2330e-02  1.3390e-02  1.3180e-02
  7179.00      1.3930  1.2420e-02  1.2970e-02  1.2700e-02  1.3400e-02  1.3200e-02
  7177.50      1.3932  1.2600e-02  1.3150e-02  1.2880e-02  1.3420e-02  1.3210e-02
  7176.00      1.3935  1.2670e-02  1.3220e-02  1.2940e-02  1.3420e-02  1.3210e-02
  7174.50      1.3938  1.2600e-02  1.3150e-02  1.2880e-02  1.3420e-02  1.3210e-02
  7173.00      1.3941  1.2330e-02  1.2880e-02  1.2600e-02  1.3420e-02  1.3210e-02
  7171.50      1.3944  1.1880e-02  1.2430e-02  1.2150e-02  1.3410e-02  1.3210e-02
  7170.00      1.3947  1.1540e-02  1.2090e-02  1.1800e-02  1.3420e-02  1.3210e-02
  7168.50      1.3950  1.1550e-02  1.2100e-02  1.1810e-02  1.3440e-02  1.3230e-02
  7167.00      1.3953  1.1940e-02  1.2490e-02  1.2210e-02  1.3470e-02  1.3260e-02
  7165.50      1.3956  1.2370e-02  1.2920e-02  1.2640e-02  1.3500e-02  1.3290e-02
  7164.00      1.3959  1.2480e-02  1.3020e-02  1.2750e-02  1.3520e-02  1.3310e-02
  7162.50      1.3962  1.2450e-02  1.3000e-02  1.2730e-02  1.3540e-02  1.3330e-02
  7161.00      1.3965  1.2590e-02  1.3140e-02  1.2860e-02  1.3570e-02  1.3350e-02
  7159.50      1.3967  1.2680e-02  1.3230e-02  1.2960e-02  1.3580e-02  1.3370e-02
  7158.00      1.3970  1.2640e-02  1.3190e-02  1.2910e-02  1.3600e-02  1.3380e-02
  7156.50      1.3973  1.2530e-02  1.3080e-02  1.2800e-02  1.3600e-02  1.3380e-02
  7155.00      1.3976  1.2400e-02  1.2950e-02  1.2670e-02  1.3580e-02  1.3360e-02
  7153.50      1.3979  1.2170e-02  1.2720e-02  1.2440e-02  1.3550e-02  1.3340e-02
  7152.00      1.3982  1.2020e-02  1.2570e-02  1.2290e-02  1.3520e-02  1.3300e-02
  7150.50      1.3985  1.2070e-02  1.2630e-02  1.2350e-02  1.3490e-02  1.3280e-02
  7148.99      1.3988  1.2260e-02  1.2810e-02  1.2530e-02  1.3470e-02  1.3260e-02
  7147.49      1.3991  1.2300e-02  1.2850e-02  1.2570e-02  1.3440e-02  1.3230e-02
  7145.99      1.3994  1.2210e-02  1.2760e-02  1.2480e-02  1.3430e-02  1.3220e-02
  7144.49      1.3997  1.2080e-02  1.2630e-02  1.2350e-02  1.3420e-02  1.3210e-02
  7142.99      1.4000  1.2000e-02  1.2550e-02  1.2270e-02  1.3410e-02  1.3200e-02
  7141.49      1.4003  1.1970e-02  1.2520e-02  1.2240e-02  1.3410e-02  1.3200e-02
  7139.99      1.4006  1.2070e-02  1.2620e-02  1.2340e-02  1.3410e-02  1.3200e-02
  7138.49      1.4009  1.2250e-02  1.2800e-02  1.2520e-02  1.3420e-02  1.3200e-02
  7136.99      1.4012  1.2370e-02  1.2920e-02  1.2640e-02  1.3410e-02  1.3200e-02
  7135.49      1.4014  1.2380e-02  1.2930e-02  1.2650e-02  1.3410e-02  1.3190e-02
  7133.99      1.4017  1.2380e-02  1.2940e-02  1.2650e-02  1.3390e-02  1.3170e-02
  7132.49      1.4020  1.2310e-02  1.2870e-02  1.2580e-02  1.3360e-02  1.3150e-02
  7130.99      1.4023  1.2100e-02  1.2650e-02  1.2370e-02  1.3340e-02  1.3120e-02
  7129.49      1.4026  1.1840e-02  1.2390e-02  1.2110e-02  1.3300e-02  1.3090e-02
  7127.99      1.4029  1.1790e-02  1.2340e-02  1.2050e-02  1.3280e-02  1.3070e-02
  7126.49      1.4032  1.1910e-02  1.2460e-02  1.2180e-02  1.3280e-02  1.3070e-02
  7124.99      1.4035  1.2020e-02  1.2570e-02  1.2290e-02  1.3280e-02  1.3070e-02
  7123.49      1.4038  1.2010e-02  1.2560e-02  1.2280e-02  1.3290e-02  1.3070e-02
  7121.99      1.4041  1.1890e-02  1.2440e-02  1.2160e-02  1.3290e-02  1.3080e-02
  7120.49      1.4044  1.1750e-02  1.2300e-02  1.2020e-02  1.3310e-02  1.3100e-02
  7118.99      1.4047  1.1750e-02  1.2300e-02  1.2020e-02  1.3330e-02  1.3120e-02
  7117.49      1.4050  1.2040e-02  1.2590e-02  1.2310e-02  1.3370e-02  1.3160e-02
  7115.99      1.4053  1.2350e-02  1.2900e-02  1.2620e-02  1.3420e-02  1.3210e-02
  7114.49      1.4056  1.2580e-02  1.3130e-02  1.2850e-02  1.3460e-02  1.3250e-02
  7112.99      1.4059  1.2700e-02  1.3250e-02  1.2970e-02  1.3490e-02  1.3270e-02
  7111.49      1.4062  1.2570e-02  1.3120e-02  1.2840e-02  1.3510e-02  1.3300e-02
  7109.99      1.4065  1.2290e-02  1.2840e-02  1.2560e-02  1.3520e-02  1.3300e-02
  7108.49      1.4068  1.2040e-02  1.2600e-02  1.2310e-02  1.3520e-02  1.3310e-02
  7106.99      1.4071  1.1980e-02  1.2530e-02  1.2250e-02  1.3530e-02  1.3310e-02
  7105.49      1.4074  1.2040e-02  1.2600e-02  1.2310e-02  1.3530e-02  1.3310e-02
  7103.99      1.4077  1.2220e-02  1.2770e-02  1.2490e-02  1.3530e-02  1.3310e-02
  7102.49      1.4080  1.2430e-02  1.2980e-02  1.2700e-02  1.3530e-02  1.3320e-02
  7100.99      1.4083  1.2580e-02  1.3130e-02  1.2850e-02  1.3530e-02  1.3320e-02
  7099.49      1.4086  1.2510e-02  1.3070e-02  1.2780e-02  1.3530e-02  1.3320e-02
  7097.99      1.4088  1.2280e-02  1.2830e-02  1.2550e-02  1.3530e-02  1.3310e-02
  7096.49      1.4091  1.2060e-02  1.2610e-02  1.2330e-02  1.3530e-02  1.3310e-02
  7094.99      1.4094  1.2020e-02  1.2570e-02  1.2280e-02  1.3530e-02  1.3310e-02
  7093.49      1.4097  1.2130e-02  1.2680e-02  1.2390e-02  1.3530e-02  1.3310e-02
  7091.99      1.4100  1.2270e-02  1.2820e-02  1.2540e-02  1.3530e-02  1.3310e-02
  7090.49      1.4103  1.2420e-02  1.2970e-02  1.2680e-02  1.3520e-02  1.3300e-02
  7088.99      1.4106  1.2540e-02  1.3100e-02  1.2810e-02  1.3510e-02  1.3290e-02
  7087.49      1.4109  1.2530e-02  1.3080e-02  1.2800e-02  1.3480e-02  1.3270e-02
  7085.99      1.4112  1.2420e-02  1.2970e-02  1.2680e-02  1.3450e-02  1.3240e-02
  7084.49      1.4115  1.2200e-02  1.2760e-02  1.2470e-02  1.3420e-02  1.3200e-02
  7082.99      1.4118  1.1930e-02  1.2480e-02  1.2190e-02  1.3380e-02  1.3170e-02
  7081.49      1.4121  1.1790e-02  1.2340e-02  1.2050e-02  1.3360e-02  1.3140e-02
  7079.99      1.4124  1.1900e-02  1.2460e-02  1.2170e-02  1.3330e-02  1.3110e-02
  7078.49      1.4127  1.2100e-02  1.2650e-02  1.2360e-02  1.3320e-02  1.3100e-02
  7076.99      1.4130  1.2130e-02  1.2690e-02  1.2400e-02  1.3300e-02  1.3090e-02
  7075.49      1.4133  1.2010e-02  1.2560e-02  1.2270e-02  1.3300e-02  1.3080e-02
  7073.99      1.4136  1.1850e-02  1.2400e-02  1.2110e-02  1.3300e-02  1.3080e-02
  7072.49      1.4139  1.1790e-02  1.2350e-02  1.2050e-02  1.3300e-02  1.3090e-02
  7070.99      1.4142  1.1890e-02  1.2440e-02  1.2150e-02  1.3330e-02  1.3110e-02
  7069.49      1.4145  1.2070e-02  1.2620e-02  1.2330e-02  1.3350e-02  1.3140e-02
  7067.99      1.4148  1.2230e-02  1.2790e-02  1.2500e-02  1.3380e-02  1.3160e-02
  7066.49      1.4151  1.2340e-02  1.2890e-02  1.2600e-02  1.3400e-02  1.3190e-02
  7064.99      1.4154  1.2380e-02  1.2930e-02  1.2650e-02  1.3410e-02  1.3190e-02
  7063.49      1.4157  1.2380e-02  1.2940e-02  1.2650e-02  1.3420e-02  1.3200e-02
  7061.99      1.4160  1.2280e-02  1.2840e-02  1.2550e-02  1.3420e-02  1.3200e-02
  7060.49      1.4163  1.2150e-02  1.2700e-02  1.2410e-02  1.3420e-02  1.3200e-02
  7058.99      1.4166  1.2080e-02  1.2630e-02  1.2340e-02  1.3410e-02  1.3190e-02
  7057.49      1.4169  1.2020e-02  1.2580e-02  1.2280e-02  1.3400e-02  1.3180e-02
  7055.99      1.4172  1.1980e-02  1.2530e-02  1.2240e-02  1.3390e-02  1.3180e-02
  7054.49      1.4175  1.2010e-02  1.2570e-02  1.2280e-02  1.3380e-02  1.3160e-02
  7052.99      1.4178  1.2150e-02  1.2700e-02  1.2410e-02  1.3380e-02  1.3160e-02
  7051.49      1.4181  1.2260e-02  1.2810e-02  1.2520e-02  1.3370e-02  1.3150e-02
  7049.99      1.4184  1.2150e-02  1.2710e-02  1.2420e-02  1.3370e-02  1.3150e-02
  7048.49      1.4187  1.1980e-02  1.2540e-02  1.2240e-02  1.3370e-02  1.3150e-02
  7046.99      1.4190  1.1970e-02  1.2530e-02  1.2230e-02  1.3380e-02  1.3160e-02
  7045.49      1.4193  1.2120e-02  1.2680e-02  1.2380e-02  1.3400e-02  1.3170e-02
  7043.99      1.4197  1.2210e-02  1.2760e-02  1.2470e-02  1.3420e-02  1.3200e-02
  7042.49      1.4200  1.2150e-02  1.2700e-02  1.2410e-02  1.3440e-02  1.3220e-02
  7040.99      1.4203  1.2060e-02  1.2620e-02  1.2320e-02  1.3450e-02  1.3230e-02
  7039.49      1.4206  1.2160e-02  1.2720e-02  1.2420e-02  1.3470e-02  1.3250e-02
  7037.99      1.4209  1.2260e-02  1.2810e-02  1.2520e-02  1.3480e-02  1.3260e-02
  7036.49      1.4212  1.2320e-02  1.2880e-02  1.2580e-02  1.3490e-02  1.3270e-02
  7034.99      1.4215  1.2380e-02  1.2930e-02  1.2640e-02  1.3490e-02  1.3270e-02
  7033.49      1.4218  1.2360e-02  1.2920e-02  1.2630e-02  1.3490e-02  1.3270e-02
  7031.99      1.4221  1.2360e-02  1.2910e-02  1.2620e-02  1.3490e-02  1.3270e-02
  7030.49      1.4224  1.2310e-02  1.2860e-02  1.2570e-02  1.3470e-02  1.3250e-02
  7028.99      1.4227  1.2180e-02  1.2740e-02  1.2440e-02  1.3450e-02  1.3240e-02
  7027.49      1.4230  1.2120e-02  1.2670e-02  1.2380e-02  1.3440e-02  1.3210e-02
  7025.99      1.4233  1.2040e-02  1.2600e-02  1.2300e-02  1.3410e-02  1.3190e-02
  7024.49      1.4236  1.1990e-02  1.2550e-02  1.2250e-02  1.3400e-02  1.3180e-02
  7022.99      1.4239  1.2030e-02  1.2590e-02  1.2290e-02  1.3380e-02  1.3160e-02
  7021.49      1.4242  1.2090e-02  1.2650e-02  1.2350e-02  1.3380e-02  1.3150e-02
  7019.99      1.4245  1.2120e-02  1.2680e-02  1.2380e-02  1.3360e-02  1.3140e-02
  7018.48      1.4248  1.2100e-02  1.2660e-02  1.2360e-02  1.3360e-02  1.3140e-02
  7016.98      1.4251  1.2050e-02  1.2610e-02  1.2310e-02  1.3350e-02  1.3130e-02
  7015.48      1.4254  1.2030e-02  1.2590e-02  1.2290e-02  1.3350e-02  1.3130e-02
  7013.98      1.4257  1.2060e-02  1.2620e-02  1.2320e-02  1.3360e-02  1.3130e-02
  7012.48      1.4260  1.2160e-02  1.2720e-02  1.2420e-02  1.3360e-02  1.3140e-02
  7010.98      1.4263  1.2250e-02  1.2800e-02  1.2510e-02  1.3370e-02  1.3140e-02
  7009.48      1.4266  1.2120e-02  1.2680e-02  1.2380e-02  1.3360e-02  1.3140e-02
  7007.98      1.4269  1.1960e-02  1.2520e-02  1.2220e-02  1.3360e-02  1.3140e-02
  7006.48      1.4272  1.1910e-02  1.2470e-02  1.2170e-02  1.3360e-02  1.3130e-02
  7004.98      1.4276  1.2030e-02  1.2590e-02  1.2290e-02  1.3360e-02  1.3130e-02
  7003.48      1.4279  1.2200e-02  1.2760e-02  1.2470e-02  1.3360e-02  1.3140e-02
  7001.98      1.4282  1.2270e-02  1.2820e-02  1.2530e-02  1.3360e-02  1.3130e-02
  7000.48      1.4285  1.2170e-02  1.2730e-02  1.2430e-02  1.3350e-02  1.3130e-02
  6998.98      1.4288  1.2020e-02  1.2580e-02  1.2280e-02  1.3340e-02  1.3110e-02
  6997.48      1.4291  1.2010e-02  1.2570e-02  1.2270e-02  1.3330e-02  1.3110e-02
  6995.98      1.4294  1.2050e-02  1.2600e-02  1.2310e-02  1.3320e-02  1.3090e-02
  6994.48      1.4297  1.2010e-02  1.2570e-02  1.2270e-02  1.3310e-02  1.3080e-02
  6992.98      1.4300  1.1950e-02  1.2510e-02  1.2210e-02  1.3300e-02  1.3070e-02
  6991.48      1.4303  1.2030e-02  1.2590e-02  1.2290e-02  1.3290e-02  1.3070e-02
  6989.98      1.4306  1.2090e-02  1.2650e-02  1.2350e-02  1.3270e-02  1.3050e-02
  6988.48      1.4309  1.2030e-02  1.2590e-02  1.2290e-02  1.3270e-02  1.3030e-02
  6986.98      1.4312  1.1880e-02  1.2440e-02  1.2140e-02  1.3250e-02  1.3030e-02
  6985.48      1.4315  1.1840e-02  1.2400e-02  1.2090e-02  1.3250e-02  1.3030e-02
  6983.98      1.4318  1.1880e-02  1.2440e-02  1.2130e-02  1.3260e-02  1.3030e-02
  6982.48      1.4322  1.1960e-02  1.2520e-02  1.2220e-02  1.3270e-02  1.3050e-02
  6980.98      1.4325  1.2030e-02  1.2590e-02  1.2290e-02  1.3280e-02  1.3050e-02
  6979.48      1.4328  1.2010e-02  1.2570e-02  1.2270e-02  1.3290e-02  1.3060e-02
  6977.98      1.4331  1.1910e-02  1.2470e-02  1.2170e-02  1.3290e-02  1.3070e-02
  6976.48      1.4334  1.1910e-02  1.2470e-02  1.2170e-02  1.3310e-02  1.3080e-02
  6974.98      1.4337  1.2110e-02  1.2670e-02  1.2370e-02  1.3320e-02  1.3090e-02
  6973.48      1.4340  1.2300e-02  1.2860e-02  1.2560e-02  1.3320e-02  1.3100e-02
  6971.98      1.4343  1.2310e-02  1.2870e-02  1.2570e-02  1.3320e-02  1.3100e-02
  6970.48      1.4346  1.2160e-02  1.2720e-02  1.2420e-02  1.3320e-02  1.3090e-02
  6968.98      1.4349  1.1980e-02  1.2540e-02  1.2240e-02  1.3300e-02  1.3080e-02
  6967.48      1.4352  1.1870e-02  1.2430e-02  1.2120e-02  1.3300e-02  1.3070e-02
  6965.98      1.4355  1.1840e-02  1.2400e-02  1.2100e-02  1.3280e-02  1.3050e-02
  6964.48      1.4359  1.1930e-02  1.2490e-02  1.2190e-02  1.3280e-02  1.3050e-02
  6962.98      1.4362  1.2060e-02  1.2630e-02  1.2320e-02  1.3270e-02  1.3040e-02
  6961.48      1.4365  1.1980e-02  1.2540e-02  1.2240e-02  1.3250e-02  1.3030e-02
  6959.98      1.4368  1.1830e-02  1.2390e-02  1.2080e-02  1.3240e-02  1.3020e-02
  6958.48      1.4371  1.1840e-02  1.2400e-02  1.2100e-02  1.3230e-02  1.3000e-02
  6956.98      1.4374  1.2060e-02  1.2620e-02  1.2310e-02  1.3230e-02  1.3000e-02
  6955.48      1.4377  1.2100e-02  1.2660e-02  1.2360e-02  1.3220e-02  1.2990e-02
  6953.98      1.4380  1.1990e-02  1.2560e-02  1.2250e-02  1.3220e-02  1.2990e-02
  6952.48      1.4383  1.1920e-02  1.2480e-02  1.2170e-02  1.3220e-02  1.2990e-02
  6950.98      1.4386  1.1960e-02  1.2520e-02  1.2210e-02  1.3220e-02  1.2990e-02
  6949.48      1.4390  1.1960e-02  1.2520e-02  1.2210e-02  1.3210e-02  1.2990e-02
  6947.98      1.4393  1.1780e-02  1.2340e-02  1.2030e-02  1.3210e-02  1.2980e-02
  6946.48      1.4396  1.1620e-02  1.2180e-02  1.1880e-02  1.3220e-02  1.2990e-02
  6944.98      1.4399  1.1720e-02  1.2280e-02  1.1970e-02  1.3230e-02  1.3000e-02
  6943.48      1.4402  1.1930e-02  1.2490e-02  1.2190e-02  1.3240e-02  1.3010e-02
  6941.98      1.4405  1.2120e-02  1.2680e-02  1.2380e-02  1.3260e-02  1.3030e-02
  6940.48      1.4408  1.2200e-02  1.2760e-02  1.2460e-02  1.3270e-02  1.3040e-02
  6938.98      1.4411  1.2160e-02  1.2720e-02  1.2420e-02  1.3290e-02  1.3060e-02
  6937.48      1.4414  1.2050e-02  1.2610e-02  1.2310e-02  1.3300e-02  1.3070e-02
  6935.98      1.4418  1.1960e-02  1.2520e-02  1.2220e-02  1.3310e-02  1.3080e-02
  6934.48      1.4421  1.1960e-02  1.2530e-02  1.2220e-02  1.3320e-02  1.3090e-02
  6932.98      1.4424  1.2050e-02  1.2610e-02  1.2300e-02  1.3320e-02  1.3090e-02
  6931.48      1.4427  1.2060e-02  1.2620e-02  1.2310e-02  1.3330e-02  1.3100e-02
  6929.98      1.4430  1.2010e-02  1.2570e-02  1.2270e-02  1.3330e-02  1.3090e-02
  6928.48      1.4433  1.1990e-02  1.2550e-02  1.2250e-02  1.3320e-02  1.3090e-02
  6926.98      1.4436  1.2050e-02  1.2610e-02  1.2300e-02  1.3320e-02  1.3090e-02
  6925.48      1.4439  1.2090e-02  1.2650e-02  1.2340e-02  1.3320e-02  1.3080e-02
  6923.98      1.4443  1.2070e-02  1.2630e-02  1.2330e-02  1.3320e-02  1.3080e-02
  6922.48      1.4446  1.2040e-02  1.2600e-02  1.2290e-02  1.3310e-02  1.3080e-02
  6920.98      1.4449  1.2020e-02  1.2580e-02  1.2270e-02  1.3310e-02  1.3070e-02
  6919.48      1.4452  1.1970e-02  1.2530e-02  1.2220e-02  1.3300e-02  1.3070e-02
  6917.98      1.4455  1.1920e-02  1.2480e-02  1.2170e-02  1.3280e-02  1.3050e-02
  6916.48      1.4458  1.1930e-02  1.2490e-02  1.2180e-02  1.3270e-02  1.3040e-02
  6914.98      1.4461  1.2030e-02  1.2590e-02  1.2280e-02  1.3250e-02  1.3020e-02
  6913.48      1.4465  1.2140e-02  1.2700e-02  1.2390e-02  1.3230e-02  1.2990e-02
  6911.98      1.4468  1.2110e-02  1.2670e-02  1.2360e-02  1.3190e-02  1.2960e-02
  6910.48      1.4471  1.1980e-02  1.2550e-02  1.2240e-02  1.3160e-02  1.2930e-02
  6908.98      1.4474  1.1860e-02  1.2430e-02  1.2110e-02  1.3120e-02  1.2890e-02
  6907.48      1.4477  1.1740e-02  1.2300e-02  1.1990e-02  1.3080e-02  1.2850e-02
  6905.98      1.4480  1.1630e-02  1.2200e-02  1.1880e-02  1.3050e-02  1.2820e-02
  6904.48      1.4483  1.1560e-02  1.2120e-02  1.1800e-02  1.3020e-02  1.2790e-02
  6902.98      1.4487  1.1500e-02  1.2070e-02  1.1750e-02  1.3000e-02  1.2770e-02
  6901.48      1.4490  1.1530e-02  1.2090e-02  1.1780e-02  1.2980e-02  1.2750e-02
  6899.98      1.4493  1.1580e-02  1.2140e-02  1.1830e-02  1.2970e-02  1.2750e-02
  6898.48      1.4496  1.1650e-02  1.2210e-02  1.1900e-02  1.2980e-02  1.2750e-02
  6896.98      1.4499  1.1710e-02  1.2270e-02  1.1960e-02  1.2990e-02  1.2760e-02
  6895.48      1.4502  1.1700e-02  1.2270e-02  1.1950e-02  1.3020e-02  1.2790e-02
  6893.98      1.4505  1.1670e-02  1.2230e-02  1.1920e-02  1.3040e-02  1.2810e-02
  6892.48      1.4509  1.1680e-02  1.2250e-02  1.1930e-02  1.3070e-02  1.2840e-02
  6890.98      1.4512  1.1760e-02  1.2320e-02  1.2010e-02  1.3100e-02  1.2870e-02
  6889.48      1.4515  1.1860e-02  1.2420e-02  1.2110e-02  1.3130e-02  1.2900e-02
  6887.98      1.4518  1.1990e-02  1.2550e-02  1.2240e-02  1.3160e-02  1.2930e-02
  6886.48      1.4521  1.2070e-02  1.2640e-02  1.2320e-02  1.3170e-02  1.2940e-02
  6884.98      1.4524  1.2060e-02  1.2630e-02  1.2310e-02  1.3180e-02  1.2950e-02
  6883.48      1.4528  1.1990e-02  1.2560e-02  1.2240e-02  1.3180e-02  1.2950e-02
  6881.98      1.4531  1.1910e-02  1.2470e-02  1.2160e-02  1.3180e-02  1.2940e-02
  6880.47      1.4534  1.1840e-02  1.2410e-02  1.2090e-02  1.3170e-02  1.2930e-02
  6878.97      1.4537  1.1830e-02  1.2390e-02  1.2080e-02  1.3170e-02  1.2930e-02
  6877.47      1.4540  1.1850e-02  1.2420e-02  1.2100e-02  1.3150e-02  1.2920e-02
  6875.97      1.4543  1.1770e-02  1.2330e-02  1.2010e-02  1.3150e-02  1.2910e-02
  6874.47      1.4547  1.1650e-02  1.2220e-02  1.1900e-02  1.3130e-02  1.2900e-02
  6872.97      1.4550  1.1660e-02  1.2230e-02  1.1910e-02  1.3130e-02  1.2890e-02
  6871.47      1.4553  1.1750e-02  1.2320e-02  1.2000e-02  1.3120e-02  1.2890e-02
  6869.97      1.4556  1.1910e-02  1.2480e-02  1.2160e-02  1.3120e-02  1.2890e-02
  6868.47      1.4559  1.2030e-02  1.2590e-02  1.2280e-02  1.3120e-02  1.2880e-02
  6866.97      1.4562  1.2000e-02  1.2570e-02  1.2250e-02  1.3100e-02  1.2870e-02
  6865.47      1.4566  1.1890e-02  1.2450e-02  1.2130e-02  1.3090e-02  1.2860e-02
  6863.97      1.4569  1.1760e-02  1.2330e-02  1.2010e-02  1.3070e-02  1.2840e-02
  6862.47      1.4572  1.1680e-02  1.2240e-02  1.1920e-02  1.3050e-02  1.2820e-02
  6860.97      1.4575  1.1640e-02  1.2200e-02  1.1880e-02  1.3030e-02  1.2790e-02
  6859.47      1.4578  1.1680e-02  1.2250e-02  1.1930e-02  1.3010e-02  1.2770e-02
  6857.97      1.4582  1.1740e-02  1.2300e-02  1.1980e-02  1.2990e-02  1.2750e-02
  6856.47      1.4585  1.1700e-02  1.2270e-02  1.1950e-02  1.2980e-02  1.2740e-02
  6854.97      1.4588  1.1570e-02  1.2130e-02  1.1810e-02  1.2960e-02  1.2720e-02
  6853.47      1.4591  1.1460e-02  1.2020e-02  1.1700e-02  1.2960e-02  1.2720e-02
  6851.97      1.4594  1.1450e-02  1.2010e-02  1.1690e-02  1.2970e-02  1.2730e-02
  6850.47      1.4598  1.1530e-02  1.2100e-02  1.1780e-02  1.2990e-02  1.2760e-02
  6848.97      1.4601  1.1640e-02  1.2200e-02  1.1880e-02  1.3020e-02  1.2790e-02
  6847.47      1.4604  1.1670e-02  1.2230e-02  1.1910e-02  1.3060e-02  1.2830e-02
  6845.97      1.4607  1.1710e-02  1.2270e-02  1.1950e-02  1.3100e-02  1.2860e-02
  6844.47      1.4610  1.1800e-02  1.2360e-02  1.2040e-02  1.3150e-02  1.2910e-02
  6842.97      1.4614  1.1950e-02  1.2520e-02  1.2200e-02  1.3190e-02  1.2950e-02
  6841.47      1.4617  1.2200e-02  1.2770e-02  1.2450e-02  1.3240e-02  1.3000e-02
  6839.97      1.4620  1.2280e-02  1.2850e-02  1.2530e-02  1.3280e-02  1.3040e-02
  6838.47      1.4623  1.2130e-02  1.2700e-02  1.2380e-02  1.3310e-02  1.3060e-02
  6836.97      1.4626  1.1920e-02  1.2480e-02  1.2160e-02  1.3330e-02  1.3090e-02
  6835.47      1.4630  1.1890e-02  1.2460e-02  1.2140e-02  1.3340e-02  1.3100e-02
  6833.97      1.4633  1.1980e-02  1.2550e-02  1.2230e-02  1.3360e-02  1.3110e-02
  6832.47      1.4636  1.2100e-02  1.2670e-02  1.2350e-02  1.3370e-02  1.3120e-02
  6830.97      1.4639  1.2200e-02  1.2770e-02  1.2450e-02  1.3380e-02  1.3130e-02
  6829.47      1.4642  1.2210e-02  1.2770e-02  1.2450e-02  1.3380e-02  1.3130e-02
  6827.97      1.4646  1.2080e-02  1.2650e-02  1.2330e-02  1.3370e-02  1.3120e-02
  6826.47      1.4649  1.1960e-02  1.2530e-02  1.2210e-02  1.3350e-02  1.3100e-02
  6824.97      1.4652  1.1970e-02  1.2540e-02  1.2220e-02  1.3340e-02  1.3090e-02
  6823.47      1.4655  1.2010e-02  1.2580e-02  1.2260e-02  1.3320e-02  1.3070e-02
  6821.97      1.4659  1.2080e-02  1.2650e-02  1.2330e-02  1.3300e-02  1.3040e-02
  6820.47      1.4662  1.2130e-02  1.2700e-02  1.2380e-02  1.3260e-02  1.3010e-02
  6818.97      1.4665  1.2100e-02  1.2670e-02  1.2350e-02  1.3220e-02  1.2980e-02
  6817.47      1.4668  1.1980e-02  1.2550e-02  1.2220e-02  1.3180e-02  1.2930e-02
  6815.97      1.4671  1.1830e-02  1.2390e-02  1.2070e-02  1.3140e-02  1.2900e-02
  6814.47      1.4675  1.1690e-02  1.2250e-02  1.1930e-02  1.3100e-02  1.2860e-02
  6812.97      1.4678  1.1560e-02  1.2130e-02  1.1800e-02  1.3070e-02  1.2830e-02
  6811.47      1.4681  1.1440e-02  1.2010e-02  1.1680e-02  1.3040e-02  1.2800e-02
  6809.97      1.4684  1.1410e-02  1.1980e-02  1.1650e-02  1.3030e-02  1.2780e-02
  6808.47      1.4688  1.1520e-02  1.2090e-02  1.1760e-02  1.3020e-02  1.2780e-02
  6806.97      1.4691  1.1690e-02  1.2260e-02  1.1930e-02  1.3030e-02  1.2790e-02
  6805.47      1.4694  1.1790e-02  1.2350e-02  1.2030e-02  1.3040e-02  1.2800e-02
  6803.97      1.4697  1.1870e-02  1.2440e-02  1.2110e-02  1.3060e-02  1.2820e-02
  6802.47      1.4701  1.1890e-02  1.2460e-02  1.2130e-02  1.3070e-02  1.2830e-02
  6800.97      1.4704  1.1800e-02  1.2370e-02  1.2040e-02  1.3090e-02  1.2850e-02
  6799.47      1.4707  1.1710e-02  1.2280e-02  1.1950e-02  1.3110e-02  1.2870e-02
  6797.97      1.4710  1.1800e-02  1.2360e-02  1.2040e-02  1.3120e-02  1.2870e-02
  6796.47      1.4714  1.1930e-02  1.2500e-02  1.2180e-02  1.3130e-02  1.2880e-02
  6794.97      1.4717  1.1940e-02  1.2510e-02  1.2180e-02  1.3130e-02  1.2880e-02
  6793.47      1.4720  1.1900e-02  1.2470e-02  1.2140e-02  1.3120e-02  1.2870e-02
  6791.97      1.4723  1.1800e-02  1.2370e-02  1.2040e-02  1.3110e-02  1.2860e-02
  6790.47      1.4727  1.1700e-02  1.2270e-02  1.1950e-02  1.3090e-02  1.2840e-02
  6788.97      1.4730  1.1690e-02  1.2260e-02  1.1930e-02  1.3080e-02  1.2830e-02
  6787.47      1.4733  1.1730e-02  1.2300e-02  1.1970e-02  1.3060e-02  1.2810e-02
  6785.97      1.4736  1.1730e-02  1.2290e-02  1.1970e-02  1.3040e-02  1.2800e-02
  6784.47      1.4740  1.1660e-02  1.2230e-02  1.1900e-02  1.3040e-02  1.2790e-02
  6782.97      1.4743  1.1620e-02  1.2180e-02  1.1860e-02  1.3030e-02  1.2780e-02
  6781.47      1.4746  1.1710e-02  1.2280e-02  1.1950e-02  1.3030e-02  1.2780e-02
  6779.97      1.4749  1.1740e-02  1.2310e-02  1.1980e-02  1.3030e-02  1.2780e-02
  6778.47      1.4753  1.1620e-02  1.2190e-02  1.1860e-02  1.3030e-02  1.2780e-02
  6776.97      1.4756  1.1480e-02  1.2050e-02  1.1720e-02  1.3030e-02  1.2790e-02
  6775.47      1.4759  1.1580e-02  1.2150e-02  1.1820e-02  1.3040e-02  1.2790e-02
  6773.97      1.4762  1.1850e-02  1.2420e-02  1.2090e-02  1.3060e-02  1.2810e-02
  6772.47      1.4766  1.2000e-02  1.2570e-02  1.2250e-02  1.3070e-02  1.2820e-02
  6770.97      1.4769  1.1900e-02  1.2470e-02  1.2140e-02  1.3080e-02  1.2830e-02
  6769.47      1.4772  1.1750e-02  1.2320e-02  1.1990e-02  1.3080e-02  1.2830e-02
  6767.97      1.4775  1.1700e-02  1.2270e-02  1.1940e-02  1.3080e-02  1.2840e-02
  6766.47      1.4779  1.1700e-02  1.2270e-02  1.1940e-02  1.3090e-02  1.2840e-02
  6764.97      1.4782  1.1690e-02  1.2260e-02  1.1930e-02  1.3090e-02  1.2840e-02
  6763.47      1.4785  1.1680e-02  1.2250e-02  1.1920e-02  1.3090e-02  1.2840e-02
  6761.97      1.4789  1.1730e-02  1.2300e-02  1.1970e-02  1.3090e-02  1.2840e-02
  6760.47      1.4792  1.1830e-02  1.2400e-02  1.2070e-02  1.3080e-02  1.2830e-02
  6758.97      1.4795  1.1910e-02  1.2480e-02  1.2150e-02  1.3070e-02  1.2830e-02
  6757.47      1.4798  1.1840e-02  1.2410e-02  1.2080e-02  1.3050e-02  1.2800e-02
  6755.97      1.4802  1.1770e-02  1.2340e-02  1.2000e-02  1.3030e-02  1.2780e-02
  6754.47      1.4805  1.1720e-02  1.2290e-02  1.1960e-02  1.3020e-02  1.2770e-02
  6752.97      1.4808  1.1660e-02  1.2230e-02  1.1900e-02  1.2990e-02  1.2740e-02
  6751.47      1.4812  1.1580e-02  1.2150e-02  1.1820e-02  1.2970e-02  1.2720e-02
  6749.96      1.4815  1.1560e-02  1.2130e-02  1.1790e-02  1.2950e-02  1.2700e-02
  6748.46      1.4818  1.1550e-02  1.2120e-02  1.1780e-02  1.2930e-02  1.2680e-02
  6746.96      1.4821  1.1510e-02  1.2080e-02  1.1750e-02  1.2930e-02  1.2680e-02
  6745.46      1.4825  1.1480e-02  1.2050e-02  1.1710e-02  1.2920e-02  1.2670e-02
  6743.96      1.4828  1.1460e-02  1.2030e-02  1.1690e-02  1.2920e-02  1.2670e-02
  6742.46      1.4831  1.1480e-02  1.2050e-02  1.1710e-02  1.2930e-02  1.2680e-02
  6740.96      1.4835  1.1550e-02  1.2120e-02  1.1790e-02  1.2930e-02  1.2680e-02
  6739.46      1.4838  1.1670e-02  1.2240e-02  1.1900e-02  1.2950e-02  1.2700e-02
  6737.96      1.4841  1.1730e-02  1.2300e-02  1.1970e-02  1.2950e-02  1.2700e-02
  6736.46      1.4845  1.1750e-02  1.2320e-02  1.1990e-02  1.2960e-02  1.2710e-02
  6734.96      1.4848  1.1760e-02  1.2330e-02  1.1990e-02  1.2960e-02  1.2710e-02
  6733.46      1.4851  1.1750e-02  1.2320e-02  1.1980e-02  1.2960e-02  1.2710e-02
  6731.96      1.4855  1.1700e-02  1.2280e-02  1.1940e-02  1.2960e-02  1.2710e-02
  6730.46      1.4858  1.1620e-02  1.2190e-02  1.1850e-02  1.2960e-02  1.2700e-02
  6728.96      1.4861  1.1490e-02  1.2060e-02  1.1720e-02  1.2950e-02  1.2700e-02
  6727.46      1.4864  1.1360e-02  1.1940e-02  1.1600e-02  1.2950e-02  1.2690e-02
  6725.96      1.4868  1.1400e-02  1.1970e-02  1.1630e-02  1.2950e-02  1.2690e-02
  6724.46      1.4871  1.1590e-02  1.2160e-02  1.1820e-02  1.2950e-02  1.2690e-02
  6722.96      1.4874  1.1760e-02  1.2340e-02  1.2000e-02  1.2950e-02  1.2700e-02
  6721.46      1.4878  1.1720e-02  1.2290e-02  1.1950e-02  1.2950e-02  1.2690e-02
  6719.96      1.4881  1.1600e-02  1.2170e-02  1.1830e-02  1.2940e-02  1.2690e-02
  6718.46      1.4884  1.1590e-02  1.2160e-02  1.1820e-02  1.2940e-02  1.2690e-02
  6716.96      1.4888  1.1710e-02  1.2280e-02  1.1940e-02  1.2950e-02  1.2690e-02
  6715.46      1.4891  1.1780e-02  1.2350e-02  1.2010e-02  1.2950e-02  1.2700e-02
  6713.96      1.4894  1.1680e-02  1.2260e-02  1.1920e-02  1.2950e-02  1.2700e-02
  6712.46      1.4898  1.1500e-02  1.2070e-02  1.1730e-02  1.2940e-02  1.2690e-02
  6710.96      1.4901  1.1380e-02  1.1950e-02  1.1610e-02  1.2940e-02  1.2680e-02
  6709.46      1.4904  1.1390e-02  1.1960e-02  1.1620e-02  1.2930e-02  1.2680e-02
  6707.96      1.4908  1.1530e-02  1.2100e-02  1.1760e-02  1.2930e-02  1.2670e-02
  6706.46      1.4911  1.1680e-02  1.2250e-02  1.1910e-02  1.2930e-02  1.2680e-02
  6704.96      1.4914  1.1730e-02  1.2310e-02  1.1970e-02  1.2930e-02  1.2680e-02
  6703.46      1.4918  1.1730e-02  1.2300e-02  1.1960e-02  1.2930e-02  1.2670e-02
  6701.96      1.4921  1.1650e-02  1.2220e-02  1.1880e-02  1.2920e-02  1.2660e-02
  6700.46      1.4924  1.1540e-02  1.2120e-02  1.1770e-02  1.2920e-02  1.2660e-02
  6698.96      1.4928  1.1470e-02  1.2050e-02  1.1700e-02  1.2920e-02  1.2660e-02
  6697.46      1.4931  1.1520e-02  1.2090e-02  1.1750e-02  1.2920e-02  1.2660e-02
  6695.96      1.4934  1.1590e-02  1.2160e-02  1.1820e-02  1.2910e-02  1.2660e-02
  6694.46      1.4938  1.1570e-02  1.2140e-02  1.1800e-02  1.2910e-02  1.2650e-02
  6692.96      1.4941  1.1460e-02  1.2030e-02  1.1690e-02  1.2890e-02  1.2640e-02
  6691.46      1.4944  1.1450e-02  1.2020e-02  1.1680e-02  1.2880e-02  1.2620e-02
  6689.96      1.4948  1.1540e-02  1.2120e-02  1.1770e-02  1.2870e-02  1.2620e-02
  6688.46      1.4951  1.1690e-02  1.2260e-02  1.1920e-02  1.2860e-02  1.2610e-02
  6686.96      1.4954  1.1750e-02  1.2320e-02  1.1980e-02  1.2860e-02  1.2600e-02
  6685.46      1.4958  1.1600e-02  1.2170e-02  1.1830e-02  1.2840e-02  1.2580e-02
  6683.96      1.4961  1.1380e-02  1.1950e-02  1.1600e-02  1.2830e-02  1.2570e-02
  6682.46      1.4965  1.1270e-02  1.1850e-02  1.1500e-02  1.2810e-02  1.2560e-02
  6680.96      1.4968  1.1340e-02  1.1910e-02  1.1570e-02  1.2810e-02  1.2550e-02
  6679.46      1.4971  1.1350e-02  1.1930e-02  1.1580e-02  1.2800e-02  1.2550e-02
  6677.96      1.4975  1.1340e-02  1.1910e-02  1.1570e-02  1.2800e-02  1.2550e-02
  6676.46      1.4978  1.1390e-02  1.1960e-02  1.1610e-02  1.2800e-02  1.2550e-02
  6674.96      1.4981  1.1510e-02  1.2090e-02  1.1740e-02  1.2810e-02  1.2550e-02
  6673.46      1.4985  1.1590e-02  1.2160e-02  1.1820e-02  1.2810e-02  1.2550e-02
  6671.96      1.4988  1.1570e-02  1.2140e-02  1.1800e-02  1.2820e-02  1.2560e-02
  6670.46      1.4991  1.1510e-02  1.2090e-02  1.1740e-02  1.2820e-02  1.2560e-02
  6668.96      1.4995  1.1490e-02  1.2070e-02  1.1720e-02  1.2830e-02  1.2570e-02
  6667.46      1.4998  1.1490e-02  1.2070e-02  1.1720e-02  1.2830e-02  1.2570e-02
  6665.96      1.5002  1.1420e-02  1.1990e-02  1.1650e-02  1.2830e-02  1.2570e-02
  6664.46      1.5005  1.1340e-02  1.1920e-02  1.1570e-02  1.2820e-02  1.2560e-02
  6662.96      1.5008  1.1370e-02  1.1950e-02  1.1600e-02  1.2820e-02  1.2560e-02
  6661.46      1.5012  1.1490e-02  1.2060e-02  1.1720e-02  1.2810e-02  1.2550e-02
  6659.96      1.5015  1.1580e-02  1.2160e-02  1.1810e-02  1.2810e-02  1.2550e-02
  6658.46      1.5018  1.1590e-02  1.2170e-02  1.1820e-02  1.2800e-02  1.2540e-02
  6656.96      1.5022  1.1530e-02  1.2110e-02  1.1760e-02  1.2790e-02  1.2530e-02
  6655.46      1.5025  1.1420e-02  1.1990e-02  1.1640e-02  1.2770e-02  1.2510e-02
  6653.96      1.5029  1.1320e-02  1.1900e-02  1.1550e-02  1.2770e-02  1.2510e-02
  6652.46      1.5032  1.1280e-02  1.1860e-02  1.1510e-02  1.2750e-02  1.2490e-02
  6650.96      1.5035  1.1300e-02  1.1880e-02  1.1520e-02  1.2750e-02  1.2490e-02
  6649.46      1.5039  1.1330e-02  1.1910e-02  1.1560e-02  1.2750e-02  1.2490e-02
  6647.96      1.5042  1.1340e-02  1.1910e-02  1.1560e-02  1.2750e-02  1.2490e-02
  6646.46      1.5046  1.1360e-02  1.1930e-02  1.1580e-02  1.2740e-02  1.2480e-02
  6644.96      1.5049  1.1420e-02  1.1990e-02  1.1640e-02  1.2740e-02  1.2480e-02
  6643.46      1.5052  1.1420e-02  1.2000e-02  1.1650e-02  1.2740e-02  1.2480e-02
  6641.96      1.5056  1.1420e-02  1.1990e-02  1.1640e-02  1.2730e-02  1.2470e-02
  6640.46      1.5059  1.1430e-02  1.2010e-02  1.1660e-02  1.2730e-02  1.2460e-02
  6638.96      1.5063  1.1460e-02  1.2040e-02  1.1690e-02  1.2720e-02  1.2460e-02
  6637.46      1.5066  1.1460e-02  1.2030e-02  1.1680e-02  1.2710e-02  1.2450e-02
  6635.96      1.5069  1.1410e-02  1.1990e-02  1.1640e-02  1.2700e-02  1.2440e-02
  6634.46      1.5073  1.1280e-02  1.1860e-02  1.1500e-02  1.2690e-02  1.2430e-02
  6632.96      1.5076  1.1120e-02  1.1690e-02  1.1340e-02  1.2690e-02  1.2430e-02
  6631.46      1.5080  1.1130e-02  1.1710e-02  1.1350e-02  1.2690e-02  1.2430e-02
  6629.96      1.5083  1.1220e-02  1.1790e-02  1.1440e-02  1.2700e-02  1.2430e-02
  6628.46      1.5086  1.1290e-02  1.1870e-02  1.1510e-02  1.2710e-02  1.2450e-02
  6626.96      1.5090  1.1320e-02  1.1900e-02  1.1540e-02  1.2730e-02  1.2470e-02
  6625.46      1.5093  1.1340e-02  1.1920e-02  1.1560e-02  1.2740e-02  1.2470e-02
  6623.96      1.5097  1.1420e-02  1.2000e-02  1.1640e-02  1.2750e-02  1.2490e-02
  6622.46      1.5100  1.1530e-02  1.2110e-02  1.1750e-02  1.2760e-02  1.2490e-02
  6620.96      1.5104  1.1600e-02  1.2170e-02  1.1820e-02  1.2760e-02  1.2490e-02
  6619.46      1.5107  1.1600e-02  1.2180e-02  1.1820e-02  1.2750e-02  1.2490e-02
  6617.96      1.5110  1.1550e-02  1.2120e-02  1.1770e-02  1.2730e-02  1.2460e-02
  6616.46      1.5114  1.1460e-02  1.2040e-02  1.1680e-02  1.2700e-02  1.2440e-02
  6614.96      1.5117  1.1360e-02  1.1940e-02  1.1580e-02  1.2670e-02  1.2410e-02
  6613.46      1.5121  1.1200e-02  1.1770e-02  1.1420e-02  1.2630e-02  1.2370e-02
  6611.95      1.5124  1.1100e-02  1.1680e-02  1.1320e-02  1.2600e-02  1.2330e-02
  6610.45      1.5128  1.1050e-02  1.1630e-02  1.1270e-02  1.2560e-02  1.2300e-02
  6608.95      1.5131  1.0990e-02  1.1560e-02  1.1200e-02  1.2530e-02  1.2270e-02
  6607.45      1.5134  1.0950e-02  1.1530e-02  1.1170e-02  1.2500e-02  1.2240e-02
  6605.95      1.5138  1.1030e-02  1.1600e-02  1.1240e-02  1.2500e-02  1.2230e-02
  6604.45      1.5141  1.1170e-02  1.1750e-02  1.1390e-02  1.2490e-02  1.2230e-02
  6602.95      1.5145  1.1240e-02  1.1820e-02  1.1460e-02  1.2500e-02  1.2230e-02
  6601.45      1.5148  1.1140e-02  1.1720e-02  1.1350e-02  1.2510e-02  1.2240e-02
  6599.95      1.5152  1.1020e-02  1.1600e-02  1.1230e-02  1.2510e-02  1.2260e-02
  6598.45      1.5155  1.0990e-02  1.1570e-02  1.1200e-02  1.2530e-02  1.2260e-02
  6596.95      1.5159  1.1080e-02  1.1650e-02  1.1290e-02  1.2550e-02  1.2280e-02
  6595.45      1.5162  1.1240e-02  1.1810e-02  1.1450e-02  1.2560e-02  1.2290e-02
  6593.95      1.5165  1.1390e-02  1.1960e-02  1.1600e-02  1.2570e-02  1.2300e-02
  6592.45      1.5169  1.1450e-02  1.2030e-02  1.1660e-02  1.2570e-02  1.2300e-02
  6590.95      1.5172  1.1400e-02  1.1980e-02  1.1620e-02  1.2560e-02  1.2300e-02
  6589.45      1.5176  1.1310e-02  1.1880e-02  1.1520e-02  1.2560e-02  1.2290e-02
  6587.95      1.5179  1.1140e-02  1.1720e-02  1.1360e-02  1.2540e-02  1.2270e-02
  6586.45      1.5183  1.0970e-02  1.1550e-02  1.1180e-02  1.2510e-02  1.2250e-02
  6584.95      1.5186  1.0900e-02  1.1480e-02  1.1110e-02  1.2500e-02  1.2230e-02
  6583.45      1.5190  1.1010e-02  1.1590e-02  1.1220e-02  1.2480e-02  1.2220e-02
  6581.95      1.5193  1.1140e-02  1.1720e-02  1.1350e-02  1.2480e-02  1.2210e-02
  6580.45      1.5197  1.1170e-02  1.1750e-02  1.1380e-02  1.2460e-02  1.2190e-02
  6578.95      1.5200  1.1100e-02  1.1680e-02  1.1320e-02  1.2440e-02  1.2180e-02
  6577.45      1.5203  1.1030e-02  1.1610e-02  1.1240e-02  1.2430e-02  1.2160e-02
  6575.95      1.5207  1.1000e-02  1.1580e-02  1.1210e-02  1.2420e-02  1.2150e-02
  6574.45      1.5210  1.1010e-02  1.1590e-02  1.1220e-02  1.2400e-02  1.2140e-02
  6572.95      1.5214  1.1040e-02  1.1620e-02  1.1250e-02  1.2390e-02  1.2130e-02
  6571.45      1.5217  1.1070e-02  1.1640e-02  1.1280e-02  1.2390e-02  1.2120e-02
  6569.95      1.5221  1.1020e-02  1.1600e-02  1.1230e-02  1.2380e-02  1.2110e-02
  6568.45      1.5224  1.0970e-02  1.1550e-02  1.1180e-02  1.2370e-02  1.2110e-02
  6566.95      1.5228  1.0960e-02  1.1530e-02  1.1170e-02  1.2370e-02  1.2100e-02
  6565.45      1.5231  1.0890e-02  1.1470e-02  1.1100e-02  1.2370e-02  1.2100e-02
  6563.95      1.5235  1.0880e-02  1.1460e-02  1.1090e-02  1.2370e-02  1.2100e-02
  6562.45      1.5238  1.0920e-02  1.1500e-02  1.1130e-02  1.2380e-02  1.2110e-02
  6560.95      1.5242  1.0950e-02  1.1530e-02  1.1160e-02  1.2390e-02  1.2120e-02
  6559.45      1.5245  1.0930e-02  1.1510e-02  1.1140e-02  1.2390e-02  1.2130e-02
  6557.95      1.5249  1.1050e-02  1.1630e-02  1.1260e-02  1.2410e-02  1.2140e-02
  6556.45      1.5252  1.1210e-02  1.1790e-02  1.1420e-02  1.2430e-02  1.2160e-02
  6554.95      1.5256  1.1240e-02  1.1820e-02  1.1450e-02  1.2430e-02  1.2160e-02
  6553.45      1.5259  1.1120e-02  1.1700e-02  1.1330e-02  1.2440e-02  1.2170e-02
  6551.95      1.5263  1.1030e-02  1.1610e-02  1.1240e-02  1.2440e-02  1.2170e-02
  6550.45      1.5266  1.1040e-02  1.1610e-02  1.1240e-02  1.2430e-02  1.2160e-02
  6548.95      1.5270  1.1050e-02  1.1630e-02  1.1260e-02  1.2430e-02  1.2150e-02
  6547.45      1.5273  1.0980e-02  1.1560e-02  1.1190e-02  1.2410e-02  1.2140e-02
  6545.95      1.5277  1.1010e-02  1.1590e-02  1.1220e-02  1.2410e-02  1.2130e-02
  6544.45      1.5280  1.1090e-02  1.1670e-02  1.1290e-02  1.2390e-02  1.2120e-02
  6542.95      1.5284  1.1090e-02  1.1670e-02  1.1300e-02  1.2370e-02  1.2100e-02
  6541.45      1.5287  1.0990e-02  1.1570e-02  1.1200e-02  1.2350e-02  1.2080e-02
  6539.95      1.5291  1.0820e-02  1.1400e-02  1.1030e-02  1.2320e-02  1.2050e-02
  6538.45      1.5294  1.0750e-02  1.1330e-02  1.0960e-02  1.2300e-02  1.2030e-02
  6536.95      1.5298  1.0860e-02  1.1440e-02  1.1070e-02  1.2280e-02  1.2010e-02
  6535.45      1.5301  1.1000e-02  1.1580e-02  1.1210e-02  1.2260e-02  1.1990e-02
  6533.95      1.5305  1.1010e-02  1.1590e-02  1.1220e-02  1.2240e-02  1.1970e-02
  6532.45      1.5308  1.0900e-02  1.1480e-02  1.1110e-02  1.2220e-02  1.1940e-02
  6530.95      1.5312  1.0780e-02  1.1370e-02  1.0990e-02  1.2190e-02  1.1920e-02
  6529.45      1.5315  1.0700e-02  1.1280e-02  1.0910e-02  1.2170e-02  1.1900e-02
  6527.95      1.5319  1.0620e-02  1.1200e-02  1.0820e-02  1.2150e-02  1.1880e-02
  6526.45      1.5322  1.0580e-02  1.1160e-02  1.0790e-02  1.2130e-02  1.1860e-02
  6524.95      1.5326  1.0660e-02  1.1240e-02  1.0860e-02  1.2120e-02  1.1850e-02
  6523.45      1.5329  1.0740e-02  1.1320e-02  1.0950e-02  1.2110e-02  1.1840e-02
  6521.95      1.5333  1.0750e-02  1.1330e-02  1.0950e-02  1.2110e-02  1.1840e-02
  6520.45      1.5336  1.0740e-02  1.1320e-02  1.0940e-02  1.2100e-02  1.1830e-02
  6518.95      1.5340  1.0770e-02  1.1350e-02  1.0970e-02  1.2100e-02  1.1820e-02
  6517.45      1.5343  1.0720e-02  1.1310e-02  1.0930e-02  1.2100e-02  1.1820e-02
  6515.95      1.5347  1.0620e-02  1.1200e-02  1.0820e-02  1.2090e-02  1.1820e-02
  6514.45      1.5350  1.0580e-02  1.1160e-02  1.0780e-02  1.2090e-02  1.1820e-02
  6512.95      1.5354  1.0670e-02  1.1250e-02  1.0870e-02  1.2100e-02  1.1820e-02
  6511.45      1.5358  1.0780e-02  1.1360e-02  1.0980e-02  1.2090e-02  1.1820e-02
  6509.95      1.5361  1.0790e-02  1.1370e-02  1.0990e-02  1.2090e-02  1.1820e-02
  6508.45      1.5365  1.0730e-02  1.1310e-02  1.0930e-02  1.2080e-02  1.1810e-02
  6506.95      1.5368  1.0680e-02  1.1260e-02  1.0880e-02  1.2080e-02  1.1800e-02
  6505.45      1.5372  1.0670e-02  1.1250e-02  1.0870e-02  1.2070e-02  1.1800e-02
  6503.95      1.5375  1.0650e-02  1.1230e-02  1.0850e-02  1.2070e-02  1.1790e-02
  6502.45      1.5379  1.0630e-02  1.1210e-02  1.0830e-02  1.2070e-02  1.1790e-02
  6500.95      1.5382  1.0630e-02  1.1210e-02  1.0830e-02  1.2070e-02  1.1790e-02
  6499.45      1.5386  1.0610e-02  1.1190e-02  1.0810e-02  1.2070e-02  1.1790e-02
  6497.95      1.5389  1.0580e-02  1.1160e-02  1.0780e-02  1.2070e-02  1.1790e-02
  6496.45      1.5393  1.0600e-02  1.1180e-02  1.0800e-02  1.2070e-02  1.1800e-02
  6494.95      1.5397  1.0690e-02  1.1270e-02  1.0890e-02  1.2080e-02  1.1800e-02
  6493.45      1.5400  1.0760e-02  1.1340e-02  1.0960e-02  1.2080e-02  1.1810e-02
  6491.95      1.5404  1.0790e-02  1.1370e-02  1.0990e-02  1.2080e-02  1.1810e-02
  6490.45      1.5407  1.0760e-02  1.1340e-02  1.0960e-02  1.2080e-02  1.1800e-02
  6488.95      1.5411  1.0700e-02  1.1280e-02  1.0900e-02  1.2060e-02  1.1790e-02
  6487.45      1.5414  1.0700e-02  1.1280e-02  1.0900e-02  1.2060e-02  1.1780e-02
  6485.95      1.5418  1.0720e-02  1.1300e-02  1.0920e-02  1.2040e-02  1.1760e-02
  6484.45      1.5422  1.0700e-02  1.1290e-02  1.0900e-02  1.2030e-02  1.1750e-02
  6482.95      1.5425  1.0650e-02  1.1230e-02  1.0840e-02  1.2010e-02  1.1730e-02
  6481.44      1.5429  1.0590e-02  1.1170e-02  1.0780e-02  1.2000e-02  1.1720e-02
  6479.94      1.5432  1.0430e-02  1.1010e-02  1.0620e-02  1.1980e-02  1.1700e-02
  6478.44      1.5436  1.0280e-02  1.0860e-02  1.0470e-02  1.1960e-02  1.1680e-02
  6476.94      1.5439  1.0300e-02  1.0880e-02  1.0500e-02  1.1960e-02  1.1680e-02
  6475.44      1.5443  1.0460e-02  1.1040e-02  1.0660e-02  1.1950e-02  1.1670e-02
  6473.94      1.5447  1.0690e-02  1.1280e-02  1.0890e-02  1.1950e-02  1.1670e-02
  6472.44      1.5450  1.0850e-02  1.1430e-02  1.1050e-02  1.1940e-02  1.1660e-02
  6470.94      1.5454  1.0790e-02  1.1370e-02  1.0990e-02  1.1940e-02  1.1660e-02
  6469.44      1.5457  1.0550e-02  1.1130e-02  1.0740e-02  1.1920e-02  1.1640e-02
  6467.94      1.5461  1.0430e-02  1.1010e-02  1.0620e-02  1.1900e-02  1.1630e-02
  6466.44      1.5464  1.0440e-02  1.1020e-02  1.0630e-02  1.1890e-02  1.1610e-02
  6464.94      1.5468  1.0430e-02  1.1010e-02  1.0620e-02  1.1880e-02  1.1600e-02
  6463.44      1.5472  1.0370e-02  1.0950e-02  1.0560e-02  1.1850e-02  1.1570e-02
  6461.94      1.5475  1.0290e-02  1.0870e-02  1.0480e-02  1.1830e-02  1.1550e-02
  6460.44      1.5479  1.0270e-02  1.0850e-02  1.0460e-02  1.1820e-02  1.1540e-02
  6458.94      1.5482  1.0360e-02  1.0950e-02  1.0560e-02  1.1800e-02  1.1520e-02
  6457.44      1.5486  1.0480e-02  1.1060e-02  1.0670e-02  1.1790e-02  1.1510e-02
  6455.94      1.5490  1.0500e-02  1.1080e-02  1.0690e-02  1.1780e-02  1.1500e-02
  6454.44      1.5493  1.0410e-02  1.0990e-02  1.0600e-02  1.1780e-02  1.1500e-02
  6452.94      1.5497  1.0290e-02  1.0880e-02  1.0480e-02  1.1770e-02  1.1490e-02
  6451.44      1.5500  1.0250e-02  1.0840e-02  1.0440e-02  1.1760e-02  1.1480e-02
  6449.94      1.5504  1.0290e-02  1.0880e-02  1.0480e-02  1.1760e-02  1.1480e-02
  6448.44      1.5508  1.0350e-02  1.0930e-02  1.0540e-02  1.1750e-02  1.1470e-02
  6446.94      1.5511  1.0350e-02  1.0940e-02  1.0540e-02  1.1740e-02  1.1460e-02
  6445.44      1.5515  1.0330e-02  1.0910e-02  1.0520e-02  1.1730e-02  1.1450e-02
  6443.94      1.5518  1.0340e-02  1.0920e-02  1.0530e-02  1.1720e-02  1.1440e-02
  6442.44      1.5522  1.0370e-02  1.0950e-02  1.0560e-02  1.1700e-02  1.1420e-02
  6440.94      1.5526  1.0380e-02  1.0960e-02  1.0570e-02  1.1700e-02  1.1420e-02
  6439.44      1.5529  1.0320e-02  1.0900e-02  1.0510e-02  1.1680e-02  1.1400e-02
  6437.94      1.5533  1.0140e-02  1.0720e-02  1.0320e-02  1.1680e-02  1.1400e-02
  6436.44      1.5537  1.0010e-02  1.0590e-02  1.0190e-02  1.1680e-02  1.1400e-02
  6434.94      1.5540  1.0100e-02  1.0680e-02  1.0290e-02  1.1690e-02  1.1410e-02
  6433.44      1.5544  1.0290e-02  1.0870e-02  1.0470e-02  1.1700e-02  1.1420e-02
  6431.94      1.5547  1.0290e-02  1.0870e-02  1.0470e-02  1.1720e-02  1.1440e-02
  6430.44      1.5551  1.0180e-02  1.0770e-02  1.0370e-02  1.1730e-02  1.1450e-02
  6428.94      1.5555  1.0210e-02  1.0790e-02  1.0390e-02  1.1760e-02  1.1470e-02
  6427.44      1.5558  1.0430e-02  1.1010e-02  1.0620e-02  1.1770e-02  1.1500e-02
  6425.94      1.5562  1.0610e-02  1.1190e-02  1.0790e-02  1.1800e-02  1.1510e-02
  6424.44      1.5566  1.0630e-02  1.1210e-02  1.0820e-02  1.1820e-02  1.1530e-02
  6422.94      1.5569  1.0560e-02  1.1140e-02  1.0750e-02  1.1820e-02  1.1540e-02
  6421.44      1.5573  1.0470e-02  1.1060e-02  1.0660e-02  1.1830e-02  1.1540e-02
  6419.94      1.5576  1.0380e-02  1.0970e-02  1.0570e-02  1.1820e-02  1.1530e-02
  6418.44      1.5580  1.0290e-02  1.0870e-02  1.0470e-02  1.1810e-02  1.1520e-02
  6416.94      1.5584  1.0240e-02  1.0820e-02  1.0420e-02  1.1800e-02  1.1510e-02
  6415.44      1.5587  1.0310e-02  1.0900e-02  1.0500e-02  1.1780e-02  1.1490e-02
  6413.94      1.5591  1.0390e-02  1.0980e-02  1.0580e-02  1.1770e-02  1.1480e-02
  6412.44      1.5595  1.0410e-02  1.0990e-02  1.0590e-02  1.1750e-02  1.1460e-02
  6410.94      1.5598  1.0390e-02  1.0970e-02  1.0570e-02  1.1730e-02  1.1440e-02
  6409.44      1.5602  1.0390e-02  1.0970e-02  1.0570e-02  1.1710e-02  1.1420e-02
  6407.94      1.5606  1.0260e-02  1.0840e-02  1.0440e-02  1.1690e-02  1.1400e-02
  6406.44      1.5609  1.0110e-02  1.0690e-02  1.0290e-02  1.1680e-02  1.1390e-02
  6404.94      1.5613  1.0110e-02  1.0690e-02  1.0290e-02  1.1670e-02  1.1380e-02
  6403.44      1.5617  1.0210e-02  1.0800e-02  1.0400e-02  1.1660e-02  1.1380e-02
  6401.94      1.5620  1.0260e-02  1.0840e-02  1.0440e-02  1.1660e-02  1.1370e-02
  6400.44      1.5624  1.0210e-02  1.0790e-02  1.0390e-02  1.1660e-02  1.1370e-02
  6398.94      1.5628  1.0150e-02  1.0740e-02  1.0330e-02  1.1660e-02  1.1370e-02
  6397.44      1.5631  1.0170e-02  1.0760e-02  1.0350e-02  1.1670e-02  1.1380e-02
  6395.94      1.5635  1.0210e-02  1.0790e-02  1.0390e-02  1.1680e-02  1.1390e-02
  6394.44      1.5639  1.0260e-02  1.0850e-02  1.0450e-02  1.1690e-02  1.1400e-02
  6392.94      1.5642  1.0330e-02  1.0920e-02  1.0510e-02  1.1700e-02  1.1410e-02
  6391.44      1.5646  1.0340e-02  1.0920e-02  1.0520e-02  1.1710e-02  1.1420e-02
  6389.94      1.5650  1.0320e-02  1.0900e-02  1.0500e-02  1.1720e-02  1.1430e-02
  6388.44      1.5653  1.0330e-02  1.0920e-02  1.0510e-02  1.1720e-02  1.1430e-02
  6386.94      1.5657  1.0390e-02  1.0970e-02  1.0570e-02  1.1730e-02  1.1430e-02
  6385.44      1.5661  1.0380e-02  1.0970e-02  1.0560e-02  1.1720e-02  1.1430e-02
  6383.94      1.5664  1.0290e-02  1.0880e-02  1.0470e-02  1.1720e-02  1.1420e-02
  6382.44      1.5668  1.0220e-02  1.0810e-02  1.0400e-02  1.1710e-02  1.1420e-02
  6380.94      1.5672  1.0240e-02  1.0820e-02  1.0410e-02  1.1710e-02  1.1410e-02
  6379.44      1.5675  1.0280e-02  1.0870e-02  1.0460e-02  1.1700e-02  1.1410e-02
  6377.94      1.5679  1.0260e-02  1.0840e-02  1.0440e-02  1.1700e-02  1.1400e-02
  6376.44      1.5683  1.0200e-02  1.0780e-02  1.0370e-02  1.1690e-02  1.1400e-02
  6374.94      1.5686  1.0180e-02  1.0770e-02  1.0360e-02  1.1690e-02  1.1390e-02
  6373.44      1.5690  1.0240e-02  1.0830e-02  1.0420e-02  1.1680e-02  1.1380e-02
  6371.94      1.5694  1.0300e-02  1.0890e-02  1.0480e-02  1.1680e-02  1.1380e-02
  6370.44      1.5698  1.0300e-02  1.0880e-02  1.0480e-02  1.1670e-02  1.1370e-02
  6368.94      1.5701  1.0260e-02  1.0840e-02  1.0440e-02  1.1660e-02  1.1370e-02
  6367.44      1.5705  1.0280e-02  1.0870e-02  1.0460e-02  1.1650e-02  1.1360e-02
  6365.94      1.5709  1.0250e-02  1.0830e-02  1.0420e-02  1.1650e-02  1.1350e-02
  6364.44      1.5712  1.0200e-02  1.0780e-02  1.0370e-02  1.1640e-02  1.1340e-02
  6362.94      1.5716  1.0170e-02  1.0760e-02  1.0350e-02  1.1640e-02  1.1340e-02
  6361.44      1.5720  1.0100e-02  1.0690e-02  1.0280e-02  1.1640e-02  1.1340e-02
  6359.94      1.5723  1.0070e-02  1.0650e-02  1.0240e-02  1.1630e-02  1.1330e-02
  6358.44      1.5727  1.0110e-02  1.0690e-02  1.0280e-02  1.1630e-02  1.1330e-02
  6356.94      1.5731  1.0180e-02  1.0770e-02  1.0360e-02  1.1620e-02  1.1320e-02
  6355.44      1.5735  1.0230e-02  1.0820e-02  1.0400e-02  1.1620e-02  1.1320e-02
  6353.94      1.5738  1.0280e-02  1.0870e-02  1.0460e-02  1.1610e-02  1.1310e-02
  6352.44      1.5742  1.0330e-02  1.0920e-02  1.0500e-02  1.1600e-02  1.1300e-02
  6350.94      1.5746  1.0330e-02  1.0920e-02  1.0510e-02  1.1590e-02  1.1290e-02
  6349.44      1.5749  1.0250e-02  1.0830e-02  1.0420e-02  1.1580e-02  1.1280e-02
  6347.94      1.5753  1.0070e-02  1.0660e-02  1.0240e-02  1.1560e-02  1.1260e-02
  6346.44      1.5757  9.9200e-03  1.0500e-02  1.0090e-02  1.1540e-02  1.1240e-02
  6344.94      1.5761  9.8700e-03  1.0450e-02  1.0030e-02  1.1540e-02  1.1240e-02
  6343.43      1.5764  9.8700e-03  1.0450e-02  1.0040e-02  1.1540e-02  1.1240e-02
  6341.93      1.5768  1.0030e-02  1.0620e-02  1.0200e-02  1.1540e-02  1.1240e-02
  6340.43      1.5772  1.0210e-02  1.0800e-02  1.0380e-02  1.1550e-02  1.1250e-02
  6338.93      1.5776  1.0230e-02  1.0810e-02  1.0400e-02  1.1560e-02  1.1260e-02
  6337.43      1.5779  1.0130e-02  1.0710e-02  1.0300e-02  1.1570e-02  1.1270e-02
  6335.93      1.5783  1.0080e-02  1.0670e-02  1.0250e-02  1.1580e-02  1.1280e-02
  6334.43      1.5787  1.0140e-02  1.0730e-02  1.0310e-02  1.1600e-02  1.1290e-02
  6332.93      1.5790  1.0260e-02  1.0850e-02  1.0430e-02  1.1600e-02  1.1300e-02
  6331.43      1.5794  1.0340e-02  1.0930e-02  1.0510e-02  1.1610e-02  1.1300e-02
  6329.93      1.5798  1.0260e-02  1.0850e-02  1.0430e-02  1.1600e-02  1.1300e-02
  6328.43      1.5802  1.0130e-02  1.0710e-02  1.0290e-02  1.1590e-02  1.1290e-02
  6326.93      1.5805  1.0090e-02  1.0680e-02  1.0260e-02  1.1570e-02  1.1270e-02
  6325.43      1.5809  1.0210e-02  1.0800e-02  1.0380e-02  1.1560e-02  1.1260e-02
  6323.93      1.5813  1.0220e-02  1.0810e-02  1.0390e-02  1.1540e-02  1.1230e-02
  6322.43      1.5817  1.0060e-02  1.0650e-02  1.0230e-02  1.1530e-02  1.1220e-02
  6320.93      1.5820  9.9000e-03  1.0480e-02  1.0060e-02  1.1510e-02  1.1200e-02
  6319.43      1.5824  9.9100e-03  1.0500e-02  1.0070e-02  1.1490e-02  1.1190e-02
  6317.93      1.5828  9.9400e-03  1.0530e-02  1.0110e-02  1.1490e-02  1.1180e-02
  6316.43      1.5832  9.9400e-03  1.0530e-02  1.0110e-02  1.1480e-02  1.1170e-02
  6314.93      1.5835  9.9600e-03  1.0540e-02  1.0120e-02  1.1480e-02  1.1170e-02
  6313.43      1.5839  1.0050e-02  1.0640e-02  1.0210e-02  1.1490e-02  1.1180e-02
  6311.93      1.5843  1.0150e-02  1.0740e-02  1.0320e-02  1.1490e-02  1.1180e-02
  6310.43      1.5847  1.0200e-02  1.0780e-02  1.0360e-02  1.1490e-02  1.1180e-02
  6308.93      1.5851  1.0140e-02  1.0730e-02  1.0300e-02  1.1490e-02  1.1180e-02
  6307.43      1.5854  1.0030e-02  1.0610e-02  1.0190e-02  1.1490e-02  1.1180e-02
  6305.93      1.5858  9.9800e-03  1.0560e-02  1.0140e-02  1.1490e-02  1.1180e-02
  6304.43      1.5862  9.9800e-03  1.0570e-02  1.0140e-02  1.1480e-02  1.1170e-02
  6302.93      1.5866  1.0000e-02  1.0590e-02  1.0170e-02  1.1470e-02  1.1160e-02
  6301.43      1.5869  1.0060e-02  1.0650e-02  1.0220e-02  1.1470e-02  1.1160e-02
  6299.93      1.5873  1.0050e-02  1.0640e-02  1.0210e-02  1.1450e-02  1.1140e-02
  6298.43      1.5877  1.0030e-02  1.0620e-02  1.0190e-02  1.1440e-02  1.1130e-02
  6296.93      1.5881  1.0060e-02  1.0650e-02  1.0220e-02  1.1420e-02  1.1110e-02
  6295.43      1.5885  1.0020e-02  1.0610e-02  1.0180e-02  1.1410e-02  1.1090e-02
  6293.93      1.5888  9.8600e-03  1.0450e-02  1.0020e-02  1.1390e-02  1.1080e-02
  6292.43      1.5892  9.7500e-03  1.0330e-02  9.9100e-03  1.1380e-02  1.1060e-02
  6290.93      1.5896  9.8000e-03  1.0390e-02  9.9600e-03  1.1370e-02  1.1060e-02
  6289.43      1.5900  9.9000e-03  1.0490e-02  1.0060e-02  1.1370e-02  1.1060e-02
  6287.93      1.5903  9.9100e-03  1.0500e-02  1.0070e-02  1.1370e-02  1.1060e-02
  6286.43      1.5907  9.8700e-03  1.0460e-02  1.0030e-02  1.1380e-02  1.1070e-02
  6284.93      1.5911  9.8700e-03  1.0460e-02  1.0030e-02  1.1390e-02  1.1070e-02
  6283.43      1.5915  9.9400e-03  1.0530e-02  1.0100e-02  1.1410e-02  1.1090e-02
  6281.93      1.5919  9.9900e-03  1.0580e-02  1.0150e-02  1.1420e-02  1.1100e-02
  6280.43      1.5922  9.9900e-03  1.0580e-02  1.0150e-02  1.1440e-02  1.1120e-02
  6278.93      1.5926  1.0000e-02  1.0580e-02  1.0150e-02  1.1450e-02  1.1140e-02
  6277.43      1.5930  1.0040e-02  1.0630e-02  1.0200e-02  1.1460e-02  1.1140e-02
  6275.93      1.5934  1.0100e-02  1.0690e-02  1.0260e-02  1.1470e-02  1.1150e-02
  6274.43      1.5938  1.0130e-02  1.0720e-02  1.0290e-02  1.1470e-02  1.1150e-02
  6272.93      1.5942  1.0110e-02  1.0690e-02  1.0260e-02  1.1470e-02  1.1150e-02
  6271.43      1.5945  1.0030e-02  1.0620e-02  1.0190e-02  1.1470e-02  1.1140e-02
  6269.93      1.5949  1.0000e-02  1.0580e-02  1.0150e-02  1.1460e-02  1.1140e-02
  6268.43      1.5953  9.9700e-03  1.0550e-02  1.0120e-02  1.1450e-02  1.1130e-02
  6266.93      1.5957  9.9000e-03  1.0490e-02  1.0050e-02  1.1450e-02  1.1130e-02
  6265.43      1.5961  9.8300e-03  1.0420e-02  9.9900e-03  1.1450e-02  1.1120e-02
  6263.93      1.5964  9.8600e-03  1.0450e-02  1.0010e-02  1.1450e-02  1.1120e-02
  6262.43      1.5968  9.9600e-03  1.0550e-02  1.0120e-02  1.1450e-02  1.1130e-02
  6260.93      1.5972  1.0050e-02  1.0640e-02  1.0210e-02  1.1450e-02  1.1130e-02
  6259.43      1.5976  1.0080e-02  1.0670e-02  1.0240e-02  1.1460e-02  1.1140e-02
  6257.93      1.5980  1.0030e-02  1.0620e-02  1.0180e-02  1.1460e-02  1.1140e-02
  6256.43      1.5984  1.0010e-02  1.0600e-02  1.0170e-02  1.1460e-02  1.1140e-02
  6254.93      1.5987  1.0090e-02  1.0680e-02  1.0240e-02  1.1470e-02  1.1140e-02
  6253.43      1.5991  1.0090e-02  1.0680e-02  1.0240e-02  1.1470e-02  1.1140e-02
  6251.93      1.5995  1.0000e-02  1.0590e-02  1.0160e-02  1.1460e-02  1.1130e-02
  6250.43      1.5999  9.9500e-03  1.0530e-02  1.0100e-02  1.1460e-02  1.1130e-02
  6248.93      1.6003  9.9600e-03  1.0550e-02  1.0120e-02  1.1450e-02  1.1120e-02
  6247.43      1.6007  9.9400e-03  1.0530e-02  1.0090e-02  1.1440e-02  1.1120e-02
  6245.93      1.6010  9.9300e-03  1.0520e-02  1.0080e-02  1.1430e-02  1.1110e-02
  6244.43      1.6014  9.9400e-03  1.0530e-02  1.0090e-02  1.1430e-02  1.1100e-02
  6242.93      1.6018  9.9700e-03  1.0560e-02  1.0120e-02  1.1420e-02  1.1100e-02
  6241.43      1.6022  9.9700e-03  1.0560e-02  1.0120e-02  1.1420e-02  1.1100e-02
  6239.93      1.6026  9.9500e-03  1.0540e-02  1.0100e-02  1.1420e-02  1.1090e-02
  6238.43      1.6030  9.9400e-03  1.0530e-02  1.0090e-02  1.1420e-02  1.1100e-02
  6236.93      1.6034  9.9500e-03  1.0540e-02  1.0100e-02  1.1430e-02  1.1100e-02
  6235.43      1.6037  9.9300e-03  1.0520e-02  1.0080e-02  1.1430e-02  1.1100e-02
  6233.93      1.6041  9.9200e-03  1.0510e-02  1.0070e-02  1.1430e-02  1.1100e-02
  6232.43      1.6045  9.9400e-03  1.0530e-02  1.0090e-02  1.1440e-02  1.1110e-02
  6230.93      1.6049  9.9800e-03  1.0570e-02  1.0130e-02  1.1440e-02  1.1110e-02
  6229.43      1.6053  1.0010e-02  1.0600e-02  1.0160e-02  1.1440e-02  1.1110e-02
  6227.93      1.6057  1.0040e-02  1.0630e-02  1.0190e-02  1.1440e-02  1.1100e-02
  6226.43      1.6061  1.0040e-02  1.0630e-02  1.0190e-02  1.1430e-02  1.1100e-02
  6224.93      1.6064  1.0010e-02  1.0600e-02  1.0150e-02  1.1430e-02  1.1080e-02
  6223.43      1.6068  9.9800e-03  1.0570e-02  1.0120e-02  1.1410e-02  1.1080e-02
  6221.93      1.6072  9.9500e-03  1.0540e-02  1.0090e-02  1.1390e-02  1.1060e-02
  6220.43      1.6076  9.9000e-03  1.0490e-02  1.0040e-02  1.1370e-02  1.1040e-02
  6218.93      1.6080  9.8200e-03  1.0410e-02  9.9700e-03  1.1350e-02  1.1020e-02
  6217.43      1.6084  9.7600e-03  1.0350e-02  9.9000e-03  1.1320e-02  1.0980e-02
  6215.93      1.6088  9.8400e-03  1.0430e-02  9.9800e-03  1.1290e-02  1.0950e-02
  6214.43      1.6092  9.9200e-03  1.0510e-02  1.0060e-02  1.1260e-02  1.0920e-02
  6212.92      1.6095  9.8700e-03  1.0460e-02  1.0020e-02  1.1220e-02  1.0890e-02
  6211.42      1.6099  9.7700e-03  1.0360e-02  9.9100e-03  1.1190e-02  1.0860e-02
  6209.92      1.6103  9.7000e-03  1.0290e-02  9.8400e-03  1.1160e-02  1.0830e-02
  6208.42      1.6107  9.6000e-03  1.0190e-02  9.7500e-03  1.1130e-02  1.0800e-02
  6206.92      1.6111  9.4700e-03  1.0060e-02  9.6100e-03  1.1120e-02  1.0780e-02
  6205.42      1.6115  9.4200e-03  1.0010e-02  9.5600e-03  1.1100e-02  1.0770e-02
  6203.92      1.6119  9.4400e-03  1.0030e-02  9.5800e-03  1.1100e-02  1.0770e-02
  6202.42      1.6123  9.4800e-03  1.0070e-02  9.6200e-03  1.1110e-02  1.0780e-02
  6200.92      1.6127  9.5300e-03  1.0120e-02  9.6700e-03  1.1130e-02  1.0790e-02
  6199.42      1.6131  9.6200e-03  1.0210e-02  9.7600e-03  1.1150e-02  1.0820e-02
  6197.92      1.6134  9.7400e-03  1.0330e-02  9.8800e-03  1.1190e-02  1.0850e-02
  6196.42      1.6138  9.8200e-03  1.0410e-02  9.9600e-03  1.1220e-02  1.0880e-02
  6194.92      1.6142  9.8400e-03  1.0430e-02  9.9800e-03  1.1260e-02  1.0920e-02
  6193.42      1.6146  9.8500e-03  1.0440e-02  9.9900e-03  1.1290e-02  1.0950e-02
  6191.92      1.6150  9.9300e-03  1.0520e-02  1.0070e-02  1.1330e-02  1.0990e-02
  6190.42      1.6154  9.9600e-03  1.0550e-02  1.0100e-02  1.1340e-02  1.1000e-02
  6188.92      1.6158  9.9100e-03  1.0500e-02  1.0050e-02  1.1350e-02  1.1010e-02
  6187.42      1.6162  9.9200e-03  1.0510e-02  1.0060e-02  1.1360e-02  1.1010e-02
  6185.92      1.6166  9.9400e-03  1.0530e-02  1.0080e-02  1.1350e-02  1.1010e-02
  6184.42      1.6170  9.9800e-03  1.0570e-02  1.0120e-02  1.1350e-02  1.1000e-02
  6182.92      1.6174  1.0020e-02  1.0610e-02  1.0160e-02  1.1330e-02  1.0990e-02
  6181.42      1.6178  9.9700e-03  1.0560e-02  1.0110e-02  1.1310e-02  1.0970e-02
  6179.92      1.6181  9.8000e-03  1.0390e-02  9.9400e-03  1.1300e-02  1.0950e-02
  6178.42      1.6185  9.5800e-03  1.0170e-02  9.7100e-03  1.1270e-02  1.0930e-02
  6176.92      1.6189  9.4500e-03  1.0050e-02  9.5900e-03  1.1260e-02  1.0920e-02
  6175.42      1.6193  9.5600e-03  1.0150e-02  9.6900e-03  1.1260e-02  1.0910e-02
  6173.92      1.6197  9.7300e-03  1.0320e-02  9.8700e-03  1.1260e-02  1.0910e-02
  6172.42      1.6201  9.8900e-03  1.0480e-02  1.0030e-02  1.1260e-02  1.0920e-02
  6170.92      1.6205  9.9600e-03  1.0550e-02  1.0100e-02  1.1270e-02  1.0920e-02
  6169.42      1.6209  9.8900e-03  1.0480e-02  1.0020e-02  1.1270e-02  1.0930e-02
  6167.92      1.6213  9.7800e-03  1.0370e-02  9.9100e-03  1.1280e-02  1.0930e-02
  6166.42      1.6217  9.7200e-03  1.0310e-02  9.8500e-03  1.1280e-02  1.0930e-02
  6164.92      1.6221  9.7300e-03  1.0330e-02  9.8700e-03  1.1290e-02  1.0930e-02
  6163.42      1.6225  9.8300e-03  1.0420e-02  9.9600e-03  1.1290e-02  1.0930e-02
  6161.92      1.6229  9.8900e-03  1.0480e-02  1.0020e-02  1.1280e-02  1.0920e-02
  6160.42      1.6233  9.8800e-03  1.0470e-02  1.0010e-02  1.1260e-02  1.0910e-02
  6158.92      1.6237  9.8500e-03  1.0440e-02  9.9800e-03  1.1230e-02  1.0880e-02
  6157.42      1.6241  9.8300e-03  1.0420e-02  9.9600e-03  1.1200e-02  1.0850e-02
  6155.92      1.6245  9.7700e-03  1.0360e-02  9.9000e-03  1.1170e-02  1.0820e-02
  6154.42      1.6248  9.6700e-03  1.0270e-02  9.8000e-03  1.1130e-02  1.0780e-02
  6152.92      1.6252  9.5700e-03  1.0160e-02  9.7000e-03  1.1100e-02  1.0750e-02
  6151.42      1.6256  9.4700e-03  1.0060e-02  9.6000e-03  1.1070e-02  1.0710e-02
  6149.92      1.6260  9.4100e-03  1.0000e-02  9.5300e-03  1.1050e-02  1.0700e-02
  6148.42      1.6264  9.3700e-03  9.9700e-03  9.5000e-03  1.1030e-02  1.0680e-02
  6146.92      1.6268  9.3600e-03  9.9500e-03  9.4900e-03  1.1020e-02  1.0670e-02
  6145.42      1.6272  9.3600e-03  9.9500e-03  9.4900e-03  1.1020e-02  1.0670e-02
  6143.92      1.6276  9.4500e-03  1.0040e-02  9.5800e-03  1.1020e-02  1.0680e-02
  6142.42      1.6280  9.5600e-03  1.0160e-02  9.6900e-03  1.1040e-02  1.0680e-02
  6140.92      1.6284  9.6200e-03  1.0210e-02  9.7400e-03  1.1060e-02  1.0700e-02
  6139.42      1.6288  9.6600e-03  1.0250e-02  9.7800e-03  1.1070e-02  1.0720e-02
  6137.92      1.6292  9.7000e-03  1.0290e-02  9.8300e-03  1.1100e-02  1.0740e-02
  6136.42      1.6296  9.7000e-03  1.0290e-02  9.8200e-03  1.1110e-02  1.0750e-02
  6134.92      1.6300  9.6500e-03  1.0240e-02  9.7700e-03  1.1120e-02  1.0760e-02
  6133.42      1.6304  9.6500e-03  1.0240e-02  9.7700e-03  1.1130e-02  1.0770e-02
  6131.92      1.6308  9.6400e-03  1.0230e-02  9.7600e-03  1.1130e-02  1.0770e-02
  6130.42      1.6312  9.6100e-03  1.0210e-02  9.7400e-03  1.1120e-02  1.0760e-02
  6128.92      1.6316  9.6300e-03  1.0220e-02  9.7500e-03  1.1110e-02  1.0750e-02
  6127.42      1.6320  9.6900e-03  1.0280e-02  9.8100e-03  1.1100e-02  1.0740e-02
  6125.92      1.6324  9.7000e-03  1.0290e-02  9.8200e-03  1.1100e-02  1.0740e-02
  6124.42      1.6328  9.6400e-03  1.0230e-02  9.7600e-03  1.1090e-02  1.0730e-02
  6122.92      1.6332  9.5200e-03  1.0110e-02  9.6400e-03  1.1080e-02  1.0720e-02
  6121.42      1.6336  9.4200e-03  1.0010e-02  9.5400e-03  1.1070e-02  1.0710e-02
  6119.92      1.6340  9.3800e-03  9.9700e-03  9.5000e-03  1.1070e-02  1.0700e-02
  6118.42      1.6344  9.4500e-03  1.0040e-02  9.5700e-03  1.1060e-02  1.0700e-02
  6116.92      1.6348  9.5800e-03  1.0170e-02  9.7000e-03  1.1060e-02  1.0700e-02
  6115.42      1.6352  9.6800e-03  1.0270e-02  9.8000e-03  1.1060e-02  1.0700e-02
  6113.92      1.6356  9.7300e-03  1.0320e-02  9.8500e-03  1.1060e-02  1.0700e-02
  6112.42      1.6360  9.7000e-03  1.0300e-02  9.8200e-03  1.1060e-02  1.0690e-02
  6110.92      1.6364  9.5900e-03  1.0180e-02  9.7100e-03  1.1050e-02  1.0680e-02
  6109.42      1.6368  9.4700e-03  1.0060e-02  9.5800e-03  1.1050e-02  1.0680e-02
  6107.92      1.6372  9.4500e-03  1.0040e-02  9.5600e-03  1.1040e-02  1.0670e-02
  6106.42      1.6376  9.4900e-03  1.0080e-02  9.6100e-03  1.1040e-02  1.0670e-02
  6104.92      1.6380  9.5100e-03  1.0100e-02  9.6300e-03  1.1030e-02  1.0670e-02
  6103.42      1.6384  9.4700e-03  1.0070e-02  9.5900e-03  1.1030e-02  1.0660e-02
  6101.92      1.6388  9.4900e-03  1.0090e-02  9.6100e-03  1.1020e-02  1.0660e-02
  6100.42      1.6392  9.5400e-03  1.0130e-02  9.6600e-03  1.1030e-02  1.0660e-02
  6098.92      1.6396  9.5400e-03  1.0130e-02  9.6500e-03  1.1030e-02  1.0660e-02
  6097.42      1.6400  9.5000e-03  1.0090e-02  9.6100e-03  1.1040e-02  1.0670e-02
  6095.92      1.6404  9.5400e-03  1.0130e-02  9.6500e-03  1.1050e-02  1.0680e-02
  6094.42      1.6408  9.5700e-03  1.0160e-02  9.6800e-03  1.1060e-02  1.0690e-02
  6092.92      1.6413  9.4900e-03  1.0090e-02  9.6100e-03  1.1070e-02  1.0690e-02
  6091.42      1.6417  9.4300e-03  1.0020e-02  9.5400e-03  1.1080e-02  1.0700e-02
  6089.92      1.6421  9.5400e-03  1.0130e-02  9.6600e-03  1.1090e-02  1.0710e-02
  6088.42      1.6425  9.7200e-03  1.0320e-02  9.8400e-03  1.1090e-02  1.0710e-02
  6086.92      1.6429  9.8100e-03  1.0400e-02  9.9200e-03  1.1080e-02  1.0710e-02
  6085.42      1.6433  9.7500e-03  1.0340e-02  9.8600e-03  1.1070e-02  1.0700e-02
  6083.92      1.6437  9.6400e-03  1.0230e-02  9.7500e-03  1.1050e-02  1.0670e-02
  6082.42      1.6441  9.5400e-03  1.0140e-02  9.6500e-03  1.1040e-02  1.0660e-02
  6080.92      1.6445  9.4900e-03  1.0090e-02  9.6000e-03  1.1020e-02  1.0640e-02
  6079.42      1.6449  9.4600e-03  1.0050e-02  9.5700e-03  1.1010e-02  1.0630e-02
  6077.92      1.6453  9.3800e-03  9.9700e-03  9.4900e-03  1.1000e-02  1.0620e-02
  6076.42      1.6457  9.2700e-03  9.8600e-03  9.3800e-03  1.0990e-02  1.0610e-02
  6074.91      1.6461  9.2100e-03  9.8000e-03  9.3200e-03  1.0990e-02  1.0610e-02
  6073.41      1.6465  9.2600e-03  9.8600e-03  9.3700e-03  1.1000e-02  1.0620e-02
  6071.91      1.6469  9.4100e-03  1.0010e-02  9.5200e-03  1.1010e-02  1.0630e-02
  6070.41      1.6473  9.5900e-03  1.0190e-02  9.7000e-03  1.1030e-02  1.0650e-02
  6068.91      1.6477  9.7300e-03  1.0320e-02  9.8400e-03  1.1040e-02  1.0660e-02
  6067.41      1.6481  9.7800e-03  1.0380e-02  9.8900e-03  1.1050e-02  1.0670e-02
  6065.91      1.6486  9.7600e-03  1.0360e-02  9.8700e-03  1.1050e-02  1.0660e-02
  6064.41      1.6490  9.7100e-03  1.0300e-02  9.8100e-03  1.1030e-02  1.0650e-02
  6062.91      1.6494  9.6300e-03  1.0220e-02  9.7400e-03  1.1010e-02  1.0620e-02
  6061.41      1.6498  9.5000e-03  1.0100e-02  9.6100e-03  1.0980e-02  1.0600e-02
  6059.91      1.6502  9.4000e-03  1.0000e-02  9.5100e-03  1.0950e-02  1.0570e-02
  6058.41      1.6506  9.3300e-03  9.9300e-03  9.4400e-03  1.0920e-02  1.0540e-02
  6056.91      1.6510  9.2600e-03  9.8500e-03  9.3600e-03  1.0880e-02  1.0500e-02
  6055.41      1.6514  9.1500e-03  9.7400e-03  9.2500e-03  1.0860e-02  1.0470e-02
  6053.91      1.6518  9.0800e-03  9.6700e-03  9.1800e-03  1.0840e-02  1.0450e-02
  6052.41      1.6522  9.1100e-03  9.7000e-03  9.2100e-03  1.0830e-02  1.0440e-02
  6050.91      1.6526  9.2500e-03  9.8400e-03  9.3500e-03  1.0830e-02  1.0440e-02
  6049.41      1.6531  9.3700e-03  9.9600e-03  9.4700e-03  1.0840e-02  1.0440e-02
  6047.91      1.6535  9.4200e-03  1.0010e-02  9.5200e-03  1.0840e-02  1.0460e-02
  6046.41      1.6539  9.4200e-03  1.0020e-02  9.5200e-03  1.0860e-02  1.0470e-02
  6044.91      1.6543  9.4200e-03  1.0020e-02  9.5200e-03  1.0860e-02  1.0480e-02
  6043.41      1.6547  9.4100e-03  1.0000e-02  9.5000e-03  1.0870e-02  1.0480e-02
  6041.91      1.6551  9.3500e-03  9.9400e-03  9.4400e-03  1.0870e-02  1.0480e-02
  6040.41      1.6555  9.3000e-03  9.8900e-03  9.4000e-03  1.0870e-02  1.0480e-02
  6038.91      1.6559  9.3500e-03  9.9400e-03  9.4500e-03  1.0870e-02  1.0480e-02
  6037.41      1.6563  9.4900e-03  1.0080e-02  9.5800e-03  1.0870e-02  1.0480e-02
  6035.91      1.6568  9.4900e-03  1.0080e-02  9.5800e-03  1.0860e-02  1.0470e-02
  6034.41      1.6572  9.3500e-03  9.9400e-03  9.4400e-03  1.0850e-02  1.0460e-02
  6032.91      1.6576  9.1800e-03  9.7700e-03  9.2700e-03  1.0830e-02  1.0440e-02
  6031.41      1.6580  9.1000e-03  9.7000e-03  9.2000e-03  1.0830e-02  1.0430e-02
  6029.91      1.6584  9.1800e-03  9.7800e-03  9.2800e-03  1.0820e-02  1.0420e-02
  6028.41      1.6588  9.3000e-03  9.8900e-03  9.3900e-03  1.0820e-02  1.0420e-02
  6026.91      1.6592  9.3400e-03  9.9300e-03  9.4300e-03  1.0810e-02  1.0420e-02
  6025.41      1.6596  9.3700e-03  9.9600e-03  9.4600e-03  1.0810e-02  1.0420e-02
  6023.91      1.6601  9.4100e-03  1.0000e-02  9.5000e-03  1.0810e-02  1.0410e-02
  6022.41      1.6605  9.3700e-03  9.9700e-03  9.4700e-03  1.0800e-02  1.0410e-02
  6020.91      1.6609  9.2200e-03  9.8200e-03  9.3200e-03  1.0800e-02  1.0400e-02
  6019.41      1.6613  9.0800e-03  9.6800e-03  9.1700e-03  1.0790e-02  1.0400e-02
  6017.91      1.6617  9.1400e-03  9.7300e-03  9.2300e-03  1.0790e-02  1.0390e-02
  6016.41      1.6621  9.2900e-03  9.8800e-03  9.3800e-03  1.0790e-02  1.0390e-02
  6014.91      1.6625  9.3500e-03  9.9500e-03  9.4400e-03  1.0790e-02  1.0390e-02
  6013.41      1.6629  9.3600e-03  9.9500e-03  9.4500e-03  1.0780e-02  1.0380e-02
  6011.91      1.6634  9.3000e-03  9.8900e-03  9.3900e-03  1.0780e-02  1.0380e-02
  6010.41      1.6638  9.2200e-03  9.8100e-03  9.3000e-03  1.0760e-02  1.0360e-02
  6008.91      1.6642  9.1800e-03  9.7700e-03  9.2700e-03  1.0740e-02  1.0340e-02
  6007.41      1.6646  9.2100e-03  9.8000e-03  9.3000e-03  1.0740e-02  1.0330e-02
  6005.91      1.6650  9.2100e-03  9.8000e-03  9.2900e-03  1.0720e-02  1.0320e-02
  6004.41      1.6654  9.1900e-03  9.7900e-03  9.2800e-03  1.0710e-02  1.0310e-02
  6002.91      1.6659  9.2100e-03  9.8000e-03  9.3000e-03  1.0690e-02  1.0290e-02
  6001.41      1.6663  9.2000e-03  9.8000e-03  9.2900e-03  1.0670e-02  1.0270e-02
  5999.91      1.6667  9.1100e-03  9.7000e-03  9.2000e-03  1.0650e-02  1.0240e-02
  5998.41      1.6671  9.0000e-03  9.5900e-03  9.0800e-03  1.0630e-02  1.0220e-02
  5996.91      1.6675  8.9600e-03  9.5600e-03  9.0500e-03  1.0600e-02  1.0200e-02
  5995.41      1.6679  9.0400e-03  9.6300e-03  9.1200e-03  1.0590e-02  1.0170e-02
  5993.91      1.6684  9.1000e-03  9.7000e-03  9.1900e-03  1.0560e-02  1.0160e-02
  5992.41      1.6688  9.0900e-03  9.6800e-03  9.1700e-03  1.0540e-02  1.0130e-02
  5990.91      1.6692  9.0200e-03  9.6200e-03  9.1000e-03  1.0520e-02  1.0110e-02
  5989.41      1.6696  8.9900e-03  9.5800e-03  9.0700e-03  1.0490e-02  1.0080e-02
  5987.91      1.6700  8.9000e-03  9.5000e-03  8.9800e-03  1.0470e-02  1.0060e-02
  5986.41      1.6705  8.8100e-03  9.4000e-03  8.8800e-03  1.0440e-02  1.0040e-02
  5984.91      1.6709  8.7600e-03  9.3500e-03  8.8400e-03  1.0430e-02  1.0010e-02
  5983.41      1.6713  8.7900e-03  9.3800e-03  8.8600e-03  1.0410e-02  1.0000e-02
  5981.91      1.6717  8.8800e-03  9.4700e-03  8.9600e-03  1.0400e-02  9.9900e-03
  5980.41      1.6721  8.9300e-03  9.5300e-03  9.0100e-03  1.0400e-02  9.9900e-03
  5978.91      1.6725  8.8900e-03  9.4800e-03  8.9700e-03  1.0390e-02  9.9800e-03
  5977.41      1.6730  8.8000e-03  9.4000e-03  8.8800e-03  1.0390e-02  9.9800e-03
  5975.91      1.6734  8.7400e-03  9.3300e-03  8.8100e-03  1.0400e-02  9.9900e-03
  5974.41      1.6738  8.7300e-03  9.3200e-03  8.8000e-03  1.0400e-02  9.9900e-03
  5972.91      1.6742  8.7800e-03  9.3800e-03  8.8600e-03  1.0420e-02  1.0000e-02
  5971.41      1.6746  8.8700e-03  9.4600e-03  8.9500e-03  1.0420e-02  1.0010e-02
  5969.91      1.6751  9.0000e-03  9.5900e-03  9.0700e-03  1.0440e-02  1.0030e-02
  5968.41      1.6755  9.0600e-03  9.6600e-03  9.1400e-03  1.0450e-02  1.0030e-02
  5966.91      1.6759  9.0200e-03  9.6200e-03  9.1000e-03  1.0450e-02  1.0030e-02
  5965.41      1.6763  8.9900e-03  9.5800e-03  9.0600e-03  1.0450e-02  1.0030e-02
  5963.91      1.6768  8.9300e-03  9.5200e-03  9.0000e-03  1.0450e-02  1.0030e-02
  5962.41      1.6772  8.8600e-03  9.4600e-03  8.9300e-03  1.0440e-02  1.0020e-02
  5960.91      1.6776  8.8100e-03  9.4100e-03  8.8800e-03  1.0440e-02  1.0020e-02
  5959.41      1.6780  8.8100e-03  9.4000e-03  8.8800e-03  1.0430e-02  1.0010e-02
  5957.91      1.6784  8.8700e-03  9.4700e-03  8.9400e-03  1.0420e-02  1.0000e-02
  5956.41      1.6789  8.9100e-03  9.5000e-03  8.9700e-03  1.0410e-02  9.9900e-03
  5954.91      1.6793  8.8500e-03  9.4400e-03  8.9200e-03  1.0390e-02  9.9700e-03
  5953.41      1.6797  8.8100e-03  9.4000e-03  8.8800e-03  1.0380e-02  9.9600e-03
  5951.91      1.6801  8.8300e-03  9.4300e-03  8.9000e-03  1.0370e-02  9.9400e-03
  5950.41      1.6806  8.8700e-03  9.4600e-03  8.9400e-03  1.0360e-02  9.9300e-03
  5948.91      1.6810  8.8500e-03  9.4400e-03  8.9200e-03  1.0340e-02  9.9200e-03
  5947.41      1.6814  8.8000e-03  9.3900e-03  8.8700e-03  1.0330e-02  9.9100e-03
  5945.91      1.6818  8.7600e-03  9.3500e-03  8.8300e-03  1.0310e-02  9.8900e-03
  5944.40      1.6823  8.7300e-03  9.3300e-03  8.8000e-03  1.0290e-02  9.8800e-03
  5942.90      1.6827  8.7000e-03  9.2900e-03  8.7600e-03  1.0290e-02  9.8600e-03
  5941.40      1.6831  8.6500e-03  9.2400e-03  8.7100e-03  1.0270e-02  9.8500e-03
  5939.90      1.6835  8.6200e-03  9.2200e-03  8.6800e-03  1.0260e-02  9.8400e-03
  5938.40      1.6840  8.6400e-03  9.2400e-03  8.7100e-03  1.0250e-02  9.8200e-03
  5936.90      1.6844  8.6900e-03  9.2800e-03  8.7500e-03  1.0240e-02  9.8200e-03
  5935.40      1.6848  8.7200e-03  9.3100e-03  8.7800e-03  1.0230e-02  9.8000e-03
  5933.90      1.6852  8.7700e-03  9.3600e-03  8.8300e-03  1.0220e-02  9.7900e-03
  5932.40      1.6857  8.7700e-03  9.3600e-03  8.8300e-03  1.0210e-02  9.7800e-03
  5930.90      1.6861  8.7100e-03  9.3100e-03  8.7700e-03  1.0190e-02  9.7600e-03
  5929.40      1.6865  8.6700e-03  9.2700e-03  8.7300e-03  1.0190e-02  9.7600e-03
  5927.90      1.6869  8.5900e-03  9.1800e-03  8.6500e-03  1.0180e-02  9.7400e-03
  5926.40      1.6874  8.4600e-03  9.0500e-03  8.5100e-03  1.0170e-02  9.7400e-03
  5924.90      1.6878  8.3700e-03  8.9600e-03  8.4200e-03  1.0170e-02  9.7400e-03
  5923.40      1.6882  8.4300e-03  9.0300e-03  8.4900e-03  1.0170e-02  9.7400e-03
  5921.90      1.6886  8.6000e-03  9.1900e-03  8.6500e-03  1.0190e-02  9.7500e-03
  5920.40      1.6891  8.7200e-03  9.3100e-03  8.7800e-03  1.0200e-02  9.7600e-03
  5918.90      1.6895  8.7400e-03  9.3400e-03  8.8000e-03  1.0210e-02  9.7700e-03
  5917.40      1.6899  8.7400e-03  9.3400e-03  8.8000e-03  1.0210e-02  9.7800e-03
  5915.90      1.6904  8.7000e-03  9.2900e-03  8.7500e-03  1.0220e-02  9.7800e-03
  5914.40      1.6908  8.6900e-03  9.2800e-03  8.7400e-03  1.0220e-02  9.7800e-03
  5912.90      1.6912  8.7500e-03  9.3400e-03  8.8000e-03  1.0220e-02  9.7800e-03
  5911.40      1.6916  8.7900e-03  9.3800e-03  8.8400e-03  1.0210e-02  9.7700e-03
  5909.90      1.6921  8.7700e-03  9.3700e-03  8.8300e-03  1.0200e-02  9.7600e-03
  5908.40      1.6925  8.6900e-03  9.2800e-03  8.7400e-03  1.0170e-02  9.7300e-03
  5906.90      1.6929  8.5500e-03  9.1400e-03  8.6000e-03  1.0150e-02  9.7100e-03
  5905.40      1.6934  8.4000e-03  8.9900e-03  8.4500e-03  1.0120e-02  9.6800e-03
  5903.90      1.6938  8.3500e-03  8.9500e-03  8.4000e-03  1.0110e-02  9.6600e-03
  5902.40      1.6942  8.4300e-03  9.0200e-03  8.4800e-03  1.0090e-02  9.6500e-03
  5900.90      1.6947  8.5300e-03  9.1200e-03  8.5800e-03  1.0080e-02  9.6400e-03
  5899.40      1.6951  8.5000e-03  9.0900e-03  8.5400e-03  1.0080e-02  9.6300e-03
  5897.90      1.6955  8.4900e-03  9.0800e-03  8.5400e-03  1.0080e-02  9.6300e-03
  5896.40      1.6959  8.5300e-03  9.1200e-03  8.5700e-03  1.0080e-02  9.6300e-03
  5894.90      1.6964  8.5300e-03  9.1200e-03  8.5700e-03  1.0080e-02  9.6300e-03
  5893.40      1.6968  8.4600e-03  9.0500e-03  8.5000e-03  1.0090e-02  9.6400e-03
  5891.90      1.6972  8.4500e-03  9.0500e-03  8.5000e-03  1.0100e-02  9.6500e-03
  5890.40      1.6977  8.5500e-03  9.1400e-03  8.5900e-03  1.0100e-02  9.6500e-03
  5888.90      1.6981  8.6600e-03  9.2500e-03  8.7000e-03  1.0110e-02  9.6600e-03
  5887.40      1.6985  8.6900e-03  9.2800e-03  8.7300e-03  1.0110e-02  9.6600e-03
  5885.90      1.6990  8.6300e-03  9.2200e-03  8.6700e-03  1.0120e-02  9.6600e-03
  5884.40      1.6994  8.5300e-03  9.1200e-03  8.5700e-03  1.0120e-02  9.6600e-03
  5882.90      1.6998  8.4600e-03  9.0500e-03  8.5000e-03  1.0120e-02  9.6600e-03
  5881.40      1.7003  8.4700e-03  9.0700e-03  8.5100e-03  1.0120e-02  9.6600e-03
  5879.90      1.7007  8.5500e-03  9.1400e-03  8.5900e-03  1.0120e-02  9.6600e-03
  5878.40      1.7011  8.5500e-03  9.1500e-03  8.5900e-03  1.0110e-02  9.6600e-03
  5876.90      1.7016  8.4700e-03  9.0700e-03  8.5100e-03  1.0110e-02  9.6500e-03
  5875.40      1.7020  8.5000e-03  9.1000e-03  8.5400e-03  1.0100e-02  9.6400e-03
  5873.90      1.7024  8.6300e-03  9.2200e-03  8.6600e-03  1.0100e-02  9.6400e-03
  5872.40      1.7029  8.7000e-03  9.2900e-03  8.7400e-03  1.0090e-02  9.6300e-03
  5870.90      1.7033  8.6400e-03  9.2300e-03  8.6700e-03  1.0080e-02  9.6200e-03
  5869.40      1.7038  8.5100e-03  9.1000e-03  8.5400e-03  1.0070e-02  9.6100e-03
  5867.90      1.7042  8.4200e-03  9.0100e-03  8.4500e-03  1.0060e-02  9.6000e-03
  5866.40      1.7046  8.3600e-03  8.9600e-03  8.4000e-03  1.0050e-02  9.5900e-03
  5864.90      1.7051  8.3400e-03  8.9300e-03  8.3800e-03  1.0050e-02  9.5900e-03
  5863.40      1.7055  8.4000e-03  8.9900e-03  8.4300e-03  1.0050e-02  9.5900e-03
  5861.90      1.7059  8.4700e-03  9.0600e-03  8.5000e-03  1.0060e-02  9.5900e-03
  5860.40      1.7064  8.4900e-03  9.0800e-03  8.5200e-03  1.0060e-02  9.6000e-03
  5858.90      1.7068  8.4800e-03  9.0700e-03  8.5100e-03  1.0070e-02  9.6000e-03
  5857.40      1.7072  8.4600e-03  9.0600e-03  8.5000e-03  1.0080e-02  9.6100e-03
  5855.90      1.7077  8.5000e-03  9.0900e-03  8.5300e-03  1.0090e-02  9.6200e-03
  5854.40      1.7081  8.5700e-03  9.1600e-03  8.6000e-03  1.0110e-02  9.6400e-03
  5852.90      1.7086  8.6300e-03  9.2200e-03  8.6600e-03  1.0120e-02  9.6500e-03
  5851.40      1.7090  8.6700e-03  9.2600e-03  8.7000e-03  1.0140e-02  9.6700e-03
  5849.90      1.7094  8.6500e-03  9.2400e-03  8.6800e-03  1.0150e-02  9.6700e-03
  5848.40      1.7099  8.5700e-03  9.1700e-03  8.6000e-03  1.0150e-02  9.6800e-03
  5846.90      1.7103  8.4900e-03  9.0800e-03  8.5200e-03  1.0150e-02  9.6800e-03
  5845.40      1.7107  8.5100e-03  9.1000e-03  8.5400e-03  1.0150e-02  9.6700e-03
  5843.90      1.7112  8.6100e-03  9.2000e-03  8.6400e-03  1.0150e-02  9.6700e-03
  5842.40      1.7116  8.7000e-03  9.2900e-03  8.7300e-03  1.0150e-02  9.6700e-03
  5840.90      1.7121  8.6900e-03  9.2900e-03  8.7200e-03  1.0130e-02  9.6500e-03
  5839.40      1.7125  8.5700e-03  9.1600e-03  8.5900e-03  1.0130e-02  9.6400e-03
  5837.90      1.7129  8.4700e-03  9.0700e-03  8.5000e-03  1.0110e-02  9.6200e-03
  5836.40      1.7134  8.4600e-03  9.0500e-03  8.4800e-03  1.0100e-02  9.6100e-03
  5834.90      1.7138  8.4700e-03  9.0600e-03  8.4900e-03  1.0070e-02  9.5900e-03
  5833.40      1.7143  8.4600e-03  9.0500e-03  8.4900e-03  1.0050e-02  9.5700e-03
  5831.90      1.7147  8.4500e-03  9.0500e-03  8.4800e-03  1.0040e-02  9.5500e-03
  5830.40      1.7151  8.4500e-03  9.0500e-03  8.4700e-03  1.0010e-02  9.5300e-03
  5828.90      1.7156  8.4600e-03  9.0600e-03  8.4800e-03  1.0000e-02  9.5100e-03
  5827.40      1.7160  8.4900e-03  9.0800e-03  8.5100e-03  9.9700e-03  9.4800e-03
  5825.90      1.7165  8.4300e-03  9.0200e-03  8.4500e-03  9.9500e-03  9.4700e-03
  5824.40      1.7169  8.3100e-03  8.9000e-03  8.3300e-03  9.9300e-03  9.4400e-03
  5822.90      1.7174  8.2100e-03  8.8000e-03  8.2300e-03  9.9200e-03  9.4200e-03
  5821.40      1.7178  8.1800e-03  8.7700e-03  8.1900e-03  9.9000e-03  9.4200e-03
  5819.90      1.7182  8.2200e-03  8.8100e-03  8.2400e-03  9.9000e-03  9.4100e-03
  5818.40      1.7187  8.2700e-03  8.8600e-03  8.2900e-03  9.8900e-03  9.4000e-03
  5816.90      1.7191  8.2900e-03  8.8800e-03  8.3000e-03  9.8900e-03  9.4000e-03
  5815.40      1.7196  8.2900e-03  8.8800e-03  8.3000e-03  9.8900e-03  9.4000e-03
  5813.90      1.7200  8.3200e-03  8.9100e-03  8.3300e-03  9.9000e-03  9.4100e-03
  5812.40      1.7205  8.3700e-03  8.9600e-03  8.3900e-03  9.9100e-03  9.4200e-03
  5810.90      1.7209  8.4000e-03  9.0000e-03  8.4200e-03  9.9300e-03  9.4300e-03
  5809.40      1.7213  8.3900e-03  8.9800e-03  8.4000e-03  9.9400e-03  9.4400e-03
  5807.90      1.7218  8.3200e-03  8.9100e-03  8.3300e-03  9.9600e-03  9.4600e-03
  5806.39      1.7222  8.2600e-03  8.8500e-03  8.2700e-03  9.9700e-03  9.4700e-03
  5804.89      1.7227  8.2900e-03  8.8800e-03  8.3000e-03  9.9800e-03  9.4800e-03
  5803.39      1.7231  8.4100e-03  9.0000e-03  8.4200e-03  9.9900e-03  9.4900e-03
  5801.89      1.7236  8.5700e-03  9.1600e-03  8.5800e-03  1.0000e-02  9.5000e-03
  5800.39      1.7240  8.6200e-03  9.2100e-03  8.6300e-03  1.0010e-02  9.5100e-03
  5798.89      1.7245  8.5300e-03  9.1200e-03  8.5400e-03  1.0010e-02  9.5100e-03
  5797.39      1.7249  8.4400e-03  9.0300e-03  8.4500e-03  1.0010e-02  9.5100e-03
  5795.89      1.7254  8.3600e-03  8.9500e-03  8.3700e-03  1.0010e-02  9.5100e-03
  5794.39      1.7258  8.2900e-03  8.8800e-03  8.2900e-03  1.0010e-02  9.5000e-03
  5792.89      1.7263  8.2600e-03  8.8500e-03  8.2600e-03  1.0000e-02  9.4900e-03
  5791.39      1.7267  8.3700e-03  8.9600e-03  8.3700e-03  1.0000e-02  9.4900e-03
  5789.89      1.7271  8.5300e-03  9.1200e-03  8.5300e-03  9.9900e-03  9.4800e-03
  5788.39      1.7276  8.5900e-03  9.1800e-03  8.5900e-03  9.9700e-03  9.4600e-03
  5786.89      1.7280  8.5000e-03  9.0900e-03  8.5100e-03  9.9500e-03  9.4400e-03
  5785.39      1.7285  8.4200e-03  9.0100e-03  8.4200e-03  9.9300e-03  9.4100e-03
  5783.89      1.7289  8.3700e-03  8.9600e-03  8.3700e-03  9.9000e-03  9.3800e-03
  5782.39      1.7294  8.2800e-03  8.8700e-03  8.2800e-03  9.8700e-03  9.3600e-03
  5780.89      1.7298  8.1400e-03  8.7300e-03  8.1400e-03  9.8400e-03  9.3300e-03
  5779.39      1.7303  8.0900e-03  8.6800e-03  8.0900e-03  9.8200e-03  9.3000e-03
  5777.89      1.7307  8.1000e-03  8.6900e-03  8.0900e-03  9.8000e-03  9.2800e-03
  5776.39      1.7312  8.1300e-03  8.7200e-03  8.1300e-03  9.7800e-03  9.2700e-03
  5774.89      1.7316  8.1500e-03  8.7400e-03  8.1400e-03  9.7800e-03  9.2600e-03
  5773.39      1.7321  8.1100e-03  8.7000e-03  8.1100e-03  9.7800e-03  9.2600e-03
  5771.89      1.7325  8.0700e-03  8.6600e-03  8.0700e-03  9.7900e-03  9.2700e-03
  5770.39      1.7330  8.0800e-03  8.6700e-03  8.0700e-03  9.8200e-03  9.3000e-03
  5768.89      1.7334  8.1500e-03  8.7400e-03  8.1400e-03  9.8400e-03  9.3200e-03
  5767.39      1.7339  8.2400e-03  8.8300e-03  8.2300e-03  9.8600e-03  9.3400e-03
  5765.89      1.7343  8.3200e-03  8.9100e-03  8.3200e-03  9.8900e-03  9.3700e-03
  5764.39      1.7348  8.4100e-03  9.0000e-03  8.4000e-03  9.9100e-03  9.3800e-03
  5762.89      1.7352  8.5200e-03  9.1100e-03  8.5100e-03  9.9300e-03  9.4000e-03
  5761.39      1.7357  8.6200e-03  9.2100e-03  8.6100e-03  9.9400e-03  9.4100e-03
  5759.89      1.7361  8.5900e-03  9.1800e-03  8.5800e-03  9.9500e-03  9.4200e-03
  5758.39      1.7366  8.4400e-03  9.0300e-03  8.4300e-03  9.9500e-03  9.4200e-03
  5756.89      1.7370  8.2500e-03  8.8400e-03  8.2400e-03  9.9500e-03  9.4100e-03
  5755.39      1.7375  8.1000e-03  8.6900e-03  8.0900e-03  9.9400e-03  9.4100e-03
  5753.89      1.7380  8.1000e-03  8.6900e-03  8.0800e-03  9.9400e-03  9.4000e-03
  5752.39      1.7384  8.2000e-03  8.8000e-03  8.1900e-03  9.9400e-03  9.4100e-03
  5750.89      1.7389  8.3500e-03  8.9400e-03  8.3300e-03  9.9500e-03  9.4100e-03
  5749.39      1.7393  8.4800e-03  9.0700e-03  8.4700e-03  9.9600e-03  9.4200e-03
  5747.89      1.7398  8.4900e-03  9.0800e-03  8.4800e-03  9.9600e-03  9.4200e-03
  5746.39      1.7402  8.4100e-03  9.0000e-03  8.3900e-03  9.9600e-03  9.4200e-03
  5744.89      1.7407  8.3300e-03  8.9200e-03  8.3100e-03  9.9700e-03  9.4300e-03
  5743.39      1.7411  8.3500e-03  8.9400e-03  8.3400e-03  9.9800e-03  9.4300e-03
  5741.89      1.7416  8.3800e-03  8.9700e-03  8.3700e-03  9.9900e-03  9.4400e-03
  5740.39      1.7420  8.4100e-03  9.0000e-03  8.4000e-03  9.9900e-03  9.4400e-03
  5738.89      1.7425  8.4600e-03  9.0500e-03  8.4400e-03  9.9900e-03  9.4400e-03
  5737.39      1.7430  8.4800e-03  9.0700e-03  8.4600e-03  9.9900e-03  9.4400e-03
  5735.89      1.7434  8.4000e-03  9.0000e-03  8.3800e-03  9.9800e-03  9.4300e-03
  5734.39      1.7439  8.3200e-03  8.9100e-03  8.3000e-03  9.9700e-03  9.4200e-03
  5732.89      1.7443  8.3000e-03  8.8900e-03  8.2800e-03  9.9500e-03  9.4000e-03
  5731.39      1.7448  8.3200e-03  8.9100e-03  8.3000e-03  9.9400e-03  9.3900e-03
  5729.89      1.7452  8.3500e-03  8.9400e-03  8.3200e-03  9.9200e-03  9.3600e-03
  5728.39      1.7457  8.3700e-03  8.9600e-03  8.3500e-03  9.9000e-03  9.3500e-03
  5726.89      1.7461  8.4000e-03  8.9900e-03  8.3700e-03  9.8800e-03  9.3200e-03
  5725.39      1.7466  8.3700e-03  8.9600e-03  8.3400e-03  9.8500e-03  9.3000e-03
  5723.89      1.7471  8.2400e-03  8.8300e-03  8.2100e-03  9.8300e-03  9.2700e-03
  5722.39      1.7475  8.0800e-03  8.6700e-03  8.0500e-03  9.8000e-03  9.2400e-03
  5720.89      1.7480  7.9800e-03  8.5700e-03  7.9500e-03  9.7900e-03  9.2300e-03
  5719.39      1.7484  7.9900e-03  8.5800e-03  7.9600e-03  9.7800e-03  9.2100e-03
  5717.89      1.7489  8.0700e-03  8.6600e-03  8.0400e-03  9.7700e-03  9.2100e-03
  5716.39      1.7494  8.1600e-03  8.7500e-03  8.1200e-03  9.7800e-03  9.2200e-03
  5714.89      1.7498  8.2100e-03  8.8000e-03  8.1700e-03  9.8000e-03  9.2200e-03
  5713.39      1.7503  8.2000e-03  8.7900e-03  8.1700e-03  9.8100e-03  9.2400e-03
  5711.89      1.7507  8.1500e-03  8.7400e-03  8.1200e-03  9.8400e-03  9.2700e-03
  5710.39      1.7512  8.1300e-03  8.7200e-03  8.0900e-03  9.8700e-03  9.3000e-03
  5708.89      1.7517  8.1700e-03  8.7600e-03  8.1300e-03  9.9100e-03  9.3300e-03
  5707.39      1.7521  8.2800e-03  8.8700e-03  8.2500e-03  9.9500e-03  9.3800e-03
  5705.89      1.7526  8.4300e-03  9.0200e-03  8.3900e-03  9.9900e-03  9.4200e-03
  5704.39      1.7530  8.5200e-03  9.1100e-03  8.4900e-03  1.0020e-02  9.4400e-03
  5702.89      1.7535  8.5600e-03  9.1500e-03  8.5300e-03  1.0040e-02  9.4600e-03
  5701.39      1.7540  8.6100e-03  9.2000e-03  8.5700e-03  1.0060e-02  9.4800e-03
  5699.89      1.7544  8.6900e-03  9.2700e-03  8.6500e-03  1.0070e-02  9.4800e-03
  5698.39      1.7549  8.6700e-03  9.2600e-03  8.6400e-03  1.0060e-02  9.4700e-03
  5696.89      1.7553  8.5300e-03  9.1200e-03  8.4900e-03  1.0050e-02  9.4700e-03
  5695.39      1.7558  8.4000e-03  8.9900e-03  8.3600e-03  1.0030e-02  9.4400e-03
  5693.89      1.7563  8.3200e-03  8.9000e-03  8.2700e-03  1.0000e-02  9.4100e-03
  5692.39      1.7567  8.2600e-03  8.8500e-03  8.2200e-03  9.9700e-03  9.3900e-03
  5690.89      1.7572  8.2400e-03  8.8200e-03  8.1900e-03  9.9500e-03  9.3600e-03
  5689.39      1.7577  8.2400e-03  8.8300e-03  8.2000e-03  9.9200e-03  9.3300e-03
  5687.89      1.7581  8.2500e-03  8.8300e-03  8.2000e-03  9.9100e-03  9.3100e-03
  5686.39      1.7586  8.2400e-03  8.8300e-03  8.2000e-03  9.8800e-03  9.2900e-03
  5684.89      1.7591  8.2500e-03  8.8400e-03  8.2000e-03  9.8700e-03  9.2700e-03
  5683.39      1.7595  8.2500e-03  8.8400e-03  8.2000e-03  9.8600e-03  9.2600e-03
  5681.89      1.7600  8.2700e-03  8.8600e-03  8.2200e-03  9.8500e-03  9.2500e-03
  5680.39      1.7604  8.2300e-03  8.8200e-03  8.1800e-03  9.8400e-03  9.2500e-03
  5678.89      1.7609  8.1600e-03  8.7500e-03  8.1100e-03  9.8400e-03  9.2400e-03
  5677.39      1.7614  8.1900e-03  8.7800e-03  8.1400e-03  9.8400e-03  9.2400e-03
  5675.88      1.7618  8.2300e-03  8.8100e-03  8.1700e-03  9.8500e-03  9.2400e-03
  5674.38      1.7623  8.2400e-03  8.8300e-03  8.1900e-03  9.8500e-03  9.2500e-03
  5672.88      1.7628  8.2200e-03  8.8100e-03  8.1700e-03  9.8500e-03  9.2500e-03
  5671.38      1.7632  8.1400e-03  8.7200e-03  8.0800e-03  9.8600e-03  9.2500e-03
  5669.88      1.7637  8.1200e-03  8.7100e-03  8.0600e-03  9.8600e-03  9.2500e-03
  5668.38      1.7642  8.2200e-03  8.8100e-03  8.1600e-03  9.8600e-03  9.2500e-03
  5666.88      1.7646  8.3700e-03  8.9600e-03  8.3200e-03  9.8600e-03  9.2500e-03
  5665.38      1.7651  8.4500e-03  9.0400e-03  8.3900e-03  9.8600e-03  9.2500e-03
  5663.88      1.7656  8.4200e-03  9.0100e-03  8.3600e-03  9.8500e-03  9.2400e-03
  5662.38      1.7660  8.3100e-03  8.9000e-03  8.2500e-03  9.8300e-03  9.2200e-03
  5660.88      1.7665  8.1700e-03  8.7600e-03  8.1100e-03  9.8100e-03  9.2100e-03
  5659.38      1.7670  8.0600e-03  8.6500e-03  8.0000e-03  9.8000e-03  9.1800e-03
  5657.88      1.7674  8.0300e-03  8.6200e-03  7.9700e-03  9.7800e-03  9.1600e-03
  5656.38      1.7679  8.0700e-03  8.6600e-03  8.0000e-03  9.7700e-03  9.1500e-03
  5654.88      1.7684  8.1100e-03  8.7000e-03  8.0500e-03  9.7500e-03  9.1300e-03
  5653.38      1.7689  8.0800e-03  8.6700e-03  8.0200e-03  9.7400e-03  9.1200e-03
  5651.88      1.7693  8.0900e-03  8.6700e-03  8.0200e-03  9.7200e-03  9.1000e-03
  5650.38      1.7698  8.1000e-03  8.6900e-03  8.0400e-03  9.7100e-03  9.0900e-03
  5648.88      1.7703  8.1000e-03  8.6900e-03  8.0300e-03  9.7000e-03  9.0800e-03
  5647.38      1.7707  8.0900e-03  8.6800e-03  8.0200e-03  9.7000e-03  9.0700e-03
  5645.88      1.7712  8.0800e-03  8.6600e-03  8.0100e-03  9.7000e-03  9.0700e-03
  5644.38      1.7717  8.0500e-03  8.6400e-03  7.9800e-03  9.7000e-03  9.0700e-03
  5642.88      1.7721  8.0300e-03  8.6200e-03  7.9600e-03  9.7000e-03  9.0700e-03
  5641.38      1.7726  8.0500e-03  8.6400e-03  7.9800e-03  9.7100e-03  9.0800e-03
  5639.88      1.7731  8.0200e-03  8.6100e-03  7.9500e-03  9.7200e-03  9.0800e-03
  5638.38      1.7736  8.0100e-03  8.6000e-03  7.9400e-03  9.7200e-03  9.0900e-03
  5636.88      1.7740  8.0500e-03  8.6400e-03  7.9700e-03  9.7300e-03  9.0900e-03
  5635.38      1.7745  8.0500e-03  8.6300e-03  7.9700e-03  9.7400e-03  9.1000e-03
  5633.88      1.7750  8.1300e-03  8.7100e-03  8.0500e-03  9.7500e-03  9.1100e-03
  5632.38      1.7754  8.2700e-03  8.8600e-03  8.2000e-03  9.7500e-03  9.1100e-03
  5630.88      1.7759  8.3800e-03  8.9700e-03  8.3000e-03  9.7500e-03  9.1100e-03
  5629.38      1.7764  8.3300e-03  8.9100e-03  8.2500e-03  9.7500e-03  9.1000e-03
  5627.88      1.7769  8.1300e-03  8.7100e-03  8.0500e-03  9.7400e-03  9.0900e-03
  5626.38      1.7773  7.9500e-03  8.5400e-03  7.8700e-03  9.7300e-03  9.0800e-03
  5624.88      1.7778  7.9400e-03  8.5200e-03  7.8500e-03  9.7200e-03  9.0700e-03
  5623.38      1.7783  8.0500e-03  8.6300e-03  7.9600e-03  9.7200e-03  9.0700e-03
  5621.88      1.7788  8.0800e-03  8.6700e-03  8.0000e-03  9.7200e-03  9.0700e-03
  5620.38      1.7792  8.0100e-03  8.6000e-03  7.9300e-03  9.7200e-03  9.0700e-03
  5618.88      1.7797  7.9500e-03  8.5300e-03  7.8600e-03  9.7400e-03  9.0800e-03
  5617.38      1.7802  8.0100e-03  8.6000e-03  7.9300e-03  9.7600e-03  9.1000e-03
  5615.88      1.7807  8.0500e-03  8.6400e-03  7.9600e-03  9.7700e-03  9.1100e-03
  5614.38      1.7811  8.1100e-03  8.6900e-03  8.0200e-03  9.8100e-03  9.1400e-03
  5612.88      1.7816  8.2400e-03  8.8200e-03  8.1500e-03  9.8300e-03  9.1600e-03
  5611.38      1.7821  8.3700e-03  8.9600e-03  8.2800e-03  9.8500e-03  9.1800e-03
  5609.88      1.7826  8.4300e-03  9.0100e-03  8.3400e-03  9.8600e-03  9.1900e-03
  5608.38      1.7830  8.4100e-03  8.9900e-03  8.3200e-03  9.8600e-03  9.1900e-03
  5606.88      1.7835  8.3600e-03  8.9500e-03  8.2700e-03  9.8400e-03  9.1700e-03
  5605.38      1.7840  8.3400e-03  8.9300e-03  8.2500e-03  9.8300e-03  9.1600e-03
  5603.88      1.7845  8.2700e-03  8.8600e-03  8.1800e-03  9.8100e-03  9.1300e-03
  5602.38      1.7850  8.1700e-03  8.7600e-03  8.0700e-03  9.7700e-03  9.1000e-03
  5600.88      1.7854  8.0700e-03  8.6600e-03  7.9800e-03  9.7300e-03  9.0600e-03
  5599.38      1.7859  7.9700e-03  8.5600e-03  7.8800e-03  9.7000e-03  9.0200e-03
  5597.88      1.7864  7.8900e-03  8.4800e-03  7.7900e-03  9.6700e-03  8.9900e-03
  5596.38      1.7869  7.8300e-03  8.4100e-03  7.7300e-03  9.6400e-03  8.9600e-03
  5594.88      1.7873  7.8000e-03  8.3800e-03  7.6900e-03  9.6300e-03  8.9500e-03
  5593.38      1.7878  7.8000e-03  8.3900e-03  7.7000e-03  9.6300e-03  8.9400e-03
  5591.88      1.7883  7.9000e-03  8.4900e-03  7.8000e-03  9.6300e-03  8.9400e-03
  5590.38      1.7888  8.0100e-03  8.5900e-03  7.9000e-03  9.6400e-03  8.9500e-03
  5588.88      1.7893  8.0600e-03  8.6500e-03  7.9600e-03  9.6500e-03  8.9600e-03
  5587.38      1.7897  8.1400e-03  8.7300e-03  8.0400e-03  9.6700e-03  8.9700e-03
  5585.88      1.7902  8.1800e-03  8.7700e-03  8.0800e-03  9.6700e-03  8.9800e-03
  5584.38      1.7907  8.1400e-03  8.7200e-03  8.0300e-03  9.6900e-03  8.9900e-03
  5582.88      1.7912  8.0500e-03  8.6400e-03  7.9400e-03  9.7000e-03  9.0000e-03
  5581.38      1.7917  8.0500e-03  8.6400e-03  7.9400e-03  9.7000e-03  9.0000e-03
  5579.88      1.7922  8.1000e-03  8.6800e-03  7.9900e-03  9.7100e-03  9.0100e-03
  5578.38      1.7926  8.0500e-03  8.6400e-03  7.9400e-03  9.7100e-03  9.0100e-03
  5576.88      1.7931  7.9400e-03  8.5200e-03  7.8200e-03  9.7100e-03  9.0000e-03
  5575.38      1.7936  7.9700e-03  8.5500e-03  7.8500e-03  9.7100e-03  9.0100e-03
  5573.88      1.7941  8.0700e-03  8.6600e-03  7.9600e-03  9.7200e-03  9.0100e-03
  5572.38      1.7946  8.1500e-03  8.7300e-03  8.0300e-03  9.7200e-03  9.0100e-03
  5570.88      1.7950  8.1500e-03  8.7300e-03  8.0300e-03  9.7200e-03  9.0000e-03
  5569.38      1.7955  8.0800e-03  8.6600e-03  7.9600e-03  9.7100e-03  9.0000e-03
  5567.88      1.7960  8.0600e-03  8.6400e-03  7.9400e-03  9.7000e-03  8.9900e-03
  5566.38      1.7965  8.1100e-03  8.6900e-03  7.9900e-03  9.7000e-03  8.9700e-03
  5564.88      1.7970  8.1700e-03  8.7500e-03  8.0500e-03  9.6800e-03  8.9600e-03
  5563.38      1.7975  8.1700e-03  8.7500e-03  8.0500e-03  9.6600e-03  8.9400e-03
  5561.88      1.7980  8.0600e-03  8.6400e-03  7.9400e-03  9.6500e-03  8.9200e-03
  5560.38      1.7984  7.9000e-03  8.4900e-03  7.7800e-03  9.6200e-03  8.9000e-03
  5558.88      1.7989  7.8100e-03  8.3900e-03  7.6800e-03  9.6100e-03  8.8900e-03
  5557.38      1.7994  7.8300e-03  8.4100e-03  7.7000e-03  9.6000e-03  8.8700e-03
  5555.88      1.7999  7.8600e-03  8.4400e-03  7.7300e-03  9.6000e-03  8.8700e-03
  5554.38      1.8004  7.8600e-03  8.4400e-03  7.7300e-03  9.6000e-03  8.8700e-03
  5552.88      1.8009  7.8500e-03  8.4300e-03  7.7200e-03  9.6100e-03  8.8700e-03
  5551.38      1.8014  7.8600e-03  8.4400e-03  7.7300e-03  9.6100e-03  8.8800e-03
  5549.88      1.8018  7.9400e-03  8.5200e-03  7.8000e-03  9.6300e-03  8.8900e-03
  5548.38      1.8023  8.0700e-03  8.6500e-03  7.9300e-03  9.6400e-03  8.9000e-03
  5546.88      1.8028  8.1900e-03  8.7700e-03  8.0500e-03  9.6600e-03  8.9100e-03
  5545.38      1.8033  8.2200e-03  8.8000e-03  8.0800e-03  9.6600e-03  8.9100e-03
  5543.88      1.8038  8.1800e-03  8.7600e-03  8.0400e-03  9.6600e-03  8.9100e-03
  5542.38      1.8043  8.0700e-03  8.6500e-03  7.9300e-03  9.6600e-03  8.9100e-03
  5540.88      1.8048  7.9300e-03  8.5100e-03  7.7900e-03  9.6500e-03  8.8900e-03
  5539.38      1.8053  7.9200e-03  8.5000e-03  7.7800e-03  9.6300e-03  8.8700e-03
  5537.87      1.8057  7.9600e-03  8.5400e-03  7.8200e-03  9.6200e-03  8.8600e-03
  5536.37      1.8062  7.9300e-03  8.5100e-03  7.7800e-03  9.5900e-03  8.8400e-03
  5534.87      1.8067  7.8300e-03  8.4200e-03  7.6900e-03  9.5800e-03  8.8200e-03
  5533.37      1.8072  7.8700e-03  8.4500e-03  7.7300e-03  9.5600e-03  8.8000e-03
  5531.87      1.8077  7.9300e-03  8.5100e-03  7.7900e-03  9.5600e-03  8.7900e-03
  5530.37      1.8082  7.9200e-03  8.5000e-03  7.7700e-03  9.5500e-03  8.7800e-03
  5528.87      1.8087  7.8300e-03  8.4100e-03  7.6800e-03  9.5500e-03  8.7800e-03
  5527.37      1.8092  7.7900e-03  8.3700e-03  7.6400e-03  9.5500e-03  8.7800e-03
  5525.87      1.8097  7.7500e-03  8.3300e-03  7.6000e-03  9.5500e-03  8.7800e-03
  5524.37      1.8102  7.7900e-03  8.3700e-03  7.6400e-03  9.5600e-03  8.7800e-03
  5522.87      1.8107  7.9400e-03  8.5200e-03  7.7800e-03  9.5600e-03  8.7800e-03
  5521.37      1.8111  8.0900e-03  8.6700e-03  7.9300e-03  9.5600e-03  8.7800e-03
  5519.87      1.8116  8.1200e-03  8.7000e-03  7.9600e-03  9.5500e-03  8.7700e-03
  5518.37      1.8121  8.0400e-03  8.6200e-03  7.8900e-03  9.5400e-03  8.7500e-03
  5516.87      1.8126  7.9400e-03  8.5200e-03  7.7800e-03  9.5200e-03  8.7300e-03
  5515.37      1.8131  7.8500e-03  8.4300e-03  7.6900e-03  9.5000e-03  8.7200e-03
  5513.87      1.8136  7.8200e-03  8.4000e-03  7.6600e-03  9.4800e-03  8.6900e-03
  5512.37      1.8141  7.7800e-03  8.3600e-03  7.6200e-03  9.4600e-03  8.6800e-03
  5510.87      1.8146  7.6800e-03  8.2600e-03  7.5100e-03  9.4500e-03  8.6500e-03
  5509.37      1.8151  7.5500e-03  8.1300e-03  7.3900e-03  9.4300e-03  8.6300e-03
  5507.87      1.8156  7.4800e-03  8.0600e-03  7.3100e-03  9.4200e-03  8.6200e-03
  5506.37      1.8161  7.5800e-03  8.1600e-03  7.4100e-03  9.4000e-03  8.6000e-03
  5504.87      1.8166  7.8300e-03  8.4000e-03  7.6600e-03  9.4000e-03  8.6000e-03
  5503.37      1.8171  8.0000e-03  8.5800e-03  7.8300e-03  9.4000e-03  8.5900e-03
  5501.87      1.8176  7.9500e-03  8.5300e-03  7.7800e-03  9.4000e-03  8.5900e-03
  5500.37      1.8181  7.8300e-03  8.4000e-03  7.6500e-03  9.4000e-03  8.5900e-03
  5498.87      1.8186  7.7800e-03  8.3600e-03  7.6000e-03  9.4000e-03  8.5900e-03
  5497.37      1.8191  7.7200e-03  8.3000e-03  7.5500e-03  9.4100e-03  8.5900e-03
  5495.87      1.8195  7.5500e-03  8.1200e-03  7.3700e-03  9.4100e-03  8.5900e-03
  5494.37      1.8200  7.4400e-03  8.0100e-03  7.2600e-03  9.4100e-03  8.5900e-03
  5492.87      1.8205  7.5400e-03  8.1200e-03  7.3600e-03  9.4200e-03  8.5900e-03
  5491.37      1.8210  7.7600e-03  8.3400e-03  7.5800e-03  9.4100e-03  8.5900e-03
  5489.87      1.8215  7.9300e-03  8.5000e-03  7.7500e-03  9.4000e-03  8.5700e-03
  5488.37      1.8220  8.0000e-03  8.5700e-03  7.8200e-03  9.3900e-03  8.5500e-03
  5486.87      1.8225  7.9900e-03  8.5700e-03  7.8100e-03  9.3600e-03  8.5200e-03
  5485.37      1.8230  7.9300e-03  8.5100e-03  7.7500e-03  9.3300e-03  8.4900e-03
  5483.87      1.8235  7.7900e-03  8.3700e-03  7.6100e-03  9.3000e-03  8.4600e-03
  5482.37      1.8240  7.6300e-03  8.2000e-03  7.4400e-03  9.2700e-03  8.4300e-03
  5480.87      1.8245  7.4600e-03  8.0400e-03  7.2700e-03  9.2300e-03  8.3800e-03
  5479.37      1.8250  7.2800e-03  7.8600e-03  7.0900e-03  9.1900e-03  8.3500e-03
  5477.87      1.8255  7.0700e-03  7.6500e-03  6.8800e-03  9.1600e-03  8.3200e-03
  5476.37      1.8260  6.9700e-03  7.5500e-03  6.7700e-03  9.1400e-03  8.2900e-03
  5474.87      1.8265  7.1300e-03  7.7000e-03  6.9300e-03  9.1300e-03  8.2800e-03
  5473.37      1.8270  7.5300e-03  8.1000e-03  7.3300e-03  9.1400e-03  8.2900e-03
  5471.87      1.8275  7.8800e-03  8.4600e-03  7.6900e-03  9.1500e-03  8.3000e-03
  5470.37      1.8280  7.9500e-03  8.5300e-03  7.7600e-03  9.1600e-03  8.3000e-03
  5468.87      1.8285  7.7100e-03  8.2900e-03  7.5100e-03  9.1800e-03  8.3100e-03
  5467.37      1.8290  7.3900e-03  7.9700e-03  7.1900e-03  9.1800e-03  8.3200e-03
  5465.87      1.8295  7.2900e-03  7.8700e-03  7.0900e-03  9.2000e-03  8.3400e-03
  5464.37      1.8300  7.3600e-03  7.9300e-03  7.1500e-03  9.2200e-03  8.3500e-03
  5462.87      1.8305  7.4300e-03  8.0100e-03  7.2200e-03  9.2400e-03  8.3700e-03
  5461.37      1.8310  7.4700e-03  8.0400e-03  7.2600e-03  9.2600e-03  8.3700e-03
  5459.87      1.8315  7.5700e-03  8.1400e-03  7.3600e-03  9.2600e-03  8.3800e-03
  5458.37      1.8320  7.7300e-03  8.3000e-03  7.5200e-03  9.2700e-03  8.3900e-03
  5456.87      1.8326  7.8500e-03  8.4300e-03  7.6400e-03  9.2700e-03  8.3900e-03
  5455.37      1.8331  7.8400e-03  8.4100e-03  7.6200e-03  9.2700e-03  8.3800e-03
  5453.87      1.8336  7.7200e-03  8.2900e-03  7.5100e-03  9.2700e-03  8.3800e-03
  5452.37      1.8341  7.6100e-03  8.1800e-03  7.3900e-03  9.2600e-03  8.3700e-03
  5450.87      1.8346  7.5300e-03  8.1000e-03  7.3100e-03  9.2600e-03  8.3600e-03
  5449.37      1.8351  7.4400e-03  8.0200e-03  7.2200e-03  9.2400e-03  8.3400e-03
  5447.87      1.8356  7.4000e-03  7.9700e-03  7.1800e-03  9.2300e-03  8.3200e-03
  5446.37      1.8361  7.4400e-03  8.0100e-03  7.2200e-03  9.2000e-03  8.3000e-03
  5444.87      1.8366  7.5100e-03  8.0800e-03  7.2900e-03  9.1800e-03  8.2700e-03
  5443.37      1.8371  7.5200e-03  8.0900e-03  7.2900e-03  9.1600e-03  8.2400e-03
  5441.87      1.8376  7.5100e-03  8.0800e-03  7.2800e-03  9.1300e-03  8.2200e-03
  5440.37      1.8381  7.5700e-03  8.1400e-03  7.3400e-03  9.1100e-03  8.1900e-03
  5438.87      1.8386  7.6300e-03  8.2100e-03  7.4000e-03  9.0800e-03  8.1600e-03
  5437.37      1.8391  7.5200e-03  8.0900e-03  7.2900e-03  9.0700e-03  8.1400e-03
  5435.87      1.8396  7.2400e-03  7.8100e-03  7.0100e-03  9.0500e-03  8.1200e-03
  5434.37      1.8401  7.0600e-03  7.6400e-03  6.8300e-03  9.0300e-03  8.1100e-03
  5432.87      1.8406  7.0800e-03  7.6500e-03  6.8400e-03  9.0300e-03  8.0900e-03
  5431.37      1.8412  7.1000e-03  7.6700e-03  6.8600e-03  9.0200e-03  8.0800e-03
  5429.87      1.8417  7.1800e-03  7.7500e-03  6.9400e-03  9.0200e-03  8.0800e-03
  5428.37      1.8422  7.3000e-03  7.8700e-03  7.0600e-03  9.0100e-03  8.0700e-03
  5426.87      1.8427  7.4500e-03  8.0200e-03  7.2100e-03  9.0000e-03  8.0600e-03
  5425.37      1.8432  7.6700e-03  8.2400e-03  7.4300e-03  8.9800e-03  8.0300e-03
  5423.87      1.8437  7.7400e-03  8.3100e-03  7.5000e-03  8.9500e-03  8.0000e-03
  5422.37      1.8442  7.5800e-03  8.1500e-03  7.3400e-03  8.9300e-03  7.9700e-03
  5420.87      1.8447  7.3000e-03  7.8700e-03  7.0500e-03  8.9000e-03  7.9400e-03
  5419.37      1.8452  7.0900e-03  7.6700e-03  6.8400e-03  8.8700e-03  7.9100e-03
  5417.87      1.8457  6.9800e-03  7.5500e-03  6.7200e-03  8.8400e-03  7.8800e-03
  5416.37      1.8463  6.8000e-03  7.3700e-03  6.5400e-03  8.8100e-03  7.8500e-03
  5414.87      1.8468  6.5600e-03  7.1300e-03  6.3000e-03  8.7900e-03  7.8200e-03
  5413.37      1.8473  6.5100e-03  7.0800e-03  6.2500e-03  8.7800e-03  7.8100e-03
  5411.87      1.8478  6.8300e-03  7.4000e-03  6.5700e-03  8.7900e-03  7.8200e-03
  5410.37      1.8483  7.3400e-03  7.9000e-03  7.0800e-03  8.8000e-03  7.8200e-03
  5408.87      1.8488  7.6900e-03  8.2500e-03  7.4300e-03  8.8100e-03  7.8300e-03
  5407.36      1.8493  7.6300e-03  8.2000e-03  7.3700e-03  8.8100e-03  7.8300e-03
  5405.86      1.8498  7.3700e-03  7.9400e-03  7.1000e-03  8.8100e-03  7.8200e-03
  5404.36      1.8504  7.1400e-03  7.7100e-03  6.8700e-03  8.8100e-03  7.8100e-03
  5402.86      1.8509  7.0500e-03  7.6200e-03  6.7800e-03  8.8100e-03  7.8100e-03
  5401.36      1.8514  7.0200e-03  7.5900e-03  6.7500e-03  8.8100e-03  7.8100e-03
  5399.86      1.8519  7.0100e-03  7.5800e-03  6.7400e-03  8.8100e-03  7.8100e-03
  5398.36      1.8524  6.9100e-03  7.4800e-03  6.6300e-03  8.8000e-03  7.7900e-03
  5396.86      1.8529  6.7000e-03  7.2700e-03  6.4200e-03  8.7900e-03  7.7800e-03
  5395.36      1.8534  6.6200e-03  7.1900e-03  6.3400e-03  8.7800e-03  7.7600e-03
  5393.86      1.8540  6.9900e-03  7.5500e-03  6.7100e-03  8.7800e-03  7.7600e-03
  5392.36      1.8545  7.5300e-03  8.1000e-03  7.2500e-03  8.8000e-03  7.7700e-03
  5390.86      1.8550  7.8300e-03  8.4000e-03  7.5500e-03  8.8100e-03  7.7800e-03
  5389.36      1.8555  7.6700e-03  8.2400e-03  7.3900e-03  8.7900e-03  7.7600e-03
  5387.86      1.8560  7.1400e-03  7.7100e-03  6.8500e-03  8.7700e-03  7.7300e-03
  5386.36      1.8565  6.6500e-03  7.2200e-03  6.3600e-03  8.7300e-03  7.6900e-03
  5384.86      1.8571  6.5400e-03  7.1100e-03  6.2500e-03  8.7100e-03  7.6700e-03
  5383.36      1.8576  6.8500e-03  7.4100e-03  6.5500e-03  8.7100e-03  7.6600e-03
  5381.86      1.8581  7.1600e-03  7.7300e-03  6.8700e-03  8.7100e-03  7.6600e-03
  5380.36      1.8586  7.2000e-03  7.7600e-03  6.9000e-03  8.7100e-03  7.6500e-03
  5378.86      1.8591  6.9300e-03  7.5000e-03  6.6300e-03  8.6900e-03  7.6300e-03
  5377.36      1.8596  6.6000e-03  7.1600e-03  6.2900e-03  8.6700e-03  7.6100e-03
  5375.86      1.8602  6.5400e-03  7.1100e-03  6.2400e-03  8.6700e-03  7.6100e-03
  5374.36      1.8607  6.8400e-03  7.4000e-03  6.5300e-03  8.6900e-03  7.6200e-03
  5372.86      1.8612  7.2700e-03  7.8300e-03  6.9700e-03  8.7100e-03  7.6300e-03
  5371.36      1.8617  7.5300e-03  8.1000e-03  7.2300e-03  8.7300e-03  7.6500e-03
  5369.86      1.8622  7.4800e-03  8.0400e-03  7.1700e-03  8.7200e-03  7.6400e-03
  5368.36      1.8628  7.2400e-03  7.8000e-03  6.9300e-03  8.6900e-03  7.6000e-03
  5366.86      1.8633  6.9700e-03  7.5300e-03  6.6600e-03  8.6600e-03  7.5600e-03
  5365.36      1.8638  6.7500e-03  7.3100e-03  6.4300e-03  8.6100e-03  7.5100e-03
  5363.86      1.8643  6.6700e-03  7.2300e-03  6.3500e-03  8.5700e-03  7.4700e-03
  5362.36      1.8648  6.7400e-03  7.3000e-03  6.4200e-03  8.5500e-03  7.4400e-03
  5360.86      1.8654  6.8900e-03  7.4500e-03  6.5700e-03  8.5200e-03  7.4100e-03
  5359.36      1.8659  6.9600e-03  7.5200e-03  6.6400e-03  8.4900e-03  7.3800e-03
  5357.86      1.8664  6.7700e-03  7.3400e-03  6.4500e-03  8.4700e-03  7.3500e-03
  5356.36      1.8669  6.3600e-03  6.9200e-03  6.0300e-03  8.4400e-03  7.3200e-03
  5354.86      1.8675  6.0300e-03  6.5900e-03  5.7000e-03  8.4500e-03  7.3200e-03
  5353.36      1.8680  6.2600e-03  6.8200e-03  5.9300e-03  8.4700e-03  7.3300e-03
  5351.86      1.8685  6.8500e-03  7.4100e-03  6.5200e-03  8.5000e-03  7.3600e-03
  5350.36      1.8690  7.3800e-03  7.9400e-03  7.0500e-03  8.5300e-03  7.3800e-03
  5348.86      1.8696  7.5200e-03  8.0800e-03  7.1900e-03  8.5400e-03  7.3900e-03
  5347.36      1.8701  7.1600e-03  7.7200e-03  6.8200e-03  8.5400e-03  7.3900e-03
  5345.86      1.8706  6.6900e-03  7.2500e-03  6.3500e-03  8.5400e-03  7.3800e-03
  5344.36      1.8711  6.5800e-03  7.1400e-03  6.2300e-03  8.5500e-03  7.3800e-03
  5342.86      1.8717  6.8400e-03  7.4000e-03  6.5000e-03  8.5500e-03  7.3800e-03
  5341.36      1.8722  6.9800e-03  7.5400e-03  6.6400e-03  8.5500e-03  7.3700e-03
  5339.86      1.8727  6.8100e-03  7.3700e-03  6.4600e-03  8.5300e-03  7.3500e-03
  5338.36      1.8732  6.5200e-03  7.0800e-03  6.1700e-03  8.5100e-03  7.3200e-03
  5336.86      1.8738  6.4700e-03  7.0300e-03  6.1200e-03  8.4800e-03  7.2900e-03
  5335.36      1.8743  6.8300e-03  7.3900e-03  6.4800e-03  8.4700e-03  7.2700e-03
  5333.86      1.8748  7.1900e-03  7.7500e-03  6.8400e-03  8.4600e-03  7.2500e-03
  5332.36      1.8753  7.1500e-03  7.7100e-03  6.7900e-03  8.4400e-03  7.2400e-03
  5330.86      1.8759  6.7200e-03  7.2800e-03  6.3600e-03  8.4200e-03  7.2000e-03
  5329.36      1.8764  6.3700e-03  6.9300e-03  6.0100e-03  8.3900e-03  7.1700e-03
  5327.86      1.8769  6.3300e-03  6.8800e-03  5.9600e-03  8.3600e-03  7.1400e-03
  5326.36      1.8775  6.5200e-03  7.0800e-03  6.1500e-03  8.3400e-03  7.1100e-03
  5324.86      1.8780  6.7600e-03  7.3200e-03  6.3900e-03  8.3300e-03  7.1000e-03
  5323.36      1.8785  6.8500e-03  7.4000e-03  6.4800e-03  8.3100e-03  7.0700e-03
  5321.86      1.8790  6.7200e-03  7.2800e-03  6.3500e-03  8.2900e-03  7.0400e-03
  5320.36      1.8796  6.4700e-03  7.0300e-03  6.0900e-03  8.2500e-03  7.0000e-03
  5318.86      1.8801  6.2900e-03  6.8400e-03  5.9000e-03  8.2200e-03  6.9600e-03
  5317.36      1.8806  6.3400e-03  6.9000e-03  5.9600e-03  8.2000e-03  6.9400e-03
  5315.86      1.8812  6.5000e-03  7.0500e-03  6.1100e-03  8.2000e-03  6.9300e-03
  5314.36      1.8817  6.5800e-03  7.1400e-03  6.2000e-03  8.2000e-03  6.9200e-03
  5312.86      1.8822  6.5200e-03  7.0700e-03  6.1300e-03  8.1900e-03  6.9200e-03
  5311.36      1.8828  6.3800e-03  6.9400e-03  5.9900e-03  8.1900e-03  6.9000e-03
  5309.86      1.8833  6.2700e-03  6.8300e-03  5.8800e-03  8.2000e-03  6.9000e-03
  5308.36      1.8838  6.2700e-03  6.8300e-03  5.8800e-03  8.2100e-03  6.9100e-03
  5306.86      1.8844  6.4000e-03  6.9500e-03  6.0000e-03  8.2400e-03  6.9200e-03
  5305.36      1.8849  6.5700e-03  7.1200e-03  6.1700e-03  8.2500e-03  6.9300e-03
  5303.86      1.8854  6.7300e-03  7.2800e-03  6.3300e-03  8.2600e-03  6.9400e-03
  5302.36      1.8860  6.7500e-03  7.3100e-03  6.3500e-03  8.2600e-03  6.9300e-03
  5300.86      1.8865  6.6800e-03  7.2400e-03  6.2800e-03  8.2600e-03  6.9200e-03
  5299.36      1.8870  6.7300e-03  7.2900e-03  6.3200e-03  8.2500e-03  6.9000e-03
  5297.86      1.8876  6.7200e-03  7.2800e-03  6.3100e-03  8.2500e-03  6.9000e-03
  5296.36      1.8881  6.6200e-03  7.1800e-03  6.2100e-03  8.2400e-03  6.8700e-03
  5294.86      1.8886  6.4600e-03  7.0100e-03  6.0400e-03  8.2300e-03  6.8600e-03
  5293.36      1.8892  6.2300e-03  6.7900e-03  5.8100e-03  8.2100e-03  6.8300e-03
  5291.86      1.8897  6.0200e-03  6.5700e-03  5.5900e-03  8.2000e-03  6.8200e-03
  5290.36      1.8902  6.0700e-03  6.6300e-03  5.6500e-03  8.2000e-03  6.8100e-03
  5288.86      1.8908  6.4400e-03  6.9900e-03  6.0100e-03  8.2100e-03  6.8100e-03
  5287.36      1.8913  6.7500e-03  7.3000e-03  6.3200e-03  8.2200e-03  6.8100e-03
  5285.86      1.8918  6.7800e-03  7.3300e-03  6.3500e-03  8.2300e-03  6.8100e-03
  5284.36      1.8924  6.6700e-03  7.2200e-03  6.2300e-03  8.2400e-03  6.8100e-03
  5282.86      1.8929  6.6000e-03  7.1500e-03  6.1600e-03  8.2500e-03  6.8100e-03
  5281.36      1.8935  6.6000e-03  7.1500e-03  6.1600e-03  8.2600e-03  6.8100e-03
  5279.86      1.8940  6.5600e-03  7.1100e-03  6.1100e-03  8.2700e-03  6.8100e-03
  5278.36      1.8945  6.4700e-03  7.0200e-03  6.0300e-03  8.2700e-03  6.8100e-03
  5276.86      1.8951  6.4300e-03  6.9800e-03  5.9800e-03  8.2700e-03  6.8000e-03
  5275.35      1.8956  6.5000e-03  7.0500e-03  6.0400e-03  8.2700e-03  6.7900e-03
  5273.85      1.8961  6.5100e-03  7.0500e-03  6.0500e-03  8.2600e-03  6.7700e-03
  5272.35      1.8967  6.5100e-03  7.0600e-03  6.0600e-03  8.2700e-03  6.7700e-03
  5270.85      1.8972  6.5800e-03  7.1300e-03  6.1300e-03  8.2800e-03  6.7700e-03
  5269.35      1.8978  6.6300e-03  7.1800e-03  6.1700e-03  8.2900e-03  6.7700e-03
  5267.85      1.8983  6.6100e-03  7.1600e-03  6.1500e-03  8.3000e-03  6.7700e-03
  5266.35      1.8988  6.5200e-03  7.0700e-03  6.0500e-03  8.3000e-03  6.7600e-03
  5264.85      1.8994  6.4300e-03  6.9700e-03  5.9600e-03  8.3100e-03  6.7600e-03
  5263.35      1.8999  6.4400e-03  6.9900e-03  5.9700e-03  8.3200e-03  6.7500e-03
  5261.85      1.9005  6.6400e-03  7.1900e-03  6.1700e-03  8.3200e-03  6.7500e-03
  5260.35      1.9010  6.9100e-03  7.4600e-03  6.4300e-03  8.3300e-03  6.7400e-03
  5258.85      1.9016  7.0000e-03  7.5500e-03  6.5200e-03  8.3200e-03  6.7200e-03
  5257.35      1.9021  6.7400e-03  7.2800e-03  6.2500e-03  8.3200e-03  6.7100e-03
  5255.85      1.9026  6.3600e-03  6.9100e-03  5.8700e-03  8.3100e-03  6.6800e-03
  5254.35      1.9032  6.2500e-03  6.7900e-03  5.7500e-03  8.3100e-03  6.6800e-03
  5252.85      1.9037  6.4600e-03  7.0100e-03  5.9700e-03  8.3300e-03  6.6800e-03
  5251.35      1.9043  6.6500e-03  7.2000e-03  6.1500e-03  8.3400e-03  6.6800e-03
  5249.85      1.9048  6.5100e-03  7.0600e-03  6.0100e-03  8.3600e-03  6.6900e-03
  5248.35      1.9054  6.3500e-03  6.8900e-03  5.8400e-03  8.3700e-03  6.6900e-03
  5246.85      1.9059  6.4500e-03  6.9900e-03  5.9400e-03  8.4000e-03  6.6900e-03
  5245.35      1.9064  6.7400e-03  7.2800e-03  6.2300e-03  8.4100e-03  6.7000e-03
  5243.85      1.9070  7.0200e-03  7.5600e-03  6.5100e-03  8.4400e-03  6.7100e-03
  5242.35      1.9075  7.1300e-03  7.6700e-03  6.6200e-03  8.4600e-03  6.7100e-03
  5240.85      1.9081  7.0600e-03  7.6100e-03  6.5500e-03  8.4600e-03  6.7000e-03
  5239.35      1.9086  6.9500e-03  7.5000e-03  6.4300e-03  8.4600e-03  6.6800e-03
  5237.85      1.9092  6.7600e-03  7.3000e-03  6.2300e-03  8.4400e-03  6.6400e-03
  5236.35      1.9097  6.5500e-03  7.1000e-03  6.0200e-03  8.4200e-03  6.6100e-03
  5234.85      1.9103  6.4300e-03  6.9700e-03  5.8900e-03  8.4100e-03  6.5800e-03
  5233.35      1.9108  6.4100e-03  6.9500e-03  5.8700e-03  8.4000e-03  6.5500e-03
  5231.85      1.9114  6.5000e-03  7.0400e-03  5.9600e-03  8.4000e-03  6.5200e-03
  5230.35      1.9119  6.6500e-03  7.1900e-03  6.1000e-03  8.3900e-03  6.5100e-03
  5228.85      1.9125  6.7300e-03  7.2800e-03  6.1900e-03  8.3900e-03  6.4800e-03
  5227.35      1.9130  6.6700e-03  7.2100e-03  6.1200e-03  8.4000e-03  6.4600e-03
  5225.85      1.9136  6.5600e-03  7.1000e-03  6.0100e-03  8.4000e-03  6.4400e-03
  5224.35      1.9141  6.5800e-03  7.1200e-03  6.0300e-03  8.4100e-03  6.4300e-03
  5222.85      1.9147  6.7800e-03  7.3200e-03  6.2200e-03  8.4300e-03  6.4100e-03
  5221.35      1.9152  7.0100e-03  7.5500e-03  6.4500e-03  8.4300e-03  6.3900e-03
  5219.85      1.9158  6.9800e-03  7.5200e-03  6.4100e-03  8.4200e-03  6.3400e-03
  5218.35      1.9163  6.7200e-03  7.2600e-03  6.1500e-03  8.4100e-03  6.2900e-03
  5216.85      1.9169  6.5200e-03  7.0600e-03  5.9500e-03  8.3800e-03  6.2400e-03
  5215.35      1.9174  6.6200e-03  7.1600e-03  6.0400e-03  8.3700e-03  6.1700e-03
  5213.85      1.9180  6.7500e-03  7.2800e-03  6.1600e-03  8.3700e-03  6.1100e-03
  5212.35      1.9185  6.6900e-03  7.2300e-03  6.1000e-03  8.3700e-03  6.0500e-03
  5210.85      1.9191  6.4200e-03  6.9600e-03  5.8200e-03  8.3600e-03  5.9900e-03
  5209.35      1.9196  6.1100e-03  6.6500e-03  5.5100e-03  8.3500e-03  5.9300e-03
  5207.85      1.9202  6.1000e-03  6.6400e-03  5.5000e-03  8.3600e-03  5.9000e-03
  5206.35      1.9207  6.4400e-03  6.9700e-03  5.8300e-03  8.3800e-03  5.8700e-03
  5204.85      1.9213  6.9300e-03  7.4700e-03  6.3300e-03  8.4100e-03  5.8600e-03
  5203.35      1.9218  7.2600e-03  7.8000e-03  6.6500e-03  8.4300e-03  5.8600e-03
  5201.85      1.9224  7.2600e-03  7.8000e-03  6.6500e-03  8.4400e-03  5.8700e-03
  5200.35      1.9229  6.9700e-03  7.5100e-03  6.3500e-03  8.4400e-03  5.8900e-03
  5198.85      1.9235  6.5800e-03  7.1100e-03  5.9500e-03  8.4300e-03  5.9300e-03
  5197.35      1.9241  6.3600e-03  6.9000e-03  5.7300e-03  8.4200e-03  5.9700e-03
  5195.85      1.9246  6.4100e-03  6.9400e-03  5.7700e-03  8.4100e-03  6.0000e-03
  5194.35      1.9252  6.6000e-03  7.1400e-03  5.9600e-03  8.4100e-03  6.0300e-03
  5192.85      1.9257  6.7500e-03  7.2900e-03  6.1100e-03  8.4000e-03  6.0700e-03
  5191.35      1.9263  6.7300e-03  7.2600e-03  6.0800e-03  8.3800e-03  6.1000e-03
  5189.85      1.9268  6.6600e-03  7.2000e-03  6.0100e-03  8.3700e-03  6.1200e-03
  5188.35      1.9274  6.6200e-03  7.1600e-03  5.9600e-03  8.3600e-03  6.1200e-03
  5186.85      1.9280  6.5900e-03  7.1300e-03  5.9300e-03  8.3600e-03  6.1200e-03
  5185.35      1.9285  6.5100e-03  7.0500e-03  5.8500e-03  8.3700e-03  6.0900e-03
  5183.85      1.9291  6.5200e-03  7.0600e-03  5.8500e-03  8.3800e-03  6.0800e-03
  5182.35      1.9296  6.6100e-03  7.1400e-03  5.9300e-03  8.4000e-03  6.0700e-03
  5180.85      1.9302  6.6800e-03  7.2200e-03  6.0000e-03  8.4000e-03  6.0700e-03
  5179.35      1.9307  6.6800e-03  7.2200e-03  6.0000e-03  8.4200e-03  6.0800e-03
  5177.85      1.9313  6.6900e-03  7.2200e-03  6.0000e-03  8.4300e-03  6.1000e-03
  5176.35      1.9319  6.7600e-03  7.3000e-03  6.0600e-03  8.4300e-03  6.1100e-03
  5174.85      1.9324  6.8300e-03  7.3600e-03  6.1200e-03  8.4500e-03  6.1300e-03
  5173.35      1.9330  6.7400e-03  7.2800e-03  6.0300e-03  8.4500e-03  6.1600e-03
  5171.85      1.9335  6.7000e-03  7.2400e-03  5.9900e-03  8.4600e-03  6.2000e-03
  5170.35      1.9341  6.7200e-03  7.2600e-03  6.0000e-03  8.4600e-03  6.2100e-03
  5168.85      1.9347  6.7200e-03  7.2600e-03  5.9900e-03  8.4700e-03  6.2000e-03
  5167.35      1.9352  6.6700e-03  7.2100e-03  5.9400e-03  8.4700e-03  6.1800e-03
  5165.85      1.9358  6.6200e-03  7.1600e-03  5.8800e-03  8.4700e-03  6.1300e-03
  5164.35      1.9364  6.6400e-03  7.1800e-03  5.9000e-03  8.4800e-03  6.0800e-03
  5162.85      1.9369  6.7500e-03  7.2900e-03  6.0000e-03  8.4900e-03  6.0200e-03
  5161.35      1.9375  6.8600e-03  7.4000e-03  6.1100e-03  8.5000e-03  5.9500e-03
  5159.85      1.9380  6.7900e-03  7.3300e-03  6.0300e-03  8.5000e-03  5.8700e-03
  5158.35      1.9386  6.6800e-03  7.2100e-03  5.9100e-03  8.5000e-03  5.8000e-03
  5156.85      1.9392  6.7000e-03  7.2300e-03  5.9200e-03  8.5000e-03  5.7400e-03
  5155.35      1.9397  6.8400e-03  7.3800e-03  6.0600e-03  8.4900e-03  5.7000e-03
  5153.85      1.9403  6.9000e-03  7.4400e-03  6.1100e-03  8.4800e-03  5.6900e-03
  5152.35      1.9409  6.8600e-03  7.4000e-03  6.0700e-03  8.4700e-03  5.6800e-03
  5150.85      1.9414  6.8000e-03  7.3400e-03  5.9900e-03  8.4600e-03  5.6800e-03
  5149.35      1.9420  6.7200e-03  7.2600e-03  5.9100e-03  8.4300e-03  5.6900e-03
  5147.85      1.9426  6.5400e-03  7.0900e-03  5.7200e-03  8.4100e-03  5.7000e-03
  5146.35      1.9431  6.4300e-03  6.9700e-03  5.6000e-03  8.3900e-03  5.7200e-03
  5144.85      1.9437  6.4600e-03  7.0000e-03  5.6200e-03  8.3700e-03  5.7500e-03
  5143.35      1.9443  6.5000e-03  7.0500e-03  5.6600e-03  8.3700e-03  5.7800e-03
  5141.85      1.9448  6.5800e-03  7.1200e-03  5.7200e-03  8.3700e-03  5.8100e-03
  5140.35      1.9454  6.6400e-03  7.1900e-03  5.7800e-03  8.3700e-03  5.8400e-03
  5138.84      1.9460  6.6600e-03  7.2100e-03  5.7900e-03  8.3800e-03  5.8500e-03
  5137.34      1.9465  6.6400e-03  7.1900e-03  5.7600e-03  8.3800e-03  5.8700e-03
  5135.84      1.9471  6.5600e-03  7.1000e-03  5.6600e-03  8.4000e-03  5.9000e-03
  5134.34      1.9477  6.5500e-03  7.1000e-03  5.6500e-03  8.4200e-03  5.9400e-03
  5132.84      1.9482  6.6700e-03  7.2200e-03  5.7600e-03  8.4300e-03  5.9700e-03
  5131.34      1.9488  6.7900e-03  7.3400e-03  5.8600e-03  8.4500e-03  6.0000e-03
  5129.84      1.9494  6.8300e-03  7.3800e-03  5.8900e-03  8.4500e-03  6.0100e-03
  5128.34      1.9499  6.7800e-03  7.3400e-03  5.8300e-03  8.4500e-03  6.0300e-03
  5126.84      1.9505  6.7100e-03  7.2600e-03  5.7400e-03  8.4500e-03  6.0500e-03
  5125.34      1.9511  6.7000e-03  7.2700e-03  5.7300e-03  8.4400e-03  6.0700e-03
  5123.84      1.9517  6.7200e-03  7.2800e-03  5.7300e-03  8.4300e-03  6.0900e-03
  5122.34      1.9522  6.7100e-03  7.2800e-03  5.7100e-03  8.4300e-03  6.0900e-03
  5120.84      1.9528  6.6600e-03  7.2300e-03  5.6400e-03  8.4200e-03  6.0800e-03
  5119.34      1.9534  6.5800e-03  7.1600e-03  5.5500e-03  8.4100e-03  6.0700e-03
  5117.84      1.9539  6.5300e-03  7.1100e-03  5.4800e-03  8.4000e-03  6.0600e-03
  5116.34      1.9545  6.5300e-03  7.1200e-03  5.4600e-03  8.3900e-03  6.0600e-03
  5114.84      1.9551  6.5800e-03  7.1700e-03  5.4800e-03  8.3900e-03  6.0700e-03
  5113.34      1.9557  6.6200e-03  7.2200e-03  5.5000e-03  8.3800e-03  6.0700e-03
  5111.84      1.9562  6.6800e-03  7.2900e-03  5.5400e-03  8.3800e-03  6.0800e-03
  5110.34      1.9568  6.7400e-03  7.3600e-03  5.5700e-03  8.3800e-03  6.0900e-03
  5108.84      1.9574  6.7500e-03  7.3800e-03  5.5500e-03  8.3700e-03  6.1000e-03
  5107.34      1.9580  6.6900e-03  7.3400e-03  5.4500e-03  8.3700e-03  6.1200e-03
  5105.84      1.9585  6.6400e-03  7.3200e-03  5.3400e-03  8.3600e-03  6.1300e-03
  5104.34      1.9591  6.6200e-03  7.3500e-03  5.2300e-03  8.3600e-03  6.1400e-03
  5102.84      1.9597  6.6400e-03  7.4100e-03  5.1900e-03  8.3600e-03  6.1500e-03
  5101.34      1.9603  6.6800e-03  7.4200e-03  5.2200e-03  8.3600e-03  6.1400e-03
  5099.84      1.9608  6.6700e-03  7.3800e-03  5.1200e-03  8.3600e-03  6.1300e-03
  5098.34      1.9614  6.6200e-03  7.3100e-03  5.0000e-03  8.3600e-03  6.1100e-03
  5096.84      1.9620  6.5400e-03  7.1500e-03  4.9800e-03  8.3600e-03  6.0800e-03
  5095.34      1.9626  6.4300e-03  7.0100e-03  5.0300e-03  8.3700e-03  6.0600e-03
  5093.84      1.9632  6.3400e-03  6.9600e-03  5.1400e-03  8.3700e-03  6.0300e-03
  5092.34      1.9637  6.3600e-03  7.0000e-03  5.2500e-03  8.3800e-03  6.0000e-03
  5090.84      1.9643  6.4200e-03  7.1200e-03  5.3100e-03  8.3700e-03  5.9700e-03
  5089.34      1.9649  6.3400e-03  7.2200e-03  5.2500e-03  8.3700e-03  5.9500e-03
  5087.84      1.9655  6.2200e-03  7.1800e-03  5.1100e-03  8.3700e-03  5.9300e-03
  5086.34      1.9660  6.2600e-03  7.0000e-03  5.0300e-03  8.3600e-03  5.9200e-03
  5084.84      1.9666  6.4400e-03  6.8900e-03  5.0900e-03  8.3500e-03  5.9200e-03
  5083.34      1.9672  6.5500e-03  6.8700e-03  5.3200e-03  8.3400e-03  5.9300e-03
  5081.84      1.9678  6.5500e-03  6.8000e-03  5.5400e-03  8.3300e-03  5.9600e-03
  5080.34      1.9684  6.5200e-03  6.6500e-03  5.5000e-03  8.3200e-03  5.9900e-03
  5078.84      1.9690  6.4100e-03  6.4900e-03  5.2700e-03  8.3200e-03  6.0400e-03
  5077.34      1.9695  6.2100e-03  6.4400e-03  5.1500e-03  8.3200e-03  6.0800e-03
  5075.84      1.9701  6.0900e-03  6.4900e-03  5.1900e-03  8.3100e-03  6.1400e-03
  5074.34      1.9707  6.1100e-03  6.5800e-03  5.1800e-03  8.3000e-03  6.2000e-03
  5072.84      1.9713  6.1300e-03  6.6900e-03  5.1200e-03  8.2900e-03  6.2400e-03
  5071.34      1.9719  6.1400e-03  6.7500e-03  5.0900e-03  8.2700e-03  6.2800e-03
  5069.84      1.9724  6.2100e-03  6.6900e-03  5.0100e-03  8.2600e-03  6.3100e-03
  5068.34      1.9730  6.2200e-03  6.5800e-03  4.9200e-03  8.2300e-03  6.3300e-03
  5066.84      1.9736  6.1000e-03  6.5100e-03  4.9700e-03  8.2100e-03  6.3300e-03
  5065.34      1.9742  5.9600e-03  6.5100e-03  5.1700e-03  8.1700e-03  6.3200e-03
  5063.84      1.9748  6.0000e-03  6.5500e-03  5.3000e-03  8.1300e-03  6.2800e-03
  5062.34      1.9754  6.2600e-03  6.5300e-03  5.3100e-03  8.1100e-03  6.2500e-03
  5060.84      1.9760  6.5700e-03  6.5000e-03  5.3000e-03  8.0900e-03  6.2000e-03
  5059.34      1.9765  6.6500e-03  6.5300e-03  5.2600e-03  8.0900e-03  6.1600e-03
  5057.84      1.9771  6.4900e-03  6.5700e-03  5.1900e-03  8.0800e-03  6.1000e-03
  5056.34      1.9777  6.3400e-03  6.4800e-03  5.2400e-03  8.0800e-03  6.0500e-03
  5054.84      1.9783  6.3400e-03  6.2900e-03  5.3000e-03  8.0800e-03  6.0100e-03
  5053.34      1.9789  6.4000e-03  6.1900e-03  5.2400e-03  8.1000e-03  5.9600e-03
  5051.84      1.9795  6.4500e-03  6.3300e-03  5.1500e-03  8.1100e-03  5.9100e-03
  5050.34      1.9801  6.4300e-03  6.5800e-03  5.1100e-03  8.1400e-03  5.8800e-03
  5048.84      1.9807  6.3300e-03  6.6900e-03  5.1400e-03  8.1600e-03  5.8600e-03
  5047.34      1.9812  6.1700e-03  6.6000e-03  5.3300e-03  8.1700e-03  5.8300e-03
  5045.84      1.9818  6.1100e-03  6.4200e-03  5.5400e-03  8.1900e-03  5.8200e-03
  5044.34      1.9824  6.1900e-03  6.3500e-03  5.5400e-03  8.1900e-03  5.8000e-03
  5042.84      1.9830  6.3400e-03  6.4300e-03  5.4100e-03  8.2000e-03  5.7900e-03
  5041.34      1.9836  6.4800e-03  6.5800e-03  5.3500e-03  8.2100e-03  5.7900e-03
  5039.84      1.9842  6.6100e-03  6.6600e-03  5.2800e-03  8.2100e-03  5.8000e-03
  5038.34      1.9848  6.6700e-03  6.5900e-03  5.1200e-03  8.2100e-03  5.8100e-03
  5036.84      1.9854  6.5100e-03  6.5300e-03  4.9800e-03  8.2000e-03  5.8300e-03
  5035.34      1.9860  6.2300e-03  6.4700e-03  5.0000e-03  8.1900e-03  5.8300e-03
  5033.84      1.9866  6.1200e-03  6.3000e-03  5.0600e-03  8.1700e-03  5.8500e-03
  5032.34      1.9871  6.2800e-03  6.1400e-03  4.9700e-03  8.1400e-03  5.8800e-03
  5030.84      1.9877  6.4700e-03  6.1600e-03  4.8600e-03  8.1300e-03  5.8900e-03
  5029.34      1.9883  6.5900e-03  6.3600e-03  4.9500e-03  8.1000e-03  5.9200e-03
  5027.84      1.9889  6.6500e-03  6.5000e-03  5.0800e-03  8.0700e-03  5.9400e-03
  5026.34      1.9895  6.5900e-03  6.5600e-03  5.1100e-03  8.0300e-03  5.9600e-03
  5024.84      1.9901  6.4400e-03  6.6500e-03  5.1600e-03  8.0000e-03  5.9700e-03
  5023.34      1.9907  6.3400e-03  6.7000e-03  5.2200e-03  7.9600e-03  5.9800e-03
  5021.84      1.9913  6.4000e-03  6.6200e-03  5.1700e-03  7.9400e-03  5.9800e-03
  5020.34      1.9919  6.4800e-03  6.5700e-03  5.1500e-03  7.9100e-03  5.9900e-03
  5018.84      1.9925  6.3600e-03  6.6000e-03  5.2200e-03  7.9000e-03  5.9900e-03
  5017.34      1.9931  6.2100e-03  6.6000e-03  5.2300e-03  7.8800e-03  6.0100e-03
  5015.84      1.9937  6.1800e-03  6.4500e-03  5.1200e-03  7.8700e-03  6.0200e-03
  5014.34      1.9943  6.1300e-03  6.2100e-03  4.9500e-03  7.8600e-03  6.0300e-03
  5012.84      1.9949  5.9800e-03  6.0100e-03  4.7900e-03  7.8400e-03  6.0600e-03
  5011.34      1.9955  5.8700e-03  5.9600e-03  4.7300e-03  7.8300e-03  6.1000e-03
  5009.84      1.9961  5.9200e-03  6.0200e-03  4.7900e-03  7.8100e-03  6.1400e-03
  5008.34      1.9967  6.0800e-03  6.1600e-03  4.8700e-03  7.7900e-03  6.1800e-03
  5006.83      1.9973  6.1800e-03  6.3100e-03  4.9100e-03  7.7700e-03  6.2200e-03
  5005.33      1.9979  6.1100e-03  6.3200e-03  4.8700e-03  7.7500e-03  6.2600e-03
  5003.83      1.9985  5.8800e-03  6.2200e-03  4.8400e-03  7.7200e-03  6.2900e-03
  5002.33      1.9991  5.7200e-03  6.1400e-03  4.8400e-03  7.6900e-03  6.3200e-03
  5000.83      1.9997  5.7700e-03  6.1200e-03  4.7500e-03  7.6800e-03  6.3300e-03
  4999.33      2.0003  5.9500e-03  6.1500e-03  4.5300e-03  7.6700e-03  6.3200e-03
  4997.83      2.0009  6.0400e-03  6.1800e-03  4.3700e-03  7.6700e-03  6.3100e-03
  4996.33      2.0015  6.0300e-03  6.2400e-03  4.4600e-03  7.6700e-03  6.2700e-03
  4994.83      2.0021  5.9800e-03  6.2800e-03  4.5700e-03  7.6600e-03  6.2400e-03
  4993.33      2.0027  5.8800e-03  6.2000e-03  4.4900e-03  7.6600e-03  6.2000e-03
  4991.83      2.0033  5.7600e-03  6.0000e-03  4.4100e-03  7.6600e-03  6.1700e-03
  4990.33      2.0039  5.7100e-03  5.9100e-03  4.5400e-03  7.6500e-03  6.1400e-03
  4988.83      2.0045  5.7900e-03  6.0500e-03  4.7900e-03  7.6300e-03  6.1100e-03
  4987.33      2.0051  5.8800e-03  6.2300e-03  4.8600e-03  7.6200e-03  6.1000e-03
  4985.83      2.0057  5.8300e-03  6.2200e-03  4.6400e-03  7.6000e-03  6.1200e-03
  4984.33      2.0063  5.7300e-03  6.0800e-03  4.4100e-03  7.5800e-03  6.1300e-03
  4982.83      2.0069  5.7000e-03  5.8800e-03  4.3800e-03  7.5400e-03  6.1700e-03
  4981.33      2.0075  5.7500e-03  5.7500e-03  4.4700e-03  7.5200e-03  6.2200e-03
  4979.83      2.0081  5.7900e-03  5.7500e-03  4.4800e-03  7.5000e-03  6.2700e-03
  4978.33      2.0087  5.8300e-03  5.7900e-03  4.4800e-03  7.4900e-03  6.3200e-03
  4976.83      2.0093  5.9300e-03  5.8900e-03  4.5700e-03  7.4800e-03  6.3800e-03
  4975.33      2.0099  5.9800e-03  6.0300e-03  4.7100e-03  7.4800e-03  6.4300e-03
  4973.83      2.0105  5.9200e-03  6.0700e-03  4.8000e-03  7.4800e-03  6.4700e-03
  4972.33      2.0111  5.8300e-03  6.0100e-03  4.8400e-03  7.5000e-03  6.5100e-03
  4970.83      2.0117  5.8400e-03  5.9200e-03  4.9000e-03  7.5000e-03  6.5200e-03
  4969.33      2.0123  5.9400e-03  5.8200e-03  4.9500e-03  7.5200e-03  6.5300e-03
  4967.83      2.0130  6.0100e-03  5.7700e-03  4.8600e-03  7.5300e-03  6.5300e-03
  4966.33      2.0136  5.8900e-03  5.8800e-03  4.7000e-03  7.5400e-03  6.5300e-03
  4964.83      2.0142  5.6600e-03  6.1100e-03  4.5400e-03  7.5400e-03  6.5200e-03
  4963.33      2.0148  5.5700e-03  6.2500e-03  4.3200e-03  7.5300e-03  6.4900e-03
  4961.83      2.0154  5.5400e-03  6.2200e-03  4.1500e-03  7.5200e-03  6.4700e-03
  4960.33      2.0160  5.3600e-03  6.1700e-03  4.1300e-03  7.5100e-03  6.4500e-03
  4958.83      2.0166  5.1000e-03  6.1300e-03  4.1900e-03  7.5000e-03  6.4300e-03
  4957.33      2.0172  5.0300e-03  6.0000e-03  4.2200e-03  7.4900e-03  6.4200e-03
  4955.83      2.0178  5.1300e-03  5.8600e-03  4.2200e-03  7.4700e-03  6.3900e-03
  4954.33      2.0184  5.2800e-03  5.8300e-03  4.2200e-03  7.4700e-03  6.3800e-03
  4952.83      2.0190  5.3600e-03  5.8300e-03  4.2600e-03  7.4500e-03  6.3700e-03
  4951.33      2.0197  5.3300e-03  5.8600e-03  4.3000e-03  7.4400e-03  6.3600e-03
  4949.83      2.0203  5.2100e-03  5.8900e-03  4.3500e-03  7.4200e-03  6.3400e-03
  4948.33      2.0209  5.1900e-03  5.8500e-03  4.4400e-03  7.4000e-03  6.3200e-03
  4946.83      2.0215  5.3000e-03  5.7500e-03  4.5600e-03  7.3900e-03  6.3100e-03
  4945.33      2.0221  5.3700e-03  5.7100e-03  4.6100e-03  7.3700e-03  6.2800e-03
  4943.83      2.0227  5.3500e-03  5.7600e-03  4.6400e-03  7.3600e-03  6.2700e-03
  4942.33      2.0233  5.3200e-03  5.8200e-03  4.6700e-03  7.3200e-03  6.2600e-03
  4940.83      2.0240  5.3400e-03  5.8200e-03  4.6200e-03  7.2900e-03  6.2600e-03
  4939.33      2.0246  5.3200e-03  5.8400e-03  4.5000e-03  7.2600e-03  6.2700e-03
  4937.83      2.0252  5.2700e-03  5.9400e-03  4.4300e-03  7.2500e-03  6.2700e-03
  4936.33      2.0258  5.3600e-03  6.0400e-03  4.4700e-03  7.2300e-03  6.2900e-03
  4934.83      2.0264  5.5300e-03  6.0900e-03  4.5400e-03  7.2100e-03  6.3100e-03
  4933.33      2.0270  5.6200e-03  6.1500e-03  4.5300e-03  7.2100e-03  6.3300e-03
  4931.83      2.0276  5.6600e-03  6.2800e-03  4.4800e-03  7.2000e-03  6.3600e-03
  4930.33      2.0283  5.6500e-03  6.2700e-03  4.4800e-03  7.2000e-03  6.4000e-03
  4928.83      2.0289  5.5700e-03  6.0600e-03  4.5500e-03  7.2000e-03  6.4300e-03
  4927.33      2.0295  5.5400e-03  5.8500e-03  4.4600e-03  7.2000e-03  6.4400e-03
  4925.83      2.0301  5.5500e-03  5.7800e-03  4.2600e-03  7.2100e-03  6.4600e-03
  4924.33      2.0307  5.5100e-03  5.9000e-03  4.2200e-03  7.2100e-03  6.4600e-03
  4922.83      2.0314  5.4000e-03  6.0800e-03  4.3000e-03  7.2000e-03  6.4500e-03
  4921.33      2.0320  5.2900e-03  6.1700e-03  4.3200e-03  7.2000e-03  6.4500e-03
  4919.83      2.0326  5.2600e-03  6.0600e-03  4.2200e-03  7.1700e-03  6.4200e-03
  4918.33      2.0332  5.3900e-03  5.8300e-03  4.0600e-03  7.1500e-03  6.3900e-03
  4916.83      2.0338  5.5900e-03  5.7100e-03  3.9700e-03  7.1300e-03  6.3500e-03
  4915.33      2.0345  5.6200e-03  5.7600e-03  4.1200e-03  7.1100e-03  6.3200e-03
  4913.83      2.0351  5.4800e-03  5.7800e-03  4.4000e-03  7.0900e-03  6.2800e-03
  4912.33      2.0357  5.4000e-03  5.7600e-03  4.5400e-03  7.0600e-03  6.2600e-03
  4910.83      2.0363  5.3700e-03  5.7800e-03  4.5100e-03  7.0300e-03  6.2500e-03
  4909.33      2.0369  5.2700e-03  5.8100e-03  4.5100e-03  7.0000e-03  6.2300e-03
  4907.83      2.0376  5.2800e-03  5.7700e-03  4.5500e-03  6.9700e-03  6.2400e-03
  4906.33      2.0382  5.4000e-03  5.7300e-03  4.5400e-03  6.9400e-03  6.2400e-03
  4904.83      2.0388  5.4200e-03  5.6800e-03  4.5000e-03  6.9100e-03  6.2700e-03
  4903.33      2.0394  5.3900e-03  5.6300e-03  4.4200e-03  6.8700e-03  6.3000e-03
  4901.83      2.0401  5.4800e-03  5.6900e-03  4.3100e-03  6.8400e-03  6.3400e-03
  4900.33      2.0407  5.5200e-03  5.9400e-03  4.2300e-03  6.8200e-03  6.3900e-03
  4898.83      2.0413  5.3900e-03  6.1400e-03  4.2600e-03  6.7900e-03  6.4400e-03
  4897.33      2.0419  5.3100e-03  6.1100e-03  4.3300e-03  6.7800e-03  6.4800e-03
  4895.83      2.0426  5.3500e-03  5.9500e-03  4.3900e-03  6.7600e-03  6.5300e-03
  4894.33      2.0432  5.3600e-03  5.7500e-03  4.4400e-03  6.7400e-03  6.5800e-03
  4892.83      2.0438  5.2600e-03  5.5700e-03  4.5100e-03  6.7300e-03  6.6200e-03
  4891.33      2.0444  5.1200e-03  5.5300e-03  4.5500e-03  6.7200e-03  6.6600e-03
  4889.83      2.0451  5.0400e-03  5.6100e-03  4.5200e-03  6.7100e-03  6.7000e-03
  4888.33      2.0457  5.0900e-03  5.7000e-03  4.4800e-03  6.6900e-03  6.7300e-03
  4886.83      2.0463  5.2100e-03  5.7500e-03  4.3800e-03  6.6800e-03  6.7400e-03
  4885.33      2.0469  5.2700e-03  5.6900e-03  4.1500e-03  6.6500e-03  6.7600e-03
  4883.83      2.0476  5.2700e-03  5.5900e-03  3.9800e-03  6.6400e-03  6.7700e-03
  4882.33      2.0482  5.2500e-03  5.5400e-03  4.0800e-03  6.6200e-03  6.7900e-03
  4880.83      2.0488  5.2500e-03  5.6100e-03  4.2900e-03  6.6100e-03  6.8100e-03
  4879.33      2.0495  5.2800e-03  5.7400e-03  4.3900e-03  6.6000e-03  6.8100e-03
  4877.83      2.0501  5.3100e-03  5.8200e-03  4.3700e-03  6.6000e-03  6.8200e-03
  4876.33      2.0507  5.3100e-03  5.8700e-03  4.3500e-03  6.6000e-03  6.8300e-03
  4874.83      2.0514  5.3000e-03  5.9700e-03  4.3800e-03  6.6000e-03  6.8500e-03
  4873.33      2.0520  5.4000e-03  6.0200e-03  4.5000e-03  6.6000e-03  6.8600e-03
  4871.83      2.0526  5.5900e-03  5.9800e-03  4.6200e-03  6.6100e-03  6.8900e-03
  4870.32      2.0533  5.7200e-03  5.9500e-03  4.5800e-03  6.6100e-03  6.9000e-03
  4868.82      2.0539  5.6600e-03  6.0200e-03  4.4400e-03  6.6200e-03  6.9200e-03
  4867.32      2.0545  5.5100e-03  6.1300e-03  4.3700e-03  6.6200e-03  6.9400e-03
  4865.82      2.0552  5.3700e-03  6.1800e-03  4.4200e-03  6.6100e-03  6.9600e-03
  4864.32      2.0558  5.2600e-03  6.1300e-03  4.3800e-03  6.6100e-03  6.9800e-03
  4862.82      2.0564  5.1200e-03  5.9700e-03  4.2700e-03  6.6000e-03  6.9900e-03
  4861.32      2.0571  4.9700e-03  5.8000e-03  4.2600e-03  6.5900e-03  7.0000e-03
  4859.82      2.0577  4.8700e-03  5.7600e-03  4.4100e-03  6.5800e-03  7.0000e-03
  4858.32      2.0583  4.7700e-03  5.8600e-03  4.6100e-03  6.5600e-03  7.0100e-03
  4856.82      2.0590  4.7400e-03  5.9100e-03  4.7200e-03  6.5400e-03  7.0100e-03
  4855.32      2.0596  4.8800e-03  5.7700e-03  4.5400e-03  6.5300e-03  7.0000e-03
  4853.82      2.0602  5.1400e-03  5.5400e-03  4.2600e-03  6.5100e-03  6.9900e-03
  4852.32      2.0609  5.3000e-03  5.4200e-03  4.2500e-03  6.5000e-03  6.9800e-03
  4850.82      2.0615  5.3700e-03  5.4400e-03  4.4000e-03  6.4800e-03  6.9600e-03
  4849.32      2.0621  5.3600e-03  5.5200e-03  4.3900e-03  6.4700e-03  6.9500e-03
  4847.82      2.0628  5.2300e-03  5.5200e-03  4.1800e-03  6.4500e-03  6.9300e-03
  4846.32      2.0634  5.0700e-03  5.4700e-03  3.9900e-03  6.4400e-03  6.9300e-03
  4844.82      2.0641  4.9800e-03  5.4600e-03  4.0100e-03  6.4300e-03  6.9200e-03
  4843.32      2.0647  4.9100e-03  5.4800e-03  4.2300e-03  6.4100e-03  6.9100e-03
  4841.82      2.0653  4.8500e-03  5.3800e-03  4.4400e-03  6.4000e-03  6.9100e-03
  4840.32      2.0660  4.8600e-03  5.2000e-03  4.4400e-03  6.3900e-03  6.9200e-03
  4838.82      2.0666  4.9700e-03  5.1600e-03  4.3700e-03  6.3800e-03  6.9400e-03
  4837.32      2.0673  5.0700e-03  5.2900e-03  4.4900e-03  6.3700e-03  6.9600e-03
  4835.82      2.0679  5.1100e-03  5.5200e-03  4.6800e-03  6.3700e-03  7.0000e-03
  4834.32      2.0685  5.1600e-03  5.7200e-03  4.7100e-03  6.3600e-03  7.0300e-03
  4832.82      2.0692  5.2500e-03  5.8400e-03  4.5800e-03  6.3600e-03  7.0600e-03
  4831.32      2.0698  5.3000e-03  5.8600e-03  4.4800e-03  6.3500e-03  7.0800e-03
  4829.82      2.0705  5.2600e-03  5.8400e-03  4.4600e-03  6.3500e-03  7.1000e-03
  4828.32      2.0711  5.1600e-03  5.8700e-03  4.4800e-03  6.3400e-03  7.1000e-03
  4826.82      2.0718  5.1100e-03  5.8300e-03  4.4700e-03  6.3400e-03  7.1100e-03
  4825.32      2.0724  5.2100e-03  5.6900e-03  4.4300e-03  6.3400e-03  7.1100e-03
  4823.82      2.0730  5.3700e-03  5.6000e-03  4.4600e-03  6.3500e-03  7.0900e-03
  4822.32      2.0737  5.4600e-03  5.6100e-03  4.5000e-03  6.3500e-03  7.0700e-03
  4820.82      2.0743  5.3700e-03  5.6700e-03  4.5200e-03  6.3500e-03  7.0400e-03
  4819.32      2.0750  5.1000e-03  5.7500e-03  4.6100e-03  6.3400e-03  7.0200e-03
  4817.82      2.0756  4.8600e-03  5.7900e-03  4.7000e-03  6.3400e-03  6.9900e-03
  4816.32      2.0763  4.8200e-03  5.7900e-03  4.6100e-03  6.3400e-03  6.9700e-03
  4814.82      2.0769  4.8100e-03  5.7600e-03  4.3600e-03  6.3400e-03  6.9700e-03
  4813.32      2.0776  4.7200e-03  5.7400e-03  4.2100e-03  6.3400e-03  6.9800e-03
  4811.82      2.0782  4.7400e-03  5.7500e-03  4.3700e-03  6.3300e-03  6.9800e-03
  4810.32      2.0789  4.9200e-03  5.7900e-03  4.6500e-03  6.3300e-03  6.9900e-03
  4808.82      2.0795  5.0800e-03  5.8300e-03  4.7200e-03  6.3200e-03  7.0100e-03
  4807.32      2.0802  5.1500e-03  5.8400e-03  4.6400e-03  6.3100e-03  7.0400e-03
  4805.82      2.0808  5.1900e-03  5.7500e-03  4.6500e-03  6.3000e-03  7.0600e-03
  4804.32      2.0815  5.1700e-03  5.6400e-03  4.7000e-03  6.2800e-03  7.0900e-03
  4802.82      2.0821  5.0300e-03  5.6100e-03  4.5700e-03  6.2600e-03  7.1200e-03
  4801.32      2.0828  4.9900e-03  5.6700e-03  4.3900e-03  6.2500e-03  7.1400e-03
  4799.82      2.0834  5.0500e-03  5.7300e-03  4.4900e-03  6.2200e-03  7.1600e-03
  4798.32      2.0841  5.0900e-03  5.6900e-03  4.7100e-03  6.1900e-03  7.1800e-03
  4796.82      2.0847  5.1300e-03  5.5900e-03  4.6800e-03  6.1600e-03  7.2100e-03
  4795.32      2.0854  5.1800e-03  5.6100e-03  4.5300e-03  6.1300e-03  7.2200e-03
  4793.82      2.0860  5.1800e-03  5.7700e-03  4.5400e-03  6.1000e-03  7.2400e-03
  4792.32      2.0867  5.1800e-03  5.9100e-03  4.6700e-03  6.0800e-03  7.2500e-03
  4790.82      2.0873  5.2000e-03  5.9200e-03  4.7700e-03  6.0600e-03  7.2600e-03
  4789.32      2.0880  5.1200e-03  5.8900e-03  4.8400e-03  6.0300e-03  7.2700e-03
  4787.82      2.0886  4.9500e-03  5.9300e-03  4.9200e-03  6.0200e-03  7.2800e-03
  4786.32      2.0893  4.8400e-03  5.9900e-03  4.9700e-03  6.0100e-03  7.2900e-03
  4784.82      2.0899  4.8700e-03  5.9900e-03  4.9400e-03  6.0000e-03  7.2900e-03
  4783.32      2.0906  4.9900e-03  5.9600e-03  4.7800e-03  5.9900e-03  7.3000e-03
  4781.82      2.0913  5.1100e-03  5.9400e-03  4.6400e-03  5.9800e-03  7.3000e-03
  4780.32      2.0919  5.1800e-03  5.9600e-03  4.6700e-03  5.9700e-03  7.3200e-03
  4778.82      2.0926  5.1700e-03  5.9700e-03  4.7600e-03  5.9600e-03  7.3300e-03
  4777.32      2.0932  5.1200e-03  5.9800e-03  4.8200e-03  5.9400e-03  7.3600e-03
  4775.82      2.0939  5.0800e-03  6.0200e-03  4.9300e-03  5.9200e-03  7.3800e-03
  4774.32      2.0945  5.1100e-03  5.9700e-03  5.1100e-03  5.9100e-03  7.4100e-03
  4772.82      2.0952  5.2400e-03  5.8600e-03  5.1600e-03  5.8900e-03  7.4400e-03
  4771.32      2.0959  5.3700e-03  5.8000e-03  5.0200e-03  5.8800e-03  7.4600e-03
  4769.82      2.0965  5.3500e-03  5.8400e-03  4.8900e-03  5.8500e-03  7.4900e-03
  4768.32      2.0972  5.2300e-03  5.9800e-03  4.8900e-03  5.8400e-03  7.5200e-03
  4766.82      2.0978  5.1000e-03  6.1100e-03  5.0000e-03  5.8200e-03  7.5500e-03
  4765.32      2.0985  5.0600e-03  6.0300e-03  5.1300e-03  5.8100e-03  7.5500e-03
  4763.82      2.0992  5.1200e-03  5.8900e-03  5.1300e-03  5.8000e-03  7.5600e-03
  4762.32      2.0998  5.1800e-03  5.8700e-03  5.0100e-03  5.7800e-03  7.5500e-03
  4760.82      2.1005  5.3300e-03  5.9100e-03  5.0100e-03  5.7700e-03  7.5400e-03
  4759.32      2.1011  5.5400e-03  5.8800e-03  5.1400e-03  5.7600e-03  7.5200e-03
  4757.82      2.1018  5.6100e-03  5.8000e-03  5.2300e-03  5.7600e-03  7.5100e-03
  4756.32      2.1025  5.5400e-03  5.7600e-03  5.2300e-03  5.7500e-03  7.4800e-03
  4754.82      2.1031  5.4000e-03  5.7800e-03  5.2300e-03  5.7500e-03  7.4400e-03
  4753.32      2.1038  5.3300e-03  5.9200e-03  5.3200e-03  5.7500e-03  7.4000e-03
  4751.82      2.1045  5.2700e-03  6.1000e-03  5.4000e-03  5.7400e-03  7.3700e-03
  4750.32      2.1051  5.2400e-03  6.1100e-03  5.3000e-03  5.7400e-03  7.3400e-03
  4748.82      2.1058  5.3900e-03  6.0100e-03  5.0600e-03  5.7400e-03  7.3100e-03
  4747.32      2.1065  5.5300e-03  5.9600e-03  4.8400e-03  5.7300e-03  7.2900e-03
  4745.82      2.1071  5.4200e-03  5.9000e-03  4.7400e-03  5.7300e-03  7.2600e-03
  4744.32      2.1078  5.2500e-03  5.7700e-03  4.7400e-03  5.7300e-03  7.2400e-03
  4742.82      2.1085  5.2200e-03  5.6600e-03  4.7200e-03  5.7200e-03  7.2100e-03
  4741.32      2.1091  5.2000e-03  5.6600e-03  4.6600e-03  5.7100e-03  7.2000e-03
  4739.82      2.1098  5.1400e-03  5.7400e-03  4.5900e-03  5.6900e-03  7.1700e-03
  4738.31      2.1105  5.1100e-03  5.7700e-03  4.5300e-03  5.6800e-03  7.1600e-03
  4736.81      2.1111  5.0900e-03  5.6900e-03  4.5300e-03  5.6600e-03  7.1300e-03
  4735.31      2.1118  5.0500e-03  5.5700e-03  4.6100e-03  5.6500e-03  7.1000e-03
  4733.81      2.1125  5.0700e-03  5.5900e-03  4.6700e-03  5.6200e-03  7.0800e-03
  4732.31      2.1131  5.1500e-03  5.7300e-03  4.7100e-03  5.6000e-03  7.0500e-03
  4730.81      2.1138  5.1400e-03  5.7100e-03  4.7700e-03  5.5700e-03  7.0200e-03
  4729.31      2.1145  4.9600e-03  5.5000e-03  4.8300e-03  5.5300e-03  6.9800e-03
  4727.81      2.1151  4.8300e-03  5.3300e-03  4.8300e-03  5.5100e-03  6.9500e-03
  4726.31      2.1158  4.8200e-03  5.2400e-03  4.7500e-03  5.4800e-03  6.9300e-03
  4724.81      2.1165  4.8900e-03  5.2200e-03  4.6500e-03  5.4600e-03  6.9000e-03
  4723.31      2.1172  4.9500e-03  5.3300e-03  4.5600e-03  5.4300e-03  6.8800e-03
  4721.81      2.1178  4.8500e-03  5.4700e-03  4.5000e-03  5.4100e-03  6.8500e-03
  4720.31      2.1185  4.6000e-03  5.5400e-03  4.4900e-03  5.3900e-03  6.8300e-03
  4718.81      2.1192  4.4400e-03  5.5100e-03  4.5100e-03  5.3700e-03  6.8100e-03
  4717.31      2.1199  4.4800e-03  5.4400e-03  4.5700e-03  5.3500e-03  6.8000e-03
  4715.81      2.1205  4.6000e-03  5.3400e-03  4.6100e-03  5.3300e-03  6.7800e-03
  4714.31      2.1212  4.6500e-03  5.1400e-03  4.5100e-03  5.3100e-03  6.7700e-03
  4712.81      2.1219  4.6400e-03  4.9600e-03  4.3900e-03  5.2800e-03  6.7500e-03
  4711.31      2.1226  4.6300e-03  4.9300e-03  4.4100e-03  5.2400e-03  6.7400e-03
  4709.81      2.1232  4.6100e-03  5.0600e-03  4.5100e-03  5.2000e-03  6.7200e-03
  4708.31      2.1239  4.5700e-03  5.2000e-03  4.4700e-03  5.1500e-03  6.6900e-03
  4706.81      2.1246  4.5700e-03  5.1600e-03  4.3500e-03  5.1100e-03  6.6800e-03
  4705.31      2.1253  4.6500e-03  4.9900e-03  4.3000e-03  5.0600e-03  6.6600e-03
  4703.81      2.1259  4.7700e-03  4.9600e-03  4.4200e-03  5.0200e-03  6.6500e-03
  4702.31      2.1266  4.8200e-03  5.0400e-03  4.6000e-03  4.9800e-03  6.6300e-03
  4700.81      2.1273  4.7800e-03  4.9900e-03  4.6100e-03  4.9700e-03  6.6200e-03
  4699.31      2.1280  4.6800e-03  4.9400e-03  4.5000e-03  4.9600e-03  6.6000e-03
  4697.81      2.1287  4.6000e-03  5.0400e-03  4.4700e-03  4.9800e-03  6.5900e-03
  4696.31      2.1293  4.5200e-03  5.1200e-03  4.4500e-03  5.0200e-03  6.5700e-03
  4694.81      2.1300  4.5100e-03  5.0900e-03  4.3500e-03  5.0700e-03  6.5600e-03
  4693.31      2.1307  4.6200e-03  5.0000e-03  4.3000e-03  5.1200e-03  6.5600e-03
  4691.81      2.1314  4.7500e-03  4.8500e-03  4.3900e-03  5.1800e-03  6.5500e-03
  4690.31      2.1321  4.7600e-03  4.7400e-03  4.5200e-03  5.2400e-03  6.5400e-03
  4688.81      2.1327  4.6800e-03  4.7600e-03  4.6300e-03  5.2900e-03  6.5300e-03
  4687.31      2.1334  4.5900e-03  4.8000e-03  4.5800e-03  5.3400e-03  6.5100e-03
  4685.81      2.1341  4.5000e-03  4.8300e-03  4.3800e-03  5.3800e-03  6.4900e-03
  4684.31      2.1348  4.4100e-03  4.8800e-03  4.2200e-03  5.3900e-03  6.4800e-03
  4682.81      2.1355  4.3800e-03  4.9800e-03  4.1600e-03  5.4000e-03  6.4600e-03
  4681.31      2.1362  4.4100e-03  5.0800e-03  4.2200e-03  5.3800e-03  6.4400e-03
  4679.81      2.1368  4.4700e-03  5.1200e-03  4.2500e-03  5.3600e-03  6.4300e-03
  4678.31      2.1375  4.5500e-03  4.9700e-03  4.1400e-03  5.3200e-03  6.4000e-03
  4676.81      2.1382  4.6000e-03  4.7700e-03  4.0100e-03  5.2800e-03  6.3700e-03
  4675.31      2.1389  4.5100e-03  4.7400e-03  4.0400e-03  5.2400e-03  6.3300e-03
  4673.81      2.1396  4.3300e-03  4.8100e-03  4.1900e-03  5.2000e-03  6.3000e-03
  4672.31      2.1403  4.2600e-03  4.7900e-03  4.2900e-03  5.1700e-03  6.2700e-03
  4670.81      2.1410  4.2800e-03  4.6600e-03  4.2400e-03  5.1400e-03  6.2500e-03
  4669.31      2.1416  4.2800e-03  4.5900e-03  4.0700e-03  5.1300e-03  6.2100e-03
  4667.81      2.1423  4.3100e-03  4.6100e-03  3.9700e-03  5.1300e-03  6.1600e-03
  4666.31      2.1430  4.3200e-03  4.6700e-03  4.0100e-03  5.1300e-03  6.1100e-03
  4664.81      2.1437  4.3300e-03  4.7400e-03  4.1200e-03  5.1500e-03  6.0500e-03
  4663.31      2.1444  4.3400e-03  4.7300e-03  4.2200e-03  5.1600e-03  6.0000e-03
  4661.81      2.1451  4.3300e-03  4.6400e-03  4.3200e-03  5.1800e-03  5.9600e-03
  4660.31      2.1458  4.3100e-03  4.6100e-03  4.4200e-03  5.1900e-03  5.9100e-03
  4658.81      2.1465  4.2800e-03  4.5800e-03  4.4100e-03  5.2000e-03  5.8500e-03
  4657.31      2.1472  4.2300e-03  4.5100e-03  4.2500e-03  5.2000e-03  5.8100e-03
  4655.81      2.1479  4.1600e-03  4.4900e-03  4.0200e-03  5.2000e-03  5.7600e-03
  4654.31      2.1485  4.1200e-03  4.4400e-03  3.8400e-03  5.2000e-03  5.7200e-03
  4652.81      2.1492  4.1400e-03  4.3100e-03  3.7400e-03  5.1800e-03  5.7000e-03
  4651.31      2.1499  4.1400e-03  4.2000e-03  3.7200e-03  5.1500e-03  5.6800e-03
  4649.81      2.1506  4.0900e-03  4.1800e-03  3.7600e-03  5.1300e-03  5.6700e-03
  4648.31      2.1513  4.0700e-03  4.2200e-03  3.8200e-03  5.1000e-03  5.6600e-03
  4646.81      2.1520  4.0700e-03  4.2900e-03  3.8100e-03  5.0700e-03  5.6600e-03
  4645.31      2.1527  4.0500e-03  4.4100e-03  3.7800e-03  5.0500e-03  5.6500e-03
  4643.81      2.1534  4.0700e-03  4.5500e-03  3.7600e-03  5.0200e-03  5.6400e-03
  4642.31      2.1541  4.1200e-03  4.4800e-03  3.7700e-03  5.0000e-03  5.6300e-03
  4640.81      2.1548  4.1300e-03  4.1800e-03  3.8800e-03  4.9700e-03  5.6100e-03
  4639.31      2.1555  4.0600e-03  3.9400e-03  4.0300e-03  4.9600e-03  5.6000e-03
  4637.81      2.1562  3.9800e-03  3.9600e-03  4.0900e-03  4.9400e-03  5.5800e-03
  4636.31      2.1569  3.9700e-03  4.1300e-03  4.0700e-03  4.9400e-03  5.5500e-03
  4634.81      2.1576  3.9800e-03  4.2700e-03  3.9600e-03  4.9300e-03  5.5200e-03
  4633.31      2.1583  3.9400e-03  4.3100e-03  3.7600e-03  4.9300e-03  5.4900e-03
  4631.81      2.1590  3.8700e-03  4.3200e-03  3.6600e-03  4.9300e-03  5.4600e-03
  4630.31      2.1597  3.8300e-03  4.2700e-03  3.7500e-03  4.9300e-03  5.4500e-03
  4628.81      2.1604  3.8600e-03  4.1600e-03  3.8200e-03  4.9200e-03  5.4300e-03
  4627.31      2.1611  3.9200e-03  4.0500e-03  3.7700e-03  4.9200e-03  5.4200e-03
  4625.81      2.1618  3.9300e-03  3.9600e-03  3.6100e-03  4.9300e-03  5.4100e-03
  4624.31      2.1625  3.9700e-03  3.9500e-03  3.3800e-03  4.9300e-03  5.4000e-03
  4622.81      2.1632  4.0800e-03  4.0400e-03  3.2100e-03  4.9200e-03  5.4000e-03
  4621.31      2.1639  4.1000e-03  4.1200e-03  3.2100e-03  4.9100e-03  5.4000e-03
  4619.81      2.1646  3.9200e-03  4.1200e-03  3.3100e-03  4.9100e-03  5.4100e-03
  4618.31      2.1653  3.7300e-03  4.0200e-03  3.4300e-03  4.8900e-03  5.4000e-03
  4616.81      2.1660  3.7800e-03  3.9800e-03  3.5500e-03  4.8800e-03  5.4000e-03
  4615.31      2.1667  3.9400e-03  4.0500e-03  3.7100e-03  4.8800e-03  5.4000e-03
  4613.81      2.1674  3.8900e-03  4.1000e-03  3.8000e-03  4.8800e-03  5.4000e-03
  4612.31      2.1681  3.7300e-03  4.1300e-03  3.7300e-03  4.8800e-03  5.4000e-03
  4610.81      2.1688  3.7200e-03  4.1400e-03  3.5400e-03  4.8800e-03  5.4000e-03
  4609.31      2.1695  3.8300e-03  4.0300e-03  3.4000e-03  4.8900e-03  5.4000e-03
  4607.81      2.1702  4.0000e-03  3.9400e-03  3.4000e-03  4.9000e-03  5.3900e-03
  4606.31      2.1709  4.1900e-03  4.0000e-03  3.5000e-03  4.9000e-03  5.3900e-03
  4604.81      2.1716  4.3300e-03  4.1200e-03  3.6300e-03  4.9100e-03  5.3900e-03
  4603.31      2.1724  4.3800e-03  4.1600e-03  3.7400e-03  4.9200e-03  5.3900e-03
  4601.80      2.1731  4.3300e-03  4.1200e-03  3.7900e-03  4.9300e-03  5.3900e-03
  4600.30      2.1738  4.1900e-03  4.0600e-03  3.8100e-03  4.9400e-03  5.3800e-03
  4598.80      2.1745  4.0700e-03  4.0500e-03  3.8100e-03  4.9400e-03  5.3700e-03
  4597.30      2.1752  4.0700e-03  4.1400e-03  3.8000e-03  4.9500e-03  5.3700e-03
  4595.80      2.1759  4.1000e-03  4.2800e-03  3.7700e-03  4.9600e-03  5.3700e-03
  4594.30      2.1766  4.1100e-03  4.3700e-03  3.7400e-03  4.9900e-03  5.3800e-03
  4592.80      2.1773  4.1500e-03  4.3200e-03  3.8000e-03  5.0200e-03  5.3800e-03
  4591.30      2.1780  4.2300e-03  4.1700e-03  3.9300e-03  5.0500e-03  5.4000e-03
  4589.80      2.1787  4.2100e-03  4.1000e-03  3.9400e-03  5.0900e-03  5.4100e-03
  4588.30      2.1795  4.0800e-03  4.1700e-03  3.8400e-03  5.1400e-03  5.4300e-03
  4586.80      2.1802  3.9300e-03  4.2000e-03  3.7500e-03  5.1800e-03  5.4600e-03
  4585.30      2.1809  3.8400e-03  4.1000e-03  3.7100e-03  5.2200e-03  5.5000e-03
  4583.80      2.1816  3.8500e-03  4.0300e-03  3.6200e-03  5.2500e-03  5.5400e-03
  4582.30      2.1823  3.8900e-03  4.1200e-03  3.5400e-03  5.2800e-03  5.5900e-03
  4580.80      2.1830  3.8600e-03  4.2600e-03  3.6400e-03  5.3200e-03  5.6300e-03
  4579.30      2.1837  3.8800e-03  4.2900e-03  3.8900e-03  5.3400e-03  5.6800e-03
  4577.80      2.1845  3.9700e-03  4.2000e-03  3.9900e-03  5.3600e-03  5.7100e-03
  4576.30      2.1852  4.0000e-03  4.0600e-03  3.8300e-03  5.3800e-03  5.7500e-03
  4574.80      2.1859  3.9500e-03  3.9900e-03  3.6600e-03  5.4000e-03  5.7800e-03
  4573.30      2.1866  3.9200e-03  4.0500e-03  3.6200e-03  5.4300e-03  5.8200e-03
  4571.80      2.1873  3.9500e-03  4.2000e-03  3.6500e-03  5.4600e-03  5.8400e-03
  4570.30      2.1880  3.9700e-03  4.3300e-03  3.7300e-03  5.4900e-03  5.8600e-03
  4568.80      2.1888  3.9800e-03  4.3600e-03  3.8400e-03  5.5300e-03  5.8700e-03
  4567.30      2.1895  4.0000e-03  4.3400e-03  3.9000e-03  5.5700e-03  5.8700e-03
  4565.80      2.1902  4.0400e-03  4.2900e-03  3.8200e-03  5.6000e-03  5.8800e-03
  4564.30      2.1909  4.1000e-03  4.2500e-03  3.7300e-03  5.6300e-03  5.8900e-03
  4562.80      2.1916  4.1200e-03  4.2400e-03  3.7200e-03  5.6600e-03  5.9000e-03
  4561.30      2.1924  4.0400e-03  4.2300e-03  3.7300e-03  5.6800e-03  5.9100e-03
  4559.80      2.1931  3.9500e-03  4.2000e-03  3.6700e-03  5.6900e-03  5.9200e-03
  4558.30      2.1938  3.9600e-03  4.1800e-03  3.6700e-03  5.6900e-03  5.9300e-03
  4556.80      2.1945  4.0400e-03  4.1900e-03  3.7400e-03  5.6800e-03  5.9500e-03
  4555.30      2.1952  4.0400e-03  4.1900e-03  3.7800e-03  5.6800e-03  5.9500e-03
  4553.80      2.1960  3.9800e-03  4.1600e-03  3.7100e-03  5.6800e-03  5.9600e-03
  4552.30      2.1967  3.9800e-03  4.1700e-03  3.6100e-03  5.6800e-03  5.9600e-03
  4550.80      2.1974  4.0800e-03  4.2100e-03  3.5600e-03  5.6700e-03  5.9500e-03
  4549.30      2.1981  4.2000e-03  4.2600e-03  3.5900e-03  5.6600e-03  5.9500e-03
  4547.80      2.1989  4.2800e-03  4.3600e-03  3.6800e-03  5.6500e-03  5.9400e-03
  4546.30      2.1996  4.2300e-03  4.4800e-03  3.7600e-03  5.6300e-03  5.9300e-03
  4544.80      2.2003  4.0300e-03  4.4900e-03  3.7800e-03  5.6300e-03  5.9300e-03
  4543.30      2.2010  3.8200e-03  4.3900e-03  3.7400e-03  5.6200e-03  5.9100e-03
  4541.80      2.2018  3.8100e-03  4.3000e-03  3.6400e-03  5.6100e-03  5.9100e-03
  4540.30      2.2025  3.9900e-03  4.3400e-03  3.5300e-03  5.6000e-03  5.9000e-03
  4538.80      2.2032  4.1100e-03  4.5100e-03  3.4900e-03  5.6000e-03  5.9000e-03
  4537.30      2.2040  4.0700e-03  4.6400e-03  3.6300e-03  5.5800e-03  5.9100e-03
  4535.80      2.2047  4.0100e-03  4.5600e-03  3.7900e-03  5.5800e-03  5.9100e-03
  4534.30      2.2054  4.0700e-03  4.3700e-03  3.8600e-03  5.5700e-03  5.9200e-03
  4532.80      2.2061  4.1800e-03  4.2300e-03  3.9400e-03  5.5700e-03  5.9400e-03
  4531.30      2.2069  4.2100e-03  4.1600e-03  4.0200e-03  5.5700e-03  5.9500e-03
  4529.80      2.2076  4.1600e-03  4.1100e-03  3.9800e-03  5.5700e-03  5.9700e-03
  4528.30      2.2083  4.1100e-03  4.0900e-03  3.8800e-03  5.5700e-03  5.9900e-03
  4526.80      2.2091  4.0800e-03  4.0800e-03  3.8200e-03  5.5700e-03  6.0300e-03
  4525.30      2.2098  4.0200e-03  4.0200e-03  3.8300e-03  5.5700e-03  6.0500e-03
  4523.80      2.2105  3.8700e-03  3.9900e-03  3.9100e-03  5.5700e-03  6.0800e-03
  4522.30      2.2113  3.6700e-03  4.0600e-03  4.0000e-03  5.5700e-03  6.1000e-03
  4520.80      2.2120  3.5800e-03  4.1500e-03  4.0300e-03  5.5700e-03  6.1200e-03
  4519.30      2.2127  3.7300e-03  4.2200e-03  4.0700e-03  5.5800e-03  6.1400e-03
  4517.80      2.2135  3.9400e-03  4.2700e-03  4.0600e-03  5.5800e-03  6.1500e-03
  4516.30      2.2142  4.0700e-03  4.2900e-03  3.9300e-03  5.6000e-03  6.1600e-03
  4514.80      2.2149  4.1300e-03  4.1900e-03  3.8300e-03  5.6100e-03  6.1600e-03
  4513.30      2.2157  4.0900e-03  4.0700e-03  3.8200e-03  5.6300e-03  6.1600e-03
  4511.80      2.2164  4.0000e-03  4.1300e-03  3.8500e-03  5.6500e-03  6.1600e-03
  4510.30      2.2171  3.9500e-03  4.3300e-03  3.9000e-03  5.6700e-03  6.1600e-03
  4508.80      2.2179  4.0000e-03  4.4600e-03  3.9800e-03  5.6900e-03  6.1600e-03
  4507.30      2.2186  4.0900e-03  4.4600e-03  4.0400e-03  5.7200e-03  6.1500e-03
  4505.80      2.2194  4.0500e-03  4.4100e-03  3.9700e-03  5.7500e-03  6.1300e-03
  4504.30      2.2201  3.9700e-03  4.3800e-03  3.8600e-03  5.7600e-03  6.1200e-03
  4502.80      2.2208  4.0100e-03  4.3500e-03  3.8800e-03  5.7700e-03  6.1100e-03
  4501.30      2.2216  4.0700e-03  4.3300e-03  4.0200e-03  5.7800e-03  6.1000e-03
  4499.80      2.2223  4.0200e-03  4.3800e-03  4.1000e-03  5.7800e-03  6.0800e-03
  4498.30      2.2231  3.8700e-03  4.4000e-03  4.0000e-03  5.7800e-03  6.0700e-03
  4496.80      2.2238  3.8200e-03  4.3300e-03  3.8500e-03  5.7800e-03  6.0500e-03
  4495.30      2.2245  3.9000e-03  4.2400e-03  3.7500e-03  5.7800e-03  6.0400e-03
  4493.80      2.2253  3.9700e-03  4.1900e-03  3.6800e-03  5.7800e-03  6.0400e-03
  4492.30      2.2260  3.9900e-03  4.2000e-03  3.6200e-03  5.7900e-03  6.0400e-03
  4490.80      2.2268  3.9900e-03  4.2700e-03  3.5700e-03  5.8000e-03  6.0700e-03
  4489.30      2.2275  4.0500e-03  4.3700e-03  3.5000e-03  5.8200e-03  6.1000e-03
  4487.80      2.2283  4.1400e-03  4.4400e-03  3.4300e-03  5.8500e-03  6.1500e-03
  4486.30      2.2290  4.1400e-03  4.4500e-03  3.4500e-03  5.8800e-03  6.2000e-03
  4484.80      2.2298  4.0000e-03  4.3800e-03  3.4800e-03  5.9000e-03  6.2500e-03
  4483.30      2.2305  3.7800e-03  4.2800e-03  3.4800e-03  5.9300e-03  6.3200e-03
  4481.80      2.2312  3.6400e-03  4.2200e-03  3.5300e-03  5.9400e-03  6.3800e-03
  4480.30      2.2320  3.6700e-03  4.2100e-03  3.6100e-03  5.9600e-03  6.4300e-03
  4478.80      2.2327  3.8600e-03  4.1600e-03  3.5800e-03  5.9700e-03  6.4700e-03
  4477.30      2.2335  4.0800e-03  4.0800e-03  3.4600e-03  5.9700e-03  6.5000e-03
  4475.80      2.2342  4.2100e-03  4.0500e-03  3.4700e-03  5.9700e-03  6.5100e-03
  4474.30      2.2350  4.1400e-03  4.0900e-03  3.6800e-03  5.9600e-03  6.5100e-03
  4472.80      2.2357  3.9000e-03  4.2000e-03  3.8100e-03  5.9500e-03  6.5000e-03
  4471.30      2.2365  3.7300e-03  4.2600e-03  3.7100e-03  5.9400e-03  6.4900e-03
  4469.79      2.2372  3.6500e-03  4.2500e-03  3.5600e-03  5.9300e-03  6.4800e-03
  4468.29      2.2380  3.6200e-03  4.2200e-03  3.5100e-03  5.9300e-03  6.4700e-03
  4466.79      2.2387  3.6700e-03  4.1700e-03  3.4900e-03  5.9300e-03  6.4500e-03
  4465.29      2.2395  3.8100e-03  4.0800e-03  3.4900e-03  5.9300e-03  6.4400e-03
  4463.79      2.2402  3.8400e-03  3.9900e-03  3.5700e-03  5.9300e-03  6.4400e-03
  4462.29      2.2410  3.7600e-03  3.9700e-03  3.7100e-03  5.9300e-03  6.4500e-03
  4460.79      2.2418  3.7600e-03  4.0700e-03  3.8000e-03  5.9300e-03  6.4500e-03
  4459.29      2.2425  3.8900e-03  4.2300e-03  3.8300e-03  5.9300e-03  6.4600e-03
  4457.79      2.2433  4.0200e-03  4.3300e-03  3.8200e-03  5.9300e-03  6.4700e-03
  4456.29      2.2440  4.1200e-03  4.3600e-03  3.8500e-03  5.9400e-03  6.4800e-03
  4454.79      2.2448  4.1800e-03  4.4000e-03  3.8700e-03  5.9400e-03  6.4800e-03
  4453.29      2.2455  4.1800e-03  4.4000e-03  3.8200e-03  5.9500e-03  6.4800e-03
  4451.79      2.2463  4.1600e-03  4.3300e-03  3.8100e-03  5.9600e-03  6.4800e-03
  4450.29      2.2470  4.1000e-03  4.2600e-03  3.8600e-03  5.9700e-03  6.4900e-03
  4448.79      2.2478  4.0200e-03  4.2800e-03  3.8600e-03  5.9900e-03  6.4900e-03
  4447.29      2.2486  3.9900e-03  4.3500e-03  3.8100e-03  5.9900e-03  6.4900e-03
  4445.79      2.2493  4.0700e-03  4.3800e-03  3.8100e-03  6.0100e-03  6.5100e-03
  4444.29      2.2501  4.1500e-03  4.4000e-03  3.8100e-03  6.0200e-03  6.5200e-03
  4442.79      2.2508  4.1800e-03  4.4000e-03  3.7900e-03  6.0300e-03  6.5400e-03
  4441.29      2.2516  4.1300e-03  4.3300e-03  3.7600e-03  6.0300e-03  6.5500e-03
  4439.79      2.2524  4.0900e-03  4.2000e-03  3.6700e-03  6.0300e-03  6.5700e-03
  4438.29      2.2531  4.0300e-03  4.1100e-03  3.4500e-03  6.0200e-03  6.5700e-03
  4436.79      2.2539  4.0000e-03  4.2200e-03  3.3300e-03  6.0200e-03  6.5700e-03
  4435.29      2.2546  3.9900e-03  4.4800e-03  3.3800e-03  6.0100e-03  6.5700e-03
  4433.79      2.2554  4.0000e-03  4.6000e-03  3.4900e-03  6.0100e-03  6.5700e-03
  4432.29      2.2562  4.0000e-03  4.5400e-03  3.5300e-03  6.0000e-03  6.5700e-03
  4430.79      2.2569  4.0200e-03  4.4300e-03  3.4800e-03  6.0000e-03  6.5600e-03
  4429.29      2.2577  4.0600e-03  4.3100e-03  3.4300e-03  5.9900e-03  6.5500e-03
  4427.79      2.2585  4.0900e-03  4.1700e-03  3.4800e-03  5.9900e-03  6.5400e-03
  4426.29      2.2592  4.0500e-03  4.0700e-03  3.5600e-03  6.0000e-03  6.5300e-03
  4424.79      2.2600  3.9500e-03  4.1000e-03  3.5600e-03  6.0100e-03  6.5300e-03
  4423.29      2.2608  3.8700e-03  4.1700e-03  3.5300e-03  6.0100e-03  6.5400e-03
  4421.79      2.2615  3.8000e-03  4.1600e-03  3.6400e-03  6.0100e-03  6.5400e-03
  4420.29      2.2623  3.8000e-03  4.1200e-03  3.7900e-03  6.0200e-03  6.5400e-03
  4418.79      2.2631  3.8600e-03  4.1500e-03  3.7800e-03  6.0200e-03  6.5400e-03
  4417.29      2.2638  3.8900e-03  4.2000e-03  3.6600e-03  6.0300e-03  6.5400e-03
  4415.79      2.2646  3.8900e-03  4.1700e-03  3.6600e-03  6.0400e-03  6.5400e-03
  4414.29      2.2654  3.8600e-03  4.1300e-03  3.7900e-03  6.0400e-03  6.5400e-03
  4412.79      2.2661  3.8000e-03  4.1700e-03  3.8900e-03  6.0400e-03  6.5400e-03
  4411.29      2.2669  3.7500e-03  4.2300e-03  3.9800e-03  6.0500e-03  6.5300e-03
  4409.79      2.2677  3.6800e-03  4.2600e-03  4.0100e-03  6.0500e-03  6.5300e-03
  4408.29      2.2685  3.5800e-03  4.3000e-03  3.8900e-03  6.0700e-03  6.5300e-03
  4406.79      2.2692  3.5700e-03  4.3400e-03  3.7600e-03  6.0700e-03  6.5300e-03
  4405.29      2.2700  3.7300e-03  4.3300e-03  3.8700e-03  6.0900e-03  6.5300e-03
  4403.79      2.2708  3.9200e-03  4.3600e-03  4.0100e-03  6.1000e-03  6.5300e-03
  4402.29      2.2715  4.0600e-03  4.4500e-03  3.9300e-03  6.1200e-03  6.5400e-03
  4400.79      2.2723  4.1800e-03  4.4400e-03  3.7600e-03  6.1400e-03  6.5400e-03
  4399.29      2.2731  4.2300e-03  4.3400e-03  3.6900e-03  6.1500e-03  6.5600e-03
  4397.79      2.2739  4.1700e-03  4.2900e-03  3.7000e-03  6.1800e-03  6.5800e-03
  4396.29      2.2746  4.0500e-03  4.3100e-03  3.7300e-03  6.1800e-03  6.5900e-03
  4394.79      2.2754  3.9000e-03  4.3200e-03  3.7800e-03  6.1900e-03  6.6200e-03
  4393.29      2.2762  3.7100e-03  4.2700e-03  3.8200e-03  6.1900e-03  6.6300e-03
  4391.79      2.2770  3.5900e-03  4.2000e-03  3.7900e-03  6.1800e-03  6.6500e-03
  4390.29      2.2778  3.6200e-03  4.1500e-03  3.6800e-03  6.1700e-03  6.6600e-03
  4388.79      2.2785  3.7500e-03  4.1400e-03  3.5800e-03  6.1500e-03  6.6900e-03
  4387.29      2.2793  3.8800e-03  4.1900e-03  3.5500e-03  6.1300e-03  6.7100e-03
  4385.79      2.2801  3.8600e-03  4.2000e-03  3.5300e-03  6.1200e-03  6.7100e-03
  4384.29      2.2809  3.7100e-03  4.2100e-03  3.5200e-03  6.1000e-03  6.7200e-03
  4382.79      2.2817  3.6400e-03  4.2200e-03  3.5700e-03  6.0900e-03  6.7300e-03
  4381.29      2.2824  3.7400e-03  4.2300e-03  3.7000e-03  6.0800e-03  6.7300e-03
  4379.79      2.2832  3.8700e-03  4.2700e-03  3.8700e-03  6.0800e-03  6.7300e-03
  4378.29      2.2840  3.8400e-03  4.3000e-03  3.9800e-03  6.0800e-03  6.7400e-03
  4376.79      2.2848  3.7400e-03  4.2900e-03  3.9900e-03  6.0800e-03  6.7500e-03
  4375.29      2.2856  3.6500e-03  4.2100e-03  3.9000e-03  6.0900e-03  6.7600e-03
  4373.79      2.2863  3.5900e-03  4.1400e-03  3.7700e-03  6.1000e-03  6.7600e-03
  4372.29      2.2871  3.5400e-03  4.0600e-03  3.6200e-03  6.1100e-03  6.7600e-03
  4370.79      2.2879  3.5000e-03  3.9200e-03  3.5300e-03  6.1100e-03  6.7600e-03
  4369.29      2.2887  3.5200e-03  3.8400e-03  3.6300e-03  6.1200e-03  6.7600e-03
  4367.79      2.2895  3.6200e-03  3.8800e-03  3.8400e-03  6.1200e-03  6.7500e-03
  4366.29      2.2903  3.6700e-03  3.9200e-03  3.9200e-03  6.1200e-03  6.7400e-03
  4364.79      2.2911  3.6500e-03  3.8800e-03  3.8600e-03  6.1100e-03  6.7300e-03
  4363.29      2.2919  3.7100e-03  3.7900e-03  3.7700e-03  6.1100e-03  6.7200e-03
  4361.79      2.2926  3.8100e-03  3.7000e-03  3.6600e-03  6.1000e-03  6.7100e-03
  4360.29      2.2934  3.7600e-03  3.6300e-03  3.5400e-03  6.0900e-03  6.7000e-03
  4358.79      2.2942  3.6100e-03  3.6400e-03  3.5100e-03  6.0900e-03  6.6900e-03
  4357.29      2.2950  3.5000e-03  3.7900e-03  3.5400e-03  6.0900e-03  6.7000e-03
  4355.79      2.2958  3.4600e-03  4.0400e-03  3.5000e-03  6.0900e-03  6.7000e-03
  4354.29      2.2966  3.4600e-03  4.1600e-03  3.4000e-03  6.1000e-03  6.7200e-03
  4352.79      2.2974  3.5700e-03  4.1400e-03  3.3700e-03  6.1100e-03  6.7300e-03
  4351.29      2.2982  3.7100e-03  4.1500e-03  3.4500e-03  6.1300e-03  6.7500e-03
  4349.79      2.2990  3.7300e-03  4.2000e-03  3.5700e-03  6.1500e-03  6.7600e-03
  4348.29      2.2998  3.7200e-03  4.2200e-03  3.6700e-03  6.1700e-03  6.7700e-03
  4346.79      2.3006  3.7100e-03  4.1600e-03  3.6800e-03  6.2000e-03  6.7900e-03
  4345.29      2.3013  3.6600e-03  4.0100e-03  3.6100e-03  6.2100e-03  6.7900e-03
  4343.79      2.3021  3.6600e-03  3.9300e-03  3.5600e-03  6.2200e-03  6.8000e-03
  4342.29      2.3029  3.7200e-03  4.0500e-03  3.5600e-03  6.2200e-03  6.8000e-03
  4340.79      2.3037  3.7700e-03  4.2400e-03  3.5900e-03  6.2200e-03  6.8000e-03
  4339.29      2.3045  3.7400e-03  4.3100e-03  3.6000e-03  6.2200e-03  6.8000e-03
  4337.79      2.3053  3.6200e-03  4.2600e-03  3.5300e-03  6.2200e-03  6.8100e-03
  4336.29      2.3061  3.5100e-03  4.2000e-03  3.4800e-03  6.2100e-03  6.8100e-03
  4334.79      2.3069  3.5000e-03  4.2200e-03  3.4700e-03  6.2000e-03  6.8200e-03
  4333.28      2.3077  3.5700e-03  4.2700e-03  3.5100e-03  6.1900e-03  6.8200e-03
  4331.78      2.3085  3.6800e-03  4.2700e-03  3.5700e-03  6.1900e-03  6.8200e-03
  4330.28      2.3093  3.8200e-03  4.1700e-03  3.5800e-03  6.2000e-03  6.8300e-03
  4328.78      2.3101  3.9300e-03  4.1300e-03  3.5500e-03  6.2000e-03  6.8300e-03
  4327.28      2.3109  3.9500e-03  4.2300e-03  3.5300e-03  6.2100e-03  6.8400e-03
  4325.78      2.3117  3.9200e-03  4.3800e-03  3.5500e-03  6.2100e-03  6.8500e-03
  4324.28      2.3125  3.8900e-03  4.4400e-03  3.6400e-03  6.2100e-03  6.8500e-03
  4322.78      2.3133  3.8700e-03  4.3600e-03  3.7100e-03  6.2100e-03  6.8500e-03
  4321.28      2.3141  3.8400e-03  4.2300e-03  3.7000e-03  6.2000e-03  6.8400e-03
  4319.78      2.3149  3.7600e-03  4.1400e-03  3.6400e-03  6.2000e-03  6.8400e-03
  4318.28      2.3157  3.6400e-03  4.1700e-03  3.5400e-03  6.1800e-03  6.8400e-03
  4316.78      2.3165  3.5400e-03  4.2400e-03  3.4500e-03  6.1600e-03  6.8400e-03
  4315.28      2.3173  3.5200e-03  4.2500e-03  3.4500e-03  6.1400e-03  6.8300e-03
  4313.78      2.3182  3.5500e-03  4.1800e-03  3.5000e-03  6.1200e-03  6.8200e-03
  4312.28      2.3190  3.5900e-03  4.1400e-03  3.5300e-03  6.1200e-03  6.8100e-03
  4310.78      2.3198  3.5900e-03  4.1600e-03  3.5100e-03  6.1000e-03  6.8000e-03
  4309.28      2.3206  3.6000e-03  4.1600e-03  3.4600e-03  6.1000e-03  6.8000e-03
  4307.78      2.3214  3.6800e-03  4.1400e-03  3.5100e-03  6.0900e-03  6.8100e-03
  4306.28      2.3222  3.7900e-03  4.1000e-03  3.6700e-03  6.0900e-03  6.8200e-03
  4304.78      2.3230  3.8800e-03  4.0000e-03  3.7800e-03  6.0900e-03  6.8200e-03
  4303.28      2.3238  3.9600e-03  3.9100e-03  3.7400e-03  6.1000e-03  6.8300e-03
  4301.78      2.3246  4.0200e-03  3.9300e-03  3.6000e-03  6.1100e-03  6.8400e-03
  4300.28      2.3254  4.0100e-03  4.0100e-03  3.5300e-03  6.1300e-03  6.8500e-03
  4298.78      2.3262  3.9200e-03  4.0900e-03  3.5900e-03  6.1300e-03  6.8600e-03
  4297.28      2.3271  3.7800e-03  4.1500e-03  3.6900e-03  6.1500e-03  6.8800e-03
  4295.78      2.3279  3.7600e-03  4.1900e-03  3.7600e-03  6.1700e-03  6.8800e-03
  4294.28      2.3287  3.8800e-03  4.1800e-03  3.7900e-03  6.1900e-03  6.8700e-03
  4292.78      2.3295  3.9600e-03  4.1800e-03  3.7600e-03  6.2100e-03  6.8600e-03
  4291.28      2.3303  3.9300e-03  4.1900e-03  3.7000e-03  6.2100e-03  6.8500e-03
  4289.78      2.3311  3.8700e-03  4.1600e-03  3.7000e-03  6.2100e-03  6.8400e-03
  4288.28      2.3319  3.8400e-03  4.1000e-03  3.7500e-03  6.2100e-03  6.8300e-03
  4286.78      2.3328  3.7800e-03  4.0200e-03  3.7300e-03  6.1900e-03  6.8200e-03
  4285.28      2.3336  3.7100e-03  3.9300e-03  3.7000e-03  6.1800e-03  6.8100e-03
  4283.78      2.3344  3.7200e-03  3.9500e-03  3.7300e-03  6.1600e-03  6.8000e-03
  4282.28      2.3352  3.7700e-03  4.0700e-03  3.7600e-03  6.1300e-03  6.8000e-03
  4280.78      2.3360  3.7900e-03  4.1600e-03  3.7500e-03  6.1100e-03  6.8000e-03
  4279.28      2.3368  3.7400e-03  4.1700e-03  3.7300e-03  6.0800e-03  6.8100e-03
  4277.78      2.3377  3.6700e-03  4.1600e-03  3.7500e-03  6.0600e-03  6.8200e-03
  4276.28      2.3385  3.7200e-03  4.1000e-03  3.8200e-03  6.0500e-03  6.8300e-03
  4274.78      2.3393  3.8400e-03  4.0200e-03  3.8900e-03  6.0500e-03  6.8300e-03
  4273.28      2.3401  3.8200e-03  4.0100e-03  3.8400e-03  6.0500e-03  6.8300e-03
  4271.78      2.3409  3.6700e-03  4.0300e-03  3.7100e-03  6.0500e-03  6.8300e-03
  4270.28      2.3418  3.5700e-03  4.0300e-03  3.6300e-03  6.0500e-03  6.8300e-03
  4268.78      2.3426  3.5500e-03  4.0000e-03  3.6100e-03  6.0600e-03  6.8200e-03
  4267.28      2.3434  3.5800e-03  4.0000e-03  3.6200e-03  6.0600e-03  6.7900e-03
  4265.78      2.3442  3.6300e-03  4.0000e-03  3.6200e-03  6.0700e-03  6.7600e-03
  4264.28      2.3451  3.6100e-03  3.9500e-03  3.5500e-03  6.0700e-03  6.7400e-03
  4262.78      2.3459  3.5600e-03  3.9100e-03  3.4500e-03  6.0700e-03  6.7100e-03
  4261.28      2.3467  3.5800e-03  3.8600e-03  3.4500e-03  6.0600e-03  6.7000e-03
  4259.78      2.3475  3.6400e-03  3.7500e-03  3.5400e-03  6.0500e-03  6.6700e-03
  4258.28      2.3484  3.6900e-03  3.6500e-03  3.6400e-03  6.0400e-03  6.6500e-03
  4256.78      2.3492  3.7200e-03  3.6500e-03  3.7000e-03  6.0300e-03  6.6300e-03
  4255.28      2.3500  3.6400e-03  3.6900e-03  3.6300e-03  6.0200e-03  6.6200e-03
  4253.78      2.3509  3.4800e-03  3.6900e-03  3.4900e-03  6.0000e-03  6.6100e-03
  4252.28      2.3517  3.4300e-03  3.6700e-03  3.4000e-03  5.9800e-03  6.6000e-03
  4250.78      2.3525  3.4900e-03  3.6800e-03  3.3900e-03  5.9700e-03  6.6000e-03
  4249.28      2.3533  3.5200e-03  3.7000e-03  3.3500e-03  5.9500e-03  6.6000e-03
  4247.78      2.3542  3.5000e-03  3.7300e-03  3.2600e-03  5.9500e-03  6.6000e-03
  4246.28      2.3550  3.5200e-03  3.7300e-03  3.2000e-03  5.9300e-03  6.6000e-03
  4244.78      2.3558  3.5900e-03  3.7400e-03  3.1600e-03  5.9200e-03  6.6100e-03
  4243.28      2.3567  3.6500e-03  3.7900e-03  3.0800e-03  5.9100e-03  6.6200e-03
  4241.78      2.3575  3.6300e-03  3.8300e-03  3.0200e-03  5.9100e-03  6.6200e-03
  4240.28      2.3583  3.5200e-03  3.8600e-03  3.1400e-03  5.9100e-03  6.6400e-03
  4238.78      2.3592  3.4000e-03  3.9000e-03  3.3700e-03  5.9200e-03  6.6600e-03
  4237.28      2.3600  3.3400e-03  3.8500e-03  3.5200e-03  5.9200e-03  6.6600e-03
  4235.78      2.3608  3.2900e-03  3.7500e-03  3.5600e-03  5.9200e-03  6.6700e-03
  4234.28      2.3617  3.1600e-03  3.6700e-03  3.5600e-03  5.9300e-03  6.6700e-03
  4232.78      2.3625  3.0900e-03  3.6300e-03  3.5500e-03  5.9200e-03  6.6500e-03
  4231.28      2.3634  3.1700e-03  3.6300e-03  3.4600e-03  5.9200e-03  6.6400e-03
  4229.78      2.3642  3.2700e-03  3.6500e-03  3.3100e-03  5.9100e-03  6.6100e-03
  4228.28      2.3650  3.3000e-03  3.6600e-03  3.2300e-03  5.9000e-03  6.5800e-03
  4226.78      2.3659  3.3200e-03  3.6900e-03  3.2700e-03  5.8700e-03  6.5500e-03
  4225.28      2.3667  3.4100e-03  3.7700e-03  3.3400e-03  5.8500e-03  6.5100e-03
  4223.78      2.3675  3.5200e-03  3.7900e-03  3.3500e-03  5.8200e-03  6.4800e-03
  4222.28      2.3684  3.5600e-03  3.6700e-03  3.2900e-03  5.8000e-03  6.4400e-03
  4220.78      2.3692  3.4500e-03  3.5500e-03  3.2800e-03  5.7800e-03  6.4200e-03
  4219.28      2.3701  3.2500e-03  3.6100e-03  3.3700e-03  5.7600e-03  6.4000e-03
  4217.78      2.3709  3.1300e-03  3.7800e-03  3.4300e-03  5.7500e-03  6.4000e-03
  4216.28      2.3718  3.1400e-03  3.9200e-03  3.3800e-03  5.7500e-03  6.4000e-03
  4214.78      2.3726  3.2500e-03  3.9900e-03  3.2600e-03  5.7500e-03  6.4100e-03
  4213.28      2.3735  3.3700e-03  3.9400e-03  3.2400e-03  5.7600e-03  6.4200e-03
  4211.78      2.3743  3.4600e-03  3.8000e-03  3.3600e-03  5.7800e-03  6.4400e-03
  4210.28      2.3751  3.5400e-03  3.6800e-03  3.5000e-03  5.7900e-03  6.4500e-03
  4208.78      2.3760  3.5700e-03  3.6600e-03  3.5200e-03  5.8100e-03  6.4700e-03
  4207.28      2.3768  3.5500e-03  3.7400e-03  3.4200e-03  5.8200e-03  6.4800e-03
  4205.78      2.3777  3.5200e-03  3.8100e-03  3.3400e-03  5.8400e-03  6.4900e-03
  4204.28      2.3785  3.4800e-03  3.7700e-03  3.3400e-03  5.8400e-03  6.4900e-03
  4202.78      2.3794  3.3800e-03  3.6800e-03  3.3300e-03  5.8500e-03  6.4900e-03
  4201.27      2.3802  3.2400e-03  3.6400e-03  3.2400e-03  5.8500e-03  6.4900e-03
  4199.77      2.3811  3.1700e-03  3.6700e-03  3.1500e-03  5.8500e-03  6.4800e-03
  4198.27      2.3819  3.2600e-03  3.7000e-03  3.1400e-03  5.8400e-03  6.4700e-03
  4196.77      2.3828  3.4400e-03  3.6700e-03  3.1500e-03  5.8400e-03  6.4700e-03
  4195.27      2.3836  3.5900e-03  3.5500e-03  3.1700e-03  5.8300e-03  6.4600e-03
  4193.77      2.3845  3.6500e-03  3.4000e-03  3.2700e-03  5.8200e-03  6.4600e-03
  4192.27      2.3853  3.6900e-03  3.3800e-03  3.3800e-03  5.8100e-03  6.4500e-03
  4190.77      2.3862  3.7400e-03  3.5800e-03  3.3700e-03  5.8000e-03  6.4500e-03
  4189.27      2.3870  3.7500e-03  3.8300e-03  3.3000e-03  5.7900e-03  6.4400e-03
  4187.77      2.3879  3.6900e-03  3.9100e-03  3.2500e-03  5.7800e-03  6.4300e-03
  4186.27      2.3888  3.5500e-03  3.7400e-03  3.2100e-03  5.7700e-03  6.4200e-03
  4184.77      2.3896  3.4000e-03  3.5500e-03  3.1500e-03  5.7700e-03  6.4200e-03
  4183.27      2.3905  3.3400e-03  3.5700e-03  3.2000e-03  5.7600e-03  6.4200e-03
  4181.77      2.3913  3.2700e-03  3.7100e-03  3.3400e-03  5.7600e-03  6.4200e-03
  4180.27      2.3922  3.1700e-03  3.7600e-03  3.4500e-03  5.7600e-03  6.4300e-03
  4178.77      2.3930  3.1400e-03  3.6800e-03  3.4700e-03  5.7700e-03  6.4400e-03
  4177.27      2.3939  3.2000e-03  3.6300e-03  3.4600e-03  5.7700e-03  6.4500e-03
  4175.77      2.3948  3.2500e-03  3.6700e-03  3.4100e-03  5.7800e-03  6.4700e-03
  4174.27      2.3956  3.2600e-03  3.6900e-03  3.3200e-03  5.7900e-03  6.5000e-03
  4172.77      2.3965  3.2900e-03  3.6700e-03  3.2800e-03  5.8000e-03  6.5100e-03
  4171.27      2.3973  3.4000e-03  3.6200e-03  3.3900e-03  5.8100e-03  6.5400e-03
  4169.77      2.3982  3.5700e-03  3.5800e-03  3.5000e-03  5.8100e-03  6.5600e-03
  4168.27      2.3991  3.7000e-03  3.6100e-03  3.5000e-03  5.8200e-03  6.5800e-03
  4166.77      2.3999  3.7600e-03  3.6600e-03  3.4400e-03  5.8200e-03  6.5900e-03
  4165.27      2.4008  3.6900e-03  3.5700e-03  3.3900e-03  5.8200e-03  6.6000e-03
  4163.77      2.4017  3.5300e-03  3.4000e-03  3.2900e-03  5.8300e-03  6.6100e-03
  4162.27      2.4025  3.3900e-03  3.3800e-03  3.1500e-03  5.8400e-03  6.6100e-03
  4160.77      2.4034  3.3200e-03  3.5300e-03  3.0400e-03  5.8500e-03  6.6100e-03
  4159.27      2.4043  3.3000e-03  3.6800e-03  2.9700e-03  5.8700e-03  6.6100e-03
  4157.77      2.4051  3.3200e-03  3.7100e-03  2.9500e-03  5.8900e-03  6.6100e-03
  4156.27      2.4060  3.3500e-03  3.7000e-03  2.9800e-03  5.9000e-03  6.6100e-03
  4154.77      2.4069  3.3800e-03  3.7500e-03  3.0200e-03  5.9200e-03  6.6100e-03
  4153.27      2.4077  3.3900e-03  3.7500e-03  3.0400e-03  5.9300e-03  6.6000e-03
  4151.77      2.4086  3.3700e-03  3.6600e-03  3.0300e-03  5.9600e-03  6.6100e-03
  4150.27      2.4095  3.2700e-03  3.5700e-03  2.9800e-03  5.9700e-03  6.6100e-03
  4148.77      2.4104  3.1200e-03  3.5400e-03  2.9700e-03  5.9900e-03  6.6300e-03
  4147.27      2.4112  3.0500e-03  3.5000e-03  3.0000e-03  6.0000e-03  6.6300e-03
  4145.77      2.4121  3.0700e-03  3.4700e-03  3.0300e-03  6.0100e-03  6.6400e-03
  4144.27      2.4130  3.1100e-03  3.4900e-03  3.0300e-03  6.0200e-03  6.6400e-03
  4142.77      2.4138  3.2200e-03  3.4900e-03  3.0100e-03  6.0200e-03  6.6400e-03
  4141.27      2.4147  3.3700e-03  3.4300e-03  3.0400e-03  6.0200e-03  6.6500e-03
  4139.77      2.4156  3.4300e-03  3.3700e-03  3.0900e-03  6.0200e-03  6.6500e-03
  4138.27      2.4165  3.3800e-03  3.3700e-03  3.1000e-03  6.0200e-03  6.6500e-03
  4136.77      2.4173  3.3600e-03  3.3900e-03  3.0800e-03  6.0100e-03  6.6400e-03
  4135.27      2.4182  3.3200e-03  3.4100e-03  3.0700e-03  6.0100e-03  6.6300e-03
  4133.77      2.4191  3.2300e-03  3.4100e-03  3.0400e-03  6.0100e-03  6.6300e-03
  4132.27      2.4200  3.1700e-03  3.3500e-03  3.0000e-03  6.0000e-03  6.6200e-03
  4130.77      2.4209  3.1300e-03  3.2700e-03  3.0500e-03  6.0000e-03  6.6200e-03
  4129.27      2.4217  3.0500e-03  3.2900e-03  3.1200e-03  5.9900e-03  6.6100e-03
  4127.77      2.4226  2.9800e-03  3.3900e-03  3.1000e-03  5.9900e-03  6.6000e-03
  4126.27      2.4235  3.0100e-03  3.3500e-03  3.0100e-03  5.9900e-03  6.5900e-03
  4124.77      2.4244  3.1700e-03  3.2400e-03  2.8800e-03  6.0000e-03  6.5800e-03
  4123.27      2.4253  3.3100e-03  3.2500e-03  2.7400e-03  6.0000e-03  6.5800e-03
  4121.77      2.4261  3.3100e-03  3.3300e-03  2.6900e-03  6.0000e-03  6.5900e-03
  4120.27      2.4270  3.3000e-03  3.3800e-03  2.7900e-03  5.9900e-03  6.5900e-03
  4118.77      2.4279  3.3500e-03  3.3600e-03  2.9800e-03  5.9900e-03  6.5900e-03
  4117.27      2.4288  3.3500e-03  3.3300e-03  3.1600e-03  5.9900e-03  6.6000e-03
  4115.77      2.4297  3.2600e-03  3.3800e-03  3.2400e-03  5.9900e-03  6.6000e-03
  4114.27      2.4306  3.1500e-03  3.4400e-03  3.1100e-03  5.9800e-03  6.6200e-03
  4112.77      2.4315  3.1000e-03  3.4000e-03  2.9400e-03  5.9700e-03  6.6200e-03
  4111.27      2.4323  3.1000e-03  3.3000e-03  2.9300e-03  5.9500e-03  6.6300e-03
  4109.77      2.4332  3.1100e-03  3.2200e-03  3.0100e-03  5.9400e-03  6.6300e-03
  4108.27      2.4341  3.1500e-03  3.2100e-03  3.0100e-03  5.9200e-03  6.6300e-03
  4106.77      2.4350  3.2200e-03  3.2500e-03  3.0300e-03  5.9200e-03  6.6300e-03
  4105.27      2.4359  3.2800e-03  3.3100e-03  3.1300e-03  5.9000e-03  6.6400e-03
  4103.77      2.4368  3.3100e-03  3.3800e-03  3.1700e-03  5.8900e-03  6.6500e-03
  4102.27      2.4377  3.3600e-03  3.4200e-03  3.1000e-03  5.8900e-03  6.6600e-03
  4100.77      2.4386  3.4100e-03  3.4500e-03  3.0400e-03  5.9000e-03  6.6800e-03
  4099.27      2.4395  3.4000e-03  3.4700e-03  3.0700e-03  5.9100e-03  6.6900e-03
  4097.77      2.4404  3.4300e-03  3.4300e-03  3.1400e-03  5.9400e-03  6.7300e-03
  4096.27      2.4412  3.5400e-03  3.3500e-03  3.2300e-03  5.9700e-03  6.7500e-03
  4094.77      2.4421  3.6200e-03  3.3500e-03  3.3300e-03  6.0000e-03  6.7800e-03
  4093.27      2.4430  3.6400e-03  3.4900e-03  3.3500e-03  6.0300e-03  6.7900e-03
  4091.77      2.4439  3.6300e-03  3.6300e-03  3.2800e-03  6.0700e-03  6.8100e-03
  4090.27      2.4448  3.5800e-03  3.5900e-03  3.2300e-03  6.1000e-03  6.8300e-03
  4088.77      2.4457  3.5700e-03  3.4100e-03  3.2300e-03  6.1400e-03  6.8300e-03
  4087.27      2.4466  3.6200e-03  3.3000e-03  3.2400e-03  6.1700e-03  6.8300e-03
  4085.77      2.4475  3.6600e-03  3.3400e-03  3.2700e-03  6.1900e-03  6.8300e-03
  4084.27      2.4484  3.6300e-03  3.4700e-03  3.2900e-03  6.2100e-03  6.8300e-03
  4082.77      2.4493  3.6100e-03  3.6100e-03  3.2800e-03  6.2300e-03  6.8300e-03
  4081.27      2.4502  3.6200e-03  3.7200e-03  3.2200e-03  6.2500e-03  6.8400e-03
  4079.77      2.4511  3.6700e-03  3.7300e-03  3.1400e-03  6.2700e-03  6.8600e-03
  4078.27      2.4520  3.6700e-03  3.6500e-03  3.0800e-03  6.3000e-03  6.8900e-03
  4076.77      2.4529  3.6600e-03  3.6400e-03  3.1300e-03  6.3200e-03  6.9200e-03
  4075.27      2.4538  3.7300e-03  3.7600e-03  3.2700e-03  6.3400e-03  6.9500e-03
  4073.77      2.4547  3.7700e-03  3.8500e-03  3.3600e-03  6.3700e-03  7.0000e-03
  4072.27      2.4556  3.7300e-03  3.8100e-03  3.3500e-03  6.4100e-03  7.0500e-03
  4070.77      2.4565  3.6500e-03  3.6800e-03  3.3400e-03  6.4400e-03  7.0900e-03
  4069.27      2.4574  3.5600e-03  3.6300e-03  3.3900e-03  6.4800e-03  7.1400e-03
  4067.77      2.4584  3.4700e-03  3.6900e-03  3.3900e-03  6.5100e-03  7.1900e-03
  4066.26      2.4593  3.4400e-03  3.7300e-03  3.3300e-03  6.5400e-03  7.2200e-03
  4064.76      2.4602  3.4900e-03  3.7200e-03  3.2600e-03  6.5700e-03  7.2600e-03
  4063.26      2.4611  3.5400e-03  3.7500e-03  3.1900e-03  6.6000e-03  7.3000e-03
  4061.76      2.4620  3.5300e-03  3.8200e-03  3.1200e-03  6.6200e-03  7.3300e-03
  4060.26      2.4629  3.5200e-03  3.8700e-03  3.1100e-03  6.6500e-03  7.3700e-03
  4058.76      2.4638  3.5900e-03  3.8800e-03  3.1600e-03  6.6600e-03  7.4100e-03
  4057.26      2.4647  3.7100e-03  3.8900e-03  3.1800e-03  6.6800e-03  7.4300e-03
  4055.76      2.4656  3.8100e-03  3.8800e-03  3.1600e-03  6.6900e-03  7.4500e-03
  4054.26      2.4665  3.8500e-03  3.8100e-03  3.1300e-03  6.7200e-03  7.4800e-03
  4052.76      2.4675  3.8300e-03  3.7000e-03  3.1200e-03  6.7300e-03  7.4900e-03
  4051.26      2.4684  3.8000e-03  3.6300e-03  3.1500e-03  6.7500e-03  7.5100e-03
  4049.76      2.4693  3.7700e-03  3.6500e-03  3.1600e-03  6.7700e-03  7.5300e-03
  4048.26      2.4702  3.7200e-03  3.7300e-03  3.1100e-03  6.7800e-03  7.5300e-03
  4046.76      2.4711  3.6700e-03  3.7500e-03  3.0900e-03  6.8000e-03  7.5500e-03
  4045.26      2.4720  3.6400e-03  3.6700e-03  3.1000e-03  6.8100e-03  7.5600e-03
  4043.76      2.4729  3.6300e-03  3.5700e-03  3.0600e-03  6.8200e-03  7.5800e-03
  4042.26      2.4739  3.6000e-03  3.5100e-03  3.0100e-03  6.8300e-03  7.6100e-03
  4040.76      2.4748  3.5400e-03  3.4600e-03  3.0100e-03  6.8300e-03  7.6500e-03
  4039.26      2.4757  3.5000e-03  3.4200e-03  3.0500e-03  6.8400e-03  7.6900e-03
  4037.76      2.4766  3.4900e-03  3.4100e-03  3.1000e-03  6.8400e-03  7.7300e-03
  4036.26      2.4775  3.5300e-03  3.4700e-03  3.1200e-03  6.8500e-03  7.7800e-03
  4034.76      2.4785  3.5900e-03  3.5300e-03  3.1300e-03  6.8500e-03  7.8200e-03
  4033.26      2.4794  3.5900e-03  3.5800e-03  3.1700e-03  6.8700e-03  7.8700e-03
  4031.76      2.4803  3.5600e-03  3.7100e-03  3.1900e-03  6.8700e-03  7.9100e-03
  4030.26      2.4812  3.5100e-03  3.8600e-03  3.1300e-03  6.8900e-03  7.9500e-03
  4028.76      2.4822  3.3800e-03  3.9600e-03  3.1100e-03  6.9100e-03  7.9600e-03
  4027.26      2.4831  3.2200e-03  3.9900e-03  3.1400e-03  6.9300e-03  7.9800e-03
  4025.76      2.4840  3.2100e-03  3.9500e-03  3.1000e-03  6.9600e-03  7.9800e-03
  4024.26      2.4849  3.3800e-03  3.8900e-03  3.0200e-03  6.9900e-03  7.9900e-03
  4022.76      2.4859  3.5600e-03  3.7600e-03  3.0000e-03  7.0200e-03  8.0000e-03
  4021.26      2.4868  3.5800e-03  3.5800e-03  3.0200e-03  7.0500e-03  8.0100e-03
  4019.76      2.4877  3.4900e-03  3.4600e-03  3.0600e-03  7.0800e-03  8.0300e-03
  4018.26      2.4886  3.3700e-03  3.5300e-03  3.1300e-03  7.1200e-03  8.0400e-03
  4016.76      2.4896  3.3100e-03  3.7300e-03  3.1700e-03  7.1500e-03  8.0500e-03
  4015.26      2.4905  3.3500e-03  3.9400e-03  3.2000e-03  7.1800e-03  8.0800e-03
  4013.76      2.4914  3.5000e-03  3.9900e-03  3.2300e-03  7.2100e-03  8.1100e-03
  4012.26      2.4924  3.6400e-03  3.8700e-03  3.2200e-03  7.2300e-03  8.1400e-03
  4010.76      2.4933  3.7100e-03  3.7500e-03  3.2000e-03  7.2500e-03  8.1700e-03
  4009.26      2.4942  3.7500e-03  3.7800e-03  3.2200e-03  7.2700e-03  8.2000e-03
  4007.76      2.4952  3.7700e-03  3.8600e-03  3.2500e-03  7.2800e-03  8.2200e-03
  4006.26      2.4961  3.7100e-03  3.8800e-03  3.2100e-03  7.3100e-03  8.2500e-03
  4004.76      2.4970  3.6500e-03  3.8800e-03  3.2000e-03  7.3200e-03  8.3000e-03
  4003.26      2.4980  3.6600e-03  3.9200e-03  3.2600e-03  7.3500e-03  8.3300e-03
  4001.76      2.4989  3.7000e-03  3.9300e-03  3.3700e-03  7.3700e-03  8.3600e-03
  4000.26      2.4998  3.7500e-03  3.9400e-03  3.4000e-03  7.4000e-03  8.3900e-03
  3998.76      2.5008  3.8100e-03  4.0000e-03  3.3200e-03  7.4300e-03  8.4100e-03
  3997.26      2.5017  3.8100e-03  4.0600e-03  3.2500e-03  7.4700e-03  8.4400e-03
  3995.76      2.5027  3.7300e-03  4.0700e-03  3.2700e-03  7.5000e-03  8.4700e-03
  3994.26      2.5036  3.6500e-03  4.0200e-03  3.3300e-03  7.5300e-03  8.4900e-03
  3992.76      2.5045  3.6700e-03  3.9400e-03  3.3800e-03  7.5700e-03  8.5200e-03
  3991.26      2.5055  3.7300e-03  3.8500e-03  3.3800e-03  7.6100e-03  8.5700e-03
  3989.76      2.5064  3.7800e-03  3.8100e-03  3.3800e-03  7.6500e-03  8.6000e-03
  3988.26      2.5074  3.8300e-03  3.9000e-03  3.4800e-03  7.6800e-03  8.6500e-03
  3986.76      2.5083  3.9100e-03  4.0800e-03  3.6500e-03  7.7200e-03  8.7000e-03
  3985.26      2.5092  3.9400e-03  4.1700e-03  3.7400e-03  7.7700e-03  8.7500e-03
  3983.76      2.5102  3.9200e-03  4.1600e-03  3.6900e-03  7.8000e-03  8.8000e-03
  3982.26      2.5111  3.8700e-03  4.1200e-03  3.5600e-03  7.8400e-03  8.8600e-03
  3980.76      2.5121  3.8400e-03  4.0900e-03  3.5000e-03  7.8800e-03  8.9200e-03
  3979.26      2.5130  3.8500e-03  4.1300e-03  3.5500e-03  7.9300e-03  8.9800e-03
  3977.76      2.5140  3.8400e-03  4.2900e-03  3.6400e-03  7.9800e-03  9.0400e-03
  3976.26      2.5149  3.8500e-03  4.4000e-03  3.6800e-03  8.0300e-03  9.1000e-03
  3974.76      2.5159  3.8600e-03  4.3900e-03  3.6400e-03  8.0800e-03  9.1500e-03
  3973.26      2.5168  3.9000e-03  4.3500e-03  3.6200e-03  8.1500e-03  9.2100e-03
  3971.76      2.5178  3.9600e-03  4.3600e-03  3.7100e-03  8.2100e-03  9.2600e-03
  3970.26      2.5187  4.0400e-03  4.3200e-03  3.7800e-03  8.2700e-03  9.3200e-03
  3968.76      2.5197  4.0900e-03  4.2500e-03  3.7000e-03  8.3500e-03  9.3900e-03
  3967.26      2.5206  4.1100e-03  4.2000e-03  3.6000e-03  8.4400e-03  9.4600e-03
  3965.76      2.5216  4.1600e-03  4.2000e-03  3.6100e-03  8.5200e-03  9.5500e-03
  3964.26      2.5225  4.2400e-03  4.2600e-03  3.6700e-03  8.6300e-03  9.6400e-03
  3962.76      2.5235  4.2400e-03  4.3700e-03  3.6800e-03  8.7200e-03  9.7300e-03
  3961.26      2.5245  4.1300e-03  4.4800e-03  3.6600e-03  8.8100e-03  9.8200e-03
  3959.76      2.5254  4.0500e-03  4.5100e-03  3.6700e-03  8.8900e-03  9.9100e-03
  3958.26      2.5264  4.1000e-03  4.4200e-03  3.7800e-03  8.9700e-03  1.0000e-02
  3956.76      2.5273  4.2400e-03  4.3300e-03  3.9400e-03  9.0300e-03  1.0080e-02
  3955.26      2.5283  4.3400e-03  4.3000e-03  3.9600e-03  9.0800e-03  1.0170e-02
  3953.76      2.5292  4.2600e-03  4.3200e-03  3.8200e-03  9.1100e-03  1.0230e-02
  3952.26      2.5302  4.0600e-03  4.3600e-03  3.7100e-03  9.1400e-03  1.0270e-02
  3950.76      2.5312  3.9600e-03  4.3300e-03  3.6900e-03  9.1400e-03  1.0280e-02
  3949.26      2.5321  4.0400e-03  4.2800e-03  3.7200e-03  9.1300e-03  1.0300e-02
  3947.76      2.5331  4.2200e-03  4.3600e-03  3.8600e-03  9.1300e-03  1.0320e-02
  3946.26      2.5340  4.3200e-03  4.4900e-03  3.9900e-03  9.1500e-03  1.0350e-02
  3944.76      2.5350  4.2800e-03  4.4800e-03  3.9900e-03  9.1600e-03  1.0390e-02
  3943.26      2.5360  4.2200e-03  4.4200e-03  4.0400e-03  9.1800e-03  1.0420e-02
  3941.76      2.5369  4.3200e-03  4.4400e-03  4.2700e-03  9.2000e-03  1.0440e-02
  3940.26      2.5379  4.4700e-03  4.4300e-03  4.4400e-03  9.2100e-03  1.0490e-02
  3938.76      2.5389  4.5000e-03  4.3100e-03  4.4400e-03  9.2500e-03  1.0560e-02
  3937.26      2.5398  4.3800e-03  4.1800e-03  4.3400e-03  9.3000e-03  1.0640e-02
  3935.76      2.5408  4.1900e-03  4.0800e-03  4.1400e-03  9.3500e-03  1.0720e-02
  3934.26      2.5418  4.0300e-03  3.9900e-03  3.8400e-03  9.3700e-03  1.0790e-02
  3932.76      2.5427  4.0700e-03  4.0100e-03  3.6700e-03  9.3900e-03  1.0840e-02
  3931.25      2.5437  4.3100e-03  4.2700e-03  3.7600e-03  9.3900e-03  1.0870e-02
  3929.75      2.5447  4.5200e-03  4.6500e-03  3.9100e-03  9.3900e-03  1.0890e-02
  3928.25      2.5457  4.5400e-03  4.8500e-03  3.9500e-03  9.4000e-03  1.0910e-02
  3926.75      2.5466  4.4100e-03  4.7600e-03  3.9000e-03  9.4000e-03  1.0910e-02
  3925.25      2.5476  4.3000e-03  4.5900e-03  3.9000e-03  9.4100e-03  1.0890e-02
  3923.75      2.5486  4.3800e-03  4.5600e-03  3.9500e-03  9.4200e-03  1.0870e-02
  3922.25      2.5496  4.4100e-03  4.5500e-03  3.8900e-03  9.4500e-03  1.0860e-02
  3920.75      2.5505  4.2700e-03  4.4800e-03  3.7300e-03  9.5100e-03  1.0890e-02
  3919.25      2.5515  4.1900e-03  4.4600e-03  3.6800e-03  9.6100e-03  1.0980e-02
  3917.75      2.5525  4.3200e-03  4.6100e-03  3.8300e-03  9.7300e-03  1.1110e-02
  3916.25      2.5535  4.5800e-03  4.8400e-03  4.1300e-03  9.8700e-03  1.1270e-02
  3914.75      2.5544  4.7900e-03  4.9500e-03  4.3600e-03  1.0000e-02  1.1440e-02
  3913.25      2.5554  4.8400e-03  4.8200e-03  4.3200e-03  1.0130e-02  1.1630e-02
  3911.75      2.5564  4.7500e-03  4.6300e-03  4.1400e-03  1.0250e-02  1.1790e-02
  3910.25      2.5574  4.5600e-03  4.5400e-03  4.0000e-03  1.0320e-02  1.1920e-02
  3908.75      2.5584  4.3300e-03  4.4800e-03  3.9400e-03  1.0380e-02  1.2010e-02
  3907.25      2.5593  4.1100e-03  4.2700e-03  3.8100e-03  1.0380e-02  1.2040e-02
  3905.75      2.5603  3.9500e-03  3.9900e-03  3.5800e-03  1.0330e-02  1.1990e-02
  3904.25      2.5613  3.9400e-03  3.9400e-03  3.4800e-03  1.0230e-02  1.1860e-02
  3902.75      2.5623  4.1700e-03  4.2500e-03  3.6700e-03  1.0080e-02  1.1660e-02
  3901.25      2.5633  4.4900e-03  4.6400e-03  3.9100e-03  9.9300e-03  1.1430e-02
  3899.75      2.5643  4.7800e-03  4.9800e-03  4.1700e-03  9.7800e-03  1.1220e-02
  3898.25      2.5653  5.1300e-03  5.3200e-03  4.5900e-03  9.6700e-03  1.1030e-02
  3896.75      2.5662  5.3400e-03  5.4800e-03  4.8800e-03  9.6100e-03  1.0900e-02
  3895.25      2.5672  5.2700e-03  5.3300e-03  4.8700e-03  9.5700e-03  1.0830e-02
  3893.75      2.5682  5.0700e-03  5.0800e-03  4.6200e-03  9.5700e-03  1.0780e-02
  3892.25      2.5692  4.8900e-03  5.0100e-03  4.4200e-03  9.5600e-03  1.0750e-02
  3890.75      2.5702  4.8800e-03  5.2100e-03  4.6000e-03  9.5600e-03  1.0730e-02
  3889.25      2.5712  4.9100e-03  5.3700e-03  4.8400e-03  9.6100e-03  1.0780e-02
  3887.75      2.5722  4.7100e-03  5.1100e-03  4.5900e-03  9.6900e-03  1.0860e-02
  3886.25      2.5732  4.4600e-03  4.7000e-03  4.1000e-03  9.7700e-03  1.0940e-02
  3884.75      2.5742  4.5800e-03  4.8000e-03  4.0500e-03  9.8100e-03  1.1000e-02
  3883.25      2.5752  4.7900e-03  5.1100e-03  4.3000e-03  9.8400e-03  1.1030e-02
  3881.75      2.5762  4.7000e-03  5.1600e-03  4.4900e-03  9.8300e-03  1.1010e-02
  3880.25      2.5772  4.6600e-03  5.2500e-03  4.8200e-03  9.8100e-03  1.0980e-02
  3878.75      2.5781  4.9000e-03  5.5200e-03  5.1700e-03  9.8000e-03  1.0950e-02
  3877.25      2.5791  5.0400e-03  5.5600e-03  5.0800e-03  9.8000e-03  1.0950e-02
  3875.75      2.5801  4.8300e-03  5.2800e-03  4.6700e-03  9.7900e-03  1.0930e-02
  3874.25      2.5811  4.6500e-03  5.1200e-03  4.5200e-03  9.7400e-03  1.0880e-02
  3872.75      2.5821  4.6900e-03  5.2100e-03  4.5700e-03  9.6600e-03  1.0790e-02
  3871.25      2.5831  4.6300e-03  5.0900e-03  4.4400e-03  9.5900e-03  1.0700e-02
  3869.75      2.5841  4.7100e-03  5.0200e-03  4.5500e-03  9.5400e-03  1.0640e-02
  3868.25      2.5851  5.1400e-03  5.3100e-03  5.0600e-03  9.5300e-03  1.0630e-02
  3866.75      2.5862  5.3300e-03  5.4000e-03  5.2100e-03  9.5300e-03  1.0660e-02
  3865.25      2.5872  5.1200e-03  5.1900e-03  5.0200e-03  9.5300e-03  1.0650e-02
  3863.75      2.5882  5.0100e-03  5.1600e-03  5.0600e-03  9.4800e-03  1.0580e-02
  3862.25      2.5892  5.2100e-03  5.3400e-03  5.3200e-03  9.4200e-03  1.0450e-02
  3860.75      2.5902  5.4400e-03  5.4900e-03  5.4500e-03  9.3600e-03  1.0350e-02
  3859.25      2.5912  5.5100e-03  5.6300e-03  5.3700e-03  9.3300e-03  1.0260e-02
  3857.75      2.5922  5.3600e-03  5.6000e-03  5.0800e-03  9.3000e-03  1.0180e-02
  3856.25      2.5932  5.0000e-03  5.1800e-03  4.5800e-03  9.2500e-03  1.0070e-02
  3854.75      2.5942  4.5000e-03  4.5200e-03  4.0800e-03  9.1500e-03  9.8900e-03
  3853.25      2.5952  4.4500e-03  4.5900e-03  4.4200e-03  9.0000e-03  9.6400e-03
  3851.75      2.5962  5.1000e-03  5.6500e-03  5.5100e-03  8.8500e-03  9.4000e-03
  3850.25      2.5972  5.6700e-03  6.4000e-03  6.0600e-03  8.7700e-03  9.2500e-03
  3848.75      2.5982  5.7700e-03  6.5500e-03  5.9800e-03  8.7200e-03  9.1700e-03
  3847.25      2.5993  5.6500e-03  6.4100e-03  5.6900e-03  8.6900e-03  9.1200e-03
  3845.75      2.6003  5.5100e-03  6.0500e-03  5.2900e-03  8.6400e-03  9.0500e-03
  3844.25      2.6013  5.3600e-03  5.7000e-03  4.9500e-03  8.5700e-03  8.9400e-03
  3842.75      2.6023  5.2400e-03  5.5700e-03  4.9100e-03  8.4900e-03  8.8000e-03
  3841.25      2.6033  5.1600e-03  5.5000e-03  4.9700e-03  8.4000e-03  8.6600e-03
  3839.75      2.6043  5.1300e-03  5.3700e-03  4.9200e-03  8.3100e-03  8.5400e-03
  3838.25      2.6054  5.2100e-03  5.4000e-03  4.9900e-03  8.2300e-03  8.4200e-03
  3836.75      2.6064  5.3400e-03  5.7500e-03  5.3900e-03  8.1600e-03  8.3100e-03
  3835.25      2.6074  5.3600e-03  6.0700e-03  5.7800e-03  8.1000e-03  8.2200e-03
  3833.75      2.6084  5.2600e-03  6.0400e-03  5.8500e-03  8.0400e-03  8.1300e-03
  3832.25      2.6094  5.2400e-03  5.8200e-03  5.7800e-03  7.9900e-03  8.0600e-03
  3830.75      2.6105  5.3000e-03  5.6800e-03  5.8200e-03  7.9600e-03  8.0300e-03
  3829.25      2.6115  5.2900e-03  5.5800e-03  5.8000e-03  7.9500e-03  8.0300e-03
  3827.75      2.6125  5.2200e-03  5.4600e-03  5.5700e-03  7.9500e-03  8.0400e-03
  3826.25      2.6135  5.2900e-03  5.5300e-03  5.4400e-03  7.9400e-03  8.0400e-03
  3824.75      2.6146  5.4800e-03  5.7300e-03  5.5100e-03  7.9100e-03  8.0300e-03
  3823.25      2.6156  5.4000e-03  5.5600e-03  5.3300e-03  7.8800e-03  7.9900e-03
  3821.75      2.6166  5.1600e-03  5.2000e-03  4.9900e-03  7.8100e-03  7.9100e-03
  3820.25      2.6176  5.2600e-03  5.4600e-03  5.2300e-03  7.7100e-03  7.8100e-03
  3818.75      2.6187  5.4200e-03  5.9200e-03  5.7300e-03  7.6200e-03  7.7000e-03
  3817.25      2.6197  5.2600e-03  5.8800e-03  5.7700e-03  7.5600e-03  7.6100e-03
  3815.75      2.6207  5.2900e-03  5.8400e-03  5.8300e-03  7.5100e-03  7.5600e-03
  3814.25      2.6217  5.6800e-03  6.1500e-03  6.2500e-03  7.5000e-03  7.5400e-03
  3812.75      2.6228  5.9400e-03  6.3200e-03  6.5400e-03  7.5200e-03  7.5700e-03
  3811.25      2.6238  5.9600e-03  6.2600e-03  6.4600e-03  7.5700e-03  7.6200e-03
  3809.75      2.6248  5.7200e-03  6.0000e-03  5.9800e-03  7.6100e-03  7.6500e-03
  3808.25      2.6259  5.3400e-03  5.5700e-03  5.3000e-03  7.6200e-03  7.6500e-03
  3806.75      2.6269  5.2200e-03  5.4300e-03  5.0500e-03  7.6200e-03  7.6000e-03
  3805.25      2.6280  5.3900e-03  5.8100e-03  5.3200e-03  7.5700e-03  7.5100e-03
  3803.75      2.6290  5.3200e-03  6.0300e-03  5.3900e-03  7.5000e-03  7.3700e-03
  3802.25      2.6300  5.0400e-03  5.7600e-03  5.2100e-03  7.4000e-03  7.1900e-03
  3800.75      2.6311  5.1600e-03  5.7100e-03  5.4100e-03  7.2700e-03  6.9900e-03
  3799.25      2.6321  5.6000e-03  6.0500e-03  5.8200e-03  7.1500e-03  6.8100e-03
  3797.74      2.6331  5.8000e-03  6.1600e-03  5.9700e-03  7.0600e-03  6.6700e-03
  3796.24      2.6342  5.8200e-03  6.1200e-03  6.0500e-03  7.0200e-03  6.5900e-03
  3794.74      2.6352  5.9200e-03  6.2200e-03  6.2300e-03  7.0300e-03  6.6200e-03
  3793.24      2.6363  6.0000e-03  6.3600e-03  6.3200e-03  7.1300e-03  6.7600e-03
  3791.74      2.6373  5.9800e-03  6.4100e-03  6.2600e-03  7.2800e-03  6.9800e-03
  3790.24      2.6384  5.8800e-03  6.3500e-03  6.1600e-03  7.4700e-03  7.2500e-03
  3788.74      2.6394  5.6900e-03  6.2500e-03  6.0800e-03  7.6800e-03  7.5700e-03
  3787.24      2.6404  5.5100e-03  6.0900e-03  5.9500e-03  7.9100e-03  7.9000e-03
  3785.74      2.6415  5.5200e-03  5.9400e-03  5.8400e-03  8.1500e-03  8.2400e-03
  3784.24      2.6425  5.7100e-03  6.0200e-03  5.8700e-03  8.3900e-03  8.5900e-03
  3782.74      2.6436  5.8600e-03  6.1800e-03  5.9100e-03  8.6000e-03  8.9000e-03
  3781.24      2.6446  5.8800e-03  6.1100e-03  5.7700e-03  8.7900e-03  9.1900e-03
  3779.74      2.6457  5.9100e-03  5.9000e-03  5.6200e-03  8.9300e-03  9.4200e-03
  3778.24      2.6467  6.0100e-03  5.9200e-03  5.7700e-03  9.0500e-03  9.6000e-03
  3776.74      2.6478  6.0100e-03  6.1100e-03  6.0400e-03  9.1700e-03  9.7900e-03
  3775.24      2.6488  5.8600e-03  6.2800e-03  6.1000e-03  9.3100e-03  9.9900e-03
  3773.74      2.6499  5.7300e-03  6.3900e-03  5.9800e-03  9.4700e-03  1.0220e-02
  3772.24      2.6509  5.6900e-03  6.3000e-03  5.7800e-03  9.6200e-03  1.0450e-02
  3770.74      2.6520  5.6900e-03  6.0600e-03  5.6200e-03  9.7700e-03  1.0650e-02
  3769.24      2.6531  5.8300e-03  6.0400e-03  5.7500e-03  9.9000e-03  1.0840e-02
  3767.74      2.6541  6.0200e-03  6.2200e-03  5.9900e-03  1.0060e-02  1.1040e-02
  3766.24      2.6552  6.0800e-03  6.3300e-03  6.1100e-03  1.0250e-02  1.1300e-02
  3764.74      2.6562  6.1800e-03  6.4700e-03  6.2200e-03  1.0470e-02  1.1580e-02
  3763.24      2.6573  6.3200e-03  6.6400e-03  6.2900e-03  1.0680e-02  1.1850e-02
  3761.74      2.6583  6.2200e-03  6.4700e-03  6.1300e-03  1.0860e-02  1.2080e-02
  3760.24      2.6594  6.0100e-03  6.1200e-03  5.9600e-03  1.0990e-02  1.2230e-02
  3758.74      2.6605  5.9400e-03  6.0300e-03  6.0800e-03  1.1070e-02  1.2330e-02
  3757.24      2.6615  5.9200e-03  6.1900e-03  6.2500e-03  1.1110e-02  1.2360e-02
  3755.74      2.6626  5.8700e-03  6.2900e-03  6.2300e-03  1.1100e-02  1.2330e-02
  3754.24      2.6637  5.7300e-03  6.0600e-03  5.9600e-03  1.1020e-02  1.2200e-02
  3752.74      2.6647  5.5800e-03  5.6200e-03  5.6500e-03  1.0870e-02  1.1970e-02
  3751.24      2.6658  5.6500e-03  5.5500e-03  5.7200e-03  1.0660e-02  1.1650e-02
  3749.74      2.6669  5.9300e-03  6.0700e-03  6.2400e-03  1.0400e-02  1.1280e-02
  3748.24      2.6679  6.1200e-03  6.6500e-03  6.7900e-03  1.0120e-02  1.0880e-02
  3746.74      2.6690  5.9100e-03  6.6300e-03  6.7400e-03  9.8300e-03  1.0450e-02
  3745.24      2.6701  5.6400e-03  6.1900e-03  6.1000e-03  9.5100e-03  9.9800e-03
  3743.74      2.6711  6.1000e-03  6.5100e-03  6.0100e-03  9.1700e-03  9.4700e-03
  3742.24      2.6722  6.8400e-03  7.2800e-03  6.6500e-03  8.8500e-03  9.0000e-03
  3740.74      2.6733  7.0600e-03  7.4300e-03  6.9900e-03  8.5800e-03  8.5700e-03
  3739.24      2.6743  6.8400e-03  7.0200e-03  6.8200e-03  8.3500e-03  8.2000e-03
  3737.74      2.6754  6.4200e-03  6.5100e-03  6.3900e-03  8.1300e-03  7.8400e-03
  3736.24      2.6765  6.1000e-03  6.3600e-03  6.0600e-03  7.8900e-03  7.4500e-03
  3734.74      2.6776  6.2400e-03  6.6500e-03  6.2900e-03  7.6600e-03  7.0400e-03
  3733.24      2.6786  6.5900e-03  6.8900e-03  6.7900e-03  7.4300e-03  6.6600e-03
  3731.74      2.6797  6.8400e-03  7.0100e-03  7.1100e-03  7.2800e-03  6.3500e-03
  3730.24      2.6808  7.0100e-03  7.1800e-03  7.2700e-03  7.1900e-03  6.1700e-03
  3728.74      2.6819  6.9900e-03  7.1100e-03  7.1800e-03  7.1800e-03  6.0900e-03
  3727.24      2.6830  6.8700e-03  6.8800e-03  6.9900e-03  7.2100e-03  6.0800e-03
  3725.74      2.6840  6.8100e-03  6.9000e-03  6.9800e-03  7.2700e-03  6.1100e-03
  3724.24      2.6851  6.7600e-03  6.9900e-03  7.0600e-03  7.3500e-03  6.1700e-03
  3722.74      2.6862  6.7300e-03  6.9400e-03  7.1600e-03  7.4500e-03  6.3000e-03
  3721.24      2.6873  6.8000e-03  6.9200e-03  7.2900e-03  7.5800e-03  6.4700e-03
  3719.74      2.6884  6.9300e-03  7.0700e-03  7.3500e-03  7.7300e-03  6.6700e-03
  3718.24      2.6894  6.9800e-03  7.2300e-03  7.3200e-03  7.8700e-03  6.8900e-03
  3716.74      2.6905  7.0000e-03  7.2800e-03  7.3000e-03  8.0100e-03  7.1000e-03
  3715.24      2.6916  7.0400e-03  7.2700e-03  7.2500e-03  8.1100e-03  7.2500e-03
  3713.74      2.6927  6.9300e-03  7.0900e-03  7.0500e-03  8.1600e-03  7.3300e-03
  3712.24      2.6938  6.6700e-03  6.8500e-03  6.8600e-03  8.1700e-03  7.3400e-03
  3710.74      2.6949  6.6800e-03  6.9200e-03  7.0000e-03  8.1600e-03  7.3200e-03
  3709.24      2.6960  7.0600e-03  7.2900e-03  7.4100e-03  8.1700e-03  7.3200e-03
  3707.74      2.6971  7.4200e-03  7.6200e-03  7.7100e-03  8.2400e-03  7.3900e-03
  3706.24      2.6982  7.5500e-03  7.7600e-03  7.7700e-03  8.3600e-03  7.5500e-03
  3704.74      2.6992  7.4200e-03  7.6300e-03  7.6400e-03  8.5300e-03  7.7600e-03
  3703.24      2.7003  7.1800e-03  7.3600e-03  7.4600e-03  8.7100e-03  7.9800e-03
  3701.74      2.7014  7.1300e-03  7.2300e-03  7.4200e-03  8.8900e-03  8.1900e-03
  3700.24      2.7025  7.3600e-03  7.3300e-03  7.6000e-03  9.0600e-03  8.4000e-03
  3698.74      2.7036  7.5400e-03  7.4800e-03  7.7400e-03  9.2500e-03  8.6200e-03
  3697.24      2.7047  7.5500e-03  7.5200e-03  7.6400e-03  9.4600e-03  8.8700e-03
  3695.74      2.7058  7.5900e-03  7.5400e-03  7.4700e-03  9.6700e-03  9.1200e-03
  3694.24      2.7069  7.6800e-03  7.5600e-03  7.3400e-03  9.8700e-03  9.3300e-03
  3692.74      2.7080  7.6700e-03  7.4800e-03  7.2200e-03  1.0040e-02  9.5000e-03
  3691.24      2.7091  7.5300e-03  7.3000e-03  7.1900e-03  1.0180e-02  9.6100e-03
  3689.74      2.7102  7.3700e-03  7.1500e-03  7.2300e-03  1.0290e-02  9.6800e-03
  3688.24      2.7113  7.5000e-03  7.3900e-03  7.3500e-03  1.0410e-02  9.7600e-03
  3686.74      2.7124  7.9800e-03  7.9800e-03  7.6400e-03  1.0540e-02  9.8600e-03
  3685.24      2.7135  8.3900e-03  8.4000e-03  7.9300e-03  1.0710e-02  9.9900e-03
  3683.74      2.7146  8.5700e-03  8.4200e-03  8.0900e-03  1.0900e-02  1.0130e-02
  3682.24      2.7157  8.6000e-03  8.2500e-03  8.1700e-03  1.1080e-02  1.0250e-02
  3680.74      2.7168  8.6100e-03  8.1100e-03  8.2400e-03  1.1210e-02  1.0290e-02
  3679.24      2.7180  8.6100e-03  8.0200e-03  8.2600e-03  1.1300e-02  1.0270e-02
  3677.74      2.7191  8.5100e-03  7.8000e-03  7.9800e-03  1.1340e-02  1.0190e-02
  3676.24      2.7202  8.4200e-03  7.6500e-03  7.6600e-03  1.1350e-02  1.0040e-02
  3674.74      2.7213  8.9100e-03  8.1800e-03  8.2100e-03  1.1350e-02  9.8800e-03
  3673.24      2.7224  9.5500e-03  8.8300e-03  9.0300e-03  1.1390e-02  9.7500e-03
  3671.74      2.7235  9.6800e-03  8.8700e-03  9.1200e-03  1.1460e-02  9.6700e-03
  3670.24      2.7246  9.6300e-03  8.8700e-03  8.9700e-03  1.1570e-02  9.6400e-03
  3668.74      2.7257  9.9300e-03  9.5400e-03  9.3100e-03  1.1730e-02  9.6900e-03
  3667.24      2.7268  1.0330e-02  1.0320e-02  9.8300e-03  1.1990e-02  9.8800e-03
  3665.74      2.7280  1.0580e-02  1.0640e-02  1.0110e-02  1.2380e-02  1.0240e-02
  3664.24      2.7291  1.0760e-02  1.0610e-02  1.0180e-02  1.2890e-02  1.0760e-02
  3662.73      2.7302  1.0960e-02  1.0510e-02  1.0140e-02  1.3490e-02  1.1390e-02
  3661.23      2.7313  1.1130e-02  1.0490e-02  1.0090e-02  1.4130e-02  1.2060e-02
  3659.73      2.7324  1.1250e-02  1.0430e-02  1.0070e-02  1.4750e-02  1.2680e-02
  3658.23      2.7336  1.1310e-02  1.0180e-02  9.9700e-03  1.5300e-02  1.3210e-02
  3656.73      2.7347  1.1440e-02  1.0070e-02  9.9600e-03  1.5800e-02  1.3650e-02
  3655.23      2.7358  1.1840e-02  1.0600e-02  1.0370e-02  1.6250e-02  1.3990e-02
  3653.73      2.7369  1.2230e-02  1.1240e-02  1.0810e-02  1.6630e-02  1.4250e-02
  3652.23      2.7380  1.2260e-02  1.1320e-02  1.0690e-02  1.6940e-02  1.4400e-02
  3650.73      2.7392  1.2130e-02  1.1030e-02  1.0320e-02  1.7160e-02  1.4420e-02
  3649.23      2.7403  1.2400e-02  1.1060e-02  1.0520e-02  1.7310e-02  1.4370e-02
  3647.73      2.7414  1.3200e-02  1.1680e-02  1.1370e-02  1.7470e-02  1.4340e-02
  3646.23      2.7426  1.4020e-02  1.2500e-02  1.2240e-02  1.7700e-02  1.4430e-02
  3644.73      2.7437  1.4500e-02  1.3030e-02  1.2720e-02  1.8050e-02  1.4680e-02
  3643.23      2.7448  1.4760e-02  1.3180e-02  1.2830e-02  1.8510e-02  1.5080e-02
  3641.73      2.7459  1.4970e-02  1.3250e-02  1.2850e-02  1.9040e-02  1.5600e-02
  3640.23      2.7471  1.5200e-02  1.3420e-02  1.3000e-02  1.9620e-02  1.6160e-02
  3638.73      2.7482  1.5450e-02  1.3680e-02  1.3280e-02  2.0220e-02  1.6760e-02
  3637.23      2.7493  1.5800e-02  1.3950e-02  1.3560e-02  2.0860e-02  1.7420e-02
  3635.73      2.7505  1.6160e-02  1.4140e-02  1.3700e-02  2.1540e-02  1.8120e-02
  3634.23      2.7516  1.6460e-02  1.4280e-02  1.3860e-02  2.2230e-02  1.8830e-02
  3632.73      2.7527  1.6730e-02  1.4500e-02  1.4160e-02  2.2900e-02  1.9490e-02
  3631.23      2.7539  1.6790e-02  1.4510e-02  1.4270e-02  2.3500e-02  2.0050e-02
  3629.73      2.7550  1.6770e-02  1.4310e-02  1.4100e-02  2.4020e-02  2.0470e-02
  3628.23      2.7562  1.7200e-02  1.4770e-02  1.4320e-02  2.4460e-02  2.0810e-02
  3626.73      2.7573  1.7970e-02  1.5740e-02  1.5020e-02  2.4900e-02  2.1140e-02
  3625.23      2.7584  1.8470e-02  1.6300e-02  1.5590e-02  2.5360e-02  2.1480e-02
  3623.73      2.7596  1.8710e-02  1.6420e-02  1.5900e-02  2.5840e-02  2.1840e-02
  3622.23      2.7607  1.8870e-02  1.6360e-02  1.6040e-02  2.6330e-02  2.2190e-02
  3620.73      2.7619  1.8970e-02  1.6320e-02  1.6080e-02  2.6790e-02  2.2510e-02
  3619.23      2.7630  1.9190e-02  1.6540e-02  1.6300e-02  2.7240e-02  2.2790e-02
  3617.73      2.7642  1.9660e-02  1.7090e-02  1.6720e-02  2.7670e-02  2.3080e-02
  3616.23      2.7653  2.0170e-02  1.7650e-02  1.7090e-02  2.8120e-02  2.3410e-02
  3614.73      2.7665  2.0520e-02  1.8040e-02  1.7370e-02  2.8610e-02  2.3790e-02
  3613.23      2.7676  2.0860e-02  1.8390e-02  1.7720e-02  2.9090e-02  2.4200e-02
  3611.73      2.7688  2.1290e-02  1.8770e-02  1.8130e-02  2.9570e-02  2.4620e-02
  3610.23      2.7699  2.1630e-02  1.9000e-02  1.8460e-02  3.0050e-02  2.5040e-02
  3608.73      2.7711  2.1940e-02  1.9210e-02  1.8780e-02  3.0530e-02  2.5480e-02
  3607.23      2.7722  2.2410e-02  1.9720e-02  1.9270e-02  3.1030e-02  2.5950e-02
  3605.73      2.7734  2.2910e-02  2.0350e-02  1.9780e-02  3.1560e-02  2.6490e-02
  3604.23      2.7745  2.3300e-02  2.0710e-02  2.0040e-02  3.2140e-02  2.7090e-02
  3602.73      2.7757  2.3600e-02  2.0810e-02  2.0090e-02  3.2750e-02  2.7720e-02
  3601.23      2.7768  2.3900e-02  2.0870e-02  2.0190e-02  3.3360e-02  2.8370e-02
  3599.73      2.7780  2.4280e-02  2.1100e-02  2.0490e-02  3.3980e-02  2.8990e-02
  3598.23      2.7791  2.4650e-02  2.1450e-02  2.0930e-02  3.4580e-02  2.9590e-02
  3596.73      2.7803  2.4940e-02  2.1740e-02  2.1350e-02  3.5150e-02  3.0150e-02
  3595.23      2.7815  2.5270e-02  2.2090e-02  2.1730e-02  3.5700e-02  3.0680e-02
  3593.73      2.7826  2.5650e-02  2.2570e-02  2.2150e-02  3.6230e-02  3.1190e-02
  3592.23      2.7838  2.6070e-02  2.3100e-02  2.2510e-02  3.6750e-02  3.1680e-02
  3590.73      2.7849  2.6470e-02  2.3460e-02  2.2620e-02  3.7240e-02  3.2150e-02
  3589.23      2.7861  2.6770e-02  2.3610e-02  2.2560e-02  3.7700e-02  3.2590e-02
  3587.73      2.7873  2.7040e-02  2.3880e-02  2.2680e-02  3.8150e-02  3.2980e-02
  3586.23      2.7884  2.7420e-02  2.4410e-02  2.3200e-02  3.8590e-02  3.3380e-02
  3584.73      2.7896  2.7820e-02  2.4910e-02  2.3890e-02  3.9060e-02  3.3830e-02
  3583.23      2.7908  2.8170e-02  2.5250e-02  2.4430e-02  3.9590e-02  3.4340e-02
  3581.73      2.7919  2.8470e-02  2.5490e-02  2.4780e-02  4.0170e-02  3.4920e-02
  3580.23      2.7931  2.8750e-02  2.5740e-02  2.5030e-02  4.0780e-02  3.5550e-02
  3578.73      2.7943  2.8970e-02  2.6090e-02  2.5280e-02  4.1390e-02  3.6190e-02
  3577.23      2.7955  2.9150e-02  2.6490e-02  2.5600e-02  4.1990e-02  3.6810e-02
  3575.73      2.7966  2.9480e-02  2.6800e-02  2.5910e-02  4.2590e-02  3.7420e-02
  3574.23      2.7978  3.0040e-02  2.7010e-02  2.6210e-02  4.3180e-02  3.8040e-02
  3572.73      2.7990  3.0610e-02  2.7240e-02  2.6550e-02  4.3760e-02  3.8640e-02
  3571.23      2.8002  3.0970e-02  2.7540e-02  2.6840e-02  4.4310e-02  3.9200e-02
  3569.73      2.8013  3.1140e-02  2.7760e-02  2.6890e-02  4.4820e-02  3.9710e-02
  3568.23      2.8025  3.1380e-02  2.7910e-02  2.6930e-02  4.5260e-02  4.0130e-02
  3566.73      2.8037  3.1970e-02  2.8380e-02  2.7440e-02  4.5650e-02  4.0500e-02
  3565.23      2.8049  3.2680e-02  2.9150e-02  2.8300e-02  4.6040e-02  4.0840e-02
  3563.73      2.8061  3.3140e-02  2.9770e-02  2.9050e-02  4.6440e-02  4.1220e-02
  3562.23      2.8072  3.3390e-02  3.0130e-02  2.9520e-02  4.6880e-02  4.1640e-02
  3560.73      2.8084  3.3620e-02  3.0450e-02  2.9820e-02  4.7350e-02  4.2090e-02
  3559.23      2.8096  3.3940e-02  3.0830e-02  3.0070e-02  4.7850e-02  4.2590e-02
  3557.73      2.8108  3.4350e-02  3.1190e-02  3.0330e-02  4.8360e-02  4.3110e-02
  3556.23      2.8120  3.4770e-02  3.1500e-02  3.0570e-02  4.8870e-02  4.3650e-02
  3554.73      2.8132  3.5190e-02  3.1730e-02  3.0830e-02  4.9410e-02  4.4210e-02
  3553.23      2.8143  3.5580e-02  3.1890e-02  3.1140e-02  4.9960e-02  4.4800e-02
  3551.73      2.8155  3.5970e-02  3.2130e-02  3.1500e-02  5.0520e-02  4.5380e-02
  3550.23      2.8167  3.6350e-02  3.2600e-02  3.1880e-02  5.1070e-02  4.5950e-02
  3548.73      2.8179  3.6680e-02  3.3070e-02  3.2180e-02  5.1610e-02  4.6500e-02
  3547.23      2.8191  3.7020e-02  3.3430e-02  3.2460e-02  5.2110e-02  4.7010e-02
  3545.73      2.8203  3.7360e-02  3.3780e-02  3.2830e-02  5.2600e-02  4.7500e-02
  3544.23      2.8215  3.7680e-02  3.4180e-02  3.3260e-02  5.3080e-02  4.7980e-02
  3542.73      2.8227  3.8070e-02  3.4550e-02  3.3700e-02  5.3570e-02  4.8470e-02
  3541.23      2.8239  3.8500e-02  3.4900e-02  3.4070e-02  5.4080e-02  4.8980e-02
  3539.73      2.8251  3.8850e-02  3.5270e-02  3.4350e-02  5.4610e-02  4.9510e-02
  3538.23      2.8263  3.9160e-02  3.5640e-02  3.4650e-02  5.5140e-02  5.0050e-02
  3536.73      2.8275  3.9520e-02  3.5960e-02  3.5070e-02  5.5670e-02  5.0610e-02
  3535.23      2.8287  3.9920e-02  3.6300e-02  3.5510e-02  5.6190e-02  5.1150e-02
  3533.73      2.8299  4.0300e-02  3.6690e-02  3.5900e-02  5.6700e-02  5.1700e-02
  3532.23      2.8311  4.0670e-02  3.7010e-02  3.6220e-02  5.7210e-02  5.2240e-02
  3530.73      2.8323  4.1010e-02  3.7200e-02  3.6480e-02  5.7720e-02  5.2780e-02
  3529.23      2.8335  4.1390e-02  3.7350e-02  3.6730e-02  5.8210e-02  5.3290e-02
  3527.72      2.8347  4.1840e-02  3.7660e-02  3.7050e-02  5.8680e-02  5.3780e-02
  3526.22      2.8359  4.2270e-02  3.8140e-02  3.7450e-02  5.9130e-02  5.4250e-02
  3524.72      2.8371  4.2590e-02  3.8640e-02  3.7870e-02  5.9590e-02  5.4720e-02
  3523.22      2.8383  4.2830e-02  3.9150e-02  3.8330e-02  6.0040e-02  5.5180e-02
  3521.72      2.8395  4.3120e-02  3.9680e-02  3.8800e-02  6.0510e-02  5.5650e-02
  3520.22      2.8407  4.3550e-02  4.0120e-02  3.9200e-02  6.0990e-02  5.6130e-02
  3518.72      2.8419  4.4000e-02  4.0460e-02  3.9500e-02  6.1470e-02  5.6630e-02
  3517.22      2.8432  4.4400e-02  4.0750e-02  3.9820e-02  6.1980e-02  5.7150e-02
  3515.72      2.8444  4.4730e-02  4.0990e-02  4.0240e-02  6.2480e-02  5.7680e-02
  3514.22      2.8456  4.5080e-02  4.1220e-02  4.0610e-02  6.3000e-02  5.8220e-02
  3512.72      2.8468  4.5420e-02  4.1480e-02  4.0870e-02  6.3500e-02  5.8760e-02
  3511.22      2.8480  4.5690e-02  4.1750e-02  4.1120e-02  6.3990e-02  5.9280e-02
  3509.72      2.8492  4.5940e-02  4.2090e-02  4.1450e-02  6.4470e-02  5.9800e-02
  3508.22      2.8504  4.6230e-02  4.2550e-02  4.1760e-02  6.4940e-02  6.0300e-02
  3506.72      2.8517  4.6520e-02  4.3000e-02  4.2080e-02  6.5400e-02  6.0790e-02
  3505.22      2.8529  4.6860e-02  4.3260e-02  4.2500e-02  6.5830e-02  6.1250e-02
  3503.72      2.8541  4.7300e-02  4.3440e-02  4.2990e-02  6.6250e-02  6.1700e-02
  3502.22      2.8553  4.7780e-02  4.3770e-02  4.3510e-02  6.6660e-02  6.2140e-02
  3500.72      2.8566  4.8220e-02  4.4190e-02  4.3930e-02  6.7050e-02  6.2570e-02
  3499.22      2.8578  4.8580e-02  4.4530e-02  4.4170e-02  6.7460e-02  6.3010e-02
  3497.72      2.8590  4.8860e-02  4.4840e-02  4.4330e-02  6.7860e-02  6.3460e-02
  3496.22      2.8602  4.9130e-02  4.5240e-02  4.4580e-02  6.8280e-02  6.3910e-02
  3494.72      2.8615  4.9460e-02  4.5720e-02  4.4950e-02  6.8710e-02  6.4370e-02
  3493.22      2.8627  4.9880e-02  4.6130e-02  4.5340e-02  6.9130e-02  6.4820e-02
  3491.72      2.8639  5.0330e-02  4.6400e-02  4.5720e-02  6.9560e-02  6.5280e-02
  3490.22      2.8651  5.0730e-02  4.6650e-02  4.6050e-02  6.9990e-02  6.5740e-02
  3488.72      2.8664  5.1050e-02  4.7000e-02  4.6350e-02  7.0440e-02  6.6210e-02
  3487.22      2.8676  5.1300e-02  4.7450e-02  4.6660e-02  7.0890e-02  6.6680e-02
  3485.72      2.8688  5.1620e-02  4.7910e-02  4.6980e-02  7.1330e-02  6.7130e-02
  3484.22      2.8701  5.2040e-02  4.8320e-02  4.7320e-02  7.1780e-02  6.7590e-02
  3482.72      2.8713  5.2540e-02  4.8630e-02  4.7680e-02  7.2200e-02  6.8030e-02
  3481.22      2.8726  5.3020e-02  4.8850e-02  4.8070e-02  7.2640e-02  6.8470e-02
  3479.72      2.8738  5.3420e-02  4.9090e-02  4.8420e-02  7.3060e-02  6.8920e-02
  3478.22      2.8750  5.3770e-02  4.9450e-02  4.8780e-02  7.3490e-02  6.9370e-02
  3476.72      2.8763  5.4120e-02  4.9880e-02  4.9230e-02  7.3920e-02  6.9820e-02
  3475.22      2.8775  5.4460e-02  5.0350e-02  4.9680e-02  7.4340e-02  7.0280e-02
  3473.72      2.8788  5.4790e-02  5.0810e-02  5.0030e-02  7.4760e-02  7.0720e-02
  3472.22      2.8800  5.5140e-02  5.1240e-02  5.0300e-02  7.5170e-02  7.1150e-02
  3470.72      2.8812  5.5550e-02  5.1620e-02  5.0570e-02  7.5580e-02  7.1590e-02
  3469.22      2.8825  5.5990e-02  5.2020e-02  5.0860e-02  7.5990e-02  7.2020e-02
  3467.72      2.8837  5.6340e-02  5.2470e-02  5.1210e-02  7.6390e-02  7.2450e-02
  3466.22      2.8850  5.6660e-02  5.2890e-02  5.1650e-02  7.6800e-02  7.2860e-02
  3464.72      2.8862  5.7030e-02  5.3210e-02  5.2090e-02  7.7200e-02  7.3280e-02
  3463.22      2.8875  5.7420e-02  5.3500e-02  5.2490e-02  7.7600e-02  7.3700e-02
  3461.72      2.8887  5.7780e-02  5.3800e-02  5.2880e-02  7.8000e-02  7.4120e-02
  3460.22      2.8900  5.8110e-02  5.4140e-02  5.3260e-02  7.8400e-02  7.4540e-02
  3458.72      2.8912  5.8420e-02  5.4460e-02  5.3630e-02  7.8790e-02  7.4960e-02
  3457.22      2.8925  5.8830e-02  5.4770e-02  5.4030e-02  7.9190e-02  7.5390e-02
  3455.72      2.8938  5.9370e-02  5.5190e-02  5.4460e-02  7.9570e-02  7.5810e-02
  3454.22      2.8950  5.9910e-02  5.5720e-02  5.4890e-02  7.9960e-02  7.6240e-02
  3452.72      2.8963  6.0370e-02  5.6290e-02  5.5350e-02  8.0340e-02  7.6650e-02
  3451.22      2.8975  6.0710e-02  5.6830e-02  5.5810e-02  8.0710e-02  7.7060e-02
  3449.72      2.8988  6.0950e-02  5.7250e-02  5.6170e-02  8.1080e-02  7.7460e-02
  3448.22      2.9000  6.1220e-02  5.7480e-02  5.6410e-02  8.1430e-02  7.7840e-02
  3446.72      2.9013  6.1560e-02  5.7710e-02  5.6710e-02  8.1780e-02  7.8200e-02
  3445.22      2.9026  6.1940e-02  5.8100e-02  5.7130e-02  8.2120e-02  7.8560e-02
  3443.72      2.9038  6.2310e-02  5.8550e-02  5.7610e-02  8.2460e-02  7.8920e-02
  3442.22      2.9051  6.2690e-02  5.8970e-02  5.8040e-02  8.2800e-02  7.9270e-02
  3440.72      2.9064  6.3150e-02  5.9390e-02  5.8410e-02  8.3140e-02  7.9630e-02
  3439.22      2.9076  6.3680e-02  5.9850e-02  5.8790e-02  8.3490e-02  7.9990e-02
  3437.72      2.9089  6.4130e-02  6.0250e-02  5.9240e-02  8.3830e-02  8.0370e-02
  3436.22      2.9102  6.4420e-02  6.0550e-02  5.9680e-02  8.4170e-02  8.0750e-02
  3434.72      2.9114  6.4620e-02  6.0790e-02  6.0080e-02  8.4520e-02  8.1140e-02
  3433.22      2.9127  6.4870e-02  6.1100e-02  6.0480e-02  8.4870e-02  8.1530e-02
  3431.72      2.9140  6.5220e-02  6.1470e-02  6.0900e-02  8.5220e-02  8.1920e-02
  3430.22      2.9153  6.5630e-02  6.1820e-02  6.1260e-02  8.5560e-02  8.2310e-02
  3428.72      2.9165  6.6080e-02  6.2130e-02  6.1610e-02  8.5890e-02  8.2700e-02
  3427.22      2.9178  6.6500e-02  6.2500e-02  6.1970e-02  8.6220e-02  8.3080e-02
  3425.72      2.9191  6.6890e-02  6.2930e-02  6.2350e-02  8.6540e-02  8.3450e-02
  3424.22      2.9204  6.7250e-02  6.3350e-02  6.2730e-02  8.6850e-02  8.3810e-02
  3422.72      2.9217  6.7630e-02  6.3760e-02  6.3150e-02  8.7160e-02  8.4170e-02
  3421.22      2.9229  6.8060e-02  6.4180e-02  6.3600e-02  8.7470e-02  8.4510e-02
  3419.72      2.9242  6.8470e-02  6.4640e-02  6.4060e-02  8.7770e-02  8.4850e-02
  3418.22      2.9255  6.8840e-02  6.5080e-02  6.4470e-02  8.8090e-02  8.5190e-02
  3416.72      2.9268  6.9160e-02  6.5490e-02  6.4780e-02  8.8400e-02  8.5520e-02
  3415.22      2.9281  6.9460e-02  6.5880e-02  6.5040e-02  8.8720e-02  8.5860e-02
  3413.72      2.9294  6.9810e-02  6.6250e-02  6.5410e-02  8.9050e-02  8.6200e-02
  3412.22      2.9306  7.0290e-02  6.6630e-02  6.5940e-02  8.9380e-02  8.6540e-02
  3410.72      2.9319  7.0770e-02  6.7010e-02  6.6460e-02  8.9690e-02  8.6860e-02
  3409.22      2.9332  7.1140e-02  6.7370e-02  6.6890e-02  9.0010e-02  8.7200e-02
  3407.72      2.9345  7.1420e-02  6.7710e-02  6.7250e-02  9.0320e-02  8.7530e-02
  3406.22      2.9358  7.1680e-02  6.8090e-02  6.7580e-02  9.0630e-02  8.7870e-02
  3404.72      2.9371  7.1990e-02  6.8550e-02  6.7890e-02  9.0930e-02  8.8190e-02
  3403.22      2.9384  7.2380e-02  6.9010e-02  6.8170e-02  9.1210e-02  8.8520e-02
  3401.72      2.9397  7.2800e-02  6.9390e-02  6.8440e-02  9.1490e-02  8.8830e-02
  3400.22      2.9410  7.3190e-02  6.9730e-02  6.8730e-02  9.1750e-02  8.9140e-02
  3398.72      2.9423  7.3580e-02  7.0020e-02  6.9070e-02  9.2010e-02  8.9430e-02
  3397.22      2.9436  7.3990e-02  7.0260e-02  6.9430e-02  9.2280e-02  8.9730e-02
  3395.72      2.9449  7.4310e-02  7.0590e-02  6.9820e-02  9.2550e-02  9.0010e-02
  3394.21      2.9462  7.4570e-02  7.1060e-02  7.0290e-02  9.2820e-02  9.0300e-02
  3392.71      2.9475  7.4910e-02  7.1560e-02  7.0790e-02  9.3090e-02  9.0570e-02
  3391.21      2.9488  7.5290e-02  7.1960e-02  7.1230e-02  9.3370e-02  9.0850e-02
  3389.71      2.9501  7.5660e-02  7.2280e-02  7.1600e-02  9.3660e-02  9.1110e-02
  3388.21      2.9514  7.6040e-02  7.2620e-02  7.1930e-02  9.3940e-02  9.1390e-02
  3386.71      2.9527  7.6430e-02  7.3030e-02  7.2270e-02  9.4230e-02  9.1660e-02
  3385.21      2.9540  7.6830e-02  7.3460e-02  7.2630e-02  9.4510e-02  9.1940e-02
  3383.71      2.9553  7.7190e-02  7.3910e-02  7.3020e-02  9.4800e-02  9.2230e-02
  3382.21      2.9566  7.7520e-02  7.4330e-02  7.3350e-02  9.5080e-02  9.2510e-02
  3380.71      2.9580  7.7860e-02  7.4580e-02  7.3690e-02  9.5350e-02  9.2810e-02
  3379.21      2.9593  7.8260e-02  7.4740e-02  7.4130e-02  9.5620e-02  9.3110e-02
  3377.71      2.9606  7.8600e-02  7.5050e-02  7.4660e-02  9.5900e-02  9.3410e-02
  3376.21      2.9619  7.8870e-02  7.5530e-02  7.5160e-02  9.6160e-02  9.3710e-02
  3374.71      2.9632  7.9270e-02  7.6080e-02  7.5590e-02  9.6430e-02  9.4020e-02
  3373.21      2.9645  7.9810e-02  7.6580e-02  7.6000e-02  9.6690e-02  9.4320e-02
  3371.71      2.9659  8.0250e-02  7.6990e-02  7.6420e-02  9.6950e-02  9.4620e-02
  3370.21      2.9672  8.0520e-02  7.7320e-02  7.6740e-02  9.7200e-02  9.4910e-02
  3368.71      2.9685  8.0740e-02  7.7630e-02  7.6940e-02  9.7460e-02  9.5190e-02
  3367.21      2.9698  8.1030e-02  7.7940e-02  7.7140e-02  9.7700e-02  9.5470e-02
  3365.71      2.9711  8.1400e-02  7.8220e-02  7.7440e-02  9.7950e-02  9.5750e-02
  3364.21      2.9725  8.1750e-02  7.8470e-02  7.7860e-02  9.8200e-02  9.6020e-02
  3362.71      2.9738  8.2060e-02  7.8780e-02  7.8300e-02  9.8450e-02  9.6280e-02
  3361.21      2.9751  8.2420e-02  7.9150e-02  7.8740e-02  9.8690e-02  9.6530e-02
  3359.71      2.9764  8.2900e-02  7.9500e-02  7.9130e-02  9.8940e-02  9.6780e-02
  3358.21      2.9778  8.3370e-02  7.9800e-02  7.9480e-02  9.9190e-02  9.7030e-02
  3356.71      2.9791  8.3770e-02  8.0140e-02  7.9830e-02  9.9440e-02  9.7280e-02
  3355.21      2.9804  8.4100e-02  8.0670e-02  8.0210e-02  9.9690e-02  9.7530e-02
  3353.71      2.9818  8.4390e-02  8.1270e-02  8.0670e-02  9.9930e-02  9.7780e-02
  3352.21      2.9831  8.4700e-02  8.1750e-02  8.1170e-02  1.0019e-01  9.8030e-02
  3350.71      2.9844  8.5090e-02  8.2140e-02  8.1620e-02  1.0044e-01  9.8290e-02
  3349.21      2.9858  8.5490e-02  8.2560e-02  8.1960e-02  1.0069e-01  9.8540e-02
  3347.71      2.9871  8.5860e-02  8.2970e-02  8.2180e-02  1.0095e-01  9.8810e-02
  3346.21      2.9885  8.6210e-02  8.3290e-02  8.2450e-02  1.0120e-01  9.9070e-02
  3344.71      2.9898  8.6630e-02  8.3580e-02  8.2840e-02  1.0147e-01  9.9340e-02
  3343.21      2.9911  8.7100e-02  8.3940e-02  8.3300e-02  1.0172e-01  9.9600e-02
  3341.71      2.9925  8.7540e-02  8.4370e-02  8.3760e-02  1.0199e-01  9.9870e-02
  3340.21      2.9938  8.7870e-02  8.4790e-02  8.4220e-02  1.0225e-01  1.0012e-01
  3338.71      2.9952  8.8110e-02  8.5170e-02  8.4630e-02  1.0251e-01  1.0039e-01
  3337.21      2.9965  8.8380e-02  8.5540e-02  8.5000e-02  1.0277e-01  1.0065e-01
  3335.71      2.9979  8.8820e-02  8.5900e-02  8.5380e-02  1.0303e-01  1.0091e-01
  3334.21      2.9992  8.9320e-02  8.6250e-02  8.5810e-02  1.0330e-01  1.0119e-01
  3332.71      3.0006  8.9740e-02  8.6630e-02  8.6230e-02  1.0355e-01  1.0146e-01
  3331.21      3.0019  9.0080e-02  8.7070e-02  8.6590e-02  1.0382e-01  1.0174e-01
  3329.71      3.0033  9.0440e-02  8.7480e-02  8.6930e-02  1.0408e-01  1.0201e-01
  3328.21      3.0046  9.0830e-02  8.7900e-02  8.7310e-02  1.0434e-01  1.0229e-01
  3326.71      3.0060  9.1270e-02  8.8410e-02  8.7770e-02  1.0460e-01  1.0257e-01
  3325.21      3.0073  9.1760e-02  8.8980e-02  8.8280e-02  1.0487e-01  1.0285e-01
  3323.71      3.0087  9.2200e-02  8.9440e-02  8.8730e-02  1.0513e-01  1.0313e-01
  3322.21      3.0100  9.2570e-02  8.9760e-02  8.9150e-02  1.0540e-01  1.0341e-01
  3320.71      3.0114  9.2920e-02  9.0010e-02  8.9630e-02  1.0567e-01  1.0370e-01
  3319.21      3.0128  9.3240e-02  9.0360e-02  9.0110e-02  1.0595e-01  1.0398e-01
  3317.71      3.0141  9.3580e-02  9.0770e-02  9.0510e-02  1.0622e-01  1.0426e-01
  3316.21      3.0155  9.3980e-02  9.1210e-02  9.0880e-02  1.0650e-01  1.0454e-01
  3314.71      3.0169  9.4430e-02  9.1700e-02  9.1280e-02  1.0678e-01  1.0483e-01
  3313.21      3.0182  9.4850e-02  9.2240e-02  9.1760e-02  1.0706e-01  1.0511e-01
  3311.71      3.0196  9.5230e-02  9.2710e-02  9.2240e-02  1.0734e-01  1.0541e-01
  3310.21      3.0210  9.5550e-02  9.3050e-02  9.2650e-02  1.0762e-01  1.0569e-01
  3308.71      3.0223  9.5900e-02  9.3330e-02  9.3010e-02  1.0790e-01  1.0599e-01
  3307.21      3.0237  9.6280e-02  9.3640e-02  9.3400e-02  1.0818e-01  1.0629e-01
  3305.71      3.0251  9.6660e-02  9.4020e-02  9.3840e-02  1.0846e-01  1.0657e-01
  3304.21      3.0264  9.6970e-02  9.4440e-02  9.4260e-02  1.0875e-01  1.0687e-01
  3302.71      3.0278  9.7300e-02  9.4910e-02  9.4680e-02  1.0903e-01  1.0715e-01
  3301.21      3.0292  9.7730e-02  9.5410e-02  9.5100e-02  1.0931e-01  1.0744e-01
  3299.71      3.0306  9.8250e-02  9.5860e-02  9.5480e-02  1.0959e-01  1.0773e-01
  3298.21      3.0319  9.8800e-02  9.6260e-02  9.5840e-02  1.0988e-01  1.0801e-01
  3296.71      3.0333  9.9320e-02  9.6710e-02  9.6290e-02  1.1017e-01  1.0829e-01
  3295.21      3.0347  9.9710e-02  9.7210e-02  9.6770e-02  1.1046e-01  1.0858e-01
  3293.71      3.0361  1.0002e-01  9.7680e-02  9.7240e-02  1.1075e-01  1.0887e-01
  3292.21      3.0375  1.0036e-01  9.8130e-02  9.7680e-02  1.1103e-01  1.0916e-01
  3290.71      3.0389  1.0072e-01  9.8570e-02  9.8080e-02  1.1132e-01  1.0946e-01
  3289.21      3.0402  1.0109e-01  9.9010e-02  9.8450e-02  1.1160e-01  1.0977e-01
  3287.71      3.0416  1.0146e-01  9.9420e-02  9.8880e-02  1.1190e-01  1.1008e-01
  3286.21      3.0430  1.0181e-01  9.9800e-02  9.9410e-02  1.1219e-01  1.1040e-01
  3284.71      3.0444  1.0217e-01  1.0022e-01  9.9960e-02  1.1249e-01  1.1073e-01
  3283.21      3.0458  1.0257e-01  1.0069e-01  1.0043e-01  1.1277e-01  1.1107e-01
  3281.71      3.0472  1.0302e-01  1.0114e-01  1.0083e-01  1.1307e-01  1.1140e-01
  3280.21      3.0486  1.0348e-01  1.0159e-01  1.0125e-01  1.1336e-01  1.1173e-01
  3278.71      3.0500  1.0396e-01  1.0204e-01  1.0174e-01  1.1365e-01  1.1206e-01
  3277.21      3.0514  1.0447e-01  1.0251e-01  1.0222e-01  1.1395e-01  1.1239e-01
  3275.71      3.0528  1.0496e-01  1.0296e-01  1.0268e-01  1.1424e-01  1.1272e-01
  3274.21      3.0542  1.0539e-01  1.0341e-01  1.0326e-01  1.1455e-01  1.1304e-01
  3272.71      3.0556  1.0578e-01  1.0385e-01  1.0390e-01  1.1484e-01  1.1335e-01
  3271.21      3.0570  1.0615e-01  1.0427e-01  1.0439e-01  1.1515e-01  1.1367e-01
  3269.71      3.0584  1.0653e-01  1.0468e-01  1.0473e-01  1.1546e-01  1.1398e-01
  3268.21      3.0598  1.0694e-01  1.0511e-01  1.0507e-01  1.1578e-01  1.1431e-01
  3266.71      3.0612  1.0741e-01  1.0551e-01  1.0553e-01  1.1610e-01  1.1463e-01
  3265.21      3.0626  1.0791e-01  1.0595e-01  1.0606e-01  1.1644e-01  1.1496e-01
  3263.71      3.0640  1.0840e-01  1.0648e-01  1.0659e-01  1.1677e-01  1.1530e-01
  3262.21      3.0654  1.0882e-01  1.0705e-01  1.0705e-01  1.1711e-01  1.1565e-01
  3260.71      3.0668  1.0918e-01  1.0757e-01  1.0743e-01  1.1745e-01  1.1600e-01
  3259.20      3.0682  1.0954e-01  1.0803e-01  1.0777e-01  1.1779e-01  1.1636e-01
  3257.70      3.0696  1.0995e-01  1.0851e-01  1.0817e-01  1.1813e-01  1.1673e-01
  3256.20      3.0711  1.1037e-01  1.0900e-01  1.0868e-01  1.1848e-01  1.1710e-01
  3254.70      3.0725  1.1079e-01  1.0946e-01  1.0926e-01  1.1882e-01  1.1746e-01
  3253.20      3.0739  1.1127e-01  1.0994e-01  1.0984e-01  1.1916e-01  1.1784e-01
  3251.70      3.0753  1.1180e-01  1.1048e-01  1.1039e-01  1.1949e-01  1.1820e-01
  3250.20      3.0767  1.1234e-01  1.1097e-01  1.1093e-01  1.1984e-01  1.1857e-01
  3248.70      3.0782  1.1282e-01  1.1143e-01  1.1142e-01  1.2018e-01  1.1895e-01
  3247.20      3.0796  1.1323e-01  1.1202e-01  1.1191e-01  1.2053e-01  1.1932e-01
  3245.70      3.0810  1.1368e-01  1.1264e-01  1.1244e-01  1.2088e-01  1.1968e-01
  3244.20      3.0824  1.1418e-01  1.1320e-01  1.1298e-01  1.2124e-01  1.2005e-01
  3242.70      3.0838  1.1467e-01  1.1370e-01  1.1348e-01  1.2158e-01  1.2040e-01
  3241.20      3.0853  1.1509e-01  1.1415e-01  1.1401e-01  1.2194e-01  1.2077e-01
  3239.70      3.0867  1.1550e-01  1.1451e-01  1.1449e-01  1.2231e-01  1.2113e-01
  3238.20      3.0881  1.1592e-01  1.1484e-01  1.1489e-01  1.2267e-01  1.2149e-01
  3236.70      3.0896  1.1637e-01  1.1531e-01  1.1534e-01  1.2303e-01  1.2185e-01
  3235.20      3.0910  1.1685e-01  1.1585e-01  1.1590e-01  1.2339e-01  1.2220e-01
  3233.70      3.0924  1.1737e-01  1.1637e-01  1.1646e-01  1.2374e-01  1.2256e-01
  3232.20      3.0939  1.1791e-01  1.1684e-01  1.1701e-01  1.2409e-01  1.2291e-01
  3230.70      3.0953  1.1840e-01  1.1733e-01  1.1752e-01  1.2444e-01  1.2327e-01
  3229.20      3.0967  1.1882e-01  1.1783e-01  1.1796e-01  1.2479e-01  1.2362e-01
  3227.70      3.0982  1.1927e-01  1.1832e-01  1.1839e-01  1.2514e-01  1.2399e-01
  3226.20      3.0996  1.1977e-01  1.1887e-01  1.1890e-01  1.2548e-01  1.2436e-01
  3224.70      3.1011  1.2021e-01  1.1944e-01  1.1950e-01  1.2582e-01  1.2472e-01
  3223.20      3.1025  1.2058e-01  1.1995e-01  1.2008e-01  1.2617e-01  1.2510e-01
  3221.70      3.1039  1.2098e-01  1.2040e-01  1.2061e-01  1.2651e-01  1.2546e-01
  3220.20      3.1054  1.2148e-01  1.2088e-01  1.2117e-01  1.2685e-01  1.2582e-01
  3218.70      3.1068  1.2200e-01  1.2139e-01  1.2170e-01  1.2719e-01  1.2619e-01
  3217.20      3.1083  1.2247e-01  1.2189e-01  1.2219e-01  1.2754e-01  1.2655e-01
  3215.70      3.1097  1.2291e-01  1.2238e-01  1.2265e-01  1.2787e-01  1.2692e-01
  3214.20      3.1112  1.2337e-01  1.2286e-01  1.2307e-01  1.2821e-01  1.2727e-01
  3212.70      3.1126  1.2382e-01  1.2333e-01  1.2350e-01  1.2855e-01  1.2764e-01
  3211.20      3.1141  1.2421e-01  1.2388e-01  1.2403e-01  1.2890e-01  1.2800e-01
  3209.70      3.1156  1.2464e-01  1.2452e-01  1.2466e-01  1.2925e-01  1.2836e-01
  3208.20      3.1170  1.2518e-01  1.2515e-01  1.2529e-01  1.2959e-01  1.2872e-01
  3206.70      3.1185  1.2570e-01  1.2573e-01  1.2583e-01  1.2995e-01  1.2909e-01
  3205.20      3.1199  1.2621e-01  1.2624e-01  1.2638e-01  1.3031e-01  1.2946e-01
  3203.70      3.1214  1.2677e-01  1.2673e-01  1.2696e-01  1.3067e-01  1.2983e-01
  3202.20      3.1229  1.2730e-01  1.2719e-01  1.2751e-01  1.3104e-01  1.3020e-01
  3200.70      3.1243  1.2775e-01  1.2762e-01  1.2799e-01  1.3140e-01  1.3056e-01
  3199.20      3.1258  1.2824e-01  1.2809e-01  1.2844e-01  1.3177e-01  1.3093e-01
  3197.70      3.1272  1.2869e-01  1.2861e-01  1.2897e-01  1.3214e-01  1.3129e-01
  3196.20      3.1287  1.2906e-01  1.2916e-01  1.2958e-01  1.3251e-01  1.3166e-01
  3194.70      3.1302  1.2946e-01  1.2968e-01  1.3018e-01  1.3288e-01  1.3201e-01
  3193.20      3.1317  1.2990e-01  1.3018e-01  1.3074e-01  1.3326e-01  1.3238e-01
  3191.70      3.1331  1.3032e-01  1.3068e-01  1.3123e-01  1.3364e-01  1.3276e-01
  3190.20      3.1346  1.3075e-01  1.3119e-01  1.3166e-01  1.3402e-01  1.3314e-01
  3188.70      3.1361  1.3125e-01  1.3174e-01  1.3207e-01  1.3439e-01  1.3353e-01
  3187.20      3.1376  1.3173e-01  1.3234e-01  1.3252e-01  1.3476e-01  1.3392e-01
  3185.70      3.1390  1.3220e-01  1.3297e-01  1.3304e-01  1.3513e-01  1.3431e-01
  3184.20      3.1405  1.3267e-01  1.3354e-01  1.3363e-01  1.3549e-01  1.3470e-01
  3182.70      3.1420  1.3314e-01  1.3401e-01  1.3423e-01  1.3586e-01  1.3509e-01
  3181.20      3.1435  1.3363e-01  1.3440e-01  1.3476e-01  1.3621e-01  1.3548e-01
  3179.70      3.1450  1.3413e-01  1.3485e-01  1.3526e-01  1.3656e-01  1.3585e-01
  3178.20      3.1464  1.3459e-01  1.3537e-01  1.3577e-01  1.3691e-01  1.3624e-01
  3176.70      3.1479  1.3498e-01  1.3591e-01  1.3631e-01  1.3726e-01  1.3661e-01
  3175.20      3.1494  1.3538e-01  1.3648e-01  1.3686e-01  1.3761e-01  1.3698e-01
  3173.70      3.1509  1.3588e-01  1.3715e-01  1.3746e-01  1.3795e-01  1.3736e-01
  3172.20      3.1524  1.3647e-01  1.3777e-01  1.3815e-01  1.3830e-01  1.3773e-01
  3170.70      3.1539  1.3706e-01  1.3822e-01  1.3882e-01  1.3866e-01  1.3812e-01
  3169.20      3.1554  1.3755e-01  1.3864e-01  1.3935e-01  1.3902e-01  1.3851e-01
  3167.70      3.1569  1.3793e-01  1.3915e-01  1.3980e-01  1.3938e-01  1.3890e-01
  3166.20      3.1584  1.3830e-01  1.3977e-01  1.4022e-01  1.3974e-01  1.3930e-01
  3164.70      3.1599  1.3873e-01  1.4037e-01  1.4063e-01  1.4010e-01  1.3971e-01
  3163.20      3.1614  1.3920e-01  1.4088e-01  1.4114e-01  1.4046e-01  1.4011e-01
  3161.70      3.1629  1.3967e-01  1.4132e-01  1.4179e-01  1.4082e-01  1.4052e-01
  3160.20      3.1644  1.4019e-01  1.4181e-01  1.4246e-01  1.4118e-01  1.4093e-01
  3158.70      3.1659  1.4075e-01  1.4237e-01  1.4300e-01  1.4153e-01  1.4134e-01
  3157.20      3.1674  1.4126e-01  1.4295e-01  1.4354e-01  1.4188e-01  1.4174e-01
  3155.70      3.1689  1.4172e-01  1.4352e-01  1.4418e-01  1.4223e-01  1.4215e-01
  3154.20      3.1704  1.4218e-01  1.4411e-01  1.4484e-01  1.4258e-01  1.4254e-01
  3152.70      3.1719  1.4265e-01  1.4467e-01  1.4536e-01  1.4294e-01  1.4294e-01
  3151.20      3.1734  1.4307e-01  1.4513e-01  1.4575e-01  1.4328e-01  1.4334e-01
  3149.70      3.1749  1.4349e-01  1.4559e-01  1.4620e-01  1.4362e-01  1.4373e-01
  3148.20      3.1764  1.4398e-01  1.4615e-01  1.4675e-01  1.4398e-01  1.4414e-01
  3146.70      3.1779  1.4445e-01  1.4671e-01  1.4734e-01  1.4434e-01  1.4454e-01
  3145.20      3.1795  1.4488e-01  1.4723e-01  1.4795e-01  1.4469e-01  1.4494e-01
  3143.70      3.1810  1.4536e-01  1.4772e-01  1.4850e-01  1.4505e-01  1.4535e-01
  3142.20      3.1825  1.4593e-01  1.4825e-01  1.4899e-01  1.4541e-01  1.4576e-01
  3140.70      3.1840  1.4651e-01  1.4884e-01  1.4952e-01  1.4577e-01  1.4616e-01
  3139.20      3.1855  1.4696e-01  1.4941e-01  1.5007e-01  1.4613e-01  1.4657e-01
  3137.70      3.1871  1.4727e-01  1.4990e-01  1.5058e-01  1.4648e-01  1.4697e-01
  3136.20      3.1886  1.4757e-01  1.5034e-01  1.5109e-01  1.4684e-01  1.4738e-01
  3134.70      3.1901  1.4799e-01  1.5083e-01  1.5162e-01  1.4721e-01  1.4777e-01
  3133.20      3.1916  1.4852e-01  1.5139e-01  1.5218e-01  1.4758e-01  1.4818e-01
  3131.70      3.1932  1.4904e-01  1.5200e-01  1.5278e-01  1.4794e-01  1.4857e-01
  3130.20      3.1947  1.4947e-01  1.5252e-01  1.5339e-01  1.4832e-01  1.4897e-01
  3128.70      3.1962  1.4983e-01  1.5294e-01  1.5390e-01  1.4870e-01  1.4936e-01
  3127.20      3.1978  1.5023e-01  1.5340e-01  1.5433e-01  1.4908e-01  1.4974e-01
  3125.69      3.1993  1.5071e-01  1.5397e-01  1.5483e-01  1.4946e-01  1.5012e-01
  3124.19      3.2008  1.5123e-01  1.5463e-01  1.5540e-01  1.4982e-01  1.5050e-01
  3122.69      3.2024  1.5180e-01  1.5534e-01  1.5601e-01  1.5018e-01  1.5087e-01
  3121.19      3.2039  1.5245e-01  1.5602e-01  1.5670e-01  1.5053e-01  1.5125e-01
  3119.69      3.2054  1.5301e-01  1.5648e-01  1.5737e-01  1.5088e-01  1.5161e-01
  3118.19      3.2070  1.5338e-01  1.5674e-01  1.5790e-01  1.5121e-01  1.5197e-01
  3116.69      3.2085  1.5361e-01  1.5703e-01  1.5832e-01  1.5153e-01  1.5231e-01
  3115.19      3.2101  1.5386e-01  1.5753e-01  1.5877e-01  1.5184e-01  1.5266e-01
  3113.69      3.2116  1.5427e-01  1.5813e-01  1.5925e-01  1.5215e-01  1.5301e-01
  3112.19      3.2132  1.5478e-01  1.5864e-01  1.5972e-01  1.5248e-01  1.5336e-01
  3110.69      3.2147  1.5527e-01  1.5905e-01  1.6018e-01  1.5279e-01  1.5371e-01
  3109.19      3.2163  1.5572e-01  1.5948e-01  1.6070e-01  1.5312e-01  1.5406e-01
  3107.69      3.2178  1.5608e-01  1.5999e-01  1.6123e-01  1.5345e-01  1.5441e-01
  3106.19      3.2194  1.5638e-01  1.6055e-01  1.6176e-01  1.5378e-01  1.5476e-01
  3104.69      3.2209  1.5677e-01  1.6110e-01  1.6233e-01  1.5411e-01  1.5512e-01
  3103.19      3.2225  1.5731e-01  1.6168e-01  1.6289e-01  1.5445e-01  1.5549e-01
  3101.69      3.2240  1.5790e-01  1.6228e-01  1.6343e-01  1.5478e-01  1.5586e-01
  3100.19      3.2256  1.5837e-01  1.6278e-01  1.6393e-01  1.5512e-01  1.5624e-01
  3098.69      3.2272  1.5868e-01  1.6315e-01  1.6436e-01  1.5546e-01  1.5661e-01
  3097.19      3.2287  1.5902e-01  1.6357e-01  1.6484e-01  1.5578e-01  1.5698e-01
  3095.69      3.2303  1.5951e-01  1.6415e-01  1.6537e-01  1.5611e-01  1.5736e-01
  3094.19      3.2319  1.6003e-01  1.6478e-01  1.6586e-01  1.5643e-01  1.5774e-01
  3092.69      3.2334  1.6038e-01  1.6528e-01  1.6636e-01  1.5675e-01  1.5812e-01
  3091.19      3.2350  1.6069e-01  1.6567e-01  1.6693e-01  1.5707e-01  1.5850e-01
  3089.69      3.2366  1.6106e-01  1.6609e-01  1.6751e-01  1.5738e-01  1.5887e-01
  3088.19      3.2381  1.6148e-01  1.6653e-01  1.6803e-01  1.5769e-01  1.5923e-01
  3086.69      3.2397  1.6193e-01  1.6698e-01  1.6851e-01  1.5798e-01  1.5959e-01
  3085.19      3.2413  1.6240e-01  1.6752e-01  1.6900e-01  1.5828e-01  1.5994e-01
  3083.69      3.2429  1.6283e-01  1.6809e-01  1.6950e-01  1.5857e-01  1.6028e-01
  3082.19      3.2444  1.6324e-01  1.6861e-01  1.6999e-01  1.5886e-01  1.6062e-01
  3080.69      3.2460  1.6364e-01  1.6909e-01  1.7045e-01  1.5914e-01  1.6097e-01
  3079.19      3.2476  1.6392e-01  1.6950e-01  1.7094e-01  1.5943e-01  1.6130e-01
  3077.69      3.2492  1.6410e-01  1.6982e-01  1.7142e-01  1.5971e-01  1.6163e-01
  3076.19      3.2508  1.6438e-01  1.7012e-01  1.7182e-01  1.5999e-01  1.6197e-01
  3074.69      3.2524  1.6477e-01  1.7051e-01  1.7215e-01  1.6028e-01  1.6230e-01
  3073.19      3.2539  1.6515e-01  1.7102e-01  1.7254e-01  1.6057e-01  1.6265e-01
  3071.69      3.2555  1.6553e-01  1.7154e-01  1.7306e-01  1.6088e-01  1.6299e-01
  3070.19      3.2571  1.6601e-01  1.7194e-01  1.7361e-01  1.6118e-01  1.6332e-01
  3068.69      3.2587  1.6653e-01  1.7234e-01  1.7411e-01  1.6148e-01  1.6366e-01
  3067.19      3.2603  1.6697e-01  1.7278e-01  1.7456e-01  1.6177e-01  1.6399e-01
  3065.69      3.2619  1.6727e-01  1.7322e-01  1.7494e-01  1.6207e-01  1.6432e-01
  3064.19      3.2635  1.6750e-01  1.7367e-01  1.7530e-01  1.6237e-01  1.6464e-01
  3062.69      3.2651  1.6768e-01  1.7410e-01  1.7570e-01  1.6265e-01  1.6497e-01
  3061.19      3.2667  1.6796e-01  1.7448e-01  1.7616e-01  1.6294e-01  1.6530e-01
  3059.69      3.2683  1.6845e-01  1.7488e-01  1.7667e-01  1.6322e-01  1.6563e-01
  3058.19      3.2699  1.6902e-01  1.7539e-01  1.7722e-01  1.6351e-01  1.6595e-01
  3056.69      3.2715  1.6948e-01  1.7595e-01  1.7779e-01  1.6379e-01  1.6628e-01
  3055.19      3.2731  1.6982e-01  1.7651e-01  1.7833e-01  1.6407e-01  1.6659e-01
  3053.69      3.2747  1.7016e-01  1.7705e-01  1.7882e-01  1.6434e-01  1.6691e-01
  3052.19      3.2763  1.7053e-01  1.7757e-01  1.7925e-01  1.6462e-01  1.6722e-01
  3050.69      3.2779  1.7091e-01  1.7801e-01  1.7971e-01  1.6490e-01  1.6754e-01
  3049.19      3.2796  1.7129e-01  1.7827e-01  1.8023e-01  1.6518e-01  1.6784e-01
  3047.69      3.2812  1.7172e-01  1.7848e-01  1.8075e-01  1.6545e-01  1.6814e-01
  3046.19      3.2828  1.7213e-01  1.7882e-01  1.8120e-01  1.6573e-01  1.6844e-01
  3044.69      3.2844  1.7249e-01  1.7931e-01  1.8159e-01  1.6600e-01  1.6874e-01
  3043.19      3.2860  1.7286e-01  1.7980e-01  1.8196e-01  1.6626e-01  1.6905e-01
  3041.69      3.2876  1.7312e-01  1.8021e-01  1.8230e-01  1.6653e-01  1.6934e-01
  3040.19      3.2893  1.7324e-01  1.8058e-01  1.8257e-01  1.6678e-01  1.6964e-01
  3038.69      3.2909  1.7344e-01  1.8100e-01  1.8291e-01  1.6705e-01  1.6993e-01
  3037.19      3.2925  1.7379e-01  1.8143e-01  1.8345e-01  1.6731e-01  1.7024e-01
  3035.69      3.2941  1.7418e-01  1.8182e-01  1.8402e-01  1.6757e-01  1.7053e-01
  3034.19      3.2958  1.7445e-01  1.8215e-01  1.8444e-01  1.6782e-01  1.7084e-01
  3032.69      3.2974  1.7463e-01  1.8251e-01  1.8478e-01  1.6808e-01  1.7113e-01
  3031.19      3.2990  1.7486e-01  1.8296e-01  1.8513e-01  1.6833e-01  1.7143e-01
  3029.69      3.3007  1.7522e-01  1.8343e-01  1.8552e-01  1.6858e-01  1.7172e-01
  3028.19      3.3023  1.7565e-01  1.8387e-01  1.8599e-01  1.6884e-01  1.7203e-01
  3026.69      3.3039  1.7603e-01  1.8426e-01  1.8654e-01  1.6910e-01  1.7234e-01
  3025.19      3.3056  1.7634e-01  1.8463e-01  1.8704e-01  1.6937e-01  1.7266e-01
  3023.69      3.3072  1.7673e-01  1.8500e-01  1.8741e-01  1.6963e-01  1.7297e-01
  3022.19      3.3089  1.7720e-01  1.8541e-01  1.8773e-01  1.6989e-01  1.7326e-01
  3020.69      3.3105  1.7760e-01  1.8587e-01  1.8811e-01  1.7014e-01  1.7356e-01
  3019.19      3.3122  1.7787e-01  1.8633e-01  1.8855e-01  1.7039e-01  1.7386e-01
  3017.69      3.3138  1.7817e-01  1.8674e-01  1.8900e-01  1.7064e-01  1.7414e-01
  3016.19      3.3154  1.7852e-01  1.8712e-01  1.8947e-01  1.7088e-01  1.7441e-01
  3014.69      3.3171  1.7882e-01  1.8749e-01  1.8988e-01  1.7112e-01  1.7468e-01
  3013.19      3.3187  1.7902e-01  1.8776e-01  1.9018e-01  1.7135e-01  1.7494e-01
  3011.69      3.3204  1.7923e-01  1.8796e-01  1.9040e-01  1.7158e-01  1.7518e-01
  3010.19      3.3221  1.7949e-01  1.8819e-01  1.9069e-01  1.7181e-01  1.7543e-01
  3008.69      3.3237  1.7977e-01  1.8854e-01  1.9111e-01  1.7204e-01  1.7569e-01
  3007.19      3.3254  1.8011e-01  1.8891e-01  1.9159e-01  1.7227e-01  1.7594e-01
  3005.69      3.3270  1.8054e-01  1.8930e-01  1.9199e-01  1.7251e-01  1.7620e-01
  3004.19      3.3287  1.8093e-01  1.8974e-01  1.9237e-01  1.7274e-01  1.7648e-01
  3002.69      3.3304  1.8122e-01  1.9020e-01  1.9279e-01  1.7298e-01  1.7676e-01
  3001.19      3.3320  1.8148e-01  1.9062e-01  1.9325e-01  1.7322e-01  1.7704e-01
  2999.69      3.3337  1.8177e-01  1.9100e-01  1.9370e-01  1.7345e-01  1.7732e-01
  2998.19      3.3354  1.8207e-01  1.9137e-01  1.9409e-01  1.7368e-01  1.7760e-01
  2996.69      3.3370  1.8235e-01  1.9170e-01  1.9447e-01  1.7390e-01  1.7787e-01
  2995.19      3.3387  1.8261e-01  1.9208e-01  1.9483e-01  1.7411e-01  1.7814e-01
  2993.69      3.3404  1.8285e-01  1.9247e-01  1.9512e-01  1.7431e-01  1.7839e-01
  2992.19      3.3420  1.8307e-01  1.9273e-01  1.9538e-01  1.7451e-01  1.7864e-01
  2990.68      3.3437  1.8330e-01  1.9292e-01  1.9565e-01  1.7470e-01  1.7888e-01
  2989.18      3.3454  1.8351e-01  1.9317e-01  1.9598e-01  1.7488e-01  1.7910e-01
  2987.68      3.3471  1.8367e-01  1.9351e-01  1.9633e-01  1.7506e-01  1.7931e-01
  2986.18      3.3488  1.8387e-01  1.9390e-01  1.9669e-01  1.7523e-01  1.7951e-01
  2984.68      3.3504  1.8415e-01  1.9430e-01  1.9698e-01  1.7540e-01  1.7972e-01
  2983.18      3.3521  1.8447e-01  1.9462e-01  1.9726e-01  1.7555e-01  1.7992e-01
  2981.68      3.3538  1.8473e-01  1.9485e-01  1.9758e-01  1.7571e-01  1.8011e-01
  2980.18      3.3555  1.8493e-01  1.9505e-01  1.9788e-01  1.7586e-01  1.8029e-01
  2978.68      3.3572  1.8509e-01  1.9526e-01  1.9811e-01  1.7601e-01  1.8047e-01
  2977.18      3.3589  1.8525e-01  1.9554e-01  1.9840e-01  1.7615e-01  1.8066e-01
  2975.68      3.3606  1.8540e-01  1.9591e-01  1.9878e-01  1.7629e-01  1.8083e-01
  2974.18      3.3623  1.8553e-01  1.9626e-01  1.9906e-01  1.7643e-01  1.8101e-01
  2972.68      3.3640  1.8568e-01  1.9651e-01  1.9927e-01  1.7657e-01  1.8119e-01
  2971.18      3.3657  1.8588e-01  1.9673e-01  1.9948e-01  1.7671e-01  1.8136e-01
  2969.68      3.3674  1.8617e-01  1.9692e-01  1.9968e-01  1.7685e-01  1.8154e-01
  2968.18      3.3691  1.8651e-01  1.9706e-01  1.9990e-01  1.7700e-01  1.8172e-01
  2966.68      3.3708  1.8682e-01  1.9725e-01  2.0018e-01  1.7715e-01  1.8190e-01
  2965.18      3.3725  1.8707e-01  1.9753e-01  2.0058e-01  1.7729e-01  1.8208e-01
  2963.68      3.3742  1.8725e-01  1.9783e-01  2.0101e-01  1.7744e-01  1.8226e-01
  2962.18      3.3759  1.8729e-01  1.9803e-01  2.0133e-01  1.7759e-01  1.8243e-01
  2960.68      3.3776  1.8728e-01  1.9819e-01  2.0151e-01  1.7774e-01  1.8259e-01
  2959.18      3.3793  1.8740e-01  1.9841e-01  2.0163e-01  1.7788e-01  1.8276e-01
  2957.68      3.3810  1.8769e-01  1.9870e-01  2.0182e-01  1.7803e-01  1.8292e-01
  2956.18      3.3827  1.8801e-01  1.9901e-01  2.0211e-01  1.7818e-01  1.8309e-01
  2954.68      3.3845  1.8827e-01  1.9933e-01  2.0251e-01  1.7831e-01  1.8325e-01
  2953.18      3.3862  1.8844e-01  1.9961e-01  2.0289e-01  1.7845e-01  1.8341e-01
  2951.68      3.3879  1.8852e-01  1.9982e-01  2.0316e-01  1.7857e-01  1.8355e-01
  2950.18      3.3896  1.8866e-01  2.0010e-01  2.0337e-01  1.7869e-01  1.8369e-01
  2948.68      3.3913  1.8897e-01  2.0042e-01  2.0359e-01  1.7880e-01  1.8383e-01
  2947.18      3.3931  1.8934e-01  2.0073e-01  2.0388e-01  1.7892e-01  1.8398e-01
  2945.68      3.3948  1.8962e-01  2.0101e-01  2.0417e-01  1.7903e-01  1.8412e-01
  2944.18      3.3965  1.8981e-01  2.0124e-01  2.0434e-01  1.7915e-01  1.8427e-01
  2942.68      3.3983  1.8988e-01  2.0135e-01  2.0450e-01  1.7926e-01  1.8441e-01
  2941.18      3.4000  1.8991e-01  2.0148e-01  2.0479e-01  1.7937e-01  1.8456e-01
  2939.68      3.4017  1.8998e-01  2.0172e-01  2.0507e-01  1.7947e-01  1.8471e-01
  2938.18      3.4035  1.9010e-01  2.0197e-01  2.0525e-01  1.7958e-01  1.8485e-01
  2936.68      3.4052  1.9020e-01  2.0218e-01  2.0549e-01  1.7967e-01  1.8500e-01
  2935.18      3.4069  1.9039e-01  2.0234e-01  2.0579e-01  1.7975e-01  1.8513e-01
  2933.68      3.4087  1.9067e-01  2.0251e-01  2.0609e-01  1.7983e-01  1.8525e-01
  2932.18      3.4104  1.9092e-01  2.0279e-01  2.0641e-01  1.7987e-01  1.8535e-01
  2930.68      3.4122  1.9104e-01  2.0308e-01  2.0666e-01  1.7991e-01  1.8544e-01
  2929.18      3.4139  1.9106e-01  2.0318e-01  2.0670e-01  1.7993e-01  1.8550e-01
  2927.68      3.4157  1.9102e-01  2.0309e-01  2.0664e-01  1.7992e-01  1.8555e-01
  2926.18      3.4174  1.9095e-01  2.0306e-01  2.0668e-01  1.7990e-01  1.8557e-01
  2924.68      3.4192  1.9087e-01  2.0317e-01  2.0684e-01  1.7986e-01  1.8557e-01
  2923.18      3.4209  1.9082e-01  2.0336e-01  2.0695e-01  1.7982e-01  1.8555e-01
  2921.68      3.4227  1.9079e-01  2.0348e-01  2.0699e-01  1.7975e-01  1.8551e-01
  2920.18      3.4244  1.9077e-01  2.0349e-01  2.0704e-01  1.7969e-01  1.8546e-01
  2918.68      3.4262  1.9074e-01  2.0343e-01  2.0708e-01  1.7963e-01  1.8541e-01
  2917.18      3.4280  1.9072e-01  2.0338e-01  2.0706e-01  1.7958e-01  1.8534e-01
  2915.68      3.4297  1.9080e-01  2.0333e-01  2.0701e-01  1.7952e-01  1.8528e-01
  2914.18      3.4315  1.9094e-01  2.0325e-01  2.0698e-01  1.7948e-01  1.8521e-01
  2912.68      3.4333  1.9104e-01  2.0319e-01  2.0694e-01  1.7944e-01  1.8515e-01
  2911.18      3.4350  1.9104e-01  2.0322e-01  2.0688e-01  1.7941e-01  1.8511e-01
  2909.68      3.4368  1.9095e-01  2.0332e-01  2.0688e-01  1.7940e-01  1.8509e-01
  2908.18      3.4386  1.9087e-01  2.0348e-01  2.0700e-01  1.7941e-01  1.8508e-01
  2906.68      3.4404  1.9088e-01  2.0371e-01  2.0721e-01  1.7942e-01  1.8509e-01
  2905.18      3.4421  1.9101e-01  2.0394e-01  2.0744e-01  1.7944e-01  1.8511e-01
  2903.68      3.4439  1.9116e-01  2.0406e-01  2.0765e-01  1.7948e-01  1.8516e-01
  2902.18      3.4457  1.9128e-01  2.0415e-01  2.0776e-01  1.7951e-01  1.8521e-01
  2900.68      3.4475  1.9137e-01  2.0428e-01  2.0780e-01  1.7954e-01  1.8528e-01
  2899.18      3.4493  1.9142e-01  2.0441e-01  2.0789e-01  1.7957e-01  1.8534e-01
  2897.68      3.4510  1.9144e-01  2.0450e-01  2.0806e-01  1.7960e-01  1.8540e-01
  2896.18      3.4528  1.9142e-01  2.0454e-01  2.0816e-01  1.7962e-01  1.8545e-01
  2894.68      3.4546  1.9140e-01  2.0449e-01  2.0820e-01  1.7964e-01  1.8551e-01
  2893.18      3.4564  1.9141e-01  2.0442e-01  2.0829e-01  1.7965e-01  1.8556e-01
  2891.68      3.4582  1.9154e-01  2.0445e-01  2.0845e-01  1.7965e-01  1.8559e-01
  2890.18      3.4600  1.9165e-01  2.0458e-01  2.0859e-01  1.7966e-01  1.8564e-01
  2888.68      3.4618  1.9164e-01  2.0468e-01  2.0865e-01  1.7967e-01  1.8567e-01
  2887.18      3.4636  1.9160e-01  2.0477e-01  2.0868e-01  1.7967e-01  1.8570e-01
  2885.68      3.4654  1.9164e-01  2.0491e-01  2.0872e-01  1.7969e-01  1.8573e-01
  2884.18      3.4672  1.9175e-01  2.0506e-01  2.0878e-01  1.7969e-01  1.8574e-01
  2882.68      3.4690  1.9185e-01  2.0519e-01  2.0886e-01  1.7969e-01  1.8577e-01
  2881.18      3.4708  1.9191e-01  2.0530e-01  2.0897e-01  1.7968e-01  1.8578e-01
  2879.68      3.4726  1.9197e-01  2.0538e-01  2.0907e-01  1.7968e-01  1.8579e-01
  2878.18      3.4744  1.9205e-01  2.0544e-01  2.0918e-01  1.7967e-01  1.8579e-01
  2876.68      3.4762  1.9214e-01  2.0552e-01  2.0937e-01  1.7965e-01  1.8578e-01
  2875.18      3.4780  1.9218e-01  2.0563e-01  2.0955e-01  1.7962e-01  1.8577e-01
  2873.68      3.4799  1.9214e-01  2.0561e-01  2.0952e-01  1.7959e-01  1.8576e-01
  2872.18      3.4817  1.9200e-01  2.0547e-01  2.0933e-01  1.7953e-01  1.8573e-01
  2870.68      3.4835  1.9187e-01  2.0533e-01  2.0915e-01  1.7948e-01  1.8572e-01
  2869.18      3.4853  1.9179e-01  2.0531e-01  2.0914e-01  1.7943e-01  1.8569e-01
  2867.68      3.4871  1.9170e-01  2.0533e-01  2.0925e-01  1.7936e-01  1.8567e-01
  2866.18      3.4890  1.9159e-01  2.0532e-01  2.0931e-01  1.7930e-01  1.8565e-01
  2864.68      3.4908  1.9152e-01  2.0530e-01  2.0927e-01  1.7923e-01  1.8561e-01
  2863.18      3.4926  1.9151e-01  2.0535e-01  2.0932e-01  1.7914e-01  1.8556e-01
  2861.68      3.4945  1.9153e-01  2.0545e-01  2.0945e-01  1.7905e-01  1.8549e-01
  2860.18      3.4963  1.9147e-01  2.0551e-01  2.0944e-01  1.7895e-01  1.8540e-01
  2858.68      3.4981  1.9128e-01  2.0548e-01  2.0928e-01  1.7883e-01  1.8529e-01
  2857.17      3.5000  1.9105e-01  2.0533e-01  2.0919e-01  1.7870e-01  1.8516e-01
  2855.67      3.5018  1.9093e-01  2.0516e-01  2.0917e-01  1.7856e-01  1.8501e-01
  2854.17      3.5036  1.9087e-01  2.0504e-01  2.0906e-01  1.7840e-01  1.8484e-01
  2852.67      3.5055  1.9077e-01  2.0489e-01  2.0884e-01  1.7825e-01  1.8465e-01
  2851.17      3.5073  1.9063e-01  2.0469e-01  2.0867e-01  1.7808e-01  1.8446e-01
  2849.67      3.5092  1.9051e-01  2.0453e-01  2.0855e-01  1.7793e-01  1.8426e-01
  2848.17      3.5110  1.9038e-01  2.0433e-01  2.0837e-01  1.7776e-01  1.8407e-01
  2846.67      3.5129  1.9024e-01  2.0405e-01  2.0805e-01  1.7761e-01  1.8388e-01
  2845.17      3.5147  1.9015e-01  2.0385e-01  2.0782e-01  1.7745e-01  1.8371e-01
  2843.67      3.5166  1.9014e-01  2.0378e-01  2.0784e-01  1.7731e-01  1.8356e-01
  2842.17      3.5184  1.9022e-01  2.0387e-01  2.0802e-01  1.7718e-01  1.8342e-01
  2840.67      3.5203  1.9025e-01  2.0402e-01  2.0818e-01  1.7705e-01  1.8330e-01
  2839.17      3.5222  1.9013e-01  2.0406e-01  2.0811e-01  1.7691e-01  1.8317e-01
  2837.67      3.5240  1.8991e-01  2.0390e-01  2.0790e-01  1.7678e-01  1.8307e-01
  2836.17      3.5259  1.8976e-01  2.0375e-01  2.0781e-01  1.7665e-01  1.8296e-01
  2834.67      3.5277  1.8969e-01  2.0372e-01  2.0783e-01  1.7652e-01  1.8285e-01
  2833.17      3.5296  1.8963e-01  2.0367e-01  2.0781e-01  1.7640e-01  1.8274e-01
  2831.67      3.5315  1.8958e-01  2.0358e-01  2.0777e-01  1.7627e-01  1.8264e-01
  2830.17      3.5334  1.8952e-01  2.0348e-01  2.0775e-01  1.7615e-01  1.8252e-01
  2828.67      3.5352  1.8943e-01  2.0341e-01  2.0772e-01  1.7602e-01  1.8241e-01
  2827.17      3.5371  1.8934e-01  2.0337e-01  2.0767e-01  1.7590e-01  1.8229e-01
  2825.67      3.5390  1.8926e-01  2.0339e-01  2.0764e-01  1.7577e-01  1.8217e-01
  2824.17      3.5409  1.8922e-01  2.0340e-01  2.0758e-01  1.7566e-01  1.8205e-01
  2822.67      3.5427  1.8919e-01  2.0335e-01  2.0747e-01  1.7555e-01  1.8192e-01
  2821.17      3.5446  1.8915e-01  2.0322e-01  2.0732e-01  1.7543e-01  1.8179e-01
  2819.67      3.5465  1.8904e-01  2.0313e-01  2.0716e-01  1.7531e-01  1.8165e-01
  2818.17      3.5484  1.8890e-01  2.0303e-01  2.0705e-01  1.7518e-01  1.8151e-01
  2816.67      3.5503  1.8880e-01  2.0290e-01  2.0699e-01  1.7504e-01  1.8136e-01
  2815.17      3.5522  1.8869e-01  2.0281e-01  2.0695e-01  1.7490e-01  1.8120e-01
  2813.67      3.5541  1.8852e-01  2.0274e-01  2.0691e-01  1.7475e-01  1.8103e-01
  2812.17      3.5560  1.8838e-01  2.0260e-01  2.0687e-01  1.7460e-01  1.8086e-01
  2810.67      3.5579  1.8827e-01  2.0242e-01  2.0674e-01  1.7443e-01  1.8068e-01
  2809.17      3.5598  1.8815e-01  2.0225e-01  2.0652e-01  1.7426e-01  1.8049e-01
  2807.67      3.5617  1.8800e-01  2.0215e-01  2.0631e-01  1.7408e-01  1.8030e-01
  2806.17      3.5636  1.8782e-01  2.0207e-01  2.0617e-01  1.7390e-01  1.8011e-01
  2804.67      3.5655  1.8763e-01  2.0195e-01  2.0606e-01  1.7371e-01  1.7992e-01
  2803.17      3.5674  1.8747e-01  2.0181e-01  2.0596e-01  1.7352e-01  1.7972e-01
  2801.67      3.5693  1.8734e-01  2.0168e-01  2.0579e-01  1.7333e-01  1.7954e-01
  2800.17      3.5712  1.8716e-01  2.0151e-01  2.0555e-01  1.7312e-01  1.7933e-01
  2798.67      3.5731  1.8687e-01  2.0126e-01  2.0532e-01  1.7291e-01  1.7913e-01
  2797.17      3.5750  1.8655e-01  2.0094e-01  2.0511e-01  1.7269e-01  1.7894e-01
  2795.67      3.5770  1.8626e-01  2.0065e-01  2.0491e-01  1.7247e-01  1.7873e-01
  2794.17      3.5789  1.8608e-01  2.0047e-01  2.0471e-01  1.7226e-01  1.7853e-01
  2792.67      3.5808  1.8599e-01  2.0033e-01  2.0455e-01  1.7203e-01  1.7831e-01
  2791.17      3.5827  1.8588e-01  2.0014e-01  2.0445e-01  1.7181e-01  1.7809e-01
  2789.67      3.5847  1.8562e-01  1.9988e-01  2.0424e-01  1.7158e-01  1.7787e-01
  2788.17      3.5866  1.8531e-01  1.9955e-01  2.0389e-01  1.7135e-01  1.7765e-01
  2786.67      3.5885  1.8510e-01  1.9930e-01  2.0356e-01  1.7113e-01  1.7743e-01
  2785.17      3.5904  1.8496e-01  1.9917e-01  2.0335e-01  1.7091e-01  1.7721e-01
  2783.67      3.5924  1.8477e-01  1.9903e-01  2.0316e-01  1.7069e-01  1.7698e-01
  2782.17      3.5943  1.8451e-01  1.9880e-01  2.0293e-01  1.7046e-01  1.7676e-01
  2780.67      3.5963  1.8428e-01  1.9853e-01  2.0269e-01  1.7025e-01  1.7654e-01
  2779.17      3.5982  1.8411e-01  1.9833e-01  2.0247e-01  1.7002e-01  1.7631e-01
  2777.67      3.6001  1.8390e-01  1.9818e-01  2.0227e-01  1.6979e-01  1.7608e-01
  2776.17      3.6021  1.8362e-01  1.9800e-01  2.0208e-01  1.6956e-01  1.7586e-01
  2774.67      3.6040  1.8329e-01  1.9772e-01  2.0180e-01  1.6931e-01  1.7562e-01
  2773.17      3.6060  1.8296e-01  1.9735e-01  2.0146e-01  1.6908e-01  1.7538e-01
  2771.67      3.6079  1.8266e-01  1.9703e-01  2.0120e-01  1.6883e-01  1.7514e-01
  2770.17      3.6099  1.8243e-01  1.9683e-01  2.0104e-01  1.6859e-01  1.7490e-01
  2768.67      3.6118  1.8222e-01  1.9667e-01  2.0085e-01  1.6836e-01  1.7465e-01
  2767.17      3.6138  1.8202e-01  1.9644e-01  2.0061e-01  1.6812e-01  1.7440e-01
  2765.67      3.6158  1.8176e-01  1.9609e-01  2.0035e-01  1.6788e-01  1.7415e-01
  2764.17      3.6177  1.8149e-01  1.9569e-01  2.0009e-01  1.6765e-01  1.7389e-01
  2762.67      3.6197  1.8129e-01  1.9538e-01  1.9984e-01  1.6743e-01  1.7364e-01
  2761.17      3.6217  1.8106e-01  1.9516e-01  1.9958e-01  1.6720e-01  1.7338e-01
  2759.67      3.6236  1.8079e-01  1.9493e-01  1.9933e-01  1.6698e-01  1.7313e-01
  2758.17      3.6256  1.8055e-01  1.9467e-01  1.9903e-01  1.6675e-01  1.7287e-01
  2756.67      3.6276  1.8033e-01  1.9445e-01  1.9871e-01  1.6651e-01  1.7261e-01
  2755.17      3.6295  1.8006e-01  1.9427e-01  1.9846e-01  1.6627e-01  1.7233e-01
  2753.67      3.6315  1.7981e-01  1.9405e-01  1.9827e-01  1.6602e-01  1.7206e-01
  2752.17      3.6335  1.7957e-01  1.9378e-01  1.9807e-01  1.6576e-01  1.7179e-01
  2750.67      3.6355  1.7929e-01  1.9352e-01  1.9781e-01  1.6550e-01  1.7152e-01
  2749.17      3.6375  1.7899e-01  1.9328e-01  1.9748e-01  1.6523e-01  1.7123e-01
  2747.67      3.6395  1.7869e-01  1.9303e-01  1.9712e-01  1.6496e-01  1.7095e-01
  2746.17      3.6414  1.7842e-01  1.9271e-01  1.9674e-01  1.6468e-01  1.7067e-01
  2744.67      3.6434  1.7821e-01  1.9236e-01  1.9640e-01  1.6441e-01  1.7039e-01
  2743.17      3.6454  1.7803e-01  1.9208e-01  1.9614e-01  1.6414e-01  1.7012e-01
  2741.67      3.6474  1.7781e-01  1.9189e-01  1.9595e-01  1.6388e-01  1.6985e-01
  2740.17      3.6494  1.7759e-01  1.9172e-01  1.9576e-01  1.6364e-01  1.6959e-01
  2738.67      3.6514  1.7738e-01  1.9152e-01  1.9556e-01  1.6339e-01  1.6933e-01
  2737.17      3.6534  1.7718e-01  1.9123e-01  1.9537e-01  1.6316e-01  1.6908e-01
  2735.67      3.6554  1.7694e-01  1.9085e-01  1.9513e-01  1.6293e-01  1.6882e-01
  2734.17      3.6574  1.7668e-01  1.9054e-01  1.9485e-01  1.6271e-01  1.6857e-01
  2732.67      3.6594  1.7646e-01  1.9033e-01  1.9456e-01  1.6249e-01  1.6833e-01
  2731.17      3.6614  1.7627e-01  1.9018e-01  1.9433e-01  1.6228e-01  1.6808e-01
  2729.67      3.6635  1.7610e-01  1.9008e-01  1.9419e-01  1.6207e-01  1.6784e-01
  2728.17      3.6655  1.7595e-01  1.8999e-01  1.9411e-01  1.6185e-01  1.6760e-01
  2726.67      3.6675  1.7576e-01  1.8981e-01  1.9396e-01  1.6164e-01  1.6736e-01
  2725.17      3.6695  1.7549e-01  1.8952e-01  1.9367e-01  1.6143e-01  1.6713e-01
  2723.67      3.6715  1.7520e-01  1.8923e-01  1.9333e-01  1.6121e-01  1.6690e-01
  2722.16      3.6735  1.7497e-01  1.8901e-01  1.9303e-01  1.6100e-01  1.6667e-01
  2720.66      3.6756  1.7473e-01  1.8884e-01  1.9278e-01  1.6078e-01  1.6645e-01
  2719.16      3.6776  1.7451e-01  1.8866e-01  1.9260e-01  1.6058e-01  1.6624e-01
  2717.66      3.6796  1.7432e-01  1.8846e-01  1.9244e-01  1.6038e-01  1.6604e-01
  2716.16      3.6817  1.7412e-01  1.8826e-01  1.9224e-01  1.6019e-01  1.6584e-01
  2714.66      3.6837  1.7393e-01  1.8807e-01  1.9205e-01  1.6000e-01  1.6566e-01
  2713.16      3.6857  1.7380e-01  1.8784e-01  1.9189e-01  1.5982e-01  1.6547e-01
  2711.66      3.6878  1.7374e-01  1.8765e-01  1.9175e-01  1.5964e-01  1.6529e-01
  2710.16      3.6898  1.7367e-01  1.8748e-01  1.9159e-01  1.5947e-01  1.6512e-01
  2708.66      3.6919  1.7349e-01  1.8727e-01  1.9139e-01  1.5930e-01  1.6495e-01
  2707.16      3.6939  1.7326e-01  1.8705e-01  1.9118e-01  1.5915e-01  1.6478e-01
  2705.66      3.6960  1.7304e-01  1.8688e-01  1.9098e-01  1.5899e-01  1.6461e-01
  2704.16      3.6980  1.7288e-01  1.8673e-01  1.9075e-01  1.5884e-01  1.6445e-01
  2702.66      3.7001  1.7278e-01  1.8657e-01  1.9053e-01  1.5869e-01  1.6429e-01
  2701.16      3.7021  1.7267e-01  1.8640e-01  1.9039e-01  1.5854e-01  1.6413e-01
  2699.66      3.7042  1.7247e-01  1.8626e-01  1.9031e-01  1.5840e-01  1.6398e-01
  2698.16      3.7062  1.7220e-01  1.8611e-01  1.9016e-01  1.5827e-01  1.6382e-01
  2696.66      3.7083  1.7193e-01  1.8594e-01  1.8991e-01  1.5813e-01  1.6367e-01
  2695.16      3.7104  1.7174e-01  1.8572e-01  1.8967e-01  1.5799e-01  1.6353e-01
  2693.66      3.7124  1.7162e-01  1.8551e-01  1.8951e-01  1.5786e-01  1.6340e-01
  2692.16      3.7145  1.7148e-01  1.8534e-01  1.8940e-01  1.5773e-01  1.6326e-01
  2690.66      3.7166  1.7132e-01  1.8522e-01  1.8934e-01  1.5760e-01  1.6314e-01
  2689.16      3.7186  1.7117e-01  1.8507e-01  1.8926e-01  1.5747e-01  1.6302e-01
  2687.66      3.7207  1.7104e-01  1.8492e-01  1.8907e-01  1.5734e-01  1.6288e-01
  2686.16      3.7228  1.7087e-01  1.8479e-01  1.8880e-01  1.5722e-01  1.6276e-01
  2684.66      3.7249  1.7070e-01  1.8465e-01  1.8860e-01  1.5709e-01  1.6263e-01
  2683.16      3.7269  1.7056e-01  1.8450e-01  1.8847e-01  1.5698e-01  1.6250e-01
  2681.66      3.7290  1.7038e-01  1.8435e-01  1.8832e-01  1.5685e-01  1.6236e-01
  2680.16      3.7311  1.7012e-01  1.8420e-01  1.8809e-01  1.5674e-01  1.6221e-01
  2678.66      3.7332  1.6982e-01  1.8400e-01  1.8786e-01  1.5662e-01  1.6206e-01
  2677.16      3.7353  1.6959e-01  1.8371e-01  1.8769e-01  1.5651e-01  1.6191e-01
  2675.66      3.7374  1.6942e-01  1.8341e-01  1.8753e-01  1.5639e-01  1.6175e-01
  2674.16      3.7395  1.6929e-01  1.8319e-01  1.8732e-01  1.5628e-01  1.6159e-01
  2672.66      3.7416  1.6914e-01  1.8299e-01  1.8704e-01  1.5617e-01  1.6145e-01
  2671.16      3.7437  1.6897e-01  1.8282e-01  1.8677e-01  1.5604e-01  1.6130e-01
  2669.66      3.7458  1.6880e-01  1.8270e-01  1.8660e-01  1.5592e-01  1.6117e-01
  2668.16      3.7479  1.6863e-01  1.8256e-01  1.8647e-01  1.5580e-01  1.6103e-01
  2666.66      3.7500  1.6843e-01  1.8239e-01  1.8629e-01  1.5568e-01  1.6092e-01
  2665.16      3.7521  1.6822e-01  1.8223e-01  1.8608e-01  1.5556e-01  1.6080e-01
  2663.66      3.7542  1.6804e-01  1.8208e-01  1.8590e-01  1.5544e-01  1.6069e-01
  2662.16      3.7563  1.6787e-01  1.8194e-01  1.8576e-01  1.5532e-01  1.6058e-01
  2660.66      3.7585  1.6771e-01  1.8181e-01  1.8563e-01  1.5521e-01  1.6049e-01
  2659.16      3.7606  1.6759e-01  1.8168e-01  1.8547e-01  1.5511e-01  1.6038e-01
  2657.66      3.7627  1.6746e-01  1.8149e-01  1.8529e-01  1.5500e-01  1.6028e-01
  2656.16      3.7648  1.6732e-01  1.8127e-01  1.8509e-01  1.5490e-01  1.6017e-01
  2654.66      3.7670  1.6717e-01  1.8109e-01  1.8490e-01  1.5479e-01  1.6005e-01
  2653.16      3.7691  1.6700e-01  1.8093e-01  1.8474e-01  1.5469e-01  1.5994e-01
  2651.66      3.7712  1.6686e-01  1.8080e-01  1.8459e-01  1.5459e-01  1.5983e-01
  2650.16      3.7734  1.6677e-01  1.8070e-01  1.8444e-01  1.5448e-01  1.5971e-01
  2648.66      3.7755  1.6666e-01  1.8059e-01  1.8430e-01  1.5438e-01  1.5959e-01
  2647.16      3.7776  1.6650e-01  1.8039e-01  1.8415e-01  1.5428e-01  1.5948e-01
  2645.66      3.7798  1.6631e-01  1.8010e-01  1.8399e-01  1.5418e-01  1.5937e-01
  2644.16      3.7819  1.6618e-01  1.7984e-01  1.8388e-01  1.5408e-01  1.5926e-01
  2642.66      3.7841  1.6613e-01  1.7966e-01  1.8378e-01  1.5399e-01  1.5915e-01
  2641.16      3.7862  1.6611e-01  1.7960e-01  1.8368e-01  1.5389e-01  1.5904e-01
  2639.66      3.7884  1.6609e-01  1.7958e-01  1.8355e-01  1.5380e-01  1.5893e-01
  2638.16      3.7905  1.6598e-01  1.7949e-01  1.8338e-01  1.5372e-01  1.5882e-01
  2636.66      3.7927  1.6575e-01  1.7937e-01  1.8321e-01  1.5364e-01  1.5872e-01
  2635.16      3.7948  1.6554e-01  1.7925e-01  1.8308e-01  1.5356e-01  1.5862e-01
  2633.66      3.7970  1.6543e-01  1.7915e-01  1.8297e-01  1.5348e-01  1.5853e-01
  2632.16      3.7992  1.6534e-01  1.7904e-01  1.8288e-01  1.5341e-01  1.5843e-01
  2630.66      3.8013  1.6526e-01  1.7896e-01  1.8277e-01  1.5335e-01  1.5835e-01
  2629.16      3.8035  1.6521e-01  1.7888e-01  1.8264e-01  1.5328e-01  1.5827e-01
  2627.66      3.8057  1.6516e-01  1.7877e-01  1.8252e-01  1.5322e-01  1.5819e-01
  2626.16      3.8078  1.6508e-01  1.7868e-01  1.8242e-01  1.5315e-01  1.5811e-01
  2624.66      3.8100  1.6501e-01  1.7862e-01  1.8233e-01  1.5310e-01  1.5804e-01
  2623.16      3.8122  1.6496e-01  1.7861e-01  1.8228e-01  1.5305e-01  1.5798e-01
  2621.66      3.8144  1.6492e-01  1.7858e-01  1.8226e-01  1.5300e-01  1.5792e-01
  2620.16      3.8166  1.6485e-01  1.7853e-01  1.8221e-01  1.5297e-01  1.5786e-01
  2618.66      3.8188  1.6475e-01  1.7846e-01  1.8215e-01  1.5294e-01  1.5781e-01
  2617.16      3.8209  1.6465e-01  1.7835e-01  1.8210e-01  1.5291e-01  1.5777e-01
  2615.66      3.8231  1.6462e-01  1.7821e-01  1.8204e-01  1.5289e-01  1.5772e-01
  2614.16      3.8253  1.6463e-01  1.7815e-01  1.8195e-01  1.5287e-01  1.5769e-01
  2612.66      3.8275  1.6465e-01  1.7811e-01  1.8190e-01  1.5286e-01  1.5766e-01
  2611.16      3.8297  1.6463e-01  1.7806e-01  1.8187e-01  1.5285e-01  1.5764e-01
  2609.66      3.8319  1.6460e-01  1.7800e-01  1.8180e-01  1.5284e-01  1.5763e-01
  2608.16      3.8341  1.6459e-01  1.7800e-01  1.8172e-01  1.5282e-01  1.5762e-01
  2606.66      3.8363  1.6460e-01  1.7805e-01  1.8167e-01  1.5282e-01  1.5762e-01
  2605.16      3.8385  1.6464e-01  1.7807e-01  1.8167e-01  1.5281e-01  1.5762e-01
  2603.66      3.8408  1.6466e-01  1.7807e-01  1.8175e-01  1.5281e-01  1.5762e-01
  2602.16      3.8430  1.6464e-01  1.7805e-01  1.8183e-01  1.5282e-01  1.5763e-01
  2600.66      3.8452  1.6458e-01  1.7800e-01  1.8179e-01  1.5283e-01  1.5764e-01
  2599.16      3.8474  1.6454e-01  1.7798e-01  1.8168e-01  1.5284e-01  1.5765e-01
  2597.66      3.8496  1.6455e-01  1.7799e-01  1.8157e-01  1.5286e-01  1.5767e-01
  2596.16      3.8518  1.6456e-01  1.7801e-01  1.8153e-01  1.5288e-01  1.5768e-01
  2594.66      3.8541  1.6455e-01  1.7798e-01  1.8155e-01  1.5292e-01  1.5771e-01
  2593.16      3.8563  1.6453e-01  1.7793e-01  1.8155e-01  1.5296e-01  1.5773e-01
  2591.66      3.8585  1.6451e-01  1.7789e-01  1.8152e-01  1.5299e-01  1.5775e-01
  2590.16      3.8608  1.6448e-01  1.7790e-01  1.8150e-01  1.5302e-01  1.5777e-01
  2588.65      3.8630  1.6447e-01  1.7790e-01  1.8150e-01  1.5305e-01  1.5780e-01
  2587.15      3.8652  1.6451e-01  1.7789e-01  1.8149e-01  1.5307e-01  1.5782e-01
  2585.65      3.8675  1.6456e-01  1.7785e-01  1.8144e-01  1.5309e-01  1.5784e-01
  2584.15      3.8697  1.6456e-01  1.7781e-01  1.8138e-01  1.5312e-01  1.5787e-01
  2582.65      3.8720  1.6450e-01  1.7779e-01  1.8131e-01  1.5313e-01  1.5789e-01
  2581.15      3.8742  1.6443e-01  1.7780e-01  1.8129e-01  1.5314e-01  1.5791e-01
  2579.65      3.8765  1.6439e-01  1.7778e-01  1.8128e-01  1.5315e-01  1.5792e-01
  2578.15      3.8787  1.6434e-01  1.7770e-01  1.8126e-01  1.5316e-01  1.5793e-01
  2576.65      3.8810  1.6428e-01  1.7761e-01  1.8125e-01  1.5316e-01  1.5794e-01
  2575.15      3.8833  1.6428e-01  1.7760e-01  1.8122e-01  1.5318e-01  1.5795e-01
  2573.65      3.8855  1.6430e-01  1.7764e-01  1.8116e-01  1.5319e-01  1.5795e-01
  2572.15      3.8878  1.6424e-01  1.7763e-01  1.8112e-01  1.5319e-01  1.5795e-01
  2570.65      3.8901  1.6414e-01  1.7753e-01  1.8106e-01  1.5319e-01  1.5794e-01
  2569.15      3.8923  1.6406e-01  1.7738e-01  1.8096e-01  1.5319e-01  1.5793e-01
  2567.65      3.8946  1.6402e-01  1.7730e-01  1.8085e-01  1.5319e-01  1.5792e-01
  2566.15      3.8969  1.6400e-01  1.7728e-01  1.8073e-01  1.5319e-01  1.5791e-01
  2564.65      3.8992  1.6395e-01  1.7721e-01  1.8061e-01  1.5318e-01  1.5790e-01
  2563.15      3.9014  1.6386e-01  1.7710e-01  1.8051e-01  1.5317e-01  1.5790e-01
  2561.65      3.9037  1.6374e-01  1.7696e-01  1.8042e-01  1.5314e-01  1.5788e-01
  2560.15      3.9060  1.6368e-01  1.7680e-01  1.8034e-01  1.5312e-01  1.5786e-01
  2558.65      3.9083  1.6364e-01  1.7668e-01  1.8025e-01  1.5310e-01  1.5784e-01
  2557.15      3.9106  1.6354e-01  1.7659e-01  1.8013e-01  1.5307e-01  1.5781e-01
  2555.65      3.9129  1.6347e-01  1.7649e-01  1.8000e-01  1.5303e-01  1.5777e-01
  2554.15      3.9152  1.6342e-01  1.7634e-01  1.7989e-01  1.5300e-01  1.5774e-01
  2552.65      3.9175  1.6333e-01  1.7621e-01  1.7978e-01  1.5297e-01  1.5769e-01
  2551.15      3.9198  1.6327e-01  1.7617e-01  1.7969e-01  1.5294e-01  1.5764e-01
  2549.65      3.9221  1.6325e-01  1.7609e-01  1.7961e-01  1.5290e-01  1.5758e-01
  2548.15      3.9244  1.6324e-01  1.7592e-01  1.7953e-01  1.5287e-01  1.5752e-01
  2546.65      3.9267  1.6323e-01  1.7579e-01  1.7942e-01  1.5284e-01  1.5745e-01
  2545.15      3.9290  1.6318e-01  1.7572e-01  1.7925e-01  1.5281e-01  1.5738e-01
  2543.65      3.9314  1.6303e-01  1.7562e-01  1.7906e-01  1.5277e-01  1.5732e-01
  2542.15      3.9337  1.6283e-01  1.7551e-01  1.7893e-01  1.5273e-01  1.5726e-01
  2540.65      3.9360  1.6268e-01  1.7543e-01  1.7884e-01  1.5269e-01  1.5720e-01
  2539.15      3.9383  1.6262e-01  1.7538e-01  1.7875e-01  1.5265e-01  1.5713e-01
  2537.65      3.9407  1.6259e-01  1.7523e-01  1.7867e-01  1.5260e-01  1.5707e-01
  2536.15      3.9430  1.6254e-01  1.7503e-01  1.7858e-01  1.5255e-01  1.5700e-01
  2534.65      3.9453  1.6248e-01  1.7492e-01  1.7847e-01  1.5251e-01  1.5694e-01
  2533.15      3.9477  1.6240e-01  1.7490e-01  1.7841e-01  1.5245e-01  1.5688e-01
  2531.65      3.9500  1.6230e-01  1.7484e-01  1.7836e-01  1.5239e-01  1.5681e-01
  2530.15      3.9523  1.6223e-01  1.7474e-01  1.7825e-01  1.5234e-01  1.5674e-01
  2528.65      3.9547  1.6219e-01  1.7465e-01  1.7813e-01  1.5228e-01  1.5668e-01
  2527.15      3.9570  1.6217e-01  1.7455e-01  1.7803e-01  1.5223e-01  1.5660e-01
  2525.65      3.9594  1.6219e-01  1.7443e-01  1.7788e-01  1.5217e-01  1.5652e-01
  2524.15      3.9617  1.6220e-01  1.7432e-01  1.7774e-01  1.5212e-01  1.5644e-01
  2522.65      3.9641  1.6217e-01  1.7426e-01  1.7763e-01  1.5207e-01  1.5636e-01
  2521.15      3.9664  1.6208e-01  1.7423e-01  1.7752e-01  1.5203e-01  1.5630e-01
  2519.65      3.9688  1.6196e-01  1.7418e-01  1.7742e-01  1.5200e-01  1.5623e-01
  2518.15      3.9712  1.6188e-01  1.7412e-01  1.7729e-01  1.5197e-01  1.5615e-01
  2516.65      3.9735  1.6184e-01  1.7403e-01  1.7717e-01  1.5194e-01  1.5608e-01
  2515.15      3.9759  1.6187e-01  1.7393e-01  1.7714e-01  1.5191e-01  1.5602e-01
  2513.65      3.9783  1.6191e-01  1.7381e-01  1.7715e-01  1.5188e-01  1.5597e-01
  2512.15      3.9807  1.6190e-01  1.7371e-01  1.7712e-01  1.5186e-01  1.5591e-01
  2510.65      3.9830  1.6186e-01  1.7373e-01  1.7704e-01  1.5183e-01  1.5585e-01
  2509.15      3.9854  1.6183e-01  1.7378e-01  1.7692e-01  1.5180e-01  1.5580e-01
  2507.65      3.9878  1.6183e-01  1.7377e-01  1.7683e-01  1.5177e-01  1.5576e-01
  2506.15      3.9902  1.6188e-01  1.7373e-01  1.7681e-01  1.5173e-01  1.5570e-01
  2504.65      3.9926  1.6192e-01  1.7367e-01  1.7677e-01  1.5170e-01  1.5565e-01
  2503.15      3.9950  1.6189e-01  1.7359e-01  1.7667e-01  1.5166e-01  1.5560e-01
  2501.65      3.9974  1.6185e-01  1.7351e-01  1.7655e-01  1.5162e-01  1.5554e-01
  2500.15      3.9998  1.6185e-01  1.7348e-01  1.7644e-01  1.5158e-01  1.5548e-01
  2498.65      4.0022  1.6187e-01  1.7346e-01  1.7639e-01  1.5154e-01  1.5541e-01
  2497.15      4.0046  1.6187e-01  1.7338e-01  1.7638e-01  1.5151e-01  1.5535e-01
  2495.65      4.0070  1.6183e-01  1.7330e-01  1.7634e-01  1.5147e-01  1.5528e-01
  2494.15      4.0094  1.6179e-01  1.7330e-01  1.7625e-01  1.5144e-01  1.5522e-01
  2492.65      4.0118  1.6181e-01  1.7328e-01  1.7611e-01  1.5141e-01  1.5515e-01
  2491.15      4.0142  1.6184e-01  1.7321e-01  1.7602e-01  1.5138e-01  1.5509e-01
  2489.65      4.0166  1.6184e-01  1.7311e-01  1.7598e-01  1.5134e-01  1.5503e-01
  2488.15      4.0191  1.6180e-01  1.7301e-01  1.7598e-01  1.5129e-01  1.5497e-01
  2486.65      4.0215  1.6175e-01  1.7289e-01  1.7595e-01  1.5125e-01  1.5492e-01
  2485.15      4.0239  1.6170e-01  1.7278e-01  1.7587e-01  1.5121e-01  1.5487e-01
  2483.65      4.0263  1.6166e-01  1.7271e-01  1.7576e-01  1.5116e-01  1.5481e-01
  2482.15      4.0288  1.6162e-01  1.7270e-01  1.7565e-01  1.5112e-01  1.5475e-01
  2480.65      4.0312  1.6157e-01  1.7267e-01  1.7553e-01  1.5106e-01  1.5469e-01
  2479.15      4.0336  1.6151e-01  1.7256e-01  1.7541e-01  1.5100e-01  1.5462e-01
  2477.65      4.0361  1.6144e-01  1.7234e-01  1.7528e-01  1.5095e-01  1.5456e-01
  2476.15      4.0385  1.6134e-01  1.7211e-01  1.7515e-01  1.5089e-01  1.5448e-01
  2474.65      4.0410  1.6128e-01  1.7203e-01  1.7500e-01  1.5084e-01  1.5441e-01
  2473.15      4.0434  1.6125e-01  1.7207e-01  1.7489e-01  1.5078e-01  1.5433e-01
  2471.65      4.0459  1.6117e-01  1.7205e-01  1.7483e-01  1.5071e-01  1.5423e-01
  2470.15      4.0483  1.6103e-01  1.7190e-01  1.7477e-01  1.5065e-01  1.5415e-01
  2468.65      4.0508  1.6087e-01  1.7171e-01  1.7458e-01  1.5058e-01  1.5406e-01
  2467.15      4.0533  1.6073e-01  1.7152e-01  1.7431e-01  1.5052e-01  1.5396e-01
  2465.65      4.0557  1.6059e-01  1.7131e-01  1.7409e-01  1.5044e-01  1.5386e-01
  2464.15      4.0582  1.6044e-01  1.7111e-01  1.7396e-01  1.5036e-01  1.5377e-01
  2462.65      4.0607  1.6030e-01  1.7097e-01  1.7384e-01  1.5028e-01  1.5366e-01
  2461.15      4.0631  1.6016e-01  1.7083e-01  1.7368e-01  1.5019e-01  1.5355e-01
  2459.65      4.0656  1.6003e-01  1.7060e-01  1.7349e-01  1.5011e-01  1.5343e-01
  2458.15      4.0681  1.5990e-01  1.7037e-01  1.7326e-01  1.5001e-01  1.5330e-01
  2456.65      4.0706  1.5977e-01  1.7019e-01  1.7300e-01  1.4990e-01  1.5316e-01
  2455.15      4.0731  1.5967e-01  1.7003e-01  1.7277e-01  1.4979e-01  1.5303e-01
  2453.64      4.0756  1.5957e-01  1.6980e-01  1.7256e-01  1.4966e-01  1.5288e-01
  2452.14      4.0781  1.5943e-01  1.6952e-01  1.7231e-01  1.4953e-01  1.5273e-01
  2450.64      4.0806  1.5924e-01  1.6929e-01  1.7200e-01  1.4939e-01  1.5256e-01
  2449.14      4.0831  1.5903e-01  1.6907e-01  1.7168e-01  1.4924e-01  1.5239e-01
  2447.64      4.0856  1.5882e-01  1.6882e-01  1.7143e-01  1.4909e-01  1.5221e-01
  2446.14      4.0881  1.5859e-01  1.6853e-01  1.7126e-01  1.4892e-01  1.5204e-01
  2444.64      4.0906  1.5835e-01  1.6823e-01  1.7101e-01  1.4874e-01  1.5185e-01
  2443.14      4.0931  1.5810e-01  1.6796e-01  1.7066e-01  1.4856e-01  1.5166e-01
  2441.64      4.0956  1.5784e-01  1.6771e-01  1.7033e-01  1.4838e-01  1.5147e-01
  2440.14      4.0981  1.5756e-01  1.6744e-01  1.7012e-01  1.4820e-01  1.5127e-01
  2438.64      4.1006  1.5729e-01  1.6713e-01  1.6992e-01  1.4801e-01  1.5106e-01
  2437.14      4.1032  1.5701e-01  1.6682e-01  1.6963e-01  1.4782e-01  1.5085e-01
  2435.64      4.1057  1.5678e-01  1.6654e-01  1.6930e-01  1.4762e-01  1.5063e-01
  2434.14      4.1082  1.5659e-01  1.6626e-01  1.6897e-01  1.4743e-01  1.5042e-01
  2432.64      4.1108  1.5644e-01  1.6601e-01  1.6861e-01  1.4724e-01  1.5020e-01
  2431.14      4.1133  1.5626e-01  1.6576e-01  1.6826e-01  1.4705e-01  1.4997e-01
  2429.64      4.1158  1.5601e-01  1.6547e-01  1.6790e-01  1.4685e-01  1.4973e-01
  2428.14      4.1184  1.5575e-01  1.6513e-01  1.6752e-01  1.4665e-01  1.4950e-01
  2426.64      4.1209  1.5551e-01  1.6478e-01  1.6719e-01  1.4644e-01  1.4926e-01
  2425.14      4.1235  1.5525e-01  1.6443e-01  1.6696e-01  1.4624e-01  1.4901e-01
  2423.64      4.1260  1.5493e-01  1.6414e-01  1.6671e-01  1.4602e-01  1.4877e-01
  2422.14      4.1286  1.5459e-01  1.6387e-01  1.6639e-01  1.4581e-01  1.4852e-01
  2420.64      4.1311  1.5431e-01  1.6356e-01  1.6603e-01  1.4560e-01  1.4827e-01
  2419.14      4.1337  1.5409e-01  1.6324e-01  1.6570e-01  1.4538e-01  1.4802e-01
  2417.64      4.1363  1.5386e-01  1.6296e-01  1.6537e-01  1.4515e-01  1.4777e-01
  2416.14      4.1388  1.5359e-01  1.6268e-01  1.6505e-01  1.4492e-01  1.4752e-01
  2414.64      4.1414  1.5335e-01  1.6235e-01  1.6477e-01  1.4469e-01  1.4727e-01
  2413.14      4.1440  1.5313e-01  1.6197e-01  1.6450e-01  1.4447e-01  1.4703e-01
  2411.64      4.1466  1.5291e-01  1.6159e-01  1.6421e-01  1.4423e-01  1.4678e-01
  2410.14      4.1491  1.5269e-01  1.6131e-01  1.6389e-01  1.4401e-01  1.4653e-01
  2408.64      4.1517  1.5245e-01  1.6108e-01  1.6355e-01  1.4378e-01  1.4628e-01
  2407.14      4.1543  1.5217e-01  1.6082e-01  1.6320e-01  1.4357e-01  1.4603e-01
  2405.64      4.1569  1.5189e-01  1.6055e-01  1.6285e-01  1.4335e-01  1.4579e-01
  2404.14      4.1595  1.5167e-01  1.6030e-01  1.6252e-01  1.4314e-01  1.4556e-01
  2402.64      4.1621  1.5149e-01  1.6006e-01  1.6220e-01  1.4294e-01  1.4533e-01
  2401.14      4.1647  1.5125e-01  1.5975e-01  1.6188e-01  1.4275e-01  1.4511e-01
  2399.64      4.1673  1.5098e-01  1.5945e-01  1.6165e-01  1.4256e-01  1.4491e-01
  2398.14      4.1699  1.5075e-01  1.5923e-01  1.6148e-01  1.4238e-01  1.4470e-01
  2396.64      4.1725  1.5050e-01  1.5903e-01  1.6124e-01  1.4221e-01  1.4452e-01
  2395.14      4.1751  1.5023e-01  1.5879e-01  1.6095e-01  1.4203e-01  1.4433e-01
  2393.64      4.1777  1.4993e-01  1.5848e-01  1.6068e-01  1.4184e-01  1.4414e-01
  2392.14      4.1804  1.4968e-01  1.5815e-01  1.6042e-01  1.4167e-01  1.4396e-01
  2390.64      4.1830  1.4945e-01  1.5789e-01  1.6018e-01  1.4149e-01  1.4379e-01
  2389.14      4.1856  1.4919e-01  1.5773e-01  1.5992e-01  1.4131e-01  1.4361e-01
  2387.64      4.1882  1.4891e-01  1.5757e-01  1.5962e-01  1.4114e-01  1.4343e-01
  2386.14      4.1909  1.4870e-01  1.5736e-01  1.5933e-01  1.4094e-01  1.4323e-01
  2384.64      4.1935  1.4855e-01  1.5714e-01  1.5905e-01  1.4075e-01  1.4304e-01
  2383.14      4.1961  1.4837e-01  1.5699e-01  1.5876e-01  1.4055e-01  1.4283e-01
  2381.64      4.1988  1.4813e-01  1.5685e-01  1.5850e-01  1.4037e-01  1.4263e-01
  2380.14      4.2014  1.4779e-01  1.5668e-01  1.5826e-01  1.4017e-01  1.4243e-01
  2378.64      4.2041  1.4740e-01  1.5645e-01  1.5802e-01  1.3998e-01  1.4224e-01
  2377.14      4.2067  1.4712e-01  1.5611e-01  1.5780e-01  1.3980e-01  1.4203e-01
  2375.64      4.2094  1.4705e-01  1.5578e-01  1.5759e-01  1.3961e-01  1.4184e-01
  2374.14      4.2121  1.4701e-01  1.5564e-01  1.5733e-01  1.3944e-01  1.4165e-01
  2372.64      4.2147  1.4683e-01  1.5565e-01  1.5709e-01  1.3927e-01  1.4147e-01
  2371.14      4.2174  1.4660e-01  1.5555e-01  1.5686e-01  1.3910e-01  1.4130e-01
  2369.64      4.2201  1.4645e-01  1.5521e-01  1.5649e-01  1.3895e-01  1.4113e-01
  2368.14      4.2227  1.4632e-01  1.5480e-01  1.5601e-01  1.3879e-01  1.4097e-01
  2366.64      4.2254  1.4607e-01  1.5439e-01  1.5561e-01  1.3865e-01  1.4082e-01
  2365.14      4.2281  1.4559e-01  1.5384e-01  1.5538e-01  1.3850e-01  1.4066e-01
  2363.64      4.2308  1.4500e-01  1.5330e-01  1.5530e-01  1.3837e-01  1.4051e-01
  2362.14      4.2335  1.4484e-01  1.5294e-01  1.5524e-01  1.3823e-01  1.4037e-01
  2360.64      4.2361  1.4498e-01  1.5251e-01  1.5505e-01  1.3811e-01  1.4023e-01
  2359.14      4.2388  1.4494e-01  1.5195e-01  1.5472e-01  1.3797e-01  1.4010e-01
  2357.64      4.2415  1.4455e-01  1.5140e-01  1.5422e-01  1.3786e-01  1.3997e-01
  2356.14      4.2442  1.4385e-01  1.5091e-01  1.5355e-01  1.3773e-01  1.3984e-01
  2354.64      4.2469  1.4311e-01  1.5051e-01  1.5287e-01  1.3762e-01  1.3972e-01
  2353.14      4.2496  1.4277e-01  1.5016e-01  1.5240e-01  1.3751e-01  1.3960e-01
  2351.64      4.2524  1.4300e-01  1.5014e-01  1.5242e-01  1.3740e-01  1.3949e-01
  2350.14      4.2551  1.4345e-01  1.5062e-01  1.5295e-01  1.3730e-01  1.3938e-01
  2348.64      4.2578  1.4367e-01  1.5116e-01  1.5348e-01  1.3720e-01  1.3927e-01
  2347.14      4.2605  1.4347e-01  1.5125e-01  1.5351e-01  1.3710e-01  1.3916e-01
  2345.64      4.2632  1.4305e-01  1.5077e-01  1.5291e-01  1.3700e-01  1.3906e-01
  2344.14      4.2660  1.4270e-01  1.5010e-01  1.5214e-01  1.3692e-01  1.3897e-01
  2342.64      4.2687  1.4238e-01  1.4966e-01  1.5172e-01  1.3683e-01  1.3888e-01
  2341.14      4.2714  1.4198e-01  1.4936e-01  1.5161e-01  1.3674e-01  1.3878e-01
  2339.64      4.2742  1.4153e-01  1.4900e-01  1.5150e-01  1.3666e-01  1.3870e-01
  2338.14      4.2769  1.4111e-01  1.4845e-01  1.5116e-01  1.3659e-01  1.3862e-01
  2336.64      4.2797  1.4083e-01  1.4782e-01  1.5059e-01  1.3651e-01  1.3854e-01
  2335.14      4.2824  1.4069e-01  1.4739e-01  1.5012e-01  1.3644e-01  1.3846e-01
  2333.64      4.2852  1.4054e-01  1.4715e-01  1.4982e-01  1.3637e-01  1.3839e-01
  2332.14      4.2879  1.4035e-01  1.4692e-01  1.4957e-01  1.3631e-01  1.3833e-01
  2330.64      4.2907  1.4015e-01  1.4659e-01  1.4928e-01  1.3624e-01  1.3826e-01
  2329.14      4.2934  1.3998e-01  1.4627e-01  1.4887e-01  1.3619e-01  1.3820e-01
  2327.64      4.2962  1.3984e-01  1.4614e-01  1.4851e-01  1.3614e-01  1.3815e-01
  2326.14      4.2990  1.3961e-01  1.4609e-01  1.4829e-01  1.3608e-01  1.3809e-01
  2324.64      4.3018  1.3934e-01  1.4592e-01  1.4810e-01  1.3603e-01  1.3804e-01
  2323.14      4.3045  1.3914e-01  1.4565e-01  1.4797e-01  1.3599e-01  1.3800e-01
  2321.64      4.3073  1.3897e-01  1.4539e-01  1.4786e-01  1.3595e-01  1.3796e-01
  2320.13      4.3101  1.3892e-01  1.4528e-01  1.4774e-01  1.3591e-01  1.3792e-01
  2318.63      4.3129  1.3900e-01  1.4525e-01  1.4770e-01  1.3588e-01  1.3789e-01
  2317.13      4.3157  1.3899e-01  1.4517e-01  1.4780e-01  1.3585e-01  1.3786e-01
  2315.63      4.3185  1.3884e-01  1.4509e-01  1.4786e-01  1.3583e-01  1.3784e-01
  2314.13      4.3213  1.3865e-01  1.4506e-01  1.4781e-01  1.3580e-01  1.3781e-01
  2312.63      4.3241  1.3855e-01  1.4511e-01  1.4779e-01  1.3579e-01  1.3780e-01
  2311.13      4.3269  1.3862e-01  1.4526e-01  1.4786e-01  1.3577e-01  1.3779e-01
  2309.63      4.3297  1.3877e-01  1.4541e-01  1.4793e-01  1.3576e-01  1.3779e-01
  2308.13      4.3325  1.3887e-01  1.4548e-01  1.4792e-01  1.3575e-01  1.3778e-01
  2306.63      4.3353  1.3888e-01  1.4554e-01  1.4789e-01  1.3575e-01  1.3779e-01
  2305.13      4.3381  1.3889e-01  1.4563e-01  1.4799e-01  1.3576e-01  1.3780e-01
  2303.63      4.3410  1.3892e-01  1.4578e-01  1.4818e-01  1.3577e-01  1.3782e-01
  2302.13      4.3438  1.3901e-01  1.4593e-01  1.4838e-01  1.3578e-01  1.3784e-01
  2300.63      4.3466  1.3916e-01  1.4604e-01  1.4855e-01  1.3580e-01  1.3788e-01
  2299.13      4.3495  1.3931e-01  1.4611e-01  1.4868e-01  1.3583e-01  1.3791e-01
  2297.63      4.3523  1.3947e-01  1.4620e-01  1.4883e-01  1.3586e-01  1.3797e-01
  2296.13      4.3551  1.3958e-01  1.4637e-01  1.4904e-01  1.3590e-01  1.3802e-01
  2294.63      4.3580  1.3963e-01  1.4662e-01  1.4926e-01  1.3595e-01  1.3809e-01
  2293.13      4.3608  1.3967e-01  1.4686e-01  1.4944e-01  1.3602e-01  1.3818e-01
  2291.63      4.3637  1.3978e-01  1.4707e-01  1.4958e-01  1.3610e-01  1.3828e-01
  2290.13      4.3666  1.3998e-01  1.4724e-01  1.4976e-01  1.3618e-01  1.3839e-01
  2288.63      4.3694  1.4016e-01  1.4739e-01  1.4999e-01  1.3629e-01  1.3852e-01
  2287.13      4.3723  1.4026e-01  1.4758e-01  1.5026e-01  1.3639e-01  1.3867e-01
  2285.63      4.3752  1.4036e-01  1.4782e-01  1.5055e-01  1.3652e-01  1.3883e-01
  2284.13      4.3780  1.4051e-01  1.4807e-01  1.5080e-01  1.3665e-01  1.3900e-01
  2282.63      4.3809  1.4069e-01  1.4832e-01  1.5103e-01  1.3679e-01  1.3917e-01
  2281.13      4.3838  1.4088e-01  1.4856e-01  1.5125e-01  1.3695e-01  1.3936e-01
  2279.63      4.3867  1.4111e-01  1.4881e-01  1.5146e-01  1.3710e-01  1.3955e-01
  2278.13      4.3896  1.4135e-01  1.4903e-01  1.5170e-01  1.3725e-01  1.3973e-01
  2276.63      4.3925  1.4152e-01  1.4923e-01  1.5195e-01  1.3741e-01  1.3992e-01
  2275.13      4.3953  1.4162e-01  1.4945e-01  1.5221e-01  1.3755e-01  1.4011e-01
  2273.63      4.3983  1.4171e-01  1.4970e-01  1.5245e-01  1.3771e-01  1.4029e-01
  2272.13      4.4012  1.4183e-01  1.4996e-01  1.5272e-01  1.3786e-01  1.4047e-01
  2270.63      4.4041  1.4196e-01  1.5024e-01  1.5304e-01  1.3801e-01  1.4065e-01
  2269.13      4.4070  1.4216e-01  1.5053e-01  1.5335e-01  1.3816e-01  1.4082e-01
  2267.63      4.4099  1.4243e-01  1.5078e-01  1.5364e-01  1.3830e-01  1.4100e-01
  2266.13      4.4128  1.4273e-01  1.5106e-01  1.5394e-01  1.3846e-01  1.4118e-01
  2264.63      4.4157  1.4297e-01  1.5136e-01  1.5428e-01  1.3861e-01  1.4136e-01
  2263.13      4.4187  1.4316e-01  1.5163e-01  1.5461e-01  1.3878e-01  1.4154e-01
  2261.63      4.4216  1.4334e-01  1.5188e-01  1.5488e-01  1.3894e-01  1.4173e-01
  2260.13      4.4245  1.4355e-01  1.5210e-01  1.5513e-01  1.3910e-01  1.4192e-01
  2258.63      4.4275  1.4379e-01  1.5234e-01  1.5544e-01  1.3927e-01  1.4213e-01
  2257.13      4.4304  1.4405e-01  1.5263e-01  1.5581e-01  1.3944e-01  1.4233e-01
  2255.63      4.4334  1.4431e-01  1.5294e-01  1.5617e-01  1.3962e-01  1.4253e-01
  2254.13      4.4363  1.4452e-01  1.5322e-01  1.5645e-01  1.3979e-01  1.4274e-01
  2252.63      4.4393  1.4469e-01  1.5348e-01  1.5668e-01  1.3997e-01  1.4295e-01
  2251.13      4.4422  1.4486e-01  1.5374e-01  1.5694e-01  1.4015e-01  1.4317e-01
  2249.63      4.4452  1.4506e-01  1.5401e-01  1.5719e-01  1.4032e-01  1.4338e-01
  2248.13      4.4481  1.4523e-01  1.5430e-01  1.5734e-01  1.4051e-01  1.4359e-01
  2246.63      4.4511  1.4538e-01  1.5458e-01  1.5749e-01  1.4069e-01  1.4381e-01
  2245.13      4.4541  1.4554e-01  1.5483e-01  1.5775e-01  1.4086e-01  1.4402e-01
  2243.63      4.4571  1.4572e-01  1.5507e-01  1.5806e-01  1.4104e-01  1.4423e-01
  2242.13      4.4600  1.4592e-01  1.5532e-01  1.5833e-01  1.4122e-01  1.4443e-01
  2240.63      4.4630  1.4612e-01  1.5551e-01  1.5858e-01  1.4139e-01  1.4462e-01
  2239.13      4.4660  1.4635e-01  1.5564e-01  1.5884e-01  1.4156e-01  1.4482e-01
  2237.63      4.4690  1.4656e-01  1.5578e-01  1.5910e-01  1.4173e-01  1.4500e-01
  2236.13      4.4720  1.4667e-01  1.5597e-01  1.5933e-01  1.4189e-01  1.4518e-01
  2234.63      4.4750  1.4674e-01  1.5620e-01  1.5951e-01  1.4204e-01  1.4535e-01
  2233.13      4.4780  1.4685e-01  1.5640e-01  1.5969e-01  1.4218e-01  1.4551e-01
  2231.63      4.4810  1.4701e-01  1.5658e-01  1.5989e-01  1.4232e-01  1.4566e-01
  2230.13      4.4840  1.4716e-01  1.5675e-01  1.6008e-01  1.4245e-01  1.4580e-01
  2228.63      4.4871  1.4730e-01  1.5696e-01  1.6024e-01  1.4257e-01  1.4594e-01
  2227.13      4.4901  1.4741e-01  1.5718e-01  1.6037e-01  1.4269e-01  1.4606e-01
  2225.63      4.4931  1.4751e-01  1.5733e-01  1.6050e-01  1.4279e-01  1.4617e-01
  2224.13      4.4961  1.4764e-01  1.5740e-01  1.6065e-01  1.4289e-01  1.4627e-01
  2222.63      4.4992  1.4772e-01  1.5748e-01  1.6082e-01  1.4298e-01  1.4636e-01
  2221.13      4.5022  1.4777e-01  1.5759e-01  1.6094e-01  1.4306e-01  1.4645e-01
  2219.63      4.5053  1.4786e-01  1.5774e-01  1.6102e-01  1.4313e-01  1.4653e-01
  2218.13      4.5083  1.4796e-01  1.5784e-01  1.6110e-01  1.4320e-01  1.4661e-01
  2216.63      4.5114  1.4801e-01  1.5790e-01  1.6116e-01  1.4325e-01  1.4666e-01
  2215.13      4.5144  1.4803e-01  1.5802e-01  1.6122e-01  1.4329e-01  1.4671e-01
  2213.63      4.5175  1.4805e-01  1.5815e-01  1.6131e-01  1.4333e-01  1.4675e-01
  2212.13      4.5205  1.4809e-01  1.5821e-01  1.6143e-01  1.4336e-01  1.4678e-01
  2210.63      4.5236  1.4819e-01  1.5820e-01  1.6155e-01  1.4338e-01  1.4680e-01
  2209.13      4.5267  1.4832e-01  1.5819e-01  1.6163e-01  1.4339e-01  1.4681e-01
  2207.63      4.5298  1.4838e-01  1.5822e-01  1.6164e-01  1.4340e-01  1.4682e-01
  2206.13      4.5328  1.4833e-01  1.5827e-01  1.6163e-01  1.4340e-01  1.4681e-01
  2204.63      4.5359  1.4825e-01  1.5832e-01  1.6165e-01  1.4339e-01  1.4680e-01
  2203.13      4.5390  1.4824e-01  1.5835e-01  1.6167e-01  1.4338e-01  1.4678e-01
  2201.63      4.5421  1.4828e-01  1.5833e-01  1.6166e-01  1.4337e-01  1.4675e-01
  2200.13      4.5452  1.4837e-01  1.5828e-01  1.6160e-01  1.4335e-01  1.4672e-01
  2198.63      4.5483  1.4846e-01  1.5822e-01  1.6153e-01  1.4333e-01  1.4668e-01
  2197.13      4.5514  1.4853e-01  1.5815e-01  1.6147e-01  1.4331e-01  1.4664e-01
  2195.63      4.5545  1.4854e-01  1.5810e-01  1.6143e-01  1.4328e-01  1.4659e-01
  2194.13      4.5576  1.4849e-01  1.5807e-01  1.6139e-01  1.4324e-01  1.4653e-01
  2192.63      4.5607  1.4844e-01  1.5803e-01  1.6140e-01  1.4321e-01  1.4646e-01
  2191.13      4.5639  1.4842e-01  1.5801e-01  1.6141e-01  1.4317e-01  1.4639e-01
  2189.63      4.5670  1.4838e-01  1.5798e-01  1.6134e-01  1.4313e-01  1.4630e-01
  2188.12      4.5701  1.4829e-01  1.5790e-01  1.6124e-01  1.4310e-01  1.4622e-01
  2186.62      4.5733  1.4821e-01  1.5779e-01  1.6111e-01  1.4305e-01  1.4612e-01
  2185.12      4.5764  1.4817e-01  1.5768e-01  1.6095e-01  1.4299e-01  1.4602e-01
  2183.62      4.5795  1.4813e-01  1.5759e-01  1.6080e-01  1.4294e-01  1.4591e-01
  2182.12      4.5827  1.4807e-01  1.5753e-01  1.6069e-01  1.4288e-01  1.4579e-01
  2180.62      4.5858  1.4800e-01  1.5746e-01  1.6058e-01  1.4282e-01  1.4567e-01
  2179.12      4.5890  1.4795e-01  1.5741e-01  1.6044e-01  1.4274e-01  1.4556e-01
  2177.62      4.5922  1.4792e-01  1.5733e-01  1.6028e-01  1.4266e-01  1.4542e-01
  2176.12      4.5953  1.4787e-01  1.5718e-01  1.6017e-01  1.4257e-01  1.4530e-01
  2174.62      4.5985  1.4780e-01  1.5701e-01  1.6005e-01  1.4248e-01  1.4517e-01
  2173.12      4.6017  1.4771e-01  1.5680e-01  1.5986e-01  1.4239e-01  1.4504e-01
  2171.62      4.6048  1.4763e-01  1.5658e-01  1.5963e-01  1.4228e-01  1.4490e-01
  2170.12      4.6080  1.4756e-01  1.5639e-01  1.5944e-01  1.4218e-01  1.4478e-01
  2168.62      4.6112  1.4747e-01  1.5622e-01  1.5929e-01  1.4208e-01  1.4464e-01
  2167.12      4.6144  1.4736e-01  1.5608e-01  1.5914e-01  1.4197e-01  1.4452e-01
  2165.62      4.6176  1.4723e-01  1.5597e-01  1.5897e-01  1.4188e-01  1.4438e-01
  2164.12      4.6208  1.4709e-01  1.5585e-01  1.5882e-01  1.4179e-01  1.4426e-01
  2162.62      4.6240  1.4695e-01  1.5566e-01  1.5868e-01  1.4169e-01  1.4414e-01
  2161.12      4.6272  1.4679e-01  1.5540e-01  1.5843e-01  1.4161e-01  1.4401e-01
  2159.62      4.6304  1.4665e-01  1.5519e-01  1.5812e-01  1.4153e-01  1.4388e-01
  2158.12      4.6337  1.4651e-01  1.5507e-01  1.5785e-01  1.4145e-01  1.4374e-01
  2156.62      4.6369  1.4636e-01  1.5493e-01  1.5766e-01  1.4138e-01  1.4361e-01
  2155.12      4.6401  1.4620e-01  1.5464e-01  1.5748e-01  1.4131e-01  1.4347e-01
  2153.62      4.6433  1.4604e-01  1.5427e-01  1.5721e-01  1.4122e-01  1.4332e-01
  2152.12      4.6466  1.4586e-01  1.5394e-01  1.5687e-01  1.4113e-01  1.4317e-01
  2150.62      4.6498  1.4565e-01  1.5369e-01  1.5653e-01  1.4104e-01  1.4301e-01
  2149.12      4.6531  1.4544e-01  1.5345e-01  1.5619e-01  1.4094e-01  1.4286e-01
  2147.62      4.6563  1.4524e-01  1.5322e-01  1.5585e-01  1.4084e-01  1.4270e-01
  2146.12      4.6596  1.4505e-01  1.5297e-01  1.5557e-01  1.4073e-01  1.4255e-01
  2144.62      4.6628  1.4489e-01  1.5265e-01  1.5535e-01  1.4061e-01  1.4238e-01
  2143.12      4.6661  1.4471e-01  1.5229e-01  1.5507e-01  1.4049e-01  1.4221e-01
  2141.62      4.6694  1.4447e-01  1.5195e-01  1.5469e-01  1.4035e-01  1.4205e-01
  2140.12      4.6726  1.4423e-01  1.5159e-01  1.5432e-01  1.4022e-01  1.4189e-01
  2138.62      4.6759  1.4403e-01  1.5122e-01  1.5400e-01  1.4008e-01  1.4172e-01
  2137.12      4.6792  1.4385e-01  1.5088e-01  1.5371e-01  1.3994e-01  1.4154e-01
  2135.62      4.6825  1.4361e-01  1.5058e-01  1.5336e-01  1.3980e-01  1.4137e-01
  2134.12      4.6858  1.4329e-01  1.5032e-01  1.5290e-01  1.3965e-01  1.4119e-01
  2132.62      4.6891  1.4296e-01  1.5002e-01  1.5243e-01  1.3951e-01  1.4100e-01
  2131.12      4.6924  1.4266e-01  1.4969e-01  1.5204e-01  1.3936e-01  1.4082e-01
  2129.62      4.6957  1.4234e-01  1.4933e-01  1.5166e-01  1.3921e-01  1.4063e-01
  2128.12      4.6990  1.4198e-01  1.4897e-01  1.5124e-01  1.3907e-01  1.4043e-01
  2126.62      4.7023  1.4166e-01  1.4864e-01  1.5085e-01  1.3892e-01  1.4024e-01
  2125.12      4.7056  1.4137e-01  1.4830e-01  1.5051e-01  1.3877e-01  1.4002e-01
  2123.62      4.7089  1.4113e-01  1.4791e-01  1.5019e-01  1.3861e-01  1.3982e-01
  2122.12      4.7123  1.4091e-01  1.4744e-01  1.4983e-01  1.3846e-01  1.3961e-01
  2120.62      4.7156  1.4058e-01  1.4697e-01  1.4941e-01  1.3830e-01  1.3939e-01
  2119.12      4.7189  1.4016e-01  1.4657e-01  1.4894e-01  1.3813e-01  1.3917e-01
  2117.62      4.7223  1.3982e-01  1.4615e-01  1.4848e-01  1.3797e-01  1.3894e-01
  2116.12      4.7256  1.3956e-01  1.4573e-01  1.4805e-01  1.3780e-01  1.3873e-01
  2114.62      4.7290  1.3928e-01  1.4538e-01  1.4763e-01  1.3763e-01  1.3850e-01
  2113.12      4.7323  1.3892e-01  1.4505e-01  1.4720e-01  1.3746e-01  1.3828e-01
  2111.62      4.7357  1.3857e-01  1.4470e-01  1.4678e-01  1.3729e-01  1.3806e-01
  2110.12      4.7391  1.3830e-01  1.4433e-01  1.4637e-01  1.3711e-01  1.3785e-01
  2108.62      4.7424  1.3809e-01  1.4391e-01  1.4598e-01  1.3694e-01  1.3764e-01
  2107.12      4.7458  1.3790e-01  1.4348e-01  1.4561e-01  1.3676e-01  1.3744e-01
  2105.62      4.7492  1.3760e-01  1.4313e-01  1.4523e-01  1.3658e-01  1.3723e-01
  2104.12      4.7526  1.3722e-01  1.4288e-01  1.4480e-01  1.3640e-01  1.3703e-01
  2102.62      4.7560  1.3683e-01  1.4261e-01  1.4436e-01  1.3622e-01  1.3682e-01
  2101.12      4.7594  1.3656e-01  1.4221e-01  1.4395e-01  1.3604e-01  1.3662e-01
  2099.62      4.7628  1.3635e-01  1.4174e-01  1.4355e-01  1.3587e-01  1.3640e-01
  2098.12      4.7662  1.3609e-01  1.4128e-01  1.4313e-01  1.3569e-01  1.3619e-01
  2096.62      4.7696  1.3579e-01  1.4084e-01  1.4274e-01  1.3551e-01  1.3598e-01
  2095.12      4.7730  1.3548e-01  1.4048e-01  1.4237e-01  1.3534e-01  1.3577e-01
  2093.62      4.7764  1.3514e-01  1.4020e-01  1.4201e-01  1.3515e-01  1.3556e-01
  2092.12      4.7798  1.3481e-01  1.3990e-01  1.4165e-01  1.3498e-01  1.3534e-01
  2090.62      4.7833  1.3457e-01  1.3955e-01  1.4131e-01  1.3481e-01  1.3513e-01
  2089.12      4.7867  1.3438e-01  1.3925e-01  1.4098e-01  1.3464e-01  1.3493e-01
  2087.62      4.7901  1.3413e-01  1.3900e-01  1.4064e-01  1.3447e-01  1.3473e-01
  2086.12      4.7936  1.3381e-01  1.3867e-01  1.4032e-01  1.3430e-01  1.3454e-01
  2084.62      4.7970  1.3355e-01  1.3832e-01  1.4003e-01  1.3415e-01  1.3435e-01
  2083.12      4.8005  1.3338e-01  1.3799e-01  1.3974e-01  1.3399e-01  1.3417e-01
  2081.62      4.8040  1.3320e-01  1.3763e-01  1.3946e-01  1.3385e-01  1.3400e-01
  2080.12      4.8074  1.3293e-01  1.3727e-01  1.3919e-01  1.3371e-01  1.3382e-01
  2078.62      4.8109  1.3266e-01  1.3699e-01  1.3890e-01  1.3359e-01  1.3366e-01
  2077.12      4.8144  1.3247e-01  1.3679e-01  1.3857e-01  1.3346e-01  1.3351e-01
  2075.62      4.8178  1.3230e-01  1.3661e-01  1.3824e-01  1.3335e-01  1.3335e-01
  2074.12      4.8213  1.3217e-01  1.3636e-01  1.3795e-01  1.3324e-01  1.3321e-01
  2072.62      4.8248  1.3204e-01  1.3604e-01  1.3773e-01  1.3314e-01  1.3306e-01
  2071.12      4.8283  1.3187e-01  1.3579e-01  1.3750e-01  1.3305e-01  1.3292e-01
  2069.62      4.8318  1.3162e-01  1.3563e-01  1.3725e-01  1.3297e-01  1.3278e-01
  2068.12      4.8353  1.3145e-01  1.3546e-01  1.3702e-01  1.3288e-01  1.3264e-01
  2066.62      4.8388  1.3137e-01  1.3525e-01  1.3682e-01  1.3280e-01  1.3250e-01
  2065.12      4.8423  1.3119e-01  1.3501e-01  1.3656e-01  1.3273e-01  1.3238e-01
  2063.62      4.8459  1.3093e-01  1.3476e-01  1.3629e-01  1.3265e-01  1.3225e-01
  2062.12      4.8494  1.3072e-01  1.3448e-01  1.3606e-01  1.3258e-01  1.3213e-01
  2060.62      4.8529  1.3060e-01  1.3423e-01  1.3585e-01  1.3251e-01  1.3203e-01
  2059.12      4.8565  1.3048e-01  1.3406e-01  1.3565e-01  1.3245e-01  1.3192e-01
  2057.62      4.8600  1.3032e-01  1.3384e-01  1.3546e-01  1.3239e-01  1.3184e-01
  2056.12      4.8635  1.3016e-01  1.3356e-01  1.3529e-01  1.3233e-01  1.3176e-01
  2054.61      4.8671  1.3000e-01  1.3334e-01  1.3510e-01  1.3227e-01  1.3169e-01
  2053.11      4.8706  1.2987e-01  1.3319e-01  1.3485e-01  1.3222e-01  1.3164e-01
  2051.61      4.8742  1.2977e-01  1.3303e-01  1.3460e-01  1.3218e-01  1.3159e-01
  2050.11      4.8778  1.2965e-01  1.3287e-01  1.3438e-01  1.3215e-01  1.3154e-01
  2048.61      4.8813  1.2952e-01  1.3272e-01  1.3418e-01  1.3212e-01  1.3149e-01
  2047.11      4.8849  1.2938e-01  1.3256e-01  1.3398e-01  1.3209e-01  1.3145e-01
  2045.61      4.8885  1.2922e-01  1.3238e-01  1.3376e-01  1.3205e-01  1.3140e-01
  2044.11      4.8921  1.2903e-01  1.3220e-01  1.3356e-01  1.3202e-01  1.3135e-01
  2042.61      4.8957  1.2887e-01  1.3201e-01  1.3341e-01  1.3199e-01  1.3131e-01
  2041.11      4.8993  1.2878e-01  1.3183e-01  1.3329e-01  1.3196e-01  1.3127e-01
  2039.61      4.9029  1.2871e-01  1.3174e-01  1.3314e-01  1.3194e-01  1.3124e-01
  2038.11      4.9065  1.2858e-01  1.3165e-01  1.3292e-01  1.3192e-01  1.3120e-01
  2036.61      4.9101  1.2841e-01  1.3146e-01  1.3268e-01  1.3191e-01  1.3118e-01
  2035.11      4.9137  1.2824e-01  1.3122e-01  1.3251e-01  1.3190e-01  1.3116e-01
  2033.61      4.9174  1.2808e-01  1.3098e-01  1.3234e-01  1.3190e-01  1.3115e-01
  2032.11      4.9210  1.2793e-01  1.3073e-01  1.3213e-01  1.3190e-01  1.3114e-01
  2030.61      4.9246  1.2775e-01  1.3055e-01  1.3193e-01  1.3191e-01  1.3114e-01
  2029.11      4.9283  1.2754e-01  1.3038e-01  1.3177e-01  1.3193e-01  1.3114e-01
  2027.61      4.9319  1.2732e-01  1.3019e-01  1.3163e-01  1.3195e-01  1.3115e-01
  2026.11      4.9356  1.2716e-01  1.2996e-01  1.3150e-01  1.3197e-01  1.3115e-01
  2024.61      4.9392  1.2711e-01  1.2974e-01  1.3133e-01  1.3198e-01  1.3114e-01
  2023.11      4.9429  1.2708e-01  1.2957e-01  1.3110e-01  1.3199e-01  1.3114e-01
  2021.61      4.9465  1.2701e-01  1.2944e-01  1.3087e-01  1.3200e-01  1.3113e-01
  2020.11      4.9502  1.2687e-01  1.2933e-01  1.3066e-01  1.3201e-01  1.3113e-01
  2018.61      4.9539  1.2672e-01  1.2924e-01  1.3049e-01  1.3202e-01  1.3112e-01
  2017.11      4.9576  1.2661e-01  1.2915e-01  1.3035e-01  1.3202e-01  1.3110e-01
  2015.61      4.9613  1.2657e-01  1.2904e-01  1.3029e-01  1.3203e-01  1.3109e-01
  2014.11      4.9650  1.2654e-01  1.2892e-01  1.3024e-01  1.3205e-01  1.3108e-01
  2012.61      4.9687  1.2643e-01  1.2874e-01  1.3006e-01  1.3207e-01  1.3108e-01
  2011.11      4.9724  1.2627e-01  1.2856e-01  1.2981e-01  1.3211e-01  1.3110e-01
  2009.61      4.9761  1.2612e-01  1.2841e-01  1.2957e-01  1.3216e-01  1.3113e-01
  2008.11      4.9798  1.2600e-01  1.2830e-01  1.2939e-01  1.3223e-01  1.3117e-01
  2006.61      4.9835  1.2588e-01  1.2818e-01  1.2925e-01  1.3231e-01  1.3123e-01
  2005.11      4.9873  1.2576e-01  1.2801e-01  1.2913e-01  1.3241e-01  1.3129e-01
  2003.61      4.9910  1.2571e-01  1.2789e-01  1.2904e-01  1.3250e-01  1.3138e-01
  2002.11      4.9947  1.2571e-01  1.2779e-01  1.2892e-01  1.3259e-01  1.3146e-01
  2000.61      4.9985  1.2573e-01  1.2764e-01  1.2879e-01  1.3269e-01  1.3155e-01
  1999.11      5.0022  1.2572e-01  1.2749e-01  1.2869e-01  1.3278e-01  1.3162e-01
  1997.61      5.0060  1.2564e-01  1.2741e-01  1.2864e-01  1.3286e-01  1.3169e-01
  1996.11      5.0097  1.2556e-01  1.2738e-01  1.2864e-01  1.3294e-01  1.3176e-01
  1994.61      5.0135  1.2548e-01  1.2735e-01  1.2861e-01  1.3301e-01  1.3182e-01
  1993.11      5.0173  1.2538e-01  1.2724e-01  1.2845e-01  1.3306e-01  1.3187e-01
  1991.61      5.0211  1.2534e-01  1.2707e-01  1.2827e-01  1.3312e-01  1.3190e-01
  1990.11      5.0248  1.2537e-01  1.2695e-01  1.2822e-01  1.3317e-01  1.3194e-01
  1988.61      5.0286  1.2540e-01  1.2697e-01  1.2824e-01  1.3323e-01  1.3198e-01
  1987.11      5.0324  1.2542e-01  1.2705e-01  1.2828e-01  1.3330e-01  1.3204e-01
  1985.61      5.0362  1.2549e-01  1.2710e-01  1.2832e-01  1.3338e-01  1.3211e-01
  1984.11      5.0400  1.2556e-01  1.2710e-01  1.2831e-01  1.3349e-01  1.3222e-01
  1982.61      5.0439  1.2559e-01  1.2710e-01  1.2827e-01  1.3360e-01  1.3234e-01
  1981.11      5.0477  1.2559e-01  1.2707e-01  1.2823e-01  1.3374e-01  1.3248e-01
  1979.61      5.0515  1.2558e-01  1.2704e-01  1.2823e-01  1.3389e-01  1.3264e-01
  1978.11      5.0553  1.2555e-01  1.2708e-01  1.2828e-01  1.3406e-01  1.3283e-01
  1976.61      5.0592  1.2555e-01  1.2715e-01  1.2839e-01  1.3424e-01  1.3301e-01
  1975.11      5.0630  1.2561e-01  1.2719e-01  1.2846e-01  1.3443e-01  1.3321e-01
  1973.61      5.0669  1.2569e-01  1.2721e-01  1.2847e-01  1.3462e-01  1.3342e-01
  1972.11      5.0707  1.2575e-01  1.2726e-01  1.2843e-01  1.3482e-01  1.3362e-01
  1970.61      5.0746  1.2580e-01  1.2734e-01  1.2838e-01  1.3502e-01  1.3382e-01
  1969.11      5.0784  1.2586e-01  1.2743e-01  1.2839e-01  1.3522e-01  1.3402e-01
  1967.61      5.0823  1.2595e-01  1.2753e-01  1.2854e-01  1.3543e-01  1.3420e-01
  1966.11      5.0862  1.2611e-01  1.2765e-01  1.2876e-01  1.3564e-01  1.3438e-01
  1964.61      5.0901  1.2626e-01  1.2778e-01  1.2894e-01  1.3585e-01  1.3456e-01
  1963.11      5.0940  1.2636e-01  1.2788e-01  1.2903e-01  1.3608e-01  1.3476e-01
  1961.61      5.0979  1.2653e-01  1.2799e-01  1.2908e-01  1.3633e-01  1.3498e-01
  1960.11      5.1018  1.2680e-01  1.2812e-01  1.2921e-01  1.3659e-01  1.3522e-01
  1958.61      5.1057  1.2702e-01  1.2826e-01  1.2939e-01  1.3687e-01  1.3548e-01
  1957.11      5.1096  1.2716e-01  1.2840e-01  1.2955e-01  1.3718e-01  1.3577e-01
  1955.61      5.1135  1.2728e-01  1.2857e-01  1.2968e-01  1.3749e-01  1.3607e-01
  1954.11      5.1174  1.2744e-01  1.2876e-01  1.2982e-01  1.3780e-01  1.3638e-01
  1952.61      5.1214  1.2758e-01  1.2894e-01  1.2999e-01  1.3813e-01  1.3671e-01
  1951.11      5.1253  1.2770e-01  1.2905e-01  1.3013e-01  1.3846e-01  1.3704e-01
  1949.61      5.1292  1.2787e-01  1.2912e-01  1.3019e-01  1.3878e-01  1.3737e-01
  1948.11      5.1332  1.2811e-01  1.2922e-01  1.3025e-01  1.3910e-01  1.3770e-01
  1946.61      5.1371  1.2837e-01  1.2938e-01  1.3042e-01  1.3943e-01  1.3803e-01
  1945.11      5.1411  1.2860e-01  1.2952e-01  1.3063e-01  1.3973e-01  1.3834e-01
  1943.61      5.1451  1.2878e-01  1.2966e-01  1.3081e-01  1.4003e-01  1.3864e-01
  1942.11      5.1490  1.2898e-01  1.2991e-01  1.3108e-01  1.4032e-01  1.3892e-01
  1940.61      5.1530  1.2926e-01  1.3031e-01  1.3142e-01  1.4062e-01  1.3921e-01
  1939.11      5.1570  1.2952e-01  1.3066e-01  1.3171e-01  1.4094e-01  1.3953e-01
  1937.61      5.1610  1.2967e-01  1.3085e-01  1.3189e-01  1.4128e-01  1.3988e-01
  1936.11      5.1650  1.2983e-01  1.3102e-01  1.3205e-01  1.4166e-01  1.4028e-01
  1934.61      5.1690  1.3007e-01  1.3123e-01  1.3221e-01  1.4206e-01  1.4068e-01
  1933.11      5.1730  1.3037e-01  1.3143e-01  1.3238e-01  1.4248e-01  1.4111e-01
  1931.61      5.1770  1.3070e-01  1.3166e-01  1.3258e-01  1.4290e-01  1.4156e-01
  1930.11      5.1811  1.3095e-01  1.3189e-01  1.3281e-01  1.4335e-01  1.4202e-01
  1928.61      5.1851  1.3118e-01  1.3208e-01  1.3307e-01  1.4381e-01  1.4249e-01
  1927.11      5.1891  1.3144e-01  1.3228e-01  1.3330e-01  1.4426e-01  1.4297e-01
  1925.61      5.1932  1.3167e-01  1.3246e-01  1.3347e-01  1.4471e-01  1.4343e-01
  1924.11      5.1972  1.3184e-01  1.3258e-01  1.3362e-01  1.4516e-01  1.4388e-01
  1922.61      5.2013  1.3204e-01  1.3278e-01  1.3387e-01  1.4558e-01  1.4429e-01
  1921.11      5.2053  1.3239e-01  1.3314e-01  1.3426e-01  1.4598e-01  1.4467e-01
  1919.60      5.2094  1.3272e-01  1.3348e-01  1.3456e-01  1.4637e-01  1.4505e-01
  1918.10      5.2135  1.3295e-01  1.3375e-01  1.3476e-01  1.4675e-01  1.4540e-01
  1916.60      5.2176  1.3324e-01  1.3409e-01  1.3508e-01  1.4712e-01  1.4574e-01
  1915.10      5.2216  1.3357e-01  1.3441e-01  1.3545e-01  1.4751e-01  1.4610e-01
  1913.60      5.2257  1.3384e-01  1.3463e-01  1.3570e-01  1.4792e-01  1.4648e-01
  1912.10      5.2298  1.3407e-01  1.3481e-01  1.3586e-01  1.4834e-01  1.4689e-01
  1910.60      5.2339  1.3427e-01  1.3501e-01  1.3596e-01  1.4877e-01  1.4732e-01
  1909.10      5.2381  1.3450e-01  1.3524e-01  1.3616e-01  1.4923e-01  1.4776e-01
  1907.60      5.2422  1.3486e-01  1.3560e-01  1.3653e-01  1.4972e-01  1.4824e-01
  1906.10      5.2463  1.3532e-01  1.3601e-01  1.3696e-01  1.5023e-01  1.4875e-01
  1904.60      5.2504  1.3575e-01  1.3634e-01  1.3731e-01  1.5076e-01  1.4929e-01
  1903.10      5.2546  1.3612e-01  1.3662e-01  1.3758e-01  1.5134e-01  1.4988e-01
  1901.60      5.2587  1.3643e-01  1.3687e-01  1.3786e-01  1.5192e-01  1.5048e-01
  1900.10      5.2629  1.3675e-01  1.3713e-01  1.3819e-01  1.5251e-01  1.5108e-01
  1898.60      5.2670  1.3712e-01  1.3738e-01  1.3850e-01  1.5310e-01  1.5168e-01
  1897.10      5.2712  1.3748e-01  1.3761e-01  1.3878e-01  1.5369e-01  1.5227e-01
  1895.60      5.2754  1.3779e-01  1.3791e-01  1.3907e-01  1.5428e-01  1.5287e-01
  1894.10      5.2795  1.3813e-01  1.3831e-01  1.3940e-01  1.5487e-01  1.5346e-01
  1892.60      5.2837  1.3849e-01  1.3868e-01  1.3976e-01  1.5546e-01  1.5404e-01
  1891.10      5.2879  1.3883e-01  1.3892e-01  1.4007e-01  1.5603e-01  1.5461e-01
  1889.60      5.2921  1.3919e-01  1.3921e-01  1.4037e-01  1.5660e-01  1.5517e-01
  1888.10      5.2963  1.3964e-01  1.3972e-01  1.4078e-01  1.5716e-01  1.5572e-01
  1886.60      5.3005  1.4012e-01  1.4025e-01  1.4121e-01  1.5774e-01  1.5629e-01
  1885.10      5.3048  1.4055e-01  1.4070e-01  1.4155e-01  1.5835e-01  1.5691e-01
  1883.60      5.3090  1.4096e-01  1.4113e-01  1.4190e-01  1.5900e-01  1.5759e-01
  1882.10      5.3132  1.4134e-01  1.4151e-01  1.4225e-01  1.5968e-01  1.5830e-01
  1880.60      5.3174  1.4175e-01  1.4179e-01  1.4259e-01  1.6038e-01  1.5904e-01
  1879.10      5.3217  1.4219e-01  1.4204e-01  1.4297e-01  1.6110e-01  1.5978e-01
  1877.60      5.3259  1.4263e-01  1.4238e-01  1.4336e-01  1.6180e-01  1.6052e-01
  1876.10      5.3302  1.4306e-01  1.4287e-01  1.4378e-01  1.6251e-01  1.6125e-01
  1874.60      5.3345  1.4344e-01  1.4336e-01  1.4420e-01  1.6322e-01  1.6197e-01
  1873.10      5.3387  1.4384e-01  1.4379e-01  1.4458e-01  1.6392e-01  1.6269e-01
  1871.60      5.3430  1.4431e-01  1.4410e-01  1.4490e-01  1.6459e-01  1.6336e-01
  1870.10      5.3473  1.4475e-01  1.4432e-01  1.4519e-01  1.6523e-01  1.6396e-01
  1868.60      5.3516  1.4526e-01  1.4475e-01  1.4571e-01  1.6581e-01  1.6450e-01
  1867.10      5.3559  1.4587e-01  1.4546e-01  1.4645e-01  1.6637e-01  1.6500e-01
  1865.60      5.3602  1.4645e-01  1.4617e-01  1.4714e-01  1.6694e-01  1.6551e-01
  1864.10      5.3645  1.4697e-01  1.4673e-01  1.4771e-01  1.6755e-01  1.6608e-01
  1862.60      5.3688  1.4745e-01  1.4721e-01  1.4820e-01  1.6820e-01  1.6670e-01
  1861.10      5.3732  1.4795e-01  1.4772e-01  1.4863e-01  1.6888e-01  1.6738e-01
  1859.60      5.3775  1.4852e-01  1.4825e-01  1.4907e-01  1.6963e-01  1.6812e-01
  1858.10      5.3818  1.4912e-01  1.4876e-01  1.4957e-01  1.7041e-01  1.6893e-01
  1856.60      5.3862  1.4973e-01  1.4927e-01  1.5013e-01  1.7124e-01  1.6980e-01
  1855.10      5.3905  1.5029e-01  1.4976e-01  1.5063e-01  1.7210e-01  1.7070e-01
  1853.60      5.3949  1.5079e-01  1.5022e-01  1.5104e-01  1.7297e-01  1.7164e-01
  1852.10      5.3993  1.5130e-01  1.5071e-01  1.5146e-01  1.7386e-01  1.7258e-01
  1850.60      5.4037  1.5184e-01  1.5122e-01  1.5187e-01  1.7474e-01  1.7351e-01
  1849.10      5.4080  1.5240e-01  1.5171e-01  1.5233e-01  1.7559e-01  1.7439e-01
  1847.60      5.4124  1.5296e-01  1.5224e-01  1.5288e-01  1.7642e-01  1.7524e-01
  1846.10      5.4168  1.5346e-01  1.5277e-01  1.5340e-01  1.7721e-01  1.7604e-01
  1844.60      5.4212  1.5400e-01  1.5327e-01  1.5386e-01  1.7797e-01  1.7680e-01
  1843.10      5.4256  1.5474e-01  1.5398e-01  1.5453e-01  1.7872e-01  1.7754e-01
  1841.60      5.4301  1.5557e-01  1.5484e-01  1.5538e-01  1.7948e-01  1.7828e-01
  1840.10      5.4345  1.5627e-01  1.5551e-01  1.5607e-01  1.8026e-01  1.7906e-01
  1838.60      5.4389  1.5690e-01  1.5596e-01  1.5654e-01  1.8106e-01  1.7986e-01
  1837.10      5.4434  1.5752e-01  1.5643e-01  1.5700e-01  1.8187e-01  1.8068e-01
  1835.60      5.4478  1.5811e-01  1.5698e-01  1.5759e-01  1.8269e-01  1.8149e-01
  1834.10      5.4523  1.5863e-01  1.5754e-01  1.5823e-01  1.8351e-01  1.8231e-01
  1832.60      5.4567  1.5914e-01  1.5803e-01  1.5878e-01  1.8433e-01  1.8312e-01
  1831.10      5.4612  1.5963e-01  1.5844e-01  1.5918e-01  1.8516e-01  1.8392e-01
  1829.60      5.4657  1.6017e-01  1.5900e-01  1.5961e-01  1.8595e-01  1.8470e-01
  1828.10      5.4702  1.6096e-01  1.5986e-01  1.6032e-01  1.8673e-01  1.8545e-01
  1826.60      5.4747  1.6176e-01  1.6061e-01  1.6104e-01  1.8751e-01  1.8619e-01
  1825.10      5.4792  1.6245e-01  1.6116e-01  1.6169e-01  1.8827e-01  1.8693e-01
  1823.60      5.4837  1.6320e-01  1.6189e-01  1.6248e-01  1.8906e-01  1.8770e-01
  1822.10      5.4882  1.6389e-01  1.6267e-01  1.6322e-01  1.8986e-01  1.8848e-01
  1820.60      5.4927  1.6450e-01  1.6331e-01  1.6383e-01  1.9070e-01  1.8932e-01
  1819.10      5.4972  1.6509e-01  1.6383e-01  1.6441e-01  1.9156e-01  1.9020e-01
  1817.60      5.5018  1.6570e-01  1.6434e-01  1.6503e-01  1.9246e-01  1.9113e-01
  1816.10      5.5063  1.6635e-01  1.6494e-01  1.6566e-01  1.9340e-01  1.9212e-01
  1814.60      5.5109  1.6699e-01  1.6554e-01  1.6614e-01  1.9440e-01  1.9318e-01
  1813.10      5.5154  1.6761e-01  1.6608e-01  1.6657e-01  1.9543e-01  1.9428e-01
  1811.60      5.5200  1.6823e-01  1.6658e-01  1.6713e-01  1.9646e-01  1.9539e-01
  1810.10      5.5246  1.6892e-01  1.6716e-01  1.6782e-01  1.9748e-01  1.9648e-01
  1808.60      5.5291  1.6963e-01  1.6779e-01  1.6855e-01  1.9851e-01  1.9757e-01
  1807.10      5.5337  1.7029e-01  1.6838e-01  1.6919e-01  1.9956e-01  1.9867e-01
  1805.60      5.5383  1.7091e-01  1.6895e-01  1.6971e-01  2.0060e-01  1.9979e-01
  1804.10      5.5429  1.7149e-01  1.6957e-01  1.7018e-01  2.0164e-01  2.0090e-01
  1802.60      5.5476  1.7205e-01  1.7015e-01  1.7067e-01  2.0265e-01  2.0196e-01
  1801.10      5.5522  1.7271e-01  1.7072e-01  1.7131e-01  2.0361e-01  2.0294e-01
  1799.60      5.5568  1.7355e-01  1.7143e-01  1.7206e-01  2.0452e-01  2.0386e-01
  1798.10      5.5614  1.7435e-01  1.7219e-01  1.7272e-01  2.0541e-01  2.0475e-01
  1796.60      5.5661  1.7499e-01  1.7287e-01  1.7329e-01  2.0629e-01  2.0564e-01
  1795.10      5.5707  1.7555e-01  1.7340e-01  1.7386e-01  2.0717e-01  2.0651e-01
  1793.60      5.5754  1.7609e-01  1.7378e-01  1.7435e-01  2.0803e-01  2.0737e-01
  1792.10      5.5801  1.7675e-01  1.7434e-01  1.7494e-01  2.0884e-01  2.0815e-01
  1790.60      5.5847  1.7760e-01  1.7527e-01  1.7580e-01  2.0963e-01  2.0889e-01
  1789.10      5.5894  1.7839e-01  1.7622e-01  1.7665e-01  2.1045e-01  2.0968e-01
  1787.60      5.5941  1.7901e-01  1.7692e-01  1.7733e-01  2.1133e-01  2.1058e-01
  1786.10      5.5988  1.7954e-01  1.7741e-01  1.7792e-01  2.1231e-01  2.1161e-01
  1784.59      5.6035  1.8018e-01  1.7790e-01  1.7852e-01  2.1334e-01  2.1270e-01
  1783.09      5.6082  1.8095e-01  1.7855e-01  1.7910e-01  2.1439e-01  2.1382e-01
  1781.59      5.6129  1.8165e-01  1.7920e-01  1.7961e-01  2.1542e-01  2.1493e-01
  1780.09      5.6177  1.8235e-01  1.7989e-01  1.8020e-01  2.1644e-01  2.1601e-01
  1778.59      5.6224  1.8309e-01  1.8059e-01  1.8092e-01  2.1746e-01  2.1709e-01
  1777.09      5.6272  1.8379e-01  1.8119e-01  1.8161e-01  2.1848e-01  2.1818e-01
  1775.59      5.6319  1.8448e-01  1.8171e-01  1.8220e-01  2.1950e-01  2.1928e-01
  1774.09      5.6367  1.8506e-01  1.8215e-01  1.8260e-01  2.2048e-01  2.2028e-01
  1772.59      5.6414  1.8563e-01  1.8267e-01  1.8299e-01  2.2136e-01  2.2118e-01
  1771.09      5.6462  1.8640e-01  1.8351e-01  1.8370e-01  2.2216e-01  2.2195e-01
  1769.59      5.6510  1.8728e-01  1.8449e-01  1.8460e-01  2.2292e-01  2.2266e-01
  1768.09      5.6558  1.8809e-01  1.8538e-01  1.8549e-01  2.2370e-01  2.2340e-01
  1766.59      5.6606  1.8883e-01  1.8624e-01  1.8639e-01  2.2451e-01  2.2419e-01
  1765.09      5.6654  1.8954e-01  1.8703e-01  1.8717e-01  2.2538e-01  2.2509e-01
  1763.59      5.6702  1.9019e-01  1.8759e-01  1.8773e-01  2.2632e-01  2.2607e-01
  1762.09      5.6751  1.9083e-01  1.8806e-01  1.8828e-01  2.2728e-01  2.2710e-01
  1760.59      5.6799  1.9161e-01  1.8874e-01  1.8907e-01  2.2825e-01  2.2813e-01
  1759.09      5.6847  1.9238e-01  1.8950e-01  1.8981e-01  2.2923e-01  2.2919e-01
  1757.59      5.6896  1.9305e-01  1.9017e-01  1.9032e-01  2.3025e-01  2.3030e-01
  1756.09      5.6945  1.9376e-01  1.9089e-01  1.9088e-01  2.3127e-01  2.3145e-01
  1754.59      5.6993  1.9454e-01  1.9163e-01  1.9156e-01  2.3231e-01  2.3260e-01
  1753.09      5.7042  1.9519e-01  1.9217e-01  1.9209e-01  2.3332e-01  2.3373e-01
  1751.59      5.7091  1.9569e-01  1.9255e-01  1.9252e-01  2.3428e-01  2.3478e-01
  1750.09      5.7140  1.9631e-01  1.9314e-01  1.9319e-01  2.3514e-01  2.3571e-01
  1748.59      5.7189  1.9723e-01  1.9401e-01  1.9419e-01  2.3594e-01  2.3656e-01
  1747.09      5.7238  1.9818e-01  1.9496e-01  1.9516e-01  2.3674e-01  2.3739e-01
  1745.59      5.7287  1.9892e-01  1.9575e-01  1.9591e-01  2.3752e-01  2.3820e-01
  1744.09      5.7336  1.9957e-01  1.9645e-01  1.9658e-01  2.3826e-01  2.3897e-01
  1742.59      5.7386  2.0022e-01  1.9713e-01  1.9727e-01  2.3896e-01  2.3967e-01
  1741.09      5.7435  2.0088e-01  1.9773e-01  1.9792e-01  2.3961e-01  2.4029e-01
  1739.59      5.7485  2.0156e-01  1.9832e-01  1.9850e-01  2.4018e-01  2.4082e-01
  1738.09      5.7534  2.0232e-01  1.9904e-01  1.9912e-01  2.4070e-01  2.4129e-01
  1736.59      5.7584  2.0301e-01  1.9961e-01  1.9963e-01  2.4122e-01  2.4175e-01
  1735.09      5.7634  2.0343e-01  1.9974e-01  1.9983e-01  2.4173e-01  2.4220e-01
  1733.59      5.7684  2.0391e-01  2.0008e-01  2.0036e-01  2.4219e-01  2.4260e-01
  1732.09      5.7734  2.0471e-01  2.0113e-01  2.0147e-01  2.4263e-01  2.4301e-01
  1730.59      5.7784  2.0554e-01  2.0219e-01  2.0247e-01  2.4313e-01  2.4349e-01
  1729.09      5.7834  2.0623e-01  2.0293e-01  2.0319e-01  2.4368e-01  2.4407e-01
  1727.59      5.7884  2.0678e-01  2.0346e-01  2.0375e-01  2.4426e-01  2.4470e-01
  1726.09      5.7934  2.0720e-01  2.0382e-01  2.0413e-01  2.4486e-01  2.4537e-01
  1724.59      5.7985  2.0758e-01  2.0411e-01  2.0440e-01  2.4547e-01  2.4605e-01
  1723.09      5.8035  2.0801e-01  2.0450e-01  2.0474e-01  2.4605e-01  2.4672e-01
  1721.59      5.8086  2.0839e-01  2.0491e-01  2.0504e-01  2.4661e-01  2.4737e-01
  1720.09      5.8136  2.0868e-01  2.0518e-01  2.0518e-01  2.4716e-01  2.4803e-01
  1718.59      5.8187  2.0884e-01  2.0524e-01  2.0514e-01  2.4767e-01  2.4861e-01
  1717.09      5.8238  2.0908e-01  2.0545e-01  2.0538e-01  2.4804e-01  2.4903e-01
  1715.59      5.8289  2.0972e-01  2.0611e-01  2.0613e-01  2.4828e-01  2.4928e-01
  1714.09      5.8340  2.1036e-01  2.0681e-01  2.0683e-01  2.4850e-01  2.4951e-01
  1712.59      5.8391  2.1080e-01  2.0739e-01  2.0739e-01  2.4871e-01  2.4976e-01
  1711.09      5.8442  2.1105e-01  2.0769e-01  2.0772e-01  2.4891e-01  2.5002e-01
  1709.59      5.8494  2.1115e-01  2.0765e-01  2.0777e-01  2.4908e-01  2.5027e-01
  1708.09      5.8545  2.1118e-01  2.0750e-01  2.0776e-01  2.4919e-01  2.5042e-01
  1706.59      5.8596  2.1109e-01  2.0738e-01  2.0771e-01  2.4916e-01  2.5041e-01
  1705.09      5.8648  2.1108e-01  2.0752e-01  2.0776e-01  2.4901e-01  2.5024e-01
  1703.59      5.8700  2.1114e-01  2.0779e-01  2.0788e-01  2.4877e-01  2.4996e-01
  1702.09      5.8751  2.1104e-01  2.0777e-01  2.0772e-01  2.4848e-01  2.4963e-01
  1700.59      5.8803  2.1090e-01  2.0749e-01  2.0742e-01  2.4809e-01  2.4916e-01
  1699.09      5.8855  2.1101e-01  2.0760e-01  2.0768e-01  2.4755e-01  2.4851e-01
  1697.59      5.8907  2.1118e-01  2.0789e-01  2.0814e-01  2.4693e-01  2.4773e-01
  1696.09      5.8959  2.1124e-01  2.0787e-01  2.0825e-01  2.4622e-01  2.4684e-01
  1694.59      5.9011  2.1134e-01  2.0795e-01  2.0836e-01  2.4542e-01  2.4586e-01
  1693.09      5.9064  2.1127e-01  2.0801e-01  2.0844e-01  2.4461e-01  2.4485e-01
  1691.59      5.9116  2.1094e-01  2.0778e-01  2.0814e-01  2.4382e-01  2.4393e-01
  1690.09      5.9169  2.1046e-01  2.0737e-01  2.0758e-01  2.4306e-01  2.4306e-01
  1688.59      5.9221  2.1007e-01  2.0705e-01  2.0721e-01  2.4231e-01  2.4221e-01
  1687.09      5.9274  2.0972e-01  2.0670e-01  2.0686e-01  2.4153e-01  2.4134e-01
  1685.59      5.9326  2.0908e-01  2.0589e-01  2.0608e-01  2.4070e-01  2.4042e-01
  1684.09      5.9379  2.0845e-01  2.0523e-01  2.0550e-01  2.3976e-01  2.3937e-01
  1682.59      5.9432  2.0831e-01  2.0539e-01  2.0572e-01  2.3871e-01  2.3818e-01
  1681.09      5.9485  2.0819e-01  2.0556e-01  2.0590e-01  2.3760e-01  2.3694e-01
  1679.59      5.9538  2.0778e-01  2.0533e-01  2.0568e-01  2.3648e-01  2.3570e-01
  1678.09      5.9592  2.0716e-01  2.0480e-01  2.0515e-01  2.3532e-01  2.3444e-01
  1676.59      5.9645  2.0642e-01  2.0402e-01  2.0436e-01  2.3413e-01  2.3313e-01
  1675.09      5.9698  2.0567e-01  2.0317e-01  2.0355e-01  2.3286e-01  2.3175e-01
  1673.59      5.9752  2.0495e-01  2.0259e-01  2.0306e-01  2.3154e-01  2.3028e-01
  1672.09      5.9806  2.0419e-01  2.0205e-01  2.0254e-01  2.3020e-01  2.2881e-01
  1670.59      5.9859  2.0334e-01  2.0120e-01  2.0170e-01  2.2887e-01  2.2738e-01
  1669.09      5.9913  2.0259e-01  2.0037e-01  2.0092e-01  2.2762e-01  2.2607e-01
  1667.59      5.9967  2.0196e-01  1.9986e-01  2.0045e-01  2.2648e-01  2.2493e-01
  1666.09      6.0021  2.0120e-01  1.9926e-01  1.9984e-01  2.2542e-01  2.2392e-01
  1664.59      6.0075  2.0016e-01  1.9827e-01  1.9878e-01  2.2437e-01  2.2293e-01
  1663.09      6.0129  1.9893e-01  1.9707e-01  1.9753e-01  2.2329e-01  2.2188e-01
  1661.59      6.0183  1.9777e-01  1.9601e-01  1.9644e-01  2.2215e-01  2.2080e-01
  1660.09      6.0238  1.9675e-01  1.9506e-01  1.9546e-01  2.2103e-01  2.1974e-01
  1658.59      6.0292  1.9567e-01  1.9396e-01  1.9425e-01  2.1988e-01  2.1864e-01
  1657.09      6.0347  1.9444e-01  1.9270e-01  1.9288e-01  2.1862e-01  2.1743e-01
  1655.59      6.0402  1.9295e-01  1.9117e-01  1.9126e-01  2.1723e-01  2.1600e-01
  1654.09      6.0456  1.9105e-01  1.8910e-01  1.8916e-01  2.1560e-01  2.1426e-01
  1652.59      6.0511  1.8970e-01  1.8755e-01  1.8779e-01  2.1373e-01  2.1217e-01
  1651.08      6.0566  1.8920e-01  1.8719e-01  1.8761e-01  2.1172e-01  2.0991e-01
  1649.58      6.0621  1.8823e-01  1.8641e-01  1.8678e-01  2.0970e-01  2.0765e-01
  1648.08      6.0676  1.8656e-01  1.8471e-01  1.8504e-01  2.0766e-01  2.0536e-01
  1646.58      6.0732  1.8486e-01  1.8299e-01  1.8339e-01  2.0551e-01  2.0294e-01
  1645.08      6.0787  1.8361e-01  1.8191e-01  1.8237e-01  2.0329e-01  2.0043e-01
  1643.58      6.0843  1.8242e-01  1.8086e-01  1.8128e-01  2.0110e-01  1.9799e-01
  1642.08      6.0898  1.8101e-01  1.7935e-01  1.7978e-01  1.9902e-01  1.9571e-01
  1640.58      6.0954  1.7939e-01  1.7764e-01  1.7803e-01  1.9707e-01  1.9361e-01
  1639.08      6.1010  1.7765e-01  1.7601e-01  1.7622e-01  1.9524e-01  1.9170e-01
  1637.58      6.1066  1.7567e-01  1.7416e-01  1.7422e-01  1.9345e-01  1.8987e-01
  1636.08      6.1122  1.7365e-01  1.7212e-01  1.7232e-01  1.9159e-01  1.8795e-01
  1634.58      6.1178  1.7230e-01  1.7073e-01  1.7117e-01  1.8968e-01  1.8595e-01
  1633.08      6.1234  1.7124e-01  1.6974e-01  1.7024e-01  1.8781e-01  1.8402e-01
  1631.58      6.1290  1.6988e-01  1.6842e-01  1.6886e-01  1.8607e-01  1.8229e-01
  1630.08      6.1347  1.6817e-01  1.6663e-01  1.6700e-01  1.8440e-01  1.8065e-01
  1628.58      6.1403  1.6634e-01  1.6468e-01  1.6503e-01  1.8271e-01  1.7898e-01
  1627.08      6.1460  1.6468e-01  1.6305e-01  1.6330e-01  1.8097e-01  1.7722e-01
  1625.58      6.1516  1.6308e-01  1.6149e-01  1.6161e-01  1.7917e-01  1.7540e-01
  1624.08      6.1573  1.6137e-01  1.5971e-01  1.5980e-01  1.7737e-01  1.7357e-01
  1622.58      6.1630  1.5983e-01  1.5807e-01  1.5823e-01  1.7557e-01  1.7176e-01
  1621.08      6.1687  1.5861e-01  1.5686e-01  1.5710e-01  1.7385e-01  1.7004e-01
  1619.58      6.1744  1.5728e-01  1.5559e-01  1.5584e-01  1.7217e-01  1.6838e-01
  1618.08      6.1802  1.5545e-01  1.5375e-01  1.5399e-01  1.7046e-01  1.6668e-01
  1616.58      6.1859  1.5355e-01  1.5183e-01  1.5207e-01  1.6869e-01  1.6489e-01
  1615.08      6.1916  1.5227e-01  1.5062e-01  1.5091e-01  1.6690e-01  1.6309e-01
  1613.58      6.1974  1.5116e-01  1.4962e-01  1.4997e-01  1.6519e-01  1.6140e-01
  1612.08      6.2032  1.4976e-01  1.4823e-01  1.4864e-01  1.6357e-01  1.5984e-01
  1610.58      6.2089  1.4825e-01  1.4665e-01  1.4706e-01  1.6206e-01  1.5840e-01
  1609.08      6.2147  1.4684e-01  1.4518e-01  1.4550e-01  1.6063e-01  1.5706e-01
  1607.58      6.2205  1.4548e-01  1.4389e-01  1.4406e-01  1.5927e-01  1.5582e-01
  1606.08      6.2263  1.4415e-01  1.4272e-01  1.4277e-01  1.5798e-01  1.5464e-01
  1604.58      6.2322  1.4288e-01  1.4149e-01  1.4155e-01  1.5676e-01  1.5354e-01
  1603.08      6.2380  1.4167e-01  1.4020e-01  1.4040e-01  1.5561e-01  1.5253e-01
  1601.58      6.2438  1.4057e-01  1.3898e-01  1.3932e-01  1.5455e-01  1.5160e-01
  1600.08      6.2497  1.3951e-01  1.3783e-01  1.3820e-01  1.5354e-01  1.5073e-01
  1598.58      6.2555  1.3850e-01  1.3673e-01  1.3706e-01  1.5258e-01  1.4989e-01
  1597.08      6.2614  1.3742e-01  1.3560e-01  1.3593e-01  1.5166e-01  1.4908e-01
  1595.58      6.2673  1.3630e-01  1.3445e-01  1.3483e-01  1.5078e-01  1.4831e-01
  1594.08      6.2732  1.3528e-01  1.3346e-01  1.3383e-01  1.4996e-01  1.4759e-01
  1592.58      6.2791  1.3434e-01  1.3259e-01  1.3284e-01  1.4921e-01  1.4696e-01
  1591.08      6.2850  1.3347e-01  1.3176e-01  1.3189e-01  1.4855e-01  1.4644e-01
  1589.58      6.2910  1.3265e-01  1.3086e-01  1.3100e-01  1.4797e-01  1.4601e-01
  1588.08      6.2969  1.3182e-01  1.2989e-01  1.3015e-01  1.4745e-01  1.4564e-01
  1586.58      6.3029  1.3103e-01  1.2902e-01  1.2932e-01  1.4697e-01  1.4530e-01
  1585.08      6.3088  1.3019e-01  1.2819e-01  1.2840e-01  1.4654e-01  1.4502e-01
  1583.58      6.3148  1.2939e-01  1.2742e-01  1.2751e-01  1.4616e-01  1.4480e-01
  1582.08      6.3208  1.2868e-01  1.2664e-01  1.2672e-01  1.4582e-01  1.4461e-01
  1580.58      6.3268  1.2806e-01  1.2585e-01  1.2602e-01  1.4548e-01  1.4442e-01
  1579.08      6.3328  1.2744e-01  1.2511e-01  1.2522e-01  1.4513e-01  1.4420e-01
  1577.58      6.3388  1.2648e-01  1.2411e-01  1.2404e-01  1.4475e-01  1.4393e-01
  1576.08      6.3449  1.2551e-01  1.2315e-01  1.2303e-01  1.4435e-01  1.4362e-01
  1574.58      6.3509  1.2524e-01  1.2293e-01  1.2282e-01  1.4399e-01  1.4335e-01
  1573.08      6.3570  1.2519e-01  1.2285e-01  1.2266e-01  1.4373e-01  1.4322e-01
  1571.58      6.3630  1.2471e-01  1.2219e-01  1.2187e-01  1.4354e-01  1.4318e-01
  1570.08      6.3691  1.2391e-01  1.2119e-01  1.2087e-01  1.4329e-01  1.4305e-01
  1568.58      6.3752  1.2344e-01  1.2067e-01  1.2047e-01  1.4296e-01  1.4280e-01
  1567.08      6.3813  1.2331e-01  1.2057e-01  1.2045e-01  1.4260e-01  1.4246e-01
  1565.58      6.3874  1.2299e-01  1.2026e-01  1.2009e-01  1.4221e-01  1.4210e-01
  1564.08      6.3935  1.2261e-01  1.1988e-01  1.1959e-01  1.4182e-01  1.4170e-01
  1562.58      6.3997  1.2238e-01  1.1957e-01  1.1913e-01  1.4141e-01  1.4125e-01
  1561.08      6.4058  1.2175e-01  1.1871e-01  1.1811e-01  1.4092e-01  1.4069e-01
  1559.58      6.4120  1.2044e-01  1.1712e-01  1.1650e-01  1.4029e-01  1.3992e-01
  1558.08      6.4182  1.1995e-01  1.1671e-01  1.1627e-01  1.3953e-01  1.3893e-01
  1556.58      6.4243  1.2046e-01  1.1738e-01  1.1713e-01  1.3882e-01  1.3801e-01
  1555.08      6.4305  1.2051e-01  1.1740e-01  1.1733e-01  1.3828e-01  1.3731e-01
  1553.58      6.4368  1.2025e-01  1.1709e-01  1.1708e-01  1.3789e-01  1.3683e-01
  1552.08      6.4430  1.1999e-01  1.1682e-01  1.1666e-01  1.3757e-01  1.3643e-01
  1550.58      6.4492  1.1973e-01  1.1653e-01  1.1619e-01  1.3728e-01  1.3607e-01
  1549.08      6.4555  1.1950e-01  1.1630e-01  1.1588e-01  1.3700e-01  1.3573e-01
  1547.58      6.4617  1.1933e-01  1.1607e-01  1.1559e-01  1.3678e-01  1.3545e-01
  1546.08      6.4680  1.1909e-01  1.1556e-01  1.1510e-01  1.3661e-01  1.3524e-01
  1544.58      6.4743  1.1875e-01  1.1494e-01  1.1462e-01  1.3644e-01  1.3505e-01
  1543.08      6.4806  1.1851e-01  1.1466e-01  1.1449e-01  1.3624e-01  1.3477e-01
  1541.58      6.4869  1.1807e-01  1.1437e-01  1.1416e-01  1.3590e-01  1.3432e-01
  1540.08      6.4932  1.1731e-01  1.1380e-01  1.1356e-01  1.3544e-01  1.3368e-01
  1538.58      6.4995  1.1733e-01  1.1386e-01  1.1376e-01  1.3495e-01  1.3301e-01
  1537.08      6.5059  1.1779e-01  1.1427e-01  1.1433e-01  1.3456e-01  1.3246e-01
  1535.58      6.5122  1.1777e-01  1.1414e-01  1.1424e-01  1.3429e-01  1.3209e-01
  1534.08      6.5186  1.1733e-01  1.1359e-01  1.1362e-01  1.3411e-01  1.3181e-01
  1532.58      6.5250  1.1711e-01  1.1332e-01  1.1326e-01  1.3396e-01  1.3160e-01
  1531.08      6.5314  1.1736e-01  1.1355e-01  1.1342e-01  1.3389e-01  1.3148e-01
  1529.58      6.5378  1.1738e-01  1.1350e-01  1.1329e-01  1.3392e-01  1.3150e-01
  1528.08      6.5442  1.1710e-01  1.1314e-01  1.1281e-01  1.3402e-01  1.3161e-01
  1526.58      6.5506  1.1687e-01  1.1290e-01  1.1252e-01  1.3415e-01  1.3177e-01
  1525.08      6.5571  1.1680e-01  1.1287e-01  1.1248e-01  1.3429e-01  1.3195e-01
  1523.58      6.5635  1.1680e-01  1.1286e-01  1.1246e-01  1.3440e-01  1.3209e-01
  1522.08      6.5700  1.1660e-01  1.1255e-01  1.1219e-01  1.3447e-01  1.3215e-01
  1520.58      6.5765  1.1650e-01  1.1240e-01  1.1210e-01  1.3449e-01  1.3213e-01
  1519.08      6.5830  1.1671e-01  1.1266e-01  1.1239e-01  1.3447e-01  1.3206e-01
  1517.58      6.5895  1.1676e-01  1.1268e-01  1.1243e-01  1.3439e-01  1.3189e-01
  1516.07      6.5960  1.1677e-01  1.1268e-01  1.1244e-01  1.3425e-01  1.3165e-01
  1514.57      6.6025  1.1695e-01  1.1298e-01  1.1270e-01  1.3410e-01  1.3138e-01
  1513.07      6.6091  1.1701e-01  1.1307e-01  1.1270e-01  1.3400e-01  1.3115e-01
  1511.57      6.6156  1.1699e-01  1.1302e-01  1.1250e-01  1.3393e-01  1.3098e-01
  1510.07      6.6222  1.1709e-01  1.1304e-01  1.1245e-01  1.3385e-01  1.3079e-01
  1508.57      6.6288  1.1700e-01  1.1273e-01  1.1225e-01  1.3370e-01  1.3049e-01
  1507.07      6.6354  1.1668e-01  1.1208e-01  1.1183e-01  1.3347e-01  1.3008e-01
  1505.57      6.6420  1.1688e-01  1.1224e-01  1.1209e-01  1.3322e-01  1.2965e-01
  1504.07      6.6486  1.1747e-01  1.1305e-01  1.1284e-01  1.3305e-01  1.2935e-01
  1502.57      6.6552  1.1783e-01  1.1360e-01  1.1325e-01  1.3302e-01  1.2925e-01
  1501.07      6.6619  1.1792e-01  1.1371e-01  1.1326e-01  1.3307e-01  1.2926e-01
  1499.57      6.6686  1.1795e-01  1.1353e-01  1.1305e-01  1.3312e-01  1.2929e-01
  1498.07      6.6752  1.1791e-01  1.1326e-01  1.1285e-01  1.3315e-01  1.2928e-01
  1496.57      6.6819  1.1754e-01  1.1289e-01  1.1266e-01  1.3318e-01  1.2925e-01
  1495.07      6.6886  1.1729e-01  1.1278e-01  1.1268e-01  1.3325e-01  1.2930e-01
  1493.57      6.6954  1.1723e-01  1.1279e-01  1.1277e-01  1.3343e-01  1.2948e-01
  1492.07      6.7021  1.1694e-01  1.1237e-01  1.1242e-01  1.3370e-01  1.2978e-01
  1490.57      6.7088  1.1675e-01  1.1201e-01  1.1203e-01  1.3400e-01  1.3010e-01
  1489.07      6.7156  1.1689e-01  1.1212e-01  1.1202e-01  1.3426e-01  1.3036e-01
  1487.57      6.7224  1.1726e-01  1.1254e-01  1.1234e-01  1.3452e-01  1.3061e-01
  1486.07      6.7291  1.1770e-01  1.1293e-01  1.1270e-01  1.3482e-01  1.3090e-01
  1484.57      6.7359  1.1795e-01  1.1302e-01  1.1280e-01  1.3519e-01  1.3128e-01
  1483.07      6.7428  1.1810e-01  1.1306e-01  1.1279e-01  1.3559e-01  1.3172e-01
  1481.57      6.7496  1.1815e-01  1.1315e-01  1.1277e-01  1.3602e-01  1.3220e-01
  1480.07      6.7564  1.1821e-01  1.1333e-01  1.1286e-01  1.3646e-01  1.3268e-01
  1478.57      6.7633  1.1844e-01  1.1358e-01  1.1306e-01  1.3691e-01  1.3316e-01
  1477.07      6.7702  1.1863e-01  1.1354e-01  1.1312e-01  1.3733e-01  1.3360e-01
  1475.57      6.7770  1.1882e-01  1.1349e-01  1.1322e-01  1.3771e-01  1.3402e-01
  1474.07      6.7839  1.1888e-01  1.1348e-01  1.1326e-01  1.3806e-01  1.3438e-01
  1472.57      6.7908  1.1878e-01  1.1341e-01  1.1315e-01  1.3838e-01  1.3470e-01
  1471.07      6.7978  1.1914e-01  1.1385e-01  1.1349e-01  1.3869e-01  1.3503e-01
  1469.57      6.8047  1.1973e-01  1.1449e-01  1.1401e-01  1.3905e-01  1.3539e-01
  1468.07      6.8117  1.2014e-01  1.1485e-01  1.1422e-01  1.3939e-01  1.3574e-01
  1466.57      6.8186  1.2031e-01  1.1489e-01  1.1414e-01  1.3973e-01  1.3607e-01
  1465.07      6.8256  1.2026e-01  1.1467e-01  1.1395e-01  1.4003e-01  1.3634e-01
  1463.57      6.8326  1.2043e-01  1.1475e-01  1.1414e-01  1.4031e-01  1.3660e-01
  1462.07      6.8396  1.2092e-01  1.1518e-01  1.1466e-01  1.4060e-01  1.3687e-01
  1460.57      6.8466  1.2137e-01  1.1549e-01  1.1497e-01  1.4091e-01  1.3715e-01
  1459.07      6.8537  1.2154e-01  1.1543e-01  1.1489e-01  1.4118e-01  1.3737e-01
  1457.57      6.8607  1.2129e-01  1.1506e-01  1.1458e-01  1.4136e-01  1.3749e-01
  1456.07      6.8678  1.2106e-01  1.1508e-01  1.1464e-01  1.4147e-01  1.3749e-01
  1454.57      6.8749  1.2147e-01  1.1583e-01  1.1529e-01  1.4155e-01  1.3748e-01
  1453.07      6.8820  1.2199e-01  1.1641e-01  1.1574e-01  1.4170e-01  1.3753e-01
  1451.57      6.8891  1.2237e-01  1.1659e-01  1.1588e-01  1.4191e-01  1.3771e-01
  1450.07      6.8962  1.2267e-01  1.1664e-01  1.1607e-01  1.4221e-01  1.3800e-01
  1448.57      6.9034  1.2280e-01  1.1657e-01  1.1625e-01  1.4255e-01  1.3834e-01
  1447.07      6.9105  1.2308e-01  1.1675e-01  1.1651e-01  1.4294e-01  1.3872e-01
  1445.57      6.9177  1.2367e-01  1.1736e-01  1.1693e-01  1.4337e-01  1.3917e-01
  1444.07      6.9249  1.2424e-01  1.1786e-01  1.1728e-01  1.4390e-01  1.3972e-01
  1442.57      6.9321  1.2482e-01  1.1820e-01  1.1761e-01  1.4452e-01  1.4040e-01
  1441.07      6.9393  1.2541e-01  1.1854e-01  1.1801e-01  1.4520e-01  1.4113e-01
  1439.57      6.9465  1.2593e-01  1.1889e-01  1.1833e-01  1.4589e-01  1.4187e-01
  1438.07      6.9538  1.2628e-01  1.1914e-01  1.1841e-01  1.4654e-01  1.4255e-01
  1436.57      6.9610  1.2642e-01  1.1923e-01  1.1839e-01  1.4718e-01  1.4317e-01
  1435.07      6.9683  1.2694e-01  1.1986e-01  1.1898e-01  1.4779e-01  1.4376e-01
  1433.57      6.9756  1.2779e-01  1.2083e-01  1.1992e-01  1.4845e-01  1.4438e-01
  1432.07      6.9829  1.2848e-01  1.2142e-01  1.2050e-01  1.4915e-01  1.4506e-01
  1430.57      6.9902  1.2916e-01  1.2191e-01  1.2093e-01  1.4987e-01  1.4574e-01
  1429.07      6.9976  1.2993e-01  1.2247e-01  1.2147e-01  1.5057e-01  1.4640e-01
  1427.57      7.0049  1.3084e-01  1.2318e-01  1.2219e-01  1.5127e-01  1.4706e-01
  1426.07      7.0123  1.3187e-01  1.2401e-01  1.2300e-01  1.5200e-01  1.4772e-01
  1424.57      7.0197  1.3268e-01  1.2466e-01  1.2362e-01  1.5274e-01  1.4839e-01
  1423.07      7.0271  1.3364e-01  1.2551e-01  1.2443e-01  1.5351e-01  1.4908e-01
  1421.57      7.0345  1.3485e-01  1.2640e-01  1.2529e-01  1.5429e-01  1.4978e-01
  1420.07      7.0419  1.3578e-01  1.2683e-01  1.2570e-01  1.5506e-01  1.5047e-01
  1418.57      7.0494  1.3668e-01  1.2749e-01  1.2639e-01  1.5583e-01  1.5112e-01
  1417.07      7.0568  1.3792e-01  1.2878e-01  1.2771e-01  1.5661e-01  1.5176e-01
  1415.57      7.0643  1.3942e-01  1.3027e-01  1.2916e-01  1.5742e-01  1.5245e-01
  1414.07      7.0718  1.4095e-01  1.3161e-01  1.3034e-01  1.5829e-01  1.5322e-01
  1412.57      7.0793  1.4240e-01  1.3277e-01  1.3133e-01  1.5924e-01  1.5408e-01
  1411.07      7.0868  1.4397e-01  1.3408e-01  1.3249e-01  1.6024e-01  1.5502e-01
  1409.57      7.0944  1.4562e-01  1.3550e-01  1.3380e-01  1.6130e-01  1.5602e-01
  1408.07      7.1019  1.4731e-01  1.3692e-01  1.3519e-01  1.6241e-01  1.5709e-01
  1406.57      7.1095  1.4913e-01  1.3832e-01  1.3663e-01  1.6356e-01  1.5818e-01
  1405.07      7.1171  1.5089e-01  1.3956e-01  1.3795e-01  1.6473e-01  1.5931e-01
  1403.57      7.1247  1.5268e-01  1.4099e-01  1.3925e-01  1.6593e-01  1.6044e-01
  1402.07      7.1323  1.5451e-01  1.4271e-01  1.4063e-01  1.6716e-01  1.6161e-01
  1400.57      7.1400  1.5627e-01  1.4431e-01  1.4193e-01  1.6839e-01  1.6276e-01
  1399.07      7.1476  1.5805e-01  1.4572e-01  1.4326e-01  1.6960e-01  1.6388e-01
  1397.57      7.1553  1.5983e-01  1.4710e-01  1.4469e-01  1.7076e-01  1.6494e-01
  1396.07      7.1630  1.6155e-01  1.4832e-01  1.4604e-01  1.7191e-01  1.6596e-01
  1394.57      7.1707  1.6327e-01  1.4959e-01  1.4745e-01  1.7304e-01  1.6696e-01
  1393.07      7.1784  1.6496e-01  1.5120e-01  1.4911e-01  1.7418e-01  1.6797e-01
  1391.57      7.1862  1.6662e-01  1.5288e-01  1.5070e-01  1.7535e-01  1.6904e-01
  1390.07      7.1939  1.6829e-01  1.5445e-01  1.5208e-01  1.7658e-01  1.7017e-01
  1388.57      7.2017  1.6985e-01  1.5582e-01  1.5328e-01  1.7786e-01  1.7137e-01
  1387.07      7.2095  1.7139e-01  1.5725e-01  1.5460e-01  1.7916e-01  1.7261e-01
  1385.57      7.2173  1.7299e-01  1.5890e-01  1.5623e-01  1.8051e-01  1.7391e-01
  1384.07      7.2251  1.7455e-01  1.6040e-01  1.5777e-01  1.8192e-01  1.7528e-01
  1382.56      7.2329  1.7614e-01  1.6185e-01  1.5919e-01  1.8340e-01  1.7674e-01
  1381.06      7.2408  1.7775e-01  1.6336e-01  1.6060e-01  1.8496e-01  1.7830e-01
  1379.56      7.2487  1.7933e-01  1.6492e-01  1.6212e-01  1.8657e-01  1.7992e-01
  1378.06      7.2566  1.8105e-01  1.6664e-01  1.6387e-01  1.8827e-01  1.8162e-01
  1376.56      7.2645  1.8273e-01  1.6820e-01  1.6558e-01  1.9000e-01  1.8338e-01
  1375.06      7.2724  1.8440e-01  1.6964e-01  1.6714e-01  1.9179e-01  1.8519e-01
  1373.56      7.2803  1.8616e-01  1.7127e-01  1.6879e-01  1.9362e-01  1.8706e-01
  1372.06      7.2883  1.8786e-01  1.7303e-01  1.7055e-01  1.9552e-01  1.8899e-01
  1370.56      7.2963  1.8968e-01  1.7509e-01  1.7251e-01  1.9749e-01  1.9100e-01
  1369.06      7.3043  1.9151e-01  1.7714e-01  1.7448e-01  1.9953e-01  1.9308e-01
  1367.56      7.3123  1.9340e-01  1.7915e-01  1.7660e-01  2.0164e-01  1.9524e-01
  1366.06      7.3203  1.9542e-01  1.8134e-01  1.7883e-01  2.0383e-01  1.9749e-01
  1364.56      7.3284  1.9740e-01  1.8352e-01  1.8084e-01  2.0611e-01  1.9982e-01
  1363.06      7.3364  1.9953e-01  1.8578e-01  1.8295e-01  2.0845e-01  2.0223e-01
  1361.56      7.3445  2.0185e-01  1.8817e-01  1.8539e-01  2.1088e-01  2.0473e-01
  1360.06      7.3526  2.0419e-01  1.9067e-01  1.8802e-01  2.1342e-01  2.0732e-01
  1358.56      7.3607  2.0663e-01  1.9328e-01  1.9084e-01  2.1607e-01  2.1004e-01
  1357.06      7.3689  2.0913e-01  1.9595e-01  1.9371e-01  2.1885e-01  2.1290e-01
  1355.56      7.3770  2.1177e-01  1.9884e-01  1.9666e-01  2.2174e-01  2.1589e-01
  1354.06      7.3852  2.1463e-01  2.0202e-01  1.9978e-01  2.2478e-01  2.1903e-01
  1352.56      7.3934  2.1762e-01  2.0528e-01  2.0306e-01  2.2796e-01  2.2231e-01
  1351.06      7.4016  2.2076e-01  2.0862e-01  2.0660e-01  2.3128e-01  2.2575e-01
  1349.56      7.4098  2.2399e-01  2.1211e-01  2.1029e-01  2.3473e-01  2.2933e-01
  1348.06      7.4181  2.2736e-01  2.1582e-01  2.1402e-01  2.3833e-01  2.3305e-01
  1346.56      7.4263  2.3088e-01  2.1983e-01  2.1796e-01  2.4206e-01  2.3691e-01
  1345.06      7.4346  2.3447e-01  2.2399e-01  2.2213e-01  2.4590e-01  2.4089e-01
  1343.56      7.4429  2.3821e-01  2.2813e-01  2.2636e-01  2.4987e-01  2.4498e-01
  1342.06      7.4512  2.4213e-01  2.3231e-01  2.3060e-01  2.5395e-01  2.4918e-01
  1340.56      7.4596  2.4633e-01  2.3671e-01  2.3511e-01  2.5811e-01  2.5346e-01
  1339.06      7.4679  2.5080e-01  2.4143e-01  2.4004e-01  2.6237e-01  2.5779e-01
  1337.56      7.4763  2.5542e-01  2.4639e-01  2.4517e-01  2.6668e-01  2.6219e-01
  1336.06      7.4847  2.6003e-01  2.5140e-01  2.5031e-01  2.7107e-01  2.6666e-01
  1334.56      7.4931  2.6472e-01  2.5650e-01  2.5552e-01  2.7555e-01  2.7120e-01
  1333.06      7.5015  2.6953e-01  2.6175e-01  2.6087e-01  2.8010e-01  2.7582e-01
  1331.56      7.5100  2.7452e-01  2.6712e-01  2.6637e-01  2.8474e-01  2.8052e-01
  1330.06      7.5185  2.7971e-01  2.7264e-01  2.7203e-01  2.8945e-01  2.8529e-01
  1328.56      7.5269  2.8497e-01  2.7826e-01  2.7772e-01  2.9422e-01  2.9010e-01
  1327.06      7.5354  2.9029e-01  2.8393e-01  2.8343e-01  2.9905e-01  2.9497e-01
  1325.56      7.5440  2.9565e-01  2.8961e-01  2.8921e-01  3.0390e-01  2.9987e-01
  1324.06      7.5525  3.0104e-01  2.9533e-01  2.9506e-01  3.0881e-01  3.0479e-01
  1322.56      7.5611  3.0645e-01  3.0112e-01  3.0095e-01  3.1373e-01  3.0973e-01
  1321.06      7.5697  3.1187e-01  3.0694e-01  3.0685e-01  3.1865e-01  3.1466e-01
  1319.56      7.5783  3.1738e-01  3.1275e-01  3.1281e-01  3.2355e-01  3.1954e-01
  1318.06      7.5869  3.2295e-01  3.1860e-01  3.1873e-01  3.2841e-01  3.2437e-01
  1316.56      7.5956  3.2850e-01  3.2439e-01  3.2455e-01  3.3322e-01  3.2913e-01
  1315.06      7.6042  3.3400e-01  3.3013e-01  3.3034e-01  3.3798e-01  3.3381e-01
  1313.56      7.6129  3.3948e-01  3.3593e-01  3.3617e-01  3.4267e-01  3.3843e-01
  1312.06      7.6216  3.4495e-01  3.4171e-01  3.4196e-01  3.4730e-01  3.4295e-01
  1310.56      7.6303  3.5035e-01  3.4734e-01  3.4762e-01  3.5187e-01  3.4739e-01
  1309.06      7.6391  3.5566e-01  3.5281e-01  3.5320e-01  3.5635e-01  3.5175e-01
  1307.56      7.6478  3.6091e-01  3.5821e-01  3.5875e-01  3.6076e-01  3.5602e-01
  1306.06      7.6566  3.6611e-01  3.6357e-01  3.6419e-01  3.6509e-01  3.6020e-01
  1304.56      7.6654  3.7122e-01  3.6883e-01  3.6947e-01  3.6934e-01  3.6430e-01
  1303.06      7.6742  3.7626e-01  3.7399e-01  3.7465e-01  3.7353e-01  3.6831e-01
  1301.56      7.6831  3.8119e-01  3.7901e-01  3.7968e-01  3.7763e-01  3.7223e-01
  1300.06      7.6920  3.8602e-01  3.8389e-01  3.8458e-01  3.8165e-01  3.7606e-01
  1298.56      7.7008  3.9077e-01  3.8872e-01  3.8940e-01  3.8559e-01  3.7979e-01
  1297.06      7.7098  3.9543e-01  3.9348e-01  3.9411e-01  3.8944e-01  3.8344e-01
  1295.56      7.7187  3.9999e-01  3.9807e-01  3.9864e-01  3.9322e-01  3.8699e-01
  1294.06      7.7276  4.0443e-01  4.0247e-01  4.0300e-01  3.9692e-01  3.9045e-01
  1292.56      7.7366  4.0876e-01  4.0677e-01  4.0728e-01  4.0055e-01  3.9383e-01
  1291.06      7.7456  4.1296e-01  4.1099e-01  4.1154e-01  4.0411e-01  3.9713e-01
  1289.56      7.7546  4.1697e-01  4.1506e-01  4.1563e-01  4.0760e-01  4.0036e-01
  1288.06      7.7636  4.2086e-01  4.1902e-01  4.1961e-01  4.1104e-01  4.0354e-01
  1286.56      7.7727  4.2477e-01  4.2292e-01  4.2350e-01  4.1444e-01  4.0667e-01
  1285.06      7.7818  4.2870e-01  4.2673e-01  4.2723e-01  4.1781e-01  4.0977e-01
  1283.56      7.7908  4.3265e-01  4.3052e-01  4.3090e-01  4.2115e-01  4.1286e-01
  1282.06      7.8000  4.3644e-01  4.3421e-01  4.3451e-01  4.2451e-01  4.1594e-01
  1280.56      7.8091  4.4009e-01  4.3781e-01  4.3809e-01  4.2786e-01  4.1904e-01
  1279.06      7.8183  4.4375e-01  4.4140e-01  4.4170e-01  4.3123e-01  4.2217e-01
  1277.56      7.8274  4.4736e-01  4.4494e-01  4.4525e-01  4.3464e-01  4.2534e-01
  1276.06      7.8366  4.5096e-01  4.4847e-01  4.4878e-01  4.3810e-01  4.2858e-01
  1274.56      7.8459  4.5457e-01  4.5199e-01  4.5230e-01  4.4162e-01  4.3191e-01
  1273.06      7.8551  4.5820e-01  4.5549e-01  4.5583e-01  4.4522e-01  4.3532e-01
  1271.56      7.8644  4.6194e-01  4.5913e-01  4.5950e-01  4.4890e-01  4.3886e-01
  1270.06      7.8737  4.6566e-01  4.6285e-01  4.6320e-01  4.5267e-01  4.4252e-01
  1268.56      7.8830  4.6942e-01  4.6670e-01  4.6700e-01  4.5656e-01  4.4630e-01
  1267.06      7.8923  4.7326e-01  4.7066e-01  4.7093e-01  4.6058e-01  4.5025e-01
  1265.56      7.9017  4.7716e-01  4.7469e-01  4.7491e-01  4.6471e-01  4.5435e-01
  1264.06      7.9110  4.8129e-01  4.7892e-01  4.7908e-01  4.6899e-01  4.5864e-01
  1262.56      7.9204  4.8550e-01  4.8328e-01  4.8336e-01  4.7342e-01  4.6311e-01
  1261.06      7.9299  4.8976e-01  4.8775e-01  4.8784e-01  4.7799e-01  4.6777e-01
  1259.56      7.9393  4.9416e-01  4.9239e-01  4.9262e-01  4.8272e-01  4.7262e-01
  1258.06      7.9488  4.9863e-01  4.9712e-01  4.9751e-01  4.8759e-01  4.7766e-01
  1256.56      7.9583  5.0323e-01  5.0207e-01  5.0256e-01  4.9262e-01  4.8290e-01
  1255.06      7.9678  5.0789e-01  5.0716e-01  5.0777e-01  4.9780e-01  4.8834e-01
  1253.56      7.9773  5.1259e-01  5.1238e-01  5.1317e-01  5.0312e-01  4.9397e-01
  1252.06      7.9869  5.1747e-01  5.1781e-01  5.1881e-01  5.0860e-01  4.9979e-01
  1250.56      7.9964  5.2248e-01  5.2341e-01  5.2457e-01  5.1421e-01  5.0580e-01
  1249.06      8.0061  5.2763e-01  5.2920e-01  5.3049e-01  5.1996e-01  5.1198e-01
  1247.55      8.0157  5.3292e-01  5.3514e-01  5.3661e-01  5.2582e-01  5.1832e-01
  1246.05      8.0253  5.3832e-01  5.4119e-01  5.4288e-01  5.3180e-01  5.2482e-01
  1244.55      8.0350  5.4385e-01  5.4745e-01  5.4930e-01  5.3788e-01  5.3146e-01
  1243.05      8.0447  5.4945e-01  5.5389e-01  5.5588e-01  5.4406e-01  5.3821e-01
  1241.55      8.0544  5.5508e-01  5.6040e-01  5.6263e-01  5.5030e-01  5.4507e-01
  1240.05      8.0642  5.6083e-01  5.6700e-01  5.6955e-01  5.5661e-01  5.5202e-01
  1238.55      8.0739  5.6669e-01  5.7369e-01  5.7655e-01  5.6296e-01  5.5903e-01
  1237.05      8.0837  5.7259e-01  5.8045e-01  5.8355e-01  5.6934e-01  5.6608e-01
  1235.55      8.0935  5.7852e-01  5.8731e-01  5.9061e-01  5.7575e-01  5.7316e-01
  1234.05      8.1034  5.8442e-01  5.9414e-01  5.9769e-01  5.8214e-01  5.8024e-01
  1232.55      8.1132  5.9030e-01  6.0091e-01  6.0477e-01  5.8853e-01  5.8732e-01
  1231.05      8.1231  5.9624e-01  6.0772e-01  6.1192e-01  5.9488e-01  5.9435e-01
  1229.55      8.1330  6.0212e-01  6.1449e-01  6.1901e-01  6.0119e-01  6.0135e-01
  1228.05      8.1430  6.0805e-01  6.2130e-01  6.2607e-01  6.0745e-01  6.0828e-01
  1226.55      8.1529  6.1399e-01  6.2808e-01  6.3308e-01  6.1365e-01  6.1515e-01
  1225.05      8.1629  6.1987e-01  6.3477e-01  6.4004e-01  6.1977e-01  6.2192e-01
  1223.55      8.1729  6.2580e-01  6.4150e-01  6.4707e-01  6.2581e-01  6.2860e-01
  1222.05      8.1830  6.3163e-01  6.4811e-01  6.5393e-01  6.3178e-01  6.3517e-01
  1220.55      8.1930  6.3741e-01  6.5460e-01  6.6064e-01  6.3764e-01  6.4162e-01
  1219.05      8.2031  6.4319e-01  6.6105e-01  6.6731e-01  6.4341e-01  6.4795e-01
  1217.55      8.2132  6.4877e-01  6.6730e-01  6.7374e-01  6.4908e-01  6.5414e-01
  1216.05      8.2233  6.5437e-01  6.7350e-01  6.8013e-01  6.5465e-01  6.6020e-01
  1214.55      8.2335  6.5991e-01  6.7956e-01  6.8641e-01  6.6012e-01  6.6612e-01
  1213.05      8.2437  6.6531e-01  6.8545e-01  6.9250e-01  6.6548e-01  6.7190e-01
  1211.55      8.2539  6.7073e-01  6.9139e-01  6.9859e-01  6.7074e-01  6.7754e-01
  1210.05      8.2641  6.7600e-01  6.9715e-01  7.0446e-01  6.7589e-01  6.8304e-01
  1208.55      8.2744  6.8131e-01  7.0283e-01  7.1032e-01  6.8095e-01  6.8839e-01
  1207.05      8.2846  6.8658e-01  7.0841e-01  7.1608e-01  6.8591e-01  6.9360e-01
  1205.55      8.2950  6.9168e-01  7.1380e-01  7.2155e-01  6.9076e-01  6.9868e-01
  1204.05      8.3053  6.9679e-01  7.1921e-01  7.2697e-01  6.9550e-01  7.0362e-01
  1202.55      8.3157  7.0174e-01  7.2442e-01  7.3221e-01  7.0015e-01  7.0842e-01
  1201.05      8.3260  7.0665e-01  7.2950e-01  7.3738e-01  7.0469e-01  7.1309e-01
  1199.55      8.3364  7.1156e-01  7.3450e-01  7.4253e-01  7.0913e-01  7.1763e-01
  1198.05      8.3469  7.1628e-01  7.3932e-01  7.4747e-01  7.1346e-01  7.2205e-01
  1196.55      8.3574  7.2090e-01  7.4410e-01  7.5230e-01  7.1768e-01  7.2635e-01
  1195.05      8.3678  7.2540e-01  7.4877e-01  7.5697e-01  7.2180e-01  7.3053e-01
  1193.55      8.3784  7.2979e-01  7.5327e-01  7.6152e-01  7.2581e-01  7.3461e-01
  1192.05      8.3889  7.3410e-01  7.5770e-01  7.6599e-01  7.2972e-01  7.3859e-01
  1190.55      8.3995  7.3823e-01  7.6197e-01  7.7027e-01  7.3352e-01  7.4248e-01
  1189.05      8.4101  7.4218e-01  7.6612e-01  7.7445e-01  7.3722e-01  7.4629e-01
  1187.55      8.4207  7.4607e-01  7.7019e-01  7.7863e-01  7.4081e-01  7.5001e-01
  1186.05      8.4313  7.4984e-01  7.7415e-01  7.8268e-01  7.4432e-01  7.5365e-01
  1184.55      8.4420  7.5346e-01  7.7798e-01  7.8662e-01  7.4772e-01  7.5723e-01
  1183.05      8.4527  7.5697e-01  7.8176e-01  7.9057e-01  7.5103e-01  7.6073e-01
  1181.55      8.4635  7.6036e-01  7.8550e-01  7.9444e-01  7.5423e-01  7.6416e-01
  1180.05      8.4742  7.6371e-01  7.8924e-01  7.9826e-01  7.5732e-01  7.6750e-01
  1178.55      8.4850  7.6693e-01  7.9286e-01  8.0201e-01  7.6032e-01  7.7076e-01
  1177.05      8.4958  7.6998e-01  7.9632e-01  8.0563e-01  7.6319e-01  7.7393e-01
  1175.55      8.5067  7.7302e-01  7.9983e-01  8.0927e-01  7.6592e-01  7.7698e-01
  1174.05      8.5175  7.7588e-01  8.0325e-01  8.1282e-01  7.6851e-01  7.7991e-01
  1172.55      8.5284  7.7856e-01  8.0654e-01  8.1631e-01  7.7094e-01  7.8268e-01
  1171.05      8.5394  7.8116e-01  8.0975e-01  8.1976e-01  7.7319e-01  7.8530e-01
  1169.55      8.5503  7.8351e-01  8.1273e-01  8.2298e-01  7.7527e-01  7.8775e-01
  1168.05      8.5613  7.8577e-01  8.1570e-01  8.2618e-01  7.7713e-01  7.8999e-01
  1166.55      8.5723  7.8782e-01  8.1857e-01  8.2923e-01  7.7878e-01  7.9202e-01
  1165.05      8.5833  7.8967e-01  8.2124e-01  8.3207e-01  7.8019e-01  7.9380e-01
  1163.55      8.5944  7.9149e-01  8.2386e-01  8.3494e-01  7.8134e-01  7.9533e-01
  1162.05      8.6055  7.9297e-01  8.2615e-01  8.3747e-01  7.8222e-01  7.9658e-01
  1160.55      8.6166  7.9425e-01  8.2821e-01  8.3976e-01  7.8282e-01  7.9754e-01
  1159.05      8.6278  7.9540e-01  8.3004e-01  8.4190e-01  7.8311e-01  7.9816e-01
  1157.55      8.6389  7.9618e-01  8.3145e-01  8.4366e-01  7.8308e-01  7.9846e-01
  1156.05      8.6502  7.9681e-01  8.3275e-01  8.4529e-01  7.8272e-01  7.9839e-01
  1154.55      8.6614  7.9700e-01  8.3374e-01  8.4647e-01  7.8200e-01  7.9794e-01
  1153.05      8.6727  7.9689e-01  8.3440e-01  8.4726e-01  7.8093e-01  7.9711e-01
  1151.55      8.6840  7.9661e-01  8.3475e-01  8.4779e-01  7.7948e-01  7.9587e-01
  1150.05      8.6953  7.9583e-01  8.3445e-01  8.4769e-01  7.7766e-01  7.9421e-01
  1148.55      8.7066  7.9469e-01  8.3379e-01  8.4723e-01  7.7545e-01  7.9212e-01
  1147.05      8.7180  7.9314e-01  8.3275e-01  8.4636e-01  7.7285e-01  7.8960e-01
  1145.55      8.7295  7.9119e-01  8.3128e-01  8.4506e-01  7.6985e-01  7.8664e-01
  1144.05      8.7409  7.8897e-01  8.2943e-01  8.4334e-01  7.6648e-01  7.8325e-01
  1142.55      8.7524  7.8630e-01  8.2696e-01  8.4096e-01  7.6272e-01  7.7943e-01
  1141.05      8.7639  7.8325e-01  8.2400e-01  8.3808e-01  7.5861e-01  7.7519e-01
  1139.55      8.7754  7.7983e-01  8.2059e-01  8.3473e-01  7.5413e-01  7.7055e-01
  1138.05      8.7870  7.7595e-01  8.1665e-01  8.3082e-01  7.4934e-01  7.6551e-01
  1136.55      8.7986  7.7174e-01  8.1236e-01  8.2651e-01  7.4421e-01  7.6012e-01
  1135.05      8.8102  7.6721e-01  8.0767e-01  8.2172e-01  7.3880e-01  7.5438e-01
  1133.55      8.8219  7.6235e-01  8.0251e-01  8.1643e-01  7.3313e-01  7.4833e-01
  1132.05      8.8336  7.5724e-01  7.9696e-01  8.1080e-01  7.2720e-01  7.4200e-01
  1130.55      8.8453  7.5180e-01  7.9100e-01  8.0475e-01  7.2107e-01  7.3541e-01
  1129.05      8.8570  7.4601e-01  7.8468e-01  7.9821e-01  7.1477e-01  7.2862e-01
  1127.55      8.8688  7.4005e-01  7.7811e-01  7.9137e-01  7.0830e-01  7.2166e-01
  1126.05      8.8806  7.3387e-01  7.7121e-01  7.8418e-01  7.0172e-01  7.1456e-01
  1124.55      8.8925  7.2755e-01  7.6399e-01  7.7675e-01  6.9504e-01  7.0734e-01
  1123.05      8.9044  7.2116e-01  7.5662e-01  7.6919e-01  6.8831e-01  7.0006e-01
  1121.55      8.9163  7.1451e-01  7.4900e-01  7.6130e-01  6.8154e-01  6.9274e-01
  1120.05      8.9282  7.0780e-01  7.4129e-01  7.5331e-01  6.7478e-01  6.8542e-01
  1118.55      8.9402  7.0100e-01  7.3351e-01  7.4519e-01  6.6805e-01  6.7813e-01
  1117.05      8.9522  6.9409e-01  7.2560e-01  7.3694e-01  6.6137e-01  6.7091e-01
  1115.55      8.9642  6.8731e-01  7.1772e-01  7.2879e-01  6.5478e-01  6.6377e-01
  1114.04      8.9763  6.8048e-01  7.0973e-01  7.2050e-01  6.4831e-01  6.5676e-01
  1112.54      8.9884  6.7378e-01  7.0179e-01  7.1224e-01  6.4198e-01  6.4991e-01
  1111.04      9.0005  6.6731e-01  6.9401e-01  7.0410e-01  6.3584e-01  6.4325e-01
  1109.54      9.0127  6.6092e-01  6.8633e-01  6.9603e-01  6.2990e-01  6.3680e-01
  1108.04      9.0249  6.5476e-01  6.7897e-01  6.8831e-01  6.2419e-01  6.3059e-01
  1106.54      9.0371  6.4865e-01  6.7172e-01  6.8070e-01  6.1874e-01  6.2467e-01
  1105.04      9.0494  6.4276e-01  6.6464e-01  6.7326e-01  6.1358e-01  6.1905e-01
  1103.54      9.0617  6.3732e-01  6.5800e-01  6.6633e-01  6.0874e-01  6.1377e-01
  1102.04      9.0740  6.3205e-01  6.5163e-01  6.5969e-01  6.0425e-01  6.0885e-01
  1100.54      9.0864  6.2719e-01  6.4580e-01  6.5351e-01  6.0013e-01  6.0434e-01
  1099.04      9.0988  6.2273e-01  6.4045e-01  6.4769e-01  5.9643e-01  6.0026e-01
  1097.54      9.1113  6.1864e-01  6.3545e-01  6.4232e-01  5.9318e-01  5.9666e-01
  1096.04      9.1237  6.1509e-01  6.3101e-01  6.3764e-01  5.9040e-01  5.9356e-01
  1094.54      9.1362  6.1199e-01  6.2705e-01  6.3345e-01  5.8815e-01  5.9102e-01
  1093.04      9.1488  6.0956e-01  6.2372e-01  6.2998e-01  5.8647e-01  5.8908e-01
  1091.54      9.1613  6.0779e-01  6.2109e-01  6.2725e-01  5.8538e-01  5.8777e-01
  1090.04      9.1739  6.0655e-01  6.1920e-01  6.2516e-01  5.8495e-01  5.8715e-01
  1088.54      9.1866  6.0604e-01  6.1823e-01  6.2394e-01  5.8522e-01  5.8726e-01
  1087.04      9.1993  6.0629e-01  6.1813e-01  6.2368e-01  5.8621e-01  5.8814e-01
  1085.54      9.2120  6.0741e-01  6.1894e-01  6.2443e-01  5.8796e-01  5.8984e-01
  1084.04      9.2247  6.0948e-01  6.2082e-01  6.2626e-01  5.9052e-01  5.9239e-01
  1082.54      9.2375  6.1239e-01  6.2377e-01  6.2916e-01  5.9388e-01  5.9580e-01
  1081.04      9.2503  6.1618e-01  6.2779e-01  6.3324e-01  5.9805e-01  6.0009e-01
  1079.54      9.2632  6.2092e-01  6.3288e-01  6.3846e-01  6.0305e-01  6.0524e-01
  1078.04      9.2761  6.2657e-01  6.3905e-01  6.4475e-01  6.0883e-01  6.1123e-01
  1076.54      9.2890  6.3313e-01  6.4630e-01  6.5213e-01  6.1536e-01  6.1802e-01
  1075.04      9.3020  6.4057e-01  6.5448e-01  6.6058e-01  6.2259e-01  6.2555e-01
  1073.54      9.3150  6.4879e-01  6.6344e-01  6.6992e-01  6.3044e-01  6.3374e-01
  1072.04      9.3280  6.5762e-01  6.7311e-01  6.8002e-01  6.3879e-01  6.4246e-01
  1070.54      9.3411  6.6677e-01  6.8340e-01  6.9062e-01  6.4758e-01  6.5164e-01
  1069.04      9.3542  6.7613e-01  6.9415e-01  7.0154e-01  6.5665e-01  6.6111e-01
  1067.54      9.3673  6.8576e-01  7.0510e-01  7.1274e-01  6.6591e-01  6.7077e-01
  1066.04      9.3805  6.9534e-01  7.1588e-01  7.2385e-01  6.7519e-01  6.8045e-01
  1064.54      9.3937  7.0473e-01  7.2642e-01  7.3473e-01  6.8438e-01  6.9002e-01
  1063.04      9.4070  7.1380e-01  7.3658e-01  7.4524e-01  6.9335e-01  6.9934e-01
  1061.54      9.4203  7.2230e-01  7.4605e-01  7.5509e-01  7.0199e-01  7.0832e-01
  1060.04      9.4336  7.3030e-01  7.5489e-01  7.6439e-01  7.1016e-01  7.1681e-01
  1058.54      9.4470  7.3759e-01  7.6296e-01  7.7288e-01  7.1776e-01  7.2471e-01
  1057.04      9.4604  7.4401e-01  7.7015e-01  7.8036e-01  7.2470e-01  7.3190e-01
  1055.54      9.4738  7.4968e-01  7.7653e-01  7.8694e-01  7.3089e-01  7.3832e-01
  1054.04      9.4873  7.5428e-01  7.8181e-01  7.9239e-01  7.3622e-01  7.4388e-01
  1052.54      9.5008  7.5792e-01  7.8611e-01  7.9699e-01  7.4067e-01  7.4850e-01
  1051.04      9.5144  7.6049e-01  7.8939e-01  8.0066e-01  7.4415e-01  7.5215e-01
  1049.54      9.5280  7.6180e-01  7.9140e-01  8.0299e-01  7.4661e-01  7.5474e-01
  1048.04      9.5416  7.6217e-01  7.9242e-01  8.0427e-01  7.4798e-01  7.5622e-01
  1046.54      9.5553  7.6126e-01  7.9210e-01  8.0408e-01  7.4824e-01  7.5657e-01
  1045.04      9.5690  7.5921e-01  7.9057e-01  8.0259e-01  7.4735e-01  7.5574e-01
  1043.54      9.5828  7.5608e-01  7.8782e-01  7.9997e-01  7.4534e-01  7.5375e-01
  1042.04      9.5966  7.5167e-01  7.8365e-01  7.9602e-01  7.4219e-01  7.5057e-01
  1040.54      9.6104  7.4628e-01  7.7836e-01  7.9100e-01  7.3793e-01  7.4626e-01
  1039.04      9.6243  7.3979e-01  7.7187e-01  7.8469e-01  7.3258e-01  7.4081e-01
  1037.54      9.6382  7.3229e-01  7.6425e-01  7.7714e-01  7.2619e-01  7.3429e-01
  1036.04      9.6521  7.2392e-01  7.5565e-01  7.6857e-01  7.1881e-01  7.2673e-01
  1034.54      9.6661  7.1451e-01  7.4595e-01  7.5880e-01  7.1053e-01  7.1822e-01
  1033.04      9.6802  7.0434e-01  7.3542e-01  7.4810e-01  7.0141e-01  7.0883e-01
  1031.54      9.6943  6.9354e-01  7.2410e-01  7.3660e-01  6.9155e-01  6.9865e-01
  1030.04      9.7084  6.8214e-01  7.1192e-01  7.2433e-01  6.8102e-01  6.8775e-01
  1028.54      9.7225  6.7027e-01  6.9908e-01  7.1148e-01  6.6992e-01  6.7625e-01
  1027.04      9.7367  6.5788e-01  6.8566e-01  6.9797e-01  6.5834e-01  6.6421e-01
  1025.54      9.7510  6.4511e-01  6.7181e-01  6.8383e-01  6.4637e-01  6.5177e-01
  1024.04      9.7653  6.3223e-01  6.5763e-01  6.6930e-01  6.3413e-01  6.3900e-01
  1022.54      9.7796  6.1922e-01  6.4313e-01  6.5444e-01  6.2169e-01  6.2601e-01
  1021.04      9.7940  6.0608e-01  6.2851e-01  6.3932e-01  6.0915e-01  6.1290e-01
  1019.54      9.8084  5.9294e-01  6.1389e-01  6.2417e-01  5.9661e-01  5.9974e-01
  1018.04      9.8228  5.7994e-01  5.9926e-01  6.0911e-01  5.8413e-01  5.8665e-01
  1016.54      9.8373  5.6721e-01  5.8482e-01  5.9424e-01  5.7180e-01  5.7369e-01
  1015.04      9.8519  5.5474e-01  5.7064e-01  5.7954e-01  5.5969e-01  5.6092e-01
  1013.54      9.8664  5.4256e-01  5.5674e-01  5.6503e-01  5.4784e-01  5.4842e-01
  1012.04      9.8811  5.3093e-01  5.4334e-01  5.5100e-01  5.3632e-01  5.3623e-01
  1010.54      9.8957  5.1971e-01  5.3033e-01  5.3748e-01  5.2516e-01  5.2440e-01
  1009.04      9.9104  5.0890e-01  5.1769e-01  5.2448e-01  5.1437e-01  5.1295e-01
  1007.54      9.9252  4.9862e-01  5.0556e-01  5.1203e-01  5.0399e-01  5.0193e-01
  1006.04      9.9400  4.8878e-01  4.9393e-01  4.9994e-01  4.9403e-01  4.9132e-01
  1004.54      9.9548  4.7945e-01  4.8295e-01  4.8843e-01  4.8449e-01  4.8115e-01
  1003.04      9.9697  4.7060e-01  4.7256e-01  4.7748e-01  4.7538e-01  4.7145e-01
  1001.54      9.9847  4.6217e-01  4.6264e-01  4.6699e-01  4.6670e-01  4.6217e-01
  1000.04      9.9996  4.5434e-01  4.5335e-01  4.5722e-01  4.5843e-01  4.5336e-01
   998.54     10.0147  4.4706e-01  4.4461e-01  4.4806e-01  4.5059e-01  4.4500e-01
   997.04     10.0297  4.4035e-01  4.3647e-01  4.3961e-01  4.4316e-01  4.3708e-01
   995.54     10.0448  4.3410e-01  4.2897e-01  4.3180e-01  4.3612e-01  4.2959e-01
   994.04     10.0600  4.2820e-01  4.2197e-01  4.2440e-01  4.2949e-01  4.2251e-01
   992.54     10.0752  4.2288e-01  4.1559e-01  4.1763e-01  4.2322e-01  4.1584e-01
   991.04     10.0905  4.1803e-01  4.0962e-01  4.1135e-01  4.1732e-01  4.0956e-01
   989.54     10.1057  4.1363e-01  4.0416e-01  4.0560e-01  4.1177e-01  4.0365e-01
   988.04     10.1211  4.0975e-01  3.9934e-01  4.0037e-01  4.0655e-01  3.9810e-01
   986.54     10.1365  4.0622e-01  3.9493e-01  3.9554e-01  4.0166e-01  3.9288e-01
   985.04     10.1519  4.0315e-01  3.9087e-01  3.9124e-01  3.9707e-01  3.8797e-01
   983.54     10.1674  4.0047e-01  3.8717e-01  3.8740e-01  3.9277e-01  3.8336e-01
   982.04     10.1829  3.9807e-01  3.8387e-01  3.8389e-01  3.8873e-01  3.7901e-01
   980.54     10.1985  3.9602e-01  3.8097e-01  3.8073e-01  3.8495e-01  3.7493e-01
   979.03     10.2141  3.9438e-01  3.7835e-01  3.7784e-01  3.8143e-01  3.7106e-01
   977.53     10.2298  3.9318e-01  3.7611e-01  3.7528e-01  3.7813e-01  3.6743e-01
   976.03     10.2455  3.9227e-01  3.7422e-01  3.7308e-01  3.7505e-01  3.6399e-01
   974.53     10.2613  3.9147e-01  3.7256e-01  3.7113e-01  3.7218e-01  3.6073e-01
   973.03     10.2771  3.9080e-01  3.7115e-01  3.6945e-01  3.6949e-01  3.5765e-01
   971.53     10.2930  3.9025e-01  3.6984e-01  3.6797e-01  3.6698e-01  3.5473e-01
   970.03     10.3089  3.8974e-01  3.6854e-01  3.6655e-01  3.6461e-01  3.5197e-01
   968.53     10.3249  3.8930e-01  3.6732e-01  3.6510e-01  3.6240e-01  3.4933e-01
   967.03     10.3409  3.8881e-01  3.6615e-01  3.6359e-01  3.6033e-01  3.4683e-01
   965.53     10.3570  3.8819e-01  3.6495e-01  3.6201e-01  3.5837e-01  3.4445e-01
   964.03     10.3731  3.8751e-01  3.6364e-01  3.6035e-01  3.5651e-01  3.4218e-01
   962.53     10.3892  3.8670e-01  3.6222e-01  3.5866e-01  3.5474e-01  3.4003e-01
   961.03     10.4055  3.8567e-01  3.6067e-01  3.5694e-01  3.5307e-01  3.3800e-01
   959.53     10.4217  3.8446e-01  3.5896e-01  3.5513e-01  3.5148e-01  3.3608e-01
   958.03     10.4381  3.8304e-01  3.5704e-01  3.5313e-01  3.4997e-01  3.3428e-01
   956.53     10.4544  3.8148e-01  3.5498e-01  3.5101e-01  3.4854e-01  3.3262e-01
   955.03     10.4708  3.7973e-01  3.5283e-01  3.4883e-01  3.4721e-01  3.3108e-01
   953.53     10.4873  3.7776e-01  3.5063e-01  3.4661e-01  3.4597e-01  3.2971e-01
   952.03     10.5038  3.7567e-01  3.4842e-01  3.4449e-01  3.4487e-01  3.2853e-01
   950.53     10.5204  3.7343e-01  3.4624e-01  3.4240e-01  3.4391e-01  3.2754e-01
   949.03     10.5370  3.7119e-01  3.4421e-01  3.4044e-01  3.4311e-01  3.2679e-01
   947.53     10.5537  3.6910e-01  3.4254e-01  3.3887e-01  3.4253e-01  3.2631e-01
   946.03     10.5705  3.6715e-01  3.4129e-01  3.3778e-01  3.4218e-01  3.2615e-01
   944.53     10.5872  3.6553e-01  3.4049e-01  3.3722e-01  3.4211e-01  3.2634e-01
   943.03     10.6041  3.6426e-01  3.4012e-01  3.3709e-01  3.4236e-01  3.2694e-01
   941.53     10.6210  3.6341e-01  3.4031e-01  3.3757e-01  3.4298e-01  3.2800e-01
   940.03     10.6379  3.6323e-01  3.4133e-01  3.3902e-01  3.4402e-01  3.2957e-01
   938.53     10.6549  3.6378e-01  3.4327e-01  3.4144e-01  3.4552e-01  3.3170e-01
   937.03     10.6720  3.6515e-01  3.4623e-01  3.4487e-01  3.4753e-01  3.3445e-01
   935.53     10.6891  3.6737e-01  3.5026e-01  3.4934e-01  3.5010e-01  3.3784e-01
   934.03     10.7063  3.7042e-01  3.5538e-01  3.5484e-01  3.5326e-01  3.4194e-01
   932.53     10.7235  3.7446e-01  3.6170e-01  3.6157e-01  3.5707e-01  3.4677e-01
   931.03     10.7408  3.7953e-01  3.6920e-01  3.6956e-01  3.6153e-01  3.5233e-01
   929.53     10.7581  3.8567e-01  3.7781e-01  3.7887e-01  3.6667e-01  3.5866e-01
   928.03     10.7755  3.9286e-01  3.8744e-01  3.8939e-01  3.7250e-01  3.6572e-01
   926.53     10.7929  4.0104e-01  3.9800e-01  4.0080e-01  3.7901e-01  3.7349e-01
   925.03     10.8104  4.1014e-01  4.0958e-01  4.1295e-01  3.8617e-01  3.8193e-01
   923.53     10.8280  4.1998e-01  4.2195e-01  4.2574e-01  3.9396e-01  3.9095e-01
   922.03     10.8456  4.3046e-01  4.3474e-01  4.3906e-01  4.0231e-01  4.0050e-01
   920.53     10.8633  4.4154e-01  4.4775e-01  4.5272e-01  4.1116e-01  4.1045e-01
   919.03     10.8810  4.5294e-01  4.6087e-01  4.6639e-01  4.2041e-01  4.2070e-01
   917.53     10.8988  4.6440e-01  4.7401e-01  4.7986e-01  4.2994e-01  4.3110e-01
   916.03     10.9167  4.7579e-01  4.8686e-01  4.9296e-01  4.3965e-01  4.4151e-01
   914.53     10.9346  4.8695e-01  4.9901e-01  5.0537e-01  4.4940e-01  4.5178e-01
   913.03     10.9525  4.9770e-01  5.1028e-01  5.1688e-01  4.5906e-01  4.6176e-01
   911.53     10.9706  5.0783e-01  5.2062e-01  5.2736e-01  4.6848e-01  4.7127e-01
   910.03     10.9887  5.1711e-01  5.2986e-01  5.3663e-01  4.7751e-01  4.8019e-01
   908.53     11.0068  5.2543e-01  5.3772e-01  5.4449e-01  4.8601e-01  4.8835e-01
   907.03     11.0250  5.3263e-01  5.4412e-01  5.5091e-01  4.9384e-01  4.9561e-01
   905.53     11.0433  5.3845e-01  5.4905e-01  5.5573e-01  5.0088e-01  5.0185e-01
   904.03     11.0616  5.4287e-01  5.5235e-01  5.5885e-01  5.0700e-01  5.0697e-01
   902.53     11.0800  5.4577e-01  5.5393e-01  5.6012e-01  5.1211e-01  5.1089e-01
   901.03     11.0984  5.4720e-01  5.5379e-01  5.5961e-01  5.1612e-01  5.1351e-01
   899.53     11.1169  5.4723e-01  5.5188e-01  5.5738e-01  5.1896e-01  5.1482e-01
   898.03     11.1355  5.4566e-01  5.4816e-01  5.5322e-01  5.2059e-01  5.1478e-01
   896.53     11.1541  5.4244e-01  5.4274e-01  5.4727e-01  5.2099e-01  5.1339e-01
   895.03     11.1728  5.3760e-01  5.3565e-01  5.3974e-01  5.2013e-01  5.1068e-01
   893.53     11.1916  5.3124e-01  5.2702e-01  5.3072e-01  5.1807e-01  5.0670e-01
   892.03     11.2104  5.2368e-01  5.1712e-01  5.2037e-01  5.1482e-01  5.0152e-01
   890.53     11.2293  5.1502e-01  5.0606e-01  5.0869e-01  5.1045e-01  4.9524e-01
   889.03     11.2482  5.0542e-01  4.9409e-01  4.9604e-01  5.0503e-01  4.8796e-01
   887.53     11.2672  4.9500e-01  4.8143e-01  4.8286e-01  4.9866e-01  4.7980e-01
   886.03     11.2863  4.8373e-01  4.6813e-01  4.6919e-01  4.9143e-01  4.7090e-01
   884.53     11.3055  4.7197e-01  4.5451e-01  4.5529e-01  4.8346e-01  4.6141e-01
   883.03     11.3247  4.5990e-01  4.4074e-01  4.4118e-01  4.7489e-01  4.5146e-01
   881.53     11.3439  4.4754e-01  4.2715e-01  4.2707e-01  4.6581e-01  4.4121e-01
   880.03     11.3633  4.3517e-01  4.1389e-01  4.1332e-01  4.5636e-01  4.3078e-01
   878.53     11.3827  4.2305e-01  4.0085e-01  3.9995e-01  4.4665e-01  4.2030e-01
   877.03     11.4022  4.1128e-01  3.8826e-01  3.8726e-01  4.3680e-01  4.0987e-01
   875.53     11.4217  3.9975e-01  3.7628e-01  3.7533e-01  4.2690e-01  3.9959e-01
   874.03     11.4413  3.8857e-01  3.6506e-01  3.6410e-01  4.1706e-01  3.8954e-01
   872.53     11.4610  3.7808e-01  3.5470e-01  3.5365e-01  4.0734e-01  3.7978e-01
   871.03     11.4807  3.6824e-01  3.4504e-01  3.4396e-01  3.9782e-01  3.7038e-01
   869.53     11.5005  3.5887e-01  3.3603e-01  3.3506e-01  3.8854e-01  3.6134e-01
   868.03     11.5204  3.4987e-01  3.2754e-01  3.2678e-01  3.7957e-01  3.5271e-01
   866.53     11.5403  3.4129e-01  3.1952e-01  3.1897e-01  3.7091e-01  3.4450e-01
   865.03     11.5603  3.3333e-01  3.1205e-01  3.1163e-01  3.6259e-01  3.3671e-01
   863.53     11.5804  3.2591e-01  3.0504e-01  3.0471e-01  3.5463e-01  3.2934e-01
   862.03     11.6006  3.1889e-01  2.9846e-01  2.9808e-01  3.4704e-01  3.2236e-01
   860.53     11.6208  3.1222e-01  2.9238e-01  2.9182e-01  3.3981e-01  3.1580e-01
   859.03     11.6411  3.0587e-01  2.8671e-01  2.8601e-01  3.3294e-01  3.0961e-01
   857.53     11.6615  2.9981e-01  2.8140e-01  2.8066e-01  3.2641e-01  3.0379e-01
   856.03     11.6819  2.9411e-01  2.7635e-01  2.7575e-01  3.2023e-01  2.9831e-01
   854.53     11.7024  2.8876e-01  2.7158e-01  2.7112e-01  3.1437e-01  2.9315e-01
   853.03     11.7230  2.8374e-01  2.6709e-01  2.6677e-01  3.0882e-01  2.8829e-01
   851.53     11.7436  2.7906e-01  2.6277e-01  2.6271e-01  3.0357e-01  2.8371e-01
   850.03     11.7644  2.7459e-01  2.5859e-01  2.5876e-01  2.9859e-01  2.7940e-01
   848.53     11.7852  2.7033e-01  2.5470e-01  2.5489e-01  2.9388e-01  2.7533e-01
   847.03     11.8060  2.6623e-01  2.5111e-01  2.5118e-01  2.8942e-01  2.7150e-01
   845.52     11.8270  2.6225e-01  2.4766e-01  2.4776e-01  2.8519e-01  2.6787e-01
   844.02     11.8480  2.5843e-01  2.4428e-01  2.4464e-01  2.8119e-01  2.6444e-01
   842.52     11.8691  2.5478e-01  2.4102e-01  2.4167e-01  2.7739e-01  2.6120e-01
   841.02     11.8903  2.5135e-01  2.3805e-01  2.3883e-01  2.7380e-01  2.5814e-01
   839.52     11.9115  2.4810e-01  2.3539e-01  2.3617e-01  2.7040e-01  2.5525e-01
   838.02     11.9328  2.4494e-01  2.3280e-01  2.3366e-01  2.6719e-01  2.5253e-01
   836.52     11.9542  2.4203e-01  2.3022e-01  2.3133e-01  2.6416e-01  2.4999e-01
   835.02     11.9757  2.3943e-01  2.2771e-01  2.2904e-01  2.6131e-01  2.4763e-01
   833.52     11.9973  2.3694e-01  2.2537e-01  2.2671e-01  2.5865e-01  2.4543e-01
   832.02     12.0189  2.3439e-01  2.2320e-01  2.2439e-01  2.5616e-01  2.4341e-01
   830.52     12.0406  2.3184e-01  2.2114e-01  2.2222e-01  2.5383e-01  2.4156e-01
   829.02     12.0624  2.2957e-01  2.1929e-01  2.2039e-01  2.5167e-01  2.3988e-01
   827.52     12.0842  2.2749e-01  2.1762e-01  2.1877e-01  2.4965e-01  2.3834e-01
   826.02     12.1062  2.2537e-01  2.1605e-01  2.1724e-01  2.4778e-01  2.3697e-01
   824.52     12.1282  2.2337e-01  2.1463e-01  2.1611e-01  2.4606e-01  2.3574e-01
   823.02     12.1503  2.2167e-01  2.1364e-01  2.1532e-01  2.4447e-01  2.3462e-01
   821.52     12.1725  2.2027e-01  2.1311e-01  2.1477e-01  2.4300e-01  2.3361e-01
   820.02     12.1948  2.1912e-01  2.1254e-01  2.1429e-01  2.4161e-01  2.3268e-01
   818.52     12.2171  2.1810e-01  2.1167e-01  2.1376e-01  2.4033e-01  2.3182e-01
   817.02     12.2396  2.1712e-01  2.1079e-01  2.1315e-01  2.3912e-01  2.3101e-01
   815.52     12.2621  2.1610e-01  2.1005e-01  2.1250e-01  2.3798e-01  2.3025e-01
   814.02     12.2847  2.1510e-01  2.0943e-01  2.1191e-01  2.3691e-01  2.2953e-01
   812.52     12.3074  2.1418e-01  2.0881e-01  2.1144e-01  2.3590e-01  2.2886e-01
   811.02     12.3301  2.1333e-01  2.0821e-01  2.1100e-01  2.3496e-01  2.2823e-01
   809.52     12.3530  2.1261e-01  2.0779e-01  2.1054e-01  2.3408e-01  2.2764e-01
   808.02     12.3759  2.1194e-01  2.0744e-01  2.1003e-01  2.3325e-01  2.2711e-01
   806.52     12.3989  2.1125e-01  2.0707e-01  2.0962e-01  2.3249e-01  2.2662e-01
   805.02     12.4220  2.1059e-01  2.0679e-01  2.0947e-01  2.3180e-01  2.2619e-01
   803.52     12.4452  2.1011e-01  2.0661e-01  2.0944e-01  2.3116e-01  2.2584e-01
   802.02     12.4685  2.0979e-01  2.0649e-01  2.0944e-01  2.3061e-01  2.2556e-01
   800.52     12.4919  2.0963e-01  2.0639e-01  2.0954e-01  2.3012e-01  2.2534e-01
   799.02     12.5153  2.0953e-01  2.0636e-01  2.0979e-01  2.2972e-01  2.2519e-01
   797.52     12.5388  2.0947e-01  2.0654e-01  2.1006e-01  2.2939e-01  2.2511e-01
   796.02     12.5625  2.0937e-01  2.0687e-01  2.1027e-01  2.2911e-01  2.2508e-01
   794.52     12.5862  2.0920e-01  2.0732e-01  2.1056e-01  2.2891e-01  2.2513e-01
   793.02     12.6100  2.0921e-01  2.0779e-01  2.1101e-01  2.2876e-01  2.2523e-01
   791.52     12.6339  2.0950e-01  2.0821e-01  2.1158e-01  2.2868e-01  2.2537e-01
   790.02     12.6579  2.0981e-01  2.0861e-01  2.1216e-01  2.2866e-01  2.2557e-01
   788.52     12.6820  2.1005e-01  2.0906e-01  2.1279e-01  2.2870e-01  2.2581e-01
   787.02     12.7061  2.1031e-01  2.0956e-01  2.1330e-01  2.2877e-01  2.2609e-01
   785.52     12.7304  2.1061e-01  2.1016e-01  2.1374e-01  2.2889e-01  2.2640e-01
   784.02     12.7548  2.1088e-01  2.1083e-01  2.1435e-01  2.2905e-01  2.2674e-01
   782.52     12.7792  2.1119e-01  2.1151e-01  2.1506e-01  2.2924e-01  2.2711e-01
   781.02     12.8038  2.1165e-01  2.1219e-01  2.1576e-01  2.2945e-01  2.2749e-01
   779.52     12.8284  2.1223e-01  2.1290e-01  2.1649e-01  2.2970e-01  2.2788e-01
   778.02     12.8531  2.1280e-01  2.1358e-01  2.1723e-01  2.2998e-01  2.2829e-01
   776.52     12.8780  2.1338e-01  2.1422e-01  2.1804e-01  2.3027e-01  2.2872e-01
   775.02     12.9029  2.1388e-01  2.1501e-01  2.1896e-01  2.3058e-01  2.2915e-01
   773.52     12.9279  2.1431e-01  2.1603e-01  2.1990e-01  2.3090e-01  2.2961e-01
   772.02     12.9530  2.1475e-01  2.1692e-01  2.2067e-01  2.3124e-01  2.3009e-01
   770.52     12.9783  2.1531e-01  2.1747e-01  2.2129e-01  2.3160e-01  2.3057e-01
   769.02     13.0036  2.1587e-01  2.1795e-01  2.2200e-01  2.3197e-01  2.3106e-01
   767.52     13.0290  2.1630e-01  2.1864e-01  2.2282e-01  2.3236e-01  2.3158e-01
   766.02     13.0545  2.1667e-01  2.1955e-01  2.2370e-01  2.3276e-01  2.3211e-01
   764.52     13.0801  2.1720e-01  2.2045e-01  2.2459e-01  2.3316e-01  2.3266e-01
   763.02     13.1058  2.1783e-01  2.2126e-01  2.2535e-01  2.3359e-01  2.3322e-01
   761.52     13.1317  2.1838e-01  2.2207e-01  2.2601e-01  2.3402e-01  2.3380e-01
   760.02     13.1576  2.1877e-01  2.2275e-01  2.2673e-01  2.3447e-01  2.3437e-01
   758.52     13.1836  2.1913e-01  2.2321e-01  2.2759e-01  2.3494e-01  2.3495e-01
   757.02     13.2097  2.1963e-01  2.2373e-01  2.2852e-01  2.3541e-01  2.3554e-01
   755.52     13.2359  2.2024e-01  2.2437e-01  2.2935e-01  2.3588e-01  2.3613e-01
   754.02     13.2623  2.2077e-01  2.2504e-01  2.3005e-01  2.3636e-01  2.3671e-01
   752.52     13.2887  2.2120e-01  2.2566e-01  2.3069e-01  2.3684e-01  2.3729e-01
   751.02     13.3153  2.2168e-01  2.2628e-01  2.3130e-01  2.3731e-01  2.3784e-01
   749.52     13.3419  2.2228e-01  2.2699e-01  2.3194e-01  2.3777e-01  2.3838e-01
   748.02     13.3687  2.2282e-01  2.2766e-01  2.3264e-01  2.3821e-01  2.3889e-01
   746.52     13.3955  2.2321e-01  2.2826e-01  2.3335e-01  2.3864e-01  2.3937e-01
   745.02     13.4225  2.2357e-01  2.2878e-01  2.3402e-01  2.3906e-01  2.3984e-01
   743.52     13.4496  2.2393e-01  2.2923e-01  2.3463e-01  2.3946e-01  2.4027e-01
   742.02     13.4768  2.2413e-01  2.2971e-01  2.3508e-01  2.3983e-01  2.4068e-01
   740.52     13.5041  2.2429e-01  2.3017e-01  2.3541e-01  2.4020e-01  2.4105e-01
   739.02     13.5315  2.2461e-01  2.3064e-01  2.3575e-01  2.4053e-01  2.4140e-01
   737.52     13.5590  2.2503e-01  2.3119e-01  2.3624e-01  2.4086e-01  2.4173e-01
   736.02     13.5866  2.2531e-01  2.3161e-01  2.3679e-01  2.4118e-01  2.4205e-01
   734.52     13.6144  2.2547e-01  2.3178e-01  2.3716e-01  2.4149e-01  2.4236e-01
   733.02     13.6423  2.2573e-01  2.3187e-01  2.3734e-01  2.4180e-01  2.4266e-01
   731.52     13.6702  2.2617e-01  2.3209e-01  2.3752e-01  2.4210e-01  2.4295e-01
   730.02     13.6983  2.2645e-01  2.3237e-01  2.3771e-01  2.4239e-01  2.4323e-01
   728.52     13.7265  2.2647e-01  2.3255e-01  2.3802e-01  2.4266e-01  2.4350e-01
   727.02     13.7549  2.2645e-01  2.3272e-01  2.3849e-01  2.4292e-01  2.4376e-01
   725.52     13.7833  2.2659e-01  2.3309e-01  2.3897e-01  2.4318e-01  2.4402e-01
   724.02     13.8119  2.2679e-01  2.3352e-01  2.3932e-01  2.4345e-01  2.4428e-01
   722.52     13.8405  2.2697e-01  2.3373e-01  2.3942e-01  2.4370e-01  2.4454e-01
   721.02     13.8693  2.2710e-01  2.3377e-01  2.3938e-01  2.4395e-01  2.4480e-01
   719.52     13.8982  2.2728e-01  2.3393e-01  2.3949e-01  2.4419e-01  2.4505e-01
   718.02     13.9273  2.2755e-01  2.3424e-01  2.3981e-01  2.4445e-01  2.4533e-01
   716.52     13.9564  2.2783e-01  2.3449e-01  2.4016e-01  2.4473e-01  2.4563e-01
   715.02     13.9857  2.2805e-01  2.3476e-01  2.4053e-01  2.4505e-01  2.4595e-01
   713.52     14.0151  2.2832e-01  2.3534e-01  2.4099e-01  2.4542e-01  2.4632e-01
   712.02     14.0446  2.2869e-01  2.3598e-01  2.4140e-01  2.4582e-01  2.4672e-01
   710.51     14.0743  2.2908e-01  2.3637e-01  2.4169e-01  2.4627e-01  2.4717e-01
   709.01     14.1041  2.2936e-01  2.3663e-01  2.4201e-01  2.4675e-01  2.4766e-01
   707.51     14.1340  2.2963e-01  2.3681e-01  2.4231e-01  2.4729e-01  2.4821e-01
   706.01     14.1640  2.3008e-01  2.3714e-01  2.4266e-01  2.4788e-01  2.4881e-01
   704.51     14.1942  2.3064e-01  2.3776e-01  2.4317e-01  2.4852e-01  2.4945e-01
   703.01     14.2245  2.3116e-01  2.3841e-01  2.4370e-01  2.4920e-01  2.5013e-01
   701.51     14.2549  2.3167e-01  2.3903e-01  2.4414e-01  2.4990e-01  2.5087e-01
   700.01     14.2854  2.3215e-01  2.3958e-01  2.4464e-01  2.5062e-01  2.5165e-01
   698.51     14.3161  2.3261e-01  2.4007e-01  2.4528e-01  2.5136e-01  2.5246e-01
   697.01     14.3469  2.3316e-01  2.4064e-01  2.4596e-01  2.5213e-01  2.5330e-01
   695.51     14.3779  2.3373e-01  2.4123e-01  2.4661e-01  2.5291e-01  2.5416e-01
   694.01     14.4089  2.3450e-01  2.4197e-01  2.4727e-01  2.5371e-01  2.5504e-01
   692.51     14.4402  2.3550e-01  2.4279e-01  2.4795e-01  2.5452e-01  2.5592e-01
   691.01     14.4715  2.3634e-01  2.4357e-01  2.4873e-01  2.5534e-01  2.5683e-01
   689.51     14.5030  2.3687e-01  2.4435e-01  2.4957e-01  2.5618e-01  2.5774e-01
   688.01     14.5346  2.3740e-01  2.4504e-01  2.5041e-01  2.5704e-01  2.5868e-01
   686.51     14.5664  2.3814e-01  2.4588e-01  2.5130e-01  2.5793e-01  2.5962e-01
   685.01     14.5983  2.3907e-01  2.4706e-01  2.5240e-01  2.5886e-01  2.6058e-01
   683.51     14.6303  2.4014e-01  2.4838e-01  2.5362e-01  2.5985e-01  2.6159e-01
   682.01     14.6625  2.4130e-01  2.4963e-01  2.5471e-01  2.6088e-01  2.6264e-01
   680.51     14.6948  2.4252e-01  2.5062e-01  2.5570e-01  2.6194e-01  2.6370e-01
   679.01     14.7273  2.4385e-01  2.5157e-01  2.5682e-01  2.6299e-01  2.6476e-01
   677.51     14.7599  2.4523e-01  2.5275e-01  2.5812e-01  2.6407e-01  2.6581e-01
   676.01     14.7926  2.4659e-01  2.5394e-01  2.5953e-01  2.6518e-01  2.6689e-01
   674.51     14.8255  2.4776e-01  2.5504e-01  2.6097e-01  2.6633e-01  2.6799e-01
   673.01     14.8586  2.4873e-01  2.5630e-01  2.6237e-01  2.6753e-01  2.6913e-01
   671.51     14.8918  2.4978e-01  2.5794e-01  2.6379e-01  2.6877e-01  2.7030e-01
   670.01     14.9251  2.5074e-01  2.5928e-01  2.6477e-01  2.7001e-01  2.7147e-01
   668.51     14.9586  2.5164e-01  2.5963e-01  2.6490e-01  2.7127e-01  2.7265e-01
   667.01     14.9922  2.5384e-01  2.6112e-01  2.6612e-01  2.7260e-01  2.7388e-01
   665.51     15.0260  2.5662e-01  2.6401e-01  2.6882e-01  2.7405e-01  2.7525e-01
   664.01     15.0600  2.5871e-01  2.6627e-01  2.7121e-01  2.7566e-01  2.7677e-01
   662.51     15.0941  2.6038e-01  2.6788e-01  2.7306e-01  2.7739e-01  2.7844e-01
   661.01     15.1283  2.6212e-01  2.6953e-01  2.7482e-01  2.7923e-01  2.8024e-01
   659.51     15.1627  2.6402e-01  2.7143e-01  2.7667e-01  2.8118e-01  2.8214e-01
   658.01     15.1973  2.6608e-01  2.7357e-01  2.7863e-01  2.8326e-01  2.8419e-01
   656.51     15.2320  2.6834e-01  2.7574e-01  2.8074e-01  2.8548e-01  2.8638e-01
   655.01     15.2669  2.7075e-01  2.7773e-01  2.8296e-01  2.8785e-01  2.8873e-01
   653.51     15.3020  2.7309e-01  2.7998e-01  2.8528e-01  2.9040e-01  2.9127e-01
   652.01     15.3372  2.7531e-01  2.8254e-01  2.8780e-01  2.9308e-01  2.9398e-01
   650.51     15.3725  2.7776e-01  2.8527e-01  2.9063e-01  2.9590e-01  2.9681e-01
   649.01     15.4081  2.8067e-01  2.8829e-01  2.9368e-01  2.9888e-01  2.9982e-01
   647.51     15.4438  2.8386e-01  2.9134e-01  2.9671e-01  3.0204e-01  3.0303e-01
   646.01     15.4796  2.8719e-01  2.9452e-01  3.0003e-01  3.0542e-01  3.0648e-01
   644.51     15.5157  2.9065e-01  2.9826e-01  3.0383e-01  3.0905e-01  3.1019e-01
   643.01     15.5519  2.9425e-01  3.0238e-01  3.0783e-01  3.1293e-01  3.1421e-01
   641.51     15.5882  2.9820e-01  3.0667e-01  3.1195e-01  3.1710e-01  3.1854e-01
   640.01     15.6248  3.0258e-01  3.1102e-01  3.1636e-01  3.2159e-01  3.2321e-01
   638.51     15.6615  3.0721e-01  3.1583e-01  3.2123e-01  3.2642e-01  3.2825e-01
   637.01     15.6984  3.1200e-01  3.2125e-01  3.2660e-01  3.3160e-01  3.3366e-01
   635.51     15.7354  3.1719e-01  3.2689e-01  3.3238e-01  3.3714e-01  3.3949e-01
   634.01     15.7726  3.2302e-01  3.3285e-01  3.3857e-01  3.4306e-01  3.4574e-01
   632.51     15.8100  3.2930e-01  3.3910e-01  3.4515e-01  3.4940e-01  3.5243e-01
   631.01     15.8476  3.3574e-01  3.4569e-01  3.5219e-01  3.5614e-01  3.5958e-01
   629.51     15.8854  3.4248e-01  3.5308e-01  3.5983e-01  3.6331e-01  3.6716e-01
   628.01     15.9233  3.4983e-01  3.6123e-01  3.6799e-01  3.7088e-01  3.7516e-01
   626.51     15.9615  3.5762e-01  3.6983e-01  3.7648e-01  3.7884e-01  3.8355e-01
   625.01     15.9998  3.6549e-01  3.7875e-01  3.8531e-01  3.8716e-01  3.9231e-01
   623.51     16.0383  3.7353e-01  3.8786e-01  3.9448e-01  3.9583e-01  4.0142e-01
   622.01     16.0770  3.8205e-01  3.9708e-01  4.0384e-01  4.0483e-01  4.1083e-01
   620.51     16.1158  3.9106e-01  4.0649e-01  4.1358e-01  4.1412e-01  4.2051e-01
   619.01     16.1549  4.0012e-01  4.1624e-01  4.2345e-01  4.2368e-01  4.3042e-01
   617.51     16.1941  4.0900e-01  4.2627e-01  4.3323e-01  4.3349e-01  4.4050e-01
   616.01     16.2336  4.1806e-01  4.3622e-01  4.4326e-01  4.4348e-01  4.5071e-01
   614.51     16.2732  4.2727e-01  4.4581e-01  4.5339e-01  4.5365e-01  4.6105e-01
   613.01     16.3130  4.3664e-01  4.5550e-01  4.6363e-01  4.6398e-01  4.7151e-01
   611.51     16.3530  4.4611e-01  4.6521e-01  4.7372e-01  4.7447e-01  4.8207e-01
   610.01     16.3932  4.5551e-01  4.7463e-01  4.8331e-01  4.8513e-01  4.9273e-01
   608.51     16.4337  4.6508e-01  4.8425e-01  4.9308e-01  4.9594e-01  5.0349e-01
   607.01     16.4743  4.7472e-01  4.9407e-01  5.0324e-01  5.0692e-01  5.1434e-01
   605.51     16.5151  4.8440e-01  5.0411e-01  5.1345e-01  5.1806e-01  5.2531e-01
   604.01     16.5561  4.9411e-01  5.1433e-01  5.2355e-01  5.2940e-01  5.3642e-01
   602.51     16.5973  5.0386e-01  5.2445e-01  5.3361e-01  5.4092e-01  5.4769e-01
   601.01     16.6388  5.1414e-01  5.3495e-01  5.4416e-01  5.5265e-01  5.5910e-01
   599.51     16.6804  5.2492e-01  5.4579e-01  5.5526e-01  5.6459e-01  5.7070e-01
   598.01     16.7222  5.3594e-01  5.5680e-01  5.6667e-01  5.7675e-01  5.8249e-01
   596.51     16.7643  5.4754e-01  5.6847e-01  5.7854e-01  5.8914e-01  5.9446e-01
   595.01     16.8065  5.5959e-01  5.8043e-01  5.9058e-01  6.0173e-01  6.0660e-01
   593.51     16.8490  5.7198e-01  5.9274e-01  6.0310e-01  6.1447e-01  6.1886e-01
   592.01     16.8917  5.8493e-01  6.0571e-01  6.1650e-01  6.2729e-01  6.3116e-01
   590.51     16.9346  5.9835e-01  6.1915e-01  6.3033e-01  6.4006e-01  6.4338e-01
   589.01     16.9778  6.1202e-01  6.3296e-01  6.4420e-01  6.5264e-01  6.5538e-01
   587.51     17.0211  6.2588e-01  6.4678e-01  6.5800e-01  6.6485e-01  6.6697e-01
   586.01     17.0647  6.3987e-01  6.6067e-01  6.7169e-01  6.7642e-01  6.7789e-01
   584.51     17.1085  6.5414e-01  6.7475e-01  6.8571e-01  6.8707e-01  6.8784e-01
   583.01     17.1525  6.6835e-01  6.8857e-01  6.9995e-01  6.9643e-01  6.9643e-01
   581.51     17.1967  6.8183e-01  7.0185e-01  7.1353e-01  7.0416e-01  7.0331e-01
   580.01     17.2412  6.9461e-01  7.1447e-01  7.2618e-01  7.0988e-01  7.0808e-01
   578.51     17.2859  7.0578e-01  7.2559e-01  7.3721e-01  7.1325e-01  7.1038e-01
   577.00     17.3309  7.1477e-01  7.3493e-01  7.4639e-01  7.1395e-01  7.0988e-01
   575.50     17.3760  7.2154e-01  7.4179e-01  7.5343e-01  7.1179e-01  7.0637e-01
   574.00     17.4215  7.2440e-01  7.4383e-01  7.5590e-01  7.0665e-01  6.9971e-01
   572.50     17.4671  7.2307e-01  7.4098e-01  7.5334e-01  6.9854e-01  6.8991e-01
   571.00     17.5130  7.1760e-01  7.3376e-01  7.4591e-01  6.8756e-01  6.7711e-01
   569.50     17.5591  7.0723e-01  7.2109e-01  7.3250e-01  6.7398e-01  6.6155e-01
   568.00     17.6055  6.9355e-01  7.0362e-01  7.1434e-01  6.5812e-01  6.4365e-01
   566.50     17.6521  6.7664e-01  6.8164e-01  6.9167e-01  6.4043e-01  6.2389e-01
   565.00     17.6990  6.5713e-01  6.5698e-01  6.6577e-01  6.2141e-01  6.0284e-01
   563.50     17.7461  6.3626e-01  6.3117e-01  6.3836e-01  6.0157e-01  5.8108e-01
   562.00     17.7935  6.1374e-01  6.0395e-01  6.0981e-01  5.8138e-01  5.5915e-01
   560.50     17.8411  5.9129e-01  5.7760e-01  5.8250e-01  5.6133e-01  5.3757e-01
   559.00     17.8890  5.6918e-01  5.5252e-01  5.5630e-01  5.4178e-01  5.1673e-01
   557.50     17.9371  5.4772e-01  5.2857e-01  5.3122e-01  5.2304e-01  4.9697e-01
   556.00     17.9855  5.2753e-01  5.0575e-01  5.0796e-01  5.0535e-01  4.7852e-01
   554.50     18.0342  5.0779e-01  4.8360e-01  4.8607e-01  4.8887e-01  4.6154e-01
   553.00     18.0831  4.8897e-01  4.6349e-01  4.6618e-01  4.7367e-01  4.4610e-01
   551.50     18.1323  4.7086e-01  4.4532e-01  4.4781e-01  4.5977e-01  4.3216e-01
   550.00     18.1817  4.5357e-01  4.2881e-01  4.3082e-01  4.4715e-01  4.1965e-01
   548.50     18.2314  4.3824e-01  4.1443e-01  4.1618e-01  4.3575e-01  4.0847e-01
   547.00     18.2814  4.2446e-01  4.0116e-01  4.0310e-01  4.2549e-01  3.9851e-01
   545.50     18.3317  4.1181e-01  3.8892e-01  3.9101e-01  4.1628e-01  3.8966e-01
   544.00     18.3823  4.0043e-01  3.7781e-01  3.7991e-01  4.0803e-01  3.8182e-01
   542.50     18.4331  3.9016e-01  3.6749e-01  3.6969e-01  4.0068e-01  3.7491e-01
   541.00     18.4842  3.8099e-01  3.5854e-01  3.6071e-01  3.9415e-01  3.6883e-01
   539.50     18.5356  3.7261e-01  3.5060e-01  3.5262e-01  3.8835e-01  3.6347e-01
   538.00     18.5873  3.6462e-01  3.4326e-01  3.4522e-01  3.8318e-01  3.5872e-01
   536.50     18.6393  3.5726e-01  3.3649e-01  3.3875e-01  3.7857e-01  3.5452e-01
   535.00     18.6915  3.5087e-01  3.3021e-01  3.3305e-01  3.7446e-01  3.5080e-01
   533.50     18.7441  3.4516e-01  3.2469e-01  3.2788e-01  3.7080e-01  3.4756e-01
   532.00     18.7969  3.3970e-01  3.1977e-01  3.2326e-01  3.6756e-01  3.4471e-01
   530.50     18.8501  3.3453e-01  3.1535e-01  3.1900e-01  3.6468e-01  3.4221e-01
   529.00     18.9035  3.3022e-01  3.1149e-01  3.1498e-01  3.6209e-01  3.3994e-01
   527.50     18.9573  3.2643e-01  3.0781e-01  3.1121e-01  3.5972e-01  3.3787e-01
   526.00     19.0114  3.2244e-01  3.0420e-01  3.0767e-01  3.5754e-01  3.3595e-01
   524.50     19.0657  3.1883e-01  3.0101e-01  3.0470e-01  3.5557e-01  3.3418e-01
   523.00     19.1204  3.1581e-01  2.9820e-01  3.0189e-01  3.5382e-01  3.3261e-01
   521.50     19.1754  3.1298e-01  2.9543e-01  2.9872e-01  3.5227e-01  3.3121e-01
   520.00     19.2307  3.1048e-01  2.9264e-01  2.9571e-01  3.5089e-01  3.2994e-01
   518.50     19.2864  3.0819e-01  2.9006e-01  2.9331e-01  3.4965e-01  3.2876e-01
   517.00     19.3423  3.0625e-01  2.8817e-01  2.9175e-01  3.4855e-01  3.2767e-01
   515.50     19.3986  3.0450e-01  2.8697e-01  2.9058e-01  3.4762e-01  3.2671e-01
   514.00     19.4552  3.0227e-01  2.8583e-01  2.8907e-01  3.4687e-01  3.2590e-01
   512.50     19.5122  3.0020e-01  2.8448e-01  2.8773e-01  3.4633e-01  3.2523e-01
   511.00     19.5695  2.9878e-01  2.8283e-01  2.8666e-01  3.4596e-01  3.2471e-01
   509.50     19.6271  2.9773e-01  2.8135e-01  2.8561e-01  3.4575e-01  3.2430e-01
   508.00     19.6850  2.9682e-01  2.8049e-01  2.8452e-01  3.4565e-01  3.2397e-01
   506.50     19.7433  2.9578e-01  2.7973e-01  2.8335e-01  3.4567e-01  3.2371e-01
   505.00     19.8020  2.9506e-01  2.7898e-01  2.8272e-01  3.4583e-01  3.2354e-01
   503.50     19.8610  2.9447e-01  2.7808e-01  2.8231e-01  3.4614e-01  3.2349e-01
   502.00     19.9203  2.9353e-01  2.7745e-01  2.8211e-01  3.4662e-01  3.2353e-01
   500.50     19.9801  2.9257e-01  2.7750e-01  2.8275e-01  3.4725e-01  3.2368e-01
   499.00     20.0401  2.9222e-01  2.7780e-01  2.8334e-01  3.4802e-01  3.2398e-01
   497.50     20.1005  2.9342e-01  2.7852e-01  2.8330e-01  3.4894e-01  3.2445e-01
   496.00     20.1613  2.9549e-01  2.7933e-01  2.8303e-01  3.5000e-01  3.2509e-01
   494.50     20.2225  2.9650e-01  2.7974e-01  2.8341e-01  3.5124e-01  3.2593e-01
   493.00     20.2840  2.9659e-01  2.8076e-01  2.8491e-01  3.5266e-01  3.2698e-01
   491.50     20.3459  2.9709e-01  2.8233e-01  2.8638e-01  3.5426e-01  3.2825e-01
   490.00     20.4082  2.9826e-01  2.8387e-01  2.8726e-01  3.5605e-01  3.2976e-01
   488.50     20.4709  2.9963e-01  2.8531e-01  2.8844e-01  3.5800e-01  3.3154e-01
   487.00     20.5340  3.0090e-01  2.8650e-01  2.9025e-01  3.6010e-01  3.3362e-01
   485.50     20.5974  3.0223e-01  2.8829e-01  2.9263e-01  3.6234e-01  3.3593e-01
   484.00     20.6612  3.0393e-01  2.9035e-01  2.9512e-01  3.6477e-01  3.3845e-01
   482.50     20.7255  3.0620e-01  2.9245e-01  2.9757e-01  3.6733e-01  3.4115e-01
   481.00     20.7901  3.0860e-01  2.9530e-01  3.0042e-01  3.7007e-01  3.4405e-01
   479.50     20.8552  3.1089e-01  2.9844e-01  3.0349e-01  3.7297e-01  3.4716e-01
   478.00     20.9206  3.1365e-01  3.0199e-01  3.0652e-01  3.7603e-01  3.5045e-01
   476.50     20.9865  3.1733e-01  3.0571e-01  3.1017e-01  3.7921e-01  3.5393e-01
   475.00     21.0527  3.2122e-01  3.0948e-01  3.1462e-01  3.8248e-01  3.5757e-01
   473.50     21.1194  3.2521e-01  3.1412e-01  3.1937e-01  3.8588e-01  3.6137e-01
   472.00     21.1866  3.2959e-01  3.1897e-01  3.2445e-01  3.8942e-01  3.6535e-01
   470.50     21.2541  3.3349e-01  3.2324e-01  3.2974e-01  3.9308e-01  3.6950e-01
   469.00     21.3221  3.3693e-01  3.2781e-01  3.3539e-01  3.9690e-01  3.7384e-01
   467.50     21.3905  3.4080e-01  3.3317e-01  3.4161e-01  4.0088e-01  3.7835e-01
   466.00     21.4594  3.4508e-01  3.3910e-01  3.4786e-01  4.0500e-01  3.8299e-01
   464.50     21.5287  3.5001e-01  3.4524e-01  3.5361e-01  4.0924e-01  3.8778e-01
   463.00     21.5984  3.5551e-01  3.5125e-01  3.5911e-01  4.1358e-01  3.9264e-01
   461.50     21.6686  3.6106e-01  3.5702e-01  3.6460e-01  4.1802e-01  3.9755e-01
   460.00     21.7393  3.6664e-01  3.6241e-01  3.7015e-01  4.2252e-01  4.0243e-01
   458.50     21.8104  3.7204e-01  3.6758e-01  3.7576e-01  4.2701e-01  4.0718e-01
   457.00     21.8820  3.7725e-01  3.7310e-01  3.8216e-01  4.3144e-01  4.1171e-01
   455.50     21.9541  3.8177e-01  3.7884e-01  3.8831e-01  4.3572e-01  4.1602e-01
   454.00     22.0266  3.8555e-01  3.8402e-01  3.9298e-01  4.3981e-01  4.2014e-01
   452.50     22.0997  3.8974e-01  3.8848e-01  3.9754e-01  4.4360e-01  4.2397e-01
   451.00     22.1732  3.9367e-01  3.9170e-01  4.0204e-01  4.4704e-01  4.2742e-01
   449.50     22.2472  3.9705e-01  3.9467e-01  4.0622e-01  4.5005e-01  4.3043e-01
   448.00     22.3217  4.0026e-01  3.9815e-01  4.0956e-01  4.5258e-01  4.3294e-01
   446.50     22.3967  4.0257e-01  4.0088e-01  4.1085e-01  4.5459e-01  4.3492e-01
   445.00     22.4722  4.0403e-01  4.0279e-01  4.1108e-01  4.5607e-01  4.3635e-01
   443.49     22.5482  4.0506e-01  4.0404e-01  4.1112e-01  4.5696e-01  4.3726e-01
   441.99     22.6247  4.0580e-01  4.0445e-01  4.1166e-01  4.5727e-01  4.3761e-01
   440.49     22.7017  4.0612e-01  4.0379e-01  4.1331e-01  4.5698e-01  4.3735e-01
   438.99     22.7793  4.0552e-01  4.0159e-01  4.1418e-01  4.5609e-01  4.3646e-01
   437.49     22.8574  4.0459e-01  3.9908e-01  4.1349e-01  4.5470e-01  4.3506e-01
   435.99     22.9361  4.0350e-01  3.9663e-01  4.1171e-01  4.5287e-01  4.3321e-01
   434.49     23.0153  4.0164e-01  3.9422e-01  4.0903e-01  4.5069e-01  4.3101e-01
   432.99     23.0950  3.9938e-01  3.9262e-01  4.0654e-01  4.4820e-01  4.2852e-01
   431.49     23.1753  3.9701e-01  3.9036e-01  4.0411e-01  4.4551e-01  4.2586e-01
   429.99     23.2561  3.9469e-01  3.8770e-01  4.0122e-01  4.4272e-01  4.2311e-01
   428.49     23.3376  3.9242e-01  3.8553e-01  3.9842e-01  4.3992e-01  4.2038e-01
   426.99     23.4195  3.8972e-01  3.8277e-01  3.9578e-01  4.3719e-01  4.1771e-01
   425.49     23.5021  3.8740e-01  3.8004e-01  3.9440e-01  4.3454e-01  4.1515e-01
   423.99     23.5853  3.8664e-01  3.7767e-01  3.9380e-01  4.3202e-01  4.1269e-01
   422.49     23.6690  3.8610e-01  3.7547e-01  3.9160e-01  4.2958e-01  4.1034e-01
   420.99     23.7533  3.8432e-01  3.7358e-01  3.8743e-01  4.2725e-01  4.0809e-01
   419.49     23.8383  3.8136e-01  3.7165e-01  3.8456e-01  4.2502e-01  4.0594e-01
   417.99     23.9238  3.7794e-01  3.6987e-01  3.8611e-01  4.2286e-01  4.0387e-01
   416.49     24.0100  3.7607e-01  3.6773e-01  3.8691e-01  4.2068e-01  4.0177e-01
   414.99     24.0968  3.7510e-01  3.6469e-01  3.8182e-01  4.1838e-01  3.9955e-01
   413.49     24.1842  3.7302e-01  3.6103e-01  3.7652e-01  4.1590e-01  3.9717e-01
   411.99     24.2723  3.6987e-01  3.5721e-01  3.7301e-01  4.1327e-01  3.9464e-01
   410.49     24.3610  3.6536e-01  3.5373e-01  3.6921e-01  4.1050e-01  3.9198e-01
   408.99     24.4503  3.5974e-01  3.5006e-01  3.6482e-01  4.0761e-01  3.8920e-01
   407.49     24.5403  3.5411e-01  3.4557e-01  3.6013e-01  4.0465e-01  3.8637e-01
   405.99     24.6310  3.4832e-01  3.4072e-01  3.5555e-01  4.0164e-01  3.8349e-01
   404.49     24.7224  3.4338e-01  3.3589e-01  3.5067e-01  3.9860e-01  3.8058e-01
   402.99     24.8144  3.3840e-01  3.3126e-01  3.4574e-01  3.9559e-01  3.7770e-01
   401.49     24.9071  3.3277e-01  3.2697e-01  3.4107e-01  3.9267e-01  3.7492e-01
   399.99     25.0005  3.2686e-01  3.2260e-01  3.3632e-01  3.8992e-01  3.7231e-01
