  Data: Real and imaginary indices of H2SO4/H2O droplets 
   0.65, 0.65, 0.65, 0.65, 0.58 Weight percent H2SO4
   298,  263,  243,  223,  298 K  
  
  Reference: Myhre, C. E. Lund, D. H. Christensen, F. M. Nicolaisen,
  and C. J. Nielsen, Spectroscopic Study of Aqueous H2SO4 at Different
  Temperatures and Compositions: Variations in Dissociation and 
  Optical Properties, J. Phys. Chem., volume 107, pgs. 1979-1991, 2005.
  
  Email contact person: C. E. Lund Myhre (e.c.lund@iakh.uio.no.)
  
  Format: 4733 real indices (2x,f7.2,2x,f10.4,5(2x,f7.5))
          4733 imaginary indices (2x,f7.2,2x,f10.4,5(1x,e11.4))
  
  cm-1        microns   rnw65t298, rnw65t263, rnw65t243, rnw65t223, rnw58t298 
  7498.52      1.3336  1.40819  1.41398  1.42180  1.43025  1.39607
  7497.02      1.3339  1.40835  1.41414  1.42196  1.43042  1.39601
  7495.52      1.3341  1.40837  1.41416  1.42198  1.43044  1.39595
  7494.02      1.3344  1.40827  1.41405  1.42188  1.43033  1.39590
  7492.52      1.3347  1.40801  1.41379  1.42161  1.43005  1.39586
  7491.02      1.3349  1.40776  1.41354  1.42135  1.42979  1.39582
  7489.52      1.3352  1.40764  1.41342  1.42123  1.42966  1.39577
  7488.02      1.3355  1.40773  1.41351  1.42132  1.42975  1.39574
  7486.52      1.3357  1.40789  1.41367  1.42149  1.42993  1.39571
  7485.02      1.3360  1.40812  1.41391  1.42173  1.43017  1.39566
  7483.52      1.3363  1.40827  1.41406  1.42188  1.43033  1.39562
  7482.02      1.3365  1.40820  1.41398  1.42180  1.43025  1.39558
  7480.52      1.3368  1.40800  1.41379  1.42160  1.43005  1.39555
  7479.02      1.3371  1.40801  1.41379  1.42161  1.43005  1.39553
  7477.52      1.3373  1.40808  1.41386  1.42168  1.43013  1.39554
  7476.02      1.3376  1.40801  1.41379  1.42161  1.43006  1.39554
  7474.52      1.3379  1.40786  1.41364  1.42145  1.42990  1.39555
  7473.02      1.3381  1.40781  1.41359  1.42140  1.42984  1.39557
  7471.52      1.3384  1.40781  1.41359  1.42140  1.42984  1.39560
  7470.02      1.3387  1.40779  1.41356  1.42138  1.42982  1.39564
  7468.52      1.3390  1.40791  1.41369  1.42150  1.42995  1.39569
  7467.02      1.3392  1.40789  1.41367  1.42149  1.42993  1.39572
  7465.52      1.3395  1.40782  1.41360  1.42142  1.42986  1.39575
  7464.02      1.3398  1.40790  1.41368  1.42149  1.42993  1.39577
  7462.52      1.3400  1.40815  1.41394  1.42176  1.43021  1.39580
  7461.02      1.3403  1.40832  1.41411  1.42193  1.43038  1.39583
  7459.52      1.3406  1.40830  1.41409  1.42191  1.43036  1.39585
  7458.02      1.3408  1.40810  1.41389  1.42171  1.43016  1.39586
  7456.52      1.3411  1.40803  1.41381  1.42163  1.43008  1.39586
  7455.02      1.3414  1.40802  1.41380  1.42162  1.43007  1.39586
  7453.52      1.3416  1.40799  1.41377  1.42158  1.43003  1.39586
  7452.02      1.3419  1.40787  1.41365  1.42146  1.42990  1.39585
  7450.52      1.3422  1.40782  1.41360  1.42141  1.42985  1.39583
  7449.02      1.3425  1.40785  1.41363  1.42144  1.42988  1.39580
  7447.52      1.3427  1.40800  1.41378  1.42160  1.43004  1.39576
  7446.02      1.3430  1.40824  1.41402  1.42184  1.43030  1.39572
  7444.52      1.3433  1.40813  1.41392  1.42174  1.43019  1.39569
  7443.02      1.3435  1.40788  1.41366  1.42148  1.42992  1.39567
  7441.52      1.3438  1.40769  1.41347  1.42128  1.42971  1.39566
  7440.02      1.3441  1.40771  1.41349  1.42130  1.42974  1.39566
  7438.52      1.3444  1.40776  1.41354  1.42135  1.42979  1.39568
  7437.02      1.3446  1.40782  1.41360  1.42141  1.42985  1.39570
  7435.52      1.3449  1.40790  1.41368  1.42149  1.42993  1.39573
  7434.02      1.3452  1.40800  1.41378  1.42160  1.43004  1.39577
  7432.52      1.3454  1.40794  1.41372  1.42154  1.42998  1.39580
  7431.02      1.3457  1.40791  1.41369  1.42150  1.42995  1.39581
  7429.52      1.3460  1.40793  1.41371  1.42152  1.42996  1.39581
  7428.02      1.3463  1.40795  1.41373  1.42154  1.42999  1.39579
  7426.52      1.3465  1.40779  1.41357  1.42138  1.42982  1.39575
  7425.02      1.3468  1.40776  1.41354  1.42135  1.42979  1.39571
  7423.52      1.3471  1.40790  1.41368  1.42150  1.42994  1.39566
  7422.02      1.3473  1.40811  1.41390  1.42172  1.43016  1.39561
  7420.52      1.3476  1.40817  1.41396  1.42178  1.43023  1.39557
  7419.02      1.3479  1.40812  1.41390  1.42172  1.43017  1.39554
  7417.51      1.3482  1.40799  1.41377  1.42159  1.43003  1.39551
  7416.01      1.3484  1.40785  1.41363  1.42145  1.42989  1.39550
  7414.51      1.3487  1.40787  1.41365  1.42147  1.42991  1.39549
  7413.01      1.3490  1.40788  1.41365  1.42147  1.42991  1.39549
  7411.51      1.3493  1.40784  1.41362  1.42143  1.42987  1.39550
  7410.01      1.3495  1.40782  1.41359  1.42141  1.42985  1.39551
  7408.51      1.3498  1.40796  1.41374  1.42156  1.43000  1.39553
  7407.01      1.3501  1.40802  1.41380  1.42162  1.43007  1.39554
  7405.51      1.3503  1.40797  1.41375  1.42156  1.43001  1.39556
  7404.01      1.3506  1.40786  1.41363  1.42145  1.42989  1.39559
  7402.51      1.3509  1.40793  1.41371  1.42153  1.42997  1.39563
  7401.01      1.3512  1.40791  1.41369  1.42151  1.42995  1.39567
  7399.51      1.3514  1.40784  1.41362  1.42143  1.42987  1.39570
  7398.01      1.3517  1.40784  1.41362  1.42143  1.42987  1.39572
  7396.51      1.3520  1.40799  1.41377  1.42159  1.43003  1.39573
  7395.01      1.3523  1.40799  1.41377  1.42159  1.43004  1.39573
  7393.51      1.3525  1.40792  1.41370  1.42151  1.42996  1.39573
  7392.01      1.3528  1.40790  1.41368  1.42149  1.42993  1.39570
  7390.51      1.3531  1.40788  1.41366  1.42147  1.42991  1.39567
  7389.01      1.3534  1.40798  1.41376  1.42157  1.43002  1.39565
  7387.51      1.3536  1.40818  1.41396  1.42178  1.43023  1.39563
  7386.01      1.3539  1.40843  1.41422  1.42205  1.43050  1.39564
  7384.51      1.3542  1.40884  1.41463  1.42247  1.43093  1.39565
  7383.01      1.3545  1.40878  1.41458  1.42241  1.43088  1.39566
  7381.51      1.3547  1.40833  1.41412  1.42195  1.43040  1.39567
  7380.01      1.3550  1.40782  1.41360  1.42141  1.42986  1.39567
  7378.51      1.3553  1.40785  1.41363  1.42144  1.42988  1.39566
  7377.01      1.3556  1.40787  1.41365  1.42146  1.42990  1.39564
  7375.51      1.3558  1.40784  1.41362  1.42144  1.42988  1.39563
  7374.01      1.3561  1.40786  1.41364  1.42145  1.42990  1.39559
  7372.51      1.3564  1.40784  1.41361  1.42143  1.42987  1.39556
  7371.01      1.3567  1.40792  1.41370  1.42152  1.42996  1.39554
  7369.51      1.3569  1.40805  1.41383  1.42165  1.43010  1.39553
  7368.01      1.3572  1.40810  1.41388  1.42170  1.43015  1.39554
  7366.51      1.3575  1.40803  1.41381  1.42163  1.43007  1.39555
  7365.01      1.3578  1.40795  1.41373  1.42154  1.42999  1.39556
  7363.51      1.3580  1.40789  1.41367  1.42149  1.42993  1.39556
  7362.01      1.3583  1.40785  1.41363  1.42145  1.42989  1.39555
  7360.51      1.3586  1.40779  1.41357  1.42138  1.42982  1.39553
  7359.01      1.3589  1.40778  1.41356  1.42137  1.42981  1.39550
  7357.51      1.3592  1.40771  1.41349  1.42130  1.42973  1.39546
  7356.01      1.3594  1.40747  1.41325  1.42105  1.42948  1.39543
  7354.51      1.3597  1.40744  1.41321  1.42101  1.42944  1.39540
  7353.01      1.3600  1.40775  1.41352  1.42133  1.42977  1.39539
  7351.51      1.3603  1.40815  1.41393  1.42175  1.43020  1.39540
  7350.01      1.3605  1.40834  1.41412  1.42195  1.43040  1.39542
  7348.51      1.3608  1.40833  1.41411  1.42194  1.43039  1.39543
  7347.01      1.3611  1.40845  1.41424  1.42207  1.43052  1.39544
  7345.51      1.3614  1.40873  1.41453  1.42236  1.43082  1.39544
  7344.01      1.3617  1.40905  1.41485  1.42269  1.43116  1.39542
  7342.51      1.3619  1.40909  1.41489  1.42273  1.43121  1.39541
  7341.01      1.3622  1.40838  1.41417  1.42200  1.43046  1.39538
  7339.51      1.3625  1.40738  1.41315  1.42095  1.42939  1.39536
  7338.01      1.3628  1.40668  1.41244  1.42023  1.42865  1.39533
  7336.51      1.3630  1.40650  1.41225  1.42004  1.42844  1.39531
  7335.01      1.3633  1.40681  1.41257  1.42036  1.42877  1.39530
  7333.51      1.3636  1.40759  1.41336  1.42116  1.42960  1.39530
  7332.01      1.3639  1.40864  1.41443  1.42226  1.43072  1.39529
  7330.51      1.3642  1.40935  1.41516  1.42300  1.43148  1.39526
  7329.01      1.3644  1.40905  1.41485  1.42270  1.43117  1.39521
  7327.51      1.3647  1.40817  1.41396  1.42178  1.43024  1.39517
  7326.01      1.3650  1.40739  1.41317  1.42097  1.42941  1.39513
  7324.51      1.3653  1.40696  1.41272  1.42052  1.42894  1.39510
  7323.01      1.3656  1.40691  1.41267  1.42046  1.42888  1.39508
  7321.51      1.3658  1.40715  1.41292  1.42072  1.42914  1.39508
  7320.01      1.3661  1.40752  1.41329  1.42110  1.42953  1.39510
  7318.51      1.3664  1.40772  1.41349  1.42130  1.42974  1.39514
  7317.01      1.3667  1.40798  1.41376  1.42158  1.43002  1.39519
  7315.51      1.3670  1.40826  1.41404  1.42187  1.43032  1.39524
  7314.01      1.3672  1.40839  1.41418  1.42200  1.43046  1.39527
  7312.51      1.3675  1.40797  1.41375  1.42157  1.43001  1.39529
  7311.01      1.3678  1.40798  1.41376  1.42158  1.43002  1.39532
  7309.51      1.3681  1.40818  1.41396  1.42178  1.43023  1.39535
  7308.01      1.3684  1.40802  1.41380  1.42162  1.43006  1.39536
  7306.51      1.3686  1.40735  1.41312  1.42092  1.42936  1.39538
  7305.01      1.3689  1.40702  1.41279  1.42059  1.42901  1.39539
  7303.51      1.3692  1.40721  1.41298  1.42078  1.42920  1.39543
  7302.01      1.3695  1.40775  1.41352  1.42133  1.42977  1.39547
  7300.51      1.3698  1.40794  1.41372  1.42153  1.42997  1.39550
  7299.01      1.3700  1.40827  1.41405  1.42188  1.43033  1.39552
  7297.51      1.3703  1.40864  1.41443  1.42226  1.43072  1.39551
  7296.01      1.3706  1.40878  1.41457  1.42241  1.43087  1.39549
  7294.51      1.3709  1.40836  1.41415  1.42197  1.43043  1.39545
  7293.01      1.3712  1.40787  1.41365  1.42146  1.42991  1.39540
  7291.51      1.3715  1.40751  1.41329  1.42110  1.42953  1.39535
  7290.01      1.3717  1.40734  1.41311  1.42091  1.42934  1.39531
  7288.51      1.3720  1.40711  1.41288  1.42068  1.42910  1.39526
  7287.00      1.3723  1.40693  1.41269  1.42049  1.42891  1.39523
  7285.50      1.3726  1.40687  1.41263  1.42042  1.42884  1.39522
  7284.00      1.3729  1.40698  1.41275  1.42054  1.42896  1.39524
  7282.50      1.3732  1.40728  1.41305  1.42085  1.42927  1.39527
  7281.00      1.3734  1.40751  1.41328  1.42109  1.42952  1.39530
  7279.50      1.3737  1.40763  1.41341  1.42121  1.42965  1.39534
  7278.00      1.3740  1.40768  1.41346  1.42127  1.42970  1.39540
  7276.50      1.3743  1.40776  1.41354  1.42135  1.42979  1.39544
  7275.00      1.3746  1.40774  1.41352  1.42133  1.42977  1.39547
  7273.50      1.3749  1.40766  1.41344  1.42125  1.42968  1.39547
  7272.00      1.3751  1.40759  1.41337  1.42117  1.42961  1.39546
  7270.50      1.3754  1.40761  1.41338  1.42119  1.42962  1.39543
  7269.00      1.3757  1.40741  1.41318  1.42099  1.42942  1.39538
  7267.50      1.3760  1.40732  1.41309  1.42089  1.42931  1.39533
  7266.00      1.3763  1.40763  1.41341  1.42121  1.42965  1.39526
  7264.50      1.3766  1.40804  1.41382  1.42164  1.43008  1.39520
  7263.00      1.3768  1.40811  1.41389  1.42171  1.43016  1.39516
  7261.50      1.3771  1.40778  1.41356  1.42138  1.42982  1.39514
  7260.00      1.3774  1.40727  1.41304  1.42084  1.42926  1.39514
  7258.50      1.3777  1.40724  1.41301  1.42081  1.42923  1.39514
  7257.00      1.3780  1.40751  1.41328  1.42108  1.42951  1.39517
  7255.50      1.3783  1.40784  1.41362  1.42143  1.42987  1.39522
  7254.00      1.3785  1.40803  1.41381  1.42163  1.43007  1.39529
  7252.50      1.3788  1.40796  1.41375  1.42156  1.43000  1.39536
  7251.00      1.3791  1.40769  1.41347  1.42128  1.42972  1.39542
  7249.50      1.3794  1.40746  1.41323  1.42104  1.42947  1.39547
  7248.00      1.3797  1.40760  1.41337  1.42118  1.42961  1.39550
  7246.50      1.3800  1.40829  1.41408  1.42190  1.43035  1.39554
  7245.00      1.3803  1.40892  1.41471  1.42255  1.43102  1.39557
  7243.50      1.3805  1.40892  1.41472  1.42256  1.43103  1.39557
  7242.00      1.3808  1.40799  1.41377  1.42159  1.43004  1.39555
  7240.50      1.3811  1.40685  1.41261  1.42040  1.42882  1.39554
  7239.00      1.3814  1.40633  1.41209  1.41987  1.42827  1.39552
  7237.50      1.3817  1.40681  1.41257  1.42036  1.42877  1.39552
  7236.00      1.3820  1.40819  1.41397  1.42179  1.43023  1.39552
  7234.50      1.3823  1.40924  1.41504  1.42289  1.43136  1.39552
  7233.00      1.3826  1.40893  1.41473  1.42257  1.43104  1.39550
  7231.50      1.3828  1.40779  1.41357  1.42138  1.42983  1.39550
  7230.00      1.3831  1.40680  1.41257  1.42036  1.42878  1.39549
  7228.50      1.3834  1.40663  1.41239  1.42017  1.42858  1.39548
  7227.00      1.3837  1.40679  1.41255  1.42034  1.42876  1.39547
  7225.50      1.3840  1.40711  1.41287  1.42067  1.42909  1.39546
  7224.00      1.3843  1.40742  1.41319  1.42099  1.42942  1.39546
  7222.50      1.3846  1.40758  1.41336  1.42116  1.42960  1.39544
  7221.00      1.3848  1.40751  1.41329  1.42109  1.42952  1.39541
  7219.50      1.3851  1.40729  1.41306  1.42086  1.42929  1.39538
  7218.00      1.3854  1.40707  1.41284  1.42063  1.42905  1.39535
  7216.50      1.3857  1.40701  1.41277  1.42057  1.42898  1.39533
  7215.00      1.3860  1.40706  1.41282  1.42062  1.42903  1.39531
  7213.50      1.3863  1.40714  1.41291  1.42070  1.42912  1.39529
  7212.00      1.3866  1.40721  1.41298  1.42077  1.42920  1.39525
  7210.50      1.3869  1.40734  1.41311  1.42090  1.42933  1.39521
  7209.00      1.3872  1.40784  1.41361  1.42142  1.42986  1.39518
  7207.50      1.3874  1.40845  1.41424  1.42206  1.43052  1.39516
  7206.00      1.3877  1.40876  1.41455  1.42239  1.43085  1.39513
  7204.50      1.3880  1.40827  1.41406  1.42188  1.43034  1.39510
  7203.00      1.3883  1.40771  1.41349  1.42130  1.42974  1.39505
  7201.50      1.3886  1.40736  1.41313  1.42093  1.42936  1.39502
  7200.00      1.3889  1.40730  1.41307  1.42087  1.42930  1.39501
  7198.50      1.3892  1.40738  1.41315  1.42095  1.42938  1.39502
  7197.00      1.3895  1.40759  1.41336  1.42117  1.42960  1.39504
  7195.50      1.3898  1.40773  1.41350  1.42131  1.42975  1.39507
  7194.00      1.3900  1.40761  1.41338  1.42119  1.42963  1.39510
  7192.50      1.3903  1.40740  1.41317  1.42097  1.42940  1.39514
  7191.00      1.3906  1.40733  1.41310  1.42090  1.42933  1.39517
  7189.50      1.3909  1.40741  1.41318  1.42098  1.42941  1.39520
  7188.00      1.3912  1.40759  1.41337  1.42117  1.42961  1.39521
  7186.50      1.3915  1.40808  1.41386  1.42167  1.43012  1.39521
  7185.00      1.3918  1.40866  1.41446  1.42229  1.43074  1.39519
  7183.50      1.3921  1.40882  1.41461  1.42245  1.43092  1.39517
  7182.00      1.3924  1.40817  1.41396  1.42178  1.43023  1.39513
  7180.50      1.3927  1.40719  1.41296  1.42076  1.42919  1.39510
  7179.00      1.3930  1.40659  1.41235  1.42013  1.42854  1.39508
  7177.50      1.3932  1.40655  1.41231  1.42009  1.42850  1.39505
  7176.00      1.3935  1.40701  1.41277  1.42056  1.42898  1.39505
  7174.50      1.3938  1.40759  1.41336  1.42116  1.42959  1.39505
  7173.00      1.3941  1.40818  1.41396  1.42178  1.43023  1.39506
  7171.50      1.3944  1.40856  1.41435  1.42218  1.43064  1.39508
  7170.00      1.3947  1.40850  1.41429  1.42212  1.43058  1.39509
  7168.50      1.3950  1.40798  1.41377  1.42159  1.43003  1.39508
  7167.00      1.3953  1.40746  1.41323  1.42104  1.42947  1.39507
  7165.50      1.3956  1.40721  1.41298  1.42078  1.42920  1.39505
  7164.00      1.3959  1.40737  1.41315  1.42095  1.42938  1.39503
  7162.50      1.3962  1.40762  1.41340  1.42121  1.42964  1.39500
  7161.00      1.3965  1.40757  1.41334  1.42115  1.42958  1.39497
  7159.50      1.3967  1.40732  1.41309  1.42089  1.42932  1.39495
  7158.00      1.3970  1.40709  1.41286  1.42066  1.42908  1.39494
  7156.50      1.3973  1.40702  1.41278  1.42058  1.42899  1.39495
  7155.00      1.3976  1.40697  1.41273  1.42053  1.42894  1.39498
  7153.50      1.3979  1.40703  1.41279  1.42059  1.42900  1.39501
  7152.00      1.3982  1.40726  1.41303  1.42082  1.42925  1.39503
  7150.50      1.3985  1.40744  1.41321  1.42101  1.42944  1.39506
  7148.99      1.3988  1.40773  1.41350  1.42131  1.42975  1.39507
  7147.49      1.3991  1.40801  1.41379  1.42160  1.43005  1.39507
  7145.99      1.3994  1.40810  1.41389  1.42171  1.43015  1.39506
  7144.49      1.3997  1.40804  1.41383  1.42164  1.43009  1.39503
  7142.99      1.4000  1.40800  1.41379  1.42161  1.43005  1.39498
  7141.49      1.4003  1.40784  1.41362  1.42143  1.42988  1.39493
  7139.99      1.4006  1.40741  1.41318  1.42099  1.42942  1.39490
  7138.49      1.4009  1.40702  1.41279  1.42058  1.42900  1.39486
  7136.99      1.4012  1.40699  1.41275  1.42055  1.42896  1.39483
  7135.49      1.4014  1.40714  1.41291  1.42070  1.42912  1.39480
  7133.99      1.4017  1.40722  1.41299  1.42079  1.42921  1.39478
  7132.49      1.4020  1.40711  1.41287  1.42067  1.42909  1.39478
  7130.99      1.4023  1.40716  1.41293  1.42072  1.42915  1.39480
  7129.49      1.4026  1.40736  1.41314  1.42094  1.42936  1.39481
  7127.99      1.4029  1.40757  1.41334  1.42115  1.42958  1.39483
  7126.49      1.4032  1.40743  1.41320  1.42100  1.42943  1.39484
  7124.99      1.4035  1.40729  1.41306  1.42086  1.42928  1.39486
  7123.49      1.4038  1.40734  1.41311  1.42091  1.42933  1.39488
  7121.99      1.4041  1.40762  1.41340  1.42121  1.42964  1.39490
  7120.49      1.4044  1.40799  1.41377  1.42159  1.43003  1.39491
  7118.99      1.4047  1.40779  1.41357  1.42138  1.42982  1.39492
  7117.49      1.4050  1.40711  1.41288  1.42067  1.42910  1.39492
  7115.99      1.4053  1.40638  1.41213  1.41991  1.42832  1.39492
  7114.49      1.4056  1.40617  1.41193  1.41970  1.42810  1.39493
  7112.99      1.4059  1.40638  1.41213  1.41991  1.42831  1.39493
  7111.49      1.4062  1.40685  1.41261  1.42040  1.42881  1.39495
  7109.99      1.4065  1.40742  1.41319  1.42099  1.42942  1.39496
  7108.49      1.4068  1.40778  1.41355  1.42136  1.42980  1.39496
  7106.99      1.4071  1.40781  1.41359  1.42140  1.42984  1.39496
  7105.49      1.4074  1.40762  1.41339  1.42120  1.42963  1.39495
  7103.99      1.4077  1.40735  1.41312  1.42092  1.42935  1.39493
  7102.49      1.4080  1.40723  1.41300  1.42080  1.42922  1.39491
  7100.99      1.4083  1.40734  1.41311  1.42092  1.42934  1.39488
  7099.49      1.4086  1.40761  1.41339  1.42120  1.42963  1.39485
  7097.99      1.4088  1.40789  1.41367  1.42148  1.42992  1.39482
  7096.49      1.4091  1.40790  1.41369  1.42150  1.42994  1.39480
  7094.99      1.4094  1.40762  1.41340  1.42121  1.42964  1.39478
  7093.49      1.4097  1.40729  1.41306  1.42086  1.42929  1.39477
  7091.99      1.4100  1.40715  1.41292  1.42072  1.42914  1.39476
  7090.49      1.4103  1.40711  1.41287  1.42067  1.42909  1.39477
  7088.99      1.4106  1.40699  1.41275  1.42055  1.42896  1.39478
  7087.49      1.4109  1.40694  1.41271  1.42050  1.42892  1.39479
  7085.99      1.4112  1.40712  1.41289  1.42068  1.42910  1.39480
  7084.49      1.4115  1.40726  1.41303  1.42083  1.42925  1.39481
  7082.99      1.4118  1.40743  1.41320  1.42101  1.42943  1.39482
  7081.49      1.4121  1.40745  1.41322  1.42102  1.42945  1.39483
  7079.99      1.4124  1.40717  1.41294  1.42073  1.42916  1.39483
  7078.49      1.4127  1.40689  1.41265  1.42044  1.42886  1.39483
  7076.99      1.4130  1.40692  1.41268  1.42047  1.42889  1.39482
  7075.49      1.4133  1.40724  1.41300  1.42080  1.42922  1.39482
  7073.99      1.4136  1.40764  1.41341  1.42122  1.42965  1.39481
  7072.49      1.4139  1.40764  1.41342  1.42122  1.42966  1.39481
  7070.99      1.4142  1.40751  1.41329  1.42109  1.42952  1.39481
  7069.49      1.4145  1.40740  1.41317  1.42097  1.42940  1.39481
  7067.99      1.4148  1.40735  1.41312  1.42092  1.42935  1.39481
  7066.49      1.4151  1.40716  1.41293  1.42072  1.42915  1.39480
  7064.99      1.4154  1.40716  1.41293  1.42073  1.42915  1.39479
  7063.49      1.4157  1.40732  1.41309  1.42089  1.42931  1.39477
  7061.99      1.4160  1.40746  1.41324  1.42104  1.42947  1.39476
  7060.49      1.4163  1.40754  1.41331  1.42112  1.42955  1.39476
  7058.99      1.4166  1.40747  1.41324  1.42105  1.42948  1.39476
  7057.49      1.4169  1.40737  1.41315  1.42095  1.42937  1.39475
  7055.99      1.4172  1.40735  1.41312  1.42093  1.42935  1.39476
  7054.49      1.4175  1.40721  1.41298  1.42078  1.42920  1.39476
  7052.99      1.4178  1.40705  1.41282  1.42061  1.42903  1.39478
  7051.49      1.4181  1.40707  1.41284  1.42063  1.42905  1.39480
  7049.99      1.4184  1.40736  1.41313  1.42093  1.42935  1.39482
  7048.49      1.4187  1.40755  1.41333  1.42113  1.42956  1.39482
  7046.99      1.4190  1.40759  1.41337  1.42117  1.42961  1.39481
  7045.49      1.4193  1.40744  1.41322  1.42102  1.42945  1.39481
  7043.99      1.4197  1.40716  1.41293  1.42073  1.42915  1.39482
  7042.49      1.4200  1.40709  1.41286  1.42065  1.42907  1.39482
  7040.99      1.4203  1.40731  1.41308  1.42088  1.42930  1.39483
  7039.49      1.4206  1.40761  1.41338  1.42119  1.42962  1.39483
  7037.99      1.4209  1.40773  1.41350  1.42131  1.42975  1.39483
  7036.49      1.4212  1.40759  1.41336  1.42117  1.42960  1.39482
  7034.99      1.4215  1.40750  1.41327  1.42108  1.42951  1.39482
  7033.49      1.4218  1.40744  1.41321  1.42102  1.42944  1.39481
  7031.99      1.4221  1.40736  1.41314  1.42094  1.42936  1.39479
  7030.49      1.4224  1.40741  1.41318  1.42098  1.42941  1.39476
  7028.99      1.4227  1.40753  1.41331  1.42111  1.42954  1.39472
  7027.49      1.4230  1.40764  1.41342  1.42123  1.42966  1.39468
  7025.99      1.4233  1.40768  1.41346  1.42126  1.42970  1.39465
  7024.49      1.4236  1.40769  1.41347  1.42128  1.42971  1.39464
  7022.99      1.4239  1.40759  1.41336  1.42117  1.42960  1.39461
  7021.49      1.4242  1.40739  1.41316  1.42096  1.42939  1.39460
  7019.99      1.4245  1.40718  1.41294  1.42074  1.42916  1.39459
  7018.48      1.4248  1.40728  1.41305  1.42085  1.42928  1.39460
  7016.98      1.4251  1.40737  1.41314  1.42094  1.42937  1.39461
  7015.48      1.4254  1.40733  1.41310  1.42090  1.42933  1.39462
  7013.98      1.4257  1.40720  1.41297  1.42076  1.42919  1.39463
  7012.48      1.4260  1.40717  1.41293  1.42073  1.42915  1.39464
  7010.98      1.4263  1.40734  1.41311  1.42091  1.42933  1.39464
  7009.48      1.4266  1.40759  1.41337  1.42117  1.42961  1.39465
  7007.98      1.4269  1.40775  1.41353  1.42134  1.42977  1.39465
  7006.48      1.4272  1.40775  1.41353  1.42134  1.42978  1.39464
  7004.98      1.4276  1.40760  1.41337  1.42118  1.42961  1.39463
  7003.48      1.4279  1.40737  1.41314  1.42094  1.42937  1.39462
  7001.98      1.4282  1.40716  1.41293  1.42072  1.42914  1.39459
  7000.48      1.4285  1.40707  1.41284  1.42063  1.42905  1.39458
  6998.98      1.4288  1.40720  1.41297  1.42077  1.42919  1.39455
  6997.48      1.4291  1.40742  1.41319  1.42099  1.42942  1.39452
  6995.98      1.4294  1.40754  1.41332  1.42112  1.42955  1.39448
  6994.48      1.4297  1.40748  1.41325  1.42105  1.42948  1.39446
  6992.98      1.4300  1.40747  1.41324  1.42104  1.42947  1.39444
  6991.48      1.4303  1.40762  1.41340  1.42120  1.42963  1.39441
  6989.98      1.4306  1.40792  1.41370  1.42151  1.42995  1.39441
  6988.48      1.4309  1.40808  1.41386  1.42168  1.43012  1.39441
  6986.98      1.4312  1.40805  1.41383  1.42165  1.43009  1.39441
  6985.48      1.4315  1.40780  1.41357  1.42139  1.42983  1.39443
  6983.98      1.4318  1.40737  1.41314  1.42094  1.42937  1.39443
  6982.48      1.4322  1.40703  1.41279  1.42059  1.42901  1.39444
  6980.98      1.4325  1.40689  1.41265  1.42044  1.42886  1.39444
  6979.48      1.4328  1.40697  1.41273  1.42052  1.42894  1.39443
  6977.98      1.4331  1.40724  1.41301  1.42081  1.42923  1.39443
  6976.48      1.4334  1.40758  1.41335  1.42116  1.42959  1.39441
  6974.98      1.4337  1.40763  1.41341  1.42121  1.42965  1.39439
  6973.48      1.4340  1.40742  1.41319  1.42100  1.42943  1.39438
  6971.98      1.4343  1.40711  1.41287  1.42067  1.42909  1.39437
  6970.48      1.4346  1.40701  1.41278  1.42057  1.42899  1.39438
  6968.98      1.4349  1.40715  1.41291  1.42071  1.42913  1.39439
  6967.48      1.4352  1.40735  1.41312  1.42092  1.42934  1.39441
  6965.98      1.4355  1.40746  1.41323  1.42104  1.42947  1.39443
  6964.48      1.4359  1.40736  1.41313  1.42093  1.42936  1.39446
  6962.98      1.4362  1.40722  1.41298  1.42078  1.42920  1.39448
  6961.48      1.4365  1.40718  1.41295  1.42074  1.42916  1.39451
  6959.98      1.4368  1.40730  1.41307  1.42087  1.42930  1.39452
  6958.48      1.4371  1.40740  1.41317  1.42097  1.42940  1.39453
  6956.98      1.4374  1.40741  1.41318  1.42098  1.42941  1.39453
  6955.48      1.4377  1.40740  1.41317  1.42097  1.42940  1.39452
  6953.98      1.4380  1.40742  1.41319  1.42099  1.42942  1.39452
  6952.48      1.4383  1.40731  1.41308  1.42088  1.42931  1.39450
  6950.98      1.4386  1.40726  1.41303  1.42083  1.42925  1.39449
  6949.48      1.4390  1.40722  1.41299  1.42079  1.42921  1.39446
  6947.98      1.4393  1.40715  1.41291  1.42071  1.42913  1.39443
  6946.48      1.4396  1.40709  1.41286  1.42065  1.42907  1.39439
  6944.98      1.4399  1.40713  1.41290  1.42070  1.42911  1.39436
  6943.48      1.4402  1.40726  1.41303  1.42083  1.42925  1.39433
  6941.98      1.4405  1.40741  1.41318  1.42098  1.42940  1.39429
  6940.48      1.4408  1.40739  1.41316  1.42097  1.42939  1.39427
  6938.98      1.4411  1.40742  1.41320  1.42100  1.42942  1.39426
  6937.48      1.4414  1.40745  1.41322  1.42102  1.42945  1.39426
  6935.98      1.4418  1.40742  1.41319  1.42100  1.42942  1.39428
  6934.48      1.4421  1.40758  1.41335  1.42116  1.42959  1.39429
  6932.98      1.4424  1.40766  1.41343  1.42124  1.42967  1.39430
  6931.48      1.4427  1.40757  1.41334  1.42115  1.42958  1.39432
  6929.98      1.4430  1.40735  1.41312  1.42092  1.42935  1.39433
  6928.48      1.4433  1.40732  1.41309  1.42089  1.42931  1.39433
  6926.98      1.4436  1.40750  1.41327  1.42108  1.42950  1.39433
  6925.48      1.4439  1.40769  1.41347  1.42128  1.42971  1.39430
  6923.98      1.4443  1.40770  1.41347  1.42128  1.42971  1.39428
  6922.48      1.4446  1.40761  1.41338  1.42119  1.42962  1.39427
  6920.98      1.4449  1.40773  1.41350  1.42131  1.42975  1.39426
  6919.48      1.4452  1.40790  1.41368  1.42149  1.42993  1.39426
  6917.98      1.4455  1.40789  1.41367  1.42148  1.42992  1.39425
  6916.48      1.4458  1.40756  1.41333  1.42114  1.42957  1.39426
  6914.98      1.4461  1.40721  1.41298  1.42078  1.42920  1.39427
  6913.48      1.4465  1.40701  1.41277  1.42057  1.42898  1.39428
  6911.98      1.4468  1.40700  1.41277  1.42056  1.42898  1.39431
  6910.48      1.4471  1.40714  1.41291  1.42071  1.42913  1.39431
  6908.98      1.4474  1.40726  1.41303  1.42083  1.42925  1.39431
  6907.48      1.4477  1.40735  1.41312  1.42092  1.42935  1.39429
  6905.98      1.4480  1.40741  1.41319  1.42099  1.42941  1.39428
  6904.48      1.4483  1.40733  1.41310  1.42090  1.42932  1.39426
  6902.98      1.4487  1.40732  1.41309  1.42089  1.42931  1.39424
  6901.48      1.4490  1.40737  1.41315  1.42095  1.42937  1.39420
  6899.98      1.4493  1.40743  1.41320  1.42101  1.42943  1.39416
  6898.48      1.4496  1.40751  1.41328  1.42108  1.42951  1.39413
  6896.98      1.4499  1.40750  1.41327  1.42108  1.42951  1.39412
  6895.48      1.4502  1.40745  1.41323  1.42103  1.42946  1.39410
  6893.98      1.4505  1.40741  1.41318  1.42099  1.42941  1.39409
  6892.48      1.4509  1.40724  1.41300  1.42080  1.42923  1.39410
  6890.98      1.4512  1.40719  1.41296  1.42076  1.42918  1.39411
  6889.48      1.4515  1.40729  1.41306  1.42086  1.42928  1.39413
  6887.98      1.4518  1.40744  1.41321  1.42102  1.42944  1.39416
  6886.48      1.4521  1.40742  1.41320  1.42100  1.42943  1.39417
  6884.98      1.4524  1.40740  1.41317  1.42097  1.42940  1.39419
  6883.48      1.4528  1.40746  1.41323  1.42104  1.42946  1.39421
  6881.98      1.4531  1.40758  1.41335  1.42116  1.42959  1.39423
  6880.47      1.4534  1.40740  1.41318  1.42098  1.42940  1.39425
  6878.97      1.4537  1.40735  1.41312  1.42092  1.42935  1.39425
  6877.47      1.4540  1.40743  1.41321  1.42101  1.42944  1.39426
  6875.97      1.4543  1.40754  1.41332  1.42112  1.42955  1.39427
  6874.47      1.4547  1.40752  1.41329  1.42110  1.42953  1.39430
  6872.97      1.4550  1.40750  1.41327  1.42108  1.42950  1.39431
  6871.47      1.4553  1.40751  1.41329  1.42109  1.42952  1.39431
  6869.97      1.4556  1.40754  1.41332  1.42112  1.42956  1.39431
  6868.47      1.4559  1.40743  1.41320  1.42101  1.42944  1.39432
  6866.97      1.4562  1.40721  1.41298  1.42078  1.42920  1.39432
  6865.47      1.4566  1.40701  1.41277  1.42057  1.42898  1.39432
  6863.97      1.4569  1.40696  1.41272  1.42052  1.42893  1.39431
  6862.47      1.4572  1.40714  1.41290  1.42070  1.42912  1.39430
  6860.97      1.4575  1.40738  1.41315  1.42096  1.42938  1.39427
  6859.47      1.4578  1.40753  1.41330  1.42110  1.42953  1.39424
  6857.97      1.4582  1.40746  1.41323  1.42104  1.42946  1.39420
  6856.47      1.4585  1.40722  1.41299  1.42079  1.42921  1.39416
  6854.97      1.4588  1.40724  1.41300  1.42080  1.42923  1.39411
  6853.47      1.4591  1.40734  1.41312  1.42092  1.42934  1.39405
  6851.97      1.4594  1.40733  1.41310  1.42090  1.42933  1.39399
  6850.47      1.4598  1.40731  1.41308  1.42088  1.42931  1.39393
  6848.97      1.4601  1.40740  1.41318  1.42098  1.42941  1.39390
  6847.47      1.4604  1.40741  1.41318  1.42098  1.42941  1.39386
  6845.97      1.4607  1.40718  1.41295  1.42074  1.42917  1.39385
  6844.47      1.4610  1.40703  1.41279  1.42059  1.42901  1.39383
  6842.97      1.4614  1.40694  1.41270  1.42049  1.42891  1.39383
  6841.47      1.4617  1.40696  1.41273  1.42052  1.42894  1.39383
  6839.97      1.4620  1.40713  1.41290  1.42070  1.42912  1.39384
  6838.47      1.4623  1.40730  1.41307  1.42088  1.42930  1.39385
  6836.97      1.4626  1.40731  1.41308  1.42088  1.42930  1.39385
  6835.47      1.4630  1.40720  1.41297  1.42077  1.42920  1.39386
  6833.97      1.4633  1.40711  1.41288  1.42067  1.42909  1.39387
  6832.47      1.4636  1.40715  1.41292  1.42072  1.42914  1.39387
  6830.97      1.4639  1.40710  1.41287  1.42066  1.42908  1.39388
  6829.47      1.4642  1.40704  1.41281  1.42060  1.42902  1.39388
  6827.97      1.4646  1.40708  1.41285  1.42065  1.42907  1.39389
  6826.47      1.4649  1.40703  1.41280  1.42059  1.42901  1.39391
  6824.97      1.4652  1.40693  1.41269  1.42048  1.42890  1.39392
  6823.47      1.4655  1.40688  1.41265  1.42044  1.42885  1.39394
  6821.97      1.4659  1.40698  1.41274  1.42053  1.42895  1.39395
  6820.47      1.4662  1.40705  1.41282  1.42061  1.42903  1.39398
  6818.97      1.4665  1.40700  1.41276  1.42056  1.42898  1.39401
  6817.47      1.4668  1.40691  1.41268  1.42047  1.42888  1.39404
  6815.97      1.4671  1.40690  1.41266  1.42045  1.42887  1.39405
  6814.47      1.4675  1.40692  1.41269  1.42048  1.42889  1.39407
  6812.97      1.4678  1.40687  1.41263  1.42042  1.42883  1.39409
  6811.47      1.4681  1.40681  1.41257  1.42036  1.42877  1.39409
  6809.97      1.4684  1.40684  1.41261  1.42040  1.42881  1.39409
  6808.47      1.4688  1.40697  1.41274  1.42053  1.42895  1.39408
  6806.97      1.4691  1.40712  1.41288  1.42068  1.42910  1.39407
  6805.47      1.4694  1.40715  1.41292  1.42072  1.42914  1.39406
  6803.97      1.4697  1.40704  1.41281  1.42060  1.42902  1.39404
  6802.47      1.4701  1.40692  1.41269  1.42048  1.42889  1.39402
  6800.97      1.4704  1.40687  1.41264  1.42043  1.42884  1.39402
  6799.47      1.4707  1.40687  1.41264  1.42043  1.42884  1.39401
  6797.97      1.4710  1.40689  1.41265  1.42044  1.42885  1.39401
  6796.47      1.4714  1.40689  1.41266  1.42045  1.42886  1.39400
  6794.97      1.4717  1.40698  1.41274  1.42053  1.42895  1.39399
  6793.47      1.4720  1.40706  1.41283  1.42063  1.42904  1.39397
  6791.97      1.4723  1.40708  1.41284  1.42064  1.42906  1.39396
  6790.47      1.4727  1.40702  1.41278  1.42058  1.42899  1.39394
  6788.97      1.4730  1.40690  1.41267  1.42046  1.42887  1.39392
  6787.47      1.4733  1.40679  1.41255  1.42034  1.42875  1.39392
  6785.97      1.4736  1.40672  1.41248  1.42026  1.42867  1.39391
  6784.47      1.4740  1.40660  1.41236  1.42014  1.42855  1.39391
  6782.97      1.4743  1.40654  1.41230  1.42009  1.42849  1.39392
  6781.47      1.4746  1.40652  1.41228  1.42006  1.42847  1.39392
  6779.97      1.4749  1.40652  1.41228  1.42006  1.42846  1.39393
  6778.47      1.4753  1.40678  1.41254  1.42033  1.42874  1.39394
  6776.97      1.4756  1.40694  1.41271  1.42050  1.42891  1.39395
  6775.47      1.4759  1.40697  1.41274  1.42053  1.42894  1.39395
  6773.97      1.4762  1.40693  1.41269  1.42048  1.42890  1.39394
  6772.47      1.4766  1.40693  1.41270  1.42049  1.42890  1.39392
  6770.97      1.4769  1.40697  1.41273  1.42052  1.42894  1.39392
  6769.47      1.4772  1.40700  1.41276  1.42056  1.42897  1.39391
  6767.97      1.4775  1.40702  1.41279  1.42058  1.42900  1.39390
  6766.47      1.4779  1.40709  1.41286  1.42066  1.42907  1.39390
  6764.97      1.4782  1.40705  1.41282  1.42061  1.42903  1.39389
  6763.47      1.4785  1.40698  1.41275  1.42054  1.42896  1.39389
  6761.97      1.4789  1.40698  1.41275  1.42054  1.42896  1.39390
  6760.47      1.4792  1.40694  1.41271  1.42050  1.42892  1.39390
  6758.97      1.4795  1.40677  1.41253  1.42032  1.42873  1.39389
  6757.47      1.4798  1.40664  1.41240  1.42019  1.42860  1.39389
  6755.97      1.4802  1.40674  1.41250  1.42029  1.42870  1.39387
  6754.47      1.4805  1.40692  1.41268  1.42047  1.42888  1.39386
  6752.97      1.4808  1.40689  1.41266  1.42045  1.42886  1.39385
  6751.47      1.4812  1.40674  1.41250  1.42029  1.42870  1.39384
  6749.96      1.4815  1.40659  1.41235  1.42013  1.42854  1.39382
  6748.46      1.4818  1.40657  1.41233  1.42012  1.42852  1.39379
  6746.96      1.4821  1.40668  1.41244  1.42023  1.42863  1.39378
  6745.46      1.4825  1.40668  1.41244  1.42023  1.42864  1.39376
  6743.96      1.4828  1.40647  1.41223  1.42001  1.42841  1.39375
  6742.46      1.4831  1.40640  1.41216  1.41993  1.42833  1.39372
  6740.96      1.4835  1.40653  1.41229  1.42007  1.42848  1.39372
  6739.46      1.4838  1.40676  1.41252  1.42030  1.42871  1.39372
  6737.96      1.4841  1.40690  1.41266  1.42045  1.42886  1.39372
  6736.46      1.4845  1.40686  1.41262  1.42041  1.42882  1.39374
  6734.96      1.4848  1.40664  1.41240  1.42018  1.42859  1.39375
  6733.46      1.4851  1.40643  1.41218  1.41996  1.42837  1.39375
  6731.96      1.4855  1.40639  1.41215  1.41993  1.42833  1.39375
  6730.46      1.4858  1.40644  1.41220  1.41998  1.42838  1.39375
  6728.96      1.4861  1.40643  1.41219  1.41997  1.42837  1.39374
  6727.46      1.4864  1.40651  1.41226  1.42004  1.42845  1.39373
  6725.96      1.4868  1.40678  1.41254  1.42033  1.42874  1.39372
  6724.46      1.4871  1.40705  1.41282  1.42061  1.42903  1.39372
  6722.96      1.4874  1.40720  1.41297  1.42077  1.42919  1.39372
  6721.46      1.4878  1.40721  1.41297  1.42077  1.42919  1.39373
  6719.96      1.4881  1.40710  1.41287  1.42066  1.42908  1.39376
  6718.46      1.4884  1.40695  1.41271  1.42051  1.42892  1.39378
  6716.96      1.4888  1.40682  1.41259  1.42038  1.42879  1.39381
  6715.46      1.4891  1.40671  1.41248  1.42026  1.42867  1.39383
  6713.96      1.4894  1.40660  1.41236  1.42015  1.42856  1.39384
  6712.46      1.4898  1.40656  1.41232  1.42010  1.42850  1.39383
  6710.96      1.4901  1.40663  1.41239  1.42017  1.42858  1.39382
  6709.46      1.4904  1.40676  1.41252  1.42031  1.42872  1.39380
  6707.96      1.4908  1.40685  1.41261  1.42040  1.42882  1.39377
  6706.46      1.4911  1.40684  1.41260  1.42039  1.42880  1.39373
  6704.96      1.4914  1.40676  1.41253  1.42032  1.42873  1.39370
  6703.46      1.4918  1.40673  1.41249  1.42028  1.42869  1.39368
  6701.96      1.4921  1.40679  1.41255  1.42034  1.42875  1.39367
  6700.46      1.4924  1.40680  1.41256  1.42035  1.42876  1.39367
  6698.96      1.4928  1.40666  1.41242  1.42021  1.42861  1.39370
  6697.46      1.4931  1.40644  1.41220  1.41998  1.42838  1.39373
  6695.96      1.4934  1.40626  1.41201  1.41979  1.42818  1.39376
  6694.46      1.4938  1.40615  1.41190  1.41968  1.42807  1.39381
  6692.96      1.4941  1.40632  1.41208  1.41985  1.42825  1.39385
  6691.46      1.4944  1.40658  1.41234  1.42012  1.42852  1.39389
  6689.96      1.4948  1.40671  1.41247  1.42026  1.42867  1.39391
  6688.46      1.4951  1.40679  1.41255  1.42034  1.42875  1.39393
  6686.96      1.4954  1.40689  1.41265  1.42044  1.42886  1.39392
  6685.46      1.4958  1.40694  1.41271  1.42050  1.42892  1.39391
  6683.96      1.4961  1.40689  1.41266  1.42045  1.42886  1.39389
  6682.46      1.4965  1.40676  1.41252  1.42031  1.42872  1.39386
  6680.96      1.4968  1.40668  1.41244  1.42023  1.42864  1.39383
  6679.46      1.4971  1.40658  1.41234  1.42012  1.42853  1.39380
  6677.96      1.4975  1.40639  1.41215  1.41993  1.42833  1.39377
  6676.46      1.4978  1.40631  1.41207  1.41984  1.42824  1.39376
  6674.96      1.4981  1.40638  1.41213  1.41991  1.42831  1.39375
  6673.46      1.4985  1.40654  1.41230  1.42008  1.42849  1.39375
  6671.96      1.4988  1.40675  1.41251  1.42030  1.42871  1.39374
  6670.46      1.4991  1.40698  1.41275  1.42054  1.42896  1.39374
  6668.96      1.4995  1.40693  1.41269  1.42048  1.42890  1.39374
  6667.46      1.4998  1.40667  1.41243  1.42021  1.42862  1.39373
  6665.96      1.5002  1.40642  1.41218  1.41996  1.42836  1.39373
  6664.46      1.5005  1.40648  1.41224  1.42002  1.42842  1.39373
  6662.96      1.5008  1.40657  1.41233  1.42011  1.42851  1.39373
  6661.46      1.5012  1.40668  1.41244  1.42022  1.42863  1.39375
  6659.96      1.5015  1.40682  1.41259  1.42038  1.42879  1.39377
  6658.46      1.5018  1.40686  1.41262  1.42041  1.42882  1.39379
  6656.96      1.5022  1.40672  1.41249  1.42027  1.42868  1.39380
  6655.46      1.5025  1.40660  1.41236  1.42014  1.42855  1.39382
  6653.96      1.5029  1.40663  1.41239  1.42018  1.42859  1.39382
  6652.46      1.5032  1.40673  1.41249  1.42028  1.42868  1.39382
  6650.96      1.5035  1.40678  1.41255  1.42033  1.42874  1.39380
  6649.46      1.5039  1.40676  1.41252  1.42031  1.42872  1.39379
  6647.96      1.5042  1.40662  1.41238  1.42017  1.42857  1.39376
  6646.46      1.5046  1.40635  1.41211  1.41989  1.42829  1.39375
  6644.96      1.5049  1.40619  1.41195  1.41972  1.42812  1.39373
  6643.46      1.5052  1.40624  1.41199  1.41977  1.42816  1.39373
  6641.96      1.5056  1.40645  1.41221  1.41999  1.42839  1.39373
  6640.46      1.5059  1.40653  1.41229  1.42008  1.42848  1.39374
  6638.96      1.5063  1.40651  1.41227  1.42005  1.42845  1.39374
  6637.46      1.5066  1.40644  1.41220  1.41998  1.42838  1.39373
  6635.96      1.5069  1.40639  1.41215  1.41993  1.42833  1.39372
  6634.46      1.5073  1.40639  1.41214  1.41992  1.42832  1.39371
  6632.96      1.5076  1.40652  1.41227  1.42006  1.42846  1.39371
  6631.46      1.5080  1.40659  1.41235  1.42013  1.42854  1.39370
  6629.96      1.5083  1.40646  1.41222  1.42000  1.42840  1.39369
  6628.46      1.5086  1.40632  1.41208  1.41986  1.42826  1.39368
  6626.96      1.5090  1.40642  1.41218  1.41996  1.42836  1.39367
  6625.46      1.5093  1.40666  1.41242  1.42021  1.42861  1.39367
  6623.96      1.5097  1.40683  1.41260  1.42039  1.42880  1.39365
  6622.46      1.5100  1.40661  1.41237  1.42016  1.42856  1.39363
  6620.96      1.5104  1.40636  1.41212  1.41990  1.42830  1.39360
  6619.46      1.5107  1.40632  1.41208  1.41986  1.42825  1.39359
  6617.96      1.5110  1.40655  1.41231  1.42009  1.42850  1.39357
  6616.46      1.5114  1.40664  1.41240  1.42019  1.42859  1.39356
  6614.96      1.5117  1.40663  1.41239  1.42017  1.42858  1.39356
  6613.46      1.5121  1.40657  1.41233  1.42011  1.42851  1.39356
  6611.95      1.5124  1.40651  1.41227  1.42005  1.42845  1.39356
  6610.45      1.5128  1.40638  1.41214  1.41992  1.42832  1.39356
  6608.95      1.5131  1.40640  1.41216  1.41994  1.42834  1.39355
  6607.45      1.5134  1.40650  1.41226  1.42004  1.42844  1.39351
  6605.95      1.5138  1.40657  1.41233  1.42011  1.42852  1.39348
  6604.45      1.5141  1.40659  1.41235  1.42013  1.42853  1.39344
  6602.95      1.5145  1.40660  1.41236  1.42015  1.42855  1.39341
  6601.45      1.5148  1.40659  1.41235  1.42013  1.42854  1.39338
  6599.95      1.5152  1.40653  1.41229  1.42007  1.42847  1.39336
  6598.45      1.5155  1.40646  1.41222  1.42000  1.42840  1.39336
  6596.95      1.5159  1.40657  1.41233  1.42012  1.42852  1.39338
  6595.45      1.5162  1.40665  1.41241  1.42019  1.42860  1.39342
  6593.95      1.5165  1.40651  1.41227  1.42005  1.42846  1.39346
  6592.45      1.5169  1.40631  1.41207  1.41985  1.42824  1.39350
  6590.95      1.5172  1.40630  1.41205  1.41983  1.42823  1.39352
  6589.45      1.5176  1.40642  1.41218  1.41996  1.42836  1.39352
  6587.95      1.5179  1.40657  1.41233  1.42012  1.42852  1.39351
  6586.45      1.5183  1.40661  1.41237  1.42016  1.42856  1.39350
  6584.95      1.5186  1.40649  1.41224  1.42003  1.42843  1.39347
  6583.45      1.5190  1.40631  1.41207  1.41985  1.42824  1.39345
  6581.95      1.5193  1.40619  1.41195  1.41972  1.42812  1.39343
  6580.45      1.5197  1.40599  1.41174  1.41951  1.42790  1.39343
  6578.95      1.5200  1.40597  1.41172  1.41949  1.42788  1.39343
  6577.45      1.5203  1.40613  1.41188  1.41965  1.42805  1.39345
  6575.95      1.5207  1.40640  1.41216  1.41994  1.42834  1.39347
  6574.45      1.5210  1.40663  1.41239  1.42017  1.42858  1.39349
  6572.95      1.5214  1.40672  1.41248  1.42026  1.42867  1.39350
  6571.45      1.5217  1.40667  1.41243  1.42022  1.42863  1.39350
  6569.95      1.5221  1.40654  1.41230  1.42009  1.42849  1.39347
  6568.45      1.5224  1.40642  1.41217  1.41995  1.42836  1.39343
  6566.95      1.5228  1.40644  1.41220  1.41998  1.42838  1.39339
  6565.45      1.5231  1.40652  1.41228  1.42006  1.42846  1.39336
  6563.95      1.5235  1.40653  1.41229  1.42007  1.42847  1.39334
  6562.45      1.5238  1.40657  1.41233  1.42011  1.42851  1.39333
  6560.95      1.5242  1.40643  1.41219  1.41997  1.42837  1.39332
  6559.45      1.5245  1.40631  1.41206  1.41984  1.42824  1.39333
  6557.95      1.5249  1.40635  1.41210  1.41988  1.42828  1.39335
  6556.45      1.5252  1.40644  1.41219  1.41997  1.42838  1.39337
  6554.95      1.5256  1.40648  1.41224  1.42002  1.42842  1.39338
  6553.45      1.5259  1.40650  1.41226  1.42004  1.42844  1.39338
  6551.95      1.5263  1.40650  1.41226  1.42004  1.42844  1.39338
  6550.45      1.5266  1.40626  1.41201  1.41979  1.42819  1.39336
  6548.95      1.5270  1.40607  1.41182  1.41960  1.42799  1.39334
  6547.45      1.5273  1.40606  1.41181  1.41958  1.42797  1.39331
  6545.95      1.5277  1.40620  1.41196  1.41973  1.42813  1.39328
  6544.45      1.5280  1.40616  1.41192  1.41969  1.42809  1.39326
  6542.95      1.5284  1.40609  1.41184  1.41961  1.42800  1.39323
  6541.45      1.5287  1.40610  1.41185  1.41963  1.42802  1.39320
  6539.95      1.5291  1.40627  1.41202  1.41980  1.42819  1.39317
  6538.45      1.5294  1.40643  1.41219  1.41997  1.42837  1.39314
  6536.95      1.5298  1.40640  1.41216  1.41994  1.42834  1.39312
  6535.45      1.5301  1.40628  1.41204  1.41982  1.42821  1.39311
  6533.95      1.5305  1.40625  1.41200  1.41978  1.42818  1.39311
  6532.45      1.5308  1.40641  1.41217  1.41995  1.42835  1.39311
  6530.95      1.5312  1.40639  1.41214  1.41992  1.42832  1.39311
  6529.45      1.5315  1.40625  1.41200  1.41978  1.42817  1.39312
  6527.95      1.5319  1.40615  1.41190  1.41967  1.42807  1.39312
  6526.45      1.5322  1.40622  1.41197  1.41975  1.42814  1.39312
  6524.95      1.5326  1.40630  1.41206  1.41984  1.42823  1.39312
  6523.45      1.5329  1.40636  1.41212  1.41990  1.42830  1.39310
  6521.95      1.5333  1.40637  1.41213  1.41991  1.42831  1.39309
  6520.45      1.5336  1.40634  1.41209  1.41987  1.42827  1.39306
  6518.95      1.5340  1.40628  1.41203  1.41981  1.42821  1.39304
  6517.45      1.5343  1.40627  1.41203  1.41980  1.42820  1.39302
  6515.95      1.5347  1.40636  1.41212  1.41990  1.42829  1.39300
  6514.45      1.5350  1.40645  1.41221  1.41999  1.42839  1.39299
  6512.95      1.5354  1.40645  1.41221  1.41999  1.42839  1.39297
  6511.45      1.5358  1.40638  1.41213  1.41991  1.42831  1.39297
  6509.95      1.5361  1.40627  1.41202  1.41980  1.42820  1.39297
  6508.45      1.5365  1.40608  1.41183  1.41960  1.42799  1.39296
  6506.95      1.5368  1.40607  1.41182  1.41959  1.42798  1.39296
  6505.45      1.5372  1.40620  1.41195  1.41973  1.42812  1.39295
  6503.95      1.5375  1.40633  1.41209  1.41987  1.42826  1.39294
  6502.45      1.5379  1.40627  1.41202  1.41980  1.42820  1.39292
  6500.95      1.5382  1.40636  1.41211  1.41989  1.42829  1.39290
  6499.45      1.5386  1.40645  1.41221  1.41999  1.42839  1.39287
  6497.95      1.5389  1.40639  1.41215  1.41993  1.42833  1.39286
  6496.45      1.5393  1.40629  1.41204  1.41982  1.42822  1.39284
  6494.95      1.5397  1.40622  1.41198  1.41975  1.42815  1.39284
  6493.45      1.5400  1.40618  1.41193  1.41971  1.42810  1.39284
  6491.95      1.5404  1.40613  1.41188  1.41966  1.42805  1.39284
  6490.45      1.5407  1.40614  1.41189  1.41967  1.42806  1.39287
  6488.95      1.5411  1.40626  1.41202  1.41980  1.42819  1.39289
  6487.45      1.5414  1.40639  1.41215  1.41992  1.42833  1.39292
  6485.95      1.5418  1.40638  1.41214  1.41992  1.42832  1.39294
  6484.45      1.5422  1.40608  1.41183  1.41961  1.42800  1.39294
  6482.95      1.5425  1.40588  1.41163  1.41940  1.42779  1.39295
  6481.44      1.5429  1.40586  1.41161  1.41937  1.42776  1.39294
  6479.94      1.5432  1.40594  1.41169  1.41946  1.42785  1.39293
  6478.44      1.5436  1.40597  1.41172  1.41949  1.42788  1.39291
  6476.94      1.5439  1.40589  1.41164  1.41941  1.42780  1.39289
  6475.44      1.5443  1.40578  1.41153  1.41930  1.42768  1.39286
  6473.94      1.5447  1.40576  1.41151  1.41928  1.42766  1.39285
  6472.44      1.5450  1.40597  1.41172  1.41949  1.42788  1.39283
  6470.94      1.5454  1.40616  1.41191  1.41969  1.42808  1.39283
  6469.44      1.5457  1.40623  1.41199  1.41977  1.42816  1.39283
  6467.94      1.5461  1.40616  1.41192  1.41969  1.42808  1.39283
  6466.44      1.5464  1.40599  1.41174  1.41951  1.42790  1.39284
  6464.94      1.5468  1.40583  1.41158  1.41935  1.42773  1.39285
  6463.44      1.5472  1.40584  1.41159  1.41936  1.42774  1.39285
  6461.94      1.5475  1.40607  1.41182  1.41960  1.42799  1.39284
  6460.44      1.5479  1.40624  1.41200  1.41977  1.42817  1.39283
  6458.94      1.5482  1.40622  1.41197  1.41975  1.42814  1.39279
  6457.44      1.5486  1.40610  1.41185  1.41962  1.42802  1.39277
  6455.94      1.5490  1.40599  1.41174  1.41952  1.42791  1.39274
  6454.44      1.5493  1.40587  1.41162  1.41939  1.42778  1.39270
  6452.94      1.5497  1.40585  1.41160  1.41937  1.42776  1.39267
  6451.44      1.5500  1.40585  1.41160  1.41937  1.42775  1.39265
  6449.94      1.5504  1.40580  1.41155  1.41932  1.42770  1.39263
  6448.44      1.5508  1.40581  1.41156  1.41933  1.42771  1.39263
  6446.94      1.5511  1.40588  1.41163  1.41939  1.42778  1.39262
  6445.44      1.5515  1.40597  1.41172  1.41949  1.42788  1.39262
  6443.94      1.5518  1.40605  1.41180  1.41957  1.42797  1.39261
  6442.44      1.5522  1.40601  1.41176  1.41954  1.42793  1.39259
  6440.94      1.5526  1.40597  1.41172  1.41949  1.42788  1.39256
  6439.44      1.5529  1.40592  1.41167  1.41944  1.42783  1.39255
  6437.94      1.5533  1.40588  1.41162  1.41939  1.42778  1.39253
  6436.44      1.5537  1.40589  1.41164  1.41941  1.42780  1.39252
  6434.94      1.5540  1.40591  1.41166  1.41943  1.42782  1.39251
  6433.44      1.5544  1.40593  1.41168  1.41945  1.42784  1.39251
  6431.94      1.5547  1.40595  1.41170  1.41947  1.42786  1.39252
  6430.44      1.5551  1.40584  1.41159  1.41936  1.42774  1.39252
  6428.94      1.5555  1.40570  1.41145  1.41921  1.42759  1.39253
  6427.44      1.5558  1.40569  1.41143  1.41920  1.42758  1.39253
  6425.94      1.5562  1.40585  1.41160  1.41937  1.42775  1.39252
  6424.44      1.5566  1.40594  1.41169  1.41946  1.42785  1.39251
  6422.94      1.5569  1.40601  1.41176  1.41953  1.42792  1.39249
  6421.44      1.5573  1.40613  1.41188  1.41966  1.42805  1.39246
  6419.94      1.5576  1.40627  1.41202  1.41980  1.42820  1.39244
  6418.44      1.5580  1.40618  1.41193  1.41971  1.42810  1.39242
  6416.94      1.5584  1.40600  1.41176  1.41953  1.42792  1.39242
  6415.44      1.5587  1.40590  1.41165  1.41942  1.42781  1.39243
  6413.94      1.5591  1.40593  1.41168  1.41945  1.42784  1.39244
  6412.44      1.5595  1.40582  1.41157  1.41934  1.42772  1.39245
  6410.94      1.5598  1.40579  1.41154  1.41931  1.42769  1.39247
  6409.44      1.5602  1.40582  1.41156  1.41933  1.42772  1.39249
  6407.94      1.5606  1.40583  1.41158  1.41935  1.42774  1.39250
  6406.44      1.5609  1.40585  1.41160  1.41936  1.42775  1.39250
  6404.94      1.5613  1.40598  1.41173  1.41950  1.42789  1.39248
  6403.44      1.5617  1.40605  1.41181  1.41958  1.42797  1.39247
  6401.94      1.5620  1.40592  1.41167  1.41944  1.42783  1.39245
  6400.44      1.5624  1.40568  1.41142  1.41919  1.42757  1.39242
  6398.94      1.5628  1.40560  1.41135  1.41911  1.42749  1.39240
  6397.44      1.5631  1.40569  1.41144  1.41920  1.42759  1.39237
  6395.94      1.5635  1.40584  1.41159  1.41936  1.42774  1.39236
  6394.44      1.5639  1.40588  1.41163  1.41940  1.42778  1.39235
  6392.94      1.5642  1.40581  1.41156  1.41933  1.42772  1.39235
  6391.44      1.5646  1.40564  1.41139  1.41915  1.42753  1.39235
  6389.94      1.5650  1.40541  1.41115  1.41891  1.42729  1.39236
  6388.44      1.5653  1.40534  1.41108  1.41884  1.42721  1.39237
  6386.94      1.5657  1.40543  1.41117  1.41893  1.42730  1.39238
  6385.44      1.5661  1.40560  1.41134  1.41910  1.42748  1.39238
  6383.94      1.5664  1.40573  1.41147  1.41924  1.42762  1.39238
  6382.44      1.5668  1.40564  1.41138  1.41915  1.42753  1.39238
  6380.94      1.5672  1.40556  1.41130  1.41907  1.42745  1.39237
  6379.44      1.5675  1.40554  1.41128  1.41904  1.42742  1.39237
  6377.94      1.5679  1.40556  1.41130  1.41906  1.42744  1.39236
  6376.44      1.5683  1.40557  1.41132  1.41908  1.42746  1.39235
  6374.94      1.5686  1.40564  1.41139  1.41915  1.42753  1.39235
  6373.44      1.5690  1.40573  1.41147  1.41924  1.42762  1.39234
  6371.94      1.5694  1.40573  1.41148  1.41925  1.42763  1.39234
  6370.44      1.5698  1.40556  1.41131  1.41907  1.42745  1.39233
  6368.94      1.5701  1.40546  1.41120  1.41896  1.42734  1.39232
  6367.44      1.5705  1.40550  1.41124  1.41900  1.42738  1.39230
  6365.94      1.5709  1.40564  1.41139  1.41915  1.42753  1.39228
  6364.44      1.5712  1.40555  1.41130  1.41906  1.42744  1.39226
  6362.94      1.5716  1.40538  1.41112  1.41888  1.42725  1.39225
  6361.44      1.5720  1.40530  1.41104  1.41879  1.42716  1.39223
  6359.94      1.5723  1.40540  1.41114  1.41890  1.42728  1.39220
  6358.44      1.5727  1.40550  1.41124  1.41900  1.42738  1.39219
  6356.94      1.5731  1.40550  1.41125  1.41901  1.42739  1.39219
  6355.44      1.5735  1.40539  1.41114  1.41889  1.42727  1.39219
  6353.94      1.5738  1.40522  1.41096  1.41872  1.42709  1.39220
  6352.44      1.5742  1.40528  1.41102  1.41877  1.42714  1.39220
  6350.94      1.5746  1.40548  1.41123  1.41899  1.42736  1.39221
  6349.44      1.5749  1.40559  1.41133  1.41909  1.42747  1.39223
  6347.94      1.5753  1.40545  1.41120  1.41896  1.42734  1.39225
  6346.44      1.5757  1.40533  1.41107  1.41883  1.42720  1.39226
  6344.94      1.5761  1.40537  1.41111  1.41887  1.42725  1.39228
  6343.43      1.5764  1.40543  1.41118  1.41894  1.42731  1.39228
  6341.93      1.5768  1.40538  1.41112  1.41888  1.42726  1.39228
  6340.43      1.5772  1.40526  1.41100  1.41876  1.42713  1.39227
  6338.93      1.5776  1.40524  1.41098  1.41874  1.42711  1.39226
  6337.43      1.5779  1.40526  1.41100  1.41875  1.42713  1.39224
  6335.93      1.5783  1.40521  1.41095  1.41870  1.42707  1.39222
  6334.43      1.5787  1.40504  1.41078  1.41853  1.42690  1.39219
  6332.93      1.5790  1.40489  1.41062  1.41837  1.42673  1.39217
  6331.43      1.5794  1.40486  1.41059  1.41834  1.42670  1.39215
  6329.93      1.5798  1.40503  1.41077  1.41851  1.42688  1.39212
  6328.43      1.5802  1.40532  1.41106  1.41881  1.42718  1.39210
  6326.93      1.5805  1.40537  1.41111  1.41887  1.42724  1.39207
  6325.43      1.5809  1.40530  1.41104  1.41880  1.42717  1.39204
  6323.93      1.5813  1.40527  1.41101  1.41877  1.42714  1.39201
  6322.43      1.5817  1.40542  1.41116  1.41892  1.42729  1.39198
  6320.93      1.5820  1.40550  1.41124  1.41900  1.42738  1.39194
  6319.43      1.5824  1.40547  1.41121  1.41897  1.42735  1.39190
  6317.93      1.5828  1.40535  1.41110  1.41885  1.42723  1.39186
  6316.43      1.5832  1.40517  1.41091  1.41867  1.42704  1.39183
  6314.93      1.5835  1.40513  1.41087  1.41862  1.42699  1.39182
  6313.43      1.5839  1.40516  1.41089  1.41865  1.42701  1.39181
  6311.93      1.5843  1.40519  1.41093  1.41868  1.42705  1.39181
  6310.43      1.5847  1.40540  1.41114  1.41890  1.42727  1.39183
  6308.93      1.5851  1.40555  1.41130  1.41906  1.42743  1.39186
  6307.43      1.5854  1.40551  1.41126  1.41902  1.42740  1.39188
  6305.93      1.5858  1.40527  1.41101  1.41877  1.42714  1.39191
  6304.43      1.5862  1.40513  1.41087  1.41862  1.42699  1.39193
  6302.93      1.5866  1.40528  1.41102  1.41878  1.42715  1.39194
  6301.43      1.5869  1.40538  1.41112  1.41888  1.42725  1.39195
  6299.93      1.5873  1.40518  1.41092  1.41867  1.42705  1.39195
  6298.43      1.5877  1.40499  1.41073  1.41848  1.42684  1.39195
  6296.93      1.5881  1.40501  1.41074  1.41849  1.42686  1.39194
  6295.43      1.5885  1.40508  1.41082  1.41857  1.42694  1.39193
  6293.93      1.5888  1.40510  1.41084  1.41859  1.42696  1.39192
  6292.43      1.5892  1.40512  1.41086  1.41861  1.42698  1.39190
  6290.93      1.5896  1.40510  1.41083  1.41859  1.42695  1.39190
  6289.43      1.5900  1.40504  1.41078  1.41853  1.42689  1.39188
  6287.93      1.5903  1.40500  1.41074  1.41848  1.42685  1.39188
  6286.43      1.5907  1.40508  1.41082  1.41857  1.42694  1.39187
  6284.93      1.5911  1.40513  1.41087  1.41862  1.42699  1.39187
  6283.43      1.5915  1.40516  1.41090  1.41865  1.42702  1.39185
  6281.93      1.5919  1.40517  1.41091  1.41866  1.42703  1.39185
  6280.43      1.5922  1.40507  1.41081  1.41856  1.42692  1.39184
  6278.93      1.5926  1.40499  1.41073  1.41848  1.42684  1.39184
  6277.43      1.5930  1.40500  1.41074  1.41848  1.42685  1.39183
  6275.93      1.5934  1.40508  1.41082  1.41857  1.42694  1.39181
  6274.43      1.5938  1.40512  1.41086  1.41861  1.42697  1.39178
  6272.93      1.5942  1.40503  1.41077  1.41852  1.42689  1.39175
  6271.43      1.5945  1.40497  1.41070  1.41845  1.42681  1.39171
  6269.93      1.5949  1.40500  1.41073  1.41848  1.42685  1.39168
  6268.43      1.5953  1.40501  1.41075  1.41850  1.42686  1.39165
  6266.93      1.5957  1.40509  1.41083  1.41858  1.42694  1.39161
  6265.43      1.5961  1.40513  1.41087  1.41863  1.42699  1.39158
  6263.93      1.5964  1.40508  1.41082  1.41857  1.42693  1.39155
  6262.43      1.5968  1.40497  1.41070  1.41845  1.42682  1.39153
  6260.93      1.5972  1.40494  1.41068  1.41842  1.42679  1.39152
  6259.43      1.5976  1.40500  1.41074  1.41849  1.42685  1.39150
  6257.93      1.5980  1.40507  1.41081  1.41856  1.42693  1.39150
  6256.43      1.5984  1.40497  1.41070  1.41845  1.42682  1.39150
  6254.93      1.5987  1.40496  1.41069  1.41844  1.42681  1.39150
  6253.43      1.5991  1.40497  1.41071  1.41846  1.42682  1.39150
  6251.93      1.5995  1.40493  1.41066  1.41841  1.42677  1.39150
  6250.43      1.5999  1.40489  1.41062  1.41837  1.42673  1.39151
  6248.93      1.6003  1.40485  1.41059  1.41833  1.42670  1.39153
  6247.43      1.6007  1.40479  1.41052  1.41827  1.42663  1.39153
  6245.93      1.6010  1.40469  1.41042  1.41816  1.42652  1.39154
  6244.43      1.6014  1.40463  1.41036  1.41810  1.42646  1.39155
  6242.93      1.6018  1.40468  1.41041  1.41815  1.42651  1.39156
  6241.43      1.6022  1.40477  1.41050  1.41824  1.42660  1.39157
  6239.93      1.6026  1.40484  1.41058  1.41832  1.42668  1.39157
  6238.43      1.6030  1.40492  1.41066  1.41841  1.42677  1.39155
  6236.93      1.6034  1.40502  1.41075  1.41850  1.42687  1.39154
  6235.43      1.6037  1.40508  1.41082  1.41857  1.42694  1.39153
  6233.93      1.6041  1.40511  1.41084  1.41860  1.42696  1.39152
  6232.43      1.6045  1.40515  1.41089  1.41864  1.42701  1.39150
  6230.93      1.6049  1.40505  1.41079  1.41854  1.42690  1.39149
  6229.43      1.6053  1.40482  1.41056  1.41830  1.42667  1.39147
  6227.93      1.6057  1.40462  1.41035  1.41809  1.42644  1.39148
  6226.43      1.6061  1.40474  1.41047  1.41821  1.42657  1.39149
  6224.93      1.6064  1.40501  1.41075  1.41850  1.42686  1.39151
  6223.43      1.6068  1.40514  1.41088  1.41863  1.42700  1.39151
  6221.93      1.6072  1.40494  1.41067  1.41842  1.42679  1.39152
  6220.43      1.6076  1.40470  1.41043  1.41817  1.42653  1.39152
  6218.93      1.6080  1.40465  1.41038  1.41813  1.42648  1.39151
  6217.43      1.6084  1.40467  1.41040  1.41814  1.42649  1.39150
  6215.93      1.6088  1.40463  1.41036  1.41810  1.42645  1.39147
  6214.43      1.6092  1.40470  1.41043  1.41818  1.42653  1.39145
  6212.92      1.6095  1.40475  1.41048  1.41822  1.42658  1.39143
  6211.42      1.6099  1.40476  1.41049  1.41824  1.42660  1.39141
  6209.92      1.6103  1.40479  1.41052  1.41827  1.42663  1.39141
  6208.42      1.6107  1.40489  1.41062  1.41837  1.42673  1.39142
  6206.92      1.6111  1.40485  1.41058  1.41833  1.42669  1.39142
  6205.42      1.6115  1.40473  1.41046  1.41820  1.42656  1.39143
  6203.92      1.6119  1.40465  1.41038  1.41812  1.42648  1.39144
  6202.42      1.6123  1.40474  1.41047  1.41822  1.42658  1.39144
  6200.92      1.6127  1.40480  1.41054  1.41828  1.42664  1.39143
  6199.42      1.6131  1.40475  1.41049  1.41823  1.42659  1.39141
  6197.92      1.6134  1.40457  1.41030  1.41804  1.42640  1.39139
  6196.42      1.6138  1.40439  1.41012  1.41785  1.42621  1.39137
  6194.92      1.6142  1.40434  1.41006  1.41780  1.42615  1.39134
  6193.42      1.6146  1.40444  1.41017  1.41790  1.42625  1.39133
  6191.92      1.6150  1.40465  1.41038  1.41812  1.42648  1.39131
  6190.42      1.6154  1.40468  1.41041  1.41815  1.42651  1.39131
  6188.92      1.6158  1.40474  1.41048  1.41822  1.42658  1.39130
  6187.42      1.6162  1.40482  1.41056  1.41830  1.42666  1.39130
  6185.92      1.6166  1.40483  1.41056  1.41831  1.42667  1.39130
  6184.42      1.6170  1.40460  1.41033  1.41807  1.42642  1.39128
  6182.92      1.6174  1.40449  1.41022  1.41795  1.42631  1.39127
  6181.42      1.6178  1.40448  1.41021  1.41795  1.42630  1.39125
  6179.92      1.6181  1.40452  1.41025  1.41799  1.42634  1.39124
  6178.42      1.6185  1.40462  1.41035  1.41809  1.42644  1.39121
  6176.92      1.6189  1.40458  1.41031  1.41805  1.42640  1.39120
  6175.42      1.6193  1.40445  1.41018  1.41792  1.42627  1.39118
  6173.92      1.6197  1.40438  1.41010  1.41784  1.42619  1.39117
  6172.42      1.6201  1.40452  1.41025  1.41798  1.42634  1.39115
  6170.92      1.6205  1.40458  1.41031  1.41805  1.42640  1.39113
  6169.42      1.6209  1.40460  1.41033  1.41807  1.42642  1.39112
  6167.92      1.6213  1.40462  1.41035  1.41809  1.42644  1.39110
  6166.42      1.6217  1.40453  1.41026  1.41800  1.42635  1.39108
  6164.92      1.6221  1.40435  1.41008  1.41781  1.42616  1.39105
  6163.42      1.6225  1.40430  1.41002  1.41776  1.42610  1.39104
  6161.92      1.6229  1.40447  1.41020  1.41794  1.42629  1.39102
  6160.42      1.6233  1.40463  1.41036  1.41810  1.42645  1.39101
  6158.92      1.6237  1.40470  1.41043  1.41817  1.42653  1.39100
  6157.42      1.6241  1.40470  1.41043  1.41818  1.42653  1.39099
  6155.92      1.6245  1.40465  1.41038  1.41813  1.42648  1.39099
  6154.42      1.6248  1.40449  1.41022  1.41796  1.42631  1.39098
  6152.92      1.6252  1.40437  1.41009  1.41783  1.42618  1.39098
  6151.42      1.6256  1.40429  1.41002  1.41776  1.42610  1.39098
  6149.92      1.6260  1.40426  1.40998  1.41772  1.42606  1.39097
  6148.42      1.6264  1.40421  1.40993  1.41767  1.42601  1.39097
  6146.92      1.6268  1.40422  1.40994  1.41768  1.42602  1.39097
  6145.42      1.6272  1.40423  1.40995  1.41769  1.42603  1.39098
  6143.92      1.6276  1.40418  1.40990  1.41764  1.42598  1.39099
  6142.42      1.6280  1.40408  1.40980  1.41753  1.42587  1.39099
  6140.92      1.6284  1.40405  1.40978  1.41750  1.42584  1.39100
  6139.42      1.6288  1.40411  1.40983  1.41756  1.42590  1.39100
  6137.92      1.6292  1.40420  1.40992  1.41765  1.42600  1.39100
  6136.42      1.6296  1.40429  1.41002  1.41775  1.42610  1.39100
  6134.92      1.6300  1.40434  1.41006  1.41780  1.42615  1.39098
  6133.42      1.6304  1.40434  1.41006  1.41780  1.42614  1.39097
  6131.92      1.6308  1.40430  1.41002  1.41776  1.42610  1.39095
  6130.42      1.6312  1.40425  1.40998  1.41771  1.42605  1.39094
  6128.92      1.6316  1.40432  1.41005  1.41778  1.42613  1.39091
  6127.42      1.6320  1.40435  1.41008  1.41782  1.42616  1.39089
  6125.92      1.6324  1.40424  1.40996  1.41770  1.42604  1.39088
  6124.42      1.6328  1.40407  1.40980  1.41752  1.42587  1.39086
  6122.92      1.6332  1.40399  1.40971  1.41743  1.42577  1.39085
  6121.42      1.6336  1.40401  1.40973  1.41746  1.42579  1.39083
  6119.92      1.6340  1.40409  1.40982  1.41754  1.42589  1.39082
  6118.42      1.6344  1.40406  1.40978  1.41751  1.42585  1.39080
  6116.92      1.6348  1.40407  1.40979  1.41752  1.42586  1.39078
  6115.42      1.6352  1.40408  1.40980  1.41753  1.42587  1.39077
  6113.92      1.6356  1.40405  1.40977  1.41750  1.42584  1.39075
  6112.42      1.6360  1.40407  1.40979  1.41752  1.42586  1.39073
  6110.92      1.6364  1.40410  1.40982  1.41755  1.42589  1.39070
  6109.42      1.6368  1.40409  1.40982  1.41755  1.42589  1.39069
  6107.92      1.6372  1.40406  1.40978  1.41751  1.42585  1.39068
  6106.42      1.6376  1.40408  1.40981  1.41753  1.42588  1.39067
  6104.92      1.6380  1.40413  1.40985  1.41758  1.42592  1.39067
  6103.42      1.6384  1.40411  1.40983  1.41756  1.42590  1.39067
  6101.92      1.6388  1.40401  1.40973  1.41746  1.42580  1.39067
  6100.42      1.6392  1.40396  1.40968  1.41741  1.42575  1.39067
  6098.92      1.6396  1.40403  1.40975  1.41747  1.42581  1.39067
  6097.42      1.6400  1.40408  1.40980  1.41753  1.42587  1.39067
  6095.92      1.6404  1.40404  1.40976  1.41749  1.42583  1.39067
  6094.42      1.6408  1.40401  1.40973  1.41746  1.42580  1.39066
  6092.92      1.6413  1.40397  1.40969  1.41742  1.42576  1.39065
  6091.42      1.6417  1.40395  1.40967  1.41740  1.42574  1.39063
  6089.92      1.6421  1.40399  1.40971  1.41744  1.42577  1.39063
  6088.42      1.6425  1.40414  1.40987  1.41760  1.42594  1.39061
  6086.92      1.6429  1.40423  1.40995  1.41768  1.42603  1.39059
  6085.42      1.6433  1.40421  1.40993  1.41766  1.42601  1.39057
  6083.92      1.6437  1.40410  1.40983  1.41756  1.42590  1.39055
  6082.42      1.6441  1.40400  1.40973  1.41745  1.42579  1.39054
  6080.92      1.6445  1.40396  1.40968  1.41741  1.42575  1.39052
  6079.42      1.6449  1.40390  1.40962  1.41735  1.42569  1.39052
  6077.92      1.6453  1.40381  1.40953  1.41725  1.42559  1.39051
  6076.42      1.6457  1.40383  1.40955  1.41727  1.42560  1.39051
  6074.91      1.6461  1.40392  1.40964  1.41736  1.42570  1.39052
  6073.41      1.6465  1.40397  1.40969  1.41741  1.42575  1.39054
  6071.91      1.6469  1.40393  1.40965  1.41737  1.42571  1.39055
  6070.41      1.6473  1.40389  1.40961  1.41734  1.42567  1.39058
  6068.91      1.6477  1.40386  1.40958  1.41731  1.42564  1.39060
  6067.41      1.6481  1.40383  1.40955  1.41727  1.42561  1.39062
  6065.91      1.6486  1.40382  1.40954  1.41726  1.42559  1.39063
  6064.41      1.6490  1.40385  1.40957  1.41729  1.42563  1.39064
  6062.91      1.6494  1.40384  1.40956  1.41728  1.42562  1.39063
  6061.41      1.6498  1.40377  1.40949  1.41721  1.42555  1.39061
  6059.91      1.6502  1.40369  1.40941  1.41712  1.42546  1.39059
  6058.41      1.6506  1.40384  1.40956  1.41728  1.42561  1.39054
  6056.91      1.6510  1.40387  1.40959  1.41731  1.42565  1.39050
  6055.41      1.6514  1.40382  1.40954  1.41726  1.42560  1.39044
  6053.91      1.6518  1.40380  1.40952  1.41724  1.42558  1.39038
  6052.41      1.6522  1.40388  1.40960  1.41732  1.42566  1.39034
  6050.91      1.6526  1.40403  1.40976  1.41748  1.42582  1.39029
  6049.41      1.6531  1.40413  1.40985  1.41758  1.42592  1.39025
  6047.91      1.6535  1.40408  1.40980  1.41753  1.42587  1.39022
  6046.41      1.6539  1.40399  1.40971  1.41744  1.42578  1.39019
  6044.91      1.6543  1.40396  1.40968  1.41741  1.42575  1.39017
  6043.41      1.6547  1.40390  1.40962  1.41734  1.42568  1.39016
  6041.91      1.6551  1.40374  1.40946  1.41718  1.42552  1.39015
  6040.41      1.6555  1.40364  1.40936  1.41708  1.42541  1.39014
  6038.91      1.6559  1.40359  1.40931  1.41703  1.42536  1.39014
  6037.41      1.6563  1.40359  1.40931  1.41703  1.42536  1.39014
  6035.91      1.6568  1.40363  1.40935  1.41707  1.42540  1.39016
  6034.41      1.6572  1.40367  1.40939  1.41710  1.42544  1.39017
  6032.91      1.6576  1.40367  1.40938  1.41710  1.42543  1.39020
  6031.41      1.6580  1.40360  1.40932  1.41704  1.42537  1.39020
  6029.91      1.6584  1.40352  1.40924  1.41695  1.42528  1.39021
  6028.41      1.6588  1.40361  1.40932  1.41704  1.42537  1.39022
  6026.91      1.6592  1.40372  1.40944  1.41716  1.42549  1.39022
  6025.41      1.6596  1.40376  1.40947  1.41720  1.42553  1.39022
  6023.91      1.6601  1.40365  1.40936  1.41708  1.42541  1.39019
  6022.41      1.6605  1.40341  1.40913  1.41684  1.42516  1.39016
  6020.91      1.6609  1.40345  1.40916  1.41688  1.42520  1.39013
  6019.41      1.6613  1.40364  1.40935  1.41707  1.42540  1.39010
  6017.91      1.6617  1.40378  1.40949  1.41722  1.42555  1.39008
  6016.41      1.6621  1.40382  1.40954  1.41726  1.42559  1.39005
  6014.91      1.6625  1.40380  1.40952  1.41725  1.42558  1.39003
  6013.41      1.6629  1.40378  1.40950  1.41722  1.42555  1.39001
  6011.91      1.6634  1.40375  1.40947  1.41719  1.42552  1.38998
  6010.41      1.6638  1.40366  1.40937  1.41709  1.42542  1.38997
  6008.91      1.6642  1.40366  1.40937  1.41709  1.42542  1.38996
  6007.41      1.6646  1.40372  1.40943  1.41715  1.42549  1.38993
  6005.91      1.6650  1.40373  1.40945  1.41717  1.42550  1.38990
  6004.41      1.6654  1.40346  1.40917  1.41689  1.42521  1.38986
  6002.91      1.6659  1.40338  1.40909  1.41681  1.42513  1.38982
  6001.41      1.6663  1.40349  1.40921  1.41692  1.42525  1.38978
  5999.91      1.6667  1.40364  1.40935  1.41707  1.42540  1.38975
  5998.41      1.6671  1.40348  1.40920  1.41691  1.42524  1.38972
  5996.91      1.6675  1.40345  1.40916  1.41687  1.42520  1.38971
  5995.41      1.6679  1.40353  1.40924  1.41696  1.42528  1.38969
  5993.91      1.6684  1.40361  1.40933  1.41704  1.42537  1.38968
  5992.41      1.6688  1.40353  1.40924  1.41696  1.42529  1.38968
  5990.91      1.6692  1.40342  1.40914  1.41685  1.42518  1.38968
  5989.41      1.6696  1.40341  1.40913  1.41684  1.42517  1.38969
  5987.91      1.6700  1.40351  1.40923  1.41694  1.42527  1.38969
  5986.41      1.6705  1.40348  1.40920  1.41691  1.42524  1.38968
  5984.91      1.6709  1.40356  1.40928  1.41699  1.42532  1.38966
  5983.41      1.6713  1.40361  1.40932  1.41704  1.42537  1.38964
  5981.91      1.6717  1.40350  1.40921  1.41693  1.42526  1.38963
  5980.41      1.6721  1.40334  1.40906  1.41677  1.42509  1.38962
  5978.91      1.6725  1.40329  1.40900  1.41671  1.42504  1.38960
  5977.41      1.6730  1.40325  1.40896  1.41667  1.42499  1.38958
  5975.91      1.6734  1.40316  1.40887  1.41658  1.42490  1.38957
  5974.41      1.6738  1.40313  1.40884  1.41654  1.42486  1.38956
  5972.91      1.6742  1.40324  1.40895  1.41666  1.42498  1.38957
  5971.41      1.6746  1.40340  1.40911  1.41683  1.42515  1.38957
  5969.91      1.6751  1.40347  1.40918  1.41690  1.42522  1.38957
  5968.41      1.6755  1.40324  1.40895  1.41666  1.42498  1.38957
  5966.91      1.6759  1.40330  1.40901  1.41672  1.42504  1.38957
  5965.41      1.6763  1.40345  1.40917  1.41688  1.42521  1.38958
  5963.91      1.6768  1.40346  1.40917  1.41689  1.42522  1.38958
  5962.41      1.6772  1.40330  1.40901  1.41672  1.42505  1.38958
  5960.91      1.6776  1.40334  1.40905  1.41676  1.42509  1.38957
  5959.41      1.6780  1.40342  1.40914  1.41685  1.42518  1.38955
  5957.91      1.6784  1.40338  1.40909  1.41681  1.42513  1.38954
  5956.41      1.6789  1.40317  1.40888  1.41659  1.42491  1.38951
  5954.91      1.6793  1.40305  1.40875  1.41646  1.42478  1.38948
  5953.41      1.6797  1.40299  1.40870  1.41641  1.42472  1.38944
  5951.91      1.6801  1.40298  1.40869  1.41639  1.42471  1.38940
  5950.41      1.6806  1.40302  1.40873  1.41643  1.42475  1.38936
  5948.91      1.6810  1.40310  1.40881  1.41652  1.42484  1.38932
  5947.41      1.6814  1.40322  1.40893  1.41664  1.42496  1.38930
  5945.91      1.6818  1.40330  1.40901  1.41673  1.42505  1.38928
  5944.40      1.6823  1.40318  1.40889  1.41660  1.42492  1.38927
  5942.90      1.6827  1.40298  1.40868  1.41639  1.42471  1.38928
  5941.40      1.6831  1.40282  1.40852  1.41622  1.42454  1.38929
  5939.90      1.6835  1.40274  1.40844  1.41615  1.42446  1.38930
  5938.40      1.6840  1.40265  1.40835  1.41605  1.42436  1.38932
  5936.90      1.6844  1.40265  1.40836  1.41605  1.42436  1.38934
  5935.40      1.6848  1.40274  1.40844  1.41614  1.42445  1.38937
  5933.90      1.6852  1.40284  1.40855  1.41625  1.42456  1.38938
  5932.40      1.6857  1.40289  1.40859  1.41629  1.42461  1.38939
  5930.90      1.6861  1.40293  1.40864  1.41634  1.42466  1.38940
  5929.40      1.6865  1.40299  1.40869  1.41640  1.42471  1.38939
  5927.90      1.6869  1.40303  1.40874  1.41645  1.42476  1.38938
  5926.40      1.6874  1.40305  1.40875  1.41646  1.42478  1.38937
  5924.90      1.6878  1.40285  1.40855  1.41626  1.42457  1.38934
  5923.40      1.6882  1.40262  1.40832  1.41602  1.42433  1.38931
  5921.90      1.6886  1.40250  1.40820  1.41589  1.42420  1.38927
  5920.40      1.6891  1.40236  1.40805  1.41575  1.42405  1.38923
  5918.90      1.6895  1.40226  1.40796  1.41565  1.42395  1.38917
  5917.40      1.6899  1.40219  1.40788  1.41557  1.42387  1.38912
  5915.90      1.6904  1.40212  1.40781  1.41550  1.42379  1.38907
  5914.40      1.6908  1.40214  1.40783  1.41552  1.42381  1.38902
  5912.90      1.6912  1.40227  1.40796  1.41565  1.42395  1.38897
  5911.40      1.6916  1.40242  1.40812  1.41581  1.42411  1.38894
  5909.90      1.6921  1.40250  1.40820  1.41589  1.42419  1.38890
  5908.40      1.6925  1.40247  1.40817  1.41586  1.42416  1.38889
  5906.90      1.6929  1.40248  1.40818  1.41587  1.42417  1.38888
  5905.40      1.6934  1.40255  1.40825  1.41595  1.42425  1.38888
  5903.90      1.6938  1.40265  1.40835  1.41604  1.42435  1.38888
  5902.40      1.6942  1.40264  1.40834  1.41604  1.42434  1.38890
  5900.90      1.6947  1.40248  1.40818  1.41587  1.42418  1.38891
  5899.40      1.6951  1.40226  1.40796  1.41564  1.42394  1.38891
  5897.90      1.6955  1.40207  1.40776  1.41545  1.42374  1.38891
  5896.40      1.6959  1.40203  1.40773  1.41541  1.42370  1.38891
  5894.90      1.6964  1.40217  1.40786  1.41554  1.42384  1.38889
  5893.40      1.6968  1.40230  1.40799  1.41568  1.42398  1.38887
  5891.90      1.6972  1.40232  1.40802  1.41571  1.42400  1.38885
  5890.40      1.6977  1.40229  1.40799  1.41568  1.42397  1.38882
  5888.90      1.6981  1.40233  1.40803  1.41572  1.42402  1.38881
  5887.40      1.6985  1.40231  1.40801  1.41570  1.42400  1.38879
  5885.90      1.6990  1.40216  1.40786  1.41554  1.42384  1.38878
  5884.40      1.6994  1.40201  1.40771  1.41539  1.42368  1.38878
  5882.90      1.6998  1.40201  1.40770  1.41538  1.42367  1.38878
  5881.40      1.7003  1.40207  1.40777  1.41545  1.42374  1.38878
  5879.90      1.7007  1.40212  1.40781  1.41550  1.42379  1.38878
  5878.40      1.7011  1.40211  1.40780  1.41549  1.42378  1.38877
  5876.90      1.7016  1.40207  1.40777  1.41545  1.42374  1.38877
  5875.40      1.7020  1.40213  1.40782  1.41551  1.42380  1.38876
  5873.90      1.7024  1.40230  1.40800  1.41569  1.42398  1.38874
  5872.40      1.7029  1.40236  1.40805  1.41574  1.42404  1.38873
  5870.90      1.7033  1.40235  1.40804  1.41573  1.42403  1.38871
  5869.40      1.7038  1.40235  1.40804  1.41573  1.42403  1.38870
  5867.90      1.7042  1.40239  1.40809  1.41578  1.42408  1.38869
  5866.40      1.7046  1.40244  1.40814  1.41583  1.42413  1.38869
  5864.90      1.7051  1.40240  1.40809  1.41578  1.42408  1.38869
  5863.40      1.7055  1.40230  1.40799  1.41568  1.42398  1.38868
  5861.90      1.7059  1.40221  1.40791  1.41560  1.42389  1.38868
  5860.40      1.7064  1.40218  1.40787  1.41556  1.42385  1.38867
  5858.90      1.7068  1.40219  1.40789  1.41557  1.42387  1.38867
  5857.40      1.7072  1.40223  1.40793  1.41561  1.42391  1.38865
  5855.90      1.7077  1.40228  1.40798  1.41566  1.42396  1.38864
  5854.40      1.7081  1.40239  1.40809  1.41578  1.42407  1.38861
  5852.90      1.7086  1.40247  1.40816  1.41586  1.42416  1.38858
  5851.40      1.7090  1.40243  1.40813  1.41582  1.42412  1.38855
  5849.90      1.7094  1.40227  1.40796  1.41565  1.42395  1.38851
  5848.40      1.7099  1.40211  1.40780  1.41549  1.42378  1.38849
  5846.90      1.7103  1.40216  1.40785  1.41554  1.42383  1.38846
  5845.40      1.7107  1.40224  1.40794  1.41562  1.42392  1.38845
  5843.90      1.7112  1.40220  1.40790  1.41558  1.42388  1.38842
  5842.40      1.7116  1.40205  1.40774  1.41543  1.42372  1.38841
  5840.90      1.7121  1.40204  1.40773  1.41541  1.42370  1.38838
  5839.40      1.7125  1.40209  1.40779  1.41547  1.42376  1.38837
  5837.90      1.7129  1.40213  1.40783  1.41551  1.42380  1.38835
  5836.40      1.7134  1.40212  1.40782  1.41550  1.42379  1.38833
  5834.90      1.7138  1.40206  1.40776  1.41544  1.42373  1.38831
  5833.40      1.7143  1.40200  1.40769  1.41537  1.42366  1.38829
  5831.90      1.7147  1.40199  1.40768  1.41537  1.42366  1.38829
  5830.40      1.7151  1.40210  1.40779  1.41547  1.42377  1.38829
  5828.90      1.7156  1.40218  1.40788  1.41556  1.42385  1.38829
  5827.40      1.7160  1.40216  1.40785  1.41554  1.42383  1.38829
  5825.90      1.7165  1.40201  1.40770  1.41538  1.42367  1.38829
  5824.40      1.7169  1.40186  1.40755  1.41522  1.42351  1.38828
  5822.90      1.7174  1.40185  1.40754  1.41522  1.42350  1.38825
  5821.40      1.7178  1.40190  1.40759  1.41527  1.42356  1.38824
  5819.90      1.7182  1.40195  1.40764  1.41532  1.42361  1.38820
  5818.40      1.7187  1.40200  1.40770  1.41538  1.42367  1.38817
  5816.90      1.7191  1.40190  1.40759  1.41527  1.42355  1.38813
  5815.40      1.7196  1.40181  1.40750  1.41518  1.42346  1.38809
  5813.90      1.7200  1.40189  1.40758  1.41526  1.42354  1.38806
  5812.40      1.7205  1.40208  1.40777  1.41546  1.42375  1.38804
  5810.90      1.7209  1.40209  1.40778  1.41547  1.42376  1.38802
  5809.40      1.7213  1.40197  1.40766  1.41534  1.42363  1.38800
  5807.90      1.7218  1.40183  1.40752  1.41520  1.42348  1.38797
  5806.39      1.7222  1.40180  1.40749  1.41517  1.42345  1.38796
  5804.89      1.7227  1.40190  1.40759  1.41527  1.42355  1.38795
  5803.39      1.7231  1.40192  1.40761  1.41529  1.42358  1.38795
  5801.89      1.7236  1.40178  1.40747  1.41514  1.42343  1.38795
  5800.39      1.7240  1.40170  1.40739  1.41506  1.42334  1.38797
  5798.89      1.7245  1.40170  1.40738  1.41506  1.42334  1.38798
  5797.39      1.7249  1.40179  1.40748  1.41516  1.42344  1.38801
  5795.89      1.7254  1.40197  1.40766  1.41534  1.42362  1.38803
  5794.39      1.7258  1.40215  1.40784  1.41553  1.42382  1.38804
  5792.89      1.7263  1.40219  1.40789  1.41557  1.42387  1.38805
  5791.39      1.7267  1.40215  1.40785  1.41553  1.42383  1.38804
  5789.89      1.7271  1.40206  1.40775  1.41544  1.42373  1.38801
  5788.39      1.7276  1.40179  1.40748  1.41516  1.42344  1.38799
  5786.89      1.7280  1.40170  1.40738  1.41506  1.42334  1.38796
  5785.39      1.7285  1.40171  1.40740  1.41507  1.42336  1.38793
  5783.89      1.7289  1.40169  1.40738  1.41506  1.42334  1.38790
  5782.39      1.7294  1.40156  1.40725  1.41492  1.42320  1.38787
  5780.89      1.7298  1.40144  1.40713  1.41480  1.42307  1.38785
  5779.39      1.7303  1.40145  1.40713  1.41480  1.42308  1.38783
  5777.89      1.7307  1.40157  1.40725  1.41493  1.42320  1.38782
  5776.39      1.7312  1.40157  1.40726  1.41493  1.42321  1.38779
  5774.89      1.7316  1.40151  1.40720  1.41487  1.42315  1.38777
  5773.39      1.7321  1.40152  1.40720  1.41487  1.42315  1.38774
  5771.89      1.7325  1.40163  1.40732  1.41500  1.42328  1.38773
  5770.39      1.7330  1.40168  1.40737  1.41504  1.42332  1.38771
  5768.89      1.7334  1.40169  1.40738  1.41505  1.42334  1.38769
  5767.39      1.7339  1.40160  1.40729  1.41496  1.42324  1.38767
  5765.89      1.7343  1.40138  1.40707  1.41474  1.42301  1.38764
  5764.39      1.7348  1.40118  1.40686  1.41452  1.42279  1.38763
  5762.89      1.7352  1.40116  1.40684  1.41451  1.42278  1.38760
  5761.39      1.7357  1.40123  1.40691  1.41458  1.42285  1.38759
  5759.89      1.7361  1.40129  1.40697  1.41463  1.42290  1.38757
  5758.39      1.7366  1.40139  1.40707  1.41474  1.42301  1.38756
  5756.89      1.7370  1.40151  1.40719  1.41487  1.42314  1.38755
  5755.39      1.7375  1.40154  1.40722  1.41490  1.42317  1.38755
  5753.89      1.7380  1.40144  1.40713  1.41480  1.42307  1.38754
  5752.39      1.7384  1.40137  1.40705  1.41472  1.42299  1.38755
  5750.89      1.7389  1.40134  1.40702  1.41469  1.42296  1.38755
  5749.39      1.7393  1.40134  1.40702  1.41469  1.42296  1.38756
  5747.89      1.7398  1.40133  1.40701  1.41468  1.42295  1.38757
  5746.39      1.7402  1.40133  1.40702  1.41468  1.42296  1.38757
  5744.89      1.7407  1.40129  1.40697  1.41464  1.42291  1.38757
  5743.39      1.7411  1.40122  1.40690  1.41457  1.42284  1.38756
  5741.89      1.7416  1.40115  1.40683  1.41449  1.42276  1.38756
  5740.39      1.7420  1.40107  1.40675  1.41441  1.42268  1.38757
  5738.89      1.7425  1.40097  1.40665  1.41431  1.42257  1.38757
  5737.39      1.7430  1.40097  1.40665  1.41431  1.42257  1.38757
  5735.89      1.7434  1.40108  1.40676  1.41442  1.42269  1.38755
  5734.39      1.7439  1.40108  1.40676  1.41442  1.42269  1.38753
  5732.89      1.7443  1.40102  1.40670  1.41436  1.42262  1.38750
  5731.39      1.7448  1.40097  1.40664  1.41430  1.42257  1.38746
  5729.89      1.7452  1.40096  1.40664  1.41430  1.42256  1.38740
  5728.39      1.7457  1.40097  1.40664  1.41430  1.42257  1.38733
  5726.89      1.7461  1.40094  1.40661  1.41427  1.42253  1.38727
  5725.39      1.7466  1.40087  1.40654  1.41420  1.42246  1.38720
  5723.89      1.7471  1.40081  1.40648  1.41414  1.42240  1.38717
  5722.39      1.7475  1.40085  1.40652  1.41418  1.42244  1.38713
  5720.89      1.7480  1.40081  1.40648  1.41414  1.42240  1.38712
  5719.39      1.7484  1.40066  1.40633  1.41398  1.42224  1.38712
  5717.89      1.7489  1.40046  1.40613  1.41378  1.42203  1.38713
  5716.39      1.7494  1.40042  1.40608  1.41373  1.42198  1.38715
  5714.89      1.7498  1.40058  1.40625  1.41390  1.42215  1.38717
  5713.39      1.7503  1.40078  1.40645  1.41411  1.42236  1.38718
  5711.89      1.7507  1.40087  1.40655  1.41420  1.42246  1.38717
  5710.39      1.7512  1.40082  1.40649  1.41415  1.42240  1.38717
  5708.89      1.7517  1.40079  1.40646  1.41412  1.42238  1.38715
  5707.39      1.7521  1.40075  1.40643  1.41408  1.42234  1.38713
  5705.89      1.7526  1.40066  1.40633  1.41398  1.42224  1.38710
  5704.39      1.7530  1.40050  1.40617  1.41382  1.42207  1.38707
  5702.89      1.7535  1.40054  1.40621  1.41386  1.42211  1.38705
  5701.39      1.7540  1.40064  1.40631  1.41397  1.42222  1.38703
  5699.89      1.7544  1.40069  1.40636  1.41402  1.42227  1.38702
  5698.39      1.7549  1.40069  1.40636  1.41401  1.42226  1.38702
  5696.89      1.7553  1.40067  1.40634  1.41400  1.42225  1.38701
  5695.39      1.7558  1.40063  1.40630  1.41395  1.42220  1.38700
  5693.89      1.7563  1.40057  1.40624  1.41389  1.42214  1.38699
  5692.39      1.7567  1.40061  1.40628  1.41393  1.42219  1.38697
  5690.89      1.7572  1.40076  1.40643  1.41409  1.42234  1.38696
  5689.39      1.7577  1.40089  1.40656  1.41422  1.42248  1.38694
  5687.89      1.7581  1.40090  1.40658  1.41423  1.42249  1.38691
  5686.39      1.7586  1.40082  1.40649  1.41415  1.42241  1.38688
  5684.89      1.7591  1.40074  1.40641  1.41407  1.42232  1.38684
  5683.39      1.7595  1.40064  1.40631  1.41396  1.42222  1.38681
  5681.89      1.7600  1.40050  1.40617  1.41382  1.42207  1.38678
  5680.39      1.7604  1.40042  1.40609  1.41373  1.42198  1.38677
  5678.89      1.7609  1.40054  1.40621  1.41386  1.42211  1.38674
  5677.39      1.7614  1.40066  1.40633  1.41398  1.42224  1.38673
  5675.88      1.7618  1.40063  1.40630  1.41395  1.42221  1.38671
  5674.38      1.7623  1.40050  1.40617  1.41382  1.42207  1.38669
  5672.88      1.7628  1.40048  1.40615  1.41380  1.42205  1.38668
  5671.38      1.7632  1.40059  1.40627  1.41392  1.42217  1.38665
  5669.88      1.7637  1.40074  1.40641  1.41406  1.42232  1.38663
  5668.38      1.7642  1.40067  1.40634  1.41400  1.42225  1.38661
  5666.88      1.7646  1.40056  1.40624  1.41389  1.42214  1.38660
  5665.38      1.7651  1.40059  1.40626  1.41391  1.42216  1.38659
  5663.88      1.7656  1.40077  1.40644  1.41409  1.42235  1.38659
  5662.38      1.7660  1.40081  1.40648  1.41414  1.42240  1.38660
  5660.88      1.7665  1.40073  1.40640  1.41405  1.42231  1.38662
  5659.38      1.7670  1.40066  1.40634  1.41399  1.42224  1.38663
  5657.88      1.7674  1.40071  1.40638  1.41404  1.42229  1.38664
  5656.38      1.7679  1.40076  1.40643  1.41409  1.42234  1.38664
  5654.88      1.7684  1.40064  1.40631  1.41396  1.42221  1.38662
  5653.38      1.7689  1.40059  1.40626  1.41391  1.42216  1.38662
  5651.88      1.7693  1.40072  1.40639  1.41404  1.42230  1.38659
  5650.38      1.7698  1.40073  1.40640  1.41406  1.42231  1.38657
  5648.88      1.7703  1.40057  1.40624  1.41389  1.42215  1.38655
  5647.38      1.7707  1.40043  1.40610  1.41375  1.42200  1.38652
  5645.88      1.7712  1.40044  1.40611  1.41376  1.42201  1.38651
  5644.38      1.7717  1.40057  1.40624  1.41389  1.42214  1.38649
  5642.88      1.7721  1.40047  1.40614  1.41379  1.42204  1.38648
  5641.38      1.7726  1.40022  1.40589  1.41353  1.42177  1.38646
  5639.88      1.7731  1.40001  1.40567  1.41331  1.42155  1.38641
  5638.38      1.7736  1.40006  1.40572  1.41336  1.42160  1.38638
  5636.88      1.7740  1.40026  1.40593  1.41357  1.42181  1.38635
  5635.38      1.7745  1.40046  1.40613  1.41378  1.42202  1.38631
  5633.88      1.7750  1.40056  1.40623  1.41388  1.42213  1.38628
  5632.38      1.7754  1.40058  1.40625  1.41390  1.42215  1.38626
  5630.88      1.7759  1.40054  1.40621  1.41386  1.42211  1.38626
  5629.38      1.7764  1.40043  1.40610  1.41375  1.42200  1.38626
  5627.88      1.7769  1.40029  1.40596  1.41360  1.42185  1.38627
  5626.38      1.7773  1.40029  1.40596  1.41360  1.42184  1.38627
  5624.88      1.7778  1.40023  1.40589  1.41354  1.42178  1.38628
  5623.38      1.7783  1.40015  1.40581  1.41345  1.42169  1.38628
  5621.88      1.7788  1.40011  1.40577  1.41342  1.42165  1.38627
  5620.38      1.7792  1.40020  1.40586  1.41351  1.42175  1.38626
  5618.88      1.7797  1.40017  1.40584  1.41348  1.42172  1.38623
  5617.38      1.7802  1.40008  1.40575  1.41339  1.42162  1.38620
  5615.88      1.7807  1.40002  1.40568  1.41332  1.42156  1.38617
  5614.38      1.7811  1.40008  1.40575  1.41339  1.42163  1.38614
  5612.88      1.7816  1.40012  1.40579  1.41343  1.42167  1.38611
  5611.38      1.7821  1.40005  1.40572  1.41335  1.42159  1.38609
  5609.88      1.7826  1.39991  1.40557  1.41321  1.42144  1.38608
  5608.38      1.7830  1.40001  1.40567  1.41331  1.42154  1.38607
  5606.88      1.7835  1.40032  1.40599  1.41363  1.42187  1.38606
  5605.38      1.7840  1.40050  1.40617  1.41382  1.42207  1.38606
  5603.88      1.7845  1.40038  1.40605  1.41370  1.42194  1.38605
  5602.38      1.7850  1.40027  1.40594  1.41358  1.42183  1.38605
  5600.88      1.7854  1.40020  1.40587  1.41351  1.42176  1.38603
  5599.38      1.7859  1.40005  1.40571  1.41335  1.42159  1.38602
  5597.88      1.7864  1.39979  1.40545  1.41309  1.42132  1.38599
  5596.38      1.7869  1.39973  1.40539  1.41302  1.42125  1.38596
  5594.88      1.7873  1.39981  1.40547  1.41310  1.42133  1.38592
  5593.38      1.7878  1.39989  1.40555  1.41319  1.42142  1.38589
  5591.88      1.7883  1.39989  1.40555  1.41319  1.42142  1.38586
  5590.38      1.7888  1.39986  1.40552  1.41316  1.42139  1.38584
  5588.88      1.7893  1.39980  1.40546  1.41309  1.42132  1.38581
  5587.38      1.7897  1.39969  1.40535  1.41298  1.42121  1.38578
  5585.88      1.7902  1.39961  1.40527  1.41290  1.42113  1.38576
  5584.38      1.7907  1.39970  1.40536  1.41299  1.42122  1.38575
  5582.88      1.7912  1.39981  1.40547  1.41311  1.42134  1.38574
  5581.38      1.7917  1.39982  1.40549  1.41312  1.42135  1.38571
  5579.88      1.7922  1.39973  1.40539  1.41302  1.42125  1.38568
  5578.38      1.7926  1.39978  1.40544  1.41307  1.42130  1.38566
  5576.88      1.7931  1.39984  1.40550  1.41313  1.42136  1.38563
  5575.38      1.7936  1.39983  1.40550  1.41313  1.42136  1.38562
  5573.88      1.7941  1.39975  1.40541  1.41304  1.42127  1.38561
  5572.38      1.7946  1.39970  1.40536  1.41299  1.42122  1.38559
  5570.88      1.7950  1.39971  1.40537  1.41300  1.42123  1.38558
  5569.38      1.7955  1.39970  1.40536  1.41299  1.42122  1.38557
  5567.88      1.7960  1.39961  1.40527  1.41290  1.42112  1.38557
  5566.38      1.7965  1.39943  1.40508  1.41271  1.42093  1.38556
  5564.88      1.7970  1.39940  1.40505  1.41267  1.42089  1.38555
  5563.38      1.7975  1.39949  1.40514  1.41277  1.42099  1.38553
  5561.88      1.7980  1.39964  1.40530  1.41293  1.42115  1.38552
  5560.38      1.7984  1.39986  1.40552  1.41315  1.42138  1.38549
  5558.88      1.7989  1.39990  1.40557  1.41320  1.42143  1.38547
  5557.38      1.7994  1.39981  1.40547  1.41311  1.42134  1.38544
  5555.88      1.7999  1.39968  1.40534  1.41297  1.42120  1.38542
  5554.38      1.8004  1.39969  1.40534  1.41298  1.42120  1.38540
  5552.88      1.8009  1.39967  1.40533  1.41296  1.42118  1.38537
  5551.38      1.8014  1.39964  1.40530  1.41293  1.42116  1.38536
  5549.88      1.8018  1.39965  1.40531  1.41294  1.42116  1.38534
  5548.38      1.8023  1.39975  1.40542  1.41305  1.42127  1.38533
  5546.88      1.8028  1.39982  1.40548  1.41311  1.42134  1.38531
  5545.38      1.8033  1.39985  1.40552  1.41315  1.42138  1.38530
  5543.88      1.8038  1.39987  1.40553  1.41317  1.42140  1.38528
  5542.38      1.8043  1.39980  1.40546  1.41309  1.42132  1.38526
  5540.88      1.8048  1.39967  1.40533  1.41296  1.42119  1.38526
  5539.38      1.8053  1.39968  1.40534  1.41297  1.42119  1.38524
  5537.87      1.8057  1.39982  1.40548  1.41311  1.42134  1.38523
  5536.37      1.8062  1.39979  1.40546  1.41309  1.42132  1.38521
  5534.87      1.8067  1.39962  1.40528  1.41291  1.42113  1.38520
  5533.37      1.8072  1.39948  1.40514  1.41276  1.42098  1.38519
  5531.87      1.8077  1.39951  1.40517  1.41280  1.42102  1.38518
  5530.37      1.8082  1.39964  1.40530  1.41293  1.42115  1.38517
  5528.87      1.8087  1.39957  1.40523  1.41286  1.42108  1.38516
  5527.37      1.8092  1.39950  1.40515  1.41278  1.42100  1.38513
  5525.87      1.8097  1.39956  1.40521  1.41284  1.42106  1.38511
  5524.37      1.8102  1.39964  1.40530  1.41293  1.42115  1.38510
  5522.87      1.8107  1.39954  1.40520  1.41283  1.42105  1.38508
  5521.37      1.8111  1.39935  1.40501  1.41263  1.42085  1.38506
  5519.87      1.8116  1.39921  1.40486  1.41248  1.42070  1.38503
  5518.37      1.8121  1.39935  1.40501  1.41263  1.42085  1.38502
  5516.87      1.8126  1.39937  1.40503  1.41265  1.42087  1.38500
  5515.37      1.8131  1.39932  1.40497  1.41260  1.42081  1.38498
  5513.87      1.8136  1.39932  1.40497  1.41260  1.42081  1.38498
  5512.37      1.8141  1.39947  1.40512  1.41275  1.42097  1.38498
  5510.87      1.8146  1.39972  1.40538  1.41301  1.42123  1.38499
  5509.37      1.8151  1.39980  1.40547  1.41310  1.42133  1.38500
  5507.87      1.8156  1.39957  1.40523  1.41286  1.42108  1.38501
  5506.37      1.8161  1.39917  1.40482  1.41245  1.42066  1.38502
  5504.87      1.8166  1.39888  1.40452  1.41214  1.42034  1.38503
  5503.37      1.8171  1.39887  1.40452  1.41213  1.42033  1.38502
  5501.87      1.8176  1.39916  1.40481  1.41243  1.42063  1.38500
  5500.37      1.8181  1.39935  1.40500  1.41263  1.42084  1.38497
  5498.87      1.8186  1.39933  1.40498  1.41260  1.42082  1.38492
  5497.37      1.8191  1.39936  1.40501  1.41263  1.42085  1.38487
  5495.87      1.8195  1.39960  1.40526  1.41289  1.42112  1.38481
  5494.37      1.8200  1.39994  1.40560  1.41324  1.42148  1.38475
  5492.87      1.8205  1.39969  1.40535  1.41299  1.42123  1.38470
  5491.37      1.8210  1.39922  1.40487  1.41249  1.42074  1.38464
  5489.87      1.8215  1.39885  1.40450  1.41211  1.42036  1.38460
  5488.37      1.8220  1.39866  1.40431  1.41192  1.42018  1.38458
  5486.87      1.8225  1.39847  1.40412  1.41172  1.41998  1.38458
  5485.37      1.8230  1.39838  1.40402  1.41162  1.41988  1.38459
  5483.87      1.8235  1.39845  1.40409  1.41169  1.41996  1.38459
  5482.37      1.8240  1.39865  1.40430  1.41190  1.42018  1.38460
  5480.87      1.8245  1.39889  1.40454  1.41215  1.42043  1.38460
  5479.37      1.8250  1.39938  1.40504  1.41266  1.42094  1.38461
  5477.87      1.8255  1.40001  1.40568  1.41332  1.42161  1.38462
  5476.37      1.8260  1.39997  1.40564  1.41328  1.42158  1.38460
  5474.87      1.8265  1.39904  1.40470  1.41232  1.42060  1.38457
  5473.37      1.8270  1.39818  1.40381  1.41141  1.41971  1.38455
  5471.87      1.8275  1.39808  1.40372  1.41131  1.41967  1.38452
  5470.37      1.8280  1.39866  1.40430  1.41191  1.42028  1.38450
  5468.87      1.8285  1.39909  1.40474  1.41235  1.42070  1.38446
  5467.37      1.8290  1.39918  1.40483  1.41245  1.42077  1.38440
  5465.87      1.8295  1.39903  1.40469  1.41230  1.42064  1.38435
  5464.37      1.8300  1.39913  1.40478  1.41240  1.42075  1.38429
  5462.87      1.8305  1.39931  1.40497  1.41259  1.42095  1.38424
  5461.37      1.8310  1.39917  1.40483  1.41245  1.42078  1.38419
  5459.87      1.8315  1.39866  1.40431  1.41192  1.42022  1.38413
  5458.37      1.8320  1.39836  1.40401  1.41161  1.41994  1.38410
  5456.87      1.8326  1.39829  1.40393  1.41153  1.41997  1.38408
  5455.37      1.8331  1.39837  1.40401  1.41161  1.42010  1.38406
  5453.87      1.8336  1.39859  1.40424  1.41184  1.42026  1.38406
  5452.37      1.8341  1.39909  1.40474  1.41236  1.42067  1.38405
  5450.87      1.8346  1.39953  1.40519  1.41282  1.42109  1.38405
  5449.37      1.8351  1.39977  1.40544  1.41307  1.42132  1.38404
  5447.87      1.8356  1.39969  1.40536  1.41299  1.42122  1.38403
  5446.37      1.8361  1.39919  1.40485  1.41247  1.42075  1.38401
  5444.87      1.8366  1.39878  1.40443  1.41204  1.42037  1.38400
  5443.37      1.8371  1.39856  1.40421  1.41181  1.42019  1.38399
  5441.87      1.8376  1.39845  1.40409  1.41170  1.42006  1.38399
  5440.37      1.8381  1.39802  1.40365  1.41125  1.41962  1.38399
  5438.87      1.8386  1.39824  1.40388  1.41147  1.41986  1.38400
  5437.37      1.8391  1.39878  1.40442  1.41204  1.42044  1.38400
  5435.87      1.8396  1.39913  1.40478  1.41240  1.42073  1.38397
  5434.37      1.8401  1.39864  1.40428  1.41189  1.42024  1.38395
  5432.87      1.8406  1.39834  1.40398  1.41158  1.42000  1.38391
  5431.37      1.8412  1.39855  1.40419  1.41180  1.42022  1.38388
  5429.87      1.8417  1.39896  1.40461  1.41223  1.42054  1.38385
  5428.37      1.8422  1.39837  1.40401  1.41162  1.41999  1.38382
  5426.87      1.8427  1.39750  1.40312  1.41071  1.41926  1.38380
  5425.37      1.8432  1.39714  1.40276  1.41033  1.41896  1.38380
  5423.87      1.8437  1.39757  1.40320  1.41078  1.41928  1.38381
  5422.37      1.8442  1.39800  1.40363  1.41123  1.41961  1.38383
  5420.87      1.8447  1.39820  1.40383  1.41143  1.41984  1.38384
  5419.37      1.8452  1.39848  1.40412  1.41172  1.42014  1.38384
  5417.87      1.8457  1.39909  1.40474  1.41236  1.42064  1.38383
  5416.37      1.8463  1.39994  1.40561  1.41324  1.42132  1.38381
  5414.87      1.8468  1.40003  1.40570  1.41334  1.42138  1.38376
  5413.37      1.8473  1.39936  1.40502  1.41265  1.42082  1.38370
  5411.87      1.8478  1.39821  1.40386  1.41146  1.41987  1.38364
  5410.37      1.8483  1.39721  1.40283  1.41041  1.41906  1.38358
  5408.87      1.8488  1.39688  1.40250  1.41007  1.41881  1.38354
  5407.36      1.8493  1.39716  1.40278  1.41036  1.41907  1.38351
  5405.86      1.8498  1.39776  1.40339  1.41098  1.41954  1.38351
  5404.36      1.8504  1.39827  1.40391  1.41151  1.41990  1.38352
  5402.86      1.8509  1.39833  1.40397  1.41157  1.41989  1.38352
  5401.36      1.8514  1.39820  1.40385  1.41144  1.41972  1.38354
  5399.86      1.8519  1.39826  1.40390  1.41150  1.41978  1.38354
  5398.36      1.8524  1.39874  1.40439  1.41200  1.42019  1.38355
  5396.86      1.8529  1.39916  1.40481  1.41244  1.42049  1.38355
  5395.36      1.8534  1.39896  1.40462  1.41224  1.42025  1.38352
  5393.86      1.8540  1.39797  1.40361  1.41121  1.41938  1.38348
  5392.36      1.8545  1.39682  1.40244  1.41001  1.41848  1.38342
  5390.86      1.8550  1.39678  1.40240  1.40996  1.41859  1.38337
  5389.36      1.8555  1.39768  1.40331  1.41090  1.41950  1.38334
  5387.86      1.8560  1.39884  1.40449  1.41211  1.42050  1.38330
  5386.36      1.8565  1.39874  1.40439  1.41200  1.42039  1.38325
  5384.86      1.8571  1.39772  1.40335  1.41095  1.41949  1.38320
  5383.36      1.8576  1.39691  1.40253  1.41010  1.41875  1.38315
  5381.86      1.8581  1.39702  1.40264  1.41021  1.41880  1.38313
  5380.36      1.8586  1.39812  1.40376  1.41135  1.41967  1.38311
  5378.86      1.8591  1.39903  1.40469  1.41231  1.42050  1.38308
  5377.36      1.8596  1.39896  1.40462  1.41224  1.42053  1.38303
  5375.86      1.8602  1.39786  1.40350  1.41109  1.41966  1.38299
  5374.36      1.8607  1.39672  1.40234  1.40991  1.41879  1.38295
  5372.86      1.8612  1.39647  1.40208  1.40964  1.41854  1.38291
  5371.36      1.8617  1.39692  1.40254  1.41011  1.41874  1.38288
  5369.86      1.8622  1.39762  1.40325  1.41083  1.41915  1.38284
  5368.36      1.8628  1.39793  1.40357  1.41116  1.41944  1.38280
  5366.86      1.8633  1.39806  1.40370  1.41129  1.41969  1.38279
  5365.36      1.8638  1.39808  1.40372  1.41131  1.41971  1.38277
  5363.86      1.8643  1.39798  1.40362  1.41122  1.41947  1.38277
  5362.36      1.8648  1.39753  1.40316  1.41074  1.41907  1.38277
  5360.86      1.8654  1.39712  1.40274  1.41032  1.41876  1.38276
  5359.36      1.8659  1.39708  1.40270  1.41028  1.41868  1.38276
  5357.86      1.8664  1.39758  1.40321  1.41080  1.41902  1.38278
  5356.36      1.8669  1.39866  1.40431  1.41192  1.41981  1.38279
  5354.86      1.8675  1.39889  1.40455  1.41216  1.41989  1.38280
  5353.36      1.8680  1.39812  1.40376  1.41136  1.41911  1.38279
  5351.86      1.8685  1.39689  1.40252  1.41009  1.41831  1.38276
  5350.36      1.8690  1.39659  1.40221  1.40977  1.41843  1.38275
  5348.86      1.8696  1.39736  1.40299  1.41057  1.41920  1.38275
  5347.36      1.8701  1.39845  1.40410  1.41170  1.41993  1.38274
  5345.86      1.8706  1.39884  1.40449  1.41211  1.41988  1.38270
  5344.36      1.8711  1.39744  1.40307  1.41066  1.41848  1.38265
  5342.86      1.8717  1.39659  1.40221  1.40978  1.41785  1.38262
  5341.36      1.8722  1.39694  1.40257  1.41014  1.41860  1.38260
  5339.86      1.8727  1.39810  1.40374  1.41134  1.41971  1.38259
  5338.36      1.8732  1.39794  1.40358  1.41118  1.41948  1.38256
  5336.86      1.8738  1.39674  1.40236  1.40993  1.41844  1.38250
  5335.36      1.8743  1.39591  1.40152  1.40907  1.41788  1.38246
  5333.86      1.8748  1.39619  1.40180  1.40936  1.41811  1.38243
  5332.36      1.8753  1.39686  1.40249  1.41006  1.41842  1.38238
  5330.86      1.8759  1.39743  1.40306  1.41064  1.41867  1.38235
  5329.36      1.8764  1.39765  1.40329  1.41088  1.41899  1.38229
  5327.86      1.8769  1.39741  1.40304  1.41063  1.41911  1.38223
  5326.36      1.8775  1.39657  1.40219  1.40975  1.41859  1.38219
  5324.86      1.8780  1.39608  1.40169  1.40925  1.41809  1.38217
  5323.36      1.8785  1.39610  1.40171  1.40926  1.41801  1.38214
  5321.86      1.8790  1.39646  1.40208  1.40964  1.41825  1.38213
  5320.36      1.8796  1.39670  1.40232  1.40989  1.41842  1.38213
  5318.86      1.8801  1.39689  1.40251  1.41008  1.41847  1.38213
  5317.36      1.8806  1.39691  1.40253  1.41011  1.41842  1.38212
  5315.86      1.8812  1.39675  1.40237  1.40994  1.41835  1.38211
  5314.36      1.8817  1.39660  1.40222  1.40979  1.41831  1.38209
  5312.86      1.8822  1.39652  1.40214  1.40970  1.41822  1.38207
  5311.36      1.8828  1.39668  1.40230  1.40987  1.41823  1.38204
  5309.86      1.8833  1.39705  1.40267  1.41025  1.41839  1.38200
  5308.36      1.8838  1.39710  1.40273  1.41030  1.41847  1.38194
  5306.86      1.8844  1.39664  1.40226  1.40982  1.41834  1.38188
  5305.36      1.8849  1.39619  1.40180  1.40936  1.41832  1.38182
  5303.86      1.8854  1.39613  1.40175  1.40930  1.41837  1.38177
  5302.36      1.8860  1.39648  1.40209  1.40965  1.41833  1.38174
  5300.86      1.8865  1.39668  1.40231  1.40987  1.41812  1.38171
  5299.36      1.8870  1.39656  1.40218  1.40975  1.41793  1.38168
  5297.86      1.8876  1.39621  1.40182  1.40938  1.41782  1.38165
  5296.36      1.8881  1.39606  1.40167  1.40922  1.41789  1.38162
  5294.86      1.8886  1.39633  1.40195  1.40951  1.41814  1.38161
  5293.36      1.8892  1.39681  1.40244  1.41000  1.41852  1.38160
  5291.86      1.8897  1.39707  1.40270  1.41028  1.41875  1.38158
  5290.36      1.8902  1.39653  1.40215  1.40972  1.41828  1.38153
  5288.86      1.8908  1.39596  1.40157  1.40912  1.41780  1.38149
  5287.36      1.8913  1.39580  1.40141  1.40895  1.41780  1.38144
  5285.86      1.8918  1.39610  1.40171  1.40927  1.41794  1.38140
  5284.36      1.8924  1.39622  1.40183  1.40939  1.41784  1.38136
  5282.86      1.8929  1.39617  1.40179  1.40934  1.41793  1.38132
  5281.36      1.8935  1.39607  1.40168  1.40924  1.41811  1.38129
  5279.86      1.8940  1.39597  1.40159  1.40914  1.41795  1.38126
  5278.36      1.8945  1.39589  1.40150  1.40905  1.41763  1.38125
  5276.86      1.8951  1.39591  1.40152  1.40907  1.41754  1.38125
  5275.35      1.8956  1.39599  1.40161  1.40916  1.41761  1.38126
  5273.85      1.8961  1.39611  1.40172  1.40927  1.41773  1.38127
  5272.35      1.8967  1.39624  1.40186  1.40941  1.41786  1.38127
  5270.85      1.8972  1.39624  1.40185  1.40941  1.41775  1.38125
  5269.35      1.8978  1.39620  1.40182  1.40937  1.41745  1.38123
  5267.85      1.8983  1.39630  1.40192  1.40948  1.41754  1.38121
  5266.35      1.8988  1.39676  1.40238  1.40995  1.41813  1.38119
  5264.85      1.8994  1.39668  1.40230  1.40987  1.41821  1.38114
  5263.35      1.8999  1.39588  1.40149  1.40904  1.41755  1.38109
  5261.85      1.9005  1.39468  1.40027  1.40779  1.41682  1.38104
  5260.35      1.9010  1.39411  1.39970  1.40720  1.41671  1.38100
  5258.85      1.9016  1.39474  1.40034  1.40786  1.41720  1.38099
  5257.35      1.9021  1.39579  1.40140  1.40894  1.41765  1.38098
  5255.85      1.9026  1.39638  1.40200  1.40956  1.41763  1.38097
  5254.35      1.9032  1.39567  1.40128  1.40882  1.41712  1.38093
  5252.85      1.9037  1.39513  1.40073  1.40826  1.41700  1.38089
  5251.35      1.9043  1.39545  1.40106  1.40859  1.41745  1.38087
  5249.85      1.9048  1.39646  1.40208  1.40964  1.41800  1.38085
  5248.35      1.9054  1.39660  1.40223  1.40979  1.41784  1.38082
  5246.85      1.9059  1.39602  1.40164  1.40919  1.41730  1.38078
  5245.35      1.9064  1.39526  1.40086  1.40840  1.41690  1.38074
  5243.85      1.9070  1.39471  1.40030  1.40783  1.41667  1.38072
  5242.35      1.9075  1.39449  1.40008  1.40760  1.41650  1.38071
  5240.85      1.9081  1.39476  1.40036  1.40788  1.41649  1.38071
  5239.35      1.9086  1.39517  1.40077  1.40830  1.41655  1.38070
  5237.85      1.9092  1.39544  1.40104  1.40858  1.41669  1.38070
  5236.35      1.9097  1.39559  1.40119  1.40873  1.41698  1.38069
  5234.85      1.9103  1.39576  1.40137  1.40892  1.41724  1.38068
  5233.35      1.9108  1.39570  1.40131  1.40885  1.41723  1.38067
  5231.85      1.9114  1.39529  1.40090  1.40843  1.41695  1.38065
  5230.35      1.9119  1.39488  1.40048  1.40800  1.41670  1.38062
  5228.85      1.9125  1.39524  1.40084  1.40837  1.41696  1.38059
  5227.35      1.9130  1.39563  1.40124  1.40879  1.41720  1.38055
  5225.85      1.9136  1.39551  1.40112  1.40866  1.41675  1.38052
  5224.35      1.9141  1.39475  1.40035  1.40787  1.41614  1.38048
  5222.85      1.9147  1.39436  1.39995  1.40747  1.41615  1.38046
  5221.35      1.9152  1.39454  1.40013  1.40765  1.41642  1.38045
  5219.85      1.9158  1.39501  1.40061  1.40814  1.41663  1.38047
  5218.35      1.9163  1.39498  1.40058  1.40810  1.41656  1.38049
  5216.85      1.9169  1.39465  1.40025  1.40777  1.41632  1.38051
  5215.35      1.9174  1.39444  1.40003  1.40755  1.41616  1.38053
  5213.85      1.9180  1.39459  1.40018  1.40770  1.41626  1.38054
  5212.35      1.9185  1.39501  1.40062  1.40814  1.41653  1.38055
  5210.85      1.9191  1.39571  1.40133  1.40887  1.41680  1.38052
  5209.35      1.9196  1.39623  1.40186  1.40941  1.41694  1.38046
  5207.85      1.9202  1.39604  1.40166  1.40921  1.41687  1.38035
  5206.35      1.9207  1.39467  1.40026  1.40779  1.41645  1.38020
  5204.85      1.9213  1.39349  1.39907  1.40657  1.41607  1.38004
  5203.35      1.9218  1.39317  1.39874  1.40623  1.41608  1.37987
  5201.85      1.9224  1.39384  1.39943  1.40693  1.41637  1.37970
  5200.35      1.9229  1.39480  1.40041  1.40793  1.41677  1.37953
  5198.85      1.9235  1.39522  1.40083  1.40836  1.41707  1.37936
  5197.35      1.9241  1.39500  1.40060  1.40813  1.41708  1.37923
  5195.85      1.9246  1.39442  1.40001  1.40753  1.41696  1.37914
  5194.35      1.9252  1.39428  1.39988  1.40738  1.41686  1.37906
  5192.85      1.9257  1.39445  1.40005  1.40756  1.41667  1.37901
  5191.35      1.9263  1.39465  1.40025  1.40777  1.41653  1.37897
  5189.85      1.9268  1.39477  1.40037  1.40789  1.41643  1.37894
  5188.35      1.9274  1.39498  1.40058  1.40811  1.41623  1.37892
  5186.85      1.9280  1.39507  1.40068  1.40820  1.41609  1.37892
  5185.35      1.9285  1.39478  1.40038  1.40791  1.41605  1.37894
  5183.85      1.9291  1.39422  1.39982  1.40733  1.41606  1.37896
  5182.35      1.9296  1.39410  1.39969  1.40720  1.41606  1.37899
  5180.85      1.9302  1.39431  1.39990  1.40741  1.41588  1.37902
  5179.35      1.9307  1.39453  1.40013  1.40764  1.41559  1.37905
  5177.85      1.9313  1.39454  1.40014  1.40765  1.41551  1.37908
  5176.35      1.9319  1.39439  1.39999  1.40750  1.41567  1.37910
  5174.85      1.9324  1.39439  1.39999  1.40750  1.41604  1.37911
  5173.35      1.9330  1.39443  1.40003  1.40754  1.41640  1.37910
  5171.85      1.9335  1.39441  1.40002  1.40753  1.41645  1.37908
  5170.35      1.9341  1.39426  1.39987  1.40737  1.41628  1.37906
  5168.85      1.9347  1.39430  1.39990  1.40741  1.41617  1.37904
  5167.35      1.9352  1.39447  1.40008  1.40759  1.41620  1.37903
  5165.85      1.9358  1.39465  1.40026  1.40778  1.41629  1.37901
  5164.35      1.9364  1.39469  1.40030  1.40781  1.41626  1.37899
  5162.85      1.9369  1.39449  1.40010  1.40761  1.41600  1.37899
  5161.35      1.9375  1.39427  1.39988  1.40739  1.41575  1.37900
  5159.85      1.9380  1.39420  1.39981  1.40731  1.41575  1.37901
  5158.35      1.9386  1.39430  1.39991  1.40742  1.41594  1.37902
  5156.85      1.9392  1.39437  1.39998  1.40749  1.41610  1.37902
  5155.35      1.9397  1.39432  1.39994  1.40744  1.41615  1.37903
  5153.85      1.9403  1.39421  1.39980  1.40730  1.41603  1.37903
  5152.35      1.9409  1.39423  1.39974  1.40723  1.41575  1.37904
  5150.85      1.9414  1.39430  1.39983  1.40731  1.41554  1.37905
  5149.35      1.9420  1.39431  1.39913  1.40689  1.41562  1.37905
  5147.85      1.9426  1.39426  1.39905  1.40707  1.41590  1.37906
  5146.35      1.9431  1.39433  1.39896  1.40714  1.41597  1.37906
  5144.85      1.9437  1.39436  1.39901  1.40700  1.41570  1.37906
  5143.35      1.9443  1.39430  1.39911  1.40688  1.41553  1.37906
  5141.85      1.9448  1.39423  1.39918  1.40689  1.41549  1.37906
  5140.35      1.9454  1.39430  1.39929  1.40693  1.41538  1.37905
  5138.84      1.9460  1.39445  1.39942  1.40690  1.41535  1.37903
  5137.34      1.9465  1.39461  1.39950  1.40679  1.41560  1.37900
  5135.84      1.9471  1.39471  1.39951  1.40662  1.41591  1.37898
  5134.34      1.9477  1.39474  1.39927  1.40650  1.41595  1.37895
  5132.84      1.9482  1.39465  1.39889  1.40655  1.41556  1.37894
  5131.34      1.9488  1.39444  1.39871  1.40669  1.41502  1.37893
  5129.84      1.9494  1.39420  1.39877  1.40681  1.41472  1.37892
  5128.34      1.9499  1.39413  1.39897  1.40692  1.41471  1.37891
  5126.84      1.9505  1.39424  1.39915  1.40691  1.41479  1.37891
  5125.34      1.9511  1.39433  1.39893  1.40685  1.41480  1.37890
  5123.84      1.9517  1.39427  1.39849  1.40683  1.41491  1.37888
  5122.34      1.9522  1.39424  1.39828  1.40676  1.41530  1.37885
  5120.84      1.9528  1.39422  1.39839  1.40661  1.41581  1.37880
  5119.34      1.9534  1.39407  1.39856  1.40647  1.41617  1.37875
  5117.84      1.9539  1.39396  1.39871  1.40639  1.41620  1.37870
  5116.34      1.9545  1.39401  1.39877  1.40638  1.41588  1.37865
  5114.84      1.9551  1.39409  1.39857  1.40645  1.41548  1.37861
  5113.34      1.9557  1.39408  1.39830  1.40644  1.41527  1.37857
  5111.84      1.9562  1.39400  1.39835  1.40633  1.41509  1.37856
  5110.34      1.9568  1.39386  1.39852  1.40633  1.41495  1.37856
  5108.84      1.9574  1.39372  1.39846  1.40654  1.41520  1.37859
  5107.34      1.9580  1.39374  1.39838  1.40672  1.41553  1.37861
  5105.84      1.9585  1.39390  1.39859  1.40665  1.41546  1.37864
  5104.34      1.9591  1.39402  1.39877  1.40643  1.41505  1.37867
  5102.84      1.9597  1.39395  1.39856  1.40625  1.41486  1.37869
  5101.34      1.9603  1.39378  1.39824  1.40624  1.41505  1.37870
  5099.84      1.9608  1.39363  1.39826  1.40644  1.41526  1.37870
  5098.34      1.9614  1.39355  1.39850  1.40672  1.41508  1.37867
  5096.84      1.9620  1.39366  1.39855  1.40687  1.41487  1.37863
  5095.34      1.9626  1.39394  1.39845  1.40674  1.41501  1.37859
  5093.84      1.9632  1.39413  1.39820  1.40637  1.41515  1.37854
  5092.34      1.9637  1.39411  1.39793  1.40615  1.41511  1.37849
  5090.84      1.9643  1.39400  1.39792  1.40618  1.41512  1.37845
  5089.34      1.9649  1.39383  1.39805  1.40612  1.41508  1.37840
  5087.84      1.9655  1.39363  1.39815  1.40604  1.41493  1.37836
  5086.34      1.9660  1.39347  1.39821  1.40617  1.41470  1.37832
  5084.84      1.9666  1.39348  1.39825  1.40635  1.41456  1.37830
  5083.34      1.9672  1.39363  1.39840  1.40633  1.41462  1.37828
  5081.84      1.9678  1.39370  1.39845  1.40619  1.41472  1.37827
  5080.34      1.9684  1.39365  1.39808  1.40605  1.41469  1.37827
  5078.84      1.9690  1.39361  1.39777  1.40596  1.41461  1.37827
  5077.34      1.9695  1.39353  1.39795  1.40599  1.41454  1.37829
  5075.84      1.9701  1.39331  1.39823  1.40608  1.41455  1.37832
  5074.34      1.9707  1.39313  1.39820  1.40599  1.41458  1.37834
  5072.84      1.9713  1.39310  1.39786  1.40565  1.41438  1.37836
  5071.34      1.9719  1.39314  1.39745  1.40531  1.41410  1.37836
  5069.84      1.9724  1.39314  1.39728  1.40528  1.41402  1.37835
  5068.34      1.9730  1.39318  1.39745  1.40562  1.41414  1.37832
  5066.84      1.9736  1.39328  1.39776  1.40600  1.41430  1.37826
  5065.34      1.9742  1.39328  1.39792  1.40607  1.41439  1.37819
  5063.84      1.9748  1.39314  1.39785  1.40592  1.41430  1.37810
  5062.34      1.9754  1.39304  1.39762  1.40573  1.41411  1.37801
  5060.84      1.9760  1.39307  1.39755  1.40552  1.41394  1.37794
  5059.34      1.9765  1.39304  1.39770  1.40548  1.41397  1.37786
  5057.84      1.9771  1.39292  1.39794  1.40573  1.41416  1.37781
  5056.34      1.9777  1.39285  1.39796  1.40587  1.41431  1.37777
  5054.84      1.9783  1.39283  1.39780  1.40570  1.41439  1.37775
  5053.34      1.9789  1.39270  1.39765  1.40549  1.41445  1.37773
  5051.84      1.9795  1.39256  1.39759  1.40550  1.41439  1.37773
  5050.34      1.9801  1.39257  1.39750  1.40558  1.41425  1.37772
  5048.84      1.9807  1.39264  1.39746  1.40553  1.41413  1.37772
  5047.34      1.9812  1.39277  1.39747  1.40546  1.41416  1.37771
  5045.84      1.9818  1.39291  1.39753  1.40551  1.41428  1.37770
  5044.34      1.9824  1.39286  1.39755  1.40561  1.41418  1.37768
  5042.84      1.9830  1.39263  1.39744  1.40554  1.41377  1.37766
  5041.34      1.9836  1.39248  1.39736  1.40530  1.41346  1.37765
  5039.84      1.9842  1.39252  1.39735  1.40497  1.41360  1.37763
  5038.34      1.9848  1.39265  1.39734  1.40465  1.41392  1.37763
  5036.84      1.9854  1.39280  1.39734  1.40463  1.41407  1.37762
  5035.34      1.9860  1.39296  1.39732  1.40494  1.41406  1.37760
  5033.84      1.9866  1.39297  1.39716  1.40524  1.41409  1.37758
  5032.34      1.9871  1.39278  1.39697  1.40528  1.41411  1.37755
  5030.84      1.9877  1.39267  1.39698  1.40520  1.41407  1.37754
  5029.34      1.9883  1.39281  1.39706  1.40517  1.41392  1.37752
  5027.84      1.9889  1.39294  1.39703  1.40517  1.41365  1.37750
  5026.34      1.9895  1.39280  1.39694  1.40515  1.41338  1.37747
  5024.84      1.9901  1.39253  1.39695  1.40518  1.41342  1.37744
  5023.34      1.9907  1.39238  1.39701  1.40517  1.41369  1.37742
  5021.84      1.9913  1.39239  1.39697  1.40505  1.41384  1.37740
  5020.34      1.9919  1.39225  1.39692  1.40498  1.41386  1.37738
  5018.84      1.9925  1.39201  1.39695  1.40499  1.41384  1.37736
  5017.34      1.9931  1.39198  1.39703  1.40500  1.41372  1.37733
  5015.84      1.9937  1.39203  1.39716  1.40508  1.41355  1.37730
  5014.34      1.9943  1.39192  1.39715  1.40511  1.41341  1.37728
  5012.84      1.9949  1.39184  1.39692  1.40499  1.41332  1.37726
  5011.34      1.9955  1.39205  1.39689  1.40486  1.41333  1.37724
  5009.84      1.9961  1.39241  1.39714  1.40478  1.41334  1.37720
  5008.34      1.9967  1.39250  1.39721  1.40469  1.41313  1.37718
  5006.83      1.9973  1.39230  1.39707  1.40459  1.41289  1.37714
  5005.33      1.9979  1.39217  1.39695  1.40459  1.41281  1.37710
  5003.83      1.9985  1.39220  1.39692  1.40458  1.41280  1.37704
  5002.33      1.9991  1.39215  1.39695  1.40444  1.41281  1.37699
  5000.83      1.9997  1.39201  1.39696  1.40419  1.41294  1.37692
  4999.33      2.0003  1.39204  1.39690  1.40404  1.41299  1.37686
  4997.83      2.0009  1.39214  1.39689  1.40410  1.41292  1.37681
  4996.33      2.0015  1.39206  1.39684  1.40421  1.41288  1.37678
  4994.83      2.0021  1.39193  1.39671  1.40425  1.41273  1.37677
  4993.33      2.0027  1.39188  1.39662  1.40423  1.41236  1.37678
  4991.83      2.0033  1.39180  1.39669  1.40417  1.41204  1.37679
  4990.33      2.0039  1.39167  1.39680  1.40420  1.41206  1.37681
  4988.83      2.0045  1.39162  1.39682  1.40431  1.41238  1.37684
  4987.33      2.0051  1.39168  1.39673  1.40433  1.41263  1.37685
  4985.83      2.0057  1.39174  1.39656  1.40436  1.41269  1.37687
  4984.33      2.0063  1.39173  1.39649  1.40447  1.41272  1.37686
  4982.83      2.0069  1.39164  1.39650  1.40447  1.41272  1.37683
  4981.33      2.0075  1.39156  1.39643  1.40431  1.41251  1.37680
  4979.83      2.0081  1.39152  1.39641  1.40409  1.41223  1.37676
  4978.33      2.0087  1.39149  1.39645  1.40395  1.41209  1.37672
  4976.83      2.0093  1.39150  1.39644  1.40396  1.41206  1.37668
  4975.33      2.0099  1.39152  1.39630  1.40407  1.41194  1.37662
  4973.83      2.0105  1.39150  1.39617  1.40421  1.41180  1.37657
  4972.33      2.0111  1.39143  1.39614  1.40422  1.41183  1.37651
  4970.83      2.0117  1.39133  1.39621  1.40402  1.41201  1.37646
  4969.33      2.0123  1.39127  1.39630  1.40395  1.41218  1.37640
  4967.83      2.0130  1.39130  1.39622  1.40409  1.41233  1.37633
  4966.33      2.0136  1.39136  1.39602  1.40395  1.41238  1.37625
  4964.83      2.0142  1.39131  1.39602  1.40371  1.41225  1.37618
  4963.33      2.0148  1.39121  1.39610  1.40385  1.41204  1.37611
  4961.83      2.0154  1.39117  1.39610  1.40399  1.41196  1.37605
  4960.33      2.0160  1.39122  1.39616  1.40370  1.41203  1.37601
  4958.83      2.0166  1.39130  1.39620  1.40336  1.41216  1.37597
  4957.33      2.0172  1.39132  1.39609  1.40338  1.41222  1.37594
  4955.83      2.0178  1.39121  1.39606  1.40347  1.41223  1.37594
  4954.33      2.0184  1.39112  1.39614  1.40339  1.41219  1.37594
  4952.83      2.0190  1.39125  1.39611  1.40338  1.41205  1.37595
  4951.33      2.0197  1.39139  1.39605  1.40373  1.41182  1.37596
  4949.83      2.0203  1.39124  1.39605  1.40398  1.41170  1.37596
  4948.33      2.0209  1.39091  1.39600  1.40370  1.41181  1.37596
  4946.83      2.0215  1.39068  1.39590  1.40337  1.41195  1.37595
  4945.33      2.0221  1.39063  1.39593  1.40335  1.41199  1.37593
  4943.83      2.0227  1.39066  1.39603  1.40338  1.41212  1.37588
  4942.33      2.0233  1.39072  1.39594  1.40331  1.41230  1.37583
  4940.83      2.0240  1.39075  1.39576  1.40313  1.41216  1.37576
  4939.33      2.0246  1.39076  1.39557  1.40298  1.41187  1.37569
  4937.83      2.0252  1.39074  1.39540  1.40298  1.41182  1.37563
  4936.33      2.0258  1.39077  1.39537  1.40305  1.41186  1.37556
  4934.83      2.0264  1.39088  1.39550  1.40302  1.41186  1.37550
  4933.33      2.0270  1.39089  1.39558  1.40287  1.41194  1.37546
  4931.83      2.0276  1.39072  1.39553  1.40272  1.41198  1.37541
  4930.33      2.0283  1.39052  1.39551  1.40270  1.41166  1.37540
  4928.83      2.0289  1.39038  1.39548  1.40284  1.41126  1.37538
  4927.33      2.0295  1.39041  1.39537  1.40302  1.41120  1.37538
  4925.83      2.0301  1.39058  1.39511  1.40308  1.41132  1.37537
  4924.33      2.0307  1.39066  1.39487  1.40302  1.41143  1.37536
  4922.83      2.0314  1.39057  1.39490  1.40293  1.41146  1.37533
  4921.33      2.0320  1.39045  1.39509  1.40276  1.41139  1.37530
  4919.83      2.0326  1.39030  1.39522  1.40253  1.41134  1.37527
  4918.33      2.0332  1.39012  1.39520  1.40231  1.41134  1.37523
  4916.83      2.0338  1.38995  1.39510  1.40219  1.41126  1.37520
  4915.33      2.0345  1.38985  1.39506  1.40223  1.41097  1.37515
  4913.83      2.0351  1.38987  1.39496  1.40249  1.41075  1.37512
  4912.33      2.0357  1.38991  1.39480  1.40267  1.41083  1.37508
  4910.83      2.0363  1.38991  1.39474  1.40251  1.41108  1.37504
  4909.33      2.0369  1.38995  1.39475  1.40223  1.41124  1.37500
  4907.83      2.0376  1.39001  1.39478  1.40202  1.41135  1.37495
  4906.33      2.0382  1.38990  1.39481  1.40194  1.41131  1.37490
  4904.83      2.0388  1.38970  1.39477  1.40196  1.41106  1.37483
  4903.33      2.0394  1.38960  1.39472  1.40210  1.41073  1.37476
  4901.83      2.0401  1.38956  1.39471  1.40226  1.41051  1.37468
  4900.33      2.0407  1.38957  1.39467  1.40228  1.41033  1.37461
  4898.83      2.0413  1.38966  1.39448  1.40215  1.41026  1.37454
  4897.33      2.0419  1.38974  1.39422  1.40206  1.41041  1.37447
  4895.83      2.0426  1.38978  1.39417  1.40207  1.41053  1.37442
  4894.33      2.0432  1.38981  1.39438  1.40199  1.41032  1.37436
  4892.83      2.0438  1.38984  1.39452  1.40177  1.41008  1.37433
  4891.33      2.0444  1.38983  1.39446  1.40162  1.41015  1.37431
  4889.83      2.0451  1.38971  1.39429  1.40177  1.41030  1.37430
  4888.33      2.0457  1.38948  1.39417  1.40195  1.41022  1.37429
  4886.83      2.0463  1.38935  1.39415  1.40184  1.41003  1.37429
  4885.33      2.0469  1.38939  1.39419  1.40155  1.40989  1.37428
  4883.83      2.0476  1.38943  1.39425  1.40130  1.40995  1.37428
  4882.33      2.0482  1.38943  1.39423  1.40120  1.41014  1.37426
  4880.83      2.0488  1.38938  1.39414  1.40126  1.41028  1.37423
  4879.33      2.0495  1.38935  1.39405  1.40131  1.41026  1.37417
  4877.83      2.0501  1.38938  1.39396  1.40119  1.41002  1.37412
  4876.33      2.0507  1.38942  1.39381  1.40100  1.40982  1.37407
  4874.83      2.0514  1.38937  1.39361  1.40108  1.40985  1.37402
  4873.33      2.0520  1.38926  1.39342  1.40133  1.40984  1.37398
  4871.83      2.0526  1.38927  1.39354  1.40131  1.40960  1.37393
  4870.32      2.0533  1.38939  1.39397  1.40108  1.40945  1.37390
  4868.82      2.0539  1.38937  1.39430  1.40107  1.40949  1.37387
  4867.32      2.0545  1.38920  1.39436  1.40116  1.40951  1.37384
  4865.82      2.0552  1.38914  1.39418  1.40101  1.40939  1.37382
  4864.32      2.0558  1.38917  1.39393  1.40082  1.40923  1.37379
  4862.82      2.0564  1.38912  1.39381  1.40077  1.40920  1.37374
  4861.32      2.0571  1.38902  1.39386  1.40076  1.40932  1.37369
  4859.82      2.0577  1.38895  1.39386  1.40073  1.40939  1.37362
  4858.32      2.0583  1.38895  1.39371  1.40074  1.40933  1.37355
  4856.82      2.0590  1.38896  1.39362  1.40088  1.40921  1.37348
  4855.32      2.0596  1.38892  1.39358  1.40105  1.40908  1.37342
  4853.82      2.0602  1.38885  1.39332  1.40096  1.40888  1.37334
  4852.32      2.0609  1.38880  1.39303  1.40069  1.40874  1.37329
  4850.82      2.0615  1.38883  1.39320  1.40062  1.40877  1.37324
  4849.32      2.0621  1.38886  1.39375  1.40072  1.40885  1.37318
  4847.82      2.0628  1.38878  1.39402  1.40067  1.40886  1.37313
  4846.32      2.0634  1.38859  1.39380  1.40055  1.40880  1.37310
  4844.82      2.0641  1.38842  1.39334  1.40050  1.40869  1.37305
  4843.32      2.0647  1.38837  1.39306  1.40053  1.40864  1.37301
  4841.82      2.0653  1.38841  1.39300  1.40051  1.40854  1.37298
  4840.32      2.0660  1.38837  1.39299  1.40035  1.40826  1.37294
  4838.82      2.0666  1.38826  1.39319  1.40014  1.40823  1.37292
  4837.32      2.0673  1.38817  1.39350  1.40002  1.40845  1.37289
  4835.82      2.0679  1.38815  1.39346  1.39994  1.40851  1.37287
  4834.32      2.0685  1.38821  1.39307  1.39986  1.40848  1.37285
  4832.82      2.0692  1.38833  1.39272  1.39988  1.40848  1.37283
  4831.32      2.0698  1.38833  1.39266  1.39998  1.40850  1.37280
  4829.82      2.0705  1.38817  1.39269  1.40012  1.40851  1.37278
  4828.32      2.0711  1.38809  1.39264  1.40023  1.40846  1.37274
  4826.82      2.0718  1.38817  1.39263  1.40018  1.40843  1.37268
  4825.32      2.0724  1.38820  1.39269  1.40005  1.40846  1.37262
  4823.82      2.0730  1.38805  1.39269  1.40013  1.40838  1.37256
  4822.32      2.0737  1.38788  1.39267  1.40035  1.40809  1.37249
  4820.82      2.0743  1.38775  1.39267  1.40039  1.40788  1.37241
  4819.32      2.0750  1.38768  1.39251  1.40015  1.40790  1.37233
  4817.82      2.0756  1.38762  1.39231  1.39979  1.40804  1.37226
  4816.32      2.0763  1.38765  1.39227  1.39951  1.40808  1.37220
  4814.82      2.0769  1.38777  1.39225  1.39950  1.40799  1.37215
  4813.32      2.0776  1.38784  1.39228  1.39961  1.40782  1.37210
  4811.82      2.0782  1.38784  1.39237  1.39958  1.40761  1.37206
  4810.32      2.0789  1.38788  1.39228  1.39940  1.40746  1.37202
  4808.82      2.0795  1.38787  1.39209  1.39920  1.40735  1.37199
  4807.32      2.0802  1.38768  1.39211  1.39898  1.40721  1.37196
  4805.82      2.0808  1.38747  1.39220  1.39888  1.40709  1.37193
  4804.32      2.0815  1.38739  1.39231  1.39902  1.40719  1.37190
  4802.82      2.0821  1.38738  1.39251  1.39916  1.40752  1.37186
  4801.32      2.0828  1.38737  1.39265  1.39911  1.40777  1.37183
  4799.82      2.0834  1.38738  1.39251  1.39912  1.40774  1.37179
  4798.32      2.0841  1.38745  1.39225  1.39930  1.40756  1.37174
  4796.82      2.0847  1.38738  1.39204  1.39929  1.40740  1.37170
  4795.32      2.0854  1.38701  1.39182  1.39902  1.40730  1.37164
  4793.82      2.0860  1.38675  1.39171  1.39894  1.40731  1.37159
  4792.32      2.0867  1.38683  1.39179  1.39912  1.40748  1.37153
  4790.82      2.0873  1.38700  1.39180  1.39908  1.40753  1.37148
  4789.32      2.0880  1.38702  1.39159  1.39879  1.40729  1.37143
  4787.82      2.0886  1.38704  1.39144  1.39862  1.40699  1.37139
  4786.32      2.0893  1.38710  1.39157  1.39860  1.40679  1.37134
  4784.82      2.0899  1.38704  1.39160  1.39865  1.40675  1.37130
  4783.32      2.0906  1.38691  1.39132  1.39876  1.40673  1.37126
  4781.82      2.0913  1.38680  1.39099  1.39881  1.40657  1.37123
  4780.32      2.0919  1.38667  1.39086  1.39872  1.40649  1.37120
  4778.82      2.0926  1.38660  1.39094  1.39864  1.40656  1.37117
  4777.32      2.0932  1.38659  1.39115  1.39863  1.40653  1.37113
  4775.82      2.0939  1.38655  1.39137  1.39863  1.40635  1.37109
  4774.32      2.0945  1.38658  1.39129  1.39858  1.40628  1.37105
  4772.82      2.0952  1.38664  1.39087  1.39849  1.40643  1.37101
  4771.32      2.0959  1.38656  1.39058  1.39838  1.40659  1.37097
  4769.82      2.0965  1.38640  1.39063  1.39823  1.40653  1.37093
  4768.32      2.0972  1.38638  1.39075  1.39811  1.40638  1.37090
  4766.82      2.0978  1.38647  1.39091  1.39813  1.40637  1.37088
  4765.32      2.0985  1.38653  1.39112  1.39821  1.40636  1.37086
  4763.82      2.0992  1.38649  1.39127  1.39841  1.40629  1.37084
  4762.32      2.0998  1.38647  1.39120  1.39860  1.40635  1.37082
  4760.82      2.1005  1.38650  1.39104  1.39853  1.40650  1.37082
  4759.32      2.1011  1.38651  1.39097  1.39833  1.40654  1.37081
  4757.82      2.1018  1.38654  1.39098  1.39825  1.40646  1.37081
  4756.32      2.1025  1.38655  1.39099  1.39824  1.40641  1.37080
  4754.82      2.1031  1.38649  1.39093  1.39823  1.40643  1.37079
  4753.32      2.1038  1.38648  1.39082  1.39818  1.40639  1.37079
  4751.82      2.1045  1.38652  1.39075  1.39815  1.40623  1.37078
  4750.32      2.1051  1.38649  1.39075  1.39810  1.40609  1.37077
  4748.82      2.1058  1.38639  1.39084  1.39802  1.40613  1.37075
  4747.32      2.1065  1.38630  1.39099  1.39804  1.40620  1.37073
  4745.82      2.1071  1.38626  1.39114  1.39816  1.40616  1.37071
  4744.32      2.1078  1.38628  1.39119  1.39811  1.40613  1.37069
  4742.82      2.1085  1.38632  1.39117  1.39793  1.40622  1.37065
  4741.32      2.1091  1.38630  1.39111  1.39786  1.40636  1.37062
  4739.82      2.1098  1.38628  1.39104  1.39791  1.40641  1.37059
  4738.31      2.1105  1.38635  1.39099  1.39790  1.40630  1.37056
  4736.81      2.1111  1.38640  1.39093  1.39779  1.40613  1.37053
  4735.31      2.1118  1.38632  1.39079  1.39767  1.40608  1.37049
  4733.81      2.1125  1.38611  1.39067  1.39768  1.40608  1.37046
  4732.31      2.1131  1.38593  1.39055  1.39780  1.40608  1.37042
  4730.81      2.1138  1.38588  1.39038  1.39794  1.40612  1.37038
  4729.31      2.1145  1.38592  1.39034  1.39807  1.40612  1.37034
  4727.81      2.1151  1.38592  1.39044  1.39819  1.40595  1.37031
  4726.31      2.1158  1.38590  1.39051  1.39818  1.40575  1.37027
  4724.81      2.1165  1.38591  1.39055  1.39796  1.40564  1.37024
  4723.31      2.1172  1.38593  1.39060  1.39765  1.40568  1.37021
  4721.81      2.1178  1.38587  1.39055  1.39750  1.40570  1.37018
  4720.31      2.1185  1.38570  1.39041  1.39748  1.40566  1.37014
  4718.81      2.1192  1.38561  1.39033  1.39752  1.40571  1.37010
  4717.31      2.1199  1.38571  1.39024  1.39750  1.40576  1.37004
  4715.81      2.1205  1.38585  1.39013  1.39744  1.40579  1.36999
  4714.31      2.1212  1.38576  1.39011  1.39726  1.40578  1.36994
  4712.81      2.1219  1.38559  1.39003  1.39700  1.40562  1.36988
  4711.31      2.1226  1.38547  1.38973  1.39680  1.40533  1.36983
  4709.81      2.1232  1.38546  1.38948  1.39683  1.40511  1.36978
  4708.31      2.1239  1.38547  1.38954  1.39694  1.40504  1.36974
  4706.81      2.1246  1.38544  1.38979  1.39691  1.40499  1.36970
  4705.31      2.1253  1.38547  1.38998  1.39680  1.40487  1.36966
  4703.81      2.1259  1.38551  1.39004  1.39673  1.40461  1.36962
  4702.31      2.1266  1.38545  1.38990  1.39676  1.40460  1.36958
  4700.81      2.1273  1.38529  1.38957  1.39674  1.40491  1.36952
  4699.31      2.1280  1.38509  1.38928  1.39663  1.40513  1.36946
  4697.81      2.1287  1.38493  1.38929  1.39659  1.40497  1.36941
  4696.31      2.1293  1.38487  1.38938  1.39659  1.40472  1.36936
  4694.81      2.1300  1.38488  1.38934  1.39653  1.40462  1.36931
  4693.31      2.1307  1.38485  1.38928  1.39642  1.40446  1.36928
  4691.81      2.1314  1.38483  1.38939  1.39631  1.40429  1.36925
  4690.31      2.1321  1.38483  1.38949  1.39625  1.40433  1.36922
  4688.81      2.1327  1.38485  1.38944  1.39628  1.40450  1.36918
  4687.31      2.1334  1.38482  1.38927  1.39636  1.40443  1.36916
  4685.81      2.1341  1.38476  1.38910  1.39649  1.40424  1.36912
  4684.31      2.1348  1.38475  1.38902  1.39656  1.40424  1.36909
  4682.81      2.1355  1.38485  1.38894  1.39644  1.40444  1.36905
  4681.31      2.1362  1.38494  1.38882  1.39617  1.40446  1.36901
  4679.81      2.1368  1.38480  1.38877  1.39586  1.40422  1.36897
  4678.31      2.1375  1.38449  1.38867  1.39566  1.40399  1.36892
  4676.81      2.1382  1.38423  1.38841  1.39568  1.40395  1.36887
  4675.31      2.1389  1.38409  1.38815  1.39580  1.40416  1.36883
  4673.81      2.1396  1.38401  1.38814  1.39577  1.40428  1.36878
  4672.31      2.1403  1.38399  1.38828  1.39569  1.40399  1.36872
  4670.81      2.1410  1.38400  1.38842  1.39574  1.40359  1.36867
  4669.31      2.1416  1.38407  1.38858  1.39581  1.40344  1.36862
  4667.81      2.1423  1.38412  1.38864  1.39571  1.40339  1.36856
  4666.31      2.1430  1.38412  1.38841  1.39557  1.40330  1.36851
  4664.81      2.1437  1.38409  1.38802  1.39552  1.40339  1.36847
  4663.31      2.1444  1.38406  1.38787  1.39539  1.40353  1.36843
  4661.81      2.1451  1.38394  1.38788  1.39518  1.40354  1.36839
  4660.31      2.1458  1.38382  1.38780  1.39506  1.40347  1.36836
  4658.81      2.1465  1.38380  1.38768  1.39503  1.40336  1.36833
  4657.31      2.1472  1.38382  1.38758  1.39496  1.40313  1.36830
  4655.81      2.1479  1.38373  1.38750  1.39494  1.40291  1.36826
  4654.31      2.1485  1.38359  1.38751  1.39502  1.40287  1.36821
  4652.81      2.1492  1.38349  1.38745  1.39501  1.40289  1.36817
  4651.31      2.1499  1.38342  1.38728  1.39478  1.40290  1.36810
  4649.81      2.1506  1.38334  1.38709  1.39443  1.40288  1.36803
  4648.31      2.1513  1.38327  1.38707  1.39421  1.40278  1.36795
  4646.81      2.1520  1.38322  1.38716  1.39425  1.40260  1.36786
  4645.31      2.1527  1.38317  1.38721  1.39429  1.40246  1.36779
  4643.81      2.1534  1.38318  1.38720  1.39420  1.40245  1.36771
  4642.31      2.1541  1.38309  1.38720  1.39396  1.40247  1.36763
  4640.81      2.1548  1.38289  1.38731  1.39379  1.40236  1.36756
  4639.31      2.1555  1.38274  1.38742  1.39390  1.40221  1.36750
  4637.81      2.1562  1.38265  1.38728  1.39408  1.40219  1.36743
  4636.31      2.1569  1.38255  1.38686  1.39405  1.40222  1.36737
  4634.81      2.1576  1.38251  1.38644  1.39394  1.40212  1.36731
  4633.31      2.1583  1.38263  1.38626  1.39386  1.40191  1.36726
  4631.81      2.1590  1.38280  1.38633  1.39374  1.40169  1.36721
  4630.31      2.1597  1.38279  1.38645  1.39360  1.40151  1.36717
  4628.81      2.1604  1.38257  1.38651  1.39348  1.40145  1.36711
  4627.31      2.1611  1.38231  1.38652  1.39338  1.40147  1.36705
  4625.81      2.1618  1.38212  1.38657  1.39334  1.40148  1.36699
  4624.31      2.1625  1.38200  1.38665  1.39326  1.40143  1.36692
  4622.81      2.1632  1.38195  1.38654  1.39327  1.40145  1.36685
  4621.31      2.1639  1.38196  1.38626  1.39342  1.40155  1.36678
  4619.81      2.1646  1.38190  1.38618  1.39336  1.40160  1.36670
  4618.31      2.1653  1.38179  1.38634  1.39305  1.40144  1.36663
  4616.81      2.1660  1.38169  1.38631  1.39292  1.40112  1.36658
  4615.31      2.1667  1.38157  1.38603  1.39309  1.40075  1.36652
  4613.81      2.1674  1.38144  1.38568  1.39317  1.40048  1.36647
  4612.31      2.1681  1.38137  1.38541  1.39288  1.40043  1.36642
  4610.81      2.1688  1.38127  1.38537  1.39264  1.40055  1.36636
  4609.31      2.1695  1.38106  1.38543  1.39274  1.40059  1.36630
  4607.81      2.1702  1.38089  1.38544  1.39281  1.40049  1.36624
  4606.31      2.1709  1.38089  1.38535  1.39258  1.40037  1.36617
  4604.81      2.1716  1.38099  1.38524  1.39235  1.40034  1.36610
  4603.31      2.1724  1.38111  1.38512  1.39230  1.40042  1.36601
  4601.80      2.1731  1.38110  1.38494  1.39224  1.40049  1.36593
  4600.30      2.1738  1.38090  1.38480  1.39223  1.40040  1.36584
  4598.80      2.1745  1.38075  1.38467  1.39221  1.40026  1.36575
  4597.30      2.1752  1.38079  1.38457  1.39204  1.40027  1.36568
  4595.80      2.1759  1.38084  1.38458  1.39184  1.40036  1.36560
  4594.30      2.1766  1.38084  1.38466  1.39172  1.40037  1.36554
  4592.80      2.1773  1.38081  1.38466  1.39158  1.40030  1.36548
  4591.30      2.1780  1.38068  1.38465  1.39146  1.40016  1.36542
  4589.80      2.1787  1.38051  1.38467  1.39147  1.39997  1.36538
  4588.30      2.1795  1.38040  1.38467  1.39150  1.39976  1.36533
  4586.80      2.1802  1.38037  1.38455  1.39140  1.39969  1.36528
  4585.30      2.1809  1.38033  1.38433  1.39139  1.39971  1.36524
  4583.80      2.1816  1.38026  1.38418  1.39151  1.39966  1.36518
  4582.30      2.1823  1.38020  1.38426  1.39142  1.39956  1.36511
  4580.80      2.1830  1.38013  1.38439  1.39111  1.39948  1.36503
  4579.30      2.1837  1.37998  1.38438  1.39090  1.39939  1.36495
  4577.80      2.1845  1.37981  1.38420  1.39083  1.39929  1.36486
  4576.30      2.1852  1.37980  1.38393  1.39078  1.39925  1.36477
  4574.80      2.1859  1.37986  1.38373  1.39083  1.39931  1.36469
  4573.30      2.1866  1.37981  1.38373  1.39098  1.39932  1.36461
  4571.80      2.1873  1.37966  1.38374  1.39101  1.39921  1.36455
  4570.30      2.1880  1.37952  1.38366  1.39089  1.39905  1.36450
  4568.80      2.1888  1.37942  1.38357  1.39074  1.39887  1.36445
  4567.30      2.1895  1.37938  1.38350  1.39053  1.39875  1.36442
  4565.80      2.1902  1.37936  1.38346  1.39030  1.39868  1.36438
  4564.30      2.1909  1.37933  1.38335  1.39027  1.39862  1.36433
  4562.80      2.1916  1.37937  1.38324  1.39034  1.39868  1.36428
  4561.30      2.1924  1.37943  1.38326  1.39028  1.39878  1.36422
  4559.80      2.1931  1.37941  1.38335  1.39012  1.39866  1.36417
  4558.30      2.1938  1.37932  1.38324  1.39000  1.39834  1.36410
  4556.80      2.1945  1.37921  1.38296  1.39001  1.39816  1.36404
  4555.30      2.1952  1.37907  1.38274  1.39016  1.39821  1.36399
  4553.80      2.1960  1.37897  1.38279  1.39026  1.39829  1.36395
  4552.30      2.1967  1.37898  1.38302  1.39006  1.39820  1.36390
  4550.80      2.1974  1.37905  1.38324  1.38980  1.39799  1.36386
  4549.30      2.1981  1.37896  1.38320  1.38980  1.39782  1.36383
  4547.80      2.1989  1.37869  1.38289  1.38985  1.39786  1.36379
  4546.30      2.1996  1.37844  1.38254  1.38967  1.39800  1.36375
  4544.80      2.2003  1.37840  1.38249  1.38941  1.39804  1.36372
  4543.30      2.2010  1.37847  1.38254  1.38934  1.39797  1.36367
  4541.80      2.2018  1.37839  1.38247  1.38938  1.39779  1.36361
  4540.30      2.2025  1.37827  1.38246  1.38935  1.39764  1.36356
  4538.80      2.2032  1.37825  1.38251  1.38934  1.39755  1.36348
  4537.30      2.2040  1.37822  1.38246  1.38947  1.39746  1.36342
  4535.80      2.2047  1.37812  1.38243  1.38953  1.39739  1.36335
  4534.30      2.2054  1.37804  1.38249  1.38942  1.39736  1.36327
  4532.80      2.2061  1.37806  1.38245  1.38933  1.39722  1.36319
  4531.30      2.2069  1.37814  1.38230  1.38940  1.39703  1.36312
  4529.80      2.2076  1.37817  1.38219  1.38945  1.39704  1.36306
  4528.30      2.2083  1.37804  1.38213  1.38935  1.39720  1.36300
  4526.80      2.2091  1.37785  1.38206  1.38916  1.39725  1.36295
  4525.30      2.2098  1.37777  1.38208  1.38895  1.39713  1.36289
  4523.80      2.2105  1.37781  1.38215  1.38874  1.39699  1.36284
  4522.30      2.2113  1.37788  1.38211  1.38850  1.39691  1.36280
  4520.80      2.2120  1.37780  1.38200  1.38832  1.39692  1.36276
  4519.30      2.2127  1.37760  1.38187  1.38824  1.39695  1.36271
  4517.80      2.2135  1.37745  1.38169  1.38823  1.39694  1.36266
  4516.30      2.2142  1.37747  1.38159  1.38816  1.39685  1.36261
  4514.80      2.2149  1.37752  1.38158  1.38811  1.39679  1.36256
  4513.30      2.2157  1.37754  1.38153  1.38816  1.39673  1.36252
  4511.80      2.2164  1.37754  1.38150  1.38827  1.39656  1.36247
  4510.30      2.2171  1.37742  1.38153  1.38819  1.39642  1.36241
  4508.80      2.2179  1.37722  1.38152  1.38795  1.39640  1.36236
  4507.30      2.2186  1.37711  1.38145  1.38780  1.39642  1.36230
  4505.80      2.2194  1.37713  1.38137  1.38781  1.39628  1.36226
  4504.30      2.2201  1.37713  1.38122  1.38786  1.39608  1.36221
  4502.80      2.2208  1.37703  1.38110  1.38788  1.39592  1.36216
  4501.30      2.2216  1.37691  1.38104  1.38783  1.39571  1.36210
  4499.80      2.2223  1.37678  1.38092  1.38766  1.39558  1.36205
  4498.30      2.2231  1.37658  1.38075  1.38743  1.39562  1.36198
  4496.80      2.2238  1.37635  1.38074  1.38732  1.39569  1.36193
  4495.30      2.2245  1.37621  1.38089  1.38729  1.39569  1.36186
  4493.80      2.2253  1.37627  1.38098  1.38720  1.39561  1.36180
  4492.30      2.2260  1.37637  1.38088  1.38708  1.39550  1.36174
  4490.80      2.2268  1.37633  1.38061  1.38710  1.39550  1.36168
  4489.30      2.2275  1.37624  1.38026  1.38721  1.39563  1.36162
  4487.80      2.2283  1.37624  1.38009  1.38721  1.39567  1.36157
  4486.30      2.2290  1.37627  1.38019  1.38710  1.39544  1.36153
  4484.80      2.2298  1.37627  1.38038  1.38695  1.39513  1.36147
  4483.30      2.2305  1.37625  1.38045  1.38679  1.39502  1.36141
  4481.80      2.2312  1.37616  1.38032  1.38661  1.39511  1.36135
  4480.30      2.2320  1.37602  1.38022  1.38658  1.39518  1.36127
  4478.80      2.2327  1.37592  1.38021  1.38678  1.39509  1.36118
  4477.30      2.2335  1.37594  1.38014  1.38693  1.39495  1.36107
  4475.80      2.2342  1.37601  1.37993  1.38680  1.39482  1.36096
  4474.30      2.2350  1.37592  1.37970  1.38662  1.39480  1.36085
  4472.80      2.2357  1.37572  1.37972  1.38649  1.39482  1.36075
  4471.30      2.2365  1.37563  1.37995  1.38637  1.39476  1.36066
  4469.79      2.2372  1.37564  1.38003  1.38625  1.39466  1.36057
  4468.29      2.2380  1.37566  1.37984  1.38622  1.39451  1.36050
  4466.79      2.2387  1.37565  1.37963  1.38625  1.39430  1.36044
  4465.29      2.2395  1.37555  1.37953  1.38613  1.39411  1.36039
  4463.79      2.2402  1.37542  1.37946  1.38589  1.39409  1.36033
  4462.29      2.2410  1.37530  1.37941  1.38583  1.39422  1.36029
  4460.79      2.2418  1.37520  1.37935  1.38599  1.39422  1.36024
  4459.29      2.2425  1.37512  1.37918  1.38607  1.39400  1.36018
  4457.79      2.2433  1.37507  1.37898  1.38607  1.39384  1.36011
  4456.29      2.2440  1.37504  1.37884  1.38612  1.39378  1.36005
  4454.79      2.2448  1.37504  1.37886  1.38611  1.39376  1.35997
  4453.29      2.2455  1.37500  1.37902  1.38597  1.39374  1.35991
  4451.79      2.2463  1.37484  1.37916  1.38577  1.39371  1.35983
  4450.29      2.2470  1.37472  1.37903  1.38556  1.39370  1.35974
  4448.79      2.2478  1.37469  1.37870  1.38544  1.39369  1.35967
  4447.29      2.2486  1.37471  1.37863  1.38542  1.39368  1.35961
  4445.79      2.2493  1.37464  1.37887  1.38545  1.39365  1.35955
  4444.29      2.2501  1.37450  1.37913  1.38543  1.39358  1.35948
  4442.79      2.2508  1.37441  1.37925  1.38530  1.39345  1.35942
  4441.29      2.2516  1.37441  1.37911  1.38519  1.39339  1.35936
  4439.79      2.2524  1.37436  1.37882  1.38513  1.39339  1.35932
  4438.29      2.2531  1.37426  1.37866  1.38511  1.39330  1.35927
  4436.79      2.2539  1.37417  1.37868  1.38511  1.39305  1.35921
  4435.29      2.2546  1.37407  1.37873  1.38505  1.39288  1.35915
  4433.79      2.2554  1.37394  1.37869  1.38497  1.39291  1.35909
  4432.29      2.2562  1.37390  1.37857  1.38490  1.39294  1.35902
  4430.79      2.2569  1.37397  1.37837  1.38471  1.39286  1.35895
  4429.29      2.2577  1.37395  1.37809  1.38442  1.39275  1.35887
  4427.79      2.2585  1.37382  1.37793  1.38425  1.39265  1.35880
  4426.29      2.2592  1.37374  1.37797  1.38418  1.39256  1.35871
  4424.79      2.2600  1.37374  1.37790  1.38414  1.39259  1.35862
  4423.29      2.2608  1.37368  1.37763  1.38420  1.39266  1.35854
  4421.79      2.2615  1.37356  1.37747  1.38436  1.39258  1.35846
  4420.29      2.2623  1.37346  1.37753  1.38443  1.39237  1.35839
  4418.79      2.2631  1.37342  1.37758  1.38434  1.39224  1.35831
  4417.29      2.2638  1.37336  1.37747  1.38412  1.39217  1.35823
  4415.79      2.2646  1.37324  1.37733  1.38388  1.39209  1.35815
  4414.29      2.2654  1.37313  1.37720  1.38375  1.39198  1.35809
  4412.79      2.2661  1.37304  1.37714  1.38366  1.39181  1.35801
  4411.29      2.2669  1.37292  1.37721  1.38351  1.39166  1.35794
  4409.79      2.2677  1.37284  1.37726  1.38350  1.39164  1.35786
  4408.29      2.2685  1.37279  1.37720  1.38372  1.39160  1.35779
  4406.79      2.2692  1.37276  1.37711  1.38389  1.39144  1.35772
  4405.29      2.2700  1.37274  1.37711  1.38384  1.39115  1.35766
  4403.79      2.2708  1.37274  1.37721  1.38369  1.39090  1.35760
  4402.29      2.2715  1.37270  1.37721  1.38345  1.39081  1.35754
  4400.79      2.2723  1.37255  1.37704  1.38323  1.39079  1.35750
  4399.29      2.2731  1.37235  1.37686  1.38312  1.39081  1.35744
  4397.79      2.2739  1.37226  1.37681  1.38305  1.39093  1.35738
  4396.29      2.2746  1.37228  1.37678  1.38308  1.39103  1.35732
  4394.79      2.2754  1.37222  1.37672  1.38317  1.39095  1.35725
  4393.29      2.2762  1.37214  1.37659  1.38324  1.39084  1.35718
  4391.79      2.2770  1.37213  1.37641  1.38318  1.39077  1.35710
  4390.29      2.2778  1.37208  1.37628  1.38294  1.39069  1.35701
  4388.79      2.2785  1.37189  1.37626  1.38260  1.39063  1.35691
  4387.29      2.2793  1.37167  1.37629  1.38238  1.39055  1.35681
  4385.79      2.2801  1.37157  1.37622  1.38230  1.39043  1.35672
  4384.29      2.2809  1.37157  1.37614  1.38224  1.39039  1.35662
  4382.79      2.2817  1.37156  1.37621  1.38219  1.39036  1.35653
  4381.29      2.2824  1.37146  1.37623  1.38221  1.39027  1.35645
  4379.79      2.2832  1.37134  1.37596  1.38216  1.39020  1.35637
  4378.29      2.2840  1.37128  1.37567  1.38211  1.39018  1.35630
  4376.79      2.2848  1.37125  1.37560  1.38205  1.39003  1.35623
  4375.29      2.2856  1.37123  1.37561  1.38189  1.38983  1.35617
  4373.79      2.2863  1.37119  1.37560  1.38173  1.38984  1.35610
  4372.29      2.2871  1.37118  1.37562  1.38168  1.38983  1.35604
  4370.79      2.2879  1.37115  1.37567  1.38158  1.38962  1.35596
  4369.29      2.2887  1.37103  1.37569  1.38146  1.38939  1.35588
  4367.79      2.2895  1.37080  1.37575  1.38141  1.38928  1.35580
  4366.29      2.2903  1.37058  1.37580  1.38136  1.38928  1.35571
  4364.79      2.2911  1.37045  1.37567  1.38134  1.38921  1.35563
  4363.29      2.2919  1.37046  1.37541  1.38137  1.38912  1.35554
  4361.79      2.2926  1.37055  1.37526  1.38129  1.38917  1.35545
  4360.29      2.2934  1.37058  1.37516  1.38121  1.38918  1.35537
  4358.79      2.2942  1.37051  1.37493  1.38123  1.38905  1.35529
  4357.29      2.2950  1.37043  1.37476  1.38130  1.38894  1.35521
  4355.79      2.2958  1.37034  1.37480  1.38135  1.38883  1.35512
  4354.29      2.2966  1.37030  1.37492  1.38130  1.38872  1.35504
  4352.79      2.2974  1.37032  1.37513  1.38104  1.38868  1.35495
  4351.29      2.2982  1.37028  1.37526  1.38070  1.38856  1.35486
  4349.79      2.2990  1.37014  1.37499  1.38051  1.38833  1.35477
  4348.29      2.2998  1.37002  1.37455  1.38044  1.38832  1.35467
  4346.79      2.3006  1.36994  1.37433  1.38044  1.38843  1.35458
  4345.29      2.3013  1.36978  1.37423  1.38049  1.38836  1.35449
  4343.79      2.3021  1.36958  1.37402  1.38051  1.38801  1.35439
  4342.29      2.3029  1.36950  1.37383  1.38044  1.38775  1.35430
  4340.79      2.3037  1.36951  1.37386  1.38039  1.38783  1.35420
  4339.29      2.3045  1.36947  1.37401  1.38043  1.38794  1.35410
  4337.79      2.3053  1.36938  1.37405  1.38043  1.38778  1.35400
  4336.29      2.3061  1.36933  1.37389  1.38034  1.38749  1.35389
  4334.79      2.3069  1.36931  1.37367  1.38019  1.38734  1.35380
  4333.28      2.3077  1.36918  1.37345  1.38001  1.38736  1.35372
  4331.78      2.3085  1.36898  1.37330  1.37976  1.38744  1.35364
  4330.28      2.3093  1.36885  1.37324  1.37957  1.38748  1.35356
  4328.78      2.3101  1.36885  1.37327  1.37957  1.38753  1.35349
  4327.28      2.3109  1.36889  1.37331  1.37966  1.38760  1.35342
  4325.78      2.3117  1.36892  1.37328  1.37957  1.38759  1.35336
  4324.28      2.3125  1.36887  1.37314  1.37944  1.38753  1.35330
  4322.78      2.3133  1.36871  1.37290  1.37943  1.38757  1.35324
  4321.28      2.3141  1.36855  1.37258  1.37945  1.38755  1.35317
  4319.78      2.3149  1.36847  1.37245  1.37937  1.38725  1.35311
  4318.28      2.3157  1.36839  1.37256  1.37920  1.38684  1.35305
  4316.78      2.3165  1.36832  1.37264  1.37903  1.38658  1.35299
  4315.28      2.3173  1.36831  1.37255  1.37897  1.38651  1.35293
  4313.78      2.3182  1.36829  1.37246  1.37891  1.38649  1.35287
  4312.28      2.3190  1.36813  1.37243  1.37876  1.38648  1.35280
  4310.78      2.3198  1.36797  1.37246  1.37858  1.38642  1.35274
  4309.28      2.3206  1.36794  1.37256  1.37840  1.38624  1.35267
  4307.78      2.3214  1.36792  1.37256  1.37828  1.38598  1.35261
  4306.28      2.3222  1.36780  1.37230  1.37819  1.38574  1.35254
  4304.78      2.3230  1.36761  1.37196  1.37816  1.38574  1.35246
  4303.28      2.3238  1.36747  1.37183  1.37826  1.38586  1.35237
  4301.78      2.3246  1.36739  1.37186  1.37838  1.38587  1.35228
  4300.28      2.3254  1.36728  1.37189  1.37833  1.38591  1.35219
  4298.78      2.3262  1.36719  1.37188  1.37818  1.38596  1.35208
  4297.28      2.3271  1.36722  1.37181  1.37799  1.38583  1.35196
  4295.78      2.3279  1.36724  1.37159  1.37784  1.38563  1.35185
  4294.28      2.3287  1.36714  1.37139  1.37779  1.38545  1.35174
  4292.78      2.3295  1.36700  1.37134  1.37775  1.38532  1.35164
  4291.28      2.3303  1.36687  1.37132  1.37765  1.38515  1.35154
  4289.78      2.3311  1.36677  1.37117  1.37754  1.38498  1.35145
  4288.28      2.3319  1.36672  1.37098  1.37748  1.38489  1.35137
  4286.78      2.3328  1.36664  1.37093  1.37740  1.38482  1.35130
  4285.28      2.3336  1.36652  1.37095  1.37723  1.38466  1.35123
  4283.78      2.3344  1.36647  1.37088  1.37701  1.38457  1.35116
  4282.28      2.3352  1.36657  1.37077  1.37687  1.38463  1.35108
  4280.78      2.3360  1.36662  1.37070  1.37683  1.38463  1.35100
  4279.28      2.3368  1.36651  1.37066  1.37671  1.38460  1.35092
  4277.78      2.3377  1.36632  1.37062  1.37651  1.38457  1.35082
  4276.28      2.3385  1.36616  1.37052  1.37645  1.38454  1.35072
  4274.78      2.3393  1.36601  1.37035  1.37661  1.38445  1.35061
  4273.28      2.3401  1.36590  1.37021  1.37674  1.38427  1.35049
  4271.78      2.3409  1.36580  1.37008  1.37665  1.38402  1.35038
  4270.28      2.3418  1.36569  1.36989  1.37634  1.38376  1.35027
  4268.78      2.3426  1.36556  1.36975  1.37595  1.38367  1.35016
  4267.28      2.3434  1.36538  1.36976  1.37573  1.38371  1.35006
  4265.78      2.3442  1.36529  1.36978  1.37582  1.38374  1.34997
  4264.28      2.3451  1.36527  1.36964  1.37596  1.38363  1.34990
  4262.78      2.3459  1.36524  1.36942  1.37597  1.38344  1.34983
  4261.28      2.3467  1.36512  1.36933  1.37587  1.38327  1.34977
  4259.78      2.3475  1.36484  1.36929  1.37568  1.38311  1.34971
  4258.28      2.3484  1.36460  1.36908  1.37548  1.38297  1.34963
  4256.78      2.3492  1.36457  1.36883  1.37540  1.38288  1.34956
  4255.28      2.3500  1.36466  1.36875  1.37534  1.38284  1.34947
  4253.78      2.3509  1.36469  1.36868  1.37520  1.38278  1.34936
  4252.28      2.3517  1.36461  1.36849  1.37514  1.38262  1.34925
  4250.78      2.3525  1.36447  1.36832  1.37520  1.38254  1.34912
  4249.28      2.3533  1.36431  1.36829  1.37522  1.38263  1.34900
  4247.78      2.3542  1.36417  1.36832  1.37516  1.38261  1.34888
  4246.28      2.3550  1.36407  1.36826  1.37503  1.38237  1.34877
  4244.78      2.3558  1.36403  1.36811  1.37500  1.38209  1.34866
  4243.28      2.3567  1.36402  1.36805  1.37498  1.38187  1.34856
  4241.78      2.3575  1.36400  1.36824  1.37487  1.38180  1.34848
  4240.28      2.3583  1.36393  1.36840  1.37470  1.38187  1.34838
  4238.78      2.3592  1.36375  1.36832  1.37463  1.38188  1.34830
  4237.28      2.3600  1.36356  1.36804  1.37464  1.38177  1.34821
  4235.78      2.3608  1.36341  1.36776  1.37455  1.38165  1.34813
  4234.28      2.3617  1.36327  1.36761  1.37433  1.38152  1.34804
  4232.78      2.3625  1.36317  1.36749  1.37417  1.38141  1.34793
  4231.28      2.3634  1.36315  1.36733  1.37406  1.38137  1.34783
  4229.78      2.3642  1.36314  1.36729  1.37399  1.38129  1.34773
  4228.28      2.3650  1.36306  1.36741  1.37404  1.38111  1.34762
  4226.78      2.3659  1.36290  1.36743  1.37405  1.38097  1.34751
  4225.28      2.3667  1.36273  1.36722  1.37389  1.38086  1.34740
  4223.78      2.3675  1.36259  1.36703  1.37368  1.38083  1.34727
  4222.28      2.3684  1.36250  1.36691  1.37350  1.38086  1.34715
  4220.78      2.3692  1.36246  1.36677  1.37333  1.38070  1.34702
  4219.28      2.3701  1.36241  1.36665  1.37321  1.38033  1.34692
  4217.78      2.3709  1.36232  1.36663  1.37306  1.38021  1.34680
  4216.28      2.3718  1.36223  1.36661  1.37293  1.38031  1.34669
  4214.78      2.3726  1.36216  1.36647  1.37285  1.38028  1.34658
  4213.28      2.3735  1.36207  1.36625  1.37271  1.38009  1.34649
  4211.78      2.3743  1.36190  1.36606  1.37255  1.37991  1.34640
  4210.28      2.3751  1.36166  1.36595  1.37239  1.37975  1.34630
  4208.78      2.3760  1.36153  1.36586  1.37226  1.37954  1.34622
  4207.28      2.3768  1.36152  1.36571  1.37219  1.37939  1.34614
  4205.78      2.3777  1.36149  1.36547  1.37214  1.37933  1.34603
  4204.28      2.3785  1.36137  1.36525  1.37212  1.37935  1.34594
  4202.78      2.3794  1.36128  1.36513  1.37208  1.37937  1.34585
  4201.27      2.3802  1.36121  1.36505  1.37197  1.37927  1.34576
  4199.77      2.3811  1.36106  1.36495  1.37189  1.37905  1.34567
  4198.27      2.3819  1.36085  1.36476  1.37182  1.37879  1.34558
  4196.77      2.3828  1.36064  1.36455  1.37165  1.37863  1.34548
  4195.27      2.3836  1.36058  1.36442  1.37145  1.37861  1.34538
  4193.77      2.3845  1.36059  1.36436  1.37130  1.37853  1.34529
  4192.27      2.3853  1.36051  1.36430  1.37132  1.37833  1.34519
  4190.77      2.3862  1.36034  1.36422  1.37135  1.37828  1.34509
  4189.27      2.3870  1.36016  1.36418  1.37125  1.37832  1.34498
  4187.77      2.3879  1.35991  1.36418  1.37111  1.37814  1.34486
  4186.27      2.3888  1.35967  1.36415  1.37104  1.37781  1.34475
  4184.77      2.3896  1.35962  1.36400  1.37084  1.37758  1.34464
  4183.27      2.3905  1.35976  1.36374  1.37044  1.37750  1.34453
  4181.77      2.3913  1.35985  1.36347  1.37011  1.37746  1.34443
  4180.27      2.3922  1.35981  1.36328  1.37005  1.37732  1.34433
  4178.77      2.3930  1.35968  1.36322  1.37013  1.37706  1.34423
  4177.27      2.3939  1.35950  1.36324  1.37009  1.37685  1.34413
  4175.77      2.3948  1.35926  1.36323  1.36991  1.37679  1.34402
  4174.27      2.3956  1.35905  1.36306  1.36976  1.37676  1.34392
  4172.77      2.3965  1.35899  1.36279  1.36964  1.37680  1.34381
  4171.27      2.3973  1.35893  1.36262  1.36951  1.37697  1.34369
  4169.77      2.3982  1.35877  1.36266  1.36949  1.37699  1.34357
  4168.27      2.3991  1.35860  1.36270  1.36958  1.37667  1.34346
  4166.77      2.3999  1.35849  1.36256  1.36956  1.37629  1.34333
  4165.27      2.4008  1.35843  1.36237  1.36933  1.37611  1.34322
  4163.77      2.4017  1.35837  1.36222  1.36899  1.37602  1.34310
  4162.27      2.4025  1.35829  1.36198  1.36870  1.37596  1.34299
  4160.77      2.4034  1.35821  1.36182  1.36852  1.37590  1.34289
  4159.27      2.4043  1.35810  1.36179  1.36838  1.37579  1.34279
  4157.77      2.4051  1.35795  1.36171  1.36827  1.37566  1.34269
  4156.27      2.4060  1.35774  1.36159  1.36824  1.37556  1.34259
  4154.77      2.4069  1.35757  1.36152  1.36821  1.37545  1.34249
  4153.27      2.4077  1.35751  1.36146  1.36807  1.37528  1.34239
  4151.77      2.4086  1.35755  1.36133  1.36790  1.37504  1.34229
  4150.27      2.4095  1.35756  1.36120  1.36774  1.37485  1.34217
  4148.77      2.4104  1.35744  1.36106  1.36750  1.37470  1.34204
  4147.27      2.4112  1.35724  1.36088  1.36729  1.37454  1.34191
  4145.77      2.4121  1.35712  1.36075  1.36724  1.37444  1.34179
  4144.27      2.4130  1.35697  1.36065  1.36728  1.37453  1.34165
  4142.77      2.4138  1.35680  1.36050  1.36727  1.37467  1.34153
  4141.27      2.4147  1.35667  1.36032  1.36724  1.37465  1.34141
  4139.77      2.4156  1.35653  1.36016  1.36716  1.37450  1.34128
  4138.27      2.4165  1.35639  1.36001  1.36703  1.37433  1.34116
  4136.77      2.4173  1.35632  1.35987  1.36684  1.37410  1.34102
  4135.27      2.4182  1.35625  1.35973  1.36665  1.37385  1.34090
  4133.77      2.4191  1.35612  1.35963  1.36646  1.37367  1.34076
  4132.27      2.4200  1.35597  1.35965  1.36642  1.37354  1.34062
  4130.77      2.4209  1.35587  1.35968  1.36652  1.37341  1.34048
  4129.27      2.4217  1.35585  1.35960  1.36655  1.37331  1.34034
  4127.77      2.4226  1.35582  1.35951  1.36637  1.37318  1.34021
  4126.27      2.4235  1.35569  1.35940  1.36612  1.37301  1.34008
  4124.77      2.4244  1.35550  1.35911  1.36593  1.37286  1.33996
  4123.27      2.4253  1.35524  1.35874  1.36572  1.37277  1.33982
  4121.77      2.4261  1.35499  1.35854  1.36549  1.37270  1.33970
  4120.27      2.4270  1.35485  1.35848  1.36528  1.37263  1.33956
  4118.77      2.4279  1.35482  1.35844  1.36519  1.37249  1.33944
  4117.27      2.4288  1.35484  1.35830  1.36535  1.37230  1.33931
  4115.77      2.4297  1.35482  1.35814  1.36550  1.37216  1.33918
  4114.27      2.4306  1.35471  1.35814  1.36533  1.37214  1.33906
  4112.77      2.4315  1.35453  1.35819  1.36497  1.37208  1.33893
  4111.27      2.4323  1.35433  1.35809  1.36474  1.37188  1.33882
  4109.77      2.4332  1.35416  1.35788  1.36464  1.37160  1.33872
  4108.27      2.4341  1.35404  1.35772  1.36455  1.37143  1.33861
  4106.77      2.4350  1.35394  1.35761  1.36443  1.37135  1.33851
  4105.27      2.4359  1.35380  1.35752  1.36428  1.37127  1.33840
  4103.77      2.4368  1.35365  1.35739  1.36415  1.37116  1.33831
  4102.27      2.4377  1.35360  1.35721  1.36390  1.37101  1.33820
  4100.77      2.4386  1.35362  1.35706  1.36346  1.37087  1.33811
  4099.27      2.4395  1.35350  1.35695  1.36311  1.37074  1.33801
  4097.77      2.4404  1.35323  1.35682  1.36312  1.37054  1.33791
  4096.27      2.4412  1.35298  1.35667  1.36324  1.37031  1.33782
  4094.77      2.4421  1.35280  1.35651  1.36317  1.37013  1.33772
  4093.27      2.4430  1.35271  1.35635  1.36296  1.36993  1.33761
  4091.77      2.4439  1.35267  1.35618  1.36283  1.36973  1.33749
  4090.27      2.4448  1.35261  1.35605  1.36278  1.36957  1.33736
  4088.77      2.4457  1.35250  1.35602  1.36278  1.36953  1.33723
  4087.27      2.4466  1.35237  1.35612  1.36279  1.36967  1.33710
  4085.77      2.4475  1.35226  1.35611  1.36266  1.36987  1.33696
  4084.27      2.4484  1.35218  1.35596  1.36246  1.36979  1.33682
  4082.77      2.4493  1.35205  1.35572  1.36232  1.36940  1.33668
  4081.27      2.4502  1.35187  1.35542  1.36216  1.36897  1.33655
  4079.77      2.4511  1.35171  1.35515  1.36191  1.36875  1.33642
  4078.27      2.4520  1.35157  1.35503  1.36155  1.36872  1.33631
  4076.77      2.4529  1.35138  1.35503  1.36125  1.36871  1.33619
  4075.27      2.4538  1.35117  1.35493  1.36116  1.36859  1.33607
  4073.77      2.4547  1.35102  1.35469  1.36119  1.36837  1.33596
  4072.27      2.4556  1.35095  1.35442  1.36108  1.36809  1.33584
  4070.77      2.4565  1.35085  1.35417  1.36082  1.36771  1.33573
  4069.27      2.4574  1.35068  1.35400  1.36058  1.36740  1.33560
  4067.77      2.4584  1.35048  1.35392  1.36040  1.36737  1.33549
  4066.26      2.4593  1.35027  1.35385  1.36025  1.36747  1.33536
  4064.76      2.4602  1.35010  1.35373  1.36019  1.36745  1.33524
  4063.26      2.4611  1.34994  1.35355  1.36015  1.36734  1.33511
  4061.76      2.4620  1.34985  1.35340  1.36015  1.36723  1.33498
  4060.26      2.4629  1.34989  1.35335  1.36013  1.36707  1.33484
  4058.76      2.4638  1.34996  1.35330  1.36002  1.36686  1.33471
  4057.26      2.4647  1.34996  1.35318  1.35989  1.36671  1.33459
  4055.76      2.4656  1.34983  1.35315  1.35975  1.36655  1.33445
  4054.26      2.4665  1.34961  1.35319  1.35960  1.36641  1.33432
  4052.76      2.4675  1.34937  1.35315  1.35945  1.36631  1.33419
  4051.26      2.4684  1.34917  1.35301  1.35932  1.36610  1.33407
  4049.76      2.4693  1.34899  1.35284  1.35907  1.36577  1.33394
  4048.26      2.4702  1.34889  1.35270  1.35869  1.36551  1.33382
  4046.76      2.4711  1.34879  1.35252  1.35833  1.36545  1.33369
  4045.26      2.4720  1.34865  1.35228  1.35811  1.36549  1.33357
  4043.76      2.4729  1.34853  1.35210  1.35812  1.36554  1.33345
  4042.26      2.4739  1.34848  1.35197  1.35819  1.36553  1.33332
  4040.76      2.4748  1.34844  1.35183  1.35822  1.36535  1.33320
  4039.26      2.4757  1.34839  1.35167  1.35811  1.36504  1.33307
  4037.76      2.4766  1.34830  1.35149  1.35787  1.36483  1.33294
  4036.26      2.4775  1.34816  1.35124  1.35771  1.36476  1.33280
  4034.76      2.4785  1.34794  1.35102  1.35767  1.36461  1.33266
  4033.26      2.4794  1.34772  1.35088  1.35753  1.36444  1.33252
  4031.76      2.4803  1.34758  1.35073  1.35732  1.36434  1.33238
  4030.26      2.4812  1.34754  1.35053  1.35718  1.36432  1.33223
  4028.76      2.4822  1.34755  1.35048  1.35712  1.36426  1.33208
  4027.26      2.4831  1.34754  1.35056  1.35695  1.36409  1.33193
  4025.76      2.4840  1.34744  1.35060  1.35666  1.36384  1.33177
  4024.26      2.4849  1.34726  1.35044  1.35642  1.36365  1.33163
  4022.76      2.4859  1.34711  1.35017  1.35625  1.36352  1.33148
  4021.26      2.4868  1.34698  1.35005  1.35607  1.36338  1.33133
  4019.76      2.4877  1.34680  1.35005  1.35596  1.36316  1.33118
  4018.26      2.4886  1.34661  1.34993  1.35589  1.36297  1.33102
  4016.76      2.4896  1.34644  1.34972  1.35572  1.36298  1.33087
  4015.26      2.4905  1.34630  1.34950  1.35556  1.36306  1.33071
  4013.76      2.4914  1.34619  1.34933  1.35559  1.36303  1.33056
  4012.26      2.4924  1.34610  1.34928  1.35566  1.36283  1.33041
  4010.76      2.4933  1.34601  1.34921  1.35548  1.36247  1.33026
  4009.26      2.4942  1.34592  1.34900  1.35508  1.36199  1.33010
  4007.76      2.4952  1.34580  1.34869  1.35484  1.36160  1.32996
  4006.26      2.4961  1.34565  1.34845  1.35481  1.36152  1.32982
  4004.76      2.4970  1.34547  1.34840  1.35473  1.36170  1.32967
  4003.26      2.4980  1.34525  1.34847  1.35446  1.36170  1.32953
  4001.76      2.4989  1.34513  1.34848  1.35422  1.36131  1.32939
  4000.26      2.4998  1.34511  1.34828  1.35412  1.36089  1.32925
  3998.76      2.5008  1.34503  1.34797  1.35417  1.36079  1.32910
  3997.26      2.5017  1.34491  1.34779  1.35416  1.36078  1.32896
  3995.76      2.5027  1.34470  1.34773  1.35396  1.36064  1.32880
  3994.26      2.5036  1.34447  1.34763  1.35359  1.36050  1.32866
  3992.76      2.5045  1.34430  1.34752  1.35322  1.36042  1.32851
  3991.26      2.5055  1.34413  1.34739  1.35296  1.36028  1.32836
  3989.76      2.5064  1.34386  1.34715  1.35282  1.36009  1.32821
  3988.26      2.5074  1.34364  1.34695  1.35274  1.35993  1.32806
  3986.76      2.5083  1.34358  1.34684  1.35270  1.35969  1.32790
  3985.26      2.5092  1.34355  1.34669  1.35266  1.35946  1.32773
  3983.76      2.5102  1.34347  1.34654  1.35256  1.35941  1.32755
  3982.26      2.5111  1.34329  1.34640  1.35244  1.35937  1.32737
  3980.76      2.5121  1.34306  1.34627  1.35235  1.35915  1.32718
  3979.26      2.5130  1.34290  1.34617  1.35232  1.35896  1.32699
  3977.76      2.5140  1.34279  1.34613  1.35225  1.35891  1.32681
  3976.26      2.5149  1.34261  1.34597  1.35198  1.35873  1.32663
  3974.76      2.5159  1.34232  1.34563  1.35152  1.35840  1.32647
  3973.26      2.5168  1.34210  1.34528  1.35117  1.35820  1.32631
  3971.76      2.5178  1.34195  1.34510  1.35109  1.35816  1.32616
  3970.26      2.5187  1.34174  1.34501  1.35102  1.35814  1.32601
  3968.76      2.5197  1.34151  1.34492  1.35077  1.35799  1.32585
  3967.26      2.5206  1.34134  1.34483  1.35046  1.35780  1.32569
  3965.76      2.5216  1.34129  1.34478  1.35025  1.35762  1.32554
  3964.26      2.5225  1.34135  1.34462  1.35013  1.35741  1.32537
  3962.76      2.5235  1.34138  1.34426  1.34996  1.35712  1.32521
  3961.26      2.5245  1.34121  1.34397  1.34976  1.35678  1.32503
  3959.76      2.5254  1.34094  1.34387  1.34961  1.35650  1.32486
  3958.26      2.5264  1.34069  1.34370  1.34946  1.35638  1.32467
  3956.76      2.5273  1.34045  1.34346  1.34921  1.35640  1.32448
  3955.26      2.5283  1.34022  1.34344  1.34899  1.35629  1.32429
  3953.76      2.5292  1.34014  1.34351  1.34891  1.35609  1.32409
  3952.26      2.5302  1.34016  1.34339  1.34876  1.35596  1.32388
  3950.76      2.5312  1.34008  1.34299  1.34839  1.35577  1.32366
  3949.26      2.5321  1.33980  1.34240  1.34793  1.35540  1.32346
  3947.76      2.5331  1.33945  1.34197  1.34758  1.35503  1.32327
  3946.26      2.5340  1.33934  1.34195  1.34746  1.35499  1.32310
  3944.76      2.5350  1.33949  1.34208  1.34745  1.35505  1.32293
  3943.26      2.5360  1.33939  1.34188  1.34726  1.35476  1.32274
  3941.76      2.5369  1.33896  1.34150  1.34706  1.35431  1.32258
  3940.26      2.5379  1.33864  1.34142  1.34722  1.35416  1.32241
  3938.76      2.5389  1.33842  1.34147  1.34733  1.35411  1.32224
  3937.26      2.5398  1.33822  1.34138  1.34714  1.35401  1.32205
  3935.76      2.5408  1.33831  1.34136  1.34706  1.35411  1.32184
  3934.26      2.5418  1.33859  1.34134  1.34695  1.35419  1.32161
  3932.76      2.5427  1.33852  1.34107  1.34649  1.35382  1.32138
  3931.25      2.5437  1.33799  1.34058  1.34592  1.35312  1.32115
  3929.75      2.5447  1.33754  1.34023  1.34562  1.35262  1.32094
  3928.25      2.5457  1.33746  1.34023  1.34575  1.35263  1.32072
  3926.75      2.5466  1.33756  1.34026  1.34588  1.35278  1.32050
  3925.25      2.5476  1.33744  1.33998  1.34557  1.35253  1.32028
  3923.75      2.5486  1.33704  1.33970  1.34526  1.35219  1.32008
  3922.25      2.5496  1.33688  1.33962  1.34532  1.35226  1.31989
  3920.75      2.5505  1.33697  1.33939  1.34526  1.35245  1.31972
  3919.25      2.5515  1.33697  1.33896  1.34493  1.35234  1.31956
  3917.75      2.5525  1.33664  1.33857  1.34458  1.35180  1.31940
  3916.25      2.5535  1.33610  1.33824  1.34423  1.35116  1.31925
  3914.75      2.5544  1.33575  1.33829  1.34409  1.35099  1.31909
  3913.25      2.5554  1.33573  1.33859  1.34416  1.35113  1.31889
  3911.75      2.5564  1.33569  1.33868  1.34416  1.35108  1.31863
  3910.25      2.5574  1.33548  1.33853  1.34405  1.35095  1.31831
  3908.75      2.5584  1.33550  1.33852  1.34404  1.35110  1.31793
  3907.25      2.5593  1.33591  1.33868  1.34418  1.35142  1.31752
  3905.75      2.5603  1.33629  1.33856  1.34390  1.35133  1.31711
  3904.25      2.5613  1.33611  1.33776  1.34283  1.35051  1.31672
  3902.75      2.5623  1.33560  1.33677  1.34187  1.34965  1.31637
  3901.25      2.5633  1.33529  1.33633  1.34169  1.34931  1.31610
  3899.75      2.5643  1.33473  1.33610  1.34153  1.34881  1.31591
  3898.25      2.5653  1.33396  1.33598  1.34130  1.34835  1.31579
  3896.75      2.5662  1.33373  1.33624  1.34158  1.34867  1.31571
  3895.25      2.5672  1.33398  1.33662  1.34209  1.34925  1.31562
  3893.75      2.5682  1.33434  1.33679  1.34231  1.34951  1.31552
  3892.25      2.5692  1.33419  1.33638  1.34176  1.34896  1.31536
  3890.75      2.5702  1.33343  1.33560  1.34092  1.34796  1.31518
  3889.25      2.5712  1.33326  1.33558  1.34111  1.34794  1.31495
  3887.75      2.5722  1.33389  1.33600  1.34193  1.34866  1.31469
  3886.25      2.5732  1.33392  1.33547  1.34152  1.34842  1.31441
  3884.75      2.5742  1.33315  1.33445  1.34025  1.34735  1.31413
  3883.25      2.5752  1.33306  1.33453  1.34010  1.34722  1.31388
  3881.75      2.5762  1.33325  1.33486  1.34019  1.34731  1.31363
  3880.25      2.5772  1.33250  1.33442  1.33938  1.34651  1.31339
  3878.75      2.5781  1.33156  1.33410  1.33891  1.34596  1.31316
  3877.25      2.5791  1.33171  1.33446  1.33952  1.34649  1.31291
  3875.75      2.5801  1.33221  1.33457  1.33992  1.34691  1.31264
  3874.25      2.5811  1.33203  1.33385  1.33926  1.34633  1.31235
  3872.75      2.5821  1.33196  1.33361  1.33884  1.34608  1.31205
  3871.25      2.5831  1.33224  1.33362  1.33861  1.34607  1.31176
  3869.75      2.5841  1.33152  1.33253  1.33757  1.34485  1.31149
  3868.25      2.5851  1.33071  1.33207  1.33739  1.34427  1.31127
  3866.75      2.5862  1.33090  1.33253  1.33817  1.34489  1.31105
  3865.25      2.5872  1.33095  1.33230  1.33816  1.34498  1.31083
  3863.75      2.5882  1.33024  1.33140  1.33724  1.34423  1.31057
  3862.25      2.5892  1.32953  1.33105  1.33671  1.34376  1.31031
  3860.75      2.5902  1.32914  1.33110  1.33663  1.34375  1.31002
  3859.25      2.5912  1.32923  1.33134  1.33688  1.34404  1.30972
  3857.75      2.5922  1.32985  1.33184  1.33740  1.34460  1.30941
  3856.25      2.5932  1.33066  1.33221  1.33770  1.34500  1.30909
  3854.75      2.5942  1.33086  1.33155  1.33689  1.34422  1.30878
  3853.25      2.5952  1.32914  1.32934  1.33440  1.34155  1.30852
  3851.75      2.5962  1.32727  1.32822  1.33319  1.34017  1.30836
  3850.25      2.5972  1.32691  1.32878  1.33400  1.34091  1.30824
  3848.75      2.5982  1.32695  1.32945  1.33477  1.34178  1.30810
  3847.25      2.5993  1.32704  1.32998  1.33503  1.34236  1.30792
  3845.75      2.6003  1.32721  1.33012  1.33495  1.34254  1.30769
  3844.25      2.6013  1.32712  1.32955  1.33455  1.34215  1.30743
  3842.75      2.6023  1.32694  1.32891  1.33415  1.34171  1.30714
  3841.25      2.6033  1.32723  1.32861  1.33387  1.34155  1.30681
  3839.75      2.6043  1.32737  1.32813  1.33342  1.34111  1.30647
  3838.25      2.6054  1.32681  1.32728  1.33275  1.34014  1.30615
  3836.75      2.6064  1.32611  1.32669  1.33232  1.33928  1.30589
  3835.25      2.6074  1.32572  1.32664  1.33232  1.33900  1.30569
  3833.75      2.6084  1.32543  1.32663  1.33232  1.33897  1.30553
  3832.25      2.6094  1.32490  1.32639  1.33194  1.33877  1.30536
  3830.75      2.6105  1.32433  1.32619  1.33160  1.33855  1.30516
  3829.25      2.6115  1.32426  1.32623  1.33168  1.33867  1.30493
  3827.75      2.6125  1.32434  1.32622  1.33162  1.33870  1.30467
  3826.25      2.6135  1.32400  1.32602  1.33116  1.33832  1.30435
  3824.75      2.6146  1.32387  1.32610  1.33117  1.33842  1.30400
  3823.25      2.6156  1.32443  1.32619  1.33155  1.33909  1.30363
  3821.75      2.6166  1.32434  1.32501  1.33069  1.33837  1.30328
  3820.25      2.6176  1.32306  1.32344  1.32924  1.33649  1.30302
  3818.75      2.6187  1.32282  1.32362  1.32957  1.33654  1.30282
  3817.25      2.6197  1.32298  1.32404  1.32992  1.33706  1.30263
  3815.75      2.6207  1.32185  1.32334  1.32863  1.33588  1.30246
  3814.25      2.6217  1.32078  1.32291  1.32786  1.33496  1.30230
  3812.75      2.6228  1.32069  1.32322  1.32830  1.33522  1.30211
  3811.25      2.6238  1.32086  1.32356  1.32883  1.33554  1.30187
  3809.75      2.6248  1.32122  1.32372  1.32917  1.33571  1.30155
  3808.25      2.6259  1.32151  1.32329  1.32884  1.33543  1.30116
  3806.75      2.6269  1.32091  1.32217  1.32756  1.33432  1.30073
  3805.25      2.6280  1.32050  1.32195  1.32710  1.33412  1.30031
  3803.75      2.6290  1.32111  1.32255  1.32768  1.33508  1.29990
  3802.25      2.6300  1.32108  1.32183  1.32719  1.33475  1.29953
  3800.75      2.6311  1.31957  1.32002  1.32566  1.33295  1.29923
  3799.25      2.6321  1.31881  1.31978  1.32549  1.33255  1.29902
  3797.74      2.6331  1.31877  1.32024  1.32584  1.33286  1.29886
  3796.24      2.6342  1.31812  1.31992  1.32541  1.33243  1.29874
  3794.74      2.6352  1.31733  1.31962  1.32516  1.33201  1.29862
  3793.24      2.6363  1.31707  1.31978  1.32536  1.33204  1.29849
  3791.74      2.6373  1.31701  1.31983  1.32539  1.33200  1.29833
  3790.24      2.6384  1.31685  1.31963  1.32515  1.33167  1.29810
  3788.74      2.6394  1.31664  1.31938  1.32492  1.33135  1.29781
  3787.24      2.6404  1.31643  1.31913  1.32471  1.33113  1.29747
  3785.74      2.6415  1.31605  1.31858  1.32427  1.33076  1.29710
  3784.24      2.6425  1.31546  1.31789  1.32366  1.33024  1.29671
  3782.74      2.6436  1.31523  1.31768  1.32345  1.33012  1.29632
  3781.24      2.6446  1.31541  1.31774  1.32354  1.33028  1.29592
  3779.74      2.6457  1.31512  1.31732  1.32310  1.32981  1.29551
  3778.24      2.6467  1.31422  1.31662  1.32235  1.32898  1.29512
  3776.74      2.6478  1.31354  1.31635  1.32209  1.32867  1.29474
  3775.24      2.6488  1.31325  1.31634  1.32204  1.32862  1.29434
  3773.74      2.6499  1.31322  1.31626  1.32191  1.32857  1.29392
  3772.24      2.6509  1.31350  1.31601  1.32173  1.32856  1.29349
  3770.74      2.6520  1.31342  1.31529  1.32103  1.32800  1.29302
  3769.24      2.6531  1.31261  1.31437  1.31998  1.32697  1.29255
  3767.74      2.6541  1.31204  1.31408  1.31953  1.32658  1.29208
  3766.24      2.6552  1.31168  1.31383  1.31917  1.32638  1.29161
  3764.74      2.6562  1.31097  1.31331  1.31865  1.32583  1.29114
  3763.24      2.6573  1.31070  1.31323  1.31890  1.32576  1.29065
  3761.74      2.6583  1.31104  1.31341  1.31939  1.32601  1.29010
  3760.24      2.6594  1.31107  1.31307  1.31887  1.32553  1.28952
  3758.74      2.6605  1.31048  1.31230  1.31767  1.32443  1.28891
  3757.24      2.6615  1.30983  1.31168  1.31702  1.32364  1.28828
  3755.74      2.6626  1.30962  1.31155  1.31716  1.32365  1.28762
  3754.24      2.6637  1.30992  1.31180  1.31754  1.32431  1.28691
  3752.74      2.6647  1.31009  1.31151  1.31715  1.32449  1.28619
  3751.24      2.6658  1.30933  1.30999  1.31586  1.32328  1.28550
  3749.74      2.6669  1.30790  1.30815  1.31459  1.32140  1.28491
  3748.24      2.6679  1.30741  1.30776  1.31436  1.32081  1.28439
  3746.74      2.6690  1.30809  1.30861  1.31504  1.32178  1.28390
  3745.24      2.6701  1.30773  1.30832  1.31445  1.32182  1.28341
  3743.74      2.6711  1.30549  1.30658  1.31242  1.31998  1.28295
  3742.24      2.6722  1.30453  1.30629  1.31201  1.31931  1.28256
  3740.74      2.6733  1.30498  1.30698  1.31264  1.31985  1.28219
  3739.24      2.6743  1.30550  1.30741  1.31317  1.32038  1.28180
  3737.74      2.6754  1.30590  1.30718  1.31329  1.32056  1.28138
  3736.24      2.6765  1.30579  1.30587  1.31224  1.31959  1.28094
  3734.74      2.6776  1.30469  1.30428  1.31062  1.31771  1.28054
  3733.24      2.6786  1.30354  1.30368  1.31005  1.31673  1.28018
  3731.74      2.6797  1.30239  1.30357  1.30975  1.31631  1.27983
  3730.24      2.6808  1.30166  1.30372  1.30961  1.31624  1.27947
  3728.74      2.6819  1.30155  1.30393  1.30969  1.31648  1.27910
  3727.24      2.6830  1.30123  1.30347  1.30912  1.31610  1.27871
  3725.74      2.6840  1.30060  1.30253  1.30828  1.31535  1.27831
  3724.24      2.6851  1.30009  1.30186  1.30789  1.31488  1.27788
  3722.74      2.6862  1.29945  1.30133  1.30755  1.31445  1.27739
  3721.24      2.6873  1.29864  1.30079  1.30700  1.31396  1.27684
  3719.74      2.6884  1.29796  1.30040  1.30648  1.31363  1.27624
  3718.24      2.6894  1.29735  1.30026  1.30609  1.31342  1.27560
  3716.74      2.6905  1.29684  1.30023  1.30593  1.31326  1.27495
  3715.24      2.6916  1.29673  1.30015  1.30601  1.31325  1.27428
  3713.74      2.6927  1.29691  1.29973  1.30577  1.31310  1.27358
  3712.24      2.6938  1.29663  1.29844  1.30449  1.31214  1.27289
  3710.74      2.6949  1.29551  1.29699  1.30299  1.31065  1.27222
  3709.24      2.6960  1.29418  1.29642  1.30242  1.30972  1.27160
  3707.74      2.6971  1.29319  1.29634  1.30231  1.30928  1.27099
  3706.24      2.6982  1.29263  1.29629  1.30220  1.30911  1.27040
  3704.74      2.6992  1.29236  1.29603  1.30201  1.30903  1.26979
  3703.24      2.7003  1.29205  1.29535  1.30141  1.30867  1.26916
  3701.74      2.7014  1.29123  1.29423  1.30021  1.30769  1.26851
  3700.24      2.7025  1.29013  1.29343  1.29933  1.30670  1.26781
  3698.74      2.7036  1.28942  1.29315  1.29928  1.30632  1.26703
  3697.24      2.7047  1.28891  1.29279  1.29912  1.30616  1.26620
  3695.74      2.7058  1.28828  1.29223  1.29858  1.30592  1.26532
  3694.24      2.7069  1.28783  1.29188  1.29825  1.30572  1.26440
  3692.74      2.7080  1.28774  1.29148  1.29803  1.30538  1.26348
  3691.24      2.7091  1.28775  1.29065  1.29741  1.30470  1.26256
  3689.74      2.7102  1.28703  1.28936  1.29606  1.30349  1.26166
  3688.24      2.7113  1.28526  1.28794  1.29426  1.30188  1.26079
  3686.74      2.7124  1.28373  1.28709  1.29324  1.30095  1.25990
  3685.24      2.7135  1.28306  1.28684  1.29306  1.30084  1.25901
  3683.74      2.7146  1.28254  1.28658  1.29286  1.30063  1.25809
  3682.24      2.7157  1.28201  1.28622  1.29248  1.30025  1.25713
  3680.74      2.7168  1.28152  1.28572  1.29209  1.29988  1.25614
  3679.24      2.7180  1.28119  1.28508  1.29182  1.29942  1.25509
  3677.74      2.7191  1.28139  1.28454  1.29182  1.29909  1.25402
  3676.24      2.7202  1.28077  1.28294  1.29042  1.29785  1.25296
  3674.74      2.7213  1.27842  1.28072  1.28771  1.29575  1.25197
  3673.24      2.7224  1.27719  1.28035  1.28697  1.29542  1.25104
  3671.74      2.7235  1.27712  1.28061  1.28720  1.29595  1.25019
  3670.24      2.7246  1.27618  1.27936  1.28620  1.29506  1.24940
  3668.74      2.7257  1.27441  1.27759  1.28473  1.29331  1.24869
  3667.24      2.7268  1.27326  1.27704  1.28425  1.29241  1.24805
  3665.74      2.7280  1.27258  1.27699  1.28406  1.29193  1.24741
  3664.24      2.7291  1.27185  1.27670  1.28350  1.29130  1.24675
  3662.73      2.7302  1.27109  1.27616  1.28274  1.29055  1.24602
  3661.23      2.7313  1.27037  1.27548  1.28214  1.28982  1.24523
  3659.73      2.7324  1.26980  1.27486  1.28181  1.28931  1.24437
  3658.23      2.7336  1.26939  1.27416  1.28126  1.28895  1.24343
  3656.73      2.7347  1.26850  1.27273  1.27980  1.28791  1.24244
  3655.23      2.7358  1.26729  1.27121  1.27827  1.28659  1.24143
  3653.73      2.7369  1.26697  1.27093  1.27800  1.28638  1.24046
  3652.23      2.7380  1.26745  1.27110  1.27816  1.28674  1.23952
  3650.73      2.7392  1.26753  1.27009  1.27728  1.28570  1.23864
  3649.23      2.7403  1.26653  1.26802  1.27530  1.28333  1.23786
  3647.73      2.7414  1.26492  1.26641  1.27364  1.28148  1.23722
  3646.23      2.7426  1.26345  1.26566  1.27287  1.28060  1.23668
  3644.73      2.7437  1.26262  1.26558  1.27274  1.28060  1.23624
  3643.23      2.7448  1.26203  1.26553  1.27243  1.28063  1.23583
  3641.73      2.7459  1.26138  1.26503  1.27173  1.28003  1.23543
  3640.23      2.7471  1.26083  1.26438  1.27099  1.27917  1.23504
  3638.73      2.7482  1.26027  1.26377  1.27022  1.27842  1.23462
  3637.23      2.7493  1.25970  1.26323  1.26949  1.27781  1.23416
  3635.73      2.7505  1.25932  1.26268  1.26894  1.27719  1.23367
  3634.23      2.7516  1.25900  1.26195  1.26823  1.27627  1.23316
  3632.73      2.7527  1.25879  1.26142  1.26775  1.27560  1.23266
  3631.23      2.7539  1.25898  1.26144  1.26785  1.27567  1.23216
  3629.73      2.7550  1.25878  1.26076  1.26705  1.27486  1.23170
  3628.23      2.7562  1.25737  1.25892  1.26483  1.27248  1.23130
  3626.73      2.7573  1.25639  1.25813  1.26375  1.27135  1.23096
  3625.23      2.7584  1.25610  1.25808  1.26375  1.27137  1.23068
  3623.73      2.7596  1.25599  1.25790  1.26370  1.27132  1.23044
  3622.23      2.7607  1.25609  1.25751  1.26342  1.27111  1.23021
  3620.73      2.7619  1.25630  1.25703  1.26286  1.27056  1.22998
  3619.23      2.7630  1.25599  1.25628  1.26185  1.26933  1.22978
  3617.73      2.7642  1.25531  1.25562  1.26084  1.26816  1.22963
  3616.23      2.7653  1.25505  1.25538  1.26034  1.26773  1.22949
  3614.73      2.7665  1.25512  1.25528  1.26005  1.26738  1.22937
  3613.23      2.7676  1.25495  1.25491  1.25957  1.26657  1.22929
  3611.73      2.7688  1.25461  1.25450  1.25904  1.26587  1.22926
  3610.23      2.7699  1.25450  1.25425  1.25865  1.26549  1.22927
  3608.73      2.7711  1.25442  1.25373  1.25807  1.26473  1.22932
  3607.23      2.7722  1.25396  1.25309  1.25732  1.26364  1.22939
  3605.73      2.7734  1.25347  1.25302  1.25695  1.26305  1.22949
  3604.23      2.7745  1.25338  1.25331  1.25696  1.26298  1.22960
  3602.73      2.7757  1.25360  1.25333  1.25702  1.26284  1.22971
  3601.23      2.7768  1.25376  1.25294  1.25691  1.26223  1.22981
  3599.73      2.7780  1.25374  1.25244  1.25661  1.26140  1.22990
  3598.23      2.7791  1.25380  1.25222  1.25620  1.26104  1.23000
  3596.73      2.7803  1.25390  1.25208  1.25576  1.26101  1.23007
  3595.23      2.7815  1.25383  1.25170  1.25520  1.26064  1.23015
  3593.73      2.7826  1.25360  1.25122  1.25463  1.25995  1.23023
  3592.23      2.7838  1.25352  1.25102  1.25435  1.25950  1.23033
  3590.73      2.7849  1.25383  1.25118  1.25437  1.25956  1.23045
  3589.23      2.7861  1.25436  1.25128  1.25422  1.25953  1.23057
  3587.73      2.7873  1.25444  1.25093  1.25349  1.25870  1.23074
  3586.23      2.7884  1.25398  1.25045  1.25277  1.25772  1.23096
  3584.73      2.7896  1.25374  1.25034  1.25276  1.25748  1.23122
  3583.23      2.7908  1.25386  1.25056  1.25310  1.25745  1.23152
  3581.73      2.7919  1.25408  1.25087  1.25325  1.25723  1.23185
  3580.23      2.7931  1.25434  1.25098  1.25310  1.25695  1.23217
  3578.73      2.7943  1.25447  1.25084  1.25285  1.25664  1.23250
  3577.23      2.7955  1.25444  1.25063  1.25271  1.25623  1.23280
  3575.73      2.7966  1.25437  1.25043  1.25253  1.25582  1.23307
  3574.23      2.7978  1.25437  1.25030  1.25234  1.25551  1.23331
  3572.73      2.7990  1.25454  1.25041  1.25228  1.25541  1.23351
  3571.23      2.8002  1.25493  1.25079  1.25240  1.25558  1.23370
  3569.73      2.8013  1.25564  1.25119  1.25256  1.25585  1.23387
  3568.23      2.8025  1.25625  1.25102  1.25221  1.25561  1.23406
  3566.73      2.8037  1.25612  1.25032  1.25139  1.25470  1.23429
  3565.23      2.8049  1.25573  1.25011  1.25115  1.25402  1.23459
  3563.73      2.8061  1.25566  1.25053  1.25154  1.25390  1.23493
  3562.23      2.8072  1.25581  1.25097  1.25183  1.25396  1.23531
  3560.73      2.8084  1.25598  1.25117  1.25184  1.25396  1.23572
  3559.23      2.8096  1.25616  1.25123  1.25169  1.25387  1.23614
  3557.73      2.8108  1.25634  1.25129  1.25156  1.25377  1.23658
  3556.23      2.8120  1.25657  1.25145  1.25164  1.25378  1.23701
  3554.73      2.8132  1.25693  1.25163  1.25187  1.25390  1.23740
  3553.23      2.8143  1.25735  1.25168  1.25186  1.25385  1.23777
  3551.73      2.8155  1.25760  1.25172  1.25166  1.25349  1.23811
  3550.23      2.8167  1.25775  1.25199  1.25172  1.25317  1.23847
  3548.73      2.8179  1.25804  1.25234  1.25200  1.25311  1.23883
  3547.23      2.8191  1.25839  1.25244  1.25208  1.25305  1.23921
  3545.73      2.8203  1.25864  1.25224  1.25191  1.25287  1.23960
  3544.23      2.8215  1.25882  1.25218  1.25190  1.25274  1.24004
  3542.73      2.8227  1.25893  1.25247  1.25209  1.25275  1.24051
  3541.23      2.8239  1.25904  1.25293  1.25237  1.25294  1.24099
  3539.73      2.8251  1.25926  1.25331  1.25262  1.25322  1.24148
  3538.23      2.8263  1.25960  1.25355  1.25269  1.25330  1.24198
  3536.73      2.8275  1.26001  1.25370  1.25271  1.25319  1.24247
  3535.23      2.8287  1.26028  1.25376  1.25289  1.25313  1.24295
  3533.73      2.8299  1.26045  1.25380  1.25316  1.25327  1.24342
  3532.23      2.8311  1.26079  1.25395  1.25342  1.25357  1.24387
  3530.73      2.8323  1.26117  1.25423  1.25364  1.25373  1.24430
  3529.23      2.8335  1.26154  1.25452  1.25377  1.25368  1.24475
  3527.72      2.8347  1.26192  1.25465  1.25374  1.25353  1.24519
  3526.22      2.8359  1.26225  1.25476  1.25359  1.25355  1.24565
  3524.72      2.8371  1.26256  1.25505  1.25353  1.25377  1.24613
  3523.22      2.8383  1.26280  1.25541  1.25361  1.25376  1.24663
  3521.72      2.8395  1.26300  1.25576  1.25399  1.25362  1.24715
  3520.22      2.8407  1.26329  1.25603  1.25460  1.25369  1.24770
  3518.72      2.8419  1.26366  1.25616  1.25509  1.25385  1.24825
  3517.22      2.8432  1.26397  1.25642  1.25532  1.25397  1.24881
  3515.72      2.8444  1.26432  1.25687  1.25550  1.25417  1.24938
  3514.22      2.8456  1.26483  1.25721  1.25579  1.25446  1.24995
  3512.72      2.8468  1.26533  1.25737  1.25605  1.25474  1.25050
  3511.22      2.8480  1.26571  1.25752  1.25617  1.25498  1.25105
  3509.72      2.8492  1.26598  1.25781  1.25627  1.25513  1.25160
  3508.22      2.8504  1.26627  1.25824  1.25653  1.25523  1.25215
  3506.72      2.8517  1.26671  1.25867  1.25686  1.25542  1.25270
  3505.22      2.8529  1.26726  1.25904  1.25701  1.25559  1.25325
  3503.72      2.8541  1.26774  1.25936  1.25695  1.25567  1.25381
  3502.22      2.8553  1.26805  1.25968  1.25707  1.25577  1.25439
  3500.72      2.8566  1.26838  1.26012  1.25755  1.25606  1.25498
  3499.22      2.8578  1.26878  1.26063  1.25807  1.25648  1.25560
  3497.72      2.8590  1.26914  1.26102  1.25842  1.25674  1.25623
  3496.22      2.8602  1.26944  1.26131  1.25863  1.25684  1.25686
  3494.72      2.8615  1.26972  1.26158  1.25887  1.25701  1.25752
  3493.22      2.8627  1.27007  1.26189  1.25935  1.25740  1.25817
  3491.72      2.8639  1.27058  1.26240  1.25989  1.25783  1.25883
  3490.22      2.8651  1.27110  1.26299  1.26023  1.25805  1.25949
  3488.72      2.8664  1.27163  1.26345  1.26042  1.25824  1.26014
  3487.22      2.8676  1.27222  1.26370  1.26070  1.25856  1.26079
  3485.72      2.8688  1.27276  1.26392  1.26111  1.25884  1.26145
  3484.22      2.8701  1.27321  1.26430  1.26159  1.25916  1.26210
  3482.72      2.8713  1.27354  1.26474  1.26191  1.25951  1.26275
  3481.22      2.8726  1.27391  1.26520  1.26216  1.25981  1.26341
  3479.72      2.8738  1.27437  1.26576  1.26261  1.26008  1.26408
  3478.22      2.8750  1.27481  1.26642  1.26324  1.26047  1.26476
  3476.72      2.8763  1.27530  1.26703  1.26388  1.26099  1.26544
  3475.22      2.8775  1.27586  1.26735  1.26428  1.26141  1.26612
  3473.72      2.8788  1.27638  1.26749  1.26444  1.26171  1.26682
  3472.22      2.8800  1.27679  1.26788  1.26472  1.26210  1.26752
  3470.72      2.8812  1.27720  1.26847  1.26527  1.26255  1.26822
  3469.22      2.8825  1.27774  1.26904  1.26588  1.26292  1.26893
  3467.72      2.8837  1.27832  1.26958  1.26633  1.26317  1.26963
  3466.22      2.8850  1.27886  1.27017  1.26669  1.26356  1.27034
  3464.72      2.8862  1.27938  1.27079  1.26715  1.26411  1.27104
  3463.22      2.8875  1.27983  1.27131  1.26768  1.26456  1.27175
  3461.72      2.8887  1.28025  1.27173  1.26817  1.26490  1.27246
  3460.22      2.8900  1.28069  1.27217  1.26865  1.26537  1.27317
  3458.72      2.8912  1.28116  1.27270  1.26920  1.26591  1.27387
  3457.22      2.8925  1.28171  1.27320  1.26981  1.26637  1.27457
  3455.72      2.8938  1.28227  1.27365  1.27031  1.26681  1.27527
  3454.22      2.8950  1.28279  1.27416  1.27076  1.26733  1.27596
  3452.72      2.8963  1.28332  1.27471  1.27124  1.26786  1.27666
  3451.22      2.8975  1.28394  1.27519  1.27173  1.26827  1.27735
  3449.72      2.8988  1.28461  1.27564  1.27224  1.26866  1.27805
  3448.22      2.9000  1.28525  1.27612  1.27288  1.26918  1.27874
  3446.72      2.9013  1.28571  1.27665  1.27356  1.26980  1.27945
  3445.22      2.9026  1.28604  1.27723  1.27417  1.27041  1.28016
  3443.72      2.9038  1.28654  1.27790  1.27469  1.27094  1.28088
  3442.22      2.9051  1.28711  1.27855  1.27514  1.27123  1.28161
  3440.72      2.9064  1.28767  1.27916  1.27561  1.27144  1.28235
  3439.22      2.9076  1.28824  1.27975  1.27618  1.27190  1.28309
  3437.72      2.9089  1.28870  1.28024  1.27674  1.27262  1.28385
  3436.22      2.9102  1.28914  1.28075  1.27740  1.27349  1.28460
  3434.72      2.9114  1.28960  1.28134  1.27806  1.27423  1.28536
  3433.22      2.9127  1.29009  1.28192  1.27865  1.27482  1.28611
  3431.72      2.9140  1.29063  1.28247  1.27921  1.27533  1.28687
  3430.22      2.9153  1.29116  1.28303  1.27968  1.27571  1.28761
  3428.72      2.9165  1.29171  1.28365  1.28019  1.27623  1.28835
  3427.22      2.9178  1.29221  1.28425  1.28081  1.27698  1.28906
  3425.72      2.9191  1.29265  1.28481  1.28147  1.27771  1.28978
  3424.22      2.9204  1.29315  1.28530  1.28209  1.27829  1.29049
  3422.72      2.9217  1.29371  1.28570  1.28264  1.27876  1.29119
  3421.22      2.9229  1.29430  1.28615  1.28321  1.27922  1.29190
  3419.72      2.9242  1.29485  1.28673  1.28382  1.27975  1.29260
  3418.22      2.9255  1.29532  1.28738  1.28438  1.28034  1.29332
  3416.72      2.9268  1.29581  1.28816  1.28501  1.28099  1.29404
  3415.22      2.9281  1.29637  1.28898  1.28570  1.28171  1.29477
  3413.72      2.9294  1.29682  1.28961  1.28630  1.28239  1.29550
  3412.22      2.9306  1.29717  1.29010  1.28694  1.28299  1.29621
  3410.72      2.9319  1.29764  1.29058  1.28764  1.28364  1.29694
  3409.22      2.9332  1.29821  1.29114  1.28823  1.28429  1.29765
  3407.72      2.9345  1.29876  1.29163  1.28873  1.28486  1.29836
  3406.22      2.9358  1.29927  1.29199  1.28927  1.28535  1.29907
  3404.72      2.9371  1.29980  1.29246  1.28989  1.28590  1.29977
  3403.22      2.9384  1.30035  1.29308  1.29053  1.28659  1.30046
  3401.72      2.9397  1.30088  1.29370  1.29110  1.28726  1.30116
  3400.22      2.9410  1.30137  1.29427  1.29156  1.28786  1.30185
  3398.72      2.9423  1.30182  1.29480  1.29209  1.28840  1.30255
  3397.22      2.9436  1.30218  1.29539  1.29275  1.28897  1.30323
  3395.72      2.9449  1.30254  1.29606  1.29339  1.28963  1.30391
  3394.21      2.9462  1.30302  1.29666  1.29389  1.29034  1.30459
  3392.71      2.9475  1.30353  1.29711  1.29435  1.29098  1.30526
  3391.21      2.9488  1.30397  1.29761  1.29496  1.29157  1.30593
  3389.71      2.9501  1.30435  1.29817  1.29564  1.29212  1.30659
  3388.21      2.9514  1.30480  1.29868  1.29633  1.29269  1.30723
  3386.71      2.9527  1.30536  1.29910  1.29694  1.29336  1.30785
  3385.21      2.9540  1.30591  1.29950  1.29746  1.29402  1.30847
  3383.71      2.9553  1.30635  1.30000  1.29801  1.29452  1.30909
  3382.21      2.9566  1.30678  1.30058  1.29857  1.29506  1.30970
  3380.71      2.9580  1.30726  1.30124  1.29919  1.29585  1.31030
  3379.21      2.9593  1.30766  1.30183  1.29975  1.29658  1.31089
  3377.71      2.9606  1.30799  1.30226  1.30016  1.29710  1.31148
  3376.21      2.9619  1.30839  1.30268  1.30063  1.29758  1.31207
  3374.71      2.9632  1.30878  1.30315  1.30118  1.29809  1.31265
  3373.21      2.9645  1.30917  1.30370  1.30172  1.29872  1.31323
  3371.71      2.9659  1.30967  1.30433  1.30231  1.29949  1.31380
  3370.21      2.9672  1.31028  1.30485  1.30295  1.30017  1.31436
  3368.71      2.9685  1.31088  1.30527  1.30345  1.30068  1.31491
  3367.21      2.9698  1.31129  1.30569  1.30377  1.30110  1.31546
  3365.71      2.9711  1.31155  1.30611  1.30410  1.30158  1.31599
  3364.21      2.9725  1.31182  1.30654  1.30460  1.30217  1.31651
  3362.71      2.9738  1.31209  1.30703  1.30525  1.30276  1.31702
  3361.21      2.9751  1.31239  1.30753  1.30593  1.30336  1.31753
  3359.71      2.9764  1.31276  1.30793  1.30646  1.30398  1.31803
  3358.21      2.9778  1.31313  1.30824  1.30684  1.30454  1.31854
  3356.71      2.9791  1.31350  1.30863  1.30731  1.30505  1.31902
  3355.21      2.9804  1.31386  1.30915  1.30794  1.30558  1.31951
  3353.71      2.9818  1.31422  1.30966  1.30850  1.30623  1.32000
  3352.21      2.9831  1.31462  1.31014  1.30894  1.30690  1.32049
  3350.71      2.9844  1.31501  1.31064  1.30936  1.30739  1.32097
  3349.21      2.9858  1.31532  1.31104  1.30975  1.30776  1.32144
  3347.71      2.9871  1.31555  1.31132  1.31014  1.30815  1.32190
  3346.21      2.9885  1.31572  1.31159  1.31062  1.30859  1.32236
  3344.71      2.9898  1.31593  1.31189  1.31115  1.30909  1.32280
  3343.21      2.9911  1.31625  1.31230  1.31165  1.30966  1.32324
  3341.71      2.9925  1.31658  1.31278  1.31209  1.31021  1.32366
  3340.21      2.9938  1.31692  1.31323  1.31252  1.31073  1.32408
  3338.71      2.9952  1.31731  1.31365  1.31298  1.31127  1.32448
  3337.21      2.9965  1.31763  1.31405  1.31338  1.31171  1.32487
  3335.71      2.9979  1.31787  1.31434  1.31372  1.31203  1.32524
  3334.21      2.9992  1.31814  1.31454  1.31409  1.31240  1.32560
  3332.71      3.0006  1.31847  1.31488  1.31458  1.31297  1.32596
  3331.21      3.0019  1.31872  1.31529  1.31512  1.31357  1.32631
  3329.71      3.0033  1.31890  1.31550  1.31550  1.31399  1.32665
  3328.21      3.0046  1.31913  1.31568  1.31579  1.31427  1.32699
  3326.71      3.0060  1.31936  1.31597  1.31610  1.31455  1.32733
  3325.21      3.0073  1.31959  1.31635  1.31651  1.31494  1.32766
  3323.71      3.0087  1.31985  1.31674  1.31696  1.31551  1.32800
  3322.21      3.0100  1.32006  1.31703  1.31735  1.31605  1.32833
  3320.71      3.0114  1.32026  1.31728  1.31771  1.31644  1.32866
  3319.21      3.0128  1.32049  1.31752  1.31806  1.31677  1.32897
  3317.71      3.0141  1.32067  1.31779  1.31829  1.31723  1.32928
  3316.21      3.0155  1.32080  1.31804  1.31846  1.31778  1.32960
  3314.71      3.0169  1.32095  1.31830  1.31869  1.31813  1.32991
  3313.21      3.0182  1.32118  1.31864  1.31909  1.31837  1.33021
  3311.71      3.0196  1.32146  1.31895  1.31953  1.31877  1.33051
  3310.21      3.0210  1.32173  1.31913  1.31991  1.31926  1.33081
  3308.71      3.0223  1.32200  1.31936  1.32031  1.31972  1.33111
  3307.21      3.0237  1.32223  1.31971  1.32065  1.32013  1.33141
  3305.71      3.0251  1.32237  1.32009  1.32083  1.32050  1.33170
  3304.21      3.0264  1.32249  1.32037  1.32100  1.32082  1.33198
  3302.71      3.0278  1.32261  1.32052  1.32131  1.32108  1.33224
  3301.21      3.0292  1.32280  1.32070  1.32166  1.32138  1.33251
  3299.71      3.0306  1.32300  1.32094  1.32195  1.32174  1.33276
  3298.21      3.0319  1.32319  1.32116  1.32214  1.32211  1.33301
  3296.71      3.0333  1.32340  1.32135  1.32227  1.32238  1.33325
  3295.21      3.0347  1.32367  1.32156  1.32245  1.32258  1.33348
  3293.71      3.0361  1.32398  1.32183  1.32279  1.32286  1.33371
  3292.21      3.0375  1.32420  1.32210  1.32323  1.32337  1.33392
  3290.71      3.0389  1.32429  1.32230  1.32359  1.32390  1.33413
  3289.21      3.0402  1.32433  1.32247  1.32379  1.32416  1.33435
  3287.71      3.0416  1.32436  1.32264  1.32395  1.32416  1.33456
  3286.21      3.0430  1.32439  1.32281  1.32416  1.32414  1.33478
  3284.71      3.0444  1.32446  1.32305  1.32446  1.32437  1.33498
  3283.21      3.0458  1.32465  1.32332  1.32479  1.32485  1.33520
  3281.71      3.0472  1.32489  1.32350  1.32499  1.32526  1.33542
  3280.21      3.0486  1.32512  1.32369  1.32513  1.32558  1.33565
  3278.71      3.0500  1.32532  1.32392  1.32538  1.32598  1.33588
  3277.21      3.0514  1.32546  1.32413  1.32569  1.32640  1.33612
  3275.71      3.0528  1.32559  1.32434  1.32598  1.32673  1.33636
  3274.21      3.0542  1.32573  1.32456  1.32626  1.32690  1.33660
  3272.71      3.0556  1.32594  1.32480  1.32648  1.32706  1.33683
  3271.21      3.0570  1.32617  1.32507  1.32663  1.32734  1.33707
  3269.71      3.0584  1.32629  1.32523  1.32677  1.32766  1.33729
  3268.21      3.0598  1.32636  1.32529  1.32696  1.32792  1.33751
  3266.71      3.0612  1.32646  1.32530  1.32718  1.32812  1.33772
  3265.21      3.0626  1.32658  1.32540  1.32740  1.32833  1.33794
  3263.71      3.0640  1.32671  1.32564  1.32765  1.32857  1.33814
  3262.21      3.0654  1.32682  1.32589  1.32789  1.32885  1.33836
  3260.71      3.0668  1.32695  1.32616  1.32809  1.32923  1.33858
  3259.20      3.0682  1.32707  1.32643  1.32828  1.32958  1.33880
  3257.70      3.0696  1.32723  1.32670  1.32850  1.32987  1.33902
  3256.20      3.0711  1.32751  1.32690  1.32874  1.33023  1.33924
  3254.70      3.0725  1.32774  1.32694  1.32893  1.33049  1.33947
  3253.20      3.0739  1.32785  1.32692  1.32919  1.33063  1.33969
  3251.70      3.0753  1.32796  1.32706  1.32955  1.33079  1.33992
  3250.20      3.0767  1.32811  1.32738  1.32982  1.33096  1.34013
  3248.70      3.0782  1.32829  1.32775  1.33008  1.33116  1.34036
  3247.20      3.0796  1.32845  1.32801  1.33035  1.33150  1.34058
  3245.70      3.0810  1.32860  1.32813  1.33047  1.33191  1.34080
  3244.20      3.0824  1.32876  1.32832  1.33053  1.33223  1.34102
  3242.70      3.0838  1.32890  1.32864  1.33073  1.33245  1.34125
  3241.20      3.0853  1.32903  1.32887  1.33106  1.33268  1.34147
  3239.70      3.0867  1.32921  1.32893  1.33141  1.33288  1.34171
  3238.20      3.0881  1.32941  1.32894  1.33163  1.33300  1.34194
  3236.70      3.0896  1.32957  1.32903  1.33178  1.33323  1.34216
  3235.20      3.0910  1.32977  1.32925  1.33201  1.33370  1.34238
  3233.70      3.0924  1.33001  1.32955  1.33228  1.33418  1.34260
  3232.20      3.0939  1.33022  1.32990  1.33251  1.33453  1.34281
  3230.70      3.0953  1.33034  1.33019  1.33270  1.33474  1.34302
  3229.20      3.0967  1.33044  1.33032  1.33283  1.33483  1.34322
  3227.70      3.0982  1.33056  1.33036  1.33298  1.33493  1.34341
  3226.20      3.0996  1.33069  1.33044  1.33314  1.33515  1.34360
  3224.70      3.1011  1.33086  1.33062  1.33335  1.33548  1.34380
  3223.20      3.1025  1.33105  1.33085  1.33360  1.33582  1.34400
  3221.70      3.1039  1.33114  1.33102  1.33380  1.33598  1.34419
  3220.20      3.1054  1.33123  1.33122  1.33399  1.33601  1.34439
  3218.70      3.1068  1.33140  1.33142  1.33424  1.33615  1.34459
  3217.20      3.1083  1.33162  1.33161  1.33450  1.33647  1.34480
  3215.70      3.1097  1.33187  1.33182  1.33469  1.33674  1.34500
  3214.20      3.1112  1.33208  1.33201  1.33480  1.33687  1.34520
  3212.70      3.1126  1.33226  1.33220  1.33495  1.33707  1.34540
  3211.20      3.1141  1.33236  1.33231  1.33507  1.33735  1.34560
  3209.70      3.1156  1.33243  1.33237  1.33516  1.33754  1.34579
  3208.20      3.1170  1.33260  1.33250  1.33542  1.33777  1.34597
  3206.70      3.1185  1.33280  1.33268  1.33581  1.33802  1.34616
  3205.20      3.1199  1.33296  1.33283  1.33609  1.33820  1.34635
  3203.70      3.1214  1.33309  1.33298  1.33619  1.33835  1.34652
  3202.20      3.1229  1.33323  1.33318  1.33620  1.33853  1.34671
  3200.70      3.1243  1.33340  1.33337  1.33627  1.33873  1.34690
  3199.20      3.1258  1.33355  1.33347  1.33644  1.33887  1.34708
  3197.70      3.1272  1.33368  1.33352  1.33666  1.33904  1.34727
  3196.20      3.1287  1.33379  1.33363  1.33691  1.33932  1.34746
  3194.70      3.1302  1.33389  1.33385  1.33713  1.33968  1.34766
  3193.20      3.1317  1.33411  1.33419  1.33734  1.34013  1.34784
  3191.70      3.1331  1.33440  1.33452  1.33748  1.34044  1.34803
  3190.20      3.1346  1.33459  1.33470  1.33754  1.34051  1.34820
  3188.70      3.1361  1.33474  1.33481  1.33758  1.34055  1.34838
  3187.20      3.1376  1.33488  1.33496  1.33771  1.34067  1.34853
  3185.70      3.1390  1.33499  1.33506  1.33798  1.34081  1.34869
  3184.20      3.1405  1.33509  1.33516  1.33830  1.34093  1.34884
  3182.70      3.1420  1.33520  1.33537  1.33857  1.34108  1.34898
  3181.20      3.1435  1.33535  1.33557  1.33871  1.34127  1.34913
  3179.70      3.1450  1.33556  1.33566  1.33880  1.34148  1.34927
  3178.20      3.1464  1.33571  1.33571  1.33892  1.34159  1.34942
  3176.70      3.1479  1.33580  1.33585  1.33910  1.34168  1.34956
  3175.20      3.1494  1.33596  1.33613  1.33931  1.34187  1.34971
  3173.70      3.1509  1.33616  1.33645  1.33953  1.34213  1.34985
  3172.20      3.1524  1.33636  1.33667  1.33977  1.34237  1.34999
  3170.70      3.1539  1.33650  1.33676  1.34002  1.34257  1.35013
  3169.20      3.1554  1.33663  1.33676  1.34019  1.34275  1.35027
  3167.70      3.1569  1.33681  1.33686  1.34027  1.34296  1.35040
  3166.20      3.1584  1.33693  1.33705  1.34029  1.34310  1.35053
  3164.70      3.1599  1.33701  1.33722  1.34034  1.34317  1.35067
  3163.20      3.1614  1.33710  1.33735  1.34041  1.34328  1.35080
  3161.70      3.1629  1.33719  1.33742  1.34050  1.34346  1.35094
  3160.20      3.1644  1.33733  1.33758  1.34067  1.34365  1.35107
  3158.70      3.1659  1.33753  1.33779  1.34081  1.34375  1.35121
  3157.20      3.1674  1.33776  1.33797  1.34091  1.34388  1.35135
  3155.70      3.1689  1.33801  1.33820  1.34115  1.34418  1.35149
  3154.20      3.1704  1.33824  1.33848  1.34149  1.34453  1.35163
  3152.70      3.1719  1.33844  1.33871  1.34177  1.34479  1.35176
  3151.20      3.1734  1.33854  1.33884  1.34202  1.34490  1.35189
  3149.70      3.1749  1.33856  1.33890  1.34223  1.34490  1.35201
  3148.20      3.1764  1.33861  1.33896  1.34234  1.34493  1.35213
  3146.70      3.1779  1.33871  1.33910  1.34230  1.34508  1.35224
  3145.20      3.1795  1.33886  1.33931  1.34233  1.34529  1.35235
  3143.70      3.1810  1.33904  1.33951  1.34248  1.34543  1.35246
  3142.20      3.1825  1.33924  1.33964  1.34262  1.34555  1.35255
  3140.70      3.1840  1.33952  1.33980  1.34285  1.34580  1.35266
  3139.20      3.1855  1.33972  1.33997  1.34319  1.34600  1.35277
  3137.70      3.1871  1.33983  1.34009  1.34344  1.34601  1.35287
  3136.20      3.1886  1.33994  1.34022  1.34351  1.34603  1.35297
  3134.70      3.1901  1.34007  1.34036  1.34356  1.34625  1.35305
  3133.20      3.1916  1.34017  1.34051  1.34364  1.34650  1.35314
  3131.70      3.1932  1.34026  1.34066  1.34372  1.34670  1.35323
  3130.20      3.1947  1.34040  1.34081  1.34387  1.34685  1.35332
  3128.70      3.1962  1.34053  1.34091  1.34408  1.34694  1.35342
  3127.20      3.1978  1.34063  1.34097  1.34425  1.34697  1.35351
  3125.69      3.1993  1.34072  1.34107  1.34434  1.34706  1.35361
  3124.19      3.2008  1.34092  1.34120  1.34434  1.34726  1.35373
  3122.69      3.2024  1.34121  1.34134  1.34442  1.34753  1.35385
  3121.19      3.2039  1.34158  1.34160  1.34471  1.34788  1.35398
  3119.69      3.2054  1.34194  1.34201  1.34508  1.34821  1.35411
  3118.19      3.2070  1.34217  1.34235  1.34528  1.34836  1.35423
  3116.69      3.2085  1.34227  1.34249  1.34532  1.34843  1.35436
  3115.19      3.2101  1.34233  1.34254  1.34537  1.34851  1.35446
  3113.69      3.2116  1.34233  1.34258  1.34545  1.34857  1.35457
  3112.19      3.2132  1.34238  1.34274  1.34562  1.34868  1.35466
  3110.69      3.2147  1.34254  1.34297  1.34585  1.34880  1.35475
  3109.19      3.2163  1.34276  1.34315  1.34607  1.34893  1.35484
  3107.69      3.2178  1.34290  1.34321  1.34626  1.34911  1.35493
  3106.19      3.2194  1.34295  1.34316  1.34638  1.34932  1.35500
  3104.69      3.2209  1.34308  1.34318  1.34648  1.34954  1.35508
  3103.19      3.2225  1.34335  1.34333  1.34660  1.34976  1.35517
  3101.69      3.2240  1.34367  1.34363  1.34671  1.34992  1.35525
  3100.19      3.2256  1.34387  1.34399  1.34689  1.35003  1.35533
  3098.69      3.2272  1.34390  1.34420  1.34712  1.35008  1.35542
  3097.19      3.2287  1.34397  1.34426  1.34733  1.35014  1.35550
  3095.69      3.2303  1.34412  1.34436  1.34748  1.35033  1.35559
  3094.19      3.2319  1.34422  1.34453  1.34754  1.35057  1.35569
  3092.69      3.2334  1.34441  1.34475  1.34774  1.35081  1.35580
  3091.19      3.2350  1.34472  1.34501  1.34807  1.35097  1.35592
  3089.69      3.2366  1.34502  1.34519  1.34827  1.35107  1.35604
  3088.19      3.2381  1.34525  1.34533  1.34830  1.35122  1.35617
  3086.69      3.2397  1.34545  1.34554  1.34839  1.35144  1.35631
  3085.19      3.2413  1.34563  1.34587  1.34864  1.35173  1.35644
  3083.69      3.2429  1.34576  1.34617  1.34897  1.35205  1.35658
  3082.19      3.2444  1.34593  1.34632  1.34924  1.35232  1.35670
  3080.69      3.2460  1.34619  1.34646  1.34946  1.35254  1.35681
  3079.19      3.2476  1.34646  1.34670  1.34967  1.35276  1.35692
  3077.69      3.2492  1.34668  1.34693  1.34985  1.35293  1.35702
  3076.19      3.2508  1.34686  1.34709  1.35003  1.35303  1.35712
  3074.69      3.2524  1.34703  1.34718  1.35019  1.35310  1.35722
  3073.19      3.2539  1.34721  1.34729  1.35031  1.35317  1.35731
  3071.69      3.2555  1.34739  1.34749  1.35041  1.35334  1.35740
  3070.19      3.2571  1.34757  1.34778  1.35058  1.35364  1.35750
  3068.69      3.2587  1.34782  1.34812  1.35085  1.35399  1.35760
  3067.19      3.2603  1.34813  1.34848  1.35121  1.35426  1.35770
  3065.69      3.2619  1.34837  1.34862  1.35146  1.35433  1.35781
  3064.19      3.2635  1.34852  1.34861  1.35161  1.35436  1.35790
  3062.69      3.2651  1.34863  1.34875  1.35173  1.35443  1.35800
  3061.19      3.2667  1.34873  1.34901  1.35188  1.35455  1.35811
  3059.69      3.2683  1.34887  1.34923  1.35213  1.35481  1.35821
  3058.19      3.2699  1.34907  1.34943  1.35241  1.35516  1.35832
  3056.69      3.2715  1.34933  1.34964  1.35262  1.35546  1.35843
  3055.19      3.2731  1.34959  1.34982  1.35277  1.35570  1.35854
  3053.69      3.2747  1.34981  1.35007  1.35289  1.35591  1.35867
  3052.19      3.2763  1.35006  1.35049  1.35309  1.35616  1.35881
  3050.69      3.2779  1.35030  1.35086  1.35335  1.35637  1.35895
  3049.19      3.2796  1.35049  1.35100  1.35355  1.35651  1.35909
  3047.69      3.2812  1.35073  1.35105  1.35374  1.35673  1.35924
  3046.19      3.2828  1.35106  1.35118  1.35403  1.35708  1.35938
  3044.69      3.2844  1.35142  1.35142  1.35442  1.35751  1.35952
  3043.19      3.2860  1.35171  1.35177  1.35475  1.35791  1.35966
  3041.69      3.2876  1.35193  1.35218  1.35499  1.35819  1.35979
  3040.19      3.2893  1.35211  1.35246  1.35518  1.35828  1.35990
  3038.69      3.2909  1.35219  1.35248  1.35533  1.35826  1.36001
  3037.19      3.2925  1.35226  1.35244  1.35553  1.35840  1.36011
  3035.69      3.2941  1.35248  1.35264  1.35594  1.35874  1.36020
  3034.19      3.2958  1.35278  1.35304  1.35638  1.35910  1.36030
  3032.69      3.2974  1.35306  1.35337  1.35665  1.35933  1.36039
  3031.19      3.2990  1.35327  1.35353  1.35671  1.35953  1.36048
  3029.69      3.3007  1.35341  1.35364  1.35672  1.35973  1.36058
  3028.19      3.3023  1.35355  1.35382  1.35679  1.35992  1.36069
  3026.69      3.3039  1.35380  1.35409  1.35693  1.36010  1.36081
  3025.19      3.3056  1.35418  1.35440  1.35720  1.36030  1.36093
  3023.69      3.3072  1.35450  1.35463  1.35753  1.36053  1.36106
  3022.19      3.3089  1.35466  1.35478  1.35778  1.36081  1.36119
  3020.69      3.3105  1.35479  1.35500  1.35796  1.36114  1.36133
  3019.19      3.3122  1.35499  1.35530  1.35819  1.36136  1.36149
  3017.69      3.3138  1.35530  1.35561  1.35848  1.36146  1.36162
  3016.19      3.3154  1.35570  1.35588  1.35883  1.36171  1.36177
  3014.69      3.3171  1.35608  1.35616  1.35922  1.36216  1.36190
  3013.19      3.3187  1.35630  1.35651  1.35953  1.36260  1.36203
  3011.69      3.3204  1.35644  1.35693  1.35972  1.36295  1.36217
  3010.19      3.3221  1.35652  1.35721  1.35979  1.36317  1.36230
  3008.69      3.3237  1.35664  1.35733  1.35990  1.36330  1.36243
  3007.19      3.3254  1.35681  1.35745  1.36014  1.36344  1.36257
  3005.69      3.3270  1.35699  1.35756  1.36042  1.36363  1.36270
  3004.19      3.3287  1.35722  1.35766  1.36067  1.36390  1.36286
  3002.69      3.3304  1.35750  1.35775  1.36091  1.36420  1.36301
  3001.19      3.3320  1.35775  1.35799  1.36120  1.36446  1.36317
  2999.69      3.3337  1.35803  1.35839  1.36160  1.36470  1.36334
  2998.19      3.3354  1.35835  1.35883  1.36206  1.36494  1.36350
  2996.69      3.3370  1.35865  1.35919  1.36245  1.36521  1.36367
  2995.19      3.3387  1.35889  1.35950  1.36267  1.36555  1.36384
  2993.69      3.3404  1.35914  1.35978  1.36284  1.36591  1.36400
  2992.19      3.3420  1.35948  1.36009  1.36314  1.36629  1.36417
  2990.68      3.3437  1.35978  1.36035  1.36342  1.36662  1.36433
  2989.18      3.3454  1.36000  1.36058  1.36359  1.36694  1.36448
  2987.68      3.3471  1.36020  1.36085  1.36382  1.36724  1.36464
  2986.18      3.3488  1.36037  1.36111  1.36415  1.36741  1.36480
  2984.68      3.3504  1.36062  1.36132  1.36445  1.36757  1.36496
  2983.18      3.3521  1.36092  1.36167  1.36467  1.36784  1.36512
  2981.68      3.3538  1.36121  1.36214  1.36495  1.36829  1.36529
  2980.18      3.3555  1.36150  1.36248  1.36532  1.36880  1.36546
  2978.68      3.3572  1.36177  1.36259  1.36561  1.36914  1.36563
  2977.18      3.3589  1.36208  1.36269  1.36589  1.36936  1.36580
  2975.68      3.3606  1.36245  1.36303  1.36626  1.36966  1.36596
  2974.18      3.3623  1.36279  1.36351  1.36664  1.37001  1.36612
  2972.68      3.3640  1.36298  1.36385  1.36691  1.37025  1.36627
  2971.18      3.3657  1.36313  1.36401  1.36715  1.37044  1.36643
  2969.68      3.3674  1.36335  1.36416  1.36741  1.37068  1.36659
  2968.18      3.3691  1.36367  1.36445  1.36768  1.37096  1.36675
  2966.68      3.3708  1.36404  1.36486  1.36800  1.37129  1.36692
  2965.18      3.3725  1.36445  1.36530  1.36839  1.37169  1.36709
  2963.68      3.3742  1.36485  1.36570  1.36879  1.37216  1.36726
  2962.18      3.3759  1.36518  1.36599  1.36913  1.37255  1.36744
  2960.68      3.3776  1.36545  1.36622  1.36948  1.37287  1.36761
  2959.18      3.3793  1.36568  1.36650  1.36987  1.37325  1.36779
  2957.68      3.3810  1.36590  1.36677  1.37021  1.37360  1.36796
  2956.18      3.3827  1.36619  1.36706  1.37053  1.37394  1.36814
  2954.68      3.3845  1.36657  1.36742  1.37088  1.37430  1.36833
  2953.18      3.3862  1.36695  1.36776  1.37121  1.37465  1.36852
  2951.68      3.3879  1.36725  1.36806  1.37143  1.37493  1.36871
  2950.18      3.3896  1.36748  1.36837  1.37162  1.37509  1.36890
  2948.68      3.3913  1.36783  1.36874  1.37194  1.37537  1.36910
  2947.18      3.3931  1.36831  1.36916  1.37244  1.37593  1.36932
  2945.68      3.3948  1.36877  1.36964  1.37298  1.37654  1.36953
  2944.18      3.3965  1.36914  1.37014  1.37339  1.37698  1.36974
  2942.68      3.3983  1.36933  1.37048  1.37368  1.37716  1.36995
  2941.18      3.4000  1.36950  1.37064  1.37393  1.37728  1.37016
  2939.68      3.4017  1.36981  1.37089  1.37425  1.37765  1.37038
  2938.18      3.4035  1.37017  1.37130  1.37461  1.37820  1.37061
  2936.68      3.4052  1.37058  1.37170  1.37502  1.37871  1.37085
  2935.18      3.4069  1.37103  1.37196  1.37539  1.37902  1.37111
  2933.68      3.4087  1.37152  1.37226  1.37573  1.37925  1.37136
  2932.18      3.4104  1.37207  1.37282  1.37623  1.37964  1.37163
  2930.68      3.4122  1.37263  1.37345  1.37681  1.38024  1.37190
  2929.18      3.4139  1.37306  1.37396  1.37724  1.38088  1.37216
  2927.68      3.4157  1.37336  1.37434  1.37763  1.38140  1.37239
  2926.18      3.4174  1.37354  1.37463  1.37813  1.38182  1.37262
  2924.68      3.4192  1.37370  1.37494  1.37865  1.38219  1.37280
  2923.18      3.4209  1.37394  1.37534  1.37907  1.38261  1.37298
  2921.68      3.4227  1.37428  1.37575  1.37942  1.38315  1.37313
  2920.18      3.4244  1.37460  1.37612  1.37983  1.38377  1.37327
  2918.68      3.4262  1.37483  1.37647  1.38036  1.38441  1.37338
  2917.18      3.4280  1.37503  1.37681  1.38093  1.38504  1.37349
  2915.68      3.4297  1.37527  1.37711  1.38140  1.38554  1.37359
  2914.18      3.4315  1.37551  1.37733  1.38167  1.38573  1.37369
  2912.68      3.4333  1.37569  1.37748  1.38170  1.38566  1.37379
  2911.18      3.4350  1.37582  1.37756  1.38157  1.38565  1.37390
  2909.68      3.4368  1.37596  1.37760  1.38147  1.38579  1.37401
  2908.18      3.4386  1.37610  1.37773  1.38159  1.38593  1.37411
  2906.68      3.4404  1.37623  1.37796  1.38191  1.38601  1.37424
  2905.18      3.4421  1.37638  1.37819  1.38229  1.38614  1.37436
  2903.68      3.4439  1.37659  1.37841  1.38252  1.38635  1.37450
  2902.18      3.4457  1.37683  1.37864  1.38263  1.38660  1.37463
  2900.68      3.4475  1.37706  1.37894  1.38284  1.38689  1.37477
  2899.18      3.4493  1.37728  1.37928  1.38325  1.38726  1.37490
  2897.68      3.4510  1.37755  1.37959  1.38370  1.38778  1.37504
  2896.18      3.4528  1.37784  1.37989  1.38416  1.38832  1.37517
  2894.68      3.4546  1.37802  1.38010  1.38449  1.38865  1.37531
  2893.18      3.4564  1.37813  1.38023  1.38463  1.38872  1.37544
  2891.68      3.4582  1.37833  1.38037  1.38472  1.38880  1.37557
  2890.18      3.4600  1.37857  1.38050  1.38486  1.38903  1.37571
  2888.68      3.4618  1.37878  1.38069  1.38507  1.38935  1.37585
  2887.18      3.4636  1.37889  1.38098  1.38530  1.38964  1.37599
  2885.68      3.4654  1.37896  1.38126  1.38552  1.38993  1.37613
  2884.18      3.4672  1.37918  1.38154  1.38583  1.39026  1.37628
  2882.68      3.4690  1.37948  1.38182  1.38621  1.39054  1.37644
  2881.18      3.4708  1.37978  1.38207  1.38656  1.39078  1.37660
  2879.68      3.4726  1.38008  1.38232  1.38684  1.39110  1.37677
  2878.18      3.4744  1.38038  1.38260  1.38713  1.39156  1.37695
  2876.68      3.4762  1.38073  1.38300  1.38751  1.39209  1.37713
  2875.18      3.4780  1.38116  1.38352  1.38802  1.39261  1.37731
  2873.68      3.4799  1.38159  1.38401  1.38853  1.39311  1.37751
  2872.18      3.4817  1.38185  1.38431  1.38890  1.39356  1.37769
  2870.68      3.4835  1.38194  1.38444  1.38914  1.39392  1.37787
  2869.18      3.4853  1.38212  1.38463  1.38941  1.39427  1.37805
  2867.68      3.4871  1.38244  1.38499  1.38975  1.39464  1.37824
  2866.18      3.4890  1.38280  1.38543  1.39011  1.39497  1.37844
  2864.68      3.4908  1.38313  1.38579  1.39050  1.39529  1.37862
  2863.18      3.4926  1.38341  1.38608  1.39087  1.39566  1.37881
  2861.68      3.4945  1.38372  1.38637  1.39123  1.39605  1.37899
  2860.18      3.4963  1.38413  1.38671  1.39163  1.39635  1.37919
  2858.68      3.4981  1.38452  1.38709  1.39198  1.39663  1.37938
  2857.17      3.5000  1.38485  1.38750  1.39228  1.39705  1.37954
  2855.67      3.5018  1.38524  1.38792  1.39267  1.39759  1.37970
  2854.17      3.5036  1.38562  1.38837  1.39317  1.39812  1.37984
  2852.67      3.5055  1.38582  1.38883  1.39370  1.39866  1.37996
  2851.17      3.5073  1.38598  1.38927  1.39425  1.39928  1.38007
  2849.67      3.5092  1.38623  1.38962  1.39471  1.39987  1.38016
  2848.17      3.5110  1.38657  1.38984  1.39501  1.40029  1.38025
  2846.67      3.5129  1.38674  1.38986  1.39513  1.40037  1.38033
  2845.17      3.5147  1.38676  1.38975  1.39513  1.40020  1.38042
  2843.67      3.5166  1.38683  1.38974  1.39516  1.40014  1.38050
  2842.17      3.5184  1.38701  1.38989  1.39524  1.40021  1.38060
  2840.67      3.5203  1.38735  1.39027  1.39546  1.40050  1.38070
  2839.17      3.5222  1.38771  1.39082  1.39582  1.40098  1.38079
  2837.67      3.5240  1.38790  1.39121  1.39617  1.40138  1.38090
  2836.17      3.5259  1.38806  1.39142  1.39653  1.40168  1.38099
  2834.67      3.5277  1.38826  1.39159  1.39691  1.40195  1.38108
  2833.17      3.5296  1.38843  1.39184  1.39719  1.40230  1.38118
  2831.67      3.5315  1.38859  1.39210  1.39737  1.40274  1.38128
  2830.17      3.5334  1.38881  1.39230  1.39757  1.40312  1.38136
  2828.67      3.5352  1.38905  1.39246  1.39792  1.40339  1.38146
  2827.17      3.5371  1.38923  1.39263  1.39828  1.40364  1.38155
  2825.67      3.5390  1.38942  1.39284  1.39858  1.40397  1.38165
  2824.17      3.5409  1.38968  1.39314  1.39891  1.40442  1.38176
  2822.67      3.5427  1.38994  1.39351  1.39925  1.40491  1.38189
  2821.17      3.5446  1.39017  1.39388  1.39958  1.40533  1.38201
  2819.67      3.5465  1.39039  1.39417  1.39988  1.40564  1.38215
  2818.17      3.5484  1.39058  1.39443  1.40014  1.40589  1.38230
  2816.67      3.5503  1.39076  1.39470  1.40038  1.40620  1.38245
  2815.17      3.5522  1.39095  1.39491  1.40063  1.40658  1.38260
  2813.67      3.5541  1.39118  1.39506  1.40090  1.40696  1.38275
  2812.17      3.5560  1.39150  1.39533  1.40124  1.40733  1.38290
  2810.67      3.5579  1.39184  1.39573  1.40164  1.40774  1.38303
  2809.17      3.5598  1.39206  1.39604  1.40196  1.40805  1.38317
  2807.67      3.5617  1.39218  1.39626  1.40221  1.40827  1.38328
  2806.17      3.5636  1.39230  1.39650  1.40246  1.40846  1.38339
  2804.67      3.5655  1.39247  1.39669  1.40275  1.40873  1.38350
  2803.17      3.5674  1.39265  1.39688  1.40307  1.40910  1.38360
  2801.67      3.5693  1.39279  1.39712  1.40333  1.40945  1.38371
  2800.17      3.5712  1.39293  1.39738  1.40358  1.40976  1.38381
  2798.67      3.5731  1.39311  1.39754  1.40389  1.41009  1.38391
  2797.17      3.5750  1.39324  1.39763  1.40411  1.41037  1.38401
  2795.67      3.5770  1.39333  1.39780  1.40421  1.41060  1.38412
  2794.17      3.5789  1.39341  1.39800  1.40427  1.41078  1.38421
  2792.67      3.5808  1.39354  1.39816  1.40441  1.41097  1.38432
  2791.17      3.5827  1.39374  1.39828  1.40466  1.41123  1.38440
  2789.67      3.5847  1.39388  1.39838  1.40488  1.41148  1.38449
  2788.17      3.5866  1.39393  1.39848  1.40497  1.41162  1.38457
  2786.67      3.5885  1.39395  1.39853  1.40495  1.41162  1.38464
  2785.17      3.5904  1.39404  1.39856  1.40499  1.41171  1.38470
  2783.67      3.5924  1.39418  1.39868  1.40515  1.41197  1.38476
  2782.17      3.5943  1.39424  1.39886  1.40538  1.41221  1.38482
  2780.67      3.5963  1.39424  1.39904  1.40567  1.41238  1.38488
  2779.17      3.5982  1.39426  1.39919  1.40592  1.41251  1.38492
  2777.67      3.6001  1.39436  1.39933  1.40605  1.41266  1.38497
  2776.17      3.6021  1.39456  1.39953  1.40618  1.41290  1.38502
  2774.67      3.6040  1.39472  1.39972  1.40630  1.41316  1.38506
  2773.17      3.6060  1.39476  1.39973  1.40637  1.41332  1.38509
  2771.67      3.6079  1.39478  1.39964  1.40643  1.41341  1.38512
  2770.17      3.6099  1.39482  1.39967  1.40650  1.41353  1.38516
  2768.67      3.6118  1.39489  1.39980  1.40664  1.41373  1.38518
  2767.17      3.6138  1.39496  1.39990  1.40676  1.41397  1.38520
  2765.67      3.6158  1.39502  1.39995  1.40683  1.41416  1.38522
  2764.17      3.6177  1.39506  1.40000  1.40693  1.41428  1.38522
  2762.67      3.6197  1.39509  1.40003  1.40703  1.41434  1.38523
  2761.17      3.6217  1.39512  1.40006  1.40709  1.41442  1.38523
  2759.67      3.6236  1.39518  1.40015  1.40716  1.41451  1.38523
  2758.17      3.6256  1.39528  1.40030  1.40728  1.41464  1.38523
  2756.67      3.6276  1.39536  1.40043  1.40740  1.41484  1.38523
  2755.17      3.6295  1.39543  1.40055  1.40755  1.41502  1.38522
  2753.67      3.6315  1.39552  1.40065  1.40773  1.41514  1.38520
  2752.17      3.6335  1.39565  1.40078  1.40795  1.41530  1.38519
  2750.67      3.6355  1.39581  1.40098  1.40816  1.41559  1.38516
  2749.17      3.6375  1.39593  1.40111  1.40831  1.41589  1.38514
  2747.67      3.6395  1.39602  1.40113  1.40844  1.41611  1.38511
  2746.17      3.6414  1.39602  1.40111  1.40853  1.41617  1.38506
  2744.67      3.6434  1.39592  1.40114  1.40851  1.41610  1.38501
  2743.17      3.6454  1.39581  1.40120  1.40846  1.41600  1.38497
  2741.67      3.6474  1.39578  1.40119  1.40843  1.41594  1.38491
  2740.17      3.6494  1.39588  1.40119  1.40847  1.41598  1.38485
  2738.67      3.6514  1.39603  1.40124  1.40857  1.41622  1.38480
  2737.17      3.6534  1.39611  1.40128  1.40868  1.41647  1.38475
  2735.67      3.6554  1.39611  1.40131  1.40876  1.41656  1.38469
  2734.17      3.6574  1.39610  1.40133  1.40876  1.41654  1.38464
  2732.67      3.6594  1.39614  1.40131  1.40877  1.41657  1.38459
  2731.17      3.6614  1.39617  1.40124  1.40882  1.41666  1.38454
  2729.67      3.6635  1.39617  1.40126  1.40885  1.41676  1.38449
  2728.17      3.6655  1.39628  1.40147  1.40896  1.41693  1.38444
  2726.67      3.6675  1.39644  1.40170  1.40909  1.41716  1.38439
  2725.17      3.6695  1.39649  1.40178  1.40917  1.41734  1.38433
  2723.67      3.6715  1.39644  1.40175  1.40925  1.41743  1.38427
  2722.16      3.6735  1.39638  1.40176  1.40932  1.41742  1.38421
  2720.66      3.6756  1.39631  1.40181  1.40929  1.41735  1.38413
  2719.16      3.6776  1.39623  1.40183  1.40921  1.41727  1.38406
  2717.66      3.6796  1.39614  1.40182  1.40921  1.41726  1.38399
  2716.16      3.6817  1.39607  1.40181  1.40929  1.41729  1.38391
  2714.66      3.6837  1.39605  1.40186  1.40932  1.41734  1.38383
  2713.16      3.6857  1.39604  1.40189  1.40930  1.41741  1.38376
  2711.66      3.6878  1.39605  1.40186  1.40928  1.41749  1.38369
  2710.16      3.6898  1.39609  1.40179  1.40929  1.41750  1.38363
  2708.66      3.6919  1.39610  1.40175  1.40931  1.41746  1.38357
  2707.16      3.6939  1.39605  1.40175  1.40933  1.41746  1.38353
  2705.66      3.6960  1.39601  1.40174  1.40933  1.41751  1.38348
  2704.16      3.6980  1.39601  1.40166  1.40936  1.41757  1.38343
  2702.66      3.7001  1.39600  1.40150  1.40934  1.41759  1.38338
  2701.16      3.7021  1.39597  1.40132  1.40927  1.41754  1.38333
  2699.66      3.7042  1.39589  1.40125  1.40920  1.41750  1.38326
  2698.16      3.7062  1.39574  1.40128  1.40917  1.41756  1.38320
  2696.66      3.7083  1.39559  1.40131  1.40911  1.41755  1.38313
  2695.16      3.7104  1.39549  1.40129  1.40903  1.41744  1.38305
  2693.66      3.7124  1.39542  1.40116  1.40890  1.41734  1.38297
  2692.16      3.7145  1.39536  1.40095  1.40872  1.41729  1.38290
  2690.66      3.7166  1.39529  1.40084  1.40862  1.41718  1.38282
  2689.16      3.7186  1.39520  1.40083  1.40859  1.41703  1.38275
  2687.66      3.7207  1.39516  1.40079  1.40852  1.41694  1.38269
  2686.16      3.7228  1.39509  1.40066  1.40840  1.41690  1.38263
  2684.66      3.7249  1.39495  1.40052  1.40835  1.41681  1.38259
  2683.16      3.7269  1.39484  1.40045  1.40838  1.41673  1.38254
  2681.66      3.7290  1.39480  1.40040  1.40839  1.41669  1.38249
  2680.16      3.7311  1.39482  1.40033  1.40834  1.41673  1.38245
  2678.66      3.7332  1.39479  1.40025  1.40820  1.41675  1.38240
  2677.16      3.7353  1.39467  1.40019  1.40805  1.41674  1.38235
  2675.66      3.7374  1.39455  1.40015  1.40796  1.41673  1.38229
  2674.16      3.7395  1.39440  1.40006  1.40791  1.41663  1.38223
  2672.66      3.7416  1.39423  1.39993  1.40787  1.41640  1.38216
  2671.16      3.7437  1.39404  1.39976  1.40777  1.41617  1.38209
  2669.66      3.7458  1.39389  1.39958  1.40761  1.41604  1.38202
  2668.16      3.7479  1.39382  1.39941  1.40746  1.41598  1.38194
  2666.66      3.7500  1.39377  1.39923  1.40729  1.41588  1.38187
  2665.16      3.7521  1.39367  1.39909  1.40714  1.41573  1.38180
  2663.66      3.7542  1.39355  1.39904  1.40707  1.41565  1.38173
  2662.16      3.7563  1.39346  1.39907  1.40698  1.41565  1.38166
  2660.66      3.7585  1.39340  1.39904  1.40682  1.41564  1.38160
  2659.16      3.7606  1.39335  1.39897  1.40669  1.41556  1.38153
  2657.66      3.7627  1.39329  1.39891  1.40664  1.41535  1.38147
  2656.16      3.7648  1.39321  1.39886  1.40660  1.41515  1.38140
  2654.66      3.7670  1.39307  1.39874  1.40654  1.41506  1.38133
  2653.16      3.7691  1.39296  1.39856  1.40645  1.41502  1.38125
  2651.66      3.7712  1.39293  1.39843  1.40636  1.41501  1.38118
  2650.16      3.7734  1.39289  1.39834  1.40626  1.41499  1.38110
  2648.66      3.7755  1.39282  1.39828  1.40612  1.41494  1.38101
  2647.16      3.7776  1.39279  1.39817  1.40601  1.41489  1.38093
  2645.66      3.7798  1.39275  1.39803  1.40597  1.41489  1.38085
  2644.16      3.7819  1.39264  1.39796  1.40596  1.41491  1.38078
  2642.66      3.7841  1.39254  1.39796  1.40591  1.41485  1.38071
  2641.16      3.7862  1.39252  1.39795  1.40587  1.41470  1.38064
  2639.66      3.7884  1.39255  1.39792  1.40583  1.41463  1.38057
  2638.16      3.7905  1.39253  1.39789  1.40577  1.41467  1.38051
  2636.66      3.7927  1.39247  1.39782  1.40575  1.41473  1.38044
  2635.16      3.7948  1.39242  1.39776  1.40578  1.41477  1.38037
  2633.66      3.7970  1.39238  1.39775  1.40576  1.41470  1.38030
  2632.16      3.7992  1.39239  1.39778  1.40573  1.41455  1.38022
  2630.66      3.8013  1.39248  1.39789  1.40577  1.41452  1.38014
  2629.16      3.8035  1.39256  1.39799  1.40581  1.41459  1.38006
  2627.66      3.8057  1.39255  1.39801  1.40576  1.41466  1.37998
  2626.16      3.8078  1.39249  1.39796  1.40565  1.41470  1.37990
  2624.66      3.8100  1.39247  1.39796  1.40560  1.41474  1.37981
  2623.16      3.8122  1.39246  1.39799  1.40567  1.41472  1.37974
  2621.66      3.8144  1.39243  1.39798  1.40582  1.41468  1.37967
  2620.16      3.8166  1.39242  1.39796  1.40595  1.41470  1.37959
  2618.66      3.8188  1.39241  1.39794  1.40596  1.41478  1.37952
  2617.16      3.8209  1.39241  1.39791  1.40588  1.41487  1.37945
  2615.66      3.8231  1.39243  1.39794  1.40587  1.41496  1.37939
  2614.16      3.8253  1.39244  1.39800  1.40592  1.41492  1.37933
  2612.66      3.8275  1.39251  1.39806  1.40597  1.41483  1.37926
  2611.16      3.8297  1.39261  1.39804  1.40593  1.41475  1.37921
  2609.66      3.8319  1.39264  1.39799  1.40584  1.41471  1.37916
  2608.16      3.8341  1.39266  1.39798  1.40575  1.41473  1.37912
  2606.66      3.8363  1.39262  1.39802  1.40571  1.41482  1.37907
  2605.16      3.8385  1.39255  1.39806  1.40572  1.41494  1.37903
  2603.66      3.8408  1.39251  1.39811  1.40578  1.41503  1.37900
  2602.16      3.8430  1.39253  1.39810  1.40580  1.41501  1.37896
  2600.66      3.8452  1.39257  1.39806  1.40580  1.41496  1.37892
  2599.16      3.8474  1.39259  1.39808  1.40579  1.41494  1.37889
  2597.66      3.8496  1.39256  1.39819  1.40576  1.41501  1.37885
  2596.16      3.8518  1.39251  1.39821  1.40579  1.41505  1.37884
  2594.66      3.8541  1.39247  1.39808  1.40589  1.41501  1.37881
  2593.16      3.8563  1.39247  1.39800  1.40591  1.41497  1.37880
  2591.66      3.8585  1.39254  1.39807  1.40586  1.41494  1.37878
  2590.16      3.8608  1.39262  1.39815  1.40579  1.41494  1.37878
  2588.65      3.8630  1.39262  1.39813  1.40568  1.41502  1.37877
  2587.15      3.8652  1.39258  1.39806  1.40559  1.41507  1.37878
  2585.65      3.8675  1.39251  1.39800  1.40556  1.41497  1.37878
  2584.15      3.8697  1.39246  1.39799  1.40557  1.41488  1.37879
  2582.65      3.8720  1.39246  1.39806  1.40561  1.41494  1.37879
  2581.15      3.8742  1.39247  1.39807  1.40569  1.41502  1.37880
  2579.65      3.8765  1.39245  1.39801  1.40575  1.41505  1.37880
  2578.15      3.8787  1.39241  1.39789  1.40577  1.41497  1.37881
  2576.65      3.8810  1.39238  1.39780  1.40576  1.41484  1.37881
  2575.15      3.8833  1.39233  1.39783  1.40568  1.41478  1.37882
  2573.65      3.8855  1.39225  1.39785  1.40550  1.41477  1.37883
  2572.15      3.8878  1.39226  1.39782  1.40537  1.41479  1.37883
  2570.65      3.8901  1.39229  1.39780  1.40539  1.41474  1.37884
  2569.15      3.8923  1.39222  1.39773  1.40550  1.41464  1.37885
  2567.65      3.8946  1.39211  1.39760  1.40559  1.41459  1.37886
  2566.15      3.8969  1.39207  1.39749  1.40549  1.41462  1.37886
  2564.65      3.8992  1.39210  1.39746  1.40529  1.41463  1.37887
  2563.15      3.9014  1.39212  1.39744  1.40515  1.41457  1.37888
  2561.65      3.9037  1.39207  1.39739  1.40512  1.41451  1.37888
  2560.15      3.9060  1.39203  1.39737  1.40519  1.41451  1.37888
  2558.65      3.9083  1.39201  1.39739  1.40523  1.41453  1.37889
  2557.15      3.9106  1.39202  1.39740  1.40522  1.41450  1.37889
  2555.65      3.9129  1.39201  1.39733  1.40513  1.41444  1.37889
  2554.15      3.9152  1.39199  1.39722  1.40502  1.41433  1.37889
  2552.65      3.9175  1.39201  1.39718  1.40498  1.41429  1.37889
  2551.15      3.9198  1.39200  1.39727  1.40501  1.41432  1.37889
  2549.65      3.9221  1.39197  1.39738  1.40503  1.41433  1.37888
  2548.15      3.9244  1.39196  1.39744  1.40500  1.41429  1.37888
  2546.65      3.9267  1.39195  1.39744  1.40501  1.41423  1.37886
  2545.15      3.9290  1.39194  1.39741  1.40506  1.41421  1.37885
  2543.65      3.9314  1.39194  1.39737  1.40505  1.41418  1.37883
  2542.15      3.9337  1.39193  1.39731  1.40493  1.41415  1.37881
  2540.65      3.9360  1.39192  1.39721  1.40483  1.41419  1.37878
  2539.15      3.9383  1.39195  1.39717  1.40486  1.41425  1.37876
  2537.65      3.9407  1.39203  1.39722  1.40497  1.41429  1.37873
  2536.15      3.9430  1.39210  1.39731  1.40507  1.41437  1.37870
  2534.65      3.9453  1.39213  1.39739  1.40509  1.41448  1.37867
  2533.15      3.9477  1.39213  1.39746  1.40506  1.41453  1.37864
  2531.65      3.9500  1.39216  1.39754  1.40505  1.41454  1.37861
  2530.15      3.9523  1.39220  1.39758  1.40512  1.41450  1.37858
  2528.65      3.9547  1.39225  1.39752  1.40520  1.41447  1.37854
  2527.15      3.9570  1.39232  1.39750  1.40531  1.41452  1.37852
  2525.65      3.9594  1.39239  1.39761  1.40535  1.41456  1.37849
  2524.15      3.9617  1.39247  1.39772  1.40534  1.41456  1.37846
  2522.65      3.9641  1.39255  1.39777  1.40531  1.41458  1.37843
  2521.15      3.9664  1.39261  1.39786  1.40529  1.41462  1.37841
  2519.65      3.9688  1.39270  1.39801  1.40536  1.41468  1.37838
  2518.15      3.9712  1.39275  1.39806  1.40548  1.41477  1.37834
  2516.65      3.9735  1.39279  1.39803  1.40556  1.41490  1.37830
  2515.15      3.9759  1.39286  1.39805  1.40562  1.41504  1.37826
  2513.65      3.9783  1.39295  1.39815  1.40569  1.41510  1.37821
  2512.15      3.9807  1.39306  1.39831  1.40581  1.41508  1.37818
  2510.65      3.9830  1.39316  1.39844  1.40594  1.41501  1.37813
  2509.15      3.9854  1.39323  1.39850  1.40607  1.41496  1.37809
  2507.65      3.9878  1.39328  1.39850  1.40620  1.41501  1.37805
  2506.15      3.9902  1.39333  1.39849  1.40628  1.41511  1.37802
  2504.65      3.9926  1.39341  1.39851  1.40631  1.41519  1.37799
  2503.15      3.9950  1.39348  1.39858  1.40634  1.41526  1.37796
  2501.65      3.9974  1.39357  1.39870  1.40643  1.41533  1.37792
  2500.15      3.9998  1.39369  1.39886  1.40653  1.41544  1.37790
  2498.65      4.0022  1.39374  1.39898  1.40655  1.41559  1.37788
  2497.15      4.0046  1.39377  1.39906  1.40653  1.41569  1.37786
  2495.65      4.0070  1.39384  1.39910  1.40655  1.41568  1.37784
  2494.15      4.0094  1.39390  1.39910  1.40658  1.41563  1.37784
  2492.65      4.0118  1.39397  1.39921  1.40668  1.41559  1.37784
  2491.15      4.0142  1.39404  1.39935  1.40680  1.41561  1.37784
  2489.65      4.0166  1.39407  1.39944  1.40685  1.41571  1.37785
  2488.15      4.0191  1.39410  1.39945  1.40681  1.41582  1.37786
  2486.65      4.0215  1.39416  1.39945  1.40683  1.41592  1.37788
  2485.15      4.0239  1.39426  1.39947  1.40694  1.41602  1.37789
  2483.65      4.0263  1.39436  1.39956  1.40702  1.41609  1.37792
  2482.15      4.0288  1.39443  1.39969  1.40703  1.41609  1.37794
  2480.65      4.0312  1.39451  1.39978  1.40704  1.41606  1.37796
  2479.15      4.0336  1.39457  1.39978  1.40707  1.41603  1.37799
  2477.65      4.0361  1.39459  1.39981  1.40709  1.41601  1.37803
  2476.15      4.0385  1.39459  1.39990  1.40714  1.41608  1.37807
  2474.65      4.0410  1.39456  1.39996  1.40721  1.41622  1.37811
  2473.15      4.0434  1.39449  1.39990  1.40725  1.41622  1.37815
  2471.65      4.0459  1.39447  1.39981  1.40727  1.41614  1.37819
  2470.15      4.0483  1.39452  1.39975  1.40726  1.41611  1.37823
  2468.65      4.0508  1.39459  1.39978  1.40724  1.41621  1.37826
  2467.15      4.0533  1.39465  1.39987  1.40726  1.41627  1.37829
  2465.65      4.0557  1.39464  1.39995  1.40728  1.41616  1.37832
  2464.15      4.0582  1.39460  1.39997  1.40733  1.41600  1.37834
  2462.65      4.0607  1.39456  1.39994  1.40732  1.41596  1.37836
  2461.15      4.0631  1.39455  1.39993  1.40726  1.41599  1.37838
  2459.65      4.0656  1.39457  1.39998  1.40729  1.41597  1.37840
  2458.15      4.0681  1.39452  1.39999  1.40738  1.41591  1.37841
  2456.65      4.0706  1.39449  1.39995  1.40737  1.41593  1.37843
  2455.15      4.0731  1.39450  1.39986  1.40724  1.41599  1.37845
  2453.64      4.0756  1.39449  1.39976  1.40713  1.41597  1.37845
  2452.14      4.0781  1.39450  1.39973  1.40708  1.41593  1.37847
  2450.64      4.0806  1.39450  1.39972  1.40703  1.41593  1.37847
  2449.14      4.0831  1.39446  1.39969  1.40696  1.41591  1.37848
  2447.64      4.0856  1.39442  1.39965  1.40687  1.41584  1.37848
  2446.14      4.0881  1.39437  1.39960  1.40678  1.41572  1.37849
  2444.64      4.0906  1.39434  1.39955  1.40680  1.41560  1.37849
  2443.14      4.0931  1.39430  1.39949  1.40687  1.41552  1.37849
  2441.64      4.0956  1.39426  1.39945  1.40688  1.41547  1.37849
  2440.14      4.0981  1.39425  1.39948  1.40678  1.41543  1.37848
  2438.64      4.1006  1.39425  1.39957  1.40664  1.41536  1.37847
  2437.14      4.1032  1.39424  1.39957  1.40657  1.41527  1.37845
  2435.64      4.1057  1.39422  1.39940  1.40655  1.41518  1.37841
  2434.14      4.1082  1.39416  1.39923  1.40645  1.41509  1.37838
  2432.64      4.1108  1.39411  1.39920  1.40634  1.41503  1.37832
  2431.14      4.1133  1.39413  1.39922  1.40632  1.41501  1.37827
  2429.64      4.1158  1.39417  1.39915  1.40632  1.41497  1.37821
  2428.14      4.1184  1.39417  1.39907  1.40631  1.41487  1.37814
  2426.64      4.1209  1.39419  1.39908  1.40633  1.41477  1.37808
  2425.14      4.1235  1.39420  1.39906  1.40637  1.41469  1.37801
  2423.64      4.1260  1.39416  1.39898  1.40636  1.41465  1.37794
  2422.14      4.1286  1.39406  1.39892  1.40628  1.41463  1.37786
  2420.64      4.1311  1.39395  1.39893  1.40613  1.41459  1.37780
  2419.14      4.1337  1.39395  1.39898  1.40605  1.41458  1.37772
  2417.64      4.1363  1.39399  1.39897  1.40605  1.41455  1.37764
  2416.14      4.1388  1.39398  1.39895  1.40605  1.41453  1.37756
  2414.64      4.1414  1.39392  1.39896  1.40597  1.41452  1.37747
  2413.14      4.1440  1.39391  1.39896  1.40590  1.41441  1.37739
  2411.64      4.1466  1.39398  1.39895  1.40589  1.41428  1.37730
  2410.14      4.1491  1.39399  1.39889  1.40586  1.41417  1.37721
  2408.64      4.1517  1.39393  1.39882  1.40579  1.41407  1.37711
  2407.14      4.1543  1.39388  1.39879  1.40573  1.41397  1.37702
  2405.64      4.1569  1.39385  1.39880  1.40565  1.41384  1.37691
  2404.14      4.1595  1.39382  1.39877  1.40559  1.41374  1.37680
  2402.64      4.1621  1.39374  1.39868  1.40555  1.41368  1.37669
  2401.14      4.1647  1.39371  1.39857  1.40553  1.41365  1.37658
  2399.64      4.1673  1.39374  1.39854  1.40552  1.41365  1.37645
  2398.14      4.1699  1.39369  1.39848  1.40547  1.41363  1.37634
  2396.64      4.1725  1.39363  1.39836  1.40537  1.41354  1.37622
  2395.14      4.1751  1.39361  1.39828  1.40529  1.41336  1.37611
  2393.64      4.1777  1.39358  1.39823  1.40523  1.41316  1.37600
  2392.14      4.1804  1.39352  1.39818  1.40520  1.41304  1.37588
  2390.64      4.1830  1.39339  1.39812  1.40514  1.41301  1.37577
  2389.14      4.1856  1.39326  1.39808  1.40505  1.41296  1.37565
  2387.64      4.1882  1.39322  1.39810  1.40504  1.41287  1.37554
  2386.14      4.1909  1.39330  1.39816  1.40510  1.41280  1.37542
  2384.64      4.1935  1.39324  1.39821  1.40507  1.41279  1.37531
  2383.14      4.1961  1.39314  1.39821  1.40491  1.41283  1.37519
  2381.64      4.1988  1.39304  1.39819  1.40480  1.41289  1.37507
  2380.14      4.2014  1.39294  1.39820  1.40485  1.41292  1.37495
  2378.64      4.2041  1.39283  1.39815  1.40490  1.41282  1.37483
  2377.14      4.2067  1.39272  1.39798  1.40480  1.41261  1.37471
  2375.64      4.2094  1.39261  1.39778  1.40469  1.41246  1.37459
  2374.14      4.2121  1.39250  1.39760  1.40461  1.41236  1.37446
  2372.64      4.2147  1.39238  1.39746  1.40437  1.41205  1.37432
  2371.14      4.2174  1.39226  1.39742  1.40416  1.41162  1.37419
  2369.64      4.2201  1.39215  1.39743  1.40411  1.41127  1.37405
  2368.14      4.2227  1.39203  1.39753  1.40394  1.41099  1.37390
  2366.64      4.2254  1.39191  1.39758  1.40357  1.41064  1.37375
  2365.14      4.2281  1.39178  1.39719  1.40350  1.41037  1.37359
  2363.64      4.2308  1.39166  1.39639  1.40385  1.41021  1.37344
  2362.14      4.2335  1.39154  1.39583  1.40396  1.40984  1.37329
  2360.64      4.2361  1.39141  1.39585  1.40349  1.40943  1.37316
  2359.14      4.2388  1.39129  1.39594  1.40288  1.40930  1.37303
  2357.64      4.2415  1.39116  1.39571  1.40251  1.40908  1.37293
  2356.14      4.2442  1.39103  1.39544  1.40235  1.40870  1.37286
  2354.64      4.2469  1.39090  1.39507  1.40202  1.40820  1.37282
  2353.14      4.2496  1.39077  1.39452  1.40127  1.40766  1.37280
  2351.64      4.2524  1.39064  1.39406  1.40052  1.40730  1.37280
  2350.14      4.2551  1.39051  1.39398  1.40029  1.40729  1.37281
  2348.64      4.2578  1.39037  1.39448  1.40081  1.40779  1.37284
  2347.14      4.2605  1.39024  1.39519  1.40162  1.40848  1.37288
  2345.64      4.2632  1.39011  1.39534  1.40210  1.40870  1.37291
  2344.14      4.2660  1.38997  1.39515  1.40221  1.40841  1.37293
  2342.64      4.2687  1.38983  1.39513  1.40212  1.40787  1.37293
  2341.14      4.2714  1.38970  1.39501  1.40171  1.40727  1.37291
  2339.64      4.2742  1.38956  1.39466  1.40119  1.40710  1.37287
  2338.14      4.2769  1.38942  1.39442  1.40082  1.40729  1.37282
  2336.64      4.2797  1.38928  1.39425  1.40061  1.40730  1.37273
  2335.14      4.2824  1.38914  1.39384  1.40050  1.40700  1.37264
  2333.64      4.2852  1.38900  1.39329  1.40034  1.40683  1.37253
  2332.14      4.2879  1.38885  1.39287  1.40003  1.40675  1.37239
  2330.64      4.2907  1.38871  1.39253  1.39969  1.40644  1.37225
  2329.14      4.2934  1.38856  1.39220  1.39956  1.40589  1.37211
  2327.64      4.2962  1.38842  1.39208  1.39940  1.40529  1.37197
  2326.14      4.2990  1.38827  1.39211  1.39900  1.40480  1.37183
  2324.64      4.3018  1.38812  1.39210  1.39864  1.40460  1.37169
  2323.14      4.3045  1.38797  1.39206  1.39841  1.40469  1.37155
  2321.64      4.3073  1.38782  1.39190  1.39804  1.40479  1.37141
  2320.13      4.3101  1.38767  1.39164  1.39756  1.40465  1.37127
  2318.63      4.3129  1.38752  1.39135  1.39727  1.40433  1.37113
  2317.13      4.3157  1.38736  1.39091  1.39724  1.40410  1.37098
  2315.63      4.3185  1.38721  1.39058  1.39731  1.40406  1.37084
  2314.13      4.3213  1.38705  1.39050  1.39716  1.40399  1.37070
  2312.63      4.3241  1.38689  1.39043  1.39690  1.40378  1.37055
  2311.13      4.3269  1.38673  1.39024  1.39674  1.40353  1.37042
  2309.63      4.3297  1.38657  1.39004  1.39667  1.40330  1.37029
  2308.13      4.3325  1.38641  1.38994  1.39666  1.40324  1.37017
  2306.63      4.3353  1.38624  1.38984  1.39660  1.40323  1.37005
  2305.13      4.3381  1.38607  1.38966  1.39646  1.40312  1.36993
  2303.63      4.3410  1.38590  1.38954  1.39639  1.40309  1.36982
  2302.13      4.3438  1.38572  1.38952  1.39629  1.40315  1.36972
  2300.63      4.3466  1.38554  1.38949  1.39606  1.40314  1.36961
  2299.13      4.3495  1.38535  1.38941  1.39582  1.40309  1.36952
  2297.63      4.3523  1.38522  1.38931  1.39569  1.40301  1.36942
  2296.13      4.3551  1.38516  1.38926  1.39578  1.40298  1.36932
  2294.63      4.3580  1.38507  1.38924  1.39589  1.40298  1.36924
  2293.13      4.3608  1.38495  1.38922  1.39583  1.40297  1.36915
  2291.63      4.3637  1.38487  1.38923  1.39568  1.40294  1.36905
  2290.13      4.3666  1.38483  1.38919  1.39561  1.40291  1.36896
  2288.63      4.3694  1.38477  1.38909  1.39567  1.40294  1.36888
  2287.13      4.3723  1.38467  1.38893  1.39572  1.40298  1.36878
  2285.63      4.3752  1.38454  1.38884  1.39568  1.40298  1.36869
  2284.13      4.3780  1.38446  1.38890  1.39563  1.40300  1.36860
  2282.63      4.3809  1.38445  1.38896  1.39562  1.40302  1.36850
  2281.13      4.3838  1.38445  1.38893  1.39567  1.40300  1.36842
  2279.63      4.3867  1.38441  1.38886  1.39572  1.40292  1.36834
  2278.13      4.3896  1.38436  1.38881  1.39574  1.40285  1.36826
  2276.63      4.3925  1.38432  1.38884  1.39580  1.40289  1.36819
  2275.13      4.3953  1.38419  1.38883  1.39582  1.40297  1.36812
  2273.63      4.3983  1.38406  1.38875  1.39581  1.40302  1.36805
  2272.13      4.4012  1.38401  1.38865  1.39582  1.40302  1.36800
  2270.63      4.4041  1.38400  1.38864  1.39580  1.40299  1.36794
  2269.13      4.4070  1.38397  1.38864  1.39570  1.40297  1.36790
  2267.63      4.4099  1.38394  1.38860  1.39559  1.40296  1.36785
  2266.13      4.4128  1.38388  1.38854  1.39553  1.40291  1.36781
  2264.63      4.4157  1.38376  1.38853  1.39557  1.40288  1.36778
  2263.13      4.4187  1.38367  1.38862  1.39568  1.40293  1.36775
  2261.63      4.4216  1.38361  1.38868  1.39568  1.40305  1.36772
  2260.13      4.4245  1.38358  1.38863  1.39562  1.40318  1.36769
  2258.63      4.4275  1.38355  1.38853  1.39561  1.40323  1.36768
  2257.13      4.4304  1.38353  1.38839  1.39560  1.40317  1.36766
  2255.63      4.4334  1.38351  1.38836  1.39558  1.40313  1.36766
  2254.13      4.4363  1.38344  1.38839  1.39551  1.40317  1.36765
  2252.63      4.4393  1.38336  1.38838  1.39540  1.40325  1.36765
  2251.13      4.4422  1.38331  1.38830  1.39537  1.40331  1.36765
  2249.63      4.4452  1.38322  1.38818  1.39539  1.40326  1.36765
  2248.13      4.4481  1.38319  1.38814  1.39543  1.40319  1.36766
  2246.63      4.4511  1.38315  1.38814  1.39546  1.40319  1.36766
  2245.13      4.4541  1.38303  1.38813  1.39547  1.40320  1.36766
  2243.63      4.4571  1.38291  1.38809  1.39544  1.40324  1.36767
  2242.13      4.4600  1.38280  1.38800  1.39535  1.40326  1.36768
  2240.63      4.4630  1.38276  1.38791  1.39527  1.40330  1.36769
  2239.13      4.4660  1.38274  1.38781  1.39522  1.40337  1.36769
  2237.63      4.4690  1.38269  1.38775  1.39517  1.40332  1.36770
  2236.13      4.4720  1.38259  1.38778  1.39513  1.40318  1.36770
  2234.63      4.4750  1.38244  1.38777  1.39511  1.40302  1.36770
  2233.13      4.4780  1.38231  1.38768  1.39516  1.40296  1.36769
  2231.63      4.4810  1.38228  1.38758  1.39519  1.40296  1.36769
  2230.13      4.4840  1.38226  1.38751  1.39510  1.40298  1.36768
  2228.63      4.4871  1.38224  1.38750  1.39503  1.40305  1.36768
  2227.13      4.4901  1.38220  1.38754  1.39500  1.40313  1.36768
  2225.63      4.4931  1.38210  1.38759  1.39497  1.40315  1.36767
  2224.13      4.4961  1.38200  1.38757  1.39491  1.40312  1.36766
  2222.63      4.4992  1.38192  1.38747  1.39479  1.40311  1.36765
  2221.13      4.5022  1.38188  1.38738  1.39467  1.40318  1.36763
  2219.63      4.5053  1.38187  1.38737  1.39460  1.40325  1.36761
  2218.13      4.5083  1.38184  1.38735  1.39458  1.40323  1.36758
  2216.63      4.5114  1.38179  1.38732  1.39465  1.40316  1.36754
  2215.13      4.5144  1.38174  1.38730  1.39481  1.40316  1.36750
  2213.63      4.5175  1.38168  1.38726  1.39489  1.40319  1.36745
  2212.13      4.5205  1.38169  1.38720  1.39486  1.40323  1.36739
  2210.63      4.5236  1.38176  1.38718  1.39481  1.40326  1.36734
  2209.13      4.5267  1.38176  1.38719  1.39477  1.40324  1.36728
  2207.63      4.5298  1.38172  1.38717  1.39473  1.40320  1.36722
  2206.13      4.5328  1.38168  1.38712  1.39469  1.40322  1.36716
  2204.63      4.5359  1.38161  1.38715  1.39470  1.40326  1.36709
  2203.13      4.5390  1.38158  1.38726  1.39472  1.40332  1.36701
  2201.63      4.5421  1.38162  1.38726  1.39471  1.40333  1.36694
  2200.13      4.5452  1.38167  1.38721  1.39468  1.40332  1.36685
  2198.63      4.5483  1.38164  1.38715  1.39461  1.40330  1.36675
  2197.13      4.5514  1.38153  1.38706  1.39451  1.40326  1.36665
  2195.63      4.5545  1.38152  1.38701  1.39454  1.40330  1.36654
  2194.13      4.5576  1.38157  1.38705  1.39463  1.40330  1.36643
  2192.63      4.5607  1.38162  1.38716  1.39474  1.40331  1.36631
  2191.13      4.5639  1.38165  1.38724  1.39488  1.40338  1.36620
  2189.63      4.5670  1.38159  1.38725  1.39496  1.40347  1.36609
  2188.12      4.5701  1.38154  1.38728  1.39503  1.40353  1.36597
  2186.62      4.5733  1.38154  1.38725  1.39505  1.40352  1.36586
  2185.12      4.5764  1.38157  1.38714  1.39499  1.40346  1.36574
  2183.62      4.5795  1.38159  1.38705  1.39488  1.40345  1.36563
  2182.12      4.5827  1.38158  1.38699  1.39474  1.40345  1.36551
  2180.62      4.5858  1.38158  1.38703  1.39467  1.40347  1.36539
  2179.12      4.5890  1.38155  1.38714  1.39469  1.40349  1.36527
  2177.62      4.5922  1.38148  1.38716  1.39471  1.40351  1.36516
  2176.12      4.5953  1.38143  1.38717  1.39471  1.40351  1.36506
  2174.62      4.5985  1.38135  1.38721  1.39462  1.40347  1.36494
  2173.12      4.6017  1.38128  1.38721  1.39450  1.40347  1.36483
  2171.62      4.6048  1.38129  1.38716  1.39451  1.40351  1.36472
  2170.12      4.6080  1.38133  1.38708  1.39462  1.40351  1.36460
  2168.62      4.6112  1.38133  1.38701  1.39471  1.40346  1.36449
  2167.12      4.6144  1.38126  1.38697  1.39473  1.40341  1.36438
  2165.62      4.6176  1.38117  1.38697  1.39465  1.40333  1.36426
  2164.12      4.6208  1.38114  1.38700  1.39450  1.40327  1.36415
  2162.62      4.6240  1.38110  1.38693  1.39431  1.40321  1.36405
  2161.12      4.6272  1.38100  1.38672  1.39415  1.40309  1.36394
  2159.62      4.6304  1.38089  1.38654  1.39411  1.40293  1.36384
  2158.12      4.6337  1.38078  1.38650  1.39410  1.40285  1.36373
  2156.62      4.6369  1.38071  1.38649  1.39402  1.40282  1.36363
  2155.12      4.6401  1.38067  1.38640  1.39392  1.40275  1.36354
  2153.62      4.6433  1.38057  1.38622  1.39380  1.40261  1.36344
  2152.12      4.6466  1.38043  1.38606  1.39370  1.40245  1.36335
  2150.62      4.6498  1.38033  1.38596  1.39361  1.40228  1.36326
  2149.12      4.6531  1.38021  1.38589  1.39341  1.40211  1.36316
  2147.62      4.6563  1.38009  1.38585  1.39320  1.40205  1.36306
  2146.12      4.6596  1.37992  1.38576  1.39304  1.40201  1.36297
  2144.62      4.6628  1.37975  1.38555  1.39293  1.40189  1.36287
  2143.12      4.6661  1.37963  1.38535  1.39284  1.40170  1.36277
  2141.62      4.6694  1.37944  1.38519  1.39265  1.40149  1.36267
  2140.12      4.6726  1.37928  1.38504  1.39244  1.40132  1.36257
  2138.62      4.6759  1.37915  1.38480  1.39223  1.40114  1.36247
  2137.12      4.6792  1.37901  1.38459  1.39203  1.40093  1.36237
  2135.62      4.6825  1.37888  1.38449  1.39194  1.40077  1.36226
  2134.12      4.6858  1.37871  1.38436  1.39185  1.40053  1.36217
  2132.62      4.6891  1.37853  1.38415  1.39168  1.40026  1.36206
  2131.12      4.6924  1.37836  1.38394  1.39138  1.40000  1.36195
  2129.62      4.6957  1.37813  1.38368  1.39106  1.39978  1.36185
  2128.12      4.6990  1.37791  1.38346  1.39082  1.39961  1.36173
  2126.62      4.7023  1.37766  1.38323  1.39056  1.39942  1.36162
  2125.12      4.7056  1.37744  1.38296  1.39023  1.39912  1.36151
  2123.62      4.7089  1.37728  1.38271  1.38992  1.39876  1.36140
  2122.12      4.7123  1.37710  1.38243  1.38962  1.39843  1.36129
  2120.62      4.7156  1.37688  1.38220  1.38938  1.39818  1.36117
  2119.12      4.7189  1.37664  1.38197  1.38920  1.39790  1.36105
  2117.62      4.7223  1.37639  1.38174  1.38901  1.39760  1.36092
  2116.12      4.7256  1.37615  1.38154  1.38877  1.39729  1.36077
  2114.62      4.7290  1.37591  1.38130  1.38848  1.39692  1.36062
  2113.12      4.7323  1.37569  1.38101  1.38813  1.39660  1.36045
  2111.62      4.7357  1.37548  1.38074  1.38785  1.39641  1.36028
  2110.12      4.7391  1.37526  1.38050  1.38768  1.39624  1.36010
  2108.62      4.7424  1.37503  1.38027  1.38752  1.39598  1.35992
  2107.12      4.7458  1.37479  1.38009  1.38731  1.39563  1.35973
  2105.62      4.7492  1.37455  1.37984  1.38699  1.39525  1.35954
  2104.12      4.7526  1.37435  1.37951  1.38662  1.39492  1.35935
  2102.62      4.7560  1.37419  1.37918  1.38632  1.39470  1.35915
  2101.12      4.7594  1.37402  1.37894  1.38604  1.39446  1.35896
  2099.62      4.7628  1.37382  1.37878  1.38575  1.39416  1.35876
  2098.12      4.7662  1.37356  1.37855  1.38541  1.39379  1.35855
  2096.62      4.7696  1.37328  1.37824  1.38515  1.39346  1.35834
  2095.12      4.7730  1.37309  1.37797  1.38502  1.39315  1.35812
  2093.62      4.7764  1.37291  1.37767  1.38478  1.39278  1.35789
  2092.12      4.7798  1.37272  1.37737  1.38443  1.39245  1.35764
  2090.62      4.7833  1.37249  1.37714  1.38407  1.39213  1.35739
  2089.12      4.7867  1.37219  1.37693  1.38371  1.39176  1.35713
  2087.62      4.7901  1.37194  1.37677  1.38335  1.39147  1.35687
  2086.12      4.7936  1.37171  1.37652  1.38295  1.39118  1.35659
  2084.62      4.7970  1.37148  1.37616  1.38258  1.39085  1.35632
  2083.12      4.8005  1.37118  1.37582  1.38226  1.39054  1.35605
  2081.62      4.8040  1.37085  1.37551  1.38197  1.39019  1.35578
  2080.12      4.8074  1.37063  1.37529  1.38178  1.38984  1.35550
  2078.62      4.8109  1.37042  1.37499  1.38157  1.38948  1.35523
  2077.12      4.8144  1.37015  1.37465  1.38131  1.38916  1.35497
  2075.62      4.8178  1.36990  1.37442  1.38108  1.38892  1.35470
  2074.12      4.8213  1.36966  1.37416  1.38078  1.38862  1.35444
  2072.62      4.8248  1.36945  1.37386  1.38042  1.38824  1.35417
  2071.12      4.8283  1.36925  1.37355  1.38003  1.38781  1.35391
  2069.62      4.8318  1.36900  1.37322  1.37970  1.38745  1.35365
  2068.12      4.8353  1.36879  1.37298  1.37949  1.38718  1.35338
  2066.62      4.8388  1.36859  1.37277  1.37924  1.38686  1.35311
  2065.12      4.8423  1.36834  1.37249  1.37892  1.38644  1.35284
  2063.62      4.8459  1.36803  1.37218  1.37862  1.38603  1.35257
  2062.12      4.8494  1.36767  1.37185  1.37830  1.38569  1.35231
  2060.62      4.8529  1.36733  1.37150  1.37794  1.38542  1.35205
  2059.12      4.8565  1.36707  1.37117  1.37757  1.38509  1.35177
  2057.62      4.8600  1.36682  1.37088  1.37720  1.38460  1.35151
  2056.12      4.8635  1.36657  1.37058  1.37684  1.38407  1.35125
  2054.61      4.8671  1.36635  1.37030  1.37646  1.38369  1.35099
  2053.11      4.8706  1.36608  1.37006  1.37607  1.38340  1.35072
  2051.61      4.8742  1.36574  1.36984  1.37570  1.38310  1.35045
  2050.11      4.8778  1.36541  1.36959  1.37534  1.38271  1.35018
  2048.61      4.8813  1.36515  1.36927  1.37497  1.38227  1.34991
  2047.11      4.8849  1.36492  1.36891  1.37460  1.38184  1.34964
  2045.61      4.8885  1.36457  1.36847  1.37422  1.38143  1.34936
  2044.11      4.8921  1.36421  1.36803  1.37384  1.38103  1.34910
  2042.61      4.8957  1.36389  1.36764  1.37345  1.38060  1.34883
  2041.11      4.8993  1.36354  1.36722  1.37300  1.38013  1.34858
  2039.61      4.9029  1.36319  1.36686  1.37266  1.37975  1.34833
  2038.11      4.9065  1.36285  1.36652  1.37236  1.37931  1.34809
  2036.61      4.9101  1.36253  1.36617  1.37203  1.37883  1.34786
  2035.11      4.9137  1.36221  1.36577  1.37166  1.37845  1.34762
  2033.61      4.9174  1.36178  1.36533  1.37116  1.37803  1.34740
  2032.11      4.9210  1.36135  1.36501  1.37065  1.37755  1.34717
  2030.61      4.9246  1.36097  1.36471  1.37017  1.37706  1.34693
  2029.11      4.9283  1.36063  1.36427  1.36968  1.37660  1.34670
  2027.61      4.9319  1.36035  1.36378  1.36928  1.37622  1.34645
  2026.11      4.9356  1.35997  1.36326  1.36883  1.37572  1.34618
  2024.61      4.9392  1.35957  1.36281  1.36833  1.37511  1.34592
  2023.11      4.9429  1.35920  1.36245  1.36785  1.37455  1.34564
  2021.61      4.9465  1.35875  1.36205  1.36734  1.37401  1.34536
  2020.11      4.9502  1.35836  1.36166  1.36691  1.37354  1.34507
  2018.61      4.9539  1.35802  1.36124  1.36647  1.37305  1.34477
  2017.11      4.9576  1.35765  1.36080  1.36597  1.37251  1.34448
  2015.61      4.9613  1.35723  1.36040  1.36547  1.37200  1.34419
  2014.11      4.9650  1.35680  1.35993  1.36494  1.37155  1.34391
  2012.61      4.9687  1.35640  1.35945  1.36450  1.37118  1.34362
  2011.11      4.9724  1.35597  1.35898  1.36414  1.37066  1.34333
  2009.61      4.9761  1.35552  1.35854  1.36370  1.36999  1.34304
  2008.11      4.9798  1.35514  1.35809  1.36313  1.36937  1.34274
  2006.61      4.9835  1.35477  1.35762  1.36248  1.36881  1.34245
  2005.11      4.9873  1.35433  1.35720  1.36187  1.36824  1.34215
  2003.61      4.9910  1.35387  1.35676  1.36134  1.36773  1.34185
  2002.11      4.9947  1.35338  1.35629  1.36090  1.36729  1.34152
  2000.61      4.9985  1.35292  1.35580  1.36050  1.36682  1.34119
  1999.11      5.0022  1.35252  1.35530  1.36007  1.36629  1.34084
  1997.61      5.0060  1.35213  1.35477  1.35961  1.36570  1.34048
  1996.11      5.0097  1.35177  1.35429  1.35916  1.36514  1.34010
  1994.61      5.0135  1.35153  1.35388  1.35871  1.36471  1.33972
  1993.11      5.0173  1.35131  1.35337  1.35816  1.36426  1.33932
  1991.61      5.0211  1.35092  1.35278  1.35753  1.36360  1.33894
  1990.11      5.0248  1.35039  1.35231  1.35696  1.36288  1.33856
  1988.61      5.0286  1.34991  1.35194  1.35649  1.36227  1.33820
  1987.11      5.0324  1.34949  1.35151  1.35607  1.36180  1.33786
  1985.61      5.0362  1.34901  1.35094  1.35556  1.36128  1.33751
  1984.11      5.0400  1.34856  1.35045  1.35508  1.36076  1.33717
  1982.61      5.0439  1.34815  1.35008  1.35465  1.36020  1.33683
  1981.11      5.0477  1.34770  1.34966  1.35418  1.35961  1.33649
  1979.61      5.0515  1.34730  1.34919  1.35375  1.35914  1.33615
  1978.11      5.0553  1.34685  1.34873  1.35325  1.35863  1.33578
  1976.61      5.0592  1.34641  1.34834  1.35272  1.35814  1.33540
  1975.11      5.0630  1.34600  1.34798  1.35226  1.35771  1.33501
  1973.61      5.0669  1.34554  1.34750  1.35176  1.35723  1.33461
  1972.11      5.0707  1.34515  1.34707  1.35130  1.35678  1.33421
  1970.61      5.0746  1.34485  1.34667  1.35083  1.35631  1.33381
  1969.11      5.0784  1.34457  1.34624  1.35030  1.35574  1.33340
  1967.61      5.0823  1.34427  1.34578  1.34975  1.35517  1.33299
  1966.11      5.0862  1.34378  1.34522  1.34917  1.35456  1.33259
  1964.61      5.0901  1.34331  1.34480  1.34876  1.35410  1.33220
  1963.11      5.0940  1.34294  1.34445  1.34841  1.35370  1.33182
  1961.61      5.0979  1.34251  1.34398  1.34794  1.35314  1.33144
  1960.11      5.1018  1.34211  1.34348  1.34747  1.35262  1.33106
  1958.61      5.1057  1.34167  1.34297  1.34700  1.35209  1.33068
  1957.11      5.1096  1.34126  1.34254  1.34649  1.35156  1.33030
  1955.61      5.1135  1.34089  1.34214  1.34599  1.35105  1.32992
  1954.11      5.1174  1.34041  1.34166  1.34548  1.35051  1.32954
  1952.61      5.1214  1.33995  1.34121  1.34502  1.34998  1.32914
  1951.11      5.1253  1.33958  1.34076  1.34458  1.34942  1.32874
  1949.61      5.1292  1.33923  1.34033  1.34411  1.34885  1.32834
  1948.11      5.1332  1.33886  1.33995  1.34366  1.34834  1.32794
  1946.61      5.1371  1.33846  1.33957  1.34322  1.34786  1.32755
  1945.11      5.1411  1.33814  1.33914  1.34279  1.34740  1.32716
  1943.61      5.1451  1.33786  1.33866  1.34228  1.34690  1.32678
  1942.11      5.1490  1.33739  1.33807  1.34158  1.34628  1.32642
  1940.61      5.1530  1.33683  1.33754  1.34099  1.34572  1.32609
  1939.11      5.1570  1.33641  1.33720  1.34061  1.34536  1.32580
  1937.61      5.1610  1.33600  1.33688  1.34020  1.34495  1.32550
  1936.11      5.1650  1.33558  1.33652  1.33974  1.34447  1.32523
  1934.61      5.1690  1.33521  1.33612  1.33935  1.34397  1.32495
  1933.11      5.1730  1.33477  1.33561  1.33888  1.34342  1.32467
  1931.61      5.1770  1.33436  1.33523  1.33847  1.34297  1.32439
  1930.11      5.1811  1.33392  1.33485  1.33803  1.34247  1.32408
  1928.61      5.1851  1.33342  1.33433  1.33753  1.34191  1.32375
  1927.11      5.1891  1.33306  1.33384  1.33708  1.34144  1.32340
  1925.61      5.1932  1.33280  1.33337  1.33665  1.34101  1.32305
  1924.11      5.1972  1.33261  1.33292  1.33626  1.34063  1.32268
  1922.61      5.2013  1.33218  1.33236  1.33573  1.34011  1.32234
  1921.11      5.2053  1.33164  1.33185  1.33515  1.33958  1.32200
  1919.60      5.2094  1.33142  1.33154  1.33475  1.33928  1.32169
  1918.10      5.2135  1.33111  1.33100  1.33412  1.33873  1.32139
  1916.60      5.2176  1.33055  1.33044  1.33344  1.33799  1.32113
  1915.10      5.2216  1.33005  1.33013  1.33309  1.33748  1.32090
  1913.60      5.2257  1.32963  1.32982  1.33279  1.33704  1.32068
  1912.10      5.2298  1.32939  1.32951  1.33254  1.33672  1.32048
  1910.60      5.2339  1.32914  1.32910  1.33217  1.33637  1.32028
  1909.10      5.2381  1.32876  1.32857  1.33164  1.33588  1.32008
  1907.60      5.2422  1.32832  1.32817  1.33120  1.33537  1.31990
  1906.10      5.2463  1.32781  1.32782  1.33077  1.33482  1.31971
  1904.60      5.2504  1.32743  1.32750  1.33036  1.33435  1.31953
  1903.10      5.2546  1.32713  1.32715  1.32993  1.33390  1.31933
  1901.60      5.2587  1.32674  1.32674  1.32949  1.33347  1.31912
  1900.10      5.2629  1.32635  1.32636  1.32914  1.33310  1.31892
  1898.60      5.2670  1.32603  1.32601  1.32874  1.33271  1.31869
  1897.10      5.2712  1.32585  1.32568  1.32832  1.33236  1.31845
  1895.60      5.2754  1.32569  1.32532  1.32792  1.33204  1.31821
  1894.10      5.2795  1.32537  1.32495  1.32754  1.33162  1.31796
  1892.60      5.2837  1.32505  1.32468  1.32727  1.33124  1.31773
  1891.10      5.2879  1.32492  1.32445  1.32706  1.33098  1.31750
  1889.60      5.2921  1.32465  1.32395  1.32665  1.33050  1.31729
  1888.10      5.2963  1.32414  1.32344  1.32615  1.32989  1.31711
  1886.60      5.3005  1.32373  1.32327  1.32584  1.32954  1.31697
  1885.10      5.3048  1.32340  1.32317  1.32557  1.32927  1.31686
  1883.60      5.3090  1.32317  1.32298  1.32536  1.32902  1.31676
  1882.10      5.3132  1.32300  1.32276  1.32512  1.32878  1.31668
  1880.60      5.3174  1.32284  1.32253  1.32480  1.32848  1.31658
  1879.10      5.3217  1.32274  1.32235  1.32461  1.32824  1.31646
  1877.60      5.3259  1.32250  1.32208  1.32439  1.32791  1.31632
  1876.10      5.3302  1.32224  1.32185  1.32415  1.32761  1.31614
  1874.60      5.3345  1.32200  1.32168  1.32394  1.32738  1.31594
  1873.10      5.3387  1.32178  1.32148  1.32378  1.32716  1.31573
  1871.60      5.3430  1.32190  1.32139  1.32383  1.32718  1.31550
  1870.10      5.3473  1.32217  1.32106  1.32363  1.32712  1.31529
  1868.60      5.3516  1.32220  1.32058  1.32310  1.32676  1.31510
  1867.10      5.3559  1.32191  1.32039  1.32277  1.32632  1.31498
  1865.60      5.3602  1.32153  1.32032  1.32264  1.32599  1.31494
  1864.10      5.3645  1.32133  1.32035  1.32269  1.32594  1.31494
  1862.60      5.3688  1.32118  1.32038  1.32269  1.32591  1.31498
  1861.10      5.3732  1.32104  1.32034  1.32255  1.32576  1.31504
  1859.60      5.3775  1.32102  1.32033  1.32249  1.32569  1.31513
  1858.10      5.3818  1.32100  1.32025  1.32242  1.32562  1.31523
  1856.60      5.3862  1.32097  1.32023  1.32240  1.32555  1.31532
  1855.10      5.3905  1.32094  1.32031  1.32240  1.32554  1.31536
  1853.60      5.3949  1.32084  1.32032  1.32234  1.32552  1.31535
  1852.10      5.3993  1.32078  1.32028  1.32238  1.32553  1.31532
  1850.60      5.4037  1.32081  1.32021  1.32247  1.32551  1.31527
  1849.10      5.4080  1.32092  1.32014  1.32249  1.32546  1.31523
  1847.60      5.4124  1.32111  1.32019  1.32254  1.32551  1.31518
  1846.10      5.4168  1.32139  1.32035  1.32264  1.32570  1.31515
  1844.60      5.4212  1.32164  1.32036  1.32249  1.32579  1.31514
  1843.10      5.4256  1.32148  1.32018  1.32212  1.32563  1.31522
  1841.60      5.4301  1.32119  1.32018  1.32207  1.32553  1.31535
  1840.10      5.4345  1.32120  1.32044  1.32244  1.32571  1.31551
  1838.60      5.4389  1.32142  1.32068  1.32277  1.32595  1.31568
  1837.10      5.4434  1.32154  1.32077  1.32294  1.32604  1.31586
  1835.60      5.4478  1.32155  1.32085  1.32313  1.32612  1.31603
  1834.10      5.4523  1.32158  1.32108  1.32341  1.32628  1.31620
  1832.60      5.4567  1.32187  1.32140  1.32372  1.32653  1.31635
  1831.10      5.4612  1.32253  1.32162  1.32394  1.32684  1.31647
  1829.60      5.4657  1.32294  1.32144  1.32379  1.32689  1.31661
  1828.10      5.4702  1.32294  1.32142  1.32381  1.32699  1.31680
  1826.60      5.4747  1.32313  1.32173  1.32420  1.32741  1.31702
  1825.10      5.4792  1.32331  1.32189  1.32438  1.32761  1.31731
  1823.60      5.4837  1.32336  1.32218  1.32452  1.32776  1.31766
  1822.10      5.4882  1.32337  1.32270  1.32482  1.32802  1.31806
  1820.60      5.4927  1.32350  1.32316  1.32522  1.32839  1.31850
  1819.10      5.4972  1.32379  1.32348  1.32571  1.32880  1.31895
  1817.60      5.5018  1.32404  1.32361  1.32605  1.32906  1.31941
  1816.10      5.5063  1.32429  1.32390  1.32641  1.32939  1.31986
  1814.60      5.5109  1.32461  1.32441  1.32687  1.32984  1.32032
  1813.10      5.5154  1.32506  1.32492  1.32729  1.33026  1.32076
  1811.60      5.5200  1.32564  1.32533  1.32766  1.33066  1.32118
  1810.10      5.5246  1.32600  1.32555  1.32790  1.33094  1.32160
  1808.60      5.5291  1.32618  1.32587  1.32826  1.33130  1.32203
  1807.10      5.5337  1.32639  1.32637  1.32881  1.33186  1.32248
  1805.60      5.5383  1.32665  1.32688  1.32932  1.33243  1.32293
  1804.10      5.5429  1.32713  1.32746  1.32989  1.33305  1.32336
  1802.60      5.5476  1.32778  1.32797  1.33047  1.33367  1.32377
  1801.10      5.5522  1.32844  1.32832  1.33089  1.33415  1.32416
  1799.60      5.5568  1.32893  1.32877  1.33129  1.33457  1.32456
  1798.10      5.5614  1.32921  1.32932  1.33182  1.33512  1.32499
  1796.60      5.5661  1.32957  1.32993  1.33251  1.33584  1.32544
  1795.10      5.5707  1.33028  1.33056  1.33332  1.33664  1.32592
  1793.60      5.5754  1.33131  1.33105  1.33399  1.33735  1.32641
  1792.10      5.5801  1.33216  1.33134  1.33427  1.33781  1.32696
  1790.60      5.5847  1.33241  1.33179  1.33453  1.33823  1.32759
  1789.10      5.5894  1.33253  1.33261  1.33522  1.33893  1.32831
  1787.60      5.5941  1.33300  1.33362  1.33630  1.33996  1.32906
  1786.10      5.5988  1.33365  1.33449  1.33739  1.34096  1.32983
  1784.59      5.6035  1.33422  1.33513  1.33827  1.34175  1.33061
  1783.09      5.6082  1.33487  1.33584  1.33911  1.34263  1.33137
  1781.59      5.6129  1.33572  1.33657  1.33987  1.34364  1.33210
  1780.09      5.6177  1.33655  1.33730  1.34058  1.34461  1.33279
  1778.59      5.6224  1.33719  1.33817  1.34149  1.34551  1.33345
  1777.09      5.6272  1.33784  1.33908  1.34255  1.34644  1.33406
  1775.59      5.6319  1.33883  1.34012  1.34377  1.34761  1.33467
  1774.09      5.6367  1.34017  1.34107  1.34490  1.34888  1.33527
  1772.59      5.6414  1.34160  1.34166  1.34555  1.34991  1.33592
  1771.09      5.6462  1.34248  1.34233  1.34613  1.35072  1.33663
  1769.59      5.6510  1.34299  1.34333  1.34708  1.35165  1.33743
  1768.09      5.6558  1.34361  1.34452  1.34828  1.35276  1.33833
  1766.59      5.6606  1.34426  1.34575  1.34949  1.35391  1.33928
  1765.09      5.6654  1.34505  1.34703  1.35081  1.35526  1.34029
  1763.59      5.6702  1.34628  1.34830  1.35219  1.35685  1.34134
  1762.09      5.6751  1.34756  1.34928  1.35326  1.35819  1.34241
  1760.59      5.6799  1.34848  1.35026  1.35427  1.35935  1.34348
  1759.09      5.6847  1.34946  1.35163  1.35564  1.36085  1.34451
  1757.59      5.6896  1.35061  1.35295  1.35705  1.36239  1.34550
  1756.09      5.6945  1.35161  1.35413  1.35838  1.36370  1.34646
  1754.59      5.6993  1.35247  1.35550  1.35989  1.36504  1.34741
  1753.09      5.7042  1.35362  1.35697  1.36149  1.36659  1.34834
  1751.59      5.7091  1.35532  1.35818  1.36280  1.36812  1.34927
  1750.09      5.7140  1.35711  1.35907  1.36370  1.36942  1.35021
  1748.59      5.7189  1.35863  1.36018  1.36484  1.37088  1.35121
  1747.09      5.7238  1.35995  1.36181  1.36674  1.37285  1.35228
  1745.59      5.7287  1.36112  1.36355  1.36885  1.37495  1.35340
  1744.09      5.7336  1.36247  1.36517  1.37069  1.37691  1.35451
  1742.59      5.7386  1.36380  1.36669  1.37230  1.37863  1.35561
  1741.09      5.7435  1.36514  1.36819  1.37392  1.38034  1.35673
  1739.59      5.7485  1.36647  1.36971  1.37552  1.38207  1.35787
  1738.09      5.7534  1.36757  1.37140  1.37717  1.38382  1.35905
  1736.59      5.7584  1.36917  1.37342  1.37929  1.38620  1.36023
  1735.09      5.7634  1.37161  1.37500  1.38114  1.38870  1.36143
  1733.59      5.7684  1.37368  1.37581  1.38210  1.39018  1.36269
  1732.09      5.7734  1.37480  1.37713  1.38345  1.39148  1.36411
  1730.59      5.7784  1.37598  1.37910  1.38549  1.39342  1.36563
  1729.09      5.7834  1.37720  1.38115  1.38762  1.39557  1.36721
  1727.59      5.7884  1.37829  1.38319  1.38977  1.39771  1.36877
  1726.09      5.7934  1.37958  1.38525  1.39201  1.39997  1.37027
  1724.59      5.7985  1.38105  1.38718  1.39410  1.40217  1.37169
  1723.09      5.8035  1.38255  1.38909  1.39613  1.40428  1.37305
  1721.59      5.8086  1.38406  1.39111  1.39836  1.40659  1.37432
  1720.09      5.8136  1.38608  1.39315  1.40069  1.40930  1.37548
  1718.59      5.8187  1.38894  1.39469  1.40255  1.41201  1.37658
  1717.09      5.8238  1.39130  1.39537  1.40347  1.41362  1.37770
  1715.59      5.8289  1.39272  1.39663  1.40485  1.41511  1.37889
  1714.09      5.8340  1.39370  1.39856  1.40691  1.41705  1.38019
  1712.59      5.8391  1.39465  1.40070  1.40927  1.41924  1.38157
  1711.09      5.8442  1.39595  1.40296  1.41178  1.42166  1.38292
  1709.59      5.8494  1.39741  1.40508  1.41408  1.42403  1.38421
  1708.09      5.8545  1.39917  1.40710  1.41625  1.42647  1.38540
  1706.59      5.8596  1.40119  1.40882  1.41811  1.42880  1.38648
  1705.09      5.8648  1.40283  1.41018  1.41958  1.43061  1.38743
  1703.59      5.8700  1.40425  1.41199  1.42147  1.43261  1.38830
  1702.09      5.8751  1.40635  1.41419  1.42384  1.43534  1.38908
  1700.59      5.8803  1.40865  1.41545  1.42523  1.43735  1.38985
  1699.09      5.8855  1.41001  1.41606  1.42593  1.43835  1.39070
  1697.59      5.8907  1.41166  1.41765  1.42778  1.44038  1.39169
  1696.09      5.8959  1.41322  1.41920  1.42942  1.44235  1.39279
  1694.59      5.9011  1.41360  1.42050  1.43061  1.44352  1.39394
  1693.09      5.9064  1.41408  1.42240  1.43258  1.44525  1.39509
  1691.59      5.9116  1.41533  1.42452  1.43497  1.44760  1.39618
  1690.09      5.9169  1.41681  1.42617  1.43687  1.44967  1.39722
  1688.59      5.9221  1.41803  1.42745  1.43829  1.45128  1.39816
  1687.09      5.9274  1.41977  1.42921  1.44022  1.45344  1.39900
  1685.59      5.9326  1.42261  1.43080  1.44202  1.45580  1.39969
  1684.09      5.9379  1.42463  1.43076  1.44201  1.45641  1.40033
  1682.59      5.9432  1.42465  1.43103  1.44217  1.45661  1.40104
  1681.09      5.9485  1.42488  1.43250  1.44370  1.45800  1.40179
  1679.59      5.9538  1.42553  1.43418  1.44559  1.45977  1.40257
  1678.09      5.9592  1.42640  1.43586  1.44752  1.46166  1.40333
  1676.59      5.9645  1.42770  1.43738  1.44915  1.46358  1.40408
  1675.09      5.9698  1.42871  1.43809  1.44975  1.46450  1.40486
  1673.59      5.9752  1.42928  1.43869  1.45035  1.46507  1.40566
  1672.09      5.9806  1.43055  1.43998  1.45188  1.46660  1.40643
  1670.59      5.9859  1.43232  1.44098  1.45303  1.46807  1.40717
  1669.09      5.9913  1.43308  1.44120  1.45316  1.46838  1.40791
  1667.59      5.9967  1.43285  1.44183  1.45366  1.46862  1.40874
  1666.09      6.0021  1.43311  1.44321  1.45507  1.46985  1.40963
  1664.59      6.0075  1.43416  1.44459  1.45658  1.47154  1.41047
  1663.09      6.0129  1.43526  1.44521  1.45724  1.47253  1.41119
  1661.59      6.0183  1.43549  1.44549  1.45749  1.47266  1.41182
  1660.09      6.0238  1.43552  1.44623  1.45837  1.47309  1.41241
  1658.59      6.0292  1.43589  1.44719  1.45957  1.47392  1.41290
  1657.09      6.0347  1.43686  1.44825  1.46082  1.47509  1.41323
  1655.59      6.0402  1.43920  1.44979  1.46241  1.47712  1.41338
  1654.09      6.0456  1.44227  1.45022  1.46241  1.47828  1.41347
  1652.59      6.0511  1.44193  1.44826  1.45970  1.47605  1.41372
  1651.08      6.0566  1.44058  1.44815  1.45948  1.47525  1.41420
  1649.58      6.0621  1.44154  1.44983  1.46142  1.47701  1.41485
  1648.08      6.0676  1.44364  1.45090  1.46268  1.47852  1.41560
  1646.58      6.0732  1.44451  1.45042  1.46207  1.47789  1.41644
  1645.08      6.0787  1.44355  1.45020  1.46161  1.47686  1.41743
  1643.58      6.0843  1.44304  1.45111  1.46239  1.47712  1.41857
  1642.08      6.0898  1.44323  1.45222  1.46341  1.47786  1.41977
  1640.58      6.0954  1.44370  1.45293  1.46409  1.47837  1.42091
  1639.08      6.1010  1.44483  1.45355  1.46476  1.47903  1.42194
  1637.58      6.1066  1.44691  1.45407  1.46532  1.47993  1.42290
  1636.08      6.1122  1.44824  1.45335  1.46433  1.47933  1.42386
  1634.58      6.1178  1.44718  1.45230  1.46284  1.47742  1.42487
  1633.08      6.1234  1.44616  1.45255  1.46290  1.47671  1.42589
  1631.58      6.1290  1.44618  1.45353  1.46377  1.47711  1.42687
  1630.08      6.1347  1.44676  1.45429  1.46435  1.47755  1.42779
  1628.58      6.1403  1.44725  1.45426  1.46420  1.47732  1.42864
  1627.08      6.1460  1.44741  1.45394  1.46385  1.47678  1.42940
  1625.58      6.1516  1.44775  1.45392  1.46380  1.47660  1.43007
  1624.08      6.1573  1.44825  1.45367  1.46341  1.47620  1.43061
  1622.58      6.1630  1.44791  1.45286  1.46233  1.47488  1.43103
  1621.08      6.1687  1.44709  1.45245  1.46172  1.47383  1.43136
  1619.58      6.1744  1.44724  1.45282  1.46202  1.47396  1.43158
  1618.08      6.1802  1.44807  1.45287  1.46200  1.47413  1.43169
  1616.58      6.1859  1.44760  1.45141  1.46040  1.47255  1.43175
  1615.08      6.1916  1.44589  1.44988  1.45867  1.47039  1.43179
  1613.58      6.1974  1.44479  1.44950  1.45819  1.46950  1.43180
  1612.08      6.2032  1.44424  1.44925  1.45791  1.46912  1.43172
  1610.58      6.2089  1.44371  1.44847  1.45705  1.46839  1.43153
  1609.08      6.2147  1.44294  1.44749  1.45593  1.46729  1.43124
  1607.58      6.2205  1.44184  1.44649  1.45475  1.46586  1.43085
  1606.08      6.2263  1.44064  1.44554  1.45367  1.46453  1.43038
  1604.58      6.2322  1.43960  1.44458  1.45266  1.46352  1.42982
  1603.08      6.2380  1.43855  1.44336  1.45152  1.46242  1.42914
  1601.58      6.2438  1.43732  1.44205  1.45034  1.46113  1.42835
  1600.08      6.2497  1.43598  1.44087  1.44920  1.45974  1.42751
  1598.58      6.2555  1.43467  1.43982  1.44807  1.45843  1.42660
  1597.08      6.2614  1.43349  1.43873  1.44691  1.45724  1.42564
  1595.58      6.2673  1.43223  1.43735  1.44552  1.45585  1.42463
  1594.08      6.2732  1.43079  1.43587  1.44399  1.45426  1.42357
  1592.58      6.2791  1.42929  1.43448  1.44250  1.45267  1.42250
  1591.08      6.2850  1.42782  1.43309  1.44103  1.45118  1.42140
  1589.58      6.2910  1.42637  1.43175  1.43954  1.44974  1.42027
  1588.08      6.2969  1.42485  1.43040  1.43805  1.44821  1.41910
  1586.58      6.3029  1.42341  1.42905  1.43667  1.44672  1.41787
  1585.08      6.3088  1.42194  1.42766  1.43531  1.44529  1.41658
  1583.58      6.3148  1.42039  1.42623  1.43392  1.44378  1.41523
  1582.08      6.3208  1.41888  1.42477  1.43258  1.44217  1.41384
  1580.58      6.3268  1.41749  1.42330  1.43127  1.44060  1.41239
  1579.08      6.3328  1.41683  1.42221  1.43021  1.43962  1.41087
  1577.58      6.3388  1.41675  1.42101  1.42884  1.43875  1.40931
  1576.08      6.3449  1.41522  1.41851  1.42610  1.43637  1.40778
  1574.58      6.3509  1.41247  1.41621  1.42364  1.43373  1.40633
  1573.08      6.3570  1.41076  1.41537  1.42283  1.43261  1.40496
  1571.58      6.3630  1.41022  1.41479  1.42236  1.43212  1.40360
  1570.08      6.3691  1.40942  1.41314  1.42061  1.43061  1.40216
  1568.58      6.3752  1.40736  1.41102  1.41814  1.42822  1.40066
  1567.08      6.3813  1.40540  1.40973  1.41667  1.42654  1.39911
  1565.58      6.3874  1.40399  1.40865  1.41560  1.42526  1.39754
  1564.08      6.3935  1.40254  1.40721  1.41422  1.42366  1.39591
  1562.58      6.3997  1.40177  1.40632  1.41345  1.42264  1.39422
  1561.08      6.4058  1.40277  1.40627  1.41359  1.42293  1.39247
  1559.58      6.4120  1.40435  1.40444  1.41174  1.42188  1.39076
  1558.08      6.4182  1.40137  1.40026  1.40720  1.41764  1.38926
  1556.58      6.4243  1.39844  1.39872  1.40571  1.41575  1.38803
  1555.08      6.4305  1.39678  1.39799  1.40513  1.41486  1.38697
  1553.58      6.4368  1.39485  1.39696  1.40409  1.41355  1.38598
  1552.08      6.4430  1.39321  1.39595  1.40300  1.41230  1.38499
  1550.58      6.4492  1.39191  1.39480  1.40171  1.41100  1.38395
  1549.08      6.4555  1.39028  1.39353  1.40018  1.40940  1.38285
  1547.58      6.4617  1.38878  1.39256  1.39908  1.40810  1.38168
  1546.08      6.4680  1.38815  1.39172  1.39825  1.40728  1.38036
  1544.58      6.4743  1.38798  1.39035  1.39684  1.40622  1.37887
  1543.08      6.4806  1.38787  1.38890  1.39535  1.40500  1.37732
  1541.58      6.4869  1.38831  1.38777  1.39432  1.40424  1.37580
  1540.08      6.4932  1.38723  1.38532  1.39195  1.40210  1.37441
  1538.58      6.4995  1.38358  1.38273  1.38925  1.39884  1.37324
  1537.08      6.5059  1.38114  1.38207  1.38857  1.39736  1.37223
  1535.58      6.5122  1.38034  1.38199  1.38858  1.39708  1.37129
  1534.08      6.5186  1.37981  1.38110  1.38772  1.39641  1.37037
  1532.58      6.5250  1.37785  1.37919  1.38563  1.39441  1.36949
  1531.08      6.5314  1.37574  1.37790  1.38417  1.39270  1.36859
  1529.58      6.5378  1.37464  1.37727  1.38346  1.39184  1.36762
  1528.08      6.5442  1.37388  1.37628  1.38246  1.39090  1.36652
  1526.58      6.5506  1.37296  1.37488  1.38099  1.38954  1.36529
  1525.08      6.5571  1.37190  1.37345  1.37959  1.38810  1.36399
  1523.58      6.5635  1.37150  1.37237  1.37872  1.38724  1.36270
  1522.08      6.5700  1.37124  1.37109  1.37754  1.38632  1.36146
  1520.58      6.5765  1.36945  1.36918  1.37540  1.38433  1.36029
  1519.08      6.5830  1.36774  1.36794  1.37397  1.38280  1.35918
  1517.58      6.5895  1.36675  1.36700  1.37302  1.38184  1.35808
  1516.07      6.5960  1.36501  1.36543  1.37140  1.38024  1.35698
  1514.57      6.6025  1.36295  1.36413  1.37004  1.37863  1.35592
  1513.07      6.6091  1.36153  1.36331  1.36926  1.37753  1.35487
  1511.57      6.6156  1.36050  1.36228  1.36834  1.37652  1.35383
  1510.07      6.6222  1.36014  1.36125  1.36746  1.37589  1.35277
  1508.57      6.6288  1.36099  1.36048  1.36663  1.37571  1.35169
  1507.07      6.6354  1.36101  1.35888  1.36444  1.37417  1.35065
  1505.57      6.6420  1.35762  1.35659  1.36171  1.37104  1.34976
  1504.07      6.6486  1.35473  1.35540  1.36058  1.36914  1.34903
  1502.57      6.6552  1.35325  1.35479  1.36013  1.36828  1.34837
  1501.07      6.6619  1.35246  1.35417  1.35956  1.36763  1.34770
  1499.57      6.6686  1.35186  1.35330  1.35860  1.36669  1.34700
  1498.07      6.6752  1.35134  1.35242  1.35750  1.36552  1.34627
  1496.57      6.6819  1.35017  1.35122  1.35603  1.36396  1.34552
  1495.07      6.6886  1.34807  1.34957  1.35441  1.36228  1.34475
  1493.57      6.6954  1.34657  1.34847  1.35361  1.36148  1.34392
  1492.07      6.7021  1.34599  1.34765  1.35312  1.36110  1.34299
  1490.57      6.7088  1.34555  1.34637  1.35202  1.36014  1.34203
  1489.07      6.7156  1.34431  1.34470  1.35030  1.35840  1.34115
  1487.57      6.7224  1.34238  1.34312  1.34860  1.35653  1.34036
  1486.07      6.7291  1.34062  1.34192  1.34737  1.35515  1.33962
  1484.57      6.7359  1.33917  1.34096  1.34644  1.35405  1.33888
  1483.07      6.7428  1.33799  1.34007  1.34551  1.35297  1.33807
  1481.57      6.7496  1.33680  1.33908  1.34441  1.35184  1.33721
  1480.07      6.7564  1.33533  1.33790  1.34320  1.35062  1.33633
  1478.57      6.7633  1.33428  1.33695  1.34227  1.34969  1.33540
  1477.07      6.7702  1.33367  1.33607  1.34139  1.34884  1.33443
  1475.57      6.7770  1.33315  1.33504  1.34026  1.34793  1.33340
  1474.07      6.7839  1.33287  1.33405  1.33913  1.34718  1.33236
  1472.57      6.7908  1.33179  1.33236  1.33741  1.34571  1.33136
  1471.07      6.7978  1.32966  1.33055  1.33576  1.34379  1.33047
  1469.57      6.8047  1.32784  1.32952  1.33489  1.34243  1.32964
  1468.07      6.8117  1.32675  1.32884  1.33429  1.34152  1.32879
  1466.57      6.8186  1.32619  1.32811  1.33359  1.34080  1.32787
  1465.07      6.8256  1.32529  1.32691  1.33242  1.33973  1.32689
  1463.57      6.8326  1.32360  1.32546  1.33097  1.33823  1.32589
  1462.07      6.8396  1.32207  1.32438  1.32985  1.33704  1.32487
  1460.57      6.8466  1.32143  1.32368  1.32911  1.33645  1.32378
  1459.07      6.8537  1.32167  1.32307  1.32850  1.33631  1.32262
  1457.57      6.8607  1.32170  1.32195  1.32732  1.33558  1.32146
  1456.07      6.8678  1.31986  1.32011  1.32531  1.33340  1.32040
  1454.57      6.8749  1.31770  1.31870  1.32382  1.33141  1.31948
  1453.07      6.8820  1.31623  1.31772  1.32285  1.33017  1.31866
  1451.57      6.8891  1.31491  1.31670  1.32175  1.32897  1.31790
  1450.07      6.8962  1.31380  1.31577  1.32060  1.32779  1.31716
  1448.57      6.9034  1.31284  1.31474  1.31941  1.32674  1.31643
  1447.07      6.9105  1.31145  1.31330  1.31811  1.32546  1.31571
  1445.57      6.9177  1.30995  1.31198  1.31712  1.32423  1.31496
  1444.07      6.9249  1.30863  1.31093  1.31628  1.32319  1.31414
  1442.57      6.9321  1.30733  1.30994  1.31521  1.32215  1.31324
  1441.07      6.9393  1.30607  1.30898  1.31406  1.32110  1.31227
  1439.57      6.9465  1.30514  1.30807  1.31308  1.32015  1.31124
  1438.07      6.9538  1.30473  1.30717  1.31225  1.31938  1.31017
  1436.57      6.9610  1.30383  1.30572  1.31083  1.31806  1.30910
  1435.07      6.9683  1.30198  1.30397  1.30899  1.31627  1.30805
  1433.57      6.9756  1.30042  1.30284  1.30776  1.31507  1.30702
  1432.07      6.9829  1.29925  1.30187  1.30672  1.31408  1.30600
  1430.57      6.9902  1.29810  1.30059  1.30546  1.31286  1.30497
  1429.07      6.9976  1.29670  1.29918  1.30413  1.31148  1.30391
  1427.57      7.0049  1.29510  1.29787  1.30286  1.31004  1.30286
  1426.07      7.0123  1.29380  1.29681  1.30182  1.30887  1.30178
  1424.57      7.0197  1.29263  1.29559  1.30059  1.30766  1.30069
  1423.07      7.0271  1.29128  1.29419  1.29920  1.30630  1.29957
  1421.57      7.0345  1.29029  1.29313  1.29820  1.30527  1.29844
  1420.07      7.0419  1.28963  1.29189  1.29710  1.30426  1.29730
  1418.57      7.0494  1.28842  1.29006  1.29537  1.30265  1.29622
  1417.07      7.0568  1.28664  1.28843  1.29367  1.30095  1.29519
  1415.57      7.0643  1.28493  1.28724  1.29236  1.29960  1.29422
  1414.07      7.0718  1.28341  1.28614  1.29115  1.29835  1.29327
  1412.57      7.0793  1.28195  1.28490  1.28980  1.29696  1.29233
  1411.07      7.0868  1.28046  1.28349  1.28833  1.29549  1.29138
  1409.57      7.0944  1.27891  1.28203  1.28691  1.29411  1.29041
  1408.07      7.1019  1.27741  1.28058  1.28558  1.29279  1.28939
  1406.57      7.1095  1.27605  1.27908  1.28420  1.29135  1.28831
  1405.07      7.1171  1.27459  1.27749  1.28257  1.28966  1.28715
  1403.57      7.1247  1.27282  1.27594  1.28086  1.28784  1.28592
  1402.07      7.1323  1.27119  1.27454  1.27944  1.28630  1.28467
  1400.57      7.1400  1.26990  1.27312  1.27816  1.28508  1.28339
  1399.07      7.1476  1.26850  1.27137  1.27652  1.28363  1.28210
  1397.57      7.1553  1.26703  1.26970  1.27482  1.28200  1.28081
  1396.07      7.1630  1.26567  1.26815  1.27324  1.28037  1.27955
  1394.57      7.1707  1.26395  1.26628  1.27138  1.27859  1.27832
  1393.07      7.1784  1.26180  1.26443  1.26941  1.27672  1.27712
  1391.57      7.1862  1.25975  1.26282  1.26769  1.27493  1.27596
  1390.07      7.1939  1.25811  1.26135  1.26629  1.27332  1.27481
  1388.57      7.2017  1.25669  1.25978  1.26488  1.27179  1.27365
  1387.07      7.2095  1.25497  1.25785  1.26305  1.27001  1.27249
  1385.57      7.2173  1.25293  1.25593  1.26115  1.26813  1.27133
  1384.07      7.2251  1.25089  1.25423  1.25943  1.26631  1.27014
  1382.56      7.2329  1.24900  1.25262  1.25773  1.26450  1.26892
  1381.06      7.2408  1.24727  1.25091  1.25599  1.26271  1.26765
  1379.56      7.2487  1.24545  1.24902  1.25413  1.26080  1.26636
  1378.06      7.2566  1.24355  1.24712  1.25225  1.25885  1.26505
  1376.56      7.2645  1.24177  1.24531  1.25042  1.25702  1.26373
  1375.06      7.2724  1.24005  1.24341  1.24845  1.25527  1.26240
  1373.56      7.2803  1.23816  1.24138  1.24635  1.25336  1.26106
  1372.06      7.2883  1.23602  1.23931  1.24425  1.25131  1.25972
  1370.56      7.2963  1.23396  1.23743  1.24239  1.24937  1.25839
  1369.06      7.3043  1.23203  1.23564  1.24063  1.24758  1.25705
  1367.56      7.3123  1.23002  1.23374  1.23877  1.24574  1.25571
  1366.06      7.3203  1.22808  1.23190  1.23696  1.24390  1.25439
  1364.56      7.3284  1.22629  1.23006  1.23517  1.24212  1.25305
  1363.06      7.3364  1.22458  1.22809  1.23322  1.24029  1.25171
  1361.56      7.3445  1.22270  1.22601  1.23116  1.23831  1.25040
  1360.06      7.3526  1.22063  1.22403  1.22921  1.23626  1.24910
  1358.56      7.3607  1.21863  1.22222  1.22744  1.23435  1.24784
  1357.06      7.3689  1.21675  1.22051  1.22572  1.23259  1.24660
  1355.56      7.3770  1.21486  1.21883  1.22400  1.23085  1.24539
  1354.06      7.3852  1.21297  1.21717  1.22232  1.22914  1.24421
  1352.56      7.3934  1.21109  1.21546  1.22063  1.22745  1.24307
  1351.06      7.4016  1.20929  1.21370  1.21898  1.22578  1.24195
  1349.56      7.4098  1.20753  1.21200  1.21741  1.22413  1.24083
  1348.06      7.4181  1.20577  1.21045  1.21585  1.22258  1.23971
  1346.56      7.4263  1.20411  1.20899  1.21426  1.22112  1.23859
  1345.06      7.4346  1.20258  1.20758  1.21278  1.21972  1.23747
  1343.56      7.4429  1.20106  1.20620  1.21143  1.21835  1.23638
  1342.06      7.4512  1.19955  1.20476  1.21012  1.21706  1.23529
  1340.56      7.4596  1.19824  1.20329  1.20884  1.21579  1.23424
  1339.06      7.4679  1.19705  1.20188  1.20752  1.21451  1.23321
  1337.56      7.4763  1.19579  1.20063  1.20626  1.21332  1.23226
  1336.06      7.4847  1.19452  1.19949  1.20519  1.21233  1.23138
  1334.56      7.4931  1.19334  1.19847  1.20433  1.21153  1.23056
  1333.06      7.5015  1.19229  1.19763  1.20360  1.21080  1.22982
  1331.56      7.5100  1.19134  1.19693  1.20287  1.21006  1.22913
  1330.06      7.5185  1.19051  1.19626  1.20212  1.20934  1.22850
  1328.56      7.5269  1.18979  1.19558  1.20145  1.20864  1.22791
  1327.06      7.5354  1.18917  1.19494  1.20086  1.20801  1.22736
  1325.56      7.5440  1.18857  1.19445  1.20039  1.20750  1.22684
  1324.06      7.5525  1.18800  1.19412  1.20008  1.20714  1.22632
  1322.56      7.5611  1.18754  1.19384  1.19986  1.20691  1.22582
  1321.06      7.5697  1.18722  1.19352  1.19960  1.20676  1.22534
  1319.56      7.5783  1.18703  1.19319  1.19933  1.20662  1.22487
  1318.06      7.5869  1.18688  1.19296  1.19913  1.20651  1.22443
  1316.56      7.5956  1.18672  1.19288  1.19899  1.20645  1.22399
  1315.06      7.6042  1.18662  1.19287  1.19889  1.20641  1.22356
  1313.56      7.6129  1.18659  1.19285  1.19879  1.20641  1.22315
  1312.06      7.6216  1.18659  1.19279  1.19877  1.20641  1.22274
  1310.56      7.6303  1.18661  1.19277  1.19885  1.20637  1.22232
  1309.06      7.6391  1.18664  1.19281  1.19893  1.20629  1.22190
  1307.56      7.6478  1.18663  1.19289  1.19890  1.20618  1.22146
  1306.06      7.6566  1.18656  1.19292  1.19875  1.20606  1.22098
  1304.56      7.6654  1.18653  1.19284  1.19856  1.20587  1.22046
  1303.06      7.6742  1.18652  1.19265  1.19836  1.20553  1.21989
  1301.56      7.6831  1.18644  1.19243  1.19813  1.20511  1.21927
  1300.06      7.6920  1.18628  1.19217  1.19782  1.20461  1.21858
  1298.56      7.7008  1.18608  1.19182  1.19734  1.20400  1.21781
  1297.06      7.7098  1.18582  1.19138  1.19669  1.20328  1.21697
  1295.56      7.7187  1.18550  1.19083  1.19598  1.20248  1.21605
  1294.06      7.7276  1.18509  1.19015  1.19523  1.20156  1.21503
  1292.56      7.7366  1.18460  1.18938  1.19437  1.20049  1.21394
  1291.06      7.7456  1.18399  1.18850  1.19328  1.19924  1.21274
  1289.56      7.7546  1.18326  1.18747  1.19200  1.19779  1.21145
  1288.06      7.7636  1.18240  1.18627  1.19059  1.19616  1.21005
  1286.56      7.7727  1.18144  1.18493  1.18907  1.19433  1.20855
  1285.06      7.7818  1.18035  1.18345  1.18741  1.19231  1.20695
  1283.56      7.7908  1.17915  1.18183  1.18552  1.19011  1.20525
  1282.06      7.8000  1.17785  1.18007  1.18340  1.18776  1.20345
  1280.56      7.8091  1.17643  1.17819  1.18114  1.18527  1.20156
  1279.06      7.8183  1.17491  1.17619  1.17880  1.18263  1.19958
  1277.56      7.8274  1.17328  1.17401  1.17631  1.17984  1.19753
  1276.06      7.8366  1.17157  1.17173  1.17369  1.17688  1.19541
  1274.56      7.8459  1.16980  1.16938  1.17098  1.17381  1.19324
  1273.06      7.8551  1.16793  1.16689  1.16813  1.17061  1.19102
  1271.56      7.8644  1.16602  1.16430  1.16514  1.16728  1.18876
  1270.06      7.8737  1.16411  1.16165  1.16206  1.16376  1.18650
  1268.56      7.8830  1.16220  1.15891  1.15890  1.16012  1.18424
  1267.06      7.8923  1.16028  1.15614  1.15567  1.15647  1.18201
  1265.56      7.9017  1.15833  1.15333  1.15239  1.15281  1.17981
  1264.06      7.9110  1.15642  1.15061  1.14916  1.14914  1.17768
  1262.56      7.9204  1.15459  1.14798  1.14600  1.14543  1.17562
  1261.06      7.9299  1.15281  1.14538  1.14286  1.14172  1.17367
  1259.56      7.9393  1.15119  1.14284  1.13977  1.13814  1.17184
  1258.06      7.9488  1.14972  1.14042  1.13680  1.13469  1.17015
  1256.56      7.9583  1.14838  1.13816  1.13400  1.13131  1.16863
  1255.06      7.9678  1.14719  1.13612  1.13140  1.12804  1.16730
  1253.56      7.9773  1.14617  1.13426  1.12895  1.12489  1.16619
  1252.06      7.9869  1.14539  1.13259  1.12664  1.12194  1.16529
  1250.56      7.9964  1.14488  1.13116  1.12450  1.11921  1.16465
  1249.06      8.0061  1.14459  1.12999  1.12265  1.11671  1.16428
  1247.55      8.0157  1.14453  1.12909  1.12118  1.11451  1.16419
  1246.05      8.0253  1.14476  1.12847  1.12001  1.11264  1.16439
  1244.55      8.0350  1.14530  1.12811  1.11910  1.11107  1.16489
  1243.05      8.0447  1.14617  1.12807  1.11853  1.10981  1.16572
  1241.55      8.0544  1.14730  1.12835  1.11831  1.10886  1.16686
  1240.05      8.0642  1.14872  1.12900  1.11841  1.10821  1.16833
  1238.55      8.0739  1.15048  1.13004  1.11885  1.10792  1.17012
  1237.05      8.0837  1.15252  1.13141  1.11963  1.10797  1.17224
  1235.55      8.0935  1.15486  1.13307  1.12072  1.10840  1.17468
  1234.05      8.1034  1.15750  1.13506  1.12214  1.10924  1.17742
  1232.55      8.1132  1.16042  1.13740  1.12395  1.11046  1.18048
  1231.05      8.1231  1.16366  1.14011  1.12619  1.11208  1.18383
  1229.55      8.1330  1.16723  1.14319  1.12880  1.11410  1.18744
  1228.05      8.1430  1.17105  1.14659  1.13174  1.11644  1.19132
  1226.55      8.1529  1.17516  1.15034  1.13504  1.11914  1.19544
  1225.05      8.1629  1.17946  1.15430  1.13862  1.12217  1.19978
  1223.55      8.1729  1.18398  1.15845  1.14248  1.12553  1.20432
  1222.05      8.1830  1.18873  1.16288  1.14666  1.12922  1.20905
  1220.55      8.1930  1.19357  1.16753  1.15105  1.13313  1.21394
  1219.05      8.2031  1.19860  1.17244  1.15568  1.13728  1.21897
  1217.55      8.2132  1.20376  1.17755  1.16048  1.14161  1.22413
  1216.05      8.2233  1.20905  1.18280  1.16546  1.14612  1.22938
  1214.55      8.2335  1.21455  1.18827  1.17069  1.15093  1.23472
  1213.05      8.2437  1.22013  1.19377  1.17601  1.15590  1.24014
  1211.55      8.2539  1.22583  1.19934  1.18145  1.16103  1.24561
  1210.05      8.2641  1.23161  1.20504  1.18699  1.16626  1.25114
  1208.55      8.2744  1.23737  1.21080  1.19257  1.17151  1.25671
  1207.05      8.2846  1.24324  1.21669  1.19830  1.17691  1.26232
  1205.55      8.2950  1.24910  1.22258  1.20406  1.18237  1.26797
  1204.05      8.3053  1.25504  1.22853  1.20992  1.18791  1.27366
  1202.55      8.3157  1.26111  1.23463  1.21594  1.19359  1.27940
  1201.05      8.3260  1.26719  1.24074  1.22195  1.19927  1.28519
  1199.55      8.3364  1.27338  1.24692  1.22799  1.20503  1.29104
  1198.05      8.3469  1.27963  1.25313  1.23405  1.21083  1.29696
  1196.55      8.3574  1.28592  1.25942  1.24016  1.21663  1.30294
  1195.05      8.3678  1.29232  1.26584  1.24635  1.22249  1.30900
  1193.55      8.3784  1.29875  1.27226  1.25256  1.22840  1.31518
  1192.05      8.3889  1.30530  1.27870  1.25885  1.23440  1.32145
  1190.55      8.3995  1.31198  1.28526  1.26526  1.24045  1.32785
  1189.05      8.4101  1.31873  1.29193  1.27176  1.24654  1.33439
  1187.55      8.4207  1.32556  1.29871  1.27842  1.25277  1.34108
  1186.05      8.4313  1.33251  1.30560  1.28526  1.25917  1.34793
  1184.55      8.4420  1.33958  1.31264  1.29222  1.26573  1.35494
  1183.05      8.4527  1.34685  1.31994  1.29934  1.27253  1.36214
  1181.55      8.4635  1.35432  1.32749  1.30665  1.27958  1.36952
  1180.05      8.4742  1.36196  1.33522  1.31418  1.28684  1.37708
  1178.55      8.4850  1.36984  1.34317  1.32201  1.29439  1.38481
  1177.05      8.4958  1.37786  1.35132  1.33008  1.30218  1.39271
  1175.55      8.5067  1.38610  1.35975  1.33843  1.31026  1.40077
  1174.05      8.5175  1.39456  1.36844  1.34711  1.31866  1.40897
  1172.55      8.5284  1.40312  1.37729  1.35605  1.32734  1.41728
  1171.05      8.5394  1.41190  1.38639  1.36530  1.33639  1.42570
  1169.55      8.5503  1.42079  1.39565  1.37472  1.34569  1.43418
  1168.05      8.5613  1.42977  1.40506  1.38429  1.35518  1.44269
  1166.55      8.5723  1.43890  1.41467  1.39412  1.36496  1.45122
  1165.05      8.5833  1.44801  1.42431  1.40406  1.37494  1.45970
  1163.55      8.5944  1.45724  1.43409  1.41414  1.38516  1.46813
  1162.05      8.6055  1.46651  1.44396  1.42431  1.39558  1.47646
  1160.55      8.6166  1.47568  1.45376  1.43448  1.40602  1.48465
  1159.05      8.6278  1.48490  1.46366  1.44479  1.41661  1.49267
  1157.55      8.6389  1.49394  1.47346  1.45502  1.42715  1.50047
  1156.05      8.6502  1.50292  1.48320  1.46519  1.43769  1.50803
  1154.55      8.6614  1.51183  1.49287  1.47535  1.44825  1.51531
  1153.05      8.6727  1.52047  1.50225  1.48531  1.45858  1.52228
  1151.55      8.6840  1.52895  1.51150  1.49515  1.46882  1.52890
  1150.05      8.6953  1.53709  1.52044  1.50468  1.47888  1.53515
  1148.55      8.7066  1.54491  1.52903  1.51385  1.48869  1.54102
  1147.05      8.7180  1.55244  1.53730  1.52273  1.49826  1.54646
  1145.55      8.7295  1.55955  1.54515  1.53121  1.50739  1.55148
  1144.05      8.7409  1.56632  1.55269  1.53939  1.51615  1.55608
  1142.55      8.7524  1.57265  1.55984  1.54715  1.52447  1.56024
  1141.05      8.7639  1.57846  1.56649  1.55436  1.53227  1.56394
  1139.55      8.7754  1.58388  1.57272  1.56105  1.53964  1.56723
  1138.05      8.7870  1.58885  1.57840  1.56717  1.54654  1.57009
  1136.55      8.7986  1.59343  1.58355  1.57286  1.55300  1.57254
  1135.05      8.8102  1.59761  1.58821  1.57816  1.55899  1.57459
  1133.55      8.8219  1.60129  1.59242  1.58301  1.56439  1.57625
  1132.05      8.8336  1.60452  1.59624  1.58741  1.56925  1.57753
  1130.55      8.8453  1.60736  1.59966  1.59129  1.57362  1.57846
  1129.05      8.8570  1.60975  1.60256  1.59457  1.57750  1.57906
  1127.55      8.8688  1.61174  1.60499  1.59740  1.58102  1.57934
  1126.05      8.8806  1.61331  1.60699  1.59988  1.58415  1.57932
  1124.55      8.8925  1.61445  1.60859  1.60195  1.58679  1.57904
  1123.05      8.9044  1.61532  1.60992  1.60370  1.58906  1.57848
  1121.55      8.9163  1.61580  1.61082  1.60504  1.59098  1.57771
  1120.05      8.9282  1.61596  1.61135  1.60600  1.59257  1.57671
  1118.55      8.9402  1.61587  1.61159  1.60665  1.59386  1.57550
  1117.05      8.9522  1.61535  1.61146  1.60696  1.59481  1.57410
  1115.55      8.9642  1.61457  1.61115  1.60708  1.59555  1.57253
  1114.04      8.9763  1.61353  1.61063  1.60697  1.59600  1.57077
  1112.54      8.9884  1.61221  1.60976  1.60658  1.59613  1.56886
  1111.04      9.0005  1.61075  1.60865  1.60599  1.59617  1.56679
  1109.54      9.0127  1.60891  1.60720  1.60507  1.59604  1.56456
  1108.04      9.0249  1.60681  1.60561  1.60393  1.59577  1.56219
  1106.54      9.0371  1.60450  1.60384  1.60267  1.59539  1.55968
  1105.04      9.0494  1.60187  1.60176  1.60117  1.59477  1.55703
  1103.54      9.0617  1.59915  1.59958  1.59958  1.59408  1.55424
  1102.04      9.0740  1.59611  1.59718  1.59771  1.59316  1.55132
  1100.54      9.0864  1.59283  1.59457  1.59564  1.59204  1.54825
  1099.04      9.0988  1.58943  1.59180  1.59349  1.59084  1.54505
  1097.54      9.1113  1.58574  1.58874  1.59109  1.58946  1.54171
  1096.04      9.1237  1.58189  1.58552  1.58855  1.58803  1.53822
  1094.54      9.1362  1.57781  1.58208  1.58582  1.58646  1.53461
  1093.04      9.1488  1.57351  1.57841  1.58286  1.58467  1.53084
  1091.54      9.1613  1.56908  1.57459  1.57978  1.58278  1.52695
  1090.04      9.1739  1.56437  1.57048  1.57645  1.58068  1.52291
  1088.54      9.1866  1.55954  1.56620  1.57295  1.57840  1.51877
  1087.04      9.1993  1.55459  1.56182  1.56930  1.57595  1.51452
  1085.54      9.2120  1.54944  1.55728  1.56542  1.57332  1.51020
  1084.04      9.2247  1.54418  1.55265  1.56142  1.57062  1.50583
  1082.54      9.2375  1.53891  1.54797  1.55733  1.56779  1.50148
  1081.04      9.2503  1.53377  1.54327  1.55319  1.56477  1.49720
  1079.54      9.2632  1.52885  1.53864  1.54911  1.56171  1.49306
  1078.04      9.2761  1.52417  1.53419  1.54516  1.55874  1.48915
  1076.54      9.2890  1.51987  1.53018  1.54158  1.55605  1.48557
  1075.04      9.3020  1.51618  1.52674  1.53856  1.55375  1.48245
  1073.54      9.3150  1.51318  1.52386  1.53606  1.55186  1.47988
  1072.04      9.3280  1.51104  1.52175  1.53420  1.55056  1.47798
  1070.54      9.3411  1.51000  1.52069  1.53326  1.55008  1.47688
  1069.04      9.3542  1.51010  1.52076  1.53334  1.55046  1.47668
  1067.54      9.3673  1.51142  1.52207  1.53455  1.55189  1.47748
  1066.04      9.3805  1.51397  1.52459  1.53697  1.55442  1.47936
  1064.54      9.3937  1.51774  1.52828  1.54060  1.55803  1.48239
  1063.04      9.4070  1.52288  1.53326  1.54553  1.56292  1.48658
  1061.54      9.4203  1.52925  1.53947  1.55166  1.56905  1.49197
  1060.04      9.4336  1.53686  1.54699  1.55905  1.57645  1.49852
  1058.54      9.4470  1.54571  1.55580  1.56772  1.58509  1.50621
  1057.04      9.4604  1.55552  1.56566  1.57744  1.59467  1.51499
  1055.54      9.4738  1.56626  1.57640  1.58811  1.60506  1.52477
  1054.04      9.4873  1.57777  1.58776  1.59939  1.61600  1.53542
  1052.54      9.5008  1.58997  1.59965  1.61109  1.62742  1.54684
  1051.04      9.5144  1.60305  1.61235  1.62356  1.63968  1.55887
  1049.54      9.5280  1.61668  1.62584  1.63682  1.65277  1.57136
  1048.04      9.5416  1.63093  1.64017  1.65105  1.66691  1.58416
  1046.54      9.5553  1.64553  1.65504  1.66601  1.68186  1.59708
  1045.04      9.5690  1.66009  1.66999  1.68113  1.69697  1.60997
  1043.54      9.5828  1.67466  1.68492  1.69622  1.71207  1.62267
  1042.04      9.5966  1.68897  1.69950  1.71099  1.72695  1.63504
  1040.54      9.6104  1.70302  1.71373  1.72553  1.74157  1.64697
  1039.04      9.6243  1.71671  1.72762  1.73976  1.75582  1.65831
  1037.54      9.6382  1.72970  1.74094  1.75340  1.76950  1.66901
  1036.04      9.6521  1.74198  1.75370  1.76644  1.78270  1.67898
  1034.54      9.6661  1.75345  1.76569  1.77872  1.79527  1.68816
  1033.04      9.6802  1.76409  1.77679  1.79017  1.80714  1.69652
  1031.54      9.6943  1.77385  1.78712  1.80089  1.81832  1.70404
  1030.04      9.7084  1.78258  1.79656  1.81069  1.82861  1.71071
  1028.54      9.7225  1.79039  1.80506  1.81960  1.83800  1.71653
  1027.04      9.7367  1.79735  1.81259  1.82762  1.84660  1.72150
  1025.54      9.7510  1.80329  1.81907  1.83468  1.85440  1.72567
  1024.04      9.7653  1.80825  1.82463  1.84088  1.86148  1.72907
  1022.54      9.7796  1.81237  1.82938  1.84631  1.86778  1.73174
  1021.04      9.7940  1.81566  1.83331  1.85091  1.87328  1.73373
  1019.54      9.8084  1.81818  1.83642  1.85477  1.87810  1.73510
  1018.04      9.8228  1.81990  1.83875  1.85798  1.88225  1.73591
  1016.54      9.8373  1.82092  1.84047  1.86051  1.88573  1.73623
  1015.04      9.8519  1.82152  1.84184  1.86250  1.88868  1.73610
  1013.54      9.8664  1.82152  1.84266  1.86393  1.89108  1.73557
  1012.04      9.8811  1.82098  1.84292  1.86493  1.89304  1.73471
  1010.54      9.8957  1.82005  1.84276  1.86553  1.89459  1.73353
  1009.04      9.9104  1.81878  1.84223  1.86560  1.89561  1.73209
  1007.54      9.9252  1.81731  1.84145  1.86531  1.89621  1.73041
  1006.04      9.9400  1.81545  1.84019  1.86460  1.89624  1.72853
  1004.54      9.9548  1.81330  1.83851  1.86344  1.89577  1.72647
  1003.04      9.9697  1.81112  1.83667  1.86200  1.89499  1.72425
  1001.54      9.9847  1.80870  1.83452  1.86018  1.89370  1.72190
  1000.04      9.9996  1.80613  1.83222  1.85813  1.89196  1.71944
   998.54     10.0147  1.80342  1.82986  1.85577  1.88979  1.71688
   997.04     10.0297  1.80052  1.82721  1.85305  1.88719  1.71425
   995.54     10.0448  1.79770  1.82436  1.85036  1.88450  1.71157
   994.04     10.0600  1.79468  1.82130  1.84753  1.88153  1.70885
   992.54     10.0752  1.79160  1.81828  1.84460  1.87849  1.70611
   991.04     10.0905  1.78855  1.81539  1.84171  1.87575  1.70336
   989.54     10.1057  1.78538  1.81243  1.83886  1.87321  1.70060
   988.04     10.1211  1.78227  1.80954  1.83629  1.87104  1.69786
   986.54     10.1365  1.77911  1.80676  1.83389  1.86921  1.69514
   985.04     10.1519  1.77598  1.80414  1.83165  1.86774  1.69245
   983.54     10.1674  1.77296  1.80160  1.82966  1.86659  1.68978
   982.04     10.1829  1.76989  1.79901  1.82771  1.86550  1.68714
   980.54     10.1985  1.76681  1.79651  1.82583  1.86444  1.68453
   979.03     10.2141  1.76362  1.79401  1.82393  1.86341  1.68192
   977.53     10.2298  1.76032  1.79136  1.82184  1.86233  1.67933
   976.03     10.2455  1.75712  1.78865  1.81962  1.86115  1.67675
   974.53     10.2613  1.75393  1.78583  1.81731  1.85969  1.67415
   973.03     10.2771  1.75064  1.78290  1.81493  1.85795  1.67154
   971.53     10.2930  1.74726  1.77988  1.81239  1.85603  1.66890
   970.03     10.3089  1.74380  1.77671  1.80952  1.85391  1.66623
   968.53     10.3249  1.74027  1.77347  1.80648  1.85153  1.66351
   967.03     10.3409  1.73670  1.77015  1.80341  1.84892  1.66075
   965.53     10.3570  1.73303  1.76669  1.80015  1.84608  1.65795
   964.03     10.3731  1.72935  1.76309  1.79670  1.84301  1.65509
   962.53     10.3892  1.72564  1.75933  1.79320  1.83964  1.65216
   961.03     10.4055  1.72179  1.75542  1.78954  1.83595  1.64918
   959.53     10.4217  1.71789  1.75149  1.78570  1.83217  1.64614
   958.03     10.4381  1.71382  1.74743  1.78159  1.82830  1.64303
   956.53     10.4544  1.70956  1.74314  1.77726  1.82419  1.63985
   955.03     10.4708  1.70528  1.73877  1.77283  1.81982  1.63661
   953.53     10.4873  1.70093  1.73429  1.76822  1.81524  1.63330
   952.03     10.5038  1.69659  1.72978  1.76358  1.81060  1.62994
   950.53     10.5204  1.69221  1.72510  1.75887  1.80584  1.62651
   949.03     10.5370  1.68766  1.72015  1.75394  1.80087  1.62303
   947.53     10.5537  1.68307  1.71522  1.74897  1.79582  1.61950
   946.03     10.5705  1.67828  1.71030  1.74393  1.79051  1.61592
   944.53     10.5872  1.67347  1.70536  1.73879  1.78507  1.61231
   943.03     10.6041  1.66882  1.70035  1.73348  1.77963  1.60865
   941.53     10.6210  1.66403  1.69517  1.72794  1.77400  1.60498
   940.03     10.6379  1.65916  1.69010  1.72252  1.76834  1.60131
   938.53     10.6549  1.65420  1.68500  1.71711  1.76259  1.59763
   937.03     10.6720  1.64927  1.67977  1.71157  1.75665  1.59398
   935.53     10.6891  1.64453  1.67454  1.70609  1.75065  1.59035
   934.03     10.7063  1.63971  1.66931  1.70070  1.74461  1.58678
   932.53     10.7235  1.63487  1.66415  1.69542  1.73877  1.58327
   931.03     10.7408  1.63014  1.65912  1.69014  1.73314  1.57986
   929.53     10.7581  1.62551  1.65418  1.68487  1.72759  1.57656
   928.03     10.7755  1.62110  1.64945  1.67986  1.72225  1.57339
   926.53     10.7929  1.61687  1.64502  1.67517  1.71732  1.57040
   925.03     10.8104  1.61287  1.64093  1.67087  1.71289  1.56758
   923.53     10.8280  1.60920  1.63722  1.66702  1.70888  1.56499
   922.03     10.8456  1.60585  1.63393  1.66364  1.70528  1.56265
   920.53     10.8633  1.60287  1.63118  1.66091  1.70249  1.56060
   919.03     10.8810  1.60035  1.62900  1.65900  1.70074  1.55887
   917.53     10.8988  1.59837  1.62753  1.65791  1.69999  1.55749
   916.03     10.9167  1.59704  1.62693  1.65763  1.70014  1.55651
   914.53     10.9346  1.59641  1.62716  1.65816  1.70118  1.55597
   913.03     10.9525  1.59654  1.62820  1.65962  1.70326  1.55590
   911.53     10.9706  1.59752  1.63012  1.66216  1.70655  1.55632
   910.03     10.9887  1.59936  1.63311  1.66590  1.71097  1.55729
   908.53     11.0068  1.60208  1.63718  1.67075  1.71644  1.55881
   907.03     11.0250  1.60579  1.64228  1.67659  1.72297  1.56090
   905.53     11.0433  1.61042  1.64826  1.68333  1.73048  1.56358
   904.03     11.0616  1.61599  1.65511  1.69099  1.73889  1.56682
   902.53     11.0800  1.62237  1.66283  1.69954  1.74807  1.57066
   901.03     11.0984  1.62942  1.67135  1.70885  1.75783  1.57504
   899.53     11.1169  1.63731  1.68063  1.71883  1.76817  1.57997
   898.03     11.1355  1.64594  1.69048  1.72922  1.77885  1.58538
   896.53     11.1541  1.65510  1.70074  1.73984  1.78978  1.59126
   895.03     11.1728  1.66480  1.71129  1.75077  1.80096  1.59752
   893.53     11.1916  1.67482  1.72191  1.76176  1.81198  1.60411
   892.03     11.2104  1.68509  1.73261  1.77256  1.82260  1.61097
   890.53     11.2293  1.69547  1.74323  1.78299  1.83270  1.61801
   889.03     11.2482  1.70576  1.75348  1.79299  1.84214  1.62515
   887.53     11.2672  1.71602  1.76336  1.80261  1.85100  1.63231
   886.03     11.2863  1.72596  1.77271  1.81144  1.85897  1.63942
   884.53     11.3055  1.73549  1.78143  1.81947  1.86598  1.64637
   883.03     11.3247  1.74456  1.78947  1.82673  1.87219  1.65311
   881.53     11.3439  1.75295  1.79668  1.83307  1.87750  1.65957
   880.03     11.3633  1.76077  1.80323  1.83860  1.88197  1.66569
   878.53     11.3827  1.76793  1.80899  1.84330  1.88549  1.67142
   877.03     11.4022  1.77437  1.81380  1.84712  1.88807  1.67671
   875.53     11.4217  1.78006  1.81764  1.85014  1.88982  1.68153
   874.03     11.4413  1.78480  1.82059  1.85230  1.89078  1.68587
   872.53     11.4610  1.78874  1.82298  1.85376  1.89120  1.68969
   871.03     11.4807  1.79197  1.82489  1.85473  1.89121  1.69301
   869.53     11.5005  1.79449  1.82623  1.85525  1.89084  1.69580
   868.03     11.5204  1.79646  1.82697  1.85521  1.89003  1.69810
   866.53     11.5403  1.79785  1.82702  1.85459  1.88871  1.69988
   865.03     11.5603  1.79862  1.82654  1.85360  1.88700  1.70121
   863.53     11.5804  1.79885  1.82568  1.85228  1.88502  1.70209
   862.03     11.6006  1.79857  1.82438  1.85053  1.88277  1.70254
   860.53     11.6208  1.79781  1.82268  1.84840  1.88026  1.70260
   859.03     11.6411  1.79665  1.82074  1.84602  1.87761  1.70230
   857.53     11.6615  1.79510  1.81856  1.84334  1.87479  1.70169
   856.03     11.6819  1.79342  1.81612  1.84046  1.87175  1.70079
   854.53     11.7024  1.79154  1.81345  1.83749  1.86847  1.69965
   853.03     11.7230  1.78923  1.81057  1.83436  1.86507  1.69827
   851.53     11.7436  1.78670  1.80765  1.83121  1.86174  1.69672
   850.03     11.7644  1.78407  1.80468  1.82810  1.85837  1.69500
   848.53     11.7852  1.78124  1.80160  1.82501  1.85494  1.69313
   847.03     11.8060  1.77830  1.79849  1.82180  1.85168  1.69114
   845.52     11.8270  1.77528  1.79534  1.81843  1.84856  1.68905
   844.02     11.8480  1.77232  1.79213  1.81517  1.84546  1.68686
   842.52     11.8691  1.76927  1.78887  1.81201  1.84220  1.68460
   841.02     11.8903  1.76602  1.78556  1.80869  1.83868  1.68227
   839.52     11.9115  1.76289  1.78227  1.80531  1.83518  1.67989
   838.02     11.9328  1.75982  1.77898  1.80200  1.83182  1.67746
   836.52     11.9542  1.75669  1.77570  1.79872  1.82856  1.67500
   835.02     11.9757  1.75348  1.77241  1.79531  1.82523  1.67249
   833.52     11.9973  1.75005  1.76896  1.79173  1.82163  1.66995
   832.02     12.0189  1.74667  1.76540  1.78819  1.81794  1.66737
   830.52     12.0406  1.74331  1.76178  1.78444  1.81410  1.66476
   829.02     12.0624  1.73992  1.75827  1.78052  1.81013  1.66214
   827.52     12.0842  1.73656  1.75483  1.77679  1.80629  1.65950
   826.02     12.1062  1.73300  1.75099  1.77309  1.80253  1.65686
   824.52     12.1282  1.72945  1.74703  1.76944  1.79891  1.65425
   823.02     12.1503  1.72604  1.74353  1.76605  1.79547  1.65165
   821.52     12.1725  1.72273  1.74058  1.76300  1.79251  1.64910
   820.02     12.1948  1.71964  1.73795  1.76031  1.79025  1.64661
   818.52     12.2171  1.71676  1.73527  1.75782  1.78818  1.64417
   817.02     12.2396  1.71405  1.73254  1.75547  1.78576  1.64177
   815.52     12.2621  1.71139  1.72991  1.75306  1.78312  1.63941
   814.02     12.2847  1.70861  1.72728  1.75047  1.78051  1.63708
   812.52     12.3074  1.70574  1.72459  1.74787  1.77802  1.63478
   811.02     12.3301  1.70286  1.72191  1.74527  1.77552  1.63249
   809.52     12.3530  1.70003  1.71942  1.74276  1.77293  1.63020
   808.02     12.3759  1.69737  1.71705  1.74037  1.77028  1.62792
   806.52     12.3989  1.69481  1.71459  1.73785  1.76763  1.62564
   805.02     12.4220  1.69222  1.71210  1.73523  1.76522  1.62338
   803.52     12.4452  1.68973  1.70971  1.73271  1.76302  1.62115
   802.02     12.4685  1.68736  1.70737  1.73017  1.76076  1.61895
   800.52     12.4919  1.68504  1.70506  1.72770  1.75844  1.61678
   799.02     12.5153  1.68277  1.70276  1.72546  1.75613  1.61465
   797.52     12.5388  1.68036  1.70044  1.72333  1.75389  1.61257
   796.02     12.5625  1.67794  1.69811  1.72125  1.75172  1.61053
   794.52     12.5862  1.67565  1.69580  1.71917  1.74952  1.60855
   793.02     12.6100  1.67340  1.69359  1.71707  1.74726  1.60660
   791.52     12.6339  1.67127  1.69153  1.71502  1.74511  1.60470
   790.02     12.6579  1.66916  1.68950  1.71299  1.74305  1.60283
   788.52     12.6820  1.66708  1.68752  1.71099  1.74104  1.60099
   787.02     12.7061  1.66518  1.68564  1.70907  1.73919  1.59920
   785.52     12.7304  1.66329  1.68380  1.70714  1.73740  1.59743
   784.02     12.7548  1.66144  1.68201  1.70528  1.73567  1.59570
   782.52     12.7792  1.65962  1.68024  1.70360  1.73395  1.59401
   781.02     12.8038  1.65780  1.67852  1.70205  1.73224  1.59236
   779.52     12.8284  1.65609  1.67702  1.70060  1.73069  1.59074
   778.02     12.8531  1.65433  1.67556  1.69903  1.72917  1.58916
   776.52     12.8780  1.65268  1.67408  1.69732  1.72767  1.58761
   775.02     12.9029  1.65114  1.67258  1.69569  1.72622  1.58610
   773.52     12.9279  1.64959  1.67103  1.69434  1.72477  1.58461
   772.02     12.9530  1.64817  1.66964  1.69311  1.72345  1.58318
   770.52     12.9783  1.64678  1.66836  1.69167  1.72213  1.58177
   769.02     13.0036  1.64529  1.66711  1.69019  1.72074  1.58041
   767.52     13.0290  1.64380  1.66582  1.68893  1.71941  1.57908
   766.02     13.0545  1.64243  1.66453  1.68776  1.71818  1.57779
   764.52     13.0801  1.64115  1.66345  1.68653  1.71700  1.57656
   763.02     13.1058  1.63981  1.66245  1.68524  1.71576  1.57536
   761.52     13.1317  1.63842  1.66125  1.68404  1.71443  1.57421
   760.02     13.1576  1.63715  1.65986  1.68301  1.71319  1.57309
   758.52     13.1836  1.63593  1.65842  1.68186  1.71210  1.57202
   757.02     13.2097  1.63468  1.65704  1.68042  1.71094  1.57097
   755.52     13.2359  1.63339  1.65570  1.67895  1.70967  1.56995
   754.02     13.2623  1.63202  1.65432  1.67766  1.70840  1.56895
   752.52     13.2887  1.63067  1.65294  1.67644  1.70716  1.56796
   751.02     13.3153  1.62949  1.65155  1.67524  1.70596  1.56697
   749.52     13.3419  1.62823  1.65028  1.67404  1.70476  1.56600
   748.02     13.3687  1.62679  1.64909  1.67271  1.70342  1.56502
   746.52     13.3955  1.62533  1.64774  1.67120  1.70191  1.56405
   745.02     13.4225  1.62388  1.64634  1.66982  1.70039  1.56308
   743.52     13.4496  1.62251  1.64517  1.66865  1.69910  1.56212
   742.02     13.4768  1.62116  1.64406  1.66751  1.69798  1.56115
   740.52     13.5041  1.61983  1.64271  1.66623  1.69672  1.56019
   739.02     13.5315  1.61854  1.64128  1.66479  1.69530  1.55923
   737.52     13.5590  1.61703  1.63985  1.66328  1.69381  1.55825
   736.02     13.5866  1.61549  1.63842  1.66188  1.69229  1.55726
   734.52     13.6144  1.61411  1.63707  1.66060  1.69079  1.55627
   733.02     13.6423  1.61277  1.63578  1.65932  1.68945  1.55525
   731.52     13.6702  1.61146  1.63446  1.65796  1.68809  1.55422
   730.02     13.6983  1.61000  1.63298  1.65649  1.68645  1.55317
   728.52     13.7265  1.60848  1.63143  1.65500  1.68475  1.55211
   727.02     13.7549  1.60707  1.62992  1.65350  1.68321  1.55104
   725.52     13.7833  1.60555  1.62833  1.65180  1.68164  1.54997
   724.02     13.8119  1.60393  1.62666  1.65013  1.68000  1.54889
   722.52     13.8405  1.60237  1.62499  1.64857  1.67845  1.54780
   721.02     13.8693  1.60083  1.62336  1.64693  1.67678  1.54669
   719.52     13.8982  1.59925  1.62184  1.64515  1.67482  1.54558
   718.02     13.9273  1.59746  1.62034  1.64330  1.67287  1.54446
   716.52     13.9564  1.59560  1.61875  1.64154  1.67113  1.54330
   715.02     13.9857  1.59378  1.61694  1.63978  1.66934  1.54210
   713.52     14.0151  1.59203  1.61499  1.63804  1.66749  1.54088
   712.02     14.0446  1.59037  1.61300  1.63623  1.66566  1.53962
   710.51     14.0743  1.58858  1.61109  1.63430  1.66372  1.53833
   709.01     14.1041  1.58667  1.60939  1.63236  1.66164  1.53702
   707.51     14.1340  1.58484  1.60771  1.63047  1.65959  1.53568
   706.01     14.1640  1.58301  1.60588  1.62856  1.65768  1.53432
   704.51     14.1942  1.58118  1.60408  1.62671  1.65587  1.53293
   703.01     14.2245  1.57940  1.60232  1.62497  1.65378  1.53153
   701.51     14.2549  1.57758  1.60051  1.62322  1.65144  1.53012
   700.01     14.2854  1.57572  1.59873  1.62141  1.64925  1.52869
   698.51     14.3161  1.57390  1.59691  1.61944  1.64722  1.52724
   697.01     14.3469  1.57207  1.59495  1.61738  1.64528  1.52578
   695.51     14.3779  1.57025  1.59294  1.61525  1.64340  1.52431
   694.01     14.4089  1.56840  1.59090  1.61297  1.64135  1.52284
   692.51     14.4402  1.56642  1.58878  1.61063  1.63900  1.52135
   691.01     14.4715  1.56446  1.58649  1.60843  1.63641  1.51985
   689.51     14.5030  1.56242  1.58404  1.60600  1.63366  1.51836
   688.01     14.5346  1.56033  1.58154  1.60323  1.63069  1.51685
   686.51     14.5664  1.55826  1.57926  1.60066  1.62772  1.51534
   685.01     14.5983  1.55608  1.57727  1.59841  1.62514  1.51382
   683.51     14.6303  1.55396  1.57537  1.59620  1.62297  1.51228
   682.01     14.6625  1.55197  1.57337  1.59396  1.62090  1.51073
   680.51     14.6948  1.55005  1.57126  1.59178  1.61869  1.50917
   679.01     14.7273  1.54810  1.56901  1.58959  1.61631  1.50758
   677.51     14.7599  1.54584  1.56674  1.58730  1.61381  1.50595
   676.01     14.7926  1.54362  1.56473  1.58513  1.61129  1.50429
   674.51     14.8255  1.54163  1.56274  1.58298  1.60856  1.50259
   673.01     14.8586  1.53961  1.56042  1.58065  1.60581  1.50087
   671.51     14.8918  1.53788  1.55824  1.57854  1.60392  1.49912
   670.01     14.9251  1.53631  1.55634  1.57652  1.60243  1.49733
   668.51     14.9586  1.53353  1.55355  1.57320  1.59885  1.49550
   667.01     14.9922  1.52994  1.55023  1.56950  1.59405  1.49365
   665.51     15.0260  1.52748  1.54788  1.56714  1.59130  1.49179
   664.01     15.0600  1.52565  1.54580  1.56524  1.58949  1.48992
   662.51     15.0941  1.52373  1.54343  1.56300  1.58723  1.48802
   661.01     15.1283  1.52159  1.54118  1.56051  1.58435  1.48609
   659.51     15.1627  1.51917  1.53919  1.55804  1.58126  1.48417
   658.01     15.1973  1.51647  1.53690  1.55552  1.57822  1.48221
   656.51     15.2320  1.51384  1.53436  1.55296  1.57552  1.48024
   655.01     15.2669  1.51140  1.53168  1.55019  1.57287  1.47827
   653.51     15.3020  1.50892  1.52882  1.54713  1.56987  1.47628
   652.01     15.3372  1.50635  1.52591  1.54404  1.56667  1.47427
   650.51     15.3725  1.50364  1.52289  1.54098  1.56327  1.47223
   649.01     15.4081  1.50080  1.51981  1.53784  1.55975  1.47016
   647.51     15.4438  1.49788  1.51677  1.53464  1.55644  1.46805
   646.01     15.4796  1.49483  1.51369  1.53160  1.55341  1.46593
   644.51     15.5157  1.49164  1.51065  1.52878  1.55054  1.46375
   643.01     15.5519  1.48851  1.50772  1.52584  1.54774  1.46153
   641.51     15.5882  1.48540  1.50482  1.52272  1.54494  1.45927
   640.01     15.6248  1.48221  1.50188  1.51962  1.54228  1.45700
   638.51     15.6615  1.47899  1.49878  1.51656  1.53983  1.45474
   637.01     15.6984  1.47572  1.49550  1.51342  1.53716  1.45250
   635.51     15.7354  1.47256  1.49214  1.51027  1.53415  1.45025
   634.01     15.7726  1.46939  1.48884  1.50731  1.53118  1.44805
   632.51     15.8100  1.46610  1.48574  1.50450  1.52856  1.44591
   631.01     15.8476  1.46284  1.48293  1.50170  1.52614  1.44385
   629.51     15.8854  1.45960  1.48022  1.49895  1.52368  1.44188
   628.01     15.9233  1.45667  1.47746  1.49648  1.52154  1.44001
   626.51     15.9615  1.45415  1.47469  1.49426  1.51993  1.43829
   625.01     15.9998  1.45157  1.47216  1.49208  1.51850  1.43674
   623.51     16.0383  1.44916  1.47033  1.49032  1.51740  1.43542
   622.01     16.0770  1.44700  1.46905  1.48915  1.51686  1.43435
   620.51     16.1158  1.44529  1.46812  1.48859  1.51699  1.43361
   619.01     16.1549  1.44434  1.46773  1.48873  1.51790  1.43320
   617.51     16.1941  1.44383  1.46789  1.48935  1.51947  1.43322
   616.01     16.2336  1.44393  1.46875  1.49072  1.52199  1.43369
   614.51     16.2732  1.44434  1.47004  1.49261  1.52507  1.43468
   613.01     16.3130  1.44504  1.47195  1.49509  1.52861  1.43623
   611.51     16.3530  1.44660  1.47489  1.49871  1.53320  1.43839
   610.01     16.3932  1.44876  1.47810  1.50284  1.53840  1.44122
   608.51     16.4337  1.45152  1.48149  1.50729  1.54401  1.44477
   607.01     16.4743  1.45508  1.48558  1.51245  1.55019  1.44907
   605.51     16.5151  1.45940  1.49065  1.51843  1.55697  1.45420
   604.01     16.5561  1.46464  1.49695  1.52554  1.56500  1.46019
   602.51     16.5973  1.47049  1.50399  1.53339  1.57418  1.46708
   601.01     16.6388  1.47693  1.51160  1.54180  1.58393  1.47491
   599.51     16.6804  1.48451  1.52023  1.55111  1.59428  1.48374
   598.01     16.7222  1.49293  1.52953  1.56108  1.60513  1.49363
   596.51     16.7643  1.50202  1.53951  1.57173  1.61662  1.50462
   595.01     16.8065  1.51208  1.55041  1.58321  1.62891  1.51676
   593.51     16.8490  1.52332  1.56223  1.59537  1.64190  1.53011
   592.01     16.8917  1.53632  1.57539  1.60868  1.65574  1.54468
   590.51     16.9346  1.55137  1.59002  1.62345  1.67063  1.56047
   589.01     16.9778  1.56768  1.60592  1.63956  1.68670  1.57744
   587.51     17.0211  1.58528  1.62350  1.65719  1.70413  1.59550
   586.01     17.0647  1.60473  1.64306  1.67644  1.72281  1.61445
   584.51     17.1085  1.62603  1.66446  1.69722  1.74285  1.63406
   583.01     17.1525  1.64941  1.68761  1.71973  1.76471  1.65401
   581.51     17.1967  1.67435  1.71211  1.74365  1.78811  1.67394
   580.01     17.2412  1.70053  1.73796  1.76916  1.81316  1.69341
   578.51     17.2859  1.72768  1.76493  1.79617  1.83977  1.71198
   577.00     17.3309  1.75462  1.79165  1.82342  1.86673  1.72922
   575.50     17.3760  1.78091  1.81777  1.85032  1.89368  1.74476
   574.00     17.4215  1.80486  1.84245  1.87566  1.91941  1.75830
   572.50     17.4671  1.82523  1.86445  1.89811  1.94249  1.76963
   571.00     17.5130  1.84272  1.88305  1.91742  1.96250  1.77862
   569.50     17.5591  1.85621  1.89687  1.93228  1.97769  1.78532
   568.00     17.6055  1.86567  1.90651  1.94276  1.98815  1.78983
   566.50     17.6521  1.87107  1.91234  1.94864  1.99439  1.79235
   565.00     17.6990  1.87259  1.91440  1.95005  1.99662  1.79316
   563.50     17.7461  1.87229  1.91420  1.94913  1.99610  1.79253
   562.00     17.7935  1.86993  1.91162  1.94611  1.99267  1.79073
   560.50     17.8411  1.86632  1.90750  1.94180  1.98743  1.78806
   559.00     17.8890  1.86232  1.90254  1.93696  1.98138  1.78478
   557.50     17.9371  1.85747  1.89675  1.93140  1.97472  1.78105
   556.00     17.9855  1.85236  1.89118  1.92564  1.96849  1.77709
   554.50     18.0342  1.84683  1.88540  1.91942  1.96242  1.77299
   553.00     18.0831  1.84110  1.87945  1.91319  1.95626  1.76889
   551.50     18.1323  1.83576  1.87397  1.90756  1.95026  1.76484
   550.00     18.1817  1.83067  1.86880  1.90193  1.94427  1.76089
   548.50     18.2314  1.82608  1.86398  1.89669  1.93884  1.75710
   547.00     18.2814  1.82187  1.85918  1.89193  1.93376  1.75349
   545.50     18.3317  1.81734  1.85421  1.88728  1.92851  1.75007
   544.00     18.3823  1.81274  1.84978  1.88281  1.92369  1.74684
   542.50     18.4331  1.80851  1.84583  1.87842  1.91959  1.74381
   541.00     18.4842  1.80446  1.84180  1.87406  1.91569  1.74095
   539.50     18.5356  1.80064  1.83781  1.86977  1.91152  1.73829
   538.00     18.5873  1.79708  1.83402  1.86567  1.90719  1.73578
   536.50     18.6393  1.79350  1.83026  1.86221  1.90301  1.73341
   535.00     18.6915  1.79017  1.82664  1.85898  1.89911  1.73116
   533.50     18.7441  1.78711  1.82342  1.85524  1.89542  1.72902
   532.00     18.7969  1.78415  1.82049  1.85153  1.89190  1.72700
   530.50     18.8501  1.78122  1.81741  1.84841  1.88836  1.72507
   529.00     18.9035  1.77837  1.81417  1.84545  1.88478  1.72322
   527.50     18.9573  1.77605  1.81117  1.84224  1.88134  1.72140
   526.00     19.0114  1.77349  1.80826  1.83862  1.87756  1.71964
   524.50     19.0657  1.77037  1.80539  1.83531  1.87378  1.71797
   523.00     19.1204  1.76761  1.80273  1.83285  1.87063  1.71640
   521.50     19.1754  1.76510  1.80000  1.83027  1.86753  1.71490
   520.00     19.2307  1.76306  1.79712  1.82718  1.86442  1.71344
   518.50     19.2864  1.76131  1.79413  1.82392  1.86153  1.71207
   517.00     19.3423  1.75887  1.79093  1.82079  1.85857  1.71077
   515.50     19.3986  1.75615  1.78805  1.81817  1.85558  1.70955
   514.00     19.4552  1.75321  1.78529  1.81546  1.85237  1.70841
   512.50     19.5122  1.75045  1.78288  1.81270  1.84936  1.70726
   511.00     19.5695  1.74829  1.78111  1.81023  1.84662  1.70609
   509.50     19.6271  1.74611  1.77895  1.80737  1.84348  1.70489
   508.00     19.6850  1.74438  1.77613  1.80433  1.84014  1.70368
   506.50     19.7433  1.74253  1.77286  1.80143  1.83658  1.70247
   505.00     19.8020  1.74027  1.76981  1.79896  1.83346  1.70124
   503.50     19.8610  1.73817  1.76748  1.79678  1.83119  1.69998
   502.00     19.9203  1.73579  1.76514  1.79388  1.82842  1.69870
   500.50     19.9801  1.73328  1.76317  1.79116  1.82554  1.69746
   499.00     20.0401  1.73106  1.76197  1.78921  1.82377  1.69626
   497.50     20.1005  1.72898  1.76055  1.78713  1.82198  1.69510
   496.00     20.1613  1.72717  1.75799  1.78441  1.81898  1.69397
   494.50     20.2225  1.72544  1.75483  1.78141  1.81538  1.69283
   493.00     20.2840  1.72365  1.75231  1.77875  1.81196  1.69169
   491.50     20.3459  1.72191  1.75028  1.77664  1.80869  1.69060
   490.00     20.4082  1.72004  1.74803  1.77471  1.80577  1.68956
   488.50     20.4709  1.71791  1.74627  1.77287  1.80351  1.68856
   487.00     20.5340  1.71582  1.74475  1.77056  1.80149  1.68762
   485.50     20.5974  1.71395  1.74269  1.76757  1.79888  1.68672
   484.00     20.6612  1.71235  1.74048  1.76463  1.79596  1.68589
   482.50     20.7255  1.71083  1.73854  1.76233  1.79359  1.68514
   481.00     20.7901  1.70890  1.73694  1.76038  1.79155  1.68446
   479.50     20.8552  1.70725  1.73574  1.75850  1.78948  1.68384
   478.00     20.9206  1.70583  1.73485  1.75675  1.78746  1.68326
   476.50     20.9865  1.70448  1.73355  1.75561  1.78531  1.68272
   475.00     21.0527  1.70412  1.73089  1.75510  1.78292  1.68225
   473.50     21.1194  1.70430  1.72770  1.75400  1.78091  1.68188
   472.00     21.1866  1.70424  1.72655  1.75227  1.77992  1.68167
   470.50     21.2541  1.70369  1.72714  1.75095  1.77934  1.68163
   469.00     21.3221  1.70234  1.72672  1.74991  1.77835  1.68175
   467.50     21.3905  1.70144  1.72538  1.74921  1.77744  1.68200
   466.00     21.4594  1.70107  1.72524  1.74898  1.77701  1.68245
   464.50     21.5287  1.70085  1.72697  1.74925  1.77719  1.68312
   463.00     21.5984  1.70147  1.72935  1.74995  1.77796  1.68402
   461.50     21.6686  1.70246  1.73074  1.75029  1.77850  1.68515
   460.00     21.7393  1.70442  1.73145  1.75048  1.77910  1.68654
   458.50     21.8104  1.70727  1.73184  1.75095  1.78022  1.68818
   457.00     21.8820  1.70969  1.73283  1.75287  1.78224  1.69020
   455.50     21.9541  1.71236  1.73621  1.75720  1.78573  1.69261
   454.00     22.0266  1.71476  1.74010  1.76173  1.78957  1.69537
   452.50     22.0997  1.71796  1.74366  1.76561  1.79363  1.69839
   451.00     22.1732  1.72172  1.74742  1.76910  1.79772  1.70168
   449.50     22.2472  1.72571  1.75170  1.77279  1.80114  1.70520
   448.00     22.3217  1.73034  1.75651  1.77790  1.80490  1.70891
   446.50     22.3967  1.73515  1.76103  1.78367  1.80957  1.71270
   445.00     22.4722  1.74047  1.76574  1.78879  1.81497  1.71653
   443.49     22.5482  1.74668  1.77096  1.79331  1.82114  1.72034
   441.99     22.6247  1.75384  1.77650  1.79744  1.82725  1.72417
   440.49     22.7017  1.76092  1.78275  1.80204  1.83295  1.72799
   438.99     22.7793  1.76719  1.78908  1.80685  1.83791  1.73174
   437.49     22.8574  1.77282  1.79438  1.81151  1.84170  1.73538
   435.99     22.9361  1.77749  1.79868  1.81679  1.84531  1.73891
   434.49     23.0153  1.78084  1.80195  1.82223  1.84952  1.74234
   432.99     23.0950  1.78326  1.80488  1.82736  1.85432  1.74558
   431.49     23.1753  1.78506  1.80770  1.83110  1.85816  1.74856
   429.99     23.2561  1.78657  1.81011  1.83269  1.85995  1.75121
   428.49     23.3376  1.78824  1.81256  1.83415  1.86179  1.75353
   426.99     23.4195  1.78979  1.81471  1.83686  1.86414  1.75555
   425.49     23.5021  1.79097  1.81629  1.83958  1.86611  1.75724
   423.99     23.5853  1.79239  1.81807  1.84224  1.86812  1.75859
   422.49     23.6690  1.79398  1.82000  1.84427  1.87092  1.75959
   420.99     23.7533  1.79489  1.82118  1.84598  1.87360  1.76035
   419.49     23.8383  1.79550  1.82193  1.84767  1.87625  1.76092
   417.99     23.9238  1.79674  1.82330  1.84938  1.87903  1.76138
   416.49     24.0100  1.79841  1.82511  1.85149  1.88156  1.76172
   414.99     24.0968  1.79989  1.82671  1.85335  1.88371  1.76191
   413.49     24.1842  1.80079  1.82771  1.85455  1.88512  1.76195
   411.99     24.2723  1.80136  1.82835  1.85536  1.88607  1.76189
   410.49     24.3610  1.80200  1.82904  1.85621  1.88704  1.76174
   408.99     24.4503  1.80238  1.82948  1.85678  1.88771  1.76149
   407.49     24.5403  1.80222  1.82933  1.85673  1.88772  1.76112
   405.99     24.6310  1.80193  1.82905  1.85652  1.88754  1.76063
   404.49     24.7224  1.80160  1.82872  1.85626  1.88731  1.76008
   402.99     24.8144  1.80101  1.82812  1.85571  1.88676  1.75946
   401.49     24.9071  1.80019  1.82728  1.85490  1.88594  1.75883
   399.99     25.0005  1.79883  1.82587  1.85349  1.88448  1.75815
  
  cm-1         microns  riw65t298, riw65t263, riw65t243, riw65t223, riw58t298 
  7498.52      1.3336  1.7370e-02  1.8260e-02  1.9430e-02  2.1100e-02  1.1330e-02
  7497.02      1.3339  1.7230e-02  1.8120e-02  1.9280e-02  2.0950e-02  1.1330e-02
  7495.52      1.3341  1.7040e-02  1.7920e-02  1.9080e-02  2.0750e-02  1.1340e-02
  7494.02      1.3344  1.6850e-02  1.7740e-02  1.8890e-02  2.0550e-02  1.1350e-02
  7492.52      1.3347  1.6760e-02  1.7650e-02  1.8800e-02  2.0460e-02  1.1360e-02
  7491.02      1.3349  1.6840e-02  1.7730e-02  1.8880e-02  2.0540e-02  1.1350e-02
  7489.52      1.3352  1.7050e-02  1.7940e-02  1.9090e-02  2.0760e-02  1.1340e-02
  7488.02      1.3355  1.7240e-02  1.8130e-02  1.9290e-02  2.0960e-02  1.1330e-02
  7486.52      1.3357  1.7340e-02  1.8240e-02  1.9400e-02  2.1070e-02  1.1320e-02
  7485.02      1.3360  1.7340e-02  1.8230e-02  1.9390e-02  2.1070e-02  1.1320e-02
  7483.52      1.3363  1.7170e-02  1.8060e-02  1.9220e-02  2.0900e-02  1.1350e-02
  7482.02      1.3365  1.7000e-02  1.7890e-02  1.9050e-02  2.0720e-02  1.1410e-02
  7480.52      1.3368  1.6970e-02  1.7850e-02  1.9010e-02  2.0680e-02  1.1470e-02
  7479.02      1.3371  1.7040e-02  1.7930e-02  1.9090e-02  2.0760e-02  1.1520e-02
  7477.52      1.3373  1.7000e-02  1.7890e-02  1.9040e-02  2.0710e-02  1.1570e-02
  7476.02      1.3376  1.6920e-02  1.7810e-02  1.8970e-02  2.0630e-02  1.1620e-02
  7474.52      1.3379  1.6930e-02  1.7810e-02  1.8970e-02  2.0640e-02  1.1660e-02
  7473.02      1.3381  1.7010e-02  1.7900e-02  1.9060e-02  2.0730e-02  1.1700e-02
  7471.52      1.3384  1.7070e-02  1.7950e-02  1.9110e-02  2.0780e-02  1.1740e-02
  7470.02      1.3387  1.7140e-02  1.8030e-02  1.9190e-02  2.0860e-02  1.1770e-02
  7468.52      1.3390  1.7180e-02  1.8070e-02  1.9230e-02  2.0910e-02  1.1780e-02
  7467.02      1.3392  1.7150e-02  1.8040e-02  1.9200e-02  2.0870e-02  1.1780e-02
  7465.52      1.3395  1.7220e-02  1.8110e-02  1.9270e-02  2.0950e-02  1.1750e-02
  7464.02      1.3398  1.7340e-02  1.8230e-02  1.9400e-02  2.1070e-02  1.1730e-02
  7462.52      1.3400  1.7360e-02  1.8250e-02  1.9420e-02  2.1100e-02  1.1710e-02
  7461.02      1.3403  1.7200e-02  1.8100e-02  1.9260e-02  2.0940e-02  1.1690e-02
  7459.52      1.3406  1.7000e-02  1.7890e-02  1.9050e-02  2.0720e-02  1.1670e-02
  7458.02      1.3408  1.6920e-02  1.7800e-02  1.8960e-02  2.0630e-02  1.1660e-02
  7456.52      1.3411  1.6940e-02  1.7820e-02  1.8980e-02  2.0650e-02  1.1630e-02
  7455.02      1.3414  1.6950e-02  1.7830e-02  1.8990e-02  2.0660e-02  1.1610e-02
  7453.52      1.3416  1.6910e-02  1.7800e-02  1.8960e-02  2.0630e-02  1.1570e-02
  7452.02      1.3419  1.6930e-02  1.7820e-02  1.8980e-02  2.0650e-02  1.1520e-02
  7450.52      1.3422  1.7020e-02  1.7910e-02  1.9070e-02  2.0740e-02  1.1480e-02
  7449.02      1.3425  1.7120e-02  1.8010e-02  1.9170e-02  2.0850e-02  1.1440e-02
  7447.52      1.3427  1.7190e-02  1.8080e-02  1.9240e-02  2.0920e-02  1.1430e-02
  7446.02      1.3430  1.7060e-02  1.7950e-02  1.9110e-02  2.0780e-02  1.1420e-02
  7444.52      1.3433  1.6840e-02  1.7720e-02  1.8880e-02  2.0550e-02  1.1440e-02
  7443.02      1.3435  1.6770e-02  1.7650e-02  1.8810e-02  2.0470e-02  1.1480e-02
  7441.52      1.3438  1.6890e-02  1.7780e-02  1.8930e-02  2.0610e-02  1.1530e-02
  7440.02      1.3441  1.7030e-02  1.7920e-02  1.9080e-02  2.0750e-02  1.1570e-02
  7438.52      1.3444  1.7110e-02  1.8000e-02  1.9160e-02  2.0840e-02  1.1610e-02
  7437.02      1.3446  1.7150e-02  1.8040e-02  1.9210e-02  2.0890e-02  1.1630e-02
  7435.52      1.3449  1.7180e-02  1.8070e-02  1.9230e-02  2.0910e-02  1.1650e-02
  7434.02      1.3452  1.7120e-02  1.8010e-02  1.9180e-02  2.0860e-02  1.1630e-02
  7432.52      1.3454  1.7060e-02  1.7950e-02  1.9110e-02  2.0790e-02  1.1600e-02
  7431.02      1.3457  1.7070e-02  1.7960e-02  1.9120e-02  2.0800e-02  1.1540e-02
  7429.52      1.3460  1.7080e-02  1.7970e-02  1.9130e-02  2.0810e-02  1.1470e-02
  7428.02      1.3463  1.7030e-02  1.7920e-02  1.9080e-02  2.0760e-02  1.1400e-02
  7426.52      1.3465  1.7030e-02  1.7920e-02  1.9080e-02  2.0760e-02  1.1340e-02
  7425.02      1.3468  1.7180e-02  1.8070e-02  1.9230e-02  2.0910e-02  1.1310e-02
  7423.52      1.3471  1.7280e-02  1.8170e-02  1.9340e-02  2.1020e-02  1.1310e-02
  7422.02      1.3473  1.7240e-02  1.8130e-02  1.9300e-02  2.0980e-02  1.1330e-02
  7420.52      1.3476  1.7100e-02  1.7990e-02  1.9150e-02  2.0830e-02  1.1360e-02
  7419.02      1.3479  1.6970e-02  1.7860e-02  1.9020e-02  2.0700e-02  1.1400e-02
  7417.51      1.3482  1.6910e-02  1.7790e-02  1.8950e-02  2.0630e-02  1.1440e-02
  7416.01      1.3484  1.6950e-02  1.7830e-02  1.9000e-02  2.0670e-02  1.1480e-02
  7414.51      1.3487  1.7020e-02  1.7900e-02  1.9070e-02  2.0750e-02  1.1510e-02
  7413.01      1.3490  1.7030e-02  1.7910e-02  1.9080e-02  2.0760e-02  1.1540e-02
  7411.51      1.3493  1.7050e-02  1.7940e-02  1.9100e-02  2.0780e-02  1.1560e-02
  7410.01      1.3495  1.7120e-02  1.8010e-02  1.9180e-02  2.0860e-02  1.1580e-02
  7408.51      1.3498  1.7170e-02  1.8060e-02  1.9220e-02  2.0910e-02  1.1590e-02
  7407.01      1.3501  1.7090e-02  1.7980e-02  1.9150e-02  2.0830e-02  1.1600e-02
  7405.51      1.3503  1.7020e-02  1.7910e-02  1.9070e-02  2.0750e-02  1.1630e-02
  7404.01      1.3506  1.7050e-02  1.7940e-02  1.9110e-02  2.0790e-02  1.1660e-02
  7402.51      1.3509  1.7100e-02  1.7990e-02  1.9150e-02  2.0840e-02  1.1680e-02
  7401.01      1.3512  1.7050e-02  1.7940e-02  1.9110e-02  2.0790e-02  1.1680e-02
  7399.51      1.3514  1.7090e-02  1.7980e-02  1.9140e-02  2.0830e-02  1.1670e-02
  7398.01      1.3517  1.7170e-02  1.8060e-02  1.9230e-02  2.0920e-02  1.1630e-02
  7396.51      1.3520  1.7190e-02  1.8090e-02  1.9260e-02  2.0940e-02  1.1560e-02
  7395.01      1.3523  1.7120e-02  1.8010e-02  1.9170e-02  2.0860e-02  1.1480e-02
  7393.51      1.3525  1.7120e-02  1.8010e-02  1.9180e-02  2.0860e-02  1.1420e-02
  7392.01      1.3528  1.7170e-02  1.8060e-02  1.9230e-02  2.0920e-02  1.1380e-02
  7390.51      1.3531  1.7260e-02  1.8150e-02  1.9320e-02  2.1010e-02  1.1380e-02
  7389.01      1.3534  1.7370e-02  1.8270e-02  1.9440e-02  2.1140e-02  1.1410e-02
  7387.51      1.3536  1.7430e-02  1.8320e-02  1.9500e-02  2.1190e-02  1.1450e-02
  7386.01      1.3539  1.7400e-02  1.8300e-02  1.9470e-02  2.1170e-02  1.1500e-02
  7384.51      1.3542  1.7150e-02  1.8040e-02  1.9210e-02  2.0900e-02  1.1520e-02
  7383.01      1.3545  1.6660e-02  1.7550e-02  1.8710e-02  2.0390e-02  1.1510e-02
  7381.51      1.3547  1.6380e-02  1.7260e-02  1.8410e-02  2.0080e-02  1.1470e-02
  7380.01      1.3550  1.6490e-02  1.7370e-02  1.8530e-02  2.0200e-02  1.1420e-02
  7378.51      1.3553  1.6730e-02  1.7620e-02  1.8780e-02  2.0450e-02  1.1370e-02
  7377.01      1.3556  1.6790e-02  1.7670e-02  1.8830e-02  2.0510e-02  1.1320e-02
  7375.51      1.3558  1.6840e-02  1.7730e-02  1.8890e-02  2.0570e-02  1.1290e-02
  7374.01      1.3561  1.6880e-02  1.7770e-02  1.8930e-02  2.0620e-02  1.1290e-02
  7372.51      1.3564  1.6940e-02  1.7820e-02  1.8990e-02  2.0680e-02  1.1300e-02
  7371.01      1.3567  1.7010e-02  1.7900e-02  1.9070e-02  2.0760e-02  1.1340e-02
  7369.51      1.3569  1.6990e-02  1.7870e-02  1.9040e-02  2.0730e-02  1.1380e-02
  7368.01      1.3572  1.6890e-02  1.7770e-02  1.8940e-02  2.0620e-02  1.1410e-02
  7366.51      1.3575  1.6800e-02  1.7690e-02  1.8850e-02  2.0530e-02  1.1430e-02
  7365.01      1.3578  1.6780e-02  1.7660e-02  1.8830e-02  2.0510e-02  1.1420e-02
  7363.51      1.3580  1.6790e-02  1.7670e-02  1.8830e-02  2.0520e-02  1.1380e-02
  7362.01      1.3583  1.6790e-02  1.7680e-02  1.8840e-02  2.0530e-02  1.1330e-02
  7360.51      1.3586  1.6820e-02  1.7700e-02  1.8870e-02  2.0550e-02  1.1260e-02
  7359.01      1.3589  1.6850e-02  1.7730e-02  1.8900e-02  2.0580e-02  1.1210e-02
  7357.51      1.3592  1.6820e-02  1.7710e-02  1.8870e-02  2.0560e-02  1.1200e-02
  7356.01      1.3594  1.6950e-02  1.7840e-02  1.9000e-02  2.0690e-02  1.1220e-02
  7354.51      1.3597  1.7250e-02  1.8140e-02  1.9310e-02  2.1010e-02  1.1290e-02
  7353.01      1.3600  1.7510e-02  1.8400e-02  1.9580e-02  2.1290e-02  1.1350e-02
  7351.51      1.3603  1.7490e-02  1.8380e-02  1.9570e-02  2.1270e-02  1.1420e-02
  7350.01      1.3605  1.7320e-02  1.8220e-02  1.9390e-02  2.1090e-02  1.1450e-02
  7348.51      1.3608  1.7210e-02  1.8100e-02  1.9270e-02  2.0970e-02  1.1450e-02
  7347.01      1.3611  1.7200e-02  1.8090e-02  1.9270e-02  2.0960e-02  1.1390e-02
  7345.51      1.3614  1.7090e-02  1.7980e-02  1.9150e-02  2.0850e-02  1.1330e-02
  7344.01      1.3617  1.6720e-02  1.7610e-02  1.8770e-02  2.0460e-02  1.1270e-02
  7342.51      1.3619  1.6100e-02  1.6970e-02  1.8130e-02  1.9800e-02  1.1220e-02
  7341.01      1.3622  1.5500e-02  1.6370e-02  1.7510e-02  1.9160e-02  1.1210e-02
  7339.51      1.3625  1.5530e-02  1.6390e-02  1.7530e-02  1.9180e-02  1.1240e-02
  7338.01      1.3628  1.6050e-02  1.6920e-02  1.8070e-02  1.9730e-02  1.1300e-02
  7336.51      1.3630  1.6800e-02  1.7680e-02  1.8850e-02  2.0530e-02  1.1350e-02
  7335.01      1.3633  1.7520e-02  1.8410e-02  1.9590e-02  2.1290e-02  1.1380e-02
  7333.51      1.3636  1.7970e-02  1.8870e-02  2.0070e-02  2.1780e-02  1.1370e-02
  7332.01      1.3639  1.7840e-02  1.8750e-02  1.9940e-02  2.1650e-02  1.1330e-02
  7330.51      1.3642  1.7090e-02  1.7980e-02  1.9160e-02  2.0860e-02  1.1270e-02
  7329.01      1.3644  1.6130e-02  1.7010e-02  1.8160e-02  1.9840e-02  1.1220e-02
  7327.51      1.3647  1.5730e-02  1.6590e-02  1.7740e-02  1.9400e-02  1.1210e-02
  7326.01      1.3650  1.5840e-02  1.6710e-02  1.7850e-02  1.9520e-02  1.1260e-02
  7324.51      1.3653  1.6260e-02  1.7140e-02  1.8290e-02  1.9960e-02  1.1340e-02
  7323.01      1.3656  1.6770e-02  1.7650e-02  1.8820e-02  2.0500e-02  1.1440e-02
  7321.51      1.3658  1.7140e-02  1.8030e-02  1.9210e-02  2.0900e-02  1.1550e-02
  7320.01      1.3661  1.7290e-02  1.8180e-02  1.9360e-02  2.1060e-02  1.1630e-02
  7318.51      1.3664  1.7300e-02  1.8200e-02  1.9380e-02  2.1080e-02  1.1670e-02
  7317.01      1.3667  1.7300e-02  1.8200e-02  1.9370e-02  2.1080e-02  1.1690e-02
  7315.51      1.3670  1.7140e-02  1.8030e-02  1.9210e-02  2.0910e-02  1.1680e-02
  7314.01      1.3672  1.6800e-02  1.7690e-02  1.8850e-02  2.0550e-02  1.1650e-02
  7312.51      1.3675  1.6630e-02  1.7510e-02  1.8670e-02  2.0360e-02  1.1630e-02
  7311.01      1.3678  1.6760e-02  1.7640e-02  1.8810e-02  2.0500e-02  1.1600e-02
  7309.51      1.3681  1.6600e-02  1.7480e-02  1.8640e-02  2.0330e-02  1.1580e-02
  7308.01      1.3684  1.6300e-02  1.7170e-02  1.8330e-02  2.0010e-02  1.1580e-02
  7306.51      1.3686  1.6270e-02  1.7150e-02  1.8300e-02  1.9980e-02  1.1600e-02
  7305.01      1.3689  1.6710e-02  1.7600e-02  1.8760e-02  2.0450e-02  1.1640e-02
  7303.51      1.3692  1.7200e-02  1.8090e-02  1.9270e-02  2.0970e-02  1.1660e-02
  7302.01      1.3695  1.7350e-02  1.8240e-02  1.9420e-02  2.1130e-02  1.1650e-02
  7300.51      1.3698  1.7290e-02  1.8180e-02  1.9360e-02  2.1070e-02  1.1610e-02
  7299.01      1.3700  1.7250e-02  1.8140e-02  1.9320e-02  2.1030e-02  1.1540e-02
  7297.51      1.3703  1.6970e-02  1.7860e-02  1.9030e-02  2.0740e-02  1.1450e-02
  7296.01      1.3706  1.6460e-02  1.7340e-02  1.8500e-02  2.0190e-02  1.1340e-02
  7294.51      1.3709  1.6010e-02  1.6880e-02  1.8040e-02  1.9720e-02  1.1280e-02
  7293.01      1.3712  1.5900e-02  1.6770e-02  1.7920e-02  1.9590e-02  1.1240e-02
  7291.51      1.3715  1.5990e-02  1.6860e-02  1.8010e-02  1.9680e-02  1.1260e-02
  7290.01      1.3717  1.6100e-02  1.6980e-02  1.8130e-02  1.9810e-02  1.1300e-02
  7288.51      1.3720  1.6240e-02  1.7110e-02  1.8270e-02  1.9950e-02  1.1360e-02
  7287.00      1.3723  1.6460e-02  1.7340e-02  1.8500e-02  2.0180e-02  1.1420e-02
  7285.50      1.3726  1.6760e-02  1.7640e-02  1.8810e-02  2.0500e-02  1.1480e-02
  7284.00      1.3729  1.7040e-02  1.7930e-02  1.9110e-02  2.0810e-02  1.1510e-02
  7282.50      1.3732  1.7210e-02  1.8100e-02  1.9280e-02  2.0980e-02  1.1550e-02
  7281.00      1.3734  1.7190e-02  1.8080e-02  1.9260e-02  2.0970e-02  1.1570e-02
  7279.50      1.3737  1.7120e-02  1.8010e-02  1.9190e-02  2.0890e-02  1.1590e-02
  7278.00      1.3740  1.7060e-02  1.7950e-02  1.9120e-02  2.0830e-02  1.1600e-02
  7276.50      1.3743  1.6990e-02  1.7880e-02  1.9050e-02  2.0750e-02  1.1580e-02
  7275.00      1.3746  1.6880e-02  1.7770e-02  1.8940e-02  2.0650e-02  1.1530e-02
  7273.50      1.3749  1.6830e-02  1.7720e-02  1.8890e-02  2.0590e-02  1.1450e-02
  7272.00      1.3751  1.6840e-02  1.7730e-02  1.8900e-02  2.0600e-02  1.1360e-02
  7270.50      1.3754  1.6840e-02  1.7730e-02  1.8900e-02  2.0600e-02  1.1270e-02
  7269.00      1.3757  1.6850e-02  1.7730e-02  1.8910e-02  2.0610e-02  1.1200e-02
  7267.50      1.3760  1.7090e-02  1.7980e-02  1.9160e-02  2.0870e-02  1.1180e-02
  7266.00      1.3763  1.7270e-02  1.8170e-02  1.9350e-02  2.1060e-02  1.1200e-02
  7264.50      1.3766  1.7160e-02  1.8050e-02  1.9230e-02  2.0940e-02  1.1260e-02
  7263.00      1.3768  1.6800e-02  1.7690e-02  1.8860e-02  2.0570e-02  1.1350e-02
  7261.50      1.3771  1.6540e-02  1.7420e-02  1.8590e-02  2.0290e-02  1.1430e-02
  7260.00      1.3774  1.6670e-02  1.7550e-02  1.8720e-02  2.0420e-02  1.1500e-02
  7258.50      1.3777  1.7020e-02  1.7910e-02  1.9090e-02  2.0800e-02  1.1540e-02
  7257.00      1.3780  1.7260e-02  1.8150e-02  1.9330e-02  2.1050e-02  1.1580e-02
  7255.50      1.3783  1.7250e-02  1.8140e-02  1.9320e-02  2.1040e-02  1.1610e-02
  7254.00      1.3785  1.7060e-02  1.7950e-02  1.9130e-02  2.0840e-02  1.1650e-02
  7252.50      1.3788  1.6840e-02  1.7730e-02  1.8910e-02  2.0610e-02  1.1680e-02
  7251.00      1.3791  1.6770e-02  1.7660e-02  1.8830e-02  2.0540e-02  1.1710e-02
  7249.50      1.3794  1.6990e-02  1.7880e-02  1.9050e-02  2.0760e-02  1.1690e-02
  7248.00      1.3797  1.7340e-02  1.8230e-02  1.9420e-02  2.1130e-02  1.1620e-02
  7246.50      1.3800  1.7440e-02  1.8340e-02  1.9530e-02  2.1250e-02  1.1530e-02
  7245.00      1.3803  1.6990e-02  1.7880e-02  1.9060e-02  2.0770e-02  1.1430e-02
  7243.50      1.3805  1.6130e-02  1.7000e-02  1.8170e-02  1.9860e-02  1.1350e-02
  7242.00      1.3808  1.5590e-02  1.6460e-02  1.7610e-02  1.9280e-02  1.1320e-02
  7240.50      1.3811  1.5800e-02  1.6670e-02  1.7820e-02  1.9490e-02  1.1330e-02
  7239.00      1.3814  1.6670e-02  1.7560e-02  1.8720e-02  2.0420e-02  1.1350e-02
  7237.50      1.3817  1.7630e-02  1.8530e-02  1.9720e-02  2.1440e-02  1.1370e-02
  7236.00      1.3820  1.7840e-02  1.8740e-02  1.9940e-02  2.1680e-02  1.1340e-02
  7234.50      1.3823  1.7070e-02  1.7960e-02  1.9140e-02  2.0870e-02  1.1280e-02
  7233.00      1.3826  1.5880e-02  1.6750e-02  1.7910e-02  1.9600e-02  1.1220e-02
  7231.50      1.3828  1.5420e-02  1.6290e-02  1.7430e-02  1.9100e-02  1.1180e-02
  7230.00      1.3831  1.5740e-02  1.6600e-02  1.7750e-02  1.9430e-02  1.1170e-02
  7228.50      1.3834  1.6350e-02  1.7230e-02  1.8390e-02  2.0080e-02  1.1190e-02
  7227.00      1.3837  1.6790e-02  1.7680e-02  1.8850e-02  2.0550e-02  1.1210e-02
  7225.50      1.3840  1.7020e-02  1.7910e-02  1.9080e-02  2.0790e-02  1.1210e-02
  7224.00      1.3843  1.7020e-02  1.7910e-02  1.9090e-02  2.0800e-02  1.1180e-02
  7222.50      1.3846  1.6870e-02  1.7760e-02  1.8930e-02  2.0650e-02  1.1120e-02
  7221.00      1.3848  1.6690e-02  1.7570e-02  1.8740e-02  2.0450e-02  1.1040e-02
  7219.50      1.3851  1.6630e-02  1.7510e-02  1.8680e-02  2.0390e-02  1.0990e-02
  7218.00      1.3854  1.6740e-02  1.7620e-02  1.8790e-02  2.0500e-02  1.0980e-02
  7216.50      1.3857  1.6930e-02  1.7820e-02  1.9000e-02  2.0710e-02  1.0990e-02
  7215.00      1.3860  1.7120e-02  1.8010e-02  1.9190e-02  2.0900e-02  1.1020e-02
  7213.50      1.3863  1.7250e-02  1.8150e-02  1.9330e-02  2.1050e-02  1.1050e-02
  7212.00      1.3866  1.7400e-02  1.8290e-02  1.9480e-02  2.1210e-02  1.1060e-02
  7210.50      1.3869  1.7600e-02  1.8500e-02  1.9700e-02  2.1430e-02  1.1050e-02
  7209.00      1.3872  1.7770e-02  1.8670e-02  1.9870e-02  2.1610e-02  1.1020e-02
  7207.50      1.3874  1.7530e-02  1.8430e-02  1.9620e-02  2.1360e-02  1.0980e-02
  7206.00      1.3877  1.6910e-02  1.7800e-02  1.8980e-02  2.0700e-02  1.0950e-02
  7204.50      1.3880  1.6370e-02  1.7250e-02  1.8420e-02  2.0120e-02  1.0950e-02
  7203.00      1.3883  1.6290e-02  1.7160e-02  1.8330e-02  2.0030e-02  1.0990e-02
  7201.50      1.3886  1.6480e-02  1.7360e-02  1.8530e-02  2.0240e-02  1.1060e-02
  7200.00      1.3889  1.6730e-02  1.7620e-02  1.8790e-02  2.0500e-02  1.1150e-02
  7198.50      1.3892  1.6920e-02  1.7810e-02  1.8990e-02  2.0700e-02  1.1220e-02
  7197.00      1.3895  1.6990e-02  1.7880e-02  1.9070e-02  2.0780e-02  1.1280e-02
  7195.50      1.3898  1.6870e-02  1.7760e-02  1.8940e-02  2.0660e-02  1.1290e-02
  7194.00      1.3900  1.6760e-02  1.7650e-02  1.8820e-02  2.0540e-02  1.1280e-02
  7192.50      1.3903  1.6800e-02  1.7680e-02  1.8860e-02  2.0570e-02  1.1260e-02
  7191.00      1.3906  1.6980e-02  1.7870e-02  1.9050e-02  2.0770e-02  1.1240e-02
  7189.50      1.3909  1.7170e-02  1.8060e-02  1.9250e-02  2.0970e-02  1.1210e-02
  7188.00      1.3912  1.7360e-02  1.8260e-02  1.9450e-02  2.1180e-02  1.1190e-02
  7186.50      1.3915  1.7410e-02  1.8310e-02  1.9510e-02  2.1240e-02  1.1160e-02
  7185.00      1.3918  1.7110e-02  1.8000e-02  1.9190e-02  2.0920e-02  1.1110e-02
  7183.50      1.3921  1.6370e-02  1.7260e-02  1.8430e-02  2.0140e-02  1.1050e-02
  7182.00      1.3924  1.5770e-02  1.6640e-02  1.7800e-02  1.9500e-02  1.1010e-02
  7180.50      1.3927  1.5740e-02  1.6610e-02  1.7760e-02  1.9450e-02  1.1000e-02
  7179.00      1.3930  1.6270e-02  1.7140e-02  1.8310e-02  2.0010e-02  1.1030e-02
  7177.50      1.3932  1.6940e-02  1.7830e-02  1.9010e-02  2.0730e-02  1.1060e-02
  7176.00      1.3935  1.7430e-02  1.8330e-02  1.9520e-02  2.1250e-02  1.1120e-02
  7174.50      1.3938  1.7600e-02  1.8500e-02  1.9700e-02  2.1430e-02  1.1160e-02
  7173.00      1.3941  1.7450e-02  1.8350e-02  1.9550e-02  2.1280e-02  1.1190e-02
  7171.50      1.3944  1.6990e-02  1.7880e-02  1.9070e-02  2.0790e-02  1.1180e-02
  7170.00      1.3947  1.6430e-02  1.7310e-02  1.8490e-02  2.0200e-02  1.1140e-02
  7168.50      1.3950  1.6070e-02  1.6950e-02  1.8110e-02  1.9820e-02  1.1090e-02
  7167.00      1.3953  1.6110e-02  1.6980e-02  1.8150e-02  1.9850e-02  1.1050e-02
  7165.50      1.3956  1.6410e-02  1.7290e-02  1.8460e-02  2.0170e-02  1.1020e-02
  7164.00      1.3959  1.6630e-02  1.7520e-02  1.8690e-02  2.0410e-02  1.1000e-02
  7162.50      1.3962  1.6610e-02  1.7490e-02  1.8670e-02  2.0380e-02  1.1010e-02
  7161.00      1.3965  1.6410e-02  1.7290e-02  1.8470e-02  2.0180e-02  1.1030e-02
  7159.50      1.3967  1.6360e-02  1.7240e-02  1.8410e-02  2.0120e-02  1.1080e-02
  7158.00      1.3970  1.6460e-02  1.7340e-02  1.8520e-02  2.0230e-02  1.1120e-02
  7156.50      1.3973  1.6640e-02  1.7520e-02  1.8700e-02  2.0410e-02  1.1170e-02
  7155.00      1.3976  1.6820e-02  1.7700e-02  1.8880e-02  2.0600e-02  1.1210e-02
  7153.50      1.3979  1.7050e-02  1.7940e-02  1.9120e-02  2.0850e-02  1.1230e-02
  7152.00      1.3982  1.7190e-02  1.8090e-02  1.9280e-02  2.1010e-02  1.1220e-02
  7150.50      1.3985  1.7260e-02  1.8150e-02  1.9340e-02  2.1080e-02  1.1190e-02
  7148.99      1.3988  1.7270e-02  1.8160e-02  1.9360e-02  2.1090e-02  1.1130e-02
  7147.49      1.3991  1.7090e-02  1.7990e-02  1.9180e-02  2.0910e-02  1.1060e-02
  7145.99      1.3994  1.6830e-02  1.7720e-02  1.8910e-02  2.0640e-02  1.0990e-02
  7144.49      1.3997  1.6600e-02  1.7490e-02  1.8670e-02  2.0390e-02  1.0950e-02
  7142.99      1.4000  1.6410e-02  1.7290e-02  1.8470e-02  2.0180e-02  1.0920e-02
  7141.49      1.4003  1.6150e-02  1.7030e-02  1.8200e-02  1.9910e-02  1.0920e-02
  7139.99      1.4006  1.6060e-02  1.6940e-02  1.8100e-02  1.9810e-02  1.0940e-02
  7138.49      1.4009  1.6230e-02  1.7110e-02  1.8280e-02  1.9990e-02  1.0970e-02
  7136.99      1.4012  1.6540e-02  1.7420e-02  1.8600e-02  2.0310e-02  1.1020e-02
  7135.49      1.4014  1.6680e-02  1.7570e-02  1.8750e-02  2.0470e-02  1.1050e-02
  7133.99      1.4017  1.6690e-02  1.7570e-02  1.8750e-02  2.0480e-02  1.1080e-02
  7132.49      1.4020  1.6730e-02  1.7620e-02  1.8800e-02  2.0520e-02  1.1110e-02
  7130.99      1.4023  1.6890e-02  1.7780e-02  1.8970e-02  2.0690e-02  1.1140e-02
  7129.49      1.4026  1.6950e-02  1.7840e-02  1.9030e-02  2.0760e-02  1.1160e-02
  7127.99      1.4029  1.6830e-02  1.7710e-02  1.8900e-02  2.0630e-02  1.1190e-02
  7126.49      1.4032  1.6690e-02  1.7580e-02  1.8760e-02  2.0480e-02  1.1210e-02
  7124.99      1.4035  1.6740e-02  1.7630e-02  1.8810e-02  2.0530e-02  1.1230e-02
  7123.49      1.4038  1.6880e-02  1.7770e-02  1.8960e-02  2.0690e-02  1.1220e-02
  7121.99      1.4041  1.6900e-02  1.7790e-02  1.8980e-02  2.0710e-02  1.1200e-02
  7120.49      1.4044  1.6610e-02  1.7490e-02  1.8670e-02  2.0400e-02  1.1180e-02
  7118.99      1.4047  1.6090e-02  1.6970e-02  1.8140e-02  1.9850e-02  1.1150e-02
  7117.49      1.4050  1.5870e-02  1.6740e-02  1.7900e-02  1.9610e-02  1.1130e-02
  7115.99      1.4053  1.6150e-02  1.7030e-02  1.8190e-02  1.9900e-02  1.1130e-02
  7114.49      1.4056  1.6740e-02  1.7620e-02  1.8800e-02  2.0530e-02  1.1160e-02
  7112.99      1.4059  1.7280e-02  1.8170e-02  1.9360e-02  2.1100e-02  1.1170e-02
  7111.49      1.4062  1.7600e-02  1.8500e-02  1.9700e-02  2.1440e-02  1.1180e-02
  7109.99      1.4065  1.7600e-02  1.8500e-02  1.9700e-02  2.1450e-02  1.1160e-02
  7108.49      1.4068  1.7340e-02  1.8230e-02  1.9430e-02  2.1180e-02  1.1130e-02
  7106.99      1.4071  1.6990e-02  1.7890e-02  1.9080e-02  2.0810e-02  1.1070e-02
  7105.49      1.4074  1.6780e-02  1.7660e-02  1.8850e-02  2.0580e-02  1.1030e-02
  7103.99      1.4077  1.6770e-02  1.7650e-02  1.8840e-02  2.0570e-02  1.0990e-02
  7102.49      1.4080  1.6910e-02  1.7800e-02  1.8990e-02  2.0720e-02  1.0980e-02
  7100.99      1.4083  1.7090e-02  1.7980e-02  1.9170e-02  2.0910e-02  1.0970e-02
  7099.49      1.4086  1.7120e-02  1.8010e-02  1.9210e-02  2.0950e-02  1.0970e-02
  7097.99      1.4088  1.6940e-02  1.7830e-02  1.9020e-02  2.0760e-02  1.0990e-02
  7096.49      1.4091  1.6620e-02  1.7510e-02  1.8690e-02  2.0420e-02  1.1000e-02
  7094.99      1.4094  1.6380e-02  1.7260e-02  1.8440e-02  2.0160e-02  1.1030e-02
  7093.49      1.4097  1.6390e-02  1.7270e-02  1.8450e-02  2.0170e-02  1.1050e-02
  7091.99      1.4100  1.6500e-02  1.7390e-02  1.8570e-02  2.0290e-02  1.1070e-02
  7090.49      1.4103  1.6590e-02  1.7480e-02  1.8660e-02  2.0390e-02  1.1100e-02
  7088.99      1.4106  1.6680e-02  1.7570e-02  1.8750e-02  2.0480e-02  1.1110e-02
  7087.49      1.4109  1.6880e-02  1.7770e-02  1.8960e-02  2.0690e-02  1.1120e-02
  7085.99      1.4112  1.7010e-02  1.7900e-02  1.9090e-02  2.0830e-02  1.1120e-02
  7084.49      1.4115  1.7020e-02  1.7910e-02  1.9110e-02  2.0850e-02  1.1120e-02
  7082.99      1.4118  1.6950e-02  1.7840e-02  1.9040e-02  2.0780e-02  1.1120e-02
  7081.49      1.4121  1.6760e-02  1.7640e-02  1.8830e-02  2.0560e-02  1.1100e-02
  7079.99      1.4124  1.6670e-02  1.7550e-02  1.8740e-02  2.0470e-02  1.1080e-02
  7078.49      1.4127  1.6830e-02  1.7710e-02  1.8900e-02  2.0640e-02  1.1060e-02
  7076.99      1.4130  1.7140e-02  1.8030e-02  1.9220e-02  2.0970e-02  1.1050e-02
  7075.49      1.4133  1.7320e-02  1.8210e-02  1.9410e-02  2.1160e-02  1.1040e-02
  7073.99      1.4136  1.7200e-02  1.8090e-02  1.9290e-02  2.1040e-02  1.1050e-02
  7072.49      1.4139  1.6950e-02  1.7840e-02  1.9030e-02  2.0780e-02  1.1060e-02
  7070.99      1.4142  1.6810e-02  1.7700e-02  1.8890e-02  2.0630e-02  1.1070e-02
  7069.49      1.4145  1.6790e-02  1.7680e-02  1.8870e-02  2.0610e-02  1.1080e-02
  7067.99      1.4148  1.6770e-02  1.7660e-02  1.8850e-02  2.0580e-02  1.1060e-02
  7066.49      1.4151  1.6820e-02  1.7710e-02  1.8900e-02  2.0640e-02  1.1040e-02
  7064.99      1.4154  1.6990e-02  1.7880e-02  1.9070e-02  2.0810e-02  1.1020e-02
  7063.49      1.4157  1.7060e-02  1.7950e-02  1.9150e-02  2.0900e-02  1.1000e-02
  7061.99      1.4160  1.7030e-02  1.7920e-02  1.9120e-02  2.0870e-02  1.0990e-02
  7060.49      1.4163  1.6930e-02  1.7810e-02  1.9010e-02  2.0750e-02  1.1010e-02
  7058.99      1.4166  1.6810e-02  1.7700e-02  1.8890e-02  2.0630e-02  1.1030e-02
  7057.49      1.4169  1.6800e-02  1.7680e-02  1.8870e-02  2.0610e-02  1.1070e-02
  7055.99      1.4172  1.6770e-02  1.7660e-02  1.8850e-02  2.0590e-02  1.1100e-02
  7054.49      1.4175  1.6760e-02  1.7650e-02  1.8840e-02  2.0580e-02  1.1110e-02
  7052.99      1.4178  1.6880e-02  1.7760e-02  1.8960e-02  2.0700e-02  1.1100e-02
  7051.49      1.4181  1.7100e-02  1.7990e-02  1.9190e-02  2.0940e-02  1.1090e-02
  7049.99      1.4184  1.7190e-02  1.8080e-02  1.9280e-02  2.1030e-02  1.1050e-02
  7048.49      1.4187  1.7090e-02  1.7990e-02  1.9180e-02  2.0930e-02  1.1020e-02
  7046.99      1.4190  1.6920e-02  1.7810e-02  1.9000e-02  2.0750e-02  1.1000e-02
  7045.49      1.4193  1.6770e-02  1.7660e-02  1.8850e-02  2.0590e-02  1.1000e-02
  7043.99      1.4197  1.6820e-02  1.7710e-02  1.8900e-02  2.0640e-02  1.1000e-02
  7042.49      1.4200  1.7040e-02  1.7930e-02  1.9130e-02  2.0880e-02  1.1000e-02
  7040.99      1.4203  1.7230e-02  1.8130e-02  1.9330e-02  2.1080e-02  1.1000e-02
  7039.49      1.4206  1.7190e-02  1.8080e-02  1.9280e-02  2.1040e-02  1.0990e-02
  7037.99      1.4209  1.7000e-02  1.7890e-02  1.9090e-02  2.0840e-02  1.0970e-02
  7036.49      1.4212  1.6850e-02  1.7740e-02  1.8930e-02  2.0680e-02  1.0930e-02
  7034.99      1.4215  1.6830e-02  1.7720e-02  1.8920e-02  2.0660e-02  1.0900e-02
  7033.49      1.4218  1.6830e-02  1.7720e-02  1.8920e-02  2.0660e-02  1.0860e-02
  7031.99      1.4221  1.6890e-02  1.7780e-02  1.8980e-02  2.0720e-02  1.0820e-02
  7030.49      1.4224  1.6980e-02  1.7870e-02  1.9070e-02  2.0820e-02  1.0790e-02
  7028.99      1.4227  1.7010e-02  1.7900e-02  1.9100e-02  2.0850e-02  1.0780e-02
  7027.49      1.4230  1.6940e-02  1.7830e-02  1.9030e-02  2.0780e-02  1.0780e-02
  7025.99      1.4233  1.6850e-02  1.7730e-02  1.8930e-02  2.0680e-02  1.0800e-02
  7024.49      1.4236  1.6730e-02  1.7610e-02  1.8810e-02  2.0550e-02  1.0820e-02
  7022.99      1.4239  1.6600e-02  1.7480e-02  1.8670e-02  2.0420e-02  1.0860e-02
  7021.49      1.4242  1.6560e-02  1.7440e-02  1.8630e-02  2.0370e-02  1.0880e-02
  7019.99      1.4245  1.6680e-02  1.7570e-02  1.8760e-02  2.0500e-02  1.0900e-02
  7018.48      1.4248  1.6830e-02  1.7710e-02  1.8910e-02  2.0650e-02  1.0900e-02
  7016.98      1.4251  1.6820e-02  1.7700e-02  1.8900e-02  2.0650e-02  1.0920e-02
  7015.48      1.4254  1.6770e-02  1.7660e-02  1.8850e-02  2.0600e-02  1.0930e-02
  7013.98      1.4257  1.6820e-02  1.7710e-02  1.8900e-02  2.0650e-02  1.0930e-02
  7012.48      1.4260  1.6970e-02  1.7860e-02  1.9060e-02  2.0810e-02  1.0920e-02
  7010.98      1.4263  1.7120e-02  1.8010e-02  1.9210e-02  2.0970e-02  1.0910e-02
  7009.48      1.4266  1.7090e-02  1.7990e-02  1.9190e-02  2.0950e-02  1.0890e-02
  7007.98      1.4269  1.6940e-02  1.7830e-02  1.9030e-02  2.0780e-02  1.0860e-02
  7006.48      1.4272  1.6730e-02  1.7620e-02  1.8820e-02  2.0570e-02  1.0830e-02
  7004.98      1.4276  1.6570e-02  1.7450e-02  1.8640e-02  2.0390e-02  1.0820e-02
  7003.48      1.4279  1.6530e-02  1.7420e-02  1.8610e-02  2.0350e-02  1.0810e-02
  7001.98      1.4282  1.6630e-02  1.7520e-02  1.8710e-02  2.0460e-02  1.0790e-02
  7000.48      1.4285  1.6830e-02  1.7720e-02  1.8910e-02  2.0670e-02  1.0780e-02
  6998.98      1.4288  1.7030e-02  1.7920e-02  1.9120e-02  2.0870e-02  1.0770e-02
  6997.48      1.4291  1.7060e-02  1.7960e-02  1.9160e-02  2.0920e-02  1.0760e-02
  6995.98      1.4294  1.6980e-02  1.7870e-02  1.9070e-02  2.0830e-02  1.0750e-02
  6994.48      1.4297  1.6930e-02  1.7820e-02  1.9020e-02  2.0780e-02  1.0750e-02
  6992.98      1.4300  1.7000e-02  1.7890e-02  1.9090e-02  2.0850e-02  1.0780e-02
  6991.48      1.4303  1.7080e-02  1.7970e-02  1.9170e-02  2.0940e-02  1.0810e-02
  6989.98      1.4306  1.7000e-02  1.7890e-02  1.9090e-02  2.0850e-02  1.0850e-02
  6988.48      1.4309  1.6750e-02  1.7630e-02  1.8830e-02  2.0590e-02  1.0890e-02
  6986.98      1.4312  1.6430e-02  1.7320e-02  1.8510e-02  2.0260e-02  1.0910e-02
  6985.48      1.4315  1.6160e-02  1.7040e-02  1.8220e-02  1.9960e-02  1.0930e-02
  6983.98      1.4318  1.6090e-02  1.6960e-02  1.8150e-02  1.9880e-02  1.0920e-02
  6982.48      1.4322  1.6250e-02  1.7120e-02  1.8310e-02  2.0050e-02  1.0900e-02
  6980.98      1.4325  1.6530e-02  1.7410e-02  1.8600e-02  2.0350e-02  1.0890e-02
  6979.48      1.4328  1.6810e-02  1.7690e-02  1.8890e-02  2.0650e-02  1.0870e-02
  6977.98      1.4331  1.6960e-02  1.7850e-02  1.9050e-02  2.0810e-02  1.0860e-02
  6976.48      1.4334  1.6880e-02  1.7770e-02  1.8970e-02  2.0730e-02  1.0850e-02
  6974.98      1.4337  1.6620e-02  1.7500e-02  1.8700e-02  2.0450e-02  1.0850e-02
  6973.48      1.4340  1.6440e-02  1.7320e-02  1.8510e-02  2.0260e-02  1.0880e-02
  6971.98      1.4343  1.6490e-02  1.7370e-02  1.8560e-02  2.0310e-02  1.0910e-02
  6970.48      1.4346  1.6690e-02  1.7570e-02  1.8770e-02  2.0520e-02  1.0940e-02
  6968.98      1.4349  1.6860e-02  1.7750e-02  1.8950e-02  2.0710e-02  1.0980e-02
  6967.48      1.4352  1.6880e-02  1.7770e-02  1.8970e-02  2.0730e-02  1.1000e-02
  6965.98      1.4355  1.6760e-02  1.7650e-02  1.8850e-02  2.0600e-02  1.1020e-02
  6964.48      1.4359  1.6650e-02  1.7540e-02  1.8730e-02  2.0490e-02  1.1010e-02
  6962.98      1.4362  1.6670e-02  1.7550e-02  1.8750e-02  2.0500e-02  1.0990e-02
  6961.48      1.4365  1.6790e-02  1.7670e-02  1.8870e-02  2.0630e-02  1.0960e-02
  6959.98      1.4368  1.6850e-02  1.7740e-02  1.8940e-02  2.0700e-02  1.0930e-02
  6958.48      1.4371  1.6820e-02  1.7710e-02  1.8910e-02  2.0670e-02  1.0900e-02
  6956.98      1.4374  1.6760e-02  1.7640e-02  1.8840e-02  2.0600e-02  1.0870e-02
  6955.48      1.4377  1.6730e-02  1.7620e-02  1.8810e-02  2.0570e-02  1.0850e-02
  6953.98      1.4380  1.6670e-02  1.7560e-02  1.8750e-02  2.0510e-02  1.0830e-02
  6952.48      1.4383  1.6620e-02  1.7510e-02  1.8700e-02  2.0460e-02  1.0800e-02
  6950.98      1.4386  1.6650e-02  1.7530e-02  1.8730e-02  2.0490e-02  1.0780e-02
  6949.48      1.4390  1.6660e-02  1.7540e-02  1.8740e-02  2.0500e-02  1.0750e-02
  6947.98      1.4393  1.6700e-02  1.7590e-02  1.8780e-02  2.0540e-02  1.0720e-02
  6946.48      1.4396  1.6790e-02  1.7680e-02  1.8880e-02  2.0640e-02  1.0700e-02
  6944.98      1.4399  1.6920e-02  1.7800e-02  1.9010e-02  2.0770e-02  1.0690e-02
  6943.48      1.4402  1.6990e-02  1.7880e-02  1.9080e-02  2.0850e-02  1.0700e-02
  6941.98      1.4405  1.6950e-02  1.7840e-02  1.9040e-02  2.0810e-02  1.0740e-02
  6940.48      1.4408  1.6900e-02  1.7790e-02  1.8990e-02  2.0760e-02  1.0770e-02
  6938.98      1.4411  1.6900e-02  1.7790e-02  1.9000e-02  2.0760e-02  1.0820e-02
  6937.48      1.4414  1.6870e-02  1.7760e-02  1.8960e-02  2.0730e-02  1.0860e-02
  6935.98      1.4418  1.6900e-02  1.7790e-02  1.8990e-02  2.0760e-02  1.0890e-02
  6934.48      1.4421  1.6900e-02  1.7790e-02  1.8990e-02  2.0760e-02  1.0910e-02
  6932.98      1.4424  1.6780e-02  1.7660e-02  1.8860e-02  2.0630e-02  1.0900e-02
  6931.48      1.4427  1.6640e-02  1.7520e-02  1.8720e-02  2.0480e-02  1.0880e-02
  6929.98      1.4430  1.6660e-02  1.7540e-02  1.8740e-02  2.0500e-02  1.0860e-02
  6928.48      1.4433  1.6810e-02  1.7690e-02  1.8900e-02  2.0670e-02  1.0820e-02
  6926.98      1.4436  1.6910e-02  1.7800e-02  1.9010e-02  2.0780e-02  1.0800e-02
  6925.48      1.4439  1.6830e-02  1.7720e-02  1.8920e-02  2.0690e-02  1.0780e-02
  6923.98      1.4443  1.6710e-02  1.7590e-02  1.8790e-02  2.0560e-02  1.0780e-02
  6922.48      1.4446  1.6670e-02  1.7560e-02  1.8760e-02  2.0520e-02  1.0790e-02
  6920.98      1.4449  1.6690e-02  1.7580e-02  1.8780e-02  2.0550e-02  1.0800e-02
  6919.48      1.4452  1.6540e-02  1.7420e-02  1.8620e-02  2.0390e-02  1.0830e-02
  6917.98      1.4455  1.6260e-02  1.7140e-02  1.8330e-02  2.0090e-02  1.0860e-02
  6916.48      1.4458  1.6070e-02  1.6940e-02  1.8130e-02  1.9880e-02  1.0870e-02
  6914.98      1.4461  1.6110e-02  1.6980e-02  1.8170e-02  1.9920e-02  1.0890e-02
  6913.48      1.4465  1.6300e-02  1.7180e-02  1.8370e-02  2.0130e-02  1.0880e-02
  6911.98      1.4468  1.6530e-02  1.7410e-02  1.8610e-02  2.0370e-02  1.0860e-02
  6910.48      1.4471  1.6670e-02  1.7550e-02  1.8750e-02  2.0520e-02  1.0830e-02
  6908.98      1.4474  1.6700e-02  1.7580e-02  1.8780e-02  2.0550e-02  1.0800e-02
  6907.48      1.4477  1.6690e-02  1.7570e-02  1.8770e-02  2.0540e-02  1.0770e-02
  6905.98      1.4480  1.6620e-02  1.7510e-02  1.8710e-02  2.0480e-02  1.0750e-02
  6904.48      1.4483  1.6590e-02  1.7470e-02  1.8670e-02  2.0440e-02  1.0730e-02
  6902.98      1.4487  1.6630e-02  1.7520e-02  1.8720e-02  2.0490e-02  1.0720e-02
  6901.48      1.4490  1.6660e-02  1.7540e-02  1.8740e-02  2.0510e-02  1.0710e-02
  6899.98      1.4493  1.6650e-02  1.7530e-02  1.8730e-02  2.0500e-02  1.0710e-02
  6898.48      1.4496  1.6600e-02  1.7480e-02  1.8680e-02  2.0450e-02  1.0720e-02
  6896.98      1.4499  1.6520e-02  1.7400e-02  1.8600e-02  2.0370e-02  1.0750e-02
  6895.48      1.4502  1.6470e-02  1.7350e-02  1.8550e-02  2.0310e-02  1.0790e-02
  6893.98      1.4505  1.6410e-02  1.7290e-02  1.8490e-02  2.0250e-02  1.0840e-02
  6892.48      1.4509  1.6420e-02  1.7300e-02  1.8500e-02  2.0260e-02  1.0890e-02
  6890.98      1.4512  1.6550e-02  1.7430e-02  1.8630e-02  2.0400e-02  1.0930e-02
  6889.48      1.4515  1.6650e-02  1.7530e-02  1.8730e-02  2.0510e-02  1.0940e-02
  6887.98      1.4518  1.6620e-02  1.7510e-02  1.8710e-02  2.0480e-02  1.0940e-02
  6886.48      1.4521  1.6560e-02  1.7440e-02  1.8640e-02  2.0410e-02  1.0930e-02
  6884.98      1.4524  1.6560e-02  1.7440e-02  1.8640e-02  2.0410e-02  1.0910e-02
  6883.48      1.4528  1.6580e-02  1.7460e-02  1.8660e-02  2.0430e-02  1.0900e-02
  6881.98      1.4531  1.6480e-02  1.7360e-02  1.8560e-02  2.0330e-02  1.0900e-02
  6880.47      1.4534  1.6400e-02  1.7280e-02  1.8480e-02  2.0250e-02  1.0910e-02
  6878.97      1.4537  1.6480e-02  1.7360e-02  1.8560e-02  2.0330e-02  1.0910e-02
  6877.47      1.4540  1.6520e-02  1.7400e-02  1.8610e-02  2.0380e-02  1.0900e-02
  6875.97      1.4543  1.6470e-02  1.7350e-02  1.8550e-02  2.0330e-02  1.0890e-02
  6874.47      1.4547  1.6390e-02  1.7270e-02  1.8470e-02  2.0240e-02  1.0860e-02
  6872.97      1.4550  1.6350e-02  1.7230e-02  1.8430e-02  2.0200e-02  1.0830e-02
  6871.47      1.4553  1.6320e-02  1.7200e-02  1.8390e-02  2.0160e-02  1.0800e-02
  6869.97      1.4556  1.6220e-02  1.7090e-02  1.8290e-02  2.0050e-02  1.0780e-02
  6868.47      1.4559  1.6100e-02  1.6970e-02  1.8160e-02  1.9920e-02  1.0760e-02
  6866.97      1.4562  1.6060e-02  1.6930e-02  1.8130e-02  1.9890e-02  1.0740e-02
  6865.47      1.4566  1.6180e-02  1.7060e-02  1.8250e-02  2.0020e-02  1.0720e-02
  6863.97      1.4569  1.6400e-02  1.7270e-02  1.8470e-02  2.0240e-02  1.0690e-02
  6862.47      1.4572  1.6560e-02  1.7440e-02  1.8640e-02  2.0420e-02  1.0640e-02
  6860.97      1.4575  1.6560e-02  1.7450e-02  1.8650e-02  2.0430e-02  1.0610e-02
  6859.47      1.4578  1.6410e-02  1.7290e-02  1.8490e-02  2.0260e-02  1.0560e-02
  6857.97      1.4582  1.6240e-02  1.7110e-02  1.8310e-02  2.0080e-02  1.0510e-02
  6856.47      1.4585  1.6220e-02  1.7090e-02  1.8290e-02  2.0060e-02  1.0480e-02
  6854.97      1.4588  1.6340e-02  1.7220e-02  1.8420e-02  2.0190e-02  1.0460e-02
  6853.47      1.4591  1.6320e-02  1.7200e-02  1.8400e-02  2.0170e-02  1.0450e-02
  6851.97      1.4594  1.6270e-02  1.7150e-02  1.8350e-02  2.0120e-02  1.0460e-02
  6850.47      1.4598  1.6270e-02  1.7140e-02  1.8340e-02  2.0110e-02  1.0490e-02
  6848.97      1.4601  1.6240e-02  1.7110e-02  1.8310e-02  2.0080e-02  1.0540e-02
  6847.47      1.4604  1.6070e-02  1.6940e-02  1.8140e-02  1.9900e-02  1.0590e-02
  6845.97      1.4607  1.6000e-02  1.6870e-02  1.8060e-02  1.9830e-02  1.0640e-02
  6844.47      1.4610  1.6060e-02  1.6940e-02  1.8130e-02  1.9900e-02  1.0690e-02
  6842.97      1.4614  1.6180e-02  1.7060e-02  1.8250e-02  2.0020e-02  1.0730e-02
  6841.47      1.4617  1.6340e-02  1.7210e-02  1.8410e-02  2.0180e-02  1.0750e-02
  6839.97      1.4620  1.6410e-02  1.7280e-02  1.8490e-02  2.0260e-02  1.0780e-02
  6838.47      1.4623  1.6340e-02  1.7220e-02  1.8420e-02  2.0200e-02  1.0790e-02
  6836.97      1.4626  1.6200e-02  1.7080e-02  1.8270e-02  2.0050e-02  1.0800e-02
  6835.47      1.4630  1.6130e-02  1.7000e-02  1.8200e-02  1.9970e-02  1.0810e-02
  6833.97      1.4633  1.6150e-02  1.7020e-02  1.8220e-02  1.9990e-02  1.0830e-02
  6832.47      1.4636  1.6150e-02  1.7030e-02  1.8230e-02  2.0000e-02  1.0830e-02
  6830.97      1.4639  1.6110e-02  1.6980e-02  1.8180e-02  1.9950e-02  1.0840e-02
  6829.47      1.4642  1.6140e-02  1.7010e-02  1.8210e-02  1.9980e-02  1.0860e-02
  6827.97      1.4646  1.6140e-02  1.7010e-02  1.8210e-02  1.9980e-02  1.0880e-02
  6826.47      1.4649  1.6100e-02  1.6970e-02  1.8160e-02  1.9940e-02  1.0900e-02
  6824.97      1.4652  1.6110e-02  1.6980e-02  1.8180e-02  1.9950e-02  1.0910e-02
  6823.47      1.4655  1.6210e-02  1.7080e-02  1.8280e-02  2.0060e-02  1.0930e-02
  6821.97      1.4659  1.6260e-02  1.7140e-02  1.8330e-02  2.0110e-02  1.0930e-02
  6820.47      1.4662  1.6220e-02  1.7090e-02  1.8290e-02  2.0070e-02  1.0940e-02
  6818.97      1.4665  1.6150e-02  1.7030e-02  1.8220e-02  2.0000e-02  1.0940e-02
  6817.47      1.4668  1.6170e-02  1.7040e-02  1.8240e-02  2.0010e-02  1.0930e-02
  6815.97      1.4671  1.6210e-02  1.7080e-02  1.8280e-02  2.0060e-02  1.0920e-02
  6814.47      1.4675  1.6220e-02  1.7100e-02  1.8300e-02  2.0070e-02  1.0890e-02
  6812.97      1.4678  1.6210e-02  1.7090e-02  1.8290e-02  2.0060e-02  1.0870e-02
  6811.47      1.4681  1.6280e-02  1.7160e-02  1.8360e-02  2.0140e-02  1.0830e-02
  6809.97      1.4684  1.6380e-02  1.7260e-02  1.8460e-02  2.0240e-02  1.0800e-02
  6808.47      1.4688  1.6420e-02  1.7300e-02  1.8510e-02  2.0290e-02  1.0760e-02
  6806.97      1.4691  1.6370e-02  1.7250e-02  1.8450e-02  2.0240e-02  1.0730e-02
  6805.47      1.4694  1.6230e-02  1.7110e-02  1.8310e-02  2.0090e-02  1.0720e-02
  6803.97      1.4697  1.6140e-02  1.7010e-02  1.8210e-02  1.9990e-02  1.0720e-02
  6802.47      1.4701  1.6140e-02  1.7010e-02  1.8210e-02  1.9990e-02  1.0720e-02
  6800.97      1.4704  1.6190e-02  1.7070e-02  1.8270e-02  2.0040e-02  1.0730e-02
  6799.47      1.4707  1.6240e-02  1.7110e-02  1.8310e-02  2.0090e-02  1.0730e-02
  6797.97      1.4710  1.6260e-02  1.7140e-02  1.8340e-02  2.0120e-02  1.0730e-02
  6796.47      1.4714  1.6300e-02  1.7170e-02  1.8370e-02  2.0160e-02  1.0710e-02
  6794.97      1.4717  1.6320e-02  1.7190e-02  1.8400e-02  2.0180e-02  1.0700e-02
  6793.47      1.4720  1.6260e-02  1.7130e-02  1.8330e-02  2.0120e-02  1.0670e-02
  6791.97      1.4723  1.6160e-02  1.7030e-02  1.8230e-02  2.0010e-02  1.0670e-02
  6790.47      1.4727  1.6070e-02  1.6940e-02  1.8140e-02  1.9910e-02  1.0670e-02
  6788.97      1.4730  1.6020e-02  1.6890e-02  1.8080e-02  1.9860e-02  1.0670e-02
  6787.47      1.4733  1.6020e-02  1.6890e-02  1.8090e-02  1.9870e-02  1.0690e-02
  6785.97      1.4736  1.6050e-02  1.6920e-02  1.8110e-02  1.9890e-02  1.0720e-02
  6784.47      1.4740  1.6100e-02  1.6970e-02  1.8170e-02  1.9950e-02  1.0730e-02
  6782.97      1.4743  1.6210e-02  1.7090e-02  1.8290e-02  2.0070e-02  1.0740e-02
  6781.47      1.4746  1.6320e-02  1.7200e-02  1.8400e-02  2.0190e-02  1.0750e-02
  6779.97      1.4749  1.6500e-02  1.7370e-02  1.8580e-02  2.0370e-02  1.0750e-02
  6778.47      1.4753  1.6600e-02  1.7480e-02  1.8690e-02  2.0480e-02  1.0740e-02
  6776.97      1.4756  1.6520e-02  1.7400e-02  1.8610e-02  2.0400e-02  1.0720e-02
  6775.47      1.4759  1.6420e-02  1.7300e-02  1.8510e-02  2.0300e-02  1.0700e-02
  6773.97      1.4762  1.6380e-02  1.7260e-02  1.8460e-02  2.0250e-02  1.0670e-02
  6772.47      1.4766  1.6380e-02  1.7250e-02  1.8460e-02  2.0250e-02  1.0650e-02
  6770.97      1.4769  1.6370e-02  1.7250e-02  1.8450e-02  2.0240e-02  1.0650e-02
  6769.47      1.4772  1.6340e-02  1.7220e-02  1.8430e-02  2.0220e-02  1.0650e-02
  6767.97      1.4775  1.6320e-02  1.7190e-02  1.8400e-02  2.0190e-02  1.0650e-02
  6766.47      1.4779  1.6260e-02  1.7130e-02  1.8340e-02  2.0130e-02  1.0670e-02
  6764.97      1.4782  1.6160e-02  1.7030e-02  1.8230e-02  2.0020e-02  1.0680e-02
  6763.47      1.4785  1.6130e-02  1.7000e-02  1.8200e-02  1.9990e-02  1.0690e-02
  6761.97      1.4789  1.6100e-02  1.6970e-02  1.8170e-02  1.9950e-02  1.0680e-02
  6760.47      1.4792  1.6030e-02  1.6900e-02  1.8100e-02  1.9880e-02  1.0660e-02
  6758.97      1.4795  1.6000e-02  1.6860e-02  1.8060e-02  1.9850e-02  1.0640e-02
  6757.47      1.4798  1.6120e-02  1.6990e-02  1.8190e-02  1.9980e-02  1.0610e-02
  6755.97      1.4802  1.6230e-02  1.7100e-02  1.8310e-02  2.0100e-02  1.0590e-02
  6754.47      1.4805  1.6200e-02  1.7070e-02  1.8270e-02  2.0060e-02  1.0590e-02
  6752.97      1.4808  1.6050e-02  1.6920e-02  1.8120e-02  1.9910e-02  1.0600e-02
  6751.47      1.4812  1.5990e-02  1.6860e-02  1.8060e-02  1.9840e-02  1.0600e-02
  6749.96      1.4815  1.6050e-02  1.6920e-02  1.8120e-02  1.9900e-02  1.0600e-02
  6748.46      1.4818  1.6150e-02  1.7020e-02  1.8230e-02  2.0020e-02  1.0590e-02
  6746.96      1.4821  1.6200e-02  1.7070e-02  1.8270e-02  2.0060e-02  1.0580e-02
  6745.46      1.4825  1.6100e-02  1.6970e-02  1.8170e-02  1.9960e-02  1.0570e-02
  6743.96      1.4828  1.6120e-02  1.6990e-02  1.8190e-02  1.9980e-02  1.0570e-02
  6742.46      1.4831  1.6290e-02  1.7160e-02  1.8370e-02  2.0160e-02  1.0590e-02
  6740.96      1.4835  1.6450e-02  1.7320e-02  1.8530e-02  2.0330e-02  1.0630e-02
  6739.46      1.4838  1.6450e-02  1.7330e-02  1.8540e-02  2.0340e-02  1.0680e-02
  6737.96      1.4841  1.6320e-02  1.7200e-02  1.8410e-02  2.0200e-02  1.0700e-02
  6736.46      1.4845  1.6150e-02  1.7020e-02  1.8220e-02  2.0020e-02  1.0720e-02
  6734.96      1.4848  1.6050e-02  1.6920e-02  1.8120e-02  1.9910e-02  1.0720e-02
  6733.46      1.4851  1.6150e-02  1.7020e-02  1.8220e-02  2.0010e-02  1.0700e-02
  6731.96      1.4855  1.6300e-02  1.7170e-02  1.8380e-02  2.0180e-02  1.0670e-02
  6730.46      1.4858  1.6420e-02  1.7290e-02  1.8500e-02  2.0300e-02  1.0640e-02
  6728.96      1.4861  1.6510e-02  1.7380e-02  1.8600e-02  2.0400e-02  1.0630e-02
  6727.46      1.4864  1.6680e-02  1.7560e-02  1.8770e-02  2.0580e-02  1.0630e-02
  6725.96      1.4868  1.6760e-02  1.7640e-02  1.8860e-02  2.0670e-02  1.0660e-02
  6724.46      1.4871  1.6680e-02  1.7560e-02  1.8780e-02  2.0590e-02  1.0690e-02
  6722.96      1.4874  1.6490e-02  1.7360e-02  1.8580e-02  2.0380e-02  1.0730e-02
  6721.46      1.4878  1.6270e-02  1.7150e-02  1.8360e-02  2.0160e-02  1.0760e-02
  6719.96      1.4881  1.6110e-02  1.6980e-02  1.8180e-02  1.9980e-02  1.0780e-02
  6718.46      1.4884  1.6020e-02  1.6890e-02  1.8090e-02  1.9890e-02  1.0770e-02
  6716.96      1.4888  1.6010e-02  1.6870e-02  1.8080e-02  1.9870e-02  1.0760e-02
  6715.46      1.4891  1.6020e-02  1.6880e-02  1.8090e-02  1.9880e-02  1.0730e-02
  6713.96      1.4894  1.6080e-02  1.6950e-02  1.8150e-02  1.9950e-02  1.0680e-02
  6712.46      1.4898  1.6190e-02  1.7060e-02  1.8270e-02  2.0060e-02  1.0640e-02
  6710.96      1.4901  1.6290e-02  1.7170e-02  1.8380e-02  2.0180e-02  1.0600e-02
  6709.46      1.4904  1.6310e-02  1.7180e-02  1.8390e-02  2.0200e-02  1.0560e-02
  6707.96      1.4908  1.6250e-02  1.7120e-02  1.8330e-02  2.0130e-02  1.0540e-02
  6706.46      1.4911  1.6160e-02  1.7030e-02  1.8230e-02  2.0030e-02  1.0540e-02
  6704.96      1.4914  1.6110e-02  1.6980e-02  1.8190e-02  1.9990e-02  1.0560e-02
  6703.46      1.4918  1.6130e-02  1.7000e-02  1.8200e-02  2.0000e-02  1.0590e-02
  6701.96      1.4921  1.6100e-02  1.6970e-02  1.8180e-02  1.9980e-02  1.0650e-02
  6700.46      1.4924  1.6010e-02  1.6870e-02  1.8080e-02  1.9870e-02  1.0710e-02
  6698.96      1.4928  1.5900e-02  1.6760e-02  1.7970e-02  1.9760e-02  1.0760e-02
  6697.46      1.4931  1.5910e-02  1.6770e-02  1.7970e-02  1.9770e-02  1.0790e-02
  6695.96      1.4934  1.6030e-02  1.6900e-02  1.8100e-02  1.9900e-02  1.0810e-02
  6694.46      1.4938  1.6260e-02  1.7130e-02  1.8340e-02  2.0140e-02  1.0790e-02
  6692.96      1.4941  1.6500e-02  1.7380e-02  1.8590e-02  2.0400e-02  1.0780e-02
  6691.46      1.4944  1.6540e-02  1.7420e-02  1.8640e-02  2.0450e-02  1.0730e-02
  6689.96      1.4948  1.6500e-02  1.7370e-02  1.8590e-02  2.0400e-02  1.0680e-02
  6688.46      1.4951  1.6440e-02  1.7310e-02  1.8530e-02  2.0340e-02  1.0630e-02
  6686.96      1.4954  1.6360e-02  1.7240e-02  1.8450e-02  2.0260e-02  1.0580e-02
  6685.46      1.4958  1.6230e-02  1.7100e-02  1.8310e-02  2.0120e-02  1.0530e-02
  6683.96      1.4961  1.6090e-02  1.6960e-02  1.8170e-02  1.9970e-02  1.0490e-02
  6682.46      1.4965  1.6020e-02  1.6880e-02  1.8090e-02  1.9890e-02  1.0460e-02
  6680.96      1.4968  1.6000e-02  1.6870e-02  1.8070e-02  1.9870e-02  1.0440e-02
  6679.46      1.4971  1.5970e-02  1.6840e-02  1.8040e-02  1.9850e-02  1.0430e-02
  6677.96      1.4975  1.6040e-02  1.6900e-02  1.8110e-02  1.9910e-02  1.0450e-02
  6676.46      1.4978  1.6200e-02  1.7070e-02  1.8280e-02  2.0080e-02  1.0470e-02
  6674.96      1.4981  1.6370e-02  1.7240e-02  1.8460e-02  2.0270e-02  1.0510e-02
  6673.46      1.4985  1.6470e-02  1.7340e-02  1.8560e-02  2.0370e-02  1.0520e-02
  6671.96      1.4988  1.6470e-02  1.7350e-02  1.8560e-02  2.0380e-02  1.0530e-02
  6670.46      1.4991  1.6320e-02  1.7190e-02  1.8400e-02  2.0220e-02  1.0520e-02
  6668.96      1.4995  1.6060e-02  1.6920e-02  1.8130e-02  1.9940e-02  1.0500e-02
  6667.46      1.4998  1.5950e-02  1.6820e-02  1.8020e-02  1.9830e-02  1.0470e-02
  6665.96      1.5002  1.6060e-02  1.6930e-02  1.8140e-02  1.9940e-02  1.0460e-02
  6664.46      1.5005  1.6230e-02  1.7100e-02  1.8310e-02  2.0120e-02  1.0480e-02
  6662.96      1.5008  1.6290e-02  1.7160e-02  1.8380e-02  2.0190e-02  1.0490e-02
  6661.46      1.5012  1.6320e-02  1.7190e-02  1.8410e-02  2.0220e-02  1.0530e-02
  6659.96      1.5015  1.6260e-02  1.7130e-02  1.8340e-02  2.0150e-02  1.0560e-02
  6658.46      1.5018  1.6120e-02  1.6980e-02  1.8190e-02  2.0010e-02  1.0570e-02
  6656.96      1.5022  1.6010e-02  1.6880e-02  1.8090e-02  1.9890e-02  1.0550e-02
  6655.46      1.5025  1.6060e-02  1.6920e-02  1.8130e-02  1.9940e-02  1.0500e-02
  6653.96      1.5029  1.6120e-02  1.6990e-02  1.8200e-02  2.0010e-02  1.0430e-02
  6652.46      1.5032  1.6110e-02  1.6980e-02  1.8190e-02  2.0000e-02  1.0370e-02
  6650.96      1.5035  1.6020e-02  1.6890e-02  1.8100e-02  1.9910e-02  1.0320e-02
  6649.46      1.5039  1.5900e-02  1.6760e-02  1.7970e-02  1.9770e-02  1.0290e-02
  6647.96      1.5042  1.5780e-02  1.6650e-02  1.7850e-02  1.9650e-02  1.0310e-02
  6646.46      1.5046  1.5790e-02  1.6650e-02  1.7860e-02  1.9660e-02  1.0350e-02
  6644.96      1.5049  1.5960e-02  1.6830e-02  1.8030e-02  1.9840e-02  1.0380e-02
  6643.46      1.5052  1.6170e-02  1.7040e-02  1.8250e-02  2.0060e-02  1.0400e-02
  6641.96      1.5056  1.6230e-02  1.7100e-02  1.8310e-02  2.0130e-02  1.0390e-02
  6640.46      1.5059  1.6170e-02  1.7040e-02  1.8250e-02  2.0060e-02  1.0360e-02
  6638.96      1.5063  1.6100e-02  1.6970e-02  1.8180e-02  1.9990e-02  1.0320e-02
  6637.46      1.5066  1.6090e-02  1.6960e-02  1.8170e-02  1.9980e-02  1.0290e-02
  6635.96      1.5069  1.6130e-02  1.7000e-02  1.8210e-02  2.0030e-02  1.0260e-02
  6634.46      1.5073  1.6200e-02  1.7070e-02  1.8290e-02  2.0100e-02  1.0260e-02
  6632.96      1.5076  1.6240e-02  1.7110e-02  1.8330e-02  2.0140e-02  1.0260e-02
  6631.46      1.5080  1.6140e-02  1.7010e-02  1.8220e-02  2.0040e-02  1.0270e-02
  6629.96      1.5083  1.6080e-02  1.6950e-02  1.8160e-02  1.9980e-02  1.0270e-02
  6628.46      1.5086  1.6170e-02  1.7040e-02  1.8250e-02  2.0070e-02  1.0250e-02
  6626.96      1.5090  1.6320e-02  1.7190e-02  1.8410e-02  2.0230e-02  1.0240e-02
  6625.46      1.5093  1.6330e-02  1.7200e-02  1.8420e-02  2.0240e-02  1.0210e-02
  6623.96      1.5097  1.6120e-02  1.6990e-02  1.8210e-02  2.0020e-02  1.0180e-02
  6622.46      1.5100  1.5940e-02  1.6800e-02  1.8010e-02  1.9820e-02  1.0150e-02
  6620.96      1.5104  1.5980e-02  1.6850e-02  1.8060e-02  1.9870e-02  1.0140e-02
  6619.46      1.5107  1.6180e-02  1.7040e-02  1.8260e-02  2.0080e-02  1.0140e-02
  6617.96      1.5110  1.6240e-02  1.7110e-02  1.8330e-02  2.0150e-02  1.0160e-02
  6616.46      1.5114  1.6160e-02  1.7030e-02  1.8240e-02  2.0060e-02  1.0180e-02
  6614.96      1.5117  1.6070e-02  1.6930e-02  1.8150e-02  1.9960e-02  1.0210e-02
  6613.46      1.5121  1.6020e-02  1.6880e-02  1.8100e-02  1.9910e-02  1.0220e-02
  6611.95      1.5124  1.5990e-02  1.6860e-02  1.8070e-02  1.9890e-02  1.0210e-02
  6610.45      1.5128  1.6040e-02  1.6900e-02  1.8110e-02  1.9930e-02  1.0180e-02
  6608.95      1.5131  1.6140e-02  1.7010e-02  1.8220e-02  2.0040e-02  1.0130e-02
  6607.45      1.5134  1.6170e-02  1.7040e-02  1.8260e-02  2.0080e-02  1.0080e-02
  6605.95      1.5138  1.6150e-02  1.7010e-02  1.8230e-02  2.0050e-02  1.0040e-02
  6604.45      1.5141  1.6100e-02  1.6960e-02  1.8180e-02  2.0000e-02  1.0020e-02
  6602.95      1.5145  1.6060e-02  1.6920e-02  1.8140e-02  1.9960e-02  1.0040e-02
  6601.45      1.5148  1.6010e-02  1.6870e-02  1.8080e-02  1.9900e-02  1.0090e-02
  6599.95      1.5152  1.5980e-02  1.6840e-02  1.8050e-02  1.9870e-02  1.0170e-02
  6598.45      1.5155  1.6010e-02  1.6870e-02  1.8090e-02  1.9910e-02  1.0240e-02
  6596.95      1.5159  1.6050e-02  1.6910e-02  1.8130e-02  1.9950e-02  1.0310e-02
  6595.45      1.5162  1.5930e-02  1.6790e-02  1.8010e-02  1.9830e-02  1.0330e-02
  6593.95      1.5165  1.5830e-02  1.6690e-02  1.7900e-02  1.9720e-02  1.0330e-02
  6592.45      1.5169  1.5870e-02  1.6730e-02  1.7940e-02  1.9760e-02  1.0290e-02
  6590.95      1.5172  1.6020e-02  1.6880e-02  1.8090e-02  1.9910e-02  1.0240e-02
  6589.45      1.5176  1.6090e-02  1.6950e-02  1.8170e-02  1.9990e-02  1.0170e-02
  6587.95      1.5179  1.6040e-02  1.6900e-02  1.8120e-02  1.9940e-02  1.0110e-02
  6586.45      1.5183  1.5900e-02  1.6760e-02  1.7970e-02  1.9790e-02  1.0080e-02
  6584.95      1.5186  1.5770e-02  1.6630e-02  1.7840e-02  1.9650e-02  1.0060e-02
  6583.45      1.5190  1.5760e-02  1.6620e-02  1.7830e-02  1.9640e-02  1.0070e-02
  6581.95      1.5193  1.5790e-02  1.6650e-02  1.7860e-02  1.9680e-02  1.0090e-02
  6580.45      1.5197  1.5910e-02  1.6770e-02  1.7980e-02  1.9800e-02  1.0130e-02
  6578.95      1.5200  1.6140e-02  1.7010e-02  1.8220e-02  2.0050e-02  1.0170e-02
  6577.45      1.5203  1.6340e-02  1.7210e-02  1.8430e-02  2.0260e-02  1.0190e-02
  6575.95      1.5207  1.6400e-02  1.7270e-02  1.8490e-02  2.0330e-02  1.0200e-02
  6574.45      1.5210  1.6310e-02  1.7180e-02  1.8400e-02  2.0230e-02  1.0160e-02
  6572.95      1.5214  1.6140e-02  1.7000e-02  1.8220e-02  2.0050e-02  1.0100e-02
  6571.45      1.5217  1.5980e-02  1.6840e-02  1.8060e-02  1.9880e-02  1.0020e-02
  6569.95      1.5221  1.5900e-02  1.6760e-02  1.7970e-02  1.9800e-02  9.9400e-03
  6568.45      1.5224  1.5920e-02  1.6780e-02  1.7990e-02  1.9820e-02  9.8900e-03
  6566.95      1.5228  1.5990e-02  1.6850e-02  1.8070e-02  1.9900e-02  9.8800e-03
  6565.45      1.5231  1.5980e-02  1.6840e-02  1.8050e-02  1.9880e-02  9.9100e-03
  6563.95      1.5235  1.5930e-02  1.6790e-02  1.8010e-02  1.9840e-02  9.9500e-03
  6562.45      1.5238  1.5860e-02  1.6710e-02  1.7930e-02  1.9760e-02  1.0010e-02
  6560.95      1.5242  1.5770e-02  1.6630e-02  1.7840e-02  1.9660e-02  1.0060e-02
  6559.45      1.5245  1.5840e-02  1.6700e-02  1.7910e-02  1.9740e-02  1.0090e-02
  6557.95      1.5249  1.5920e-02  1.6780e-02  1.7990e-02  1.9820e-02  1.0080e-02
  6556.45      1.5252  1.5930e-02  1.6790e-02  1.8000e-02  1.9830e-02  1.0040e-02
  6554.95      1.5256  1.5870e-02  1.6730e-02  1.7950e-02  1.9780e-02  9.9800e-03
  6553.45      1.5259  1.5810e-02  1.6670e-02  1.7880e-02  1.9710e-02  9.9300e-03
  6551.95      1.5263  1.5680e-02  1.6530e-02  1.7750e-02  1.9570e-02  9.8900e-03
  6550.45      1.5266  1.5600e-02  1.6450e-02  1.7660e-02  1.9480e-02  9.8600e-03
  6548.95      1.5270  1.5700e-02  1.6550e-02  1.7770e-02  1.9590e-02  9.8500e-03
  6547.45      1.5273  1.5870e-02  1.6720e-02  1.7940e-02  1.9770e-02  9.8500e-03
  6545.95      1.5277  1.5900e-02  1.6760e-02  1.7980e-02  1.9810e-02  9.8500e-03
  6544.45      1.5280  1.5870e-02  1.6730e-02  1.7950e-02  1.9780e-02  9.8300e-03
  6542.95      1.5284  1.5930e-02  1.6780e-02  1.8000e-02  1.9830e-02  9.8100e-03
  6541.45      1.5287  1.6050e-02  1.6910e-02  1.8130e-02  1.9960e-02  9.7900e-03
  6539.95      1.5291  1.6110e-02  1.6970e-02  1.8190e-02  2.0030e-02  9.7800e-03
  6538.45      1.5294  1.6040e-02  1.6900e-02  1.8120e-02  1.9950e-02  9.7900e-03
  6536.95      1.5298  1.5900e-02  1.6760e-02  1.7970e-02  1.9810e-02  9.8200e-03
  6535.45      1.5301  1.5880e-02  1.6740e-02  1.7950e-02  1.9790e-02  9.8600e-03
  6533.95      1.5305  1.5950e-02  1.6800e-02  1.8020e-02  1.9860e-02  9.8900e-03
  6532.45      1.5308  1.5940e-02  1.6800e-02  1.8020e-02  1.9850e-02  9.9200e-03
  6530.95      1.5312  1.5820e-02  1.6670e-02  1.7890e-02  1.9720e-02  9.9200e-03
  6529.45      1.5315  1.5790e-02  1.6640e-02  1.7860e-02  1.9690e-02  9.9000e-03
  6527.95      1.5319  1.5870e-02  1.6720e-02  1.7940e-02  1.9770e-02  9.8700e-03
  6526.45      1.5322  1.5960e-02  1.6820e-02  1.8040e-02  1.9870e-02  9.8400e-03
  6524.95      1.5326  1.5970e-02  1.6830e-02  1.8050e-02  1.9890e-02  9.8200e-03
  6523.45      1.5329  1.5930e-02  1.6790e-02  1.8010e-02  1.9850e-02  9.8100e-03
  6521.95      1.5333  1.5870e-02  1.6730e-02  1.7950e-02  1.9790e-02  9.8000e-03
  6520.45      1.5336  1.5830e-02  1.6690e-02  1.7910e-02  1.9740e-02  9.7900e-03
  6518.95      1.5340  1.5840e-02  1.6690e-02  1.7910e-02  1.9740e-02  9.7900e-03
  6517.45      1.5343  1.5890e-02  1.6740e-02  1.7960e-02  1.9800e-02  9.7900e-03
  6515.95      1.5347  1.5900e-02  1.6760e-02  1.7980e-02  1.9820e-02  9.7900e-03
  6514.45      1.5350  1.5840e-02  1.6700e-02  1.7920e-02  1.9750e-02  9.7900e-03
  6512.95      1.5354  1.5730e-02  1.6590e-02  1.7800e-02  1.9640e-02  9.8100e-03
  6511.45      1.5358  1.5650e-02  1.6500e-02  1.7720e-02  1.9550e-02  9.8200e-03
  6509.95      1.5361  1.5600e-02  1.6450e-02  1.7670e-02  1.9500e-02  9.8400e-03
  6508.45      1.5365  1.5660e-02  1.6510e-02  1.7720e-02  1.9560e-02  9.8500e-03
  6506.95      1.5368  1.5810e-02  1.6670e-02  1.7890e-02  1.9720e-02  9.8400e-03
  6505.45      1.5372  1.5890e-02  1.6750e-02  1.7970e-02  1.9810e-02  9.8200e-03
  6503.95      1.5375  1.5850e-02  1.6710e-02  1.7930e-02  1.9770e-02  9.8000e-03
  6502.45      1.5379  1.5810e-02  1.6670e-02  1.7880e-02  1.9720e-02  9.7700e-03
  6500.95      1.5382  1.5830e-02  1.6690e-02  1.7910e-02  1.9750e-02  9.7600e-03
  6499.45      1.5386  1.5720e-02  1.6580e-02  1.7790e-02  1.9630e-02  9.7600e-03
  6497.95      1.5389  1.5610e-02  1.6460e-02  1.7680e-02  1.9510e-02  9.7900e-03
  6496.45      1.5393  1.5560e-02  1.6410e-02  1.7630e-02  1.9460e-02  9.8200e-03
  6494.95      1.5397  1.5570e-02  1.6420e-02  1.7630e-02  1.9470e-02  9.8500e-03
  6493.45      1.5400  1.5580e-02  1.6430e-02  1.7650e-02  1.9480e-02  9.8800e-03
  6491.95      1.5404  1.5620e-02  1.6470e-02  1.7690e-02  1.9520e-02  9.9100e-03
  6490.45      1.5407  1.5680e-02  1.6530e-02  1.7750e-02  1.9590e-02  9.9300e-03
  6488.95      1.5411  1.5710e-02  1.6560e-02  1.7770e-02  1.9610e-02  9.9300e-03
  6487.45      1.5414  1.5600e-02  1.6450e-02  1.7670e-02  1.9500e-02  9.9200e-03
  6485.95      1.5418  1.5400e-02  1.6240e-02  1.7450e-02  1.9290e-02  9.8900e-03
  6484.45      1.5422  1.5290e-02  1.6140e-02  1.7350e-02  1.9180e-02  9.8600e-03
  6482.95      1.5425  1.5400e-02  1.6240e-02  1.7450e-02  1.9290e-02  9.8200e-03
  6481.44      1.5429  1.5540e-02  1.6390e-02  1.7600e-02  1.9430e-02  9.7800e-03
  6479.94      1.5432  1.5600e-02  1.6450e-02  1.7660e-02  1.9500e-02  9.7500e-03
  6478.44      1.5436  1.5580e-02  1.6430e-02  1.7640e-02  1.9480e-02  9.7200e-03
  6476.94      1.5439  1.5560e-02  1.6410e-02  1.7620e-02  1.9460e-02  9.7200e-03
  6475.44      1.5443  1.5640e-02  1.6480e-02  1.7700e-02  1.9540e-02  9.7200e-03
  6473.94      1.5447  1.5790e-02  1.6640e-02  1.7860e-02  1.9710e-02  9.7300e-03
  6472.44      1.5450  1.5900e-02  1.6750e-02  1.7980e-02  1.9820e-02  9.7500e-03
  6470.94      1.5454  1.5840e-02  1.6700e-02  1.7920e-02  1.9770e-02  9.7500e-03
  6469.44      1.5457  1.5700e-02  1.6550e-02  1.7770e-02  1.9610e-02  9.7700e-03
  6467.94      1.5461  1.5560e-02  1.6410e-02  1.7620e-02  1.9460e-02  9.7700e-03
  6466.44      1.5464  1.5510e-02  1.6360e-02  1.7570e-02  1.9410e-02  9.7600e-03
  6464.94      1.5468  1.5590e-02  1.6440e-02  1.7660e-02  1.9500e-02  9.7400e-03
  6463.44      1.5472  1.5770e-02  1.6620e-02  1.7840e-02  1.9690e-02  9.7200e-03
  6461.94      1.5475  1.5830e-02  1.6680e-02  1.7900e-02  1.9750e-02  9.6900e-03
  6460.44      1.5479  1.5720e-02  1.6570e-02  1.7790e-02  1.9640e-02  9.6400e-03
  6458.94      1.5482  1.5540e-02  1.6390e-02  1.7610e-02  1.9450e-02  9.6100e-03
  6457.44      1.5486  1.5460e-02  1.6310e-02  1.7520e-02  1.9360e-02  9.5800e-03
  6455.94      1.5490  1.5430e-02  1.6280e-02  1.7490e-02  1.9330e-02  9.5500e-03
  6454.44      1.5493  1.5470e-02  1.6310e-02  1.7520e-02  1.9370e-02  9.5500e-03
  6452.94      1.5497  1.5540e-02  1.6380e-02  1.7600e-02  1.9440e-02  9.5700e-03
  6451.44      1.5500  1.5560e-02  1.6400e-02  1.7620e-02  1.9460e-02  9.6000e-03
  6449.94      1.5504  1.5600e-02  1.6450e-02  1.7660e-02  1.9510e-02  9.6400e-03
  6448.44      1.5508  1.5670e-02  1.6520e-02  1.7740e-02  1.9580e-02  9.6700e-03
  6446.94      1.5511  1.5720e-02  1.6570e-02  1.7790e-02  1.9640e-02  9.6800e-03
  6445.44      1.5515  1.5720e-02  1.6570e-02  1.7790e-02  1.9640e-02  9.6600e-03
  6443.94      1.5518  1.5650e-02  1.6500e-02  1.7720e-02  1.9570e-02  9.6300e-03
  6442.44      1.5522  1.5580e-02  1.6420e-02  1.7640e-02  1.9490e-02  9.6000e-03
  6440.94      1.5526  1.5540e-02  1.6390e-02  1.7610e-02  1.9450e-02  9.5700e-03
  6439.44      1.5529  1.5540e-02  1.6380e-02  1.7600e-02  1.9450e-02  9.5800e-03
  6437.94      1.5533  1.5560e-02  1.6410e-02  1.7620e-02  1.9470e-02  9.6000e-03
  6436.44      1.5537  1.5590e-02  1.6430e-02  1.7650e-02  1.9500e-02  9.6300e-03
  6434.94      1.5540  1.5590e-02  1.6430e-02  1.7650e-02  1.9500e-02  9.6800e-03
  6433.44      1.5544  1.5570e-02  1.6420e-02  1.7640e-02  1.9490e-02  9.7100e-03
  6431.94      1.5547  1.5510e-02  1.6360e-02  1.7580e-02  1.9430e-02  9.7300e-03
  6430.44      1.5551  1.5470e-02  1.6320e-02  1.7530e-02  1.9380e-02  9.7200e-03
  6428.94      1.5555  1.5530e-02  1.6370e-02  1.7590e-02  1.9440e-02  9.6900e-03
  6427.44      1.5558  1.5690e-02  1.6530e-02  1.7750e-02  1.9610e-02  9.6600e-03
  6425.94      1.5562  1.5760e-02  1.6610e-02  1.7830e-02  1.9690e-02  9.6300e-03
  6424.44      1.5566  1.5750e-02  1.6600e-02  1.7820e-02  1.9680e-02  9.6000e-03
  6422.94      1.5569  1.5740e-02  1.6580e-02  1.7810e-02  1.9660e-02  9.6000e-03
  6421.44      1.5573  1.5700e-02  1.6550e-02  1.7770e-02  1.9630e-02  9.6100e-03
  6419.94      1.5576  1.5550e-02  1.6400e-02  1.7620e-02  1.9470e-02  9.6200e-03
  6418.44      1.5580  1.5370e-02  1.6210e-02  1.7430e-02  1.9280e-02  9.6600e-03
  6416.94      1.5584  1.5300e-02  1.6140e-02  1.7350e-02  1.9200e-02  9.6900e-03
  6415.44      1.5587  1.5350e-02  1.6190e-02  1.7400e-02  1.9250e-02  9.7200e-03
  6413.94      1.5591  1.5340e-02  1.6180e-02  1.7390e-02  1.9240e-02  9.7300e-03
  6412.44      1.5595  1.5330e-02  1.6170e-02  1.7380e-02  1.9230e-02  9.7500e-03
  6410.94      1.5598  1.5390e-02  1.6230e-02  1.7450e-02  1.9300e-02  9.7400e-03
  6409.44      1.5602  1.5420e-02  1.6260e-02  1.7480e-02  1.9330e-02  9.7300e-03
  6407.94      1.5606  1.5430e-02  1.6270e-02  1.7490e-02  1.9350e-02  9.6900e-03
  6406.44      1.5609  1.5450e-02  1.6300e-02  1.7510e-02  1.9370e-02  9.6400e-03
  6404.94      1.5613  1.5450e-02  1.6290e-02  1.7510e-02  1.9360e-02  9.6000e-03
  6403.44      1.5617  1.5300e-02  1.6140e-02  1.7350e-02  1.9200e-02  9.5800e-03
  6401.94      1.5620  1.5150e-02  1.5990e-02  1.7200e-02  1.9050e-02  9.5600e-03
  6400.44      1.5624  1.5150e-02  1.5990e-02  1.7200e-02  1.9050e-02  9.5600e-03
  6398.94      1.5628  1.5290e-02  1.6130e-02  1.7340e-02  1.9190e-02  9.5700e-03
  6397.44      1.5631  1.5390e-02  1.6230e-02  1.7450e-02  1.9300e-02  9.5800e-03
  6395.94      1.5635  1.5370e-02  1.6200e-02  1.7420e-02  1.9280e-02  9.6000e-03
  6394.44      1.5639  1.5250e-02  1.6090e-02  1.7300e-02  1.9160e-02  9.6200e-03
  6392.94      1.5642  1.5130e-02  1.5960e-02  1.7180e-02  1.9020e-02  9.6300e-03
  6391.44      1.5646  1.5050e-02  1.5880e-02  1.7090e-02  1.8940e-02  9.6600e-03
  6389.94      1.5650  1.5120e-02  1.5960e-02  1.7170e-02  1.9020e-02  9.6700e-03
  6388.44      1.5653  1.5300e-02  1.6130e-02  1.7350e-02  1.9200e-02  9.6700e-03
  6386.94      1.5657  1.5450e-02  1.6290e-02  1.7510e-02  1.9360e-02  9.6600e-03
  6385.44      1.5661  1.5490e-02  1.6330e-02  1.7550e-02  1.9410e-02  9.6300e-03
  6383.94      1.5664  1.5390e-02  1.6230e-02  1.7450e-02  1.9310e-02  9.6000e-03
  6382.44      1.5668  1.5300e-02  1.6130e-02  1.7350e-02  1.9210e-02  9.5800e-03
  6380.94      1.5672  1.5310e-02  1.6140e-02  1.7360e-02  1.9220e-02  9.5600e-03
  6379.44      1.5675  1.5350e-02  1.6180e-02  1.7400e-02  1.9260e-02  9.5600e-03
  6377.94      1.5679  1.5370e-02  1.6210e-02  1.7430e-02  1.9290e-02  9.5700e-03
  6376.44      1.5683  1.5390e-02  1.6230e-02  1.7450e-02  1.9310e-02  9.5700e-03
  6374.94      1.5686  1.5400e-02  1.6240e-02  1.7460e-02  1.9320e-02  9.5700e-03
  6373.44      1.5690  1.5340e-02  1.6180e-02  1.7400e-02  1.9260e-02  9.5700e-03
  6371.94      1.5694  1.5220e-02  1.6050e-02  1.7270e-02  1.9130e-02  9.5400e-03
  6370.44      1.5698  1.5150e-02  1.5990e-02  1.7200e-02  1.9060e-02  9.5200e-03
  6368.94      1.5701  1.5220e-02  1.6050e-02  1.7270e-02  1.9120e-02  9.5000e-03
  6367.44      1.5705  1.5310e-02  1.6140e-02  1.7360e-02  1.9220e-02  9.4800e-03
  6365.94      1.5709  1.5250e-02  1.6090e-02  1.7300e-02  1.9160e-02  9.4700e-03
  6364.44      1.5712  1.5140e-02  1.5970e-02  1.7180e-02  1.9040e-02  9.4800e-03
  6362.94      1.5716  1.5130e-02  1.5960e-02  1.7180e-02  1.9030e-02  9.4800e-03
  6361.44      1.5720  1.5260e-02  1.6090e-02  1.7310e-02  1.9160e-02  9.4800e-03
  6359.94      1.5723  1.5330e-02  1.6170e-02  1.7390e-02  1.9250e-02  9.4800e-03
  6358.44      1.5727  1.5310e-02  1.6140e-02  1.7360e-02  1.9220e-02  9.4900e-03
  6356.94      1.5731  1.5220e-02  1.6050e-02  1.7270e-02  1.9130e-02  9.5100e-03
  6355.44      1.5735  1.5160e-02  1.5990e-02  1.7210e-02  1.9070e-02  9.5200e-03
  6353.94      1.5738  1.5240e-02  1.6080e-02  1.7290e-02  1.9150e-02  9.5500e-03
  6352.44      1.5742  1.5390e-02  1.6220e-02  1.7440e-02  1.9310e-02  9.5600e-03
  6350.94      1.5746  1.5420e-02  1.6260e-02  1.7480e-02  1.9350e-02  9.5800e-03
  6349.44      1.5749  1.5280e-02  1.6110e-02  1.7330e-02  1.9190e-02  9.5700e-03
  6347.94      1.5753  1.5170e-02  1.6000e-02  1.7220e-02  1.9080e-02  9.5600e-03
  6346.44      1.5757  1.5200e-02  1.6030e-02  1.7240e-02  1.9100e-02  9.5300e-03
  6344.94      1.5761  1.5260e-02  1.6090e-02  1.7310e-02  1.9170e-02  9.5000e-03
  6343.43      1.5764  1.5210e-02  1.6040e-02  1.7250e-02  1.9120e-02  9.4700e-03
  6341.93      1.5768  1.5140e-02  1.5960e-02  1.7180e-02  1.9040e-02  9.4400e-03
  6340.43      1.5772  1.5130e-02  1.5960e-02  1.7170e-02  1.9040e-02  9.4100e-03
  6338.93      1.5776  1.5170e-02  1.6000e-02  1.7220e-02  1.9080e-02  9.3700e-03
  6337.43      1.5779  1.5160e-02  1.5990e-02  1.7210e-02  1.9070e-02  9.3400e-03
  6335.93      1.5783  1.5110e-02  1.5940e-02  1.7160e-02  1.9020e-02  9.3200e-03
  6334.43      1.5787  1.5110e-02  1.5940e-02  1.7160e-02  1.9020e-02  9.3000e-03
  6332.93      1.5790  1.5240e-02  1.6070e-02  1.7280e-02  1.9150e-02  9.2800e-03
  6331.43      1.5794  1.5450e-02  1.6280e-02  1.7500e-02  1.9370e-02  9.2800e-03
  6329.93      1.5798  1.5620e-02  1.6450e-02  1.7680e-02  1.9560e-02  9.2700e-03
  6328.43      1.5802  1.5620e-02  1.6460e-02  1.7690e-02  1.9560e-02  9.2700e-03
  6326.93      1.5805  1.5480e-02  1.6310e-02  1.7540e-02  1.9410e-02  9.2600e-03
  6325.43      1.5809  1.5420e-02  1.6260e-02  1.7480e-02  1.9350e-02  9.2500e-03
  6323.93      1.5813  1.5470e-02  1.6300e-02  1.7530e-02  1.9400e-02  9.2300e-03
  6322.43      1.5817  1.5470e-02  1.6310e-02  1.7530e-02  1.9410e-02  9.2200e-03
  6320.93      1.5820  1.5370e-02  1.6200e-02  1.7420e-02  1.9300e-02  9.2000e-03
  6319.43      1.5824  1.5240e-02  1.6070e-02  1.7290e-02  1.9160e-02  9.2100e-03
  6317.93      1.5828  1.5160e-02  1.5980e-02  1.7200e-02  1.9070e-02  9.2300e-03
  6316.43      1.5832  1.5180e-02  1.6000e-02  1.7220e-02  1.9090e-02  9.2700e-03
  6314.93      1.5835  1.5280e-02  1.6110e-02  1.7330e-02  1.9210e-02  9.3100e-03
  6313.43      1.5839  1.5350e-02  1.6180e-02  1.7400e-02  1.9280e-02  9.3700e-03
  6311.93      1.5843  1.5440e-02  1.6270e-02  1.7500e-02  1.9370e-02  9.4200e-03
  6310.43      1.5847  1.5460e-02  1.6290e-02  1.7520e-02  1.9400e-02  9.4600e-03
  6308.93      1.5851  1.5330e-02  1.6160e-02  1.7380e-02  1.9260e-02  9.4900e-03
  6307.43      1.5854  1.5120e-02  1.5940e-02  1.7160e-02  1.9030e-02  9.4800e-03
  6305.93      1.5858  1.5050e-02  1.5870e-02  1.7090e-02  1.8960e-02  9.4800e-03
  6304.43      1.5862  1.5140e-02  1.5970e-02  1.7190e-02  1.9060e-02  9.4500e-03
  6302.93      1.5866  1.5230e-02  1.6060e-02  1.7280e-02  1.9150e-02  9.4100e-03
  6301.43      1.5869  1.5090e-02  1.5910e-02  1.7130e-02  1.9010e-02  9.3800e-03
  6299.93      1.5873  1.4990e-02  1.5820e-02  1.7030e-02  1.8900e-02  9.3500e-03
  6298.43      1.5877  1.5060e-02  1.5880e-02  1.7100e-02  1.8970e-02  9.3400e-03
  6296.93      1.5881  1.5190e-02  1.6020e-02  1.7240e-02  1.9110e-02  9.3200e-03
  6295.43      1.5885  1.5220e-02  1.6050e-02  1.7270e-02  1.9150e-02  9.3200e-03
  6293.93      1.5888  1.5220e-02  1.6050e-02  1.7270e-02  1.9140e-02  9.3100e-03
  6292.43      1.5892  1.5200e-02  1.6030e-02  1.7250e-02  1.9130e-02  9.3100e-03
  6290.93      1.5896  1.5180e-02  1.6000e-02  1.7220e-02  1.9100e-02  9.2900e-03
  6289.43      1.5900  1.5180e-02  1.6010e-02  1.7230e-02  1.9100e-02  9.2700e-03
  6287.93      1.5903  1.5240e-02  1.6070e-02  1.7290e-02  1.9170e-02  9.2500e-03
  6286.43      1.5907  1.5280e-02  1.6110e-02  1.7330e-02  1.9210e-02  9.2400e-03
  6284.93      1.5911  1.5260e-02  1.6090e-02  1.7310e-02  1.9190e-02  9.2400e-03
  6283.43      1.5915  1.5230e-02  1.6050e-02  1.7280e-02  1.9160e-02  9.2400e-03
  6281.93      1.5919  1.5160e-02  1.5980e-02  1.7210e-02  1.9090e-02  9.2400e-03
  6280.43      1.5922  1.5120e-02  1.5940e-02  1.7160e-02  1.9040e-02  9.2400e-03
  6278.93      1.5926  1.5160e-02  1.5980e-02  1.7200e-02  1.9080e-02  9.2200e-03
  6277.43      1.5930  1.5220e-02  1.6050e-02  1.7270e-02  1.9150e-02  9.1800e-03
  6275.93      1.5934  1.5230e-02  1.6050e-02  1.7280e-02  1.9160e-02  9.1400e-03
  6274.43      1.5938  1.5170e-02  1.6000e-02  1.7220e-02  1.9100e-02  9.1100e-03
  6272.93      1.5942  1.5120e-02  1.5940e-02  1.7170e-02  1.9050e-02  9.0800e-03
  6271.43      1.5945  1.5170e-02  1.5990e-02  1.7210e-02  1.9090e-02  9.0700e-03
  6269.93      1.5949  1.5210e-02  1.6030e-02  1.7250e-02  1.9130e-02  9.0800e-03
  6268.43      1.5953  1.5220e-02  1.6050e-02  1.7270e-02  1.9160e-02  9.0900e-03
  6266.93      1.5957  1.5230e-02  1.6050e-02  1.7280e-02  1.9160e-02  9.1000e-03
  6265.43      1.5961  1.5150e-02  1.5970e-02  1.7200e-02  1.9080e-02  9.1100e-03
  6263.93      1.5964  1.5080e-02  1.5900e-02  1.7120e-02  1.9000e-02  9.1200e-03
  6262.43      1.5968  1.5080e-02  1.5890e-02  1.7120e-02  1.9000e-02  9.1400e-03
  6260.93      1.5972  1.5130e-02  1.5950e-02  1.7180e-02  1.9060e-02  9.1600e-03
  6259.43      1.5976  1.5170e-02  1.5990e-02  1.7210e-02  1.9100e-02  9.2000e-03
  6257.93      1.5980  1.5100e-02  1.5920e-02  1.7150e-02  1.9030e-02  9.2200e-03
  6256.43      1.5984  1.5050e-02  1.5870e-02  1.7090e-02  1.8980e-02  9.2400e-03
  6254.93      1.5987  1.5080e-02  1.5900e-02  1.7120e-02  1.9000e-02  9.2500e-03
  6253.43      1.5991  1.5050e-02  1.5870e-02  1.7090e-02  1.8980e-02  9.2600e-03
  6251.93      1.5995  1.5030e-02  1.5840e-02  1.7070e-02  1.8950e-02  9.2700e-03
  6250.43      1.5999  1.5020e-02  1.5840e-02  1.7060e-02  1.8940e-02  9.2800e-03
  6248.93      1.6003  1.5010e-02  1.5830e-02  1.7050e-02  1.8940e-02  9.2800e-03
  6247.43      1.6007  1.5010e-02  1.5820e-02  1.7050e-02  1.8930e-02  9.2900e-03
  6245.93      1.6010  1.5050e-02  1.5870e-02  1.7090e-02  1.8980e-02  9.2900e-03
  6244.43      1.6014  1.5150e-02  1.5970e-02  1.7200e-02  1.9080e-02  9.2800e-03
  6242.93      1.6018  1.5260e-02  1.6090e-02  1.7310e-02  1.9200e-02  9.2700e-03
  6241.43      1.6022  1.5320e-02  1.6140e-02  1.7370e-02  1.9260e-02  9.2600e-03
  6239.93      1.6026  1.5340e-02  1.6160e-02  1.7390e-02  1.9290e-02  9.2300e-03
  6238.43      1.6030  1.5340e-02  1.6160e-02  1.7390e-02  1.9290e-02  9.2100e-03
  6236.93      1.6034  1.5310e-02  1.6130e-02  1.7360e-02  1.9250e-02  9.1900e-03
  6235.43      1.6037  1.5230e-02  1.6050e-02  1.7280e-02  1.9180e-02  9.1700e-03
  6233.93      1.6041  1.5150e-02  1.5970e-02  1.7200e-02  1.9090e-02  9.1600e-03
  6232.43      1.6045  1.5040e-02  1.5850e-02  1.7080e-02  1.8970e-02  9.1600e-03
  6230.93      1.6049  1.4900e-02  1.5710e-02  1.6930e-02  1.8820e-02  9.1700e-03
  6229.43      1.6053  1.4850e-02  1.5660e-02  1.6880e-02  1.8770e-02  9.2000e-03
  6227.93      1.6057  1.5000e-02  1.5820e-02  1.7040e-02  1.8930e-02  9.2200e-03
  6226.43      1.6061  1.5200e-02  1.6010e-02  1.7240e-02  1.9140e-02  9.2400e-03
  6224.93      1.6064  1.5200e-02  1.6020e-02  1.7250e-02  1.9150e-02  9.2400e-03
  6223.43      1.6068  1.4980e-02  1.5790e-02  1.7020e-02  1.8910e-02  9.2200e-03
  6221.93      1.6072  1.4810e-02  1.5620e-02  1.6840e-02  1.8720e-02  9.2000e-03
  6220.43      1.6076  1.4820e-02  1.5630e-02  1.6850e-02  1.8740e-02  9.1600e-03
  6218.93      1.6080  1.4940e-02  1.5750e-02  1.6970e-02  1.8860e-02  9.1200e-03
  6217.43      1.6084  1.4980e-02  1.5790e-02  1.7020e-02  1.8910e-02  9.0800e-03
  6215.93      1.6088  1.5040e-02  1.5860e-02  1.7080e-02  1.8980e-02  9.0500e-03
  6214.43      1.6092  1.5100e-02  1.5910e-02  1.7140e-02  1.9030e-02  9.0500e-03
  6212.92      1.6095  1.5090e-02  1.5900e-02  1.7130e-02  1.9020e-02  9.0600e-03
  6211.42      1.6099  1.5080e-02  1.5890e-02  1.7120e-02  1.9010e-02  9.0800e-03
  6209.92      1.6103  1.5080e-02  1.5890e-02  1.7120e-02  1.9020e-02  9.1100e-03
  6208.42      1.6107  1.5020e-02  1.5840e-02  1.7060e-02  1.8960e-02  9.1300e-03
  6206.92      1.6111  1.4920e-02  1.5730e-02  1.6950e-02  1.8840e-02  9.1400e-03
  6205.42      1.6115  1.4880e-02  1.5690e-02  1.6920e-02  1.8810e-02  9.1300e-03
  6203.92      1.6119  1.4940e-02  1.5750e-02  1.6980e-02  1.8870e-02  9.1000e-03
  6202.42      1.6123  1.4980e-02  1.5790e-02  1.7020e-02  1.8910e-02  9.0500e-03
  6200.92      1.6127  1.4910e-02  1.5720e-02  1.6940e-02  1.8840e-02  9.0100e-03
  6199.42      1.6131  1.4790e-02  1.5600e-02  1.6820e-02  1.8720e-02  8.9600e-03
  6197.92      1.6134  1.4750e-02  1.5560e-02  1.6780e-02  1.8670e-02  8.9400e-03
  6196.42      1.6138  1.4830e-02  1.5640e-02  1.6860e-02  1.8750e-02  8.9400e-03
  6194.92      1.6142  1.5000e-02  1.5810e-02  1.7030e-02  1.8930e-02  8.9500e-03
  6193.42      1.6146  1.5150e-02  1.5960e-02  1.7190e-02  1.9090e-02  8.9700e-03
  6191.92      1.6150  1.5160e-02  1.5970e-02  1.7200e-02  1.9100e-02  8.9900e-03
  6190.42      1.6154  1.5100e-02  1.5910e-02  1.7140e-02  1.9040e-02  9.0000e-03
  6188.92      1.6158  1.5070e-02  1.5880e-02  1.7110e-02  1.9020e-02  8.9900e-03
  6187.42      1.6162  1.4990e-02  1.5800e-02  1.7020e-02  1.8920e-02  8.9800e-03
  6185.92      1.6166  1.4830e-02  1.5640e-02  1.6860e-02  1.8760e-02  8.9500e-03
  6184.42      1.6170  1.4760e-02  1.5560e-02  1.6780e-02  1.8680e-02  8.9200e-03
  6182.92      1.6174  1.4840e-02  1.5640e-02  1.6860e-02  1.8760e-02  8.9000e-03
  6181.42      1.6178  1.4910e-02  1.5710e-02  1.6940e-02  1.8840e-02  8.8800e-03
  6179.92      1.6181  1.4950e-02  1.5760e-02  1.6990e-02  1.8890e-02  8.8700e-03
  6178.42      1.6185  1.4930e-02  1.5730e-02  1.6960e-02  1.8860e-02  8.8700e-03
  6176.92      1.6189  1.4850e-02  1.5650e-02  1.6880e-02  1.8780e-02  8.8700e-03
  6175.42      1.6193  1.4840e-02  1.5640e-02  1.6870e-02  1.8770e-02  8.8800e-03
  6173.92      1.6197  1.4940e-02  1.5750e-02  1.6970e-02  1.8880e-02  8.8800e-03
  6172.42      1.6201  1.5010e-02  1.5820e-02  1.7050e-02  1.8960e-02  8.8800e-03
  6170.92      1.6205  1.4970e-02  1.5780e-02  1.7000e-02  1.8910e-02  8.8800e-03
  6169.42      1.6209  1.4930e-02  1.5730e-02  1.6960e-02  1.8860e-02  8.8600e-03
  6167.92      1.6213  1.4850e-02  1.5650e-02  1.6880e-02  1.8780e-02  8.8400e-03
  6166.42      1.6217  1.4780e-02  1.5580e-02  1.6800e-02  1.8700e-02  8.8300e-03
  6164.92      1.6221  1.4790e-02  1.5600e-02  1.6820e-02  1.8720e-02  8.8200e-03
  6163.42      1.6225  1.4950e-02  1.5760e-02  1.6980e-02  1.8890e-02  8.8300e-03
  6161.92      1.6229  1.5040e-02  1.5850e-02  1.7080e-02  1.8990e-02  8.8600e-03
  6160.42      1.6233  1.5000e-02  1.5810e-02  1.7040e-02  1.8950e-02  8.8800e-03
  6158.92      1.6237  1.4890e-02  1.5690e-02  1.6920e-02  1.8830e-02  8.9000e-03
  6157.42      1.6241  1.4770e-02  1.5570e-02  1.6800e-02  1.8700e-02  8.9100e-03
  6155.92      1.6245  1.4640e-02  1.5440e-02  1.6670e-02  1.8570e-02  8.9000e-03
  6154.42      1.6248  1.4570e-02  1.5370e-02  1.6590e-02  1.8490e-02  8.8900e-03
  6152.92      1.6252  1.4580e-02  1.5380e-02  1.6600e-02  1.8500e-02  8.8900e-03
  6151.42      1.6256  1.4620e-02  1.5420e-02  1.6640e-02  1.8540e-02  8.8800e-03
  6149.92      1.6260  1.4660e-02  1.5450e-02  1.6680e-02  1.8580e-02  8.8800e-03
  6148.42      1.6264  1.4700e-02  1.5490e-02  1.6720e-02  1.8620e-02  8.9000e-03
  6146.92      1.6268  1.4740e-02  1.5530e-02  1.6760e-02  1.8660e-02  8.9100e-03
  6145.42      1.6272  1.4730e-02  1.5530e-02  1.6750e-02  1.8660e-02  8.9200e-03
  6143.92      1.6276  1.4720e-02  1.5510e-02  1.6740e-02  1.8640e-02  8.9300e-03
  6142.42      1.6280  1.4750e-02  1.5550e-02  1.6780e-02  1.8680e-02  8.9200e-03
  6140.92      1.6284  1.4860e-02  1.5660e-02  1.6880e-02  1.8790e-02  8.9000e-03
  6139.42      1.6288  1.4940e-02  1.5740e-02  1.6970e-02  1.8880e-02  8.8700e-03
  6137.92      1.6292  1.4980e-02  1.5780e-02  1.7010e-02  1.8920e-02  8.8300e-03
  6136.42      1.6296  1.4960e-02  1.5760e-02  1.6990e-02  1.8910e-02  8.8100e-03
  6134.92      1.6300  1.4900e-02  1.5700e-02  1.6930e-02  1.8840e-02  8.7800e-03
  6133.42      1.6304  1.4840e-02  1.5640e-02  1.6860e-02  1.8780e-02  8.7700e-03
  6131.92      1.6308  1.4800e-02  1.5600e-02  1.6820e-02  1.8740e-02  8.7500e-03
  6130.42      1.6312  1.4800e-02  1.5600e-02  1.6830e-02  1.8740e-02  8.7400e-03
  6128.92      1.6316  1.4810e-02  1.5600e-02  1.6830e-02  1.8750e-02  8.7400e-03
  6127.42      1.6320  1.4700e-02  1.5500e-02  1.6720e-02  1.8630e-02  8.7300e-03
  6125.92      1.6324  1.4610e-02  1.5410e-02  1.6630e-02  1.8540e-02  8.7200e-03
  6124.42      1.6328  1.4620e-02  1.5410e-02  1.6630e-02  1.8540e-02  8.7100e-03
  6122.92      1.6332  1.4710e-02  1.5500e-02  1.6730e-02  1.8640e-02  8.7100e-03
  6121.42      1.6336  1.4810e-02  1.5600e-02  1.6830e-02  1.8740e-02  8.7100e-03
  6119.92      1.6340  1.4820e-02  1.5610e-02  1.6840e-02  1.8750e-02  8.7100e-03
  6118.42      1.6344  1.4800e-02  1.5600e-02  1.6820e-02  1.8740e-02  8.7100e-03
  6116.92      1.6348  1.4820e-02  1.5620e-02  1.6850e-02  1.8760e-02  8.7000e-03
  6115.42      1.6352  1.4820e-02  1.5610e-02  1.6840e-02  1.8760e-02  8.6900e-03
  6113.92      1.6356  1.4830e-02  1.5620e-02  1.6850e-02  1.8770e-02  8.6700e-03
  6112.42      1.6360  1.4850e-02  1.5640e-02  1.6870e-02  1.8790e-02  8.6600e-03
  6110.92      1.6364  1.4840e-02  1.5640e-02  1.6870e-02  1.8780e-02  8.6600e-03
  6109.42      1.6368  1.4820e-02  1.5610e-02  1.6840e-02  1.8760e-02  8.6800e-03
  6107.92      1.6372  1.4820e-02  1.5620e-02  1.6850e-02  1.8770e-02  8.7000e-03
  6106.42      1.6376  1.4840e-02  1.5630e-02  1.6860e-02  1.8780e-02  8.7200e-03
  6104.92      1.6380  1.4820e-02  1.5610e-02  1.6840e-02  1.8760e-02  8.7400e-03
  6103.42      1.6384  1.4750e-02  1.5540e-02  1.6770e-02  1.8690e-02  8.7500e-03
  6101.92      1.6388  1.4740e-02  1.5530e-02  1.6760e-02  1.8680e-02  8.7400e-03
  6100.42      1.6392  1.4800e-02  1.5590e-02  1.6820e-02  1.8740e-02  8.7200e-03
  6098.92      1.6396  1.4850e-02  1.5640e-02  1.6870e-02  1.8790e-02  8.7000e-03
  6097.42      1.6400  1.4810e-02  1.5600e-02  1.6830e-02  1.8750e-02  8.6800e-03
  6095.92      1.6404  1.4780e-02  1.5570e-02  1.6800e-02  1.8720e-02  8.6700e-03
  6094.42      1.6408  1.4770e-02  1.5560e-02  1.6790e-02  1.8720e-02  8.6700e-03
  6092.92      1.6413  1.4790e-02  1.5580e-02  1.6810e-02  1.8730e-02  8.6700e-03
  6091.42      1.6417  1.4840e-02  1.5630e-02  1.6860e-02  1.8780e-02  8.6600e-03
  6089.92      1.6421  1.4900e-02  1.5690e-02  1.6930e-02  1.8850e-02  8.6400e-03
  6088.42      1.6425  1.4910e-02  1.5700e-02  1.6930e-02  1.8860e-02  8.6300e-03
  6086.92      1.6429  1.4800e-02  1.5590e-02  1.6820e-02  1.8750e-02  8.6100e-03
  6085.42      1.6433  1.4680e-02  1.5460e-02  1.6690e-02  1.8620e-02  8.6100e-03
  6083.92      1.6437  1.4600e-02  1.5390e-02  1.6610e-02  1.8540e-02  8.6100e-03
  6082.42      1.6441  1.4590e-02  1.5370e-02  1.6600e-02  1.8520e-02  8.6100e-03
  6080.92      1.6445  1.4600e-02  1.5390e-02  1.6610e-02  1.8540e-02  8.6300e-03
  6079.42      1.6449  1.4600e-02  1.5380e-02  1.6610e-02  1.8530e-02  8.6400e-03
  6077.92      1.6453  1.4650e-02  1.5440e-02  1.6670e-02  1.8590e-02  8.6500e-03
  6076.42      1.6457  1.4740e-02  1.5520e-02  1.6750e-02  1.8680e-02  8.6600e-03
  6074.91      1.6461  1.4770e-02  1.5550e-02  1.6780e-02  1.8710e-02  8.6700e-03
  6073.41      1.6465  1.4710e-02  1.5500e-02  1.6730e-02  1.8660e-02  8.6900e-03
  6071.91      1.6469  1.4670e-02  1.5460e-02  1.6680e-02  1.8610e-02  8.6900e-03
  6070.41      1.6473  1.4660e-02  1.5440e-02  1.6670e-02  1.8600e-02  8.6800e-03
  6068.91      1.6477  1.4660e-02  1.5440e-02  1.6670e-02  1.8600e-02  8.6700e-03
  6067.41      1.6481  1.4670e-02  1.5450e-02  1.6680e-02  1.8610e-02  8.6300e-03
  6065.91      1.6486  1.4700e-02  1.5480e-02  1.6710e-02  1.8640e-02  8.5900e-03
  6064.41      1.6490  1.4700e-02  1.5490e-02  1.6720e-02  1.8650e-02  8.5400e-03
  6062.91      1.6494  1.4670e-02  1.5460e-02  1.6690e-02  1.8620e-02  8.4800e-03
  6061.41      1.6498  1.4660e-02  1.5450e-02  1.6680e-02  1.8610e-02  8.4300e-03
  6059.91      1.6502  1.4760e-02  1.5540e-02  1.6770e-02  1.8710e-02  8.3700e-03
  6058.41      1.6506  1.4820e-02  1.5600e-02  1.6830e-02  1.8770e-02  8.3100e-03
  6056.91      1.6510  1.4760e-02  1.5540e-02  1.6770e-02  1.8710e-02  8.2700e-03
  6055.41      1.6514  1.4750e-02  1.5530e-02  1.6760e-02  1.8700e-02  8.2500e-03
  6053.91      1.6518  1.4790e-02  1.5580e-02  1.6810e-02  1.8750e-02  8.2400e-03
  6052.41      1.6522  1.4840e-02  1.5630e-02  1.6860e-02  1.8800e-02  8.2500e-03
  6050.91      1.6526  1.4820e-02  1.5610e-02  1.6840e-02  1.8780e-02  8.2800e-03
  6049.41      1.6531  1.4690e-02  1.5470e-02  1.6700e-02  1.8640e-02  8.3100e-03
  6047.91      1.6535  1.4560e-02  1.5340e-02  1.6570e-02  1.8500e-02  8.3300e-03
  6046.41      1.6539  1.4490e-02  1.5270e-02  1.6500e-02  1.8430e-02  8.3500e-03
  6044.91      1.6543  1.4450e-02  1.5230e-02  1.6450e-02  1.8380e-02  8.3600e-03
  6043.41      1.6547  1.4370e-02  1.5140e-02  1.6370e-02  1.8300e-02  8.3700e-03
  6041.91      1.6551  1.4350e-02  1.5130e-02  1.6350e-02  1.8280e-02  8.3800e-03
  6040.41      1.6555  1.4400e-02  1.5180e-02  1.6400e-02  1.8330e-02  8.4000e-03
  6038.91      1.6559  1.4470e-02  1.5240e-02  1.6470e-02  1.8400e-02  8.4200e-03
  6037.41      1.6563  1.4540e-02  1.5310e-02  1.6540e-02  1.8470e-02  8.4400e-03
  6035.91      1.6568  1.4570e-02  1.5350e-02  1.6580e-02  1.8510e-02  8.4700e-03
  6034.41      1.6572  1.4570e-02  1.5340e-02  1.6570e-02  1.8510e-02  8.4800e-03
  6032.91      1.6576  1.4540e-02  1.5310e-02  1.6540e-02  1.8480e-02  8.4800e-03
  6031.41      1.6580  1.4520e-02  1.5300e-02  1.6530e-02  1.8460e-02  8.4700e-03
  6029.91      1.6584  1.4590e-02  1.5370e-02  1.6600e-02  1.8540e-02  8.4400e-03
  6028.41      1.6588  1.4670e-02  1.5440e-02  1.6680e-02  1.8620e-02  8.3900e-03
  6026.91      1.6592  1.4650e-02  1.5420e-02  1.6650e-02  1.8600e-02  8.3400e-03
  6025.41      1.6596  1.4540e-02  1.5310e-02  1.6540e-02  1.8480e-02  8.3000e-03
  6023.91      1.6601  1.4450e-02  1.5220e-02  1.6450e-02  1.8390e-02  8.2600e-03
  6022.41      1.6605  1.4520e-02  1.5290e-02  1.6520e-02  1.8460e-02  8.2300e-03
  6020.91      1.6609  1.4710e-02  1.5480e-02  1.6720e-02  1.8660e-02  8.2300e-03
  6019.41      1.6613  1.4770e-02  1.5540e-02  1.6780e-02  1.8730e-02  8.2200e-03
  6017.91      1.6617  1.4720e-02  1.5490e-02  1.6730e-02  1.8670e-02  8.2200e-03
  6016.41      1.6621  1.4620e-02  1.5390e-02  1.6630e-02  1.8570e-02  8.2100e-03
  6014.91      1.6625  1.4540e-02  1.5310e-02  1.6540e-02  1.8480e-02  8.2100e-03
  6013.41      1.6629  1.4480e-02  1.5250e-02  1.6480e-02  1.8430e-02  8.2000e-03
  6011.91      1.6634  1.4430e-02  1.5200e-02  1.6430e-02  1.8370e-02  8.2000e-03
  6010.41      1.6638  1.4410e-02  1.5180e-02  1.6410e-02  1.8350e-02  8.1900e-03
  6008.91      1.6642  1.4440e-02  1.5210e-02  1.6440e-02  1.8380e-02  8.1800e-03
  6007.41      1.6646  1.4410e-02  1.5180e-02  1.6410e-02  1.8350e-02  8.1500e-03
  6005.91      1.6650  1.4280e-02  1.5040e-02  1.6270e-02  1.8210e-02  8.1300e-03
  6004.41      1.6654  1.4240e-02  1.5000e-02  1.6230e-02  1.8170e-02  8.1200e-03
  6002.91      1.6659  1.4390e-02  1.5160e-02  1.6390e-02  1.8330e-02  8.1100e-03
  6001.41      1.6663  1.4490e-02  1.5250e-02  1.6480e-02  1.8430e-02  8.1100e-03
  5999.91      1.6667  1.4410e-02  1.5180e-02  1.6400e-02  1.8350e-02  8.1300e-03
  5998.41      1.6671  1.4340e-02  1.5110e-02  1.6340e-02  1.8280e-02  8.1500e-03
  5996.91      1.6675  1.4420e-02  1.5180e-02  1.6410e-02  1.8360e-02  8.1800e-03
  5995.41      1.6679  1.4450e-02  1.5210e-02  1.6450e-02  1.8390e-02  8.2100e-03
  5993.91      1.6684  1.4380e-02  1.5150e-02  1.6380e-02  1.8320e-02  8.2400e-03
  5992.41      1.6688  1.4300e-02  1.5060e-02  1.6290e-02  1.8240e-02  8.2700e-03
  5990.91      1.6692  1.4310e-02  1.5070e-02  1.6300e-02  1.8250e-02  8.2700e-03
  5989.41      1.6696  1.4390e-02  1.5150e-02  1.6380e-02  1.8330e-02  8.2600e-03
  5987.91      1.6700  1.4380e-02  1.5150e-02  1.6380e-02  1.8330e-02  8.2400e-03
  5986.41      1.6705  1.4360e-02  1.5120e-02  1.6350e-02  1.8300e-02  8.2200e-03
  5984.91      1.6709  1.4340e-02  1.5110e-02  1.6340e-02  1.8290e-02  8.2100e-03
  5983.41      1.6713  1.4230e-02  1.4990e-02  1.6210e-02  1.8160e-02  8.1900e-03
  5981.91      1.6717  1.4120e-02  1.4880e-02  1.6110e-02  1.8050e-02  8.1900e-03
  5980.41      1.6721  1.4110e-02  1.4870e-02  1.6090e-02  1.8030e-02  8.2000e-03
  5978.91      1.6725  1.4160e-02  1.4910e-02  1.6140e-02  1.8080e-02  8.2100e-03
  5977.41      1.6730  1.4170e-02  1.4930e-02  1.6150e-02  1.8100e-02  8.2200e-03
  5975.91      1.6734  1.4220e-02  1.4980e-02  1.6200e-02  1.8150e-02  8.2400e-03
  5974.41      1.6738  1.4320e-02  1.5080e-02  1.6310e-02  1.8260e-02  8.2400e-03
  5972.91      1.6742  1.4420e-02  1.5190e-02  1.6420e-02  1.8370e-02  8.2600e-03
  5971.41      1.6746  1.4400e-02  1.5160e-02  1.6390e-02  1.8340e-02  8.2500e-03
  5969.91      1.6751  1.4260e-02  1.5010e-02  1.6240e-02  1.8190e-02  8.2500e-03
  5968.41      1.6755  1.4220e-02  1.4980e-02  1.6200e-02  1.8160e-02  8.2400e-03
  5966.91      1.6759  1.4340e-02  1.5090e-02  1.6330e-02  1.8280e-02  8.2400e-03
  5965.41      1.6763  1.4290e-02  1.5040e-02  1.6270e-02  1.8230e-02  8.2200e-03
  5963.91      1.6768  1.4160e-02  1.4910e-02  1.6140e-02  1.8090e-02  8.2100e-03
  5962.41      1.6772  1.4110e-02  1.4870e-02  1.6090e-02  1.8040e-02  8.1900e-03
  5960.91      1.6776  1.4160e-02  1.4910e-02  1.6140e-02  1.8090e-02  8.1700e-03
  5959.41      1.6780  1.4070e-02  1.4830e-02  1.6050e-02  1.8000e-02  8.1400e-03
  5957.91      1.6784  1.3940e-02  1.4690e-02  1.5910e-02  1.7860e-02  8.1100e-03
  5956.41      1.6789  1.3870e-02  1.4620e-02  1.5840e-02  1.7790e-02  8.0700e-03
  5954.91      1.6793  1.3930e-02  1.4680e-02  1.5900e-02  1.7850e-02  8.0400e-03
  5953.41      1.6797  1.4000e-02  1.4750e-02  1.5980e-02  1.7930e-02  8.0300e-03
  5951.91      1.6801  1.4080e-02  1.4830e-02  1.6050e-02  1.8000e-02  8.0300e-03
  5950.41      1.6806  1.4140e-02  1.4890e-02  1.6110e-02  1.8070e-02  8.0400e-03
  5948.91      1.6810  1.4160e-02  1.4910e-02  1.6140e-02  1.8100e-02  8.0700e-03
  5947.41      1.6814  1.4120e-02  1.4870e-02  1.6090e-02  1.8050e-02  8.1000e-03
  5945.91      1.6818  1.3960e-02  1.4710e-02  1.5940e-02  1.7890e-02  8.1300e-03
  5944.40      1.6823  1.3800e-02  1.4550e-02  1.5770e-02  1.7720e-02  8.1500e-03
  5942.90      1.6827  1.3740e-02  1.4490e-02  1.5700e-02  1.7650e-02  8.1700e-03
  5941.40      1.6831  1.3790e-02  1.4530e-02  1.5750e-02  1.7700e-02  8.2000e-03
  5939.90      1.6835  1.3860e-02  1.4600e-02  1.5820e-02  1.7770e-02  8.2200e-03
  5938.40      1.6840  1.3950e-02  1.4690e-02  1.5910e-02  1.7870e-02  8.2400e-03
  5936.90      1.6844  1.4070e-02  1.4810e-02  1.6040e-02  1.8000e-02  8.2400e-03
  5935.40      1.6848  1.4150e-02  1.4900e-02  1.6120e-02  1.8080e-02  8.2200e-03
  5933.90      1.6852  1.4160e-02  1.4900e-02  1.6130e-02  1.8090e-02  8.1900e-03
  5932.40      1.6857  1.4130e-02  1.4870e-02  1.6100e-02  1.8060e-02  8.1400e-03
  5930.90      1.6861  1.4090e-02  1.4840e-02  1.6060e-02  1.8020e-02  8.0800e-03
  5929.40      1.6865  1.4040e-02  1.4780e-02  1.6010e-02  1.7970e-02  8.0500e-03
  5927.90      1.6869  1.3940e-02  1.4680e-02  1.5900e-02  1.7860e-02  8.0100e-03
  5926.40      1.6874  1.3770e-02  1.4510e-02  1.5730e-02  1.7690e-02  7.9900e-03
  5924.90      1.6878  1.3610e-02  1.4350e-02  1.5560e-02  1.7510e-02  7.9600e-03
  5923.40      1.6882  1.3600e-02  1.4340e-02  1.5560e-02  1.7510e-02  7.9300e-03
  5921.90      1.6886  1.3640e-02  1.4380e-02  1.5590e-02  1.7540e-02  7.8900e-03
  5920.40      1.6891  1.3700e-02  1.4430e-02  1.5650e-02  1.7600e-02  7.8400e-03
  5918.90      1.6895  1.3790e-02  1.4530e-02  1.5750e-02  1.7700e-02  7.8000e-03
  5917.40      1.6899  1.3880e-02  1.4620e-02  1.5840e-02  1.7800e-02  7.7900e-03
  5915.90      1.6904  1.4020e-02  1.4760e-02  1.5980e-02  1.7940e-02  7.7900e-03
  5914.40      1.6908  1.4170e-02  1.4920e-02  1.6150e-02  1.8110e-02  7.8100e-03
  5912.90      1.6912  1.4290e-02  1.5030e-02  1.6270e-02  1.8240e-02  7.8400e-03
  5911.40      1.6916  1.4300e-02  1.5040e-02  1.6280e-02  1.8250e-02  7.8800e-03
  5909.90      1.6921  1.4250e-02  1.4990e-02  1.6220e-02  1.8190e-02  7.9100e-03
  5908.40      1.6925  1.4200e-02  1.4950e-02  1.6180e-02  1.8150e-02  7.9500e-03
  5906.90      1.6929  1.4210e-02  1.4950e-02  1.6190e-02  1.8160e-02  7.9800e-03
  5905.40      1.6934  1.4210e-02  1.4950e-02  1.6180e-02  1.8150e-02  8.0100e-03
  5903.90      1.6938  1.4120e-02  1.4860e-02  1.6090e-02  1.8060e-02  8.0300e-03
  5902.40      1.6942  1.3980e-02  1.4710e-02  1.5940e-02  1.7910e-02  8.0500e-03
  5900.90      1.6947  1.3850e-02  1.4580e-02  1.5810e-02  1.7770e-02  8.0500e-03
  5899.40      1.6951  1.3840e-02  1.4570e-02  1.5790e-02  1.7760e-02  8.0400e-03
  5897.90      1.6955  1.3960e-02  1.4690e-02  1.5920e-02  1.7880e-02  8.0100e-03
  5896.40      1.6959  1.4140e-02  1.4870e-02  1.6100e-02  1.8070e-02  7.9700e-03
  5894.90      1.6964  1.4270e-02  1.5010e-02  1.6240e-02  1.8210e-02  7.9400e-03
  5893.40      1.6968  1.4260e-02  1.5000e-02  1.6230e-02  1.8210e-02  7.9300e-03
  5891.90      1.6972  1.4210e-02  1.4940e-02  1.6180e-02  1.8150e-02  7.9200e-03
  5890.40      1.6977  1.4190e-02  1.4920e-02  1.6150e-02  1.8130e-02  7.9300e-03
  5888.90      1.6981  1.4170e-02  1.4900e-02  1.6130e-02  1.8110e-02  7.9500e-03
  5887.40      1.6985  1.4080e-02  1.4810e-02  1.6040e-02  1.8010e-02  7.9700e-03
  5885.90      1.6990  1.4040e-02  1.4770e-02  1.6000e-02  1.7980e-02  7.9800e-03
  5884.40      1.6994  1.4120e-02  1.4850e-02  1.6080e-02  1.8060e-02  7.9900e-03
  5882.90      1.6998  1.4250e-02  1.4980e-02  1.6220e-02  1.8200e-02  7.9900e-03
  5881.40      1.7003  1.4320e-02  1.5050e-02  1.6290e-02  1.8270e-02  7.9900e-03
  5879.90      1.7007  1.4330e-02  1.5070e-02  1.6300e-02  1.8290e-02  7.9900e-03
  5878.40      1.7011  1.4340e-02  1.5080e-02  1.6310e-02  1.8300e-02  7.9700e-03
  5876.90      1.7016  1.4400e-02  1.5130e-02  1.6370e-02  1.8360e-02  7.9600e-03
  5875.40      1.7020  1.4500e-02  1.5230e-02  1.6470e-02  1.8460e-02  7.9300e-03
  5873.90      1.7024  1.4500e-02  1.5230e-02  1.6480e-02  1.8470e-02  7.9100e-03
  5872.40      1.7029  1.4430e-02  1.5160e-02  1.6400e-02  1.8390e-02  7.9000e-03
  5870.90      1.7033  1.4380e-02  1.5110e-02  1.6350e-02  1.8340e-02  7.9000e-03
  5869.40      1.7038  1.4370e-02  1.5100e-02  1.6340e-02  1.8330e-02  7.9000e-03
  5867.90      1.7042  1.4350e-02  1.5080e-02  1.6320e-02  1.8310e-02  7.9200e-03
  5866.40      1.7046  1.4280e-02  1.5010e-02  1.6240e-02  1.8230e-02  7.9300e-03
  5864.90      1.7051  1.4180e-02  1.4910e-02  1.6150e-02  1.8130e-02  7.9200e-03
  5863.40      1.7055  1.4150e-02  1.4880e-02  1.6110e-02  1.8100e-02  7.9200e-03
  5861.90      1.7059  1.4170e-02  1.4900e-02  1.6130e-02  1.8120e-02  7.9000e-03
  5860.40      1.7064  1.4220e-02  1.4950e-02  1.6190e-02  1.8180e-02  7.8700e-03
  5858.90      1.7068  1.4270e-02  1.5000e-02  1.6240e-02  1.8230e-02  7.8500e-03
  5857.40      1.7072  1.4300e-02  1.5030e-02  1.6270e-02  1.8260e-02  7.8300e-03
  5855.90      1.7077  1.4320e-02  1.5050e-02  1.6290e-02  1.8280e-02  7.7900e-03
  5854.40      1.7081  1.4300e-02  1.5030e-02  1.6260e-02  1.8260e-02  7.7600e-03
  5852.90      1.7086  1.4200e-02  1.4920e-02  1.6160e-02  1.8150e-02  7.7500e-03
  5851.40      1.7090  1.4050e-02  1.4770e-02  1.6010e-02  1.8000e-02  7.7300e-03
  5849.90      1.7094  1.3980e-02  1.4700e-02  1.5930e-02  1.7920e-02  7.7200e-03
  5848.40      1.7099  1.4030e-02  1.4750e-02  1.5980e-02  1.7970e-02  7.7300e-03
  5846.90      1.7103  1.4130e-02  1.4850e-02  1.6080e-02  1.8080e-02  7.7500e-03
  5845.40      1.7107  1.4090e-02  1.4820e-02  1.6050e-02  1.8040e-02  7.7600e-03
  5843.90      1.7112  1.4010e-02  1.4740e-02  1.5970e-02  1.7960e-02  7.7700e-03
  5842.40      1.7116  1.4020e-02  1.4740e-02  1.5970e-02  1.7960e-02  7.7600e-03
  5840.90      1.7121  1.4110e-02  1.4830e-02  1.6060e-02  1.8050e-02  7.7500e-03
  5839.40      1.7125  1.4130e-02  1.4850e-02  1.6090e-02  1.8090e-02  7.7400e-03
  5837.90      1.7129  1.4110e-02  1.4830e-02  1.6060e-02  1.8060e-02  7.7300e-03
  5836.40      1.7134  1.4070e-02  1.4790e-02  1.6020e-02  1.8020e-02  7.7300e-03
  5834.90      1.7138  1.4040e-02  1.4760e-02  1.5990e-02  1.7990e-02  7.7400e-03
  5833.40      1.7143  1.4070e-02  1.4790e-02  1.6020e-02  1.8020e-02  7.7600e-03
  5831.90      1.7147  1.4130e-02  1.4850e-02  1.6090e-02  1.8090e-02  7.7800e-03
  5830.40      1.7151  1.4160e-02  1.4880e-02  1.6110e-02  1.8110e-02  7.8000e-03
  5828.90      1.7156  1.4090e-02  1.4800e-02  1.6040e-02  1.8040e-02  7.8000e-03
  5827.40      1.7160  1.3960e-02  1.4680e-02  1.5910e-02  1.7910e-02  7.8000e-03
  5825.90      1.7165  1.3900e-02  1.4620e-02  1.5850e-02  1.7840e-02  7.7700e-03
  5824.40      1.7169  1.3950e-02  1.4660e-02  1.5900e-02  1.7890e-02  7.7300e-03
  5822.90      1.7174  1.4060e-02  1.4770e-02  1.6000e-02  1.8000e-02  7.6800e-03
  5821.40      1.7178  1.4100e-02  1.4820e-02  1.6050e-02  1.8050e-02  7.6500e-03
  5819.90      1.7182  1.4110e-02  1.4820e-02  1.6060e-02  1.8060e-02  7.6200e-03
  5818.40      1.7187  1.4060e-02  1.4770e-02  1.6010e-02  1.8010e-02  7.6200e-03
  5816.90      1.7191  1.4010e-02  1.4720e-02  1.5950e-02  1.7960e-02  7.6300e-03
  5815.40      1.7196  1.4090e-02  1.4800e-02  1.6040e-02  1.8040e-02  7.6600e-03
  5813.90      1.7200  1.4180e-02  1.4890e-02  1.6130e-02  1.8140e-02  7.6900e-03
  5812.40      1.7205  1.4150e-02  1.4860e-02  1.6100e-02  1.8110e-02  7.7000e-03
  5810.90      1.7209  1.3990e-02  1.4700e-02  1.5940e-02  1.7940e-02  7.7100e-03
  5809.40      1.7213  1.3910e-02  1.4620e-02  1.5850e-02  1.7850e-02  7.7000e-03
  5807.90      1.7218  1.3930e-02  1.4640e-02  1.5870e-02  1.7870e-02  7.7000e-03
  5806.39      1.7222  1.4010e-02  1.4720e-02  1.5950e-02  1.7960e-02  7.7100e-03
  5804.89      1.7227  1.4040e-02  1.4750e-02  1.5990e-02  1.7990e-02  7.7200e-03
  5803.39      1.7231  1.3950e-02  1.4660e-02  1.5890e-02  1.7900e-02  7.7600e-03
  5801.89      1.7236  1.3930e-02  1.4630e-02  1.5860e-02  1.7870e-02  7.8100e-03
  5800.39      1.7240  1.4000e-02  1.4700e-02  1.5940e-02  1.7950e-02  7.8500e-03
  5798.89      1.7245  1.4100e-02  1.4810e-02  1.6050e-02  1.8060e-02  7.8600e-03
  5797.39      1.7249  1.4200e-02  1.4910e-02  1.6150e-02  1.8160e-02  7.8600e-03
  5795.89      1.7254  1.4210e-02  1.4920e-02  1.6160e-02  1.8180e-02  7.8400e-03
  5794.39      1.7258  1.4120e-02  1.4820e-02  1.6060e-02  1.8080e-02  7.7900e-03
  5792.89      1.7263  1.3940e-02  1.4640e-02  1.5880e-02  1.7890e-02  7.7300e-03
  5791.39      1.7267  1.3780e-02  1.4480e-02  1.5710e-02  1.7720e-02  7.6700e-03
  5789.89      1.7271  1.3620e-02  1.4310e-02  1.5540e-02  1.7550e-02  7.6400e-03
  5788.39      1.7276  1.3570e-02  1.4270e-02  1.5490e-02  1.7500e-02  7.6100e-03
  5786.89      1.7280  1.3660e-02  1.4360e-02  1.5590e-02  1.7590e-02  7.6000e-03
  5785.39      1.7285  1.3690e-02  1.4390e-02  1.5620e-02  1.7630e-02  7.6000e-03
  5783.89      1.7289  1.3650e-02  1.4350e-02  1.5580e-02  1.7590e-02  7.6000e-03
  5782.39      1.7294  1.3640e-02  1.4330e-02  1.5560e-02  1.7570e-02  7.6000e-03
  5780.89      1.7298  1.3720e-02  1.4410e-02  1.5640e-02  1.7650e-02  7.6000e-03
  5779.39      1.7303  1.3840e-02  1.4540e-02  1.5770e-02  1.7780e-02  7.5900e-03
  5777.89      1.7307  1.3870e-02  1.4560e-02  1.5800e-02  1.7810e-02  7.5800e-03
  5776.39      1.7312  1.3830e-02  1.4520e-02  1.5750e-02  1.7770e-02  7.5800e-03
  5774.89      1.7316  1.3820e-02  1.4520e-02  1.5750e-02  1.7770e-02  7.5800e-03
  5773.39      1.7321  1.3890e-02  1.4580e-02  1.5820e-02  1.7840e-02  7.5800e-03
  5771.89      1.7325  1.3880e-02  1.4570e-02  1.5810e-02  1.7830e-02  7.5800e-03
  5770.39      1.7330  1.3800e-02  1.4490e-02  1.5720e-02  1.7740e-02  7.5800e-03
  5768.89      1.7334  1.3690e-02  1.4380e-02  1.5610e-02  1.7630e-02  7.5700e-03
  5767.39      1.7339  1.3560e-02  1.4250e-02  1.5480e-02  1.7490e-02  7.5700e-03
  5765.89      1.7343  1.3520e-02  1.4210e-02  1.5430e-02  1.7450e-02  7.5700e-03
  5764.39      1.7348  1.3610e-02  1.4300e-02  1.5530e-02  1.7540e-02  7.5700e-03
  5762.89      1.7352  1.3780e-02  1.4470e-02  1.5700e-02  1.7720e-02  7.5800e-03
  5761.39      1.7357  1.3870e-02  1.4560e-02  1.5800e-02  1.7820e-02  7.5800e-03
  5759.89      1.7361  1.3930e-02  1.4620e-02  1.5860e-02  1.7880e-02  7.6000e-03
  5758.39      1.7366  1.3950e-02  1.4640e-02  1.5880e-02  1.7910e-02  7.6000e-03
  5756.89      1.7370  1.3900e-02  1.4590e-02  1.5830e-02  1.7860e-02  7.6200e-03
  5755.39      1.7375  1.3780e-02  1.4470e-02  1.5700e-02  1.7730e-02  7.6200e-03
  5753.89      1.7380  1.3700e-02  1.4390e-02  1.5620e-02  1.7640e-02  7.6400e-03
  5752.39      1.7384  1.3690e-02  1.4370e-02  1.5610e-02  1.7630e-02  7.6600e-03
  5750.89      1.7389  1.3700e-02  1.4390e-02  1.5620e-02  1.7640e-02  7.6700e-03
  5749.39      1.7393  1.3700e-02  1.4380e-02  1.5610e-02  1.7640e-02  7.6600e-03
  5747.89      1.7398  1.3680e-02  1.4360e-02  1.5590e-02  1.7620e-02  7.6400e-03
  5746.39      1.7402  1.3640e-02  1.4330e-02  1.5560e-02  1.7580e-02  7.6100e-03
  5744.89      1.7407  1.3590e-02  1.4270e-02  1.5500e-02  1.7530e-02  7.5900e-03
  5743.39      1.7411  1.3570e-02  1.4240e-02  1.5470e-02  1.7500e-02  7.5600e-03
  5741.89      1.7416  1.3550e-02  1.4230e-02  1.5460e-02  1.7490e-02  7.5600e-03
  5740.39      1.7420  1.3570e-02  1.4240e-02  1.5470e-02  1.7500e-02  7.5600e-03
  5738.89      1.7425  1.3620e-02  1.4290e-02  1.5520e-02  1.7550e-02  7.5600e-03
  5737.39      1.7430  1.3720e-02  1.4390e-02  1.5630e-02  1.7660e-02  7.5500e-03
  5735.89      1.7434  1.3720e-02  1.4400e-02  1.5640e-02  1.7670e-02  7.5000e-03
  5734.39      1.7439  1.3670e-02  1.4350e-02  1.5580e-02  1.7610e-02  7.4400e-03
  5732.89      1.7443  1.3640e-02  1.4310e-02  1.5540e-02  1.7580e-02  7.3700e-03
  5731.39      1.7448  1.3650e-02  1.4330e-02  1.5560e-02  1.7590e-02  7.2900e-03
  5729.89      1.7452  1.3670e-02  1.4340e-02  1.5580e-02  1.7610e-02  7.2400e-03
  5728.39      1.7457  1.3660e-02  1.4330e-02  1.5570e-02  1.7600e-02  7.2200e-03
  5726.89      1.7461  1.3630e-02  1.4300e-02  1.5540e-02  1.7570e-02  7.2300e-03
  5725.39      1.7466  1.3620e-02  1.4290e-02  1.5520e-02  1.7560e-02  7.2800e-03
  5723.89      1.7471  1.3650e-02  1.4330e-02  1.5560e-02  1.7590e-02  7.3500e-03
  5722.39      1.7475  1.3660e-02  1.4330e-02  1.5560e-02  1.7600e-02  7.4100e-03
  5720.89      1.7480  1.3600e-02  1.4270e-02  1.5500e-02  1.7540e-02  7.4600e-03
  5719.39      1.7484  1.3570e-02  1.4240e-02  1.5470e-02  1.7510e-02  7.5000e-03
  5717.89      1.7489  1.3680e-02  1.4350e-02  1.5580e-02  1.7620e-02  7.5200e-03
  5716.39      1.7494  1.3880e-02  1.4550e-02  1.5790e-02  1.7830e-02  7.5200e-03
  5714.89      1.7498  1.4040e-02  1.4720e-02  1.5960e-02  1.8010e-02  7.5000e-03
  5713.39      1.7503  1.4040e-02  1.4720e-02  1.5960e-02  1.8010e-02  7.4900e-03
  5711.89      1.7507  1.3940e-02  1.4610e-02  1.5850e-02  1.7900e-02  7.4500e-03
  5710.39      1.7512  1.3860e-02  1.4530e-02  1.5770e-02  1.7820e-02  7.4200e-03
  5708.89      1.7517  1.3830e-02  1.4500e-02  1.5740e-02  1.7790e-02  7.3800e-03
  5707.39      1.7521  1.3790e-02  1.4460e-02  1.5690e-02  1.7740e-02  7.3600e-03
  5705.89      1.7526  1.3760e-02  1.4430e-02  1.5670e-02  1.7720e-02  7.3500e-03
  5704.39      1.7530  1.3840e-02  1.4500e-02  1.5740e-02  1.7790e-02  7.3500e-03
  5702.89      1.7535  1.3980e-02  1.4650e-02  1.5890e-02  1.7940e-02  7.3700e-03
  5701.39      1.7540  1.4010e-02  1.4680e-02  1.5920e-02  1.7980e-02  7.3900e-03
  5699.89      1.7544  1.3990e-02  1.4660e-02  1.5900e-02  1.7960e-02  7.4000e-03
  5698.39      1.7549  1.3960e-02  1.4630e-02  1.5870e-02  1.7930e-02  7.4000e-03
  5696.89      1.7553  1.3950e-02  1.4610e-02  1.5860e-02  1.7910e-02  7.3900e-03
  5695.39      1.7558  1.3940e-02  1.4610e-02  1.5850e-02  1.7910e-02  7.3700e-03
  5693.89      1.7563  1.4010e-02  1.4670e-02  1.5910e-02  1.7970e-02  7.3500e-03
  5692.39      1.7567  1.4100e-02  1.4760e-02  1.6010e-02  1.8070e-02  7.3300e-03
  5690.89      1.7572  1.4130e-02  1.4790e-02  1.6040e-02  1.8110e-02  7.3100e-03
  5689.39      1.7577  1.4040e-02  1.4710e-02  1.5950e-02  1.8020e-02  7.2900e-03
  5687.89      1.7581  1.3920e-02  1.4580e-02  1.5820e-02  1.7880e-02  7.2700e-03
  5686.39      1.7586  1.3820e-02  1.4480e-02  1.5720e-02  1.7780e-02  7.2600e-03
  5684.89      1.7591  1.3770e-02  1.4430e-02  1.5670e-02  1.7730e-02  7.2600e-03
  5683.39      1.7595  1.3750e-02  1.4400e-02  1.5640e-02  1.7700e-02  7.2600e-03
  5681.89      1.7600  1.3790e-02  1.4440e-02  1.5680e-02  1.7740e-02  7.2700e-03
  5680.39      1.7604  1.3910e-02  1.4560e-02  1.5800e-02  1.7870e-02  7.2800e-03
  5678.89      1.7609  1.4020e-02  1.4680e-02  1.5930e-02  1.8000e-02  7.3000e-03
  5677.39      1.7614  1.3980e-02  1.4640e-02  1.5880e-02  1.7960e-02  7.3100e-03
  5675.88      1.7618  1.3900e-02  1.4560e-02  1.5800e-02  1.7870e-02  7.3100e-03
  5674.38      1.7623  1.3910e-02  1.4570e-02  1.5810e-02  1.7880e-02  7.3100e-03
  5672.88      1.7628  1.4010e-02  1.4670e-02  1.5920e-02  1.7990e-02  7.3000e-03
  5671.38      1.7632  1.4080e-02  1.4740e-02  1.5990e-02  1.8070e-02  7.2800e-03
  5669.88      1.7637  1.4020e-02  1.4680e-02  1.5920e-02  1.8000e-02  7.2800e-03
  5668.38      1.7642  1.3930e-02  1.4580e-02  1.5820e-02  1.7900e-02  7.2900e-03
  5666.88      1.7646  1.3940e-02  1.4600e-02  1.5840e-02  1.7920e-02  7.3200e-03
  5665.38      1.7651  1.4050e-02  1.4700e-02  1.5950e-02  1.8030e-02  7.3500e-03
  5663.88      1.7656  1.4030e-02  1.4680e-02  1.5930e-02  1.8010e-02  7.3900e-03
  5662.38      1.7660  1.3920e-02  1.4570e-02  1.5810e-02  1.7890e-02  7.4200e-03
  5660.88      1.7665  1.3830e-02  1.4480e-02  1.5730e-02  1.7800e-02  7.4300e-03
  5659.38      1.7670  1.3850e-02  1.4500e-02  1.5740e-02  1.7820e-02  7.4100e-03
  5657.88      1.7674  1.3850e-02  1.4500e-02  1.5740e-02  1.7820e-02  7.3700e-03
  5656.38      1.7679  1.3780e-02  1.4430e-02  1.5670e-02  1.7750e-02  7.3200e-03
  5654.88      1.7684  1.3710e-02  1.4360e-02  1.5600e-02  1.7680e-02  7.2700e-03
  5653.38      1.7689  1.3770e-02  1.4420e-02  1.5660e-02  1.7740e-02  7.2300e-03
  5651.88      1.7693  1.3750e-02  1.4400e-02  1.5640e-02  1.7720e-02  7.2100e-03
  5650.38      1.7698  1.3630e-02  1.4270e-02  1.5510e-02  1.7590e-02  7.2100e-03
  5648.88      1.7703  1.3540e-02  1.4180e-02  1.5410e-02  1.7490e-02  7.2200e-03
  5647.38      1.7707  1.3590e-02  1.4230e-02  1.5460e-02  1.7540e-02  7.2400e-03
  5645.88      1.7712  1.3660e-02  1.4300e-02  1.5540e-02  1.7620e-02  7.2400e-03
  5644.38      1.7717  1.3610e-02  1.4250e-02  1.5490e-02  1.7570e-02  7.2300e-03
  5642.88      1.7721  1.3470e-02  1.4110e-02  1.5340e-02  1.7430e-02  7.1900e-03
  5641.38      1.7726  1.3460e-02  1.4090e-02  1.5330e-02  1.7410e-02  7.1500e-03
  5639.88      1.7731  1.3630e-02  1.4260e-02  1.5500e-02  1.7580e-02  7.1100e-03
  5638.38      1.7736  1.3850e-02  1.4490e-02  1.5730e-02  1.7830e-02  7.0900e-03
  5636.88      1.7740  1.3980e-02  1.4610e-02  1.5860e-02  1.7960e-02  7.0900e-03
  5635.38      1.7745  1.3940e-02  1.4580e-02  1.5830e-02  1.7930e-02  7.1200e-03
  5633.88      1.7750  1.3840e-02  1.4470e-02  1.5720e-02  1.7810e-02  7.1600e-03
  5632.38      1.7754  1.3710e-02  1.4350e-02  1.5590e-02  1.7680e-02  7.1900e-03
  5630.88      1.7759  1.3600e-02  1.4230e-02  1.5470e-02  1.7560e-02  7.2200e-03
  5629.38      1.7764  1.3510e-02  1.4140e-02  1.5380e-02  1.7470e-02  7.2400e-03
  5627.88      1.7769  1.3520e-02  1.4150e-02  1.5390e-02  1.7480e-02  7.2500e-03
  5626.38      1.7773  1.3540e-02  1.4170e-02  1.5410e-02  1.7500e-02  7.2400e-03
  5624.88      1.7778  1.3520e-02  1.4150e-02  1.5390e-02  1.7480e-02  7.2100e-03
  5623.38      1.7783  1.3550e-02  1.4170e-02  1.5410e-02  1.7510e-02  7.1900e-03
  5621.88      1.7788  1.3620e-02  1.4240e-02  1.5480e-02  1.7580e-02  7.1500e-03
  5620.38      1.7792  1.3630e-02  1.4260e-02  1.5500e-02  1.7600e-02  7.1100e-03
  5618.88      1.7797  1.3580e-02  1.4200e-02  1.5440e-02  1.7540e-02  7.0800e-03
  5617.38      1.7802  1.3580e-02  1.4200e-02  1.5440e-02  1.7540e-02  7.0600e-03
  5615.88      1.7807  1.3640e-02  1.4260e-02  1.5500e-02  1.7610e-02  7.0500e-03
  5614.38      1.7811  1.3690e-02  1.4310e-02  1.5560e-02  1.7660e-02  7.0600e-03
  5612.88      1.7816  1.3670e-02  1.4290e-02  1.5530e-02  1.7640e-02  7.0700e-03
  5611.38      1.7821  1.3620e-02  1.4240e-02  1.5480e-02  1.7590e-02  7.0900e-03
  5609.88      1.7826  1.3730e-02  1.4350e-02  1.5590e-02  1.7700e-02  7.1000e-03
  5608.38      1.7830  1.3890e-02  1.4520e-02  1.5760e-02  1.7880e-02  7.1000e-03
  5606.88      1.7835  1.3920e-02  1.4540e-02  1.5790e-02  1.7910e-02  7.1000e-03
  5605.38      1.7840  1.3690e-02  1.4310e-02  1.5550e-02  1.7670e-02  7.1000e-03
  5603.88      1.7845  1.3500e-02  1.4110e-02  1.5350e-02  1.7470e-02  7.0800e-03
  5602.38      1.7850  1.3410e-02  1.4020e-02  1.5260e-02  1.7370e-02  7.0700e-03
  5600.88      1.7854  1.3340e-02  1.3950e-02  1.5180e-02  1.7290e-02  7.0400e-03
  5599.38      1.7859  1.3250e-02  1.3860e-02  1.5090e-02  1.7200e-02  7.0100e-03
  5597.88      1.7864  1.3310e-02  1.3920e-02  1.5160e-02  1.7270e-02  6.9700e-03
  5596.38      1.7869  1.3470e-02  1.4080e-02  1.5310e-02  1.7430e-02  6.9400e-03
  5594.88      1.7873  1.3570e-02  1.4180e-02  1.5420e-02  1.7540e-02  6.9200e-03
  5593.38      1.7878  1.3570e-02  1.4180e-02  1.5420e-02  1.7540e-02  6.9200e-03
  5591.88      1.7883  1.3530e-02  1.4140e-02  1.5380e-02  1.7500e-02  6.9300e-03
  5590.38      1.7888  1.3500e-02  1.4100e-02  1.5340e-02  1.7470e-02  6.9500e-03
  5588.88      1.7893  1.3480e-02  1.4080e-02  1.5320e-02  1.7450e-02  6.9600e-03
  5587.38      1.7897  1.3500e-02  1.4100e-02  1.5340e-02  1.7470e-02  6.9800e-03
  5585.88      1.7902  1.3600e-02  1.4210e-02  1.5450e-02  1.7580e-02  6.9800e-03
  5584.38      1.7907  1.3700e-02  1.4310e-02  1.5550e-02  1.7680e-02  6.9700e-03
  5582.88      1.7912  1.3700e-02  1.4300e-02  1.5550e-02  1.7680e-02  6.9400e-03
  5581.38      1.7917  1.3620e-02  1.4230e-02  1.5470e-02  1.7600e-02  6.9300e-03
  5579.88      1.7922  1.3630e-02  1.4230e-02  1.5480e-02  1.7610e-02  6.9300e-03
  5578.38      1.7926  1.3670e-02  1.4270e-02  1.5520e-02  1.7660e-02  6.9300e-03
  5576.88      1.7931  1.3640e-02  1.4240e-02  1.5490e-02  1.7630e-02  6.9400e-03
  5575.38      1.7936  1.3570e-02  1.4170e-02  1.5410e-02  1.7550e-02  6.9500e-03
  5573.88      1.7941  1.3540e-02  1.4140e-02  1.5380e-02  1.7520e-02  6.9700e-03
  5572.38      1.7946  1.3560e-02  1.4150e-02  1.5400e-02  1.7540e-02  6.9800e-03
  5570.88      1.7950  1.3570e-02  1.4170e-02  1.5410e-02  1.7550e-02  6.9800e-03
  5569.38      1.7955  1.3530e-02  1.4120e-02  1.5370e-02  1.7510e-02  6.9800e-03
  5567.88      1.7960  1.3490e-02  1.4090e-02  1.5330e-02  1.7470e-02  6.9700e-03
  5566.38      1.7965  1.3560e-02  1.4150e-02  1.5390e-02  1.7540e-02  6.9700e-03
  5564.88      1.7970  1.3720e-02  1.4320e-02  1.5560e-02  1.7710e-02  6.9400e-03
  5563.38      1.7975  1.3850e-02  1.4450e-02  1.5700e-02  1.7860e-02  6.9200e-03
  5561.88      1.7980  1.3920e-02  1.4520e-02  1.5770e-02  1.7930e-02  6.9100e-03
  5560.38      1.7984  1.3870e-02  1.4470e-02  1.5720e-02  1.7880e-02  6.9000e-03
  5558.88      1.7989  1.3710e-02  1.4300e-02  1.5550e-02  1.7720e-02  6.8900e-03
  5557.38      1.7994  1.3600e-02  1.4190e-02  1.5430e-02  1.7590e-02  6.8900e-03
  5555.88      1.7999  1.3600e-02  1.4190e-02  1.5430e-02  1.7590e-02  6.8900e-03
  5554.38      1.8004  1.3630e-02  1.4220e-02  1.5470e-02  1.7630e-02  6.8900e-03
  5552.88      1.8009  1.3640e-02  1.4220e-02  1.5470e-02  1.7640e-02  6.8900e-03
  5551.38      1.8014  1.3660e-02  1.4240e-02  1.5490e-02  1.7660e-02  6.9000e-03
  5549.88      1.8018  1.3710e-02  1.4300e-02  1.5550e-02  1.7720e-02  6.9100e-03
  5548.38      1.8023  1.3730e-02  1.4320e-02  1.5570e-02  1.7740e-02  6.9100e-03
  5546.88      1.8028  1.3680e-02  1.4260e-02  1.5510e-02  1.7690e-02  6.9100e-03
  5545.38      1.8033  1.3620e-02  1.4200e-02  1.5450e-02  1.7620e-02  6.9000e-03
  5543.88      1.8038  1.3530e-02  1.4100e-02  1.5350e-02  1.7530e-02  6.8900e-03
  5542.38      1.8043  1.3440e-02  1.4020e-02  1.5260e-02  1.7440e-02  6.8700e-03
  5540.88      1.8048  1.3440e-02  1.4010e-02  1.5260e-02  1.7430e-02  6.8700e-03
  5539.38      1.8053  1.3510e-02  1.4090e-02  1.5340e-02  1.7520e-02  6.8700e-03
  5537.87      1.8057  1.3470e-02  1.4040e-02  1.5290e-02  1.7470e-02  6.8800e-03
  5536.37      1.8062  1.3330e-02  1.3900e-02  1.5150e-02  1.7330e-02  6.8900e-03
  5534.87      1.8067  1.3260e-02  1.3830e-02  1.5070e-02  1.7250e-02  6.8900e-03
  5533.37      1.8072  1.3340e-02  1.3910e-02  1.5150e-02  1.7340e-02  6.8800e-03
  5531.87      1.8077  1.3430e-02  1.4000e-02  1.5240e-02  1.7430e-02  6.8600e-03
  5530.37      1.8082  1.3410e-02  1.3980e-02  1.5230e-02  1.7420e-02  6.8400e-03
  5528.87      1.8087  1.3330e-02  1.3900e-02  1.5140e-02  1.7340e-02  6.8200e-03
  5527.37      1.8092  1.3370e-02  1.3930e-02  1.5180e-02  1.7370e-02  6.8200e-03
  5525.87      1.8097  1.3390e-02  1.3950e-02  1.5200e-02  1.7400e-02  6.8200e-03
  5524.37      1.8102  1.3310e-02  1.3880e-02  1.5120e-02  1.7320e-02  6.8200e-03
  5522.87      1.8107  1.3190e-02  1.3750e-02  1.4990e-02  1.7190e-02  6.8200e-03
  5521.37      1.8111  1.3180e-02  1.3730e-02  1.4970e-02  1.7170e-02  6.8100e-03
  5519.87      1.8116  1.3310e-02  1.3870e-02  1.5110e-02  1.7320e-02  6.8000e-03
  5518.37      1.8121  1.3410e-02  1.3960e-02  1.5210e-02  1.7420e-02  6.7900e-03
  5516.87      1.8126  1.3370e-02  1.3930e-02  1.5170e-02  1.7390e-02  6.7900e-03
  5515.37      1.8131  1.3390e-02  1.3940e-02  1.5190e-02  1.7410e-02  6.8000e-03
  5513.87      1.8136  1.3470e-02  1.4030e-02  1.5270e-02  1.7500e-02  6.8200e-03
  5512.37      1.8141  1.3530e-02  1.4080e-02  1.5330e-02  1.7560e-02  6.8500e-03
  5510.87      1.8146  1.3440e-02  1.4000e-02  1.5240e-02  1.7480e-02  6.8600e-03
  5509.37      1.8151  1.3150e-02  1.3700e-02  1.4940e-02  1.7170e-02  6.8600e-03
  5507.87      1.8156  1.2900e-02  1.3440e-02  1.4670e-02  1.6900e-02  6.8400e-03
  5506.37      1.8161  1.2850e-02  1.3390e-02  1.4630e-02  1.6850e-02  6.8100e-03
  5504.87      1.8166  1.3050e-02  1.3590e-02  1.4830e-02  1.7060e-02  6.7500e-03
  5503.37      1.8171  1.3370e-02  1.3910e-02  1.5160e-02  1.7410e-02  6.6900e-03
  5501.87      1.8176  1.3500e-02  1.4050e-02  1.5300e-02  1.7560e-02  6.6400e-03
  5500.37      1.8181  1.3450e-02  1.4000e-02  1.5250e-02  1.7510e-02  6.5900e-03
  5498.87      1.8186  1.3370e-02  1.3920e-02  1.5160e-02  1.7440e-02  6.5400e-03
  5497.37      1.8191  1.3420e-02  1.3970e-02  1.5210e-02  1.7500e-02  6.5000e-03
  5495.87      1.8195  1.3400e-02  1.3940e-02  1.5190e-02  1.7490e-02  6.4800e-03
  5494.37      1.8200  1.3100e-02  1.3640e-02  1.4880e-02  1.7180e-02  6.4700e-03
  5492.87      1.8205  1.2630e-02  1.3160e-02  1.4390e-02  1.6680e-02  6.4900e-03
  5491.37      1.8210  1.2480e-02  1.3000e-02  1.4230e-02  1.6520e-02  6.5200e-03
  5489.87      1.8215  1.2560e-02  1.3090e-02  1.4320e-02  1.6610e-02  6.5600e-03
  5488.37      1.8220  1.2720e-02  1.3240e-02  1.4470e-02  1.6780e-02  6.6000e-03
  5486.87      1.8225  1.2890e-02  1.3420e-02  1.4650e-02  1.6960e-02  6.6400e-03
  5485.37      1.8230  1.3160e-02  1.3690e-02  1.4930e-02  1.7240e-02  6.6700e-03
  5483.87      1.8235  1.3440e-02  1.3970e-02  1.5220e-02  1.7530e-02  6.6800e-03
  5482.37      1.8240  1.3640e-02  1.4180e-02  1.5430e-02  1.7750e-02  6.6700e-03
  5480.87      1.8245  1.3790e-02  1.4320e-02  1.5580e-02  1.7890e-02  6.6500e-03
  5479.37      1.8250  1.3850e-02  1.4390e-02  1.5650e-02  1.7960e-02  6.6100e-03
  5477.87      1.8255  1.3420e-02  1.3950e-02  1.5200e-02  1.7520e-02  6.5700e-03
  5476.37      1.8260  1.2660e-02  1.3170e-02  1.4410e-02  1.6720e-02  6.5100e-03
  5474.87      1.8265  1.2200e-02  1.2710e-02  1.3930e-02  1.6250e-02  6.4700e-03
  5473.37      1.8270  1.2570e-02  1.3080e-02  1.4310e-02  1.6660e-02  6.4600e-03
  5471.87      1.8275  1.3230e-02  1.3750e-02  1.4990e-02  1.7340e-02  6.4500e-03
  5470.37      1.8280  1.3610e-02  1.4130e-02  1.5390e-02  1.7690e-02  6.4400e-03
  5468.87      1.8285  1.3510e-02  1.4030e-02  1.5280e-02  1.7570e-02  6.4100e-03
  5467.37      1.8290  1.3270e-02  1.3780e-02  1.5030e-02  1.7330e-02  6.3800e-03
  5465.87      1.8295  1.3190e-02  1.3700e-02  1.4950e-02  1.7260e-02  6.3400e-03
  5464.37      1.8300  1.3180e-02  1.3690e-02  1.4940e-02  1.7240e-02  6.3000e-03
  5462.87      1.8305  1.3010e-02  1.3520e-02  1.4770e-02  1.7050e-02  6.2800e-03
  5461.37      1.8310  1.2670e-02  1.3180e-02  1.4410e-02  1.6690e-02  6.2900e-03
  5459.87      1.8315  1.2610e-02  1.3110e-02  1.4340e-02  1.6640e-02  6.3400e-03
  5458.37      1.8320  1.2820e-02  1.3320e-02  1.4560e-02  1.6910e-02  6.4100e-03
  5456.87      1.8326  1.3110e-02  1.3620e-02  1.4860e-02  1.7210e-02  6.4700e-03
  5455.37      1.8331  1.3380e-02  1.3890e-02  1.5140e-02  1.7400e-02  6.5200e-03
  5453.87      1.8336  1.3630e-02  1.4140e-02  1.5400e-02  1.7580e-02  6.5400e-03
  5452.37      1.8341  1.3710e-02  1.4220e-02  1.5480e-02  1.7650e-02  6.5200e-03
  5450.87      1.8346  1.3490e-02  1.4000e-02  1.5260e-02  1.7470e-02  6.4900e-03
  5449.37      1.8351  1.3060e-02  1.3560e-02  1.4810e-02  1.7060e-02  6.4600e-03
  5447.87      1.8356  1.2550e-02  1.3040e-02  1.4280e-02  1.6590e-02  6.4400e-03
  5446.37      1.8361  1.2240e-02  1.2720e-02  1.3950e-02  1.6300e-02  6.4500e-03
  5444.87      1.8366  1.2240e-02  1.2720e-02  1.3950e-02  1.6310e-02  6.4900e-03
  5443.37      1.8371  1.2360e-02  1.2840e-02  1.4070e-02  1.6410e-02  6.5200e-03
  5441.87      1.8376  1.2390e-02  1.2870e-02  1.4100e-02  1.6430e-02  6.5500e-03
  5440.37      1.8381  1.2630e-02  1.3110e-02  1.4350e-02  1.6670e-02  6.5500e-03
  5438.87      1.8386  1.3080e-02  1.3570e-02  1.4820e-02  1.7130e-02  6.5300e-03
  5437.37      1.8391  1.3140e-02  1.3620e-02  1.4870e-02  1.7160e-02  6.4900e-03
  5435.87      1.8396  1.2720e-02  1.3210e-02  1.4450e-02  1.6730e-02  6.4200e-03
  5434.37      1.8401  1.2430e-02  1.2900e-02  1.4140e-02  1.6470e-02  6.3700e-03
  5432.87      1.8406  1.2570e-02  1.3050e-02  1.4280e-02  1.6620e-02  6.3500e-03
  5431.37      1.8412  1.2760e-02  1.3240e-02  1.4480e-02  1.6760e-02  6.3400e-03
  5429.87      1.8417  1.2410e-02  1.2880e-02  1.4120e-02  1.6420e-02  6.3500e-03
  5428.37      1.8422  1.1970e-02  1.2430e-02  1.3650e-02  1.6050e-02  6.3800e-03
  5426.87      1.8427  1.2110e-02  1.2570e-02  1.3800e-02  1.6180e-02  6.4300e-03
  5425.37      1.8432  1.2840e-02  1.3310e-02  1.4550e-02  1.6780e-02  6.4700e-03
  5423.87      1.8437  1.3360e-02  1.3840e-02  1.5090e-02  1.7220e-02  6.4900e-03
  5422.37      1.8442  1.3530e-02  1.4010e-02  1.5270e-02  1.7420e-02  6.4900e-03
  5420.87      1.8447  1.3580e-02  1.4060e-02  1.5320e-02  1.7490e-02  6.4600e-03
  5419.37      1.8452  1.3730e-02  1.4210e-02  1.5470e-02  1.7580e-02  6.4100e-03
  5417.87      1.8457  1.3730e-02  1.4210e-02  1.5480e-02  1.7540e-02  6.3400e-03
  5416.37      1.8463  1.3230e-02  1.3700e-02  1.4960e-02  1.7110e-02  6.2500e-03
  5414.87      1.8468  1.2240e-02  1.2700e-02  1.3930e-02  1.6290e-02  6.1700e-03
  5413.37      1.8473  1.1420e-02  1.1860e-02  1.3070e-02  1.5600e-02  6.1300e-03
  5411.87      1.8478  1.1170e-02  1.1600e-02  1.2810e-02  1.5400e-02  6.1300e-03
  5410.37      1.8483  1.1570e-02  1.2010e-02  1.3220e-02  1.5730e-02  6.1500e-03
  5408.87      1.8488  1.2360e-02  1.2800e-02  1.4040e-02  1.6360e-02  6.2100e-03
  5407.36      1.8493  1.3030e-02  1.3490e-02  1.4730e-02  1.6880e-02  6.2700e-03
  5405.86      1.8498  1.3320e-02  1.3780e-02  1.5040e-02  1.7060e-02  6.3300e-03
  5404.36      1.8504  1.3210e-02  1.3670e-02  1.4930e-02  1.6940e-02  6.3700e-03
  5402.86      1.8509  1.2960e-02  1.3410e-02  1.4660e-02  1.6720e-02  6.3700e-03
  5401.36      1.8514  1.2910e-02  1.3360e-02  1.4610e-02  1.6720e-02  6.3300e-03
  5399.86      1.8519  1.3030e-02  1.3480e-02  1.4730e-02  1.6850e-02  6.2800e-03
  5398.36      1.8524  1.2990e-02  1.3440e-02  1.4690e-02  1.6810e-02  6.2200e-03
  5396.86      1.8529  1.2530e-02  1.2970e-02  1.4210e-02  1.6410e-02  6.1600e-03
  5395.36      1.8534  1.1770e-02  1.2190e-02  1.3410e-02  1.5820e-02  6.1100e-03
  5393.86      1.8540  1.1400e-02  1.1810e-02  1.3030e-02  1.5610e-02  6.0900e-03
  5392.36      1.8545  1.1840e-02  1.2260e-02  1.3480e-02  1.6080e-02  6.0600e-03
  5390.86      1.8550  1.2840e-02  1.3270e-02  1.4520e-02  1.6970e-02  6.0400e-03
  5389.36      1.8555  1.3430e-02  1.3870e-02  1.5140e-02  1.7410e-02  6.0200e-03
  5387.86      1.8560  1.3000e-02  1.3430e-02  1.4690e-02  1.6950e-02  6.0000e-03
  5386.36      1.8565  1.2130e-02  1.2550e-02  1.3790e-02  1.6140e-02  5.9900e-03
  5384.86      1.8571  1.1740e-02  1.2140e-02  1.3370e-02  1.5760e-02  6.0000e-03
  5383.36      1.8576  1.2260e-02  1.2670e-02  1.3900e-02  1.6170e-02  6.0200e-03
  5381.86      1.8581  1.3090e-02  1.3510e-02  1.4770e-02  1.6870e-02  6.0400e-03
  5380.36      1.8586  1.3400e-02  1.3830e-02  1.5100e-02  1.7190e-02  6.0400e-03
  5378.86      1.8591  1.2850e-02  1.3270e-02  1.4520e-02  1.6780e-02  6.0300e-03
  5377.36      1.8596  1.1800e-02  1.2200e-02  1.3440e-02  1.5900e-02  6.0000e-03
  5375.86      1.8602  1.1270e-02  1.1670e-02  1.2880e-02  1.5410e-02  5.9800e-03
  5374.36      1.8607  1.1610e-02  1.2000e-02  1.3220e-02  1.5600e-02  5.9700e-03
  5372.86      1.8612  1.2440e-02  1.2840e-02  1.4080e-02  1.6140e-02  5.9800e-03
  5371.36      1.8617  1.3060e-02  1.3470e-02  1.4730e-02  1.6580e-02  6.0100e-03
  5369.86      1.8622  1.3170e-02  1.3580e-02  1.4840e-02  1.6740e-02  6.0400e-03
  5368.36      1.8628  1.2970e-02  1.3370e-02  1.4630e-02  1.6700e-02  6.0700e-03
  5366.86      1.8633  1.2730e-02  1.3130e-02  1.4380e-02  1.6490e-02  6.0800e-03
  5365.36      1.8638  1.2500e-02  1.2890e-02  1.4140e-02  1.6180e-02  6.1100e-03
  5363.86      1.8643  1.2220e-02  1.2610e-02  1.3850e-02  1.5930e-02  6.1300e-03
  5362.36      1.8648  1.2100e-02  1.2490e-02  1.3730e-02  1.5880e-02  6.1400e-03
  5360.86      1.8654  1.2340e-02  1.2730e-02  1.3970e-02  1.6060e-02  6.1700e-03
  5359.36      1.8659  1.2810e-02  1.3210e-02  1.4460e-02  1.6410e-02  6.1800e-03
  5357.86      1.8664  1.3230e-02  1.3630e-02  1.4890e-02  1.6750e-02  6.1600e-03
  5356.36      1.8669  1.2990e-02  1.3390e-02  1.4650e-02  1.6580e-02  6.1500e-03
  5354.86      1.8675  1.2080e-02  1.2460e-02  1.3700e-02  1.5880e-02  6.1200e-03
  5353.36      1.8680  1.1350e-02  1.1710e-02  1.2940e-02  1.5480e-02  6.0900e-03
  5351.86      1.8685  1.1530e-02  1.1900e-02  1.3120e-02  1.5850e-02  6.0600e-03
  5350.36      1.8690  1.2350e-02  1.2730e-02  1.3970e-02  1.6500e-02  6.0400e-03
  5348.86      1.8696  1.2980e-02  1.3360e-02  1.4620e-02  1.6760e-02  6.0200e-03
  5347.36      1.8701  1.2740e-02  1.3110e-02  1.4370e-02  1.6330e-02  5.9900e-03
  5345.86      1.8706  1.1700e-02  1.2050e-02  1.3290e-02  1.5440e-02  5.9400e-03
  5344.36      1.8711  1.1090e-02  1.1430e-02  1.2650e-02  1.5170e-02  5.9100e-03
  5342.86      1.8717  1.1630e-02  1.1990e-02  1.3210e-02  1.5960e-02  5.9000e-03
  5341.36      1.8722  1.2420e-02  1.2780e-02  1.4030e-02  1.6690e-02  5.8900e-03
  5339.86      1.8727  1.2150e-02  1.2510e-02  1.3750e-02  1.6290e-02  5.8800e-03
  5338.36      1.8732  1.1300e-02  1.1640e-02  1.2860e-02  1.5450e-02  5.8600e-03
  5336.86      1.8738  1.0960e-02  1.1290e-02  1.2500e-02  1.5200e-02  5.8500e-03
  5335.36      1.8743  1.1640e-02  1.1980e-02  1.3210e-02  1.5720e-02  5.8400e-03
  5333.86      1.8748  1.2370e-02  1.2720e-02  1.3970e-02  1.6180e-02  5.8100e-03
  5332.36      1.8753  1.2660e-02  1.3010e-02  1.4260e-02  1.6350e-02  5.7700e-03
  5330.86      1.8759  1.2460e-02  1.2810e-02  1.4070e-02  1.6370e-02  5.7500e-03
  5329.36      1.8764  1.1990e-02  1.2330e-02  1.3570e-02  1.6210e-02  5.7500e-03
  5327.86      1.8769  1.1460e-02  1.1780e-02  1.3010e-02  1.5800e-02  5.7600e-03
  5326.36      1.8775  1.1320e-02  1.1640e-02  1.2870e-02  1.5510e-02  5.7800e-03
  5324.86      1.8780  1.1710e-02  1.2040e-02  1.3270e-02  1.5650e-02  5.8200e-03
  5323.36      1.8785  1.2200e-02  1.2530e-02  1.3780e-02  1.6000e-02  5.8500e-03
  5321.86      1.8790  1.2430e-02  1.2770e-02  1.4020e-02  1.6190e-02  5.8800e-03
  5320.36      1.8796  1.2440e-02  1.2770e-02  1.4030e-02  1.6170e-02  5.8900e-03
  5318.86      1.8801  1.2340e-02  1.2660e-02  1.3920e-02  1.6080e-02  5.8900e-03
  5317.36      1.8806  1.2150e-02  1.2470e-02  1.3720e-02  1.6010e-02  5.8600e-03
  5315.86      1.8812  1.2060e-02  1.2370e-02  1.3620e-02  1.5990e-02  5.8300e-03
  5314.36      1.8817  1.2090e-02  1.2400e-02  1.3650e-02  1.5980e-02  5.8000e-03
  5312.86      1.8822  1.2210e-02  1.2530e-02  1.3780e-02  1.6020e-02  5.7600e-03
  5311.36      1.8828  1.2370e-02  1.2680e-02  1.3930e-02  1.6120e-02  5.7200e-03
  5309.86      1.8833  1.2240e-02  1.2550e-02  1.3800e-02  1.6130e-02  5.6800e-03
  5308.36      1.8838  1.1880e-02  1.2180e-02  1.3430e-02  1.6020e-02  5.6500e-03
  5306.86      1.8844  1.1620e-02  1.1910e-02  1.3150e-02  1.5920e-02  5.6400e-03
  5305.36      1.8849  1.1790e-02  1.2080e-02  1.3320e-02  1.5940e-02  5.6400e-03
  5303.86      1.8854  1.2120e-02  1.2420e-02  1.3670e-02  1.5890e-02  5.6600e-03
  5302.36      1.8860  1.2270e-02  1.2560e-02  1.3820e-02  1.5770e-02  5.6800e-03
  5300.86      1.8865  1.2120e-02  1.2410e-02  1.3660e-02  1.5700e-02  5.7100e-03
  5299.36      1.8870  1.1890e-02  1.2170e-02  1.3420e-02  1.5770e-02  5.7400e-03
  5297.86      1.8876  1.1910e-02  1.2190e-02  1.3440e-02  1.5950e-02  5.7600e-03
  5296.36      1.8881  1.2170e-02  1.2450e-02  1.3710e-02  1.6150e-02  5.7600e-03
  5294.86      1.8886  1.2420e-02  1.2700e-02  1.3970e-02  1.6270e-02  5.7600e-03
  5293.36      1.8892  1.2350e-02  1.2630e-02  1.3890e-02  1.6180e-02  5.7300e-03
  5291.86      1.8897  1.1870e-02  1.2140e-02  1.3390e-02  1.5760e-02  5.7000e-03
  5290.36      1.8902  1.1470e-02  1.1730e-02  1.2970e-02  1.5390e-02  5.6800e-03
  5288.86      1.8908  1.1560e-02  1.1810e-02  1.3060e-02  1.5480e-02  5.6700e-03
  5287.36      1.8913  1.1950e-02  1.2210e-02  1.3460e-02  1.5740e-02  5.6700e-03
  5285.86      1.8918  1.2110e-02  1.2370e-02  1.3620e-02  1.5760e-02  5.6700e-03
  5284.36      1.8924  1.2040e-02  1.2300e-02  1.3560e-02  1.5760e-02  5.6900e-03
  5282.86      1.8929  1.1950e-02  1.2200e-02  1.3460e-02  1.5830e-02  5.7200e-03
  5281.36      1.8935  1.1930e-02  1.2170e-02  1.3430e-02  1.5720e-02  5.7400e-03
  5279.86      1.8940  1.1950e-02  1.2200e-02  1.3450e-02  1.5500e-02  5.7700e-03
  5278.36      1.8945  1.2040e-02  1.2280e-02  1.3540e-02  1.5510e-02  5.8100e-03
  5276.86      1.8951  1.2150e-02  1.2390e-02  1.3650e-02  1.5680e-02  5.8400e-03
  5275.35      1.8956  1.2220e-02  1.2460e-02  1.3720e-02  1.5800e-02  5.8600e-03
  5273.85      1.8961  1.2230e-02  1.2470e-02  1.3740e-02  1.5840e-02  5.8700e-03
  5272.35      1.8967  1.2170e-02  1.2400e-02  1.3670e-02  1.5740e-02  5.8600e-03
  5270.85      1.8972  1.2060e-02  1.2290e-02  1.3550e-02  1.5580e-02  5.8200e-03
  5269.35      1.8978  1.2030e-02  1.2250e-02  1.3520e-02  1.5650e-02  5.7500e-03
  5267.85      1.8983  1.2050e-02  1.2270e-02  1.3540e-02  1.5910e-02  5.7000e-03
  5266.35      1.8988  1.1790e-02  1.1990e-02  1.3260e-02  1.5830e-02  5.6500e-03
  5264.85      1.8994  1.1150e-02  1.1350e-02  1.2600e-02  1.5280e-02  5.6400e-03
  5263.35      1.8999  1.0650e-02  1.0830e-02  1.2070e-02  1.4910e-02  5.6500e-03
  5261.85      1.9005  1.0910e-02  1.1090e-02  1.2330e-02  1.5150e-02  5.6900e-03
  5260.35      1.9010  1.1820e-02  1.2020e-02  1.3280e-02  1.5700e-02  5.7300e-03
  5258.85      1.9016  1.2730e-02  1.2940e-02  1.4220e-02  1.6030e-02  5.7600e-03
  5257.35      1.9021  1.2840e-02  1.3040e-02  1.4330e-02  1.5880e-02  5.7600e-03
  5255.85      1.9026  1.2190e-02  1.2380e-02  1.3660e-02  1.5510e-02  5.7400e-03
  5254.35      1.9032  1.1740e-02  1.1920e-02  1.3180e-02  1.5460e-02  5.7100e-03
  5252.85      1.9037  1.2050e-02  1.2230e-02  1.3500e-02  1.5800e-02  5.6800e-03
  5251.35      1.9043  1.2600e-02  1.2780e-02  1.4070e-02  1.6020e-02  5.6700e-03
  5249.85      1.9048  1.2410e-02  1.2580e-02  1.3870e-02  1.5690e-02  5.6600e-03
  5248.35      1.9054  1.1690e-02  1.1850e-02  1.3120e-02  1.5150e-02  5.6700e-03
  5246.85      1.9059  1.1110e-02  1.1260e-02  1.2520e-02  1.4910e-02  5.6900e-03
  5245.35      1.9064  1.1060e-02  1.1190e-02  1.2450e-02  1.4990e-02  5.7000e-03
  5243.85      1.9070  1.1370e-02  1.1510e-02  1.2770e-02  1.5150e-02  5.7300e-03
  5242.35      1.9075  1.1880e-02  1.2020e-02  1.3300e-02  1.5360e-02  5.7500e-03
  5240.85      1.9081  1.2330e-02  1.2480e-02  1.3760e-02  1.5600e-02  5.7600e-03
  5239.35      1.9086  1.2450e-02  1.2600e-02  1.3890e-02  1.5780e-02  5.7700e-03
  5237.85      1.9092  1.2400e-02  1.2540e-02  1.3830e-02  1.5950e-02  5.7600e-03
  5236.35      1.9097  1.2280e-02  1.2410e-02  1.3700e-02  1.5990e-02  5.7400e-03
  5234.85      1.9103  1.2090e-02  1.2210e-02  1.3500e-02  1.5830e-02  5.7100e-03
  5233.35      1.9108  1.1760e-02  1.1870e-02  1.3150e-02  1.5560e-02  5.6800e-03
  5231.85      1.9114  1.1620e-02  1.1720e-02  1.3010e-02  1.5410e-02  5.6500e-03
  5230.35      1.9119  1.1840e-02  1.1950e-02  1.3230e-02  1.5530e-02  5.6300e-03
  5228.85      1.9125  1.2150e-02  1.2250e-02  1.3550e-02  1.5660e-02  5.6100e-03
  5227.35      1.9130  1.1910e-02  1.2000e-02  1.3300e-02  1.5370e-02  5.6000e-03
  5225.85      1.9136  1.1460e-02  1.1530e-02  1.2820e-02  1.5050e-02  5.5800e-03
  5224.35      1.9141  1.1350e-02  1.1420e-02  1.2700e-02  1.5230e-02  5.5800e-03
  5222.85      1.9147  1.1760e-02  1.1830e-02  1.3120e-02  1.5640e-02  5.6100e-03
  5221.35      1.9152  1.2190e-02  1.2260e-02  1.3560e-02  1.5820e-02  5.6300e-03
  5219.85      1.9158  1.2190e-02  1.2260e-02  1.3560e-02  1.5740e-02  5.6600e-03
  5218.35      1.9163  1.1980e-02  1.2040e-02  1.3340e-02  1.5600e-02  5.6800e-03
  5216.85      1.9169  1.1950e-02  1.2000e-02  1.3300e-02  1.5590e-02  5.6800e-03
  5215.35      1.9174  1.2230e-02  1.2270e-02  1.3580e-02  1.5790e-02  5.6400e-03
  5213.85      1.9180  1.2570e-02  1.2610e-02  1.3930e-02  1.6020e-02  5.5500e-03
  5212.35      1.9185  1.2780e-02  1.2820e-02  1.4150e-02  1.6120e-02  5.4200e-03
  5210.85      1.9191  1.2650e-02  1.2680e-02  1.4010e-02  1.6040e-02  5.2700e-03
  5209.35      1.9196  1.2000e-02  1.2010e-02  1.3330e-02  1.5810e-02  5.1100e-03
  5207.85      1.9202  1.1030e-02  1.1020e-02  1.2320e-02  1.5530e-02  4.9700e-03
  5206.35      1.9207  1.0550e-02  1.0530e-02  1.1810e-02  1.5390e-02  4.8500e-03
  5204.85      1.9213  1.1050e-02  1.1020e-02  1.2320e-02  1.5600e-02  4.7800e-03
  5203.35      1.9218  1.2080e-02  1.2060e-02  1.3380e-02  1.5960e-02  4.7500e-03
  5201.85      1.9224  1.2830e-02  1.2810e-02  1.4160e-02  1.6190e-02  4.7500e-03
  5200.35      1.9229  1.2910e-02  1.2890e-02  1.4240e-02  1.6200e-02  4.8000e-03
  5198.85      1.9235  1.2430e-02  1.2390e-02  1.3730e-02  1.5970e-02  4.9000e-03
  5197.35      1.9241  1.1960e-02  1.1900e-02  1.3240e-02  1.5660e-02  5.0300e-03
  5195.85      1.9246  1.1940e-02  1.1880e-02  1.3210e-02  1.5470e-02  5.1800e-03
  5194.35      1.9252  1.2220e-02  1.2150e-02  1.3490e-02  1.5310e-02  5.3000e-03
  5192.85      1.9257  1.2440e-02  1.2360e-02  1.3710e-02  1.5200e-02  5.4100e-03
  5191.35      1.9263  1.2460e-02  1.2370e-02  1.3730e-02  1.5180e-02  5.4900e-03
  5189.85      1.9268  1.2430e-02  1.2340e-02  1.3700e-02  1.5140e-02  5.5600e-03
  5188.35      1.9274  1.2320e-02  1.2210e-02  1.3570e-02  1.5130e-02  5.6300e-03
  5186.85      1.9280  1.2040e-02  1.1920e-02  1.3270e-02  1.5210e-02  5.7100e-03
  5185.35      1.9285  1.1730e-02  1.1580e-02  1.2930e-02  1.5290e-02  5.8100e-03
  5183.85      1.9291  1.1800e-02  1.1640e-02  1.3000e-02  1.5340e-02  5.9100e-03
  5182.35      1.9296  1.2120e-02  1.1960e-02  1.3330e-02  1.5300e-02  5.9900e-03
  5180.85      1.9302  1.2350e-02  1.2170e-02  1.3550e-02  1.5250e-02  6.0400e-03
  5179.35      1.9307  1.2320e-02  1.2130e-02  1.3510e-02  1.5380e-02  6.0700e-03
  5177.85      1.9313  1.2210e-02  1.2000e-02  1.3380e-02  1.5680e-02  6.0500e-03
  5176.35      1.9319  1.2180e-02  1.1960e-02  1.3350e-02  1.5950e-02  6.0200e-03
  5174.85      1.9324  1.2250e-02  1.2010e-02  1.3410e-02  1.6080e-02  5.9900e-03
  5173.35      1.9330  1.2260e-02  1.2000e-02  1.3400e-02  1.5940e-02  5.9600e-03
  5171.85      1.9335  1.2220e-02  1.1930e-02  1.3340e-02  1.5660e-02  5.9600e-03
  5170.35      1.9341  1.2260e-02  1.1960e-02  1.3380e-02  1.5510e-02  5.9700e-03
  5168.85      1.9347  1.2400e-02  1.2080e-02  1.3510e-02  1.5500e-02  6.0000e-03
  5167.35      1.9352  1.2460e-02  1.2110e-02  1.3550e-02  1.5520e-02  6.0300e-03
  5165.85      1.9358  1.2370e-02  1.1990e-02  1.3440e-02  1.5430e-02  6.0600e-03
  5164.35      1.9364  1.2180e-02  1.1770e-02  1.3220e-02  1.5260e-02  6.0900e-03
  5162.85      1.9369  1.2030e-02  1.1590e-02  1.3050e-02  1.5160e-02  6.1200e-03
  5161.35      1.9375  1.2070e-02  1.1590e-02  1.3060e-02  1.5260e-02  6.1400e-03
  5159.85      1.9380  1.2200e-02  1.1670e-02  1.3160e-02  1.5460e-02  6.1500e-03
  5158.35      1.9386  1.2280e-02  1.1710e-02  1.3210e-02  1.5530e-02  6.1600e-03
  5156.85      1.9392  1.2250e-02  1.1610e-02  1.3140e-02  1.5460e-02  6.1700e-03
  5155.35      1.9397  1.2180e-02  1.1470e-02  1.3020e-02  1.5290e-02  6.1700e-03
  5153.85      1.9403  1.2230e-02  1.1390e-02  1.2970e-02  1.5110e-02  6.1700e-03
  5152.35      1.9409  1.2290e-02  1.1350e-02  1.2990e-02  1.5060e-02  6.1700e-03
  5150.85      1.9414  1.2310e-02  1.1170e-02  1.2930e-02  1.5210e-02  6.1700e-03
  5149.35      1.9420  1.2280e-02  1.1040e-02  1.2910e-02  1.5400e-02  6.1700e-03
  5147.85      1.9426  1.2310e-02  1.1290e-02  1.3070e-02  1.5390e-02  6.1600e-03
  5146.35      1.9431  1.2330e-02  1.1480e-02  1.3000e-02  1.5170e-02  6.1600e-03
  5144.85      1.9437  1.2280e-02  1.1660e-02  1.2920e-02  1.5020e-02  6.1400e-03
  5143.35      1.9443  1.2250e-02  1.1740e-02  1.2980e-02  1.5080e-02  6.1300e-03
  5141.85      1.9448  1.2320e-02  1.1780e-02  1.3040e-02  1.5140e-02  6.1000e-03
  5140.35      1.9454  1.2410e-02  1.1800e-02  1.3020e-02  1.5200e-02  6.0700e-03
  5138.84      1.9460  1.2430e-02  1.1730e-02  1.2970e-02  1.5360e-02  6.0400e-03
  5137.34      1.9465  1.2360e-02  1.1600e-02  1.2920e-02  1.5470e-02  6.0100e-03
  5135.84      1.9471  1.2220e-02  1.1380e-02  1.2950e-02  1.5310e-02  5.9900e-03
  5134.34      1.9477  1.2030e-02  1.1170e-02  1.3090e-02  1.4930e-02  5.9900e-03
  5132.84      1.9482  1.1840e-02  1.1180e-02  1.3250e-02  1.4630e-02  6.0000e-03
  5131.34      1.9488  1.1730e-02  1.1390e-02  1.3320e-02  1.4660e-02  6.0200e-03
  5129.84      1.9494  1.1760e-02  1.1580e-02  1.3310e-02  1.4950e-02  6.0400e-03
  5128.34      1.9499  1.1900e-02  1.1620e-02  1.3230e-02  1.5250e-02  6.0500e-03
  5126.84      1.9505  1.1970e-02  1.1430e-02  1.3110e-02  1.5450e-02  6.0300e-03
  5125.34      1.9511  1.1900e-02  1.1180e-02  1.3050e-02  1.5630e-02  5.9900e-03
  5123.84      1.9517  1.1820e-02  1.1190e-02  1.2980e-02  1.5880e-02  5.9400e-03
  5122.34      1.9522  1.1790e-02  1.1460e-02  1.2900e-02  1.6070e-02  5.8800e-03
  5120.84      1.9528  1.1720e-02  1.1690e-02  1.2860e-02  1.5980e-02  5.8300e-03
  5119.34      1.9534  1.1680e-02  1.1770e-02  1.2900e-02  1.5640e-02  5.8100e-03
  5117.84      1.9539  1.1760e-02  1.1740e-02  1.2980e-02  1.5160e-02  5.8200e-03
  5116.34      1.9545  1.1830e-02  1.1590e-02  1.3070e-02  1.4810e-02  5.8500e-03
  5114.84      1.9551  1.1790e-02  1.1460e-02  1.3110e-02  1.4720e-02  5.8900e-03
  5113.34      1.9557  1.1710e-02  1.1560e-02  1.3080e-02  1.4770e-02  5.9400e-03
  5111.84      1.9562  1.1640e-02  1.1750e-02  1.3110e-02  1.4860e-02  5.9900e-03
  5110.34      1.9568  1.1620e-02  1.1760e-02  1.3240e-02  1.5070e-02  6.0300e-03
  5108.84      1.9574  1.1700e-02  1.1710e-02  1.3300e-02  1.5250e-02  6.0600e-03
  5107.34      1.9580  1.1840e-02  1.1800e-02  1.3160e-02  1.5100e-02  6.0900e-03
  5105.84      1.9585  1.1880e-02  1.1850e-02  1.2960e-02  1.4800e-02  6.0900e-03
  5104.34      1.9591  1.1770e-02  1.1670e-02  1.2890e-02  1.4720e-02  6.0600e-03
  5102.84      1.9597  1.1630e-02  1.1470e-02  1.2980e-02  1.4910e-02  6.0300e-03
  5101.34      1.9603  1.1580e-02  1.1530e-02  1.3160e-02  1.5080e-02  5.9600e-03
  5099.84      1.9608  1.1640e-02  1.1730e-02  1.3270e-02  1.4950e-02  5.8900e-03
  5098.34      1.9614  1.1780e-02  1.1730e-02  1.3200e-02  1.4790e-02  5.8200e-03
  5096.84      1.9620  1.1950e-02  1.1580e-02  1.2940e-02  1.4890e-02  5.7600e-03
  5095.34      1.9626  1.1960e-02  1.1420e-02  1.2640e-02  1.5000e-02  5.7200e-03
  5093.84      1.9632  1.1790e-02  1.1350e-02  1.2540e-02  1.4920e-02  5.7000e-03
  5092.34      1.9637  1.1570e-02  1.1470e-02  1.2640e-02  1.4820e-02  5.7000e-03
  5090.84      1.9643  1.1400e-02  1.1690e-02  1.2740e-02  1.4740e-02  5.7100e-03
  5089.34      1.9649  1.1300e-02  1.1800e-02  1.2750e-02  1.4600e-02  5.7200e-03
  5087.84      1.9655  1.1280e-02  1.1810e-02  1.2840e-02  1.4490e-02  5.7300e-03
  5086.34      1.9660  1.1370e-02  1.1790e-02  1.2940e-02  1.4490e-02  5.7500e-03
  5084.84      1.9666  1.1510e-02  1.1770e-02  1.2860e-02  1.4600e-02  5.7500e-03
  5083.34      1.9672  1.1540e-02  1.1700e-02  1.2690e-02  1.4710e-02  5.7600e-03
  5081.84      1.9678  1.1430e-02  1.1460e-02  1.2580e-02  1.4690e-02  5.7700e-03
  5080.34      1.9684  1.1340e-02  1.1290e-02  1.2560e-02  1.4620e-02  5.7900e-03
  5078.84      1.9690  1.1260e-02  1.1470e-02  1.2610e-02  1.4570e-02  5.8100e-03
  5077.34      1.9695  1.1150e-02  1.1690e-02  1.2660e-02  1.4580e-02  5.8500e-03
  5075.84      1.9701  1.1100e-02  1.1590e-02  1.2580e-02  1.4580e-02  5.8500e-03
  5074.34      1.9707  1.1190e-02  1.1320e-02  1.2400e-02  1.4480e-02  5.8400e-03
  5072.84      1.9713  1.1310e-02  1.1150e-02  1.2330e-02  1.4370e-02  5.7900e-03
  5071.34      1.9719  1.1370e-02  1.1250e-02  1.2530e-02  1.4440e-02  5.7100e-03
  5069.84      1.9724  1.1400e-02  1.1570e-02  1.2880e-02  1.4650e-02  5.6100e-03
  5068.34      1.9730  1.1420e-02  1.1850e-02  1.3110e-02  1.4790e-02  5.5100e-03
  5066.84      1.9736  1.1390e-02  1.1900e-02  1.3010e-02  1.4800e-02  5.4100e-03
  5065.34      1.9742  1.1270e-02  1.1760e-02  1.2750e-02  1.4700e-02  5.3500e-03
  5063.84      1.9748  1.1190e-02  1.1590e-02  1.2560e-02  1.4570e-02  5.3200e-03
  5062.34      1.9754  1.1230e-02  1.1580e-02  1.2490e-02  1.4540e-02  5.3200e-03
  5060.84      1.9760  1.1240e-02  1.1730e-02  1.2550e-02  1.4660e-02  5.3400e-03
  5059.34      1.9765  1.1170e-02  1.1840e-02  1.2730e-02  1.4840e-02  5.3800e-03
  5057.84      1.9771  1.1150e-02  1.1770e-02  1.2800e-02  1.4930e-02  5.4300e-03
  5056.34      1.9777  1.1170e-02  1.1570e-02  1.2620e-02  1.4880e-02  5.4800e-03
  5054.84      1.9783  1.1170e-02  1.1430e-02  1.2450e-02  1.4780e-02  5.5200e-03
  5053.34      1.9789  1.1160e-02  1.1420e-02  1.2480e-02  1.4650e-02  5.5600e-03
  5051.84      1.9795  1.1260e-02  1.1440e-02  1.2560e-02  1.4510e-02  5.5800e-03
  5050.34      1.9801  1.1390e-02  1.1460e-02  1.2540e-02  1.4430e-02  5.5800e-03
  5048.84      1.9807  1.1480e-02  1.1510e-02  1.2480e-02  1.4450e-02  5.5600e-03
  5047.34      1.9812  1.1510e-02  1.1560e-02  1.2480e-02  1.4490e-02  5.5300e-03
  5045.84      1.9818  1.1420e-02  1.1550e-02  1.2490e-02  1.4380e-02  5.5200e-03
  5044.34      1.9824  1.1250e-02  1.1470e-02  1.2390e-02  1.4160e-02  5.5000e-03
  5042.84      1.9830  1.1210e-02  1.1410e-02  1.2190e-02  1.4100e-02  5.5100e-03
  5041.34      1.9836  1.1330e-02  1.1430e-02  1.2060e-02  1.4350e-02  5.5200e-03
  5039.84      1.9842  1.1480e-02  1.1450e-02  1.2070e-02  1.4660e-02  5.5300e-03
  5038.34      1.9848  1.1550e-02  1.1450e-02  1.2280e-02  1.4720e-02  5.5300e-03
  5036.84      1.9854  1.1540e-02  1.1430e-02  1.2630e-02  1.4590e-02  5.5100e-03
  5035.34      1.9860  1.1440e-02  1.1350e-02  1.2840e-02  1.4480e-02  5.4800e-03
  5033.84      1.9866  1.1240e-02  1.1290e-02  1.2780e-02  1.4400e-02  5.4500e-03
  5032.34      1.9871  1.1130e-02  1.1380e-02  1.2610e-02  1.4280e-02  5.4200e-03
  5030.84      1.9877  1.1200e-02  1.1510e-02  1.2530e-02  1.4130e-02  5.4000e-03
  5029.34      1.9883  1.1220e-02  1.1530e-02  1.2500e-02  1.3980e-02  5.3800e-03
  5027.84      1.9889  1.1050e-02  1.1500e-02  1.2480e-02  1.3940e-02  5.3800e-03
  5026.34      1.9895  1.0820e-02  1.1530e-02  1.2460e-02  1.4080e-02  5.3800e-03
  5024.84      1.9901  1.0750e-02  1.1600e-02  1.2420e-02  1.4320e-02  5.3800e-03
  5023.34      1.9907  1.0820e-02  1.1610e-02  1.2330e-02  1.4390e-02  5.3700e-03
  5021.84      1.9913  1.0820e-02  1.1590e-02  1.2280e-02  1.4270e-02  5.3500e-03
  5020.34      1.9919  1.0760e-02  1.1630e-02  1.2310e-02  1.4120e-02  5.3200e-03
  5018.84      1.9925  1.0840e-02  1.1690e-02  1.2330e-02  1.3970e-02  5.2900e-03
  5017.34      1.9931  1.0990e-02  1.1720e-02  1.2320e-02  1.3820e-02  5.2600e-03
  5015.84      1.9937  1.1040e-02  1.1660e-02  1.2280e-02  1.3750e-02  5.2400e-03
  5014.34      1.9943  1.1080e-02  1.1510e-02  1.2150e-02  1.3750e-02  5.2300e-03
  5012.84      1.9949  1.1260e-02  1.1500e-02  1.2030e-02  1.3780e-02  5.2400e-03
  5011.34      1.9955  1.1440e-02  1.1640e-02  1.1980e-02  1.3790e-02  5.2400e-03
  5009.84      1.9961  1.1380e-02  1.1660e-02  1.1970e-02  1.3680e-02  5.2300e-03
  5008.34      1.9967  1.1130e-02  1.1490e-02  1.1940e-02  1.3580e-02  5.2000e-03
  5006.83      1.9973  1.0950e-02  1.1370e-02  1.1970e-02  1.3640e-02  5.1500e-03
  5005.33      1.9979  1.0970e-02  1.1370e-02  1.1990e-02  1.3750e-02  5.0900e-03
  5003.83      1.9985  1.0960e-02  1.1400e-02  1.1920e-02  1.3850e-02  5.0300e-03
  5002.33      1.9991  1.0880e-02  1.1400e-02  1.1840e-02  1.3930e-02  5.0000e-03
  5000.83      1.9997  1.0900e-02  1.1350e-02  1.1860e-02  1.3950e-02  5.0000e-03
  4999.33      2.0003  1.0950e-02  1.1300e-02  1.2030e-02  1.3840e-02  5.0300e-03
  4997.83      2.0009  1.0890e-02  1.1270e-02  1.2190e-02  1.3740e-02  5.0900e-03
  4996.33      2.0015  1.0770e-02  1.1210e-02  1.2250e-02  1.3650e-02  5.1500e-03
  4994.83      2.0021  1.0740e-02  1.1190e-02  1.2230e-02  1.3510e-02  5.2100e-03
  4993.33      2.0027  1.0730e-02  1.1280e-02  1.2200e-02  1.3490e-02  5.2500e-03
  4991.83      2.0033  1.0710e-02  1.1340e-02  1.2230e-02  1.3730e-02  5.2600e-03
  4990.33      2.0039  1.0740e-02  1.1300e-02  1.2300e-02  1.4080e-02  5.2600e-03
  4988.83      2.0045  1.0830e-02  1.1180e-02  1.2300e-02  1.4250e-02  5.2300e-03
  4987.33      2.0051  1.0880e-02  1.1070e-02  1.2250e-02  1.4190e-02  5.1900e-03
  4985.83      2.0057  1.0850e-02  1.1040e-02  1.2230e-02  1.4050e-02  5.1300e-03
  4984.33      2.0063  1.0780e-02  1.1090e-02  1.2140e-02  1.3920e-02  5.0600e-03
  4982.83      2.0069  1.0730e-02  1.1100e-02  1.1970e-02  1.3750e-02  4.9900e-03
  4981.33      2.0075  1.0740e-02  1.1090e-02  1.1830e-02  1.3580e-02  4.9300e-03
  4979.83      2.0081  1.0760e-02  1.1120e-02  1.1810e-02  1.3580e-02  4.8700e-03
  4978.33      2.0087  1.0780e-02  1.1100e-02  1.1910e-02  1.3680e-02  4.8300e-03
  4976.83      2.0093  1.0800e-02  1.1030e-02  1.2030e-02  1.3750e-02  4.8000e-03
  4975.33      2.0099  1.0770e-02  1.0980e-02  1.2080e-02  1.3790e-02  4.7800e-03
  4973.83      2.0105  1.0720e-02  1.1020e-02  1.2010e-02  1.3930e-02  4.7700e-03
  4972.33      2.0111  1.0670e-02  1.1110e-02  1.1840e-02  1.4140e-02  4.7500e-03
  4970.83      2.0117  1.0680e-02  1.1160e-02  1.1760e-02  1.4250e-02  4.7000e-03
  4969.33      2.0123  1.0730e-02  1.1100e-02  1.1830e-02  1.4250e-02  4.6700e-03
  4967.83      2.0130  1.0780e-02  1.0990e-02  1.1780e-02  1.4170e-02  4.6200e-03
  4966.33      2.0136  1.0750e-02  1.1020e-02  1.1620e-02  1.4000e-02  4.5900e-03
  4964.83      2.0142  1.0680e-02  1.1120e-02  1.1680e-02  1.3850e-02  4.5900e-03
  4963.33      2.0148  1.0680e-02  1.1150e-02  1.1780e-02  1.3840e-02  4.6000e-03
  4961.83      2.0154  1.0740e-02  1.1140e-02  1.1590e-02  1.3950e-02  4.6500e-03
  4960.33      2.0160  1.0770e-02  1.1140e-02  1.1400e-02  1.4040e-02  4.7000e-03
  4958.83      2.0166  1.0740e-02  1.1040e-02  1.1510e-02  1.4040e-02  4.7500e-03
  4957.33      2.0172  1.0650e-02  1.0990e-02  1.1700e-02  1.3950e-02  4.8000e-03
  4955.83      2.0178  1.0580e-02  1.1030e-02  1.1730e-02  1.3850e-02  4.8300e-03
  4954.33      2.0184  1.0630e-02  1.1000e-02  1.1750e-02  1.3730e-02  4.8400e-03
  4952.83      2.0190  1.0650e-02  1.0910e-02  1.1900e-02  1.3620e-02  4.8400e-03
  4951.33      2.0197  1.0480e-02  1.0870e-02  1.1940e-02  1.3640e-02  4.8200e-03
  4949.83      2.0203  1.0240e-02  1.0840e-02  1.1640e-02  1.3800e-02  4.7900e-03
  4948.33      2.0209  1.0180e-02  1.0770e-02  1.1330e-02  1.3930e-02  4.7500e-03
  4946.83      2.0215  1.0290e-02  1.0770e-02  1.1330e-02  1.3940e-02  4.7000e-03
  4945.33      2.0221  1.0430e-02  1.0790e-02  1.1420e-02  1.3910e-02  4.6400e-03
  4943.83      2.0227  1.0530e-02  1.0700e-02  1.1390e-02  1.3880e-02  4.5800e-03
  4942.33      2.0233  1.0580e-02  1.0530e-02  1.1290e-02  1.3690e-02  4.5300e-03
  4940.83      2.0240  1.0570e-02  1.0440e-02  1.1260e-02  1.3430e-02  4.4800e-03
  4939.33      2.0246  1.0550e-02  1.0440e-02  1.1330e-02  1.3390e-02  4.4500e-03
  4937.83      2.0252  1.0540e-02  1.0530e-02  1.1430e-02  1.3460e-02  4.4400e-03
  4936.33      2.0258  1.0560e-02  1.0680e-02  1.1420e-02  1.3470e-02  4.4400e-03
  4934.83      2.0264  1.0500e-02  1.0740e-02  1.1350e-02  1.3430e-02  4.4700e-03
  4933.33      2.0270  1.0330e-02  1.0660e-02  1.1310e-02  1.3360e-02  4.5000e-03
  4931.83      2.0276  1.0200e-02  1.0580e-02  1.1390e-02  1.3130e-02  4.5400e-03
  4930.33      2.0283  1.0200e-02  1.0530e-02  1.1530e-02  1.2920e-02  4.5800e-03
  4928.83      2.0289  1.0290e-02  1.0440e-02  1.1610e-02  1.3010e-02  4.6000e-03
  4927.33      2.0295  1.0410e-02  1.0330e-02  1.1560e-02  1.3230e-02  4.5900e-03
  4925.83      2.0301  1.0420e-02  1.0290e-02  1.1400e-02  1.3340e-02  4.5700e-03
  4924.33      2.0307  1.0280e-02  1.0440e-02  1.1240e-02  1.3320e-02  4.5300e-03
  4922.83      2.0314  1.0130e-02  1.0650e-02  1.1110e-02  1.3230e-02  4.4800e-03
  4921.33      2.0320  1.0040e-02  1.0730e-02  1.1000e-02  1.3140e-02  4.4400e-03
  4919.83      2.0326  9.9800e-03  1.0650e-02  1.0970e-02  1.3110e-02  4.4100e-03
  4918.33      2.0332  9.9700e-03  1.0520e-02  1.1050e-02  1.3050e-02  4.3800e-03
  4916.83      2.0338  1.0030e-02  1.0460e-02  1.1210e-02  1.2920e-02  4.3800e-03
  4915.33      2.0345  1.0150e-02  1.0410e-02  1.1400e-02  1.2870e-02  4.3700e-03
  4913.83      2.0351  1.0260e-02  1.0360e-02  1.1450e-02  1.3050e-02  4.3600e-03
  4912.33      2.0357  1.0290e-02  1.0370e-02  1.1260e-02  1.3270e-02  4.3400e-03
  4910.83      2.0363  1.0310e-02  1.0450e-02  1.1020e-02  1.3310e-02  4.3100e-03
  4909.33      2.0369  1.0320e-02  1.0500e-02  1.0960e-02  1.3200e-02  4.2700e-03
  4907.83      2.0376  1.0230e-02  1.0510e-02  1.1050e-02  1.3010e-02  4.2200e-03
  4906.33      2.0382  1.0130e-02  1.0470e-02  1.1190e-02  1.2740e-02  4.1800e-03
  4904.83      2.0388  1.0130e-02  1.0420e-02  1.1330e-02  1.2510e-02  4.1400e-03
  4903.33      2.0394  1.0220e-02  1.0390e-02  1.1400e-02  1.2460e-02  4.1200e-03
  4901.83      2.0401  1.0320e-02  1.0350e-02  1.1330e-02  1.2520e-02  4.1100e-03
  4900.33      2.0407  1.0410e-02  1.0260e-02  1.1180e-02  1.2630e-02  4.1100e-03
  4898.83      2.0413  1.0470e-02  1.0190e-02  1.1080e-02  1.2800e-02  4.1200e-03
  4897.33      2.0419  1.0460e-02  1.0270e-02  1.1060e-02  1.2890e-02  4.1500e-03
  4895.83      2.0426  1.0420e-02  1.0480e-02  1.1020e-02  1.2780e-02  4.1800e-03
  4894.33      2.0432  1.0370e-02  1.0580e-02  1.0920e-02  1.2660e-02  4.2100e-03
  4892.83      2.0438  1.0290e-02  1.0480e-02  1.0890e-02  1.2750e-02  4.2400e-03
  4891.33      2.0444  1.0170e-02  1.0340e-02  1.1030e-02  1.2900e-02  4.2800e-03
  4889.83      2.0451  1.0050e-02  1.0290e-02  1.1140e-02  1.2860e-02  4.3100e-03
  4888.33      2.0457  1.0040e-02  1.0330e-02  1.1000e-02  1.2730e-02  4.3400e-03
  4886.83      2.0463  1.0150e-02  1.0410e-02  1.0780e-02  1.2710e-02  4.3400e-03
  4885.33      2.0469  1.0240e-02  1.0440e-02  1.0690e-02  1.2820e-02  4.3200e-03
  4883.83      2.0476  1.0240e-02  1.0400e-02  1.0760e-02  1.2970e-02  4.2900e-03
  4882.33      2.0482  1.0220e-02  1.0320e-02  1.0920e-02  1.2980e-02  4.2400e-03
  4880.83      2.0488  1.0210e-02  1.0250e-02  1.1010e-02  1.2840e-02  4.1700e-03
  4879.33      2.0495  1.0230e-02  1.0230e-02  1.0990e-02  1.2630e-02  4.1200e-03
  4877.83      2.0501  1.0240e-02  1.0200e-02  1.0940e-02  1.2490e-02  4.0900e-03
  4876.33      2.0507  1.0200e-02  1.0190e-02  1.1040e-02  1.2530e-02  4.0700e-03
  4874.83      2.0514  1.0120e-02  1.0260e-02  1.1220e-02  1.2570e-02  4.0700e-03
  4873.33      2.0520  1.0130e-02  1.0480e-02  1.1190e-02  1.2470e-02  4.0800e-03
  4871.83      2.0526  1.0190e-02  1.0810e-02  1.1000e-02  1.2410e-02  4.1100e-03
  4870.32      2.0533  1.0150e-02  1.0910e-02  1.0960e-02  1.2510e-02  4.1200e-03
  4868.82      2.0539  1.0000e-02  1.0720e-02  1.1040e-02  1.2590e-02  4.1400e-03
  4867.32      2.0545  9.9600e-03  1.0420e-02  1.0980e-02  1.2540e-02  4.1200e-03
  4865.82      2.0552  9.9900e-03  1.0180e-02  1.0870e-02  1.2480e-02  4.0900e-03
  4864.32      2.0558  9.9700e-03  1.0110e-02  1.0910e-02  1.2530e-02  4.0400e-03
  4862.82      2.0564  9.9200e-03  1.0170e-02  1.1000e-02  1.2650e-02  3.9800e-03
  4861.32      2.0571  9.8900e-03  1.0180e-02  1.1050e-02  1.2690e-02  3.9200e-03
  4859.82      2.0577  9.9100e-03  1.0090e-02  1.1100e-02  1.2590e-02  3.8900e-03
  4858.32      2.0583  9.9300e-03  1.0020e-02  1.1180e-02  1.2480e-02  3.8800e-03
  4856.82      2.0590  9.9100e-03  1.0030e-02  1.1210e-02  1.2400e-02  3.8800e-03
  4855.32      2.0596  9.8600e-03  9.9800e-03  1.1080e-02  1.2350e-02  3.8900e-03
  4853.82      2.0602  9.8400e-03  9.9400e-03  1.0870e-02  1.2360e-02  3.9100e-03
  4852.32      2.0609  9.8500e-03  1.0170e-02  1.0820e-02  1.2480e-02  3.9200e-03
  4850.82      2.0615  9.8500e-03  1.0530e-02  1.0930e-02  1.2600e-02  3.9300e-03
  4849.32      2.0621  9.7600e-03  1.0540e-02  1.0930e-02  1.2610e-02  3.9300e-03
  4847.82      2.0628  9.6400e-03  1.0160e-02  1.0830e-02  1.2550e-02  3.9400e-03
  4846.32      2.0634  9.5800e-03  9.7700e-03  1.0810e-02  1.2490e-02  3.9500e-03
  4844.82      2.0641  9.6300e-03  9.6500e-03  1.0840e-02  1.2460e-02  3.9600e-03
  4843.32      2.0647  9.7200e-03  9.7800e-03  1.0810e-02  1.2460e-02  3.9700e-03
  4841.82      2.0653  9.7500e-03  9.9500e-03  1.0720e-02  1.2410e-02  3.9700e-03
  4840.32      2.0660  9.7100e-03  1.0110e-02  1.0630e-02  1.2490e-02  3.9900e-03
  4838.82      2.0666  9.7000e-03  1.0210e-02  1.0640e-02  1.2720e-02  3.9900e-03
  4837.32      2.0673  9.7600e-03  1.0050e-02  1.0720e-02  1.2800e-02  4.0000e-03
  4835.82      2.0679  9.8400e-03  9.7100e-03  1.0800e-02  1.2740e-02  4.0100e-03
  4834.32      2.0685  9.9000e-03  9.5200e-03  1.0910e-02  1.2700e-02  4.0100e-03
  4832.82      2.0692  9.8600e-03  9.6200e-03  1.1050e-02  1.2690e-02  4.0000e-03
  4831.32      2.0698  9.7400e-03  9.7900e-03  1.1130e-02  1.2660e-02  3.9700e-03
  4829.82      2.0705  9.6800e-03  9.8500e-03  1.1130e-02  1.2600e-02  3.9400e-03
  4828.32      2.0711  9.7300e-03  9.8900e-03  1.1040e-02  1.2540e-02  3.8900e-03
  4826.82      2.0718  9.7400e-03  9.9500e-03  1.0920e-02  1.2500e-02  3.8400e-03
  4825.32      2.0724  9.6300e-03  9.9600e-03  1.0920e-02  1.2420e-02  3.8100e-03
  4823.82      2.0730  9.5200e-03  9.9100e-03  1.0980e-02  1.2260e-02  3.7600e-03
  4822.32      2.0737  9.5200e-03  9.8700e-03  1.0880e-02  1.2190e-02  3.7500e-03
  4820.82      2.0743  9.5700e-03  9.7900e-03  1.0590e-02  1.2310e-02  3.7500e-03
  4819.32      2.0750  9.6400e-03  9.7100e-03  1.0340e-02  1.2460e-02  3.7600e-03
  4817.82      2.0756  9.7300e-03  9.7500e-03  1.0260e-02  1.2470e-02  3.7900e-03
  4816.32      2.0763  9.8300e-03  9.8500e-03  1.0390e-02  1.2360e-02  3.8100e-03
  4814.82      2.0769  9.8600e-03  9.9100e-03  1.0550e-02  1.2230e-02  3.8300e-03
  4813.32      2.0776  9.8000e-03  9.9700e-03  1.0560e-02  1.2140e-02  3.8600e-03
  4811.82      2.0782  9.7300e-03  9.9300e-03  1.0460e-02  1.2140e-02  3.8800e-03
  4810.32      2.0789  9.6600e-03  9.8400e-03  1.0390e-02  1.2210e-02  3.9000e-03
  4808.82      2.0795  9.5100e-03  9.8900e-03  1.0400e-02  1.2280e-02  3.9100e-03
  4807.32      2.0802  9.3900e-03  1.0030e-02  1.0500e-02  1.2380e-02  3.9200e-03
  4805.82      2.0808  9.4100e-03  1.0090e-02  1.0720e-02  1.2580e-02  3.9300e-03
  4804.32      2.0815  9.4900e-03  1.0100e-02  1.0880e-02  1.2820e-02  3.9200e-03
  4802.82      2.0821  9.5400e-03  1.0030e-02  1.0870e-02  1.2900e-02  3.9200e-03
  4801.32      2.0828  9.5500e-03  9.7900e-03  1.0840e-02  1.2730e-02  3.9000e-03
  4799.82      2.0834  9.5600e-03  9.5200e-03  1.0900e-02  1.2490e-02  3.8800e-03
  4798.32      2.0841  9.4800e-03  9.3800e-03  1.0860e-02  1.2360e-02  3.8700e-03
  4796.82      2.0847  9.3000e-03  9.3500e-03  1.0660e-02  1.2340e-02  3.8600e-03
  4795.32      2.0854  9.2400e-03  9.3900e-03  1.0600e-02  1.2390e-02  3.8600e-03
  4793.82      2.0860  9.4500e-03  9.5100e-03  1.0740e-02  1.2470e-02  3.8600e-03
  4792.32      2.0867  9.6700e-03  9.5700e-03  1.0720e-02  1.2430e-02  3.8600e-03
  4790.82      2.0873  9.7200e-03  9.4700e-03  1.0540e-02  1.2210e-02  3.8700e-03
  4789.32      2.0880  9.6800e-03  9.4200e-03  1.0490e-02  1.2010e-02  3.8900e-03
  4787.82      2.0886  9.6700e-03  9.5200e-03  1.0600e-02  1.1980e-02  3.9000e-03
  4786.32      2.0893  9.6000e-03  9.5700e-03  1.0730e-02  1.2090e-02  3.9300e-03
  4784.82      2.0899  9.4900e-03  9.4200e-03  1.0820e-02  1.2190e-02  3.9500e-03
  4783.32      2.0906  9.4400e-03  9.3000e-03  1.0840e-02  1.2200e-02  3.9700e-03
  4781.82      2.0913  9.4300e-03  9.4000e-03  1.0750e-02  1.2230e-02  3.9800e-03
  4780.32      2.0919  9.4600e-03  9.6400e-03  1.0680e-02  1.2350e-02  3.9900e-03
  4778.82      2.0926  9.5300e-03  9.8500e-03  1.0680e-02  1.2410e-02  3.9900e-03
  4777.32      2.0932  9.5900e-03  9.9400e-03  1.0690e-02  1.2360e-02  3.9800e-03
  4775.82      2.0939  9.6300e-03  9.8100e-03  1.0660e-02  1.2410e-02  3.9700e-03
  4774.32      2.0945  9.6800e-03  9.5500e-03  1.0600e-02  1.2570e-02  3.9800e-03
  4772.82      2.0952  9.6500e-03  9.4800e-03  1.0560e-02  1.2690e-02  4.0000e-03
  4771.32      2.0959  9.5800e-03  9.7100e-03  1.0550e-02  1.2640e-02  4.0100e-03
  4769.82      2.0965  9.6200e-03  9.9800e-03  1.0580e-02  1.2520e-02  4.0500e-03
  4768.32      2.0972  9.7400e-03  1.0130e-02  1.0700e-02  1.2530e-02  4.0700e-03
  4766.82      2.0978  9.7900e-03  1.0220e-02  1.0840e-02  1.2590e-02  4.0900e-03
  4765.32      2.0985  9.7600e-03  1.0200e-02  1.0960e-02  1.2600e-02  4.1000e-03
  4763.82      2.0992  9.7400e-03  1.0050e-02  1.0990e-02  1.2650e-02  4.1300e-03
  4762.32      2.0998  9.7500e-03  9.8800e-03  1.0840e-02  1.2730e-02  4.1500e-03
  4760.82      2.1005  9.7500e-03  9.8200e-03  1.0630e-02  1.2710e-02  4.1600e-03
  4759.32      2.1011  9.7400e-03  9.8600e-03  1.0570e-02  1.2600e-02  4.1700e-03
  4757.82      2.1018  9.7100e-03  9.8700e-03  1.0600e-02  1.2520e-02  4.1600e-03
  4756.32      2.1025  9.6600e-03  9.8400e-03  1.0610e-02  1.2520e-02  4.1600e-03
  4754.82      2.1031  9.6200e-03  9.7900e-03  1.0590e-02  1.2470e-02  4.1500e-03
  4753.32      2.1038  9.6200e-03  9.8000e-03  1.0560e-02  1.2380e-02  4.1300e-03
  4751.82      2.1045  9.5700e-03  9.8600e-03  1.0550e-02  1.2340e-02  4.1200e-03
  4750.32      2.1051  9.4900e-03  9.9600e-03  1.0530e-02  1.2420e-02  4.1100e-03
  4748.82      2.1058  9.4300e-03  1.0030e-02  1.0550e-02  1.2510e-02  4.0900e-03
  4747.32      2.1065  9.4400e-03  1.0040e-02  1.0600e-02  1.2510e-02  4.0600e-03
  4745.82      2.1071  9.4800e-03  9.9500e-03  1.0540e-02  1.2480e-02  4.0200e-03
  4744.32      2.1078  9.5000e-03  9.8000e-03  1.0410e-02  1.2520e-02  3.9900e-03
  4742.82      2.1085  9.4700e-03  9.6600e-03  1.0370e-02  1.2550e-02  3.9500e-03
  4741.32      2.1091  9.4300e-03  9.5400e-03  1.0440e-02  1.2490e-02  3.9300e-03
  4739.82      2.1098  9.4200e-03  9.4500e-03  1.0450e-02  1.2320e-02  3.9200e-03
  4738.31      2.1105  9.3800e-03  9.3700e-03  1.0390e-02  1.2170e-02  3.9100e-03
  4736.81      2.1111  9.2600e-03  9.2800e-03  1.0350e-02  1.2130e-02  3.9000e-03
  4735.31      2.1118  9.1000e-03  9.2000e-03  1.0410e-02  1.2150e-02  3.8800e-03
  4733.81      2.1125  9.0100e-03  9.1700e-03  1.0520e-02  1.2150e-02  3.8500e-03
  4732.31      2.1131  9.0600e-03  9.1500e-03  1.0570e-02  1.2120e-02  3.8200e-03
  4730.81      2.1138  9.1500e-03  9.2000e-03  1.0540e-02  1.2060e-02  3.7900e-03
  4729.31      2.1145  9.1800e-03  9.3300e-03  1.0440e-02  1.1920e-02  3.7600e-03
  4727.81      2.1151  9.1600e-03  9.3800e-03  1.0260e-02  1.1790e-02  3.7500e-03
  4726.31      2.1158  9.1400e-03  9.3400e-03  9.9900e-03  1.1780e-02  3.7500e-03
  4724.81      2.1165  9.1200e-03  9.2800e-03  9.7600e-03  1.1860e-02  3.7400e-03
  4723.31      2.1172  9.0500e-03  9.1700e-03  9.7100e-03  1.1920e-02  3.7300e-03
  4721.81      2.1178  8.9500e-03  9.0200e-03  9.7800e-03  1.1890e-02  3.7100e-03
  4720.31      2.1185  8.9300e-03  8.9300e-03  9.8300e-03  1.1880e-02  3.6800e-03
  4718.81      2.1192  9.0100e-03  8.8900e-03  9.8100e-03  1.1870e-02  3.6300e-03
  4717.31      2.1199  9.0700e-03  8.8300e-03  9.7100e-03  1.1790e-02  3.5800e-03
  4715.81      2.1205  8.9600e-03  8.8100e-03  9.5900e-03  1.1670e-02  3.5400e-03
  4714.31      2.1212  8.8000e-03  8.7800e-03  9.4800e-03  1.1490e-02  3.5100e-03
  4712.81      2.1219  8.7400e-03  8.6600e-03  9.4700e-03  1.1290e-02  3.5000e-03
  4711.31      2.1226  8.7700e-03  8.6200e-03  9.6000e-03  1.1210e-02  3.5000e-03
  4709.81      2.1232  8.8100e-03  8.8000e-03  9.7500e-03  1.1250e-02  3.5200e-03
  4708.31      2.1239  8.7900e-03  9.0400e-03  9.7500e-03  1.1320e-02  3.5400e-03
  4706.81      2.1246  8.7600e-03  9.1000e-03  9.6700e-03  1.1330e-02  3.5400e-03
  4705.31      2.1253  8.7400e-03  8.9900e-03  9.6300e-03  1.1290e-02  3.5200e-03
  4703.81      2.1259  8.6400e-03  8.7600e-03  9.6600e-03  1.1390e-02  3.4800e-03
  4702.31      2.1266  8.4900e-03  8.5100e-03  9.6700e-03  1.1630e-02  3.4300e-03
  4700.81      2.1273  8.3800e-03  8.4000e-03  9.6000e-03  1.1720e-02  3.3900e-03
  4699.31      2.1280  8.3500e-03  8.5200e-03  9.5700e-03  1.1500e-02  3.3600e-03
  4697.81      2.1287  8.4000e-03  8.6800e-03  9.5800e-03  1.1250e-02  3.3600e-03
  4696.31      2.1293  8.4900e-03  8.7000e-03  9.5500e-03  1.1190e-02  3.3800e-03
  4694.81      2.1300  8.5200e-03  8.6600e-03  9.4900e-03  1.1180e-02  3.4100e-03
  4693.31      2.1307  8.5200e-03  8.6900e-03  9.4600e-03  1.1170e-02  3.4300e-03
  4691.81      2.1314  8.5300e-03  8.7000e-03  9.4800e-03  1.1270e-02  3.4300e-03
  4690.31      2.1321  8.5300e-03  8.5700e-03  9.5400e-03  1.1410e-02  3.4300e-03
  4688.81      2.1327  8.5000e-03  8.3900e-03  9.6000e-03  1.1370e-02  3.3900e-03
  4687.31      2.1334  8.4500e-03  8.2600e-03  9.6100e-03  1.1240e-02  3.3600e-03
  4685.81      2.1341  8.4200e-03  8.2200e-03  9.5300e-03  1.1250e-02  3.3300e-03
  4684.31      2.1348  8.4300e-03  8.2200e-03  9.3300e-03  1.1350e-02  3.3000e-03
  4682.81      2.1355  8.3900e-03  8.1700e-03  9.0900e-03  1.1310e-02  3.2800e-03
  4681.31      2.1362  8.2000e-03  8.1500e-03  8.9400e-03  1.1090e-02  3.2500e-03
  4679.81      2.1368  7.9600e-03  8.1100e-03  8.9400e-03  1.0940e-02  3.2300e-03
  4678.31      2.1375  7.8400e-03  8.0300e-03  9.0900e-03  1.0980e-02  3.2100e-03
  4676.81      2.1382  7.8800e-03  8.0000e-03  9.2400e-03  1.1110e-02  3.2000e-03
  4675.31      2.1389  7.9700e-03  8.1400e-03  9.2500e-03  1.1110e-02  3.1700e-03
  4673.81      2.1396  8.0700e-03  8.3500e-03  9.1800e-03  1.0860e-02  3.1500e-03
  4672.31      2.1403  8.1600e-03  8.4500e-03  9.1800e-03  1.0580e-02  3.1200e-03
  4670.81      2.1410  8.2300e-03  8.4500e-03  9.1800e-03  1.0590e-02  3.0900e-03
  4669.31      2.1416  8.2400e-03  8.3400e-03  9.0700e-03  1.0730e-02  3.0600e-03
  4667.81      2.1423  8.1900e-03  8.0900e-03  8.9200e-03  1.0810e-02  3.0400e-03
  4666.31      2.1430  8.1200e-03  7.8200e-03  8.8600e-03  1.0910e-02  3.0400e-03
  4664.81      2.1437  8.0500e-03  7.7900e-03  8.8000e-03  1.1010e-02  3.0500e-03
  4663.31      2.1444  7.9500e-03  7.9100e-03  8.7000e-03  1.0960e-02  3.0600e-03
  4661.81      2.1451  7.8800e-03  7.9500e-03  8.6800e-03  1.0820e-02  3.0700e-03
  4660.31      2.1458  7.8700e-03  7.9200e-03  8.7400e-03  1.0690e-02  3.0600e-03
  4658.81      2.1465  7.8800e-03  7.9200e-03  8.7700e-03  1.0560e-02  3.0200e-03
  4657.31      2.1472  7.8100e-03  7.9400e-03  8.7700e-03  1.0490e-02  2.9800e-03
  4655.81      2.1479  7.7100e-03  7.9900e-03  8.7900e-03  1.0550e-02  2.9200e-03
  4654.31      2.1485  7.6600e-03  8.0000e-03  8.7300e-03  1.0650e-02  2.8600e-03
  4652.81      2.1492  7.6600e-03  7.9400e-03  8.5500e-03  1.0680e-02  2.8100e-03
  4651.31      2.1499  7.6500e-03  7.9200e-03  8.3700e-03  1.0640e-02  2.7600e-03
  4649.81      2.1506  7.6300e-03  8.0000e-03  8.3600e-03  1.0560e-02  2.7100e-03
  4648.31      2.1513  7.6200e-03  8.1500e-03  8.5200e-03  1.0470e-02  2.6800e-03
  4646.81      2.1520  7.6100e-03  8.2100e-03  8.6400e-03  1.0430e-02  2.6600e-03
  4645.31      2.1527  7.6100e-03  8.1900e-03  8.6200e-03  1.0480e-02  2.6400e-03
  4643.81      2.1534  7.5500e-03  8.1600e-03  8.5500e-03  1.0530e-02  2.6300e-03
  4642.31      2.1541  7.4300e-03  8.1500e-03  8.5400e-03  1.0480e-02  2.6200e-03
  4640.81      2.1548  7.3800e-03  8.1000e-03  8.7100e-03  1.0400e-02  2.6200e-03
  4639.31      2.1555  7.4200e-03  7.9000e-03  8.8600e-03  1.0410e-02  2.6300e-03
  4637.81      2.1562  7.4600e-03  7.6000e-03  8.8200e-03  1.0440e-02  2.6300e-03
  4636.31      2.1569  7.5200e-03  7.4400e-03  8.6900e-03  1.0380e-02  2.6300e-03
  4634.81      2.1576  7.6200e-03  7.5400e-03  8.6100e-03  1.0250e-02  2.6300e-03
  4633.31      2.1583  7.6800e-03  7.8000e-03  8.5600e-03  1.0170e-02  2.6300e-03
  4631.81      2.1590  7.5700e-03  8.0100e-03  8.5000e-03  1.0200e-02  2.6100e-03
  4630.31      2.1597  7.3400e-03  8.0700e-03  8.4900e-03  1.0290e-02  2.5900e-03
  4628.81      2.1604  7.1600e-03  8.0600e-03  8.5100e-03  1.0410e-02  2.5700e-03
  4627.31      2.1611  7.1100e-03  8.0300e-03  8.5600e-03  1.0490e-02  2.5400e-03
  4625.81      2.1618  7.1500e-03  8.0000e-03  8.6000e-03  1.0490e-02  2.5200e-03
  4624.31      2.1625  7.2100e-03  7.8600e-03  8.6400e-03  1.0510e-02  2.4900e-03
  4622.81      2.1632  7.2700e-03  7.6700e-03  8.7100e-03  1.0530e-02  2.4700e-03
  4621.31      2.1639  7.2800e-03  7.6200e-03  8.6500e-03  1.0480e-02  2.4500e-03
  4619.81      2.1646  7.2200e-03  7.7100e-03  8.4700e-03  1.0290e-02  2.4500e-03
  4618.31      2.1653  7.1800e-03  7.6700e-03  8.4100e-03  1.0060e-02  2.4500e-03
  4616.81      2.1660  7.1700e-03  7.4400e-03  8.5600e-03  9.9300e-03  2.4700e-03
  4615.31      2.1667  7.1500e-03  7.2600e-03  8.6200e-03  9.9600e-03  2.4700e-03
  4613.81      2.1674  7.1700e-03  7.2500e-03  8.4300e-03  1.0150e-02  2.4700e-03
  4612.31      2.1681  7.1900e-03  7.3900e-03  8.2900e-03  1.0390e-02  2.4700e-03
  4610.81      2.1688  7.1600e-03  7.5700e-03  8.3900e-03  1.0500e-02  2.4500e-03
  4609.31      2.1695  7.1800e-03  7.6300e-03  8.4700e-03  1.0470e-02  2.4100e-03
  4607.81      2.1702  7.3300e-03  7.5900e-03  8.3400e-03  1.0450e-02  2.3700e-03
  4606.31      2.1709  7.4900e-03  7.5300e-03  8.2100e-03  1.0500e-02  2.3300e-03
  4604.81      2.1716  7.5700e-03  7.5000e-03  8.2500e-03  1.0600e-02  2.3000e-03
  4603.31      2.1724  7.5400e-03  7.4700e-03  8.3200e-03  1.0650e-02  2.2800e-03
  4601.80      2.1731  7.4100e-03  7.4800e-03  8.3400e-03  1.0580e-02  2.2800e-03
  4600.30      2.1738  7.3400e-03  7.5400e-03  8.3300e-03  1.0500e-02  2.2800e-03
  4598.80      2.1745  7.4300e-03  7.6300e-03  8.2600e-03  1.0520e-02  2.2900e-03
  4597.30      2.1752  7.5100e-03  7.7500e-03  8.1800e-03  1.0590e-02  2.3100e-03
  4595.80      2.1759  7.4900e-03  7.8700e-03  8.1800e-03  1.0560e-02  2.3100e-03
  4594.30      2.1766  7.4300e-03  7.9200e-03  8.2300e-03  1.0450e-02  2.3300e-03
  4592.80      2.1773  7.3400e-03  7.9000e-03  8.2700e-03  1.0320e-02  2.3500e-03
  4591.30      2.1780  7.2500e-03  7.9000e-03  8.3700e-03  1.0220e-02  2.3700e-03
  4589.80      2.1787  7.2300e-03  7.8800e-03  8.4700e-03  1.0160e-02  2.4000e-03
  4588.30      2.1795  7.2800e-03  7.7900e-03  8.4700e-03  1.0210e-02  2.4100e-03
  4586.80      2.1802  7.3100e-03  7.6800e-03  8.4700e-03  1.0300e-02  2.4000e-03
  4585.30      2.1809  7.3000e-03  7.6800e-03  8.5300e-03  1.0330e-02  2.3900e-03
  4583.80      2.1816  7.2800e-03  7.8000e-03  8.4600e-03  1.0290e-02  2.3600e-03
  4582.30      2.1823  7.2700e-03  7.9100e-03  8.2800e-03  1.0270e-02  2.3100e-03
  4580.80      2.1830  7.2200e-03  7.8500e-03  8.2200e-03  1.0280e-02  2.2700e-03
  4579.30      2.1837  7.2000e-03  7.6900e-03  8.3300e-03  1.0280e-02  2.2300e-03
  4577.80      2.1845  7.2700e-03  7.5500e-03  8.4500e-03  1.0310e-02  2.2200e-03
  4576.30      2.1852  7.3600e-03  7.5300e-03  8.5700e-03  1.0370e-02  2.2400e-03
  4574.80      2.1859  7.3600e-03  7.6500e-03  8.6700e-03  1.0380e-02  2.2700e-03
  4573.30      2.1866  7.2800e-03  7.7600e-03  8.6500e-03  1.0280e-02  2.3300e-03
  4571.80      2.1873  7.2500e-03  7.7700e-03  8.5100e-03  1.0180e-02  2.3800e-03
  4570.30      2.1880  7.2800e-03  7.7500e-03  8.3900e-03  1.0130e-02  2.4300e-03
  4568.80      2.1888  7.3400e-03  7.7600e-03  8.3100e-03  1.0140e-02  2.4500e-03
  4567.30      2.1895  7.4100e-03  7.7900e-03  8.2800e-03  1.0200e-02  2.4600e-03
  4565.80      2.1902  7.4600e-03  7.8000e-03  8.3800e-03  1.0260e-02  2.4400e-03
  4564.30      2.1909  7.5000e-03  7.8000e-03  8.5200e-03  1.0340e-02  2.4200e-03
  4562.80      2.1916  7.5300e-03  7.8700e-03  8.5500e-03  1.0390e-02  2.3900e-03
  4561.30      2.1924  7.4900e-03  7.9500e-03  8.4900e-03  1.0300e-02  2.3800e-03
  4559.80      2.1931  7.4000e-03  7.9000e-03  8.5000e-03  1.0120e-02  2.3900e-03
  4558.30      2.1938  7.3200e-03  7.7700e-03  8.5900e-03  1.0080e-02  2.4000e-03
  4556.80      2.1945  7.2700e-03  7.7600e-03  8.7100e-03  1.0240e-02  2.4200e-03
  4555.30      2.1952  7.2700e-03  7.9400e-03  8.7400e-03  1.0350e-02  2.4400e-03
  4553.80      2.1960  7.3200e-03  8.1700e-03  8.5900e-03  1.0320e-02  2.4700e-03
  4552.30      2.1967  7.3600e-03  8.2500e-03  8.4200e-03  1.0230e-02  2.4800e-03
  4550.80      2.1974  7.3000e-03  8.1200e-03  8.4700e-03  1.0210e-02  2.4800e-03
  4549.30      2.1981  7.1400e-03  7.8500e-03  8.5600e-03  1.0330e-02  2.4800e-03
  4547.80      2.1989  7.0700e-03  7.6900e-03  8.5000e-03  1.0480e-02  2.4600e-03
  4546.30      2.1996  7.1700e-03  7.7800e-03  8.4000e-03  1.0490e-02  2.4400e-03
  4544.80      2.2003  7.3200e-03  7.9700e-03  8.4700e-03  1.0380e-02  2.4300e-03
  4543.30      2.2010  7.3500e-03  8.0200e-03  8.6200e-03  1.0250e-02  2.4100e-03
  4541.80      2.2018  7.3100e-03  8.0500e-03  8.7000e-03  1.0180e-02  2.3900e-03
  4540.30      2.2025  7.3500e-03  8.1200e-03  8.7400e-03  1.0190e-02  2.3500e-03
  4538.80      2.2032  7.3900e-03  8.1200e-03  8.8100e-03  1.0220e-02  2.3300e-03
  4537.30      2.2040  7.3900e-03  8.0900e-03  8.8200e-03  1.0240e-02  2.3000e-03
  4535.80      2.2047  7.4000e-03  8.1200e-03  8.7200e-03  1.0270e-02  2.2900e-03
  4534.30      2.2054  7.4700e-03  8.0900e-03  8.6200e-03  1.0270e-02  2.2700e-03
  4532.80      2.2061  7.5400e-03  7.9900e-03  8.6300e-03  1.0250e-02  2.2800e-03
  4531.30      2.2069  7.5400e-03  7.9400e-03  8.6200e-03  1.0340e-02  2.2900e-03
  4529.80      2.2076  7.4400e-03  7.9600e-03  8.4900e-03  1.0510e-02  2.3100e-03
  4528.30      2.2083  7.3300e-03  7.9900e-03  8.3100e-03  1.0540e-02  2.3300e-03
  4526.80      2.2091  7.3400e-03  8.0300e-03  8.1800e-03  1.0430e-02  2.3500e-03
  4525.30      2.2098  7.4300e-03  8.0700e-03  8.1200e-03  1.0330e-02  2.3600e-03
  4523.80      2.2105  7.4800e-03  8.0300e-03  8.0900e-03  1.0330e-02  2.3600e-03
  4522.30      2.2113  7.4200e-03  7.9200e-03  8.1300e-03  1.0380e-02  2.3600e-03
  4520.80      2.2120  7.3100e-03  7.8500e-03  8.2500e-03  1.0420e-02  2.3500e-03
  4519.30      2.2127  7.2700e-03  7.8000e-03  8.3700e-03  1.0390e-02  2.3500e-03
  4517.80      2.2135  7.3600e-03  7.8000e-03  8.4500e-03  1.0310e-02  2.3500e-03
  4516.30      2.2142  7.4500e-03  7.8800e-03  8.5000e-03  1.0260e-02  2.3400e-03
  4514.80      2.2149  7.4600e-03  7.9300e-03  8.5800e-03  1.0210e-02  2.3400e-03
  4513.30      2.2157  7.4100e-03  7.9500e-03  8.6500e-03  1.0130e-02  2.3200e-03
  4511.80      2.2164  7.3100e-03  7.9800e-03  8.5900e-03  1.0080e-02  2.3000e-03
  4510.30      2.2171  7.2000e-03  7.9700e-03  8.4500e-03  1.0110e-02  2.2800e-03
  4508.80      2.2179  7.1800e-03  7.9000e-03  8.4200e-03  1.0150e-02  2.2800e-03
  4507.30      2.2186  7.2400e-03  7.8400e-03  8.5200e-03  1.0080e-02  2.2700e-03
  4505.80      2.2194  7.2700e-03  7.7800e-03  8.6200e-03  9.9800e-03  2.2700e-03
  4504.30      2.2201  7.2100e-03  7.7400e-03  8.6300e-03  9.9500e-03  2.2600e-03
  4502.80      2.2208  7.1300e-03  7.7700e-03  8.5700e-03  9.9600e-03  2.2500e-03
  4501.30      2.2216  7.0900e-03  7.7700e-03  8.4600e-03  1.0020e-02  2.2300e-03
  4499.80      2.2223  7.0400e-03  7.7600e-03  8.3700e-03  1.0180e-02  2.2000e-03
  4498.30      2.2231  7.0300e-03  7.8400e-03  8.3900e-03  1.0310e-02  2.1700e-03
  4496.80      2.2238  7.1100e-03  7.9800e-03  8.4800e-03  1.0330e-02  2.1400e-03
  4495.30      2.2245  7.2800e-03  8.0100e-03  8.5300e-03  1.0290e-02  2.1300e-03
  4493.80      2.2253  7.4400e-03  7.8800e-03  8.5500e-03  1.0260e-02  2.1100e-03
  4492.30      2.2260  7.4600e-03  7.6900e-03  8.6400e-03  1.0290e-02  2.1100e-03
  4490.80      2.2268  7.4100e-03  7.5700e-03  8.7400e-03  1.0360e-02  2.1100e-03
  4489.30      2.2275  7.4400e-03  7.6400e-03  8.7400e-03  1.0340e-02  2.1100e-03
  4487.80      2.2283  7.4900e-03  7.8700e-03  8.6400e-03  1.0160e-02  2.1100e-03
  4486.30      2.2290  7.4900e-03  8.0800e-03  8.5600e-03  9.9900e-03  2.0900e-03
  4484.80      2.2298  7.4500e-03  8.1100e-03  8.5200e-03  1.0020e-02  2.0600e-03
  4483.30      2.2305  7.3800e-03  7.9800e-03  8.5400e-03  1.0190e-02  2.0100e-03
  4481.80      2.2312  7.3200e-03  7.8900e-03  8.6400e-03  1.0270e-02  1.9600e-03
  4480.30      2.2320  7.3000e-03  7.8800e-03  8.8200e-03  1.0210e-02  1.8900e-03
  4478.80      2.2327  7.3600e-03  7.8600e-03  8.9000e-03  1.0120e-02  1.8400e-03
  4477.30      2.2335  7.4100e-03  7.7800e-03  8.7600e-03  1.0070e-02  1.8000e-03
  4475.80      2.2342  7.3500e-03  7.7400e-03  8.5900e-03  1.0110e-02  1.7800e-03
  4474.30      2.2350  7.2400e-03  7.8500e-03  8.5300e-03  1.0150e-02  1.7800e-03
  4472.80      2.2357  7.2300e-03  8.0500e-03  8.5300e-03  1.0110e-02  1.8100e-03
  4471.30      2.2365  7.3000e-03  8.0800e-03  8.5500e-03  1.0040e-02  1.8400e-03
  4469.79      2.2372  7.3400e-03  7.8900e-03  8.6100e-03  9.9700e-03  1.8800e-03
  4468.29      2.2380  7.3200e-03  7.7300e-03  8.6700e-03  9.9100e-03  1.9200e-03
  4466.79      2.2387  7.2400e-03  7.7300e-03  8.6600e-03  9.9100e-03  1.9500e-03
  4465.29      2.2395  7.1700e-03  7.7700e-03  8.5900e-03  1.0020e-02  1.9600e-03
  4463.79      2.2402  7.1300e-03  7.7900e-03  8.6500e-03  1.0160e-02  1.9600e-03
  4462.29      2.2410  7.1300e-03  7.8000e-03  8.8400e-03  1.0180e-02  1.9600e-03
  4460.79      2.2418  7.1500e-03  7.7500e-03  8.9300e-03  1.0060e-02  1.9500e-03
  4459.29      2.2425  7.1800e-03  7.7200e-03  8.8800e-03  1.0000e-02  1.9200e-03
  4457.79      2.2433  7.2100e-03  7.7800e-03  8.8300e-03  1.0060e-02  1.9000e-03
  4456.29      2.2440  7.2200e-03  7.9400e-03  8.7600e-03  1.0140e-02  1.8800e-03
  4454.79      2.2448  7.2100e-03  8.1100e-03  8.6100e-03  1.0190e-02  1.8700e-03
  4453.29      2.2455  7.1400e-03  8.1900e-03  8.4800e-03  1.0210e-02  1.8500e-03
  4451.79      2.2463  7.1000e-03  8.0800e-03  8.4000e-03  1.0220e-02  1.8500e-03
  4450.29      2.2470  7.1400e-03  7.9100e-03  8.4200e-03  1.0230e-02  1.8500e-03
  4448.79      2.2478  7.1900e-03  7.9600e-03  8.5100e-03  1.0220e-02  1.8600e-03
  4447.29      2.2486  7.1800e-03  8.2000e-03  8.5900e-03  1.0180e-02  1.8700e-03
  4445.79      2.2493  7.1100e-03  8.3500e-03  8.5900e-03  1.0110e-02  1.8800e-03
  4444.29      2.2501  7.0900e-03  8.2700e-03  8.5300e-03  1.0040e-02  1.8900e-03
  4442.79      2.2508  7.1300e-03  8.0300e-03  8.4800e-03  1.0010e-02  1.9000e-03
  4441.29      2.2516  7.1400e-03  7.7800e-03  8.5000e-03  1.0010e-02  1.9000e-03
  4439.79      2.2524  7.1000e-03  7.6900e-03  8.5300e-03  9.9700e-03  1.8900e-03
  4438.29      2.2531  7.0700e-03  7.7500e-03  8.5400e-03  9.8500e-03  1.8800e-03
  4436.79      2.2539  7.0600e-03  7.8000e-03  8.5000e-03  9.8100e-03  1.8700e-03
  4435.29      2.2546  7.0500e-03  7.7400e-03  8.4300e-03  9.9300e-03  1.8500e-03
  4433.79      2.2554  7.1000e-03  7.6100e-03  8.3800e-03  1.0010e-02  1.8300e-03
  4432.29      2.2562  7.1800e-03  7.4800e-03  8.3000e-03  9.9700e-03  1.7900e-03
  4430.79      2.2569  7.1900e-03  7.3800e-03  8.2000e-03  9.9100e-03  1.7700e-03
  4429.29      2.2577  7.1100e-03  7.3800e-03  8.2200e-03  9.8900e-03  1.7400e-03
  4427.79      2.2585  7.0600e-03  7.4900e-03  8.3500e-03  9.8900e-03  1.7200e-03
  4426.29      2.2592  7.0900e-03  7.5400e-03  8.4800e-03  9.9300e-03  1.7100e-03
  4424.79      2.2600  7.0700e-03  7.4500e-03  8.6000e-03  9.9700e-03  1.7000e-03
  4423.29      2.2608  7.0100e-03  7.4500e-03  8.7100e-03  9.8900e-03  1.7000e-03
  4421.79      2.2615  6.9800e-03  7.6100e-03  8.7000e-03  9.7400e-03  1.7000e-03
  4420.29      2.2623  6.9800e-03  7.7200e-03  8.5600e-03  9.6700e-03  1.7000e-03
  4418.79      2.2631  6.9800e-03  7.6800e-03  8.3800e-03  9.6700e-03  1.7100e-03
  4417.29      2.2638  6.9400e-03  7.6300e-03  8.2800e-03  9.6700e-03  1.7100e-03
  4415.79      2.2646  6.9100e-03  7.6400e-03  8.3000e-03  9.6400e-03  1.7100e-03
  4414.29      2.2654  6.9100e-03  7.7000e-03  8.3700e-03  9.5800e-03  1.7000e-03
  4412.79      2.2661  6.9100e-03  7.8200e-03  8.4300e-03  9.5600e-03  1.7000e-03
  4411.29      2.2669  6.9300e-03  7.8900e-03  8.5300e-03  9.6100e-03  1.7000e-03
  4409.79      2.2677  6.9700e-03  7.8600e-03  8.7100e-03  9.6400e-03  1.7000e-03
  4408.29      2.2685  7.0100e-03  7.8100e-03  8.7900e-03  9.5700e-03  1.7000e-03
  4406.79      2.2692  7.0300e-03  7.8200e-03  8.6500e-03  9.4800e-03  1.7000e-03
  4405.29      2.2700  7.0300e-03  7.8600e-03  8.4500e-03  9.4700e-03  1.7200e-03
  4403.79      2.2708  7.0000e-03  7.8200e-03  8.2900e-03  9.6000e-03  1.7300e-03
  4402.29      2.2715  6.9100e-03  7.6800e-03  8.2200e-03  9.7800e-03  1.7300e-03
  4400.79      2.2723  6.8300e-03  7.5700e-03  8.2600e-03  9.9200e-03  1.7300e-03
  4399.29      2.2731  6.8500e-03  7.5700e-03  8.3400e-03  1.0040e-02  1.7200e-03
  4397.79      2.2739  6.9300e-03  7.6000e-03  8.4300e-03  1.0090e-02  1.7000e-03
  4396.29      2.2746  6.9500e-03  7.5800e-03  8.5000e-03  1.0010e-02  1.6700e-03
  4394.79      2.2754  6.9200e-03  7.5200e-03  8.4900e-03  9.9000e-03  1.6300e-03
  4393.29      2.2762  6.9200e-03  7.4600e-03  8.3700e-03  9.8600e-03  1.5800e-03
  4391.79      2.2770  6.9000e-03  7.4700e-03  8.1600e-03  9.8400e-03  1.5400e-03
  4390.29      2.2778  6.8100e-03  7.5400e-03  7.9900e-03  9.8300e-03  1.5100e-03
  4388.79      2.2785  6.7400e-03  7.6200e-03  7.9700e-03  9.8200e-03  1.4900e-03
  4387.29      2.2793  6.7800e-03  7.6200e-03  8.0900e-03  9.7800e-03  1.4800e-03
  4385.79      2.2801  6.8800e-03  7.5900e-03  8.2000e-03  9.7800e-03  1.4800e-03
  4384.29      2.2809  6.9300e-03  7.6200e-03  8.2700e-03  9.8100e-03  1.4900e-03
  4382.79      2.2817  6.9200e-03  7.6100e-03  8.3400e-03  9.7700e-03  1.5000e-03
  4381.29      2.2824  6.9000e-03  7.4500e-03  8.3600e-03  9.7400e-03  1.5100e-03
  4379.79      2.2832  6.9200e-03  7.3200e-03  8.3300e-03  9.7300e-03  1.5300e-03
  4378.29      2.2840  6.9600e-03  7.4000e-03  8.3100e-03  9.6700e-03  1.5500e-03
  4376.79      2.2848  6.9900e-03  7.5400e-03  8.2600e-03  9.6000e-03  1.5500e-03
  4375.29      2.2856  7.0000e-03  7.6300e-03  8.2200e-03  9.6300e-03  1.5600e-03
  4373.79      2.2863  6.9900e-03  7.6700e-03  8.2600e-03  9.6700e-03  1.5500e-03
  4372.29      2.2871  6.9500e-03  7.7100e-03  8.3000e-03  9.5800e-03  1.5200e-03
  4370.79      2.2879  6.8700e-03  7.7000e-03  8.3100e-03  9.4900e-03  1.4900e-03
  4369.29      2.2887  6.7700e-03  7.6700e-03  8.3600e-03  9.5300e-03  1.4600e-03
  4367.79      2.2895  6.7300e-03  7.6100e-03  8.4300e-03  9.6500e-03  1.4300e-03
  4366.29      2.2903  6.7900e-03  7.4400e-03  8.4700e-03  9.7000e-03  1.4200e-03
  4364.79      2.2911  6.9300e-03  7.2400e-03  8.5300e-03  9.7000e-03  1.4200e-03
  4363.29      2.2919  7.0700e-03  7.1500e-03  8.5200e-03  9.7500e-03  1.4300e-03
  4361.79      2.2926  7.1000e-03  7.1700e-03  8.4900e-03  9.7800e-03  1.4400e-03
  4360.29      2.2934  7.0400e-03  7.1300e-03  8.5200e-03  9.7000e-03  1.4400e-03
  4358.79      2.2942  6.9800e-03  7.1400e-03  8.5600e-03  9.6200e-03  1.4300e-03
  4357.29      2.2950  6.9500e-03  7.2800e-03  8.5400e-03  9.6000e-03  1.4100e-03
  4355.79      2.2958  6.9500e-03  7.4200e-03  8.4100e-03  9.5800e-03  1.3900e-03
  4354.29      2.2966  6.9700e-03  7.4800e-03  8.2200e-03  9.6000e-03  1.3700e-03
  4352.79      2.2974  6.9400e-03  7.4000e-03  8.0600e-03  9.5800e-03  1.3700e-03
  4351.29      2.2982  6.8400e-03  7.1000e-03  8.0700e-03  9.5200e-03  1.3600e-03
  4349.79      2.2990  6.7700e-03  6.7700e-03  8.2000e-03  9.5700e-03  1.3600e-03
  4348.29      2.2998  6.7500e-03  6.6900e-03  8.3400e-03  9.6900e-03  1.3600e-03
  4346.79      2.3006  6.7100e-03  6.7800e-03  8.4400e-03  9.6500e-03  1.3600e-03
  4345.29      2.3013  6.6700e-03  6.8100e-03  8.4800e-03  9.4800e-03  1.3500e-03
  4343.79      2.3021  6.7100e-03  6.8300e-03  8.4400e-03  9.4100e-03  1.3400e-03
  4342.29      2.3029  6.8100e-03  6.9700e-03  8.4000e-03  9.5700e-03  1.3400e-03
  4340.79      2.3037  6.8400e-03  7.1300e-03  8.4100e-03  9.7300e-03  1.3400e-03
  4339.29      2.3045  6.8200e-03  7.1300e-03  8.3900e-03  9.6700e-03  1.3400e-03
  4337.79      2.3053  6.8100e-03  6.9800e-03  8.2800e-03  9.5400e-03  1.3500e-03
  4336.29      2.3061  6.8200e-03  6.8400e-03  8.1500e-03  9.5700e-03  1.3700e-03
  4334.79      2.3069  6.7800e-03  6.7800e-03  8.0600e-03  9.7400e-03  1.3900e-03
  4333.28      2.3077  6.7100e-03  6.8100e-03  7.9900e-03  9.8900e-03  1.4300e-03
  4331.78      2.3085  6.7100e-03  6.9000e-03  8.0000e-03  9.9500e-03  1.4600e-03
  4330.28      2.3093  6.8100e-03  7.0000e-03  8.1100e-03  9.9600e-03  1.4900e-03
  4328.78      2.3101  6.9000e-03  7.0500e-03  8.2400e-03  9.9500e-03  1.5200e-03
  4327.28      2.3109  6.9100e-03  7.0100e-03  8.2300e-03  9.8800e-03  1.5400e-03
  4325.78      2.3117  6.8600e-03  6.9000e-03  8.1600e-03  9.7600e-03  1.5500e-03
  4324.28      2.3125  6.7500e-03  6.7800e-03  8.1700e-03  9.6800e-03  1.5500e-03
  4322.78      2.3133  6.6800e-03  6.7100e-03  8.1900e-03  9.5600e-03  1.5500e-03
  4321.28      2.3141  6.6800e-03  6.7900e-03  8.1400e-03  9.3200e-03  1.5500e-03
  4319.78      2.3149  6.7100e-03  7.0000e-03  8.0300e-03  9.0900e-03  1.5600e-03
  4318.28      2.3157  6.7200e-03  7.1400e-03  7.9600e-03  9.0600e-03  1.5700e-03
  4316.78      2.3165  6.7400e-03  7.1100e-03  7.9800e-03  9.1900e-03  1.5600e-03
  4315.28      2.3173  6.7400e-03  7.0500e-03  7.9900e-03  9.3200e-03  1.5600e-03
  4313.78      2.3182  6.6700e-03  7.0700e-03  7.9500e-03  9.3700e-03  1.5500e-03
  4312.28      2.3190  6.6000e-03  7.1100e-03  7.8900e-03  9.3500e-03  1.5400e-03
  4310.78      2.3198  6.6200e-03  7.1200e-03  7.8900e-03  9.2800e-03  1.5200e-03
  4309.28      2.3206  6.6500e-03  7.0500e-03  7.9400e-03  9.2000e-03  1.5100e-03
  4307.78      2.3214  6.6000e-03  6.8400e-03  8.0200e-03  9.2100e-03  1.4900e-03
  4306.28      2.3222  6.5300e-03  6.6600e-03  8.1200e-03  9.3600e-03  1.4600e-03
  4304.78      2.3230  6.5100e-03  6.6800e-03  8.2300e-03  9.5500e-03  1.4300e-03
  4303.28      2.3238  6.5500e-03  6.8200e-03  8.2900e-03  9.6100e-03  1.3900e-03
  4301.78      2.3246  6.5800e-03  6.9000e-03  8.2100e-03  9.5900e-03  1.3500e-03
  4300.28      2.3254  6.6100e-03  6.8800e-03  8.0500e-03  9.5500e-03  1.3100e-03
  4298.78      2.3262  6.6800e-03  6.8000e-03  7.9400e-03  9.4200e-03  1.2800e-03
  4297.28      2.3271  6.7300e-03  6.6800e-03  7.9000e-03  9.2500e-03  1.2600e-03
  4295.78      2.3279  6.6800e-03  6.6000e-03  7.9300e-03  9.1700e-03  1.2500e-03
  4294.28      2.3287  6.5900e-03  6.6400e-03  7.9600e-03  9.1500e-03  1.2600e-03
  4292.78      2.3295  6.5600e-03  6.6900e-03  7.9400e-03  9.1300e-03  1.2900e-03
  4291.28      2.3303  6.5700e-03  6.6500e-03  7.9000e-03  9.1300e-03  1.3100e-03
  4289.78      2.3311  6.6000e-03  6.5900e-03  7.8800e-03  9.1700e-03  1.3400e-03
  4288.28      2.3319  6.6200e-03  6.6300e-03  7.8600e-03  9.2300e-03  1.3500e-03
  4286.78      2.3328  6.6100e-03  6.7100e-03  7.7900e-03  9.2300e-03  1.3700e-03
  4285.28      2.3336  6.6300e-03  6.7100e-03  7.7300e-03  9.2700e-03  1.3700e-03
  4283.78      2.3344  6.7100e-03  6.6500e-03  7.7300e-03  9.3800e-03  1.3500e-03
  4282.28      2.3352  6.7200e-03  6.6300e-03  7.8100e-03  9.4300e-03  1.3400e-03
  4280.78      2.3360  6.5900e-03  6.6300e-03  7.8400e-03  9.4000e-03  1.3100e-03
  4279.28      2.3368  6.4400e-03  6.6100e-03  7.8300e-03  9.3600e-03  1.2800e-03
  4277.78      2.3377  6.3500e-03  6.5500e-03  7.9000e-03  9.3000e-03  1.2500e-03
  4276.28      2.3385  6.3200e-03  6.4500e-03  8.0600e-03  9.2100e-03  1.2200e-03
  4274.78      2.3393  6.3200e-03  6.3800e-03  8.1200e-03  9.0800e-03  1.1900e-03
  4273.28      2.3401  6.3200e-03  6.3700e-03  7.9800e-03  8.9700e-03  1.1800e-03
  4271.78      2.3409  6.3200e-03  6.3500e-03  7.7500e-03  8.9200e-03  1.1800e-03
  4270.28      2.3418  6.3000e-03  6.3500e-03  7.6000e-03  8.9900e-03  1.1900e-03
  4268.78      2.3426  6.2700e-03  6.4200e-03  7.6500e-03  9.1200e-03  1.2200e-03
  4267.28      2.3434  6.3000e-03  6.4800e-03  7.8800e-03  9.1800e-03  1.2500e-03
  4265.78      2.3442  6.3700e-03  6.4000e-03  8.0700e-03  9.1100e-03  1.2900e-03
  4264.28      2.3451  6.3900e-03  6.2900e-03  8.0800e-03  8.9900e-03  1.3200e-03
  4262.78      2.3459  6.3400e-03  6.2800e-03  7.9700e-03  8.9300e-03  1.3400e-03
  4261.28      2.3467  6.2400e-03  6.3200e-03  7.8600e-03  8.9300e-03  1.3500e-03
  4259.78      2.3475  6.2100e-03  6.2600e-03  7.7900e-03  8.9500e-03  1.3300e-03
  4258.28      2.3484  6.3300e-03  6.1800e-03  7.8300e-03  9.0000e-03  1.3000e-03
  4256.78      2.3492  6.5100e-03  6.2400e-03  7.9000e-03  9.0500e-03  1.2600e-03
  4255.28      2.3500  6.5600e-03  6.3200e-03  7.9100e-03  9.0800e-03  1.2100e-03
  4253.78      2.3509  6.5000e-03  6.3200e-03  7.9500e-03  9.0500e-03  1.1600e-03
  4252.28      2.3517  6.4100e-03  6.3300e-03  8.0400e-03  9.0500e-03  1.1100e-03
  4250.78      2.3525  6.3500e-03  6.4300e-03  8.0800e-03  9.1200e-03  1.0900e-03
  4249.28      2.3533  6.3300e-03  6.5500e-03  8.0300e-03  9.1100e-03  1.0800e-03
  4247.78      2.3542  6.3600e-03  6.5900e-03  7.9500e-03  8.9600e-03  1.0900e-03
  4246.28      2.3550  6.4100e-03  6.5500e-03  7.9300e-03  8.8300e-03  1.1300e-03
  4244.78      2.3558  6.4600e-03  6.5800e-03  7.9200e-03  8.8200e-03  1.1800e-03
  4243.28      2.3567  6.4500e-03  6.7200e-03  7.8500e-03  8.9200e-03  1.2100e-03
  4241.78      2.3575  6.4000e-03  6.7700e-03  7.7600e-03  9.0700e-03  1.2300e-03
  4240.28      2.3583  6.3000e-03  6.6100e-03  7.7400e-03  9.1300e-03  1.2300e-03
  4238.78      2.3592  6.2200e-03  6.3500e-03  7.7700e-03  9.0600e-03  1.2100e-03
  4237.28      2.3600  6.2100e-03  6.1900e-03  7.7200e-03  8.9900e-03  1.1900e-03
  4235.78      2.3608  6.2400e-03  6.1800e-03  7.6000e-03  8.9600e-03  1.1600e-03
  4234.28      2.3617  6.2800e-03  6.2300e-03  7.5400e-03  8.9400e-03  1.1600e-03
  4232.78      2.3625  6.3500e-03  6.2500e-03  7.5600e-03  8.9600e-03  1.1600e-03
  4231.28      2.3634  6.3900e-03  6.3100e-03  7.6000e-03  8.9400e-03  1.1600e-03
  4229.78      2.3642  6.3600e-03  6.4200e-03  7.6500e-03  8.8800e-03  1.1500e-03
  4228.28      2.3650  6.2800e-03  6.4200e-03  7.6400e-03  8.8400e-03  1.1400e-03
  4226.78      2.3659  6.2400e-03  6.2600e-03  7.5100e-03  8.8600e-03  1.1100e-03
  4225.28      2.3667  6.2400e-03  6.1300e-03  7.3600e-03  8.8900e-03  1.0900e-03
  4223.78      2.3675  6.2800e-03  6.1000e-03  7.2900e-03  8.9200e-03  1.0800e-03
  4222.28      2.3684  6.3400e-03  6.1000e-03  7.2700e-03  8.8400e-03  1.0800e-03
  4220.78      2.3692  6.3600e-03  6.0900e-03  7.2700e-03  8.6800e-03  1.0900e-03
  4219.28      2.3701  6.3400e-03  6.1200e-03  7.2800e-03  8.6700e-03  1.1200e-03
  4217.78      2.3709  6.3200e-03  6.1200e-03  7.2800e-03  8.8400e-03  1.1500e-03
  4216.28      2.3718  6.3000e-03  6.0300e-03  7.3000e-03  8.8800e-03  1.1700e-03
  4214.78      2.3726  6.2700e-03  5.9100e-03  7.2900e-03  8.7500e-03  1.2000e-03
  4213.28      2.3735  6.2100e-03  5.8500e-03  7.2700e-03  8.6600e-03  1.2200e-03
  4211.78      2.3743  6.1500e-03  5.8500e-03  7.2700e-03  8.6300e-03  1.2500e-03
  4210.28      2.3751  6.1700e-03  5.8600e-03  7.3000e-03  8.6200e-03  1.2600e-03
  4208.78      2.3760  6.2700e-03  5.8300e-03  7.3700e-03  8.6400e-03  1.2600e-03
  4207.28      2.3768  6.3200e-03  5.7600e-03  7.4200e-03  8.7300e-03  1.2600e-03
  4205.78      2.3777  6.2900e-03  5.7300e-03  7.4600e-03  8.8200e-03  1.2600e-03
  4204.28      2.3785  6.2600e-03  5.7800e-03  7.4700e-03  8.8400e-03  1.2600e-03
  4202.78      2.3794  6.2400e-03  5.8600e-03  7.4200e-03  8.7700e-03  1.2600e-03
  4201.27      2.3802  6.2000e-03  5.8800e-03  7.3700e-03  8.6400e-03  1.2700e-03
  4199.77      2.3811  6.1300e-03  5.8600e-03  7.3500e-03  8.5400e-03  1.2800e-03
  4198.27      2.3819  6.1100e-03  5.8400e-03  7.2900e-03  8.5500e-03  1.2800e-03
  4196.77      2.3828  6.1800e-03  5.8900e-03  7.2200e-03  8.6400e-03  1.2800e-03
  4195.27      2.3836  6.2800e-03  5.9900e-03  7.2200e-03  8.6800e-03  1.2700e-03
  4193.77      2.3845  6.2800e-03  6.0700e-03  7.3000e-03  8.6300e-03  1.2600e-03
  4192.27      2.3853  6.2100e-03  6.1000e-03  7.3600e-03  8.6400e-03  1.2400e-03
  4190.77      2.3862  6.1500e-03  6.1300e-03  7.2900e-03  8.6900e-03  1.2300e-03
  4189.27      2.3870  6.1300e-03  6.1500e-03  7.1800e-03  8.6200e-03  1.2100e-03
  4187.77      2.3879  6.1500e-03  6.1400e-03  7.1100e-03  8.4500e-03  1.2100e-03
  4186.27      2.3888  6.3000e-03  6.0300e-03  7.0100e-03  8.4100e-03  1.2100e-03
  4184.77      2.3896  6.5000e-03  5.9000e-03  6.8500e-03  8.5100e-03  1.2100e-03
  4183.27      2.3905  6.6000e-03  5.8300e-03  6.8000e-03  8.6000e-03  1.2300e-03
  4181.77      2.3913  6.5300e-03  5.8700e-03  6.9600e-03  8.6100e-03  1.2400e-03
  4180.27      2.3922  6.4000e-03  5.9900e-03  7.1600e-03  8.5500e-03  1.2500e-03
  4178.77      2.3930  6.2900e-03  6.1000e-03  7.2100e-03  8.5600e-03  1.2500e-03
  4177.27      2.3939  6.2000e-03  6.1400e-03  7.1400e-03  8.6900e-03  1.2500e-03
  4175.77      2.3948  6.1700e-03  6.0700e-03  7.0900e-03  8.8300e-03  1.2300e-03
  4174.27      2.3956  6.2500e-03  5.9700e-03  7.1100e-03  8.9300e-03  1.2200e-03
  4172.77      2.3965  6.3200e-03  5.9800e-03  7.1300e-03  9.0100e-03  1.2000e-03
  4171.27      2.3973  6.3000e-03  6.1100e-03  7.1900e-03  8.9500e-03  1.1900e-03
  4169.77      2.3982  6.2800e-03  6.2100e-03  7.2600e-03  8.7000e-03  1.1900e-03
  4168.27      2.3991  6.3200e-03  6.1300e-03  7.2100e-03  8.4800e-03  1.1900e-03
  4166.77      2.3999  6.3800e-03  6.0200e-03  7.0200e-03  8.4900e-03  1.2000e-03
  4165.27      2.4008  6.4300e-03  5.9900e-03  6.8300e-03  8.6000e-03  1.2100e-03
  4163.77      2.4017  6.4400e-03  5.9600e-03  6.7600e-03  8.6800e-03  1.2100e-03
  4162.27      2.4025  6.4300e-03  5.9800e-03  6.8200e-03  8.7200e-03  1.2300e-03
  4160.77      2.4034  6.4100e-03  6.0800e-03  6.9100e-03  8.7100e-03  1.2400e-03
  4159.27      2.4043  6.3700e-03  6.1400e-03  7.0000e-03  8.6800e-03  1.2600e-03
  4157.77      2.4051  6.3300e-03  6.1300e-03  7.0800e-03  8.6700e-03  1.2800e-03
  4156.27      2.4060  6.3400e-03  6.1500e-03  7.1300e-03  8.6500e-03  1.2900e-03
  4154.77      2.4069  6.4300e-03  6.1600e-03  7.0900e-03  8.6000e-03  1.2800e-03
  4153.27      2.4077  6.5400e-03  6.1300e-03  7.0400e-03  8.5500e-03  1.2600e-03
  4151.77      2.4086  6.5800e-03  6.0800e-03  7.0200e-03  8.5500e-03  1.2200e-03
  4150.27      2.4095  6.5100e-03  6.0600e-03  7.0100e-03  8.6200e-03  1.1800e-03
  4148.77      2.4104  6.4000e-03  6.0300e-03  7.0400e-03  8.6900e-03  1.1500e-03
  4147.27      2.4112  6.3700e-03  6.0300e-03  7.1700e-03  8.7800e-03  1.1400e-03
  4145.77      2.4121  6.3600e-03  6.0600e-03  7.3200e-03  8.9300e-03  1.1400e-03
  4144.27      2.4130  6.3400e-03  6.0500e-03  7.3800e-03  9.0500e-03  1.1600e-03
  4142.77      2.4138  6.3500e-03  6.0300e-03  7.3700e-03  8.9900e-03  1.1800e-03
  4141.27      2.4147  6.3800e-03  6.0400e-03  7.3200e-03  8.8300e-03  1.1900e-03
  4139.77      2.4156  6.4000e-03  6.0700e-03  7.2500e-03  8.6800e-03  1.1900e-03
  4138.27      2.4165  6.4500e-03  6.1100e-03  7.1800e-03  8.5800e-03  1.1800e-03
  4136.77      2.4173  6.5000e-03  6.1700e-03  7.1400e-03  8.5000e-03  1.1700e-03
  4135.27      2.4182  6.4900e-03  6.2300e-03  7.1500e-03  8.5000e-03  1.1500e-03
  4133.77      2.4191  6.4800e-03  6.3400e-03  7.2400e-03  8.5500e-03  1.1400e-03
  4132.27      2.4200  6.5000e-03  6.4100e-03  7.3500e-03  8.5900e-03  1.1500e-03
  4130.77      2.4209  6.5500e-03  6.3600e-03  7.3600e-03  8.6200e-03  1.1600e-03
  4129.27      2.4217  6.5700e-03  6.2800e-03  7.2100e-03  8.6300e-03  1.1900e-03
  4127.77      2.4226  6.5100e-03  6.2000e-03  7.0500e-03  8.6200e-03  1.2200e-03
  4126.27      2.4235  6.4200e-03  6.0800e-03  6.9800e-03  8.6200e-03  1.2400e-03
  4124.77      2.4244  6.3500e-03  5.9600e-03  6.9600e-03  8.6700e-03  1.2700e-03
  4123.27      2.4253  6.3300e-03  6.0100e-03  6.9500e-03  8.7200e-03  1.2800e-03
  4121.77      2.4261  6.4100e-03  6.1700e-03  6.9900e-03  8.7300e-03  1.2900e-03
  4120.27      2.4270  6.5500e-03  6.3000e-03  7.1000e-03  8.7000e-03  1.3000e-03
  4118.77      2.4279  6.6600e-03  6.3300e-03  7.2800e-03  8.6500e-03  1.3100e-03
  4117.27      2.4288  6.6900e-03  6.3400e-03  7.3700e-03  8.6500e-03  1.3400e-03
  4115.77      2.4297  6.6300e-03  6.4200e-03  7.2100e-03  8.7000e-03  1.3600e-03
  4114.27      2.4306  6.5500e-03  6.5100e-03  6.9500e-03  8.7100e-03  1.4100e-03
  4112.77      2.4315  6.4900e-03  6.4800e-03  6.8600e-03  8.6200e-03  1.4600e-03
  4111.27      2.4323  6.4900e-03  6.3700e-03  6.9200e-03  8.5200e-03  1.5000e-03
  4109.77      2.4332  6.5300e-03  6.3200e-03  6.9600e-03  8.5200e-03  1.5400e-03
  4108.27      2.4341  6.5800e-03  6.3400e-03  6.9500e-03  8.6000e-03  1.5600e-03
  4106.77      2.4350  6.6000e-03  6.3700e-03  6.9000e-03  8.6500e-03  1.5700e-03
  4105.27      2.4359  6.6100e-03  6.3600e-03  6.8600e-03  8.6500e-03  1.5900e-03
  4103.77      2.4368  6.6700e-03  6.3300e-03  6.7800e-03  8.6200e-03  1.6100e-03
  4102.27      2.4377  6.7300e-03  6.3200e-03  6.6600e-03  8.5900e-03  1.6200e-03
  4100.77      2.4386  6.6900e-03  6.3500e-03  6.6700e-03  8.5800e-03  1.6400e-03
  4099.27      2.4395  6.5700e-03  6.3600e-03  6.9100e-03  8.5400e-03  1.6600e-03
  4097.77      2.4404  6.5100e-03  6.3600e-03  7.1800e-03  8.5000e-03  1.6700e-03
  4096.27      2.4412  6.5600e-03  6.3600e-03  7.2200e-03  8.5100e-03  1.6700e-03
  4094.77      2.4421  6.6600e-03  6.3800e-03  7.1400e-03  8.5500e-03  1.6600e-03
  4093.27      2.4430  6.7600e-03  6.4100e-03  7.1300e-03  8.6000e-03  1.6400e-03
  4091.77      2.4439  6.8100e-03  6.4600e-03  7.2100e-03  8.6900e-03  1.6100e-03
  4090.27      2.4448  6.8000e-03  6.5700e-03  7.2700e-03  8.8400e-03  1.5900e-03
  4088.77      2.4457  6.7900e-03  6.6700e-03  7.2800e-03  9.0000e-03  1.5700e-03
  4087.27      2.4466  6.7900e-03  6.6600e-03  7.1900e-03  9.0900e-03  1.5500e-03
  4085.77      2.4475  6.8000e-03  6.5300e-03  7.0600e-03  8.9500e-03  1.5500e-03
  4084.27      2.4484  6.7800e-03  6.3700e-03  6.9800e-03  8.6400e-03  1.5700e-03
  4082.77      2.4493  6.7400e-03  6.2600e-03  6.9300e-03  8.4300e-03  1.6000e-03
  4081.27      2.4502  6.7100e-03  6.2400e-03  6.8500e-03  8.4600e-03  1.6300e-03
  4079.77      2.4511  6.7200e-03  6.3200e-03  6.7600e-03  8.6200e-03  1.6600e-03
  4078.27      2.4520  6.7200e-03  6.4400e-03  6.7600e-03  8.7300e-03  1.6800e-03
  4076.77      2.4529  6.7200e-03  6.4700e-03  6.9000e-03  8.7000e-03  1.7000e-03
  4075.27      2.4538  6.7600e-03  6.3800e-03  7.0700e-03  8.5900e-03  1.7000e-03
  4073.77      2.4547  6.8500e-03  6.3100e-03  7.1000e-03  8.5100e-03  1.7000e-03
  4072.27      2.4556  6.9000e-03  6.3300e-03  7.0200e-03  8.4600e-03  1.7000e-03
  4070.77      2.4565  6.8900e-03  6.4100e-03  6.9900e-03  8.5000e-03  1.7000e-03
  4069.27      2.4574  6.8700e-03  6.5400e-03  7.0500e-03  8.7100e-03  1.7100e-03
  4067.77      2.4584  6.8900e-03  6.6500e-03  7.1500e-03  8.9700e-03  1.7200e-03
  4066.26      2.4593  6.9600e-03  6.6900e-03  7.2700e-03  9.0400e-03  1.7200e-03
  4064.76      2.4602  7.0500e-03  6.7000e-03  7.3800e-03  8.9900e-03  1.7200e-03
  4063.26      2.4611  7.1700e-03  6.7500e-03  7.4500e-03  8.9500e-03  1.7100e-03
  4061.76      2.4620  7.3300e-03  6.8500e-03  7.4700e-03  8.9000e-03  1.7000e-03
  4060.26      2.4629  7.4400e-03  6.9300e-03  7.4100e-03  8.8500e-03  1.6900e-03
  4058.76      2.4638  7.4400e-03  6.9700e-03  7.3400e-03  8.8500e-03  1.6900e-03
  4057.26      2.4647  7.3400e-03  7.0100e-03  7.2900e-03  8.8600e-03  1.7100e-03
  4055.76      2.4656  7.2200e-03  7.0700e-03  7.2400e-03  8.8800e-03  1.7300e-03
  4054.26      2.4665  7.1400e-03  7.0600e-03  7.1900e-03  8.9000e-03  1.7500e-03
  4052.76      2.4675  7.1500e-03  6.9600e-03  7.1500e-03  8.8800e-03  1.7700e-03
  4051.26      2.4684  7.2000e-03  6.8600e-03  7.0700e-03  8.8200e-03  1.7700e-03
  4049.76      2.4693  7.2800e-03  6.8000e-03  6.9700e-03  8.8500e-03  1.7700e-03
  4048.26      2.4702  7.3600e-03  6.7600e-03  6.9500e-03  9.0200e-03  1.7700e-03
  4046.76      2.4711  7.4100e-03  6.7000e-03  7.0800e-03  9.2100e-03  1.7600e-03
  4045.26      2.4720  7.4500e-03  6.6900e-03  7.3300e-03  9.3200e-03  1.7600e-03
  4043.76      2.4729  7.5200e-03  6.7300e-03  7.5300e-03  9.3100e-03  1.7700e-03
  4042.26      2.4739  7.5900e-03  6.7600e-03  7.6000e-03  9.2000e-03  1.7800e-03
  4040.76      2.4748  7.6100e-03  6.7500e-03  7.5400e-03  9.0500e-03  1.7800e-03
  4039.26      2.4757  7.5900e-03  6.7500e-03  7.4400e-03  9.0200e-03  1.7800e-03
  4037.76      2.4766  7.5500e-03  6.7200e-03  7.4000e-03  9.1100e-03  1.7600e-03
  4036.26      2.4775  7.4900e-03  6.7400e-03  7.4500e-03  9.1600e-03  1.7300e-03
  4034.76      2.4785  7.4700e-03  6.8300e-03  7.4500e-03  9.1600e-03  1.7100e-03
  4033.26      2.4794  7.5400e-03  6.9200e-03  7.3900e-03  9.2000e-03  1.6900e-03
  4031.76      2.4803  7.6500e-03  6.9900e-03  7.3800e-03  9.2700e-03  1.6900e-03
  4030.26      2.4812  7.7500e-03  7.1000e-03  7.4200e-03  9.2800e-03  1.6900e-03
  4028.76      2.4822  7.7800e-03  7.2700e-03  7.3900e-03  9.2100e-03  1.6900e-03
  4027.26      2.4831  7.7300e-03  7.3300e-03  7.3000e-03  9.1100e-03  1.6900e-03
  4025.76      2.4840  7.6400e-03  7.2400e-03  7.2700e-03  9.0800e-03  1.6900e-03
  4024.26      2.4849  7.5900e-03  7.1200e-03  7.3300e-03  9.1200e-03  1.6900e-03
  4022.76      2.4859  7.5900e-03  7.1200e-03  7.4000e-03  9.1500e-03  1.6800e-03
  4021.26      2.4868  7.5600e-03  7.2000e-03  7.4700e-03  9.1400e-03  1.6800e-03
  4019.76      2.4877  7.5400e-03  7.2000e-03  7.5600e-03  9.1600e-03  1.6900e-03
  4018.26      2.4886  7.5500e-03  7.1100e-03  7.5900e-03  9.2700e-03  1.6900e-03
  4016.76      2.4896  7.5900e-03  7.0700e-03  7.5900e-03  9.3700e-03  1.7100e-03
  4015.26      2.4905  7.6400e-03  7.0900e-03  7.6900e-03  9.3200e-03  1.7100e-03
  4013.76      2.4914  7.6900e-03  7.1600e-03  7.7700e-03  9.1400e-03  1.7100e-03
  4012.26      2.4924  7.7200e-03  7.1900e-03  7.6600e-03  8.9200e-03  1.7100e-03
  4010.76      2.4933  7.7200e-03  7.1400e-03  7.4500e-03  8.7700e-03  1.7200e-03
  4009.26      2.4942  7.7100e-03  7.0500e-03  7.4000e-03  8.7700e-03  1.7200e-03
  4007.76      2.4952  7.6700e-03  7.0700e-03  7.5300e-03  8.9800e-03  1.7500e-03
  4006.26      2.4961  7.6400e-03  7.2200e-03  7.6000e-03  9.2600e-03  1.7700e-03
  4004.76      2.4970  7.6200e-03  7.3800e-03  7.5400e-03  9.3300e-03  1.8000e-03
  4003.26      2.4980  7.6600e-03  7.4200e-03  7.5000e-03  9.1300e-03  1.8100e-03
  4001.76      2.4989  7.7400e-03  7.3100e-03  7.5800e-03  8.9800e-03  1.8100e-03
  4000.26      2.4998  7.7600e-03  7.1700e-03  7.7100e-03  9.1000e-03  1.7900e-03
  3998.76      2.5008  7.7100e-03  7.1600e-03  7.7300e-03  9.2900e-03  1.7600e-03
  3997.26      2.5017  7.6300e-03  7.2600e-03  7.6000e-03  9.3400e-03  1.7600e-03
  3995.76      2.5027  7.5600e-03  7.3000e-03  7.4000e-03  9.3300e-03  1.7600e-03
  3994.26      2.5036  7.5500e-03  7.2900e-03  7.3100e-03  9.3600e-03  1.7700e-03
  3992.76      2.5045  7.5700e-03  7.2700e-03  7.3600e-03  9.3600e-03  1.7900e-03
  3991.26      2.5055  7.5500e-03  7.2100e-03  7.5100e-03  9.3200e-03  1.7900e-03
  3989.76      2.5064  7.5700e-03  7.1700e-03  7.6700e-03  9.3000e-03  1.7800e-03
  3988.26      2.5074  7.6900e-03  7.2200e-03  7.7800e-03  9.2900e-03  1.7600e-03
  3986.76      2.5083  7.8000e-03  7.2500e-03  7.8400e-03  9.2800e-03  1.7200e-03
  3985.26      2.5092  7.8100e-03  7.2500e-03  7.8400e-03  9.3800e-03  1.6900e-03
  3983.76      2.5102  7.7600e-03  7.2700e-03  7.8100e-03  9.4700e-03  1.6500e-03
  3982.26      2.5111  7.6900e-03  7.2800e-03  7.7900e-03  9.4200e-03  1.6300e-03
  3980.76      2.5121  7.6900e-03  7.3000e-03  7.7800e-03  9.3700e-03  1.6300e-03
  3979.26      2.5130  7.7300e-03  7.3100e-03  7.7100e-03  9.4300e-03  1.6500e-03
  3977.76      2.5140  7.7200e-03  7.2400e-03  7.5400e-03  9.4100e-03  1.6600e-03
  3976.26      2.5149  7.6600e-03  7.1000e-03  7.3200e-03  9.3200e-03  1.7100e-03
  3974.76      2.5159  7.6600e-03  7.0100e-03  7.2600e-03  9.3200e-03  1.7400e-03
  3973.26      2.5168  7.7400e-03  7.0800e-03  7.4000e-03  9.4500e-03  1.7700e-03
  3971.76      2.5178  7.7900e-03  7.2200e-03  7.5100e-03  9.5300e-03  1.7900e-03
  3970.26      2.5187  7.8300e-03  7.3000e-03  7.4800e-03  9.5000e-03  1.7900e-03
  3968.76      2.5197  7.9200e-03  7.3300e-03  7.4000e-03  9.4000e-03  1.7800e-03
  3967.26      2.5206  8.0700e-03  7.3400e-03  7.4200e-03  9.3400e-03  1.7700e-03
  3965.76      2.5216  8.2200e-03  7.2800e-03  7.5200e-03  9.3000e-03  1.7300e-03
  3964.26      2.5225  8.2800e-03  7.1400e-03  7.5700e-03  9.2300e-03  1.7200e-03
  3962.76      2.5235  8.1800e-03  7.0800e-03  7.5600e-03  9.1800e-03  1.7100e-03
  3961.26      2.5245  8.0400e-03  7.1800e-03  7.5900e-03  9.2200e-03  1.7100e-03
  3959.76      2.5254  7.9800e-03  7.2600e-03  7.6100e-03  9.3600e-03  1.7000e-03
  3958.26      2.5264  7.9900e-03  7.2600e-03  7.5900e-03  9.5300e-03  1.6900e-03
  3956.76      2.5273  8.0500e-03  7.3300e-03  7.5800e-03  9.5700e-03  1.6700e-03
  3955.26      2.5283  8.1600e-03  7.4400e-03  7.6300e-03  9.5100e-03  1.6400e-03
  3953.76      2.5292  8.2900e-03  7.3600e-03  7.6500e-03  9.4700e-03  1.6100e-03
  3952.26      2.5302  8.3100e-03  7.1200e-03  7.5400e-03  9.4500e-03  1.5800e-03
  3950.76      2.5312  8.2200e-03  6.9100e-03  7.4500e-03  9.3600e-03  1.5700e-03
  3949.26      2.5321  8.1300e-03  6.9300e-03  7.5100e-03  9.3100e-03  1.6000e-03
  3947.76      2.5331  8.2200e-03  7.2200e-03  7.7400e-03  9.4700e-03  1.6400e-03
  3946.26      2.5340  8.4300e-03  7.5300e-03  8.0000e-03  9.6600e-03  1.7000e-03
  3944.76      2.5350  8.4400e-03  7.5600e-03  8.1100e-03  9.6000e-03  1.7500e-03
  3943.26      2.5360  8.2300e-03  7.4400e-03  8.1600e-03  9.4500e-03  1.7900e-03
  3941.76      2.5369  8.1500e-03  7.5400e-03  8.3700e-03  9.5400e-03  1.8100e-03
  3940.26      2.5379  8.2600e-03  7.7500e-03  8.5200e-03  9.7500e-03  1.7600e-03
  3938.76      2.5389  8.4000e-03  7.8000e-03  8.4000e-03  9.8400e-03  1.6900e-03
  3937.26      2.5398  8.6200e-03  7.7800e-03  8.2700e-03  9.9300e-03  1.6200e-03
  3935.76      2.5408  8.8400e-03  7.7600e-03  8.2100e-03  9.9500e-03  1.5500e-03
  3934.26      2.5418  8.7600e-03  7.6000e-03  8.0000e-03  9.7000e-03  1.5100e-03
  3932.76      2.5427  8.4200e-03  7.3800e-03  7.8100e-03  9.3500e-03  1.5300e-03
  3931.25      2.5437  8.2500e-03  7.3500e-03  7.9200e-03  9.3100e-03  1.5700e-03
  3929.75      2.5447  8.4200e-03  7.5400e-03  8.2500e-03  9.6300e-03  1.6300e-03
  3928.25      2.5457  8.6600e-03  7.7100e-03  8.4900e-03  9.9700e-03  1.6700e-03
  3926.75      2.5466  8.7000e-03  7.6400e-03  8.4000e-03  9.9900e-03  1.6800e-03
  3925.25      2.5476  8.5600e-03  7.5300e-03  8.2500e-03  9.8900e-03  1.6700e-03
  3923.75      2.5486  8.5600e-03  7.5800e-03  8.3700e-03  1.0030e-02  1.6600e-03
  3922.25      2.5496  8.7500e-03  7.5800e-03  8.4400e-03  1.0230e-02  1.6700e-03
  3920.75      2.5505  8.8000e-03  7.4700e-03  8.2900e-03  1.0120e-02  1.7000e-03
  3919.25      2.5515  8.6300e-03  7.4700e-03  8.1700e-03  9.8000e-03  1.7700e-03
  3917.75      2.5525  8.4200e-03  7.6200e-03  8.1700e-03  9.5900e-03  1.8400e-03
  3916.25      2.5535  8.4400e-03  7.9300e-03  8.3100e-03  9.7600e-03  1.8800e-03
  3914.75      2.5544  8.7200e-03  8.3000e-03  8.5400e-03  1.0130e-02  1.8400e-03
  3913.25      2.5554  8.9700e-03  8.4000e-03  8.6400e-03  1.0310e-02  1.7000e-03
  3911.75      2.5564  9.0500e-03  8.2400e-03  8.5900e-03  1.0290e-02  1.4700e-03
  3910.25      2.5574  9.2000e-03  8.1300e-03  8.5300e-03  1.0350e-02  1.2200e-03
  3908.75      2.5584  9.4700e-03  8.0800e-03  8.4800e-03  1.0420e-02  9.9000e-04
  3907.25      2.5593  9.5500e-03  7.8400e-03  8.1800e-03  1.0150e-02  8.6000e-04
  3905.75      2.5603  9.2100e-03  7.3000e-03  7.5900e-03  9.5300e-03  9.2000e-04
  3904.25      2.5613  8.6900e-03  6.8700e-03  7.2900e-03  9.0900e-03  1.1500e-03
  3902.75      2.5623  8.4200e-03  6.9900e-03  7.6800e-03  9.1900e-03  1.5000e-03
  3901.25      2.5633  8.2700e-03  7.4300e-03  8.2000e-03  9.4200e-03  1.8800e-03
  3899.75      2.5643  8.1100e-03  7.8100e-03  8.5000e-03  9.6100e-03  2.2100e-03
  3898.25      2.5653  8.3500e-03  8.2300e-03  8.9000e-03  1.0160e-02  2.4400e-03
  3896.75      2.5662  8.8500e-03  8.5200e-03  9.3000e-03  1.0680e-02  2.5300e-03
  3895.25      2.5672  9.1800e-03  8.4900e-03  9.2800e-03  1.0680e-02  2.4800e-03
  3893.75      2.5682  9.0900e-03  8.1200e-03  8.8400e-03  1.0190e-02  2.3500e-03
  3892.25      2.5692  8.6900e-03  7.6700e-03  8.3800e-03  9.6500e-03  2.2200e-03
  3890.75      2.5702  8.7000e-03  7.7500e-03  8.6000e-03  9.8000e-03  2.1100e-03
  3889.25      2.5712  9.1700e-03  8.1100e-03  9.1000e-03  1.0370e-02  2.0300e-03
  3887.75      2.5722  9.2200e-03  7.8900e-03  8.8000e-03  1.0260e-02  1.9900e-03
  3886.25      2.5732  8.6900e-03  7.4000e-03  7.9600e-03  9.5900e-03  2.0200e-03
  3884.75      2.5742  8.5200e-03  7.6300e-03  7.9300e-03  9.5300e-03  2.1000e-03
  3883.25      2.5752  8.7000e-03  8.1300e-03  8.3400e-03  9.8700e-03  2.1700e-03
  3881.75      2.5762  8.4200e-03  8.0400e-03  8.2000e-03  9.7000e-03  2.2500e-03
  3880.25      2.5772  8.0600e-03  7.8700e-03  8.1500e-03  9.6100e-03  2.3100e-03
  3878.75      2.5781  8.4400e-03  8.1100e-03  8.7400e-03  1.0160e-02  2.3200e-03
  3877.25      2.5791  9.0400e-03  8.1800e-03  9.0700e-03  1.0540e-02  2.2700e-03
  3875.75      2.5801  9.0500e-03  7.7300e-03  8.6200e-03  1.0170e-02  2.2100e-03
  3874.25      2.5811  8.8100e-03  7.4600e-03  8.1900e-03  9.8100e-03  2.1700e-03
  3872.75      2.5821  8.8100e-03  7.5600e-03  8.2100e-03  9.8300e-03  2.1800e-03
  3871.25      2.5831  8.4300e-03  7.2200e-03  8.0200e-03  9.4400e-03  2.2500e-03
  3869.75      2.5841  7.9400e-03  7.0900e-03  8.1500e-03  9.3100e-03  2.3900e-03
  3868.25      2.5851  8.1900e-03  7.6900e-03  8.9100e-03  1.0060e-02  2.5500e-03
  3866.75      2.5862  8.4200e-03  7.8200e-03  9.0100e-03  1.0380e-02  2.7100e-03
  3865.25      2.5872  8.0900e-03  7.4100e-03  8.4000e-03  9.9700e-03  2.8000e-03
  3863.75      2.5882  7.8400e-03  7.4600e-03  8.2000e-03  9.8200e-03  2.8200e-03
  3862.25      2.5892  8.0400e-03  7.9200e-03  8.5400e-03  1.0150e-02  2.7500e-03
  3860.75      2.5902  8.4900e-03  8.3000e-03  8.9100e-03  1.0510e-02  2.6100e-03
  3859.25      2.5912  9.0100e-03  8.4900e-03  9.1200e-03  1.0700e-02  2.5000e-03
  3857.75      2.5922  9.2100e-03  8.3500e-03  8.9200e-03  1.0490e-02  2.4800e-03
  3856.25      2.5932  8.7300e-03  7.6200e-03  8.1000e-03  9.6200e-03  2.5900e-03
  3854.75      2.5942  7.4500e-03  6.4900e-03  6.9000e-03  8.2700e-03  2.8500e-03
  3853.25      2.5952  6.4400e-03  6.3500e-03  6.8300e-03  8.1100e-03  3.2100e-03
  3851.75      2.5962  6.9200e-03  7.6200e-03  8.3500e-03  9.7000e-03  3.5500e-03
  3850.25      2.5972  7.8200e-03  8.6300e-03  9.4600e-03  1.0970e-02  3.7600e-03
  3848.75      2.5982  8.3500e-03  8.8800e-03  9.5900e-03  1.1290e-02  3.7900e-03
  3847.25      2.5993  8.6700e-03  8.6500e-03  9.3000e-03  1.1070e-02  3.6400e-03
  3845.75      2.6003  8.7500e-03  8.0600e-03  8.9300e-03  1.0540e-02  3.4000e-03
  3844.25      2.6013  8.6800e-03  7.5400e-03  8.6600e-03  1.0070e-02  3.1600e-03
  3842.75      2.6023  8.7700e-03  7.4200e-03  8.5700e-03  9.8800e-03  3.0300e-03
  3841.25      2.6033  8.7800e-03  7.3700e-03  8.4900e-03  9.6800e-03  3.0600e-03
  3839.75      2.6043  8.3200e-03  7.1700e-03  8.3600e-03  9.2800e-03  3.2300e-03
  3838.25      2.6054  7.8400e-03  7.2200e-03  8.4400e-03  9.1100e-03  3.5000e-03
  3836.75      2.6064  7.7700e-03  7.6600e-03  8.8000e-03  9.4600e-03  3.8000e-03
  3835.25      2.6074  7.8600e-03  8.0700e-03  9.0800e-03  9.9600e-03  4.0200e-03
  3833.75      2.6084  7.8400e-03  8.1900e-03  9.0600e-03  1.0220e-02  4.1500e-03
  3832.25      2.6094  7.8400e-03  8.2600e-03  9.0200e-03  1.0350e-02  4.1600e-03
  3830.75      2.6105  8.1200e-03  8.4400e-03  9.2300e-03  1.0590e-02  4.0600e-03
  3829.25      2.6115  8.4600e-03  8.5400e-03  9.3700e-03  1.0750e-02  3.8900e-03
  3827.75      2.6125  8.5000e-03  8.4600e-03  9.2100e-03  1.0620e-02  3.7200e-03
  3826.25      2.6135  8.5100e-03  8.4000e-03  9.2100e-03  1.0620e-02  3.6200e-03
  3824.75      2.6146  8.7700e-03  8.3000e-03  9.3900e-03  1.0810e-02  3.6000e-03
  3823.25      2.6156  8.6500e-03  7.6900e-03  8.9800e-03  1.0320e-02  3.6800e-03
  3821.75      2.6166  7.8900e-03  7.0600e-03  8.2900e-03  9.2800e-03  3.8800e-03
  3820.25      2.6176  7.6900e-03  7.6500e-03  8.7100e-03  9.4800e-03  4.1700e-03
  3818.75      2.6187  8.0300e-03  8.5100e-03  9.3700e-03  1.0280e-02  4.4400e-03
  3817.25      2.6197  7.7200e-03  8.4500e-03  8.9400e-03  9.9700e-03  4.6300e-03
  3815.75      2.6207  7.3900e-03  8.3500e-03  8.7200e-03  9.6200e-03  4.7100e-03
  3814.25      2.6217  7.9600e-03  8.8500e-03  9.5300e-03  1.0300e-02  4.6800e-03
  3812.75      2.6228  8.6600e-03  9.1900e-03  1.0170e-02  1.0910e-02  4.5300e-03
  3811.25      2.6238  9.0600e-03  9.1200e-03  1.0200e-02  1.0990e-02  4.2900e-03
  3809.75      2.6248  9.1900e-03  8.7000e-03  9.7700e-03  1.0760e-02  4.0600e-03
  3808.25      2.6259  8.8500e-03  8.1100e-03  9.0600e-03  1.0280e-02  3.9000e-03
  3806.75      2.6269  8.5100e-03  8.0900e-03  8.9100e-03  1.0300e-02  3.8600e-03
  3805.25      2.6280  8.7300e-03  8.5600e-03  9.4600e-03  1.0940e-02  3.9400e-03
  3803.75      2.6290  8.6600e-03  8.3300e-03  9.4600e-03  1.0840e-02  4.1300e-03
  3802.25      2.6300  7.7500e-03  7.5200e-03  8.8200e-03  9.8400e-03  4.4100e-03
  3800.75      2.6311  7.2800e-03  7.7600e-03  9.0000e-03  9.7400e-03  4.7400e-03
  3799.25      2.6321  7.6800e-03  8.7100e-03  9.7800e-03  1.0510e-02  5.0300e-03
  3797.74      2.6331  7.7800e-03  8.9700e-03  9.9400e-03  1.0690e-02  5.2200e-03
  3796.24      2.6342  7.6600e-03  8.9200e-03  9.9200e-03  1.0600e-02  5.3200e-03
  3794.74      2.6352  7.9400e-03  9.1800e-03  1.0220e-02  1.0840e-02  5.3200e-03
  3793.24      2.6363  8.3600e-03  9.3400e-03  1.0360e-02  1.1020e-02  5.2100e-03
  3791.74      2.6373  8.5800e-03  9.2000e-03  1.0200e-02  1.0930e-02  5.0200e-03
  3790.24      2.6384  8.6300e-03  9.0100e-03  1.0040e-02  1.0820e-02  4.8100e-03
  3788.74      2.6394  8.6500e-03  8.8500e-03  9.9300e-03  1.0820e-02  4.6100e-03
  3787.24      2.6404  8.6100e-03  8.6400e-03  9.7600e-03  1.0790e-02  4.4300e-03
  3785.74      2.6415  8.5300e-03  8.4400e-03  9.5700e-03  1.0710e-02  4.3000e-03
  3784.24      2.6425  8.6300e-03  8.5500e-03  9.6100e-03  1.0810e-02  4.2500e-03
  3782.74      2.6436  8.9300e-03  8.8200e-03  9.8300e-03  1.1040e-02  4.2400e-03
  3781.24      2.6446  8.9300e-03  8.7800e-03  9.7300e-03  1.0910e-02  4.2600e-03
  3779.74      2.6457  8.5300e-03  8.5100e-03  9.4000e-03  1.0520e-02  4.2900e-03
  3778.24      2.6467  8.4200e-03  8.5700e-03  9.4500e-03  1.0570e-02  4.2900e-03
  3776.74      2.6478  8.7600e-03  8.8500e-03  9.6900e-03  1.0880e-02  4.2300e-03
  3775.24      2.6488  9.1700e-03  8.9100e-03  9.7300e-03  1.1030e-02  4.1400e-03
  3773.74      2.6499  9.5000e-03  8.7500e-03  9.5900e-03  1.0990e-02  4.0200e-03
  3772.24      2.6509  9.5000e-03  8.4200e-03  9.2700e-03  1.0700e-02  3.9300e-03
  3770.74      2.6520  9.0700e-03  8.1100e-03  8.8700e-03  1.0240e-02  3.8700e-03
  3769.24      2.6531  8.8400e-03  8.2800e-03  8.9700e-03  1.0270e-02  3.8600e-03
  3767.74      2.6541  8.9900e-03  8.6100e-03  9.3400e-03  1.0610e-02  3.8800e-03
  3766.24      2.6552  9.0400e-03  8.6600e-03  9.5200e-03  1.0670e-02  3.9000e-03
  3764.74      2.6562  9.2500e-03  8.8300e-03  9.9000e-03  1.0810e-02  3.9200e-03
  3763.24      2.6573  9.7800e-03  9.1100e-03  1.0310e-02  1.1110e-02  3.8900e-03
  3761.74      2.6583  9.9600e-03  8.9900e-03  1.0000e-02  1.0920e-02  3.8200e-03
  3760.24      2.6594  9.6400e-03  8.5700e-03  9.2900e-03  1.0380e-02  3.7400e-03
  3758.74      2.6605  9.3900e-03  8.4200e-03  9.2000e-03  1.0300e-02  3.6500e-03
  3757.24      2.6615  9.5200e-03  8.6100e-03  9.7000e-03  1.0800e-02  3.5900e-03
  3755.74      2.6626  9.8500e-03  8.8500e-03  1.0070e-02  1.1400e-02  3.5900e-03
  3754.24      2.6637  9.9000e-03  8.6300e-03  9.8200e-03  1.1400e-02  3.6600e-03
  3752.74      2.6647  9.3400e-03  7.8200e-03  9.0700e-03  1.0550e-02  3.8400e-03
  3751.24      2.6658  8.6500e-03  7.2500e-03  8.7100e-03  9.7100e-03  4.1400e-03
  3749.74      2.6669  8.6500e-03  7.8100e-03  9.1500e-03  9.9600e-03  4.5200e-03
  3748.24      2.6679  9.3000e-03  8.9700e-03  9.9100e-03  1.1060e-02  4.9500e-03
  3746.74      2.6690  9.3300e-03  9.3000e-03  9.9000e-03  1.1480e-02  5.3500e-03
  3745.24      2.6701  8.3400e-03  8.6400e-03  9.0800e-03  1.0640e-02  5.7000e-03
  3743.74      2.6711  8.1800e-03  8.8000e-03  9.2800e-03  1.0440e-02  5.9800e-03
  3742.24      2.6722  9.3700e-03  9.8500e-03  1.0460e-02  1.1410e-02  6.1600e-03
  3740.74      2.6733  1.0220e-02  1.0270e-02  1.1040e-02  1.1990e-02  6.2700e-03
  3739.24      2.6743  1.0350e-02  9.8800e-03  1.0870e-02  1.1800e-02  6.3800e-03
  3737.74      2.6754  9.9600e-03  9.0900e-03  1.0140e-02  1.1020e-02  6.5500e-03
  3736.24      2.6765  9.0800e-03  8.4700e-03  9.3200e-03  1.0020e-02  6.7800e-03
  3734.74      2.6776  8.4100e-03  8.8100e-03  9.4500e-03  9.9400e-03  7.0600e-03
  3733.24      2.6786  8.2500e-03  9.6300e-03  1.0090e-02  1.0650e-02  7.3400e-03
  3731.74      2.6797  8.4500e-03  1.0220e-02  1.0490e-02  1.1300e-02  7.5600e-03
  3730.24      2.6808  8.9700e-03  1.0530e-02  1.0790e-02  1.1810e-02  7.7000e-03
  3728.74      2.6819  9.2800e-03  1.0350e-02  1.0700e-02  1.1850e-02  7.7400e-03
  3727.24      2.6830  9.2300e-03  9.9000e-03  1.0410e-02  1.1570e-02  7.7300e-03
  3725.74      2.6840  9.2100e-03  9.7900e-03  1.0510e-02  1.1560e-02  7.7000e-03
  3724.24      2.6851  9.2400e-03  9.9900e-03  1.0750e-02  1.1740e-02  7.6800e-03
  3722.74      2.6862  9.2100e-03  1.0190e-02  1.0810e-02  1.1860e-02  7.6900e-03
  3721.24      2.6873  9.3200e-03  1.0440e-02  1.0870e-02  1.2030e-02  7.6900e-03
  3719.74      2.6884  9.6000e-03  1.0760e-02  1.1050e-02  1.2260e-02  7.6700e-03
  3718.24      2.6894  9.9100e-03  1.1000e-02  1.1290e-02  1.2410e-02  7.6400e-03
  3716.74      2.6905  1.0310e-02  1.1020e-02  1.1470e-02  1.2460e-02  7.6300e-03
  3715.24      2.6916  1.0670e-02  1.0750e-02  1.1350e-02  1.2320e-02  7.6700e-03
  3713.74      2.6927  1.0610e-02  1.0190e-02  1.0760e-02  1.1800e-02  7.8000e-03
  3712.24      2.6938  1.0040e-02  9.7800e-03  1.0250e-02  1.1170e-02  8.0200e-03
  3710.74      2.6949  9.5800e-03  1.0150e-02  1.0590e-02  1.1170e-02  8.3100e-03
  3709.24      2.6960  9.6800e-03  1.0900e-02  1.1320e-02  1.1710e-02  8.6100e-03
  3707.74      2.6971  1.0150e-02  1.1350e-02  1.1760e-02  1.2250e-02  8.8600e-03
  3706.24      2.6982  1.0680e-02  1.1430e-02  1.1880e-02  1.2590e-02  9.0400e-03
  3704.74      2.6992  1.1000e-02  1.1230e-02  1.1730e-02  1.2620e-02  9.1600e-03
  3703.24      2.7003  1.0980e-02  1.0940e-02  1.1420e-02  1.2360e-02  9.2300e-03
  3701.74      2.7014  1.0860e-02  1.0970e-02  1.1420e-02  1.2200e-02  9.2900e-03
  3700.24      2.7025  1.1100e-02  1.1410e-02  1.1990e-02  1.2550e-02  9.3200e-03
  3698.74      2.7036  1.1590e-02  1.1760e-02  1.2460e-02  1.3050e-02  9.3600e-03
  3697.24      2.7047  1.1970e-02  1.1840e-02  1.2460e-02  1.3290e-02  9.4100e-03
  3695.74      2.7058  1.2320e-02  1.1930e-02  1.2450e-02  1.3350e-02  9.4900e-03
  3694.24      2.7069  1.2770e-02  1.1980e-02  1.2490e-02  1.3260e-02  9.6500e-03
  3692.74      2.7080  1.3050e-02  1.1770e-02  1.2260e-02  1.2940e-02  9.9000e-03
  3691.24      2.7091  1.2830e-02  1.1450e-02  1.1750e-02  1.2510e-02  1.0270e-02
  3689.74      2.7102  1.2210e-02  1.1350e-02  1.1340e-02  1.2190e-02  1.0720e-02
  3688.24      2.7113  1.2020e-02  1.1770e-02  1.1660e-02  1.2480e-02  1.1210e-02
  3686.74      2.7124  1.2690e-02  1.2570e-02  1.2610e-02  1.3330e-02  1.1650e-02
  3685.24      2.7135  1.3510e-02  1.3190e-02  1.3360e-02  1.3970e-02  1.2010e-02
  3683.74      2.7146  1.4100e-02  1.3470e-02  1.3680e-02  1.4190e-02  1.2300e-02
  3682.24      2.7157  1.4590e-02  1.3570e-02  1.3860e-02  1.4300e-02  1.2550e-02
  3680.74      2.7168  1.5050e-02  1.3550e-02  1.4000e-02  1.4330e-02  1.2850e-02
  3679.24      2.7180  1.5480e-02  1.3500e-02  1.4060e-02  1.4270e-02  1.3240e-02
  3677.74      2.7191  1.5480e-02  1.3230e-02  1.3570e-02  1.3970e-02  1.3770e-02
  3676.24      2.7202  1.4690e-02  1.2830e-02  1.2630e-02  1.3430e-02  1.4470e-02
  3674.74      2.7213  1.4650e-02  1.3660e-02  1.3090e-02  1.3980e-02  1.5330e-02
  3673.24      2.7224  1.5710e-02  1.4960e-02  1.4460e-02  1.5140e-02  1.6270e-02
  3671.74      2.7235  1.6250e-02  1.5180e-02  1.4870e-02  1.5220e-02  1.7220e-02
  3670.24      2.7246  1.6160e-02  1.4980e-02  1.4780e-02  1.4640e-02  1.8170e-02
  3668.74      2.7257  1.6600e-02  1.5750e-02  1.5390e-02  1.4810e-02  1.9070e-02
  3667.24      2.7268  1.7600e-02  1.6940e-02  1.6300e-02  1.5550e-02  1.9850e-02
  3665.74      2.7280  1.8520e-02  1.7670e-02  1.6770e-02  1.6060e-02  2.0520e-02
  3664.24      2.7291  1.9270e-02  1.8000e-02  1.6990e-02  1.6370e-02  2.1120e-02
  3662.73      2.7302  2.0040e-02  1.8230e-02  1.7320e-02  1.6710e-02  2.1670e-02
  3661.23      2.7313  2.0850e-02  1.8500e-02  1.7770e-02  1.7140e-02  2.2210e-02
  3659.73      2.7324  2.1660e-02  1.8760e-02  1.8040e-02  1.7580e-02  2.2770e-02
  3658.23      2.7336  2.2290e-02  1.8830e-02  1.7930e-02  1.7710e-02  2.3370e-02
  3656.73      2.7347  2.2790e-02  1.9020e-02  1.7940e-02  1.7730e-02  2.4090e-02
  3655.23      2.7358  2.3790e-02  1.9970e-02  1.8790e-02  1.8350e-02  2.4940e-02
  3653.73      2.7369  2.5140e-02  2.1100e-02  1.9820e-02  1.9190e-02  2.5910e-02
  3652.23      2.7380  2.5960e-02  2.1390e-02  2.0030e-02  1.9140e-02  2.7040e-02
  3650.73      2.7392  2.5920e-02  2.1100e-02  1.9650e-02  1.8370e-02  2.8310e-02
  3649.23      2.7403  2.5710e-02  2.1470e-02  1.9820e-02  1.8390e-02  2.9680e-02
  3647.73      2.7414  2.6050e-02  2.2780e-02  2.0900e-02  1.9540e-02  3.1100e-02
  3646.23      2.7426  2.7040e-02  2.4350e-02  2.2280e-02  2.1040e-02  3.2460e-02
  3644.73      2.7437  2.8310e-02  2.5640e-02  2.3310e-02  2.2210e-02  3.3730e-02
  3643.23      2.7448  2.9410e-02  2.6410e-02  2.3860e-02  2.2710e-02  3.4890e-02
  3641.73      2.7459  3.0440e-02  2.6950e-02  2.4350e-02  2.2920e-02  3.5950e-02
  3640.23      2.7471  3.1500e-02  2.7610e-02  2.4950e-02  2.3350e-02  3.6920e-02
  3638.73      2.7482  3.2520e-02  2.8360e-02  2.5610e-02  2.3940e-02  3.7840e-02
  3637.23      2.7493  3.3610e-02  2.9130e-02  2.6380e-02  2.4520e-02  3.8770e-02
  3635.73      2.7505  3.4750e-02  2.9830e-02  2.7130e-02  2.4990e-02  3.9720e-02
  3634.23      2.7516  3.5820e-02  3.0590e-02  2.7860e-02  2.5540e-02  4.0750e-02
  3632.73      2.7527  3.6890e-02  3.1540e-02  2.8730e-02  2.6340e-02  4.1860e-02
  3631.23      2.7539  3.7740e-02  3.2210e-02  2.9210e-02  2.6800e-02  4.3080e-02
  3629.73      2.7550  3.8020e-02  3.2340e-02  2.9050e-02  2.6530e-02  4.4370e-02
  3628.23      2.7562  3.8540e-02  3.3060e-02  2.9620e-02  2.7030e-02  4.5710e-02
  3626.73      2.7573  3.9910e-02  3.4640e-02  3.1290e-02  2.8690e-02  4.7050e-02
  3625.23      2.7584  4.1400e-02  3.5930e-02  3.2710e-02  3.0040e-02  4.8340e-02
  3623.73      2.7596  4.2710e-02  3.6820e-02  3.3570e-02  3.0810e-02  4.9550e-02
  3622.23      2.7607  4.3880e-02  3.7600e-02  3.4150e-02  3.1260e-02  5.0720e-02
  3620.73      2.7619  4.4710e-02  3.8350e-02  3.4620e-02  3.1490e-02  5.1880e-02
  3619.23      2.7630  4.5290e-02  3.9200e-02  3.5220e-02  3.1880e-02  5.3050e-02
  3617.73      2.7642  4.6190e-02  4.0350e-02  3.6260e-02  3.2880e-02  5.4280e-02
  3616.23      2.7653  4.7380e-02  4.1550e-02  3.7460e-02  3.3990e-02  5.5540e-02
  3614.73      2.7665  4.8420e-02  4.2510e-02  3.8460e-02  3.4710e-02  5.6820e-02
  3613.23      2.7676  4.9240e-02  4.3330e-02  3.9320e-02  3.5390e-02  5.8130e-02
  3611.73      2.7688  5.0160e-02  4.4280e-02  4.0260e-02  3.6330e-02  5.9410e-02
  3610.23      2.7699  5.1170e-02  4.5200e-02  4.1190e-02  3.7140e-02  6.0660e-02
  3608.73      2.7711  5.2010e-02  4.6050e-02  4.2040e-02  3.7770e-02  6.1880e-02
  3607.23      2.7722  5.2840e-02  4.7220e-02  4.3130e-02  3.8750e-02  6.3060e-02
  3605.73      2.7734  5.3980e-02  4.8580e-02  4.4460e-02  4.0080e-02  6.4210e-02
  3604.23      2.7745  5.5310e-02  4.9610e-02  4.5650e-02  4.1230e-02  6.5310e-02
  3602.73      2.7757  5.6500e-02  5.0270e-02  4.6570e-02  4.1990e-02  6.6370e-02
  3601.23      2.7768  5.7440e-02  5.0900e-02  4.7290e-02  4.2620e-02  6.7430e-02
  3599.73      2.7780  5.8340e-02  5.1790e-02  4.7970e-02  4.3580e-02  6.8470e-02
  3598.23      2.7791  5.9290e-02  5.2830e-02  4.8710e-02  4.4800e-02  6.9520e-02
  3596.73      2.7803  6.0150e-02  5.3720e-02  4.9490e-02  4.5750e-02  7.0570e-02
  3595.23      2.7815  6.0930e-02  5.4560e-02  5.0340e-02  4.6430e-02  7.1610e-02
  3593.73      2.7826  6.1840e-02  5.5600e-02  5.1390e-02  4.7270e-02  7.2660e-02
  3592.23      2.7838  6.2970e-02  5.6830e-02  5.2570e-02  4.8420e-02  7.3720e-02
  3590.73      2.7849  6.4120e-02  5.7960e-02  5.3600e-02  4.9460e-02  7.4800e-02
  3589.23      2.7861  6.4930e-02  5.8770e-02  5.4320e-02  5.0030e-02  7.5910e-02
  3587.73      2.7873  6.5360e-02  5.9490e-02  5.5070e-02  5.0500e-02  7.7060e-02
  3586.23      2.7884  6.6010e-02  6.0540e-02  5.6350e-02  5.1580e-02  7.8240e-02
  3584.73      2.7896  6.7080e-02  6.1840e-02  5.7860e-02  5.2950e-02  7.9400e-02
  3583.23      2.7908  6.8200e-02  6.3030e-02  5.9020e-02  5.4000e-02  8.0510e-02
  3581.73      2.7919  6.9190e-02  6.3980e-02  5.9830e-02  5.4870e-02  8.1560e-02
  3580.23      2.7931  7.0050e-02  6.4690e-02  6.0560e-02  5.5750e-02  8.2560e-02
  3578.73      2.7943  7.0790e-02  6.5410e-02  6.1420e-02  5.6620e-02  8.3480e-02
  3577.23      2.7955  7.1560e-02  6.6250e-02  6.2350e-02  5.7540e-02  8.4360e-02
  3575.73      2.7966  7.2440e-02  6.7220e-02  6.3260e-02  5.8560e-02  8.5170e-02
  3574.23      2.7978  7.3460e-02  6.8300e-02  6.4250e-02  5.9700e-02  8.5980e-02
  3572.73      2.7990  7.4550e-02  6.9460e-02  6.5280e-02  6.0880e-02  8.6800e-02
  3571.23      2.8002  7.5640e-02  7.0480e-02  6.6250e-02  6.1950e-02  8.7650e-02
  3569.73      2.8013  7.6530e-02  7.1150e-02  6.6960e-02  6.2670e-02  8.8570e-02
  3568.23      2.8025  7.6950e-02  7.1560e-02  6.7480e-02  6.3050e-02  8.9580e-02
  3566.73      2.8037  7.7170e-02  7.2370e-02  6.8400e-02  6.3690e-02  9.0690e-02
  3565.23      2.8049  7.7810e-02  7.3740e-02  6.9870e-02  6.4910e-02  9.1830e-02
  3563.73      2.8061  7.8800e-02  7.5050e-02  7.1170e-02  6.6270e-02  9.2950e-02
  3562.23      2.8072  7.9770e-02  7.5970e-02  7.2060e-02  6.7430e-02  9.4020e-02
  3560.73      2.8084  8.0660e-02  7.6720e-02  7.2800e-02  6.8410e-02  9.5010e-02
  3559.23      2.8096  8.1530e-02  7.7490e-02  7.3640e-02  6.9360e-02  9.5920e-02
  3557.73      2.8108  8.2400e-02  7.8360e-02  7.4630e-02  7.0340e-02  9.6770e-02
  3556.23      2.8120  8.3300e-02  7.9250e-02  7.5700e-02  7.1350e-02  9.7570e-02
  3554.73      2.8132  8.4200e-02  8.0070e-02  7.6620e-02  7.2240e-02  9.8350e-02
  3553.23      2.8143  8.4950e-02  8.0850e-02  7.7370e-02  7.2940e-02  9.9150e-02
  3551.73      2.8155  8.5600e-02  8.1750e-02  7.8270e-02  7.3700e-02  9.9970e-02
  3550.23      2.8167  8.6320e-02  8.2710e-02  7.9370e-02  7.4720e-02  1.0082e-01
  3548.73      2.8179  8.7120e-02  8.3480e-02  8.0330e-02  7.5800e-02  1.0171e-01
  3547.23      2.8191  8.7830e-02  8.4080e-02  8.1070e-02  7.6770e-02  1.0264e-01
  3545.73      2.8203  8.8460e-02  8.4810e-02  8.1910e-02  7.7740e-02  1.0359e-01
  3544.23      2.8215  8.9100e-02  8.5850e-02  8.2980e-02  7.8840e-02  1.0453e-01
  3542.73      2.8227  8.9780e-02  8.6960e-02  8.4040e-02  8.0000e-02  1.0544e-01
  3541.23      2.8239  9.0560e-02  8.7890e-02  8.5000e-02  8.1110e-02  1.0632e-01
  3539.73      2.8251  9.1420e-02  8.8630e-02  8.5810e-02  8.2060e-02  1.0715e-01
  3538.23      2.8263  9.2260e-02  8.9280e-02  8.6580e-02  8.2830e-02  1.0794e-01
  3536.73      2.8275  9.3010e-02  8.9940e-02  8.7470e-02  8.3670e-02  1.0869e-01
  3535.23      2.8287  9.3640e-02  9.0650e-02  8.8440e-02  8.4670e-02  1.0942e-01
  3533.73      2.8299  9.4370e-02  9.1460e-02  8.9340e-02  8.5740e-02  1.1016e-01
  3532.23      2.8311  9.5180e-02  9.2360e-02  9.0150e-02  8.6680e-02  1.1089e-01
  3530.73      2.8323  9.5910e-02  9.3250e-02  9.0890e-02  8.7410e-02  1.1164e-01
  3529.23      2.8335  9.6610e-02  9.4020e-02  9.1570e-02  8.8140e-02  1.1240e-01
  3527.72      2.8347  9.7270e-02  9.4760e-02  9.2260e-02  8.9000e-02  1.1319e-01
  3526.22      2.8359  9.7890e-02  9.5610e-02  9.3090e-02  9.0030e-02  1.1400e-01
  3524.72      2.8371  9.8510e-02  9.6540e-02  9.4110e-02  9.0970e-02  1.1482e-01
  3523.22      2.8383  9.9120e-02  9.7380e-02  9.5260e-02  9.1740e-02  1.1565e-01
  3521.72      2.8395  9.9800e-02  9.8140e-02  9.6450e-02  9.2670e-02  1.1646e-01
  3520.22      2.8407  1.0056e-01  9.8820e-02  9.7450e-02  9.3750e-02  1.1725e-01
  3518.72      2.8419  1.0128e-01  9.9570e-02  9.8160e-02  9.4760e-02  1.1801e-01
  3517.22      2.8432  1.0197e-01  1.0045e-01  9.8780e-02  9.5750e-02  1.1875e-01
  3515.72      2.8444  1.0274e-01  1.0128e-01  9.9540e-02  9.6770e-02  1.1946e-01
  3514.22      2.8456  1.0348e-01  1.0193e-01  1.0033e-01  9.7730e-02  1.2015e-01
  3512.72      2.8468  1.0408e-01  1.0259e-01  1.0102e-01  9.8620e-02  1.2084e-01
  3511.22      2.8480  1.0461e-01  1.0340e-01  1.0171e-01  9.9440e-02  1.2151e-01
  3509.72      2.8492  1.0517e-01  1.0430e-01  1.0253e-01  1.0022e-01  1.2218e-01
  3508.22      2.8504  1.0586e-01  1.0516e-01  1.0341e-01  1.0108e-01  1.2286e-01
  3506.72      2.8517  1.0659e-01  1.0592e-01  1.0418e-01  1.0198e-01  1.2353e-01
  3505.22      2.8529  1.0723e-01  1.0662e-01  1.0484e-01  1.0282e-01  1.2422e-01
  3503.72      2.8541  1.0774e-01  1.0733e-01  1.0563e-01  1.0368e-01  1.2492e-01
  3502.22      2.8553  1.0822e-01  1.0810e-01  1.0669e-01  1.0465e-01  1.2564e-01
  3500.72      2.8566  1.0880e-01  1.0890e-01  1.0777e-01  1.0569e-01  1.2635e-01
  3499.22      2.8578  1.0940e-01  1.0960e-01  1.0861e-01  1.0661e-01  1.2705e-01
  3497.72      2.8590  1.0994e-01  1.1020e-01  1.0931e-01  1.0736e-01  1.2774e-01
  3496.22      2.8602  1.1050e-01  1.1082e-01  1.1004e-01  1.0817e-01  1.2840e-01
  3494.72      2.8615  1.1112e-01  1.1152e-01  1.1092e-01  1.0914e-01  1.2904e-01
  3493.22      2.8627  1.1185e-01  1.1230e-01  1.1185e-01  1.1013e-01  1.2966e-01
  3491.72      2.8639  1.1257e-01  1.1313e-01  1.1260e-01  1.1096e-01  1.3026e-01
  3490.22      2.8651  1.1320e-01  1.1381e-01  1.1321e-01  1.1168e-01  1.3085e-01
  3488.72      2.8664  1.1381e-01  1.1433e-01  1.1391e-01  1.1255e-01  1.3142e-01
  3487.22      2.8676  1.1437e-01  1.1484e-01  1.1475e-01  1.1345e-01  1.3199e-01
  3485.72      2.8688  1.1483e-01  1.1553e-01  1.1561e-01  1.1429e-01  1.3255e-01
  3484.22      2.8701  1.1524e-01  1.1632e-01  1.1638e-01  1.1517e-01  1.3311e-01
  3482.72      2.8713  1.1568e-01  1.1708e-01  1.1705e-01  1.1602e-01  1.3367e-01
  3481.22      2.8726  1.1624e-01  1.1782e-01  1.1785e-01  1.1683e-01  1.3423e-01
  3479.72      2.8738  1.1681e-01  1.1857e-01  1.1877e-01  1.1770e-01  1.3478e-01
  3478.22      2.8750  1.1736e-01  1.1923e-01  1.1961e-01  1.1864e-01  1.3533e-01
  3476.72      2.8763  1.1793e-01  1.1971e-01  1.2025e-01  1.1950e-01  1.3586e-01
  3475.22      2.8775  1.1846e-01  1.2008e-01  1.2073e-01  1.2023e-01  1.3639e-01
  3473.72      2.8788  1.1890e-01  1.2065e-01  1.2132e-01  1.2097e-01  1.3691e-01
  3472.22      2.8800  1.1933e-01  1.2147e-01  1.2217e-01  1.2181e-01  1.3741e-01
  3470.72      2.8812  1.1985e-01  1.2223e-01  1.2305e-01  1.2260e-01  1.3790e-01
  3469.22      2.8825  1.2041e-01  1.2287e-01  1.2376e-01  1.2330e-01  1.3838e-01
  3467.72      2.8837  1.2089e-01  1.2348e-01  1.2435e-01  1.2406e-01  1.3883e-01
  3466.22      2.8850  1.2131e-01  1.2408e-01  1.2501e-01  1.2497e-01  1.3928e-01
  3464.72      2.8862  1.2171e-01  1.2462e-01  1.2576e-01  1.2582e-01  1.3972e-01
  3463.22      2.8875  1.2208e-01  1.2505e-01  1.2647e-01  1.2651e-01  1.4015e-01
  3461.72      2.8887  1.2250e-01  1.2552e-01  1.2713e-01  1.2726e-01  1.4057e-01
  3460.22      2.8900  1.2297e-01  1.2607e-01  1.2781e-01  1.2810e-01  1.4099e-01
  3458.72      2.8912  1.2346e-01  1.2663e-01  1.2852e-01  1.2887e-01  1.4139e-01
  3457.22      2.8925  1.2395e-01  1.2714e-01  1.2915e-01  1.2956e-01  1.4178e-01
  3455.72      2.8938  1.2438e-01  1.2765e-01  1.2969e-01  1.3030e-01  1.4217e-01
  3454.22      2.8950  1.2479e-01  1.2821e-01  1.3028e-01  1.3105e-01  1.4254e-01
  3452.72      2.8963  1.2524e-01  1.2872e-01  1.3091e-01  1.3173e-01  1.4290e-01
  3451.22      2.8975  1.2568e-01  1.2919e-01  1.3155e-01  1.3237e-01  1.4326e-01
  3449.72      2.8988  1.2606e-01  1.2970e-01  1.3223e-01  1.3310e-01  1.4363e-01
  3448.22      2.9000  1.2631e-01  1.3026e-01  1.3292e-01  1.3390e-01  1.4400e-01
  3446.72      2.9013  1.2648e-01  1.3083e-01  1.3350e-01  1.3464e-01  1.4438e-01
  3445.22      2.9026  1.2677e-01  1.3141e-01  1.3397e-01  1.3526e-01  1.4476e-01
  3443.72      2.9038  1.2720e-01  1.3195e-01  1.3443e-01  1.3578e-01  1.4512e-01
  3442.22      2.9051  1.2757e-01  1.3239e-01  1.3493e-01  1.3628e-01  1.4547e-01
  3440.72      2.9064  1.2790e-01  1.3280e-01  1.3551e-01  1.3701e-01  1.4581e-01
  3439.22      2.9076  1.2816e-01  1.3317e-01  1.3612e-01  1.3796e-01  1.4613e-01
  3437.72      2.9089  1.2839e-01  1.3353e-01  1.3670e-01  1.3889e-01  1.4643e-01
  3436.22      2.9102  1.2868e-01  1.3397e-01  1.3728e-01  1.3963e-01  1.4671e-01
  3434.72      2.9114  1.2899e-01  1.3442e-01  1.3777e-01  1.4014e-01  1.4699e-01
  3433.22      2.9127  1.2933e-01  1.3481e-01  1.3820e-01  1.4060e-01  1.4726e-01
  3431.72      2.9140  1.2966e-01  1.3520e-01  1.3862e-01  1.4106e-01  1.4750e-01
  3430.22      2.9153  1.2995e-01  1.3561e-01  1.3905e-01  1.4160e-01  1.4772e-01
  3428.72      2.9165  1.3022e-01  1.3599e-01  1.3959e-01  1.4234e-01  1.4792e-01
  3427.22      2.9178  1.3045e-01  1.3632e-01  1.4014e-01  1.4304e-01  1.4810e-01
  3425.72      2.9191  1.3070e-01  1.3662e-01  1.4062e-01  1.4354e-01  1.4827e-01
  3424.22      2.9204  1.3102e-01  1.3690e-01  1.4103e-01  1.4395e-01  1.4844e-01
  3422.72      2.9217  1.3132e-01  1.3722e-01  1.4143e-01  1.4439e-01  1.4862e-01
  3421.22      2.9229  1.3156e-01  1.3768e-01  1.4189e-01  1.4493e-01  1.4883e-01
  3419.72      2.9242  1.3174e-01  1.3817e-01  1.4232e-01  1.4554e-01  1.4903e-01
  3418.22      2.9255  1.3191e-01  1.3864e-01  1.4274e-01  1.4615e-01  1.4924e-01
  3416.72      2.9268  1.3213e-01  1.3907e-01  1.4321e-01  1.4675e-01  1.4943e-01
  3415.22      2.9281  1.3233e-01  1.3931e-01  1.4362e-01  1.4730e-01  1.4959e-01
  3413.72      2.9294  1.3245e-01  1.3942e-01  1.4396e-01  1.4775e-01  1.4973e-01
  3412.22      2.9306  1.3264e-01  1.3954e-01  1.4435e-01  1.4818e-01  1.4985e-01
  3410.72      2.9319  1.3294e-01  1.3977e-01  1.4469e-01  1.4864e-01  1.4996e-01
  3409.22      2.9332  1.3321e-01  1.4001e-01  1.4492e-01  1.4905e-01  1.5005e-01
  3407.72      2.9345  1.3339e-01  1.4018e-01  1.4519e-01  1.4941e-01  1.5014e-01
  3406.22      2.9358  1.3356e-01  1.4040e-01  1.4555e-01  1.4981e-01  1.5022e-01
  3404.72      2.9371  1.3373e-01  1.4078e-01  1.4591e-01  1.5032e-01  1.5031e-01
  3403.22      2.9384  1.3388e-01  1.4115e-01  1.4621e-01  1.5083e-01  1.5039e-01
  3401.72      2.9397  1.3398e-01  1.4140e-01  1.4643e-01  1.5122e-01  1.5045e-01
  3400.22      2.9410  1.3406e-01  1.4162e-01  1.4670e-01  1.5156e-01  1.5050e-01
  3398.72      2.9423  1.3412e-01  1.4185e-01  1.4707e-01  1.5194e-01  1.5054e-01
  3397.22      2.9436  1.3419e-01  1.4211e-01  1.4743e-01  1.5238e-01  1.5057e-01
  3395.72      2.9449  1.3435e-01  1.4234e-01  1.4767e-01  1.5283e-01  1.5060e-01
  3394.21      2.9462  1.3456e-01  1.4243e-01  1.4786e-01  1.5322e-01  1.5061e-01
  3392.71      2.9475  1.3470e-01  1.4252e-01  1.4816e-01  1.5352e-01  1.5060e-01
  3391.21      2.9488  1.3478e-01  1.4271e-01  1.4854e-01  1.5381e-01  1.5058e-01
  3389.71      2.9501  1.3491e-01  1.4288e-01  1.4885e-01  1.5413e-01  1.5054e-01
  3388.21      2.9514  1.3511e-01  1.4299e-01  1.4908e-01  1.5451e-01  1.5050e-01
  3386.71      2.9527  1.3528e-01  1.4309e-01  1.4922e-01  1.5488e-01  1.5045e-01
  3385.21      2.9540  1.3534e-01  1.4329e-01  1.4937e-01  1.5515e-01  1.5039e-01
  3383.71      2.9553  1.3536e-01  1.4355e-01  1.4957e-01  1.5540e-01  1.5035e-01
  3382.21      2.9566  1.3543e-01  1.4380e-01  1.4979e-01  1.5579e-01  1.5029e-01
  3380.71      2.9580  1.3548e-01  1.4398e-01  1.4997e-01  1.5619e-01  1.5024e-01
  3379.21      2.9593  1.3549e-01  1.4402e-01  1.5006e-01  1.5638e-01  1.5018e-01
  3377.71      2.9606  1.3553e-01  1.4404e-01  1.5017e-01  1.5650e-01  1.5011e-01
  3376.21      2.9619  1.3564e-01  1.4416e-01  1.5040e-01  1.5673e-01  1.5005e-01
  3374.71      2.9632  1.3572e-01  1.4433e-01  1.5062e-01  1.5704e-01  1.4997e-01
  3373.21      2.9645  1.3586e-01  1.4451e-01  1.5082e-01  1.5741e-01  1.4988e-01
  3371.71      2.9659  1.3603e-01  1.4461e-01  1.5102e-01  1.5770e-01  1.4980e-01
  3370.21      2.9672  1.3612e-01  1.4459e-01  1.5113e-01  1.5780e-01  1.4970e-01
  3368.71      2.9685  1.3605e-01  1.4460e-01  1.5113e-01  1.5787e-01  1.4959e-01
  3367.21      2.9698  1.3586e-01  1.4464e-01  1.5117e-01  1.5802e-01  1.4948e-01
  3365.71      2.9711  1.3573e-01  1.4472e-01  1.5139e-01  1.5829e-01  1.4935e-01
  3364.21      2.9725  1.3571e-01  1.4482e-01  1.5171e-01  1.5858e-01  1.4922e-01
  3362.71      2.9738  1.3573e-01  1.4491e-01  1.5198e-01  1.5880e-01  1.4909e-01
  3361.21      2.9751  1.3580e-01  1.4495e-01  1.5210e-01  1.5901e-01  1.4897e-01
  3359.71      2.9764  1.3587e-01  1.4493e-01  1.5209e-01  1.5919e-01  1.4886e-01
  3358.21      2.9778  1.3591e-01  1.4497e-01  1.5214e-01  1.5931e-01  1.4875e-01
  3356.71      2.9791  1.3594e-01  1.4511e-01  1.5233e-01  1.5945e-01  1.4864e-01
  3355.21      2.9804  1.3596e-01  1.4526e-01  1.5249e-01  1.5964e-01  1.4852e-01
  3353.71      2.9818  1.3597e-01  1.4531e-01  1.5249e-01  1.5985e-01  1.4839e-01
  3352.21      2.9831  1.3597e-01  1.4532e-01  1.5248e-01  1.5991e-01  1.4825e-01
  3350.71      2.9844  1.3592e-01  1.4529e-01  1.5251e-01  1.5987e-01  1.4810e-01
  3349.21      2.9858  1.3582e-01  1.4520e-01  1.5257e-01  1.5990e-01  1.4794e-01
  3347.71      2.9871  1.3574e-01  1.4512e-01  1.5269e-01  1.6003e-01  1.4779e-01
  3346.21      2.9885  1.3571e-01  1.4514e-01  1.5283e-01  1.6022e-01  1.4764e-01
  3344.71      2.9898  1.3578e-01  1.4523e-01  1.5294e-01  1.6042e-01  1.4747e-01
  3343.21      2.9911  1.3588e-01  1.4536e-01  1.5297e-01  1.6060e-01  1.4730e-01
  3341.71      2.9925  1.3593e-01  1.4544e-01  1.5298e-01  1.6070e-01  1.4712e-01
  3340.21      2.9938  1.3598e-01  1.4543e-01  1.5302e-01  1.6078e-01  1.4694e-01
  3338.71      2.9952  1.3599e-01  1.4539e-01  1.5305e-01  1.6083e-01  1.4675e-01
  3337.21      2.9965  1.3591e-01  1.4531e-01  1.5303e-01  1.6082e-01  1.4656e-01
  3335.71      2.9979  1.3586e-01  1.4521e-01  1.5305e-01  1.6085e-01  1.4638e-01
  3334.21      2.9992  1.3587e-01  1.4518e-01  1.5315e-01  1.6103e-01  1.4620e-01
  3332.71      3.0006  1.3585e-01  1.4525e-01  1.5327e-01  1.6124e-01  1.4604e-01
  3331.21      3.0019  1.3576e-01  1.4523e-01  1.5327e-01  1.6129e-01  1.4587e-01
  3329.71      3.0033  1.3571e-01  1.4513e-01  1.5317e-01  1.6121e-01  1.4572e-01
  3328.21      3.0046  1.3572e-01  1.4516e-01  1.5313e-01  1.6119e-01  1.4557e-01
  3326.71      3.0060  1.3571e-01  1.4528e-01  1.5319e-01  1.6130e-01  1.4543e-01
  3325.21      3.0073  1.3572e-01  1.4535e-01  1.5327e-01  1.6153e-01  1.4529e-01
  3323.71      3.0087  1.3572e-01  1.4535e-01  1.5330e-01  1.6173e-01  1.4515e-01
  3322.21      3.0100  1.3568e-01  1.4529e-01  1.5325e-01  1.6177e-01  1.4501e-01
  3320.71      3.0114  1.3568e-01  1.4527e-01  1.5322e-01  1.6174e-01  1.4485e-01
  3319.21      3.0128  1.3568e-01  1.4528e-01  1.5315e-01  1.6180e-01  1.4470e-01
  3317.71      3.0141  1.3564e-01  1.4530e-01  1.5307e-01  1.6194e-01  1.4454e-01
  3316.21      3.0155  1.3564e-01  1.4533e-01  1.5308e-01  1.6199e-01  1.4439e-01
  3314.71      3.0169  1.3572e-01  1.4539e-01  1.5322e-01  1.6190e-01  1.4425e-01
  3313.21      3.0182  1.3582e-01  1.4544e-01  1.5338e-01  1.6194e-01  1.4412e-01
  3311.71      3.0196  1.3588e-01  1.4542e-01  1.5344e-01  1.6211e-01  1.4400e-01
  3310.21      3.0210  1.3590e-01  1.4539e-01  1.5344e-01  1.6221e-01  1.4388e-01
  3308.71      3.0223  1.3588e-01  1.4547e-01  1.5342e-01  1.6222e-01  1.4374e-01
  3307.21      3.0237  1.3583e-01  1.4556e-01  1.5331e-01  1.6220e-01  1.4359e-01
  3305.71      3.0251  1.3577e-01  1.4556e-01  1.5321e-01  1.6216e-01  1.4344e-01
  3304.21      3.0264  1.3576e-01  1.4546e-01  1.5325e-01  1.6212e-01  1.4327e-01
  3302.71      3.0278  1.3581e-01  1.4539e-01  1.5335e-01  1.6212e-01  1.4311e-01
  3301.21      3.0292  1.3589e-01  1.4541e-01  1.5338e-01  1.6219e-01  1.4296e-01
  3299.71      3.0306  1.3594e-01  1.4545e-01  1.5332e-01  1.6226e-01  1.4282e-01
  3298.21      3.0319  1.3599e-01  1.4546e-01  1.5328e-01  1.6227e-01  1.4268e-01
  3296.71      3.0333  1.3605e-01  1.4548e-01  1.5331e-01  1.6224e-01  1.4255e-01
  3295.21      3.0347  1.3612e-01  1.4554e-01  1.5345e-01  1.6229e-01  1.4241e-01
  3293.71      3.0361  1.3610e-01  1.4560e-01  1.5364e-01  1.6245e-01  1.4228e-01
  3292.21      3.0375  1.3599e-01  1.4561e-01  1.5372e-01  1.6262e-01  1.4215e-01
  3290.71      3.0389  1.3587e-01  1.4558e-01  1.5366e-01  1.6257e-01  1.4203e-01
  3289.21      3.0402  1.3583e-01  1.4559e-01  1.5358e-01  1.6234e-01  1.4192e-01
  3287.71      3.0416  1.3585e-01  1.4563e-01  1.5359e-01  1.6220e-01  1.4182e-01
  3286.21      3.0430  1.3592e-01  1.4570e-01  1.5367e-01  1.6234e-01  1.4174e-01
  3284.71      3.0444  1.3607e-01  1.4579e-01  1.5377e-01  1.6267e-01  1.4166e-01
  3283.21      3.0458  1.3625e-01  1.4584e-01  1.5379e-01  1.6293e-01  1.4159e-01
  3281.71      3.0472  1.3637e-01  1.4584e-01  1.5374e-01  1.6300e-01  1.4153e-01
  3280.21      3.0486  1.3643e-01  1.4590e-01  1.5379e-01  1.6306e-01  1.4146e-01
  3278.71      3.0500  1.3645e-01  1.4596e-01  1.5391e-01  1.6316e-01  1.4140e-01
  3277.21      3.0514  1.3647e-01  1.4600e-01  1.5399e-01  1.6317e-01  1.4133e-01
  3275.71      3.0528  1.3652e-01  1.4604e-01  1.5403e-01  1.6309e-01  1.4127e-01
  3274.21      3.0542  1.3660e-01  1.4609e-01  1.5402e-01  1.6302e-01  1.4120e-01
  3272.71      3.0556  1.3670e-01  1.4614e-01  1.5399e-01  1.6309e-01  1.4112e-01
  3271.21      3.0570  1.3673e-01  1.4614e-01  1.5398e-01  1.6321e-01  1.4102e-01
  3269.71      3.0584  1.3670e-01  1.4606e-01  1.5403e-01  1.6328e-01  1.4092e-01
  3268.21      3.0598  1.3672e-01  1.4602e-01  1.5413e-01  1.6330e-01  1.4083e-01
  3266.71      3.0612  1.3680e-01  1.4609e-01  1.5423e-01  1.6333e-01  1.4073e-01
  3265.21      3.0626  1.3689e-01  1.4628e-01  1.5432e-01  1.6343e-01  1.4065e-01
  3263.71      3.0640  1.3698e-01  1.4647e-01  1.5441e-01  1.6356e-01  1.4058e-01
  3262.21      3.0654  1.3708e-01  1.4660e-01  1.5445e-01  1.6371e-01  1.4054e-01
  3260.71      3.0668  1.3719e-01  1.4670e-01  1.5451e-01  1.6385e-01  1.4049e-01
  3259.20      3.0682  1.3731e-01  1.4676e-01  1.5459e-01  1.6389e-01  1.4044e-01
  3257.70      3.0696  1.3748e-01  1.4677e-01  1.5469e-01  1.6392e-01  1.4039e-01
  3256.20      3.0711  1.3762e-01  1.4672e-01  1.5477e-01  1.6396e-01  1.4032e-01
  3254.70      3.0725  1.3765e-01  1.4667e-01  1.5486e-01  1.6390e-01  1.4025e-01
  3253.20      3.0739  1.3766e-01  1.4677e-01  1.5502e-01  1.6387e-01  1.4018e-01
  3251.70      3.0753  1.3774e-01  1.4702e-01  1.5512e-01  1.6394e-01  1.4011e-01
  3250.20      3.0767  1.3786e-01  1.4726e-01  1.5513e-01  1.6405e-01  1.4004e-01
  3248.70      3.0782  1.3796e-01  1.4736e-01  1.5516e-01  1.6422e-01  1.3998e-01
  3247.20      3.0796  1.3804e-01  1.4733e-01  1.5515e-01  1.6442e-01  1.3992e-01
  3245.70      3.0810  1.3812e-01  1.4733e-01  1.5509e-01  1.6452e-01  1.3986e-01
  3244.20      3.0824  1.3822e-01  1.4744e-01  1.5516e-01  1.6451e-01  1.3980e-01
  3242.70      3.0838  1.3830e-01  1.4752e-01  1.5536e-01  1.6450e-01  1.3974e-01
  3241.20      3.0853  1.3841e-01  1.4746e-01  1.5553e-01  1.6454e-01  1.3968e-01
  3239.70      3.0867  1.3855e-01  1.4740e-01  1.5557e-01  1.6457e-01  1.3961e-01
  3238.20      3.0881  1.3865e-01  1.4746e-01  1.5554e-01  1.6467e-01  1.3954e-01
  3236.70      3.0896  1.3875e-01  1.4765e-01  1.5557e-01  1.6491e-01  1.3947e-01
  3235.20      3.0910  1.3886e-01  1.4786e-01  1.5566e-01  1.6513e-01  1.3938e-01
  3233.70      3.0924  1.3895e-01  1.4803e-01  1.5570e-01  1.6515e-01  1.3929e-01
  3232.20      3.0939  1.3897e-01  1.4811e-01  1.5571e-01  1.6505e-01  1.3919e-01
  3230.70      3.0953  1.3898e-01  1.4808e-01  1.5571e-01  1.6492e-01  1.3909e-01
  3229.20      3.0967  1.3904e-01  1.4799e-01  1.5573e-01  1.6485e-01  1.3900e-01
  3227.70      3.0982  1.3913e-01  1.4799e-01  1.5579e-01  1.6492e-01  1.3892e-01
  3226.20      3.0996  1.3924e-01  1.4811e-01  1.5589e-01  1.6508e-01  1.3885e-01
  3224.70      3.1011  1.3936e-01  1.4826e-01  1.5601e-01  1.6520e-01  1.3878e-01
  3223.20      3.1025  1.3943e-01  1.4836e-01  1.5609e-01  1.6518e-01  1.3871e-01
  3221.70      3.1039  1.3949e-01  1.4844e-01  1.5614e-01  1.6508e-01  1.3865e-01
  3220.20      3.1054  1.3962e-01  1.4853e-01  1.5621e-01  1.6509e-01  1.3859e-01
  3218.70      3.1068  1.3979e-01  1.4860e-01  1.5629e-01  1.6526e-01  1.3853e-01
  3217.20      3.1083  1.3994e-01  1.4867e-01  1.5633e-01  1.6543e-01  1.3845e-01
  3215.70      3.1097  1.4004e-01  1.4873e-01  1.5630e-01  1.6544e-01  1.3839e-01
  3214.20      3.1112  1.4009e-01  1.4877e-01  1.5631e-01  1.6545e-01  1.3831e-01
  3212.70      3.1126  1.4012e-01  1.4879e-01  1.5637e-01  1.6558e-01  1.3823e-01
  3211.20      3.1141  1.4014e-01  1.4879e-01  1.5643e-01  1.6567e-01  1.3814e-01
  3209.70      3.1156  1.4023e-01  1.4885e-01  1.5656e-01  1.6571e-01  1.3806e-01
  3208.20      3.1170  1.4038e-01  1.4898e-01  1.5678e-01  1.6579e-01  1.3797e-01
  3206.70      3.1185  1.4048e-01  1.4910e-01  1.5689e-01  1.6584e-01  1.3788e-01
  3205.20      3.1199  1.4055e-01  1.4918e-01  1.5682e-01  1.6585e-01  1.3780e-01
  3203.70      3.1214  1.4062e-01  1.4929e-01  1.5672e-01  1.6591e-01  1.3773e-01
  3202.20      3.1229  1.4073e-01  1.4940e-01  1.5672e-01  1.6600e-01  1.3766e-01
  3200.70      3.1243  1.4083e-01  1.4945e-01  1.5686e-01  1.6608e-01  1.3759e-01
  3199.20      3.1258  1.4091e-01  1.4948e-01  1.5703e-01  1.6616e-01  1.3752e-01
  3197.70      3.1272  1.4099e-01  1.4959e-01  1.5717e-01  1.6632e-01  1.3745e-01
  3196.20      3.1287  1.4108e-01  1.4979e-01  1.5726e-01  1.6651e-01  1.3738e-01
  3194.70      3.1302  1.4124e-01  1.5002e-01  1.5732e-01  1.6666e-01  1.3731e-01
  3193.20      3.1317  1.4144e-01  1.5020e-01  1.5734e-01  1.6671e-01  1.3723e-01
  3191.70      3.1331  1.4154e-01  1.5023e-01  1.5733e-01  1.6656e-01  1.3713e-01
  3190.20      3.1346  1.4157e-01  1.5018e-01  1.5736e-01  1.6640e-01  1.3702e-01
  3188.70      3.1361  1.4160e-01  1.5020e-01  1.5748e-01  1.6639e-01  1.3691e-01
  3187.20      3.1376  1.4165e-01  1.5026e-01  1.5768e-01  1.6647e-01  1.3679e-01
  3185.70      3.1390  1.4171e-01  1.5030e-01  1.5790e-01  1.6654e-01  1.3668e-01
  3184.20      3.1405  1.4180e-01  1.5043e-01  1.5802e-01  1.6662e-01  1.3659e-01
  3182.70      3.1420  1.4192e-01  1.5057e-01  1.5802e-01  1.6673e-01  1.3650e-01
  3181.20      3.1435  1.4206e-01  1.5062e-01  1.5800e-01  1.6684e-01  1.3643e-01
  3179.70      3.1450  1.4218e-01  1.5065e-01  1.5804e-01  1.6691e-01  1.3637e-01
  3178.20      3.1464  1.4224e-01  1.5076e-01  1.5815e-01  1.6694e-01  1.3630e-01
  3176.70      3.1479  1.4234e-01  1.5097e-01  1.5829e-01  1.6705e-01  1.3622e-01
  3175.20      3.1494  1.4249e-01  1.5117e-01  1.5841e-01  1.6724e-01  1.3614e-01
  3173.70      3.1509  1.4261e-01  1.5125e-01  1.5850e-01  1.6737e-01  1.3606e-01
  3172.20      3.1524  1.4269e-01  1.5122e-01  1.5858e-01  1.6745e-01  1.3597e-01
  3170.70      3.1539  1.4275e-01  1.5118e-01  1.5860e-01  1.6750e-01  1.3589e-01
  3169.20      3.1554  1.4284e-01  1.5123e-01  1.5856e-01  1.6755e-01  1.3581e-01
  3167.70      3.1569  1.4293e-01  1.5140e-01  1.5852e-01  1.6761e-01  1.3575e-01
  3166.20      3.1584  1.4298e-01  1.5155e-01  1.5855e-01  1.6761e-01  1.3568e-01
  3164.70      3.1599  1.4306e-01  1.5165e-01  1.5865e-01  1.6766e-01  1.3562e-01
  3163.20      3.1614  1.4318e-01  1.5173e-01  1.5878e-01  1.6779e-01  1.3555e-01
  3161.70      3.1629  1.4333e-01  1.5184e-01  1.5895e-01  1.6794e-01  1.3549e-01
  3160.20      3.1644  1.4352e-01  1.5203e-01  1.5913e-01  1.6804e-01  1.3543e-01
  3158.70      3.1659  1.4370e-01  1.5218e-01  1.5926e-01  1.6812e-01  1.3537e-01
  3157.20      3.1674  1.4386e-01  1.5232e-01  1.5944e-01  1.6831e-01  1.3532e-01
  3155.70      3.1689  1.4397e-01  1.5247e-01  1.5969e-01  1.6852e-01  1.3525e-01
  3154.20      3.1704  1.4403e-01  1.5256e-01  1.5985e-01  1.6860e-01  1.3519e-01
  3152.70      3.1719  1.4404e-01  1.5258e-01  1.5991e-01  1.6857e-01  1.3510e-01
  3151.20      3.1734  1.4403e-01  1.5256e-01  1.5993e-01  1.6849e-01  1.3502e-01
  3149.70      3.1749  1.4407e-01  1.5260e-01  1.5992e-01  1.6849e-01  1.3492e-01
  3148.20      3.1764  1.4421e-01  1.5271e-01  1.5986e-01  1.6862e-01  1.3483e-01
  3146.70      3.1779  1.4439e-01  1.5289e-01  1.5987e-01  1.6881e-01  1.3477e-01
  3145.20      3.1795  1.4458e-01  1.5304e-01  1.6004e-01  1.6895e-01  1.3471e-01
  3143.70      3.1810  1.4475e-01  1.5313e-01  1.6025e-01  1.6903e-01  1.3466e-01
  3142.20      3.1825  1.4492e-01  1.5320e-01  1.6042e-01  1.6916e-01  1.3460e-01
  3140.70      3.1840  1.4504e-01  1.5331e-01  1.6063e-01  1.6932e-01  1.3454e-01
  3139.20      3.1855  1.4507e-01  1.5340e-01  1.6076e-01  1.6934e-01  1.3448e-01
  3137.70      3.1871  1.4511e-01  1.5348e-01  1.6073e-01  1.6935e-01  1.3442e-01
  3136.20      3.1886  1.4520e-01  1.5359e-01  1.6069e-01  1.6953e-01  1.3435e-01
  3134.70      3.1901  1.4530e-01  1.5371e-01  1.6076e-01  1.6979e-01  1.3430e-01
  3133.20      3.1916  1.4540e-01  1.5382e-01  1.6087e-01  1.6994e-01  1.3425e-01
  3131.70      3.1932  1.4553e-01  1.5394e-01  1.6102e-01  1.7001e-01  1.3421e-01
  3130.20      3.1947  1.4569e-01  1.5403e-01  1.6119e-01  1.7008e-01  1.3417e-01
  3128.70      3.1962  1.4583e-01  1.5411e-01  1.6134e-01  1.7014e-01  1.3414e-01
  3127.20      3.1978  1.4597e-01  1.5424e-01  1.6142e-01  1.7027e-01  1.3413e-01
  3125.69      3.1993  1.4618e-01  1.5443e-01  1.6147e-01  1.7050e-01  1.3413e-01
  3124.19      3.2008  1.4645e-01  1.5463e-01  1.6160e-01  1.7077e-01  1.3414e-01
  3122.69      3.2024  1.4669e-01  1.5485e-01  1.6186e-01  1.7101e-01  1.3414e-01
  3121.19      3.2039  1.4686e-01  1.5513e-01  1.6216e-01  1.7118e-01  1.3413e-01
  3119.69      3.2054  1.4690e-01  1.5532e-01  1.6230e-01  1.7120e-01  1.3409e-01
  3118.19      3.2070  1.4683e-01  1.5532e-01  1.6225e-01  1.7115e-01  1.3404e-01
  3116.69      3.2085  1.4679e-01  1.5525e-01  1.6227e-01  1.7117e-01  1.3397e-01
  3115.19      3.2101  1.4680e-01  1.5526e-01  1.6240e-01  1.7125e-01  1.3390e-01
  3113.69      3.2116  1.4687e-01  1.5538e-01  1.6258e-01  1.7137e-01  1.3384e-01
  3112.19      3.2132  1.4705e-01  1.5557e-01  1.6281e-01  1.7155e-01  1.3379e-01
  3110.69      3.2147  1.4727e-01  1.5570e-01  1.6300e-01  1.7172e-01  1.3376e-01
  3109.19      3.2163  1.4742e-01  1.5574e-01  1.6313e-01  1.7191e-01  1.3374e-01
  3107.69      3.2178  1.4750e-01  1.5576e-01  1.6321e-01  1.7212e-01  1.3371e-01
  3106.19      3.2194  1.4763e-01  1.5587e-01  1.6329e-01  1.7229e-01  1.3369e-01
  3104.69      3.2209  1.4787e-01  1.5612e-01  1.6342e-01  1.7245e-01  1.3366e-01
  3103.19      3.2225  1.4810e-01  1.5644e-01  1.6357e-01  1.7256e-01  1.3364e-01
  3101.69      3.2240  1.4823e-01  1.5674e-01  1.6376e-01  1.7264e-01  1.3362e-01
  3100.19      3.2256  1.4823e-01  1.5689e-01  1.6397e-01  1.7272e-01  1.3361e-01
  3098.69      3.2272  1.4827e-01  1.5691e-01  1.6416e-01  1.7284e-01  1.3360e-01
  3097.19      3.2287  1.4843e-01  1.5697e-01  1.6428e-01  1.7306e-01  1.3361e-01
  3095.69      3.2303  1.4863e-01  1.5716e-01  1.6438e-01  1.7333e-01  1.3363e-01
  3094.19      3.2319  1.4881e-01  1.5738e-01  1.6454e-01  1.7355e-01  1.3365e-01
  3092.69      3.2334  1.4908e-01  1.5759e-01  1.6481e-01  1.7371e-01  1.3369e-01
  3091.19      3.2350  1.4932e-01  1.5775e-01  1.6500e-01  1.7382e-01  1.3372e-01
  3089.69      3.2366  1.4945e-01  1.5786e-01  1.6505e-01  1.7398e-01  1.3374e-01
  3088.19      3.2381  1.4953e-01  1.5801e-01  1.6513e-01  1.7422e-01  1.3376e-01
  3086.69      3.2397  1.4962e-01  1.5825e-01  1.6537e-01  1.7448e-01  1.3376e-01
  3085.19      3.2413  1.4971e-01  1.5845e-01  1.6568e-01  1.7472e-01  1.3375e-01
  3083.69      3.2429  1.4983e-01  1.5852e-01  1.6588e-01  1.7488e-01  1.3372e-01
  3082.19      3.2444  1.5000e-01  1.5855e-01  1.6599e-01  1.7498e-01  1.3369e-01
  3080.69      3.2460  1.5019e-01  1.5868e-01  1.6609e-01  1.7506e-01  1.3365e-01
  3079.19      3.2476  1.5032e-01  1.5885e-01  1.6619e-01  1.7514e-01  1.3361e-01
  3077.69      3.2492  1.5039e-01  1.5895e-01  1.6629e-01  1.7520e-01  1.3358e-01
  3076.19      3.2508  1.5048e-01  1.5901e-01  1.6641e-01  1.7528e-01  1.3357e-01
  3074.69      3.2524  1.5058e-01  1.5912e-01  1.6652e-01  1.7541e-01  1.3357e-01
  3073.19      3.2539  1.5071e-01  1.5931e-01  1.6664e-01  1.7562e-01  1.3357e-01
  3071.69      3.2555  1.5084e-01  1.5956e-01  1.6682e-01  1.7591e-01  1.3358e-01
  3070.19      3.2571  1.5100e-01  1.5978e-01  1.6707e-01  1.7618e-01  1.3359e-01
  3068.69      3.2587  1.5118e-01  1.5996e-01  1.6733e-01  1.7635e-01  1.3360e-01
  3067.19      3.2603  1.5129e-01  1.6001e-01  1.6751e-01  1.7638e-01  1.3359e-01
  3065.69      3.2619  1.5132e-01  1.5995e-01  1.6756e-01  1.7639e-01  1.3359e-01
  3064.19      3.2635  1.5136e-01  1.6002e-01  1.6763e-01  1.7653e-01  1.3360e-01
  3062.69      3.2651  1.5143e-01  1.6026e-01  1.6775e-01  1.7677e-01  1.3360e-01
  3061.19      3.2667  1.5156e-01  1.6047e-01  1.6795e-01  1.7706e-01  1.3363e-01
  3059.69      3.2683  1.5175e-01  1.6062e-01  1.6817e-01  1.7741e-01  1.3365e-01
  3058.19      3.2699  1.5197e-01  1.6076e-01  1.6832e-01  1.7767e-01  1.3368e-01
  3056.69      3.2715  1.5216e-01  1.6092e-01  1.6842e-01  1.7782e-01  1.3371e-01
  3055.19      3.2731  1.5230e-01  1.6109e-01  1.6852e-01  1.7795e-01  1.3374e-01
  3053.69      3.2747  1.5243e-01  1.6133e-01  1.6869e-01  1.7812e-01  1.3377e-01
  3052.19      3.2763  1.5258e-01  1.6153e-01  1.6892e-01  1.7829e-01  1.3381e-01
  3050.69      3.2779  1.5269e-01  1.6154e-01  1.6912e-01  1.7843e-01  1.3384e-01
  3049.19      3.2796  1.5281e-01  1.6148e-01  1.6928e-01  1.7861e-01  1.3386e-01
  3047.69      3.2812  1.5299e-01  1.6156e-01  1.6949e-01  1.7889e-01  1.3387e-01
  3046.19      3.2828  1.5317e-01  1.6177e-01  1.6975e-01  1.7918e-01  1.3388e-01
  3044.69      3.2844  1.5326e-01  1.6201e-01  1.6995e-01  1.7937e-01  1.3387e-01
  3043.19      3.2860  1.5327e-01  1.6222e-01  1.7003e-01  1.7943e-01  1.3384e-01
  3041.69      3.2876  1.5326e-01  1.6232e-01  1.7008e-01  1.7940e-01  1.3382e-01
  3040.19      3.2893  1.5327e-01  1.6225e-01  1.7016e-01  1.7934e-01  1.3379e-01
  3038.69      3.2909  1.5329e-01  1.6217e-01  1.7029e-01  1.7945e-01  1.3376e-01
  3037.19      3.2925  1.5344e-01  1.6233e-01  1.7052e-01  1.7977e-01  1.3374e-01
  3035.69      3.2941  1.5367e-01  1.6266e-01  1.7076e-01  1.8007e-01  1.3374e-01
  3034.19      3.2958  1.5384e-01  1.6291e-01  1.7083e-01  1.8022e-01  1.3375e-01
  3032.69      3.2974  1.5392e-01  1.6297e-01  1.7073e-01  1.8029e-01  1.3376e-01
  3031.19      3.2990  1.5397e-01  1.6298e-01  1.7067e-01  1.8040e-01  1.3379e-01
  3029.69      3.3007  1.5405e-01  1.6310e-01  1.7075e-01  1.8054e-01  1.3383e-01
  3028.19      3.3023  1.5420e-01  1.6330e-01  1.7094e-01  1.8069e-01  1.3386e-01
  3026.69      3.3039  1.5444e-01  1.6351e-01  1.7121e-01  1.8086e-01  1.3391e-01
  3025.19      3.3056  1.5461e-01  1.6366e-01  1.7149e-01  1.8107e-01  1.3396e-01
  3023.69      3.3072  1.5463e-01  1.6373e-01  1.7169e-01  1.8129e-01  1.3400e-01
  3022.19      3.3089  1.5463e-01  1.6385e-01  1.7181e-01  1.8151e-01  1.3406e-01
  3020.69      3.3105  1.5474e-01  1.6406e-01  1.7195e-01  1.8168e-01  1.3410e-01
  3019.19      3.3122  1.5493e-01  1.6426e-01  1.7217e-01  1.8178e-01  1.3413e-01
  3017.69      3.3138  1.5513e-01  1.6441e-01  1.7239e-01  1.8194e-01  1.3414e-01
  3016.19      3.3154  1.5527e-01  1.6453e-01  1.7258e-01  1.8227e-01  1.3415e-01
  3014.69      3.3171  1.5527e-01  1.6467e-01  1.7270e-01  1.8257e-01  1.3416e-01
  3013.19      3.3187  1.5520e-01  1.6483e-01  1.7272e-01  1.8269e-01  1.3417e-01
  3011.69      3.3204  1.5517e-01  1.6489e-01  1.7271e-01  1.8272e-01  1.3418e-01
  3010.19      3.3221  1.5521e-01  1.6482e-01  1.7277e-01  1.8271e-01  1.3421e-01
  3008.69      3.3237  1.5533e-01  1.6478e-01  1.7297e-01  1.8277e-01  1.3424e-01
  3007.19      3.3254  1.5549e-01  1.6484e-01  1.7323e-01  1.8293e-01  1.3428e-01
  3005.69      3.3270  1.5565e-01  1.6493e-01  1.7344e-01  1.8314e-01  1.3432e-01
  3004.19      3.3287  1.5584e-01  1.6508e-01  1.7361e-01  1.8338e-01  1.3436e-01
  3002.69      3.3304  1.5600e-01  1.6531e-01  1.7382e-01  1.8357e-01  1.3441e-01
  3001.19      3.3320  1.5614e-01  1.6565e-01  1.7407e-01  1.8372e-01  1.3444e-01
  2999.69      3.3337  1.5629e-01  1.6596e-01  1.7431e-01  1.8389e-01  1.3447e-01
  2998.19      3.3354  1.5642e-01  1.6613e-01  1.7445e-01  1.8408e-01  1.3450e-01
  2996.69      3.3370  1.5650e-01  1.6621e-01  1.7447e-01  1.8432e-01  1.3452e-01
  2995.19      3.3387  1.5657e-01  1.6627e-01  1.7445e-01  1.8455e-01  1.3453e-01
  2993.69      3.3404  1.5670e-01  1.6635e-01  1.7454e-01  1.8475e-01  1.3454e-01
  2992.19      3.3420  1.5681e-01  1.6644e-01  1.7470e-01  1.8489e-01  1.3453e-01
  2990.68      3.3437  1.5684e-01  1.6649e-01  1.7477e-01  1.8499e-01  1.3453e-01
  2989.18      3.3454  1.5687e-01  1.6659e-01  1.7486e-01  1.8510e-01  1.3453e-01
  2987.68      3.3471  1.5692e-01  1.6671e-01  1.7505e-01  1.8517e-01  1.3454e-01
  2986.18      3.3488  1.5703e-01  1.6680e-01  1.7524e-01  1.8523e-01  1.3456e-01
  2984.68      3.3504  1.5719e-01  1.6694e-01  1.7535e-01  1.8543e-01  1.3457e-01
  2983.18      3.3521  1.5733e-01  1.6716e-01  1.7547e-01  1.8572e-01  1.3461e-01
  2981.68      3.3538  1.5744e-01  1.6728e-01  1.7567e-01  1.8601e-01  1.3462e-01
  2980.18      3.3555  1.5754e-01  1.6722e-01  1.7583e-01  1.8615e-01  1.3464e-01
  2978.68      3.3572  1.5764e-01  1.6717e-01  1.7594e-01  1.8614e-01  1.3464e-01
  2977.18      3.3589  1.5777e-01  1.6732e-01  1.7608e-01  1.8620e-01  1.3463e-01
  2975.68      3.3606  1.5786e-01  1.6760e-01  1.7625e-01  1.8635e-01  1.3460e-01
  2974.18      3.3623  1.5786e-01  1.6775e-01  1.7634e-01  1.8645e-01  1.3459e-01
  2972.68      3.3640  1.5783e-01  1.6772e-01  1.7637e-01  1.8650e-01  1.3458e-01
  2971.18      3.3657  1.5791e-01  1.6770e-01  1.7646e-01  1.8662e-01  1.3458e-01
  2969.68      3.3674  1.5808e-01  1.6784e-01  1.7659e-01  1.8681e-01  1.3460e-01
  2968.18      3.3691  1.5827e-01  1.6807e-01  1.7675e-01  1.8703e-01  1.3463e-01
  2966.68      3.3708  1.5842e-01  1.6827e-01  1.7695e-01  1.8726e-01  1.3465e-01
  2965.18      3.3725  1.5852e-01  1.6838e-01  1.7712e-01  1.8750e-01  1.3468e-01
  2963.68      3.3742  1.5856e-01  1.6840e-01  1.7724e-01  1.8767e-01  1.3468e-01
  2962.18      3.3759  1.5854e-01  1.6837e-01  1.7732e-01  1.8773e-01  1.3468e-01
  2960.68      3.3776  1.5851e-01  1.6841e-01  1.7742e-01  1.8782e-01  1.3468e-01
  2959.18      3.3793  1.5853e-01  1.6850e-01  1.7751e-01  1.8794e-01  1.3467e-01
  2957.68      3.3810  1.5861e-01  1.6859e-01  1.7756e-01  1.8802e-01  1.3467e-01
  2956.18      3.3827  1.5874e-01  1.6871e-01  1.7762e-01  1.8812e-01  1.3468e-01
  2954.68      3.3845  1.5885e-01  1.6883e-01  1.7769e-01  1.8821e-01  1.3469e-01
  2953.18      3.3862  1.5890e-01  1.6890e-01  1.7772e-01  1.8828e-01  1.3471e-01
  2951.68      3.3879  1.5889e-01  1.6898e-01  1.7774e-01  1.8831e-01  1.3473e-01
  2950.18      3.3896  1.5894e-01  1.6909e-01  1.7787e-01  1.8841e-01  1.3474e-01
  2948.68      3.3913  1.5910e-01  1.6923e-01  1.7813e-01  1.8871e-01  1.3475e-01
  2947.18      3.3931  1.5920e-01  1.6935e-01  1.7836e-01  1.8902e-01  1.3476e-01
  2945.68      3.3948  1.5917e-01  1.6943e-01  1.7842e-01  1.8910e-01  1.3474e-01
  2944.18      3.3965  1.5905e-01  1.6941e-01  1.7838e-01  1.8901e-01  1.3472e-01
  2942.68      3.3983  1.5894e-01  1.6926e-01  1.7833e-01  1.8890e-01  1.3469e-01
  2941.18      3.4000  1.5898e-01  1.6920e-01  1.7838e-01  1.8902e-01  1.3466e-01
  2939.68      3.4017  1.5910e-01  1.6931e-01  1.7850e-01  1.8933e-01  1.3464e-01
  2938.18      3.4035  1.5921e-01  1.6943e-01  1.7862e-01  1.8954e-01  1.3464e-01
  2936.68      3.4052  1.5931e-01  1.6945e-01  1.7872e-01  1.8957e-01  1.3464e-01
  2935.18      3.4069  1.5937e-01  1.6945e-01  1.7878e-01  1.8953e-01  1.3464e-01
  2933.68      3.4087  1.5939e-01  1.6959e-01  1.7888e-01  1.8962e-01  1.3463e-01
  2932.18      3.4104  1.5937e-01  1.6979e-01  1.7906e-01  1.8989e-01  1.3457e-01
  2930.68      3.4122  1.5921e-01  1.6979e-01  1.7911e-01  1.9012e-01  1.3448e-01
  2929.18      3.4139  1.5894e-01  1.6963e-01  1.7903e-01  1.9018e-01  1.3435e-01
  2927.68      3.4157  1.5865e-01  1.6944e-01  1.7902e-01  1.9010e-01  1.3420e-01
  2926.18      3.4174  1.5841e-01  1.6929e-01  1.7905e-01  1.9003e-01  1.3401e-01
  2924.68      3.4192  1.5828e-01  1.6923e-01  1.7899e-01  1.9000e-01  1.3384e-01
  2923.18      3.4209  1.5822e-01  1.6919e-01  1.7885e-01  1.9007e-01  1.3366e-01
  2921.68      3.4227  1.5815e-01  1.6908e-01  1.7875e-01  1.9013e-01  1.3351e-01
  2920.18      3.4244  1.5800e-01  1.6892e-01  1.7871e-01  1.9013e-01  1.3336e-01
  2918.68      3.4262  1.5782e-01  1.6876e-01  1.7866e-01  1.9001e-01  1.3323e-01
  2917.18      3.4280  1.5768e-01  1.6858e-01  1.7847e-01  1.8975e-01  1.3311e-01
  2915.68      3.4297  1.5757e-01  1.6836e-01  1.7812e-01  1.8932e-01  1.3300e-01
  2914.18      3.4315  1.5742e-01  1.6812e-01  1.7769e-01  1.8880e-01  1.3290e-01
  2912.68      3.4333  1.5725e-01  1.6790e-01  1.7727e-01  1.8843e-01  1.3281e-01
  2911.18      3.4350  1.5712e-01  1.6773e-01  1.7703e-01  1.8834e-01  1.3274e-01
  2909.68      3.4368  1.5703e-01  1.6766e-01  1.7705e-01  1.8834e-01  1.3268e-01
  2908.18      3.4386  1.5696e-01  1.6769e-01  1.7724e-01  1.8829e-01  1.3263e-01
  2906.68      3.4404  1.5691e-01  1.6774e-01  1.7740e-01  1.8829e-01  1.3259e-01
  2905.18      3.4421  1.5691e-01  1.6773e-01  1.7741e-01  1.8838e-01  1.3255e-01
  2903.68      3.4439  1.5693e-01  1.6774e-01  1.7732e-01  1.8851e-01  1.3250e-01
  2902.18      3.4457  1.5692e-01  1.6776e-01  1.7731e-01  1.8863e-01  1.3245e-01
  2900.68      3.4475  1.5689e-01  1.6779e-01  1.7745e-01  1.8878e-01  1.3238e-01
  2899.18      3.4493  1.5687e-01  1.6777e-01  1.7759e-01  1.8894e-01  1.3231e-01
  2897.68      3.4510  1.5685e-01  1.6770e-01  1.7762e-01  1.8905e-01  1.3224e-01
  2896.18      3.4528  1.5677e-01  1.6760e-01  1.7754e-01  1.8897e-01  1.3218e-01
  2894.68      3.4546  1.5663e-01  1.6745e-01  1.7732e-01  1.8872e-01  1.3211e-01
  2893.18      3.4564  1.5657e-01  1.6735e-01  1.7712e-01  1.8852e-01  1.3206e-01
  2891.68      3.4582  1.5658e-01  1.6731e-01  1.7704e-01  1.8855e-01  1.3202e-01
  2890.18      3.4600  1.5655e-01  1.6733e-01  1.7707e-01  1.8868e-01  1.3197e-01
  2888.68      3.4618  1.5648e-01  1.6741e-01  1.7713e-01  1.8878e-01  1.3192e-01
  2887.18      3.4636  1.5641e-01  1.6749e-01  1.7719e-01  1.8883e-01  1.3188e-01
  2885.68      3.4654  1.5644e-01  1.6751e-01  1.7727e-01  1.8888e-01  1.3182e-01
  2884.18      3.4672  1.5657e-01  1.6753e-01  1.7739e-01  1.8894e-01  1.3177e-01
  2882.68      3.4690  1.5666e-01  1.6753e-01  1.7747e-01  1.8897e-01  1.3174e-01
  2881.18      3.4708  1.5670e-01  1.6754e-01  1.7747e-01  1.8905e-01  1.3170e-01
  2879.68      3.4726  1.5672e-01  1.6757e-01  1.7747e-01  1.8923e-01  1.3166e-01
  2878.18      3.4744  1.5674e-01  1.6766e-01  1.7753e-01  1.8941e-01  1.3163e-01
  2876.68      3.4762  1.5677e-01  1.6777e-01  1.7765e-01  1.8951e-01  1.3158e-01
  2875.18      3.4780  1.5677e-01  1.6781e-01  1.7771e-01  1.8951e-01  1.3152e-01
  2873.68      3.4799  1.5663e-01  1.6768e-01  1.7764e-01  1.8946e-01  1.3144e-01
  2872.18      3.4817  1.5640e-01  1.6744e-01  1.7746e-01  1.8934e-01  1.3134e-01
  2870.68      3.4835  1.5625e-01  1.6729e-01  1.7732e-01  1.8922e-01  1.3124e-01
  2869.18      3.4853  1.5628e-01  1.6731e-01  1.7730e-01  1.8914e-01  1.3114e-01
  2867.68      3.4871  1.5633e-01  1.6738e-01  1.7730e-01  1.8907e-01  1.3106e-01
  2866.18      3.4890  1.5630e-01  1.6736e-01  1.7728e-01  1.8898e-01  1.3097e-01
  2864.68      3.4908  1.5622e-01  1.6724e-01  1.7725e-01  1.8893e-01  1.3088e-01
  2863.18      3.4926  1.5613e-01  1.6713e-01  1.7718e-01  1.8891e-01  1.3079e-01
  2861.68      3.4945  1.5610e-01  1.6707e-01  1.7711e-01  1.8884e-01  1.3068e-01
  2860.18      3.4963  1.5605e-01  1.6704e-01  1.7704e-01  1.8875e-01  1.3055e-01
  2858.68      3.4981  1.5591e-01  1.6700e-01  1.7693e-01  1.8875e-01  1.3040e-01
  2857.17      3.5000  1.5576e-01  1.6693e-01  1.7685e-01  1.8883e-01  1.3023e-01
  2855.67      3.5018  1.5561e-01  1.6683e-01  1.7685e-01  1.8887e-01  1.3004e-01
  2854.17      3.5036  1.5535e-01  1.6669e-01  1.7681e-01  1.8879e-01  1.2985e-01
  2852.67      3.5055  1.5505e-01  1.6649e-01  1.7669e-01  1.8868e-01  1.2966e-01
  2851.17      3.5073  1.5485e-01  1.6621e-01  1.7646e-01  1.8850e-01  1.2948e-01
  2849.67      3.5092  1.5472e-01  1.6584e-01  1.7610e-01  1.8816e-01  1.2931e-01
  2848.17      3.5110  1.5452e-01  1.6542e-01  1.7567e-01  1.8765e-01  1.2917e-01
  2846.67      3.5129  1.5421e-01  1.6503e-01  1.7526e-01  1.8708e-01  1.2905e-01
  2845.17      3.5147  1.5397e-01  1.6482e-01  1.7497e-01  1.8673e-01  1.2893e-01
  2843.67      3.5166  1.5390e-01  1.6481e-01  1.7485e-01  1.8668e-01  1.2883e-01
  2842.17      3.5184  1.5389e-01  1.6493e-01  1.7482e-01  1.8678e-01  1.2872e-01
  2840.67      3.5203  1.5387e-01  1.6506e-01  1.7488e-01  1.8696e-01  1.2862e-01
  2839.17      3.5222  1.5370e-01  1.6502e-01  1.7491e-01  1.8703e-01  1.2850e-01
  2837.67      3.5240  1.5345e-01  1.6475e-01  1.7484e-01  1.8691e-01  1.2839e-01
  2836.17      3.5259  1.5327e-01  1.6447e-01  1.7475e-01  1.8678e-01  1.2827e-01
  2834.67      3.5277  1.5313e-01  1.6429e-01  1.7460e-01  1.8671e-01  1.2816e-01
  2833.17      3.5296  1.5297e-01  1.6416e-01  1.7438e-01  1.8669e-01  1.2804e-01
  2831.67      3.5315  1.5284e-01  1.6400e-01  1.7420e-01  1.8663e-01  1.2793e-01
  2830.17      3.5334  1.5274e-01  1.6380e-01  1.7412e-01  1.8645e-01  1.2783e-01
  2828.67      3.5352  1.5260e-01  1.6364e-01  1.7409e-01  1.8627e-01  1.2773e-01
  2827.17      3.5371  1.5245e-01  1.6354e-01  1.7396e-01  1.8618e-01  1.2764e-01
  2825.67      3.5390  1.5233e-01  1.6349e-01  1.7381e-01  1.8615e-01  1.2756e-01
  2824.17      3.5409  1.5222e-01  1.6345e-01  1.7369e-01  1.8612e-01  1.2748e-01
  2822.67      3.5427  1.5207e-01  1.6336e-01  1.7352e-01  1.8599e-01  1.2740e-01
  2821.17      3.5446  1.5189e-01  1.6319e-01  1.7333e-01  1.8575e-01  1.2734e-01
  2819.67      3.5465  1.5170e-01  1.6296e-01  1.7312e-01  1.8548e-01  1.2725e-01
  2818.17      3.5484  1.5152e-01  1.6275e-01  1.7290e-01  1.8528e-01  1.2716e-01
  2816.67      3.5503  1.5136e-01  1.6254e-01  1.7271e-01  1.8515e-01  1.2706e-01
  2815.17      3.5522  1.5122e-01  1.6230e-01  1.7256e-01  1.8502e-01  1.2694e-01
  2813.67      3.5541  1.5110e-01  1.6212e-01  1.7242e-01  1.8483e-01  1.2680e-01
  2812.17      3.5560  1.5097e-01  1.6204e-01  1.7230e-01  1.8463e-01  1.2666e-01
  2810.67      3.5579  1.5073e-01  1.6188e-01  1.7211e-01  1.8439e-01  1.2650e-01
  2809.17      3.5598  1.5041e-01  1.6160e-01  1.7183e-01  1.8407e-01  1.2632e-01
  2807.67      3.5617  1.5012e-01  1.6132e-01  1.7157e-01  1.8377e-01  1.2615e-01
  2806.17      3.5636  1.4989e-01  1.6106e-01  1.7134e-01  1.8355e-01  1.2598e-01
  2804.67      3.5655  1.4969e-01  1.6080e-01  1.7112e-01  1.8341e-01  1.2582e-01
  2803.17      3.5674  1.4947e-01  1.6056e-01  1.7087e-01  1.8324e-01  1.2566e-01
  2801.67      3.5693  1.4923e-01  1.6034e-01  1.7058e-01  1.8300e-01  1.2552e-01
  2800.17      3.5712  1.4902e-01  1.6007e-01  1.7032e-01  1.8273e-01  1.2537e-01
  2798.67      3.5731  1.4879e-01  1.5974e-01  1.7002e-01  1.8245e-01  1.2523e-01
  2797.17      3.5750  1.4853e-01  1.5946e-01  1.6964e-01  1.8213e-01  1.2507e-01
  2795.67      3.5770  1.4829e-01  1.5925e-01  1.6927e-01  1.8180e-01  1.2490e-01
  2794.17      3.5789  1.4809e-01  1.5901e-01  1.6900e-01  1.8149e-01  1.2473e-01
  2792.67      3.5808  1.4793e-01  1.5873e-01  1.6881e-01  1.8124e-01  1.2455e-01
  2791.17      3.5827  1.4772e-01  1.5844e-01  1.6861e-01  1.8100e-01  1.2437e-01
  2789.67      3.5847  1.4744e-01  1.5818e-01  1.6830e-01  1.8068e-01  1.2418e-01
  2788.17      3.5866  1.4717e-01  1.5793e-01  1.6795e-01  1.8030e-01  1.2400e-01
  2786.67      3.5885  1.4695e-01  1.5767e-01  1.6768e-01  1.8001e-01  1.2381e-01
  2785.17      3.5904  1.4679e-01  1.5748e-01  1.6754e-01  1.7987e-01  1.2362e-01
  2783.67      3.5924  1.4659e-01  1.5736e-01  1.6744e-01  1.7974e-01  1.2344e-01
  2782.17      3.5943  1.4634e-01  1.5721e-01  1.6731e-01  1.7950e-01  1.2326e-01
  2780.67      3.5963  1.4612e-01  1.5700e-01  1.6712e-01  1.7923e-01  1.2307e-01
  2779.17      3.5982  1.4598e-01  1.5677e-01  1.6682e-01  1.7899e-01  1.2290e-01
  2777.67      3.6001  1.4589e-01  1.5655e-01  1.6650e-01  1.7881e-01  1.2272e-01
  2776.17      3.6021  1.4575e-01  1.5633e-01  1.6622e-01  1.7864e-01  1.2254e-01
  2774.67      3.6040  1.4550e-01  1.5601e-01  1.6594e-01  1.7839e-01  1.2236e-01
  2773.17      3.6060  1.4523e-01  1.5564e-01  1.6566e-01  1.7807e-01  1.2217e-01
  2771.67      3.6079  1.4502e-01  1.5538e-01  1.6543e-01  1.7781e-01  1.2198e-01
  2770.17      3.6099  1.4485e-01  1.5525e-01  1.6523e-01  1.7761e-01  1.2180e-01
  2768.67      3.6118  1.4468e-01  1.5510e-01  1.6504e-01  1.7744e-01  1.2161e-01
  2767.17      3.6138  1.4450e-01  1.5488e-01  1.6481e-01  1.7721e-01  1.2142e-01
  2765.67      3.6158  1.4431e-01  1.5466e-01  1.6458e-01  1.7692e-01  1.2124e-01
  2764.17      3.6177  1.4412e-01  1.5446e-01  1.6438e-01  1.7661e-01  1.2107e-01
  2762.67      3.6197  1.4395e-01  1.5427e-01  1.6417e-01  1.7634e-01  1.2089e-01
  2761.17      3.6217  1.4381e-01  1.5412e-01  1.6396e-01  1.7612e-01  1.2072e-01
  2759.67      3.6236  1.4368e-01  1.5401e-01  1.6380e-01  1.7594e-01  1.2055e-01
  2758.17      3.6256  1.4355e-01  1.5388e-01  1.6365e-01  1.7578e-01  1.2038e-01
  2756.67      3.6276  1.4339e-01  1.5370e-01  1.6349e-01  1.7561e-01  1.2020e-01
  2755.17      3.6295  1.4323e-01  1.5350e-01  1.6333e-01  1.7539e-01  1.2002e-01
  2753.67      3.6315  1.4308e-01  1.5331e-01  1.6317e-01  1.7516e-01  1.1984e-01
  2752.17      3.6335  1.4294e-01  1.5314e-01  1.6297e-01  1.7500e-01  1.1967e-01
  2750.67      3.6355  1.4275e-01  1.5292e-01  1.6270e-01  1.7483e-01  1.1950e-01
  2749.17      3.6375  1.4250e-01  1.5262e-01  1.6239e-01  1.7453e-01  1.1933e-01
  2747.67      3.6395  1.4222e-01  1.5231e-01  1.6209e-01  1.7413e-01  1.1916e-01
  2746.17      3.6414  1.4192e-01  1.5206e-01  1.6174e-01  1.7368e-01  1.1898e-01
  2744.67      3.6434  1.4165e-01  1.5186e-01  1.6140e-01  1.7329e-01  1.1882e-01
  2743.17      3.6454  1.4150e-01  1.5164e-01  1.6114e-01  1.7303e-01  1.1866e-01
  2741.67      3.6474  1.4143e-01  1.5141e-01  1.6095e-01  1.7287e-01  1.1852e-01
  2740.17      3.6494  1.4138e-01  1.5122e-01  1.6081e-01  1.7281e-01  1.1838e-01
  2738.67      3.6514  1.4123e-01  1.5106e-01  1.6064e-01  1.7272e-01  1.1824e-01
  2737.17      3.6534  1.4100e-01  1.5086e-01  1.6043e-01  1.7248e-01  1.1811e-01
  2735.67      3.6554  1.4078e-01  1.5067e-01  1.6018e-01  1.7214e-01  1.1798e-01
  2734.17      3.6574  1.4060e-01  1.5046e-01  1.5993e-01  1.7185e-01  1.1787e-01
  2732.67      3.6594  1.4046e-01  1.5026e-01  1.5974e-01  1.7167e-01  1.1775e-01
  2731.17      3.6614  1.4028e-01  1.5012e-01  1.5956e-01  1.7151e-01  1.1763e-01
  2729.67      3.6635  1.4014e-01  1.5007e-01  1.5939e-01  1.7134e-01  1.1752e-01
  2728.17      3.6655  1.4002e-01  1.5003e-01  1.5923e-01  1.7117e-01  1.1740e-01
  2726.67      3.6675  1.3981e-01  1.4981e-01  1.5903e-01  1.7094e-01  1.1728e-01
  2725.17      3.6695  1.3951e-01  1.4948e-01  1.5878e-01  1.7061e-01  1.1714e-01
  2723.67      3.6715  1.3922e-01  1.4921e-01  1.5853e-01  1.7023e-01  1.1702e-01
  2722.16      3.6735  1.3899e-01  1.4901e-01  1.5824e-01  1.6986e-01  1.1689e-01
  2720.66      3.6756  1.3878e-01  1.4880e-01  1.5794e-01  1.6954e-01  1.1678e-01
  2719.16      3.6776  1.3858e-01  1.4857e-01  1.5771e-01  1.6930e-01  1.1666e-01
  2717.66      3.6796  1.3843e-01  1.4834e-01  1.5756e-01  1.6913e-01  1.1655e-01
  2716.16      3.6817  1.3831e-01  1.4815e-01  1.5738e-01  1.6895e-01  1.1647e-01
  2714.66      3.6837  1.3820e-01  1.4795e-01  1.5713e-01  1.6876e-01  1.1638e-01
  2713.16      3.6857  1.3808e-01  1.4771e-01  1.5688e-01  1.6856e-01  1.1630e-01
  2711.66      3.6878  1.3796e-01  1.4744e-01  1.5668e-01  1.6831e-01  1.1624e-01
  2710.16      3.6898  1.3781e-01  1.4721e-01  1.5650e-01  1.6804e-01  1.1617e-01
  2708.66      3.6919  1.3762e-01  1.4702e-01  1.5629e-01  1.6780e-01  1.1611e-01
  2707.16      3.6939  1.3743e-01  1.4682e-01  1.5608e-01  1.6761e-01  1.1603e-01
  2705.66      3.6960  1.3727e-01  1.4659e-01  1.5586e-01  1.6741e-01  1.1597e-01
  2704.16      3.6980  1.3711e-01  1.4632e-01  1.5563e-01  1.6718e-01  1.1589e-01
  2702.66      3.7001  1.3693e-01  1.4608e-01  1.5536e-01  1.6691e-01  1.1580e-01
  2701.16      3.7021  1.3672e-01  1.4594e-01  1.5511e-01  1.6663e-01  1.1571e-01
  2699.66      3.7042  1.3649e-01  1.4588e-01  1.5490e-01  1.6643e-01  1.1562e-01
  2698.16      3.7062  1.3630e-01  1.4579e-01  1.5470e-01  1.6622e-01  1.1552e-01
  2696.66      3.7083  1.3617e-01  1.4561e-01  1.5447e-01  1.6592e-01  1.1542e-01
  2695.16      3.7104  1.3607e-01  1.4538e-01  1.5423e-01  1.6563e-01  1.1534e-01
  2693.66      3.7124  1.3598e-01  1.4512e-01  1.5401e-01  1.6542e-01  1.1526e-01
  2692.16      3.7145  1.3587e-01  1.4496e-01  1.5384e-01  1.6522e-01  1.1521e-01
  2690.66      3.7166  1.3575e-01  1.4488e-01  1.5375e-01  1.6498e-01  1.1515e-01
  2689.16      3.7186  1.3564e-01  1.4480e-01  1.5364e-01  1.6481e-01  1.1512e-01
  2687.66      3.7207  1.3555e-01  1.4464e-01  1.5348e-01  1.6469e-01  1.1508e-01
  2686.16      3.7228  1.3540e-01  1.4445e-01  1.5334e-01  1.6455e-01  1.1505e-01
  2684.66      3.7249  1.3528e-01  1.4435e-01  1.5327e-01  1.6440e-01  1.1501e-01
  2683.16      3.7269  1.3522e-01  1.4428e-01  1.5317e-01  1.6428e-01  1.1496e-01
  2681.66      3.7290  1.3518e-01  1.4418e-01  1.5300e-01  1.6420e-01  1.1490e-01
  2680.16      3.7311  1.3510e-01  1.4406e-01  1.5278e-01  1.6409e-01  1.1483e-01
  2678.66      3.7332  1.3493e-01  1.4394e-01  1.5256e-01  1.6391e-01  1.1477e-01
  2677.16      3.7353  1.3476e-01  1.4384e-01  1.5243e-01  1.6372e-01  1.1469e-01
  2675.66      3.7374  1.3463e-01  1.4371e-01  1.5234e-01  1.6349e-01  1.1462e-01
  2674.16      3.7395  1.3451e-01  1.4355e-01  1.5223e-01  1.6321e-01  1.1454e-01
  2672.66      3.7416  1.3441e-01  1.4339e-01  1.5209e-01  1.6297e-01  1.1448e-01
  2671.16      3.7437  1.3436e-01  1.4326e-01  1.5191e-01  1.6285e-01  1.1442e-01
  2669.66      3.7458  1.3436e-01  1.4317e-01  1.5175e-01  1.6281e-01  1.1436e-01
  2668.16      3.7479  1.3438e-01  1.4312e-01  1.5164e-01  1.6275e-01  1.1431e-01
  2666.66      3.7500  1.3436e-01  1.4309e-01  1.5154e-01  1.6263e-01  1.1427e-01
  2665.16      3.7521  1.3431e-01  1.4313e-01  1.5150e-01  1.6256e-01  1.1423e-01
  2663.66      3.7542  1.3428e-01  1.4318e-01  1.5147e-01  1.6254e-01  1.1418e-01
  2662.16      3.7563  1.3428e-01  1.4319e-01  1.5139e-01  1.6249e-01  1.1415e-01
  2660.66      3.7585  1.3428e-01  1.4311e-01  1.5132e-01  1.6239e-01  1.1411e-01
  2659.16      3.7606  1.3427e-01  1.4304e-01  1.5131e-01  1.6221e-01  1.1407e-01
  2657.66      3.7627  1.3423e-01  1.4298e-01  1.5132e-01  1.6208e-01  1.1404e-01
  2656.16      3.7648  1.3418e-01  1.4290e-01  1.5129e-01  1.6206e-01  1.1399e-01
  2654.66      3.7670  1.3415e-01  1.4280e-01  1.5122e-01  1.6210e-01  1.1393e-01
  2653.16      3.7691  1.3418e-01  1.4274e-01  1.5116e-01  1.6213e-01  1.1389e-01
  2651.66      3.7712  1.3423e-01  1.4275e-01  1.5111e-01  1.6213e-01  1.1384e-01
  2650.16      3.7734  1.3423e-01  1.4278e-01  1.5106e-01  1.6209e-01  1.1380e-01
  2648.66      3.7755  1.3423e-01  1.4277e-01  1.5104e-01  1.6204e-01  1.1377e-01
  2647.16      3.7776  1.3425e-01  1.4276e-01  1.5108e-01  1.6202e-01  1.1376e-01
  2645.66      3.7798  1.3423e-01  1.4279e-01  1.5113e-01  1.6201e-01  1.1374e-01
  2644.16      3.7819  1.3421e-01  1.4287e-01  1.5114e-01  1.6195e-01  1.1373e-01
  2642.66      3.7841  1.3426e-01  1.4294e-01  1.5112e-01  1.6185e-01  1.1373e-01
  2641.16      3.7862  1.3434e-01  1.4296e-01  1.5112e-01  1.6180e-01  1.1371e-01
  2639.66      3.7884  1.3438e-01  1.4296e-01  1.5112e-01  1.6185e-01  1.1370e-01
  2638.16      3.7905  1.3436e-01  1.4297e-01  1.5113e-01  1.6190e-01  1.1368e-01
  2636.66      3.7927  1.3436e-01  1.4298e-01  1.5117e-01  1.6189e-01  1.1366e-01
  2635.16      3.7948  1.3439e-01  1.4304e-01  1.5118e-01  1.6181e-01  1.1363e-01
  2633.66      3.7970  1.3444e-01  1.4312e-01  1.5115e-01  1.6170e-01  1.1361e-01
  2632.16      3.7992  1.3453e-01  1.4320e-01  1.5116e-01  1.6167e-01  1.1359e-01
  2630.66      3.8013  1.3458e-01  1.4326e-01  1.5117e-01  1.6174e-01  1.1358e-01
  2629.16      3.8035  1.3455e-01  1.4323e-01  1.5113e-01  1.6181e-01  1.1357e-01
  2627.66      3.8057  1.3448e-01  1.4314e-01  1.5106e-01  1.6179e-01  1.1357e-01
  2626.16      3.8078  1.3444e-01  1.4309e-01  1.5104e-01  1.6174e-01  1.1358e-01
  2624.66      3.8100  1.3445e-01  1.4310e-01  1.5112e-01  1.6168e-01  1.1359e-01
  2623.16      3.8122  1.3445e-01  1.4308e-01  1.5121e-01  1.6161e-01  1.1360e-01
  2621.66      3.8144  1.3446e-01  1.4304e-01  1.5124e-01  1.6158e-01  1.1362e-01
  2620.16      3.8166  1.3447e-01  1.4302e-01  1.5116e-01  1.6160e-01  1.1363e-01
  2618.66      3.8188  1.3449e-01  1.4300e-01  1.5102e-01  1.6160e-01  1.1366e-01
  2617.16      3.8209  1.3452e-01  1.4301e-01  1.5093e-01  1.6155e-01  1.1368e-01
  2615.66      3.8231  1.3454e-01  1.4305e-01  1.5093e-01  1.6144e-01  1.1370e-01
  2614.16      3.8253  1.3456e-01  1.4305e-01  1.5090e-01  1.6128e-01  1.1374e-01
  2612.66      3.8275  1.3460e-01  1.4300e-01  1.5082e-01  1.6118e-01  1.1377e-01
  2611.16      3.8297  1.3457e-01  1.4292e-01  1.5070e-01  1.6115e-01  1.1381e-01
  2609.66      3.8319  1.3450e-01  1.4289e-01  1.5062e-01  1.6117e-01  1.1386e-01
  2608.16      3.8341  1.3443e-01  1.4291e-01  1.5060e-01  1.6122e-01  1.1390e-01
  2606.66      3.8363  1.3435e-01  1.4292e-01  1.5062e-01  1.6124e-01  1.1393e-01
  2605.16      3.8385  1.3431e-01  1.4289e-01  1.5066e-01  1.6119e-01  1.1396e-01
  2603.66      3.8408  1.3433e-01  1.4286e-01  1.5065e-01  1.6108e-01  1.1399e-01
  2602.16      3.8430  1.3435e-01  1.4279e-01  1.5060e-01  1.6094e-01  1.1403e-01
  2600.66      3.8452  1.3435e-01  1.4275e-01  1.5055e-01  1.6085e-01  1.1407e-01
  2599.16      3.8474  1.3430e-01  1.4277e-01  1.5051e-01  1.6083e-01  1.1411e-01
  2597.66      3.8496  1.3424e-01  1.4273e-01  1.5048e-01  1.6080e-01  1.1415e-01
  2596.16      3.8518  1.3422e-01  1.4260e-01  1.5049e-01  1.6070e-01  1.1420e-01
  2594.66      3.8541  1.3423e-01  1.4250e-01  1.5045e-01  1.6059e-01  1.1424e-01
  2593.16      3.8563  1.3427e-01  1.4252e-01  1.5033e-01  1.6052e-01  1.1428e-01
  2591.66      3.8585  1.3429e-01  1.4257e-01  1.5022e-01  1.6048e-01  1.1433e-01
  2590.16      3.8608  1.3425e-01  1.4251e-01  1.5013e-01  1.6046e-01  1.1436e-01
  2588.65      3.8630  1.3416e-01  1.4241e-01  1.5007e-01  1.6043e-01  1.1441e-01
  2587.15      3.8652  1.3408e-01  1.4234e-01  1.5009e-01  1.6031e-01  1.1445e-01
  2585.65      3.8675  1.3404e-01  1.4232e-01  1.5013e-01  1.6017e-01  1.1449e-01
  2584.15      3.8697  1.3405e-01  1.4234e-01  1.5016e-01  1.6016e-01  1.1451e-01
  2582.65      3.8720  1.3405e-01  1.4232e-01  1.5018e-01  1.6017e-01  1.1453e-01
  2581.15      3.8742  1.3403e-01  1.4223e-01  1.5016e-01  1.6011e-01  1.1455e-01
  2579.65      3.8765  1.3400e-01  1.4213e-01  1.5009e-01  1.5997e-01  1.1455e-01
  2578.15      3.8787  1.3396e-01  1.4207e-01  1.4999e-01  1.5982e-01  1.1457e-01
  2576.65      3.8810  1.3394e-01  1.4210e-01  1.4988e-01  1.5974e-01  1.1458e-01
  2575.15      3.8833  1.3392e-01  1.4214e-01  1.4975e-01  1.5974e-01  1.1460e-01
  2573.65      3.8855  1.3393e-01  1.4210e-01  1.4968e-01  1.5973e-01  1.1461e-01
  2572.15      3.8878  1.3397e-01  1.4205e-01  1.4974e-01  1.5968e-01  1.1462e-01
  2570.65      3.8901  1.3395e-01  1.4200e-01  1.4984e-01  1.5959e-01  1.1463e-01
  2569.15      3.8923  1.3390e-01  1.4193e-01  1.4987e-01  1.5954e-01  1.1463e-01
  2567.65      3.8946  1.3391e-01  1.4189e-01  1.4975e-01  1.5956e-01  1.1463e-01
  2566.15      3.8969  1.3398e-01  1.4193e-01  1.4958e-01  1.5957e-01  1.1463e-01
  2564.65      3.8992  1.3403e-01  1.4199e-01  1.4952e-01  1.5952e-01  1.1462e-01
  2563.15      3.9014  1.3403e-01  1.4201e-01  1.4958e-01  1.5945e-01  1.1462e-01
  2561.65      3.9037  1.3401e-01  1.4204e-01  1.4968e-01  1.5943e-01  1.1461e-01
  2560.15      3.9060  1.3404e-01  1.4210e-01  1.4975e-01  1.5944e-01  1.1461e-01
  2558.65      3.9083  1.3408e-01  1.4213e-01  1.4972e-01  1.5941e-01  1.1460e-01
  2557.15      3.9106  1.3411e-01  1.4212e-01  1.4966e-01  1.5935e-01  1.1459e-01
  2555.65      3.9129  1.3413e-01  1.4210e-01  1.4962e-01  1.5929e-01  1.1458e-01
  2554.15      3.9152  1.3416e-01  1.4214e-01  1.4964e-01  1.5928e-01  1.1456e-01
  2552.65      3.9175  1.3419e-01  1.4226e-01  1.4971e-01  1.5933e-01  1.1455e-01
  2551.15      3.9198  1.3420e-01  1.4238e-01  1.4977e-01  1.5936e-01  1.1453e-01
  2549.65      3.9221  1.3422e-01  1.4241e-01  1.4978e-01  1.5933e-01  1.1451e-01
  2548.15      3.9244  1.3426e-01  1.4238e-01  1.4979e-01  1.5930e-01  1.1449e-01
  2546.65      3.9267  1.3430e-01  1.4233e-01  1.4983e-01  1.5930e-01  1.1446e-01
  2545.15      3.9290  1.3433e-01  1.4230e-01  1.4985e-01  1.5934e-01  1.1444e-01
  2543.65      3.9314  1.3438e-01  1.4230e-01  1.4979e-01  1.5936e-01  1.1441e-01
  2542.15      3.9337  1.3443e-01  1.4230e-01  1.4977e-01  1.5941e-01  1.1439e-01
  2540.65      3.9360  1.3449e-01  1.4234e-01  1.4986e-01  1.5948e-01  1.1436e-01
  2539.15      3.9383  1.3458e-01  1.4246e-01  1.5000e-01  1.5952e-01  1.1435e-01
  2537.65      3.9407  1.3465e-01  1.4259e-01  1.5009e-01  1.5954e-01  1.1433e-01
  2536.15      3.9430  1.3467e-01  1.4268e-01  1.5010e-01  1.5956e-01  1.1432e-01
  2534.65      3.9453  1.3468e-01  1.4271e-01  1.5006e-01  1.5955e-01  1.1431e-01
  2533.15      3.9477  1.3470e-01  1.4274e-01  1.5006e-01  1.5948e-01  1.1430e-01
  2531.65      3.9500  1.3476e-01  1.4275e-01  1.5012e-01  1.5941e-01  1.1429e-01
  2530.15      3.9523  1.3481e-01  1.4271e-01  1.5019e-01  1.5936e-01  1.1428e-01
  2528.65      3.9547  1.3486e-01  1.4270e-01  1.5023e-01  1.5937e-01  1.1428e-01
  2527.15      3.9570  1.3490e-01  1.4279e-01  1.5023e-01  1.5941e-01  1.1428e-01
  2525.65      3.9594  1.3494e-01  1.4289e-01  1.5017e-01  1.5939e-01  1.1428e-01
  2524.15      3.9617  1.3497e-01  1.4292e-01  1.5014e-01  1.5937e-01  1.1428e-01
  2522.65      3.9641  1.3498e-01  1.4293e-01  1.5015e-01  1.5939e-01  1.1427e-01
  2521.15      3.9664  1.3499e-01  1.4297e-01  1.5021e-01  1.5942e-01  1.1427e-01
  2519.65      3.9688  1.3500e-01  1.4297e-01  1.5030e-01  1.5944e-01  1.1426e-01
  2518.15      3.9712  1.3498e-01  1.4289e-01  1.5035e-01  1.5945e-01  1.1425e-01
  2516.65      3.9735  1.3499e-01  1.4286e-01  1.5034e-01  1.5945e-01  1.1424e-01
  2515.15      3.9759  1.3502e-01  1.4291e-01  1.5035e-01  1.5938e-01  1.1423e-01
  2513.65      3.9783  1.3504e-01  1.4298e-01  1.5038e-01  1.5924e-01  1.1423e-01
  2512.15      3.9807  1.3504e-01  1.4299e-01  1.5041e-01  1.5912e-01  1.1424e-01
  2510.65      3.9830  1.3501e-01  1.4294e-01  1.5040e-01  1.5905e-01  1.1426e-01
  2509.15      3.9854  1.3497e-01  1.4284e-01  1.5036e-01  1.5907e-01  1.1428e-01
  2507.65      3.9878  1.3493e-01  1.4277e-01  1.5030e-01  1.5913e-01  1.1431e-01
  2506.15      3.9902  1.3491e-01  1.4275e-01  1.5020e-01  1.5914e-01  1.1433e-01
  2504.65      3.9926  1.3490e-01  1.4278e-01  1.5011e-01  1.5912e-01  1.1436e-01
  2503.15      3.9950  1.3488e-01  1.4282e-01  1.5007e-01  1.5908e-01  1.1439e-01
  2501.65      3.9974  1.3487e-01  1.4285e-01  1.5003e-01  1.5905e-01  1.1441e-01
  2500.15      3.9998  1.3482e-01  1.4284e-01  1.4995e-01  1.5903e-01  1.1444e-01
  2498.65      4.0022  1.3473e-01  1.4276e-01  1.4984e-01  1.5895e-01  1.1447e-01
  2497.15      4.0046  1.3469e-01  1.4267e-01  1.4977e-01  1.5880e-01  1.1451e-01
  2495.65      4.0070  1.3465e-01  1.4259e-01  1.4974e-01  1.5865e-01  1.1456e-01
  2494.15      4.0094  1.3460e-01  1.4254e-01  1.4972e-01  1.5854e-01  1.1460e-01
  2492.65      4.0118  1.3456e-01  1.4255e-01  1.4971e-01  1.5850e-01  1.1465e-01
  2491.15      4.0142  1.3449e-01  1.4249e-01  1.4964e-01  1.5850e-01  1.1469e-01
  2489.65      4.0166  1.3442e-01  1.4236e-01  1.4950e-01  1.5850e-01  1.1473e-01
  2488.15      4.0191  1.3438e-01  1.4225e-01  1.4941e-01  1.5845e-01  1.1474e-01
  2486.65      4.0215  1.3436e-01  1.4217e-01  1.4940e-01  1.5836e-01  1.1477e-01
  2485.15      4.0239  1.3432e-01  1.4214e-01  1.4936e-01  1.5825e-01  1.1479e-01
  2483.65      4.0263  1.3424e-01  1.4212e-01  1.4925e-01  1.5810e-01  1.1482e-01
  2482.15      4.0288  1.3415e-01  1.4205e-01  1.4915e-01  1.5793e-01  1.1484e-01
  2480.65      4.0312  1.3405e-01  1.4192e-01  1.4907e-01  1.5780e-01  1.1487e-01
  2479.15      4.0336  1.3393e-01  1.4179e-01  1.4899e-01  1.5770e-01  1.1489e-01
  2477.65      4.0361  1.3379e-01  1.4171e-01  1.4892e-01  1.5765e-01  1.1490e-01
  2476.15      4.0385  1.3366e-01  1.4162e-01  1.4887e-01  1.5762e-01  1.1491e-01
  2474.65      4.0410  1.3354e-01  1.4146e-01  1.4878e-01  1.5751e-01  1.1491e-01
  2473.15      4.0434  1.3346e-01  1.4128e-01  1.4867e-01  1.5731e-01  1.1490e-01
  2471.65      4.0459  1.3345e-01  1.4118e-01  1.4854e-01  1.5716e-01  1.1489e-01
  2470.15      4.0483  1.3342e-01  1.4115e-01  1.4843e-01  1.5711e-01  1.1486e-01
  2468.65      4.0508  1.3336e-01  1.4115e-01  1.4834e-01  1.5704e-01  1.1484e-01
  2467.15      4.0533  1.3325e-01  1.4111e-01  1.4827e-01  1.5684e-01  1.1480e-01
  2465.65      4.0557  1.3312e-01  1.4101e-01  1.4818e-01  1.5662e-01  1.1477e-01
  2464.15      4.0582  1.3301e-01  1.4087e-01  1.4808e-01  1.5651e-01  1.1473e-01
  2462.65      4.0607  1.3293e-01  1.4074e-01  1.4793e-01  1.5650e-01  1.1469e-01
  2461.15      4.0631  1.3288e-01  1.4066e-01  1.4783e-01  1.5644e-01  1.1465e-01
  2459.65      4.0656  1.3280e-01  1.4057e-01  1.4779e-01  1.5633e-01  1.1461e-01
  2458.15      4.0681  1.3271e-01  1.4043e-01  1.4767e-01  1.5625e-01  1.1457e-01
  2456.65      4.0706  1.3267e-01  1.4028e-01  1.4746e-01  1.5621e-01  1.1453e-01
  2455.15      4.0731  1.3261e-01  1.4014e-01  1.4728e-01  1.5611e-01  1.1448e-01
  2453.64      4.0756  1.3254e-01  1.4007e-01  1.4719e-01  1.5596e-01  1.1444e-01
  2452.14      4.0781  1.3248e-01  1.4003e-01  1.4714e-01  1.5584e-01  1.1438e-01
  2450.64      4.0806  1.3239e-01  1.3997e-01  1.4705e-01  1.5573e-01  1.1432e-01
  2449.14      4.0831  1.3229e-01  1.3988e-01  1.4696e-01  1.5557e-01  1.1427e-01
  2447.64      4.0856  1.3222e-01  1.3980e-01  1.4690e-01  1.5541e-01  1.1421e-01
  2446.14      4.0881  1.3215e-01  1.3973e-01  1.4687e-01  1.5526e-01  1.1415e-01
  2444.64      4.0906  1.3210e-01  1.3967e-01  1.4688e-01  1.5518e-01  1.1409e-01
  2443.14      4.0931  1.3204e-01  1.3962e-01  1.4682e-01  1.5512e-01  1.1402e-01
  2441.64      4.0956  1.3201e-01  1.3959e-01  1.4668e-01  1.5506e-01  1.1396e-01
  2440.14      4.0981  1.3198e-01  1.3958e-01  1.4652e-01  1.5497e-01  1.1389e-01
  2438.64      4.1006  1.3193e-01  1.3950e-01  1.4643e-01  1.5486e-01  1.1379e-01
  2437.14      4.1032  1.3187e-01  1.3931e-01  1.4641e-01  1.5477e-01  1.1370e-01
  2435.64      4.1057  1.3180e-01  1.3914e-01  1.4636e-01  1.5470e-01  1.1360e-01
  2434.14      4.1082  1.3174e-01  1.3911e-01  1.4628e-01  1.5464e-01  1.1349e-01
  2432.64      4.1108  1.3172e-01  1.3914e-01  1.4626e-01  1.5460e-01  1.1339e-01
  2431.14      4.1133  1.3171e-01  1.3910e-01  1.4628e-01  1.5455e-01  1.1330e-01
  2429.64      4.1158  1.3167e-01  1.3901e-01  1.4625e-01  1.5445e-01  1.1322e-01
  2428.14      4.1184  1.3160e-01  1.3899e-01  1.4622e-01  1.5436e-01  1.1316e-01
  2426.64      4.1209  1.3153e-01  1.3898e-01  1.4618e-01  1.5430e-01  1.1310e-01
  2425.14      4.1235  1.3143e-01  1.3890e-01  1.4610e-01  1.5426e-01  1.1303e-01
  2423.64      4.1260  1.3130e-01  1.3885e-01  1.4597e-01  1.5424e-01  1.1297e-01
  2422.14      4.1286  1.3120e-01  1.3884e-01  1.4582e-01  1.5419e-01  1.1290e-01
  2420.64      4.1311  1.3118e-01  1.3885e-01  1.4574e-01  1.5412e-01  1.1284e-01
  2419.14      4.1337  1.3120e-01  1.3881e-01  1.4573e-01  1.5406e-01  1.1277e-01
  2417.64      4.1363  1.3116e-01  1.3873e-01  1.4572e-01  1.5397e-01  1.1270e-01
  2416.14      4.1388  1.3107e-01  1.3867e-01  1.4565e-01  1.5388e-01  1.1264e-01
  2414.64      4.1414  1.3101e-01  1.3860e-01  1.4555e-01  1.5375e-01  1.1259e-01
  2413.14      4.1440  1.3099e-01  1.3852e-01  1.4551e-01  1.5359e-01  1.1254e-01
  2411.64      4.1466  1.3095e-01  1.3841e-01  1.4547e-01  1.5348e-01  1.1249e-01
  2410.14      4.1491  1.3082e-01  1.3830e-01  1.4538e-01  1.5340e-01  1.1243e-01
  2408.64      4.1517  1.3070e-01  1.3824e-01  1.4530e-01  1.5333e-01  1.1238e-01
  2407.14      4.1543  1.3063e-01  1.3818e-01  1.4524e-01  1.5325e-01  1.1232e-01
  2405.64      4.1569  1.3055e-01  1.3811e-01  1.4518e-01  1.5319e-01  1.1225e-01
  2404.14      4.1595  1.3046e-01  1.3799e-01  1.4514e-01  1.5317e-01  1.1220e-01
  2402.64      4.1621  1.3038e-01  1.3786e-01  1.4510e-01  1.5315e-01  1.1215e-01
  2401.14      4.1647  1.3035e-01  1.3779e-01  1.4505e-01  1.5312e-01  1.1212e-01
  2399.64      4.1673  1.3028e-01  1.3775e-01  1.4498e-01  1.5305e-01  1.1209e-01
  2398.14      4.1699  1.3016e-01  1.3765e-01  1.4487e-01  1.5292e-01  1.1206e-01
  2396.64      4.1725  1.3007e-01  1.3757e-01  1.4478e-01  1.5276e-01  1.1205e-01
  2395.14      4.1751  1.2999e-01  1.3754e-01  1.4473e-01  1.5262e-01  1.1204e-01
  2393.64      4.1777  1.2988e-01  1.3752e-01  1.4469e-01  1.5256e-01  1.1203e-01
  2392.14      4.1804  1.2975e-01  1.3747e-01  1.4464e-01  1.5258e-01  1.1202e-01
  2390.64      4.1830  1.2964e-01  1.3743e-01  1.4456e-01  1.5257e-01  1.1201e-01
  2389.14      4.1856  1.2959e-01  1.3742e-01  1.4452e-01  1.5252e-01  1.1199e-01
  2387.64      4.1882  1.2959e-01  1.3742e-01  1.4450e-01  1.5245e-01  1.1197e-01
  2386.14      4.1909  1.2953e-01  1.3737e-01  1.4443e-01  1.5241e-01  1.1197e-01
  2384.64      4.1935  1.2936e-01  1.3725e-01  1.4426e-01  1.5239e-01  1.1196e-01
  2383.14      4.1961  1.2923e-01  1.3711e-01  1.4413e-01  1.5233e-01  1.1196e-01
  2381.64      4.1988  1.2912e-01  1.3697e-01  1.4410e-01  1.5219e-01  1.1196e-01
  2380.14      4.2014  1.2902e-01  1.3680e-01  1.4408e-01  1.5196e-01  1.1196e-01
  2378.64      4.2041  1.2893e-01  1.3658e-01  1.4393e-01  1.5167e-01  1.1197e-01
  2377.14      4.2067  1.2884e-01  1.3635e-01  1.4372e-01  1.5143e-01  1.1197e-01
  2375.64      4.2094  1.2876e-01  1.3621e-01  1.4358e-01  1.5126e-01  1.1198e-01
  2374.14      4.2121  1.2868e-01  1.3613e-01  1.4341e-01  1.5102e-01  1.1199e-01
  2372.64      4.2147  1.2861e-01  1.3609e-01  1.4322e-01  1.5070e-01  1.1199e-01
  2371.14      4.2174  1.2854e-01  1.3606e-01  1.4316e-01  1.5051e-01  1.1201e-01
  2369.64      4.2201  1.2847e-01  1.3599e-01  1.4311e-01  1.5045e-01  1.1202e-01
  2368.14      4.2227  1.2841e-01  1.3583e-01  1.4293e-01  1.5040e-01  1.1204e-01
  2366.64      4.2254  1.2835e-01  1.3544e-01  1.4288e-01  1.5036e-01  1.1207e-01
  2365.14      4.2281  1.2829e-01  1.3490e-01  1.4308e-01  1.5040e-01  1.1211e-01
  2363.64      4.2308  1.2824e-01  1.3465e-01  1.4308e-01  1.5038e-01  1.1217e-01
  2362.14      4.2335  1.2819e-01  1.3489e-01  1.4262e-01  1.5025e-01  1.1226e-01
  2360.64      4.2361  1.2814e-01  1.3522e-01  1.4210e-01  1.5033e-01  1.1236e-01
  2359.14      4.2388  1.2809e-01  1.3519e-01  1.4193e-01  1.5046e-01  1.1248e-01
  2357.64      4.2415  1.2805e-01  1.3501e-01  1.4201e-01  1.5042e-01  1.1263e-01
  2356.14      4.2442  1.2801e-01  1.3491e-01  1.4203e-01  1.5036e-01  1.1278e-01
  2354.64      4.2469  1.2797e-01  1.3483e-01  1.4185e-01  1.5040e-01  1.1293e-01
  2353.14      4.2496  1.2794e-01  1.3489e-01  1.4179e-01  1.5065e-01  1.1308e-01
  2351.64      4.2524  1.2790e-01  1.3526e-01  1.4219e-01  1.5115e-01  1.1321e-01
  2350.14      4.2551  1.2787e-01  1.3586e-01  1.4300e-01  1.5178e-01  1.1331e-01
  2348.64      4.2578  1.2784e-01  1.3639e-01  1.4377e-01  1.5231e-01  1.1338e-01
  2347.14      4.2605  1.2782e-01  1.3636e-01  1.4396e-01  1.5231e-01  1.1340e-01
  2345.64      4.2632  1.2779e-01  1.3589e-01  1.4363e-01  1.5182e-01  1.1340e-01
  2344.14      4.2660  1.2777e-01  1.3557e-01  1.4317e-01  1.5132e-01  1.1337e-01
  2342.64      4.2687  1.2775e-01  1.3539e-01  1.4267e-01  1.5105e-01  1.1332e-01
  2341.14      4.2714  1.2773e-01  1.3508e-01  1.4223e-01  1.5112e-01  1.1327e-01
  2339.64      4.2742  1.2772e-01  1.3482e-01  1.4206e-01  1.5148e-01  1.1321e-01
  2338.14      4.2769  1.2770e-01  1.3472e-01  1.4210e-01  1.5167e-01  1.1315e-01
  2336.64      4.2797  1.2769e-01  1.3455e-01  1.4218e-01  1.5152e-01  1.1307e-01
  2335.14      4.2824  1.2769e-01  1.3430e-01  1.4219e-01  1.5138e-01  1.1299e-01
  2333.64      4.2852  1.2768e-01  1.3424e-01  1.4212e-01  1.5140e-01  1.1292e-01
  2332.14      4.2879  1.2768e-01  1.3436e-01  1.4201e-01  1.5133e-01  1.1287e-01
  2330.64      4.2907  1.2768e-01  1.3451e-01  1.4205e-01  1.5111e-01  1.1285e-01
  2329.14      4.2934  1.2768e-01  1.3473e-01  1.4213e-01  1.5099e-01  1.1285e-01
  2327.64      4.2962  1.2768e-01  1.3503e-01  1.4205e-01  1.5110e-01  1.1287e-01
  2326.14      4.2990  1.2769e-01  1.3521e-01  1.4196e-01  1.5144e-01  1.1289e-01
  2324.64      4.3018  1.2770e-01  1.3526e-01  1.4205e-01  1.5192e-01  1.1291e-01
  2323.14      4.3045  1.2771e-01  1.3523e-01  1.4214e-01  1.5230e-01  1.1293e-01
  2321.64      4.3073  1.2772e-01  1.3513e-01  1.4217e-01  1.5243e-01  1.1295e-01
  2320.13      4.3101  1.2774e-01  1.3507e-01  1.4234e-01  1.5240e-01  1.1298e-01
  2318.63      4.3129  1.2776e-01  1.3504e-01  1.4271e-01  1.5246e-01  1.1301e-01
  2317.13      4.3157  1.2778e-01  1.3510e-01  1.4307e-01  1.5270e-01  1.1304e-01
  2315.63      4.3185  1.2781e-01  1.3535e-01  1.4325e-01  1.5294e-01  1.1310e-01
  2314.13      4.3213  1.2784e-01  1.3562e-01  1.4327e-01  1.5304e-01  1.1315e-01
  2312.63      4.3241  1.2788e-01  1.3576e-01  1.4339e-01  1.5312e-01  1.1322e-01
  2311.13      4.3269  1.2792e-01  1.3585e-01  1.4362e-01  1.5328e-01  1.1330e-01
  2309.63      4.3297  1.2796e-01  1.3601e-01  1.4385e-01  1.5354e-01  1.1340e-01
  2308.13      4.3325  1.2801e-01  1.3621e-01  1.4402e-01  1.5386e-01  1.1348e-01
  2306.63      4.3353  1.2806e-01  1.3634e-01  1.4411e-01  1.5408e-01  1.1357e-01
  2305.13      4.3381  1.2812e-01  1.3648e-01  1.4420e-01  1.5427e-01  1.1365e-01
  2303.63      4.3410  1.2819e-01  1.3669e-01  1.4434e-01  1.5453e-01  1.1373e-01
  2302.13      4.3438  1.2827e-01  1.3689e-01  1.4442e-01  1.5473e-01  1.1381e-01
  2300.63      4.3466  1.2837e-01  1.3702e-01  1.4450e-01  1.5486e-01  1.1390e-01
  2299.13      4.3495  1.2849e-01  1.3713e-01  1.4470e-01  1.5498e-01  1.1399e-01
  2297.63      4.3523  1.2867e-01  1.3726e-01  1.4501e-01  1.5513e-01  1.1409e-01
  2296.13      4.3551  1.2882e-01  1.3743e-01  1.4532e-01  1.5532e-01  1.1419e-01
  2294.63      4.3580  1.2891e-01  1.3757e-01  1.4545e-01  1.5548e-01  1.1428e-01
  2293.13      4.3608  1.2902e-01  1.3770e-01  1.4548e-01  1.5562e-01  1.1437e-01
  2291.63      4.3637  1.2916e-01  1.3779e-01  1.4560e-01  1.5576e-01  1.1445e-01
  2290.13      4.3666  1.2927e-01  1.3784e-01  1.4582e-01  1.5592e-01  1.1452e-01
  2288.63      4.3694  1.2935e-01  1.3788e-01  1.4602e-01  1.5609e-01  1.1460e-01
  2287.13      4.3723  1.2942e-01  1.3799e-01  1.4613e-01  1.5622e-01  1.1469e-01
  2285.63      4.3752  1.2952e-01  1.3818e-01  1.4621e-01  1.5632e-01  1.1478e-01
  2284.13      4.3780  1.2967e-01  1.3838e-01  1.4633e-01  1.5644e-01  1.1488e-01
  2282.63      4.3809  1.2981e-01  1.3846e-01  1.4649e-01  1.5652e-01  1.1499e-01
  2281.13      4.3838  1.2989e-01  1.3849e-01  1.4663e-01  1.5658e-01  1.1510e-01
  2279.63      4.3867  1.2994e-01  1.3855e-01  1.4673e-01  1.5665e-01  1.1521e-01
  2278.13      4.3896  1.2999e-01  1.3866e-01  1.4681e-01  1.5680e-01  1.1531e-01
  2276.63      4.3925  1.3003e-01  1.3876e-01  1.4688e-01  1.5699e-01  1.1543e-01
  2275.13      4.3953  1.3006e-01  1.3879e-01  1.4692e-01  1.5712e-01  1.1554e-01
  2273.63      4.3983  1.3015e-01  1.3882e-01  1.4696e-01  1.5718e-01  1.1565e-01
  2272.13      4.4012  1.3028e-01  1.3892e-01  1.4699e-01  1.5723e-01  1.1578e-01
  2270.63      4.4041  1.3038e-01  1.3904e-01  1.4699e-01  1.5729e-01  1.1590e-01
  2269.13      4.4070  1.3044e-01  1.3911e-01  1.4700e-01  1.5738e-01  1.1602e-01
  2267.63      4.4099  1.3049e-01  1.3917e-01  1.4708e-01  1.5747e-01  1.1613e-01
  2266.13      4.4128  1.3052e-01  1.3925e-01  1.4722e-01  1.5756e-01  1.1624e-01
  2264.63      4.4157  1.3055e-01  1.3937e-01  1.4737e-01  1.5770e-01  1.1634e-01
  2263.13      4.4187  1.3064e-01  1.3947e-01  1.4744e-01  1.5787e-01  1.1644e-01
  2261.63      4.4216  1.3075e-01  1.3946e-01  1.4742e-01  1.5800e-01  1.1655e-01
  2260.13      4.4245  1.3083e-01  1.3942e-01  1.4745e-01  1.5805e-01  1.1667e-01
  2258.63      4.4275  1.3090e-01  1.3940e-01  1.4750e-01  1.5803e-01  1.1679e-01
  2257.13      4.4304  1.3096e-01  1.3945e-01  1.4753e-01  1.5802e-01  1.1689e-01
  2255.63      4.4334  1.3099e-01  1.3958e-01  1.4756e-01  1.5809e-01  1.1700e-01
  2254.13      4.4363  1.3101e-01  1.3965e-01  1.4756e-01  1.5819e-01  1.1708e-01
  2252.63      4.4393  1.3106e-01  1.3965e-01  1.4762e-01  1.5825e-01  1.1717e-01
  2251.13      4.4422  1.3111e-01  1.3965e-01  1.4774e-01  1.5824e-01  1.1724e-01
  2249.63      4.4452  1.3115e-01  1.3970e-01  1.4784e-01  1.5821e-01  1.1731e-01
  2248.13      4.4481  1.3121e-01  1.3979e-01  1.4790e-01  1.5825e-01  1.1738e-01
  2246.63      4.4511  1.3123e-01  1.3987e-01  1.4792e-01  1.5833e-01  1.1745e-01
  2245.13      4.4541  1.3123e-01  1.3990e-01  1.4791e-01  1.5840e-01  1.1752e-01
  2243.63      4.4571  1.3128e-01  1.3991e-01  1.4790e-01  1.5845e-01  1.1759e-01
  2242.13      4.4600  1.3137e-01  1.3992e-01  1.4788e-01  1.5848e-01  1.1764e-01
  2240.63      4.4630  1.3148e-01  1.3996e-01  1.4792e-01  1.5851e-01  1.1769e-01
  2239.13      4.4660  1.3154e-01  1.4003e-01  1.4798e-01  1.5848e-01  1.1773e-01
  2237.63      4.4690  1.3156e-01  1.4014e-01  1.4803e-01  1.5839e-01  1.1776e-01
  2236.13      4.4720  1.3157e-01  1.4023e-01  1.4810e-01  1.5835e-01  1.1779e-01
  2234.63      4.4750  1.3162e-01  1.4024e-01  1.4818e-01  1.5841e-01  1.1781e-01
  2233.13      4.4780  1.3174e-01  1.4025e-01  1.4824e-01  1.5855e-01  1.1784e-01
  2231.63      4.4810  1.3188e-01  1.4032e-01  1.4823e-01  1.5868e-01  1.1786e-01
  2230.13      4.4840  1.3197e-01  1.4042e-01  1.4819e-01  1.5878e-01  1.1789e-01
  2228.63      4.4871  1.3203e-01  1.4054e-01  1.4823e-01  1.5888e-01  1.1792e-01
  2227.13      4.4901  1.3206e-01  1.4063e-01  1.4827e-01  1.5892e-01  1.1793e-01
  2225.63      4.4931  1.3210e-01  1.4066e-01  1.4829e-01  1.5890e-01  1.1794e-01
  2224.13      4.4961  1.3218e-01  1.4064e-01  1.4829e-01  1.5891e-01  1.1795e-01
  2222.63      4.4992  1.3228e-01  1.4063e-01  1.4831e-01  1.5897e-01  1.1794e-01
  2221.13      4.5022  1.3239e-01  1.4069e-01  1.4838e-01  1.5903e-01  1.1793e-01
  2219.63      4.5053  1.3248e-01  1.4078e-01  1.4852e-01  1.5902e-01  1.1790e-01
  2218.13      4.5083  1.3255e-01  1.4082e-01  1.4867e-01  1.5897e-01  1.1788e-01
  2216.63      4.5114  1.3261e-01  1.4086e-01  1.4882e-01  1.5898e-01  1.1785e-01
  2215.13      4.5144  1.3269e-01  1.4091e-01  1.4889e-01  1.5903e-01  1.1784e-01
  2213.63      4.5175  1.3278e-01  1.4094e-01  1.4884e-01  1.5907e-01  1.1782e-01
  2212.13      4.5205  1.3291e-01  1.4100e-01  1.4877e-01  1.5909e-01  1.1780e-01
  2210.63      4.5236  1.3298e-01  1.4107e-01  1.4876e-01  1.5907e-01  1.1779e-01
  2209.13      4.5267  1.3298e-01  1.4112e-01  1.4877e-01  1.5905e-01  1.1778e-01
  2207.63      4.5298  1.3301e-01  1.4116e-01  1.4878e-01  1.5906e-01  1.1777e-01
  2206.13      4.5328  1.3304e-01  1.4122e-01  1.4882e-01  1.5910e-01  1.1774e-01
  2204.63      4.5359  1.3309e-01  1.4131e-01  1.4887e-01  1.5912e-01  1.1772e-01
  2203.13      4.5390  1.3318e-01  1.4134e-01  1.4888e-01  1.5911e-01  1.1769e-01
  2201.63      4.5421  1.3326e-01  1.4128e-01  1.4887e-01  1.5906e-01  1.1766e-01
  2200.13      4.5452  1.3329e-01  1.4125e-01  1.4886e-01  1.5903e-01  1.1763e-01
  2198.63      4.5483  1.3325e-01  1.4125e-01  1.4885e-01  1.5900e-01  1.1760e-01
  2197.13      4.5514  1.3328e-01  1.4127e-01  1.4892e-01  1.5900e-01  1.1758e-01
  2195.63      4.5545  1.3339e-01  1.4136e-01  1.4904e-01  1.5902e-01  1.1756e-01
  2194.13      4.5576  1.3345e-01  1.4147e-01  1.4912e-01  1.5900e-01  1.1756e-01
  2192.63      4.5607  1.3347e-01  1.4151e-01  1.4916e-01  1.5901e-01  1.1756e-01
  2191.13      4.5639  1.3344e-01  1.4148e-01  1.4913e-01  1.5902e-01  1.1757e-01
  2189.63      4.5670  1.3340e-01  1.4142e-01  1.4904e-01  1.5897e-01  1.1758e-01
  2188.12      4.5701  1.3342e-01  1.4136e-01  1.4893e-01  1.5888e-01  1.1759e-01
  2186.62      4.5733  1.3346e-01  1.4126e-01  1.4878e-01  1.5876e-01  1.1760e-01
  2185.12      4.5764  1.3347e-01  1.4120e-01  1.4863e-01  1.5868e-01  1.1762e-01
  2183.62      4.5795  1.3344e-01  1.4121e-01  1.4851e-01  1.5864e-01  1.1763e-01
  2182.12      4.5827  1.3341e-01  1.4126e-01  1.4845e-01  1.5859e-01  1.1765e-01
  2180.62      4.5858  1.3337e-01  1.4132e-01  1.4847e-01  1.5853e-01  1.1768e-01
  2179.12      4.5890  1.3330e-01  1.4132e-01  1.4848e-01  1.5846e-01  1.1771e-01
  2177.62      4.5922  1.3325e-01  1.4124e-01  1.4843e-01  1.5837e-01  1.1774e-01
  2176.12      4.5953  1.3322e-01  1.4118e-01  1.4834e-01  1.5826e-01  1.1777e-01
  2174.62      4.5985  1.3319e-01  1.4111e-01  1.4823e-01  1.5815e-01  1.1780e-01
  2173.12      4.6017  1.3321e-01  1.4098e-01  1.4820e-01  1.5808e-01  1.1783e-01
  2171.62      4.6048  1.3323e-01  1.4086e-01  1.4824e-01  1.5797e-01  1.1786e-01
  2170.12      4.6080  1.3319e-01  1.4076e-01  1.4822e-01  1.5781e-01  1.1789e-01
  2168.62      4.6112  1.3310e-01  1.4069e-01  1.4809e-01  1.5765e-01  1.1792e-01
  2167.12      4.6144  1.3300e-01  1.4064e-01  1.4789e-01  1.5750e-01  1.1796e-01
  2165.62      4.6176  1.3294e-01  1.4058e-01  1.4766e-01  1.5735e-01  1.1800e-01
  2164.12      4.6208  1.3289e-01  1.4045e-01  1.4747e-01  1.5722e-01  1.1804e-01
  2162.62      4.6240  1.3280e-01  1.4024e-01  1.4734e-01  1.5706e-01  1.1809e-01
  2161.12      4.6272  1.3270e-01  1.4008e-01  1.4729e-01  1.5688e-01  1.1813e-01
  2159.62      4.6304  1.3263e-01  1.4004e-01  1.4727e-01  1.5676e-01  1.1818e-01
  2158.12      4.6337  1.3258e-01  1.4003e-01  1.4717e-01  1.5668e-01  1.1824e-01
  2156.62      4.6369  1.3254e-01  1.3994e-01  1.4702e-01  1.5657e-01  1.1828e-01
  2155.12      4.6401  1.3247e-01  1.3977e-01  1.4688e-01  1.5639e-01  1.1832e-01
  2153.62      4.6433  1.3235e-01  1.3963e-01  1.4675e-01  1.5619e-01  1.1836e-01
  2152.12      4.6466  1.3227e-01  1.3957e-01  1.4663e-01  1.5604e-01  1.1839e-01
  2150.62      4.6498  1.3220e-01  1.3953e-01  1.4647e-01  1.5590e-01  1.1842e-01
  2149.12      4.6531  1.3211e-01  1.3947e-01  1.4629e-01  1.5581e-01  1.1845e-01
  2147.62      4.6563  1.3202e-01  1.3936e-01  1.4618e-01  1.5575e-01  1.1848e-01
  2146.12      4.6596  1.3192e-01  1.3918e-01  1.4611e-01  1.5559e-01  1.1851e-01
  2144.62      4.6628  1.3187e-01  1.3900e-01  1.4604e-01  1.5538e-01  1.1853e-01
  2143.12      4.6661  1.3180e-01  1.3890e-01  1.4591e-01  1.5517e-01  1.1856e-01
  2141.62      4.6694  1.3173e-01  1.3881e-01  1.4573e-01  1.5501e-01  1.1858e-01
  2140.12      4.6726  1.3170e-01  1.3870e-01  1.4561e-01  1.5487e-01  1.1860e-01
  2138.62      4.6759  1.3166e-01  1.3857e-01  1.4550e-01  1.5471e-01  1.1862e-01
  2137.12      4.6792  1.3160e-01  1.3854e-01  1.4544e-01  1.5456e-01  1.1863e-01
  2135.62      4.6825  1.3152e-01  1.3850e-01  1.4539e-01  1.5441e-01  1.1865e-01
  2134.12      4.6858  1.3144e-01  1.3837e-01  1.4524e-01  1.5422e-01  1.1866e-01
  2132.62      4.6891  1.3137e-01  1.3823e-01  1.4501e-01  1.5406e-01  1.1868e-01
  2131.12      4.6924  1.3128e-01  1.3811e-01  1.4480e-01  1.5396e-01  1.1869e-01
  2129.62      4.6957  1.3120e-01  1.3800e-01  1.4468e-01  1.5387e-01  1.1870e-01
  2128.12      4.6990  1.3114e-01  1.3793e-01  1.4460e-01  1.5376e-01  1.1870e-01
  2126.62      4.7023  1.3110e-01  1.3784e-01  1.4448e-01  1.5359e-01  1.1871e-01
  2125.12      4.7056  1.3111e-01  1.3776e-01  1.4438e-01  1.5338e-01  1.1871e-01
  2123.62      4.7089  1.3110e-01  1.3771e-01  1.4433e-01  1.5323e-01  1.1871e-01
  2122.12      4.7123  1.3105e-01  1.3766e-01  1.4431e-01  1.5316e-01  1.1870e-01
  2120.62      4.7156  1.3100e-01  1.3765e-01  1.4433e-01  1.5310e-01  1.1869e-01
  2119.12      4.7189  1.3095e-01  1.3762e-01  1.4432e-01  1.5300e-01  1.1866e-01
  2117.62      4.7223  1.3093e-01  1.3760e-01  1.4426e-01  1.5291e-01  1.1863e-01
  2116.12      4.7256  1.3092e-01  1.3757e-01  1.4416e-01  1.5283e-01  1.1859e-01
  2114.62      4.7290  1.3093e-01  1.3750e-01  1.4407e-01  1.5276e-01  1.1855e-01
  2113.12      4.7323  1.3095e-01  1.3745e-01  1.4403e-01  1.5279e-01  1.1850e-01
  2111.62      4.7357  1.3096e-01  1.3745e-01  1.4407e-01  1.5282e-01  1.1847e-01
  2110.12      4.7391  1.3097e-01  1.3746e-01  1.4410e-01  1.5275e-01  1.1845e-01
  2108.62      4.7424  1.3098e-01  1.3746e-01  1.4405e-01  1.5261e-01  1.1843e-01
  2107.12      4.7458  1.3099e-01  1.3744e-01  1.4394e-01  1.5249e-01  1.1843e-01
  2105.62      4.7492  1.3103e-01  1.3736e-01  1.4381e-01  1.5243e-01  1.1843e-01
  2104.12      4.7526  1.3109e-01  1.3731e-01  1.4375e-01  1.5245e-01  1.1842e-01
  2102.62      4.7560  1.3113e-01  1.3733e-01  1.4376e-01  1.5247e-01  1.1842e-01
  2101.12      4.7594  1.3113e-01  1.3741e-01  1.4375e-01  1.5239e-01  1.1841e-01
  2099.62      4.7628  1.3110e-01  1.3744e-01  1.4372e-01  1.5230e-01  1.1841e-01
  2098.12      4.7662  1.3107e-01  1.3737e-01  1.4372e-01  1.5222e-01  1.1839e-01
  2096.62      4.7696  1.3110e-01  1.3734e-01  1.4379e-01  1.5220e-01  1.1838e-01
  2095.12      4.7730  1.3116e-01  1.3735e-01  1.4381e-01  1.5217e-01  1.1836e-01
  2093.62      4.7764  1.3118e-01  1.3735e-01  1.4369e-01  1.5213e-01  1.1834e-01
  2092.12      4.7798  1.3118e-01  1.3740e-01  1.4359e-01  1.5215e-01  1.1834e-01
  2090.62      4.7833  1.3114e-01  1.3747e-01  1.4354e-01  1.5213e-01  1.1833e-01
  2089.12      4.7867  1.3113e-01  1.3751e-01  1.4352e-01  1.5213e-01  1.1834e-01
  2087.62      4.7901  1.3118e-01  1.3751e-01  1.4352e-01  1.5218e-01  1.1836e-01
  2086.12      4.7936  1.3120e-01  1.3742e-01  1.4354e-01  1.5217e-01  1.1839e-01
  2084.62      4.7970  1.3121e-01  1.3737e-01  1.4363e-01  1.5216e-01  1.1842e-01
  2083.12      4.8005  1.3120e-01  1.3739e-01  1.4373e-01  1.5216e-01  1.1846e-01
  2081.62      4.8040  1.3125e-01  1.3746e-01  1.4385e-01  1.5214e-01  1.1853e-01
  2080.12      4.8074  1.3136e-01  1.3751e-01  1.4396e-01  1.5215e-01  1.1859e-01
  2078.62      4.8109  1.3140e-01  1.3750e-01  1.4398e-01  1.5217e-01  1.1866e-01
  2077.12      4.8144  1.3144e-01  1.3754e-01  1.4398e-01  1.5224e-01  1.1875e-01
  2075.62      4.8178  1.3150e-01  1.3762e-01  1.4398e-01  1.5227e-01  1.1883e-01
  2074.12      4.8213  1.3157e-01  1.3763e-01  1.4393e-01  1.5221e-01  1.1892e-01
  2072.62      4.8248  1.3165e-01  1.3765e-01  1.4389e-01  1.5216e-01  1.1900e-01
  2071.12      4.8283  1.3168e-01  1.3768e-01  1.4392e-01  1.5216e-01  1.1908e-01
  2069.62      4.8318  1.3170e-01  1.3775e-01  1.4402e-01  1.5224e-01  1.1916e-01
  2068.12      4.8353  1.3175e-01  1.3785e-01  1.4411e-01  1.5230e-01  1.1925e-01
  2066.62      4.8388  1.3175e-01  1.3788e-01  1.4409e-01  1.5226e-01  1.1934e-01
  2065.12      4.8423  1.3173e-01  1.3787e-01  1.4407e-01  1.5224e-01  1.1943e-01
  2063.62      4.8459  1.3170e-01  1.3787e-01  1.4408e-01  1.5229e-01  1.1954e-01
  2062.12      4.8494  1.3171e-01  1.3789e-01  1.4406e-01  1.5237e-01  1.1966e-01
  2060.62      4.8529  1.3180e-01  1.3793e-01  1.4404e-01  1.5241e-01  1.1978e-01
  2059.12      4.8565  1.3190e-01  1.3801e-01  1.4405e-01  1.5235e-01  1.1990e-01
  2057.62      4.8600  1.3197e-01  1.3809e-01  1.4408e-01  1.5228e-01  1.2002e-01
  2056.12      4.8635  1.3204e-01  1.3816e-01  1.4410e-01  1.5235e-01  1.2014e-01
  2054.61      4.8671  1.3208e-01  1.3824e-01  1.4413e-01  1.5251e-01  1.2026e-01
  2053.11      4.8706  1.3208e-01  1.3832e-01  1.4417e-01  1.5262e-01  1.2038e-01
  2051.61      4.8742  1.3209e-01  1.3835e-01  1.4424e-01  1.5264e-01  1.2050e-01
  2050.11      4.8778  1.3216e-01  1.3832e-01  1.4430e-01  1.5262e-01  1.2062e-01
  2048.61      4.8813  1.3225e-01  1.3827e-01  1.4436e-01  1.5263e-01  1.2075e-01
  2047.11      4.8849  1.3227e-01  1.3822e-01  1.4441e-01  1.5269e-01  1.2089e-01
  2045.61      4.8885  1.3226e-01  1.3819e-01  1.4447e-01  1.5276e-01  1.2104e-01
  2044.11      4.8921  1.3230e-01  1.3824e-01  1.4453e-01  1.5281e-01  1.2119e-01
  2042.61      4.8957  1.3237e-01  1.3831e-01  1.4458e-01  1.5285e-01  1.2135e-01
  2041.11      4.8993  1.3241e-01  1.3839e-01  1.4466e-01  1.5292e-01  1.2153e-01
  2039.61      4.9029  1.3248e-01  1.3850e-01  1.4480e-01  1.5302e-01  1.2170e-01
  2038.11      4.9065  1.3256e-01  1.3860e-01  1.4488e-01  1.5306e-01  1.2188e-01
  2036.61      4.9101  1.3264e-01  1.3866e-01  1.4491e-01  1.5316e-01  1.2204e-01
  2035.11      4.9137  1.3268e-01  1.3871e-01  1.4489e-01  1.5327e-01  1.2221e-01
  2033.61      4.9174  1.3271e-01  1.3881e-01  1.4486e-01  1.5332e-01  1.2236e-01
  2032.11      4.9210  1.3282e-01  1.3895e-01  1.4492e-01  1.5338e-01  1.2250e-01
  2030.61      4.9246  1.3297e-01  1.3900e-01  1.4502e-01  1.5346e-01  1.2263e-01
  2029.11      4.9283  1.3313e-01  1.3899e-01  1.4515e-01  1.5359e-01  1.2274e-01
  2027.61      4.9319  1.3324e-01  1.3904e-01  1.4529e-01  1.5368e-01  1.2286e-01
  2026.11      4.9356  1.3330e-01  1.3915e-01  1.4536e-01  1.5368e-01  1.2297e-01
  2024.61      4.9392  1.3340e-01  1.3935e-01  1.4547e-01  1.5375e-01  1.2308e-01
  2023.11      4.9429  1.3350e-01  1.3953e-01  1.4560e-01  1.5390e-01  1.2319e-01
  2021.61      4.9465  1.3361e-01  1.3966e-01  1.4575e-01  1.5409e-01  1.2333e-01
  2020.11      4.9502  1.3380e-01  1.3979e-01  1.4594e-01  1.5429e-01  1.2347e-01
  2018.61      4.9539  1.3395e-01  1.3991e-01  1.4608e-01  1.5444e-01  1.2363e-01
  2017.11      4.9576  1.3407e-01  1.4004e-01  1.4620e-01  1.5461e-01  1.2379e-01
  2015.61      4.9613  1.3419e-01  1.4019e-01  1.4637e-01  1.5483e-01  1.2395e-01
  2014.11      4.9650  1.3434e-01  1.4029e-01  1.4656e-01  1.5505e-01  1.2412e-01
  2012.61      4.9687  1.3451e-01  1.4045e-01  1.4682e-01  1.5522e-01  1.2427e-01
  2011.11      4.9724  1.3467e-01  1.4064e-01  1.4701e-01  1.5527e-01  1.2443e-01
  2009.61      4.9761  1.3486e-01  1.4083e-01  1.4710e-01  1.5538e-01  1.2459e-01
  2008.11      4.9798  1.3509e-01  1.4102e-01  1.4719e-01  1.5562e-01  1.2475e-01
  2006.61      4.9835  1.3527e-01  1.4121e-01  1.4736e-01  1.5589e-01  1.2491e-01
  2005.11      4.9873  1.3542e-01  1.4143e-01  1.4765e-01  1.5617e-01  1.2507e-01
  2003.61      4.9910  1.3561e-01  1.4161e-01  1.4799e-01  1.5649e-01  1.2524e-01
  2002.11      4.9947  1.3584e-01  1.4180e-01  1.4834e-01  1.5678e-01  1.2538e-01
  2000.61      4.9985  1.3613e-01  1.4199e-01  1.4864e-01  1.5701e-01  1.2552e-01
  1999.11      5.0022  1.3644e-01  1.4220e-01  1.4889e-01  1.5721e-01  1.2565e-01
  1997.61      5.0060  1.3674e-01  1.4244e-01  1.4912e-01  1.5746e-01  1.2579e-01
  1996.11      5.0097  1.3707e-01  1.4275e-01  1.4937e-01  1.5778e-01  1.2594e-01
  1994.61      5.0135  1.3738e-01  1.4301e-01  1.4959e-01  1.5811e-01  1.2612e-01
  1993.11      5.0173  1.3756e-01  1.4322e-01  1.4978e-01  1.5831e-01  1.2634e-01
  1991.61      5.0211  1.3764e-01  1.4351e-01  1.5004e-01  1.5847e-01  1.2659e-01
  1990.11      5.0248  1.3778e-01  1.4390e-01  1.5041e-01  1.5877e-01  1.2687e-01
  1988.61      5.0286  1.3804e-01  1.4424e-01  1.5081e-01  1.5921e-01  1.2716e-01
  1987.11      5.0324  1.3831e-01  1.4449e-01  1.5116e-01  1.5965e-01  1.2744e-01
  1985.61      5.0362  1.3856e-01  1.4476e-01  1.5147e-01  1.5999e-01  1.2772e-01
  1984.11      5.0400  1.3888e-01  1.4517e-01  1.5184e-01  1.6035e-01  1.2798e-01
  1982.61      5.0439  1.3918e-01  1.4555e-01  1.5219e-01  1.6070e-01  1.2823e-01
  1981.11      5.0477  1.3949e-01  1.4587e-01  1.5253e-01  1.6111e-01  1.2847e-01
  1979.61      5.0515  1.3982e-01  1.4620e-01  1.5286e-01  1.6157e-01  1.2870e-01
  1978.11      5.0553  1.4012e-01  1.4656e-01  1.5316e-01  1.6197e-01  1.2894e-01
  1976.61      5.0592  1.4048e-01  1.4696e-01  1.5351e-01  1.6241e-01  1.2918e-01
  1975.11      5.0630  1.4082e-01  1.4729e-01  1.5389e-01  1.6283e-01  1.2943e-01
  1973.61      5.0669  1.4118e-01  1.4759e-01  1.5425e-01  1.6321e-01  1.2970e-01
  1972.11      5.0707  1.4162e-01  1.4796e-01  1.5464e-01  1.6360e-01  1.2998e-01
  1970.61      5.0746  1.4203e-01  1.4832e-01  1.5499e-01  1.6394e-01  1.3028e-01
  1969.11      5.0784  1.4238e-01  1.4865e-01  1.5535e-01  1.6429e-01  1.3060e-01
  1967.61      5.0823  1.4265e-01  1.4897e-01  1.5574e-01  1.6468e-01  1.3095e-01
  1966.11      5.0862  1.4287e-01  1.4933e-01  1.5620e-01  1.6514e-01  1.3132e-01
  1964.61      5.0901  1.4324e-01  1.4980e-01  1.5675e-01  1.6568e-01  1.3169e-01
  1963.11      5.0940  1.4362e-01  1.5019e-01  1.5718e-01  1.6610e-01  1.3206e-01
  1961.61      5.0979  1.4397e-01  1.5052e-01  1.5755e-01  1.6648e-01  1.3243e-01
  1960.11      5.1018  1.4435e-01  1.5089e-01  1.5796e-01  1.6694e-01  1.3279e-01
  1958.61      5.1057  1.4471e-01  1.5132e-01  1.5837e-01  1.6739e-01  1.3317e-01
  1957.11      5.1096  1.4513e-01  1.5180e-01  1.5879e-01  1.6786e-01  1.3354e-01
  1955.61      5.1135  1.4550e-01  1.5222e-01  1.5924e-01  1.6833e-01  1.3393e-01
  1954.11      5.1174  1.4587e-01  1.5264e-01  1.5971e-01  1.6881e-01  1.3433e-01
  1952.61      5.1214  1.4633e-01  1.5310e-01  1.6022e-01  1.6930e-01  1.3474e-01
  1951.11      5.1253  1.4681e-01  1.5356e-01  1.6070e-01  1.6979e-01  1.3515e-01
  1949.61      5.1292  1.4726e-01  1.5404e-01  1.6117e-01  1.7033e-01  1.3556e-01
  1948.11      5.1332  1.4767e-01  1.5453e-01  1.6166e-01  1.7091e-01  1.3598e-01
  1946.61      5.1371  1.4811e-01  1.5496e-01  1.6213e-01  1.7149e-01  1.3642e-01
  1945.11      5.1411  1.4858e-01  1.5538e-01  1.6259e-01  1.7204e-01  1.3691e-01
  1943.61      5.1451  1.4896e-01  1.5578e-01  1.6298e-01  1.7255e-01  1.3743e-01
  1942.11      5.1490  1.4925e-01  1.5623e-01  1.6343e-01  1.7307e-01  1.3799e-01
  1940.61      5.1530  1.4966e-01  1.5683e-01  1.6409e-01  1.7375e-01  1.3858e-01
  1939.11      5.1570  1.5020e-01  1.5747e-01  1.6478e-01  1.7444e-01  1.3914e-01
  1937.61      5.1610  1.5068e-01  1.5800e-01  1.6534e-01  1.7499e-01  1.3969e-01
  1936.11      5.1650  1.5119e-01  1.5849e-01  1.6592e-01  1.7553e-01  1.4021e-01
  1934.61      5.1690  1.5169e-01  1.5893e-01  1.6650e-01  1.7609e-01  1.4070e-01
  1933.11      5.1730  1.5216e-01  1.5940e-01  1.6704e-01  1.7668e-01  1.4116e-01
  1931.61      5.1770  1.5268e-01  1.5998e-01  1.6763e-01  1.7733e-01  1.4161e-01
  1930.11      5.1811  1.5318e-01  1.6046e-01  1.6816e-01  1.7792e-01  1.4205e-01
  1928.61      5.1851  1.5376e-01  1.6092e-01  1.6873e-01  1.7855e-01  1.4252e-01
  1927.11      5.1891  1.5442e-01  1.6147e-01  1.6935e-01  1.7926e-01  1.4298e-01
  1925.61      5.1932  1.5505e-01  1.6204e-01  1.6996e-01  1.7996e-01  1.4347e-01
  1924.11      5.1972  1.5557e-01  1.6261e-01  1.7054e-01  1.8061e-01  1.4401e-01
  1922.61      5.2013  1.5594e-01  1.6315e-01  1.7105e-01  1.8118e-01  1.4460e-01
  1921.11      5.2053  1.5650e-01  1.6386e-01  1.7168e-01  1.8190e-01  1.4522e-01
  1919.60      5.2094  1.5719e-01  1.6454e-01  1.7236e-01  1.8262e-01  1.4588e-01
  1918.10      5.2135  1.5763e-01  1.6508e-01  1.7291e-01  1.8310e-01  1.4656e-01
  1916.60      5.2176  1.5808e-01  1.6582e-01  1.7371e-01  1.8376e-01  1.4723e-01
  1915.10      5.2216  1.5873e-01  1.6664e-01  1.7465e-01  1.8465e-01  1.4790e-01
  1913.60      5.2257  1.5945e-01  1.6733e-01  1.7545e-01  1.8550e-01  1.4852e-01
  1912.10      5.2298  1.6017e-01  1.6799e-01  1.7619e-01  1.8634e-01  1.4914e-01
  1910.60      5.2339  1.6077e-01  1.6856e-01  1.7677e-01  1.8704e-01  1.4976e-01
  1909.10      5.2381  1.6129e-01  1.6922e-01  1.7741e-01  1.8770e-01  1.5036e-01
  1907.60      5.2422  1.6185e-01  1.7001e-01  1.7818e-01  1.8843e-01  1.5098e-01
  1906.10      5.2463  1.6251e-01  1.7078e-01  1.7893e-01  1.8922e-01  1.5159e-01
  1904.60      5.2504  1.6328e-01  1.7152e-01  1.7971e-01  1.9009e-01  1.5219e-01
  1903.10      5.2546  1.6401e-01  1.7222e-01  1.8046e-01  1.9096e-01  1.5278e-01
  1901.60      5.2587  1.6470e-01  1.7293e-01  1.8128e-01  1.9185e-01  1.5336e-01
  1900.10      5.2629  1.6545e-01  1.7370e-01  1.8212e-01  1.9275e-01  1.5394e-01
  1898.60      5.2670  1.6629e-01  1.7449e-01  1.8291e-01  1.9362e-01  1.5451e-01
  1897.10      5.2712  1.6711e-01  1.7527e-01  1.8373e-01  1.9453e-01  1.5508e-01
  1895.60      5.2754  1.6782e-01  1.7605e-01  1.8460e-01  1.9538e-01  1.5568e-01
  1894.10      5.2795  1.6846e-01  1.7686e-01  1.8551e-01  1.9621e-01  1.5631e-01
  1892.60      5.2837  1.6922e-01  1.7772e-01  1.8645e-01  1.9713e-01  1.5699e-01
  1891.10      5.2879  1.6999e-01  1.7848e-01  1.8729e-01  1.9802e-01  1.5770e-01
  1889.60      5.2921  1.7056e-01  1.7917e-01  1.8802e-01  1.9876e-01  1.5844e-01
  1888.10      5.2963  1.7121e-01  1.8014e-01  1.8892e-01  1.9972e-01  1.5923e-01
  1886.60      5.3005  1.7206e-01  1.8124e-01  1.8996e-01  2.0086e-01  1.6001e-01
  1885.10      5.3048  1.7296e-01  1.8215e-01  1.9094e-01  2.0192e-01  1.6077e-01
  1883.60      5.3090  1.7390e-01  1.8299e-01  1.9192e-01  2.0295e-01  1.6150e-01
  1882.10      5.3132  1.7480e-01  1.8382e-01  1.9281e-01  2.0393e-01  1.6221e-01
  1880.60      5.3174  1.7568e-01  1.8468e-01  1.9375e-01  2.0491e-01  1.6288e-01
  1879.10      5.3217  1.7652e-01  1.8555e-01  1.9478e-01  2.0593e-01  1.6351e-01
  1877.60      5.3259  1.7728e-01  1.8638e-01  1.9571e-01  2.0690e-01  1.6411e-01
  1876.10      5.3302  1.7814e-01  1.8731e-01  1.9668e-01  2.0797e-01  1.6469e-01
  1874.60      5.3345  1.7904e-01  1.8821e-01  1.9768e-01  2.0906e-01  1.6529e-01
  1873.10      5.3387  1.8006e-01  1.8911e-01  1.9873e-01  2.1019e-01  1.6594e-01
  1871.60      5.3430  1.8119e-01  1.9000e-01  1.9973e-01  2.1134e-01  1.6666e-01
  1870.10      5.3473  1.8205e-01  1.9075e-01  2.0044e-01  2.1221e-01  1.6748e-01
  1868.60      5.3516  1.8260e-01  1.9171e-01  2.0129e-01  2.1302e-01  1.6842e-01
  1867.10      5.3559  1.8315e-01  1.9291e-01  2.0248e-01  2.1406e-01  1.6943e-01
  1865.60      5.3602  1.8393e-01  1.9406e-01  2.0372e-01  2.1529e-01  1.7045e-01
  1864.10      5.3645  1.8490e-01  1.9516e-01  2.0490e-01  2.1662e-01  1.7142e-01
  1862.60      5.3688  1.8584e-01  1.9615e-01  2.0590e-01  2.1775e-01  1.7233e-01
  1861.10      5.3732  1.8681e-01  1.9710e-01  2.0689e-01  2.1884e-01  1.7317e-01
  1859.60      5.3775  1.8782e-01  1.9807e-01  2.0797e-01  2.2002e-01  1.7395e-01
  1858.10      5.3818  1.8873e-01  1.9901e-01  2.0903e-01  2.2114e-01  1.7469e-01
  1856.60      5.3862  1.8966e-01  2.0005e-01  2.1012e-01  2.2230e-01  1.7540e-01
  1855.10      5.3905  1.9056e-01  2.0105e-01  2.1118e-01  2.2347e-01  1.7612e-01
  1853.60      5.3949  1.9147e-01  2.0196e-01  2.1223e-01  2.2461e-01  1.7683e-01
  1852.10      5.3993  1.9248e-01  2.0288e-01  2.1336e-01  2.2576e-01  1.7751e-01
  1850.60      5.4037  1.9354e-01  2.0384e-01  2.1442e-01  2.2687e-01  1.7820e-01
  1849.10      5.4080  1.9458e-01  2.0487e-01  2.1543e-01  2.2803e-01  1.7895e-01
  1847.60      5.4124  1.9559e-01  2.0597e-01  2.1648e-01  2.2928e-01  1.7976e-01
  1846.10      5.4168  1.9652e-01  2.0700e-01  2.1747e-01  2.3048e-01  1.8067e-01
  1844.60      5.4212  1.9724e-01  2.0787e-01  2.1831e-01  2.3148e-01  1.8166e-01
  1843.10      5.4256  1.9783e-01  2.0884e-01  2.1940e-01  2.3249e-01  1.8274e-01
  1841.60      5.4301  1.9873e-01  2.1008e-01  2.2090e-01  2.3379e-01  1.8381e-01
  1840.10      5.4345  1.9991e-01  2.1130e-01  2.2235e-01  2.3518e-01  1.8481e-01
  1838.60      5.4389  2.0101e-01  2.1231e-01  2.2347e-01  2.3638e-01  1.8573e-01
  1837.10      5.4434  2.0193e-01  2.1326e-01  2.2452e-01  2.3750e-01  1.8656e-01
  1835.60      5.4478  2.0288e-01  2.1433e-01  2.2565e-01  2.3871e-01  1.8733e-01
  1834.10      5.4523  2.0400e-01  2.1546e-01  2.2678e-01  2.3997e-01  1.8807e-01
  1832.60      5.4567  2.0526e-01  2.1650e-01  2.2783e-01  2.4124e-01  1.8884e-01
  1831.10      5.4612  2.0640e-01  2.1732e-01  2.2872e-01  2.4241e-01  1.8968e-01
  1829.60      5.4657  2.0704e-01  2.1816e-01  2.2961e-01  2.4345e-01  1.9063e-01
  1828.10      5.4702  2.0771e-01  2.1943e-01  2.3095e-01  2.4479e-01  1.9169e-01
  1826.60      5.4747  2.0865e-01  2.2071e-01  2.3227e-01  2.4613e-01  1.9278e-01
  1825.10      5.4792  2.0950e-01  2.2180e-01  2.3330e-01  2.4720e-01  1.9389e-01
  1823.60      5.4837  2.1034e-01  2.2311e-01  2.3453e-01  2.4843e-01  1.9498e-01
  1822.10      5.4882  2.1130e-01  2.2433e-01  2.3583e-01  2.4976e-01  1.9602e-01
  1820.60      5.4927  2.1244e-01  2.2534e-01  2.3713e-01  2.5110e-01  1.9696e-01
  1819.10      5.4972  2.1356e-01  2.2625e-01  2.3831e-01  2.5233e-01  1.9782e-01
  1817.60      5.5018  2.1457e-01  2.2723e-01  2.3937e-01  2.5349e-01  1.9863e-01
  1816.10      5.5063  2.1564e-01  2.2845e-01  2.4054e-01  2.5481e-01  1.9941e-01
  1814.60      5.5109  2.1676e-01  2.2966e-01  2.4170e-01  2.5611e-01  2.0020e-01
  1813.10      5.5154  2.1790e-01  2.3070e-01  2.4278e-01  2.5732e-01  2.0100e-01
  1811.60      5.5200  2.1891e-01  2.3163e-01  2.4384e-01  2.5851e-01  2.0182e-01
  1810.10      5.5246  2.1969e-01  2.3259e-01  2.4493e-01  2.5971e-01  2.0265e-01
  1808.60      5.5291  2.2055e-01  2.3377e-01  2.4623e-01  2.6110e-01  2.0347e-01
  1807.10      5.5337  2.2159e-01  2.3498e-01  2.4751e-01  2.6253e-01  2.0427e-01
  1805.60      5.5383  2.2273e-01  2.3608e-01  2.4867e-01  2.6383e-01  2.0504e-01
  1804.10      5.5429  2.2400e-01  2.3717e-01  2.4987e-01  2.6513e-01  2.0580e-01
  1802.60      5.5476  2.2516e-01  2.3813e-01  2.5095e-01  2.6632e-01  2.0655e-01
  1801.10      5.5522  2.2613e-01  2.3910e-01  2.5199e-01  2.6745e-01  2.0732e-01
  1799.60      5.5568  2.2696e-01  2.4025e-01  2.5317e-01  2.6870e-01  2.0812e-01
  1798.10      5.5614  2.2785e-01  2.4141e-01  2.5447e-01  2.7011e-01  2.0894e-01
  1796.60      5.5661  2.2904e-01  2.4252e-01  2.5578e-01  2.7152e-01  2.0981e-01
  1795.10      5.5707  2.3036e-01  2.4355e-01  2.5696e-01  2.7280e-01  2.1073e-01
  1793.60      5.5754  2.3147e-01  2.4447e-01  2.5788e-01  2.7390e-01  2.1169e-01
  1792.10      5.5801  2.3210e-01  2.4550e-01  2.5878e-01  2.7499e-01  2.1271e-01
  1790.60      5.5847  2.3255e-01  2.4687e-01  2.6012e-01  2.7635e-01  2.1375e-01
  1789.10      5.5894  2.3347e-01  2.4832e-01  2.6178e-01  2.7796e-01  2.1476e-01
  1787.60      5.5941  2.3474e-01  2.4954e-01  2.6332e-01  2.7952e-01  2.1568e-01
  1786.10      5.5988  2.3590e-01  2.5047e-01  2.6449e-01  2.8076e-01  2.1651e-01
  1784.59      5.6035  2.3696e-01  2.5138e-01  2.6548e-01  2.8192e-01  2.1728e-01
  1783.09      5.6082  2.3814e-01  2.5245e-01  2.6653e-01  2.8326e-01  2.1796e-01
  1781.59      5.6129  2.3931e-01  2.5351e-01  2.6756e-01  2.8458e-01  2.1858e-01
  1780.09      5.6177  2.4030e-01  2.5463e-01  2.6872e-01  2.8577e-01  2.1915e-01
  1778.59      5.6224  2.4124e-01  2.5580e-01  2.7003e-01  2.8696e-01  2.1971e-01
  1777.09      5.6272  2.4241e-01  2.5691e-01  2.7129e-01  2.8826e-01  2.2028e-01
  1775.59      5.6319  2.4375e-01  2.5798e-01  2.7243e-01  2.8964e-01  2.2091e-01
  1774.09      5.6367  2.4497e-01  2.5880e-01  2.7325e-01  2.9080e-01  2.2164e-01
  1772.59      5.6414  2.4572e-01  2.5961e-01  2.7393e-01  2.9171e-01  2.2254e-01
  1771.09      5.6462  2.4602e-01  2.6082e-01  2.7506e-01  2.9274e-01  2.2355e-01
  1769.59      5.6510  2.4658e-01  2.6218e-01  2.7651e-01  2.9406e-01  2.2461e-01
  1768.09      5.6558  2.4747e-01  2.6342e-01  2.7784e-01  2.9542e-01  2.2562e-01
  1766.59      5.6606  2.4844e-01  2.6451e-01  2.7903e-01  2.9674e-01  2.2656e-01
  1765.09      5.6654  2.4962e-01  2.6551e-01  2.8018e-01  2.9815e-01  2.2736e-01
  1763.59      5.6702  2.5089e-01  2.6634e-01  2.8116e-01  2.9941e-01  2.2801e-01
  1762.09      5.6751  2.5174e-01  2.6705e-01  2.8193e-01  3.0030e-01  2.2861e-01
  1760.59      5.6799  2.5241e-01  2.6808e-01  2.8300e-01  3.0136e-01  2.2918e-01
  1759.09      5.6847  2.5333e-01  2.6919e-01  2.8423e-01  3.0263e-01  2.2970e-01
  1757.59      5.6896  2.5424e-01  2.7001e-01  2.8522e-01  3.0362e-01  2.3016e-01
  1756.09      5.6945  2.5500e-01  2.7083e-01  2.8619e-01  3.0450e-01  2.3060e-01
  1754.59      5.6993  2.5591e-01  2.7177e-01  2.8722e-01  3.0557e-01  2.3104e-01
  1753.09      5.7042  2.5719e-01  2.7251e-01  2.8803e-01  3.0670e-01  2.3147e-01
  1751.59      5.7091  2.5845e-01  2.7302e-01  2.8857e-01  3.0763e-01  2.3195e-01
  1750.09      5.7140  2.5918e-01  2.7365e-01  2.8924e-01  3.0852e-01  2.3254e-01
  1748.59      5.7189  2.5962e-01  2.7476e-01  2.9054e-01  3.0980e-01  2.3321e-01
  1747.09      5.7238  2.6000e-01  2.7597e-01  2.9205e-01  3.1117e-01  2.3389e-01
  1745.59      5.7287  2.6049e-01  2.7679e-01  2.9297e-01  3.1211e-01  2.3456e-01
  1744.09      5.7336  2.6115e-01  2.7740e-01  2.9346e-01  3.1276e-01  2.3515e-01
  1742.59      5.7386  2.6168e-01  2.7795e-01  2.9392e-01  3.1331e-01  2.3561e-01
  1741.09      5.7435  2.6224e-01  2.7854e-01  2.9451e-01  3.1400e-01  2.3594e-01
  1739.59      5.7485  2.6272e-01  2.7916e-01  2.9507e-01  3.1470e-01  2.3622e-01
  1738.09      5.7534  2.6332e-01  2.7985e-01  2.9576e-01  3.1555e-01  2.3652e-01
  1736.59      5.7584  2.6441e-01  2.8038e-01  2.9647e-01  3.1660e-01  2.3688e-01
  1735.09      5.7634  2.6524e-01  2.8027e-01  2.9647e-01  3.1686e-01  2.3733e-01
  1733.59      5.7684  2.6495e-01  2.8034e-01  2.9644e-01  3.1651e-01  2.3796e-01
  1732.09      5.7734  2.6452e-01  2.8132e-01  2.9740e-01  3.1701e-01  2.3863e-01
  1730.59      5.7784  2.6464e-01  2.8228e-01  2.9842e-01  3.1796e-01  2.3923e-01
  1729.09      5.7834  2.6477e-01  2.8281e-01  2.9901e-01  3.1859e-01  2.3966e-01
  1727.59      5.7884  2.6500e-01  2.8314e-01  2.9944e-01  3.1905e-01  2.3985e-01
  1726.09      5.7934  2.6549e-01  2.8331e-01  2.9971e-01  3.1945e-01  2.3972e-01
  1724.59      5.7985  2.6596e-01  2.8331e-01  2.9973e-01  3.1965e-01  2.3929e-01
  1723.09      5.8035  2.6636e-01  2.8330e-01  2.9979e-01  3.1984e-01  2.3871e-01
  1721.59      5.8086  2.6686e-01  2.8321e-01  2.9983e-01  3.2014e-01  2.3814e-01
  1720.09      5.8136  2.6764e-01  2.8286e-01  2.9957e-01  3.2035e-01  2.3770e-01
  1718.59      5.8187  2.6802e-01  2.8205e-01  2.9874e-01  3.1980e-01  2.3749e-01
  1717.09      5.8238  2.6717e-01  2.8149e-01  2.9804e-01  3.1873e-01  2.3756e-01
  1715.59      5.8289  2.6608e-01  2.8200e-01  2.9845e-01  3.1854e-01  2.3780e-01
  1714.09      5.8340  2.6533e-01  2.8250e-01  2.9892e-01  3.1866e-01  2.3800e-01
  1712.59      5.8391  2.6512e-01  2.8265e-01  2.9909e-01  3.1873e-01  2.3803e-01
  1711.09      5.8442  2.6520e-01  2.8249e-01  2.9886e-01  3.1860e-01  2.3780e-01
  1709.59      5.8494  2.6527e-01  2.8197e-01  2.9821e-01  3.1819e-01  2.3727e-01
  1708.09      5.8545  2.6538e-01  2.8130e-01  2.9741e-01  3.1767e-01  2.3643e-01
  1706.59      5.8596  2.6521e-01  2.8039e-01  2.9639e-01  3.1679e-01  2.3547e-01
  1705.09      5.8648  2.6459e-01  2.7964e-01  2.9552e-01  3.1579e-01  2.3457e-01
  1703.59      5.8700  2.6421e-01  2.7930e-01  2.9511e-01  3.1528e-01  2.3380e-01
  1702.09      5.8751  2.6414e-01  2.7852e-01  2.9428e-01  3.1464e-01  2.3324e-01
  1700.59      5.8803  2.6335e-01  2.7696e-01  2.9259e-01  3.1291e-01  2.3297e-01
  1699.09      5.8855  2.6203e-01  2.7612e-01  2.9169e-01  3.1159e-01  2.3299e-01
  1697.59      5.8907  2.6120e-01  2.7598e-01  2.9150e-01  3.1117e-01  2.3311e-01
  1696.09      5.8959  2.5982e-01  2.7524e-01  2.9048e-01  3.0989e-01  2.3318e-01
  1694.59      5.9011  2.5830e-01  2.7464e-01  2.8974e-01  3.0865e-01  2.3309e-01
  1693.09      5.9064  2.5782e-01  2.7431e-01  2.8951e-01  3.0818e-01  2.3267e-01
  1691.59      5.9116  2.5771e-01  2.7345e-01  2.8869e-01  3.0745e-01  2.3185e-01
  1690.09      5.9169  2.5727e-01  2.7204e-01  2.8716e-01  3.0603e-01  2.3077e-01
  1688.59      5.9221  2.5671e-01  2.7079e-01  2.8574e-01  3.0461e-01  2.2966e-01
  1687.09      5.9274  2.5651e-01  2.6976e-01  2.8457e-01  3.0350e-01  2.2865e-01
  1685.59      5.9326  2.5594e-01  2.6791e-01  2.8253e-01  3.0156e-01  2.2784e-01
  1684.09      5.9379  2.5363e-01  2.6584e-01  2.8015e-01  2.9880e-01  2.2736e-01
  1682.59      5.9432  2.5116e-01  2.6536e-01  2.7949e-01  2.9746e-01  2.2712e-01
  1681.09      5.9485  2.5007e-01  2.6517e-01  2.7932e-01  2.9691e-01  2.2687e-01
  1679.59      5.9538  2.4931e-01  2.6437e-01  2.7851e-01  2.9590e-01  2.2651e-01
  1678.09      5.9592  2.4865e-01  2.6322e-01  2.7719e-01  2.9457e-01  2.2596e-01
  1676.59      5.9645  2.4790e-01  2.6163e-01  2.7529e-01  2.9273e-01  2.2524e-01
  1675.09      5.9698  2.4664e-01  2.5976e-01  2.7314e-01  2.9032e-01  2.2444e-01
  1673.59      5.9752  2.4558e-01  2.5852e-01  2.7186e-01  2.8865e-01  2.2369e-01
  1672.09      5.9806  2.4502e-01  2.5750e-01  2.7079e-01  2.8747e-01  2.2301e-01
  1670.59      5.9859  2.4384e-01  2.5585e-01  2.6885e-01  2.8544e-01  2.2243e-01
  1669.09      5.9913  2.4169e-01  2.5425e-01  2.6691e-01  2.8303e-01  2.2198e-01
  1667.59      5.9967  2.4004e-01  2.5345e-01  2.6595e-01  2.8162e-01  2.2156e-01
  1666.09      6.0021  2.3939e-01  2.5263e-01  2.6512e-01  2.8071e-01  2.2103e-01
  1664.59      6.0075  2.3879e-01  2.5112e-01  2.6349e-01  2.7915e-01  2.2035e-01
  1663.09      6.0129  2.3756e-01  2.4919e-01  2.6134e-01  2.7674e-01  2.1950e-01
  1661.59      6.0183  2.3600e-01  2.4771e-01  2.5973e-01  2.7457e-01  2.1846e-01
  1660.09      6.0238  2.3505e-01  2.4665e-01  2.5862e-01  2.7311e-01  2.1724e-01
  1658.59      6.0292  2.3463e-01  2.4541e-01  2.5720e-01  2.7176e-01  2.1599e-01
  1657.09      6.0347  2.3454e-01  2.4404e-01  2.5546e-01  2.7037e-01  2.1484e-01
  1655.59      6.0402  2.3443e-01  2.4232e-01  2.5321e-01  2.6860e-01  2.1386e-01
  1654.09      6.0456  2.3251e-01  2.3933e-01  2.4959e-01  2.6501e-01  2.1319e-01
  1652.59      6.0511  2.2864e-01  2.3692e-01  2.4698e-01  2.6135e-01  2.1292e-01
  1651.08      6.0566  2.2724e-01  2.3706e-01  2.4749e-01  2.6100e-01  2.1295e-01
  1649.58      6.0621  2.2730e-01  2.3667e-01  2.4724e-01  2.6065e-01  2.1303e-01
  1648.08      6.0676  2.2621e-01  2.3466e-01  2.4501e-01  2.5821e-01  2.1310e-01
  1646.58      6.0732  2.2350e-01  2.3250e-01  2.4247e-01  2.5502e-01  2.1309e-01
  1645.08      6.0787  2.2107e-01  2.3162e-01  2.4140e-01  2.5334e-01  2.1281e-01
  1643.58      6.0843  2.2005e-01  2.3096e-01  2.4068e-01  2.5246e-01  2.1214e-01
  1642.08      6.0898  2.1939e-01  2.2959e-01  2.3925e-01  2.5107e-01  2.1117e-01
  1640.58      6.0954  2.1870e-01  2.2778e-01  2.3738e-01  2.4925e-01  2.1007e-01
  1639.08      6.1010  2.1809e-01  2.2592e-01  2.3541e-01  2.4739e-01  2.0893e-01
  1637.58      6.1066  2.1684e-01  2.2369e-01  2.3292e-01  2.4494e-01  2.0781e-01
  1636.08      6.1122  2.1397e-01  2.2118e-01  2.3001e-01  2.4157e-01  2.0678e-01
  1634.58      6.1178  2.1083e-01  2.1985e-01  2.2853e-01  2.3924e-01  2.0587e-01
  1633.08      6.1234  2.0935e-01  2.1929e-01  2.2803e-01  2.3839e-01  2.0489e-01
  1631.58      6.1290  2.0853e-01  2.1818e-01  2.2691e-01  2.3739e-01  2.0369e-01
  1630.08      6.1347  2.0743e-01  2.1624e-01  2.2494e-01  2.3557e-01  2.0226e-01
  1628.58      6.1403  2.0582e-01  2.1393e-01  2.2265e-01  2.3327e-01  2.0063e-01
  1627.08      6.1460  2.0409e-01  2.1197e-01  2.2070e-01  2.3125e-01  1.9885e-01
  1625.58      6.1516  2.0249e-01  2.1021e-01  2.1886e-01  2.2942e-01  1.9695e-01
  1624.08      6.1573  2.0051e-01  2.0814e-01  2.1664e-01  2.2713e-01  1.9504e-01
  1622.58      6.1630  1.9812e-01  2.0622e-01  2.1462e-01  2.2488e-01  1.9319e-01
  1621.08      6.1687  1.9634e-01  2.0491e-01  2.1337e-01  2.2358e-01  1.9140e-01
  1619.58      6.1744  1.9513e-01  2.0344e-01  2.1196e-01  2.2240e-01  1.8962e-01
  1618.08      6.1802  1.9318e-01  2.0101e-01  2.0952e-01  2.2009e-01  1.8783e-01
  1616.58      6.1859  1.9018e-01  1.9839e-01  2.0684e-01  2.1717e-01  1.8610e-01
  1615.08      6.1916  1.8775e-01  1.9697e-01  2.0542e-01  2.1549e-01  1.8439e-01
  1613.58      6.1974  1.8633e-01  1.9597e-01  2.0452e-01  2.1467e-01  1.8262e-01
  1612.08      6.2032  1.8495e-01  1.9436e-01  2.0295e-01  2.1338e-01  1.8077e-01
  1610.58      6.2089  1.8326e-01  1.9245e-01  2.0101e-01  2.1159e-01  1.7887e-01
  1609.08      6.2147  1.8139e-01  1.9070e-01  1.9926e-01  2.0971e-01  1.7693e-01
  1607.58      6.2205  1.7954e-01  1.8911e-01  1.9770e-01  2.0802e-01  1.7498e-01
  1606.08      6.2263  1.7793e-01  1.8759e-01  1.9630e-01  2.0669e-01  1.7305e-01
  1604.58      6.2322  1.7647e-01  1.8601e-01  1.9488e-01  2.0543e-01  1.7116e-01
  1603.08      6.2380  1.7495e-01  1.8441e-01  1.9342e-01  2.0397e-01  1.6936e-01
  1601.58      6.2438  1.7341e-01  1.8301e-01  1.9206e-01  2.0250e-01  1.6762e-01
  1600.08      6.2497  1.7201e-01  1.8178e-01  1.9075e-01  2.0115e-01  1.6592e-01
  1598.58      6.2555  1.7077e-01  1.8055e-01  1.8944e-01  1.9995e-01  1.6427e-01
  1597.08      6.2614  1.6956e-01  1.7917e-01  1.8806e-01  1.9871e-01  1.6268e-01
  1595.58      6.2673  1.6828e-01  1.7776e-01  1.8663e-01  1.9735e-01  1.6116e-01
  1594.08      6.2732  1.6702e-01  1.7655e-01  1.8537e-01  1.9609e-01  1.5970e-01
  1592.58      6.2791  1.6592e-01  1.7549e-01  1.8427e-01  1.9503e-01  1.5831e-01
  1591.08      6.2850  1.6494e-01  1.7447e-01  1.8324e-01  1.9410e-01  1.5698e-01
  1589.58      6.2910  1.6401e-01  1.7351e-01  1.8227e-01  1.9316e-01  1.5569e-01
  1588.08      6.2969  1.6315e-01  1.7256e-01  1.8140e-01  1.9223e-01  1.5444e-01
  1586.58      6.3029  1.6240e-01  1.7163e-01  1.8060e-01  1.9141e-01  1.5317e-01
  1585.08      6.3088  1.6166e-01  1.7070e-01  1.7978e-01  1.9059e-01  1.5189e-01
  1583.58      6.3148  1.6104e-01  1.6984e-01  1.7898e-01  1.8976e-01  1.5060e-01
  1582.08      6.3208  1.6059e-01  1.6902e-01  1.7822e-01  1.8901e-01  1.4936e-01
  1580.58      6.3268  1.6038e-01  1.6833e-01  1.7746e-01  1.8850e-01  1.4822e-01
  1579.08      6.3328  1.6031e-01  1.6767e-01  1.7661e-01  1.8807e-01  1.4720e-01
  1577.58      6.3388  1.5949e-01  1.6649e-01  1.7524e-01  1.8696e-01  1.4632e-01
  1576.08      6.3449  1.5772e-01  1.6529e-01  1.7396e-01  1.8546e-01  1.4562e-01
  1574.58      6.3509  1.5677e-01  1.6533e-01  1.7410e-01  1.8522e-01  1.4508e-01
  1573.08      6.3570  1.5707e-01  1.6570e-01  1.7459e-01  1.8568e-01  1.4457e-01
  1571.58      6.3630  1.5720e-01  1.6518e-01  1.7405e-01  1.8535e-01  1.4404e-01
  1570.08      6.3691  1.5635e-01  1.6409e-01  1.7277e-01  1.8413e-01  1.4350e-01
  1568.58      6.3752  1.5537e-01  1.6365e-01  1.7225e-01  1.8340e-01  1.4289e-01
  1567.08      6.3813  1.5531e-01  1.6377e-01  1.7258e-01  1.8354e-01  1.4211e-01
  1565.58      6.3874  1.5555e-01  1.6355e-01  1.7256e-01  1.8350e-01  1.4124e-01
  1564.08      6.3935  1.5586e-01  1.6325e-01  1.7238e-01  1.8337e-01  1.4048e-01
  1562.58      6.3997  1.5669e-01  1.6325e-01  1.7247e-01  1.8369e-01  1.3991e-01
  1561.08      6.4058  1.5733e-01  1.6264e-01  1.7184e-01  1.8353e-01  1.3962e-01
  1559.58      6.4120  1.5562e-01  1.6055e-01  1.6950e-01  1.8140e-01  1.3972e-01
  1558.08      6.4182  1.5227e-01  1.5983e-01  1.6870e-01  1.7996e-01  1.4023e-01
  1556.58      6.4243  1.5179e-01  1.6122e-01  1.7031e-01  1.8113e-01  1.4091e-01
  1555.08      6.4305  1.5183e-01  1.6181e-01  1.7091e-01  1.8163e-01  1.4145e-01
  1553.58      6.4368  1.5169e-01  1.6186e-01  1.7083e-01  1.8157e-01  1.4176e-01
  1552.08      6.4430  1.5191e-01  1.6184e-01  1.7071e-01  1.8157e-01  1.4174e-01
  1550.58      6.4492  1.5209e-01  1.6168e-01  1.7045e-01  1.8143e-01  1.4134e-01
  1549.08      6.4555  1.5220e-01  1.6161e-01  1.7037e-01  1.8136e-01  1.4066e-01
  1547.58      6.4617  1.5278e-01  1.6166e-01  1.7056e-01  1.8164e-01  1.3990e-01
  1546.08      6.4680  1.5359e-01  1.6139e-01  1.7042e-01  1.8179e-01  1.3927e-01
  1544.58      6.4743  1.5395e-01  1.6085e-01  1.6992e-01  1.8150e-01  1.3895e-01
  1543.08      6.4806  1.5389e-01  1.6062e-01  1.6979e-01  1.8129e-01  1.3898e-01
  1541.58      6.4869  1.5316e-01  1.6026e-01  1.6954e-01  1.8088e-01  1.3932e-01
  1540.08      6.4932  1.5092e-01  1.5955e-01  1.6877e-01  1.7963e-01  1.3993e-01
  1538.58      6.4995  1.4948e-01  1.6025e-01  1.6940e-01  1.7961e-01  1.4067e-01
  1537.08      6.5059  1.5029e-01  1.6167e-01  1.7092e-01  1.8110e-01  1.4132e-01
  1535.58      6.5122  1.5120e-01  1.6208e-01  1.7134e-01  1.8195e-01  1.4174e-01
  1534.08      6.5186  1.5109e-01  1.6152e-01  1.7067e-01  1.8163e-01  1.4194e-01
  1532.58      6.5250  1.5047e-01  1.6124e-01  1.7026e-01  1.8118e-01  1.4197e-01
  1531.08      6.5314  1.5085e-01  1.6179e-01  1.7084e-01  1.8170e-01  1.4180e-01
  1529.58      6.5378  1.5169e-01  1.6210e-01  1.7125e-01  1.8230e-01  1.4153e-01
  1528.08      6.5442  1.5217e-01  1.6188e-01  1.7111e-01  1.8238e-01  1.4126e-01
  1526.58      6.5506  1.5235e-01  1.6168e-01  1.7097e-01  1.8232e-01  1.4113e-01
  1525.08      6.5571  1.5260e-01  1.6175e-01  1.7118e-01  1.8254e-01  1.4113e-01
  1523.58      6.5635  1.5300e-01  1.6195e-01  1.7144e-01  1.8296e-01  1.4129e-01
  1522.08      6.5700  1.5254e-01  1.6180e-01  1.7111e-01  1.8275e-01  1.4166e-01
  1520.58      6.5765  1.5161e-01  1.6184e-01  1.7094e-01  1.8242e-01  1.4221e-01
  1519.08      6.5830  1.5169e-01  1.6247e-01  1.7164e-01  1.8296e-01  1.4281e-01
  1517.58      6.5895  1.5181e-01  1.6276e-01  1.7202e-01  1.8334e-01  1.4333e-01
  1516.07      6.5960  1.5150e-01  1.6287e-01  1.7215e-01  1.8335e-01  1.4372e-01
  1514.57      6.6025  1.5181e-01  1.6346e-01  1.7281e-01  1.8385e-01  1.4393e-01
  1513.07      6.6091  1.5269e-01  1.6398e-01  1.7340e-01  1.8454e-01  1.4403e-01
  1511.57      6.6156  1.5363e-01  1.6417e-01  1.7362e-01  1.8509e-01  1.4416e-01
  1510.07      6.6222  1.5465e-01  1.6445e-01  1.7379e-01  1.8564e-01  1.4445e-01
  1508.57      6.6288  1.5500e-01  1.6452e-01  1.7354e-01  1.8557e-01  1.4496e-01
  1507.07      6.6354  1.5331e-01  1.6409e-01  1.7282e-01  1.8436e-01  1.4572e-01
  1505.57      6.6420  1.5153e-01  1.6443e-01  1.7344e-01  1.8409e-01  1.4663e-01
  1504.07      6.6486  1.5215e-01  1.6563e-01  1.7505e-01  1.8542e-01  1.4748e-01
  1502.57      6.6552  1.5344e-01  1.6649e-01  1.7607e-01  1.8665e-01  1.4813e-01
  1501.07      6.6619  1.5445e-01  1.6687e-01  1.7644e-01  1.8731e-01  1.4857e-01
  1499.57      6.6686  1.5502e-01  1.6703e-01  1.7654e-01  1.8753e-01  1.4881e-01
  1498.07      6.6752  1.5515e-01  1.6715e-01  1.7666e-01  1.8767e-01  1.4889e-01
  1496.57      6.6819  1.5472e-01  1.6704e-01  1.7673e-01  1.8782e-01  1.4891e-01
  1495.07      6.6886  1.5467e-01  1.6720e-01  1.7729e-01  1.8848e-01  1.4900e-01
  1493.57      6.6954  1.5557e-01  1.6786e-01  1.7824e-01  1.8956e-01  1.4918e-01
  1492.07      6.7021  1.5642e-01  1.6817e-01  1.7861e-01  1.9005e-01  1.4945e-01
  1490.57      6.7088  1.5656e-01  1.6814e-01  1.7843e-01  1.8983e-01  1.4985e-01
  1489.07      6.7156  1.5614e-01  1.6833e-01  1.7842e-01  1.8966e-01  1.5037e-01
  1487.57      6.7224  1.5601e-01  1.6893e-01  1.7897e-01  1.9010e-01  1.5091e-01
  1486.07      6.7291  1.5652e-01  1.6976e-01  1.7985e-01  1.9098e-01  1.5143e-01
  1484.57      6.7359  1.5724e-01  1.7049e-01  1.8059e-01  1.9176e-01  1.5183e-01
  1483.07      6.7428  1.5797e-01  1.7106e-01  1.8111e-01  1.9239e-01  1.5208e-01
  1481.57      6.7496  1.5853e-01  1.7146e-01  1.8151e-01  1.9296e-01  1.5218e-01
  1480.07      6.7564  1.5917e-01  1.7188e-01  1.8201e-01  1.9359e-01  1.5217e-01
  1478.57      6.7633  1.6018e-01  1.7247e-01  1.8265e-01  1.9435e-01  1.5218e-01
  1477.07      6.7702  1.6106e-01  1.7286e-01  1.8303e-01  1.9489e-01  1.5231e-01
  1475.57      6.7770  1.6165e-01  1.7316e-01  1.8331e-01  1.9536e-01  1.5262e-01
  1474.07      6.7839  1.6187e-01  1.7335e-01  1.8357e-01  1.9565e-01  1.5311e-01
  1472.57      6.7908  1.6133e-01  1.7335e-01  1.8375e-01  1.9550e-01  1.5374e-01
  1471.07      6.7978  1.6115e-01  1.7404e-01  1.8463e-01  1.9590e-01  1.5441e-01
  1469.57      6.8047  1.6195e-01  1.7518e-01  1.8580e-01  1.9694e-01  1.5502e-01
  1468.07      6.8117  1.6307e-01  1.7601e-01  1.8658e-01  1.9792e-01  1.5547e-01
  1466.57      6.8186  1.6387e-01  1.7643e-01  1.8695e-01  1.9860e-01  1.5573e-01
  1465.07      6.8256  1.6405e-01  1.7662e-01  1.8710e-01  1.9889e-01  1.5588e-01
  1463.57      6.8326  1.6426e-01  1.7711e-01  1.8753e-01  1.9934e-01  1.5596e-01
  1462.07      6.8396  1.6525e-01  1.7797e-01  1.8833e-01  2.0031e-01  1.5610e-01
  1460.57      6.8466  1.6659e-01  1.7873e-01  1.8907e-01  2.0133e-01  1.5638e-01
  1459.07      6.8537  1.6749e-01  1.7911e-01  1.8942e-01  2.0186e-01  1.5686e-01
  1457.57      6.8607  1.6713e-01  1.7904e-01  1.8927e-01  2.0144e-01  1.5758e-01
  1456.07      6.8678  1.6610e-01  1.7921e-01  1.8939e-01  2.0093e-01  1.5848e-01
  1454.57      6.8749  1.6629e-01  1.8008e-01  1.9035e-01  2.0165e-01  1.5941e-01
  1453.07      6.8820  1.6709e-01  1.8094e-01  1.9127e-01  2.0270e-01  1.6028e-01
  1451.57      6.8891  1.6779e-01  1.8158e-01  1.9187e-01  2.0347e-01  1.6102e-01
  1450.07      6.8962  1.6853e-01  1.8220e-01  1.9249e-01  2.0425e-01  1.6164e-01
  1448.57      6.9034  1.6904e-01  1.8256e-01  1.9309e-01  2.0496e-01  1.6213e-01
  1447.07      6.9105  1.6931e-01  1.8293e-01  1.9378e-01  2.0553e-01  1.6252e-01
  1445.57      6.9177  1.6988e-01  1.8368e-01  1.9468e-01  2.0633e-01  1.6286e-01
  1444.07      6.9249  1.7061e-01  1.8450e-01  1.9536e-01  2.0714e-01  1.6315e-01
  1442.57      6.9321  1.7134e-01  1.8520e-01  1.9583e-01  2.0785e-01  1.6344e-01
  1441.07      6.9393  1.7219e-01  1.8582e-01  1.9639e-01  2.0853e-01  1.6373e-01
  1439.57      6.9465  1.7319e-01  1.8638e-01  1.9704e-01  2.0924e-01  1.6406e-01
  1438.07      6.9538  1.7392e-01  1.8672e-01  1.9747e-01  2.0974e-01  1.6446e-01
  1436.57      6.9610  1.7385e-01  1.8680e-01  1.9750e-01  2.0980e-01  1.6497e-01
  1435.07      6.9683  1.7388e-01  1.8736e-01  1.9801e-01  2.1027e-01  1.6558e-01
  1433.57      6.9756  1.7464e-01  1.8837e-01  1.9904e-01  2.1129e-01  1.6623e-01
  1432.07      6.9829  1.7545e-01  1.8900e-01  1.9978e-01  2.1201e-01  1.6688e-01
  1430.57      6.9902  1.7604e-01  1.8944e-01  2.0034e-01  2.1250e-01  1.6751e-01
  1429.07      6.9976  1.7649e-01  1.9002e-01  2.0100e-01  2.1305e-01  1.6811e-01
  1427.57      7.0049  1.7714e-01  1.9079e-01  2.0178e-01  2.1376e-01  1.6863e-01
  1426.07      7.0123  1.7809e-01  1.9157e-01  2.0257e-01  2.1464e-01  1.6910e-01
  1424.57      7.0197  1.7889e-01  1.9209e-01  2.0310e-01  2.1529e-01  1.6960e-01
  1423.07      7.0271  1.7965e-01  1.9272e-01  2.0377e-01  2.1599e-01  1.7018e-01
  1421.57      7.0345  1.8065e-01  1.9347e-01  2.0460e-01  2.1687e-01  1.7083e-01
  1420.07      7.0419  1.8131e-01  1.9385e-01  2.0500e-01  2.1737e-01  1.7160e-01
  1418.57      7.0494  1.8135e-01  1.9424e-01  2.0527e-01  2.1762e-01  1.7248e-01
  1417.07      7.0568  1.8157e-01  1.9521e-01  2.0609e-01  2.1834e-01  1.7344e-01
  1415.57      7.0643  1.8225e-01  1.9629e-01  2.0711e-01  2.1932e-01  1.7437e-01
  1414.07      7.0718  1.8307e-01  1.9712e-01  2.0794e-01  2.2012e-01  1.7522e-01
  1412.57      7.0793  1.8386e-01  1.9773e-01  2.0860e-01  2.2079e-01  1.7596e-01
  1411.07      7.0868  1.8462e-01  1.9834e-01  2.0931e-01  2.2154e-01  1.7662e-01
  1409.57      7.0944  1.8541e-01  1.9903e-01  2.1014e-01  2.2238e-01  1.7719e-01
  1408.07      7.1019  1.8631e-01  1.9976e-01  2.1096e-01  2.2314e-01  1.7773e-01
  1406.57      7.1095  1.8720e-01  2.0048e-01  2.1165e-01  2.2377e-01  1.7827e-01
  1405.07      7.1171  1.8790e-01  2.0125e-01  2.1228e-01  2.2438e-01  1.7884e-01
  1403.57      7.1247  1.8863e-01  2.0214e-01  2.1315e-01  2.2523e-01  1.7946e-01
  1402.07      7.1323  1.8974e-01  2.0309e-01  2.1425e-01  2.2642e-01  1.8014e-01
  1400.57      7.1400  1.9085e-01  2.0383e-01  2.1511e-01  2.2749e-01  1.8088e-01
  1399.07      7.1476  1.9167e-01  2.0450e-01  2.1573e-01  2.2817e-01  1.8173e-01
  1397.57      7.1553  1.9254e-01  2.0548e-01  2.1661e-01  2.2894e-01  1.8268e-01
  1396.07      7.1630  1.9334e-01  2.0639e-01  2.1752e-01  2.2979e-01  1.8369e-01
  1394.57      7.1707  1.9385e-01  2.0721e-01  2.1830e-01  2.3061e-01  1.8475e-01
  1393.07      7.1784  1.9455e-01  2.0834e-01  2.1936e-01  2.3159e-01  1.8582e-01
  1391.57      7.1862  1.9574e-01  2.0962e-01  2.2073e-01  2.3275e-01  1.8686e-01
  1390.07      7.1939  1.9716e-01  2.1079e-01  2.2209e-01  2.3401e-01  1.8787e-01
  1388.57      7.2017  1.9836e-01  2.1173e-01  2.2310e-01  2.3510e-01  1.8885e-01
  1387.07      7.2095  1.9921e-01  2.1264e-01  2.2394e-01  2.3604e-01  1.8984e-01
  1385.57      7.2173  2.0016e-01  2.1389e-01  2.2511e-01  2.3715e-01  1.9085e-01
  1384.07      7.2251  2.0141e-01  2.1529e-01  2.2641e-01  2.3838e-01  1.9185e-01
  1382.56      7.2329  2.0286e-01  2.1659e-01  2.2767e-01  2.3966e-01  1.9283e-01
  1381.06      7.2408  2.0430e-01  2.1776e-01  2.2887e-01  2.4093e-01  1.9382e-01
  1379.56      7.2487  2.0563e-01  2.1894e-01  2.3007e-01  2.4219e-01  1.9483e-01
  1378.06      7.2566  2.0705e-01  2.2030e-01  2.3142e-01  2.4360e-01  1.9587e-01
  1376.56      7.2645  2.0858e-01  2.2172e-01  2.3279e-01  2.4514e-01  1.9698e-01
  1375.06      7.2724  2.1005e-01  2.2308e-01  2.3411e-01  2.4664e-01  1.9817e-01
  1373.56      7.2803  2.1136e-01  2.2451e-01  2.3555e-01  2.4803e-01  1.9945e-01
  1372.06      7.2883  2.1278e-01  2.2614e-01  2.3724e-01  2.4955e-01  2.0079e-01
  1370.56      7.2963  2.1451e-01  2.2796e-01  2.3915e-01  2.5134e-01  2.0213e-01
  1369.06      7.3043  2.1631e-01  2.2972e-01  2.4096e-01  2.5315e-01  2.0346e-01
  1367.56      7.3123  2.1810e-01  2.3145e-01  2.4270e-01  2.5488e-01  2.0480e-01
  1366.06      7.3203  2.2006e-01  2.3330e-01  2.4455e-01  2.5670e-01  2.0615e-01
  1364.56      7.3284  2.2210e-01  2.3511e-01  2.4636e-01  2.5855e-01  2.0756e-01
  1363.06      7.3364  2.2404e-01  2.3690e-01  2.4813e-01  2.6035e-01  2.0904e-01
  1361.56      7.3445  2.2583e-01  2.3886e-01  2.5009e-01  2.6215e-01  2.1063e-01
  1360.06      7.3526  2.2775e-01  2.4109e-01  2.5231e-01  2.6418e-01  2.1229e-01
  1358.56      7.3607  2.2995e-01  2.4344e-01  2.5463e-01  2.6645e-01  2.1400e-01
  1357.06      7.3689  2.3221e-01  2.4577e-01  2.5688e-01  2.6876e-01  2.1573e-01
  1355.56      7.3770  2.3448e-01  2.4808e-01  2.5917e-01  2.7105e-01  2.1747e-01
  1354.06      7.3852  2.3683e-01  2.5039e-01  2.6151e-01  2.7338e-01  2.1921e-01
  1352.56      7.3934  2.3928e-01  2.5270e-01  2.6387e-01  2.7576e-01  2.2097e-01
  1351.06      7.4016  2.4184e-01  2.5511e-01  2.6635e-01  2.7818e-01  2.2274e-01
  1349.56      7.4098  2.4444e-01  2.5769e-01  2.6887e-01  2.8070e-01  2.2453e-01
  1348.06      7.4181  2.4710e-01  2.6038e-01  2.7138e-01  2.8333e-01  2.2634e-01
  1346.56      7.4263  2.4993e-01  2.6308e-01  2.7397e-01  2.8599e-01  2.2816e-01
  1345.06      7.4346  2.5281e-01  2.6575e-01  2.7672e-01  2.8864e-01  2.2999e-01
  1343.56      7.4429  2.5564e-01  2.6841e-01  2.7950e-01  2.9133e-01  2.3187e-01
  1342.06      7.4512  2.5860e-01  2.7106e-01  2.8225e-01  2.9407e-01  2.3380e-01
  1340.56      7.4596  2.6170e-01  2.7382e-01  2.8501e-01  2.9679e-01  2.3581e-01
  1339.06      7.4679  2.6470e-01  2.7676e-01  2.8780e-01  2.9957e-01  2.3791e-01
  1337.56      7.4763  2.6761e-01  2.7984e-01  2.9076e-01  3.0251e-01  2.4011e-01
  1336.06      7.4847  2.7064e-01  2.8294e-01  2.9388e-01  3.0556e-01  2.4236e-01
  1334.56      7.4931  2.7382e-01  2.8610e-01  2.9700e-01  3.0855e-01  2.4463e-01
  1333.06      7.5015  2.7705e-01  2.8930e-01  3.0001e-01  3.1141e-01  2.4688e-01
  1331.56      7.5100  2.8030e-01  2.9241e-01  3.0287e-01  3.1420e-01  2.4910e-01
  1330.06      7.5185  2.8359e-01  2.9541e-01  3.0576e-01  3.1698e-01  2.5126e-01
  1328.56      7.5269  2.8687e-01  2.9838e-01  3.0873e-01  3.1980e-01  2.5339e-01
  1327.06      7.5354  2.9009e-01  3.0142e-01  3.1169e-01  3.2268e-01  2.5549e-01
  1325.56      7.5440  2.9326e-01  3.0454e-01  3.1469e-01  3.2559e-01  2.5756e-01
  1324.06      7.5525  2.9646e-01  3.0758e-01  3.1765e-01  3.2849e-01  2.5963e-01
  1322.56      7.5611  2.9972e-01  3.1048e-01  3.2045e-01  3.3131e-01  2.6166e-01
  1321.06      7.5697  3.0297e-01  3.1327e-01  3.2311e-01  3.3400e-01  2.6369e-01
  1319.56      7.5783  3.0616e-01  3.1610e-01  3.2577e-01  3.3656e-01  2.6571e-01
  1318.06      7.5869  3.0919e-01  3.1900e-01  3.2845e-01  3.3907e-01  2.6770e-01
  1316.56      7.5956  3.1217e-01  3.2185e-01  3.3107e-01  3.4151e-01  2.6970e-01
  1315.06      7.6042  3.1516e-01  3.2456e-01  3.3359e-01  3.4386e-01  2.7167e-01
  1313.56      7.6129  3.1807e-01  3.2713e-01  3.3608e-01  3.4612e-01  2.7360e-01
  1312.06      7.6216  3.2089e-01  3.2964e-01  3.3854e-01  3.4824e-01  2.7550e-01
  1310.56      7.6303  3.2364e-01  3.3213e-01  3.4089e-01  3.5023e-01  2.7735e-01
  1309.06      7.6391  3.2630e-01  3.3458e-01  3.4303e-01  3.5215e-01  2.7916e-01
  1307.56      7.6478  3.2885e-01  3.3688e-01  3.4498e-01  3.5401e-01  2.8092e-01
  1306.06      7.6566  3.3138e-01  3.3900e-01  3.4687e-01  3.5575e-01  2.8264e-01
  1304.56      7.6654  3.3393e-01  3.4099e-01  3.4878e-01  3.5734e-01  2.8431e-01
  1303.06      7.6742  3.3637e-01  3.4297e-01  3.5064e-01  3.5884e-01  2.8594e-01
  1301.56      7.6831  3.3869e-01  3.4494e-01  3.5239e-01  3.6032e-01  2.8753e-01
  1300.06      7.6920  3.4097e-01  3.4683e-01  3.5401e-01  3.6174e-01  2.8912e-01
  1298.56      7.7008  3.4323e-01  3.4864e-01  3.5550e-01  3.6309e-01  2.9069e-01
  1297.06      7.7098  3.4545e-01  3.5041e-01  3.5701e-01  3.6442e-01  2.9226e-01
  1295.56      7.7187  3.4762e-01  3.5214e-01  3.5858e-01  3.6571e-01  2.9382e-01
  1294.06      7.7276  3.4975e-01  3.5382e-01  3.6011e-01  3.6693e-01  2.9540e-01
  1292.56      7.7366  3.5186e-01  3.5554e-01  3.6152e-01  3.6808e-01  2.9700e-01
  1291.06      7.7456  3.5395e-01  3.5722e-01  3.6285e-01  3.6920e-01  2.9862e-01
  1289.56      7.7546  3.5602e-01  3.5886e-01  3.6426e-01  3.7032e-01  3.0029e-01
  1288.06      7.7636  3.5815e-01  3.6054e-01  3.6575e-01  3.7148e-01  3.0199e-01
  1286.56      7.7727  3.6032e-01  3.6230e-01  3.6728e-01  3.7266e-01  3.0377e-01
  1285.06      7.7818  3.6253e-01  3.6410e-01  3.6881e-01  3.7395e-01  3.0563e-01
  1283.56      7.7908  3.6485e-01  3.6599e-01  3.7034e-01  3.7535e-01  3.0757e-01
  1282.06      7.8000  3.6724e-01  3.6798e-01  3.7201e-01  3.7689e-01  3.0964e-01
  1280.56      7.8091  3.6972e-01  3.7009e-01  3.7391e-01  3.7854e-01  3.1183e-01
  1279.06      7.8183  3.7233e-01  3.7231e-01  3.7597e-01  3.8032e-01  3.1417e-01
  1277.56      7.8274  3.7506e-01  3.7463e-01  3.7812e-01  3.8224e-01  3.1665e-01
  1276.06      7.8366  3.7799e-01  3.7719e-01  3.8047e-01  3.8433e-01  3.1931e-01
  1274.56      7.8459  3.8107e-01  3.7993e-01  3.8300e-01  3.8663e-01  3.2215e-01
  1273.06      7.8551  3.8429e-01  3.8278e-01  3.8567e-01  3.8911e-01  3.2519e-01
  1271.56      7.8644  3.8778e-01  3.8590e-01  3.8856e-01  3.9176e-01  3.2842e-01
  1270.06      7.8737  3.9149e-01  3.8925e-01  3.9175e-01  3.9464e-01  3.3189e-01
  1268.56      7.8830  3.9538e-01  3.9285e-01  3.9518e-01  3.9789e-01  3.3559e-01
  1267.06      7.8923  3.9947e-01  3.9673e-01  3.9888e-01  4.0151e-01  3.3952e-01
  1265.56      7.9017  4.0375e-01  4.0093e-01  4.0294e-01  4.0537e-01  3.4370e-01
  1264.06      7.9110  4.0837e-01  4.0550e-01  4.0737e-01  4.0953e-01  3.4814e-01
  1262.56      7.9204  4.1320e-01  4.1029e-01  4.1205e-01  4.1397e-01  3.5282e-01
  1261.06      7.9299  4.1830e-01  4.1529e-01  4.1699e-01  4.1880e-01  3.5775e-01
  1259.56      7.9393  4.2371e-01  4.2064e-01  4.2230e-01  4.2405e-01  3.6293e-01
  1258.06      7.9488  4.2928e-01  4.2630e-01  4.2795e-01  4.2954e-01  3.6837e-01
  1256.56      7.9583  4.3508e-01  4.3229e-01  4.3394e-01  4.3530e-01  3.7403e-01
  1255.06      7.9678  4.4111e-01  4.3853e-01  4.4019e-01  4.4138e-01  3.7994e-01
  1253.56      7.9773  4.4736e-01  4.4498e-01  4.4663e-01  4.4781e-01  3.8607e-01
  1252.06      7.9869  4.5389e-01  4.5170e-01  4.5335e-01  4.5460e-01  3.9241e-01
  1250.56      7.9964  4.6056e-01  4.5866e-01  4.6042e-01  4.6168e-01  3.9894e-01
  1249.06      8.0061  4.6736e-01  4.6585e-01  4.6786e-01  4.6907e-01  4.0565e-01
  1247.55      8.0157  4.7434e-01  4.7322e-01  4.7554e-01  4.7677e-01  4.1250e-01
  1246.05      8.0253  4.8148e-01  4.8074e-01  4.8329e-01  4.8468e-01  4.1948e-01
  1244.55      8.0350  4.8876e-01  4.8843e-01  4.9125e-01  4.9278e-01  4.2657e-01
  1243.05      8.0447  4.9608e-01  4.9630e-01  4.9941e-01  5.0104e-01  4.3374e-01
  1241.55      8.0544  5.0343e-01  5.0430e-01  5.0766e-01  5.0945e-01  4.4096e-01
  1240.05      8.0642  5.1086e-01  5.1244e-01  5.1602e-01  5.1804e-01  4.4820e-01
  1238.55      8.0739  5.1832e-01  5.2061e-01  5.2447e-01  5.2677e-01  4.5545e-01
  1237.05      8.0837  5.2573e-01  5.2872e-01  5.3294e-01  5.3561e-01  4.6269e-01
  1235.55      8.0935  5.3315e-01  5.3687e-01  5.4147e-01  5.4458e-01  4.6985e-01
  1234.05      8.1034  5.4053e-01  5.4505e-01  5.5009e-01  5.5359e-01  4.7695e-01
  1232.55      8.1132  5.4786e-01  5.5321e-01  5.5875e-01  5.6261e-01  4.8393e-01
  1231.05      8.1231  5.5517e-01  5.6136e-01  5.6739e-01  5.7164e-01  4.9078e-01
  1229.55      8.1330  5.6230e-01  5.6936e-01  5.7589e-01  5.8056e-01  4.9748e-01
  1228.05      8.1430  5.6931e-01  5.7727e-01  5.8431e-01  5.8940e-01  5.0402e-01
  1226.55      8.1529  5.7616e-01  5.8497e-01  5.9259e-01  5.9817e-01  5.1037e-01
  1225.05      8.1629  5.8279e-01  5.9241e-01  6.0066e-01  6.0678e-01  5.1654e-01
  1223.55      8.1729  5.8933e-01  5.9979e-01  6.0866e-01  6.1530e-01  5.2250e-01
  1222.05      8.1830  5.9559e-01  6.0701e-01  6.1643e-01  6.2357e-01  5.2826e-01
  1220.55      8.1930  6.0167e-01  6.1405e-01  6.2396e-01  6.3163e-01  5.3380e-01
  1219.05      8.2031  6.0766e-01  6.2094e-01  6.3134e-01  6.3953e-01  5.3911e-01
  1217.55      8.2132  6.1339e-01  6.2752e-01  6.3845e-01  6.4719e-01  5.4422e-01
  1216.05      8.2233  6.1907e-01  6.3397e-01  6.4548e-01  6.5481e-01  5.4909e-01
  1214.55      8.2335  6.2453e-01  6.4014e-01  6.5224e-01  6.6221e-01  5.5378e-01
  1213.05      8.2437  6.2973e-01  6.4598e-01  6.5869e-01  6.6930e-01  5.5826e-01
  1211.55      8.2539  6.3483e-01  6.5179e-01  6.6505e-01  6.7623e-01  5.6257e-01
  1210.05      8.2641  6.3959e-01  6.5736e-01  6.7111e-01  6.8284e-01  5.6672e-01
  1208.55      8.2744  6.4428e-01  6.6282e-01  6.7708e-01  6.8934e-01  5.7071e-01
  1207.05      8.2846  6.4885e-01  6.6810e-01  6.8290e-01  6.9572e-01  5.7457e-01
  1205.55      8.2950  6.5321e-01  6.7311e-01  6.8848e-01  7.0186e-01  5.7831e-01
  1204.05      8.3053  6.5760e-01  6.7816e-01  6.9406e-01  7.0796e-01  5.8194e-01
  1202.55      8.3157  6.6179e-01  6.8301e-01  6.9939e-01  7.1382e-01  5.8547e-01
  1201.05      8.3260  6.6586e-01  6.8768e-01  7.0449e-01  7.1952e-01  5.8891e-01
  1199.55      8.3364  6.6989e-01  6.9227e-01  7.0952e-01  7.2517e-01  5.9226e-01
  1198.05      8.3469  6.7371e-01  6.9672e-01  7.1442e-01  7.3060e-01  5.9552e-01
  1196.55      8.3574  6.7749e-01  7.0116e-01  7.1929e-01  7.3598e-01  5.9870e-01
  1195.05      8.3678  6.8116e-01  7.0543e-01  7.2404e-01  7.4131e-01  6.0182e-01
  1193.55      8.3784  6.8472e-01  7.0952e-01  7.2871e-01  7.4657e-01  6.0488e-01
  1192.05      8.3889  6.8826e-01  7.1363e-01  7.3341e-01  7.5180e-01  6.0785e-01
  1190.55      8.3995  6.9167e-01  7.1771e-01  7.3803e-01  7.5694e-01  6.1077e-01
  1189.05      8.4101  6.9494e-01  7.2171e-01  7.4261e-01  7.6210e-01  6.1359e-01
  1187.55      8.4207  6.9816e-01  7.2566e-01  7.4721e-01  7.6733e-01  6.1632e-01
  1186.05      8.4313  7.0128e-01  7.2953e-01  7.5169e-01  7.7252e-01  6.1894e-01
  1184.55      8.4420  7.0435e-01  7.3343e-01  7.5609e-01  7.7773e-01  6.2143e-01
  1183.05      8.4527  7.0739e-01  7.3732e-01  7.6046e-01  7.8297e-01  6.2375e-01
  1181.55      8.4635  7.1024e-01  7.4102e-01  7.6476e-01  7.8809e-01  6.2591e-01
  1180.05      8.4742  7.1297e-01  7.4455e-01  7.6903e-01  7.9314e-01  6.2786e-01
  1178.55      8.4850  7.1553e-01  7.4793e-01  7.7321e-01  7.9813e-01  6.2957e-01
  1177.05      8.4958  7.1783e-01  7.5116e-01  7.7719e-01  8.0295e-01  6.3102e-01
  1175.55      8.5067  7.2002e-01  7.5425e-01  7.8108e-01  8.0771e-01  6.3218e-01
  1174.05      8.5175  7.2186e-01  7.5700e-01  7.8472e-01  8.1225e-01  6.3301e-01
  1172.55      8.5284  7.2341e-01  7.5946e-01  7.8807e-01  8.1658e-01  6.3351e-01
  1171.05      8.5394  7.2473e-01  7.6168e-01  7.9111e-01  8.2069e-01  6.3362e-01
  1169.55      8.5503  7.2561e-01  7.6346e-01  7.9367e-01  8.2433e-01  6.3335e-01
  1168.05      8.5613  7.2623e-01  7.6497e-01  7.9599e-01  8.2772e-01  6.3266e-01
  1166.55      8.5723  7.2646e-01  7.6607e-01  7.9794e-01  8.3080e-01  6.3155e-01
  1165.05      8.5833  7.2623e-01  7.6670e-01  7.9936e-01  8.3340e-01  6.3001e-01
  1163.55      8.5944  7.2578e-01  7.6704e-01  8.0046e-01  8.3568e-01  6.2804e-01
  1162.05      8.6055  7.2476e-01  7.6680e-01  8.0098e-01  8.3734e-01  6.2562e-01
  1160.55      8.6166  7.2334e-01  7.6616e-01  8.0112e-01  8.3852e-01  6.2278e-01
  1159.05      8.6278  7.2157e-01  7.6514e-01  8.0084e-01  8.3926e-01  6.1949e-01
  1157.55      8.6389  7.1924e-01  7.6349e-01  7.9987e-01  8.3934e-01  6.1579e-01
  1156.05      8.6502  7.1666e-01  7.6150e-01  7.9859e-01  8.3908e-01  6.1169e-01
  1154.55      8.6614  7.1352e-01  7.5888e-01  7.9670e-01  8.3815e-01  6.0720e-01
  1153.05      8.6727  7.0990e-01  7.5576e-01  7.9425e-01  8.3664e-01  6.0235e-01
  1151.55      8.6840  7.0594e-01  7.5228e-01  7.9136e-01  8.3477e-01  5.9716e-01
  1150.05      8.6953  7.0141e-01  7.4818e-01  7.8778e-01  8.3226e-01  5.9167e-01
  1148.55      8.7066  6.9663e-01  7.4375e-01  7.8385e-01  8.2931e-01  5.8591e-01
  1147.05      8.7180  6.9146e-01  7.3889e-01  7.7950e-01  8.2579e-01  5.7990e-01
  1145.55      8.7295  6.8592e-01  7.3369e-01  7.7473e-01  8.2173e-01  5.7371e-01
  1144.05      8.7409  6.8014e-01  7.2824e-01  7.6967e-01  8.1736e-01  5.6737e-01
  1142.55      8.7524  6.7400e-01  7.2238e-01  7.6410e-01  8.1251e-01  5.6092e-01
  1141.05      8.7639  6.6768e-01  7.1624e-01  7.5820e-01  8.0737e-01  5.5441e-01
  1139.55      8.7754  6.6125e-01  7.0988e-01  7.5208e-01  8.0204e-01  5.4787e-01
  1138.05      8.7870  6.5467e-01  7.0323e-01  7.4578e-01  7.9645e-01  5.4133e-01
  1136.55      8.7986  6.4802e-01  6.9652e-01  7.3949e-01  7.9070e-01  5.3482e-01
  1135.05      8.8102  6.4124e-01  6.8975e-01  7.3309e-01  7.8471e-01  5.2838e-01
  1133.55      8.8219  6.3435e-01  6.8299e-01  7.2655e-01  7.7854e-01  5.2201e-01
  1132.05      8.8336  6.2750e-01  6.7626e-01  7.1994e-01  7.7239e-01  5.1575e-01
  1130.55      8.8453  6.2066e-01  6.6944e-01  7.1320e-01  7.6626e-01  5.0962e-01
  1129.05      8.8570  6.1382e-01  6.6257e-01  7.0647e-01  7.6019e-01  5.0363e-01
  1127.55      8.8688  6.0707e-01  6.5582e-01  6.9998e-01  7.5428e-01  4.9783e-01
  1126.05      8.8806  6.0037e-01  6.4918e-01  6.9361e-01  7.4837e-01  4.9222e-01
  1124.55      8.8925  5.9384e-01  6.4273e-01  6.8733e-01  7.4253e-01  4.8680e-01
  1123.05      8.9044  5.8750e-01  6.3645e-01  6.8124e-01  7.3692e-01  4.8159e-01
  1121.55      8.9163  5.8121e-01  6.3018e-01  6.7519e-01  7.3144e-01  4.7658e-01
  1120.05      8.9282  5.7516e-01  6.2416e-01  6.6937e-01  7.2617e-01  4.7178e-01
  1118.55      8.9402  5.6924e-01  6.1835e-01  6.6377e-01  7.2109e-01  4.6719e-01
  1117.05      8.9522  5.6343e-01  6.1272e-01  6.5838e-01  7.1618e-01  4.6281e-01
  1115.55      8.9642  5.5794e-01  6.0743e-01  6.5332e-01  7.1158e-01  4.5862e-01
  1114.04      8.9763  5.5260e-01  6.0224e-01  6.4836e-01  7.0708e-01  4.5465e-01
  1112.54      8.9884  5.4752e-01  5.9720e-01  6.4362e-01  7.0288e-01  4.5088e-01
  1111.04      9.0005  5.4266e-01  5.9240e-01  6.3909e-01  6.9907e-01  4.4732e-01
  1109.54      9.0127  5.3786e-01  5.8781e-01  6.3469e-01  6.9538e-01  4.4397e-01
  1108.04      9.0249  5.3343e-01  5.8362e-01  6.3069e-01  6.9199e-01  4.4083e-01
  1106.54      9.0371  5.2920e-01  5.7958e-01  6.2691e-01  6.8874e-01  4.3791e-01
  1105.04      9.0494  5.2524e-01  5.7575e-01  6.2334e-01  6.8566e-01  4.3520e-01
  1103.54      9.0617  5.2163e-01  5.7229e-01  6.2007e-01  6.8288e-01  4.3271e-01
  1102.04      9.0740  5.1814e-01  5.6898e-01  6.1688e-01  6.8016e-01  4.3045e-01
  1100.54      9.0864  5.1506e-01  5.6598e-01  6.1409e-01  6.7778e-01  4.2842e-01
  1099.04      9.0988  5.1230e-01  5.6323e-01  6.1157e-01  6.7567e-01  4.2662e-01
  1097.54      9.1113  5.0979e-01  5.6070e-01  6.0923e-01  6.7375e-01  4.2507e-01
  1096.04      9.1237  5.0769e-01  5.5858e-01  6.0724e-01  6.7218e-01  4.2379e-01
  1094.54      9.1362  5.0588e-01  5.5671e-01  6.0547e-01  6.7071e-01  4.2278e-01
  1093.04      9.1488  5.0451e-01  5.5524e-01  6.0406e-01  6.6951e-01  4.2208e-01
  1091.54      9.1613  5.0356e-01  5.5415e-01  6.0301e-01  6.6864e-01  4.2170e-01
  1090.04      9.1739  5.0302e-01  5.5342e-01  6.0225e-01  6.6798e-01  4.2168e-01
  1088.54      9.1866  5.0306e-01  5.5327e-01  6.0199e-01  6.6771e-01  4.2206e-01
  1087.04      9.1993  5.0361e-01  5.5364e-01  6.0213e-01  6.6778e-01  4.2286e-01
  1085.54      9.2120  5.0469e-01  5.5453e-01  6.0275e-01  6.6831e-01  4.2414e-01
  1084.04      9.2247  5.0651e-01  5.5607e-01  6.0402e-01  6.6937e-01  4.2596e-01
  1082.54      9.2375  5.0912e-01  5.5826e-01  6.0590e-01  6.7083e-01  4.2835e-01
  1081.04      9.2503  5.1256e-01  5.6119e-01  6.0852e-01  6.7288e-01  4.3139e-01
  1079.54      9.2632  5.1684e-01  5.6496e-01  6.1194e-01  6.7571e-01  4.3513e-01
  1078.04      9.2761  5.2193e-01  5.6966e-01  6.1622e-01  6.7937e-01  4.3960e-01
  1076.54      9.2890  5.2798e-01  5.7537e-01  6.2151e-01  6.8391e-01  4.4484e-01
  1075.04      9.3020  5.3499e-01  5.8194e-01  6.2767e-01  6.8925e-01  4.5086e-01
  1073.54      9.3150  5.4283e-01  5.8931e-01  6.3453e-01  6.9533e-01  4.5768e-01
  1072.04      9.3280  5.5156e-01  5.9764e-01  6.4226e-01  7.0231e-01  4.6524e-01
  1070.54      9.3411  5.6106e-01  6.0681e-01  6.5088e-01  7.1009e-01  4.7350e-01
  1069.04      9.3542  5.7107e-01  6.1657e-01  6.6011e-01  7.1849e-01  4.8237e-01
  1067.54      9.3673  5.8149e-01  6.2678e-01  6.6988e-01  7.2751e-01  4.9174e-01
  1066.04      9.3805  5.9208e-01  6.3715e-01  6.7997e-01  7.3685e-01  5.0147e-01
  1064.54      9.3937  6.0278e-01  6.4762e-01  6.9024e-01  7.4645e-01  5.1141e-01
  1063.04      9.4070  6.1344e-01  6.5812e-01  7.0053e-01  7.5624e-01  5.2137e-01
  1061.54      9.4203  6.2375e-01  6.6840e-01  7.1058e-01  7.6588e-01  5.3119e-01
  1060.04      9.4336  6.3371e-01  6.7841e-01  7.2044e-01  7.7531e-01  5.4070e-01
  1058.54      9.4470  6.4303e-01  6.8781e-01  7.2974e-01  7.8416e-01  5.4970e-01
  1057.04      9.4604  6.5148e-01  6.9633e-01  7.3821e-01  7.9216e-01  5.5805e-01
  1055.54      9.4738  6.5918e-01  7.0395e-01  7.4586e-01  7.9940e-01  5.6559e-01
  1054.04      9.4873  6.6587e-01  7.1052e-01  7.5239e-01  8.0572e-01  5.7217e-01
  1052.54      9.5008  6.7176e-01  7.1639e-01  7.5823e-01  8.1155e-01  5.7767e-01
  1051.04      9.5144  6.7676e-01  7.2165e-01  7.6360e-01  8.1701e-01  5.8196e-01
  1049.54      9.5280  6.8049e-01  7.2596e-01  7.6816e-01  8.2170e-01  5.8497e-01
  1048.04      9.5416  6.8313e-01  7.2923e-01  7.7184e-01  8.2561e-01  5.8663e-01
  1046.54      9.5553  6.8421e-01  7.3087e-01  7.7395e-01  8.2793e-01  5.8694e-01
  1045.04      9.5690  6.8388e-01  7.3095e-01  7.7440e-01  8.2855e-01  5.8591e-01
  1043.54      9.5828  6.8234e-01  7.2966e-01  7.7340e-01  8.2782e-01  5.8360e-01
  1042.04      9.5966  6.7945e-01  7.2693e-01  7.7102e-01  8.2574e-01  5.8007e-01
  1040.54      9.6104  6.7546e-01  7.2316e-01  7.6764e-01  8.2255e-01  5.7542e-01
  1039.04      9.6243  6.7021e-01  7.1825e-01  7.6301e-01  8.1817e-01  5.6977e-01
  1037.54      9.6382  6.6371e-01  7.1222e-01  7.5717e-01  8.1273e-01  5.6321e-01
  1036.04      9.6521  6.5630e-01  7.0523e-01  7.5040e-01  8.0647e-01  5.5586e-01
  1034.54      9.6661  6.4797e-01  6.9721e-01  7.4263e-01  7.9925e-01  5.4783e-01
  1033.04      9.6802  6.3892e-01  6.8843e-01  7.3414e-01  7.9129e-01  5.3925e-01
  1031.54      9.6943  6.2919e-01  6.7904e-01  7.2501e-01  7.8261e-01  5.3023e-01
  1030.04      9.7084  6.1887e-01  6.6900e-01  7.1521e-01  7.7322e-01  5.2086e-01
  1028.54      9.7225  6.0825e-01  6.5849e-01  7.0500e-01  7.6342e-01  5.1126e-01
  1027.04      9.7367  5.9733e-01  6.4756e-01  6.9440e-01  7.5333e-01  5.0152e-01
  1025.54      9.7510  5.8610e-01  6.3639e-01  6.8354e-01  7.4297e-01  4.9175e-01
  1024.04      9.7653  5.7481e-01  6.2521e-01  6.7261e-01  7.3246e-01  4.8201e-01
  1022.54      9.7796  5.6359e-01  6.1405e-01  6.6162e-01  7.2173e-01  4.7241e-01
  1021.04      9.7940  5.5244e-01  6.0291e-01  6.5061e-01  7.1093e-01  4.6300e-01
  1019.54      9.8084  5.4144e-01  5.9190e-01  6.3973e-01  7.0020e-01  4.5384e-01
  1018.04      9.8228  5.3062e-01  5.8109e-01  6.2899e-01  6.8949e-01  4.4498e-01
  1016.54      9.8373  5.2018e-01  5.7070e-01  6.1840e-01  6.7889e-01  4.3644e-01
  1015.04      9.8519  5.1012e-01  5.6062e-01  6.0806e-01  6.6848e-01  4.2823e-01
  1013.54      9.8664  5.0025e-01  5.5064e-01  5.9791e-01  6.5820e-01  4.2035e-01
  1012.04      9.8811  4.9078e-01  5.4094e-01  5.8808e-01  6.4815e-01  4.1278e-01
  1010.54      9.8957  4.8173e-01  5.3159e-01  5.7843e-01  6.3820e-01  4.0555e-01
  1009.04      9.9104  4.7309e-01  5.2258e-01  5.6897e-01  6.2835e-01  3.9863e-01
  1007.54      9.9252  4.6482e-01  5.1385e-01  5.5983e-01  6.1870e-01  3.9201e-01
  1006.04      9.9400  4.5679e-01  5.0526e-01  5.5087e-01  6.0915e-01  3.8571e-01
  1004.54      9.9548  4.4921e-01  4.9708e-01  5.4223e-01  5.9992e-01  3.7970e-01
  1003.04      9.9697  4.4203e-01  4.8934e-01  5.3396e-01  5.9102e-01  3.7400e-01
  1001.54      9.9847  4.3507e-01  4.8187e-01  5.2597e-01  5.8228e-01  3.6859e-01
  1000.04      9.9996  4.2847e-01  4.7484e-01  5.1839e-01  5.7394e-01  3.6345e-01
   998.54     10.0147  4.2212e-01  4.6808e-01  5.1108e-01  5.6596e-01  3.5857e-01
   997.04     10.0297  4.1611e-01  4.6152e-01  5.0422e-01  5.5852e-01  3.5396e-01
   995.54     10.0448  4.1044e-01  4.5531e-01  4.9791e-01  5.5171e-01  3.4959e-01
   994.04     10.0600  4.0489e-01  4.4949e-01  4.9189e-01  5.4533e-01  3.4547e-01
   992.54     10.0752  3.9972e-01  4.4418e-01  4.8631e-01  5.3969e-01  3.4157e-01
   991.04     10.0905  3.9478e-01  4.3916e-01  4.8114e-01  5.3469e-01  3.3790e-01
   989.54     10.1057  3.9004e-01  4.3433e-01  4.7637e-01  5.3010e-01  3.3444e-01
   988.04     10.1211  3.8558e-01  4.2983e-01  4.7197e-01  5.2588e-01  3.3117e-01
   986.54     10.1365  3.8127e-01  4.2555e-01  4.6771e-01  5.2184e-01  3.2807e-01
   985.04     10.1519  3.7721e-01  4.2144e-01  4.6362e-01  5.1791e-01  3.2513e-01
   983.54     10.1674  3.7329e-01  4.1737e-01  4.5960e-01  5.1389e-01  3.2232e-01
   982.04     10.1829  3.6944e-01  4.1334e-01  4.5548e-01  5.0965e-01  3.1962e-01
   980.54     10.1985  3.6569e-01  4.0943e-01  4.5136e-01  5.0530e-01  3.1702e-01
   979.03     10.2141  3.6201e-01  4.0547e-01  4.4711e-01  5.0082e-01  3.1451e-01
   977.53     10.2298  3.5852e-01  4.0152e-01  4.4278e-01  4.9620e-01  3.1208e-01
   976.03     10.2455  3.5524e-01  3.9765e-01  4.3850e-01  4.9139e-01  3.0972e-01
   974.53     10.2613  3.5200e-01  3.9382e-01  4.3427e-01  4.8640e-01  3.0743e-01
   973.03     10.2771  3.4880e-01  3.9009e-01  4.3007e-01  4.8141e-01  3.0520e-01
   971.53     10.2930  3.4570e-01  3.8643e-01  4.2581e-01  4.7647e-01  3.0303e-01
   970.03     10.3089  3.4273e-01  3.8287e-01  4.2157e-01  4.7153e-01  3.0093e-01
   968.53     10.3249  3.3991e-01  3.7945e-01  4.1755e-01  4.6663e-01  2.9890e-01
   967.03     10.3409  3.3721e-01  3.7611e-01  4.1369e-01  4.6180e-01  2.9694e-01
   965.53     10.3570  3.3463e-01  3.7286e-01  4.0987e-01  4.5707e-01  2.9506e-01
   964.03     10.3731  3.3220e-01  3.6973e-01  4.0621e-01  4.5243e-01  2.9326e-01
   962.53     10.3892  3.2987e-01  3.6671e-01  4.0271e-01  4.4790e-01  2.9154e-01
   961.03     10.4055  3.2761e-01  3.6390e-01  3.9929e-01  4.4359e-01  2.8992e-01
   959.53     10.4217  3.2550e-01  3.6128e-01  3.9598e-01  4.3962e-01  2.8840e-01
   958.03     10.4381  3.2347e-01  3.5874e-01  3.9279e-01  4.3579e-01  2.8698e-01
   956.53     10.4544  3.2165e-01  3.5637e-01  3.8987e-01  4.3207e-01  2.8569e-01
   955.03     10.4708  3.2009e-01  3.5426e-01  3.8722e-01  4.2857e-01  2.8453e-01
   953.53     10.4873  3.1872e-01  3.5236e-01  3.8481e-01  4.2537e-01  2.8349e-01
   952.03     10.5038  3.1759e-01  3.5068e-01  3.8271e-01  4.2251e-01  2.8261e-01
   950.53     10.5204  3.1656e-01  3.4912e-01  3.8080e-01  4.1984e-01  2.8186e-01
   949.03     10.5370  3.1569e-01  3.4784e-01  3.7910e-01  4.1742e-01  2.8128e-01
   947.53     10.5537  3.1506e-01  3.4698e-01  3.7775e-01  4.1530e-01  2.8086e-01
   946.03     10.5705  3.1464e-01  3.4639e-01  3.7664e-01  4.1340e-01  2.8063e-01
   944.53     10.5872  3.1461e-01  3.4604e-01  3.7579e-01  4.1195e-01  2.8058e-01
   943.03     10.6041  3.1486e-01  3.4592e-01  3.7519e-01  4.1087e-01  2.8074e-01
   941.53     10.6210  3.1523e-01  3.4611e-01  3.7500e-01  4.1007e-01  2.8112e-01
   940.03     10.6379  3.1589e-01  3.4671e-01  3.7534e-01  4.0973e-01  2.8173e-01
   938.53     10.6549  3.1687e-01  3.4752e-01  3.7596e-01  4.0970e-01  2.8258e-01
   937.03     10.6720  3.1829e-01  3.4867e-01  3.7695e-01  4.1010e-01  2.8366e-01
   935.53     10.6891  3.2003e-01  3.5025e-01  3.7845e-01  4.1106e-01  2.8499e-01
   934.03     10.7063  3.2198e-01  3.5225e-01  3.8040e-01  4.1262e-01  2.8658e-01
   932.53     10.7235  3.2436e-01  3.5474e-01  3.8277e-01  4.1486e-01  2.8845e-01
   931.03     10.7408  3.2717e-01  3.5769e-01  3.8553e-01  4.1762e-01  2.9060e-01
   929.53     10.7581  3.3040e-01  3.6110e-01  3.8886e-01  4.2088e-01  2.9304e-01
   928.03     10.7755  3.3409e-01  3.6508e-01  3.9288e-01  4.2485e-01  2.9577e-01
   926.53     10.7929  3.3818e-01  3.6959e-01  3.9748e-01  4.2953e-01  2.9880e-01
   925.03     10.8104  3.4273e-01  3.7460e-01  4.0268e-01  4.3480e-01  3.0212e-01
   923.53     10.8280  3.4774e-01  3.8012e-01  4.0844e-01  4.4059e-01  3.0573e-01
   922.03     10.8456  3.5317e-01  3.8614e-01  4.1475e-01  4.4702e-01  3.0963e-01
   920.53     10.8633  3.5906e-01  3.9267e-01  4.2168e-01  4.5425e-01  3.1381e-01
   919.03     10.8810  3.6541e-01  3.9967e-01  4.2912e-01  4.6206e-01  3.1827e-01
   917.53     10.8988  3.7222e-01  4.0716e-01  4.3691e-01  4.7015e-01  3.2300e-01
   916.03     10.9167  3.7946e-01  4.1506e-01  4.4495e-01  4.7841e-01  3.2799e-01
   914.53     10.9346  3.8703e-01  4.2314e-01  4.5323e-01  4.8682e-01  3.3320e-01
   913.03     10.9525  3.9490e-01  4.3137e-01  4.6175e-01  4.9541e-01  3.3862e-01
   911.53     10.9706  4.0299e-01  4.3979e-01  4.7044e-01  5.0402e-01  3.4418e-01
   910.03     10.9887  4.1116e-01  4.4830e-01  4.7907e-01  5.1235e-01  3.4984e-01
   908.53     11.0068  4.1937e-01  4.5667e-01  4.8738e-01  5.2031e-01  3.5555e-01
   907.03     11.0250  4.2752e-01  4.6468e-01  4.9521e-01  5.2776e-01  3.6124e-01
   905.53     11.0433  4.3541e-01  4.7222e-01  5.0248e-01  5.3454e-01  3.6685e-01
   904.03     11.0616  4.4294e-01  4.7926e-01  5.0919e-01  5.4054e-01  3.7231e-01
   902.53     11.0800  4.4993e-01  4.8570e-01  5.1512e-01  5.4556e-01  3.7756e-01
   901.03     11.0984  4.5638e-01  4.9140e-01  5.2015e-01  5.4958e-01  3.8253e-01
   899.53     11.1169  4.6233e-01  4.9624e-01  5.2415e-01  5.5256e-01  3.8715e-01
   898.03     11.1355  4.6745e-01  5.0003e-01  5.2695e-01  5.5434e-01  3.9132e-01
   896.53     11.1541  4.7171e-01  5.0276e-01  5.2865e-01  5.5499e-01  3.9500e-01
   895.03     11.1728  4.7508e-01  5.0437e-01  5.2930e-01  5.5441e-01  3.9811e-01
   893.53     11.1916  4.7740e-01  5.0484e-01  5.2867e-01  5.5239e-01  4.0060e-01
   892.03     11.2104  4.7874e-01  5.0429e-01  5.2679e-01  5.4911e-01  4.0243e-01
   890.53     11.2293  4.7898e-01  5.0255e-01  5.2375e-01  5.4468e-01  4.0356e-01
   889.03     11.2482  4.7819e-01  4.9967e-01  5.1974e-01  5.3929e-01  4.0398e-01
   887.53     11.2672  4.7643e-01  4.9584e-01  5.1477e-01  5.3303e-01  4.0366e-01
   886.03     11.2863  4.7358e-01  4.9103e-01  5.0873e-01  5.2585e-01  4.0263e-01
   884.53     11.3055  4.6981e-01  4.8540e-01  5.0200e-01  5.1811e-01  4.0090e-01
   883.03     11.3247  4.6516e-01  4.7900e-01  4.9465e-01  5.0993e-01  3.9849e-01
   881.53     11.3439  4.5969e-01  4.7198e-01  4.8677e-01  5.0136e-01  3.9546e-01
   880.03     11.3633  4.5364e-01  4.6453e-01  4.7859e-01  4.9253e-01  3.9186e-01
   878.53     11.3827  4.4694e-01  4.5655e-01  4.7008e-01  4.8347e-01  3.8775e-01
   877.03     11.4022  4.3975e-01  4.4819e-01  4.6142e-01  4.7440e-01  3.8317e-01
   875.53     11.4217  4.3208e-01  4.3964e-01  4.5270e-01  4.6546e-01  3.7822e-01
   874.03     11.4413  4.2403e-01  4.3119e-01  4.4401e-01  4.5677e-01  3.7294e-01
   872.53     11.4610  4.1592e-01  4.2296e-01  4.3556e-01  4.4847e-01  3.6739e-01
   871.03     11.4807  4.0777e-01  4.1481e-01  4.2736e-01  4.4046e-01  3.6165e-01
   869.53     11.5005  3.9964e-01  4.0666e-01  4.1932e-01  4.3268e-01  3.5575e-01
   868.03     11.5204  3.9162e-01  3.9856e-01  4.1137e-01  4.2507e-01  3.4979e-01
   866.53     11.5403  3.8364e-01  3.9060e-01  4.0367e-01  4.1768e-01  3.4380e-01
   865.03     11.5603  3.7576e-01  3.8296e-01  3.9632e-01  4.1066e-01  3.3783e-01
   863.53     11.5804  3.6806e-01  3.7562e-01  3.8921e-01  4.0398e-01  3.3194e-01
   862.03     11.6006  3.6057e-01  3.6853e-01  3.8232e-01  3.9760e-01  3.2617e-01
   860.53     11.6208  3.5335e-01  3.6178e-01  3.7577e-01  3.9155e-01  3.2055e-01
   859.03     11.6411  3.4643e-01  3.5539e-01  3.6956e-01  3.8582e-01  3.1511e-01
   857.53     11.6615  3.3985e-01  3.4929e-01  3.6367e-01  3.8034e-01  3.0986e-01
   856.03     11.6819  3.3365e-01  3.4346e-01  3.5819e-01  3.7511e-01  3.0482e-01
   854.53     11.7024  3.2760e-01  3.3795e-01  3.5305e-01  3.7018e-01  3.0001e-01
   853.03     11.7230  3.2175e-01  3.3278e-01  3.4823e-01  3.6567e-01  2.9542e-01
   851.53     11.7436  3.1630e-01  3.2800e-01  3.4378e-01  3.6151e-01  2.9106e-01
   850.03     11.7644  3.1115e-01  3.2344e-01  3.3960e-01  3.5757e-01  2.8690e-01
   848.53     11.7852  3.0627e-01  3.1913e-01  3.3559e-01  3.5393e-01  2.8296e-01
   847.03     11.8060  3.0171e-01  3.1508e-01  3.3171e-01  3.5059e-01  2.7921e-01
   845.52     11.8270  2.9745e-01  3.1123e-01  3.2807e-01  3.4736e-01  2.7566e-01
   844.02     11.8480  2.9346e-01  3.0759e-01  3.2477e-01  3.4414e-01  2.7230e-01
   842.52     11.8691  2.8959e-01  3.0414e-01  3.2156e-01  3.4092e-01  2.6912e-01
   841.02     11.8903  2.8596e-01  3.0092e-01  3.1841e-01  3.3789e-01  2.6613e-01
   839.52     11.9115  2.8266e-01  2.9789e-01  3.1550e-01  3.3518e-01  2.6331e-01
   838.02     11.9328  2.7947e-01  2.9501e-01  3.1279e-01  3.3270e-01  2.6065e-01
   836.52     11.9542  2.7638e-01  2.9229e-01  3.1015e-01  3.3028e-01  2.5815e-01
   835.02     11.9757  2.7339e-01  2.8966e-01  3.0756e-01  3.2782e-01  2.5577e-01
   833.52     11.9973  2.7058e-01  2.8711e-01  3.0514e-01  3.2543e-01  2.5353e-01
   832.02     12.0189  2.6808e-01  2.8479e-01  3.0294e-01  3.2328e-01  2.5142e-01
   830.52     12.0406  2.6572e-01  2.8270e-01  3.0083e-01  3.2133e-01  2.4945e-01
   829.02     12.0624  2.6353e-01  2.8089e-01  2.9908e-01  3.1972e-01  2.4760e-01
   827.52     12.0842  2.6147e-01  2.7912e-01  2.9771e-01  3.1848e-01  2.4592e-01
   826.02     12.1062  2.5957e-01  2.7745e-01  2.9653e-01  3.1753e-01  2.4441e-01
   824.52     12.1282  2.5801e-01  2.7634e-01  2.9567e-01  3.1688e-01  2.4305e-01
   823.02     12.1503  2.5670e-01  2.7577e-01  2.9513e-01  3.1653e-01  2.4185e-01
   821.52     12.1725  2.5561e-01  2.7538e-01  2.9479e-01  3.1653e-01  2.4079e-01
   820.02     12.1948  2.5471e-01  2.7483e-01  2.9448e-01  3.1649e-01  2.3985e-01
   818.52     12.2171  2.5389e-01  2.7410e-01  2.9407e-01  3.1597e-01  2.3899e-01
   817.02     12.2396  2.5307e-01  2.7342e-01  2.9353e-01  3.1512e-01  2.3820e-01
   815.52     12.2621  2.5216e-01  2.7279e-01  2.9283e-01  3.1435e-01  2.3744e-01
   814.02     12.2847  2.5121e-01  2.7216e-01  2.9210e-01  3.1376e-01  2.3673e-01
   812.52     12.3074  2.5037e-01  2.7158e-01  2.9149e-01  3.1325e-01  2.3606e-01
   811.02     12.3301  2.4969e-01  2.7114e-01  2.9098e-01  3.1269e-01  2.3544e-01
   809.52     12.3530  2.4918e-01  2.7085e-01  2.9058e-01  3.1217e-01  2.3487e-01
   808.02     12.3759  2.4882e-01  2.7049e-01  2.9018e-01  3.1176e-01  2.3437e-01
   806.52     12.3989  2.4846e-01  2.7010e-01  2.8971e-01  3.1155e-01  2.3396e-01
   805.02     12.4220  2.4813e-01  2.6981e-01  2.8937e-01  3.1152e-01  2.3362e-01
   803.52     12.4452  2.4793e-01  2.6963e-01  2.8919e-01  3.1146e-01  2.3338e-01
   802.02     12.4685  2.4777e-01  2.6947e-01  2.8909e-01  3.1127e-01  2.3323e-01
   800.52     12.4919  2.4760e-01  2.6934e-01  2.8916e-01  3.1114e-01  2.3317e-01
   799.02     12.5153  2.4741e-01  2.6923e-01  2.8935e-01  3.1109e-01  2.3318e-01
   797.52     12.5388  2.4720e-01  2.6916e-01  2.8949e-01  3.1111e-01  2.3324e-01
   796.02     12.5625  2.4717e-01  2.6918e-01  2.8961e-01  3.1117e-01  2.3335e-01
   794.52     12.5862  2.4725e-01  2.6931e-01  2.8971e-01  3.1121e-01  2.3350e-01
   793.02     12.6100  2.4739e-01  2.6957e-01  2.8984e-01  3.1135e-01  2.3369e-01
   791.52     12.6339  2.4759e-01  2.6988e-01  2.9005e-01  3.1164e-01  2.3392e-01
   790.02     12.6579  2.4778e-01  2.7019e-01  2.9027e-01  3.1197e-01  2.3417e-01
   788.52     12.6820  2.4806e-01  2.7054e-01  2.9056e-01  3.1236e-01  2.3447e-01
   787.02     12.7061  2.4840e-01  2.7093e-01  2.9090e-01  3.1280e-01  2.3480e-01
   785.52     12.7304  2.4868e-01  2.7131e-01  2.9126e-01  3.1322e-01  2.3518e-01
   784.02     12.7548  2.4899e-01  2.7173e-01  2.9174e-01  3.1364e-01  2.3559e-01
   782.52     12.7792  2.4930e-01  2.7216e-01  2.9228e-01  3.1403e-01  2.3604e-01
   781.02     12.8038  2.4965e-01  2.7268e-01  2.9278e-01  3.1449e-01  2.3652e-01
   779.52     12.8284  2.5002e-01  2.7322e-01  2.9318e-01  3.1497e-01  2.3702e-01
   778.02     12.8531  2.5039e-01  2.7365e-01  2.9345e-01  3.1541e-01  2.3755e-01
   776.52     12.8780  2.5086e-01  2.7403e-01  2.9378e-01  3.1584e-01  2.3810e-01
   775.02     12.9029  2.5132e-01  2.7440e-01  2.9431e-01  3.1627e-01  2.3868e-01
   773.52     12.9279  2.5175e-01  2.7483e-01  2.9490e-01  3.1669e-01  2.3927e-01
   772.02     12.9530  2.5220e-01  2.7535e-01  2.9533e-01  3.1714e-01  2.3990e-01
   770.52     12.9783  2.5255e-01  2.7583e-01  2.9560e-01  3.1748e-01  2.4054e-01
   769.02     13.0036  2.5286e-01  2.7623e-01  2.9603e-01  3.1783e-01  2.4121e-01
   767.52     13.0290  2.5325e-01  2.7658e-01  2.9656e-01  3.1824e-01  2.4192e-01
   766.02     13.0545  2.5371e-01  2.7699e-01  2.9697e-01  3.1864e-01  2.4263e-01
   764.52     13.0801  2.5410e-01  2.7742e-01  2.9728e-01  3.1897e-01  2.4336e-01
   763.02     13.1058  2.5440e-01  2.7765e-01  2.9759e-01  3.1921e-01  2.4409e-01
   761.52     13.1317  2.5475e-01  2.7769e-01  2.9798e-01  3.1947e-01  2.4482e-01
   760.02     13.1576  2.5515e-01  2.7776e-01  2.9829e-01  3.1984e-01  2.4555e-01
   758.52     13.1836  2.5548e-01  2.7794e-01  2.9837e-01  3.2015e-01  2.4627e-01
   757.02     13.2097  2.5574e-01  2.7820e-01  2.9843e-01  3.2032e-01  2.4697e-01
   755.52     13.2359  2.5597e-01  2.7847e-01  2.9870e-01  3.2047e-01  2.4765e-01
   754.02     13.2623  2.5621e-01  2.7873e-01  2.9908e-01  3.2067e-01  2.4831e-01
   752.52     13.2887  2.5653e-01  2.7902e-01  2.9942e-01  3.2089e-01  2.4895e-01
   751.02     13.3153  2.5686e-01  2.7937e-01  2.9969e-01  3.2109e-01  2.4956e-01
   749.52     13.3419  2.5701e-01  2.7977e-01  2.9990e-01  3.2120e-01  2.5016e-01
   748.02     13.3687  2.5716e-01  2.8009e-01  3.0002e-01  3.2124e-01  2.5075e-01
   746.52     13.3955  2.5741e-01  2.8031e-01  3.0022e-01  3.2131e-01  2.5134e-01
   745.02     13.4225  2.5773e-01  2.8065e-01  3.0063e-01  3.2158e-01  2.5193e-01
   743.52     13.4496  2.5810e-01  2.8109e-01  3.0104e-01  3.2200e-01  2.5254e-01
   742.02     13.4768  2.5844e-01  2.8133e-01  3.0129e-01  3.2228e-01  2.5313e-01
   740.52     13.5041  2.5877e-01  2.8144e-01  3.0142e-01  3.2235e-01  2.5372e-01
   739.02     13.5315  2.5904e-01  2.8165e-01  3.0154e-01  3.2242e-01  2.5429e-01
   737.52     13.5590  2.5924e-01  2.8192e-01  3.0179e-01  3.2255e-01  2.5484e-01
   736.02     13.5866  2.5962e-01  2.8226e-01  3.0218e-01  3.2274e-01  2.5537e-01
   734.52     13.6144  2.6007e-01  2.8263e-01  3.0253e-01  3.2303e-01  2.5589e-01
   733.02     13.6423  2.6047e-01  2.8296e-01  3.0278e-01  3.2333e-01  2.5642e-01
   731.52     13.6702  2.6080e-01  2.8319e-01  3.0297e-01  3.2347e-01  2.5696e-01
   730.02     13.6983  2.6105e-01  2.8337e-01  3.0314e-01  3.2353e-01  2.5753e-01
   728.52     13.7265  2.6140e-01  2.8362e-01  3.0336e-01  3.2378e-01  2.5809e-01
   727.02     13.7549  2.6177e-01  2.8394e-01  3.0356e-01  3.2414e-01  2.5869e-01
   725.52     13.7833  2.6205e-01  2.8422e-01  3.0375e-01  3.2440e-01  2.5929e-01
   724.02     13.8119  2.6240e-01  2.8456e-01  3.0411e-01  3.2469e-01  2.5990e-01
   722.52     13.8405  2.6282e-01  2.8499e-01  3.0448e-01  3.2500e-01  2.6052e-01
   721.02     13.8693  2.6323e-01  2.8550e-01  3.0478e-01  3.2517e-01  2.6113e-01
   719.52     13.8982  2.6357e-01  2.8604e-01  3.0509e-01  3.2536e-01  2.6174e-01
   718.02     13.9273  2.6389e-01  2.8648e-01  3.0551e-01  3.2583e-01  2.6235e-01
   716.52     13.9564  2.6437e-01  2.8682e-01  3.0605e-01  3.2639e-01  2.6295e-01
   715.02     13.9857  2.6496e-01  2.8714e-01  3.0659e-01  3.2685e-01  2.6355e-01
   713.52     14.0151  2.6564e-01  2.8757e-01  3.0713e-01  3.2733e-01  2.6417e-01
   712.02     14.0446  2.6629e-01  2.8818e-01  3.0765e-01  3.2784e-01  2.6481e-01
   710.51     14.0743  2.6687e-01  2.8898e-01  3.0819e-01  3.2831e-01  2.6547e-01
   709.01     14.1041  2.6754e-01  2.8986e-01  3.0888e-01  3.2886e-01  2.6617e-01
   707.51     14.1340  2.6833e-01  2.9060e-01  3.0963e-01  3.2958e-01  2.6692e-01
   706.01     14.1640  2.6915e-01  2.9131e-01  3.1041e-01  3.3039e-01  2.6770e-01
   704.51     14.1942  2.7000e-01  2.9213e-01  3.1129e-01  3.3109e-01  2.6853e-01
   703.01     14.2245  2.7090e-01  2.9296e-01  3.1217e-01  3.3162e-01  2.6940e-01
   701.51     14.2549  2.7177e-01  2.9378e-01  3.1295e-01  3.3233e-01  2.7028e-01
   700.01     14.2854  2.7270e-01  2.9463e-01  3.1366e-01  3.3335e-01  2.7121e-01
   698.51     14.3161  2.7368e-01  2.9541e-01  3.1434e-01  3.3441e-01  2.7217e-01
   697.01     14.3469  2.7465e-01  2.9618e-01  3.1507e-01  3.3544e-01  2.7317e-01
   695.51     14.3779  2.7567e-01  2.9703e-01  3.1585e-01  3.3634e-01  2.7422e-01
   694.01     14.4089  2.7664e-01  2.9793e-01  3.1668e-01  3.3707e-01  2.7530e-01
   692.51     14.4402  2.7763e-01  2.9884e-01  3.1768e-01  3.3773e-01  2.7643e-01
   691.01     14.4715  2.7872e-01  2.9978e-01  3.1877e-01  3.3852e-01  2.7762e-01
   689.51     14.5030  2.7980e-01  3.0088e-01  3.1973e-01  3.3949e-01  2.7883e-01
   688.01     14.5346  2.8100e-01  3.0226e-01  3.2092e-01  3.4069e-01  2.8008e-01
   686.51     14.5664  2.8226e-01  3.0393e-01  3.2257e-01  3.4233e-01  2.8137e-01
   685.01     14.5983  2.8358e-01  3.0566e-01  3.2434e-01  3.4436e-01  2.8268e-01
   683.51     14.6303  2.8509e-01  3.0725e-01  3.2603e-01  3.4642e-01  2.8401e-01
   682.01     14.6625  2.8666e-01  3.0873e-01  3.2773e-01  3.4823e-01  2.8538e-01
   680.51     14.6948  2.8821e-01  3.1020e-01  3.2948e-01  3.4986e-01  2.8678e-01
   679.01     14.7273  2.8965e-01  3.1173e-01  3.3120e-01  3.5147e-01  2.8822e-01
   677.51     14.7599  2.9108e-01  3.1348e-01  3.3298e-01  3.5317e-01  2.8969e-01
   676.01     14.7926  2.9284e-01  3.1538e-01  3.3489e-01  3.5499e-01  2.9119e-01
   674.51     14.8255  2.9468e-01  3.1708e-01  3.3671e-01  3.5687e-01  2.9274e-01
   673.01     14.8586  2.9649e-01  3.1871e-01  3.3854e-01  3.5916e-01  2.9433e-01
   671.51     14.8918  2.9837e-01  3.2066e-01  3.4053e-01  3.6179e-01  2.9599e-01
   670.01     14.9251  2.9983e-01  3.2246e-01  3.4219e-01  3.6354e-01  2.9772e-01
   668.51     14.9586  3.0060e-01  3.2371e-01  3.4331e-01  3.6396e-01  2.9955e-01
   667.01     14.9922  3.0238e-01  3.2581e-01  3.4577e-01  3.6621e-01  3.0147e-01
   665.51     15.0260  3.0534e-01  3.2877e-01  3.4920e-01  3.7037e-01  3.0350e-01
   664.01     15.0600  3.0801e-01  3.3134e-01  3.5207e-01  3.7375e-01  3.0557e-01
   662.51     15.0941  3.1021e-01  3.3371e-01  3.5444e-01  3.7620e-01  3.0771e-01
   661.01     15.1283  3.1226e-01  3.3637e-01  3.5691e-01  3.7863e-01  3.0994e-01
   659.51     15.1627  3.1429e-01  3.3896e-01  3.5956e-01  3.8145e-01  3.1223e-01
   658.01     15.1973  3.1651e-01  3.4123e-01  3.6223e-01  3.8468e-01  3.1463e-01
   656.51     15.2320  3.1910e-01  3.4360e-01  3.6495e-01  3.8816e-01  3.1713e-01
   655.01     15.2669  3.2182e-01  3.4610e-01  3.6764e-01  3.9146e-01  3.1976e-01
   653.51     15.3020  3.2448e-01  3.4876e-01  3.7049e-01  3.9466e-01  3.2249e-01
   652.01     15.3372  3.2717e-01  3.5167e-01  3.7373e-01  3.9812e-01  3.2531e-01
   650.51     15.3725  3.2993e-01  3.5474e-01  3.7719e-01  4.0184e-01  3.2822e-01
   649.01     15.4081  3.3283e-01  3.5809e-01  3.8081e-01  4.0600e-01  3.3122e-01
   647.51     15.4438  3.3591e-01  3.6167e-01  3.8473e-01  4.1070e-01  3.3430e-01
   646.01     15.4796  3.3914e-01  3.6545e-01  3.8902e-01  4.1569e-01  3.3751e-01
   644.51     15.5157  3.4263e-01  3.6951e-01  3.9345e-01  4.2079e-01  3.4087e-01
   643.01     15.5519  3.4645e-01  3.7378e-01  3.9781e-01  4.2601e-01  3.4440e-01
   641.51     15.5882  3.5044e-01  3.7816e-01  4.0240e-01  4.3142e-01  3.4814e-01
   640.01     15.6248  3.5463e-01  3.8265e-01  4.0735e-01  4.3710e-01  3.5210e-01
   638.51     15.6615  3.5908e-01  3.8727e-01  4.1256e-01  4.4290e-01  3.5630e-01
   637.01     15.6984  3.6383e-01  3.9218e-01  4.1802e-01  4.4859e-01  3.6074e-01
   635.51     15.7354  3.6892e-01  3.9756e-01  4.2389e-01  4.5460e-01  3.6542e-01
   634.01     15.7726  3.7420e-01  4.0341e-01  4.3022e-01  4.6133e-01  3.7038e-01
   632.51     15.8100  3.7978e-01  4.0978e-01  4.3682e-01  4.6863e-01  3.7561e-01
   631.01     15.8476  3.8581e-01  4.1650e-01  4.4369e-01  4.7616e-01  3.8113e-01
   629.51     15.8854  3.9230e-01  4.2339e-01  4.5103e-01  4.8401e-01  3.8693e-01
   628.01     15.9233  3.9945e-01  4.3058e-01  4.5894e-01  4.9264e-01  3.9308e-01
   626.51     15.9615  4.0689e-01  4.3831e-01  4.6717e-01  5.0171e-01  3.9957e-01
   625.01     15.9998  4.1445e-01  4.4683e-01  4.7582e-01  5.1097e-01  4.0644e-01
   623.51     16.0383  4.2263e-01  4.5609e-01  4.8526e-01  5.2087e-01  4.1372e-01
   622.01     16.0770  4.3132e-01  4.6558e-01  4.9524e-01  5.3132e-01  4.2141e-01
   620.51     16.1158  4.4073e-01  4.7537e-01  5.0570e-01  5.4231e-01  4.2951e-01
   619.01     16.1549  4.5065e-01  4.8561e-01  5.1647e-01  5.5363e-01  4.3805e-01
   617.51     16.1941  4.6068e-01  4.9619e-01  5.2741e-01  5.6518e-01  4.4698e-01
   616.01     16.2336  4.7107e-01  5.0707e-01  5.3875e-01  5.7702e-01  4.5628e-01
   614.51     16.2732  4.8142e-01  5.1797e-01  5.5005e-01  5.8850e-01  4.6596e-01
   613.01     16.3130  4.9228e-01  5.2936e-01  5.6181e-01  6.0023e-01  4.7598e-01
   611.51     16.3530  5.0377e-01  5.4094e-01  5.7387e-01  6.1228e-01  4.8632e-01
   610.01     16.3932  5.1526e-01  5.5199e-01  5.8538e-01  6.2384e-01  4.9694e-01
   608.51     16.4337  5.2709e-01  5.6335e-01  5.9700e-01  6.3534e-01  5.0783e-01
   607.01     16.4743  5.3918e-01  5.7534e-01  6.0894e-01  6.4689e-01  5.1892e-01
   605.51     16.5151  5.5141e-01  5.8775e-01  6.2108e-01  6.5866e-01  5.3015e-01
   604.01     16.5561  5.6377e-01  6.0026e-01  6.3330e-01  6.7085e-01  5.4147e-01
   602.51     16.5973  5.7586e-01  6.1219e-01  6.4496e-01  6.8245e-01  5.5282e-01
   601.01     16.6388  5.8820e-01  6.2411e-01  6.5648e-01  6.9332e-01  5.6410e-01
   599.51     16.6804  6.0084e-01  6.3609e-01  6.6795e-01  7.0385e-01  5.7525e-01
   598.01     16.7222  6.1310e-01  6.4757e-01  6.7897e-01  7.1397e-01  5.8620e-01
   596.51     16.7643  6.2535e-01  6.5908e-01  6.8989e-01  7.2398e-01  5.9688e-01
   595.01     16.8065  6.3786e-01  6.7056e-01  7.0062e-01  7.3376e-01  6.0720e-01
   593.51     16.8490  6.5055e-01  6.8197e-01  7.1115e-01  7.4317e-01  6.1703e-01
   592.01     16.8917  6.6357e-01  6.9353e-01  7.2191e-01  7.5241e-01  6.2619e-01
   590.51     16.9346  6.7596e-01  7.0462e-01  7.3240e-01  7.6140e-01  6.3448e-01
   589.01     16.9778  6.8697e-01  7.1514e-01  7.4228e-01  7.6997e-01  6.4164e-01
   587.51     17.0211  6.9741e-01  7.2533e-01  7.5160e-01  7.7797e-01  6.4733e-01
   586.01     17.0647  7.0706e-01  7.3455e-01  7.5989e-01  7.8502e-01  6.5125e-01
   584.51     17.1085  7.1537e-01  7.4225e-01  7.6693e-01  7.9122e-01  6.5309e-01
   583.01     17.1525  7.2189e-01  7.4800e-01  7.7246e-01  7.9631e-01  6.5254e-01
   581.51     17.1967  7.2563e-01  7.5126e-01  7.7583e-01  7.9940e-01  6.4939e-01
   580.01     17.2412  7.2656e-01  7.5209e-01  7.7710e-01  8.0049e-01  6.4356e-01
   578.51     17.2859  7.2394e-01  7.4949e-01  7.7515e-01  7.9848e-01  6.3504e-01
   577.00     17.3309  7.1717e-01  7.4273e-01  7.6902e-01  7.9251e-01  6.2396e-01
   575.50     17.3760  7.0650e-01  7.3246e-01  7.5896e-01  7.8280e-01  6.1067e-01
   574.00     17.4215  6.9111e-01  7.1808e-01  7.4434e-01  7.6844e-01  5.9556e-01
   572.50     17.4671  6.7267e-01  6.9994e-01  7.2594e-01  7.5005e-01  5.7919e-01
   571.00     17.5130  6.5241e-01  6.7863e-01  7.0457e-01  7.2829e-01  5.6212e-01
   569.50     17.5591  6.3001e-01  6.5503e-01  6.8059e-01  7.0350e-01  5.4494e-01
   568.00     17.6055  6.0704e-01  6.3130e-01  6.5577e-01  6.7804e-01  5.2816e-01
   566.50     17.6521  5.8407e-01  6.0774e-01  6.3066e-01  6.5271e-01  5.1220e-01
   565.00     17.6990  5.6256e-01  5.8531e-01  6.0701e-01  6.2849e-01  4.9733e-01
   563.50     17.7461  5.4344e-01  5.6492e-01  5.8604e-01  6.0614e-01  4.8371e-01
   562.00     17.7935  5.2577e-01  5.4604e-01  5.6700e-01  5.8551e-01  4.7140e-01
   560.50     17.8411  5.1040e-01  5.2950e-01  5.5041e-01  5.6768e-01  4.6041e-01
   559.00     17.8890  4.9674e-01  5.1489e-01  5.3574e-01  5.5226e-01  4.5064e-01
   557.50     17.9371  4.8435e-01  5.0217e-01  5.2263e-01  5.3906e-01  4.4202e-01
   556.00     17.9855  4.7350e-01  4.9133e-01  5.1112e-01  5.2793e-01  4.3443e-01
   554.50     18.0342  4.6378e-01  4.8152e-01  5.0083e-01  5.1788e-01  4.2778e-01
   553.00     18.0831  4.5549e-01  4.7307e-01  4.9219e-01  5.0889e-01  4.2198e-01
   551.50     18.1323  4.4849e-01  4.6590e-01  4.8476e-01  5.0098e-01  4.1693e-01
   550.00     18.1817  4.4232e-01  4.5947e-01  4.7798e-01  4.9399e-01  4.1252e-01
   548.50     18.2314  4.3694e-01  4.5366e-01  4.7219e-01  4.8803e-01  4.0870e-01
   547.00     18.2814  4.3182e-01  4.4818e-01  4.6692e-01  4.8243e-01  4.0537e-01
   545.50     18.3317  4.2687e-01  4.4334e-01  4.6198e-01  4.7730e-01  4.0246e-01
   544.00     18.3823  4.2264e-01  4.3937e-01  4.5747e-01  4.7305e-01  3.9989e-01
   542.50     18.4331  4.1905e-01  4.3562e-01  4.5327e-01  4.6917e-01  3.9762e-01
   541.00     18.4842  4.1580e-01  4.3191e-01  4.4945e-01  4.6516e-01  3.9559e-01
   539.50     18.5356  4.1295e-01  4.2861e-01  4.4605e-01  4.6117e-01  3.9378e-01
   538.00     18.5873  4.1034e-01  4.2567e-01  4.4317e-01  4.5756e-01  3.9216e-01
   536.50     18.6393  4.0792e-01  4.2295e-01  4.4070e-01  4.5448e-01  3.9070e-01
   535.00     18.6915  4.0588e-01  4.2063e-01  4.3801e-01  4.5177e-01  3.8935e-01
   533.50     18.7441  4.0402e-01  4.1862e-01  4.3520e-01  4.4921e-01  3.8812e-01
   532.00     18.7969  4.0224e-01  4.1660e-01  4.3304e-01  4.4678e-01  3.8699e-01
   530.50     18.8501  4.0055e-01  4.1445e-01  4.3128e-01  4.4437e-01  3.8597e-01
   529.00     18.9035  3.9915e-01  4.1254e-01  4.2931e-01  4.4217e-01  3.8503e-01
   527.50     18.9573  3.9791e-01  4.1099e-01  4.2723e-01  4.4012e-01  3.8419e-01
   526.00     19.0114  3.9623e-01  4.0949e-01  4.2542e-01  4.3812e-01  3.8346e-01
   524.50     19.0657  3.9477e-01  4.0813e-01  4.2436e-01  4.3670e-01  3.8283e-01
   523.00     19.1204  3.9397e-01  4.0689e-01  4.2346e-01  4.3568e-01  3.8228e-01
   521.50     19.1754  3.9333e-01  4.0554e-01  4.2200e-01  4.3447e-01  3.8182e-01
   520.00     19.2307  3.9287e-01  4.0431e-01  4.2050e-01  4.3341e-01  3.8147e-01
   518.50     19.2864  3.9200e-01  4.0321e-01  4.1937e-01  4.3244e-01  3.8123e-01
   517.00     19.3423  3.9070e-01  4.0242e-01  4.1874e-01  4.3140e-01  3.8105e-01
   515.50     19.3986  3.8976e-01  4.0210e-01  4.1831e-01  4.3045e-01  3.8091e-01
   514.00     19.4552  3.8915e-01  4.0189e-01  4.1766e-01  4.2958e-01  3.8075e-01
   512.50     19.5122  3.8916e-01  4.0201e-01  4.1722e-01  4.2912e-01  3.8054e-01
   511.00     19.5695  3.8943e-01  4.0198e-01  4.1684e-01  4.2861e-01  3.8027e-01
   509.50     19.6271  3.8958e-01  4.0129e-01  4.1628e-01  4.2792e-01  3.7998e-01
   508.00     19.6850  3.8986e-01  4.0057e-01  4.1607e-01  4.2752e-01  3.7973e-01
   506.50     19.7433  3.8969e-01  4.0035e-01  4.1627e-01  4.2750e-01  3.7957e-01
   505.00     19.8020  3.8958e-01  4.0091e-01  4.1676e-01  4.2819e-01  3.7956e-01
   503.50     19.8610  3.8975e-01  4.0187e-01  4.1701e-01  4.2893e-01  3.7969e-01
   502.00     19.9203  3.8985e-01  4.0266e-01  4.1703e-01  4.2912e-01  3.7996e-01
   500.50     19.9801  3.9036e-01  4.0379e-01  4.1782e-01  4.2987e-01  3.8034e-01
   499.00     20.0401  3.9121e-01  4.0477e-01  4.1875e-01  4.3092e-01  3.8078e-01
   497.50     20.1005  3.9219e-01  4.0488e-01  4.1912e-01  4.3100e-01  3.8129e-01
   496.00     20.1613  3.9330e-01  4.0461e-01  4.1938e-01  4.3057e-01  3.8184e-01
   494.50     20.2225  3.9431e-01  4.0513e-01  4.2018e-01  4.3085e-01  3.8244e-01
   493.00     20.2840  3.9530e-01  4.0665e-01  4.2161e-01  4.3190e-01  3.8312e-01
   491.50     20.3459  3.9638e-01  4.0816e-01  4.2324e-01  4.3338e-01  3.8391e-01
   490.00     20.4082  3.9738e-01  4.0960e-01  4.2470e-01  4.3532e-01  3.8481e-01
   488.50     20.4709  3.9857e-01  4.1145e-01  4.2595e-01  4.3748e-01  3.8584e-01
   487.00     20.5340  4.0017e-01  4.1301e-01  4.2689e-01  4.3925e-01  3.8699e-01
   485.50     20.5974  4.0205e-01  4.1432e-01  4.2813e-01  4.4071e-01  3.8830e-01
   484.00     20.6612  4.0409e-01  4.1613e-01  4.3026e-01  4.4270e-01  3.8974e-01
   482.50     20.7255  4.0601e-01  4.1837e-01  4.3297e-01  4.4535e-01  3.9124e-01
   481.00     20.7901  4.0799e-01  4.2085e-01  4.3572e-01  4.4795e-01  3.9275e-01
   479.50     20.8552  4.1063e-01  4.2338e-01  4.3849e-01  4.5053e-01  3.9426e-01
   478.00     20.9206  4.1338e-01  4.2566e-01  4.4156e-01  4.5321e-01  3.9582e-01
   476.50     20.9865  4.1649e-01  4.2731e-01  4.4497e-01  4.5599e-01  3.9744e-01
   475.00     21.0527  4.2007e-01  4.2897e-01  4.4808e-01  4.5914e-01  3.9920e-01
   473.50     21.1194  4.2310e-01  4.3223e-01  4.5043e-01  4.6311e-01  4.0118e-01
   472.00     21.1866  4.2554e-01  4.3735e-01  4.5323e-01  4.6751e-01  4.0345e-01
   470.50     21.2541  4.2772e-01  4.4184e-01  4.5680e-01  4.7145e-01  4.0594e-01
   469.00     21.3221  4.3022e-01  4.4474e-01  4.6060e-01  4.7511e-01  4.0853e-01
   467.50     21.3905  4.3384e-01  4.4836e-01  4.6473e-01  4.7931e-01  4.1117e-01
   466.00     21.4594  4.3770e-01  4.5361e-01  4.6906e-01  4.8393e-01  4.1377e-01
   464.50     21.5287  4.4188e-01  4.5894e-01  4.7349e-01  4.8876e-01  4.1632e-01
   463.00     21.5984  4.4654e-01  4.6288e-01  4.7770e-01  4.9341e-01  4.1887e-01
   461.50     21.6686  4.5113e-01  4.6564e-01  4.8157e-01  4.9771e-01  4.2154e-01
   460.00     21.7393  4.5607e-01  4.6867e-01  4.8595e-01  5.0242e-01  4.2436e-01
   458.50     21.8104  4.6034e-01  4.7231e-01  4.9113e-01  5.0762e-01  4.2738e-01
   457.00     21.8820  4.6377e-01  4.7732e-01  4.9748e-01  5.1331e-01  4.3056e-01
   455.50     21.9541  4.6734e-01  4.8300e-01  5.0359e-01  5.1885e-01  4.3372e-01
   454.00     22.0266  4.7072e-01  4.8706e-01  5.0763e-01  5.2330e-01  4.3665e-01
   452.50     22.0997  4.7480e-01  4.9045e-01  5.1074e-01  5.2722e-01  4.3923e-01
   451.00     22.1732  4.7828e-01  4.9384e-01  5.1372e-01  5.3040e-01  4.4141e-01
   449.50     22.2472  4.8204e-01  4.9713e-01  5.1724e-01  5.3318e-01  4.4317e-01
   448.00     22.3217  4.8496e-01  4.9988e-01  5.2093e-01  5.3657e-01  4.4453e-01
   446.50     22.3967  4.8773e-01  5.0188e-01  5.2332e-01  5.4006e-01  4.4556e-01
   445.00     22.4722  4.9034e-01  5.0396e-01  5.2439e-01  5.4309e-01  4.4632e-01
   443.49     22.5482  4.9265e-01  5.0578e-01  5.2506e-01  5.4532e-01  4.4679e-01
   441.99     22.6247  4.9395e-01  5.0712e-01  5.2582e-01  5.4616e-01  4.4699e-01
   440.49     22.7017  4.9348e-01  5.0787e-01  5.2685e-01  5.4604e-01  4.4687e-01
   438.99     22.7793  4.9170e-01  5.0715e-01  5.2731e-01  5.4500e-01  4.4638e-01
   437.49     22.8574  4.8916e-01  5.0510e-01  5.2749e-01  5.4373e-01  4.4557e-01
   435.99     22.9361  4.8577e-01  5.0254e-01  5.2754e-01  5.4311e-01  4.4450e-01
   434.49     23.0153  4.8202e-01  4.9990e-01  5.2655e-01  5.4275e-01  4.4316e-01
   432.99     23.0950  4.7855e-01  4.9772e-01  5.2446e-01  5.4170e-01  4.4155e-01
   431.49     23.1753  4.7550e-01  4.9558e-01  5.2100e-01  5.3908e-01  4.3963e-01
   429.99     23.2561  4.7300e-01  4.9340e-01  5.1764e-01  5.3614e-01  4.3741e-01
   428.49     23.3376  4.7091e-01  4.9140e-01  5.1609e-01  5.3482e-01  4.3492e-01
   426.99     23.4195  4.6873e-01  4.8913e-01  5.1524e-01  5.3373e-01  4.3222e-01
   425.49     23.5021  4.6667e-01  4.8692e-01  5.1362e-01  5.3234e-01  4.2937e-01
   423.99     23.5853  4.6501e-01  4.8516e-01  5.1178e-01  5.3147e-01  4.2660e-01
   422.49     23.6690  4.6313e-01  4.8313e-01  5.0937e-01  5.3082e-01  4.2403e-01
   420.99     23.7533  4.6092e-01  4.8073e-01  5.0739e-01  5.2943e-01  4.2172e-01
   419.49     23.8383  4.5925e-01  4.7886e-01  5.0551e-01  5.2794e-01  4.1965e-01
   417.99     23.9238  4.5810e-01  4.7759e-01  5.0378e-01  5.2613e-01  4.1778e-01
   416.49     24.0100  4.5664e-01  4.7602e-01  5.0196e-01  5.2384e-01  4.1600e-01
   414.99     24.0968  4.5456e-01  4.7381e-01  4.9951e-01  5.2107e-01  4.1420e-01
   413.49     24.1842  4.5217e-01  4.7129e-01  4.9674e-01  5.1804e-01  4.1238e-01
   411.99     24.2723  4.4995e-01  4.6895e-01  4.9418e-01  5.1526e-01  4.1059e-01
   410.49     24.3610  4.4785e-01  4.6674e-01  4.9177e-01  5.1267e-01  4.0886e-01
   408.99     24.4503  4.4549e-01  4.6426e-01  4.8910e-01  5.0981e-01  4.0726e-01
   407.49     24.5403  4.4312e-01  4.6177e-01  4.8640e-01  5.0693e-01  4.0585e-01
   405.99     24.6310  4.4108e-01  4.5962e-01  4.8408e-01  5.0446e-01  4.0463e-01
   404.49     24.7224  4.3910e-01  4.5755e-01  4.8183e-01  5.0208e-01  4.0358e-01
   402.99     24.8144  4.3710e-01  4.5545e-01  4.7957e-01  4.9968e-01  4.0266e-01
   401.49     24.9071  4.3517e-01  4.5342e-01  4.7738e-01  4.9736e-01  4.0183e-01
   399.99     25.0005  4.3326e-01  4.5142e-01  4.7521e-01  4.9507e-01  4.0108e-01
