occ,year,lat,alt,tau874,tau400
sr101445,2022.4435318275155,22.07,18.3,0.17202685059131928,0.1338247893938645
sr101445,2022.4435318275155,22.07,18.5,0.15231953783599542,0.1090478161191787
sr101445,2022.4435318275155,22.07,18.8,0.11503459402222714,0.07477624839807719
sr101445,2022.4435318275155,22.07,19.3,0.1120037080638262,0.07324822636712335
sr101445,2022.4435318275155,22.07,19.9,0.10587358280982627,0.06955586119167925
sr101445,2022.4435318275155,22.07,20.4,0.10074260058547296,0.06150114328868394
sr101445,2022.4435318275155,22.07,20.8,0.0946554344968219,0.057673067910082164
sr101445,2022.4435318275155,22.07,21.4,0.09013753706736588,0.05715632043796521
sr101445,2022.4435318275155,22.07,22.0,0.08262893339355894,0.051086588248492035
sr101445,2022.4435318275155,22.07,22.7,0.08030795520966513,0.04752641646085978
sr101445,2022.4435318275155,22.07,23.3,0.06907977669167083,0.039725256137559936
sr101445,2022.4435318275155,22.07,24.1,0.06050950170342599,0.033102013082632345
sr101445,2022.4435318275155,22.07,25.0,0.04580523296242742,0.023996819599982344
sr101445,2022.4435318275155,22.07,26.0,0.03363023107265221,0.016303620784174733
sr101445,2022.4435318275155,22.07,26.9,0.025318405078485238,0.016183604518443476
sr101445,2022.4435318275155,22.07,28.1,0.021235009515959236,0.0081337490790166
sr101445,2022.4435318275155,22.07,29.1,0.016590538551132922,0.008378618669788212
sr101445,2022.4435318275155,22.07,30.0,0.01229053649626296,0.004078339098426885
sr101445,2022.4435318275155,22.07,31.2,0.009314740308638882,0.004392419825438385
sr101445,2022.4435318275155,22.07,32.5,0.00969387565561365,0.0028042197321404097
sr101445,2022.4435318275155,22.07,33.8,0.0043611317591001975,-0.0013069990528907368
sr102647,2022.6647501711157,20.46,10.6,0.28099401125400636,0.16644878598428853
sr102647,2022.6647501711157,20.46,11.6,0.30535682875207765,0.2006258808959685
sr102647,2022.6647501711157,20.46,12.7,0.4371396380765103,0.33187838291146565
sr102647,2022.6647501711157,20.46,14.3,0.33515859892115235,0.2533110049714531
sr102647,2022.6647501711157,20.46,15.6,0.1153909583309718,0.056230781123676764
sr102647,2022.6647501711157,20.46,17.0,0.09160311581452375,0.038926362192324614
sr102647,2022.6647501711157,20.46,18.7,0.07935902542362744,0.035043793373848754
sr102647,2022.6647501711157,20.46,20.7,0.06892897531406965,0.034608879537245105
sr102647,2022.6647501711157,20.46,22.9,0.05702076472578726,0.031195617011288614
sr102647,2022.6647501711157,20.46,25.1,0.03687903723100606,0.01991303130531681
sr102647,2022.6647501711157,20.46,27.2,0.020972877802274418,0.010844898453348174
sr102647,2022.6647501711157,20.46,29.5,0.012313979633025766,0.00495849523740225
sr102647,2022.6647501711157,20.46,32.0,0.008717706353643422,0.0007681084358986742
sr102647,2022.6647501711157,20.46,34.8,0.004374042525032757,0.0018920367086180296
sr102647,2022.6647501711157,20.46,9.7,0.2652794222640823,nan
sr102648,2022.6647501711157,20.83,18.6,0.1760294288150731,0.12927213759919098
sr102648,2022.6647501711157,20.83,19.4,0.11194174115884997,0.0693455121596694
sr102648,2022.6647501711157,20.83,20.5,0.09591494161922634,0.05802576499598463
sr102648,2022.6647501711157,20.83,21.7,0.08561645271267031,0.05163992199415901
sr102648,2022.6647501711157,20.83,23.1,0.07725737863974957,0.044272828093758716
sr102648,2022.6647501711157,20.83,24.9,0.05121281253858204,0.027524039295167325
sr102648,2022.6647501711157,20.83,27.1,0.025914180821959888,0.012751846426197616
sr102648,2022.6647501711157,20.83,29.2,0.015985501867837093,0.008177620554873576
sr102648,2022.6647501711157,20.83,31.6,0.0066308390025649104,0.002538396811357597
sr102648,2022.6647501711157,20.83,34.4,0.005279635446319287,-0.0012414320075392153
sr102649,2022.6674880219027,21.19,10.7,1.567714982278262,1.4488223018074002
sr102649,2022.6674880219027,21.19,12.4,1.9069863028793397,1.7741113240782564
sr102649,2022.6674880219027,21.19,15.3,1.4603955464248484,1.3087560475694486
sr102649,2022.6674880219027,21.19,16.6,0.2982493468332545,0.21249487628920105
sr102649,2022.6674880219027,21.19,18.3,0.09854234011133989,0.049627897652418124
sr102649,2022.6674880219027,21.19,19.9,0.08678125383363089,0.049758272627172924
sr102649,2022.6674880219027,21.19,21.3,0.08171949572498031,0.04683698897469741
sr102649,2022.6674880219027,21.19,23.3,0.07405591117558488,0.044363595419548305
sr102649,2022.6674880219027,21.19,25.6,0.04295328998581093,0.020097924163621234
sr102649,2022.6674880219027,21.19,27.8,0.021636619231747485,0.008500629969403702
sr102649,2022.6674880219027,21.19,30.2,0.012479333481162643,0.003914991847476261
sr102649,2022.6674880219027,21.19,32.6,0.005504431290547506,0.001415242273401863
sr102650,2022.6674880219027,21.54,10.7,0.22008706650155102,0.12361179340811147
sr102650,2022.6674880219027,21.54,11.8,0.17242322848101405,0.08743140421144151
sr102650,2022.6674880219027,21.54,13.3,0.13914474356486914,0.08067063586251666
sr102650,2022.6674880219027,21.54,14.5,0.12196326992387604,0.05346363024039875
sr102650,2022.6674880219027,21.54,15.7,0.10961954282211712,0.0480924439376514
sr102650,2022.6674880219027,21.54,17.3,0.09567109636020348,0.042533617415907464
sr102650,2022.6674880219027,21.54,18.9,0.08169918641889218,0.038841385984348956
sr102650,2022.6674880219027,21.54,20.9,0.07957393599470602,0.042875906487154815
sr102650,2022.6674880219027,21.54,23.1,0.07310082634152726,0.04203246511712212
sr102650,2022.6674880219027,21.54,25.4,0.04885261246928647,0.021825672362267956
sr102650,2022.6674880219027,21.54,27.5,0.024337629883355204,0.0108296016374846
sr102650,2022.6674880219027,21.54,29.9,0.013520282494383801,0.005187631003896965
sr102650,2022.6674880219027,21.54,32.5,0.005976979776177835,0.0016966947340793033
sr102650,2022.6674880219027,21.54,9.6,0.33085546081446177,nan
sr108040,2023.6647501711157,22.35,14.3,0.32170996130306956,0.24531114018359712
sr108040,2023.6647501711157,22.35,15.0,0.44722133602398806,0.3731045205984664
sr108040,2023.6647501711157,22.35,16.0,0.5940611546068507,0.5361005317606553
sr108040,2023.6647501711157,22.35,17.6,0.3028637003903644,0.2444778607569786
sr108040,2023.6647501711157,22.35,19.4,0.0738393488515765,0.04256071661295179
sr108040,2023.6647501711157,22.35,20.9,0.05798677760320095,0.033738057655572674
sr108040,2023.6647501711157,22.35,22.4,0.042667426665110114,0.02352547522234447
sr108040,2023.6647501711157,22.35,24.2,0.03365470369687481,0.0164518758347111
sr108040,2023.6647501711157,22.35,26.4,0.022836807017431723,0.0155967611434427
sr108040,2023.6647501711157,22.35,28.8,0.01574839726443634,0.008090986219468214
sr108040,2023.6647501711157,22.35,31.2,0.013983780569318406,0.005572364826862479
sr108040,2023.6647501711157,22.35,34.0,0.002881033861991414,0.0034645753937014878
sr108041,2023.6674880219027,22.69,10.8,0.2802896000100189,0.1455281970885127
sr108041,2023.6674880219027,22.69,11.7,0.3250109975339461,0.20255064889832508
sr108041,2023.6674880219027,22.69,13.2,0.8710133003704433,0.7752054130635242
sr108041,2023.6674880219027,22.69,15.2,0.4255571837904869,0.3562424976875075
sr108041,2023.6674880219027,22.69,16.5,0.0974779713675175,0.04295506019324378
sr108041,2023.6674880219027,22.69,18.2,0.07719974936467065,0.03512129596216335
sr108041,2023.6674880219027,22.69,19.8,0.06418731277400497,0.03284297770235301
sr108041,2023.6674880219027,22.69,21.7,0.05023467211886889,0.026436823228027966
sr108041,2023.6674880219027,22.69,23.9,0.035839251079046286,0.01997211228052903
sr108041,2023.6674880219027,22.69,26.2,0.02229826217396723,0.012515628725378794
sr108041,2023.6674880219027,22.69,28.5,0.019294555186675385,0.008101994113980908
sr108041,2023.6674880219027,22.69,31.0,0.011576264979614295,0.005497285034164145
sr108041,2023.6674880219027,22.69,33.8,0.0050112888930057995,-2.0749849236351283e-05
sr108041,2023.6674880219027,22.69,9.7,0.3356611218637456,nan
sr108042,2023.6674880219027,23.04,10.6,0.20269983829923,nan
sr108042,2023.6674880219027,23.04,11.5,0.17676954258780672,0.07821332204408953
sr108042,2023.6674880219027,23.04,12.7,0.1469078796764188,0.061374256760012236
sr108042,2023.6674880219027,23.04,14.0,0.1273127394486433,0.04817606709306428
sr108042,2023.6674880219027,23.04,15.3,0.10455556360756205,0.041805239676147125
sr108042,2023.6674880219027,23.04,16.8,0.0854934779451197,0.03685650524493613
sr108042,2023.6674880219027,23.04,18.5,0.07417955230526338,0.03276526789113239
sr108042,2023.6674880219027,23.04,20.6,0.057673421727865326,0.030068254385737396
sr108042,2023.6674880219027,23.04,22.9,0.040461111903165245,0.021154012891021354
sr108042,2023.6674880219027,23.04,25.2,0.0286746289712914,0.013480679296043048
sr108042,2023.6674880219027,23.04,27.4,0.01780522032230668,0.008695986861944421
sr108042,2023.6674880219027,23.04,29.8,0.012269256106567459,0.004946055299829531
sr108042,2023.6674880219027,23.04,32.4,0.007711414005728296,0.0023434605341147363
sr108042,2023.6674880219027,23.04,9.1,0.27285507083240534,nan
sr108042,2023.6674880219027,23.04,9.8,0.23187528216205688,nan
sr112218,2024.438056125941,24.47,10.4,0.4530259509777521,nan
sr112218,2024.438056125941,24.47,10.8,0.339900515827305,0.22732907896275623
sr112218,2024.438056125941,24.47,11.3,0.26043777314412786,0.14244860552881874
sr112218,2024.438056125941,24.47,11.5,0.23594548394470005,0.12251847888677524
sr112218,2024.438056125941,24.47,11.9,0.224609705384672,0.11028493084274628
sr112218,2024.438056125941,24.47,12.4,0.22298846438247627,0.1063391674731209
sr112218,2024.438056125941,24.47,12.9,0.2269435523899713,0.10376478843961
sr112218,2024.438056125941,24.47,13.2,0.22446797151324457,0.10426235964557108
sr112218,2024.438056125941,24.47,13.5,0.2217784293506727,0.09970905063006293
sr112218,2024.438056125941,24.47,13.7,0.25334382325345534,0.1310467996122172
sr112218,2024.438056125941,24.47,13.8,0.45947667444109386,0.35140739839246116
sr112218,2024.438056125941,24.47,14.9,1.2414109731557659,1.1645044848362514
sr112218,2024.438056125941,24.47,17.2,0.46866250255829595,0.3839439409854036
sr112218,2024.438056125941,24.47,18.7,0.19310303562492945,0.10496677182309774
sr112218,2024.438056125941,24.47,19.4,0.20228096595576864,0.11194043928657577
sr112218,2024.438056125941,24.47,19.9,0.18640429825204394,0.1052145257413959
sr112218,2024.438056125941,24.47,20.1,0.17268929176588338,0.09270612491957837
sr112218,2024.438056125941,24.47,20.5,0.14360151280071656,0.07836834252811152
sr112218,2024.438056125941,24.47,21.4,0.09377279265646322,0.04849199473280862
sr112218,2024.438056125941,24.47,22.3,0.05211428499233856,0.02851226227719208
sr112218,2024.438056125941,24.47,23.3,0.044536138804650585,0.022435725078804338
sr112218,2024.438056125941,24.47,23.9,0.036288273147998255,0.018784881242534128
sr112218,2024.438056125941,24.47,24.9,0.032313945864838226,0.01584850894068172
sr112218,2024.438056125941,24.47,26.0,0.025726275669361597,0.01212414920224412
sr112218,2024.438056125941,24.47,27.1,0.02635314769515182,0.0099599250172565
sr112218,2024.438056125941,24.47,28.2,0.019117498920234618,0.008177256167917037
sr112218,2024.438056125941,24.47,29.3,0.014364589990028617,0.006055699501944668
sr112218,2024.438056125941,24.47,30.4,0.008401620983635132,0.003617386181897238
sr112218,2024.438056125941,24.47,31.9,0.010516996911389338,0.003027034203616167
sr112218,2024.438056125941,24.47,33.1,0.006755919249693061,0.0001039330460132331
sr112218,2024.438056125941,24.47,34.6,0.0048525058862595285,-0.0002513824975463933
sr112218,2024.438056125941,24.47,9.0,0.5379642214306316,nan
sr112218,2024.438056125941,24.47,9.7,0.4062219264229112,nan
sr113421,2024.6592744695415,20.54,17.6,0.1688884526939885,0.10589515267259238
sr113421,2024.6592744695415,20.54,18.5,0.14504573294311673,0.0814648073458531
sr113421,2024.6592744695415,20.54,19.3,0.12571266327931396,0.06794374286742431
sr113421,2024.6592744695415,20.54,20.6,0.09872259750120306,0.0551409104072877
sr113421,2024.6592744695415,20.54,22.0,0.06784289314415512,0.03650821933186438
sr113421,2024.6592744695415,20.54,24.0,0.04189724774508589,0.022613676378973588
sr113421,2024.6592744695415,20.54,26.1,0.02802944354030351,0.016835569951305716
sr113421,2024.6592744695415,20.54,28.4,0.019573590457119195,0.009295057934916513
sr113421,2024.6592744695415,20.54,30.8,0.008334132605451483,0.002809180765784698
sr113421,2024.6592744695415,20.54,33.4,0.004537190834129911,0.0014949092072815535
sr113422,2024.6620123203286,20.9,19.3,0.14611256856541105,0.09883146134235894
sr113422,2024.6620123203286,20.9,20.3,0.12893732685653692,0.0777969376854871
sr113422,2024.6620123203286,20.9,21.5,0.09590568029621845,0.055494174706824564
sr113422,2024.6620123203286,20.9,22.8,0.05832454650842865,0.034860186080028555
sr113422,2024.6620123203286,20.9,24.3,0.03550683946093726,0.017764894727366483
sr113422,2024.6620123203286,20.9,26.4,0.023521904661397707,0.012083042827453174
sr113422,2024.6620123203286,20.9,28.6,0.015265833655207723,0.004487527908677966
sr113422,2024.6620123203286,20.9,31.0,0.00573583181040549,0.003277440655605243
sr113422,2024.6620123203286,20.9,33.7,0.005454078314911654,0.0006711465232900755
sr113423,2024.6620123203286,21.25,16.7,1.4628425407750503,1.3378550758284418
sr113423,2024.6620123203286,21.25,17.8,0.32547155256565125,0.2519263249676346
sr113423,2024.6620123203286,21.25,18.8,0.14151616029944603,0.08316414314044906
sr113423,2024.6620123203286,21.25,20.1,0.11545569220988537,0.07194795368658456
sr113423,2024.6620123203286,21.25,21.4,0.08868597817001814,0.05207842506868606
sr113423,2024.6620123203286,21.25,22.8,0.055731053356711385,0.033630591703444755
sr113423,2024.6620123203286,21.25,24.5,0.03562179009289712,0.019165551768024494
sr113423,2024.6620123203286,21.25,26.6,0.027104226269438987,0.011555266292355081
sr113423,2024.6620123203286,21.25,28.8,0.014315754004345083,0.005673639502931503
sr113423,2024.6620123203286,21.25,31.2,0.005442711385130932,0.0033543604528680484
sr113423,2024.6620123203286,21.25,34.1,0.002280738073562744,0.0001525322453546496
sr15174,2006.435318275154,22.37,17.7,0.18075224241215943,0.15267202601569074
sr15174,2006.435318275154,22.37,18.1,0.1606510947915344,0.13243871655904965
sr15174,2006.435318275154,22.37,18.7,0.14021411099631662,0.11890669363894671
sr15174,2006.435318275154,22.37,19.1,0.13292402967817288,0.10716415719156756
sr15174,2006.435318275154,22.37,19.6,0.12938424299719345,0.10651815521311066
sr15174,2006.435318275154,22.37,20.2,0.1258063910492654,0.10582575676891613
sr15174,2006.435318275154,22.37,21.1,0.12002992257979987,0.10222763771114907
sr15174,2006.435318275154,22.37,22.1,0.11812863486891235,0.10238359817365458
sr15174,2006.435318275154,22.37,23.1,0.11281127094890181,0.10032695512686106
sr15174,2006.435318275154,22.37,24.1,0.10950521826849245,0.09903355733084329
sr15174,2006.435318275154,22.37,25.1,0.10428424227009302,0.09556966922040463
sr15174,2006.435318275154,22.37,27.3,0.09622863625635245,0.08910988002914695
sr15174,2006.435318275154,22.37,28.2,0.09035801711148025,0.08644115913725658
sr15174,2006.435318275154,22.37,29.2,0.08798925186254514,0.08367544600395162
sr15174,2006.435318275154,22.37,30.4,0.0869958905640906,0.08319238280417462
sr15174,2006.435318275154,22.37,31.6,0.0850425052175971,0.08212598788378464
sr15174,2006.435318275154,22.37,32.9,0.0831964987179327,0.08124664776111805
sr15174,2006.435318275154,22.37,34.2,0.08444886720587623,0.08051361844052297
sr15175,2006.435318275154,21.6,19.4,0.09630536625479647,0.07936776688173434
sr15175,2006.435318275154,21.6,20.3,0.09795269955291985,0.07820255785271622
sr15175,2006.435318275154,21.6,21.2,0.09207879871100787,0.07713825294947238
sr15175,2006.435318275154,21.6,22.1,0.08822782383390605,0.07509810719304703
sr15175,2006.435318275154,21.6,23.2,0.08536051042002249,0.07362571848153303
sr15175,2006.435318275154,21.6,24.2,0.08460631964186163,0.07066059693279479
sr15175,2006.435318275154,21.6,25.1,0.08013052408484028,0.06982607720460597
sr15175,2006.435318275154,21.6,26.1,0.07469659918113696,0.06521266587907198
sr15175,2006.435318275154,21.6,27.1,0.06956227499493602,0.0632139247383402
sr15175,2006.435318275154,21.6,28.1,0.06574104316634238,0.06079976728858838
sr15175,2006.435318275154,21.6,29.2,0.06259260996248545,0.05970147726325668
sr15175,2006.435318275154,21.6,30.3,0.061874603186493085,0.058547014535850185
sr15175,2006.435318275154,21.6,31.4,0.05918110451195639,0.05808438427406472
sr15175,2006.435318275154,21.6,32.7,0.06355349017323773,0.05329067771133213
sr15175,2006.435318275154,21.6,33.9,0.05720069561616312,0.05524460313386743
sr16389,2006.6592744695415,24.27,15.5,2.135768276989682,2.165094898510181
sr16389,2006.6592744695415,24.27,17.7,0.5385833895034539,0.5148939437599652
sr16389,2006.6592744695415,24.27,18.9,0.07920806364134882,0.04220972464717936
sr16389,2006.6592744695415,24.27,20.7,0.05406393714603895,0.038686108969888916
sr16389,2006.6592744695415,24.27,22.3,0.04146698981139238,0.025729448925085437
sr16389,2006.6592744695415,24.27,24.0,0.029424927416512044,0.018237460910960346
sr16389,2006.6592744695415,24.27,26.1,0.02025574545871064,0.01195070476442013
sr16389,2006.6592744695415,24.27,28.5,0.011747980076771929,0.0076955982391066656
sr16389,2006.6592744695415,24.27,31.1,0.006344724094320186,0.0021712435409752167
sr16389,2006.6592744695415,24.27,34.0,0.005554536917558941,0.0007242567590070667
sr21783,2007.6620123203286,23.71,11.8,1.1985259365911025,1.0778123514978477
sr21783,2007.6620123203286,23.71,14.5,0.18051371392707652,0.11873093090023018
sr21783,2007.6620123203286,23.71,15.0,0.10486035242697805,0.05493890800352143
sr21783,2007.6620123203286,23.71,15.8,0.08235150109540454,0.04255163003552392
sr21783,2007.6620123203286,23.71,17.2,0.07168624643847545,0.03480737785241035
sr21783,2007.6620123203286,23.71,18.9,0.05557698965648018,0.0315755276445541
sr21783,2007.6620123203286,23.71,21.0,0.04875081694354415,0.02720282132250677
sr21783,2007.6620123203286,23.71,23.2,0.03486095606727303,0.02049717568553233
sr21783,2007.6620123203286,23.71,25.5,0.026051597312780363,0.014142489582851754
sr21783,2007.6620123203286,23.71,27.9,0.01662905145936075,0.009371353217909426
sr21783,2007.6620123203286,23.71,30.5,0.010967072257909608,0.004045371006802804
sr21783,2007.6620123203286,23.71,33.3,0.004554405075669705,0.002463058711185345
sr21783,2007.6620123203286,23.71,9.4,0.7014213613777642,nan
sr31359,2009.4407939767282,21.63,18.0,0.27570330433960266,0.2641501188145902
sr31359,2009.4407939767282,21.63,18.4,0.11579500759435482,0.09392601794365417
sr31359,2009.4407939767282,21.63,18.7,0.09457118757635564,0.07148220182800764
sr31359,2009.4407939767282,21.63,19.0,0.07745536095203959,0.054702508735893614
sr31359,2009.4407939767282,21.63,19.4,0.07066508904228452,0.04835320429062917
sr31359,2009.4407939767282,21.63,19.7,0.06320767501736585,0.03989637223431755
sr31359,2009.4407939767282,21.63,20.2,0.05855120449918174,0.038527704861588415
sr31359,2009.4407939767282,21.63,20.7,0.050482374850639174,0.03375784360396076
sr31359,2009.4407939767282,21.63,21.2,0.04788095567477164,0.029603600059467806
sr31359,2009.4407939767282,21.63,21.7,0.04304469605187,0.026188015255866455
sr31359,2009.4407939767282,21.63,22.4,0.03733348644639721,0.02230210632135195
sr31359,2009.4407939767282,21.63,23.1,0.034025956137733425,0.019712623576958327
sr31359,2009.4407939767282,21.63,24.0,0.029331831699640085,0.016968823987086053
sr31359,2009.4407939767282,21.63,25.0,0.026299520646686027,0.01382474715566648
sr31359,2009.4407939767282,21.63,26.0,0.025235084226507137,0.011247217487214512
sr31359,2009.4407939767282,21.63,26.9,0.018449477096990005,0.007956272067308121
sr31359,2009.4407939767282,21.63,28.0,0.01616641632161022,0.009488638861255597
sr31359,2009.4407939767282,21.63,29.2,0.01177051603059729,0.0061643920126962515
sr31359,2009.4407939767282,21.63,30.2,0.007527148201433624,0.004040523447942503
sr31359,2009.4407939767282,21.63,31.4,0.00799045969759803,0.0028811916492733625
sr31359,2009.4407939767282,21.63,32.6,0.006940493097662177,0.003575983375240787
sr31359,2009.4407939767282,21.63,33.8,0.0057575231057985085,0.0022031208637148386
sr31360,2009.4407939767282,20.87,13.0,0.26822309984081044,0.2051638937716324
sr31360,2009.4407939767282,20.87,13.3,0.307859566935219,0.2372009905719069
sr31360,2009.4407939767282,20.87,14.0,0.4070878042176533,0.3372790055007575
sr31360,2009.4407939767282,20.87,14.7,0.5039350906100863,0.4416548937097156
sr31360,2009.4407939767282,20.87,15.7,0.4624454515682901,0.4013845949631189
sr31360,2009.4407939767282,20.87,16.4,0.3524217333425219,0.29818069093467137
sr31360,2009.4407939767282,20.87,17.2,0.2514209135216867,0.21036717330155374
sr31360,2009.4407939767282,20.87,17.8,0.11608572583948877,0.08349863962979238
sr31360,2009.4407939767282,20.87,18.6,0.059037363136578515,0.03125094460369305
sr31360,2009.4407939767282,20.87,19.4,0.056332799282873484,0.027142126094868983
sr31360,2009.4407939767282,20.87,20.2,0.0513603801465217,0.028096873323466758
sr31360,2009.4407939767282,20.87,21.0,0.04631709290764186,0.02567481254650821
sr31360,2009.4407939767282,20.87,21.9,0.039707658852096546,0.02307854265237193
sr31360,2009.4407939767282,20.87,22.7,0.03362435458110481,0.020567665117839588
sr31360,2009.4407939767282,20.87,23.4,0.032484169567484504,0.015883550589743996
sr31360,2009.4407939767282,20.87,24.3,0.028237278656954086,0.015971286605682852
sr31360,2009.4407939767282,20.87,25.2,0.024086905684508726,0.014275336392761755
sr31360,2009.4407939767282,20.87,26.2,0.020616975257491524,0.01166194595349996
sr31360,2009.4407939767282,20.87,27.3,0.015613539559060134,0.00955661708796012
sr31360,2009.4407939767282,20.87,28.4,0.016719466903641414,0.0070968315587504474
sr31360,2009.4407939767282,20.87,29.4,0.013126467855470633,0.005481070174987378
sr31360,2009.4407939767282,20.87,30.2,0.008786974466366481,0.0039042655418612
sr31360,2009.4407939767282,20.87,31.4,0.006019923433916191,0.0005477108371676997
sr31360,2009.4407939767282,20.87,32.7,0.006314682540741518,0.0025861237824515923
sr31360,2009.4407939767282,20.87,34.0,0.0028850686443902523,0.00045453664096803425
sr31361,2009.4407939767282,20.09,10.2,0.20818014646148392,nan
sr31361,2009.4407939767282,20.09,10.5,0.1265072292556601,nan
sr31361,2009.4407939767282,20.09,10.9,0.11895092894082693,0.09056780048238305
sr31361,2009.4407939767282,20.09,11.3,0.11224763491926247,0.07711272570765126
sr31361,2009.4407939767282,20.09,11.7,0.101998361260816,0.06868505922315027
sr31361,2009.4407939767282,20.09,12.2,0.09187167110696176,0.05997487701449476
sr31361,2009.4407939767282,20.09,12.7,0.0883194703526448,0.0528963574700117
sr31361,2009.4407939767282,20.09,13.3,0.08455745414081038,0.04775002980927453
sr31361,2009.4407939767282,20.09,13.8,0.08121691788582147,0.043605099635011454
sr31361,2009.4407939767282,20.09,14.3,0.07881558209464373,0.04198632494611079
sr31361,2009.4407939767282,20.09,14.9,0.07474776829245006,0.03957213019366213
sr31361,2009.4407939767282,20.09,15.4,0.06965379234703409,0.03572281193349701
sr31361,2009.4407939767282,20.09,16.6,0.06147824766591616,0.0331255167952413
sr31361,2009.4407939767282,20.09,17.2,0.06020807834313101,0.03116568811075667
sr31361,2009.4407939767282,20.09,17.9,0.05890874159376058,0.03041158856529838
sr31361,2009.4407939767282,20.09,18.6,0.053302526279586884,0.026747202150207445
sr31361,2009.4407939767282,20.09,19.4,0.050428190276990366,0.02620958058214967
sr31361,2009.4407939767282,20.09,20.3,0.04708679011009447,0.02554818267400145
sr31361,2009.4407939767282,20.09,21.2,0.041479581169082,0.024084575312347783
sr31361,2009.4407939767282,20.09,22.0,0.035719848776366185,0.02114221817074509
sr31361,2009.4407939767282,20.09,22.9,0.032348185498001274,0.018527754875991436
sr31361,2009.4407939767282,20.09,23.9,0.028669629837519868,0.017253288223563146
sr31361,2009.4407939767282,20.09,24.9,0.02385441448074386,0.014287379975571286
sr31361,2009.4407939767282,20.09,25.8,0.02153094873360344,0.012113345973981636
sr31361,2009.4407939767282,20.09,26.7,0.018341481969114212,0.009949564749913115
sr31361,2009.4407939767282,20.09,27.8,0.01727997992832205,0.009104735664733367
sr31361,2009.4407939767282,20.09,28.7,0.01086823775250466,0.004123054441879619
sr31361,2009.4407939767282,20.09,29.9,0.012893371262867825,0.0032830485691828283
sr31361,2009.4407939767282,20.09,30.8,0.006781773327691361,0.0034750135491932303
sr31361,2009.4407939767282,20.09,31.9,0.0030914099876530976,0.0009795243838624215
sr31361,2009.4407939767282,20.09,33.1,0.003233847920934288,-0.00029377694010283487
sr31361,2009.4407939767282,20.09,34.4,0.0034634777539401668,9.668160899990761e-05
sr31361,2009.4407939767282,20.09,9.4,0.27399542384447967,nan
sr31361,2009.4407939767282,20.09,9.8,0.2498029160484318,nan
sr32562,2009.6647501711157,20.19,10.3,0.28998015234912417,nan
sr32562,2009.6647501711157,20.19,11.0,0.2680250320055756,0.18125005820365694
sr32562,2009.6647501711157,20.19,12.2,0.27103443061776455,0.18962135188557772
sr32562,2009.6647501711157,20.19,13.3,0.2238803224550886,0.15246356139559086
sr32562,2009.6647501711157,20.19,14.6,0.29385249508092187,0.21749377101902506
sr32562,2009.6647501711157,20.19,15.9,0.22523490187241205,0.13712886147724573
sr32562,2009.6647501711157,20.19,17.5,0.19929109582528973,0.11706491913636441
sr32562,2009.6647501711157,20.19,19.3,0.0812909527685054,0.04316375830193135
sr32562,2009.6647501711157,20.19,21.4,0.0419342308814171,0.02498296707705913
sr32562,2009.6647501711157,20.19,23.6,0.03070998927147482,0.019376308326252752
sr32562,2009.6647501711157,20.19,25.6,0.022981943199125828,0.013133774471594438
sr32562,2009.6647501711157,20.19,27.7,0.014909041989931282,0.009161128773779413
sr32562,2009.6647501711157,20.19,30.2,0.0074075559903837886,0.004154733415860188
sr32562,2009.6647501711157,20.19,32.6,0.0029647147602786987,0.0012183802787446428
sr32562,2009.6647501711157,20.19,9.6,0.32961777765835515,nan
sr32574,2009.6647501711157,24.36,11.8,0.3529916854709655,0.22153904718842912
sr32574,2009.6647501711157,24.36,13.1,0.40903547453759975,0.29296098473234544
sr32574,2009.6647501711157,24.36,14.3,0.3852676673395132,0.2756529300789008
sr32574,2009.6647501711157,24.36,17.4,0.15907086893610475,0.08484902472353463
sr32574,2009.6647501711157,24.36,19.1,0.10043445033159978,0.05216092173693725
sr32574,2009.6647501711157,24.36,21.2,0.04589192876402379,0.027534089318440803
sr32574,2009.6647501711157,24.36,23.3,0.02946553398782992,0.017978423753469624
sr32574,2009.6647501711157,24.36,25.6,0.021694625797092356,0.014151111045134541
sr32574,2009.6647501711157,24.36,27.9,0.015465403056283245,0.006406239136943165
sr32574,2009.6647501711157,24.36,30.4,0.0058165844096540065,0.002783891626459045
sr32574,2009.6647501711157,24.36,33.1,0.002803805491586386,0.0008739281510838998
sr32575,2009.6647501711157,24.7,18.6,0.141488877402783,0.09894575626248196
sr32575,2009.6647501711157,24.7,19.5,0.09674809737913749,0.06279262959462649
sr32575,2009.6647501711157,24.7,20.8,0.06159147913486984,0.04171447586219888
sr32575,2009.6647501711157,24.7,22.1,0.042201097128583276,0.02839380435325205
sr32575,2009.6647501711157,24.7,23.6,0.03200954678419724,0.017221398891829855
sr32575,2009.6647501711157,24.7,25.7,0.01929598331192071,0.013195030031402445
sr32575,2009.6647501711157,24.7,28.0,0.012220783848662663,0.006041452620948038
sr32575,2009.6647501711157,24.7,30.3,0.00945243180547339,0.003805028334451116
sr32575,2009.6647501711157,24.7,33.2,0.000956983095620764,0.0016984222124743508
sr36755,2010.4435318275155,20.19,18.0,0.277874379493686,0.24261901910225292
sr36755,2010.4435318275155,20.19,18.2,0.2231408292345811,0.19284238990239805
sr36755,2010.4435318275155,20.19,18.7,0.23529743097793795,0.20530316341604168
sr36755,2010.4435318275155,20.19,19.1,0.2067559801030475,0.17538797721769284
sr36755,2010.4435318275155,20.19,19.5,0.22179049564868628,0.19367147057480164
sr36755,2010.4435318275155,20.19,20.0,0.19328849239466592,0.16990588458945288
sr36755,2010.4435318275155,20.19,20.6,0.21166781661823897,0.18895479303279966
sr36755,2010.4435318275155,20.19,21.2,0.1822759602334935,0.16315849974773242
sr36755,2010.4435318275155,20.19,21.7,0.19931718921698657,0.18280952252664415
sr36755,2010.4435318275155,20.19,22.3,0.17453871860330594,0.15797229123484333
sr36755,2010.4435318275155,20.19,22.9,0.1904902561574707,0.17504289081163207
sr36755,2010.4435318275155,20.19,23.6,0.16601490388949872,0.15213928258127332
sr36755,2010.4435318275155,20.19,24.5,0.18114798689657224,0.16863263263904665
sr36755,2010.4435318275155,20.19,25.5,0.1601950472950927,0.14506564343992723
sr36755,2010.4435318275155,20.19,26.4,0.17347312369828752,0.16662194729137336
sr36755,2010.4435318275155,20.19,27.6,0.15311992998244583,0.14305741864062424
sr36755,2010.4435318275155,20.19,28.5,0.17385507501336964,0.16059971922963034
sr36755,2010.4435318275155,20.19,29.4,0.1471138150427403,0.13838991825183294
sr36755,2010.4435318275155,20.19,30.3,0.1654775251622116,0.1588608601639643
sr36755,2010.4435318275155,20.19,31.4,0.14292044337531798,0.13800303540452233
sr36755,2010.4435318275155,20.19,32.6,0.16503433990333935,0.15868567367521397
sr36755,2010.4435318275155,20.19,33.9,0.1417700264938494,0.13630099860147787
sr37958,2010.6674880219027,20.71,10.2,0.23937310742633214,nan
sr37958,2010.6674880219027,20.71,11.0,0.2250073959439742,0.15621432384327777
sr37958,2010.6674880219027,20.71,12.0,0.16955421921477606,0.10879988357034191
sr37958,2010.6674880219027,20.71,13.1,0.2328901205990097,0.16589946828388874
sr37958,2010.6674880219027,20.71,14.5,0.43168658530415305,0.34735484193416877
sr37958,2010.6674880219027,20.71,16.1,0.28873007385791144,0.22258765399891847
sr37958,2010.6674880219027,20.71,17.5,0.07280621519170442,0.03643821451753398
sr37958,2010.6674880219027,20.71,19.3,0.058608685328379664,0.02934214473444499
sr37958,2010.6674880219027,20.71,21.2,0.041625159853142656,0.022170831051917715
sr37958,2010.6674880219027,20.71,23.4,0.03532977144098151,0.02309166686554931
sr37958,2010.6674880219027,20.71,25.5,0.02342438403644893,0.011926352765927269
sr37958,2010.6674880219027,20.71,27.8,0.017115477210030816,0.011145720873338559
sr37958,2010.6674880219027,20.71,30.2,0.010275866165705402,0.0032599405465501816
sr37958,2010.6674880219027,20.71,32.6,0.005695637894620473,0.004791617388165472
sr37958,2010.6674880219027,20.71,9.6,0.27696863086149215,nan
sr37970,2010.6674880219027,24.86,10.2,0.2132415050425648,nan
sr37970,2010.6674880219027,24.86,11.3,0.15814588774709545,0.09259270228491791
sr37970,2010.6674880219027,24.86,12.6,0.13258387784893472,0.07540981777045139
sr37970,2010.6674880219027,24.86,13.9,0.11969888647711155,0.06395934929426883
sr37970,2010.6674880219027,24.86,15.2,0.10700739416624515,0.0576096781567101
sr37970,2010.6674880219027,24.86,16.7,0.08559106465634556,0.040806989693311785
sr37970,2010.6674880219027,24.86,18.4,0.0594176764056654,0.028415132416750026
sr37970,2010.6674880219027,24.86,20.6,0.04876013134542183,0.026533072040863623
sr37970,2010.6674880219027,24.86,22.9,0.031571945936202175,0.017935580443695483
sr37970,2010.6674880219027,24.86,25.2,0.02450315187252009,0.014698005579112515
sr37970,2010.6674880219027,24.86,27.6,0.015558164685467682,0.007657616591640842
sr37970,2010.6674880219027,24.86,30.0,0.009294525926901323,0.004255300867408098
sr37970,2010.6674880219027,24.86,32.7,0.004494799828163815,0.001422894156503217
sr37970,2010.6674880219027,24.86,9.2,0.3216175870030448,nan
sr43352,2011.6674880219027,20.33,16.7,0.22544463636420975,0.1414193370613766
sr43352,2011.6674880219027,20.33,17.5,0.19458121099086653,0.1101583698063497
sr43352,2011.6674880219027,20.33,18.3,0.16560718875541391,0.08820090144854094
sr43352,2011.6674880219027,20.33,19.2,0.1183287162004343,0.062470793384447276
sr43352,2011.6674880219027,20.33,20.5,0.06249623770768984,0.03619261151387904
sr43352,2011.6674880219027,20.33,22.0,0.03910945706246981,0.023994249501843447
sr43352,2011.6674880219027,20.33,23.9,0.02757648525245644,0.015344935885370043
sr43352,2011.6674880219027,20.33,26.2,0.02293589656159072,0.012389970927074292
sr43352,2011.6674880219027,20.33,28.4,0.012738100720165164,0.0075221917825427686
sr43352,2011.6674880219027,20.33,30.6,0.01018408435972371,0.0068254397634234
sr43352,2011.6674880219027,20.33,33.3,0.004142258820633158,0.0023340265931004597
sr48748,2012.6674880219027,21.04,18.1,0.10795387848108268,0.08104114190551624
sr48748,2012.6674880219027,21.04,19.0,0.0756345770786923,0.05258304178142925
sr48748,2012.6674880219027,21.04,20.1,0.059184076816458576,0.03819149719970874
sr48748,2012.6674880219027,21.04,21.2,0.049250839689106825,0.03174294252677452
sr48748,2012.6674880219027,21.04,22.5,0.036795767778017956,0.01838226838364613
sr48748,2012.6674880219027,21.04,24.2,0.025455719203006485,0.01601185389033765
sr48748,2012.6674880219027,21.04,26.4,0.020038981095538536,0.008557617244314048
sr48748,2012.6674880219027,21.04,28.7,0.012357809661066246,0.004389789494248944
sr48748,2012.6674880219027,21.04,31.0,0.007771311570999976,0.001516071785306212
sr48748,2012.6674880219027,21.04,33.8,0.002210097133115193,-0.00013147303446122416
sr48749,2012.6674880219027,21.4,18.5,0.19427529832880705,0.16789614932886263
sr48749,2012.6674880219027,21.4,19.3,0.0839501558573115,0.059364191025425575
sr48749,2012.6674880219027,21.4,20.5,0.06562696946036538,0.04375072631605691
sr48749,2012.6674880219027,21.4,21.6,0.04876901814301082,0.03314053041370932
sr48749,2012.6674880219027,21.4,22.9,0.034866706080489716,0.02068192166154428
sr48749,2012.6674880219027,21.4,24.4,0.027029401326541302,0.014585021894621054
sr48749,2012.6674880219027,21.4,26.5,0.016439035389248104,0.00923681976372535
sr48749,2012.6674880219027,21.4,28.7,0.011911078925592091,0.005773657756399089
sr48749,2012.6674880219027,21.4,31.0,0.004160164496817622,-0.0001516959129478429
sr48749,2012.6674880219027,21.4,33.8,0.0023209144060587082,0.0017250495589223314
sr52932,2013.4462696783025,23.65,19.1,0.25225317783985524,0.24516713884836205
sr52932,2013.4462696783025,23.65,19.6,0.1256564419837457,0.10813771355814741
sr52932,2013.4462696783025,23.65,20.0,0.07983457775073831,0.06446529405529847
sr52932,2013.4462696783025,23.65,20.5,0.06871177492686296,0.054128664889079144
sr52932,2013.4462696783025,23.65,21.1,0.05844665791720102,0.04439630793984855
sr52932,2013.4462696783025,23.65,21.6,0.05122028880690874,0.03946053731524833
sr52932,2013.4462696783025,23.65,22.1,0.042859755978507025,0.03283038857910346
sr52932,2013.4462696783025,23.65,22.7,0.03555464193196058,0.02602614938609867
sr52932,2013.4462696783025,23.65,23.4,0.034408769944293816,0.020850877736167228
sr52932,2013.4462696783025,23.65,24.0,0.02775378933126678,0.016712267844900416
sr52932,2013.4462696783025,23.65,24.7,0.024136333209106946,0.01369944722241478
sr52932,2013.4462696783025,23.65,25.6,0.019875909191232183,0.009980224723856302
sr52932,2013.4462696783025,23.65,26.6,0.013609118052652858,0.0068088125084911156
sr52932,2013.4462696783025,23.65,27.7,0.011045536625457656,0.00472833400562666
sr52932,2013.4462696783025,23.65,28.8,0.012746552397634987,0.006193048072985996
sr52932,2013.4462696783025,23.65,29.7,0.007895132700439818,0.003674063014460058
sr52932,2013.4462696783025,23.65,31.1,0.005192755045896246,0.0009134988549940978
sr52932,2013.4462696783025,23.65,32.3,0.004485788789991395,0.0025830992656665553
sr52932,2013.4462696783025,23.65,33.7,0.006058721374393839,0.0017780481136742987
sr5587,2004.6537987679671,20.26,13.1,0.9898351638721037,0.9508758925403691
sr5587,2004.6537987679671,20.26,15.2,0.3665381424213691,0.32203646368497685
sr5587,2004.6537987679671,20.26,16.6,0.11801627335418065,0.09756285881702148
sr5587,2004.6537987679671,20.26,17.4,0.07221640972237325,0.04494840255934378
sr5587,2004.6537987679671,20.26,18.5,0.05354383179022643,0.03570264644438457
sr5587,2004.6537987679671,20.26,19.8,0.042192620899591124,0.02920927680203308
sr5587,2004.6537987679671,20.26,21.2,0.035406959578594153,0.024211232507841057
sr5587,2004.6537987679671,20.26,23.0,0.028316956492933813,0.01695957580949566
sr5587,2004.6537987679671,20.26,25.2,0.0223636315899727,0.01372423033822511
sr5587,2004.6537987679671,20.26,27.5,0.013030479143272027,0.00941328010042081
sr5587,2004.6537987679671,20.26,30.0,0.008795322365684116,0.005798980082159051
sr5587,2004.6537987679671,20.26,32.6,0.0026793378888125825,0.0008723942962367579
sr5587,2004.6537987679671,20.26,9.0,1.132872393409363,nan
sr5587,2004.6537987679671,20.26,9.7,1.455451164614388,nan
sr5600,2004.6565366187542,24.64,16.6,0.2986731898709884,0.2645105794609586
sr5600,2004.6565366187542,24.64,17.5,0.06934154065783997,0.047393197032549086
sr5600,2004.6565366187542,24.64,18.7,0.049909826031898114,0.03300451796834411
sr5600,2004.6565366187542,24.64,20.0,0.03824130219947706,0.02962020474051032
sr5600,2004.6565366187542,24.64,21.3,0.03222534126713065,0.02197245267652027
sr5600,2004.6565366187542,24.64,23.2,0.020459375458050252,0.015768071292521627
sr5600,2004.6565366187542,24.64,25.5,0.01760070430890491,0.009221198418709622
sr5600,2004.6565366187542,24.64,28.0,0.008273309471597459,0.0078798600337471
sr5600,2004.6565366187542,24.64,30.6,0.008342917386339691,0.002197205055830046
sr5600,2004.6565366187542,24.64,33.5,-0.001776605900729561,0.0010850372788123207
sr63718,2015.4490075290896,21.82,19.0,0.3466413393251973,0.3165969805520666
sr63718,2015.4490075290896,21.82,19.5,0.1550071513276199,0.1282646553351623
sr63718,2015.4490075290896,21.82,19.9,0.09772154572832019,0.07337651999311659
sr63718,2015.4490075290896,21.82,20.3,0.07925425937227108,0.05916153150403721
sr63718,2015.4490075290896,21.82,20.8,0.07341581508303682,0.0509732619361661
sr63718,2015.4490075290896,21.82,21.2,0.06545884797509177,0.044218439348532555
sr63718,2015.4490075290896,21.82,21.7,0.05682321132070844,0.036319083142095344
sr63718,2015.4490075290896,21.82,22.2,0.0525030193185573,0.03465936432715206
sr63718,2015.4490075290896,21.82,22.8,0.04625452943502835,0.028133270145731058
sr63718,2015.4490075290896,21.82,23.3,0.0396263242023221,0.02657578583808925
sr63718,2015.4490075290896,21.82,24.0,0.03717695218956467,0.018058046798207886
sr63718,2015.4490075290896,21.82,24.7,0.0364799456369423,0.01726444637409741
sr63718,2015.4490075290896,21.82,25.5,0.029295762212939638,0.012136382897343726
sr63718,2015.4490075290896,21.82,26.5,0.025848191518756187,0.015057233276693834
sr63718,2015.4490075290896,21.82,27.6,0.023953900068164693,0.00741966820630992
sr63718,2015.4490075290896,21.82,28.5,0.020653301166620654,0.009572327406764015
sr63718,2015.4490075290896,21.82,29.5,0.014641063196606345,0.005284716807598656
sr63718,2015.4490075290896,21.82,30.6,0.009408247255367576,0.0031437342291987373
sr63718,2015.4490075290896,21.82,31.8,0.010077329483819567,0.0044972484793134055
sr63718,2015.4490075290896,21.82,33.2,0.006074862502816193,0.002044967618477046
sr63718,2015.4490075290896,21.82,34.6,0.008297840720713604,0.0003515655983951266
sr63719,2015.4490075290896,21.06,19.4,0.1995331149189889,0.17852964974976304
sr63719,2015.4490075290896,21.06,19.8,0.09551629714504452,0.07921892816177845
sr63719,2015.4490075290896,21.06,20.1,0.08124498625976813,0.061059660651865987
sr63719,2015.4490075290896,21.06,20.5,0.07247333556703943,0.05359229911562905
sr63719,2015.4490075290896,21.06,21.0,0.0646719703970831,0.043532518975979324
sr63719,2015.4490075290896,21.06,21.4,0.05754386011482066,0.04129153370157929
sr63719,2015.4490075290896,21.06,22.0,0.055771198409523166,0.03265510553110594
sr63719,2015.4490075290896,21.06,22.4,0.04705858187375273,0.03222918184485149
sr63719,2015.4490075290896,21.06,23.0,0.0468164516470715,0.026697439072323546
sr63719,2015.4490075290896,21.06,23.6,0.03891962461831707,0.02430368978710225
sr63719,2015.4490075290896,21.06,24.3,0.03348390097284492,0.018551701984432536
sr63719,2015.4490075290896,21.06,25.1,0.03141063176659109,0.017381692986476696
sr63719,2015.4490075290896,21.06,25.9,0.02833918398667108,0.01428774662851587
sr63719,2015.4490075290896,21.06,26.9,0.02206697834511525,0.013456753856645801
sr63719,2015.4490075290896,21.06,27.8,0.021082273614405532,0.00872561934759126
sr63719,2015.4490075290896,21.06,28.8,0.017110849183694102,0.0058914487141903974
sr63719,2015.4490075290896,21.06,30.0,0.013658684754224834,0.0037157863461751944
sr63719,2015.4490075290896,21.06,31.0,0.010717779588294604,0.003501964047066549
sr63719,2015.4490075290896,21.06,32.0,0.0086672711797149,0.0011156538846139037
sr63719,2015.4490075290896,21.06,33.3,0.0053359021390572085,0.0023978293997632713
sr63719,2015.4490075290896,21.06,34.7,0.004855620468002479,-0.0018442888983808954
sr69106,2016.4462696783025,23.83,16.8,0.19801445066527915,0.17139904334567438
sr69106,2016.4462696783025,23.83,17.1,0.15415816846640923,0.11838773551501208
sr69106,2016.4462696783025,23.83,17.5,0.10223015424449458,0.0688746366336491
sr69106,2016.4462696783025,23.83,17.9,0.07983555651970713,0.04601979830975685
sr69106,2016.4462696783025,23.83,18.8,0.0697914307862867,0.04214305790299184
sr69106,2016.4462696783025,23.83,19.4,0.06418462234491452,0.03904982115744058
sr69106,2016.4462696783025,23.83,19.9,0.05735311561663884,0.03476186649020164
sr69106,2016.4462696783025,23.83,20.4,0.05343148693847206,0.030985661101948045
sr69106,2016.4462696783025,23.83,21.1,0.04839373323355999,0.02746708734647272
sr69106,2016.4462696783025,23.83,21.6,0.04315207354022057,0.026409723212014197
sr69106,2016.4462696783025,23.83,22.2,0.03762157272683926,0.020097004148535717
sr69106,2016.4462696783025,23.83,23.1,0.033602728396770275,0.019183060086297474
sr69106,2016.4462696783025,23.83,24.1,0.027142320112700555,0.015257354244505604
sr69106,2016.4462696783025,23.83,25.3,0.023672093855132335,0.014871540869310293
sr69106,2016.4462696783025,23.83,26.3,0.023013719990427346,0.007908392710176295
sr69106,2016.4462696783025,23.83,27.4,0.017052157658102647,0.009912821587939777
sr69106,2016.4462696783025,23.83,28.7,0.014534708129455197,0.0077406325457071695
sr69106,2016.4462696783025,23.83,29.8,0.013699039165077488,0.008071438174477696
sr69106,2016.4462696783025,23.83,30.7,0.00813171428587194,0.0041888153340257145
sr69106,2016.4462696783025,23.83,32.2,0.010402587617509897,0.0005308704351645536
sr69106,2016.4462696783025,23.83,33.6,0.004628824665120753,0.0013357415766739448
sr69107,2016.4462696783025,23.14,19.7,0.19586672093669816,0.1791763243691682
sr69107,2016.4462696783025,23.14,20.2,0.0960610979227774,0.07638352658008915
sr69107,2016.4462696783025,23.14,20.5,0.07720229265493585,0.0586558136132202
sr69107,2016.4462696783025,23.14,21.0,0.0641888381060318,0.05030925609747926
sr69107,2016.4462696783025,23.14,21.4,0.05724540203507686,0.040557896601481846
sr69107,2016.4462696783025,23.14,22.0,0.05096559773508685,0.03692005526898622
sr69107,2016.4462696783025,23.14,22.5,0.04413341985331466,0.02830213709798108
sr69107,2016.4462696783025,23.14,23.1,0.04142119188509011,0.026946128843781437
sr69107,2016.4462696783025,23.14,23.8,0.033277077562303345,0.019116746593876497
sr69107,2016.4462696783025,23.14,24.4,0.031322384038135885,0.0177239746078473
sr69107,2016.4462696783025,23.14,25.1,0.026890513952783336,0.014023527856582918
sr69107,2016.4462696783025,23.14,26.1,0.023303119175282678,0.013393771370183421
sr69107,2016.4462696783025,23.14,27.2,0.02046766945770353,0.009729151726687497
sr69107,2016.4462696783025,23.14,28.2,0.020648595826673756,0.006753163689110564
sr69107,2016.4462696783025,23.14,29.4,0.014987039563368968,0.006477857279630275
sr69107,2016.4462696783025,23.14,30.6,0.011619077807191486,0.006903051069288274
sr69107,2016.4462696783025,23.14,31.5,0.010210107707253476,0.0023971221254763327
sr69107,2016.4462696783025,23.14,34.3,0.006262249686407006,0.0007803465524793138
sr69108,2016.4462696783025,22.42,10.1,0.165456390989028,nan
sr69108,2016.4462696783025,22.42,10.5,0.15504371435280503,nan
sr69108,2016.4462696783025,22.42,10.9,0.14812261994829343,0.08661806982555292
sr69108,2016.4462696783025,22.42,11.4,0.1382797302528059,0.0788930995595706
sr69108,2016.4462696783025,22.42,11.9,0.12198452606905016,0.0678146748065401
sr69108,2016.4462696783025,22.42,12.4,0.11206202271621611,0.05822868223478707
sr69108,2016.4462696783025,22.42,13.0,0.10352167587897534,0.04958939090451135
sr69108,2016.4462696783025,22.42,13.6,0.09901931824464973,0.04852275442832797
sr69108,2016.4462696783025,22.42,14.2,0.08797413046988702,0.04057194100801488
sr69108,2016.4462696783025,22.42,14.8,0.08292406797470991,0.038850822830497005
sr69108,2016.4462696783025,22.42,15.5,0.07454798779255949,0.03373248739165699
sr69108,2016.4462696783025,22.42,16.1,0.0718422782648393,0.033528151854134956
sr69108,2016.4462696783025,22.42,16.7,0.06565395633750824,0.029728781427510426
sr69108,2016.4462696783025,22.42,17.4,0.06196502865626817,0.027811923646996157
sr69108,2016.4462696783025,22.42,18.1,0.05838610090411467,0.025160169458695855
sr69108,2016.4462696783025,22.42,18.9,0.05431616673610861,0.026124111189312512
sr69108,2016.4462696783025,22.42,19.8,0.04905972977397512,0.02479891107130654
sr69108,2016.4462696783025,22.42,20.8,0.04698368568466685,0.02537676284037278
sr69108,2016.4462696783025,22.42,21.8,0.04190589770335359,0.021339109888337343
sr69108,2016.4462696783025,22.42,22.8,0.03901738751867251,0.021120834361729377
sr69108,2016.4462696783025,22.42,23.8,0.03628815977428775,0.01620674139988904
sr69108,2016.4462696783025,22.42,24.9,0.027286755345995353,0.016052311270215208
sr69108,2016.4462696783025,22.42,25.9,0.024165439224837847,0.013045591545550943
sr69108,2016.4462696783025,22.42,27.0,0.02467379198831356,0.01116196162652897
sr69108,2016.4462696783025,22.42,28.1,0.01837646027599616,0.009124447481326996
sr69108,2016.4462696783025,22.42,29.1,0.015692258308894154,0.00857641072189277
sr69108,2016.4462696783025,22.42,30.3,0.014020672539295896,0.004853778482873364
sr69108,2016.4462696783025,22.42,31.5,0.010556260950070135,0.0050991139611423365
sr69108,2016.4462696783025,22.42,32.7,0.004949440129406,0.0022672660805556225
sr69108,2016.4462696783025,22.42,33.9,0.00427281465164293,0.00210849563802301
sr69108,2016.4462696783025,22.42,9.2,0.19738095038996764,nan
sr69108,2016.4462696783025,22.42,9.5,0.183148627122346,nan
sr69108,2016.4462696783025,22.42,9.8,0.17332316740817724,nan
sr74496,2017.4462696783025,23.54,20.3,0.09695977295194241,0.08436310370134675
sr74496,2017.4462696783025,23.54,20.9,0.07424397335018335,0.06130194854556428
sr74496,2017.4462696783025,23.54,21.3,0.06271023028032151,0.04960452615118893
sr74496,2017.4462696783025,23.54,21.7,0.053998464800722686,0.039188312098846254
sr74496,2017.4462696783025,23.54,22.1,0.04256518104298513,0.033857806748188835
sr74496,2017.4462696783025,23.54,22.7,0.04207266447642662,0.02701492717748009
sr74496,2017.4462696783025,23.54,23.3,0.03403881419919873,0.02178879295928314
sr74496,2017.4462696783025,23.54,24.0,0.02985350367507983,0.01776227991483579
sr74496,2017.4462696783025,23.54,24.8,0.028537873844670245,0.017525235827677645
sr74496,2017.4462696783025,23.54,25.6,0.022162548661406125,0.010876938881497362
sr74496,2017.4462696783025,23.54,26.6,0.026387713975793568,0.011063491020313619
sr74496,2017.4462696783025,23.54,27.7,0.017210423870422188,0.006733574000760243
sr74496,2017.4462696783025,23.54,28.8,0.013491766614031061,0.00643060778631386
sr74496,2017.4462696783025,23.54,29.8,0.00858087765239494,0.003911075293751415
sr74496,2017.4462696783025,23.54,31.0,0.011001653532572833,0.005390072148691425
sr74496,2017.4462696783025,23.54,32.4,0.006141758881203752,0.001423708508295135
sr74496,2017.4462696783025,23.54,33.9,0.0070618903883153126,0.0012560931677255789
sr79885,2018.4462696783025,23.6,19.5,0.1945787006054073,0.1755294702413357
sr79885,2018.4462696783025,23.6,20.0,0.09975566002563419,0.07943060662625596
sr79885,2018.4462696783025,23.6,20.5,0.07836290434735904,0.06209200895293314
sr79885,2018.4462696783025,23.6,20.9,0.0672480060789452,0.049783286670113704
sr79885,2018.4462696783025,23.6,21.5,0.05775361723246721,0.04331677267661272
sr79885,2018.4462696783025,23.6,22.0,0.04937568890558862,0.03601274583096577
sr79885,2018.4462696783025,23.6,22.6,0.045518980155595336,0.031195672556003317
sr79885,2018.4462696783025,23.6,23.1,0.03844657362329155,0.02445481051510709
sr79885,2018.4462696783025,23.6,23.8,0.03423621387572553,0.021103696661264684
sr79885,2018.4462696783025,23.6,24.5,0.028544998655774527,0.016545729671090983
sr79885,2018.4462696783025,23.6,25.3,0.027518636750170973,0.01192344197081352
sr79885,2018.4462696783025,23.6,26.2,0.02213209920029247,0.011154312753748785
sr79885,2018.4462696783025,23.6,27.3,0.020385147428092023,0.010243701794150234
sr79885,2018.4462696783025,23.6,28.4,0.015804246783914015,0.0053063211695854005
sr79885,2018.4462696783025,23.6,29.3,0.011987043563435325,0.0076465397997961424
sr79885,2018.4462696783025,23.6,30.6,0.01260514744893479,0.003046026884774026
sr79885,2018.4462696783025,23.6,31.9,0.008500663142675864,0.004597852393578096
sr79885,2018.4462696783025,23.6,33.3,0.005799548081659089,0.0033416201277716227
sr79885,2018.4462696783025,23.6,34.7,0.001856519599873671,0.0011182851768850427
sr79886,2018.4462696783025,22.9,10.1,0.6354904550645419,nan
sr79886,2018.4462696783025,22.9,10.2,0.6252458045374998,nan
sr79886,2018.4462696783025,22.9,10.4,0.6182454985724645,nan
sr79886,2018.4462696783025,22.9,10.6,0.6848489767536942,0.7744019824674363
sr79886,2018.4462696783025,22.9,11.0,0.8067594219585109,0.9981948145354615
sr79886,2018.4462696783025,22.9,11.7,0.9855306298517807,1.2409643102844516
sr79886,2018.4462696783025,22.9,12.3,1.0503913155047675,1.2227037216997083
sr79886,2018.4462696783025,22.9,12.9,1.157819226654567,1.2587328106730808
sr79886,2018.4462696783025,22.9,14.1,1.322482725974944,1.3493877855534713
sr79886,2018.4462696783025,22.9,14.8,1.3883050779233879,1.321015062490245
sr79886,2018.4462696783025,22.9,15.0,1.567849101592644,1.4991543448265872
sr79886,2018.4462696783025,22.9,15.5,1.9499096837084096,1.9218504949470412
sr79886,2018.4462696783025,22.9,17.6,1.5935420126790585,1.5803745791431467
sr79886,2018.4462696783025,22.9,18.6,0.7840161992360896,0.7450333298362909
sr79886,2018.4462696783025,22.9,19.1,0.2432109924829881,0.20502175359451308
sr79886,2018.4462696783025,22.9,19.9,0.06526615326429819,0.03477864458520864
sr79886,2018.4462696783025,22.9,21.0,0.05522527132925838,0.030490108693772305
sr79886,2018.4462696783025,22.9,21.9,0.04635447886067019,0.029657623617764223
sr79886,2018.4462696783025,22.9,22.8,0.038636192938511824,0.02354505418665022
sr79886,2018.4462696783025,22.9,23.5,0.034489177397310604,0.02097174416188773
sr79886,2018.4462696783025,22.9,24.3,0.034082445449766595,0.017060872149402776
sr79886,2018.4462696783025,22.9,25.0,0.02856098533478624,0.015720002060363635
sr79886,2018.4462696783025,22.9,25.9,0.025220332393309352,0.01202882190701586
sr79886,2018.4462696783025,22.9,26.8,0.01952035632837807,0.011192921395903499
sr79886,2018.4462696783025,22.9,27.9,0.019822030464420128,0.006177522403183179
sr79886,2018.4462696783025,22.9,29.0,0.015539912577778437,0.009686211864691376
sr79886,2018.4462696783025,22.9,29.9,0.01248998564306262,0.0028731257984737388
sr79886,2018.4462696783025,22.9,31.2,0.010290549719377125,0.0038431265532284944
sr79886,2018.4462696783025,22.9,32.5,0.006239487681204325,0.0028877170572984253
sr79886,2018.4462696783025,22.9,33.9,0.0060368334002765525,-0.0014740321129374594
sr79886,2018.4462696783025,22.9,9.4,0.7207148735358296,nan
sr79886,2018.4462696783025,22.9,9.7,0.6329073938810933,nan
sr85275,2019.4462696783025,23.45,15.1,0.3338572779743764,0.2652776446670342
sr85275,2019.4462696783025,23.45,15.8,0.2878568352774694,0.23927146896998833
sr85275,2019.4462696783025,23.45,16.8,0.2323115263520984,0.19444880739510162
sr85275,2019.4462696783025,23.45,17.5,0.19722452258371329,0.14803707181820192
sr85275,2019.4462696783025,23.45,18.0,0.2102684911348156,0.18615187039132117
sr85275,2019.4462696783025,23.45,18.8,0.17844349520482583,0.16202137732016123
sr85275,2019.4462696783025,23.45,19.7,0.07147899916432954,0.04376515911846535
sr85275,2019.4462696783025,23.45,20.8,0.04999058153214034,0.02822728736879315
sr85275,2019.4462696783025,23.45,21.8,0.04291305461055289,0.021057367234491732
sr85275,2019.4462696783025,23.45,22.8,0.03572625215363182,0.017928809297937238
sr85275,2019.4462696783025,23.45,23.9,0.028816965122420914,0.01514935153112253
sr85275,2019.4462696783025,23.45,24.8,0.026193070915159083,0.015276713329815873
sr85275,2019.4462696783025,23.45,26.0,0.022086162900143404,0.011958519338111689
sr85275,2019.4462696783025,23.45,27.2,0.017242563447836038,0.008796604507884739
sr85275,2019.4462696783025,23.45,28.3,0.011457956052465324,0.005129778327505794
sr85275,2019.4462696783025,23.45,29.3,0.01127252653209139,0.006238985931381877
sr85275,2019.4462696783025,23.45,30.4,0.0058878403634573745,0.004915924024019677
sr85275,2019.4462696783025,23.45,31.6,0.00425978518242788,0.0022020553258081947
sr85275,2019.4462696783025,23.45,32.9,0.0036458992206853374,0.004023423057794133
sr85275,2019.4462696783025,23.45,34.3,0.0026906834776461858,0.0020400007098044797
sr85276,2019.4462696783025,22.73,13.0,2.2695231249478613,2.26712574818019
sr85276,2019.4462696783025,22.73,13.3,1.9354519744043615,1.698945031718744
sr85276,2019.4462696783025,22.73,15.8,2.1830467114516803,2.0477557765955097
sr85276,2019.4462696783025,22.73,16.8,1.597140321226474,1.509106271850404
sr85276,2019.4462696783025,22.73,17.7,0.8771548716797586,0.8293039748045287
sr85276,2019.4462696783025,22.73,18.2,0.26397792915766577,0.2241225387128059
sr85276,2019.4462696783025,22.73,18.8,0.07771049010286057,0.0396470778144222
sr85276,2019.4462696783025,22.73,19.6,0.06426107198570247,0.03132622157668991
sr85276,2019.4462696783025,22.73,20.3,0.05652497862005134,0.028279066863251892
sr85276,2019.4462696783025,22.73,21.0,0.04897918505775458,0.02495110229273039
sr85276,2019.4462696783025,22.73,21.8,0.041087065065014715,0.022310428945049404
sr85276,2019.4462696783025,22.73,22.7,0.03504556477471433,0.018699242826836666
sr85276,2019.4462696783025,22.73,23.7,0.029832153436911677,0.01807930457788413
sr85276,2019.4462696783025,22.73,24.6,0.024626690279961474,0.014815960587641619
sr85276,2019.4462696783025,22.73,25.7,0.02149731145254219,0.012124248462950758
sr85276,2019.4462696783025,22.73,26.9,0.022112923987577093,0.010806981470651861
sr85276,2019.4462696783025,22.73,27.9,0.014223016257079342,0.005434411281011901
sr85276,2019.4462696783025,22.73,29.0,0.013108853809232827,0.006038593597978052
sr85276,2019.4462696783025,22.73,30.1,0.005578522060648399,0.0012132652571126084
sr85276,2019.4462696783025,22.73,31.3,0.009291517936396824,0.0017477251887576047
sr85276,2019.4462696783025,22.73,32.6,0.006355251397438355,0.000671837245013124
sr85276,2019.4462696783025,22.73,33.9,0.0060654074498764235,0.0012483444707338724
sr90665,2020.4435318275155,23.6,18.9,0.412276521957379,0.4206794944351258
sr90665,2020.4435318275155,23.6,19.7,0.12945661723793797,0.09540407541560557
sr90665,2020.4435318275155,23.6,20.9,0.08363941426943894,0.061702136197170215
sr90665,2020.4435318275155,23.6,21.8,0.06177131480928463,0.04278224388893956
sr90665,2020.4435318275155,23.6,22.8,0.047281773063504985,0.029569355731748327
sr90665,2020.4435318275155,23.6,23.9,0.0342976599437901,0.01911321889922021
sr90665,2020.4435318275155,23.6,25.9,0.026918761305076037,0.014189316772040382
sr90665,2020.4435318275155,23.6,28.0,0.02105612801003876,0.010417977162660224
sr90665,2020.4435318275155,23.6,30.1,0.011470275645906027,0.0038570371361765815
sr90665,2020.4435318275155,23.6,32.6,0.007256696917935073,0.0026152673161460582
sr90666,2020.4435318275155,22.89,17.4,0.2614448716719349,0.21197229302865397
sr90666,2020.4435318275155,22.89,17.7,0.16605615280829045,0.12156498851926933
sr90666,2020.4435318275155,22.89,18.1,0.07595546687543728,0.038685685379718074
sr90666,2020.4435318275155,22.89,18.4,0.10827115171147043,0.06519558065282874
sr90666,2020.4435318275155,22.89,18.8,0.045340816639580554,0.004792987227467384
sr90666,2020.4435318275155,22.89,19.1,0.09001642872914208,0.0517133883871757
sr90666,2020.4435318275155,22.89,19.6,0.03150872951799736,-0.00496074416916568
sr90666,2020.4435318275155,22.89,20.2,0.07956185588462367,0.044670769080334405
sr90666,2020.4435318275155,22.89,20.6,0.02103910427887153,-0.012355541411455557
sr90666,2020.4435318275155,22.89,21.1,0.06078847672950126,0.03163912596197022
sr90666,2020.4435318275155,22.89,21.6,0.004781742999005558,-0.024317626477547035
sr90666,2020.4435318275155,22.89,22.4,0.04824222434088224,0.024340518276398528
sr90666,2020.4435318275155,22.89,23.4,-0.013231762843593288,-0.035183626563106564
sr90666,2020.4435318275155,22.89,24.4,0.03296738538628972,0.015970548163831755
sr90666,2020.4435318275155,22.89,25.5,-0.022276721063332828,-0.03770832658669786
sr90666,2020.4435318275155,22.89,26.6,0.026100245119516217,0.012156750278538764
sr90666,2020.4435318275155,22.89,27.7,-0.029994197734431367,-0.045398543853272195
sr90666,2020.4435318275155,22.89,28.7,0.015166189783095326,0.008169298619542643
sr90666,2020.4435318275155,22.89,29.9,-0.03710176142656513,-0.045884762936874615
sr90666,2020.4435318275155,22.89,31.0,0.015270342304138233,0.004679768766155461
sr90666,2020.4435318275155,22.89,32.4,-0.04335057257057469,-0.04887177742884113
sr90666,2020.4435318275155,22.89,33.6,0.005469530481562946,0.0009810717386974886
sr91881,2020.6674880219027,24.4,17.7,0.5273240010472254,0.47347010542817186
sr91881,2020.6674880219027,24.4,18.7,0.3039719668114242,0.26299999914590105
sr91881,2020.6674880219027,24.4,19.5,0.09215685574391685,0.04934519876134707
sr91881,2020.6674880219027,24.4,21.0,0.06425562711141525,0.033851746564474657
sr91881,2020.6674880219027,24.4,22.8,0.04709415226105755,0.026318099473815294
sr91881,2020.6674880219027,24.4,24.7,0.03095999282239235,0.013810995541197612
sr91881,2020.6674880219027,24.4,26.7,0.02212506099879181,0.011377469086791318
sr91881,2020.6674880219027,24.4,29.1,0.012565008124508103,0.006284003151622752
sr91881,2020.6674880219027,24.4,31.7,0.009358248801677776,0.004437772912621922
sr91881,2020.6674880219027,24.4,34.7,0.006584299000024609,-0.0007161718747875264
sr91882,2020.6674880219027,24.74,18.5,0.12135627319756896,0.08564830874714838
sr91882,2020.6674880219027,24.74,19.4,0.08761155924479015,0.055040710550432734
sr91882,2020.6674880219027,24.74,20.5,0.07081970359335434,0.044410703727542654
sr91882,2020.6674880219027,24.74,21.9,0.05574889867333722,0.03359133568195448
sr91882,2020.6674880219027,24.74,23.3,0.03958174710486263,0.022025448409708017
sr91882,2020.6674880219027,24.74,25.3,0.027737335416559816,0.012457255055037971
sr91882,2020.6674880219027,24.74,27.7,0.0172928262533861,0.008390465422841402
sr91882,2020.6674880219027,24.74,30.0,0.014668502718018048,0.002990799145663848
sr91882,2020.6674880219027,24.74,32.9,0.004718321124099792,0.0023577780528521663
sr96055,2021.4435318275155,23.13,17.4,0.2430653561242473,0.1710975286545356
sr96055,2021.4435318275155,23.13,18.0,0.22830604721950118,0.1584269424439702
sr96055,2021.4435318275155,23.13,18.5,0.16887417370258825,0.1031266109972799
sr96055,2021.4435318275155,23.13,19.0,0.13843141299707679,0.08509159646712808
sr96055,2021.4435318275155,23.13,19.6,0.1135522119138805,0.07158982738787573
sr96055,2021.4435318275155,23.13,20.1,0.09186496296856629,0.05804897748468542
sr96055,2021.4435318275155,23.13,20.7,0.07562884468400527,0.04971592716708138
sr96055,2021.4435318275155,23.13,21.3,0.06264468659703717,0.040171634477621426
sr96055,2021.4435318275155,23.13,22.0,0.05677611604271172,0.03709597992362242
sr96055,2021.4435318275155,23.13,22.6,0.04745780350622949,0.029164900366881567
sr96055,2021.4435318275155,23.13,23.4,0.040341559600373424,0.02572306087392432
sr96055,2021.4435318275155,23.13,24.5,0.037545729841370556,0.019478804520176717
sr96055,2021.4435318275155,23.13,25.4,0.031869063235566084,0.01708669120406482
sr96055,2021.4435318275155,23.13,26.2,0.029153501183782307,0.013295472254885546
sr96055,2021.4435318275155,23.13,27.0,0.02321209663684659,0.010700509797042429
sr96055,2021.4435318275155,23.13,27.8,0.01920807899505371,0.010725572343923934
sr96055,2021.4435318275155,23.13,28.6,0.017139559331484516,0.0065802185522433705
sr96055,2021.4435318275155,23.13,29.6,0.012459859826929898,0.0030214241017212915
sr96055,2021.4435318275155,23.13,30.8,0.009804341701769583,0.004632206282176678
sr96055,2021.4435318275155,23.13,31.8,0.008907754000338709,0.0026105269785571257
sr96055,2021.4435318275155,23.13,33.2,0.006636719214827728,0.002090297278980617
sr96055,2021.4435318275155,23.13,34.7,0.006877304203299073,0.002337969793659505
sr97258,2021.6674880219027,20.17,19.0,0.17398698761061923,0.11951983827121895
sr97258,2021.6674880219027,20.17,20.1,0.11966895657532484,0.07669279336681066
sr97258,2021.6674880219027,20.17,21.0,0.09069703523674721,0.05701932479980509
sr97258,2021.6674880219027,20.17,22.2,0.06654367001671163,0.04162687722241729
sr97258,2021.6674880219027,20.17,23.6,0.04315214610494132,0.025230465661438016
sr97258,2021.6674880219027,20.17,25.2,0.031058292054678548,0.013274417391977482
sr97258,2021.6674880219027,20.17,27.2,0.020402717794471892,0.010072515571610291
sr97258,2021.6674880219027,20.17,29.4,0.016012423322653527,0.005197080198381753
sr97258,2021.6674880219027,20.17,32.1,0.005958381786488451,0.0033068494110721726
sr97258,2021.6674880219027,20.17,34.8,0.006650939545794992,0.0006557409833900394
sr97271,2021.6674880219027,24.72,10.1,0.23490595524513996,nan
sr97271,2021.6674880219027,24.72,11.2,0.21394338150571798,0.08757994364756878
sr97271,2021.6674880219027,24.72,12.5,0.18949569791443696,0.06914130442221747
sr97271,2021.6674880219027,24.72,13.8,0.17458217740257442,0.06366396803193569
sr97271,2021.6674880219027,24.72,15.1,0.1476945307917553,0.05618174804903949
sr97271,2021.6674880219027,24.72,16.6,0.12271114888331787,0.05413121823380831
sr97271,2021.6674880219027,24.72,18.4,0.09903516718011973,0.047098846959527305
sr97271,2021.6674880219027,24.72,20.6,0.07308076609004717,0.039064064308513474
sr97271,2021.6674880219027,24.72,22.9,0.04606817230289639,0.02478047244106416
sr97271,2021.6674880219027,24.72,25.1,0.02649655097593463,0.01579965066254241
sr97271,2021.6674880219027,24.72,27.4,0.017124309802722996,0.007651980191493795
sr97271,2021.6674880219027,24.72,29.9,0.009900061623353705,0.0044012164499508
sr97271,2021.6674880219027,24.72,32.5,0.005959540839368748,0.0054465402180563765
sr97271,2021.6674880219027,24.72,9.4,0.2676040218680337,nan
sr9779,2005.432580424367,22.45,19.4,0.33982231182875444,0.34520949153467123
sr9779,2005.432580424367,22.45,19.8,0.14955442229285787,0.13155900696444706
sr9779,2005.432580424367,22.45,20.3,0.08584451113337543,0.07029860577599599
sr9779,2005.432580424367,22.45,20.7,0.071873863454609,0.05778942109948015
sr9779,2005.432580424367,22.45,21.1,0.05401131978649663,0.04852950285099705
sr9779,2005.432580424367,22.45,21.7,0.04957620241656788,0.03907842563534002
sr9779,2005.432580424367,22.45,22.2,0.04170798342031072,0.033578309663720864
sr9779,2005.432580424367,22.45,22.7,0.038872890050750473,0.02778930544257328
sr9779,2005.432580424367,22.45,23.2,0.032368204233267875,0.02361088826433996
sr9779,2005.432580424367,22.45,23.8,0.03034693921657965,0.020856213762240113
sr9779,2005.432580424367,22.45,24.5,0.02320000766286806,0.016437544801886722
sr9779,2005.432580424367,22.45,25.2,0.02456973469850224,0.0130612766694442
sr9779,2005.432580424367,22.45,26.0,0.01743358162219189,0.011606244282971735
sr9779,2005.432580424367,22.45,27.0,0.01797656218837197,0.0074541598956014326
sr9779,2005.432580424367,22.45,28.0,0.014475341226252757,0.006933170526376941
sr9779,2005.432580424367,22.45,29.0,0.010665426498124304,0.005416979635747467
sr9779,2005.432580424367,22.45,30.1,0.008915361661932499,0.002328316329258354
sr9779,2005.432580424367,22.45,31.2,0.004290902435396898,0.004780429519079355
sr9779,2005.432580424367,22.45,32.5,0.006706293334087492,0.0030022004197345327
sr9779,2005.432580424367,22.45,33.8,0.004779307383270126,0.002808390387606477
ss10064,2005.4845995893224,21.55,13.3,2.1729107350068326,1.926630064388207
ss10064,2005.4845995893224,21.55,17.0,0.4519976295593498,0.42714994664986977
ss10064,2005.4845995893224,21.55,17.4,0.2775647933790269,0.25070275545539294
ss10064,2005.4845995893224,21.55,17.7,0.14050915842154915,0.11088786290551152
ss10064,2005.4845995893224,21.55,18.2,0.09575531622951124,0.06504517760391924
ss10064,2005.4845995893224,21.55,18.7,0.08557109868855392,0.05908368524988797
ss10064,2005.4845995893224,21.55,19.2,0.07357571006109397,0.05315312980465376
ss10064,2005.4845995893224,21.55,19.6,0.06668405599671688,0.04451574616759391
ss10064,2005.4845995893224,21.55,20.1,0.05391642072458295,0.03932325458337745
ss10064,2005.4845995893224,21.55,20.6,0.05096382077520556,0.03569739789225553
ss10064,2005.4845995893224,21.55,21.1,0.04108365965436831,0.028695983994673425
ss10064,2005.4845995893224,21.55,21.7,0.03906110222511649,0.027045314815400696
ss10064,2005.4845995893224,21.55,22.3,0.03238240530100402,0.020651355673912918
ss10064,2005.4845995893224,21.55,23.0,0.030682218432275726,0.019005377069776216
ss10064,2005.4845995893224,21.55,23.8,0.024052154219292455,0.017587261947882325
ss10064,2005.4845995893224,21.55,25.7,0.0207056322324438,0.010780020027156346
ss10064,2005.4845995893224,21.55,28.9,0.013124374221870481,0.007225615872419424
ss10064,2005.4845995893224,21.55,30.0,0.00696315056209097,0.00634668268251372
ss10064,2005.4845995893224,21.55,31.1,0.007498792631806272,0.0038080546711395736
ss10064,2005.4845995893224,21.55,32.4,0.004474323205086424,0.002471971482924766
ss10064,2005.4845995893224,21.55,33.7,0.002336667215039373,0.0006668944859930649
ss10066,2005.4873374401095,22.99,11.2,1.4219079360921734,1.3032745035889906
ss10066,2005.4873374401095,22.99,11.8,2.310442753373597,2.1595827557343785
ss10066,2005.4873374401095,22.99,16.5,1.1577850297860948,1.07268361887934
ss10066,2005.4873374401095,22.99,16.7,0.8532705679358169,0.7976425542885945
ss10066,2005.4873374401095,22.99,16.8,0.637429451916126,0.586152981715295
ss10066,2005.4873374401095,22.99,16.9,0.23053303769285277,0.19077758272981465
ss10066,2005.4873374401095,22.99,17.2,0.11613993877969013,0.07869090842190199
ss10066,2005.4873374401095,22.99,17.6,0.07970497423967136,0.049372499345265025
ss10066,2005.4873374401095,22.99,18.1,0.070165115260574,0.04147692900351419
ss10066,2005.4873374401095,22.99,18.6,0.06447969175694199,0.03869208280744283
ss10066,2005.4873374401095,22.99,19.1,0.05875120630771581,0.03429351039470164
ss10066,2005.4873374401095,22.99,19.7,0.04885743193185712,0.030151441779927693
ss10066,2005.4873374401095,22.99,20.5,0.042964023137501355,0.02898842569717659
ss10066,2005.4873374401095,22.99,21.2,0.037138103491039035,0.024921402956859216
ss10066,2005.4873374401095,22.99,22.1,0.03241510801513203,0.020340425556000897
ss10066,2005.4873374401095,22.99,22.9,0.02596870489993942,0.018786799326098624
ss10066,2005.4873374401095,22.99,23.9,0.024923512737425612,0.014482302282634644
ss10066,2005.4873374401095,22.99,25.0,0.017409260245417255,0.01432633412573541
ss10066,2005.4873374401095,22.99,26.1,0.019721121257887123,0.009860423096281741
ss10066,2005.4873374401095,22.99,27.2,0.014625740776714602,0.012467331921144575
ss10066,2005.4873374401095,22.99,28.3,0.013349450910058557,0.009496276892884055
ss10066,2005.4873374401095,22.99,29.4,0.008680839025680466,0.008330275113706001
ss10066,2005.4873374401095,22.99,30.6,0.009861886944446016,0.0032073765243998014
ss10066,2005.4873374401095,22.99,31.8,0.0013988459289225085,0.0037479310498499704
ss10066,2005.4873374401095,22.99,33.2,0.003824275394996711,0.0015029371347396957
ss10066,2005.4873374401095,22.99,34.6,-0.0019636923601757538,0.00344774730123138
ss10066,2005.4873374401095,22.99,9.7,1.8424925405698445,nan
ss101731,2022.495550992471,23.95,17.7,1.343322121953507,1.2675879388695632
ss101731,2022.495550992471,23.95,18.3,0.6287039420866231,0.5921715086291222
ss101731,2022.495550992471,23.95,19.0,0.17805738969092816,0.13881455469023823
ss101731,2022.495550992471,23.95,19.5,0.11595477475681279,0.08113607208722592
ss101731,2022.495550992471,23.95,20.1,0.10047181743221345,0.07400059759599525
ss101731,2022.495550992471,23.95,20.5,0.09271733285574761,0.06289515931917646
ss101731,2022.495550992471,23.95,21.0,0.0816543435501364,0.05643946734203117
ss101731,2022.495550992471,23.95,21.5,0.07817205714009434,0.04645099120607365
ss101731,2022.495550992471,23.95,22.1,0.07288914012877515,0.04463223935285581
ss101731,2022.495550992471,23.95,22.7,0.06724621046639721,0.041623343404308594
ss101731,2022.495550992471,23.95,23.3,0.06722623576433406,0.03964711580739227
ss101731,2022.495550992471,23.95,24.1,0.06203183847109596,0.03489815997128944
ss101731,2022.495550992471,23.95,25.1,0.051250612140555846,0.029695388560321258
ss101731,2022.495550992471,23.95,26.3,0.03990010153864855,0.017292491038724718
ss101731,2022.495550992471,23.95,27.3,0.02789784315810485,0.010566287115283207
ss101731,2022.495550992471,23.95,28.4,0.018382865255450048,0.007385956274345387
ss101731,2022.495550992471,23.95,29.3,0.012652883855272948,0.006411283847785037
ss101731,2022.495550992471,23.95,30.6,0.009689742962475174,0.00419005875818259
ss101731,2022.495550992471,23.95,31.9,0.006130474350012624,0.0014755551607844748
ss101731,2022.495550992471,23.95,33.3,0.004005256675791704,-0.0004932607785103913
ss101731,2022.495550992471,23.95,34.8,0.00303667453258815,0.00011410105766506193
ss101732,2022.495550992471,24.64,19.1,0.20657244245003514,0.18068430754729847
ss101732,2022.495550992471,24.64,19.6,0.11368419563998043,0.08516879743581222
ss101732,2022.495550992471,24.64,20.2,0.09355448157816806,0.0697804736147875
ss101732,2022.495550992471,24.64,20.6,0.08453583331428907,0.05842398682547529
ss101732,2022.495550992471,24.64,21.2,0.07141871468104795,0.04739590069857256
ss101732,2022.495550992471,24.64,21.7,0.06037889656144157,0.04011574108614962
ss101732,2022.495550992471,24.64,22.2,0.05490421592481697,0.03451548662465832
ss101732,2022.495550992471,24.64,22.9,0.04798127640736482,0.02675499094020341
ss101732,2022.495550992471,24.64,23.6,0.04172935031388123,0.022840565633765297
ss101732,2022.495550992471,24.64,24.3,0.032508768255859355,0.019590073784697244
ss101732,2022.495550992471,24.64,25.2,0.0326417565853373,0.016089220167534536
ss101732,2022.495550992471,24.64,26.2,0.028822005647830815,0.014507452034628741
ss101732,2022.495550992471,24.64,27.4,0.02009490887627951,0.011705758519336702
ss101732,2022.495550992471,24.64,28.5,0.01939305150379701,0.009250417489681728
ss101732,2022.495550992471,24.64,29.4,0.010609140608999293,0.006859454032386333
ss101732,2022.495550992471,24.64,30.7,0.009971428529055977,0.0029504444773474207
ss101732,2022.495550992471,24.64,32.1,0.005409400796155848,0.0028218218227700253
ss101732,2022.495550992471,24.64,33.6,0.007395826492773319,0.00011198617344321606
ss102300,2022.6017796030117,24.77,16.2,0.12613786650936992,0.07939796014048506
ss102300,2022.6017796030117,24.77,16.9,0.09726729209982023,0.04954606233202551
ss102300,2022.6017796030117,24.77,17.9,0.07732046340057254,0.03971338237612522
ss102300,2022.6017796030117,24.77,19.4,0.06941943995434507,0.032392173995766396
ss102300,2022.6017796030117,24.77,21.8,0.05445925215063693,0.031723559716925843
ss102300,2022.6017796030117,24.77,24.5,0.041982621606820814,0.025145052419385343
ss102300,2022.6017796030117,24.77,27.3,0.01944426303632207,0.010073665288224136
ss102300,2022.6017796030117,24.77,30.2,0.009067984511882576,0.0033332494635984504
ss102300,2022.6017796030117,24.77,33.4,0.001894747901629378,-0.0004169404230991555
ss102302,2022.6017796030117,24.21,18.7,0.12448110440629455,0.08987475169243792
ss102302,2022.6017796030117,24.21,19.9,0.08698389427637368,0.05649202866391651
ss102302,2022.6017796030117,24.21,21.3,0.06924885942764025,0.04293149473302484
ss102302,2022.6017796030117,24.21,23.0,0.05653705680457315,0.03607315860888381
ss102302,2022.6017796030117,24.21,25.2,0.04044014417049161,0.024975639433851685
ss102302,2022.6017796030117,24.21,27.8,0.022695187838710308,0.01216294916739995
ss102302,2022.6017796030117,24.21,30.5,0.008821550042666743,0.004264053782381506
ss102302,2022.6017796030117,24.21,34.0,0.003121574046665226,0.002657760104629923
ss102303,2022.6017796030117,23.93,16.8,0.545533887815583,0.5594043295846384
ss102303,2022.6017796030117,23.93,18.3,0.11483349931855488,0.07558048107818459
ss102303,2022.6017796030117,23.93,20.1,0.07859517063875007,0.046265654245558736
ss102303,2022.6017796030117,23.93,21.6,0.06460298099284083,0.0382881867260752
ss102303,2022.6017796030117,23.93,23.6,0.05418827694907049,0.029498890485967
ss102303,2022.6017796030117,23.93,26.1,0.032700692478551355,0.018446218129358875
ss102303,2022.6017796030117,23.93,28.9,0.015472798408786168,0.006901897196652923
ss102303,2022.6017796030117,23.93,31.8,0.007196239935595346,0.003273655956340729
ss102315,2022.6045174537987,20.45,18.2,0.1203405073885692,0.0858227489664834
ss102315,2022.6045174537987,20.45,19.1,0.09099684570245348,0.05951718023411518
ss102315,2022.6045174537987,20.45,20.4,0.07852985662387447,0.04885633379569021
ss102315,2022.6045174537987,20.45,21.9,0.0670613293660646,0.04091130361572056
ss102315,2022.6045174537987,20.45,23.9,0.05417325908653071,0.03040319053024209
ss102315,2022.6045174537987,20.45,26.4,0.025345049210029568,0.01468091330568822
ss102315,2022.6045174537987,20.45,29.1,0.014491769957833493,0.004612192536505679
ss102315,2022.6045174537987,20.45,31.8,0.005153431647547052,0.0036679204095730086
ss102316,2022.6045174537987,20.15,18.5,0.12880637673355022,0.09156955269751772
ss102316,2022.6045174537987,20.15,19.4,0.09780413051570286,0.06454801279552022
ss102316,2022.6045174537987,20.15,20.7,0.08096185105364596,0.052435368547126555
ss102316,2022.6045174537987,20.15,24.0,0.05624570842346133,0.03327348450177939
ss102316,2022.6045174537987,20.15,26.5,0.031955410602824544,0.018299067197779365
ss102316,2022.6045174537987,20.15,29.0,0.014758015095295495,0.005999075004877336
ss102316,2022.6045174537987,20.15,31.9,0.0069412932992115135,0.002363357530635479
ss10633,2005.5908281998632,24.73,19.9,0.08656966328676574,0.06757625979075865
ss10633,2005.5908281998632,24.73,21.2,0.054471305410535735,0.044129023687422324
ss10633,2005.5908281998632,24.73,22.8,0.03932900073616988,0.02571680495926695
ss10633,2005.5908281998632,24.73,24.5,0.025510880467736235,0.018482467140868965
ss10633,2005.5908281998632,24.73,26.8,0.015629664160557312,0.010250556971680652
ss10633,2005.5908281998632,24.73,29.4,0.008658032157607805,0.0044970515310800725
ss10633,2005.5908281998632,24.73,32.8,0.007091354156255929,0.0028767122557312496
ss10647,2005.5935660506502,20.79,16.8,0.13509542613514539,0.10226835804691393
ss10647,2005.5935660506502,20.79,17.6,0.0893045240609472,0.059438302493321465
ss10647,2005.5935660506502,20.79,18.5,0.06702070730322732,0.0404625569415422
ss10647,2005.5935660506502,20.79,19.6,0.05216644635099565,0.027899200137782836
ss10647,2005.5935660506502,20.79,21.5,0.034666600630326894,0.021625529285799337
ss10647,2005.5935660506502,20.79,24.0,0.02536007827937565,0.015762359892600643
ss10647,2005.5935660506502,20.79,26.7,0.017268599019511117,0.0100427732232518
ss10647,2005.5935660506502,20.79,29.4,0.011837351986508862,0.007706311261464489
ss10647,2005.5935660506502,20.79,32.3,0.00560716262906158,0.0018214760420267842
ss10649,2005.5935660506502,20.2,11.2,0.269669411986026,0.18453398749483635
ss10649,2005.5935660506502,20.2,12.0,0.23164791360897397,0.16147572925293893
ss10649,2005.5935660506502,20.2,13.1,0.21737327600362463,0.14614802449014075
ss10649,2005.5935660506502,20.2,14.5,0.1635204685176424,0.10147264505875071
ss10649,2005.5935660506502,20.2,16.1,0.09506218082528059,0.049038342947108245
ss10649,2005.5935660506502,20.2,18.0,0.07142259820511632,0.03873392595275268
ss10649,2005.5935660506502,20.2,20.2,0.0461278011800867,0.025076002382910995
ss10649,2005.5935660506502,20.2,22.7,0.028842219809739125,0.017574483743025445
ss10649,2005.5935660506502,20.2,25.3,0.022344127092506348,0.010840210250676014
ss10649,2005.5935660506502,20.2,30.5,0.01192546503209692,0.003945073644368888
ss10649,2005.5935660506502,20.2,33.9,0.0031051414657199084,0.000705887273358994
ss107692,2023.6017796030117,23.5,19.3,0.09689640033719765,0.07335321793573309
ss107692,2023.6017796030117,23.5,20.7,0.06859205307538417,0.049292936980438073
ss107692,2023.6017796030117,23.5,22.2,0.048762551175674226,0.03138530235713366
ss107692,2023.6017796030117,23.5,23.8,0.030167065797985892,0.020600917501164103
ss107692,2023.6017796030117,23.5,26.0,0.022209189535531693,0.012496899173087323
ss107692,2023.6017796030117,23.5,28.4,0.01275659379499436,0.008423297962550223
ss107692,2023.6017796030117,23.5,31.5,0.00890619046918042,0.0025518826070792086
ss107692,2023.6017796030117,23.5,34.9,-0.00022780188451376277,0.001730251796877549
ss107693,2023.6017796030117,23.22,20.2,0.08639632726240593,0.06438170222569746
ss107693,2023.6017796030117,23.22,21.6,0.059136891265710846,0.04182107791370781
ss107693,2023.6017796030117,23.22,23.1,0.03925424716887355,0.025161096227824874
ss107693,2023.6017796030117,23.22,24.9,0.023570541156378688,0.015254338030440717
ss107693,2023.6017796030117,23.22,27.0,0.019837118711001644,0.008262546826789976
ss107693,2023.6017796030117,23.22,29.7,0.009766341166975098,0.005294209337036324
ss107693,2023.6017796030117,23.22,32.9,0.0049583051034269646,1.818761700656454e-05
ss107694,2023.6017796030117,22.93,18.1,0.10097735501603572,0.07238184750386578
ss107694,2023.6017796030117,22.93,19.1,0.07621258332057188,0.048400781433891316
ss107694,2023.6017796030117,22.93,20.5,0.05549532019421649,0.03474780401773365
ss107694,2023.6017796030117,22.93,22.1,0.042714733231705625,0.02639001312847633
ss107694,2023.6017796030117,22.93,24.4,0.0257447457759269,0.016325079676966576
ss107694,2023.6017796030117,22.93,27.0,0.019399493245631647,0.011166505525162539
ss107694,2023.6017796030117,22.93,29.8,0.00898337041513556,0.00725983553032277
ss107694,2023.6017796030117,22.93,32.7,0.0033773128727962267,0.004056961803547619
ss107695,2023.6017796030117,22.65,10.2,0.23694419340099843,nan
ss107695,2023.6017796030117,22.65,11.1,0.19084897045811886,0.10246062120919411
ss107695,2023.6017796030117,22.65,12.3,0.14905060553826424,0.06622310215684862
ss107695,2023.6017796030117,22.65,13.7,0.12032376808521583,0.04838524612480942
ss107695,2023.6017796030117,22.65,15.3,0.0975503508481934,0.0407038340283627
ss107695,2023.6017796030117,22.65,17.1,0.08158740643994684,0.03715004060521258
ss107695,2023.6017796030117,22.65,19.1,0.06223823602312961,0.02777528933792967
ss107695,2023.6017796030117,22.65,21.7,0.04446002897621251,0.023824265280788442
ss107695,2023.6017796030117,22.65,24.5,0.024922494336155506,0.01764777134744809
ss107695,2023.6017796030117,22.65,27.2,0.016179349302893158,0.009902378145498195
ss107695,2023.6017796030117,22.65,29.9,0.0092043685322562,0.007640399952178655
ss107695,2023.6017796030117,22.65,32.9,0.004273871993721476,0.003332929236740126
ss107695,2023.6017796030117,22.65,9.3,0.30636347223851595,nan
ss112504,2024.4900752908966,22.28,19.2,0.3944994119722432,0.36499626885343794
ss112504,2024.4900752908966,22.28,19.6,0.20567738200784416,0.16964476053853156
ss112504,2024.4900752908966,22.28,20.2,0.11280545520241834,0.0839853891439791
ss112504,2024.4900752908966,22.28,20.5,0.09279046909328831,0.06364259795147088
ss112504,2024.4900752908966,22.28,21.0,0.07422649015106124,0.05608183017896074
ss112504,2024.4900752908966,22.28,21.5,0.06558448592362179,0.04726660735885072
ss112504,2024.4900752908966,22.28,22.0,0.0553149084935481,0.0368201685326336
ss112504,2024.4900752908966,22.28,22.5,0.05202369896277698,0.03181359991700163
ss112504,2024.4900752908966,22.28,23.1,0.044874101038625075,0.02720193621517018
ss112504,2024.4900752908966,22.28,23.7,0.040310085984456956,0.021701973347931044
ss112504,2024.4900752908966,22.28,24.3,0.034208694356407214,0.017807421459901787
ss112504,2024.4900752908966,22.28,25.0,0.03135060328535251,0.015823305972342293
ss112504,2024.4900752908966,22.28,26.0,0.025797670108252044,0.013405999258604055
ss112504,2024.4900752908966,22.28,27.0,0.022560853075973445,0.008161474834130161
ss112504,2024.4900752908966,22.28,28.1,0.020008251565400804,0.006828200449168876
ss112504,2024.4900752908966,22.28,29.1,0.012765176454825873,0.003580697504176364
ss112504,2024.4900752908966,22.28,30.2,0.006913004180111172,0.001987693315427562
ss112504,2024.4900752908966,22.28,31.3,0.007396366975489319,8.956501082585378e-05
ss112504,2024.4900752908966,22.28,32.7,0.004367816537734985,0.0003668204316791137
ss112504,2024.4900752908966,22.28,33.9,0.0025695666772685617,-0.001503836412916838
ss112505,2024.4928131416839,22.99,16.9,2.076232941414239,1.9591082577050867
ss112505,2024.4928131416839,22.99,17.6,1.4165949653751961,1.351360788530927
ss112505,2024.4928131416839,22.99,18.4,1.4760377991555007,1.4419783861397544
ss112505,2024.4928131416839,22.99,19.2,0.17682075737055453,0.14174903673851144
ss112505,2024.4928131416839,22.99,19.5,0.13945715475262546,0.09956757353818788
ss112505,2024.4928131416839,22.99,19.8,0.0996423369443764,0.06705723514165376
ss112505,2024.4928131416839,22.99,20.3,0.08680614114285605,0.05600218362098795
ss112505,2024.4928131416839,22.99,20.7,0.07711680970742225,0.04864526551613608
ss112505,2024.4928131416839,22.99,21.3,0.06630076755986401,0.0425495955405137
ss112505,2024.4928131416839,22.99,21.9,0.057705635891569206,0.03677986339155646
ss112505,2024.4928131416839,22.99,22.3,0.05218197844852779,0.03103188942706679
ss112505,2024.4928131416839,22.99,23.0,0.04584218398610784,0.025613726602595473
ss112505,2024.4928131416839,22.99,23.7,0.03929321959514303,0.022316492421298625
ss112505,2024.4928131416839,22.99,24.5,0.0346678553837978,0.02031767561143979
ss112505,2024.4928131416839,22.99,25.3,0.031393245968369544,0.01825377615142703
ss112505,2024.4928131416839,22.99,26.4,0.02584750859277004,0.014026421544308531
ss112505,2024.4928131416839,22.99,27.5,0.023377432073703134,0.011599440016193922
ss112505,2024.4928131416839,22.99,28.6,0.017696526095126727,0.009347345342250972
ss112505,2024.4928131416839,22.99,29.6,0.011579289966949301,0.004916787678989096
ss112505,2024.4928131416839,22.99,30.6,0.005897543204512748,0.0025949450239622614
ss112505,2024.4928131416839,22.99,32.0,0.006564559650732705,0.0016894702547242115
ss112505,2024.4928131416839,22.99,33.4,0.005135587919367811,0.0016266389698026105
ss112505,2024.4928131416839,22.99,34.7,0.0037520994964012322,0.0011258981015902054
ss113075,2024.5963039014373,24.36,14.1,2.005658551374614,2.043031109650181
ss113075,2024.5963039014373,24.36,17.5,0.16370971624219258,0.10858675437368337
ss113075,2024.5963039014373,24.36,18.6,0.11044271038167255,0.06463423152411568
ss113075,2024.5963039014373,24.36,20.0,0.07951894819281635,0.04439896122731257
ss113075,2024.5963039014373,24.36,21.7,0.055213345477178884,0.03307227550899535
ss113075,2024.5963039014373,24.36,23.7,0.03904191989774817,0.021135213230032767
ss113075,2024.5963039014373,24.36,26.0,0.02628370251538791,0.016949215114769493
ss113075,2024.5963039014373,24.36,28.9,0.014676698594920266,0.004870636152640015
ss113075,2024.5963039014373,24.36,31.7,0.004730927376762508,0.0029472374536292545
ss113089,2024.5990417522246,20.35,19.4,0.14688433838491635,0.10424932168552589
ss113089,2024.5990417522246,20.35,20.5,0.10987976357431765,0.07154014491283078
ss113089,2024.5990417522246,20.35,21.9,0.07614108868903359,0.04677655505137193
ss113089,2024.5990417522246,20.35,23.5,0.04427624942871196,0.026263016438945977
ss113089,2024.5990417522246,20.35,25.4,0.030983149701281062,0.01905913488227215
ss113089,2024.5990417522246,20.35,27.8,0.019997245263027805,0.010988349485891535
ss113089,2024.5990417522246,20.35,30.6,0.010587624611703487,0.00553186329048921
ss113089,2024.5990417522246,20.35,33.7,0.0048383507980269014,0.000662153723785501
ss113090,2024.5990417522246,20.06,10.9,0.2579616517717392,0.1500480654037807
ss113090,2024.5990417522246,20.06,12.2,0.21300578320176952,0.11064837444973757
ss113090,2024.5990417522246,20.06,13.7,0.18409081621075887,0.09100341512680364
ss113090,2024.5990417522246,20.06,15.1,0.1573091075519003,0.07719760265653415
ss113090,2024.5990417522246,20.06,16.3,0.14331183397449168,0.06659174315169493
ss113090,2024.5990417522246,20.06,17.5,0.1263270225324841,0.06176095927190731
ss113090,2024.5990417522246,20.06,19.2,0.11320661465126211,0.05516085405253412
ss113090,2024.5990417522246,20.06,21.5,0.09023094606265257,0.049583737226544244
ss113090,2024.5990417522246,20.06,24.2,0.04527928049057369,0.024127653372791526
ss113090,2024.5990417522246,20.06,26.7,0.026374117648770772,0.015535615908391169
ss113090,2024.5990417522246,20.06,29.4,0.016915386211036647,0.008148301001145095
ss113090,2024.5990417522246,20.06,32.1,0.006554330439029735,0.003165041884302302
ss113090,2024.5990417522246,20.06,9.7,0.34636135021919545,nan
ss15459,2006.4873374401095,21.45,15.8,0.6134799058140703,0.5778511052790927
ss15459,2006.4873374401095,21.45,16.2,0.4164857746812977,0.38085849013575895
ss15459,2006.4873374401095,21.45,16.3,0.26038354828157334,0.221487740224718
ss15459,2006.4873374401095,21.45,16.7,0.2035585428750345,0.1662004261333126
ss15459,2006.4873374401095,21.45,17.3,0.08946760978842459,0.05766171010794347
ss15459,2006.4873374401095,21.45,18.0,0.06294675009976695,0.03305830429424905
ss15459,2006.4873374401095,21.45,19.0,0.0491678277753548,0.03084109329704
ss15459,2006.4873374401095,21.45,20.0,0.044933388374832774,0.029110004699455187
ss15459,2006.4873374401095,21.45,20.7,0.0422153350810333,0.028126483179764777
ss15459,2006.4873374401095,21.45,21.4,0.0389008064622172,0.02685963280936509
ss15459,2006.4873374401095,21.45,22.3,0.03657189576955338,0.024042641371468717
ss15459,2006.4873374401095,21.45,23.3,0.03350959229490017,0.021200148408253242
ss15459,2006.4873374401095,21.45,24.3,0.030313075207223504,0.018739813024054502
ss15459,2006.4873374401095,21.45,25.2,0.024337141473549085,0.017419318017927534
ss15459,2006.4873374401095,21.45,26.3,0.020223488825970602,0.012324959167447138
ss15459,2006.4873374401095,21.45,27.2,0.012294689906671505,0.011093533754212997
ss15459,2006.4873374401095,21.45,28.3,0.010836603803707042,0.010800728927844288
ss15459,2006.4873374401095,21.45,29.4,0.008681590689459832,0.006119600812955181
ss15459,2006.4873374401095,21.45,30.4,0.003954420759112104,0.005957933223979175
ss15459,2006.4873374401095,21.45,31.6,0.0020251500661603817,0.0037730535712945266
ss15459,2006.4873374401095,21.45,32.9,0.0033746515701009562,0.002953176885846449
ss15459,2006.4873374401095,21.45,34.2,0.001093130416076308,0.004240876916697109
ss16028,2006.5935660506502,24.69,17.2,0.10911968935772266,0.07456733422497008
ss16028,2006.5935660506502,24.69,18.2,0.09447511203715382,0.05509488667336933
ss16028,2006.5935660506502,24.69,19.3,0.09212376299341826,0.05023239313182375
ss16028,2006.5935660506502,24.69,21.1,0.06823160132662402,0.03828815887335155
ss16028,2006.5935660506502,24.69,23.6,0.02835014977796366,0.014125012693364015
ss16028,2006.5935660506502,24.69,26.4,0.016724325811571798,0.009407841547748676
ss16028,2006.5935660506502,24.69,29.3,0.01100501801686014,0.004062232285240695
ss16028,2006.5935660506502,24.69,32.4,0.003758890117383117,-0.000854593440658167
ss16029,2006.5935660506502,24.41,14.1,0.13398781867580903,0.0755560699627701
ss16029,2006.5935660506502,24.41,15.2,0.11572989473091821,0.05996159781261279
ss16029,2006.5935660506502,24.41,16.3,0.09209909130506935,0.045732805992759924
ss16029,2006.5935660506502,24.41,17.8,0.06895406099008862,0.033045020916587835
ss16029,2006.5935660506502,24.41,20.0,0.058695392268744505,0.03633290252347695
ss16029,2006.5935660506502,24.41,22.7,0.03194802587792405,0.01903273176891043
ss16029,2006.5935660506502,24.41,25.5,0.021390853530022808,0.01087748110222453
ss16029,2006.5935660506502,24.41,28.3,0.011840488567966555,0.007306953657047167
ss16029,2006.5935660506502,24.41,31.2,0.004716474935403071,0.003971220351684646
ss16029,2006.5935660506502,24.41,34.7,0.0010772483570494636,0.0007349183734612653
ss16044,2006.5963039014373,20.14,11.3,0.21401195342746576,0.11942899887343926
ss16044,2006.5963039014373,20.14,12.6,0.1497971253131631,0.0845854381420521
ss16044,2006.5963039014373,20.14,14.0,0.13427960294025393,0.07341039405389009
ss16044,2006.5963039014373,20.14,15.2,0.1698512836639914,0.10344910367767787
ss16044,2006.5963039014373,20.14,17.1,0.29702428400031367,0.22729739270946578
ss16044,2006.5963039014373,20.14,19.3,0.1254392240497737,0.07315415597507703
ss16044,2006.5963039014373,20.14,22.0,0.04303597412093484,0.025267977100145403
ss16044,2006.5963039014373,20.14,24.5,0.02568955126029442,0.014053445305072802
ss16044,2006.5963039014373,20.14,27.0,0.01682140740152057,0.009051477400737957
ss16044,2006.5963039014373,20.14,29.7,0.010026444724755522,0.005374609339707489
ss16044,2006.5963039014373,20.14,32.8,0.004544425611391955,0.001085318228688622
ss16044,2006.5963039014373,20.14,9.8,0.5024610131993179,nan
ss20855,2007.4900752908966,21.88,17.5,0.8425808794655353,0.8426677780601414
ss20855,2007.4900752908966,21.88,18.0,0.8950064580689266,0.8813843589531609
ss20855,2007.4900752908966,21.88,18.2,0.24719143927896708,0.2261981088254032
ss20855,2007.4900752908966,21.88,18.5,0.2212162285445109,0.2129468232801954
ss20855,2007.4900752908966,21.88,18.9,0.10578185922537643,0.08404579913493965
ss20855,2007.4900752908966,21.88,19.2,0.08747784340453707,0.06213774200359801
ss20855,2007.4900752908966,21.88,19.6,0.07655668387954384,0.054979096274703314
ss20855,2007.4900752908966,21.88,20.2,0.0699469218054028,0.052814622939724214
ss20855,2007.4900752908966,21.88,20.6,0.06181699744504366,0.045713675395224806
ss20855,2007.4900752908966,21.88,21.1,0.05663157399737429,0.038369847342929246
ss20855,2007.4900752908966,21.88,21.6,0.049544405813161926,0.03291405850659042
ss20855,2007.4900752908966,21.88,22.2,0.0448039500133694,0.028789262479685728
ss20855,2007.4900752908966,21.88,22.9,0.03672051294025522,0.022401534751773568
ss20855,2007.4900752908966,21.88,23.6,0.03346384920552316,0.019246347560058958
ss20855,2007.4900752908966,21.88,24.4,0.025481663972051576,0.016733893780304546
ss20855,2007.4900752908966,21.88,25.3,0.022372886303725872,0.01484250620537154
ss20855,2007.4900752908966,21.88,26.2,0.018525170611527222,0.009838508371986254
ss20855,2007.4900752908966,21.88,27.4,0.01677303720223376,0.011766473492923923
ss20855,2007.4900752908966,21.88,28.4,0.014367220002442066,0.009353955704055039
ss20855,2007.4900752908966,21.88,29.5,0.01170053810272054,0.0055390999154465185
ss20855,2007.4900752908966,21.88,30.6,0.004676012023889191,0.0027264343142785765
ss20855,2007.4900752908966,21.88,31.9,0.009079021704921383,0.002374543514443764
ss20855,2007.4900752908966,21.88,33.2,0.0035885809278708345,0.0008167247514611522
ss20855,2007.4900752908966,21.88,34.6,0.002129256759115071,-0.000365777385617639
ss20856,2007.4928131416839,22.6,14.8,1.2195726251656185,1.1453307765318745
ss20856,2007.4928131416839,22.6,15.2,0.9449451064212566,0.8990867470226731
ss20856,2007.4928131416839,22.6,15.4,0.4263986301097752,0.36942464432707645
ss20856,2007.4928131416839,22.6,16.1,0.2044435300307006,0.15346565396804654
ss20856,2007.4928131416839,22.6,16.6,0.10570691601787435,0.06377931342589822
ss20856,2007.4928131416839,22.6,17.5,0.08508013431256795,0.05393933451086008
ss20856,2007.4928131416839,22.6,18.1,0.08032140068538186,0.04609765698525919
ss20856,2007.4928131416839,22.6,18.6,0.0712505236024122,0.04217286597858964
ss20856,2007.4928131416839,22.6,19.1,0.06778802564101293,0.03861540408526852
ss20856,2007.4928131416839,22.6,19.9,0.06120089649746396,0.03887270905308779
ss20856,2007.4928131416839,22.6,20.6,0.05637353576087849,0.035902061484100294
ss20856,2007.4928131416839,22.6,21.5,0.049552798526101,0.0317284798800564
ss20856,2007.4928131416839,22.6,22.4,0.04429440055137077,0.027446597609726016
ss20856,2007.4928131416839,22.6,23.1,0.03663576260523722,0.02373311066605651
ss20856,2007.4928131416839,22.6,23.9,0.03094836284051652,0.019096542878269368
ss20856,2007.4928131416839,22.6,24.7,0.025758088996315775,0.01571976959591191
ss20856,2007.4928131416839,22.6,25.7,0.022420644033301105,0.012273321800532885
ss20856,2007.4928131416839,22.6,26.7,0.016274954178125828,0.010402480905663243
ss20856,2007.4928131416839,22.6,27.7,0.015007994490330905,0.009335434890445027
ss20856,2007.4928131416839,22.6,28.9,0.011787634149985932,0.00539160711083969
ss20856,2007.4928131416839,22.6,29.9,0.008232512664713493,0.00503982476988158
ss20856,2007.4928131416839,22.6,31.1,0.008017186762496019,0.0027381410956250347
ss20856,2007.4928131416839,22.6,32.4,0.007117817165353637,0.0029371229645209734
ss20856,2007.4928131416839,22.6,33.7,0.0020897453309029926,0.004376823559152566
ss21424,2007.5963039014373,24.51,19.1,0.14551101924340498,0.1269482333749121
ss21424,2007.5963039014373,24.51,20.4,0.0643088497362889,0.04969153917294708
ss21424,2007.5963039014373,24.51,21.9,0.10133581287275603,0.08562883908296096
ss21424,2007.5963039014373,24.51,23.7,0.03192430272137908,0.01990384214016482
ss21424,2007.5963039014373,24.51,25.7,0.07776791282955971,0.06715375851962035
ss21424,2007.5963039014373,24.51,28.5,0.012278809987835532,0.0062867913311558275
ss21424,2007.5963039014373,24.51,31.5,0.06382634830396672,0.05500920617691736
ss21425,2007.5963039014373,24.24,11.0,0.4926789667776441,0.42009097823921293
ss21425,2007.5963039014373,24.24,12.0,0.2832803287996889,0.22151186670808581
ss21425,2007.5963039014373,24.24,13.2,0.18522887093903195,0.12586697847701542
ss21425,2007.5963039014373,24.24,14.4,0.1456303048397272,0.0953229585085529
ss21425,2007.5963039014373,24.24,16.0,0.1165938740518942,0.07185280506977909
ss21425,2007.5963039014373,24.24,17.9,0.06546067258855663,0.03261373052814924
ss21425,2007.5963039014373,24.24,20.3,0.049731024840054185,0.02644107772229659
ss21425,2007.5963039014373,24.24,23.0,0.03529377295233398,0.018560351817404286
ss21425,2007.5963039014373,24.24,25.8,0.023044247133150828,0.012411203762182786
ss21425,2007.5963039014373,24.24,28.6,0.015054192030452333,0.006926460055777612
ss21425,2007.5963039014373,24.24,31.5,0.0067002627109986074,0.0029419882776375184
ss21439,2007.5990417522246,20.25,10.6,0.43802463492631594,nan
ss21439,2007.5990417522246,20.25,11.4,0.46150651353435945,0.4238086742918872
ss21439,2007.5990417522246,20.25,12.6,0.50440935765232,0.5417240004090447
ss21439,2007.5990417522246,20.25,14.4,0.7389695526840385,0.7272627816386725
ss21439,2007.5990417522246,20.25,16.8,0.4414469924346772,0.42205484534603394
ss21439,2007.5990417522246,20.25,18.5,0.06614817700542291,0.0349012938431547
ss21439,2007.5990417522246,20.25,20.7,0.05324204934606966,0.028342960354681746
ss21439,2007.5990417522246,20.25,22.9,0.037328505601018365,0.021221209784829036
ss21439,2007.5990417522246,20.25,25.5,0.023007224226410335,0.01580067222493528
ss21439,2007.5990417522246,20.25,28.1,0.01597214717131979,0.009401564663203136
ss21439,2007.5990417522246,20.25,30.9,0.010555869169493887,0.001208190826752536
ss21439,2007.5990417522246,20.25,34.1,0.0037301127285739788,0.0013369294210368295
ss21439,2007.5990417522246,20.25,9.6,0.4502046202567554,nan
ss26251,2008.4928131416839,22.95,18.6,0.2215333725148182,0.20348376996480833
ss26251,2008.4928131416839,22.95,19.1,0.11897947241398432,0.09882266381165553
ss26251,2008.4928131416839,22.95,19.4,0.08691504981105957,0.06636587513451088
ss26251,2008.4928131416839,22.95,19.9,0.07009262385010191,0.05708534391379531
ss26251,2008.4928131416839,22.95,20.3,0.06182545141962488,0.04631901673053541
ss26251,2008.4928131416839,22.95,20.7,0.055553728565732735,0.04277264358195018
ss26251,2008.4928131416839,22.95,21.2,0.04953706728212976,0.03451450135970601
ss26251,2008.4928131416839,22.95,21.8,0.04384775902528208,0.030975320461868773
ss26251,2008.4928131416839,22.95,22.4,0.03865147437375496,0.025924021802288626
ss26251,2008.4928131416839,22.95,23.1,0.033574640806518084,0.023586876670749754
ss26251,2008.4928131416839,22.95,23.8,0.0289358630367994,0.01807739957707618
ss26251,2008.4928131416839,22.95,24.7,0.025120791837690018,0.016102542006836158
ss26251,2008.4928131416839,22.95,25.7,0.021399855756703,0.012416210889830531
ss26251,2008.4928131416839,22.95,26.8,0.01556051581774197,0.01021626965885447
ss26251,2008.4928131416839,22.95,28.0,0.011342082425246007,0.0034911995383247194
ss26251,2008.4928131416839,22.95,29.1,0.009278002025188213,0.003759501173591542
ss26251,2008.4928131416839,22.95,30.0,0.004733931560261386,0.002169198979603824
ss26251,2008.4928131416839,22.95,31.3,0.004945436704958944,0.004123705022171761
ss26251,2008.4928131416839,22.95,32.6,0.003881856331250503,0.002662485238006194
ss26251,2008.4928131416839,22.95,34.0,0.0015971793120861239,0.0028640919532974523
ss26819,2008.5963039014373,24.71,19.6,0.0914977345679566,0.07602386677478677
ss26819,2008.5963039014373,24.71,21.1,0.05831811232448242,0.044893486254206715
ss26819,2008.5963039014373,24.71,22.5,0.04069209549222133,0.02882023062304408
ss26819,2008.5963039014373,24.71,24.2,0.025661532178888353,0.019072935381574722
ss26819,2008.5963039014373,24.71,26.1,0.018133963270700215,0.011620377956168385
ss26819,2008.5963039014373,24.71,28.7,0.01330941259655465,0.0014861246719230854
ss26819,2008.5963039014373,24.71,31.9,0.0033444399096152844,0.004111682813726809
ss26820,2008.5963039014373,24.43,18.5,0.7904721747068586,0.7516425041513881
ss26820,2008.5963039014373,24.43,20.2,0.06246791858205733,0.04058403714887242
ss26820,2008.5963039014373,24.43,21.9,0.04158424294389594,0.03010573750498423
ss26820,2008.5963039014373,24.43,23.7,0.02914369256982044,0.01944405629173719
ss26820,2008.5963039014373,24.43,25.9,0.0169915197240555,0.009157389422400004
ss26820,2008.5963039014373,24.43,28.4,0.010495192363245025,0.0048888348378643455
ss26820,2008.5963039014373,24.43,31.5,0.003088729383852008,0.001974556121222743
ss26833,2008.5990417522246,20.74,18.8,0.15344059549682032,0.1369649002053091
ss26833,2008.5990417522246,20.74,20.0,0.06884178075887325,0.05314472896706214
ss26833,2008.5990417522246,20.74,21.2,0.048761560178530124,0.033055122411814825
ss26833,2008.5990417522246,20.74,22.7,0.03523673159733721,0.0241921174114009
ss26833,2008.5990417522246,20.74,24.5,0.023470310530984462,0.013873312293380997
ss26833,2008.5990417522246,20.74,26.8,0.016047603261654896,0.006652002138533129
ss26833,2008.5990417522246,20.74,29.5,0.005896064678255443,0.0040454790883167075
ss26833,2008.5990417522246,20.74,32.6,0.005332166935059504,0.0007728306211845402
ss26834,2008.5990417522246,20.44,17.1,0.206959613707514,0.17178232760285964
ss26834,2008.5990417522246,20.44,17.6,0.07975385066062958,0.0527783947357995
ss26834,2008.5990417522246,20.44,18.4,0.05656458783657375,0.030613377033670012
ss26834,2008.5990417522246,20.44,19.9,0.044398412319741426,0.026237107466020808
ss26834,2008.5990417522246,20.44,22.0,0.03496764319763304,0.01900577290898453
ss26834,2008.5990417522246,20.44,24.5,0.02364181205385192,0.012858686888975233
ss26834,2008.5990417522246,20.44,27.1,0.015267890992414572,0.007852944393151977
ss26834,2008.5990417522246,20.44,29.9,0.007074345948622943,0.001962902652879287
ss26834,2008.5990417522246,20.44,32.7,0.0030664082947620902,0.0007768001472558966
ss26835,2008.5990417522246,20.15,10.0,2.183365309213985,nan
ss26835,2008.5990417522246,20.15,12.0,2.339675423770854,2.01750567952273
ss26835,2008.5990417522246,20.15,16.9,1.4742178776186718,1.4471783529488516
ss26835,2008.5990417522246,20.15,17.9,0.11224777905670212,0.07429426838916263
ss26835,2008.5990417522246,20.15,19.2,0.059349913186132794,0.034936123479267944
ss26835,2008.5990417522246,20.15,20.6,0.04451289404538487,0.025986817693265947
ss26835,2008.5990417522246,20.15,22.4,0.03606457622406161,0.020746361983382807
ss26835,2008.5990417522246,20.15,24.9,0.025254074801617146,0.011224574301145684
ss26835,2008.5990417522246,20.15,27.4,0.017204825187886026,0.00696609269139563
ss26835,2008.5990417522246,20.15,30.2,0.007325183768910168,0.0028876726712454975
ss26835,2008.5990417522246,20.15,33.2,0.0038206356755540543,-0.0001635833937003625
ss32214,2009.5990417522246,24.73,20.5,0.09133608050813401,0.06549729617679241
ss32214,2009.5990417522246,24.73,22.0,0.052194265578824374,0.03786905149316917
ss32214,2009.5990417522246,24.73,23.5,0.035811893320348995,0.021889901587376307
ss32214,2009.5990417522246,24.73,25.3,0.023853651666525845,0.013252258267214868
ss32214,2009.5990417522246,24.73,27.8,0.014911522534517004,0.007331394828658043
ss32214,2009.5990417522246,24.73,30.5,0.006578409533293729,0.0013782569728408513
ss32214,2009.5990417522246,24.73,33.8,0.004753924179193181,0.0017897187528854303
ss32215,2009.5990417522246,24.45,11.0,1.4465742815610045,1.252220444688026
ss32215,2009.5990417522246,24.45,11.6,1.6845639614984493,1.4534040388685685
ss32215,2009.5990417522246,24.45,14.4,2.445381219219633,2.2825957140035893
ss32215,2009.5990417522246,24.45,17.5,0.6298697983864219,0.5533585549503244
ss32215,2009.5990417522246,24.45,18.5,0.13408230263329252,0.07395616134505963
ss32215,2009.5990417522246,24.45,20.5,0.06617143156599199,0.04032947056799539
ss32215,2009.5990417522246,24.45,22.5,0.0349605549804108,0.022539782134827543
ss32215,2009.5990417522246,24.45,24.6,0.023865300648956877,0.01474228905116059
ss32215,2009.5990417522246,24.45,27.3,0.015332923780393222,0.00848354423210346
ss32215,2009.5990417522246,24.45,29.9,0.008690559421850551,0.00504012803642825
ss32215,2009.5990417522246,24.45,33.3,0.0027538573868965454,0.000953330630114272
ss32215,2009.5990417522246,24.45,9.0,0.7191496433796978,nan
ss32215,2009.5990417522246,24.45,9.8,0.9005372640011079,nan
ss32216,2009.5990417522246,24.17,10.0,0.2795732817378285,nan
ss32216,2009.5990417522246,24.17,11.1,0.2260840424071032,0.1363287669158664
ss32216,2009.5990417522246,24.17,12.3,0.20494977246372462,0.11175700637255657
ss32216,2009.5990417522246,24.17,13.8,0.32802498707321326,0.2276700716924491
ss32216,2009.5990417522246,24.17,15.8,0.6228923692097027,0.5246350577829012
ss32216,2009.5990417522246,24.17,18.1,0.14778163570605768,0.08814530913749048
ss32216,2009.5990417522246,24.17,20.6,0.05708133404596627,0.032345221306227585
ss32216,2009.5990417522246,24.17,23.0,0.03056758844362312,0.019386176779863828
ss32216,2009.5990417522246,24.17,25.5,0.021423980489190687,0.013045751195409246
ss32216,2009.5990417522246,24.17,28.3,0.012492208908022889,0.007373786308281028
ss32216,2009.5990417522246,24.17,31.1,0.007454504405759524,0.005559232648506499
ss32216,2009.5990417522246,24.17,34.6,5.41819678162535e-05,-0.0003645491890302283
ss32216,2009.5990417522246,24.17,9.1,0.33013869530482504,nan
ss32229,2009.6017796030117,20.43,14.4,2.3422868339826675,2.3520040154712056
ss32229,2009.6017796030117,20.43,16.0,0.18946594607377074,0.12788154462766893
ss32229,2009.6017796030117,20.43,16.5,0.18477928453400924,0.11322365251088244
ss32229,2009.6017796030117,20.43,17.6,0.1631161195449658,0.10010416393772115
ss32229,2009.6017796030117,20.43,19.1,0.1068819483757751,0.05981122266886187
ss32229,2009.6017796030117,20.43,21.3,0.042930081815977385,0.026157000139888965
ss32229,2009.6017796030117,20.43,23.9,0.02613255929119231,0.017652129562610627
ss32229,2009.6017796030117,20.43,26.3,0.01730479332248625,0.012801432585736213
ss32229,2009.6017796030117,20.43,28.8,0.010671571541381096,0.006384703685775459
ss32229,2009.6017796030117,20.43,31.6,0.004327218587215256,0.0017717651008364351
ss32230,2009.6017796030117,20.13,17.9,0.6517091495891147,0.5673132898750542
ss32230,2009.6017796030117,20.13,19.2,0.12046974851423735,0.07257167337641914
ss32230,2009.6017796030117,20.13,20.8,0.06456507597903675,0.03983323102147528
ss32230,2009.6017796030117,20.13,22.3,0.04044046470784437,0.026119779237419132
ss32230,2009.6017796030117,20.13,24.1,0.027303773752227225,0.01654057487012598
ss32230,2009.6017796030117,20.13,26.4,0.017500544613037572,0.011660212665330984
ss32230,2009.6017796030117,20.13,29.0,0.009305094422972645,0.0077549501111104984
ss32230,2009.6017796030117,20.13,31.8,0.004548507125740569,0.0029595426452724617
ss32230,2009.6017796030117,20.13,9.2,1.702514316848374,nan
ss32230,2009.6017796030117,20.13,9.8,1.6396274973355367,nan
ss37041,2010.495550992471,24.23,10.5,2.2009719108784407,nan
ss37041,2010.495550992471,24.23,12.2,1.0966417210125117,0.9977229208977585
ss37041,2010.495550992471,24.23,13.9,0.8783686749111924,0.9497631863037608
ss37041,2010.495550992471,24.23,15.2,0.7273338556380619,0.9483111784929366
ss37041,2010.495550992471,24.23,15.3,0.5417631867670241,0.6575826404636459
ss37041,2010.495550992471,24.23,16.0,0.39786010062454336,0.3734694013807989
ss37041,2010.495550992471,24.23,16.7,0.3009951127959063,0.28419983508618596
ss37041,2010.495550992471,24.23,17.4,0.18413438136794819,0.18044242540326122
ss37041,2010.495550992471,24.23,17.8,0.10028909227709434,0.06821289183313232
ss37041,2010.495550992471,24.23,18.2,0.08475889863388307,0.058026427027473806
ss37041,2010.495550992471,24.23,18.5,0.07524336662399544,0.046465553664823765
ss37041,2010.495550992471,24.23,19.0,0.06593197260694791,0.0419722947396358
ss37041,2010.495550992471,24.23,19.6,0.06177144156914743,0.03682311485442107
ss37041,2010.495550992471,24.23,20.3,0.05384924911126636,0.03601016054887776
ss37041,2010.495550992471,24.23,20.8,0.04737749238524732,0.030186674987550937
ss37041,2010.495550992471,24.23,21.4,0.040523738135057594,0.027567985245664228
ss37041,2010.495550992471,24.23,22.2,0.03551321108059168,0.021452112713442544
ss37041,2010.495550992471,24.23,23.0,0.032805538207588025,0.019278548407578512
ss37041,2010.495550992471,24.23,24.0,0.03008428190180093,0.014472427545883198
ss37041,2010.495550992471,24.23,25.0,0.024997936071842117,0.01655821127553281
ss37041,2010.495550992471,24.23,26.2,0.023080213949834824,0.011865641925470174
ss37041,2010.495550992471,24.23,27.4,0.015980606412144053,0.010362061137288636
ss37041,2010.495550992471,24.23,28.5,0.014644722387360651,0.005771397099123941
ss37041,2010.495550992471,24.23,29.6,0.012351483484210153,0.006853559041918709
ss37041,2010.495550992471,24.23,30.7,0.01067346935480067,0.006073056994198666
ss37041,2010.495550992471,24.23,32.1,0.005795141609727994,0.0051748440520323815
ss37041,2010.495550992471,24.23,33.5,0.004723930544463261,0.0026130426694600554
ss37041,2010.495550992471,24.23,34.9,0.002465881956121104,0.003498145479426213
ss37610,2010.6017796030117,24.27,15.0,1.571197768824341,1.45639297117591
ss37610,2010.6017796030117,24.27,15.4,1.1251435798048406,1.0050400924175238
ss37610,2010.6017796030117,24.27,18.0,0.40940322707945664,0.3719755220964273
ss37610,2010.6017796030117,24.27,19.3,0.07344400739634495,0.048604654567724906
ss37610,2010.6017796030117,24.27,20.9,0.04917150101908729,0.03241338321860366
ss37610,2010.6017796030117,24.27,22.5,0.03518755494767459,0.022028001746138486
ss37610,2010.6017796030117,24.27,24.5,0.024773878675703777,0.012108756989818724
ss37610,2010.6017796030117,24.27,27.1,0.013780377250843415,0.010881104241258401
ss37610,2010.6017796030117,24.27,29.8,0.007110433490033112,0.002799923775928285
ss37610,2010.6017796030117,24.27,33.2,0.0014450555900866798,0.0024173921199449307
ss37611,2010.6017796030117,23.99,14.9,0.7095371875742572,0.6045162811458659
ss37611,2010.6017796030117,23.99,16.5,0.26232952070439575,0.2079759099391949
ss37611,2010.6017796030117,23.99,17.3,0.2041121559814836,0.15566044323163405
ss37611,2010.6017796030117,23.99,18.3,0.09863183464665365,0.06357600324205973
ss37611,2010.6017796030117,23.99,20.0,0.05070881891083453,0.025151604394059585
ss37611,2010.6017796030117,23.99,22.6,0.036057727483963346,0.02135988933308858
ss37611,2010.6017796030117,23.99,25.2,0.022826603015482026,0.008986957550151562
ss37611,2010.6017796030117,23.99,27.9,0.01565395295872938,0.009569252342162986
ss37611,2010.6017796030117,23.99,30.7,0.006766790841776981,0.0024327420090333326
ss37611,2010.6017796030117,23.99,34.1,0.005127369689043094,0.0030309510174083938
ss43006,2011.6045174537987,23.86,19.5,0.15383334529429876,0.10177960120758289
ss43006,2011.6045174537987,23.86,20.8,0.06329002989387543,0.04383131145700941
ss43006,2011.6045174537987,23.86,22.2,0.03676626086721396,0.026062784732324675
ss43006,2011.6045174537987,23.86,23.9,0.02510181404770251,0.012258115912439973
ss43006,2011.6045174537987,23.86,26.1,0.015510834279415759,0.009707736776006903
ss43006,2011.6045174537987,23.86,28.6,0.010976583880711802,0.004490336099106188
ss43006,2011.6045174537987,23.86,31.7,0.004280745999844677,0.0018474903016462844
ss43007,2011.6045174537987,23.58,21.0,0.05510189439698881,0.04457682159419978
ss43007,2011.6045174537987,23.58,22.6,0.03850891913875662,0.028408298004139958
ss43007,2011.6045174537987,23.58,24.2,0.02492675163627878,0.015158182964605397
ss43007,2011.6045174537987,23.58,26.2,0.01666271789516613,0.008428787214451639
ss43007,2011.6045174537987,23.58,28.6,0.009518340855950968,0.008461207886362192
ss43007,2011.6045174537987,23.58,31.6,0.006071604274804256,0.004560892106260643
ss43007,2011.6045174537987,23.58,34.9,-0.00050805924937327,0.0015350165352927352
ss48403,2012.6045174537987,23.19,16.7,1.2025906105515627,1.1792388588368299
ss48403,2012.6045174537987,23.19,18.9,0.084330748359832,0.06007654956571509
ss48403,2012.6045174537987,23.19,20.2,0.06278924366037522,0.0431909064776074
ss48403,2012.6045174537987,23.19,21.7,0.04624646581496144,0.030664497161777052
ss48403,2012.6045174537987,23.19,23.2,0.03426157492455028,0.019846726249169295
ss48403,2012.6045174537987,23.19,25.4,0.02171922467611271,0.013434000198434687
ss48403,2012.6045174537987,23.19,28.1,0.014992283414061466,0.00735229987732308
ss48403,2012.6045174537987,23.19,30.9,0.0076961871517699535,0.0023837001765908126
ss48403,2012.6045174537987,23.19,34.1,0.00365740499247542,0.0028352823912800337
ss48404,2012.6045174537987,22.9,10.6,0.29280394733180976,nan
ss48404,2012.6045174537987,22.9,11.6,0.23471897439600306,0.13444369166317807
ss48404,2012.6045174537987,22.9,13.2,0.21308214597822514,0.11485092769026803
ss48404,2012.6045174537987,22.9,14.8,0.17266511169523238,0.09548717669638312
ss48404,2012.6045174537987,22.9,16.5,0.11557827087496161,0.06552952274437764
ss48404,2012.6045174537987,22.9,18.5,0.05788406906402697,0.029339515252500236
ss48404,2012.6045174537987,22.9,20.9,0.04273512668973879,0.02382296575169523
ss48404,2012.6045174537987,22.9,23.4,0.029521796647926504,0.016488987197732084
ss48404,2012.6045174537987,22.9,26.1,0.018459687124131006,0.011634972937105722
ss48404,2012.6045174537987,22.9,28.7,0.012626263671639817,0.0055902979289697615
ss48404,2012.6045174537987,22.9,31.7,0.005784720278615985,0.0018925626383774592
ss48404,2012.6045174537987,22.9,9.7,0.2811962312880103,nan
ss5238,2004.588090349076,24.56,10.3,0.6742511000008287,nan
ss5238,2004.588090349076,24.56,11.0,0.5999026418148092,0.51517045245046
ss5238,2004.588090349076,24.56,12.0,1.3180516346547093,1.2466792445955832
ss5238,2004.588090349076,24.56,16.6,0.7840109338862837,0.7212775734723992
ss5238,2004.588090349076,24.56,18.6,0.0537190082645731,0.034712927203410314
ss5238,2004.588090349076,24.56,20.3,0.03941104489188431,0.024859014850588765
ss5238,2004.588090349076,24.56,22.1,0.030419411541182436,0.01832842942325578
ss5238,2004.588090349076,24.56,24.4,0.022214725136567588,0.011195433488942053
ss5238,2004.588090349076,24.56,27.2,0.013577387482622652,0.007707186984502432
ss5238,2004.588090349076,24.56,30.3,0.0068591992801843825,0.0012732598320215763
ss5238,2004.588090349076,24.56,33.6,0.0008884839183004854,0.0018360097251405884
ss5238,2004.588090349076,24.56,9.6,0.8948843577709037,nan
ss5239,2004.588090349076,24.29,18.8,0.11363844055620718,0.09337543892307514
ss5239,2004.588090349076,24.29,20.0,0.05181827936103225,0.04436218644066637
ss5239,2004.588090349076,24.29,21.4,0.038767066013373375,0.028785700398252963
ss5239,2004.588090349076,24.29,23.0,0.025194292364794806,0.020950293273556107
ss5239,2004.588090349076,24.29,25.1,0.022018658390344004,0.011261128358458421
ss5239,2004.588090349076,24.29,27.8,0.01098391594826041,0.0071894530680382835
ss5239,2004.588090349076,24.29,30.7,0.0068046174866174,0.0017365808873554634
ss5239,2004.588090349076,24.29,34.2,-0.0005837978901785029,0.0023348246151413694
ss5240,2004.588090349076,24.02,10.3,0.4396320775040129,nan
ss5240,2004.588090349076,24.02,11.5,0.47972574637630294,0.39535684690486855
ss5240,2004.588090349076,24.02,13.4,1.2841610837982362,1.1906320132983412
ss5240,2004.588090349076,24.02,16.6,0.36620151991249245,0.3048573377386272
ss5240,2004.588090349076,24.02,18.3,0.04746825165590273,0.025962129294674213
ss5240,2004.588090349076,24.02,20.5,0.03618293843990515,0.019072155420895184
ss5240,2004.588090349076,24.02,22.8,0.02600272778746162,0.018188190026142005
ss5240,2004.588090349076,24.02,25.5,0.01982001422733156,0.009337492039820969
ss5240,2004.588090349076,24.02,28.3,0.010911984407096564,0.0059741538377967975
ss5240,2004.588090349076,24.02,31.3,0.007040550780622699,0.00023928788512713042
ss5240,2004.588090349076,24.02,34.8,0.0006713342944485598,0.0022797267324628774
ss5240,2004.588090349076,24.02,9.3,0.3187850373902304,nan
ss53801,2013.6072553045858,21.89,18.2,0.09861067421541903,0.0796617251087616
ss53801,2013.6072553045858,21.89,19.2,0.06448896307670338,0.04393126219835325
ss53801,2013.6072553045858,21.89,20.4,0.04824127566129429,0.03213399749011138
ss53801,2013.6072553045858,21.89,21.8,0.034852315232283014,0.021563311156525686
ss53801,2013.6072553045858,21.89,23.7,0.0291160468705044,0.01624585242198555
ss53801,2013.6072553045858,21.89,26.2,0.017620743456854333,0.011176071569706217
ss53801,2013.6072553045858,21.89,31.8,0.00693668157595828,0.00072584013242012
ss53802,2013.6072553045858,21.6,12.5,0.6086615600260262,0.5197528716637145
ss53802,2013.6072553045858,21.6,14.0,0.27947861038021715,0.21641645189342026
ss53802,2013.6072553045858,21.6,15.4,0.13263928762092922,0.08640825565460544
ss53802,2013.6072553045858,21.6,16.2,0.09550840579979944,0.05135884186680929
ss53802,2013.6072553045858,21.6,17.2,0.06077189206641577,0.027842389015094084
ss53802,2013.6072553045858,21.6,19.1,0.044859939181755466,0.024625069488393745
ss53802,2013.6072553045858,21.6,21.5,0.03362136472481479,0.020642779908794717
ss53802,2013.6072553045858,21.6,24.1,0.027736783827329296,0.01402725008498396
ss53802,2013.6072553045858,21.6,26.6,0.016223783235140093,0.009218943302583847
ss53802,2013.6072553045858,21.6,29.3,0.011573571650951946,0.006855692454366378
ss53802,2013.6072553045858,21.6,32.2,0.006771661534589602,0.0018103059703478725
ss53803,2013.6072553045858,21.3,17.2,0.2633047232102136,0.2261161968631203
ss53803,2013.6072553045858,21.3,18.4,0.08020027005805919,0.05418485792575475
ss53803,2013.6072553045858,21.3,19.6,0.05498421042820363,0.03551868702170221
ss53803,2013.6072553045858,21.3,20.8,0.04206264540661562,0.029470517118467737
ss53803,2013.6072553045858,21.3,22.4,0.031683491666386475,0.019168262388796292
ss53803,2013.6072553045858,21.3,24.6,0.025790208607725233,0.01412494065065747
ss53803,2013.6072553045858,21.3,27.1,0.016288342734214496,0.004693781772172516
ss53803,2013.6072553045858,21.3,29.8,0.007614802154824599,0.0037134337200720098
ss53803,2013.6072553045858,21.3,32.8,0.002969048933535356,0.0020510982904791333
ss59185,2014.6072553045858,23.86,19.7,0.12109636787169889,0.10214881260878246
ss59185,2014.6072553045858,23.86,20.9,0.06138997864810166,0.04520373558359029
ss59185,2014.6072553045858,23.86,22.2,0.03956369207049299,0.030273007594512524
ss59185,2014.6072553045858,23.86,23.7,0.025413644713234672,0.015139700438851851
ss59185,2014.6072553045858,23.86,25.7,0.018880633003574725,0.009069560307705402
ss59185,2014.6072553045858,23.86,28.3,0.01275926009538995,0.0032476393926773226
ss59185,2014.6072553045858,23.86,31.0,0.0034551038361698345,0.000649961275848982
ss59185,2014.6072553045858,23.86,34.5,-0.00011300378149881914,-0.002751526882048031
ss59187,2014.6072553045858,23.29,17.9,0.11418099118982795,0.0833983144432435
ss59187,2014.6072553045858,23.29,18.7,0.07385419394787852,0.046597668407087754
ss59187,2014.6072553045858,23.29,20.0,0.055241721985551384,0.0353550528472908
ss59187,2014.6072553045858,23.29,21.4,0.040339428855741155,0.02650697441510875
ss59187,2014.6072553045858,23.29,23.1,0.029738191019082354,0.018615556908267477
ss59187,2014.6072553045858,23.29,25.7,0.018939067271492235,0.011677766960879996
ss59187,2014.6072553045858,23.29,28.4,0.014846890141640074,0.004425030441511169
ss59187,2014.6072553045858,23.29,31.2,0.004137330962479588,0.0022179220944045083
ss59187,2014.6072553045858,23.29,34.5,0.003740352906676706,0.00134254561764753
ss64005,2015.5048596851473,24.36,15.2,1.423707221956726,1.3611320753027396
ss64005,2015.5048596851473,24.36,15.7,0.7396833340710848,0.7034255611168243
ss64005,2015.5048596851473,24.36,15.9,0.3320960767253672,0.27599392064167994
ss64005,2015.5048596851473,24.36,16.6,0.19726470700585952,0.15049394800538757
ss64005,2015.5048596851473,24.36,17.1,0.1362146894476092,0.09090094898452837
ss64005,2015.5048596851473,24.36,17.4,0.12015781264596462,0.07813320056148858
ss64005,2015.5048596851473,24.36,17.6,0.0999989884404728,0.05860191318400674
ss64005,2015.5048596851473,24.36,17.9,0.08784224224440737,0.053291539567264776
ss64005,2015.5048596851473,24.36,18.1,0.08027168961012124,0.04160725174595957
ss64005,2015.5048596851473,24.36,18.4,0.07115143576145014,0.03643540883721837
ss64005,2015.5048596851473,24.36,18.9,0.06230773918287442,0.028549261957249977
ss64005,2015.5048596851473,24.36,19.5,0.05573791181907028,0.029518192579676146
ss64005,2015.5048596851473,24.36,20.3,0.04950456196578146,0.024845565992792043
ss64005,2015.5048596851473,24.36,21.2,0.04300350318370788,0.024989498145236527
ss64005,2015.5048596851473,24.36,22.1,0.04250000106527255,0.02219684131927573
ss64005,2015.5048596851473,24.36,23.1,0.034145115817777634,0.02192968755156366
ss64005,2015.5048596851473,24.36,24.3,0.03262566320902881,0.01681895342195458
ss64005,2015.5048596851473,24.36,25.4,0.028369138219159585,0.020314396800113717
ss64005,2015.5048596851473,24.36,26.5,0.02682414347661614,0.011350995844939796
ss64005,2015.5048596851473,24.36,27.6,0.019758589965836987,0.011408310987271584
ss64005,2015.5048596851473,24.36,28.8,0.01639403635834668,0.008052818762650767
ss64005,2015.5048596851473,24.36,30.0,0.013395561418599603,0.00844489073152059
ss64005,2015.5048596851473,24.36,31.0,0.005986813592123724,0.0021370337664039967
ss64005,2015.5048596851473,24.36,32.4,0.004489291305790434,0.0042600798489960436
ss64005,2015.5048596851473,24.36,33.9,0.003187854814072452,-0.0005695235970952883
ss64574,2015.6072553045858,24.59,20.8,0.07309424276641192,0.05666446334125097
ss64574,2015.6072553045858,24.59,22.1,0.0501749964071192,0.03427278276474006
ss64574,2015.6072553045858,24.59,23.7,0.03715609471880286,0.022914535280550985
ss64574,2015.6072553045858,24.59,25.6,0.026910944215412985,0.014003922021989634
ss64574,2015.6072553045858,24.59,28.1,0.015317691622535084,0.009198794998287716
ss64574,2015.6072553045858,24.59,30.9,0.010317820277469116,0.002886274608637863
ss64574,2015.6072553045858,24.59,34.4,0.001229535235416385,0.004002664791856951
ss64575,2015.6072553045858,24.31,10.3,1.013089620672693,nan
ss64575,2015.6072553045858,24.31,12.8,0.7922997811838463,0.7196306984482975
ss64575,2015.6072553045858,24.31,14.3,0.2624320362806151,0.19603347066960244
ss64575,2015.6072553045858,24.31,15.9,0.09090963150195257,0.03807571198576487
ss64575,2015.6072553045858,24.31,17.7,0.06645914658060521,0.03106454157695988
ss64575,2015.6072553045858,24.31,19.6,0.05149970674174637,0.02545466370096377
ss64575,2015.6072553045858,24.31,22.2,0.0402798029909842,0.019750530433890155
ss64575,2015.6072553045858,24.31,24.9,0.03097522908893132,0.01639944445564075
ss64575,2015.6072553045858,24.31,27.7,0.019218226091832918,0.009157630035109662
ss64575,2015.6072553045858,24.31,30.6,0.008109581111306552,0.006500540320414937
ss64575,2015.6072553045858,24.31,33.8,0.0038726217626087376,0.002024768590167847
ss64575,2015.6072553045858,24.31,9.0,0.9318762205822397,nan
ss64589,2015.609993155373,20.23,19.4,0.10153550885088053,0.0826438876440723
ss64589,2015.609993155373,20.23,20.5,0.0640420980647857,0.04609622931289808
ss64589,2015.609993155373,20.23,21.9,0.046435290636855274,0.03269621610423656
ss64589,2015.609993155373,20.23,23.5,0.035885947045072045,0.023803212106523523
ss64589,2015.609993155373,20.23,25.3,0.027257446157382344,0.01744964848911195
ss64589,2015.609993155373,20.23,27.6,0.01513454056658036,0.012435859631884452
ss64589,2015.609993155373,20.23,30.1,0.01075656952123541,0.0061242030302457555
ss64589,2015.609993155373,20.23,33.4,0.0014250891239801933,0.0021952819982518908
ss69963,2016.6045174537987,24.99,17.6,1.4271584745826915,1.3757798565138903
ss69963,2016.6045174537987,24.99,19.5,0.07306962982800172,0.05658056270284291
ss69963,2016.6045174537987,24.99,20.8,0.05352564844731468,0.03836519593767812
ss69963,2016.6045174537987,24.99,22.3,0.03462298477700678,0.022919457477209724
ss69963,2016.6045174537987,24.99,24.1,0.03023213258088084,0.011723253494392218
ss69963,2016.6045174537987,24.99,26.6,0.014231641772948299,0.0070134002709403105
ss69963,2016.6045174537987,24.99,29.4,0.010340183410802043,0.0030473768624622085
ss69963,2016.6045174537987,24.99,32.5,0.006788974525106539,0.001016173581145891
ss69964,2016.6045174537987,24.71,19.6,0.0789651082979103,0.059990059447760154
ss69964,2016.6045174537987,24.71,20.9,0.05568370481684549,0.040942264890887016
ss69964,2016.6045174537987,24.71,22.3,0.04113797134539695,0.026032572912970228
ss69964,2016.6045174537987,24.71,24.0,0.029243971612574943,0.016550925592526397
ss69964,2016.6045174537987,24.71,26.5,0.017660833135672165,0.00787379242800822
ss69964,2016.6045174537987,24.71,29.1,0.010971280836952108,0.004028818737781785
ss69964,2016.6045174537987,24.71,32.2,0.0025775045794785905,0.0025477033838535
ss69976,2016.6072553045858,21.27,18.0,0.9162439163033543,0.8994350732412506
ss69976,2016.6072553045858,21.27,19.0,0.15503602326701582,0.13033262995928396
ss69976,2016.6072553045858,21.27,20.1,0.06754894462983486,0.05160427896914302
ss69976,2016.6072553045858,21.27,21.5,0.0494477689440633,0.03315452678606366
ss69976,2016.6072553045858,21.27,22.9,0.03628010422483001,0.021187585106361033
ss69976,2016.6072553045858,21.27,24.7,0.024228274561961926,0.015444288080417387
ss69976,2016.6072553045858,21.27,26.9,0.016433905257175398,0.005618347689202301
ss69976,2016.6072553045858,21.27,29.6,0.011129109776801175,0.001956641588183142
ss69976,2016.6072553045858,21.27,32.8,0.004523778373288971,0.0016355345642364784
ss69977,2016.6072553045858,20.98,19.2,0.1607583286966986,0.14323810252674454
ss69977,2016.6072553045858,20.98,20.4,0.06907689198085988,0.051792203847647274
ss69977,2016.6072553045858,20.98,21.7,0.04800097476132955,0.03420259007551859
ss69977,2016.6072553045858,20.98,23.3,0.034660224222518084,0.02335186271424766
ss69977,2016.6072553045858,20.98,25.0,0.02473610968218953,0.013243229444488283
ss69977,2016.6072553045858,20.98,27.3,0.015902298975332158,0.008213499400446708
ss69977,2016.6072553045858,20.98,29.8,0.009581285437138673,0.005170105054587361
ss69977,2016.6072553045858,20.98,32.9,0.0060547934893808945,0.0021263840562437443
ss69979,2016.6072553045858,20.38,17.8,0.29677804275710373,0.25724090900513397
ss69979,2016.6072553045858,20.38,18.4,0.1003997865570935,0.06869884190682557
ss69979,2016.6072553045858,20.38,19.2,0.05848549019284558,0.03379074587938645
ss69979,2016.6072553045858,20.38,20.9,0.04368224224271449,0.025710063930582273
ss69979,2016.6072553045858,20.38,23.1,0.03371827192071765,0.022804986459534198
ss69979,2016.6072553045858,20.38,25.3,0.02270860159244753,0.011369721337216391
ss69979,2016.6072553045858,20.38,27.8,0.011573641959990423,0.008259768712825933
ss69979,2016.6072553045858,20.38,30.5,0.005835609428999516,0.003873779436765554
ss69979,2016.6072553045858,20.38,33.8,0.003810513795015779,0.001309099561559791
ss74782,2017.498288843258,22.35,18.1,0.9657433621132866,0.9542844813327576
ss74782,2017.498288843258,22.35,18.6,0.975169704733118,0.9751868721913153
ss74782,2017.498288843258,22.35,19.1,0.1380288011075236,0.10966097710706357
ss74782,2017.498288843258,22.35,19.3,0.08840636116413943,0.06426417528996409
ss74782,2017.498288843258,22.35,19.8,0.07098140194662879,0.04971973830575427
ss74782,2017.498288843258,22.35,20.5,0.06448258439094905,0.047466168746384
ss74782,2017.498288843258,22.35,21.1,0.05470908454451492,0.039637789616933865
ss74782,2017.498288843258,22.35,21.7,0.048397904113468115,0.03255887152762794
ss74782,2017.498288843258,22.35,22.2,0.04074828977123903,0.029043423681570073
ss74782,2017.498288843258,22.35,22.8,0.03823526417432871,0.02759135722300975
ss74782,2017.498288843258,22.35,23.4,0.03564148327224627,0.020969228867382568
ss74782,2017.498288843258,22.35,24.1,0.02718221140045765,0.01973096106942641
ss74782,2017.498288843258,22.35,24.9,0.026571693257145517,0.014704805428110708
ss74782,2017.498288843258,22.35,25.7,0.021361483200946867,0.013057297003470181
ss74782,2017.498288843258,22.35,26.8,0.01758685273874477,0.007565009697588751
ss74782,2017.498288843258,22.35,27.7,0.018801531260073563,0.008854553464946121
ss74782,2017.498288843258,22.35,28.7,0.018561916396364404,0.006078274079237009
ss74782,2017.498288843258,22.35,29.9,0.009747873350738116,0.006259988097447964
ss74782,2017.498288843258,22.35,31.1,0.006260210290505661,0.003326620943895923
ss74782,2017.498288843258,22.35,32.2,0.003944856223825757,0.004128209375103708
ss74782,2017.498288843258,22.35,33.6,0.004224029832776192,-0.0006516531118531997
ss74784,2017.50212183436,23.77,15.0,1.304557840757335,1.25887610292665
ss74784,2017.50212183436,23.77,15.9,0.2826404612029787,0.2294159560947375
ss74784,2017.50212183436,23.77,16.2,0.1471876102222522,0.10456234012697681
ss74784,2017.50212183436,23.77,16.4,0.10797909930549647,0.06804546227566033
ss74784,2017.50212183436,23.77,16.6,0.09226705663739508,0.04963729734350316
ss74784,2017.50212183436,23.77,17.1,0.07940161445382762,0.0438771590375079
ss74784,2017.50212183436,23.77,17.4,0.07167525389581328,0.038376174704679175
ss74784,2017.50212183436,23.77,17.6,0.06668823972772364,0.029550080393773378
ss74784,2017.50212183436,23.77,18.0,0.06161909685118692,0.026429451536801925
ss74784,2017.50212183436,23.77,18.5,0.054650830398069165,0.0259706068837565
ss74784,2017.50212183436,23.77,18.9,0.05288778877800574,0.02245617155209264
ss74784,2017.50212183436,23.77,19.9,0.047206318165973156,0.024847081704788332
ss74784,2017.50212183436,23.77,21.1,0.04148432388137389,0.02296710486447701
ss74784,2017.50212183436,23.77,22.4,0.035159134860658685,0.019576683890410233
ss74784,2017.50212183436,23.77,23.4,0.0338028986110206,0.01977994129737997
ss74784,2017.50212183436,23.77,24.2,0.02731201252494495,0.014762904564033275
ss74784,2017.50212183436,23.77,25.2,0.0266758673364207,0.015052757593530098
ss74784,2017.50212183436,23.77,26.3,0.021116373903472107,0.011677424599073226
ss74784,2017.50212183436,23.77,27.5,0.018225040720517182,0.010080614513263803
ss74784,2017.50212183436,23.77,28.5,0.014391760186136752,0.008861748303562423
ss74784,2017.50212183436,23.77,29.8,0.0108514965960709,0.006169242088255251
ss74784,2017.50212183436,23.77,30.9,0.00805924666056199,0.001813156775726715
ss74784,2017.50212183436,23.77,32.1,0.006082408399107945,0.0036252593189248484
ss74784,2017.50212183436,23.77,33.6,0.0046308905410578395,0.003641718077639672
ss75366,2017.6072553045858,21.31,19.9,0.09296738118475541,0.07430596966956933
ss75366,2017.6072553045858,21.31,21.2,0.05734575115119278,0.04271983716120734
ss75366,2017.6072553045858,21.31,22.5,0.040371647851262814,0.02986204518310254
ss75366,2017.6072553045858,21.31,24.0,0.0294820676873821,0.019051405770513896
ss75366,2017.6072553045858,21.31,26.0,0.02328524341995245,0.011502657280246383
ss75366,2017.6072553045858,21.31,28.3,0.012477160703833205,0.005936279896006958
ss75366,2017.6072553045858,21.31,31.3,0.008240966342811656,0.0032157036113733026
ss75366,2017.6072553045858,21.31,34.5,0.0028390120169201932,0.0029880221144381247
ss75367,2017.6072553045858,21.01,13.5,0.7915105784277391,0.6132574182962474
ss75367,2017.6072553045858,21.01,14.5,0.5766760780004564,0.4326931629763984
ss75367,2017.6072553045858,21.01,15.9,0.6946949193566088,0.579947456044986
ss75367,2017.6072553045858,21.01,18.1,0.31640146210977677,0.2665673916212368
ss75367,2017.6072553045858,21.01,20.0,0.04947675441858249,0.026507191712256302
ss75367,2017.6072553045858,21.01,22.3,0.03572938217501001,0.019923742578081292
ss75367,2017.6072553045858,21.01,24.5,0.028941732628165098,0.01663525602704848
ss75367,2017.6072553045858,21.01,26.9,0.01871579631099426,0.009022004064107914
ss75367,2017.6072553045858,21.01,29.7,0.013122864707671756,0.004462916594307759
ss75367,2017.6072553045858,21.01,32.5,0.00788201613649746,0.003990831332826057
ss75368,2017.6072553045858,20.71,16.6,0.10212276671729485,0.06768584406103091
ss75368,2017.6072553045858,20.71,17.6,0.07554489957808726,0.04202019295375561
ss75368,2017.6072553045858,20.71,18.2,0.058446341981098444,0.02679130144641281
ss75368,2017.6072553045858,20.71,19.4,0.04662171585380393,0.02173408246702253
ss75368,2017.6072553045858,20.71,21.6,0.03670769279567036,0.01978078468698933
ss75368,2017.6072553045858,20.71,24.1,0.028283232992683812,0.015224267410527929
ss75368,2017.6072553045858,20.71,26.8,0.02129669649191384,0.010996024485715043
ss75368,2017.6072553045858,20.71,29.5,0.011080572257081152,0.005862188227661831
ss75368,2017.6072553045858,20.71,32.2,0.0074763529068603675,0.003061957203561845
ss80171,2018.498288843258,22.21,16.3,1.783910692618642,1.7030476238868495
ss80171,2018.498288843258,22.21,16.7,0.5751246251462648,0.5379711563843637
ss80171,2018.498288843258,22.21,17.3,0.271607617534358,0.2298572525328745
ss80171,2018.498288843258,22.21,17.7,0.25062627818193567,0.21040121786564772
ss80171,2018.498288843258,22.21,18.6,0.20276354314458211,0.18971296913612426
ss80171,2018.498288843258,22.21,19.1,0.11485971890102506,0.09028178521348468
ss80171,2018.498288843258,22.21,19.5,0.08445856364664728,0.06671011108799413
ss80171,2018.498288843258,22.21,20.0,0.072551020089277,0.054797505714314756
ss80171,2018.498288843258,22.21,20.4,0.06570381618575001,0.04765135529074201
ss80171,2018.498288843258,22.21,20.9,0.057867690552511133,0.039234151375186745
ss80171,2018.498288843258,22.21,21.5,0.04973975316138207,0.03602555827315764
ss80171,2018.498288843258,22.21,22.0,0.04814014692642193,0.02981833307482217
ss80171,2018.498288843258,22.21,22.7,0.041720173977964986,0.02968177943099351
ss80171,2018.498288843258,22.21,23.3,0.04042244535759788,0.024022341822019313
ss80171,2018.498288843258,22.21,23.9,0.032285822669075204,0.018324775225441587
ss80171,2018.498288843258,22.21,24.5,0.03130825940805836,0.013608203083336455
ss80171,2018.498288843258,22.21,25.4,0.02232051870595076,0.014845191447748434
ss80171,2018.498288843258,22.21,26.4,0.019636857236795306,0.01091193690229697
ss80171,2018.498288843258,22.21,27.4,0.016951234463326227,0.009994848178243062
ss80171,2018.498288843258,22.21,28.5,0.013999969843614561,0.004764013915193703
ss80171,2018.498288843258,22.21,29.5,0.01057992420881088,0.0040657903287301045
ss80171,2018.498288843258,22.21,30.7,0.0077840764673663505,0.002206100004971584
ss80171,2018.498288843258,22.21,31.8,0.005842034501210551,0.0027888621990056
ss80171,2018.498288843258,22.21,33.2,0.007067002710103636,-0.0003854349039714028
ss80171,2018.498288843258,22.21,34.5,0.0034676642373845886,-0.0012580628231304437
ss80173,2018.50212183436,23.65,11.9,0.3987051189080019,0.30826909922881146
ss80173,2018.50212183436,23.65,12.1,0.33437460844893724,0.2398426023768467
ss80173,2018.50212183436,23.65,12.3,0.18510638081938688,0.08743072452407136
ss80173,2018.50212183436,23.65,12.8,0.1597211086199204,0.0702661498800782
ss80173,2018.50212183436,23.65,13.3,0.13810174651327767,0.05944075983978554
ss80173,2018.50212183436,23.65,13.8,0.13064521307916568,0.05303414954400056
ss80173,2018.50212183436,23.65,14.4,0.11595707230509723,0.04775084967293103
ss80173,2018.50212183436,23.65,15.0,0.10583504156076955,0.04497015115731687
ss80173,2018.50212183436,23.65,15.6,0.09556164566921546,0.038927859352690476
ss80173,2018.50212183436,23.65,16.3,0.0880414962894691,0.03603539105286443
ss80173,2018.50212183436,23.65,17.0,0.07464863287413583,0.03369382387550913
ss80173,2018.50212183436,23.65,17.7,0.0684302299779464,0.03040475030440826
ss80173,2018.50212183436,23.65,18.5,0.05769289117692861,0.025893078068869816
ss80173,2018.50212183436,23.65,19.4,0.049067899259251826,0.02330189843417242
ss80173,2018.50212183436,23.65,20.5,0.04417962209683637,0.023783206864652275
ss80173,2018.50212183436,23.65,21.6,0.04206316358395038,0.02313631948409737
ss80173,2018.50212183436,23.65,22.5,0.03588343448103853,0.019457093552743256
ss80173,2018.50212183436,23.65,23.6,0.031705014795600964,0.015523028165080737
ss80173,2018.50212183436,23.65,24.7,0.027638749200363754,0.015212638060009994
ss80173,2018.50212183436,23.65,25.8,0.02318372982673708,0.010525955883149146
ss80173,2018.50212183436,23.65,26.9,0.019630150511155624,0.009599085450283542
ss80173,2018.50212183436,23.65,28.0,0.017320642011513773,0.006864574792767166
ss80173,2018.50212183436,23.65,29.2,0.012372896229836798,0.004097413461292986
ss80173,2018.50212183436,23.65,30.3,0.011380866239506217,0.004481086734300238
ss80173,2018.50212183436,23.65,31.4,0.008074118309537914,0.006271709148882091
ss80173,2018.50212183436,23.65,32.7,0.006004952525645406,0.0021824621291778312
ss80173,2018.50212183436,23.65,34.1,1.263557982857151e-05,0.0014086206726880365
ss80743,2018.6045174537987,24.81,16.5,0.21651627488698666,0.17042133559739117
ss80743,2018.6045174537987,24.81,17.3,0.12320966351578841,0.08314160643059684
ss80743,2018.6045174537987,24.81,18.2,0.06554993786929911,0.034570739480736024
ss80743,2018.6045174537987,24.81,19.3,0.04978961933339163,0.025121849848697444
ss80743,2018.6045174537987,24.81,21.3,0.037650547974730955,0.021896862655090877
ss80743,2018.6045174537987,24.81,23.9,0.030195948497785025,0.018116523195404945
ss80743,2018.6045174537987,24.81,26.7,0.019063691956156637,0.009187718669643895
ss80743,2018.6045174537987,24.81,29.5,0.012010599855559414,0.005521343667901772
ss80743,2018.6045174537987,24.81,32.6,0.0074556452122673846,-2.610065937460515e-05
ss80755,2018.6072553045858,21.36,19.0,0.12925811836620593,0.10667380865326567
ss80755,2018.6072553045858,21.36,20.0,0.06750472111790479,0.04921593810312922
ss80755,2018.6072553045858,21.36,21.3,0.0495510028838153,0.030204652822977355
ss80755,2018.6072553045858,21.36,22.7,0.03973005791397,0.02151729434626262
ss80755,2018.6072553045858,21.36,24.6,0.026458880127078144,0.013812619461449285
ss80755,2018.6072553045858,21.36,27.0,0.019177810934583223,0.009808289489261927
ss80755,2018.6072553045858,21.36,29.5,0.013409163671388077,0.007822285458792797
ss80755,2018.6072553045858,21.36,32.6,0.004229566853922675,0.001243015578707794
ss80756,2018.6072553045858,21.07,10.2,0.21039678759203442,nan
ss80756,2018.6072553045858,21.07,11.5,0.14002055031130883,0.07213894219695048
ss80756,2018.6072553045858,21.07,13.0,0.10366312962549797,0.05152305001012149
ss80756,2018.6072553045858,21.07,14.4,0.11439123270393779,0.06337253961850897
ss80756,2018.6072553045858,21.07,16.2,0.20554273470550058,0.16162497587272812
ss80756,2018.6072553045858,21.07,18.2,0.06440134974599662,0.030683381628810204
ss80756,2018.6072553045858,21.07,20.5,0.04557014360461453,0.023675187039292177
ss80756,2018.6072553045858,21.07,22.6,0.035342522306403716,0.02251378076205216
ss80756,2018.6072553045858,21.07,25.1,0.027142176945756328,0.011964720817901417
ss80756,2018.6072553045858,21.07,27.6,0.01633995135416649,0.009973536424028165
ss80756,2018.6072553045858,21.07,30.4,0.01024398978839958,0.007654590089547727
ss80756,2018.6072553045858,21.07,33.5,0.005147600022219336,9.830299287124942e-05
ss80756,2018.6072553045858,21.07,9.0,0.3696290544386295,nan
ss80757,2018.6072553045858,20.77,18.1,0.40579265949726395,0.38150695449800553
ss80757,2018.6072553045858,20.77,19.1,0.08489212147152243,0.05803273344121844
ss80757,2018.6072553045858,20.77,20.6,0.05546550843679685,0.03887783045782038
ss80757,2018.6072553045858,20.77,22.2,0.0413099006798877,0.026918229017282535
ss80757,2018.6072553045858,20.77,23.9,0.03044663230604454,0.020504823884959514
ss80757,2018.6072553045858,20.77,26.0,0.021550630493983394,0.011943129642220067
ss80757,2018.6072553045858,20.77,28.5,0.014742277669546593,0.006308939897660183
ss80757,2018.6072553045858,20.77,31.1,0.007654843364984258,0.004385027291449374
ss80757,2018.6072553045858,20.77,34.5,0.0017857989234792194,0.00014486510534573806
ss85561,2019.498288843258,22.25,16.8,2.2554218213381296,2.145642891156934
ss85561,2019.498288843258,22.25,17.4,0.9601491271699022,0.9216615819252206
ss85561,2019.498288843258,22.25,18.2,1.0585333727223676,1.0428726974779312
ss85561,2019.498288843258,22.25,18.5,0.23953507083424427,0.2035565615925164
ss85561,2019.498288843258,22.25,19.0,0.12162699389404263,0.09121785400370207
ss85561,2019.498288843258,22.25,19.3,0.09727977371493042,0.06647976554459883
ss85561,2019.498288843258,22.25,19.7,0.08448262588654705,0.05797790281206454
ss85561,2019.498288843258,22.25,20.2,0.07562659462605657,0.04777458927571833
ss85561,2019.498288843258,22.25,20.5,0.06655597598730346,0.04294932177261334
ss85561,2019.498288843258,22.25,21.0,0.05959152298018819,0.03352286306468474
ss85561,2019.498288843258,22.25,21.5,0.049293365754115984,0.03258354446650075
ss85561,2019.498288843258,22.25,22.1,0.045848361641769336,0.0245884611522238
ss85561,2019.498288843258,22.25,22.7,0.03814600958742565,0.02368166042153614
ss85561,2019.498288843258,22.25,23.5,0.03135208966236262,0.0146264810685175
ss85561,2019.498288843258,22.25,24.4,0.02548041026315309,0.014774120833170982
ss85561,2019.498288843258,22.25,25.4,0.0226022592811395,0.010989261321995868
ss85561,2019.498288843258,22.25,26.3,0.017557553720912777,0.008578371305377919
ss85561,2019.498288843258,22.25,27.4,0.012198409157017854,0.0034816507244210698
ss85561,2019.498288843258,22.25,28.4,0.011498171340438797,0.004287928264403915
ss85561,2019.498288843258,22.25,29.6,0.011094253273009285,0.004104975767107917
ss85561,2019.498288843258,22.25,30.7,0.0071208087208735355,0.0025518652078966152
ss85561,2019.498288843258,22.25,31.9,0.004351742946289215,0.0023623051437323336
ss85561,2019.498288843258,22.25,33.1,0.0003891250326598707,0.0017589620994678235
ss85561,2019.498288843258,22.25,34.5,0.0051736923285274385,0.0014679279760542738
ss85562,2019.50212183436,22.98,16.7,0.3101618694642931,0.2670553091163594
ss85562,2019.50212183436,22.98,17.0,0.26913188054159676,0.21169927929774668
ss85562,2019.50212183436,22.98,17.3,0.24207093296213392,0.18580762756783936
ss85562,2019.50212183436,22.98,17.8,0.2444001466848693,0.19124575606825436
ss85562,2019.50212183436,22.98,18.0,0.24432715068854294,0.19543609929179223
ss85562,2019.50212183436,22.98,18.4,0.23870576476156824,0.20192194977880673
ss85562,2019.50212183436,22.98,19.1,0.19076772203762576,0.17931294408886325
ss85562,2019.50212183436,22.98,19.8,0.11256332706835522,0.08928991187684968
ss85562,2019.50212183436,22.98,20.5,0.06378359159082544,0.03990571685023591
ss85562,2019.50212183436,22.98,21.2,0.05634701928603019,0.03377214277462483
ss85562,2019.50212183436,22.98,21.9,0.04545489648843556,0.02862864896148945
ss85562,2019.50212183436,22.98,22.8,0.03981366503450705,0.022719803588208496
ss85562,2019.50212183436,22.98,23.7,0.033003248891158354,0.018481912861630444
ss85562,2019.50212183436,22.98,24.6,0.02731096068641637,0.015718107479935108
ss85562,2019.50212183436,22.98,25.5,0.02129189703805215,0.013940793815337678
ss85562,2019.50212183436,22.98,26.3,0.018065521298812743,0.008803244294068552
ss85562,2019.50212183436,22.98,27.2,0.015631843798390117,0.009181633389039712
ss85562,2019.50212183436,22.98,28.2,0.013298157688615692,0.0031404591482764414
ss85562,2019.50212183436,22.98,29.3,0.008634163677974871,0.002645460469476233
ss85562,2019.50212183436,22.98,30.5,0.004992279717264452,0.004723885028883573
ss85562,2019.50212183436,22.98,31.6,0.006768291127409226,0.0021839284559957138
ss85562,2019.50212183436,22.98,32.9,0.0057132118585877896,0.0010856185222128797
ss85562,2019.50212183436,22.98,34.3,0.0018269608771532737,0.002554627509801885
ss85563,2019.50212183436,23.68,10.7,0.5236116586718365,0.41563344637822264
ss85563,2019.50212183436,23.68,11.0,0.6530306774002077,0.5577244598744582
ss85563,2019.50212183436,23.68,12.0,0.5739077620921877,0.4862048200665849
ss85563,2019.50212183436,23.68,12.7,0.3470304007579418,0.2699831525539995
ss85563,2019.50212183436,23.68,13.4,0.3769293078382435,0.2978545972515293
ss85563,2019.50212183436,23.68,14.2,0.4541963313521469,0.3889418529335643
ss85563,2019.50212183436,23.68,14.8,0.22620705990176257,0.16884265935045265
ss85563,2019.50212183436,23.68,15.3,0.14356698265119833,0.09109206141642033
ss85563,2019.50212183436,23.68,15.9,0.09926377269650846,0.05123420998705762
ss85563,2019.50212183436,23.68,16.5,0.0758823405428648,0.03349817291035419
ss85563,2019.50212183436,23.68,17.2,0.06898637472234118,0.02884688140990827
ss85563,2019.50212183436,23.68,18.0,0.06499054844207681,0.028503607050695462
ss85563,2019.50212183436,23.68,18.7,0.0598969686722919,0.02349918235596867
ss85563,2019.50212183436,23.68,19.6,0.055177967689262655,0.025657182322897695
ss85563,2019.50212183436,23.68,20.7,0.04944979362711531,0.023799742664965377
ss85563,2019.50212183436,23.68,21.7,0.04375939282167144,0.024075546659880407
ss85563,2019.50212183436,23.68,22.8,0.03886002149034082,0.01673806609146516
ss85563,2019.50212183436,23.68,23.8,0.02952895885686258,0.016748223418680177
ss85563,2019.50212183436,23.68,24.9,0.02298167920116033,0.010830950620122733
ss85563,2019.50212183436,23.68,26.0,0.018396960598683825,0.010062569685258347
ss85563,2019.50212183436,23.68,27.1,0.01597901112231904,0.004397429309563458
ss85563,2019.50212183436,23.68,28.1,0.012640901773371314,0.007516335493346586
ss85563,2019.50212183436,23.68,29.3,0.012760759101203688,0.003922056638151797
ss85563,2019.50212183436,23.68,30.4,0.008609854989185019,0.00396865674287724
ss85563,2019.50212183436,23.68,31.6,0.00927586596742042,0.0026840330866446543
ss85563,2019.50212183436,23.68,33.0,0.00808575562613673,0.002662915220106245
ss85563,2019.50212183436,23.68,34.4,0.00581381669487759,0.00024979777751237366
ss85563,2019.50212183436,23.68,9.1,0.7224872368647934,nan
ss85563,2019.50212183436,23.68,9.8,0.5022853622260123,nan
ss86132,2019.6045174537987,24.77,18.2,0.1878029898363395,0.11967361282491362
ss86132,2019.6045174537987,24.77,19.1,0.16220360725627425,0.09302134274951551
ss86132,2019.6045174537987,24.77,20.4,0.12933561598096022,0.07424318598948962
ss86132,2019.6045174537987,24.77,22.0,0.06150230205257506,0.03563129739089838
ss86132,2019.6045174537987,24.77,24.3,0.023148501435503257,0.013046051147658026
ss86132,2019.6045174537987,24.77,27.0,0.014882119773161818,0.007327629525262183
ss86132,2019.6045174537987,24.77,29.9,0.009988094524539833,0.00563673993393463
ss86132,2019.6045174537987,24.77,32.8,0.0059759704284935485,0.004786679441304522
ss86146,2019.6072553045858,20.74,19.6,0.20256061640486372,0.13611975495613618
ss86146,2019.6072553045858,20.74,20.9,0.10675475011409978,0.07114231681429721
ss86146,2019.6072553045858,20.74,22.3,0.048871191102025174,0.03155910683136548
ss86146,2019.6072553045858,20.74,23.8,0.031003797155682977,0.019260909177744926
ss86146,2019.6072553045858,20.74,25.6,0.020988236853510648,0.010568826844967804
ss86146,2019.6072553045858,20.74,27.8,0.014001702263263659,0.006151849917508675
ss86146,2019.6072553045858,20.74,30.6,0.006951226559128264,0.004872722679908778
ss86146,2019.6072553045858,20.74,33.8,0.0025497670616560597,0.0029317465981461037
ss86147,2019.6072553045858,20.44,10.5,0.2747859853719925,nan
ss86147,2019.6072553045858,20.44,11.3,0.23720747651748106,0.12231442779874131
ss86147,2019.6072553045858,20.44,12.3,0.20978882233609272,0.10029049652333233
ss86147,2019.6072553045858,20.44,13.5,0.20961255516166766,0.09771782213257751
ss86147,2019.6072553045858,20.44,14.9,0.22988536846110427,0.11984772071288276
ss86147,2019.6072553045858,20.44,16.6,0.2700723827449572,0.15752445074267998
ss86147,2019.6072553045858,20.44,18.7,0.20025157393547993,0.10509884147456273
ss86147,2019.6072553045858,20.44,21.2,0.06968362535962896,0.03880207692268987
ss86147,2019.6072553045858,20.44,26.2,0.018584687595938856,0.01153313351434916
ss86147,2019.6072553045858,20.44,28.7,0.011656716806937185,0.005496208098503486
ss86147,2019.6072553045858,20.44,31.5,0.0062183358377262,0.0025080817705182626
ss86147,2019.6072553045858,20.44,34.7,0.002152652127284965,0.00045390012611078596
ss90953,2020.498288843258,23.63,10.6,0.544444259144423,nan
ss90953,2020.498288843258,23.63,10.8,0.6206653608042051,0.5002070849703599
ss90953,2020.498288843258,23.63,11.3,0.9705803370365623,0.8188305672172421
ss90953,2020.498288843258,23.63,12.4,1.2620505412020768,1.0899724057454196
ss90953,2020.498288843258,23.63,13.0,1.67260421638136,1.5363849541118078
ss90953,2020.498288843258,23.63,14.3,1.4576520587481645,1.314243278018814
ss90953,2020.498288843258,23.63,14.8,1.5108250387444875,1.3539075568132497
ss90953,2020.498288843258,23.63,15.4,1.1107753309776642,0.9634135636054915
ss90953,2020.498288843258,23.63,15.9,0.4963283719160771,0.3962718934342244
ss90953,2020.498288843258,23.63,16.5,0.4757814511580865,0.3924846671695138
ss90953,2020.498288843258,23.63,17.4,0.4391963825576976,0.35523596787217326
ss90953,2020.498288843258,23.63,17.9,0.3404057631697334,0.2688248056779056
ss90953,2020.498288843258,23.63,18.8,0.18771818905420487,0.1385257548296059
ss90953,2020.498288843258,23.63,19.6,0.09351796115471424,0.05269233085108481
ss90953,2020.498288843258,23.63,20.5,0.06440647776679198,0.03357514414040411
ss90953,2020.498288843258,23.63,21.6,0.05187154505101674,0.028530965776144026
ss90953,2020.498288843258,23.63,22.6,0.040615522607880844,0.020659521120979785
ss90953,2020.498288843258,23.63,23.7,0.03436860969581673,0.01933693934564728
ss90953,2020.498288843258,23.63,24.9,0.0315338267774667,0.01359829596882681
ss90953,2020.498288843258,23.63,25.9,0.02698938360493896,0.015125667324026927
ss90953,2020.498288843258,23.63,26.8,0.022542157514726813,0.012259056109506746
ss90953,2020.498288843258,23.63,27.9,0.020272208712277157,0.009783550948483988
ss90953,2020.498288843258,23.63,29.0,0.015305052236911912,0.009315658678555046
ss90953,2020.498288843258,23.63,30.2,0.014552982316360458,0.006494571924205291
ss90953,2020.498288843258,23.63,31.3,0.006008390447550009,0.0033345381398511317
ss90953,2020.498288843258,23.63,32.6,0.006878644389437653,0.003507644534117278
ss90953,2020.498288843258,23.63,34.1,0.005173432487696037,-0.0014112878581889017
ss91521,2020.6017796030117,24.91,16.0,0.26369012326327135,0.2019343194270542
ss91521,2020.6017796030117,24.91,16.7,0.2505775481294983,0.2112903922557417
ss91521,2020.6017796030117,24.91,17.9,0.18889551639300356,0.17450184816456968
ss91521,2020.6017796030117,24.91,19.4,0.10148922876802434,0.07998322764143344
ss91521,2020.6017796030117,24.91,21.8,0.05105684023977277,0.028075308530740015
ss91521,2020.6017796030117,24.91,24.4,0.028944513975221,0.01672599095666581
ss91521,2020.6017796030117,24.91,26.9,0.01980226148624656,0.009477015840522468
ss91521,2020.6017796030117,24.91,29.9,0.01471258761537196,0.007007366864292431
ss91521,2020.6017796030117,24.91,32.9,0.002978892832180686,0.0018239205581000266
ss91522,2020.6017796030117,24.64,19.3,0.1454663581113848,0.11720197534333887
ss91522,2020.6017796030117,24.64,20.6,0.08051769718541812,0.05373453328193668
ss91522,2020.6017796030117,24.64,21.9,0.05207440130196717,0.03452007811838943
ss91522,2020.6017796030117,24.64,23.5,0.03874272592737849,0.021467138763871275
ss91522,2020.6017796030117,24.64,25.5,0.026042899859707175,0.012748648785269228
ss91522,2020.6017796030117,24.64,28.2,0.015459652319294932,0.006617114245370301
ss91522,2020.6017796030117,24.64,31.0,0.010722198034345171,0.0029336827842383123
ss91522,2020.6017796030117,24.64,34.4,0.00295479126594247,0.002692812884561817
ss91535,2020.6045174537987,20.91,18.7,0.16127976444276446,0.1256095240252784
ss91535,2020.6045174537987,20.91,19.9,0.09281005670160256,0.06395743061412916
ss91535,2020.6045174537987,20.91,21.2,0.06704334447881613,0.043093344294289584
ss91535,2020.6045174537987,20.91,22.7,0.05034741029803841,0.032546824316186204
ss91535,2020.6045174537987,20.91,24.5,0.03745913565573075,0.019024955780428766
ss91535,2020.6045174537987,20.91,26.8,0.024344490700162057,0.01549339466375412
ss91535,2020.6045174537987,20.91,29.2,0.015423141031178303,0.005686135016798403
ss91535,2020.6045174537987,20.91,32.3,0.00909022939483042,0.004234545594764899
ss91537,2020.6045174537987,20.32,14.3,1.481004824523384,1.3664392560103096
ss91537,2020.6045174537987,20.32,15.6,0.5996876992117274,0.5325735692802226
ss91537,2020.6045174537987,20.32,16.4,0.7082547422463211,0.613651094077895
ss91537,2020.6045174537987,20.32,18.3,0.2929888487361517,0.23335333898830743
ss91537,2020.6045174537987,20.32,20.5,0.06772473127390156,0.035859667110323394
ss91537,2020.6045174537987,20.32,22.7,0.04546536541844079,0.027459241616166474
ss91537,2020.6045174537987,20.32,25.0,0.02914369256982044,0.017538617945725525
ss91537,2020.6045174537987,20.32,27.4,0.019318173123054883,0.011427492594090892
ss91537,2020.6045174537987,20.32,29.9,0.012784626007275304,0.006082135323876229
ss91537,2020.6045174537987,20.32,33.1,0.00641939714472441,0.004042357393153035
ss96342,2021.498288843258,23.56,18.2,0.2030773584685336,0.14357680798554479
ss96342,2021.498288843258,23.56,18.5,0.14907830310885703,0.09215552316371212
ss96342,2021.498288843258,23.56,18.7,0.14247956878725265,0.08577909365362013
ss96342,2021.498288843258,23.56,19.0,0.13293615895409513,0.07576950695436795
ss96342,2021.498288843258,23.56,19.3,0.12632826233094407,0.07418031908335283
ss96342,2021.498288843258,23.56,19.5,0.12166495939462658,0.06710571260071155
ss96342,2021.498288843258,23.56,20.1,0.09779524590824021,0.05269747462605107
ss96342,2021.498288843258,23.56,20.8,0.08474800997468356,0.042903195478084535
ss96342,2021.498288843258,23.56,21.6,0.06518821641051271,0.03639272063821399
ss96342,2021.498288843258,23.56,22.6,0.04721833673766097,0.024989456769245726
ss96342,2021.498288843258,23.56,23.7,0.03222895262897724,0.016855978482135468
ss96342,2021.498288843258,23.56,24.8,0.02634973083186634,0.01359056405294387
ss96342,2021.498288843258,23.56,25.8,0.022000419853884772,0.01024121718520476
ss96342,2021.498288843258,23.56,26.7,0.01758329403910934,0.010701230695966955
ss96342,2021.498288843258,23.56,27.9,0.013933331261860403,0.0042024043902562985
ss96342,2021.498288843258,23.56,30.2,0.009674746968228875,0.0026752342178810247
ss96342,2021.498288843258,23.56,31.3,0.007419855672763839,0.004279148089465856
ss96342,2021.498288843258,23.56,32.6,0.002415382856668967,0.0024810229679427523
ss96342,2021.498288843258,23.56,34.1,0.005601258634372686,0.0033208837775986254
ss96343,2021.498288843258,24.24,10.4,0.207070171312405,nan
ss96343,2021.498288843258,24.24,10.8,0.20076053020087414,0.1007541367007714
ss96343,2021.498288843258,24.24,11.3,0.1930507031892301,0.08858899659546147
ss96343,2021.498288843258,24.24,11.7,0.1799233807183293,0.08417186313664897
ss96343,2021.498288843258,24.24,12.2,0.17162605394744218,0.07461811929860991
ss96343,2021.498288843258,24.24,12.7,0.160229002011626,0.0653751009889332
ss96343,2021.498288843258,24.24,13.3,0.15062043426108396,0.06283941195575699
ss96343,2021.498288843258,24.24,13.9,0.14703944977682434,0.059192750858516496
ss96343,2021.498288843258,24.24,14.5,0.13366903790672374,0.0591895685062307
ss96343,2021.498288843258,24.24,15.2,0.1320077309391354,0.057421387932631116
ss96343,2021.498288843258,24.24,15.9,0.1284641095878772,0.05676933363255197
ss96343,2021.498288843258,24.24,16.6,0.12754908749059798,0.05584387565093245
ss96343,2021.498288843258,24.24,17.4,0.12530992493706528,0.056609754381080214
ss96343,2021.498288843258,24.24,18.2,0.11949111978937003,0.05325694295163976
ss96343,2021.498288843258,24.24,19.1,0.10882374497876939,0.052181273991661475
ss96343,2021.498288843258,24.24,20.2,0.09868096490588288,0.05237142245558428
ss96343,2021.498288843258,24.24,21.3,0.08063417156771437,0.04404538254587827
ss96343,2021.498288843258,24.24,22.3,0.055276398706668645,0.03225145363635853
ss96343,2021.498288843258,24.24,23.4,0.036471878343808294,0.022121932117746285
ss96343,2021.498288843258,24.24,24.6,0.026287547260238166,0.013989518567113862
ss96343,2021.498288843258,24.24,25.5,0.021843586837886297,0.01321605609247777
ss96343,2021.498288843258,24.24,26.8,0.01931249177222241,0.010626388608721948
ss96343,2021.498288843258,24.24,27.8,0.016852493413612033,0.00766109428809354
ss96343,2021.498288843258,24.24,28.9,0.012854357558225851,0.007266829143225529
ss96343,2021.498288843258,24.24,30.2,0.008374983642769632,0.004420916900507781
ss96343,2021.498288843258,24.24,31.5,0.005229204154103508,0.003889867670619776
ss96343,2021.498288843258,24.24,32.8,0.004004129671510555,0.003284092183893697
ss96343,2021.498288843258,24.24,34.2,0.005046114078878273,0.0005854850726175314
ss96343,2021.498288843258,24.24,9.2,0.23805565634536635,nan
ss96343,2021.498288843258,24.24,9.6,0.22467969683181596,nan
ss96911,2021.6017796030117,24.83,17.9,0.20028079929635564,0.13694244069057301
ss96911,2021.6017796030117,24.83,19.0,0.16035136272183004,0.10272247515851957
ss96911,2021.6017796030117,24.83,20.5,0.10049708135025519,0.059230411522189455
ss96911,2021.6017796030117,24.83,22.4,0.07457705764429917,0.04369805518401882
ss96911,2021.6017796030117,24.83,24.8,0.025627123338719734,0.016808627382582556
ss96911,2021.6017796030117,24.83,27.4,0.01683229829441118,0.008765243821443367
ss96911,2021.6017796030117,24.83,30.2,0.0074459270735730484,0.004034307207445954
ss96911,2021.6017796030117,24.83,33.3,0.004628046237208969,0.0023815281366502132
ss96912,2021.6017796030117,24.55,11.1,0.19030907847998088,0.09025009470572994
ss96912,2021.6017796030117,24.55,12.6,0.16542493077350748,0.06976376185016059
ss96912,2021.6017796030117,24.55,14.1,0.14856643937257882,0.05742459527446891
ss96912,2021.6017796030117,24.55,15.8,0.1288280046298133,0.053209462648257426
ss96912,2021.6017796030117,24.55,17.6,0.12371711741971526,0.054373682608267554
ss96912,2021.6017796030117,24.55,20.0,0.09455763651939961,0.05028452004385037
ss96912,2021.6017796030117,24.55,22.7,0.07114890781378617,0.035373542152986236
ss96912,2021.6017796030117,24.55,25.5,0.02520734246189868,0.01494904912855577
ss96912,2021.6017796030117,24.55,28.1,0.012945337818979271,0.008211731293970912
ss96912,2021.6017796030117,24.55,31.1,0.007214900915318873,0.004904102898588615
ss96912,2021.6017796030117,24.55,34.4,0.0018195166502492353,0.004141843960654496
ss96912,2021.6017796030117,24.55,9.8,0.24329927631704826,nan
ss96925,2021.6045174537987,20.83,19.1,0.15943402877917148,0.11451187346781003
ss96925,2021.6045174537987,20.83,20.4,0.09767041431773389,0.06510132064940256
ss96925,2021.6045174537987,20.83,21.7,0.07316653518819094,0.04499754567835614
ss96925,2021.6045174537987,20.83,23.1,0.04555739684709168,0.027698782953332255
ss96925,2021.6045174537987,20.83,25.0,0.028600800341936444,0.01568621617695175
ss96925,2021.6045174537987,20.83,27.5,0.016001329661445747,0.009817939822731275
ss96925,2021.6045174537987,20.83,30.0,0.013379774983450454,0.005005978512289919
ss96925,2021.6045174537987,20.83,33.1,0.003892258018056055,0.001540398837598355
ss96926,2021.6045174537987,20.53,16.6,0.2672038999671635,0.1765377030928777
ss96926,2021.6045174537987,20.53,17.3,0.2377171393344225,0.16616610782018082
ss96926,2021.6045174537987,20.53,18.5,0.1676804389638907,0.11605989218571042
ss96926,2021.6045174537987,20.53,20.3,0.0992550177562127,0.05094117326553104
ss96926,2021.6045174537987,20.53,22.6,0.059405141903160846,0.033646766227462606
ss96926,2021.6045174537987,20.53,27.4,0.01955457556355468,0.009675720269847933
ss96926,2021.6045174537987,20.53,30.3,0.010721093589465503,0.005055000270684763
ss96926,2021.6045174537987,20.53,33.1,0.0025790779642309355,0.0016505431068332757
ss96927,2021.6045174537987,20.23,10.7,0.22350886782582854,0.13081126543195074
ss96927,2021.6045174537987,20.23,11.6,0.1977828353286063,0.10366342098242728
ss96927,2021.6045174537987,20.23,12.8,0.17685404809753572,0.08710948773240115
ss96927,2021.6045174537987,20.23,14.3,0.15856771876334286,0.07372831145481035
ss96927,2021.6045174537987,20.23,15.8,0.17267687106133958,0.08816704968343313
ss96927,2021.6045174537987,20.23,17.6,0.15957110233817617,0.08333448080696211
ss96927,2021.6045174537987,20.23,19.9,0.10442051111907649,0.05525724788297794
ss96927,2021.6045174537987,20.23,22.4,0.07043653270737962,0.03898793466119997
ss96927,2021.6045174537987,20.23,25.0,0.028995849162701266,0.016998084641142542
ss96927,2021.6045174537987,20.23,27.5,0.021680484236379152,0.009064154776103686
ss96927,2021.6045174537987,20.23,30.2,0.008094468496540472,0.007792920045769669
ss96927,2021.6045174537987,20.23,33.2,0.003991622435616914,0.0015812050913015271
ss96927,2021.6045174537987,20.23,9.9,0.24873078661642092,nan
