# NO2 absorption cross section. Vandaele et al. (1998), 220 K.
# Source: MPI-Mainz UV/VIS Atlas /uvvis_data/cross_sections/Nitrogen oxides/
#   NO2_Vandaele(1998)_220K_238-667nm.txt
# Reference: Vandaele et al., JQSRT 59, 171 (1998); Atlas DOI 10.5194/essd-5-365-2013.
# Wavelength 238-667 nm; cross section cm^2/molecule.
wavelength_nm,cross_section_cm2
238.082,4.17771e-19
238.088,4.1143e-19
238.093,4.05209e-19
238.099,3.99187e-19
238.104,3.93435e-19
238.11,3.88022e-19
238.115,3.83004e-19
238.12,3.78434e-19
238.126,3.7435e-19
238.131,3.70785e-19
238.137,3.6776e-19
238.142,3.65289e-19
238.148,3.63374e-19
238.153,3.62013e-19
238.159,3.61197e-19
238.164,3.60912e-19
238.17,3.6114e-19
238.175,3.61861e-19
238.181,3.63054e-19
238.186,3.64699e-19
238.192,3.66775e-19
238.197,3.69264e-19
238.203,3.72148e-19
238.208,3.75409e-19
238.213,3.79033e-19
238.219,3.83001e-19
238.224,3.87295e-19
238.23,3.91893e-19
238.235,3.9677e-19
238.241,4.01893e-19
238.246,4.07223e-19
238.252,4.12713e-19
238.257,4.18305e-19
238.263,4.23934e-19
238.268,4.29522e-19
238.274,4.34984e-19
238.279,4.40226e-19
238.285,4.45149e-19
238.29,4.49646e-19
238.296,4.53611e-19
238.301,4.56938e-19
238.307,4.59526e-19
238.312,4.61282e-19
238.318,4.62125e-19
238.323,4.61987e-19
238.328,4.6082e-19
238.334,4.586e-19
238.339,4.55322e-19
238.345,4.5101e-19
238.35,4.45713e-19
238.356,4.39508e-19
238.361,4.32498e-19
238.367,4.24808e-19
238.372,4.16588e-19
238.378,4.08004e-19
238.383,3.99236e-19
238.389,3.90474e-19
238.394,3.81912e-19
238.4,3.73741e-19
238.405,3.66144e-19
238.411,3.59291e-19
238.416,3.53332e-19
238.422,3.48395e-19
238.427,3.44577e-19
238.433,3.41943e-19
238.438,3.40525e-19
238.444,3.40319e-19
238.449,3.41283e-19
238.455,3.43343e-19
238.46,3.46389e-19
238.466,3.50283e-19
238.471,3.54862e-19
238.476,3.59941e-19
238.482,3.65324e-19
238.487,3.70805e-19
238.493,3.76178e-19
238.498,3.81242e-19
238.504,3.8581e-19
238.509,3.89711e-19
238.515,3.928e-19
238.52,3.94959e-19
238.526,3.96102e-19
238.531,3.96178e-19
238.537,3.9517e-19
238.542,3.93098e-19
238.548,3.90013e-19
238.553,3.86e-19
238.559,3.81167e-19
238.564,3.75648e-19
238.57,3.69592e-19
238.575,3.63158e-19
238.581,3.56512e-19
238.586,3.49815e-19
238.592,3.43219e-19
238.597,3.36863e-19
238.603,3.30865e-19
238.608,3.25319e-19
238.614,3.20292e-19
238.619,3.15817e-19
238.625,3.11901e-19
238.63,3.08516e-19
238.636,3.05607e-19
238.641,3.03088e-19
238.647,3.00854e-19
238.652,2.9878e-19
238.658,2.96726e-19
238.663,2.94546e-19
238.669,2.92093e-19
238.674,2.89224e-19
238.68,2.85808e-19
238.685,2.8173e-19
238.691,2.76898e-19
238.696,2.71244e-19
238.702,2.6473e-19
238.707,2.5735e-19
238.713,2.49129e-19
238.718,2.40123e-19
238.724,2.3042e-19
238.729,2.20132e-19
238.735,2.09399e-19
238.74,1.98377e-19
238.746,1.87237e-19
238.751,1.76156e-19
238.757,1.65318e-19
238.762,1.54897e-19
238.768,1.45061e-19
238.773,1.35962e-19
238.779,1.27731e-19
238.784,1.20476e-19
238.79,1.14276e-19
238.795,1.09184e-19
238.801,1.05219e-19
238.806,1.02371e-19
238.812,1.00601e-19
238.817,9.98428e-20
238.823,1.00007e-19
238.828,1.00982e-19
238.834,1.02642e-19
238.839,1.04851e-19
238.845,1.07465e-19
238.85,1.1034e-19
238.856,1.13337e-19
238.861,1.16324e-19
238.867,1.19181e-19
238.872,1.21807e-19
238.878,1.24116e-19
238.883,1.26042e-19
238.889,1.27543e-19
238.894,1.28596e-19
238.9,1.29196e-19
238.905,1.2936e-19
238.911,1.2912e-19
238.916,1.28519e-19
238.922,1.27614e-19
238.927,1.26466e-19
238.933,1.25139e-19
238.938,1.237e-19
238.944,1.2221e-19
238.949,1.20723e-19
238.955,1.19289e-19
238.96,1.17943e-19
238.966,1.16711e-19
238.971,1.15609e-19
238.977,1.14638e-19
238.982,1.13792e-19
238.988,1.13053e-19
238.993,1.12396e-19
238.999,1.11792e-19
239.004,1.11208e-19
239.01,1.10612e-19
239.015,1.09973e-19
239.021,1.09265e-19
239.026,1.08467e-19
239.032,1.07571e-19
239.037,1.06572e-19
239.043,1.05481e-19
239.048,1.04315e-19
239.054,1.03104e-19
239.059,1.01885e-19
239.065,1.00704e-19
239.07,9.96102e-20
239.076,9.86579e-20
239.081,9.79016e-20
239.087,9.73941e-20
239.092,9.71837e-20
239.098,9.73118e-20
239.104,9.78108e-20
239.109,9.87025e-20
239.115,9.99962e-20
239.12,1.01688e-19
239.126,1.03761e-19
239.131,1.06186e-19
239.137,1.08919e-19
239.142,1.11908e-19
239.148,1.15091e-19
239.153,1.18398e-19
239.159,1.21756e-19
239.164,1.25092e-19
239.17,1.28332e-19
239.175,1.31407e-19
239.181,1.34255e-19
239.186,1.36822e-19
239.192,1.39067e-19
239.197,1.40958e-19
239.203,1.42479e-19
239.208,1.43625e-19
239.214,1.44405e-19
239.219,1.44842e-19
239.225,1.44966e-19
239.23,1.4482e-19
239.236,1.4445e-19
239.241,1.4391e-19
239.247,1.43252e-19
239.252,1.42531e-19
239.258,1.41795e-19
239.264,1.41089e-19
239.269,1.40449e-19
239.275,1.39902e-19
239.28,1.39464e-19
239.286,1.39142e-19
239.291,1.38931e-19
239.297,1.38814e-19
239.302,1.38768e-19
239.308,1.3876e-19
239.313,1.38752e-19
239.319,1.38702e-19
239.324,1.38569e-19
239.33,1.38311e-19
239.335,1.37891e-19
239.341,1.37279e-19
239.346,1.36453e-19
239.352,1.35398e-19
239.357,1.34115e-19
239.363,1.32612e-19
239.369,1.30911e-19
239.374,1.29045e-19
239.38,1.27054e-19
239.385,1.24988e-19
239.391,1.22905e-19
239.396,1.20861e-19
239.402,1.18918e-19
239.407,1.17132e-19
239.413,1.15555e-19
239.418,1.14232e-19
239.424,1.13196e-19
239.429,1.12469e-19
239.435,1.12058e-19
239.44,1.11956e-19
239.446,1.12141e-19
239.451,1.12574e-19
239.457,1.13206e-19
239.462,1.13974e-19
239.468,1.14805e-19
239.474,1.1562e-19
239.479,1.16337e-19
239.485,1.16874e-19
239.49,1.17153e-19
239.496,1.171e-19
239.501,1.16657e-19
239.507,1.15776e-19
239.512,1.14426e-19
239.518,1.12595e-19
239.523,1.10288e-19
239.529,1.07532e-19
239.534,1.04373e-19
239.54,1.00874e-19
239.545,9.71149e-20
239.551,9.31889e-20
239.557,8.9199e-20
239.562,8.52544e-20
239.568,8.14663e-20
239.573,7.79435e-20
239.579,7.47878e-20
239.584,7.20901e-20
239.59,6.99265e-20
239.595,6.83549e-20
239.601,6.74122e-20
239.606,6.71127e-20
239.612,6.74469e-20
239.617,6.83816e-20
239.623,6.98605e-20
239.629,7.18064e-20
239.634,7.41235e-20
239.64,7.6701e-20
239.645,7.94172e-20
239.651,8.21441e-20
239.656,8.47521e-20
239.662,8.71154e-20
239.667,8.91165e-20
239.673,9.06511e-20
239.678,9.16321e-20
239.684,9.19933e-20
239.689,9.16922e-20
239.695,9.07118e-20
239.701,8.90614e-20
239.706,8.67766e-20
239.712,8.3918e-20
239.717,8.05695e-20
239.723,7.68346e-20
239.728,7.28332e-20
239.734,6.86967e-20
239.739,6.45634e-20
239.745,6.05733e-20
239.75,5.68624e-20
239.756,5.35583e-20
239.762,5.07749e-20
239.767,4.86083e-20
239.773,4.71333e-20
239.778,4.64008e-20
239.784,4.64356e-20
239.789,4.72362e-20
239.795,4.87746e-20
239.8,5.09979e-20
239.806,5.38302e-20
239.811,5.7176e-20
239.817,6.09237e-20
239.823,6.49506e-20
239.828,6.91268e-20
239.834,7.33211e-20
239.839,7.74052e-20
239.845,8.12591e-20
239.85,8.47751e-20
239.856,8.78618e-20
239.861,9.0447e-20
239.867,9.24803e-20
239.872,9.39339e-20
239.878,9.48035e-20
239.884,9.51073e-20
239.889,9.48848e-20
239.895,9.41942e-20
239.9,9.31092e-20
239.906,9.17154e-20
239.911,9.01064e-20
239.917,8.83788e-20
239.922,8.66281e-20
239.928,8.49443e-20
239.934,8.34078e-20
239.939,8.2086e-20
239.945,8.10302e-20
239.95,8.02734e-20
239.956,7.98295e-20
239.961,7.96921e-20
239.967,7.98357e-20
239.972,8.02167e-20
239.978,8.07757e-20
239.984,8.14404e-20
239.989,8.2129e-20
239.995,8.27544e-20
240,8.32279e-20
240.006,8.3464e-20
240.011,8.33838e-20
240.017,8.29197e-20
240.022,8.20178e-20
240.028,8.06413e-20
240.034,7.87722e-20
240.039,7.64127e-20
240.045,7.35849e-20
240.05,7.03309e-20
240.056,6.67109e-20
240.061,6.28008e-20
240.067,5.86895e-20
240.072,5.44751e-20
240.078,5.02609e-20
240.084,4.61512e-20
240.089,4.22467e-20
240.095,3.86405e-20
240.1,3.5414e-20
240.106,3.26333e-20
240.111,3.03468e-20
240.117,2.85824e-20
240.123,2.73466e-20
240.128,2.66244e-20
240.134,2.63792e-20
240.139,2.65546e-20
240.145,2.70769e-20
240.15,2.78577e-20
240.156,2.87981e-20
240.161,2.97922e-20
240.167,3.07324e-20
240.173,3.15134e-20
240.178,3.20368e-20
240.184,3.22157e-20
240.189,3.19782e-20
240.195,3.12707e-20
240.2,3.00606e-20
240.206,2.83375e-20
240.212,2.61144e-20
240.217,2.34273e-20
240.223,2.03337e-20
240.228,1.6911e-20
240.234,1.32534e-20
240.239,9.46813e-21
240.245,5.67155e-21
240.25,1.98435e-21
240.256,-1.47306e-21
240.262,-4.58545e-21
240.267,-7.24728e-21
240.273,-9.367e-21
240.278,-1.08707e-20
240.284,-1.17052e-20
240.289,-1.184e-20
240.295,-1.1269e-20
240.301,-1.00103e-20
240.306,-8.10602e-21
240.312,-5.62037e-21
240.317,-2.63745e-21
240.323,7.42067e-22
240.328,4.40482e-21
240.334,8.2291e-21
240.34,1.20895e-20
240.345,1.58618e-20
240.351,1.94274e-20
240.356,2.26782e-20
240.362,2.55202e-20
240.367,2.78773e-20
240.373,2.96935e-20
240.379,3.09352e-20
240.384,3.1592e-20
240.39,3.16767e-20
240.395,3.12243e-20
240.401,3.02903e-20
240.406,2.8948e-20
240.412,2.72854e-20
240.418,2.54012e-20
240.423,2.34006e-20
240.429,2.13909e-20
240.434,1.9477e-20
240.44,1.7757e-20
240.446,1.63185e-20
240.451,1.52348e-20
240.457,1.45622e-20
240.462,1.43378e-20
240.468,1.45784e-20
240.473,1.528e-20
240.479,1.64179e-20
240.485,1.79485e-20
240.49,1.98115e-20
240.496,2.19319e-20
240.501,2.42242e-20
240.507,2.65957e-20
240.512,2.89509e-20
240.518,3.11952e-20
240.524,3.32395e-20
240.529,3.50034e-20
240.535,3.64192e-20
240.54,3.74345e-20
240.546,3.80142e-20
240.552,3.81422e-20
240.557,3.7822e-20
240.563,3.70764e-20
240.568,3.59464e-20
240.574,3.44899e-20
240.579,3.27784e-20
240.585,3.08947e-20
240.591,2.8929e-20
240.596,2.69751e-20
240.602,2.51266e-20
240.607,2.34727e-20
240.613,2.20946e-20
240.619,2.1062e-20
240.624,2.04301e-20
240.63,2.02374e-20
240.635,2.05038e-20
240.641,2.12298e-20
240.646,2.23965e-20
240.652,2.39659e-20
240.658,2.58826e-20
240.663,2.80759e-20
240.669,3.04625e-20
240.674,3.29496e-20
240.68,3.54385e-20
240.686,3.78286e-20
240.691,4.00211e-20
240.697,4.19228e-20
240.702,4.34497e-20
240.708,4.45299e-20
240.713,4.51068e-20
240.719,4.51405e-20
240.725,4.46097e-20
240.73,4.35122e-20
240.736,4.18647e-20
240.741,3.97024e-20
240.747,3.70769e-20
240.753,3.40548e-20
240.758,3.07148e-20
240.764,2.71444e-20
240.769,2.34371e-20
240.775,1.96888e-20
240.781,1.59941e-20
240.786,1.24433e-20
240.792,9.11893e-21
240.797,6.09356e-21
240.803,3.42708e-21
240.809,1.16522e-21
240.814,-6.61579e-22
240.82,-2.0387e-21
240.825,-2.96714e-21
240.831,-3.46282e-21
240.837,-3.55526e-21
240.842,-3.28579e-21
240.848,-2.7054e-21
240.853,-1.87224e-21
240.859,-8.48967e-22
240.864,2.99969e-22
240.87,1.51101e-21
240.876,2.72399e-21
240.881,3.88444e-21
240.887,4.94544e-21
240.892,5.86917e-21
240.898,6.62793e-21
240.904,7.20468e-21
240.909,7.59313e-21
240.915,7.79727e-21
240.92,7.83052e-21
240.926,7.71446e-21
240.932,7.47731e-21
240.937,7.15203e-21
240.943,6.77448e-21
240.948,6.38132e-21
240.954,6.00814e-21
240.96,5.6876e-21
240.965,5.44786e-21
240.971,5.31126e-21
240.976,5.29334e-21
240.982,5.40226e-21
240.988,5.6386e-21
240.993,5.99555e-21
240.999,6.45948e-21
241.004,7.01085e-21
241.01,7.6254e-21
241.016,8.27558e-21
241.021,8.93208e-21
241.027,9.5655e-21
241.032,1.01479e-20
241.038,1.06546e-20
241.044,1.10649e-20
241.049,1.1364e-20
241.055,1.15432e-20
241.06,1.16009e-20
241.066,1.15421e-20
241.072,1.13789e-20
241.077,1.11297e-20
241.083,1.08179e-20
241.089,1.04714e-20
241.094,1.01209e-20
241.1,9.79825e-21
241.105,9.5351e-21
241.111,9.36113e-21
241.117,9.30254e-21
241.122,9.38066e-21
241.128,9.61075e-21
241.133,1.00011e-20
241.139,1.05526e-20
241.145,1.1258e-20
241.15,1.21029e-20
241.156,1.30654e-20
241.161,1.41174e-20
241.167,1.52257e-20
241.173,1.63534e-20
241.178,1.74612e-20
241.184,1.85098e-20
241.189,1.9461e-20
241.195,2.028e-20
241.201,2.09368e-20
241.206,2.14074e-20
241.212,2.16755e-20
241.218,2.17333e-20
241.223,2.15815e-20
241.229,2.12303e-20
241.234,2.06984e-20
241.24,2.00127e-20
241.246,1.92073e-20
241.251,1.8322e-20
241.257,1.74008e-20
241.262,1.64901e-20
241.268,1.56364e-20
241.274,1.48847e-20
241.279,1.42762e-20
241.285,1.38465e-20
241.291,1.3624e-20
241.296,1.36283e-20
241.302,1.38694e-20
241.307,1.43467e-20
241.313,1.5049e-20
241.319,1.59544e-20
241.324,1.70311e-20
241.33,1.82384e-20
241.335,1.95281e-20
241.341,2.08459e-20
241.347,2.21339e-20
241.352,2.33323e-20
241.358,2.43821e-20
241.364,2.52268e-20
241.369,2.58152e-20
241.375,2.6103e-20
241.38,2.60548e-20
241.386,2.56453e-20
241.392,2.4861e-20
241.397,2.36999e-20
241.403,2.21728e-20
241.409,2.03021e-20
241.414,1.81219e-20
241.42,1.56764e-20
241.425,1.30186e-20
241.431,1.02086e-20
241.437,7.31131e-21
241.442,4.39462e-21
241.448,1.52671e-21
241.453,-1.22603e-21
241.459,-3.80128e-21
241.465,-6.14281e-21
241.47,-8.20224e-21
241.476,-9.94061e-21
241.482,-1.13294e-20
241.487,-1.23513e-20
241.493,-1.30006e-20
241.499,-1.32828e-20
241.504,-1.32144e-20
241.51,-1.28217e-20
241.515,-1.21399e-20
241.521,-1.1211e-20
241.527,-1.00827e-20
241.532,-8.80597e-21
241.538,-7.43325e-21
241.544,-6.01657e-21
241.549,-4.60558e-21
241.555,-3.24586e-21
241.56,-1.9774e-21
241.566,-8.33451e-22
241.572,1.60456e-22
241.577,9.86996e-22
241.583,1.63727e-21
241.589,2.11064e-21
241.594,2.41421e-21
241.6,2.56203e-21
241.605,2.57402e-21
241.611,2.47464e-21
241.617,2.29151e-21
241.622,2.05381e-21
241.628,1.79079e-21
241.634,1.53021e-21
241.639,1.297e-21
241.645,1.11203e-21
241.65,9.91093e-22
241.656,9.44218e-22
241.662,9.75187e-22
241.667,1.08143e-21
241.673,1.25417e-21
241.679,1.47894e-21
241.684,1.7363e-21
241.69,2.00284e-21
241.696,2.25236e-21
241.701,2.45724e-21
241.707,2.58982e-21
241.712,2.62387e-21
241.718,2.53603e-21
241.724,2.30709e-21
241.729,1.9232e-21
241.735,1.3768e-21
241.741,6.67406e-22
241.746,-1.97986e-22
241.752,-1.20471e-21
241.758,-2.33056e-21
241.763,-3.54627e-21
241.769,-4.81619e-21
241.774,-6.09928e-21
241.78,-7.35036e-21
241.786,-8.52141e-21
241.791,-9.56318e-21
241.797,-1.04267e-20
241.803,-1.1065e-20
241.808,-1.14345e-20
241.814,-1.14966e-20
241.82,-1.1219e-20
241.825,-1.05769e-20
241.831,-9.55357e-21
241.837,-8.14146e-21
241.842,-6.34211e-21
241.848,-4.16643e-21
241.853,-1.63436e-21
241.859,1.22562e-21
241.865,4.37736e-21
241.87,7.77801e-21
241.876,1.13793e-20
241.882,1.51291e-20
241.887,1.89725e-20
241.893,2.28541e-20
241.899,2.67188e-20
241.904,3.0514e-20
241.91,3.41907e-20
241.916,3.77052e-20
241.921,4.10196e-20
241.927,4.41035e-20
241.932,4.69343e-20
241.938,4.94977e-20
241.944,5.17881e-20
241.949,5.38082e-20
241.955,5.55691e-20
241.961,5.70894e-20
241.966,5.83947e-20
241.972,5.95163e-20
241.978,6.04904e-20
241.983,6.13565e-20
241.989,6.21566e-20
241.995,6.29332e-20
242,6.37283e-20
242.006,6.45818e-20
242.012,6.55308e-20
242.017,6.66076e-20
242.023,6.78396e-20
242.028,6.92479e-20
242.034,7.08469e-20
242.04,7.26441e-20
242.045,7.46395e-20
242.051,7.68262e-20
242.057,7.91905e-20
242.062,8.1712e-20
242.068,8.43652e-20
242.074,8.71195e-20
242.079,8.99409e-20
242.085,9.27927e-20
242.091,9.5637e-20
242.096,9.84361e-20
242.102,1.01153e-19
242.108,1.03754e-19
242.113,1.06209e-19
242.119,1.08492e-19
242.125,1.10582e-19
242.13,1.12466e-19
242.136,1.14137e-19
242.142,1.15596e-19
242.147,1.16848e-19
242.153,1.17908e-19
242.158,1.18796e-19
242.164,1.19538e-19
242.17,1.20165e-19
242.175,1.2071e-19
242.181,1.21211e-19
242.187,1.21703e-19
242.192,1.22225e-19
242.198,1.22811e-19
242.204,1.23491e-19
242.209,1.24292e-19
242.215,1.25232e-19
242.221,1.26325e-19
242.226,1.27574e-19
242.232,1.28975e-19
242.238,1.30513e-19
242.243,1.32164e-19
242.249,1.33898e-19
242.255,1.35673e-19
242.26,1.37444e-19
242.266,1.39155e-19
242.272,1.40752e-19
242.277,1.42173e-19
242.283,1.43361e-19
242.289,1.44256e-19
242.294,1.44805e-19
242.3,1.44962e-19
242.306,1.44686e-19
242.311,1.43948e-19
242.317,1.42731e-19
242.323,1.41031e-19
242.328,1.38856e-19
242.334,1.36231e-19
242.34,1.33192e-19
242.345,1.29793e-19
242.351,1.26098e-19
242.357,1.22181e-19
242.362,1.18129e-19
242.368,1.14034e-19
242.374,1.09992e-19
242.379,1.06103e-19
242.385,1.02462e-19
242.391,9.91627e-20
242.396,9.62885e-20
242.402,9.39133e-20
242.408,9.20976e-20
242.413,9.08856e-20
242.419,9.03042e-20
242.425,9.0361e-20
242.43,9.10436e-20
242.436,9.23197e-20
242.442,9.41372e-20
242.447,9.64256e-20
242.453,9.90976e-20
242.459,1.02052e-19
242.464,1.05175e-19
242.47,1.08346e-19
242.476,1.11439e-19
242.481,1.14329e-19
242.487,1.16893e-19
242.493,1.19016e-19
242.498,1.20594e-19
242.504,1.21541e-19
242.51,1.21784e-19
242.515,1.21274e-19
242.521,1.19984e-19
242.527,1.1791e-19
242.532,1.15073e-19
242.538,1.11517e-19
242.544,1.0731e-19
242.549,1.02539e-19
242.555,9.73112e-20
242.561,9.17469e-20
242.566,8.5979e-20
242.572,8.01468e-20
242.578,7.43926e-20
242.583,6.88566e-20
242.589,6.36724e-20
242.595,5.89632e-20
242.6,5.48371e-20
242.606,5.13842e-20
242.612,4.86733e-20
242.618,4.675e-20
242.623,4.56349e-20
242.629,4.53235e-20
242.635,4.57859e-20
242.64,4.69685e-20
242.646,4.87953e-20
242.652,5.11713e-20
242.657,5.3985e-20
242.663,5.71129e-20
242.669,6.04235e-20
242.674,6.37816e-20
242.68,6.70532e-20
242.686,7.011e-20
242.691,7.28335e-20
242.697,7.5119e-20
242.703,7.6879e-20
242.708,7.8046e-20
242.714,7.85746e-20
242.72,7.84425e-20
242.725,7.76515e-20
242.731,7.62261e-20
242.737,7.42134e-20
242.742,7.16802e-20
242.748,6.87107e-20
242.754,6.54034e-20
242.76,6.18668e-20
242.765,5.8216e-20
242.771,5.45678e-20
242.777,5.10371e-20
242.782,4.77324e-20
242.788,4.47518e-20
242.794,4.21802e-20
242.799,4.0086e-20
242.805,3.8519e-20
242.811,3.75086e-20
242.816,3.70639e-20
242.822,3.71728e-20
242.828,3.78032e-20
242.833,3.89048e-20
242.839,4.04107e-20
242.845,4.22407e-20
242.851,4.43042e-20
242.856,4.6504e-20
242.862,4.87397e-20
242.868,5.09119e-20
242.873,5.29255e-20
242.879,5.46936e-20
242.885,5.61403e-20
242.89,5.72034e-20
242.896,5.78367e-20
242.902,5.80113e-20
242.907,5.77163e-20
242.913,5.69591e-20
242.919,5.57648e-20
242.924,5.41749e-20
242.93,5.22453e-20
242.936,5.00443e-20
242.942,4.76496e-20
242.947,4.51454e-20
242.953,4.26188e-20
242.959,4.01571e-20
242.964,3.7844e-20
242.97,3.5757e-20
242.976,3.39642e-20
242.981,3.25227e-20
242.987,3.14758e-20
242.993,3.08525e-20
242.999,3.06665e-20
243.004,3.09161e-20
243.01,3.15844e-20
243.016,3.26407e-20
243.021,3.4042e-20
243.027,3.57345e-20
243.033,3.76564e-20
243.038,3.97401e-20
243.044,4.19151e-20
243.05,4.41106e-20
243.055,4.6258e-20
243.061,4.82936e-20
243.067,5.01608e-20
243.073,5.18115e-20
243.078,5.32083e-20
243.084,5.43246e-20
243.09,5.51457e-20
243.095,5.56688e-20
243.101,5.5902e-20
243.107,5.58642e-20
243.112,5.5583e-20
243.118,5.50935e-20
243.124,5.44367e-20
243.13,5.36567e-20
243.135,5.27994e-20
243.141,5.19099e-20
243.147,5.10306e-20
243.152,5.01996e-20
243.158,4.9449e-20
243.164,4.88036e-20
243.17,4.82801e-20
243.175,4.78867e-20
243.181,4.76229e-20
243.187,4.74795e-20
243.192,4.744e-20
243.198,4.74808e-20
243.204,4.75727e-20
243.209,4.76828e-20
243.215,4.77755e-20
243.221,4.78147e-20
243.227,4.77651e-20
243.232,4.75941e-20
243.238,4.72734e-20
243.244,4.67799e-20
243.249,4.60971e-20
243.255,4.52155e-20
243.261,4.41334e-20
243.267,4.28569e-20
243.272,4.13994e-20
243.278,3.97814e-20
243.284,3.80294e-20
243.289,3.61751e-20
243.295,3.42539e-20
243.301,3.23039e-20
243.306,3.03639e-20
243.312,2.84724e-20
243.318,2.66659e-20
243.324,2.49779e-20
243.329,2.34374e-20
243.335,2.20684e-20
243.341,2.08887e-20
243.346,1.99101e-20
243.352,1.91376e-20
243.358,1.85698e-20
243.364,1.81996e-20
243.369,1.80141e-20
243.375,1.7996e-20
243.381,1.81242e-20
243.386,1.8375e-20
243.392,1.8723e-20
243.398,1.91427e-20
243.404,1.96089e-20
243.409,2.00982e-20
243.415,2.05896e-20
243.421,2.10653e-20
243.426,2.15111e-20
243.432,2.19165e-20
243.438,2.22753e-20
243.444,2.2585e-20
243.449,2.28464e-20
243.455,2.30636e-20
243.461,2.32429e-20
243.466,2.33925e-20
243.472,2.35212e-20
243.478,2.36383e-20
243.484,2.3752e-20
243.489,2.38694e-20
243.495,2.39957e-20
243.501,2.41336e-20
243.506,2.42832e-20
243.512,2.44416e-20
243.518,2.46035e-20
243.524,2.47606e-20
243.529,2.49027e-20
243.535,2.50181e-20
243.541,2.50937e-20
243.547,2.51165e-20
243.552,2.50736e-20
243.558,2.49534e-20
243.564,2.47464e-20
243.569,2.44452e-20
243.575,2.40457e-20
243.581,2.35471e-20
243.587,2.29522e-20
243.592,2.22673e-20
243.598,2.15025e-20
243.604,2.06706e-20
243.609,1.97874e-20
243.615,1.88705e-20
243.621,1.79388e-20
243.627,1.70117e-20
243.632,1.61081e-20
243.638,1.52455e-20
243.644,1.44395e-20
243.65,1.37026e-20
243.655,1.30441e-20
243.661,1.24693e-20
243.667,1.19793e-20
243.672,1.1571e-20
243.678,1.12374e-20
243.684,1.09677e-20
243.69,1.0748e-20
243.695,1.0562e-20
243.701,1.03919e-20
243.707,1.02194e-20
243.713,1.00266e-20
243.718,9.79723e-21
243.724,9.51761e-21
243.73,9.17747e-21
243.735,8.77086e-21
243.741,8.29669e-21
243.747,7.75919e-21
243.753,7.16801e-21
243.758,6.53814e-21
243.764,5.88956e-21
243.77,5.24661e-21
243.776,4.63713e-21
243.781,4.09139e-21
243.787,3.64088e-21
243.793,3.3169e-21
243.799,3.14917e-21
243.804,3.16439e-21
243.81,3.38481e-21
243.816,3.82704e-21
243.821,4.50089e-21
243.827,5.4085e-21
243.833,6.54379e-21
243.839,7.89213e-21
243.844,9.43037e-21
243.85,1.11272e-20
243.856,1.2944e-20
243.862,1.48357e-20
243.867,1.67521e-20
243.873,1.86396e-20
243.879,2.04427e-20
243.885,2.21063e-20
243.89,2.35771e-20
243.896,2.48061e-20
243.902,2.57499e-20
243.908,2.63728e-20
243.913,2.66481e-20
243.919,2.65591e-20
243.925,2.61004e-20
243.93,2.52777e-20
243.936,2.41085e-20
243.942,2.26212e-20
243.948,2.08547e-20
243.953,1.88571e-20
243.959,1.66844e-20
243.965,1.43984e-20
243.971,1.20649e-20
243.976,9.75171e-21
243.982,7.52599e-21
243.988,5.45236e-21
243.994,3.59057e-21
243.999,1.99357e-21
244.005,7.05711e-22
244.011,-2.387e-22
244.017,-8.16494e-22
244.022,-1.01636e-21
244.028,-8.39114e-22
244.034,-2.97572e-22
244.04,5.84038e-22
244.045,1.77105e-21
244.051,3.21968e-21
244.057,4.87872e-21
244.063,6.69139e-21
244.068,8.59746e-21
244.074,1.05354e-20
244.08,1.24446e-20
244.086,1.42674e-20
244.091,1.59512e-20
244.097,1.74503e-20
244.103,1.8727e-20
244.109,1.97531e-20
244.114,2.05106e-20
244.12,2.09917e-20
244.126,2.11994e-20
244.132,2.11465e-20
244.137,2.08547e-20
244.143,2.03541e-20
244.149,1.96809e-20
244.155,1.88761e-20
244.16,1.79836e-20
244.166,1.70484e-20
244.172,1.61141e-20
244.178,1.52216e-20
244.183,1.44072e-20
244.189,1.37008e-20
244.195,1.3125e-20
244.201,1.2694e-20
244.206,1.24131e-20
244.212,1.22786e-20
244.218,1.22778e-20
244.224,1.23897e-20
244.229,1.2586e-20
244.235,1.28323e-20
244.241,1.30895e-20
244.247,1.33154e-20
244.252,1.34669e-20
244.258,1.35017e-20
244.264,1.33798e-20
244.27,1.3066e-20
244.275,1.25307e-20
244.281,1.17519e-20
244.287,1.0716e-20
244.293,9.41845e-21
244.298,7.86447e-21
244.304,6.06888e-21
244.31,4.05579e-21
244.316,1.85796e-21
244.321,-4.8429e-22
244.327,-2.92434e-21
244.333,-5.41088e-21
244.339,-7.88961e-21
244.344,-1.03051e-20
244.35,-1.26027e-20
244.356,-1.47304e-20
244.362,-1.66407e-20
244.367,-1.82918e-20
244.373,-1.96498e-20
244.379,-2.06888e-20
244.385,-2.13926e-20
244.39,-2.17545e-20
244.396,-2.17777e-20
244.402,-2.14753e-20
244.408,-2.08691e-20
244.414,-1.99892e-20
244.419,-1.88725e-20
244.425,-1.75618e-20
244.431,-1.61035e-20
244.437,-1.45465e-20
244.442,-1.29401e-20
244.448,-1.13326e-20
244.454,-9.7693e-21
244.46,-8.29135e-21
244.465,-6.93417e-21
244.471,-5.72652e-21
244.477,-4.68969e-21
244.483,-3.83697e-21
244.488,-3.17348e-21
244.494,-2.69631e-21
244.5,-2.3949e-21
244.506,-2.25174e-21
244.512,-2.24331e-21
244.517,-2.3412e-21
244.523,-2.51339e-21
244.529,-2.72564e-21
244.535,-2.94287e-21
244.54,-3.13063e-21
244.546,-3.25636e-21
244.552,-3.29069e-21
244.558,-3.20846e-21
244.563,-2.98958e-21
244.569,-2.61968e-21
244.575,-2.09053e-21
244.581,-1.40015e-21
244.587,-5.52696e-22
244.592,4.41831e-22
244.598,1.5682e-21
244.604,2.80668e-21
244.61,4.13394e-21
244.615,5.52405e-21
244.621,6.94961e-21
244.627,8.38279e-21
244.633,9.79645e-21
244.638,1.11652e-20
244.644,1.24661e-20
244.65,1.36797e-20
244.656,1.47905e-20
244.662,1.57874e-20
244.667,1.66639e-20
244.673,1.74181e-20
244.679,1.80526e-20
244.685,1.85741e-20
244.69,1.89928e-20
244.696,1.9322e-20
244.702,1.95771e-20
244.708,1.97751e-20
244.714,1.99334e-20
244.719,2.00692e-20
244.725,2.01988e-20
244.731,2.03367e-20
244.737,2.04951e-20
244.742,2.06834e-20
244.748,2.0908e-20
244.754,2.11721e-20
244.76,2.14755e-20
244.766,2.18151e-20
244.771,2.21849e-20
244.777,2.25767e-20
244.783,2.29803e-20
244.789,2.33845e-20
244.794,2.37774e-20
244.8,2.41474e-20
244.806,2.44834e-20
244.812,2.47759e-20
244.818,2.50173e-20
244.823,2.52024e-20
244.829,2.53285e-20
244.835,2.53957e-20
244.841,2.54072e-20
244.846,2.53688e-20
244.852,2.52886e-20
244.858,2.5177e-20
244.864,2.50459e-20
244.87,2.49084e-20
244.875,2.47777e-20
244.881,2.46669e-20
244.887,2.45879e-20
244.893,2.45513e-20
244.899,2.45652e-20
244.904,2.46351e-20
244.91,2.47634e-20
244.916,2.49492e-20
244.922,2.5188e-20
244.927,2.54722e-20
244.933,2.57906e-20
244.939,2.61294e-20
244.945,2.64726e-20
244.951,2.68021e-20
244.956,2.70989e-20
244.962,2.73439e-20
244.968,2.75182e-20
244.974,2.76047e-20
244.98,2.7588e-20
244.985,2.7456e-20
244.991,2.71996e-20
244.997,2.6814e-20
245.003,2.62988e-20
245.008,2.56579e-20
245.014,2.49e-20
245.02,2.40379e-20
245.026,2.30887e-20
245.032,2.2073e-20
245.037,2.10143e-20
245.043,1.99382e-20
245.049,1.88715e-20
245.055,1.78415e-20
245.061,1.68746e-20
245.066,1.59958e-20
245.072,1.52275e-20
245.078,1.45886e-20
245.084,1.40939e-20
245.09,1.37537e-20
245.095,1.3573e-20
245.101,1.35515e-20
245.107,1.36836e-20
245.113,1.39584e-20
245.119,1.43601e-20
245.124,1.48688e-20
245.13,1.54608e-20
245.136,1.61098e-20
245.142,1.67875e-20
245.148,1.74651e-20
245.153,1.81139e-20
245.159,1.87066e-20
245.165,1.92183e-20
245.171,1.96273e-20
245.177,1.99161e-20
245.182,2.00717e-20
245.188,2.00865e-20
245.194,1.99582e-20
245.2,1.969e-20
245.206,1.92905e-20
245.211,1.87731e-20
245.217,1.81559e-20
245.223,1.74603e-20
245.229,1.67107e-20
245.235,1.59332e-20
245.24,1.51544e-20
245.246,1.44008e-20
245.252,1.3697e-20
245.258,1.30654e-20
245.264,1.25244e-20
245.269,1.20885e-20
245.275,1.17669e-20
245.281,1.15633e-20
245.287,1.14758e-20
245.293,1.14967e-20
245.298,1.16127e-20
245.304,1.18057e-20
245.31,1.20528e-20
245.316,1.23278e-20
245.322,1.26016e-20
245.327,1.28439e-20
245.333,1.3024e-20
245.339,1.3112e-20
245.345,1.30804e-20
245.351,1.29049e-20
245.356,1.25655e-20
245.362,1.20474e-20
245.368,1.13419e-20
245.374,1.04467e-20
245.38,9.366e-21
245.385,8.11092e-21
245.391,6.69888e-21
245.397,5.15326e-21
245.403,3.50262e-21
245.409,1.77978e-21
245.414,2.06836e-23
245.42,-1.73684e-21
245.426,-3.45442e-21
245.432,-5.09448e-21
245.438,-6.62164e-21
245.444,-8.00397e-21
245.449,-9.21413e-21
245.455,-1.02304e-20
245.461,-1.10375e-20
245.467,-1.1627e-20
245.473,-1.19977e-20
245.478,-1.21558e-20
245.484,-1.21144e-20
245.49,-1.18927e-20
245.496,-1.1516e-20
245.502,-1.10139e-20
245.507,-1.04194e-20
245.513,-9.76764e-21
245.519,-9.0942e-21
245.525,-8.43386e-21
245.531,-7.81907e-21
245.537,-7.27856e-21
245.542,-6.83619e-21
245.548,-6.50984e-21
245.554,-6.31071e-21
245.56,-6.24275e-21
245.566,-6.30245e-21
245.571,-6.47895e-21
245.577,-6.75441e-21
245.583,-7.10476e-21
245.589,-7.50068e-21
245.595,-7.9088e-21
245.601,-8.29318e-21
245.606,-8.61686e-21
245.612,-8.84351e-21
245.618,-8.93916e-21
245.624,-8.87378e-21
245.63,-8.62283e-21
245.635,-8.16859e-21
245.641,-7.50124e-21
245.647,-6.61968e-21
245.653,-5.532e-21
245.659,-4.25558e-21
245.665,-2.81687e-21
245.67,-1.25072e-21
245.676,4.00609e-22
245.682,2.08875e-21
245.688,3.76086e-21
245.694,5.36149e-21
245.699,6.8346e-21
245.705,8.12565e-21
245.711,9.18383e-21
245.717,9.96405e-21
245.723,1.0429e-20
245.729,1.05507e-20
245.734,1.03122e-20
245.74,9.70841e-21
245.746,8.74701e-21
245.752,7.44856e-21
245.758,5.84632e-21
245.764,3.98564e-21
245.769,1.92282e-21
245.775,-2.76477e-22
245.781,-2.53904e-21
245.787,-4.78642e-21
245.793,-6.93734e-21
245.798,-8.91033e-21
245.804,-1.06264e-20
245.81,-1.20119e-20
245.816,-1.30006e-20
245.822,-1.35364e-20
245.828,-1.35756e-20
245.833,-1.30878e-20
245.839,-1.20577e-20
245.845,-1.04857e-20
245.851,-8.38828e-21
245.857,-5.79717e-21
245.863,-2.75905e-21
245.868,6.66055e-22
245.874,4.40652e-21
245.88,8.38134e-21
245.886,1.25027e-20
245.892,1.66785e-20
245.898,2.08158e-20
245.903,2.4823e-20
245.909,2.86137e-20
245.915,3.21084e-20
245.921,3.52377e-20
245.927,3.79443e-20
245.933,4.01842e-20
245.938,4.19287e-20
245.944,4.31647e-20
245.95,4.38945e-20
245.956,4.41363e-20
245.962,4.39222e-20
245.968,4.32978e-20
245.973,4.23195e-20
245.979,4.10529e-20
245.985,3.95698e-20
245.991,3.79456e-20
245.997,3.62568e-20
246.003,3.45778e-20
246.008,3.29783e-20
246.014,3.1521e-20
246.02,3.02592e-20
246.026,2.92352e-20
246.032,2.84788e-20
246.038,2.80065e-20
246.043,2.78212e-20
246.049,2.79124e-20
246.055,2.82567e-20
246.061,2.88195e-20
246.067,2.9556e-20
246.073,3.04135e-20
246.079,3.1334e-20
246.084,3.22561e-20
246.09,3.31179e-20
246.096,3.38597e-20
246.102,3.44262e-20
246.108,3.4769e-20
246.114,3.48487e-20
246.119,3.46362e-20
246.125,3.41144e-20
246.131,3.32784e-20
246.137,3.21362e-20
246.143,3.07084e-20
246.149,2.90273e-20
246.155,2.71358e-20
246.16,2.50856e-20
246.166,2.29356e-20
246.172,2.07494e-20
246.178,1.85929e-20
246.184,1.65318e-20
246.19,1.46292e-20
246.195,1.2943e-20
246.201,1.15239e-20
246.207,1.04133e-20
246.213,9.64181e-21
246.219,9.22813e-21
246.225,9.17824e-21
246.231,9.48525e-21
246.236,1.01296e-20
246.242,1.10799e-20
246.248,1.22939e-20
246.254,1.37202e-20
246.26,1.53003e-20
246.266,1.69705e-20
246.271,1.86642e-20
246.277,2.03147e-20
246.283,2.1857e-20
246.289,2.32307e-20
246.295,2.43818e-20
246.301,2.52645e-20
246.307,2.58431e-20
246.312,2.60926e-20
246.318,2.59996e-20
246.324,2.55629e-20
246.33,2.47928e-20
246.336,2.37108e-20
246.342,2.23484e-20
246.348,2.07459e-20
246.353,1.89506e-20
246.359,1.70149e-20
246.365,1.4994e-20
246.371,1.29444e-20
246.377,1.09213e-20
246.383,8.97656e-21
246.388,7.15715e-21
246.394,5.50343e-21
246.4,4.04787e-21
246.406,2.8141e-21
246.412,1.81639e-21
246.418,1.05947e-21
246.424,5.38742e-22
246.429,2.40855e-22
246.435,1.44653e-22
246.441,2.22381e-22
246.447,4.41132e-22
246.453,7.64464e-22
246.459,1.15412e-21
246.465,1.57174e-21
246.471,1.98058e-21
246.476,2.34706e-21
246.482,2.64212e-21
246.488,2.8424e-21
246.494,2.93104e-21
246.5,2.89829e-21
246.506,2.74167e-21
246.512,2.46584e-21
246.517,2.0822e-21
246.523,1.60812e-21
246.529,1.06594e-21
246.535,4.81744e-22
246.541,-1.15943e-22
246.547,-6.97666e-22
246.553,-1.23449e-21
246.558,-1.69943e-21
246.564,-2.06879e-21
246.57,-2.32332e-21
246.576,-2.44916e-21
246.582,-2.43852e-21
246.588,-2.29012e-21
246.594,-2.00928e-21
246.599,-1.60769e-21
246.605,-1.10298e-21
246.611,-5.17907e-22
246.617,1.20624e-22
246.623,7.82749e-22
246.629,1.43698e-21
246.635,2.05159e-21
246.641,2.59606e-21
246.646,3.04244e-21
246.652,3.36661e-21
246.658,3.5494e-21
246.664,3.57746e-21
246.67,3.44394e-21
246.676,3.14883e-21
246.682,2.69904e-21
246.688,2.10818e-21
246.693,1.39601e-21
246.699,5.87741e-22
246.705,-2.87063e-22
246.711,-1.19564e-21
246.717,-2.10337e-21
246.723,-2.97523e-21
246.729,-3.7772e-21
246.734,-4.47768e-21
246.74,-5.0488e-21
246.746,-5.46757e-21
246.752,-5.7168e-21
246.758,-5.78585e-21
246.764,-5.671e-21
246.77,-5.37566e-21
246.776,-4.91016e-21
246.781,-4.29134e-21
246.787,-3.54187e-21
246.793,-2.68924e-21
246.799,-1.76468e-21
246.805,-8.01864e-22
246.811,1.64501e-22
246.817,1.10004e-21
246.823,1.97213e-21
246.828,2.75118e-21
246.834,3.41181e-21
246.84,3.9338e-21
246.846,4.3029e-21
246.852,4.51126e-21
246.858,4.55769e-21
246.864,4.44756e-21
246.87,4.19254e-21
246.875,3.80991e-21
246.881,3.32179e-21
246.887,2.75409e-21
246.893,2.13534e-21
246.899,1.49545e-21
246.905,8.64341e-22
246.911,2.70697e-22
246.917,-2.59279e-22
246.923,-7.02965e-22
246.928,-1.04225e-21
246.934,-1.26425e-21
246.94,-1.3618e-21
246.946,-1.33369e-21
246.952,-1.18458e-21
246.958,-9.24738e-22
246.964,-5.69493e-22
246.97,-1.38439e-22
246.975,3.45495e-22
246.981,8.5715e-22
246.987,1.37031e-21
246.993,1.85893e-21
246.999,2.29835e-21
247.005,2.6664e-21
247.011,2.94445e-21
247.017,3.11823e-21
247.023,3.17848e-21
247.028,3.12138e-21
247.034,2.94869e-21
247.04,2.66768e-21
247.046,2.29077e-21
247.052,1.83498e-21
247.058,1.3211e-21
247.064,7.72772e-22
247.07,2.15371e-22
247.076,-3.25154e-22
247.081,-8.23491e-22
247.087,-1.25614e-21
247.093,-1.6025e-21
247.099,-1.84588e-21
247.105,-1.97426e-21
247.111,-1.9809e-21
247.117,-1.86471e-21
247.123,-1.63035e-21
247.129,-1.28807e-21
247.134,-8.53308e-22
247.14,-3.46074e-22
247.146,2.09933e-22
247.152,7.88325e-22
247.158,1.36118e-21
247.164,1.90029e-21
247.17,2.37837e-21
247.176,2.77034e-21
247.182,3.0544e-21
247.187,3.21309e-21
247.193,3.2341e-21
247.199,3.11085e-21
247.205,2.84287e-21
247.211,2.43594e-21
247.217,1.90183e-21
247.223,1.25796e-21
247.229,5.26655e-22
247.235,-2.65731e-22
247.241,-1.0899e-21
247.246,-1.91484e-21
247.252,-2.70913e-21
247.258,-3.44227e-21
247.264,-4.08601e-21
247.27,-4.61556e-21
247.276,-5.01072e-21
247.282,-5.25674e-21
247.288,-5.34503e-21
247.294,-5.27363e-21
247.299,-5.04727e-21
247.305,-4.67734e-21
247.311,-4.18141e-21
247.317,-3.58261e-21
247.323,-2.90863e-21
247.329,-2.1907e-21
247.335,-1.46224e-21
247.341,-7.57503e-22
247.347,-1.10131e-22
247.353,4.48251e-22
247.358,8.89398e-22
247.364,1.18967e-21
247.37,1.33108e-21
247.376,1.30211e-21
247.382,1.09829e-21
247.388,7.22471e-22
247.394,1.84832e-22
247.4,-4.97462e-22
247.406,-1.30084e-21
247.412,-2.19619e-21
247.418,-3.14996e-21
247.423,-4.12544e-21
247.429,-5.08419e-21
247.435,-5.98754e-21
247.441,-6.79811e-21
247.447,-7.48129e-21
247.453,-8.00668e-21
247.459,-8.34926e-21
247.465,-8.49046e-21
247.471,-8.41891e-21
247.477,-8.13102e-21
247.482,-7.63113e-21
247.488,-6.93144e-21
247.494,-6.05164e-21
247.5,-5.01819e-21
247.506,-3.86344e-21
247.512,-2.62442e-21
247.518,-1.34154e-21
247.524,-5.7117e-23
247.53,1.18618e-21
247.536,2.34681e-21
247.542,3.38594e-21
247.547,4.26873e-21
247.553,4.96565e-21
247.559,5.45347e-21
247.565,5.71603e-21
247.571,5.74483e-21
247.577,5.53921e-21
247.583,5.10635e-21
247.589,4.46092e-21
247.595,3.62451e-21
247.601,2.6248e-21
247.607,1.49452e-21
247.613,2.70268e-22
247.618,-1.00878e-21
247.624,-2.30226e-21
247.63,-3.56997e-21
247.636,-4.77324e-21
247.642,-5.87614e-21
247.648,-6.84661e-21
247.654,-7.65741e-21
247.66,-8.28685e-21
247.666,-8.71934e-21
247.672,-8.94566e-21
247.678,-8.96302e-21
247.684,-8.77494e-21
247.689,-8.39084e-21
247.695,-7.82548e-21
247.701,-7.09827e-21
247.707,-6.23243e-21
247.713,-5.25408e-21
247.719,-4.19125e-21
247.725,-3.07295e-21
247.731,-1.9282e-21
247.737,-7.8522e-22
247.743,3.29402e-22
247.749,1.39132e-21
247.755,2.37897e-21
247.76,3.27392e-21
247.766,4.06112e-21
247.772,4.72896e-21
247.778,5.26921e-21
247.784,5.67689e-21
247.79,5.94997e-21
247.796,6.08907e-21
247.802,6.09701e-21
247.808,5.9785e-21
247.814,5.73967e-21
247.82,5.38773e-21
247.826,4.93065e-21
247.832,4.37688e-21
247.837,3.73517e-21
247.843,3.01448e-21
247.849,2.22389e-21
247.855,1.37266e-21
247.861,4.70341e-22
247.867,-4.73164e-22
247.873,-1.44739e-21
247.879,-2.44117e-21
247.885,-3.44252e-21
247.891,-4.43854e-21
247.897,-5.41533e-21
247.903,-6.35808e-21
247.909,-7.25118e-21
247.915,-8.07839e-21
247.92,-8.82319e-21
247.926,-9.46915e-21
247.932,-1.00004e-20
247.938,-1.04022e-20
247.944,-1.06614e-20
247.95,-1.07671e-20
247.956,-1.07114e-20
247.962,-1.04895e-20
247.968,-1.01007e-20
247.974,-9.54831e-21
247.98,-8.84015e-21
247.986,-7.98859e-21
247.992,-7.01048e-21
247.998,-5.9269e-21
248.003,-4.76278e-21
248.009,-3.54631e-21
248.015,-2.30823e-21
248.021,-1.08094e-21
248.027,1.02468e-22
248.033,1.20925e-21
248.039,2.20811e-21
248.045,3.07025e-21
248.051,3.77045e-21
248.057,4.28797e-21
248.063,4.60741e-21
248.069,4.71933e-21
248.075,4.62075e-21
248.081,4.31533e-21
248.087,3.81342e-21
248.092,3.13182e-21
248.098,2.29327e-21
248.104,1.32577e-21
248.11,2.61663e-22
248.116,-8.63428e-22
248.122,-2.01185e-21
248.128,-3.14521e-21
248.134,-4.22575e-21
248.14,-5.21765e-21
248.146,-6.08837e-21
248.152,-6.80978e-21
248.158,-7.3592e-21
248.164,-7.72021e-21
248.17,-7.88323e-21
248.176,-7.84588e-21
248.182,-7.61302e-21
248.188,-7.19651e-21
248.193,-6.61478e-21
248.199,-5.89203e-21
248.205,-5.05735e-21
248.211,-4.14349e-21
248.217,-3.18564e-21
248.223,-2.22002e-21
248.229,-1.28246e-21
248.235,-4.07051e-22
248.241,3.7523e-22
248.247,1.03768e-21
248.253,1.55889e-21
248.259,1.92356e-21
248.265,2.12303e-21
248.271,2.15559e-21
248.277,2.02647e-21
248.283,1.74757e-21
248.289,1.3369e-21
248.295,8.17833e-22
248.3,2.18067e-22
248.306,-4.31528e-22
248.312,-1.0982e-21
248.318,-1.7487e-21
248.324,-2.35061e-21
248.33,-2.87374e-21
248.336,-3.29131e-21
248.342,-3.58107e-21
248.348,-3.72618e-21
248.354,-3.71589e-21
248.36,-3.54594e-21
248.366,-3.21877e-21
248.372,-2.74329e-21
248.378,-2.1346e-21
248.384,-1.41327e-21
248.39,-6.04543e-22
248.396,2.62765e-22
248.402,1.15739e-21
248.408,2.04692e-21
248.413,2.89907e-21
248.419,3.68301e-21
248.425,4.37052e-21
248.431,4.93712e-21
248.437,5.36298e-21
248.443,5.63365e-21
248.449,5.74054e-21
248.455,5.68121e-21
248.461,5.45931e-21
248.467,5.0844e-21
248.473,4.5714e-21
248.479,3.93994e-21
248.485,3.21348e-21
248.491,2.41831e-21
248.497,1.58245e-21
248.503,7.34504e-22
248.509,-9.74247e-23
248.515,-8.86852e-22
248.521,-1.60986e-21
248.527,-2.24591e-21
248.533,-2.77855e-21
248.539,-3.1958e-21
248.545,-3.49042e-21
248.55,-3.65997e-21
248.556,-3.70658e-21
248.562,-3.63655e-21
248.568,-3.45985e-21
248.574,-3.18936e-21
248.58,-2.8401e-21
248.586,-2.42836e-21
248.592,-1.97082e-21
248.598,-1.48369e-21
248.604,-9.81922e-22
248.61,-4.78576e-22
248.616,1.57408e-23
248.622,4.93223e-22
248.628,9.49041e-22
248.634,1.38132e-21
248.64,1.79095e-21
248.646,2.1812e-21
248.652,2.55717e-21
248.658,2.92516e-21
248.664,3.29193e-21
248.67,3.6639e-21
248.676,4.04638e-21
248.682,4.44284e-21
248.688,4.85428e-21
248.694,5.27868e-21
248.7,5.71073e-21
248.706,6.1416e-21
248.711,6.55909e-21
248.717,6.94783e-21
248.723,7.28987e-21
248.729,7.56527e-21
248.735,7.75309e-21
248.741,7.83229e-21
248.747,7.78292e-21
248.753,7.58722e-21
248.759,7.23077e-21
248.765,6.70354e-21
248.771,6.00087e-21
248.777,5.1242e-21
248.783,4.08161e-21
248.789,2.88814e-21
248.795,1.5657e-21
248.801,1.42823e-22
248.807,-1.34602e-21
248.813,-2.86134e-21
248.819,-4.35982e-21
248.825,-5.79577e-21
248.831,-7.12278e-21
248.837,-8.29544e-21
248.843,-9.27117e-21
248.849,-1.0012e-20
248.855,-1.04863e-20
248.861,-1.06702e-20
248.867,-1.05491e-20
248.873,-1.01185e-20
248.879,-9.38462e-21
248.885,-8.36452e-21
248.891,-7.0862e-21
248.897,-5.58771e-21
248.903,-3.91616e-21
248.909,-2.12626e-21
248.915,-2.78455e-22
248.92,1.56315e-21
248.926,3.33318e-21
248.932,4.96749e-21
248.938,6.40568e-21
248.944,7.59358e-21
248.95,8.48563e-21
248.956,9.04695e-21
248.962,9.25512e-21
248.968,9.10148e-21
248.974,8.59209e-21
248.98,7.74797e-21
248.986,6.60497e-21
248.992,5.21296e-21
248.998,3.63453e-21
249.004,1.9431e-21
249.01,2.20721e-22
249.016,-1.4447e-21
249.022,-2.96231e-21
249.028,-4.24148e-21
249.034,-5.19505e-21
249.04,-5.74252e-21
249.046,-5.81304e-21
249.052,-5.34823e-21
249.058,-4.30447e-21
249.064,-2.65486e-21
249.07,-3.90493e-22
249.076,2.47879e-21
249.082,5.92434e-21
249.088,9.89927e-21
249.094,1.43397e-20
249.1,1.91667e-20
249.106,2.42885e-20
249.112,2.96035e-20
249.118,3.50033e-20
249.124,4.03765e-20
249.13,4.56122e-20
249.136,5.06033e-20
249.142,5.52505e-20
249.148,5.94649e-20
249.154,6.31716e-20
249.16,6.63113e-20
249.166,6.88426e-20
249.172,7.07428e-20
249.178,7.20087e-20
249.184,7.26561e-20
249.19,7.2719e-20
249.196,7.22481e-20
249.202,7.13087e-20
249.208,6.99777e-20
249.214,6.83411e-20
249.22,6.64903e-20
249.226,6.45186e-20
249.232,6.25178e-20
249.238,6.05747e-20
249.244,5.8768e-20
249.25,5.71655e-20
249.256,5.58214e-20
249.262,5.47751e-20
249.268,5.40495e-20
249.274,5.36504e-20
249.28,5.35672e-20
249.286,5.37732e-20
249.292,5.4227e-20
249.298,5.48749e-20
249.304,5.56532e-20
249.31,5.64908e-20
249.316,5.73127e-20
249.322,5.80432e-20
249.328,5.86089e-20
249.334,5.89425e-20
249.34,5.8985e-20
249.346,5.86888e-20
249.352,5.80195e-20
249.358,5.69579e-20
249.364,5.55003e-20
249.37,5.36594e-20
249.376,5.14636e-20
249.382,4.89564e-20
249.388,4.61944e-20
249.394,4.32454e-20
249.4,4.0186e-20
249.406,3.70983e-20
249.412,3.4067e-20
249.418,3.11764e-20
249.424,2.85065e-20
249.43,2.61305e-20
249.436,2.41117e-20
249.442,2.25011e-20
249.448,2.13355e-20
249.454,2.06361e-20
249.46,2.04073e-20
249.466,2.06371e-20
249.472,2.12973e-20
249.478,2.23444e-20
249.484,2.37215e-20
249.49,2.53603e-20
249.496,2.71839e-20
249.502,2.91096e-20
249.508,3.1052e-20
249.514,3.29263e-20
249.52,3.46513e-20
249.526,3.61526e-20
249.532,3.73655e-20
249.538,3.82367e-20
249.544,3.87272e-20
249.55,3.88126e-20
249.556,3.84846e-20
249.562,3.77509e-20
249.568,3.66347e-20
249.574,3.51736e-20
249.58,3.34181e-20
249.586,3.14296e-20
249.592,2.92776e-20
249.598,2.70371e-20
249.604,2.47858e-20
249.61,2.26008e-20
249.616,2.05555e-20
249.622,1.87173e-20
249.628,1.71444e-20
249.634,1.58841e-20
249.64,1.49709e-20
249.646,1.44251e-20
249.652,1.42522e-20
249.658,1.44433e-20
249.664,1.49745e-20
249.67,1.58092e-20
249.676,1.68984e-20
249.682,1.81838e-20
249.688,1.95992e-20
249.694,2.10735e-20
249.7,2.25335e-20
249.706,2.39065e-20
249.712,2.51233e-20
249.718,2.61205e-20
249.724,2.6843e-20
249.73,2.72459e-20
249.736,2.72964e-20
249.742,2.69743e-20
249.748,2.62732e-20
249.754,2.52003e-20
249.76,2.3776e-20
249.766,2.20331e-20
249.772,2.00153e-20
249.778,1.77756e-20
249.784,1.53743e-20
249.79,1.28765e-20
249.796,1.03498e-20
249.802,7.86201e-21
249.808,5.4786e-21
249.814,3.26045e-21
249.82,1.26186e-21
249.826,-4.71163e-22
249.832,-1.90227e-21
249.838,-3.00578e-21
249.844,-3.76717e-21
249.85,-4.18324e-21
249.856,-4.26174e-21
249.862,-4.02073e-21
249.868,-3.48743e-21
249.874,-2.69688e-21
249.88,-1.69033e-21
249.886,-5.13424e-22
249.892,7.85645e-22
249.898,2.15807e-21
249.905,3.55622e-21
249.911,4.93538e-21
249.917,6.25519e-21
249.923,7.48096e-21
249.929,8.58457e-21
249.935,9.54511e-21
249.941,1.03492e-20
249.947,1.0991e-20
249.953,1.14718e-20
249.959,1.17992e-20
249.965,1.19867e-20
249.971,1.20523e-20
249.977,1.2017e-20
249.983,1.19041e-20
249.989,1.17376e-20
249.995,1.15406e-20
250.001,1.13346e-20
250.007,1.11382e-20
250.013,1.09664e-20
250.019,1.08298e-20
250.025,1.07344e-20
250.031,1.06816e-20
250.037,1.06678e-20
250.043,1.06856e-20
250.049,1.07238e-20
250.055,1.07685e-20
250.061,1.08039e-20
250.067,1.08133e-20
250.073,1.07803e-20
250.079,1.06897e-20
250.085,1.05286e-20
250.091,1.02872e-20
250.097,9.95948e-21
250.103,9.54372e-21
250.109,9.04292e-21
250.116,8.46471e-21
250.122,7.82128e-21
250.128,7.12895e-21
250.134,6.40756e-21
250.14,5.67971e-21
250.146,4.96979e-21
250.152,4.30297e-21
250.158,3.7041e-21
250.164,3.19657e-21
250.17,2.80129e-21
250.176,2.5357e-21
250.182,2.41294e-21
250.188,2.44116e-21
250.194,2.6231e-21
250.2,2.95584e-21
250.206,3.43079e-21
250.212,4.03395e-21
250.218,4.74636e-21
250.224,5.54479e-21
250.23,6.40262e-21
250.236,7.29081e-21
250.242,8.17901e-21
250.248,9.03675e-21
250.254,9.8346e-21
250.26,1.05453e-20
250.266,1.11447e-20
250.273,1.16128e-20
250.279,1.19344e-20
250.285,1.20997e-20
250.291,1.21045e-20
250.297,1.19503e-20
250.303,1.16441e-20
250.309,1.11983e-20
250.315,1.06295e-20
250.321,9.95848e-21
250.327,9.20856e-21
250.333,8.40511e-21
250.339,7.5742e-21
250.345,6.74159e-21
250.351,5.93167e-21
250.357,5.16645e-21
250.363,4.4648e-21
250.369,3.84166e-21
250.375,3.30763e-21
250.381,2.86863e-21
250.387,2.52585e-21
250.393,2.27587e-21
250.399,2.11106e-21
250.406,2.02011e-21
250.412,1.98874e-21
250.418,2.00053e-21
250.424,2.0379e-21
250.43,2.08304e-21
250.436,2.11892e-21
250.442,2.13022e-21
250.448,2.10415e-21
250.454,2.03122e-21
250.46,1.90572e-21
250.466,1.72614e-21
250.472,1.4953e-21
250.478,1.22029e-21
250.484,9.12215e-22
250.49,5.85667e-22
250.496,2.58112e-22
250.502,-5.09503e-23
250.508,-3.2092e-22
250.514,-5.31109e-22
250.52,-6.61785e-22
250.527,-6.95198e-22
250.533,-6.16549e-22
250.539,-4.14846e-22
250.545,-8.36091e-23
250.551,3.78598e-22
250.557,9.67854e-22
250.563,1.6748e-21
250.569,2.48476e-21
250.575,3.37816e-21
250.581,4.33112e-21
250.587,5.31624e-21
250.593,6.30358e-21
250.599,7.26181e-21
250.605,8.15934e-21
250.611,8.96559e-21
250.617,9.65221e-21
250.623,1.01942e-20
250.629,1.0571e-20
250.636,1.07675e-20
250.642,1.07742e-20
250.648,1.05886e-20
250.654,1.02144e-20
250.66,9.6622e-21
250.666,8.94888e-21
250.672,8.09701e-21
250.678,7.13417e-21
250.684,6.09189e-21
250.69,5.00447e-21
250.696,3.90772e-21
250.702,2.8376e-21
250.708,1.82881e-21
250.714,9.1351e-22
250.72,1.20015e-22
250.726,-5.28266e-22
250.733,-1.01377e-21
250.739,-1.32544e-21
250.745,-1.45923e-21
250.751,-1.41817e-21
250.757,-1.21234e-21
250.763,-8.58444e-22
250.769,-3.79142e-22
250.775,1.97826e-22
250.781,8.40745e-22
250.787,1.51518e-21
250.793,2.18536e-21
250.799,2.8156e-21
250.805,3.37172e-21
250.811,3.82246e-21
250.817,4.14072e-21
250.824,4.3047e-21
250.83,4.29878e-21
250.836,4.11421e-21
250.842,3.74953e-21
250.848,3.21064e-21
250.854,2.51071e-21
250.86,1.66968e-21
250.866,7.13549e-22
250.872,-3.26533e-22
250.878,-1.41546e-21
250.884,-2.51544e-21
250.89,-3.58745e-21
250.896,-4.59268e-21
250.902,-5.49397e-21
250.909,-6.25728e-21
250.915,-6.85291e-21
250.921,-7.25669e-21
250.927,-7.45085e-21
250.933,-7.42472e-21
250.939,-7.1752e-21
250.945,-6.7068e-21
250.951,-6.03159e-21
250.957,-5.16871e-21
250.963,-4.14375e-21
250.969,-2.98776e-21
250.975,-1.73621e-21
250.981,-4.27686e-22
250.987,8.97489e-22
250.994,2.19865e-21
251,3.43624e-21
251.006,4.57317e-21
251.012,5.57608e-21
251.018,6.41646e-21
251.024,7.07159e-21
251.03,7.52522e-21
251.036,7.76803e-21
251.042,7.79783e-21
251.048,7.61952e-21
251.054,7.24469e-21
251.06,6.69116e-21
251.066,5.98212e-21
251.073,5.14518e-21
251.079,4.21129e-21
251.085,3.21352e-21
251.091,2.18581e-21
251.097,1.16168e-21
251.103,1.73061e-22
251.109,-7.50857e-22
251.115,-1.58461e-21
251.121,-2.30729e-21
251.127,-2.90317e-21
251.133,-3.3621e-21
251.139,-3.67973e-21
251.146,-3.85744e-21
251.152,-3.90206e-21
251.158,-3.82544e-21
251.164,-3.64375e-21
251.17,-3.37665e-21
251.176,-3.0464e-21
251.182,-2.67683e-21
251.188,-2.29223e-21
251.194,-1.91638e-21
251.2,-1.57146e-21
251.206,-1.27721e-21
251.213,-1.05004e-21
251.219,-9.02464e-22
251.225,-8.42564e-22
251.231,-8.7373e-22
251.237,-9.94566e-22
251.243,-1.19901e-21
251.249,-1.47663e-21
251.255,-1.81313e-21
251.261,-2.19096e-21
251.267,-2.59012e-21
251.273,-2.98901e-21
251.279,-3.36536e-21
251.286,-3.6972e-21
251.292,-3.96379e-21
251.298,-4.14652e-21
251.304,-4.22971e-21
251.31,-4.2013e-21
251.316,-4.0534e-21
251.322,-3.78267e-21
251.328,-3.39053e-21
251.334,-2.88319e-21
251.34,-2.27145e-21
251.346,-1.57044e-21
251.353,-7.99002e-22
251.359,2.08535e-23
251.365,8.64784e-22
251.371,1.70695e-21
251.377,2.52095e-21
251.383,3.28074e-21
251.389,3.96161e-21
251.395,4.54104e-21
251.401,4.99953e-21
251.407,5.32132e-21
251.414,5.49496e-21
251.42,5.51376e-21
251.426,5.37604e-21
251.432,5.08526e-21
251.438,4.64987e-21
251.444,4.08314e-21
251.45,3.4027e-21
251.456,2.62998e-21
251.462,1.78952e-21
251.468,9.08202e-22
251.475,1.43421e-23
251.481,-8.63202e-22
251.487,-1.69597e-21
251.493,-2.45682e-21
251.499,-3.12079e-21
251.505,-3.66592e-21
251.511,-4.07392e-21
251.517,-4.33077e-21
251.523,-4.42717e-21
251.529,-4.35882e-21
251.536,-4.12653e-21
251.542,-3.73623e-21
251.548,-3.19877e-21
251.554,-2.52956e-21
251.56,-1.7481e-21
251.566,-8.77387e-22
251.572,5.67889e-23
251.578,1.02665e-21
251.584,2.00325e-21
251.59,2.95737e-21
251.597,3.86036e-21
251.603,4.68501e-21
251.609,5.40634e-21
251.615,6.00235e-21
251.621,6.4546e-21
251.627,6.74879e-21
251.633,6.87514e-21
251.639,6.82861e-21
251.645,6.60909e-21
251.652,6.22131e-21
251.658,5.67471e-21
251.664,4.98312e-21
251.67,4.16437e-21
251.676,3.23967e-21
251.682,2.23308e-21
251.688,1.17072e-21
251.694,8.0054e-23
251.7,-1.01093e-21
251.707,-2.07451e-21
251.713,-3.08401e-21
251.719,-4.01455e-21
251.725,-4.84375e-21
251.731,-5.55232e-21
251.737,-6.12459e-21
251.743,-6.54891e-21
251.749,-6.81793e-21
251.755,-6.92873e-21
251.762,-6.88292e-21
251.768,-6.68643e-21
251.774,-6.34934e-21
251.78,-5.88549e-21
251.786,-5.31204e-21
251.792,-4.64888e-21
251.798,-3.918e-21
251.804,-3.14278e-21
251.81,-2.34728e-21
251.817,-1.55549e-21
251.823,-7.90548e-22
251.829,-7.40827e-23
251.835,5.74471e-22
251.841,1.13845e-21
251.847,1.60444e-21
251.853,1.96269e-21
251.859,2.20734e-21
251.866,2.33659e-21
251.872,2.35267e-21
251.878,2.26177e-21
251.884,2.07374e-21
251.89,1.80173e-21
251.896,1.46172e-21
251.902,1.07192e-21
251.908,6.52182e-22
251.914,2.2323e-22
251.921,-1.94018e-22
251.927,-5.79197e-22
251.933,-9.13209e-22
251.939,-1.17889e-21
251.945,-1.3616e-21
251.951,-1.44976e-21
251.957,-1.43524e-21
251.963,-1.31367e-21
251.97,-1.08456e-21
251.976,-7.51366e-22
251.982,-3.21349e-22
251.988,1.94668e-22
251.994,7.82675e-22
252,1.42597e-21
252.006,2.10572e-21
252.012,2.80168e-21
252.019,3.49284e-21
252.025,4.15821e-21
252.031,4.77757e-21
252.037,5.33215e-21
252.043,5.80534e-21
252.049,6.18326e-21
252.055,6.45525e-21
252.061,6.61429e-21
252.068,6.65718e-21
252.074,6.5847e-21
252.08,6.40156e-21
252.086,6.11621e-21
252.092,5.74053e-21
252.098,5.28938e-21
252.104,4.78003e-21
252.111,4.23152e-21
252.117,3.66395e-21
252.123,3.09772e-21
252.129,2.55275e-21
252.135,2.04773e-21
252.141,1.59941e-21
252.147,1.22197e-21
252.153,9.26477e-22
252.16,7.2046e-22
252.166,6.07621e-22
252.172,5.87698e-22
252.178,6.56475e-22
252.184,8.05952e-22
252.19,1.02465e-21
252.196,1.29809e-21
252.203,1.60931e-21
252.209,1.93962e-21
252.215,2.26928e-21
252.221,2.57833e-21
252.227,2.84744e-21
252.233,3.05861e-21
252.239,3.19606e-21
252.245,3.24679e-21
252.252,3.20124e-21
252.258,3.05371e-21
252.264,2.80271e-21
252.27,2.45106e-21
252.276,2.00591e-21
252.282,1.4786e-21
252.288,8.84244e-22
252.295,2.41321e-22
252.301,-4.28999e-22
252.307,-1.10357e-21
252.313,-1.7581e-21
252.319,-2.36802e-21
252.325,-2.90938e-21
252.331,-3.35977e-21
252.338,-3.69914e-21
252.344,-3.9106e-21
252.35,-3.98108e-21
252.356,-3.9019e-21
252.362,-3.66911e-21
252.368,-3.28378e-21
252.374,-2.75205e-21
252.381,-2.08495e-21
252.387,-1.29816e-21
252.393,-4.11533e-22
252.399,5.51551e-22
252.405,1.56489e-21
252.411,2.60032e-21
252.417,3.62865e-21
252.424,4.62058e-21
252.43,5.54772e-21
252.436,6.38349e-21
252.442,7.10401e-21
252.448,7.68889e-21
252.454,8.12192e-21
252.46,8.39157e-21
252.467,8.49135e-21
252.473,8.42007e-21
252.479,8.18178e-21
252.485,7.7857e-21
252.491,7.24581e-21
252.497,6.58045e-21
252.504,5.81164e-21
252.51,4.96437e-21
252.516,4.06576e-21
252.522,3.14419e-21
252.528,2.22836e-21
252.534,1.34639e-21
252.54,5.24952e-22
252.547,-2.11583e-22
252.553,-8.41846e-22
252.559,-1.3481e-21
252.565,-1.71672e-21
252.571,-1.93854e-21
252.577,-2.00906e-21
252.583,-1.92843e-21
252.59,-1.70141e-21
252.596,-1.33706e-21
252.602,-8.48375e-22
252.608,-2.51755e-22
252.614,4.33551e-22
252.62,1.18613e-21
252.627,1.98312e-21
252.633,2.80093e-21
252.639,3.61596e-21
252.645,4.40531e-21
252.651,5.14743e-21
252.657,5.82267e-21
252.664,6.41381e-21
252.67,6.90643e-21
252.676,7.28923e-21
252.682,7.55417e-21
252.688,7.69659e-21
252.694,7.7152e-21
252.7,7.6119e-21
252.707,7.39165e-21
252.713,7.06214e-21
252.719,6.6335e-21
252.725,6.11792e-21
252.731,5.52923e-21
252.737,4.88253e-21
252.744,4.19376e-21
252.75,3.47931e-21
252.756,2.75569e-21
252.762,2.03916e-21
252.768,1.34545e-21
252.774,6.8955e-22
252.781,8.54401e-23
252.787,-4.54027e-22
252.793,-9.17274e-22
252.799,-1.2941e-21
252.805,-1.57573e-21
252.811,-1.75491e-21
252.818,-1.82591e-21
252.824,-1.78458e-21
252.83,-1.62838e-21
252.836,-1.35642e-21
252.842,-9.69502e-22
252.848,-4.70171e-22
252.855,1.37239e-22
252.861,8.46549e-22
252.867,1.64969e-21
252.873,2.53668e-21
252.879,3.49559e-21
252.885,4.51258e-21
252.892,5.57195e-21
252.898,6.65624e-21
252.904,7.74638e-21
252.91,8.82188e-21
252.916,9.86114e-21
252.922,1.08417e-20
252.929,1.17409e-20
252.935,1.25358e-20
252.941,1.32042e-20
252.947,1.37249e-20
252.953,1.40784e-20
252.959,1.42473e-20
252.966,1.42169e-20
252.972,1.39757e-20
252.978,1.35162e-20
252.984,1.28348e-20
252.99,1.19324e-20
252.996,1.08146e-20
253.003,9.49184e-21
253.009,7.97928e-21
253.015,6.29679e-21
253.021,4.4686e-21
253.027,2.52292e-21
253.034,4.91391e-22
253.04,-1.59154e-21
253.046,-3.68938e-21
253.052,-5.76439e-21
253.058,-7.77848e-21
253.064,-9.69414e-21
253.071,-1.14753e-20
253.077,-1.30884e-20
253.083,-1.45029e-20
253.089,-1.56926e-20
253.095,-1.66358e-20
253.101,-1.7316e-20
253.108,-1.77228e-20
253.114,-1.78513e-20
253.12,-1.77032e-20
253.126,-1.72857e-20
253.132,-1.66125e-20
253.139,-1.57022e-20
253.145,-1.45787e-20
253.151,-1.32701e-20
253.157,-1.18082e-20
253.163,-1.02272e-20
253.169,-8.56349e-21
253.176,-6.85405e-21
253.182,-5.13584e-21
253.188,-3.44481e-21
253.194,-1.81497e-21
253.2,-2.7762e-22
253.207,1.1394e-21
253.213,2.41229e-21
253.219,3.52179e-21
253.225,4.45348e-21
253.231,5.19803e-21
253.237,5.7512e-21
253.244,6.11378e-21
253.25,6.29136e-21
253.256,6.29395e-21
253.262,6.13557e-21
253.268,5.83367e-21
253.275,5.40854e-21
253.281,4.88261e-21
253.287,4.27978e-21
253.293,3.62474e-21
253.299,2.94223e-21
253.306,2.25642e-21
253.312,1.5903e-21
253.318,9.65151e-22
253.324,4.00039e-22
253.33,-8.854e-23
253.336,-4.86965e-22
253.343,-7.847e-22
253.349,-9.74409e-22
253.355,-1.05199e-21
253.361,-1.01651e-21
253.367,-8.70105e-22
253.374,-6.17777e-22
253.38,-2.67145e-22
253.386,1.71843e-22
253.392,6.87231e-22
253.398,1.26541e-21
253.405,1.89149e-21
253.411,2.54965e-21
253.417,3.22355e-21
253.423,3.89667e-21
253.429,4.55265e-21
253.436,5.17567e-21
253.442,5.75072e-21
253.448,6.26391e-21
253.454,6.70276e-21
253.46,7.05637e-21
253.467,7.31572e-21
253.473,7.47377e-21
253.479,7.52565e-21
253.485,7.46875e-21
253.491,7.30282e-21
253.498,7.03001e-21
253.504,6.65482e-21
253.51,6.18412e-21
253.516,5.62701e-21
253.522,4.99473e-21
253.529,4.30043e-21
253.535,3.55896e-21
253.541,2.78657e-21
253.547,2.00062e-21
253.553,1.21917e-21
253.56,4.60599e-22
253.566,-2.56844e-22
253.572,-9.15479e-22
253.578,-1.49867e-21
253.584,-1.99128e-21
253.591,-2.38012e-21
253.597,-2.65437e-21
253.603,-2.80592e-21
253.609,-2.82974e-21
253.615,-2.72407e-21
253.622,-2.49059e-21
253.628,-2.13452e-21
253.634,-1.66455e-21
253.64,-1.09273e-21
253.646,-4.34185e-22
253.653,2.93169e-22
253.659,1.06912e-21
253.665,1.87167e-21
253.671,2.67763e-21
253.677,3.46334e-21
253.684,4.20528e-21
253.69,4.88088e-21
253.696,5.46917e-21
253.702,5.9515e-21
253.708,6.31216e-21
253.715,6.53893e-21
253.721,6.62355e-21
253.727,6.56206e-21
253.733,6.35498e-21
253.74,6.00743e-21
253.746,5.52903e-21
253.752,4.93365e-21
253.758,4.23911e-21
253.764,3.46657e-21
253.771,2.64001e-21
253.777,1.78545e-21
253.783,9.3012e-22
253.789,1.01668e-22
253.795,-6.72776e-22
253.802,-1.36746e-21
253.808,-1.95883e-21
253.814,-2.42635e-21
253.82,-2.75313e-21
253.826,-2.92652e-21
253.833,-2.93854e-21
253.839,-2.7861e-21
253.845,-2.47118e-21
253.851,-2.00067e-21
253.858,-1.38622e-21
253.864,-6.43798e-22
253.87,2.0685e-22
253.876,1.14286e-21
253.882,2.13904e-21
253.889,3.16871e-21
253.895,4.20461e-21
253.901,5.21981e-21
253.907,6.18859e-21
253.914,7.08732e-21
253.92,7.89519e-21
253.926,8.59485e-21
253.932,9.17298e-21
253.938,9.62059e-21
253.945,9.9333e-21
253.951,1.01113e-20
253.957,1.01592e-20
253.963,1.0086e-20
253.97,9.90411e-21
253.976,9.62932e-21
253.982,9.2798e-21
253.988,8.8754e-21
253.994,8.43686e-21
254.001,7.98495e-21
254.007,7.53964e-21
254.013,7.11935e-21
254.019,6.74022e-21
254.026,6.41553e-21
254.032,6.15525e-21
254.038,5.96564e-21
254.044,5.84917e-21
254.05,5.80443e-21
254.057,5.82631e-21
254.063,5.9063e-21
254.069,6.0329e-21
254.075,6.19219e-21
254.082,6.36849e-21
254.088,6.54504e-21
254.094,6.70478e-21
254.1,6.83113e-21
254.106,6.90868e-21
254.113,6.92392e-21
254.119,6.86583e-21
254.125,6.72636e-21
254.131,6.50081e-21
254.138,6.18807e-21
254.144,5.79071e-21
254.15,5.31484e-21
254.156,4.77001e-21
254.163,4.16872e-21
254.169,3.52604e-21
254.175,2.85897e-21
254.181,2.1858e-21
254.187,1.52535e-21
254.194,8.96312e-22
254.2,3.16438e-22
254.206,-1.98111e-22
254.212,-6.33401e-22
254.219,-9.78268e-22
254.225,-1.22474e-21
254.231,-1.36833e-21
254.237,-1.4082e-21
254.244,-1.34719e-21
254.25,-1.19164e-21
254.256,-9.51183e-22
254.262,-6.38289e-22
254.268,-2.67803e-22
254.275,1.43672e-22
254.281,5.7842e-22
254.287,1.01831e-21
254.293,1.4455e-21
254.3,1.8431e-21
254.306,2.19583e-21
254.312,2.49057e-21
254.318,2.71681e-21
254.325,2.86703e-21
254.331,2.93692e-21
254.337,2.92546e-21
254.343,2.83492e-21
254.35,2.67064e-21
254.356,2.44082e-21
254.362,2.15602e-21
254.368,1.82879e-21
254.375,1.47302e-21
254.381,1.10339e-21
254.387,7.34772e-22
254.393,3.81576e-22
254.4,5.7218e-23
254.406,-2.26411e-22
254.412,-4.59381e-22
254.418,-6.34063e-22
254.424,-7.45368e-22
254.431,-7.90868e-22
254.437,-7.70796e-22
254.443,-6.87935e-22
254.449,-5.47399e-22
254.456,-3.56314e-22
254.462,-1.23425e-22
254.468,1.41365e-22
254.474,4.27488e-22
254.481,7.24223e-22
254.487,1.0212e-21
254.493,1.30889e-21
254.499,1.57898e-21
254.506,1.8248e-21
254.512,2.04151e-21
254.518,2.22633e-21
254.524,2.37858e-21
254.531,2.49965e-21
254.537,2.59285e-21
254.543,2.6632e-21
254.549,2.7171e-21
254.556,2.76195e-21
254.562,2.8057e-21
254.568,2.85645e-21
254.574,2.92193e-21
254.581,3.00908e-21
254.587,3.12365e-21
254.593,3.26987e-21
254.599,3.45012e-21
254.606,3.66479e-21
254.612,3.91222e-21
254.618,4.18865e-21
254.624,4.48838e-21
254.631,4.80399e-21
254.637,5.12664e-21
254.643,5.44643e-21
254.649,5.75288e-21
254.656,6.03538e-21
254.662,6.2837e-21
254.668,6.48847e-21
254.674,6.64164e-21
254.681,6.7369e-21
254.687,6.77004e-21
254.693,6.73916e-21
254.7,6.64488e-21
254.706,6.49033e-21
254.712,6.28116e-21
254.718,6.02529e-21
254.725,5.7327e-21
254.731,5.41499e-21
254.737,5.08499e-21
254.743,4.75621e-21
254.75,4.44228e-21
254.756,4.15643e-21
254.762,3.91085e-21
254.768,3.71624e-21
254.775,3.5813e-21
254.781,3.51234e-21
254.787,3.51296e-21
254.793,3.5839e-21
254.8,3.72295e-21
254.806,3.92497e-21
254.812,4.18212e-21
254.818,4.4841e-21
254.825,4.81859e-21
254.831,5.17167e-21
254.837,5.52847e-21
254.844,5.87369e-21
254.85,6.19226e-21
254.856,6.46999e-21
254.862,6.69413e-21
254.869,6.85394e-21
254.875,6.94113e-21
254.881,6.95026e-21
254.887,6.87897e-21
254.894,6.72812e-21
254.9,6.5018e-21
254.906,6.20719e-21
254.912,5.85429e-21
254.919,5.45558e-21
254.925,5.0255e-21
254.931,4.57993e-21
254.938,4.13553e-21
254.944,3.70911e-21
254.95,3.31695e-21
254.956,2.97417e-21
254.963,2.69411e-21
254.969,2.48781e-21
254.975,2.36356e-21
254.981,2.32658e-21
254.988,2.37882e-21
254.994,2.51886e-21
255,2.74199e-21
255.006,3.0404e-21
255.013,3.4035e-21
255.019,3.81831e-21
255.025,4.27005e-21
255.032,4.74266e-21
255.038,5.21949e-21
255.044,5.68391e-21
255.05,6.12004e-21
255.057,6.51327e-21
255.063,6.85091e-21
255.069,7.12263e-21
255.076,7.32082e-21
255.082,7.44092e-21
255.088,7.48147e-21
255.094,7.44419e-21
255.101,7.33385e-21
255.107,7.15799e-21
255.113,6.92658e-21
255.119,6.65158e-21
255.126,6.34641e-21
255.132,6.02535e-21
255.138,5.70294e-21
255.145,5.39335e-21
255.151,5.10985e-21
255.157,4.86417e-21
255.163,4.66614e-21
255.17,4.52321e-21
255.176,4.44024e-21
255.182,4.41934e-21
255.189,4.45979e-21
255.195,4.55816e-21
255.201,4.70851e-21
255.207,4.90269e-21
255.214,5.13074e-21
255.22,5.38137e-21
255.226,5.64248e-21
255.232,5.90172e-21
255.239,6.14707e-21
255.245,6.36732e-21
255.251,6.55262e-21
255.258,6.69489e-21
255.264,6.78817e-21
255.27,6.82882e-21
255.276,6.81574e-21
255.283,6.75031e-21
255.289,6.63634e-21
255.295,6.47987e-21
255.302,6.28885e-21
255.308,6.07278e-21
255.314,5.84224e-21
255.321,5.60841e-21
255.327,5.38256e-21
255.333,5.17548e-21
255.339,4.99707e-21
255.346,4.85585e-21
255.352,4.75857e-21
255.358,4.70996e-21
255.365,4.71254e-21
255.371,4.76648e-21
255.377,4.8697e-21
255.383,5.01797e-21
255.39,5.20513e-21
255.396,5.42346e-21
255.402,5.66407e-21
255.409,5.91735e-21
255.415,6.17352e-21
255.421,6.42305e-21
255.427,6.65725e-21
255.434,6.86868e-21
255.44,7.05155e-21
255.446,7.20205e-21
255.453,7.31857e-21
255.459,7.40183e-21
255.465,7.45486e-21
255.471,7.48287e-21
255.478,7.49306e-21
255.484,7.49423e-21
255.49,7.4964e-21
255.497,7.51024e-21
255.503,7.54659e-21
255.509,7.6158e-21
255.516,7.72722e-21
255.522,7.88858e-21
255.528,8.10551e-21
255.534,8.38111e-21
255.541,8.71564e-21
255.547,9.10628e-21
255.553,9.54708e-21
255.56,1.0029e-20
255.566,1.05401e-20
255.572,1.1066e-20
255.579,1.15901e-20
255.585,1.20943e-20
255.591,1.25598e-20
255.597,1.29676e-20
255.604,1.32992e-20
255.61,1.35377e-20
255.616,1.36684e-20
255.623,1.36792e-20
255.629,1.35615e-20
255.635,1.33108e-20
255.642,1.29266e-20
255.648,1.24129e-20
255.654,1.17782e-20
255.661,1.10353e-20
255.667,1.0201e-20
255.673,9.29554e-21
255.679,8.34218e-21
255.686,7.36627e-21
255.692,6.39451e-21
255.698,5.45404e-21
255.705,4.57149e-21
255.711,3.77204e-21
255.717,3.07858e-21
255.724,2.51086e-21
255.73,2.08477e-21
255.736,1.81183e-21
255.742,1.6987e-21
255.749,1.74699e-21
255.755,1.95317e-21
255.761,2.30875e-21
255.768,2.80055e-21
255.774,3.4112e-21
255.78,4.11979e-21
255.787,4.90266e-21
255.793,5.73422e-21
255.799,6.58796e-21
255.806,7.43734e-21
255.812,8.25683e-21
255.818,9.02276e-21
255.825,9.71419e-21
255.831,1.03136e-20
255.837,1.08076e-20
255.843,1.11872e-20
255.85,1.1448e-20
255.856,1.15905e-20
255.862,1.16196e-20
255.869,1.15448e-20
255.875,1.13791e-20
255.881,1.11389e-20
255.888,1.08429e-20
255.894,1.05114e-20
255.9,1.01653e-20
255.907,9.82534e-21
255.913,9.51107e-21
255.919,9.24003e-21
255.926,9.02701e-21
255.932,8.88341e-21
255.938,8.81674e-21
255.945,8.83031e-21
255.951,8.92308e-21
255.957,9.08972e-21
255.963,9.32082e-21
255.97,9.60329e-21
255.976,9.92093e-21
255.982,1.02551e-20
255.989,1.05856e-20
255.995,1.08914e-20
256.001,1.11515e-20
256.008,1.13464e-20
256.014,1.1458e-20
256.02,1.14714e-20
256.027,1.13747e-20
256.033,1.11605e-20
256.039,1.08253e-20
256.046,1.03706e-20
256.052,9.80236e-21
256.058,9.1312e-21
256.065,8.3719e-21
256.071,7.54299e-21
256.077,6.66606e-21
256.084,5.76504e-21
256.09,4.86533e-21
256.096,3.99286e-21
256.103,3.17315e-21
256.109,2.43042e-21
256.115,1.78662e-21
256.122,1.26073e-21
256.128,8.68001e-22
256.134,6.19437e-22
256.141,5.21408e-22
256.147,5.75441e-22
256.153,7.78188e-22
256.16,1.12159e-21
256.166,1.59319e-21
256.172,2.17666e-21
256.179,2.85239e-21
256.185,3.59826e-21
256.191,4.39047e-21
256.198,5.20441e-21
256.204,6.01558e-21
256.21,6.80043e-21
256.217,7.53724e-21
256.223,8.20681e-21
256.229,8.79314e-21
256.236,9.28387e-21
256.242,9.67067e-21
256.248,9.94936e-21
256.255,1.012e-20
256.261,1.01866e-20
256.267,1.01571e-20
256.274,1.00424e-20
256.28,9.8564e-21
256.286,9.61483e-21
256.293,9.33483e-21
256.299,9.03404e-21
256.305,8.72989e-21
256.312,8.43885e-21
256.318,8.17575e-21
256.324,7.9532e-21
256.331,7.78111e-21
256.337,7.66637e-21
256.343,7.61259e-21
256.35,7.62009e-21
256.356,7.68596e-21
256.362,7.8043e-21
256.369,7.9666e-21
256.375,8.16216e-21
256.381,8.37869e-21
256.388,8.60291e-21
256.394,8.82123e-21
256.4,9.02039e-21
256.407,9.18811e-21
256.413,9.31369e-21
256.419,9.3885e-21
256.426,9.40641e-21
256.432,9.3641e-21
256.438,9.26118e-21
256.445,9.10028e-21
256.451,8.88691e-21
256.457,8.62926e-21
256.464,8.33778e-21
256.47,8.02479e-21
256.476,7.70391e-21
256.483,7.38945e-21
256.489,7.09574e-21
256.495,6.83657e-21
256.502,6.62449e-21
256.508,6.47027e-21
256.514,6.38238e-21
256.521,6.36662e-21
256.527,6.42582e-21
256.534,6.55963e-21
256.54,6.76459e-21
256.546,7.03413e-21
256.553,7.35888e-21
256.559,7.72702e-21
256.565,8.12472e-21
256.572,8.53673e-21
256.578,8.94697e-21
256.584,9.33922e-21
256.591,9.69778e-21
256.597,1.00081e-20
256.603,1.02575e-20
256.61,1.04354e-20
256.616,1.05343e-20
256.622,1.05497e-20
256.629,1.04802e-20
256.635,1.03281e-20
256.641,1.00989e-20
256.648,9.80127e-21
256.654,9.44665e-21
256.661,9.04886e-21
256.667,8.62355e-21
256.673,8.18758e-21
256.68,7.7583e-21
256.686,7.35295e-21
256.692,6.98786e-21
256.699,6.67789e-21
256.705,6.43574e-21
256.711,6.27152e-21
256.718,6.19225e-21
256.724,6.2016e-21
256.73,6.29976e-21
256.737,6.48335e-21
256.743,6.74558e-21
256.75,7.07651e-21
256.756,7.46337e-21
256.762,7.89112e-21
256.769,8.34297e-21
256.775,8.80105e-21
256.781,9.24712e-21
256.788,9.66323e-21
256.794,1.00325e-20
256.8,1.03396e-20
256.807,1.05715e-20
256.813,1.07181e-20
256.819,1.07721e-20
256.826,1.073e-20
256.832,1.05916e-20
256.839,1.03605e-20
256.845,1.00435e-20
256.851,9.65074e-21
256.858,9.19512e-21
256.864,8.69185e-21
256.87,8.15786e-21
256.877,7.61121e-21
256.883,7.07036e-21
256.889,6.5535e-21
256.896,6.07791e-21
256.902,5.65927e-21
256.909,5.31111e-21
256.915,5.04435e-21
256.921,4.86687e-21
256.928,4.78326e-21
256.934,4.79466e-21
256.94,4.89877e-21
256.947,5.08991e-21
256.953,5.35929e-21
256.96,5.69534e-21
256.966,6.08413e-21
256.972,6.50993e-21
256.979,6.95573e-21
256.985,7.40392e-21
256.991,7.83686e-21
256.998,8.23755e-21
257.004,8.59019e-21
257.01,8.88072e-21
257.017,9.0973e-21
257.023,9.23066e-21
257.03,9.27443e-21
257.036,9.22524e-21
257.042,9.08288e-21
257.049,8.85017e-21
257.055,8.53286e-21
257.061,8.13936e-21
257.068,7.68043e-21
257.074,7.16876e-21
257.081,6.61854e-21
257.087,6.04492e-21
257.093,5.46357e-21
257.1,4.8901e-21
257.106,4.33962e-21
257.112,3.82629e-21
257.119,3.36286e-21
257.125,2.96041e-21
257.132,2.62802e-21
257.138,2.37258e-21
257.144,2.19874e-21
257.151,2.1088e-21
257.157,2.10278e-21
257.163,2.17858e-21
257.17,2.3321e-21
257.176,2.55748e-21
257.183,2.8474e-21
257.189,3.19335e-21
257.195,3.58596e-21
257.202,4.0153e-21
257.208,4.4712e-21
257.215,4.94353e-21
257.221,5.42247e-21
257.227,5.8987e-21
257.234,6.36365e-21
257.24,6.80957e-21
257.246,7.22965e-21
257.253,7.61811e-21
257.259,7.97016e-21
257.266,8.28201e-21
257.272,8.55082e-21
257.278,8.77461e-21
257.285,8.95222e-21
257.291,9.08315e-21
257.298,9.16752e-21
257.304,9.20596e-21
257.31,9.19954e-21
257.317,9.14967e-21
257.323,9.05811e-21
257.329,8.92689e-21
257.336,8.75831e-21
257.342,8.55496e-21
257.349,8.3197e-21
257.355,8.05571e-21
257.361,7.76651e-21
257.368,7.45598e-21
257.374,7.12838e-21
257.381,6.78837e-21
257.387,6.44097e-21
257.393,6.09159e-21
257.4,5.7459e-21
257.406,5.40987e-21
257.413,5.08955e-21
257.419,4.79106e-21
257.425,4.52041e-21
257.432,4.28336e-21
257.438,4.08525e-21
257.444,3.93088e-21
257.451,3.82431e-21
257.457,3.76877e-21
257.464,3.76646e-21
257.47,3.81851e-21
257.476,3.92489e-21
257.483,4.08433e-21
257.489,4.29438e-21
257.496,4.55139e-21
257.502,4.85062e-21
257.508,5.18631e-21
257.515,5.55187e-21
257.521,5.94003e-21
257.528,6.34306e-21
257.534,6.75295e-21
257.54,7.16168e-21
257.547,7.56143e-21
257.553,7.94478e-21
257.56,8.30495e-21
257.566,8.63597e-21
257.572,8.93284e-21
257.579,9.19163e-21
257.585,9.40957e-21
257.592,9.5851e-21
257.598,9.71784e-21
257.604,9.80858e-21
257.611,9.85914e-21
257.617,9.87232e-21
257.624,9.8517e-21
257.63,9.80149e-21
257.636,9.72634e-21
257.643,9.63115e-21
257.649,9.5209e-21
257.656,9.40044e-21
257.662,9.27434e-21
257.668,9.14676e-21
257.675,9.02134e-21
257.681,8.90111e-21
257.688,8.78844e-21
257.694,8.68505e-21
257.7,8.59202e-21
257.707,8.50986e-21
257.713,8.43858e-21
257.72,8.37777e-21
257.726,8.32675e-21
257.732,8.28469e-21
257.739,8.25071e-21
257.745,8.224e-21
257.752,8.20395e-21
257.758,8.19018e-21
257.765,8.18265e-21
257.771,8.18164e-21
257.777,8.18778e-21
257.784,8.202e-21
257.79,8.22547e-21
257.797,8.25951e-21
257.803,8.30549e-21
257.809,8.36467e-21
257.816,8.4381e-21
257.822,8.52649e-21
257.829,8.63005e-21
257.835,8.74837e-21
257.841,8.88038e-21
257.848,9.02425e-21
257.854,9.17737e-21
257.861,9.33637e-21
257.867,9.49715e-21
257.874,9.655e-21
257.88,9.80474e-21
257.886,9.94085e-21
257.893,1.00577e-20
257.899,1.01498e-20
257.906,1.02119e-20
257.912,1.02394e-20
257.918,1.02286e-20
257.925,1.01766e-20
257.931,1.00818e-20
257.938,9.94417e-21
257.944,9.7648e-21
257.951,9.54649e-21
257.957,9.29349e-21
257.963,9.0115e-21
257.97,8.70748e-21
257.976,8.38954e-21
257.983,8.06665e-21
257.989,7.74835e-21
257.995,7.44445e-21
258.002,7.16467e-21
258.008,6.91828e-21
258.015,6.71374e-21
258.021,6.55837e-21
258.028,6.45803e-21
258.034,6.41684e-21
258.04,6.43699e-21
258.047,6.51858e-21
258.053,6.65958e-21
258.06,6.85576e-21
258.066,7.10086e-21
258.073,7.38673e-21
258.079,7.70353e-21
258.085,8.0401e-21
258.092,8.38432e-21
258.098,8.72349e-21
258.105,9.0448e-21
258.111,9.3358e-21
258.117,9.58487e-21
258.124,9.7816e-21
258.13,9.91728e-21
258.137,9.98519e-21
258.143,9.9809e-21
258.15,9.90249e-21
258.156,9.75065e-21
258.162,9.52873e-21
258.169,9.24264e-21
258.175,8.90071e-21
258.182,8.5134e-21
258.188,8.09302e-21
258.195,7.65325e-21
258.201,7.20872e-21
258.207,6.7745e-21
258.214,6.36557e-21
258.22,5.99629e-21
258.227,5.67987e-21
258.233,5.42792e-21
258.24,5.25005e-21
258.246,5.15344e-21
258.253,5.14265e-21
258.259,5.21941e-21
258.265,5.38254e-21
258.272,5.62802e-21
258.278,5.94905e-21
258.285,6.33636e-21
258.291,6.77848e-21
258.298,7.26213e-21
258.304,7.77276e-21
258.31,8.29496e-21
258.317,8.81306e-21
258.323,9.31167e-21
258.33,9.77621e-21
258.336,1.01934e-20
258.343,1.05517e-20
258.349,1.08418e-20
258.355,1.10568e-20
258.362,1.11923e-20
258.368,1.12471e-20
258.375,1.12224e-20
258.381,1.11223e-20
258.388,1.09535e-20
258.394,1.07247e-20
258.401,1.04467e-20
258.407,1.01318e-20
258.413,9.79319e-21
258.42,9.44457e-21
258.426,9.09971e-21
258.433,8.77182e-21
258.439,8.47316e-21
258.446,8.21452e-21
258.452,8.00495e-21
258.459,7.85137e-21
258.465,7.75842e-21
258.471,7.72829e-21
258.478,7.76072e-21
258.484,7.85305e-21
258.491,8.00037e-21
258.497,8.19577e-21
258.504,8.43064e-21
258.51,8.69504e-21
258.517,8.97812e-21
258.523,9.26852e-21
258.529,9.5549e-21
258.536,9.82628e-21
258.542,1.00726e-20
258.549,1.02848e-20
258.555,1.04556e-20
258.562,1.05793e-20
258.568,1.06523e-20
258.575,1.06729e-20
258.581,1.06416e-20
258.587,1.05608e-20
258.594,1.04348e-20
258.6,1.02696e-20
258.607,1.00724e-20
258.613,9.85168e-21
258.62,9.61632e-21
258.626,9.37567e-21
258.633,9.13898e-21
258.639,8.91503e-21
258.646,8.71184e-21
258.652,8.53633e-21
258.658,8.3941e-21
258.665,8.28923e-21
258.671,8.22417e-21
258.678,8.19969e-21
258.684,8.2149e-21
258.691,8.26736e-21
258.697,8.35322e-21
258.704,8.46744e-21
258.71,8.60404e-21
258.717,8.75644e-21
258.723,8.91768e-21
258.729,9.08084e-21
258.736,9.23926e-21
258.742,9.38691e-21
258.749,9.51858e-21
258.755,9.63013e-21
258.762,9.71864e-21
258.768,9.78249e-21
258.775,9.82143e-21
258.781,9.83653e-21
258.788,9.8301e-21
258.794,9.80553e-21
258.8,9.76711e-21
258.807,9.71979e-21
258.813,9.66892e-21
258.82,9.61997e-21
258.826,9.57821e-21
258.833,9.54848e-21
258.839,9.5349e-21
258.846,9.54068e-21
258.852,9.56793e-21
258.859,9.6175e-21
258.865,9.68897e-21
258.872,9.78061e-21
258.878,9.88947e-21
258.885,1.00115e-20
258.891,1.01415e-20
258.897,1.02739e-20
258.904,1.04024e-20
258.91,1.05206e-20
258.917,1.06222e-20
258.923,1.07015e-20
258.93,1.07533e-20
258.936,1.07736e-20
258.943,1.07596e-20
258.949,1.07099e-20
258.956,1.06246e-20
258.962,1.05056e-20
258.969,1.03563e-20
258.975,1.01818e-20
258.982,9.98825e-21
258.988,9.78344e-21
258.994,9.57586e-21
259.001,9.37468e-21
259.007,9.18936e-21
259.014,9.02929e-21
259.02,8.90337e-21
259.027,8.81969e-21
259.033,8.78518e-21
259.04,8.80525e-21
259.046,8.88355e-21
259.053,9.0218e-21
259.059,9.2196e-21
259.066,9.47439e-21
259.072,9.78149e-21
259.079,1.01342e-20
259.085,1.05238e-20
259.092,1.09403e-20
259.098,1.1372e-20
259.104,1.18066e-20
259.111,1.22311e-20
259.117,1.26323e-20
259.124,1.29977e-20
259.13,1.33153e-20
259.137,1.35743e-20
259.143,1.37656e-20
259.15,1.3882e-20
259.156,1.39183e-20
259.163,1.38719e-20
259.169,1.37425e-20
259.176,1.35323e-20
259.182,1.32461e-20
259.189,1.28909e-20
259.195,1.24757e-20
259.202,1.20114e-20
259.208,1.15103e-20
259.215,1.09857e-20
259.221,1.04517e-20
259.228,9.92233e-21
259.234,9.41139e-21
259.241,8.93199e-21
259.247,8.49609e-21
259.254,8.11414e-21
259.26,7.79478e-21
259.266,7.54457e-21
259.273,7.36786e-21
259.279,7.26668e-21
259.286,7.24074e-21
259.292,7.28746e-21
259.299,7.40218e-21
259.305,7.5783e-21
259.312,7.80763e-21
259.318,8.08067e-21
259.325,8.38697e-21
259.331,8.71554e-21
259.338,9.05523e-21
259.344,9.39511e-21
259.351,9.72484e-21
259.357,1.0035e-20
259.364,1.03175e-20
259.37,1.05655e-20
259.377,1.07739e-20
259.383,1.09394e-20
259.39,1.10604e-20
259.396,1.11372e-20
259.403,1.11714e-20
259.409,1.11666e-20
259.416,1.11274e-20
259.422,1.10595e-20
259.429,1.09695e-20
259.435,1.08644e-20
259.442,1.07515e-20
259.448,1.06377e-20
259.455,1.053e-20
259.461,1.04343e-20
259.468,1.03559e-20
259.474,1.0299e-20
259.481,1.02665e-20
259.487,1.02602e-20
259.494,1.02806e-20
259.5,1.03271e-20
259.507,1.03977e-20
259.513,1.04897e-20
259.52,1.05993e-20
259.526,1.07222e-20
259.533,1.08538e-20
259.539,1.09892e-20
259.546,1.11236e-20
259.552,1.12525e-20
259.559,1.13718e-20
259.565,1.14783e-20
259.572,1.15693e-20
259.578,1.16434e-20
259.585,1.16998e-20
259.591,1.1739e-20
259.598,1.17623e-20
259.604,1.1772e-20
259.611,1.1771e-20
259.617,1.17628e-20
259.624,1.17516e-20
259.63,1.17416e-20
259.637,1.17371e-20
259.643,1.17422e-20
259.65,1.17607e-20
259.656,1.17957e-20
259.663,1.18496e-20
259.669,1.19241e-20
259.676,1.20197e-20
259.682,1.21362e-20
259.689,1.22721e-20
259.695,1.24253e-20
259.702,1.25923e-20
259.708,1.27694e-20
259.715,1.2952e-20
259.721,1.31349e-20
259.728,1.3313e-20
259.734,1.34809e-20
259.741,1.36336e-20
259.747,1.37662e-20
259.754,1.38747e-20
259.76,1.39555e-20
259.767,1.40062e-20
259.773,1.40251e-20
259.78,1.40117e-20
259.786,1.39665e-20
259.793,1.38911e-20
259.799,1.3788e-20
259.806,1.36607e-20
259.812,1.35133e-20
259.819,1.33505e-20
259.825,1.31774e-20
259.832,1.29993e-20
259.838,1.28214e-20
259.845,1.26489e-20
259.851,1.24862e-20
259.858,1.23373e-20
259.864,1.22056e-20
259.871,1.20934e-20
259.877,1.2002e-20
259.884,1.1932e-20
259.89,1.18826e-20
259.897,1.18525e-20
259.903,1.18392e-20
259.91,1.18396e-20
259.916,1.185e-20
259.923,1.18661e-20
259.93,1.18836e-20
259.936,1.18979e-20
259.943,1.19049e-20
259.949,1.19004e-20
259.956,1.18812e-20
259.962,1.18443e-20
259.969,1.17879e-20
259.975,1.17108e-20
259.982,1.16128e-20
259.988,1.14948e-20
259.995,1.13584e-20
260.001,1.12062e-20
260.008,1.10413e-20
260.014,1.08677e-20
260.021,1.06895e-20
260.027,1.05114e-20
260.034,1.03379e-20
260.04,1.01733e-20
260.047,1.00219e-20
260.053,9.88701e-21
260.06,9.77165e-21
260.066,9.67785e-21
260.073,9.60678e-21
260.079,9.55862e-21
260.086,9.53261e-21
260.093,9.52702e-21
260.099,9.53922e-21
260.106,9.56583e-21
260.112,9.6028e-21
260.119,9.64562e-21
260.125,9.68947e-21
260.132,9.72949e-21
260.138,9.7609e-21
260.145,9.77931e-21
260.151,9.78082e-21
260.158,9.76225e-21
260.164,9.72128e-21
260.171,9.65656e-21
260.177,9.5678e-21
260.184,9.45577e-21
260.19,9.32231e-21
260.197,9.17028e-21
260.204,9.00347e-21
260.21,8.82641e-21
260.217,8.64426e-21
260.223,8.46258e-21
260.23,8.28711e-21
260.236,8.12354e-21
260.243,7.97729e-21
260.249,7.85327e-21
260.256,7.75568e-21
260.262,7.68783e-21
260.269,7.65197e-21
260.275,7.64921e-21
260.282,7.67943e-21
260.288,7.74129e-21
260.295,7.83221e-21
260.302,7.9485e-21
260.308,8.08547e-21
260.315,8.23759e-21
260.321,8.3987e-21
260.328,8.56222e-21
260.334,8.72144e-21
260.341,8.86975e-21
260.347,9.00091e-21
260.354,9.1093e-21
260.36,9.19013e-21
260.367,9.2397e-21
260.373,9.25547e-21
260.38,9.23628e-21
260.387,9.18233e-21
260.393,9.09527e-21
260.4,8.97812e-21
260.406,8.83518e-21
260.413,8.67194e-21
260.419,8.49482e-21
260.426,8.31103e-21
260.432,8.12824e-21
260.439,7.95438e-21
260.445,7.79727e-21
260.452,7.66444e-21
260.458,7.56274e-21
260.465,7.49818e-21
260.472,7.47566e-21
260.478,7.49879e-21
260.485,7.56975e-21
260.491,7.68923e-21
260.498,7.85634e-21
260.504,8.0687e-21
260.511,8.32247e-21
260.517,8.61249e-21
260.524,8.93249e-21
260.53,9.27528e-21
260.537,9.63299e-21
260.544,9.9974e-21
260.55,1.03602e-20
260.557,1.07132e-20
260.563,1.10488e-20
260.57,1.13602e-20
260.576,1.16413e-20
260.583,1.18875e-20
260.589,1.20955e-20
260.596,1.22631e-20
260.603,1.239e-20
260.609,1.24772e-20
260.616,1.2527e-20
260.622,1.25433e-20
260.629,1.25307e-20
260.635,1.24951e-20
260.642,1.2443e-20
260.648,1.23812e-20
260.655,1.23166e-20
260.661,1.22562e-20
260.668,1.22065e-20
260.675,1.21731e-20
260.681,1.21611e-20
260.688,1.21742e-20
260.694,1.22149e-20
260.701,1.22846e-20
260.707,1.2383e-20
260.714,1.25087e-20
260.72,1.26587e-20
260.727,1.28291e-20
260.734,1.30148e-20
260.74,1.32098e-20
260.747,1.34076e-20
260.753,1.36013e-20
260.76,1.37839e-20
260.766,1.39486e-20
260.773,1.40891e-20
260.779,1.41997e-20
260.786,1.42757e-20
260.793,1.43134e-20
260.799,1.43104e-20
260.806,1.42657e-20
260.812,1.41796e-20
260.819,1.40538e-20
260.825,1.38914e-20
260.832,1.36967e-20
260.839,1.34748e-20
260.845,1.32321e-20
260.852,1.29752e-20
260.858,1.27115e-20
260.865,1.24484e-20
260.871,1.21929e-20
260.878,1.1952e-20
260.885,1.17319e-20
260.891,1.1538e-20
260.898,1.13747e-20
260.904,1.12451e-20
260.911,1.11512e-20
260.917,1.10936e-20
260.924,1.10717e-20
260.93,1.10835e-20
260.937,1.11259e-20
260.944,1.11948e-20
260.95,1.12851e-20
260.957,1.13914e-20
260.963,1.15074e-20
260.97,1.16269e-20
260.976,1.17438e-20
260.983,1.18523e-20
260.99,1.19468e-20
260.996,1.20227e-20
261.003,1.20764e-20
261.009,1.2105e-20
261.016,1.21068e-20
261.022,1.20814e-20
261.029,1.20294e-20
261.036,1.19525e-20
261.042,1.18534e-20
261.049,1.1736e-20
261.055,1.16044e-20
261.062,1.14636e-20
261.068,1.13188e-20
261.075,1.11755e-20
261.082,1.10388e-20
261.088,1.09137e-20
261.095,1.08047e-20
261.101,1.07154e-20
261.108,1.06488e-20
261.114,1.06069e-20
261.121,1.05905e-20
261.128,1.05995e-20
261.134,1.06329e-20
261.141,1.06883e-20
261.147,1.07629e-20
261.154,1.08526e-20
261.161,1.09532e-20
261.167,1.10596e-20
261.174,1.11669e-20
261.18,1.12698e-20
261.187,1.13634e-20
261.193,1.14431e-20
261.2,1.1505e-20
261.207,1.15457e-20
261.213,1.15628e-20
261.22,1.1555e-20
261.226,1.15219e-20
261.233,1.14643e-20
261.239,1.13839e-20
261.246,1.12836e-20
261.253,1.1167e-20
261.259,1.10387e-20
261.266,1.09039e-20
261.272,1.07682e-20
261.279,1.06374e-20
261.286,1.05176e-20
261.292,1.04144e-20
261.299,1.03332e-20
261.305,1.02789e-20
261.312,1.02555e-20
261.318,1.02661e-20
261.325,1.0313e-20
261.332,1.0397e-20
261.338,1.05181e-20
261.345,1.06748e-20
261.351,1.08647e-20
261.358,1.1084e-20
261.365,1.13282e-20
261.371,1.15918e-20
261.378,1.18685e-20
261.384,1.21516e-20
261.391,1.24339e-20
261.398,1.27083e-20
261.404,1.29677e-20
261.411,1.32051e-20
261.417,1.34142e-20
261.424,1.35894e-20
261.431,1.37257e-20
261.437,1.38193e-20
261.444,1.38674e-20
261.45,1.38683e-20
261.457,1.38216e-20
261.463,1.37279e-20
261.47,1.35892e-20
261.477,1.34086e-20
261.483,1.319e-20
261.49,1.29385e-20
261.496,1.26599e-20
261.503,1.23604e-20
261.51,1.20469e-20
261.516,1.17266e-20
261.523,1.14067e-20
261.529,1.10944e-20
261.536,1.07964e-20
261.543,1.05194e-20
261.549,1.02692e-20
261.556,1.00511e-20
261.562,9.86957e-21
261.569,9.72814e-21
261.576,9.62943e-21
261.582,9.57509e-21
261.589,9.56574e-21
261.595,9.60105e-21
261.602,9.6797e-21
261.609,9.79949e-21
261.615,9.95741e-21
261.622,1.01497e-20
261.628,1.0372e-20
261.635,1.06193e-20
261.642,1.08865e-20
261.648,1.1168e-20
261.655,1.14582e-20
261.661,1.17514e-20
261.668,1.20422e-20
261.675,1.23253e-20
261.681,1.2596e-20
261.688,1.28499e-20
261.694,1.30832e-20
261.701,1.32928e-20
261.708,1.34762e-20
261.714,1.36318e-20
261.721,1.37586e-20
261.728,1.38564e-20
261.734,1.39259e-20
261.741,1.39683e-20
261.747,1.39855e-20
261.754,1.398e-20
261.761,1.39549e-20
261.767,1.39136e-20
261.774,1.38597e-20
261.78,1.37973e-20
261.787,1.37302e-20
261.794,1.36623e-20
261.8,1.35975e-20
261.807,1.35393e-20
261.813,1.34906e-20
261.82,1.34541e-20
261.827,1.34319e-20
261.833,1.34253e-20
261.84,1.34353e-20
261.847,1.34618e-20
261.853,1.35044e-20
261.86,1.35616e-20
261.866,1.36318e-20
261.873,1.37124e-20
261.88,1.38006e-20
261.886,1.3893e-20
261.893,1.39861e-20
261.899,1.40762e-20
261.906,1.41597e-20
261.913,1.42328e-20
261.919,1.42923e-20
261.926,1.43352e-20
261.933,1.4359e-20
261.939,1.43617e-20
261.946,1.43422e-20
261.952,1.43e-20
261.959,1.42352e-20
261.966,1.41488e-20
261.972,1.40427e-20
261.979,1.39192e-20
261.985,1.37816e-20
261.992,1.36333e-20
261.999,1.34784e-20
262.005,1.33214e-20
262.012,1.31668e-20
262.019,1.3019e-20
262.025,1.28823e-20
262.032,1.2761e-20
262.038,1.26585e-20
262.045,1.25778e-20
262.052,1.25214e-20
262.058,1.24906e-20
262.065,1.24863e-20
262.072,1.25081e-20
262.078,1.25551e-20
262.085,1.26252e-20
262.091,1.27158e-20
262.098,1.28234e-20
262.105,1.2944e-20
262.111,1.30731e-20
262.118,1.3206e-20
262.125,1.33378e-20
262.131,1.34637e-20
262.138,1.35792e-20
262.144,1.36799e-20
262.151,1.37625e-20
262.158,1.38239e-20
262.164,1.38622e-20
262.171,1.38761e-20
262.178,1.38656e-20
262.184,1.38315e-20
262.191,1.37754e-20
262.197,1.37003e-20
262.204,1.36094e-20
262.211,1.35072e-20
262.217,1.33985e-20
262.224,1.32883e-20
262.231,1.3182e-20
262.237,1.30851e-20
262.244,1.30025e-20
262.251,1.29392e-20
262.257,1.28991e-20
262.264,1.28856e-20
262.27,1.29012e-20
262.277,1.29471e-20
262.284,1.30236e-20
262.29,1.31297e-20
262.297,1.32635e-20
262.304,1.34217e-20
262.31,1.36e-20
262.317,1.37933e-20
262.324,1.39958e-20
262.33,1.42008e-20
262.337,1.44018e-20
262.343,1.45916e-20
262.35,1.47635e-20
262.357,1.49111e-20
262.363,1.50284e-20
262.37,1.51106e-20
262.377,1.51534e-20
262.383,1.51541e-20
262.39,1.51111e-20
262.397,1.50242e-20
262.403,1.48947e-20
262.41,1.47251e-20
262.417,1.45196e-20
262.423,1.42833e-20
262.43,1.40228e-20
262.436,1.37454e-20
262.443,1.34593e-20
262.45,1.31729e-20
262.456,1.28951e-20
262.463,1.26347e-20
262.47,1.24002e-20
262.476,1.21995e-20
262.483,1.20396e-20
262.49,1.19267e-20
262.496,1.18653e-20
262.503,1.18589e-20
262.51,1.19094e-20
262.516,1.2017e-20
262.523,1.21803e-20
262.529,1.23963e-20
262.536,1.26607e-20
262.543,1.29674e-20
262.549,1.33095e-20
262.556,1.36788e-20
262.563,1.40664e-20
262.569,1.44629e-20
262.576,1.48585e-20
262.583,1.52436e-20
262.589,1.56089e-20
262.596,1.59454e-20
262.603,1.62452e-20
262.609,1.65013e-20
262.616,1.6708e-20
262.623,1.68611e-20
262.629,1.69577e-20
262.636,1.69967e-20
262.643,1.69785e-20
262.649,1.69052e-20
262.656,1.67804e-20
262.663,1.66092e-20
262.669,1.63979e-20
262.676,1.61539e-20
262.682,1.58855e-20
262.689,1.56018e-20
262.696,1.53122e-20
262.702,1.50262e-20
262.709,1.47532e-20
262.716,1.45022e-20
262.722,1.42818e-20
262.729,1.40993e-20
262.736,1.39614e-20
262.742,1.38732e-20
262.749,1.38388e-20
262.756,1.38604e-20
262.762,1.3939e-20
262.769,1.4074e-20
262.776,1.42633e-20
262.782,1.4503e-20
262.789,1.47884e-20
262.796,1.51131e-20
262.802,1.54699e-20
262.809,1.58506e-20
262.816,1.62465e-20
262.822,1.66484e-20
262.829,1.70469e-20
262.836,1.74327e-20
262.842,1.77968e-20
262.849,1.81307e-20
262.856,1.84267e-20
262.862,1.8678e-20
262.869,1.88791e-20
262.876,1.90255e-20
262.882,1.91142e-20
262.889,1.91437e-20
262.896,1.91139e-20
262.902,1.90262e-20
262.909,1.88833e-20
262.916,1.86895e-20
262.922,1.84501e-20
262.929,1.81718e-20
262.936,1.78619e-20
262.942,1.75285e-20
262.949,1.71804e-20
262.956,1.68264e-20
262.962,1.64756e-20
262.969,1.61368e-20
262.976,1.58182e-20
262.982,1.55277e-20
262.989,1.5272e-20
262.996,1.5057e-20
263.002,1.48874e-20
263.009,1.47666e-20
263.016,1.46964e-20
263.022,1.46774e-20
263.029,1.47089e-20
263.036,1.47885e-20
263.042,1.49126e-20
263.049,1.50765e-20
263.056,1.52744e-20
263.062,1.54995e-20
263.069,1.57445e-20
263.076,1.60015e-20
263.082,1.62625e-20
263.089,1.65195e-20
263.096,1.67646e-20
263.102,1.69907e-20
263.109,1.7191e-20
263.116,1.736e-20
263.122,1.7493e-20
263.129,1.75865e-20
263.136,1.76384e-20
263.143,1.76479e-20
263.149,1.76154e-20
263.156,1.75428e-20
263.163,1.74332e-20
263.169,1.72906e-20
263.176,1.71204e-20
263.183,1.69283e-20
263.189,1.67209e-20
263.196,1.65051e-20
263.203,1.6288e-20
263.209,1.60763e-20
263.216,1.58768e-20
263.223,1.56953e-20
263.229,1.55372e-20
263.236,1.54069e-20
263.243,1.53075e-20
263.249,1.52413e-20
263.256,1.52092e-20
263.263,1.52108e-20
263.269,1.52447e-20
263.276,1.53081e-20
263.283,1.53976e-20
263.29,1.55086e-20
263.296,1.56358e-20
263.303,1.57737e-20
263.31,1.59162e-20
263.316,1.60575e-20
263.323,1.61916e-20
263.33,1.63133e-20
263.336,1.64178e-20
263.343,1.65011e-20
263.35,1.65601e-20
263.356,1.65929e-20
263.363,1.65987e-20
263.37,1.65776e-20
263.376,1.65312e-20
263.383,1.64618e-20
263.39,1.6373e-20
263.397,1.62689e-20
263.403,1.61545e-20
263.41,1.60352e-20
263.417,1.59165e-20
263.423,1.58039e-20
263.43,1.57028e-20
263.437,1.56181e-20
263.443,1.5554e-20
263.45,1.55138e-20
263.457,1.54997e-20
263.464,1.55132e-20
263.47,1.55541e-20
263.477,1.56212e-20
263.484,1.57123e-20
263.49,1.58237e-20
263.497,1.59509e-20
263.504,1.60887e-20
263.51,1.62309e-20
263.517,1.63712e-20
263.524,1.65029e-20
263.53,1.66194e-20
263.537,1.67145e-20
263.544,1.67825e-20
263.551,1.68186e-20
263.557,1.68191e-20
263.564,1.67812e-20
263.571,1.67037e-20
263.577,1.65868e-20
263.584,1.64322e-20
263.591,1.62428e-20
263.597,1.60232e-20
263.604,1.5779e-20
263.611,1.55172e-20
263.618,1.52455e-20
263.624,1.49722e-20
263.631,1.47061e-20
263.638,1.4456e-20
263.644,1.42307e-20
263.651,1.40382e-20
263.658,1.3886e-20
263.665,1.37803e-20
263.671,1.37263e-20
263.678,1.37275e-20
263.685,1.37861e-20
263.691,1.39022e-20
263.698,1.40746e-20
263.705,1.43002e-20
263.711,1.45743e-20
263.718,1.48908e-20
263.725,1.5242e-20
263.732,1.56196e-20
263.738,1.60139e-20
263.745,1.64152e-20
263.752,1.68131e-20
263.758,1.71975e-20
263.765,1.75587e-20
263.772,1.78875e-20
263.779,1.81756e-20
263.785,1.84161e-20
263.792,1.86032e-20
263.799,1.87326e-20
263.805,1.88019e-20
263.812,1.88102e-20
263.819,1.87581e-20
263.826,1.86481e-20
263.832,1.84841e-20
263.839,1.82713e-20
263.846,1.80163e-20
263.852,1.77265e-20
263.859,1.741e-20
263.866,1.70755e-20
263.873,1.67321e-20
263.879,1.63884e-20
263.886,1.60531e-20
263.893,1.57342e-20
263.899,1.5439e-20
263.906,1.51739e-20
263.913,1.49443e-20
263.92,1.47542e-20
263.926,1.46067e-20
263.933,1.45034e-20
263.94,1.44448e-20
263.946,1.44301e-20
263.953,1.44575e-20
263.96,1.45243e-20
263.967,1.46266e-20
263.973,1.47603e-20
263.98,1.49203e-20
263.987,1.51015e-20
263.994,1.52984e-20
264,1.55056e-20
264.007,1.57178e-20
264.014,1.593e-20
264.02,1.61374e-20
264.027,1.6336e-20
264.034,1.6522e-20
264.041,1.66923e-20
264.047,1.68447e-20
264.054,1.69771e-20
264.061,1.70883e-20
264.067,1.71776e-20
264.074,1.72448e-20
264.081,1.72901e-20
264.088,1.7314e-20
264.094,1.73173e-20
264.101,1.73012e-20
264.108,1.72669e-20
264.115,1.72158e-20
264.121,1.71492e-20
264.128,1.70686e-20
264.135,1.69755e-20
264.141,1.68712e-20
264.148,1.67572e-20
264.155,1.6635e-20
264.162,1.65059e-20
264.168,1.63715e-20
264.175,1.62332e-20
264.182,1.60929e-20
264.189,1.59521e-20
264.195,1.58129e-20
264.202,1.56771e-20
264.209,1.55471e-20
264.216,1.5425e-20
264.222,1.53132e-20
264.229,1.52143e-20
264.236,1.51306e-20
264.242,1.50645e-20
264.249,1.50185e-20
264.256,1.49946e-20
264.263,1.49948e-20
264.269,1.50204e-20
264.276,1.50728e-20
264.283,1.51524e-20
264.29,1.52595e-20
264.296,1.53935e-20
264.303,1.55532e-20
264.31,1.5737e-20
264.317,1.59423e-20
264.323,1.61663e-20
264.33,1.64051e-20
264.337,1.66547e-20
264.344,1.69106e-20
264.35,1.71677e-20
264.357,1.7421e-20
264.364,1.76652e-20
264.37,1.78951e-20
264.377,1.81055e-20
264.384,1.82917e-20
264.391,1.84494e-20
264.397,1.85747e-20
264.404,1.86645e-20
264.411,1.87165e-20
264.418,1.87292e-20
264.424,1.87018e-20
264.431,1.86348e-20
264.438,1.85293e-20
264.445,1.83877e-20
264.451,1.82129e-20
264.458,1.8009e-20
264.465,1.77806e-20
264.472,1.7533e-20
264.478,1.72721e-20
264.485,1.70041e-20
264.492,1.67354e-20
264.499,1.64725e-20
264.505,1.6222e-20
264.512,1.59899e-20
264.519,1.57822e-20
264.526,1.5604e-20
264.532,1.54599e-20
264.539,1.53537e-20
264.546,1.52884e-20
264.553,1.52658e-20
264.559,1.5287e-20
264.566,1.53519e-20
264.573,1.54594e-20
264.58,1.56073e-20
264.586,1.57926e-20
264.593,1.60113e-20
264.6,1.62588e-20
264.607,1.65297e-20
264.613,1.68181e-20
264.62,1.71177e-20
264.627,1.7422e-20
264.634,1.77246e-20
264.64,1.8019e-20
264.647,1.82992e-20
264.654,1.85594e-20
264.661,1.87946e-20
264.667,1.90006e-20
264.674,1.91737e-20
264.681,1.93116e-20
264.688,1.94126e-20
264.694,1.94764e-20
264.701,1.95036e-20
264.708,1.94958e-20
264.715,1.94559e-20
264.722,1.93874e-20
264.728,1.92949e-20
264.735,1.91836e-20
264.742,1.90592e-20
264.749,1.8928e-20
264.755,1.87964e-20
264.762,1.86707e-20
264.769,1.85573e-20
264.776,1.84619e-20
264.782,1.839e-20
264.789,1.8346e-20
264.796,1.83336e-20
264.803,1.83555e-20
264.809,1.84131e-20
264.816,1.85067e-20
264.823,1.86353e-20
264.83,1.87967e-20
264.836,1.89876e-20
264.843,1.92032e-20
264.85,1.94382e-20
264.857,1.96859e-20
264.864,1.99395e-20
264.87,2.01913e-20
264.877,2.04336e-20
264.884,2.06586e-20
264.891,2.08589e-20
264.897,2.10274e-20
264.904,2.1158e-20
264.911,2.12455e-20
264.918,2.12858e-20
264.924,2.12762e-20
264.931,2.12155e-20
264.938,2.1104e-20
264.945,2.09435e-20
264.952,2.07375e-20
264.958,2.04909e-20
264.965,2.021e-20
264.972,1.99022e-20
264.979,1.95759e-20
264.985,1.92403e-20
264.992,1.89052e-20
264.999,1.85802e-20
265.006,1.82749e-20
265.012,1.79987e-20
265.019,1.77599e-20
265.026,1.75659e-20
265.033,1.74227e-20
265.04,1.73349e-20
265.046,1.73055e-20
265.053,1.73355e-20
265.06,1.74241e-20
265.067,1.75689e-20
265.073,1.77653e-20
265.08,1.80075e-20
265.087,1.82879e-20
265.094,1.85979e-20
265.101,1.89277e-20
265.107,1.9267e-20
265.114,1.96052e-20
265.121,1.99319e-20
265.128,2.02367e-20
265.134,2.05102e-20
265.141,2.07441e-20
265.148,2.09314e-20
265.155,2.10666e-20
265.162,2.11461e-20
265.168,2.1168e-20
265.175,2.11325e-20
265.182,2.10418e-20
265.189,2.09e-20
265.196,2.07127e-20
265.202,2.04873e-20
265.209,2.02324e-20
265.216,1.99576e-20
265.223,1.96731e-20
265.229,1.93897e-20
265.236,1.91177e-20
265.243,1.88672e-20
265.25,1.86477e-20
265.257,1.84672e-20
265.263,1.83327e-20
265.27,1.82493e-20
265.277,1.82205e-20
265.284,1.82479e-20
265.291,1.8331e-20
265.297,1.84675e-20
265.304,1.86532e-20
265.311,1.88824e-20
265.318,1.91476e-20
265.324,1.94406e-20
265.331,1.97519e-20
265.338,2.00716e-20
265.345,2.03897e-20
265.352,2.06961e-20
265.358,2.09814e-20
265.365,2.12371e-20
265.372,2.14555e-20
265.379,2.16305e-20
265.386,2.17574e-20
265.392,2.18333e-20
265.399,2.18569e-20
265.406,2.18286e-20
265.413,2.17506e-20
265.42,2.16265e-20
265.426,2.14614e-20
265.433,2.12614e-20
265.44,2.10334e-20
265.447,2.0785e-20
265.454,2.05241e-20
265.46,2.02584e-20
265.467,1.99952e-20
265.474,1.97413e-20
265.481,1.95027e-20
265.488,1.92839e-20
265.494,1.90886e-20
265.501,1.89191e-20
265.508,1.8776e-20
265.515,1.86589e-20
265.522,1.8566e-20
265.528,1.84943e-20
265.535,1.844e-20
265.542,1.83985e-20
265.549,1.83647e-20
265.556,1.83333e-20
265.562,1.82992e-20
265.569,1.82574e-20
265.576,1.82039e-20
265.583,1.81351e-20
265.59,1.80487e-20
265.596,1.79436e-20
265.603,1.78197e-20
265.61,1.76784e-20
265.617,1.75224e-20
265.624,1.73553e-20
265.63,1.71819e-20
265.637,1.70078e-20
265.644,1.68393e-20
265.651,1.66828e-20
265.658,1.65449e-20
265.664,1.64319e-20
265.671,1.63496e-20
265.678,1.63028e-20
265.685,1.62953e-20
265.692,1.63299e-20
265.698,1.64074e-20
265.705,1.65277e-20
265.712,1.66885e-20
265.719,1.68864e-20
265.726,1.71163e-20
265.733,1.73718e-20
265.739,1.76456e-20
265.746,1.79294e-20
265.753,1.82143e-20
265.76,1.84913e-20
265.767,1.87515e-20
265.773,1.89865e-20
265.78,1.91887e-20
265.787,1.93518e-20
265.794,1.94706e-20
265.801,1.95417e-20
265.807,1.95637e-20
265.814,1.95367e-20
265.821,1.94629e-20
265.828,1.93465e-20
265.835,1.91933e-20
265.842,1.90105e-20
265.848,1.8807e-20
265.855,1.85922e-20
265.862,1.83767e-20
265.869,1.81707e-20
265.876,1.79849e-20
265.882,1.78289e-20
265.889,1.77118e-20
265.896,1.7641e-20
265.903,1.76228e-20
265.91,1.76611e-20
265.917,1.77582e-20
265.923,1.7914e-20
265.93,1.81263e-20
265.937,1.83906e-20
265.944,1.87006e-20
265.951,1.90479e-20
265.957,1.9423e-20
265.964,1.98146e-20
265.971,2.02109e-20
265.978,2.05997e-20
265.985,2.09687e-20
265.992,2.13061e-20
265.998,2.16009e-20
266.005,2.18434e-20
266.012,2.20255e-20
266.019,2.21411e-20
266.026,2.21861e-20
266.033,2.21589e-20
266.039,2.20599e-20
266.046,2.18923e-20
266.053,2.16613e-20
266.06,2.1374e-20
266.067,2.10396e-20
266.074,2.06687e-20
266.08,2.0273e-20
266.087,1.98649e-20
266.094,1.9457e-20
266.101,1.9062e-20
266.108,1.86916e-20
266.115,1.83568e-20
266.121,1.80671e-20
266.128,1.78303e-20
266.135,1.76521e-20
266.142,1.75363e-20
266.149,1.74842e-20
266.156,1.74948e-20
266.162,1.75652e-20
266.169,1.76901e-20
266.176,1.78625e-20
266.183,1.80736e-20
266.19,1.83135e-20
266.197,1.85714e-20
266.203,1.88361e-20
266.21,1.9096e-20
266.217,1.93403e-20
266.224,1.95585e-20
266.231,1.97416e-20
266.238,1.98818e-20
266.244,1.99729e-20
266.251,2.00108e-20
266.258,1.99933e-20
266.265,1.99202e-20
266.272,1.97935e-20
266.279,1.96169e-20
266.285,1.93962e-20
266.292,1.91383e-20
266.299,1.88518e-20
266.306,1.85458e-20
266.313,1.82304e-20
266.32,1.79155e-20
266.326,1.76111e-20
266.333,1.73267e-20
266.34,1.70707e-20
266.347,1.68506e-20
266.354,1.66724e-20
266.361,1.65404e-20
266.367,1.64574e-20
266.374,1.64243e-20
266.381,1.64402e-20
266.388,1.65025e-20
266.395,1.66069e-20
266.402,1.67479e-20
266.409,1.69187e-20
266.415,1.71115e-20
266.422,1.7318e-20
266.429,1.75295e-20
266.436,1.77375e-20
266.443,1.79335e-20
266.45,1.81099e-20
266.456,1.82598e-20
266.463,1.83775e-20
266.47,1.84584e-20
266.477,1.84995e-20
266.484,1.84992e-20
266.491,1.84574e-20
266.498,1.83753e-20
266.504,1.8256e-20
266.511,1.81032e-20
266.518,1.79222e-20
266.525,1.7719e-20
266.532,1.75004e-20
266.539,1.72733e-20
266.546,1.70452e-20
266.552,1.68234e-20
266.559,1.66147e-20
266.566,1.64257e-20
266.573,1.62622e-20
266.58,1.61291e-20
266.587,1.60304e-20
266.594,1.5969e-20
266.6,1.59468e-20
266.607,1.59645e-20
266.614,1.60218e-20
266.621,1.61174e-20
266.628,1.6249e-20
266.635,1.64136e-20
266.642,1.66076e-20
266.648,1.68266e-20
266.655,1.70661e-20
266.662,1.73214e-20
266.669,1.75875e-20
266.676,1.78596e-20
266.683,1.8133e-20
266.69,1.84033e-20
266.696,1.86665e-20
266.703,1.89189e-20
266.71,1.91572e-20
266.717,1.93788e-20
266.724,1.95814e-20
266.731,1.9763e-20
266.738,1.99222e-20
266.744,2.0058e-20
266.751,2.01696e-20
266.758,2.02567e-20
266.765,2.03191e-20
266.772,2.03569e-20
266.779,2.03705e-20
266.786,2.03602e-20
266.792,2.03269e-20
266.799,2.02714e-20
266.806,2.01947e-20
266.813,2.00983e-20
266.82,1.99835e-20
266.827,1.98523e-20
266.834,1.97068e-20
266.841,1.95492e-20
266.847,1.93824e-20
266.854,1.92092e-20
266.861,1.90331e-20
266.868,1.88577e-20
266.875,1.86866e-20
266.882,1.8524e-20
266.889,1.83739e-20
266.896,1.82403e-20
266.902,1.81273e-20
266.909,1.80386e-20
266.916,1.79777e-20
266.923,1.79477e-20
266.93,1.79509e-20
266.937,1.79893e-20
266.944,1.8064e-20
266.95,1.81753e-20
266.957,1.83225e-20
266.964,1.85044e-20
266.971,1.87185e-20
266.978,1.89618e-20
266.985,1.92302e-20
266.992,1.95192e-20
266.999,1.98235e-20
267.005,2.01374e-20
267.012,2.04549e-20
267.019,2.07701e-20
267.026,2.10767e-20
267.033,2.13691e-20
267.04,2.16418e-20
267.047,2.189e-20
267.054,2.21096e-20
267.061,2.22974e-20
267.067,2.24509e-20
267.074,2.25689e-20
267.081,2.26511e-20
267.088,2.26982e-20
267.095,2.2712e-20
267.102,2.2695e-20
267.109,2.26509e-20
267.116,2.25835e-20
267.122,2.24976e-20
267.129,2.23982e-20
267.136,2.22901e-20
267.143,2.21785e-20
267.15,2.20682e-20
267.157,2.19634e-20
267.164,2.18679e-20
267.171,2.17847e-20
267.178,2.17159e-20
267.184,2.16629e-20
267.191,2.16258e-20
267.198,2.16041e-20
267.205,2.15963e-20
267.212,2.15998e-20
267.219,2.16116e-20
267.226,2.16279e-20
267.233,2.16447e-20
267.239,2.16575e-20
267.246,2.1662e-20
267.253,2.16539e-20
267.26,2.16293e-20
267.267,2.15849e-20
267.274,2.1518e-20
267.281,2.1427e-20
267.288,2.13108e-20
267.295,2.11698e-20
267.302,2.10052e-20
267.308,2.08193e-20
267.315,2.06154e-20
267.322,2.03977e-20
267.329,2.01714e-20
267.336,1.9942e-20
267.343,1.97157e-20
267.35,1.94988e-20
267.357,1.92978e-20
267.364,1.91189e-20
267.37,1.89678e-20
267.377,1.88498e-20
267.384,1.87693e-20
267.391,1.87297e-20
267.398,1.87332e-20
267.405,1.87812e-20
267.412,1.88734e-20
267.419,1.90085e-20
267.426,1.91839e-20
267.433,1.93959e-20
267.439,1.96397e-20
267.446,1.99097e-20
267.453,2.01995e-20
267.46,2.05021e-20
267.467,2.08104e-20
267.474,2.1117e-20
267.481,2.1415e-20
267.488,2.16976e-20
267.495,2.19585e-20
267.502,2.21923e-20
267.508,2.23947e-20
267.515,2.25621e-20
267.522,2.26921e-20
267.529,2.27837e-20
267.536,2.28369e-20
267.543,2.28527e-20
267.55,2.28336e-20
267.557,2.27826e-20
267.564,2.27037e-20
267.571,2.26018e-20
267.577,2.24819e-20
267.584,2.23497e-20
267.591,2.22106e-20
267.598,2.20702e-20
267.605,2.19337e-20
267.612,2.18059e-20
267.619,2.16908e-20
267.626,2.15921e-20
267.633,2.15123e-20
267.64,2.14532e-20
267.647,2.14157e-20
267.653,2.13996e-20
267.66,2.14041e-20
267.667,2.14275e-20
267.674,2.14675e-20
267.681,2.15209e-20
267.688,2.15846e-20
267.695,2.16547e-20
267.702,2.17274e-20
267.709,2.1799e-20
267.716,2.18656e-20
267.723,2.19241e-20
267.729,2.19713e-20
267.736,2.20049e-20
267.743,2.2023e-20
267.75,2.20245e-20
267.757,2.20086e-20
267.764,2.19757e-20
267.771,2.19264e-20
267.778,2.1862e-20
267.785,2.17845e-20
267.792,2.1696e-20
267.799,2.15992e-20
267.806,2.14967e-20
267.812,2.13916e-20
267.819,2.12866e-20
267.826,2.11843e-20
267.833,2.10874e-20
267.84,2.09977e-20
267.847,2.09171e-20
267.854,2.08467e-20
267.861,2.07874e-20
267.868,2.07392e-20
267.875,2.07021e-20
267.882,2.06751e-20
267.889,2.06572e-20
267.896,2.06468e-20
267.902,2.06421e-20
267.909,2.06412e-20
267.916,2.06418e-20
267.923,2.06419e-20
267.93,2.06394e-20
267.937,2.06325e-20
267.944,2.06195e-20
267.951,2.05992e-20
267.958,2.05705e-20
267.965,2.05329e-20
267.972,2.04864e-20
267.979,2.04312e-20
267.986,2.0368e-20
267.992,2.0298e-20
267.999,2.02227e-20
268.006,2.01438e-20
268.013,2.00632e-20
268.02,1.99832e-20
268.027,1.99059e-20
268.034,1.98335e-20
268.041,1.97683e-20
268.048,1.97122e-20
268.055,1.9667e-20
268.062,1.96344e-20
268.069,1.96157e-20
268.076,1.96117e-20
268.083,1.96231e-20
268.089,1.96503e-20
268.096,1.96932e-20
268.103,1.97516e-20
268.11,1.98247e-20
268.117,1.99117e-20
268.124,2.00118e-20
268.131,2.01235e-20
268.138,2.02458e-20
268.145,2.03771e-20
268.152,2.05163e-20
268.159,2.0662e-20
268.166,2.08128e-20
268.173,2.09677e-20
268.18,2.11256e-20
268.187,2.12853e-20
268.194,2.14462e-20
268.2,2.16073e-20
268.207,2.17679e-20
268.214,2.19274e-20
268.221,2.2085e-20
268.228,2.22402e-20
268.235,2.23921e-20
268.242,2.25401e-20
268.249,2.26833e-20
268.256,2.28208e-20
268.263,2.29516e-20
268.27,2.30744e-20
268.277,2.31881e-20
268.284,2.32914e-20
268.291,2.33829e-20
268.298,2.34612e-20
268.305,2.35251e-20
268.312,2.35733e-20
268.318,2.36047e-20
268.325,2.36184e-20
268.332,2.36138e-20
268.339,2.35904e-20
268.346,2.35483e-20
268.353,2.34879e-20
268.36,2.34099e-20
268.367,2.33155e-20
268.374,2.32064e-20
268.381,2.30846e-20
268.388,2.29525e-20
268.395,2.2813e-20
268.402,2.26691e-20
268.409,2.2524e-20
268.416,2.23814e-20
268.423,2.22446e-20
268.43,2.21171e-20
268.437,2.20023e-20
268.444,2.19032e-20
268.45,2.18228e-20
268.457,2.17634e-20
268.464,2.17269e-20
268.471,2.17147e-20
268.478,2.17276e-20
268.485,2.17659e-20
268.492,2.1829e-20
268.499,2.19159e-20
268.506,2.2025e-20
268.513,2.21541e-20
268.52,2.23004e-20
268.527,2.2461e-20
268.534,2.26325e-20
268.541,2.28111e-20
268.548,2.29934e-20
268.555,2.31755e-20
268.562,2.3354e-20
268.569,2.35257e-20
268.576,2.36875e-20
268.583,2.38369e-20
268.59,2.39721e-20
268.597,2.40916e-20
268.603,2.41946e-20
268.61,2.42811e-20
268.617,2.43515e-20
268.624,2.4407e-20
268.631,2.44492e-20
268.638,2.44805e-20
268.645,2.45034e-20
268.652,2.45208e-20
268.659,2.45362e-20
268.666,2.45527e-20
268.673,2.45736e-20
268.68,2.46022e-20
268.687,2.46415e-20
268.694,2.4694e-20
268.701,2.4762e-20
268.708,2.4847e-20
268.715,2.49501e-20
268.722,2.50719e-20
268.729,2.52119e-20
268.736,2.53695e-20
268.743,2.5543e-20
268.75,2.57305e-20
268.757,2.59292e-20
268.764,2.61362e-20
268.771,2.63479e-20
268.778,2.65608e-20
268.785,2.67711e-20
268.792,2.69749e-20
268.798,2.71686e-20
268.805,2.73486e-20
268.812,2.75117e-20
268.819,2.76552e-20
268.826,2.77768e-20
268.833,2.78748e-20
268.84,2.79479e-20
268.847,2.79957e-20
268.854,2.80182e-20
268.861,2.80162e-20
268.868,2.79907e-20
268.875,2.79436e-20
268.882,2.7877e-20
268.889,2.77935e-20
268.896,2.76957e-20
268.903,2.75865e-20
268.91,2.7469e-20
268.917,2.73459e-20
268.924,2.72202e-20
268.931,2.70943e-20
268.938,2.69706e-20
268.945,2.68508e-20
268.952,2.67366e-20
268.959,2.6629e-20
268.966,2.65287e-20
268.973,2.64361e-20
268.98,2.63511e-20
268.987,2.62733e-20
268.994,2.6202e-20
269.001,2.61365e-20
269.008,2.60758e-20
269.015,2.6019e-20
269.022,2.59653e-20
269.029,2.59138e-20
269.036,2.58641e-20
269.043,2.5816e-20
269.05,2.57696e-20
269.057,2.57253e-20
269.064,2.5684e-20
269.071,2.56468e-20
269.078,2.56153e-20
269.085,2.55914e-20
269.092,2.55772e-20
269.099,2.55749e-20
269.105,2.55868e-20
269.112,2.56153e-20
269.119,2.56624e-20
269.126,2.57301e-20
269.133,2.582e-20
269.14,2.59332e-20
269.147,2.60702e-20
269.154,2.62311e-20
269.161,2.64151e-20
269.168,2.66208e-20
269.175,2.68461e-20
269.182,2.70882e-20
269.189,2.73436e-20
269.196,2.76082e-20
269.203,2.78776e-20
269.21,2.81467e-20
269.217,2.84103e-20
269.224,2.86629e-20
269.231,2.88994e-20
269.238,2.91144e-20
269.245,2.93032e-20
269.252,2.94615e-20
269.259,2.95855e-20
269.266,2.96723e-20
269.273,2.97199e-20
269.28,2.9727e-20
269.287,2.96935e-20
269.294,2.96204e-20
269.301,2.95095e-20
269.308,2.93637e-20
269.315,2.91867e-20
269.322,2.89832e-20
269.329,2.87585e-20
269.336,2.85183e-20
269.343,2.82688e-20
269.35,2.80164e-20
269.357,2.77675e-20
269.364,2.75281e-20
269.371,2.73041e-20
269.378,2.71007e-20
269.385,2.69224e-20
269.392,2.67729e-20
269.399,2.66549e-20
269.406,2.65701e-20
269.413,2.6519e-20
269.42,2.65011e-20
269.427,2.65149e-20
269.434,2.65575e-20
269.441,2.66255e-20
269.448,2.67144e-20
269.455,2.68191e-20
269.462,2.69341e-20
269.469,2.70534e-20
269.476,2.71709e-20
269.483,2.72806e-20
269.49,2.73768e-20
269.497,2.74542e-20
269.504,2.75082e-20
269.511,2.75348e-20
269.518,2.75311e-20
269.525,2.74951e-20
269.532,2.74259e-20
269.539,2.73238e-20
269.546,2.719e-20
269.553,2.70269e-20
269.56,2.68379e-20
269.567,2.66273e-20
269.574,2.64001e-20
269.581,2.61619e-20
269.588,2.59187e-20
269.595,2.56768e-20
269.602,2.54426e-20
269.609,2.52222e-20
269.616,2.50214e-20
269.623,2.48456e-20
269.63,2.46993e-20
269.637,2.45862e-20
269.644,2.45094e-20
269.651,2.44705e-20
269.658,2.44704e-20
269.665,2.45087e-20
269.672,2.4584e-20
269.68,2.4694e-20
269.687,2.48353e-20
269.694,2.50037e-20
269.701,2.51944e-20
269.708,2.54019e-20
269.715,2.56207e-20
269.722,2.58447e-20
269.729,2.6068e-20
269.736,2.62849e-20
269.743,2.649e-20
269.75,2.66784e-20
269.757,2.68458e-20
269.764,2.69887e-20
269.771,2.71046e-20
269.778,2.71916e-20
269.785,2.72491e-20
269.792,2.72771e-20
269.799,2.72766e-20
269.806,2.72497e-20
269.813,2.71989e-20
269.82,2.71276e-20
269.827,2.70396e-20
269.834,2.6939e-20
269.841,2.68304e-20
269.848,2.67182e-20
269.855,2.66068e-20
269.862,2.65004e-20
269.869,2.64028e-20
269.876,2.63173e-20
269.883,2.62464e-20
269.89,2.61923e-20
269.897,2.6156e-20
269.904,2.61382e-20
269.911,2.61383e-20
269.918,2.61554e-20
269.925,2.61878e-20
269.932,2.62329e-20
269.939,2.62879e-20
269.946,2.63494e-20
269.953,2.6414e-20
269.96,2.64778e-20
269.967,2.65371e-20
269.974,2.65884e-20
269.981,2.66284e-20
269.989,2.66542e-20
269.996,2.66637e-20
270.003,2.66551e-20
270.01,2.66275e-20
270.017,2.65806e-20
270.024,2.65152e-20
270.031,2.64325e-20
270.038,2.63346e-20
270.045,2.62245e-20
270.052,2.61056e-20
270.059,2.59817e-20
270.066,2.58572e-20
270.073,2.57368e-20
270.08,2.5625e-20
270.087,2.55267e-20
270.094,2.54461e-20
270.101,2.53873e-20
270.108,2.53541e-20
270.115,2.53493e-20
270.122,2.53752e-20
270.129,2.54332e-20
270.136,2.55239e-20
270.143,2.56468e-20
270.15,2.58006e-20
270.157,2.59832e-20
270.164,2.61915e-20
270.171,2.64214e-20
270.178,2.66686e-20
270.186,2.69278e-20
270.193,2.71934e-20
270.2,2.74597e-20
270.207,2.77207e-20
270.214,2.79705e-20
270.221,2.82035e-20
270.228,2.84143e-20
270.235,2.85983e-20
270.242,2.87514e-20
270.249,2.88703e-20
270.256,2.89527e-20
270.263,2.89971e-20
270.27,2.90031e-20
270.277,2.89713e-20
270.284,2.89032e-20
270.291,2.88012e-20
270.298,2.86686e-20
270.305,2.85094e-20
270.312,2.83283e-20
270.319,2.81303e-20
270.326,2.79209e-20
270.333,2.77056e-20
270.341,2.74899e-20
270.348,2.72791e-20
270.355,2.7078e-20
270.362,2.68913e-20
270.369,2.67226e-20
270.376,2.6575e-20
270.383,2.64508e-20
270.39,2.63512e-20
270.397,2.62768e-20
270.404,2.62271e-20
270.411,2.62007e-20
270.418,2.61956e-20
270.425,2.62089e-20
270.432,2.62372e-20
270.439,2.62767e-20
270.446,2.63231e-20
270.453,2.63721e-20
270.46,2.64193e-20
270.467,2.64607e-20
270.475,2.64925e-20
270.482,2.65112e-20
270.489,2.65141e-20
270.496,2.64993e-20
270.503,2.64654e-20
270.51,2.64122e-20
270.517,2.63399e-20
270.524,2.62501e-20
270.531,2.61447e-20
270.538,2.60267e-20
270.545,2.58996e-20
270.552,2.57674e-20
270.559,2.56347e-20
270.566,2.5506e-20
270.573,2.53862e-20
270.58,2.52798e-20
270.587,2.51912e-20
270.595,2.51244e-20
270.602,2.50827e-20
270.609,2.50688e-20
270.616,2.50845e-20
270.623,2.51307e-20
270.63,2.52075e-20
270.637,2.53138e-20
270.644,2.54479e-20
270.651,2.56068e-20
270.658,2.57869e-20
270.665,2.59839e-20
270.672,2.61929e-20
270.679,2.64085e-20
270.686,2.6625e-20
270.693,2.68368e-20
270.701,2.70383e-20
270.708,2.72239e-20
270.715,2.73889e-20
270.722,2.7529e-20
270.729,2.76404e-20
270.736,2.77205e-20
270.743,2.77675e-20
270.75,2.77804e-20
270.757,2.77596e-20
270.764,2.7706e-20
270.771,2.7622e-20
270.778,2.75103e-20
270.785,2.73749e-20
270.792,2.72201e-20
270.8,2.70507e-20
270.807,2.68721e-20
270.814,2.66897e-20
270.821,2.65087e-20
270.828,2.63345e-20
270.835,2.61718e-20
270.842,2.60249e-20
270.849,2.58977e-20
270.856,2.57931e-20
270.863,2.57132e-20
270.87,2.56593e-20
270.877,2.56319e-20
270.884,2.56305e-20
270.892,2.56537e-20
270.899,2.56996e-20
270.906,2.57655e-20
270.913,2.5848e-20
270.92,2.59436e-20
270.927,2.60484e-20
270.934,2.61583e-20
270.941,2.62694e-20
270.948,2.6378e-20
270.955,2.64806e-20
270.962,2.65743e-20
270.969,2.66568e-20
270.976,2.67262e-20
270.984,2.67815e-20
270.991,2.68225e-20
270.998,2.68495e-20
271.005,2.68637e-20
271.012,2.68666e-20
271.019,2.68606e-20
271.026,2.68484e-20
271.033,2.68329e-20
271.04,2.68172e-20
271.047,2.68047e-20
271.054,2.67984e-20
271.061,2.6801e-20
271.069,2.68152e-20
271.076,2.68428e-20
271.083,2.68853e-20
271.09,2.69434e-20
271.097,2.7017e-20
271.104,2.71055e-20
271.111,2.72075e-20
271.118,2.73207e-20
271.125,2.74425e-20
271.132,2.75696e-20
271.139,2.76982e-20
271.147,2.78243e-20
271.154,2.79437e-20
271.161,2.80522e-20
271.168,2.81457e-20
271.175,2.82203e-20
271.182,2.82728e-20
271.189,2.83002e-20
271.196,2.83003e-20
271.203,2.82717e-20
271.21,2.82137e-20
271.217,2.81266e-20
271.225,2.80114e-20
271.232,2.78701e-20
271.239,2.77053e-20
271.246,2.75204e-20
271.253,2.73194e-20
271.26,2.7107e-20
271.267,2.68881e-20
271.274,2.66677e-20
271.281,2.64512e-20
271.288,2.62437e-20
271.296,2.60501e-20
271.303,2.58749e-20
271.31,2.57222e-20
271.317,2.55954e-20
271.324,2.54972e-20
271.331,2.54295e-20
271.338,2.53933e-20
271.345,2.53889e-20
271.352,2.54155e-20
271.359,2.54717e-20
271.367,2.55552e-20
271.374,2.5663e-20
271.381,2.57916e-20
271.388,2.59367e-20
271.395,2.60939e-20
271.402,2.62586e-20
271.409,2.6426e-20
271.416,2.65911e-20
271.423,2.67496e-20
271.431,2.68969e-20
271.438,2.70291e-20
271.445,2.71429e-20
271.452,2.72354e-20
271.459,2.73043e-20
271.466,2.7348e-20
271.473,2.73659e-20
271.48,2.73576e-20
271.487,2.73239e-20
271.495,2.72657e-20
271.502,2.71851e-20
271.509,2.70842e-20
271.516,2.69658e-20
271.523,2.6833e-20
271.53,2.66893e-20
271.537,2.65382e-20
271.544,2.63834e-20
271.551,2.62284e-20
271.558,2.60768e-20
271.566,2.59319e-20
271.573,2.57967e-20
271.58,2.56739e-20
271.587,2.5566e-20
271.594,2.54748e-20
271.601,2.54018e-20
271.608,2.5348e-20
271.615,2.53141e-20
271.623,2.53e-20
271.63,2.53055e-20
271.637,2.53299e-20
271.644,2.53721e-20
271.651,2.54306e-20
271.658,2.55038e-20
271.665,2.55899e-20
271.672,2.56866e-20
271.679,2.57919e-20
271.687,2.59034e-20
271.694,2.6019e-20
271.701,2.61365e-20
271.708,2.62538e-20
271.715,2.63689e-20
271.722,2.64801e-20
271.729,2.65857e-20
271.736,2.66846e-20
271.744,2.67755e-20
271.751,2.68578e-20
271.758,2.6931e-20
271.765,2.69948e-20
271.772,2.70494e-20
271.779,2.70951e-20
271.786,2.71325e-20
271.793,2.71626e-20
271.801,2.71863e-20
271.808,2.72049e-20
271.815,2.72199e-20
271.822,2.72327e-20
271.829,2.72449e-20
271.836,2.7258e-20
271.843,2.72737e-20
271.85,2.72933e-20
271.858,2.73183e-20
271.865,2.73499e-20
271.872,2.73889e-20
271.879,2.74363e-20
271.886,2.74924e-20
271.893,2.75576e-20
271.9,2.76317e-20
271.907,2.77143e-20
271.915,2.78048e-20
271.922,2.79023e-20
271.929,2.80054e-20
271.936,2.81127e-20
271.943,2.82226e-20
271.95,2.83333e-20
271.957,2.84427e-20
271.965,2.85489e-20
271.972,2.86501e-20
271.979,2.87441e-20
271.986,2.88293e-20
271.993,2.89041e-20
272,2.8967e-20
272.007,2.9017e-20
272.015,2.90534e-20
272.022,2.90756e-20
272.029,2.90837e-20
272.036,2.9078e-20
272.043,2.90592e-20
272.05,2.90284e-20
272.057,2.89869e-20
272.064,2.89367e-20
272.072,2.88795e-20
272.079,2.88178e-20
272.086,2.87538e-20
272.093,2.869e-20
272.1,2.8629e-20
272.107,2.85731e-20
272.114,2.85249e-20
272.122,2.84864e-20
272.129,2.84595e-20
272.136,2.84461e-20
272.143,2.84475e-20
272.15,2.84648e-20
272.157,2.84985e-20
272.164,2.85489e-20
272.172,2.86161e-20
272.179,2.86995e-20
272.186,2.87984e-20
272.193,2.89116e-20
272.2,2.90378e-20
272.207,2.91754e-20
272.214,2.93226e-20
272.222,2.94776e-20
272.229,2.96384e-20
272.236,2.98031e-20
272.243,2.99696e-20
272.25,3.01362e-20
272.257,3.03011e-20
272.265,3.04627e-20
272.272,3.06196e-20
272.279,3.07704e-20
272.286,3.09142e-20
272.293,3.10501e-20
272.3,3.11773e-20
272.307,3.12952e-20
272.315,3.14035e-20
272.322,3.15019e-20
272.329,3.15902e-20
272.336,3.16682e-20
272.343,3.17359e-20
272.35,3.17932e-20
272.358,3.18402e-20
272.365,3.18767e-20
272.372,3.19028e-20
272.379,3.19184e-20
272.386,3.19236e-20
272.393,3.19183e-20
272.4,3.19027e-20
272.408,3.18767e-20
272.415,3.18408e-20
272.422,3.17952e-20
272.429,3.17405e-20
272.436,3.16772e-20
272.443,3.16064e-20
272.451,3.15289e-20
272.458,3.14462e-20
272.465,3.13597e-20
272.472,3.12712e-20
272.479,3.11824e-20
272.486,3.10955e-20
272.494,3.10126e-20
272.501,3.09358e-20
272.508,3.08674e-20
272.515,3.08094e-20
272.522,3.07641e-20
272.529,3.0733e-20
272.537,3.07179e-20
272.544,3.07199e-20
272.551,3.07398e-20
272.558,3.07782e-20
272.565,3.08349e-20
272.572,3.09095e-20
272.58,3.10008e-20
272.587,3.11074e-20
272.594,3.12273e-20
272.601,3.13579e-20
272.608,3.14965e-20
272.615,3.164e-20
272.623,3.17851e-20
272.63,3.19281e-20
272.637,3.20657e-20
272.644,3.21944e-20
272.651,3.2311e-20
272.658,3.24125e-20
272.666,3.24963e-20
272.673,3.25603e-20
272.68,3.26031e-20
272.687,3.26236e-20
272.694,3.26218e-20
272.701,3.25979e-20
272.709,3.25532e-20
272.716,3.24894e-20
272.723,3.24091e-20
272.73,3.23152e-20
272.737,3.22113e-20
272.744,3.21013e-20
272.752,3.19895e-20
272.759,3.18802e-20
272.766,3.17779e-20
272.773,3.16869e-20
272.78,3.16114e-20
272.788,3.15552e-20
272.795,3.15215e-20
272.802,3.15132e-20
272.809,3.15325e-20
272.816,3.15806e-20
272.823,3.16582e-20
272.831,3.17652e-20
272.838,3.19006e-20
272.845,3.20628e-20
272.852,3.22492e-20
272.859,3.24569e-20
272.866,3.26821e-20
272.874,3.29208e-20
272.881,3.31684e-20
272.888,3.34204e-20
272.895,3.3672e-20
272.902,3.39183e-20
272.91,3.4155e-20
272.917,3.43777e-20
272.924,3.45826e-20
272.931,3.47664e-20
272.938,3.49265e-20
272.945,3.50608e-20
272.953,3.5168e-20
272.96,3.52476e-20
272.967,3.52996e-20
272.974,3.53251e-20
272.981,3.53256e-20
272.989,3.53034e-20
272.996,3.52611e-20
273.003,3.5202e-20
273.01,3.51296e-20
273.017,3.50477e-20
273.025,3.49604e-20
273.032,3.48714e-20
273.039,3.47847e-20
273.046,3.47038e-20
273.053,3.46321e-20
273.061,3.45725e-20
273.068,3.45274e-20
273.075,3.44987e-20
273.082,3.44879e-20
273.089,3.44955e-20
273.096,3.45219e-20
273.104,3.45666e-20
273.111,3.46285e-20
273.118,3.47062e-20
273.125,3.47978e-20
273.132,3.49009e-20
273.14,3.50128e-20
273.147,3.51309e-20
273.154,3.52519e-20
273.161,3.53731e-20
273.168,3.54913e-20
273.176,3.56037e-20
273.183,3.57078e-20
273.19,3.58012e-20
273.197,3.5882e-20
273.204,3.59485e-20
273.212,3.59996e-20
273.219,3.60346e-20
273.226,3.60534e-20
273.233,3.60561e-20
273.24,3.60435e-20
273.248,3.60167e-20
273.255,3.59773e-20
273.262,3.59271e-20
273.269,3.58684e-20
273.276,3.58034e-20
273.284,3.57347e-20
273.291,3.56651e-20
273.298,3.5597e-20
273.305,3.55332e-20
273.312,3.54761e-20
273.32,3.5428e-20
273.327,3.53909e-20
273.334,3.53666e-20
273.341,3.53564e-20
273.349,3.53615e-20
273.356,3.53822e-20
273.363,3.54189e-20
273.37,3.54713e-20
273.377,3.55388e-20
273.385,3.56201e-20
273.392,3.57139e-20
273.399,3.58182e-20
273.406,3.5931e-20
273.413,3.60499e-20
273.421,3.61722e-20
273.428,3.62951e-20
273.435,3.64159e-20
273.442,3.65317e-20
273.449,3.66397e-20
273.457,3.67372e-20
273.464,3.68218e-20
273.471,3.68912e-20
273.478,3.69436e-20
273.486,3.69772e-20
273.493,3.69911e-20
273.5,3.69843e-20
273.507,3.69567e-20
273.514,3.69083e-20
273.522,3.68397e-20
273.529,3.6752e-20
273.536,3.66467e-20
273.543,3.65256e-20
273.55,3.63909e-20
273.558,3.62451e-20
273.565,3.60909e-20
273.572,3.59313e-20
273.579,3.57691e-20
273.587,3.56075e-20
273.594,3.54493e-20
273.601,3.52975e-20
273.608,3.51548e-20
273.615,3.50234e-20
273.623,3.49057e-20
273.63,3.48031e-20
273.637,3.47173e-20
273.644,3.46489e-20
273.652,3.45986e-20
273.659,3.45663e-20
273.666,3.45515e-20
273.673,3.45535e-20
273.68,3.45709e-20
273.688,3.46022e-20
273.695,3.46455e-20
273.702,3.46984e-20
273.709,3.47588e-20
273.717,3.48242e-20
273.724,3.4892e-20
273.731,3.49599e-20
273.738,3.50255e-20
273.745,3.50866e-20
273.753,3.51414e-20
273.76,3.51883e-20
273.767,3.52261e-20
273.774,3.52538e-20
273.782,3.52712e-20
273.789,3.52781e-20
273.796,3.52752e-20
273.803,3.52631e-20
273.811,3.52433e-20
273.818,3.52175e-20
273.825,3.51874e-20
273.832,3.51555e-20
273.839,3.51242e-20
273.847,3.5096e-20
273.854,3.50735e-20
273.861,3.50595e-20
273.868,3.50563e-20
273.876,3.50664e-20
273.883,3.50918e-20
273.89,3.51343e-20
273.897,3.51952e-20
273.905,3.52756e-20
273.912,3.5376e-20
273.919,3.54962e-20
273.926,3.56359e-20
273.934,3.57938e-20
273.941,3.59686e-20
273.948,3.61581e-20
273.955,3.63599e-20
273.962,3.65709e-20
273.97,3.67881e-20
273.977,3.70077e-20
273.984,3.72261e-20
273.991,3.74393e-20
273.999,3.76435e-20
274.006,3.78348e-20
274.013,3.80095e-20
274.02,3.81641e-20
274.028,3.82954e-20
274.035,3.84007e-20
274.042,3.84778e-20
274.049,3.85248e-20
274.057,3.85408e-20
274.064,3.8525e-20
274.071,3.84779e-20
274.078,3.84001e-20
274.086,3.82933e-20
274.093,3.81596e-20
274.1,3.80019e-20
274.107,3.78235e-20
274.115,3.76285e-20
274.122,3.7421e-20
274.129,3.7206e-20
274.136,3.69882e-20
274.144,3.67729e-20
274.151,3.65652e-20
274.158,3.63701e-20
274.165,3.61924e-20
274.173,3.60367e-20
274.18,3.5907e-20
274.187,3.5807e-20
274.194,3.57396e-20
274.202,3.57069e-20
274.209,3.57105e-20
274.216,3.57509e-20
274.223,3.58279e-20
274.231,3.59405e-20
274.238,3.60868e-20
274.245,3.6264e-20
274.252,3.64687e-20
274.26,3.66968e-20
274.267,3.69436e-20
274.274,3.72038e-20
274.281,3.74721e-20
274.289,3.77426e-20
274.296,3.80096e-20
274.303,3.82674e-20
274.31,3.85105e-20
274.318,3.87339e-20
274.325,3.89329e-20
274.332,3.91035e-20
274.339,3.92427e-20
274.347,3.93478e-20
274.354,3.94174e-20
274.361,3.94509e-20
274.369,3.94486e-20
274.376,3.94117e-20
274.383,3.93423e-20
274.39,3.92435e-20
274.398,3.91189e-20
274.405,3.8973e-20
274.412,3.88105e-20
274.419,3.86367e-20
274.427,3.84571e-20
274.434,3.82773e-20
274.441,3.81026e-20
274.448,3.79384e-20
274.456,3.77894e-20
274.463,3.76599e-20
274.47,3.75535e-20
274.477,3.74733e-20
274.485,3.74213e-20
274.492,3.73987e-20
274.499,3.74058e-20
274.507,3.74422e-20
274.514,3.75064e-20
274.521,3.75962e-20
274.528,3.77087e-20
274.536,3.78403e-20
274.543,3.79871e-20
274.55,3.81445e-20
274.557,3.83081e-20
274.565,3.8473e-20
274.572,3.86348e-20
274.579,3.87891e-20
274.587,3.89317e-20
274.594,3.90592e-20
274.601,3.91686e-20
274.608,3.92575e-20
274.616,3.93244e-20
274.623,3.93684e-20
274.63,3.93894e-20
274.637,3.9388e-20
274.645,3.93656e-20
274.652,3.93241e-20
274.659,3.9266e-20
274.667,3.91942e-20
274.674,3.9112e-20
274.681,3.9023e-20
274.688,3.89305e-20
274.696,3.88382e-20
274.703,3.87493e-20
274.71,3.86669e-20
274.717,3.85937e-20
274.725,3.8532e-20
274.732,3.84833e-20
274.739,3.84489e-20
274.747,3.84293e-20
274.754,3.84245e-20
274.761,3.84339e-20
274.768,3.84565e-20
274.776,3.84907e-20
274.783,3.85346e-20
274.79,3.85861e-20
274.798,3.86428e-20
274.805,3.87023e-20
274.812,3.87621e-20
274.819,3.882e-20
274.827,3.88739e-20
274.834,3.8922e-20
274.841,3.89627e-20
274.849,3.89951e-20
274.856,3.90186e-20
274.863,3.90328e-20
274.87,3.9038e-20
274.878,3.90348e-20
274.885,3.90243e-20
274.892,3.90075e-20
274.9,3.89861e-20
274.907,3.89617e-20
274.914,3.8936e-20
274.921,3.89106e-20
274.929,3.88871e-20
274.936,3.8867e-20
274.943,3.88513e-20
274.951,3.8841e-20
274.958,3.88365e-20
274.965,3.88379e-20
274.973,3.8845e-20
274.98,3.88571e-20
274.987,3.88733e-20
274.994,3.88922e-20
275.002,3.89124e-20
275.009,3.89321e-20
275.016,3.89495e-20
275.024,3.89628e-20
275.031,3.89702e-20
275.038,3.89701e-20
275.045,3.8961e-20
275.053,3.89418e-20
275.06,3.89118e-20
275.067,3.88706e-20
275.075,3.88182e-20
275.082,3.87552e-20
275.089,3.86824e-20
275.097,3.86011e-20
275.104,3.85132e-20
275.111,3.84204e-20
275.118,3.83251e-20
275.126,3.82296e-20
275.133,3.81363e-20
275.14,3.80478e-20
275.148,3.79662e-20
275.155,3.78938e-20
275.162,3.78323e-20
275.17,3.77832e-20
275.177,3.77476e-20
275.184,3.77261e-20
275.191,3.77188e-20
275.199,3.77254e-20
275.206,3.77452e-20
275.213,3.77768e-20
275.221,3.78187e-20
275.228,3.78688e-20
275.235,3.7925e-20
275.243,3.79849e-20
275.25,3.80459e-20
275.257,3.81057e-20
275.265,3.81618e-20
275.272,3.82121e-20
275.279,3.82547e-20
275.286,3.8288e-20
275.294,3.83108e-20
275.301,3.83224e-20
275.308,3.83225e-20
275.316,3.83111e-20
275.323,3.82889e-20
275.33,3.82569e-20
275.338,3.82162e-20
275.345,3.81687e-20
275.352,3.81161e-20
275.36,3.80603e-20
275.367,3.80034e-20
275.374,3.79474e-20
275.382,3.78941e-20
275.389,3.78451e-20
275.396,3.7802e-20
275.403,3.77656e-20
275.411,3.77368e-20
275.418,3.77159e-20
275.425,3.77026e-20
275.433,3.76966e-20
275.44,3.76969e-20
275.447,3.77024e-20
275.455,3.77116e-20
275.462,3.77229e-20
275.469,3.77343e-20
275.477,3.77441e-20
275.484,3.77505e-20
275.491,3.77518e-20
275.499,3.77465e-20
275.506,3.77333e-20
275.513,3.77115e-20
275.521,3.76805e-20
275.528,3.76402e-20
275.535,3.7591e-20
275.543,3.75337e-20
275.55,3.74693e-20
275.557,3.73994e-20
275.565,3.73258e-20
275.572,3.72506e-20
275.579,3.71759e-20
275.587,3.71041e-20
275.594,3.70373e-20
275.601,3.69777e-20
275.608,3.69274e-20
275.616,3.68878e-20
275.623,3.68604e-20
275.63,3.6846e-20
275.638,3.6845e-20
275.645,3.68576e-20
275.652,3.6883e-20
275.66,3.69204e-20
275.667,3.69683e-20
275.674,3.70249e-20
275.682,3.70881e-20
275.689,3.71554e-20
275.696,3.72242e-20
275.704,3.72921e-20
275.711,3.73562e-20
275.718,3.74142e-20
275.726,3.74639e-20
275.733,3.75032e-20
275.74,3.75307e-20
275.748,3.75452e-20
275.755,3.75461e-20
275.762,3.75333e-20
275.77,3.75073e-20
275.777,3.74691e-20
275.784,3.74201e-20
275.792,3.73622e-20
275.799,3.72976e-20
275.806,3.7229e-20
275.814,3.7159e-20
275.821,3.70907e-20
275.828,3.70268e-20
275.836,3.69701e-20
275.843,3.69232e-20
275.85,3.68884e-20
275.858,3.68675e-20
275.865,3.68622e-20
275.873,3.68733e-20
275.88,3.69012e-20
275.887,3.69459e-20
275.895,3.70067e-20
275.902,3.70825e-20
275.909,3.71715e-20
275.917,3.72718e-20
275.924,3.7381e-20
275.931,3.74962e-20
275.939,3.76147e-20
275.946,3.77336e-20
275.953,3.785e-20
275.961,3.7961e-20
275.968,3.80641e-20
275.975,3.81571e-20
275.983,3.8238e-20
275.99,3.83054e-20
275.997,3.83583e-20
276.005,3.83962e-20
276.012,3.84191e-20
276.019,3.84274e-20
276.027,3.84221e-20
276.034,3.84046e-20
276.041,3.83766e-20
276.049,3.83401e-20
276.056,3.82974e-20
276.064,3.82507e-20
276.071,3.82024e-20
276.078,3.8155e-20
276.086,3.81106e-20
276.093,3.80712e-20
276.1,3.80386e-20
276.108,3.80141e-20
276.115,3.79989e-20
276.122,3.79935e-20
276.13,3.79983e-20
276.137,3.8013e-20
276.144,3.80371e-20
276.152,3.80699e-20
276.159,3.811e-20
276.166,3.81561e-20
276.174,3.82066e-20
276.181,3.82598e-20
276.189,3.8314e-20
276.196,3.83675e-20
276.203,3.84187e-20
276.211,3.84663e-20
276.218,3.85091e-20
276.225,3.85462e-20
276.233,3.85771e-20
276.24,3.86016e-20
276.247,3.86198e-20
276.255,3.86323e-20
276.262,3.864e-20
276.269,3.86438e-20
276.277,3.86454e-20
276.284,3.86462e-20
276.292,3.8648e-20
276.299,3.86528e-20
276.306,3.86622e-20
276.314,3.86782e-20
276.321,3.87024e-20
276.328,3.87363e-20
276.336,3.8781e-20
276.343,3.88376e-20
276.351,3.89065e-20
276.358,3.8988e-20
276.365,3.90818e-20
276.373,3.91874e-20
276.38,3.93037e-20
276.387,3.94295e-20
276.395,3.9563e-20
276.402,3.97023e-20
276.409,3.98451e-20
276.417,3.99891e-20
276.424,4.01317e-20
276.432,4.02704e-20
276.439,4.04027e-20
276.446,4.05262e-20
276.454,4.06387e-20
276.461,4.07381e-20
276.468,4.08227e-20
276.476,4.08912e-20
276.483,4.09426e-20
276.491,4.09762e-20
276.498,4.09919e-20
276.505,4.099e-20
276.513,4.0971e-20
276.52,4.09361e-20
276.527,4.08866e-20
276.535,4.08244e-20
276.542,4.07514e-20
276.55,4.06699e-20
276.557,4.05823e-20
276.564,4.04912e-20
276.572,4.03991e-20
276.579,4.03086e-20
276.586,4.02221e-20
276.594,4.01421e-20
276.601,4.00705e-20
276.609,4.00094e-20
276.616,3.99603e-20
276.623,3.99245e-20
276.631,3.9903e-20
276.638,3.98966e-20
276.645,3.99054e-20
276.653,3.99294e-20
276.66,3.99682e-20
276.668,4.00213e-20
276.675,4.00877e-20
276.682,4.01663e-20
276.69,4.02556e-20
276.697,4.03543e-20
276.705,4.04607e-20
276.712,4.05733e-20
276.719,4.06903e-20
276.727,4.08103e-20
276.734,4.09315e-20
276.741,4.10528e-20
276.749,4.11727e-20
276.756,4.12901e-20
276.764,4.14041e-20
276.771,4.15139e-20
276.778,4.1619e-20
276.786,4.1719e-20
276.793,4.18136e-20
276.801,4.19027e-20
276.808,4.19864e-20
276.815,4.20648e-20
276.823,4.21383e-20
276.83,4.2207e-20
276.838,4.22713e-20
276.845,4.23314e-20
276.852,4.23876e-20
276.86,4.24402e-20
276.867,4.24892e-20
276.875,4.25347e-20
276.882,4.25766e-20
276.889,4.26149e-20
276.897,4.26492e-20
276.904,4.26793e-20
276.911,4.27047e-20
276.919,4.27251e-20
276.926,4.274e-20
276.934,4.2749e-20
276.941,4.27517e-20
276.948,4.27476e-20
276.956,4.27367e-20
276.963,4.27186e-20
276.971,4.26935e-20
276.978,4.26614e-20
276.985,4.26227e-20
276.993,4.25778e-20
277,4.25274e-20
277.008,4.24723e-20
277.015,4.24134e-20
277.022,4.23518e-20
277.03,4.22886e-20
277.037,4.22251e-20
277.045,4.21626e-20
277.052,4.21022e-20
277.059,4.20452e-20
277.067,4.19927e-20
277.074,4.19457e-20
277.082,4.1905e-20
277.089,4.18712e-20
277.097,4.18448e-20
277.104,4.1826e-20
277.111,4.18149e-20
277.119,4.18111e-20
277.126,4.18142e-20
277.134,4.18237e-20
277.141,4.18386e-20
277.148,4.18581e-20
277.156,4.18811e-20
277.163,4.19066e-20
277.171,4.19334e-20
277.178,4.19606e-20
277.185,4.19872e-20
277.193,4.20123e-20
277.2,4.20354e-20
277.208,4.20559e-20
277.215,4.20736e-20
277.222,4.20885e-20
277.23,4.21008e-20
277.237,4.2111e-20
277.245,4.21197e-20
277.252,4.21276e-20
277.26,4.21358e-20
277.267,4.21452e-20
277.274,4.21569e-20
277.282,4.21718e-20
277.289,4.21909e-20
277.297,4.2215e-20
277.304,4.22447e-20
277.311,4.22803e-20
277.319,4.23219e-20
277.326,4.23691e-20
277.334,4.24215e-20
277.341,4.24781e-20
277.349,4.25377e-20
277.356,4.25988e-20
277.363,4.26596e-20
277.371,4.2718e-20
277.378,4.27722e-20
277.386,4.28198e-20
277.393,4.28587e-20
277.401,4.2887e-20
277.408,4.29028e-20
277.415,4.29046e-20
277.423,4.28913e-20
277.43,4.28621e-20
277.438,4.28167e-20
277.445,4.27555e-20
277.452,4.26793e-20
277.46,4.25894e-20
277.467,4.24879e-20
277.475,4.23772e-20
277.482,4.22601e-20
277.49,4.21398e-20
277.497,4.202e-20
277.504,4.19043e-20
277.512,4.17963e-20
277.519,4.16998e-20
277.527,4.16182e-20
277.534,4.15547e-20
277.542,4.15118e-20
277.549,4.14916e-20
277.556,4.14958e-20
277.564,4.15249e-20
277.571,4.15789e-20
277.579,4.16571e-20
277.586,4.17578e-20
277.594,4.18787e-20
277.601,4.20167e-20
277.608,4.2168e-20
277.616,4.23286e-20
277.623,4.24938e-20
277.631,4.26589e-20
277.638,4.28189e-20
277.646,4.2969e-20
277.653,4.31048e-20
277.661,4.3222e-20
277.668,4.33171e-20
277.675,4.33871e-20
277.683,4.34301e-20
277.69,4.34448e-20
277.698,4.34309e-20
277.705,4.33892e-20
277.713,4.33214e-20
277.72,4.32301e-20
277.727,4.31188e-20
277.735,4.29918e-20
277.742,4.28539e-20
277.75,4.27104e-20
277.757,4.25671e-20
277.765,4.24297e-20
277.772,4.23037e-20
277.78,4.21947e-20
277.787,4.21077e-20
277.794,4.20468e-20
277.802,4.20157e-20
277.809,4.2017e-20
277.817,4.20523e-20
277.824,4.21223e-20
277.832,4.22263e-20
277.839,4.23627e-20
277.847,4.25289e-20
277.854,4.27212e-20
277.861,4.2935e-20
277.869,4.31651e-20
277.876,4.34057e-20
277.884,4.36507e-20
277.891,4.38936e-20
277.899,4.41283e-20
277.906,4.43486e-20
277.914,4.45489e-20
277.921,4.47242e-20
277.928,4.48703e-20
277.936,4.49839e-20
277.943,4.50626e-20
277.951,4.51053e-20
277.958,4.5112e-20
277.966,4.50836e-20
277.973,4.50223e-20
277.981,4.49314e-20
277.988,4.48148e-20
277.996,4.46775e-20
278.003,4.45248e-20
278.01,4.43627e-20
278.018,4.41973e-20
278.025,4.40348e-20
278.033,4.38812e-20
278.04,4.37421e-20
278.048,4.36228e-20
278.055,4.35278e-20
278.063,4.34606e-20
278.07,4.34242e-20
278.078,4.34203e-20
278.085,4.34497e-20
278.093,4.35121e-20
278.1,4.36063e-20
278.107,4.37302e-20
278.115,4.38806e-20
278.122,4.40539e-20
278.13,4.42456e-20
278.137,4.44509e-20
278.145,4.46648e-20
278.152,4.4882e-20
278.16,4.50973e-20
278.167,4.53056e-20
278.175,4.55025e-20
278.182,4.56836e-20
278.19,4.58454e-20
278.197,4.59851e-20
278.204,4.61005e-20
278.212,4.61902e-20
278.219,4.62536e-20
278.227,4.62911e-20
278.234,4.63036e-20
278.242,4.62928e-20
278.249,4.62609e-20
278.257,4.62108e-20
278.264,4.61456e-20
278.272,4.60689e-20
278.279,4.59844e-20
278.287,4.58959e-20
278.294,4.5807e-20
278.302,4.57214e-20
278.309,4.56424e-20
278.316,4.5573e-20
278.324,4.55159e-20
278.331,4.54733e-20
278.339,4.54468e-20
278.346,4.54378e-20
278.354,4.54469e-20
278.361,4.54745e-20
278.369,4.55203e-20
278.376,4.55837e-20
278.384,4.56637e-20
278.391,4.57588e-20
278.399,4.58675e-20
278.406,4.59878e-20
278.414,4.61177e-20
278.421,4.62548e-20
278.429,4.63968e-20
278.436,4.65414e-20
278.444,4.6686e-20
278.451,4.68285e-20
278.459,4.69663e-20
278.466,4.70973e-20
278.473,4.72192e-20
278.481,4.73301e-20
278.488,4.74281e-20
278.496,4.75115e-20
278.503,4.75787e-20
278.511,4.76284e-20
278.518,4.76596e-20
278.526,4.76713e-20
278.533,4.76631e-20
278.541,4.76347e-20
278.548,4.7586e-20
278.556,4.75177e-20
278.563,4.74303e-20
278.571,4.7325e-20
278.578,4.72034e-20
278.586,4.70672e-20
278.593,4.69188e-20
278.601,4.67607e-20
278.608,4.65958e-20
278.616,4.64272e-20
278.623,4.62583e-20
278.631,4.60925e-20
278.638,4.59334e-20
278.646,4.57846e-20
278.653,4.56494e-20
278.661,4.55311e-20
278.668,4.54326e-20
278.676,4.53565e-20
278.683,4.53048e-20
278.691,4.52793e-20
278.698,4.52807e-20
278.706,4.53095e-20
278.713,4.53653e-20
278.721,4.54471e-20
278.728,4.55533e-20
278.736,4.56815e-20
278.743,4.58289e-20
278.751,4.59921e-20
278.758,4.61675e-20
278.765,4.63509e-20
278.773,4.65381e-20
278.78,4.67249e-20
278.788,4.69073e-20
278.795,4.70811e-20
278.803,4.7243e-20
278.81,4.73899e-20
278.818,4.75193e-20
278.825,4.76293e-20
278.833,4.77191e-20
278.84,4.77882e-20
278.848,4.78373e-20
278.855,4.78675e-20
278.863,4.78809e-20
278.87,4.78802e-20
278.878,4.78686e-20
278.885,4.78498e-20
278.893,4.78278e-20
278.9,4.78067e-20
278.908,4.77906e-20
278.916,4.77837e-20
278.923,4.77896e-20
278.93,4.78115e-20
278.938,4.78522e-20
278.946,4.79136e-20
278.953,4.79969e-20
278.961,4.81026e-20
278.968,4.82302e-20
278.976,4.83784e-20
278.983,4.85452e-20
278.991,4.87276e-20
278.998,4.89223e-20
279.006,4.91253e-20
279.013,4.93322e-20
279.021,4.95385e-20
279.028,4.97397e-20
279.036,4.99313e-20
279.043,5.01092e-20
279.051,5.02699e-20
279.058,5.04103e-20
279.066,5.05282e-20
279.073,5.06221e-20
279.081,5.06917e-20
279.088,5.07373e-20
279.096,5.07604e-20
279.103,5.07633e-20
279.111,5.07491e-20
279.118,5.07218e-20
279.126,5.06858e-20
279.133,5.06461e-20
279.141,5.06078e-20
279.148,5.05761e-20
279.156,5.05563e-20
279.163,5.05532e-20
279.171,5.05709e-20
279.178,5.06134e-20
279.186,5.06833e-20
279.193,5.07825e-20
279.201,5.09121e-20
279.208,5.10718e-20
279.216,5.12603e-20
279.223,5.14755e-20
279.231,5.17139e-20
279.239,5.19715e-20
279.246,5.22433e-20
279.254,5.25238e-20
279.261,5.28071e-20
279.269,5.3087e-20
279.276,5.33573e-20
279.284,5.36122e-20
279.291,5.38459e-20
279.299,5.40537e-20
279.306,5.42312e-20
279.314,5.43752e-20
279.321,5.44834e-20
279.329,5.45545e-20
279.336,5.45886e-20
279.344,5.45866e-20
279.351,5.45506e-20
279.359,5.4484e-20
279.366,5.43907e-20
279.374,5.42756e-20
279.382,5.41441e-20
279.389,5.40021e-20
279.397,5.38557e-20
279.404,5.3711e-20
279.412,5.3574e-20
279.419,5.34503e-20
279.427,5.33448e-20
279.434,5.32619e-20
279.442,5.32051e-20
279.449,5.31769e-20
279.457,5.31789e-20
279.464,5.32115e-20
279.472,5.32744e-20
279.479,5.3366e-20
279.487,5.34838e-20
279.494,5.36245e-20
279.502,5.37843e-20
279.51,5.39584e-20
279.517,5.4142e-20
279.525,5.43299e-20
279.532,5.45167e-20
279.54,5.46974e-20
279.547,5.48669e-20
279.555,5.50207e-20
279.562,5.51549e-20
279.57,5.5266e-20
279.577,5.53513e-20
279.585,5.5409e-20
279.592,5.54379e-20
279.6,5.54377e-20
279.608,5.54088e-20
279.615,5.53523e-20
279.623,5.527e-20
279.63,5.51643e-20
279.638,5.5038e-20
279.645,5.48943e-20
279.653,5.47365e-20
279.66,5.45683e-20
279.668,5.43933e-20
279.675,5.42149e-20
279.683,5.40366e-20
279.691,5.38615e-20
279.698,5.36924e-20
279.706,5.35319e-20
279.713,5.33821e-20
279.721,5.32448e-20
279.728,5.31213e-20
279.736,5.30126e-20
279.743,5.29195e-20
279.751,5.28422e-20
279.758,5.27808e-20
279.766,5.27351e-20
279.774,5.27048e-20
279.781,5.26893e-20
279.789,5.26879e-20
279.796,5.26998e-20
279.804,5.27242e-20
279.811,5.27601e-20
279.819,5.28065e-20
279.826,5.28624e-20
279.834,5.29266e-20
279.842,5.29979e-20
279.849,5.3075e-20
279.857,5.31566e-20
279.864,5.32412e-20
279.872,5.33272e-20
279.879,5.34129e-20
279.887,5.34965e-20
279.894,5.35762e-20
279.902,5.365e-20
279.91,5.37159e-20
279.917,5.37719e-20
279.925,5.38162e-20
279.932,5.38471e-20
279.94,5.38628e-20
279.947,5.38621e-20
279.955,5.38438e-20
279.962,5.38073e-20
279.97,5.37523e-20
279.978,5.36788e-20
279.985,5.35876e-20
279.993,5.34796e-20
280,5.33566e-20
280.008,5.32206e-20
280.015,5.3074e-20
280.023,5.29198e-20
280.03,5.27613e-20
280.038,5.26017e-20
280.046,5.24448e-20
280.053,5.22941e-20
280.061,5.21532e-20
280.068,5.20254e-20
280.076,5.19137e-20
280.083,5.18207e-20
280.091,5.17487e-20
280.099,5.16992e-20
280.106,5.1673e-20
280.114,5.16704e-20
280.121,5.16909e-20
280.129,5.17334e-20
280.136,5.17958e-20
280.144,5.18759e-20
280.152,5.19704e-20
280.159,5.2076e-20
280.167,5.21888e-20
280.174,5.23047e-20
280.182,5.24196e-20
280.189,5.25294e-20
280.197,5.26301e-20
280.205,5.27181e-20
280.212,5.27903e-20
280.22,5.2844e-20
280.227,5.28772e-20
280.235,5.28886e-20
280.242,5.28776e-20
280.25,5.28443e-20
280.258,5.27897e-20
280.265,5.27153e-20
280.273,5.26234e-20
280.28,5.25167e-20
280.288,5.23984e-20
280.295,5.22721e-20
280.303,5.21415e-20
280.311,5.20104e-20
280.318,5.18825e-20
280.326,5.17615e-20
280.333,5.16506e-20
280.341,5.15524e-20
280.349,5.14695e-20
280.356,5.14035e-20
280.364,5.13556e-20
280.371,5.13262e-20
280.379,5.13152e-20
280.386,5.1322e-20
280.394,5.13452e-20
280.402,5.13833e-20
280.409,5.1434e-20
280.417,5.14951e-20
280.424,5.15641e-20
280.432,5.16385e-20
280.44,5.17157e-20
280.447,5.17936e-20
280.455,5.18701e-20
280.462,5.19437e-20
280.47,5.2013e-20
280.477,5.20774e-20
280.485,5.21365e-20
280.493,5.21908e-20
280.5,5.22407e-20
280.508,5.22874e-20
280.515,5.23323e-20
280.523,5.23772e-20
280.531,5.24238e-20
280.538,5.24742e-20
280.546,5.253e-20
280.553,5.25931e-20
280.561,5.26649e-20
280.569,5.27465e-20
280.576,5.28387e-20
280.584,5.29415e-20
280.591,5.30549e-20
280.599,5.31779e-20
280.607,5.33094e-20
280.614,5.34474e-20
280.622,5.35898e-20
280.629,5.37342e-20
280.637,5.38777e-20
280.645,5.40174e-20
280.652,5.41505e-20
280.66,5.42741e-20
280.667,5.43856e-20
280.675,5.44828e-20
280.683,5.45639e-20
280.69,5.46275e-20
280.698,5.4673e-20
280.705,5.47003e-20
280.713,5.47099e-20
280.721,5.47032e-20
280.728,5.4682e-20
280.736,5.46487e-20
280.743,5.46062e-20
280.751,5.45578e-20
280.759,5.4507e-20
280.766,5.44574e-20
280.774,5.44129e-20
280.781,5.43767e-20
280.789,5.43523e-20
280.797,5.43423e-20
280.804,5.4349e-20
280.812,5.43742e-20
280.819,5.44187e-20
280.827,5.44828e-20
280.835,5.45659e-20
280.842,5.46667e-20
280.85,5.47831e-20
280.857,5.49124e-20
280.865,5.50515e-20
280.873,5.51966e-20
280.88,5.53435e-20
280.888,5.54883e-20
280.895,5.56265e-20
280.903,5.5754e-20
280.911,5.58671e-20
280.918,5.59622e-20
280.926,5.60365e-20
280.933,5.60876e-20
280.941,5.61142e-20
280.949,5.61154e-20
280.956,5.60914e-20
280.964,5.6043e-20
280.972,5.59721e-20
280.979,5.5881e-20
280.987,5.57728e-20
280.994,5.56514e-20
281.002,5.55208e-20
281.01,5.53854e-20
281.017,5.52499e-20
281.025,5.51189e-20
281.033,5.49968e-20
281.04,5.48879e-20
281.048,5.4796e-20
281.055,5.47243e-20
281.063,5.46756e-20
281.071,5.46518e-20
281.078,5.46543e-20
281.086,5.46836e-20
281.093,5.47395e-20
281.101,5.48212e-20
281.109,5.4927e-20
281.116,5.50549e-20
281.124,5.52022e-20
281.132,5.5366e-20
281.139,5.5543e-20
281.147,5.57297e-20
281.154,5.59226e-20
281.162,5.61184e-20
281.17,5.63137e-20
281.177,5.65055e-20
281.185,5.66912e-20
281.193,5.68684e-20
281.2,5.70353e-20
281.208,5.71904e-20
281.215,5.73328e-20
281.223,5.74617e-20
281.231,5.75771e-20
281.238,5.76792e-20
281.246,5.77684e-20
281.254,5.78454e-20
281.261,5.79112e-20
281.269,5.79667e-20
281.276,5.80129e-20
281.284,5.8051e-20
281.292,5.80817e-20
281.299,5.81062e-20
281.307,5.8125e-20
281.315,5.81388e-20
281.322,5.81482e-20
281.33,5.81533e-20
281.338,5.81546e-20
281.345,5.81521e-20
281.353,5.81461e-20
281.36,5.81366e-20
281.368,5.81239e-20
281.376,5.81083e-20
281.383,5.80902e-20
281.391,5.80702e-20
281.399,5.80491e-20
281.406,5.80277e-20
281.414,5.80073e-20
281.422,5.79892e-20
281.429,5.79747e-20
281.437,5.79655e-20
281.444,5.79631e-20
281.452,5.79691e-20
281.46,5.79851e-20
281.467,5.80125e-20
281.475,5.80523e-20
281.483,5.81054e-20
281.49,5.81724e-20
281.498,5.82534e-20
281.506,5.83482e-20
281.513,5.84559e-20
281.521,5.85755e-20
281.529,5.87051e-20
281.536,5.88428e-20
281.544,5.89861e-20
281.551,5.91323e-20
281.559,5.92782e-20
281.567,5.94208e-20
281.574,5.95568e-20
281.582,5.9683e-20
281.59,5.97964e-20
281.597,5.98943e-20
281.605,5.99742e-20
281.613,6.00341e-20
281.62,6.00725e-20
281.628,6.00885e-20
281.636,6.00818e-20
281.643,6.00525e-20
281.651,6.00015e-20
281.659,5.99303e-20
281.666,5.98408e-20
281.674,5.97354e-20
281.682,5.96169e-20
281.689,5.94882e-20
281.697,5.93526e-20
281.704,5.92133e-20
281.712,5.90735e-20
281.72,5.8936e-20
281.727,5.88037e-20
281.735,5.86789e-20
281.743,5.85633e-20
281.75,5.84583e-20
281.758,5.83648e-20
281.766,5.82828e-20
281.773,5.8212e-20
281.781,5.81516e-20
281.789,5.81001e-20
281.796,5.80556e-20
281.804,5.80161e-20
281.812,5.7979e-20
281.819,5.79419e-20
281.827,5.79022e-20
281.835,5.78574e-20
281.842,5.78051e-20
281.85,5.77434e-20
281.858,5.76707e-20
281.865,5.75857e-20
281.873,5.74879e-20
281.881,5.7377e-20
281.888,5.72535e-20
281.896,5.71183e-20
281.904,5.69729e-20
281.911,5.68189e-20
281.919,5.66588e-20
281.927,5.64949e-20
281.934,5.63299e-20
281.942,5.61666e-20
281.95,5.60076e-20
281.957,5.58555e-20
281.965,5.57125e-20
281.973,5.55807e-20
281.98,5.54614e-20
281.988,5.53559e-20
281.996,5.52645e-20
282.003,5.51872e-20
282.011,5.51236e-20
282.019,5.50724e-20
282.026,5.50322e-20
282.034,5.50009e-20
282.042,5.49764e-20
282.049,5.4956e-20
282.057,5.4937e-20
282.065,5.49169e-20
282.072,5.4893e-20
282.08,5.48628e-20
282.088,5.48243e-20
282.095,5.47756e-20
282.103,5.47155e-20
282.111,5.4643e-20
282.118,5.4558e-20
282.126,5.44605e-20
282.134,5.43515e-20
282.141,5.4232e-20
282.149,5.41039e-20
282.157,5.39692e-20
282.165,5.38304e-20
282.172,5.369e-20
282.18,5.35507e-20
282.188,5.34153e-20
282.195,5.32864e-20
282.203,5.31664e-20
282.211,5.30575e-20
282.218,5.29616e-20
282.226,5.28798e-20
282.234,5.28133e-20
282.241,5.27623e-20
282.249,5.27269e-20
282.257,5.27063e-20
282.264,5.26997e-20
282.272,5.27056e-20
282.28,5.27221e-20
282.287,5.27473e-20
282.295,5.27789e-20
282.303,5.28146e-20
282.311,5.28521e-20
282.318,5.28891e-20
282.326,5.29236e-20
282.334,5.29537e-20
282.341,5.29779e-20
282.349,5.2995e-20
282.357,5.30042e-20
282.364,5.30052e-20
282.372,5.29979e-20
282.38,5.29828e-20
282.387,5.29606e-20
282.395,5.29322e-20
282.403,5.28991e-20
282.41,5.28627e-20
282.418,5.28245e-20
282.426,5.27862e-20
282.434,5.27493e-20
282.441,5.27153e-20
282.449,5.26856e-20
282.457,5.26612e-20
282.464,5.2643e-20
282.472,5.26316e-20
282.48,5.26274e-20
282.487,5.26302e-20
282.495,5.26399e-20
282.503,5.26559e-20
282.511,5.26777e-20
282.518,5.27043e-20
282.526,5.27348e-20
282.534,5.27683e-20
282.541,5.28037e-20
282.549,5.28402e-20
282.557,5.2877e-20
282.564,5.29135e-20
282.572,5.29491e-20
282.58,5.29838e-20
282.588,5.30175e-20
282.595,5.30503e-20
282.603,5.30827e-20
282.611,5.31152e-20
282.618,5.31484e-20
282.626,5.31831e-20
282.634,5.32201e-20
282.641,5.326e-20
282.649,5.33036e-20
282.657,5.33513e-20
282.665,5.34035e-20
282.672,5.34602e-20
282.68,5.35212e-20
282.688,5.35862e-20
282.695,5.36543e-20
282.703,5.37247e-20
282.711,5.37961e-20
282.719,5.38671e-20
282.726,5.39362e-20
282.734,5.40017e-20
282.742,5.40621e-20
282.749,5.41158e-20
282.757,5.41614e-20
282.765,5.41977e-20
282.773,5.42238e-20
282.78,5.42391e-20
282.788,5.42435e-20
282.796,5.42373e-20
282.803,5.42213e-20
282.811,5.41966e-20
282.819,5.41648e-20
282.827,5.41281e-20
282.834,5.40888e-20
282.842,5.40496e-20
282.85,5.40133e-20
282.857,5.3983e-20
282.865,5.39616e-20
282.873,5.3952e-20
282.881,5.3957e-20
282.888,5.39788e-20
282.896,5.40194e-20
282.904,5.40805e-20
282.911,5.41629e-20
282.919,5.42671e-20
282.927,5.43928e-20
282.935,5.45394e-20
282.942,5.47053e-20
282.95,5.48888e-20
282.958,5.50872e-20
282.965,5.5298e-20
282.973,5.55178e-20
282.981,5.57435e-20
282.989,5.59717e-20
282.996,5.61989e-20
283.004,5.6422e-20
283.012,5.6638e-20
283.02,5.68444e-20
283.027,5.70391e-20
283.035,5.72203e-20
283.043,5.73872e-20
283.05,5.75392e-20
283.058,5.76765e-20
283.066,5.78e-20
283.074,5.79108e-20
283.081,5.80107e-20
283.089,5.81019e-20
283.097,5.81869e-20
283.105,5.82683e-20
283.112,5.83488e-20
283.12,5.84309e-20
283.128,5.85173e-20
283.135,5.86101e-20
283.143,5.87111e-20
283.151,5.88217e-20
283.159,5.89427e-20
283.166,5.90744e-20
283.174,5.92164e-20
283.182,5.9368e-20
283.19,5.95275e-20
283.197,5.96931e-20
283.205,5.98625e-20
283.213,6.00328e-20
283.221,6.02012e-20
283.228,6.03646e-20
283.236,6.05201e-20
283.244,6.06647e-20
283.252,6.07958e-20
283.259,6.09111e-20
283.267,6.10089e-20
283.275,6.10877e-20
283.282,6.11471e-20
283.29,6.11868e-20
283.298,6.12075e-20
283.306,6.12104e-20
283.313,6.11973e-20
283.321,6.11704e-20
283.329,6.11326e-20
283.337,6.10869e-20
283.344,6.10364e-20
283.352,6.09848e-20
283.36,6.09351e-20
283.368,6.08907e-20
283.375,6.08545e-20
283.383,6.08288e-20
283.391,6.08157e-20
283.399,6.08167e-20
283.406,6.08325e-20
283.414,6.08634e-20
283.422,6.09089e-20
283.43,6.09679e-20
283.437,6.10388e-20
283.445,6.11194e-20
283.453,6.12072e-20
283.461,6.12992e-20
283.468,6.13926e-20
283.476,6.14842e-20
283.484,6.1571e-20
283.492,6.16504e-20
283.499,6.17198e-20
283.507,6.17774e-20
283.515,6.18217e-20
283.523,6.18518e-20
283.53,6.18677e-20
283.538,6.18699e-20
283.546,6.18595e-20
283.554,6.18384e-20
283.561,6.18091e-20
283.569,6.17743e-20
283.577,6.17375e-20
283.585,6.17023e-20
283.592,6.16723e-20
283.6,6.16513e-20
283.608,6.16429e-20
283.616,6.16505e-20
283.623,6.1677e-20
283.631,6.17249e-20
283.639,6.17959e-20
283.647,6.18912e-20
283.655,6.20114e-20
283.662,6.21559e-20
283.67,6.23239e-20
283.678,6.25134e-20
283.686,6.27221e-20
283.693,6.2947e-20
283.701,6.31846e-20
283.709,6.34311e-20
283.717,6.36824e-20
283.724,6.39345e-20
283.732,6.41832e-20
283.74,6.44248e-20
283.748,6.46556e-20
283.755,6.48726e-20
283.763,6.50732e-20
283.771,6.52554e-20
283.779,6.5418e-20
283.787,6.55602e-20
283.794,6.56821e-20
283.802,6.57846e-20
283.81,6.58687e-20
283.818,6.59366e-20
283.825,6.59903e-20
283.833,6.60326e-20
283.841,6.60663e-20
283.849,6.60943e-20
283.856,6.61195e-20
283.864,6.61446e-20
283.872,6.61721e-20
283.88,6.6204e-20
283.888,6.62419e-20
283.895,6.62871e-20
283.903,6.634e-20
283.911,6.64005e-20
283.919,6.64681e-20
283.926,6.65417e-20
283.934,6.66196e-20
283.942,6.66998e-20
283.95,6.678e-20
283.958,6.68578e-20
283.965,6.69303e-20
283.973,6.69952e-20
283.981,6.70499e-20
283.989,6.70923e-20
283.996,6.71205e-20
284.004,6.71333e-20
284.012,6.71296e-20
284.02,6.71094e-20
284.028,6.70729e-20
284.035,6.7021e-20
284.043,6.69553e-20
284.051,6.68779e-20
284.059,6.67912e-20
284.066,6.66983e-20
284.074,6.66023e-20
284.082,6.65067e-20
284.09,6.64148e-20
284.098,6.63302e-20
284.105,6.62561e-20
284.113,6.61953e-20
284.121,6.61504e-20
284.129,6.61234e-20
284.137,6.61159e-20
284.144,6.61286e-20
284.152,6.61618e-20
284.16,6.6215e-20
284.168,6.62872e-20
284.175,6.63767e-20
284.183,6.64812e-20
284.191,6.65982e-20
284.199,6.67246e-20
284.207,6.68572e-20
284.214,6.69924e-20
284.222,6.7127e-20
284.23,6.72576e-20
284.238,6.73811e-20
284.246,6.74946e-20
284.253,6.75958e-20
284.261,6.76826e-20
284.269,6.77537e-20
284.277,6.78083e-20
284.285,6.7846e-20
284.292,6.7867e-20
284.3,6.78723e-20
284.308,6.78631e-20
284.316,6.7841e-20
284.324,6.78081e-20
284.331,6.77668e-20
284.339,6.77194e-20
284.347,6.76684e-20
284.355,6.76162e-20
284.363,6.75652e-20
284.37,6.75174e-20
284.378,6.74745e-20
284.386,6.74381e-20
284.394,6.7409e-20
284.402,6.73878e-20
284.409,6.73748e-20
284.417,6.73695e-20
284.425,6.73715e-20
284.433,6.73796e-20
284.441,6.73926e-20
284.448,6.7409e-20
284.456,6.74272e-20
284.464,6.74456e-20
284.472,6.74624e-20
284.48,6.74763e-20
284.487,6.7486e-20
284.495,6.74903e-20
284.503,6.74887e-20
284.511,6.74807e-20
284.519,6.74665e-20
284.526,6.74464e-20
284.534,6.74213e-20
284.542,6.73924e-20
284.55,6.73612e-20
284.558,6.73294e-20
284.565,6.72991e-20
284.573,6.72724e-20
284.581,6.72513e-20
284.589,6.72378e-20
284.597,6.72341e-20
284.605,6.72417e-20
284.612,6.72621e-20
284.62,6.72963e-20
284.628,6.73451e-20
284.636,6.74087e-20
284.644,6.74869e-20
284.651,6.7579e-20
284.659,6.76839e-20
284.667,6.78001e-20
284.675,6.79258e-20
284.683,6.80588e-20
284.69,6.81966e-20
284.698,6.83369e-20
284.706,6.8477e-20
284.714,6.86144e-20
284.722,6.87466e-20
284.73,6.88716e-20
284.737,6.89872e-20
284.745,6.9092e-20
284.753,6.91848e-20
284.761,6.92648e-20
284.769,6.93317e-20
284.777,6.93857e-20
284.784,6.94274e-20
284.792,6.94579e-20
284.8,6.94785e-20
284.808,6.9491e-20
284.816,6.94973e-20
284.823,6.94997e-20
284.831,6.95002e-20
284.839,6.95011e-20
284.847,6.95047e-20
284.855,6.95128e-20
284.863,6.95272e-20
284.87,6.95494e-20
284.878,6.95804e-20
284.886,6.9621e-20
284.894,6.96714e-20
284.902,6.97317e-20
284.91,6.98011e-20
284.917,6.9879e-20
284.925,6.99639e-20
284.933,7.00545e-20
284.941,7.01489e-20
284.949,7.02453e-20
284.957,7.03416e-20
284.964,7.04361e-20
284.972,7.05266e-20
284.98,7.06116e-20
284.988,7.06896e-20
284.996,7.07592e-20
285.004,7.08196e-20
285.011,7.08703e-20
285.019,7.09112e-20
285.027,7.09424e-20
285.035,7.09645e-20
285.043,7.09785e-20
285.051,7.09857e-20
285.058,7.09876e-20
285.066,7.09858e-20
285.074,7.09822e-20
285.082,7.09787e-20
285.09,7.09772e-20
285.098,7.09794e-20
285.105,7.09868e-20
285.113,7.10009e-20
285.121,7.10227e-20
285.129,7.1053e-20
285.137,7.10921e-20
285.145,7.114e-20
285.152,7.11963e-20
285.16,7.12603e-20
285.168,7.1331e-20
285.176,7.14068e-20
285.184,7.14863e-20
285.192,7.15676e-20
285.2,7.16488e-20
285.207,7.1728e-20
285.215,7.18034e-20
285.223,7.18732e-20
285.231,7.19358e-20
285.239,7.19899e-20
285.247,7.20347e-20
285.254,7.20694e-20
285.262,7.20939e-20
285.27,7.21083e-20
285.278,7.21134e-20
285.286,7.21099e-20
285.294,7.20994e-20
285.302,7.20836e-20
285.309,7.20642e-20
285.317,7.20435e-20
285.325,7.20236e-20
285.333,7.20069e-20
285.341,7.19956e-20
285.349,7.19917e-20
285.357,7.1997e-20
285.364,7.20131e-20
285.372,7.20412e-20
285.38,7.20822e-20
285.388,7.21362e-20
285.396,7.22032e-20
285.404,7.22826e-20
285.412,7.23734e-20
285.419,7.24739e-20
285.427,7.25824e-20
285.435,7.26966e-20
285.443,7.2814e-20
285.451,7.29321e-20
285.459,7.3048e-20
285.467,7.31592e-20
285.474,7.32629e-20
285.482,7.33568e-20
285.49,7.34387e-20
285.498,7.35071e-20
285.506,7.35604e-20
285.514,7.3598e-20
285.522,7.36195e-20
285.529,7.36252e-20
285.537,7.36159e-20
285.545,7.35929e-20
285.553,7.35581e-20
285.561,7.35138e-20
285.569,7.34625e-20
285.577,7.34072e-20
285.585,7.3351e-20
285.592,7.32972e-20
285.6,7.32489e-20
285.608,7.32093e-20
285.616,7.31813e-20
285.624,7.31673e-20
285.632,7.31696e-20
285.64,7.31899e-20
285.647,7.32294e-20
285.655,7.32886e-20
285.663,7.33676e-20
285.671,7.34658e-20
285.679,7.3582e-20
285.687,7.37144e-20
285.695,7.3861e-20
285.703,7.4019e-20
285.71,7.41854e-20
285.718,7.43571e-20
285.726,7.45307e-20
285.734,7.47027e-20
285.742,7.48698e-20
285.75,7.50289e-20
285.758,7.51769e-20
285.766,7.53115e-20
285.773,7.54305e-20
285.781,7.55322e-20
285.789,7.56157e-20
285.797,7.56804e-20
285.805,7.57264e-20
285.813,7.57544e-20
285.821,7.57655e-20
285.829,7.57616e-20
285.836,7.57446e-20
285.844,7.5717e-20
285.852,7.56817e-20
285.86,7.56414e-20
285.868,7.55993e-20
285.876,7.55582e-20
285.884,7.5521e-20
285.892,7.54903e-20
285.9,7.54685e-20
285.907,7.54575e-20
285.915,7.54588e-20
285.923,7.54734e-20
285.931,7.5502e-20
285.939,7.55445e-20
285.947,7.56005e-20
285.955,7.56691e-20
285.963,7.57488e-20
285.971,7.58379e-20
285.978,7.59343e-20
285.986,7.60357e-20
285.994,7.61396e-20
286.002,7.62435e-20
286.01,7.63447e-20
286.018,7.64408e-20
286.026,7.65295e-20
286.034,7.66089e-20
286.042,7.6677e-20
286.049,7.67326e-20
286.057,7.67746e-20
286.065,7.68025e-20
286.073,7.6816e-20
286.081,7.68154e-20
286.089,7.68013e-20
286.097,7.67748e-20
286.105,7.6737e-20
286.113,7.66897e-20
286.12,7.66344e-20
286.128,7.65732e-20
286.136,7.6508e-20
286.144,7.64407e-20
286.152,7.63734e-20
286.16,7.63078e-20
286.168,7.62454e-20
286.176,7.61879e-20
286.184,7.61363e-20
286.192,7.60915e-20
286.199,7.60543e-20
286.207,7.60248e-20
286.215,7.60033e-20
286.223,7.59895e-20
286.231,7.5983e-20
286.239,7.59832e-20
286.247,7.59893e-20
286.255,7.60004e-20
286.263,7.60156e-20
286.271,7.60338e-20
286.278,7.60539e-20
286.286,7.60751e-20
286.294,7.60964e-20
286.302,7.6117e-20
286.31,7.61362e-20
286.318,7.61534e-20
286.326,7.61681e-20
286.334,7.61801e-20
286.342,7.61891e-20
286.35,7.6195e-20
286.358,7.61978e-20
286.365,7.61976e-20
286.373,7.61944e-20
286.381,7.61884e-20
286.389,7.61797e-20
286.397,7.61683e-20
286.405,7.61544e-20
286.413,7.61379e-20
286.421,7.61188e-20
286.429,7.6097e-20
286.437,7.60724e-20
286.445,7.60447e-20
286.452,7.60137e-20
286.46,7.59793e-20
286.468,7.59411e-20
286.476,7.58989e-20
286.484,7.58527e-20
286.492,7.58023e-20
286.5,7.57478e-20
286.508,7.56893e-20
286.516,7.5627e-20
286.524,7.55614e-20
286.532,7.54929e-20
286.54,7.54221e-20
286.548,7.53498e-20
286.555,7.52769e-20
286.563,7.52041e-20
286.571,7.51323e-20
286.579,7.50626e-20
286.587,7.49958e-20
286.595,7.49327e-20
286.603,7.4874e-20
286.611,7.48202e-20
286.619,7.47718e-20
286.627,7.47289e-20
286.635,7.46916e-20
286.643,7.46596e-20
286.651,7.46324e-20
286.658,7.46094e-20
286.666,7.45898e-20
286.674,7.45724e-20
286.682,7.45563e-20
286.69,7.454e-20
286.698,7.45223e-20
286.706,7.45019e-20
286.714,7.44775e-20
286.722,7.44479e-20
286.73,7.44122e-20
286.738,7.43695e-20
286.746,7.43191e-20
286.754,7.42609e-20
286.762,7.41947e-20
286.769,7.41207e-20
286.777,7.40395e-20
286.785,7.39518e-20
286.793,7.38587e-20
286.801,7.37616e-20
286.809,7.36618e-20
286.817,7.3561e-20
286.825,7.34609e-20
286.833,7.33631e-20
286.841,7.32694e-20
286.849,7.31812e-20
286.857,7.31001e-20
286.865,7.30272e-20
286.873,7.29636e-20
286.881,7.29098e-20
286.888,7.28664e-20
286.896,7.28333e-20
286.904,7.28103e-20
286.912,7.27968e-20
286.92,7.27921e-20
286.928,7.27951e-20
286.936,7.28044e-20
286.944,7.28187e-20
286.952,7.28365e-20
286.96,7.28563e-20
286.968,7.28765e-20
286.976,7.28959e-20
286.984,7.29132e-20
286.992,7.29275e-20
287,7.29379e-20
287.008,7.2944e-20
287.016,7.29458e-20
287.024,7.29433e-20
287.031,7.2937e-20
287.039,7.29276e-20
287.047,7.29162e-20
287.055,7.29039e-20
287.063,7.28921e-20
287.071,7.28822e-20
287.079,7.28757e-20
287.087,7.2874e-20
287.095,7.28784e-20
287.103,7.28899e-20
287.111,7.29095e-20
287.119,7.29376e-20
287.127,7.29746e-20
287.135,7.30204e-20
287.143,7.30743e-20
287.151,7.31357e-20
287.159,7.32031e-20
287.167,7.32753e-20
287.175,7.33502e-20
287.183,7.3426e-20
287.19,7.35005e-20
287.198,7.35715e-20
287.206,7.36368e-20
287.214,7.36943e-20
287.222,7.37421e-20
287.23,7.37786e-20
287.238,7.38024e-20
287.246,7.38127e-20
287.254,7.38089e-20
287.262,7.37911e-20
287.27,7.37597e-20
287.278,7.37157e-20
287.286,7.36604e-20
287.294,7.35957e-20
287.302,7.35237e-20
287.31,7.3447e-20
287.318,7.33682e-20
287.326,7.32901e-20
287.334,7.32156e-20
287.342,7.31475e-20
287.35,7.30884e-20
287.358,7.30408e-20
287.366,7.30067e-20
287.374,7.29877e-20
287.382,7.29852e-20
287.389,7.29998e-20
287.397,7.30318e-20
287.405,7.30809e-20
287.413,7.31462e-20
287.421,7.32266e-20
287.429,7.33202e-20
287.437,7.34252e-20
287.445,7.35391e-20
287.453,7.36595e-20
287.461,7.37837e-20
287.469,7.39091e-20
287.477,7.40332e-20
287.485,7.41537e-20
287.493,7.42684e-20
287.501,7.43756e-20
287.509,7.4474e-20
287.517,7.45626e-20
287.525,7.46411e-20
287.533,7.47093e-20
287.541,7.47677e-20
287.549,7.48173e-20
287.557,7.48593e-20
287.565,7.48953e-20
287.573,7.4927e-20
287.581,7.49565e-20
287.589,7.49857e-20
287.597,7.50168e-20
287.605,7.50515e-20
287.613,7.50916e-20
287.621,7.51385e-20
287.629,7.51932e-20
287.637,7.52565e-20
287.645,7.53285e-20
287.653,7.5409e-20
287.661,7.54973e-20
287.669,7.55922e-20
287.677,7.56923e-20
287.685,7.57956e-20
287.693,7.58998e-20
287.701,7.60025e-20
287.709,7.61012e-20
287.717,7.61932e-20
287.724,7.62759e-20
287.732,7.6347e-20
287.74,7.64041e-20
287.748,7.64454e-20
287.756,7.64693e-20
287.764,7.64748e-20
287.772,7.64613e-20
287.78,7.64286e-20
287.788,7.63771e-20
287.796,7.63077e-20
287.804,7.62219e-20
287.812,7.61212e-20
287.82,7.6008e-20
287.828,7.58847e-20
287.836,7.57538e-20
287.844,7.56183e-20
287.852,7.5481e-20
287.86,7.53447e-20
287.868,7.5212e-20
287.876,7.50854e-20
287.884,7.49671e-20
287.892,7.4859e-20
287.9,7.47626e-20
287.908,7.46789e-20
287.916,7.46085e-20
287.924,7.45518e-20
287.932,7.45086e-20
287.94,7.44783e-20
287.948,7.446e-20
287.956,7.44525e-20
287.964,7.44546e-20
287.972,7.44646e-20
287.98,7.44809e-20
287.988,7.45019e-20
287.996,7.4526e-20
288.004,7.45516e-20
288.012,7.45775e-20
288.02,7.46026e-20
288.028,7.46258e-20
288.036,7.46467e-20
288.044,7.46648e-20
288.052,7.46801e-20
288.06,7.46926e-20
288.068,7.47028e-20
288.076,7.47113e-20
288.084,7.47188e-20
288.092,7.47262e-20
288.1,7.47343e-20
288.108,7.47441e-20
288.116,7.47564e-20
288.124,7.47721e-20
288.132,7.47919e-20
288.14,7.48163e-20
288.148,7.48456e-20
288.156,7.48801e-20
288.164,7.49196e-20
288.172,7.4964e-20
288.18,7.50128e-20
288.188,7.50655e-20
288.196,7.51214e-20
288.204,7.51796e-20
288.212,7.52394e-20
288.22,7.52997e-20
288.228,7.53596e-20
288.236,7.54184e-20
288.244,7.54753e-20
288.252,7.55296e-20
288.26,7.55808e-20
288.269,7.56286e-20
288.277,7.56729e-20
288.285,7.57134e-20
288.293,7.57505e-20
288.301,7.57845e-20
288.309,7.58157e-20
288.317,7.58447e-20
288.325,7.58721e-20
288.333,7.58986e-20
288.341,7.59248e-20
288.349,7.59514e-20
288.357,7.5979e-20
288.365,7.60082e-20
288.373,7.60393e-20
288.381,7.60727e-20
288.389,7.61086e-20
288.397,7.61471e-20
288.405,7.61881e-20
288.413,7.62314e-20
288.421,7.62768e-20
288.429,7.63239e-20
288.437,7.63723e-20
288.445,7.64217e-20
288.453,7.64716e-20
288.461,7.65215e-20
288.469,7.65713e-20
288.477,7.66206e-20
288.485,7.66693e-20
288.493,7.67173e-20
288.501,7.67649e-20
288.509,7.68121e-20
288.517,7.68593e-20
288.525,7.6907e-20
288.533,7.69557e-20
288.541,7.7006e-20
288.549,7.70584e-20
288.557,7.71137e-20
288.565,7.71725e-20
288.573,7.72351e-20
288.581,7.73022e-20
288.589,7.73739e-20
288.598,7.74505e-20
288.606,7.75319e-20
288.614,7.76179e-20
288.622,7.77081e-20
288.63,7.78021e-20
288.638,7.7899e-20
288.646,7.79981e-20
288.654,7.80982e-20
288.662,7.81984e-20
288.67,7.82974e-20
288.678,7.83941e-20
288.686,7.84875e-20
288.694,7.85764e-20
288.702,7.866e-20
288.71,7.87373e-20
288.718,7.88079e-20
288.726,7.88713e-20
288.734,7.89274e-20
288.742,7.89761e-20
288.75,7.90177e-20
288.758,7.90528e-20
288.766,7.9082e-20
288.774,7.91062e-20
288.782,7.91264e-20
288.79,7.91437e-20
288.799,7.91593e-20
288.807,7.91743e-20
288.815,7.91899e-20
288.823,7.92073e-20
288.831,7.92272e-20
288.839,7.92505e-20
288.847,7.92779e-20
288.855,7.93096e-20
288.863,7.93459e-20
288.871,7.93868e-20
288.879,7.94319e-20
288.887,7.94808e-20
288.895,7.95329e-20
288.903,7.95872e-20
288.911,7.9643e-20
288.919,7.96991e-20
288.927,7.97547e-20
288.935,7.98086e-20
288.943,7.98601e-20
288.951,7.99083e-20
288.959,7.99526e-20
288.968,7.99924e-20
288.976,8.00277e-20
288.984,8.00583e-20
288.992,8.00844e-20
289,8.01065e-20
289.008,8.01253e-20
289.016,8.01417e-20
289.024,8.01565e-20
289.032,8.0171e-20
289.04,8.01863e-20
289.048,8.02038e-20
289.056,8.02245e-20
289.064,8.02498e-20
289.072,8.02804e-20
289.08,8.03175e-20
289.088,8.03615e-20
289.096,8.04129e-20
289.105,8.04719e-20
289.113,8.05385e-20
289.121,8.06122e-20
289.129,8.06925e-20
289.137,8.07785e-20
289.145,8.08691e-20
289.153,8.09632e-20
289.161,8.10594e-20
289.169,8.11563e-20
289.177,8.12524e-20
289.185,8.13462e-20
289.193,8.14365e-20
289.201,8.15219e-20
289.209,8.16015e-20
289.217,8.16742e-20
289.226,8.17395e-20
289.234,8.17969e-20
289.242,8.18464e-20
289.25,8.18879e-20
289.258,8.19219e-20
289.266,8.1949e-20
289.274,8.19698e-20
289.282,8.19855e-20
289.29,8.1997e-20
289.298,8.20055e-20
289.306,8.20122e-20
289.314,8.20184e-20
289.322,8.20252e-20
289.33,8.20336e-20
289.339,8.20447e-20
289.347,8.20593e-20
289.355,8.2078e-20
289.363,8.21014e-20
289.371,8.21297e-20
289.379,8.21632e-20
289.387,8.22019e-20
289.395,8.22455e-20
289.403,8.22941e-20
289.411,8.23471e-20
289.419,8.24043e-20
289.427,8.24654e-20
289.435,8.25301e-20
289.444,8.2598e-20
289.452,8.2669e-20
289.46,8.2743e-20
289.468,8.282e-20
289.476,8.29002e-20
289.484,8.29839e-20
289.492,8.30714e-20
289.5,8.31632e-20
289.508,8.32598e-20
289.516,8.33617e-20
289.524,8.34696e-20
289.532,8.3584e-20
289.541,8.37052e-20
289.549,8.38338e-20
289.557,8.39698e-20
289.565,8.41134e-20
289.573,8.42643e-20
289.581,8.44222e-20
289.589,8.45866e-20
289.597,8.47566e-20
289.605,8.49314e-20
289.613,8.51096e-20
289.621,8.52901e-20
289.63,8.54713e-20
289.638,8.56519e-20
289.646,8.58303e-20
289.654,8.60051e-20
289.662,8.61747e-20
289.67,8.63381e-20
289.678,8.6494e-20
289.686,8.66417e-20
289.694,8.67804e-20
289.702,8.69099e-20
289.71,8.703e-20
289.719,8.71409e-20
289.727,8.7243e-20
289.735,8.73372e-20
289.743,8.74243e-20
289.751,8.75054e-20
289.759,8.75817e-20
289.767,8.76545e-20
289.775,8.7725e-20
289.783,8.77946e-20
289.791,8.78644e-20
289.8,8.79353e-20
289.808,8.8008e-20
289.816,8.80831e-20
289.824,8.81608e-20
289.832,8.8241e-20
289.84,8.83234e-20
289.848,8.84072e-20
289.856,8.84916e-20
289.864,8.85753e-20
289.872,8.86571e-20
289.881,8.87354e-20
289.889,8.88087e-20
289.897,8.88754e-20
289.905,8.89342e-20
289.913,8.89836e-20
289.921,8.90226e-20
289.929,8.90503e-20
289.937,8.90663e-20
289.945,8.90704e-20
289.954,8.90629e-20
289.962,8.90444e-20
289.97,8.9016e-20
289.978,8.89792e-20
289.986,8.89357e-20
289.994,8.88875e-20
290.002,8.88371e-20
290.01,8.87866e-20
290.018,8.87388e-20
290.027,8.86959e-20
290.035,8.86603e-20
290.043,8.86341e-20
290.051,8.86192e-20
290.059,8.86168e-20
290.067,8.86281e-20
290.075,8.86535e-20
290.083,8.8693e-20
290.091,8.8746e-20
290.1,8.88115e-20
290.108,8.88877e-20
290.116,8.89728e-20
290.124,8.90641e-20
290.132,8.9159e-20
290.14,8.92543e-20
290.148,8.93471e-20
290.156,8.9434e-20
290.165,8.9512e-20
290.173,8.95783e-20
290.181,8.96302e-20
290.189,8.96657e-20
290.197,8.96829e-20
290.205,8.96807e-20
290.213,8.96587e-20
290.221,8.96168e-20
290.23,8.95558e-20
290.238,8.94769e-20
290.246,8.93822e-20
290.254,8.92738e-20
290.262,8.91548e-20
290.27,8.90283e-20
290.278,8.88978e-20
290.286,8.87667e-20
290.295,8.86387e-20
290.303,8.85172e-20
290.311,8.84055e-20
290.319,8.83064e-20
290.327,8.82224e-20
290.335,8.81554e-20
290.343,8.81068e-20
290.351,8.80772e-20
290.36,8.80668e-20
290.368,8.8075e-20
290.376,8.81006e-20
290.384,8.81418e-20
290.392,8.81963e-20
290.4,8.82614e-20
290.408,8.83341e-20
290.417,8.8411e-20
290.425,8.84888e-20
290.433,8.85641e-20
290.441,8.86336e-20
290.449,8.86945e-20
290.457,8.87439e-20
290.465,8.87798e-20
290.473,8.88003e-20
290.482,8.88045e-20
290.49,8.87917e-20
290.498,8.87621e-20
290.506,8.87164e-20
290.514,8.86559e-20
290.522,8.85824e-20
290.53,8.84984e-20
290.539,8.84065e-20
290.547,8.83096e-20
290.555,8.82111e-20
290.563,8.81142e-20
290.571,8.80222e-20
290.579,8.79381e-20
290.587,8.78649e-20
290.596,8.78052e-20
290.604,8.7761e-20
290.612,8.77341e-20
290.62,8.77255e-20
290.628,8.77359e-20
290.636,8.77654e-20
290.644,8.78132e-20
290.653,8.78786e-20
290.661,8.79598e-20
290.669,8.80549e-20
290.677,8.81618e-20
290.685,8.82778e-20
290.693,8.84002e-20
290.702,8.85262e-20
290.71,8.86531e-20
290.718,8.87782e-20
290.726,8.88992e-20
290.734,8.90137e-20
290.742,8.91202e-20
290.75,8.9217e-20
290.759,8.93034e-20
290.767,8.93788e-20
290.775,8.94432e-20
290.783,8.94971e-20
290.791,8.95413e-20
290.799,8.95773e-20
290.808,8.96068e-20
290.816,8.96317e-20
290.824,8.96542e-20
290.832,8.96768e-20
290.84,8.9702e-20
290.848,8.97324e-20
290.856,8.97702e-20
290.865,8.98179e-20
290.873,8.98776e-20
290.881,8.99511e-20
290.889,9.004e-20
290.897,9.01456e-20
290.905,9.02685e-20
290.914,9.04094e-20
290.922,9.05682e-20
290.93,9.07446e-20
290.938,9.09379e-20
290.946,9.11471e-20
290.954,9.13707e-20
290.963,9.16071e-20
290.971,9.18544e-20
290.979,9.21106e-20
290.987,9.23734e-20
290.995,9.26405e-20
291.003,9.29096e-20
291.012,9.31783e-20
291.02,9.34445e-20
291.028,9.3706e-20
291.036,9.39607e-20
291.044,9.4207e-20
291.052,9.4443e-20
291.061,9.46677e-20
291.069,9.48797e-20
291.077,9.50783e-20
291.085,9.5263e-20
291.093,9.54335e-20
291.101,9.55897e-20
291.11,9.57321e-20
291.118,9.58611e-20
291.126,9.59776e-20
291.134,9.60827e-20
291.142,9.61774e-20
291.151,9.62633e-20
291.159,9.63418e-20
291.167,9.64147e-20
291.175,9.64836e-20
291.183,9.65504e-20
291.191,9.66167e-20
291.2,9.66842e-20
291.208,9.67546e-20
291.216,9.68292e-20
291.224,9.69095e-20
291.232,9.69965e-20
291.241,9.7091e-20
291.249,9.71937e-20
291.257,9.73048e-20
291.265,9.74244e-20
291.273,9.75522e-20
291.281,9.76876e-20
291.29,9.78296e-20
291.298,9.79772e-20
291.306,9.81287e-20
291.314,9.82827e-20
291.322,9.84373e-20
291.331,9.85903e-20
291.339,9.87399e-20
291.347,9.88839e-20
291.355,9.90202e-20
291.363,9.91469e-20
291.371,9.92622e-20
291.38,9.93645e-20
291.388,9.94524e-20
291.396,9.95249e-20
291.404,9.95814e-20
291.412,9.96215e-20
291.421,9.96453e-20
291.429,9.96533e-20
291.437,9.96464e-20
291.445,9.96259e-20
291.453,9.95933e-20
291.462,9.95504e-20
291.47,9.94995e-20
291.478,9.94428e-20
291.486,9.93827e-20
291.494,9.93217e-20
291.503,9.92622e-20
291.511,9.92065e-20
291.519,9.91566e-20
291.527,9.91146e-20
291.535,9.90818e-20
291.544,9.90596e-20
291.552,9.90487e-20
291.56,9.90494e-20
291.568,9.90619e-20
291.576,9.90854e-20
291.585,9.91193e-20
291.593,9.91622e-20
291.601,9.92127e-20
291.609,9.92687e-20
291.617,9.93284e-20
291.626,9.93896e-20
291.634,9.945e-20
291.642,9.95077e-20
291.65,9.95606e-20
291.658,9.96068e-20
291.667,9.96448e-20
291.675,9.96734e-20
291.683,9.96919e-20
291.691,9.96997e-20
291.699,9.96969e-20
291.708,9.96838e-20
291.716,9.96615e-20
291.724,9.9631e-20
291.732,9.95941e-20
291.74,9.95524e-20
291.749,9.95082e-20
291.757,9.94636e-20
291.765,9.9421e-20
291.773,9.93826e-20
291.782,9.93504e-20
291.79,9.93266e-20
291.798,9.93127e-20
291.806,9.93101e-20
291.814,9.93198e-20
291.823,9.93423e-20
291.831,9.93777e-20
291.839,9.94257e-20
291.847,9.94854e-20
291.855,9.95558e-20
291.864,9.96352e-20
291.872,9.97217e-20
291.88,9.98133e-20
291.888,9.99076e-20
291.897,1.00002e-19
291.905,1.00095e-19
291.913,1.00184e-19
291.921,1.00266e-19
291.929,1.0034e-19
291.938,1.00405e-19
291.946,1.00459e-19
291.954,1.00502e-19
291.962,1.00533e-19
291.971,1.00553e-19
291.979,1.00563e-19
291.987,1.00563e-19
291.995,1.00555e-19
292.003,1.00541e-19
292.012,1.00524e-19
292.02,1.00505e-19
292.028,1.00486e-19
292.036,1.00472e-19
292.045,1.00463e-19
292.053,1.00462e-19
292.061,1.00472e-19
292.069,1.00493e-19
292.077,1.00527e-19
292.086,1.00576e-19
292.094,1.00639e-19
292.102,1.00717e-19
292.11,1.00809e-19
292.119,1.00915e-19
292.127,1.01034e-19
292.135,1.01163e-19
292.143,1.01302e-19
292.152,1.01447e-19
292.16,1.01598e-19
292.168,1.01752e-19
292.176,1.01906e-19
292.184,1.02059e-19
292.193,1.02209e-19
292.201,1.02355e-19
292.209,1.02494e-19
292.217,1.02627e-19
292.226,1.02753e-19
292.234,1.02871e-19
292.242,1.02981e-19
292.25,1.03086e-19
292.259,1.03184e-19
292.267,1.03277e-19
292.275,1.03368e-19
292.283,1.03456e-19
292.292,1.03545e-19
292.3,1.03635e-19
292.308,1.03728e-19
292.316,1.03825e-19
292.325,1.03927e-19
292.333,1.04036e-19
292.341,1.04151e-19
292.349,1.04273e-19
292.357,1.04401e-19
292.366,1.04536e-19
292.374,1.04675e-19
292.382,1.04818e-19
292.39,1.04963e-19
292.399,1.05108e-19
292.407,1.05251e-19
292.415,1.0539e-19
292.423,1.05522e-19
292.432,1.05644e-19
292.44,1.05756e-19
292.448,1.05855e-19
292.456,1.05939e-19
292.465,1.06007e-19
292.473,1.06057e-19
292.481,1.0609e-19
292.489,1.06104e-19
292.498,1.061e-19
292.506,1.06079e-19
292.514,1.0604e-19
292.522,1.05987e-19
292.531,1.05919e-19
292.539,1.05839e-19
292.547,1.05749e-19
292.555,1.05651e-19
292.564,1.05546e-19
292.572,1.05438e-19
292.58,1.05328e-19
292.589,1.05217e-19
292.597,1.05108e-19
292.605,1.05002e-19
292.613,1.04899e-19
292.622,1.04801e-19
292.63,1.04707e-19
292.638,1.04619e-19
292.646,1.04535e-19
292.655,1.04455e-19
292.663,1.04379e-19
292.671,1.04305e-19
292.679,1.04233e-19
292.688,1.04161e-19
292.696,1.04088e-19
292.704,1.04012e-19
292.712,1.03934e-19
292.721,1.03851e-19
292.729,1.03763e-19
292.737,1.0367e-19
292.745,1.03571e-19
292.754,1.03466e-19
292.762,1.03354e-19
292.77,1.03237e-19
292.779,1.03115e-19
292.787,1.02988e-19
292.795,1.02857e-19
292.803,1.02723e-19
292.812,1.02588e-19
292.82,1.02451e-19
292.828,1.02315e-19
292.836,1.02179e-19
292.845,1.02045e-19
292.853,1.01912e-19
292.861,1.01782e-19
292.87,1.01655e-19
292.878,1.0153e-19
292.886,1.01408e-19
292.894,1.01287e-19
292.903,1.01168e-19
292.911,1.0105e-19
292.919,1.00932e-19
292.927,1.00813e-19
292.936,1.00692e-19
292.944,1.00569e-19
292.952,1.00443e-19
292.961,1.00314e-19
292.969,1.0018e-19
292.977,1.00043e-19
292.985,9.9901e-20
292.994,9.97554e-20
293.002,9.96064e-20
293.01,9.94547e-20
293.019,9.93013e-20
293.027,9.91473e-20
293.035,9.89939e-20
293.043,9.88424e-20
293.052,9.86943e-20
293.06,9.8551e-20
293.068,9.84138e-20
293.077,9.8284e-20
293.085,9.81628e-20
293.093,9.8051e-20
293.101,9.79493e-20
293.11,9.78581e-20
293.118,9.77777e-20
293.126,9.77076e-20
293.135,9.76476e-20
293.143,9.75968e-20
293.151,9.75543e-20
293.159,9.75186e-20
293.168,9.74885e-20
293.176,9.74623e-20
293.184,9.74382e-20
293.193,9.74146e-20
293.201,9.73898e-20
293.209,9.73621e-20
293.217,9.73301e-20
293.226,9.72925e-20
293.234,9.72483e-20
293.242,9.71967e-20
293.251,9.71373e-20
293.259,9.70698e-20
293.267,9.69945e-20
293.276,9.69118e-20
293.284,9.68226e-20
293.292,9.67278e-20
293.3,9.66287e-20
293.309,9.65268e-20
293.317,9.64235e-20
293.325,9.63207e-20
293.334,9.62198e-20
293.342,9.61225e-20
293.35,9.60302e-20
293.358,9.59443e-20
293.367,9.58659e-20
293.375,9.57958e-20
293.383,9.57348e-20
293.392,9.5683e-20
293.4,9.56406e-20
293.408,9.56072e-20
293.417,9.55822e-20
293.425,9.5565e-20
293.433,9.55544e-20
293.442,9.55492e-20
293.45,9.55481e-20
293.458,9.55497e-20
293.466,9.55525e-20
293.475,9.55551e-20
293.483,9.5556e-20
293.491,9.55542e-20
293.5,9.55484e-20
293.508,9.55379e-20
293.516,9.55219e-20
293.525,9.55002e-20
293.533,9.54726e-20
293.541,9.54392e-20
293.55,9.54004e-20
293.558,9.53568e-20
293.566,9.53092e-20
293.574,9.52586e-20
293.583,9.5206e-20
293.591,9.51527e-20
293.599,9.50999e-20
293.608,9.50487e-20
293.616,9.50003e-20
293.624,9.49558e-20
293.633,9.4916e-20
293.641,9.48818e-20
293.649,9.48537e-20
293.658,9.48321e-20
293.666,9.48171e-20
293.674,9.48088e-20
293.683,9.48069e-20
293.691,9.48109e-20
293.699,9.48203e-20
293.708,9.48344e-20
293.716,9.48524e-20
293.724,9.48735e-20
293.733,9.48968e-20
293.741,9.49215e-20
293.749,9.49467e-20
293.757,9.49719e-20
293.766,9.49964e-20
293.774,9.50197e-20
293.782,9.50417e-20
293.791,9.50621e-20
293.799,9.5081e-20
293.807,9.50987e-20
293.816,9.51154e-20
293.824,9.51316e-20
293.832,9.5148e-20
293.841,9.5165e-20
293.849,9.51834e-20
293.857,9.5204e-20
293.866,9.52272e-20
293.874,9.52537e-20
293.882,9.52841e-20
293.891,9.53186e-20
293.899,9.53575e-20
293.907,9.54009e-20
293.916,9.54486e-20
293.924,9.55005e-20
293.932,9.55561e-20
293.941,9.56149e-20
293.949,9.56761e-20
293.957,9.57391e-20
293.966,9.5803e-20
293.974,9.5867e-20
293.982,9.593e-20
293.991,9.59915e-20
293.999,9.60506e-20
294.007,9.61067e-20
294.016,9.61593e-20
294.024,9.62082e-20
294.032,9.62533e-20
294.041,9.62947e-20
294.049,9.63328e-20
294.057,9.63681e-20
294.066,9.64014e-20
294.074,9.64337e-20
294.082,9.64662e-20
294.091,9.65e-20
294.099,9.65367e-20
294.107,9.65776e-20
294.116,9.66242e-20
294.124,9.6678e-20
294.133,9.67403e-20
294.141,9.68124e-20
294.149,9.68953e-20
294.158,9.699e-20
294.166,9.70971e-20
294.174,9.72172e-20
294.183,9.73503e-20
294.191,9.74964e-20
294.199,9.76551e-20
294.208,9.78259e-20
294.216,9.80078e-20
294.224,9.81998e-20
294.233,9.84007e-20
294.241,9.8609e-20
294.249,9.88233e-20
294.258,9.9042e-20
294.266,9.92635e-20
294.274,9.94864e-20
294.283,9.97092e-20
294.291,9.99305e-20
294.3,1.00149e-19
294.308,1.00364e-19
294.316,1.00575e-19
294.325,1.00781e-19
294.333,1.00981e-19
294.341,1.01177e-19
294.35,1.01367e-19
294.358,1.01552e-19
294.366,1.01733e-19
294.375,1.01911e-19
294.383,1.02087e-19
294.391,1.0226e-19
294.4,1.02433e-19
294.408,1.02607e-19
294.417,1.02782e-19
294.425,1.0296e-19
294.433,1.03141e-19
294.442,1.03325e-19
294.45,1.03514e-19
294.458,1.03708e-19
294.467,1.03906e-19
294.475,1.04108e-19
294.483,1.04315e-19
294.492,1.04525e-19
294.5,1.04738e-19
294.509,1.04952e-19
294.517,1.05167e-19
294.525,1.0538e-19
294.534,1.05591e-19
294.542,1.05799e-19
294.55,1.06001e-19
294.559,1.06196e-19
294.567,1.06383e-19
294.575,1.06561e-19
294.584,1.06728e-19
294.592,1.06885e-19
294.601,1.07029e-19
294.609,1.07161e-19
294.617,1.0728e-19
294.626,1.07387e-19
294.634,1.07482e-19
294.642,1.07565e-19
294.651,1.07638e-19
294.659,1.07701e-19
294.668,1.07757e-19
294.676,1.07805e-19
294.684,1.07848e-19
294.693,1.07887e-19
294.701,1.07925e-19
294.709,1.07962e-19
294.718,1.08e-19
294.726,1.0804e-19
294.735,1.08085e-19
294.743,1.08134e-19
294.751,1.08189e-19
294.76,1.08251e-19
294.768,1.0832e-19
294.776,1.08395e-19
294.785,1.08477e-19
294.793,1.08566e-19
294.802,1.0866e-19
294.81,1.08758e-19
294.818,1.0886e-19
294.827,1.08964e-19
294.835,1.09068e-19
294.844,1.09171e-19
294.852,1.09271e-19
294.86,1.09366e-19
294.869,1.09454e-19
294.877,1.09533e-19
294.885,1.09602e-19
294.894,1.09659e-19
294.902,1.09703e-19
294.911,1.09733e-19
294.919,1.09747e-19
294.927,1.09746e-19
294.936,1.09728e-19
294.944,1.09693e-19
294.953,1.09642e-19
294.961,1.09576e-19
294.969,1.09494e-19
294.978,1.09397e-19
294.986,1.09288e-19
294.995,1.09166e-19
295.003,1.09034e-19
295.011,1.08892e-19
295.02,1.08743e-19
295.028,1.08588e-19
295.037,1.08428e-19
295.045,1.08264e-19
295.053,1.08099e-19
295.062,1.07934e-19
295.07,1.07768e-19
295.079,1.07604e-19
295.087,1.07441e-19
295.095,1.0728e-19
295.104,1.07122e-19
295.112,1.06965e-19
295.121,1.0681e-19
295.129,1.06657e-19
295.137,1.06504e-19
295.146,1.06352e-19
295.154,1.06198e-19
295.163,1.06043e-19
295.171,1.05885e-19
295.179,1.05723e-19
295.188,1.05558e-19
295.196,1.05387e-19
295.205,1.05211e-19
295.213,1.05028e-19
295.221,1.0484e-19
295.23,1.04646e-19
295.238,1.04446e-19
295.247,1.04241e-19
295.255,1.04032e-19
295.263,1.0382e-19
295.272,1.03605e-19
295.28,1.0339e-19
295.289,1.03175e-19
295.297,1.02963e-19
295.305,1.02755e-19
295.314,1.02553e-19
295.322,1.02358e-19
295.331,1.02173e-19
295.339,1.01997e-19
295.348,1.01833e-19
295.356,1.01682e-19
295.364,1.01544e-19
295.373,1.0142e-19
295.381,1.01309e-19
295.39,1.01212e-19
295.398,1.01128e-19
295.406,1.01056e-19
295.415,1.00995e-19
295.423,1.00944e-19
295.432,1.00901e-19
295.44,1.00864e-19
295.449,1.0083e-19
295.457,1.00799e-19
295.465,1.00768e-19
295.474,1.00735e-19
295.482,1.00698e-19
295.491,1.00654e-19
295.499,1.00604e-19
295.507,1.00544e-19
295.516,1.00475e-19
295.524,1.00396e-19
295.533,1.00306e-19
295.541,1.00205e-19
295.55,1.00095e-19
295.558,9.99748e-20
295.566,9.9847e-20
295.575,9.97128e-20
295.583,9.95741e-20
295.592,9.9433e-20
295.6,9.92918e-20
295.609,9.91528e-20
295.617,9.90186e-20
295.625,9.88917e-20
295.634,9.87745e-20
295.642,9.86692e-20
295.651,9.8578e-20
295.659,9.85026e-20
295.668,9.84447e-20
295.676,9.84054e-20
295.684,9.83856e-20
295.693,9.83857e-20
295.701,9.84057e-20
295.71,9.84453e-20
295.718,9.85038e-20
295.727,9.85801e-20
295.735,9.86728e-20
295.744,9.87803e-20
295.752,9.89005e-20
295.76,9.90315e-20
295.769,9.9171e-20
295.777,9.93169e-20
295.786,9.94668e-20
295.794,9.96186e-20
295.803,9.97703e-20
295.811,9.992e-20
295.819,1.00066e-19
295.828,1.00207e-19
295.836,1.00342e-19
295.845,1.0047e-19
295.853,1.00591e-19
295.862,1.00704e-19
295.87,1.00811e-19
295.879,1.0091e-19
295.887,1.01003e-19
295.895,1.01092e-19
295.904,1.01176e-19
295.912,1.01259e-19
295.921,1.0134e-19
295.929,1.01422e-19
295.938,1.01506e-19
295.946,1.01594e-19
295.955,1.01687e-19
295.963,1.01786e-19
295.971,1.01894e-19
295.98,1.02011e-19
295.988,1.02138e-19
295.997,1.02275e-19
296.005,1.02424e-19
296.014,1.02584e-19
296.022,1.02756e-19
296.031,1.0294e-19
296.039,1.03135e-19
296.048,1.03342e-19
296.056,1.03558e-19
296.064,1.03785e-19
296.073,1.04021e-19
296.081,1.04265e-19
296.09,1.04516e-19
296.098,1.04774e-19
296.107,1.05038e-19
296.115,1.05307e-19
296.124,1.0558e-19
296.132,1.05856e-19
296.141,1.06135e-19
296.149,1.06417e-19
296.157,1.067e-19
296.166,1.06985e-19
296.174,1.0727e-19
296.183,1.07555e-19
296.191,1.07841e-19
296.2,1.08127e-19
296.208,1.08412e-19
296.217,1.08696e-19
296.225,1.08979e-19
296.234,1.09261e-19
296.242,1.09542e-19
296.251,1.09821e-19
296.259,1.10097e-19
296.268,1.10372e-19
296.276,1.10643e-19
296.284,1.10911e-19
296.293,1.11176e-19
296.301,1.11438e-19
296.31,1.11695e-19
296.318,1.11947e-19
296.327,1.12195e-19
296.335,1.12438e-19
296.344,1.12676e-19
296.352,1.12909e-19
296.361,1.13137e-19
296.369,1.13359e-19
296.378,1.13577e-19
296.386,1.13789e-19
296.395,1.13997e-19
296.403,1.142e-19
296.412,1.144e-19
296.42,1.14596e-19
296.428,1.14789e-19
296.437,1.1498e-19
296.445,1.15168e-19
296.454,1.15356e-19
296.462,1.15542e-19
296.471,1.15728e-19
296.479,1.15914e-19
296.488,1.16102e-19
296.496,1.1629e-19
296.505,1.1648e-19
296.513,1.16672e-19
296.522,1.16867e-19
296.53,1.17064e-19
296.539,1.17264e-19
296.547,1.17466e-19
296.556,1.17671e-19
296.564,1.17879e-19
296.573,1.1809e-19
296.581,1.18303e-19
296.59,1.18519e-19
296.598,1.18736e-19
296.607,1.18954e-19
296.615,1.19174e-19
296.624,1.19394e-19
296.632,1.19615e-19
296.64,1.19835e-19
296.649,1.20054e-19
296.657,1.20272e-19
296.666,1.20488e-19
296.674,1.20701e-19
296.683,1.20912e-19
296.691,1.21119e-19
296.7,1.21322e-19
296.708,1.21521e-19
296.717,1.21716e-19
296.725,1.21906e-19
296.734,1.22092e-19
296.742,1.22273e-19
296.751,1.22449e-19
296.759,1.22621e-19
296.768,1.22788e-19
296.776,1.22953e-19
296.785,1.23114e-19
296.793,1.23272e-19
296.802,1.23429e-19
296.81,1.23585e-19
296.819,1.23741e-19
296.827,1.23898e-19
296.836,1.24057e-19
296.844,1.24219e-19
296.853,1.24384e-19
296.861,1.24554e-19
296.87,1.24731e-19
296.878,1.24913e-19
296.887,1.25103e-19
296.895,1.253e-19
296.904,1.25506e-19
296.912,1.2572e-19
296.921,1.25943e-19
296.929,1.26174e-19
296.938,1.26414e-19
296.946,1.26662e-19
296.955,1.26918e-19
296.963,1.2718e-19
296.972,1.27449e-19
296.98,1.27723e-19
296.989,1.28002e-19
296.997,1.28284e-19
297.006,1.2857e-19
297.014,1.28856e-19
297.023,1.29144e-19
297.031,1.29432e-19
297.04,1.2972e-19
297.048,1.30007e-19
297.057,1.30292e-19
297.065,1.30575e-19
297.074,1.30857e-19
297.083,1.31136e-19
297.091,1.31414e-19
297.1,1.31691e-19
297.108,1.31966e-19
297.117,1.32241e-19
297.125,1.32515e-19
297.134,1.3279e-19
297.142,1.33065e-19
297.151,1.33341e-19
297.159,1.33618e-19
297.168,1.33896e-19
297.176,1.34175e-19
297.185,1.34456e-19
297.193,1.34737e-19
297.202,1.35018e-19
297.21,1.35299e-19
297.219,1.35579e-19
297.227,1.35856e-19
297.236,1.36129e-19
297.244,1.36398e-19
297.253,1.36661e-19
297.261,1.36917e-19
297.27,1.37164e-19
297.278,1.37401e-19
297.287,1.37628e-19
297.296,1.37844e-19
297.304,1.38047e-19
297.313,1.38238e-19
297.321,1.38416e-19
297.33,1.38581e-19
297.338,1.38734e-19
297.347,1.38875e-19
297.355,1.39005e-19
297.364,1.39126e-19
297.372,1.39237e-19
297.381,1.39341e-19
297.389,1.39439e-19
297.398,1.39532e-19
297.406,1.39622e-19
297.415,1.39709e-19
297.423,1.39795e-19
297.432,1.3988e-19
297.441,1.39965e-19
297.449,1.40051e-19
297.458,1.40136e-19
297.466,1.40221e-19
297.475,1.40305e-19
297.483,1.40385e-19
297.492,1.40462e-19
297.5,1.40532e-19
297.509,1.40595e-19
297.517,1.40646e-19
297.526,1.40686e-19
297.534,1.4071e-19
297.543,1.40717e-19
297.551,1.40704e-19
297.56,1.40671e-19
297.569,1.40614e-19
297.577,1.40533e-19
297.586,1.40428e-19
297.594,1.40298e-19
297.603,1.40143e-19
297.611,1.39964e-19
297.62,1.39763e-19
297.628,1.39541e-19
297.637,1.393e-19
297.645,1.39044e-19
297.654,1.38775e-19
297.663,1.38496e-19
297.671,1.38212e-19
297.68,1.37924e-19
297.688,1.37638e-19
297.697,1.37355e-19
297.705,1.3708e-19
297.714,1.36813e-19
297.722,1.36559e-19
297.731,1.36317e-19
297.739,1.3609e-19
297.748,1.35877e-19
297.757,1.35679e-19
297.765,1.35494e-19
297.774,1.35322e-19
297.782,1.3516e-19
297.791,1.35005e-19
297.799,1.34856e-19
297.808,1.34709e-19
297.816,1.34561e-19
297.825,1.34409e-19
297.834,1.34249e-19
297.842,1.34079e-19
297.851,1.33896e-19
297.859,1.33698e-19
297.868,1.33482e-19
297.876,1.33248e-19
297.885,1.32995e-19
297.893,1.32722e-19
297.902,1.32431e-19
297.911,1.32123e-19
297.919,1.318e-19
297.928,1.31463e-19
297.936,1.31117e-19
297.945,1.30763e-19
297.953,1.30406e-19
297.962,1.30049e-19
297.971,1.29695e-19
297.979,1.29349e-19
297.988,1.29014e-19
297.996,1.28693e-19
298.005,1.28388e-19
298.013,1.28101e-19
298.022,1.27834e-19
298.031,1.27589e-19
298.039,1.27365e-19
298.048,1.27163e-19
298.056,1.2698e-19
298.065,1.26818e-19
298.073,1.26672e-19
298.082,1.26541e-19
298.09,1.26423e-19
298.099,1.26314e-19
298.108,1.26212e-19
298.116,1.26114e-19
298.125,1.26016e-19
298.133,1.25917e-19
298.142,1.25814e-19
298.15,1.25706e-19
298.159,1.2559e-19
298.168,1.25466e-19
298.176,1.25333e-19
298.185,1.25191e-19
298.193,1.25042e-19
298.202,1.24885e-19
298.211,1.24723e-19
298.219,1.24558e-19
298.228,1.24391e-19
298.236,1.24225e-19
298.245,1.24062e-19
298.253,1.23905e-19
298.262,1.23756e-19
298.271,1.23617e-19
298.279,1.2349e-19
298.288,1.23377e-19
298.296,1.23279e-19
298.305,1.23197e-19
298.313,1.23131e-19
298.322,1.2308e-19
298.331,1.23046e-19
298.339,1.23025e-19
298.348,1.23018e-19
298.356,1.23023e-19
298.365,1.23038e-19
298.374,1.2306e-19
298.382,1.23089e-19
298.391,1.23121e-19
298.399,1.23156e-19
298.408,1.23191e-19
298.417,1.23224e-19
298.425,1.23255e-19
298.434,1.23282e-19
298.442,1.23305e-19
298.451,1.23324e-19
298.459,1.23338e-19
298.468,1.23347e-19
298.477,1.23353e-19
298.485,1.23356e-19
298.494,1.23356e-19
298.502,1.23355e-19
298.511,1.23355e-19
298.52,1.23355e-19
298.528,1.23357e-19
298.537,1.23362e-19
298.545,1.2337e-19
298.554,1.23382e-19
298.563,1.23397e-19
298.571,1.23416e-19
298.58,1.23438e-19
298.588,1.23462e-19
298.597,1.23487e-19
298.606,1.23512e-19
298.614,1.23535e-19
298.623,1.23557e-19
298.631,1.23574e-19
298.64,1.23586e-19
298.649,1.23591e-19
298.657,1.23589e-19
298.666,1.23579e-19
298.674,1.2356e-19
298.683,1.23532e-19
298.692,1.23497e-19
298.7,1.23454e-19
298.709,1.23404e-19
298.717,1.2335e-19
298.726,1.23292e-19
298.735,1.23233e-19
298.743,1.23175e-19
298.752,1.2312e-19
298.761,1.23071e-19
298.769,1.2303e-19
298.778,1.23e-19
298.786,1.22981e-19
298.795,1.22977e-19
298.804,1.22988e-19
298.812,1.23015e-19
298.821,1.23058e-19
298.829,1.23119e-19
298.838,1.23195e-19
298.847,1.23287e-19
298.855,1.23393e-19
298.864,1.23511e-19
298.872,1.23638e-19
298.881,1.23773e-19
298.89,1.23914e-19
298.898,1.24056e-19
298.907,1.24198e-19
298.916,1.24338e-19
298.924,1.24472e-19
298.933,1.246e-19
298.941,1.24718e-19
298.95,1.24827e-19
298.959,1.24924e-19
298.967,1.25011e-19
298.976,1.25086e-19
298.985,1.25152e-19
298.993,1.25208e-19
299.002,1.25257e-19
299.01,1.25301e-19
299.019,1.2534e-19
299.028,1.25379e-19
299.036,1.2542e-19
299.045,1.25464e-19
299.054,1.25514e-19
299.062,1.25572e-19
299.071,1.2564e-19
299.079,1.2572e-19
299.088,1.25812e-19
299.097,1.25918e-19
299.105,1.26036e-19
299.114,1.26167e-19
299.123,1.2631e-19
299.131,1.26464e-19
299.14,1.26626e-19
299.148,1.26794e-19
299.157,1.26967e-19
299.166,1.27141e-19
299.174,1.27313e-19
299.183,1.27482e-19
299.192,1.27644e-19
299.2,1.27797e-19
299.209,1.2794e-19
299.218,1.28069e-19
299.226,1.28184e-19
299.235,1.28285e-19
299.243,1.28369e-19
299.252,1.28439e-19
299.261,1.28493e-19
299.269,1.28534e-19
299.278,1.28563e-19
299.287,1.2858e-19
299.295,1.2859e-19
299.304,1.28593e-19
299.313,1.28593e-19
299.321,1.28591e-19
299.33,1.2859e-19
299.338,1.28592e-19
299.347,1.286e-19
299.356,1.28615e-19
299.364,1.28638e-19
299.373,1.2867e-19
299.382,1.28712e-19
299.39,1.28764e-19
299.399,1.28826e-19
299.408,1.28896e-19
299.416,1.28975e-19
299.425,1.2906e-19
299.434,1.29151e-19
299.442,1.29245e-19
299.451,1.29341e-19
299.46,1.29436e-19
299.468,1.2953e-19
299.477,1.2962e-19
299.485,1.29705e-19
299.494,1.29785e-19
299.503,1.29857e-19
299.511,1.29923e-19
299.52,1.29981e-19
299.529,1.30032e-19
299.537,1.30077e-19
299.546,1.30116e-19
299.555,1.3015e-19
299.563,1.30182e-19
299.572,1.30212e-19
299.581,1.30242e-19
299.589,1.30273e-19
299.598,1.30308e-19
299.607,1.30348e-19
299.615,1.30393e-19
299.624,1.30445e-19
299.633,1.30505e-19
299.641,1.30572e-19
299.65,1.30647e-19
299.659,1.30729e-19
299.667,1.30817e-19
299.676,1.3091e-19
299.685,1.31007e-19
299.693,1.31105e-19
299.702,1.31203e-19
299.711,1.31298e-19
299.719,1.31389e-19
299.728,1.31471e-19
299.737,1.31544e-19
299.745,1.31605e-19
299.754,1.31652e-19
299.763,1.31683e-19
299.771,1.31696e-19
299.78,1.31691e-19
299.789,1.31666e-19
299.797,1.31621e-19
299.806,1.31556e-19
299.815,1.31472e-19
299.823,1.31368e-19
299.832,1.31247e-19
299.841,1.31109e-19
299.849,1.30956e-19
299.858,1.3079e-19
299.867,1.30612e-19
299.875,1.30426e-19
299.884,1.30232e-19
299.893,1.30033e-19
299.901,1.29831e-19
299.91,1.29627e-19
299.919,1.29424e-19
299.927,1.29223e-19
299.936,1.29024e-19
299.945,1.28829e-19
299.953,1.28639e-19
299.962,1.28455e-19
299.971,1.28275e-19
299.979,1.28101e-19
299.988,1.27931e-19
299.997,1.27767e-19
300.005,1.27607e-19
300.014,1.2745e-19
300.023,1.27297e-19
300.032,1.27145e-19
300.04,1.26995e-19
300.049,1.26846e-19
300.058,1.26697e-19
300.066,1.26548e-19
300.075,1.26398e-19
300.084,1.26247e-19
300.092,1.26095e-19
300.101,1.2594e-19
300.11,1.25785e-19
300.118,1.25628e-19
300.127,1.2547e-19
300.136,1.25311e-19
300.144,1.25151e-19
300.153,1.24991e-19
300.162,1.24832e-19
300.171,1.24675e-19
300.179,1.24518e-19
300.188,1.24364e-19
300.197,1.24214e-19
300.205,1.24066e-19
300.214,1.23923e-19
300.223,1.23785e-19
300.231,1.23653e-19
300.24,1.23526e-19
300.249,1.23406e-19
300.257,1.23293e-19
300.266,1.23188e-19
300.275,1.2309e-19
300.284,1.23002e-19
300.292,1.22922e-19
300.301,1.22851e-19
300.31,1.22789e-19
300.318,1.22737e-19
300.327,1.22694e-19
300.336,1.22662e-19
300.344,1.22639e-19
300.353,1.22626e-19
300.362,1.22622e-19
300.371,1.22627e-19
300.379,1.22641e-19
300.388,1.22664e-19
300.397,1.22694e-19
300.405,1.22732e-19
300.414,1.22777e-19
300.423,1.22828e-19
300.431,1.22885e-19
300.44,1.22946e-19
300.449,1.23012e-19
300.458,1.23081e-19
300.466,1.23154e-19
300.475,1.23229e-19
300.484,1.23305e-19
300.492,1.23384e-19
300.501,1.23464e-19
300.51,1.23545e-19
300.519,1.23627e-19
300.527,1.2371e-19
300.536,1.23793e-19
300.545,1.23878e-19
300.553,1.23964e-19
300.562,1.24051e-19
300.571,1.2414e-19
300.58,1.2423e-19
300.588,1.24323e-19
300.597,1.24417e-19
300.606,1.24513e-19
300.614,1.24611e-19
300.623,1.24711e-19
300.632,1.24812e-19
300.641,1.24915e-19
300.649,1.25018e-19
300.658,1.25121e-19
300.667,1.25222e-19
300.675,1.25323e-19
300.684,1.25421e-19
300.693,1.25515e-19
300.702,1.25604e-19
300.71,1.25689e-19
300.719,1.25767e-19
300.728,1.25837e-19
300.736,1.259e-19
300.745,1.25953e-19
300.754,1.25998e-19
300.763,1.26033e-19
300.771,1.26059e-19
300.78,1.26075e-19
300.789,1.26082e-19
300.798,1.2608e-19
300.806,1.2607e-19
300.815,1.26053e-19
300.824,1.26029e-19
300.832,1.26e-19
300.841,1.25967e-19
300.85,1.25931e-19
300.859,1.25893e-19
300.867,1.25854e-19
300.876,1.25816e-19
300.885,1.2578e-19
300.894,1.25746e-19
300.902,1.25716e-19
300.911,1.25689e-19
300.92,1.25666e-19
300.929,1.25648e-19
300.937,1.25635e-19
300.946,1.25625e-19
300.955,1.2562e-19
300.963,1.25617e-19
300.972,1.25618e-19
300.981,1.25619e-19
300.99,1.25622e-19
300.998,1.25625e-19
301.007,1.25626e-19
301.016,1.25626e-19
301.025,1.25623e-19
301.033,1.25616e-19
301.042,1.25606e-19
301.051,1.2559e-19
301.06,1.25569e-19
301.068,1.25544e-19
301.077,1.25513e-19
301.086,1.25477e-19
301.095,1.25437e-19
301.103,1.25394e-19
301.112,1.25347e-19
301.121,1.25298e-19
301.13,1.25248e-19
301.138,1.25198e-19
301.147,1.2515e-19
301.156,1.25105e-19
301.165,1.25063e-19
301.173,1.25027e-19
301.182,1.24998e-19
301.191,1.24977e-19
301.2,1.24965e-19
301.208,1.24964e-19
301.217,1.24974e-19
301.226,1.24996e-19
301.235,1.25032e-19
301.243,1.25081e-19
301.252,1.25145e-19
301.261,1.25223e-19
301.27,1.25316e-19
301.278,1.25424e-19
301.287,1.25547e-19
301.296,1.25685e-19
301.305,1.25837e-19
301.313,1.26003e-19
301.322,1.26182e-19
301.331,1.26373e-19
301.34,1.26576e-19
301.348,1.26789e-19
301.357,1.27012e-19
301.366,1.27242e-19
301.375,1.2748e-19
301.383,1.27722e-19
301.392,1.27969e-19
301.401,1.28218e-19
301.41,1.28468e-19
301.418,1.28718e-19
301.427,1.28966e-19
301.436,1.29211e-19
301.445,1.29453e-19
301.454,1.29689e-19
301.462,1.29919e-19
301.471,1.30143e-19
301.48,1.3036e-19
301.489,1.30569e-19
301.497,1.30772e-19
301.506,1.30968e-19
301.515,1.31158e-19
301.524,1.31343e-19
301.532,1.31523e-19
301.541,1.317e-19
301.55,1.31876e-19
301.559,1.3205e-19
301.568,1.32226e-19
301.576,1.32403e-19
301.585,1.32585e-19
301.594,1.32772e-19
301.603,1.32965e-19
301.611,1.33165e-19
301.62,1.33373e-19
301.629,1.33589e-19
301.638,1.33814e-19
301.647,1.34047e-19
301.655,1.34288e-19
301.664,1.34537e-19
301.673,1.34791e-19
301.682,1.3505e-19
301.69,1.35312e-19
301.699,1.35575e-19
301.708,1.35838e-19
301.717,1.36099e-19
301.726,1.36355e-19
301.734,1.36606e-19
301.743,1.36849e-19
301.752,1.37084e-19
301.761,1.3731e-19
301.769,1.37525e-19
301.778,1.3773e-19
301.787,1.37925e-19
301.796,1.38111e-19
301.805,1.38288e-19
301.813,1.38459e-19
301.822,1.38624e-19
301.831,1.38787e-19
301.84,1.38949e-19
301.849,1.39114e-19
301.857,1.39283e-19
301.866,1.39459e-19
301.875,1.39645e-19
301.884,1.39843e-19
301.892,1.40054e-19
301.901,1.4028e-19
301.91,1.40523e-19
301.919,1.40782e-19
301.928,1.41057e-19
301.936,1.41347e-19
301.945,1.41651e-19
301.954,1.41967e-19
301.963,1.42292e-19
301.972,1.42624e-19
301.98,1.42958e-19
301.989,1.43291e-19
301.998,1.4362e-19
302.007,1.43939e-19
302.016,1.44246e-19
302.024,1.44536e-19
302.033,1.44806e-19
302.042,1.45053e-19
302.051,1.45275e-19
302.06,1.4547e-19
302.068,1.45636e-19
302.077,1.45775e-19
302.086,1.45885e-19
302.095,1.45968e-19
302.104,1.46027e-19
302.112,1.46063e-19
302.121,1.46079e-19
302.13,1.46081e-19
302.139,1.46071e-19
302.148,1.46053e-19
302.156,1.46032e-19
302.165,1.46013e-19
302.174,1.45999e-19
302.183,1.45993e-19
302.192,1.46e-19
302.2,1.46021e-19
302.209,1.46059e-19
302.218,1.46114e-19
302.227,1.46187e-19
302.236,1.46278e-19
302.245,1.46385e-19
302.253,1.46506e-19
302.262,1.46639e-19
302.271,1.46781e-19
302.28,1.46928e-19
302.289,1.47075e-19
302.297,1.4722e-19
302.306,1.47357e-19
302.315,1.47483e-19
302.324,1.47593e-19
302.333,1.47686e-19
302.341,1.47756e-19
302.35,1.47804e-19
302.359,1.47827e-19
302.368,1.47824e-19
302.377,1.47796e-19
302.386,1.47744e-19
302.394,1.4767e-19
302.403,1.47575e-19
302.412,1.47463e-19
302.421,1.47338e-19
302.43,1.47204e-19
302.438,1.47064e-19
302.447,1.46924e-19
302.456,1.46787e-19
302.465,1.46659e-19
302.474,1.46542e-19
302.483,1.46441e-19
302.491,1.46357e-19
302.5,1.46294e-19
302.509,1.46253e-19
302.518,1.46235e-19
302.527,1.4624e-19
302.536,1.46267e-19
302.544,1.46314e-19
302.553,1.46381e-19
302.562,1.46465e-19
302.571,1.46562e-19
302.58,1.46669e-19
302.589,1.46784e-19
302.597,1.46903e-19
302.606,1.47023e-19
302.615,1.47141e-19
302.624,1.47253e-19
302.633,1.4736e-19
302.642,1.47457e-19
302.65,1.47546e-19
302.659,1.47625e-19
302.668,1.47694e-19
302.677,1.47755e-19
302.686,1.47809e-19
302.695,1.47858e-19
302.703,1.47904e-19
302.712,1.47951e-19
302.721,1.48001e-19
302.73,1.48058e-19
302.739,1.48125e-19
302.748,1.48204e-19
302.756,1.48298e-19
302.765,1.48411e-19
302.774,1.48543e-19
302.783,1.48696e-19
302.792,1.4887e-19
302.801,1.49067e-19
302.81,1.49285e-19
302.818,1.49524e-19
302.827,1.49782e-19
302.836,1.50056e-19
302.845,1.50345e-19
302.854,1.50645e-19
302.863,1.50953e-19
302.871,1.51266e-19
302.88,1.51581e-19
302.889,1.51894e-19
302.898,1.52203e-19
302.907,1.52504e-19
302.916,1.52796e-19
302.925,1.53076e-19
302.933,1.53343e-19
302.942,1.53596e-19
302.951,1.53835e-19
302.96,1.5406e-19
302.969,1.54271e-19
302.978,1.5447e-19
302.986,1.54658e-19
302.995,1.54837e-19
303.004,1.55008e-19
303.013,1.55174e-19
303.022,1.55338e-19
303.031,1.555e-19
303.04,1.55662e-19
303.048,1.55828e-19
303.057,1.55997e-19
303.066,1.56171e-19
303.075,1.56351e-19
303.084,1.56537e-19
303.093,1.56728e-19
303.102,1.56925e-19
303.111,1.57126e-19
303.119,1.57329e-19
303.128,1.57534e-19
303.137,1.57739e-19
303.146,1.57941e-19
303.155,1.58139e-19
303.164,1.5833e-19
303.173,1.58513e-19
303.181,1.58685e-19
303.19,1.58846e-19
303.199,1.58993e-19
303.208,1.59126e-19
303.217,1.59243e-19
303.226,1.59345e-19
303.235,1.59432e-19
303.244,1.59503e-19
303.252,1.59559e-19
303.261,1.596e-19
303.27,1.59629e-19
303.279,1.59645e-19
303.288,1.59651e-19
303.297,1.59648e-19
303.306,1.59637e-19
303.314,1.59619e-19
303.323,1.59596e-19
303.332,1.5957e-19
303.341,1.5954e-19
303.35,1.59508e-19
303.359,1.59475e-19
303.368,1.59441e-19
303.377,1.59406e-19
303.385,1.59371e-19
303.394,1.59335e-19
303.403,1.59297e-19
303.412,1.59258e-19
303.421,1.59217e-19
303.43,1.59174e-19
303.439,1.59128e-19
303.448,1.59078e-19
303.457,1.59023e-19
303.465,1.58965e-19
303.474,1.58901e-19
303.483,1.58833e-19
303.492,1.58759e-19
303.501,1.5868e-19
303.51,1.58597e-19
303.519,1.58508e-19
303.528,1.58416e-19
303.536,1.58319e-19
303.545,1.58219e-19
303.554,1.58116e-19
303.563,1.5801e-19
303.572,1.57902e-19
303.581,1.57793e-19
303.59,1.57682e-19
303.599,1.57571e-19
303.608,1.57459e-19
303.616,1.57346e-19
303.625,1.57233e-19
303.634,1.5712e-19
303.643,1.57007e-19
303.652,1.56893e-19
303.661,1.5678e-19
303.67,1.56666e-19
303.679,1.56551e-19
303.688,1.56436e-19
303.697,1.56321e-19
303.705,1.56206e-19
303.714,1.56092e-19
303.723,1.55978e-19
303.732,1.55864e-19
303.741,1.55753e-19
303.75,1.55643e-19
303.759,1.55536e-19
303.768,1.55432e-19
303.777,1.55332e-19
303.786,1.55236e-19
303.794,1.55146e-19
303.803,1.55061e-19
303.812,1.54983e-19
303.821,1.5491e-19
303.83,1.54845e-19
303.839,1.54786e-19
303.848,1.54733e-19
303.857,1.54686e-19
303.866,1.54646e-19
303.875,1.5461e-19
303.883,1.54579e-19
303.892,1.54551e-19
303.901,1.54527e-19
303.91,1.54504e-19
303.919,1.54481e-19
303.928,1.54459e-19
303.937,1.54436e-19
303.946,1.54411e-19
303.955,1.54384e-19
303.964,1.54353e-19
303.973,1.54319e-19
303.981,1.54282e-19
303.99,1.54241e-19
303.999,1.54197e-19
304.008,1.5415e-19
304.017,1.541e-19
304.026,1.54048e-19
304.035,1.53995e-19
304.044,1.53942e-19
304.053,1.5389e-19
304.062,1.5384e-19
304.071,1.53792e-19
304.08,1.53748e-19
304.088,1.53708e-19
304.097,1.53674e-19
304.106,1.53646e-19
304.115,1.53625e-19
304.124,1.5361e-19
304.133,1.53603e-19
304.142,1.53603e-19
304.151,1.5361e-19
304.16,1.53625e-19
304.169,1.53646e-19
304.178,1.53674e-19
304.187,1.53709e-19
304.196,1.53749e-19
304.204,1.53794e-19
304.213,1.53844e-19
304.222,1.53899e-19
304.231,1.53958e-19
304.24,1.54021e-19
304.249,1.54088e-19
304.258,1.54158e-19
304.267,1.54232e-19
304.276,1.54311e-19
304.285,1.54393e-19
304.294,1.54479e-19
304.303,1.5457e-19
304.312,1.54666e-19
304.321,1.54766e-19
304.33,1.54872e-19
304.338,1.54982e-19
304.347,1.55098e-19
304.356,1.55218e-19
304.365,1.55343e-19
304.374,1.55473e-19
304.383,1.55605e-19
304.392,1.55741e-19
304.401,1.55879e-19
304.41,1.56018e-19
304.419,1.56156e-19
304.428,1.56294e-19
304.437,1.56429e-19
304.446,1.56561e-19
304.455,1.56689e-19
304.464,1.5681e-19
304.473,1.56925e-19
304.481,1.57033e-19
304.49,1.57133e-19
304.499,1.57224e-19
304.508,1.57307e-19
304.517,1.57381e-19
304.526,1.57446e-19
304.535,1.57504e-19
304.544,1.57553e-19
304.553,1.57597e-19
304.562,1.57634e-19
304.571,1.57667e-19
304.58,1.57697e-19
304.589,1.57725e-19
304.598,1.57752e-19
304.607,1.5778e-19
304.616,1.5781e-19
304.625,1.57843e-19
304.634,1.5788e-19
304.642,1.57922e-19
304.651,1.57971e-19
304.66,1.58026e-19
304.669,1.58089e-19
304.678,1.58159e-19
304.687,1.58237e-19
304.696,1.58323e-19
304.705,1.58418e-19
304.714,1.58519e-19
304.723,1.58629e-19
304.732,1.58745e-19
304.741,1.58868e-19
304.75,1.58997e-19
304.759,1.59132e-19
304.768,1.59272e-19
304.777,1.59416e-19
304.786,1.59565e-19
304.795,1.59717e-19
304.804,1.59873e-19
304.813,1.60031e-19
304.822,1.60192e-19
304.831,1.60355e-19
304.84,1.60518e-19
304.849,1.60683e-19
304.858,1.60848e-19
304.866,1.61013e-19
304.875,1.61176e-19
304.884,1.61338e-19
304.893,1.61497e-19
304.902,1.61653e-19
304.911,1.61804e-19
304.92,1.6195e-19
304.929,1.6209e-19
304.938,1.62223e-19
304.947,1.62348e-19
304.956,1.62464e-19
304.965,1.6257e-19
304.974,1.62666e-19
304.983,1.6275e-19
304.992,1.62824e-19
305.001,1.62886e-19
305.01,1.62936e-19
305.019,1.62975e-19
305.028,1.63003e-19
305.037,1.6302e-19
305.046,1.63028e-19
305.055,1.63026e-19
305.064,1.63017e-19
305.073,1.63e-19
305.082,1.62977e-19
305.091,1.6295e-19
305.1,1.62918e-19
305.109,1.62883e-19
305.118,1.62846e-19
305.127,1.62807e-19
305.136,1.62767e-19
305.145,1.62726e-19
305.154,1.62684e-19
305.163,1.6264e-19
305.172,1.62595e-19
305.181,1.62547e-19
305.19,1.62496e-19
305.199,1.62441e-19
305.208,1.6238e-19
305.216,1.62312e-19
305.225,1.62236e-19
305.234,1.62152e-19
305.243,1.62057e-19
305.252,1.61951e-19
305.261,1.61834e-19
305.27,1.61705e-19
305.279,1.61564e-19
305.288,1.61411e-19
305.297,1.61246e-19
305.306,1.61071e-19
305.315,1.60887e-19
305.324,1.60695e-19
305.333,1.60498e-19
305.342,1.60296e-19
305.351,1.60092e-19
305.36,1.59889e-19
305.369,1.59688e-19
305.378,1.59492e-19
305.387,1.59303e-19
305.396,1.59122e-19
305.405,1.58952e-19
305.414,1.58792e-19
305.423,1.58645e-19
305.432,1.58511e-19
305.441,1.5839e-19
305.45,1.58281e-19
305.459,1.58183e-19
305.468,1.58095e-19
305.477,1.58016e-19
305.486,1.57943e-19
305.495,1.57874e-19
305.504,1.57808e-19
305.513,1.5774e-19
305.522,1.5767e-19
305.531,1.57593e-19
305.54,1.57509e-19
305.549,1.57414e-19
305.558,1.57307e-19
305.567,1.57187e-19
305.576,1.57052e-19
305.585,1.56902e-19
305.594,1.56736e-19
305.603,1.56555e-19
305.612,1.5636e-19
305.621,1.56152e-19
305.63,1.55932e-19
305.639,1.55702e-19
305.648,1.55465e-19
305.657,1.55223e-19
305.666,1.54978e-19
305.675,1.54732e-19
305.684,1.5449e-19
305.693,1.54252e-19
305.702,1.54021e-19
305.712,1.53799e-19
305.721,1.53588e-19
305.73,1.53389e-19
305.739,1.53203e-19
305.748,1.53031e-19
305.757,1.52873e-19
305.766,1.52729e-19
305.775,1.52598e-19
305.784,1.52481e-19
305.793,1.52376e-19
305.802,1.52282e-19
305.811,1.52198e-19
305.82,1.52122e-19
305.829,1.52054e-19
305.838,1.51992e-19
305.847,1.51936e-19
305.856,1.51883e-19
305.865,1.51834e-19
305.874,1.51788e-19
305.883,1.51745e-19
305.892,1.51704e-19
305.901,1.51666e-19
305.91,1.5163e-19
305.919,1.51598e-19
305.928,1.5157e-19
305.937,1.51546e-19
305.946,1.51527e-19
305.955,1.51514e-19
305.964,1.51508e-19
305.973,1.51509e-19
305.982,1.51517e-19
305.991,1.51533e-19
306,1.51556e-19
306.009,1.51587e-19
306.018,1.51625e-19
306.027,1.5167e-19
306.036,1.5172e-19
306.045,1.51776e-19
306.054,1.51835e-19
306.063,1.51898e-19
306.073,1.51962e-19
306.082,1.52027e-19
306.091,1.52091e-19
306.1,1.52154e-19
306.109,1.52215e-19
306.118,1.52273e-19
306.127,1.52328e-19
306.136,1.5238e-19
306.145,1.52429e-19
306.154,1.52475e-19
306.163,1.5252e-19
306.172,1.52564e-19
306.181,1.52609e-19
306.19,1.52655e-19
306.199,1.52705e-19
306.208,1.52761e-19
306.217,1.52823e-19
306.226,1.52895e-19
306.235,1.52977e-19
306.244,1.53072e-19
306.253,1.5318e-19
306.262,1.53303e-19
306.271,1.53443e-19
306.281,1.53598e-19
306.29,1.53771e-19
306.299,1.53962e-19
306.308,1.54169e-19
306.317,1.54392e-19
306.326,1.5463e-19
306.335,1.54882e-19
306.344,1.55147e-19
306.353,1.55423e-19
306.362,1.55707e-19
306.371,1.55998e-19
306.38,1.56293e-19
306.389,1.5659e-19
306.398,1.56888e-19
306.407,1.57183e-19
306.416,1.57474e-19
306.425,1.57758e-19
306.434,1.58035e-19
306.443,1.58301e-19
306.453,1.58557e-19
306.462,1.588e-19
306.471,1.59031e-19
306.48,1.59247e-19
306.489,1.5945e-19
306.498,1.59639e-19
306.507,1.59814e-19
306.516,1.59976e-19
306.525,1.60126e-19
306.534,1.60264e-19
306.543,1.60391e-19
306.552,1.6051e-19
306.561,1.6062e-19
306.57,1.60725e-19
306.579,1.60825e-19
306.588,1.60923e-19
306.598,1.61021e-19
306.607,1.6112e-19
306.616,1.61222e-19
306.625,1.61329e-19
306.634,1.61443e-19
306.643,1.61566e-19
306.652,1.61699e-19
306.661,1.61844e-19
306.67,1.62002e-19
306.679,1.62174e-19
306.688,1.6236e-19
306.697,1.62562e-19
306.706,1.6278e-19
306.715,1.63014e-19
306.725,1.63262e-19
306.734,1.63525e-19
306.743,1.63802e-19
306.752,1.64091e-19
306.761,1.64391e-19
306.77,1.647e-19
306.779,1.65016e-19
306.788,1.65337e-19
306.797,1.6566e-19
306.806,1.65983e-19
306.815,1.66305e-19
306.824,1.66621e-19
306.833,1.66932e-19
306.843,1.67233e-19
306.852,1.67524e-19
306.861,1.67803e-19
306.87,1.68069e-19
306.879,1.68322e-19
306.888,1.6856e-19
306.897,1.68784e-19
306.906,1.68994e-19
306.915,1.69191e-19
306.924,1.69377e-19
306.933,1.69552e-19
306.942,1.69719e-19
306.952,1.69879e-19
306.961,1.70035e-19
306.97,1.70188e-19
306.979,1.70341e-19
306.988,1.70496e-19
306.997,1.70654e-19
307.006,1.70818e-19
307.015,1.70988e-19
307.024,1.71165e-19
307.033,1.71349e-19
307.042,1.71541e-19
307.052,1.71741e-19
307.061,1.71946e-19
307.07,1.72156e-19
307.079,1.72368e-19
307.088,1.72582e-19
307.097,1.72794e-19
307.106,1.73001e-19
307.115,1.73201e-19
307.124,1.73391e-19
307.133,1.73569e-19
307.143,1.73731e-19
307.152,1.73876e-19
307.161,1.74002e-19
307.17,1.74106e-19
307.179,1.74189e-19
307.188,1.74249e-19
307.197,1.74286e-19
307.206,1.74301e-19
307.215,1.74296e-19
307.224,1.74271e-19
307.234,1.74229e-19
307.243,1.74171e-19
307.252,1.74102e-19
307.261,1.74023e-19
307.27,1.73938e-19
307.279,1.7385e-19
307.288,1.73762e-19
307.297,1.73676e-19
307.306,1.73595e-19
307.316,1.73521e-19
307.325,1.73455e-19
307.334,1.73399e-19
307.343,1.73353e-19
307.352,1.73317e-19
307.361,1.7329e-19
307.37,1.73272e-19
307.379,1.73261e-19
307.388,1.73254e-19
307.398,1.73249e-19
307.407,1.73244e-19
307.416,1.73236e-19
307.425,1.73221e-19
307.434,1.73196e-19
307.443,1.7316e-19
307.452,1.73109e-19
307.461,1.7304e-19
307.47,1.72953e-19
307.48,1.72845e-19
307.489,1.72716e-19
307.498,1.72566e-19
307.507,1.72393e-19
307.516,1.722e-19
307.525,1.71986e-19
307.534,1.71755e-19
307.543,1.71507e-19
307.553,1.71244e-19
307.562,1.70971e-19
307.571,1.70688e-19
307.58,1.704e-19
307.589,1.70108e-19
307.598,1.69815e-19
307.607,1.69524e-19
307.616,1.69237e-19
307.626,1.68955e-19
307.635,1.6868e-19
307.644,1.68414e-19
307.653,1.68156e-19
307.662,1.67908e-19
307.671,1.67669e-19
307.68,1.67439e-19
307.689,1.67216e-19
307.699,1.67001e-19
307.708,1.66792e-19
307.717,1.66588e-19
307.726,1.66387e-19
307.735,1.66188e-19
307.744,1.6599e-19
307.753,1.65792e-19
307.763,1.65592e-19
307.772,1.65392e-19
307.781,1.65188e-19
307.79,1.64983e-19
307.799,1.64775e-19
307.808,1.64565e-19
307.817,1.64353e-19
307.827,1.64141e-19
307.836,1.63928e-19
307.845,1.63717e-19
307.854,1.63508e-19
307.863,1.63303e-19
307.872,1.63102e-19
307.881,1.62906e-19
307.89,1.62717e-19
307.9,1.62535e-19
307.909,1.62361e-19
307.918,1.62195e-19
307.927,1.62038e-19
307.936,1.61889e-19
307.945,1.6175e-19
307.955,1.61618e-19
307.964,1.61495e-19
307.973,1.61379e-19
307.982,1.6127e-19
307.991,1.61167e-19
308,1.6107e-19
308.009,1.60978e-19
308.019,1.6089e-19
308.028,1.60806e-19
308.037,1.60725e-19
308.046,1.60647e-19
308.055,1.60572e-19
308.064,1.60499e-19
308.073,1.60429e-19
308.083,1.6036e-19
308.092,1.60294e-19
308.101,1.60231e-19
308.11,1.6017e-19
308.119,1.60111e-19
308.128,1.60054e-19
308.138,1.6e-19
308.147,1.59949e-19
308.156,1.59899e-19
308.165,1.59851e-19
308.174,1.59806e-19
308.183,1.59761e-19
308.193,1.59717e-19
308.202,1.59674e-19
308.211,1.59631e-19
308.22,1.59589e-19
308.229,1.59545e-19
308.238,1.59502e-19
308.248,1.59458e-19
308.257,1.59414e-19
308.266,1.59371e-19
308.275,1.59329e-19
308.284,1.5929e-19
308.293,1.59253e-19
308.303,1.59222e-19
308.312,1.59197e-19
308.321,1.59181e-19
308.33,1.59175e-19
308.339,1.59181e-19
308.348,1.59202e-19
308.358,1.5924e-19
308.367,1.59296e-19
308.376,1.59372e-19
308.385,1.5947e-19
308.394,1.5959e-19
308.403,1.59735e-19
308.413,1.59905e-19
308.422,1.60099e-19
308.431,1.60317e-19
308.44,1.60559e-19
308.449,1.60823e-19
308.458,1.61109e-19
308.468,1.61414e-19
308.477,1.61736e-19
308.486,1.62073e-19
308.495,1.62422e-19
308.504,1.62781e-19
308.514,1.63148e-19
308.523,1.63519e-19
308.532,1.63894e-19
308.541,1.6427e-19
308.55,1.64645e-19
308.559,1.65019e-19
308.569,1.6539e-19
308.578,1.65758e-19
308.587,1.66124e-19
308.596,1.66488e-19
308.605,1.66851e-19
308.615,1.67214e-19
308.624,1.67579e-19
308.633,1.67949e-19
308.642,1.68325e-19
308.651,1.68709e-19
308.661,1.69103e-19
308.67,1.69511e-19
308.679,1.69933e-19
308.688,1.70371e-19
308.697,1.70827e-19
308.706,1.71301e-19
308.716,1.71795e-19
308.725,1.72307e-19
308.734,1.72838e-19
308.743,1.73386e-19
308.752,1.73951e-19
308.762,1.7453e-19
308.771,1.75121e-19
308.78,1.75723e-19
308.789,1.76331e-19
308.798,1.76943e-19
308.808,1.77557e-19
308.817,1.7817e-19
308.826,1.78778e-19
308.835,1.79379e-19
308.844,1.7997e-19
308.854,1.8055e-19
308.863,1.81117e-19
308.872,1.81669e-19
308.881,1.82204e-19
308.89,1.82723e-19
308.9,1.83225e-19
308.909,1.83709e-19
308.918,1.84175e-19
308.927,1.84624e-19
308.936,1.85057e-19
308.946,1.85474e-19
308.955,1.85875e-19
308.964,1.86261e-19
308.973,1.86633e-19
308.982,1.86991e-19
308.992,1.87336e-19
309.001,1.87668e-19
309.01,1.87986e-19
309.019,1.88291e-19
309.029,1.88582e-19
309.038,1.8886e-19
309.047,1.89123e-19
309.056,1.89372e-19
309.065,1.89606e-19
309.075,1.89824e-19
309.084,1.90026e-19
309.093,1.90212e-19
309.102,1.90382e-19
309.111,1.90536e-19
309.121,1.90676e-19
309.13,1.90801e-19
309.139,1.90912e-19
309.148,1.91011e-19
309.158,1.911e-19
309.167,1.91179e-19
309.176,1.91251e-19
309.185,1.91318e-19
309.194,1.91381e-19
309.204,1.91442e-19
309.213,1.91502e-19
309.222,1.91564e-19
309.231,1.91627e-19
309.241,1.91694e-19
309.25,1.91765e-19
309.259,1.91839e-19
309.268,1.91917e-19
309.277,1.91998e-19
309.287,1.92081e-19
309.296,1.92165e-19
309.305,1.92248e-19
309.314,1.92328e-19
309.324,1.92405e-19
309.333,1.92475e-19
309.342,1.92538e-19
309.351,1.9259e-19
309.361,1.92632e-19
309.37,1.92661e-19
309.379,1.92676e-19
309.388,1.92677e-19
309.397,1.92663e-19
309.407,1.92636e-19
309.416,1.92595e-19
309.425,1.92542e-19
309.434,1.92478e-19
309.444,1.92405e-19
309.453,1.92325e-19
309.462,1.92241e-19
309.471,1.92155e-19
309.481,1.92068e-19
309.49,1.91984e-19
309.499,1.91904e-19
309.508,1.91829e-19
309.518,1.91762e-19
309.527,1.91703e-19
309.536,1.91651e-19
309.545,1.91608e-19
309.554,1.91572e-19
309.564,1.91541e-19
309.573,1.91515e-19
309.582,1.91489e-19
309.591,1.91463e-19
309.601,1.91433e-19
309.61,1.91396e-19
309.619,1.91348e-19
309.628,1.91287e-19
309.638,1.91209e-19
309.647,1.91113e-19
309.656,1.90995e-19
309.665,1.90854e-19
309.675,1.90688e-19
309.684,1.90498e-19
309.693,1.90283e-19
309.702,1.90044e-19
309.712,1.89783e-19
309.721,1.89501e-19
309.73,1.892e-19
309.739,1.88885e-19
309.749,1.88558e-19
309.758,1.88223e-19
309.767,1.87883e-19
309.776,1.87543e-19
309.786,1.87205e-19
309.795,1.86873e-19
309.804,1.8655e-19
309.813,1.86239e-19
309.823,1.8594e-19
309.832,1.85656e-19
309.841,1.85386e-19
309.851,1.85131e-19
309.86,1.8489e-19
309.869,1.84661e-19
309.878,1.84444e-19
309.888,1.84235e-19
309.897,1.84032e-19
309.906,1.83833e-19
309.915,1.83635e-19
309.925,1.83434e-19
309.934,1.8323e-19
309.943,1.83019e-19
309.952,1.828e-19
309.962,1.82572e-19
309.971,1.82334e-19
309.98,1.82087e-19
309.99,1.81831e-19
309.999,1.81569e-19
310.008,1.81301e-19
310.017,1.81032e-19
310.027,1.80764e-19
310.036,1.805e-19
310.045,1.80246e-19
310.054,1.80004e-19
310.064,1.79778e-19
310.073,1.79573e-19
310.082,1.79392e-19
310.091,1.79238e-19
310.101,1.79114e-19
310.11,1.7902e-19
310.119,1.78959e-19
310.129,1.78931e-19
310.138,1.78934e-19
310.147,1.78968e-19
310.156,1.79031e-19
310.166,1.79119e-19
310.175,1.7923e-19
310.184,1.79359e-19
310.194,1.79503e-19
310.203,1.79656e-19
310.212,1.79814e-19
310.221,1.79974e-19
310.231,1.8013e-19
310.24,1.80278e-19
310.249,1.80416e-19
310.259,1.80541e-19
310.268,1.8065e-19
310.277,1.80742e-19
310.286,1.80817e-19
310.296,1.80874e-19
310.305,1.80915e-19
310.314,1.80942e-19
310.324,1.80957e-19
310.333,1.80962e-19
310.342,1.8096e-19
310.351,1.80956e-19
310.361,1.80952e-19
310.37,1.80953e-19
310.379,1.80963e-19
310.389,1.80983e-19
310.398,1.81018e-19
310.407,1.81069e-19
310.416,1.81139e-19
310.426,1.81229e-19
310.435,1.8134e-19
310.444,1.81472e-19
310.454,1.81625e-19
310.463,1.81797e-19
310.472,1.81987e-19
310.482,1.82194e-19
310.491,1.82414e-19
310.5,1.82646e-19
310.509,1.82886e-19
310.519,1.83132e-19
310.528,1.83383e-19
310.537,1.83634e-19
310.547,1.83885e-19
310.556,1.84132e-19
310.565,1.84376e-19
310.575,1.84615e-19
310.584,1.84848e-19
310.593,1.85075e-19
310.602,1.85296e-19
310.612,1.85512e-19
310.621,1.85723e-19
310.63,1.85931e-19
310.64,1.86136e-19
310.649,1.8634e-19
310.658,1.86543e-19
310.668,1.86746e-19
310.677,1.8695e-19
310.686,1.87156e-19
310.696,1.87362e-19
310.705,1.87571e-19
310.714,1.87779e-19
310.723,1.87987e-19
310.733,1.88193e-19
310.742,1.88396e-19
310.751,1.88593e-19
310.761,1.88783e-19
310.77,1.88964e-19
310.779,1.89134e-19
310.789,1.8929e-19
310.798,1.89432e-19
310.807,1.89556e-19
310.817,1.89664e-19
310.826,1.89753e-19
310.835,1.89823e-19
310.845,1.89875e-19
310.854,1.8991e-19
310.863,1.89929e-19
310.873,1.89933e-19
310.882,1.89925e-19
310.891,1.89907e-19
310.901,1.89883e-19
310.91,1.89854e-19
310.919,1.89825e-19
310.928,1.89798e-19
310.938,1.89777e-19
310.947,1.89763e-19
310.956,1.8976e-19
310.966,1.8977e-19
310.975,1.89794e-19
310.984,1.89833e-19
310.994,1.89888e-19
311.003,1.8996e-19
311.012,1.90046e-19
311.022,1.90147e-19
311.031,1.90261e-19
311.04,1.90385e-19
311.05,1.90519e-19
311.059,1.90658e-19
311.068,1.90802e-19
311.078,1.90947e-19
311.087,1.9109e-19
311.096,1.91231e-19
311.106,1.91365e-19
311.115,1.91493e-19
311.124,1.91613e-19
311.134,1.91724e-19
311.143,1.91826e-19
311.152,1.91919e-19
311.162,1.92005e-19
311.171,1.92085e-19
311.18,1.9216e-19
311.19,1.92233e-19
311.199,1.92306e-19
311.209,1.92382e-19
311.218,1.92464e-19
311.227,1.92554e-19
311.237,1.92655e-19
311.246,1.9277e-19
311.255,1.929e-19
311.265,1.93047e-19
311.274,1.93213e-19
311.283,1.93397e-19
311.293,1.93601e-19
311.302,1.93824e-19
311.311,1.94064e-19
311.321,1.94321e-19
311.33,1.94591e-19
311.339,1.94874e-19
311.349,1.95165e-19
311.358,1.95463e-19
311.367,1.95762e-19
311.377,1.9606e-19
311.386,1.96354e-19
311.395,1.9664e-19
311.405,1.96914e-19
311.414,1.97174e-19
311.424,1.97417e-19
311.433,1.97641e-19
311.442,1.97844e-19
311.452,1.98024e-19
311.461,1.98181e-19
311.47,1.98313e-19
311.48,1.98421e-19
311.489,1.98505e-19
311.498,1.98566e-19
311.508,1.98604e-19
311.517,1.98621e-19
311.526,1.98618e-19
311.536,1.98597e-19
311.545,1.98559e-19
311.555,1.98505e-19
311.564,1.98437e-19
311.573,1.98356e-19
311.583,1.98264e-19
311.592,1.98161e-19
311.601,1.98049e-19
311.611,1.97928e-19
311.62,1.97798e-19
311.629,1.9766e-19
311.639,1.97515e-19
311.648,1.97361e-19
311.658,1.972e-19
311.667,1.97032e-19
311.676,1.96856e-19
311.686,1.96673e-19
311.695,1.96483e-19
311.704,1.96287e-19
311.714,1.96085e-19
311.723,1.95878e-19
311.733,1.95667e-19
311.742,1.95454e-19
311.751,1.9524e-19
311.761,1.95026e-19
311.77,1.94815e-19
311.779,1.94608e-19
311.789,1.94408e-19
311.798,1.94216e-19
311.808,1.94034e-19
311.817,1.93865e-19
311.826,1.9371e-19
311.836,1.93571e-19
311.845,1.93449e-19
311.854,1.93347e-19
311.864,1.93263e-19
311.873,1.93201e-19
311.883,1.93159e-19
311.892,1.93139e-19
311.901,1.93139e-19
311.911,1.93161e-19
311.92,1.93202e-19
311.93,1.93263e-19
311.939,1.93342e-19
311.948,1.93439e-19
311.958,1.93553e-19
311.967,1.93681e-19
311.976,1.93824e-19
311.986,1.9398e-19
311.995,1.94148e-19
312.005,1.94327e-19
312.014,1.94517e-19
312.023,1.94718e-19
312.033,1.94928e-19
312.042,1.95149e-19
312.052,1.95379e-19
312.061,1.9562e-19
312.07,1.95871e-19
312.08,1.96133e-19
312.089,1.96406e-19
312.099,1.96691e-19
312.108,1.96989e-19
312.117,1.973e-19
312.127,1.97624e-19
312.136,1.97961e-19
312.146,1.98312e-19
312.155,1.98676e-19
312.164,1.99053e-19
312.174,1.99443e-19
312.183,1.99844e-19
312.193,2.00255e-19
312.202,2.00675e-19
312.211,2.01103e-19
312.221,2.01536e-19
312.23,2.01973e-19
312.24,2.02411e-19
312.249,2.02849e-19
312.258,2.03284e-19
312.268,2.03714e-19
312.277,2.04137e-19
312.287,2.0455e-19
312.296,2.04953e-19
312.305,2.05343e-19
312.315,2.05718e-19
312.324,2.06078e-19
312.334,2.06421e-19
312.343,2.06747e-19
312.352,2.07056e-19
312.362,2.07346e-19
312.371,2.07619e-19
312.381,2.07874e-19
312.39,2.08112e-19
312.399,2.08334e-19
312.409,2.08541e-19
312.418,2.08734e-19
312.428,2.08913e-19
312.437,2.09081e-19
312.447,2.09237e-19
312.456,2.09383e-19
312.465,2.0952e-19
312.475,2.09648e-19
312.484,2.09768e-19
312.494,2.09881e-19
312.503,2.09985e-19
312.512,2.10082e-19
312.522,2.1017e-19
312.531,2.10248e-19
312.541,2.10317e-19
312.55,2.10375e-19
312.56,2.10421e-19
312.569,2.10454e-19
312.578,2.10472e-19
312.588,2.10475e-19
312.597,2.1046e-19
312.607,2.10427e-19
312.616,2.10376e-19
312.626,2.10305e-19
312.635,2.10214e-19
312.644,2.10103e-19
312.654,2.09972e-19
312.663,2.09822e-19
312.673,2.09653e-19
312.682,2.09468e-19
312.692,2.09267e-19
312.701,2.09053e-19
312.71,2.08828e-19
312.72,2.08595e-19
312.729,2.08355e-19
312.739,2.08113e-19
312.748,2.07871e-19
312.758,2.07631e-19
312.767,2.07396e-19
312.776,2.07169e-19
312.786,2.06953e-19
312.795,2.06749e-19
312.805,2.06559e-19
312.814,2.06384e-19
312.824,2.06225e-19
312.833,2.06083e-19
312.843,2.05957e-19
312.852,2.05846e-19
312.861,2.05749e-19
312.871,2.05666e-19
312.88,2.05594e-19
312.89,2.0553e-19
312.899,2.05473e-19
312.909,2.05419e-19
312.918,2.05367e-19
312.928,2.05312e-19
312.937,2.05253e-19
312.946,2.05186e-19
312.956,2.05109e-19
312.965,2.05021e-19
312.975,2.0492e-19
312.984,2.04804e-19
312.994,2.04672e-19
313.003,2.04525e-19
313.013,2.04361e-19
313.022,2.04183e-19
313.031,2.0399e-19
313.041,2.03785e-19
313.05,2.03568e-19
313.06,2.03343e-19
313.069,2.03111e-19
313.079,2.02875e-19
313.088,2.02637e-19
313.098,2.024e-19
313.107,2.02165e-19
313.117,2.01936e-19
313.126,2.01714e-19
313.135,2.015e-19
313.145,2.01296e-19
313.154,2.01102e-19
313.164,2.00919e-19
313.173,2.00747e-19
313.183,2.00585e-19
313.192,2.00432e-19
313.202,2.00287e-19
313.211,2.00148e-19
313.221,2.00013e-19
313.23,1.99881e-19
313.24,1.99749e-19
313.249,1.99615e-19
313.258,1.99477e-19
313.268,1.99333e-19
313.277,1.99181e-19
313.287,1.9902e-19
313.296,1.98848e-19
313.306,1.98664e-19
313.315,1.98469e-19
313.325,1.98262e-19
313.334,1.98042e-19
313.344,1.97812e-19
313.353,1.97572e-19
313.363,1.97323e-19
313.372,1.97067e-19
313.382,1.96806e-19
313.391,1.96541e-19
313.401,1.96276e-19
313.41,1.96012e-19
313.419,1.9575e-19
313.429,1.95494e-19
313.438,1.95244e-19
313.448,1.95003e-19
313.457,1.94772e-19
313.467,1.94551e-19
313.476,1.94342e-19
313.486,1.94145e-19
313.495,1.9396e-19
313.505,1.93788e-19
313.514,1.93627e-19
313.524,1.93477e-19
313.533,1.93338e-19
313.543,1.93209e-19
313.552,1.93088e-19
313.562,1.92975e-19
313.571,1.92868e-19
313.581,1.92768e-19
313.59,1.92672e-19
313.6,1.9258e-19
313.609,1.92492e-19
313.619,1.92407e-19
313.628,1.92324e-19
313.638,1.92245e-19
313.647,1.92167e-19
313.657,1.92093e-19
313.666,1.92021e-19
313.675,1.91952e-19
313.685,1.91888e-19
313.694,1.91827e-19
313.704,1.9177e-19
313.713,1.91719e-19
313.723,1.91672e-19
313.732,1.91631e-19
313.742,1.91596e-19
313.751,1.91567e-19
313.761,1.91543e-19
313.77,1.91525e-19
313.78,1.91513e-19
313.789,1.91506e-19
313.799,1.91504e-19
313.808,1.91507e-19
313.818,1.91514e-19
313.827,1.91526e-19
313.837,1.91541e-19
313.846,1.91559e-19
313.856,1.91581e-19
313.865,1.91606e-19
313.875,1.91634e-19
313.884,1.91664e-19
313.894,1.91698e-19
313.903,1.91734e-19
313.913,1.91774e-19
313.922,1.91816e-19
313.932,1.91863e-19
313.941,1.91912e-19
313.951,1.91965e-19
313.96,1.92022e-19
313.97,1.92082e-19
313.979,1.92145e-19
313.989,1.92212e-19
313.999,1.92282e-19
314.008,1.92354e-19
314.018,1.92428e-19
314.027,1.92504e-19
314.037,1.92581e-19
314.046,1.92659e-19
314.056,1.92737e-19
314.065,1.92814e-19
314.075,1.92891e-19
314.084,1.92967e-19
314.094,1.93043e-19
314.103,1.93118e-19
314.113,1.93193e-19
314.122,1.93268e-19
314.132,1.93346e-19
314.141,1.93426e-19
314.151,1.93511e-19
314.16,1.93602e-19
314.17,1.937e-19
314.179,1.93807e-19
314.189,1.93926e-19
314.198,1.94058e-19
314.208,1.94205e-19
314.217,1.94369e-19
314.227,1.94551e-19
314.236,1.94752e-19
314.246,1.94973e-19
314.255,1.95216e-19
314.265,1.95479e-19
314.275,1.95763e-19
314.284,1.96067e-19
314.294,1.96391e-19
314.303,1.96732e-19
314.313,1.97089e-19
314.322,1.9746e-19
314.332,1.97843e-19
314.341,1.98236e-19
314.351,1.98636e-19
314.36,1.9904e-19
314.37,1.99448e-19
314.379,1.99856e-19
314.389,2.00262e-19
314.398,2.00666e-19
314.408,2.01066e-19
314.418,2.01462e-19
314.427,2.01853e-19
314.437,2.02239e-19
314.446,2.02621e-19
314.456,2.03e-19
314.465,2.03378e-19
314.475,2.03755e-19
314.484,2.04134e-19
314.494,2.04516e-19
314.503,2.04903e-19
314.513,2.05297e-19
314.522,2.05699e-19
314.532,2.0611e-19
314.542,2.06533e-19
314.551,2.06966e-19
314.561,2.0741e-19
314.57,2.07864e-19
314.58,2.08329e-19
314.589,2.08801e-19
314.599,2.0928e-19
314.608,2.09764e-19
314.618,2.10249e-19
314.627,2.10734e-19
314.637,2.11216e-19
314.647,2.11691e-19
314.656,2.12157e-19
314.666,2.12612e-19
314.675,2.13054e-19
314.685,2.13482e-19
314.694,2.13893e-19
314.704,2.14288e-19
314.713,2.14666e-19
314.723,2.15029e-19
314.733,2.15377e-19
314.742,2.15712e-19
314.752,2.16037e-19
314.761,2.16354e-19
314.771,2.16667e-19
314.78,2.16977e-19
314.79,2.17289e-19
314.799,2.17605e-19
314.809,2.17929e-19
314.819,2.18262e-19
314.828,2.18607e-19
314.838,2.18964e-19
314.847,2.19335e-19
314.857,2.1972e-19
314.866,2.20116e-19
314.876,2.20522e-19
314.885,2.20937e-19
314.895,2.21355e-19
314.905,2.21775e-19
314.914,2.2219e-19
314.924,2.22596e-19
314.933,2.22989e-19
314.943,2.23362e-19
314.952,2.23711e-19
314.962,2.24032e-19
314.972,2.24319e-19
314.981,2.24569e-19
314.991,2.2478e-19
315,2.24948e-19
315.01,2.25073e-19
315.019,2.25154e-19
315.029,2.25191e-19
315.039,2.25187e-19
315.048,2.25143e-19
315.058,2.25063e-19
315.067,2.2495e-19
315.077,2.24808e-19
315.086,2.24643e-19
315.096,2.24457e-19
315.106,2.24257e-19
315.115,2.24047e-19
315.125,2.2383e-19
315.134,2.2361e-19
315.144,2.2339e-19
315.153,2.23172e-19
315.163,2.22957e-19
315.173,2.22746e-19
315.182,2.22538e-19
315.192,2.22333e-19
315.201,2.22128e-19
315.211,2.21921e-19
315.221,2.2171e-19
315.23,2.2149e-19
315.24,2.21258e-19
315.249,2.21012e-19
315.259,2.20749e-19
315.268,2.20465e-19
315.278,2.20159e-19
315.288,2.19829e-19
315.297,2.19476e-19
315.307,2.19098e-19
315.316,2.18699e-19
315.326,2.1828e-19
315.336,2.17843e-19
315.345,2.17394e-19
315.355,2.16937e-19
315.364,2.16476e-19
315.374,2.16018e-19
315.384,2.15568e-19
315.393,2.15131e-19
315.403,2.14714e-19
315.412,2.1432e-19
315.422,2.13955e-19
315.432,2.13622e-19
315.441,2.13322e-19
315.451,2.13059e-19
315.46,2.12831e-19
315.47,2.12638e-19
315.48,2.12478e-19
315.489,2.12349e-19
315.499,2.12246e-19
315.508,2.12164e-19
315.518,2.12098e-19
315.528,2.12042e-19
315.537,2.11991e-19
315.547,2.11939e-19
315.556,2.11879e-19
315.566,2.11807e-19
315.576,2.11718e-19
315.585,2.11608e-19
315.595,2.11475e-19
315.604,2.11318e-19
315.614,2.11135e-19
315.624,2.10927e-19
315.633,2.10696e-19
315.643,2.10445e-19
315.652,2.10177e-19
315.662,2.09897e-19
315.672,2.09609e-19
315.681,2.09318e-19
315.691,2.09029e-19
315.701,2.08748e-19
315.71,2.08479e-19
315.72,2.08224e-19
315.729,2.07989e-19
315.739,2.07774e-19
315.749,2.07582e-19
315.758,2.07411e-19
315.768,2.07261e-19
315.777,2.07129e-19
315.787,2.07014e-19
315.797,2.0691e-19
315.806,2.06814e-19
315.816,2.0672e-19
315.826,2.06624e-19
315.835,2.06521e-19
315.845,2.06406e-19
315.854,2.06275e-19
315.864,2.06126e-19
315.874,2.05955e-19
315.883,2.05762e-19
315.893,2.05548e-19
315.903,2.05314e-19
315.912,2.05064e-19
315.922,2.04801e-19
315.931,2.0453e-19
315.941,2.04259e-19
315.951,2.03994e-19
315.96,2.03743e-19
315.97,2.03513e-19
315.98,2.03311e-19
315.989,2.03144e-19
315.999,2.03018e-19
316.008,2.02937e-19
316.018,2.02904e-19
316.028,2.0292e-19
316.037,2.02984e-19
316.047,2.03094e-19
316.057,2.03245e-19
316.066,2.0343e-19
316.076,2.03639e-19
316.086,2.03864e-19
316.095,2.0409e-19
316.105,2.04307e-19
316.114,2.045e-19
316.124,2.04655e-19
316.134,2.0476e-19
316.143,2.04801e-19
316.153,2.04768e-19
316.163,2.04651e-19
316.172,2.04443e-19
316.182,2.04139e-19
316.192,2.03737e-19
316.201,2.03238e-19
316.211,2.02648e-19
316.221,2.01972e-19
316.23,2.01222e-19
316.24,2.00411e-19
316.249,1.99555e-19
316.259,1.98673e-19
316.269,1.97784e-19
316.278,1.96909e-19
316.288,1.96069e-19
316.298,1.95286e-19
316.307,1.94581e-19
316.317,1.93974e-19
316.327,1.93481e-19
316.336,1.93118e-19
316.346,1.92897e-19
316.356,1.92826e-19
316.365,1.92911e-19
316.375,1.93154e-19
316.385,1.93552e-19
316.394,1.94098e-19
316.404,1.94783e-19
316.414,1.95594e-19
316.423,1.96514e-19
316.433,1.97526e-19
316.442,1.98608e-19
316.452,1.99738e-19
316.462,2.00895e-19
316.471,2.02056e-19
316.481,2.03198e-19
316.491,2.04302e-19
316.5,2.05348e-19
316.51,2.0632e-19
316.52,2.07204e-19
316.529,2.0799e-19
316.539,2.0867e-19
316.549,2.0924e-19
316.558,2.09699e-19
316.568,2.10052e-19
316.578,2.10302e-19
316.587,2.1046e-19
316.597,2.10536e-19
316.607,2.10544e-19
316.616,2.10497e-19
316.626,2.10411e-19
316.636,2.10302e-19
316.645,2.10185e-19
316.655,2.10075e-19
316.665,2.09985e-19
316.674,2.09928e-19
316.684,2.09914e-19
316.694,2.09949e-19
316.704,2.1004e-19
316.713,2.10189e-19
316.723,2.10398e-19
316.733,2.10663e-19
316.742,2.10981e-19
316.752,2.11346e-19
316.762,2.1175e-19
316.771,2.12185e-19
316.781,2.12642e-19
316.791,2.1311e-19
316.8,2.1358e-19
316.81,2.14042e-19
316.82,2.14488e-19
316.829,2.14911e-19
316.839,2.15304e-19
316.849,2.15664e-19
316.858,2.15988e-19
316.868,2.16276e-19
316.878,2.16527e-19
316.887,2.16747e-19
316.897,2.16937e-19
316.907,2.17106e-19
316.916,2.17258e-19
316.926,2.17402e-19
316.936,2.17545e-19
316.946,2.17695e-19
316.955,2.1786e-19
316.965,2.18047e-19
316.975,2.18262e-19
316.984,2.1851e-19
316.994,2.18795e-19
317.004,2.19119e-19
317.013,2.19482e-19
317.023,2.19884e-19
317.033,2.20322e-19
317.042,2.20793e-19
317.052,2.21291e-19
317.062,2.2181e-19
317.072,2.22343e-19
317.081,2.22883e-19
317.091,2.23424e-19
317.101,2.23956e-19
317.11,2.24475e-19
317.12,2.24972e-19
317.13,2.25444e-19
317.139,2.25886e-19
317.149,2.26295e-19
317.159,2.2667e-19
317.169,2.27012e-19
317.178,2.27321e-19
317.188,2.27601e-19
317.198,2.27857e-19
317.207,2.28093e-19
317.217,2.28315e-19
317.227,2.28531e-19
317.236,2.28748e-19
317.246,2.28973e-19
317.256,2.29212e-19
317.266,2.29474e-19
317.275,2.29762e-19
317.285,2.30083e-19
317.295,2.3044e-19
317.304,2.30835e-19
317.314,2.3127e-19
317.324,2.31744e-19
317.334,2.32256e-19
317.343,2.32803e-19
317.353,2.3338e-19
317.363,2.33983e-19
317.372,2.34605e-19
317.382,2.3524e-19
317.392,2.3588e-19
317.402,2.36519e-19
317.411,2.37149e-19
317.421,2.37764e-19
317.431,2.38358e-19
317.44,2.38925e-19
317.45,2.3946e-19
317.46,2.39961e-19
317.47,2.40425e-19
317.479,2.4085e-19
317.489,2.41238e-19
317.499,2.41589e-19
317.509,2.41905e-19
317.518,2.4219e-19
317.528,2.42446e-19
317.538,2.4268e-19
317.547,2.42894e-19
317.557,2.43095e-19
317.567,2.43286e-19
317.577,2.43473e-19
317.586,2.43659e-19
317.596,2.43848e-19
317.606,2.44043e-19
317.616,2.44246e-19
317.625,2.44459e-19
317.635,2.4468e-19
317.645,2.4491e-19
317.654,2.45148e-19
317.664,2.4539e-19
317.674,2.45635e-19
317.684,2.45879e-19
317.693,2.46118e-19
317.703,2.46348e-19
317.713,2.46565e-19
317.723,2.46766e-19
317.732,2.46946e-19
317.742,2.47102e-19
317.752,2.47231e-19
317.762,2.47332e-19
317.771,2.47402e-19
317.781,2.4744e-19
317.791,2.47446e-19
317.801,2.47421e-19
317.81,2.47366e-19
317.82,2.47283e-19
317.83,2.47172e-19
317.839,2.47039e-19
317.849,2.46884e-19
317.859,2.46712e-19
317.869,2.46525e-19
317.878,2.46327e-19
317.888,2.46121e-19
317.898,2.4591e-19
317.908,2.45697e-19
317.917,2.45483e-19
317.927,2.45271e-19
317.937,2.45062e-19
317.947,2.44858e-19
317.956,2.4466e-19
317.966,2.44468e-19
317.976,2.44282e-19
317.986,2.44103e-19
317.995,2.4393e-19
318.005,2.43764e-19
318.015,2.43605e-19
318.025,2.43451e-19
318.035,2.43304e-19
318.044,2.43164e-19
318.054,2.4303e-19
318.064,2.42903e-19
318.074,2.42785e-19
318.083,2.42674e-19
318.093,2.42574e-19
318.103,2.42484e-19
318.113,2.42404e-19
318.122,2.42337e-19
318.132,2.42283e-19
318.142,2.42241e-19
318.152,2.42213e-19
318.161,2.42198e-19
318.171,2.42195e-19
318.181,2.42204e-19
318.191,2.42223e-19
318.2,2.42249e-19
318.21,2.42282e-19
318.22,2.42317e-19
318.23,2.42351e-19
318.24,2.42382e-19
318.249,2.42406e-19
318.259,2.42418e-19
318.269,2.42416e-19
318.279,2.42395e-19
318.288,2.42351e-19
318.298,2.42283e-19
318.308,2.42186e-19
318.318,2.4206e-19
318.327,2.41901e-19
318.337,2.4171e-19
318.347,2.41486e-19
318.357,2.41228e-19
318.367,2.40939e-19
318.376,2.40621e-19
318.386,2.40274e-19
318.396,2.39903e-19
318.406,2.39512e-19
318.415,2.39103e-19
318.425,2.38681e-19
318.435,2.3825e-19
318.445,2.37815e-19
318.455,2.3738e-19
318.464,2.3695e-19
318.474,2.36527e-19
318.484,2.36116e-19
318.494,2.3572e-19
318.503,2.3534e-19
318.513,2.34979e-19
318.523,2.34638e-19
318.533,2.34318e-19
318.543,2.34018e-19
318.552,2.33738e-19
318.562,2.33477e-19
318.572,2.33232e-19
318.582,2.33002e-19
318.592,2.32785e-19
318.601,2.32578e-19
318.611,2.32378e-19
318.621,2.32181e-19
318.631,2.31986e-19
318.641,2.3179e-19
318.65,2.31591e-19
318.66,2.31385e-19
318.67,2.31172e-19
318.68,2.3095e-19
318.69,2.30719e-19
318.699,2.30477e-19
318.709,2.30226e-19
318.719,2.29965e-19
318.729,2.29695e-19
318.739,2.29418e-19
318.748,2.29135e-19
318.758,2.28849e-19
318.768,2.28562e-19
318.778,2.28275e-19
318.788,2.27992e-19
318.797,2.27715e-19
318.807,2.27446e-19
318.817,2.27189e-19
318.827,2.26945e-19
318.837,2.26717e-19
318.846,2.26507e-19
318.856,2.26315e-19
318.866,2.26145e-19
318.876,2.25995e-19
318.886,2.25869e-19
318.895,2.25764e-19
318.905,2.25683e-19
318.915,2.25624e-19
318.925,2.25586e-19
318.935,2.25569e-19
318.944,2.25571e-19
318.954,2.25591e-19
318.964,2.25627e-19
318.974,2.25677e-19
318.984,2.25739e-19
318.994,2.2581e-19
319.003,2.25888e-19
319.013,2.2597e-19
319.023,2.26055e-19
319.033,2.26139e-19
319.043,2.26221e-19
319.052,2.26297e-19
319.062,2.26367e-19
319.072,2.26429e-19
319.082,2.2648e-19
319.092,2.2652e-19
319.102,2.26548e-19
319.111,2.26563e-19
319.121,2.26565e-19
319.131,2.26555e-19
319.141,2.26532e-19
319.151,2.26499e-19
319.16,2.26455e-19
319.17,2.26404e-19
319.18,2.26345e-19
319.19,2.26283e-19
319.2,2.26219e-19
319.21,2.26155e-19
319.219,2.26094e-19
319.229,2.26039e-19
319.239,2.25991e-19
319.249,2.25953e-19
319.259,2.25926e-19
319.269,2.25914e-19
319.278,2.25916e-19
319.288,2.25934e-19
319.298,2.25969e-19
319.308,2.2602e-19
319.318,2.26088e-19
319.328,2.26172e-19
319.337,2.2627e-19
319.347,2.26381e-19
319.357,2.26504e-19
319.367,2.26637e-19
319.377,2.26777e-19
319.387,2.26922e-19
319.396,2.2707e-19
319.406,2.2722e-19
319.416,2.27368e-19
319.426,2.27514e-19
319.436,2.27657e-19
319.446,2.27796e-19
319.455,2.2793e-19
319.465,2.2806e-19
319.475,2.28187e-19
319.485,2.28312e-19
319.495,2.28438e-19
319.505,2.28567e-19
319.515,2.28702e-19
319.524,2.28846e-19
319.534,2.29004e-19
319.544,2.29178e-19
319.554,2.29374e-19
319.564,2.29595e-19
319.574,2.29844e-19
319.584,2.30126e-19
319.593,2.30442e-19
319.603,2.30796e-19
319.613,2.31189e-19
319.623,2.31622e-19
319.633,2.32095e-19
319.643,2.32608e-19
319.652,2.33158e-19
319.662,2.33742e-19
319.672,2.34359e-19
319.682,2.35003e-19
319.692,2.35669e-19
319.702,2.36352e-19
319.712,2.37046e-19
319.721,2.37744e-19
319.731,2.38441e-19
319.741,2.3913e-19
319.751,2.39803e-19
319.761,2.40457e-19
319.771,2.41084e-19
319.781,2.41681e-19
319.791,2.42242e-19
319.8,2.42766e-19
319.81,2.4325e-19
319.82,2.43693e-19
319.83,2.44094e-19
319.84,2.44455e-19
319.85,2.44777e-19
319.86,2.45064e-19
319.869,2.4532e-19
319.879,2.45548e-19
319.889,2.45754e-19
319.899,2.45944e-19
319.909,2.46123e-19
319.919,2.46298e-19
319.929,2.46474e-19
319.939,2.46657e-19
319.948,2.46853e-19
319.958,2.47066e-19
319.968,2.473e-19
319.978,2.47559e-19
319.988,2.47845e-19
319.998,2.4816e-19
320.008,2.48504e-19
320.018,2.48877e-19
320.027,2.49277e-19
320.037,2.49702e-19
320.047,2.50149e-19
320.057,2.50613e-19
320.067,2.51091e-19
320.077,2.51578e-19
320.087,2.52068e-19
320.097,2.52556e-19
320.106,2.53036e-19
320.116,2.53504e-19
320.126,2.53954e-19
320.136,2.54381e-19
320.146,2.54783e-19
320.156,2.55155e-19
320.166,2.55494e-19
320.176,2.558e-19
320.186,2.5607e-19
320.195,2.56305e-19
320.205,2.56505e-19
320.215,2.56671e-19
320.225,2.56805e-19
320.235,2.5691e-19
320.245,2.56989e-19
320.255,2.57044e-19
320.265,2.57079e-19
320.275,2.57098e-19
320.284,2.57105e-19
320.294,2.57102e-19
320.304,2.57094e-19
320.314,2.57082e-19
320.324,2.57069e-19
320.334,2.57057e-19
320.344,2.57047e-19
320.354,2.5704e-19
320.364,2.57035e-19
320.374,2.57033e-19
320.383,2.57031e-19
320.393,2.57029e-19
320.403,2.57024e-19
320.413,2.57013e-19
320.423,2.56994e-19
320.433,2.56963e-19
320.443,2.56918e-19
320.453,2.56856e-19
320.463,2.56773e-19
320.473,2.56667e-19
320.483,2.56535e-19
320.492,2.56376e-19
320.502,2.56188e-19
320.512,2.5597e-19
320.522,2.55722e-19
320.532,2.55444e-19
320.542,2.55136e-19
320.552,2.548e-19
320.562,2.54438e-19
320.572,2.54051e-19
320.582,2.53643e-19
320.592,2.53215e-19
320.601,2.52773e-19
320.611,2.52318e-19
320.621,2.51854e-19
320.631,2.51384e-19
320.641,2.50913e-19
320.651,2.50442e-19
320.661,2.49975e-19
320.671,2.49514e-19
320.681,2.49062e-19
320.691,2.4862e-19
320.701,2.4819e-19
320.711,2.47773e-19
320.72,2.47369e-19
320.73,2.4698e-19
320.74,2.46605e-19
320.75,2.46244e-19
320.76,2.45897e-19
320.77,2.45563e-19
320.78,2.45242e-19
320.79,2.44932e-19
320.8,2.44633e-19
320.81,2.44346e-19
320.82,2.44068e-19
320.83,2.438e-19
320.84,2.43542e-19
320.849,2.43294e-19
320.859,2.43056e-19
320.869,2.42828e-19
320.879,2.42612e-19
320.889,2.42407e-19
320.899,2.42214e-19
320.909,2.42035e-19
320.919,2.41871e-19
320.929,2.41721e-19
320.939,2.41587e-19
320.949,2.41468e-19
320.959,2.41366e-19
320.969,2.41281e-19
320.979,2.41211e-19
320.989,2.41157e-19
320.999,2.41117e-19
321.008,2.4109e-19
321.018,2.41075e-19
321.028,2.4107e-19
321.038,2.41072e-19
321.048,2.41079e-19
321.058,2.41089e-19
321.068,2.411e-19
321.078,2.41108e-19
321.088,2.41112e-19
321.098,2.41109e-19
321.108,2.41097e-19
321.118,2.41075e-19
321.128,2.4104e-19
321.138,2.40992e-19
321.148,2.40931e-19
321.158,2.40856e-19
321.168,2.40767e-19
321.178,2.40666e-19
321.187,2.40553e-19
321.197,2.4043e-19
321.207,2.40299e-19
321.217,2.40162e-19
321.227,2.40022e-19
321.237,2.3988e-19
321.247,2.39739e-19
321.257,2.39602e-19
321.267,2.39472e-19
321.277,2.39349e-19
321.287,2.39237e-19
321.297,2.39136e-19
321.307,2.39048e-19
321.317,2.38974e-19
321.327,2.38913e-19
321.337,2.38866e-19
321.347,2.38832e-19
321.357,2.38811e-19
321.367,2.388e-19
321.377,2.38799e-19
321.387,2.38806e-19
321.397,2.38819e-19
321.407,2.38836e-19
321.416,2.38855e-19
321.426,2.38875e-19
321.436,2.38894e-19
321.446,2.3891e-19
321.456,2.38924e-19
321.466,2.38933e-19
321.476,2.38939e-19
321.486,2.38941e-19
321.496,2.3894e-19
321.506,2.38938e-19
321.516,2.38934e-19
321.526,2.38933e-19
321.536,2.38934e-19
321.546,2.38942e-19
321.556,2.38957e-19
321.566,2.38984e-19
321.576,2.39023e-19
321.586,2.39077e-19
321.596,2.39148e-19
321.606,2.39238e-19
321.616,2.39349e-19
321.626,2.3948e-19
321.636,2.39634e-19
321.646,2.39808e-19
321.656,2.40004e-19
321.666,2.4022e-19
321.676,2.40455e-19
321.686,2.40707e-19
321.696,2.40973e-19
321.706,2.41251e-19
321.716,2.41539e-19
321.726,2.41833e-19
321.736,2.42131e-19
321.746,2.42429e-19
321.756,2.42726e-19
321.766,2.43018e-19
321.776,2.43303e-19
321.786,2.4358e-19
321.796,2.43846e-19
321.806,2.44101e-19
321.816,2.44343e-19
321.826,2.44573e-19
321.836,2.44791e-19
321.846,2.44997e-19
321.856,2.45191e-19
321.866,2.45376e-19
321.876,2.45553e-19
321.886,2.45722e-19
321.896,2.45886e-19
321.906,2.46047e-19
321.916,2.46205e-19
321.925,2.46363e-19
321.935,2.46523e-19
321.945,2.46684e-19
321.955,2.46849e-19
321.966,2.47018e-19
321.975,2.47192e-19
321.985,2.4737e-19
321.995,2.47553e-19
322.005,2.4774e-19
322.015,2.47931e-19
322.026,2.48125e-19
322.036,2.48321e-19
322.046,2.48519e-19
322.056,2.48717e-19
322.066,2.48915e-19
322.076,2.49112e-19
322.086,2.49307e-19
322.096,2.49499e-19
322.106,2.49689e-19
322.116,2.49875e-19
322.126,2.50059e-19
322.136,2.5024e-19
322.146,2.50419e-19
322.156,2.50597e-19
322.166,2.50773e-19
322.176,2.5095e-19
322.186,2.51128e-19
322.196,2.51308e-19
322.206,2.5149e-19
322.216,2.51677e-19
322.226,2.51869e-19
322.236,2.52067e-19
322.246,2.52271e-19
322.256,2.52481e-19
322.266,2.52699e-19
322.276,2.52923e-19
322.286,2.53155e-19
322.296,2.53393e-19
322.306,2.53638e-19
322.316,2.53889e-19
322.326,2.54145e-19
322.336,2.54405e-19
322.346,2.54669e-19
322.356,2.54937e-19
322.366,2.55207e-19
322.376,2.55479e-19
322.386,2.55752e-19
322.396,2.56026e-19
322.406,2.563e-19
322.416,2.56575e-19
322.426,2.5685e-19
322.436,2.57125e-19
322.446,2.574e-19
322.456,2.57675e-19
322.466,2.5795e-19
322.476,2.58225e-19
322.486,2.585e-19
322.496,2.58776e-19
322.506,2.59051e-19
322.516,2.59326e-19
322.526,2.596e-19
322.536,2.59873e-19
322.546,2.60143e-19
322.557,2.6041e-19
322.567,2.60673e-19
322.577,2.6093e-19
322.587,2.61181e-19
322.597,2.61425e-19
322.607,2.6166e-19
322.617,2.61885e-19
322.627,2.62099e-19
322.637,2.62301e-19
322.647,2.62491e-19
322.657,2.62669e-19
322.667,2.62833e-19
322.677,2.62985e-19
322.687,2.63124e-19
322.697,2.63252e-19
322.707,2.63369e-19
322.717,2.63476e-19
322.727,2.63575e-19
322.737,2.63668e-19
322.747,2.63755e-19
322.757,2.63839e-19
322.767,2.63922e-19
322.777,2.64004e-19
322.788,2.64087e-19
322.798,2.64173e-19
322.808,2.64262e-19
322.818,2.64355e-19
322.828,2.64452e-19
322.838,2.64552e-19
322.848,2.64655e-19
322.858,2.64761e-19
322.868,2.64868e-19
322.878,2.64974e-19
322.888,2.65078e-19
322.898,2.65177e-19
322.908,2.6527e-19
322.918,2.65354e-19
322.928,2.65427e-19
322.938,2.65487e-19
322.948,2.65533e-19
322.958,2.65562e-19
322.969,2.65575e-19
322.979,2.65569e-19
322.989,2.65546e-19
322.999,2.65505e-19
323.009,2.65446e-19
323.019,2.65372e-19
323.029,2.65283e-19
323.039,2.65182e-19
323.049,2.65071e-19
323.059,2.64953e-19
323.069,2.6483e-19
323.079,2.64706e-19
323.089,2.64583e-19
323.099,2.64464e-19
323.109,2.64352e-19
323.119,2.64249e-19
323.13,2.64157e-19
323.14,2.64077e-19
323.15,2.6401e-19
323.16,2.63958e-19
323.17,2.63919e-19
323.18,2.63893e-19
323.19,2.63879e-19
323.2,2.63875e-19
323.21,2.6388e-19
323.22,2.63892e-19
323.23,2.63906e-19
323.24,2.63922e-19
323.25,2.63935e-19
323.261,2.63944e-19
323.271,2.63945e-19
323.281,2.63935e-19
323.291,2.63913e-19
323.301,2.63877e-19
323.311,2.63825e-19
323.321,2.63756e-19
323.331,2.63669e-19
323.341,2.63564e-19
323.351,2.63442e-19
323.361,2.63303e-19
323.371,2.63149e-19
323.382,2.62981e-19
323.392,2.628e-19
323.402,2.62609e-19
323.412,2.6241e-19
323.422,2.62206e-19
323.432,2.61997e-19
323.442,2.61788e-19
323.452,2.61579e-19
323.462,2.61373e-19
323.472,2.61171e-19
323.482,2.60976e-19
323.493,2.60787e-19
323.503,2.60608e-19
323.513,2.60437e-19
323.523,2.60276e-19
323.533,2.60126e-19
323.543,2.59985e-19
323.553,2.59855e-19
323.563,2.59735e-19
323.573,2.59625e-19
323.583,2.59524e-19
323.594,2.59433e-19
323.604,2.5935e-19
323.614,2.59275e-19
323.624,2.59208e-19
323.634,2.59148e-19
323.644,2.59094e-19
323.654,2.59046e-19
323.664,2.59003e-19
323.674,2.58964e-19
323.684,2.58928e-19
323.695,2.58894e-19
323.705,2.5886e-19
323.715,2.58826e-19
323.725,2.58788e-19
323.735,2.58747e-19
323.745,2.58699e-19
323.755,2.58643e-19
323.765,2.58577e-19
323.775,2.58499e-19
323.786,2.58406e-19
323.796,2.58299e-19
323.806,2.58174e-19
323.816,2.58031e-19
323.826,2.57869e-19
323.836,2.57688e-19
323.846,2.57488e-19
323.856,2.57271e-19
323.866,2.57037e-19
323.877,2.5679e-19
323.887,2.56531e-19
323.897,2.56264e-19
323.907,2.55992e-19
323.917,2.55721e-19
323.927,2.55454e-19
323.937,2.55197e-19
323.947,2.54953e-19
323.958,2.54727e-19
323.968,2.54524e-19
323.978,2.54347e-19
323.988,2.54199e-19
323.998,2.54084e-19
324.008,2.54001e-19
324.018,2.53953e-19
324.028,2.53937e-19
324.039,2.53953e-19
324.049,2.53998e-19
324.059,2.54067e-19
324.069,2.54156e-19
324.079,2.54259e-19
324.089,2.5437e-19
324.099,2.54481e-19
324.109,2.54586e-19
324.12,2.54675e-19
324.13,2.54743e-19
324.14,2.54782e-19
324.15,2.54786e-19
324.16,2.54749e-19
324.17,2.54666e-19
324.18,2.54536e-19
324.191,2.54355e-19
324.201,2.54125e-19
324.211,2.53847e-19
324.221,2.53524e-19
324.231,2.5316e-19
324.241,2.52763e-19
324.251,2.52341e-19
324.262,2.51901e-19
324.272,2.51454e-19
324.282,2.51012e-19
324.292,2.50584e-19
324.302,2.50182e-19
324.312,2.49816e-19
324.322,2.49498e-19
324.333,2.49236e-19
324.343,2.49039e-19
324.353,2.48913e-19
324.363,2.48863e-19
324.373,2.48894e-19
324.383,2.49005e-19
324.393,2.49198e-19
324.404,2.49468e-19
324.414,2.49813e-19
324.424,2.50225e-19
324.434,2.50697e-19
324.444,2.51221e-19
324.454,2.51786e-19
324.464,2.52382e-19
324.475,2.52997e-19
324.485,2.53621e-19
324.495,2.54243e-19
324.505,2.54852e-19
324.515,2.55439e-19
324.525,2.55996e-19
324.536,2.56517e-19
324.546,2.56996e-19
324.556,2.57429e-19
324.566,2.57816e-19
324.576,2.58155e-19
324.586,2.58448e-19
324.597,2.587e-19
324.607,2.58913e-19
324.617,2.59095e-19
324.627,2.59251e-19
324.637,2.59389e-19
324.647,2.59518e-19
324.658,2.59645e-19
324.668,2.59777e-19
324.678,2.59923e-19
324.688,2.60089e-19
324.698,2.6028e-19
324.708,2.60503e-19
324.719,2.6076e-19
324.729,2.61054e-19
324.739,2.61386e-19
324.749,2.61758e-19
324.759,2.62167e-19
324.769,2.62612e-19
324.78,2.63091e-19
324.79,2.636e-19
324.8,2.64135e-19
324.81,2.64692e-19
324.82,2.65268e-19
324.83,2.65858e-19
324.841,2.6646e-19
324.851,2.6707e-19
324.861,2.67686e-19
324.871,2.68307e-19
324.881,2.68932e-19
324.892,2.6956e-19
324.902,2.70194e-19
324.912,2.70834e-19
324.922,2.71483e-19
324.932,2.72142e-19
324.942,2.72814e-19
324.953,2.73502e-19
324.963,2.74208e-19
324.973,2.74935e-19
324.983,2.75683e-19
324.993,2.76453e-19
325.004,2.77244e-19
325.014,2.78056e-19
325.024,2.78887e-19
325.034,2.79731e-19
325.044,2.80586e-19
325.055,2.81446e-19
325.065,2.82304e-19
325.075,2.83153e-19
325.085,2.83986e-19
325.095,2.84795e-19
325.105,2.85572e-19
325.116,2.8631e-19
325.126,2.87001e-19
325.136,2.8764e-19
325.146,2.88221e-19
325.156,2.88741e-19
325.167,2.89196e-19
325.177,2.89585e-19
325.187,2.89908e-19
325.197,2.90168e-19
325.207,2.90368e-19
325.218,2.90512e-19
325.228,2.90607e-19
325.238,2.90659e-19
325.248,2.90677e-19
325.258,2.90667e-19
325.269,2.9064e-19
325.279,2.90604e-19
325.289,2.90566e-19
325.299,2.90534e-19
325.31,2.90514e-19
325.32,2.90511e-19
325.33,2.9053e-19
325.34,2.90572e-19
325.35,2.90637e-19
325.361,2.90725e-19
325.371,2.90833e-19
325.381,2.90956e-19
325.391,2.91088e-19
325.401,2.91223e-19
325.412,2.91352e-19
325.422,2.91467e-19
325.432,2.91559e-19
325.442,2.9162e-19
325.452,2.9164e-19
325.463,2.91612e-19
325.473,2.91529e-19
325.483,2.91386e-19
325.493,2.91179e-19
325.504,2.90904e-19
325.514,2.90563e-19
325.524,2.90156e-19
325.534,2.89687e-19
325.544,2.8916e-19
325.555,2.88583e-19
325.565,2.87964e-19
325.575,2.87313e-19
325.585,2.86639e-19
325.596,2.85956e-19
325.606,2.85273e-19
325.616,2.84602e-19
325.626,2.83955e-19
325.636,2.83342e-19
325.647,2.82772e-19
325.657,2.82253e-19
325.667,2.81792e-19
325.677,2.81393e-19
325.688,2.8106e-19
325.698,2.80792e-19
325.708,2.8059e-19
325.718,2.80452e-19
325.729,2.80371e-19
325.739,2.80344e-19
325.749,2.80362e-19
325.759,2.80418e-19
325.77,2.80504e-19
325.78,2.80609e-19
325.79,2.80726e-19
325.8,2.80845e-19
325.81,2.80958e-19
325.821,2.81058e-19
325.831,2.81137e-19
325.841,2.81192e-19
325.851,2.81217e-19
325.862,2.8121e-19
325.872,2.8117e-19
325.882,2.81097e-19
325.892,2.80994e-19
325.903,2.80861e-19
325.913,2.80704e-19
325.923,2.80527e-19
325.933,2.80335e-19
325.944,2.80134e-19
325.954,2.79929e-19
325.964,2.79727e-19
325.974,2.79532e-19
325.985,2.79349e-19
325.995,2.79183e-19
326.005,2.79037e-19
326.015,2.78914e-19
326.026,2.78816e-19
326.036,2.78743e-19
326.046,2.78695e-19
326.056,2.78672e-19
326.067,2.78672e-19
326.077,2.78693e-19
326.087,2.78734e-19
326.097,2.78791e-19
326.108,2.78862e-19
326.118,2.78946e-19
326.128,2.79039e-19
326.138,2.79141e-19
326.149,2.79251e-19
326.159,2.79369e-19
326.169,2.79496e-19
326.179,2.79633e-19
326.19,2.79781e-19
326.2,2.79945e-19
326.21,2.80126e-19
326.221,2.8033e-19
326.231,2.80559e-19
326.241,2.80818e-19
326.251,2.81111e-19
326.262,2.81441e-19
326.272,2.81811e-19
326.282,2.82224e-19
326.292,2.8268e-19
326.303,2.83179e-19
326.313,2.83721e-19
326.323,2.84304e-19
326.334,2.84925e-19
326.344,2.85577e-19
326.354,2.86257e-19
326.364,2.86956e-19
326.375,2.87668e-19
326.385,2.88383e-19
326.395,2.89092e-19
326.405,2.89787e-19
326.416,2.90458e-19
326.426,2.91095e-19
326.436,2.91689e-19
326.447,2.92234e-19
326.457,2.9272e-19
326.467,2.93143e-19
326.477,2.93497e-19
326.488,2.93778e-19
326.498,2.93984e-19
326.508,2.94115e-19
326.519,2.9417e-19
326.529,2.94152e-19
326.539,2.94064e-19
326.549,2.9391e-19
326.56,2.93695e-19
326.57,2.93425e-19
326.58,2.93107e-19
326.591,2.92747e-19
326.601,2.92352e-19
326.611,2.91929e-19
326.621,2.91485e-19
326.632,2.91025e-19
326.642,2.90555e-19
326.652,2.90079e-19
326.663,2.89602e-19
326.673,2.89125e-19
326.683,2.88651e-19
326.693,2.88181e-19
326.704,2.87716e-19
326.714,2.87254e-19
326.724,2.86796e-19
326.735,2.86339e-19
326.745,2.85882e-19
326.755,2.85423e-19
326.765,2.84959e-19
326.776,2.8449e-19
326.786,2.84013e-19
326.796,2.83527e-19
326.807,2.83033e-19
326.817,2.82529e-19
326.827,2.82017e-19
326.838,2.81498e-19
326.848,2.80973e-19
326.858,2.80445e-19
326.869,2.79918e-19
326.879,2.79394e-19
326.889,2.78877e-19
326.899,2.78371e-19
326.91,2.77879e-19
326.92,2.77406e-19
326.93,2.76955e-19
326.941,2.7653e-19
326.951,2.76132e-19
326.961,2.75764e-19
326.972,2.75427e-19
326.982,2.75124e-19
326.992,2.74852e-19
327.003,2.74613e-19
327.013,2.74405e-19
327.023,2.74227e-19
327.034,2.74075e-19
327.044,2.73949e-19
327.054,2.73844e-19
327.064,2.73759e-19
327.075,2.7369e-19
327.085,2.73634e-19
327.095,2.7359e-19
327.106,2.73555e-19
327.116,2.73527e-19
327.126,2.73506e-19
327.137,2.7349e-19
327.147,2.73481e-19
327.157,2.73478e-19
327.168,2.73483e-19
327.178,2.73499e-19
327.188,2.73527e-19
327.199,2.73571e-19
327.209,2.73633e-19
327.219,2.73717e-19
327.23,2.73825e-19
327.24,2.73963e-19
327.25,2.74131e-19
327.261,2.74333e-19
327.271,2.74572e-19
327.281,2.74848e-19
327.292,2.75162e-19
327.302,2.75516e-19
327.312,2.75908e-19
327.323,2.76338e-19
327.333,2.76803e-19
327.343,2.77301e-19
327.354,2.77828e-19
327.364,2.78382e-19
327.374,2.78957e-19
327.385,2.7955e-19
327.395,2.80155e-19
327.405,2.80768e-19
327.416,2.81384e-19
327.426,2.81997e-19
327.436,2.82604e-19
327.447,2.832e-19
327.457,2.83782e-19
327.467,2.84345e-19
327.478,2.84888e-19
327.488,2.85408e-19
327.498,2.85904e-19
327.509,2.86373e-19
327.519,2.86816e-19
327.529,2.87233e-19
327.54,2.87624e-19
327.55,2.87991e-19
327.56,2.88333e-19
327.571,2.88653e-19
327.581,2.88953e-19
327.592,2.89235e-19
327.602,2.895e-19
327.612,2.8975e-19
327.623,2.89989e-19
327.633,2.90217e-19
327.643,2.90436e-19
327.654,2.90648e-19
327.664,2.90856e-19
327.674,2.91059e-19
327.685,2.91259e-19
327.695,2.91458e-19
327.705,2.91655e-19
327.716,2.91852e-19
327.726,2.92049e-19
327.737,2.92246e-19
327.747,2.92443e-19
327.757,2.92639e-19
327.768,2.92835e-19
327.778,2.93029e-19
327.788,2.93221e-19
327.799,2.93409e-19
327.809,2.93593e-19
327.819,2.93771e-19
327.83,2.93941e-19
327.84,2.94101e-19
327.851,2.94249e-19
327.861,2.94382e-19
327.871,2.94498e-19
327.882,2.94594e-19
327.892,2.94667e-19
327.902,2.94714e-19
327.913,2.94733e-19
327.923,2.94721e-19
327.933,2.94674e-19
327.944,2.94591e-19
327.954,2.94469e-19
327.965,2.94306e-19
327.975,2.94102e-19
327.985,2.93856e-19
327.996,2.93567e-19
328.006,2.93236e-19
328.016,2.92865e-19
328.027,2.92455e-19
328.037,2.92009e-19
328.048,2.91531e-19
328.058,2.91025e-19
328.068,2.90496e-19
328.079,2.89948e-19
328.089,2.89388e-19
328.1,2.88822e-19
328.11,2.88255e-19
328.12,2.87693e-19
328.131,2.87143e-19
328.141,2.8661e-19
328.151,2.861e-19
328.162,2.85617e-19
328.172,2.85164e-19
328.183,2.84746e-19
328.193,2.84363e-19
328.203,2.84018e-19
328.214,2.83711e-19
328.224,2.8344e-19
328.235,2.83205e-19
328.245,2.83001e-19
328.255,2.82827e-19
328.266,2.82678e-19
328.276,2.82549e-19
328.287,2.82435e-19
328.297,2.8233e-19
328.307,2.82229e-19
328.318,2.82127e-19
328.328,2.82019e-19
328.339,2.81899e-19
328.349,2.81764e-19
328.359,2.8161e-19
328.37,2.81435e-19
328.38,2.81237e-19
328.391,2.81015e-19
328.401,2.8077e-19
328.411,2.80503e-19
328.422,2.80216e-19
328.432,2.79911e-19
328.443,2.79593e-19
328.453,2.79266e-19
328.463,2.78935e-19
328.474,2.78603e-19
328.484,2.78277e-19
328.495,2.77962e-19
328.505,2.77662e-19
328.515,2.77382e-19
328.526,2.77125e-19
328.536,2.76895e-19
328.547,2.76695e-19
328.557,2.76525e-19
328.567,2.76387e-19
328.578,2.76282e-19
328.588,2.76207e-19
328.599,2.76161e-19
328.609,2.76142e-19
328.62,2.76148e-19
328.63,2.76174e-19
328.64,2.76217e-19
328.651,2.76273e-19
328.661,2.76338e-19
328.672,2.76409e-19
328.682,2.76481e-19
328.692,2.76552e-19
328.703,2.7662e-19
328.713,2.76682e-19
328.724,2.76737e-19
328.734,2.76785e-19
328.745,2.76827e-19
328.755,2.76863e-19
328.765,2.76896e-19
328.776,2.76929e-19
328.786,2.76964e-19
328.797,2.77006e-19
328.807,2.77059e-19
328.818,2.77127e-19
328.828,2.77215e-19
328.838,2.77326e-19
328.849,2.77467e-19
328.859,2.77639e-19
328.87,2.77847e-19
328.88,2.78093e-19
328.891,2.78379e-19
328.901,2.78706e-19
328.911,2.79076e-19
328.922,2.79486e-19
328.932,2.79936e-19
328.943,2.80423e-19
328.953,2.80946e-19
328.964,2.81498e-19
328.974,2.82078e-19
328.985,2.82678e-19
328.995,2.83295e-19
329.005,2.83922e-19
329.016,2.84555e-19
329.026,2.85186e-19
329.037,2.85811e-19
329.047,2.86424e-19
329.058,2.8702e-19
329.068,2.87595e-19
329.079,2.88145e-19
329.089,2.88666e-19
329.099,2.89155e-19
329.11,2.89612e-19
329.12,2.90034e-19
329.131,2.90421e-19
329.141,2.90774e-19
329.152,2.91093e-19
329.162,2.9138e-19
329.173,2.91637e-19
329.183,2.91867e-19
329.193,2.92074e-19
329.204,2.9226e-19
329.214,2.9243e-19
329.225,2.92589e-19
329.235,2.92739e-19
329.246,2.92886e-19
329.256,2.93034e-19
329.267,2.93187e-19
329.277,2.93349e-19
329.288,2.93525e-19
329.298,2.93716e-19
329.308,2.93927e-19
329.319,2.94161e-19
329.329,2.94419e-19
329.34,2.94702e-19
329.35,2.95013e-19
329.361,2.95351e-19
329.371,2.95717e-19
329.382,2.9611e-19
329.392,2.96528e-19
329.403,2.9697e-19
329.413,2.97434e-19
329.424,2.97916e-19
329.434,2.98414e-19
329.445,2.98923e-19
329.455,2.99441e-19
329.465,2.99962e-19
329.476,3.00482e-19
329.486,3.00998e-19
329.497,3.01504e-19
329.507,3.01997e-19
329.518,3.02474e-19
329.528,3.02929e-19
329.539,3.03362e-19
329.549,3.03769e-19
329.56,3.04149e-19
329.57,3.045e-19
329.581,3.04823e-19
329.591,3.05117e-19
329.602,3.05384e-19
329.612,3.05626e-19
329.623,3.05846e-19
329.633,3.06045e-19
329.644,3.06229e-19
329.654,3.06401e-19
329.664,3.06564e-19
329.675,3.06724e-19
329.685,3.06885e-19
329.696,3.0705e-19
329.706,3.07224e-19
329.717,3.07408e-19
329.727,3.07607e-19
329.738,3.07822e-19
329.748,3.08052e-19
329.759,3.08299e-19
329.769,3.08562e-19
329.78,3.08837e-19
329.79,3.09123e-19
329.801,3.09415e-19
329.811,3.09708e-19
329.822,3.09997e-19
329.832,3.10276e-19
329.843,3.10538e-19
329.853,3.10777e-19
329.864,3.10986e-19
329.874,3.11158e-19
329.885,3.11288e-19
329.895,3.11369e-19
329.906,3.11397e-19
329.916,3.11369e-19
329.927,3.1128e-19
329.937,3.1113e-19
329.948,3.10918e-19
329.958,3.10646e-19
329.969,3.10314e-19
329.979,3.09927e-19
329.99,3.09488e-19
330,3.09003e-19
330.011,3.08478e-19
330.021,3.0792e-19
330.032,3.07337e-19
330.042,3.06734e-19
330.053,3.06121e-19
330.063,3.05503e-19
330.074,3.04888e-19
330.084,3.04282e-19
330.095,3.03689e-19
330.105,3.03115e-19
330.116,3.02562e-19
330.126,3.02032e-19
330.137,3.01527e-19
330.147,3.01046e-19
330.158,3.00588e-19
330.168,3.00151e-19
330.179,2.99732e-19
330.189,2.99327e-19
330.2,2.98931e-19
330.211,2.98541e-19
330.221,2.98151e-19
330.232,2.97757e-19
330.242,2.97356e-19
330.253,2.96943e-19
330.263,2.96515e-19
330.274,2.9607e-19
330.284,2.95608e-19
330.295,2.95128e-19
330.305,2.9463e-19
330.316,2.94117e-19
330.326,2.93592e-19
330.337,2.93058e-19
330.347,2.92519e-19
330.358,2.91981e-19
330.368,2.9145e-19
330.379,2.9093e-19
330.389,2.90428e-19
330.4,2.8995e-19
330.41,2.895e-19
330.421,2.89083e-19
330.432,2.88704e-19
330.442,2.88365e-19
330.453,2.8807e-19
330.463,2.87819e-19
330.474,2.87613e-19
330.484,2.87451e-19
330.495,2.87332e-19
330.505,2.87254e-19
330.516,2.87213e-19
330.526,2.87205e-19
330.537,2.87227e-19
330.547,2.87275e-19
330.558,2.87343e-19
330.568,2.87427e-19
330.579,2.87524e-19
330.59,2.87629e-19
330.6,2.8774e-19
330.611,2.87853e-19
330.621,2.87966e-19
330.632,2.88079e-19
330.642,2.8819e-19
330.653,2.88301e-19
330.663,2.88411e-19
330.674,2.88522e-19
330.684,2.88635e-19
330.695,2.88753e-19
330.706,2.88877e-19
330.716,2.8901e-19
330.727,2.89154e-19
330.737,2.8931e-19
330.748,2.8948e-19
330.758,2.89664e-19
330.769,2.89863e-19
330.779,2.90077e-19
330.79,2.90304e-19
330.801,2.90543e-19
330.811,2.90792e-19
330.822,2.91048e-19
330.832,2.91309e-19
330.843,2.91572e-19
330.853,2.91834e-19
330.864,2.9209e-19
330.874,2.9234e-19
330.885,2.92579e-19
330.896,2.92807e-19
330.906,2.93021e-19
330.917,2.93221e-19
330.927,2.93407e-19
330.938,2.93579e-19
330.948,2.93739e-19
330.959,2.93888e-19
330.97,2.9403e-19
330.98,2.94166e-19
330.991,2.94301e-19
331.001,2.94437e-19
331.012,2.94578e-19
331.022,2.94728e-19
331.033,2.94887e-19
331.043,2.9506e-19
331.054,2.95246e-19
331.065,2.95448e-19
331.075,2.95663e-19
331.086,2.95891e-19
331.096,2.96129e-19
331.107,2.96375e-19
331.118,2.96623e-19
331.128,2.96869e-19
331.139,2.97108e-19
331.149,2.97334e-19
331.16,2.9754e-19
331.17,2.97722e-19
331.181,2.97873e-19
331.192,2.97988e-19
331.202,2.98064e-19
331.213,2.98098e-19
331.223,2.98087e-19
331.234,2.98032e-19
331.244,2.97933e-19
331.255,2.97794e-19
331.266,2.97617e-19
331.276,2.97409e-19
331.287,2.97176e-19
331.297,2.96926e-19
331.308,2.96668e-19
331.319,2.96411e-19
331.329,2.96163e-19
331.34,2.95935e-19
331.35,2.95736e-19
331.361,2.95573e-19
331.372,2.95453e-19
331.382,2.95382e-19
331.393,2.95364e-19
331.403,2.95401e-19
331.414,2.95494e-19
331.424,2.95639e-19
331.435,2.95835e-19
331.446,2.96075e-19
331.456,2.9635e-19
331.467,2.96654e-19
331.477,2.96974e-19
331.488,2.97299e-19
331.499,2.97618e-19
331.509,2.97919e-19
331.52,2.98189e-19
331.53,2.98418e-19
331.541,2.98594e-19
331.552,2.98711e-19
331.562,2.9876e-19
331.573,2.98736e-19
331.583,2.98637e-19
331.594,2.98463e-19
331.605,2.98215e-19
331.615,2.97897e-19
331.626,2.97516e-19
331.637,2.97081e-19
331.647,2.96601e-19
331.658,2.96089e-19
331.668,2.95557e-19
331.679,2.95018e-19
331.69,2.94486e-19
331.7,2.93975e-19
331.711,2.93495e-19
331.721,2.93059e-19
331.732,2.92677e-19
331.743,2.92356e-19
331.753,2.92102e-19
331.764,2.91918e-19
331.774,2.91807e-19
331.785,2.91765e-19
331.796,2.91791e-19
331.806,2.91878e-19
331.817,2.92018e-19
331.828,2.92203e-19
331.838,2.92421e-19
331.849,2.92662e-19
331.859,2.92913e-19
331.87,2.93164e-19
331.881,2.93402e-19
331.891,2.93617e-19
331.902,2.938e-19
331.913,2.93944e-19
331.923,2.94043e-19
331.934,2.94094e-19
331.944,2.94096e-19
331.955,2.94048e-19
331.966,2.93956e-19
331.976,2.93823e-19
331.987,2.93658e-19
331.998,2.9347e-19
332.008,2.93268e-19
332.019,2.93064e-19
332.029,2.9287e-19
332.04,2.92699e-19
332.051,2.92561e-19
332.061,2.92467e-19
332.072,2.92429e-19
332.083,2.92455e-19
332.093,2.92551e-19
332.104,2.92724e-19
332.115,2.92976e-19
332.125,2.93309e-19
332.136,2.93723e-19
332.147,2.94214e-19
332.157,2.94778e-19
332.168,2.95409e-19
332.178,2.961e-19
332.189,2.96843e-19
332.2,2.97629e-19
332.21,2.98449e-19
332.221,2.99284e-19
332.232,3.00141e-19
332.242,3.00999e-19
332.253,3.01874e-19
332.264,3.0275e-19
332.274,3.03593e-19
332.285,3.0443e-19
332.296,3.05259e-19
332.306,3.06198e-19
332.317,3.06909e-19
332.328,3.07748e-19
332.338,3.08719e-19
332.349,3.09423e-19
332.359,3.10449e-19
332.37,3.11317e-19
332.381,3.1203e-19
332.391,3.13027e-19
332.402,3.1393e-19
332.413,3.15055e-19
332.423,3.16154e-19
332.434,3.17087e-19
332.445,3.18251e-19
332.455,3.19405e-19
332.466,3.20677e-19
332.477,3.21876e-19
332.487,3.23271e-19
332.498,3.24822e-19
332.509,3.26129e-19
332.519,3.27576e-19
332.53,3.28723e-19
332.541,3.30085e-19
332.551,3.31704e-19
332.562,3.3316e-19
332.573,3.34578e-19
332.583,3.35653e-19
332.594,3.36958e-19
332.605,3.38362e-19
332.615,3.39465e-19
332.626,3.40532e-19
332.637,3.41691e-19
332.647,3.42981e-19
332.658,3.4415e-19
332.669,3.44781e-19
332.679,3.4578e-19
332.69,3.47308e-19
332.701,3.48129e-19
332.711,3.49012e-19
332.722,3.49941e-19
332.733,3.50733e-19
332.743,3.52011e-19
332.754,3.52428e-19
332.765,3.53191e-19
332.776,3.54707e-19
332.786,3.5495e-19
332.797,3.56163e-19
332.808,3.57484e-19
332.818,3.57808e-19
332.829,3.59007e-19
332.84,3.59975e-19
332.85,3.60784e-19
332.861,3.61584e-19
332.872,3.62586e-19
332.882,3.6308e-19
332.893,3.63796e-19
332.904,3.6531e-19
332.914,3.65731e-19
332.925,3.66427e-19
332.936,3.67301e-19
332.947,3.67775e-19
332.957,3.68194e-19
332.968,3.69114e-19
332.979,3.6932e-19
332.989,3.69131e-19
333,3.70165e-19
333.011,3.70117e-19
333.021,3.70411e-19
333.032,3.70659e-19
333.043,3.7036e-19
333.053,3.71111e-19
333.064,3.70994e-19
333.075,3.70593e-19
333.086,3.7091e-19
333.096,3.71073e-19
333.107,3.70913e-19
333.118,3.70394e-19
333.128,3.69768e-19
333.139,3.70161e-19
333.15,3.69962e-19
333.161,3.69247e-19
333.171,3.69216e-19
333.182,3.67723e-19
333.193,3.67118e-19
333.203,3.67818e-19
333.214,3.66445e-19
333.225,3.64986e-19
333.235,3.64629e-19
333.246,3.63531e-19
333.257,3.62198e-19
333.268,3.61214e-19
333.278,3.60159e-19
333.289,3.59151e-19
333.3,3.58373e-19
333.31,3.56796e-19
333.321,3.54955e-19
333.332,3.53951e-19
333.343,3.52089e-19
333.353,3.51286e-19
333.364,3.50578e-19
333.375,3.48396e-19
333.385,3.47581e-19
333.396,3.45996e-19
333.407,3.4503e-19
333.418,3.446e-19
333.428,3.4263e-19
333.439,3.414e-19
333.45,3.39731e-19
333.461,3.3937e-19
333.471,3.38726e-19
333.482,3.36777e-19
333.493,3.37101e-19
333.503,3.35834e-19
333.514,3.34608e-19
333.525,3.34531e-19
333.536,3.33271e-19
333.546,3.33544e-19
333.557,3.32496e-19
333.568,3.3125e-19
333.579,3.31562e-19
333.589,3.30033e-19
333.6,3.29436e-19
333.611,3.29119e-19
333.622,3.27902e-19
333.632,3.28084e-19
333.643,3.27382e-19
333.654,3.25634e-19
333.664,3.2495e-19
333.675,3.25188e-19
333.686,3.24334e-19
333.697,3.2313e-19
333.707,3.2337e-19
333.718,3.22293e-19
333.729,3.20521e-19
333.74,3.19862e-19
333.75,3.20048e-19
333.761,3.20479e-19
333.772,3.19908e-19
333.783,3.18662e-19
333.793,3.17546e-19
333.804,3.17485e-19
333.815,3.16545e-19
333.826,3.15394e-19
333.836,3.1506e-19
333.847,3.14409e-19
333.858,3.13858e-19
333.869,3.12566e-19
333.879,3.12119e-19
333.89,3.11075e-19
333.901,3.10259e-19
333.912,3.10625e-19
333.922,3.08463e-19
333.933,3.08035e-19
333.944,3.09246e-19
333.955,3.06588e-19
333.965,3.03996e-19
333.976,3.051e-19
333.987,3.04091e-19
333.998,3.022e-19
334.008,3.02176e-19
334.019,3.00888e-19
334.03,3.00792e-19
334.041,2.99506e-19
334.052,2.9808e-19
334.062,2.97231e-19
334.073,2.95679e-19
334.084,2.96082e-19
334.095,2.94296e-19
334.105,2.94065e-19
334.116,2.94169e-19
334.127,2.92593e-19
334.138,2.93027e-19
334.148,2.91958e-19
334.159,2.91509e-19
334.17,2.90093e-19
334.181,2.88853e-19
334.192,2.89795e-19
334.202,2.89506e-19
334.213,2.88641e-19
334.224,2.87575e-19
334.235,2.8812e-19
334.245,2.8752e-19
334.256,2.86078e-19
334.267,2.86254e-19
334.278,2.86485e-19
334.288,2.8672e-19
334.299,2.86182e-19
334.31,2.86957e-19
334.321,2.87039e-19
334.332,2.85864e-19
334.342,2.872e-19
334.353,2.86911e-19
334.364,2.86766e-19
334.375,2.89641e-19
334.386,2.8863e-19
334.396,2.87483e-19
334.407,2.90324e-19
334.418,2.90923e-19
334.429,2.8999e-19
334.439,2.90323e-19
334.45,2.90646e-19
334.461,2.91111e-19
334.472,2.92677e-19
334.483,2.93503e-19
334.493,2.94043e-19
334.504,2.95372e-19
334.515,2.95735e-19
334.526,2.9713e-19
334.537,2.98572e-19
334.547,2.98229e-19
334.558,2.99416e-19
334.569,3.00497e-19
334.58,3.00525e-19
334.591,3.00935e-19
334.601,3.01311e-19
334.612,3.03919e-19
334.623,3.04465e-19
334.634,3.03363e-19
334.645,3.04942e-19
334.655,3.06896e-19
334.666,3.09291e-19
334.677,3.08492e-19
334.688,3.08396e-19
334.699,3.1114e-19
334.709,3.11682e-19
334.72,3.11898e-19
334.731,3.12666e-19
334.742,3.13901e-19
334.753,3.15238e-19
334.763,3.17876e-19
334.774,3.18852e-19
334.785,3.20114e-19
334.796,3.22722e-19
334.807,3.22789e-19
334.817,3.25863e-19
334.828,3.28077e-19
334.839,3.27735e-19
334.85,3.30531e-19
334.861,3.3325e-19
334.872,3.35007e-19
334.882,3.37847e-19
334.893,3.39324e-19
334.904,3.40517e-19
334.915,3.4283e-19
334.926,3.44375e-19
334.936,3.47467e-19
334.947,3.49536e-19
334.958,3.49323e-19
334.969,3.51251e-19
334.98,3.54723e-19
334.991,3.55439e-19
335.001,3.56455e-19
335.012,3.60012e-19
335.023,3.59957e-19
335.034,3.59838e-19
335.045,3.60773e-19
335.056,3.60755e-19
335.066,3.60014e-19
335.077,3.59109e-19
335.088,3.60576e-19
335.099,3.59248e-19
335.11,3.58743e-19
335.121,3.58499e-19
335.131,3.56029e-19
335.142,3.5662e-19
335.153,3.53109e-19
335.164,3.50921e-19
335.175,3.52576e-19
335.186,3.49467e-19
335.196,3.48674e-19
335.207,3.48366e-19
335.218,3.44877e-19
335.229,3.43646e-19
335.24,3.42747e-19
335.251,3.40901e-19
335.261,3.39956e-19
335.272,3.38435e-19
335.283,3.35497e-19
335.294,3.34201e-19
335.305,3.33508e-19
335.316,3.31857e-19
335.326,3.30699e-19
335.337,3.29393e-19
335.348,3.29132e-19
335.359,3.29251e-19
335.37,3.291e-19
335.381,3.28168e-19
335.392,3.26104e-19
335.402,3.26341e-19
335.413,3.26098e-19
335.424,3.24836e-19
335.435,3.24417e-19
335.446,3.23926e-19
335.457,3.24464e-19
335.468,3.22973e-19
335.478,3.22656e-19
335.489,3.22722e-19
335.5,3.2131e-19
335.511,3.22128e-19
335.522,3.19599e-19
335.533,3.18182e-19
335.544,3.17983e-19
335.554,3.17568e-19
335.565,3.18863e-19
335.576,3.15072e-19
335.587,3.14657e-19
335.598,3.16873e-19
335.609,3.15376e-19
335.62,3.1537e-19
335.63,3.13988e-19
335.641,3.13264e-19
335.652,3.14865e-19
335.663,3.13044e-19
335.674,3.13742e-19
335.685,3.1449e-19
335.696,3.09757e-19
335.707,3.1103e-19
335.717,3.12552e-19
335.728,3.10755e-19
335.739,3.11574e-19
335.75,3.12651e-19
335.761,3.13301e-19
335.772,3.12321e-19
335.783,3.13989e-19
335.794,3.13518e-19
335.804,3.12323e-19
335.815,3.14299e-19
335.826,3.14195e-19
335.837,3.13886e-19
335.848,3.1335e-19
335.859,3.15905e-19
335.87,3.1566e-19
335.881,3.14294e-19
335.891,3.17239e-19
335.902,3.18195e-19
335.913,3.20141e-19
335.924,3.18578e-19
335.935,3.17355e-19
335.946,3.21271e-19
335.957,3.21195e-19
335.968,3.20558e-19
335.979,3.21487e-19
335.989,3.22722e-19
336,3.23671e-19
336.011,3.22424e-19
336.022,3.2448e-19
336.033,3.26586e-19
336.044,3.26299e-19
336.055,3.27718e-19
336.066,3.27746e-19
336.077,3.28166e-19
336.087,3.28535e-19
336.098,3.31092e-19
336.109,3.33153e-19
336.12,3.29586e-19
336.131,3.31193e-19
336.142,3.34056e-19
336.153,3.34078e-19
336.164,3.3446e-19
336.175,3.34546e-19
336.186,3.35914e-19
336.196,3.37064e-19
336.207,3.38726e-19
336.218,3.37791e-19
336.229,3.378e-19
336.24,3.39103e-19
336.251,3.38886e-19
336.262,3.41065e-19
336.273,3.40372e-19
336.284,3.4005e-19
336.295,3.40839e-19
336.305,3.40373e-19
336.316,3.41996e-19
336.327,3.43133e-19
336.338,3.43226e-19
336.349,3.42834e-19
336.36,3.44578e-19
336.371,3.43596e-19
336.382,3.4188e-19
336.393,3.43371e-19
336.404,3.42459e-19
336.415,3.44555e-19
336.426,3.43745e-19
336.436,3.42198e-19
336.447,3.43996e-19
336.458,3.39528e-19
336.469,3.40035e-19
336.48,3.42705e-19
336.491,3.40884e-19
336.502,3.4309e-19
336.513,3.42448e-19
336.524,3.40072e-19
336.535,3.4132e-19
336.546,3.40364e-19
336.557,3.4092e-19
336.568,3.42233e-19
336.578,3.41662e-19
336.589,3.42798e-19
336.6,3.41551e-19
336.611,3.41477e-19
336.622,3.42381e-19
336.633,3.4271e-19
336.644,3.44964e-19
336.655,3.44004e-19
336.666,3.43764e-19
336.677,3.4555e-19
336.688,3.46418e-19
336.699,3.46066e-19
336.71,3.45154e-19
336.721,3.44362e-19
336.731,3.44955e-19
336.742,3.4617e-19
336.753,3.46396e-19
336.764,3.47375e-19
336.775,3.44343e-19
336.786,3.46651e-19
336.797,3.49516e-19
336.808,3.44516e-19
336.819,3.45996e-19
336.83,3.47073e-19
336.841,3.45905e-19
336.852,3.44953e-19
336.863,3.45194e-19
336.874,3.45654e-19
336.885,3.40766e-19
336.896,3.41798e-19
336.907,3.435e-19
336.918,3.4023e-19
336.928,3.40254e-19
336.939,3.40438e-19
336.95,3.38139e-19
336.961,3.37602e-19
336.972,3.37795e-19
336.983,3.36932e-19
336.994,3.38224e-19
337.005,3.36686e-19
337.016,3.34309e-19
337.027,3.36195e-19
337.038,3.35225e-19
337.049,3.3179e-19
337.06,3.31077e-19
337.071,3.32126e-19
337.082,3.31041e-19
337.093,3.28954e-19
337.104,3.30039e-19
337.115,3.29409e-19
337.126,3.26787e-19
337.137,3.28e-19
337.148,3.2908e-19
337.159,3.27768e-19
337.17,3.27649e-19
337.18,3.27069e-19
337.191,3.24828e-19
337.202,3.2452e-19
337.213,3.2505e-19
337.224,3.25043e-19
337.235,3.23473e-19
337.246,3.22141e-19
337.257,3.24337e-19
337.268,3.23237e-19
337.279,3.20309e-19
337.29,3.19477e-19
337.301,3.18879e-19
337.312,3.17959e-19
337.323,3.16591e-19
337.334,3.15267e-19
337.345,3.13251e-19
337.356,3.1383e-19
337.367,3.13316e-19
337.378,3.12189e-19
337.389,3.12991e-19
337.4,3.12283e-19
337.411,3.13397e-19
337.422,3.10993e-19
337.433,3.06947e-19
337.444,3.08537e-19
337.455,3.09969e-19
337.466,3.09223e-19
337.477,3.07285e-19
337.488,3.07546e-19
337.499,3.08857e-19
337.51,3.07043e-19
337.521,3.07684e-19
337.532,3.07333e-19
337.543,3.05243e-19
337.554,3.05805e-19
337.565,3.03647e-19
337.576,3.03086e-19
337.587,3.04164e-19
337.598,3.03837e-19
337.609,3.04118e-19
337.62,3.02704e-19
337.631,3.0255e-19
337.642,3.04547e-19
337.653,3.02569e-19
337.664,2.99834e-19
337.675,3.01633e-19
337.686,3.0184e-19
337.697,3.02274e-19
337.708,3.00637e-19
337.719,3.00299e-19
337.73,3.02989e-19
337.741,2.97691e-19
337.752,2.99025e-19
337.763,3.00652e-19
337.774,2.96684e-19
337.785,2.99735e-19
337.796,2.99355e-19
337.807,2.99714e-19
337.818,3.01597e-19
337.829,2.9723e-19
337.84,2.96584e-19
337.851,3.00002e-19
337.862,3.00466e-19
337.873,3.00943e-19
337.884,2.99651e-19
337.895,2.98761e-19
337.906,2.99414e-19
337.917,3.00366e-19
337.928,3.05229e-19
337.939,3.0506e-19
337.95,3.05093e-19
337.961,3.04886e-19
337.972,3.03787e-19
337.983,3.05057e-19
337.994,3.0266e-19
338.005,3.08676e-19
338.016,3.10182e-19
338.027,3.10292e-19
338.038,3.1444e-19
338.049,3.10829e-19
338.06,3.13874e-19
338.071,3.14969e-19
338.082,3.15303e-19
338.093,3.17215e-19
338.104,3.18999e-19
338.115,3.22193e-19
338.126,3.19256e-19
338.137,3.2212e-19
338.148,3.24602e-19
338.159,3.24946e-19
338.17,3.25466e-19
338.181,3.2656e-19
338.192,3.31457e-19
338.203,3.32515e-19
338.214,3.33925e-19
338.226,3.3426e-19
338.237,3.38809e-19
338.248,3.42569e-19
338.259,3.41782e-19
338.27,3.46212e-19
338.281,3.49642e-19
338.292,3.52678e-19
338.303,3.5272e-19
338.314,3.51695e-19
338.325,3.54525e-19
338.336,3.57631e-19
338.347,3.59111e-19
338.358,3.59945e-19
338.369,3.63391e-19
338.38,3.66577e-19
338.391,3.67298e-19
338.402,3.69048e-19
338.413,3.7456e-19
338.424,3.75729e-19
338.435,3.76524e-19
338.446,3.82205e-19
338.457,3.82236e-19
338.468,3.8173e-19
338.48,3.84267e-19
338.491,3.8571e-19
338.502,3.85977e-19
338.513,3.84796e-19
338.524,3.87849e-19
338.535,3.89949e-19
338.546,3.89095e-19
338.557,3.95433e-19
338.568,3.94692e-19
338.579,3.88858e-19
338.59,3.93388e-19
338.601,3.9366e-19
338.612,3.92861e-19
338.623,3.96342e-19
338.634,3.94518e-19
338.645,3.95623e-19
338.656,3.97354e-19
338.667,3.94979e-19
338.679,3.98231e-19
338.69,3.97823e-19
338.701,3.95742e-19
338.712,4.00549e-19
338.723,4.01255e-19
338.734,4.01658e-19
338.745,4.01776e-19
338.756,3.99425e-19
338.767,4.00007e-19
338.778,4.01113e-19
338.789,4.00699e-19
338.8,4.01443e-19
338.811,4.0352e-19
338.822,4.02285e-19
338.834,4.02115e-19
338.845,4.02984e-19
338.856,4.02177e-19
338.867,4.02386e-19
338.878,4.02423e-19
338.889,4.00164e-19
338.9,3.98063e-19
338.911,3.9815e-19
338.922,3.98985e-19
338.933,3.99496e-19
338.944,3.99403e-19
338.955,4.01596e-19
338.966,4.00443e-19
338.978,3.99688e-19
338.989,4.00616e-19
339,3.98423e-19
339.011,3.99385e-19
339.022,3.9897e-19
339.033,3.99815e-19
339.044,4.01169e-19
339.055,4.00258e-19
339.066,3.99521e-19
339.077,3.97601e-19
339.088,3.97651e-19
339.099,3.9776e-19
339.111,3.98882e-19
339.122,3.96519e-19
339.133,3.91737e-19
339.144,3.95727e-19
339.155,3.98078e-19
339.166,3.94105e-19
339.177,3.94042e-19
339.188,3.91591e-19
339.199,3.90875e-19
339.21,3.93538e-19
339.222,3.90563e-19
339.233,3.90027e-19
339.244,3.87389e-19
339.255,3.86064e-19
339.266,3.89226e-19
339.277,3.87457e-19
339.288,3.86288e-19
339.299,3.85358e-19
339.31,3.82985e-19
339.321,3.81863e-19
339.333,3.81697e-19
339.344,3.79918e-19
339.355,3.79688e-19
339.366,3.81344e-19
339.377,3.79022e-19
339.388,3.78208e-19
339.399,3.77221e-19
339.41,3.73893e-19
339.421,3.74559e-19
339.433,3.72652e-19
339.444,3.71581e-19
339.455,3.72277e-19
339.466,3.66796e-19
339.477,3.65606e-19
339.488,3.66191e-19
339.499,3.66592e-19
339.51,3.6634e-19
339.522,3.6357e-19
339.533,3.63258e-19
339.544,3.62752e-19
339.555,3.63598e-19
339.566,3.5976e-19
339.577,3.57477e-19
339.588,3.60243e-19
339.599,3.61688e-19
339.61,3.60907e-19
339.622,3.5975e-19
339.633,3.60871e-19
339.644,3.58545e-19
339.655,3.6044e-19
339.666,3.58139e-19
339.677,3.57815e-19
339.688,3.6259e-19
339.7,3.58297e-19
339.711,3.6021e-19
339.722,3.58817e-19
339.733,3.55986e-19
339.744,3.57592e-19
339.755,3.55855e-19
339.766,3.56422e-19
339.777,3.58773e-19
339.789,3.606e-19
339.8,3.55857e-19
339.811,3.55433e-19
339.822,3.57323e-19
339.833,3.56028e-19
339.844,3.58471e-19
339.855,3.56974e-19
339.867,3.56583e-19
339.878,3.58004e-19
339.889,3.58238e-19
339.9,3.56165e-19
339.911,3.54737e-19
339.922,3.57745e-19
339.933,3.57258e-19
339.945,3.5883e-19
339.956,3.57975e-19
339.967,3.54792e-19
339.978,3.55275e-19
339.989,3.5707e-19
340,3.61556e-19
340.011,3.59968e-19
340.023,3.58853e-19
340.034,3.57751e-19
340.045,3.5877e-19
340.056,3.61917e-19
340.067,3.57673e-19
340.078,3.59394e-19
340.09,3.60926e-19
340.101,3.60647e-19
340.112,3.602e-19
340.123,3.59909e-19
340.134,3.63467e-19
340.145,3.62728e-19
340.156,3.62627e-19
340.168,3.62792e-19
340.179,3.60349e-19
340.19,3.57353e-19
340.201,3.58668e-19
340.212,3.58722e-19
340.223,3.58173e-19
340.235,3.61272e-19
340.246,3.61219e-19
340.257,3.61396e-19
340.268,3.60287e-19
340.279,3.61708e-19
340.29,3.60186e-19
340.302,3.5813e-19
340.313,3.6219e-19
340.324,3.64005e-19
340.335,3.64207e-19
340.346,3.61806e-19
340.357,3.6502e-19
340.369,3.67195e-19
340.38,3.67148e-19
340.391,3.68749e-19
340.402,3.64119e-19
340.413,3.64631e-19
340.425,3.67897e-19
340.436,3.68566e-19
340.447,3.68003e-19
340.458,3.68241e-19
340.469,3.67743e-19
340.48,3.6461e-19
340.492,3.68111e-19
340.503,3.68431e-19
340.514,3.66972e-19
340.525,3.68917e-19
340.536,3.67566e-19
340.548,3.69242e-19
340.559,3.69403e-19
340.57,3.70086e-19
340.581,3.71869e-19
340.592,3.69865e-19
340.603,3.71913e-19
340.615,3.74989e-19
340.626,3.72583e-19
340.637,3.70554e-19
340.648,3.7322e-19
340.659,3.73033e-19
340.671,3.72512e-19
340.682,3.72817e-19
340.693,3.73875e-19
340.704,3.73733e-19
340.715,3.73851e-19
340.727,3.76054e-19
340.738,3.71615e-19
340.749,3.75567e-19
340.76,3.7675e-19
340.771,3.77218e-19
340.783,3.83208e-19
340.794,3.78812e-19
340.805,3.81793e-19
340.816,3.81607e-19
340.827,3.8236e-19
340.839,3.88202e-19
340.85,3.86206e-19
340.861,3.86203e-19
340.872,3.88805e-19
340.883,3.90226e-19
340.895,3.88874e-19
340.906,3.91122e-19
340.917,3.91218e-19
340.928,3.93384e-19
340.94,3.95034e-19
340.951,3.94022e-19
340.962,3.9661e-19
340.973,3.9585e-19
340.984,4.01465e-19
340.996,4.03099e-19
341.007,3.99199e-19
341.018,4.02372e-19
341.029,4.05761e-19
341.04,4.05012e-19
341.052,4.05e-19
341.063,4.06604e-19
341.074,4.07326e-19
341.085,4.0817e-19
341.097,4.0716e-19
341.108,4.11053e-19
341.119,4.11391e-19
341.13,4.11388e-19
341.141,4.16077e-19
341.153,4.14572e-19
341.164,4.14762e-19
341.175,4.14355e-19
341.186,4.14821e-19
341.198,4.16021e-19
341.209,4.14145e-19
341.22,4.13445e-19
341.231,4.1243e-19
341.243,4.12295e-19
341.254,4.12438e-19
341.265,4.13135e-19
341.276,4.14896e-19
341.287,4.15711e-19
341.299,4.13283e-19
341.31,4.13868e-19
341.321,4.16934e-19
341.332,4.13005e-19
341.344,4.11791e-19
341.355,4.14065e-19
341.366,4.14405e-19
341.377,4.13763e-19
341.389,4.10477e-19
341.4,4.12972e-19
341.411,4.13981e-19
341.422,4.12403e-19
341.434,4.13278e-19
341.445,4.10645e-19
341.456,4.11615e-19
341.467,4.12343e-19
341.479,4.11163e-19
341.49,4.08636e-19
341.501,4.07478e-19
341.512,4.09796e-19
341.524,4.09637e-19
341.535,4.09921e-19
341.546,4.08775e-19
341.557,4.08577e-19
341.569,4.08606e-19
341.58,4.08906e-19
341.591,4.08557e-19
341.602,4.07874e-19
341.614,4.05859e-19
341.625,4.04177e-19
341.636,4.07472e-19
341.647,4.04275e-19
341.659,4.05117e-19
341.67,4.05761e-19
341.681,4.03193e-19
341.692,4.05146e-19
341.704,4.04477e-19
341.715,4.05716e-19
341.726,4.03278e-19
341.737,4.03467e-19
341.749,4.04566e-19
341.76,4.02799e-19
341.771,4.03309e-19
341.783,4.02333e-19
341.794,4.03139e-19
341.805,4.03443e-19
341.816,4.01942e-19
341.828,3.99167e-19
341.839,3.987e-19
341.85,3.9668e-19
341.861,3.95498e-19
341.873,3.95978e-19
341.884,3.94507e-19
341.895,3.95556e-19
341.906,3.91401e-19
341.918,3.90665e-19
341.929,3.91758e-19
341.94,3.87781e-19
341.952,3.88527e-19
341.963,3.87592e-19
341.974,3.83563e-19
341.985,3.83145e-19
341.997,3.84402e-19
342.008,3.82102e-19
342.019,3.80279e-19
342.031,3.80627e-19
342.042,3.77195e-19
342.053,3.76088e-19
342.064,3.77307e-19
342.076,3.74778e-19
342.087,3.74529e-19
342.098,3.74202e-19
342.11,3.72326e-19
342.121,3.71379e-19
342.132,3.69141e-19
342.143,3.6799e-19
342.155,3.6594e-19
342.166,3.67008e-19
342.177,3.68194e-19
342.189,3.64052e-19
342.2,3.61231e-19
342.211,3.61046e-19
342.223,3.60049e-19
342.234,3.57581e-19
342.245,3.60294e-19
342.256,3.58257e-19
342.268,3.55235e-19
342.279,3.57423e-19
342.29,3.53908e-19
342.302,3.54938e-19
342.313,3.54186e-19
342.324,3.53817e-19
342.336,3.55492e-19
342.347,3.50906e-19
342.358,3.52391e-19
342.369,3.51945e-19
342.381,3.50529e-19
342.392,3.49818e-19
342.403,3.46269e-19
342.415,3.47669e-19
342.426,3.48605e-19
342.437,3.47957e-19
342.449,3.47711e-19
342.46,3.46931e-19
342.471,3.44843e-19
342.483,3.45479e-19
342.494,3.47089e-19
342.505,3.45796e-19
342.516,3.45001e-19
342.528,3.44833e-19
342.539,3.44646e-19
342.55,3.42285e-19
342.562,3.43978e-19
342.573,3.45378e-19
342.584,3.43438e-19
342.596,3.43542e-19
342.607,3.41747e-19
342.618,3.41956e-19
342.63,3.40402e-19
342.641,3.37471e-19
342.652,3.37299e-19
342.664,3.38405e-19
342.675,3.3959e-19
342.686,3.38685e-19
342.698,3.38837e-19
342.709,3.37088e-19
342.72,3.3681e-19
342.732,3.35386e-19
342.743,3.3251e-19
342.754,3.33312e-19
342.766,3.32121e-19
342.777,3.32898e-19
342.788,3.3194e-19
342.8,3.29652e-19
342.811,3.29036e-19
342.822,3.2904e-19
342.834,3.3e-19
342.845,3.26543e-19
342.856,3.26197e-19
342.868,3.28144e-19
342.879,3.26902e-19
342.89,3.26276e-19
342.902,3.27805e-19
342.913,3.27231e-19
342.924,3.26058e-19
342.936,3.26415e-19
342.947,3.24463e-19
342.958,3.27185e-19
342.97,3.26025e-19
342.981,3.23127e-19
342.992,3.24977e-19
343.004,3.24264e-19
343.015,3.25975e-19
343.026,3.25088e-19
343.038,3.24441e-19
343.049,3.24447e-19
343.061,3.24458e-19
343.072,3.25961e-19
343.083,3.2476e-19
343.095,3.24589e-19
343.106,3.25114e-19
343.117,3.26257e-19
343.129,3.22846e-19
343.14,3.2427e-19
343.151,3.27228e-19
343.163,3.24536e-19
343.174,3.27228e-19
343.185,3.27016e-19
343.197,3.27514e-19
343.208,3.2833e-19
343.22,3.29392e-19
343.231,3.32452e-19
343.242,3.3131e-19
343.254,3.35087e-19
343.265,3.35372e-19
343.276,3.33807e-19
343.288,3.38854e-19
343.299,3.40143e-19
343.31,3.40075e-19
343.322,3.40872e-19
343.333,3.41995e-19
343.345,3.44935e-19
343.356,3.47158e-19
343.367,3.48656e-19
343.379,3.49351e-19
343.39,3.51127e-19
343.401,3.53206e-19
343.413,3.53027e-19
343.424,3.53631e-19
343.436,3.56099e-19
343.447,3.58265e-19
343.458,3.58776e-19
343.47,3.6e-19
343.481,3.62931e-19
343.492,3.64753e-19
343.504,3.63106e-19
343.515,3.62776e-19
343.527,3.65881e-19
343.538,3.64304e-19
343.549,3.65306e-19
343.561,3.70286e-19
343.572,3.6755e-19
343.584,3.67536e-19
343.595,3.70687e-19
343.606,3.69134e-19
343.618,3.71092e-19
343.629,3.71599e-19
343.64,3.69934e-19
343.652,3.71344e-19
343.663,3.70707e-19
343.675,3.71935e-19
343.686,3.73656e-19
343.697,3.71947e-19
343.709,3.72555e-19
343.72,3.7398e-19
343.732,3.74058e-19
343.743,3.75189e-19
343.754,3.76108e-19
343.766,3.75853e-19
343.777,3.75387e-19
343.789,3.78461e-19
343.8,3.77831e-19
343.811,3.7451e-19
343.823,3.78054e-19
343.834,3.77219e-19
343.846,3.7814e-19
343.857,3.7732e-19
343.868,3.732e-19
343.88,3.75942e-19
343.891,3.74302e-19
343.903,3.77191e-19
343.914,3.77988e-19
343.925,3.76066e-19
343.937,3.77241e-19
343.948,3.75249e-19
343.96,3.7628e-19
343.971,3.74473e-19
343.983,3.7599e-19
343.994,3.75988e-19
344.005,3.75264e-19
344.017,3.77951e-19
344.028,3.76059e-19
344.04,3.77114e-19
344.051,3.76724e-19
344.062,3.76414e-19
344.074,3.76623e-19
344.085,3.76893e-19
344.097,3.768e-19
344.108,3.72717e-19
344.12,3.72432e-19
344.131,3.74183e-19
344.142,3.7301e-19
344.154,3.69767e-19
344.165,3.70144e-19
344.177,3.7133e-19
344.188,3.70739e-19
344.2,3.70151e-19
344.211,3.68732e-19
344.222,3.70588e-19
344.234,3.71091e-19
344.245,3.69767e-19
344.257,3.68662e-19
344.268,3.68848e-19
344.28,3.71031e-19
344.291,3.68723e-19
344.302,3.68008e-19
344.314,3.69874e-19
344.325,3.6999e-19
344.337,3.70863e-19
344.348,3.69409e-19
344.36,3.68188e-19
344.371,3.68739e-19
344.382,3.67862e-19
344.394,3.67774e-19
344.405,3.68763e-19
344.417,3.67262e-19
344.428,3.67661e-19
344.44,3.70326e-19
344.451,3.68995e-19
344.463,3.67623e-19
344.474,3.68791e-19
344.485,3.70968e-19
344.497,3.70101e-19
344.508,3.69975e-19
344.52,3.71425e-19
344.531,3.70638e-19
344.543,3.71943e-19
344.554,3.72108e-19
344.566,3.73527e-19
344.577,3.73931e-19
344.588,3.7378e-19
344.6,3.75541e-19
344.611,3.75383e-19
344.623,3.77608e-19
344.634,3.78373e-19
344.646,3.79503e-19
344.657,3.79447e-19
344.669,3.78261e-19
344.68,3.81747e-19
344.692,3.82789e-19
344.703,3.82216e-19
344.715,3.83309e-19
344.726,3.81932e-19
344.737,3.82351e-19
344.749,3.8518e-19
344.76,3.83384e-19
344.772,3.84837e-19
344.783,3.84351e-19
344.795,3.82162e-19
344.806,3.86484e-19
344.818,3.86159e-19
344.829,3.8545e-19
344.841,3.86188e-19
344.852,3.86754e-19
344.864,3.87571e-19
344.875,3.87666e-19
344.887,3.87845e-19
344.898,3.86954e-19
344.909,3.89223e-19
344.921,3.89297e-19
344.932,3.86709e-19
344.944,3.87526e-19
344.955,3.88928e-19
344.967,3.8834e-19
344.978,3.89881e-19
344.99,3.89365e-19
345.001,3.87762e-19
345.013,3.90735e-19
345.024,3.88256e-19
345.036,3.87317e-19
345.047,3.89058e-19
345.059,3.88711e-19
345.07,3.88931e-19
345.082,3.87793e-19
345.093,3.91325e-19
345.105,3.91996e-19
345.116,3.89968e-19
345.128,3.90985e-19
345.139,3.91862e-19
345.151,3.92644e-19
345.162,3.91588e-19
345.174,3.91671e-19
345.185,3.91539e-19
345.197,3.93041e-19
345.208,3.94457e-19
345.22,3.93742e-19
345.231,3.94856e-19
345.243,3.94523e-19
345.254,3.95031e-19
345.266,3.95108e-19
345.277,3.9314e-19
345.289,3.9131e-19
345.3,3.93215e-19
345.312,3.95073e-19
345.323,3.92993e-19
345.335,3.93634e-19
345.346,3.91416e-19
345.358,3.91071e-19
345.369,3.92433e-19
345.381,3.91066e-19
345.392,3.91072e-19
345.404,3.89397e-19
345.415,3.91411e-19
345.427,3.90407e-19
345.438,3.88794e-19
345.45,3.89339e-19
345.461,3.87724e-19
345.473,3.8841e-19
345.484,3.86107e-19
345.496,3.86194e-19
345.507,3.87001e-19
345.519,3.85019e-19
345.53,3.83125e-19
345.542,3.85514e-19
345.553,3.87071e-19
345.565,3.82962e-19
345.576,3.84661e-19
345.588,3.83723e-19
345.599,3.84011e-19
345.611,3.85289e-19
345.622,3.84229e-19
345.634,3.85494e-19
345.645,3.82173e-19
345.657,3.85225e-19
345.668,3.86071e-19
345.68,3.84595e-19
345.692,3.89658e-19
345.703,3.88332e-19
345.715,3.86277e-19
345.726,3.89689e-19
345.738,3.91938e-19
345.749,3.89979e-19
345.761,3.90964e-19
345.772,3.93809e-19
345.784,3.92194e-19
345.795,3.91958e-19
345.807,3.9411e-19
345.818,3.93801e-19
345.83,3.96147e-19
345.841,3.98019e-19
345.853,3.9794e-19
345.865,4.01266e-19
345.876,4.01496e-19
345.888,4.0479e-19
345.899,4.05619e-19
345.911,4.03913e-19
345.922,4.06635e-19
345.934,4.06337e-19
345.945,4.1027e-19
345.957,4.10347e-19
345.968,4.11402e-19
345.98,4.16257e-19
345.991,4.14601e-19
346.003,4.17992e-19
346.015,4.19271e-19
346.026,4.18737e-19
346.038,4.20787e-19
346.049,4.20359e-19
346.061,4.22398e-19
346.072,4.23116e-19
346.084,4.23764e-19
346.095,4.25283e-19
346.107,4.24989e-19
346.119,4.25517e-19
346.13,4.27328e-19
346.142,4.28572e-19
346.153,4.26749e-19
346.165,4.28823e-19
346.176,4.29866e-19
346.188,4.28296e-19
346.199,4.31286e-19
346.211,4.31352e-19
346.223,4.30557e-19
346.234,4.29188e-19
346.246,4.3068e-19
346.257,4.33624e-19
346.269,4.32532e-19
346.28,4.31844e-19
346.292,4.30811e-19
346.304,4.31372e-19
346.315,4.29792e-19
346.327,4.31256e-19
346.338,4.31917e-19
346.35,4.29004e-19
346.361,4.31441e-19
346.373,4.31322e-19
346.385,4.3031e-19
346.396,4.298e-19
346.408,4.31351e-19
346.419,4.33749e-19
346.431,4.32959e-19
346.442,4.32856e-19
346.454,4.32606e-19
346.466,4.31861e-19
346.477,4.31228e-19
346.489,4.32064e-19
346.5,4.33364e-19
346.512,4.3457e-19
346.523,4.34575e-19
346.535,4.35582e-19
346.547,4.3769e-19
346.558,4.35583e-19
346.57,4.35717e-19
346.581,4.39646e-19
346.593,4.39483e-19
346.605,4.40184e-19
346.616,4.39964e-19
346.628,4.38853e-19
346.639,4.42048e-19
346.651,4.39465e-19
346.663,4.4003e-19
346.674,4.41571e-19
346.686,4.40261e-19
346.697,4.43072e-19
346.709,4.42733e-19
346.72,4.43146e-19
346.732,4.43266e-19
346.744,4.43817e-19
346.755,4.41485e-19
346.767,4.41988e-19
346.778,4.43586e-19
346.79,4.3975e-19
346.802,4.40116e-19
346.813,4.37669e-19
346.825,4.38988e-19
346.836,4.38142e-19
346.848,4.35375e-19
346.86,4.36694e-19
346.871,4.34261e-19
346.883,4.3264e-19
346.894,4.30609e-19
346.906,4.32138e-19
346.918,4.30685e-19
346.929,4.30155e-19
346.941,4.31483e-19
346.953,4.28454e-19
346.964,4.28169e-19
346.976,4.25576e-19
346.987,4.25263e-19
346.999,4.26949e-19
347.011,4.25062e-19
347.022,4.2305e-19
347.034,4.23047e-19
347.045,4.207e-19
347.057,4.1793e-19
347.069,4.19319e-19
347.08,4.17525e-19
347.092,4.16492e-19
347.104,4.17194e-19
347.115,4.16818e-19
347.127,4.15374e-19
347.138,4.11485e-19
347.15,4.12186e-19
347.162,4.12383e-19
347.173,4.09651e-19
347.185,4.10574e-19
347.197,4.09783e-19
347.208,4.09497e-19
347.22,4.10151e-19
347.231,4.08546e-19
347.243,4.09503e-19
347.255,4.10231e-19
347.266,4.10189e-19
347.278,4.08889e-19
347.29,4.07513e-19
347.301,4.08653e-19
347.313,4.07003e-19
347.325,4.07328e-19
347.336,4.08363e-19
347.348,4.05172e-19
347.359,4.05862e-19
347.371,4.05999e-19
347.383,4.04617e-19
347.394,4.04848e-19
347.406,4.03799e-19
347.418,4.05121e-19
347.429,4.02692e-19
347.441,4.01487e-19
347.453,4.04396e-19
347.464,4.04781e-19
347.476,4.0532e-19
347.487,4.03528e-19
347.499,4.02658e-19
347.511,4.02113e-19
347.522,4.02986e-19
347.534,4.01753e-19
347.546,4.00253e-19
347.557,4.0327e-19
347.569,4.00176e-19
347.581,4.00281e-19
347.592,4.01295e-19
347.604,4.00807e-19
347.616,4.03077e-19
347.627,4.01747e-19
347.639,4.02151e-19
347.651,4.02177e-19
347.662,4.02378e-19
347.674,4.02623e-19
347.686,4.01741e-19
347.697,4.02717e-19
347.709,4.05288e-19
347.721,4.07319e-19
347.732,4.04798e-19
347.744,4.05042e-19
347.756,4.06744e-19
347.767,4.0717e-19
347.779,4.08299e-19
347.791,4.08107e-19
347.802,4.10293e-19
347.814,4.10562e-19
347.826,4.09342e-19
347.837,4.10717e-19
347.849,4.12236e-19
347.861,4.14252e-19
347.872,4.16245e-19
347.884,4.16738e-19
347.896,4.16696e-19
347.907,4.19204e-19
347.919,4.21243e-19
347.931,4.21707e-19
347.942,4.2328e-19
347.954,4.24716e-19
347.966,4.26329e-19
347.977,4.31021e-19
347.989,4.33514e-19
348.001,4.32962e-19
348.012,4.39744e-19
348.024,4.44451e-19
348.036,4.47352e-19
348.047,4.5402e-19
348.059,4.57168e-19
348.071,4.62403e-19
348.082,4.65991e-19
348.094,4.70752e-19
348.106,4.77755e-19
348.118,4.78906e-19
348.129,4.83623e-19
348.141,4.89417e-19
348.153,4.90175e-19
348.164,4.94138e-19
348.176,4.99877e-19
348.188,5.03403e-19
348.199,5.07546e-19
348.211,5.11044e-19
348.223,5.14257e-19
348.234,5.16313e-19
348.246,5.19393e-19
348.258,5.23329e-19
348.27,5.24971e-19
348.281,5.25909e-19
348.293,5.26e-19
348.305,5.29937e-19
348.316,5.32372e-19
348.328,5.32387e-19
348.34,5.3577e-19
348.351,5.38585e-19
348.363,5.39978e-19
348.375,5.41359e-19
348.387,5.41984e-19
348.398,5.42028e-19
348.41,5.45361e-19
348.422,5.44313e-19
348.433,5.4287e-19
348.445,5.44575e-19
348.457,5.43787e-19
348.469,5.46499e-19
348.48,5.44382e-19
348.492,5.4255e-19
348.504,5.42616e-19
348.515,5.37513e-19
348.527,5.35458e-19
348.539,5.3268e-19
348.551,5.30971e-19
348.562,5.30505e-19
348.574,5.28298e-19
348.586,5.26872e-19
348.597,5.25771e-19
348.609,5.24668e-19
348.621,5.21351e-19
348.633,5.19819e-19
348.644,5.18536e-19
348.656,5.1649e-19
348.668,5.14653e-19
348.68,5.10915e-19
348.691,5.09181e-19
348.703,5.06902e-19
348.715,5.0482e-19
348.726,5.03136e-19
348.738,5.01067e-19
348.75,5.00171e-19
348.762,4.98022e-19
348.773,4.97647e-19
348.785,4.96242e-19
348.797,4.92958e-19
348.809,4.91499e-19
348.82,4.90486e-19
348.832,4.87775e-19
348.844,4.86698e-19
348.856,4.8707e-19
348.867,4.83466e-19
348.879,4.82206e-19
348.891,4.81968e-19
348.902,4.81178e-19
348.914,4.8058e-19
348.926,4.77016e-19
348.938,4.75655e-19
348.949,4.73665e-19
348.961,4.70477e-19
348.973,4.6891e-19
348.985,4.67602e-19
348.996,4.64894e-19
349.008,4.61994e-19
349.02,4.61469e-19
349.032,4.59492e-19
349.043,4.58521e-19
349.055,4.58538e-19
349.067,4.56085e-19
349.079,4.52764e-19
349.09,4.49441e-19
349.102,4.47788e-19
349.114,4.45504e-19
349.126,4.42302e-19
349.137,4.38753e-19
349.149,4.33871e-19
349.161,4.31005e-19
349.173,4.29063e-19
349.185,4.24476e-19
349.196,4.20727e-19
349.208,4.1917e-19
349.22,4.16841e-19
349.232,4.15033e-19
349.243,4.12044e-19
349.255,4.09147e-19
349.267,4.07729e-19
349.279,4.05247e-19
349.29,4.03581e-19
349.302,4.01698e-19
349.314,4.00103e-19
349.326,3.98787e-19
349.337,3.97196e-19
349.349,3.94223e-19
349.361,3.92802e-19
349.373,3.9225e-19
349.385,3.88985e-19
349.396,3.89742e-19
349.408,3.8798e-19
349.42,3.86711e-19
349.432,3.87955e-19
349.443,3.86132e-19
349.455,3.86099e-19
349.467,3.83949e-19
349.479,3.83169e-19
349.491,3.82252e-19
349.502,3.81983e-19
349.514,3.83088e-19
349.526,3.8283e-19
349.538,3.83089e-19
349.55,3.81043e-19
349.561,3.82709e-19
349.573,3.81673e-19
349.585,3.79179e-19
349.597,3.80456e-19
349.608,3.79928e-19
349.62,3.80435e-19
349.632,3.78401e-19
349.644,3.78033e-19
349.656,3.80051e-19
349.667,3.79054e-19
349.679,3.78477e-19
349.691,3.77111e-19
349.703,3.77469e-19
349.715,3.78289e-19
349.726,3.76862e-19
349.738,3.77903e-19
349.75,3.77828e-19
349.762,3.7744e-19
349.774,3.77419e-19
349.785,3.77112e-19
349.797,3.78601e-19
349.809,3.76656e-19
349.821,3.77264e-19
349.833,3.79881e-19
349.844,3.78119e-19
349.856,3.77353e-19
349.868,3.78448e-19
349.88,3.79566e-19
349.892,3.7999e-19
349.903,3.79251e-19
349.915,3.79644e-19
349.927,3.80525e-19
349.939,3.78252e-19
349.951,3.79559e-19
349.962,3.82053e-19
349.974,3.79689e-19
349.986,3.80304e-19
349.998,3.82084e-19
350.01,3.81023e-19
350.022,3.82085e-19
350.033,3.848e-19
350.045,3.85319e-19
350.057,3.85376e-19
350.069,3.84799e-19
350.081,3.84793e-19
350.092,3.84473e-19
350.104,3.85368e-19
350.116,3.8595e-19
350.128,3.83638e-19
350.14,3.86086e-19
350.152,3.85841e-19
350.163,3.85228e-19
350.175,3.882e-19
350.187,3.88014e-19
350.199,3.88108e-19
350.211,3.88554e-19
350.223,3.89366e-19
350.234,3.90114e-19
350.246,3.91525e-19
350.258,3.91541e-19
350.27,3.91597e-19
350.282,3.94325e-19
350.294,3.9564e-19
350.305,3.96532e-19
350.317,3.98168e-19
350.329,3.99145e-19
350.341,4.0013e-19
350.353,4.02308e-19
350.365,4.0392e-19
350.376,4.04082e-19
350.388,4.03813e-19
350.4,4.06321e-19
350.412,4.06742e-19
350.424,4.06688e-19
350.436,4.09984e-19
350.448,4.11875e-19
350.459,4.14367e-19
350.471,4.1361e-19
350.483,4.14949e-19
350.495,4.18216e-19
350.507,4.19125e-19
350.519,4.21038e-19
350.53,4.21204e-19
350.542,4.22348e-19
350.554,4.21794e-19
350.566,4.2303e-19
350.578,4.25747e-19
350.59,4.25571e-19
350.602,4.26169e-19
350.613,4.24608e-19
350.625,4.24809e-19
350.637,4.28019e-19
350.649,4.28556e-19
350.661,4.27478e-19
350.673,4.27072e-19
350.685,4.2868e-19
350.696,4.29715e-19
350.708,4.29642e-19
350.72,4.32522e-19
350.732,4.33606e-19
350.744,4.33289e-19
350.756,4.34047e-19
350.768,4.35e-19
350.78,4.36769e-19
350.791,4.36869e-19
350.803,4.38039e-19
350.815,4.37823e-19
350.827,4.37487e-19
350.839,4.39434e-19
350.851,4.40195e-19
350.863,4.39519e-19
350.875,4.39764e-19
350.886,4.40882e-19
350.898,4.39426e-19
350.91,4.41589e-19
350.922,4.42107e-19
350.934,4.40599e-19
350.946,4.41771e-19
350.958,4.40739e-19
350.97,4.43294e-19
350.981,4.43971e-19
350.993,4.42823e-19
351.005,4.4524e-19
351.017,4.45667e-19
351.029,4.47235e-19
351.041,4.4869e-19
351.053,4.48164e-19
351.065,4.49517e-19
351.077,4.49544e-19
351.088,4.50186e-19
351.1,4.53366e-19
351.112,4.54314e-19
351.124,4.54355e-19
351.136,4.56026e-19
351.148,4.56406e-19
351.16,4.55069e-19
351.172,4.57855e-19
351.184,4.57385e-19
351.195,4.55574e-19
351.207,4.58229e-19
351.219,4.5624e-19
351.231,4.55957e-19
351.243,4.5564e-19
351.255,4.55149e-19
351.267,4.57026e-19
351.279,4.54944e-19
351.291,4.54895e-19
351.303,4.56679e-19
351.314,4.5651e-19
351.326,4.54751e-19
351.338,4.54104e-19
351.35,4.54232e-19
351.362,4.53741e-19
351.374,4.53797e-19
351.386,4.53612e-19
351.398,4.51882e-19
351.41,4.50311e-19
351.422,4.50845e-19
351.434,4.49282e-19
351.445,4.48718e-19
351.457,4.48269e-19
351.469,4.44908e-19
351.481,4.42653e-19
351.493,4.42403e-19
351.505,4.41809e-19
351.517,4.38984e-19
351.529,4.37518e-19
351.541,4.35728e-19
351.553,4.33751e-19
351.565,4.31995e-19
351.577,4.30286e-19
351.588,4.28796e-19
351.6,4.26384e-19
351.612,4.25943e-19
351.624,4.23426e-19
351.636,4.21063e-19
351.648,4.20456e-19
351.66,4.18282e-19
351.672,4.17374e-19
351.684,4.16446e-19
351.696,4.13575e-19
351.708,4.11237e-19
351.72,4.10966e-19
351.732,4.11372e-19
351.744,4.10666e-19
351.755,4.09031e-19
351.767,4.09173e-19
351.779,4.08325e-19
351.791,4.07398e-19
351.803,4.07454e-19
351.815,4.06709e-19
351.827,4.07242e-19
351.839,4.06785e-19
351.851,4.06012e-19
351.863,4.06692e-19
351.875,4.08632e-19
351.887,4.08548e-19
351.899,4.08713e-19
351.911,4.09942e-19
351.923,4.10344e-19
351.935,4.11703e-19
351.947,4.12166e-19
351.958,4.1505e-19
351.97,4.15885e-19
351.982,4.1706e-19
351.994,4.18674e-19
352.006,4.1822e-19
352.018,4.21157e-19
352.03,4.2204e-19
352.042,4.24965e-19
352.054,4.26661e-19
352.066,4.26642e-19
352.078,4.28635e-19
352.09,4.29841e-19
352.102,4.32719e-19
352.114,4.34544e-19
352.126,4.37801e-19
352.138,4.39311e-19
352.15,4.40433e-19
352.162,4.43277e-19
352.174,4.43751e-19
352.186,4.44532e-19
352.198,4.45777e-19
352.21,4.48304e-19
352.222,4.48862e-19
352.234,4.48489e-19
352.245,4.48686e-19
352.257,4.49058e-19
352.269,4.50332e-19
352.281,4.49654e-19
352.293,4.48813e-19
352.305,4.47808e-19
352.317,4.47947e-19
352.329,4.48805e-19
352.341,4.48655e-19
352.353,4.48412e-19
352.365,4.47591e-19
352.377,4.47183e-19
352.389,4.46588e-19
352.401,4.46676e-19
352.413,4.45664e-19
352.425,4.44318e-19
352.437,4.43723e-19
352.449,4.42374e-19
352.461,4.42778e-19
352.473,4.41317e-19
352.485,4.39804e-19
352.497,4.39313e-19
352.509,4.38778e-19
352.521,4.38166e-19
352.533,4.34818e-19
352.545,4.33679e-19
352.557,4.31122e-19
352.569,4.29529e-19
352.581,4.30044e-19
352.593,4.27069e-19
352.605,4.25397e-19
352.617,4.22837e-19
352.629,4.21465e-19
352.641,4.20307e-19
352.653,4.17769e-19
352.665,4.16865e-19
352.677,4.13418e-19
352.689,4.10692e-19
352.701,4.09045e-19
352.713,4.06999e-19
352.725,4.05359e-19
352.737,4.01995e-19
352.749,4.00129e-19
352.761,3.98578e-19
352.773,3.95658e-19
352.785,3.94457e-19
352.797,3.92852e-19
352.809,3.9092e-19
352.821,3.88888e-19
352.833,3.86578e-19
352.845,3.84219e-19
352.857,3.81318e-19
352.869,3.81033e-19
352.881,3.80789e-19
352.893,3.79256e-19
352.905,3.77535e-19
352.917,3.75454e-19
352.929,3.75351e-19
352.941,3.75842e-19
352.953,3.7541e-19
352.965,3.74791e-19
352.977,3.73366e-19
352.989,3.73205e-19
353.001,3.73711e-19
353.013,3.71678e-19
353.025,3.72555e-19
353.037,3.72464e-19
353.049,3.71471e-19
353.061,3.75134e-19
353.073,3.74842e-19
353.085,3.72688e-19
353.097,3.7171e-19
353.109,3.72313e-19
353.121,3.7419e-19
353.133,3.74939e-19
353.145,3.76619e-19
353.157,3.76392e-19
353.169,3.76334e-19
353.181,3.76929e-19
353.193,3.76776e-19
353.206,3.7762e-19
353.218,3.77697e-19
353.23,3.78384e-19
353.242,3.79487e-19
353.254,3.79756e-19
353.266,3.80579e-19
353.278,3.82039e-19
353.29,3.84855e-19
353.302,3.86102e-19
353.314,3.85824e-19
353.326,3.87015e-19
353.338,3.88152e-19
353.35,3.90957e-19
353.362,3.92999e-19
353.374,3.92795e-19
353.386,3.93851e-19
353.398,3.96426e-19
353.41,3.98154e-19
353.422,3.99047e-19
353.434,4.01396e-19
353.446,4.02734e-19
353.458,4.03264e-19
353.47,4.03918e-19
353.483,4.06325e-19
353.495,4.07892e-19
353.507,4.08151e-19
353.519,4.11077e-19
353.531,4.12735e-19
353.543,4.14122e-19
353.555,4.15283e-19
353.567,4.17264e-19
353.579,4.19417e-19
353.591,4.20146e-19
353.603,4.22855e-19
353.615,4.25174e-19
353.627,4.27105e-19
353.639,4.2921e-19
353.651,4.31463e-19
353.663,4.33062e-19
353.675,4.33116e-19
353.688,4.34611e-19
353.7,4.38119e-19
353.712,4.40565e-19
353.724,4.43417e-19
353.736,4.46055e-19
353.748,4.47407e-19
353.76,4.51545e-19
353.772,4.53024e-19
353.784,4.54551e-19
353.796,4.59166e-19
353.808,4.60815e-19
353.82,4.63554e-19
353.832,4.6741e-19
353.844,4.68582e-19
353.857,4.69617e-19
353.869,4.72765e-19
353.881,4.74686e-19
353.893,4.75081e-19
353.905,4.7608e-19
353.917,4.77512e-19
353.929,4.79749e-19
353.941,4.81656e-19
353.953,4.82838e-19
353.965,4.83837e-19
353.977,4.8632e-19
353.989,4.89143e-19
354.002,4.912e-19
354.014,4.93416e-19
354.026,4.95006e-19
354.038,4.98809e-19
354.05,5.02328e-19
354.062,5.03418e-19
354.074,5.06881e-19
354.086,5.08763e-19
354.098,5.10558e-19
354.11,5.15187e-19
354.122,5.17925e-19
354.135,5.205e-19
354.147,5.22511e-19
354.159,5.25215e-19
354.171,5.28546e-19
354.183,5.30688e-19
354.195,5.33407e-19
354.207,5.35867e-19
354.219,5.37905e-19
354.231,5.3957e-19
354.243,5.42692e-19
354.256,5.4513e-19
354.268,5.46792e-19
354.28,5.48179e-19
354.292,5.49374e-19
354.304,5.52172e-19
354.316,5.52293e-19
354.328,5.53708e-19
354.34,5.56763e-19
354.352,5.57031e-19
354.365,5.5736e-19
354.377,5.58054e-19
354.389,5.57172e-19
354.401,5.56327e-19
354.413,5.57814e-19
354.425,5.57766e-19
354.437,5.58341e-19
354.449,5.60442e-19
354.461,5.604e-19
354.474,5.60417e-19
354.486,5.59045e-19
354.498,5.57099e-19
354.51,5.57722e-19
354.522,5.58146e-19
354.534,5.57743e-19
354.546,5.5852e-19
354.558,5.5722e-19
354.571,5.54741e-19
354.583,5.54257e-19
354.595,5.53953e-19
354.607,5.53858e-19
354.619,5.53176e-19
354.631,5.52862e-19
354.643,5.51823e-19
354.655,5.50413e-19
354.668,5.50386e-19
354.68,5.49162e-19
354.692,5.48916e-19
354.704,5.48055e-19
354.716,5.46187e-19
354.728,5.46258e-19
354.74,5.46365e-19
354.753,5.45605e-19
354.765,5.44207e-19
354.777,5.42839e-19
354.789,5.42146e-19
354.801,5.41441e-19
354.813,5.40333e-19
354.825,5.40068e-19
354.838,5.38902e-19
354.85,5.37108e-19
354.862,5.35289e-19
354.874,5.34947e-19
354.886,5.35306e-19
354.898,5.30995e-19
354.91,5.28542e-19
354.923,5.28975e-19
354.935,5.27294e-19
354.947,5.23977e-19
354.959,5.21758e-19
354.971,5.2137e-19
354.983,5.19048e-19
354.996,5.17024e-19
355.008,5.14649e-19
355.02,5.12037e-19
355.032,5.10497e-19
355.044,5.08756e-19
355.056,5.06444e-19
355.068,5.0448e-19
355.081,5.04256e-19
355.093,5.00752e-19
355.105,4.9729e-19
355.117,4.97284e-19
355.129,4.94481e-19
355.141,4.9112e-19
355.154,4.90386e-19
355.166,4.8968e-19
355.178,4.89225e-19
355.19,4.86098e-19
355.202,4.8385e-19
355.214,4.84369e-19
355.227,4.80629e-19
355.239,4.78622e-19
355.251,4.77438e-19
355.263,4.75474e-19
355.275,4.75235e-19
355.287,4.73162e-19
355.3,4.71033e-19
355.312,4.6984e-19
355.324,4.68661e-19
355.336,4.66138e-19
355.348,4.65839e-19
355.361,4.64069e-19
355.373,4.61769e-19
355.385,4.62882e-19
355.397,4.60974e-19
355.409,4.601e-19
355.421,4.58667e-19
355.434,4.5667e-19
355.446,4.57248e-19
355.458,4.56636e-19
355.47,4.556e-19
355.482,4.54962e-19
355.495,4.55151e-19
355.507,4.53136e-19
355.519,4.51604e-19
355.531,4.52455e-19
355.543,4.50973e-19
355.556,4.49967e-19
355.568,4.48854e-19
355.58,4.47775e-19
355.592,4.47794e-19
355.604,4.45287e-19
355.617,4.44309e-19
355.629,4.44366e-19
355.641,4.42597e-19
355.653,4.41539e-19
355.665,4.41008e-19
355.678,4.40134e-19
355.69,4.40785e-19
355.702,4.40708e-19
355.714,4.36661e-19
355.726,4.37068e-19
355.739,4.37661e-19
355.751,4.35123e-19
355.763,4.35839e-19
355.775,4.35169e-19
355.787,4.34531e-19
355.8,4.34493e-19
355.812,4.33619e-19
355.824,4.32328e-19
355.836,4.32749e-19
355.848,4.32735e-19
355.861,4.31202e-19
355.873,4.3276e-19
355.885,4.33319e-19
355.897,4.33421e-19
355.91,4.32405e-19
355.922,4.32447e-19
355.934,4.33102e-19
355.946,4.31627e-19
355.958,4.33042e-19
355.971,4.33452e-19
355.983,4.34643e-19
355.995,4.3659e-19
356.007,4.36543e-19
356.02,4.37156e-19
356.032,4.38102e-19
356.044,4.39801e-19
356.056,4.40336e-19
356.068,4.40213e-19
356.081,4.41367e-19
356.093,4.43051e-19
356.105,4.4424e-19
356.117,4.45074e-19
356.13,4.45911e-19
356.142,4.46688e-19
356.154,4.47709e-19
356.166,4.48768e-19
356.179,4.49227e-19
356.191,4.50403e-19
356.203,4.53253e-19
356.215,4.53281e-19
356.228,4.52906e-19
356.24,4.54892e-19
356.252,4.55232e-19
356.264,4.57096e-19
356.276,4.5871e-19
356.289,4.58833e-19
356.301,4.60599e-19
356.313,4.61156e-19
356.325,4.62711e-19
356.338,4.62865e-19
356.35,4.63138e-19
356.362,4.65666e-19
356.374,4.64981e-19
356.387,4.66523e-19
356.399,4.67683e-19
356.411,4.68139e-19
356.423,4.69825e-19
356.436,4.69938e-19
356.448,4.7201e-19
356.46,4.72431e-19
356.472,4.74289e-19
356.485,4.763e-19
356.497,4.76103e-19
356.509,4.78455e-19
356.522,4.79694e-19
356.534,4.81363e-19
356.546,4.83482e-19
356.558,4.8476e-19
356.571,4.85971e-19
356.583,4.87479e-19
356.595,4.90529e-19
356.607,4.91908e-19
356.62,4.92192e-19
356.632,4.95122e-19
356.644,4.97832e-19
356.656,4.98623e-19
356.669,5.00587e-19
356.681,5.02602e-19
356.693,5.0506e-19
356.706,5.06723e-19
356.718,5.07922e-19
356.73,5.11129e-19
356.742,5.13102e-19
356.755,5.15023e-19
356.767,5.1697e-19
356.779,5.18249e-19
356.791,5.19304e-19
356.804,5.20245e-19
356.816,5.21537e-19
356.828,5.24457e-19
356.841,5.27614e-19
356.853,5.27964e-19
356.865,5.30096e-19
356.877,5.32061e-19
356.89,5.33213e-19
356.902,5.35565e-19
356.914,5.37589e-19
356.927,5.40268e-19
356.939,5.41989e-19
356.951,5.43722e-19
356.963,5.46377e-19
356.976,5.49024e-19
356.988,5.50327e-19
357,5.54022e-19
357.013,5.56682e-19
357.025,5.56555e-19
357.037,5.59788e-19
357.049,5.61041e-19
357.062,5.62825e-19
357.074,5.64759e-19
357.086,5.65247e-19
357.099,5.671e-19
357.111,5.69121e-19
357.123,5.70765e-19
357.136,5.70849e-19
357.148,5.73426e-19
357.16,5.73583e-19
357.173,5.74223e-19
357.185,5.77108e-19
357.197,5.76025e-19
357.209,5.77097e-19
357.222,5.77776e-19
357.234,5.777e-19
357.246,5.77931e-19
357.259,5.77175e-19
357.271,5.76746e-19
357.283,5.74831e-19
357.296,5.74967e-19
357.308,5.74636e-19
357.32,5.71934e-19
357.333,5.71539e-19
357.345,5.70077e-19
357.357,5.68066e-19
357.369,5.67298e-19
357.382,5.65596e-19
357.394,5.64912e-19
357.406,5.63578e-19
357.419,5.63072e-19
357.431,5.63188e-19
357.443,5.61496e-19
357.456,5.60284e-19
357.468,5.5964e-19
357.48,5.61253e-19
357.493,5.59849e-19
357.505,5.58261e-19
357.517,5.5937e-19
357.53,5.56359e-19
357.542,5.56239e-19
357.554,5.55334e-19
357.567,5.52454e-19
357.579,5.53255e-19
357.591,5.51759e-19
357.604,5.50325e-19
357.616,5.48232e-19
357.628,5.46414e-19
357.641,5.44978e-19
357.653,5.42227e-19
357.665,5.41514e-19
357.678,5.37962e-19
357.69,5.35502e-19
357.702,5.341e-19
357.715,5.31377e-19
357.727,5.30489e-19
357.739,5.28099e-19
357.752,5.27226e-19
357.764,5.2638e-19
357.776,5.24497e-19
357.789,5.24015e-19
357.801,5.23444e-19
357.814,5.22658e-19
357.826,5.20739e-19
357.838,5.20329e-19
357.851,5.21152e-19
357.863,5.19691e-19
357.875,5.18393e-19
357.888,5.19165e-19
357.9,5.20059e-19
357.912,5.19909e-19
357.925,5.17809e-19
357.937,5.17136e-19
357.949,5.18195e-19
357.962,5.17273e-19
357.974,5.1617e-19
357.986,5.15737e-19
357.999,5.14438e-19
358.011,5.12199e-19
358.024,5.12313e-19
358.036,5.11733e-19
358.048,5.09424e-19
358.061,5.08162e-19
358.073,5.06962e-19
358.085,5.0675e-19
358.098,5.04715e-19
358.11,5.02713e-19
358.123,5.02176e-19
358.135,5.01992e-19
358.147,5.00937e-19
358.16,4.99101e-19
358.172,4.98929e-19
358.184,4.9789e-19
358.197,4.98256e-19
358.209,4.98108e-19
358.222,4.95361e-19
358.234,4.94666e-19
358.246,4.95718e-19
358.259,4.94042e-19
358.271,4.92231e-19
358.283,4.93307e-19
358.296,4.91952e-19
358.308,4.91395e-19
358.321,4.92079e-19
358.333,4.90935e-19
358.345,4.89288e-19
358.358,4.87654e-19
358.37,4.87625e-19
358.382,4.87893e-19
358.395,4.86281e-19
358.407,4.83712e-19
358.42,4.84138e-19
358.432,4.84077e-19
358.444,4.82059e-19
358.457,4.80729e-19
358.469,4.80309e-19
358.482,4.80422e-19
358.494,4.79084e-19
358.506,4.78491e-19
358.519,4.7696e-19
358.531,4.76088e-19
358.544,4.75995e-19
358.556,4.74848e-19
358.568,4.74181e-19
358.581,4.72877e-19
358.593,4.72855e-19
358.606,4.71829e-19
358.618,4.71003e-19
358.63,4.70236e-19
358.643,4.69737e-19
358.655,4.69098e-19
358.668,4.67324e-19
358.68,4.68127e-19
358.692,4.65785e-19
358.705,4.65804e-19
358.717,4.66541e-19
358.73,4.64051e-19
358.742,4.64563e-19
358.755,4.63507e-19
358.767,4.63196e-19
358.779,4.61686e-19
358.792,4.59422e-19
358.804,4.58891e-19
358.817,4.58636e-19
358.829,4.59276e-19
358.841,4.57241e-19
358.854,4.56528e-19
358.866,4.56185e-19
358.879,4.55203e-19
358.891,4.54662e-19
358.904,4.5317e-19
358.916,4.52163e-19
358.928,4.49781e-19
358.941,4.48444e-19
358.953,4.47417e-19
358.966,4.45365e-19
358.978,4.44521e-19
358.991,4.43623e-19
359.003,4.42542e-19
359.015,4.41597e-19
359.028,4.41388e-19
359.04,4.41189e-19
359.053,4.40956e-19
359.065,4.40141e-19
359.078,4.3936e-19
359.09,4.4123e-19
359.102,4.41236e-19
359.115,4.41039e-19
359.127,4.42687e-19
359.14,4.4262e-19
359.152,4.43812e-19
359.165,4.43935e-19
359.177,4.43615e-19
359.19,4.4536e-19
359.202,4.45802e-19
359.214,4.44702e-19
359.227,4.44827e-19
359.239,4.46595e-19
359.252,4.4555e-19
359.264,4.45672e-19
359.277,4.47505e-19
359.289,4.47399e-19
359.302,4.47734e-19
359.314,4.48214e-19
359.327,4.48696e-19
359.339,4.49134e-19
359.351,4.50796e-19
359.364,4.51995e-19
359.376,4.52199e-19
359.389,4.52145e-19
359.401,4.52265e-19
359.414,4.53682e-19
359.426,4.53638e-19
359.439,4.53521e-19
359.451,4.53783e-19
359.464,4.53945e-19
359.476,4.53589e-19
359.488,4.52463e-19
359.501,4.53362e-19
359.513,4.54075e-19
359.526,4.53048e-19
359.538,4.52929e-19
359.551,4.53348e-19
359.563,4.53276e-19
359.576,4.52636e-19
359.588,4.52049e-19
359.601,4.52911e-19
359.613,4.53697e-19
359.626,4.54364e-19
359.638,4.54421e-19
359.651,4.54764e-19
359.663,4.56071e-19
359.676,4.56391e-19
359.688,4.56739e-19
359.701,4.56842e-19
359.713,4.56948e-19
359.726,4.56612e-19
359.738,4.57994e-19
359.75,4.58453e-19
359.763,4.57333e-19
359.775,4.58124e-19
359.788,4.56365e-19
359.8,4.56499e-19
359.813,4.56858e-19
359.825,4.55759e-19
359.838,4.5695e-19
359.85,4.55363e-19
359.863,4.54143e-19
359.875,4.54254e-19
359.888,4.53619e-19
359.9,4.54062e-19
359.913,4.53297e-19
359.925,4.52297e-19
359.938,4.52409e-19
359.95,4.51848e-19
359.963,4.51762e-19
359.975,4.51683e-19
359.988,4.51794e-19
360,4.51561e-19
360.013,4.50581e-19
360.025,4.50915e-19
360.038,4.50782e-19
360.05,4.51424e-19
360.063,4.51927e-19
360.075,4.52167e-19
360.088,4.5309e-19
360.1,4.53486e-19
360.113,4.55468e-19
360.125,4.56356e-19
360.138,4.56869e-19
360.15,4.58918e-19
360.163,4.60376e-19
360.175,4.61891e-19
360.188,4.64329e-19
360.2,4.65042e-19
360.213,4.64768e-19
360.225,4.6744e-19
360.238,4.69602e-19
360.25,4.70637e-19
360.263,4.71636e-19
360.276,4.73346e-19
360.288,4.75512e-19
360.301,4.75415e-19
360.313,4.76612e-19
360.326,4.78142e-19
360.338,4.78334e-19
360.351,4.79387e-19
360.363,4.81314e-19
360.376,4.82702e-19
360.388,4.83213e-19
360.401,4.85828e-19
360.413,4.87653e-19
360.426,4.87776e-19
360.438,4.89038e-19
360.451,4.90149e-19
360.463,4.91125e-19
360.476,4.92436e-19
360.489,4.9425e-19
360.501,4.9467e-19
360.514,4.95078e-19
360.526,4.96778e-19
360.539,4.97014e-19
360.551,4.97524e-19
360.564,4.99523e-19
360.576,5.00631e-19
360.589,5.02137e-19
360.601,5.06058e-19
360.614,5.07663e-19
360.626,5.09627e-19
360.639,5.11825e-19
360.652,5.12192e-19
360.664,5.15768e-19
360.677,5.16966e-19
360.689,5.20047e-19
360.702,5.21998e-19
360.714,5.20909e-19
360.727,5.25215e-19
360.739,5.24393e-19
360.752,5.24671e-19
360.764,5.27165e-19
360.777,5.26333e-19
360.79,5.27717e-19
360.802,5.27503e-19
360.815,5.29009e-19
360.827,5.29754e-19
360.84,5.29426e-19
360.852,5.31169e-19
360.865,5.31398e-19
360.877,5.32303e-19
360.89,5.33187e-19
360.903,5.3479e-19
360.915,5.3608e-19
360.928,5.35894e-19
360.94,5.36677e-19
360.953,5.36808e-19
360.965,5.36138e-19
360.978,5.35737e-19
360.991,5.36261e-19
361.003,5.36662e-19
361.016,5.35624e-19
361.028,5.36182e-19
361.041,5.36987e-19
361.053,5.35716e-19
361.066,5.36289e-19
361.079,5.35977e-19
361.091,5.34528e-19
361.104,5.34847e-19
361.116,5.35415e-19
361.129,5.36436e-19
361.142,5.35725e-19
361.154,5.3627e-19
361.167,5.36287e-19
361.179,5.34338e-19
361.192,5.34881e-19
361.204,5.34232e-19
361.217,5.34166e-19
361.23,5.34267e-19
361.242,5.32749e-19
361.255,5.31941e-19
361.267,5.31462e-19
361.28,5.30792e-19
361.293,5.29145e-19
361.305,5.28278e-19
361.318,5.27388e-19
361.33,5.25944e-19
361.343,5.24083e-19
361.355,5.23204e-19
361.368,5.23305e-19
361.381,5.21406e-19
361.393,5.20325e-19
361.406,5.19742e-19
361.418,5.18985e-19
361.431,5.18632e-19
361.444,5.17291e-19
361.456,5.16101e-19
361.469,5.15143e-19
361.481,5.14818e-19
361.494,5.13758e-19
361.507,5.11114e-19
361.519,5.09747e-19
361.532,5.08789e-19
361.545,5.06702e-19
361.557,5.05075e-19
361.57,5.05106e-19
361.582,5.04154e-19
361.595,5.02017e-19
361.608,5.02247e-19
361.62,5.01363e-19
361.633,5.00017e-19
361.645,4.99909e-19
361.658,4.99376e-19
361.671,5.00069e-19
361.683,4.99339e-19
361.696,4.99427e-19
361.709,4.9917e-19
361.721,4.97787e-19
361.734,4.98872e-19
361.746,4.98332e-19
361.759,4.97915e-19
361.772,4.96962e-19
361.784,4.9652e-19
361.797,4.98494e-19
361.809,4.97988e-19
361.822,4.98502e-19
361.835,4.99558e-19
361.847,4.98219e-19
361.86,4.97545e-19
361.873,4.97195e-19
361.885,4.96319e-19
361.898,4.95999e-19
361.911,4.95276e-19
361.923,4.95059e-19
361.936,4.96821e-19
361.948,4.9641e-19
361.961,4.95985e-19
361.974,4.97713e-19
361.986,4.98206e-19
361.999,4.99573e-19
362.012,5.0064e-19
362.024,5.00461e-19
362.037,5.00918e-19
362.05,5.01082e-19
362.062,5.01099e-19
362.075,5.02471e-19
362.087,5.04019e-19
362.1,5.0376e-19
362.113,5.03794e-19
362.125,5.03592e-19
362.138,5.03794e-19
362.151,5.05083e-19
362.163,5.05928e-19
362.176,5.06382e-19
362.189,5.06869e-19
362.201,5.09042e-19
362.214,5.09331e-19
362.227,5.09734e-19
362.239,5.11688e-19
362.252,5.1125e-19
362.265,5.11672e-19
362.277,5.12321e-19
362.29,5.12576e-19
362.303,5.13354e-19
362.315,5.13118e-19
362.328,5.13659e-19
362.341,5.13902e-19
362.353,5.12721e-19
362.366,5.13829e-19
362.379,5.14656e-19
362.391,5.13504e-19
362.404,5.13196e-19
362.417,5.12899e-19
362.429,5.13026e-19
362.442,5.1357e-19
362.455,5.14139e-19
362.467,5.15651e-19
362.48,5.1786e-19
362.493,5.16701e-19
362.505,5.16366e-19
362.518,5.18264e-19
362.531,5.16554e-19
362.543,5.16932e-19
362.556,5.17709e-19
362.569,5.17767e-19
362.581,5.17998e-19
362.594,5.16901e-19
362.607,5.17463e-19
362.619,5.1769e-19
362.632,5.17481e-19
362.645,5.16042e-19
362.657,5.14655e-19
362.67,5.13538e-19
362.683,5.12181e-19
362.696,5.12074e-19
362.708,5.11879e-19
362.721,5.11014e-19
362.734,5.0948e-19
362.746,5.09277e-19
362.759,5.08631e-19
362.772,5.0827e-19
362.784,5.09288e-19
362.797,5.09114e-19
362.81,5.0966e-19
362.822,5.10736e-19
362.835,5.10934e-19
362.848,5.1196e-19
362.861,5.13256e-19
362.873,5.14048e-19
362.886,5.1427e-19
362.899,5.1445e-19
362.911,5.15623e-19
362.924,5.14526e-19
362.937,5.14087e-19
362.949,5.14426e-19
362.962,5.1354e-19
362.975,5.141e-19
362.988,5.14639e-19
363,5.15877e-19
363.013,5.15995e-19
363.026,5.16541e-19
363.038,5.16978e-19
363.051,5.17047e-19
363.064,5.1765e-19
363.077,5.14918e-19
363.089,5.13462e-19
363.102,5.13684e-19
363.115,5.13326e-19
363.127,5.1167e-19
363.14,5.09821e-19
363.153,5.09696e-19
363.166,5.09316e-19
363.178,5.08544e-19
363.191,5.08281e-19
363.204,5.07092e-19
363.217,5.06036e-19
363.229,5.06938e-19
363.242,5.05701e-19
363.255,5.05488e-19
363.267,5.05174e-19
363.28,5.0468e-19
363.293,5.05819e-19
363.306,5.05011e-19
363.318,5.0584e-19
363.331,5.05168e-19
363.344,5.04764e-19
363.357,5.04322e-19
363.369,5.0355e-19
363.382,5.04782e-19
363.395,5.03617e-19
363.407,5.02887e-19
363.42,5.02009e-19
363.433,5.01535e-19
363.446,5.00301e-19
363.458,4.99246e-19
363.471,4.99211e-19
363.484,4.98108e-19
363.497,4.9877e-19
363.509,4.98099e-19
363.522,4.98019e-19
363.535,4.98141e-19
363.548,4.96071e-19
363.56,4.94805e-19
363.573,4.93485e-19
363.586,4.91137e-19
363.599,4.89149e-19
363.611,4.87893e-19
363.624,4.86665e-19
363.637,4.8618e-19
363.65,4.84611e-19
363.662,4.8222e-19
363.675,4.80884e-19
363.688,4.8106e-19
363.701,4.79838e-19
363.713,4.77427e-19
363.726,4.77107e-19
363.739,4.75244e-19
363.752,4.74022e-19
363.765,4.73416e-19
363.777,4.7215e-19
363.79,4.72378e-19
363.803,4.71899e-19
363.816,4.71783e-19
363.828,4.71479e-19
363.841,4.71899e-19
363.854,4.71872e-19
363.867,4.71065e-19
363.879,4.71927e-19
363.892,4.71684e-19
363.905,4.72973e-19
363.918,4.73725e-19
363.931,4.73841e-19
363.943,4.75615e-19
363.956,4.7577e-19
363.969,4.78194e-19
363.982,4.80357e-19
363.994,4.81325e-19
364.007,4.83962e-19
364.02,4.85988e-19
364.033,4.87403e-19
364.046,4.88855e-19
364.058,4.91633e-19
364.071,4.93245e-19
364.084,4.95171e-19
364.097,4.97307e-19
364.109,4.9765e-19
364.122,4.99415e-19
364.135,5.01465e-19
364.148,5.0306e-19
364.161,5.04185e-19
364.173,5.06421e-19
364.186,5.08182e-19
364.199,5.08787e-19
364.212,5.10837e-19
364.225,5.12213e-19
364.237,5.14078e-19
364.25,5.15411e-19
364.263,5.15264e-19
364.276,5.17576e-19
364.289,5.19578e-19
364.301,5.19418e-19
364.314,5.22191e-19
364.327,5.24809e-19
364.34,5.26492e-19
364.353,5.29609e-19
364.365,5.30796e-19
364.378,5.32661e-19
364.391,5.33819e-19
364.404,5.34459e-19
364.417,5.35514e-19
364.429,5.35839e-19
364.442,5.37833e-19
364.455,5.38611e-19
364.468,5.39663e-19
364.481,5.41087e-19
364.494,5.4279e-19
364.506,5.45143e-19
364.519,5.45779e-19
364.532,5.47629e-19
364.545,5.48936e-19
364.558,5.50743e-19
364.57,5.54088e-19
364.583,5.55755e-19
364.596,5.58973e-19
364.609,5.62329e-19
364.622,5.63966e-19
364.635,5.66499e-19
364.647,5.67664e-19
364.66,5.68378e-19
364.673,5.70479e-19
364.686,5.71517e-19
364.699,5.72322e-19
364.711,5.73039e-19
364.724,5.74644e-19
364.737,5.77436e-19
364.75,5.79143e-19
364.763,5.80644e-19
364.776,5.81427e-19
364.788,5.82931e-19
364.801,5.84122e-19
364.814,5.83524e-19
364.827,5.84366e-19
364.84,5.84704e-19
364.853,5.84798e-19
364.866,5.84912e-19
364.878,5.84999e-19
364.891,5.86085e-19
364.904,5.85849e-19
364.917,5.86441e-19
364.93,5.8853e-19
364.943,5.89129e-19
364.955,5.88883e-19
364.968,5.91095e-19
364.981,5.93559e-19
364.994,5.95076e-19
365.007,5.97204e-19
365.02,5.99238e-19
365.033,6.01957e-19
365.045,6.0324e-19
365.058,6.05057e-19
365.071,6.07041e-19
365.084,6.07801e-19
365.097,6.09284e-19
365.11,6.10272e-19
365.123,6.12412e-19
365.135,6.14365e-19
365.148,6.15559e-19
365.161,6.1634e-19
365.174,6.18103e-19
365.187,6.21034e-19
365.2,6.22867e-19
365.213,6.24789e-19
365.225,6.26005e-19
365.238,6.28314e-19
365.251,6.30863e-19
365.264,6.3154e-19
365.277,6.32383e-19
365.29,6.33817e-19
365.303,6.34618e-19
365.316,6.34553e-19
365.328,6.34965e-19
365.341,6.34545e-19
365.354,6.3324e-19
365.367,6.3303e-19
365.38,6.32551e-19
365.393,6.30916e-19
365.406,6.29466e-19
365.419,6.2751e-19
365.431,6.26357e-19
365.444,6.25267e-19
365.457,6.2351e-19
365.47,6.2278e-19
365.483,6.20969e-19
365.496,6.19328e-19
365.509,6.18163e-19
365.522,6.17455e-19
365.534,6.17348e-19
365.547,6.16922e-19
365.56,6.16651e-19
365.573,6.16934e-19
365.586,6.18689e-19
365.599,6.19406e-19
365.612,6.1793e-19
365.625,6.164e-19
365.638,6.16363e-19
365.651,6.1459e-19
365.663,6.12132e-19
365.676,6.10739e-19
365.689,6.0719e-19
365.702,6.04635e-19
365.715,6.02829e-19
365.728,5.99886e-19
365.741,5.97136e-19
365.754,5.95362e-19
365.767,5.92644e-19
365.78,5.89088e-19
365.792,5.88329e-19
365.805,5.87515e-19
365.818,5.85686e-19
365.831,5.84059e-19
365.844,5.81483e-19
365.857,5.80238e-19
365.87,5.79991e-19
365.883,5.77068e-19
365.896,5.74715e-19
365.909,5.73653e-19
365.922,5.71851e-19
365.934,5.71152e-19
365.947,5.68952e-19
365.96,5.66826e-19
365.973,5.66426e-19
365.986,5.64239e-19
365.999,5.61699e-19
366.012,5.59665e-19
366.025,5.57058e-19
366.038,5.55254e-19
366.051,5.52501e-19
366.064,5.4852e-19
366.077,5.46362e-19
366.09,5.44314e-19
366.102,5.42202e-19
366.115,5.39801e-19
366.128,5.3712e-19
366.141,5.34845e-19
366.154,5.31153e-19
366.167,5.28036e-19
366.18,5.26179e-19
366.193,5.24063e-19
366.206,5.20631e-19
366.219,5.1753e-19
366.232,5.15818e-19
366.245,5.13256e-19
366.258,5.11221e-19
366.271,5.09136e-19
366.284,5.07119e-19
366.296,5.05358e-19
366.309,5.02501e-19
366.322,5.01069e-19
366.335,4.98734e-19
366.348,4.96707e-19
366.361,4.96417e-19
366.374,4.94408e-19
366.387,4.93647e-19
366.4,4.93177e-19
366.413,4.91568e-19
366.426,4.9037e-19
366.439,4.8916e-19
366.452,4.8847e-19
366.465,4.88435e-19
366.478,4.87797e-19
366.491,4.87219e-19
366.504,4.8794e-19
366.517,4.8646e-19
366.53,4.8544e-19
366.543,4.86417e-19
366.555,4.85805e-19
366.568,4.85641e-19
366.581,4.86028e-19
366.594,4.86311e-19
366.607,4.86114e-19
366.62,4.85961e-19
366.633,4.87224e-19
366.646,4.88036e-19
366.659,4.87619e-19
366.672,4.88442e-19
366.685,4.89871e-19
366.698,4.89654e-19
366.711,4.90322e-19
366.724,4.92238e-19
366.737,4.92229e-19
366.75,4.92047e-19
366.763,4.93656e-19
366.776,4.94329e-19
366.789,4.95405e-19
366.802,4.96838e-19
366.815,4.9785e-19
366.828,4.99495e-19
366.841,5.00406e-19
366.854,5.02347e-19
366.867,5.04397e-19
366.88,5.06411e-19
366.893,5.08308e-19
366.906,5.1004e-19
366.919,5.12598e-19
366.932,5.13758e-19
366.945,5.15792e-19
366.958,5.17769e-19
366.971,5.19265e-19
366.984,5.21443e-19
366.997,5.2209e-19
367.01,5.24108e-19
367.023,5.25629e-19
367.036,5.25804e-19
367.049,5.28571e-19
367.062,5.29587e-19
367.075,5.30318e-19
367.088,5.32911e-19
367.101,5.34201e-19
367.114,5.35837e-19
367.127,5.37165e-19
367.14,5.39102e-19
367.153,5.40419e-19
367.166,5.4138e-19
367.179,5.44366e-19
367.192,5.46462e-19
367.205,5.48195e-19
367.218,5.50414e-19
367.231,5.5303e-19
367.244,5.54645e-19
367.257,5.57209e-19
367.27,5.59559e-19
367.283,5.60487e-19
367.296,5.6428e-19
367.309,5.66203e-19
367.322,5.68076e-19
367.335,5.70766e-19
367.348,5.70659e-19
367.361,5.71881e-19
367.374,5.72985e-19
367.387,5.73452e-19
367.4,5.73538e-19
367.413,5.72949e-19
367.426,5.7291e-19
367.439,5.72277e-19
367.452,5.71711e-19
367.465,5.71584e-19
367.478,5.71694e-19
367.491,5.71157e-19
367.504,5.70493e-19
367.517,5.69146e-19
367.53,5.69287e-19
367.543,5.71082e-19
367.556,5.69287e-19
367.569,5.69104e-19
367.582,5.68899e-19
367.595,5.67704e-19
367.608,5.67365e-19
367.621,5.64374e-19
367.634,5.6429e-19
367.647,5.63285e-19
367.66,5.61767e-19
367.673,5.6181e-19
367.687,5.59969e-19
367.7,5.59642e-19
367.713,5.58639e-19
367.726,5.58748e-19
367.739,5.58922e-19
367.752,5.58169e-19
367.765,5.57841e-19
367.778,5.56508e-19
367.791,5.57851e-19
367.804,5.57712e-19
367.817,5.56532e-19
367.83,5.57914e-19
367.843,5.58375e-19
367.856,5.59456e-19
367.869,5.59826e-19
367.882,5.5995e-19
367.895,5.61545e-19
367.908,5.6186e-19
367.921,5.62557e-19
367.934,5.6284e-19
367.948,5.62068e-19
367.961,5.62188e-19
367.974,5.6259e-19
367.987,5.61835e-19
368,5.60329e-19
368.013,5.60779e-19
368.026,5.60643e-19
368.039,5.59016e-19
368.052,5.59096e-19
368.065,5.58456e-19
368.078,5.57417e-19
368.091,5.58104e-19
368.104,5.57179e-19
368.117,5.56513e-19
368.13,5.56344e-19
368.143,5.55592e-19
368.157,5.55977e-19
368.17,5.55055e-19
368.183,5.55388e-19
368.196,5.54985e-19
368.209,5.52844e-19
368.222,5.51789e-19
368.235,5.50781e-19
368.248,5.50016e-19
368.261,5.47887e-19
368.274,5.47102e-19
368.287,5.46583e-19
368.3,5.45183e-19
368.314,5.44916e-19
368.327,5.44595e-19
368.34,5.4344e-19
368.353,5.43064e-19
368.366,5.43819e-19
368.379,5.43215e-19
368.392,5.43486e-19
368.405,5.4368e-19
368.418,5.44036e-19
368.431,5.43165e-19
368.444,5.42052e-19
368.458,5.43257e-19
368.471,5.42222e-19
368.484,5.41762e-19
368.497,5.41925e-19
368.51,5.41898e-19
368.523,5.41624e-19
368.536,5.41444e-19
368.549,5.41157e-19
368.562,5.40297e-19
368.575,5.40973e-19
368.589,5.40072e-19
368.602,5.39748e-19
368.615,5.38929e-19
368.628,5.37411e-19
368.641,5.36332e-19
368.654,5.33605e-19
368.667,5.31994e-19
368.68,5.2973e-19
368.693,5.27989e-19
368.706,5.27211e-19
368.72,5.25573e-19
368.733,5.24556e-19
368.746,5.22736e-19
368.759,5.21613e-19
368.772,5.22406e-19
368.785,5.22689e-19
368.798,5.22835e-19
368.811,5.23124e-19
368.825,5.23924e-19
368.838,5.25273e-19
368.851,5.2579e-19
368.864,5.26809e-19
368.877,5.28027e-19
368.89,5.28495e-19
368.903,5.29409e-19
368.916,5.31116e-19
368.93,5.32607e-19
368.943,5.32879e-19
368.956,5.33514e-19
368.969,5.35454e-19
368.982,5.35256e-19
368.995,5.34586e-19
369.008,5.35688e-19
369.021,5.35285e-19
369.035,5.36091e-19
369.048,5.3791e-19
369.061,5.38826e-19
369.074,5.40089e-19
369.087,5.41678e-19
369.1,5.43496e-19
369.113,5.4386e-19
369.127,5.43959e-19
369.14,5.44155e-19
369.153,5.45212e-19
369.166,5.47231e-19
369.179,5.48844e-19
369.192,5.50217e-19
369.205,5.5114e-19
369.219,5.52598e-19
369.232,5.53639e-19
369.245,5.53787e-19
369.258,5.54644e-19
369.271,5.55426e-19
369.284,5.54968e-19
369.298,5.55513e-19
369.311,5.55052e-19
369.324,5.54146e-19
369.337,5.54866e-19
369.35,5.53828e-19
369.363,5.52743e-19
369.376,5.514e-19
369.39,5.49957e-19
369.403,5.49243e-19
369.416,5.48688e-19
369.429,5.47738e-19
369.442,5.47209e-19
369.455,5.47856e-19
369.469,5.46189e-19
369.482,5.45934e-19
369.495,5.46044e-19
369.508,5.45376e-19
369.521,5.46016e-19
369.534,5.44823e-19
369.548,5.44847e-19
369.561,5.44963e-19
369.574,5.44224e-19
369.587,5.43534e-19
369.6,5.41975e-19
369.613,5.41238e-19
369.627,5.40033e-19
369.64,5.40284e-19
369.653,5.39906e-19
369.666,5.38208e-19
369.679,5.39391e-19
369.693,5.38761e-19
369.706,5.37549e-19
369.719,5.3731e-19
369.732,5.36025e-19
369.745,5.3533e-19
369.759,5.33449e-19
369.772,5.3203e-19
369.785,5.30993e-19
369.798,5.29277e-19
369.811,5.2872e-19
369.824,5.28315e-19
369.838,5.27901e-19
369.851,5.27806e-19
369.864,5.27969e-19
369.877,5.29129e-19
369.89,5.30674e-19
369.904,5.31765e-19
369.917,5.33585e-19
369.93,5.34527e-19
369.943,5.3526e-19
369.956,5.37643e-19
369.97,5.40275e-19
369.983,5.42502e-19
369.996,5.4382e-19
370.009,5.45163e-19
370.022,5.46188e-19
370.036,5.47138e-19
370.049,5.47734e-19
370.062,5.48204e-19
370.075,5.4811e-19
370.088,5.47911e-19
370.102,5.4909e-19
370.115,5.481e-19
370.128,5.4779e-19
370.141,5.48258e-19
370.155,5.47511e-19
370.168,5.47705e-19
370.181,5.46977e-19
370.194,5.46085e-19
370.207,5.4513e-19
370.221,5.43162e-19
370.234,5.42408e-19
370.247,5.42626e-19
370.26,5.41609e-19
370.274,5.41052e-19
370.287,5.39935e-19
370.3,5.39045e-19
370.313,5.39295e-19
370.326,5.37593e-19
370.34,5.37079e-19
370.353,5.35576e-19
370.366,5.33753e-19
370.379,5.33997e-19
370.393,5.32679e-19
370.406,5.32179e-19
370.419,5.31834e-19
370.432,5.29909e-19
370.446,5.27456e-19
370.459,5.26364e-19
370.472,5.25556e-19
370.485,5.23191e-19
370.498,5.2227e-19
370.512,5.20722e-19
370.525,5.18938e-19
370.538,5.185e-19
370.551,5.1663e-19
370.565,5.15704e-19
370.578,5.14986e-19
370.591,5.13685e-19
370.604,5.13327e-19
370.618,5.11678e-19
370.631,5.09868e-19
370.644,5.08446e-19
370.657,5.07022e-19
370.671,5.05497e-19
370.684,5.03422e-19
370.697,5.01904e-19
370.71,4.99719e-19
370.724,4.97051e-19
370.737,4.95392e-19
370.75,4.93804e-19
370.764,4.91771e-19
370.777,4.9055e-19
370.79,4.89353e-19
370.803,4.87763e-19
370.817,4.86307e-19
370.83,4.85493e-19
370.843,4.85656e-19
370.856,4.84695e-19
370.87,4.84921e-19
370.883,4.8539e-19
370.896,4.85165e-19
370.909,4.86187e-19
370.923,4.86689e-19
370.936,4.87938e-19
370.949,4.88208e-19
370.962,4.89157e-19
370.976,4.91062e-19
370.989,4.91505e-19
371.002,4.93732e-19
371.016,4.95273e-19
371.029,4.96641e-19
371.042,4.99772e-19
371.055,5.03039e-19
371.069,5.06885e-19
371.082,5.09929e-19
371.095,5.12486e-19
371.109,5.16008e-19
371.122,5.19809e-19
371.135,5.22551e-19
371.148,5.23069e-19
371.162,5.24248e-19
371.175,5.2537e-19
371.188,5.24704e-19
371.202,5.26375e-19
371.215,5.26835e-19
371.228,5.25712e-19
371.241,5.25938e-19
371.255,5.26142e-19
371.268,5.2698e-19
371.281,5.26767e-19
371.295,5.27295e-19
371.308,5.28847e-19
371.321,5.30448e-19
371.335,5.32057e-19
371.348,5.33403e-19
371.361,5.35516e-19
371.374,5.37083e-19
371.388,5.39158e-19
371.401,5.40492e-19
371.414,5.41656e-19
371.428,5.44571e-19
371.441,5.4737e-19
371.454,5.49656e-19
371.468,5.5158e-19
371.481,5.53565e-19
371.494,5.55905e-19
371.508,5.58001e-19
371.521,5.59898e-19
371.534,5.63498e-19
371.547,5.6564e-19
371.561,5.66836e-19
371.574,5.7094e-19
371.587,5.74708e-19
371.601,5.78428e-19
371.614,5.81349e-19
371.627,5.8279e-19
371.641,5.8483e-19
371.654,5.86476e-19
371.667,5.88493e-19
371.681,5.90542e-19
371.694,5.93219e-19
371.707,5.96465e-19
371.721,5.988e-19
371.734,6.01262e-19
371.747,6.02337e-19
371.761,6.04992e-19
371.774,6.07417e-19
371.787,6.0744e-19
371.801,6.10056e-19
371.814,6.10456e-19
371.827,6.10531e-19
371.841,6.12699e-19
371.854,6.13063e-19
371.867,6.13771e-19
371.881,6.15969e-19
371.894,6.18484e-19
371.907,6.20374e-19
371.921,6.23572e-19
371.934,6.26178e-19
371.947,6.2804e-19
371.961,6.299e-19
371.974,6.3187e-19
371.987,6.33835e-19
372.001,6.34292e-19
372.014,6.36292e-19
372.027,6.37017e-19
372.041,6.36753e-19
372.054,6.3661e-19
372.067,6.3512e-19
372.081,6.33836e-19
372.094,6.3244e-19
372.108,6.31614e-19
372.121,6.31413e-19
372.134,6.31284e-19
372.148,6.30098e-19
372.161,6.29286e-19
372.174,6.27915e-19
372.188,6.26261e-19
372.201,6.25933e-19
372.214,6.25238e-19
372.228,6.24308e-19
372.241,6.22803e-19
372.255,6.22206e-19
372.268,6.21849e-19
372.281,6.22344e-19
372.295,6.24678e-19
372.308,6.26367e-19
372.321,6.27792e-19
372.335,6.30169e-19
372.348,6.31944e-19
372.361,6.3345e-19
372.375,6.35152e-19
372.388,6.35042e-19
372.402,6.35904e-19
372.415,6.36737e-19
372.428,6.3686e-19
372.442,6.37414e-19
372.455,6.37479e-19
372.469,6.37866e-19
372.482,6.37708e-19
372.495,6.3756e-19
372.509,6.37271e-19
372.522,6.36326e-19
372.535,6.34855e-19
372.549,6.35435e-19
372.562,6.35804e-19
372.576,6.34819e-19
372.589,6.35195e-19
372.602,6.33887e-19
372.616,6.32531e-19
372.629,6.31439e-19
372.643,6.30627e-19
372.656,6.29386e-19
372.669,6.26379e-19
372.683,6.24314e-19
372.696,6.22898e-19
372.71,6.2111e-19
372.723,6.18056e-19
372.736,6.15299e-19
372.75,6.13596e-19
372.763,6.11156e-19
372.777,6.08333e-19
372.79,6.0696e-19
372.803,6.04683e-19
372.817,6.01778e-19
372.83,6.00419e-19
372.844,5.98305e-19
372.857,5.96097e-19
372.87,5.93666e-19
372.884,5.91775e-19
372.897,5.90143e-19
372.911,5.88292e-19
372.924,5.86198e-19
372.937,5.83548e-19
372.951,5.81849e-19
372.964,5.79427e-19
372.978,5.77244e-19
372.991,5.74563e-19
373.005,5.72543e-19
373.018,5.71881e-19
373.031,5.69762e-19
373.045,5.6924e-19
373.058,5.6935e-19
373.072,5.69337e-19
373.085,5.69901e-19
373.099,5.68591e-19
373.112,5.67101e-19
373.125,5.65709e-19
373.139,5.63455e-19
373.152,5.62161e-19
373.166,5.60179e-19
373.179,5.58203e-19
373.193,5.57695e-19
373.206,5.56721e-19
373.219,5.56315e-19
373.233,5.54981e-19
373.246,5.53175e-19
373.26,5.52724e-19
373.273,5.51873e-19
373.287,5.51029e-19
373.3,5.50479e-19
373.313,5.50933e-19
373.327,5.51322e-19
373.34,5.50482e-19
373.354,5.4963e-19
373.367,5.48667e-19
373.381,5.47701e-19
373.394,5.46111e-19
373.408,5.45176e-19
373.421,5.44402e-19
373.435,5.42685e-19
373.448,5.42033e-19
373.461,5.4023e-19
373.475,5.38796e-19
373.488,5.38146e-19
373.502,5.36273e-19
373.515,5.35526e-19
373.529,5.34892e-19
373.542,5.3441e-19
373.556,5.34014e-19
373.569,5.34572e-19
373.583,5.35468e-19
373.596,5.35949e-19
373.609,5.37182e-19
373.623,5.36943e-19
373.636,5.3734e-19
373.65,5.37642e-19
373.663,5.37872e-19
373.677,5.38837e-19
373.69,5.38837e-19
373.704,5.39493e-19
373.717,5.39527e-19
373.731,5.40068e-19
373.744,5.41258e-19
373.758,5.42704e-19
373.771,5.44862e-19
373.785,5.46563e-19
373.798,5.48911e-19
373.812,5.51123e-19
373.825,5.53102e-19
373.838,5.54913e-19
373.852,5.56579e-19
373.865,5.58728e-19
373.879,5.59679e-19
373.892,5.60614e-19
373.906,5.63545e-19
373.919,5.64861e-19
373.933,5.65585e-19
373.946,5.67516e-19
373.96,5.66729e-19
373.973,5.6664e-19
373.987,5.66545e-19
374,5.64686e-19
374.014,5.64477e-19
374.027,5.62721e-19
374.041,5.60531e-19
374.054,5.58935e-19
374.068,5.57119e-19
374.081,5.56272e-19
374.095,5.54425e-19
374.108,5.53027e-19
374.122,5.52499e-19
374.135,5.51781e-19
374.149,5.51275e-19
374.162,5.50437e-19
374.176,5.49377e-19
374.189,5.48588e-19
374.203,5.47846e-19
374.216,5.46081e-19
374.23,5.4455e-19
374.243,5.4247e-19
374.257,5.4018e-19
374.27,5.38926e-19
374.284,5.37556e-19
374.297,5.37226e-19
374.311,5.35239e-19
374.324,5.32509e-19
374.338,5.30291e-19
374.351,5.26623e-19
374.365,5.23755e-19
374.378,5.21088e-19
374.392,5.18059e-19
374.406,5.1497e-19
374.419,5.12561e-19
374.433,5.1045e-19
374.446,5.08245e-19
374.46,5.06974e-19
374.473,5.05658e-19
374.487,5.04158e-19
374.5,5.03839e-19
374.514,5.04229e-19
374.527,5.02608e-19
374.541,5.02168e-19
374.554,5.02587e-19
374.568,5.02232e-19
374.581,5.02484e-19
374.595,5.01325e-19
374.608,5.01283e-19
374.622,5.01338e-19
374.636,5.01267e-19
374.649,5.01483e-19
374.663,5.01013e-19
374.676,5.01661e-19
374.69,5.01865e-19
374.703,5.02345e-19
374.717,5.02278e-19
374.73,5.0235e-19
374.744,5.03343e-19
374.757,5.03742e-19
374.771,5.05059e-19
374.784,5.05648e-19
374.798,5.05616e-19
374.812,5.07781e-19
374.825,5.09667e-19
374.839,5.09545e-19
374.852,5.10858e-19
374.866,5.11806e-19
374.879,5.1203e-19
374.893,5.14172e-19
374.906,5.15304e-19
374.92,5.16176e-19
374.934,5.18161e-19
374.947,5.19812e-19
374.961,5.21022e-19
374.974,5.22382e-19
374.988,5.23971e-19
375.001,5.25776e-19
375.015,5.28166e-19
375.029,5.30951e-19
375.042,5.34873e-19
375.056,5.38623e-19
375.069,5.42216e-19
375.083,5.46774e-19
375.096,5.50323e-19
375.11,5.54182e-19
375.124,5.58337e-19
375.137,5.62456e-19
375.151,5.6736e-19
375.164,5.70662e-19
375.178,5.742e-19
375.191,5.77574e-19
375.205,5.7977e-19
375.219,5.82082e-19
375.232,5.82855e-19
375.246,5.8517e-19
375.259,5.88032e-19
375.273,5.8927e-19
375.286,5.92291e-19
375.3,5.95294e-19
375.314,5.97324e-19
375.327,5.99903e-19
375.341,6.01852e-19
375.354,6.0259e-19
375.368,6.03598e-19
375.382,6.04936e-19
375.395,6.04591e-19
375.409,6.04117e-19
375.422,6.04587e-19
375.436,6.04973e-19
375.45,6.06335e-19
375.463,6.0721e-19
375.477,6.08263e-19
375.49,6.10359e-19
375.504,6.11272e-19
375.518,6.11979e-19
375.531,6.11802e-19
375.545,6.11193e-19
375.558,6.11117e-19
375.572,6.11012e-19
375.586,6.11233e-19
375.599,6.11724e-19
375.613,6.1304e-19
375.626,6.13955e-19
375.64,6.14808e-19
375.654,6.15061e-19
375.667,6.14869e-19
375.681,6.15465e-19
375.694,6.15518e-19
375.708,6.16546e-19
375.722,6.17685e-19
375.735,6.18749e-19
375.749,6.20222e-19
375.763,6.20984e-19
375.776,6.22112e-19
375.79,6.22295e-19
375.803,6.21474e-19
375.817,6.20707e-19
375.831,6.19959e-19
375.844,6.18207e-19
375.858,6.15832e-19
375.872,6.14388e-19
375.885,6.1221e-19
375.899,6.11145e-19
375.912,6.11438e-19
375.926,6.11376e-19
375.94,6.12946e-19
375.953,6.15425e-19
375.967,6.18312e-19
375.981,6.21581e-19
375.994,6.25022e-19
376.008,6.2979e-19
376.022,6.3511e-19
376.035,6.40485e-19
376.049,6.46923e-19
376.062,6.52562e-19
376.076,6.57208e-19
376.09,6.6197e-19
376.103,6.6557e-19
376.117,6.69571e-19
376.131,6.72816e-19
376.144,6.76136e-19
376.158,6.80059e-19
376.172,6.825e-19
376.185,6.86413e-19
376.199,6.89426e-19
376.213,6.91859e-19
376.226,6.95671e-19
376.24,6.97886e-19
376.253,6.99538e-19
376.267,7.01307e-19
376.281,7.02129e-19
376.294,7.02934e-19
376.308,7.03814e-19
376.322,7.0391e-19
376.335,7.04017e-19
376.349,7.02426e-19
376.363,7.00484e-19
376.376,6.99294e-19
376.39,6.97667e-19
376.404,6.9746e-19
376.417,6.97079e-19
376.431,6.96136e-19
376.445,6.94838e-19
376.458,6.93205e-19
376.472,6.91585e-19
376.486,6.89472e-19
376.499,6.8656e-19
376.513,6.83189e-19
376.527,6.8078e-19
376.54,6.77169e-19
376.554,6.73936e-19
376.568,6.72438e-19
376.582,6.6996e-19
376.595,6.6736e-19
376.609,6.65244e-19
376.623,6.64252e-19
376.636,6.63478e-19
376.65,6.61167e-19
376.664,6.58943e-19
376.677,6.57091e-19
376.691,6.54624e-19
376.705,6.51435e-19
376.718,6.4936e-19
376.732,6.48374e-19
376.746,6.46143e-19
376.759,6.45067e-19
376.773,6.43129e-19
376.787,6.40161e-19
376.8,6.39616e-19
376.814,6.37374e-19
376.828,6.34674e-19
376.842,6.32351e-19
376.855,6.28636e-19
376.869,6.24863e-19
376.883,6.20076e-19
376.896,6.15561e-19
376.91,6.12132e-19
376.924,6.08703e-19
376.938,6.05549e-19
376.951,6.02165e-19
376.965,5.98744e-19
376.979,5.96722e-19
376.992,5.94481e-19
377.006,5.91387e-19
377.02,5.88819e-19
377.033,5.86808e-19
377.047,5.85276e-19
377.061,5.83914e-19
377.075,5.82773e-19
377.088,5.81157e-19
377.102,5.79794e-19
377.116,5.78613e-19
377.129,5.76525e-19
377.143,5.74847e-19
377.157,5.73287e-19
377.171,5.7142e-19
377.184,5.70353e-19
377.198,5.69017e-19
377.212,5.66013e-19
377.226,5.63541e-19
377.239,5.61566e-19
377.253,5.5791e-19
377.267,5.54069e-19
377.28,5.51175e-19
377.294,5.48317e-19
377.308,5.45919e-19
377.322,5.43573e-19
377.335,5.4053e-19
377.349,5.37974e-19
377.363,5.35022e-19
377.377,5.31807e-19
377.39,5.29077e-19
377.404,5.26363e-19
377.418,5.24582e-19
377.432,5.22736e-19
377.445,5.20487e-19
377.459,5.19338e-19
377.473,5.186e-19
377.486,5.17477e-19
377.5,5.16331e-19
377.514,5.15205e-19
377.528,5.14864e-19
377.541,5.1518e-19
377.555,5.1562e-19
377.569,5.1628e-19
377.583,5.17516e-19
377.596,5.19058e-19
377.61,5.19825e-19
377.624,5.21005e-19
377.638,5.21198e-19
377.651,5.20672e-19
377.665,5.21169e-19
377.679,5.20342e-19
377.693,5.19332e-19
377.707,5.18465e-19
377.72,5.17329e-19
377.734,5.16498e-19
377.748,5.15431e-19
377.762,5.15031e-19
377.775,5.14279e-19
377.789,5.13581e-19
377.803,5.14363e-19
377.817,5.15557e-19
377.83,5.16937e-19
377.844,5.19855e-19
377.858,5.26671e-19
377.872,5.3185e-19
377.886,5.29585e-19
377.899,5.28815e-19
377.913,5.3358e-19
377.927,5.38189e-19
377.941,5.39669e-19
377.954,5.39036e-19
377.968,5.39587e-19
377.982,5.38616e-19
377.996,5.37279e-19
378.01,5.36851e-19
378.023,5.33559e-19
378.037,5.32931e-19
378.051,5.32764e-19
378.065,5.28825e-19
378.078,5.27973e-19
378.092,5.27806e-19
378.106,5.24967e-19
378.12,5.22801e-19
378.134,5.21472e-19
378.147,5.20782e-19
378.161,5.18999e-19
378.175,5.15051e-19
378.189,5.14219e-19
378.203,5.16594e-19
378.216,5.16607e-19
378.23,5.15015e-19
378.244,5.13836e-19
378.258,5.14652e-19
378.272,5.16424e-19
378.285,5.15776e-19
378.299,5.14292e-19
378.313,5.13307e-19
378.327,5.14345e-19
378.341,5.16933e-19
378.354,5.17303e-19
378.368,5.16779e-19
378.382,5.17654e-19
378.396,5.19294e-19
378.41,5.2135e-19
378.423,5.23344e-19
378.437,5.24623e-19
378.451,5.25521e-19
378.465,5.26592e-19
378.479,5.28444e-19
378.493,5.29924e-19
378.506,5.30707e-19
378.52,5.30757e-19
378.534,5.28588e-19
378.548,5.26775e-19
378.562,5.26091e-19
378.575,5.25916e-19
378.589,5.26365e-19
378.603,5.25784e-19
378.617,5.24935e-19
378.631,5.24323e-19
378.645,5.24485e-19
378.658,5.25024e-19
378.672,5.25961e-19
378.686,5.27482e-19
378.7,5.28541e-19
378.714,5.30452e-19
378.728,5.32354e-19
378.741,5.34926e-19
378.755,5.37649e-19
378.769,5.3881e-19
378.783,5.3957e-19
378.797,5.39164e-19
378.811,5.38365e-19
378.824,5.37404e-19
378.838,5.37225e-19
378.852,5.37361e-19
378.866,5.37475e-19
378.88,5.38187e-19
378.894,5.38097e-19
378.908,5.39382e-19
378.921,5.39906e-19
378.935,5.40311e-19
378.949,5.42487e-19
378.963,5.43087e-19
378.977,5.44158e-19
378.991,5.45642e-19
379.004,5.46642e-19
379.018,5.48437e-19
379.032,5.49868e-19
379.046,5.5119e-19
379.06,5.52502e-19
379.074,5.52927e-19
379.088,5.53875e-19
379.102,5.55183e-19
379.115,5.5652e-19
379.129,5.57488e-19
379.143,5.57771e-19
379.157,5.59523e-19
379.171,5.60576e-19
379.185,5.61352e-19
379.199,5.63549e-19
379.212,5.65561e-19
379.226,5.67273e-19
379.24,5.69127e-19
379.254,5.72192e-19
379.268,5.75249e-19
379.282,5.78382e-19
379.296,5.81722e-19
379.31,5.84753e-19
379.323,5.87951e-19
379.337,5.90458e-19
379.351,5.92348e-19
379.365,5.95138e-19
379.379,5.97344e-19
379.393,5.98616e-19
379.407,6.02692e-19
379.421,6.0615e-19
379.435,6.09364e-19
379.448,6.14601e-19
379.462,6.19351e-19
379.476,6.23887e-19
379.49,6.27454e-19
379.504,6.31982e-19
379.518,6.35593e-19
379.532,6.39044e-19
379.546,6.42939e-19
379.56,6.44572e-19
379.573,6.48089e-19
379.587,6.51513e-19
379.601,6.54429e-19
379.615,6.57228e-19
379.629,6.59487e-19
379.643,6.63214e-19
379.657,6.6484e-19
379.671,6.66304e-19
379.685,6.68255e-19
379.699,6.68928e-19
379.712,6.69903e-19
379.726,6.70002e-19
379.74,6.70472e-19
379.754,6.70062e-19
379.768,6.68915e-19
379.782,6.68691e-19
379.796,6.67517e-19
379.81,6.67782e-19
379.824,6.68635e-19
379.838,6.69563e-19
379.852,6.71166e-19
379.865,6.72009e-19
379.879,6.73216e-19
379.893,6.72686e-19
379.907,6.71832e-19
379.921,6.71386e-19
379.935,6.69272e-19
379.949,6.68025e-19
379.963,6.66708e-19
379.977,6.64808e-19
379.991,6.64209e-19
380.005,6.63482e-19
380.019,6.61945e-19
380.033,6.59866e-19
380.047,6.57123e-19
380.06,6.54872e-19
380.074,6.51851e-19
380.088,6.48053e-19
380.102,6.45789e-19
380.116,6.42907e-19
380.13,6.40355e-19
380.144,6.39536e-19
380.158,6.37647e-19
380.172,6.36613e-19
380.186,6.36932e-19
380.2,6.36778e-19
380.214,6.3758e-19
380.228,6.38305e-19
380.242,6.3798e-19
380.256,6.38341e-19
380.27,6.38355e-19
380.284,6.3668e-19
380.297,6.35499e-19
380.311,6.34845e-19
380.325,6.33242e-19
380.339,6.31689e-19
380.353,6.2995e-19
380.367,6.28112e-19
380.381,6.27357e-19
380.395,6.27062e-19
380.409,6.26835e-19
380.423,6.26475e-19
380.437,6.26864e-19
380.451,6.28702e-19
380.465,6.29339e-19
380.479,6.29743e-19
380.493,6.30535e-19
380.507,6.29751e-19
380.521,6.29709e-19
380.535,6.3e-19
380.549,6.30163e-19
380.563,6.30963e-19
380.577,6.31844e-19
380.591,6.32737e-19
380.605,6.32883e-19
380.619,6.33253e-19
380.633,6.33354e-19
380.647,6.33311e-19
380.661,6.33264e-19
380.674,6.33131e-19
380.688,6.33963e-19
380.702,6.34461e-19
380.716,6.34488e-19
380.73,6.33943e-19
380.744,6.33523e-19
380.758,6.32745e-19
380.772,6.30715e-19
380.786,6.28914e-19
380.8,6.26936e-19
380.814,6.25026e-19
380.828,6.22936e-19
380.842,6.19982e-19
380.856,6.17512e-19
380.87,6.15374e-19
380.884,6.12676e-19
380.898,6.10592e-19
380.912,6.09177e-19
380.926,6.07366e-19
380.94,6.05793e-19
380.954,6.04666e-19
380.968,6.03424e-19
380.982,6.01942e-19
380.996,6.00735e-19
381.01,6.00015e-19
381.024,5.9981e-19
381.038,5.99749e-19
381.052,5.99195e-19
381.066,5.99046e-19
381.08,5.99726e-19
381.094,5.99699e-19
381.108,5.99002e-19
381.122,5.98396e-19
381.136,5.97182e-19
381.15,5.96348e-19
381.164,5.95342e-19
381.178,5.94296e-19
381.192,5.9455e-19
381.206,5.9455e-19
381.22,5.94399e-19
381.234,5.94003e-19
381.248,5.93195e-19
381.262,5.91864e-19
381.276,5.90754e-19
381.291,5.90095e-19
381.305,5.88633e-19
381.319,5.88699e-19
381.333,5.89741e-19
381.347,5.90897e-19
381.361,5.92537e-19
381.375,5.92715e-19
381.389,5.92166e-19
381.403,5.91237e-19
381.417,5.89407e-19
381.431,5.88744e-19
381.445,5.88834e-19
381.459,5.8818e-19
381.473,5.88232e-19
381.487,5.87343e-19
381.501,5.86223e-19
381.515,5.86483e-19
381.529,5.86684e-19
381.543,5.87147e-19
381.557,5.87428e-19
381.571,5.88467e-19
381.585,5.89399e-19
381.599,5.90441e-19
381.613,5.91445e-19
381.627,5.91765e-19
381.641,5.93257e-19
381.655,5.94931e-19
381.67,5.97291e-19
381.684,5.98875e-19
381.698,6.00291e-19
381.712,6.01151e-19
381.726,6.01189e-19
381.74,6.02289e-19
381.754,6.01084e-19
381.768,6.00238e-19
381.782,5.99911e-19
381.796,5.98771e-19
381.81,5.9777e-19
381.824,5.96012e-19
381.838,5.94978e-19
381.852,5.93667e-19
381.866,5.91588e-19
381.88,5.88823e-19
381.894,5.86651e-19
381.909,5.85263e-19
381.923,5.84166e-19
381.937,5.83993e-19
381.951,5.83833e-19
381.965,5.84015e-19
381.979,5.84526e-19
381.993,5.85173e-19
382.007,5.8583e-19
382.021,5.8691e-19
382.035,5.87276e-19
382.049,5.87747e-19
382.063,5.88877e-19
382.077,5.88928e-19
382.092,5.90172e-19
382.106,5.92272e-19
382.12,5.95176e-19
382.134,5.98329e-19
382.148,6.00833e-19
382.162,6.03513e-19
382.176,6.0388e-19
382.19,6.03348e-19
382.204,6.02355e-19
382.218,5.99796e-19
382.232,5.97887e-19
382.246,5.95185e-19
382.261,5.91771e-19
382.275,5.89746e-19
382.289,5.86806e-19
382.303,5.83267e-19
382.317,5.80451e-19
382.331,5.76703e-19
382.345,5.72644e-19
382.359,5.6867e-19
382.373,5.64851e-19
382.387,5.61025e-19
382.402,5.56811e-19
382.416,5.52585e-19
382.43,5.48264e-19
382.444,5.44952e-19
382.458,5.42461e-19
382.472,5.40353e-19
382.486,5.38945e-19
382.5,5.39068e-19
382.514,5.39549e-19
382.529,5.39065e-19
382.543,5.39441e-19
382.557,5.37986e-19
382.571,5.35578e-19
382.585,5.34593e-19
382.599,5.33033e-19
382.613,5.32415e-19
382.627,5.32763e-19
382.642,5.33741e-19
382.656,5.34912e-19
382.67,5.36226e-19
382.684,5.3807e-19
382.698,5.39835e-19
382.712,5.42601e-19
382.726,5.45572e-19
382.74,5.48073e-19
382.755,5.50159e-19
382.769,5.52341e-19
382.783,5.53849e-19
382.797,5.54733e-19
382.811,5.56197e-19
382.825,5.56421e-19
382.839,5.56616e-19
382.853,5.5799e-19
382.868,5.58602e-19
382.882,5.5749e-19
382.896,5.56262e-19
382.91,5.54895e-19
382.924,5.53113e-19
382.938,5.52568e-19
382.952,5.51976e-19
382.967,5.5174e-19
382.981,5.51356e-19
382.995,5.50754e-19
383.009,5.51355e-19
383.023,5.51534e-19
383.037,5.52161e-19
383.051,5.52117e-19
383.066,5.51651e-19
383.08,5.52278e-19
383.094,5.51138e-19
383.108,5.50559e-19
383.122,5.50871e-19
383.136,5.50383e-19
383.151,5.51532e-19
383.165,5.53108e-19
383.179,5.55817e-19
383.193,5.59818e-19
383.207,5.64427e-19
383.221,5.69865e-19
383.236,5.72957e-19
383.25,5.75633e-19
383.264,5.77748e-19
383.278,5.77593e-19
383.292,5.7706e-19
383.306,5.75864e-19
383.321,5.7506e-19
383.335,5.74488e-19
383.349,5.73964e-19
383.363,5.73775e-19
383.377,5.73618e-19
383.391,5.73714e-19
383.406,5.74042e-19
383.42,5.74183e-19
383.434,5.73605e-19
383.448,5.73518e-19
383.462,5.73496e-19
383.477,5.73588e-19
383.491,5.7263e-19
383.505,5.71162e-19
383.519,5.69969e-19
383.533,5.67076e-19
383.548,5.66086e-19
383.562,5.64995e-19
383.576,5.64144e-19
383.59,5.65626e-19
383.604,5.65361e-19
383.618,5.66957e-19
383.633,5.70174e-19
383.647,5.73012e-19
383.661,5.77117e-19
383.675,5.81474e-19
383.689,5.85667e-19
383.704,5.90052e-19
383.718,5.94089e-19
383.732,5.96718e-19
383.746,5.98802e-19
383.76,5.99198e-19
383.775,5.99757e-19
383.789,6.0177e-19
383.803,6.02607e-19
383.817,6.03867e-19
383.832,6.05671e-19
383.846,6.07239e-19
383.86,6.0943e-19
383.874,6.12338e-19
383.888,6.1466e-19
383.903,6.17215e-19
383.917,6.20702e-19
383.931,6.233e-19
383.945,6.25251e-19
383.959,6.25635e-19
383.974,6.25734e-19
383.988,6.26836e-19
384.002,6.26582e-19
384.016,6.26237e-19
384.031,6.25913e-19
384.045,6.23655e-19
384.059,6.2101e-19
384.073,6.18388e-19
384.087,6.15166e-19
384.102,6.11462e-19
384.116,6.07258e-19
384.13,6.03553e-19
384.144,6.00059e-19
384.159,5.97351e-19
384.173,5.96326e-19
384.187,5.95325e-19
384.201,5.94236e-19
384.216,5.94229e-19
384.23,5.95057e-19
384.244,5.97271e-19
384.258,6.00633e-19
384.273,6.02692e-19
384.287,6.02517e-19
384.301,6.00465e-19
384.315,5.99374e-19
384.33,6.00487e-19
384.344,6.02783e-19
384.358,6.07253e-19
384.372,6.11699e-19
384.387,6.15531e-19
384.401,6.20317e-19
384.415,6.24695e-19
384.429,6.28726e-19
384.444,6.32085e-19
384.458,6.34311e-19
384.472,6.36093e-19
384.486,6.36977e-19
384.501,6.37446e-19
384.515,6.38125e-19
384.529,6.39387e-19
384.543,6.40486e-19
384.558,6.40742e-19
384.572,6.41299e-19
384.586,6.40866e-19
384.6,6.3974e-19
384.615,6.38983e-19
384.629,6.37501e-19
384.643,6.36792e-19
384.658,6.37572e-19
384.672,6.38169e-19
384.686,6.39108e-19
384.7,6.42076e-19
384.715,6.46886e-19
384.729,6.52541e-19
384.743,6.57012e-19
384.757,6.59839e-19
384.772,6.62524e-19
384.786,6.66089e-19
384.8,6.69745e-19
384.815,6.7142e-19
384.829,6.72204e-19
384.843,6.71522e-19
384.857,6.69465e-19
384.872,6.67478e-19
384.886,6.63904e-19
384.9,6.60215e-19
384.915,6.5705e-19
384.929,6.52344e-19
384.943,6.46978e-19
384.957,6.42633e-19
384.972,6.38321e-19
384.986,6.34816e-19
385,6.33715e-19
385.015,6.32998e-19
385.029,6.3272e-19
385.043,6.32423e-19
385.058,6.30267e-19
385.072,6.27234e-19
385.086,6.23411e-19
385.1,6.19257e-19
385.115,6.15089e-19
385.129,6.10686e-19
385.143,6.07443e-19
385.158,6.04709e-19
385.172,6.02104e-19
385.186,6.00249e-19
385.201,5.97966e-19
385.215,5.96395e-19
385.229,5.96371e-19
385.244,5.95466e-19
385.258,5.94375e-19
385.272,5.94903e-19
385.286,5.96839e-19
385.301,5.99854e-19
385.315,6.02037e-19
385.329,6.02974e-19
385.344,6.03457e-19
385.358,6.03159e-19
385.372,6.02968e-19
385.387,6.03658e-19
385.401,6.03683e-19
385.415,6.02478e-19
385.43,6.00994e-19
385.444,5.98891e-19
385.458,5.96797e-19
385.473,5.94551e-19
385.487,5.92792e-19
385.501,5.91543e-19
385.516,5.90813e-19
385.53,5.91986e-19
385.544,5.93497e-19
385.559,5.97741e-19
385.573,6.02236e-19
385.587,6.05237e-19
385.602,6.10718e-19
385.616,6.15502e-19
385.63,6.20784e-19
385.645,6.26559e-19
385.659,6.32117e-19
385.673,6.38752e-19
385.688,6.45014e-19
385.702,6.51515e-19
385.717,6.54377e-19
385.731,6.547e-19
385.745,6.53336e-19
385.76,6.49487e-19
385.774,6.45939e-19
385.788,6.4099e-19
385.803,6.36689e-19
385.817,6.31536e-19
385.831,6.26343e-19
385.846,6.23993e-19
385.86,6.21453e-19
385.874,6.2015e-19
385.889,6.18558e-19
385.903,6.16698e-19
385.918,6.15033e-19
385.932,6.11114e-19
385.946,6.06008e-19
385.961,6.0087e-19
385.975,5.96509e-19
385.989,5.92561e-19
386.004,5.89142e-19
386.018,5.85839e-19
386.033,5.82982e-19
386.047,5.8048e-19
386.061,5.78356e-19
386.076,5.77274e-19
386.09,5.76479e-19
386.104,5.75784e-19
386.119,5.7377e-19
386.133,5.7195e-19
386.148,5.70206e-19
386.162,5.68218e-19
386.176,5.67517e-19
386.191,5.66279e-19
386.205,5.64403e-19
386.219,5.62066e-19
386.234,5.59774e-19
386.248,5.57396e-19
386.263,5.54519e-19
386.277,5.51848e-19
386.291,5.49513e-19
386.306,5.47365e-19
386.32,5.45104e-19
386.335,5.43553e-19
386.349,5.42874e-19
386.363,5.41958e-19
386.378,5.40348e-19
386.392,5.38891e-19
386.407,5.37232e-19
386.421,5.3586e-19
386.435,5.34465e-19
386.45,5.31986e-19
386.464,5.30921e-19
386.479,5.31066e-19
386.493,5.31479e-19
386.507,5.32319e-19
386.522,5.32608e-19
386.536,5.32347e-19
386.551,5.32058e-19
386.565,5.32385e-19
386.579,5.32858e-19
386.594,5.32902e-19
386.608,5.33684e-19
386.623,5.35687e-19
386.637,5.37364e-19
386.652,5.39106e-19
386.666,5.41582e-19
386.68,5.44071e-19
386.695,5.47135e-19
386.709,5.4969e-19
386.724,5.51464e-19
386.738,5.52902e-19
386.753,5.53213e-19
386.767,5.54245e-19
386.781,5.56681e-19
386.796,5.59804e-19
386.81,5.63583e-19
386.825,5.67495e-19
386.839,5.71058e-19
386.854,5.7519e-19
386.868,5.80278e-19
386.882,5.84e-19
386.897,5.87245e-19
386.911,5.89566e-19
386.926,5.89323e-19
386.94,5.88431e-19
386.955,5.88074e-19
386.969,5.88988e-19
386.984,5.8927e-19
386.998,5.89765e-19
387.012,5.91369e-19
387.027,5.91946e-19
387.041,5.93392e-19
387.056,5.95192e-19
387.07,5.96223e-19
387.085,5.97691e-19
387.099,5.99031e-19
387.114,6.01232e-19
387.128,6.03328e-19
387.142,6.04081e-19
387.157,6.05934e-19
387.171,6.07573e-19
387.186,6.09183e-19
387.2,6.10706e-19
387.215,6.10638e-19
387.229,6.11278e-19
387.244,6.11572e-19
387.258,6.11542e-19
387.273,6.11162e-19
387.287,6.10942e-19
387.302,6.12186e-19
387.316,6.13723e-19
387.331,6.16298e-19
387.345,6.18257e-19
387.359,6.20294e-19
387.374,6.22676e-19
387.388,6.23556e-19
387.403,6.24187e-19
387.417,6.24251e-19
387.432,6.24762e-19
387.446,6.24964e-19
387.461,6.2424e-19
387.475,6.24185e-19
387.49,6.23805e-19
387.504,6.24386e-19
387.519,6.2477e-19
387.533,6.24026e-19
387.548,6.24238e-19
387.562,6.23987e-19
387.577,6.23276e-19
387.591,6.21788e-19
387.606,6.20362e-19
387.62,6.20142e-19
387.635,6.1968e-19
387.649,6.19185e-19
387.664,6.18727e-19
387.678,6.18525e-19
387.693,6.18743e-19
387.707,6.20053e-19
387.722,6.21352e-19
387.736,6.2215e-19
387.751,6.23826e-19
387.765,6.25438e-19
387.78,6.2755e-19
387.794,6.29852e-19
387.809,6.30919e-19
387.823,6.32336e-19
387.838,6.33923e-19
387.852,6.34531e-19
387.867,6.36314e-19
387.881,6.3714e-19
387.896,6.36598e-19
387.91,6.37191e-19
387.925,6.36807e-19
387.939,6.3671e-19
387.954,6.36732e-19
387.968,6.36031e-19
387.983,6.34883e-19
387.997,6.32692e-19
388.012,6.30363e-19
388.026,6.2675e-19
388.041,6.23022e-19
388.055,6.20056e-19
388.07,6.17327e-19
388.084,6.16003e-19
388.099,6.15234e-19
388.114,6.14574e-19
388.128,6.13929e-19
388.143,6.12676e-19
388.157,6.11903e-19
388.172,6.11485e-19
388.186,6.10875e-19
388.201,6.10288e-19
388.215,6.09711e-19
388.23,6.09136e-19
388.244,6.07994e-19
388.259,6.06229e-19
388.273,6.03833e-19
388.288,6.01637e-19
388.303,5.99398e-19
388.317,5.97418e-19
388.332,5.96417e-19
388.346,5.94962e-19
388.361,5.93582e-19
388.375,5.92594e-19
388.39,5.91625e-19
388.404,5.90908e-19
388.419,5.90395e-19
388.433,5.90401e-19
388.448,5.91875e-19
388.463,5.93593e-19
388.477,5.94207e-19
388.492,5.94319e-19
388.506,5.94102e-19
388.521,5.94183e-19
388.535,5.93851e-19
388.55,5.92926e-19
388.564,5.91371e-19
388.579,5.90015e-19
388.594,5.8951e-19
388.608,5.89062e-19
388.623,5.89336e-19
388.637,5.90238e-19
388.652,5.91611e-19
388.666,5.92702e-19
388.681,5.94672e-19
388.696,5.9786e-19
388.71,6.00526e-19
388.725,6.02855e-19
388.739,6.04506e-19
388.754,6.05086e-19
388.768,6.04417e-19
388.783,6.02696e-19
388.798,6.01338e-19
388.812,6.01182e-19
388.827,6.00976e-19
388.841,6.01867e-19
388.856,6.03838e-19
388.871,6.0578e-19
388.885,6.08594e-19
388.9,6.10534e-19
388.914,6.12424e-19
388.929,6.14622e-19
388.943,6.16233e-19
388.958,6.18664e-19
388.973,6.21403e-19
388.987,6.24693e-19
389.002,6.27991e-19
389.016,6.29595e-19
389.031,6.31171e-19
389.046,6.33316e-19
389.06,6.35397e-19
389.075,6.378e-19
389.089,6.40951e-19
389.104,6.4394e-19
389.119,6.45436e-19
389.133,6.47105e-19
389.148,6.48391e-19
389.163,6.49719e-19
389.177,6.51319e-19
389.192,6.52533e-19
389.206,6.54313e-19
389.221,6.54785e-19
389.236,6.54885e-19
389.25,6.53715e-19
389.265,6.51065e-19
389.279,6.47684e-19
389.294,6.44367e-19
389.309,6.42365e-19
389.323,6.38772e-19
389.338,6.36613e-19
389.353,6.35882e-19
389.367,6.34843e-19
389.382,6.35497e-19
389.396,6.3648e-19
389.411,6.37583e-19
389.426,6.37493e-19
389.44,6.36963e-19
389.455,6.36987e-19
389.47,6.35188e-19
389.484,6.32807e-19
389.499,6.30937e-19
389.513,6.2869e-19
389.528,6.26056e-19
389.543,6.23491e-19
389.557,6.21487e-19
389.572,6.18643e-19
389.587,6.15008e-19
389.601,6.1122e-19
389.616,6.07622e-19
389.631,6.04939e-19
389.645,6.02143e-19
389.66,6.00757e-19
389.674,6.0014e-19
389.689,5.98675e-19
389.704,5.98143e-19
389.718,5.97544e-19
389.733,5.96883e-19
389.748,5.96941e-19
389.762,5.97026e-19
389.777,5.97504e-19
389.792,5.97412e-19
389.806,5.97582e-19
389.821,5.98046e-19
389.836,5.98354e-19
389.85,6.00011e-19
389.865,6.01743e-19
389.88,6.03767e-19
389.894,6.04888e-19
389.909,6.0678e-19
389.924,6.1061e-19
389.938,6.13868e-19
389.953,6.18145e-19
389.968,6.21042e-19
389.982,6.22978e-19
389.997,6.24356e-19
390.012,6.23568e-19
390.026,6.21571e-19
390.041,6.18642e-19
390.056,6.16532e-19
390.07,6.15456e-19
390.085,6.14913e-19
390.1,6.14418e-19
390.114,6.14858e-19
390.129,6.14936e-19
390.144,6.15248e-19
390.158,6.16424e-19
390.173,6.17248e-19
390.188,6.18924e-19
390.202,6.20008e-19
390.217,6.21402e-19
390.232,6.23161e-19
390.247,6.25752e-19
390.261,6.2898e-19
390.276,6.31353e-19
390.291,6.33972e-19
390.305,6.36183e-19
390.32,6.37681e-19
390.335,6.38158e-19
390.349,6.37724e-19
390.364,6.36688e-19
390.379,6.35087e-19
390.393,6.31505e-19
390.408,6.27697e-19
390.423,6.26005e-19
390.438,6.24705e-19
390.452,6.24136e-19
390.467,6.23748e-19
390.482,6.21736e-19
390.496,6.18786e-19
390.511,6.16371e-19
390.526,6.15289e-19
390.541,6.15471e-19
390.555,6.14183e-19
390.57,6.11538e-19
390.585,6.08265e-19
390.599,6.05034e-19
390.614,6.03031e-19
390.629,6.02054e-19
390.644,6.03788e-19
390.658,6.05908e-19
390.673,6.07816e-19
390.688,6.08729e-19
390.702,6.07943e-19
390.717,6.06449e-19
390.732,6.04459e-19
390.747,6.03388e-19
390.761,6.01397e-19
390.776,5.99541e-19
390.791,5.97921e-19
390.806,5.96189e-19
390.82,5.9454e-19
390.835,5.93346e-19
390.85,5.94409e-19
390.864,5.9693e-19
390.879,5.99445e-19
390.894,6.00226e-19
390.909,5.99022e-19
390.923,5.9607e-19
390.938,5.94033e-19
390.953,5.91916e-19
390.968,5.93189e-19
390.982,6.05268e-19
390.997,6.12438e-19
391.012,6.02402e-19
391.027,5.97168e-19
391.041,6.05774e-19
391.056,6.11435e-19
391.071,6.10575e-19
391.086,6.08297e-19
391.1,6.09862e-19
391.115,6.09931e-19
391.13,6.11644e-19
391.145,6.16188e-19
391.159,6.13597e-19
391.174,6.18977e-19
391.189,6.2101e-19
391.204,6.1351e-19
391.218,6.15494e-19
391.233,6.15121e-19
391.248,6.12645e-19
391.263,6.12395e-19
391.278,6.12656e-19
391.292,6.19916e-19
391.307,6.23616e-19
391.322,6.15323e-19
391.337,6.08736e-19
391.351,6.129e-19
391.366,6.11847e-19
391.381,5.99799e-19
391.396,5.92741e-19
391.41,5.94547e-19
391.425,6.00197e-19
391.44,6.02589e-19
391.455,6.03085e-19
391.47,6.10364e-19
391.484,6.20955e-19
391.499,6.33299e-19
391.514,6.42441e-19
391.529,6.45458e-19
391.544,6.49197e-19
391.558,6.52905e-19
391.573,6.58703e-19
391.588,6.66182e-19
391.603,6.69085e-19
391.617,6.69673e-19
391.632,6.73817e-19
391.647,6.79539e-19
391.662,6.85072e-19
391.677,6.90395e-19
391.691,6.90456e-19
391.706,6.90824e-19
391.721,6.95983e-19
391.736,7.02205e-19
391.751,7.11545e-19
391.765,7.21992e-19
391.78,7.28266e-19
391.795,7.3085e-19
391.81,7.32083e-19
391.825,7.30824e-19
391.839,7.2765e-19
391.854,7.24951e-19
391.869,7.20989e-19
391.884,7.16376e-19
391.899,7.11638e-19
391.914,7.06222e-19
391.928,7.01105e-19
391.943,6.94865e-19
391.958,6.8836e-19
391.973,6.81059e-19
391.988,6.72651e-19
392.002,6.65188e-19
392.017,6.58885e-19
392.032,6.55252e-19
392.047,6.51946e-19
392.062,6.48861e-19
392.077,6.47844e-19
392.091,6.45208e-19
392.106,6.41439e-19
392.121,6.37935e-19
392.136,6.33949e-19
392.151,6.30731e-19
392.166,6.27494e-19
392.18,6.24085e-19
392.195,6.22156e-19
392.21,6.21418e-19
392.225,6.20704e-19
392.24,6.20086e-19
392.255,6.1985e-19
392.269,6.19181e-19
392.284,6.19903e-19
392.299,6.2129e-19
392.314,6.22769e-19
392.329,6.26003e-19
392.344,6.28267e-19
392.359,6.31015e-19
392.373,6.3347e-19
392.388,6.33354e-19
392.403,6.32119e-19
392.418,6.28759e-19
392.433,6.24593e-19
392.448,6.20334e-19
392.462,6.16873e-19
392.477,6.1566e-19
392.492,6.15886e-19
392.507,6.17356e-19
392.522,6.19694e-19
392.537,6.22005e-19
392.552,6.23545e-19
392.567,6.24765e-19
392.581,6.26474e-19
392.596,6.28555e-19
392.611,6.29618e-19
392.626,6.28386e-19
392.641,6.25599e-19
392.656,6.22174e-19
392.671,6.20151e-19
392.685,6.21371e-19
392.7,6.22693e-19
392.715,6.24383e-19
392.73,6.27566e-19
392.745,6.30283e-19
392.76,6.33265e-19
392.775,6.34647e-19
392.79,6.34901e-19
392.804,6.34134e-19
392.819,6.3256e-19
392.834,6.31241e-19
392.849,6.27961e-19
392.864,6.24613e-19
392.879,6.19571e-19
392.894,6.13806e-19
392.909,6.09276e-19
392.924,6.04409e-19
392.938,6.00326e-19
392.953,5.95895e-19
392.968,5.92446e-19
392.983,5.89248e-19
392.998,5.85084e-19
393.013,5.80698e-19
393.028,5.75916e-19
393.043,5.71296e-19
393.058,5.66817e-19
393.073,5.62629e-19
393.087,5.56944e-19
393.102,5.51317e-19
393.117,5.46405e-19
393.132,5.42104e-19
393.147,5.40275e-19
393.162,5.39526e-19
393.177,5.39096e-19
393.192,5.38786e-19
393.207,5.39472e-19
393.222,5.39648e-19
393.237,5.38605e-19
393.251,5.36967e-19
393.266,5.34879e-19
393.281,5.34422e-19
393.296,5.3295e-19
393.311,5.30074e-19
393.326,5.28069e-19
393.341,5.26737e-19
393.356,5.26667e-19
393.371,5.28282e-19
393.386,5.30729e-19
393.401,5.33604e-19
393.416,5.36569e-19
393.431,5.3876e-19
393.445,5.41814e-19
393.46,5.45933e-19
393.475,5.50284e-19
393.49,5.54469e-19
393.505,5.58411e-19
393.52,5.60929e-19
393.535,5.61942e-19
393.55,5.64089e-19
393.565,5.64769e-19
393.58,5.63738e-19
393.595,5.62419e-19
393.61,5.61754e-19
393.625,5.63677e-19
393.64,5.67242e-19
393.655,5.71631e-19
393.67,5.73835e-19
393.685,5.74715e-19
393.7,5.7625e-19
393.714,5.76972e-19
393.729,5.77318e-19
393.744,5.77048e-19
393.759,5.75926e-19
393.774,5.74396e-19
393.789,5.73273e-19
393.804,5.73574e-19
393.819,5.73753e-19
393.834,5.72225e-19
393.849,5.71106e-19
393.864,5.70235e-19
393.879,5.69007e-19
393.894,5.68493e-19
393.909,5.67082e-19
393.924,5.65354e-19
393.939,5.65572e-19
393.954,5.68037e-19
393.969,5.71197e-19
393.984,5.73761e-19
393.999,5.74696e-19
394.014,5.73746e-19
394.029,5.72153e-19
394.044,5.70663e-19
394.059,5.7045e-19
394.074,5.70511e-19
394.089,5.70131e-19
394.104,5.69814e-19
394.119,5.68334e-19
394.134,5.64999e-19
394.149,5.59441e-19
394.164,5.54149e-19
394.179,5.50545e-19
394.193,5.46713e-19
394.208,5.44754e-19
394.223,5.43926e-19
394.238,5.41716e-19
394.253,5.40218e-19
394.268,5.39269e-19
394.283,5.39321e-19
394.298,5.39674e-19
394.313,5.40066e-19
394.328,5.41633e-19
394.343,5.41317e-19
394.358,5.40824e-19
394.373,5.41442e-19
394.388,5.42176e-19
394.403,5.43712e-19
394.418,5.44608e-19
394.433,5.44768e-19
394.448,5.44129e-19
394.463,5.44341e-19
394.478,5.45332e-19
394.493,5.45124e-19
394.509,5.4505e-19
394.524,5.43979e-19
394.539,5.42009e-19
394.554,5.41033e-19
394.569,5.40285e-19
394.584,5.39847e-19
394.599,5.40177e-19
394.614,5.41432e-19
394.629,5.42908e-19
394.644,5.43284e-19
394.659,5.43063e-19
394.674,5.42112e-19
394.689,5.39992e-19
394.704,5.37212e-19
394.719,5.352e-19
394.734,5.35571e-19
394.749,5.3747e-19
394.764,5.41306e-19
394.779,5.47168e-19
394.794,5.53323e-19
394.809,5.58539e-19
394.824,5.62338e-19
394.839,5.66397e-19
394.854,5.70227e-19
394.869,5.73477e-19
394.884,5.76615e-19
394.899,5.79625e-19
394.914,5.83075e-19
394.929,5.85292e-19
394.944,5.86117e-19
394.959,5.8626e-19
394.974,5.8746e-19
394.989,5.89656e-19
395.005,5.90967e-19
395.02,5.92391e-19
395.035,5.91622e-19
395.05,5.8901e-19
395.065,5.87364e-19
395.08,5.86847e-19
395.095,5.89625e-19
395.11,5.94495e-19
395.125,5.97485e-19
395.14,5.99126e-19
395.155,6.02027e-19
395.17,6.05757e-19
395.185,6.1033e-19
395.2,6.14718e-19
395.215,6.17736e-19
395.23,6.21306e-19
395.245,6.23033e-19
395.261,6.23003e-19
395.276,6.2291e-19
395.291,6.24182e-19
395.306,6.29623e-19
395.321,6.36589e-19
395.336,6.42675e-19
395.351,6.45302e-19
395.366,6.47184e-19
395.381,6.50723e-19
395.396,6.53683e-19
395.411,6.59288e-19
395.426,6.67028e-19
395.441,6.73713e-19
395.457,6.77441e-19
395.472,6.79495e-19
395.487,6.79641e-19
395.502,6.7589e-19
395.517,6.71518e-19
395.532,6.67693e-19
395.547,6.63723e-19
395.562,6.5867e-19
395.577,6.53438e-19
395.592,6.49869e-19
395.607,6.49237e-19
395.623,6.50056e-19
395.638,6.5033e-19
395.653,6.51938e-19
395.668,6.53745e-19
395.683,6.5459e-19
395.698,6.56385e-19
395.713,6.61233e-19
395.728,6.66548e-19
395.743,6.68941e-19
395.758,6.68914e-19
395.774,6.67331e-19
395.789,6.66806e-19
395.804,6.69607e-19
395.819,6.73897e-19
395.834,6.7646e-19
395.849,6.78466e-19
395.864,6.81276e-19
395.879,6.84892e-19
395.894,6.8911e-19
395.91,6.93582e-19
395.925,6.957e-19
395.94,6.92325e-19
395.955,6.87716e-19
395.97,6.83893e-19
395.985,6.78053e-19
396,6.69454e-19
396.015,6.60449e-19
396.031,6.52436e-19
396.046,6.46717e-19
396.061,6.43556e-19
396.076,6.3964e-19
396.091,6.36738e-19
396.106,6.36955e-19
396.121,6.3851e-19
396.137,6.38168e-19
396.152,6.34021e-19
396.167,6.26789e-19
396.182,6.1949e-19
396.197,6.14483e-19
396.212,6.09807e-19
396.227,6.05944e-19
396.243,6.03659e-19
396.258,6.02348e-19
396.273,6.01259e-19
396.288,6.00552e-19
396.303,6.01317e-19
396.318,6.0317e-19
396.333,6.04954e-19
396.349,6.04005e-19
396.364,5.99963e-19
396.379,5.93652e-19
396.394,5.86314e-19
396.409,5.8077e-19
396.424,5.77327e-19
396.439,5.74281e-19
396.455,5.7299e-19
396.47,5.73081e-19
396.485,5.71143e-19
396.5,5.67435e-19
396.515,5.62837e-19
396.53,5.60117e-19
396.546,5.60367e-19
396.561,5.60787e-19
396.576,5.60591e-19
396.591,5.60934e-19
396.606,5.63036e-19
396.621,5.64008e-19
396.637,5.61234e-19
396.652,5.56585e-19
396.667,5.51347e-19
396.682,5.46221e-19
396.697,5.42456e-19
396.713,5.40544e-19
396.728,5.40568e-19
396.743,5.41033e-19
396.758,5.41751e-19
396.773,5.44005e-19
396.788,5.46404e-19
396.804,5.48629e-19
396.819,5.50811e-19
396.834,5.50726e-19
396.849,5.49867e-19
396.864,5.5214e-19
396.88,5.55718e-19
396.895,5.57288e-19
396.91,5.55323e-19
396.925,5.501e-19
396.94,5.46284e-19
396.956,5.47269e-19
396.971,5.50616e-19
396.986,5.54015e-19
397.001,5.57489e-19
397.016,5.56942e-19
397.032,5.5144e-19
397.047,5.47682e-19
397.062,5.48659e-19
397.077,5.51215e-19
397.092,5.54074e-19
397.108,5.57672e-19
397.123,5.60776e-19
397.138,5.6456e-19
397.153,5.66778e-19
397.168,5.64387e-19
397.184,5.60593e-19
397.199,5.56931e-19
397.214,5.53137e-19
397.229,5.49485e-19
397.245,5.46146e-19
397.26,5.44305e-19
397.275,5.43883e-19
397.29,5.43333e-19
397.305,5.42587e-19
397.321,5.4309e-19
397.336,5.44536e-19
397.351,5.45078e-19
397.366,5.46299e-19
397.382,5.49081e-19
397.397,5.50648e-19
397.412,5.48956e-19
397.427,5.45244e-19
397.443,5.41386e-19
397.458,5.38159e-19
397.473,5.37654e-19
397.488,5.37177e-19
397.504,5.3806e-19
397.519,5.44293e-19
397.534,5.52608e-19
397.549,5.58332e-19
397.564,5.59411e-19
397.58,5.63782e-19
397.595,5.71555e-19
397.61,5.78905e-19
397.625,5.88646e-19
397.641,5.97128e-19
397.656,6.04693e-19
397.671,6.10243e-19
397.686,6.11821e-19
397.702,6.12424e-19
397.717,6.13606e-19
397.732,6.16272e-19
397.748,6.1738e-19
397.763,6.16124e-19
397.778,6.14837e-19
397.793,6.14479e-19
397.809,6.17118e-19
397.824,6.23993e-19
397.839,6.34776e-19
397.854,6.52964e-19
397.87,6.75042e-19
397.885,6.84895e-19
397.9,6.77951e-19
397.915,6.69302e-19
397.931,6.71964e-19
397.946,6.79863e-19
397.961,6.87659e-19
397.977,6.95482e-19
397.992,6.96325e-19
398.007,6.92057e-19
398.022,6.88013e-19
398.038,6.86464e-19
398.053,6.85464e-19
398.068,6.8121e-19
398.084,6.77174e-19
398.099,6.73971e-19
398.114,6.73061e-19
398.129,6.7528e-19
398.145,6.81016e-19
398.16,6.92967e-19
398.175,7.06331e-19
398.191,7.10726e-19
398.206,7.04398e-19
398.221,6.97874e-19
398.236,6.97262e-19
398.252,7.00871e-19
398.267,7.03188e-19
398.282,7.03924e-19
398.298,7.0131e-19
398.313,6.96028e-19
398.328,6.95796e-19
398.344,6.98055e-19
398.359,7.08656e-19
398.374,7.23895e-19
398.389,7.3059e-19
398.405,7.32277e-19
398.42,7.30186e-19
398.435,7.31984e-19
398.451,7.40053e-19
398.466,7.40883e-19
398.481,7.38154e-19
398.497,7.39084e-19
398.512,7.3483e-19
398.527,7.3043e-19
398.543,7.31374e-19
398.558,7.29604e-19
398.573,7.25726e-19
398.589,7.17013e-19
398.604,7.02959e-19
398.619,6.91548e-19
398.635,6.84786e-19
398.65,6.82271e-19
398.665,6.8469e-19
398.681,6.86346e-19
398.696,6.82402e-19
398.711,6.7664e-19
398.727,6.67839e-19
398.742,6.58347e-19
398.757,6.53853e-19
398.773,6.48885e-19
398.788,6.42177e-19
398.803,6.39238e-19
398.819,6.3366e-19
398.834,6.20284e-19
398.849,6.09647e-19
398.865,6.02874e-19
398.88,5.94688e-19
398.895,5.8723e-19
398.911,5.80548e-19
398.926,5.75403e-19
398.941,5.70478e-19
398.957,5.63346e-19
398.972,5.57796e-19
398.987,5.56475e-19
399.003,5.54903e-19
399.018,5.52719e-19
399.033,5.53616e-19
399.049,5.52067e-19
399.064,5.48658e-19
399.08,5.48451e-19
399.095,5.49884e-19
399.11,5.51659e-19
399.126,5.48953e-19
399.141,5.45728e-19
399.156,5.45915e-19
399.172,5.43626e-19
399.187,5.41855e-19
399.202,5.41082e-19
399.218,5.38979e-19
399.233,5.38534e-19
399.249,5.4181e-19
399.264,5.49518e-19
399.279,5.5168e-19
399.295,5.43238e-19
399.31,5.34978e-19
399.326,5.34113e-19
399.341,5.41255e-19
399.356,5.49824e-19
399.372,5.55024e-19
399.387,5.58678e-19
399.402,5.63983e-19
399.418,5.69363e-19
399.433,5.71686e-19
399.449,5.74586e-19
399.464,5.71845e-19
399.479,5.68528e-19
399.495,5.75553e-19
399.51,5.84e-19
399.526,5.85168e-19
399.541,5.84891e-19
399.556,6.01197e-19
399.572,6.17382e-19
399.587,6.16726e-19
399.603,6.18314e-19
399.618,6.18525e-19
399.633,6.08779e-19
399.649,6.04186e-19
399.664,6.13156e-19
399.68,6.15693e-19
399.695,6.07874e-19
399.71,6.11098e-19
399.726,6.18908e-19
399.741,6.24363e-19
399.757,6.36674e-19
399.772,6.44941e-19
399.787,6.41668e-19
399.803,6.49688e-19
399.818,6.6468e-19
399.834,6.6102e-19
399.849,6.5548e-19
399.865,6.56387e-19
399.88,6.56017e-19
399.895,6.63032e-19
399.911,6.68599e-19
399.926,6.71662e-19
399.942,6.7796e-19
399.957,6.8214e-19
399.973,6.92842e-19
399.988,7.06824e-19
400.003,7.08091e-19
400.019,7.03015e-19
400.034,7.10774e-19
400.05,7.22513e-19
400.065,7.20944e-19
400.081,7.19435e-19
400.096,7.20783e-19
400.111,7.18334e-19
400.127,7.20914e-19
400.142,7.18989e-19
400.158,7.06776e-19
400.173,6.96961e-19
400.189,6.9228e-19
400.204,7.05431e-19
400.22,7.24523e-19
400.235,7.20153e-19
400.251,7.14781e-19
400.266,7.18585e-19
400.281,7.12143e-19
400.297,7.05956e-19
400.312,6.96009e-19
400.328,6.72445e-19
400.343,6.69723e-19
400.359,6.8084e-19
400.374,6.77542e-19
400.39,6.81345e-19
400.405,6.86265e-19
400.421,6.82508e-19
400.436,6.86336e-19
400.452,6.99558e-19
400.467,7.09996e-19
400.482,7.0662e-19
400.498,7.05946e-19
400.513,7.10947e-19
400.529,7.1034e-19
400.544,7.14544e-19
400.56,7.18665e-19
400.575,7.04617e-19
400.591,6.79283e-19
400.606,6.69097e-19
400.622,6.76137e-19
400.637,6.77819e-19
400.653,6.67582e-19
400.668,6.59451e-19
400.684,6.64e-19
400.699,6.70588e-19
400.715,6.72019e-19
400.73,6.73276e-19
400.746,6.67067e-19
400.761,6.60416e-19
400.777,6.64107e-19
400.792,6.6669e-19
400.808,6.73402e-19
400.823,6.8203e-19
400.839,6.78762e-19
400.854,6.7866e-19
400.87,6.90249e-19
400.885,7.00676e-19
400.901,6.98843e-19
400.916,6.93972e-19
400.932,6.92302e-19
400.947,6.77665e-19
400.963,6.63939e-19
400.978,6.75109e-19
400.994,6.85323e-19
401.009,6.69743e-19
401.025,6.54438e-19
401.04,6.60645e-19
401.056,6.84371e-19
401.071,7.04644e-19
401.087,6.97466e-19
401.102,6.89309e-19
401.118,7.00465e-19
401.133,7.09331e-19
401.149,7.00321e-19
401.164,6.81706e-19
401.18,6.76966e-19
401.195,6.78575e-19
401.211,6.69989e-19
401.226,6.61439e-19
401.242,6.62108e-19
401.257,6.60966e-19
401.273,6.52107e-19
401.289,6.53078e-19
401.304,6.66481e-19
401.32,6.69757e-19
401.335,6.55592e-19
401.351,6.42088e-19
401.366,6.3658e-19
401.382,6.37769e-19
401.397,6.47619e-19
401.413,6.52571e-19
401.428,6.44967e-19
401.444,6.3925e-19
401.459,6.39792e-19
401.475,6.40127e-19
401.491,6.40046e-19
401.506,6.37414e-19
401.522,6.34323e-19
401.537,6.31205e-19
401.553,6.33481e-19
401.568,6.40976e-19
401.584,6.37875e-19
401.599,6.356e-19
401.615,6.41729e-19
401.631,6.37826e-19
401.646,6.2554e-19
401.662,6.18315e-19
401.677,6.13865e-19
401.693,6.12423e-19
401.708,6.12808e-19
401.724,6.1125e-19
401.739,6.14402e-19
401.755,6.17504e-19
401.771,6.21864e-19
401.786,6.32234e-19
401.802,6.40959e-19
401.817,6.36241e-19
401.833,6.17066e-19
401.848,6.10772e-19
401.864,6.2411e-19
401.88,6.28809e-19
401.895,6.19634e-19
401.911,6.24348e-19
401.926,6.27963e-19
401.942,6.02346e-19
401.958,5.82605e-19
401.973,5.8831e-19
401.989,6.00589e-19
402.004,6.02624e-19
402.02,5.9302e-19
402.035,5.87451e-19
402.051,5.88892e-19
402.067,5.90229e-19
402.082,5.90862e-19
402.098,5.94119e-19
402.113,5.96545e-19
402.129,5.9154e-19
402.145,5.75782e-19
402.16,5.57876e-19
402.176,5.53878e-19
402.191,5.64884e-19
402.207,5.68927e-19
402.223,5.55629e-19
402.238,5.52135e-19
402.254,5.5687e-19
402.269,5.50315e-19
402.285,5.47179e-19
402.301,5.58887e-19
402.316,5.69026e-19
402.332,5.62782e-19
402.348,5.57909e-19
402.363,5.57345e-19
402.379,5.56001e-19
402.394,5.64356e-19
402.41,5.66226e-19
402.426,5.52108e-19
402.441,5.43837e-19
402.457,5.48035e-19
402.472,5.49932e-19
402.488,5.49073e-19
402.504,5.41353e-19
402.519,5.32351e-19
402.535,5.39336e-19
402.551,5.45639e-19
402.566,5.4085e-19
402.582,5.32385e-19
402.598,5.30167e-19
402.613,5.38282e-19
402.629,5.4327e-19
402.644,5.41077e-19
402.66,5.3558e-19
402.676,5.26896e-19
402.691,5.24564e-19
402.707,5.2924e-19
402.723,5.23975e-19
402.738,5.14242e-19
402.754,5.16735e-19
402.77,5.3584e-19
402.785,5.51362e-19
402.801,5.44105e-19
402.817,5.33988e-19
402.832,5.33372e-19
402.848,5.40329e-19
402.863,5.46636e-19
402.879,5.48459e-19
402.895,5.50707e-19
402.91,5.5089e-19
402.926,5.51772e-19
402.942,5.4478e-19
402.957,5.35728e-19
402.973,5.37646e-19
402.989,5.44562e-19
403.004,5.4993e-19
403.02,5.45429e-19
403.036,5.42731e-19
403.051,5.42829e-19
403.067,5.33716e-19
403.083,5.24627e-19
403.098,5.16952e-19
403.114,5.1701e-19
403.13,5.22193e-19
403.145,5.16831e-19
403.161,5.1691e-19
403.177,5.24997e-19
403.193,5.24285e-19
403.208,5.18342e-19
403.224,5.20481e-19
403.24,5.33021e-19
403.255,5.3724e-19
403.271,5.29681e-19
403.287,5.23112e-19
403.302,5.24393e-19
403.318,5.25511e-19
403.334,5.19279e-19
403.349,5.18074e-19
403.365,5.17953e-19
403.381,5.22246e-19
403.396,5.29797e-19
403.412,5.28733e-19
403.428,5.37823e-19
403.444,5.53071e-19
403.459,5.60309e-19
403.475,5.55108e-19
403.491,5.35896e-19
403.506,5.37144e-19
403.522,5.56854e-19
403.538,5.55566e-19
403.553,5.4598e-19
403.569,5.416e-19
403.585,5.41049e-19
403.601,5.46182e-19
403.616,5.40728e-19
403.632,5.34922e-19
403.648,5.43133e-19
403.663,5.48493e-19
403.679,5.44839e-19
403.695,5.49642e-19
403.711,5.60001e-19
403.726,5.60087e-19
403.742,5.67076e-19
403.758,5.88897e-19
403.774,6.01964e-19
403.789,6.01935e-19
403.805,6.14604e-19
403.821,6.24915e-19
403.836,6.16782e-19
403.852,6.24275e-19
403.868,6.33748e-19
403.884,6.28155e-19
403.899,6.27864e-19
403.915,6.25824e-19
403.931,6.24461e-19
403.947,6.29019e-19
403.962,6.28171e-19
403.978,6.3773e-19
403.994,6.55793e-19
404.01,6.6441e-19
404.025,6.56334e-19
404.041,6.33768e-19
404.057,6.36447e-19
404.073,6.42475e-19
404.088,6.28372e-19
404.104,6.30062e-19
404.12,6.29864e-19
404.136,6.24279e-19
404.151,6.24935e-19
404.167,6.20211e-19
404.183,6.17194e-19
404.199,6.2235e-19
404.214,6.17987e-19
404.23,6.00887e-19
404.246,5.99283e-19
404.262,6.07753e-19
404.277,6.1552e-19
404.293,6.17993e-19
404.309,6.00926e-19
404.325,5.82458e-19
404.34,5.8008e-19
404.356,5.87036e-19
404.372,5.91851e-19
404.388,5.94889e-19
404.404,5.97211e-19
404.419,5.90556e-19
404.435,5.83023e-19
404.451,5.76964e-19
404.467,5.70931e-19
404.482,5.79973e-19
404.498,5.96004e-19
404.514,5.96578e-19
404.53,5.85655e-19
404.546,5.79813e-19
404.561,5.73531e-19
404.577,5.69654e-19
404.593,5.75596e-19
404.609,5.74867e-19
404.625,5.72461e-19
404.64,5.70417e-19
404.656,5.74025e-19
404.672,5.86203e-19
404.688,5.835e-19
404.703,5.83221e-19
404.719,5.95059e-19
404.735,6.0252e-19
404.751,6.14643e-19
404.767,6.37442e-19
404.782,6.44665e-19
404.798,6.28659e-19
404.814,6.35271e-19
404.83,6.62519e-19
404.846,6.85285e-19
404.862,7.07227e-19
404.877,7.12742e-19
404.893,7.14518e-19
404.909,7.12266e-19
404.925,6.98535e-19
404.941,6.9674e-19
404.956,6.83261e-19
404.972,6.53198e-19
404.988,6.29802e-19
405.004,6.21927e-19
405.02,6.26576e-19
405.036,6.31012e-19
405.051,6.4953e-19
405.067,6.6817e-19
405.083,6.706e-19
405.099,6.76511e-19
405.115,6.96976e-19
405.13,7.20676e-19
405.146,7.30575e-19
405.162,7.41608e-19
405.178,7.47883e-19
405.194,7.29553e-19
405.21,7.25191e-19
405.225,7.49357e-19
405.241,7.60336e-19
405.257,7.63769e-19
405.273,7.62758e-19
405.289,7.48715e-19
405.305,7.49765e-19
405.321,7.36672e-19
405.336,7.05959e-19
405.352,6.9774e-19
405.368,6.86319e-19
405.384,6.57936e-19
405.4,6.40117e-19
405.416,6.4855e-19
405.432,6.61707e-19
405.447,6.59094e-19
405.463,6.50985e-19
405.479,6.46906e-19
405.495,6.50014e-19
405.511,6.40486e-19
405.527,6.18318e-19
405.543,6.07421e-19
405.558,5.95882e-19
405.574,5.99769e-19
405.59,6.14609e-19
405.606,6.00676e-19
405.622,5.88272e-19
405.638,5.96851e-19
405.654,6.10168e-19
405.669,6.09361e-19
405.685,5.87191e-19
405.701,5.73269e-19
405.717,5.67178e-19
405.733,5.55287e-19
405.749,5.49564e-19
405.765,5.5076e-19
405.781,5.47193e-19
405.796,5.44469e-19
405.812,5.47516e-19
405.828,5.49043e-19
405.844,5.59392e-19
405.86,5.69325e-19
405.876,5.6369e-19
405.892,5.62038e-19
405.908,5.6435e-19
405.924,5.59296e-19
405.94,5.57109e-19
405.955,5.66e-19
405.971,5.8359e-19
405.987,5.87633e-19
406.003,5.6983e-19
406.019,5.65904e-19
406.035,5.76477e-19
406.051,5.69841e-19
406.067,5.62305e-19
406.083,5.65009e-19
406.099,5.53424e-19
406.114,5.39176e-19
406.13,5.49617e-19
406.146,5.7269e-19
406.162,5.86898e-19
406.178,5.8519e-19
406.194,5.83546e-19
406.21,5.8538e-19
406.226,5.7911e-19
406.242,5.91872e-19
406.258,6.05363e-19
406.274,5.88297e-19
406.289,5.78605e-19
406.305,5.83983e-19
406.321,5.93999e-19
406.337,5.965e-19
406.353,5.80507e-19
406.369,5.67127e-19
406.385,5.52394e-19
406.401,5.39841e-19
406.417,5.40723e-19
406.433,5.3946e-19
406.449,5.34686e-19
406.465,5.23828e-19
406.481,5.06859e-19
406.497,5.01247e-19
406.513,5.1467e-19
406.528,5.29457e-19
406.544,5.29664e-19
406.56,5.31037e-19
406.576,5.30881e-19
406.592,5.21539e-19
406.608,5.19479e-19
406.624,5.11572e-19
406.64,4.93178e-19
406.656,4.81979e-19
406.672,4.74375e-19
406.688,4.69616e-19
406.704,4.71905e-19
406.72,4.70276e-19
406.736,4.666e-19
406.752,4.75898e-19
406.768,4.82835e-19
406.784,4.80155e-19
406.8,4.824e-19
406.816,4.8508e-19
406.832,4.89034e-19
406.848,4.90398e-19
406.863,4.84098e-19
406.879,4.84879e-19
406.895,4.84253e-19
406.911,4.74816e-19
406.927,4.68302e-19
406.943,4.65747e-19
406.959,4.73477e-19
406.975,4.85303e-19
406.991,4.9112e-19
407.007,4.91912e-19
407.023,4.85457e-19
407.039,4.83024e-19
407.055,4.81377e-19
407.071,4.72681e-19
407.087,4.6945e-19
407.103,4.6964e-19
407.119,4.64173e-19
407.135,4.60609e-19
407.151,4.64598e-19
407.167,4.6845e-19
407.183,4.76591e-19
407.199,4.89269e-19
407.215,4.89883e-19
407.231,4.82432e-19
407.247,4.83547e-19
407.263,4.9342e-19
407.279,5.00682e-19
407.295,4.93928e-19
407.311,4.77217e-19
407.327,4.72428e-19
407.343,4.78631e-19
407.359,4.81677e-19
407.375,4.8267e-19
407.391,4.77804e-19
407.407,4.74284e-19
407.423,4.79179e-19
407.439,4.86118e-19
407.455,4.93157e-19
407.471,4.9548e-19
407.487,5.04042e-19
407.503,5.19722e-19
407.519,5.19648e-19
407.535,5.08046e-19
407.551,5.02696e-19
407.567,5.03399e-19
407.583,5.03613e-19
407.599,5.0424e-19
407.615,5.04394e-19
407.631,5.07589e-19
407.647,5.18683e-19
407.663,5.26445e-19
407.679,5.35619e-19
407.695,5.60579e-19
407.712,5.83269e-19
407.728,5.80565e-19
407.744,5.66303e-19
407.76,5.62251e-19
407.776,5.666e-19
407.792,5.6859e-19
407.808,5.56977e-19
407.824,5.46904e-19
407.84,5.5879e-19
407.856,5.72233e-19
407.872,5.82337e-19
407.888,5.95583e-19
407.904,5.99044e-19
407.92,6.11736e-19
407.936,6.41633e-19
407.952,6.60698e-19
407.968,6.73655e-19
407.984,6.87233e-19
408,6.84645e-19
408.016,6.65475e-19
408.032,6.36328e-19
408.049,6.12985e-19
408.065,6.03385e-19
408.081,6.04791e-19
408.097,6.23294e-19
408.113,6.32111e-19
408.129,6.38546e-19
408.145,6.65457e-19
408.161,6.6911e-19
408.177,6.6946e-19
408.193,6.9695e-19
408.209,7.02697e-19
408.225,6.95967e-19
408.241,6.99092e-19
408.257,7.23551e-19
408.274,7.82921e-19
408.29,8.06897e-19
408.306,8.03436e-19
408.322,8.02835e-19
408.338,7.58326e-19
408.354,7.32742e-19
408.37,7.5399e-19
408.386,7.67767e-19
408.402,7.70833e-19
408.418,7.72391e-19
408.434,7.80255e-19
408.45,7.79457e-19
408.467,7.70638e-19
408.483,7.65481e-19
408.499,7.43749e-19
408.515,7.29283e-19
408.531,7.45242e-19
408.547,7.53825e-19
408.563,7.52569e-19
408.579,7.39358e-19
408.595,7.0465e-19
408.611,6.88331e-19
408.628,6.94931e-19
408.644,7.03036e-19
408.66,7.05025e-19
408.676,6.97724e-19
408.692,6.93142e-19
408.708,6.93853e-19
408.724,6.85846e-19
408.74,6.81645e-19
408.756,6.81764e-19
408.773,6.6315e-19
408.789,6.4645e-19
408.805,6.38338e-19
408.821,6.37567e-19
408.837,6.48964e-19
408.853,6.5519e-19
408.869,6.5006e-19
408.885,6.42931e-19
408.902,6.51486e-19
408.918,6.58139e-19
408.934,6.46159e-19
408.95,6.37183e-19
408.966,6.48348e-19
408.982,6.67433e-19
408.998,6.69795e-19
409.014,6.64921e-19
409.031,6.6575e-19
409.047,6.51629e-19
409.063,6.24975e-19
409.079,6.17161e-19
409.095,6.0941e-19
409.111,5.90579e-19
409.127,5.87608e-19
409.144,5.91905e-19
409.16,5.82503e-19
409.176,5.71611e-19
409.192,5.83655e-19
409.208,5.9521e-19
409.224,5.92367e-19
409.24,6.02566e-19
409.257,6.18641e-19
409.273,6.26273e-19
409.289,6.31264e-19
409.305,6.22827e-19
409.321,6.15214e-19
409.337,6.32949e-19
409.354,6.39377e-19
409.37,6.33232e-19
409.386,6.38768e-19
409.402,6.47528e-19
409.418,6.62134e-19
409.434,6.72706e-19
409.451,6.79688e-19
409.467,6.69252e-19
409.483,6.42784e-19
409.499,6.52412e-19
409.515,6.68508e-19
409.531,6.55462e-19
409.548,6.54486e-19
409.564,6.63309e-19
409.58,6.59199e-19
409.596,6.55531e-19
409.612,6.73897e-19
409.629,6.96826e-19
409.645,6.78647e-19
409.661,6.465e-19
409.677,6.32279e-19
409.693,6.22447e-19
409.709,6.30266e-19
409.726,6.36176e-19
409.742,6.10499e-19
409.758,5.88556e-19
409.774,5.88322e-19
409.79,5.87711e-19
409.807,5.89142e-19
409.823,5.89294e-19
409.839,5.78085e-19
409.855,5.66191e-19
409.871,5.64542e-19
409.888,5.7678e-19
409.904,5.81771e-19
409.92,5.77079e-19
409.936,5.81009e-19
409.953,5.8328e-19
409.969,5.82647e-19
409.985,5.8344e-19
410.001,5.78177e-19
410.017,5.74975e-19
410.034,5.83231e-19
410.05,5.97454e-19
410.066,6.13351e-19
410.082,6.19507e-19
410.098,6.08072e-19
410.115,5.89262e-19
410.131,5.81509e-19
410.147,6.02183e-19
410.163,6.23603e-19
410.18,6.31688e-19
410.196,6.53623e-19
410.212,6.64547e-19
410.228,6.63289e-19
410.245,6.88458e-19
410.261,7.08586e-19
410.277,7.09036e-19
410.293,7.21497e-19
410.309,7.39754e-19
410.326,7.53965e-19
410.342,7.58255e-19
410.358,7.43943e-19
410.374,7.12954e-19
410.391,6.89861e-19
410.407,6.97777e-19
410.423,7.01694e-19
410.439,6.93211e-19
410.456,6.98168e-19
410.472,7.15861e-19
410.488,7.44462e-19
410.504,7.64471e-19
410.521,7.56188e-19
410.537,7.33539e-19
410.553,7.3334e-19
410.569,7.37467e-19
410.586,7.10633e-19
410.602,6.92798e-19
410.618,7.05535e-19
410.634,7.20035e-19
410.651,7.05192e-19
410.667,6.69324e-19
410.683,6.51291e-19
410.7,6.56306e-19
410.716,6.70995e-19
410.732,6.73603e-19
410.748,6.5985e-19
410.765,6.52401e-19
410.781,6.60287e-19
410.797,6.72075e-19
410.813,6.67697e-19
410.83,6.60467e-19
410.846,6.74971e-19
410.862,6.95062e-19
410.879,6.89575e-19
410.895,6.639e-19
410.911,6.54068e-19
410.927,6.53669e-19
410.944,6.41276e-19
410.96,6.31594e-19
410.976,6.34827e-19
410.993,6.46794e-19
411.009,6.51923e-19
411.025,6.40051e-19
411.042,6.11911e-19
411.058,5.83383e-19
411.074,5.82868e-19
411.09,5.86889e-19
411.107,5.75209e-19
411.123,5.75374e-19
411.139,5.81029e-19
411.156,5.81053e-19
411.172,5.88428e-19
411.188,5.87265e-19
411.205,5.70566e-19
411.221,5.64817e-19
411.237,5.69384e-19
411.253,5.69331e-19
411.27,5.64009e-19
411.286,5.553e-19
411.302,5.54147e-19
411.319,5.57974e-19
411.335,5.53546e-19
411.351,5.44188e-19
411.368,5.42725e-19
411.384,5.44987e-19
411.4,5.38885e-19
411.417,5.38508e-19
411.433,5.33823e-19
411.449,5.21115e-19
411.466,5.30399e-19
411.482,5.42263e-19
411.498,5.46673e-19
411.515,5.5129e-19
411.531,5.35292e-19
411.547,5.12118e-19
411.564,5.04631e-19
411.58,5.05867e-19
411.596,5.13241e-19
411.613,5.19145e-19
411.629,5.12285e-19
411.645,5.08933e-19
411.662,5.12895e-19
411.678,5.1398e-19
411.694,5.20952e-19
411.711,5.30298e-19
411.727,5.38682e-19
411.743,5.50629e-19
411.76,5.56333e-19
411.776,5.49305e-19
411.793,5.36197e-19
411.809,5.31893e-19
411.825,5.2949e-19
411.842,5.12493e-19
411.858,5.09063e-19
411.874,5.22362e-19
411.891,5.17781e-19
411.907,5.13684e-19
411.923,5.27579e-19
411.94,5.43893e-19
411.956,5.53358e-19
411.973,5.49891e-19
411.989,5.38754e-19
412.005,5.31353e-19
412.022,5.32431e-19
412.038,5.38054e-19
412.054,5.38298e-19
412.071,5.2492e-19
412.087,5.07997e-19
412.104,5.06378e-19
412.12,5.17322e-19
412.136,5.25612e-19
412.153,5.20656e-19
412.169,5.20833e-19
412.185,5.35696e-19
412.202,5.32522e-19
412.218,5.26163e-19
412.235,5.36937e-19
412.251,5.28257e-19
412.267,5.11588e-19
412.284,5.12857e-19
412.3,5.15157e-19
412.317,5.12337e-19
412.333,5.09308e-19
412.349,5.11479e-19
412.366,5.15199e-19
412.382,5.28198e-19
412.399,5.58327e-19
412.415,5.71195e-19
412.431,5.59263e-19
412.448,5.45805e-19
412.464,5.36138e-19
412.481,5.36077e-19
412.497,5.36633e-19
412.513,5.41861e-19
412.53,5.65583e-19
412.546,5.91759e-19
412.563,6.01633e-19
412.579,5.92721e-19
412.596,5.98238e-19
412.612,6.14651e-19
412.628,6.11095e-19
412.645,6.06651e-19
412.661,6.06631e-19
412.678,6.02339e-19
412.694,6.03394e-19
412.711,6.22415e-19
412.727,6.35197e-19
412.743,6.34157e-19
412.76,6.40103e-19
412.776,6.29495e-19
412.793,5.97889e-19
412.809,5.84005e-19
412.826,6.15942e-19
412.842,6.35666e-19
412.858,6.1914e-19
412.875,6.29331e-19
412.891,6.41571e-19
412.908,6.26234e-19
412.924,6.1409e-19
412.941,6.21184e-19
412.957,6.39581e-19
412.974,6.56672e-19
412.99,6.64873e-19
413.006,6.67992e-19
413.023,6.79194e-19
413.039,7.07065e-19
413.056,7.44968e-19
413.072,7.48347e-19
413.089,7.19853e-19
413.105,7.14563e-19
413.122,7.33493e-19
413.138,7.35271e-19
413.155,7.32551e-19
413.171,7.53024e-19
413.188,7.54548e-19
413.204,7.44648e-19
413.22,7.48151e-19
413.237,7.45828e-19
413.253,7.4294e-19
413.27,7.33202e-19
413.286,7.3839e-19
413.303,7.69744e-19
413.319,7.78539e-19
413.336,7.98935e-19
413.352,8.51764e-19
413.369,8.71487e-19
413.385,8.60802e-19
413.402,8.46529e-19
413.418,8.48098e-19
413.435,8.48866e-19
413.451,8.32314e-19
413.468,8.16857e-19
413.484,7.81883e-19
413.501,7.79402e-19
413.517,8.15532e-19
413.534,8.29711e-19
413.55,8.3937e-19
413.567,8.34098e-19
413.583,8.18514e-19
413.6,8.10143e-19
413.616,8.10398e-19
413.633,8.23727e-19
413.649,8.21086e-19
413.666,7.93917e-19
413.682,7.61136e-19
413.699,7.53308e-19
413.715,7.57245e-19
413.732,7.3413e-19
413.748,7.09918e-19
413.765,7.17784e-19
413.781,7.48572e-19
413.798,7.55892e-19
413.814,7.31482e-19
413.831,6.97914e-19
413.847,6.71069e-19
413.864,6.68896e-19
413.88,6.55217e-19
413.897,6.34148e-19
413.913,6.31518e-19
413.93,6.30116e-19
413.946,6.23017e-19
413.963,6.06612e-19
413.98,5.89775e-19
413.996,5.76413e-19
414.013,5.82791e-19
414.029,5.94502e-19
414.046,5.821e-19
414.062,5.71129e-19
414.079,5.71925e-19
414.095,5.69824e-19
414.112,5.61438e-19
414.128,5.59433e-19
414.145,5.53163e-19
414.161,5.30984e-19
414.178,5.1591e-19
414.195,5.11374e-19
414.211,5.15166e-19
414.228,5.34369e-19
414.244,5.46998e-19
414.261,5.49245e-19
414.277,5.53656e-19
414.294,5.46062e-19
414.31,5.32138e-19
414.327,5.22434e-19
414.344,5.18937e-19
414.36,5.1633e-19
414.377,5.18565e-19
414.393,5.321e-19
414.41,5.45262e-19
414.426,5.603e-19
414.443,5.6998e-19
414.459,5.79296e-19
414.476,5.82424e-19
414.493,5.73181e-19
414.509,5.7843e-19
414.526,5.92686e-19
414.542,5.93548e-19
414.559,5.81682e-19
414.575,5.79433e-19
414.592,5.93497e-19
414.609,6.13193e-19
414.625,6.13055e-19
414.642,5.96379e-19
414.658,5.96001e-19
414.675,5.9373e-19
414.692,5.84467e-19
414.708,5.94341e-19
414.725,6.1157e-19
414.741,6.07024e-19
414.758,5.87004e-19
414.775,5.88422e-19
414.791,5.97235e-19
414.808,5.79604e-19
414.824,5.9291e-19
414.841,6.26755e-19
414.858,5.97747e-19
414.874,5.6066e-19
414.891,5.67702e-19
414.907,5.79778e-19
414.924,5.81457e-19
414.941,5.83724e-19
414.957,5.8434e-19
414.974,5.90925e-19
414.99,5.96384e-19
415.007,5.89809e-19
415.024,6.02355e-19
415.04,6.22456e-19
415.057,6.24776e-19
415.073,6.13814e-19
415.09,6.05477e-19
415.107,6.05702e-19
415.123,6.0563e-19
415.14,6.07158e-19
415.157,5.94263e-19
415.173,5.81519e-19
415.19,5.84985e-19
415.206,5.8069e-19
415.223,5.78027e-19
415.24,5.965e-19
415.256,5.99264e-19
415.273,5.75333e-19
415.29,5.56314e-19
415.306,5.26537e-19
415.323,5.09974e-19
415.339,5.30106e-19
415.356,5.40705e-19
415.373,5.37418e-19
415.389,5.38306e-19
415.406,5.3359e-19
415.423,5.23091e-19
415.439,5.18314e-19
415.456,5.18172e-19
415.473,5.14742e-19
415.489,5.05664e-19
415.506,4.97182e-19
415.523,4.86636e-19
415.539,4.77476e-19
415.556,4.78255e-19
415.573,4.76159e-19
415.589,4.68263e-19
415.606,4.62955e-19
415.623,4.65398e-19
415.639,4.67404e-19
415.656,4.62961e-19
415.673,4.60649e-19
415.689,4.56674e-19
415.706,4.49366e-19
415.723,4.47925e-19
415.739,4.50968e-19
415.756,4.51636e-19
415.773,4.61213e-19
415.789,4.70985e-19
415.806,4.63449e-19
415.823,4.59852e-19
415.839,4.69437e-19
415.856,4.84003e-19
415.873,4.89214e-19
415.889,4.79914e-19
415.906,4.76516e-19
415.923,4.87315e-19
415.939,4.98947e-19
415.956,4.95795e-19
415.973,4.87843e-19
415.989,4.83211e-19
416.006,4.8252e-19
416.023,4.81499e-19
416.04,4.70427e-19
416.056,4.68623e-19
416.073,4.7031e-19
416.09,4.64621e-19
416.106,4.63368e-19
416.123,4.63231e-19
416.14,4.73496e-19
416.156,4.81362e-19
416.173,4.72467e-19
416.19,4.74749e-19
416.207,4.85224e-19
416.223,4.89658e-19
416.24,4.93008e-19
416.257,4.91464e-19
416.273,4.87017e-19
416.29,4.85977e-19
416.307,5.04673e-19
416.324,5.17051e-19
416.34,4.85215e-19
416.357,4.59897e-19
416.374,4.73622e-19
416.39,4.90118e-19
416.407,4.95058e-19
416.424,4.9541e-19
416.441,4.85758e-19
416.457,4.81524e-19
416.474,4.83267e-19
416.491,4.68609e-19
416.508,4.63413e-19
416.524,4.82941e-19
416.541,5.0304e-19
416.558,5.06769e-19
416.574,5.05118e-19
416.591,5.04413e-19
416.608,5.03197e-19
416.625,5.18494e-19
416.641,5.28343e-19
416.658,5.11603e-19
416.675,4.97187e-19
416.692,4.98013e-19
416.708,5.00078e-19
416.725,4.95463e-19
416.742,4.84523e-19
416.759,4.85277e-19
416.775,4.93992e-19
416.792,4.89577e-19
416.809,4.85223e-19
416.826,4.75789e-19
416.842,4.69053e-19
416.859,4.85234e-19
416.876,4.93916e-19
416.893,4.86962e-19
416.91,4.82026e-19
416.926,4.8261e-19
416.943,4.89889e-19
416.96,4.92412e-19
416.977,4.94052e-19
416.993,5.02623e-19
417.01,5.16692e-19
417.027,5.37901e-19
417.044,5.34923e-19
417.06,5.22829e-19
417.077,5.4078e-19
417.094,5.62788e-19
417.111,5.5463e-19
417.128,5.24551e-19
417.144,5.21829e-19
417.161,5.33119e-19
417.178,5.44641e-19
417.195,5.68986e-19
417.212,5.76929e-19
417.228,5.87683e-19
417.245,6.04256e-19
417.262,5.96621e-19
417.279,5.85247e-19
417.295,6.00649e-19
417.312,6.10536e-19
417.329,5.83083e-19
417.346,5.68767e-19
417.363,5.65892e-19
417.379,5.50993e-19
417.396,5.53393e-19
417.413,5.5036e-19
417.43,5.40583e-19
417.447,5.56395e-19
417.464,5.74911e-19
417.48,5.78663e-19
417.497,5.6514e-19
417.514,5.36773e-19
417.531,5.20736e-19
417.548,5.35317e-19
417.564,5.4992e-19
417.581,5.30411e-19
417.598,5.11007e-19
417.615,5.20804e-19
417.632,5.45399e-19
417.649,5.57534e-19
417.665,5.45738e-19
417.682,5.40538e-19
417.699,5.38213e-19
417.716,5.39618e-19
417.733,5.61853e-19
417.749,5.63376e-19
417.766,5.49615e-19
417.783,5.59064e-19
417.8,5.88071e-19
417.817,6.1286e-19
417.834,5.97824e-19
417.851,5.73161e-19
417.867,5.80442e-19
417.884,5.90573e-19
417.901,5.91549e-19
417.918,5.87137e-19
417.935,5.69507e-19
417.952,5.65678e-19
417.968,5.8072e-19
417.985,5.68684e-19
418.002,5.35219e-19
418.019,5.21206e-19
418.036,5.23679e-19
418.053,5.25168e-19
418.07,5.35094e-19
418.086,5.5165e-19
418.103,5.61663e-19
418.12,5.75792e-19
418.137,5.80385e-19
418.154,5.7116e-19
418.171,5.67084e-19
418.188,5.69894e-19
418.204,5.83606e-19
418.221,5.92125e-19
418.238,5.84693e-19
418.255,5.76532e-19
418.272,5.58831e-19
418.289,5.3954e-19
418.306,5.48337e-19
418.323,5.52818e-19
418.339,5.51311e-19
418.356,5.68831e-19
418.373,5.68028e-19
418.39,5.62813e-19
418.407,5.611e-19
418.424,5.57198e-19
418.441,5.74637e-19
418.458,5.82119e-19
418.475,5.97101e-19
418.491,6.16588e-19
418.508,6.09568e-19
418.525,6.21104e-19
418.542,6.29635e-19
418.559,6.187e-19
418.576,6.00882e-19
418.593,5.87581e-19
418.61,6.11286e-19
418.627,6.22632e-19
418.644,6.11044e-19
418.66,6.00704e-19
418.677,5.93814e-19
418.694,6.00087e-19
418.711,5.83813e-19
418.728,5.62993e-19
418.745,5.64253e-19
418.762,5.52428e-19
418.779,5.28401e-19
418.796,5.21411e-19
418.813,5.26501e-19
418.83,5.17705e-19
418.847,5.06287e-19
418.863,5.137e-19
418.88,5.24184e-19
418.897,5.2263e-19
418.914,5.13396e-19
418.931,5.0651e-19
418.948,5.14222e-19
418.965,5.1325e-19
418.982,4.97622e-19
418.999,5.05454e-19
419.016,5.20951e-19
419.033,5.21137e-19
419.05,5.22863e-19
419.067,5.25694e-19
419.084,5.29632e-19
419.101,5.30768e-19
419.117,5.13408e-19
419.134,5.03102e-19
419.151,5.11194e-19
419.168,5.23347e-19
419.185,5.43526e-19
419.202,5.62683e-19
419.219,5.79362e-19
419.236,5.86624e-19
419.253,5.84416e-19
419.27,6.00934e-19
419.287,6.32399e-19
419.304,6.42775e-19
419.321,6.20646e-19
419.338,5.9898e-19
419.355,5.98815e-19
419.372,6.01785e-19
419.389,5.98521e-19
419.406,6.06345e-19
419.423,6.09823e-19
419.44,6.00829e-19
419.457,6.00729e-19
419.474,5.95351e-19
419.491,5.89697e-19
419.507,5.94963e-19
419.524,5.96597e-19
419.541,6.01753e-19
419.558,6.11772e-19
419.575,6.15304e-19
419.592,6.31216e-19
419.609,6.51067e-19
419.626,6.59962e-19
419.643,6.81001e-19
419.66,6.70003e-19
419.677,6.3036e-19
419.694,6.18285e-19
419.711,6.10763e-19
419.728,6.2343e-19
419.745,6.44633e-19
419.762,6.36768e-19
419.779,6.403e-19
419.796,6.54772e-19
419.813,6.50767e-19
419.83,6.37267e-19
419.847,6.34062e-19
419.864,6.38351e-19
419.881,6.2353e-19
419.898,6.09652e-19
419.915,6.20749e-19
419.932,6.18214e-19
419.949,5.96493e-19
419.966,5.88463e-19
419.983,5.86677e-19
420,5.88441e-19
420.017,5.92838e-19
420.034,5.88683e-19
420.051,5.83506e-19
420.068,5.66616e-19
420.085,5.5418e-19
420.102,5.67588e-19
420.12,5.855e-19
420.137,6.01997e-19
420.154,6.06509e-19
420.171,6.04459e-19
420.188,6.23361e-19
420.205,6.4126e-19
420.222,6.30055e-19
420.239,6.24746e-19
420.256,6.46921e-19
420.273,6.4993e-19
420.29,6.28824e-19
420.307,6.28871e-19
420.324,6.4306e-19
420.341,6.43019e-19
420.358,6.30336e-19
420.375,6.23872e-19
420.392,6.33815e-19
420.409,6.32464e-19
420.426,6.27661e-19
420.443,6.26999e-19
420.46,6.12875e-19
420.477,6.14975e-19
420.494,6.2846e-19
420.511,6.45625e-19
420.528,6.38529e-19
420.546,6.13557e-19
420.563,6.21342e-19
420.58,6.11002e-19
420.597,6.00352e-19
420.614,6.03278e-19
420.631,5.79634e-19
420.648,5.77493e-19
420.665,6.09112e-19
420.682,6.18718e-19
420.699,5.91964e-19
420.716,5.87521e-19
420.733,6.06042e-19
420.75,6.16397e-19
420.767,6.23391e-19
420.785,6.34456e-19
420.802,6.58103e-19
420.819,6.69876e-19
420.836,6.79181e-19
420.853,6.86519e-19
420.87,6.71051e-19
420.887,6.53778e-19
420.904,6.27139e-19
420.921,6.05282e-19
420.938,6.13107e-19
420.955,6.20903e-19
420.972,6.26522e-19
420.99,6.40359e-19
421.007,6.39709e-19
421.024,6.36213e-19
421.041,6.51824e-19
421.058,6.53942e-19
421.075,6.3134e-19
421.092,6.08204e-19
421.109,5.93985e-19
421.126,6.00125e-19
421.143,6.06658e-19
421.161,5.96983e-19
421.178,5.9369e-19
421.195,5.91737e-19
421.212,5.83452e-19
421.229,5.79834e-19
421.246,5.70519e-19
421.263,5.50463e-19
421.28,5.44953e-19
421.298,5.67883e-19
421.315,5.91011e-19
421.332,5.74455e-19
421.349,5.41292e-19
421.366,5.37704e-19
421.383,5.48327e-19
421.4,5.43696e-19
421.417,5.32031e-19
421.435,5.38159e-19
421.452,5.46148e-19
421.469,5.43618e-19
421.486,5.42344e-19
421.503,5.30125e-19
421.52,5.16203e-19
421.537,5.27269e-19
421.554,5.56048e-19
421.572,5.65726e-19
421.589,5.57293e-19
421.606,5.65061e-19
421.623,5.84778e-19
421.64,5.88866e-19
421.657,5.74253e-19
421.674,5.61872e-19
421.692,5.54583e-19
421.709,5.46853e-19
421.726,5.50741e-19
421.743,5.70718e-19
421.76,5.8946e-19
421.777,6.08485e-19
421.795,6.2471e-19
421.812,6.14454e-19
421.829,6.12552e-19
421.846,6.42555e-19
421.863,6.58025e-19
421.88,6.49716e-19
421.898,6.40503e-19
421.915,6.32771e-19
421.932,6.56993e-19
421.949,6.99766e-19
421.966,7.07787e-19
421.983,6.95413e-19
422.001,6.64132e-19
422.018,6.37117e-19
422.035,6.51704e-19
422.052,6.66539e-19
422.069,6.66971e-19
422.087,6.76912e-19
422.104,6.8137e-19
422.121,6.5782e-19
422.138,6.43425e-19
422.155,6.45834e-19
422.172,6.13071e-19
422.19,5.85529e-19
422.207,6.07819e-19
422.224,6.32356e-19
422.241,6.3519e-19
422.258,6.16367e-19
422.276,5.93161e-19
422.293,6.02429e-19
422.31,6.25588e-19
422.327,6.27263e-19
422.344,6.11713e-19
422.362,6.0717e-19
422.379,6.2115e-19
422.396,6.24359e-19
422.413,6.20303e-19
422.43,6.13535e-19
422.448,5.99217e-19
422.465,6.02889e-19
422.482,6.01666e-19
422.499,5.9568e-19
422.517,6.20352e-19
422.534,6.37916e-19
422.551,6.22542e-19
422.568,5.98639e-19
422.585,5.88857e-19
422.603,5.82824e-19
422.62,5.68168e-19
422.637,5.7042e-19
422.654,5.91497e-19
422.672,6.07575e-19
422.689,6.01e-19
422.706,5.73122e-19
422.723,5.62825e-19
422.741,5.81795e-19
422.758,6.00841e-19
422.775,6.00147e-19
422.792,5.82894e-19
422.81,5.75974e-19
422.827,5.69637e-19
422.844,5.60279e-19
422.861,5.70761e-19
422.878,5.82244e-19
422.896,5.99073e-19
422.913,6.12141e-19
422.93,5.87332e-19
422.947,5.58725e-19
422.965,5.59403e-19
422.982,5.66366e-19
422.999,5.73843e-19
423.017,5.77146e-19
423.034,5.61159e-19
423.051,5.62568e-19
423.068,5.77781e-19
423.086,5.76199e-19
423.103,5.73676e-19
423.12,5.65213e-19
423.137,5.50465e-19
423.155,5.38028e-19
423.172,5.32855e-19
423.189,5.55062e-19
423.206,5.80686e-19
423.224,5.95185e-19
423.241,6.34843e-19
423.258,6.65907e-19
423.276,6.5836e-19
423.293,6.5239e-19
423.31,6.44969e-19
423.327,6.26349e-19
423.345,6.09971e-19
423.362,5.90991e-19
423.379,5.73507e-19
423.397,5.71315e-19
423.414,5.86311e-19
423.431,6.24402e-19
423.448,6.60998e-19
423.466,6.7376e-19
423.483,6.9067e-19
423.5,6.93861e-19
423.518,6.60052e-19
423.535,6.32715e-19
423.552,6.36163e-19
423.57,6.43986e-19
423.587,6.33761e-19
423.604,6.16997e-19
423.622,6.25915e-19
423.639,6.42848e-19
423.656,6.39438e-19
423.673,6.35806e-19
423.691,6.17063e-19
423.708,5.98473e-19
423.725,6.04295e-19
423.743,6.01776e-19
423.76,6.06484e-19
423.777,6.33664e-19
423.795,6.64425e-19
423.812,6.83148e-19
423.829,6.75771e-19
423.847,6.56047e-19
423.864,6.46473e-19
423.881,6.49993e-19
423.899,6.51811e-19
423.916,6.37541e-19
423.933,6.29373e-19
423.951,6.2747e-19
423.968,6.12618e-19
423.985,6.31649e-19
424.003,6.65852e-19
424.02,6.53395e-19
424.037,6.41889e-19
424.055,6.58323e-19
424.072,6.94332e-19
424.089,7.54328e-19
424.107,7.62896e-19
424.124,7.03159e-19
424.141,6.49523e-19
424.159,6.15707e-19
424.176,6.12493e-19
424.193,6.13576e-19
424.211,5.97716e-19
424.228,6.11205e-19
424.246,6.33483e-19
424.263,6.3628e-19
424.28,6.23894e-19
424.298,6.3121e-19
424.315,6.65412e-19
424.332,6.75708e-19
424.35,6.66229e-19
424.367,6.5435e-19
424.385,6.75945e-19
424.402,7.11934e-19
424.419,7.17023e-19
424.437,7.27067e-19
424.454,7.24771e-19
424.471,7.21807e-19
424.489,7.22828e-19
424.506,6.96533e-19
424.524,6.86148e-19
424.541,6.81414e-19
424.558,6.82991e-19
424.576,6.94546e-19
424.593,6.82087e-19
424.61,6.80991e-19
424.628,6.94522e-19
424.645,6.82272e-19
424.663,6.72163e-19
424.68,6.88628e-19
424.697,6.77288e-19
424.715,6.52056e-19
424.732,6.54506e-19
424.75,6.48126e-19
424.767,6.60615e-19
424.784,6.87473e-19
424.802,6.7105e-19
424.819,6.56299e-19
424.837,6.60546e-19
424.854,6.5071e-19
424.871,6.35022e-19
424.889,6.28764e-19
424.906,6.25286e-19
424.924,5.97942e-19
424.941,5.72652e-19
424.959,5.76028e-19
424.976,5.78664e-19
424.993,5.86268e-19
425.011,5.83881e-19
425.028,5.53758e-19
425.046,5.5269e-19
425.063,5.74076e-19
425.081,5.53613e-19
425.098,5.22007e-19
425.115,5.3552e-19
425.133,5.56005e-19
425.15,5.48891e-19
425.168,5.45329e-19
425.185,5.40987e-19
425.203,5.29118e-19
425.22,5.33111e-19
425.237,5.29428e-19
425.255,5.13244e-19
425.272,5.03728e-19
425.29,4.98533e-19
425.307,5.03269e-19
425.325,5.00871e-19
425.342,4.97676e-19
425.36,5.02302e-19
425.377,5.04578e-19
425.394,5.29671e-19
425.412,5.47302e-19
425.429,5.44661e-19
425.447,5.45715e-19
425.464,5.33021e-19
425.482,5.30572e-19
425.499,5.25158e-19
425.517,5.1656e-19
425.534,5.50329e-19
425.552,5.688e-19
425.569,5.39379e-19
425.587,5.08604e-19
425.604,4.90265e-19
425.622,4.73182e-19
425.639,4.66112e-19
425.656,4.72821e-19
425.674,4.76224e-19
425.691,4.84477e-19
425.709,4.94497e-19
425.726,4.80713e-19
425.744,4.63189e-19
425.761,4.67268e-19
425.779,4.70258e-19
425.796,4.56939e-19
425.814,4.42888e-19
425.831,4.39162e-19
425.849,4.39717e-19
425.866,4.36855e-19
425.884,4.35862e-19
425.901,4.4494e-19
425.919,4.58166e-19
425.936,4.64677e-19
425.954,4.59694e-19
425.971,4.42864e-19
425.989,4.31376e-19
426.006,4.27669e-19
426.024,4.18741e-19
426.041,4.04376e-19
426.059,3.91572e-19
426.076,3.96042e-19
426.094,4.1145e-19
426.111,4.23218e-19
426.129,4.22851e-19
426.146,4.11535e-19
426.164,4.06708e-19
426.181,4.07827e-19
426.199,4.06317e-19
426.216,4.01387e-19
426.234,3.99322e-19
426.252,4.05691e-19
426.269,4.15515e-19
426.287,4.23504e-19
426.304,4.27607e-19
426.322,4.22098e-19
426.339,4.18994e-19
426.357,4.26147e-19
426.374,4.26133e-19
426.392,4.22776e-19
426.409,4.19881e-19
426.427,4.1505e-19
426.444,4.11604e-19
426.462,4.05924e-19
426.479,4.07416e-19
426.497,4.22199e-19
426.515,4.33096e-19
426.532,4.32861e-19
426.55,4.27955e-19
426.567,4.23157e-19
426.585,4.23502e-19
426.602,4.13886e-19
426.62,4.02237e-19
426.637,4.01112e-19
426.655,3.95978e-19
426.673,4.01186e-19
426.69,4.12549e-19
426.708,4.08527e-19
426.725,3.98787e-19
426.743,3.98556e-19
426.76,4.04303e-19
426.778,4.0254e-19
426.795,3.97494e-19
426.813,4.03369e-19
426.831,4.19053e-19
426.848,4.32399e-19
426.866,4.4519e-19
426.883,4.6419e-19
426.901,4.81889e-19
426.918,4.77207e-19
426.936,4.59113e-19
426.954,4.64121e-19
426.971,4.87634e-19
426.989,5.13291e-19
427.006,5.41539e-19
427.024,5.66653e-19
427.042,5.78203e-19
427.059,5.82988e-19
427.077,5.89852e-19
427.094,5.7742e-19
427.112,5.46373e-19
427.13,5.19974e-19
427.147,5.09556e-19
427.165,5.20025e-19
427.182,5.3318e-19
427.2,5.39894e-19
427.218,5.55653e-19
427.235,5.86956e-19
427.253,6.1156e-19
427.27,6.08967e-19
427.288,6.07543e-19
427.306,6.2042e-19
427.323,6.21008e-19
427.341,6.12267e-19
427.358,6.17501e-19
427.376,6.50556e-19
427.394,6.81231e-19
427.411,6.72634e-19
427.429,6.66218e-19
427.447,6.66929e-19
427.464,6.43896e-19
427.482,6.34847e-19
427.499,6.38065e-19
427.517,6.28377e-19
427.535,6.11654e-19
427.552,5.95126e-19
427.57,5.93904e-19
427.588,6.00018e-19
427.605,5.93407e-19
427.623,5.78586e-19
427.641,5.73652e-19
427.658,5.80594e-19
427.676,6.04101e-19
427.693,6.30316e-19
427.711,6.28328e-19
427.729,6.23723e-19
427.746,6.31646e-19
427.764,6.47873e-19
427.782,6.85476e-19
427.799,6.91747e-19
427.817,6.45272e-19
427.835,6.1574e-19
427.852,6.10719e-19
427.87,6.06581e-19
427.888,5.9775e-19
427.905,5.88947e-19
427.923,6.12461e-19
427.941,6.52546e-19
427.958,6.67312e-19
427.976,6.57073e-19
427.994,6.52504e-19
428.011,6.61289e-19
428.029,6.60531e-19
428.047,6.64547e-19
428.064,6.88496e-19
428.082,6.99455e-19
428.1,6.82031e-19
428.117,6.55589e-19
428.135,6.33338e-19
428.153,6.17147e-19
428.17,6.07877e-19
428.188,6.05267e-19
428.206,5.99988e-19
428.223,6.05191e-19
428.241,6.23059e-19
428.259,6.21774e-19
428.276,6.1291e-19
428.294,6.12686e-19
428.312,6.06091e-19
428.33,5.95516e-19
428.347,5.90238e-19
428.365,5.85549e-19
428.383,5.8405e-19
428.4,6.04001e-19
428.418,6.25614e-19
428.436,6.10461e-19
428.453,5.99269e-19
428.471,6.15819e-19
428.489,6.11001e-19
428.507,5.86042e-19
428.524,5.69359e-19
428.542,5.6662e-19
428.56,5.63894e-19
428.577,5.56297e-19
428.595,5.45346e-19
428.613,5.35227e-19
428.631,5.33854e-19
428.648,5.12539e-19
428.666,4.94925e-19
428.684,5.04457e-19
428.702,5.17674e-19
428.719,5.31268e-19
428.737,5.27559e-19
428.755,5.10649e-19
428.772,5.01662e-19
428.79,5.08726e-19
428.808,5.19949e-19
428.826,5.21251e-19
428.843,5.21955e-19
428.861,5.17852e-19
428.879,5.10128e-19
428.897,5.19311e-19
428.914,5.30286e-19
428.932,5.19402e-19
428.95,5.17821e-19
428.968,5.28202e-19
428.985,5.11518e-19
429.003,4.82949e-19
429.021,4.77518e-19
429.039,4.8763e-19
429.056,4.92166e-19
429.074,4.85594e-19
429.092,4.74508e-19
429.11,4.65195e-19
429.127,4.59731e-19
429.145,4.55569e-19
429.163,4.37634e-19
429.181,4.18263e-19
429.198,4.13321e-19
429.216,4.17972e-19
429.234,4.40165e-19
429.252,4.66009e-19
429.27,4.71789e-19
429.287,4.55131e-19
429.305,4.32156e-19
429.323,4.23504e-19
429.341,4.22793e-19
429.358,4.22388e-19
429.376,4.24187e-19
429.394,4.20362e-19
429.412,4.21783e-19
429.43,4.2498e-19
429.447,4.1412e-19
429.465,4.04349e-19
429.483,3.94052e-19
429.501,3.90118e-19
429.519,4.01204e-19
429.536,4.03482e-19
429.554,4.00453e-19
429.572,4.12679e-19
429.59,4.25055e-19
429.608,4.18138e-19
429.625,4.05699e-19
429.643,4.01676e-19
429.661,4.04302e-19
429.679,4.01613e-19
429.697,3.97616e-19
429.714,4.0168e-19
429.732,4.09398e-19
429.75,4.12099e-19
429.768,3.95195e-19
429.786,3.85812e-19
429.803,3.99267e-19
429.821,4.04485e-19
429.839,4.02657e-19
429.857,4.06601e-19
429.875,4.08238e-19
429.893,4.00342e-19
429.91,3.90322e-19
429.928,3.96095e-19
429.946,4.1177e-19
429.964,4.18071e-19
429.982,4.23861e-19
430,4.34161e-19
430.017,4.44076e-19
430.035,4.42365e-19
430.053,4.2832e-19
430.071,4.37622e-19
430.089,4.65687e-19
430.107,4.86581e-19
430.124,5.19094e-19
430.142,5.50841e-19
430.16,5.35295e-19
430.178,5.05469e-19
430.196,4.97615e-19
430.214,4.95096e-19
430.232,5.14377e-19
430.249,5.31747e-19
430.267,5.24275e-19
430.285,5.11146e-19
430.303,5.09231e-19
430.321,5.34777e-19
430.339,5.41583e-19
430.357,5.67332e-19
430.374,6.37321e-19
430.392,6.55155e-19
430.41,6.52979e-19
430.428,6.40907e-19
430.446,5.90647e-19
430.464,5.69739e-19
430.482,5.94917e-19
430.5,6.42623e-19
430.517,6.70578e-19
430.535,6.63137e-19
430.553,6.53123e-19
430.571,6.45915e-19
430.589,6.30559e-19
430.607,6.12429e-19
430.625,6.26593e-19
430.643,6.51838e-19
430.66,6.21434e-19
430.678,5.76227e-19
430.696,5.82861e-19
430.714,6.18933e-19
430.732,6.31203e-19
430.75,6.2361e-19
430.768,6.38183e-19
430.786,6.43565e-19
430.804,6.24256e-19
430.822,6.14401e-19
430.839,6.34749e-19
430.857,6.69334e-19
430.875,6.70069e-19
430.893,6.77137e-19
430.911,6.87152e-19
430.929,6.62371e-19
430.947,6.48733e-19
430.965,6.60849e-19
430.983,6.85946e-19
431.001,6.81034e-19
431.019,6.5856e-19
431.036,6.69938e-19
431.054,6.7127e-19
431.072,6.3779e-19
431.09,6.10577e-19
431.108,5.84043e-19
431.126,5.62344e-19
431.144,5.80128e-19
431.162,6.02816e-19
431.18,6.13824e-19
431.198,6.24353e-19
431.216,6.18601e-19
431.234,6.03628e-19
431.252,6.07273e-19
431.27,6.17424e-19
431.288,6.14608e-19
431.305,6.08489e-19
431.323,5.92182e-19
431.341,5.97582e-19
431.359,6.11007e-19
431.377,5.96823e-19
431.395,5.98043e-19
431.413,6.04511e-19
431.431,5.96752e-19
431.449,5.91686e-19
431.467,5.89161e-19
431.485,5.85346e-19
431.503,5.84442e-19
431.521,5.76412e-19
431.539,5.5933e-19
431.557,5.61109e-19
431.575,5.78262e-19
431.593,5.90502e-19
431.611,5.81498e-19
431.629,5.58991e-19
431.647,5.56698e-19
431.665,5.61129e-19
431.683,5.48162e-19
431.701,5.42058e-19
431.719,5.40877e-19
431.737,5.22519e-19
431.755,5.1405e-19
431.772,5.23062e-19
431.79,5.27647e-19
431.808,5.25671e-19
431.826,5.19733e-19
431.844,5.13861e-19
431.862,5.20305e-19
431.88,5.30239e-19
431.898,5.16943e-19
431.916,4.9382e-19
431.934,4.92033e-19
431.952,5.02215e-19
431.97,4.8954e-19
431.988,4.76471e-19
432.006,4.86732e-19
432.024,4.80957e-19
432.042,4.67151e-19
432.06,4.66485e-19
432.078,4.62154e-19
432.096,4.43758e-19
432.114,4.31025e-19
432.132,4.40817e-19
432.15,4.39173e-19
432.168,4.28142e-19
432.186,4.29376e-19
432.204,4.28081e-19
432.223,4.22228e-19
432.241,4.16605e-19
432.259,4.17979e-19
432.277,4.28786e-19
432.295,4.35961e-19
432.313,4.27491e-19
432.331,4.13065e-19
432.349,4.1075e-19
432.367,4.1506e-19
432.385,4.15277e-19
432.403,4.1693e-19
432.421,4.17886e-19
432.439,4.09352e-19
432.457,3.96363e-19
432.475,3.88158e-19
432.493,3.86804e-19
432.511,3.81056e-19
432.529,3.75202e-19
432.547,3.76185e-19
432.565,3.77394e-19
432.583,3.83605e-19
432.601,3.94827e-19
432.619,4.15927e-19
432.637,4.2837e-19
432.655,4.18029e-19
432.673,4.1735e-19
432.692,4.21831e-19
432.71,4.20131e-19
432.728,4.2281e-19
432.746,4.18202e-19
432.764,4.08527e-19
432.782,4.03972e-19
432.8,4.06877e-19
432.818,4.23102e-19
432.836,4.33654e-19
432.854,4.30453e-19
432.872,4.3363e-19
432.89,4.44372e-19
432.908,4.57415e-19
432.926,4.64592e-19
432.945,4.65897e-19
432.963,4.74306e-19
432.981,4.83078e-19
432.999,4.81081e-19
433.017,4.74476e-19
433.035,4.81777e-19
433.053,4.99016e-19
433.071,4.96406e-19
433.089,4.78831e-19
433.107,4.77084e-19
433.125,4.89597e-19
433.143,5.01098e-19
433.162,5.0339e-19
433.18,4.92579e-19
433.198,4.90305e-19
433.216,4.96591e-19
433.234,4.91062e-19
433.252,4.92506e-19
433.27,5.05864e-19
433.288,5.22996e-19
433.306,5.32842e-19
433.325,5.2149e-19
433.343,5.21222e-19
433.361,5.29709e-19
433.379,5.29803e-19
433.397,5.34463e-19
433.415,5.31038e-19
433.433,5.4654e-19
433.451,5.75423e-19
433.469,5.70084e-19
433.488,5.63847e-19
433.506,5.67085e-19
433.524,5.76017e-19
433.542,5.82767e-19
433.56,5.52022e-19
433.578,5.36565e-19
433.596,5.52691e-19
433.614,5.67509e-19
433.633,5.75624e-19
433.651,5.57053e-19
433.669,5.53123e-19
433.687,5.68594e-19
433.705,5.7612e-19
433.723,5.91991e-19
433.741,6.04169e-19
433.76,6.19525e-19
433.778,6.14574e-19
433.796,5.82613e-19
433.814,5.68526e-19
433.832,5.67349e-19
433.85,5.89158e-19
433.869,6.05557e-19
433.887,5.96385e-19
433.905,6.01985e-19
433.923,5.96267e-19
433.941,5.92951e-19
433.959,6.15193e-19
433.978,6.29386e-19
433.996,6.30008e-19
434.014,6.10359e-19
434.032,5.86615e-19
434.05,5.76641e-19
434.068,5.73115e-19
434.087,5.74223e-19
434.105,5.75158e-19
434.123,5.69762e-19
434.141,5.6863e-19
434.159,5.72335e-19
434.177,5.52291e-19
434.196,5.29779e-19
434.214,5.28463e-19
434.232,5.16916e-19
434.25,4.89459e-19
434.268,4.8268e-19
434.287,5.10769e-19
434.305,5.49548e-19
434.323,5.66055e-19
434.341,5.41969e-19
434.359,5.17852e-19
434.378,5.23305e-19
434.396,5.3443e-19
434.414,5.34734e-19
434.432,5.30109e-19
434.45,5.3751e-19
434.469,5.56923e-19
434.487,5.65869e-19
434.505,5.37842e-19
434.523,5.14421e-19
434.541,5.40276e-19
434.56,5.59725e-19
434.578,5.50627e-19
434.596,5.51927e-19
434.614,5.59922e-19
434.632,5.7336e-19
434.651,5.78698e-19
434.669,5.62099e-19
434.687,5.75962e-19
434.705,6.12377e-19
434.724,6.35733e-19
434.742,6.59328e-19
434.76,6.99843e-19
434.778,7.33299e-19
434.797,7.42508e-19
434.815,7.68365e-19
434.833,7.68743e-19
434.851,7.66559e-19
434.87,8.16424e-19
434.888,8.00385e-19
434.906,7.17773e-19
434.924,7.05331e-19
434.942,7.34643e-19
434.961,7.45285e-19
434.979,7.96518e-19
434.997,8.46071e-19
435.015,8.98614e-19
435.034,9.46539e-19
435.052,8.93091e-19
435.07,8.17273e-19
435.089,7.72098e-19
435.107,7.75344e-19
435.125,7.91026e-19
435.143,7.81667e-19
435.162,7.91193e-19
435.18,7.87554e-19
435.198,8.05004e-19
435.216,8.16202e-19
435.235,7.86725e-19
435.253,7.69322e-19
435.271,7.71836e-19
435.289,8.0522e-19
435.308,8.10707e-19
435.326,7.71965e-19
435.344,7.58271e-19
435.363,7.58647e-19
435.381,7.10984e-19
435.399,6.44044e-19
435.417,6.40555e-19
435.436,6.54503e-19
435.454,6.28295e-19
435.472,6.11662e-19
435.491,6.22082e-19
435.509,6.40724e-19
435.527,6.38583e-19
435.545,6.07633e-19
435.564,6.00273e-19
435.582,6.08006e-19
435.6,6.03331e-19
435.619,5.98867e-19
435.637,6.06431e-19
435.655,6.29042e-19
435.674,6.29481e-19
435.692,6.11695e-19
435.71,6.14854e-19
435.729,6.2881e-19
435.747,6.25585e-19
435.765,6.22441e-19
435.783,6.27356e-19
435.802,6.15659e-19
435.82,6.12756e-19
435.838,6.26477e-19
435.857,6.26652e-19
435.875,6.11762e-19
435.893,6.01543e-19
435.912,5.91459e-19
435.93,5.70461e-19
435.948,5.59861e-19
435.967,5.72478e-19
435.985,5.79669e-19
436.003,5.71108e-19
436.022,5.73213e-19
436.04,5.60338e-19
436.058,5.57136e-19
436.077,5.7604e-19
436.095,5.80828e-19
436.113,6.11699e-19
436.132,6.13313e-19
436.15,5.91613e-19
436.168,6.05766e-19
436.187,5.90901e-19
436.205,5.82078e-19
436.224,5.87479e-19
436.242,5.48868e-19
436.26,5.11892e-19
436.279,5.23682e-19
436.297,5.51621e-19
436.315,5.40634e-19
436.334,5.28314e-19
436.352,5.43084e-19
436.37,5.4435e-19
436.389,5.47118e-19
436.407,5.45815e-19
436.426,5.20992e-19
436.444,5.04453e-19
436.462,5.10146e-19
436.481,5.37835e-19
436.499,5.55305e-19
436.517,5.39408e-19
436.536,5.20161e-19
436.554,5.05334e-19
436.573,5.01353e-19
436.591,5.07386e-19
436.609,4.95587e-19
436.628,4.81038e-19
436.646,4.73765e-19
436.665,4.77465e-19
436.683,5.12082e-19
436.701,5.38236e-19
436.72,5.27271e-19
436.738,5.0429e-19
436.757,5.07458e-19
436.775,5.24735e-19
436.793,5.12859e-19
436.812,5.09865e-19
436.83,5.10919e-19
436.849,4.85112e-19
436.867,4.82283e-19
436.885,4.92637e-19
436.904,4.74885e-19
436.922,4.66521e-19
436.941,4.71833e-19
436.959,4.46689e-19
436.977,4.36221e-19
436.996,4.5077e-19
437.014,4.26209e-19
437.033,4.0114e-19
437.051,4.11666e-19
437.07,4.16518e-19
437.088,4.12093e-19
437.106,4.05229e-19
437.125,3.94826e-19
437.143,3.9404e-19
437.162,3.92603e-19
437.18,3.90935e-19
437.199,3.91482e-19
437.217,3.86474e-19
437.235,3.86653e-19
437.254,3.88568e-19
437.272,3.83572e-19
437.291,3.74461e-19
437.309,3.74948e-19
437.328,3.83697e-19
437.346,3.82633e-19
437.365,3.7013e-19
437.383,3.59787e-19
437.401,3.64163e-19
437.42,3.72359e-19
437.438,3.80713e-19
437.457,3.82591e-19
437.475,3.66012e-19
437.494,3.53429e-19
437.512,3.54946e-19
437.531,3.58661e-19
437.549,3.58118e-19
437.568,3.56405e-19
437.586,3.62135e-19
437.605,3.68777e-19
437.623,3.69097e-19
437.641,3.68914e-19
437.66,3.64257e-19
437.678,3.54962e-19
437.697,3.54015e-19
437.715,3.56194e-19
437.734,3.58666e-19
437.752,3.61205e-19
437.771,3.60133e-19
437.789,3.64265e-19
437.808,3.65633e-19
437.826,3.70382e-19
437.845,3.77692e-19
437.863,3.67705e-19
437.882,3.58768e-19
437.9,3.53187e-19
437.919,3.42274e-19
437.937,3.41106e-19
437.956,3.51341e-19
437.974,3.46004e-19
437.993,3.30263e-19
438.011,3.33306e-19
438.03,3.34952e-19
438.048,3.32774e-19
438.067,3.41711e-19
438.085,3.56343e-19
438.104,3.66315e-19
438.122,3.61997e-19
438.141,3.50207e-19
438.159,3.46888e-19
438.178,3.54857e-19
438.196,3.5448e-19
438.215,3.56699e-19
438.233,3.66903e-19
438.252,3.76278e-19
438.271,3.80843e-19
438.289,3.68815e-19
438.308,3.63597e-19
438.326,3.63678e-19
438.345,3.70038e-19
438.363,3.96623e-19
438.382,4.07107e-19
438.4,3.99798e-19
438.419,3.99527e-19
438.437,4.0293e-19
438.456,4.11296e-19
438.474,4.23946e-19
438.493,4.50805e-19
438.512,4.78911e-19
438.53,4.87955e-19
438.549,5.20312e-19
438.567,5.65065e-19
438.586,5.94154e-19
438.604,6.03931e-19
438.623,5.80613e-19
438.641,5.68056e-19
438.66,5.8478e-19
438.678,6.09217e-19
438.697,6.27646e-19
438.716,6.3598e-19
438.734,6.29305e-19
438.753,6.39059e-19
438.771,6.71447e-19
438.79,6.70291e-19
438.808,6.54741e-19
438.827,6.41499e-19
438.846,6.31162e-19
438.864,6.37229e-19
438.883,6.58511e-19
438.901,6.71982e-19
438.92,6.71868e-19
438.939,7.12248e-19
438.957,7.5507e-19
438.976,7.76601e-19
438.994,8.04959e-19
439.013,8.07426e-19
439.031,7.92984e-19
439.05,7.66919e-19
439.069,7.38977e-19
439.087,7.35541e-19
439.106,7.12213e-19
439.124,6.71784e-19
439.143,6.47928e-19
439.162,6.32567e-19
439.18,6.52014e-19
439.199,6.87519e-19
439.217,6.9376e-19
439.236,7.11923e-19
439.255,7.57888e-19
439.273,7.6872e-19
439.292,7.53231e-19
439.311,7.5736e-19
439.329,7.75143e-19
439.348,8.05753e-19
439.366,7.97812e-19
439.385,7.77124e-19
439.404,8.00656e-19
439.422,7.87355e-19
439.441,7.44719e-19
439.459,7.28233e-19
439.478,7.21803e-19
439.497,7.15099e-19
439.515,6.97011e-19
439.534,6.81403e-19
439.553,6.79171e-19
439.571,6.88145e-19
439.59,7.10135e-19
439.609,6.97458e-19
439.627,6.64528e-19
439.646,6.49311e-19
439.664,6.3532e-19
439.683,6.37041e-19
439.702,6.229e-19
439.72,5.93559e-19
439.739,5.83453e-19
439.758,5.83972e-19
439.776,5.93995e-19
439.795,5.94303e-19
439.814,5.96306e-19
439.832,6.02164e-19
439.851,6.1605e-19
439.87,6.57661e-19
439.888,6.80264e-19
439.907,6.53045e-19
439.926,6.1039e-19
439.944,5.81184e-19
439.963,5.74521e-19
439.982,5.93848e-19
440,6.09025e-19
440.019,6.21636e-19
440.038,6.42127e-19
440.056,6.35763e-19
440.075,6.06505e-19
440.094,5.87348e-19
440.112,5.95637e-19
440.131,6.09597e-19
440.15,6.03143e-19
440.169,5.88461e-19
440.187,5.77672e-19
440.206,5.56894e-19
440.225,5.24711e-19
440.243,5.1535e-19
440.262,5.13875e-19
440.281,4.89729e-19
440.299,4.71864e-19
440.318,4.60235e-19
440.337,4.48924e-19
440.355,4.52269e-19
440.374,4.58269e-19
440.393,4.67932e-19
440.412,4.55554e-19
440.43,4.24214e-19
440.449,4.17718e-19
440.468,4.05243e-19
440.486,3.92598e-19
440.505,3.98852e-19
440.524,3.94525e-19
440.543,3.8645e-19
440.561,3.88796e-19
440.58,4.10824e-19
440.599,4.29085e-19
440.617,4.18727e-19
440.636,4.11501e-19
440.655,4.23883e-19
440.674,4.32342e-19
440.692,4.34151e-19
440.711,4.42634e-19
440.73,4.31987e-19
440.749,4.05227e-19
440.767,3.92483e-19
440.786,3.90068e-19
440.805,3.93875e-19
440.824,3.96536e-19
440.842,3.95084e-19
440.861,4.02349e-19
440.88,4.20689e-19
440.899,4.22023e-19
440.917,4.16913e-19
440.936,4.2139e-19
440.955,4.06916e-19
440.974,4.05466e-19
440.992,4.3033e-19
441.011,4.31968e-19
441.03,4.11354e-19
441.049,4.06026e-19
441.067,4.13498e-19
441.086,4.20765e-19
441.105,4.30717e-19
441.124,4.25036e-19
441.142,4.13632e-19
441.161,4.12487e-19
441.18,4.12722e-19
441.199,4.12085e-19
441.218,4.01945e-19
441.236,3.84427e-19
441.255,3.70137e-19
441.274,3.62289e-19
441.293,3.58092e-19
441.311,3.60887e-19
441.33,3.69475e-19
441.349,3.65188e-19
441.368,3.53844e-19
441.387,3.55594e-19
441.405,3.59597e-19
441.424,3.55822e-19
441.443,3.50431e-19
441.462,3.45359e-19
441.481,3.42239e-19
441.499,3.3849e-19
441.518,3.35485e-19
441.537,3.35489e-19
441.556,3.38279e-19
441.575,3.4099e-19
441.593,3.44577e-19
441.612,3.4591e-19
441.631,3.32977e-19
441.65,3.38247e-19
441.669,3.59471e-19
441.688,3.59419e-19
441.706,3.62603e-19
441.725,3.5646e-19
441.744,3.33018e-19
441.763,3.31683e-19
441.782,3.39325e-19
441.8,3.3371e-19
441.819,3.1564e-19
441.838,3.0636e-19
441.857,3.09427e-19
441.876,3.12456e-19
441.895,3.23178e-19
441.913,3.21238e-19
441.932,3.0908e-19
441.951,3.10701e-19
441.97,3.14191e-19
441.989,3.17553e-19
442.008,3.26117e-19
442.026,3.27758e-19
442.045,3.30589e-19
442.064,3.50531e-19
442.083,3.83865e-19
442.102,4.13264e-19
442.121,4.05808e-19
442.14,3.85813e-19
442.158,3.77043e-19
442.177,3.66827e-19
442.196,3.76237e-19
442.215,3.89305e-19
442.234,3.87752e-19
442.253,3.7896e-19
442.272,3.67276e-19
442.29,3.5722e-19
442.309,3.453e-19
442.328,3.43221e-19
442.347,3.56275e-19
442.366,3.74652e-19
442.385,3.80054e-19
442.404,3.70649e-19
442.423,3.59399e-19
442.441,3.57633e-19
442.46,3.75117e-19
442.479,3.90968e-19
442.498,3.85228e-19
442.517,3.73154e-19
442.536,3.79863e-19
442.555,3.87943e-19
442.574,3.77393e-19
442.593,3.75819e-19
442.611,3.78413e-19
442.63,3.74858e-19
442.649,3.82753e-19
442.668,3.88926e-19
442.687,3.86289e-19
442.706,3.82184e-19
442.725,3.92064e-19
442.744,4.05764e-19
442.763,3.97781e-19
442.782,4.06594e-19
442.801,4.25035e-19
442.819,4.20205e-19
442.838,4.15007e-19
442.857,4.16389e-19
442.876,4.22172e-19
442.895,4.13401e-19
442.914,3.98306e-19
442.933,4.08821e-19
442.952,4.27876e-19
442.971,4.31542e-19
442.99,4.13565e-19
443.009,3.97824e-19
443.028,4.01634e-19
443.047,4.20393e-19
443.065,4.34875e-19
443.084,4.22107e-19
443.103,4.09199e-19
443.122,3.9778e-19
443.141,3.94448e-19
443.16,4.05509e-19
443.179,3.95903e-19
443.198,3.92332e-19
443.217,3.98509e-19
443.236,4.05373e-19
443.255,4.11995e-19
443.274,4.03058e-19
443.293,4.00241e-19
443.312,3.98935e-19
443.331,4.08282e-19
443.35,4.34894e-19
443.369,4.49385e-19
443.388,4.58798e-19
443.407,4.73062e-19
443.426,4.64035e-19
443.445,4.35537e-19
443.463,4.23304e-19
443.482,4.20573e-19
443.501,4.24954e-19
443.52,4.37012e-19
443.539,4.4216e-19
443.558,4.37718e-19
443.577,4.2734e-19
443.596,4.20906e-19
443.615,4.28303e-19
443.634,4.40205e-19
443.653,4.4497e-19
443.672,4.52741e-19
443.691,4.51624e-19
443.71,4.28724e-19
443.729,4.14243e-19
443.748,4.33926e-19
443.767,4.39849e-19
443.786,4.15145e-19
443.805,4.11862e-19
443.824,4.22414e-19
443.843,4.36746e-19
443.862,4.43702e-19
443.881,4.35392e-19
443.9,4.3532e-19
443.919,4.29133e-19
443.938,4.15105e-19
443.957,4.14062e-19
443.976,4.21241e-19
443.995,4.27089e-19
444.014,4.41883e-19
444.033,4.69694e-19
444.052,4.93886e-19
444.071,4.8778e-19
444.09,4.68818e-19
444.109,4.91152e-19
444.128,5.13456e-19
444.147,4.98497e-19
444.166,4.92544e-19
444.185,4.93897e-19
444.205,5.06708e-19
444.224,5.20106e-19
444.243,5.22178e-19
444.262,5.60472e-19
444.281,5.95386e-19
444.3,6.05829e-19
444.319,5.92833e-19
444.338,5.52276e-19
444.357,5.47215e-19
444.376,5.48703e-19
444.395,5.29877e-19
444.414,5.23216e-19
444.433,5.37058e-19
444.452,5.46557e-19
444.471,5.41309e-19
444.49,5.5253e-19
444.509,5.75258e-19
444.528,5.95943e-19
444.547,5.99548e-19
444.566,6.10854e-19
444.585,6.75902e-19
444.605,7.43562e-19
444.624,7.59845e-19
444.643,7.45382e-19
444.662,7.07811e-19
444.681,6.69507e-19
444.7,6.55666e-19
444.719,6.67487e-19
444.738,7.07397e-19
444.757,7.16226e-19
444.776,7.24555e-19
444.795,7.80589e-19
444.814,8.01716e-19
444.833,7.48461e-19
444.853,7.16267e-19
444.872,7.41246e-19
444.891,7.19382e-19
444.91,7.13338e-19
444.929,7.39566e-19
444.948,7.01296e-19
444.967,6.73997e-19
444.986,6.59037e-19
445.005,6.25857e-19
445.024,6.21505e-19
445.044,6.26519e-19
445.063,6.21481e-19
445.082,6.22986e-19
445.101,6.14865e-19
445.12,6.15264e-19
445.139,6.25209e-19
445.158,5.97854e-19
445.177,5.97948e-19
445.196,6.12938e-19
445.216,5.6583e-19
445.235,5.60826e-19
445.254,5.98111e-19
445.273,5.56576e-19
445.292,5.12299e-19
445.311,5.2354e-19
445.33,5.35087e-19
445.349,5.4882e-19
445.369,5.58167e-19
445.388,5.58647e-19
445.407,5.56154e-19
445.426,5.41343e-19
445.445,5.22907e-19
445.464,5.11981e-19
445.483,5.10879e-19
445.503,5.21135e-19
445.522,5.47035e-19
445.541,5.67019e-19
445.56,5.49724e-19
445.579,5.20601e-19
445.598,5.20209e-19
445.617,5.21778e-19
445.637,5.13772e-19
445.656,5.16836e-19
445.675,5.22996e-19
445.694,5.27765e-19
445.713,5.16931e-19
445.732,4.90719e-19
445.752,4.71622e-19
445.771,4.59879e-19
445.79,4.59969e-19
445.809,4.74322e-19
445.828,4.85627e-19
445.847,4.91126e-19
445.867,4.86001e-19
445.886,4.80256e-19
445.905,4.8313e-19
445.924,4.62144e-19
445.943,4.44725e-19
445.962,4.55049e-19
445.982,4.49903e-19
446.001,4.39968e-19
446.02,4.46473e-19
446.039,4.47013e-19
446.058,4.39752e-19
446.078,4.39976e-19
446.097,4.63187e-19
446.116,4.98713e-19
446.135,5.01437e-19
446.154,4.78763e-19
446.174,4.55444e-19
446.193,4.37441e-19
446.212,4.38424e-19
446.231,4.37608e-19
446.25,4.25681e-19
446.27,4.11437e-19
446.289,3.88957e-19
446.308,3.77164e-19
446.327,3.84738e-19
446.346,3.91396e-19
446.366,3.98542e-19
446.385,4.04711e-19
446.404,4.00036e-19
446.423,3.86261e-19
446.443,3.68675e-19
446.462,3.67486e-19
446.481,3.84291e-19
446.5,3.90258e-19
446.519,3.77247e-19
446.539,3.74604e-19
446.558,3.80456e-19
446.577,3.79241e-19
446.596,3.82724e-19
446.616,3.8001e-19
446.635,3.74825e-19
446.654,3.71444e-19
446.673,3.58724e-19
446.693,3.53769e-19
446.712,3.67199e-19
446.731,3.65542e-19
446.75,3.43651e-19
446.77,3.53289e-19
446.789,3.83146e-19
446.808,3.96563e-19
446.827,3.84877e-19
446.847,3.61424e-19
446.866,3.64273e-19
446.885,3.7923e-19
446.904,3.85395e-19
446.924,3.86088e-19
446.943,3.85222e-19
446.962,4.03783e-19
446.981,4.31906e-19
447.001,4.27155e-19
447.02,4.00791e-19
447.039,3.99341e-19
447.059,4.05784e-19
447.078,3.94755e-19
447.097,3.95295e-19
447.116,4.02917e-19
447.136,4.08617e-19
447.155,4.26693e-19
447.174,4.18867e-19
447.194,4.08358e-19
447.213,4.18875e-19
447.232,4.20369e-19
447.251,4.49781e-19
447.271,4.77138e-19
447.29,4.72224e-19
447.309,4.60575e-19
447.329,4.47531e-19
447.348,4.64093e-19
447.367,4.79269e-19
447.387,4.76526e-19
447.406,5.01082e-19
447.425,5.16898e-19
447.445,5.09645e-19
447.464,5.36121e-19
447.483,5.57304e-19
447.502,5.58316e-19
447.522,5.67447e-19
447.541,5.52256e-19
447.56,5.68966e-19
447.58,6.21536e-19
447.599,6.55793e-19
447.618,6.6613e-19
447.638,6.33459e-19
447.657,6.307e-19
447.676,6.65362e-19
447.696,6.6262e-19
447.715,6.43723e-19
447.734,6.47776e-19
447.754,6.78055e-19
447.773,6.97891e-19
447.792,7.23411e-19
447.812,7.3605e-19
447.831,7.15745e-19
447.85,7.52098e-19
447.87,7.86286e-19
447.889,8.25426e-19
447.908,9.03113e-19
447.928,8.74211e-19
447.947,8.29501e-19
447.967,8.4345e-19
447.986,8.14467e-19
448.005,7.73337e-19
448.025,7.58764e-19
448.044,7.79234e-19
448.063,8.35384e-19
448.083,8.48257e-19
448.102,8.09123e-19
448.121,7.93647e-19
448.141,7.60209e-19
448.16,7.41834e-19
448.18,7.9405e-19
448.199,8.22451e-19
448.218,8.11171e-19
448.238,7.96579e-19
448.257,7.87942e-19
448.276,7.65899e-19
448.296,7.60375e-19
448.315,7.8206e-19
448.335,7.51739e-19
448.354,6.97505e-19
448.373,6.49223e-19
448.393,6.18068e-19
448.412,6.43691e-19
448.432,6.56553e-19
448.451,6.30908e-19
448.47,6.21993e-19
448.49,6.11795e-19
448.509,5.92906e-19
448.529,5.79157e-19
448.548,5.62675e-19
448.567,5.37308e-19
448.587,5.0384e-19
448.606,4.93708e-19
448.626,5.01769e-19
448.645,5.01533e-19
448.664,4.92812e-19
448.684,4.84257e-19
448.703,4.88035e-19
448.723,4.96124e-19
448.742,4.97803e-19
448.762,5.03298e-19
448.781,5.28191e-19
448.8,5.38604e-19
448.82,5.25091e-19
448.839,5.34159e-19
448.859,5.46121e-19
448.878,5.39091e-19
448.898,5.31214e-19
448.917,5.08678e-19
448.936,4.76168e-19
448.956,4.57939e-19
448.975,4.51092e-19
448.995,4.5599e-19
449.014,4.62675e-19
449.034,4.74331e-19
449.053,4.84102e-19
449.073,4.63269e-19
449.092,4.39301e-19
449.111,4.29783e-19
449.131,4.30606e-19
449.15,4.43117e-19
449.17,4.52404e-19
449.189,4.57011e-19
449.209,4.44576e-19
449.228,4.27798e-19
449.248,4.40159e-19
449.267,4.44265e-19
449.287,4.24186e-19
449.306,4.25959e-19
449.326,4.45229e-19
449.345,4.56558e-19
449.365,4.54985e-19
449.384,4.34363e-19
449.403,4.15957e-19
449.423,4.07415e-19
449.442,3.90747e-19
449.462,3.78559e-19
449.481,3.73467e-19
449.501,3.67035e-19
449.52,3.65998e-19
449.54,3.7815e-19
449.559,3.95991e-19
449.579,3.97496e-19
449.598,3.86766e-19
449.618,3.83271e-19
449.637,3.86665e-19
449.657,3.78546e-19
449.676,3.63602e-19
449.696,3.60994e-19
449.715,3.58186e-19
449.735,3.52011e-19
449.754,3.65105e-19
449.774,3.72193e-19
449.793,3.55193e-19
449.813,3.54949e-19
449.832,3.5572e-19
449.852,3.46446e-19
449.872,3.47075e-19
449.891,3.53937e-19
449.911,3.5975e-19
449.93,3.49783e-19
449.95,3.48967e-19
449.969,3.56591e-19
449.989,3.57959e-19
450.008,3.5632e-19
450.028,3.48687e-19
450.047,3.58034e-19
450.067,3.8528e-19
450.086,4.00711e-19
450.106,3.87157e-19
450.125,3.77876e-19
450.145,3.82286e-19
450.165,3.89909e-19
450.184,4.18682e-19
450.204,4.44582e-19
450.223,4.4893e-19
450.243,4.42412e-19
450.262,4.2747e-19
450.282,4.18357e-19
450.301,4.21253e-19
450.321,4.39153e-19
450.341,4.63968e-19
450.36,4.67926e-19
450.38,4.54967e-19
450.399,4.45394e-19
450.419,4.62566e-19
450.438,4.7677e-19
450.458,4.49902e-19
450.477,4.31176e-19
450.497,4.24897e-19
450.517,4.2918e-19
450.536,4.4764e-19
450.556,4.49293e-19
450.575,4.47352e-19
450.595,4.40282e-19
450.615,4.39335e-19
450.634,4.50461e-19
450.654,4.56822e-19
450.673,4.70055e-19
450.693,4.78321e-19
450.712,4.7157e-19
450.732,4.62574e-19
450.752,4.54942e-19
450.771,4.43356e-19
450.791,4.277e-19
450.81,4.20053e-19
450.83,4.17334e-19
450.85,4.1776e-19
450.869,4.2135e-19
450.889,4.10985e-19
450.909,4.10517e-19
450.928,4.24967e-19
450.948,4.2632e-19
450.967,4.2624e-19
450.987,4.28015e-19
451.007,4.1832e-19
451.026,4.00654e-19
451.046,3.97203e-19
451.065,4.14994e-19
451.085,4.32768e-19
451.105,4.3181e-19
451.124,4.26555e-19
451.144,4.23224e-19
451.164,4.12932e-19
451.183,4.03907e-19
451.203,3.99769e-19
451.223,4.00114e-19
451.242,3.92474e-19
451.262,3.94097e-19
451.281,4.12112e-19
451.301,4.3716e-19
451.321,4.52658e-19
451.34,4.31814e-19
451.36,4.18238e-19
451.38,4.18315e-19
451.399,4.06099e-19
451.419,3.85611e-19
451.439,3.70497e-19
451.458,3.76349e-19
451.478,3.86017e-19
451.498,3.91204e-19
451.517,3.86637e-19
451.537,3.85313e-19
451.557,3.86959e-19
451.576,3.76621e-19
451.596,3.82962e-19
451.616,4.00542e-19
451.635,4.19667e-19
451.655,4.33148e-19
451.675,4.17262e-19
451.694,4.14171e-19
451.714,4.35302e-19
451.734,4.51452e-19
451.753,4.59692e-19
451.773,4.53434e-19
451.793,4.42544e-19
451.812,4.2811e-19
451.832,4.28765e-19
451.852,4.33841e-19
451.872,4.3813e-19
451.891,4.70549e-19
451.911,4.78172e-19
451.931,4.62505e-19
451.95,4.64133e-19
451.97,4.83087e-19
451.99,5.16299e-19
452.009,5.22856e-19
452.029,5.02852e-19
452.049,4.8182e-19
452.069,4.57613e-19
452.088,4.43407e-19
452.108,4.54449e-19
452.128,4.81351e-19
452.147,4.77641e-19
452.167,4.68902e-19
452.187,4.76433e-19
452.207,4.45245e-19
452.226,4.33776e-19
452.246,4.36989e-19
452.266,4.41684e-19
452.286,4.74785e-19
452.305,4.58118e-19
452.325,4.52242e-19
452.345,4.87651e-19
452.364,4.95343e-19
452.384,4.70945e-19
452.404,4.50239e-19
452.424,4.69376e-19
452.443,4.91795e-19
452.463,5.08587e-19
452.483,5.13014e-19
452.503,4.90618e-19
452.522,4.70342e-19
452.542,4.74808e-19
452.562,4.96694e-19
452.582,5.07102e-19
452.601,4.93952e-19
452.621,4.78284e-19
452.641,4.82552e-19
452.661,4.94654e-19
452.681,5.03257e-19
452.7,5.05974e-19
452.72,5.04355e-19
452.74,4.82604e-19
452.76,4.50875e-19
452.779,4.42803e-19
452.799,4.46169e-19
452.819,4.50078e-19
452.839,4.40858e-19
452.858,4.45682e-19
452.878,4.50996e-19
452.898,4.18404e-19
452.918,3.90672e-19
452.938,3.91645e-19
452.957,4.16302e-19
452.977,4.14911e-19
452.997,4.06846e-19
453.017,4.30641e-19
453.037,4.32053e-19
453.056,4.35961e-19
453.076,4.55718e-19
453.096,4.52204e-19
453.116,4.22986e-19
453.136,4.20294e-19
453.155,4.87028e-19
453.175,5.08225e-19
453.195,4.75812e-19
453.215,4.78771e-19
453.235,4.67781e-19
453.254,4.68583e-19
453.274,4.88856e-19
453.294,4.97002e-19
453.314,5.07372e-19
453.334,5.05642e-19
453.354,5.11855e-19
453.373,4.9823e-19
453.393,4.57787e-19
453.413,4.37161e-19
453.433,4.5001e-19
453.453,4.68158e-19
453.473,4.66106e-19
453.492,4.72392e-19
453.512,4.55179e-19
453.532,4.26576e-19
453.552,4.26234e-19
453.572,4.23909e-19
453.592,4.33174e-19
453.611,4.48855e-19
453.631,4.49254e-19
453.651,4.20128e-19
453.671,3.81424e-19
453.691,3.78482e-19
453.711,3.78669e-19
453.731,3.75333e-19
453.75,3.76038e-19
453.77,3.70049e-19
453.79,3.8155e-19
453.81,3.81018e-19
453.83,3.56945e-19
453.85,3.50629e-19
453.87,3.56487e-19
453.889,3.67546e-19
453.909,3.87724e-19
453.929,3.83057e-19
453.949,3.53808e-19
453.969,3.4158e-19
453.989,3.33564e-19
454.009,3.27934e-19
454.029,3.32183e-19
454.048,3.36904e-19
454.068,3.55237e-19
454.088,3.62167e-19
454.108,3.52148e-19
454.128,3.48977e-19
454.148,3.39112e-19
454.168,3.2374e-19
454.188,3.29132e-19
454.208,3.45913e-19
454.228,3.55515e-19
454.247,3.71222e-19
454.267,3.67515e-19
454.287,3.45124e-19
454.307,3.47074e-19
454.327,3.54564e-19
454.347,3.56052e-19
454.367,3.65364e-19
454.387,3.72765e-19
454.407,3.66208e-19
454.427,3.56883e-19
454.447,3.66289e-19
454.466,4.11727e-19
454.486,4.67027e-19
454.506,4.70512e-19
454.526,4.51992e-19
454.546,4.64326e-19
454.566,4.84832e-19
454.586,4.90981e-19
454.606,4.8795e-19
454.626,4.97626e-19
454.646,4.98181e-19
454.666,4.88057e-19
454.686,4.88135e-19
454.706,4.4566e-19
454.726,4.408e-19
454.746,4.88594e-19
454.765,4.48588e-19
454.785,4.36063e-19
454.805,4.80654e-19
454.825,4.48363e-19
454.845,4.11015e-19
454.865,4.17771e-19
454.885,4.26439e-19
454.905,4.19279e-19
454.925,4.17946e-19
454.945,4.20381e-19
454.965,4.14074e-19
454.985,4.38606e-19
455.005,4.57712e-19
455.025,4.43967e-19
455.045,4.32258e-19
455.065,4.48557e-19
455.085,4.71779e-19
455.105,4.39817e-19
455.125,4.00279e-19
455.145,3.96478e-19
455.165,3.99982e-19
455.185,4.06392e-19
455.205,3.98893e-19
455.225,3.93114e-19
455.245,4.00591e-19
455.265,4.03029e-19
455.285,4.03714e-19
455.305,4.03383e-19
455.325,3.97508e-19
455.345,3.89434e-19
455.365,3.94407e-19
455.385,4.03101e-19
455.405,4.07586e-19
455.425,4.07584e-19
455.445,3.88394e-19
455.465,3.65264e-19
455.485,3.59702e-19
455.505,3.66333e-19
455.525,3.66364e-19
455.545,3.64766e-19
455.565,3.66894e-19
455.585,3.68782e-19
455.605,3.72444e-19
455.625,3.69123e-19
455.645,3.70482e-19
455.665,3.81627e-19
455.685,3.88604e-19
455.705,3.99007e-19
455.725,4.04948e-19
455.745,3.81316e-19
455.765,3.82799e-19
455.785,4.21097e-19
455.805,4.2665e-19
455.825,4.39055e-19
455.845,4.53658e-19
455.865,4.19152e-19
455.885,3.98732e-19
455.905,4.08897e-19
455.925,4.10254e-19
455.946,4.11586e-19
455.966,4.21696e-19
455.986,4.24805e-19
456.006,4.16225e-19
456.026,4.25064e-19
456.046,4.34616e-19
456.066,4.23035e-19
456.086,4.18626e-19
456.106,4.03582e-19
456.126,3.92157e-19
456.146,3.92626e-19
456.166,3.95429e-19
456.186,4.09556e-19
456.206,3.95481e-19
456.226,3.68684e-19
456.246,3.49913e-19
456.267,3.51804e-19
456.287,3.68397e-19
456.307,3.6721e-19
456.327,3.66745e-19
456.347,3.78325e-19
456.367,3.96231e-19
456.387,3.84077e-19
456.407,3.54504e-19
456.427,3.54806e-19
456.447,3.64137e-19
456.467,3.49847e-19
456.488,3.26043e-19
456.508,3.20179e-19
456.528,3.16754e-19
456.548,3.04346e-19
456.568,2.94647e-19
456.588,2.94287e-19
456.608,2.9168e-19
456.628,2.97611e-19
456.648,3.08211e-19
456.669,2.96264e-19
456.689,2.92325e-19
456.709,3.04201e-19
456.729,2.99321e-19
456.749,2.95175e-19
456.769,3.12132e-19
456.789,3.14032e-19
456.809,3.05025e-19
456.83,3.11489e-19
456.85,3.24032e-19
456.87,3.21275e-19
456.89,3.07728e-19
456.91,3.29487e-19
456.93,3.53051e-19
456.95,3.34477e-19
456.97,3.15172e-19
456.991,3.19521e-19
457.011,3.35861e-19
457.031,3.64817e-19
457.051,3.87634e-19
457.071,3.81481e-19
457.091,3.62325e-19
457.112,3.49469e-19
457.132,3.56631e-19
457.152,3.60792e-19
457.172,3.77115e-19
457.192,4.11167e-19
457.212,4.14809e-19
457.232,4.15288e-19
457.253,4.21062e-19
457.273,4.21771e-19
457.293,4.36326e-19
457.313,4.60427e-19
457.333,4.76078e-19
457.353,4.72703e-19
457.374,4.68654e-19
457.394,4.85657e-19
457.414,5.12677e-19
457.434,5.21205e-19
457.454,5.08144e-19
457.475,5.18575e-19
457.495,5.48534e-19
457.515,5.31442e-19
457.535,5.16134e-19
457.555,5.20907e-19
457.576,5.02341e-19
457.596,5.02576e-19
457.616,5.14752e-19
457.636,5.21257e-19
457.656,5.20526e-19
457.677,5.02349e-19
457.697,4.92029e-19
457.717,5.02758e-19
457.737,5.18555e-19
457.757,5.19341e-19
457.778,5.1931e-19
457.798,5.25455e-19
457.818,5.34957e-19
457.838,5.53914e-19
457.858,5.54544e-19
457.879,5.37566e-19
457.899,5.34571e-19
457.919,5.20014e-19
457.939,5.09035e-19
457.96,5.49744e-19
457.98,5.82916e-19
458,5.83017e-19
458.02,5.84589e-19
458.041,5.54291e-19
458.061,5.17284e-19
458.081,5.23679e-19
458.101,5.19723e-19
458.121,4.88088e-19
458.142,4.74841e-19
458.162,4.85547e-19
458.182,4.9254e-19
458.202,4.7539e-19
458.223,4.54306e-19
458.243,4.45748e-19
458.263,4.54803e-19
458.283,4.69071e-19
458.304,4.70395e-19
458.324,4.76045e-19
458.344,4.90203e-19
458.365,4.98169e-19
458.385,4.99648e-19
458.405,4.97158e-19
458.425,4.97829e-19
458.446,5.10331e-19
458.466,5.02655e-19
458.486,4.82072e-19
458.506,4.87226e-19
458.527,4.97737e-19
458.547,4.96832e-19
458.567,4.7363e-19
458.588,4.45839e-19
458.608,4.4546e-19
458.628,4.51248e-19
458.648,4.48431e-19
458.669,4.50742e-19
458.689,4.56534e-19
458.709,4.45014e-19
458.73,4.35092e-19
458.75,4.47705e-19
458.77,4.36031e-19
458.791,4.15542e-19
458.811,4.30439e-19
458.831,4.34253e-19
458.851,4.13097e-19
458.872,3.88615e-19
458.892,3.74941e-19
458.912,3.79666e-19
458.933,3.77141e-19
458.953,3.72749e-19
458.973,3.66628e-19
458.994,3.4435e-19
459.014,3.28057e-19
459.034,3.33975e-19
459.055,3.37271e-19
459.075,3.32731e-19
459.095,3.4668e-19
459.116,3.61705e-19
459.136,3.74278e-19
459.156,3.85481e-19
459.177,3.87035e-19
459.197,4.03164e-19
459.217,4.15788e-19
459.238,4.01849e-19
459.258,3.69416e-19
459.278,3.46451e-19
459.299,3.55822e-19
459.319,3.68396e-19
459.339,3.84264e-19
459.36,4.13986e-19
459.38,4.25863e-19
459.4,4.22283e-19
459.421,4.23519e-19
459.441,4.44734e-19
459.461,4.59436e-19
459.482,4.34099e-19
459.502,4.03987e-19
459.523,4.03865e-19
459.543,4.04529e-19
459.563,3.89359e-19
459.584,4.1359e-19
459.604,4.48881e-19
459.624,4.42909e-19
459.645,4.24033e-19
459.665,4.05373e-19
459.686,4.11812e-19
459.706,4.253e-19
459.726,4.2657e-19
459.747,4.24689e-19
459.767,4.00538e-19
459.788,3.8666e-19
459.808,4.12993e-19
459.828,4.4366e-19
459.849,4.57092e-19
459.869,4.56367e-19
459.889,4.51483e-19
459.91,4.58108e-19
459.93,4.5244e-19
459.951,4.44285e-19
459.971,4.29871e-19
459.992,4.1653e-19
460.012,4.58372e-19
460.032,4.80209e-19
460.053,4.64786e-19
460.073,4.83802e-19
460.094,4.93666e-19
460.114,4.8073e-19
460.134,4.63738e-19
460.155,4.68287e-19
460.175,4.84977e-19
460.196,4.79631e-19
460.216,4.87361e-19
460.237,4.77261e-19
460.257,4.62243e-19
460.277,4.9344e-19
460.298,5.04315e-19
460.318,4.93312e-19
460.339,5.0563e-19
460.359,5.22129e-19
460.38,5.08548e-19
460.4,5.02491e-19
460.421,5.48159e-19
460.441,5.93587e-19
460.461,5.97421e-19
460.482,5.61964e-19
460.502,5.45768e-19
460.523,5.44694e-19
460.543,5.16215e-19
460.564,5.07163e-19
460.584,4.92055e-19
460.605,4.58302e-19
460.625,4.49303e-19
460.646,4.77168e-19
460.666,5.139e-19
460.687,4.92513e-19
460.707,4.50399e-19
460.727,4.54396e-19
460.748,4.75941e-19
460.768,4.72063e-19
460.789,4.80825e-19
460.809,5.01274e-19
460.83,4.84535e-19
460.85,4.76213e-19
460.871,4.85097e-19
460.891,4.62762e-19
460.912,4.36056e-19
460.932,4.3053e-19
460.953,4.22622e-19
460.973,3.98693e-19
460.994,3.9921e-19
461.014,4.15651e-19
461.035,3.98236e-19
461.055,3.95689e-19
461.076,4.19636e-19
461.096,4.35541e-19
461.117,4.4576e-19
461.137,4.51001e-19
461.158,4.44199e-19
461.178,4.23068e-19
461.199,4.35815e-19
461.219,4.51618e-19
461.24,4.32512e-19
461.26,4.22311e-19
461.281,4.06687e-19
461.301,3.98519e-19
461.322,3.97282e-19
461.343,3.85793e-19
461.363,3.83958e-19
461.384,3.99826e-19
461.404,4.19338e-19
461.425,4.00198e-19
461.445,3.71256e-19
461.466,3.74079e-19
461.486,3.79012e-19
461.507,3.73018e-19
461.527,3.80378e-19
461.548,3.81909e-19
461.568,3.68599e-19
461.589,3.66768e-19
461.61,3.5496e-19
461.63,3.52946e-19
461.651,3.71834e-19
461.671,3.64579e-19
461.692,3.55567e-19
461.712,3.4159e-19
461.733,3.26097e-19
461.753,3.41565e-19
461.774,3.44578e-19
461.795,3.43076e-19
461.815,3.42656e-19
461.836,3.33119e-19
461.856,3.48379e-19
461.877,3.46199e-19
461.897,3.34359e-19
461.918,3.30899e-19
461.939,3.22842e-19
461.959,3.29704e-19
461.98,3.2398e-19
462,3.37752e-19
462.021,3.68961e-19
462.042,3.60971e-19
462.062,3.49626e-19
462.083,3.46196e-19
462.103,3.51155e-19
462.124,3.50919e-19
462.145,3.41546e-19
462.165,3.53759e-19
462.186,3.64783e-19
462.206,3.4859e-19
462.227,3.36644e-19
462.248,3.45291e-19
462.268,3.55734e-19
462.289,3.64546e-19
462.309,3.65841e-19
462.33,3.49982e-19
462.351,3.45501e-19
462.371,3.57161e-19
462.392,3.50382e-19
462.413,3.49997e-19
462.433,3.66655e-19
462.454,3.69972e-19
462.474,3.77252e-19
462.495,3.79268e-19
462.516,3.60644e-19
462.536,3.45469e-19
462.557,3.75028e-19
462.578,4.20277e-19
462.598,4.176e-19
462.619,4.35432e-19
462.64,4.62169e-19
462.66,4.3712e-19
462.681,3.95915e-19
462.701,3.8158e-19
462.722,4.11051e-19
462.743,4.48289e-19
462.763,5.09571e-19
462.784,6.07186e-19
462.805,6.01601e-19
462.825,5.28084e-19
462.846,5.38334e-19
462.867,6.01825e-19
462.887,6.43845e-19
462.908,6.47555e-19
462.929,6.21128e-19
462.949,6.61501e-19
462.97,6.98694e-19
462.991,6.22308e-19
463.011,5.99574e-19
463.032,6.29682e-19
463.053,5.96715e-19
463.073,5.52667e-19
463.094,5.42453e-19
463.115,5.3215e-19
463.136,5.3828e-19
463.156,5.7499e-19
463.177,5.88256e-19
463.198,5.76989e-19
463.218,6.14621e-19
463.239,6.19729e-19
463.26,5.90846e-19
463.28,6.29168e-19
463.301,6.08585e-19
463.322,5.86433e-19
463.343,6.24915e-19
463.363,6.21079e-19
463.384,5.85105e-19
463.405,5.46337e-19
463.425,5.69555e-19
463.446,5.98837e-19
463.467,5.65328e-19
463.488,5.60489e-19
463.508,5.7352e-19
463.529,5.6637e-19
463.55,5.63608e-19
463.57,5.56971e-19
463.591,5.17506e-19
463.612,5.11895e-19
463.633,5.17417e-19
463.653,4.92474e-19
463.674,5.03176e-19
463.695,5.0149e-19
463.716,4.80592e-19
463.736,4.82502e-19
463.757,4.5831e-19
463.778,4.34214e-19
463.799,4.53604e-19
463.819,4.57525e-19
463.84,4.34546e-19
463.861,4.35236e-19
463.882,4.38353e-19
463.902,4.50804e-19
463.923,4.64214e-19
463.944,4.52792e-19
463.965,4.42629e-19
463.985,4.49913e-19
464.006,4.83452e-19
464.027,4.81367e-19
464.048,4.50159e-19
464.068,4.36589e-19
464.089,4.24689e-19
464.11,4.31826e-19
464.131,4.34881e-19
464.152,4.20748e-19
464.172,4.08859e-19
464.193,3.97167e-19
464.214,3.89358e-19
464.235,4.02303e-19
464.255,4.29219e-19
464.276,4.41343e-19
464.297,4.55767e-19
464.318,4.58977e-19
464.339,4.76472e-19
464.359,5.02718e-19
464.38,4.53735e-19
464.401,4.16491e-19
464.422,4.32599e-19
464.443,4.50369e-19
464.463,4.55808e-19
464.484,4.69159e-19
464.505,4.45684e-19
464.526,4.10332e-19
464.547,4.17612e-19
464.568,4.0881e-19
464.588,4.30277e-19
464.609,4.4725e-19
464.63,4.05863e-19
464.651,4.14281e-19
464.672,4.30581e-19
464.692,4.44742e-19
464.713,4.44943e-19
464.734,4.00613e-19
464.755,3.79064e-19
464.776,3.7668e-19
464.797,3.83813e-19
464.817,3.81188e-19
464.838,3.80798e-19
464.859,3.8633e-19
464.88,3.82903e-19
464.901,3.96789e-19
464.922,3.86875e-19
464.943,3.6304e-19
464.963,3.73834e-19
464.984,3.76793e-19
465.005,3.54526e-19
465.026,3.56711e-19
465.047,3.59019e-19
465.068,3.3492e-19
465.089,3.39007e-19
465.109,3.43068e-19
465.13,3.23831e-19
465.151,3.25227e-19
465.172,3.31928e-19
465.193,3.3635e-19
465.214,3.41419e-19
465.235,3.29815e-19
465.256,3.18953e-19
465.276,3.19128e-19
465.297,3.03315e-19
465.318,2.8807e-19
465.339,2.9402e-19
465.36,2.92514e-19
465.381,2.95326e-19
465.402,2.91959e-19
465.423,2.65285e-19
465.444,2.58659e-19
465.464,2.61175e-19
465.485,2.58392e-19
465.506,2.57041e-19
465.527,2.53434e-19
465.548,2.58789e-19
465.569,2.59432e-19
465.59,2.47419e-19
465.611,2.47726e-19
465.632,2.66784e-19
465.653,2.73216e-19
465.673,2.62887e-19
465.694,2.6021e-19
465.715,2.52681e-19
465.736,2.42918e-19
465.757,2.5014e-19
465.778,2.55606e-19
465.799,2.41002e-19
465.82,2.31298e-19
465.841,2.30228e-19
465.862,2.31058e-19
465.883,2.44692e-19
465.904,2.52199e-19
465.925,2.57993e-19
465.946,2.6187e-19
465.967,2.4843e-19
465.987,2.57843e-19
466.008,2.77983e-19
466.029,2.67357e-19
466.05,2.51488e-19
466.071,2.43692e-19
466.092,2.35703e-19
466.113,2.35505e-19
466.134,2.55899e-19
466.155,2.79855e-19
466.176,2.77329e-19
466.197,2.62863e-19
466.218,2.69931e-19
466.239,3.09289e-19
466.26,3.36857e-19
466.281,3.16552e-19
466.302,3.04454e-19
466.323,3.2906e-19
466.344,3.48998e-19
466.365,3.25268e-19
466.386,3.07066e-19
466.407,3.2884e-19
466.428,3.38602e-19
466.449,3.34671e-19
466.47,3.46149e-19
466.491,3.42633e-19
466.512,3.41766e-19
466.533,3.63833e-19
466.554,3.59516e-19
466.575,3.55462e-19
466.596,4.01212e-19
466.617,4.35785e-19
466.638,4.4574e-19
466.659,4.60309e-19
466.68,4.4169e-19
466.701,4.26012e-19
466.722,4.11672e-19
466.743,3.94864e-19
466.764,4.25371e-19
466.785,4.31323e-19
466.806,4.15933e-19
466.827,4.52584e-19
466.848,4.58886e-19
466.869,4.63201e-19
466.89,5.12785e-19
466.911,5.21388e-19
466.932,4.97851e-19
466.953,4.84211e-19
466.974,4.94118e-19
466.995,5.13182e-19
467.016,5.14784e-19
467.037,4.83853e-19
467.058,4.3814e-19
467.079,4.19762e-19
467.1,4.46752e-19
467.121,4.95822e-19
467.142,4.7914e-19
467.163,4.36785e-19
467.184,4.26995e-19
467.205,4.25504e-19
467.227,4.2381e-19
467.248,4.26185e-19
467.269,4.38475e-19
467.29,4.19794e-19
467.311,4.08849e-19
467.332,4.1198e-19
467.353,3.96357e-19
467.374,4.16325e-19
467.395,4.15751e-19
467.416,4.00959e-19
467.437,4.11423e-19
467.458,4.12963e-19
467.479,4.47477e-19
467.5,4.56053e-19
467.521,4.1697e-19
467.543,3.97172e-19
467.564,3.93419e-19
467.585,4.05581e-19
467.606,3.89355e-19
467.627,3.70818e-19
467.648,3.8403e-19
467.669,3.7543e-19
467.69,3.7934e-19
467.711,4.3336e-19
467.732,4.63966e-19
467.754,4.54557e-19
467.775,4.44996e-19
467.796,4.22061e-19
467.817,4.14633e-19
467.838,4.19912e-19
467.859,4.23861e-19
467.88,4.46293e-19
467.901,4.40125e-19
467.922,4.21923e-19
467.944,4.10943e-19
467.965,3.83697e-19
467.986,4.03921e-19
468.007,4.62022e-19
468.028,4.65971e-19
468.049,4.60499e-19
468.07,4.77807e-19
468.091,4.39474e-19
468.113,3.89208e-19
468.134,3.76355e-19
468.155,3.77342e-19
468.176,4.05326e-19
468.197,4.22317e-19
468.218,3.96989e-19
468.239,3.5208e-19
468.261,3.17386e-19
468.282,3.25822e-19
468.303,3.23501e-19
468.324,3.07593e-19
468.345,3.08108e-19
468.366,3.14057e-19
468.387,3.38382e-19
468.409,3.38845e-19
468.43,3.36613e-19
468.451,3.6022e-19
468.472,3.57756e-19
468.493,3.46371e-19
468.514,3.39373e-19
468.536,3.36515e-19
468.557,3.32497e-19
468.578,3.19645e-19
468.599,3.24687e-19
468.62,3.36737e-19
468.642,3.18283e-19
468.663,3.05627e-19
468.684,3.29231e-19
468.705,3.27081e-19
468.726,3.12128e-19
468.748,3.31378e-19
468.769,3.49808e-19
468.79,3.46897e-19
468.811,3.29833e-19
468.832,3.27176e-19
468.854,3.36523e-19
468.875,3.31385e-19
468.896,3.15292e-19
468.917,3.11421e-19
468.938,3.15284e-19
468.96,3.11415e-19
468.981,3.24572e-19
469.002,3.19326e-19
469.023,2.98291e-19
469.044,3.00462e-19
469.066,3.14249e-19
469.087,3.42126e-19
469.108,3.41839e-19
469.129,3.2105e-19
469.151,3.03402e-19
469.172,2.88222e-19
469.193,2.95668e-19
469.214,2.94201e-19
469.235,2.84288e-19
469.257,2.8161e-19
469.278,2.81148e-19
469.299,2.87631e-19
469.32,3.0113e-19
469.342,3.1822e-19
469.363,3.1379e-19
469.384,2.92486e-19
469.405,2.83155e-19
469.427,2.76056e-19
469.448,2.63271e-19
469.469,2.63993e-19
469.49,2.6519e-19
469.512,2.57987e-19
469.533,2.60532e-19
469.554,2.61115e-19
469.576,2.58463e-19
469.597,2.64754e-19
469.618,2.67578e-19
469.639,2.59363e-19
469.661,2.61262e-19
469.682,2.65279e-19
469.703,2.47863e-19
469.724,2.39696e-19
469.746,2.57763e-19
469.767,2.66617e-19
469.788,2.64885e-19
469.81,2.89067e-19
469.831,3.07286e-19
469.852,2.96482e-19
469.873,2.92008e-19
469.895,3.05843e-19
469.916,3.19971e-19
469.937,3.08244e-19
469.959,3.03871e-19
469.98,3.101e-19
470.001,3.16027e-19
470.023,3.26289e-19
470.044,3.26338e-19
470.065,3.30589e-19
470.087,3.15306e-19
470.108,3.03896e-19
470.129,3.10234e-19
470.151,3.04229e-19
470.172,3.09585e-19
470.193,3.04718e-19
470.214,2.98508e-19
470.236,3.08389e-19
470.257,3.10221e-19
470.278,3.16009e-19
470.3,3.36446e-19
470.321,3.60004e-19
470.342,3.51741e-19
470.364,3.4368e-19
470.385,3.50431e-19
470.406,3.35062e-19
470.428,3.29289e-19
470.449,3.33286e-19
470.471,3.30701e-19
470.492,3.30636e-19
470.513,3.28593e-19
470.535,3.20422e-19
470.556,3.09401e-19
470.577,3.06249e-19
470.599,2.99102e-19
470.62,2.99539e-19
470.641,3.14735e-19
470.663,3.11728e-19
470.684,2.99323e-19
470.706,2.93271e-19
470.727,2.91278e-19
470.748,2.89663e-19
470.77,2.87688e-19
470.791,2.95527e-19
470.812,3.00358e-19
470.834,2.82909e-19
470.855,2.69102e-19
470.877,2.78103e-19
470.898,2.80669e-19
470.919,2.84226e-19
470.941,3.05648e-19
470.962,3.08949e-19
470.984,3.04379e-19
471.005,3.14369e-19
471.026,3.1675e-19
471.048,3.11477e-19
471.069,3.03629e-19
471.091,2.87596e-19
471.112,2.74817e-19
471.133,2.65962e-19
471.155,2.62802e-19
471.176,2.70429e-19
471.198,2.81014e-19
471.219,2.91556e-19
471.24,2.88526e-19
471.262,2.8429e-19
471.283,2.97129e-19
471.305,3.05219e-19
471.326,3.10911e-19
471.348,3.15353e-19
471.369,3.03323e-19
471.39,2.99553e-19
471.412,3.10464e-19
471.433,3.09544e-19
471.455,2.94939e-19
471.476,2.80261e-19
471.498,2.80926e-19
471.519,2.88619e-19
471.54,2.8911e-19
471.562,3.0133e-19
471.583,3.28503e-19
471.605,3.40759e-19
471.626,3.25543e-19
471.648,3.2653e-19
471.669,3.3693e-19
471.691,3.31066e-19
471.712,3.35088e-19
471.734,3.33255e-19
471.755,3.3132e-19
471.777,3.37454e-19
471.798,3.55432e-19
471.819,3.75836e-19
471.841,3.67945e-19
471.862,3.73984e-19
471.884,3.65478e-19
471.905,3.46423e-19
471.927,3.55931e-19
471.948,3.40001e-19
471.97,3.26348e-19
471.991,3.40383e-19
472.013,3.43924e-19
472.034,3.46827e-19
472.056,3.40171e-19
472.077,3.26373e-19
472.099,3.40559e-19
472.12,3.35729e-19
472.142,3.17393e-19
472.163,3.37789e-19
472.185,3.61196e-19
472.206,3.55607e-19
472.228,3.37348e-19
472.249,3.44301e-19
472.271,3.52384e-19
472.292,3.33932e-19
472.314,3.26819e-19
472.335,3.29045e-19
472.357,3.24653e-19
472.378,3.1453e-19
472.4,3.10715e-19
472.421,3.02604e-19
472.443,2.99086e-19
472.465,3.05121e-19
472.486,3.07697e-19
472.508,3.2305e-19
472.529,3.23054e-19
472.551,3.05627e-19
472.572,2.96588e-19
472.594,3.15313e-19
472.615,3.38924e-19
472.637,3.22384e-19
472.658,3.19693e-19
472.68,3.27794e-19
472.701,3.37099e-19
472.723,3.52843e-19
472.745,3.53622e-19
472.766,3.51057e-19
472.788,3.19885e-19
472.809,3.09949e-19
472.831,3.23144e-19
472.852,3.09803e-19
472.874,3.28083e-19
472.896,3.48627e-19
472.917,3.33733e-19
472.939,3.24315e-19
472.96,3.05304e-19
472.982,2.93236e-19
473.003,3.03246e-19
473.025,3.10538e-19
473.047,3.06527e-19
473.068,3.14324e-19
473.09,3.23404e-19
473.111,3.10555e-19
473.133,3.08236e-19
473.155,3.21074e-19
473.176,3.54288e-19
473.198,3.90079e-19
473.219,3.83387e-19
473.241,3.61916e-19
473.263,3.39367e-19
473.284,3.26554e-19
473.306,3.33029e-19
473.327,3.59684e-19
473.349,3.74451e-19
473.371,3.71171e-19
473.392,3.7906e-19
473.414,3.7014e-19
473.435,3.65931e-19
473.457,3.70383e-19
473.479,3.7781e-19
473.5,3.99295e-19
473.522,4.361e-19
473.544,5.05277e-19
473.565,5.19518e-19
473.587,4.7052e-19
473.608,4.70377e-19
473.63,5.0247e-19
473.652,4.72937e-19
473.673,4.52259e-19
473.695,4.71181e-19
473.717,4.62685e-19
473.738,4.84889e-19
473.76,5.20878e-19
473.782,5.66911e-19
473.803,6.0988e-19
473.825,5.9423e-19
473.847,5.94289e-19
473.868,5.86989e-19
473.89,5.94618e-19
473.912,5.67255e-19
473.933,5.30021e-19
473.955,5.24819e-19
473.977,4.97395e-19
473.998,5.10734e-19
474.02,5.43037e-19
474.042,5.36667e-19
474.063,5.08177e-19
474.085,5.30013e-19
474.107,5.46749e-19
474.128,4.76904e-19
474.15,4.71307e-19
474.172,4.91687e-19
474.193,4.75399e-19
474.215,4.78502e-19
474.237,4.83877e-19
474.258,4.89042e-19
474.28,4.88464e-19
474.302,4.6587e-19
474.324,4.29238e-19
474.345,4.31753e-19
474.367,4.53769e-19
474.389,4.32769e-19
474.41,4.34203e-19
474.432,4.60129e-19
474.454,4.80154e-19
474.475,5.04602e-19
474.497,4.88391e-19
474.519,4.57534e-19
474.541,4.21142e-19
474.562,4.21635e-19
474.584,4.82146e-19
474.606,4.58604e-19
474.628,4.48533e-19
474.649,5.3277e-19
474.671,5.46254e-19
474.693,5.40594e-19
474.714,5.55671e-19
474.736,5.42929e-19
474.758,5.22374e-19
474.78,4.78758e-19
474.801,4.66641e-19
474.823,4.75043e-19
474.845,4.67667e-19
474.867,4.80322e-19
474.888,5.06649e-19
474.91,5.12355e-19
474.932,4.94033e-19
474.954,4.65945e-19
474.975,4.50052e-19
474.997,4.55448e-19
475.019,4.42652e-19
475.041,4.2391e-19
475.062,4.49915e-19
475.084,4.77711e-19
475.106,4.71859e-19
475.128,4.70797e-19
475.15,4.63969e-19
475.171,4.39035e-19
475.193,4.32362e-19
475.215,4.33925e-19
475.237,4.25165e-19
475.259,4.29182e-19
475.28,4.26983e-19
475.302,4.343e-19
475.324,4.62445e-19
475.346,4.56801e-19
475.367,4.42946e-19
475.389,4.31635e-19
475.411,4.11776e-19
475.433,4.1219e-19
475.455,4.24547e-19
475.476,4.32523e-19
475.498,4.16704e-19
475.52,3.74991e-19
475.542,3.56256e-19
475.564,3.68251e-19
475.586,3.70814e-19
475.607,3.47771e-19
475.629,3.18714e-19
475.651,3.11564e-19
475.673,3.24562e-19
475.695,3.44632e-19
475.716,3.61678e-19
475.738,3.66947e-19
475.76,3.69731e-19
475.782,3.65814e-19
475.804,3.66871e-19
475.826,3.72e-19
475.847,3.80717e-19
475.869,3.90122e-19
475.891,3.73879e-19
475.913,3.55985e-19
475.935,3.40671e-19
475.957,3.36375e-19
475.979,3.27484e-19
476,3.06689e-19
476.022,3.06045e-19
476.044,3.17945e-19
476.066,3.4589e-19
476.088,3.49224e-19
476.11,3.39728e-19
476.132,3.57927e-19
476.153,3.54797e-19
476.175,3.44734e-19
476.197,3.49352e-19
476.219,3.45984e-19
476.241,3.32117e-19
476.263,3.26878e-19
476.285,3.2776e-19
476.307,3.34854e-19
476.328,3.25604e-19
476.35,3.0609e-19
476.372,3.2119e-19
476.394,3.05637e-19
476.416,2.74856e-19
476.438,2.79445e-19
476.46,2.87175e-19
476.482,2.94458e-19
476.504,3.08461e-19
476.526,3.34107e-19
476.547,3.32148e-19
476.569,3.24487e-19
476.591,3.41193e-19
476.613,3.30563e-19
476.635,2.98469e-19
476.657,2.78783e-19
476.679,2.87148e-19
476.701,2.95455e-19
476.723,2.93628e-19
476.745,2.91775e-19
476.767,2.87614e-19
476.788,3.13937e-19
476.81,3.42072e-19
476.832,3.29123e-19
476.854,3.17615e-19
476.876,3.06636e-19
476.898,2.87457e-19
476.92,2.93156e-19
476.942,2.95664e-19
476.964,2.85829e-19
476.986,2.88366e-19
477.008,2.82268e-19
477.03,2.86745e-19
477.052,2.9308e-19
477.074,2.93358e-19
477.096,3.1131e-19
477.118,3.11711e-19
477.14,3.03114e-19
477.162,2.98766e-19
477.184,2.97128e-19
477.205,3.09835e-19
477.227,3.1149e-19
477.249,3.17746e-19
477.271,3.17406e-19
477.293,2.9528e-19
477.315,2.97264e-19
477.337,2.90479e-19
477.359,2.75253e-19
477.381,2.83336e-19
477.403,2.83217e-19
477.425,2.86506e-19
477.447,2.96266e-19
477.469,2.94273e-19
477.491,3.06118e-19
477.513,3.38187e-19
477.535,3.34035e-19
477.557,3.05805e-19
477.579,3.10903e-19
477.601,3.11187e-19
477.623,3.13099e-19
477.645,3.26317e-19
477.667,3.08993e-19
477.689,2.92444e-19
477.711,2.94647e-19
477.733,3.02979e-19
477.755,2.91597e-19
477.777,2.70757e-19
477.799,2.78897e-19
477.821,2.92835e-19
477.843,2.84272e-19
477.865,2.87835e-19
477.887,3.17474e-19
477.909,3.23235e-19
477.931,3.17167e-19
477.953,3.23326e-19
477.976,3.20966e-19
477.998,3.09272e-19
478.02,2.85364e-19
478.042,2.81023e-19
478.064,2.88565e-19
478.086,2.81386e-19
478.108,2.7659e-19
478.13,2.71333e-19
478.152,2.6772e-19
478.174,2.7083e-19
478.196,2.90545e-19
478.218,2.91362e-19
478.24,2.67278e-19
478.262,2.75545e-19
478.284,2.96515e-19
478.306,3.01176e-19
478.328,2.77637e-19
478.35,2.68655e-19
478.373,2.86228e-19
478.395,2.77532e-19
478.417,2.89354e-19
478.439,3.13733e-19
478.461,3.09398e-19
478.483,2.97118e-19
478.505,2.75345e-19
478.527,2.66257e-19
478.549,2.65361e-19
478.571,2.70345e-19
478.593,2.88642e-19
478.615,3.10435e-19
478.638,3.23699e-19
478.66,3.16427e-19
478.682,3.09342e-19
478.704,3.02787e-19
478.726,3.04407e-19
478.748,3.19322e-19
478.77,3.22146e-19
478.792,3.2906e-19
478.814,3.28522e-19
478.836,2.96021e-19
478.859,2.82826e-19
478.881,3.02846e-19
478.903,3.24362e-19
478.925,3.29141e-19
478.947,3.16166e-19
478.969,3.16179e-19
478.991,3.18587e-19
479.013,3.06254e-19
479.036,3.07369e-19
479.058,3.16886e-19
479.08,3.28056e-19
479.102,3.42064e-19
479.124,3.49001e-19
479.146,3.41721e-19
479.168,3.25577e-19
479.191,3.27029e-19
479.213,3.41537e-19
479.235,3.47225e-19
479.257,3.67455e-19
479.279,3.97371e-19
479.301,4.09747e-19
479.324,4.32171e-19
479.346,4.47931e-19
479.368,4.44356e-19
479.39,4.23189e-19
479.412,3.89718e-19
479.434,3.86329e-19
479.457,4.11798e-19
479.479,4.55576e-19
479.501,4.48779e-19
479.523,4.16197e-19
479.545,4.34721e-19
479.567,4.44409e-19
479.59,4.28672e-19
479.612,4.0618e-19
479.634,4.13154e-19
479.656,4.41277e-19
479.678,4.42322e-19
479.701,4.45917e-19
479.723,4.58457e-19
479.745,4.85285e-19
479.767,4.82689e-19
479.789,4.46814e-19
479.812,4.23806e-19
479.834,4.3345e-19
479.856,4.70626e-19
479.878,4.5168e-19
479.9,4.13154e-19
479.923,3.9064e-19
479.945,3.88548e-19
479.967,4.02201e-19
479.989,3.84527e-19
480.012,3.81192e-19
480.034,3.82949e-19
480.056,3.67525e-19
480.078,3.52282e-19
480.1,3.4552e-19
480.123,3.58974e-19
480.145,3.47437e-19
480.167,3.24627e-19
480.189,3.38663e-19
480.212,3.70889e-19
480.234,3.61363e-19
480.256,3.28288e-19
480.278,3.29166e-19
480.301,3.44897e-19
480.323,3.53148e-19
480.345,3.61478e-19
480.367,3.73509e-19
480.39,3.55182e-19
480.412,3.41809e-19
480.434,3.59473e-19
480.456,3.60364e-19
480.479,3.94712e-19
480.501,4.09579e-19
480.523,3.45533e-19
480.546,3.34207e-19
480.568,3.62565e-19
480.59,3.5542e-19
480.612,3.4861e-19
480.635,3.47233e-19
480.657,3.29081e-19
480.679,3.37762e-19
480.701,3.43768e-19
480.724,3.39496e-19
480.746,3.65321e-19
480.768,3.61036e-19
480.791,3.41321e-19
480.813,3.39747e-19
480.835,3.33158e-19
480.858,3.15483e-19
480.88,3.0324e-19
480.902,3.09034e-19
480.924,3.17292e-19
480.947,3.25146e-19
480.969,3.25111e-19
480.991,3.42016e-19
481.014,3.57625e-19
481.036,3.42459e-19
481.058,3.47754e-19
481.081,3.54413e-19
481.103,3.45242e-19
481.125,3.32367e-19
481.148,3.15796e-19
481.17,3.20794e-19
481.192,3.74415e-19
481.215,4.19704e-19
481.237,3.99479e-19
481.259,4.09822e-19
481.282,4.20826e-19
481.304,3.97564e-19
481.326,3.84385e-19
481.349,3.50528e-19
481.371,3.32666e-19
481.393,3.36621e-19
481.416,3.3402e-19
481.438,3.47849e-19
481.461,3.6319e-19
481.483,3.65426e-19
481.505,3.5713e-19
481.528,3.37587e-19
481.55,3.46236e-19
481.572,3.55951e-19
481.595,3.30605e-19
481.617,3.10282e-19
481.639,2.99732e-19
481.662,3.17085e-19
481.684,3.31689e-19
481.707,3.1644e-19
481.729,3.16784e-19
481.751,3.06837e-19
481.774,2.97094e-19
481.796,3.08861e-19
481.819,3.26759e-19
481.841,3.30497e-19
481.863,3.05224e-19
481.886,2.94907e-19
481.908,2.94629e-19
481.93,2.85409e-19
481.953,2.80382e-19
481.975,2.75409e-19
481.998,2.70863e-19
482.02,2.78395e-19
482.043,2.9472e-19
482.065,2.85686e-19
482.087,2.67592e-19
482.11,2.65465e-19
482.132,2.70976e-19
482.155,2.77797e-19
482.177,2.64566e-19
482.199,2.51669e-19
482.222,2.52707e-19
482.244,2.49184e-19
482.267,2.47226e-19
482.289,2.44226e-19
482.312,2.42188e-19
482.334,2.52771e-19
482.357,2.74295e-19
482.379,2.88883e-19
482.401,2.81045e-19
482.424,2.69858e-19
482.446,2.69764e-19
482.469,2.76518e-19
482.491,2.75821e-19
482.514,2.64806e-19
482.536,2.57509e-19
482.559,2.4719e-19
482.581,2.44275e-19
482.604,2.65961e-19
482.626,2.7659e-19
482.648,2.61828e-19
482.671,2.52062e-19
482.693,2.42113e-19
482.716,2.36699e-19
482.738,2.44789e-19
482.761,2.46352e-19
482.783,2.4233e-19
482.806,2.36379e-19
482.828,2.38689e-19
482.851,2.43995e-19
482.873,2.22476e-19
482.896,2.14808e-19
482.918,2.30717e-19
482.941,2.22863e-19
482.963,2.05098e-19
482.986,1.96741e-19
483.008,1.93826e-19
483.031,1.91652e-19
483.053,1.91535e-19
483.076,1.99048e-19
483.098,2.01893e-19
483.121,2.13022e-19
483.143,2.39639e-19
483.166,2.38191e-19
483.188,2.16304e-19
483.211,2.14335e-19
483.233,2.16345e-19
483.256,2.11428e-19
483.278,2.13124e-19
483.301,2.16379e-19
483.323,2.15516e-19
483.346,2.16382e-19
483.369,2.23319e-19
483.391,2.07535e-19
483.414,1.87918e-19
483.436,2.03678e-19
483.459,2.08775e-19
483.481,2.0669e-19
483.504,2.06472e-19
483.526,1.90204e-19
483.549,1.94609e-19
483.571,1.90436e-19
483.594,1.91808e-19
483.617,2.16755e-19
483.639,2.11832e-19
483.662,2.084e-19
483.684,2.13569e-19
483.707,2.14151e-19
483.729,2.13516e-19
483.752,2.07912e-19
483.775,2.09264e-19
483.797,1.96931e-19
483.82,1.89898e-19
483.842,2.06187e-19
483.865,2.16134e-19
483.887,2.12308e-19
483.91,2.15783e-19
483.933,2.27982e-19
483.955,2.29393e-19
483.978,2.35309e-19
484,2.35838e-19
484.023,2.29939e-19
484.046,2.3995e-19
484.068,2.3536e-19
484.091,2.22622e-19
484.113,2.17138e-19
484.136,2.0925e-19
484.159,2.12967e-19
484.181,2.31721e-19
484.204,2.48119e-19
484.226,2.50087e-19
484.249,2.44472e-19
484.272,2.34939e-19
484.294,2.24734e-19
484.317,2.269e-19
484.34,2.41311e-19
484.362,2.57681e-19
484.385,2.70773e-19
484.407,2.72406e-19
484.43,2.62581e-19
484.453,2.55807e-19
484.475,2.69128e-19
484.498,2.83334e-19
484.521,2.6777e-19
484.543,2.5818e-19
484.566,2.52091e-19
484.589,2.37554e-19
484.611,2.41082e-19
484.634,2.50719e-19
484.657,2.53451e-19
484.679,2.39993e-19
484.702,2.37197e-19
484.725,2.62485e-19
484.747,2.78935e-19
484.77,2.82885e-19
484.793,2.80064e-19
484.815,2.7836e-19
484.838,2.82477e-19
484.861,2.82402e-19
484.883,2.77366e-19
484.906,2.63294e-19
484.929,2.52456e-19
484.951,2.58774e-19
484.974,2.52819e-19
484.997,2.35394e-19
485.019,2.55985e-19
485.042,2.94527e-19
485.065,3.09897e-19
485.087,2.85602e-19
485.11,2.60217e-19
485.133,2.67753e-19
485.156,2.67107e-19
485.178,2.74084e-19
485.201,2.68197e-19
485.224,2.59501e-19
485.246,2.73679e-19
485.269,2.59073e-19
485.292,2.62836e-19
485.315,2.56674e-19
485.337,2.35101e-19
485.36,2.45581e-19
485.383,2.47338e-19
485.405,2.56107e-19
485.428,2.60325e-19
485.451,2.45914e-19
485.474,2.29864e-19
485.496,2.24987e-19
485.519,2.63185e-19
485.542,2.93787e-19
485.565,2.73703e-19
485.587,2.76975e-19
485.61,2.88346e-19
485.633,2.54174e-19
485.656,2.46097e-19
485.678,2.66662e-19
485.701,2.81061e-19
485.724,2.82285e-19
485.747,2.62853e-19
485.769,2.78304e-19
485.792,2.77513e-19
485.815,2.4646e-19
485.838,2.52925e-19
485.86,2.51571e-19
485.883,2.49284e-19
485.906,2.81876e-19
485.929,2.99747e-19
485.951,2.72466e-19
485.974,2.56593e-19
485.997,2.69641e-19
486.02,2.82467e-19
486.043,2.79449e-19
486.065,2.78521e-19
486.088,2.92238e-19
486.111,2.77365e-19
486.134,2.82167e-19
486.157,3.03675e-19
486.179,2.76561e-19
486.202,2.71095e-19
486.225,2.65329e-19
486.248,2.42862e-19
486.271,2.39765e-19
486.293,2.42648e-19
486.316,2.51868e-19
486.339,2.37561e-19
486.362,2.20058e-19
486.385,2.18651e-19
486.407,2.06657e-19
486.43,2.05672e-19
486.453,2.11396e-19
486.476,2.08828e-19
486.499,2.07028e-19
486.522,2.05584e-19
486.544,2.26551e-19
486.567,2.50559e-19
486.59,2.38573e-19
486.613,2.277e-19
486.636,2.32736e-19
486.659,2.36912e-19
486.681,2.25566e-19
486.704,2.20167e-19
486.727,2.34184e-19
486.75,2.29308e-19
486.773,2.27647e-19
486.796,2.43823e-19
486.819,2.47401e-19
486.841,2.44475e-19
486.864,2.45286e-19
486.887,2.46486e-19
486.91,2.45636e-19
486.933,2.39142e-19
486.956,2.26778e-19
486.979,2.2376e-19
487.002,2.11457e-19
487.024,2.01823e-19
487.047,2.13289e-19
487.07,2.08639e-19
487.093,2.08244e-19
487.116,2.15901e-19
487.139,2.11539e-19
487.162,2.06839e-19
487.185,2.11262e-19
487.208,2.31723e-19
487.23,2.35121e-19
487.253,2.23554e-19
487.276,2.21057e-19
487.299,2.20187e-19
487.322,2.26694e-19
487.345,2.30501e-19
487.368,2.20275e-19
487.391,2.26927e-19
487.414,2.38013e-19
487.437,2.2308e-19
487.46,2.2929e-19
487.482,2.49791e-19
487.505,2.53329e-19
487.528,2.56757e-19
487.551,2.55175e-19
487.574,2.4377e-19
487.597,2.37682e-19
487.62,2.58043e-19
487.643,2.78326e-19
487.666,2.82727e-19
487.689,2.77948e-19
487.712,2.75275e-19
487.735,2.92113e-19
487.758,2.89087e-19
487.781,2.84264e-19
487.804,2.86012e-19
487.827,2.8143e-19
487.849,2.94848e-19
487.872,2.93505e-19
487.895,2.84414e-19
487.918,2.89976e-19
487.941,2.96791e-19
487.964,3.14343e-19
487.987,3.16058e-19
488.01,2.9816e-19
488.033,3.06063e-19
488.056,3.11909e-19
488.079,3.20179e-19
488.102,3.50714e-19
488.125,3.31765e-19
488.148,3.02202e-19
488.171,3.152e-19
488.194,3.42154e-19
488.217,3.55148e-19
488.24,3.60786e-19
488.263,4.09516e-19
488.286,4.63649e-19
488.309,4.55657e-19
488.332,4.45459e-19
488.355,4.26694e-19
488.378,3.99266e-19
488.401,4.30274e-19
488.424,4.6063e-19
488.447,4.28689e-19
488.47,4.08928e-19
488.493,4.02801e-19
488.516,4.14542e-19
488.539,4.48108e-19
488.562,4.64718e-19
488.585,4.65608e-19
488.608,4.7959e-19
488.631,4.96301e-19
488.654,4.76827e-19
488.677,4.68024e-19
488.7,4.91754e-19
488.723,5.07005e-19
488.746,5.22082e-19
488.769,5.72717e-19
488.793,5.95343e-19
488.816,5.49675e-19
488.839,5.47321e-19
488.862,5.44312e-19
488.885,5.21129e-19
488.908,5.32128e-19
488.931,4.76151e-19
488.954,4.14753e-19
488.977,4.39971e-19
489,4.47461e-19
489.023,4.09112e-19
489.046,4.17761e-19
489.069,4.2322e-19
489.092,3.98916e-19
489.115,3.92476e-19
489.138,3.86126e-19
489.162,3.85995e-19
489.185,3.95421e-19
489.208,3.94892e-19
489.231,4.19099e-19
489.254,4.54014e-19
489.277,4.36382e-19
489.3,4.2144e-19
489.323,4.09959e-19
489.346,3.88043e-19
489.369,4.108e-19
489.392,4.52127e-19
489.416,4.67521e-19
489.439,4.26724e-19
489.462,3.82876e-19
489.485,3.80729e-19
489.508,3.79912e-19
489.531,3.78364e-19
489.554,3.66839e-19
489.577,3.56149e-19
489.6,3.51072e-19
489.624,3.6635e-19
489.647,3.9851e-19
489.67,3.76813e-19
489.693,3.59288e-19
489.716,3.55339e-19
489.739,3.48734e-19
489.762,3.58369e-19
489.785,3.45164e-19
489.809,3.28377e-19
489.832,3.21379e-19
489.855,3.22867e-19
489.878,3.26555e-19
489.901,3.21358e-19
489.924,3.13465e-19
489.947,3.12405e-19
489.971,3.15643e-19
489.994,2.93078e-19
490.017,2.84502e-19
490.04,2.77017e-19
490.063,2.56315e-19
490.086,2.89132e-19
490.11,3.22209e-19
490.133,3.0717e-19
490.156,3.04618e-19
490.179,3.22555e-19
490.202,3.65877e-19
490.226,3.72461e-19
490.249,3.09081e-19
490.272,3.01768e-19
490.295,3.26628e-19
490.318,2.93238e-19
490.341,2.72566e-19
490.365,2.87125e-19
490.388,2.98201e-19
490.411,2.87151e-19
490.434,2.70139e-19
490.457,2.68394e-19
490.481,2.74533e-19
490.504,2.80907e-19
490.527,2.76797e-19
490.55,2.74295e-19
490.573,2.63928e-19
490.597,2.49231e-19
490.62,2.34336e-19
490.643,2.19922e-19
490.666,2.40386e-19
490.69,2.5309e-19
490.713,2.46753e-19
490.736,2.46675e-19
490.759,2.36726e-19
490.782,2.3031e-19
490.806,2.25652e-19
490.829,2.30383e-19
490.852,2.37886e-19
490.875,2.37512e-19
490.899,2.24666e-19
490.922,2.12414e-19
490.945,2.16869e-19
490.968,2.07772e-19
490.992,2.02108e-19
491.015,2.03708e-19
491.038,2.00882e-19
491.061,1.96598e-19
491.085,1.85489e-19
491.108,1.89008e-19
491.131,1.8993e-19
491.154,1.86313e-19
491.178,1.90202e-19
491.201,1.8552e-19
491.224,1.84682e-19
491.248,1.90798e-19
491.271,1.97e-19
491.294,2.03343e-19
491.317,2.0295e-19
491.341,1.92201e-19
491.364,1.91672e-19
491.387,2.01923e-19
491.411,1.97479e-19
491.434,1.88782e-19
491.457,1.78786e-19
491.48,1.71217e-19
491.504,1.78793e-19
491.527,1.8661e-19
491.55,1.92507e-19
491.574,1.9946e-19
491.597,2.07255e-19
491.62,2.20206e-19
491.644,2.20207e-19
491.667,2.10074e-19
491.69,2.06316e-19
491.714,2.05211e-19
491.737,2.07493e-19
491.76,2.13147e-19
491.784,2.28115e-19
491.807,2.41728e-19
491.83,2.39399e-19
491.854,2.44798e-19
491.877,2.58638e-19
491.9,2.63348e-19
491.924,2.54644e-19
491.947,2.41939e-19
491.97,2.35223e-19
491.994,2.37272e-19
492.017,2.52094e-19
492.04,2.53774e-19
492.064,2.459e-19
492.087,2.437e-19
492.11,2.32242e-19
492.134,2.3399e-19
492.157,2.44289e-19
492.18,2.42653e-19
492.204,2.34899e-19
492.227,2.26084e-19
492.251,2.31245e-19
492.274,2.29261e-19
492.297,2.15562e-19
492.321,2.15018e-19
492.344,2.19331e-19
492.367,2.21308e-19
492.391,2.1115e-19
492.414,1.97338e-19
492.438,1.95711e-19
492.461,1.99914e-19
492.484,2.06402e-19
492.508,2.09258e-19
492.531,2.10218e-19
492.555,2.12322e-19
492.578,2.17736e-19
492.601,2.22596e-19
492.625,2.25537e-19
492.648,2.32353e-19
492.672,2.28267e-19
492.695,2.25718e-19
492.718,2.21774e-19
492.742,2.14655e-19
492.765,2.29294e-19
492.789,2.29073e-19
492.812,2.11086e-19
492.836,2.1342e-19
492.859,2.24216e-19
492.882,2.18379e-19
492.906,2.12087e-19
492.929,2.26213e-19
492.953,2.30195e-19
492.976,2.31603e-19
493,2.48254e-19
493.023,2.51883e-19
493.047,2.50533e-19
493.07,2.59833e-19
493.093,2.64957e-19
493.117,2.5369e-19
493.14,2.51828e-19
493.164,2.77179e-19
493.187,2.94671e-19
493.211,2.8898e-19
493.234,2.85923e-19
493.258,2.70674e-19
493.281,2.60253e-19
493.305,2.95442e-19
493.328,3.12391e-19
493.352,2.79596e-19
493.375,2.70911e-19
493.398,2.75315e-19
493.422,2.61416e-19
493.445,2.78331e-19
493.469,3.07632e-19
493.492,2.95419e-19
493.516,2.90826e-19
493.539,2.88817e-19
493.563,3.02825e-19
493.586,3.20472e-19
493.61,2.86311e-19
493.633,2.86212e-19
493.657,3.05433e-19
493.68,2.79509e-19
493.704,2.62578e-19
493.727,2.83849e-19
493.751,3.02277e-19
493.774,2.76632e-19
493.798,2.55638e-19
493.822,2.67321e-19
493.845,2.86982e-19
493.869,2.9191e-19
493.892,2.96049e-19
493.916,3.13433e-19
493.939,3.17504e-19
493.963,3.05e-19
493.986,3.07419e-19
494.01,3.19542e-19
494.033,3.17661e-19
494.057,3.29814e-19
494.08,3.37365e-19
494.104,3.22069e-19
494.127,3.15586e-19
494.151,3.02191e-19
494.175,2.8884e-19
494.198,2.95819e-19
494.222,3.16435e-19
494.245,3.32579e-19
494.269,3.65716e-19
494.292,3.95304e-19
494.316,3.63418e-19
494.34,3.32672e-19
494.363,3.30033e-19
494.387,3.38012e-19
494.41,3.34315e-19
494.434,3.339e-19
494.457,3.44395e-19
494.481,3.50465e-19
494.505,3.64537e-19
494.528,3.51635e-19
494.552,3.55049e-19
494.575,3.56934e-19
494.599,3.12859e-19
494.623,3.24342e-19
494.646,3.56215e-19
494.67,3.56202e-19
494.693,3.89164e-19
494.717,4.1179e-19
494.741,3.8626e-19
494.764,3.77321e-19
494.788,3.59625e-19
494.811,3.11104e-19
494.835,3.03903e-19
494.859,3.35787e-19
494.882,3.37355e-19
494.906,3.16394e-19
494.93,3.10779e-19
494.953,3.10473e-19
494.977,3.09002e-19
495,3.07265e-19
495.024,3.05955e-19
495.048,3.08297e-19
495.071,3.01733e-19
495.095,3.09159e-19
495.119,3.22163e-19
495.142,3.13821e-19
495.166,3.1847e-19
495.19,2.96335e-19
495.213,2.77575e-19
495.237,3.06807e-19
495.261,2.9459e-19
495.284,2.8392e-19
495.308,2.89756e-19
495.332,2.7056e-19
495.355,2.94959e-19
495.379,3.22457e-19
495.403,3.1837e-19
495.426,3.15744e-19
495.45,3.22047e-19
495.474,3.39862e-19
495.497,3.3426e-19
495.521,3.38634e-19
495.545,3.31969e-19
495.568,3.01479e-19
495.592,3.03072e-19
495.616,3.1754e-19
495.639,3.23756e-19
495.663,3.22101e-19
495.687,3.2438e-19
495.71,3.25038e-19
495.734,3.42233e-19
495.758,3.67557e-19
495.782,3.41193e-19
495.805,3.17022e-19
495.829,3.05082e-19
495.853,2.97074e-19
495.876,3.23153e-19
495.9,3.44186e-19
495.924,3.28885e-19
495.948,3.15779e-19
495.971,3.25765e-19
495.995,3.21982e-19
496.019,3.11386e-19
496.043,3.18998e-19
496.066,3.08474e-19
496.09,2.98123e-19
496.114,3.18914e-19
496.137,3.34976e-19
496.161,3.21814e-19
496.185,3.24255e-19
496.209,3.40434e-19
496.232,3.23137e-19
496.256,3.22854e-19
496.28,3.29712e-19
496.304,3.08468e-19
496.328,3.13713e-19
496.351,3.1806e-19
496.375,3.06824e-19
496.399,2.99334e-19
496.423,2.90499e-19
496.446,3.02492e-19
496.47,3.20299e-19
496.494,3.35321e-19
496.518,3.32954e-19
496.541,3.1001e-19
496.565,3.08539e-19
496.589,3.11744e-19
496.613,3.07724e-19
496.637,3.12684e-19
496.66,3.21074e-19
496.684,3.32523e-19
496.708,3.43478e-19
496.732,3.29856e-19
496.756,3.00453e-19
496.779,2.77388e-19
496.803,2.63545e-19
496.827,2.74948e-19
496.851,2.82836e-19
496.875,2.64495e-19
496.898,2.60416e-19
496.922,2.72664e-19
496.946,2.80622e-19
496.97,2.68362e-19
496.994,2.45958e-19
497.018,2.34513e-19
497.041,2.3413e-19
497.065,2.40702e-19
497.089,2.39938e-19
497.113,2.3795e-19
497.137,2.44384e-19
497.161,2.49225e-19
497.184,2.40922e-19
497.208,2.2586e-19
497.232,2.31861e-19
497.256,2.36915e-19
497.28,2.26194e-19
497.304,2.24055e-19
497.327,2.21028e-19
497.351,2.23867e-19
497.375,2.21687e-19
497.399,2.08984e-19
497.423,2.11883e-19
497.447,2.0721e-19
497.471,1.99036e-19
497.495,1.97783e-19
497.518,1.97057e-19
497.542,2.11233e-19
497.566,2.13301e-19
497.59,2.0098e-19
497.614,1.93657e-19
497.638,1.91561e-19
497.662,1.92919e-19
497.686,1.84994e-19
497.709,1.91786e-19
497.733,2.0098e-19
497.757,1.92032e-19
497.781,1.92386e-19
497.805,1.89295e-19
497.829,1.81505e-19
497.853,1.83563e-19
497.877,1.92809e-19
497.901,1.99999e-19
497.925,2.04619e-19
497.949,2.12124e-19
497.972,2.11688e-19
497.996,2.11437e-19
498.02,2.08486e-19
498.044,1.96618e-19
498.068,1.87818e-19
498.092,1.87123e-19
498.116,1.85974e-19
498.14,1.76227e-19
498.164,1.72723e-19
498.188,1.66133e-19
498.212,1.56438e-19
498.236,1.59945e-19
498.26,1.61741e-19
498.284,1.56419e-19
498.308,1.60267e-19
498.332,1.69211e-19
498.355,1.64065e-19
498.379,1.64211e-19
498.403,1.75485e-19
498.427,1.79315e-19
498.451,1.73742e-19
498.475,1.66812e-19
498.499,1.67774e-19
498.523,1.63066e-19
498.547,1.62893e-19
498.571,1.6686e-19
498.595,1.62305e-19
498.619,1.59977e-19
498.643,1.53242e-19
498.667,1.54765e-19
498.691,1.63509e-19
498.715,1.68178e-19
498.739,1.7005e-19
498.763,1.62768e-19
498.787,1.55573e-19
498.811,1.49658e-19
498.835,1.49722e-19
498.859,1.51476e-19
498.883,1.43954e-19
498.907,1.44585e-19
498.931,1.53958e-19
498.955,1.56453e-19
498.979,1.52294e-19
499.003,1.44196e-19
499.027,1.51481e-19
499.051,1.69057e-19
499.075,1.60571e-19
499.099,1.55081e-19
499.123,1.57016e-19
499.147,1.43434e-19
499.171,1.36342e-19
499.195,1.36036e-19
499.219,1.4086e-19
499.243,1.39321e-19
499.267,1.31934e-19
499.292,1.33921e-19
499.316,1.32559e-19
499.34,1.36588e-19
499.364,1.39205e-19
499.388,1.29469e-19
499.412,1.26713e-19
499.436,1.22989e-19
499.46,1.15755e-19
499.484,1.21927e-19
499.508,1.30392e-19
499.532,1.30294e-19
499.556,1.29175e-19
499.58,1.25559e-19
499.604,1.25661e-19
499.628,1.32075e-19
499.652,1.33449e-19
499.677,1.28873e-19
499.701,1.28896e-19
499.725,1.31237e-19
499.749,1.31043e-19
499.773,1.36179e-19
499.797,1.34983e-19
499.821,1.27245e-19
499.845,1.27531e-19
499.869,1.38534e-19
499.893,1.48492e-19
499.917,1.42119e-19
499.942,1.4073e-19
499.966,1.43037e-19
499.99,1.37242e-19
500.014,1.29451e-19
500.038,1.2266e-19
500.062,1.25562e-19
500.086,1.2068e-19
500.11,1.1566e-19
500.135,1.29233e-19
500.159,1.36723e-19
500.183,1.31277e-19
500.207,1.38339e-19
500.231,1.5316e-19
500.255,1.49381e-19
500.279,1.41355e-19
500.303,1.38066e-19
500.328,1.35938e-19
500.352,1.37474e-19
500.376,1.4079e-19
500.4,1.45048e-19
500.424,1.45067e-19
500.448,1.50389e-19
500.473,1.54439e-19
500.497,1.51415e-19
500.521,1.4507e-19
500.545,1.40041e-19
500.569,1.42527e-19
500.593,1.37911e-19
500.618,1.45091e-19
500.642,1.62271e-19
500.666,1.64982e-19
500.69,1.60615e-19
500.714,1.47716e-19
500.738,1.42846e-19
500.763,1.4996e-19
500.787,1.52431e-19
500.811,1.5087e-19
500.835,1.47317e-19
500.859,1.48402e-19
500.884,1.59761e-19
500.908,1.61599e-19
500.932,1.649e-19
500.956,1.81947e-19
500.98,1.81012e-19
501.005,1.84754e-19
501.029,1.85791e-19
501.053,1.75836e-19
501.077,1.88601e-19
501.101,1.83788e-19
501.126,1.71509e-19
501.15,1.80904e-19
501.174,1.78892e-19
501.198,1.65757e-19
501.223,1.57147e-19
501.247,1.51365e-19
501.271,1.50999e-19
501.295,1.51011e-19
501.32,1.48441e-19
501.344,1.51786e-19
501.368,1.50915e-19
501.392,1.52669e-19
501.417,1.59374e-19
501.441,1.59489e-19
501.465,1.63324e-19
501.489,1.69216e-19
501.514,1.69556e-19
501.538,1.61981e-19
501.562,1.63368e-19
501.586,1.73328e-19
501.611,1.70636e-19
501.635,1.58099e-19
501.659,1.5645e-19
501.683,1.66048e-19
501.708,1.6907e-19
501.732,1.75427e-19
501.756,1.73115e-19
501.781,1.7479e-19
501.805,1.80653e-19
501.829,1.72536e-19
501.853,1.81843e-19
501.878,1.8524e-19
501.902,1.94971e-19
501.926,2.06848e-19
501.951,1.95876e-19
501.975,1.97445e-19
501.999,2.02411e-19
502.024,2.19986e-19
502.048,2.16218e-19
502.072,2.00672e-19
502.097,2.09858e-19
502.121,2.03855e-19
502.145,2.12453e-19
502.169,2.25275e-19
502.194,2.27339e-19
502.218,2.37288e-19
502.242,2.27336e-19
502.267,2.2454e-19
502.291,2.35417e-19
502.315,2.5608e-19
502.34,2.84906e-19
502.364,2.70939e-19
502.388,2.52275e-19
502.413,2.49867e-19
502.437,2.38376e-19
502.462,2.6107e-19
502.486,2.93212e-19
502.51,2.77933e-19
502.535,2.5639e-19
502.559,2.56319e-19
502.583,2.58383e-19
502.608,2.41152e-19
502.632,2.53083e-19
502.656,2.91904e-19
502.681,2.92684e-19
502.705,2.93237e-19
502.73,3.0011e-19
502.754,2.91868e-19
502.778,2.98011e-19
502.803,3.01728e-19
502.827,3.06957e-19
502.851,3.39207e-19
502.876,3.47219e-19
502.9,3.24887e-19
502.925,3.16329e-19
502.949,3.22126e-19
502.973,3.1347e-19
502.998,2.6799e-19
503.022,2.46557e-19
503.047,2.44803e-19
503.071,2.33004e-19
503.096,2.37067e-19
503.12,2.32447e-19
503.144,2.28619e-19
503.169,2.2879e-19
503.193,2.19521e-19
503.218,2.20724e-19
503.242,2.31524e-19
503.266,2.53964e-19
503.291,2.54065e-19
503.315,2.43271e-19
503.34,2.43878e-19
503.364,2.16561e-19
503.389,1.86412e-19
503.413,1.95703e-19
503.438,2.13022e-19
503.462,1.92669e-19
503.486,1.84645e-19
503.511,1.89496e-19
503.535,1.92759e-19
503.56,2.14905e-19
503.584,2.11387e-19
503.609,2.17355e-19
503.633,2.27997e-19
503.658,1.98999e-19
503.682,1.90913e-19
503.707,1.93939e-19
503.731,1.93219e-19
503.756,2.07637e-19
503.78,2.16762e-19
503.805,2.02729e-19
503.829,1.91828e-19
503.853,1.91803e-19
503.878,1.90086e-19
503.902,2.00649e-19
503.927,2.0919e-19
503.951,2.13748e-19
503.976,2.14635e-19
504,2.11243e-19
504.025,2.22036e-19
504.049,2.28358e-19
504.074,2.30603e-19
504.098,2.37777e-19
504.123,2.60453e-19
504.147,2.63344e-19
504.172,2.40392e-19
504.197,2.51831e-19
504.221,2.56125e-19
504.246,2.63587e-19
504.27,2.87443e-19
504.295,2.95457e-19
504.319,3.19563e-19
504.344,3.15441e-19
504.368,2.97133e-19
504.393,2.94927e-19
504.417,2.8972e-19
504.442,2.97028e-19
504.466,3.04339e-19
504.491,3.00417e-19
504.515,2.79903e-19
504.54,2.86943e-19
504.565,3.17759e-19
504.589,3.20769e-19
504.614,3.27974e-19
504.638,3.34802e-19
504.663,3.38182e-19
504.687,3.64494e-19
504.712,4.01125e-19
504.737,4.23067e-19
504.761,4.40711e-19
504.786,4.24896e-19
504.81,3.76111e-19
504.835,3.5569e-19
504.859,3.19403e-19
504.884,3.05243e-19
504.909,3.3208e-19
504.933,3.29292e-19
504.958,3.17645e-19
504.982,2.97664e-19
505.007,2.80869e-19
505.032,2.79599e-19
505.056,2.9487e-19
505.081,3.25518e-19
505.105,3.13125e-19
505.13,2.84311e-19
505.155,2.83237e-19
505.179,2.9018e-19
505.204,3.0004e-19
505.229,3.18775e-19
505.253,3.18605e-19
505.278,2.99699e-19
505.302,2.87959e-19
505.327,2.86315e-19
505.352,2.82495e-19
505.376,2.49826e-19
505.401,2.28981e-19
505.426,2.42524e-19
505.45,2.52273e-19
505.475,2.4525e-19
505.499,2.36998e-19
505.524,2.41729e-19
505.549,2.47406e-19
505.573,2.3721e-19
505.598,2.24699e-19
505.623,2.28499e-19
505.647,2.27005e-19
505.672,2.13797e-19
505.697,2.08218e-19
505.721,2.12123e-19
505.746,2.11805e-19
505.771,1.99236e-19
505.795,2.06953e-19
505.82,2.11924e-19
505.845,2.06406e-19
505.869,2.12377e-19
505.894,2.08917e-19
505.919,2.21736e-19
505.944,2.31592e-19
505.968,2.01656e-19
505.993,1.75838e-19
506.018,1.92107e-19
506.042,2.07531e-19
506.067,2.1132e-19
506.092,2.31671e-19
506.116,2.10732e-19
506.141,2.10762e-19
506.166,2.35649e-19
506.191,2.24207e-19
506.215,2.21519e-19
506.24,2.21088e-19
506.265,2.44191e-19
506.289,2.54078e-19
506.314,2.34883e-19
506.339,2.34738e-19
506.364,2.17534e-19
506.388,2.1508e-19
506.413,2.43546e-19
506.438,2.33136e-19
506.463,1.95931e-19
506.487,2.01218e-19
506.512,2.11117e-19
506.537,2.14533e-19
506.562,2.32091e-19
506.586,2.22221e-19
506.611,2.21166e-19
506.636,2.02413e-19
506.661,1.79944e-19
506.685,1.93771e-19
506.71,1.92185e-19
506.735,2.05348e-19
506.76,2.24848e-19
506.784,2.24848e-19
506.809,2.29624e-19
506.834,2.16595e-19
506.859,1.99325e-19
506.884,1.96057e-19
506.908,1.96109e-19
506.933,1.81978e-19
506.958,1.66299e-19
506.983,1.67591e-19
507.007,1.83953e-19
507.032,2.02284e-19
507.057,1.878e-19
507.082,1.73505e-19
507.107,1.92254e-19
507.131,1.88577e-19
507.156,1.75272e-19
507.181,1.9521e-19
507.206,1.92725e-19
507.231,1.69282e-19
507.256,1.59889e-19
507.28,1.49982e-19
507.305,1.50086e-19
507.33,1.57362e-19
507.355,1.74927e-19
507.38,1.81999e-19
507.405,1.58778e-19
507.429,1.70784e-19
507.454,2.11534e-19
507.479,2.1451e-19
507.504,1.86148e-19
507.529,1.62977e-19
507.554,1.53851e-19
507.578,1.48722e-19
507.603,1.50598e-19
507.628,1.51627e-19
507.653,1.49367e-19
507.678,1.47445e-19
507.703,1.47411e-19
507.728,1.7035e-19
507.752,1.91691e-19
507.777,1.9443e-19
507.802,1.91409e-19
507.827,1.68986e-19
507.852,1.58349e-19
507.877,1.64166e-19
507.902,1.69325e-19
507.927,1.76286e-19
507.951,1.76667e-19
507.976,1.80425e-19
508.001,1.75382e-19
508.026,1.83411e-19
508.051,2.06393e-19
508.076,1.90049e-19
508.101,1.77161e-19
508.126,1.77629e-19
508.151,1.78645e-19
508.176,1.8575e-19
508.2,1.74067e-19
508.225,1.65686e-19
508.25,1.6548e-19
508.275,1.63559e-19
508.3,1.69512e-19
508.325,1.83066e-19
508.35,1.97072e-19
508.375,2.09685e-19
508.4,2.12737e-19
508.425,2.03967e-19
508.45,2.24269e-19
508.475,2.41802e-19
508.5,2.4159e-19
508.524,2.60942e-19
508.549,2.45305e-19
508.574,2.23569e-19
508.599,2.18546e-19
508.624,2.00032e-19
508.649,1.8824e-19
508.674,1.85115e-19
508.699,1.87413e-19
508.724,1.85642e-19
508.749,1.92057e-19
508.774,2.11668e-19
508.799,2.24786e-19
508.824,2.37357e-19
508.849,2.35466e-19
508.874,2.253e-19
508.899,2.1971e-19
508.924,2.18549e-19
508.949,2.23816e-19
508.974,2.31728e-19
508.999,2.4624e-19
509.024,2.47969e-19
509.049,2.54808e-19
509.074,2.7726e-19
509.099,2.86889e-19
509.124,2.85279e-19
509.149,2.65639e-19
509.174,2.54913e-19
509.199,2.51339e-19
509.224,2.26717e-19
509.249,2.18386e-19
509.274,2.3436e-19
509.299,2.36426e-19
509.324,2.32921e-19
509.349,2.44639e-19
509.374,2.52666e-19
509.399,2.56347e-19
509.424,2.51277e-19
509.449,2.33679e-19
509.474,2.15731e-19
509.499,2.11697e-19
509.524,2.24374e-19
509.549,2.39614e-19
509.574,2.64746e-19
509.599,2.7767e-19
509.624,3.11849e-19
509.649,3.37431e-19
509.675,3.05248e-19
509.7,3.30276e-19
509.725,3.13087e-19
509.75,2.69673e-19
509.775,2.90212e-19
509.8,2.77556e-19
509.825,2.57629e-19
509.85,2.48353e-19
509.875,2.51285e-19
509.9,2.59542e-19
509.925,2.51579e-19
509.95,2.5823e-19
509.975,2.54509e-19
510,2.42015e-19
510.026,2.45545e-19
510.051,2.5394e-19
510.076,2.34185e-19
510.101,2.28835e-19
510.126,2.65666e-19
510.151,2.79046e-19
510.176,2.72544e-19
510.201,2.60621e-19
510.226,2.44426e-19
510.251,2.34098e-19
510.277,2.31895e-19
510.302,2.39636e-19
510.327,2.39388e-19
510.352,2.35632e-19
510.377,2.32245e-19
510.402,2.39563e-19
510.427,2.51738e-19
510.452,2.5097e-19
510.478,2.47952e-19
510.503,2.44882e-19
510.528,2.35202e-19
510.553,2.19469e-19
510.578,2.12174e-19
510.603,2.17111e-19
510.628,2.30141e-19
510.654,2.34978e-19
510.679,2.34067e-19
510.704,2.40394e-19
510.729,2.38619e-19
510.754,2.37084e-19
510.779,2.42924e-19
510.805,2.63177e-19
510.83,2.74532e-19
510.855,2.41362e-19
510.88,2.17074e-19
510.905,2.28779e-19
510.93,2.36939e-19
510.956,2.23204e-19
510.981,2.13673e-19
511.006,2.15311e-19
511.031,2.38526e-19
511.056,2.66162e-19
511.082,2.48612e-19
511.107,2.2105e-19
511.132,2.16836e-19
511.157,2.33059e-19
511.182,2.43921e-19
511.208,2.45625e-19
511.233,2.60947e-19
511.258,2.51726e-19
511.283,2.42666e-19
511.308,2.79194e-19
511.334,3.08115e-19
511.359,2.96808e-19
511.384,2.72254e-19
511.409,2.33561e-19
511.435,2.18402e-19
511.46,2.48261e-19
511.485,2.38941e-19
511.51,2.05716e-19
511.535,2.13566e-19
511.561,2.06322e-19
511.586,1.94641e-19
511.611,2.1583e-19
511.636,2.09485e-19
511.662,1.96187e-19
511.687,2.19886e-19
511.712,2.1309e-19
511.737,1.96766e-19
511.763,2.12773e-19
511.788,2.12128e-19
511.813,2.16989e-19
511.839,2.28549e-19
511.864,2.15273e-19
511.889,2.15481e-19
511.914,2.36857e-19
511.94,2.5824e-19
511.965,2.50999e-19
511.99,2.10282e-19
512.015,2.04185e-19
512.041,2.43197e-19
512.066,2.60352e-19
512.091,2.61873e-19
512.117,2.45313e-19
512.142,2.08362e-19
512.167,1.93215e-19
512.193,2.0982e-19
512.218,2.77336e-19
512.243,2.97338e-19
512.268,2.50223e-19
512.294,2.43931e-19
512.319,2.27684e-19
512.344,2.2821e-19
512.37,2.52236e-19
512.395,2.33201e-19
512.42,2.16437e-19
512.446,2.25886e-19
512.471,2.43561e-19
512.496,2.70314e-19
512.522,2.9451e-19
512.547,2.84825e-19
512.572,2.67929e-19
512.598,2.49869e-19
512.623,2.29909e-19
512.648,2.2741e-19
512.674,2.24172e-19
512.699,2.25737e-19
512.724,2.08121e-19
512.75,1.9714e-19
512.775,2.14167e-19
512.801,1.97344e-19
512.826,1.93345e-19
512.851,2.14038e-19
512.877,2.16722e-19
512.902,2.07149e-19
512.927,1.76906e-19
512.953,1.70923e-19
512.978,1.96306e-19
513.004,2.03587e-19
513.029,2.01345e-19
513.054,2.05026e-19
513.08,2.09863e-19
513.105,2.14102e-19
513.131,2.0226e-19
513.156,1.83313e-19
513.181,1.8031e-19
513.207,1.71789e-19
513.232,1.62866e-19
513.258,1.71532e-19
513.283,1.74211e-19
513.308,1.69273e-19
513.334,1.67674e-19
513.359,1.78402e-19
513.385,1.7601e-19
513.41,1.60094e-19
513.435,1.70514e-19
513.461,1.68695e-19
513.486,1.61287e-19
513.512,1.68341e-19
513.537,1.66015e-19
513.563,1.79827e-19
513.588,1.83432e-19
513.614,1.71281e-19
513.639,1.75565e-19
513.664,1.74365e-19
513.69,1.66868e-19
513.715,1.62479e-19
513.741,1.70982e-19
513.766,1.77236e-19
513.792,1.63509e-19
513.817,1.55448e-19
513.843,1.51254e-19
513.868,1.41165e-19
513.894,1.34252e-19
513.919,1.34455e-19
513.945,1.37278e-19
513.97,1.40426e-19
513.995,1.45191e-19
514.021,1.44174e-19
514.046,1.45695e-19
514.072,1.56549e-19
514.097,1.59537e-19
514.123,1.57947e-19
514.148,1.58344e-19
514.174,1.52422e-19
514.199,1.47392e-19
514.225,1.47362e-19
514.25,1.56603e-19
514.276,1.7244e-19
514.301,1.71448e-19
514.327,1.58032e-19
514.352,1.51096e-19
514.378,1.49945e-19
514.404,1.46636e-19
514.429,1.46654e-19
514.455,1.53333e-19
514.48,1.54988e-19
514.506,1.50917e-19
514.531,1.44804e-19
514.557,1.54005e-19
514.582,1.69071e-19
514.608,1.54816e-19
514.633,1.41188e-19
514.659,1.46962e-19
514.684,1.48298e-19
514.71,1.38034e-19
514.736,1.33206e-19
514.761,1.4088e-19
514.787,1.42994e-19
514.812,1.39938e-19
514.838,1.3735e-19
514.863,1.33525e-19
514.889,1.35114e-19
514.915,1.34381e-19
514.94,1.25777e-19
514.966,1.26823e-19
514.991,1.39455e-19
515.017,1.39738e-19
515.042,1.32569e-19
515.068,1.31812e-19
515.094,1.27288e-19
515.119,1.25317e-19
515.145,1.34462e-19
515.17,1.32716e-19
515.196,1.20348e-19
515.222,1.22772e-19
515.247,1.28338e-19
515.273,1.24854e-19
515.298,1.23984e-19
515.324,1.28561e-19
515.35,1.30442e-19
515.375,1.31643e-19
515.401,1.42128e-19
515.427,1.45594e-19
515.452,1.34732e-19
515.478,1.26742e-19
515.503,1.29054e-19
515.529,1.36908e-19
515.555,1.42818e-19
515.58,1.43651e-19
515.606,1.40131e-19
515.632,1.3826e-19
515.657,1.37567e-19
515.683,1.40769e-19
515.709,1.36422e-19
515.734,1.28621e-19
515.76,1.38796e-19
515.786,1.4547e-19
515.811,1.43804e-19
515.837,1.37623e-19
515.863,1.26669e-19
515.888,1.20939e-19
515.914,1.16703e-19
515.94,1.18341e-19
515.965,1.18186e-19
515.991,1.18074e-19
516.017,1.22849e-19
516.042,1.26385e-19
516.068,1.30712e-19
516.094,1.29737e-19
516.119,1.27926e-19
516.145,1.28668e-19
516.171,1.29668e-19
516.196,1.26073e-19
516.222,1.25504e-19
516.248,1.33114e-19
516.274,1.32035e-19
516.299,1.33089e-19
516.325,1.34311e-19
516.351,1.27816e-19
516.376,1.27985e-19
516.402,1.34822e-19
516.428,1.45492e-19
516.454,1.47512e-19
516.479,1.39095e-19
516.505,1.26371e-19
516.531,1.1702e-19
516.557,1.20745e-19
516.582,1.22568e-19
516.608,1.17862e-19
516.634,1.10421e-19
516.659,1.07725e-19
516.685,1.13056e-19
516.711,1.13932e-19
516.737,1.16789e-19
516.762,1.18954e-19
516.788,1.18846e-19
516.814,1.20435e-19
516.84,1.11544e-19
516.866,1.02951e-19
516.891,1.02977e-19
516.917,1.03384e-19
516.943,1.01916e-19
516.969,1.00679e-19
516.994,1.0503e-19
517.02,1.06857e-19
517.046,1.02092e-19
517.072,1.08152e-19
517.098,1.17146e-19
517.123,1.17737e-19
517.149,1.152e-19
517.175,1.11679e-19
517.201,1.20776e-19
517.227,1.20116e-19
517.252,1.12346e-19
517.278,1.23302e-19
517.304,1.23915e-19
517.33,1.2279e-19
517.356,1.25646e-19
517.381,1.19902e-19
517.407,1.18418e-19
517.433,1.18512e-19
517.459,1.19876e-19
517.485,1.1645e-19
517.511,1.10581e-19
517.536,1.08819e-19
517.562,1.06244e-19
517.588,1.0168e-19
517.614,9.7741e-20
517.64,9.97395e-20
517.666,1.05354e-19
517.691,1.12091e-19
517.717,1.1877e-19
517.743,1.16143e-19
517.769,1.10497e-19
517.795,1.31819e-19
517.821,1.55084e-19
517.847,1.47226e-19
517.872,1.35895e-19
517.898,1.30142e-19
517.924,1.41481e-19
517.95,1.48067e-19
517.976,1.42438e-19
518.002,1.4953e-19
518.028,1.53775e-19
518.054,1.54394e-19
518.08,1.4673e-19
518.105,1.42004e-19
518.131,1.48994e-19
518.157,1.60751e-19
518.183,1.67988e-19
518.209,1.59799e-19
518.235,1.6738e-19
518.261,1.83976e-19
518.287,1.91021e-19
518.313,2.02625e-19
518.339,2.23426e-19
518.364,2.29068e-19
518.39,2.12704e-19
518.416,2.0073e-19
518.442,1.89824e-19
518.468,2.05779e-19
518.494,2.16518e-19
518.52,1.96375e-19
518.546,1.96178e-19
518.572,2.0792e-19
518.598,2.27446e-19
518.624,2.1858e-19
518.65,2.03115e-19
518.676,2.06979e-19
518.702,1.89441e-19
518.728,1.72825e-19
518.754,1.56728e-19
518.779,1.64804e-19
518.805,1.77e-19
518.831,1.62154e-19
518.857,1.70172e-19
518.883,1.68848e-19
518.909,1.52713e-19
518.935,1.48736e-19
518.961,1.50711e-19
518.987,1.57234e-19
519.013,1.65334e-19
519.039,1.74683e-19
519.065,1.70812e-19
519.091,1.71355e-19
519.117,1.77779e-19
519.143,1.83353e-19
519.169,1.86588e-19
519.195,1.73664e-19
519.221,1.68253e-19
519.247,1.72349e-19
519.273,1.81532e-19
519.299,1.84309e-19
519.325,1.75553e-19
519.351,1.71351e-19
519.377,1.65331e-19
519.403,1.65736e-19
519.429,1.71047e-19
519.455,1.74371e-19
519.481,1.83352e-19
519.507,1.9186e-19
519.533,1.87548e-19
519.559,1.70968e-19
519.585,1.63149e-19
519.612,1.72433e-19
519.638,1.6854e-19
519.664,1.54036e-19
519.69,1.54529e-19
519.716,1.57308e-19
519.742,1.76457e-19
519.768,1.93639e-19
519.794,1.89537e-19
519.82,1.95951e-19
519.846,1.91474e-19
519.872,1.82435e-19
519.898,1.73164e-19
519.924,1.77832e-19
519.95,1.99986e-19
519.976,1.99481e-19
520.002,2.03682e-19
520.029,1.94332e-19
520.055,1.78235e-19
520.081,1.88564e-19
520.107,1.8499e-19
520.133,1.85522e-19
520.159,1.94211e-19
520.185,1.84939e-19
520.211,1.79383e-19
520.237,1.70898e-19
520.263,1.6372e-19
520.29,1.63476e-19
520.316,1.49926e-19
520.342,1.50295e-19
520.368,1.59108e-19
520.394,1.53697e-19
520.42,1.61513e-19
520.446,1.66444e-19
520.472,1.56292e-19
520.498,1.55675e-19
520.525,1.64937e-19
520.551,1.66629e-19
520.577,1.56524e-19
520.603,1.49923e-19
520.629,1.48458e-19
520.655,1.5209e-19
520.681,1.59613e-19
520.708,1.58263e-19
520.734,1.53547e-19
520.76,1.56447e-19
520.786,1.6172e-19
520.812,1.63678e-19
520.838,1.55682e-19
520.865,1.56351e-19
520.891,1.64811e-19
520.917,1.62855e-19
520.943,1.75426e-19
520.969,1.71523e-19
520.995,1.55482e-19
521.022,1.59372e-19
521.048,1.52508e-19
521.074,1.48178e-19
521.1,1.37886e-19
521.126,1.26015e-19
521.153,1.31393e-19
521.179,1.32337e-19
521.205,1.33312e-19
521.231,1.35367e-19
521.257,1.34537e-19
521.284,1.30232e-19
521.31,1.26011e-19
521.336,1.29437e-19
521.362,1.36283e-19
521.389,1.37464e-19
521.415,1.38498e-19
521.441,1.42353e-19
521.467,1.39961e-19
521.493,1.46726e-19
521.52,1.51584e-19
521.546,1.43322e-19
521.572,1.34994e-19
521.598,1.30434e-19
521.625,1.33614e-19
521.651,1.30465e-19
521.677,1.26146e-19
521.703,1.30437e-19
521.73,1.31285e-19
521.756,1.23724e-19
521.782,1.24766e-19
521.808,1.34324e-19
521.835,1.33591e-19
521.861,1.26965e-19
521.887,1.23831e-19
521.913,1.44365e-19
521.94,1.59738e-19
521.966,1.4096e-19
521.992,1.26173e-19
522.019,1.24756e-19
522.045,1.36621e-19
522.071,1.38474e-19
522.097,1.28226e-19
522.124,1.29275e-19
522.15,1.31525e-19
522.176,1.34795e-19
522.203,1.35109e-19
522.229,1.30289e-19
522.255,1.24729e-19
522.282,1.18782e-19
522.308,1.16044e-19
522.334,1.2062e-19
522.361,1.26484e-19
522.387,1.25626e-19
522.413,1.28535e-19
522.439,1.34644e-19
522.466,1.39695e-19
522.492,1.36807e-19
522.518,1.3189e-19
522.545,1.32579e-19
522.571,1.26485e-19
522.597,1.34181e-19
522.624,1.50752e-19
522.65,1.52244e-19
522.677,1.5098e-19
522.703,1.47201e-19
522.729,1.47952e-19
522.756,1.50024e-19
522.782,1.46536e-19
522.808,1.4749e-19
522.835,1.41298e-19
522.861,1.35752e-19
522.887,1.45458e-19
522.914,1.52484e-19
522.94,1.48539e-19
522.967,1.38982e-19
522.993,1.4344e-19
523.019,1.69616e-19
523.046,1.76538e-19
523.072,1.62803e-19
523.098,1.53901e-19
523.125,1.40487e-19
523.151,1.35823e-19
523.178,1.52425e-19
523.204,1.70937e-19
523.23,1.72866e-19
523.257,1.5758e-19
523.283,1.29091e-19
523.31,1.11081e-19
523.336,1.15444e-19
523.363,1.20938e-19
523.389,1.22467e-19
523.415,1.14096e-19
523.442,1.13084e-19
523.468,1.26143e-19
523.495,1.11716e-19
523.521,1.05093e-19
523.548,1.2423e-19
523.574,1.30635e-19
523.6,1.31498e-19
523.627,1.312e-19
523.653,1.29486e-19
523.68,1.2435e-19
523.706,1.21479e-19
523.733,1.29964e-19
523.759,1.37557e-19
523.786,1.36087e-19
523.812,1.22503e-19
523.839,1.2026e-19
523.865,1.21953e-19
523.891,1.24608e-19
523.918,1.47655e-19
523.944,1.46405e-19
523.971,1.34224e-19
523.997,1.33549e-19
524.024,1.29789e-19
524.05,1.37094e-19
524.077,1.32768e-19
524.103,1.26821e-19
524.13,1.31544e-19
524.156,1.36268e-19
524.183,1.50577e-19
524.209,1.55296e-19
524.236,1.53791e-19
524.262,1.5414e-19
524.289,1.4103e-19
524.315,1.31476e-19
524.342,1.46213e-19
524.368,1.57487e-19
524.395,1.48822e-19
524.422,1.45712e-19
524.448,1.4866e-19
524.475,1.61564e-19
524.501,1.69192e-19
524.528,1.55294e-19
524.554,1.48511e-19
524.581,1.66939e-19
524.607,1.77231e-19
524.634,1.63234e-19
524.66,1.72263e-19
524.687,1.72104e-19
524.713,1.71555e-19
524.74,2.03927e-19
524.767,2.03533e-19
524.793,2.02361e-19
524.82,2.2277e-19
524.846,2.27749e-19
524.873,2.333e-19
524.899,2.51519e-19
524.926,2.49119e-19
524.953,2.20735e-19
524.979,2.14885e-19
525.006,2.094e-19
525.032,2.06955e-19
525.059,2.18581e-19
525.086,2.20507e-19
525.112,2.26204e-19
525.139,2.29859e-19
525.165,2.28928e-19
525.192,2.26854e-19
525.219,2.41097e-19
525.245,2.49549e-19
525.272,2.33004e-19
525.298,2.3597e-19
525.325,2.45395e-19
525.352,2.4614e-19
525.378,2.50197e-19
525.405,2.60441e-19
525.432,2.41398e-19
525.458,2.19386e-19
525.485,2.39295e-19
525.511,2.30089e-19
525.538,2.08624e-19
525.565,2.13091e-19
525.591,2.01477e-19
525.618,1.96031e-19
525.645,1.974e-19
525.671,1.86118e-19
525.698,1.87659e-19
525.725,1.93104e-19
525.751,1.99159e-19
525.778,2.133e-19
525.805,2.01407e-19
525.831,1.94831e-19
525.858,2.15657e-19
525.885,2.15257e-19
525.911,2.11137e-19
525.938,2.27832e-19
525.965,2.36079e-19
525.991,2.17105e-19
526.018,1.92923e-19
526.045,1.93403e-19
526.071,1.96259e-19
526.098,1.86014e-19
526.125,1.90244e-19
526.151,1.99366e-19
526.178,2.03133e-19
526.205,2.12373e-19
526.232,2.22259e-19
526.258,2.20828e-19
526.285,2.11259e-19
526.312,2.19743e-19
526.338,2.25399e-19
526.365,2.13852e-19
526.392,2.05562e-19
526.419,2.02092e-19
526.445,2.13674e-19
526.472,2.24147e-19
526.499,2.21273e-19
526.526,2.07989e-19
526.552,2.10402e-19
526.579,2.33243e-19
526.606,2.27601e-19
526.633,2.14739e-19
526.659,2.06904e-19
526.686,2.01934e-19
526.713,2.04297e-19
526.74,1.90394e-19
526.766,1.76772e-19
526.793,1.7621e-19
526.82,1.72975e-19
526.847,1.74605e-19
526.873,1.9172e-19
526.9,1.81218e-19
526.927,1.59879e-19
526.954,1.62773e-19
526.981,1.55987e-19
527.007,1.52145e-19
527.034,1.58068e-19
527.061,1.54628e-19
527.088,1.44299e-19
527.115,1.32105e-19
527.141,1.2983e-19
527.168,1.40729e-19
527.195,1.44563e-19
527.222,1.42584e-19
527.249,1.56146e-19
527.275,1.56764e-19
527.302,1.5176e-19
527.329,1.53954e-19
527.356,1.56225e-19
527.383,1.70801e-19
527.41,1.63968e-19
527.436,1.58104e-19
527.463,1.72055e-19
527.49,1.82488e-19
527.517,1.84145e-19
527.544,1.63128e-19
527.571,1.62135e-19
527.597,1.83419e-19
527.624,1.76423e-19
527.651,1.74403e-19
527.678,1.85283e-19
527.705,1.69961e-19
527.732,1.7178e-19
527.759,1.85969e-19
527.785,1.87444e-19
527.812,1.9002e-19
527.839,1.65547e-19
527.866,1.69382e-19
527.893,1.94662e-19
527.92,1.90208e-19
527.947,1.83988e-19
527.974,1.82018e-19
528,1.97618e-19
528.027,1.85501e-19
528.054,1.71413e-19
528.081,1.80671e-19
528.108,1.74607e-19
528.135,1.80589e-19
528.162,1.75481e-19
528.189,1.63048e-19
528.216,1.55009e-19
528.243,1.51801e-19
528.269,1.72836e-19
528.296,1.85757e-19
528.323,1.66617e-19
528.35,1.55466e-19
528.377,1.73065e-19
528.404,1.63884e-19
528.431,1.59927e-19
528.458,1.59216e-19
528.485,1.3444e-19
528.512,1.50691e-19
528.539,1.57443e-19
528.566,1.51558e-19
528.593,1.59981e-19
528.62,1.5201e-19
528.647,1.55804e-19
528.674,1.49598e-19
528.701,1.38529e-19
528.728,1.42675e-19
528.754,1.38473e-19
528.781,1.34929e-19
528.808,1.4763e-19
528.835,1.5154e-19
528.862,1.41909e-19
528.889,1.42976e-19
528.916,1.3956e-19
528.943,1.42024e-19
528.97,1.43085e-19
528.997,1.34605e-19
529.024,1.43113e-19
529.051,1.40376e-19
529.078,1.37492e-19
529.105,1.50859e-19
529.132,1.44891e-19
529.159,1.3927e-19
529.186,1.46244e-19
529.213,1.42269e-19
529.24,1.41117e-19
529.267,1.48504e-19
529.294,1.50131e-19
529.321,1.46798e-19
529.348,1.42835e-19
529.375,1.43931e-19
529.402,1.5098e-19
529.43,1.52469e-19
529.457,1.35536e-19
529.484,1.24173e-19
529.511,1.20721e-19
529.538,1.09339e-19
529.565,1.14154e-19
529.592,1.24152e-19
529.619,1.25371e-19
529.646,1.28219e-19
529.673,1.2835e-19
529.7,1.29009e-19
529.727,1.29568e-19
529.754,1.25352e-19
529.781,1.34823e-19
529.808,1.60162e-19
529.835,1.46061e-19
529.862,1.33237e-19
529.89,1.49793e-19
529.917,1.41703e-19
529.944,1.47657e-19
529.971,1.54621e-19
529.998,1.40989e-19
530.025,1.39269e-19
530.052,1.38077e-19
530.079,1.3859e-19
530.106,1.38722e-19
530.133,1.60511e-19
530.161,1.67156e-19
530.188,1.50148e-19
530.215,1.66649e-19
530.242,1.55228e-19
530.269,1.46531e-19
530.296,1.69475e-19
530.323,1.65754e-19
530.35,1.66988e-19
530.378,1.6143e-19
530.405,1.48146e-19
530.432,1.50954e-19
530.459,1.5959e-19
530.486,1.73965e-19
530.513,1.69683e-19
530.54,1.5435e-19
530.567,1.37209e-19
530.595,1.28999e-19
530.622,1.2626e-19
530.649,1.21818e-19
530.676,1.37787e-19
530.703,1.36047e-19
530.73,1.26881e-19
530.758,1.29653e-19
530.785,1.27403e-19
530.812,1.33793e-19
530.839,1.31067e-19
530.866,1.29931e-19
530.894,1.3047e-19
530.921,1.39172e-19
530.948,1.55568e-19
530.975,1.42332e-19
531.002,1.3536e-19
531.029,1.40655e-19
531.057,1.43315e-19
531.084,1.39794e-19
531.111,1.34971e-19
531.138,1.42691e-19
531.166,1.48356e-19
531.193,1.52884e-19
531.22,1.47292e-19
531.247,1.42694e-19
531.274,1.45355e-19
531.302,1.4609e-19
531.329,1.54794e-19
531.356,1.49606e-19
531.383,1.37986e-19
531.411,1.30827e-19
531.438,1.26068e-19
531.465,1.35384e-19
531.492,1.38763e-19
531.52,1.40208e-19
531.547,1.44067e-19
531.574,1.32454e-19
531.601,1.34753e-19
531.629,1.5113e-19
531.656,1.56592e-19
531.683,1.51313e-19
531.71,1.41358e-19
531.738,1.47998e-19
531.765,1.51208e-19
531.792,1.42113e-19
531.819,1.38707e-19
531.847,1.37445e-19
531.874,1.42363e-19
531.901,1.3881e-19
531.929,1.34109e-19
531.956,1.34288e-19
531.983,1.36787e-19
532.011,1.43812e-19
532.038,1.39158e-19
532.065,1.37001e-19
532.092,1.40605e-19
532.12,1.38732e-19
532.147,1.34507e-19
532.174,1.41099e-19
532.202,1.58076e-19
532.229,1.6782e-19
532.256,1.58891e-19
532.284,1.40023e-19
532.311,1.3276e-19
532.338,1.32644e-19
532.366,1.54387e-19
532.393,1.70297e-19
532.42,1.57718e-19
532.448,1.48637e-19
532.475,1.37451e-19
532.502,1.58038e-19
532.53,1.65246e-19
532.557,1.42745e-19
532.584,1.67483e-19
532.612,1.91764e-19
532.639,1.77405e-19
532.667,1.52649e-19
532.694,1.38971e-19
532.721,1.40372e-19
532.749,1.50612e-19
532.776,1.56853e-19
532.803,1.45865e-19
532.831,1.43758e-19
532.858,1.41928e-19
532.886,1.33897e-19
532.913,1.34395e-19
532.94,1.3751e-19
532.968,1.33397e-19
532.995,1.2483e-19
533.023,1.24919e-19
533.05,1.28063e-19
533.077,1.32731e-19
533.105,1.32376e-19
533.132,1.33697e-19
533.16,1.4496e-19
533.187,1.49822e-19
533.214,1.50385e-19
533.242,1.52858e-19
533.269,1.55855e-19
533.297,1.44112e-19
533.324,1.3398e-19
533.352,1.35044e-19
533.379,1.26704e-19
533.407,1.2376e-19
533.434,1.19994e-19
533.461,1.15768e-19
533.489,1.16634e-19
533.516,1.03269e-19
533.544,9.45604e-20
533.571,9.89528e-20
533.599,1.04716e-19
533.626,1.08337e-19
533.654,1.12129e-19
533.681,1.12571e-19
533.709,1.05427e-19
533.736,1.12236e-19
533.764,1.132e-19
533.791,1.05251e-19
533.818,1.13493e-19
533.846,1.09775e-19
533.873,1.08594e-19
533.901,1.12426e-19
533.928,1.06467e-19
533.956,1.14483e-19
533.983,1.28094e-19
534.011,1.38523e-19
534.038,1.37647e-19
534.066,1.27661e-19
534.093,1.2021e-19
534.121,1.15489e-19
534.149,1.0732e-19
534.176,1.02349e-19
534.204,1.07468e-19
534.231,1.0073e-19
534.259,1.04375e-19
534.286,1.08698e-19
534.314,1.07051e-19
534.341,1.24276e-19
534.369,1.19702e-19
534.396,1.17275e-19
534.424,1.26852e-19
534.451,1.19744e-19
534.479,1.14619e-19
534.507,1.0591e-19
534.534,9.64594e-20
534.562,9.6817e-20
534.589,9.56749e-20
534.617,9.14149e-20
534.644,1.06427e-19
534.672,1.13268e-19
534.7,9.54056e-20
534.727,9.05833e-20
534.755,9.49155e-20
534.782,9.90593e-20
534.81,9.39956e-20
534.837,9.51919e-20
534.865,1.03238e-19
534.893,9.6608e-20
534.92,9.21023e-20
534.948,8.85845e-20
534.975,8.62014e-20
535.003,8.3389e-20
535.031,7.81746e-20
535.058,7.33603e-20
535.086,7.1779e-20
535.114,7.29213e-20
535.141,6.57393e-20
535.169,6.51617e-20
535.196,6.10144e-20
535.224,5.53138e-20
535.252,6.34723e-20
535.279,6.38407e-20
535.307,6.19893e-20
535.335,6.54151e-20
535.362,6.51936e-20
535.39,6.39452e-20
535.417,6.84571e-20
535.445,6.5402e-20
535.473,5.79611e-20
535.5,6.43949e-20
535.528,6.69131e-20
535.556,6.7919e-20
535.583,7.19445e-20
535.611,7.36596e-20
535.639,7.57313e-20
535.666,7.34815e-20
535.694,7.29944e-20
535.722,6.85787e-20
535.75,6.52421e-20
535.777,6.74824e-20
535.805,7.14742e-20
535.833,7.1165e-20
535.86,6.27694e-20
535.888,6.88916e-20
535.916,7.02244e-20
535.943,6.12693e-20
535.971,7.08339e-20
535.999,7.73589e-20
536.027,6.99755e-20
536.054,7.1786e-20
536.082,8.61633e-20
536.11,9.21297e-20
536.137,9.04441e-20
536.165,9.23883e-20
536.193,9.41158e-20
536.221,9.31429e-20
536.248,8.35486e-20
536.276,7.54912e-20
536.304,7.37689e-20
536.332,7.49378e-20
536.359,8.05009e-20
536.387,8.70717e-20
536.415,9.17581e-20
536.443,9.18616e-20
536.47,9.38595e-20
536.498,9.01329e-20
536.526,8.1382e-20
536.554,7.91169e-20
536.581,7.4886e-20
536.609,7.42987e-20
536.637,7.30293e-20
536.665,6.69046e-20
536.692,7.11954e-20
536.72,7.55262e-20
536.748,7.09226e-20
536.776,6.72539e-20
536.804,6.67662e-20
536.831,6.46258e-20
536.859,6.34913e-20
536.887,6.99248e-20
536.915,7.41111e-20
536.943,7.13643e-20
536.97,6.89285e-20
536.998,7.07059e-20
537.026,6.96484e-20
537.054,6.27712e-20
537.082,6.61977e-20
537.11,7.03845e-20
537.137,7.40054e-20
537.165,8.13774e-20
537.193,7.66777e-20
537.221,7.85002e-20
537.249,8.12817e-20
537.277,7.3768e-20
537.304,7.36606e-20
537.332,7.66965e-20
537.36,7.55592e-20
537.388,7.11081e-20
537.416,6.74101e-20
537.444,6.66864e-20
537.472,7.19844e-20
537.499,7.50052e-20
537.527,7.62125e-20
537.555,7.70599e-20
537.583,7.00806e-20
537.611,6.91655e-20
537.639,6.93184e-20
537.667,7.98845e-20
537.695,9.29042e-20
537.722,7.65337e-20
537.75,6.60301e-20
537.778,7.16521e-20
537.806,7.49051e-20
537.834,7.93445e-20
537.862,8.09574e-20
537.89,8.11436e-20
537.918,9.62346e-20
537.946,1.14165e-19
537.974,1.1527e-19
538.001,1.17339e-19
538.029,1.22023e-19
538.057,1.26188e-19
538.085,1.26061e-19
538.113,1.12042e-19
538.141,1.02728e-19
538.169,1.01574e-19
538.197,1.03885e-19
538.225,1.15442e-19
538.253,1.16006e-19
538.281,1.07899e-19
538.309,1.18393e-19
538.337,1.24072e-19
538.365,1.31409e-19
538.393,1.51603e-19
538.421,1.44679e-19
538.449,1.3972e-19
538.477,1.48728e-19
538.505,1.47347e-19
538.532,1.39832e-19
538.56,1.29813e-19
538.588,1.31636e-19
538.616,1.26692e-19
538.644,1.16089e-19
538.672,1.24599e-19
538.7,1.28462e-19
538.728,1.20196e-19
538.756,1.11478e-19
538.784,1.07498e-19
538.812,1.09483e-19
538.84,1.05194e-19
538.868,1.03595e-19
538.896,1.20918e-19
538.924,1.31511e-19
538.952,1.23236e-19
538.98,1.28454e-19
539.008,1.2356e-19
539.037,1.07893e-19
539.065,1.16078e-19
539.093,1.20337e-19
539.121,1.35051e-19
539.149,1.53644e-19
539.177,1.37487e-19
539.205,1.33285e-19
539.233,1.4004e-19
539.261,1.36564e-19
539.289,1.25431e-19
539.317,1.18948e-19
539.345,1.43402e-19
539.373,1.54007e-19
539.401,1.22313e-19
539.429,1.07721e-19
539.457,1.12478e-19
539.485,1.03143e-19
539.513,9.24145e-20
539.541,9.48353e-20
539.57,1.02724e-19
539.598,1.03741e-19
539.626,9.5032e-20
539.654,8.93947e-20
539.682,9.62997e-20
539.71,1.02448e-19
539.738,1.00244e-19
539.766,1.04022e-19
539.794,9.39715e-20
539.822,8.18846e-20
539.851,8.80041e-20
539.879,8.60736e-20
539.907,8.83856e-20
539.935,8.99116e-20
539.963,8.57172e-20
539.991,9.161e-20
540.019,9.01461e-20
540.047,8.48797e-20
540.075,8.15322e-20
540.104,7.92592e-20
540.132,7.62323e-20
540.16,7.09172e-20
540.188,6.67901e-20
540.216,6.41587e-20
540.244,6.98086e-20
540.273,7.32601e-20
540.301,6.96064e-20
540.329,6.60999e-20
540.357,6.41221e-20
540.385,6.65488e-20
540.413,6.51118e-20
540.441,5.9942e-20
540.47,5.94874e-20
540.498,5.93252e-20
540.526,5.69182e-20
540.554,5.51606e-20
540.582,5.58548e-20
540.611,5.99906e-20
540.639,6.03991e-20
540.667,5.84788e-20
540.695,6.24119e-20
540.723,6.30737e-20
540.752,5.89028e-20
540.78,6.04884e-20
540.808,6.83772e-20
540.836,7.07503e-20
540.864,6.47369e-20
540.893,6.61204e-20
540.921,6.80766e-20
540.949,6.56059e-20
540.977,7.1457e-20
541.006,7.3986e-20
541.034,7.35836e-20
541.062,7.39873e-20
541.09,7.13874e-20
541.118,7.47006e-20
541.147,7.66505e-20
541.175,8.15138e-20
541.203,9.04943e-20
541.231,9.19912e-20
541.26,8.77029e-20
541.288,8.084e-20
541.316,7.97107e-20
541.345,7.67889e-20
541.373,8.14453e-20
541.401,9.5072e-20
541.429,9.3271e-20
541.458,9.51444e-20
541.486,9.55863e-20
541.514,9.52448e-20
541.542,1.19166e-19
541.571,1.31803e-19
541.599,1.31258e-19
541.627,1.33506e-19
541.656,1.2372e-19
541.684,1.20754e-19
541.712,1.17989e-19
541.741,1.24093e-19
541.769,1.44966e-19
541.797,1.3893e-19
541.825,1.29471e-19
541.854,1.28858e-19
541.882,1.18341e-19
541.91,1.14981e-19
541.939,1.17317e-19
541.967,1.18684e-19
541.995,1.29132e-19
542.024,1.46859e-19
542.052,1.50148e-19
542.08,1.39502e-19
542.109,1.28636e-19
542.137,1.20863e-19
542.166,1.29941e-19
542.194,1.48365e-19
542.222,1.59892e-19
542.251,1.62721e-19
542.279,1.5066e-19
542.307,1.38937e-19
542.336,1.46763e-19
542.364,1.58764e-19
542.392,1.49492e-19
542.421,1.41471e-19
542.449,1.46869e-19
542.478,1.36781e-19
542.506,1.27253e-19
542.534,1.29175e-19
542.563,1.30547e-19
542.591,1.28881e-19
542.62,1.24989e-19
542.648,1.32642e-19
542.676,1.30727e-19
542.705,1.29955e-19
542.733,1.40933e-19
542.762,1.45884e-19
542.79,1.54445e-19
542.818,1.41182e-19
542.847,1.40511e-19
542.875,1.57944e-19
542.904,1.43415e-19
542.932,1.33769e-19
542.961,1.42325e-19
542.989,1.40727e-19
543.017,1.31167e-19
543.046,1.43035e-19
543.074,1.57308e-19
543.103,1.66456e-19
543.131,1.71568e-19
543.16,1.56701e-19
543.188,1.45008e-19
543.217,1.35852e-19
543.245,1.44395e-19
543.274,1.32243e-19
543.302,1.20405e-19
543.33,1.4556e-19
543.359,1.43336e-19
543.387,1.41478e-19
543.416,1.34175e-19
543.444,1.3285e-19
543.473,1.48875e-19
543.501,1.45823e-19
543.53,1.48436e-19
543.558,1.3648e-19
543.587,1.42176e-19
543.615,1.45008e-19
543.644,1.29653e-19
543.672,1.39363e-19
543.701,1.26703e-19
543.729,1.21856e-19
543.758,1.29873e-19
543.786,1.25978e-19
543.815,1.26934e-19
543.844,1.18727e-19
543.872,1.1601e-19
543.901,1.15138e-19
543.929,1.11576e-19
543.958,1.12106e-19
543.986,1.16805e-19
544.015,1.27378e-19
544.043,1.23233e-19
544.072,1.18315e-19
544.1,1.25291e-19
544.129,1.26916e-19
544.158,1.25169e-19
544.186,1.20523e-19
544.215,1.13134e-19
544.243,1.06653e-19
544.272,1.04446e-19
544.3,1.07209e-19
544.329,1.06008e-19
544.358,1.08373e-19
544.386,1.13671e-19
544.415,1.09062e-19
544.443,1.05289e-19
544.472,1.09661e-19
544.5,1.15385e-19
544.529,1.19426e-19
544.558,1.23315e-19
544.586,1.21276e-19
544.615,1.15907e-19
544.644,1.19321e-19
544.672,1.27334e-19
544.701,1.35906e-19
544.729,1.35267e-19
544.758,1.2247e-19
544.787,1.23319e-19
544.815,1.27299e-19
544.844,1.24137e-19
544.872,1.36707e-19
544.901,1.42595e-19
544.93,1.40603e-19
544.958,1.45631e-19
544.987,1.38498e-19
545.016,1.38516e-19
545.044,1.5137e-19
545.073,1.71999e-19
545.102,1.85389e-19
545.13,1.73169e-19
545.159,1.73715e-19
545.188,1.78806e-19
545.216,1.6984e-19
545.245,1.52986e-19
545.274,1.49148e-19
545.302,1.72375e-19
545.331,1.62621e-19
545.36,1.36766e-19
545.388,1.37085e-19
545.417,1.41444e-19
545.446,1.42902e-19
545.475,1.32552e-19
545.503,1.26623e-19
545.532,1.34194e-19
545.561,1.44022e-19
545.589,1.43871e-19
545.618,1.30772e-19
545.647,1.24599e-19
545.676,1.195e-19
545.704,1.20321e-19
545.733,1.21065e-19
545.762,1.14771e-19
545.79,1.11998e-19
545.819,1.04433e-19
545.848,1.08999e-19
545.877,1.17088e-19
545.905,1.1428e-19
545.934,1.13693e-19
545.963,1.08645e-19
545.992,1.06415e-19
546.02,1.12999e-19
546.049,1.21108e-19
546.078,1.19689e-19
546.107,1.10237e-19
546.135,1.09822e-19
546.164,1.14759e-19
546.193,1.21476e-19
546.222,1.29177e-19
546.251,1.25042e-19
546.279,1.15202e-19
546.308,1.13435e-19
546.337,1.16426e-19
546.366,1.09459e-19
546.394,1.01635e-19
546.423,1.01386e-19
546.452,9.17938e-20
546.481,8.93624e-20
546.51,8.72648e-20
546.539,8.25179e-20
546.567,9.63054e-20
546.596,9.21819e-20
546.625,8.37897e-20
546.654,9.12449e-20
546.683,9.26884e-20
546.711,9.74238e-20
546.74,1.02335e-19
546.769,9.39079e-20
546.798,8.0868e-20
546.827,8.40637e-20
546.856,8.95354e-20
546.884,9.82283e-20
546.913,1.11553e-19
546.942,1.04332e-19
546.971,1.03849e-19
547,1.0938e-19
547.029,1.05854e-19
547.058,9.76333e-20
547.086,9.05771e-20
547.115,9.29403e-20
547.144,1.02995e-19
547.173,1.30695e-19
547.202,1.49544e-19
547.231,1.42884e-19
547.26,1.40399e-19
547.289,1.38635e-19
547.318,1.33571e-19
547.346,1.35794e-19
547.375,1.26611e-19
547.404,1.17214e-19
547.433,1.29938e-19
547.462,1.25308e-19
547.491,1.20357e-19
547.52,1.31404e-19
547.549,1.30603e-19
547.578,1.3948e-19
547.607,1.39532e-19
547.636,1.23916e-19
547.664,1.32808e-19
547.693,1.48263e-19
547.722,1.45626e-19
547.751,1.47265e-19
547.78,1.45129e-19
547.809,1.28676e-19
547.838,1.21332e-19
547.867,1.23507e-19
547.896,1.30418e-19
547.925,1.31932e-19
547.954,1.31186e-19
547.983,1.26963e-19
548.012,1.15295e-19
548.041,1.22036e-19
548.07,1.22949e-19
548.099,1.16164e-19
548.128,1.25482e-19
548.157,1.26932e-19
548.186,1.31991e-19
548.215,1.32444e-19
548.244,1.17811e-19
548.273,1.20198e-19
548.302,1.1927e-19
548.331,1.13422e-19
548.36,1.13579e-19
548.389,1.04623e-19
548.418,1.07882e-19
548.447,1.11059e-19
548.476,1.02149e-19
548.505,1.01239e-19
548.534,1.03065e-19
548.563,1.15313e-19
548.592,1.29975e-19
548.621,1.36295e-19
548.65,1.41603e-19
548.679,1.34864e-19
548.708,1.25754e-19
548.737,1.22931e-19
548.766,1.19366e-19
548.795,1.21726e-19
548.824,1.29351e-19
548.853,1.21596e-19
548.882,1.12984e-19
548.911,1.1957e-19
548.94,1.13687e-19
548.97,1.12436e-19
548.999,1.28769e-19
549.028,1.38673e-19
549.057,1.46743e-19
549.086,1.44106e-19
549.115,1.39887e-19
549.144,1.43414e-19
549.173,1.37602e-19
549.202,1.41779e-19
549.231,1.55334e-19
549.26,1.50473e-19
549.289,1.41686e-19
549.319,1.40134e-19
549.348,1.28501e-19
549.377,1.21873e-19
549.406,1.24702e-19
549.435,1.23474e-19
549.464,1.26199e-19
549.493,1.21152e-19
549.522,1.14095e-19
549.551,1.17022e-19
549.581,1.19012e-19
549.61,1.163e-19
549.639,1.13908e-19
549.668,1.16656e-19
549.697,1.18964e-19
549.726,1.16391e-19
549.755,1.00507e-19
549.785,9.44319e-20
549.814,1.04009e-19
549.843,9.89726e-20
549.872,9.58035e-20
549.901,1.00665e-19
549.93,1.00451e-19
549.96,9.29012e-20
549.989,8.77962e-20
550.018,9.32238e-20
550.047,9.61107e-20
550.076,9.73262e-20
550.106,9.66703e-20
550.135,9.4789e-20
550.164,9.72599e-20
550.193,9.63323e-20
550.222,8.96218e-20
550.252,8.79433e-20
550.281,8.90206e-20
550.31,8.75059e-20
550.339,9.10906e-20
550.368,9.13838e-20
550.398,9.21429e-20
550.427,9.46428e-20
550.456,9.09991e-20
550.485,8.89438e-20
550.514,8.43919e-20
550.544,8.39198e-20
550.573,8.88452e-20
550.602,8.65297e-20
550.631,8.31713e-20
550.661,8.36123e-20
550.69,8.36937e-20
550.719,8.57901e-20
550.748,8.56276e-20
550.778,8.31788e-20
550.807,8.7904e-20
550.836,8.90699e-20
550.866,8.49193e-20
550.895,8.38492e-20
550.924,8.67393e-20
550.953,8.4496e-20
550.983,7.31582e-20
551.012,7.20141e-20
551.041,7.29122e-20
551.07,6.77779e-20
551.1,6.78268e-20
551.129,6.96464e-20
551.158,7.19109e-20
551.188,7.24342e-20
551.217,7.26691e-20
551.246,7.49293e-20
551.276,7.35993e-20
551.305,7.18617e-20
551.334,7.37365e-20
551.364,7.13946e-20
551.393,6.7582e-20
551.422,7.05536e-20
551.452,7.29352e-20
551.481,7.35919e-20
551.51,7.66586e-20
551.54,8.01195e-20
551.569,8.14411e-20
551.598,8.13294e-20
551.628,7.95433e-20
551.657,7.59827e-20
551.686,7.69517e-20
551.716,7.89916e-20
551.745,8.13078e-20
551.774,8.17497e-20
551.804,7.87202e-20
551.833,8.47971e-20
551.862,8.51858e-20
551.892,7.94421e-20
551.921,8.5012e-20
551.951,8.40403e-20
551.98,7.9342e-20
552.009,8.16657e-20
552.039,8.01872e-20
552.068,7.93482e-20
552.098,8.07487e-20
552.127,7.93124e-20
552.156,8.30518e-20
552.186,8.45556e-20
552.215,8.20375e-20
552.245,9.56227e-20
552.274,1.0403e-19
552.303,9.68688e-20
552.333,1.00971e-19
552.362,1.12248e-19
552.392,1.15526e-19
552.421,1.05495e-19
552.451,9.643e-20
552.48,9.17516e-20
552.51,9.08404e-20
552.539,9.58079e-20
552.568,9.57242e-20
552.598,9.58851e-20
552.627,9.40183e-20
552.657,9.00623e-20
552.686,8.88618e-20
552.716,9.50635e-20
552.745,1.0274e-19
552.775,9.83106e-20
552.804,9.37659e-20
552.834,8.86117e-20
552.863,9.73661e-20
552.893,1.20293e-19
552.922,1.3877e-19
552.952,1.51319e-19
552.981,1.44403e-19
553.011,1.31795e-19
553.04,1.12703e-19
553.07,1.02266e-19
553.099,1.10339e-19
553.129,1.18893e-19
553.158,1.29153e-19
553.188,1.25695e-19
553.217,1.37117e-19
553.247,1.45032e-19
553.276,1.17324e-19
553.306,1.13207e-19
553.335,1.15345e-19
553.365,1.08342e-19
553.394,1.11022e-19
553.424,1.10559e-19
553.453,1.03728e-19
553.483,9.1443e-20
553.512,8.55409e-20
553.542,8.24603e-20
553.572,8.20127e-20
553.601,8.91499e-20
553.631,8.92093e-20
553.66,8.27322e-20
553.69,8.29118e-20
553.719,9.25257e-20
553.749,9.14397e-20
553.779,9.11922e-20
553.808,1.02999e-19
553.838,1.00302e-19
553.867,9.4178e-20
553.897,9.31382e-20
553.927,9.80922e-20
553.956,1.06832e-19
553.986,9.63082e-20
554.015,8.32596e-20
554.045,8.63915e-20
554.075,8.93514e-20
554.104,8.78949e-20
554.134,9.22738e-20
554.163,9.53502e-20
554.193,9.3186e-20
554.223,8.7486e-20
554.252,8.50259e-20
554.282,8.62828e-20
554.312,7.89949e-20
554.341,7.7873e-20
554.371,8.43465e-20
554.4,8.50674e-20
554.43,8.30863e-20
554.46,8.14701e-20
554.489,7.86655e-20
554.519,7.84474e-20
554.549,8.23706e-20
554.578,7.57774e-20
554.608,7.53249e-20
554.638,7.67455e-20
554.667,6.66992e-20
554.697,6.87413e-20
554.727,6.71251e-20
554.756,6.44834e-20
554.786,6.71734e-20
554.816,5.97494e-20
554.846,5.82873e-20
554.875,6.36131e-20
554.905,6.52703e-20
554.935,6.04853e-20
554.964,5.55241e-20
554.994,5.777e-20
555.024,5.94596e-20
555.053,5.66191e-20
555.083,5.87831e-20
555.113,6.16593e-20
555.143,5.70814e-20
555.172,6.40682e-20
555.202,7.23951e-20
555.232,6.34485e-20
555.262,5.71498e-20
555.291,5.73128e-20
555.321,5.74842e-20
555.351,5.46329e-20
555.381,5.29898e-20
555.41,5.93494e-20
555.44,6.32235e-20
555.47,5.83413e-20
555.5,5.37832e-20
555.529,5.38167e-20
555.559,5.24544e-20
555.589,5.07662e-20
555.619,4.90414e-20
555.648,4.55858e-20
555.678,4.46688e-20
555.708,4.4853e-20
555.738,4.47326e-20
555.768,4.51849e-20
555.797,5.02502e-20
555.827,5.25095e-20
555.857,4.98918e-20
555.887,5.21802e-20
555.917,4.92965e-20
555.946,4.43476e-20
555.976,4.34237e-20
556.006,4.38792e-20
556.036,4.54421e-20
556.066,4.4636e-20
556.096,4.70846e-20
556.125,5.00829e-20
556.155,5.05155e-20
556.185,5.05288e-20
556.215,5.22371e-20
556.245,5.46509e-20
556.275,5.8218e-20
556.304,6.06254e-20
556.334,5.49337e-20
556.364,5.12357e-20
556.394,4.85853e-20
556.424,5.79963e-20
556.454,7.16176e-20
556.484,6.33536e-20
556.513,5.62514e-20
556.543,5.79634e-20
556.573,6.44637e-20
556.603,6.50087e-20
556.633,6.00628e-20
556.663,5.80829e-20
556.693,5.35679e-20
556.723,5.4698e-20
556.753,5.32684e-20
556.782,5.12805e-20
556.812,4.9416e-20
556.842,5.16557e-20
556.872,5.69067e-20
556.902,5.07978e-20
556.932,5.79256e-20
556.962,6.5091e-20
556.992,5.87306e-20
557.022,5.88615e-20
557.052,5.69118e-20
557.082,5.42511e-20
557.112,5.56675e-20
557.141,5.29125e-20
557.171,5.11025e-20
557.201,5.57996e-20
557.231,5.33422e-20
557.261,5.25621e-20
557.291,5.60822e-20
557.321,4.96707e-20
557.351,4.86027e-20
557.381,5.60214e-20
557.411,6.53237e-20
557.441,6.68196e-20
557.471,5.5998e-20
557.501,5.01372e-20
557.531,5.07141e-20
557.561,4.9589e-20
557.591,5.07067e-20
557.621,5.57741e-20
557.651,5.78779e-20
557.681,5.73015e-20
557.711,5.53276e-20
557.741,5.57153e-20
557.771,5.65138e-20
557.801,5.44587e-20
557.831,5.72964e-20
557.861,6.02177e-20
557.891,6.45377e-20
557.921,6.62352e-20
557.951,6.04762e-20
557.981,5.98678e-20
558.011,6.13492e-20
558.041,6.55433e-20
558.071,7.15632e-20
558.101,7.28961e-20
558.131,7.26965e-20
558.161,7.04314e-20
558.191,6.81483e-20
558.221,6.4892e-20
558.252,6.06868e-20
558.282,5.9786e-20
558.312,6.18062e-20
558.342,6.30835e-20
558.372,6.21926e-20
558.402,6.26173e-20
558.432,6.10622e-20
558.462,5.68379e-20
558.492,5.49506e-20
558.522,5.4181e-20
558.552,5.28731e-20
558.582,5.35381e-20
558.612,5.48988e-20
558.643,5.48458e-20
558.673,5.82599e-20
558.703,5.50938e-20
558.733,4.74277e-20
558.763,5.07703e-20
558.793,5.13366e-20
558.823,5.09756e-20
558.853,5.52005e-20
558.884,5.38659e-20
558.914,5.61934e-20
558.944,5.66921e-20
558.974,5.0592e-20
559.004,4.89878e-20
559.034,4.60852e-20
559.064,4.26736e-20
559.094,4.35242e-20
559.125,4.10037e-20
559.155,3.86582e-20
559.185,4.12085e-20
559.215,4.05958e-20
559.245,3.73865e-20
559.275,3.65383e-20
559.306,3.70762e-20
559.336,3.92776e-20
559.366,4.00662e-20
559.396,4.17193e-20
559.426,4.71003e-20
559.457,4.77292e-20
559.487,4.9054e-20
559.517,5.17351e-20
559.547,4.82695e-20
559.577,4.84701e-20
559.608,4.62741e-20
559.638,4.17733e-20
559.668,4.47945e-20
559.698,4.58852e-20
559.728,4.64424e-20
559.759,4.43828e-20
559.789,4.03288e-20
559.819,4.13523e-20
559.849,3.94197e-20
559.88,4.04312e-20
559.91,4.25834e-20
559.94,4.25791e-20
559.97,4.87801e-20
560,5.39249e-20
560.031,5.92679e-20
560.061,5.89934e-20
560.091,5.52309e-20
560.122,5.73708e-20
560.152,5.41679e-20
560.182,5.02428e-20
560.212,4.58606e-20
560.243,4.54987e-20
560.273,4.54562e-20
560.303,4.20595e-20
560.333,5.37862e-20
560.364,6.47748e-20
560.394,6.35438e-20
560.424,5.61317e-20
560.455,5.55079e-20
560.485,5.96353e-20
560.515,5.48042e-20
560.545,5.57541e-20
560.576,5.15793e-20
560.606,5.02631e-20
560.636,5.53244e-20
560.667,5.43865e-20
560.697,5.72172e-20
560.727,5.27394e-20
560.758,5.78109e-20
560.788,6.24935e-20
560.818,5.44495e-20
560.849,6.07349e-20
560.879,5.7105e-20
560.909,4.81027e-20
560.94,5.30831e-20
560.97,5.35335e-20
561,5.72969e-20
561.031,6.41565e-20
561.061,6.26208e-20
561.092,6.54529e-20
561.122,6.92172e-20
561.152,6.952e-20
561.183,6.29131e-20
561.213,5.30785e-20
561.243,6.3663e-20
561.274,7.04612e-20
561.304,5.75998e-20
561.335,5.43092e-20
561.365,5.61214e-20
561.395,5.29711e-20
561.426,5.6329e-20
561.456,6.21591e-20
561.487,6.14189e-20
561.517,6.3801e-20
561.547,6.36747e-20
561.578,6.40165e-20
561.608,6.7329e-20
561.639,6.45708e-20
561.669,6.74446e-20
561.7,7.01601e-20
561.73,6.89799e-20
561.76,6.34951e-20
561.791,6.38702e-20
561.821,7.24179e-20
561.852,6.27272e-20
561.882,5.50827e-20
561.913,6.17353e-20
561.943,6.76191e-20
561.974,6.47975e-20
562.004,5.71032e-20
562.035,5.73272e-20
562.065,5.95419e-20
562.095,6.13231e-20
562.126,5.72611e-20
562.156,5.75536e-20
562.187,6.59697e-20
562.217,5.98022e-20
562.248,5.37596e-20
562.278,5.67657e-20
562.309,5.84689e-20
562.339,5.92065e-20
562.37,5.95254e-20
562.4,5.98411e-20
562.431,5.91346e-20
562.461,5.79556e-20
562.492,6.00061e-20
562.522,7.1283e-20
562.553,8.168e-20
562.584,8.07386e-20
562.614,8.04536e-20
562.645,7.76525e-20
562.675,6.71036e-20
562.706,7.12637e-20
562.736,8.30228e-20
562.767,7.72644e-20
562.797,7.52016e-20
562.828,7.66838e-20
562.858,7.22193e-20
562.889,7.86816e-20
562.92,8.58269e-20
562.95,9.057e-20
562.981,9.15978e-20
563.011,7.93976e-20
563.042,7.48814e-20
563.072,7.70947e-20
563.103,7.1779e-20
563.134,7.44369e-20
563.164,8.23159e-20
563.195,8.03556e-20
563.225,8.1458e-20
563.256,9.01755e-20
563.287,9.38625e-20
563.317,9.15799e-20
563.348,9.3737e-20
563.378,9.66569e-20
563.409,9.91889e-20
563.44,1.14856e-19
563.47,1.23245e-19
563.501,1.11975e-19
563.532,1.08981e-19
563.562,1.12251e-19
563.593,1.16731e-19
563.623,1.27162e-19
563.654,1.32944e-19
563.685,1.52504e-19
563.715,1.65061e-19
563.746,1.41998e-19
563.777,1.39011e-19
563.807,1.40484e-19
563.838,1.23374e-19
563.869,1.13749e-19
563.899,1.02774e-19
563.93,8.75051e-20
563.961,8.56987e-20
563.991,1.1153e-19
564.022,1.11586e-19
564.053,8.59667e-20
564.083,8.85931e-20
564.114,9.11367e-20
564.145,8.85668e-20
564.176,9.56216e-20
564.206,1.12947e-19
564.237,1.23665e-19
564.268,1.29218e-19
564.298,1.45047e-19
564.329,1.54979e-19
564.36,1.60404e-19
564.39,1.42893e-19
564.421,1.36459e-19
564.452,1.38343e-19
564.483,1.2896e-19
564.513,1.40748e-19
564.544,1.29673e-19
564.575,1.33144e-19
564.606,1.51286e-19
564.636,1.2973e-19
564.667,1.28236e-19
564.698,1.31921e-19
564.729,1.25066e-19
564.759,1.2198e-19
564.79,1.13243e-19
564.821,1.08318e-19
564.852,9.89009e-20
564.883,1.00946e-19
564.913,1.20419e-19
564.944,1.17623e-19
564.975,1.01806e-19
565.006,9.6516e-20
565.036,9.30168e-20
565.067,9.63231e-20
565.098,9.52982e-20
565.129,9.01363e-20
565.16,9.60918e-20
565.19,9.58367e-20
565.221,9.46388e-20
565.252,9.44387e-20
565.283,8.97434e-20
565.314,9.2261e-20
565.345,9.33041e-20
565.375,9.72269e-20
565.406,1.06174e-19
565.437,1.03391e-19
565.468,9.62193e-20
565.499,9.60831e-20
565.53,9.81524e-20
565.56,9.30565e-20
565.591,9.2421e-20
565.622,9.82795e-20
565.653,9.03452e-20
565.684,8.62951e-20
565.715,8.80134e-20
565.746,7.98522e-20
565.777,7.43991e-20
565.807,6.50762e-20
565.838,5.75229e-20
565.869,6.0583e-20
565.9,5.91766e-20
565.931,5.58074e-20
565.962,5.81976e-20
565.993,6.17496e-20
566.024,6.00549e-20
566.055,5.46266e-20
566.085,5.24851e-20
566.116,5.3909e-20
566.147,5.0632e-20
566.178,4.63191e-20
566.209,4.57315e-20
566.24,4.52419e-20
566.271,4.80402e-20
566.302,4.55245e-20
566.333,4.11738e-20
566.364,4.14335e-20
566.395,4.01399e-20
566.426,4.56879e-20
566.457,4.68933e-20
566.488,4.58534e-20
566.519,5.21262e-20
566.549,4.77311e-20
566.58,5.03699e-20
566.611,5.87978e-20
566.642,5.49904e-20
566.673,5.43836e-20
566.704,5.00136e-20
566.735,4.66049e-20
566.766,4.90498e-20
566.797,5.09575e-20
566.828,5.27116e-20
566.859,4.51557e-20
566.89,4.32863e-20
566.921,4.60197e-20
566.952,4.64695e-20
566.983,4.82508e-20
567.014,4.53579e-20
567.045,4.37287e-20
567.076,4.19547e-20
567.107,4.6678e-20
567.138,4.72153e-20
567.169,4.40836e-20
567.2,5.04253e-20
567.231,5.07585e-20
567.262,5.97025e-20
567.294,7.33352e-20
567.325,8.07365e-20
567.356,8.06065e-20
567.387,7.2097e-20
567.418,7.16777e-20
567.449,6.61233e-20
567.48,6.41257e-20
567.511,6.7644e-20
567.542,7.05231e-20
567.573,7.15081e-20
567.604,6.49226e-20
567.635,7.29619e-20
567.666,7.45098e-20
567.697,7.10961e-20
567.728,7.53745e-20
567.76,7.14779e-20
567.791,7.96076e-20
567.822,8.25663e-20
567.853,7.73749e-20
567.884,8.10635e-20
567.915,7.73778e-20
567.946,7.67401e-20
567.977,7.70216e-20
568.008,7.14905e-20
568.039,8.00828e-20
568.071,9.29514e-20
568.102,9.18736e-20
568.133,8.8444e-20
568.164,9.15867e-20
568.195,9.87888e-20
568.226,9.30224e-20
568.257,9.02449e-20
568.289,9.9638e-20
568.32,8.65405e-20
568.351,7.65905e-20
568.382,7.87365e-20
568.413,7.83991e-20
568.444,8.00984e-20
568.476,7.174e-20
568.507,6.94876e-20
568.538,6.6433e-20
568.569,6.9025e-20
568.6,8.24977e-20
568.631,7.19343e-20
568.663,6.40931e-20
568.694,6.19e-20
568.725,5.53432e-20
568.756,5.77195e-20
568.787,5.76309e-20
568.819,6.02765e-20
568.85,6.11806e-20
568.881,5.82258e-20
568.912,6.1432e-20
568.944,6.45433e-20
568.975,6.81115e-20
569.006,6.87993e-20
569.037,6.71541e-20
569.068,6.69906e-20
569.1,6.53325e-20
569.131,6.90194e-20
569.162,7.40924e-20
569.193,6.97303e-20
569.225,6.29685e-20
569.256,6.13111e-20
569.287,5.97484e-20
569.318,5.69807e-20
569.35,6.20751e-20
569.381,6.69218e-20
569.412,6.275e-20
569.444,6.27656e-20
569.475,6.60001e-20
569.506,6.06934e-20
569.537,5.56258e-20
569.569,5.92859e-20
569.6,5.59211e-20
569.631,5.35827e-20
569.663,6.51452e-20
569.694,6.83728e-20
569.725,6.43278e-20
569.756,6.45069e-20
569.788,6.92082e-20
569.819,7.33849e-20
569.85,7.24158e-20
569.882,7.30275e-20
569.913,7.09984e-20
569.944,7.13507e-20
569.976,7.39675e-20
570.007,7.83798e-20
570.038,8.60714e-20
570.07,8.45605e-20
570.101,8.96814e-20
570.132,9.39853e-20
570.164,8.37801e-20
570.195,8.14914e-20
570.227,7.96974e-20
570.258,7.89665e-20
570.289,8.2193e-20
570.321,7.52737e-20
570.352,7.36655e-20
570.383,7.31101e-20
570.415,7.62819e-20
570.446,9.15568e-20
570.478,9.52547e-20
570.509,1.02914e-19
570.54,1.068e-19
570.572,1.01595e-19
570.603,1.09073e-19
570.635,1.08002e-19
570.666,1.06272e-19
570.697,1.09005e-19
570.729,1.16988e-19
570.76,1.23049e-19
570.792,1.21535e-19
570.823,1.23146e-19
570.855,9.81327e-20
570.886,7.92561e-20
570.917,7.79981e-20
570.949,7.78778e-20
570.98,9.12027e-20
571.012,9.40052e-20
571.043,9.90293e-20
571.075,1.04803e-19
571.106,9.67776e-20
571.138,9.56441e-20
571.169,9.69976e-20
571.2,9.92936e-20
571.232,9.69758e-20
571.263,9.07375e-20
571.295,8.43344e-20
571.326,8.4341e-20
571.358,9.01795e-20
571.389,8.37738e-20
571.421,8.37842e-20
571.452,9.14618e-20
571.484,8.76207e-20
571.515,8.88142e-20
571.547,9.55465e-20
571.578,9.65111e-20
571.61,1.01584e-19
571.641,1.06338e-19
571.673,1.05038e-19
571.704,1.01319e-19
571.736,9.3893e-20
571.768,9.1815e-20
571.799,9.27361e-20
571.831,9.54695e-20
571.862,9.93902e-20
571.894,9.3953e-20
571.925,8.51973e-20
571.957,8.57099e-20
571.988,1.07119e-19
572.02,1.14181e-19
572.051,9.4761e-20
572.083,1.01773e-19
572.115,1.11296e-19
572.146,1.03956e-19
572.178,1.07936e-19
572.209,1.04104e-19
572.241,9.62879e-20
572.273,9.53038e-20
572.304,8.83846e-20
572.336,8.53977e-20
572.367,8.78815e-20
572.399,8.38328e-20
572.431,7.64291e-20
572.462,7.50729e-20
572.494,7.29973e-20
572.525,6.75662e-20
572.557,7.32341e-20
572.589,8.05947e-20
572.62,7.5233e-20
572.652,6.97881e-20
572.683,6.66294e-20
572.715,6.2354e-20
572.747,6.18788e-20
572.778,6.0073e-20
572.81,5.72564e-20
572.842,5.69498e-20
572.873,5.7981e-20
572.905,6.45793e-20
572.937,7.03691e-20
572.968,7.06552e-20
573,6.4533e-20
573.032,5.87131e-20
573.063,6.9867e-20
573.095,7.87531e-20
573.127,7.12207e-20
573.158,7.01757e-20
573.19,7.27291e-20
573.222,7.06514e-20
573.253,7.35771e-20
573.285,7.05492e-20
573.317,6.02383e-20
573.349,6.14058e-20
573.38,6.27507e-20
573.412,5.62146e-20
573.444,5.27158e-20
573.475,5.29172e-20
573.507,5.46556e-20
573.539,5.50556e-20
573.571,5.69505e-20
573.602,5.78706e-20
573.634,5.59786e-20
573.666,5.7268e-20
573.698,5.605e-20
573.729,5.47582e-20
573.761,5.75193e-20
573.793,5.74925e-20
573.825,5.89799e-20
573.856,5.96171e-20
573.888,5.28449e-20
573.92,4.92287e-20
573.952,4.79664e-20
573.983,4.73039e-20
574.015,4.92985e-20
574.047,4.59475e-20
574.079,4.43154e-20
574.111,4.3905e-20
574.142,4.13463e-20
574.174,4.37959e-20
574.206,4.36196e-20
574.238,4.28618e-20
574.27,4.50777e-20
574.301,4.43745e-20
574.333,4.47642e-20
574.365,4.61578e-20
574.397,4.32521e-20
574.429,4.01498e-20
574.461,4.26828e-20
574.492,4.29031e-20
574.524,3.90714e-20
574.556,3.98845e-20
574.588,4.19487e-20
574.62,4.07598e-20
574.652,3.79626e-20
574.683,3.57497e-20
574.715,3.41334e-20
574.747,3.50917e-20
574.779,3.91516e-20
574.811,4.06413e-20
574.843,4.05159e-20
574.875,4.02887e-20
574.907,4.39832e-20
574.938,5.15191e-20
574.97,4.99594e-20
575.002,4.42081e-20
575.034,4.33322e-20
575.066,4.35259e-20
575.098,4.10823e-20
575.13,3.62388e-20
575.162,3.45422e-20
575.194,3.51322e-20
575.225,3.64918e-20
575.257,3.73581e-20
575.289,3.69006e-20
575.321,3.82386e-20
575.353,3.90968e-20
575.385,4.46914e-20
575.417,4.74172e-20
575.449,3.88469e-20
575.481,3.51477e-20
575.513,3.2481e-20
575.545,3.1855e-20
575.577,3.69782e-20
575.609,3.24539e-20
575.641,3.02192e-20
575.673,3.27656e-20
575.705,2.90007e-20
575.737,2.89621e-20
575.769,2.98903e-20
575.801,2.77494e-20
575.833,2.75917e-20
575.865,2.81236e-20
575.897,2.73916e-20
575.928,2.59746e-20
575.961,2.64846e-20
575.992,2.66798e-20
576.024,2.50269e-20
576.057,2.30957e-20
576.089,2.17982e-20
576.121,2.26445e-20
576.153,2.34738e-20
576.185,2.41113e-20
576.217,2.46525e-20
576.249,2.27372e-20
576.281,2.23391e-20
576.313,2.42939e-20
576.345,2.39312e-20
576.377,2.24067e-20
576.409,2.14289e-20
576.441,2.14352e-20
576.473,2.17986e-20
576.505,2.1726e-20
576.537,2.23778e-20
576.569,2.2746e-20
576.601,2.37797e-20
576.633,2.40029e-20
576.665,2.22613e-20
576.697,2.18906e-20
576.729,2.26768e-20
576.762,2.26299e-20
576.794,2.06555e-20
576.826,2.08671e-20
576.858,2.23178e-20
576.89,2.18067e-20
576.922,2.29943e-20
576.954,2.44146e-20
576.986,2.57881e-20
577.018,2.61508e-20
577.05,2.40149e-20
577.083,2.42293e-20
577.115,2.65232e-20
577.147,2.76048e-20
577.179,2.87786e-20
577.211,2.98489e-20
577.243,2.74655e-20
577.275,2.54416e-20
577.308,2.50417e-20
577.34,2.32388e-20
577.372,2.39617e-20
577.404,2.51427e-20
577.436,2.47247e-20
577.468,2.50651e-20
577.5,2.48579e-20
577.533,2.55626e-20
577.565,2.62653e-20
577.597,2.72475e-20
577.629,3.01646e-20
577.661,3.29081e-20
577.694,3.42749e-20
577.726,3.25379e-20
577.758,3.29942e-20
577.79,3.61304e-20
577.822,3.84076e-20
577.855,4.10452e-20
577.887,3.85357e-20
577.919,3.53962e-20
577.951,3.39713e-20
577.983,3.22936e-20
578.016,3.36096e-20
578.048,3.32467e-20
578.08,3.40299e-20
578.112,3.50818e-20
578.145,3.45062e-20
578.177,3.49478e-20
578.209,3.25749e-20
578.241,3.36796e-20
578.274,3.9576e-20
578.306,4.17956e-20
578.338,4.02944e-20
578.37,4.09734e-20
578.403,4.26152e-20
578.435,4.28424e-20
578.467,4.50885e-20
578.499,4.56096e-20
578.532,4.63021e-20
578.564,5.12414e-20
578.596,5.26185e-20
578.629,5.11503e-20
578.661,5.57682e-20
578.693,5.97208e-20
578.726,5.65024e-20
578.758,5.49672e-20
578.79,5.38086e-20
578.822,5.32543e-20
578.855,5.98189e-20
578.887,6.31262e-20
578.919,5.64605e-20
578.952,5.37804e-20
578.984,5.55277e-20
579.016,5.26528e-20
579.049,5.62693e-20
579.081,6.52248e-20
579.113,6.9805e-20
579.146,6.9721e-20
579.178,6.15591e-20
579.211,5.3414e-20
579.243,5.01144e-20
579.275,5.19431e-20
579.308,5.71095e-20
579.34,5.47591e-20
579.372,4.81379e-20
579.405,4.9682e-20
579.437,5.71569e-20
579.47,5.73806e-20
579.502,5.30222e-20
579.534,5.0166e-20
579.567,4.76679e-20
579.599,5.10167e-20
579.631,5.5147e-20
579.664,5.56038e-20
579.696,5.4242e-20
579.729,5.05693e-20
579.761,5.05069e-20
579.794,4.97047e-20
579.826,5.11995e-20
579.858,5.84932e-20
579.891,5.58394e-20
579.923,5.09409e-20
579.956,5.21161e-20
579.988,5.34038e-20
580.021,5.58756e-20
580.053,5.53777e-20
580.086,4.96828e-20
580.118,4.30695e-20
580.15,4.4054e-20
580.183,4.49038e-20
580.215,4.32521e-20
580.248,5.13516e-20
580.28,5.36474e-20
580.313,5.30499e-20
580.345,5.56102e-20
580.378,4.81804e-20
580.41,4.58898e-20
580.443,5.03968e-20
580.475,4.99275e-20
580.508,4.59095e-20
580.54,4.4158e-20
580.573,4.59279e-20
580.605,4.39302e-20
580.638,4.33082e-20
580.67,4.34476e-20
580.703,4.05508e-20
580.735,3.94954e-20
580.768,3.60801e-20
580.801,3.48036e-20
580.833,3.68696e-20
580.866,3.66731e-20
580.898,3.71511e-20
580.931,3.44331e-20
580.963,3.15493e-20
580.996,3.2835e-20
581.028,3.17097e-20
581.061,3.07628e-20
581.093,3.21473e-20
581.126,3.09546e-20
581.159,2.95612e-20
581.191,3.10191e-20
581.224,2.97239e-20
581.256,2.6635e-20
581.289,2.80786e-20
581.322,2.89553e-20
581.354,2.75805e-20
581.387,2.92972e-20
581.419,3.08557e-20
581.452,2.78967e-20
581.485,2.5699e-20
581.517,2.79825e-20
581.55,2.92878e-20
581.582,2.95094e-20
581.615,3.06464e-20
581.648,3.04159e-20
581.68,3.16365e-20
581.713,3.25025e-20
581.746,3.07936e-20
581.778,3.17915e-20
581.811,3.28515e-20
581.844,3.13067e-20
581.876,3.09084e-20
581.909,2.98944e-20
581.942,2.87003e-20
581.974,2.99209e-20
582.007,2.99635e-20
582.04,2.93943e-20
582.072,2.97409e-20
582.105,2.92359e-20
582.138,2.95777e-20
582.17,2.94611e-20
582.203,2.7826e-20
582.236,2.58985e-20
582.268,2.43419e-20
582.301,2.55757e-20
582.334,2.71471e-20
582.367,2.60531e-20
582.399,2.53087e-20
582.432,2.55099e-20
582.465,2.42866e-20
582.497,2.44427e-20
582.53,2.50507e-20
582.563,2.45272e-20
582.596,2.63217e-20
582.628,2.62759e-20
582.661,2.57495e-20
582.694,2.81168e-20
582.727,2.85662e-20
582.759,2.78352e-20
582.792,2.82503e-20
582.825,2.83176e-20
582.858,2.95089e-20
582.89,3.12926e-20
582.923,2.97583e-20
582.956,3.15336e-20
582.989,3.34901e-20
583.022,3.18945e-20
583.054,3.35955e-20
583.087,3.22018e-20
583.12,3.13319e-20
583.153,3.28638e-20
583.186,3.1577e-20
583.218,3.16393e-20
583.251,3.21144e-20
583.284,3.16247e-20
583.317,3.17443e-20
583.35,3.07002e-20
583.382,2.73733e-20
583.415,2.9492e-20
583.448,3.13926e-20
583.481,2.88958e-20
583.514,2.92721e-20
583.547,2.99939e-20
583.579,3.21144e-20
583.612,3.29771e-20
583.645,3.21217e-20
583.678,2.99278e-20
583.711,2.95148e-20
583.744,3.06245e-20
583.777,2.90122e-20
583.809,3.1267e-20
583.842,3.51958e-20
583.875,4.27312e-20
583.908,4.38031e-20
583.941,3.93608e-20
583.974,4.14612e-20
584.007,3.5893e-20
584.04,3.11036e-20
584.073,3.39856e-20
584.106,3.51804e-20
584.138,3.64566e-20
584.171,3.759e-20
584.204,3.71204e-20
584.237,4.27586e-20
584.27,4.51978e-20
584.303,4.22615e-20
584.336,4.14859e-20
584.369,3.45553e-20
584.402,4.10594e-20
584.435,4.51917e-20
584.468,4.37707e-20
584.501,5.36299e-20
584.534,4.84093e-20
584.567,4.38661e-20
584.6,4.12674e-20
584.633,5.18081e-20
584.666,6.9647e-20
584.698,6.48488e-20
584.731,5.98339e-20
584.764,5.29272e-20
584.797,5.43591e-20
584.83,5.43839e-20
584.863,5.20158e-20
584.896,5.50391e-20
584.929,5.27359e-20
584.962,6.37033e-20
584.995,6.63294e-20
585.028,6.28929e-20
585.061,6.25537e-20
585.094,5.85497e-20
585.127,6.20099e-20
585.161,6.26174e-20
585.194,6.215e-20
585.227,5.91939e-20
585.26,5.46375e-20
585.293,5.48805e-20
585.326,5.96277e-20
585.359,5.98277e-20
585.392,6.3819e-20
585.425,7.53394e-20
585.458,7.65145e-20
585.491,7.88562e-20
585.524,7.14225e-20
585.557,6.9083e-20
585.59,7.11795e-20
585.623,5.88828e-20
585.656,6.52319e-20
585.689,6.38621e-20
585.723,5.60136e-20
585.756,5.8322e-20
585.789,4.75324e-20
585.822,4.60234e-20
585.855,5.17042e-20
585.888,5.28848e-20
585.921,5.62142e-20
585.954,5.55833e-20
585.987,5.06978e-20
586.021,4.53308e-20
586.054,4.73292e-20
586.087,5.16653e-20
586.12,5.11039e-20
586.153,5.47301e-20
586.186,5.48325e-20
586.219,4.85923e-20
586.252,5.23701e-20
586.286,5.71616e-20
586.319,5.48755e-20
586.352,5.62989e-20
586.385,5.61665e-20
586.418,5.0492e-20
586.451,4.99524e-20
586.485,5.17569e-20
586.518,4.58473e-20
586.551,4.27383e-20
586.584,5.24342e-20
586.617,6.17076e-20
586.651,5.65194e-20
586.684,4.72894e-20
586.717,4.78777e-20
586.75,5.36816e-20
586.783,5.45892e-20
586.817,5.24831e-20
586.85,5.05274e-20
586.883,4.73034e-20
586.916,5.07558e-20
586.949,5.55883e-20
586.983,5.38097e-20
587.016,5.41684e-20
587.049,5.23472e-20
587.082,4.83642e-20
587.116,4.95642e-20
587.149,4.91711e-20
587.182,4.48593e-20
587.215,4.30875e-20
587.249,4.06403e-20
587.282,4.15541e-20
587.315,4.5906e-20
587.349,4.18035e-20
587.382,4.37367e-20
587.415,4.69874e-20
587.448,4.28562e-20
587.482,4.60411e-20
587.515,4.5511e-20
587.548,3.9892e-20
587.582,4.02488e-20
587.615,4.41028e-20
587.648,3.90282e-20
587.681,3.44999e-20
587.715,4.05708e-20
587.748,3.53209e-20
587.781,3.28792e-20
587.815,3.91302e-20
587.848,3.99074e-20
587.881,4.27112e-20
587.915,3.80516e-20
587.948,3.34892e-20
587.981,3.37924e-20
588.015,3.01218e-20
588.048,3.31888e-20
588.082,3.59469e-20
588.115,3.25132e-20
588.148,3.23879e-20
588.182,3.36498e-20
588.215,3.55113e-20
588.248,3.60082e-20
588.282,3.49025e-20
588.315,3.41287e-20
588.348,3.04186e-20
588.382,3.19042e-20
588.415,3.48655e-20
588.449,3.24612e-20
588.482,3.04095e-20
588.515,2.9099e-20
588.549,3.24575e-20
588.582,3.18054e-20
588.616,2.85518e-20
588.649,3.08049e-20
588.683,3.14185e-20
588.716,3.17834e-20
588.749,3.13512e-20
588.783,3.10921e-20
588.816,2.99825e-20
588.85,3.13727e-20
588.883,3.54041e-20
588.917,3.65606e-20
588.95,3.88795e-20
588.984,3.82425e-20
589.017,3.84115e-20
589.051,3.68063e-20
589.084,3.40239e-20
589.117,3.43607e-20
589.151,3.33665e-20
589.184,3.52131e-20
589.218,3.65543e-20
589.251,4.64141e-20
589.285,5.44832e-20
589.318,5.12623e-20
589.352,5.213e-20
589.385,4.60108e-20
589.419,4.32314e-20
589.452,5.03782e-20
589.486,5.06934e-20
589.519,4.46111e-20
589.553,4.14272e-20
589.587,4.42607e-20
589.62,5.07974e-20
589.654,5.59741e-20
589.687,5.04262e-20
589.721,4.71189e-20
589.754,4.75747e-20
589.788,4.51202e-20
589.821,4.73166e-20
589.855,4.80057e-20
589.888,5.07389e-20
589.922,5.49778e-20
589.956,5.36953e-20
589.989,4.98079e-20
590.023,4.99269e-20
590.056,5.12551e-20
590.09,4.90637e-20
590.123,5.14456e-20
590.157,5.04982e-20
590.191,5.34822e-20
590.224,5.85965e-20
590.258,5.73656e-20
590.291,6.57732e-20
590.325,6.68577e-20
590.359,6.73065e-20
590.392,7.20955e-20
590.426,6.57663e-20
590.46,6.63013e-20
590.493,6.37651e-20
590.527,5.71917e-20
590.56,5.61671e-20
590.594,5.79112e-20
590.628,6.03302e-20
590.661,5.07639e-20
590.695,5.45908e-20
590.729,6.48614e-20
590.762,5.3485e-20
590.796,5.11913e-20
590.83,5.65216e-20
590.863,5.72726e-20
590.897,5.58355e-20
590.931,5.25561e-20
590.964,5.37891e-20
590.998,5.24192e-20
591.032,5.3291e-20
591.066,5.12179e-20
591.099,4.53904e-20
591.133,4.5752e-20
591.167,4.68883e-20
591.2,4.59493e-20
591.234,4.69356e-20
591.268,6.00809e-20
591.301,5.81487e-20
591.335,5.18889e-20
591.369,7.14281e-20
591.403,7.40794e-20
591.436,6.4108e-20
591.47,6.52786e-20
591.504,6.47747e-20
591.538,6.36388e-20
591.571,7.0339e-20
591.605,7.65327e-20
591.639,7.03323e-20
591.673,6.99956e-20
591.706,7.26023e-20
591.74,7.15185e-20
591.774,7.61743e-20
591.808,7.76448e-20
591.842,6.74666e-20
591.875,6.00603e-20
591.909,5.98815e-20
591.943,6.13734e-20
591.977,7.60069e-20
592.011,7.80825e-20
592.044,7.39836e-20
592.078,8.13302e-20
592.112,7.5578e-20
592.146,7.68194e-20
592.18,8.31835e-20
592.213,9.10342e-20
592.247,9.54243e-20
592.281,8.48479e-20
592.315,8.64777e-20
592.349,8.50312e-20
592.383,6.91228e-20
592.417,6.24925e-20
592.45,6.10198e-20
592.484,6.17452e-20
592.518,7.70966e-20
592.552,7.33404e-20
592.586,5.98689e-20
592.62,6.49597e-20
592.654,6.27215e-20
592.687,7.1684e-20
592.721,6.94369e-20
592.755,6.50562e-20
592.789,8.51635e-20
592.823,7.68236e-20
592.857,7.67103e-20
592.891,9.08863e-20
592.925,8.40607e-20
592.959,8.46801e-20
592.993,9.21075e-20
593.026,9.0151e-20
593.06,8.45104e-20
593.094,8.42446e-20
593.128,8.08335e-20
593.162,7.65306e-20
593.196,7.10313e-20
593.23,6.22618e-20
593.264,5.17583e-20
593.298,4.63621e-20
593.332,5.49618e-20
593.366,5.3978e-20
593.4,4.73398e-20
593.434,4.76726e-20
593.468,4.95687e-20
593.502,5.89366e-20
593.536,6.77386e-20
593.57,6.18828e-20
593.604,5.36592e-20
593.638,5.81126e-20
593.672,5.47815e-20
593.706,5.54401e-20
593.74,6.28674e-20
593.774,5.10078e-20
593.808,4.92236e-20
593.842,4.96011e-20
593.876,4.06698e-20
593.91,4.39431e-20
593.944,4.32135e-20
593.978,3.80566e-20
594.012,3.68101e-20
594.046,3.36903e-20
594.08,3.36312e-20
594.114,3.4304e-20
594.148,3.25542e-20
594.182,3.24241e-20
594.216,3.0873e-20
594.25,2.9675e-20
594.284,3.2939e-20
594.318,3.40851e-20
594.352,3.22968e-20
594.386,3.32004e-20
594.421,3.5675e-20
594.455,3.37832e-20
594.489,3.14412e-20
594.523,3.33159e-20
594.557,3.51783e-20
594.591,4.11226e-20
594.625,4.33918e-20
594.659,3.68242e-20
594.693,3.36117e-20
594.727,2.86937e-20
594.762,2.59394e-20
594.796,2.79412e-20
594.83,2.9274e-20
594.864,3.37764e-20
594.898,3.30691e-20
594.932,3.10419e-20
594.966,2.92523e-20
595.001,2.57844e-20
595.035,2.84694e-20
595.069,2.75345e-20
595.103,2.65089e-20
595.137,2.81805e-20
595.171,2.59598e-20
595.205,2.57075e-20
595.24,2.37924e-20
595.274,2.27108e-20
595.308,2.44686e-20
595.342,2.11853e-20
595.376,2.09917e-20
595.411,2.36459e-20
595.445,2.18755e-20
595.479,2.36896e-20
595.513,2.31108e-20
595.547,1.89191e-20
595.582,1.93309e-20
595.616,1.85903e-20
595.65,2.28216e-20
595.684,2.75784e-20
595.718,2.26242e-20
595.753,1.99942e-20
595.787,2.05088e-20
595.821,1.96333e-20
595.855,1.8713e-20
595.89,1.82659e-20
595.924,2.2311e-20
595.958,2.60338e-20
595.992,2.22294e-20
596.027,2.0689e-20
596.061,2.31952e-20
596.095,2.29015e-20
596.13,2.54627e-20
596.164,2.9248e-20
596.198,2.9885e-20
596.232,3.13169e-20
596.267,3.24e-20
596.301,3.03144e-20
596.335,2.69054e-20
596.37,2.45135e-20
596.404,2.50299e-20
596.438,2.56643e-20
596.473,2.26786e-20
596.507,2.22388e-20
596.541,2.25608e-20
596.575,2.16035e-20
596.61,2.36753e-20
596.644,2.41069e-20
596.678,2.36759e-20
596.713,2.28241e-20
596.747,2.23714e-20
596.782,2.38516e-20
596.816,2.3357e-20
596.85,2.46098e-20
596.885,2.72908e-20
596.919,2.67825e-20
596.953,2.65606e-20
596.988,2.88085e-20
597.022,2.75216e-20
597.056,2.63202e-20
597.091,2.71073e-20
597.125,2.43122e-20
597.16,2.8478e-20
597.194,3.18948e-20
597.228,2.75074e-20
597.263,2.98119e-20
597.297,3.0452e-20
597.332,2.6985e-20
597.366,2.67673e-20
597.401,2.66498e-20
597.435,2.65798e-20
597.469,2.66564e-20
597.504,2.76488e-20
597.538,2.77024e-20
597.573,2.75181e-20
597.607,2.88257e-20
597.642,2.85906e-20
597.676,2.87601e-20
597.711,2.95113e-20
597.745,2.99746e-20
597.779,3.16799e-20
597.814,3.17866e-20
597.848,2.99091e-20
597.883,2.85695e-20
597.917,2.68106e-20
597.952,2.53538e-20
597.986,2.569e-20
598.021,2.54776e-20
598.055,2.53392e-20
598.09,2.57949e-20
598.124,2.51556e-20
598.159,2.53953e-20
598.193,2.40818e-20
598.228,2.45201e-20
598.262,2.97049e-20
598.297,2.88393e-20
598.331,2.72716e-20
598.366,2.97925e-20
598.401,2.87585e-20
598.435,2.77977e-20
598.47,3.05929e-20
598.504,3.48911e-20
598.539,3.37622e-20
598.573,3.2812e-20
598.608,3.45831e-20
598.642,3.03178e-20
598.677,2.9829e-20
598.712,3.25244e-20
598.746,3.38441e-20
598.781,3.66441e-20
598.815,3.61508e-20
598.85,3.70018e-20
598.884,3.7618e-20
598.919,3.48663e-20
598.954,3.45972e-20
598.988,3.5704e-20
599.023,3.54397e-20
599.057,3.43375e-20
599.092,3.61711e-20
599.127,3.89051e-20
599.161,3.72495e-20
599.196,3.58886e-20
599.231,3.63351e-20
599.265,3.41122e-20
599.3,3.37031e-20
599.335,3.53423e-20
599.369,3.33502e-20
599.404,3.39607e-20
599.439,3.63918e-20
599.473,3.51689e-20
599.508,3.61801e-20
599.543,3.82152e-20
599.577,4.09568e-20
599.612,4.54559e-20
599.647,4.51309e-20
599.681,4.33571e-20
599.716,4.3377e-20
599.751,4.30531e-20
599.785,4.2809e-20
599.82,4.32348e-20
599.855,4.64605e-20
599.889,5.0427e-20
599.924,4.89063e-20
599.959,4.44191e-20
599.994,4.60656e-20
600.028,4.57048e-20
600.063,4.05467e-20
600.098,4.18537e-20
600.133,4.09222e-20
600.167,3.95452e-20
600.202,4.1989e-20
600.237,3.87652e-20
600.271,4.14114e-20
600.306,4.99558e-20
600.341,4.76464e-20
600.376,4.18693e-20
600.411,4.36457e-20
600.445,4.61144e-20
600.48,4.61281e-20
600.515,4.71774e-20
600.55,4.3683e-20
600.584,3.92962e-20
600.619,4.11681e-20
600.654,4.20873e-20
600.689,4.25278e-20
600.724,4.42533e-20
600.758,4.30276e-20
600.793,4.26657e-20
600.828,4.23641e-20
600.863,4.08385e-20
600.898,3.99686e-20
600.933,3.98594e-20
600.967,4.08586e-20
601.002,4.06046e-20
601.037,4.05226e-20
601.072,3.82995e-20
601.107,3.55099e-20
601.142,3.72995e-20
601.177,4.02732e-20
601.211,4.30736e-20
601.246,4.15513e-20
601.281,4.03925e-20
601.316,4.49141e-20
601.351,4.72106e-20
601.386,4.62032e-20
601.421,4.45571e-20
601.456,4.3181e-20
601.49,4.20431e-20
601.525,4.05215e-20
601.56,3.88199e-20
601.595,4.41553e-20
601.63,4.85047e-20
601.665,3.82036e-20
601.7,3.37907e-20
601.735,3.52997e-20
601.77,3.43739e-20
601.805,3.92459e-20
601.84,4.05644e-20
601.875,4.06888e-20
601.909,4.4323e-20
601.944,4.82119e-20
601.979,4.50903e-20
602.014,3.44232e-20
602.049,3.34703e-20
602.084,3.44675e-20
602.119,3.25769e-20
602.154,3.42695e-20
602.189,3.26339e-20
602.224,2.9777e-20
602.259,3.11583e-20
602.294,3.47251e-20
602.329,3.36631e-20
602.364,3.28673e-20
602.399,3.41764e-20
602.434,3.30189e-20
602.469,3.25845e-20
602.504,3.01797e-20
602.539,2.83845e-20
602.574,2.86434e-20
602.609,2.70608e-20
602.644,2.54711e-20
602.679,2.74887e-20
602.714,2.78112e-20
602.749,2.53e-20
602.784,2.69137e-20
602.819,2.57866e-20
602.855,2.62203e-20
602.89,2.66016e-20
602.925,2.27946e-20
602.96,2.55532e-20
602.995,2.52584e-20
603.03,2.17972e-20
603.065,1.9614e-20
603.1,1.81169e-20
603.135,2.00077e-20
603.17,1.98305e-20
603.205,2.02746e-20
603.24,1.83242e-20
603.275,1.54523e-20
603.311,1.67688e-20
603.346,1.58705e-20
603.381,1.45335e-20
603.416,1.40011e-20
603.451,1.4522e-20
603.486,1.49462e-20
603.521,1.37451e-20
603.556,1.43397e-20
603.592,1.33677e-20
603.627,1.32973e-20
603.662,1.50635e-20
603.697,1.39718e-20
603.732,1.44374e-20
603.767,1.44534e-20
603.803,1.39827e-20
603.838,1.45981e-20
603.873,1.26796e-20
603.908,1.17641e-20
603.943,1.18124e-20
603.978,1.20259e-20
604.014,1.25157e-20
604.049,1.24275e-20
604.084,1.22227e-20
604.119,1.15058e-20
604.154,1.14397e-20
604.19,1.09525e-20
604.225,1.04616e-20
604.26,1.08765e-20
604.295,1.21728e-20
604.33,1.32924e-20
604.366,1.2848e-20
604.401,1.18565e-20
604.436,1.12349e-20
604.471,1.10714e-20
604.507,1.01541e-20
604.542,1.05616e-20
604.577,1.0987e-20
604.612,1.00936e-20
604.648,9.66011e-21
604.683,9.51958e-21
604.718,1.08266e-20
604.753,1.13627e-20
604.789,1.11394e-20
604.824,1.10204e-20
604.859,1.13214e-20
604.895,1.20305e-20
604.93,1.19194e-20
604.965,1.25491e-20
605.001,1.30675e-20
605.036,1.36138e-20
605.071,1.38998e-20
605.106,1.3868e-20
605.142,1.45821e-20
605.177,1.55567e-20
605.212,1.62567e-20
605.248,1.72142e-20
605.283,1.78424e-20
605.318,1.60132e-20
605.354,1.75386e-20
605.389,2.05427e-20
605.424,1.77399e-20
605.46,1.53998e-20
605.495,1.62738e-20
605.531,1.59565e-20
605.566,1.6023e-20
605.601,1.77831e-20
605.637,1.92378e-20
605.672,2.16768e-20
605.707,2.07342e-20
605.743,1.72073e-20
605.778,1.58803e-20
605.814,1.42676e-20
605.849,1.46145e-20
605.884,1.44342e-20
605.92,1.3251e-20
605.955,1.42405e-20
605.991,1.3963e-20
606.026,1.24429e-20
606.062,1.23016e-20
606.097,1.28377e-20
606.132,1.12309e-20
606.168,1.10244e-20
606.203,1.26738e-20
606.239,1.1528e-20
606.274,1.07452e-20
606.31,1.21972e-20
606.345,1.24847e-20
606.381,1.21703e-20
606.416,1.34128e-20
606.452,1.35321e-20
606.487,1.27384e-20
606.522,1.33296e-20
606.558,1.44875e-20
606.593,1.52389e-20
606.629,1.5239e-20
606.664,1.51145e-20
606.7,1.48034e-20
606.735,1.48979e-20
606.771,1.55063e-20
606.806,1.60418e-20
606.842,1.67194e-20
606.878,1.75958e-20
606.913,1.71709e-20
606.949,1.62263e-20
606.984,1.68027e-20
607.02,1.54083e-20
607.055,1.4012e-20
607.091,1.40258e-20
607.126,1.3054e-20
607.162,1.47856e-20
607.197,1.56671e-20
607.233,1.28907e-20
607.269,1.27639e-20
607.304,1.58269e-20
607.34,1.66921e-20
607.375,1.5676e-20
607.411,1.58267e-20
607.446,1.47848e-20
607.482,1.45983e-20
607.518,1.6043e-20
607.553,1.64223e-20
607.589,1.67648e-20
607.624,1.71862e-20
607.66,1.84403e-20
607.696,1.73724e-20
607.731,1.72352e-20
607.767,1.99259e-20
607.803,1.88791e-20
607.838,1.97598e-20
607.874,2.19521e-20
607.91,2.17403e-20
607.945,2.05682e-20
607.981,1.84865e-20
608.016,2.1141e-20
608.052,2.30043e-20
608.088,1.91061e-20
608.123,1.65884e-20
608.159,1.66865e-20
608.195,1.60156e-20
608.231,1.4837e-20
608.266,1.44557e-20
608.302,1.42137e-20
608.338,1.50818e-20
608.373,1.5967e-20
608.409,1.63258e-20
608.445,1.79457e-20
608.48,1.95224e-20
608.516,1.83886e-20
608.552,1.73281e-20
608.588,1.74724e-20
608.623,1.60375e-20
608.659,1.64359e-20
608.695,1.63584e-20
608.73,1.66594e-20
608.766,1.79851e-20
608.802,1.52194e-20
608.838,1.49792e-20
608.873,1.57981e-20
608.909,1.52431e-20
608.945,1.5789e-20
608.981,1.54549e-20
609.017,1.54402e-20
609.052,1.50121e-20
609.088,1.53818e-20
609.124,1.57449e-20
609.16,1.60905e-20
609.196,1.68798e-20
609.231,1.57419e-20
609.267,1.62278e-20
609.303,1.63118e-20
609.339,1.53004e-20
609.375,1.54731e-20
609.41,1.51517e-20
609.446,1.53309e-20
609.482,1.3551e-20
609.518,1.39259e-20
609.554,1.77958e-20
609.59,1.63196e-20
609.625,1.34973e-20
609.661,1.40169e-20
609.697,1.48925e-20
609.733,1.43302e-20
609.769,1.47279e-20
609.805,1.60596e-20
609.841,1.53724e-20
609.876,1.53006e-20
609.912,1.49204e-20
609.948,1.46847e-20
609.984,1.52946e-20
610.02,1.51827e-20
610.056,1.41081e-20
610.092,1.39342e-20
610.128,1.59624e-20
610.164,1.54935e-20
610.199,1.71069e-20
610.235,1.75214e-20
610.271,1.61184e-20
610.307,1.81283e-20
610.343,1.55963e-20
610.379,1.52994e-20
610.415,1.67671e-20
610.451,1.66264e-20
610.487,1.70758e-20
610.523,1.57684e-20
610.559,1.65803e-20
610.595,1.60896e-20
610.631,1.57897e-20
610.667,1.53869e-20
610.703,1.52711e-20
610.739,1.69541e-20
610.775,1.70348e-20
610.811,1.9503e-20
610.847,2.0385e-20
610.883,2.07712e-20
610.919,2.2017e-20
610.955,2.18229e-20
610.991,2.27201e-20
611.027,2.22619e-20
611.063,2.45139e-20
611.099,2.88972e-20
611.135,2.72947e-20
611.171,2.57664e-20
611.207,2.80123e-20
611.243,2.58119e-20
611.279,2.63719e-20
611.315,3.04477e-20
611.351,3.06292e-20
611.387,3.24238e-20
611.423,3.40482e-20
611.459,3.75008e-20
611.495,4.05965e-20
611.531,4.10439e-20
611.567,3.99936e-20
611.603,3.81825e-20
611.639,4.08072e-20
611.676,3.99707e-20
611.712,3.89785e-20
611.748,3.84056e-20
611.784,3.97557e-20
611.82,4.2983e-20
611.856,3.92564e-20
611.892,3.94173e-20
611.928,3.8043e-20
611.964,3.97564e-20
612.001,4.59312e-20
612.037,4.54592e-20
612.073,4.67421e-20
612.109,4.65627e-20
612.145,5.09132e-20
612.181,5.80903e-20
612.217,6.18541e-20
612.254,6.05798e-20
612.29,5.4285e-20
612.326,5.25675e-20
612.362,4.99157e-20
612.398,4.9081e-20
612.434,4.79291e-20
612.471,4.975e-20
612.507,5.31936e-20
612.543,5.30252e-20
612.579,6.30288e-20
612.615,7.18248e-20
612.652,7.44706e-20
612.688,7.18964e-20
612.724,6.97601e-20
612.76,6.76361e-20
612.796,5.95052e-20
612.833,5.9399e-20
612.869,5.57054e-20
612.905,5.00376e-20
612.941,4.5431e-20
612.978,4.17302e-20
613.014,4.19221e-20
613.05,3.58044e-20
613.086,3.55182e-20
613.123,3.40589e-20
613.159,2.87913e-20
613.195,3.06393e-20
613.231,3.13476e-20
613.268,2.98052e-20
613.304,3.13346e-20
613.34,3.18943e-20
613.376,2.71371e-20
613.413,2.85591e-20
613.449,2.88338e-20
613.485,2.67542e-20
613.522,2.99157e-20
613.558,3.03273e-20
613.594,3.20938e-20
613.631,3.24149e-20
613.667,3.17323e-20
613.703,3.14981e-20
613.74,3.11881e-20
613.776,3.06457e-20
613.812,3.2657e-20
613.849,3.95765e-20
613.885,3.75162e-20
613.921,3.66362e-20
613.958,3.5422e-20
613.994,2.80675e-20
614.03,2.70631e-20
614.067,2.65915e-20
614.103,2.70232e-20
614.139,2.81062e-20
614.176,3.06016e-20
614.212,3.36337e-20
614.249,3.34425e-20
614.285,3.39568e-20
614.321,3.36785e-20
614.358,3.21668e-20
614.394,2.84465e-20
614.431,2.705e-20
614.467,2.66684e-20
614.504,2.70318e-20
614.54,2.96676e-20
614.576,2.65969e-20
614.613,2.42853e-20
614.649,2.44276e-20
614.686,2.40637e-20
614.722,2.43175e-20
614.759,2.28376e-20
614.795,2.25445e-20
614.832,2.31352e-20
614.868,2.38192e-20
614.904,2.42659e-20
614.941,2.33389e-20
614.977,2.39183e-20
615.014,2.40863e-20
615.05,2.2047e-20
615.087,2.2537e-20
615.123,2.41435e-20
615.16,2.55372e-20
615.196,2.57725e-20
615.233,2.37093e-20
615.269,2.53134e-20
615.306,2.44518e-20
615.342,2.46241e-20
615.379,2.90564e-20
615.415,2.56809e-20
615.452,2.45811e-20
615.489,2.50874e-20
615.525,2.39608e-20
615.562,2.76551e-20
615.598,2.95259e-20
615.635,3.33316e-20
615.671,3.57732e-20
615.708,3.38978e-20
615.744,3.3229e-20
615.781,3.08786e-20
615.818,3.20087e-20
615.854,3.42145e-20
615.891,3.22875e-20
615.927,3.13067e-20
615.964,3.01921e-20
616.001,2.94473e-20
616.037,3.2444e-20
616.074,3.37875e-20
616.11,3.21478e-20
616.147,3.49728e-20
616.184,3.64441e-20
616.22,3.36228e-20
616.257,3.63512e-20
616.293,3.79137e-20
616.33,3.46704e-20
616.367,3.32475e-20
616.403,3.24523e-20
616.44,3.45458e-20
616.477,3.80939e-20
616.513,4.12566e-20
616.55,4.40196e-20
616.587,4.45299e-20
616.623,4.45427e-20
616.66,4.33115e-20
616.697,4.27594e-20
616.733,4.17496e-20
616.77,4.48886e-20
616.807,5.19732e-20
616.844,4.85783e-20
616.88,4.10305e-20
616.917,3.83849e-20
616.954,3.81985e-20
616.99,3.75829e-20
617.027,3.7222e-20
617.064,3.6759e-20
617.101,3.8133e-20
617.137,4.10593e-20
617.174,3.59331e-20
617.211,3.16117e-20
617.247,2.8408e-20
617.284,3.10757e-20
617.321,4.2352e-20
617.358,3.69297e-20
617.395,3.07773e-20
617.431,3.26186e-20
617.468,3.24926e-20
617.505,3.53437e-20
617.542,3.22561e-20
617.578,3.15282e-20
617.615,3.29604e-20
617.652,3.08672e-20
617.689,3.67539e-20
617.726,3.82327e-20
617.762,3.26666e-20
617.799,3.22293e-20
617.836,3.08802e-20
617.873,3.21549e-20
617.91,3.42054e-20
617.947,2.95087e-20
617.983,2.87968e-20
618.02,2.83119e-20
618.057,2.68414e-20
618.094,2.82962e-20
618.131,2.62819e-20
618.168,2.54593e-20
618.204,2.44976e-20
618.241,2.2723e-20
618.278,2.31273e-20
618.315,2.1342e-20
618.352,1.90869e-20
618.389,1.92896e-20
618.426,1.93809e-20
618.463,1.78837e-20
618.5,1.80587e-20
618.536,1.83111e-20
618.573,1.773e-20
618.61,1.76902e-20
618.647,1.73467e-20
618.684,1.74319e-20
618.721,1.82787e-20
618.758,2.00061e-20
618.795,1.83036e-20
618.832,1.72624e-20
618.869,1.83661e-20
618.906,1.63777e-20
618.943,1.80242e-20
618.98,1.89614e-20
619.017,1.80843e-20
619.053,2.02966e-20
619.09,1.94114e-20
619.127,1.95509e-20
619.164,1.96516e-20
619.201,1.73195e-20
619.238,1.80732e-20
619.275,1.81183e-20
619.312,1.87299e-20
619.349,2.11263e-20
619.386,2.06605e-20
619.423,2.06282e-20
619.46,2.15941e-20
619.497,2.16899e-20
619.534,2.22729e-20
619.571,2.16784e-20
619.608,2.27229e-20
619.646,2.46357e-20
619.683,2.40577e-20
619.72,2.54618e-20
619.757,2.59966e-20
619.794,2.54293e-20
619.831,2.39804e-20
619.868,2.1404e-20
619.905,2.22e-20
619.942,2.16505e-20
619.979,2.27308e-20
620.016,2.35506e-20
620.053,2.26046e-20
620.09,2.62628e-20
620.127,2.76021e-20
620.164,2.95009e-20
620.202,3.31203e-20
620.239,3.55162e-20
620.276,3.69586e-20
620.313,3.4418e-20
620.35,3.34251e-20
620.387,3.40613e-20
620.424,3.38283e-20
620.461,3.42434e-20
620.499,3.51068e-20
620.536,3.34197e-20
620.573,3.3215e-20
620.61,3.40847e-20
620.647,3.26235e-20
620.684,3.4212e-20
620.721,3.07505e-20
620.759,3.38028e-20
620.796,4.08882e-20
620.833,3.04814e-20
620.87,2.52615e-20
620.907,2.73305e-20
620.944,2.82556e-20
620.982,3.00483e-20
621.019,2.87041e-20
621.056,2.88305e-20
621.093,2.62123e-20
621.13,2.51309e-20
621.168,2.60978e-20
621.205,2.47973e-20
621.242,2.572e-20
621.279,2.53839e-20
621.317,2.35388e-20
621.354,2.05365e-20
621.391,1.96128e-20
621.428,1.98867e-20
621.466,1.85256e-20
621.503,1.91839e-20
621.54,1.9224e-20
621.577,1.8907e-20
621.615,1.85068e-20
621.652,1.81464e-20
621.689,1.86257e-20
621.726,1.88386e-20
621.764,1.93897e-20
621.801,1.79859e-20
621.838,1.67027e-20
621.876,1.73437e-20
621.913,1.69251e-20
621.95,1.69217e-20
621.988,1.8086e-20
622.025,1.56127e-20
622.062,1.36204e-20
622.1,1.64013e-20
622.137,1.69532e-20
622.174,1.60686e-20
622.212,1.537e-20
622.249,1.43739e-20
622.286,1.46554e-20
622.324,1.58662e-20
622.361,1.8495e-20
622.398,1.88453e-20
622.436,1.85792e-20
622.473,1.916e-20
622.51,1.83516e-20
622.548,1.90271e-20
622.585,2.08003e-20
622.623,2.1078e-20
622.66,2.05717e-20
622.697,2.06016e-20
622.735,1.89122e-20
622.772,1.93376e-20
622.81,2.11727e-20
622.847,1.81818e-20
622.884,1.67884e-20
622.922,1.74313e-20
622.959,1.68469e-20
622.997,1.64927e-20
623.034,1.934e-20
623.072,2.34821e-20
623.109,2.04246e-20
623.147,1.74865e-20
623.184,1.84913e-20
623.221,1.76785e-20
623.259,1.86975e-20
623.296,2.22252e-20
623.334,2.37709e-20
623.371,2.3286e-20
623.409,2.50979e-20
623.446,2.39439e-20
623.484,2.00585e-20
623.521,2.1525e-20
623.559,2.08099e-20
623.596,1.76198e-20
623.634,1.68943e-20
623.671,1.89895e-20
623.709,2.53269e-20
623.746,2.72692e-20
623.784,2.31181e-20
623.821,2.00411e-20
623.859,1.87777e-20
623.897,1.75446e-20
623.934,1.66665e-20
623.972,1.64993e-20
624.009,1.73831e-20
624.047,1.98144e-20
624.084,1.99766e-20
624.122,1.96166e-20
624.159,2.05842e-20
624.197,1.90687e-20
624.235,1.71233e-20
624.272,1.82901e-20
624.31,1.98247e-20
624.347,2.10455e-20
624.385,2.31415e-20
624.423,1.92914e-20
624.46,1.66893e-20
624.498,1.90701e-20
624.535,1.75881e-20
624.573,1.8012e-20
624.611,1.81764e-20
624.648,1.76565e-20
624.686,1.93141e-20
624.724,1.9088e-20
624.761,1.93345e-20
624.799,1.86799e-20
624.837,1.77653e-20
624.874,1.6638e-20
624.912,1.6579e-20
624.95,1.73037e-20
624.987,1.58507e-20
625.025,1.76764e-20
625.063,1.94516e-20
625.1,1.90501e-20
625.138,1.84218e-20
625.176,1.58772e-20
625.213,1.65647e-20
625.251,1.95826e-20
625.289,1.994e-20
625.327,1.89603e-20
625.364,1.81517e-20
625.402,1.75585e-20
625.44,1.71772e-20
625.477,1.74784e-20
625.515,1.68771e-20
625.553,1.6412e-20
625.591,1.69662e-20
625.628,1.6747e-20
625.666,1.83393e-20
625.704,1.91256e-20
625.742,2.00012e-20
625.779,2.08474e-20
625.817,1.69186e-20
625.855,1.62594e-20
625.893,1.64632e-20
625.931,1.56864e-20
625.968,1.70488e-20
626.006,1.58783e-20
626.044,1.59948e-20
626.082,1.65649e-20
626.12,1.72183e-20
626.157,1.87367e-20
626.195,1.73813e-20
626.233,1.55289e-20
626.271,1.46433e-20
626.309,1.36821e-20
626.347,1.3037e-20
626.384,1.42363e-20
626.422,1.44134e-20
626.46,1.57472e-20
626.498,1.96163e-20
626.536,2.01283e-20
626.574,1.84774e-20
626.612,1.61772e-20
626.649,1.54868e-20
626.687,1.57949e-20
626.725,1.49744e-20
626.763,1.50621e-20
626.801,1.502e-20
626.839,1.50412e-20
626.877,1.38597e-20
626.915,1.29019e-20
626.953,1.38256e-20
626.991,1.25969e-20
627.028,1.23045e-20
627.066,1.40802e-20
627.104,1.44145e-20
627.142,1.36775e-20
627.18,1.21938e-20
627.218,1.29527e-20
627.256,1.37373e-20
627.294,1.29864e-20
627.332,1.29283e-20
627.37,1.16315e-20
627.408,1.31407e-20
627.446,1.33928e-20
627.484,1.11416e-20
627.522,1.19514e-20
627.56,1.1161e-20
627.598,1.19722e-20
627.636,1.22826e-20
627.674,1.06629e-20
627.712,1.1054e-20
627.75,1.01362e-20
627.788,1.11473e-20
627.826,1.12058e-20
627.864,1.04405e-20
627.902,1.13324e-20
627.94,9.71335e-21
627.978,9.45447e-21
628.016,9.66227e-21
628.054,9.26654e-21
628.092,9.32792e-21
628.13,9.18069e-21
628.168,9.95017e-21
628.206,9.58393e-21
628.244,9.24476e-21
628.282,9.01213e-21
628.321,9.19357e-21
628.359,9.69639e-21
628.397,8.72895e-21
628.435,9.29887e-21
628.473,1.01759e-20
628.511,1.02409e-20
628.549,9.72391e-21
628.587,1.01365e-20
628.625,1.17077e-20
628.663,1.06531e-20
628.702,1.00933e-20
628.74,1.045e-20
628.778,1.05866e-20
628.816,1.03075e-20
628.854,9.62563e-21
628.892,1.05104e-20
628.93,1.06977e-20
628.969,1.08895e-20
629.007,1.20392e-20
629.045,1.4108e-20
629.083,1.43941e-20
629.121,1.27159e-20
629.159,1.21899e-20
629.198,1.05764e-20
629.236,9.81144e-21
629.274,9.55873e-21
629.312,9.89272e-21
629.35,1.01106e-20
629.389,9.47297e-21
629.427,1.04716e-20
629.465,8.751e-21
629.503,8.14028e-21
629.541,9.30508e-21
629.58,8.3106e-21
629.618,8.33373e-21
629.656,8.12622e-21
629.694,7.86331e-21
629.733,8.32501e-21
629.771,8.34178e-21
629.809,7.70219e-21
629.847,7.82406e-21
629.886,7.67337e-21
629.924,6.56471e-21
629.962,6.93814e-21
630.001,6.626e-21
630.039,5.95888e-21
630.077,6.29227e-21
630.115,6.07956e-21
630.154,5.72411e-21
630.192,6.08492e-21
630.23,5.98762e-21
630.269,5.90718e-21
630.307,6.70864e-21
630.345,6.32387e-21
630.384,6.5523e-21
630.422,6.65663e-21
630.46,6.43188e-21
630.499,8.06002e-21
630.537,8.70641e-21
630.575,8.67156e-21
630.614,9.22848e-21
630.652,9.51135e-21
630.69,8.5313e-21
630.729,9.14596e-21
630.767,1.04249e-20
630.806,8.38508e-21
630.844,7.66993e-21
630.882,8.25837e-21
630.921,8.71709e-21
630.959,9.49877e-21
630.997,9.73025e-21
631.036,1.0311e-20
631.074,9.89375e-21
631.113,9.51876e-21
631.151,9.35918e-21
631.19,9.96712e-21
631.228,1.06576e-20
631.266,1.0008e-20
631.305,1.22969e-20
631.343,1.30777e-20
631.382,1.05792e-20
631.42,1.18331e-20
631.459,1.26067e-20
631.497,1.07172e-20
631.536,9.89544e-21
631.574,9.17574e-21
631.613,1.09021e-20
631.651,1.32288e-20
631.69,1.25951e-20
631.728,1.19601e-20
631.767,1.11361e-20
631.805,1.17805e-20
631.844,1.29603e-20
631.882,1.20319e-20
631.921,1.20651e-20
631.959,1.3241e-20
631.998,1.34678e-20
632.036,1.21018e-20
632.075,1.19395e-20
632.113,1.28727e-20
632.152,1.27267e-20
632.19,1.25261e-20
632.229,1.39373e-20
632.267,1.5131e-20
632.306,1.4063e-20
632.345,1.36029e-20
632.383,1.24892e-20
632.422,1.2527e-20
632.46,1.19974e-20
632.499,1.02382e-20
632.537,1.12717e-20
632.576,1.01937e-20
632.615,1.06608e-20
632.653,1.02243e-20
632.692,1.03503e-20
632.73,1.09989e-20
632.769,7.12968e-21
632.808,1.01285e-20
632.846,1.29108e-20
632.885,9.92374e-21
632.924,1.06006e-20
632.962,9.59043e-21
633.001,9.5726e-21
633.04,9.98617e-21
633.078,1.01512e-20
633.117,1.03533e-20
633.156,1.0151e-20
633.194,1.03142e-20
633.233,9.1978e-21
633.272,1.10829e-20
633.31,1.43606e-20
633.349,1.5215e-20
633.388,1.40065e-20
633.426,1.33625e-20
633.465,1.38356e-20
633.504,1.48754e-20
633.542,1.43004e-20
633.581,1.21109e-20
633.62,1.24339e-20
633.659,1.18382e-20
633.697,1.36588e-20
633.736,1.63918e-20
633.775,1.43025e-20
633.814,1.24941e-20
633.852,1.22022e-20
633.891,1.20982e-20
633.93,1.13286e-20
633.969,1.21831e-20
634.007,1.19631e-20
634.046,1.23623e-20
634.085,1.46785e-20
634.124,1.28979e-20
634.163,1.34086e-20
634.201,1.5076e-20
634.24,1.35979e-20
634.279,1.19267e-20
634.318,1.22282e-20
634.357,1.41351e-20
634.395,1.4048e-20
634.434,1.38306e-20
634.473,1.32547e-20
634.512,1.28867e-20
634.551,1.31553e-20
634.59,1.27848e-20
634.628,1.29694e-20
634.667,1.18601e-20
634.706,9.89161e-21
634.745,9.89164e-21
634.784,1.1658e-20
634.823,1.12066e-20
634.862,9.99721e-21
634.9,9.36558e-21
634.939,8.1589e-21
634.978,9.00917e-21
635.017,1.01014e-20
635.056,1.06004e-20
635.095,1.06317e-20
635.134,1.08001e-20
635.173,1.10861e-20
635.212,1.12687e-20
635.251,1.23512e-20
635.289,1.17626e-20
635.328,1.18811e-20
635.367,1.18152e-20
635.406,1.15414e-20
635.445,1.29107e-20
635.484,1.20261e-20
635.523,1.14334e-20
635.562,1.17681e-20
635.601,1.18952e-20
635.64,1.19797e-20
635.679,1.12528e-20
635.718,1.05728e-20
635.757,1.11646e-20
635.796,1.22117e-20
635.835,1.10534e-20
635.874,1.09325e-20
635.913,1.10191e-20
635.952,1.08028e-20
635.991,1.1683e-20
636.03,1.18509e-20
636.069,1.4167e-20
636.108,1.51983e-20
636.147,1.47159e-20
636.186,1.4675e-20
636.225,1.35095e-20
636.264,1.37654e-20
636.303,1.395e-20
636.342,1.43578e-20
636.381,1.42717e-20
636.42,1.23161e-20
636.46,1.07715e-20
636.499,1.11102e-20
636.538,1.20807e-20
636.577,1.19784e-20
636.616,1.3873e-20
636.655,1.4473e-20
636.694,1.29725e-20
636.733,1.41782e-20
636.772,1.45411e-20
636.811,1.44239e-20
636.85,1.59097e-20
636.89,1.52175e-20
636.929,1.4503e-20
636.968,1.54462e-20
637.007,1.43086e-20
637.046,1.33678e-20
637.085,1.20103e-20
637.124,1.10754e-20
637.164,1.26408e-20
637.203,1.16191e-20
637.242,1.20551e-20
637.281,1.38641e-20
637.32,1.3055e-20
637.359,1.33786e-20
637.399,1.44036e-20
637.438,1.36512e-20
637.477,1.25607e-20
637.516,1.3718e-20
637.555,1.29698e-20
637.595,1.26599e-20
637.634,1.57833e-20
637.673,1.62761e-20
637.712,1.53879e-20
637.752,1.45455e-20
637.791,1.46134e-20
637.83,1.57403e-20
637.869,1.57276e-20
637.909,1.56134e-20
637.948,1.5975e-20
637.987,1.56556e-20
638.026,1.4856e-20
638.066,1.52372e-20
638.105,1.4248e-20
638.144,1.32888e-20
638.183,1.3557e-20
638.223,1.20782e-20
638.262,1.05551e-20
638.301,1.00695e-20
638.341,9.98789e-21
638.38,9.91695e-21
638.419,1.05972e-20
638.458,1.09663e-20
638.498,1.15412e-20
638.537,1.16766e-20
638.576,1.19439e-20
638.616,1.29457e-20
638.655,1.12235e-20
638.694,1.33525e-20
638.734,1.371e-20
638.773,1.15431e-20
638.813,1.38328e-20
638.852,1.16921e-20
638.891,1.1947e-20
638.931,1.24967e-20
638.97,1.13557e-20
639.009,1.47572e-20
639.049,1.40772e-20
639.088,1.42336e-20
639.128,1.47689e-20
639.167,1.32581e-20
639.206,1.32867e-20
639.246,1.21698e-20
639.285,1.23081e-20
639.325,1.19332e-20
639.364,1.15701e-20
639.404,1.1589e-20
639.443,1.1468e-20
639.482,1.28928e-20
639.522,1.22093e-20
639.561,1.17068e-20
639.601,1.24177e-20
639.64,1.30603e-20
639.68,1.53842e-20
639.719,1.70996e-20
639.759,1.77253e-20
639.798,1.73125e-20
639.838,1.67879e-20
639.877,1.71477e-20
639.917,1.68513e-20
639.956,1.73784e-20
639.996,1.65388e-20
640.035,1.62819e-20
640.075,1.761e-20
640.114,1.47309e-20
640.154,1.26627e-20
640.193,1.1278e-20
640.233,1.01531e-20
640.272,1.18305e-20
640.312,1.24886e-20
640.351,1.40038e-20
640.391,1.45033e-20
640.431,1.48187e-20
640.47,1.55349e-20
640.51,1.48399e-20
640.549,1.58667e-20
640.589,1.60792e-20
640.628,1.61133e-20
640.668,1.63025e-20
640.708,1.55955e-20
640.747,1.41471e-20
640.787,1.37969e-20
640.826,1.57029e-20
640.866,1.42331e-20
640.906,1.31406e-20
640.945,1.43437e-20
640.985,1.38153e-20
641.024,1.44266e-20
641.064,1.53976e-20
641.104,1.51781e-20
641.143,1.5976e-20
641.183,1.60141e-20
641.223,1.49617e-20
641.262,1.52484e-20
641.302,1.48228e-20
641.342,1.43448e-20
641.381,1.36059e-20
641.421,1.32677e-20
641.461,1.41404e-20
641.5,1.34173e-20
641.54,1.36273e-20
641.58,1.3213e-20
641.62,1.37791e-20
641.659,1.63073e-20
641.699,1.7837e-20
641.739,1.94854e-20
641.778,1.90553e-20
641.818,1.87206e-20
641.858,1.89915e-20
641.898,1.98227e-20
641.937,1.90744e-20
641.977,1.71862e-20
642.017,1.77307e-20
642.057,1.63885e-20
642.096,1.66264e-20
642.136,1.70282e-20
642.176,1.63939e-20
642.216,1.71067e-20
642.256,1.78522e-20
642.295,1.95269e-20
642.335,2.02704e-20
642.375,2.23431e-20
642.415,2.23674e-20
642.455,2.30491e-20
642.494,2.30401e-20
642.534,2.08358e-20
642.574,2.44983e-20
642.614,2.31156e-20
642.654,2.23081e-20
642.694,2.36544e-20
642.733,2.01396e-20
642.773,2.01019e-20
642.813,1.86664e-20
642.853,1.97862e-20
642.893,2.37042e-20
642.933,2.08503e-20
642.973,1.54781e-20
643.012,1.75738e-20
643.052,2.25812e-20
643.092,1.91163e-20
643.132,1.85879e-20
643.172,2.10552e-20
643.212,1.98041e-20
643.252,2.08256e-20
643.292,2.20916e-20
643.332,2.34356e-20
643.372,2.42399e-20
643.411,2.42919e-20
643.451,2.42408e-20
643.491,2.0849e-20
643.531,1.76691e-20
643.571,1.79068e-20
643.611,1.87431e-20
643.651,1.98863e-20
643.691,1.99613e-20
643.731,1.76586e-20
643.771,1.71806e-20
643.811,1.69092e-20
643.851,1.49321e-20
643.891,1.43833e-20
643.931,1.49084e-20
643.971,1.50788e-20
644.011,1.4768e-20
644.051,1.37309e-20
644.091,1.33328e-20
644.131,1.42925e-20
644.171,1.33742e-20
644.211,1.2978e-20
644.251,1.36604e-20
644.291,1.24147e-20
644.331,1.18494e-20
644.371,1.10597e-20
644.411,1.10879e-20
644.451,1.14814e-20
644.491,1.053e-20
644.531,1.12435e-20
644.572,1.17322e-20
644.612,1.23961e-20
644.652,1.32613e-20
644.692,1.1906e-20
644.732,1.13742e-20
644.772,1.13259e-20
644.812,1.1719e-20
644.852,1.49337e-20
644.892,1.72161e-20
644.932,1.66438e-20
644.973,1.46375e-20
645.013,1.32894e-20
645.053,1.38115e-20
645.093,1.49062e-20
645.133,1.58397e-20
645.173,1.51447e-20
645.213,1.48761e-20
645.254,1.3935e-20
645.294,1.29217e-20
645.334,1.44596e-20
645.374,1.4732e-20
645.414,1.55818e-20
645.454,1.56902e-20
645.495,1.52448e-20
645.535,1.5854e-20
645.575,1.60079e-20
645.615,1.66502e-20
645.655,1.59907e-20
645.696,1.64749e-20
645.736,1.49879e-20
645.776,1.47149e-20
645.816,1.65741e-20
645.857,1.42787e-20
645.897,1.46221e-20
645.937,1.35909e-20
645.977,1.48533e-20
646.018,1.96434e-20
646.058,1.93145e-20
646.098,2.12756e-20
646.138,2.17207e-20
646.179,2.05859e-20
646.219,2.13771e-20
646.259,2.12817e-20
646.299,2.25911e-20
646.34,2.13724e-20
646.38,2.12397e-20
646.42,2.20325e-20
646.461,1.97961e-20
646.501,2.05999e-20
646.541,2.12167e-20
646.582,2.28853e-20
646.622,2.63945e-20
646.662,2.56741e-20
646.703,2.48108e-20
646.743,2.46486e-20
646.783,2.63493e-20
646.824,2.62568e-20
646.864,2.25781e-20
646.904,2.32044e-20
646.945,2.52971e-20
646.985,2.84019e-20
647.025,2.85032e-20
647.066,2.56884e-20
647.106,2.72391e-20
647.147,2.73658e-20
647.187,2.54783e-20
647.227,2.3806e-20
647.268,2.32284e-20
647.308,2.24161e-20
647.349,2.18929e-20
647.389,2.38612e-20
647.43,2.49855e-20
647.47,2.61921e-20
647.51,2.5237e-20
647.551,2.39169e-20
647.591,2.55956e-20
647.632,2.73455e-20
647.672,2.65235e-20
647.713,2.47644e-20
647.753,2.43421e-20
647.794,2.21027e-20
647.834,2.30332e-20
647.875,2.3554e-20
647.915,2.09793e-20
647.956,2.14586e-20
647.996,2.04836e-20
648.037,2.00875e-20
648.077,1.91714e-20
648.118,1.67254e-20
648.158,1.58132e-20
648.199,1.50268e-20
648.239,1.44521e-20
648.28,1.31777e-20
648.32,1.30634e-20
648.361,1.19766e-20
648.401,1.13234e-20
648.442,1.19152e-20
648.482,1.07655e-20
648.523,1.10927e-20
648.564,1.00669e-20
648.604,8.65824e-21
648.645,8.8116e-21
648.685,8.67352e-21
648.726,9.98355e-21
648.767,1.11411e-20
648.807,1.17594e-20
648.848,1.18579e-20
648.888,1.15459e-20
648.929,1.13532e-20
648.97,1.01873e-20
649.01,9.85281e-21
649.051,9.99447e-21
649.091,1.0101e-20
649.132,1.21058e-20
649.173,1.28834e-20
649.213,1.11252e-20
649.254,1.04299e-20
649.295,1.04357e-20
649.335,1.02125e-20
649.376,1.08618e-20
649.417,1.09259e-20
649.457,1.00809e-20
649.498,1.05074e-20
649.539,1.06917e-20
649.58,1.0257e-20
649.62,1.01212e-20
649.661,9.41046e-21
649.702,9.71801e-21
649.742,9.63338e-21
649.783,8.85718e-21
649.824,9.43615e-21
649.865,9.97243e-21
649.905,1.04059e-20
649.946,1.08252e-20
649.987,1.07374e-20
650.028,1.07813e-20
650.068,1.15879e-20
650.109,1.13549e-20
650.15,1.13238e-20
650.191,1.25694e-20
650.231,1.22572e-20
650.272,1.29117e-20
650.313,1.34694e-20
650.354,1.36754e-20
650.395,1.44234e-20
650.435,1.26413e-20
650.476,1.18634e-20
650.517,1.09755e-20
650.558,1.11493e-20
650.599,1.38624e-20
650.639,1.20051e-20
650.68,8.46788e-21
650.721,8.44863e-21
650.762,1.14655e-20
650.803,1.17527e-20
650.844,9.40405e-21
650.885,1.08183e-20
650.925,1.08756e-20
650.966,1.19996e-20
651.007,1.55844e-20
651.048,1.31263e-20
651.089,1.05446e-20
651.13,1.12005e-20
651.171,1.08573e-20
651.212,1.03893e-20
651.253,1.10948e-20
651.293,1.13453e-20
651.334,1.05454e-20
651.375,1.09464e-20
651.416,1.05706e-20
651.457,1.068e-20
651.498,1.20284e-20
651.539,1.12841e-20
651.58,1.13687e-20
651.621,1.10565e-20
651.662,9.31357e-21
651.703,8.86024e-21
651.744,8.79002e-21
651.785,8.63802e-21
651.826,8.66123e-21
651.867,9.99721e-21
651.908,1.01427e-20
651.949,8.99964e-21
651.99,9.36109e-21
652.031,9.65681e-21
652.072,1.05552e-20
652.113,1.03339e-20
652.154,9.30593e-21
652.195,9.51021e-21
652.236,8.39318e-21
652.277,7.51728e-21
652.318,7.89715e-21
652.359,9.22082e-21
652.4,1.01991e-20
652.441,9.9175e-21
652.482,1.00446e-20
652.523,9.94854e-21
652.564,1.02431e-20
652.605,1.00919e-20
652.646,9.60931e-21
652.688,9.70642e-21
652.729,9.47063e-21
652.77,9.544e-21
652.811,9.10072e-21
652.852,8.62515e-21
652.893,7.94994e-21
652.934,7.79087e-21
652.975,8.03911e-21
653.016,7.80233e-21
653.058,8.99775e-21
653.099,8.46523e-21
653.14,7.68339e-21
653.181,8.25694e-21
653.222,7.12478e-21
653.263,6.79726e-21
653.304,7.20454e-21
653.346,7.63984e-21
653.387,8.00617e-21
653.428,7.35466e-21
653.469,6.76696e-21
653.51,6.60602e-21
653.552,7.16036e-21
653.593,7.13642e-21
653.634,6.62411e-21
653.675,7.06954e-21
653.716,6.86796e-21
653.758,6.51921e-21
653.799,7.20573e-21
653.84,6.77013e-21
653.881,6.06974e-21
653.923,6.70097e-21
653.964,6.66524e-21
654.005,6.41462e-21
654.046,6.8936e-21
654.088,6.9059e-21
654.129,6.95864e-21
654.17,7.23082e-21
654.211,6.90762e-21
654.253,6.52823e-21
654.294,6.64434e-21
654.335,7.01862e-21
654.377,6.90607e-21
654.418,6.56411e-21
654.459,6.93968e-21
654.501,7.57868e-21
654.542,8.25495e-21
654.583,8.65867e-21
654.625,8.11662e-21
654.666,7.84463e-21
654.707,8.68924e-21
654.749,8.84671e-21
654.79,8.15145e-21
654.831,7.97945e-21
654.873,8.2536e-21
654.914,8.41518e-21
654.955,8.31048e-21
654.997,8.76794e-21
655.038,8.40212e-21
655.08,7.92466e-21
655.121,7.99246e-21
655.162,7.36219e-21
655.204,8.02659e-21
655.245,7.69856e-21
655.287,8.18989e-21
655.328,1.01886e-20
655.369,8.69274e-21
655.411,7.31376e-21
655.452,6.9717e-21
655.494,5.69597e-21
655.535,5.63225e-21
655.577,8.50267e-21
655.618,9.72258e-21
655.66,8.5558e-21
655.701,9.88797e-21
655.742,1.03525e-20
655.784,1.06996e-20
655.825,1.07666e-20
655.867,9.78288e-21
655.908,1.01502e-20
655.95,9.12195e-21
655.991,8.84484e-21
656.033,8.54844e-21
656.074,7.62886e-21
656.116,7.41787e-21
656.158,6.65349e-21
656.199,7.37491e-21
656.241,7.76848e-21
656.282,7.26819e-21
656.324,6.43372e-21
656.365,5.59136e-21
656.407,5.91573e-21
656.448,5.69375e-21
656.49,5.64095e-21
656.532,5.56781e-21
656.573,5.58537e-21
656.615,6.121e-21
656.656,6.03254e-21
656.698,6.70739e-21
656.739,7.19489e-21
656.781,7.07229e-21
656.823,7.39759e-21
656.864,7.57969e-21
656.906,8.12237e-21
656.948,7.96157e-21
656.989,6.9949e-21
657.031,6.34687e-21
657.072,5.94213e-21
657.114,5.82396e-21
657.156,5.50848e-21
657.197,5.36464e-21
657.239,5.23509e-21
657.281,5.17672e-21
657.322,5.30563e-21
657.364,5.76278e-21
657.406,6.23604e-21
657.447,5.91065e-21
657.489,6.12587e-21
657.531,5.84064e-21
657.573,5.79562e-21
657.614,6.31918e-21
657.656,6.30832e-21
657.698,7.05235e-21
657.739,6.41629e-21
657.781,5.94361e-21
657.823,6.23929e-21
657.865,5.53594e-21
657.906,5.56966e-21
657.948,5.85819e-21
657.99,5.89389e-21
658.032,5.64766e-21
658.073,5.76764e-21
658.115,5.72868e-21
658.157,5.54818e-21
658.199,5.62208e-21
658.241,5.58117e-21
658.282,6.23438e-21
658.324,6.08821e-21
658.366,5.7394e-21
658.408,5.41948e-21
658.45,5.61831e-21
658.491,6.14853e-21
658.533,5.76507e-21
658.575,6.53195e-21
658.617,6.48395e-21
658.659,6.42662e-21
658.701,6.58758e-21
658.742,5.68443e-21
658.784,5.96164e-21
658.826,5.85884e-21
658.868,5.99273e-21
658.91,6.37859e-21
658.952,6.49545e-21
658.994,6.5455e-21
659.036,6.03804e-21
659.077,6.70652e-21
659.119,7.03935e-21
659.161,6.29885e-21
659.203,6.45068e-21
659.245,7.85492e-21
659.287,7.5744e-21
659.329,6.13003e-21
659.371,6.31274e-21
659.413,6.20867e-21
659.455,6.04563e-21
659.497,5.68688e-21
659.539,6.23801e-21
659.581,7.50267e-21
659.623,6.90974e-21
659.665,7.06652e-21
659.707,6.96779e-21
659.749,6.17826e-21
659.791,6.10007e-21
659.833,5.52241e-21
659.875,5.49106e-21
659.917,5.9226e-21
659.959,6.16873e-21
660.001,6.7217e-21
660.043,7.10324e-21
660.085,6.37509e-21
660.127,5.49518e-21
660.169,5.20013e-21
660.211,4.82513e-21
660.253,4.80765e-21
660.295,4.85501e-21
660.337,4.51259e-21
660.379,4.28878e-21
660.421,4.28775e-21
660.463,4.10074e-21
660.505,3.99344e-21
660.547,4.0425e-21
660.589,4.20872e-21
660.631,4.66517e-21
660.674,4.43679e-21
660.716,4.2223e-21
660.758,4.6718e-21
660.8,4.51473e-21
660.842,3.97787e-21
660.884,3.81331e-21
660.926,3.63181e-21
660.968,3.73044e-21
661.011,3.96487e-21
661.053,3.76983e-21
661.095,4.72153e-21
661.137,5.74329e-21
661.179,4.92281e-21
661.221,3.93264e-21
661.263,3.60348e-21
661.306,3.40526e-21
661.348,3.26746e-21
661.39,3.64728e-21
661.432,3.55663e-21
661.474,3.15144e-21
661.517,3.38047e-21
661.559,3.33756e-21
661.601,3.23602e-21
661.643,3.47826e-21
661.686,3.57757e-21
661.728,3.3954e-21
661.77,3.37319e-21
661.812,3.4558e-21
661.855,3.50107e-21
661.897,3.48875e-21
661.939,3.38379e-21
661.981,3.50635e-21
662.024,3.59032e-21
662.066,3.41747e-21
662.108,3.26338e-21
662.15,3.18721e-21
662.193,3.08995e-21
662.235,3.07407e-21
662.277,3.23638e-21
662.32,2.99827e-21
662.362,2.74138e-21
662.404,2.94124e-21
662.447,3.22912e-21
662.489,3.00597e-21
662.531,2.58698e-21
662.574,2.57232e-21
662.616,2.85896e-21
662.658,2.84035e-21
662.701,2.78746e-21
662.743,2.93606e-21
662.785,2.86949e-21
662.828,3.0174e-21
662.87,2.96934e-21
662.913,2.97156e-21
662.955,3.09821e-21
662.997,2.97944e-21
663.04,3.21421e-21
663.082,3.04872e-21
663.125,2.87132e-21
663.167,2.91524e-21
663.209,2.71812e-21
663.252,2.8097e-21
663.294,2.73083e-21
663.337,2.7302e-21
663.379,2.9001e-21
663.422,2.82789e-21
663.464,2.87057e-21
663.506,2.87471e-21
663.549,2.71661e-21
663.591,2.56742e-21
663.634,2.63723e-21
663.676,2.37853e-21
663.719,2.28956e-21
663.761,2.57202e-21
663.804,2.82421e-21
663.846,2.90455e-21
663.889,2.80705e-21
663.931,3.01735e-21
663.974,3.05334e-21
664.016,2.9441e-21
664.059,2.76295e-21
664.102,2.40759e-21
664.144,2.65093e-21
664.187,2.88928e-21
664.229,2.84504e-21
664.272,2.89426e-21
664.314,2.89814e-21
664.357,2.93818e-21
664.399,3.26969e-21
664.442,3.31787e-21
664.485,3.17633e-21
664.527,3.49963e-21
664.57,3.64474e-21
664.612,4.02977e-21
664.655,4.82102e-21
664.698,4.4426e-21
664.74,3.67884e-21
664.783,3.84798e-21
664.826,3.90308e-21
664.868,4.08091e-21
664.911,4.65491e-21
664.953,4.77967e-21
664.996,4.75012e-21
665.039,4.80859e-21
665.081,4.92932e-21
665.124,4.84533e-21
665.167,4.56834e-21
665.209,4.5194e-21
665.252,4.57276e-21
665.295,4.5864e-21
665.337,4.58305e-21
665.38,4.63794e-21
665.423,4.46342e-21
665.466,4.32516e-21
665.508,4.84121e-21
665.551,5.14739e-21
665.594,4.84148e-21
665.637,4.87911e-21
665.679,5.20216e-21
665.722,5.13349e-21
665.765,4.51645e-21
665.808,4.40943e-21
665.85,5.09762e-21
665.893,5.23403e-21
665.936,6.01874e-21
665.979,6.94371e-21
666.021,6.8538e-21
666.064,7.54667e-21
666.107,7.33383e-21
666.15,6.69812e-21
666.193,6.706e-21
666.235,5.53209e-21
666.278,5.18093e-21
666.321,5.8626e-21
666.364,6.98322e-21
666.407,7.8177e-21
666.45,6.99721e-21
666.492,7.08705e-21
666.535,7.93197e-21
666.578,8.13394e-21
