# NO2 absorption cross section. Vandaele et al. (1998), 294 K.
# Source: MPI-Mainz UV/VIS Atlas /uvvis_data/cross_sections/Nitrogen oxides/
#   NO2_Vandaele(1998)_294K_238-667nm.txt
# Reference: Vandaele et al., JQSRT 59, 171 (1998); Atlas DOI 10.5194/essd-5-365-2013.
# Wavelength 238-667 nm; cross section cm^2/molecule.
wavelength_nm,cross_section_cm2
238.082,7.28791e-20
238.088,1.2477e-19
238.093,9.24153e-20
238.099,8.54456e-20
238.104,8.89844e-20
238.11,1.14392e-19
238.115,9.64958e-20
238.12,7.86166e-20
238.126,1.04254e-19
238.131,9.21527e-20
238.137,8.2119e-20
238.142,8.90952e-20
238.148,8.95734e-20
238.153,9.29822e-20
238.159,8.87247e-20
238.164,8.14478e-20
238.17,7.82888e-20
238.175,8.49217e-20
238.181,8.53936e-20
238.186,6.92084e-20
238.192,8.50681e-20
238.197,9.39094e-20
238.203,8.23614e-20
238.208,1.13264e-19
238.213,7.34014e-20
238.219,1.00547e-19
238.224,9.0666e-20
238.23,8.78402e-20
238.235,1.15573e-19
238.241,1.06514e-19
238.246,9.27852e-20
238.252,8.43876e-20
238.257,1.14041e-19
238.263,1.00841e-19
238.268,8.63231e-20
238.274,8.33253e-20
238.279,8.40437e-20
238.285,8.99486e-20
238.29,7.64511e-20
238.296,1.05968e-19
238.301,9.74686e-20
238.307,8.615e-20
238.312,9.90698e-20
238.318,8.02503e-20
238.323,8.19782e-20
238.328,8.65921e-20
238.334,8.12479e-20
238.339,1.00765e-19
238.345,8.56615e-20
238.35,7.292e-20
238.356,8.07719e-20
238.361,7.8025e-20
238.367,7.79734e-20
238.372,8.00467e-20
238.378,8.50039e-20
238.383,8.45071e-20
238.389,7.0971e-20
238.394,8.63604e-20
238.4,7.61941e-20
238.405,8.17403e-20
238.411,8.48143e-20
238.416,7.5332e-20
238.422,7.85128e-20
238.427,9.32356e-20
238.433,8.34269e-20
238.438,8.36115e-20
238.444,9.33489e-20
238.449,7.46082e-20
238.455,1.1149e-19
238.46,9.20304e-20
238.466,7.70863e-20
238.471,9.34703e-20
238.476,8.32139e-20
238.482,7.6753e-20
238.487,7.61274e-20
238.493,9.04114e-20
238.498,6.55888e-20
238.504,6.44704e-20
238.509,7.99411e-20
238.515,8.17951e-20
238.52,9.54786e-20
238.526,7.87013e-20
238.531,7.63044e-20
238.537,8.2525e-20
238.542,7.20926e-20
238.548,6.38414e-20
238.553,7.65834e-20
238.559,8.54213e-20
238.564,8.24034e-20
238.57,7.88635e-20
238.575,7.76122e-20
238.581,7.13667e-20
238.586,7.98906e-20
238.592,7.1012e-20
238.597,8.51021e-20
238.603,7.96453e-20
238.608,8.17781e-20
238.614,7.05796e-20
238.619,6.54727e-20
238.625,8.95564e-20
238.63,7.24469e-20
238.636,7.59612e-20
238.641,7.52914e-20
238.647,8.19062e-20
238.652,8.14878e-20
238.658,6.96134e-20
238.663,8.6733e-20
238.669,9.497e-20
238.674,6.53983e-20
238.68,7.33439e-20
238.685,7.94607e-20
238.691,8.75722e-20
238.696,6.62812e-20
238.702,7.00497e-20
238.707,7.70293e-20
238.713,5.71799e-20
238.718,7.83725e-20
238.724,6.65659e-20
238.729,6.58512e-20
238.735,7.84794e-20
238.74,6.26854e-20
238.746,6.37153e-20
238.751,7.9163e-20
238.757,7.20759e-20
238.762,6.60409e-20
238.768,6.78865e-20
238.773,6.74758e-20
238.779,5.79784e-20
238.784,6.88891e-20
238.79,7.1728e-20
238.795,9.31088e-20
238.801,8.04336e-20
238.806,6.65182e-20
238.812,5.98856e-20
238.817,6.38794e-20
238.823,6.5962e-20
238.828,6.15912e-20
238.834,8.42256e-20
238.839,6.47943e-20
238.845,6.99302e-20
238.85,7.78252e-20
238.856,5.96233e-20
238.861,5.42439e-20
238.867,6.93043e-20
238.872,7.32012e-20
238.878,9.1336e-20
238.883,7.3152e-20
238.889,6.07404e-20
238.894,8.40588e-20
238.9,7.54486e-20
238.905,7.58453e-20
238.911,7.22174e-20
238.916,7.66649e-20
238.922,6.44795e-20
238.927,6.77544e-20
238.933,7.51889e-20
238.938,7.20757e-20
238.944,6.32963e-20
238.949,6.97536e-20
238.955,7.70119e-20
238.96,9.35684e-20
238.966,8.24652e-20
238.971,6.91815e-20
238.977,6.77599e-20
238.982,7.55731e-20
238.988,8.09234e-20
238.993,6.70244e-20
238.999,7.77867e-20
239.004,8.4417e-20
239.01,7.5813e-20
239.015,8.38375e-20
239.021,7.78837e-20
239.026,1.01481e-19
239.032,8.42851e-20
239.037,7.22897e-20
239.043,9.2606e-20
239.048,1.03207e-19
239.054,8.81111e-20
239.059,8.12256e-20
239.065,9.77849e-20
239.07,1.07836e-19
239.076,9.27404e-20
239.081,1.02995e-19
239.087,1.01664e-19
239.092,9.56177e-20
239.098,9.44786e-20
239.104,8.58883e-20
239.109,9.05791e-20
239.115,8.18954e-20
239.12,8.08769e-20
239.126,8.77127e-20
239.131,9.76953e-20
239.137,7.98762e-20
239.142,9.75834e-20
239.148,9.62934e-20
239.153,9.4479e-20
239.159,8.63274e-20
239.164,9.80854e-20
239.17,9.14115e-20
239.175,8.73913e-20
239.181,9.02773e-20
239.186,1.01491e-19
239.192,9.97161e-20
239.197,8.63432e-20
239.203,8.79732e-20
239.208,8.91056e-20
239.214,9.69591e-20
239.219,1.12982e-19
239.225,9.7508e-20
239.23,1.06239e-19
239.236,8.6246e-20
239.241,1.07833e-19
239.247,1.04537e-19
239.252,1.04213e-19
239.258,9.74526e-20
239.264,9.95765e-20
239.269,1.1314e-19
239.275,9.19646e-20
239.28,9.5157e-20
239.286,9.66104e-20
239.291,1.04073e-19
239.297,1.01861e-19
239.302,1.14474e-19
239.308,8.73865e-20
239.313,8.86132e-20
239.319,1.23211e-19
239.324,8.51752e-20
239.33,1.02203e-19
239.335,1.07913e-19
239.341,9.16114e-20
239.346,1.10564e-19
239.352,8.14163e-20
239.357,9.23996e-20
239.363,7.97314e-20
239.369,9.18513e-20
239.374,9.24193e-20
239.38,8.65597e-20
239.385,9.40422e-20
239.391,9.83011e-20
239.396,1.0101e-19
239.402,8.55652e-20
239.407,9.1769e-20
239.413,1.05371e-19
239.418,8.58066e-20
239.424,1.09163e-19
239.429,9.82158e-20
239.435,8.72935e-20
239.44,9.83508e-20
239.446,8.985e-20
239.451,9.06309e-20
239.457,1.03677e-19
239.462,1.09683e-19
239.468,9.79077e-20
239.474,9.85602e-20
239.479,9.54551e-20
239.485,1.15079e-19
239.49,7.98293e-20
239.496,9.05792e-20
239.501,9.69678e-20
239.507,8.39351e-20
239.512,8.89048e-20
239.518,9.68374e-20
239.523,1.00607e-19
239.529,9.8845e-20
239.534,1.00551e-19
239.54,8.98209e-20
239.545,9.64848e-20
239.551,8.08601e-20
239.557,1.23789e-19
239.562,9.20039e-20
239.568,9.71897e-20
239.573,8.38998e-20
239.579,8.37193e-20
239.584,9.05573e-20
239.59,1.0606e-19
239.595,7.57924e-20
239.601,8.93856e-20
239.606,9.54065e-20
239.612,1.05051e-19
239.617,9.71232e-20
239.623,8.69481e-20
239.629,8.08064e-20
239.634,7.65725e-20
239.64,8.60619e-20
239.645,9.00293e-20
239.651,8.17574e-20
239.656,8.19064e-20
239.662,8.2083e-20
239.667,8.14734e-20
239.673,7.60381e-20
239.678,8.31491e-20
239.684,8.96149e-20
239.689,8.74639e-20
239.695,8.32461e-20
239.701,7.99685e-20
239.706,8.95328e-20
239.712,8.51493e-20
239.717,8.44653e-20
239.723,1.07709e-19
239.728,9.07555e-20
239.734,7.59721e-20
239.739,7.913e-20
239.745,9.61543e-20
239.75,8.0153e-20
239.756,8.37903e-20
239.762,7.39758e-20
239.767,7.77442e-20
239.773,9.04795e-20
239.778,7.56603e-20
239.784,7.61331e-20
239.789,7.94137e-20
239.795,7.43031e-20
239.8,8.5655e-20
239.806,8.10712e-20
239.811,7.592e-20
239.817,7.65097e-20
239.823,7.68615e-20
239.828,7.3964e-20
239.834,8.36067e-20
239.839,7.23765e-20
239.845,6.95345e-20
239.85,8.3274e-20
239.856,8.07734e-20
239.861,8.10119e-20
239.867,7.20464e-20
239.872,7.32223e-20
239.878,7.31031e-20
239.884,7.04754e-20
239.889,8.0409e-20
239.895,6.08607e-20
239.9,7.31369e-20
239.906,6.84765e-20
239.911,7.8229e-20
239.917,7.25738e-20
239.922,7.39045e-20
239.928,6.69916e-20
239.934,7.84538e-20
239.939,6.01626e-20
239.945,5.76251e-20
239.95,7.30891e-20
239.956,6.55318e-20
239.961,7.33853e-20
239.967,7.70554e-20
239.972,6.18524e-20
239.978,7.10024e-20
239.984,6.63158e-20
239.989,7.02941e-20
239.995,7.31812e-20
240,6.75142e-20
240.006,6.95458e-20
240.011,7.06336e-20
240.017,6.15971e-20
240.022,5.81087e-20
240.028,5.8479e-20
240.034,6.55724e-20
240.039,6.94313e-20
240.045,7.4187e-20
240.05,5.99911e-20
240.056,6.33092e-20
240.061,6.78833e-20
240.067,6.36875e-20
240.072,6.57322e-20
240.078,6.37009e-20
240.084,6.22368e-20
240.089,5.90884e-20
240.095,6.27812e-20
240.1,6.2175e-20
240.106,6.62923e-20
240.111,6.4615e-20
240.117,6.476e-20
240.123,5.43248e-20
240.128,5.78042e-20
240.134,5.79017e-20
240.139,5.95172e-20
240.145,6.17226e-20
240.15,5.07618e-20
240.156,4.83382e-20
240.161,5.04855e-20
240.167,5.29685e-20
240.173,5.47382e-20
240.178,5.89705e-20
240.184,6.02907e-20
240.189,5.791e-20
240.195,6.15003e-20
240.2,6.5632e-20
240.206,5.32021e-20
240.212,5.53654e-20
240.217,4.76917e-20
240.223,4.90373e-20
240.228,5.29428e-20
240.234,4.83394e-20
240.239,5.62141e-20
240.245,5.71627e-20
240.25,5.4229e-20
240.256,5.01061e-20
240.262,4.69081e-20
240.267,5.33062e-20
240.273,5.73673e-20
240.278,5.15823e-20
240.284,4.79494e-20
240.289,5.6059e-20
240.295,5.6581e-20
240.301,4.72796e-20
240.306,5.56842e-20
240.312,4.89217e-20
240.317,4.88442e-20
240.323,4.77861e-20
240.328,4.97016e-20
240.334,5.53496e-20
240.34,5.31644e-20
240.345,4.56784e-20
240.351,5.92622e-20
240.356,5.17047e-20
240.362,5.19572e-20
240.367,5.48963e-20
240.373,5.01907e-20
240.379,4.94351e-20
240.384,4.91061e-20
240.39,4.98059e-20
240.395,5.09468e-20
240.401,4.33876e-20
240.406,4.54177e-20
240.412,4.83559e-20
240.418,4.24982e-20
240.423,5.00741e-20
240.429,4.8295e-20
240.434,4.48084e-20
240.44,4.43044e-20
240.446,4.42497e-20
240.451,4.62054e-20
240.457,4.28651e-20
240.462,4.29027e-20
240.468,4.6278e-20
240.473,4.67432e-20
240.479,4.55744e-20
240.485,4.60551e-20
240.49,4.3717e-20
240.496,4.77287e-20
240.501,4.3803e-20
240.507,4.73659e-20
240.512,4.52105e-20
240.518,4.24603e-20
240.524,4.62052e-20
240.529,3.92713e-20
240.535,4.24347e-20
240.54,4.56442e-20
240.546,4.45594e-20
240.552,4.49037e-20
240.557,4.74753e-20
240.563,3.81638e-20
240.568,3.84698e-20
240.574,3.80572e-20
240.579,3.50633e-20
240.585,3.69235e-20
240.591,3.99761e-20
240.596,4.03271e-20
240.602,3.88436e-20
240.607,4.26743e-20
240.613,4.14418e-20
240.619,4.48024e-20
240.624,4.39608e-20
240.63,3.98037e-20
240.635,4.29755e-20
240.641,3.91019e-20
240.646,4.10286e-20
240.652,4.18728e-20
240.658,3.83583e-20
240.663,4.11639e-20
240.669,4.11224e-20
240.674,4.30198e-20
240.68,3.96553e-20
240.686,3.91913e-20
240.691,4.26299e-20
240.697,3.33679e-20
240.702,3.63226e-20
240.708,4.01603e-20
240.713,3.39242e-20
240.719,3.79712e-20
240.725,4.32996e-20
240.73,4.54058e-20
240.736,3.59607e-20
240.741,3.37533e-20
240.747,4.86955e-20
240.753,3.62475e-20
240.758,3.55364e-20
240.764,3.99191e-20
240.769,3.91466e-20
240.775,3.89704e-20
240.781,3.25376e-20
240.786,3.57199e-20
240.792,3.75164e-20
240.797,3.74467e-20
240.803,3.57144e-20
240.809,3.25135e-20
240.814,3.50803e-20
240.82,3.36553e-20
240.825,3.04798e-20
240.831,3.00753e-20
240.837,3.36088e-20
240.842,3.36092e-20
240.848,3.23251e-20
240.853,3.40928e-20
240.859,3.0113e-20
240.864,3.34367e-20
240.87,4.00978e-20
240.876,2.98193e-20
240.881,3.20033e-20
240.887,3.2923e-20
240.892,3.02318e-20
240.898,3.39694e-20
240.904,3.4449e-20
240.909,3.15957e-20
240.915,2.71559e-20
240.92,3.29119e-20
240.926,3.26274e-20
240.932,2.56534e-20
240.937,3.08187e-20
240.943,3.23933e-20
240.948,2.75882e-20
240.954,2.8657e-20
240.96,3.02909e-20
240.965,2.6234e-20
240.971,2.5667e-20
240.976,3.14962e-20
240.982,3.06152e-20
240.988,2.66635e-20
240.993,2.92035e-20
240.999,2.41563e-20
241.004,2.66031e-20
241.01,3.17497e-20
241.016,2.60299e-20
241.021,3.05794e-20
241.027,3.27097e-20
241.032,2.64501e-20
241.038,2.82865e-20
241.044,2.80807e-20
241.049,2.38682e-20
241.055,2.56067e-20
241.06,3.08516e-20
241.066,3.05434e-20
241.072,2.81153e-20
241.077,2.8805e-20
241.083,3.14495e-20
241.089,2.67968e-20
241.094,2.68879e-20
241.1,2.81389e-20
241.105,2.33061e-20
241.111,2.71339e-20
241.117,3.0676e-20
241.122,2.80753e-20
241.128,2.65585e-20
241.133,2.62521e-20
241.139,2.43277e-20
241.145,2.41653e-20
241.15,2.5439e-20
241.156,2.29118e-20
241.161,2.73569e-20
241.167,2.26402e-20
241.173,2.3618e-20
241.178,2.80745e-20
241.184,2.48003e-20
241.189,2.74367e-20
241.195,2.45805e-20
241.201,2.09103e-20
241.206,2.36514e-20
241.212,2.43281e-20
241.218,2.66797e-20
241.223,2.57015e-20
241.229,2.55652e-20
241.234,2.6159e-20
241.24,2.69435e-20
241.246,2.4003e-20
241.251,2.3374e-20
241.257,2.66677e-20
241.262,2.38605e-20
241.268,2.10163e-20
241.274,2.44472e-20
241.279,2.83647e-20
241.285,2.446e-20
241.291,2.15991e-20
241.296,2.41571e-20
241.302,2.50827e-20
241.307,2.57026e-20
241.313,2.38679e-20
241.319,2.26475e-20
241.324,2.38317e-20
241.33,2.34667e-20
241.335,2.12581e-20
241.341,1.9627e-20
241.347,2.13081e-20
241.352,2.17551e-20
241.358,2.34395e-20
241.364,2.12405e-20
241.369,2.23948e-20
241.375,2.3743e-20
241.38,1.97706e-20
241.386,2.24995e-20
241.392,2.2562e-20
241.397,2.20147e-20
241.403,2.15339e-20
241.409,2.02765e-20
241.414,2.33354e-20
241.42,2.19879e-20
241.425,2.11917e-20
241.431,2.54339e-20
241.437,2.4096e-20
241.442,2.34831e-20
241.448,2.23104e-20
241.453,1.96207e-20
241.459,2.32749e-20
241.465,2.5358e-20
241.47,2.05097e-20
241.476,2.06753e-20
241.482,2.35362e-20
241.487,2.51613e-20
241.493,2.35559e-20
241.499,2.06817e-20
241.504,2.11768e-20
241.51,2.24519e-20
241.515,2.20092e-20
241.521,2.14958e-20
241.527,1.88311e-20
241.532,2.14092e-20
241.538,2.34889e-20
241.544,2.20686e-20
241.549,2.396e-20
241.555,2.26496e-20
241.56,2.03493e-20
241.566,2.17575e-20
241.572,2.26883e-20
241.577,2.63504e-20
241.583,2.40529e-20
241.589,2.30365e-20
241.594,2.66991e-20
241.6,2.12057e-20
241.605,1.86396e-20
241.611,2.13562e-20
241.617,2.35006e-20
241.622,2.33259e-20
241.628,2.19048e-20
241.634,2.10245e-20
241.639,2.18303e-20
241.645,2.41451e-20
241.65,2.45953e-20
241.656,2.36561e-20
241.662,2.3279e-20
241.667,2.43344e-20
241.673,2.35819e-20
241.679,2.17675e-20
241.684,2.57005e-20
241.69,2.77157e-20
241.696,2.58555e-20
241.701,2.41271e-20
241.707,2.63932e-20
241.712,2.53791e-20
241.718,2.4661e-20
241.724,2.69516e-20
241.729,2.7206e-20
241.735,3.01193e-20
241.741,2.79773e-20
241.746,2.36945e-20
241.752,2.42409e-20
241.758,2.62682e-20
241.763,2.80463e-20
241.769,2.77107e-20
241.774,2.6702e-20
241.78,2.83612e-20
241.786,2.97455e-20
241.791,2.85468e-20
241.797,2.97453e-20
241.803,2.80098e-20
241.808,2.74246e-20
241.814,2.87381e-20
241.82,2.86037e-20
241.825,3.06108e-20
241.831,3.4771e-20
241.837,3.28257e-20
241.842,3.05221e-20
241.848,3.37544e-20
241.853,3.63748e-20
241.859,3.36911e-20
241.865,3.6892e-20
241.87,3.70114e-20
241.876,3.18589e-20
241.882,3.73791e-20
241.887,4.1562e-20
241.893,3.92222e-20
241.899,4.04318e-20
241.904,3.97916e-20
241.91,4.00708e-20
241.916,4.29001e-20
241.921,4.63781e-20
241.927,4.62387e-20
241.932,4.53347e-20
241.938,4.5575e-20
241.944,4.61086e-20
241.949,5.09931e-20
241.955,5.48089e-20
241.961,5.75734e-20
241.966,5.57345e-20
241.972,5.98211e-20
241.978,6.02709e-20
241.983,5.8218e-20
241.989,6.66021e-20
241.995,6.44014e-20
242,6.22571e-20
242.006,6.37993e-20
242.012,6.80528e-20
242.017,7.03387e-20
242.023,6.69844e-20
242.028,7.70694e-20
242.034,6.98025e-20
242.04,6.85858e-20
242.045,9.19656e-20
242.051,7.35796e-20
242.057,7.92025e-20
242.062,7.89148e-20
242.068,8.1024e-20
242.074,7.94606e-20
242.079,7.54617e-20
242.085,8.98953e-20
242.091,8.4679e-20
242.096,7.9614e-20
242.102,1.011e-19
242.108,9.09395e-20
242.113,9.80965e-20
242.119,9.57018e-20
242.125,9.02089e-20
242.13,9.42415e-20
242.136,8.70148e-20
242.142,9.78943e-20
242.147,9.34051e-20
242.153,1.00453e-19
242.158,1.01151e-19
242.164,8.16656e-20
242.17,1.09811e-19
242.175,9.5781e-20
242.181,9.86373e-20
242.187,9.30052e-20
242.192,9.97303e-20
242.198,1.0465e-19
242.204,9.61568e-20
242.209,1.06779e-19
242.215,1.02368e-19
242.221,9.73559e-20
242.226,1.0365e-19
242.232,9.87066e-20
242.238,1.00475e-19
242.243,8.34275e-20
242.249,1.03309e-19
242.255,1.00433e-19
242.26,9.32188e-20
242.266,1.04782e-19
242.272,1.00004e-19
242.277,1.08089e-19
242.283,1.03068e-19
242.289,1.13153e-19
242.294,8.86635e-20
242.3,1.07507e-19
242.306,1.10729e-19
242.311,9.36876e-20
242.317,9.57795e-20
242.323,9.18e-20
242.328,1.09705e-19
242.334,9.82904e-20
242.34,1.03366e-19
242.345,1.06984e-19
242.351,9.78628e-20
242.357,1.17391e-19
242.362,1.05523e-19
242.368,1.14604e-19
242.374,1.094e-19
242.379,8.96321e-20
242.385,1.10288e-19
242.391,9.22717e-20
242.396,1.00788e-19
242.402,1.11986e-19
242.408,9.9173e-20
242.413,1.11757e-19
242.419,1.07362e-19
242.425,1.10351e-19
242.43,9.69716e-20
242.436,1.02739e-19
242.442,1.04615e-19
242.447,8.93735e-20
242.453,1.00689e-19
242.459,1.02507e-19
242.464,9.89918e-20
242.47,1.03394e-19
242.476,9.46263e-20
242.481,1.19538e-19
242.487,1.06181e-19
242.493,9.73037e-20
242.498,1.03719e-19
242.504,1.01867e-19
242.51,9.41646e-20
242.515,1.04712e-19
242.521,9.11857e-20
242.527,1.12555e-19
242.532,1.04768e-19
242.538,9.71885e-20
242.544,1.04516e-19
242.549,1.02018e-19
242.555,9.29348e-20
242.561,9.97232e-20
242.566,1.00569e-19
242.572,1.03809e-19
242.578,1.10354e-19
242.583,9.2889e-20
242.589,8.35559e-20
242.595,9.78641e-20
242.6,1.0332e-19
242.606,9.59518e-20
242.612,8.90342e-20
242.618,9.17944e-20
242.623,8.73172e-20
242.629,9.95886e-20
242.635,8.89982e-20
242.64,8.43378e-20
242.646,9.0372e-20
242.652,8.69437e-20
242.657,8.262e-20
242.663,9.85362e-20
242.669,8.75569e-20
242.674,7.95324e-20
242.68,9.67926e-20
242.686,8.57602e-20
242.691,8.92126e-20
242.697,1.06543e-19
242.703,9.47825e-20
242.708,9.03036e-20
242.714,7.91454e-20
242.72,7.80993e-20
242.725,9.19444e-20
242.731,8.22113e-20
242.737,8.86835e-20
242.742,8.36218e-20
242.748,8.88731e-20
242.754,9.31221e-20
242.76,8.10149e-20
242.765,9.08631e-20
242.771,7.86967e-20
242.777,8.65846e-20
242.782,8.02101e-20
242.788,7.5842e-20
242.794,8.36144e-20
242.799,7.70874e-20
242.805,7.70363e-20
242.811,7.66556e-20
242.816,7.08305e-20
242.822,7.9974e-20
242.828,7.35425e-20
242.833,7.10422e-20
242.839,7.68788e-20
242.845,8.40098e-20
242.851,8.19303e-20
242.856,7.40363e-20
242.862,7.01485e-20
242.868,7.1924e-20
242.873,7.6574e-20
242.879,7.13697e-20
242.885,6.69119e-20
242.89,6.23711e-20
242.896,6.90172e-20
242.902,7.15097e-20
242.907,7.14793e-20
242.913,6.86604e-20
242.919,7.50878e-20
242.924,6.63373e-20
242.93,6.57946e-20
242.936,7.28296e-20
242.942,6.57668e-20
242.947,8.10444e-20
242.953,7.79332e-20
242.959,6.98915e-20
242.964,6.57249e-20
242.97,7.08493e-20
242.976,8.25216e-20
242.981,7.48961e-20
242.987,6.8535e-20
242.993,6.96954e-20
242.999,7.49902e-20
243.004,7.08962e-20
243.01,6.71496e-20
243.016,7.06127e-20
243.021,6.57996e-20
243.027,7.41737e-20
243.033,7.64962e-20
243.038,6.26389e-20
243.044,6.95743e-20
243.05,7.07912e-20
243.055,7.40722e-20
243.061,7.14965e-20
243.067,6.72068e-20
243.073,6.7246e-20
243.078,6.64615e-20
243.084,7.08021e-20
243.09,7.50137e-20
243.095,6.97846e-20
243.101,6.81861e-20
243.107,7.57977e-20
243.112,6.89017e-20
243.118,6.92864e-20
243.124,6.73874e-20
243.13,7.79901e-20
243.135,7.22556e-20
243.141,6.31459e-20
243.147,7.54156e-20
243.152,7.56597e-20
243.158,6.92345e-20
243.164,6.59923e-20
243.17,6.90894e-20
243.175,7.60627e-20
243.181,7.19099e-20
243.187,7.27676e-20
243.192,6.7322e-20
243.198,6.95429e-20
243.204,7.14762e-20
243.209,6.69131e-20
243.215,7.23219e-20
243.221,6.54291e-20
243.227,6.54625e-20
243.232,7.01623e-20
243.238,7.20609e-20
243.244,7.16268e-20
243.249,6.81249e-20
243.255,7.29098e-20
243.261,7.48056e-20
243.267,6.74064e-20
243.272,6.69472e-20
243.278,7.24858e-20
243.284,6.79291e-20
243.289,6.14537e-20
243.295,6.58751e-20
243.301,6.51268e-20
243.306,6.78264e-20
243.312,6.332e-20
243.318,5.90507e-20
243.324,5.79056e-20
243.329,6.44675e-20
243.335,7.39593e-20
243.341,6.99314e-20
243.346,6.80779e-20
243.352,6.41853e-20
243.358,5.84418e-20
243.364,6.30418e-20
243.369,6.65306e-20
243.375,6.14416e-20
243.381,6.45697e-20
243.386,6.70517e-20
243.392,5.87548e-20
243.398,5.95752e-20
243.404,6.35928e-20
243.409,6.02581e-20
243.415,6.28053e-20
243.421,6.33231e-20
243.426,6.02891e-20
243.432,5.84807e-20
243.438,5.65983e-20
243.444,5.63373e-20
243.449,5.95859e-20
243.455,5.97711e-20
243.461,5.31445e-20
243.466,5.68603e-20
243.472,6.12354e-20
243.478,5.68758e-20
243.484,6.091e-20
243.489,6.06892e-20
243.495,5.60645e-20
243.501,5.74115e-20
243.506,5.63041e-20
243.512,5.26652e-20
243.518,5.18085e-20
243.524,5.06675e-20
243.529,5.09109e-20
243.535,5.12573e-20
243.541,5.3287e-20
243.547,5.28277e-20
243.552,4.86883e-20
243.558,5.04087e-20
243.564,4.92872e-20
243.569,4.86967e-20
243.575,4.91957e-20
243.581,5.18501e-20
243.587,5.1797e-20
243.592,5.01428e-20
243.598,4.796e-20
243.604,4.81047e-20
243.609,4.46104e-20
243.615,4.20532e-20
243.621,4.34716e-20
243.627,4.72643e-20
243.632,4.72636e-20
243.638,4.50596e-20
243.644,4.38033e-20
243.65,4.57186e-20
243.655,4.33312e-20
243.661,3.95074e-20
243.667,4.05188e-20
243.672,4.40991e-20
243.678,4.11324e-20
243.684,4.31269e-20
243.69,4.50594e-20
243.695,4.28107e-20
243.701,4.55582e-20
243.707,4.53877e-20
243.713,4.30766e-20
243.718,4.14512e-20
243.724,3.84968e-20
243.73,4.12479e-20
243.735,3.94075e-20
243.741,3.5987e-20
243.747,3.7468e-20
243.753,3.85259e-20
243.758,3.8088e-20
243.764,3.63785e-20
243.77,3.61862e-20
243.776,3.47269e-20
243.781,3.46272e-20
243.787,3.2963e-20
243.793,3.29846e-20
243.799,3.66396e-20
243.804,3.61657e-20
243.81,3.68061e-20
243.816,3.63376e-20
243.821,3.41362e-20
243.827,3.48019e-20
243.833,3.5802e-20
243.839,3.60228e-20
243.844,3.3384e-20
243.85,3.67352e-20
243.856,3.65562e-20
243.862,3.40624e-20
243.867,3.40921e-20
243.873,3.19981e-20
243.879,3.41042e-20
243.885,3.3629e-20
243.89,2.92842e-20
243.896,3.27821e-20
243.902,3.36345e-20
243.908,2.99585e-20
243.913,3.05183e-20
243.919,3.08428e-20
243.925,2.9827e-20
243.93,3.00904e-20
243.936,2.9737e-20
243.942,2.84644e-20
243.948,2.88206e-20
243.953,2.85376e-20
243.959,2.80614e-20
243.965,2.87511e-20
243.971,2.88383e-20
243.976,2.62393e-20
243.982,2.64183e-20
243.988,2.77662e-20
243.994,2.87139e-20
243.999,2.78606e-20
244.005,2.50703e-20
244.011,2.74551e-20
244.017,2.77511e-20
244.022,2.69493e-20
244.028,2.92107e-20
244.034,2.5171e-20
244.04,2.5453e-20
244.045,2.60498e-20
244.051,2.37925e-20
244.057,2.62976e-20
244.063,2.6325e-20
244.068,2.59601e-20
244.074,2.65438e-20
244.08,2.48757e-20
244.086,2.51907e-20
244.091,2.55898e-20
244.097,2.34643e-20
244.103,2.35365e-20
244.109,2.4373e-20
244.114,2.36244e-20
244.12,2.4521e-20
244.126,2.45234e-20
244.132,2.53895e-20
244.137,2.66173e-20
244.143,2.52598e-20
244.149,2.36296e-20
244.155,2.44264e-20
244.16,2.56854e-20
244.166,2.18744e-20
244.172,2.16342e-20
244.178,2.43215e-20
244.183,2.37048e-20
244.189,2.4733e-20
244.195,2.32587e-20
244.201,2.26638e-20
244.206,2.41222e-20
244.212,2.10505e-20
244.218,2.1445e-20
244.224,2.49484e-20
244.229,2.31531e-20
244.235,2.34399e-20
244.241,2.40314e-20
244.247,2.188e-20
244.252,2.30323e-20
244.258,2.15692e-20
244.264,2.11357e-20
244.27,2.25264e-20
244.275,2.10436e-20
244.281,2.30226e-20
244.287,2.3307e-20
244.293,2.27097e-20
244.298,2.12249e-20
244.304,2.00939e-20
244.31,2.22367e-20
244.316,2.09312e-20
244.321,2.25915e-20
244.327,2.30867e-20
244.333,1.95841e-20
244.339,2.2916e-20
244.344,2.38559e-20
244.35,2.31589e-20
244.356,2.3208e-20
244.362,2.21759e-20
244.367,2.29133e-20
244.373,2.18476e-20
244.379,2.0098e-20
244.385,1.98752e-20
244.39,2.01425e-20
244.396,2.10138e-20
244.402,2.07384e-20
244.408,2.13044e-20
244.414,2.40536e-20
244.419,2.21344e-20
244.425,1.89992e-20
244.431,1.81521e-20
244.437,2.02003e-20
244.442,2.0735e-20
244.448,1.97859e-20
244.454,2.20977e-20
244.46,2.1486e-20
244.465,2.10889e-20
244.471,2.00674e-20
244.477,1.92824e-20
244.483,2.27478e-20
244.488,2.04357e-20
244.494,2.17328e-20
244.5,2.29566e-20
244.506,2.21581e-20
244.512,2.32875e-20
244.517,2.07116e-20
244.523,2.16735e-20
244.529,2.36695e-20
244.535,2.28218e-20
244.54,2.0431e-20
244.546,2.23195e-20
244.552,2.69405e-20
244.558,2.19765e-20
244.563,2.29767e-20
244.569,2.52684e-20
244.575,2.4136e-20
244.581,2.6503e-20
244.587,2.54129e-20
244.592,2.60936e-20
244.598,2.48106e-20
244.604,2.51811e-20
244.61,2.84116e-20
244.615,2.65308e-20
244.621,2.50299e-20
244.627,2.84811e-20
244.633,3.05205e-20
244.638,2.78226e-20
244.644,2.83289e-20
244.65,2.79518e-20
244.656,2.94643e-20
244.662,2.94787e-20
244.667,2.69213e-20
244.673,3.22441e-20
244.679,3.23255e-20
244.685,3.1789e-20
244.69,3.2921e-20
244.696,3.36572e-20
244.702,4.01432e-20
244.708,3.82754e-20
244.714,3.69704e-20
244.719,4.00865e-20
244.725,3.99309e-20
244.731,4.22411e-20
244.737,3.87097e-20
244.742,4.10691e-20
244.748,4.56248e-20
244.754,4.55879e-20
244.76,4.62099e-20
244.766,4.80157e-20
244.771,4.88326e-20
244.777,5.08123e-20
244.783,4.84136e-20
244.789,4.45696e-20
244.794,4.50715e-20
244.8,4.86122e-20
244.806,4.84862e-20
244.812,5.03367e-20
244.818,4.96896e-20
244.823,4.73699e-20
244.829,5.11654e-20
244.835,5.25159e-20
244.841,4.88314e-20
244.846,5.04187e-20
244.852,5.2878e-20
244.858,5.29745e-20
244.864,5.58903e-20
244.87,5.36546e-20
244.875,5.38449e-20
244.881,5.75585e-20
244.887,5.28831e-20
244.893,5.43872e-20
244.899,5.5854e-20
244.904,5.02258e-20
244.91,4.77636e-20
244.916,5.16935e-20
244.922,5.10507e-20
244.927,4.73541e-20
244.933,5.11573e-20
244.939,4.92515e-20
244.945,4.69724e-20
244.951,4.90704e-20
244.956,5.01503e-20
244.962,5.29511e-20
244.968,4.95283e-20
244.974,4.92276e-20
244.98,5.13186e-20
244.985,4.83734e-20
244.991,4.74536e-20
244.997,4.80284e-20
245.003,4.74719e-20
245.008,4.49409e-20
245.014,4.46727e-20
245.02,4.6752e-20
245.026,4.43235e-20
245.032,4.26295e-20
245.037,4.39582e-20
245.043,4.30967e-20
245.049,4.1088e-20
245.055,4.18696e-20
245.061,4.044e-20
245.066,3.99503e-20
245.072,4.28356e-20
245.078,4.25885e-20
245.084,4.10041e-20
245.09,3.97975e-20
245.095,3.88337e-20
245.101,3.78479e-20
245.107,3.46771e-20
245.113,3.75026e-20
245.119,3.77539e-20
245.124,3.57626e-20
245.13,3.6738e-20
245.136,3.80822e-20
245.142,4.11345e-20
245.148,3.66372e-20
245.153,3.42022e-20
245.159,3.79886e-20
245.165,3.56202e-20
245.171,3.65964e-20
245.177,3.61499e-20
245.182,3.45524e-20
245.188,3.43723e-20
245.194,3.34361e-20
245.2,3.38169e-20
245.206,3.43882e-20
245.211,3.29103e-20
245.217,2.99235e-20
245.223,3.16123e-20
245.229,3.19037e-20
245.235,2.86643e-20
245.24,3.04775e-20
245.246,3.16632e-20
245.252,2.76006e-20
245.258,2.82186e-20
245.264,3.09139e-20
245.269,2.86471e-20
245.275,2.84494e-20
245.281,2.94437e-20
245.287,2.9545e-20
245.293,2.72998e-20
245.298,2.5886e-20
245.304,2.90707e-20
245.31,2.69676e-20
245.316,2.47986e-20
245.322,2.63831e-20
245.327,2.63423e-20
245.333,2.73167e-20
245.339,2.55581e-20
245.345,2.69265e-20
245.351,2.74296e-20
245.356,2.51494e-20
245.362,2.83821e-20
245.368,2.74318e-20
245.374,2.43743e-20
245.38,2.38613e-20
245.385,2.48558e-20
245.391,2.52486e-20
245.397,2.31234e-20
245.403,2.32491e-20
245.409,2.21212e-20
245.414,2.29697e-20
245.42,2.45656e-20
245.426,2.23178e-20
245.432,2.3179e-20
245.438,2.27974e-20
245.444,2.25425e-20
245.449,2.11877e-20
245.455,2.0699e-20
245.461,2.20261e-20
245.467,2.01669e-20
245.473,2.14343e-20
245.478,2.11375e-20
245.484,1.89632e-20
245.49,2.11603e-20
245.496,1.99508e-20
245.502,1.90533e-20
245.507,1.86431e-20
245.513,1.85833e-20
245.519,1.94226e-20
245.525,1.87743e-20
245.531,1.99918e-20
245.537,1.84318e-20
245.542,1.84094e-20
245.548,1.97619e-20
245.554,1.75853e-20
245.56,1.6858e-20
245.566,1.67536e-20
245.571,1.77889e-20
245.577,1.72407e-20
245.583,1.82714e-20
245.589,1.8863e-20
245.595,1.50761e-20
245.601,1.78334e-20
245.606,1.98206e-20
245.612,1.74998e-20
245.618,1.80348e-20
245.624,1.76065e-20
245.63,1.72692e-20
245.635,1.71014e-20
245.641,1.69299e-20
245.647,1.85425e-20
245.653,1.85698e-20
245.659,1.59564e-20
245.665,1.77112e-20
245.67,1.72883e-20
245.676,1.57356e-20
245.682,1.68184e-20
245.688,1.41262e-20
245.694,1.56777e-20
245.699,1.64865e-20
245.705,1.62088e-20
245.711,1.83657e-20
245.717,1.42809e-20
245.723,1.58963e-20
245.729,1.74943e-20
245.734,1.63764e-20
245.74,1.83983e-20
245.746,1.57696e-20
245.752,1.57678e-20
245.758,1.52971e-20
245.764,1.35611e-20
245.769,1.47025e-20
245.775,1.42376e-20
245.781,1.46749e-20
245.787,1.55713e-20
245.793,1.40641e-20
245.798,1.26861e-20
245.804,1.65642e-20
245.81,1.67951e-20
245.816,1.43444e-20
245.822,1.70666e-20
245.828,1.61469e-20
245.833,1.53551e-20
245.839,1.46944e-20
245.845,1.43627e-20
245.851,1.5154e-20
245.857,1.27784e-20
245.863,1.38944e-20
245.868,1.62232e-20
245.874,1.6294e-20
245.88,1.57803e-20
245.886,1.65633e-20
245.892,1.78574e-20
245.898,2.17452e-20
245.903,3.1771e-20
245.909,3.6382e-20
245.915,3.88487e-20
245.921,4.03901e-20
245.927,4.62481e-20
245.933,5.33345e-20
245.938,4.80491e-20
245.944,4.53626e-20
245.95,3.92892e-20
245.956,3.6639e-20
245.962,3.72192e-20
245.968,3.3051e-20
245.973,3.47752e-20
245.979,3.45459e-20
245.985,3.4347e-20
245.991,4.40165e-20
245.997,5.66268e-20
246.003,6.14639e-20
246.008,5.42412e-20
246.014,4.94915e-20
246.02,4.93142e-20
246.026,4.40265e-20
246.032,3.95706e-20
246.038,4.05767e-20
246.043,4.07289e-20
246.049,3.84978e-20
246.055,3.61829e-20
246.061,3.62826e-20
246.067,3.74363e-20
246.073,3.35888e-20
246.079,3.37682e-20
246.084,3.72995e-20
246.09,3.49619e-20
246.096,3.33848e-20
246.102,3.7511e-20
246.108,4.54909e-20
246.114,5.01867e-20
246.119,5.01584e-20
246.125,4.70211e-20
246.131,4.45327e-20
246.137,4.28545e-20
246.143,3.75382e-20
246.149,3.66362e-20
246.155,3.89636e-20
246.16,3.77146e-20
246.166,3.37045e-20
246.172,3.03359e-20
246.178,3.26184e-20
246.184,3.22454e-20
246.19,3.00544e-20
246.195,3.43434e-20
246.201,3.43351e-20
246.207,3.03299e-20
246.213,2.72473e-20
246.219,2.69576e-20
246.225,3.31724e-20
246.231,3.19574e-20
246.236,2.59931e-20
246.242,2.51477e-20
246.248,2.51418e-20
246.254,2.99278e-20
246.26,3.2362e-20
246.266,3.20359e-20
246.271,3.5627e-20
246.277,3.72143e-20
246.283,3.76933e-20
246.289,3.58216e-20
246.295,3.49331e-20
246.301,3.51432e-20
246.307,3.22326e-20
246.312,3.2344e-20
246.318,3.04708e-20
246.324,2.82134e-20
246.33,2.66326e-20
246.336,2.62651e-20
246.342,2.90624e-20
246.348,2.74771e-20
246.353,2.51552e-20
246.359,2.63549e-20
246.365,2.53025e-20
246.371,2.30565e-20
246.377,2.42179e-20
246.383,2.48758e-20
246.388,2.45152e-20
246.394,2.4528e-20
246.4,2.15123e-20
246.406,2.19287e-20
246.412,2.2533e-20
246.418,2.07578e-20
246.424,2.11242e-20
246.429,2.16078e-20
246.435,2.27613e-20
246.441,2.09474e-20
246.447,1.91133e-20
246.453,2.02703e-20
246.459,1.94094e-20
246.465,2.12981e-20
246.471,2.41539e-20
246.476,2.58869e-20
246.482,2.86087e-20
246.488,2.80973e-20
246.494,2.64539e-20
246.5,2.44606e-20
246.506,2.27832e-20
246.512,2.41863e-20
246.517,2.34867e-20
246.523,2.18457e-20
246.529,2.2424e-20
246.535,2.24059e-20
246.541,2.15952e-20
246.547,1.95535e-20
246.553,1.97608e-20
246.558,2.13278e-20
246.564,1.95895e-20
246.57,1.98624e-20
246.576,2.08692e-20
246.582,2.00449e-20
246.588,1.93706e-20
246.594,1.927e-20
246.599,1.89725e-20
246.605,1.88147e-20
246.611,1.76308e-20
246.617,1.64394e-20
246.623,2.05833e-20
246.629,2.04311e-20
246.635,1.67343e-20
246.641,1.65685e-20
246.646,1.5715e-20
246.652,1.81095e-20
246.658,1.61108e-20
246.664,1.32343e-20
246.67,1.65677e-20
246.676,1.57706e-20
246.682,1.63183e-20
246.688,1.70056e-20
246.693,1.60339e-20
246.699,1.67989e-20
246.705,1.59621e-20
246.711,1.59843e-20
246.717,1.59569e-20
246.723,1.70522e-20
246.729,1.90913e-20
246.734,1.95589e-20
246.74,2.0263e-20
246.746,1.83459e-20
246.752,1.78537e-20
246.758,1.9358e-20
246.764,1.79738e-20
246.77,1.96052e-20
246.776,2.00064e-20
246.781,1.75608e-20
246.787,1.78141e-20
246.793,1.67247e-20
246.799,1.61643e-20
246.805,1.64086e-20
246.811,1.64246e-20
246.817,1.55584e-20
246.823,1.39121e-20
246.828,1.61394e-20
246.834,1.5197e-20
246.84,1.50602e-20
246.846,1.58828e-20
246.852,1.43013e-20
246.858,1.63947e-20
246.864,1.49637e-20
246.87,1.4165e-20
246.875,1.56285e-20
246.881,1.50302e-20
246.887,1.49584e-20
246.893,1.38423e-20
246.899,1.43809e-20
246.905,1.49322e-20
246.911,1.33743e-20
246.917,1.29329e-20
246.923,1.36546e-20
246.928,1.42391e-20
246.934,1.37157e-20
246.94,1.291e-20
246.946,1.19821e-20
246.952,1.33716e-20
246.958,1.37584e-20
246.964,1.14979e-20
246.97,1.2378e-20
246.975,1.50453e-20
246.981,1.38029e-20
246.987,1.22751e-20
246.993,1.35713e-20
246.999,1.30292e-20
247.005,1.20103e-20
247.011,1.1962e-20
247.017,1.30572e-20
247.023,1.44248e-20
247.028,1.41749e-20
247.034,1.54294e-20
247.04,1.55186e-20
247.046,1.52631e-20
247.052,1.56147e-20
247.058,1.44317e-20
247.064,1.46128e-20
247.07,1.37e-20
247.076,1.30093e-20
247.081,1.55561e-20
247.087,1.54693e-20
247.093,1.39003e-20
247.099,1.36131e-20
247.105,1.19544e-20
247.111,1.19698e-20
247.117,1.20108e-20
247.123,1.18307e-20
247.129,1.29609e-20
247.134,1.23875e-20
247.14,1.28186e-20
247.146,1.26562e-20
247.152,1.2035e-20
247.158,1.17139e-20
247.164,1.14697e-20
247.17,1.30575e-20
247.176,1.23346e-20
247.182,1.17489e-20
247.187,1.10051e-20
247.193,1.12041e-20
247.199,1.30153e-20
247.205,1.17668e-20
247.211,1.19783e-20
247.217,1.10995e-20
247.223,1.02811e-20
247.229,1.07325e-20
247.235,1.03788e-20
247.241,1.19096e-20
247.246,1.12651e-20
247.252,1.0082e-20
247.258,1.0991e-20
247.264,1.14212e-20
247.27,1.04915e-20
247.276,1.0512e-20
247.282,1.07095e-20
247.288,9.96235e-21
247.294,1.17042e-20
247.299,1.14435e-20
247.305,9.6213e-21
247.311,1.08504e-20
247.317,1.14779e-20
247.323,1.008e-20
247.329,1.05946e-20
247.335,1.12455e-20
247.341,1.08323e-20
247.347,1.1804e-20
247.353,1.08143e-20
247.358,1.12392e-20
247.364,1.21429e-20
247.37,1.20472e-20
247.376,1.19755e-20
247.382,9.87004e-21
247.388,1.11093e-20
247.394,1.11375e-20
247.4,1.1425e-20
247.406,1.10597e-20
247.412,1.00398e-20
247.418,1.28588e-20
247.423,1.08851e-20
247.429,1.0072e-20
247.435,1.07704e-20
247.441,1.12085e-20
247.447,1.22547e-20
247.453,1.06318e-20
247.459,1.24086e-20
247.465,1.03816e-20
247.471,9.49606e-21
247.477,1.10859e-20
247.482,9.04777e-21
247.488,1.02461e-20
247.494,9.79703e-21
247.5,9.83214e-21
247.506,1.01726e-20
247.512,8.50087e-21
247.518,1.00759e-20
247.524,1.07521e-20
247.53,9.56554e-21
247.536,9.53717e-21
247.542,9.73959e-21
247.547,8.0573e-21
247.553,8.97561e-21
247.559,1.06005e-20
247.565,9.20556e-21
247.571,8.93329e-21
247.577,8.66715e-21
247.583,8.41675e-21
247.589,9.52742e-21
247.595,9.45668e-21
247.601,9.30374e-21
247.607,9.74332e-21
247.613,9.07988e-21
247.618,9.39887e-21
247.624,1.0537e-20
247.63,9.40301e-21
247.636,9.65455e-21
247.642,1.02233e-20
247.648,8.87283e-21
247.654,9.78797e-21
247.66,9.24678e-21
247.666,8.31327e-21
247.672,9.21643e-21
247.678,8.43105e-21
247.684,7.80646e-21
247.689,8.10424e-21
247.695,8.80255e-21
247.701,8.96078e-21
247.707,8.64144e-21
247.713,9.27457e-21
247.719,9.25776e-21
247.725,9.05866e-21
247.731,9.1938e-21
247.737,9.89538e-21
247.743,1.03942e-20
247.749,9.76328e-21
247.755,8.81478e-21
247.76,8.88678e-21
247.766,1.14261e-20
247.772,1.06283e-20
247.778,9.13684e-21
247.784,1.02973e-20
247.79,1.00675e-20
247.796,1.03579e-20
247.802,8.83177e-21
247.808,7.82335e-21
247.814,8.95872e-21
247.82,9.7375e-21
247.826,1.08674e-20
247.832,1.00325e-20
247.837,9.46316e-21
247.843,8.89585e-21
247.849,9.04059e-21
247.855,9.36986e-21
247.861,8.77553e-21
247.867,9.33193e-21
247.873,8.83015e-21
247.879,9.13885e-21
247.885,9.72755e-21
247.891,9.44162e-21
247.897,9.15524e-21
247.903,8.41149e-21
247.909,8.43789e-21
247.915,7.66884e-21
247.92,8.29269e-21
247.926,8.57269e-21
247.932,7.39574e-21
247.938,7.38802e-21
247.944,8.10274e-21
247.95,1.04444e-20
247.956,1.0559e-20
247.962,8.70271e-21
247.968,8.39312e-21
247.974,7.37325e-21
247.98,6.79593e-21
247.986,8.16003e-21
247.992,8.51633e-21
247.998,9.05296e-21
248.003,9.41962e-21
248.009,7.16064e-21
248.015,8.51812e-21
248.021,8.69864e-21
248.027,7.04137e-21
248.033,8.86958e-21
248.039,7.82375e-21
248.045,7.06334e-21
248.051,7.77387e-21
248.057,7.50655e-21
248.063,8.36975e-21
248.069,8.00434e-21
248.075,7.48228e-21
248.081,8.21155e-21
248.087,8.16793e-21
248.092,8.2867e-21
248.098,8.57984e-21
248.104,7.27822e-21
248.11,7.05032e-21
248.116,7.5651e-21
248.122,7.03097e-21
248.128,8.06447e-21
248.134,7.01021e-21
248.14,7.48368e-21
248.146,7.86006e-21
248.152,6.39268e-21
248.158,8.92555e-21
248.164,8.39167e-21
248.17,7.12659e-21
248.176,8.51714e-21
248.182,8.15199e-21
248.188,8.19557e-21
248.193,7.97178e-21
248.199,8.61519e-21
248.205,9.89787e-21
248.211,8.18873e-21
248.217,7.89132e-21
248.223,8.92026e-21
248.229,7.46003e-21
248.235,7.56547e-21
248.241,7.90442e-21
248.247,7.7086e-21
248.253,7.38342e-21
248.259,8.58787e-21
248.265,9.17731e-21
248.271,7.45806e-21
248.277,8.64285e-21
248.283,7.29744e-21
248.289,6.21776e-21
248.295,9.14698e-21
248.3,9.13381e-21
248.306,7.43205e-21
248.312,6.79819e-21
248.318,8.18078e-21
248.324,8.14683e-21
248.33,7.3076e-21
248.336,8.31453e-21
248.342,8.28055e-21
248.348,8.00028e-21
248.354,6.10856e-21
248.36,7.34335e-21
248.366,9.22881e-21
248.372,7.60779e-21
248.378,7.43136e-21
248.384,6.20747e-21
248.39,6.92145e-21
248.396,8.87804e-21
248.402,8.31666e-21
248.408,7.27362e-21
248.413,6.65977e-21
248.419,7.33638e-21
248.425,7.23583e-21
248.431,7.73445e-21
248.437,8.77111e-21
248.443,6.92356e-21
248.449,6.99071e-21
248.455,7.83236e-21
248.461,7.34373e-21
248.467,6.71665e-21
248.473,7.42815e-21
248.479,8.10286e-21
248.485,6.25269e-21
248.491,7.66873e-21
248.497,8.4773e-21
248.503,7.37153e-21
248.509,8.07991e-21
248.515,5.53167e-21
248.521,6.0755e-21
248.527,7.8775e-21
248.533,6.74084e-21
248.539,7.37382e-21
248.545,6.95737e-21
248.55,6.88114e-21
248.556,6.51007e-21
248.562,6.2909e-21
248.568,7.71745e-21
248.574,6.5635e-21
248.58,6.17733e-21
248.586,6.73256e-21
248.592,7.24369e-21
248.598,7.84197e-21
248.604,7.98319e-21
248.61,7.7768e-21
248.616,7.12447e-21
248.622,6.55436e-21
248.628,6.85183e-21
248.634,7.77664e-21
248.64,6.43028e-21
248.646,7.71517e-21
248.652,8.26225e-21
248.658,6.89585e-21
248.664,7.24738e-21
248.67,6.42523e-21
248.676,8.97137e-21
248.682,7.52985e-21
248.688,6.1985e-21
248.694,7.72934e-21
248.7,5.58644e-21
248.706,7.4008e-21
248.711,7.50301e-21
248.717,7.31461e-21
248.723,7.63844e-21
248.729,6.00667e-21
248.735,7.4871e-21
248.741,7.14031e-21
248.747,7.51592e-21
248.753,7.27742e-21
248.759,6.62574e-21
248.765,7.47779e-21
248.771,6.24299e-21
248.777,6.7722e-21
248.783,6.78104e-21
248.789,6.36786e-21
248.795,7.80863e-21
248.801,8.00808e-21
248.807,7.78774e-21
248.813,7.119e-21
248.819,5.69003e-21
248.825,6.71681e-21
248.831,6.40264e-21
248.837,5.22826e-21
248.843,6.97151e-21
248.849,6.70176e-21
248.855,6.81035e-21
248.861,7.45522e-21
248.867,6.63606e-21
248.873,7.06737e-21
248.879,6.14645e-21
248.885,6.24206e-21
248.891,6.52763e-21
248.897,6.93798e-21
248.903,5.94981e-21
248.909,5.62603e-21
248.915,7.97139e-21
248.92,5.59243e-21
248.926,5.55618e-21
248.932,6.96617e-21
248.938,6.70981e-21
248.944,6.72709e-21
248.95,5.85834e-21
248.956,7.41837e-21
248.962,7.64658e-21
248.968,7.69994e-21
248.974,7.73198e-21
248.98,7.90631e-21
248.986,8.31085e-21
248.992,5.17196e-21
248.998,6.15537e-21
249.004,7.38168e-21
249.01,5.95673e-21
249.016,6.65866e-21
249.022,8.13826e-21
249.028,9.79758e-21
249.034,8.4364e-21
249.04,8.47542e-21
249.046,9.19197e-21
249.052,6.79002e-21
249.058,8.87805e-21
249.064,1.05706e-20
249.07,7.75289e-21
249.076,8.04869e-21
249.082,8.6139e-21
249.088,8.23712e-21
249.094,9.55478e-21
249.1,8.7032e-21
249.106,9.04067e-21
249.112,1.99801e-20
249.118,3.50108e-20
249.124,2.88632e-20
249.13,3.31244e-20
249.136,6.36678e-20
249.142,7.58937e-20
249.148,6.98353e-20
249.154,4.87427e-20
249.16,3.85562e-20
249.166,3.82987e-20
249.172,2.88176e-20
249.178,3.86413e-20
249.184,3.64878e-20
249.19,2.68041e-20
249.196,3.68895e-20
249.202,3.52165e-20
249.208,5.54187e-20
249.214,9.18582e-20
249.22,6.34409e-20
249.226,5.59173e-20
249.232,5.82512e-20
249.238,5.56351e-20
249.244,3.62742e-20
249.25,4.212e-20
249.256,5.2742e-20
249.262,3.4351e-20
249.268,3.51e-20
249.274,4.21184e-20
249.28,4.83204e-20
249.286,4.00121e-20
249.292,3.10043e-20
249.298,3.46614e-20
249.304,3.86152e-20
249.31,3.94854e-20
249.316,2.74897e-20
249.322,3.61963e-20
249.328,6.57964e-20
249.334,7.30057e-20
249.34,6.60832e-20
249.346,4.96232e-20
249.352,5.37837e-20
249.358,5.26488e-20
249.364,4.56036e-20
249.37,4.74288e-20
249.376,4.52787e-20
249.382,4.75057e-20
249.388,3.69426e-20
249.394,3.35292e-20
249.4,3.38344e-20
249.406,3.12815e-20
249.412,4.4973e-20
249.418,4.60919e-20
249.424,3.09595e-20
249.43,2.98415e-20
249.436,2.62906e-20
249.442,2.67213e-20
249.448,4.684e-20
249.454,4.22857e-20
249.46,2.52685e-20
249.466,2.10989e-20
249.472,2.21453e-20
249.478,3.27523e-20
249.484,3.8671e-20
249.49,5.1991e-20
249.496,6.44969e-20
249.502,5.29902e-20
249.508,5.27408e-20
249.514,4.4471e-20
249.52,4.00395e-20
249.526,4.67727e-20
249.532,4.82466e-20
249.538,3.84941e-20
249.544,3.7966e-20
249.55,3.58634e-20
249.556,2.65766e-20
249.562,3.13218e-20
249.568,3.17053e-20
249.574,3.48697e-20
249.58,3.59236e-20
249.586,2.68725e-20
249.592,3.08541e-20
249.598,2.58452e-20
249.604,2.55628e-20
249.61,3.21053e-20
249.616,2.70194e-20
249.622,3.13595e-20
249.628,3.04589e-20
249.634,2.27792e-20
249.64,2.40315e-20
249.646,2.28663e-20
249.652,2.10136e-20
249.658,2.46922e-20
249.664,2.51943e-20
249.67,2.65297e-20
249.676,2.35676e-20
249.682,1.75193e-20
249.688,1.83559e-20
249.694,1.87063e-20
249.7,2.76359e-20
249.706,4.52562e-20
249.712,4.97509e-20
249.718,3.53388e-20
249.724,2.82463e-20
249.73,3.55427e-20
249.736,3.16245e-20
249.742,3.47405e-20
249.748,3.38276e-20
249.754,2.45776e-20
249.76,2.8611e-20
249.766,2.36163e-20
249.772,2.56204e-20
249.778,2.89604e-20
249.784,2.21151e-20
249.79,2.42411e-20
249.796,2.09847e-20
249.802,1.88555e-20
249.808,2.35797e-20
249.814,2.41003e-20
249.82,2.24873e-20
249.826,2.35446e-20
249.832,2.1125e-20
249.838,1.85153e-20
249.844,2.08399e-20
249.85,1.75087e-20
249.856,1.72767e-20
249.862,2.13789e-20
249.868,1.93768e-20
249.874,1.92199e-20
249.88,1.99016e-20
249.886,1.67837e-20
249.892,1.52418e-20
249.898,1.75313e-20
249.905,1.84095e-20
249.911,1.7708e-20
249.917,1.7e-20
249.923,1.70777e-20
249.929,1.49052e-20
249.935,1.27723e-20
249.941,1.73359e-20
249.947,1.47015e-20
249.953,1.45103e-20
249.959,2.54833e-20
249.965,2.87704e-20
249.971,2.80338e-20
249.977,2.3626e-20
249.983,2.20122e-20
249.989,2.45579e-20
249.995,2.1763e-20
250.001,2.46654e-20
250.007,2.63117e-20
250.013,1.98239e-20
250.019,1.98628e-20
250.025,2.20328e-20
250.031,1.85283e-20
250.037,1.78675e-20
250.043,2.02069e-20
250.049,1.71477e-20
250.055,1.61383e-20
250.061,1.72815e-20
250.067,1.63162e-20
250.073,1.74562e-20
250.079,1.67646e-20
250.085,1.57832e-20
250.091,1.76189e-20
250.097,1.67755e-20
250.103,1.31603e-20
250.109,1.37622e-20
250.116,1.67886e-20
250.122,1.4888e-20
250.128,1.36503e-20
250.134,1.55693e-20
250.14,1.47109e-20
250.146,1.30691e-20
250.152,1.35796e-20
250.158,1.40995e-20
250.164,1.35153e-20
250.17,1.4255e-20
250.176,1.4159e-20
250.182,1.2847e-20
250.188,1.20102e-20
250.194,1.25563e-20
250.2,1.41852e-20
250.206,1.20849e-20
250.212,1.18144e-20
250.218,1.3915e-20
250.224,1.25781e-20
250.23,1.2981e-20
250.236,1.28785e-20
250.242,1.22059e-20
250.248,1.23689e-20
250.254,1.19521e-20
250.26,1.5641e-20
250.266,1.94362e-20
250.273,1.87297e-20
250.279,1.75642e-20
250.285,1.71045e-20
250.291,1.59354e-20
250.297,1.57363e-20
250.303,1.77846e-20
250.309,1.76453e-20
250.315,1.81726e-20
250.321,1.73113e-20
250.327,1.41443e-20
250.333,1.44606e-20
250.339,1.517e-20
250.345,1.37855e-20
250.351,1.32557e-20
250.357,1.41843e-20
250.363,1.33479e-20
250.369,1.22321e-20
250.375,1.35889e-20
250.381,1.24432e-20
250.387,1.24013e-20
250.393,1.42003e-20
250.399,1.32082e-20
250.406,1.08888e-20
250.412,1.15845e-20
250.418,1.38843e-20
250.424,1.16341e-20
250.43,1.08476e-20
250.436,1.3361e-20
250.442,1.33412e-20
250.448,1.17146e-20
250.454,1.01817e-20
250.46,1.15719e-20
250.466,1.29996e-20
250.472,1.18869e-20
250.478,1.04177e-20
250.484,1.04968e-20
250.49,1.09988e-20
250.496,9.37941e-21
250.502,1.07927e-20
250.508,1.16842e-20
250.514,1.05584e-20
250.52,1.07953e-20
250.527,1.00808e-20
250.533,1.04295e-20
250.539,9.69227e-21
250.545,9.98122e-21
250.551,1.10043e-20
250.557,1.01147e-20
250.563,1.09744e-20
250.569,1.06554e-20
250.575,1.06959e-20
250.581,1.10682e-20
250.587,1.03041e-20
250.593,9.97964e-21
250.599,1.08575e-20
250.605,1.27937e-20
250.611,1.23232e-20
250.617,1.26257e-20
250.623,1.351e-20
250.629,1.21436e-20
250.636,1.16933e-20
250.642,1.30309e-20
250.648,1.30359e-20
250.654,1.17473e-20
250.66,1.24612e-20
250.666,1.27021e-20
250.672,1.16073e-20
250.678,1.13726e-20
250.684,1.24741e-20
250.69,1.14722e-20
250.696,1.03212e-20
250.702,1.14474e-20
250.708,9.80287e-21
250.714,1.01126e-20
250.72,1.13266e-20
250.726,1.06838e-20
250.733,1.12075e-20
250.739,1.07271e-20
250.745,1.12528e-20
250.751,1.10748e-20
250.757,1.05971e-20
250.763,1.07741e-20
250.769,1.06437e-20
250.775,1.04316e-20
250.781,9.51578e-21
250.787,9.50883e-21
250.793,8.66432e-21
250.799,9.94536e-21
250.805,1.15571e-20
250.811,1.10417e-20
250.817,1.01252e-20
250.824,9.03709e-21
250.83,1.07443e-20
250.836,9.75012e-21
250.842,9.50917e-21
250.848,1.03024e-20
250.854,8.68528e-21
250.86,1.02067e-20
250.866,8.69136e-21
250.872,7.71112e-21
250.878,9.40689e-21
250.884,9.07413e-21
250.89,8.96434e-21
250.896,7.53138e-21
250.902,7.68432e-21
250.909,9.21259e-21
250.915,9.57798e-21
250.921,8.72069e-21
250.927,8.60939e-21
250.933,9.91646e-21
250.939,9.18893e-21
250.945,8.82332e-21
250.951,8.63607e-21
250.957,8.68733e-21
250.963,9.67458e-21
250.969,8.96218e-21
250.975,8.69068e-21
250.981,9.47975e-21
250.987,1.06679e-20
250.994,1.06174e-20
251,1.05089e-20
251.006,1.08437e-20
251.012,1.01153e-20
251.018,1.0069e-20
251.024,8.82273e-21
251.03,9.49552e-21
251.036,1.08014e-20
251.042,8.72367e-21
251.048,9.97588e-21
251.054,1.13034e-20
251.06,1.07351e-20
251.066,1.08635e-20
251.073,9.65341e-21
251.079,9.2761e-21
251.085,8.70501e-21
251.091,9.75736e-21
251.097,1.01988e-20
251.103,8.99792e-21
251.109,9.89169e-21
251.115,9.65733e-21
251.121,9.34228e-21
251.127,8.66577e-21
251.133,8.26473e-21
251.139,9.52364e-21
251.146,9.72688e-21
251.152,9.70852e-21
251.158,9.5187e-21
251.164,9.54773e-21
251.17,8.57791e-21
251.176,8.67671e-21
251.182,9.13583e-21
251.188,8.80225e-21
251.194,9.64234e-21
251.2,8.46806e-21
251.206,8.86525e-21
251.213,9.18817e-21
251.219,9.00574e-21
251.225,9.79902e-21
251.231,8.04675e-21
251.237,9.13249e-21
251.243,9.33023e-21
251.249,7.95501e-21
251.255,8.69769e-21
251.261,8.78351e-21
251.267,8.87445e-21
251.273,8.69222e-21
251.279,9.4181e-21
251.286,8.95998e-21
251.292,8.04193e-21
251.298,9.11227e-21
251.304,8.71089e-21
251.31,7.84695e-21
251.316,8.23789e-21
251.322,8.77146e-21
251.328,7.92241e-21
251.334,8.17966e-21
251.34,8.94666e-21
251.346,8.37612e-21
251.353,7.80764e-21
251.359,8.01366e-21
251.365,8.85881e-21
251.371,8.5517e-21
251.377,8.89246e-21
251.383,8.86627e-21
251.389,8.18094e-21
251.395,8.84738e-21
251.401,8.83208e-21
251.407,9.11621e-21
251.414,8.91026e-21
251.42,8.88908e-21
251.426,9.84633e-21
251.432,9.31464e-21
251.438,8.58856e-21
251.444,8.51243e-21
251.45,9.28853e-21
251.456,9.56686e-21
251.462,9.76646e-21
251.468,9.7559e-21
251.475,8.50479e-21
251.481,8.70131e-21
251.487,8.49519e-21
251.493,7.85621e-21
251.499,8.35926e-21
251.505,7.56411e-21
251.511,7.93159e-21
251.517,8.95704e-21
251.523,8.13141e-21
251.529,8.58916e-21
251.536,8.67882e-21
251.542,7.54055e-21
251.548,8.56719e-21
251.554,8.79763e-21
251.56,8.29247e-21
251.566,9.55696e-21
251.572,8.5523e-21
251.578,7.68799e-21
251.584,8.27917e-21
251.59,7.88312e-21
251.597,8.24227e-21
251.603,8.40936e-21
251.609,8.75511e-21
251.615,8.00888e-21
251.621,7.85602e-21
251.627,9.26221e-21
251.633,7.93001e-21
251.639,8.23363e-21
251.645,8.56404e-21
251.652,8.48323e-21
251.658,9.02052e-21
251.664,7.63334e-21
251.67,9.04097e-21
251.676,8.63969e-21
251.682,8.09559e-21
251.688,9.29939e-21
251.694,7.43876e-21
251.7,7.57261e-21
251.707,8.32138e-21
251.713,8.27794e-21
251.719,8.40031e-21
251.725,8.59105e-21
251.731,8.34682e-21
251.737,7.50289e-21
251.743,8.28679e-21
251.749,8.32583e-21
251.755,7.60334e-21
251.762,7.41277e-21
251.768,7.89923e-21
251.774,7.56673e-21
251.78,7.36424e-21
251.786,7.62189e-21
251.792,7.2271e-21
251.798,8.90742e-21
251.804,8.26383e-21
251.81,7.5903e-21
251.817,8.63645e-21
251.823,8.82533e-21
251.829,9.11036e-21
251.835,6.87523e-21
251.841,7.40365e-21
251.847,8.57134e-21
251.853,7.60042e-21
251.859,7.87587e-21
251.866,7.76564e-21
251.872,8.38857e-21
251.878,8.24332e-21
251.884,8.167e-21
251.89,7.98165e-21
251.896,7.85885e-21
251.902,8.10518e-21
251.908,7.80035e-21
251.914,8.66209e-21
251.921,8.13689e-21
251.927,7.92731e-21
251.933,8.02171e-21
251.939,8.58838e-21
251.945,9.38552e-21
251.951,8.13348e-21
251.957,7.81211e-21
251.963,8.56545e-21
251.97,8.46127e-21
251.976,7.74854e-21
251.982,9.06855e-21
251.988,8.84963e-21
251.994,7.77101e-21
252,8.41977e-21
252.006,7.16081e-21
252.012,8.81608e-21
252.019,8.66268e-21
252.025,7.15816e-21
252.031,8.75966e-21
252.037,7.85605e-21
252.043,8.57764e-21
252.049,9.15303e-21
252.055,8.50173e-21
252.061,9.02345e-21
252.068,7.72881e-21
252.074,8.23286e-21
252.08,9.05739e-21
252.086,8.39074e-21
252.092,8.96753e-21
252.098,9.01411e-21
252.104,8.61994e-21
252.111,8.75969e-21
252.117,8.3401e-21
252.123,8.04209e-21
252.129,8.22345e-21
252.135,8.47148e-21
252.141,8.80356e-21
252.147,8.66694e-21
252.153,8.80873e-21
252.16,8.83026e-21
252.166,8.19012e-21
252.172,7.7664e-21
252.178,8.54292e-21
252.184,9.01111e-21
252.19,8.14897e-21
252.196,8.42651e-21
252.203,8.66632e-21
252.209,8.26149e-21
252.215,8.19439e-21
252.221,8.26892e-21
252.227,8.62224e-21
252.233,8.61518e-21
252.239,9.14731e-21
252.245,8.99132e-21
252.252,8.44951e-21
252.258,8.61388e-21
252.264,7.99398e-21
252.27,8.58527e-21
252.276,9.18398e-21
252.282,8.1574e-21
252.288,8.23276e-21
252.295,8.44075e-21
252.301,8.23554e-21
252.307,8.56553e-21
252.313,9.13672e-21
252.319,9.21277e-21
252.325,8.13078e-21
252.331,8.43666e-21
252.338,8.93427e-21
252.344,8.22559e-21
252.35,8.61018e-21
252.356,9.1106e-21
252.362,9.06637e-21
252.368,8.65776e-21
252.374,8.29669e-21
252.381,7.72627e-21
252.387,8.20825e-21
252.393,8.88638e-21
252.399,8.20013e-21
252.405,9.42223e-21
252.411,8.85476e-21
252.417,8.42542e-21
252.424,9.69913e-21
252.43,8.5137e-21
252.436,9.11296e-21
252.442,9.00642e-21
252.448,8.64158e-21
252.454,9.38671e-21
252.46,8.52635e-21
252.467,8.47752e-21
252.473,8.27291e-21
252.479,8.90038e-21
252.485,9.40748e-21
252.491,8.81007e-21
252.497,8.93825e-21
252.504,9.12441e-21
252.51,8.6604e-21
252.516,8.42186e-21
252.522,9.5144e-21
252.528,9.20904e-21
252.534,8.96762e-21
252.54,9.22121e-21
252.547,8.76485e-21
252.553,9.2604e-21
252.559,8.43086e-21
252.565,8.18735e-21
252.571,9.37929e-21
252.577,8.69389e-21
252.583,8.52233e-21
252.59,9.15566e-21
252.596,9.1963e-21
252.602,9.67488e-21
252.608,9.08681e-21
252.614,8.37564e-21
252.62,8.53723e-21
252.627,8.0897e-21
252.633,8.06757e-21
252.639,8.11527e-21
252.645,9.14823e-21
252.651,8.93298e-21
252.657,7.96413e-21
252.664,9.06021e-21
252.67,8.60338e-21
252.676,8.45286e-21
252.682,8.51417e-21
252.688,8.5105e-21
252.694,9.01411e-21
252.7,8.83094e-21
252.707,9.31671e-21
252.713,8.66251e-21
252.719,8.54815e-21
252.725,8.69532e-21
252.731,8.93835e-21
252.737,9.08777e-21
252.744,8.43445e-21
252.75,9.35271e-21
252.756,9.02928e-21
252.762,8.44737e-21
252.768,8.3943e-21
252.774,9.33631e-21
252.781,9.12858e-21
252.787,8.23226e-21
252.793,9.43857e-21
252.799,8.71493e-21
252.805,9.28246e-21
252.811,8.52376e-21
252.818,7.98419e-21
252.824,9.87214e-21
252.83,8.89381e-21
252.836,9.82665e-21
252.842,9.02978e-21
252.848,8.55799e-21
252.855,1.01542e-20
252.861,8.52657e-21
252.867,8.7256e-21
252.873,9.34145e-21
252.879,9.60401e-21
252.885,9.94939e-21
252.892,9.18892e-21
252.898,9.60381e-21
252.904,1.00042e-20
252.91,9.39618e-21
252.916,9.09469e-21
252.922,9.26403e-21
252.929,9.67754e-21
252.935,1.02075e-20
252.941,9.72098e-21
252.947,9.43637e-21
252.953,9.46054e-21
252.959,9.74561e-21
252.966,9.54786e-21
252.972,9.20322e-21
252.978,1.01844e-20
252.984,9.14486e-21
252.99,9.22059e-21
252.996,9.93502e-21
253.003,9.0506e-21
253.009,9.60196e-21
253.015,9.77964e-21
253.021,1.01205e-20
253.027,1.00268e-20
253.034,9.76338e-21
253.04,1.02939e-20
253.046,1.02625e-20
253.052,9.48619e-21
253.058,8.79314e-21
253.064,9.71105e-21
253.071,9.75793e-21
253.077,9.58663e-21
253.083,9.87277e-21
253.089,9.35472e-21
253.095,9.70648e-21
253.101,1.01477e-20
253.108,1.0029e-20
253.114,9.21385e-21
253.12,9.13832e-21
253.126,9.94607e-21
253.132,9.79509e-21
253.139,9.307e-21
253.145,9.38893e-21
253.151,9.57681e-21
253.157,9.67155e-21
253.163,9.88292e-21
253.169,9.79908e-21
253.176,1.0074e-20
253.182,1.03267e-20
253.188,9.88137e-21
253.194,9.37335e-21
253.2,9.57288e-21
253.207,9.96769e-21
253.213,9.45249e-21
253.219,9.74532e-21
253.225,9.5903e-21
253.231,9.33384e-21
253.237,9.64359e-21
253.244,9.73458e-21
253.25,9.72123e-21
253.256,9.12291e-21
253.262,9.32687e-21
253.268,8.92944e-21
253.275,9.37878e-21
253.281,1.00313e-20
253.287,9.26287e-21
253.293,9.59359e-21
253.299,9.27868e-21
253.306,9.24275e-21
253.312,9.41262e-21
253.318,9.42117e-21
253.324,9.20718e-21
253.33,9.07868e-21
253.336,9.76888e-21
253.343,9.18832e-21
253.349,8.82215e-21
253.355,8.83194e-21
253.361,9.6909e-21
253.367,9.83111e-21
253.374,9.18919e-21
253.38,9.85684e-21
253.386,9.14561e-21
253.392,9.22751e-21
253.398,9.38031e-21
253.405,9.03479e-21
253.411,9.24355e-21
253.417,9.16642e-21
253.423,9.87952e-21
253.429,9.76254e-21
253.436,8.9365e-21
253.442,8.93866e-21
253.448,1.02261e-20
253.454,9.90158e-21
253.46,9.169e-21
253.467,9.51746e-21
253.473,9.27215e-21
253.479,9.96526e-21
253.485,1.0028e-20
253.491,9.89196e-21
253.498,9.78139e-21
253.504,9.62442e-21
253.51,9.66042e-21
253.516,9.24391e-21
253.522,9.77884e-21
253.529,9.14236e-21
253.535,9.74789e-21
253.541,1.02426e-20
253.547,9.37095e-21
253.553,1.07139e-20
253.56,9.79526e-21
253.566,8.44323e-21
253.572,9.8263e-21
253.578,9.64007e-21
253.584,8.8788e-21
253.591,1.04381e-20
253.597,1.05511e-20
253.603,9.47267e-21
253.609,1.00413e-20
253.615,9.43477e-21
253.622,9.58114e-21
253.628,1.04567e-20
253.634,1.03096e-20
253.64,9.70442e-21
253.646,9.08432e-21
253.653,1.00105e-20
253.659,9.93824e-21
253.665,9.42567e-21
253.671,9.62842e-21
253.677,9.62013e-21
253.684,1.01549e-20
253.69,9.75964e-21
253.696,9.80712e-21
253.702,1.0735e-20
253.708,1.02464e-20
253.715,9.10746e-21
253.721,9.42623e-21
253.727,1.0697e-20
253.733,9.78218e-21
253.74,8.48725e-21
253.746,1.00416e-20
253.752,9.87918e-21
253.758,8.40695e-21
253.764,9.63861e-21
253.771,1.06816e-20
253.777,1.02698e-20
253.783,9.8015e-21
253.789,1.01828e-20
253.795,9.80005e-21
253.802,9.467e-21
253.808,9.80873e-21
253.814,8.6414e-21
253.82,9.2666e-21
253.826,1.0064e-20
253.833,1.01136e-20
253.839,1.02636e-20
253.845,9.38497e-21
253.851,1.01908e-20
253.858,1.0366e-20
253.864,9.49674e-21
253.87,1.0083e-20
253.876,1.10347e-20
253.882,1.15204e-20
253.889,1.10927e-20
253.895,1.05857e-20
253.901,1.00635e-20
253.907,1.04193e-20
253.914,1.03714e-20
253.92,9.81541e-21
253.926,9.8196e-21
253.932,9.90581e-21
253.938,1.02741e-20
253.945,1.03873e-20
253.951,9.73156e-21
253.957,9.4418e-21
253.963,1.07622e-20
253.97,1.06791e-20
253.976,1.10277e-20
253.982,1.18016e-20
253.988,1.04414e-20
253.994,1.06745e-20
254.001,1.07563e-20
254.007,1.01506e-20
254.013,9.86303e-21
254.019,1.00483e-20
254.026,1.04314e-20
254.032,1.02259e-20
254.038,1.07419e-20
254.044,9.91608e-21
254.05,1.06057e-20
254.057,1.13855e-20
254.063,1.00969e-20
254.069,1.01431e-20
254.075,1.00169e-20
254.082,1.04601e-20
254.088,1.02021e-20
254.094,1.00426e-20
254.1,1.11362e-20
254.106,1.13192e-20
254.113,1.09289e-20
254.119,1.12224e-20
254.125,1.15376e-20
254.131,1.03019e-20
254.138,1.14568e-20
254.144,1.14049e-20
254.15,1.02113e-20
254.156,1.07768e-20
254.163,9.92319e-21
254.169,1.09462e-20
254.175,1.17638e-20
254.181,1.17666e-20
254.187,1.08542e-20
254.194,1.0081e-20
254.2,1.14623e-20
254.206,1.01085e-20
254.212,1.01744e-20
254.219,1.11016e-20
254.225,1.06325e-20
254.231,1.05896e-20
254.237,1.03026e-20
254.244,1.13727e-20
254.25,1.08133e-20
254.256,1.0491e-20
254.262,1.13367e-20
254.268,1.10825e-20
254.275,1.09723e-20
254.281,1.05436e-20
254.287,1.07873e-20
254.293,1.05023e-20
254.3,1.03175e-20
254.306,1.09581e-20
254.312,1.04431e-20
254.318,1.03564e-20
254.325,1.1049e-20
254.331,1.07185e-20
254.337,1.08284e-20
254.343,1.12776e-20
254.35,1.06797e-20
254.356,1.06365e-20
254.362,1.04764e-20
254.368,1.00659e-20
254.375,1.02618e-20
254.381,1.14879e-20
254.387,1.21626e-20
254.393,1.05534e-20
254.4,1.01542e-20
254.406,1.07669e-20
254.412,1.07708e-20
254.418,1.07106e-20
254.424,1.11031e-20
254.431,1.11825e-20
254.437,1.03714e-20
254.443,1.07066e-20
254.449,1.04139e-20
254.456,9.80534e-21
254.462,1.00368e-20
254.468,9.8281e-21
254.474,9.91132e-21
254.481,9.80658e-21
254.487,1.06712e-20
254.493,1.10062e-20
254.499,1.07711e-20
254.506,1.13759e-20
254.512,1.03129e-20
254.518,1.01186e-20
254.524,1.07643e-20
254.531,1.04209e-20
254.537,1.10567e-20
254.543,1.12108e-20
254.549,1.04581e-20
254.556,1.09193e-20
254.562,1.10557e-20
254.568,1.04184e-20
254.574,1.08969e-20
254.581,1.10429e-20
254.587,1.01777e-20
254.593,1.0271e-20
254.599,1.08367e-20
254.606,9.54835e-21
254.612,9.52237e-21
254.618,1.1077e-20
254.624,1.04513e-20
254.631,1.07191e-20
254.637,1.05123e-20
254.643,9.49889e-21
254.649,1.01801e-20
254.656,1.00162e-20
254.662,1.02786e-20
254.668,1.0161e-20
254.674,1.05769e-20
254.681,1.0328e-20
254.687,8.78157e-21
254.693,1.04292e-20
254.7,1.042e-20
254.706,9.90295e-21
254.712,1.09601e-20
254.718,1.04278e-20
254.725,1.05978e-20
254.731,1.02606e-20
254.737,1.0045e-20
254.743,1.00035e-20
254.75,9.76023e-21
254.756,1.0485e-20
254.762,1.04215e-20
254.768,1.05929e-20
254.775,1.02984e-20
254.781,9.9444e-21
254.787,1.03378e-20
254.793,1.04773e-20
254.8,1.08093e-20
254.806,1.00236e-20
254.812,9.25311e-21
254.818,1.02351e-20
254.825,1.0631e-20
254.831,9.98526e-21
254.837,9.64555e-21
254.844,9.53791e-21
254.85,9.74993e-21
254.856,1.04324e-20
254.862,1.10918e-20
254.869,1.07281e-20
254.875,9.96806e-21
254.881,1.03495e-20
254.887,1.01998e-20
254.894,1.02476e-20
254.9,1.05475e-20
254.906,1.0313e-20
254.912,1.03797e-20
254.919,9.66108e-21
254.925,9.97997e-21
254.931,9.9719e-21
254.938,9.67539e-21
254.944,1.06479e-20
254.95,1.00574e-20
254.956,9.86523e-21
254.963,1.04064e-20
254.969,1.0716e-20
254.975,1.0209e-20
254.981,9.56966e-21
254.988,1.01776e-20
254.994,9.82835e-21
255,9.85018e-21
255.006,1.02274e-20
255.013,1.07605e-20
255.019,1.06644e-20
255.025,9.46544e-21
255.032,1.01639e-20
255.038,1.06295e-20
255.044,1.0614e-20
255.05,1.00609e-20
255.057,9.65253e-21
255.063,1.04808e-20
255.069,1.07503e-20
255.076,1.123e-20
255.082,1.03871e-20
255.088,9.87808e-21
255.094,1.01853e-20
255.101,9.55812e-21
255.107,1.00711e-20
255.113,1.06169e-20
255.119,1.04892e-20
255.126,1.06416e-20
255.132,1.10376e-20
255.138,1.02571e-20
255.145,1.009e-20
255.151,1.08704e-20
255.157,9.76809e-21
255.163,9.56067e-21
255.17,1.05257e-20
255.176,1.0233e-20
255.182,1.03998e-20
255.189,1.11953e-20
255.195,1.09746e-20
255.201,1.0818e-20
255.207,1.0693e-20
255.214,1.01261e-20
255.22,1.04744e-20
255.226,1.07161e-20
255.232,1.06058e-20
255.239,9.8553e-21
255.245,9.5352e-21
255.251,9.61273e-21
255.258,9.73468e-21
255.264,1.13369e-20
255.27,1.11689e-20
255.276,1.05046e-20
255.283,1.03287e-20
255.289,1.02719e-20
255.295,1.08602e-20
255.302,1.04e-20
255.308,1.11207e-20
255.314,1.08027e-20
255.321,9.60669e-21
255.327,1.01378e-20
255.333,1.06129e-20
255.339,1.04975e-20
255.346,9.73769e-21
255.352,1.10134e-20
255.358,1.1296e-20
255.365,9.97098e-21
255.371,1.04755e-20
255.377,1.10285e-20
255.383,1.16684e-20
255.39,1.07858e-20
255.396,1.02193e-20
255.402,1.09822e-20
255.409,1.07304e-20
255.415,1.02322e-20
255.421,1.01357e-20
255.427,1.10002e-20
255.434,1.08619e-20
255.44,1.05885e-20
255.446,1.09033e-20
255.453,1.09142e-20
255.459,1.05718e-20
255.465,9.57499e-21
255.471,1.01211e-20
255.478,1.10293e-20
255.484,1.09068e-20
255.49,1.05418e-20
255.497,1.06545e-20
255.503,1.06969e-20
255.509,9.78801e-21
255.516,1.04418e-20
255.522,1.08429e-20
255.528,1.03457e-20
255.534,1.04158e-20
255.541,1.05779e-20
255.547,1.16494e-20
255.553,1.1351e-20
255.56,1.07474e-20
255.566,1.10989e-20
255.572,1.09023e-20
255.579,1.09364e-20
255.585,1.09499e-20
255.591,1.08872e-20
255.597,1.07993e-20
255.604,1.1442e-20
255.61,1.17423e-20
255.616,1.10425e-20
255.623,1.15673e-20
255.629,1.12292e-20
255.635,1.05425e-20
255.642,1.1262e-20
255.648,1.10053e-20
255.654,1.13104e-20
255.661,1.15943e-20
255.667,1.06437e-20
255.673,1.13715e-20
255.679,1.15467e-20
255.686,1.08528e-20
255.692,1.16182e-20
255.698,1.14487e-20
255.705,1.13331e-20
255.711,1.08066e-20
255.717,1.02602e-20
255.724,1.14539e-20
255.73,1.06618e-20
255.736,1.03686e-20
255.742,1.13464e-20
255.749,1.06377e-20
255.755,1.0923e-20
255.761,1.11286e-20
255.768,1.14497e-20
255.774,1.17228e-20
255.78,1.11632e-20
255.787,1.16426e-20
255.793,1.13279e-20
255.799,1.14429e-20
255.806,1.18027e-20
255.812,1.13172e-20
255.818,1.18357e-20
255.825,1.15977e-20
255.831,1.14106e-20
255.837,1.1878e-20
255.843,1.13802e-20
255.85,1.1383e-20
255.856,1.18693e-20
255.862,1.15749e-20
255.869,1.14874e-20
255.875,1.15631e-20
255.881,1.10301e-20
255.888,1.09565e-20
255.894,1.15046e-20
255.9,1.18587e-20
255.907,1.18206e-20
255.913,1.17685e-20
255.919,1.15615e-20
255.926,1.18053e-20
255.932,1.24932e-20
255.938,1.13746e-20
255.945,1.11222e-20
255.951,1.20701e-20
255.957,1.12408e-20
255.963,1.13761e-20
255.97,1.16749e-20
255.976,1.12138e-20
255.982,1.13883e-20
255.989,1.1212e-20
255.995,1.14199e-20
256.001,1.11338e-20
256.008,1.09537e-20
256.014,1.20377e-20
256.02,1.20255e-20
256.027,1.16512e-20
256.033,1.19496e-20
256.039,1.18631e-20
256.046,1.11476e-20
256.052,1.05183e-20
256.058,1.08001e-20
256.065,1.08499e-20
256.071,1.08158e-20
256.077,1.1521e-20
256.084,1.16128e-20
256.09,1.08036e-20
256.096,1.08289e-20
256.103,1.16332e-20
256.109,1.13704e-20
256.115,1.14092e-20
256.122,1.15992e-20
256.128,1.13637e-20
256.134,1.16968e-20
256.141,1.07408e-20
256.147,1.05903e-20
256.153,1.12622e-20
256.16,1.08408e-20
256.166,1.1168e-20
256.172,1.09613e-20
256.179,1.1027e-20
256.185,1.14476e-20
256.191,1.11133e-20
256.198,1.10992e-20
256.204,1.09022e-20
256.21,1.17662e-20
256.217,1.12779e-20
256.223,1.05619e-20
256.229,1.16901e-20
256.236,1.07152e-20
256.242,1.07475e-20
256.248,1.11958e-20
256.255,1.026e-20
256.261,1.06951e-20
256.267,1.07866e-20
256.274,1.10347e-20
256.28,1.11177e-20
256.286,1.10492e-20
256.293,1.15212e-20
256.299,1.10571e-20
256.305,1.08591e-20
256.312,1.08082e-20
256.318,1.06548e-20
256.324,1.06368e-20
256.331,1.08747e-20
256.337,1.06417e-20
256.343,1.01903e-20
256.35,1.13108e-20
256.356,1.08733e-20
256.362,1.00913e-20
256.369,1.10456e-20
256.375,1.074e-20
256.381,1.01508e-20
256.388,1.0236e-20
256.394,1.07091e-20
256.4,1.04179e-20
256.407,9.96334e-21
256.413,1.06001e-20
256.419,1.09789e-20
256.426,1.10704e-20
256.432,1.04384e-20
256.438,1.03274e-20
256.445,1.09006e-20
256.451,1.06592e-20
256.457,1.03617e-20
256.464,1.04871e-20
256.47,1.05268e-20
256.476,1.03274e-20
256.483,1.06407e-20
256.489,1.06428e-20
256.495,1.09446e-20
256.502,1.08071e-20
256.508,1.03747e-20
256.514,1.12144e-20
256.521,1.07301e-20
256.527,1.08212e-20
256.534,1.13517e-20
256.54,1.05216e-20
256.546,1.11021e-20
256.553,1.13809e-20
256.559,1.03543e-20
256.565,1.01213e-20
256.572,1.08053e-20
256.578,1.08177e-20
256.584,1.08463e-20
256.591,1.07053e-20
256.597,1.03855e-20
256.603,1.07423e-20
256.61,1.03379e-20
256.616,1.05242e-20
256.622,1.08414e-20
256.629,1.08385e-20
256.635,1.06537e-20
256.641,9.93389e-21
256.648,1.06772e-20
256.654,1.07439e-20
256.661,1.02369e-20
256.667,1.06685e-20
256.673,1.12421e-20
256.68,1.09858e-20
256.686,1.01686e-20
256.692,1.05451e-20
256.699,1.0465e-20
256.705,1.04868e-20
256.711,1.06926e-20
256.718,1.05106e-20
256.724,1.07525e-20
256.73,1.05231e-20
256.737,1.07297e-20
256.743,1.09264e-20
256.75,1.11271e-20
256.756,1.10685e-20
256.762,1.09639e-20
256.769,1.09086e-20
256.775,1.01907e-20
256.781,1.09022e-20
256.788,1.06498e-20
256.794,1.0264e-20
256.8,1.12494e-20
256.807,1.06615e-20
256.813,1.07851e-20
256.819,1.12526e-20
256.826,1.05435e-20
256.832,1.04801e-20
256.839,1.11285e-20
256.845,1.09553e-20
256.851,1.05995e-20
256.858,1.13783e-20
256.864,1.11318e-20
256.87,1.08481e-20
256.877,1.07908e-20
256.883,9.99599e-21
256.889,1.07683e-20
256.896,1.14959e-20
256.902,1.09266e-20
256.909,1.08298e-20
256.915,1.12183e-20
256.921,1.13907e-20
256.928,1.12068e-20
256.934,1.14181e-20
256.94,1.13771e-20
256.947,1.1043e-20
256.953,1.12417e-20
256.96,1.12709e-20
256.966,1.08293e-20
256.972,1.04501e-20
256.979,1.08289e-20
256.985,1.06351e-20
256.991,1.0496e-20
256.998,1.10335e-20
257.004,1.05687e-20
257.01,1.0962e-20
257.017,1.11473e-20
257.023,1.06555e-20
257.03,1.13591e-20
257.036,1.11813e-20
257.042,1.07074e-20
257.049,1.09645e-20
257.055,1.11174e-20
257.061,1.12316e-20
257.068,1.13648e-20
257.074,1.09029e-20
257.081,1.06308e-20
257.087,1.15751e-20
257.093,1.19559e-20
257.1,1.17785e-20
257.106,1.18395e-20
257.112,1.14703e-20
257.119,1.08303e-20
257.125,1.07354e-20
257.132,1.10249e-20
257.138,1.11329e-20
257.144,1.14021e-20
257.151,1.12335e-20
257.157,1.13995e-20
257.163,1.15653e-20
257.17,1.1443e-20
257.176,1.13523e-20
257.183,1.0821e-20
257.189,1.12375e-20
257.195,1.13945e-20
257.202,1.13084e-20
257.208,1.12579e-20
257.215,1.10325e-20
257.221,1.15413e-20
257.227,1.10654e-20
257.234,1.1083e-20
257.24,1.10524e-20
257.246,1.07735e-20
257.253,1.11478e-20
257.259,1.12015e-20
257.266,1.19363e-20
257.272,1.16827e-20
257.278,1.13599e-20
257.285,1.18189e-20
257.291,1.15159e-20
257.298,1.0899e-20
257.304,1.1246e-20
257.31,1.16065e-20
257.317,1.11055e-20
257.323,1.16903e-20
257.329,1.18048e-20
257.336,1.17141e-20
257.342,1.18161e-20
257.349,1.17703e-20
257.355,1.19218e-20
257.361,1.1519e-20
257.368,1.23258e-20
257.374,1.17825e-20
257.381,1.13859e-20
257.387,1.1804e-20
257.393,1.13973e-20
257.4,1.21337e-20
257.406,1.13563e-20
257.413,1.15004e-20
257.419,1.20625e-20
257.425,1.14419e-20
257.432,1.19646e-20
257.438,1.20551e-20
257.444,1.18228e-20
257.451,1.15262e-20
257.457,1.20061e-20
257.464,1.16703e-20
257.47,1.15266e-20
257.476,1.20234e-20
257.483,1.16335e-20
257.489,1.24057e-20
257.496,1.19224e-20
257.502,1.17283e-20
257.508,1.22033e-20
257.515,1.19691e-20
257.521,1.16237e-20
257.528,1.12533e-20
257.534,1.226e-20
257.54,1.1732e-20
257.547,1.19003e-20
257.553,1.23942e-20
257.56,1.15521e-20
257.566,1.22686e-20
257.572,1.15356e-20
257.579,1.14453e-20
257.585,1.23364e-20
257.592,1.19619e-20
257.598,1.22499e-20
257.604,1.26508e-20
257.611,1.25789e-20
257.617,1.22636e-20
257.624,1.25626e-20
257.63,1.26949e-20
257.636,1.25654e-20
257.643,1.24726e-20
257.649,1.22498e-20
257.656,1.2271e-20
257.662,1.14916e-20
257.668,1.16956e-20
257.675,1.20605e-20
257.681,1.20229e-20
257.688,1.31462e-20
257.694,1.31497e-20
257.7,1.26878e-20
257.707,1.29604e-20
257.713,1.29903e-20
257.72,1.28087e-20
257.726,1.25793e-20
257.732,1.26804e-20
257.739,1.26793e-20
257.745,1.28106e-20
257.752,1.2848e-20
257.758,1.24554e-20
257.765,1.25914e-20
257.771,1.29771e-20
257.777,1.27996e-20
257.784,1.24068e-20
257.79,1.25637e-20
257.797,1.27822e-20
257.803,1.29424e-20
257.809,1.31446e-20
257.816,1.34264e-20
257.822,1.39268e-20
257.829,1.29673e-20
257.835,1.28685e-20
257.841,1.35907e-20
257.848,1.266e-20
257.854,1.26401e-20
257.861,1.28419e-20
257.867,1.29541e-20
257.874,1.34013e-20
257.88,1.29013e-20
257.886,1.28862e-20
257.893,1.32263e-20
257.899,1.35287e-20
257.906,1.29933e-20
257.912,1.26792e-20
257.918,1.29622e-20
257.925,1.31011e-20
257.931,1.36243e-20
257.938,1.34986e-20
257.944,1.28132e-20
257.951,1.24502e-20
257.957,1.28033e-20
257.963,1.29347e-20
257.97,1.30904e-20
257.976,1.32074e-20
257.983,1.24662e-20
257.989,1.29859e-20
257.995,1.30542e-20
258.002,1.32734e-20
258.008,1.38021e-20
258.015,1.32615e-20
258.021,1.38541e-20
258.028,1.35429e-20
258.034,1.35397e-20
258.04,1.36519e-20
258.047,1.29074e-20
258.053,1.34495e-20
258.06,1.34834e-20
258.066,1.31957e-20
258.073,1.28212e-20
258.079,1.31396e-20
258.085,1.30489e-20
258.092,1.27974e-20
258.098,1.38214e-20
258.105,1.33005e-20
258.111,1.3278e-20
258.117,1.31303e-20
258.124,1.29949e-20
258.13,1.41214e-20
258.137,1.34866e-20
258.143,1.31251e-20
258.15,1.31414e-20
258.156,1.30184e-20
258.162,1.32076e-20
258.169,1.30583e-20
258.175,1.31878e-20
258.182,1.29553e-20
258.188,1.29403e-20
258.195,1.30315e-20
258.201,1.33233e-20
258.207,1.30859e-20
258.214,1.26802e-20
258.22,1.31268e-20
258.227,1.2895e-20
258.233,1.34591e-20
258.24,1.32989e-20
258.246,1.31284e-20
258.253,1.36151e-20
258.259,1.23245e-20
258.265,1.28584e-20
258.272,1.29686e-20
258.278,1.2522e-20
258.285,1.32902e-20
258.291,1.26512e-20
258.298,1.29915e-20
258.304,1.32789e-20
258.31,1.30571e-20
258.317,1.3104e-20
258.323,1.27902e-20
258.33,1.28292e-20
258.336,1.26751e-20
258.343,1.34718e-20
258.349,1.32932e-20
258.355,1.23641e-20
258.362,1.28093e-20
258.368,1.3205e-20
258.375,1.31754e-20
258.381,1.25631e-20
258.388,1.29175e-20
258.394,1.3068e-20
258.401,1.26167e-20
258.407,1.2576e-20
258.413,1.25606e-20
258.42,1.31344e-20
258.426,1.30044e-20
258.433,1.25143e-20
258.439,1.22222e-20
258.446,1.26005e-20
258.452,1.30311e-20
258.459,1.26425e-20
258.465,1.29643e-20
258.471,1.28945e-20
258.478,1.29374e-20
258.484,1.31132e-20
258.491,1.26958e-20
258.497,1.31123e-20
258.504,1.31711e-20
258.51,1.29766e-20
258.517,1.31909e-20
258.523,1.25931e-20
258.529,1.23107e-20
258.536,1.31814e-20
258.542,1.29357e-20
258.549,1.28114e-20
258.555,1.32193e-20
258.562,1.28919e-20
258.568,1.30942e-20
258.575,1.26724e-20
258.581,1.29008e-20
258.587,1.34607e-20
258.594,1.25911e-20
258.6,1.28351e-20
258.607,1.31734e-20
258.613,1.31284e-20
258.62,1.35759e-20
258.626,1.30712e-20
258.633,1.26224e-20
258.639,1.32575e-20
258.646,1.28961e-20
258.652,1.2936e-20
258.658,1.35158e-20
258.665,1.26789e-20
258.671,1.30892e-20
258.678,1.35772e-20
258.684,1.3639e-20
258.691,1.34677e-20
258.697,1.26511e-20
258.704,1.35307e-20
258.71,1.36828e-20
258.717,1.32938e-20
258.723,1.3305e-20
258.729,1.29244e-20
258.736,1.33423e-20
258.742,1.37644e-20
258.749,1.3636e-20
258.755,1.34036e-20
258.762,1.3888e-20
258.768,1.3695e-20
258.775,1.337e-20
258.781,1.3578e-20
258.788,1.35154e-20
258.794,1.37858e-20
258.8,1.29989e-20
258.807,1.31177e-20
258.813,1.40682e-20
258.82,1.38242e-20
258.826,1.38104e-20
258.833,1.39838e-20
258.839,1.37759e-20
258.846,1.34836e-20
258.852,1.41363e-20
258.859,1.41585e-20
258.865,1.38414e-20
258.872,1.409e-20
258.878,1.38356e-20
258.885,1.39662e-20
258.891,1.39868e-20
258.897,1.38262e-20
258.904,1.39196e-20
258.91,1.42643e-20
258.917,1.38917e-20
258.923,1.34755e-20
258.93,1.38595e-20
258.936,1.36587e-20
258.943,1.41627e-20
258.949,1.44117e-20
258.956,1.39029e-20
258.962,1.40043e-20
258.969,1.43209e-20
258.975,1.45041e-20
258.982,1.43665e-20
258.988,1.47065e-20
258.994,1.45112e-20
259.001,1.43029e-20
259.007,1.45178e-20
259.014,1.41158e-20
259.02,1.41901e-20
259.027,1.45437e-20
259.033,1.44717e-20
259.04,1.47683e-20
259.046,1.5115e-20
259.053,1.43089e-20
259.059,1.43448e-20
259.066,1.47559e-20
259.072,1.44835e-20
259.079,1.49178e-20
259.085,1.44462e-20
259.092,1.42347e-20
259.098,1.46203e-20
259.104,1.45408e-20
259.111,1.47997e-20
259.117,1.53758e-20
259.124,1.55875e-20
259.13,1.48667e-20
259.137,1.47232e-20
259.143,1.46205e-20
259.15,1.44632e-20
259.156,1.51912e-20
259.163,1.5393e-20
259.169,1.54064e-20
259.176,1.533e-20
259.182,1.52129e-20
259.189,1.54244e-20
259.195,1.52204e-20
259.202,1.4944e-20
259.208,1.5422e-20
259.215,1.51578e-20
259.221,1.50349e-20
259.228,1.54582e-20
259.234,1.47164e-20
259.241,1.50522e-20
259.247,1.49815e-20
259.254,1.44462e-20
259.26,1.48488e-20
259.266,1.46508e-20
259.273,1.50061e-20
259.279,1.53943e-20
259.286,1.56552e-20
259.292,1.49823e-20
259.299,1.44392e-20
259.305,1.54458e-20
259.312,1.50664e-20
259.318,1.48044e-20
259.325,1.5056e-20
259.331,1.48345e-20
259.338,1.51512e-20
259.344,1.53106e-20
259.351,1.52223e-20
259.357,1.53496e-20
259.364,1.54689e-20
259.37,1.49719e-20
259.377,1.50439e-20
259.383,1.56217e-20
259.39,1.53624e-20
259.396,1.48531e-20
259.403,1.50439e-20
259.409,1.52649e-20
259.416,1.51075e-20
259.422,1.55427e-20
259.429,1.52484e-20
259.435,1.49174e-20
259.442,1.52627e-20
259.448,1.50985e-20
259.455,1.5244e-20
259.461,1.53718e-20
259.468,1.51361e-20
259.474,1.47522e-20
259.481,1.46841e-20
259.487,1.51278e-20
259.494,1.52798e-20
259.5,1.51059e-20
259.507,1.47981e-20
259.513,1.46579e-20
259.52,1.52483e-20
259.526,1.53649e-20
259.533,1.48622e-20
259.539,1.52472e-20
259.546,1.54851e-20
259.552,1.53548e-20
259.559,1.48759e-20
259.565,1.45655e-20
259.572,1.50354e-20
259.578,1.50576e-20
259.585,1.5621e-20
259.591,1.54284e-20
259.598,1.49686e-20
259.604,1.49548e-20
259.611,1.49012e-20
259.617,1.55665e-20
259.624,1.46504e-20
259.63,1.43661e-20
259.637,1.48108e-20
259.643,1.48541e-20
259.65,1.52301e-20
259.656,1.46857e-20
259.663,1.49647e-20
259.669,1.45191e-20
259.676,1.44066e-20
259.682,1.50448e-20
259.689,1.45377e-20
259.695,1.5024e-20
259.702,1.50693e-20
259.708,1.46437e-20
259.715,1.46069e-20
259.721,1.51422e-20
259.728,1.51632e-20
259.734,1.42571e-20
259.741,1.45182e-20
259.747,1.51257e-20
259.754,1.52368e-20
259.76,1.51018e-20
259.767,1.5517e-20
259.773,1.48516e-20
259.78,1.47945e-20
259.786,1.56244e-20
259.793,1.46223e-20
259.799,1.50902e-20
259.806,1.52354e-20
259.812,1.49225e-20
259.819,1.48349e-20
259.825,1.41911e-20
259.832,1.54732e-20
259.838,1.51475e-20
259.845,1.43308e-20
259.851,1.4876e-20
259.858,1.46831e-20
259.864,1.44851e-20
259.871,1.44233e-20
259.877,1.47481e-20
259.884,1.46733e-20
259.89,1.47852e-20
259.897,1.50745e-20
259.903,1.47976e-20
259.91,1.4638e-20
259.916,1.48958e-20
259.923,1.53194e-20
259.93,1.49363e-20
259.936,1.46452e-20
259.943,1.41977e-20
259.949,1.42459e-20
259.956,1.51388e-20
259.962,1.46416e-20
259.969,1.43739e-20
259.975,1.46798e-20
259.982,1.4319e-20
259.988,1.446e-20
259.995,1.48088e-20
260.001,1.49913e-20
260.008,1.49062e-20
260.014,1.43894e-20
260.021,1.44334e-20
260.027,1.45302e-20
260.034,1.44467e-20
260.04,1.46025e-20
260.047,1.44257e-20
260.053,1.47392e-20
260.06,1.46455e-20
260.066,1.41128e-20
260.073,1.4508e-20
260.079,1.46032e-20
260.086,1.46752e-20
260.093,1.44641e-20
260.099,1.41373e-20
260.106,1.4666e-20
260.112,1.45273e-20
260.119,1.43179e-20
260.125,1.47141e-20
260.132,1.45514e-20
260.138,1.44461e-20
260.145,1.44451e-20
260.151,1.40801e-20
260.158,1.42853e-20
260.164,1.42304e-20
260.171,1.40779e-20
260.177,1.48318e-20
260.184,1.45569e-20
260.19,1.39934e-20
260.197,1.43256e-20
260.204,1.42446e-20
260.21,1.41166e-20
260.217,1.39948e-20
260.223,1.39139e-20
260.23,1.44918e-20
260.236,1.4605e-20
260.243,1.42429e-20
260.249,1.41246e-20
260.256,1.42121e-20
260.262,1.43348e-20
260.269,1.39237e-20
260.275,1.39268e-20
260.282,1.39592e-20
260.288,1.39487e-20
260.295,1.46927e-20
260.302,1.39887e-20
260.308,1.38597e-20
260.315,1.48177e-20
260.321,1.43179e-20
260.328,1.41838e-20
260.334,1.41878e-20
260.341,1.39054e-20
260.347,1.42883e-20
260.354,1.46163e-20
260.36,1.4388e-20
260.367,1.44217e-20
260.373,1.43156e-20
260.38,1.36406e-20
260.387,1.41782e-20
260.393,1.41673e-20
260.4,1.35652e-20
260.406,1.38196e-20
260.413,1.36503e-20
260.419,1.41922e-20
260.426,1.42281e-20
260.432,1.31724e-20
260.439,1.40058e-20
260.445,1.46913e-20
260.452,1.34927e-20
260.458,1.35624e-20
260.465,1.43493e-20
260.472,1.39319e-20
260.478,1.37342e-20
260.485,1.39918e-20
260.491,1.44013e-20
260.498,1.42808e-20
260.504,1.38337e-20
260.511,1.43397e-20
260.517,1.42515e-20
260.524,1.3729e-20
260.53,1.41961e-20
260.537,1.42202e-20
260.544,1.42024e-20
260.55,1.40686e-20
260.557,1.34705e-20
260.563,1.43317e-20
260.57,1.42453e-20
260.576,1.37326e-20
260.583,1.41615e-20
260.589,1.36493e-20
260.596,1.44267e-20
260.603,1.46804e-20
260.609,1.38409e-20
260.616,1.40606e-20
260.622,1.37848e-20
260.629,1.39995e-20
260.635,1.42759e-20
260.642,1.4465e-20
260.648,1.44235e-20
260.655,1.41627e-20
260.661,1.40247e-20
260.668,1.39815e-20
260.675,1.45927e-20
260.681,1.43253e-20
260.688,1.49426e-20
260.694,1.4943e-20
260.701,1.37765e-20
260.707,1.42971e-20
260.714,1.43098e-20
260.72,1.4678e-20
260.727,1.47257e-20
260.734,1.42977e-20
260.74,1.45463e-20
260.747,1.44661e-20
260.753,1.45929e-20
260.76,1.4174e-20
260.766,1.41531e-20
260.773,1.41305e-20
260.779,1.42585e-20
260.786,1.47519e-20
260.793,1.42148e-20
260.799,1.45707e-20
260.806,1.50487e-20
260.812,1.46694e-20
260.819,1.4261e-20
260.825,1.45438e-20
260.832,1.50947e-20
260.839,1.46812e-20
260.845,1.42224e-20
260.852,1.45515e-20
260.858,1.48742e-20
260.865,1.47157e-20
260.871,1.49123e-20
260.878,1.4555e-20
260.885,1.44011e-20
260.891,1.47418e-20
260.898,1.45389e-20
260.904,1.4918e-20
260.911,1.47881e-20
260.917,1.4916e-20
260.924,1.49754e-20
260.93,1.45962e-20
260.937,1.51293e-20
260.944,1.46896e-20
260.95,1.46868e-20
260.957,1.51476e-20
260.963,1.4934e-20
260.97,1.52396e-20
260.976,1.53651e-20
260.983,1.49083e-20
260.99,1.48306e-20
260.996,1.53773e-20
261.003,1.55864e-20
261.009,1.51511e-20
261.016,1.44573e-20
261.022,1.50086e-20
261.029,1.5407e-20
261.036,1.49336e-20
261.042,1.55343e-20
261.049,1.55593e-20
261.055,1.55634e-20
261.062,1.57041e-20
261.068,1.53742e-20
261.075,1.50958e-20
261.082,1.51899e-20
261.088,1.56789e-20
261.095,1.48366e-20
261.101,1.51264e-20
261.108,1.58637e-20
261.114,1.54873e-20
261.121,1.59593e-20
261.128,1.53989e-20
261.134,1.50173e-20
261.141,1.53257e-20
261.147,1.51692e-20
261.154,1.55037e-20
261.161,1.56006e-20
261.167,1.52173e-20
261.174,1.5135e-20
261.18,1.57469e-20
261.187,1.58605e-20
261.193,1.55856e-20
261.2,1.55456e-20
261.207,1.54632e-20
261.213,1.54132e-20
261.22,1.51712e-20
261.226,1.54265e-20
261.233,1.55249e-20
261.239,1.51774e-20
261.246,1.52318e-20
261.253,1.52953e-20
261.259,1.56021e-20
261.266,1.59482e-20
261.272,1.60404e-20
261.279,1.59874e-20
261.286,1.56989e-20
261.292,1.59852e-20
261.299,1.60842e-20
261.305,1.54487e-20
261.312,1.57407e-20
261.318,1.57173e-20
261.325,1.55846e-20
261.332,1.6012e-20
261.338,1.58389e-20
261.345,1.59747e-20
261.351,1.57732e-20
261.358,1.58843e-20
261.365,1.60753e-20
261.371,1.58944e-20
261.378,1.62641e-20
261.384,1.6064e-20
261.391,1.58884e-20
261.398,1.56254e-20
261.404,1.62298e-20
261.411,1.61574e-20
261.417,1.55591e-20
261.424,1.63095e-20
261.431,1.59204e-20
261.437,1.63807e-20
261.444,1.65838e-20
261.45,1.5935e-20
261.457,1.5847e-20
261.463,1.54929e-20
261.47,1.62496e-20
261.477,1.57784e-20
261.483,1.63628e-20
261.49,1.7007e-20
261.496,1.5751e-20
261.503,1.63278e-20
261.51,1.61481e-20
261.516,1.58612e-20
261.523,1.60566e-20
261.529,1.57628e-20
261.536,1.59464e-20
261.543,1.59329e-20
261.549,1.64445e-20
261.556,1.67567e-20
261.562,1.62533e-20
261.569,1.58588e-20
261.576,1.59401e-20
261.582,1.62073e-20
261.589,1.65426e-20
261.595,1.63808e-20
261.602,1.59595e-20
261.609,1.5972e-20
261.615,1.57435e-20
261.622,1.61631e-20
261.628,1.62464e-20
261.635,1.62615e-20
261.642,1.63272e-20
261.648,1.58926e-20
261.655,1.66098e-20
261.661,1.63258e-20
261.668,1.61667e-20
261.675,1.61037e-20
261.681,1.58302e-20
261.688,1.67759e-20
261.694,1.61562e-20
261.701,1.54372e-20
261.708,1.54249e-20
261.714,1.62981e-20
261.721,1.71648e-20
261.728,1.61686e-20
261.734,1.62358e-20
261.741,1.62533e-20
261.747,1.58455e-20
261.754,1.60049e-20
261.761,1.59841e-20
261.767,1.58688e-20
261.774,1.57056e-20
261.78,1.63087e-20
261.787,1.61725e-20
261.794,1.57693e-20
261.8,1.5854e-20
261.807,1.55562e-20
261.813,1.57705e-20
261.82,1.59338e-20
261.827,1.57205e-20
261.833,1.5549e-20
261.84,1.56225e-20
261.847,1.58114e-20
261.853,1.57368e-20
261.86,1.56725e-20
261.866,1.61374e-20
261.873,1.63377e-20
261.88,1.52788e-20
261.886,1.53966e-20
261.893,1.62097e-20
261.899,1.59187e-20
261.906,1.61396e-20
261.913,1.587e-20
261.919,1.55923e-20
261.926,1.5793e-20
261.933,1.55445e-20
261.939,1.58826e-20
261.946,1.565e-20
261.952,1.53471e-20
261.959,1.57114e-20
261.966,1.60619e-20
261.972,1.60968e-20
261.979,1.54926e-20
261.985,1.59045e-20
261.992,1.56812e-20
261.999,1.53597e-20
262.005,1.61287e-20
262.012,1.58562e-20
262.019,1.60597e-20
262.025,1.54944e-20
262.032,1.5077e-20
262.038,1.56173e-20
262.045,1.53495e-20
262.052,1.61042e-20
262.058,1.58081e-20
262.065,1.54203e-20
262.072,1.5855e-20
262.078,1.5486e-20
262.085,1.57655e-20
262.091,1.54817e-20
262.098,1.59116e-20
262.105,1.63689e-20
262.111,1.57165e-20
262.118,1.61115e-20
262.125,1.58049e-20
262.131,1.52677e-20
262.138,1.55486e-20
262.144,1.53169e-20
262.151,1.55367e-20
262.158,1.58526e-20
262.164,1.52947e-20
262.171,1.54563e-20
262.178,1.57883e-20
262.184,1.56231e-20
262.191,1.58238e-20
262.197,1.57416e-20
262.204,1.57456e-20
262.211,1.58627e-20
262.217,1.58345e-20
262.224,1.57938e-20
262.231,1.59496e-20
262.237,1.59619e-20
262.244,1.54209e-20
262.251,1.59111e-20
262.257,1.59611e-20
262.264,1.57909e-20
262.27,1.60761e-20
262.277,1.55672e-20
262.284,1.59585e-20
262.29,1.60188e-20
262.297,1.59018e-20
262.304,1.61852e-20
262.31,1.58935e-20
262.317,1.5888e-20
262.324,1.6041e-20
262.33,1.59603e-20
262.337,1.55995e-20
262.343,1.63198e-20
262.35,1.63603e-20
262.357,1.5909e-20
262.363,1.6268e-20
262.37,1.57023e-20
262.377,1.5943e-20
262.383,1.6239e-20
262.39,1.6665e-20
262.397,1.69797e-20
262.403,1.60941e-20
262.41,1.64495e-20
262.417,1.67019e-20
262.423,1.68054e-20
262.43,1.69245e-20
262.436,1.69444e-20
262.443,1.73052e-20
262.45,1.69103e-20
262.456,1.67059e-20
262.463,1.67698e-20
262.47,1.71112e-20
262.476,1.67661e-20
262.483,1.65806e-20
262.49,1.72497e-20
262.496,1.69427e-20
262.503,1.68866e-20
262.51,1.67128e-20
262.516,1.66697e-20
262.523,1.69829e-20
262.529,1.66625e-20
262.536,1.67633e-20
262.543,1.67502e-20
262.549,1.68169e-20
262.556,1.71555e-20
262.563,1.72374e-20
262.569,1.71555e-20
262.576,1.70806e-20
262.583,1.68794e-20
262.589,1.67749e-20
262.596,1.73893e-20
262.603,1.77302e-20
262.609,1.73112e-20
262.616,1.72987e-20
262.623,1.77486e-20
262.629,1.7243e-20
262.636,1.71274e-20
262.643,1.8006e-20
262.649,1.72349e-20
262.656,1.69517e-20
262.663,1.81177e-20
262.669,1.79712e-20
262.676,1.73162e-20
262.682,1.754e-20
262.689,1.80704e-20
262.696,1.82833e-20
262.702,1.81405e-20
262.709,1.7787e-20
262.716,1.7884e-20
262.722,1.78758e-20
262.729,1.75423e-20
262.736,1.79197e-20
262.742,1.81845e-20
262.749,1.81435e-20
262.756,1.82334e-20
262.762,1.79776e-20
262.769,1.78808e-20
262.776,1.82706e-20
262.782,1.81304e-20
262.789,1.8367e-20
262.796,1.85384e-20
262.802,1.78978e-20
262.809,1.8302e-20
262.816,1.8715e-20
262.822,1.82653e-20
262.829,1.82627e-20
262.836,1.86594e-20
262.842,1.83605e-20
262.849,1.82378e-20
262.856,1.87628e-20
262.862,1.83873e-20
262.869,1.87715e-20
262.876,1.85355e-20
262.882,1.84133e-20
262.889,1.91267e-20
262.896,1.80217e-20
262.902,1.85807e-20
262.909,1.87133e-20
262.916,1.87335e-20
262.922,1.95758e-20
262.929,1.82625e-20
262.936,1.89407e-20
262.942,1.91502e-20
262.949,1.85286e-20
262.956,1.91489e-20
262.962,1.87525e-20
262.969,1.90734e-20
262.976,1.91093e-20
262.982,1.91542e-20
262.989,1.95424e-20
262.996,1.89201e-20
263.002,1.87839e-20
263.009,1.89061e-20
263.016,1.88865e-20
263.022,1.9106e-20
263.029,1.91599e-20
263.036,1.94003e-20
263.042,1.96377e-20
263.049,1.89897e-20
263.056,1.89069e-20
263.062,1.92877e-20
263.069,1.90479e-20
263.076,1.90942e-20
263.082,1.94097e-20
263.089,1.9753e-20
263.096,1.96721e-20
263.102,1.93344e-20
263.109,1.8716e-20
263.116,1.87392e-20
263.122,1.92493e-20
263.129,1.91362e-20
263.136,1.94096e-20
263.143,1.9151e-20
263.149,1.94793e-20
263.156,1.95629e-20
263.163,1.90195e-20
263.169,1.94059e-20
263.176,1.90584e-20
263.183,1.93492e-20
263.189,1.91373e-20
263.196,1.90111e-20
263.203,1.96687e-20
263.209,1.89053e-20
263.216,1.91728e-20
263.223,1.93921e-20
263.229,1.91896e-20
263.236,1.94928e-20
263.243,1.92753e-20
263.249,1.92594e-20
263.256,1.94643e-20
263.263,1.94803e-20
263.269,1.92146e-20
263.276,1.93484e-20
263.283,1.93792e-20
263.29,1.91042e-20
263.296,1.92594e-20
263.303,1.95142e-20
263.31,1.94833e-20
263.316,1.93649e-20
263.323,1.94861e-20
263.33,1.92526e-20
263.336,1.9137e-20
263.343,1.90336e-20
263.35,1.93968e-20
263.356,1.98238e-20
263.363,1.94532e-20
263.37,1.92965e-20
263.376,1.88723e-20
263.383,1.93482e-20
263.39,1.94587e-20
263.397,1.86688e-20
263.403,1.89724e-20
263.41,1.90182e-20
263.417,1.93204e-20
263.423,1.93899e-20
263.43,1.90656e-20
263.437,1.92685e-20
263.443,1.91365e-20
263.45,1.88044e-20
263.457,1.93297e-20
263.464,1.98437e-20
263.47,1.88928e-20
263.477,1.90316e-20
263.484,1.9175e-20
263.49,1.8964e-20
263.497,1.95658e-20
263.504,1.88779e-20
263.51,1.92111e-20
263.517,1.95853e-20
263.524,1.91395e-20
263.53,1.92892e-20
263.537,1.88464e-20
263.544,1.91182e-20
263.551,1.93095e-20
263.557,1.92133e-20
263.564,1.94255e-20
263.571,1.92214e-20
263.577,1.97201e-20
263.584,1.96331e-20
263.591,1.9292e-20
263.597,1.97964e-20
263.604,1.94456e-20
263.611,1.92444e-20
263.618,1.95675e-20
263.624,1.94199e-20
263.631,1.97108e-20
263.638,1.97096e-20
263.644,1.93629e-20
263.651,1.93239e-20
263.658,1.9202e-20
263.665,1.92639e-20
263.671,1.94588e-20
263.678,1.96485e-20
263.685,1.93851e-20
263.691,1.95673e-20
263.698,1.97833e-20
263.705,1.95171e-20
263.711,1.96895e-20
263.718,1.91765e-20
263.725,1.91824e-20
263.732,1.95652e-20
263.738,1.94237e-20
263.745,1.95999e-20
263.752,1.9545e-20
263.758,1.98048e-20
263.765,1.93456e-20
263.772,1.89268e-20
263.779,1.93772e-20
263.785,1.94589e-20
263.792,1.95672e-20
263.799,1.91194e-20
263.805,1.95012e-20
263.812,2.00043e-20
263.819,1.97504e-20
263.826,2.01238e-20
263.832,1.94247e-20
263.839,1.92591e-20
263.846,1.98809e-20
263.852,1.96949e-20
263.859,1.99397e-20
263.866,1.98173e-20
263.873,1.93764e-20
263.879,1.91216e-20
263.886,1.98256e-20
263.893,2.03141e-20
263.899,1.94505e-20
263.906,1.9781e-20
263.913,1.95797e-20
263.92,1.93262e-20
263.926,2.02963e-20
263.933,2.0009e-20
263.94,1.97963e-20
263.946,1.96668e-20
263.953,1.95696e-20
263.96,1.93418e-20
263.967,1.93738e-20
263.973,1.98627e-20
263.98,1.91871e-20
263.987,1.9565e-20
263.994,1.98352e-20
264,1.97019e-20
264.007,2.00405e-20
264.014,1.94834e-20
264.02,1.95675e-20
264.027,1.96525e-20
264.034,1.97428e-20
264.041,1.97874e-20
264.047,1.95932e-20
264.054,1.9886e-20
264.061,1.97895e-20
264.067,1.97718e-20
264.074,1.97675e-20
264.081,1.9802e-20
264.088,1.93715e-20
264.094,1.91572e-20
264.101,1.98896e-20
264.108,1.98561e-20
264.115,1.95958e-20
264.121,1.96715e-20
264.128,1.97283e-20
264.135,1.96707e-20
264.141,1.99272e-20
264.148,1.98972e-20
264.155,1.96412e-20
264.162,1.9677e-20
264.168,1.95729e-20
264.175,1.97381e-20
264.182,1.94392e-20
264.189,1.98562e-20
264.195,2.00937e-20
264.202,1.91933e-20
264.209,1.9362e-20
264.216,1.96735e-20
264.222,2.00213e-20
264.229,1.97789e-20
264.236,1.92988e-20
264.242,1.95084e-20
264.249,1.9485e-20
264.256,1.98026e-20
264.263,1.9763e-20
264.269,1.96854e-20
264.276,1.95759e-20
264.283,1.92343e-20
264.29,1.94561e-20
264.296,1.96573e-20
264.303,1.97793e-20
264.31,1.95414e-20
264.317,1.93028e-20
264.323,1.94064e-20
264.33,1.93042e-20
264.337,1.93252e-20
264.344,1.98701e-20
264.35,1.99274e-20
264.357,1.94598e-20
264.364,1.96623e-20
264.37,1.95926e-20
264.377,1.96249e-20
264.384,1.99905e-20
264.391,1.98326e-20
264.397,1.99339e-20
264.404,1.9844e-20
264.411,1.96432e-20
264.418,1.9896e-20
264.424,1.97595e-20
264.431,1.97221e-20
264.438,1.9823e-20
264.445,1.94374e-20
264.451,1.98062e-20
264.458,1.99735e-20
264.465,1.94755e-20
264.472,1.9663e-20
264.478,1.99227e-20
264.485,2.00313e-20
264.492,1.97264e-20
264.499,1.9873e-20
264.505,2.01079e-20
264.512,1.97893e-20
264.519,1.98193e-20
264.526,1.97453e-20
264.532,2.01274e-20
264.539,2.01155e-20
264.546,2.01376e-20
264.553,2.03017e-20
264.559,1.99246e-20
264.566,2.03673e-20
264.573,2.0188e-20
264.58,1.98837e-20
264.586,2.01622e-20
264.593,2.0318e-20
264.6,2.01676e-20
264.607,1.99357e-20
264.613,2.03218e-20
264.62,2.0169e-20
264.627,2.01879e-20
264.634,2.05054e-20
264.64,2.032e-20
264.647,2.005e-20
264.654,2.01774e-20
264.661,2.00887e-20
264.667,2.00022e-20
264.674,2.08961e-20
264.681,2.05912e-20
264.688,2.05405e-20
264.694,2.0781e-20
264.701,2.05326e-20
264.708,2.10874e-20
264.715,2.05525e-20
264.722,2.04419e-20
264.728,2.07267e-20
264.735,2.07463e-20
264.742,2.06229e-20
264.749,2.04024e-20
264.755,2.07068e-20
264.762,2.02309e-20
264.769,2.08054e-20
264.776,2.10364e-20
264.782,2.05583e-20
264.789,2.08097e-20
264.796,2.05455e-20
264.803,2.07338e-20
264.809,2.05333e-20
264.816,2.04871e-20
264.823,2.06904e-20
264.83,2.08665e-20
264.836,2.10341e-20
264.843,2.08074e-20
264.85,2.09641e-20
264.857,2.0282e-20
264.864,2.06164e-20
264.87,2.12998e-20
264.877,2.08432e-20
264.884,2.11968e-20
264.891,2.10034e-20
264.897,2.10449e-20
264.904,2.13686e-20
264.911,2.07344e-20
264.918,2.10901e-20
264.924,2.13772e-20
264.931,2.06752e-20
264.938,2.06615e-20
264.945,2.09254e-20
264.952,2.11834e-20
264.958,2.12182e-20
264.965,2.11886e-20
264.972,2.18351e-20
264.979,2.11872e-20
264.985,2.11714e-20
264.992,2.1829e-20
264.999,2.09507e-20
265.006,2.13114e-20
265.012,2.15533e-20
265.019,2.11906e-20
265.026,2.13842e-20
265.033,2.08678e-20
265.04,2.12176e-20
265.046,2.17968e-20
265.053,2.13303e-20
265.06,2.16724e-20
265.067,2.17621e-20
265.073,2.14028e-20
265.08,2.17606e-20
265.087,2.12773e-20
265.094,2.14861e-20
265.101,2.21042e-20
265.107,2.16617e-20
265.114,2.16723e-20
265.121,2.14461e-20
265.128,2.1316e-20
265.134,2.11874e-20
265.141,2.14601e-20
265.148,2.17722e-20
265.155,2.12932e-20
265.162,2.18742e-20
265.168,2.18055e-20
265.175,2.14881e-20
265.182,2.17819e-20
265.189,2.14229e-20
265.196,2.13e-20
265.202,2.14447e-20
265.209,2.18385e-20
265.216,2.17553e-20
265.223,2.17169e-20
265.229,2.18573e-20
265.236,2.17592e-20
265.243,2.18125e-20
265.25,2.16009e-20
265.257,2.1663e-20
265.263,2.18674e-20
265.27,2.19711e-20
265.277,2.15534e-20
265.284,2.14405e-20
265.291,2.20179e-20
265.297,2.17292e-20
265.304,2.1541e-20
265.311,2.17812e-20
265.318,2.19239e-20
265.324,2.18507e-20
265.331,2.19756e-20
265.338,2.20605e-20
265.345,2.16072e-20
265.352,2.15039e-20
265.358,2.16326e-20
265.365,2.20185e-20
265.372,2.19392e-20
265.379,2.1837e-20
265.386,2.19356e-20
265.392,2.15312e-20
265.399,2.17986e-20
265.406,2.18287e-20
265.413,2.13745e-20
265.42,2.16351e-20
265.426,2.18936e-20
265.433,2.16667e-20
265.44,2.16319e-20
265.447,2.1632e-20
265.454,2.17501e-20
265.46,2.20896e-20
265.467,2.1675e-20
265.474,2.19314e-20
265.481,2.18357e-20
265.488,2.13562e-20
265.494,2.19253e-20
265.501,2.15696e-20
265.508,2.13975e-20
265.515,2.15919e-20
265.522,2.18103e-20
265.528,2.18527e-20
265.535,2.16067e-20
265.542,2.22931e-20
265.549,2.19829e-20
265.556,2.18123e-20
265.562,2.19144e-20
265.569,2.15162e-20
265.576,2.19544e-20
265.583,2.17907e-20
265.59,2.15937e-20
265.596,2.15242e-20
265.603,2.15478e-20
265.61,2.18044e-20
265.617,2.15347e-20
265.624,2.15191e-20
265.63,2.15572e-20
265.637,2.15858e-20
265.644,2.14424e-20
265.651,2.14617e-20
265.658,2.16629e-20
265.664,2.19325e-20
265.671,2.19622e-20
265.678,2.13411e-20
265.685,2.19343e-20
265.692,2.19184e-20
265.698,2.13252e-20
265.705,2.1774e-20
265.712,2.12901e-20
265.719,2.14407e-20
265.726,2.17122e-20
265.733,2.15098e-20
265.739,2.18034e-20
265.746,2.11973e-20
265.753,2.11204e-20
265.76,2.14229e-20
265.767,2.11121e-20
265.773,2.12e-20
265.78,2.15829e-20
265.787,2.16857e-20
265.794,2.13941e-20
265.801,2.11851e-20
265.807,2.13901e-20
265.814,2.18349e-20
265.821,2.16767e-20
265.828,2.13645e-20
265.835,2.1632e-20
265.842,2.16873e-20
265.848,2.14258e-20
265.855,2.1605e-20
265.862,2.17312e-20
265.869,2.10751e-20
265.876,2.12182e-20
265.882,2.15193e-20
265.889,2.12988e-20
265.896,2.13839e-20
265.903,2.12485e-20
265.91,2.17653e-20
265.917,2.15658e-20
265.923,2.09553e-20
265.93,2.14656e-20
265.937,2.12546e-20
265.944,2.11644e-20
265.951,2.1259e-20
265.957,2.09786e-20
265.964,2.11096e-20
265.971,2.1218e-20
265.978,2.14906e-20
265.985,2.16435e-20
265.992,2.11088e-20
265.998,2.08538e-20
266.005,2.10285e-20
266.012,2.08255e-20
266.019,2.12133e-20
266.026,2.1393e-20
266.033,2.09591e-20
266.039,2.11786e-20
266.046,2.1058e-20
266.053,2.09133e-20
266.06,2.10394e-20
266.067,2.07116e-20
266.074,2.0457e-20
266.08,2.12308e-20
266.087,2.1511e-20
266.094,2.06006e-20
266.101,2.10137e-20
266.108,2.12301e-20
266.115,2.07401e-20
266.121,2.08227e-20
266.128,2.10896e-20
266.135,2.13172e-20
266.142,2.05654e-20
266.149,2.08548e-20
266.156,2.15414e-20
266.162,2.09481e-20
266.169,2.07257e-20
266.176,2.05542e-20
266.183,2.0833e-20
266.19,2.12193e-20
266.197,2.09697e-20
266.203,2.08118e-20
266.21,2.08109e-20
266.217,2.07221e-20
266.224,2.03551e-20
266.231,2.05041e-20
266.238,2.08242e-20
266.244,2.04462e-20
266.251,2.04463e-20
266.258,2.0911e-20
266.265,2.0755e-20
266.272,2.07075e-20
266.279,2.08329e-20
266.285,2.09912e-20
266.292,2.0875e-20
266.299,2.04869e-20
266.306,2.07774e-20
266.313,2.05866e-20
266.32,2.06431e-20
266.326,2.08096e-20
266.333,2.01012e-20
266.34,2.0444e-20
266.347,2.08003e-20
266.354,2.08613e-20
266.361,2.0849e-20
266.367,2.07483e-20
266.374,2.09501e-20
266.381,2.08869e-20
266.388,2.09456e-20
266.395,2.04706e-20
266.402,2.05303e-20
266.409,2.09506e-20
266.415,2.0784e-20
266.422,2.09497e-20
266.429,2.06787e-20
266.436,2.09804e-20
266.443,2.13847e-20
266.45,2.08761e-20
266.456,2.07035e-20
266.463,2.0835e-20
266.47,2.09924e-20
266.477,2.12142e-20
266.484,2.12612e-20
266.491,2.08822e-20
266.498,2.10707e-20
266.504,2.12726e-20
266.511,2.07862e-20
266.518,2.09353e-20
266.525,2.12209e-20
266.532,2.10285e-20
266.539,2.08651e-20
266.546,2.11344e-20
266.552,2.12983e-20
266.559,2.11753e-20
266.566,2.13081e-20
266.573,2.10392e-20
266.58,2.10213e-20
266.587,2.12674e-20
266.594,2.08781e-20
266.6,2.09983e-20
266.607,2.09504e-20
266.614,2.08039e-20
266.621,2.16938e-20
266.628,2.15999e-20
266.635,2.12185e-20
266.642,2.13334e-20
266.648,2.13697e-20
266.655,2.18465e-20
266.662,2.12228e-20
266.669,2.09779e-20
266.676,2.19489e-20
266.683,2.16676e-20
266.69,2.15481e-20
266.696,2.18777e-20
266.703,2.15586e-20
266.71,2.17433e-20
266.717,2.20148e-20
266.724,2.13828e-20
266.731,2.15644e-20
266.738,2.20881e-20
266.744,2.16646e-20
266.751,2.16579e-20
266.758,2.1613e-20
266.765,2.18257e-20
266.772,2.19275e-20
266.779,2.14751e-20
266.786,2.20709e-20
266.792,2.22565e-20
266.799,2.18822e-20
266.806,2.19417e-20
266.813,2.19383e-20
266.82,2.20411e-20
266.827,2.21379e-20
266.834,2.20816e-20
266.841,2.18701e-20
266.847,2.20097e-20
266.854,2.22511e-20
266.861,2.20949e-20
266.868,2.18983e-20
266.875,2.22404e-20
266.882,2.25688e-20
266.889,2.21216e-20
266.896,2.21801e-20
266.902,2.25236e-20
266.909,2.25229e-20
266.916,2.25195e-20
266.923,2.227e-20
266.93,2.22171e-20
266.937,2.22215e-20
266.944,2.22885e-20
266.95,2.22969e-20
266.957,2.23404e-20
266.964,2.28308e-20
266.971,2.27492e-20
266.978,2.26409e-20
266.985,2.26999e-20
266.992,2.22922e-20
266.999,2.25102e-20
267.005,2.28114e-20
267.012,2.29683e-20
267.019,2.35739e-20
267.026,2.35885e-20
267.033,2.29182e-20
267.04,2.24669e-20
267.047,2.29626e-20
267.054,2.3476e-20
267.061,2.30213e-20
267.067,2.29505e-20
267.074,2.30715e-20
267.081,2.29221e-20
267.088,2.29763e-20
267.095,2.29879e-20
267.102,2.31151e-20
267.109,2.3138e-20
267.116,2.34594e-20
267.122,2.35748e-20
267.129,2.32947e-20
267.136,2.37287e-20
267.143,2.3513e-20
267.15,2.34282e-20
267.157,2.40197e-20
267.164,2.37488e-20
267.171,2.37214e-20
267.178,2.37009e-20
267.184,2.35332e-20
267.191,2.38597e-20
267.198,2.36713e-20
267.205,2.35916e-20
267.212,2.34086e-20
267.219,2.35884e-20
267.226,2.42207e-20
267.233,2.34665e-20
267.239,2.34444e-20
267.246,2.41534e-20
267.253,2.39479e-20
267.26,2.43969e-20
267.267,2.46641e-20
267.274,2.42362e-20
267.281,2.41378e-20
267.288,2.41224e-20
267.295,2.39959e-20
267.302,2.40098e-20
267.308,2.41935e-20
267.315,2.42477e-20
267.322,2.4202e-20
267.329,2.42621e-20
267.336,2.44465e-20
267.343,2.41703e-20
267.35,2.37926e-20
267.357,2.39814e-20
267.364,2.42138e-20
267.37,2.45915e-20
267.377,2.4639e-20
267.384,2.40934e-20
267.391,2.41293e-20
267.398,2.42138e-20
267.405,2.39329e-20
267.412,2.41062e-20
267.419,2.39602e-20
267.426,2.3903e-20
267.433,2.43737e-20
267.439,2.39114e-20
267.446,2.36844e-20
267.453,2.43634e-20
267.46,2.47277e-20
267.467,2.45488e-20
267.474,2.4245e-20
267.481,2.44218e-20
267.488,2.44051e-20
267.495,2.40442e-20
267.502,2.37941e-20
267.508,2.39528e-20
267.515,2.38877e-20
267.522,2.34837e-20
267.529,2.42254e-20
267.536,2.41637e-20
267.543,2.33943e-20
267.55,2.40985e-20
267.557,2.41314e-20
267.564,2.36407e-20
267.571,2.39796e-20
267.577,2.38052e-20
267.584,2.37705e-20
267.591,2.43301e-20
267.598,2.38722e-20
267.605,2.37824e-20
267.612,2.42722e-20
267.619,2.36265e-20
267.626,2.33383e-20
267.633,2.3742e-20
267.64,2.37198e-20
267.647,2.36159e-20
267.653,2.4072e-20
267.66,2.43083e-20
267.667,2.40221e-20
267.674,2.38115e-20
267.681,2.35803e-20
267.688,2.37753e-20
267.695,2.3282e-20
267.702,2.31114e-20
267.709,2.39068e-20
267.716,2.34487e-20
267.723,2.33758e-20
267.729,2.3588e-20
267.736,2.33831e-20
267.743,2.35575e-20
267.75,2.36144e-20
267.757,2.39413e-20
267.764,2.37767e-20
267.771,2.35174e-20
267.778,2.38684e-20
267.785,2.39978e-20
267.792,2.3732e-20
267.799,2.33007e-20
267.806,2.35094e-20
267.812,2.37716e-20
267.819,2.31627e-20
267.826,2.30612e-20
267.833,2.3719e-20
267.84,2.37498e-20
267.847,2.36569e-20
267.854,2.35305e-20
267.861,2.33487e-20
267.868,2.34439e-20
267.875,2.34224e-20
267.882,2.39152e-20
267.889,2.3855e-20
267.896,2.35065e-20
267.902,2.38732e-20
267.909,2.38113e-20
267.916,2.37918e-20
267.923,2.37417e-20
267.93,2.38803e-20
267.937,2.41657e-20
267.944,2.39366e-20
267.951,2.37117e-20
267.958,2.35246e-20
267.965,2.34381e-20
267.972,2.34155e-20
267.979,2.36008e-20
267.986,2.36706e-20
267.992,2.38177e-20
267.999,2.3888e-20
268.006,2.36258e-20
268.013,2.39421e-20
268.02,2.3557e-20
268.027,2.33474e-20
268.034,2.40864e-20
268.041,2.4056e-20
268.048,2.38237e-20
268.055,2.35799e-20
268.062,2.34898e-20
268.069,2.38468e-20
268.076,2.39837e-20
268.083,2.41945e-20
268.089,2.45297e-20
268.096,2.42708e-20
268.103,2.41131e-20
268.11,2.41438e-20
268.117,2.40643e-20
268.124,2.42047e-20
268.131,2.4151e-20
268.138,2.46234e-20
268.145,2.48561e-20
268.152,2.44877e-20
268.159,2.45147e-20
268.166,2.45012e-20
268.173,2.47146e-20
268.18,2.42919e-20
268.187,2.4252e-20
268.194,2.49446e-20
268.2,2.50922e-20
268.207,2.51607e-20
268.214,2.44707e-20
268.221,2.45906e-20
268.228,2.53915e-20
268.235,2.51961e-20
268.242,2.48434e-20
268.249,2.49551e-20
268.256,2.53217e-20
268.263,2.49232e-20
268.27,2.47094e-20
268.277,2.52374e-20
268.284,2.53219e-20
268.291,2.50179e-20
268.298,2.52251e-20
268.305,2.52891e-20
268.312,2.52058e-20
268.318,2.58285e-20
268.325,2.56489e-20
268.332,2.59283e-20
268.339,2.62104e-20
268.346,2.54847e-20
268.353,2.56181e-20
268.36,2.58683e-20
268.367,2.59981e-20
268.374,2.57116e-20
268.381,2.57395e-20
268.388,2.59242e-20
268.395,2.57515e-20
268.402,2.64195e-20
268.409,2.65314e-20
268.416,2.64058e-20
268.423,2.63386e-20
268.43,2.66526e-20
268.437,2.68342e-20
268.444,2.64097e-20
268.45,2.67723e-20
268.457,2.64943e-20
268.464,2.6451e-20
268.471,2.6822e-20
268.478,2.66845e-20
268.485,2.65109e-20
268.492,2.65318e-20
268.499,2.69172e-20
268.506,2.65765e-20
268.513,2.71366e-20
268.52,2.74873e-20
268.527,2.68474e-20
268.534,2.72826e-20
268.541,2.72801e-20
268.548,2.74166e-20
268.555,2.77116e-20
268.562,2.73098e-20
268.569,2.73669e-20
268.576,2.75054e-20
268.583,2.73909e-20
268.59,2.78042e-20
268.597,2.80029e-20
268.603,2.7595e-20
268.61,2.78091e-20
268.617,2.79129e-20
268.624,2.78767e-20
268.631,2.78605e-20
268.638,2.78907e-20
268.645,2.80019e-20
268.652,2.74127e-20
268.659,2.74643e-20
268.666,2.78262e-20
268.673,2.81907e-20
268.68,2.831e-20
268.687,2.7886e-20
268.694,2.82142e-20
268.701,2.8314e-20
268.708,2.81276e-20
268.715,2.76652e-20
268.722,2.77925e-20
268.729,2.87363e-20
268.736,2.83588e-20
268.743,2.83585e-20
268.75,2.87629e-20
268.757,2.84746e-20
268.764,2.86554e-20
268.771,2.85746e-20
268.778,2.83307e-20
268.785,2.85125e-20
268.792,2.84298e-20
268.798,2.84397e-20
268.805,2.86627e-20
268.812,2.85373e-20
268.819,2.84512e-20
268.826,2.86589e-20
268.833,2.86005e-20
268.84,2.85422e-20
268.847,2.88189e-20
268.854,2.89063e-20
268.861,2.89702e-20
268.868,2.91238e-20
268.875,2.924e-20
268.882,2.91384e-20
268.889,2.87144e-20
268.896,2.85767e-20
268.903,2.87354e-20
268.91,2.93549e-20
268.917,2.95329e-20
268.924,2.94777e-20
268.931,2.97339e-20
268.938,2.91106e-20
268.945,2.92983e-20
268.952,2.93841e-20
268.959,2.92242e-20
268.966,2.96859e-20
268.973,2.9556e-20
268.98,2.97021e-20
268.987,2.9341e-20
268.994,2.94075e-20
269.001,2.96483e-20
269.008,2.92379e-20
269.015,2.94724e-20
269.022,2.94117e-20
269.029,2.97463e-20
269.036,2.94872e-20
269.043,2.92809e-20
269.05,2.97919e-20
269.057,2.95033e-20
269.064,2.93829e-20
269.071,2.96406e-20
269.078,3.00308e-20
269.085,2.96895e-20
269.092,2.97613e-20
269.099,2.98159e-20
269.105,2.98309e-20
269.112,3.02233e-20
269.119,2.93236e-20
269.126,2.96491e-20
269.133,2.97487e-20
269.14,2.95306e-20
269.147,3.0287e-20
269.154,2.96844e-20
269.161,2.93892e-20
269.168,2.95957e-20
269.175,2.99703e-20
269.182,2.95858e-20
269.189,2.89747e-20
269.196,2.98282e-20
269.203,3.01432e-20
269.21,3.00115e-20
269.217,2.99107e-20
269.224,2.964e-20
269.231,2.93951e-20
269.238,2.96687e-20
269.245,2.97759e-20
269.252,2.92764e-20
269.259,2.96834e-20
269.266,2.99223e-20
269.273,2.96556e-20
269.28,2.96894e-20
269.287,2.95422e-20
269.294,2.92672e-20
269.301,2.9947e-20
269.308,3.03246e-20
269.315,2.97156e-20
269.322,2.97375e-20
269.329,2.94613e-20
269.336,2.95649e-20
269.343,2.96503e-20
269.35,2.93951e-20
269.357,2.95777e-20
269.364,2.91834e-20
269.371,2.96176e-20
269.378,2.98227e-20
269.385,2.95021e-20
269.392,2.97197e-20
269.399,2.98087e-20
269.406,2.96599e-20
269.413,2.92688e-20
269.42,2.94309e-20
269.427,2.93165e-20
269.434,2.91423e-20
269.441,2.94088e-20
269.448,2.97082e-20
269.455,2.97082e-20
269.462,2.91778e-20
269.469,2.94847e-20
269.476,2.95795e-20
269.483,2.95401e-20
269.49,2.96006e-20
269.497,2.92397e-20
269.504,2.94393e-20
269.511,2.94343e-20
269.518,2.94067e-20
269.525,2.94793e-20
269.532,2.9361e-20
269.539,2.92043e-20
269.546,2.92771e-20
269.553,2.93909e-20
269.56,2.90249e-20
269.567,2.92522e-20
269.574,2.92082e-20
269.581,2.91494e-20
269.588,2.96708e-20
269.595,2.91525e-20
269.602,2.89439e-20
269.609,2.94471e-20
269.616,2.91622e-20
269.623,2.90477e-20
269.63,2.93983e-20
269.637,2.92419e-20
269.644,2.91938e-20
269.651,2.91347e-20
269.658,2.905e-20
269.665,2.94414e-20
269.672,2.94649e-20
269.68,2.93281e-20
269.687,2.93102e-20
269.694,2.89126e-20
269.701,2.89161e-20
269.708,2.94387e-20
269.715,2.921e-20
269.722,2.90801e-20
269.729,2.92764e-20
269.736,2.91104e-20
269.743,2.93982e-20
269.75,2.92171e-20
269.757,2.89768e-20
269.764,2.90163e-20
269.771,2.90957e-20
269.778,2.93629e-20
269.785,2.91378e-20
269.792,2.93102e-20
269.799,2.89964e-20
269.806,2.8638e-20
269.813,2.89595e-20
269.82,2.87255e-20
269.827,2.89314e-20
269.834,2.90092e-20
269.841,2.87986e-20
269.848,2.88359e-20
269.855,2.91108e-20
269.862,2.90993e-20
269.869,2.89432e-20
269.876,2.93086e-20
269.883,2.88394e-20
269.89,2.8837e-20
269.897,2.92268e-20
269.904,2.90659e-20
269.911,2.93479e-20
269.918,2.92893e-20
269.925,2.93332e-20
269.932,2.92969e-20
269.939,2.90706e-20
269.946,2.93663e-20
269.953,2.93002e-20
269.96,2.8877e-20
269.967,2.88954e-20
269.974,2.90708e-20
269.981,2.90111e-20
269.989,2.91701e-20
269.996,2.90531e-20
270.003,2.91576e-20
270.01,2.92434e-20
270.017,2.87696e-20
270.024,2.90894e-20
270.031,2.92454e-20
270.038,2.90501e-20
270.045,2.90506e-20
270.052,2.92479e-20
270.059,2.93123e-20
270.066,2.87484e-20
270.073,2.90424e-20
270.08,2.90869e-20
270.087,2.86135e-20
270.094,2.91221e-20
270.101,2.93996e-20
270.108,2.90729e-20
270.115,2.88143e-20
270.122,2.91912e-20
270.129,2.93379e-20
270.136,2.90731e-20
270.143,2.92506e-20
270.15,2.91086e-20
270.157,2.89838e-20
270.164,2.90122e-20
270.171,2.90391e-20
270.178,2.91587e-20
270.186,2.91202e-20
270.193,2.91993e-20
270.2,2.90481e-20
270.207,2.91738e-20
270.214,2.94848e-20
270.221,2.92272e-20
270.228,2.90704e-20
270.235,2.94061e-20
270.242,2.96843e-20
270.249,2.94434e-20
270.256,2.94824e-20
270.263,2.9258e-20
270.27,2.91555e-20
270.277,2.96378e-20
270.284,2.92327e-20
270.291,2.93901e-20
270.298,2.96429e-20
270.305,2.93271e-20
270.312,2.96165e-20
270.319,2.94982e-20
270.326,2.92385e-20
270.333,2.92993e-20
270.341,2.92238e-20
270.348,2.90681e-20
270.355,2.94088e-20
270.362,2.95127e-20
270.369,2.92412e-20
270.376,2.95588e-20
270.383,2.93543e-20
270.39,2.89691e-20
270.397,2.91675e-20
270.404,2.95941e-20
270.411,2.94236e-20
270.418,2.90663e-20
270.425,2.94903e-20
270.432,2.95134e-20
270.439,2.94944e-20
270.446,2.94393e-20
270.453,2.9267e-20
270.46,2.92398e-20
270.467,2.93362e-20
270.475,2.94544e-20
270.482,2.90784e-20
270.489,2.94924e-20
270.496,2.94441e-20
270.503,2.91558e-20
270.51,2.95878e-20
270.517,2.94623e-20
270.524,2.95272e-20
270.531,2.92183e-20
270.538,2.94206e-20
270.545,2.96407e-20
270.552,2.89761e-20
270.559,2.90912e-20
270.566,2.91114e-20
270.573,2.90287e-20
270.58,2.91226e-20
270.587,2.9301e-20
270.595,2.92726e-20
270.602,2.91564e-20
270.609,2.92038e-20
270.616,2.89031e-20
270.623,2.91197e-20
270.63,2.92712e-20
270.637,2.94549e-20
270.644,2.95903e-20
270.651,2.92338e-20
270.658,2.93823e-20
270.665,2.91255e-20
270.672,2.90226e-20
270.679,2.93557e-20
270.686,2.91653e-20
270.693,2.92391e-20
270.701,2.94974e-20
270.708,2.92048e-20
270.715,2.90256e-20
270.722,2.92628e-20
270.729,2.91341e-20
270.736,2.91905e-20
270.743,2.93372e-20
270.75,2.9238e-20
270.757,2.89752e-20
270.764,2.88011e-20
270.771,2.92064e-20
270.778,2.89819e-20
270.785,2.89591e-20
270.792,2.93097e-20
270.8,2.88822e-20
270.807,2.91556e-20
270.814,2.95454e-20
270.821,2.93523e-20
270.828,2.92571e-20
270.835,2.90866e-20
270.842,2.91429e-20
270.849,2.91793e-20
270.856,2.91508e-20
270.863,2.91904e-20
270.87,2.91456e-20
270.877,2.92951e-20
270.884,2.92658e-20
270.892,2.90737e-20
270.899,2.91998e-20
270.906,2.92607e-20
270.913,2.9292e-20
270.92,2.92433e-20
270.927,2.91177e-20
270.934,2.94279e-20
270.941,2.92916e-20
270.948,2.89713e-20
270.955,2.94406e-20
270.962,2.95315e-20
270.969,2.92987e-20
270.976,2.93095e-20
270.984,2.938e-20
270.991,2.94559e-20
270.998,2.9274e-20
271.005,2.94239e-20
271.012,2.93285e-20
271.019,2.91901e-20
271.026,2.96865e-20
271.033,2.96455e-20
271.04,2.97071e-20
271.047,2.95511e-20
271.054,2.92194e-20
271.061,2.95569e-20
271.069,2.94651e-20
271.076,2.95556e-20
271.083,2.95426e-20
271.09,2.91431e-20
271.097,2.92106e-20
271.104,2.94296e-20
271.111,2.93665e-20
271.118,2.91993e-20
271.125,2.96696e-20
271.132,2.96456e-20
271.139,2.93791e-20
271.147,2.96793e-20
271.154,2.94384e-20
271.161,2.93547e-20
271.168,2.93844e-20
271.175,2.92934e-20
271.182,2.92828e-20
271.189,2.91823e-20
271.196,2.93337e-20
271.203,2.94243e-20
271.21,2.94743e-20
271.217,2.94732e-20
271.225,2.94739e-20
271.232,2.95218e-20
271.239,2.94704e-20
271.246,2.91988e-20
271.253,2.90126e-20
271.26,2.93688e-20
271.267,2.93736e-20
271.274,2.92367e-20
271.281,2.93379e-20
271.288,2.94497e-20
271.296,2.95706e-20
271.303,2.93571e-20
271.31,2.94138e-20
271.317,2.91681e-20
271.324,2.89837e-20
271.331,2.91768e-20
271.338,2.88517e-20
271.345,2.9187e-20
271.352,2.92757e-20
271.359,2.90234e-20
271.367,2.91896e-20
271.374,2.90666e-20
271.381,2.91967e-20
271.388,2.90207e-20
271.395,2.90725e-20
271.402,2.90852e-20
271.409,2.86482e-20
271.416,2.9004e-20
271.423,2.89825e-20
271.431,2.91411e-20
271.438,2.92138e-20
271.445,2.88221e-20
271.452,2.91426e-20
271.459,2.88472e-20
271.466,2.87985e-20
271.473,2.90321e-20
271.48,2.87728e-20
271.487,2.92372e-20
271.495,2.94305e-20
271.502,2.92353e-20
271.509,2.92423e-20
271.516,2.896e-20
271.523,2.89511e-20
271.53,2.91257e-20
271.537,2.89142e-20
271.544,2.89966e-20
271.551,2.90051e-20
271.558,2.88865e-20
271.566,2.91673e-20
271.573,2.89683e-20
271.58,2.89014e-20
271.587,2.88527e-20
271.594,2.88369e-20
271.601,2.941e-20
271.608,2.9365e-20
271.615,2.9226e-20
271.623,2.90685e-20
271.63,2.90117e-20
271.637,2.92407e-20
271.644,2.9174e-20
271.651,2.92136e-20
271.658,2.9028e-20
271.665,2.92131e-20
271.672,2.92931e-20
271.679,2.90662e-20
271.687,2.94091e-20
271.694,2.91029e-20
271.701,2.9052e-20
271.708,2.94304e-20
271.715,2.93886e-20
271.722,2.94833e-20
271.729,2.90676e-20
271.736,2.91622e-20
271.744,2.96791e-20
271.751,2.93045e-20
271.758,2.94423e-20
271.765,2.99307e-20
271.772,2.96901e-20
271.779,2.92675e-20
271.786,2.93971e-20
271.793,2.96646e-20
271.801,2.94521e-20
271.808,2.94579e-20
271.815,2.96076e-20
271.822,2.96652e-20
271.829,2.96592e-20
271.836,2.96554e-20
271.843,2.96815e-20
271.85,2.93929e-20
271.858,2.92748e-20
271.865,2.91938e-20
271.872,2.94703e-20
271.879,2.96636e-20
271.886,2.95739e-20
271.893,2.96837e-20
271.9,2.9269e-20
271.907,2.98798e-20
271.915,3.02529e-20
271.922,2.96196e-20
271.929,2.9458e-20
271.936,2.92252e-20
271.943,2.98876e-20
271.95,3.00826e-20
271.957,2.98112e-20
271.965,2.98707e-20
271.972,2.97229e-20
271.979,3.03366e-20
271.986,3.03882e-20
271.993,3.00338e-20
272,2.98907e-20
272.007,3.0243e-20
272.015,3.04502e-20
272.022,2.98249e-20
272.029,3.03997e-20
272.036,3.05122e-20
272.043,2.98442e-20
272.05,3.02531e-20
272.057,3.03885e-20
272.064,3.02678e-20
272.072,3.0569e-20
272.079,3.06254e-20
272.086,3.05948e-20
272.093,3.0636e-20
272.1,3.04809e-20
272.107,3.06755e-20
272.114,3.05407e-20
272.122,3.02527e-20
272.129,3.07568e-20
272.136,3.09542e-20
272.143,3.0813e-20
272.15,3.09655e-20
272.157,3.09233e-20
272.164,3.05025e-20
272.172,3.07955e-20
272.179,3.11076e-20
272.186,3.11334e-20
272.193,3.16341e-20
272.2,3.14454e-20
272.207,3.12054e-20
272.214,3.13329e-20
272.222,3.13933e-20
272.229,3.13376e-20
272.236,3.12637e-20
272.243,3.15149e-20
272.25,3.14682e-20
272.257,3.15266e-20
272.265,3.14144e-20
272.272,3.14192e-20
272.279,3.18026e-20
272.286,3.16421e-20
272.293,3.14632e-20
272.3,3.15658e-20
272.307,3.19192e-20
272.315,3.20071e-20
272.322,3.18767e-20
272.329,3.18903e-20
272.336,3.18158e-20
272.343,3.17721e-20
272.35,3.19025e-20
272.358,3.20866e-20
272.365,3.19137e-20
272.372,3.19246e-20
272.379,3.22062e-20
272.386,3.23762e-20
272.393,3.22807e-20
272.4,3.24673e-20
272.408,3.26779e-20
272.415,3.24308e-20
272.422,3.24277e-20
272.429,3.2077e-20
272.436,3.23459e-20
272.443,3.25053e-20
272.451,3.21063e-20
272.458,3.25961e-20
272.465,3.25494e-20
272.472,3.25971e-20
272.479,3.25946e-20
272.486,3.25633e-20
272.494,3.27541e-20
272.501,3.23725e-20
272.508,3.25684e-20
272.515,3.26942e-20
272.522,3.29001e-20
272.529,3.30405e-20
272.537,3.2932e-20
272.544,3.29508e-20
272.551,3.27781e-20
272.558,3.28737e-20
272.565,3.28777e-20
272.572,3.30546e-20
272.58,3.2944e-20
272.587,3.28855e-20
272.594,3.30997e-20
272.601,3.30126e-20
272.608,3.31927e-20
272.615,3.31228e-20
272.623,3.32635e-20
272.63,3.3435e-20
272.637,3.33321e-20
272.644,3.32618e-20
272.651,3.30864e-20
272.658,3.30514e-20
272.666,3.33035e-20
272.673,3.38159e-20
272.68,3.36969e-20
272.687,3.35108e-20
272.694,3.33923e-20
272.701,3.36647e-20
272.709,3.40278e-20
272.716,3.3608e-20
272.723,3.37284e-20
272.73,3.36672e-20
272.737,3.36748e-20
272.744,3.40262e-20
272.752,3.41271e-20
272.759,3.41785e-20
272.766,3.41289e-20
272.773,3.42052e-20
272.78,3.40028e-20
272.788,3.43571e-20
272.795,3.43619e-20
272.802,3.43172e-20
272.809,3.47835e-20
272.816,3.44371e-20
272.823,3.44993e-20
272.831,3.43673e-20
272.838,3.4551e-20
272.845,3.5083e-20
272.852,3.49565e-20
272.859,3.50599e-20
272.866,3.49261e-20
272.874,3.50639e-20
272.881,3.52436e-20
272.888,3.53679e-20
272.895,3.5304e-20
272.902,3.51552e-20
272.91,3.56154e-20
272.917,3.53818e-20
272.924,3.51894e-20
272.931,3.57669e-20
272.938,3.61453e-20
272.945,3.58274e-20
272.953,3.57307e-20
272.96,3.61909e-20
272.967,3.59206e-20
272.974,3.57576e-20
272.981,3.60445e-20
272.989,3.61673e-20
272.996,3.60816e-20
273.003,3.61715e-20
273.01,3.66335e-20
273.017,3.65624e-20
273.025,3.63357e-20
273.032,3.65556e-20
273.039,3.67366e-20
273.046,3.65525e-20
273.053,3.63955e-20
273.061,3.65384e-20
273.068,3.65771e-20
273.075,3.66676e-20
273.082,3.69566e-20
273.089,3.68204e-20
273.096,3.66997e-20
273.104,3.70353e-20
273.111,3.69136e-20
273.118,3.70886e-20
273.125,3.73242e-20
273.132,3.68773e-20
273.14,3.70521e-20
273.147,3.73391e-20
273.154,3.72725e-20
273.161,3.71953e-20
273.168,3.70752e-20
273.176,3.68621e-20
273.183,3.66899e-20
273.19,3.72981e-20
273.197,3.73758e-20
273.204,3.69762e-20
273.212,3.71702e-20
273.219,3.71996e-20
273.226,3.74314e-20
273.233,3.76052e-20
273.24,3.75212e-20
273.248,3.77155e-20
273.255,3.76586e-20
273.262,3.74863e-20
273.269,3.764e-20
273.276,3.77838e-20
273.284,3.76533e-20
273.291,3.7501e-20
273.298,3.74203e-20
273.305,3.76988e-20
273.312,3.79042e-20
273.32,3.76965e-20
273.327,3.7956e-20
273.334,3.77909e-20
273.341,3.76224e-20
273.349,3.7966e-20
273.356,3.74668e-20
273.363,3.74034e-20
273.37,3.77198e-20
273.377,3.77886e-20
273.385,3.80225e-20
273.392,3.785e-20
273.399,3.77842e-20
273.406,3.7756e-20
273.413,3.75938e-20
273.421,3.75841e-20
273.428,3.77595e-20
273.435,3.76747e-20
273.442,3.73124e-20
273.449,3.74493e-20
273.457,3.76047e-20
273.464,3.75265e-20
273.471,3.75834e-20
273.478,3.75626e-20
273.486,3.7298e-20
273.493,3.75874e-20
273.5,3.77942e-20
273.507,3.75364e-20
273.514,3.7873e-20
273.522,3.74367e-20
273.529,3.73642e-20
273.536,3.792e-20
273.543,3.75315e-20
273.55,3.7489e-20
273.558,3.75957e-20
273.565,3.76428e-20
273.572,3.74911e-20
273.579,3.76455e-20
273.587,3.78857e-20
273.594,3.75819e-20
273.601,3.75588e-20
273.608,3.73202e-20
273.615,3.75086e-20
273.623,3.77952e-20
273.63,3.76132e-20
273.637,3.71727e-20
273.644,3.72305e-20
273.652,3.7617e-20
273.659,3.70034e-20
273.666,3.73416e-20
273.673,3.72907e-20
273.68,3.67511e-20
273.688,3.73665e-20
273.695,3.72472e-20
273.702,3.71125e-20
273.709,3.7084e-20
273.717,3.71087e-20
273.724,3.7271e-20
273.731,3.72615e-20
273.738,3.70347e-20
273.745,3.67471e-20
273.753,3.72874e-20
273.76,3.7435e-20
273.767,3.73221e-20
273.774,3.73618e-20
273.782,3.74067e-20
273.789,3.73462e-20
273.796,3.71145e-20
273.803,3.73111e-20
273.811,3.71468e-20
273.818,3.73871e-20
273.825,3.74793e-20
273.832,3.70362e-20
273.839,3.7277e-20
273.847,3.74222e-20
273.854,3.77033e-20
273.861,3.77353e-20
273.868,3.73927e-20
273.876,3.73931e-20
273.883,3.74444e-20
273.89,3.76053e-20
273.897,3.77482e-20
273.905,3.7693e-20
273.912,3.78197e-20
273.919,3.77951e-20
273.926,3.74317e-20
273.934,3.7599e-20
273.941,3.77749e-20
273.948,3.78829e-20
273.955,3.79513e-20
273.962,3.77797e-20
273.97,3.80519e-20
273.977,3.8107e-20
273.984,3.80935e-20
273.991,3.81225e-20
273.999,3.80945e-20
274.006,3.8276e-20
274.013,3.82263e-20
274.02,3.82148e-20
274.028,3.83476e-20
274.035,3.8531e-20
274.042,3.86169e-20
274.049,3.87267e-20
274.057,3.84119e-20
274.064,3.8451e-20
274.071,3.91358e-20
274.078,3.88097e-20
274.086,3.86426e-20
274.093,3.86134e-20
274.1,3.85518e-20
274.107,3.90203e-20
274.115,3.89963e-20
274.122,3.91284e-20
274.129,3.91399e-20
274.136,3.8822e-20
274.144,3.88867e-20
274.151,3.91214e-20
274.158,3.91787e-20
274.165,3.89331e-20
274.173,3.923e-20
274.18,3.94591e-20
274.187,3.9198e-20
274.194,3.95571e-20
274.202,3.94602e-20
274.209,3.89948e-20
274.216,3.95072e-20
274.223,3.95514e-20
274.231,3.94156e-20
274.238,3.94818e-20
274.245,3.94699e-20
274.252,3.97551e-20
274.26,3.93586e-20
274.267,3.94116e-20
274.274,3.97206e-20
274.281,3.94776e-20
274.289,3.97273e-20
274.296,3.99292e-20
274.303,3.9859e-20
274.31,3.95626e-20
274.318,3.95538e-20
274.325,3.96965e-20
274.332,3.97428e-20
274.339,4.00588e-20
274.347,4.01569e-20
274.354,4.00915e-20
274.361,4.00329e-20
274.369,3.988e-20
274.376,3.95296e-20
274.383,3.97471e-20
274.39,3.98544e-20
274.398,3.98402e-20
274.405,4.02472e-20
274.412,3.9824e-20
274.419,3.99333e-20
274.427,3.99601e-20
274.434,3.96007e-20
274.441,3.99695e-20
274.448,3.9962e-20
274.456,3.99695e-20
274.463,3.99207e-20
274.47,4.00311e-20
274.477,4.01186e-20
274.485,4.00364e-20
274.492,4.0223e-20
274.499,4.02085e-20
274.507,4.02759e-20
274.514,4.00456e-20
274.521,4.00022e-20
274.528,3.99606e-20
274.536,3.98695e-20
274.543,4.02071e-20
274.55,4.00514e-20
274.557,4.004e-20
274.565,4.01223e-20
274.572,4.01275e-20
274.579,4.03993e-20
274.587,4.02322e-20
274.594,4.00765e-20
274.601,4.01884e-20
274.608,3.98837e-20
274.616,3.9987e-20
274.623,4.04415e-20
274.63,4.00526e-20
274.637,3.99346e-20
274.645,4.007e-20
274.652,4.01022e-20
274.659,4.03505e-20
274.667,4.03098e-20
274.674,4.03485e-20
274.681,4.02541e-20
274.688,4.01289e-20
274.696,4.02361e-20
274.703,4.0324e-20
274.71,4.01593e-20
274.717,4.00749e-20
274.725,4.02281e-20
274.732,4.00737e-20
274.739,4.02793e-20
274.747,4.01198e-20
274.754,3.98892e-20
274.761,4.01569e-20
274.768,3.97806e-20
274.776,3.97615e-20
274.783,4.00162e-20
274.79,4.0216e-20
274.798,4.01144e-20
274.805,3.95564e-20
274.812,3.99698e-20
274.819,4.03653e-20
274.827,3.99047e-20
274.834,3.99309e-20
274.841,4.04074e-20
274.849,4.02758e-20
274.856,3.98652e-20
274.863,3.98975e-20
274.87,4.01851e-20
274.878,3.99445e-20
274.885,3.98454e-20
274.892,4.03168e-20
274.9,4.0082e-20
274.907,3.97943e-20
274.914,3.99342e-20
274.921,4.02035e-20
274.929,4.04277e-20
274.936,3.98809e-20
274.943,3.9416e-20
274.951,3.9769e-20
274.958,4.03273e-20
274.965,4.00311e-20
274.973,3.98101e-20
274.98,4.01207e-20
274.987,3.99301e-20
274.994,3.99426e-20
275.002,3.99806e-20
275.009,4.0119e-20
275.016,4.0185e-20
275.024,3.98041e-20
275.031,3.99836e-20
275.038,4.00397e-20
275.045,3.97042e-20
275.053,3.97389e-20
275.06,4.00143e-20
275.067,3.99569e-20
275.075,3.99859e-20
275.082,4.02432e-20
275.089,4.01766e-20
275.097,4.00234e-20
275.104,3.97391e-20
275.111,4.0099e-20
275.118,4.02732e-20
275.126,3.98427e-20
275.133,4.0234e-20
275.14,4.01573e-20
275.148,3.98434e-20
275.155,4.00446e-20
275.162,3.99873e-20
275.17,3.99182e-20
275.177,3.99124e-20
275.184,3.97787e-20
275.191,3.94487e-20
275.199,3.9639e-20
275.206,4.00466e-20
275.213,4.01715e-20
275.221,4.00558e-20
275.228,3.97313e-20
275.235,3.97313e-20
275.243,3.96417e-20
275.25,3.96321e-20
275.257,3.9597e-20
275.265,3.97355e-20
275.272,4.01137e-20
275.279,3.98583e-20
275.286,3.99186e-20
275.294,3.98467e-20
275.301,3.9796e-20
275.308,3.9987e-20
275.316,3.95076e-20
275.323,3.96965e-20
275.33,3.99126e-20
275.338,3.97245e-20
275.345,3.99123e-20
275.352,3.98581e-20
275.36,3.96149e-20
275.367,3.95842e-20
275.374,3.97287e-20
275.382,3.96625e-20
275.389,3.9584e-20
275.396,3.9573e-20
275.403,3.97086e-20
275.411,3.96233e-20
275.418,3.93943e-20
275.425,3.95804e-20
275.433,3.94397e-20
275.44,3.95742e-20
275.447,3.96121e-20
275.455,3.94064e-20
275.462,3.95114e-20
275.469,3.92321e-20
275.477,3.93402e-20
275.484,3.92472e-20
275.491,3.90705e-20
275.499,3.93197e-20
275.506,3.92223e-20
275.513,3.94099e-20
275.521,3.91679e-20
275.528,3.89108e-20
275.535,3.95301e-20
275.543,3.91985e-20
275.55,3.88914e-20
275.557,3.96072e-20
275.565,3.93064e-20
275.572,3.90929e-20
275.579,3.94006e-20
275.587,3.91417e-20
275.594,3.93206e-20
275.601,3.9271e-20
275.608,3.92399e-20
275.616,3.92686e-20
275.623,3.89439e-20
275.63,3.88508e-20
275.638,3.89246e-20
275.645,3.93218e-20
275.652,3.90797e-20
275.66,3.89921e-20
275.667,3.90999e-20
275.674,3.87292e-20
275.682,3.88173e-20
275.689,3.87724e-20
275.696,3.88243e-20
275.704,3.87824e-20
275.711,3.89892e-20
275.718,3.93152e-20
275.726,3.90787e-20
275.733,3.89805e-20
275.74,3.87774e-20
275.748,3.87766e-20
275.755,3.8747e-20
275.762,3.8909e-20
275.77,3.88712e-20
275.777,3.86813e-20
275.784,3.89928e-20
275.792,3.86011e-20
275.799,3.86772e-20
275.806,3.91856e-20
275.814,3.90992e-20
275.821,3.88258e-20
275.828,3.88238e-20
275.836,3.90312e-20
275.843,3.87257e-20
275.85,3.87288e-20
275.858,3.88672e-20
275.865,3.8933e-20
275.873,3.89555e-20
275.88,3.89268e-20
275.887,3.87843e-20
275.895,3.84714e-20
275.902,3.8937e-20
275.909,3.90846e-20
275.917,3.90294e-20
275.924,3.89556e-20
275.931,3.88327e-20
275.939,3.91137e-20
275.946,3.87496e-20
275.953,3.86732e-20
275.961,3.8797e-20
275.968,3.88257e-20
275.975,3.89753e-20
275.983,3.89784e-20
275.99,3.91457e-20
275.997,3.89403e-20
276.005,3.89279e-20
276.012,3.9067e-20
276.019,3.87158e-20
276.027,3.87957e-20
276.034,3.91663e-20
276.041,3.91427e-20
276.049,3.92253e-20
276.056,3.90908e-20
276.064,3.89077e-20
276.071,3.92256e-20
276.078,3.91189e-20
276.086,3.92829e-20
276.093,3.9286e-20
276.1,3.89607e-20
276.108,3.92512e-20
276.115,3.91743e-20
276.122,3.90492e-20
276.13,3.91157e-20
276.137,3.93597e-20
276.144,3.92473e-20
276.152,3.90037e-20
276.159,3.94406e-20
276.166,3.94518e-20
276.174,3.94322e-20
276.181,3.94743e-20
276.189,3.93699e-20
276.196,3.92747e-20
276.203,3.91931e-20
276.211,3.93488e-20
276.218,3.94687e-20
276.225,3.97234e-20
276.233,3.96873e-20
276.24,3.95151e-20
276.247,3.94402e-20
276.255,3.95731e-20
276.262,3.97241e-20
276.269,3.95924e-20
276.277,3.98367e-20
276.284,3.99681e-20
276.292,3.98943e-20
276.299,3.97483e-20
276.306,3.97783e-20
276.314,4.00056e-20
276.321,4.00211e-20
276.328,4.01073e-20
276.336,4.0035e-20
276.343,3.99738e-20
276.351,3.99646e-20
276.358,3.99976e-20
276.365,3.99084e-20
276.373,4.01795e-20
276.38,4.0424e-20
276.387,3.99348e-20
276.395,4.02613e-20
276.402,4.02972e-20
276.409,4.02161e-20
276.417,4.07537e-20
276.424,4.05495e-20
276.432,4.04976e-20
276.439,4.05993e-20
276.446,4.07305e-20
276.454,4.0678e-20
276.461,4.04259e-20
276.468,4.07593e-20
276.476,4.08607e-20
276.483,4.06344e-20
276.491,4.06465e-20
276.498,4.08039e-20
276.505,4.07579e-20
276.513,4.06991e-20
276.52,4.09478e-20
276.527,4.10331e-20
276.535,4.08573e-20
276.542,4.08447e-20
276.55,4.09586e-20
276.557,4.10427e-20
276.564,4.12555e-20
276.572,4.12317e-20
276.579,4.0937e-20
276.586,4.09352e-20
276.594,4.12481e-20
276.601,4.11711e-20
276.609,4.11494e-20
276.616,4.1511e-20
276.623,4.13739e-20
276.631,4.15089e-20
276.638,4.1628e-20
276.645,4.13412e-20
276.653,4.13541e-20
276.66,4.14075e-20
276.668,4.15747e-20
276.675,4.16073e-20
276.682,4.16347e-20
276.69,4.15267e-20
276.697,4.15317e-20
276.705,4.18825e-20
276.712,4.1861e-20
276.719,4.18893e-20
276.727,4.19632e-20
276.734,4.20402e-20
276.741,4.20065e-20
276.749,4.20747e-20
276.756,4.21493e-20
276.764,4.21092e-20
276.771,4.2501e-20
276.778,4.21179e-20
276.786,4.19711e-20
276.793,4.22893e-20
276.801,4.18986e-20
276.808,4.20071e-20
276.815,4.22574e-20
276.823,4.23036e-20
276.83,4.22596e-20
276.838,4.22742e-20
276.845,4.25757e-20
276.852,4.24563e-20
276.86,4.25285e-20
276.867,4.26285e-20
276.875,4.23596e-20
276.882,4.2606e-20
276.889,4.28209e-20
276.897,4.24725e-20
276.904,4.24374e-20
276.911,4.28624e-20
276.919,4.29345e-20
276.926,4.26424e-20
276.934,4.25675e-20
276.941,4.25336e-20
276.948,4.26945e-20
276.956,4.31365e-20
276.963,4.30019e-20
276.971,4.2512e-20
276.978,4.25885e-20
276.985,4.297e-20
276.993,4.2846e-20
277,4.28908e-20
277.008,4.2968e-20
277.015,4.2791e-20
277.022,4.3082e-20
277.03,4.28424e-20
277.037,4.27005e-20
277.045,4.30631e-20
277.052,4.31719e-20
277.059,4.31512e-20
277.067,4.28114e-20
277.074,4.28237e-20
277.082,4.29745e-20
277.089,4.33505e-20
277.097,4.3202e-20
277.104,4.28003e-20
277.111,4.3189e-20
277.119,4.29056e-20
277.126,4.30469e-20
277.134,4.31996e-20
277.141,4.30688e-20
277.148,4.31972e-20
277.156,4.30002e-20
277.163,4.35568e-20
277.171,4.32495e-20
277.178,4.29068e-20
277.185,4.33956e-20
277.193,4.32276e-20
277.2,4.31278e-20
277.208,4.29156e-20
277.215,4.32445e-20
277.222,4.36225e-20
277.23,4.35888e-20
277.237,4.35468e-20
277.245,4.3094e-20
277.252,4.32326e-20
277.26,4.34286e-20
277.267,4.33347e-20
277.274,4.32865e-20
277.282,4.3236e-20
277.289,4.35547e-20
277.297,4.35649e-20
277.304,4.33967e-20
277.311,4.34086e-20
277.319,4.33774e-20
277.326,4.33191e-20
277.334,4.31873e-20
277.341,4.33102e-20
277.349,4.33514e-20
277.356,4.32212e-20
277.363,4.33168e-20
277.371,4.3169e-20
277.378,4.33545e-20
277.386,4.3445e-20
277.393,4.325e-20
277.401,4.36356e-20
277.408,4.35748e-20
277.415,4.34491e-20
277.423,4.33923e-20
277.43,4.34201e-20
277.438,4.36223e-20
277.445,4.32312e-20
277.452,4.33279e-20
277.46,4.34281e-20
277.467,4.32387e-20
277.475,4.31645e-20
277.482,4.32904e-20
277.49,4.34939e-20
277.497,4.30536e-20
277.504,4.32812e-20
277.512,4.36681e-20
277.519,4.35436e-20
277.527,4.36618e-20
277.534,4.34529e-20
277.542,4.32006e-20
277.549,4.33959e-20
277.556,4.36105e-20
277.564,4.3347e-20
277.571,4.3309e-20
277.579,4.32811e-20
277.586,4.33326e-20
277.594,4.36333e-20
277.601,4.35144e-20
277.608,4.35447e-20
277.616,4.34078e-20
277.623,4.35611e-20
277.631,4.37798e-20
277.638,4.36294e-20
277.646,4.37755e-20
277.653,4.37159e-20
277.661,4.357e-20
277.668,4.32423e-20
277.675,4.35279e-20
277.683,4.37503e-20
277.69,4.34265e-20
277.698,4.36529e-20
277.705,4.35766e-20
277.713,4.35859e-20
277.72,4.34946e-20
277.727,4.35709e-20
277.735,4.37255e-20
277.742,4.34481e-20
277.75,4.38874e-20
277.757,4.39737e-20
277.765,4.37338e-20
277.772,4.37242e-20
277.78,4.37091e-20
277.787,4.38314e-20
277.794,4.37795e-20
277.802,4.39479e-20
277.809,4.40441e-20
277.817,4.38113e-20
277.824,4.41235e-20
277.832,4.45241e-20
277.839,4.40965e-20
277.847,4.40027e-20
277.854,4.40346e-20
277.861,4.41488e-20
277.869,4.46033e-20
277.876,4.4244e-20
277.884,4.42789e-20
277.891,4.42547e-20
277.899,4.43051e-20
277.906,4.46722e-20
277.914,4.43292e-20
277.921,4.46952e-20
277.928,4.46256e-20
277.936,4.43869e-20
277.943,4.47064e-20
277.951,4.46358e-20
277.958,4.47996e-20
277.966,4.4921e-20
277.973,4.50318e-20
277.981,4.51883e-20
277.988,4.53851e-20
277.996,4.50435e-20
278.003,4.49242e-20
278.01,4.53371e-20
278.018,4.49557e-20
278.025,4.5082e-20
278.033,4.52861e-20
278.04,4.52057e-20
278.048,4.52761e-20
278.055,4.53e-20
278.063,4.55158e-20
278.07,4.53239e-20
278.078,4.51847e-20
278.085,4.5291e-20
278.093,4.58671e-20
278.1,4.569e-20
278.107,4.53196e-20
278.115,4.60422e-20
278.122,4.57842e-20
278.13,4.5826e-20
278.137,4.5977e-20
278.145,4.57247e-20
278.152,4.61337e-20
278.16,4.59546e-20
278.167,4.59573e-20
278.175,4.59435e-20
278.182,4.57784e-20
278.19,4.60343e-20
278.197,4.61947e-20
278.204,4.6345e-20
278.212,4.62905e-20
278.219,4.6227e-20
278.227,4.61379e-20
278.234,4.61787e-20
278.242,4.63626e-20
278.249,4.64095e-20
278.257,4.63046e-20
278.264,4.62165e-20
278.272,4.65588e-20
278.279,4.65041e-20
278.287,4.63692e-20
278.294,4.67152e-20
278.302,4.67858e-20
278.309,4.67477e-20
278.316,4.66696e-20
278.324,4.65733e-20
278.331,4.67885e-20
278.339,4.68491e-20
278.346,4.6722e-20
278.354,4.67621e-20
278.361,4.66598e-20
278.369,4.69379e-20
278.376,4.70614e-20
278.384,4.66876e-20
278.391,4.6926e-20
278.399,4.6941e-20
278.406,4.69236e-20
278.414,4.70411e-20
278.421,4.68533e-20
278.429,4.71641e-20
278.436,4.71301e-20
278.444,4.70403e-20
278.451,4.71577e-20
278.459,4.68799e-20
278.466,4.71542e-20
278.473,4.72207e-20
278.481,4.69093e-20
278.488,4.70795e-20
278.496,4.71227e-20
278.503,4.71956e-20
278.511,4.72813e-20
278.518,4.7311e-20
278.526,4.73657e-20
278.533,4.71851e-20
278.541,4.73075e-20
278.548,4.72946e-20
278.556,4.72044e-20
278.563,4.71753e-20
278.571,4.71151e-20
278.578,4.74184e-20
278.586,4.73222e-20
278.593,4.7341e-20
278.601,4.73359e-20
278.608,4.72883e-20
278.616,4.72959e-20
278.623,4.68791e-20
278.631,4.74702e-20
278.638,4.76844e-20
278.646,4.74204e-20
278.653,4.78193e-20
278.661,4.77609e-20
278.668,4.76582e-20
278.676,4.75724e-20
278.683,4.7793e-20
278.691,4.7646e-20
278.698,4.75179e-20
278.706,4.79355e-20
278.713,4.75812e-20
278.721,4.76382e-20
278.728,4.79379e-20
278.736,4.78526e-20
278.743,4.78467e-20
278.751,4.79386e-20
278.758,4.78731e-20
278.765,4.77834e-20
278.773,4.81378e-20
278.78,4.81695e-20
278.788,4.82438e-20
278.795,4.82994e-20
278.803,4.84072e-20
278.81,4.84402e-20
278.818,4.81814e-20
278.825,4.86395e-20
278.833,4.85317e-20
278.84,4.83753e-20
278.848,4.85152e-20
278.855,4.8366e-20
278.863,4.85581e-20
278.87,4.86551e-20
278.878,4.88535e-20
278.885,4.88114e-20
278.893,4.9001e-20
278.9,4.92514e-20
278.908,4.91007e-20
278.916,4.92862e-20
278.923,4.9277e-20
278.93,4.92026e-20
278.938,4.93533e-20
278.946,4.95741e-20
278.953,4.94585e-20
278.961,4.95858e-20
278.968,4.97673e-20
278.976,4.95401e-20
278.983,4.98356e-20
278.991,4.98199e-20
278.998,4.99891e-20
279.006,5.007e-20
279.013,4.98753e-20
279.021,5.03699e-20
279.028,5.03383e-20
279.036,5.04247e-20
279.043,5.05966e-20
279.051,5.04028e-20
279.058,5.04807e-20
279.066,5.06788e-20
279.073,5.0981e-20
279.081,5.09204e-20
279.088,5.0825e-20
279.096,5.08365e-20
279.103,5.09336e-20
279.111,5.138e-20
279.118,5.14792e-20
279.126,5.1362e-20
279.133,5.14607e-20
279.141,5.11658e-20
279.148,5.09954e-20
279.156,5.14856e-20
279.163,5.16618e-20
279.171,5.16987e-20
279.178,5.17982e-20
279.186,5.18289e-20
279.193,5.18858e-20
279.201,5.20434e-20
279.208,5.23722e-20
279.216,5.21095e-20
279.223,5.21338e-20
279.231,5.26062e-20
279.239,5.26782e-20
279.246,5.26746e-20
279.254,5.27072e-20
279.261,5.2881e-20
279.269,5.29273e-20
279.276,5.30101e-20
279.284,5.28803e-20
279.291,5.28191e-20
279.299,5.32062e-20
279.306,5.33388e-20
279.314,5.36057e-20
279.321,5.37758e-20
279.329,5.37723e-20
279.336,5.36914e-20
279.344,5.37535e-20
279.351,5.386e-20
279.359,5.37141e-20
279.366,5.3978e-20
279.374,5.39403e-20
279.382,5.40229e-20
279.389,5.41537e-20
279.397,5.39723e-20
279.404,5.44392e-20
279.412,5.43246e-20
279.419,5.40697e-20
279.427,5.43919e-20
279.434,5.44729e-20
279.442,5.44038e-20
279.449,5.42357e-20
279.457,5.43772e-20
279.464,5.46298e-20
279.472,5.46071e-20
279.479,5.44847e-20
279.487,5.46098e-20
279.494,5.48715e-20
279.502,5.45097e-20
279.51,5.44379e-20
279.517,5.49138e-20
279.525,5.47236e-20
279.532,5.48373e-20
279.54,5.51067e-20
279.547,5.46357e-20
279.555,5.48106e-20
279.562,5.49412e-20
279.57,5.44797e-20
279.577,5.45339e-20
279.585,5.46682e-20
279.592,5.46446e-20
279.6,5.4679e-20
279.608,5.46633e-20
279.615,5.45724e-20
279.623,5.46678e-20
279.63,5.48003e-20
279.638,5.47612e-20
279.645,5.47535e-20
279.653,5.45251e-20
279.66,5.44735e-20
279.668,5.45163e-20
279.675,5.45593e-20
279.683,5.46903e-20
279.691,5.44981e-20
279.698,5.4405e-20
279.706,5.43037e-20
279.713,5.43566e-20
279.721,5.46356e-20
279.728,5.44373e-20
279.736,5.44598e-20
279.743,5.45482e-20
279.751,5.44261e-20
279.758,5.46539e-20
279.766,5.48263e-20
279.774,5.47515e-20
279.781,5.45235e-20
279.789,5.45322e-20
279.796,5.47224e-20
279.804,5.45463e-20
279.811,5.45448e-20
279.819,5.43565e-20
279.826,5.39722e-20
279.834,5.41372e-20
279.842,5.43183e-20
279.849,5.43995e-20
279.857,5.41364e-20
279.864,5.39945e-20
279.872,5.41645e-20
279.879,5.39907e-20
279.887,5.41391e-20
279.894,5.42384e-20
279.902,5.41368e-20
279.91,5.41757e-20
279.917,5.40253e-20
279.925,5.39691e-20
279.932,5.40485e-20
279.94,5.4046e-20
279.947,5.40249e-20
279.955,5.40519e-20
279.962,5.38673e-20
279.97,5.38737e-20
279.978,5.40048e-20
279.985,5.37363e-20
279.993,5.37552e-20
280,5.39372e-20
280.008,5.40055e-20
280.015,5.38768e-20
280.023,5.36007e-20
280.03,5.37254e-20
280.038,5.38617e-20
280.046,5.35567e-20
280.053,5.32909e-20
280.061,5.34915e-20
280.068,5.35617e-20
280.076,5.34118e-20
280.083,5.34474e-20
280.091,5.35869e-20
280.099,5.35796e-20
280.106,5.32366e-20
280.114,5.31323e-20
280.121,5.33689e-20
280.129,5.33269e-20
280.136,5.30848e-20
280.144,5.30066e-20
280.152,5.30016e-20
280.159,5.30343e-20
280.167,5.30407e-20
280.174,5.31594e-20
280.182,5.3433e-20
280.189,5.29828e-20
280.197,5.26415e-20
280.205,5.29633e-20
280.212,5.28275e-20
280.22,5.26142e-20
280.227,5.29101e-20
280.235,5.29653e-20
280.242,5.25693e-20
280.25,5.28048e-20
280.258,5.28283e-20
280.265,5.25716e-20
280.273,5.28182e-20
280.28,5.26381e-20
280.288,5.26787e-20
280.295,5.27804e-20
280.303,5.2794e-20
280.311,5.26627e-20
280.318,5.23652e-20
280.326,5.26769e-20
280.333,5.24627e-20
280.341,5.25769e-20
280.349,5.28205e-20
280.356,5.26445e-20
280.364,5.27042e-20
280.371,5.24971e-20
280.379,5.26799e-20
280.386,5.2433e-20
280.394,5.2451e-20
280.402,5.28193e-20
280.409,5.24551e-20
280.417,5.26131e-20
280.424,5.27079e-20
280.432,5.267e-20
280.44,5.27694e-20
280.447,5.29629e-20
280.455,5.27945e-20
280.462,5.25547e-20
280.47,5.30745e-20
280.477,5.28339e-20
280.485,5.27313e-20
280.493,5.30051e-20
280.5,5.30182e-20
280.508,5.33129e-20
280.515,5.32094e-20
280.523,5.32912e-20
280.531,5.3335e-20
280.538,5.3457e-20
280.546,5.35266e-20
280.553,5.32839e-20
280.561,5.36521e-20
280.569,5.35206e-20
280.576,5.349e-20
280.584,5.37179e-20
280.591,5.35776e-20
280.599,5.39304e-20
280.607,5.38518e-20
280.614,5.39099e-20
280.622,5.40919e-20
280.629,5.36776e-20
280.637,5.38627e-20
280.645,5.403e-20
280.652,5.4072e-20
280.66,5.41226e-20
280.667,5.41784e-20
280.675,5.45579e-20
280.683,5.40818e-20
280.69,5.40174e-20
280.698,5.45696e-20
280.705,5.43794e-20
280.713,5.45719e-20
280.721,5.45179e-20
280.728,5.44065e-20
280.736,5.47698e-20
280.743,5.45422e-20
280.751,5.45789e-20
280.759,5.4952e-20
280.766,5.50971e-20
280.774,5.48511e-20
280.781,5.44726e-20
280.789,5.46119e-20
280.797,5.47486e-20
280.804,5.47346e-20
280.812,5.47392e-20
280.819,5.48638e-20
280.827,5.48347e-20
280.835,5.4852e-20
280.842,5.51829e-20
280.85,5.51455e-20
280.857,5.50883e-20
280.865,5.48577e-20
280.873,5.52027e-20
280.88,5.55809e-20
280.888,5.47443e-20
280.895,5.49663e-20
280.903,5.51367e-20
280.911,5.49603e-20
280.918,5.54075e-20
280.926,5.50129e-20
280.933,5.50002e-20
280.941,5.51953e-20
280.949,5.53582e-20
280.956,5.53721e-20
280.964,5.51741e-20
280.972,5.5662e-20
280.979,5.54862e-20
280.987,5.54678e-20
280.994,5.5642e-20
281.002,5.56237e-20
281.01,5.57508e-20
281.017,5.54326e-20
281.025,5.57553e-20
281.033,5.57411e-20
281.04,5.54835e-20
281.048,5.57044e-20
281.055,5.56884e-20
281.063,5.56045e-20
281.071,5.55143e-20
281.078,5.57535e-20
281.086,5.55255e-20
281.093,5.55966e-20
281.101,5.59625e-20
281.109,5.58433e-20
281.116,5.58997e-20
281.124,5.56667e-20
281.132,5.58635e-20
281.139,5.58482e-20
281.147,5.57539e-20
281.154,5.62276e-20
281.162,5.61554e-20
281.17,5.61744e-20
281.177,5.61694e-20
281.185,5.62064e-20
281.193,5.62041e-20
281.2,5.60663e-20
281.208,5.64199e-20
281.215,5.64371e-20
281.223,5.61679e-20
281.231,5.6553e-20
281.238,5.68021e-20
281.246,5.65504e-20
281.254,5.68594e-20
281.261,5.68515e-20
281.269,5.68419e-20
281.276,5.68654e-20
281.284,5.64037e-20
281.292,5.68343e-20
281.299,5.68591e-20
281.307,5.70213e-20
281.315,5.72668e-20
281.322,5.6964e-20
281.33,5.74595e-20
281.338,5.72422e-20
281.345,5.6982e-20
281.353,5.71972e-20
281.36,5.73381e-20
281.368,5.75562e-20
281.376,5.7651e-20
281.383,5.7746e-20
281.391,5.74898e-20
281.399,5.77261e-20
281.406,5.76203e-20
281.414,5.73768e-20
281.422,5.76865e-20
281.429,5.77281e-20
281.437,5.79123e-20
281.444,5.77628e-20
281.452,5.78202e-20
281.46,5.79426e-20
281.467,5.7873e-20
281.475,5.80584e-20
281.483,5.79078e-20
281.49,5.78798e-20
281.498,5.79535e-20
281.506,5.80967e-20
281.513,5.80736e-20
281.521,5.79218e-20
281.529,5.80007e-20
281.536,5.82304e-20
281.544,5.84407e-20
281.551,5.80785e-20
281.559,5.80889e-20
281.567,5.84747e-20
281.574,5.832e-20
281.582,5.8257e-20
281.59,5.84232e-20
281.597,5.8419e-20
281.605,5.8531e-20
281.613,5.84862e-20
281.62,5.8362e-20
281.628,5.86367e-20
281.636,5.83162e-20
281.643,5.83257e-20
281.651,5.85834e-20
281.659,5.81712e-20
281.666,5.83273e-20
281.674,5.83115e-20
281.682,5.81133e-20
281.689,5.83021e-20
281.697,5.82674e-20
281.704,5.80116e-20
281.712,5.81421e-20
281.72,5.84608e-20
281.727,5.82071e-20
281.735,5.81336e-20
281.743,5.80044e-20
281.75,5.80072e-20
281.758,5.77624e-20
281.766,5.72985e-20
281.773,5.78743e-20
281.781,5.76861e-20
281.789,5.722e-20
281.796,5.74888e-20
281.804,5.7501e-20
281.812,5.7093e-20
281.819,5.68155e-20
281.827,5.69899e-20
281.835,5.68385e-20
281.842,5.69775e-20
281.85,5.70243e-20
281.858,5.66686e-20
281.865,5.66314e-20
281.873,5.65718e-20
281.881,5.66176e-20
281.888,5.65e-20
281.896,5.63964e-20
281.904,5.62568e-20
281.911,5.61506e-20
281.919,5.63224e-20
281.927,5.61741e-20
281.934,5.57894e-20
281.942,5.56835e-20
281.95,5.58313e-20
281.957,5.56545e-20
281.965,5.57343e-20
281.973,5.57314e-20
281.98,5.54661e-20
281.988,5.5528e-20
281.996,5.54103e-20
282.003,5.54563e-20
282.011,5.53857e-20
282.019,5.51464e-20
282.026,5.50149e-20
282.034,5.49593e-20
282.042,5.51331e-20
282.049,5.49621e-20
282.057,5.4583e-20
282.065,5.44384e-20
282.072,5.45904e-20
282.08,5.4498e-20
282.088,5.44424e-20
282.095,5.44024e-20
282.103,5.4378e-20
282.111,5.44912e-20
282.118,5.41706e-20
282.126,5.42844e-20
282.134,5.41979e-20
282.141,5.41126e-20
282.149,5.43472e-20
282.157,5.40271e-20
282.165,5.40766e-20
282.172,5.39511e-20
282.18,5.38381e-20
282.188,5.38885e-20
282.195,5.37851e-20
282.203,5.38042e-20
282.211,5.35633e-20
282.218,5.37573e-20
282.226,5.37598e-20
282.234,5.36201e-20
282.241,5.38667e-20
282.249,5.38589e-20
282.257,5.38088e-20
282.264,5.3613e-20
282.272,5.33046e-20
282.28,5.33607e-20
282.287,5.34123e-20
282.295,5.33349e-20
282.303,5.35485e-20
282.311,5.33986e-20
282.318,5.3321e-20
282.326,5.34647e-20
282.334,5.32979e-20
282.341,5.34934e-20
282.349,5.34298e-20
282.357,5.31892e-20
282.364,5.29204e-20
282.372,5.30356e-20
282.38,5.33527e-20
282.387,5.29974e-20
282.395,5.33614e-20
282.403,5.33259e-20
282.41,5.29519e-20
282.418,5.33959e-20
282.426,5.30934e-20
282.434,5.30333e-20
282.441,5.33403e-20
282.449,5.30121e-20
282.457,5.29836e-20
282.464,5.30136e-20
282.472,5.29452e-20
282.48,5.3144e-20
282.487,5.29185e-20
282.495,5.29717e-20
282.503,5.32977e-20
282.511,5.31849e-20
282.518,5.32216e-20
282.526,5.32052e-20
282.534,5.32531e-20
282.541,5.31726e-20
282.549,5.31939e-20
282.557,5.32387e-20
282.564,5.28732e-20
282.572,5.28127e-20
282.58,5.27306e-20
282.588,5.30224e-20
282.595,5.309e-20
282.603,5.3098e-20
282.611,5.35684e-20
282.618,5.3369e-20
282.626,5.3273e-20
282.634,5.31971e-20
282.641,5.3279e-20
282.649,5.328e-20
282.657,5.32534e-20
282.665,5.35592e-20
282.672,5.32486e-20
282.68,5.31999e-20
282.688,5.32442e-20
282.695,5.33722e-20
282.703,5.35536e-20
282.711,5.34587e-20
282.719,5.35077e-20
282.726,5.34536e-20
282.734,5.37762e-20
282.742,5.37026e-20
282.749,5.34581e-20
282.757,5.35699e-20
282.765,5.3722e-20
282.773,5.40504e-20
282.78,5.38853e-20
282.788,5.39754e-20
282.796,5.41397e-20
282.803,5.39026e-20
282.811,5.39806e-20
282.819,5.4084e-20
282.827,5.41675e-20
282.834,5.42937e-20
282.842,5.41217e-20
282.85,5.41192e-20
282.857,5.41547e-20
282.865,5.41551e-20
282.873,5.45187e-20
282.881,5.42305e-20
282.888,5.42743e-20
282.896,5.47293e-20
282.904,5.45309e-20
282.911,5.46411e-20
282.919,5.45167e-20
282.927,5.45615e-20
282.935,5.47636e-20
282.942,5.49891e-20
282.95,5.51282e-20
282.958,5.48509e-20
282.965,5.51732e-20
282.973,5.50968e-20
282.981,5.51747e-20
282.989,5.54479e-20
282.996,5.53951e-20
283.004,5.56459e-20
283.012,5.58022e-20
283.02,5.58957e-20
283.027,5.54982e-20
283.035,5.5842e-20
283.043,5.62841e-20
283.05,5.61019e-20
283.058,5.62241e-20
283.066,5.60543e-20
283.074,5.62498e-20
283.081,5.64795e-20
283.089,5.67789e-20
283.097,5.68298e-20
283.105,5.66733e-20
283.112,5.70745e-20
283.12,5.70737e-20
283.128,5.70254e-20
283.135,5.71299e-20
283.143,5.75648e-20
283.151,5.75045e-20
283.159,5.72761e-20
283.166,5.78835e-20
283.174,5.79045e-20
283.182,5.79032e-20
283.19,5.81373e-20
283.197,5.80985e-20
283.205,5.81168e-20
283.213,5.82066e-20
283.221,5.80007e-20
283.228,5.82397e-20
283.236,5.89766e-20
283.244,5.86998e-20
283.252,5.84932e-20
283.259,5.88225e-20
283.267,5.89666e-20
283.275,5.89405e-20
283.282,5.89699e-20
283.29,5.90735e-20
283.298,5.88784e-20
283.306,5.89731e-20
283.313,5.909e-20
283.321,5.90716e-20
283.329,5.92166e-20
283.337,5.94159e-20
283.344,5.92792e-20
283.352,5.92208e-20
283.36,5.97312e-20
283.368,5.96128e-20
283.375,5.96424e-20
283.383,6.01054e-20
283.391,5.99818e-20
283.399,5.97405e-20
283.406,5.9907e-20
283.414,5.98063e-20
283.422,5.9631e-20
283.43,6.00646e-20
283.437,5.98241e-20
283.445,6.00263e-20
283.453,6.04079e-20
283.461,6.01931e-20
283.468,6.02633e-20
283.476,5.98914e-20
283.484,6.00186e-20
283.492,6.01356e-20
283.499,6.03215e-20
283.507,6.05221e-20
283.515,6.04449e-20
283.523,6.07116e-20
283.53,6.03787e-20
283.538,6.06558e-20
283.546,6.06792e-20
283.554,6.04379e-20
283.561,6.07636e-20
283.569,6.10422e-20
283.577,6.12425e-20
283.585,6.08253e-20
283.592,6.10411e-20
283.6,6.08187e-20
283.608,6.07377e-20
283.616,6.12372e-20
283.623,6.10171e-20
283.631,6.14456e-20
283.639,6.15281e-20
283.647,6.15307e-20
283.655,6.15636e-20
283.662,6.14609e-20
283.67,6.17711e-20
283.678,6.18908e-20
283.686,6.2086e-20
283.693,6.20216e-20
283.701,6.21538e-20
283.709,6.22524e-20
283.717,6.2403e-20
283.724,6.26171e-20
283.732,6.26617e-20
283.74,6.28566e-20
283.748,6.26181e-20
283.755,6.28215e-20
283.763,6.29038e-20
283.771,6.27517e-20
283.779,6.3042e-20
283.787,6.33306e-20
283.794,6.34788e-20
283.802,6.35336e-20
283.81,6.38579e-20
283.818,6.36216e-20
283.825,6.36797e-20
283.833,6.39745e-20
283.841,6.3837e-20
283.849,6.40879e-20
283.856,6.42243e-20
283.864,6.44368e-20
283.872,6.44344e-20
283.88,6.447e-20
283.888,6.47811e-20
283.895,6.46598e-20
283.903,6.47419e-20
283.911,6.51617e-20
283.919,6.5113e-20
283.926,6.48872e-20
283.934,6.51353e-20
283.942,6.51244e-20
283.95,6.52383e-20
283.958,6.53486e-20
283.965,6.53703e-20
283.973,6.56409e-20
283.981,6.55794e-20
283.989,6.57764e-20
283.996,6.56158e-20
284.004,6.56125e-20
284.012,6.58994e-20
284.02,6.59099e-20
284.028,6.61422e-20
284.035,6.59139e-20
284.043,6.60142e-20
284.051,6.61515e-20
284.059,6.58509e-20
284.066,6.58369e-20
284.074,6.60756e-20
284.082,6.62962e-20
284.09,6.62902e-20
284.098,6.63098e-20
284.105,6.61038e-20
284.113,6.61991e-20
284.121,6.634e-20
284.129,6.62088e-20
284.137,6.60873e-20
284.144,6.59416e-20
284.152,6.62343e-20
284.16,6.63975e-20
284.168,6.64862e-20
284.175,6.65381e-20
284.183,6.64765e-20
284.191,6.62923e-20
284.199,6.62474e-20
284.207,6.65616e-20
284.214,6.64917e-20
284.222,6.64152e-20
284.23,6.61298e-20
284.238,6.63586e-20
284.246,6.65426e-20
284.253,6.61216e-20
284.261,6.6584e-20
284.269,6.65808e-20
284.277,6.63043e-20
284.285,6.63599e-20
284.292,6.64061e-20
284.3,6.66176e-20
284.308,6.64424e-20
284.316,6.63416e-20
284.324,6.64986e-20
284.331,6.67231e-20
284.339,6.64903e-20
284.347,6.62415e-20
284.355,6.64929e-20
284.363,6.66645e-20
284.37,6.67404e-20
284.378,6.66108e-20
284.386,6.65813e-20
284.394,6.68171e-20
284.402,6.69738e-20
284.409,6.6634e-20
284.417,6.63664e-20
284.425,6.66233e-20
284.433,6.67857e-20
284.441,6.67214e-20
284.448,6.68622e-20
284.456,6.71272e-20
284.464,6.69672e-20
284.472,6.6936e-20
284.48,6.67311e-20
284.487,6.67163e-20
284.495,6.70783e-20
284.503,6.68166e-20
284.511,6.68796e-20
284.519,6.71231e-20
284.526,6.72816e-20
284.534,6.70691e-20
284.542,6.69189e-20
284.55,6.70291e-20
284.558,6.68241e-20
284.565,6.73012e-20
284.573,6.71997e-20
284.581,6.69912e-20
284.589,6.72429e-20
284.597,6.74675e-20
284.605,6.76497e-20
284.612,6.71727e-20
284.62,6.74741e-20
284.628,6.728e-20
284.636,6.73445e-20
284.644,6.81121e-20
284.651,6.76114e-20
284.659,6.75153e-20
284.667,6.74706e-20
284.675,6.75638e-20
284.683,6.77703e-20
284.69,6.78049e-20
284.698,6.82046e-20
284.706,6.80416e-20
284.714,6.80128e-20
284.722,6.79875e-20
284.73,6.8085e-20
284.737,6.83782e-20
284.745,6.8342e-20
284.753,6.84395e-20
284.761,6.82656e-20
284.769,6.82824e-20
284.777,6.87836e-20
284.784,6.85639e-20
284.792,6.81888e-20
284.8,6.86404e-20
284.808,6.85892e-20
284.816,6.86255e-20
284.823,6.91026e-20
284.831,6.85429e-20
284.839,6.85789e-20
284.847,6.92397e-20
284.855,6.92575e-20
284.863,6.91402e-20
284.87,6.9022e-20
284.878,6.90284e-20
284.886,6.92132e-20
284.894,6.92638e-20
284.902,6.90994e-20
284.91,6.92545e-20
284.917,6.95433e-20
284.925,6.95371e-20
284.933,6.93411e-20
284.941,6.92578e-20
284.949,6.95789e-20
284.957,6.96737e-20
284.964,6.95319e-20
284.972,6.96878e-20
284.98,6.98067e-20
284.988,6.94844e-20
284.996,6.95527e-20
285.004,6.98899e-20
285.011,6.97543e-20
285.019,6.97646e-20
285.027,6.98101e-20
285.035,6.99791e-20
285.043,7.0158e-20
285.051,7.00588e-20
285.058,7.01836e-20
285.066,7.00612e-20
285.074,6.98899e-20
285.082,7.00985e-20
285.09,7.03012e-20
285.098,7.01724e-20
285.105,7.01279e-20
285.113,7.02955e-20
285.121,7.03354e-20
285.129,7.04758e-20
285.137,7.04457e-20
285.145,7.05732e-20
285.152,7.05478e-20
285.16,7.02407e-20
285.168,7.07294e-20
285.176,7.07373e-20
285.184,7.05688e-20
285.192,7.08818e-20
285.2,7.06228e-20
285.207,7.0652e-20
285.215,7.07173e-20
285.223,7.05941e-20
285.231,7.096e-20
285.239,7.08643e-20
285.247,7.06383e-20
285.254,7.08835e-20
285.262,7.09586e-20
285.27,7.07767e-20
285.278,7.09786e-20
285.286,7.11696e-20
285.294,7.09789e-20
285.302,7.11477e-20
285.309,7.12244e-20
285.317,7.12864e-20
285.325,7.13865e-20
285.333,7.11845e-20
285.341,7.11603e-20
285.349,7.12245e-20
285.357,7.14617e-20
285.364,7.13754e-20
285.372,7.13741e-20
285.38,7.17485e-20
285.388,7.16307e-20
285.396,7.13944e-20
285.404,7.12488e-20
285.412,7.15919e-20
285.419,7.1623e-20
285.427,7.14295e-20
285.435,7.16735e-20
285.443,7.16689e-20
285.451,7.19661e-20
285.459,7.2074e-20
285.467,7.1945e-20
285.474,7.20775e-20
285.482,7.22101e-20
285.49,7.22216e-20
285.498,7.21432e-20
285.506,7.22934e-20
285.514,7.21981e-20
285.522,7.23961e-20
285.529,7.2485e-20
285.537,7.24436e-20
285.545,7.28908e-20
285.553,7.2746e-20
285.561,7.26312e-20
285.569,7.26097e-20
285.577,7.25941e-20
285.585,7.2761e-20
285.592,7.27156e-20
285.6,7.27913e-20
285.608,7.28676e-20
285.616,7.30258e-20
285.624,7.30402e-20
285.632,7.3019e-20
285.64,7.30482e-20
285.647,7.31422e-20
285.655,7.34393e-20
285.663,7.33943e-20
285.671,7.33556e-20
285.679,7.34148e-20
285.687,7.35307e-20
285.695,7.34786e-20
285.703,7.35243e-20
285.71,7.37813e-20
285.718,7.3559e-20
285.726,7.36111e-20
285.734,7.38752e-20
285.742,7.3801e-20
285.75,7.37726e-20
285.758,7.39603e-20
285.766,7.40192e-20
285.773,7.39702e-20
285.781,7.40499e-20
285.789,7.38208e-20
285.797,7.39643e-20
285.805,7.43041e-20
285.813,7.426e-20
285.821,7.44612e-20
285.829,7.44867e-20
285.836,7.42681e-20
285.844,7.42894e-20
285.852,7.42122e-20
285.86,7.42878e-20
285.868,7.46582e-20
285.876,7.45451e-20
285.884,7.45504e-20
285.892,7.4549e-20
285.9,7.44467e-20
285.907,7.48766e-20
285.915,7.46858e-20
285.923,7.45923e-20
285.931,7.49721e-20
285.939,7.48445e-20
285.947,7.48414e-20
285.955,7.48882e-20
285.963,7.48097e-20
285.971,7.47713e-20
285.978,7.49434e-20
285.986,7.49274e-20
285.994,7.4851e-20
286.002,7.49683e-20
286.01,7.47341e-20
286.018,7.50577e-20
286.026,7.54652e-20
286.034,7.51337e-20
286.042,7.50693e-20
286.049,7.50869e-20
286.057,7.48967e-20
286.065,7.48569e-20
286.073,7.49063e-20
286.081,7.50054e-20
286.089,7.52974e-20
286.097,7.53326e-20
286.105,7.51508e-20
286.113,7.5345e-20
286.12,7.52254e-20
286.128,7.4998e-20
286.136,7.51647e-20
286.144,7.5212e-20
286.152,7.52702e-20
286.16,7.51559e-20
286.168,7.5311e-20
286.176,7.54057e-20
286.184,7.5083e-20
286.192,7.55002e-20
286.199,7.53025e-20
286.207,7.48944e-20
286.215,7.52736e-20
286.223,7.50454e-20
286.231,7.51292e-20
286.239,7.53989e-20
286.247,7.5195e-20
286.255,7.51924e-20
286.263,7.5305e-20
286.271,7.52757e-20
286.278,7.50973e-20
286.286,7.52305e-20
286.294,7.54788e-20
286.302,7.55168e-20
286.31,7.51309e-20
286.318,7.51325e-20
286.326,7.5517e-20
286.334,7.53093e-20
286.342,7.52195e-20
286.35,7.49611e-20
286.358,7.49372e-20
286.365,7.53084e-20
286.373,7.53117e-20
286.381,7.51187e-20
286.389,7.49561e-20
286.397,7.52742e-20
286.405,7.52094e-20
286.413,7.5182e-20
286.421,7.52404e-20
286.429,7.50313e-20
286.437,7.53035e-20
286.445,7.50793e-20
286.452,7.48477e-20
286.46,7.50167e-20
286.468,7.52121e-20
286.476,7.53215e-20
286.484,7.51002e-20
286.492,7.49083e-20
286.5,7.49564e-20
286.508,7.53855e-20
286.516,7.50868e-20
286.524,7.49983e-20
286.532,7.53417e-20
286.54,7.48942e-20
286.548,7.50559e-20
286.555,7.51109e-20
286.563,7.48365e-20
286.571,7.50975e-20
286.579,7.51305e-20
286.587,7.50042e-20
286.595,7.478e-20
286.603,7.46271e-20
286.611,7.47517e-20
286.619,7.49064e-20
286.627,7.486e-20
286.635,7.4661e-20
286.643,7.46588e-20
286.651,7.4605e-20
286.658,7.44886e-20
286.666,7.45457e-20
286.674,7.43505e-20
286.682,7.43452e-20
286.69,7.44746e-20
286.698,7.40714e-20
286.706,7.40341e-20
286.714,7.44154e-20
286.722,7.43224e-20
286.73,7.39064e-20
286.738,7.38944e-20
286.746,7.41312e-20
286.754,7.41764e-20
286.762,7.40256e-20
286.769,7.37781e-20
286.777,7.38488e-20
286.785,7.36888e-20
286.793,7.38846e-20
286.801,7.40818e-20
286.809,7.34959e-20
286.817,7.37191e-20
286.825,7.38541e-20
286.833,7.37968e-20
286.841,7.37808e-20
286.849,7.32706e-20
286.857,7.33373e-20
286.865,7.34293e-20
286.873,7.3472e-20
286.881,7.33917e-20
286.888,7.3427e-20
286.896,7.35511e-20
286.904,7.33311e-20
286.912,7.3427e-20
286.92,7.33769e-20
286.928,7.33143e-20
286.936,7.31568e-20
286.944,7.3043e-20
286.952,7.31756e-20
286.96,7.3112e-20
286.968,7.31264e-20
286.976,7.30823e-20
286.984,7.31066e-20
286.992,7.29369e-20
287,7.28914e-20
287.008,7.2918e-20
287.016,7.27583e-20
287.024,7.29141e-20
287.031,7.27445e-20
287.039,7.29272e-20
287.047,7.30172e-20
287.055,7.27175e-20
287.063,7.28994e-20
287.071,7.28619e-20
287.079,7.29028e-20
287.087,7.29101e-20
287.095,7.26726e-20
287.103,7.26468e-20
287.111,7.26714e-20
287.119,7.25081e-20
287.127,7.23177e-20
287.135,7.2598e-20
287.143,7.26881e-20
287.151,7.24623e-20
287.159,7.25793e-20
287.167,7.25609e-20
287.175,7.2439e-20
287.183,7.25035e-20
287.19,7.24848e-20
287.198,7.24798e-20
287.206,7.24687e-20
287.214,7.24828e-20
287.222,7.25099e-20
287.23,7.25079e-20
287.238,7.25667e-20
287.246,7.24784e-20
287.254,7.24739e-20
287.262,7.23755e-20
287.27,7.23089e-20
287.278,7.26894e-20
287.286,7.26108e-20
287.294,7.24015e-20
287.302,7.25175e-20
287.31,7.24526e-20
287.318,7.24498e-20
287.326,7.26278e-20
287.334,7.25456e-20
287.342,7.26054e-20
287.35,7.27704e-20
287.358,7.25808e-20
287.366,7.24769e-20
287.374,7.24571e-20
287.382,7.27844e-20
287.389,7.28945e-20
287.397,7.28007e-20
287.405,7.29575e-20
287.413,7.25626e-20
287.421,7.27273e-20
287.429,7.28384e-20
287.437,7.26883e-20
287.445,7.31043e-20
287.453,7.29733e-20
287.461,7.31826e-20
287.469,7.32127e-20
287.477,7.29014e-20
287.485,7.31614e-20
287.493,7.31805e-20
287.501,7.3247e-20
287.509,7.33609e-20
287.517,7.33249e-20
287.525,7.34878e-20
287.533,7.34443e-20
287.541,7.33071e-20
287.549,7.34986e-20
287.557,7.34237e-20
287.565,7.35535e-20
287.573,7.37369e-20
287.581,7.34484e-20
287.589,7.35353e-20
287.597,7.34161e-20
287.605,7.33893e-20
287.613,7.35247e-20
287.621,7.3548e-20
287.629,7.39194e-20
287.637,7.42197e-20
287.645,7.43116e-20
287.653,7.39676e-20
287.661,7.40627e-20
287.669,7.41453e-20
287.677,7.39808e-20
287.685,7.40512e-20
287.693,7.39072e-20
287.701,7.41185e-20
287.709,7.38161e-20
287.717,7.38644e-20
287.724,7.43644e-20
287.732,7.42428e-20
287.74,7.42134e-20
287.748,7.39844e-20
287.756,7.41881e-20
287.764,7.42213e-20
287.772,7.40252e-20
287.78,7.41359e-20
287.788,7.42608e-20
287.796,7.42177e-20
287.804,7.36795e-20
287.812,7.40941e-20
287.82,7.42546e-20
287.828,7.38065e-20
287.836,7.39227e-20
287.844,7.36996e-20
287.852,7.38294e-20
287.86,7.41448e-20
287.868,7.39997e-20
287.876,7.37143e-20
287.884,7.36461e-20
287.892,7.36398e-20
287.9,7.34622e-20
287.908,7.36907e-20
287.916,7.3979e-20
287.924,7.37499e-20
287.932,7.33917e-20
287.94,7.34718e-20
287.948,7.34381e-20
287.956,7.33419e-20
287.964,7.3613e-20
287.972,7.36081e-20
287.98,7.32889e-20
287.988,7.33958e-20
287.996,7.3639e-20
288.004,7.32831e-20
288.012,7.34083e-20
288.02,7.35243e-20
288.028,7.33422e-20
288.036,7.36752e-20
288.044,7.35286e-20
288.052,7.33962e-20
288.06,7.31889e-20
288.068,7.30417e-20
288.076,7.3452e-20
288.084,7.32985e-20
288.092,7.31507e-20
288.1,7.3244e-20
288.108,7.34065e-20
288.116,7.35256e-20
288.124,7.33357e-20
288.132,7.34131e-20
288.14,7.35126e-20
288.148,7.32646e-20
288.156,7.35453e-20
288.164,7.39261e-20
288.172,7.35513e-20
288.18,7.33236e-20
288.188,7.34644e-20
288.196,7.36446e-20
288.204,7.33516e-20
288.212,7.33498e-20
288.22,7.37538e-20
288.228,7.35839e-20
288.236,7.38499e-20
288.244,7.37469e-20
288.252,7.34915e-20
288.26,7.38617e-20
288.269,7.403e-20
288.277,7.42504e-20
288.285,7.40533e-20
288.293,7.41172e-20
288.301,7.41547e-20
288.309,7.40736e-20
288.317,7.43847e-20
288.325,7.42677e-20
288.333,7.44602e-20
288.341,7.43803e-20
288.349,7.43243e-20
288.357,7.4797e-20
288.365,7.44561e-20
288.373,7.42707e-20
288.381,7.45605e-20
288.389,7.46679e-20
288.397,7.48585e-20
288.405,7.48875e-20
288.413,7.49029e-20
288.421,7.50252e-20
288.429,7.49132e-20
288.437,7.49981e-20
288.445,7.50045e-20
288.453,7.50602e-20
288.461,7.52808e-20
288.469,7.5042e-20
288.477,7.52613e-20
288.485,7.54594e-20
288.493,7.51911e-20
288.501,7.5252e-20
288.509,7.54435e-20
288.517,7.55276e-20
288.525,7.54583e-20
288.533,7.54095e-20
288.541,7.54618e-20
288.549,7.58018e-20
288.557,7.59046e-20
288.565,7.58095e-20
288.573,7.581e-20
288.581,7.5708e-20
288.589,7.61521e-20
288.598,7.61465e-20
288.606,7.57096e-20
288.614,7.59022e-20
288.622,7.62408e-20
288.63,7.61611e-20
288.638,7.60655e-20
288.646,7.63221e-20
288.654,7.62179e-20
288.662,7.65066e-20
288.67,7.65779e-20
288.678,7.62885e-20
288.686,7.65929e-20
288.694,7.65518e-20
288.702,7.67807e-20
288.71,7.70277e-20
288.718,7.67903e-20
288.726,7.67847e-20
288.734,7.69995e-20
288.742,7.68567e-20
288.75,7.67193e-20
288.758,7.70993e-20
288.766,7.70049e-20
288.774,7.70948e-20
288.782,7.72634e-20
288.79,7.72152e-20
288.799,7.74012e-20
288.807,7.7341e-20
288.815,7.73438e-20
288.823,7.73168e-20
288.831,7.77523e-20
288.839,7.78989e-20
288.847,7.7622e-20
288.855,7.76755e-20
288.863,7.78035e-20
288.871,7.80235e-20
288.879,7.76936e-20
288.887,7.79086e-20
288.895,7.82328e-20
288.903,7.79514e-20
288.911,7.81054e-20
288.919,7.8426e-20
288.927,7.84497e-20
288.935,7.80409e-20
288.943,7.83454e-20
288.951,7.84153e-20
288.959,7.83293e-20
288.968,7.86434e-20
288.976,7.82747e-20
288.984,7.83894e-20
288.992,7.84904e-20
289,7.85865e-20
289.008,7.86076e-20
289.016,7.84899e-20
289.024,7.89401e-20
289.032,7.91488e-20
289.04,7.91265e-20
289.048,7.87613e-20
289.056,7.89852e-20
289.064,7.92186e-20
289.072,7.88732e-20
289.08,7.9127e-20
289.088,7.90039e-20
289.096,7.87966e-20
289.105,7.90847e-20
289.113,7.91906e-20
289.121,7.89733e-20
289.129,7.93285e-20
289.137,7.97457e-20
289.145,7.94476e-20
289.153,7.94218e-20
289.161,7.93046e-20
289.169,7.95535e-20
289.177,7.9513e-20
289.185,7.89772e-20
289.193,7.9347e-20
289.201,7.95818e-20
289.209,7.95958e-20
289.217,7.95702e-20
289.226,7.96332e-20
289.234,7.98298e-20
289.242,7.95842e-20
289.25,7.95591e-20
289.258,7.98682e-20
289.266,7.97542e-20
289.274,7.96203e-20
289.282,7.98911e-20
289.29,7.97213e-20
289.298,7.97164e-20
289.306,8.01101e-20
289.314,8.00785e-20
289.322,8.01736e-20
289.33,8.03786e-20
289.339,8.04794e-20
289.347,8.03849e-20
289.355,8.02038e-20
289.363,8.0418e-20
289.371,8.06288e-20
289.379,8.05801e-20
289.387,8.05374e-20
289.395,8.04518e-20
289.403,8.04747e-20
289.411,8.07479e-20
289.419,8.07049e-20
289.427,8.08817e-20
289.435,8.10489e-20
289.444,8.08224e-20
289.452,8.11461e-20
289.46,8.1184e-20
289.468,8.12151e-20
289.476,8.13227e-20
289.484,8.13634e-20
289.492,8.18618e-20
289.5,8.17539e-20
289.508,8.14366e-20
289.516,8.13357e-20
289.524,8.16078e-20
289.532,8.20083e-20
289.541,8.18155e-20
289.549,8.15475e-20
289.557,8.15938e-20
289.565,8.21373e-20
289.573,8.22051e-20
289.581,8.19292e-20
289.589,8.2303e-20
289.597,8.27803e-20
289.605,8.28535e-20
289.613,8.2745e-20
289.621,8.3011e-20
289.63,8.29157e-20
289.638,8.28119e-20
289.646,8.30752e-20
289.654,8.31603e-20
289.662,8.34699e-20
289.67,8.32883e-20
289.678,8.34504e-20
289.686,8.39354e-20
289.694,8.38483e-20
289.702,8.40572e-20
289.71,8.38859e-20
289.719,8.38438e-20
289.727,8.41801e-20
289.735,8.40923e-20
289.743,8.4208e-20
289.751,8.4396e-20
289.759,8.45902e-20
289.767,8.46015e-20
289.775,8.4557e-20
289.783,8.46573e-20
289.791,8.48111e-20
289.8,8.50957e-20
289.808,8.53749e-20
289.816,8.54643e-20
289.824,8.54049e-20
289.832,8.54147e-20
289.84,8.52034e-20
289.848,8.54554e-20
289.856,8.57925e-20
289.864,8.53632e-20
289.872,8.5911e-20
289.881,8.61428e-20
289.889,8.59372e-20
289.897,8.62073e-20
289.905,8.59253e-20
289.913,8.60874e-20
289.921,8.60306e-20
289.929,8.62795e-20
289.937,8.67639e-20
289.945,8.63159e-20
289.954,8.64374e-20
289.962,8.65078e-20
289.97,8.65919e-20
289.978,8.66007e-20
289.986,8.65005e-20
289.994,8.68757e-20
290.002,8.67287e-20
290.01,8.67344e-20
290.018,8.67549e-20
290.027,8.68745e-20
290.035,8.72359e-20
290.043,8.71685e-20
290.051,8.71501e-20
290.059,8.70081e-20
290.067,8.69716e-20
290.075,8.69646e-20
290.083,8.70651e-20
290.091,8.74041e-20
290.1,8.71398e-20
290.108,8.70242e-20
290.116,8.74218e-20
290.124,8.72783e-20
290.132,8.71509e-20
290.14,8.73548e-20
290.148,8.71719e-20
290.156,8.73422e-20
290.165,8.74061e-20
290.173,8.7248e-20
290.181,8.7628e-20
290.189,8.76571e-20
290.197,8.74655e-20
290.205,8.72341e-20
290.213,8.71409e-20
290.221,8.70779e-20
290.23,8.70236e-20
290.238,8.74654e-20
290.246,8.73923e-20
290.254,8.71952e-20
290.262,8.71577e-20
290.27,8.73681e-20
290.278,8.76599e-20
290.286,8.72655e-20
290.295,8.73041e-20
290.303,8.72916e-20
290.311,8.69364e-20
290.319,8.7074e-20
290.327,8.7288e-20
290.335,8.71652e-20
290.343,8.70602e-20
290.351,8.74055e-20
290.36,8.73007e-20
290.368,8.71404e-20
290.376,8.72405e-20
290.384,8.71378e-20
290.392,8.72147e-20
290.4,8.69885e-20
290.408,8.71487e-20
290.417,8.75692e-20
290.425,8.68951e-20
290.433,8.68021e-20
290.441,8.71308e-20
290.449,8.68138e-20
290.457,8.69736e-20
290.465,8.69234e-20
290.473,8.68736e-20
290.482,8.70859e-20
290.49,8.68472e-20
290.498,8.69304e-20
290.506,8.69055e-20
290.514,8.69975e-20
290.522,8.73718e-20
290.53,8.72421e-20
290.539,8.67566e-20
290.547,8.65148e-20
290.555,8.69154e-20
290.563,8.67914e-20
290.571,8.67281e-20
290.579,8.71947e-20
290.587,8.70577e-20
290.596,8.6918e-20
290.604,8.70043e-20
290.612,8.71132e-20
290.62,8.69764e-20
290.628,8.67e-20
290.636,8.6678e-20
290.644,8.70719e-20
290.653,8.72126e-20
290.661,8.70964e-20
290.669,8.7411e-20
290.677,8.70921e-20
290.685,8.71342e-20
290.693,8.74647e-20
290.702,8.73444e-20
290.71,8.74005e-20
290.718,8.72964e-20
290.726,8.7779e-20
290.734,8.75393e-20
290.742,8.72676e-20
290.75,8.78601e-20
290.759,8.76454e-20
290.767,8.77064e-20
290.775,8.76932e-20
290.783,8.77961e-20
290.791,8.80004e-20
290.799,8.78981e-20
290.808,8.83571e-20
290.816,8.8428e-20
290.824,8.84217e-20
290.832,8.83375e-20
290.84,8.81692e-20
290.848,8.83677e-20
290.856,8.83977e-20
290.865,8.87127e-20
290.873,8.90006e-20
290.881,8.89052e-20
290.889,8.88144e-20
290.897,8.92075e-20
290.905,8.94632e-20
290.914,8.91374e-20
290.922,8.94458e-20
290.93,8.96411e-20
290.938,8.94401e-20
290.946,8.9759e-20
290.954,9.01382e-20
290.963,9.06017e-20
290.971,9.05712e-20
290.979,9.03302e-20
290.987,9.0711e-20
290.995,9.06525e-20
291.003,9.06166e-20
291.012,9.09837e-20
291.02,9.12155e-20
291.028,9.14504e-20
291.036,9.13434e-20
291.044,9.11392e-20
291.052,9.14754e-20
291.061,9.2191e-20
291.069,9.19872e-20
291.077,9.18664e-20
291.085,9.21972e-20
291.093,9.18513e-20
291.101,9.23442e-20
291.11,9.27395e-20
291.118,9.28074e-20
291.126,9.2864e-20
291.134,9.26504e-20
291.142,9.32503e-20
291.151,9.33288e-20
291.159,9.37757e-20
291.167,9.3917e-20
291.175,9.35188e-20
291.183,9.39236e-20
291.191,9.36903e-20
291.2,9.40997e-20
291.208,9.43201e-20
291.216,9.40594e-20
291.224,9.45269e-20
291.232,9.45333e-20
291.241,9.47439e-20
291.249,9.49655e-20
291.257,9.51974e-20
291.265,9.51972e-20
291.273,9.52855e-20
291.281,9.53976e-20
291.29,9.50908e-20
291.298,9.56261e-20
291.306,9.55328e-20
291.314,9.54584e-20
291.322,9.62256e-20
291.331,9.59835e-20
291.339,9.58282e-20
291.347,9.62157e-20
291.355,9.62802e-20
291.363,9.63007e-20
291.371,9.64609e-20
291.38,9.64863e-20
291.388,9.65149e-20
291.396,9.68279e-20
291.404,9.70936e-20
291.412,9.67664e-20
291.421,9.68436e-20
291.429,9.7159e-20
291.437,9.67709e-20
291.445,9.6941e-20
291.453,9.72196e-20
291.462,9.71961e-20
291.47,9.72064e-20
291.478,9.73776e-20
291.486,9.75367e-20
291.494,9.71538e-20
291.503,9.7486e-20
291.511,9.76834e-20
291.519,9.75444e-20
291.527,9.76356e-20
291.535,9.76212e-20
291.544,9.81563e-20
291.552,9.7913e-20
291.56,9.77955e-20
291.568,9.80823e-20
291.576,9.7997e-20
291.585,9.83119e-20
291.593,9.83347e-20
291.601,9.83315e-20
291.609,9.83833e-20
291.617,9.83814e-20
291.626,9.82418e-20
291.634,9.83068e-20
291.642,9.872e-20
291.65,9.84959e-20
291.658,9.8248e-20
291.667,9.8099e-20
291.675,9.83534e-20
291.683,9.84017e-20
291.691,9.80527e-20
291.699,9.84976e-20
291.708,9.83645e-20
291.716,9.82542e-20
291.724,9.87294e-20
291.732,9.88082e-20
291.74,9.88201e-20
291.749,9.85608e-20
291.757,9.86044e-20
291.765,9.88006e-20
291.773,9.85937e-20
291.782,9.84674e-20
291.79,9.83069e-20
291.798,9.86435e-20
291.806,9.89538e-20
291.814,9.86101e-20
291.823,9.86685e-20
291.831,9.83184e-20
291.839,9.82364e-20
291.847,9.87947e-20
291.855,9.86972e-20
291.864,9.88647e-20
291.872,9.88549e-20
291.88,9.8856e-20
291.888,9.90901e-20
291.897,9.89502e-20
291.905,9.92498e-20
291.913,9.90991e-20
291.921,9.85331e-20
291.929,9.87123e-20
291.938,9.90814e-20
291.946,9.91024e-20
291.954,9.93028e-20
291.962,9.92798e-20
291.971,9.89823e-20
291.979,9.93061e-20
291.987,9.92568e-20
291.995,9.89213e-20
292.003,9.9226e-20
292.012,9.97297e-20
292.02,9.96045e-20
292.028,9.92834e-20
292.036,9.97024e-20
292.045,9.97485e-20
292.053,9.96172e-20
292.061,9.96101e-20
292.069,9.94842e-20
292.077,9.96999e-20
292.086,9.96432e-20
292.094,9.99367e-20
292.102,1.00308e-19
292.11,1.00073e-19
292.119,1.00214e-19
292.127,1.00471e-19
292.135,1.00402e-19
292.143,1.00527e-19
292.152,1.00455e-19
292.16,1.00549e-19
292.168,1.00902e-19
292.176,1.00497e-19
292.184,1.00833e-19
292.193,1.01241e-19
292.201,1.00816e-19
292.209,1.01068e-19
292.217,1.01238e-19
292.226,1.01269e-19
292.234,1.01251e-19
292.242,1.01432e-19
292.25,1.01622e-19
292.259,1.0155e-19
292.267,1.01873e-19
292.275,1.01539e-19
292.283,1.01785e-19
292.292,1.02323e-19
292.3,1.0214e-19
292.308,1.02438e-19
292.316,1.02542e-19
292.325,1.02321e-19
292.333,1.02356e-19
292.341,1.02912e-19
292.349,1.03123e-19
292.357,1.03156e-19
292.366,1.03103e-19
292.374,1.02918e-19
292.382,1.03566e-19
292.39,1.0332e-19
292.399,1.0298e-19
292.407,1.03541e-19
292.415,1.0354e-19
292.423,1.03339e-19
292.432,1.03311e-19
292.44,1.03618e-19
292.448,1.03667e-19
292.456,1.03586e-19
292.465,1.03636e-19
292.473,1.03518e-19
292.481,1.03508e-19
292.489,1.03575e-19
292.498,1.03764e-19
292.506,1.03962e-19
292.514,1.04144e-19
292.522,1.03974e-19
292.531,1.03871e-19
292.539,1.04146e-19
292.547,1.0404e-19
292.555,1.03873e-19
292.564,1.03807e-19
292.572,1.03863e-19
292.58,1.03887e-19
292.589,1.03697e-19
292.597,1.03514e-19
292.605,1.03555e-19
292.613,1.03972e-19
292.622,1.03816e-19
292.63,1.03427e-19
292.638,1.03698e-19
292.646,1.0369e-19
292.655,1.03285e-19
292.663,1.03303e-19
292.671,1.03326e-19
292.679,1.03226e-19
292.688,1.03206e-19
292.696,1.02829e-19
292.704,1.0284e-19
292.712,1.03003e-19
292.721,1.02672e-19
292.729,1.02536e-19
292.737,1.02585e-19
292.745,1.0281e-19
292.754,1.02632e-19
292.762,1.01985e-19
292.77,1.02024e-19
292.779,1.0204e-19
292.787,1.01671e-19
292.795,1.01594e-19
292.803,1.0148e-19
292.812,1.01453e-19
292.82,1.01309e-19
292.828,1.0086e-19
292.836,1.00904e-19
292.845,1.01112e-19
292.853,1.01008e-19
292.861,1.00753e-19
292.87,1.00639e-19
292.878,1.00453e-19
292.886,1.00265e-19
292.894,1.00363e-19
292.903,1.00343e-19
292.911,1.00182e-19
292.919,9.96841e-20
292.927,9.94842e-20
292.936,9.96823e-20
292.944,9.95247e-20
292.952,9.94053e-20
292.961,9.90659e-20
292.969,9.90806e-20
292.977,9.93378e-20
292.985,9.90735e-20
292.994,9.8817e-20
293.002,9.87542e-20
293.01,9.87812e-20
293.019,9.84137e-20
293.027,9.83632e-20
293.035,9.84366e-20
293.043,9.839e-20
293.052,9.86438e-20
293.06,9.83914e-20
293.068,9.81624e-20
293.077,9.79266e-20
293.085,9.78575e-20
293.093,9.80814e-20
293.101,9.77213e-20
293.11,9.73578e-20
293.118,9.72962e-20
293.126,9.74299e-20
293.135,9.71895e-20
293.143,9.70423e-20
293.151,9.72427e-20
293.159,9.70323e-20
293.168,9.67121e-20
293.176,9.6654e-20
293.184,9.70771e-20
293.193,9.69139e-20
293.201,9.64444e-20
293.209,9.68027e-20
293.217,9.68188e-20
293.226,9.6405e-20
293.234,9.63973e-20
293.242,9.66757e-20
293.251,9.64369e-20
293.259,9.58629e-20
293.267,9.60451e-20
293.276,9.65201e-20
293.284,9.64633e-20
293.292,9.61939e-20
293.3,9.59442e-20
293.309,9.58291e-20
293.317,9.59888e-20
293.325,9.58849e-20
293.334,9.58268e-20
293.342,9.58726e-20
293.35,9.58016e-20
293.358,9.56934e-20
293.367,9.54797e-20
293.375,9.56381e-20
293.383,9.55585e-20
293.392,9.55639e-20
293.4,9.56657e-20
293.408,9.534e-20
293.417,9.55699e-20
293.425,9.53196e-20
293.433,9.49412e-20
293.442,9.52839e-20
293.45,9.52664e-20
293.458,9.51813e-20
293.466,9.51693e-20
293.475,9.51522e-20
293.483,9.49514e-20
293.491,9.49101e-20
293.5,9.50571e-20
293.508,9.47737e-20
293.516,9.5019e-20
293.525,9.51179e-20
293.533,9.49393e-20
293.541,9.50735e-20
293.55,9.46331e-20
293.558,9.47251e-20
293.566,9.49527e-20
293.574,9.45827e-20
293.583,9.46482e-20
293.591,9.46056e-20
293.599,9.47904e-20
293.608,9.45883e-20
293.616,9.40102e-20
293.624,9.44587e-20
293.633,9.45085e-20
293.641,9.42105e-20
293.649,9.41903e-20
293.658,9.4207e-20
293.666,9.43498e-20
293.674,9.42899e-20
293.683,9.4488e-20
293.691,9.44446e-20
293.699,9.42788e-20
293.708,9.44296e-20
293.716,9.43973e-20
293.724,9.44076e-20
293.733,9.42171e-20
293.741,9.42679e-20
293.749,9.45727e-20
293.757,9.46095e-20
293.766,9.43196e-20
293.774,9.40933e-20
293.782,9.42469e-20
293.791,9.42422e-20
293.799,9.42861e-20
293.807,9.42822e-20
293.816,9.4358e-20
293.824,9.44297e-20
293.832,9.41212e-20
293.841,9.42371e-20
293.849,9.42131e-20
293.857,9.41074e-20
293.866,9.45013e-20
293.874,9.45379e-20
293.882,9.42695e-20
293.891,9.4223e-20
293.899,9.44355e-20
293.907,9.44718e-20
293.916,9.45787e-20
293.924,9.47475e-20
293.932,9.45872e-20
293.941,9.44191e-20
293.949,9.43799e-20
293.957,9.46418e-20
293.966,9.46098e-20
293.974,9.46943e-20
293.982,9.48606e-20
293.991,9.45528e-20
293.999,9.5002e-20
294.007,9.4991e-20
294.016,9.4713e-20
294.024,9.50991e-20
294.032,9.49053e-20
294.041,9.50257e-20
294.049,9.50594e-20
294.057,9.49582e-20
294.066,9.54583e-20
294.074,9.53676e-20
294.082,9.5264e-20
294.091,9.53595e-20
294.099,9.53362e-20
294.107,9.53479e-20
294.116,9.55085e-20
294.124,9.55553e-20
294.133,9.5508e-20
294.141,9.5694e-20
294.149,9.56877e-20
294.158,9.60394e-20
294.166,9.61354e-20
294.174,9.6177e-20
294.183,9.63063e-20
294.191,9.58598e-20
294.199,9.62132e-20
294.208,9.65065e-20
294.216,9.66707e-20
294.224,9.68549e-20
294.233,9.66517e-20
294.241,9.70832e-20
294.249,9.70513e-20
294.258,9.69509e-20
294.266,9.7327e-20
294.274,9.77307e-20
294.283,9.7605e-20
294.291,9.74223e-20
294.3,9.80308e-20
294.308,9.78298e-20
294.316,9.81865e-20
294.325,9.88649e-20
294.333,9.84023e-20
294.341,9.85077e-20
294.35,9.87768e-20
294.358,9.90264e-20
294.366,9.93066e-20
294.375,9.96333e-20
294.383,1.00172e-19
294.391,1.00005e-19
294.4,9.99676e-20
294.408,1.00306e-19
294.417,1.00277e-19
294.425,1.0064e-19
294.433,1.01123e-19
294.442,1.01068e-19
294.45,1.01171e-19
294.458,1.01362e-19
294.467,1.01908e-19
294.475,1.02201e-19
294.483,1.01971e-19
294.492,1.02219e-19
294.5,1.02508e-19
294.509,1.03043e-19
294.517,1.02883e-19
294.525,1.02911e-19
294.534,1.03546e-19
294.542,1.03056e-19
294.55,1.03457e-19
294.559,1.03764e-19
294.567,1.03477e-19
294.575,1.03938e-19
294.584,1.04156e-19
294.592,1.03993e-19
294.601,1.03943e-19
294.609,1.04286e-19
294.617,1.04259e-19
294.626,1.04789e-19
294.634,1.05036e-19
294.642,1.04665e-19
294.651,1.0518e-19
294.659,1.05116e-19
294.668,1.05373e-19
294.676,1.05515e-19
294.684,1.05723e-19
294.693,1.0619e-19
294.701,1.05644e-19
294.709,1.058e-19
294.718,1.0572e-19
294.726,1.05913e-19
294.735,1.06327e-19
294.743,1.06255e-19
294.751,1.06486e-19
294.76,1.06242e-19
294.768,1.06739e-19
294.776,1.06819e-19
294.785,1.06454e-19
294.793,1.06789e-19
294.802,1.06877e-19
294.81,1.07113e-19
294.818,1.06971e-19
294.827,1.07079e-19
294.835,1.07255e-19
294.844,1.07192e-19
294.852,1.07224e-19
294.86,1.07075e-19
294.869,1.07375e-19
294.877,1.0742e-19
294.885,1.07521e-19
294.894,1.07563e-19
294.902,1.07296e-19
294.911,1.07682e-19
294.919,1.07581e-19
294.927,1.07501e-19
294.936,1.07688e-19
294.944,1.07337e-19
294.953,1.07374e-19
294.961,1.07664e-19
294.969,1.07696e-19
294.978,1.07451e-19
294.986,1.07174e-19
294.995,1.07082e-19
295.003,1.07085e-19
295.011,1.07337e-19
295.02,1.07403e-19
295.028,1.0731e-19
295.037,1.06993e-19
295.045,1.06885e-19
295.053,1.07258e-19
295.062,1.06736e-19
295.07,1.06694e-19
295.079,1.07019e-19
295.087,1.06321e-19
295.095,1.06508e-19
295.104,1.0635e-19
295.112,1.05776e-19
295.121,1.06128e-19
295.129,1.05723e-19
295.137,1.05491e-19
295.146,1.05565e-19
295.154,1.05498e-19
295.163,1.05706e-19
295.171,1.05113e-19
295.179,1.04733e-19
295.188,1.0489e-19
295.196,1.04647e-19
295.205,1.04598e-19
295.213,1.04601e-19
295.221,1.04297e-19
295.23,1.04272e-19
295.238,1.04247e-19
295.247,1.03798e-19
295.255,1.0368e-19
295.263,1.03577e-19
295.272,1.03495e-19
295.28,1.03354e-19
295.289,1.02877e-19
295.297,1.03045e-19
295.305,1.0279e-19
295.314,1.02416e-19
295.322,1.02436e-19
295.331,1.02019e-19
295.339,1.02133e-19
295.348,1.02041e-19
295.356,1.01687e-19
295.364,1.01753e-19
295.373,1.01486e-19
295.381,1.01458e-19
295.39,1.012e-19
295.398,1.00908e-19
295.406,1.00967e-19
295.415,1.00714e-19
295.423,1.00786e-19
295.432,1.00943e-19
295.44,1.00445e-19
295.449,1.00076e-19
295.457,1.00196e-19
295.465,9.99679e-20
295.474,9.96202e-20
295.482,9.96949e-20
295.491,9.96921e-20
295.499,9.95072e-20
295.507,9.95242e-20
295.516,9.96266e-20
295.524,9.95673e-20
295.533,9.95375e-20
295.541,9.92911e-20
295.55,9.89608e-20
295.558,9.89215e-20
295.566,9.89001e-20
295.575,9.87966e-20
295.583,9.89323e-20
295.592,9.92338e-20
295.6,9.87605e-20
295.609,9.8308e-20
295.617,9.85305e-20
295.625,9.8313e-20
295.634,9.83176e-20
295.642,9.87621e-20
295.651,9.85251e-20
295.659,9.82406e-20
295.668,9.84474e-20
295.676,9.85548e-20
295.684,9.83484e-20
295.693,9.81123e-20
295.701,9.84712e-20
295.71,9.86248e-20
295.718,9.83069e-20
295.727,9.85837e-20
295.735,9.86159e-20
295.744,9.85502e-20
295.752,9.86088e-20
295.76,9.8732e-20
295.769,9.90991e-20
295.777,9.84602e-20
295.786,9.83446e-20
295.794,9.86606e-20
295.803,9.85691e-20
295.811,9.88397e-20
295.819,9.86992e-20
295.828,9.85922e-20
295.836,9.89211e-20
295.845,9.93069e-20
295.853,9.91189e-20
295.862,9.89731e-20
295.87,9.92883e-20
295.879,9.92448e-20
295.887,9.96808e-20
295.895,9.95843e-20
295.904,9.92675e-20
295.912,9.96578e-20
295.921,9.96696e-20
295.929,9.9819e-20
295.938,1.00103e-19
295.946,1.00174e-19
295.955,1.00135e-19
295.963,1.00303e-19
295.971,1.00536e-19
295.98,1.00765e-19
295.988,1.00965e-19
295.997,1.01202e-19
296.005,1.01649e-19
296.014,1.01281e-19
296.022,1.01231e-19
296.031,1.01808e-19
296.039,1.02136e-19
296.048,1.02203e-19
296.056,1.02188e-19
296.064,1.02842e-19
296.073,1.02912e-19
296.081,1.02929e-19
296.09,1.03423e-19
296.098,1.03363e-19
296.107,1.03507e-19
296.115,1.03815e-19
296.124,1.03884e-19
296.132,1.04043e-19
296.141,1.04527e-19
296.149,1.04864e-19
296.157,1.05196e-19
296.166,1.05376e-19
296.174,1.05221e-19
296.183,1.05442e-19
296.191,1.05797e-19
296.2,1.06236e-19
296.208,1.06591e-19
296.217,1.06861e-19
296.225,1.06702e-19
296.234,1.06987e-19
296.242,1.07479e-19
296.251,1.07435e-19
296.259,1.07996e-19
296.268,1.07807e-19
296.276,1.08226e-19
296.284,1.08775e-19
296.293,1.08374e-19
296.301,1.09371e-19
296.31,1.09305e-19
296.318,1.09109e-19
296.327,1.09496e-19
296.335,1.09557e-19
296.344,1.10075e-19
296.352,1.09876e-19
296.361,1.10266e-19
296.369,1.10684e-19
296.378,1.1095e-19
296.386,1.1102e-19
296.395,1.1078e-19
296.403,1.11432e-19
296.412,1.11756e-19
296.42,1.12297e-19
296.428,1.12331e-19
296.437,1.11869e-19
296.445,1.1291e-19
296.454,1.13072e-19
296.462,1.1242e-19
296.471,1.12787e-19
296.479,1.13225e-19
296.488,1.13691e-19
296.496,1.14021e-19
296.505,1.13824e-19
296.513,1.1427e-19
296.522,1.1464e-19
296.53,1.15027e-19
296.539,1.15492e-19
296.547,1.14782e-19
296.556,1.14892e-19
296.564,1.15742e-19
296.573,1.15767e-19
296.581,1.1581e-19
296.59,1.16339e-19
296.598,1.16543e-19
296.607,1.16315e-19
296.615,1.16776e-19
296.624,1.16893e-19
296.632,1.17019e-19
296.64,1.17629e-19
296.649,1.17508e-19
296.657,1.17953e-19
296.666,1.18583e-19
296.674,1.18255e-19
296.683,1.18474e-19
296.691,1.18749e-19
296.7,1.18751e-19
296.708,1.18995e-19
296.717,1.18876e-19
296.725,1.18986e-19
296.734,1.19315e-19
296.742,1.19659e-19
296.751,1.1983e-19
296.759,1.19712e-19
296.768,1.20263e-19
296.776,1.2061e-19
296.785,1.20671e-19
296.793,1.20598e-19
296.802,1.20665e-19
296.81,1.21252e-19
296.819,1.21406e-19
296.827,1.21824e-19
296.836,1.22088e-19
296.844,1.22339e-19
296.853,1.22417e-19
296.861,1.2222e-19
296.87,1.23191e-19
296.878,1.23408e-19
296.887,1.22953e-19
296.895,1.23023e-19
296.904,1.23475e-19
296.912,1.2377e-19
296.921,1.23747e-19
296.929,1.24238e-19
296.938,1.2423e-19
296.946,1.24223e-19
296.955,1.24865e-19
296.963,1.254e-19
296.972,1.25374e-19
296.98,1.25809e-19
296.989,1.26712e-19
296.997,1.26021e-19
297.006,1.25749e-19
297.014,1.26727e-19
297.023,1.27037e-19
297.031,1.27077e-19
297.04,1.27806e-19
297.048,1.28541e-19
297.057,1.28371e-19
297.065,1.27975e-19
297.074,1.28611e-19
297.083,1.29352e-19
297.091,1.28915e-19
297.1,1.29634e-19
297.108,1.30631e-19
297.117,1.30085e-19
297.125,1.30271e-19
297.134,1.30361e-19
297.142,1.30945e-19
297.151,1.31466e-19
297.159,1.3143e-19
297.168,1.32056e-19
297.176,1.32563e-19
297.185,1.3278e-19
297.193,1.32707e-19
297.202,1.33019e-19
297.21,1.32935e-19
297.219,1.33802e-19
297.227,1.34243e-19
297.236,1.33157e-19
297.244,1.34407e-19
297.253,1.35007e-19
297.261,1.35069e-19
297.27,1.35645e-19
297.278,1.35316e-19
297.287,1.35616e-19
297.296,1.35097e-19
297.304,1.35144e-19
297.313,1.35479e-19
297.321,1.36034e-19
297.33,1.36993e-19
297.338,1.36698e-19
297.347,1.36311e-19
297.355,1.36508e-19
297.364,1.3733e-19
297.372,1.3749e-19
297.381,1.3829e-19
297.389,1.3856e-19
297.398,1.37525e-19
297.406,1.38174e-19
297.415,1.38519e-19
297.423,1.38186e-19
297.432,1.38241e-19
297.441,1.38522e-19
297.449,1.38999e-19
297.458,1.38511e-19
297.466,1.38462e-19
297.475,1.38918e-19
297.483,1.38754e-19
297.492,1.38923e-19
297.5,1.39564e-19
297.509,1.39157e-19
297.517,1.39036e-19
297.526,1.39276e-19
297.534,1.38562e-19
297.543,1.38986e-19
297.551,1.3933e-19
297.56,1.39492e-19
297.569,1.39908e-19
297.577,1.3906e-19
297.586,1.3926e-19
297.594,1.39397e-19
297.603,1.38616e-19
297.611,1.38707e-19
297.62,1.39035e-19
297.628,1.38632e-19
297.637,1.37935e-19
297.645,1.38098e-19
297.654,1.37792e-19
297.663,1.37448e-19
297.671,1.39013e-19
297.68,1.38949e-19
297.688,1.37785e-19
297.697,1.3823e-19
297.705,1.37487e-19
297.714,1.37468e-19
297.722,1.37715e-19
297.731,1.36984e-19
297.739,1.37078e-19
297.748,1.35948e-19
297.757,1.35515e-19
297.765,1.36137e-19
297.774,1.35312e-19
297.782,1.35701e-19
297.791,1.35744e-19
297.799,1.34579e-19
297.808,1.34746e-19
297.816,1.34774e-19
297.825,1.34258e-19
297.834,1.34517e-19
297.842,1.34195e-19
297.851,1.33251e-19
297.859,1.33465e-19
297.868,1.33138e-19
297.876,1.32256e-19
297.885,1.32367e-19
297.893,1.32274e-19
297.902,1.31963e-19
297.911,1.31635e-19
297.919,1.31911e-19
297.928,1.31441e-19
297.936,1.30563e-19
297.945,1.30932e-19
297.953,1.30383e-19
297.962,1.29819e-19
297.971,1.29678e-19
297.979,1.29166e-19
297.988,1.29291e-19
297.996,1.29318e-19
298.005,1.29376e-19
298.013,1.2912e-19
298.022,1.28807e-19
298.031,1.28375e-19
298.039,1.27816e-19
298.048,1.28154e-19
298.056,1.27308e-19
298.065,1.26971e-19
298.073,1.27869e-19
298.082,1.27706e-19
298.09,1.27571e-19
298.099,1.27295e-19
298.108,1.2688e-19
298.116,1.26649e-19
298.125,1.2627e-19
298.133,1.26552e-19
298.142,1.26261e-19
298.15,1.25972e-19
298.159,1.26437e-19
298.168,1.25857e-19
298.176,1.25575e-19
298.185,1.25936e-19
298.193,1.25088e-19
298.202,1.24787e-19
298.211,1.25375e-19
298.219,1.25238e-19
298.228,1.24793e-19
298.236,1.24447e-19
298.245,1.24623e-19
298.253,1.24733e-19
298.262,1.2434e-19
298.271,1.24396e-19
298.279,1.24845e-19
298.288,1.24528e-19
298.296,1.23841e-19
298.305,1.24144e-19
298.313,1.238e-19
298.322,1.23349e-19
298.331,1.24051e-19
298.339,1.2365e-19
298.348,1.23395e-19
298.356,1.23739e-19
298.365,1.23422e-19
298.374,1.23758e-19
298.382,1.23968e-19
298.391,1.23833e-19
298.399,1.23489e-19
298.408,1.23033e-19
298.417,1.24005e-19
298.425,1.23692e-19
298.434,1.22963e-19
298.442,1.23636e-19
298.451,1.23221e-19
298.459,1.23077e-19
298.468,1.23176e-19
298.477,1.22993e-19
298.485,1.23298e-19
298.494,1.23126e-19
298.502,1.22941e-19
298.511,1.22654e-19
298.52,1.23527e-19
298.528,1.23492e-19
298.537,1.22963e-19
298.545,1.23593e-19
298.554,1.22833e-19
298.563,1.23469e-19
298.571,1.23471e-19
298.58,1.22476e-19
298.588,1.23569e-19
298.597,1.23211e-19
298.606,1.23153e-19
298.614,1.23251e-19
298.623,1.22847e-19
298.631,1.23049e-19
298.64,1.23174e-19
298.649,1.23767e-19
298.657,1.23553e-19
298.666,1.23457e-19
298.674,1.2334e-19
298.683,1.23237e-19
298.692,1.23322e-19
298.7,1.23144e-19
298.709,1.2352e-19
298.717,1.22947e-19
298.726,1.22684e-19
298.735,1.22688e-19
298.743,1.23129e-19
298.752,1.24044e-19
298.761,1.22858e-19
298.769,1.22593e-19
298.778,1.23351e-19
298.786,1.2324e-19
298.795,1.22804e-19
298.804,1.22949e-19
298.812,1.23221e-19
298.821,1.22798e-19
298.829,1.23066e-19
298.838,1.2262e-19
298.847,1.22953e-19
298.855,1.23653e-19
298.864,1.22928e-19
298.872,1.22904e-19
298.881,1.23068e-19
298.89,1.23409e-19
298.898,1.23564e-19
298.907,1.23618e-19
298.916,1.23757e-19
298.924,1.23928e-19
298.933,1.24275e-19
298.941,1.24355e-19
298.95,1.24848e-19
298.959,1.24596e-19
298.967,1.24596e-19
298.976,1.24602e-19
298.985,1.23993e-19
298.993,1.24591e-19
299.002,1.2472e-19
299.01,1.25292e-19
299.019,1.25024e-19
299.028,1.24506e-19
299.036,1.25445e-19
299.045,1.24759e-19
299.054,1.25186e-19
299.062,1.26085e-19
299.071,1.25841e-19
299.079,1.25926e-19
299.088,1.25661e-19
299.097,1.25764e-19
299.105,1.2616e-19
299.114,1.26561e-19
299.123,1.26423e-19
299.131,1.26224e-19
299.14,1.26565e-19
299.148,1.26635e-19
299.157,1.26515e-19
299.166,1.26235e-19
299.174,1.26771e-19
299.183,1.27094e-19
299.192,1.27398e-19
299.2,1.27381e-19
299.209,1.26899e-19
299.218,1.27523e-19
299.226,1.2753e-19
299.235,1.27344e-19
299.243,1.27733e-19
299.252,1.27827e-19
299.261,1.27615e-19
299.269,1.2754e-19
299.278,1.28211e-19
299.287,1.27916e-19
299.295,1.27717e-19
299.304,1.28395e-19
299.313,1.28296e-19
299.321,1.28326e-19
299.33,1.28125e-19
299.338,1.27956e-19
299.347,1.28546e-19
299.356,1.2875e-19
299.364,1.28417e-19
299.373,1.28507e-19
299.382,1.28899e-19
299.39,1.28929e-19
299.399,1.28564e-19
299.408,1.2817e-19
299.416,1.2875e-19
299.425,1.29051e-19
299.434,1.28838e-19
299.442,1.29089e-19
299.451,1.28735e-19
299.46,1.28597e-19
299.468,1.29697e-19
299.477,1.30085e-19
299.485,1.29327e-19
299.494,1.29882e-19
299.503,1.30138e-19
299.511,1.29418e-19
299.52,1.29759e-19
299.529,1.29847e-19
299.537,1.29812e-19
299.546,1.29805e-19
299.555,1.29737e-19
299.563,1.30196e-19
299.572,1.29898e-19
299.581,1.30173e-19
299.589,1.30235e-19
299.598,1.29968e-19
299.607,1.30571e-19
299.615,1.30311e-19
299.624,1.30022e-19
299.633,1.30527e-19
299.641,1.30903e-19
299.65,1.30901e-19
299.659,1.30832e-19
299.667,1.30779e-19
299.676,1.30663e-19
299.685,1.31034e-19
299.693,1.30744e-19
299.702,1.30312e-19
299.711,1.30717e-19
299.719,1.30845e-19
299.728,1.31018e-19
299.737,1.30941e-19
299.745,1.3125e-19
299.754,1.31774e-19
299.763,1.31433e-19
299.771,1.31043e-19
299.78,1.3044e-19
299.789,1.30452e-19
299.797,1.30875e-19
299.806,1.30684e-19
299.815,1.30407e-19
299.823,1.30314e-19
299.832,1.30797e-19
299.841,1.31002e-19
299.849,1.30745e-19
299.858,1.30349e-19
299.867,1.30418e-19
299.875,1.30166e-19
299.884,1.29921e-19
299.893,1.30517e-19
299.901,1.30119e-19
299.91,1.29626e-19
299.919,1.29661e-19
299.927,1.29594e-19
299.936,1.29275e-19
299.945,1.29173e-19
299.953,1.29665e-19
299.962,1.28787e-19
299.971,1.28864e-19
299.979,1.29366e-19
299.988,1.28513e-19
299.997,1.28745e-19
300.005,1.2866e-19
300.014,1.28173e-19
300.023,1.27915e-19
300.032,1.27826e-19
300.04,1.27616e-19
300.049,1.2728e-19
300.058,1.27276e-19
300.066,1.27455e-19
300.075,1.27624e-19
300.084,1.27122e-19
300.092,1.27164e-19
300.101,1.26595e-19
300.11,1.26142e-19
300.118,1.26654e-19
300.127,1.2608e-19
300.136,1.25791e-19
300.144,1.25262e-19
300.153,1.25617e-19
300.162,1.26108e-19
300.171,1.24854e-19
300.179,1.25417e-19
300.188,1.26013e-19
300.197,1.25168e-19
300.205,1.25035e-19
300.214,1.24933e-19
300.223,1.24912e-19
300.231,1.25097e-19
300.24,1.24221e-19
300.249,1.23823e-19
300.257,1.24693e-19
300.266,1.24508e-19
300.275,1.24245e-19
300.284,1.24119e-19
300.292,1.2395e-19
300.301,1.24162e-19
300.31,1.23624e-19
300.318,1.23375e-19
300.327,1.23952e-19
300.336,1.24324e-19
300.344,1.23675e-19
300.353,1.23398e-19
300.362,1.23318e-19
300.371,1.23314e-19
300.379,1.23947e-19
300.388,1.23757e-19
300.397,1.23989e-19
300.405,1.23852e-19
300.414,1.23441e-19
300.423,1.23588e-19
300.431,1.23302e-19
300.44,1.23689e-19
300.449,1.2379e-19
300.458,1.23798e-19
300.466,1.23629e-19
300.475,1.23598e-19
300.484,1.24121e-19
300.492,1.23819e-19
300.501,1.23857e-19
300.51,1.23983e-19
300.519,1.23873e-19
300.527,1.23824e-19
300.536,1.23799e-19
300.545,1.24166e-19
300.553,1.24372e-19
300.562,1.24311e-19
300.571,1.24553e-19
300.58,1.24764e-19
300.588,1.24224e-19
300.597,1.24746e-19
300.606,1.2499e-19
300.614,1.2486e-19
300.623,1.25188e-19
300.632,1.24846e-19
300.641,1.25528e-19
300.649,1.25341e-19
300.658,1.24521e-19
300.667,1.24877e-19
300.675,1.2491e-19
300.684,1.24879e-19
300.693,1.25058e-19
300.702,1.25271e-19
300.71,1.25167e-19
300.719,1.25458e-19
300.728,1.25616e-19
300.736,1.25542e-19
300.745,1.25603e-19
300.754,1.25555e-19
300.763,1.26054e-19
300.771,1.25845e-19
300.78,1.25858e-19
300.789,1.25844e-19
300.798,1.25818e-19
300.806,1.26147e-19
300.815,1.25758e-19
300.824,1.25766e-19
300.832,1.2573e-19
300.841,1.25993e-19
300.85,1.25879e-19
300.859,1.26116e-19
300.867,1.26198e-19
300.876,1.2568e-19
300.885,1.25996e-19
300.894,1.25523e-19
300.902,1.25907e-19
300.911,1.25736e-19
300.92,1.25465e-19
300.929,1.25807e-19
300.937,1.25158e-19
300.946,1.25973e-19
300.955,1.2568e-19
300.963,1.255e-19
300.972,1.25619e-19
300.981,1.25267e-19
300.99,1.2579e-19
300.998,1.24979e-19
301.007,1.25133e-19
301.016,1.25058e-19
301.025,1.24868e-19
301.033,1.25179e-19
301.042,1.24904e-19
301.051,1.25415e-19
301.06,1.24942e-19
301.068,1.24827e-19
301.077,1.25217e-19
301.086,1.25101e-19
301.095,1.25251e-19
301.103,1.25226e-19
301.112,1.25129e-19
301.121,1.2474e-19
301.13,1.24731e-19
301.138,1.24677e-19
301.147,1.25035e-19
301.156,1.24979e-19
301.165,1.2426e-19
301.173,1.24657e-19
301.182,1.24958e-19
301.191,1.25015e-19
301.2,1.25244e-19
301.208,1.25243e-19
301.217,1.25254e-19
301.226,1.25308e-19
301.235,1.25211e-19
301.243,1.25429e-19
301.252,1.25272e-19
301.261,1.2512e-19
301.27,1.25685e-19
301.278,1.25632e-19
301.287,1.26031e-19
301.296,1.26428e-19
301.305,1.26191e-19
301.313,1.26104e-19
301.322,1.26134e-19
301.331,1.26608e-19
301.34,1.26607e-19
301.348,1.26989e-19
301.357,1.27297e-19
301.366,1.26803e-19
301.375,1.27151e-19
301.383,1.27789e-19
301.392,1.27733e-19
301.401,1.2748e-19
301.41,1.27973e-19
301.418,1.28268e-19
301.427,1.28325e-19
301.436,1.28478e-19
301.445,1.28373e-19
301.454,1.28856e-19
301.462,1.288e-19
301.471,1.28994e-19
301.48,1.29756e-19
301.489,1.29511e-19
301.497,1.29438e-19
301.506,1.30345e-19
301.515,1.30438e-19
301.524,1.30451e-19
301.532,1.30783e-19
301.541,1.30449e-19
301.55,1.31017e-19
301.559,1.31381e-19
301.568,1.3156e-19
301.576,1.31836e-19
301.585,1.3159e-19
301.594,1.32179e-19
301.603,1.32192e-19
301.611,1.32718e-19
301.62,1.32832e-19
301.629,1.32512e-19
301.638,1.33225e-19
301.647,1.33389e-19
301.655,1.34012e-19
301.664,1.34022e-19
301.673,1.34128e-19
301.682,1.34067e-19
301.69,1.3403e-19
301.699,1.35113e-19
301.708,1.34709e-19
301.717,1.35102e-19
301.726,1.35647e-19
301.734,1.3526e-19
301.743,1.3567e-19
301.752,1.35994e-19
301.761,1.3609e-19
301.769,1.36144e-19
301.778,1.36427e-19
301.787,1.36356e-19
301.796,1.36952e-19
301.805,1.37431e-19
301.813,1.37649e-19
301.822,1.38033e-19
301.831,1.37423e-19
301.84,1.37983e-19
301.849,1.38329e-19
301.857,1.38263e-19
301.866,1.38431e-19
301.875,1.38619e-19
301.884,1.39615e-19
301.892,1.39099e-19
301.901,1.38986e-19
301.91,1.3949e-19
301.919,1.39522e-19
301.928,1.40227e-19
301.936,1.40547e-19
301.945,1.4077e-19
301.954,1.40827e-19
301.963,1.40821e-19
301.972,1.41102e-19
301.98,1.41392e-19
301.989,1.42035e-19
301.998,1.41674e-19
302.007,1.41247e-19
302.016,1.42354e-19
302.024,1.42823e-19
302.033,1.42357e-19
302.042,1.42772e-19
302.051,1.42577e-19
302.06,1.42653e-19
302.068,1.43785e-19
302.077,1.43417e-19
302.086,1.42931e-19
302.095,1.4366e-19
302.104,1.43659e-19
302.112,1.43484e-19
302.121,1.43782e-19
302.13,1.44032e-19
302.139,1.44389e-19
302.148,1.44402e-19
302.156,1.44929e-19
302.165,1.45466e-19
302.174,1.45033e-19
302.183,1.45808e-19
302.192,1.4564e-19
302.2,1.44885e-19
302.209,1.45729e-19
302.218,1.45876e-19
302.227,1.46014e-19
302.236,1.45823e-19
302.245,1.45572e-19
302.253,1.46249e-19
302.262,1.45824e-19
302.271,1.4582e-19
302.28,1.46264e-19
302.289,1.45549e-19
302.297,1.46034e-19
302.306,1.46806e-19
302.315,1.46487e-19
302.324,1.46488e-19
302.333,1.4662e-19
302.341,1.46682e-19
302.35,1.46796e-19
302.359,1.4687e-19
302.368,1.46734e-19
302.377,1.4637e-19
302.386,1.46321e-19
302.394,1.46645e-19
302.403,1.46917e-19
302.412,1.46675e-19
302.421,1.46534e-19
302.43,1.46622e-19
302.438,1.46646e-19
302.447,1.46602e-19
302.456,1.46591e-19
302.465,1.46814e-19
302.474,1.46702e-19
302.483,1.4693e-19
302.491,1.47051e-19
302.5,1.46602e-19
302.509,1.4699e-19
302.518,1.46998e-19
302.527,1.473e-19
302.536,1.47686e-19
302.544,1.46782e-19
302.553,1.46857e-19
302.562,1.47241e-19
302.571,1.47181e-19
302.58,1.47305e-19
302.589,1.47075e-19
302.597,1.47229e-19
302.606,1.47334e-19
302.615,1.47368e-19
302.624,1.47774e-19
302.633,1.47616e-19
302.642,1.47455e-19
302.65,1.47473e-19
302.659,1.47531e-19
302.668,1.4756e-19
302.677,1.47715e-19
302.686,1.48102e-19
302.695,1.48267e-19
302.703,1.48199e-19
302.712,1.4822e-19
302.721,1.4858e-19
302.73,1.48715e-19
302.739,1.48673e-19
302.748,1.48757e-19
302.756,1.48702e-19
302.765,1.4882e-19
302.774,1.49078e-19
302.783,1.49061e-19
302.792,1.49009e-19
302.801,1.49757e-19
302.81,1.49889e-19
302.818,1.50155e-19
302.827,1.50876e-19
302.836,1.50182e-19
302.845,1.50575e-19
302.854,1.50985e-19
302.863,1.51056e-19
302.871,1.51879e-19
302.88,1.51735e-19
302.889,1.5181e-19
302.898,1.51677e-19
302.907,1.51654e-19
302.916,1.52352e-19
302.925,1.52806e-19
302.933,1.5282e-19
302.942,1.53095e-19
302.951,1.53772e-19
302.96,1.53315e-19
302.969,1.53623e-19
302.978,1.53944e-19
302.986,1.53963e-19
302.995,1.54797e-19
303.004,1.54506e-19
303.013,1.54777e-19
303.022,1.55324e-19
303.031,1.55511e-19
303.04,1.55622e-19
303.048,1.55631e-19
303.057,1.55857e-19
303.066,1.55927e-19
303.075,1.56742e-19
303.084,1.56662e-19
303.093,1.56739e-19
303.102,1.57262e-19
303.111,1.56745e-19
303.119,1.57054e-19
303.128,1.57164e-19
303.137,1.57054e-19
303.146,1.56985e-19
303.155,1.56914e-19
303.164,1.57465e-19
303.173,1.57453e-19
303.181,1.57424e-19
303.19,1.5792e-19
303.199,1.57997e-19
303.208,1.57857e-19
303.217,1.58513e-19
303.226,1.58532e-19
303.235,1.57782e-19
303.244,1.58099e-19
303.252,1.58118e-19
303.261,1.57937e-19
303.27,1.58528e-19
303.279,1.58377e-19
303.288,1.58167e-19
303.297,1.58573e-19
303.306,1.58388e-19
303.314,1.58456e-19
303.323,1.5874e-19
303.332,1.58645e-19
303.341,1.58614e-19
303.35,1.58592e-19
303.359,1.58895e-19
303.368,1.5871e-19
303.377,1.58397e-19
303.385,1.58516e-19
303.394,1.5848e-19
303.403,1.58337e-19
303.412,1.58077e-19
303.421,1.58149e-19
303.43,1.58183e-19
303.439,1.58639e-19
303.448,1.58721e-19
303.457,1.5816e-19
303.465,1.58359e-19
303.474,1.58027e-19
303.483,1.57788e-19
303.492,1.57951e-19
303.501,1.58406e-19
303.51,1.58435e-19
303.519,1.57671e-19
303.528,1.58212e-19
303.536,1.58274e-19
303.545,1.58044e-19
303.554,1.58012e-19
303.563,1.578e-19
303.572,1.58406e-19
303.581,1.57878e-19
303.59,1.57684e-19
303.599,1.58189e-19
303.608,1.57617e-19
303.616,1.57561e-19
303.625,1.58015e-19
303.634,1.5785e-19
303.643,1.573e-19
303.652,1.57065e-19
303.661,1.56846e-19
303.67,1.57345e-19
303.679,1.57879e-19
303.688,1.57259e-19
303.697,1.57276e-19
303.705,1.57066e-19
303.714,1.56752e-19
303.723,1.5725e-19
303.732,1.56747e-19
303.741,1.56471e-19
303.75,1.57089e-19
303.759,1.5706e-19
303.768,1.56737e-19
303.777,1.56669e-19
303.786,1.56487e-19
303.794,1.56585e-19
303.803,1.56866e-19
303.812,1.56332e-19
303.821,1.5622e-19
303.83,1.5657e-19
303.839,1.56227e-19
303.848,1.56225e-19
303.857,1.56217e-19
303.866,1.5615e-19
303.875,1.56335e-19
303.883,1.55871e-19
303.892,1.55723e-19
303.901,1.56095e-19
303.91,1.56186e-19
303.919,1.56068e-19
303.928,1.55708e-19
303.937,1.5614e-19
303.946,1.56519e-19
303.955,1.5576e-19
303.964,1.55858e-19
303.973,1.56267e-19
303.981,1.55864e-19
303.99,1.55463e-19
303.999,1.5531e-19
304.008,1.55637e-19
304.017,1.55718e-19
304.026,1.55643e-19
304.035,1.55813e-19
304.044,1.55837e-19
304.053,1.55859e-19
304.062,1.55601e-19
304.071,1.55617e-19
304.08,1.55857e-19
304.088,1.55633e-19
304.097,1.55358e-19
304.106,1.5568e-19
304.115,1.55871e-19
304.124,1.55185e-19
304.133,1.55244e-19
304.142,1.55828e-19
304.151,1.55852e-19
304.16,1.55578e-19
304.169,1.55198e-19
304.178,1.55237e-19
304.187,1.55512e-19
304.196,1.55822e-19
304.204,1.55532e-19
304.213,1.55618e-19
304.222,1.5614e-19
304.231,1.55777e-19
304.24,1.56025e-19
304.249,1.56154e-19
304.258,1.55975e-19
304.267,1.56169e-19
304.276,1.55904e-19
304.285,1.56234e-19
304.294,1.56769e-19
304.303,1.56657e-19
304.312,1.56318e-19
304.321,1.56595e-19
304.33,1.57024e-19
304.338,1.56805e-19
304.347,1.57191e-19
304.356,1.5702e-19
304.365,1.5693e-19
304.374,1.57963e-19
304.383,1.5747e-19
304.392,1.57453e-19
304.401,1.57994e-19
304.41,1.57588e-19
304.419,1.58193e-19
304.428,1.57774e-19
304.437,1.57291e-19
304.446,1.58131e-19
304.455,1.58156e-19
304.464,1.58157e-19
304.473,1.58069e-19
304.481,1.58169e-19
304.49,1.5843e-19
304.499,1.58402e-19
304.508,1.58388e-19
304.517,1.58275e-19
304.526,1.5857e-19
304.535,1.5827e-19
304.544,1.58262e-19
304.553,1.58923e-19
304.562,1.5896e-19
304.571,1.58856e-19
304.58,1.58841e-19
304.589,1.59327e-19
304.598,1.5944e-19
304.607,1.59023e-19
304.616,1.5906e-19
304.625,1.59179e-19
304.634,1.59014e-19
304.642,1.59053e-19
304.651,1.58981e-19
304.66,1.58992e-19
304.669,1.59688e-19
304.678,1.59398e-19
304.687,1.59599e-19
304.696,1.59834e-19
304.705,1.59301e-19
304.714,1.59966e-19
304.723,1.59892e-19
304.732,1.60224e-19
304.741,1.60152e-19
304.75,1.60028e-19
304.759,1.6112e-19
304.768,1.60374e-19
304.777,1.61006e-19
304.786,1.61336e-19
304.795,1.60342e-19
304.804,1.61248e-19
304.813,1.61219e-19
304.822,1.61703e-19
304.831,1.62203e-19
304.84,1.61451e-19
304.849,1.62574e-19
304.858,1.62654e-19
304.866,1.6186e-19
304.875,1.62763e-19
304.884,1.62381e-19
304.893,1.62097e-19
304.902,1.62617e-19
304.911,1.62715e-19
304.92,1.63432e-19
304.929,1.63307e-19
304.938,1.62985e-19
304.947,1.62622e-19
304.956,1.62861e-19
304.965,1.63489e-19
304.974,1.63132e-19
304.983,1.63719e-19
304.992,1.63285e-19
305.001,1.62829e-19
305.01,1.63379e-19
305.019,1.63666e-19
305.028,1.63734e-19
305.037,1.62843e-19
305.046,1.63478e-19
305.055,1.6345e-19
305.064,1.63218e-19
305.073,1.64036e-19
305.082,1.63055e-19
305.091,1.63006e-19
305.1,1.63206e-19
305.109,1.63187e-19
305.118,1.63277e-19
305.127,1.62844e-19
305.136,1.63136e-19
305.145,1.63017e-19
305.154,1.631e-19
305.163,1.62835e-19
305.172,1.62478e-19
305.181,1.63001e-19
305.19,1.62412e-19
305.199,1.62249e-19
305.208,1.62912e-19
305.216,1.62484e-19
305.225,1.62156e-19
305.234,1.62054e-19
305.243,1.61761e-19
305.252,1.62366e-19
305.261,1.62805e-19
305.27,1.62266e-19
305.279,1.61698e-19
305.288,1.61764e-19
305.297,1.61732e-19
305.306,1.61247e-19
305.315,1.61482e-19
305.324,1.61384e-19
305.333,1.60868e-19
305.342,1.60967e-19
305.351,1.60913e-19
305.36,1.6103e-19
305.369,1.61286e-19
305.378,1.60953e-19
305.387,1.6047e-19
305.396,1.60136e-19
305.405,1.60187e-19
305.414,1.60772e-19
305.423,1.60147e-19
305.432,1.59623e-19
305.441,1.60168e-19
305.45,1.59579e-19
305.459,1.59114e-19
305.468,1.5907e-19
305.477,1.59322e-19
305.486,1.5953e-19
305.495,1.59504e-19
305.504,1.5942e-19
305.513,1.58613e-19
305.522,1.5901e-19
305.531,1.5864e-19
305.54,1.58062e-19
305.549,1.58853e-19
305.558,1.58507e-19
305.567,1.58728e-19
305.576,1.58669e-19
305.585,1.5786e-19
305.594,1.57317e-19
305.603,1.57349e-19
305.612,1.57806e-19
305.621,1.5711e-19
305.63,1.56923e-19
305.639,1.56883e-19
305.648,1.57087e-19
305.657,1.57368e-19
305.666,1.56767e-19
305.675,1.56967e-19
305.684,1.5667e-19
305.693,1.56309e-19
305.702,1.56681e-19
305.712,1.56604e-19
305.721,1.56182e-19
305.73,1.56132e-19
305.739,1.56344e-19
305.748,1.55973e-19
305.757,1.5615e-19
305.766,1.56275e-19
305.775,1.55932e-19
305.784,1.55848e-19
305.793,1.55409e-19
305.802,1.55362e-19
305.811,1.55638e-19
305.82,1.5571e-19
305.829,1.55359e-19
305.838,1.54954e-19
305.847,1.55566e-19
305.856,1.55918e-19
305.865,1.55012e-19
305.874,1.55014e-19
305.883,1.5546e-19
305.892,1.54833e-19
305.901,1.55458e-19
305.91,1.5564e-19
305.919,1.55012e-19
305.928,1.55345e-19
305.937,1.54799e-19
305.946,1.55093e-19
305.955,1.55338e-19
305.964,1.55271e-19
305.973,1.557e-19
305.982,1.55049e-19
305.991,1.55119e-19
306,1.54518e-19
306.009,1.54734e-19
306.018,1.55579e-19
306.027,1.55125e-19
306.036,1.55708e-19
306.045,1.54938e-19
306.054,1.55042e-19
306.063,1.55652e-19
306.073,1.55189e-19
306.082,1.55447e-19
306.091,1.54703e-19
306.1,1.5531e-19
306.109,1.55386e-19
306.118,1.55222e-19
306.127,1.55642e-19
306.136,1.54926e-19
306.145,1.55704e-19
306.154,1.55493e-19
306.163,1.55778e-19
306.172,1.56436e-19
306.181,1.55742e-19
306.19,1.55662e-19
306.199,1.55607e-19
306.208,1.56689e-19
306.217,1.56844e-19
306.226,1.56583e-19
306.235,1.56465e-19
306.244,1.56563e-19
306.253,1.57321e-19
306.262,1.56781e-19
306.271,1.57227e-19
306.281,1.56978e-19
306.29,1.57066e-19
306.299,1.58034e-19
306.308,1.57616e-19
306.317,1.57919e-19
306.326,1.57891e-19
306.335,1.58305e-19
306.344,1.58321e-19
306.353,1.58162e-19
306.362,1.58577e-19
306.371,1.58465e-19
306.38,1.58962e-19
306.389,1.59013e-19
306.398,1.60254e-19
306.407,1.60505e-19
306.416,1.5953e-19
306.425,1.60328e-19
306.434,1.60772e-19
306.443,1.61337e-19
306.453,1.61427e-19
306.462,1.6109e-19
306.471,1.60578e-19
306.48,1.60845e-19
306.489,1.61727e-19
306.498,1.61265e-19
306.507,1.61617e-19
306.516,1.61538e-19
306.525,1.62072e-19
306.534,1.62841e-19
306.543,1.62081e-19
306.552,1.62679e-19
306.561,1.62878e-19
306.57,1.62755e-19
306.579,1.62507e-19
306.588,1.6241e-19
306.598,1.63378e-19
306.607,1.63462e-19
306.616,1.63373e-19
306.625,1.63524e-19
306.634,1.64196e-19
306.643,1.6402e-19
306.652,1.641e-19
306.661,1.64957e-19
306.67,1.64244e-19
306.679,1.64675e-19
306.688,1.64488e-19
306.697,1.64079e-19
306.706,1.65259e-19
306.715,1.65609e-19
306.725,1.65828e-19
306.734,1.6545e-19
306.743,1.66189e-19
306.752,1.66731e-19
306.761,1.66413e-19
306.77,1.6703e-19
306.779,1.66682e-19
306.788,1.66791e-19
306.797,1.66327e-19
306.806,1.66827e-19
306.815,1.68226e-19
306.824,1.67796e-19
306.833,1.67996e-19
306.843,1.67631e-19
306.852,1.67481e-19
306.861,1.6769e-19
306.87,1.67971e-19
306.879,1.68543e-19
306.888,1.68324e-19
306.897,1.69016e-19
306.906,1.69354e-19
306.915,1.69807e-19
306.924,1.69526e-19
306.933,1.69184e-19
306.942,1.70479e-19
306.952,1.70658e-19
306.961,1.71021e-19
306.97,1.70864e-19
306.979,1.71008e-19
306.988,1.72203e-19
306.997,1.71835e-19
307.006,1.71542e-19
307.015,1.72099e-19
307.024,1.72594e-19
307.033,1.72306e-19
307.042,1.72255e-19
307.052,1.72818e-19
307.061,1.73066e-19
307.07,1.73203e-19
307.079,1.73694e-19
307.088,1.73855e-19
307.097,1.73535e-19
307.106,1.74026e-19
307.115,1.73636e-19
307.124,1.73823e-19
307.133,1.74184e-19
307.143,1.73303e-19
307.152,1.74198e-19
307.161,1.74179e-19
307.17,1.735e-19
307.179,1.73767e-19
307.188,1.73411e-19
307.197,1.73431e-19
307.206,1.73646e-19
307.215,1.73711e-19
307.224,1.74076e-19
307.234,1.74777e-19
307.243,1.74368e-19
307.252,1.74072e-19
307.261,1.7449e-19
307.27,1.73654e-19
307.279,1.73927e-19
307.288,1.74429e-19
307.297,1.73612e-19
307.306,1.73948e-19
307.316,1.73966e-19
307.325,1.73523e-19
307.334,1.74148e-19
307.343,1.73918e-19
307.352,1.73776e-19
307.361,1.7419e-19
307.37,1.74075e-19
307.379,1.73714e-19
307.388,1.73352e-19
307.398,1.74069e-19
307.407,1.74101e-19
307.416,1.73784e-19
307.425,1.73836e-19
307.434,1.73421e-19
307.443,1.7392e-19
307.452,1.74214e-19
307.461,1.73523e-19
307.47,1.7265e-19
307.48,1.73444e-19
307.489,1.73467e-19
307.498,1.72169e-19
307.507,1.7279e-19
307.516,1.72887e-19
307.525,1.72909e-19
307.534,1.72541e-19
307.543,1.72413e-19
307.553,1.72921e-19
307.562,1.7271e-19
307.571,1.72947e-19
307.58,1.71976e-19
307.589,1.71793e-19
307.598,1.71428e-19
307.607,1.71073e-19
307.616,1.71751e-19
307.626,1.71088e-19
307.635,1.7121e-19
307.644,1.70778e-19
307.653,1.70585e-19
307.662,1.70614e-19
307.671,1.70272e-19
307.68,1.70557e-19
307.689,1.69905e-19
307.699,1.69602e-19
307.708,1.69687e-19
307.717,1.69755e-19
307.726,1.69203e-19
307.735,1.695e-19
307.744,1.69493e-19
307.753,1.68468e-19
307.763,1.68795e-19
307.772,1.68318e-19
307.781,1.68507e-19
307.79,1.68012e-19
307.799,1.67061e-19
307.808,1.67719e-19
307.817,1.67446e-19
307.827,1.67159e-19
307.836,1.6748e-19
307.845,1.67517e-19
307.854,1.66714e-19
307.863,1.67344e-19
307.872,1.67017e-19
307.881,1.66041e-19
307.89,1.66988e-19
307.9,1.65952e-19
307.909,1.65884e-19
307.918,1.6639e-19
307.927,1.65907e-19
307.936,1.65973e-19
307.945,1.65923e-19
307.955,1.66131e-19
307.964,1.66139e-19
307.973,1.6651e-19
307.982,1.65793e-19
307.991,1.65524e-19
308,1.65876e-19
308.009,1.65518e-19
308.019,1.65639e-19
308.028,1.65653e-19
308.037,1.65806e-19
308.046,1.65096e-19
308.055,1.65057e-19
308.064,1.65234e-19
308.073,1.65118e-19
308.083,1.64984e-19
308.092,1.64108e-19
308.101,1.64469e-19
308.11,1.64536e-19
308.119,1.64857e-19
308.128,1.65122e-19
308.138,1.65069e-19
308.147,1.64534e-19
308.156,1.63662e-19
308.165,1.64627e-19
308.174,1.64445e-19
308.183,1.64248e-19
308.193,1.64244e-19
308.202,1.6416e-19
308.211,1.64601e-19
308.22,1.64203e-19
308.229,1.64092e-19
308.238,1.64109e-19
308.248,1.64439e-19
308.257,1.636e-19
308.266,1.64164e-19
308.275,1.64452e-19
308.284,1.63178e-19
308.293,1.6419e-19
308.303,1.63504e-19
308.312,1.63689e-19
308.321,1.6436e-19
308.33,1.63801e-19
308.339,1.64289e-19
308.348,1.63942e-19
308.358,1.64229e-19
308.367,1.64284e-19
308.376,1.64735e-19
308.385,1.64804e-19
308.394,1.64138e-19
308.403,1.6492e-19
308.413,1.64797e-19
308.422,1.64611e-19
308.431,1.6493e-19
308.44,1.64988e-19
308.449,1.65409e-19
308.458,1.65722e-19
308.468,1.65297e-19
308.477,1.66126e-19
308.486,1.66833e-19
308.495,1.66386e-19
308.504,1.67199e-19
308.514,1.66785e-19
308.523,1.67092e-19
308.532,1.67774e-19
308.541,1.67217e-19
308.55,1.68007e-19
308.559,1.68615e-19
308.569,1.69616e-19
308.578,1.69693e-19
308.587,1.69329e-19
308.596,1.70085e-19
308.605,1.70028e-19
308.615,1.70189e-19
308.624,1.70831e-19
308.633,1.71087e-19
308.642,1.71172e-19
308.651,1.71944e-19
308.661,1.72052e-19
308.67,1.72291e-19
308.679,1.73515e-19
308.688,1.73601e-19
308.697,1.73604e-19
308.706,1.7429e-19
308.716,1.74775e-19
308.725,1.74383e-19
308.734,1.74873e-19
308.743,1.7577e-19
308.752,1.76066e-19
308.762,1.77192e-19
308.771,1.77547e-19
308.78,1.77523e-19
308.789,1.7794e-19
308.798,1.78554e-19
308.808,1.79321e-19
308.817,1.7964e-19
308.826,1.79569e-19
308.835,1.80531e-19
308.844,1.81812e-19
308.854,1.81628e-19
308.863,1.82128e-19
308.872,1.8203e-19
308.881,1.82296e-19
308.89,1.83451e-19
308.9,1.83737e-19
308.909,1.8479e-19
308.918,1.84639e-19
308.927,1.85551e-19
308.936,1.86364e-19
308.946,1.85952e-19
308.955,1.86987e-19
308.964,1.86853e-19
308.973,1.87056e-19
308.982,1.8729e-19
308.992,1.88041e-19
309.001,1.88768e-19
309.01,1.88246e-19
309.019,1.88505e-19
309.029,1.88358e-19
309.038,1.89901e-19
309.047,1.9062e-19
309.056,1.89323e-19
309.065,1.89577e-19
309.075,1.90092e-19
309.084,1.90538e-19
309.093,1.90852e-19
309.102,1.90916e-19
309.111,1.90645e-19
309.121,1.91205e-19
309.13,1.9159e-19
309.139,1.9118e-19
309.148,1.91561e-19
309.158,1.91627e-19
309.167,1.9184e-19
309.176,1.92208e-19
309.185,1.92492e-19
309.194,1.92117e-19
309.204,1.92432e-19
309.213,1.92614e-19
309.222,1.91423e-19
309.231,1.92204e-19
309.241,1.92254e-19
309.25,1.92505e-19
309.259,1.93262e-19
309.268,1.92811e-19
309.277,1.93308e-19
309.287,1.92472e-19
309.296,1.92406e-19
309.305,1.93134e-19
309.314,1.93476e-19
309.324,1.93575e-19
309.333,1.92919e-19
309.342,1.93524e-19
309.351,1.93194e-19
309.361,1.93405e-19
309.37,1.93782e-19
309.379,1.93311e-19
309.388,1.93861e-19
309.397,1.93323e-19
309.407,1.93265e-19
309.416,1.93826e-19
309.425,1.94336e-19
309.434,1.94151e-19
309.444,1.93399e-19
309.453,1.93976e-19
309.462,1.94331e-19
309.471,1.94077e-19
309.481,1.93419e-19
309.49,1.94154e-19
309.499,1.94776e-19
309.508,1.93963e-19
309.518,1.942e-19
309.527,1.93706e-19
309.536,1.93531e-19
309.545,1.94131e-19
309.554,1.94095e-19
309.564,1.94003e-19
309.573,1.93458e-19
309.582,1.93454e-19
309.591,1.93786e-19
309.601,1.93459e-19
309.61,1.93021e-19
309.619,1.92877e-19
309.628,1.92839e-19
309.638,1.92608e-19
309.647,1.92376e-19
309.656,1.92768e-19
309.665,1.92712e-19
309.675,1.92262e-19
309.684,1.91982e-19
309.693,1.91259e-19
309.702,1.92049e-19
309.712,1.92051e-19
309.721,1.91324e-19
309.73,1.91741e-19
309.739,1.90774e-19
309.749,1.90952e-19
309.758,1.90833e-19
309.767,1.89632e-19
309.776,1.89428e-19
309.786,1.89358e-19
309.795,1.89839e-19
309.804,1.89205e-19
309.813,1.89016e-19
309.823,1.891e-19
309.832,1.8862e-19
309.841,1.88927e-19
309.851,1.88601e-19
309.86,1.88507e-19
309.869,1.88045e-19
309.878,1.87154e-19
309.888,1.87114e-19
309.897,1.87242e-19
309.906,1.87024e-19
309.915,1.8706e-19
309.925,1.8697e-19
309.934,1.86308e-19
309.943,1.87049e-19
309.952,1.87272e-19
309.962,1.86475e-19
309.971,1.86345e-19
309.98,1.86277e-19
309.99,1.85847e-19
309.999,1.84918e-19
310.008,1.85026e-19
310.017,1.85337e-19
310.027,1.85134e-19
310.036,1.84683e-19
310.045,1.84378e-19
310.054,1.84737e-19
310.064,1.84798e-19
310.073,1.84798e-19
310.082,1.84547e-19
310.091,1.84505e-19
310.101,1.83924e-19
310.11,1.83848e-19
310.119,1.84377e-19
310.129,1.84035e-19
310.138,1.84667e-19
310.147,1.84168e-19
310.156,1.83897e-19
310.166,1.84255e-19
310.175,1.83828e-19
310.184,1.84791e-19
310.194,1.84431e-19
310.203,1.8382e-19
310.212,1.84331e-19
310.221,1.83802e-19
310.231,1.83577e-19
310.24,1.8447e-19
310.249,1.8442e-19
310.259,1.83989e-19
310.268,1.84455e-19
310.277,1.84384e-19
310.286,1.84896e-19
310.296,1.84824e-19
310.305,1.84491e-19
310.314,1.85051e-19
310.324,1.84584e-19
310.333,1.8462e-19
310.342,1.84597e-19
310.351,1.84373e-19
310.361,1.84811e-19
310.37,1.85395e-19
310.379,1.85296e-19
310.389,1.84999e-19
310.398,1.85521e-19
310.407,1.85046e-19
310.416,1.85174e-19
310.426,1.85483e-19
310.435,1.85698e-19
310.444,1.86266e-19
310.454,1.85508e-19
310.463,1.8619e-19
310.472,1.86534e-19
310.482,1.85792e-19
310.491,1.86568e-19
310.5,1.86877e-19
310.509,1.86337e-19
310.519,1.86721e-19
310.528,1.87525e-19
310.537,1.87195e-19
310.547,1.87237e-19
310.556,1.87729e-19
310.565,1.8793e-19
310.575,1.88102e-19
310.584,1.88151e-19
310.593,1.88621e-19
310.602,1.88535e-19
310.612,1.88884e-19
310.621,1.89754e-19
310.63,1.89546e-19
310.64,1.89347e-19
310.649,1.89623e-19
310.658,1.89836e-19
310.668,1.90011e-19
310.677,1.90404e-19
310.686,1.9058e-19
310.696,1.90848e-19
310.705,1.91464e-19
310.714,1.91907e-19
310.723,1.9198e-19
310.733,1.91592e-19
310.742,1.91637e-19
310.751,1.91944e-19
310.761,1.92082e-19
310.77,1.92675e-19
310.779,1.93148e-19
310.789,1.92946e-19
310.798,1.92835e-19
310.807,1.93374e-19
310.817,1.94009e-19
310.826,1.93369e-19
310.835,1.93185e-19
310.845,1.94591e-19
310.854,1.94106e-19
310.863,1.93418e-19
310.873,1.93929e-19
310.882,1.93592e-19
310.891,1.93979e-19
310.901,1.94212e-19
310.91,1.94055e-19
310.919,1.94332e-19
310.928,1.94152e-19
310.938,1.94381e-19
310.947,1.94357e-19
310.956,1.93767e-19
310.966,1.94494e-19
310.975,1.94976e-19
310.984,1.94211e-19
310.994,1.94416e-19
311.003,1.94281e-19
311.012,1.94374e-19
311.022,1.9502e-19
311.031,1.94797e-19
311.04,1.95212e-19
311.05,1.94923e-19
311.059,1.95293e-19
311.068,1.95362e-19
311.078,1.9423e-19
311.087,1.95322e-19
311.096,1.95143e-19
311.106,1.94918e-19
311.115,1.95524e-19
311.124,1.94835e-19
311.134,1.9546e-19
311.143,1.95752e-19
311.152,1.96022e-19
311.162,1.96127e-19
311.171,1.95368e-19
311.18,1.96085e-19
311.19,1.96199e-19
311.199,1.96272e-19
311.209,1.97077e-19
311.218,1.96806e-19
311.227,1.96547e-19
311.237,1.96567e-19
311.246,1.96815e-19
311.255,1.96729e-19
311.265,1.96826e-19
311.274,1.97669e-19
311.283,1.9762e-19
311.293,1.97449e-19
311.302,1.97561e-19
311.311,1.98113e-19
311.321,1.98748e-19
311.33,1.98816e-19
311.339,1.99352e-19
311.349,1.99513e-19
311.358,1.99308e-19
311.367,1.9936e-19
311.377,1.99705e-19
311.386,1.99481e-19
311.395,1.99643e-19
311.405,2.00794e-19
311.414,2.00313e-19
311.424,2.00385e-19
311.433,2.00412e-19
311.442,1.99926e-19
311.452,2.00917e-19
311.461,2.0108e-19
311.47,2.01142e-19
311.48,2.0129e-19
311.489,2.01617e-19
311.498,2.01407e-19
311.508,2.00979e-19
311.517,2.01568e-19
311.526,2.01169e-19
311.536,2.01714e-19
311.545,2.02123e-19
311.555,2.01762e-19
311.564,2.01872e-19
311.573,2.01293e-19
311.583,2.01551e-19
311.592,2.01709e-19
311.601,2.01587e-19
311.611,2.01797e-19
311.62,2.01496e-19
311.629,2.01141e-19
311.639,2.01234e-19
311.648,2.01003e-19
311.658,2.00966e-19
311.667,2.01465e-19
311.676,2.00438e-19
311.686,2.00234e-19
311.695,2.00628e-19
311.704,2.00113e-19
311.714,2.00432e-19
311.723,2.00632e-19
311.733,2.00399e-19
311.742,1.99743e-19
311.751,2.00154e-19
311.761,1.99843e-19
311.77,1.98781e-19
311.779,1.99496e-19
311.789,1.99266e-19
311.798,1.99411e-19
311.808,1.99262e-19
311.817,1.98682e-19
311.826,1.99289e-19
311.836,1.98813e-19
311.845,1.98832e-19
311.854,1.99062e-19
311.864,1.9868e-19
311.873,1.98918e-19
311.883,1.9929e-19
311.892,1.98577e-19
311.901,1.98041e-19
311.911,1.99012e-19
311.92,1.99048e-19
311.93,1.99144e-19
311.939,1.99859e-19
311.948,1.9957e-19
311.958,1.98919e-19
311.967,1.98814e-19
311.976,1.99349e-19
311.986,1.99365e-19
311.995,1.99763e-19
312.005,1.99993e-19
312.014,1.99993e-19
312.023,2.00738e-19
312.033,2.0068e-19
312.042,2.00673e-19
312.052,2.00674e-19
312.061,2.01119e-19
312.07,2.01517e-19
312.08,2.01139e-19
312.089,2.02226e-19
312.099,2.0259e-19
312.108,2.02409e-19
312.117,2.02946e-19
312.127,2.02985e-19
312.136,2.03282e-19
312.146,2.03358e-19
312.155,2.03916e-19
312.164,2.04585e-19
312.174,2.04435e-19
312.183,2.04452e-19
312.193,2.04822e-19
312.202,2.05615e-19
312.211,2.05774e-19
312.221,2.05557e-19
312.23,2.06001e-19
312.24,2.06615e-19
312.249,2.07078e-19
312.258,2.0738e-19
312.268,2.0756e-19
312.277,2.08154e-19
312.287,2.08421e-19
312.296,2.08395e-19
312.305,2.09625e-19
312.315,2.09789e-19
312.324,2.10118e-19
312.334,2.11072e-19
312.343,2.10744e-19
312.352,2.11664e-19
312.362,2.11656e-19
312.371,2.11745e-19
312.381,2.12376e-19
312.39,2.11767e-19
312.399,2.12401e-19
312.409,2.12713e-19
312.418,2.12792e-19
312.428,2.12504e-19
312.437,2.12856e-19
312.447,2.13142e-19
312.456,2.12457e-19
312.465,2.13518e-19
312.475,2.1346e-19
312.484,2.13941e-19
312.494,2.14298e-19
312.503,2.14055e-19
312.512,2.14981e-19
312.522,2.13755e-19
312.531,2.13759e-19
312.541,2.14164e-19
312.55,2.13813e-19
312.56,2.13952e-19
312.569,2.13519e-19
312.578,2.14395e-19
312.588,2.14431e-19
312.597,2.13716e-19
312.607,2.1399e-19
312.616,2.14025e-19
312.626,2.13748e-19
312.635,2.13994e-19
312.644,2.13895e-19
312.654,2.13366e-19
312.663,2.13778e-19
312.673,2.13946e-19
312.682,2.13849e-19
312.692,2.13328e-19
312.701,2.13457e-19
312.71,2.13427e-19
312.72,2.13019e-19
312.729,2.14126e-19
312.739,2.13352e-19
312.748,2.13015e-19
312.758,2.13206e-19
312.767,2.12426e-19
312.776,2.13369e-19
312.786,2.13288e-19
312.795,2.12849e-19
312.805,2.12565e-19
312.814,2.12088e-19
312.824,2.13003e-19
312.833,2.12904e-19
312.843,2.11697e-19
312.852,2.11761e-19
312.861,2.12027e-19
312.871,2.11467e-19
312.88,2.11336e-19
312.89,2.11315e-19
312.899,2.11656e-19
312.909,2.11694e-19
312.918,2.11172e-19
312.928,2.11286e-19
312.937,2.10513e-19
312.946,2.10138e-19
312.956,2.10465e-19
312.965,2.10012e-19
312.975,2.10137e-19
312.984,2.10106e-19
312.994,2.09775e-19
313.003,2.1056e-19
313.013,2.10243e-19
313.022,2.09193e-19
313.031,2.09452e-19
313.041,2.08989e-19
313.05,2.09008e-19
313.06,2.09313e-19
313.069,2.08756e-19
313.079,2.09125e-19
313.088,2.08904e-19
313.098,2.08065e-19
313.107,2.08407e-19
313.117,2.08613e-19
313.126,2.07581e-19
313.135,2.08097e-19
313.145,2.08382e-19
313.154,2.0741e-19
313.164,2.08009e-19
313.173,2.07251e-19
313.183,2.06758e-19
313.192,2.07276e-19
313.202,2.0743e-19
313.211,2.07405e-19
313.221,2.06085e-19
313.23,2.06159e-19
313.24,2.0652e-19
313.249,2.06568e-19
313.258,2.05865e-19
313.268,2.05209e-19
313.277,2.05828e-19
313.287,2.04703e-19
313.296,2.05145e-19
313.306,2.05811e-19
313.315,2.04841e-19
313.325,2.0534e-19
313.334,2.05364e-19
313.344,2.04758e-19
313.353,2.04315e-19
313.363,2.03844e-19
313.372,2.03367e-19
313.382,2.03383e-19
313.391,2.0334e-19
313.401,2.03059e-19
313.41,2.03292e-19
313.419,2.02946e-19
313.429,2.02733e-19
313.438,2.02757e-19
313.448,2.02571e-19
313.457,2.02505e-19
313.467,2.01995e-19
313.476,2.01447e-19
313.486,2.01853e-19
313.495,2.01864e-19
313.505,2.00664e-19
313.514,2.00713e-19
313.524,2.01386e-19
313.533,2.0089e-19
313.543,2.00306e-19
313.552,2.00604e-19
313.562,2.00916e-19
313.571,2.00516e-19
313.581,2.00163e-19
313.59,1.99855e-19
313.6,1.99862e-19
313.609,2.00218e-19
313.619,1.99911e-19
313.628,1.9957e-19
313.638,2.0046e-19
313.647,2.00399e-19
313.657,1.99304e-19
313.666,1.9981e-19
313.675,1.99984e-19
313.685,1.9951e-19
313.694,1.99839e-19
313.704,2.00391e-19
313.713,1.99763e-19
313.723,1.99689e-19
313.732,2.00315e-19
313.742,1.99231e-19
313.751,1.99951e-19
313.761,2.00601e-19
313.77,2.00102e-19
313.78,2.00604e-19
313.789,1.99805e-19
313.799,1.99777e-19
313.808,2.00246e-19
313.818,1.99923e-19
313.827,1.99992e-19
313.837,2.00443e-19
313.846,2.00092e-19
313.856,1.99843e-19
313.865,2.00518e-19
313.875,2.00578e-19
313.884,2.01117e-19
313.894,2.00691e-19
313.903,2.00857e-19
313.913,2.00965e-19
313.922,1.99741e-19
313.932,2.00972e-19
313.941,2.01674e-19
313.951,2.01887e-19
313.96,2.01268e-19
313.97,2.00453e-19
313.979,2.01171e-19
313.989,2.01159e-19
313.999,2.01784e-19
314.008,2.0157e-19
314.018,2.01298e-19
314.027,2.01305e-19
314.037,2.01131e-19
314.046,2.01764e-19
314.056,2.0124e-19
314.065,2.01154e-19
314.075,2.01846e-19
314.084,2.02195e-19
314.094,2.02143e-19
314.103,2.02292e-19
314.113,2.02518e-19
314.122,2.02557e-19
314.132,2.02457e-19
314.141,2.02431e-19
314.151,2.02652e-19
314.16,2.02191e-19
314.17,2.03187e-19
314.179,2.03366e-19
314.189,2.03245e-19
314.198,2.0405e-19
314.208,2.03074e-19
314.217,2.03634e-19
314.227,2.04588e-19
314.236,2.04867e-19
314.246,2.03978e-19
314.255,2.03685e-19
314.265,2.04739e-19
314.275,2.03803e-19
314.284,2.04352e-19
314.294,2.04702e-19
314.303,2.04918e-19
314.313,2.05756e-19
314.322,2.05558e-19
314.332,2.05929e-19
314.341,2.05684e-19
314.351,2.06349e-19
314.36,2.06886e-19
314.37,2.07145e-19
314.379,2.07475e-19
314.389,2.07666e-19
314.398,2.08735e-19
314.408,2.08473e-19
314.418,2.08839e-19
314.427,2.09288e-19
314.437,2.08598e-19
314.446,2.09615e-19
314.456,2.10715e-19
314.465,2.0998e-19
314.475,2.10517e-19
314.484,2.114e-19
314.494,2.11428e-19
314.503,2.12954e-19
314.513,2.12534e-19
314.522,2.12762e-19
314.532,2.13906e-19
314.542,2.1289e-19
314.551,2.1356e-19
314.561,2.14435e-19
314.57,2.14894e-19
314.58,2.15088e-19
314.589,2.15937e-19
314.599,2.16578e-19
314.608,2.15767e-19
314.618,2.16154e-19
314.627,2.16704e-19
314.637,2.17986e-19
314.647,2.17543e-19
314.656,2.17694e-19
314.666,2.19818e-19
314.675,2.188e-19
314.685,2.19118e-19
314.694,2.2015e-19
314.704,2.20084e-19
314.713,2.2064e-19
314.723,2.20429e-19
314.733,2.2089e-19
314.742,2.21671e-19
314.752,2.22127e-19
314.761,2.22037e-19
314.771,2.21652e-19
314.78,2.22768e-19
314.79,2.23788e-19
314.799,2.23442e-19
314.809,2.23326e-19
314.819,2.24417e-19
314.828,2.25033e-19
314.838,2.24731e-19
314.847,2.25356e-19
314.857,2.25716e-19
314.866,2.25641e-19
314.876,2.25945e-19
314.885,2.25784e-19
314.895,2.25999e-19
314.905,2.26297e-19
314.914,2.26943e-19
314.924,2.27379e-19
314.933,2.27332e-19
314.943,2.27496e-19
314.952,2.27439e-19
314.962,2.28224e-19
314.972,2.28295e-19
314.981,2.28617e-19
314.991,2.28513e-19
315,2.27836e-19
315.01,2.29426e-19
315.019,2.29456e-19
315.029,2.29004e-19
315.039,2.28949e-19
315.048,2.28681e-19
315.058,2.29168e-19
315.067,2.29568e-19
315.077,2.30006e-19
315.086,2.29172e-19
315.096,2.29102e-19
315.106,2.2908e-19
315.115,2.29257e-19
315.125,2.29771e-19
315.134,2.28957e-19
315.144,2.29128e-19
315.153,2.28578e-19
315.163,2.27602e-19
315.173,2.27919e-19
315.182,2.28809e-19
315.192,2.28194e-19
315.201,2.27231e-19
315.211,2.27393e-19
315.221,2.27071e-19
315.23,2.27338e-19
315.24,2.26498e-19
315.249,2.26322e-19
315.259,2.26472e-19
315.268,2.25626e-19
315.278,2.26101e-19
315.288,2.25927e-19
315.297,2.25566e-19
315.307,2.24672e-19
315.316,2.24114e-19
315.326,2.2415e-19
315.336,2.24533e-19
315.345,2.24532e-19
315.355,2.23233e-19
315.364,2.23561e-19
315.374,2.23312e-19
315.384,2.22707e-19
315.393,2.22416e-19
315.403,2.22191e-19
315.412,2.22494e-19
315.422,2.22469e-19
315.432,2.22736e-19
315.441,2.22285e-19
315.451,2.21393e-19
315.46,2.20524e-19
315.47,2.21313e-19
315.48,2.21209e-19
315.489,2.21011e-19
315.499,2.21505e-19
315.508,2.20173e-19
315.518,2.21433e-19
315.528,2.2133e-19
315.537,2.20123e-19
315.547,2.19881e-19
315.556,2.19689e-19
315.566,2.20174e-19
315.576,2.19625e-19
315.585,2.20387e-19
315.595,2.19465e-19
315.604,2.19321e-19
315.614,2.19409e-19
315.624,2.18973e-19
315.633,2.20415e-19
315.643,2.19383e-19
315.652,2.19449e-19
315.662,2.19005e-19
315.672,2.18521e-19
315.681,2.19029e-19
315.691,2.18412e-19
315.701,2.18474e-19
315.71,2.18085e-19
315.72,2.18524e-19
315.729,2.18152e-19
315.739,2.17612e-19
315.749,2.17941e-19
315.758,2.18693e-19
315.768,2.18157e-19
315.777,2.17254e-19
315.787,2.17806e-19
315.797,2.17052e-19
315.806,2.17977e-19
315.816,2.17638e-19
315.826,2.17063e-19
315.835,2.17051e-19
315.845,2.16455e-19
315.854,2.17315e-19
315.864,2.16101e-19
315.874,2.16152e-19
315.883,2.15907e-19
315.893,2.15867e-19
315.903,2.16048e-19
315.912,2.15288e-19
315.922,2.1535e-19
315.931,2.1511e-19
315.941,2.16356e-19
315.951,2.14977e-19
315.96,2.15672e-19
315.97,2.1605e-19
315.98,2.14438e-19
315.989,2.15289e-19
315.999,2.14204e-19
316.008,2.14871e-19
316.018,2.14497e-19
316.028,2.14029e-19
316.037,2.12932e-19
316.047,2.1217e-19
316.057,2.14931e-19
316.066,2.14776e-19
316.076,2.14033e-19
316.086,2.13084e-19
316.095,2.13118e-19
316.105,2.1316e-19
316.114,2.14137e-19
316.124,2.13647e-19
316.134,2.12171e-19
316.143,2.13985e-19
316.153,2.12984e-19
316.163,2.13499e-19
316.172,2.13091e-19
316.182,2.1295e-19
316.192,2.13181e-19
316.201,2.12732e-19
316.211,2.13214e-19
316.221,2.12415e-19
316.23,2.14535e-19
316.24,2.12203e-19
316.249,2.1262e-19
316.259,2.12251e-19
316.269,2.11929e-19
316.278,2.13585e-19
316.288,2.10516e-19
316.298,2.13188e-19
316.307,2.09714e-19
316.317,2.11864e-19
316.327,2.11181e-19
316.336,2.10221e-19
316.346,2.12081e-19
316.356,2.05833e-19
316.365,2.15451e-19
316.375,1.92056e-19
316.385,1.8936e-19
316.394,2.3184e-19
316.404,2.1861e-19
316.414,2.14726e-19
316.423,2.18925e-19
316.433,2.12938e-19
316.442,2.18197e-19
316.452,2.13692e-19
316.462,2.16186e-19
316.471,2.15634e-19
316.481,2.15928e-19
316.491,2.15516e-19
316.5,2.13626e-19
316.51,2.15988e-19
316.52,2.1455e-19
316.529,2.17022e-19
316.539,2.15061e-19
316.549,2.16259e-19
316.558,2.16657e-19
316.568,2.15809e-19
316.578,2.18274e-19
316.587,2.16454e-19
316.597,2.17719e-19
316.607,2.16315e-19
316.616,2.16859e-19
316.626,2.17755e-19
316.636,2.17533e-19
316.645,2.18644e-19
316.655,2.1771e-19
316.665,2.19431e-19
316.674,2.19184e-19
316.684,2.20144e-19
316.694,2.20099e-19
316.704,2.19406e-19
316.713,2.21266e-19
316.723,2.21179e-19
316.733,2.20544e-19
316.742,2.19992e-19
316.752,2.21761e-19
316.762,2.22183e-19
316.771,2.21695e-19
316.781,2.21656e-19
316.791,2.22318e-19
316.8,2.22853e-19
316.81,2.22227e-19
316.82,2.23805e-19
316.829,2.23718e-19
316.839,2.23393e-19
316.849,2.23886e-19
316.858,2.24471e-19
316.868,2.24065e-19
316.878,2.24163e-19
316.887,2.25452e-19
316.897,2.25057e-19
316.907,2.26246e-19
316.916,2.25849e-19
316.926,2.26119e-19
316.936,2.25966e-19
316.946,2.26074e-19
316.955,2.28014e-19
316.965,2.26893e-19
316.975,2.28061e-19
316.984,2.27185e-19
316.994,2.27116e-19
317.004,2.28681e-19
317.013,2.2817e-19
317.023,2.29363e-19
317.033,2.29194e-19
317.042,2.3012e-19
317.052,2.29425e-19
317.062,2.29863e-19
317.072,2.31378e-19
317.081,2.30403e-19
317.091,2.31299e-19
317.101,2.30815e-19
317.11,2.31426e-19
317.12,2.3203e-19
317.13,2.32189e-19
317.139,2.33237e-19
317.149,2.32698e-19
317.159,2.33591e-19
317.169,2.34786e-19
317.178,2.34166e-19
317.188,2.33569e-19
317.198,2.34926e-19
317.207,2.3527e-19
317.217,2.35505e-19
317.227,2.36677e-19
317.236,2.36499e-19
317.246,2.37063e-19
317.256,2.37028e-19
317.266,2.37029e-19
317.275,2.38101e-19
317.285,2.388e-19
317.295,2.3882e-19
317.304,2.38798e-19
317.314,2.39324e-19
317.324,2.40227e-19
317.334,2.40702e-19
317.343,2.40441e-19
317.353,2.41624e-19
317.363,2.41629e-19
317.372,2.41357e-19
317.382,2.42693e-19
317.392,2.43097e-19
317.402,2.43323e-19
317.411,2.43495e-19
317.421,2.44335e-19
317.431,2.44575e-19
317.44,2.45119e-19
317.45,2.46249e-19
317.46,2.46638e-19
317.47,2.47269e-19
317.479,2.46653e-19
317.489,2.46711e-19
317.499,2.47377e-19
317.509,2.47438e-19
317.518,2.48245e-19
317.528,2.49433e-19
317.538,2.4924e-19
317.547,2.48895e-19
317.557,2.49628e-19
317.567,2.49636e-19
317.577,2.50796e-19
317.586,2.51635e-19
317.596,2.51533e-19
317.606,2.51074e-19
317.616,2.50965e-19
317.625,2.52618e-19
317.635,2.52164e-19
317.645,2.51641e-19
317.654,2.52196e-19
317.664,2.52196e-19
317.674,2.5214e-19
317.684,2.51877e-19
317.693,2.52251e-19
317.703,2.5275e-19
317.713,2.52996e-19
317.723,2.52558e-19
317.732,2.52962e-19
317.742,2.52998e-19
317.752,2.53208e-19
317.762,2.53981e-19
317.771,2.52836e-19
317.781,2.53128e-19
317.791,2.53234e-19
317.801,2.52021e-19
317.81,2.52082e-19
317.82,2.5297e-19
317.83,2.52992e-19
317.839,2.52285e-19
317.849,2.52803e-19
317.859,2.52865e-19
317.869,2.52675e-19
317.878,2.52817e-19
317.888,2.5256e-19
317.898,2.51851e-19
317.908,2.51641e-19
317.917,2.52132e-19
317.927,2.51871e-19
317.937,2.52344e-19
317.947,2.52365e-19
317.956,2.51343e-19
317.966,2.51819e-19
317.976,2.52164e-19
317.986,2.50456e-19
317.995,2.50386e-19
318.005,2.51202e-19
318.015,2.50047e-19
318.025,2.51026e-19
318.035,2.51919e-19
318.044,2.51621e-19
318.054,2.51816e-19
318.064,2.50963e-19
318.074,2.50816e-19
318.083,2.51235e-19
318.093,2.50735e-19
318.103,2.50014e-19
318.113,2.5085e-19
318.122,2.50974e-19
318.132,2.50505e-19
318.142,2.51273e-19
318.152,2.51479e-19
318.161,2.50987e-19
318.171,2.50864e-19
318.181,2.51509e-19
318.191,2.50731e-19
318.2,2.51399e-19
318.21,2.51122e-19
318.22,2.49833e-19
318.23,2.51992e-19
318.24,2.50757e-19
318.249,2.5003e-19
318.259,2.51214e-19
318.269,2.50124e-19
318.279,2.4922e-19
318.288,2.49357e-19
318.298,2.50008e-19
318.308,2.49357e-19
318.318,2.49919e-19
318.327,2.49323e-19
318.337,2.49118e-19
318.347,2.4959e-19
318.357,2.47626e-19
318.367,2.48609e-19
318.376,2.49163e-19
318.386,2.4809e-19
318.396,2.47665e-19
318.406,2.48149e-19
318.415,2.48437e-19
318.425,2.47403e-19
318.435,2.46972e-19
318.445,2.45932e-19
318.455,2.4646e-19
318.464,2.46977e-19
318.474,2.46519e-19
318.484,2.46088e-19
318.494,2.45646e-19
318.503,2.45879e-19
318.513,2.45175e-19
318.523,2.45093e-19
318.533,2.43917e-19
318.543,2.43444e-19
318.552,2.44423e-19
318.562,2.44196e-19
318.572,2.43833e-19
318.582,2.43357e-19
318.592,2.44036e-19
318.601,2.43443e-19
318.611,2.42968e-19
318.621,2.4328e-19
318.631,2.4273e-19
318.641,2.42885e-19
318.65,2.42316e-19
318.66,2.41667e-19
318.67,2.41547e-19
318.68,2.42394e-19
318.69,2.4211e-19
318.699,2.40773e-19
318.709,2.40706e-19
318.719,2.40683e-19
318.729,2.40236e-19
318.739,2.39831e-19
318.748,2.40233e-19
318.758,2.3959e-19
318.768,2.39876e-19
318.778,2.40299e-19
318.788,2.40017e-19
318.797,2.41105e-19
318.807,2.40255e-19
318.817,2.40238e-19
318.827,2.40212e-19
318.837,2.3916e-19
318.846,2.39637e-19
318.856,2.39622e-19
318.866,2.39313e-19
318.876,2.39293e-19
318.886,2.39385e-19
318.895,2.38369e-19
318.905,2.38154e-19
318.915,2.38683e-19
318.925,2.38482e-19
318.935,2.38699e-19
318.944,2.38781e-19
318.954,2.38971e-19
318.964,2.38394e-19
318.974,2.38281e-19
318.984,2.38485e-19
318.994,2.38948e-19
319.003,2.38936e-19
319.013,2.38277e-19
319.023,2.39016e-19
319.033,2.38095e-19
319.043,2.38143e-19
319.052,2.38412e-19
319.062,2.38041e-19
319.072,2.39536e-19
319.082,2.38543e-19
319.092,2.37997e-19
319.102,2.38893e-19
319.111,2.38886e-19
319.121,2.39061e-19
319.131,2.3872e-19
319.141,2.38783e-19
319.151,2.38867e-19
319.16,2.38111e-19
319.17,2.38157e-19
319.18,2.39336e-19
319.19,2.39188e-19
319.2,2.38471e-19
319.21,2.39287e-19
319.219,2.38974e-19
319.229,2.37296e-19
319.239,2.37892e-19
319.249,2.38497e-19
319.259,2.37881e-19
319.269,2.38681e-19
319.278,2.38553e-19
319.288,2.38807e-19
319.298,2.39266e-19
319.308,2.38577e-19
319.318,2.39305e-19
319.328,2.39217e-19
319.337,2.38837e-19
319.347,2.39117e-19
319.357,2.3931e-19
319.367,2.3921e-19
319.377,2.39296e-19
319.387,2.40213e-19
319.396,2.39682e-19
319.406,2.3956e-19
319.416,2.39451e-19
319.426,2.38903e-19
319.436,2.40167e-19
319.446,2.40207e-19
319.455,2.39643e-19
319.465,2.40411e-19
319.475,2.40532e-19
319.485,2.40693e-19
319.495,2.41548e-19
319.505,2.41291e-19
319.515,2.40631e-19
319.524,2.41367e-19
319.534,2.42112e-19
319.544,2.41461e-19
319.554,2.42344e-19
319.564,2.43371e-19
319.574,2.42656e-19
319.584,2.43728e-19
319.593,2.43671e-19
319.603,2.43859e-19
319.613,2.45341e-19
319.623,2.4461e-19
319.633,2.45e-19
319.643,2.45219e-19
319.652,2.45701e-19
319.662,2.46812e-19
319.672,2.46904e-19
319.682,2.47873e-19
319.692,2.48084e-19
319.702,2.48249e-19
319.712,2.48825e-19
319.721,2.4905e-19
319.731,2.49304e-19
319.741,2.49507e-19
319.751,2.50058e-19
319.761,2.50876e-19
319.771,2.50952e-19
319.781,2.51211e-19
319.791,2.52318e-19
319.8,2.51696e-19
319.81,2.51926e-19
319.82,2.5298e-19
319.83,2.53471e-19
319.84,2.54798e-19
319.85,2.54747e-19
319.86,2.54652e-19
319.869,2.55078e-19
319.879,2.55605e-19
319.889,2.55163e-19
319.899,2.55077e-19
319.909,2.56753e-19
319.919,2.57039e-19
319.929,2.57573e-19
319.939,2.58075e-19
319.948,2.58023e-19
319.958,2.58004e-19
319.968,2.5887e-19
319.978,2.59789e-19
319.988,2.58575e-19
319.998,2.59133e-19
320.008,2.59816e-19
320.018,2.59517e-19
320.027,2.60123e-19
320.037,2.60431e-19
320.047,2.61018e-19
320.057,2.61599e-19
320.067,2.62336e-19
320.077,2.62409e-19
320.087,2.61907e-19
320.097,2.62054e-19
320.106,2.62627e-19
320.116,2.63011e-19
320.126,2.6329e-19
320.136,2.63328e-19
320.146,2.63301e-19
320.156,2.63964e-19
320.166,2.64261e-19
320.176,2.64434e-19
320.186,2.63907e-19
320.195,2.64845e-19
320.205,2.65888e-19
320.215,2.64985e-19
320.225,2.65951e-19
320.235,2.6543e-19
320.245,2.64823e-19
320.255,2.65467e-19
320.265,2.65365e-19
320.275,2.66051e-19
320.284,2.66219e-19
320.294,2.66847e-19
320.304,2.67023e-19
320.314,2.66887e-19
320.324,2.67159e-19
320.334,2.67632e-19
320.344,2.67456e-19
320.354,2.66626e-19
320.364,2.66938e-19
320.374,2.66308e-19
320.383,2.66882e-19
320.393,2.67084e-19
320.403,2.66711e-19
320.413,2.6763e-19
320.423,2.66599e-19
320.433,2.66515e-19
320.443,2.66762e-19
320.453,2.66368e-19
320.463,2.66058e-19
320.473,2.66117e-19
320.483,2.66429e-19
320.492,2.65683e-19
320.502,2.65858e-19
320.512,2.65691e-19
320.522,2.65396e-19
320.532,2.65329e-19
320.542,2.65066e-19
320.552,2.64687e-19
320.562,2.63949e-19
320.572,2.64195e-19
320.582,2.63876e-19
320.592,2.63296e-19
320.601,2.62406e-19
320.611,2.61862e-19
320.621,2.6211e-19
320.631,2.61895e-19
320.641,2.6188e-19
320.651,2.61562e-19
320.661,2.6168e-19
320.671,2.60713e-19
320.681,2.59734e-19
320.691,2.59684e-19
320.701,2.58588e-19
320.711,2.58672e-19
320.72,2.58691e-19
320.73,2.57738e-19
320.74,2.57657e-19
320.75,2.57836e-19
320.76,2.5752e-19
320.77,2.565e-19
320.78,2.55596e-19
320.79,2.56181e-19
320.8,2.5657e-19
320.81,2.55222e-19
320.82,2.54642e-19
320.83,2.5528e-19
320.84,2.55656e-19
320.849,2.54926e-19
320.859,2.54733e-19
320.869,2.54938e-19
320.879,2.54348e-19
320.889,2.54688e-19
320.899,2.5401e-19
320.909,2.5374e-19
320.919,2.54258e-19
320.929,2.53989e-19
320.939,2.54169e-19
320.949,2.5404e-19
320.959,2.54522e-19
320.969,2.53688e-19
320.979,2.5332e-19
320.989,2.53901e-19
320.999,2.52404e-19
321.008,2.53141e-19
321.018,2.54291e-19
321.028,2.53274e-19
321.038,2.53208e-19
321.048,2.53628e-19
321.058,2.53463e-19
321.068,2.53896e-19
321.078,2.53776e-19
321.088,2.5249e-19
321.098,2.52682e-19
321.108,2.53531e-19
321.118,2.53381e-19
321.128,2.52576e-19
321.138,2.52438e-19
321.148,2.5232e-19
321.158,2.51782e-19
321.168,2.52508e-19
321.178,2.53036e-19
321.187,2.53191e-19
321.197,2.52973e-19
321.207,2.52609e-19
321.217,2.52201e-19
321.227,2.51567e-19
321.237,2.52018e-19
321.247,2.51873e-19
321.257,2.51517e-19
321.267,2.51377e-19
321.277,2.51516e-19
321.287,2.52021e-19
321.297,2.51778e-19
321.307,2.51654e-19
321.317,2.51647e-19
321.327,2.51147e-19
321.337,2.50314e-19
321.347,2.51178e-19
321.357,2.51446e-19
321.367,2.50537e-19
321.377,2.51094e-19
321.387,2.50279e-19
321.397,2.50336e-19
321.407,2.51354e-19
321.416,2.5113e-19
321.426,2.51057e-19
321.436,2.50642e-19
321.446,2.5123e-19
321.456,2.51168e-19
321.466,2.50346e-19
321.476,2.50731e-19
321.486,2.50738e-19
321.496,2.50623e-19
321.506,2.51314e-19
321.516,2.51576e-19
321.526,2.51074e-19
321.536,2.5102e-19
321.546,2.50286e-19
321.556,2.50211e-19
321.566,2.51826e-19
321.576,2.52261e-19
321.586,2.51547e-19
321.596,2.5158e-19
321.606,2.52116e-19
321.616,2.51366e-19
321.626,2.51704e-19
321.636,2.52651e-19
321.646,2.52068e-19
321.656,2.52286e-19
321.666,2.52581e-19
321.676,2.52989e-19
321.686,2.5324e-19
321.696,2.52812e-19
321.706,2.5359e-19
321.716,2.54702e-19
321.726,2.54097e-19
321.736,2.52907e-19
321.746,2.5395e-19
321.756,2.54745e-19
321.766,2.54245e-19
321.776,2.54835e-19
321.786,2.55094e-19
321.796,2.54478e-19
321.806,2.55008e-19
321.816,2.55999e-19
321.826,2.55682e-19
321.836,2.56576e-19
321.846,2.57343e-19
321.856,2.56958e-19
321.866,2.5762e-19
321.876,2.57192e-19
321.886,2.57586e-19
321.896,2.58783e-19
321.906,2.58693e-19
321.916,2.58587e-19
321.925,2.58001e-19
321.935,2.58423e-19
321.945,2.59391e-19
321.955,2.59704e-19
321.966,2.59915e-19
321.975,2.59851e-19
321.985,2.60209e-19
321.995,2.60724e-19
322.005,2.61273e-19
322.015,2.61409e-19
322.026,2.61156e-19
322.036,2.61491e-19
322.046,2.61438e-19
322.056,2.61234e-19
322.066,2.62034e-19
322.076,2.62699e-19
322.086,2.6248e-19
322.096,2.62948e-19
322.106,2.63783e-19
322.116,2.63299e-19
322.126,2.63953e-19
322.136,2.64867e-19
322.146,2.64223e-19
322.156,2.64643e-19
322.166,2.63889e-19
322.176,2.64587e-19
322.186,2.66646e-19
322.196,2.64984e-19
322.206,2.64869e-19
322.216,2.65672e-19
322.226,2.66049e-19
322.236,2.6657e-19
322.246,2.65803e-19
322.256,2.66104e-19
322.266,2.65917e-19
322.276,2.66578e-19
322.286,2.67269e-19
322.296,2.67417e-19
322.306,2.67755e-19
322.316,2.67233e-19
322.326,2.68121e-19
322.336,2.67659e-19
322.346,2.67837e-19
322.356,2.69016e-19
322.366,2.69185e-19
322.376,2.69314e-19
322.386,2.68801e-19
322.396,2.70294e-19
322.406,2.70318e-19
322.416,2.69803e-19
322.426,2.7019e-19
322.436,2.70116e-19
322.446,2.7078e-19
322.456,2.70548e-19
322.466,2.72016e-19
322.476,2.71792e-19
322.486,2.71268e-19
322.496,2.72215e-19
322.506,2.71444e-19
322.516,2.72628e-19
322.526,2.72861e-19
322.536,2.73039e-19
322.546,2.72998e-19
322.557,2.71955e-19
322.567,2.73488e-19
322.577,2.73578e-19
322.587,2.73359e-19
322.597,2.74e-19
322.607,2.74151e-19
322.617,2.7462e-19
322.627,2.74797e-19
322.637,2.74877e-19
322.647,2.75158e-19
322.657,2.7497e-19
322.667,2.74636e-19
322.677,2.74786e-19
322.687,2.74725e-19
322.697,2.75871e-19
322.707,2.76356e-19
322.717,2.75316e-19
322.727,2.75705e-19
322.737,2.76217e-19
322.747,2.75735e-19
322.757,2.75809e-19
322.767,2.76961e-19
322.777,2.76854e-19
322.788,2.76668e-19
322.798,2.76425e-19
322.808,2.76351e-19
322.818,2.76625e-19
322.828,2.75012e-19
322.838,2.7667e-19
322.848,2.7772e-19
322.858,2.76611e-19
322.868,2.7789e-19
322.878,2.77484e-19
322.888,2.77219e-19
322.898,2.7707e-19
322.908,2.76402e-19
322.918,2.7649e-19
322.928,2.76877e-19
322.938,2.77475e-19
322.948,2.76266e-19
322.958,2.76042e-19
322.969,2.76987e-19
322.979,2.76619e-19
322.989,2.7643e-19
322.999,2.77114e-19
323.009,2.77044e-19
323.019,2.76727e-19
323.029,2.77196e-19
323.039,2.76724e-19
323.049,2.76781e-19
323.059,2.76807e-19
323.069,2.75819e-19
323.079,2.75979e-19
323.089,2.76254e-19
323.099,2.76004e-19
323.109,2.76792e-19
323.119,2.77113e-19
323.13,2.76073e-19
323.14,2.76775e-19
323.15,2.77356e-19
323.16,2.76437e-19
323.17,2.76576e-19
323.18,2.7669e-19
323.19,2.76101e-19
323.2,2.76552e-19
323.21,2.77067e-19
323.22,2.7647e-19
323.23,2.77364e-19
323.24,2.77042e-19
323.25,2.76418e-19
323.261,2.77436e-19
323.271,2.76065e-19
323.281,2.76087e-19
323.291,2.76496e-19
323.301,2.75978e-19
323.311,2.76865e-19
323.321,2.75712e-19
323.331,2.74902e-19
323.341,2.76384e-19
323.351,2.76368e-19
323.361,2.7491e-19
323.371,2.75016e-19
323.382,2.75148e-19
323.392,2.75e-19
323.402,2.75134e-19
323.412,2.74885e-19
323.422,2.75078e-19
323.432,2.74471e-19
323.442,2.75561e-19
323.452,2.75693e-19
323.462,2.7408e-19
323.472,2.74584e-19
323.482,2.74183e-19
323.493,2.74483e-19
323.503,2.74008e-19
323.513,2.73753e-19
323.523,2.75224e-19
323.533,2.73979e-19
323.543,2.73524e-19
323.553,2.73728e-19
323.563,2.7336e-19
323.573,2.73983e-19
323.583,2.73653e-19
323.594,2.7388e-19
323.604,2.74187e-19
323.614,2.73788e-19
323.624,2.73951e-19
323.634,2.73291e-19
323.644,2.74499e-19
323.654,2.75567e-19
323.664,2.73812e-19
323.674,2.74504e-19
323.684,2.74206e-19
323.695,2.72982e-19
323.705,2.73318e-19
323.715,2.72639e-19
323.725,2.73399e-19
323.735,2.73944e-19
323.745,2.74049e-19
323.755,2.73907e-19
323.765,2.73394e-19
323.775,2.73919e-19
323.786,2.733e-19
323.796,2.73132e-19
323.806,2.72974e-19
323.816,2.72965e-19
323.826,2.72822e-19
323.836,2.71615e-19
323.846,2.72077e-19
323.856,2.72872e-19
323.866,2.72764e-19
323.877,2.72231e-19
323.887,2.72643e-19
323.897,2.72149e-19
323.907,2.70901e-19
323.917,2.71542e-19
323.927,2.70741e-19
323.937,2.70435e-19
323.947,2.71006e-19
323.958,2.70275e-19
323.968,2.71028e-19
323.978,2.70774e-19
323.988,2.68463e-19
323.998,2.68889e-19
324.008,2.7005e-19
324.018,2.69178e-19
324.028,2.69792e-19
324.039,2.69712e-19
324.049,2.68052e-19
324.059,2.67639e-19
324.069,2.67014e-19
324.079,2.67311e-19
324.089,2.69046e-19
324.099,2.69218e-19
324.109,2.67753e-19
324.12,2.68151e-19
324.13,2.6865e-19
324.14,2.67827e-19
324.15,2.68905e-19
324.16,2.68933e-19
324.17,2.68134e-19
324.18,2.68356e-19
324.191,2.6771e-19
324.201,2.6785e-19
324.211,2.6811e-19
324.221,2.68312e-19
324.231,2.68693e-19
324.241,2.68181e-19
324.251,2.68391e-19
324.262,2.69445e-19
324.272,2.68768e-19
324.282,2.66544e-19
324.292,2.67542e-19
324.302,2.68435e-19
324.312,2.67868e-19
324.322,2.68837e-19
324.333,2.67152e-19
324.343,2.67468e-19
324.353,2.68859e-19
324.363,2.6765e-19
324.373,2.67508e-19
324.383,2.66842e-19
324.393,2.6885e-19
324.404,2.69517e-19
324.414,2.6813e-19
324.424,2.69302e-19
324.434,2.68054e-19
324.444,2.67966e-19
324.454,2.68783e-19
324.464,2.68191e-19
324.475,2.68385e-19
324.485,2.69355e-19
324.495,2.70266e-19
324.505,2.69562e-19
324.515,2.69518e-19
324.525,2.69712e-19
324.536,2.70444e-19
324.546,2.70542e-19
324.556,2.70805e-19
324.566,2.72079e-19
324.576,2.7086e-19
324.586,2.71995e-19
324.597,2.7325e-19
324.607,2.72161e-19
324.617,2.71619e-19
324.627,2.72535e-19
324.637,2.75349e-19
324.647,2.75558e-19
324.658,2.74608e-19
324.668,2.74475e-19
324.678,2.73549e-19
324.688,2.73655e-19
324.698,2.75392e-19
324.708,2.75039e-19
324.719,2.75021e-19
324.729,2.76998e-19
324.739,2.75905e-19
324.749,2.76057e-19
324.759,2.76537e-19
324.769,2.77311e-19
324.78,2.79055e-19
324.79,2.77268e-19
324.8,2.77999e-19
324.81,2.79738e-19
324.82,2.78746e-19
324.83,2.78706e-19
324.841,2.80782e-19
324.851,2.80962e-19
324.861,2.8069e-19
324.871,2.83047e-19
324.881,2.82638e-19
324.892,2.832e-19
324.902,2.8296e-19
324.912,2.82764e-19
324.922,2.85434e-19
324.932,2.85082e-19
324.942,2.8613e-19
324.953,2.85799e-19
324.963,2.86331e-19
324.973,2.88708e-19
324.983,2.88097e-19
324.993,2.89437e-19
325.004,2.89464e-19
325.014,2.89783e-19
325.024,2.91086e-19
325.034,2.90761e-19
325.044,2.91917e-19
325.055,2.92724e-19
325.065,2.93693e-19
325.075,2.95295e-19
325.085,2.95595e-19
325.095,2.95324e-19
325.105,2.95758e-19
325.116,2.96616e-19
325.126,2.97672e-19
325.136,2.97988e-19
325.146,2.97363e-19
325.156,2.97068e-19
325.167,2.97292e-19
325.177,2.99176e-19
325.187,2.99461e-19
325.197,2.99517e-19
325.207,3.00712e-19
325.218,2.9984e-19
325.228,3.00538e-19
325.238,3.02739e-19
325.248,3.02139e-19
325.258,3.00798e-19
325.269,3.016e-19
325.279,3.02102e-19
325.289,3.02224e-19
325.299,3.03292e-19
325.31,3.03441e-19
325.32,3.03637e-19
325.33,3.04536e-19
325.34,3.04801e-19
325.35,3.04336e-19
325.361,3.04801e-19
325.371,3.03894e-19
325.381,3.03237e-19
325.391,3.05539e-19
325.401,3.05305e-19
325.412,3.05038e-19
325.422,3.06079e-19
325.432,3.06265e-19
325.442,3.06001e-19
325.452,3.05447e-19
325.463,3.05735e-19
325.473,3.05348e-19
325.483,3.05531e-19
325.493,3.05365e-19
325.504,3.04319e-19
325.514,3.0494e-19
325.524,3.04893e-19
325.534,3.03449e-19
325.544,3.03298e-19
325.555,3.04499e-19
325.565,3.04067e-19
325.575,3.0313e-19
325.585,3.0195e-19
325.596,3.01874e-19
325.606,3.02709e-19
325.616,3.00901e-19
325.626,3.00715e-19
325.636,3.02467e-19
325.647,3.02634e-19
325.657,3.0148e-19
325.667,3.00573e-19
325.677,3.00421e-19
325.688,2.99931e-19
325.698,2.99856e-19
325.708,2.99306e-19
325.718,2.9996e-19
325.729,3.01208e-19
325.739,2.99641e-19
325.749,2.97945e-19
325.759,2.98847e-19
325.77,2.98697e-19
325.78,2.97427e-19
325.79,2.98167e-19
325.8,2.96801e-19
325.81,2.97152e-19
325.821,2.98672e-19
325.831,2.96718e-19
325.841,2.97604e-19
325.851,2.975e-19
325.862,2.97796e-19
325.872,2.98872e-19
325.882,2.95872e-19
325.892,2.96969e-19
325.903,2.97497e-19
325.913,2.96854e-19
325.923,2.98832e-19
325.933,2.97878e-19
325.944,2.97434e-19
325.954,2.96367e-19
325.964,2.97332e-19
325.974,2.99856e-19
325.985,2.96801e-19
325.995,2.96116e-19
326.005,2.97062e-19
326.015,2.96597e-19
326.026,2.97738e-19
326.036,2.9745e-19
326.046,2.96935e-19
326.056,2.98017e-19
326.067,2.98463e-19
326.077,2.96108e-19
326.087,2.96567e-19
326.097,2.98527e-19
326.108,2.97243e-19
326.118,2.98048e-19
326.128,2.96949e-19
326.138,2.96853e-19
326.149,2.99625e-19
326.159,2.97772e-19
326.169,2.97754e-19
326.179,2.98875e-19
326.19,2.98175e-19
326.2,2.98824e-19
326.21,2.99402e-19
326.221,3.00622e-19
326.231,3.00153e-19
326.241,2.996e-19
326.251,3.0163e-19
326.262,3.00955e-19
326.272,2.99255e-19
326.282,2.9991e-19
326.292,3.0116e-19
326.303,3.01416e-19
326.313,3.02173e-19
326.323,3.04402e-19
326.334,3.03008e-19
326.344,3.01717e-19
326.354,3.03657e-19
326.364,3.03535e-19
326.375,3.04155e-19
326.385,3.05406e-19
326.395,3.05116e-19
326.405,3.05487e-19
326.416,3.05948e-19
326.426,3.06817e-19
326.436,3.07775e-19
326.447,3.06824e-19
326.457,3.05903e-19
326.467,3.06888e-19
326.477,3.05573e-19
326.488,3.06131e-19
326.498,3.07621e-19
326.508,3.06232e-19
326.519,3.07804e-19
326.529,3.06356e-19
326.539,3.06149e-19
326.549,3.07747e-19
326.56,3.05076e-19
326.57,3.06343e-19
326.58,3.0494e-19
326.591,3.04211e-19
326.601,3.0767e-19
326.611,3.05154e-19
326.621,3.04291e-19
326.632,3.06655e-19
326.642,3.04865e-19
326.652,3.0339e-19
326.663,3.03393e-19
326.673,3.0214e-19
326.683,3.02394e-19
326.693,3.02246e-19
326.704,3.02349e-19
326.714,3.04055e-19
326.724,3.02444e-19
326.735,3.0198e-19
326.745,3.02709e-19
326.755,3.00916e-19
326.765,3.00859e-19
326.776,3.01112e-19
326.786,3.00632e-19
326.796,3.00901e-19
326.807,3.00119e-19
326.817,2.99401e-19
326.827,2.99555e-19
326.838,2.99058e-19
326.848,2.98604e-19
326.858,2.98804e-19
326.869,2.99734e-19
326.879,2.98108e-19
326.889,2.96517e-19
326.899,2.97588e-19
326.91,2.97278e-19
326.92,2.9653e-19
326.93,2.94746e-19
326.941,2.9548e-19
326.951,2.96978e-19
326.961,2.96041e-19
326.972,2.96635e-19
326.982,2.9556e-19
326.992,2.96177e-19
327.003,2.95664e-19
327.013,2.94753e-19
327.023,2.96043e-19
327.034,2.94222e-19
327.044,2.94764e-19
327.054,2.9477e-19
327.064,2.95207e-19
327.075,2.95204e-19
327.085,2.94008e-19
327.095,2.95344e-19
327.106,2.94121e-19
327.116,2.94418e-19
327.126,2.93586e-19
327.137,2.92772e-19
327.147,2.93664e-19
327.157,2.93613e-19
327.168,2.95175e-19
327.178,2.93876e-19
327.188,2.93835e-19
327.199,2.94301e-19
327.209,2.93785e-19
327.219,2.93948e-19
327.23,2.9338e-19
327.24,2.93915e-19
327.25,2.93757e-19
327.261,2.94166e-19
327.271,2.94426e-19
327.281,2.95965e-19
327.292,2.96352e-19
327.302,2.94646e-19
327.312,2.95459e-19
327.323,2.95252e-19
327.333,2.95055e-19
327.343,2.94761e-19
327.354,2.96866e-19
327.364,2.98337e-19
327.374,2.96363e-19
327.385,2.97316e-19
327.395,2.98137e-19
327.405,2.99025e-19
327.416,2.99578e-19
327.426,2.99083e-19
327.436,2.99744e-19
327.447,3.00259e-19
327.457,3.01306e-19
327.467,3.02303e-19
327.478,3.02979e-19
327.488,3.0279e-19
327.498,3.02256e-19
327.509,3.03458e-19
327.519,3.04335e-19
327.529,3.04053e-19
327.54,3.06075e-19
327.55,3.05727e-19
327.56,3.04691e-19
327.571,3.06837e-19
327.581,3.05576e-19
327.592,3.06005e-19
327.602,3.067e-19
327.612,3.06036e-19
327.623,3.07029e-19
327.633,3.06057e-19
327.643,3.07203e-19
327.654,3.07641e-19
327.664,3.09087e-19
327.674,3.09749e-19
327.685,3.08312e-19
327.695,3.10356e-19
327.705,3.09601e-19
327.716,3.09011e-19
327.726,3.08445e-19
327.737,3.09497e-19
327.747,3.11846e-19
327.757,3.10029e-19
327.768,3.09838e-19
327.778,3.09187e-19
327.788,3.10353e-19
327.799,3.10856e-19
327.809,3.10048e-19
327.819,3.12081e-19
327.83,3.11267e-19
327.84,3.11495e-19
327.851,3.12776e-19
327.861,3.13229e-19
327.871,3.13108e-19
327.882,3.12409e-19
327.892,3.12599e-19
327.902,3.12001e-19
327.913,3.13207e-19
327.923,3.13006e-19
327.933,3.11221e-19
327.944,3.12938e-19
327.954,3.13764e-19
327.965,3.1297e-19
327.975,3.12206e-19
327.985,3.12272e-19
327.996,3.1228e-19
328.006,3.1076e-19
328.016,3.11276e-19
328.027,3.11408e-19
328.037,3.10797e-19
328.048,3.11757e-19
328.058,3.10432e-19
328.068,3.10122e-19
328.079,3.1008e-19
328.089,3.09127e-19
328.1,3.10125e-19
328.11,3.09006e-19
328.12,3.08536e-19
328.131,3.09326e-19
328.141,3.08596e-19
328.151,3.08605e-19
328.162,3.07805e-19
328.172,3.07077e-19
328.183,3.06984e-19
328.193,3.06025e-19
328.203,3.06939e-19
328.214,3.07696e-19
328.224,3.06592e-19
328.235,3.07368e-19
328.245,3.06828e-19
328.255,3.05855e-19
328.266,3.07187e-19
328.276,3.05882e-19
328.287,3.0572e-19
328.297,3.06226e-19
328.307,3.039e-19
328.318,3.04144e-19
328.328,3.0549e-19
328.339,3.04388e-19
328.349,3.03512e-19
328.359,3.04139e-19
328.37,3.04711e-19
328.38,3.04713e-19
328.391,3.02873e-19
328.401,3.02855e-19
328.411,3.04448e-19
328.422,3.03344e-19
328.432,3.03715e-19
328.443,3.0317e-19
328.453,3.02102e-19
328.463,3.02894e-19
328.474,3.02064e-19
328.484,3.01913e-19
328.495,3.02109e-19
328.505,3.0159e-19
328.515,3.02185e-19
328.526,3.02423e-19
328.536,3.01446e-19
328.547,3.01304e-19
328.557,3.00909e-19
328.567,3.0022e-19
328.578,3.01047e-19
328.588,3.00792e-19
328.599,3.00823e-19
328.609,3.0063e-19
328.62,3.00859e-19
328.63,3.00845e-19
328.64,2.99515e-19
328.651,3.003e-19
328.661,2.99728e-19
328.672,2.99005e-19
328.682,2.99703e-19
328.692,3.00057e-19
328.703,2.99841e-19
328.713,2.9919e-19
328.724,2.9908e-19
328.734,2.98164e-19
328.745,2.98147e-19
328.755,2.9879e-19
328.765,3.00162e-19
328.776,3.00452e-19
328.786,2.99965e-19
328.797,3.00725e-19
328.807,2.99972e-19
328.818,3.00878e-19
328.828,3.00522e-19
328.838,2.99338e-19
328.849,3.01471e-19
328.859,3.01837e-19
328.87,3.00797e-19
328.88,3.01822e-19
328.891,3.02678e-19
328.901,3.01492e-19
328.911,3.03075e-19
328.922,3.03692e-19
328.932,3.0281e-19
328.943,3.04126e-19
328.953,3.04294e-19
328.964,3.0552e-19
328.974,3.04871e-19
328.985,3.05433e-19
328.995,3.06382e-19
329.005,3.04177e-19
329.016,3.05793e-19
329.026,3.07037e-19
329.037,3.075e-19
329.047,3.07622e-19
329.058,3.07148e-19
329.068,3.08185e-19
329.079,3.08551e-19
329.089,3.0877e-19
329.099,3.09257e-19
329.11,3.10593e-19
329.12,3.11106e-19
329.131,3.10974e-19
329.141,3.09929e-19
329.152,3.09972e-19
329.162,3.1048e-19
329.173,3.10711e-19
329.183,3.12526e-19
329.193,3.10934e-19
329.204,3.11511e-19
329.214,3.1302e-19
329.225,3.13017e-19
329.235,3.14759e-19
329.246,3.13531e-19
329.256,3.1335e-19
329.267,3.13473e-19
329.277,3.13965e-19
329.288,3.14878e-19
329.298,3.14453e-19
329.308,3.15883e-19
329.319,3.16441e-19
329.329,3.16648e-19
329.34,3.15769e-19
329.35,3.16359e-19
329.361,3.16741e-19
329.371,3.16223e-19
329.382,3.17979e-19
329.392,3.17357e-19
329.403,3.17859e-19
329.413,3.18458e-19
329.424,3.18907e-19
329.434,3.20336e-19
329.445,3.18352e-19
329.455,3.19055e-19
329.465,3.22212e-19
329.476,3.22585e-19
329.486,3.22352e-19
329.497,3.218e-19
329.507,3.215e-19
329.518,3.22896e-19
329.528,3.22845e-19
329.539,3.22602e-19
329.549,3.24938e-19
329.56,3.2607e-19
329.57,3.24951e-19
329.581,3.24837e-19
329.591,3.26233e-19
329.602,3.25663e-19
329.612,3.25289e-19
329.623,3.25285e-19
329.633,3.24576e-19
329.644,3.26515e-19
329.654,3.27433e-19
329.664,3.27122e-19
329.675,3.27481e-19
329.685,3.27e-19
329.696,3.26088e-19
329.706,3.26813e-19
329.717,3.28734e-19
329.727,3.28653e-19
329.738,3.28091e-19
329.748,3.26988e-19
329.759,3.26837e-19
329.769,3.27528e-19
329.78,3.27621e-19
329.79,3.28378e-19
329.801,3.28938e-19
329.811,3.29588e-19
329.822,3.28507e-19
329.832,3.28945e-19
329.843,3.29262e-19
329.853,3.28143e-19
329.864,3.30046e-19
329.874,3.29565e-19
329.885,3.28969e-19
329.895,3.29197e-19
329.906,3.28229e-19
329.916,3.28904e-19
329.927,3.29193e-19
329.937,3.28612e-19
329.948,3.29357e-19
329.958,3.30224e-19
329.969,3.28002e-19
329.979,3.27581e-19
329.99,3.28584e-19
330,3.27514e-19
330.011,3.26816e-19
330.021,3.26257e-19
330.032,3.2681e-19
330.042,3.26831e-19
330.053,3.26433e-19
330.063,3.2615e-19
330.074,3.25545e-19
330.084,3.24942e-19
330.095,3.24905e-19
330.105,3.2583e-19
330.116,3.23497e-19
330.126,3.23185e-19
330.137,3.23488e-19
330.147,3.22465e-19
330.158,3.23257e-19
330.168,3.21757e-19
330.179,3.2271e-19
330.189,3.21663e-19
330.2,3.19889e-19
330.211,3.21786e-19
330.221,3.19119e-19
330.232,3.18998e-19
330.242,3.20875e-19
330.253,3.18949e-19
330.263,3.18514e-19
330.274,3.19212e-19
330.284,3.18732e-19
330.295,3.17553e-19
330.305,3.16963e-19
330.316,3.16687e-19
330.326,3.16951e-19
330.337,3.16987e-19
330.347,3.15876e-19
330.358,3.1522e-19
330.368,3.1512e-19
330.379,3.14478e-19
330.389,3.14061e-19
330.4,3.13859e-19
330.41,3.1291e-19
330.421,3.13054e-19
330.432,3.12886e-19
330.442,3.12867e-19
330.453,3.137e-19
330.463,3.13861e-19
330.474,3.13095e-19
330.484,3.12102e-19
330.495,3.12793e-19
330.505,3.11897e-19
330.516,3.11998e-19
330.526,3.13513e-19
330.537,3.11549e-19
330.547,3.12932e-19
330.558,3.13472e-19
330.568,3.11553e-19
330.579,3.12907e-19
330.59,3.11755e-19
330.6,3.1302e-19
330.611,3.14884e-19
330.621,3.11701e-19
330.632,3.12515e-19
330.642,3.1318e-19
330.653,3.12456e-19
330.663,3.13772e-19
330.674,3.12514e-19
330.684,3.13407e-19
330.695,3.13973e-19
330.706,3.11734e-19
330.716,3.1267e-19
330.727,3.13249e-19
330.737,3.13742e-19
330.748,3.14153e-19
330.758,3.13167e-19
330.769,3.13826e-19
330.779,3.14595e-19
330.79,3.14013e-19
330.801,3.13414e-19
330.811,3.14386e-19
330.822,3.1433e-19
330.832,3.14369e-19
330.843,3.16039e-19
330.853,3.15383e-19
330.864,3.14728e-19
330.874,3.14349e-19
330.885,3.1464e-19
330.896,3.165e-19
330.906,3.16115e-19
330.917,3.15799e-19
330.927,3.16277e-19
330.938,3.16337e-19
330.948,3.16136e-19
330.959,3.15524e-19
330.97,3.17307e-19
330.98,3.17473e-19
330.991,3.16859e-19
331.001,3.18219e-19
331.012,3.17017e-19
331.022,3.1746e-19
331.033,3.18134e-19
331.043,3.18018e-19
331.054,3.19041e-19
331.065,3.17235e-19
331.075,3.181e-19
331.086,3.18893e-19
331.096,3.18758e-19
331.107,3.19887e-19
331.118,3.18334e-19
331.128,3.19767e-19
331.139,3.20697e-19
331.149,3.18877e-19
331.16,3.19696e-19
331.17,3.20375e-19
331.181,3.20939e-19
331.192,3.20595e-19
331.202,3.19594e-19
331.213,3.20486e-19
331.223,3.21747e-19
331.234,3.20485e-19
331.244,3.20711e-19
331.255,3.21701e-19
331.266,3.20235e-19
331.276,3.21685e-19
331.287,3.2227e-19
331.297,3.2115e-19
331.308,3.20882e-19
331.319,3.20153e-19
331.329,3.2175e-19
331.34,3.21946e-19
331.35,3.21894e-19
331.361,3.22848e-19
331.372,3.22527e-19
331.382,3.2284e-19
331.393,3.21775e-19
331.403,3.22243e-19
331.414,3.2306e-19
331.424,3.21574e-19
331.435,3.22227e-19
331.446,3.23235e-19
331.456,3.23095e-19
331.467,3.23709e-19
331.477,3.23111e-19
331.488,3.22027e-19
331.499,3.23374e-19
331.509,3.23219e-19
331.52,3.22492e-19
331.53,3.21789e-19
331.541,3.22174e-19
331.552,3.24952e-19
331.562,3.22687e-19
331.573,3.22695e-19
331.583,3.23982e-19
331.594,3.22079e-19
331.605,3.24355e-19
331.615,3.23438e-19
331.626,3.22634e-19
331.637,3.23788e-19
331.647,3.22723e-19
331.658,3.24189e-19
331.668,3.23526e-19
331.679,3.22994e-19
331.69,3.23212e-19
331.7,3.21339e-19
331.711,3.21428e-19
331.721,3.21347e-19
331.732,3.21463e-19
331.743,3.22682e-19
331.753,3.22049e-19
331.764,3.21862e-19
331.774,3.23459e-19
331.785,3.2309e-19
331.796,3.2244e-19
331.806,3.22486e-19
331.817,3.22281e-19
331.828,3.22213e-19
331.838,3.21086e-19
331.849,3.20725e-19
331.859,3.20592e-19
331.87,3.22586e-19
331.881,3.23483e-19
331.891,3.21049e-19
331.902,3.21659e-19
331.913,3.20478e-19
331.923,3.20066e-19
331.934,3.21872e-19
331.944,3.21973e-19
331.955,3.21826e-19
331.966,3.21555e-19
331.976,3.22655e-19
331.987,3.21686e-19
331.998,3.2154e-19
332.008,3.22431e-19
332.019,3.21667e-19
332.029,3.22421e-19
332.04,3.22839e-19
332.051,3.23561e-19
332.061,3.22803e-19
332.072,3.21608e-19
332.083,3.2295e-19
332.093,3.24204e-19
332.104,3.24149e-19
332.115,3.23063e-19
332.125,3.24714e-19
332.136,3.24432e-19
332.147,3.23054e-19
332.157,3.25077e-19
332.168,3.23853e-19
332.178,3.23833e-19
332.189,3.26907e-19
332.2,3.2576e-19
332.21,3.25267e-19
332.221,3.2714e-19
332.232,3.28143e-19
332.242,3.2926e-19
332.253,3.28939e-19
332.264,3.29362e-19
332.274,3.29403e-19
332.285,3.29455e-19
332.296,3.32788e-19
332.306,3.3305e-19
332.317,3.33065e-19
332.328,3.34216e-19
332.338,3.34084e-19
332.349,3.35963e-19
332.359,3.3666e-19
332.37,3.37553e-19
332.381,3.37817e-19
332.391,3.381e-19
332.402,3.38863e-19
332.413,3.39249e-19
332.423,3.41429e-19
332.434,3.41895e-19
332.445,3.42666e-19
332.455,3.44239e-19
332.466,3.44973e-19
332.477,3.46798e-19
332.487,3.47875e-19
332.498,3.48324e-19
332.509,3.49008e-19
332.519,3.50179e-19
332.53,3.50515e-19
332.541,3.51161e-19
332.551,3.53082e-19
332.562,3.53274e-19
332.573,3.54307e-19
332.583,3.55724e-19
332.594,3.57424e-19
332.605,3.59966e-19
332.615,3.58989e-19
332.626,3.58741e-19
332.637,3.61072e-19
332.647,3.60532e-19
332.658,3.62126e-19
332.669,3.62856e-19
332.679,3.61867e-19
332.69,3.66263e-19
332.701,3.6717e-19
332.711,3.67872e-19
332.722,3.69059e-19
332.733,3.6787e-19
332.743,3.69726e-19
332.754,3.70151e-19
332.765,3.72353e-19
332.776,3.73125e-19
332.786,3.73073e-19
332.797,3.74334e-19
332.808,3.74377e-19
332.818,3.75184e-19
332.829,3.75251e-19
332.84,3.78588e-19
332.85,3.77822e-19
332.861,3.77624e-19
332.872,3.80495e-19
332.882,3.78392e-19
332.893,3.81812e-19
332.904,3.82946e-19
332.914,3.82088e-19
332.925,3.82203e-19
332.936,3.81875e-19
332.947,3.85779e-19
332.957,3.84217e-19
332.968,3.85091e-19
332.979,3.8604e-19
332.989,3.84587e-19
333,3.87146e-19
333.011,3.8611e-19
333.021,3.85766e-19
333.032,3.87482e-19
333.043,3.86259e-19
333.053,3.86051e-19
333.064,3.87099e-19
333.075,3.85224e-19
333.086,3.871e-19
333.096,3.87565e-19
333.107,3.83662e-19
333.118,3.8594e-19
333.128,3.85636e-19
333.139,3.84843e-19
333.15,3.86078e-19
333.161,3.84019e-19
333.171,3.85547e-19
333.182,3.84245e-19
333.193,3.83853e-19
333.203,3.84831e-19
333.214,3.8316e-19
333.225,3.84102e-19
333.235,3.83714e-19
333.246,3.82809e-19
333.257,3.80102e-19
333.268,3.78883e-19
333.278,3.804e-19
333.289,3.78518e-19
333.3,3.79178e-19
333.31,3.79915e-19
333.321,3.7721e-19
333.332,3.75709e-19
333.343,3.74947e-19
333.353,3.7486e-19
333.364,3.76137e-19
333.375,3.74191e-19
333.385,3.71186e-19
333.396,3.71136e-19
333.407,3.69341e-19
333.418,3.68759e-19
333.428,3.67987e-19
333.439,3.66821e-19
333.45,3.67349e-19
333.461,3.6686e-19
333.471,3.6786e-19
333.482,3.65769e-19
333.493,3.63492e-19
333.503,3.62881e-19
333.514,3.59865e-19
333.525,3.60481e-19
333.536,3.62701e-19
333.546,3.60451e-19
333.557,3.58604e-19
333.568,3.59841e-19
333.579,3.57566e-19
333.589,3.55828e-19
333.6,3.5692e-19
333.611,3.55965e-19
333.622,3.55042e-19
333.632,3.5365e-19
333.643,3.55541e-19
333.654,3.56866e-19
333.664,3.53954e-19
333.675,3.53498e-19
333.686,3.53094e-19
333.697,3.52809e-19
333.707,3.5247e-19
333.718,3.52104e-19
333.729,3.51649e-19
333.74,3.51625e-19
333.75,3.50794e-19
333.761,3.48641e-19
333.772,3.5033e-19
333.783,3.49053e-19
333.793,3.47207e-19
333.804,3.4612e-19
333.815,3.46188e-19
333.826,3.47883e-19
333.836,3.46763e-19
333.847,3.46256e-19
333.858,3.43126e-19
333.869,3.4421e-19
333.879,3.44895e-19
333.89,3.40796e-19
333.901,3.42682e-19
333.912,3.41788e-19
333.922,3.41819e-19
333.933,3.40147e-19
333.944,3.36817e-19
333.955,3.38899e-19
333.965,3.36915e-19
333.976,3.36454e-19
333.987,3.3645e-19
333.998,3.34129e-19
334.008,3.3297e-19
334.019,3.32925e-19
334.03,3.34583e-19
334.041,3.30996e-19
334.052,3.29024e-19
334.062,3.31021e-19
334.073,3.29565e-19
334.084,3.29602e-19
334.095,3.28414e-19
334.105,3.26018e-19
334.116,3.26175e-19
334.127,3.24362e-19
334.138,3.24605e-19
334.148,3.26303e-19
334.159,3.24485e-19
334.17,3.23269e-19
334.181,3.23143e-19
334.192,3.2384e-19
334.202,3.2138e-19
334.213,3.21925e-19
334.224,3.25451e-19
334.235,3.21004e-19
334.245,3.22005e-19
334.256,3.23866e-19
334.267,3.20984e-19
334.278,3.22493e-19
334.288,3.20466e-19
334.299,3.19157e-19
334.31,3.20364e-19
334.321,3.21655e-19
334.332,3.23281e-19
334.342,3.22564e-19
334.353,3.21654e-19
334.364,3.20844e-19
334.375,3.20798e-19
334.386,3.22922e-19
334.396,3.23215e-19
334.407,3.21321e-19
334.418,3.22264e-19
334.429,3.23619e-19
334.439,3.2287e-19
334.45,3.2233e-19
334.461,3.23848e-19
334.472,3.24393e-19
334.483,3.24396e-19
334.493,3.27117e-19
334.504,3.25291e-19
334.515,3.24883e-19
334.526,3.25415e-19
334.537,3.25017e-19
334.547,3.27191e-19
334.558,3.24847e-19
334.569,3.27034e-19
334.58,3.28696e-19
334.591,3.29056e-19
334.601,3.31958e-19
334.612,3.28004e-19
334.623,3.29359e-19
334.634,3.32993e-19
334.645,3.31333e-19
334.655,3.32415e-19
334.666,3.34097e-19
334.677,3.33401e-19
334.688,3.353e-19
334.699,3.38032e-19
334.709,3.36505e-19
334.72,3.38071e-19
334.731,3.4014e-19
334.742,3.41354e-19
334.753,3.43181e-19
334.763,3.4346e-19
334.774,3.45474e-19
334.785,3.46518e-19
334.796,3.48196e-19
334.807,3.48692e-19
334.817,3.49176e-19
334.828,3.53309e-19
334.839,3.55682e-19
334.85,3.56899e-19
334.861,3.57681e-19
334.872,3.5939e-19
334.882,3.60467e-19
334.893,3.63123e-19
334.904,3.63976e-19
334.915,3.64862e-19
334.926,3.69681e-19
334.936,3.69225e-19
334.947,3.70481e-19
334.958,3.72465e-19
334.969,3.7192e-19
334.98,3.73051e-19
334.991,3.73301e-19
335.001,3.75182e-19
335.012,3.75895e-19
335.023,3.7708e-19
335.034,3.78051e-19
335.045,3.76947e-19
335.056,3.78922e-19
335.066,3.79827e-19
335.077,3.77429e-19
335.088,3.78371e-19
335.099,3.80077e-19
335.11,3.77795e-19
335.121,3.77186e-19
335.131,3.76919e-19
335.142,3.75898e-19
335.153,3.76381e-19
335.164,3.75e-19
335.175,3.74005e-19
335.186,3.741e-19
335.196,3.73979e-19
335.207,3.7186e-19
335.218,3.69392e-19
335.229,3.70426e-19
335.24,3.6952e-19
335.251,3.67859e-19
335.261,3.67991e-19
335.272,3.65945e-19
335.283,3.65096e-19
335.294,3.65607e-19
335.305,3.63915e-19
335.316,3.62826e-19
335.326,3.62433e-19
335.337,3.61822e-19
335.348,3.6093e-19
335.359,3.59642e-19
335.37,3.59168e-19
335.381,3.58871e-19
335.392,3.57727e-19
335.402,3.56576e-19
335.413,3.56732e-19
335.424,3.56976e-19
335.435,3.55825e-19
335.446,3.54131e-19
335.457,3.54411e-19
335.468,3.54301e-19
335.478,3.52864e-19
335.489,3.53422e-19
335.5,3.52019e-19
335.511,3.5143e-19
335.522,3.51706e-19
335.533,3.51068e-19
335.544,3.523e-19
335.554,3.50569e-19
335.565,3.50257e-19
335.576,3.50423e-19
335.587,3.48389e-19
335.598,3.49332e-19
335.609,3.50046e-19
335.62,3.4952e-19
335.63,3.4841e-19
335.641,3.47559e-19
335.652,3.47173e-19
335.663,3.47789e-19
335.674,3.48872e-19
335.685,3.47051e-19
335.696,3.46376e-19
335.707,3.4762e-19
335.717,3.47165e-19
335.728,3.461e-19
335.739,3.46954e-19
335.75,3.47746e-19
335.761,3.47161e-19
335.772,3.47215e-19
335.783,3.47704e-19
335.794,3.48328e-19
335.804,3.47349e-19
335.815,3.47728e-19
335.826,3.48137e-19
335.837,3.47445e-19
335.848,3.4896e-19
335.859,3.49793e-19
335.87,3.50684e-19
335.881,3.49024e-19
335.891,3.48863e-19
335.902,3.50746e-19
335.913,3.49131e-19
335.924,3.5047e-19
335.935,3.51357e-19
335.946,3.51081e-19
335.957,3.5189e-19
335.968,3.52655e-19
335.979,3.53604e-19
335.989,3.53338e-19
336,3.54091e-19
336.011,3.54357e-19
336.022,3.55042e-19
336.033,3.54259e-19
336.044,3.54026e-19
336.055,3.56456e-19
336.066,3.56597e-19
336.077,3.57765e-19
336.087,3.57266e-19
336.098,3.57172e-19
336.109,3.58496e-19
336.12,3.58503e-19
336.131,3.60204e-19
336.142,3.59668e-19
336.153,3.60638e-19
336.164,3.61978e-19
336.175,3.61084e-19
336.186,3.62622e-19
336.196,3.63315e-19
336.207,3.6299e-19
336.218,3.62525e-19
336.229,3.632e-19
336.24,3.64465e-19
336.251,3.64582e-19
336.262,3.66084e-19
336.273,3.65792e-19
336.284,3.64698e-19
336.295,3.6623e-19
336.305,3.67038e-19
336.316,3.66953e-19
336.327,3.66642e-19
336.338,3.67001e-19
336.349,3.67799e-19
336.36,3.67283e-19
336.371,3.67096e-19
336.382,3.67274e-19
336.393,3.68268e-19
336.404,3.67927e-19
336.415,3.66455e-19
336.426,3.68226e-19
336.436,3.69396e-19
336.447,3.68683e-19
336.458,3.68934e-19
336.469,3.6995e-19
336.48,3.69862e-19
336.491,3.69674e-19
336.502,3.70723e-19
336.513,3.69145e-19
336.524,3.6892e-19
336.535,3.7038e-19
336.546,3.69384e-19
336.557,3.70153e-19
336.568,3.70707e-19
336.578,3.69804e-19
336.589,3.70165e-19
336.6,3.69302e-19
336.611,3.68354e-19
336.622,3.69446e-19
336.633,3.70164e-19
336.644,3.7004e-19
336.655,3.70041e-19
336.666,3.71017e-19
336.677,3.70726e-19
336.688,3.69888e-19
336.699,3.71582e-19
336.71,3.71568e-19
336.721,3.71843e-19
336.731,3.72512e-19
336.742,3.71301e-19
336.753,3.72148e-19
336.764,3.72887e-19
336.775,3.73134e-19
336.786,3.72819e-19
336.797,3.73055e-19
336.808,3.73803e-19
336.819,3.73695e-19
336.83,3.73967e-19
336.841,3.72648e-19
336.852,3.73245e-19
336.863,3.73758e-19
336.874,3.728e-19
336.885,3.72248e-19
336.896,3.71468e-19
336.907,3.72617e-19
336.918,3.72003e-19
336.928,3.72263e-19
336.939,3.72711e-19
336.95,3.71314e-19
336.961,3.71704e-19
336.972,3.71299e-19
336.983,3.70433e-19
336.994,3.69298e-19
337.005,3.69203e-19
337.016,3.69339e-19
337.027,3.68168e-19
337.038,3.67114e-19
337.049,3.67105e-19
337.06,3.67432e-19
337.071,3.66313e-19
337.082,3.66509e-19
337.093,3.65687e-19
337.104,3.65787e-19
337.115,3.65561e-19
337.126,3.62381e-19
337.137,3.62849e-19
337.148,3.61986e-19
337.159,3.61396e-19
337.17,3.632e-19
337.18,3.62578e-19
337.191,3.60708e-19
337.202,3.59069e-19
337.213,3.60188e-19
337.224,3.60605e-19
337.235,3.59363e-19
337.246,3.58567e-19
337.257,3.58386e-19
337.268,3.57797e-19
337.279,3.56439e-19
337.29,3.56454e-19
337.301,3.55805e-19
337.312,3.553e-19
337.323,3.55133e-19
337.334,3.54883e-19
337.345,3.53395e-19
337.356,3.51704e-19
337.367,3.52981e-19
337.378,3.51903e-19
337.389,3.50042e-19
337.4,3.5073e-19
337.411,3.51377e-19
337.422,3.50965e-19
337.433,3.50714e-19
337.444,3.50201e-19
337.455,3.49006e-19
337.466,3.49371e-19
337.477,3.47794e-19
337.488,3.47321e-19
337.499,3.48101e-19
337.51,3.46859e-19
337.521,3.47087e-19
337.532,3.46374e-19
337.543,3.46187e-19
337.554,3.4531e-19
337.565,3.44503e-19
337.576,3.4556e-19
337.587,3.45141e-19
337.598,3.45734e-19
337.609,3.448e-19
337.62,3.44464e-19
337.631,3.44947e-19
337.642,3.43693e-19
337.653,3.44562e-19
337.664,3.44092e-19
337.675,3.43195e-19
337.686,3.4339e-19
337.697,3.4237e-19
337.708,3.41749e-19
337.719,3.41644e-19
337.73,3.41423e-19
337.741,3.41351e-19
337.752,3.40937e-19
337.763,3.40171e-19
337.774,3.40741e-19
337.785,3.41159e-19
337.796,3.40729e-19
337.807,3.40021e-19
337.818,3.40034e-19
337.829,3.4166e-19
337.84,3.40825e-19
337.851,3.40178e-19
337.862,3.41958e-19
337.873,3.4144e-19
337.884,3.40341e-19
337.895,3.41636e-19
337.906,3.42008e-19
337.917,3.41528e-19
337.928,3.42795e-19
337.939,3.42556e-19
337.95,3.42555e-19
337.961,3.43792e-19
337.972,3.43457e-19
337.983,3.44096e-19
337.994,3.45304e-19
338.005,3.46781e-19
338.016,3.47657e-19
338.027,3.47676e-19
338.038,3.48299e-19
338.049,3.49696e-19
338.06,3.5175e-19
338.071,3.52095e-19
338.082,3.52315e-19
338.093,3.52936e-19
338.104,3.54719e-19
338.115,3.55209e-19
338.126,3.54946e-19
338.137,3.59642e-19
338.148,3.59923e-19
338.159,3.58723e-19
338.17,3.61597e-19
338.181,3.62204e-19
338.192,3.64284e-19
338.203,3.66349e-19
338.214,3.67869e-19
338.226,3.68777e-19
338.237,3.69348e-19
338.248,3.73224e-19
338.259,3.74992e-19
338.27,3.75488e-19
338.281,3.7711e-19
338.292,3.78088e-19
338.303,3.79874e-19
338.314,3.81471e-19
338.325,3.83172e-19
338.336,3.87228e-19
338.347,3.88602e-19
338.358,3.8873e-19
338.369,3.92266e-19
338.38,3.92795e-19
338.391,3.94787e-19
338.402,3.9812e-19
338.413,3.98003e-19
338.424,3.9955e-19
338.435,4.00728e-19
338.446,4.02561e-19
338.457,4.03902e-19
338.468,4.05169e-19
338.48,4.07309e-19
338.491,4.07791e-19
338.502,4.08283e-19
338.513,4.0839e-19
338.524,4.11594e-19
338.535,4.12538e-19
338.546,4.12023e-19
338.557,4.14373e-19
338.568,4.13837e-19
338.579,4.14431e-19
338.59,4.15146e-19
338.601,4.15365e-19
338.612,4.15308e-19
338.623,4.15518e-19
338.634,4.17818e-19
338.645,4.17337e-19
338.656,4.16537e-19
338.667,4.16196e-19
338.679,4.16493e-19
338.69,4.17779e-19
338.701,4.18919e-19
338.712,4.18395e-19
338.723,4.16889e-19
338.734,4.18285e-19
338.745,4.18776e-19
338.756,4.18999e-19
338.767,4.17956e-19
338.778,4.18534e-19
338.789,4.22063e-19
338.8,4.19894e-19
338.811,4.19566e-19
338.822,4.21102e-19
338.834,4.20384e-19
338.845,4.21279e-19
338.856,4.21715e-19
338.867,4.21821e-19
338.878,4.20492e-19
338.889,4.20656e-19
338.9,4.23211e-19
338.911,4.22811e-19
338.922,4.2165e-19
338.933,4.21624e-19
338.944,4.21927e-19
338.955,4.22799e-19
338.966,4.22377e-19
338.978,4.22589e-19
338.989,4.23822e-19
339,4.22657e-19
339.011,4.22719e-19
339.022,4.23808e-19
339.033,4.2345e-19
339.044,4.22841e-19
339.055,4.227e-19
339.066,4.23118e-19
339.077,4.23614e-19
339.088,4.24985e-19
339.099,4.23477e-19
339.111,4.22333e-19
339.122,4.23343e-19
339.133,4.21945e-19
339.144,4.22231e-19
339.155,4.23097e-19
339.166,4.22606e-19
339.177,4.20788e-19
339.188,4.19252e-19
339.199,4.19578e-19
339.21,4.19679e-19
339.222,4.19233e-19
339.233,4.17656e-19
339.244,4.18078e-19
339.255,4.17968e-19
339.266,4.16921e-19
339.277,4.16911e-19
339.288,4.15952e-19
339.299,4.16057e-19
339.31,4.14705e-19
339.321,4.13787e-19
339.333,4.13204e-19
339.344,4.13181e-19
339.355,4.14147e-19
339.366,4.12591e-19
339.377,4.125e-19
339.388,4.10794e-19
339.399,4.09796e-19
339.41,4.10064e-19
339.421,4.08045e-19
339.433,4.09314e-19
339.444,4.09542e-19
339.455,4.07568e-19
339.466,4.06677e-19
339.477,4.06172e-19
339.488,4.05162e-19
339.499,4.04085e-19
339.51,4.03665e-19
339.522,4.02594e-19
339.533,4.02169e-19
339.544,4.00811e-19
339.555,4.00225e-19
339.566,4.00173e-19
339.577,3.99056e-19
339.588,3.99058e-19
339.599,3.98227e-19
339.61,3.97805e-19
339.622,3.9674e-19
339.633,3.96252e-19
339.644,3.95875e-19
339.655,3.95306e-19
339.666,3.96756e-19
339.677,3.94143e-19
339.688,3.93925e-19
339.7,3.95033e-19
339.711,3.92649e-19
339.722,3.94029e-19
339.733,3.93744e-19
339.744,3.93665e-19
339.755,3.94669e-19
339.766,3.9298e-19
339.777,3.94068e-19
339.789,3.93717e-19
339.8,3.92897e-19
339.811,3.94057e-19
339.822,3.93162e-19
339.833,3.94351e-19
339.844,3.94938e-19
339.855,3.92563e-19
339.867,3.93836e-19
339.878,3.94848e-19
339.889,3.93134e-19
339.9,3.93541e-19
339.911,3.93656e-19
339.922,3.93531e-19
339.933,3.95045e-19
339.945,3.94992e-19
339.956,3.93831e-19
339.967,3.94977e-19
339.978,3.96412e-19
339.989,3.94995e-19
340,3.94584e-19
340.011,3.94988e-19
340.023,3.95187e-19
340.034,3.96709e-19
340.045,3.95808e-19
340.056,3.95785e-19
340.067,3.9709e-19
340.078,3.9686e-19
340.09,3.97384e-19
340.101,3.96338e-19
340.112,3.9673e-19
340.123,3.98063e-19
340.134,3.97268e-19
340.145,3.97549e-19
340.156,3.97772e-19
340.168,3.98644e-19
340.179,3.9904e-19
340.19,3.98508e-19
340.201,3.98735e-19
340.212,3.9901e-19
340.223,3.99104e-19
340.235,3.98142e-19
340.246,3.98731e-19
340.257,3.98718e-19
340.268,3.98503e-19
340.279,4.0056e-19
340.29,4.0048e-19
340.302,3.99757e-19
340.313,3.99661e-19
340.324,4.00758e-19
340.335,4.0134e-19
340.346,4.00399e-19
340.357,4.00668e-19
340.369,4.00459e-19
340.38,4.00679e-19
340.391,4.00898e-19
340.402,4.01654e-19
340.413,4.01897e-19
340.425,4.01147e-19
340.436,4.02402e-19
340.447,4.0262e-19
340.458,4.03858e-19
340.469,4.04134e-19
340.48,4.02762e-19
340.492,4.03266e-19
340.503,4.02947e-19
340.514,4.04268e-19
340.525,4.05008e-19
340.536,4.04483e-19
340.548,4.04744e-19
340.559,4.05851e-19
340.57,4.0678e-19
340.581,4.05265e-19
340.592,4.06414e-19
340.603,4.06499e-19
340.615,4.0621e-19
340.626,4.07861e-19
340.637,4.06472e-19
340.648,4.0732e-19
340.659,4.07855e-19
340.671,4.07556e-19
340.682,4.08783e-19
340.693,4.08454e-19
340.704,4.087e-19
340.715,4.09271e-19
340.727,4.10934e-19
340.738,4.12021e-19
340.749,4.11689e-19
340.76,4.12218e-19
340.771,4.13116e-19
340.783,4.13826e-19
340.794,4.13901e-19
340.805,4.14619e-19
340.816,4.15141e-19
340.827,4.1672e-19
340.839,4.17978e-19
340.85,4.17184e-19
340.861,4.18286e-19
340.872,4.19993e-19
340.883,4.21101e-19
340.895,4.21462e-19
340.906,4.21575e-19
340.917,4.22684e-19
340.928,4.23961e-19
340.94,4.24317e-19
340.951,4.25283e-19
340.962,4.27469e-19
340.973,4.26744e-19
340.984,4.27714e-19
340.996,4.30312e-19
341.007,4.296e-19
341.018,4.29664e-19
341.029,4.30623e-19
341.04,4.32332e-19
341.052,4.32937e-19
341.063,4.33501e-19
341.074,4.34781e-19
341.085,4.33678e-19
341.097,4.35494e-19
341.108,4.37604e-19
341.119,4.36654e-19
341.13,4.3722e-19
341.141,4.37979e-19
341.153,4.38144e-19
341.164,4.38544e-19
341.175,4.39082e-19
341.186,4.40549e-19
341.198,4.41606e-19
341.209,4.40775e-19
341.22,4.40783e-19
341.231,4.41496e-19
341.243,4.4083e-19
341.254,4.41193e-19
341.265,4.42163e-19
341.276,4.41423e-19
341.287,4.4164e-19
341.299,4.42312e-19
341.31,4.41173e-19
341.321,4.41793e-19
341.332,4.42603e-19
341.344,4.41859e-19
341.355,4.41652e-19
341.366,4.41797e-19
341.377,4.4239e-19
341.389,4.41438e-19
341.4,4.40628e-19
341.411,4.40604e-19
341.422,4.41051e-19
341.434,4.41178e-19
341.445,4.39208e-19
341.456,4.3931e-19
341.467,4.39367e-19
341.479,4.39573e-19
341.49,4.39192e-19
341.501,4.3697e-19
341.512,4.38323e-19
341.524,4.38118e-19
341.535,4.36562e-19
341.546,4.36755e-19
341.557,4.37353e-19
341.569,4.36992e-19
341.58,4.34644e-19
341.591,4.35039e-19
341.602,4.35455e-19
341.614,4.35281e-19
341.625,4.35153e-19
341.636,4.33036e-19
341.647,4.33017e-19
341.659,4.33483e-19
341.67,4.32972e-19
341.681,4.32995e-19
341.692,4.32783e-19
341.704,4.32148e-19
341.715,4.31897e-19
341.726,4.31217e-19
341.737,4.30584e-19
341.749,4.31018e-19
341.76,4.3094e-19
341.771,4.31578e-19
341.783,4.30312e-19
341.794,4.28589e-19
341.805,4.29658e-19
341.816,4.2897e-19
341.828,4.27992e-19
341.839,4.27444e-19
341.85,4.26654e-19
341.861,4.26313e-19
341.873,4.25284e-19
341.884,4.24169e-19
341.895,4.23335e-19
341.906,4.22702e-19
341.918,4.20794e-19
341.929,4.19348e-19
341.94,4.18532e-19
341.952,4.17292e-19
341.963,4.16922e-19
341.974,4.15801e-19
341.985,4.153e-19
341.997,4.13987e-19
342.008,4.11754e-19
342.019,4.11432e-19
342.031,4.09844e-19
342.042,4.08482e-19
342.053,4.08104e-19
342.064,4.07132e-19
342.076,4.06521e-19
342.087,4.05076e-19
342.098,4.04324e-19
342.11,4.03732e-19
342.121,4.02289e-19
342.132,4.01307e-19
342.143,4.00233e-19
342.155,3.99973e-19
342.166,3.99092e-19
342.177,3.98143e-19
342.189,3.98338e-19
342.2,3.96929e-19
342.211,3.95618e-19
342.223,3.95521e-19
342.234,3.95192e-19
342.245,3.94216e-19
342.256,3.93317e-19
342.268,3.92977e-19
342.279,3.91786e-19
342.29,3.90669e-19
342.302,3.89917e-19
342.313,3.89445e-19
342.324,3.89015e-19
342.336,3.87601e-19
342.347,3.86853e-19
342.358,3.86181e-19
342.369,3.8579e-19
342.381,3.86456e-19
342.392,3.85549e-19
342.403,3.84049e-19
342.415,3.83329e-19
342.426,3.83057e-19
342.437,3.83093e-19
342.449,3.81494e-19
342.46,3.80771e-19
342.471,3.81794e-19
342.483,3.80893e-19
342.494,3.8013e-19
342.505,3.80864e-19
342.516,3.80877e-19
342.528,3.79434e-19
342.539,3.79141e-19
342.55,3.79921e-19
342.562,3.78836e-19
342.573,3.78838e-19
342.584,3.78769e-19
342.596,3.77891e-19
342.607,3.78264e-19
342.618,3.77339e-19
342.63,3.76642e-19
342.641,3.75804e-19
342.652,3.74682e-19
342.664,3.74925e-19
342.675,3.74981e-19
342.686,3.7479e-19
342.698,3.74277e-19
342.709,3.73688e-19
342.72,3.72466e-19
342.732,3.71457e-19
342.743,3.71251e-19
342.754,3.714e-19
342.766,3.71344e-19
342.777,3.70221e-19
342.788,3.70394e-19
342.8,3.69983e-19
342.811,3.69076e-19
342.822,3.6918e-19
342.834,3.68256e-19
342.845,3.68161e-19
342.856,3.67616e-19
342.868,3.66611e-19
342.879,3.67064e-19
342.89,3.67095e-19
342.902,3.67271e-19
342.913,3.68165e-19
342.924,3.68166e-19
342.936,3.6719e-19
342.947,3.66851e-19
342.958,3.67157e-19
342.97,3.67096e-19
342.981,3.66962e-19
342.992,3.6729e-19
343.004,3.66983e-19
343.015,3.66769e-19
343.026,3.67286e-19
343.038,3.66563e-19
343.049,3.66111e-19
343.061,3.66257e-19
343.072,3.66339e-19
343.083,3.66389e-19
343.095,3.66098e-19
343.106,3.66474e-19
343.117,3.65945e-19
343.129,3.66453e-19
343.14,3.68136e-19
343.151,3.67778e-19
343.163,3.68476e-19
343.174,3.69693e-19
343.185,3.69415e-19
343.197,3.70109e-19
343.208,3.71224e-19
343.22,3.71696e-19
343.231,3.72577e-19
343.242,3.73547e-19
343.254,3.7485e-19
343.265,3.76076e-19
343.276,3.76322e-19
343.288,3.77411e-19
343.299,3.78636e-19
343.31,3.78782e-19
343.322,3.79786e-19
343.333,3.81949e-19
343.345,3.83082e-19
343.356,3.83811e-19
343.367,3.85609e-19
343.379,3.86817e-19
343.39,3.88102e-19
343.401,3.89216e-19
343.413,3.89516e-19
343.424,3.90408e-19
343.436,3.91454e-19
343.447,3.93178e-19
343.458,3.94325e-19
343.47,3.9444e-19
343.481,3.95422e-19
343.492,3.96043e-19
343.504,3.96132e-19
343.515,3.97218e-19
343.527,3.98299e-19
343.538,3.9864e-19
343.549,3.98908e-19
343.561,3.99154e-19
343.572,3.99759e-19
343.584,3.9994e-19
343.595,4.00448e-19
343.606,4.0136e-19
343.618,4.01727e-19
343.629,4.02181e-19
343.64,4.01333e-19
343.652,4.02146e-19
343.663,4.03639e-19
343.675,4.03345e-19
343.686,4.0438e-19
343.697,4.04132e-19
343.709,4.04209e-19
343.72,4.05649e-19
343.732,4.0527e-19
343.743,4.05617e-19
343.754,4.06648e-19
343.766,4.0668e-19
343.777,4.06775e-19
343.789,4.07562e-19
343.8,4.07515e-19
343.811,4.07322e-19
343.823,4.07958e-19
343.834,4.07916e-19
343.846,4.07713e-19
343.857,4.08048e-19
343.868,4.08698e-19
343.88,4.09258e-19
343.891,4.09232e-19
343.903,4.08701e-19
343.914,4.08814e-19
343.925,4.08876e-19
343.937,4.0833e-19
343.948,4.08212e-19
343.96,4.08582e-19
343.971,4.09578e-19
343.983,4.08926e-19
343.994,4.08434e-19
344.005,4.09661e-19
344.017,4.0963e-19
344.028,4.09046e-19
344.04,4.08553e-19
344.051,4.08501e-19
344.062,4.08065e-19
344.074,4.08174e-19
344.085,4.0827e-19
344.097,4.06885e-19
344.108,4.07276e-19
344.12,4.07657e-19
344.131,4.07301e-19
344.142,4.06852e-19
344.154,4.0616e-19
344.165,4.06429e-19
344.177,4.06353e-19
344.188,4.05857e-19
344.2,4.05562e-19
344.211,4.05434e-19
344.222,4.05013e-19
344.234,4.05678e-19
344.245,4.05288e-19
344.257,4.04194e-19
344.268,4.05224e-19
344.28,4.04321e-19
344.291,4.03457e-19
344.302,4.03261e-19
344.314,4.03147e-19
344.325,4.03741e-19
344.337,4.0301e-19
344.348,4.03384e-19
344.36,4.03691e-19
344.371,4.03596e-19
344.382,4.03264e-19
344.394,4.03312e-19
344.405,4.04129e-19
344.417,4.03156e-19
344.428,4.03463e-19
344.44,4.04274e-19
344.451,4.03987e-19
344.463,4.0378e-19
344.474,4.04079e-19
344.485,4.0499e-19
344.497,4.05961e-19
344.508,4.06934e-19
344.52,4.06072e-19
344.531,4.07003e-19
344.543,4.08711e-19
344.554,4.07731e-19
344.566,4.09003e-19
344.577,4.10424e-19
344.588,4.09442e-19
344.6,4.09843e-19
344.611,4.10914e-19
344.623,4.10517e-19
344.634,4.11625e-19
344.646,4.13174e-19
344.657,4.12453e-19
344.669,4.13116e-19
344.68,4.14705e-19
344.692,4.14462e-19
344.703,4.14386e-19
344.715,4.1584e-19
344.726,4.16475e-19
344.737,4.16338e-19
344.749,4.16764e-19
344.76,4.16881e-19
344.772,4.1669e-19
344.783,4.16186e-19
344.795,4.1652e-19
344.806,4.17069e-19
344.818,4.17686e-19
344.829,4.17758e-19
344.841,4.16876e-19
344.852,4.17743e-19
344.864,4.17879e-19
344.875,4.17893e-19
344.887,4.18436e-19
344.898,4.17916e-19
344.909,4.18428e-19
344.921,4.18808e-19
344.932,4.18925e-19
344.944,4.19323e-19
344.955,4.19469e-19
344.967,4.1942e-19
344.978,4.19399e-19
344.99,4.19017e-19
345.001,4.18896e-19
345.013,4.19024e-19
345.024,4.18114e-19
345.036,4.19054e-19
345.047,4.19855e-19
345.059,4.20336e-19
345.07,4.21048e-19
345.082,4.19323e-19
345.093,4.20204e-19
345.105,4.21342e-19
345.116,4.20433e-19
345.128,4.21339e-19
345.139,4.22006e-19
345.151,4.21738e-19
345.162,4.21987e-19
345.174,4.22406e-19
345.185,4.22405e-19
345.197,4.2335e-19
345.208,4.23777e-19
345.22,4.23597e-19
345.231,4.24342e-19
345.243,4.23942e-19
345.254,4.23891e-19
345.266,4.24172e-19
345.277,4.23668e-19
345.289,4.23933e-19
345.3,4.24472e-19
345.312,4.24156e-19
345.323,4.23722e-19
345.335,4.23486e-19
345.346,4.22941e-19
345.358,4.23229e-19
345.369,4.23499e-19
345.381,4.23199e-19
345.392,4.22221e-19
345.404,4.21476e-19
345.415,4.22232e-19
345.427,4.21493e-19
345.438,4.20169e-19
345.45,4.19324e-19
345.461,4.18732e-19
345.473,4.19244e-19
345.484,4.18614e-19
345.496,4.17699e-19
345.507,4.17759e-19
345.519,4.17694e-19
345.53,4.17159e-19
345.542,4.16649e-19
345.553,4.16851e-19
345.565,4.16471e-19
345.576,4.15773e-19
345.588,4.16474e-19
345.599,4.16519e-19
345.611,4.15613e-19
345.622,4.1614e-19
345.634,4.16239e-19
345.645,4.15742e-19
345.657,4.16254e-19
345.668,4.16388e-19
345.68,4.16747e-19
345.692,4.18002e-19
345.703,4.185e-19
345.715,4.18548e-19
345.726,4.19131e-19
345.738,4.19494e-19
345.749,4.20136e-19
345.761,4.20722e-19
345.772,4.20793e-19
345.784,4.21611e-19
345.795,4.23159e-19
345.807,4.24471e-19
345.818,4.24749e-19
345.83,4.25761e-19
345.841,4.2677e-19
345.853,4.27161e-19
345.865,4.28213e-19
345.876,4.28902e-19
345.888,4.29868e-19
345.899,4.29833e-19
345.911,4.31343e-19
345.922,4.34009e-19
345.934,4.33912e-19
345.945,4.35541e-19
345.957,4.36752e-19
345.968,4.36436e-19
345.98,4.37616e-19
345.991,4.38925e-19
346.003,4.40714e-19
346.015,4.4162e-19
346.026,4.42068e-19
346.038,4.43716e-19
346.049,4.44524e-19
346.061,4.44277e-19
346.072,4.45366e-19
346.084,4.46216e-19
346.095,4.46837e-19
346.107,4.47994e-19
346.119,4.48195e-19
346.13,4.48975e-19
346.142,4.4871e-19
346.153,4.5019e-19
346.165,4.51814e-19
346.176,4.49974e-19
346.188,4.51802e-19
346.199,4.52949e-19
346.211,4.52835e-19
346.223,4.5435e-19
346.234,4.53826e-19
346.246,4.54527e-19
346.257,4.5464e-19
346.269,4.54375e-19
346.28,4.54835e-19
346.292,4.54477e-19
346.304,4.55335e-19
346.315,4.5554e-19
346.327,4.55403e-19
346.338,4.55592e-19
346.35,4.55961e-19
346.361,4.56727e-19
346.373,4.5669e-19
346.385,4.568e-19
346.396,4.56579e-19
346.408,4.56634e-19
346.419,4.57325e-19
346.431,4.57568e-19
346.442,4.58007e-19
346.454,4.58258e-19
346.466,4.58656e-19
346.477,4.58825e-19
346.489,4.59611e-19
346.5,4.60739e-19
346.512,4.59469e-19
346.523,4.59713e-19
346.535,4.61458e-19
346.547,4.61478e-19
346.558,4.61847e-19
346.57,4.62482e-19
346.581,4.63298e-19
346.593,4.63428e-19
346.605,4.63816e-19
346.616,4.65131e-19
346.628,4.65394e-19
346.639,4.65877e-19
346.651,4.65138e-19
346.663,4.65189e-19
346.674,4.66411e-19
346.686,4.65142e-19
346.697,4.65921e-19
346.709,4.67338e-19
346.72,4.6668e-19
346.732,4.67745e-19
346.744,4.68384e-19
346.755,4.67926e-19
346.767,4.68169e-19
346.778,4.67164e-19
346.79,4.66738e-19
346.802,4.67596e-19
346.813,4.66946e-19
346.825,4.66525e-19
346.836,4.66459e-19
346.848,4.65975e-19
346.86,4.66179e-19
346.871,4.65638e-19
346.883,4.64918e-19
346.894,4.6423e-19
346.906,4.63078e-19
346.918,4.63432e-19
346.929,4.63427e-19
346.941,4.62407e-19
346.953,4.62301e-19
346.964,4.61467e-19
346.976,4.61032e-19
346.987,4.60597e-19
346.999,4.59395e-19
347.011,4.5912e-19
347.022,4.57556e-19
347.034,4.56806e-19
347.045,4.56047e-19
347.057,4.54135e-19
347.069,4.54533e-19
347.08,4.53578e-19
347.092,4.51941e-19
347.104,4.51933e-19
347.115,4.51298e-19
347.127,4.50104e-19
347.138,4.49565e-19
347.15,4.49398e-19
347.162,4.4891e-19
347.173,4.49394e-19
347.185,4.48388e-19
347.197,4.47428e-19
347.208,4.48026e-19
347.22,4.4712e-19
347.231,4.46979e-19
347.243,4.46998e-19
347.255,4.46466e-19
347.266,4.45526e-19
347.278,4.448e-19
347.29,4.44815e-19
347.301,4.44505e-19
347.313,4.4502e-19
347.325,4.43408e-19
347.336,4.42117e-19
347.348,4.42522e-19
347.359,4.42233e-19
347.371,4.43343e-19
347.383,4.42738e-19
347.394,4.418e-19
347.406,4.42184e-19
347.418,4.41913e-19
347.429,4.41839e-19
347.441,4.41371e-19
347.453,4.41724e-19
347.464,4.41796e-19
347.476,4.40602e-19
347.487,4.40124e-19
347.499,4.40033e-19
347.511,4.39998e-19
347.522,4.40175e-19
347.534,4.39895e-19
347.546,4.3981e-19
347.557,4.40745e-19
347.569,4.407e-19
347.581,4.40088e-19
347.592,4.39968e-19
347.604,4.39911e-19
347.616,4.39904e-19
347.627,4.39597e-19
347.639,4.40079e-19
347.651,4.40367e-19
347.662,4.40809e-19
347.674,4.41493e-19
347.686,4.40851e-19
347.697,4.4122e-19
347.709,4.41678e-19
347.721,4.41482e-19
347.732,4.42058e-19
347.744,4.42595e-19
347.756,4.43255e-19
347.767,4.44106e-19
347.779,4.44994e-19
347.791,4.45062e-19
347.802,4.4508e-19
347.814,4.46362e-19
347.826,4.47847e-19
347.837,4.48779e-19
347.849,4.48881e-19
347.861,4.50419e-19
347.872,4.51804e-19
347.884,4.51844e-19
347.896,4.538e-19
347.907,4.54446e-19
347.919,4.55156e-19
347.931,4.57471e-19
347.942,4.58222e-19
347.954,4.60146e-19
347.966,4.61945e-19
347.977,4.64333e-19
347.989,4.66925e-19
348.001,4.67904e-19
348.012,4.70719e-19
348.024,4.72492e-19
348.036,4.7546e-19
348.047,4.79142e-19
348.059,4.81571e-19
348.071,4.86678e-19
348.082,4.89406e-19
348.094,4.92448e-19
348.106,4.96774e-19
348.118,4.99114e-19
348.129,5.03502e-19
348.141,5.06709e-19
348.153,5.09982e-19
348.164,5.1382e-19
348.176,5.15562e-19
348.188,5.18551e-19
348.199,5.20823e-19
348.211,5.22859e-19
348.223,5.25543e-19
348.234,5.2685e-19
348.246,5.29279e-19
348.258,5.31702e-19
348.27,5.33011e-19
348.281,5.35027e-19
348.293,5.36969e-19
348.305,5.37903e-19
348.316,5.38762e-19
348.328,5.408e-19
348.34,5.42994e-19
348.351,5.45148e-19
348.363,5.46523e-19
348.375,5.47432e-19
348.387,5.49269e-19
348.398,5.49705e-19
348.41,5.50286e-19
348.422,5.50853e-19
348.433,5.50869e-19
348.445,5.51756e-19
348.457,5.50766e-19
348.469,5.50249e-19
348.48,5.50278e-19
348.492,5.49778e-19
348.504,5.495e-19
348.515,5.47584e-19
348.527,5.46597e-19
348.539,5.45773e-19
348.551,5.4359e-19
348.562,5.4122e-19
348.574,5.39318e-19
348.586,5.38953e-19
348.597,5.37851e-19
348.609,5.35533e-19
348.621,5.34192e-19
348.633,5.33781e-19
348.644,5.32447e-19
348.656,5.31417e-19
348.668,5.30607e-19
348.68,5.28779e-19
348.691,5.2797e-19
348.703,5.25404e-19
348.715,5.23069e-19
348.726,5.23585e-19
348.738,5.21626e-19
348.75,5.18801e-19
348.762,5.18001e-19
348.773,5.16572e-19
348.785,5.13635e-19
348.797,5.1248e-19
348.809,5.12096e-19
348.82,5.10273e-19
348.832,5.09931e-19
348.844,5.08623e-19
348.856,5.06252e-19
348.867,5.0554e-19
348.879,5.0367e-19
348.891,5.02009e-19
348.902,5.016e-19
348.914,5.00133e-19
348.926,4.98673e-19
348.938,4.96973e-19
348.949,4.94903e-19
348.961,4.94023e-19
348.973,4.92546e-19
348.985,4.9094e-19
348.996,4.89347e-19
349.008,4.87142e-19
349.02,4.85671e-19
349.032,4.83179e-19
349.043,4.81744e-19
349.055,4.80593e-19
349.067,4.78003e-19
349.079,4.76627e-19
349.09,4.74643e-19
349.102,4.72113e-19
349.114,4.6885e-19
349.126,4.67017e-19
349.137,4.65775e-19
349.149,4.62018e-19
349.161,4.6004e-19
349.173,4.58107e-19
349.185,4.56509e-19
349.196,4.54911e-19
349.208,4.51937e-19
349.22,4.50778e-19
349.232,4.48214e-19
349.243,4.45689e-19
349.255,4.44255e-19
349.267,4.42181e-19
349.279,4.40493e-19
349.29,4.38692e-19
349.302,4.37268e-19
349.314,4.34837e-19
349.326,4.32956e-19
349.337,4.32546e-19
349.349,4.31191e-19
349.361,4.2961e-19
349.373,4.28121e-19
349.385,4.26634e-19
349.396,4.26264e-19
349.408,4.25622e-19
349.42,4.23563e-19
349.432,4.22745e-19
349.443,4.22061e-19
349.455,4.21562e-19
349.467,4.21438e-19
349.479,4.1995e-19
349.491,4.1987e-19
349.502,4.19139e-19
349.514,4.18001e-19
349.526,4.18235e-19
349.538,4.17972e-19
349.55,4.17804e-19
349.561,4.17267e-19
349.573,4.17072e-19
349.585,4.1668e-19
349.597,4.1664e-19
349.608,4.16077e-19
349.62,4.14934e-19
349.632,4.15507e-19
349.644,4.14594e-19
349.656,4.14584e-19
349.667,4.14509e-19
349.679,4.13248e-19
349.691,4.14529e-19
349.703,4.1368e-19
349.715,4.12658e-19
349.726,4.13852e-19
349.738,4.1306e-19
349.75,4.12591e-19
349.762,4.13571e-19
349.774,4.13472e-19
349.785,4.137e-19
349.797,4.1416e-19
349.809,4.13787e-19
349.821,4.1474e-19
349.833,4.14859e-19
349.844,4.14182e-19
349.856,4.14255e-19
349.868,4.13995e-19
349.88,4.14905e-19
349.892,4.1551e-19
349.903,4.15794e-19
349.915,4.16041e-19
349.927,4.15758e-19
349.939,4.16223e-19
349.951,4.16174e-19
349.962,4.16418e-19
349.974,4.17258e-19
349.986,4.17995e-19
349.998,4.18574e-19
350.01,4.18911e-19
350.022,4.19397e-19
350.033,4.19395e-19
350.045,4.19612e-19
350.057,4.20009e-19
350.069,4.20658e-19
350.081,4.21309e-19
350.092,4.22009e-19
350.104,4.23093e-19
350.116,4.22746e-19
350.128,4.23145e-19
350.14,4.24117e-19
350.152,4.23818e-19
350.163,4.24129e-19
350.175,4.24548e-19
350.187,4.25319e-19
350.199,4.25954e-19
350.211,4.26206e-19
350.223,4.26693e-19
350.234,4.26328e-19
350.246,4.27339e-19
350.258,4.2871e-19
350.27,4.28657e-19
350.282,4.29311e-19
350.294,4.30227e-19
350.305,4.31646e-19
350.317,4.32163e-19
350.329,4.32195e-19
350.341,4.34282e-19
350.353,4.35077e-19
350.365,4.35249e-19
350.376,4.36745e-19
350.388,4.37822e-19
350.4,4.38807e-19
350.412,4.39876e-19
350.424,4.41312e-19
350.436,4.42514e-19
350.448,4.43581e-19
350.459,4.45608e-19
350.471,4.46233e-19
350.483,4.46372e-19
350.495,4.48536e-19
350.507,4.49496e-19
350.519,4.50064e-19
350.53,4.51895e-19
350.542,4.51926e-19
350.554,4.52396e-19
350.566,4.5351e-19
350.578,4.53886e-19
350.59,4.54662e-19
350.602,4.54946e-19
350.613,4.55734e-19
350.625,4.55948e-19
350.637,4.56075e-19
350.649,4.56443e-19
350.661,4.56093e-19
350.673,4.57355e-19
350.685,4.57589e-19
350.696,4.5774e-19
350.708,4.58736e-19
350.72,4.58134e-19
350.732,4.58881e-19
350.744,4.59897e-19
350.756,4.60751e-19
350.768,4.62346e-19
350.78,4.6247e-19
350.791,4.62729e-19
350.803,4.63999e-19
350.815,4.64919e-19
350.827,4.65108e-19
350.839,4.65569e-19
350.851,4.66544e-19
350.863,4.66673e-19
350.875,4.67387e-19
350.886,4.68077e-19
350.898,4.68041e-19
350.91,4.69226e-19
350.922,4.69255e-19
350.934,4.68928e-19
350.946,4.69797e-19
350.958,4.70692e-19
350.97,4.71357e-19
350.981,4.70822e-19
350.993,4.71683e-19
351.005,4.72058e-19
351.017,4.71724e-19
351.029,4.72607e-19
351.041,4.72094e-19
351.053,4.73189e-19
351.065,4.74193e-19
351.077,4.74101e-19
351.088,4.74792e-19
351.1,4.75404e-19
351.112,4.76733e-19
351.124,4.7691e-19
351.136,4.7745e-19
351.148,4.77629e-19
351.16,4.77528e-19
351.172,4.7837e-19
351.184,4.78564e-19
351.195,4.79287e-19
351.207,4.78512e-19
351.219,4.78676e-19
351.231,4.79209e-19
351.243,4.77812e-19
351.255,4.77551e-19
351.267,4.77574e-19
351.279,4.77736e-19
351.291,4.77175e-19
351.303,4.76111e-19
351.314,4.74886e-19
351.326,4.7513e-19
351.338,4.75822e-19
351.35,4.74006e-19
351.362,4.73942e-19
351.374,4.73786e-19
351.386,4.72548e-19
351.398,4.71969e-19
351.41,4.71762e-19
351.422,4.71339e-19
351.434,4.68953e-19
351.445,4.68672e-19
351.457,4.68923e-19
351.469,4.67256e-19
351.481,4.66411e-19
351.493,4.65745e-19
351.505,4.63737e-19
351.517,4.61848e-19
351.529,4.61829e-19
351.541,4.60431e-19
351.553,4.58822e-19
351.565,4.576e-19
351.577,4.555e-19
351.588,4.54606e-19
351.6,4.5334e-19
351.612,4.51755e-19
351.624,4.50426e-19
351.636,4.49211e-19
351.648,4.47436e-19
351.66,4.45923e-19
351.672,4.44691e-19
351.684,4.42723e-19
351.696,4.42872e-19
351.708,4.41956e-19
351.72,4.40135e-19
351.732,4.39633e-19
351.744,4.38363e-19
351.755,4.38006e-19
351.767,4.37459e-19
351.779,4.36782e-19
351.791,4.36205e-19
351.803,4.35231e-19
351.815,4.34937e-19
351.827,4.34689e-19
351.839,4.34614e-19
351.851,4.34506e-19
351.863,4.34851e-19
351.875,4.34987e-19
351.887,4.35047e-19
351.899,4.35519e-19
351.911,4.35883e-19
351.923,4.36962e-19
351.935,4.37288e-19
351.947,4.37646e-19
351.958,4.3888e-19
351.97,4.39498e-19
351.982,4.4044e-19
351.994,4.41899e-19
352.006,4.425e-19
352.018,4.43137e-19
352.03,4.44718e-19
352.042,4.45597e-19
352.054,4.46607e-19
352.066,4.48019e-19
352.078,4.49392e-19
352.09,4.51503e-19
352.102,4.53073e-19
352.114,4.53745e-19
352.126,4.54564e-19
352.138,4.56576e-19
352.15,4.5824e-19
352.162,4.59828e-19
352.174,4.61483e-19
352.186,4.616e-19
352.198,4.62874e-19
352.21,4.6317e-19
352.222,4.63383e-19
352.234,4.65518e-19
352.245,4.64931e-19
352.257,4.6477e-19
352.269,4.65711e-19
352.281,4.6525e-19
352.293,4.65177e-19
352.305,4.65113e-19
352.317,4.65171e-19
352.329,4.65122e-19
352.341,4.65312e-19
352.353,4.65379e-19
352.365,4.64693e-19
352.377,4.64649e-19
352.389,4.64884e-19
352.401,4.64871e-19
352.413,4.64193e-19
352.425,4.64083e-19
352.437,4.63876e-19
352.449,4.62235e-19
352.461,4.61784e-19
352.473,4.61731e-19
352.485,4.61007e-19
352.497,4.59495e-19
352.509,4.58374e-19
352.521,4.58339e-19
352.533,4.56816e-19
352.545,4.55991e-19
352.557,4.55108e-19
352.569,4.53743e-19
352.581,4.53639e-19
352.593,4.52142e-19
352.605,4.51058e-19
352.617,4.4969e-19
352.629,4.47554e-19
352.641,4.46422e-19
352.653,4.45009e-19
352.665,4.44318e-19
352.677,4.42998e-19
352.689,4.41503e-19
352.701,4.40026e-19
352.713,4.37748e-19
352.725,4.36826e-19
352.737,4.35502e-19
352.749,4.33697e-19
352.761,4.31801e-19
352.773,4.29976e-19
352.785,4.29028e-19
352.797,4.27216e-19
352.809,4.25803e-19
352.821,4.2441e-19
352.833,4.22744e-19
352.845,4.21549e-19
352.857,4.19889e-19
352.869,4.19463e-19
352.881,4.18381e-19
352.893,4.16584e-19
352.905,4.16183e-19
352.917,4.14714e-19
352.929,4.1398e-19
352.941,4.1393e-19
352.953,4.13193e-19
352.965,4.13236e-19
352.977,4.1225e-19
352.989,4.11714e-19
353.001,4.11786e-19
353.013,4.11047e-19
353.025,4.10981e-19
353.037,4.11065e-19
353.049,4.11892e-19
353.061,4.12247e-19
353.073,4.11853e-19
353.085,4.12209e-19
353.097,4.12225e-19
353.109,4.12603e-19
353.121,4.12752e-19
353.133,4.12689e-19
353.145,4.13497e-19
353.157,4.13705e-19
353.169,4.13762e-19
353.181,4.14537e-19
353.193,4.14503e-19
353.206,4.14427e-19
353.218,4.15583e-19
353.23,4.15926e-19
353.242,4.16438e-19
353.254,4.17289e-19
353.266,4.17193e-19
353.278,4.17914e-19
353.29,4.18871e-19
353.302,4.19847e-19
353.314,4.20778e-19
353.326,4.21434e-19
353.338,4.21993e-19
353.35,4.22626e-19
353.362,4.24415e-19
353.374,4.25854e-19
353.386,4.27213e-19
353.398,4.28447e-19
353.41,4.29214e-19
353.422,4.30728e-19
353.434,4.318e-19
353.446,4.33063e-19
353.458,4.34403e-19
353.47,4.35795e-19
353.483,4.37426e-19
353.495,4.37977e-19
353.507,4.38997e-19
353.519,4.40226e-19
353.531,4.41002e-19
353.543,4.42209e-19
353.555,4.43599e-19
353.567,4.45037e-19
353.579,4.45864e-19
353.591,4.46886e-19
353.603,4.48623e-19
353.615,4.49976e-19
353.627,4.51379e-19
353.639,4.52768e-19
353.651,4.54194e-19
353.663,4.5572e-19
353.675,4.57109e-19
353.688,4.59221e-19
353.7,4.60814e-19
353.712,4.62284e-19
353.724,4.64611e-19
353.736,4.66616e-19
353.748,4.68688e-19
353.76,4.70661e-19
353.772,4.73064e-19
353.784,4.7532e-19
353.796,4.77019e-19
353.808,4.79327e-19
353.82,4.81297e-19
353.832,4.83442e-19
353.844,4.85155e-19
353.857,4.86428e-19
353.869,4.88529e-19
353.881,4.9018e-19
353.893,4.91745e-19
353.905,4.93504e-19
353.917,4.94355e-19
353.929,4.95515e-19
353.941,4.97692e-19
353.953,4.98855e-19
353.965,5.00296e-19
353.977,5.02282e-19
353.989,5.03218e-19
354.002,5.05007e-19
354.014,5.07167e-19
354.026,5.09135e-19
354.038,5.11098e-19
354.05,5.13479e-19
354.062,5.15984e-19
354.074,5.17553e-19
354.086,5.19638e-19
354.098,5.21991e-19
354.11,5.25152e-19
354.122,5.27616e-19
354.135,5.28891e-19
354.147,5.31308e-19
354.159,5.33163e-19
354.171,5.34896e-19
354.183,5.36875e-19
354.195,5.39493e-19
354.207,5.42433e-19
354.219,5.43773e-19
354.231,5.45409e-19
354.243,5.47404e-19
354.256,5.4923e-19
354.268,5.51792e-19
354.28,5.53505e-19
354.292,5.54721e-19
354.304,5.56343e-19
354.316,5.56481e-19
354.328,5.57914e-19
354.34,5.5957e-19
354.352,5.59228e-19
354.365,5.61176e-19
354.377,5.62538e-19
354.389,5.62767e-19
354.401,5.628e-19
354.413,5.63064e-19
354.425,5.64843e-19
354.437,5.64267e-19
354.449,5.64066e-19
354.461,5.64621e-19
354.474,5.64803e-19
354.486,5.64935e-19
354.498,5.64551e-19
354.51,5.64865e-19
354.522,5.64302e-19
354.534,5.64997e-19
354.546,5.64651e-19
354.558,5.63932e-19
354.571,5.64203e-19
354.583,5.6262e-19
354.595,5.63305e-19
354.607,5.634e-19
354.619,5.62454e-19
354.631,5.61974e-19
354.643,5.60961e-19
354.655,5.60705e-19
354.668,5.59862e-19
354.68,5.59743e-19
354.692,5.58834e-19
354.704,5.57864e-19
354.716,5.57583e-19
354.728,5.56961e-19
354.74,5.5642e-19
354.753,5.54862e-19
354.765,5.54955e-19
354.777,5.54474e-19
354.789,5.53531e-19
354.801,5.53384e-19
354.813,5.52113e-19
354.825,5.5149e-19
354.838,5.50065e-19
354.85,5.49175e-19
354.862,5.486e-19
354.874,5.46742e-19
354.886,5.45477e-19
354.898,5.44695e-19
354.91,5.43524e-19
354.923,5.41294e-19
354.935,5.40034e-19
354.947,5.38774e-19
354.959,5.37513e-19
354.971,5.36543e-19
354.983,5.34315e-19
354.996,5.33596e-19
355.008,5.32003e-19
355.02,5.29852e-19
355.032,5.29134e-19
355.044,5.27341e-19
355.056,5.26396e-19
355.068,5.25302e-19
355.081,5.232e-19
355.093,5.21674e-19
355.105,5.20345e-19
355.117,5.19308e-19
355.129,5.17485e-19
355.141,5.15637e-19
355.154,5.14386e-19
355.166,5.12927e-19
355.178,5.1155e-19
355.19,5.10365e-19
355.202,5.09117e-19
355.214,5.07573e-19
355.227,5.06153e-19
355.239,5.04643e-19
355.251,5.03569e-19
355.263,5.02663e-19
355.275,5.00979e-19
355.287,4.99942e-19
355.3,4.98998e-19
355.312,4.97751e-19
355.324,4.96386e-19
355.336,4.94788e-19
355.348,4.93555e-19
355.361,4.92236e-19
355.373,4.91533e-19
355.385,4.903e-19
355.397,4.88547e-19
355.409,4.88302e-19
355.421,4.8791e-19
355.434,4.86861e-19
355.446,4.86086e-19
355.458,4.85304e-19
355.47,4.84256e-19
355.482,4.83506e-19
355.495,4.82747e-19
355.507,4.81768e-19
355.519,4.81301e-19
355.531,4.80575e-19
355.543,4.80033e-19
355.556,4.79472e-19
355.568,4.78122e-19
355.58,4.77207e-19
355.592,4.76304e-19
355.604,4.74956e-19
355.617,4.74322e-19
355.629,4.73786e-19
355.641,4.72526e-19
355.653,4.71458e-19
355.665,4.7024e-19
355.678,4.69154e-19
355.69,4.68378e-19
355.702,4.6809e-19
355.714,4.67801e-19
355.726,4.661e-19
355.739,4.66067e-19
355.751,4.65336e-19
355.763,4.62902e-19
355.775,4.6346e-19
355.787,4.63608e-19
355.8,4.62726e-19
355.812,4.62023e-19
355.824,4.61066e-19
355.836,4.61135e-19
355.848,4.60863e-19
355.861,4.60557e-19
355.873,4.60346e-19
355.885,4.59968e-19
355.897,4.59521e-19
355.91,4.59082e-19
355.922,4.59556e-19
355.934,4.59806e-19
355.946,4.59591e-19
355.958,4.60079e-19
355.971,4.60571e-19
355.983,4.60652e-19
355.995,4.61457e-19
356.007,4.61888e-19
356.02,4.62508e-19
356.032,4.63753e-19
356.044,4.64146e-19
356.056,4.65497e-19
356.068,4.65837e-19
356.081,4.65732e-19
356.093,4.67588e-19
356.105,4.68353e-19
356.117,4.68922e-19
356.13,4.69865e-19
356.142,4.70819e-19
356.154,4.7225e-19
356.166,4.72743e-19
356.179,4.72935e-19
356.191,4.73743e-19
356.203,4.74964e-19
356.215,4.75651e-19
356.228,4.7586e-19
356.24,4.76774e-19
356.252,4.77955e-19
356.264,4.78626e-19
356.276,4.79283e-19
356.289,4.80052e-19
356.301,4.80561e-19
356.313,4.8119e-19
356.325,4.81934e-19
356.338,4.82712e-19
356.35,4.8366e-19
356.362,4.85062e-19
356.374,4.85641e-19
356.387,4.85648e-19
356.399,4.87068e-19
356.411,4.87904e-19
356.423,4.88387e-19
356.436,4.89219e-19
356.448,4.89715e-19
356.46,4.91391e-19
356.472,4.92426e-19
356.485,4.92727e-19
356.497,4.94049e-19
356.509,4.95334e-19
356.522,4.96392e-19
356.534,4.97594e-19
356.546,4.99212e-19
356.558,5.004e-19
356.571,5.01392e-19
356.583,5.03398e-19
356.595,5.05451e-19
356.607,5.07126e-19
356.62,5.08715e-19
356.632,5.10139e-19
356.644,5.12249e-19
356.656,5.14849e-19
356.669,5.16345e-19
356.681,5.18e-19
356.693,5.19951e-19
356.706,5.20944e-19
356.718,5.22787e-19
356.73,5.2419e-19
356.742,5.25735e-19
356.755,5.28503e-19
356.767,5.2918e-19
356.779,5.30176e-19
356.791,5.31961e-19
356.804,5.33368e-19
356.816,5.35592e-19
356.828,5.37024e-19
356.841,5.38888e-19
356.853,5.40453e-19
356.865,5.41202e-19
356.877,5.42873e-19
356.89,5.44286e-19
356.902,5.4593e-19
356.914,5.4773e-19
356.927,5.49613e-19
356.939,5.51507e-19
356.951,5.52915e-19
356.963,5.54932e-19
356.976,5.56665e-19
356.988,5.58059e-19
357,5.60092e-19
357.013,5.62018e-19
357.025,5.63855e-19
357.037,5.65332e-19
357.049,5.66079e-19
357.062,5.67728e-19
357.074,5.69102e-19
357.086,5.69485e-19
357.099,5.70905e-19
357.111,5.72482e-19
357.123,5.73847e-19
357.136,5.74542e-19
357.148,5.754e-19
357.16,5.76779e-19
357.173,5.77426e-19
357.185,5.78558e-19
357.197,5.78976e-19
357.209,5.78934e-19
357.222,5.79368e-19
357.234,5.79444e-19
357.246,5.79101e-19
357.259,5.78908e-19
357.271,5.78869e-19
357.283,5.77818e-19
357.296,5.77305e-19
357.308,5.76428e-19
357.32,5.7588e-19
357.333,5.75483e-19
357.345,5.73475e-19
357.357,5.7332e-19
357.369,5.72945e-19
357.382,5.72338e-19
357.394,5.72209e-19
357.406,5.70645e-19
357.419,5.69921e-19
357.431,5.69573e-19
357.443,5.69091e-19
357.456,5.68787e-19
357.468,5.68606e-19
357.48,5.67523e-19
357.493,5.6746e-19
357.505,5.68589e-19
357.517,5.67132e-19
357.53,5.66635e-19
357.542,5.66859e-19
357.554,5.65695e-19
357.567,5.65219e-19
357.579,5.64709e-19
357.591,5.63775e-19
357.604,5.62754e-19
357.616,5.61083e-19
357.628,5.58724e-19
357.641,5.57403e-19
357.653,5.56027e-19
357.665,5.5423e-19
357.678,5.52693e-19
357.69,5.50976e-19
357.702,5.49434e-19
357.715,5.471e-19
357.727,5.461e-19
357.739,5.45215e-19
357.752,5.43621e-19
357.764,5.43036e-19
357.776,5.41651e-19
357.789,5.41318e-19
357.801,5.40686e-19
357.814,5.39244e-19
357.826,5.38509e-19
357.838,5.37224e-19
357.851,5.37021e-19
357.863,5.36936e-19
357.875,5.36541e-19
357.888,5.36526e-19
357.9,5.36356e-19
357.912,5.35927e-19
357.925,5.35465e-19
357.937,5.36129e-19
357.949,5.35715e-19
357.962,5.34945e-19
357.974,5.35271e-19
357.986,5.33946e-19
357.999,5.32786e-19
358.011,5.32279e-19
358.024,5.31139e-19
358.036,5.30496e-19
358.048,5.29482e-19
358.061,5.28616e-19
358.073,5.27552e-19
358.085,5.25827e-19
358.098,5.24946e-19
358.11,5.24148e-19
358.123,5.23463e-19
358.135,5.22761e-19
358.147,5.22545e-19
358.16,5.22505e-19
358.172,5.21331e-19
358.184,5.20919e-19
358.197,5.20365e-19
358.209,5.19484e-19
358.222,5.19051e-19
358.234,5.18253e-19
358.246,5.17943e-19
358.259,5.1751e-19
358.271,5.17117e-19
358.283,5.1663e-19
358.296,5.15774e-19
358.308,5.15014e-19
358.321,5.14036e-19
358.333,5.14054e-19
358.345,5.13604e-19
358.358,5.12239e-19
358.37,5.11788e-19
358.382,5.10792e-19
358.395,5.10015e-19
358.407,5.09308e-19
358.42,5.07639e-19
358.432,5.07508e-19
358.444,5.07112e-19
358.457,5.05788e-19
358.469,5.05107e-19
358.482,5.04179e-19
358.494,5.03718e-19
358.506,5.02612e-19
358.519,5.01668e-19
358.531,5.0134e-19
358.544,5.00274e-19
358.556,4.99669e-19
358.568,4.98672e-19
358.581,4.97884e-19
358.593,4.97556e-19
358.606,4.97286e-19
358.618,4.96601e-19
358.63,4.9541e-19
358.643,4.95438e-19
358.655,4.94388e-19
358.668,4.93113e-19
358.68,4.92671e-19
358.692,4.91468e-19
358.705,4.91366e-19
358.717,4.91368e-19
358.73,4.9018e-19
358.742,4.89729e-19
358.755,4.89705e-19
358.767,4.88606e-19
358.779,4.87795e-19
358.792,4.87096e-19
358.804,4.86321e-19
358.817,4.85887e-19
358.829,4.85027e-19
358.841,4.84581e-19
358.854,4.83473e-19
358.866,4.82605e-19
358.879,4.82022e-19
358.891,4.8068e-19
358.904,4.79671e-19
358.916,4.78152e-19
358.928,4.77481e-19
358.941,4.76766e-19
358.953,4.75113e-19
358.966,4.73594e-19
358.978,4.72124e-19
358.991,4.71279e-19
359.003,4.70337e-19
359.015,4.69547e-19
359.028,4.68115e-19
359.04,4.67177e-19
359.053,4.67407e-19
359.065,4.66676e-19
359.078,4.66526e-19
359.09,4.66945e-19
359.102,4.66914e-19
359.115,4.67353e-19
359.127,4.68012e-19
359.14,4.68036e-19
359.152,4.68201e-19
359.165,4.68567e-19
359.177,4.69114e-19
359.19,4.69421e-19
359.202,4.69027e-19
359.214,4.698e-19
359.227,4.69511e-19
359.239,4.68817e-19
359.252,4.69535e-19
359.264,4.70069e-19
359.277,4.70494e-19
359.289,4.70345e-19
359.302,4.7144e-19
359.314,4.71597e-19
359.327,4.71182e-19
359.339,4.72183e-19
359.351,4.72169e-19
359.364,4.72955e-19
359.376,4.73131e-19
359.389,4.7315e-19
359.401,4.7328e-19
359.414,4.72714e-19
359.426,4.73113e-19
359.439,4.72742e-19
359.451,4.72959e-19
359.464,4.73174e-19
359.476,4.72867e-19
359.488,4.72726e-19
359.501,4.72383e-19
359.513,4.72463e-19
359.526,4.72029e-19
359.538,4.72247e-19
359.551,4.71939e-19
359.563,4.71444e-19
359.576,4.71668e-19
359.588,4.70958e-19
359.601,4.70749e-19
359.613,4.708e-19
359.626,4.71204e-19
359.638,4.71612e-19
359.651,4.71304e-19
359.663,4.72004e-19
359.676,4.72846e-19
359.688,4.72612e-19
359.701,4.72762e-19
359.713,4.73068e-19
359.726,4.72883e-19
359.738,4.72936e-19
359.75,4.72667e-19
359.763,4.72511e-19
359.775,4.7237e-19
359.788,4.72415e-19
359.8,4.7229e-19
359.813,4.7172e-19
359.825,4.72006e-19
359.838,4.71129e-19
359.85,4.70709e-19
359.863,4.71087e-19
359.875,4.70638e-19
359.888,4.70638e-19
359.9,4.6979e-19
359.913,4.69356e-19
359.925,4.69207e-19
359.938,4.68929e-19
359.95,4.68681e-19
359.963,4.67884e-19
359.975,4.67777e-19
359.988,4.67635e-19
360,4.68179e-19
360.013,4.67774e-19
360.025,4.67141e-19
360.038,4.68251e-19
360.05,4.68558e-19
360.063,4.69313e-19
360.075,4.69801e-19
360.088,4.70426e-19
360.1,4.71569e-19
360.113,4.71789e-19
360.125,4.7335e-19
360.138,4.74636e-19
360.15,4.75533e-19
360.163,4.77128e-19
360.175,4.78391e-19
360.188,4.79561e-19
360.2,4.80494e-19
360.213,4.82189e-19
360.225,4.83348e-19
360.238,4.84447e-19
360.25,4.86467e-19
360.263,4.87471e-19
360.276,4.88995e-19
360.288,4.89924e-19
360.301,4.90314e-19
360.313,4.91995e-19
360.326,4.92642e-19
360.338,4.93551e-19
360.351,4.95367e-19
360.363,4.96514e-19
360.376,4.975e-19
360.388,4.98881e-19
360.401,5.00271e-19
360.413,5.01067e-19
360.426,5.022e-19
360.438,5.03442e-19
360.451,5.04425e-19
360.463,5.05144e-19
360.476,5.0617e-19
360.489,5.07451e-19
360.501,5.07854e-19
360.514,5.09393e-19
360.526,5.10484e-19
360.539,5.10478e-19
360.551,5.12059e-19
360.564,5.13469e-19
360.576,5.14824e-19
360.589,5.1671e-19
360.601,5.17972e-19
360.614,5.19291e-19
360.626,5.21405e-19
360.639,5.23607e-19
360.652,5.25564e-19
360.664,5.27151e-19
360.677,5.28367e-19
360.689,5.30301e-19
360.702,5.32514e-19
360.714,5.34075e-19
360.727,5.34247e-19
360.739,5.35299e-19
360.752,5.36941e-19
360.764,5.3663e-19
360.777,5.37688e-19
360.79,5.38498e-19
360.802,5.38447e-19
360.815,5.39654e-19
360.827,5.40403e-19
360.84,5.41242e-19
360.852,5.42034e-19
360.865,5.42909e-19
360.877,5.43464e-19
360.89,5.44474e-19
360.903,5.45086e-19
360.915,5.44914e-19
360.928,5.4662e-19
360.94,5.46632e-19
360.953,5.46099e-19
360.965,5.46727e-19
360.978,5.47188e-19
360.991,5.48142e-19
361.003,5.47582e-19
361.016,5.47286e-19
361.028,5.47759e-19
361.041,5.48013e-19
361.053,5.47613e-19
361.066,5.47122e-19
361.079,5.4816e-19
361.091,5.47981e-19
361.104,5.47358e-19
361.116,5.47772e-19
361.129,5.47957e-19
361.142,5.47716e-19
361.154,5.47443e-19
361.167,5.47528e-19
361.179,5.47773e-19
361.192,5.4802e-19
361.204,5.47084e-19
361.217,5.46609e-19
361.23,5.4673e-19
361.242,5.46258e-19
361.255,5.4595e-19
361.267,5.44741e-19
361.28,5.4374e-19
361.293,5.43178e-19
361.305,5.42458e-19
361.318,5.41375e-19
361.33,5.3999e-19
361.343,5.3937e-19
361.355,5.38716e-19
361.368,5.37866e-19
361.381,5.36253e-19
361.393,5.35867e-19
361.406,5.35995e-19
361.418,5.34118e-19
361.431,5.33828e-19
361.444,5.3372e-19
361.456,5.32437e-19
361.469,5.31832e-19
361.481,5.30947e-19
361.494,5.30244e-19
361.507,5.29442e-19
361.519,5.2807e-19
361.532,5.27055e-19
361.545,5.26588e-19
361.557,5.25304e-19
361.57,5.23766e-19
361.582,5.23464e-19
361.595,5.22367e-19
361.608,5.21197e-19
361.62,5.2115e-19
361.633,5.20169e-19
361.645,5.19604e-19
361.658,5.19225e-19
361.671,5.1769e-19
361.683,5.17366e-19
361.696,5.17154e-19
361.709,5.1658e-19
361.721,5.1646e-19
361.734,5.15856e-19
361.746,5.15938e-19
361.759,5.1547e-19
361.772,5.14946e-19
361.784,5.15023e-19
361.797,5.14005e-19
361.809,5.13644e-19
361.822,5.13415e-19
361.835,5.12862e-19
361.847,5.12989e-19
361.86,5.13289e-19
361.873,5.12615e-19
361.885,5.1172e-19
361.898,5.12511e-19
361.911,5.12472e-19
361.923,5.11843e-19
361.936,5.12121e-19
361.948,5.12326e-19
361.961,5.12912e-19
361.974,5.13033e-19
361.986,5.13265e-19
361.999,5.14229e-19
362.012,5.14642e-19
362.024,5.14625e-19
362.037,5.1475e-19
362.05,5.15055e-19
362.062,5.15829e-19
362.075,5.16025e-19
362.087,5.15792e-19
362.1,5.16204e-19
362.113,5.15575e-19
362.125,5.15874e-19
362.138,5.16887e-19
362.151,5.16863e-19
362.163,5.17687e-19
362.176,5.18473e-19
362.189,5.20073e-19
362.201,5.2111e-19
362.214,5.20991e-19
362.227,5.21984e-19
362.239,5.22987e-19
362.252,5.2371e-19
362.265,5.23766e-19
362.277,5.24307e-19
362.29,5.24285e-19
362.303,5.23982e-19
362.315,5.25342e-19
362.328,5.25582e-19
362.341,5.25039e-19
362.353,5.24865e-19
362.366,5.25017e-19
362.379,5.24851e-19
362.391,5.2481e-19
362.404,5.25275e-19
362.417,5.25088e-19
362.429,5.2545e-19
362.442,5.25837e-19
362.455,5.26572e-19
362.467,5.27407e-19
362.48,5.27562e-19
362.493,5.28404e-19
362.505,5.29178e-19
362.518,5.29377e-19
362.531,5.29715e-19
362.543,5.30495e-19
362.556,5.30597e-19
362.569,5.30964e-19
362.581,5.31648e-19
362.594,5.31341e-19
362.607,5.31116e-19
362.619,5.30659e-19
362.632,5.30231e-19
362.645,5.29446e-19
362.657,5.28992e-19
362.67,5.29214e-19
362.683,5.28152e-19
362.696,5.27167e-19
362.708,5.27118e-19
362.721,5.26487e-19
362.734,5.25938e-19
362.746,5.26762e-19
362.759,5.26336e-19
362.772,5.25774e-19
362.784,5.26797e-19
362.797,5.26981e-19
362.81,5.27418e-19
362.822,5.27868e-19
362.835,5.2817e-19
362.848,5.28694e-19
362.861,5.28865e-19
362.873,5.2887e-19
362.886,5.28941e-19
362.899,5.29699e-19
362.911,5.30272e-19
362.924,5.30801e-19
362.937,5.3041e-19
362.949,5.30319e-19
362.962,5.30592e-19
362.975,5.30116e-19
362.988,5.31179e-19
363,5.31676e-19
363.013,5.32211e-19
363.026,5.32193e-19
363.038,5.312e-19
363.051,5.31954e-19
363.064,5.31091e-19
363.077,5.29741e-19
363.089,5.2943e-19
363.102,5.28564e-19
363.115,5.27652e-19
363.127,5.27012e-19
363.14,5.26948e-19
363.153,5.26466e-19
363.166,5.25427e-19
363.178,5.24868e-19
363.191,5.24635e-19
363.204,5.23991e-19
363.217,5.23748e-19
363.229,5.23491e-19
363.242,5.22954e-19
363.255,5.2326e-19
363.267,5.23566e-19
363.28,5.23489e-19
363.293,5.23208e-19
363.306,5.23806e-19
363.318,5.24114e-19
363.331,5.23593e-19
363.344,5.24084e-19
363.357,5.24348e-19
363.369,5.24101e-19
363.382,5.23652e-19
363.395,5.23432e-19
363.407,5.23369e-19
363.42,5.22689e-19
363.433,5.22072e-19
363.446,5.22171e-19
363.458,5.21818e-19
363.471,5.20136e-19
363.484,5.19143e-19
363.497,5.18317e-19
363.509,5.17524e-19
363.522,5.16739e-19
363.535,5.15464e-19
363.548,5.1487e-19
363.56,5.13584e-19
363.573,5.12673e-19
363.586,5.12016e-19
363.599,5.10686e-19
363.611,5.09753e-19
363.624,5.08655e-19
363.637,5.07833e-19
363.65,5.07012e-19
363.662,5.05956e-19
363.675,5.05144e-19
363.688,5.04666e-19
363.701,5.03582e-19
363.713,5.02235e-19
363.726,5.01377e-19
363.739,5.00897e-19
363.752,5.00663e-19
363.765,4.99297e-19
363.777,4.98706e-19
363.79,4.98157e-19
363.803,4.97286e-19
363.816,4.97358e-19
363.828,4.96477e-19
363.841,4.96451e-19
363.854,4.9647e-19
363.867,4.96345e-19
363.879,4.96481e-19
363.892,4.95902e-19
363.905,4.96909e-19
363.918,4.98084e-19
363.931,4.9867e-19
363.943,4.99597e-19
363.956,5.00262e-19
363.969,5.00466e-19
363.982,5.01251e-19
363.994,5.02625e-19
364.007,5.03778e-19
364.02,5.04976e-19
364.033,5.0596e-19
364.046,5.07878e-19
364.058,5.09286e-19
364.071,5.10366e-19
364.084,5.1168e-19
364.097,5.12492e-19
364.109,5.14504e-19
364.122,5.15315e-19
364.135,5.16443e-19
364.148,5.18213e-19
364.161,5.19125e-19
364.173,5.2091e-19
364.186,5.21831e-19
364.199,5.22898e-19
364.212,5.23937e-19
364.225,5.2502e-19
364.237,5.26623e-19
364.25,5.27594e-19
364.263,5.28929e-19
364.276,5.29957e-19
364.289,5.30992e-19
364.301,5.31782e-19
364.314,5.32535e-19
364.327,5.33731e-19
364.34,5.35114e-19
364.353,5.36276e-19
364.365,5.36698e-19
364.378,5.38404e-19
364.391,5.39528e-19
364.404,5.40213e-19
364.417,5.41448e-19
364.429,5.4138e-19
364.442,5.42075e-19
364.455,5.42664e-19
364.468,5.42987e-19
364.481,5.44003e-19
364.494,5.44385e-19
364.506,5.45465e-19
364.519,5.46898e-19
364.532,5.47852e-19
364.545,5.49485e-19
364.558,5.51798e-19
364.57,5.54017e-19
364.583,5.55544e-19
364.596,5.56939e-19
364.609,5.59208e-19
364.622,5.61203e-19
364.635,5.62118e-19
364.647,5.63668e-19
364.66,5.65783e-19
364.673,5.67264e-19
364.686,5.68456e-19
364.699,5.6953e-19
364.711,5.70584e-19
364.724,5.71249e-19
364.737,5.71929e-19
364.75,5.73397e-19
364.763,5.74748e-19
364.776,5.758e-19
364.788,5.76485e-19
364.801,5.77373e-19
364.814,5.78088e-19
364.827,5.77644e-19
364.84,5.78021e-19
364.853,5.78785e-19
364.866,5.79314e-19
364.878,5.79889e-19
364.891,5.80038e-19
364.904,5.80483e-19
364.917,5.81109e-19
364.93,5.82208e-19
364.943,5.82779e-19
364.955,5.83624e-19
364.968,5.85865e-19
364.981,5.87722e-19
364.994,5.89267e-19
365.007,5.90632e-19
365.02,5.92928e-19
365.033,5.95055e-19
365.045,5.96007e-19
365.058,5.97845e-19
365.071,6.00285e-19
365.084,6.01925e-19
365.097,6.02601e-19
365.11,6.04742e-19
365.123,6.06528e-19
365.135,6.07e-19
365.148,6.08867e-19
365.161,6.09892e-19
365.174,6.10969e-19
365.187,6.13283e-19
365.2,6.15048e-19
365.213,6.16571e-19
365.225,6.18067e-19
365.238,6.20009e-19
365.251,6.22338e-19
365.264,6.23592e-19
365.277,6.23973e-19
365.29,6.25126e-19
365.303,6.26319e-19
365.316,6.26791e-19
365.328,6.26636e-19
365.341,6.26807e-19
365.354,6.27154e-19
365.367,6.26094e-19
365.38,6.25644e-19
365.393,6.25375e-19
365.406,6.23976e-19
365.419,6.22717e-19
365.431,6.21443e-19
365.444,6.20219e-19
365.457,6.18969e-19
365.47,6.17921e-19
365.483,6.17186e-19
365.496,6.1665e-19
365.509,6.16837e-19
365.522,6.17448e-19
365.534,6.16946e-19
365.547,6.16484e-19
365.56,6.1722e-19
365.573,6.17283e-19
365.586,6.18346e-19
365.599,6.19137e-19
365.612,6.17959e-19
365.625,6.17637e-19
365.638,6.16726e-19
365.651,6.15165e-19
365.663,6.14016e-19
365.676,6.12809e-19
365.689,6.1121e-19
365.702,6.09112e-19
365.715,6.0788e-19
365.728,6.06063e-19
365.741,6.04105e-19
365.754,6.03391e-19
365.767,6.01745e-19
365.78,6.00008e-19
365.792,5.9909e-19
365.805,5.9777e-19
365.818,5.96388e-19
365.831,5.94828e-19
365.844,5.93336e-19
365.857,5.92632e-19
365.87,5.91262e-19
365.883,5.88982e-19
365.896,5.87469e-19
365.909,5.87002e-19
365.922,5.86299e-19
365.934,5.84276e-19
365.947,5.82264e-19
365.96,5.81111e-19
365.973,5.80525e-19
365.986,5.79181e-19
365.999,5.76113e-19
366.012,5.7462e-19
366.025,5.73761e-19
366.038,5.71721e-19
366.051,5.70134e-19
366.064,5.67174e-19
366.077,5.6474e-19
366.09,5.63347e-19
366.102,5.61265e-19
366.115,5.6001e-19
366.128,5.57876e-19
366.141,5.55779e-19
366.154,5.5389e-19
366.167,5.51261e-19
366.18,5.49434e-19
366.193,5.4725e-19
366.206,5.45601e-19
366.219,5.43814e-19
366.232,5.40979e-19
366.245,5.39018e-19
366.258,5.37201e-19
366.271,5.35342e-19
366.284,5.33897e-19
366.296,5.32385e-19
366.309,5.30708e-19
366.322,5.29485e-19
366.335,5.28347e-19
366.348,5.2702e-19
366.361,5.26047e-19
366.374,5.24446e-19
366.387,5.2274e-19
366.4,5.2189e-19
366.413,5.2086e-19
366.426,5.19827e-19
366.439,5.19398e-19
366.452,5.18663e-19
366.465,5.18156e-19
366.478,5.17773e-19
366.491,5.1639e-19
366.504,5.15637e-19
366.517,5.1552e-19
366.53,5.15056e-19
366.543,5.14583e-19
366.555,5.14393e-19
366.568,5.14006e-19
366.581,5.1347e-19
366.594,5.13899e-19
366.607,5.1399e-19
366.62,5.14042e-19
366.633,5.14197e-19
366.646,5.13974e-19
366.659,5.14009e-19
366.672,5.1355e-19
366.685,5.13761e-19
366.698,5.13966e-19
366.711,5.14024e-19
366.724,5.14552e-19
366.737,5.14779e-19
366.75,5.15198e-19
366.763,5.1515e-19
366.776,5.1564e-19
366.789,5.16268e-19
366.802,5.16847e-19
366.815,5.17772e-19
366.828,5.17928e-19
366.841,5.18478e-19
366.854,5.19486e-19
366.867,5.21184e-19
366.88,5.22638e-19
366.893,5.24061e-19
366.906,5.25993e-19
366.919,5.27096e-19
366.932,5.29097e-19
366.945,5.3059e-19
366.958,5.31199e-19
366.971,5.32793e-19
366.984,5.34041e-19
366.997,5.34844e-19
367.01,5.36001e-19
367.023,5.37425e-19
367.036,5.38315e-19
367.049,5.39107e-19
367.062,5.40007e-19
367.075,5.41055e-19
367.088,5.42524e-19
367.101,5.43753e-19
367.114,5.45239e-19
367.127,5.46635e-19
367.14,5.47746e-19
367.153,5.49225e-19
367.166,5.50643e-19
367.179,5.51997e-19
367.192,5.53273e-19
367.205,5.54413e-19
367.218,5.5643e-19
367.231,5.5838e-19
367.244,5.59726e-19
367.257,5.61977e-19
367.27,5.63773e-19
367.283,5.65845e-19
367.296,5.67997e-19
367.309,5.6875e-19
367.322,5.70612e-19
367.335,5.71902e-19
367.348,5.72976e-19
367.361,5.75123e-19
367.374,5.75413e-19
367.387,5.75673e-19
367.4,5.76152e-19
367.413,5.75563e-19
367.426,5.75686e-19
367.439,5.759e-19
367.452,5.75826e-19
367.465,5.758e-19
367.478,5.75273e-19
367.491,5.74943e-19
367.504,5.74778e-19
367.517,5.74516e-19
367.53,5.74196e-19
367.543,5.74429e-19
367.556,5.74891e-19
367.569,5.74199e-19
367.582,5.74279e-19
367.595,5.74112e-19
367.608,5.72745e-19
367.621,5.72054e-19
367.634,5.70594e-19
367.647,5.69624e-19
367.66,5.69354e-19
367.673,5.68378e-19
367.687,5.68225e-19
367.7,5.68344e-19
367.713,5.67553e-19
367.726,5.66809e-19
367.739,5.67369e-19
367.752,5.67426e-19
367.765,5.66701e-19
367.778,5.66989e-19
367.791,5.66643e-19
367.804,5.65916e-19
367.817,5.6622e-19
367.83,5.66343e-19
367.843,5.66336e-19
367.856,5.66555e-19
367.869,5.66741e-19
367.882,5.67408e-19
367.895,5.6769e-19
367.908,5.6791e-19
367.921,5.6879e-19
367.934,5.68295e-19
367.948,5.67415e-19
367.961,5.67877e-19
367.974,5.67642e-19
367.987,5.66715e-19
368,5.66692e-19
368.013,5.6638e-19
368.026,5.66069e-19
368.039,5.65693e-19
368.052,5.64446e-19
368.065,5.64741e-19
368.078,5.64694e-19
368.091,5.63579e-19
368.104,5.63465e-19
368.117,5.62868e-19
368.13,5.62524e-19
368.143,5.62102e-19
368.157,5.61603e-19
368.17,5.61602e-19
368.183,5.60594e-19
368.196,5.6002e-19
368.209,5.59517e-19
368.222,5.57899e-19
368.235,5.56853e-19
368.248,5.5644e-19
368.261,5.55221e-19
368.274,5.53984e-19
368.287,5.53688e-19
368.3,5.52479e-19
368.314,5.5106e-19
368.327,5.51203e-19
368.34,5.51079e-19
368.353,5.50711e-19
368.366,5.50382e-19
368.379,5.49691e-19
368.392,5.50111e-19
368.405,5.50144e-19
368.418,5.49639e-19
368.431,5.49833e-19
368.444,5.49604e-19
368.458,5.49489e-19
368.471,5.49162e-19
368.484,5.49014e-19
368.497,5.49515e-19
368.51,5.4966e-19
368.523,5.49675e-19
368.536,5.49875e-19
368.549,5.50294e-19
368.562,5.49948e-19
368.575,5.49807e-19
368.589,5.49362e-19
368.602,5.47568e-19
368.615,5.46794e-19
368.628,5.45994e-19
368.641,5.44704e-19
368.654,5.4359e-19
368.667,5.41871e-19
368.68,5.40394e-19
368.693,5.38935e-19
368.706,5.37315e-19
368.72,5.36195e-19
368.733,5.35057e-19
368.746,5.3379e-19
368.759,5.33149e-19
368.772,5.33044e-19
368.785,5.33011e-19
368.798,5.33211e-19
368.811,5.33889e-19
368.825,5.34722e-19
368.838,5.3518e-19
368.851,5.35248e-19
368.864,5.36032e-19
368.877,5.37206e-19
368.89,5.37262e-19
368.903,5.37975e-19
368.916,5.3878e-19
368.93,5.39078e-19
368.943,5.40254e-19
368.956,5.40157e-19
368.969,5.39818e-19
368.982,5.39939e-19
368.995,5.39876e-19
369.008,5.40459e-19
369.021,5.4088e-19
369.035,5.41363e-19
369.048,5.42244e-19
369.061,5.43405e-19
369.074,5.43858e-19
369.087,5.44958e-19
369.1,5.46503e-19
369.113,5.46888e-19
369.127,5.47821e-19
369.14,5.48058e-19
369.153,5.48795e-19
369.166,5.50027e-19
369.179,5.51034e-19
369.192,5.53567e-19
369.205,5.54651e-19
369.219,5.55132e-19
369.232,5.5662e-19
369.245,5.57479e-19
369.258,5.58305e-19
369.271,5.59076e-19
369.284,5.58611e-19
369.298,5.58195e-19
369.311,5.58453e-19
369.324,5.57992e-19
369.337,5.58148e-19
369.35,5.5775e-19
369.363,5.56786e-19
369.376,5.5687e-19
369.39,5.56078e-19
369.403,5.5551e-19
369.416,5.55387e-19
369.429,5.5453e-19
369.442,5.54128e-19
369.455,5.54055e-19
369.469,5.53495e-19
369.482,5.53655e-19
369.495,5.537e-19
369.508,5.53071e-19
369.521,5.53802e-19
369.534,5.54023e-19
369.548,5.53833e-19
369.561,5.53535e-19
369.574,5.52651e-19
369.587,5.52713e-19
369.6,5.51891e-19
369.613,5.51254e-19
369.627,5.51279e-19
369.64,5.51045e-19
369.653,5.51619e-19
369.666,5.51447e-19
369.679,5.51263e-19
369.693,5.51185e-19
369.706,5.50133e-19
369.719,5.50005e-19
369.732,5.49484e-19
369.745,5.48032e-19
369.759,5.47616e-19
369.772,5.46646e-19
369.785,5.4547e-19
369.798,5.44714e-19
369.811,5.44027e-19
369.824,5.44117e-19
369.838,5.4372e-19
369.851,5.43922e-19
369.864,5.44843e-19
369.877,5.45373e-19
369.89,5.46132e-19
369.904,5.47254e-19
369.917,5.48604e-19
369.93,5.49591e-19
369.943,5.51114e-19
369.956,5.52221e-19
369.97,5.53606e-19
369.983,5.55745e-19
369.996,5.56459e-19
370.009,5.57527e-19
370.022,5.58644e-19
370.036,5.59544e-19
370.049,5.60314e-19
370.062,5.60195e-19
370.075,5.60251e-19
370.088,5.6027e-19
370.102,5.60233e-19
370.115,5.60042e-19
370.128,5.60114e-19
370.141,5.60198e-19
370.155,5.60208e-19
370.168,5.60217e-19
370.181,5.59946e-19
370.194,5.59474e-19
370.207,5.58436e-19
370.221,5.57889e-19
370.234,5.57002e-19
370.247,5.56495e-19
370.26,5.56686e-19
370.274,5.55992e-19
370.287,5.5564e-19
370.3,5.55105e-19
370.313,5.54349e-19
370.326,5.53667e-19
370.34,5.53328e-19
370.353,5.53159e-19
370.366,5.5258e-19
370.379,5.52223e-19
370.393,5.51667e-19
370.406,5.51185e-19
370.419,5.50392e-19
370.432,5.49473e-19
370.446,5.47977e-19
370.459,5.46265e-19
370.472,5.45599e-19
370.485,5.44555e-19
370.498,5.43468e-19
370.512,5.42233e-19
370.525,5.41306e-19
370.538,5.4019e-19
370.551,5.38486e-19
370.565,5.37903e-19
370.578,5.36808e-19
370.591,5.35774e-19
370.604,5.35153e-19
370.618,5.33845e-19
370.631,5.32772e-19
370.644,5.31576e-19
370.657,5.30666e-19
370.671,5.29873e-19
370.684,5.28074e-19
370.697,5.2654e-19
370.71,5.25193e-19
370.724,5.23186e-19
370.737,5.21822e-19
370.75,5.19909e-19
370.764,5.18041e-19
370.777,5.17164e-19
370.79,5.15201e-19
370.803,5.14096e-19
370.817,5.13334e-19
370.83,5.119e-19
370.843,5.11705e-19
370.856,5.11361e-19
370.87,5.10862e-19
370.883,5.11089e-19
370.896,5.11375e-19
370.909,5.11994e-19
370.923,5.13e-19
370.936,5.13324e-19
370.949,5.13565e-19
370.962,5.14597e-19
370.976,5.15108e-19
370.989,5.15513e-19
371.002,5.16646e-19
371.016,5.17857e-19
371.029,5.1986e-19
371.042,5.22413e-19
371.055,5.24661e-19
371.069,5.27349e-19
371.082,5.29266e-19
371.095,5.31221e-19
371.109,5.34207e-19
371.122,5.35955e-19
371.135,5.37589e-19
371.148,5.38477e-19
371.162,5.3857e-19
371.175,5.39487e-19
371.188,5.39655e-19
371.202,5.39879e-19
371.215,5.40399e-19
371.228,5.40411e-19
371.241,5.3999e-19
371.255,5.40285e-19
371.268,5.40973e-19
371.281,5.40811e-19
371.295,5.41029e-19
371.308,5.4134e-19
371.321,5.42644e-19
371.335,5.44259e-19
371.348,5.45235e-19
371.361,5.46843e-19
371.374,5.4799e-19
371.388,5.49245e-19
371.401,5.505e-19
371.414,5.51824e-19
371.428,5.53817e-19
371.441,5.55754e-19
371.454,5.57973e-19
371.468,5.59933e-19
371.481,5.61753e-19
371.494,5.63724e-19
371.508,5.65314e-19
371.521,5.66621e-19
371.534,5.68346e-19
371.547,5.70791e-19
371.561,5.7347e-19
371.574,5.75681e-19
371.587,5.78171e-19
371.601,5.81698e-19
371.614,5.83802e-19
371.627,5.84901e-19
371.641,5.86959e-19
371.654,5.88886e-19
371.667,5.90606e-19
371.681,5.92813e-19
371.694,5.95102e-19
371.707,5.9726e-19
371.721,5.99374e-19
371.734,6.01177e-19
371.747,6.03517e-19
371.761,6.05005e-19
371.774,6.05906e-19
371.787,6.07413e-19
371.801,6.07344e-19
371.814,6.08227e-19
371.827,6.0962e-19
371.841,6.09911e-19
371.854,6.11516e-19
371.867,6.1328e-19
371.881,6.15016e-19
371.894,6.16786e-19
371.907,6.18269e-19
371.921,6.20132e-19
371.934,6.22055e-19
371.947,6.23683e-19
371.961,6.25578e-19
371.974,6.26888e-19
371.987,6.26981e-19
372.001,6.28259e-19
372.014,6.29919e-19
372.027,6.30783e-19
372.041,6.30753e-19
372.054,6.29949e-19
372.067,6.29051e-19
372.081,6.27555e-19
372.094,6.27456e-19
372.108,6.27404e-19
372.121,6.26329e-19
372.134,6.26332e-19
372.148,6.25853e-19
372.161,6.24597e-19
372.174,6.23476e-19
372.188,6.22528e-19
372.201,6.2151e-19
372.214,6.20893e-19
372.228,6.20886e-19
372.241,6.19701e-19
372.255,6.18427e-19
372.268,6.18962e-19
372.281,6.19999e-19
372.295,6.20877e-19
372.308,6.21893e-19
372.321,6.23295e-19
372.335,6.25182e-19
372.348,6.25777e-19
372.361,6.26108e-19
372.375,6.27119e-19
372.388,6.26599e-19
372.402,6.26392e-19
372.415,6.27188e-19
372.428,6.27119e-19
372.442,6.27082e-19
372.455,6.27331e-19
372.469,6.27139e-19
372.482,6.27305e-19
372.495,6.2744e-19
372.509,6.26589e-19
372.522,6.25825e-19
372.535,6.25256e-19
372.549,6.25494e-19
372.562,6.2585e-19
372.576,6.25414e-19
372.589,6.25595e-19
372.602,6.24674e-19
372.616,6.22993e-19
372.629,6.21936e-19
372.643,6.20618e-19
372.656,6.20362e-19
372.669,6.19964e-19
372.683,6.17929e-19
372.696,6.16939e-19
372.71,6.15756e-19
372.723,6.12618e-19
372.736,6.1074e-19
372.75,6.0963e-19
372.763,6.07535e-19
372.777,6.05662e-19
372.79,6.03719e-19
372.803,6.01644e-19
372.817,6.00633e-19
372.83,5.99254e-19
372.844,5.97014e-19
372.857,5.96335e-19
372.87,5.94897e-19
372.884,5.92602e-19
372.897,5.91734e-19
372.911,5.9044e-19
372.924,5.88815e-19
372.937,5.86404e-19
372.951,5.84196e-19
372.964,5.82779e-19
372.978,5.81041e-19
372.991,5.79932e-19
373.005,5.78947e-19
373.018,5.77821e-19
373.031,5.76042e-19
373.045,5.75454e-19
373.058,5.75879e-19
373.072,5.75105e-19
373.085,5.74982e-19
373.099,5.74514e-19
373.112,5.73469e-19
373.125,5.72369e-19
373.139,5.71025e-19
373.152,5.70031e-19
373.166,5.69086e-19
373.179,5.68561e-19
373.193,5.67574e-19
373.206,5.669e-19
373.219,5.66576e-19
373.233,5.65431e-19
373.246,5.64718e-19
373.26,5.63952e-19
373.273,5.62838e-19
373.287,5.62874e-19
373.3,5.63674e-19
373.313,5.63227e-19
373.327,5.62656e-19
373.34,5.62691e-19
373.354,5.61759e-19
373.367,5.60655e-19
373.381,5.59633e-19
373.394,5.58837e-19
373.408,5.58566e-19
373.421,5.57643e-19
373.435,5.56807e-19
373.448,5.5645e-19
373.461,5.5501e-19
373.475,5.53527e-19
373.488,5.5267e-19
373.502,5.51037e-19
373.515,5.49742e-19
373.529,5.4911e-19
373.542,5.4834e-19
373.556,5.48177e-19
373.569,5.4853e-19
373.583,5.48887e-19
373.596,5.4941e-19
373.609,5.49618e-19
373.623,5.49579e-19
373.636,5.50302e-19
373.65,5.50688e-19
373.663,5.50953e-19
373.677,5.51651e-19
373.69,5.51709e-19
373.704,5.52077e-19
373.717,5.52181e-19
373.731,5.52152e-19
373.744,5.53298e-19
373.758,5.54738e-19
373.771,5.56372e-19
373.785,5.57966e-19
373.798,5.59525e-19
373.812,5.61356e-19
373.825,5.63051e-19
373.838,5.64596e-19
373.852,5.66006e-19
373.865,5.67355e-19
373.879,5.68605e-19
373.892,5.69868e-19
373.906,5.71579e-19
373.919,5.73238e-19
373.933,5.7351e-19
373.946,5.73344e-19
373.96,5.73825e-19
373.973,5.73496e-19
373.987,5.72818e-19
374,5.72447e-19
374.014,5.71665e-19
374.027,5.71081e-19
374.041,5.70126e-19
374.054,5.69194e-19
374.068,5.68473e-19
374.081,5.66561e-19
374.095,5.65506e-19
374.108,5.64701e-19
374.122,5.6312e-19
374.135,5.63036e-19
374.149,5.63319e-19
374.162,5.63311e-19
374.176,5.63436e-19
374.189,5.63533e-19
374.203,5.63115e-19
374.216,5.62489e-19
374.23,5.62337e-19
374.243,5.61154e-19
374.257,5.60431e-19
374.27,5.60252e-19
374.284,5.58845e-19
374.297,5.57388e-19
374.311,5.5599e-19
374.324,5.54278e-19
374.338,5.52212e-19
374.351,5.50054e-19
374.365,5.47189e-19
374.378,5.44275e-19
374.392,5.42162e-19
374.406,5.39958e-19
374.419,5.38119e-19
374.433,5.36155e-19
374.446,5.34578e-19
374.46,5.33522e-19
374.473,5.32259e-19
374.487,5.31654e-19
374.5,5.30905e-19
374.514,5.30234e-19
374.527,5.30221e-19
374.541,5.29776e-19
374.554,5.29022e-19
374.568,5.2885e-19
374.581,5.28745e-19
374.595,5.28661e-19
374.608,5.28993e-19
374.622,5.28867e-19
374.636,5.28752e-19
374.649,5.28518e-19
374.663,5.28431e-19
374.676,5.2898e-19
374.69,5.28637e-19
374.703,5.28279e-19
374.717,5.28662e-19
374.73,5.28915e-19
374.744,5.29203e-19
374.757,5.29427e-19
374.771,5.29726e-19
374.784,5.30489e-19
374.798,5.31075e-19
374.812,5.32057e-19
374.825,5.33201e-19
374.839,5.33616e-19
374.852,5.34753e-19
374.866,5.35107e-19
374.879,5.3498e-19
374.893,5.36393e-19
374.906,5.37435e-19
374.92,5.38064e-19
374.934,5.38445e-19
374.947,5.38844e-19
374.961,5.39752e-19
374.974,5.40693e-19
374.988,5.41745e-19
375.001,5.43254e-19
375.015,5.45459e-19
375.029,5.47496e-19
375.042,5.5022e-19
375.056,5.52993e-19
375.069,5.55533e-19
375.083,5.58469e-19
375.096,5.6058e-19
375.11,5.63437e-19
375.124,5.66095e-19
375.137,5.68753e-19
375.151,5.72127e-19
375.164,5.73997e-19
375.178,5.7629e-19
375.191,5.7936e-19
375.205,5.81785e-19
375.219,5.83201e-19
375.232,5.8432e-19
375.246,5.85924e-19
375.259,5.87683e-19
375.273,5.90071e-19
375.286,5.91847e-19
375.3,5.93149e-19
375.314,5.95139e-19
375.327,5.97127e-19
375.341,5.98727e-19
375.354,6.00076e-19
375.368,6.00854e-19
375.382,6.01191e-19
375.395,6.01729e-19
375.409,6.022e-19
375.422,6.03613e-19
375.436,6.04554e-19
375.45,6.05134e-19
375.463,6.07095e-19
375.477,6.08134e-19
375.49,6.09957e-19
375.504,6.11249e-19
375.518,6.10611e-19
375.531,6.11157e-19
375.545,6.11357e-19
375.558,6.11794e-19
375.572,6.11766e-19
375.586,6.10853e-19
375.599,6.1107e-19
375.613,6.11045e-19
375.626,6.11773e-19
375.64,6.12872e-19
375.654,6.13546e-19
375.667,6.14322e-19
375.681,6.14351e-19
375.694,6.14896e-19
375.708,6.1602e-19
375.722,6.17371e-19
375.735,6.19022e-19
375.749,6.20096e-19
375.763,6.20512e-19
375.776,6.20804e-19
375.79,6.21445e-19
375.803,6.21371e-19
375.817,6.20072e-19
375.831,6.18292e-19
375.844,6.16877e-19
375.858,6.15502e-19
375.872,6.1358e-19
375.885,6.11832e-19
375.899,6.10454e-19
375.912,6.10498e-19
375.926,6.11288e-19
375.94,6.12314e-19
375.953,6.14936e-19
375.967,6.18042e-19
375.981,6.2143e-19
375.994,6.24534e-19
376.008,6.27402e-19
376.022,6.30784e-19
376.035,6.34001e-19
376.049,6.37847e-19
376.062,6.41605e-19
376.076,6.45021e-19
376.09,6.47838e-19
376.103,6.50416e-19
376.117,6.53262e-19
376.131,6.55301e-19
376.144,6.5816e-19
376.158,6.60709e-19
376.172,6.63377e-19
376.185,6.66695e-19
376.199,6.69061e-19
376.213,6.7236e-19
376.226,6.74701e-19
376.24,6.76262e-19
376.253,6.7778e-19
376.267,6.78542e-19
376.281,6.80456e-19
376.294,6.8238e-19
376.308,6.8405e-19
376.322,6.84511e-19
376.335,6.83748e-19
376.349,6.83167e-19
376.363,6.82281e-19
376.376,6.8139e-19
376.39,6.80385e-19
376.404,6.80102e-19
376.417,6.79355e-19
376.431,6.78448e-19
376.445,6.78832e-19
376.458,6.77572e-19
376.472,6.75509e-19
376.486,6.74334e-19
376.499,6.72638e-19
376.513,6.70201e-19
376.527,6.68246e-19
376.54,6.66903e-19
376.554,6.65266e-19
376.568,6.63699e-19
376.582,6.62132e-19
376.595,6.60881e-19
376.609,6.59854e-19
376.623,6.58746e-19
376.636,6.57632e-19
376.65,6.56727e-19
376.664,6.56804e-19
376.677,6.55596e-19
376.691,6.54464e-19
376.705,6.54418e-19
376.718,6.52224e-19
376.732,6.5084e-19
376.746,6.50084e-19
376.759,6.47906e-19
376.773,6.46755e-19
376.787,6.4533e-19
376.8,6.43226e-19
376.814,6.41613e-19
376.828,6.39032e-19
376.842,6.35672e-19
376.855,6.32716e-19
376.869,6.29525e-19
376.883,6.25945e-19
376.896,6.22574e-19
376.91,6.1893e-19
376.924,6.14831e-19
376.938,6.11702e-19
376.951,6.09689e-19
376.965,6.07242e-19
376.979,6.05162e-19
376.992,6.03553e-19
377.006,6.0154e-19
377.02,5.99489e-19
377.033,5.9732e-19
377.047,5.95589e-19
377.061,5.93459e-19
377.075,5.92018e-19
377.088,5.91738e-19
377.102,5.90215e-19
377.116,5.89348e-19
377.129,5.89019e-19
377.143,5.87655e-19
377.157,5.86219e-19
377.171,5.85055e-19
377.184,5.83999e-19
377.198,5.825e-19
377.212,5.80909e-19
377.226,5.78248e-19
377.239,5.75411e-19
377.253,5.73423e-19
377.267,5.71009e-19
377.28,5.69302e-19
377.294,5.67651e-19
377.308,5.65729e-19
377.322,5.64061e-19
377.335,5.62073e-19
377.349,5.60058e-19
377.363,5.57143e-19
377.377,5.54325e-19
377.39,5.52263e-19
377.404,5.49691e-19
377.418,5.47544e-19
377.432,5.45912e-19
377.445,5.43905e-19
377.459,5.42353e-19
377.473,5.41418e-19
377.486,5.40594e-19
377.5,5.40203e-19
377.514,5.39906e-19
377.528,5.39711e-19
377.541,5.40233e-19
377.555,5.41084e-19
377.569,5.41533e-19
377.583,5.41861e-19
377.596,5.42181e-19
377.61,5.42004e-19
377.624,5.4203e-19
377.638,5.41939e-19
377.651,5.41719e-19
377.665,5.41968e-19
377.679,5.41718e-19
377.693,5.41161e-19
377.707,5.40267e-19
377.72,5.39159e-19
377.734,5.38317e-19
377.748,5.3725e-19
377.762,5.36351e-19
377.775,5.35737e-19
377.789,5.3552e-19
377.803,5.35969e-19
377.817,5.36381e-19
377.83,5.36869e-19
377.844,5.39949e-19
377.858,5.45456e-19
377.872,5.47659e-19
377.886,5.4604e-19
377.899,5.46845e-19
377.913,5.50635e-19
377.927,5.53421e-19
377.941,5.54246e-19
377.954,5.54365e-19
377.968,5.5428e-19
377.982,5.53437e-19
377.996,5.53304e-19
378.01,5.51966e-19
378.023,5.49058e-19
378.037,5.49567e-19
378.051,5.48227e-19
378.065,5.45357e-19
378.078,5.45924e-19
378.092,5.44496e-19
378.106,5.42896e-19
378.12,5.41666e-19
378.134,5.39813e-19
378.147,5.40122e-19
378.161,5.38435e-19
378.175,5.34337e-19
378.189,5.32895e-19
378.203,5.34789e-19
378.216,5.34464e-19
378.23,5.31665e-19
378.244,5.31111e-19
378.258,5.32369e-19
378.272,5.33622e-19
378.285,5.32478e-19
378.299,5.30876e-19
378.313,5.31071e-19
378.327,5.31912e-19
378.341,5.33337e-19
378.354,5.33842e-19
378.368,5.33627e-19
378.382,5.33964e-19
378.396,5.35356e-19
378.41,5.37318e-19
378.423,5.39347e-19
378.437,5.40552e-19
378.451,5.40905e-19
378.465,5.42823e-19
378.479,5.44594e-19
378.493,5.46409e-19
378.506,5.48025e-19
378.52,5.46819e-19
378.534,5.45463e-19
378.548,5.44589e-19
378.562,5.43964e-19
378.575,5.43962e-19
378.589,5.44133e-19
378.603,5.43798e-19
378.617,5.42374e-19
378.631,5.41637e-19
378.645,5.41576e-19
378.658,5.42013e-19
378.672,5.43019e-19
378.686,5.43747e-19
378.7,5.44446e-19
378.714,5.45164e-19
378.728,5.46699e-19
378.741,5.49107e-19
378.755,5.51127e-19
378.769,5.52703e-19
378.783,5.53494e-19
378.797,5.528e-19
378.811,5.51968e-19
378.824,5.51778e-19
378.838,5.5191e-19
378.852,5.52168e-19
378.866,5.52217e-19
378.88,5.53371e-19
378.894,5.54696e-19
378.908,5.54995e-19
378.921,5.55954e-19
378.935,5.56959e-19
378.949,5.57447e-19
378.963,5.58155e-19
378.977,5.59475e-19
378.991,5.61012e-19
379.004,5.61724e-19
379.018,5.62826e-19
379.032,5.64516e-19
379.046,5.6514e-19
379.06,5.65775e-19
379.074,5.66939e-19
379.088,5.6752e-19
379.102,5.68178e-19
379.115,5.69053e-19
379.129,5.69719e-19
379.143,5.70122e-19
379.157,5.70724e-19
379.171,5.72336e-19
379.185,5.73682e-19
379.199,5.74746e-19
379.212,5.76492e-19
379.226,5.77896e-19
379.24,5.79516e-19
379.254,5.81576e-19
379.268,5.83513e-19
379.282,5.86232e-19
379.296,5.88837e-19
379.31,5.90803e-19
379.323,5.93021e-19
379.337,5.94999e-19
379.351,5.96867e-19
379.365,5.98337e-19
379.379,5.99348e-19
379.393,6.01506e-19
379.407,6.0426e-19
379.421,6.06652e-19
379.435,6.09809e-19
379.448,6.13517e-19
379.462,6.17039e-19
379.476,6.2086e-19
379.49,6.24428e-19
379.504,6.27243e-19
379.518,6.29721e-19
379.532,6.32523e-19
379.546,6.35192e-19
379.56,6.37536e-19
379.573,6.40307e-19
379.587,6.42812e-19
379.601,6.46271e-19
379.615,6.49456e-19
379.629,6.51581e-19
379.643,6.53596e-19
379.657,6.5386e-19
379.671,6.56096e-19
379.685,6.58316e-19
379.699,6.58325e-19
379.712,6.59334e-19
379.726,6.59217e-19
379.74,6.59851e-19
379.754,6.60279e-19
379.768,6.59326e-19
379.782,6.59264e-19
379.796,6.58818e-19
379.81,6.59085e-19
379.824,6.6012e-19
379.838,6.61367e-19
379.852,6.62988e-19
379.865,6.64037e-19
379.879,6.64123e-19
379.893,6.64554e-19
379.907,6.6414e-19
379.921,6.62101e-19
379.935,6.61354e-19
379.949,6.6019e-19
379.963,6.58674e-19
379.977,6.57774e-19
379.991,6.56867e-19
380.005,6.55933e-19
380.019,6.54475e-19
380.033,6.53565e-19
380.047,6.51375e-19
380.06,6.48687e-19
380.074,6.46295e-19
380.088,6.44043e-19
380.102,6.42304e-19
380.116,6.397e-19
380.13,6.38281e-19
380.144,6.37148e-19
380.158,6.36028e-19
380.172,6.3565e-19
380.186,6.35394e-19
380.2,6.35591e-19
380.214,6.35902e-19
380.228,6.37171e-19
380.242,6.37961e-19
380.256,6.3858e-19
380.27,6.38534e-19
380.284,6.37919e-19
380.297,6.37832e-19
380.311,6.36416e-19
380.325,6.35722e-19
380.339,6.35025e-19
380.353,6.33881e-19
380.367,6.33107e-19
380.381,6.31919e-19
380.395,6.31304e-19
380.409,6.3105e-19
380.423,6.31613e-19
380.437,6.32297e-19
380.451,6.33104e-19
380.465,6.33866e-19
380.479,6.34116e-19
380.493,6.34371e-19
380.507,6.34059e-19
380.521,6.33696e-19
380.535,6.33416e-19
380.549,6.3372e-19
380.563,6.3394e-19
380.577,6.34495e-19
380.591,6.35261e-19
380.605,6.35376e-19
380.619,6.35627e-19
380.633,6.35315e-19
380.647,6.35743e-19
380.661,6.35514e-19
380.674,6.35199e-19
380.688,6.35672e-19
380.702,6.35157e-19
380.716,6.3583e-19
380.73,6.35725e-19
380.744,6.35353e-19
380.758,6.35837e-19
380.772,6.34899e-19
380.786,6.33376e-19
380.8,6.3182e-19
380.814,6.30671e-19
380.828,6.28978e-19
380.842,6.27174e-19
380.856,6.25266e-19
380.87,6.22737e-19
380.884,6.2102e-19
380.898,6.19519e-19
380.912,6.18007e-19
380.926,6.16604e-19
380.94,6.15776e-19
380.954,6.15173e-19
380.968,6.13879e-19
380.982,6.12825e-19
380.996,6.12035e-19
381.01,6.11268e-19
381.024,6.10799e-19
381.038,6.1024e-19
381.052,6.0972e-19
381.066,6.09656e-19
381.08,6.09874e-19
381.094,6.10248e-19
381.108,6.09436e-19
381.122,6.08279e-19
381.136,6.07842e-19
381.15,6.06934e-19
381.164,6.0671e-19
381.178,6.06273e-19
381.192,6.05869e-19
381.206,6.06211e-19
381.22,6.05466e-19
381.234,6.05208e-19
381.248,6.04664e-19
381.262,6.03044e-19
381.276,6.02215e-19
381.291,6.01445e-19
381.305,6.00712e-19
381.319,6.00824e-19
381.333,6.01091e-19
381.347,6.01568e-19
381.361,6.02286e-19
381.375,6.02257e-19
381.389,6.01742e-19
381.403,6.00711e-19
381.417,5.99626e-19
381.431,5.98689e-19
381.445,5.97576e-19
381.459,5.97263e-19
381.473,5.96489e-19
381.487,5.95408e-19
381.501,5.95414e-19
381.515,5.95627e-19
381.529,5.95846e-19
381.543,5.95975e-19
381.557,5.96281e-19
381.571,5.96918e-19
381.585,5.97221e-19
381.599,5.9768e-19
381.613,5.98629e-19
381.627,5.99778e-19
381.641,6.01127e-19
381.655,6.02468e-19
381.67,6.04456e-19
381.684,6.06205e-19
381.698,6.0725e-19
381.712,6.08519e-19
381.726,6.08567e-19
381.74,6.08549e-19
381.754,6.08215e-19
381.768,6.07124e-19
381.782,6.06844e-19
381.796,6.05988e-19
381.81,6.05319e-19
381.824,6.0415e-19
381.838,6.02944e-19
381.852,6.02416e-19
381.866,6.00604e-19
381.88,5.9887e-19
381.894,5.96688e-19
381.909,5.94915e-19
381.923,5.94414e-19
381.937,5.94106e-19
381.951,5.94077e-19
381.965,5.93512e-19
381.979,5.93854e-19
381.993,5.94602e-19
382.007,5.94627e-19
382.021,5.95019e-19
382.035,5.95605e-19
382.049,5.96283e-19
382.063,5.96749e-19
382.077,5.96984e-19
382.092,5.97938e-19
382.106,6.00159e-19
382.12,6.02333e-19
382.134,6.0469e-19
382.148,6.07612e-19
382.162,6.08935e-19
382.176,6.09037e-19
382.19,6.08594e-19
382.204,6.07179e-19
382.218,6.05295e-19
382.232,6.03349e-19
382.246,6.01446e-19
382.261,5.99405e-19
382.275,5.97146e-19
382.289,5.94866e-19
382.303,5.92499e-19
382.317,5.89744e-19
382.331,5.86359e-19
382.345,5.82577e-19
382.359,5.79708e-19
382.373,5.77074e-19
382.387,5.73738e-19
382.402,5.70635e-19
382.416,5.67365e-19
382.43,5.64175e-19
382.444,5.61315e-19
382.458,5.58968e-19
382.472,5.57671e-19
382.486,5.56475e-19
382.5,5.56285e-19
382.514,5.56949e-19
382.529,5.5641e-19
382.543,5.55692e-19
382.557,5.54836e-19
382.571,5.53158e-19
382.585,5.52136e-19
382.599,5.51377e-19
382.613,5.50867e-19
382.627,5.51258e-19
382.642,5.52037e-19
382.656,5.53437e-19
382.67,5.54811e-19
382.684,5.5656e-19
382.698,5.58903e-19
382.712,5.61111e-19
382.726,5.63504e-19
382.74,5.65449e-19
382.755,5.67461e-19
382.769,5.68871e-19
382.783,5.69286e-19
382.797,5.69912e-19
382.811,5.69803e-19
382.825,5.69842e-19
382.839,5.70319e-19
382.853,5.70171e-19
382.868,5.69582e-19
382.882,5.68621e-19
382.896,5.67477e-19
382.91,5.65818e-19
382.924,5.64406e-19
382.938,5.63644e-19
382.952,5.63339e-19
382.967,5.63154e-19
382.981,5.62197e-19
382.995,5.621e-19
383.009,5.62606e-19
383.023,5.62688e-19
383.037,5.6351e-19
383.051,5.63976e-19
383.066,5.63929e-19
383.08,5.63958e-19
383.094,5.6374e-19
383.108,5.6364e-19
383.122,5.63621e-19
383.136,5.6384e-19
383.151,5.64732e-19
383.165,5.66932e-19
383.179,5.69884e-19
383.193,5.73157e-19
383.207,5.77014e-19
383.221,5.80582e-19
383.236,5.83911e-19
383.25,5.8618e-19
383.264,5.8685e-19
383.278,5.86986e-19
383.292,5.8661e-19
383.306,5.86247e-19
383.321,5.85988e-19
383.335,5.8532e-19
383.349,5.85168e-19
383.363,5.85282e-19
383.377,5.84937e-19
383.391,5.85275e-19
383.406,5.85428e-19
383.42,5.85095e-19
383.434,5.85329e-19
383.448,5.85261e-19
383.462,5.85209e-19
383.477,5.8498e-19
383.491,5.84171e-19
383.505,5.82927e-19
383.519,5.81409e-19
383.533,5.79839e-19
383.548,5.78317e-19
383.562,5.77548e-19
383.576,5.76938e-19
383.59,5.77316e-19
383.604,5.77973e-19
383.618,5.78555e-19
383.633,5.80464e-19
383.647,5.82498e-19
383.661,5.85641e-19
383.675,5.89114e-19
383.689,5.92248e-19
383.704,5.95085e-19
383.718,5.96862e-19
383.732,5.99009e-19
383.746,6.00015e-19
383.76,6.00627e-19
383.775,6.02152e-19
383.789,6.03387e-19
383.803,6.04443e-19
383.817,6.0583e-19
383.832,6.07081e-19
383.846,6.08352e-19
383.86,6.10983e-19
383.874,6.12957e-19
383.888,6.14654e-19
383.903,6.1653e-19
383.917,6.18621e-19
383.931,6.21403e-19
383.945,6.22156e-19
383.959,6.2282e-19
383.974,6.23492e-19
383.988,6.2383e-19
384.002,6.24973e-19
384.016,6.25646e-19
384.031,6.25222e-19
384.045,6.23566e-19
384.059,6.21862e-19
384.073,6.1918e-19
384.087,6.16741e-19
384.102,6.146e-19
384.116,6.11904e-19
384.13,6.09182e-19
384.144,6.06108e-19
384.159,6.04892e-19
384.173,6.03827e-19
384.187,6.02952e-19
384.201,6.02164e-19
384.216,6.01095e-19
384.23,6.02126e-19
384.244,6.03716e-19
384.258,6.06125e-19
384.273,6.06967e-19
384.287,6.05701e-19
384.301,6.04873e-19
384.315,6.04295e-19
384.33,6.0514e-19
384.344,6.07146e-19
384.358,6.09796e-19
384.372,6.12782e-19
384.387,6.16811e-19
384.401,6.20531e-19
384.415,6.23685e-19
384.429,6.2737e-19
384.444,6.29384e-19
384.458,6.31062e-19
384.472,6.32168e-19
384.486,6.32343e-19
384.501,6.33377e-19
384.515,6.34659e-19
384.529,6.35019e-19
384.543,6.35183e-19
384.558,6.35783e-19
384.572,6.35593e-19
384.586,6.35543e-19
384.6,6.34711e-19
384.615,6.33397e-19
384.629,6.32749e-19
384.643,6.32662e-19
384.658,6.33583e-19
384.672,6.33756e-19
384.686,6.34203e-19
384.7,6.3598e-19
384.715,6.40314e-19
384.729,6.45366e-19
384.743,6.48145e-19
384.757,6.50605e-19
384.772,6.52719e-19
384.786,6.55392e-19
384.8,6.57977e-19
384.815,6.59707e-19
384.829,6.60706e-19
384.843,6.60015e-19
384.857,6.58761e-19
384.872,6.56979e-19
384.886,6.54681e-19
384.9,6.52377e-19
384.915,6.50194e-19
384.929,6.46848e-19
384.943,6.43529e-19
384.957,6.3975e-19
384.972,6.35637e-19
384.986,6.34093e-19
385,6.32765e-19
385.015,6.32492e-19
385.029,6.32872e-19
385.043,6.32813e-19
385.058,6.31599e-19
385.072,6.27873e-19
385.086,6.25513e-19
385.1,6.22944e-19
385.115,6.19459e-19
385.129,6.15825e-19
385.143,6.12268e-19
385.158,6.10412e-19
385.172,6.0842e-19
385.186,6.06594e-19
385.201,6.05361e-19
385.215,6.04975e-19
385.229,6.04662e-19
385.244,6.04067e-19
385.258,6.04004e-19
385.272,6.04452e-19
385.286,6.06517e-19
385.301,6.0877e-19
385.315,6.108e-19
385.329,6.12044e-19
385.344,6.1234e-19
385.358,6.12823e-19
385.372,6.13097e-19
385.387,6.13729e-19
385.401,6.13452e-19
385.415,6.12766e-19
385.43,6.11978e-19
385.444,6.09795e-19
385.458,6.07957e-19
385.473,6.06485e-19
385.487,6.0422e-19
385.501,6.02784e-19
385.516,6.02581e-19
385.53,6.02579e-19
385.544,6.03935e-19
385.559,6.06436e-19
385.573,6.09465e-19
385.587,6.12194e-19
385.602,6.14895e-19
385.616,6.1902e-19
385.63,6.22718e-19
385.645,6.27115e-19
385.659,6.32776e-19
385.673,6.38154e-19
385.688,6.43625e-19
385.702,6.48078e-19
385.717,6.50382e-19
385.731,6.50603e-19
385.745,6.49674e-19
385.76,6.47135e-19
385.774,6.44015e-19
385.788,6.40987e-19
385.803,6.37506e-19
385.817,6.34537e-19
385.831,6.3163e-19
385.846,6.29176e-19
385.86,6.27086e-19
385.874,6.26052e-19
385.889,6.25357e-19
385.903,6.23424e-19
385.918,6.21866e-19
385.932,6.19131e-19
385.946,6.1467e-19
385.961,6.1068e-19
385.975,6.07399e-19
385.989,6.04027e-19
386.004,6.00667e-19
386.018,5.97756e-19
386.033,5.95339e-19
386.047,5.93938e-19
386.061,5.929e-19
386.076,5.92011e-19
386.09,5.91093e-19
386.104,5.89948e-19
386.119,5.88737e-19
386.133,5.86959e-19
386.148,5.8517e-19
386.162,5.84187e-19
386.176,5.84252e-19
386.191,5.83606e-19
386.205,5.82197e-19
386.219,5.81208e-19
386.234,5.79186e-19
386.248,5.76541e-19
386.263,5.74516e-19
386.277,5.73001e-19
386.291,5.71372e-19
386.306,5.69767e-19
386.32,5.68672e-19
386.335,5.67621e-19
386.349,5.67181e-19
386.363,5.67007e-19
386.378,5.66065e-19
386.392,5.65168e-19
386.407,5.64544e-19
386.421,5.63762e-19
386.435,5.62629e-19
386.45,5.61203e-19
386.464,5.60684e-19
386.479,5.61171e-19
386.493,5.61884e-19
386.507,5.62363e-19
386.522,5.62274e-19
386.536,5.62202e-19
386.551,5.61895e-19
386.565,5.61514e-19
386.579,5.61599e-19
386.594,5.62231e-19
386.608,5.63381e-19
386.623,5.64281e-19
386.637,5.65419e-19
386.652,5.66872e-19
386.666,5.68123e-19
386.68,5.69366e-19
386.695,5.71076e-19
386.709,5.72628e-19
386.724,5.73322e-19
386.738,5.74354e-19
386.753,5.74909e-19
386.767,5.75401e-19
386.781,5.77125e-19
386.796,5.7914e-19
386.81,5.81724e-19
386.825,5.84746e-19
386.839,5.87642e-19
386.854,5.90623e-19
386.868,5.94069e-19
386.882,5.97171e-19
386.897,5.9939e-19
386.911,6e-19
386.926,5.99274e-19
386.94,5.9951e-19
386.955,5.99354e-19
386.969,5.99643e-19
386.984,6.01156e-19
386.998,6.01881e-19
387.012,6.03151e-19
387.027,6.04163e-19
387.041,6.04392e-19
387.056,6.05147e-19
387.07,6.06014e-19
387.085,6.06778e-19
387.099,6.0795e-19
387.114,6.0917e-19
387.128,6.09835e-19
387.142,6.10608e-19
387.157,6.10889e-19
387.171,6.11373e-19
387.186,6.12486e-19
387.2,6.13203e-19
387.215,6.13938e-19
387.229,6.13916e-19
387.244,6.13802e-19
387.258,6.13555e-19
387.273,6.12684e-19
387.287,6.13179e-19
387.302,6.1418e-19
387.316,6.15181e-19
387.331,6.17169e-19
387.345,6.18889e-19
387.359,6.20194e-19
387.374,6.21712e-19
387.388,6.22499e-19
387.403,6.22781e-19
387.417,6.23694e-19
387.432,6.23973e-19
387.446,6.23399e-19
387.461,6.23754e-19
387.475,6.23997e-19
387.49,6.24066e-19
387.504,6.24934e-19
387.519,6.25587e-19
387.533,6.26085e-19
387.548,6.25632e-19
387.562,6.24397e-19
387.577,6.2337e-19
387.591,6.221e-19
387.606,6.21224e-19
387.62,6.20578e-19
387.635,6.20195e-19
387.649,6.2042e-19
387.664,6.20527e-19
387.678,6.20481e-19
387.693,6.21119e-19
387.707,6.2189e-19
387.722,6.22329e-19
387.736,6.2348e-19
387.751,6.24399e-19
387.765,6.25297e-19
387.78,6.26583e-19
387.794,6.27915e-19
387.809,6.29389e-19
387.823,6.30014e-19
387.838,6.31548e-19
387.852,6.33339e-19
387.867,6.33976e-19
387.881,6.34235e-19
387.896,6.33582e-19
387.91,6.337e-19
387.925,6.34255e-19
387.939,6.34293e-19
387.954,6.34575e-19
387.968,6.34113e-19
387.983,6.32773e-19
387.997,6.30931e-19
388.012,6.28656e-19
388.026,6.26093e-19
388.041,6.23499e-19
388.055,6.21669e-19
388.07,6.20863e-19
388.084,6.20119e-19
388.099,6.19374e-19
388.114,6.19015e-19
388.128,6.18416e-19
388.143,6.17849e-19
388.157,6.17517e-19
388.172,6.16848e-19
388.186,6.16e-19
388.201,6.15487e-19
388.215,6.15116e-19
388.23,6.1468e-19
388.244,6.13828e-19
388.259,6.12275e-19
388.273,6.10584e-19
388.288,6.08812e-19
388.303,6.07151e-19
388.317,6.06004e-19
388.332,6.05149e-19
388.346,6.03903e-19
388.361,6.02507e-19
388.375,6.01038e-19
388.39,5.99314e-19
388.404,5.9838e-19
388.419,5.98061e-19
388.433,5.98687e-19
388.448,5.99517e-19
388.463,6.00298e-19
388.477,6.01961e-19
388.492,6.02353e-19
388.506,6.02286e-19
388.521,6.01892e-19
388.535,6.00918e-19
388.55,6.00661e-19
388.564,5.99336e-19
388.579,5.97948e-19
388.594,5.97366e-19
388.608,5.97084e-19
388.623,5.97409e-19
388.637,5.98239e-19
388.652,5.99479e-19
388.666,6.00547e-19
388.681,6.02222e-19
388.696,6.04393e-19
388.71,6.06657e-19
388.725,6.08488e-19
388.739,6.09189e-19
388.754,6.09259e-19
388.768,6.08319e-19
388.783,6.07656e-19
388.798,6.07938e-19
388.812,6.08212e-19
388.827,6.08524e-19
388.841,6.09553e-19
388.856,6.11329e-19
388.871,6.12869e-19
388.885,6.15257e-19
388.9,6.18323e-19
388.914,6.20638e-19
388.929,6.22637e-19
388.943,6.24368e-19
388.958,6.26174e-19
388.973,6.28455e-19
388.987,6.31414e-19
389.002,6.33924e-19
389.016,6.35407e-19
389.031,6.37005e-19
389.046,6.38267e-19
389.06,6.40164e-19
389.075,6.43344e-19
389.089,6.46383e-19
389.104,6.48854e-19
389.119,6.50389e-19
389.133,6.51416e-19
389.148,6.52524e-19
389.163,6.53915e-19
389.177,6.55414e-19
389.192,6.56417e-19
389.206,6.57169e-19
389.221,6.57781e-19
389.236,6.57642e-19
389.25,6.5568e-19
389.265,6.52398e-19
389.279,6.49404e-19
389.294,6.47156e-19
389.309,6.45538e-19
389.323,6.44178e-19
389.338,6.43037e-19
389.353,6.43118e-19
389.367,6.44557e-19
389.382,6.45734e-19
389.396,6.47073e-19
389.411,6.4847e-19
389.426,6.48138e-19
389.44,6.46811e-19
389.455,6.4537e-19
389.47,6.43978e-19
389.484,6.41676e-19
389.499,6.38899e-19
389.513,6.36596e-19
389.528,6.34285e-19
389.543,6.32821e-19
389.557,6.31721e-19
389.572,6.2999e-19
389.587,6.26753e-19
389.601,6.23068e-19
389.616,6.20102e-19
389.631,6.17078e-19
389.645,6.14854e-19
389.66,6.12981e-19
389.674,6.11666e-19
389.689,6.10925e-19
389.704,6.10056e-19
389.718,6.09707e-19
389.733,6.10143e-19
389.748,6.10621e-19
389.762,6.10497e-19
389.777,6.11923e-19
389.792,6.12967e-19
389.806,6.12516e-19
389.821,6.12499e-19
389.836,6.12701e-19
389.85,6.14546e-19
389.865,6.16126e-19
389.88,6.1748e-19
389.894,6.19221e-19
389.909,6.20723e-19
389.924,6.23779e-19
389.938,6.27035e-19
389.953,6.30044e-19
389.968,6.32209e-19
389.982,6.33839e-19
389.997,6.34118e-19
390.012,6.32425e-19
390.026,6.30622e-19
390.041,6.27808e-19
390.056,6.2642e-19
390.07,6.26085e-19
390.085,6.25283e-19
390.1,6.25329e-19
390.114,6.25108e-19
390.129,6.24852e-19
390.144,6.24889e-19
390.158,6.25109e-19
390.173,6.25603e-19
390.188,6.26923e-19
390.202,6.28067e-19
390.217,6.29106e-19
390.232,6.31783e-19
390.247,6.34768e-19
390.261,6.37472e-19
390.276,6.39555e-19
390.291,6.4108e-19
390.305,6.42014e-19
390.32,6.42916e-19
390.335,6.43907e-19
390.349,6.43203e-19
390.364,6.42143e-19
390.379,6.40461e-19
390.393,6.38105e-19
390.408,6.36274e-19
390.423,6.3489e-19
390.438,6.34331e-19
390.452,6.33758e-19
390.467,6.33002e-19
390.482,6.30866e-19
390.496,6.27931e-19
390.511,6.26811e-19
390.526,6.26202e-19
390.541,6.25679e-19
390.555,6.24866e-19
390.57,6.22303e-19
390.585,6.19116e-19
390.599,6.16029e-19
390.614,6.14234e-19
390.629,6.1405e-19
390.644,6.15139e-19
390.658,6.1756e-19
390.673,6.19043e-19
390.688,6.19355e-19
390.702,6.18689e-19
390.717,6.18021e-19
390.732,6.17465e-19
390.747,6.157e-19
390.761,6.14206e-19
390.776,6.12417e-19
390.791,6.11377e-19
390.806,6.09696e-19
390.82,6.06727e-19
390.835,6.05399e-19
390.85,6.0553e-19
390.864,6.08333e-19
390.879,6.10256e-19
390.894,6.1066e-19
390.909,6.1027e-19
390.923,6.07759e-19
390.938,6.06372e-19
390.953,6.03826e-19
390.968,6.05629e-19
390.982,6.15996e-19
390.997,6.18589e-19
391.012,6.09989e-19
391.027,6.08861e-19
391.041,6.15481e-19
391.056,6.18464e-19
391.071,6.1786e-19
391.086,6.17456e-19
391.1,6.1936e-19
391.115,6.1863e-19
391.13,6.20499e-19
391.145,6.22558e-19
391.159,6.20334e-19
391.174,6.25652e-19
391.189,6.23749e-19
391.204,6.19558e-19
391.218,6.23231e-19
391.233,6.20823e-19
391.248,6.21413e-19
391.263,6.21505e-19
391.278,6.21028e-19
391.292,6.28249e-19
391.307,6.30145e-19
391.322,6.222e-19
391.337,6.18207e-19
391.351,6.23549e-19
391.366,6.20035e-19
391.381,6.08623e-19
391.396,6.03527e-19
391.41,6.0576e-19
391.425,6.10385e-19
391.44,6.09234e-19
391.455,6.09765e-19
391.47,6.1535e-19
391.484,6.23188e-19
391.499,6.33355e-19
391.514,6.38737e-19
391.529,6.40599e-19
391.544,6.42433e-19
391.558,6.44798e-19
391.573,6.50371e-19
391.588,6.55863e-19
391.603,6.55757e-19
391.617,6.55178e-19
391.632,6.59223e-19
391.647,6.65082e-19
391.662,6.72106e-19
391.677,6.76262e-19
391.691,6.7496e-19
391.706,6.74547e-19
391.721,6.78227e-19
391.736,6.83062e-19
391.751,6.90559e-19
391.765,6.99506e-19
391.78,7.0366e-19
391.795,7.06155e-19
391.81,7.08174e-19
391.825,7.09184e-19
391.839,7.09162e-19
391.854,7.07708e-19
391.869,7.06994e-19
391.884,7.04319e-19
391.899,7.01067e-19
391.914,6.98778e-19
391.928,6.95397e-19
391.943,6.90746e-19
391.958,6.85174e-19
391.973,6.79796e-19
391.988,6.73288e-19
392.002,6.65772e-19
392.017,6.60332e-19
392.032,6.57181e-19
392.047,6.54034e-19
392.062,6.51848e-19
392.077,6.50872e-19
392.091,6.48638e-19
392.106,6.44934e-19
392.121,6.41003e-19
392.136,6.38302e-19
392.151,6.3578e-19
392.166,6.33409e-19
392.18,6.32184e-19
392.195,6.30804e-19
392.21,6.29752e-19
392.225,6.29782e-19
392.24,6.29685e-19
392.255,6.28801e-19
392.269,6.28084e-19
392.284,6.28388e-19
392.299,6.29863e-19
392.314,6.32143e-19
392.329,6.3526e-19
392.344,6.38108e-19
392.359,6.40079e-19
392.373,6.41897e-19
392.388,6.4165e-19
392.403,6.39452e-19
392.418,6.36032e-19
392.433,6.31803e-19
392.448,6.28046e-19
392.462,6.25327e-19
392.477,6.24651e-19
392.492,6.25491e-19
392.507,6.27793e-19
392.522,6.30047e-19
392.537,6.31957e-19
392.552,6.34104e-19
392.567,6.34984e-19
392.581,6.35983e-19
392.596,6.37155e-19
392.611,6.3782e-19
392.626,6.3631e-19
392.641,6.3264e-19
392.656,6.2961e-19
392.671,6.27664e-19
392.685,6.27886e-19
392.7,6.29067e-19
392.715,6.29963e-19
392.73,6.31706e-19
392.745,6.34255e-19
392.76,6.35775e-19
392.775,6.35505e-19
392.79,6.3488e-19
392.804,6.33852e-19
392.819,6.33108e-19
392.834,6.32931e-19
392.849,6.32175e-19
392.864,6.30098e-19
392.879,6.2736e-19
392.894,6.23794e-19
392.909,6.18723e-19
392.924,6.14316e-19
392.938,6.10374e-19
392.953,6.06895e-19
392.968,6.04465e-19
392.983,6.01847e-19
392.998,5.98556e-19
393.013,5.94841e-19
393.028,5.91223e-19
393.043,5.86996e-19
393.058,5.83202e-19
393.073,5.79908e-19
393.087,5.75883e-19
393.102,5.7168e-19
393.117,5.67853e-19
393.132,5.6526e-19
393.147,5.63769e-19
393.162,5.63159e-19
393.177,5.62634e-19
393.192,5.62513e-19
393.207,5.63103e-19
393.222,5.63203e-19
393.237,5.62784e-19
393.251,5.61185e-19
393.266,5.60042e-19
393.281,5.59503e-19
393.296,5.57582e-19
393.311,5.5517e-19
393.326,5.52732e-19
393.341,5.51238e-19
393.356,5.51027e-19
393.371,5.51768e-19
393.386,5.53778e-19
393.401,5.55501e-19
393.416,5.56239e-19
393.431,5.57746e-19
393.445,5.60172e-19
393.46,5.6286e-19
393.475,5.66679e-19
393.49,5.70883e-19
393.505,5.7356e-19
393.52,5.74819e-19
393.535,5.75828e-19
393.55,5.76584e-19
393.565,5.76836e-19
393.58,5.76116e-19
393.595,5.74922e-19
393.61,5.75174e-19
393.625,5.76837e-19
393.64,5.79978e-19
393.655,5.83224e-19
393.67,5.84657e-19
393.685,5.85171e-19
393.7,5.85375e-19
393.714,5.86202e-19
393.729,5.86806e-19
393.744,5.86171e-19
393.759,5.85157e-19
393.774,5.8415e-19
393.789,5.83402e-19
393.804,5.83032e-19
393.819,5.82795e-19
393.834,5.8133e-19
393.849,5.79859e-19
393.864,5.79101e-19
393.879,5.77843e-19
393.894,5.77318e-19
393.909,5.76675e-19
393.924,5.75588e-19
393.939,5.76047e-19
393.954,5.78513e-19
393.969,5.81647e-19
393.984,5.83631e-19
393.999,5.84529e-19
394.014,5.83844e-19
394.029,5.82569e-19
394.044,5.82349e-19
394.059,5.82161e-19
394.074,5.82242e-19
394.089,5.82134e-19
394.104,5.81869e-19
394.119,5.81282e-19
394.134,5.78466e-19
394.149,5.74672e-19
394.164,5.70675e-19
394.179,5.67611e-19
394.193,5.65924e-19
394.208,5.64535e-19
394.223,5.64089e-19
394.238,5.62691e-19
394.253,5.61103e-19
394.268,5.60838e-19
394.283,5.60881e-19
394.298,5.61946e-19
394.313,5.63138e-19
394.328,5.63905e-19
394.343,5.63676e-19
394.358,5.63105e-19
394.373,5.63299e-19
394.388,5.63496e-19
394.403,5.6448e-19
394.418,5.65227e-19
394.433,5.64867e-19
394.448,5.64482e-19
394.463,5.65275e-19
394.478,5.66255e-19
394.493,5.65743e-19
394.509,5.65379e-19
394.524,5.6475e-19
394.539,5.63235e-19
394.554,5.62081e-19
394.569,5.61623e-19
394.584,5.61799e-19
394.599,5.62448e-19
394.614,5.63647e-19
394.629,5.64556e-19
394.644,5.64453e-19
394.659,5.63565e-19
394.674,5.62124e-19
394.689,5.59661e-19
394.704,5.56863e-19
394.719,5.55179e-19
394.734,5.55239e-19
394.749,5.57287e-19
394.764,5.60658e-19
394.779,5.65545e-19
394.794,5.70678e-19
394.809,5.74625e-19
394.824,5.77812e-19
394.839,5.80466e-19
394.854,5.83283e-19
394.869,5.8583e-19
394.884,5.88723e-19
394.899,5.9184e-19
394.914,5.94358e-19
394.929,5.9632e-19
394.944,5.96626e-19
394.959,5.9689e-19
394.974,5.97808e-19
394.989,5.9864e-19
395.005,5.99796e-19
395.02,6.00008e-19
395.035,5.98694e-19
395.05,5.96811e-19
395.065,5.94958e-19
395.08,5.94885e-19
395.095,5.98181e-19
395.11,6.02176e-19
395.125,6.04525e-19
395.14,6.06353e-19
395.155,6.08833e-19
395.17,6.12152e-19
395.185,6.1593e-19
395.2,6.19656e-19
395.215,6.22669e-19
395.23,6.25592e-19
395.245,6.27896e-19
395.261,6.28077e-19
395.276,6.27572e-19
395.291,6.28921e-19
395.306,6.33439e-19
395.321,6.39541e-19
395.336,6.44026e-19
395.351,6.46551e-19
395.366,6.48966e-19
395.381,6.51567e-19
395.396,6.54598e-19
395.411,6.59141e-19
395.426,6.65678e-19
395.441,6.71491e-19
395.457,6.74016e-19
395.472,6.7574e-19
395.487,6.75591e-19
395.502,6.72487e-19
395.517,6.69335e-19
395.532,6.66301e-19
395.547,6.62361e-19
395.562,6.57326e-19
395.577,6.52566e-19
395.592,6.49392e-19
395.607,6.48728e-19
395.623,6.48624e-19
395.638,6.48015e-19
395.653,6.48711e-19
395.668,6.49215e-19
395.683,6.49614e-19
395.698,6.51126e-19
395.713,6.54442e-19
395.728,6.58218e-19
395.743,6.59332e-19
395.758,6.58832e-19
395.774,6.57784e-19
395.789,6.57508e-19
395.804,6.60048e-19
395.819,6.64002e-19
395.834,6.66224e-19
395.849,6.67895e-19
395.864,6.71061e-19
395.879,6.74519e-19
395.894,6.78391e-19
395.91,6.81852e-19
395.925,6.8302e-19
395.94,6.80599e-19
395.955,6.76691e-19
395.97,6.73215e-19
395.985,6.68059e-19
396,6.61021e-19
396.015,6.53504e-19
396.031,6.47972e-19
396.046,6.44398e-19
396.061,6.41358e-19
396.076,6.38621e-19
396.091,6.37301e-19
396.106,6.3812e-19
396.121,6.38774e-19
396.137,6.38733e-19
396.152,6.35263e-19
396.167,6.29144e-19
396.182,6.25259e-19
396.197,6.2145e-19
396.212,6.17166e-19
396.227,6.14665e-19
396.243,6.13394e-19
396.258,6.12789e-19
396.273,6.12464e-19
396.288,6.11715e-19
396.303,6.12193e-19
396.318,6.14075e-19
396.333,6.14932e-19
396.349,6.13896e-19
396.364,6.10416e-19
396.379,6.05291e-19
396.394,5.99818e-19
396.409,5.96087e-19
396.424,5.93659e-19
396.439,5.91434e-19
396.455,5.91403e-19
396.47,5.91725e-19
396.485,5.9008e-19
396.5,5.85954e-19
396.515,5.82e-19
396.53,5.8101e-19
396.546,5.81212e-19
396.561,5.81294e-19
396.576,5.8066e-19
396.591,5.80936e-19
396.606,5.82128e-19
396.621,5.81978e-19
396.637,5.79928e-19
396.652,5.76368e-19
396.667,5.726e-19
396.682,5.68616e-19
396.697,5.65492e-19
396.713,5.64298e-19
396.728,5.646e-19
396.743,5.65198e-19
396.758,5.65709e-19
396.773,5.67225e-19
396.788,5.68807e-19
396.804,5.70608e-19
396.819,5.72383e-19
396.834,5.71851e-19
396.849,5.71167e-19
396.864,5.73449e-19
396.88,5.76248e-19
396.895,5.77449e-19
396.91,5.76284e-19
396.925,5.7212e-19
396.94,5.69764e-19
396.956,5.71176e-19
396.971,5.74117e-19
396.986,5.77729e-19
397.001,5.79593e-19
397.016,5.7742e-19
397.032,5.73098e-19
397.047,5.70941e-19
397.062,5.7133e-19
397.077,5.72878e-19
397.092,5.75212e-19
397.108,5.77648e-19
397.123,5.80331e-19
397.138,5.82861e-19
397.153,5.8313e-19
397.168,5.80573e-19
397.184,5.77595e-19
397.199,5.74626e-19
397.214,5.71512e-19
397.229,5.68651e-19
397.245,5.66253e-19
397.26,5.65468e-19
397.275,5.65646e-19
397.29,5.64981e-19
397.305,5.64454e-19
397.321,5.6581e-19
397.336,5.66372e-19
397.351,5.6664e-19
397.366,5.67954e-19
397.382,5.69167e-19
397.397,5.70153e-19
397.412,5.67955e-19
397.427,5.64645e-19
397.443,5.61403e-19
397.458,5.59055e-19
397.473,5.58804e-19
397.488,5.57404e-19
397.504,5.58854e-19
397.519,5.64398e-19
397.534,5.70675e-19
397.549,5.73732e-19
397.564,5.74146e-19
397.58,5.78235e-19
397.595,5.83562e-19
397.61,5.90008e-19
397.625,5.98001e-19
397.641,6.04541e-19
397.656,6.10471e-19
397.671,6.1425e-19
397.686,6.15236e-19
397.702,6.15758e-19
397.717,6.17225e-19
397.732,6.1922e-19
397.748,6.2015e-19
397.763,6.18685e-19
397.778,6.17694e-19
397.793,6.17305e-19
397.809,6.18687e-19
397.824,6.24322e-19
397.839,6.31673e-19
397.854,6.46024e-19
397.87,6.62506e-19
397.885,6.67628e-19
397.9,6.62241e-19
397.915,6.57565e-19
397.931,6.61981e-19
397.946,6.68404e-19
397.961,6.76297e-19
397.977,6.82732e-19
397.992,6.81875e-19
398.007,6.79836e-19
398.022,6.76635e-19
398.038,6.75699e-19
398.053,6.74842e-19
398.068,6.7171e-19
398.084,6.69593e-19
398.099,6.67446e-19
398.114,6.6774e-19
398.129,6.68855e-19
398.145,6.72983e-19
398.16,6.83021e-19
398.175,6.92124e-19
398.191,6.94238e-19
398.206,6.89714e-19
398.221,6.85251e-19
398.236,6.85443e-19
398.252,6.88141e-19
398.267,6.90265e-19
398.282,6.91069e-19
398.298,6.88133e-19
398.313,6.84489e-19
398.328,6.839e-19
398.344,6.86532e-19
398.359,6.97341e-19
398.374,7.09843e-19
398.389,7.1562e-19
398.405,7.17401e-19
398.42,7.15357e-19
398.435,7.17509e-19
398.451,7.23381e-19
398.466,7.2166e-19
398.481,7.20697e-19
398.497,7.21484e-19
398.512,7.16233e-19
398.527,7.13573e-19
398.543,7.13479e-19
398.558,7.10763e-19
398.573,7.07227e-19
398.589,7.00023e-19
398.604,6.89412e-19
398.619,6.81011e-19
398.635,6.76045e-19
398.65,6.7484e-19
398.665,6.77859e-19
398.681,6.78893e-19
398.696,6.76934e-19
398.711,6.73466e-19
398.727,6.65337e-19
398.742,6.59559e-19
398.757,6.58455e-19
398.773,6.54295e-19
398.788,6.50835e-19
398.803,6.50784e-19
398.819,6.44736e-19
398.834,6.34623e-19
398.849,6.27786e-19
398.865,6.2187e-19
398.88,6.15742e-19
398.895,6.09612e-19
398.911,6.04467e-19
398.926,6.01557e-19
398.941,5.986e-19
398.957,5.92613e-19
398.972,5.87324e-19
398.987,5.87027e-19
399.003,5.86044e-19
399.018,5.84602e-19
399.033,5.85325e-19
399.049,5.83909e-19
399.064,5.81939e-19
399.08,5.81863e-19
399.095,5.8344e-19
399.11,5.83944e-19
399.126,5.80359e-19
399.141,5.78337e-19
399.156,5.79005e-19
399.172,5.77249e-19
399.187,5.76069e-19
399.202,5.75298e-19
399.218,5.73025e-19
399.233,5.72027e-19
399.249,5.74765e-19
399.264,5.81215e-19
399.279,5.80879e-19
399.295,5.73186e-19
399.31,5.67244e-19
399.326,5.66327e-19
399.341,5.71854e-19
399.356,5.77628e-19
399.372,5.81606e-19
399.387,5.85415e-19
399.402,5.90521e-19
399.418,5.95433e-19
399.433,5.97879e-19
399.449,6.00151e-19
399.464,5.96488e-19
399.479,5.94308e-19
399.495,6.00617e-19
399.51,6.06933e-19
399.526,6.0652e-19
399.541,6.06266e-19
399.556,6.19512e-19
399.572,6.28466e-19
399.587,6.26825e-19
399.603,6.29925e-19
399.618,6.28499e-19
399.633,6.20866e-19
399.649,6.19138e-19
399.664,6.25789e-19
399.68,6.25891e-19
399.695,6.21682e-19
399.71,6.26345e-19
399.726,6.30004e-19
399.741,6.3423e-19
399.757,6.45144e-19
399.772,6.48876e-19
399.787,6.45564e-19
399.803,6.54963e-19
399.818,6.64928e-19
399.834,6.60361e-19
399.849,6.59766e-19
399.865,6.59887e-19
399.88,6.60558e-19
399.895,6.68339e-19
399.911,6.71535e-19
399.926,6.74134e-19
399.942,6.77795e-19
399.957,6.80002e-19
399.973,6.89463e-19
399.988,7.00025e-19
400.003,6.9893e-19
400.019,6.96819e-19
400.034,7.06517e-19
400.05,7.13968e-19
400.065,7.10814e-19
400.081,7.1044e-19
400.096,7.10226e-19
400.111,7.08752e-19
400.127,7.1206e-19
400.142,7.0784e-19
400.158,6.98489e-19
400.173,6.91835e-19
400.189,6.88955e-19
400.204,7.02083e-19
400.22,7.14041e-19
400.235,7.08272e-19
400.251,7.08708e-19
400.266,7.11066e-19
400.281,7.03615e-19
400.297,7.00555e-19
400.312,6.89858e-19
400.328,6.71609e-19
400.343,6.73229e-19
400.359,6.79453e-19
400.374,6.75707e-19
400.39,6.78574e-19
400.405,6.79999e-19
400.421,6.77136e-19
400.436,6.82381e-19
400.452,6.93072e-19
400.467,6.99193e-19
400.482,6.96854e-19
400.498,6.97492e-19
400.513,7.00199e-19
400.529,7.00103e-19
400.544,7.05925e-19
400.56,7.08257e-19
400.575,6.94618e-19
400.591,6.76434e-19
400.606,6.727e-19
400.622,6.78847e-19
400.637,6.77815e-19
400.653,6.70794e-19
400.668,6.65272e-19
400.684,6.68822e-19
400.699,6.73801e-19
400.715,6.74217e-19
400.73,6.74404e-19
400.746,6.68306e-19
400.761,6.65895e-19
400.777,6.67464e-19
400.792,6.68132e-19
400.808,6.76643e-19
400.823,6.81385e-19
400.839,6.76892e-19
400.854,6.7611e-19
400.87,6.84394e-19
400.885,6.89841e-19
400.901,6.85288e-19
400.916,6.83233e-19
400.932,6.79948e-19
400.947,6.66194e-19
400.963,6.60069e-19
400.978,6.71844e-19
400.994,6.74575e-19
401.009,6.60093e-19
401.025,6.51052e-19
401.04,6.56538e-19
401.056,6.7621e-19
401.071,6.87638e-19
401.087,6.79026e-19
401.102,6.7614e-19
401.118,6.86552e-19
401.133,6.92961e-19
401.149,6.83006e-19
401.164,6.70619e-19
401.18,6.70591e-19
401.195,6.70874e-19
401.211,6.62599e-19
401.226,6.58762e-19
401.242,6.62493e-19
401.257,6.61146e-19
401.273,6.55501e-19
401.289,6.587e-19
401.304,6.68263e-19
401.32,6.68089e-19
401.335,6.58025e-19
401.351,6.50236e-19
401.366,6.46171e-19
401.382,6.47038e-19
401.397,6.55128e-19
401.413,6.56993e-19
401.428,6.48948e-19
401.444,6.44757e-19
401.459,6.45557e-19
401.475,6.46856e-19
401.491,6.45947e-19
401.506,6.43297e-19
401.522,6.40064e-19
401.537,6.37545e-19
401.553,6.42147e-19
401.568,6.46661e-19
401.584,6.43282e-19
401.599,6.44443e-19
401.615,6.49329e-19
401.631,6.43653e-19
401.646,6.35325e-19
401.662,6.29322e-19
401.677,6.2413e-19
401.693,6.26238e-19
401.708,6.26442e-19
401.724,6.24884e-19
401.739,6.28327e-19
401.755,6.30593e-19
401.771,6.34185e-19
401.786,6.4019e-19
401.802,6.44626e-19
401.817,6.38593e-19
401.833,6.23475e-19
401.848,6.20428e-19
401.864,6.32005e-19
401.88,6.32433e-19
401.895,6.24611e-19
401.911,6.32223e-19
401.926,6.29275e-19
401.942,6.05071e-19
401.958,5.92639e-19
401.973,5.98146e-19
401.989,6.08547e-19
402.004,6.08455e-19
402.02,6.00388e-19
402.035,5.98091e-19
402.051,5.9955e-19
402.067,5.99553e-19
402.082,6.00097e-19
402.098,6.02591e-19
402.113,6.04374e-19
402.129,5.99333e-19
402.145,5.84362e-19
402.16,5.70095e-19
402.176,5.69881e-19
402.191,5.81202e-19
402.207,5.80254e-19
402.223,5.68407e-19
402.238,5.70071e-19
402.254,5.73403e-19
402.269,5.66228e-19
402.285,5.64328e-19
402.301,5.75162e-19
402.316,5.81516e-19
402.332,5.75751e-19
402.348,5.73768e-19
402.363,5.71837e-19
402.379,5.71527e-19
402.394,5.80471e-19
402.41,5.80167e-19
402.426,5.67482e-19
402.441,5.64093e-19
402.457,5.68215e-19
402.472,5.69211e-19
402.488,5.70251e-19
402.504,5.61496e-19
402.519,5.54211e-19
402.535,5.62659e-19
402.551,5.6596e-19
402.566,5.59923e-19
402.582,5.5285e-19
402.598,5.50549e-19
402.613,5.56066e-19
402.629,5.5867e-19
402.644,5.56117e-19
402.66,5.51532e-19
402.676,5.45844e-19
402.691,5.45759e-19
402.707,5.4743e-19
402.723,5.41047e-19
402.738,5.3367e-19
402.754,5.36552e-19
402.77,5.53065e-19
402.785,5.64662e-19
402.801,5.58426e-19
402.817,5.52807e-19
402.832,5.54172e-19
402.848,5.60214e-19
402.863,5.64278e-19
402.879,5.65491e-19
402.895,5.66909e-19
402.91,5.68024e-19
402.926,5.70231e-19
402.942,5.62218e-19
402.957,5.55895e-19
402.973,5.57302e-19
402.989,5.60987e-19
403.004,5.6631e-19
403.02,5.61983e-19
403.036,5.63319e-19
403.051,5.63846e-19
403.067,5.53355e-19
403.083,5.45383e-19
403.098,5.3906e-19
403.114,5.4295e-19
403.13,5.45816e-19
403.145,5.40017e-19
403.161,5.42827e-19
403.177,5.49632e-19
403.193,5.47979e-19
403.208,5.42273e-19
403.224,5.46445e-19
403.24,5.55471e-19
403.255,5.55128e-19
403.271,5.48432e-19
403.287,5.46116e-19
403.302,5.4989e-19
403.318,5.48878e-19
403.334,5.44227e-19
403.349,5.44207e-19
403.365,5.44276e-19
403.381,5.47905e-19
403.396,5.52395e-19
403.412,5.51207e-19
403.428,5.60966e-19
403.444,5.74289e-19
403.459,5.78412e-19
403.475,5.70968e-19
403.491,5.5424e-19
403.506,5.62555e-19
403.522,5.79233e-19
403.538,5.74118e-19
403.553,5.67393e-19
403.569,5.6221e-19
403.585,5.65171e-19
403.601,5.69244e-19
403.616,5.6138e-19
403.632,5.58426e-19
403.648,5.66371e-19
403.663,5.69425e-19
403.679,5.65335e-19
403.695,5.71892e-19
403.711,5.79837e-19
403.726,5.79234e-19
403.742,5.87717e-19
403.758,6.05617e-19
403.774,6.10703e-19
403.789,6.08955e-19
403.805,6.22836e-19
403.821,6.28968e-19
403.836,6.22738e-19
403.852,6.30541e-19
403.868,6.36756e-19
403.884,6.35444e-19
403.899,6.3743e-19
403.915,6.33797e-19
403.931,6.31678e-19
403.947,6.33225e-19
403.962,6.31328e-19
403.978,6.39593e-19
403.994,6.52722e-19
404.01,6.60775e-19
404.025,6.51798e-19
404.041,6.34608e-19
404.057,6.41484e-19
404.073,6.39891e-19
404.088,6.30069e-19
404.104,6.36746e-19
404.12,6.3307e-19
404.136,6.3083e-19
404.151,6.33801e-19
404.167,6.29593e-19
404.183,6.28626e-19
404.199,6.31446e-19
404.214,6.23599e-19
404.23,6.09078e-19
404.246,6.11038e-19
404.262,6.19228e-19
404.277,6.28234e-19
404.293,6.30651e-19
404.309,6.12084e-19
404.325,5.98017e-19
404.34,5.97648e-19
404.356,6.03776e-19
404.372,6.08524e-19
404.388,6.11741e-19
404.404,6.12217e-19
404.419,6.05311e-19
404.435,6.01629e-19
404.451,5.93598e-19
404.467,5.88355e-19
404.482,6.01347e-19
404.498,6.1455e-19
404.514,6.11767e-19
404.53,6.02233e-19
404.546,5.95565e-19
404.561,5.87006e-19
404.577,5.84599e-19
404.593,5.87203e-19
404.609,5.85221e-19
404.625,5.84107e-19
404.64,5.80579e-19
404.656,5.86756e-19
404.672,5.95927e-19
404.688,5.89774e-19
404.703,5.91848e-19
404.719,6.00066e-19
404.735,6.05189e-19
404.751,6.19936e-19
404.767,6.37907e-19
404.782,6.36633e-19
404.798,6.23632e-19
404.814,6.33908e-19
404.83,6.54533e-19
404.846,6.70131e-19
404.862,6.8518e-19
404.877,6.88359e-19
404.893,6.93042e-19
404.909,6.8477e-19
404.925,6.71902e-19
404.941,6.70768e-19
404.956,6.53454e-19
404.972,6.31592e-19
404.988,6.15564e-19
405.004,6.11686e-19
405.02,6.16621e-19
405.036,6.21299e-19
405.051,6.39087e-19
405.067,6.50111e-19
405.083,6.463e-19
405.099,6.50602e-19
405.115,6.69342e-19
405.13,6.88184e-19
405.146,6.94017e-19
405.162,7.04525e-19
405.178,7.06183e-19
405.194,6.90843e-19
405.21,6.96347e-19
405.225,7.18381e-19
405.241,7.28937e-19
405.257,7.36716e-19
405.273,7.3334e-19
405.289,7.24457e-19
405.305,7.30525e-19
405.321,7.1135e-19
405.336,6.88268e-19
405.352,6.86808e-19
405.368,6.7131e-19
405.384,6.50227e-19
405.4,6.42939e-19
405.416,6.55293e-19
405.432,6.64623e-19
405.447,6.57415e-19
405.463,6.50678e-19
405.479,6.47662e-19
405.495,6.53739e-19
405.511,6.44838e-19
405.527,6.26975e-19
405.543,6.13827e-19
405.558,6.00014e-19
405.574,6.12715e-19
405.59,6.24047e-19
405.606,6.07191e-19
405.622,5.99841e-19
405.638,6.08687e-19
405.654,6.21499e-19
405.669,6.17309e-19
405.685,5.95958e-19
405.701,5.85905e-19
405.717,5.80256e-19
405.733,5.69108e-19
405.749,5.68575e-19
405.765,5.71258e-19
405.781,5.66564e-19
405.796,5.64126e-19
405.812,5.63221e-19
405.828,5.65817e-19
405.844,5.76925e-19
405.86,5.82495e-19
405.876,5.75296e-19
405.892,5.73959e-19
405.908,5.76828e-19
405.924,5.71891e-19
405.94,5.68644e-19
405.955,5.75643e-19
405.971,5.93428e-19
405.987,5.94675e-19
406.003,5.77031e-19
406.019,5.78272e-19
406.035,5.85947e-19
406.051,5.76868e-19
406.067,5.71155e-19
406.083,5.73989e-19
406.099,5.62269e-19
406.114,5.50303e-19
406.13,5.61697e-19
406.146,5.83017e-19
406.162,5.94003e-19
406.178,5.88829e-19
406.194,5.89671e-19
406.21,5.89862e-19
406.226,5.82563e-19
406.242,5.99001e-19
406.258,6.0824e-19
406.274,5.93847e-19
406.289,5.88421e-19
406.305,5.91484e-19
406.321,6.01073e-19
406.337,5.98068e-19
406.353,5.84763e-19
406.369,5.77046e-19
406.385,5.63952e-19
406.401,5.56848e-19
406.417,5.59075e-19
406.433,5.60009e-19
406.449,5.56811e-19
406.465,5.43639e-19
406.481,5.2969e-19
406.497,5.29526e-19
406.513,5.43213e-19
406.528,5.52002e-19
406.544,5.50058e-19
406.56,5.5367e-19
406.576,5.51535e-19
406.592,5.41956e-19
406.608,5.39841e-19
406.624,5.30906e-19
406.64,5.18505e-19
406.656,5.12484e-19
406.672,5.04101e-19
406.688,5.01405e-19
406.704,5.04598e-19
406.72,5.0081e-19
406.736,4.99454e-19
406.752,5.07898e-19
406.768,5.11763e-19
406.784,5.10046e-19
406.8,5.11391e-19
406.816,5.12944e-19
406.832,5.17194e-19
406.848,5.15897e-19
406.863,5.10312e-19
406.879,5.14356e-19
406.895,5.1203e-19
406.911,5.04452e-19
406.927,5.00299e-19
406.943,4.97043e-19
406.959,5.04395e-19
406.975,5.11696e-19
406.991,5.14949e-19
407.007,5.1691e-19
407.023,5.12313e-19
407.039,5.11475e-19
407.055,5.07867e-19
407.071,5.00575e-19
407.087,5.00534e-19
407.103,5.00437e-19
407.119,4.95266e-19
407.135,4.92387e-19
407.151,4.95497e-19
407.167,4.98129e-19
407.183,5.04935e-19
407.199,5.15855e-19
407.215,5.14795e-19
407.231,5.07326e-19
407.247,5.08568e-19
407.263,5.17939e-19
407.279,5.2397e-19
407.295,5.15043e-19
407.311,5.003e-19
407.327,4.98388e-19
407.343,5.03275e-19
407.359,5.0688e-19
407.375,5.09303e-19
407.391,5.0543e-19
407.407,5.04986e-19
407.423,5.09724e-19
407.439,5.16692e-19
407.455,5.22548e-19
407.471,5.21457e-19
407.487,5.31032e-19
407.503,5.44955e-19
407.519,5.41087e-19
407.535,5.29204e-19
407.551,5.24403e-19
407.567,5.26431e-19
407.583,5.2863e-19
407.599,5.32009e-19
407.615,5.33538e-19
407.631,5.38992e-19
407.647,5.50131e-19
407.663,5.5394e-19
407.679,5.61953e-19
407.695,5.84627e-19
407.712,6.01028e-19
407.728,5.93286e-19
407.744,5.8285e-19
407.76,5.82196e-19
407.776,5.85446e-19
407.792,5.87441e-19
407.808,5.75109e-19
407.824,5.70938e-19
407.84,5.84667e-19
407.856,5.92368e-19
407.872,6.0317e-19
407.888,6.14393e-19
407.904,6.13738e-19
407.92,6.25192e-19
407.936,6.4734e-19
407.952,6.59878e-19
407.968,6.72299e-19
407.984,6.80439e-19
408,6.73084e-19
408.016,6.56117e-19
408.032,6.32445e-19
408.049,6.15003e-19
408.065,6.05242e-19
408.081,6.07881e-19
408.097,6.24237e-19
408.113,6.27368e-19
408.129,6.34223e-19
408.145,6.5468e-19
408.161,6.52917e-19
408.177,6.57353e-19
408.193,6.78982e-19
408.209,6.78747e-19
408.225,6.72551e-19
408.241,6.74488e-19
408.257,6.99893e-19
408.274,7.47452e-19
408.29,7.59162e-19
408.306,7.5935e-19
408.322,7.54243e-19
408.338,7.1842e-19
408.354,7.11257e-19
408.37,7.29983e-19
408.386,7.40854e-19
408.402,7.47394e-19
408.418,7.49549e-19
408.434,7.54329e-19
408.45,7.51822e-19
408.467,7.4734e-19
408.483,7.45324e-19
408.499,7.27945e-19
408.515,7.2448e-19
408.531,7.37454e-19
408.547,7.38339e-19
408.563,7.38304e-19
408.579,7.25939e-19
408.595,7.00524e-19
408.611,6.92924e-19
408.628,6.9667e-19
408.644,7.00136e-19
408.66,7.00831e-19
408.676,6.93753e-19
408.692,6.93247e-19
408.708,6.95287e-19
408.724,6.86762e-19
408.74,6.85586e-19
408.756,6.84046e-19
408.773,6.68502e-19
408.789,6.56183e-19
408.805,6.4885e-19
408.821,6.49324e-19
408.837,6.58142e-19
408.853,6.63024e-19
408.869,6.61923e-19
408.885,6.58961e-19
408.902,6.64809e-19
408.918,6.68393e-19
408.934,6.55217e-19
408.95,6.48439e-19
408.966,6.59688e-19
408.982,6.72393e-19
408.998,6.71347e-19
409.014,6.69354e-19
409.031,6.72298e-19
409.047,6.56633e-19
409.063,6.35909e-19
409.079,6.31536e-19
409.095,6.23022e-19
409.111,6.09357e-19
409.127,6.09048e-19
409.144,6.10276e-19
409.16,5.98446e-19
409.176,5.91501e-19
409.192,6.03787e-19
409.208,6.11189e-19
409.224,6.08442e-19
409.24,6.19611e-19
409.257,6.29143e-19
409.273,6.31059e-19
409.289,6.35311e-19
409.305,6.23851e-19
409.321,6.20621e-19
409.337,6.39693e-19
409.354,6.4321e-19
409.37,6.39006e-19
409.386,6.43139e-19
409.402,6.4873e-19
409.418,6.58216e-19
409.434,6.64527e-19
409.451,6.69956e-19
409.467,6.56699e-19
409.483,6.39155e-19
409.499,6.53872e-19
409.515,6.6243e-19
409.531,6.54288e-19
409.548,6.56104e-19
409.564,6.58298e-19
409.58,6.52851e-19
409.596,6.49648e-19
409.612,6.70594e-19
409.629,6.87674e-19
409.645,6.70544e-19
409.661,6.52206e-19
409.677,6.39705e-19
409.693,6.32312e-19
409.709,6.43407e-19
409.726,6.46651e-19
409.742,6.20691e-19
409.758,6.06562e-19
409.774,6.08179e-19
409.79,6.0585e-19
409.807,6.0648e-19
409.823,6.01883e-19
409.839,5.92444e-19
409.855,5.85446e-19
409.871,5.89102e-19
409.888,6.03333e-19
409.904,6.03296e-19
409.92,5.98559e-19
409.936,6.02906e-19
409.953,6.01919e-19
409.969,5.99664e-19
409.985,6.00227e-19
410.001,5.95381e-19
410.017,5.94586e-19
410.034,6.02747e-19
410.05,6.14079e-19
410.066,6.27802e-19
410.082,6.30917e-19
410.098,6.21375e-19
410.115,6.05441e-19
410.131,5.97804e-19
410.147,6.15553e-19
410.163,6.31507e-19
410.18,6.39459e-19
410.196,6.58406e-19
410.212,6.63011e-19
410.228,6.6655e-19
410.245,6.91738e-19
410.261,7.00353e-19
410.277,6.94719e-19
410.293,7.04788e-19
410.309,7.20281e-19
410.326,7.3241e-19
410.342,7.33821e-19
410.358,7.1999e-19
410.374,6.9545e-19
410.391,6.83503e-19
410.407,6.92946e-19
410.423,6.90739e-19
410.439,6.84602e-19
410.456,6.91516e-19
410.472,7.03427e-19
410.488,7.24736e-19
410.504,7.39838e-19
410.521,7.31214e-19
410.537,7.13772e-19
410.553,7.15671e-19
410.569,7.16309e-19
410.586,6.91443e-19
410.602,6.82e-19
410.618,6.95499e-19
410.634,7.04848e-19
410.651,6.88532e-19
410.667,6.58827e-19
410.683,6.4741e-19
410.7,6.53625e-19
410.716,6.6296e-19
410.732,6.58542e-19
410.748,6.46714e-19
410.765,6.44343e-19
410.781,6.52753e-19
410.797,6.65523e-19
410.813,6.62943e-19
410.83,6.58686e-19
410.846,6.72481e-19
410.862,6.86392e-19
410.879,6.79771e-19
410.895,6.61378e-19
410.911,6.54758e-19
410.927,6.51095e-19
410.944,6.3982e-19
410.96,6.31926e-19
410.976,6.38074e-19
410.993,6.50593e-19
411.009,6.48768e-19
411.025,6.38834e-19
411.042,6.16739e-19
411.058,5.96004e-19
411.074,6.01081e-19
411.09,6.03598e-19
411.107,5.95289e-19
411.123,5.96981e-19
411.139,5.99628e-19
411.156,6.0075e-19
411.172,6.0799e-19
411.188,6.01852e-19
411.205,5.84961e-19
411.221,5.83311e-19
411.237,5.84484e-19
411.253,5.81871e-19
411.27,5.78373e-19
411.286,5.73441e-19
411.302,5.7611e-19
411.319,5.77242e-19
411.335,5.70626e-19
411.351,5.61823e-19
411.368,5.62123e-19
411.384,5.62979e-19
411.4,5.57138e-19
411.417,5.61184e-19
411.433,5.54445e-19
411.449,5.43279e-19
411.466,5.51586e-19
411.482,5.5757e-19
411.498,5.6312e-19
411.515,5.6638e-19
411.531,5.48019e-19
411.547,5.31456e-19
411.564,5.27902e-19
411.58,5.27092e-19
411.596,5.3266e-19
411.613,5.35465e-19
411.629,5.29899e-19
411.645,5.30692e-19
411.662,5.33883e-19
411.678,5.35072e-19
411.694,5.40516e-19
411.711,5.47888e-19
411.727,5.5695e-19
411.743,5.68118e-19
411.76,5.71105e-19
411.776,5.62782e-19
411.793,5.54154e-19
411.809,5.53732e-19
411.825,5.50858e-19
411.842,5.36976e-19
411.858,5.37645e-19
411.874,5.45288e-19
411.891,5.37707e-19
411.907,5.37362e-19
411.923,5.4558e-19
411.94,5.56052e-19
411.956,5.63661e-19
411.973,5.57216e-19
411.989,5.48219e-19
412.005,5.44724e-19
412.022,5.47151e-19
412.038,5.51766e-19
412.054,5.53658e-19
412.071,5.42356e-19
412.087,5.27605e-19
412.104,5.29792e-19
412.12,5.41731e-19
412.136,5.4684e-19
412.153,5.39275e-19
412.169,5.44952e-19
412.185,5.57909e-19
412.202,5.47443e-19
412.218,5.45087e-19
412.235,5.53446e-19
412.251,5.42117e-19
412.267,5.32079e-19
412.284,5.3708e-19
412.3,5.37461e-19
412.317,5.30911e-19
412.333,5.27584e-19
412.349,5.28656e-19
412.366,5.30425e-19
412.382,5.43959e-19
412.399,5.73103e-19
412.415,5.80585e-19
412.431,5.7e-19
412.448,5.61222e-19
412.464,5.53774e-19
412.481,5.56169e-19
412.497,5.55294e-19
412.513,5.62083e-19
412.53,5.8423e-19
412.546,6.04329e-19
412.563,6.08141e-19
412.579,5.98276e-19
412.596,6.06436e-19
412.612,6.17789e-19
412.628,6.15344e-19
412.645,6.14464e-19
412.661,6.14232e-19
412.678,6.1269e-19
412.694,6.15645e-19
412.711,6.29288e-19
412.727,6.34988e-19
412.743,6.36524e-19
412.76,6.43769e-19
412.776,6.34126e-19
412.793,6.05889e-19
412.809,5.97939e-19
412.826,6.28319e-19
412.842,6.39816e-19
412.858,6.31596e-19
412.875,6.4907e-19
412.891,6.54807e-19
412.908,6.36513e-19
412.924,6.2518e-19
412.941,6.31373e-19
412.957,6.51275e-19
412.974,6.68675e-19
412.99,6.73507e-19
413.006,6.76753e-19
413.023,6.85101e-19
413.039,7.04332e-19
413.056,7.32624e-19
413.072,7.29851e-19
413.089,7.06331e-19
413.105,7.08519e-19
413.122,7.25133e-19
413.138,7.23127e-19
413.155,7.21585e-19
413.171,7.3327e-19
413.188,7.28502e-19
413.204,7.23817e-19
413.22,7.25453e-19
413.237,7.21418e-19
413.253,7.18797e-19
413.27,7.10721e-19
413.286,7.18088e-19
413.303,7.35512e-19
413.319,7.38788e-19
413.336,7.60545e-19
413.352,7.99345e-19
413.369,8.15212e-19
413.385,8.0459e-19
413.402,7.9144e-19
413.418,7.98395e-19
413.435,7.9865e-19
413.451,7.88028e-19
413.468,7.75528e-19
413.484,7.44592e-19
413.501,7.47362e-19
413.517,7.76446e-19
413.534,7.86766e-19
413.55,7.97691e-19
413.567,7.93541e-19
413.583,7.80511e-19
413.6,7.72641e-19
413.616,7.76846e-19
413.633,7.872e-19
413.649,7.78173e-19
413.666,7.58697e-19
413.682,7.37948e-19
413.699,7.38222e-19
413.715,7.40739e-19
413.732,7.22103e-19
413.748,7.06894e-19
413.765,7.14445e-19
413.781,7.37774e-19
413.798,7.37469e-19
413.814,7.18942e-19
413.831,6.92807e-19
413.847,6.77309e-19
413.864,6.77088e-19
413.88,6.60575e-19
413.897,6.47072e-19
413.913,6.4546e-19
413.93,6.4519e-19
413.946,6.37101e-19
413.963,6.22643e-19
413.98,6.08625e-19
413.996,5.96652e-19
414.013,6.06791e-19
414.029,6.14874e-19
414.046,6.02451e-19
414.062,5.97485e-19
414.079,5.98217e-19
414.095,5.92804e-19
414.112,5.85567e-19
414.128,5.85826e-19
414.145,5.78541e-19
414.161,5.60494e-19
414.178,5.50309e-19
414.195,5.46783e-19
414.211,5.52347e-19
414.228,5.66221e-19
414.244,5.72869e-19
414.261,5.74786e-19
414.277,5.76813e-19
414.294,5.67848e-19
414.31,5.53924e-19
414.327,5.46956e-19
414.344,5.4325e-19
414.36,5.39289e-19
414.377,5.41133e-19
414.393,5.50242e-19
414.41,5.62979e-19
414.426,5.77659e-19
414.443,5.83722e-19
414.459,5.86949e-19
414.476,5.87345e-19
414.493,5.78156e-19
414.509,5.81284e-19
414.526,5.9335e-19
414.542,5.97202e-19
414.559,5.90947e-19
414.575,5.8484e-19
414.592,5.95892e-19
414.609,6.1343e-19
414.625,6.11318e-19
414.642,5.99791e-19
414.658,6.00972e-19
414.675,5.95482e-19
414.692,5.87291e-19
414.708,5.97505e-19
414.725,6.07845e-19
414.741,6.01385e-19
414.758,5.8698e-19
414.775,5.93419e-19
414.791,5.97293e-19
414.808,5.82657e-19
414.824,6.0378e-19
414.841,6.26235e-19
414.858,5.94249e-19
414.874,5.72285e-19
414.891,5.81126e-19
414.907,5.85929e-19
414.924,5.88279e-19
414.941,5.91231e-19
414.957,5.90741e-19
414.974,6.00164e-19
414.99,6.03059e-19
415.007,5.99003e-19
415.024,6.10692e-19
415.04,6.27235e-19
415.057,6.29805e-19
415.073,6.19251e-19
415.09,6.12106e-19
415.107,6.11155e-19
415.123,6.14022e-19
415.14,6.14725e-19
415.157,6.01374e-19
415.173,5.95394e-19
415.19,6.02339e-19
415.206,5.97503e-19
415.223,6.00316e-19
415.24,6.18307e-19
415.256,6.11188e-19
415.273,5.93896e-19
415.29,5.78144e-19
415.306,5.48489e-19
415.323,5.40724e-19
415.339,5.58353e-19
415.356,5.62262e-19
415.373,5.58251e-19
415.389,5.57619e-19
415.406,5.51091e-19
415.423,5.45269e-19
415.439,5.43012e-19
415.456,5.41751e-19
415.473,5.39734e-19
415.489,5.344e-19
415.506,5.28682e-19
415.523,5.20191e-19
415.539,5.15139e-19
415.556,5.16251e-19
415.573,5.12427e-19
415.589,5.04582e-19
415.606,4.98892e-19
415.623,4.99353e-19
415.639,5.0095e-19
415.656,4.9911e-19
415.673,4.98479e-19
415.689,4.95363e-19
415.706,4.88342e-19
415.723,4.85781e-19
415.739,4.85235e-19
415.756,4.8481e-19
415.773,4.97624e-19
415.789,5.07054e-19
415.806,4.98359e-19
415.823,4.96281e-19
415.839,5.03747e-19
415.856,5.13984e-19
415.873,5.15727e-19
415.889,5.05909e-19
415.906,5.0631e-19
415.923,5.18601e-19
415.939,5.26724e-19
415.956,5.21144e-19
415.973,5.12965e-19
415.989,5.0998e-19
416.006,5.10751e-19
416.023,5.07185e-19
416.04,4.96511e-19
416.056,4.95989e-19
416.073,4.94935e-19
416.09,4.89276e-19
416.106,4.88014e-19
416.123,4.88379e-19
416.14,4.99165e-19
416.156,5.00931e-19
416.173,4.9313e-19
416.19,4.99755e-19
416.207,5.09599e-19
416.223,5.15697e-19
416.24,5.16107e-19
416.257,5.13318e-19
416.273,5.09213e-19
416.29,5.0802e-19
416.307,5.26204e-19
416.324,5.32363e-19
416.34,5.01532e-19
416.357,4.84729e-19
416.374,4.96577e-19
416.39,5.05853e-19
416.407,5.0977e-19
416.424,5.09659e-19
416.441,5.01587e-19
416.457,5.0249e-19
416.474,5.01374e-19
416.491,4.85913e-19
416.508,4.82458e-19
416.524,4.99124e-19
416.541,5.13386e-19
416.558,5.1495e-19
416.574,5.14492e-19
416.591,5.11645e-19
416.608,5.11856e-19
416.625,5.27136e-19
416.641,5.33808e-19
416.658,5.1797e-19
416.675,5.07354e-19
416.692,5.09886e-19
416.708,5.13961e-19
416.725,5.103e-19
416.742,5.03318e-19
416.759,5.06927e-19
416.775,5.10647e-19
416.792,5.07394e-19
416.809,5.06042e-19
416.826,4.98277e-19
416.842,4.98368e-19
416.859,5.12836e-19
416.876,5.1344e-19
416.893,5.0614e-19
416.91,5.03587e-19
416.926,5.06426e-19
416.943,5.11263e-19
416.96,5.09538e-19
416.977,5.11259e-19
416.993,5.13846e-19
417.01,5.24708e-19
417.027,5.41837e-19
417.044,5.35431e-19
417.06,5.28728e-19
417.077,5.43234e-19
417.094,5.59463e-19
417.111,5.48379e-19
417.128,5.28134e-19
417.144,5.30956e-19
417.161,5.36516e-19
417.178,5.47606e-19
417.195,5.64363e-19
417.212,5.66493e-19
417.228,5.78691e-19
417.245,5.90563e-19
417.262,5.77797e-19
417.279,5.72278e-19
417.295,5.91257e-19
417.312,5.92786e-19
417.329,5.69216e-19
417.346,5.64316e-19
417.363,5.60042e-19
417.379,5.51961e-19
417.396,5.57758e-19
417.413,5.51695e-19
417.43,5.4595e-19
417.447,5.59958e-19
417.464,5.73022e-19
417.48,5.74413e-19
417.497,5.60786e-19
417.514,5.36928e-19
417.531,5.26454e-19
417.548,5.41257e-19
417.564,5.50384e-19
417.581,5.29627e-19
417.598,5.15477e-19
417.615,5.27097e-19
417.632,5.4978e-19
417.649,5.54033e-19
417.665,5.40462e-19
417.682,5.40166e-19
417.699,5.38762e-19
417.716,5.44722e-19
417.733,5.65286e-19
417.749,5.60323e-19
417.766,5.50685e-19
417.783,5.60757e-19
417.8,5.87394e-19
417.817,6.06463e-19
417.834,5.86234e-19
417.851,5.71409e-19
417.867,5.80507e-19
417.884,5.88346e-19
417.901,5.93937e-19
417.918,5.90023e-19
417.935,5.73194e-19
417.952,5.7346e-19
417.968,5.84167e-19
417.985,5.67669e-19
418.002,5.43355e-19
418.019,5.36919e-19
418.036,5.39389e-19
418.053,5.4126e-19
418.07,5.51193e-19
418.086,5.64432e-19
418.103,5.73209e-19
418.12,5.89032e-19
418.137,5.93582e-19
418.154,5.86652e-19
418.171,5.84132e-19
418.188,5.85652e-19
418.204,5.9847e-19
418.221,6.02861e-19
418.238,5.98378e-19
418.255,5.95357e-19
418.272,5.74426e-19
418.289,5.59607e-19
418.306,5.70261e-19
418.323,5.71323e-19
418.339,5.73083e-19
418.356,5.88272e-19
418.373,5.83647e-19
418.39,5.80727e-19
418.407,5.75621e-19
418.424,5.72309e-19
418.441,5.86121e-19
418.458,5.88324e-19
418.475,6.06918e-19
418.491,6.1887e-19
418.508,6.10717e-19
418.525,6.23728e-19
418.542,6.26088e-19
418.559,6.17095e-19
418.576,5.96481e-19
418.593,5.90763e-19
418.61,6.15187e-19
418.627,6.22826e-19
418.644,6.20343e-19
418.66,6.10375e-19
418.677,6.05435e-19
418.694,6.08874e-19
418.711,5.91862e-19
418.728,5.81586e-19
418.745,5.83462e-19
418.762,5.71966e-19
418.779,5.52223e-19
418.796,5.48113e-19
418.813,5.52763e-19
418.83,5.42974e-19
418.847,5.38366e-19
418.863,5.49697e-19
418.88,5.58636e-19
418.897,5.56698e-19
418.914,5.46045e-19
418.931,5.39715e-19
418.948,5.44264e-19
418.965,5.37947e-19
418.982,5.25905e-19
418.999,5.38429e-19
419.016,5.52278e-19
419.033,5.50897e-19
419.05,5.52976e-19
419.067,5.53283e-19
419.084,5.59988e-19
419.101,5.60245e-19
419.117,5.42219e-19
419.134,5.3669e-19
419.151,5.42136e-19
419.168,5.51257e-19
419.185,5.66484e-19
419.202,5.80954e-19
419.219,5.95509e-19
419.236,5.99225e-19
419.253,5.94383e-19
419.27,6.08583e-19
419.287,6.33883e-19
419.304,6.37125e-19
419.321,6.18235e-19
419.338,6.01597e-19
419.355,6.04756e-19
419.372,6.10403e-19
419.389,6.1071e-19
419.406,6.17467e-19
419.423,6.11293e-19
419.44,6.02788e-19
419.457,6.00157e-19
419.474,5.90875e-19
419.491,5.8913e-19
419.507,5.91403e-19
419.524,5.92953e-19
419.541,6.03901e-19
419.558,6.13089e-19
419.575,6.14122e-19
419.592,6.28837e-19
419.609,6.39547e-19
419.626,6.42643e-19
419.643,6.60775e-19
419.66,6.44176e-19
419.677,6.18709e-19
419.694,6.12186e-19
419.711,6.03961e-19
419.728,6.21968e-19
419.745,6.35061e-19
419.762,6.26115e-19
419.779,6.35202e-19
419.796,6.44761e-19
419.813,6.37324e-19
419.83,6.29256e-19
419.847,6.31107e-19
419.864,6.31788e-19
419.881,6.18738e-19
419.898,6.09701e-19
419.915,6.18323e-19
419.932,6.13064e-19
419.949,5.9777e-19
419.966,5.93723e-19
419.983,5.91585e-19
420,5.96844e-19
420.017,5.95926e-19
420.034,5.93954e-19
420.051,5.90683e-19
420.068,5.70625e-19
420.085,5.6496e-19
420.102,5.78071e-19
420.12,5.93447e-19
420.137,6.06426e-19
420.154,6.10669e-19
420.171,6.09553e-19
420.188,6.24338e-19
420.205,6.38263e-19
420.222,6.23135e-19
420.239,6.22703e-19
420.256,6.41791e-19
420.273,6.35147e-19
420.29,6.14675e-19
420.307,6.20328e-19
420.324,6.32652e-19
420.341,6.2791e-19
420.358,6.19541e-19
420.375,6.14366e-19
420.392,6.21238e-19
420.409,6.17127e-19
420.426,6.1304e-19
420.443,6.10229e-19
420.46,5.96246e-19
420.477,5.99676e-19
420.494,6.13136e-19
420.511,6.34881e-19
420.528,6.22255e-19
420.546,6.02999e-19
420.563,6.13108e-19
420.58,5.97272e-19
420.597,5.98281e-19
420.614,5.98703e-19
420.631,5.72885e-19
420.648,5.79455e-19
420.665,6.08732e-19
420.682,6.0884e-19
420.699,5.82672e-19
420.716,5.87611e-19
420.733,6.05262e-19
420.75,6.15059e-19
420.767,6.22328e-19
420.785,6.28727e-19
420.802,6.52269e-19
420.819,6.59735e-19
420.836,6.66076e-19
420.853,6.71324e-19
420.87,6.62837e-19
420.887,6.52409e-19
420.904,6.22681e-19
420.921,6.1057e-19
420.938,6.20096e-19
420.955,6.24664e-19
420.972,6.29924e-19
420.99,6.41074e-19
421.007,6.37944e-19
421.024,6.37065e-19
421.041,6.55604e-19
421.058,6.50318e-19
421.075,6.30255e-19
421.092,6.09575e-19
421.109,5.99961e-19
421.126,6.12202e-19
421.143,6.17213e-19
421.161,6.13235e-19
421.178,6.11622e-19
421.195,6.09498e-19
421.212,6.01636e-19
421.229,5.96951e-19
421.246,5.86468e-19
421.263,5.69101e-19
421.28,5.70583e-19
421.298,5.95244e-19
421.315,6.16504e-19
421.332,5.92431e-19
421.349,5.65777e-19
421.366,5.71004e-19
421.383,5.81434e-19
421.4,5.76354e-19
421.417,5.64156e-19
421.435,5.72613e-19
421.452,5.79364e-19
421.469,5.74868e-19
421.486,5.73305e-19
421.503,5.60145e-19
421.52,5.52421e-19
421.537,5.66213e-19
421.554,5.89303e-19
421.572,5.91798e-19
421.589,5.81852e-19
421.606,5.88782e-19
421.623,6.02393e-19
421.64,6.02933e-19
421.657,5.88695e-19
421.674,5.80795e-19
421.692,5.76385e-19
421.709,5.65279e-19
421.726,5.69405e-19
421.743,5.91772e-19
421.76,6.08486e-19
421.777,6.22926e-19
421.795,6.34986e-19
421.812,6.21258e-19
421.829,6.19495e-19
421.846,6.46059e-19
421.863,6.5723e-19
421.88,6.52964e-19
421.898,6.41138e-19
421.915,6.30169e-19
421.932,6.53147e-19
421.949,6.87384e-19
421.966,6.9269e-19
421.983,6.79841e-19
422.001,6.49408e-19
422.018,6.32869e-19
422.035,6.4665e-19
422.052,6.54059e-19
422.069,6.56412e-19
422.087,6.70502e-19
422.104,6.7023e-19
422.121,6.45259e-19
422.138,6.41648e-19
422.155,6.43894e-19
422.172,6.07409e-19
422.19,5.88244e-19
422.207,6.08718e-19
422.224,6.33402e-19
422.241,6.35008e-19
422.258,6.11234e-19
422.276,5.99298e-19
422.293,6.13592e-19
422.31,6.28429e-19
422.327,6.27715e-19
422.344,6.16658e-19
422.362,6.17606e-19
422.379,6.33655e-19
422.396,6.35456e-19
422.413,6.3317e-19
422.43,6.27393e-19
422.448,6.15593e-19
422.465,6.23192e-19
422.482,6.19479e-19
422.499,6.15905e-19
422.517,6.40891e-19
422.534,6.50913e-19
422.551,6.32764e-19
422.568,6.10782e-19
422.585,6.06212e-19
422.603,6.01941e-19
422.62,5.87726e-19
422.637,5.95214e-19
422.654,6.15527e-19
422.672,6.24304e-19
422.689,6.10643e-19
422.706,5.85369e-19
422.723,5.80931e-19
422.741,5.98757e-19
422.758,6.15466e-19
422.775,6.10409e-19
422.792,5.95968e-19
422.81,5.92657e-19
422.827,5.84846e-19
422.844,5.78355e-19
422.861,5.8886e-19
422.878,5.99651e-19
422.896,6.16987e-19
422.913,6.28063e-19
422.93,6.02182e-19
422.947,5.79693e-19
422.965,5.78209e-19
422.982,5.80297e-19
422.999,5.89276e-19
423.017,5.89554e-19
423.034,5.75577e-19
423.051,5.81951e-19
423.068,5.94267e-19
423.086,5.90156e-19
423.103,5.86817e-19
423.12,5.77661e-19
423.137,5.66119e-19
423.155,5.53142e-19
423.172,5.48693e-19
423.189,5.73152e-19
423.206,5.92205e-19
423.224,6.03184e-19
423.241,6.38195e-19
423.258,6.56695e-19
423.276,6.44627e-19
423.293,6.3976e-19
423.31,6.31714e-19
423.327,6.17022e-19
423.345,6.047e-19
423.362,5.87811e-19
423.379,5.77096e-19
423.397,5.75301e-19
423.414,5.87192e-19
423.431,6.21486e-19
423.448,6.48062e-19
423.466,6.5866e-19
423.483,6.76945e-19
423.5,6.73857e-19
423.518,6.40847e-19
423.535,6.24668e-19
423.552,6.30053e-19
423.57,6.3494e-19
423.587,6.2497e-19
423.604,6.1399e-19
423.622,6.268e-19
423.639,6.36351e-19
423.656,6.31603e-19
423.673,6.27814e-19
423.691,6.10301e-19
423.708,6.02996e-19
423.725,6.11012e-19
423.743,6.06104e-19
423.76,6.09339e-19
423.777,6.30719e-19
423.795,6.56343e-19
423.812,6.73128e-19
423.829,6.6095e-19
423.847,6.46351e-19
423.864,6.41183e-19
423.881,6.38339e-19
423.899,6.39109e-19
423.916,6.29256e-19
423.933,6.27268e-19
423.951,6.24839e-19
423.968,6.13499e-19
423.985,6.3337e-19
424.003,6.58855e-19
424.02,6.49187e-19
424.037,6.3965e-19
424.055,6.45351e-19
424.072,6.70349e-19
424.089,7.21462e-19
424.107,7.21828e-19
424.124,6.69069e-19
424.141,6.32652e-19
424.159,6.08094e-19
424.176,6.08724e-19
424.193,6.06156e-19
424.211,5.96231e-19
424.228,6.14443e-19
424.246,6.29156e-19
424.263,6.25016e-19
424.28,6.09927e-19
424.298,6.18864e-19
424.315,6.49351e-19
424.332,6.55754e-19
424.35,6.47916e-19
424.367,6.39767e-19
424.385,6.64816e-19
424.402,6.90827e-19
424.419,6.92671e-19
424.437,7.07276e-19
424.454,7.02605e-19
424.471,7.02624e-19
424.489,6.92997e-19
424.506,6.67891e-19
424.524,6.64796e-19
424.541,6.58998e-19
424.558,6.67473e-19
424.576,6.76824e-19
424.593,6.62067e-19
424.61,6.65729e-19
424.628,6.77504e-19
424.645,6.62307e-19
424.663,6.57986e-19
424.68,6.70652e-19
424.697,6.5102e-19
424.715,6.39802e-19
424.732,6.46972e-19
424.75,6.3973e-19
424.767,6.56093e-19
424.784,6.68651e-19
424.802,6.46201e-19
424.819,6.41377e-19
424.837,6.48598e-19
424.854,6.41462e-19
424.871,6.29939e-19
424.889,6.30788e-19
424.906,6.29036e-19
424.924,6.0171e-19
424.941,5.8468e-19
424.959,5.86301e-19
424.976,5.85463e-19
424.993,5.96246e-19
425.011,5.91747e-19
425.028,5.63684e-19
425.046,5.68216e-19
425.063,5.84114e-19
425.081,5.59681e-19
425.098,5.38245e-19
425.115,5.55952e-19
425.133,5.73266e-19
425.15,5.67791e-19
425.168,5.6857e-19
425.185,5.61938e-19
425.203,5.51115e-19
425.22,5.54863e-19
425.237,5.47877e-19
425.255,5.37369e-19
425.272,5.3122e-19
425.29,5.26675e-19
425.307,5.31213e-19
425.325,5.27721e-19
425.342,5.25096e-19
425.36,5.24032e-19
425.377,5.28328e-19
425.394,5.5447e-19
425.412,5.64879e-19
425.429,5.65694e-19
425.447,5.62404e-19
425.464,5.44289e-19
425.482,5.44942e-19
425.499,5.38608e-19
425.517,5.35345e-19
425.534,5.66612e-19
425.552,5.7835e-19
425.569,5.54367e-19
425.587,5.33435e-19
425.604,5.1764e-19
425.622,5.01313e-19
425.639,4.98327e-19
425.656,5.04593e-19
425.674,5.06417e-19
425.691,5.16633e-19
425.709,5.23348e-19
425.726,5.07288e-19
425.744,4.93417e-19
425.761,4.986e-19
425.779,5.0121e-19
425.796,4.87191e-19
425.814,4.76732e-19
425.831,4.7619e-19
425.849,4.75848e-19
425.866,4.73398e-19
425.884,4.74125e-19
425.901,4.81565e-19
425.919,4.93011e-19
425.936,5.02368e-19
425.954,4.95787e-19
425.971,4.77843e-19
425.989,4.67931e-19
426.006,4.65685e-19
426.024,4.6028e-19
426.041,4.46267e-19
426.059,4.3484e-19
426.076,4.39444e-19
426.094,4.53422e-19
426.111,4.64744e-19
426.129,4.63873e-19
426.146,4.51772e-19
426.164,4.4646e-19
426.181,4.48516e-19
426.199,4.4823e-19
426.216,4.46581e-19
426.234,4.479e-19
426.252,4.55897e-19
426.269,4.63927e-19
426.287,4.70493e-19
426.304,4.7297e-19
426.322,4.67184e-19
426.339,4.68187e-19
426.357,4.73571e-19
426.374,4.71735e-19
426.392,4.66544e-19
426.409,4.60761e-19
426.427,4.57542e-19
426.444,4.55741e-19
426.462,4.50054e-19
426.479,4.49033e-19
426.497,4.58475e-19
426.515,4.65331e-19
426.532,4.6557e-19
426.55,4.62288e-19
426.567,4.62879e-19
426.585,4.65246e-19
426.602,4.53258e-19
426.62,4.46577e-19
426.637,4.47996e-19
426.655,4.41944e-19
426.673,4.4523e-19
426.69,4.52604e-19
426.708,4.47728e-19
426.725,4.40517e-19
426.743,4.40542e-19
426.76,4.44553e-19
426.778,4.4309e-19
426.795,4.39936e-19
426.813,4.47479e-19
426.831,4.59674e-19
426.848,4.65984e-19
426.866,4.7452e-19
426.883,4.90075e-19
426.901,5.0426e-19
426.918,4.98666e-19
426.936,4.84408e-19
426.954,4.92178e-19
426.971,5.11199e-19
426.989,5.29699e-19
427.006,5.53587e-19
427.024,5.73618e-19
427.042,5.83594e-19
427.059,5.8934e-19
427.077,5.90534e-19
427.094,5.76409e-19
427.112,5.53543e-19
427.13,5.32961e-19
427.147,5.26061e-19
427.165,5.35593e-19
427.182,5.4191e-19
427.2,5.43636e-19
427.218,5.55031e-19
427.235,5.8009e-19
427.253,5.98333e-19
427.27,5.94223e-19
427.288,5.94833e-19
427.306,6.03511e-19
427.323,6.01038e-19
427.341,5.92207e-19
427.358,5.96764e-19
427.376,6.28062e-19
427.394,6.5361e-19
427.411,6.4559e-19
427.429,6.41966e-19
427.447,6.38015e-19
427.464,6.2223e-19
427.482,6.21947e-19
427.499,6.25619e-19
427.517,6.17908e-19
427.535,6.01919e-19
427.552,5.87045e-19
427.57,5.88445e-19
427.588,5.94224e-19
427.605,5.85863e-19
427.623,5.7284e-19
427.641,5.67722e-19
427.658,5.72143e-19
427.676,5.92669e-19
427.693,6.09275e-19
427.711,6.05773e-19
427.729,6.10114e-19
427.746,6.16928e-19
427.764,6.32609e-19
427.782,6.68795e-19
427.799,6.6371e-19
427.817,6.21472e-19
427.835,6.01617e-19
427.852,5.97948e-19
427.87,5.93915e-19
427.888,5.83106e-19
427.905,5.77557e-19
427.923,5.99676e-19
427.941,6.28581e-19
427.958,6.36588e-19
427.976,6.28696e-19
427.994,6.26178e-19
428.011,6.34021e-19
428.029,6.33308e-19
428.047,6.43213e-19
428.064,6.65631e-19
428.082,6.70391e-19
428.1,6.55913e-19
428.117,6.34837e-19
428.135,6.19056e-19
428.153,6.04457e-19
428.17,5.98928e-19
428.188,5.99231e-19
428.206,5.93505e-19
428.223,6.00034e-19
428.241,6.13289e-19
428.259,6.10754e-19
428.276,6.05665e-19
428.294,6.05203e-19
428.312,5.961e-19
428.33,5.86972e-19
428.347,5.8434e-19
428.365,5.8419e-19
428.383,5.88053e-19
428.4,6.06053e-19
428.418,6.21715e-19
428.436,6.04866e-19
428.453,6.01559e-19
428.471,6.13598e-19
428.489,5.993e-19
428.507,5.77751e-19
428.524,5.66491e-19
428.542,5.66795e-19
428.56,5.65584e-19
428.577,5.59844e-19
428.595,5.47324e-19
428.613,5.39552e-19
428.631,5.37404e-19
428.648,5.16393e-19
428.666,5.0695e-19
428.684,5.15937e-19
428.702,5.29646e-19
428.719,5.42447e-19
428.737,5.34578e-19
428.755,5.20708e-19
428.772,5.17287e-19
428.79,5.28817e-19
428.808,5.36032e-19
428.826,5.33412e-19
428.843,5.35581e-19
428.861,5.29668e-19
428.879,5.2558e-19
428.897,5.37086e-19
428.914,5.45945e-19
428.932,5.36397e-19
428.95,5.37713e-19
428.968,5.47412e-19
428.985,5.28791e-19
429.003,5.06944e-19
429.021,5.04344e-19
429.039,5.15745e-19
429.056,5.20798e-19
429.074,5.10579e-19
429.092,4.99379e-19
429.11,4.88844e-19
429.127,4.85804e-19
429.145,4.83787e-19
429.163,4.68743e-19
429.181,4.54024e-19
429.198,4.48691e-19
429.216,4.51619e-19
429.234,4.69335e-19
429.252,4.91036e-19
429.27,4.96338e-19
429.287,4.80876e-19
429.305,4.59408e-19
429.323,4.54268e-19
429.341,4.53046e-19
429.358,4.52079e-19
429.376,4.56108e-19
429.394,4.53624e-19
429.412,4.55106e-19
429.43,4.52609e-19
429.447,4.4257e-19
429.465,4.34974e-19
429.483,4.27307e-19
429.501,4.30552e-19
429.519,4.39961e-19
429.536,4.38591e-19
429.554,4.37459e-19
429.572,4.50436e-19
429.59,4.57667e-19
429.608,4.46914e-19
429.625,4.35293e-19
429.643,4.33487e-19
429.661,4.36896e-19
429.679,4.33185e-19
429.697,4.31504e-19
429.714,4.35249e-19
429.732,4.41413e-19
429.75,4.42363e-19
429.768,4.23761e-19
429.786,4.19499e-19
429.803,4.33375e-19
429.821,4.34751e-19
429.839,4.3549e-19
429.857,4.40141e-19
429.875,4.41951e-19
429.893,4.35448e-19
429.91,4.25737e-19
429.928,4.33384e-19
429.946,4.46358e-19
429.964,4.52293e-19
429.982,4.58647e-19
430,4.64794e-19
430.017,4.72797e-19
430.035,4.6919e-19
430.053,4.59294e-19
430.071,4.70339e-19
430.089,4.87963e-19
430.107,5.00107e-19
430.124,5.28878e-19
430.142,5.51988e-19
430.16,5.33957e-19
430.178,5.14814e-19
430.196,5.06575e-19
430.214,5.02291e-19
430.232,5.17568e-19
430.249,5.29588e-19
430.267,5.25197e-19
430.285,5.14666e-19
430.303,5.16749e-19
430.321,5.35646e-19
430.339,5.37327e-19
430.357,5.61889e-19
430.374,6.12974e-19
430.392,6.189e-19
430.41,6.18986e-19
430.428,6.07924e-19
430.446,5.72829e-19
430.464,5.6612e-19
430.482,5.874e-19
430.5,6.24331e-19
430.517,6.45243e-19
430.535,6.3744e-19
430.553,6.32642e-19
430.571,6.24165e-19
430.589,6.06072e-19
430.607,5.93523e-19
430.625,6.11029e-19
430.643,6.3078e-19
430.66,6.00869e-19
430.678,5.70997e-19
430.696,5.79303e-19
430.714,6.03105e-19
430.732,6.08279e-19
430.75,6.07327e-19
430.768,6.20332e-19
430.786,6.21877e-19
430.804,6.08251e-19
430.822,6.00663e-19
430.839,6.18931e-19
430.857,6.38655e-19
430.875,6.36321e-19
430.893,6.49737e-19
430.911,6.53604e-19
430.929,6.33819e-19
430.947,6.27548e-19
430.965,6.3762e-19
430.983,6.56948e-19
431.001,6.51194e-19
431.019,6.35154e-19
431.036,6.45407e-19
431.054,6.36909e-19
431.072,6.08014e-19
431.09,5.9155e-19
431.108,5.66839e-19
431.126,5.5493e-19
431.144,5.73675e-19
431.162,5.87914e-19
431.18,5.96944e-19
431.198,6.06752e-19
431.216,6.0004e-19
431.234,5.93317e-19
431.252,5.98374e-19
431.27,6.01322e-19
431.288,6.03757e-19
431.305,5.987e-19
431.323,5.86098e-19
431.341,5.97304e-19
431.359,6.04292e-19
431.377,5.90534e-19
431.395,5.96277e-19
431.413,6.01969e-19
431.431,5.92486e-19
431.449,5.88301e-19
431.467,5.86827e-19
431.485,5.84401e-19
431.503,5.85158e-19
431.521,5.79798e-19
431.539,5.70355e-19
431.557,5.76356e-19
431.575,5.90727e-19
431.593,5.9965e-19
431.611,5.89586e-19
431.629,5.7087e-19
431.647,5.73478e-19
431.665,5.72535e-19
431.683,5.56357e-19
431.701,5.54057e-19
431.719,5.51798e-19
431.737,5.36351e-19
431.755,5.32003e-19
431.772,5.3971e-19
431.79,5.42159e-19
431.808,5.40905e-19
431.826,5.35357e-19
431.844,5.31477e-19
431.862,5.42979e-19
431.88,5.52194e-19
431.898,5.35933e-19
431.916,5.14678e-19
431.934,5.16416e-19
431.952,5.24223e-19
431.97,5.11679e-19
431.988,5.05739e-19
432.006,5.12837e-19
432.024,5.02861e-19
432.042,4.90652e-19
432.06,4.93832e-19
432.078,4.91274e-19
432.096,4.71925e-19
432.114,4.64367e-19
432.132,4.75453e-19
432.15,4.74468e-19
432.168,4.69869e-19
432.186,4.71756e-19
432.204,4.67353e-19
432.223,4.65094e-19
432.241,4.64264e-19
432.259,4.66703e-19
432.277,4.78129e-19
432.295,4.84831e-19
432.313,4.75751e-19
432.331,4.60835e-19
432.349,4.5835e-19
432.367,4.62919e-19
432.385,4.63514e-19
432.403,4.65995e-19
432.421,4.66123e-19
432.439,4.56291e-19
432.457,4.42767e-19
432.475,4.34969e-19
432.493,4.31657e-19
432.511,4.2652e-19
432.529,4.2493e-19
432.547,4.25886e-19
432.565,4.25053e-19
432.583,4.28521e-19
432.601,4.40152e-19
432.619,4.6042e-19
432.637,4.67559e-19
432.655,4.57946e-19
432.673,4.59708e-19
432.692,4.65021e-19
432.71,4.66353e-19
432.728,4.67347e-19
432.746,4.59232e-19
432.764,4.49808e-19
432.782,4.45674e-19
432.8,4.47289e-19
432.818,4.58695e-19
432.836,4.6544e-19
432.854,4.62869e-19
432.872,4.6874e-19
432.89,4.79398e-19
432.908,4.91353e-19
432.926,4.98091e-19
432.945,4.94416e-19
432.963,4.99211e-19
432.981,5.04267e-19
432.999,4.99372e-19
433.017,4.96491e-19
433.035,5.09066e-19
433.053,5.27533e-19
433.071,5.2161e-19
433.089,5.05328e-19
433.107,5.02836e-19
433.125,5.14177e-19
433.143,5.2337e-19
433.162,5.1913e-19
433.18,5.12699e-19
433.198,5.1581e-19
433.216,5.20229e-19
433.234,5.15331e-19
433.252,5.20368e-19
433.27,5.32871e-19
433.288,5.46148e-19
433.306,5.52251e-19
433.325,5.39984e-19
433.343,5.42171e-19
433.361,5.46366e-19
433.379,5.465e-19
433.397,5.51661e-19
433.415,5.48673e-19
433.433,5.67591e-19
433.451,5.84596e-19
433.469,5.73734e-19
433.488,5.70578e-19
433.506,5.73689e-19
433.524,5.87265e-19
433.542,5.88054e-19
433.56,5.59986e-19
433.578,5.51687e-19
433.596,5.60559e-19
433.614,5.70896e-19
433.633,5.74985e-19
433.651,5.6071e-19
433.669,5.6671e-19
433.687,5.83149e-19
433.705,5.90017e-19
433.723,6.02676e-19
433.741,6.08152e-19
433.76,6.19615e-19
433.778,6.11514e-19
433.796,5.87492e-19
433.814,5.79337e-19
433.832,5.75605e-19
433.85,5.95913e-19
433.869,6.0473e-19
433.887,5.9463e-19
433.905,5.98619e-19
433.923,5.85232e-19
433.941,5.84543e-19
433.959,6.06504e-19
433.978,6.17691e-19
433.996,6.18667e-19
434.014,6.04797e-19
434.032,5.90851e-19
434.05,5.83749e-19
434.068,5.78544e-19
434.087,5.80502e-19
434.105,5.79201e-19
434.123,5.7278e-19
434.141,5.7394e-19
434.159,5.73337e-19
434.177,5.55637e-19
434.196,5.44313e-19
434.214,5.46966e-19
434.232,5.33219e-19
434.25,5.11041e-19
434.268,5.08681e-19
434.287,5.31216e-19
434.305,5.62754e-19
434.323,5.71381e-19
434.341,5.49743e-19
434.359,5.33093e-19
434.378,5.39867e-19
434.396,5.44673e-19
434.414,5.39916e-19
434.432,5.39025e-19
434.45,5.47653e-19
434.469,5.66268e-19
434.487,5.69284e-19
434.505,5.44068e-19
434.523,5.28126e-19
434.541,5.50646e-19
434.56,5.64971e-19
434.578,5.54615e-19
434.596,5.5971e-19
434.614,5.64542e-19
434.632,5.76085e-19
434.651,5.73892e-19
434.669,5.5911e-19
434.687,5.78968e-19
434.705,6.04055e-19
434.724,6.17158e-19
434.742,6.32913e-19
434.76,6.65111e-19
434.778,6.89207e-19
434.797,6.90832e-19
434.815,7.03896e-19
434.833,6.98874e-19
434.851,7.08696e-19
434.87,7.46217e-19
434.888,7.18882e-19
434.906,6.61317e-19
434.924,6.61216e-19
434.942,6.78361e-19
434.961,6.86207e-19
434.979,7.26146e-19
434.997,7.54274e-19
435.015,8.02934e-19
435.034,8.39492e-19
435.052,7.80864e-19
435.07,7.2759e-19
435.089,6.89208e-19
435.107,6.96085e-19
435.125,7.06623e-19
435.143,7.02368e-19
435.162,7.14826e-19
435.18,7.13407e-19
435.198,7.34671e-19
435.216,7.35109e-19
435.235,7.12501e-19
435.253,7.0481e-19
435.271,7.11921e-19
435.289,7.50346e-19
435.308,7.45377e-19
435.326,7.16163e-19
435.344,7.1792e-19
435.363,7.19154e-19
435.381,6.71525e-19
435.399,6.1838e-19
435.417,6.24285e-19
435.436,6.3392e-19
435.454,6.13655e-19
435.472,6.02102e-19
435.491,6.13007e-19
435.509,6.3577e-19
435.527,6.25523e-19
435.545,5.98232e-19
435.564,5.95618e-19
435.582,6.02443e-19
435.6,5.96594e-19
435.619,5.89801e-19
435.637,6.00506e-19
435.655,6.23236e-19
435.674,6.25183e-19
435.692,6.09733e-19
435.71,6.16021e-19
435.729,6.25177e-19
435.747,6.20229e-19
435.765,6.22236e-19
435.783,6.21014e-19
435.802,6.11314e-19
435.82,6.10254e-19
435.838,6.19917e-19
435.857,6.15713e-19
435.875,6.01805e-19
435.893,5.96133e-19
435.912,5.83868e-19
435.93,5.67058e-19
435.948,5.62381e-19
435.967,5.75419e-19
435.985,5.76037e-19
436.003,5.68401e-19
436.022,5.7279e-19
436.04,5.57108e-19
436.058,5.60496e-19
436.077,5.74518e-19
436.095,5.75309e-19
436.113,6.03121e-19
436.132,5.93239e-19
436.15,5.83574e-19
436.168,6.01928e-19
436.187,5.83901e-19
436.205,5.85457e-19
436.224,5.85666e-19
436.242,5.48719e-19
436.26,5.25025e-19
436.279,5.41856e-19
436.297,5.66463e-19
436.315,5.49083e-19
436.334,5.42921e-19
436.352,5.5559e-19
436.37,5.58345e-19
436.389,5.69433e-19
436.407,5.66022e-19
436.426,5.38547e-19
436.444,5.22662e-19
436.462,5.31108e-19
436.481,5.5647e-19
436.499,5.70089e-19
436.517,5.54404e-19
436.536,5.38453e-19
436.554,5.25752e-19
436.573,5.27029e-19
436.591,5.35853e-19
436.609,5.19264e-19
436.628,5.08309e-19
436.646,5.04051e-19
436.665,5.07377e-19
436.683,5.31526e-19
436.701,5.48663e-19
436.72,5.42911e-19
436.738,5.19501e-19
436.757,5.18592e-19
436.775,5.25228e-19
436.793,5.12723e-19
436.812,5.20595e-19
436.83,5.20057e-19
436.849,4.97072e-19
436.867,5.02602e-19
436.885,5.09625e-19
436.904,4.91784e-19
436.922,4.94497e-19
436.941,4.93752e-19
436.959,4.68397e-19
436.977,4.71067e-19
436.996,4.79465e-19
437.014,4.5273e-19
437.033,4.38327e-19
437.051,4.49329e-19
437.07,4.50805e-19
437.088,4.49294e-19
437.106,4.44519e-19
437.125,4.36613e-19
437.143,4.38407e-19
437.162,4.34693e-19
437.18,4.38371e-19
437.199,4.41797e-19
437.217,4.32628e-19
437.235,4.33734e-19
437.254,4.36347e-19
437.272,4.29514e-19
437.291,4.20581e-19
437.309,4.25452e-19
437.328,4.36573e-19
437.346,4.32673e-19
437.365,4.18804e-19
437.383,4.11702e-19
437.401,4.19167e-19
437.42,4.27782e-19
437.438,4.33213e-19
437.457,4.27201e-19
437.475,4.08746e-19
437.494,4.01348e-19
437.512,4.06987e-19
437.531,4.09217e-19
437.549,4.03565e-19
437.568,4.02535e-19
437.586,4.08592e-19
437.605,4.17151e-19
437.623,4.18347e-19
437.641,4.14913e-19
437.66,4.1028e-19
437.678,4.01904e-19
437.697,4.05038e-19
437.715,4.10017e-19
437.734,4.13688e-19
437.752,4.14353e-19
437.771,4.10004e-19
437.789,4.12465e-19
437.808,4.10943e-19
437.826,4.20492e-19
437.845,4.26866e-19
437.863,4.11628e-19
437.882,4.05279e-19
437.9,3.9976e-19
437.919,3.89156e-19
437.937,3.92609e-19
437.956,4.05191e-19
437.974,3.94582e-19
437.993,3.80092e-19
438.011,3.85899e-19
438.03,3.84251e-19
438.048,3.81333e-19
438.067,3.90098e-19
438.085,4.02372e-19
438.104,4.11969e-19
438.122,4.07333e-19
438.141,3.95912e-19
438.159,3.94079e-19
438.178,3.95556e-19
438.196,3.9044e-19
438.215,3.94032e-19
438.233,4.05712e-19
438.252,4.16397e-19
438.271,4.19386e-19
438.289,4.08315e-19
438.308,4.04838e-19
438.326,4.04148e-19
438.345,4.11455e-19
438.363,4.34581e-19
438.382,4.36887e-19
438.4,4.31029e-19
438.419,4.32575e-19
438.437,4.35463e-19
438.456,4.43232e-19
438.474,4.51609e-19
438.493,4.77258e-19
438.512,4.96777e-19
438.53,4.98897e-19
438.549,5.26779e-19
438.567,5.65277e-19
438.586,5.93535e-19
438.604,5.94628e-19
438.623,5.68513e-19
438.641,5.62133e-19
438.66,5.78115e-19
438.678,5.97021e-19
438.697,6.13008e-19
438.716,6.17003e-19
438.734,6.06782e-19
438.753,6.1973e-19
438.771,6.47897e-19
438.79,6.42978e-19
438.808,6.29525e-19
438.827,6.20863e-19
438.846,6.16288e-19
438.864,6.23661e-19
438.883,6.42379e-19
438.901,6.50238e-19
438.92,6.49696e-19
438.939,6.82307e-19
438.957,7.13668e-19
438.976,7.31837e-19
438.994,7.51988e-19
439.013,7.50108e-19
439.031,7.41188e-19
439.05,7.1446e-19
439.069,6.92958e-19
439.087,6.86449e-19
439.106,6.66313e-19
439.124,6.39609e-19
439.143,6.1698e-19
439.162,6.06301e-19
439.18,6.26485e-19
439.199,6.54407e-19
439.217,6.51374e-19
439.236,6.73925e-19
439.255,7.147e-19
439.273,7.11097e-19
439.292,7.04152e-19
439.311,7.04954e-19
439.329,7.24747e-19
439.348,7.54701e-19
439.366,7.39012e-19
439.385,7.25895e-19
439.404,7.5e-19
439.422,7.38247e-19
439.441,7.0198e-19
439.459,6.92436e-19
439.478,6.8342e-19
439.497,6.79616e-19
439.515,6.72007e-19
439.534,6.59068e-19
439.553,6.59058e-19
439.571,6.72384e-19
439.59,6.90896e-19
439.609,6.70733e-19
439.627,6.47714e-19
439.646,6.36501e-19
439.664,6.23718e-19
439.683,6.25768e-19
439.702,6.05008e-19
439.72,5.78778e-19
439.739,5.74293e-19
439.758,5.77606e-19
439.776,5.83959e-19
439.795,5.86906e-19
439.814,5.91034e-19
439.832,5.91887e-19
439.851,6.02525e-19
439.87,6.34153e-19
439.888,6.49327e-19
439.907,6.27258e-19
439.926,5.92936e-19
439.944,5.69031e-19
439.963,5.67316e-19
439.982,5.84374e-19
440,5.95324e-19
440.019,6.07612e-19
440.038,6.27129e-19
440.056,6.18325e-19
440.075,5.92666e-19
440.094,5.7848e-19
440.112,5.86313e-19
440.131,6.00504e-19
440.15,5.93313e-19
440.169,5.81907e-19
440.187,5.75778e-19
440.206,5.56103e-19
440.225,5.26682e-19
440.243,5.21724e-19
440.262,5.21173e-19
440.281,4.97565e-19
440.299,4.85509e-19
440.318,4.74182e-19
440.337,4.68756e-19
440.355,4.78418e-19
440.374,4.85607e-19
440.393,4.98213e-19
440.412,4.7619e-19
440.43,4.49081e-19
440.449,4.47417e-19
440.468,4.31692e-19
440.486,4.24999e-19
440.505,4.29779e-19
440.524,4.26313e-19
440.543,4.17713e-19
440.561,4.18092e-19
440.58,4.41407e-19
440.599,4.55948e-19
440.617,4.43773e-19
440.636,4.35609e-19
440.655,4.46488e-19
440.674,4.51142e-19
440.692,4.53176e-19
440.711,4.62438e-19
440.73,4.49417e-19
440.749,4.29433e-19
440.767,4.18881e-19
440.786,4.15143e-19
440.805,4.16696e-19
440.824,4.18678e-19
440.842,4.18138e-19
440.861,4.26667e-19
440.88,4.44756e-19
440.899,4.40541e-19
440.917,4.38915e-19
440.936,4.41365e-19
440.955,4.26176e-19
440.974,4.31574e-19
440.992,4.50994e-19
441.011,4.46937e-19
441.03,4.28574e-19
441.049,4.27663e-19
441.067,4.34819e-19
441.086,4.41213e-19
441.105,4.51586e-19
441.124,4.45135e-19
441.142,4.38824e-19
441.161,4.38722e-19
441.18,4.3836e-19
441.199,4.39565e-19
441.218,4.28886e-19
441.236,4.14044e-19
441.255,4.03501e-19
441.274,3.96698e-19
441.293,3.91589e-19
441.311,3.96263e-19
441.33,4.05357e-19
441.349,3.98731e-19
441.368,3.897e-19
441.387,3.89999e-19
441.405,3.91211e-19
441.424,3.887e-19
441.443,3.83141e-19
441.462,3.76105e-19
441.481,3.72428e-19
441.499,3.70609e-19
441.518,3.68224e-19
441.537,3.69965e-19
441.556,3.73201e-19
441.575,3.74047e-19
441.593,3.80005e-19
441.612,3.804e-19
441.631,3.66186e-19
441.65,3.75494e-19
441.669,3.9221e-19
441.688,3.87796e-19
441.706,3.93681e-19
441.725,3.83821e-19
441.744,3.64817e-19
441.763,3.68042e-19
441.782,3.74112e-19
441.8,3.6827e-19
441.819,3.52257e-19
441.838,3.46844e-19
441.857,3.46944e-19
441.876,3.50097e-19
441.895,3.59054e-19
441.913,3.51462e-19
441.932,3.42453e-19
441.951,3.46016e-19
441.97,3.48374e-19
441.989,3.5283e-19
442.008,3.61037e-19
442.026,3.58345e-19
442.045,3.61445e-19
442.064,3.81963e-19
442.083,4.09984e-19
442.102,4.32465e-19
442.121,4.20324e-19
442.14,4.03055e-19
442.158,3.95891e-19
442.177,3.93013e-19
442.196,4.07571e-19
442.215,4.15255e-19
442.234,4.11108e-19
442.253,4.04418e-19
442.272,3.9664e-19
442.29,3.87595e-19
442.309,3.75714e-19
442.328,3.72947e-19
442.347,3.81855e-19
442.366,3.9704e-19
442.385,3.99295e-19
442.404,3.8911e-19
442.423,3.80067e-19
442.441,3.81892e-19
442.46,4.00586e-19
442.479,4.11923e-19
442.498,4.04607e-19
442.517,3.93017e-19
442.536,3.97656e-19
442.555,4.02028e-19
442.574,3.90559e-19
442.593,3.93291e-19
442.611,3.95393e-19
442.63,3.93846e-19
442.649,4.01885e-19
442.668,4.03427e-19
442.687,4.04125e-19
442.706,4.04006e-19
442.725,4.1461e-19
442.744,4.24471e-19
442.763,4.1611e-19
442.782,4.308e-19
442.801,4.4705e-19
442.819,4.39439e-19
442.838,4.36487e-19
442.857,4.37266e-19
442.876,4.39866e-19
442.895,4.28542e-19
442.914,4.17869e-19
442.933,4.2881e-19
442.952,4.44566e-19
442.971,4.44538e-19
442.99,4.26504e-19
443.009,4.1973e-19
443.028,4.24335e-19
443.047,4.41333e-19
443.065,4.52646e-19
443.084,4.38735e-19
443.103,4.30977e-19
443.122,4.17857e-19
443.141,4.1859e-19
443.16,4.27618e-19
443.179,4.16741e-19
443.198,4.16816e-19
443.217,4.20899e-19
443.236,4.29178e-19
443.255,4.33697e-19
443.274,4.28946e-19
443.293,4.29832e-19
443.312,4.25289e-19
443.331,4.34859e-19
443.35,4.55217e-19
443.369,4.62773e-19
443.388,4.73845e-19
443.407,4.85266e-19
443.426,4.69168e-19
443.445,4.46507e-19
443.463,4.40876e-19
443.482,4.4203e-19
443.501,4.51402e-19
443.52,4.62839e-19
443.539,4.67737e-19
443.558,4.63401e-19
443.577,4.52482e-19
443.596,4.49577e-19
443.615,4.56921e-19
443.634,4.64267e-19
443.653,4.67128e-19
443.672,4.74769e-19
443.691,4.68627e-19
443.71,4.43999e-19
443.729,4.39037e-19
443.748,4.57919e-19
443.767,4.54108e-19
443.786,4.31815e-19
443.805,4.34347e-19
443.824,4.4421e-19
443.843,4.5541e-19
443.862,4.60545e-19
443.881,4.52861e-19
443.9,4.5371e-19
443.919,4.44043e-19
443.938,4.33135e-19
443.957,4.35887e-19
443.976,4.44506e-19
443.995,4.53711e-19
444.014,4.66654e-19
444.033,4.90619e-19
444.052,5.06495e-19
444.071,4.94248e-19
444.09,4.76746e-19
444.109,4.98719e-19
444.128,5.1203e-19
444.147,4.96677e-19
444.166,4.97361e-19
444.185,4.96196e-19
444.205,5.14068e-19
444.224,5.20498e-19
444.243,5.21641e-19
444.262,5.58231e-19
444.281,5.79225e-19
444.3,5.89153e-19
444.319,5.67769e-19
444.338,5.3602e-19
444.357,5.33549e-19
444.376,5.28686e-19
444.395,5.19852e-19
444.414,5.20777e-19
444.433,5.36061e-19
444.452,5.4195e-19
444.471,5.39736e-19
444.49,5.50787e-19
444.509,5.68652e-19
444.528,5.84027e-19
444.547,5.84843e-19
444.566,5.95205e-19
444.585,6.46105e-19
444.605,7.00068e-19
444.624,7.05388e-19
444.643,6.8832e-19
444.662,6.53118e-19
444.681,6.23611e-19
444.7,6.17051e-19
444.719,6.31321e-19
444.738,6.65134e-19
444.757,6.69069e-19
444.776,6.88606e-19
444.795,7.44471e-19
444.814,7.43422e-19
444.833,6.95037e-19
444.853,6.79245e-19
444.872,6.93027e-19
444.891,6.68889e-19
444.91,6.70473e-19
444.929,6.84976e-19
444.948,6.53711e-19
444.967,6.46247e-19
444.986,6.29492e-19
445.005,6.0454e-19
445.024,6.08073e-19
445.044,6.12731e-19
445.063,6.10948e-19
445.082,6.09748e-19
445.101,6.05416e-19
445.12,6.0862e-19
445.139,6.10973e-19
445.158,5.85838e-19
445.177,5.93841e-19
445.196,6.01113e-19
445.216,5.5287e-19
445.235,5.59416e-19
445.254,5.83736e-19
445.273,5.39552e-19
445.292,5.14274e-19
445.311,5.28129e-19
445.33,5.40921e-19
445.349,5.49799e-19
445.369,5.54615e-19
445.388,5.56943e-19
445.407,5.55921e-19
445.426,5.40984e-19
445.445,5.27781e-19
445.464,5.20409e-19
445.483,5.18771e-19
445.503,5.28641e-19
445.522,5.45483e-19
445.541,5.555e-19
445.56,5.34107e-19
445.579,5.15172e-19
445.598,5.19603e-19
445.617,5.1525e-19
445.637,5.09742e-19
445.656,5.14999e-19
445.675,5.22247e-19
445.694,5.2817e-19
445.713,5.17166e-19
445.732,4.95041e-19
445.752,4.8128e-19
445.771,4.74645e-19
445.79,4.79005e-19
445.809,4.90238e-19
445.828,4.95813e-19
445.847,4.99611e-19
445.867,4.97192e-19
445.886,4.97344e-19
445.905,4.9788e-19
445.924,4.75187e-19
445.943,4.66222e-19
445.962,4.78719e-19
445.982,4.7022e-19
446.001,4.64702e-19
446.02,4.74129e-19
446.039,4.72347e-19
446.058,4.6776e-19
446.078,4.70114e-19
446.097,4.90247e-19
446.116,5.15742e-19
446.135,5.12864e-19
446.154,4.96242e-19
446.174,4.77913e-19
446.193,4.64728e-19
446.212,4.65359e-19
446.231,4.60433e-19
446.25,4.48375e-19
446.27,4.36628e-19
446.289,4.19031e-19
446.308,4.11003e-19
446.327,4.16109e-19
446.346,4.22446e-19
446.366,4.30395e-19
446.385,4.32459e-19
446.404,4.25455e-19
446.423,4.10681e-19
446.443,3.94524e-19
446.462,3.9427e-19
446.481,4.09428e-19
446.5,4.13931e-19
446.519,4.02818e-19
446.539,4.04784e-19
446.558,4.10535e-19
446.577,4.09985e-19
446.596,4.14688e-19
446.616,4.11389e-19
446.635,4.09276e-19
446.654,4.07949e-19
446.673,3.92963e-19
446.693,3.91269e-19
446.712,4.07824e-19
446.731,4.03078e-19
446.75,3.84153e-19
446.77,3.92716e-19
446.789,4.17227e-19
446.808,4.27021e-19
446.827,4.12199e-19
446.847,3.94187e-19
446.866,4.02031e-19
446.885,4.16001e-19
446.904,4.17919e-19
446.924,4.16163e-19
446.943,4.18604e-19
446.962,4.39175e-19
446.981,4.59675e-19
447.001,4.47035e-19
447.02,4.25683e-19
447.039,4.32072e-19
447.059,4.39494e-19
447.078,4.2494e-19
447.097,4.2384e-19
447.116,4.29489e-19
447.136,4.37152e-19
447.155,4.52237e-19
447.174,4.39768e-19
447.194,4.3291e-19
447.213,4.39874e-19
447.232,4.37425e-19
447.251,4.59178e-19
447.271,4.81342e-19
447.29,4.82203e-19
447.309,4.71013e-19
447.329,4.56262e-19
447.348,4.7064e-19
447.367,4.80939e-19
447.387,4.83497e-19
447.406,5.07866e-19
447.425,5.11143e-19
447.445,5.07486e-19
447.464,5.33324e-19
447.483,5.46077e-19
447.502,5.48577e-19
447.522,5.55023e-19
447.541,5.42127e-19
447.56,5.61228e-19
447.58,6.02664e-19
447.599,6.2737e-19
447.618,6.35546e-19
447.638,6.04656e-19
447.657,6.06877e-19
447.676,6.25662e-19
447.696,6.16706e-19
447.715,6.08912e-19
447.734,6.07964e-19
447.754,6.31153e-19
447.773,6.45646e-19
447.792,6.64816e-19
447.812,6.66135e-19
447.831,6.48911e-19
447.85,6.86547e-19
447.87,7.07614e-19
447.889,7.40323e-19
447.908,7.96619e-19
447.928,7.60235e-19
447.947,7.40528e-19
447.967,7.51458e-19
447.986,7.28171e-19
448.005,7.04392e-19
448.025,6.99701e-19
448.044,7.23686e-19
448.063,7.73216e-19
448.083,7.62389e-19
448.102,7.26092e-19
448.121,7.23581e-19
448.141,6.94543e-19
448.16,6.88473e-19
448.18,7.29085e-19
448.199,7.46333e-19
448.218,7.40177e-19
448.238,7.35311e-19
448.257,7.31627e-19
448.276,7.17861e-19
448.296,7.22517e-19
448.315,7.39152e-19
448.335,7.12651e-19
448.354,6.69694e-19
448.373,6.26083e-19
448.393,6.07205e-19
448.412,6.29796e-19
448.432,6.38069e-19
448.451,6.27232e-19
448.47,6.23651e-19
448.49,6.0799e-19
448.509,5.90026e-19
448.529,5.80566e-19
448.548,5.66117e-19
448.567,5.39306e-19
448.587,5.13694e-19
448.606,5.09455e-19
448.626,5.19367e-19
448.645,5.19895e-19
448.664,5.1259e-19
448.684,5.0886e-19
448.703,5.13117e-19
448.723,5.21546e-19
448.742,5.22085e-19
448.762,5.29721e-19
448.781,5.50367e-19
448.8,5.5171e-19
448.82,5.41371e-19
448.839,5.51009e-19
448.859,5.5717e-19
448.878,5.45146e-19
448.898,5.37615e-19
448.917,5.18086e-19
448.936,4.95523e-19
448.956,4.83973e-19
448.975,4.79279e-19
448.995,4.86787e-19
449.014,4.86819e-19
449.034,4.9571e-19
449.053,5.0184e-19
449.073,4.75723e-19
449.092,4.58451e-19
449.111,4.52779e-19
449.131,4.57259e-19
449.15,4.70253e-19
449.17,4.80688e-19
449.189,4.86752e-19
449.209,4.72206e-19
449.228,4.61222e-19
449.248,4.72598e-19
449.267,4.72674e-19
449.287,4.55387e-19
449.306,4.60129e-19
449.326,4.7573e-19
449.345,4.82901e-19
449.365,4.83428e-19
449.384,4.62552e-19
449.403,4.48553e-19
449.423,4.41319e-19
449.442,4.27604e-19
449.462,4.21982e-19
449.481,4.19574e-19
449.501,4.13939e-19
449.52,4.10098e-19
449.54,4.23606e-19
449.559,4.41009e-19
449.579,4.40511e-19
449.598,4.30202e-19
449.618,4.25202e-19
449.637,4.27887e-19
449.657,4.17524e-19
449.676,4.02296e-19
449.696,4.00502e-19
449.715,3.97332e-19
449.735,3.90946e-19
449.754,4.04145e-19
449.774,4.07783e-19
449.793,3.91118e-19
449.813,3.9503e-19
449.832,3.9591e-19
449.852,3.88383e-19
449.872,3.89652e-19
449.891,3.947e-19
449.911,3.97765e-19
449.93,3.89845e-19
449.95,3.91079e-19
449.969,3.97302e-19
449.989,4.00831e-19
450.008,3.9833e-19
450.028,3.88392e-19
450.047,3.99378e-19
450.067,4.2491e-19
450.086,4.33445e-19
450.106,4.20395e-19
450.125,4.15287e-19
450.145,4.18123e-19
450.165,4.24423e-19
450.184,4.48196e-19
450.204,4.65665e-19
450.223,4.69002e-19
450.243,4.61595e-19
450.262,4.44452e-19
450.282,4.37399e-19
450.301,4.40809e-19
450.321,4.58831e-19
450.341,4.74702e-19
450.36,4.71226e-19
450.38,4.58824e-19
450.399,4.51229e-19
450.419,4.717e-19
450.438,4.81261e-19
450.458,4.57848e-19
450.477,4.47948e-19
450.497,4.43914e-19
450.517,4.49154e-19
450.536,4.62958e-19
450.556,4.59772e-19
450.575,4.55315e-19
450.595,4.50436e-19
450.615,4.53067e-19
450.634,4.63589e-19
450.654,4.68721e-19
450.673,4.80337e-19
450.693,4.84725e-19
450.712,4.83144e-19
450.732,4.80358e-19
450.752,4.71226e-19
450.771,4.60042e-19
450.791,4.46276e-19
450.81,4.40917e-19
450.83,4.40458e-19
450.85,4.43177e-19
450.869,4.41766e-19
450.889,4.32258e-19
450.909,4.35416e-19
450.928,4.44922e-19
450.948,4.46509e-19
450.967,4.49232e-19
450.987,4.52246e-19
451.007,4.43388e-19
451.026,4.30613e-19
451.046,4.29414e-19
451.065,4.4484e-19
451.085,4.56445e-19
451.105,4.53653e-19
451.124,4.51246e-19
451.144,4.4275e-19
451.164,4.32325e-19
451.183,4.25294e-19
451.203,4.24859e-19
451.223,4.25692e-19
451.242,4.21457e-19
451.262,4.28297e-19
451.281,4.42651e-19
451.301,4.60116e-19
451.321,4.59917e-19
451.34,4.3944e-19
451.36,4.30756e-19
451.38,4.27422e-19
451.399,4.19062e-19
451.419,4.05535e-19
451.439,4.00238e-19
451.458,4.06339e-19
451.478,4.11845e-19
451.498,4.09735e-19
451.517,4.02836e-19
451.537,4.03586e-19
451.557,3.99905e-19
451.576,3.97528e-19
451.596,4.06749e-19
451.616,4.17995e-19
451.635,4.33844e-19
451.655,4.36231e-19
451.675,4.26969e-19
451.694,4.32857e-19
451.714,4.47635e-19
451.734,4.58129e-19
451.753,4.60669e-19
451.773,4.56358e-19
451.793,4.47298e-19
451.812,4.41529e-19
451.832,4.45181e-19
451.852,4.4852e-19
451.872,4.60996e-19
451.891,4.77386e-19
451.911,4.72646e-19
451.931,4.6779e-19
451.95,4.71681e-19
451.97,4.87558e-19
451.99,5.05199e-19
452.009,4.98264e-19
452.029,4.83881e-19
452.049,4.67669e-19
452.069,4.54085e-19
452.088,4.4906e-19
452.108,4.60078e-19
452.128,4.67333e-19
452.147,4.59532e-19
452.167,4.64445e-19
452.187,4.50637e-19
452.207,4.36199e-19
452.226,4.3745e-19
452.246,4.36572e-19
452.266,4.53487e-19
452.286,4.5392e-19
452.305,4.43203e-19
452.325,4.55082e-19
452.345,4.69715e-19
452.364,4.65641e-19
452.384,4.49041e-19
452.404,4.5296e-19
452.424,4.70215e-19
452.443,4.87172e-19
452.463,4.98784e-19
452.483,4.89432e-19
452.503,4.72798e-19
452.522,4.66105e-19
452.542,4.74632e-19
452.562,4.85984e-19
452.582,4.86003e-19
452.601,4.77273e-19
452.621,4.72782e-19
452.641,4.78564e-19
452.661,4.86447e-19
452.681,4.9116e-19
452.7,4.93453e-19
452.72,4.85165e-19
452.74,4.65109e-19
452.76,4.50799e-19
452.779,4.46142e-19
452.799,4.46879e-19
452.819,4.43742e-19
452.839,4.44509e-19
452.858,4.51277e-19
452.878,4.34982e-19
452.898,4.10687e-19
452.918,4.0179e-19
452.938,4.15092e-19
452.957,4.24732e-19
452.977,4.14569e-19
452.997,4.22524e-19
453.017,4.28096e-19
453.037,4.27341e-19
453.056,4.38836e-19
453.076,4.42482e-19
453.096,4.30661e-19
453.116,4.14943e-19
453.136,4.41109e-19
453.155,4.72892e-19
453.175,4.63003e-19
453.195,4.60692e-19
453.215,4.51992e-19
453.235,4.48873e-19
453.254,4.60632e-19
453.274,4.69162e-19
453.294,4.78839e-19
453.314,4.79812e-19
453.334,4.8422e-19
453.354,4.81974e-19
453.373,4.63131e-19
453.393,4.42743e-19
453.413,4.40074e-19
453.433,4.55013e-19
453.453,4.59167e-19
453.473,4.66284e-19
453.492,4.63031e-19
453.512,4.42329e-19
453.532,4.35998e-19
453.552,4.32751e-19
453.572,4.31165e-19
453.592,4.35481e-19
453.611,4.43439e-19
453.631,4.3612e-19
453.651,4.0924e-19
453.671,3.9749e-19
453.691,3.9243e-19
453.711,3.86046e-19
453.731,3.84998e-19
453.75,3.82675e-19
453.77,3.88904e-19
453.79,3.9529e-19
453.81,3.84406e-19
453.83,3.74476e-19
453.85,3.74174e-19
453.87,3.77327e-19
453.889,3.91538e-19
453.909,3.99749e-19
453.929,3.87944e-19
453.949,3.77369e-19
453.969,3.66942e-19
453.989,3.59727e-19
454.009,3.59837e-19
454.029,3.61986e-19
454.048,3.73287e-19
454.068,3.83768e-19
454.088,3.80371e-19
454.108,3.74136e-19
454.128,3.68693e-19
454.148,3.55335e-19
454.168,3.5121e-19
454.188,3.61933e-19
454.208,3.6903e-19
454.228,3.81998e-19
454.247,3.87851e-19
454.267,3.74715e-19
454.287,3.70744e-19
454.307,3.74135e-19
454.327,3.74979e-19
454.347,3.79147e-19
454.367,3.88298e-19
454.387,3.89193e-19
454.407,3.81512e-19
454.427,3.83202e-19
454.447,4.02297e-19
454.466,4.36913e-19
454.486,4.57815e-19
454.506,4.52713e-19
454.526,4.49248e-19
454.546,4.56963e-19
454.566,4.65218e-19
454.586,4.67601e-19
454.606,4.74897e-19
454.626,4.76729e-19
454.646,4.74232e-19
454.666,4.7623e-19
454.686,4.5373e-19
454.706,4.4183e-19
454.726,4.66609e-19
454.746,4.63204e-19
454.765,4.48846e-19
454.785,4.68625e-19
454.805,4.66692e-19
454.825,4.41388e-19
454.845,4.34305e-19
454.865,4.38014e-19
454.885,4.373e-19
454.905,4.34231e-19
454.925,4.38483e-19
454.945,4.37601e-19
454.965,4.43987e-19
454.985,4.63145e-19
455.005,4.65325e-19
455.025,4.55746e-19
455.045,4.58415e-19
455.065,4.78476e-19
455.085,4.71842e-19
455.105,4.41777e-19
455.125,4.28778e-19
455.145,4.26483e-19
455.165,4.32363e-19
455.185,4.2969e-19
455.205,4.22249e-19
455.225,4.23503e-19
455.245,4.25436e-19
455.265,4.29616e-19
455.285,4.29036e-19
455.305,4.245e-19
455.325,4.16743e-19
455.345,4.15375e-19
455.365,4.23602e-19
455.385,4.30695e-19
455.405,4.36237e-19
455.425,4.27492e-19
455.445,4.09574e-19
455.465,3.97553e-19
455.485,3.9788e-19
455.505,4.00522e-19
455.525,3.98407e-19
455.545,4.0048e-19
455.565,4.00554e-19
455.585,4.03047e-19
455.605,4.02958e-19
455.625,4.003e-19
455.645,4.04263e-19
455.665,4.03766e-19
455.685,4.08879e-19
455.705,4.17807e-19
455.725,4.08394e-19
455.745,4.01064e-19
455.765,4.19503e-19
455.785,4.32246e-19
455.805,4.38991e-19
455.825,4.58048e-19
455.845,4.4569e-19
455.865,4.24747e-19
455.885,4.22577e-19
455.905,4.23e-19
455.925,4.25798e-19
455.946,4.30296e-19
455.966,4.3769e-19
455.986,4.37827e-19
456.006,4.41808e-19
456.026,4.4614e-19
456.046,4.38996e-19
456.066,4.35953e-19
456.086,4.25944e-19
456.106,4.1798e-19
456.126,4.14581e-19
456.146,4.13783e-19
456.166,4.23594e-19
456.186,4.22718e-19
456.206,4.07886e-19
456.226,3.88024e-19
456.246,3.80116e-19
456.267,3.89597e-19
456.287,3.94877e-19
456.307,3.91784e-19
456.327,3.933e-19
456.347,4.05656e-19
456.367,4.04579e-19
456.387,3.85499e-19
456.407,3.78577e-19
456.427,3.81579e-19
456.447,3.76246e-19
456.467,3.62563e-19
456.488,3.55044e-19
456.508,3.52957e-19
456.528,3.44251e-19
456.548,3.33808e-19
456.568,3.29373e-19
456.588,3.2742e-19
456.608,3.28958e-19
456.628,3.36994e-19
456.648,3.34758e-19
456.669,3.27252e-19
456.689,3.32056e-19
456.709,3.30442e-19
456.729,3.24112e-19
456.749,3.30793e-19
456.769,3.37261e-19
456.789,3.34869e-19
456.809,3.35393e-19
456.83,3.43859e-19
456.85,3.45487e-19
456.87,3.36125e-19
456.89,3.40942e-19
456.91,3.62206e-19
456.93,3.65089e-19
456.95,3.49624e-19
456.97,3.42674e-19
456.991,3.46942e-19
457.011,3.63424e-19
457.031,3.82281e-19
457.051,3.87745e-19
457.071,3.80584e-19
457.091,3.70063e-19
457.112,3.70244e-19
457.132,3.71988e-19
457.152,3.76541e-19
457.172,3.96935e-19
457.192,4.08803e-19
457.212,4.10253e-19
457.232,4.16616e-19
457.253,4.18572e-19
457.273,4.24541e-19
457.293,4.41745e-19
457.313,4.5899e-19
457.333,4.64396e-19
457.353,4.59553e-19
457.374,4.61777e-19
457.394,4.75748e-19
457.414,4.87921e-19
457.434,4.83e-19
457.454,4.80336e-19
457.475,4.99843e-19
457.495,5.05111e-19
457.515,4.94664e-19
457.535,4.9509e-19
457.555,4.86869e-19
457.576,4.80002e-19
457.596,4.85642e-19
457.616,4.91436e-19
457.636,4.94734e-19
457.656,4.87947e-19
457.677,4.78433e-19
457.697,4.78209e-19
457.717,4.8609e-19
457.737,4.91224e-19
457.757,4.91969e-19
457.778,4.96418e-19
457.798,5.01881e-19
457.818,5.15137e-19
457.838,5.24355e-19
457.858,5.16961e-19
457.879,5.14987e-19
457.899,5.08618e-19
457.919,4.93433e-19
457.939,5.04001e-19
457.96,5.32553e-19
457.98,5.42663e-19
458,5.47063e-19
458.02,5.40513e-19
458.041,5.1375e-19
458.061,5.04277e-19
458.081,5.04267e-19
458.101,4.86867e-19
458.121,4.67385e-19
458.142,4.65881e-19
458.162,4.75455e-19
458.182,4.72089e-19
458.202,4.57768e-19
458.223,4.46891e-19
458.243,4.46058e-19
458.263,4.55252e-19
458.283,4.62739e-19
458.304,4.65945e-19
458.324,4.72677e-19
458.344,4.81106e-19
458.365,4.85513e-19
458.385,4.85237e-19
458.405,4.8409e-19
458.425,4.93503e-19
458.446,5.00854e-19
458.466,4.88537e-19
458.486,4.82169e-19
458.506,4.8927e-19
458.527,4.94672e-19
458.547,4.87137e-19
458.567,4.67567e-19
458.588,4.57276e-19
458.608,4.55772e-19
458.628,4.53562e-19
458.648,4.53382e-19
458.669,4.59221e-19
458.689,4.62154e-19
458.709,4.52295e-19
458.73,4.53435e-19
458.75,4.56296e-19
458.77,4.39939e-19
458.791,4.38042e-19
458.811,4.48809e-19
458.831,4.42508e-19
458.851,4.22098e-19
458.872,4.03376e-19
458.892,3.99453e-19
458.912,4.0113e-19
458.933,3.97452e-19
458.953,3.92499e-19
458.973,3.80111e-19
458.994,3.62771e-19
459.014,3.57365e-19
459.034,3.60316e-19
459.055,3.57412e-19
459.075,3.60156e-19
459.095,3.71848e-19
459.116,3.80519e-19
459.136,3.90332e-19
459.156,3.9579e-19
459.177,4.01992e-19
459.197,4.14265e-19
459.217,4.1447e-19
459.238,4.00089e-19
459.258,3.78955e-19
459.278,3.72156e-19
459.299,3.78746e-19
459.319,3.84823e-19
459.339,4.02219e-19
459.36,4.20779e-19
459.38,4.27221e-19
459.4,4.27288e-19
459.421,4.32114e-19
459.441,4.45289e-19
459.461,4.43903e-19
459.482,4.25782e-19
459.502,4.14645e-19
459.523,4.13409e-19
459.543,4.03436e-19
459.563,4.03839e-19
459.584,4.29451e-19
459.604,4.441e-19
459.624,4.38473e-19
459.645,4.22354e-19
459.665,4.12672e-19
459.686,4.1862e-19
459.706,4.20568e-19
459.726,4.20408e-19
459.747,4.12449e-19
459.767,3.95166e-19
459.788,3.95502e-19
459.808,4.14309e-19
459.828,4.31167e-19
459.849,4.37964e-19
459.869,4.37655e-19
459.889,4.40679e-19
459.91,4.43853e-19
459.93,4.39837e-19
459.951,4.33297e-19
459.971,4.17474e-19
459.992,4.23036e-19
460.012,4.51681e-19
460.032,4.53159e-19
460.053,4.55162e-19
460.073,4.66641e-19
460.094,4.64284e-19
460.114,4.56348e-19
460.134,4.53216e-19
460.155,4.64819e-19
460.175,4.66524e-19
460.196,4.68041e-19
460.216,4.72176e-19
460.237,4.5972e-19
460.257,4.65545e-19
460.277,4.80604e-19
460.298,4.80377e-19
460.318,4.81317e-19
460.339,4.9278e-19
460.359,4.9759e-19
460.38,4.87858e-19
460.4,4.97297e-19
460.421,5.27737e-19
460.441,5.49737e-19
460.461,5.41344e-19
460.482,5.2153e-19
460.502,5.1693e-19
460.523,5.0469e-19
460.543,4.91909e-19
460.564,4.8757e-19
460.584,4.69978e-19
460.605,4.50834e-19
460.625,4.51279e-19
460.646,4.73732e-19
460.666,4.84728e-19
460.687,4.62776e-19
460.707,4.4551e-19
460.727,4.52405e-19
460.748,4.61649e-19
460.768,4.62438e-19
460.789,4.75001e-19
460.809,4.81989e-19
460.83,4.72633e-19
460.85,4.73668e-19
460.871,4.67334e-19
460.891,4.47326e-19
460.912,4.35159e-19
460.932,4.30835e-19
460.953,4.19821e-19
460.973,4.10052e-19
460.994,4.20122e-19
461.014,4.22601e-19
461.035,4.12909e-19
461.055,4.18959e-19
461.076,4.32944e-19
461.096,4.42574e-19
461.117,4.49361e-19
461.137,4.54739e-19
461.158,4.45636e-19
461.178,4.40039e-19
461.199,4.53414e-19
461.219,4.54568e-19
461.24,4.43813e-19
461.26,4.3118e-19
461.281,4.19929e-19
461.301,4.16103e-19
461.322,4.10531e-19
461.343,4.05953e-19
461.363,4.09134e-19
461.384,4.22727e-19
461.404,4.26988e-19
461.425,4.08553e-19
461.445,3.97318e-19
461.466,3.99452e-19
461.486,3.98345e-19
461.507,3.97372e-19
461.527,4.01391e-19
461.548,3.97845e-19
461.568,3.91735e-19
461.589,3.87512e-19
461.61,3.7936e-19
461.63,3.85297e-19
461.651,3.91916e-19
461.671,3.86162e-19
461.692,3.80419e-19
461.712,3.64137e-19
461.733,3.59615e-19
461.753,3.67579e-19
461.774,3.67376e-19
461.795,3.69013e-19
461.815,3.63271e-19
461.836,3.63378e-19
461.856,3.70542e-19
461.877,3.65594e-19
461.897,3.61553e-19
461.918,3.55711e-19
461.939,3.55375e-19
461.959,3.59233e-19
461.98,3.58428e-19
462,3.70616e-19
462.021,3.8238e-19
462.042,3.784e-19
462.062,3.71172e-19
462.083,3.70447e-19
462.103,3.73785e-19
462.124,3.6903e-19
462.145,3.67297e-19
462.165,3.76556e-19
462.186,3.78131e-19
462.206,3.68507e-19
462.227,3.64499e-19
462.248,3.7045e-19
462.268,3.7648e-19
462.289,3.79642e-19
462.309,3.76737e-19
462.33,3.68184e-19
462.351,3.70028e-19
462.371,3.74597e-19
462.392,3.73124e-19
462.413,3.79274e-19
462.433,3.86153e-19
462.454,3.90012e-19
462.474,3.9523e-19
462.495,3.94146e-19
462.516,3.83831e-19
462.536,3.83536e-19
462.557,4.09517e-19
462.578,4.29086e-19
462.598,4.34309e-19
462.619,4.52541e-19
462.64,4.60549e-19
462.66,4.41056e-19
462.681,4.17224e-19
462.701,4.16903e-19
462.722,4.39053e-19
462.743,4.69663e-19
462.763,5.2092e-19
462.784,5.67077e-19
462.805,5.4984e-19
462.825,5.22419e-19
462.846,5.39498e-19
462.867,5.73875e-19
462.887,5.93961e-19
462.908,5.89626e-19
462.929,5.85753e-19
462.949,6.1146e-19
462.97,6.08792e-19
462.991,5.72911e-19
463.011,5.68003e-19
463.032,5.71209e-19
463.053,5.50154e-19
463.073,5.31259e-19
463.094,5.23239e-19
463.115,5.18187e-19
463.136,5.27446e-19
463.156,5.45454e-19
463.177,5.45037e-19
463.198,5.47214e-19
463.218,5.65673e-19
463.239,5.60034e-19
463.26,5.57071e-19
463.28,5.66331e-19
463.301,5.53015e-19
463.322,5.56666e-19
463.343,5.72546e-19
463.363,5.68364e-19
463.384,5.48726e-19
463.405,5.37352e-19
463.425,5.54364e-19
463.446,5.58667e-19
463.467,5.46064e-19
463.488,5.44519e-19
463.508,5.43482e-19
463.529,5.3912e-19
463.55,5.37295e-19
463.57,5.2587e-19
463.591,5.06472e-19
463.612,5.05844e-19
463.633,5.00436e-19
463.653,4.90797e-19
463.674,4.9318e-19
463.695,4.83042e-19
463.716,4.78189e-19
463.736,4.76213e-19
463.757,4.5774e-19
463.778,4.50608e-19
463.799,4.59005e-19
463.819,4.55066e-19
463.84,4.47249e-19
463.861,4.48385e-19
463.882,4.52467e-19
463.902,4.64025e-19
463.923,4.6732e-19
463.944,4.59472e-19
463.965,4.51853e-19
463.985,4.55708e-19
464.006,4.67581e-19
464.027,4.58139e-19
464.048,4.44357e-19
464.068,4.35492e-19
464.089,4.3082e-19
464.11,4.34225e-19
464.131,4.30716e-19
464.152,4.21921e-19
464.172,4.12601e-19
464.193,4.05996e-19
464.214,4.0652e-19
464.235,4.18911e-19
464.255,4.30302e-19
464.276,4.36543e-19
464.297,4.4379e-19
464.318,4.46082e-19
464.339,4.59769e-19
464.359,4.5907e-19
464.38,4.32918e-19
464.401,4.22107e-19
464.422,4.27612e-19
464.443,4.3368e-19
464.463,4.40497e-19
464.484,4.42523e-19
464.505,4.22918e-19
464.526,4.15446e-19
464.547,4.16376e-19
464.568,4.11545e-19
464.588,4.26005e-19
464.609,4.19031e-19
464.63,4.03065e-19
464.651,4.09644e-19
464.672,4.18961e-19
464.692,4.28546e-19
464.713,4.18007e-19
464.734,3.96831e-19
464.755,3.84732e-19
464.776,3.83331e-19
464.797,3.85621e-19
464.817,3.81706e-19
464.838,3.84874e-19
464.859,3.88578e-19
464.88,3.92587e-19
464.901,3.98114e-19
464.922,3.87197e-19
464.943,3.78998e-19
464.963,3.85148e-19
464.984,3.80789e-19
465.005,3.71948e-19
465.026,3.76414e-19
465.047,3.70819e-19
465.068,3.61525e-19
465.089,3.65296e-19
465.109,3.59406e-19
465.13,3.50543e-19
465.151,3.51978e-19
465.172,3.55008e-19
465.193,3.59207e-19
465.214,3.59403e-19
465.235,3.5056e-19
465.256,3.44054e-19
465.276,3.37506e-19
465.297,3.24128e-19
465.318,3.20326e-19
465.339,3.20683e-19
465.36,3.17396e-19
465.381,3.19982e-19
465.402,3.11699e-19
465.423,2.97905e-19
465.444,2.9583e-19
465.464,2.94485e-19
465.485,2.91631e-19
465.506,2.87892e-19
465.527,2.84941e-19
465.548,2.87195e-19
465.569,2.85331e-19
465.59,2.79363e-19
465.611,2.83294e-19
465.632,2.93134e-19
465.653,2.9281e-19
465.673,2.87793e-19
465.694,2.86043e-19
465.715,2.81629e-19
465.736,2.79218e-19
465.757,2.84745e-19
465.778,2.85281e-19
465.799,2.76373e-19
465.82,2.69864e-19
465.841,2.67979e-19
465.862,2.73329e-19
465.883,2.81347e-19
465.904,2.84185e-19
465.925,2.88332e-19
465.946,2.86643e-19
465.967,2.84035e-19
465.987,2.96615e-19
466.008,3.05199e-19
466.029,2.96442e-19
466.05,2.86941e-19
466.071,2.81483e-19
466.092,2.77458e-19
466.113,2.81795e-19
466.134,2.95032e-19
466.155,3.04477e-19
466.176,3.01435e-19
466.197,2.95117e-19
466.218,3.05588e-19
466.239,3.30829e-19
466.26,3.3973e-19
466.281,3.2848e-19
466.302,3.27739e-19
466.323,3.43293e-19
466.344,3.49212e-19
466.365,3.36422e-19
466.386,3.32972e-19
466.407,3.44089e-19
466.428,3.47881e-19
466.449,3.50937e-19
466.47,3.55843e-19
466.491,3.53243e-19
466.512,3.60146e-19
466.533,3.70623e-19
466.554,3.66473e-19
466.575,3.75006e-19
466.596,4.03139e-19
466.617,4.17919e-19
466.638,4.25866e-19
466.659,4.29506e-19
466.68,4.19195e-19
466.701,4.11949e-19
466.722,3.97312e-19
466.743,3.94302e-19
466.764,4.11318e-19
466.785,4.09823e-19
466.806,4.15308e-19
466.827,4.33737e-19
466.848,4.35722e-19
466.869,4.49461e-19
466.89,4.72293e-19
466.911,4.72226e-19
466.932,4.59036e-19
466.953,4.5237e-19
466.974,4.5743e-19
466.995,4.66201e-19
467.016,4.63002e-19
467.037,4.42618e-19
467.058,4.19918e-19
467.079,4.14782e-19
467.1,4.3715e-19
467.121,4.55243e-19
467.142,4.3827e-19
467.163,4.19138e-19
467.184,4.13085e-19
467.205,4.09997e-19
467.227,4.08009e-19
467.248,4.13424e-19
467.269,4.15482e-19
467.29,4.04601e-19
467.311,4.00752e-19
467.332,3.95539e-19
467.353,3.94286e-19
467.374,4.03036e-19
467.395,3.97376e-19
467.416,3.95996e-19
467.437,4.00325e-19
467.458,4.09509e-19
467.479,4.29565e-19
467.5,4.25127e-19
467.521,4.0505e-19
467.543,3.93093e-19
467.564,3.93378e-19
467.585,3.93858e-19
467.606,3.80729e-19
467.627,3.76486e-19
467.648,3.78036e-19
467.669,3.74009e-19
467.69,3.90202e-19
467.711,4.2325e-19
467.732,4.35091e-19
467.754,4.32516e-19
467.775,4.2488e-19
467.796,4.10701e-19
467.817,4.09936e-19
467.838,4.15034e-19
467.859,4.23436e-19
467.88,4.32489e-19
467.901,4.25937e-19
467.922,4.17899e-19
467.944,4.03916e-19
467.965,3.91737e-19
467.986,4.10046e-19
468.007,4.34847e-19
468.028,4.34915e-19
468.049,4.38101e-19
468.07,4.36774e-19
468.091,4.0628e-19
468.113,3.82707e-19
468.134,3.74925e-19
468.155,3.79587e-19
468.176,3.9699e-19
468.197,4.01056e-19
468.218,3.83456e-19
468.239,3.52147e-19
468.261,3.34678e-19
468.282,3.34675e-19
468.303,3.26902e-19
468.324,3.21015e-19
468.345,3.21531e-19
468.366,3.31696e-19
468.387,3.46199e-19
468.409,3.45403e-19
468.43,3.50607e-19
468.451,3.60574e-19
468.472,3.58056e-19
468.493,3.52269e-19
468.514,3.47868e-19
468.536,3.46724e-19
468.557,3.4121e-19
468.578,3.35158e-19
468.599,3.41345e-19
468.62,3.43707e-19
468.642,3.30432e-19
468.663,3.30175e-19
468.684,3.41667e-19
468.705,3.3597e-19
468.726,3.3332e-19
468.748,3.46377e-19
468.769,3.56408e-19
468.79,3.52583e-19
468.811,3.42609e-19
468.832,3.42999e-19
468.854,3.47628e-19
468.875,3.41156e-19
468.896,3.31559e-19
468.917,3.31228e-19
468.938,3.29977e-19
468.96,3.33339e-19
468.981,3.40781e-19
469.002,3.29214e-19
469.023,3.18628e-19
469.044,3.21693e-19
469.066,3.37897e-19
469.087,3.56348e-19
469.108,3.51612e-19
469.129,3.38049e-19
469.151,3.24648e-19
469.172,3.19836e-19
469.193,3.2361e-19
469.214,3.20138e-19
469.235,3.15606e-19
469.257,3.13422e-19
469.278,3.14588e-19
469.299,3.202e-19
469.32,3.30686e-19
469.342,3.39848e-19
469.363,3.33911e-19
469.384,3.22032e-19
469.405,3.14387e-19
469.427,3.05765e-19
469.448,2.99573e-19
469.469,2.99946e-19
469.49,2.97072e-19
469.512,2.93566e-19
469.533,2.94355e-19
469.554,2.91726e-19
469.576,2.89649e-19
469.597,2.94059e-19
469.618,2.95612e-19
469.639,2.917e-19
469.661,2.93975e-19
469.682,2.92132e-19
469.703,2.79334e-19
469.724,2.77682e-19
469.746,2.88495e-19
469.767,2.93271e-19
469.788,2.97878e-19
469.81,3.12236e-19
469.831,3.18933e-19
469.852,3.14645e-19
469.873,3.16054e-19
469.895,3.28421e-19
469.916,3.34512e-19
469.937,3.26915e-19
469.959,3.2507e-19
469.98,3.27088e-19
470.001,3.32245e-19
470.023,3.3705e-19
470.044,3.3871e-19
470.065,3.37843e-19
470.087,3.26009e-19
470.108,3.23065e-19
470.129,3.22427e-19
470.151,3.18902e-19
470.172,3.20246e-19
470.193,3.15985e-19
470.214,3.17711e-19
470.236,3.22948e-19
470.257,3.27026e-19
470.278,3.36494e-19
470.3,3.55418e-19
470.321,3.6943e-19
470.342,3.62598e-19
470.364,3.60869e-19
470.385,3.59001e-19
470.406,3.49906e-19
470.428,3.46093e-19
470.449,3.43241e-19
470.471,3.4247e-19
470.492,3.43744e-19
470.513,3.41703e-19
470.535,3.32255e-19
470.556,3.25296e-19
470.577,3.21323e-19
470.599,3.16281e-19
470.62,3.20166e-19
470.641,3.26578e-19
470.663,3.22452e-19
470.684,3.15115e-19
470.706,3.14104e-19
470.727,3.12506e-19
470.748,3.08977e-19
470.77,3.09687e-19
470.791,3.1581e-19
470.812,3.13929e-19
470.834,2.98221e-19
470.855,2.93405e-19
470.877,2.97813e-19
470.898,2.98854e-19
470.919,3.07024e-19
470.941,3.18605e-19
470.962,3.20822e-19
470.984,3.21183e-19
471.005,3.26101e-19
471.026,3.26097e-19
471.048,3.20831e-19
471.069,3.11354e-19
471.091,3.00087e-19
471.112,2.91327e-19
471.133,2.83994e-19
471.155,2.81858e-19
471.176,2.85409e-19
471.198,2.94409e-19
471.219,3.00919e-19
471.24,2.9909e-19
471.262,3.00923e-19
471.283,3.08331e-19
471.305,3.1346e-19
471.326,3.19025e-19
471.348,3.20011e-19
471.369,3.11802e-19
471.39,3.1265e-19
471.412,3.18062e-19
471.433,3.13225e-19
471.455,3.02266e-19
471.476,2.93488e-19
471.498,2.95831e-19
471.519,3.0076e-19
471.54,3.05118e-19
471.562,3.17868e-19
471.583,3.34633e-19
471.605,3.37026e-19
471.626,3.30214e-19
471.648,3.34068e-19
471.669,3.35144e-19
471.691,3.3416e-19
471.712,3.36956e-19
471.734,3.36297e-19
471.755,3.3698e-19
471.777,3.43518e-19
471.798,3.58732e-19
471.819,3.64084e-19
471.841,3.62367e-19
471.862,3.6376e-19
471.884,3.5251e-19
471.905,3.46036e-19
471.927,3.45352e-19
471.948,3.34431e-19
471.97,3.3239e-19
471.991,3.38314e-19
472.013,3.39594e-19
472.034,3.41798e-19
472.056,3.33618e-19
472.077,3.28612e-19
472.099,3.35021e-19
472.12,3.26525e-19
472.142,3.22276e-19
472.163,3.36779e-19
472.185,3.47768e-19
472.206,3.40848e-19
472.228,3.31483e-19
472.249,3.36666e-19
472.271,3.36486e-19
472.292,3.26642e-19
472.314,3.23575e-19
472.335,3.23913e-19
472.357,3.19255e-19
472.378,3.13695e-19
472.4,3.09638e-19
472.421,3.05018e-19
472.443,3.0507e-19
472.465,3.05918e-19
472.486,3.11647e-19
472.508,3.19521e-19
472.529,3.15276e-19
472.551,3.05292e-19
472.572,3.03366e-19
472.594,3.19851e-19
472.615,3.30372e-19
472.637,3.24598e-19
472.658,3.24651e-19
472.68,3.28681e-19
472.701,3.40104e-19
472.723,3.49431e-19
472.745,3.51345e-19
472.766,3.43473e-19
472.788,3.23858e-19
472.809,3.22648e-19
472.831,3.23424e-19
472.852,3.21263e-19
472.874,3.39279e-19
472.896,3.47275e-19
472.917,3.40819e-19
472.939,3.31347e-19
472.96,3.16236e-19
472.982,3.12551e-19
473.003,3.19903e-19
473.025,3.23921e-19
473.047,3.25837e-19
473.068,3.34121e-19
473.09,3.33978e-19
473.111,3.26069e-19
473.133,3.28087e-19
473.155,3.4233e-19
473.176,3.70798e-19
473.198,3.88692e-19
473.219,3.81072e-19
473.241,3.64496e-19
473.263,3.48688e-19
473.284,3.42654e-19
473.306,3.52031e-19
473.327,3.70547e-19
473.349,3.77049e-19
473.371,3.8018e-19
473.392,3.8228e-19
473.414,3.76715e-19
473.435,3.76262e-19
473.457,3.76701e-19
473.479,3.84364e-19
473.5,4.01469e-19
473.522,4.35405e-19
473.544,4.76128e-19
473.565,4.70134e-19
473.587,4.4597e-19
473.608,4.54141e-19
473.63,4.63909e-19
473.652,4.4802e-19
473.673,4.46451e-19
473.695,4.49456e-19
473.717,4.51734e-19
473.738,4.71208e-19
473.76,4.9519e-19
473.782,5.3168e-19
473.803,5.46326e-19
473.825,5.42683e-19
473.847,5.41586e-19
473.868,5.37787e-19
473.89,5.36471e-19
473.912,5.08292e-19
473.933,4.91384e-19
473.955,4.80058e-19
473.977,4.70507e-19
473.998,4.90425e-19
474.02,5.06141e-19
474.042,4.98173e-19
474.063,4.89951e-19
474.085,5.08195e-19
474.107,4.96168e-19
474.128,4.62687e-19
474.15,4.67185e-19
474.172,4.68726e-19
474.193,4.6272e-19
474.215,4.62661e-19
474.237,4.6411e-19
474.258,4.65579e-19
474.28,4.59826e-19
474.302,4.41186e-19
474.324,4.22589e-19
474.345,4.33201e-19
474.367,4.39734e-19
474.389,4.28687e-19
474.41,4.34177e-19
474.432,4.49336e-19
474.454,4.69396e-19
474.475,4.79788e-19
474.497,4.65607e-19
474.519,4.38208e-19
474.541,4.13701e-19
474.562,4.32289e-19
474.584,4.63039e-19
474.606,4.45579e-19
474.628,4.59763e-19
474.649,5.01494e-19
474.671,5.05452e-19
474.693,5.10878e-19
474.714,5.07189e-19
474.736,4.97223e-19
474.758,4.79434e-19
474.78,4.55676e-19
474.801,4.53522e-19
474.823,4.52364e-19
474.845,4.56201e-19
474.867,4.70771e-19
474.888,4.82168e-19
474.91,4.80824e-19
474.932,4.65903e-19
474.954,4.47377e-19
474.975,4.3855e-19
474.997,4.3801e-19
475.019,4.23727e-19
475.041,4.21318e-19
475.062,4.40921e-19
475.084,4.50408e-19
475.106,4.49769e-19
475.128,4.50523e-19
475.15,4.42052e-19
475.171,4.25593e-19
475.193,4.21323e-19
475.215,4.18961e-19
475.237,4.18197e-19
475.259,4.21054e-19
475.28,4.19102e-19
475.302,4.30395e-19
475.324,4.42138e-19
475.346,4.37955e-19
475.367,4.30693e-19
475.389,4.19735e-19
475.411,4.08811e-19
475.433,4.11113e-19
475.455,4.20911e-19
475.476,4.23225e-19
475.498,4.04218e-19
475.52,3.74462e-19
475.542,3.68052e-19
475.564,3.74195e-19
475.586,3.69493e-19
475.607,3.51416e-19
475.629,3.33197e-19
475.651,3.33674e-19
475.673,3.4423e-19
475.695,3.58167e-19
475.716,3.6769e-19
475.738,3.71035e-19
475.76,3.71741e-19
475.782,3.69862e-19
475.804,3.73875e-19
475.826,3.77069e-19
475.847,3.8549e-19
475.869,3.88972e-19
475.891,3.75666e-19
475.913,3.60752e-19
475.935,3.52127e-19
475.957,3.49212e-19
475.979,3.37371e-19
476,3.25929e-19
476.022,3.24942e-19
476.044,3.37504e-19
476.066,3.5533e-19
476.088,3.55656e-19
476.11,3.5866e-19
476.132,3.67786e-19
476.153,3.62485e-19
476.175,3.55887e-19
476.197,3.58068e-19
476.219,3.53644e-19
476.241,3.45541e-19
476.263,3.44099e-19
476.285,3.47482e-19
476.307,3.52677e-19
476.328,3.3972e-19
476.35,3.32056e-19
476.372,3.35514e-19
476.394,3.17178e-19
476.416,3.02541e-19
476.438,3.05052e-19
476.46,3.11457e-19
476.482,3.176e-19
476.504,3.32193e-19
476.526,3.48685e-19
476.547,3.47097e-19
476.569,3.49778e-19
476.591,3.56949e-19
476.613,3.43503e-19
476.635,3.18858e-19
476.657,3.09028e-19
476.679,3.14044e-19
476.701,3.16095e-19
476.723,3.17383e-19
476.745,3.1312e-19
476.767,3.13627e-19
476.788,3.33883e-19
476.81,3.43763e-19
476.832,3.34539e-19
476.854,3.28081e-19
476.876,3.18476e-19
476.898,3.10155e-19
476.92,3.12335e-19
476.942,3.09907e-19
476.964,3.06515e-19
476.986,3.05314e-19
477.008,3.02777e-19
477.03,3.06904e-19
477.052,3.08586e-19
477.074,3.13247e-19
477.096,3.21021e-19
477.118,3.17993e-19
477.14,3.13544e-19
477.162,3.09494e-19
477.184,3.1312e-19
477.205,3.20705e-19
477.227,3.21673e-19
477.249,3.26024e-19
477.271,3.21145e-19
477.293,3.12648e-19
477.315,3.11704e-19
477.337,3.04386e-19
477.359,3.02739e-19
477.381,3.06326e-19
477.403,3.06208e-19
477.425,3.1095e-19
477.447,3.11789e-19
477.469,3.09416e-19
477.491,3.23059e-19
477.513,3.41094e-19
477.535,3.33269e-19
477.557,3.22433e-19
477.579,3.22382e-19
477.601,3.19133e-19
477.623,3.26315e-19
477.645,3.30551e-19
477.667,3.1931e-19
477.689,3.13627e-19
477.711,3.17499e-19
477.733,3.19123e-19
477.755,3.06719e-19
477.777,2.97412e-19
477.799,3.03125e-19
477.821,3.07085e-19
477.843,3.04453e-19
477.865,3.15169e-19
477.887,3.34294e-19
477.909,3.37609e-19
477.931,3.38837e-19
477.953,3.41347e-19
477.976,3.36813e-19
477.998,3.23159e-19
478.02,3.0805e-19
478.042,3.08367e-19
478.064,3.10216e-19
478.086,3.07349e-19
478.108,3.02172e-19
478.13,2.96042e-19
478.152,2.93651e-19
478.174,2.97427e-19
478.196,3.08086e-19
478.218,3.00892e-19
478.24,2.90065e-19
478.262,2.98153e-19
478.284,3.10801e-19
478.306,3.09576e-19
478.328,2.92549e-19
478.35,2.92449e-19
478.373,2.97206e-19
478.395,2.96072e-19
478.417,3.12063e-19
478.439,3.2261e-19
478.461,3.20967e-19
478.483,3.11058e-19
478.505,2.95539e-19
478.527,2.89397e-19
478.549,2.88575e-19
478.571,2.95012e-19
478.593,3.08509e-19
478.615,3.22813e-19
478.638,3.29294e-19
478.66,3.26166e-19
478.682,3.22882e-19
478.704,3.20183e-19
478.726,3.25493e-19
478.748,3.32424e-19
478.77,3.3225e-19
478.792,3.35867e-19
478.814,3.27929e-19
478.836,3.08491e-19
478.859,3.0737e-19
478.881,3.22578e-19
478.903,3.35658e-19
478.925,3.35465e-19
478.947,3.29581e-19
478.969,3.30699e-19
478.991,3.27912e-19
479.013,3.22649e-19
479.036,3.2668e-19
479.058,3.35041e-19
479.08,3.42527e-19
479.102,3.47577e-19
479.124,3.47981e-19
479.146,3.41876e-19
479.168,3.35609e-19
479.191,3.37956e-19
479.213,3.43369e-19
479.235,3.51035e-19
479.257,3.70201e-19
479.279,3.87718e-19
479.301,3.9926e-19
479.324,4.13121e-19
479.346,4.17397e-19
479.368,4.12899e-19
479.39,3.97185e-19
479.412,3.81457e-19
479.434,3.83348e-19
479.457,4.04083e-19
479.479,4.24623e-19
479.501,4.115e-19
479.523,4.02932e-19
479.545,4.14826e-19
479.567,4.16875e-19
479.59,4.05094e-19
479.612,3.93243e-19
479.634,4.04575e-19
479.656,4.16318e-19
479.678,4.18362e-19
479.701,4.23768e-19
479.723,4.31768e-19
479.745,4.46159e-19
479.767,4.38872e-19
479.789,4.18084e-19
479.812,4.07296e-19
479.834,4.17809e-19
479.856,4.28727e-19
479.878,4.12739e-19
479.9,3.93641e-19
479.923,3.7825e-19
479.945,3.80262e-19
479.967,3.80705e-19
479.989,3.69149e-19
480.012,3.69432e-19
480.034,3.65877e-19
480.056,3.56501e-19
480.078,3.46322e-19
480.1,3.45941e-19
480.123,3.492e-19
480.145,3.38376e-19
480.167,3.31094e-19
480.189,3.42064e-19
480.212,3.5551e-19
480.234,3.4328e-19
480.256,3.30898e-19
480.278,3.3622e-19
480.301,3.4498e-19
480.323,3.52148e-19
480.345,3.58017e-19
480.367,3.56373e-19
480.39,3.41123e-19
480.412,3.42579e-19
480.434,3.50734e-19
480.456,3.5482e-19
480.479,3.74146e-19
480.501,3.65018e-19
480.523,3.36733e-19
480.546,3.36989e-19
480.568,3.45015e-19
480.59,3.38177e-19
480.612,3.35154e-19
480.635,3.31238e-19
480.657,3.25811e-19
480.679,3.31736e-19
480.701,3.30111e-19
480.724,3.33605e-19
480.746,3.43074e-19
480.768,3.37959e-19
480.791,3.33293e-19
480.813,3.32609e-19
480.835,3.25484e-19
480.858,3.10872e-19
480.88,3.06636e-19
480.902,3.12999e-19
480.924,3.22165e-19
480.947,3.27783e-19
480.969,3.29159e-19
480.991,3.41337e-19
481.014,3.46271e-19
481.036,3.44614e-19
481.058,3.50063e-19
481.081,3.50625e-19
481.103,3.44171e-19
481.125,3.33806e-19
481.148,3.27244e-19
481.17,3.39994e-19
481.192,3.76258e-19
481.215,3.91594e-19
481.237,3.88263e-19
481.259,4.0028e-19
481.282,3.96671e-19
481.304,3.8341e-19
481.326,3.68555e-19
481.349,3.48827e-19
481.371,3.42411e-19
481.393,3.42898e-19
481.416,3.446e-19
481.438,3.5336e-19
481.461,3.60463e-19
481.483,3.58432e-19
481.505,3.48293e-19
481.528,3.38731e-19
481.55,3.44448e-19
481.572,3.44238e-19
481.595,3.29837e-19
481.617,3.18677e-19
481.639,3.15062e-19
481.662,3.26779e-19
481.684,3.31504e-19
481.707,3.28514e-19
481.729,3.28031e-19
481.751,3.18189e-19
481.774,3.1576e-19
481.796,3.23203e-19
481.819,3.32994e-19
481.841,3.29005e-19
481.863,3.13032e-19
481.886,3.06674e-19
481.908,3.02117e-19
481.93,2.9806e-19
481.953,2.95235e-19
481.975,2.9135e-19
481.998,2.89786e-19
482.02,2.97107e-19
482.043,3.04951e-19
482.065,2.96434e-19
482.087,2.87156e-19
482.11,2.86129e-19
482.132,2.90784e-19
482.155,2.89832e-19
482.177,2.76868e-19
482.199,2.71281e-19
482.222,2.71763e-19
482.244,2.69677e-19
482.267,2.66901e-19
482.289,2.63031e-19
482.312,2.62999e-19
482.334,2.71192e-19
482.357,2.83395e-19
482.379,2.90102e-19
482.401,2.86341e-19
482.424,2.78451e-19
482.446,2.77225e-19
482.469,2.79372e-19
482.491,2.76684e-19
482.514,2.7221e-19
482.536,2.67736e-19
482.559,2.63976e-19
482.581,2.68751e-19
482.604,2.79525e-19
482.626,2.78526e-19
482.648,2.69852e-19
482.671,2.63978e-19
482.693,2.56859e-19
482.716,2.544e-19
482.738,2.56579e-19
482.761,2.56027e-19
482.783,2.51527e-19
482.806,2.47776e-19
482.828,2.53216e-19
482.851,2.52045e-19
482.873,2.38657e-19
482.896,2.38761e-19
482.918,2.44402e-19
482.941,2.36889e-19
482.963,2.25861e-19
482.986,2.18646e-19
483.008,2.16455e-19
483.031,2.16196e-19
483.053,2.18006e-19
483.076,2.21884e-19
483.098,2.24779e-19
483.121,2.36023e-19
483.143,2.50346e-19
483.166,2.48507e-19
483.188,2.39333e-19
483.211,2.37045e-19
483.233,2.36138e-19
483.256,2.3406e-19
483.278,2.34692e-19
483.301,2.34479e-19
483.323,2.31857e-19
483.346,2.3483e-19
483.369,2.37249e-19
483.391,2.24033e-19
483.414,2.17043e-19
483.436,2.2315e-19
483.459,2.2394e-19
483.481,2.25896e-19
483.504,2.21849e-19
483.526,2.17387e-19
483.549,2.19289e-19
483.571,2.14821e-19
483.594,2.22564e-19
483.617,2.34051e-19
483.639,2.32008e-19
483.662,2.29919e-19
483.684,2.30752e-19
483.707,2.33113e-19
483.729,2.30609e-19
483.752,2.29115e-19
483.775,2.26865e-19
483.797,2.19438e-19
483.82,2.21959e-19
483.842,2.31876e-19
483.865,2.3558e-19
483.887,2.34256e-19
483.91,2.39991e-19
483.933,2.46683e-19
483.955,2.49541e-19
483.978,2.52615e-19
484,2.48477e-19
484.023,2.4843e-19
484.046,2.51924e-19
484.068,2.47455e-19
484.091,2.42148e-19
484.113,2.36973e-19
484.136,2.34022e-19
484.159,2.3875e-19
484.181,2.4872e-19
484.204,2.5605e-19
484.226,2.57601e-19
484.249,2.55243e-19
484.272,2.49225e-19
484.294,2.4455e-19
484.317,2.48296e-19
484.34,2.5763e-19
484.362,2.66669e-19
484.385,2.72029e-19
484.407,2.69834e-19
484.43,2.657e-19
484.453,2.66251e-19
484.475,2.73824e-19
484.498,2.75855e-19
484.521,2.67421e-19
484.543,2.63108e-19
484.566,2.55557e-19
484.589,2.49277e-19
484.611,2.53854e-19
484.634,2.61369e-19
484.657,2.61155e-19
484.679,2.50971e-19
484.702,2.54066e-19
484.725,2.67798e-19
484.747,2.75225e-19
484.77,2.78575e-19
484.793,2.76739e-19
484.815,2.76075e-19
484.838,2.77371e-19
484.861,2.76827e-19
484.883,2.72378e-19
484.906,2.6289e-19
484.929,2.59076e-19
484.951,2.62775e-19
484.974,2.57351e-19
484.997,2.53274e-19
485.019,2.69227e-19
485.042,2.89186e-19
485.065,2.94155e-19
485.087,2.7862e-19
485.11,2.67708e-19
485.133,2.69097e-19
485.156,2.7013e-19
485.178,2.73302e-19
485.201,2.66996e-19
485.224,2.67767e-19
485.246,2.70349e-19
485.269,2.65613e-19
485.292,2.70296e-19
485.315,2.61205e-19
485.337,2.52183e-19
485.36,2.54151e-19
485.383,2.56585e-19
485.405,2.62885e-19
485.428,2.61455e-19
485.451,2.53831e-19
485.474,2.45229e-19
485.496,2.49928e-19
485.519,2.7226e-19
485.542,2.81454e-19
485.565,2.74941e-19
485.587,2.80413e-19
485.61,2.78743e-19
485.633,2.60837e-19
485.656,2.60396e-19
485.678,2.70218e-19
485.701,2.78046e-19
485.724,2.75458e-19
485.747,2.72495e-19
485.769,2.83035e-19
485.792,2.74398e-19
485.815,2.63543e-19
485.838,2.67284e-19
485.86,2.66453e-19
485.883,2.73187e-19
485.906,2.92113e-19
485.929,2.95088e-19
485.951,2.78396e-19
485.974,2.73264e-19
485.997,2.8116e-19
486.02,2.87641e-19
486.043,2.86481e-19
486.065,2.90038e-19
486.088,2.93504e-19
486.111,2.86164e-19
486.134,2.95429e-19
486.157,2.9846e-19
486.179,2.86716e-19
486.202,2.84267e-19
486.225,2.73279e-19
486.248,2.62946e-19
486.271,2.62775e-19
486.293,2.67826e-19
486.316,2.68664e-19
486.339,2.55257e-19
486.362,2.45131e-19
486.385,2.40798e-19
486.407,2.35851e-19
486.43,2.36857e-19
486.453,2.37904e-19
486.476,2.35084e-19
486.499,2.32234e-19
486.522,2.33877e-19
486.544,2.48498e-19
486.567,2.57776e-19
486.59,2.50005e-19
486.613,2.45202e-19
486.636,2.48855e-19
486.659,2.50279e-19
486.681,2.44005e-19
486.704,2.46238e-19
486.727,2.51376e-19
486.75,2.48089e-19
486.773,2.52546e-19
486.796,2.61028e-19
486.819,2.63146e-19
486.841,2.62903e-19
486.864,2.64413e-19
486.887,2.6432e-19
486.91,2.61512e-19
486.933,2.53984e-19
486.956,2.47382e-19
486.979,2.44063e-19
487.002,2.32992e-19
487.024,2.31454e-19
487.047,2.35763e-19
487.07,2.32342e-19
487.093,2.35416e-19
487.116,2.37807e-19
487.139,2.34108e-19
487.162,2.3229e-19
487.185,2.40226e-19
487.208,2.50958e-19
487.23,2.50288e-19
487.253,2.46695e-19
487.276,2.44885e-19
487.299,2.44094e-19
487.322,2.47401e-19
487.345,2.46225e-19
487.368,2.42285e-19
487.391,2.51537e-19
487.414,2.53251e-19
487.437,2.44832e-19
487.46,2.53846e-19
487.482,2.64386e-19
487.505,2.67052e-19
487.528,2.68203e-19
487.551,2.64164e-19
487.574,2.55688e-19
487.597,2.5474e-19
487.62,2.68301e-19
487.643,2.79815e-19
487.666,2.82712e-19
487.689,2.78811e-19
487.712,2.80689e-19
487.735,2.88808e-19
487.758,2.87533e-19
487.781,2.8674e-19
487.804,2.85697e-19
487.827,2.87445e-19
487.849,2.93777e-19
487.872,2.90987e-19
487.895,2.88927e-19
487.918,2.92824e-19
487.941,2.99316e-19
487.964,3.09865e-19
487.987,3.09767e-19
488.01,3.04883e-19
488.033,3.0959e-19
488.056,3.10381e-19
488.079,3.224e-19
488.102,3.37715e-19
488.125,3.21667e-19
488.148,3.09798e-19
488.171,3.2221e-19
488.194,3.39104e-19
488.217,3.44627e-19
488.24,3.55223e-19
488.263,3.89555e-19
488.286,4.13925e-19
488.309,4.14139e-19
488.332,4.11258e-19
488.355,3.97643e-19
488.378,3.90155e-19
488.401,4.09318e-19
488.424,4.158e-19
488.447,3.9868e-19
488.47,3.91166e-19
488.493,3.91503e-19
488.516,4.02491e-19
488.539,4.22219e-19
488.562,4.32247e-19
488.585,4.34971e-19
488.608,4.46002e-19
488.631,4.48805e-19
488.654,4.31358e-19
488.677,4.28789e-19
488.7,4.42877e-19
488.723,4.53142e-19
488.746,4.71495e-19
488.769,5.0393e-19
488.793,5.04688e-19
488.816,4.81457e-19
488.839,4.81547e-19
488.862,4.76018e-19
488.885,4.70469e-19
488.908,4.64742e-19
488.931,4.22299e-19
488.954,3.97827e-19
488.977,4.10672e-19
489,4.05239e-19
489.023,3.89565e-19
489.046,3.93495e-19
489.069,3.89007e-19
489.092,3.78551e-19
489.115,3.74596e-19
489.138,3.70167e-19
489.162,3.74301e-19
489.185,3.78318e-19
489.208,3.7995e-19
489.231,3.96695e-19
489.254,4.09441e-19
489.277,4.0191e-19
489.3,3.94173e-19
489.323,3.78869e-19
489.346,3.70985e-19
489.369,3.90922e-19
489.392,4.14454e-19
489.416,4.15419e-19
489.439,3.85742e-19
489.462,3.64641e-19
489.485,3.62446e-19
489.508,3.61232e-19
489.531,3.5934e-19
489.554,3.50422e-19
489.577,3.4525e-19
489.6,3.44627e-19
489.624,3.58588e-19
489.647,3.69991e-19
489.67,3.57369e-19
489.693,3.51724e-19
489.716,3.45681e-19
489.739,3.42497e-19
489.762,3.41938e-19
489.785,3.32763e-19
489.809,3.2514e-19
489.832,3.23256e-19
489.855,3.28596e-19
489.878,3.26744e-19
489.901,3.20499e-19
489.924,3.16102e-19
489.947,3.17618e-19
489.971,3.14685e-19
489.994,2.99958e-19
490.017,2.9533e-19
490.04,2.83095e-19
490.063,2.78255e-19
490.086,3.04396e-19
490.11,3.17642e-19
490.133,3.09972e-19
490.156,3.11404e-19
490.179,3.2824e-19
490.202,3.54098e-19
490.226,3.435e-19
490.249,3.08567e-19
490.272,3.1204e-19
490.295,3.18804e-19
490.318,2.98252e-19
490.341,2.90454e-19
490.365,2.97097e-19
490.388,3.00219e-19
490.411,2.91011e-19
490.434,2.82093e-19
490.457,2.81186e-19
490.481,2.844e-19
490.504,2.86815e-19
490.527,2.84356e-19
490.55,2.81001e-19
490.573,2.72581e-19
490.597,2.62851e-19
490.62,2.48755e-19
490.643,2.44866e-19
490.666,2.59676e-19
490.69,2.65541e-19
490.713,2.64123e-19
490.736,2.60673e-19
490.759,2.54447e-19
490.782,2.48897e-19
490.806,2.47242e-19
490.829,2.52667e-19
490.852,2.56321e-19
490.875,2.53341e-19
490.899,2.41142e-19
490.922,2.36666e-19
490.945,2.37857e-19
490.968,2.31575e-19
490.992,2.29355e-19
491.015,2.27729e-19
491.038,2.25561e-19
491.061,2.20017e-19
491.085,2.14327e-19
491.108,2.15416e-19
491.131,2.1356e-19
491.154,2.13569e-19
491.178,2.14336e-19
491.201,2.10828e-19
491.224,2.13022e-19
491.248,2.20438e-19
491.271,2.26857e-19
491.294,2.30991e-19
491.317,2.26745e-19
491.341,2.18894e-19
491.364,2.21062e-19
491.387,2.2423e-19
491.411,2.20198e-19
491.434,2.14105e-19
491.457,2.05875e-19
491.48,2.03483e-19
491.504,2.099e-19
491.527,2.16053e-19
491.55,2.20827e-19
491.574,2.25965e-19
491.597,2.34232e-19
491.62,2.42009e-19
491.644,2.38721e-19
491.667,2.32074e-19
491.69,2.29339e-19
491.714,2.29751e-19
491.737,2.3293e-19
491.76,2.39646e-19
491.784,2.52632e-19
491.807,2.58588e-19
491.83,2.57261e-19
491.854,2.63643e-19
491.877,2.71713e-19
491.9,2.71898e-19
491.924,2.65078e-19
491.947,2.57806e-19
491.97,2.52816e-19
491.994,2.54903e-19
492.017,2.61057e-19
492.04,2.60936e-19
492.064,2.61207e-19
492.087,2.57322e-19
492.11,2.49977e-19
492.134,2.53392e-19
492.157,2.57702e-19
492.18,2.56108e-19
492.204,2.51082e-19
492.227,2.4935e-19
492.251,2.54104e-19
492.274,2.47631e-19
492.297,2.37089e-19
492.321,2.3735e-19
492.344,2.40158e-19
492.367,2.37775e-19
492.391,2.27647e-19
492.414,2.18999e-19
492.438,2.18539e-19
492.461,2.23632e-19
492.484,2.30166e-19
492.508,2.34924e-19
492.531,2.37159e-19
492.555,2.38057e-19
492.578,2.41244e-19
492.601,2.4256e-19
492.625,2.45939e-19
492.648,2.49448e-19
492.672,2.47813e-19
492.695,2.47692e-19
492.718,2.40812e-19
492.742,2.39366e-19
492.765,2.48977e-19
492.789,2.45347e-19
492.812,2.35281e-19
492.836,2.37059e-19
492.859,2.40974e-19
492.882,2.35643e-19
492.906,2.37372e-19
492.929,2.46988e-19
492.953,2.50403e-19
492.976,2.55427e-19
493,2.6317e-19
493.023,2.64432e-19
493.047,2.63948e-19
493.07,2.69414e-19
493.093,2.69132e-19
493.117,2.61511e-19
493.14,2.64618e-19
493.164,2.79462e-19
493.187,2.86956e-19
493.211,2.84442e-19
493.234,2.82098e-19
493.258,2.70691e-19
493.281,2.71458e-19
493.305,2.95752e-19
493.328,2.99625e-19
493.352,2.83468e-19
493.375,2.8143e-19
493.398,2.80472e-19
493.422,2.76018e-19
493.445,2.92739e-19
493.469,3.03939e-19
493.492,2.94871e-19
493.516,2.90677e-19
493.539,2.8978e-19
493.563,3.04059e-19
493.586,3.05238e-19
493.61,2.86275e-19
493.633,2.92595e-19
493.657,2.96652e-19
493.68,2.77677e-19
493.704,2.72283e-19
493.727,2.88507e-19
493.751,2.92974e-19
493.774,2.75032e-19
493.798,2.65372e-19
493.822,2.75816e-19
493.845,2.88622e-19
493.869,2.9015e-19
493.892,2.96315e-19
493.916,3.08665e-19
493.939,3.09398e-19
493.963,3.03732e-19
493.986,3.06341e-19
494.01,3.08971e-19
494.033,3.09872e-19
494.057,3.20284e-19
494.08,3.20714e-19
494.104,3.11751e-19
494.127,3.0725e-19
494.151,2.97555e-19
494.175,2.90213e-19
494.198,2.97293e-19
494.222,3.11328e-19
494.245,3.27987e-19
494.269,3.55778e-19
494.292,3.64743e-19
494.316,3.41142e-19
494.34,3.2484e-19
494.363,3.26295e-19
494.387,3.31136e-19
494.41,3.27528e-19
494.434,3.27681e-19
494.457,3.33502e-19
494.481,3.4317e-19
494.505,3.48679e-19
494.528,3.4164e-19
494.552,3.45395e-19
494.575,3.32781e-19
494.599,3.13763e-19
494.623,3.28247e-19
494.646,3.41404e-19
494.67,3.51882e-19
494.693,3.76288e-19
494.717,3.79433e-19
494.741,3.65603e-19
494.764,3.59524e-19
494.788,3.38911e-19
494.811,3.09422e-19
494.835,3.10793e-19
494.859,3.29202e-19
494.882,3.28285e-19
494.906,3.15147e-19
494.93,3.08744e-19
494.953,3.07768e-19
494.977,3.0537e-19
495,3.03095e-19
495.024,3.02578e-19
495.048,2.99172e-19
495.071,2.96652e-19
495.095,3.06402e-19
495.119,3.11011e-19
495.142,3.10678e-19
495.166,3.111e-19
495.19,2.89542e-19
495.213,2.85449e-19
495.237,2.96598e-19
495.261,2.8482e-19
495.284,2.82627e-19
495.308,2.78797e-19
495.332,2.73873e-19
495.355,2.91884e-19
495.379,3.03304e-19
495.403,3.03665e-19
495.426,3.05904e-19
495.45,3.16523e-19
495.474,3.24696e-19
495.497,3.23982e-19
495.521,3.29699e-19
495.545,3.17021e-19
495.568,2.98493e-19
495.592,3.01436e-19
495.616,3.10212e-19
495.639,3.14615e-19
495.663,3.15282e-19
495.687,3.16872e-19
495.71,3.2171e-19
495.734,3.37757e-19
495.758,3.45335e-19
495.782,3.24794e-19
495.805,3.06669e-19
495.829,2.96587e-19
495.853,2.99138e-19
495.876,3.19691e-19
495.9,3.27627e-19
495.924,3.13519e-19
495.948,3.07798e-19
495.971,3.14491e-19
495.995,3.12706e-19
496.019,3.09469e-19
496.043,3.07189e-19
496.066,2.9802e-19
496.09,2.97883e-19
496.114,3.12988e-19
496.137,3.20913e-19
496.161,3.1424e-19
496.185,3.21076e-19
496.209,3.26245e-19
496.232,3.15939e-19
496.256,3.20266e-19
496.28,3.17692e-19
496.304,3.07242e-19
496.328,3.12694e-19
496.351,3.13234e-19
496.375,3.06135e-19
496.399,2.96514e-19
496.423,2.93654e-19
496.446,3.06207e-19
496.47,3.21982e-19
496.494,3.34826e-19
496.518,3.29285e-19
496.541,3.15615e-19
496.565,3.14568e-19
496.589,3.12925e-19
496.613,3.10468e-19
496.637,3.1448e-19
496.66,3.23472e-19
496.684,3.36724e-19
496.708,3.41778e-19
496.732,3.25978e-19
496.756,3.03371e-19
496.779,2.84892e-19
496.803,2.76373e-19
496.827,2.83925e-19
496.851,2.82728e-19
496.875,2.69954e-19
496.898,2.68836e-19
496.922,2.76614e-19
496.946,2.80474e-19
496.97,2.69932e-19
496.994,2.55634e-19
497.018,2.47851e-19
497.041,2.48467e-19
497.065,2.53113e-19
497.089,2.51194e-19
497.113,2.51475e-19
497.137,2.55103e-19
497.161,2.5454e-19
497.184,2.46231e-19
497.208,2.39549e-19
497.232,2.44364e-19
497.256,2.43375e-19
497.28,2.39355e-19
497.304,2.38813e-19
497.327,2.36936e-19
497.351,2.39493e-19
497.375,2.33349e-19
497.399,2.2556e-19
497.423,2.26283e-19
497.447,2.20452e-19
497.471,2.15251e-19
497.495,2.13931e-19
497.518,2.17575e-19
497.542,2.26551e-19
497.566,2.25497e-19
497.59,2.18525e-19
497.614,2.11466e-19
497.638,2.08682e-19
497.662,2.07524e-19
497.686,2.05982e-19
497.709,2.12352e-19
497.733,2.10727e-19
497.757,2.04551e-19
497.781,2.05429e-19
497.805,2.03079e-19
497.829,1.99691e-19
497.853,2.02438e-19
497.877,2.10684e-19
497.901,2.15358e-19
497.925,2.19293e-19
497.949,2.22449e-19
497.972,2.21059e-19
497.996,2.20981e-19
498.02,2.15631e-19
498.044,2.05735e-19
498.068,1.99656e-19
498.092,2.0044e-19
498.116,1.98705e-19
498.14,1.92707e-19
498.164,1.8963e-19
498.188,1.81896e-19
498.212,1.75974e-19
498.236,1.77639e-19
498.26,1.76785e-19
498.284,1.73543e-19
498.308,1.77627e-19
498.332,1.80269e-19
498.355,1.75284e-19
498.379,1.78992e-19
498.403,1.87941e-19
498.427,1.90622e-19
498.451,1.85727e-19
498.475,1.8202e-19
498.499,1.81395e-19
498.523,1.78538e-19
498.547,1.80504e-19
498.571,1.80615e-19
498.595,1.78802e-19
498.619,1.76406e-19
498.643,1.72476e-19
498.667,1.76302e-19
498.691,1.81576e-19
498.715,1.84953e-19
498.739,1.84075e-19
498.763,1.79009e-19
498.787,1.73648e-19
498.811,1.6992e-19
498.835,1.71815e-19
498.859,1.69786e-19
498.883,1.64644e-19
498.907,1.67441e-19
498.931,1.72915e-19
498.955,1.72302e-19
498.979,1.65763e-19
499.003,1.61172e-19
499.027,1.70987e-19
499.051,1.80487e-19
499.075,1.74028e-19
499.099,1.72524e-19
499.123,1.70026e-19
499.147,1.60907e-19
499.171,1.57821e-19
499.195,1.59263e-19
499.219,1.62298e-19
499.243,1.5829e-19
499.267,1.54228e-19
499.292,1.53739e-19
499.316,1.53162e-19
499.34,1.57527e-19
499.364,1.55408e-19
499.388,1.48775e-19
499.412,1.46992e-19
499.436,1.42951e-19
499.46,1.4085e-19
499.484,1.46383e-19
499.508,1.52455e-19
499.532,1.54862e-19
499.556,1.52237e-19
499.58,1.48596e-19
499.604,1.49753e-19
499.628,1.52807e-19
499.652,1.52771e-19
499.677,1.49212e-19
499.701,1.48965e-19
499.725,1.49839e-19
499.749,1.51119e-19
499.773,1.53366e-19
499.797,1.49428e-19
499.821,1.45909e-19
499.845,1.48929e-19
499.869,1.59173e-19
499.893,1.63464e-19
499.917,1.58524e-19
499.942,1.58211e-19
499.966,1.56715e-19
499.99,1.52425e-19
500.014,1.45588e-19
500.038,1.42979e-19
500.062,1.44674e-19
500.086,1.39971e-19
500.11,1.41028e-19
500.135,1.49601e-19
500.159,1.51541e-19
500.183,1.49412e-19
500.207,1.57559e-19
500.231,1.65223e-19
500.255,1.60281e-19
500.279,1.55469e-19
500.303,1.52849e-19
500.328,1.51633e-19
500.352,1.52622e-19
500.376,1.56957e-19
500.4,1.5913e-19
500.424,1.59567e-19
500.448,1.65117e-19
500.473,1.67792e-19
500.497,1.64861e-19
500.521,1.58982e-19
500.545,1.5759e-19
500.569,1.55766e-19
500.593,1.54219e-19
500.618,1.64002e-19
500.642,1.72532e-19
500.666,1.75277e-19
500.69,1.70619e-19
500.714,1.61296e-19
500.738,1.60038e-19
500.763,1.65068e-19
500.787,1.6873e-19
500.811,1.67267e-19
500.835,1.64357e-19
500.859,1.66626e-19
500.884,1.73579e-19
500.908,1.75549e-19
500.932,1.82628e-19
500.956,1.93372e-19
500.98,1.95668e-19
501.005,2.00951e-19
501.029,1.97251e-19
501.053,1.93362e-19
501.077,1.98451e-19
501.101,1.92674e-19
501.126,1.90762e-19
501.15,1.96769e-19
501.174,1.93005e-19
501.198,1.82836e-19
501.223,1.75272e-19
501.247,1.72582e-19
501.271,1.74253e-19
501.295,1.72782e-19
501.32,1.7106e-19
501.344,1.72771e-19
501.368,1.71322e-19
501.392,1.74422e-19
501.417,1.78851e-19
501.441,1.78435e-19
501.465,1.80946e-19
501.489,1.85973e-19
501.514,1.85727e-19
501.538,1.81008e-19
501.562,1.84038e-19
501.586,1.89308e-19
501.611,1.85243e-19
501.635,1.7841e-19
501.659,1.80296e-19
501.683,1.84741e-19
501.708,1.86887e-19
501.732,1.89973e-19
501.756,1.89024e-19
501.781,1.92845e-19
501.805,1.93117e-19
501.829,1.91672e-19
501.853,1.97928e-19
501.878,2.01431e-19
501.902,2.11626e-19
501.926,2.14234e-19
501.951,2.09565e-19
501.975,2.10829e-19
501.999,2.15774e-19
502.024,2.26222e-19
502.048,2.20378e-19
502.072,2.14951e-19
502.097,2.16818e-19
502.121,2.15508e-19
502.145,2.23596e-19
502.169,2.27141e-19
502.194,2.30185e-19
502.218,2.32014e-19
502.242,2.24518e-19
502.267,2.25461e-19
502.291,2.34438e-19
502.315,2.51186e-19
502.34,2.63389e-19
502.364,2.54102e-19
502.388,2.4633e-19
502.413,2.42414e-19
502.437,2.39855e-19
502.462,2.56877e-19
502.486,2.70909e-19
502.51,2.61778e-19
502.535,2.52213e-19
502.559,2.51073e-19
502.583,2.46151e-19
502.608,2.38585e-19
502.632,2.53276e-19
502.656,2.73443e-19
502.681,2.74278e-19
502.705,2.78206e-19
502.73,2.7997e-19
502.754,2.76759e-19
502.778,2.80468e-19
502.803,2.83834e-19
502.827,2.94877e-19
502.851,3.10625e-19
502.876,3.09351e-19
502.9,2.99432e-19
502.925,2.9572e-19
502.949,2.96302e-19
502.973,2.8141e-19
502.998,2.55478e-19
503.022,2.45017e-19
503.047,2.38026e-19
503.071,2.32317e-19
503.096,2.33277e-19
503.12,2.3031e-19
503.144,2.2989e-19
503.169,2.26575e-19
503.193,2.20846e-19
503.218,2.22078e-19
503.242,2.31564e-19
503.266,2.43577e-19
503.291,2.4246e-19
503.315,2.39515e-19
503.34,2.34071e-19
503.364,2.12096e-19
503.389,1.97842e-19
503.413,2.06689e-19
503.438,2.09551e-19
503.462,1.97323e-19
503.486,1.95246e-19
503.511,1.96815e-19
503.535,2.04386e-19
503.56,2.14704e-19
503.584,2.13629e-19
503.609,2.1997e-19
503.633,2.15573e-19
503.658,1.99473e-19
503.682,1.98867e-19
503.707,1.9994e-19
503.731,2.03664e-19
503.756,2.16035e-19
503.78,2.17797e-19
503.805,2.07837e-19
503.829,2.0311e-19
503.853,2.02764e-19
503.878,2.04505e-19
503.902,2.10701e-19
503.927,2.15787e-19
503.951,2.19985e-19
503.976,2.19887e-19
504,2.21702e-19
504.025,2.29948e-19
504.049,2.35749e-19
504.074,2.3914e-19
504.098,2.45051e-19
504.123,2.57138e-19
504.147,2.54405e-19
504.172,2.48261e-19
504.197,2.56331e-19
504.221,2.59468e-19
504.246,2.71991e-19
504.27,2.86462e-19
504.295,2.95994e-19
504.319,3.06132e-19
504.344,2.96656e-19
504.368,2.87276e-19
504.393,2.82238e-19
504.417,2.81172e-19
504.442,2.88059e-19
504.466,2.92382e-19
504.491,2.88058e-19
504.515,2.80691e-19
504.54,2.93069e-19
504.565,3.08075e-19
504.589,3.13712e-19
504.614,3.21744e-19
504.638,3.23197e-19
504.663,3.27997e-19
504.687,3.45408e-19
504.712,3.65764e-19
504.737,3.79127e-19
504.761,3.86997e-19
504.786,3.69841e-19
504.81,3.42678e-19
504.835,3.26218e-19
504.859,3.06029e-19
504.884,3.06244e-19
504.909,3.17368e-19
504.933,3.14345e-19
504.958,3.04654e-19
504.982,2.88247e-19
505.007,2.79068e-19
505.032,2.80783e-19
505.056,2.94741e-19
505.081,3.09344e-19
505.105,3.00751e-19
505.13,2.85564e-19
505.155,2.83079e-19
505.179,2.86713e-19
505.204,2.93271e-19
505.229,3.03046e-19
505.253,2.99713e-19
505.278,2.89303e-19
505.302,2.85571e-19
505.327,2.84652e-19
505.352,2.74664e-19
505.376,2.52782e-19
505.401,2.44467e-19
505.426,2.5188e-19
505.45,2.52731e-19
505.475,2.43824e-19
505.499,2.38777e-19
505.524,2.41577e-19
505.549,2.41064e-19
505.573,2.32738e-19
505.598,2.27167e-19
505.623,2.29907e-19
505.647,2.27549e-19
505.672,2.1826e-19
505.697,2.15017e-19
505.721,2.18233e-19
505.746,2.14104e-19
505.771,2.07978e-19
505.795,2.11294e-19
505.82,2.10631e-19
505.845,2.11819e-19
505.869,2.15048e-19
505.894,2.16503e-19
505.919,2.27283e-19
505.944,2.26878e-19
505.968,2.06217e-19
505.993,1.95953e-19
506.018,2.07528e-19
506.042,2.15091e-19
506.067,2.23699e-19
506.092,2.3033e-19
506.116,2.18222e-19
506.141,2.23142e-19
506.166,2.29485e-19
506.191,2.23647e-19
506.215,2.2272e-19
506.24,2.27665e-19
506.265,2.43519e-19
506.289,2.44221e-19
506.314,2.37087e-19
506.339,2.31431e-19
506.364,2.198e-19
506.388,2.24873e-19
506.413,2.36356e-19
506.438,2.22412e-19
506.463,2.0486e-19
506.487,2.09218e-19
506.512,2.14026e-19
506.537,2.2149e-19
506.562,2.26716e-19
506.586,2.2073e-19
506.611,2.20057e-19
506.636,2.05923e-19
506.661,1.97041e-19
506.685,2.01128e-19
506.71,2.03957e-19
506.735,2.15806e-19
506.76,2.21859e-19
506.784,2.24938e-19
506.809,2.27087e-19
506.834,2.18535e-19
506.859,2.11066e-19
506.884,2.09063e-19
506.908,2.04369e-19
506.933,1.9175e-19
506.958,1.83227e-19
506.983,1.86399e-19
507.007,1.99131e-19
507.032,2.05716e-19
507.057,1.9433e-19
507.082,1.90861e-19
507.107,1.99545e-19
507.131,1.94181e-19
507.156,1.9172e-19
507.181,2.00935e-19
507.206,1.93786e-19
507.231,1.81551e-19
507.256,1.74489e-19
507.28,1.69913e-19
507.305,1.71755e-19
507.33,1.77977e-19
507.355,1.90145e-19
507.38,1.88682e-19
507.405,1.79405e-19
507.429,1.92306e-19
507.454,2.11997e-19
507.479,2.08661e-19
507.504,1.89229e-19
507.529,1.76342e-19
507.554,1.69792e-19
507.578,1.67149e-19
507.603,1.69103e-19
507.628,1.69237e-19
507.653,1.69173e-19
507.678,1.68776e-19
507.703,1.73251e-19
507.728,1.86778e-19
507.752,1.97695e-19
507.777,2.01911e-19
507.802,1.96028e-19
507.827,1.825e-19
507.852,1.78297e-19
507.877,1.82669e-19
507.902,1.89277e-19
507.927,1.93776e-19
507.951,1.9632e-19
507.976,1.9979e-19
508.001,1.98025e-19
508.026,2.06176e-19
508.051,2.1232e-19
508.076,1.99434e-19
508.101,1.93023e-19
508.126,1.91441e-19
508.151,1.95317e-19
508.176,1.98389e-19
508.2,1.90097e-19
508.225,1.86426e-19
508.25,1.85499e-19
508.275,1.8578e-19
508.3,1.91538e-19
508.325,2.02904e-19
508.35,2.1455e-19
508.375,2.2187e-19
508.4,2.20628e-19
508.425,2.19229e-19
508.45,2.33861e-19
508.475,2.422e-19
508.5,2.48449e-19
508.524,2.54159e-19
508.549,2.38478e-19
508.574,2.28978e-19
508.599,2.21984e-19
508.624,2.08976e-19
508.649,2.01544e-19
508.674,2.00847e-19
508.699,2.02803e-19
508.724,2.03015e-19
508.749,2.12632e-19
508.774,2.24823e-19
508.799,2.33888e-19
508.824,2.40659e-19
508.849,2.36801e-19
508.874,2.3281e-19
508.899,2.31653e-19
508.924,2.3278e-19
508.949,2.35418e-19
508.974,2.41522e-19
508.999,2.49021e-19
509.024,2.50332e-19
509.049,2.58443e-19
509.074,2.70826e-19
509.099,2.76791e-19
509.124,2.71491e-19
509.149,2.58786e-19
509.174,2.55956e-19
509.199,2.48973e-19
509.224,2.31477e-19
509.249,2.27952e-19
509.274,2.34478e-19
509.299,2.33973e-19
509.324,2.37188e-19
509.349,2.46568e-19
509.374,2.52388e-19
509.399,2.54506e-19
509.424,2.48624e-19
509.449,2.36289e-19
509.474,2.24908e-19
509.499,2.24944e-19
509.524,2.33788e-19
509.549,2.46639e-19
509.574,2.6074e-19
509.599,2.72471e-19
509.624,2.98461e-19
509.649,3.03262e-19
509.675,2.94415e-19
509.7,3.06438e-19
509.725,2.87192e-19
509.75,2.73279e-19
509.775,2.82842e-19
509.8,2.74235e-19
509.825,2.61463e-19
509.85,2.53849e-19
509.875,2.57818e-19
509.9,2.59267e-19
509.925,2.54945e-19
509.95,2.57555e-19
509.975,2.5404e-19
510,2.50264e-19
510.026,2.5532e-19
510.051,2.54392e-19
510.076,2.40627e-19
510.101,2.43557e-19
510.126,2.61732e-19
510.151,2.67231e-19
510.176,2.62388e-19
510.201,2.51521e-19
510.226,2.4264e-19
510.251,2.36841e-19
510.277,2.36535e-19
510.302,2.39673e-19
510.327,2.38503e-19
510.352,2.37444e-19
510.377,2.36952e-19
510.402,2.43607e-19
510.427,2.51309e-19
510.452,2.50995e-19
510.478,2.48291e-19
510.503,2.44174e-19
510.528,2.34999e-19
510.553,2.23676e-19
510.578,2.21316e-19
510.603,2.26959e-19
510.628,2.34096e-19
510.654,2.35167e-19
510.679,2.34579e-19
510.704,2.37633e-19
510.729,2.37734e-19
510.754,2.3722e-19
510.779,2.41221e-19
510.805,2.54479e-19
510.83,2.54569e-19
510.855,2.34617e-19
510.88,2.27034e-19
510.905,2.33645e-19
510.93,2.3401e-19
510.956,2.24683e-19
510.981,2.21002e-19
511.006,2.26451e-19
511.031,2.41829e-19
511.056,2.53333e-19
511.082,2.39398e-19
511.107,2.22547e-19
511.132,2.23528e-19
511.157,2.34762e-19
511.182,2.38335e-19
511.208,2.40903e-19
511.233,2.45535e-19
511.258,2.39789e-19
511.283,2.44841e-19
511.308,2.66457e-19
511.334,2.74757e-19
511.359,2.63224e-19
511.384,2.46148e-19
511.409,2.24791e-19
511.435,2.21612e-19
511.46,2.34164e-19
511.485,2.21195e-19
511.51,2.08341e-19
511.535,2.10471e-19
511.561,2.02295e-19
511.586,2.00896e-19
511.611,2.09339e-19
511.636,2.03056e-19
511.662,2.01789e-19
511.687,2.12058e-19
511.712,2.06288e-19
511.737,2.05316e-19
511.763,2.13239e-19
511.788,2.13606e-19
511.813,2.20963e-19
511.839,2.23397e-19
511.864,2.15972e-19
511.889,2.19178e-19
511.914,2.33927e-19
511.94,2.44412e-19
511.965,2.33447e-19
511.99,2.11799e-19
512.015,2.14681e-19
512.041,2.35377e-19
512.066,2.44717e-19
512.091,2.47325e-19
512.117,2.32512e-19
512.142,2.12708e-19
512.167,2.07366e-19
512.193,2.2633e-19
512.218,2.67358e-19
512.243,2.67019e-19
512.268,2.46552e-19
512.294,2.40521e-19
512.319,2.30227e-19
512.344,2.37036e-19
512.37,2.43317e-19
512.395,2.3017e-19
512.42,2.25093e-19
512.446,2.35438e-19
512.471,2.50091e-19
512.496,2.68302e-19
512.522,2.78484e-19
512.547,2.67076e-19
512.572,2.53098e-19
512.598,2.3781e-19
512.623,2.2821e-19
512.648,2.25493e-19
512.674,2.23533e-19
512.699,2.22914e-19
512.724,2.10082e-19
512.75,2.08289e-19
512.775,2.12333e-19
512.801,2.00698e-19
512.826,2.03224e-19
512.851,2.14323e-19
512.877,2.15022e-19
512.902,2.04112e-19
512.927,1.86131e-19
512.953,1.8707e-19
512.978,2.01588e-19
513.004,2.03777e-19
513.029,2.02987e-19
513.054,2.05888e-19
513.08,2.07747e-19
513.105,2.08362e-19
513.131,1.9944e-19
513.156,1.91485e-19
513.181,1.88654e-19
513.207,1.7934e-19
513.232,1.77753e-19
513.258,1.84458e-19
513.283,1.84351e-19
513.308,1.80175e-19
513.334,1.8102e-19
513.359,1.87279e-19
513.385,1.81723e-19
513.41,1.75035e-19
513.435,1.78814e-19
513.461,1.76666e-19
513.486,1.77225e-19
513.512,1.78622e-19
513.537,1.80622e-19
513.563,1.91985e-19
513.588,1.90689e-19
513.614,1.83981e-19
513.639,1.84515e-19
513.664,1.81948e-19
513.69,1.76586e-19
513.715,1.74608e-19
513.741,1.81066e-19
513.766,1.83703e-19
513.792,1.76336e-19
513.817,1.70276e-19
513.843,1.64787e-19
513.868,1.56355e-19
513.894,1.51863e-19
513.919,1.52352e-19
513.945,1.52275e-19
513.97,1.55134e-19
513.995,1.59021e-19
514.021,1.60342e-19
514.046,1.66059e-19
514.072,1.75125e-19
514.097,1.77332e-19
514.123,1.74666e-19
514.148,1.72275e-19
514.174,1.6603e-19
514.199,1.61447e-19
514.225,1.63529e-19
514.25,1.73218e-19
514.276,1.82841e-19
514.301,1.77784e-19
514.327,1.69179e-19
514.352,1.65125e-19
514.378,1.61643e-19
514.404,1.60438e-19
514.429,1.62596e-19
514.455,1.66572e-19
514.48,1.67016e-19
514.506,1.62628e-19
514.531,1.61282e-19
514.557,1.71689e-19
514.582,1.78247e-19
514.608,1.66416e-19
514.633,1.58478e-19
514.659,1.62578e-19
514.684,1.61187e-19
514.71,1.52975e-19
514.736,1.52302e-19
514.761,1.56344e-19
514.787,1.56232e-19
514.812,1.55166e-19
514.838,1.53461e-19
514.863,1.51326e-19
514.889,1.52317e-19
514.915,1.50465e-19
514.94,1.43631e-19
514.966,1.46356e-19
514.991,1.55152e-19
515.017,1.53777e-19
515.042,1.49554e-19
515.068,1.47463e-19
515.094,1.43291e-19
515.119,1.44293e-19
515.145,1.50313e-19
515.17,1.45942e-19
515.196,1.38228e-19
515.222,1.40846e-19
515.247,1.42329e-19
515.273,1.39159e-19
515.298,1.40513e-19
515.324,1.44528e-19
515.35,1.4538e-19
515.375,1.47891e-19
515.401,1.54408e-19
515.427,1.54473e-19
515.452,1.46756e-19
515.478,1.42117e-19
515.503,1.47019e-19
515.529,1.55058e-19
515.555,1.58238e-19
515.58,1.56566e-19
515.606,1.53207e-19
515.632,1.51113e-19
515.657,1.51794e-19
515.683,1.53459e-19
515.709,1.47937e-19
515.734,1.44328e-19
515.76,1.50961e-19
515.786,1.54904e-19
515.811,1.52421e-19
515.837,1.4575e-19
515.863,1.39238e-19
515.888,1.34567e-19
515.914,1.32466e-19
515.94,1.34739e-19
515.965,1.34487e-19
515.991,1.36034e-19
516.017,1.40264e-19
516.042,1.42161e-19
516.068,1.44214e-19
516.094,1.43671e-19
516.119,1.42677e-19
516.145,1.43852e-19
516.171,1.43034e-19
516.196,1.39597e-19
516.222,1.40441e-19
516.248,1.44008e-19
516.274,1.45618e-19
516.299,1.49335e-19
516.325,1.4766e-19
516.351,1.41543e-19
516.376,1.42128e-19
516.402,1.49589e-19
516.428,1.57146e-19
516.454,1.55849e-19
516.479,1.48352e-19
516.505,1.38198e-19
516.531,1.33162e-19
516.557,1.36261e-19
516.582,1.35604e-19
516.608,1.29673e-19
516.634,1.23469e-19
516.659,1.23794e-19
516.685,1.27718e-19
516.711,1.29462e-19
516.737,1.31416e-19
516.762,1.30717e-19
516.788,1.32e-19
516.814,1.30907e-19
516.84,1.21792e-19
516.866,1.16287e-19
516.891,1.15589e-19
516.917,1.15549e-19
516.943,1.15425e-19
516.969,1.16868e-19
516.994,1.20413e-19
517.02,1.19097e-19
517.046,1.17364e-19
517.072,1.24536e-19
517.098,1.31023e-19
517.123,1.30727e-19
517.149,1.27248e-19
517.175,1.26945e-19
517.201,1.3235e-19
517.227,1.28775e-19
517.252,1.27216e-19
517.278,1.348e-19
517.304,1.34848e-19
517.33,1.35556e-19
517.356,1.35851e-19
517.381,1.32338e-19
517.407,1.31562e-19
517.433,1.31772e-19
517.459,1.31411e-19
517.485,1.27055e-19
517.511,1.23866e-19
517.536,1.2268e-19
517.562,1.2013e-19
517.588,1.17188e-19
517.614,1.1552e-19
517.64,1.18109e-19
517.666,1.22626e-19
517.691,1.28675e-19
517.717,1.32962e-19
517.743,1.28138e-19
517.769,1.2709e-19
517.795,1.44331e-19
517.821,1.57391e-19
517.847,1.51379e-19
517.872,1.42008e-19
517.898,1.40487e-19
517.924,1.50013e-19
517.95,1.52857e-19
517.976,1.51649e-19
518.002,1.55652e-19
518.028,1.56959e-19
518.054,1.55906e-19
518.08,1.49299e-19
518.105,1.47274e-19
518.131,1.53087e-19
518.157,1.619e-19
518.183,1.64871e-19
518.209,1.61577e-19
518.235,1.70346e-19
518.261,1.81404e-19
518.287,1.8784e-19
518.313,1.97865e-19
518.339,2.09995e-19
518.364,2.10469e-19
518.39,2.00989e-19
518.416,1.92496e-19
518.442,1.90019e-19
518.468,2.04617e-19
518.494,2.06181e-19
518.52,1.95522e-19
518.546,1.97191e-19
518.572,2.07258e-19
518.598,2.18434e-19
518.624,2.07073e-19
518.65,1.98736e-19
518.676,1.96372e-19
518.702,1.84263e-19
518.728,1.72377e-19
518.754,1.649e-19
518.779,1.74634e-19
518.805,1.75812e-19
518.831,1.70206e-19
518.857,1.74742e-19
518.883,1.69383e-19
518.909,1.59909e-19
518.935,1.55909e-19
518.961,1.59245e-19
518.987,1.64423e-19
519.013,1.73146e-19
519.039,1.79958e-19
519.065,1.78584e-19
519.091,1.81171e-19
519.117,1.85372e-19
519.143,1.91096e-19
519.169,1.89787e-19
519.195,1.80853e-19
519.221,1.77393e-19
519.247,1.81701e-19
519.273,1.90218e-19
519.299,1.90469e-19
519.325,1.84457e-19
519.351,1.79222e-19
519.377,1.74974e-19
519.403,1.74263e-19
519.429,1.77778e-19
519.455,1.83376e-19
519.481,1.92063e-19
519.507,1.98009e-19
519.533,1.90141e-19
519.559,1.77463e-19
519.585,1.74858e-19
519.612,1.78651e-19
519.638,1.70606e-19
519.664,1.61947e-19
519.69,1.62106e-19
519.716,1.67153e-19
519.742,1.84147e-19
519.768,1.92575e-19
519.794,1.92633e-19
519.82,1.9329e-19
519.846,1.8648e-19
519.872,1.79739e-19
519.898,1.73821e-19
519.924,1.83146e-19
519.95,1.96768e-19
519.976,1.98838e-19
520.002,1.99987e-19
520.029,1.88998e-19
520.055,1.81824e-19
520.081,1.84755e-19
520.107,1.82435e-19
520.133,1.87479e-19
520.159,1.91344e-19
520.185,1.84875e-19
520.211,1.80152e-19
520.237,1.72632e-19
520.263,1.68254e-19
520.29,1.63392e-19
520.316,1.5354e-19
520.342,1.5703e-19
520.368,1.60649e-19
520.394,1.59113e-19
520.42,1.65999e-19
520.446,1.65879e-19
520.472,1.58324e-19
520.498,1.58398e-19
520.525,1.64042e-19
520.551,1.64481e-19
520.577,1.58145e-19
520.603,1.53884e-19
520.629,1.54233e-19
520.655,1.57528e-19
520.681,1.61244e-19
520.708,1.60252e-19
520.734,1.57546e-19
520.76,1.57384e-19
520.786,1.59946e-19
520.812,1.60054e-19
520.838,1.54098e-19
520.865,1.55909e-19
520.891,1.58827e-19
520.917,1.60091e-19
520.943,1.65859e-19
520.969,1.57383e-19
520.995,1.52289e-19
521.022,1.54125e-19
521.048,1.48534e-19
521.074,1.45575e-19
521.1,1.3764e-19
521.126,1.3177e-19
521.153,1.34169e-19
521.179,1.35846e-19
521.205,1.36579e-19
521.231,1.36276e-19
521.257,1.34687e-19
521.284,1.30728e-19
521.31,1.29741e-19
521.336,1.34811e-19
521.362,1.39138e-19
521.389,1.3886e-19
521.415,1.42102e-19
521.441,1.44799e-19
521.467,1.44076e-19
521.493,1.50437e-19
521.52,1.52114e-19
521.546,1.45986e-19
521.572,1.40911e-19
521.598,1.39972e-19
521.625,1.41229e-19
521.651,1.37634e-19
521.677,1.36112e-19
521.703,1.38375e-19
521.73,1.36373e-19
521.756,1.31399e-19
521.782,1.33756e-19
521.808,1.38347e-19
521.835,1.36409e-19
521.861,1.32044e-19
521.887,1.33538e-19
521.913,1.4916e-19
521.94,1.55437e-19
521.966,1.42392e-19
521.992,1.31958e-19
522.019,1.33646e-19
522.045,1.43709e-19
522.071,1.42194e-19
522.097,1.35642e-19
522.124,1.37107e-19
522.15,1.39979e-19
522.176,1.42438e-19
522.203,1.41139e-19
522.229,1.36849e-19
522.255,1.32225e-19
522.282,1.2664e-19
522.308,1.24064e-19
522.334,1.28541e-19
522.361,1.31955e-19
522.387,1.32666e-19
522.413,1.35905e-19
522.439,1.39933e-19
522.466,1.43627e-19
522.492,1.40633e-19
522.518,1.37261e-19
522.545,1.35404e-19
522.571,1.33464e-19
522.597,1.42617e-19
522.624,1.52651e-19
522.65,1.53747e-19
522.677,1.51677e-19
522.703,1.4932e-19
522.729,1.49142e-19
522.756,1.48683e-19
522.782,1.4801e-19
522.808,1.48087e-19
522.835,1.43007e-19
522.861,1.40907e-19
522.887,1.48796e-19
522.914,1.51779e-19
522.94,1.46316e-19
522.967,1.40743e-19
522.993,1.49315e-19
523.019,1.67848e-19
523.046,1.67701e-19
523.072,1.58447e-19
523.098,1.50544e-19
523.125,1.41681e-19
523.151,1.42886e-19
523.178,1.54525e-19
523.204,1.66905e-19
523.23,1.68219e-19
523.257,1.5501e-19
523.283,1.34714e-19
523.31,1.24131e-19
523.336,1.27576e-19
523.363,1.32711e-19
523.389,1.31809e-19
523.415,1.25922e-19
523.442,1.29825e-19
523.468,1.33389e-19
523.495,1.22278e-19
523.521,1.23289e-19
523.548,1.35668e-19
523.574,1.40033e-19
523.6,1.41855e-19
523.627,1.41469e-19
523.653,1.37508e-19
523.68,1.34036e-19
523.706,1.35842e-19
523.733,1.41575e-19
523.759,1.44738e-19
523.786,1.39942e-19
523.812,1.30884e-19
523.839,1.31294e-19
523.865,1.33833e-19
523.891,1.44602e-19
523.918,1.63608e-19
523.944,1.59171e-19
523.971,1.50057e-19
523.997,1.47303e-19
524.024,1.45669e-19
524.05,1.47592e-19
524.077,1.43127e-19
524.103,1.4345e-19
524.13,1.46735e-19
524.156,1.5177e-19
524.183,1.60638e-19
524.209,1.62999e-19
524.236,1.66264e-19
524.262,1.65525e-19
524.289,1.54262e-19
524.315,1.49916e-19
524.342,1.59477e-19
524.368,1.63514e-19
524.395,1.59494e-19
524.422,1.58018e-19
524.448,1.62553e-19
524.475,1.74291e-19
524.501,1.75625e-19
524.528,1.6538e-19
524.554,1.63902e-19
524.581,1.77469e-19
524.607,1.78349e-19
524.634,1.71201e-19
524.66,1.79629e-19
524.687,1.79974e-19
524.713,1.90093e-19
524.74,2.07391e-19
524.767,2.03343e-19
524.793,2.08779e-19
524.82,2.22889e-19
524.846,2.27065e-19
524.873,2.31229e-19
524.899,2.42964e-19
524.926,2.35661e-19
524.953,2.17793e-19
524.979,2.13304e-19
525.006,2.08077e-19
525.032,2.11172e-19
525.059,2.17788e-19
525.086,2.22727e-19
525.112,2.29674e-19
525.139,2.29888e-19
525.165,2.27941e-19
525.192,2.27968e-19
525.219,2.37193e-19
525.245,2.36568e-19
525.272,2.2592e-19
525.298,2.2979e-19
525.325,2.37067e-19
525.352,2.38806e-19
525.378,2.43739e-19
525.405,2.45673e-19
525.432,2.28846e-19
525.458,2.23786e-19
525.485,2.34567e-19
525.511,2.24093e-19
525.538,2.15649e-19
525.565,2.15306e-19
525.591,2.06052e-19
525.618,2.04732e-19
525.645,2.02779e-19
525.671,1.95621e-19
525.698,1.97553e-19
525.725,1.99775e-19
525.751,2.07443e-19
525.778,2.14336e-19
525.805,2.03429e-19
525.831,2.03134e-19
525.858,2.1246e-19
525.885,2.0966e-19
525.911,2.12598e-19
525.938,2.24598e-19
525.965,2.2593e-19
525.991,2.09739e-19
526.018,1.95601e-19
526.045,1.97806e-19
526.071,1.96927e-19
526.098,1.92908e-19
526.125,1.9773e-19
526.151,2.00857e-19
526.178,2.06039e-19
526.205,2.13547e-19
526.232,2.19452e-19
526.258,2.18723e-19
526.285,2.13017e-19
526.312,2.18389e-19
526.338,2.19006e-19
526.365,2.11174e-19
526.392,2.05949e-19
526.419,2.05255e-19
526.445,2.11393e-19
526.472,2.15067e-19
526.499,2.12172e-19
526.526,2.04897e-19
526.552,2.12756e-19
526.579,2.25384e-19
526.606,2.19448e-19
526.633,2.12046e-19
526.659,2.06268e-19
526.686,2.05544e-19
526.713,2.03941e-19
526.74,1.93242e-19
526.766,1.85895e-19
526.793,1.84112e-19
526.82,1.81804e-19
526.847,1.86035e-19
526.873,1.94399e-19
526.9,1.83439e-19
526.927,1.72249e-19
526.954,1.70669e-19
526.981,1.65261e-19
527.007,1.64337e-19
527.034,1.65377e-19
527.061,1.63234e-19
527.088,1.54408e-19
527.115,1.45215e-19
527.141,1.46392e-19
527.168,1.52719e-19
527.195,1.5251e-19
527.222,1.53412e-19
527.249,1.61823e-19
527.275,1.61542e-19
527.302,1.58913e-19
527.329,1.5848e-19
527.356,1.65027e-19
527.383,1.73673e-19
527.41,1.67325e-19
527.436,1.67683e-19
527.463,1.75197e-19
527.49,1.80293e-19
527.517,1.76944e-19
527.544,1.64458e-19
527.571,1.67515e-19
527.597,1.76184e-19
527.624,1.73655e-19
527.651,1.75841e-19
527.678,1.76591e-19
527.705,1.67609e-19
527.732,1.71302e-19
527.759,1.79412e-19
527.785,1.82967e-19
527.812,1.79492e-19
527.839,1.66426e-19
527.866,1.73241e-19
527.893,1.83706e-19
527.92,1.81498e-19
527.947,1.78778e-19
527.974,1.82813e-19
528,1.9006e-19
528.027,1.78399e-19
528.054,1.73538e-19
528.081,1.75653e-19
528.108,1.73431e-19
528.135,1.7594e-19
528.162,1.70249e-19
528.189,1.62664e-19
528.216,1.55795e-19
528.243,1.57489e-19
528.269,1.70659e-19
528.296,1.74109e-19
528.323,1.62333e-19
528.35,1.61272e-19
528.377,1.67605e-19
528.404,1.59956e-19
528.431,1.61611e-19
528.458,1.55275e-19
528.485,1.4603e-19
528.512,1.56981e-19
528.539,1.56592e-19
528.566,1.55736e-19
528.593,1.56607e-19
528.62,1.53034e-19
528.647,1.54805e-19
528.674,1.48704e-19
528.701,1.44145e-19
528.728,1.45528e-19
528.754,1.41309e-19
528.781,1.39817e-19
528.808,1.4786e-19
528.835,1.49064e-19
528.862,1.46319e-19
528.889,1.47112e-19
528.916,1.43747e-19
528.943,1.45291e-19
528.97,1.43601e-19
528.997,1.40688e-19
529.024,1.44717e-19
529.051,1.41234e-19
529.078,1.44101e-19
529.105,1.51042e-19
529.132,1.44351e-19
529.159,1.42804e-19
529.186,1.46986e-19
529.213,1.45238e-19
529.24,1.45726e-19
529.267,1.49506e-19
529.294,1.49962e-19
529.321,1.45543e-19
529.348,1.42705e-19
529.375,1.4496e-19
529.402,1.49668e-19
529.43,1.47629e-19
529.457,1.35791e-19
529.484,1.29736e-19
529.511,1.25526e-19
529.538,1.20446e-19
529.565,1.24718e-19
529.592,1.29483e-19
529.619,1.31335e-19
529.646,1.32627e-19
529.673,1.32732e-19
529.7,1.34223e-19
529.727,1.33448e-19
529.754,1.30793e-19
529.781,1.409e-19
529.808,1.50911e-19
529.835,1.38873e-19
529.862,1.36608e-19
529.89,1.42011e-19
529.917,1.39245e-19
529.944,1.46934e-19
529.971,1.47973e-19
529.998,1.42061e-19
530.025,1.42578e-19
530.052,1.42642e-19
530.079,1.4175e-19
530.106,1.45303e-19
530.133,1.59488e-19
530.161,1.59397e-19
530.188,1.55768e-19
530.215,1.63146e-19
530.242,1.55162e-19
530.269,1.56931e-19
530.296,1.67346e-19
530.323,1.67091e-19
530.35,1.67152e-19
530.378,1.59224e-19
530.405,1.53702e-19
530.432,1.5602e-19
530.459,1.63822e-19
530.486,1.71217e-19
530.513,1.6736e-19
530.54,1.5731e-19
530.567,1.44915e-19
530.595,1.40651e-19
530.622,1.36161e-19
530.649,1.3611e-19
530.676,1.44354e-19
530.703,1.40643e-19
530.73,1.38427e-19
530.758,1.3851e-19
530.785,1.38802e-19
530.812,1.40704e-19
530.839,1.38677e-19
530.866,1.39256e-19
530.894,1.38667e-19
530.921,1.47135e-19
530.948,1.53119e-19
530.975,1.44021e-19
531.002,1.41645e-19
531.029,1.44884e-19
531.057,1.46268e-19
531.084,1.44435e-19
531.111,1.45015e-19
531.138,1.49234e-19
531.166,1.54607e-19
531.193,1.57933e-19
531.22,1.52891e-19
531.247,1.50947e-19
531.274,1.51264e-19
531.302,1.52683e-19
531.329,1.55677e-19
531.356,1.49607e-19
531.383,1.43296e-19
531.411,1.38871e-19
531.438,1.38092e-19
531.465,1.45247e-19
531.492,1.48491e-19
531.52,1.52173e-19
531.547,1.53213e-19
531.574,1.4623e-19
531.601,1.51514e-19
531.629,1.63241e-19
531.656,1.64359e-19
531.683,1.56683e-19
531.71,1.51949e-19
531.738,1.5633e-19
531.765,1.56351e-19
531.792,1.51402e-19
531.819,1.47148e-19
531.847,1.48321e-19
531.874,1.52379e-19
531.901,1.49685e-19
531.929,1.47987e-19
531.956,1.47784e-19
531.983,1.49872e-19
532.011,1.52232e-19
532.038,1.49511e-19
532.065,1.49327e-19
532.092,1.51948e-19
532.12,1.51971e-19
532.147,1.50728e-19
532.174,1.57014e-19
532.202,1.67165e-19
532.229,1.69873e-19
532.256,1.60842e-19
532.284,1.50535e-19
532.311,1.46924e-19
532.338,1.51608e-19
532.366,1.68261e-19
532.393,1.71561e-19
532.42,1.63395e-19
532.448,1.55719e-19
532.475,1.51244e-19
532.502,1.64587e-19
532.53,1.62203e-19
532.557,1.54118e-19
532.584,1.69263e-19
532.612,1.76892e-19
532.639,1.67327e-19
532.667,1.52796e-19
532.694,1.45742e-19
532.721,1.48415e-19
532.749,1.53988e-19
532.776,1.54862e-19
532.803,1.52045e-19
532.831,1.52828e-19
532.858,1.48848e-19
532.886,1.43469e-19
532.913,1.44597e-19
532.94,1.46278e-19
532.968,1.42631e-19
532.995,1.39244e-19
533.023,1.38949e-19
533.05,1.39212e-19
533.077,1.40479e-19
533.105,1.39811e-19
533.132,1.44522e-19
533.16,1.52265e-19
533.187,1.55519e-19
533.214,1.58179e-19
533.242,1.60934e-19
533.269,1.59712e-19
533.297,1.4943e-19
533.324,1.4428e-19
533.352,1.43116e-19
533.379,1.37821e-19
533.407,1.34961e-19
533.434,1.30485e-19
533.461,1.29493e-19
533.489,1.26116e-19
533.516,1.14975e-19
533.544,1.11453e-19
533.571,1.14995e-19
533.599,1.18244e-19
533.626,1.20728e-19
533.654,1.24111e-19
533.681,1.22092e-19
533.709,1.18582e-19
533.736,1.22217e-19
533.764,1.19578e-19
533.791,1.17318e-19
533.818,1.20704e-19
533.846,1.18142e-19
533.873,1.19087e-19
533.901,1.20594e-19
533.928,1.20057e-19
533.956,1.25607e-19
533.983,1.33463e-19
534.011,1.40176e-19
534.038,1.38668e-19
534.066,1.30955e-19
534.093,1.26057e-19
534.121,1.22714e-19
534.149,1.16856e-19
534.176,1.15545e-19
534.204,1.16853e-19
534.231,1.14407e-19
534.259,1.17767e-19
534.286,1.17149e-19
534.314,1.18737e-19
534.341,1.26595e-19
534.369,1.22436e-19
534.396,1.23487e-19
534.424,1.26498e-19
534.451,1.22034e-19
534.479,1.1799e-19
534.507,1.10246e-19
534.534,1.05212e-19
534.562,1.05133e-19
534.589,1.0466e-19
534.617,1.06185e-19
534.644,1.14518e-19
534.672,1.1549e-19
534.7,1.0667e-19
534.727,1.04302e-19
534.755,1.06179e-19
534.782,1.06036e-19
534.81,1.02927e-19
534.837,1.05574e-19
534.865,1.08513e-19
534.893,1.05257e-19
534.92,1.03793e-19
534.948,1.01375e-19
534.975,9.85114e-20
535.003,9.50745e-20
535.031,9.11616e-20
535.058,8.69152e-20
535.086,8.64391e-20
535.114,8.64293e-20
535.141,8.1112e-20
535.169,7.88586e-20
535.196,7.39418e-20
535.224,7.28957e-20
535.252,7.82284e-20
535.279,7.76602e-20
535.307,7.83343e-20
535.335,8.09258e-20
535.362,8.03038e-20
535.39,8.00572e-20
535.417,8.16425e-20
535.445,7.68669e-20
535.473,7.39685e-20
535.5,7.85362e-20
535.528,7.94628e-20
535.556,8.11438e-20
535.583,8.3026e-20
535.611,8.49447e-20
535.639,8.58664e-20
535.666,8.42858e-20
535.694,8.32297e-20
535.722,7.87983e-20
535.75,7.75572e-20
535.777,8.00432e-20
535.805,8.29979e-20
535.833,8.09268e-20
535.86,7.70902e-20
535.888,8.10714e-20
535.916,7.88044e-20
535.943,7.50766e-20
535.971,8.1069e-20
535.999,8.31235e-20
536.027,7.98423e-20
536.054,8.40631e-20
536.082,9.24854e-20
536.11,9.44831e-20
536.137,9.46405e-20
536.165,9.65377e-20
536.193,9.85399e-20
536.221,9.60933e-20
536.248,8.88474e-20
536.276,8.48143e-20
536.304,8.44189e-20
536.332,8.6224e-20
536.359,8.96558e-20
536.387,9.39848e-20
536.415,9.66648e-20
536.443,9.66516e-20
536.47,9.63173e-20
536.498,9.1884e-20
536.526,8.70715e-20
536.554,8.53778e-20
536.581,8.30097e-20
536.609,8.24272e-20
536.637,8.0042e-20
536.665,7.73753e-20
536.692,8.12957e-20
536.72,8.29847e-20
536.748,7.97684e-20
536.776,7.77747e-20
536.804,7.67209e-20
536.831,7.45577e-20
536.859,7.43107e-20
536.887,7.82983e-20
536.915,7.98662e-20
536.943,7.82832e-20
536.97,7.81623e-20
536.998,8.05393e-20
537.026,7.9313e-20
537.054,7.59405e-20
537.082,7.88891e-20
537.11,8.20691e-20
537.137,8.71402e-20
537.165,8.98644e-20
537.193,8.58508e-20
537.221,8.68186e-20
537.249,8.55634e-20
537.277,8.14733e-20
537.304,8.24024e-20
537.332,8.38719e-20
537.36,8.22927e-20
537.388,7.93381e-20
537.416,7.69169e-20
537.444,7.71771e-20
537.472,8.10264e-20
537.499,8.22225e-20
537.527,8.32612e-20
537.555,8.15979e-20
537.583,7.7041e-20
537.611,7.76461e-20
537.639,7.95678e-20
537.667,8.78251e-20
537.695,9.11294e-20
537.722,8.08827e-20
537.75,7.74309e-20
537.778,8.01941e-20
537.806,8.30197e-20
537.834,8.71547e-20
537.862,8.85934e-20
537.89,9.1653e-20
537.918,1.03147e-19
537.946,1.12153e-19
537.974,1.13358e-19
538.001,1.15841e-19
538.029,1.19893e-19
538.057,1.24409e-19
538.085,1.20984e-19
538.113,1.10335e-19
538.141,1.05008e-19
538.169,1.04101e-19
538.197,1.08013e-19
538.225,1.14537e-19
538.253,1.1258e-19
538.281,1.11116e-19
538.309,1.18578e-19
538.337,1.21882e-19
538.365,1.30182e-19
538.393,1.41684e-19
538.421,1.37936e-19
538.449,1.36393e-19
538.477,1.38431e-19
538.505,1.36432e-19
538.532,1.30619e-19
538.56,1.24293e-19
538.588,1.24552e-19
538.616,1.19061e-19
538.644,1.15424e-19
538.672,1.21255e-19
538.7,1.22143e-19
538.728,1.17454e-19
538.756,1.11906e-19
538.784,1.09877e-19
538.812,1.10068e-19
538.84,1.07992e-19
538.868,1.09901e-19
538.896,1.20399e-19
538.924,1.24823e-19
538.952,1.2294e-19
538.98,1.26162e-19
539.008,1.19152e-19
539.037,1.1261e-19
539.065,1.1706e-19
539.093,1.21507e-19
539.121,1.35546e-19
539.149,1.41668e-19
539.177,1.32257e-19
539.205,1.32601e-19
539.233,1.34904e-19
539.261,1.30752e-19
539.289,1.22596e-19
539.317,1.22962e-19
539.345,1.39611e-19
539.373,1.40045e-19
539.401,1.2072e-19
539.429,1.14051e-19
539.457,1.1424e-19
539.485,1.06246e-19
539.513,9.94219e-20
539.541,1.01756e-19
539.57,1.06538e-19
539.598,1.05725e-19
539.626,9.9244e-20
539.654,9.63018e-20
539.682,1.0288e-19
539.71,1.06286e-19
539.738,1.06566e-19
539.766,1.07452e-19
539.794,9.74086e-20
539.822,9.19761e-20
539.851,9.44255e-20
539.879,9.37429e-20
539.907,9.64901e-20
539.935,9.57945e-20
539.963,9.58708e-20
539.991,1.00133e-19
540.019,9.76861e-20
540.047,9.41275e-20
540.075,9.27288e-20
540.104,9.15553e-20
540.132,8.80611e-20
540.16,8.34038e-20
540.188,7.95061e-20
540.216,7.87768e-20
540.244,8.36614e-20
540.273,8.46529e-20
540.301,8.1583e-20
540.329,7.92862e-20
540.357,7.88756e-20
540.385,8.05698e-20
540.413,7.83812e-20
540.441,7.51298e-20
540.47,7.47071e-20
540.498,7.39335e-20
540.526,7.16035e-20
540.554,6.98305e-20
540.582,7.10266e-20
540.611,7.39632e-20
540.639,7.39877e-20
540.667,7.34721e-20
540.695,7.65593e-20
540.723,7.68491e-20
540.752,7.50444e-20
540.78,7.76534e-20
540.808,8.31418e-20
540.836,8.33175e-20
540.864,7.97338e-20
540.893,8.1888e-20
540.921,8.25635e-20
540.949,8.28777e-20
540.977,8.69626e-20
541.006,8.70694e-20
541.034,8.72452e-20
541.062,8.70383e-20
541.09,8.62931e-20
541.118,8.86269e-20
541.147,9.10266e-20
541.175,9.60964e-20
541.203,1.01961e-19
541.231,1.02241e-19
541.26,9.64971e-20
541.288,9.1369e-20
541.316,9.05754e-20
541.345,8.93351e-20
541.373,9.44844e-20
541.401,1.02287e-19
541.429,1.01033e-19
541.458,1.01811e-19
541.486,1.02292e-19
541.514,1.08302e-19
541.542,1.25748e-19
541.571,1.32206e-19
541.599,1.33753e-19
541.627,1.32135e-19
541.656,1.24934e-19
541.684,1.22587e-19
541.712,1.19542e-19
541.741,1.27636e-19
541.769,1.3959e-19
541.797,1.34712e-19
541.825,1.29662e-19
541.854,1.27338e-19
541.882,1.20604e-19
541.91,1.17959e-19
541.939,1.19584e-19
541.967,1.22803e-19
541.995,1.33337e-19
542.024,1.4459e-19
542.052,1.44983e-19
542.08,1.37439e-19
542.109,1.28314e-19
542.137,1.25541e-19
542.166,1.33768e-19
542.194,1.45377e-19
542.222,1.52464e-19
542.251,1.52253e-19
542.279,1.43431e-19
542.307,1.37475e-19
542.336,1.43619e-19
542.364,1.48755e-19
542.392,1.41733e-19
542.421,1.39367e-19
542.449,1.42746e-19
542.478,1.3523e-19
542.506,1.30566e-19
542.534,1.33941e-19
542.563,1.35643e-19
542.591,1.33695e-19
542.62,1.33605e-19
542.648,1.37053e-19
542.676,1.34521e-19
542.705,1.3778e-19
542.733,1.44012e-19
542.762,1.49133e-19
542.79,1.51978e-19
542.818,1.41974e-19
542.847,1.46977e-19
542.875,1.54247e-19
542.904,1.42427e-19
542.932,1.39199e-19
542.961,1.45238e-19
542.989,1.42435e-19
543.017,1.38298e-19
543.046,1.48909e-19
543.074,1.60403e-19
543.103,1.65758e-19
543.131,1.62987e-19
543.16,1.52762e-19
543.188,1.42869e-19
543.217,1.38342e-19
543.245,1.41353e-19
543.274,1.30169e-19
543.302,1.30625e-19
543.33,1.4511e-19
543.359,1.44262e-19
543.387,1.42275e-19
543.416,1.34684e-19
543.444,1.38641e-19
543.473,1.46422e-19
543.501,1.46152e-19
543.53,1.46867e-19
543.558,1.3956e-19
543.587,1.44191e-19
543.615,1.40903e-19
543.644,1.3553e-19
543.672,1.39693e-19
543.701,1.29827e-19
543.729,1.29361e-19
543.758,1.32821e-19
543.786,1.32041e-19
543.815,1.29922e-19
543.844,1.23081e-19
543.872,1.21975e-19
543.901,1.20006e-19
543.929,1.17607e-19
543.958,1.17034e-19
543.986,1.2246e-19
544.015,1.29742e-19
544.043,1.25446e-19
544.072,1.23356e-19
544.1,1.27026e-19
544.129,1.27383e-19
544.158,1.25125e-19
544.186,1.20523e-19
544.215,1.14809e-19
544.243,1.0966e-19
544.272,1.08409e-19
544.3,1.09936e-19
544.329,1.1075e-19
544.358,1.1504e-19
544.386,1.16815e-19
544.415,1.11868e-19
544.443,1.11737e-19
544.472,1.16314e-19
544.5,1.2062e-19
544.529,1.25421e-19
544.558,1.2779e-19
544.586,1.24325e-19
544.615,1.20904e-19
544.644,1.2411e-19
544.672,1.31267e-19
544.701,1.37371e-19
544.729,1.33181e-19
544.758,1.24373e-19
544.787,1.2513e-19
544.815,1.27174e-19
544.844,1.30329e-19
544.872,1.39483e-19
544.901,1.408e-19
544.93,1.41209e-19
544.958,1.43109e-19
544.987,1.37448e-19
545.016,1.40594e-19
545.044,1.53638e-19
545.073,1.69444e-19
545.102,1.75509e-19
545.13,1.68422e-19
545.159,1.69788e-19
545.188,1.7017e-19
545.216,1.61831e-19
545.245,1.4941e-19
545.274,1.50921e-19
545.302,1.63982e-19
545.331,1.51114e-19
545.36,1.36408e-19
545.388,1.37912e-19
545.417,1.41096e-19
545.446,1.38733e-19
545.475,1.29024e-19
545.503,1.26607e-19
545.532,1.32881e-19
545.561,1.39865e-19
545.589,1.36274e-19
545.618,1.26825e-19
545.647,1.21481e-19
545.676,1.18527e-19
545.704,1.20983e-19
545.733,1.18969e-19
545.762,1.14961e-19
545.79,1.11464e-19
545.819,1.07383e-19
545.848,1.12158e-19
545.877,1.14758e-19
545.905,1.12399e-19
545.934,1.10905e-19
545.963,1.07113e-19
545.992,1.06506e-19
546.02,1.12455e-19
546.049,1.17721e-19
546.078,1.14442e-19
546.107,1.08324e-19
546.135,1.08713e-19
546.164,1.12656e-19
546.193,1.18065e-19
546.222,1.22663e-19
546.251,1.19004e-19
546.279,1.1348e-19
546.308,1.13854e-19
546.337,1.14273e-19
546.366,1.08313e-19
546.394,1.04071e-19
546.423,1.01311e-19
546.452,9.44889e-20
546.481,9.25952e-20
546.51,8.9596e-20
546.539,9.22935e-20
546.567,1.00947e-19
546.596,9.42655e-20
546.625,9.05667e-20
546.654,9.56779e-20
546.683,9.80285e-20
546.711,1.02586e-19
546.74,1.0415e-19
546.769,9.4626e-20
546.798,8.74136e-20
546.827,9.16732e-20
546.856,9.65303e-20
546.884,1.06442e-19
546.913,1.12516e-19
546.942,1.06695e-19
546.971,1.08231e-19
547,1.11514e-19
547.029,1.07317e-19
547.058,9.92812e-20
547.086,9.52267e-20
547.115,9.78104e-20
547.144,1.09716e-19
547.173,1.31719e-19
547.202,1.42601e-19
547.231,1.40604e-19
547.26,1.39348e-19
547.289,1.35526e-19
547.318,1.3271e-19
547.346,1.31938e-19
547.375,1.22764e-19
547.404,1.21606e-19
547.433,1.29277e-19
547.462,1.24391e-19
547.491,1.26598e-19
547.52,1.33026e-19
547.549,1.32797e-19
547.578,1.37585e-19
547.607,1.32695e-19
547.636,1.25053e-19
547.664,1.33395e-19
547.693,1.42915e-19
547.722,1.43526e-19
547.751,1.45995e-19
547.78,1.40246e-19
547.809,1.26808e-19
547.838,1.23215e-19
547.867,1.26645e-19
547.896,1.32829e-19
547.925,1.34592e-19
547.954,1.32792e-19
547.983,1.26551e-19
548.012,1.22597e-19
548.041,1.28999e-19
548.07,1.26357e-19
548.099,1.25577e-19
548.128,1.31865e-19
548.157,1.34057e-19
548.186,1.39955e-19
548.215,1.34715e-19
548.244,1.23472e-19
548.273,1.24424e-19
548.302,1.2401e-19
548.331,1.20166e-19
548.36,1.16517e-19
548.389,1.1253e-19
548.418,1.17019e-19
548.447,1.16455e-19
548.476,1.09298e-19
548.505,1.10005e-19
548.534,1.1469e-19
548.563,1.2671e-19
548.592,1.37445e-19
548.621,1.42412e-19
548.65,1.43905e-19
548.679,1.35212e-19
548.708,1.27524e-19
548.737,1.22308e-19
548.766,1.19339e-19
548.795,1.2362e-19
548.824,1.27799e-19
548.853,1.21134e-19
548.882,1.16594e-19
548.911,1.19134e-19
548.94,1.14692e-19
548.97,1.18033e-19
548.999,1.28212e-19
549.028,1.35804e-19
549.057,1.41106e-19
549.086,1.36664e-19
549.115,1.35873e-19
549.144,1.37348e-19
549.173,1.35393e-19
549.202,1.40767e-19
549.231,1.48213e-19
549.26,1.44395e-19
549.289,1.39416e-19
549.319,1.3775e-19
549.348,1.28417e-19
549.377,1.24179e-19
549.406,1.25659e-19
549.435,1.25871e-19
549.464,1.25897e-19
549.493,1.20383e-19
549.522,1.15836e-19
549.551,1.18094e-19
549.581,1.21111e-19
549.61,1.17479e-19
549.639,1.16121e-19
549.668,1.18863e-19
549.697,1.19574e-19
549.726,1.15643e-19
549.755,1.04446e-19
549.785,1.03781e-19
549.814,1.08309e-19
549.843,1.04133e-19
549.872,1.03903e-19
549.901,1.0765e-19
549.93,1.06127e-19
549.96,9.90477e-20
549.989,9.79403e-20
550.018,1.0277e-19
550.047,1.05263e-19
550.076,1.06388e-19
550.106,1.04507e-19
550.135,1.03471e-19
550.164,1.06456e-19
550.193,1.05161e-19
550.222,9.95995e-20
550.252,9.9158e-20
550.281,9.93618e-20
550.31,9.91537e-20
550.339,1.02555e-19
550.368,1.03722e-19
550.398,1.05393e-19
550.427,1.05508e-19
550.456,1.01806e-19
550.485,9.85042e-20
550.514,9.45882e-20
550.544,9.56212e-20
550.573,9.80918e-20
550.602,9.47396e-20
550.631,9.31698e-20
550.661,9.44365e-20
550.69,9.56596e-20
550.719,9.79256e-20
550.748,9.63446e-20
550.778,9.54163e-20
550.807,9.97916e-20
550.836,1.00132e-19
550.866,9.6843e-20
550.895,9.77315e-20
550.924,1.01109e-19
550.953,9.58129e-20
550.983,8.70912e-20
551.012,8.73248e-20
551.041,8.6239e-20
551.07,8.1114e-20
551.1,8.04253e-20
551.129,8.28288e-20
551.158,8.42041e-20
551.188,8.41295e-20
551.217,8.52458e-20
551.246,8.52841e-20
551.276,8.36901e-20
551.305,8.42914e-20
551.334,8.49245e-20
551.364,8.18882e-20
551.393,8.0968e-20
551.422,8.43461e-20
551.452,8.48466e-20
551.481,8.4849e-20
551.51,8.77375e-20
551.54,9.01929e-20
551.569,9.12741e-20
551.598,9.17084e-20
551.628,8.98804e-20
551.657,8.6918e-20
551.686,8.75522e-20
551.716,8.98767e-20
551.745,9.14381e-20
551.774,8.93323e-20
551.804,8.8393e-20
551.833,9.28388e-20
551.862,9.05285e-20
551.892,8.82635e-20
551.921,9.15256e-20
551.951,8.88069e-20
551.98,8.60197e-20
552.009,8.59951e-20
552.039,8.46854e-20
552.068,8.52056e-20
552.098,8.51502e-20
552.127,8.47356e-20
552.156,8.89672e-20
552.186,8.96382e-20
552.215,9.04419e-20
552.245,1.02334e-19
552.274,1.06751e-19
552.303,1.02146e-19
552.333,1.06177e-19
552.362,1.1353e-19
552.392,1.13797e-19
552.421,1.06408e-19
552.451,9.94087e-20
552.48,9.55246e-20
552.51,9.60865e-20
552.539,9.85557e-20
552.568,9.74135e-20
552.598,9.63535e-20
552.627,9.44801e-20
552.657,9.22035e-20
552.686,9.28012e-20
552.716,9.7721e-20
552.745,1.00888e-19
552.775,9.81712e-20
552.804,9.50938e-20
552.834,9.35231e-20
552.863,1.02825e-19
552.893,1.18623e-19
552.922,1.29821e-19
552.952,1.36701e-19
552.981,1.34386e-19
553.011,1.23656e-19
553.04,1.0919e-19
553.07,1.04604e-19
553.099,1.08303e-19
553.129,1.14647e-19
553.158,1.20732e-19
553.188,1.19943e-19
553.217,1.29708e-19
553.247,1.29587e-19
553.276,1.13622e-19
553.306,1.1243e-19
553.335,1.11563e-19
553.365,1.08334e-19
553.394,1.08763e-19
553.424,1.06603e-19
553.453,1.0004e-19
553.483,9.21275e-20
553.512,8.76534e-20
553.542,8.38563e-20
553.572,8.70847e-20
553.601,9.22244e-20
553.631,8.94958e-20
553.66,8.56547e-20
553.69,8.93424e-20
553.719,9.56171e-20
553.749,9.31191e-20
553.779,9.67158e-20
553.808,1.04222e-19
553.838,1.00975e-19
553.867,9.77262e-20
553.897,9.79736e-20
553.927,1.0324e-19
553.956,1.05837e-19
553.986,9.62506e-20
554.015,8.94993e-20
554.045,9.11993e-20
554.075,9.12956e-20
554.104,9.21428e-20
554.134,9.6548e-20
554.163,9.82905e-20
554.193,9.67561e-20
554.223,9.29851e-20
554.252,9.20286e-20
554.282,9.13912e-20
554.312,8.74985e-20
554.341,9.01364e-20
554.371,9.522e-20
554.4,9.4147e-20
554.43,9.10424e-20
554.46,8.84531e-20
554.489,8.56772e-20
554.519,8.7648e-20
554.549,8.85006e-20
554.578,8.26797e-20
554.608,8.31925e-20
554.638,8.1584e-20
554.667,7.66767e-20
554.697,7.789e-20
554.727,7.58275e-20
554.756,7.69447e-20
554.786,7.71685e-20
554.816,7.10139e-20
554.846,7.1168e-20
554.875,7.44629e-20
554.905,7.4555e-20
554.935,7.05289e-20
554.964,6.79601e-20
554.994,6.9796e-20
555.024,6.90948e-20
555.053,6.6797e-20
555.083,6.9329e-20
555.113,7.03619e-20
555.143,6.78827e-20
555.172,7.41298e-20
555.202,7.82445e-20
555.232,7.1485e-20
555.262,6.74738e-20
555.291,6.7899e-20
555.321,6.85355e-20
555.351,6.69141e-20
555.381,6.79234e-20
555.41,7.35441e-20
555.44,7.51099e-20
555.47,7.04973e-20
555.5,6.70153e-20
555.529,6.68969e-20
555.559,6.51638e-20
555.589,6.33199e-20
555.619,6.07732e-20
555.648,5.78131e-20
555.678,5.67915e-20
555.708,5.62809e-20
555.738,5.61805e-20
555.768,5.68906e-20
555.797,6.06784e-20
555.827,6.11282e-20
555.857,5.9909e-20
555.887,6.10542e-20
555.917,5.82003e-20
555.946,5.53419e-20
555.976,5.37693e-20
556.006,5.44164e-20
556.036,5.5751e-20
556.066,5.56388e-20
556.096,5.7779e-20
556.125,5.89629e-20
556.155,5.80588e-20
556.185,5.76556e-20
556.215,5.99745e-20
556.245,6.20476e-20
556.275,6.42411e-20
556.304,6.55977e-20
556.334,6.27013e-20
556.364,5.93115e-20
556.394,5.82297e-20
556.424,6.63889e-20
556.454,7.2293e-20
556.484,6.63889e-20
556.513,6.27965e-20
556.543,6.64174e-20
556.573,7.15859e-20
556.603,6.93517e-20
556.633,6.56992e-20
556.663,6.33165e-20
556.693,6.13433e-20
556.723,6.22575e-20
556.753,6.10637e-20
556.782,5.89798e-20
556.812,5.72478e-20
556.842,6.11704e-20
556.872,6.22813e-20
556.902,5.93513e-20
556.932,6.55054e-20
556.962,6.72765e-20
556.992,6.4634e-20
557.022,6.44788e-20
557.052,6.22477e-20
557.082,6.1555e-20
557.112,6.21316e-20
557.141,6.01612e-20
557.171,5.97595e-20
557.201,6.21234e-20
557.231,6.02177e-20
557.261,6.1272e-20
557.291,6.2108e-20
557.321,5.6655e-20
557.351,5.73472e-20
557.381,6.34838e-20
557.411,6.9503e-20
557.441,6.82413e-20
557.471,6.04484e-20
557.501,5.70312e-20
557.531,5.71612e-20
557.561,5.68009e-20
557.591,5.76463e-20
557.621,6.09229e-20
557.651,6.24355e-20
557.681,6.17188e-20
557.711,6.06874e-20
557.741,6.13223e-20
557.771,6.14594e-20
557.801,6.04118e-20
557.831,6.20517e-20
557.861,6.37362e-20
557.891,6.70146e-20
557.921,6.75913e-20
557.951,6.44857e-20
557.981,6.45936e-20
558.011,6.61919e-20
558.041,6.96649e-20
558.071,7.25621e-20
558.101,7.37276e-20
558.131,7.29067e-20
558.161,7.10228e-20
558.191,6.98342e-20
558.221,6.67626e-20
558.252,6.45128e-20
558.282,6.40255e-20
558.312,6.49995e-20
558.342,6.43364e-20
558.372,6.28845e-20
558.402,6.36777e-20
558.432,6.19906e-20
558.462,5.91218e-20
558.492,5.71869e-20
558.522,5.64216e-20
558.552,5.65767e-20
558.582,5.79948e-20
558.612,5.95212e-20
558.643,6.01686e-20
558.673,6.15376e-20
558.703,5.69627e-20
558.733,5.26879e-20
558.763,5.47279e-20
558.793,5.42546e-20
558.823,5.48238e-20
558.853,5.64364e-20
558.884,5.62339e-20
558.914,5.79675e-20
558.944,5.64077e-20
558.974,5.29558e-20
559.004,5.18154e-20
559.034,4.9202e-20
559.064,4.791e-20
559.094,4.83704e-20
559.125,4.62401e-20
559.155,4.47606e-20
559.185,4.59487e-20
559.215,4.57744e-20
559.245,4.41493e-20
559.275,4.36531e-20
559.306,4.4465e-20
559.336,4.61087e-20
559.366,4.61354e-20
559.396,4.7187e-20
559.426,4.99948e-20
559.457,5.07067e-20
559.487,5.33737e-20
559.517,5.45278e-20
559.547,5.27865e-20
559.577,5.31998e-20
559.608,5.09948e-20
559.638,4.96692e-20
559.668,5.1634e-20
559.698,5.21884e-20
559.728,5.23657e-20
559.759,4.98095e-20
559.789,4.73732e-20
559.819,4.77371e-20
559.849,4.68402e-20
559.88,4.7774e-20
559.91,4.85751e-20
559.94,4.87335e-20
559.97,5.27412e-20
560,5.7186e-20
560.031,5.97902e-20
560.061,5.83857e-20
560.091,5.78131e-20
560.122,5.91531e-20
560.152,5.70135e-20
560.182,5.43966e-20
560.212,5.20717e-20
560.243,5.22374e-20
560.273,5.10166e-20
560.303,5.18018e-20
560.333,6.10856e-20
560.364,6.63038e-20
560.394,6.33217e-20
560.424,5.84331e-20
560.455,5.86955e-20
560.485,5.92906e-20
560.515,5.74194e-20
560.545,5.76606e-20
560.576,5.51948e-20
560.606,5.63753e-20
560.636,5.85019e-20
560.667,5.91504e-20
560.697,6.04277e-20
560.727,5.91808e-20
560.758,6.36971e-20
560.788,6.35439e-20
560.818,6.09152e-20
560.849,6.53713e-20
560.879,6.07849e-20
560.909,5.61028e-20
560.94,5.8998e-20
560.97,5.98385e-20
561,6.34403e-20
561.031,6.63988e-20
561.061,6.53013e-20
561.092,6.7336e-20
561.122,7.01526e-20
561.152,7.11679e-20
561.183,6.56187e-20
561.213,6.1163e-20
561.243,6.86624e-20
561.274,6.97438e-20
561.304,6.22217e-20
561.335,6.18324e-20
561.365,6.27129e-20
561.395,6.09343e-20
561.426,6.3499e-20
561.456,6.6902e-20
561.487,6.70733e-20
561.517,6.7912e-20
561.547,6.77804e-20
561.578,6.94647e-20
561.608,7.10221e-20
561.639,7.0287e-20
561.669,7.28268e-20
561.7,7.47019e-20
561.73,7.32979e-20
561.76,6.9485e-20
561.791,7.14724e-20
561.821,7.46736e-20
561.852,6.807e-20
561.882,6.55492e-20
561.913,7.1693e-20
561.943,7.63922e-20
561.974,7.27116e-20
562.004,6.73355e-20
562.035,6.73892e-20
562.065,6.93884e-20
562.095,6.97914e-20
562.126,6.63276e-20
562.156,6.80366e-20
562.187,7.1761e-20
562.217,6.72194e-20
562.248,6.39635e-20
562.278,6.61333e-20
562.309,6.83299e-20
562.339,6.89377e-20
562.37,6.96685e-20
562.4,6.95725e-20
562.431,6.82663e-20
562.461,6.72015e-20
562.492,7.07126e-20
562.522,8.03977e-20
562.553,8.5864e-20
562.584,8.52559e-20
562.614,8.52467e-20
562.645,8.1324e-20
562.675,7.5345e-20
562.706,8.07585e-20
562.736,8.71823e-20
562.767,8.36303e-20
562.797,8.45224e-20
562.828,8.50325e-20
562.858,8.25587e-20
562.889,8.72421e-20
562.92,9.30898e-20
562.95,9.68226e-20
562.981,9.41478e-20
563.011,8.46943e-20
563.042,8.21027e-20
563.072,8.28402e-20
563.103,8.06495e-20
563.134,8.34892e-20
563.164,8.63357e-20
563.195,8.49832e-20
563.225,8.68908e-20
563.256,9.26589e-20
563.287,9.59386e-20
563.317,9.64437e-20
563.348,9.99625e-20
563.378,1.00458e-19
563.409,1.02991e-19
563.44,1.1482e-19
563.47,1.17151e-19
563.501,1.10311e-19
563.532,1.09785e-19
563.562,1.12182e-19
563.593,1.16844e-19
563.623,1.22717e-19
563.654,1.28544e-19
563.685,1.43789e-19
563.715,1.45766e-19
563.746,1.30343e-19
563.777,1.28871e-19
563.807,1.24962e-19
563.838,1.13019e-19
563.869,1.05542e-19
563.899,9.61533e-20
563.93,8.67487e-20
563.961,9.01922e-20
563.991,1.04952e-19
564.022,1.00619e-19
564.053,8.9561e-20
564.083,9.13141e-20
564.114,9.07454e-20
564.145,9.07273e-20
564.176,9.68462e-20
564.206,1.07599e-19
564.237,1.14303e-19
564.268,1.21145e-19
564.298,1.32368e-19
564.329,1.40039e-19
564.36,1.39444e-19
564.39,1.286e-19
564.421,1.27225e-19
564.452,1.24201e-19
564.483,1.2186e-19
564.513,1.28741e-19
564.544,1.22585e-19
564.575,1.28989e-19
564.606,1.34864e-19
564.636,1.22511e-19
564.667,1.2223e-19
564.698,1.21484e-19
564.729,1.16908e-19
564.759,1.13643e-19
564.79,1.08864e-19
564.821,1.03987e-19
564.852,9.76584e-20
564.883,1.03307e-19
564.913,1.13931e-19
564.944,1.09483e-19
564.975,1.00738e-19
565.006,9.54919e-20
565.036,9.23365e-20
565.067,9.37356e-20
565.098,9.1208e-20
565.129,8.94869e-20
565.16,9.39591e-20
565.19,9.34677e-20
565.221,9.3323e-20
565.252,9.30985e-20
565.283,9.11769e-20
565.314,9.35663e-20
565.345,9.43854e-20
565.375,9.79688e-20
565.406,1.03184e-19
565.437,1.00324e-19
565.468,9.56815e-20
565.499,9.59321e-20
565.53,9.60597e-20
565.56,9.23447e-20
565.591,9.38385e-20
565.622,9.51159e-20
565.653,8.89655e-20
565.684,8.75248e-20
565.715,8.55505e-20
565.746,7.94406e-20
565.777,7.51383e-20
565.807,6.77906e-20
565.838,6.39605e-20
565.869,6.57323e-20
565.9,6.41295e-20
565.931,6.18969e-20
565.962,6.31475e-20
565.993,6.47488e-20
566.024,6.2527e-20
566.055,5.86938e-20
566.085,5.79427e-20
566.116,5.81419e-20
566.147,5.55293e-20
566.178,5.28303e-20
566.209,5.23869e-20
566.24,5.30919e-20
566.271,5.38017e-20
566.302,5.1647e-20
566.333,4.91987e-20
566.364,4.75584e-20
566.395,4.77578e-20
566.426,5.19377e-20
566.457,5.1817e-20
566.488,5.30449e-20
566.519,5.65142e-20
566.549,5.45606e-20
566.58,5.94096e-20
566.611,6.31779e-20
566.642,5.99797e-20
566.673,5.91495e-20
566.704,5.54045e-20
566.735,5.39098e-20
566.766,5.62051e-20
566.797,5.87618e-20
566.828,5.77073e-20
566.859,5.21325e-20
566.89,5.20261e-20
566.921,5.35042e-20
566.952,5.43984e-20
566.983,5.3835e-20
567.014,5.17518e-20
567.045,5.06907e-20
567.076,5.00047e-20
567.107,5.3688e-20
567.138,5.2778e-20
567.169,5.23432e-20
567.2,5.56641e-20
567.231,5.70941e-20
567.262,6.60737e-20
567.294,7.4625e-20
567.325,7.90145e-20
567.356,7.78271e-20
567.387,7.4433e-20
567.418,7.4634e-20
567.449,7.01976e-20
567.48,6.8601e-20
567.511,7.04225e-20
567.542,7.35985e-20
567.573,7.17082e-20
567.604,6.86871e-20
567.635,7.46596e-20
567.666,7.38184e-20
567.697,7.329e-20
567.728,7.41871e-20
567.76,7.28924e-20
567.791,7.82074e-20
567.822,7.8202e-20
567.853,7.70677e-20
567.884,7.90264e-20
567.915,7.74809e-20
567.946,7.66394e-20
567.977,7.49485e-20
568.008,7.30766e-20
568.039,7.94369e-20
568.071,8.71224e-20
568.102,8.67303e-20
568.133,8.57964e-20
568.164,8.9791e-20
568.195,9.4211e-20
568.226,8.94738e-20
568.257,8.8686e-20
568.289,9.21265e-20
568.32,8.39773e-20
568.351,8.00281e-20
568.382,8.06596e-20
568.413,8.20272e-20
568.444,8.16983e-20
568.476,7.64374e-20
568.507,7.5329e-20
568.538,7.31495e-20
568.569,7.84926e-20
568.6,8.39285e-20
568.631,7.59598e-20
568.663,7.1541e-20
568.694,6.75279e-20
568.725,6.39116e-20
568.756,6.49892e-20
568.787,6.4916e-20
568.819,6.59844e-20
568.85,6.61095e-20
568.881,6.58476e-20
568.912,6.90339e-20
568.944,7.25388e-20
568.975,7.46931e-20
569.006,7.43486e-20
569.037,7.36978e-20
569.068,7.43007e-20
569.1,7.39155e-20
569.131,7.77475e-20
569.162,8.08913e-20
569.193,7.5372e-20
569.225,7.00273e-20
569.256,6.85358e-20
569.287,6.64272e-20
569.318,6.54082e-20
569.35,7.01106e-20
569.381,7.25769e-20
569.412,6.99085e-20
569.444,7.15147e-20
569.475,7.26485e-20
569.506,6.71554e-20
569.537,6.46658e-20
569.569,6.68145e-20
569.6,6.25779e-20
569.631,6.24248e-20
569.663,7.05188e-20
569.694,7.13753e-20
569.725,6.97926e-20
569.756,7.15562e-20
569.788,7.52221e-20
569.819,7.76403e-20
569.85,7.76274e-20
569.882,7.75785e-20
569.913,7.65074e-20
569.944,7.71601e-20
569.976,7.7338e-20
570.007,8.12622e-20
570.038,8.65626e-20
570.07,8.65604e-20
570.101,9.16837e-20
570.132,9.25861e-20
570.164,8.69253e-20
570.195,8.65656e-20
570.227,8.4125e-20
570.258,8.42762e-20
570.289,8.59644e-20
570.321,8.13911e-20
570.352,7.97614e-20
570.383,7.88681e-20
570.415,8.36165e-20
570.446,9.24463e-20
570.478,9.55574e-20
570.509,1.0243e-19
570.54,1.03495e-19
570.572,1.03734e-19
570.603,1.09288e-19
570.635,1.07341e-19
570.666,1.06436e-19
570.697,1.09895e-19
570.729,1.18642e-19
570.76,1.22211e-19
570.792,1.22278e-19
570.823,1.17973e-19
570.855,9.66926e-20
570.886,8.55776e-20
570.917,8.35393e-20
570.949,8.57774e-20
570.98,9.41725e-20
571.012,9.61669e-20
571.043,1.02822e-19
571.075,1.05507e-19
571.106,1.01561e-19
571.138,1.0234e-19
571.169,1.03098e-19
571.2,1.02943e-19
571.232,9.95442e-20
571.263,9.46765e-20
571.295,9.02821e-20
571.326,9.1978e-20
571.358,9.3178e-20
571.389,8.6588e-20
571.421,8.83564e-20
571.452,9.27569e-20
571.484,8.97754e-20
571.515,9.09081e-20
571.547,9.35154e-20
571.578,9.52336e-20
571.61,1.01529e-19
571.641,1.02811e-19
571.673,9.87974e-20
571.704,9.46736e-20
571.736,9.02856e-20
571.768,9.01059e-20
571.799,9.09555e-20
571.831,9.43845e-20
571.862,9.72473e-20
571.894,9.27209e-20
571.925,8.63752e-20
571.957,8.93676e-20
571.988,1.04851e-19
572.02,1.04837e-19
572.051,9.54094e-20
572.083,1.02555e-19
572.115,1.0452e-19
572.146,1.00804e-19
572.178,1.01583e-19
572.209,9.62194e-20
572.241,9.30957e-20
572.273,9.22566e-20
572.304,8.69214e-20
572.336,8.66653e-20
572.367,8.90481e-20
572.399,8.40164e-20
572.431,7.87877e-20
572.462,7.93957e-20
572.494,7.78947e-20
572.525,7.55707e-20
572.557,8.10278e-20
572.589,8.4552e-20
572.62,7.96048e-20
572.652,7.59559e-20
572.683,7.29817e-20
572.715,6.91184e-20
572.747,6.76564e-20
572.778,6.56043e-20
572.81,6.36443e-20
572.842,6.35443e-20
572.873,6.52696e-20
572.905,7.07658e-20
572.937,7.52226e-20
572.968,7.44593e-20
573,6.8867e-20
573.032,6.59512e-20
573.063,7.4529e-20
573.095,7.84251e-20
573.127,7.1697e-20
573.158,7.16242e-20
573.19,7.32807e-20
573.222,7.2929e-20
573.253,7.48912e-20
573.285,7.00528e-20
573.317,6.31799e-20
573.349,6.43154e-20
573.38,6.41125e-20
573.412,5.96086e-20
573.444,5.79243e-20
573.475,5.85145e-20
573.507,5.92782e-20
573.539,6.02117e-20
573.571,6.17699e-20
573.602,6.08603e-20
573.634,5.90812e-20
573.666,5.89765e-20
573.698,5.69609e-20
573.729,5.79451e-20
573.761,6.03544e-20
573.793,5.96234e-20
573.825,6.16443e-20
573.856,6.12099e-20
573.888,5.57943e-20
573.92,5.29737e-20
573.952,5.17014e-20
573.983,5.20341e-20
574.015,5.2557e-20
574.047,4.99232e-20
574.079,4.90985e-20
574.111,4.82174e-20
574.142,4.7224e-20
574.174,4.9001e-20
574.206,4.84874e-20
574.238,4.87874e-20
574.27,5.03821e-20
574.301,5.00733e-20
574.333,5.09089e-20
574.365,5.13734e-20
574.397,4.86786e-20
574.429,4.67652e-20
574.461,4.88026e-20
574.492,4.81618e-20
574.524,4.58862e-20
574.556,4.74159e-20
574.588,4.81913e-20
574.62,4.65796e-20
574.652,4.40933e-20
574.683,4.20949e-20
574.715,4.10956e-20
574.747,4.27021e-20
574.779,4.58826e-20
574.811,4.66569e-20
574.843,4.64599e-20
574.875,4.64595e-20
574.907,4.99955e-20
574.938,5.46397e-20
574.97,5.27041e-20
575.002,4.90498e-20
575.034,4.82612e-20
575.066,4.77991e-20
575.098,4.57909e-20
575.13,4.29565e-20
575.162,4.11824e-20
575.194,4.09522e-20
575.225,4.17055e-20
575.257,4.19489e-20
575.289,4.2129e-20
575.321,4.27763e-20
575.353,4.51142e-20
575.385,5.0453e-20
575.417,4.944e-20
575.449,4.26822e-20
575.481,4.04331e-20
575.513,3.84115e-20
575.545,3.92893e-20
575.577,4.18885e-20
575.609,3.83563e-20
575.641,3.76774e-20
575.673,3.87115e-20
575.705,3.69674e-20
575.737,3.66502e-20
575.769,3.5996e-20
575.801,3.47251e-20
575.833,3.47957e-20
575.865,3.53861e-20
575.897,3.40218e-20
575.928,3.33391e-20
575.961,3.42913e-20
575.992,3.35966e-20
576.024,3.22605e-20
576.057,3.02078e-20
576.089,2.90976e-20
576.121,3.04493e-20
576.153,3.20051e-20
576.185,3.37845e-20
576.217,3.41446e-20
576.249,3.19423e-20
576.281,3.15671e-20
576.313,3.27693e-20
576.345,3.20807e-20
576.377,3.07267e-20
576.409,2.9932e-20
576.441,3.01449e-20
576.473,3.04553e-20
576.505,3.06599e-20
576.537,3.0741e-20
576.569,3.09312e-20
576.601,3.23026e-20
576.633,3.17243e-20
576.665,3.02901e-20
576.697,3.03934e-20
576.729,3.08192e-20
576.762,2.9833e-20
576.794,2.82494e-20
576.826,2.99771e-20
576.858,3.13729e-20
576.89,3.15163e-20
576.922,3.2933e-20
576.954,3.38119e-20
576.986,3.45448e-20
577.018,3.37441e-20
577.05,3.21217e-20
577.083,3.28525e-20
577.115,3.5002e-20
577.147,3.61972e-20
577.179,3.73802e-20
577.211,3.71267e-20
577.243,3.39238e-20
577.275,3.26294e-20
577.308,3.13133e-20
577.34,2.96038e-20
577.372,3.09014e-20
577.404,3.13937e-20
577.436,3.1437e-20
577.468,3.17739e-20
577.5,3.12261e-20
577.533,3.16011e-20
577.565,3.21027e-20
577.597,3.32495e-20
577.629,3.58279e-20
577.661,3.76285e-20
577.694,3.75773e-20
577.726,3.64571e-20
577.758,3.73996e-20
577.79,4.02367e-20
577.822,4.24885e-20
577.855,4.32996e-20
577.887,4.11761e-20
577.919,3.87418e-20
577.951,3.7208e-20
577.983,3.65649e-20
578.016,3.69913e-20
578.048,3.67069e-20
578.08,3.79842e-20
578.112,3.9054e-20
578.145,3.85065e-20
578.177,3.76869e-20
578.209,3.60035e-20
578.241,3.77411e-20
578.274,4.2401e-20
578.306,4.41982e-20
578.338,4.37647e-20
578.37,4.42813e-20
578.403,4.45021e-20
578.435,4.50246e-20
578.467,4.71436e-20
578.499,4.75131e-20
578.532,4.87709e-20
578.564,5.27476e-20
578.596,5.37079e-20
578.629,5.36244e-20
578.661,5.72752e-20
578.693,5.91567e-20
578.726,5.74305e-20
578.758,5.64725e-20
578.79,5.54003e-20
578.822,5.63383e-20
578.855,6.11667e-20
578.887,6.2256e-20
578.919,5.72924e-20
578.952,5.57321e-20
578.984,5.57034e-20
579.016,5.34552e-20
579.049,5.73954e-20
579.081,6.4097e-20
579.113,6.72528e-20
579.146,6.54495e-20
579.178,5.88481e-20
579.211,5.35121e-20
579.243,5.14509e-20
579.275,5.42986e-20
579.308,5.77374e-20
579.34,5.49158e-20
579.372,5.03619e-20
579.405,5.23577e-20
579.437,5.77165e-20
579.47,5.71961e-20
579.502,5.42836e-20
579.534,5.06176e-20
579.567,4.91671e-20
579.599,5.35747e-20
579.631,5.59655e-20
579.664,5.64236e-20
579.696,5.54704e-20
579.729,5.30135e-20
579.761,5.2441e-20
579.794,5.13264e-20
579.826,5.45251e-20
579.858,6.00108e-20
579.891,5.78258e-20
579.923,5.42867e-20
579.956,5.45324e-20
579.988,5.68841e-20
580.021,5.91516e-20
580.053,5.73533e-20
580.086,5.15746e-20
580.118,4.67366e-20
580.15,4.75103e-20
580.183,4.67749e-20
580.215,4.73761e-20
580.248,5.45586e-20
580.28,5.56337e-20
580.313,5.64736e-20
580.345,5.72453e-20
580.378,5.14176e-20
580.41,5.13437e-20
580.443,5.41298e-20
580.475,5.29594e-20
580.508,5.01928e-20
580.54,4.97861e-20
580.573,5.03899e-20
580.605,4.84663e-20
580.638,4.82816e-20
580.67,4.75335e-20
580.703,4.58357e-20
580.735,4.43545e-20
580.768,4.14445e-20
580.801,4.20367e-20
580.833,4.38013e-20
580.866,4.35695e-20
580.898,4.36115e-20
580.931,4.06854e-20
580.963,3.80581e-20
580.996,3.88002e-20
581.028,3.74757e-20
581.061,3.68601e-20
581.093,3.7636e-20
581.126,3.62706e-20
581.159,3.57691e-20
581.191,3.66784e-20
581.224,3.52016e-20
581.256,3.27739e-20
581.289,3.44156e-20
581.322,3.50302e-20
581.354,3.4049e-20
581.387,3.60149e-20
581.419,3.59217e-20
581.452,3.33168e-20
581.485,3.23978e-20
581.517,3.42803e-20
581.55,3.54811e-20
581.582,3.61645e-20
581.615,3.72967e-20
581.648,3.71357e-20
581.68,3.82091e-20
581.713,3.77581e-20
581.746,3.67363e-20
581.778,3.81838e-20
581.811,3.81006e-20
581.844,3.68022e-20
581.876,3.61746e-20
581.909,3.47629e-20
581.942,3.3584e-20
581.974,3.3879e-20
582.007,3.36749e-20
582.04,3.45434e-20
582.072,3.48964e-20
582.105,3.43185e-20
582.138,3.52698e-20
582.17,3.48199e-20
582.203,3.29989e-20
582.236,3.02898e-20
582.268,2.9668e-20
582.301,3.13782e-20
582.334,3.17403e-20
582.367,3.10209e-20
582.399,3.05481e-20
582.432,3.0667e-20
582.465,2.98382e-20
582.497,3.04638e-20
582.53,3.07596e-20
582.563,3.06628e-20
582.596,3.19936e-20
582.628,3.12616e-20
582.661,3.15507e-20
582.694,3.30949e-20
582.727,3.34994e-20
582.759,3.30922e-20
582.792,3.33512e-20
582.825,3.379e-20
582.858,3.48659e-20
582.89,3.61949e-20
582.923,3.5467e-20
582.956,3.73901e-20
582.989,3.7974e-20
583.022,3.76196e-20
583.054,3.87339e-20
583.087,3.73606e-20
583.12,3.81696e-20
583.153,3.85415e-20
583.186,3.77705e-20
583.218,3.80737e-20
583.251,3.75336e-20
583.284,3.65221e-20
583.317,3.63035e-20
583.35,3.48643e-20
583.382,3.24612e-20
583.415,3.47042e-20
583.448,3.52807e-20
583.481,3.35677e-20
583.514,3.36776e-20
583.547,3.45035e-20
583.579,3.63191e-20
583.612,3.65298e-20
583.645,3.58215e-20
583.678,3.36468e-20
583.711,3.38945e-20
583.744,3.44747e-20
583.777,3.37059e-20
583.809,3.5365e-20
583.842,3.8519e-20
583.875,4.50162e-20
583.908,4.49492e-20
583.941,4.24816e-20
583.974,4.32916e-20
584.007,3.84685e-20
584.04,3.58673e-20
584.073,3.74777e-20
584.106,3.82281e-20
584.138,3.96148e-20
584.171,4.01284e-20
584.204,4.06911e-20
584.237,4.60238e-20
584.27,4.73886e-20
584.303,4.4794e-20
584.336,4.20358e-20
584.369,3.84437e-20
584.402,4.38505e-20
584.435,4.58679e-20
584.468,4.75679e-20
584.501,5.2682e-20
584.534,4.88998e-20
584.567,4.56223e-20
584.6,4.44065e-20
584.633,5.40966e-20
584.666,6.31475e-20
584.698,6.0424e-20
584.731,5.67408e-20
584.764,5.17358e-20
584.797,5.35693e-20
584.83,5.31489e-20
584.863,5.23767e-20
584.896,5.29784e-20
584.929,5.30184e-20
584.962,5.96083e-20
584.995,5.95146e-20
585.028,5.80324e-20
585.061,5.67195e-20
585.094,5.5683e-20
585.127,5.85953e-20
585.161,5.89971e-20
585.194,5.93031e-20
585.227,5.64813e-20
585.26,5.37534e-20
585.293,5.46087e-20
585.326,5.60412e-20
585.359,5.61938e-20
585.392,6.12211e-20
585.425,6.80269e-20
585.458,7.02037e-20
585.491,7.13824e-20
585.524,6.61104e-20
585.557,6.66696e-20
585.59,6.41185e-20
585.623,5.71597e-20
585.656,6.27138e-20
585.689,5.94954e-20
585.723,5.60698e-20
585.756,5.5492e-20
585.789,4.76402e-20
585.822,4.83847e-20
585.855,5.20125e-20
585.888,5.30959e-20
585.921,5.48718e-20
585.954,5.4978e-20
585.987,5.12188e-20
586.021,4.79828e-20
586.054,5.04831e-20
586.087,5.18544e-20
586.12,5.19299e-20
586.153,5.45528e-20
586.186,5.30241e-20
586.219,4.94684e-20
586.252,5.26296e-20
586.286,5.45453e-20
586.319,5.32613e-20
586.352,5.52406e-20
586.385,5.38215e-20
586.418,4.98767e-20
586.451,4.99102e-20
586.485,5.01486e-20
586.518,4.67094e-20
586.551,4.71587e-20
586.584,5.50918e-20
586.617,5.9192e-20
586.651,5.41695e-20
586.684,4.83192e-20
586.717,4.93224e-20
586.75,5.30137e-20
586.783,5.25362e-20
586.817,5.0976e-20
586.85,4.94031e-20
586.883,4.80182e-20
586.916,5.08307e-20
586.949,5.26189e-20
586.983,5.16396e-20
587.016,5.2179e-20
587.049,4.99195e-20
587.082,4.78496e-20
587.116,4.91263e-20
587.149,4.76107e-20
587.182,4.49887e-20
587.215,4.31854e-20
587.249,4.06133e-20
587.282,4.27089e-20
587.315,4.52487e-20
587.349,4.32744e-20
587.382,4.55549e-20
587.415,4.6171e-20
587.448,4.42519e-20
587.482,4.63886e-20
587.515,4.49767e-20
587.548,4.17634e-20
587.582,4.23712e-20
587.615,4.36169e-20
587.648,3.93213e-20
587.681,3.8355e-20
587.715,4.13855e-20
587.748,3.70923e-20
587.781,3.75068e-20
587.815,4.15206e-20
587.848,4.31525e-20
587.881,4.42646e-20
587.915,3.99617e-20
587.948,3.80484e-20
587.981,3.72867e-20
588.015,3.53936e-20
588.048,3.82957e-20
588.082,3.93866e-20
588.115,3.64788e-20
588.148,3.6196e-20
588.182,3.84839e-20
588.215,4.04644e-20
588.248,4.06735e-20
588.282,3.96231e-20
588.315,3.82983e-20
588.348,3.65731e-20
588.382,3.82816e-20
588.415,4.00164e-20
588.449,3.87108e-20
588.482,3.7505e-20
588.515,3.75674e-20
588.549,4.00386e-20
588.582,3.88481e-20
588.616,3.74024e-20
588.649,3.89083e-20
588.683,3.87586e-20
588.716,3.87069e-20
588.749,3.82549e-20
588.783,3.78523e-20
588.816,3.75648e-20
588.85,3.95612e-20
588.883,4.15897e-20
588.917,4.2772e-20
588.95,4.44297e-20
588.984,4.31746e-20
589.017,4.27255e-20
589.051,4.07701e-20
589.084,3.94033e-20
589.117,3.97039e-20
589.151,3.98935e-20
589.184,4.15704e-20
589.218,4.41103e-20
589.251,5.27694e-20
589.285,5.6555e-20
589.318,5.491e-20
589.352,5.44494e-20
589.385,4.90887e-20
589.419,4.86224e-20
589.452,5.27082e-20
589.486,5.18367e-20
589.519,4.77607e-20
589.553,4.66863e-20
589.587,4.84726e-20
589.62,5.20427e-20
589.654,5.44579e-20
589.687,5.13224e-20
589.721,5.04694e-20
589.754,4.98592e-20
589.788,4.8635e-20
589.821,4.98304e-20
589.855,5.07919e-20
589.888,5.37994e-20
589.922,5.6045e-20
589.956,5.53606e-20
589.989,5.35367e-20
590.023,5.43841e-20
590.056,5.38137e-20
590.09,5.23097e-20
590.123,5.40045e-20
590.157,5.33977e-20
590.191,5.62443e-20
590.224,5.87224e-20
590.258,6.05821e-20
590.291,6.61558e-20
590.325,6.63873e-20
590.359,6.85807e-20
590.392,6.96308e-20
590.426,6.73509e-20
590.46,6.87758e-20
590.493,6.57439e-20
590.527,6.21184e-20
590.56,6.06531e-20
590.594,6.15925e-20
590.628,6.10029e-20
590.661,5.51832e-20
590.695,6.03585e-20
590.729,6.37197e-20
590.762,5.67129e-20
590.796,5.774e-20
590.83,6.02006e-20
590.863,6.01561e-20
590.897,5.73976e-20
590.931,5.4786e-20
590.964,5.51134e-20
590.998,5.36126e-20
591.032,5.36356e-20
591.066,5.01967e-20
591.099,4.69992e-20
591.133,4.79127e-20
591.167,4.89091e-20
591.2,4.88546e-20
591.234,5.14271e-20
591.268,5.94188e-20
591.301,5.6428e-20
591.335,5.65919e-20
591.369,6.87413e-20
591.403,6.85915e-20
591.436,6.41603e-20
591.47,6.46654e-20
591.504,6.36969e-20
591.538,6.34277e-20
591.571,6.95104e-20
591.605,7.26152e-20
591.639,6.99134e-20
591.673,7.16069e-20
591.706,7.26989e-20
591.74,7.34279e-20
591.774,7.6228e-20
591.808,7.60418e-20
591.842,6.95792e-20
591.875,6.46257e-20
591.909,6.33118e-20
591.943,6.6114e-20
591.977,7.53423e-20
592.011,7.49736e-20
592.044,7.51425e-20
592.078,7.85782e-20
592.112,7.51642e-20
592.146,7.68084e-20
592.18,8.01451e-20
592.213,8.56257e-20
592.247,8.58223e-20
592.281,8.04019e-20
592.315,8.28302e-20
592.349,7.8807e-20
592.383,6.71303e-20
592.417,6.30712e-20
592.45,6.2284e-20
592.484,6.50463e-20
592.518,7.41804e-20
592.552,7.01306e-20
592.586,6.39538e-20
592.62,6.50895e-20
592.654,6.47214e-20
592.687,7.05254e-20
592.721,6.78753e-20
592.755,7.07549e-20
592.789,8.12011e-20
592.823,7.51599e-20
592.857,7.834e-20
592.891,8.46692e-20
592.925,8.03556e-20
592.959,8.1552e-20
592.993,8.43121e-20
593.026,8.14835e-20
593.06,7.87765e-20
593.094,7.86975e-20
593.128,7.54787e-20
593.162,7.14855e-20
593.196,6.68653e-20
593.23,6.06073e-20
593.264,5.34366e-20
593.298,5.14967e-20
593.332,5.64784e-20
593.366,5.45597e-20
593.4,5.05864e-20
593.434,5.07065e-20
593.468,5.2543e-20
593.502,5.8779e-20
593.536,6.31018e-20
593.57,5.86351e-20
593.604,5.49111e-20
593.638,5.64071e-20
593.672,5.45374e-20
593.706,5.85066e-20
593.74,6.07912e-20
593.774,5.26917e-20
593.808,5.18094e-20
593.842,4.91883e-20
593.876,4.49319e-20
593.91,4.68772e-20
593.944,4.48538e-20
593.978,4.19352e-20
594.012,4.02423e-20
594.046,3.78509e-20
594.08,3.7465e-20
594.114,3.77544e-20
594.148,3.69993e-20
594.182,3.66009e-20
594.216,3.50563e-20
594.25,3.42236e-20
594.284,3.70355e-20
594.318,3.76214e-20
594.352,3.62341e-20
594.386,3.7273e-20
594.421,3.79117e-20
594.455,3.5554e-20
594.489,3.46498e-20
594.523,3.618e-20
594.557,3.79618e-20
594.591,4.18151e-20
594.625,4.20875e-20
594.659,3.8889e-20
594.693,3.62349e-20
594.727,3.23211e-20
594.762,3.1061e-20
594.796,3.17222e-20
594.83,3.34989e-20
594.864,3.59039e-20
594.898,3.49203e-20
594.932,3.34369e-20
594.966,3.15541e-20
595.001,3.03105e-20
595.035,3.17289e-20
595.069,3.11746e-20
595.103,3.06174e-20
595.137,3.10681e-20
595.171,2.93587e-20
595.205,2.81657e-20
595.24,2.72765e-20
595.274,2.74273e-20
595.308,2.72876e-20
595.342,2.4659e-20
595.376,2.58271e-20
595.411,2.71429e-20
595.445,2.65965e-20
595.479,2.85916e-20
595.513,2.72661e-20
595.547,2.46105e-20
595.582,2.42553e-20
595.616,2.47695e-20
595.65,2.82984e-20
595.684,2.95442e-20
595.718,2.60454e-20
595.753,2.45569e-20
595.787,2.50623e-20
595.821,2.44371e-20
595.855,2.34718e-20
595.89,2.38619e-20
595.924,2.73089e-20
595.958,2.91211e-20
595.992,2.63071e-20
596.027,2.62909e-20
596.061,2.81795e-20
596.095,2.85192e-20
596.13,3.10445e-20
596.164,3.34125e-20
596.198,3.43477e-20
596.232,3.58984e-20
596.267,3.58094e-20
596.301,3.40963e-20
596.335,3.17456e-20
596.37,2.95604e-20
596.404,2.99163e-20
596.438,2.96606e-20
596.473,2.79943e-20
596.507,2.83786e-20
596.541,2.81659e-20
596.575,2.78445e-20
596.61,2.84522e-20
596.644,2.814e-20
596.678,2.78023e-20
596.713,2.70813e-20
596.747,2.74054e-20
596.782,2.78237e-20
596.816,2.7292e-20
596.85,2.89162e-20
596.885,3.08283e-20
596.919,3.05372e-20
596.953,3.07414e-20
596.988,3.17941e-20
597.022,3.06888e-20
597.056,3.05045e-20
597.091,3.00738e-20
597.125,2.86837e-20
597.16,3.25017e-20
597.194,3.38426e-20
597.228,3.19871e-20
597.263,3.40544e-20
597.297,3.37182e-20
597.332,3.12313e-20
597.366,3.04909e-20
597.401,3.00385e-20
597.435,2.96772e-20
597.469,3.05903e-20
597.504,3.17447e-20
597.538,3.13793e-20
597.573,3.20064e-20
597.607,3.33572e-20
597.642,3.38989e-20
597.676,3.43812e-20
597.711,3.4212e-20
597.745,3.46906e-20
597.779,3.62059e-20
597.814,3.57295e-20
597.848,3.38488e-20
597.883,3.28236e-20
597.917,3.13579e-20
597.952,3.02925e-20
597.986,3.03236e-20
598.021,2.98607e-20
598.055,2.97356e-20
598.09,2.9794e-20
598.124,3.01048e-20
598.159,3.03031e-20
598.193,2.9066e-20
598.228,3.05494e-20
598.262,3.32823e-20
598.297,3.15944e-20
598.331,3.10229e-20
598.366,3.26706e-20
598.401,3.21607e-20
598.435,3.24133e-20
598.47,3.55713e-20
598.504,3.83029e-20
598.539,3.67932e-20
598.573,3.60702e-20
598.608,3.60877e-20
598.642,3.33068e-20
598.677,3.37199e-20
598.712,3.52487e-20
598.746,3.6964e-20
598.781,3.92784e-20
598.815,3.91417e-20
598.85,4.04368e-20
598.884,4.03537e-20
598.919,3.86127e-20
598.954,3.90923e-20
598.988,3.95933e-20
599.023,3.91471e-20
599.057,3.82106e-20
599.092,3.93512e-20
599.127,4.05564e-20
599.161,3.89392e-20
599.196,3.81778e-20
599.231,3.80822e-20
599.265,3.65037e-20
599.3,3.64113e-20
599.335,3.70162e-20
599.369,3.57328e-20
599.404,3.68204e-20
599.439,3.84294e-20
599.473,3.78063e-20
599.508,3.85845e-20
599.543,3.9944e-20
599.577,4.31107e-20
599.612,4.66611e-20
599.647,4.62387e-20
599.681,4.48871e-20
599.716,4.42837e-20
599.751,4.39656e-20
599.785,4.39053e-20
599.82,4.49331e-20
599.855,4.85398e-20
599.889,5.15431e-20
599.924,4.95673e-20
599.959,4.63409e-20
599.994,4.67395e-20
600.028,4.55705e-20
600.063,4.36223e-20
600.098,4.51287e-20
600.133,4.41793e-20
600.167,4.33917e-20
600.202,4.3436e-20
600.237,4.05651e-20
600.271,4.4139e-20
600.306,5.04297e-20
600.341,4.82057e-20
600.376,4.51557e-20
600.411,4.68293e-20
600.445,4.84874e-20
600.48,4.89198e-20
600.515,4.86135e-20
600.55,4.55264e-20
600.584,4.37667e-20
600.619,4.55223e-20
600.654,4.57135e-20
600.689,4.64503e-20
600.724,4.76392e-20
600.758,4.63597e-20
600.793,4.59574e-20
600.828,4.52741e-20
600.863,4.33574e-20
600.898,4.21464e-20
600.933,4.20157e-20
600.967,4.25782e-20
601.002,4.2677e-20
601.037,4.23228e-20
601.072,4.05205e-20
601.107,3.91814e-20
601.142,4.08317e-20
601.177,4.39271e-20
601.211,4.52198e-20
601.246,4.33688e-20
601.281,4.39568e-20
601.316,4.7167e-20
601.351,4.78085e-20
601.386,4.66135e-20
601.421,4.54041e-20
601.456,4.3867e-20
601.49,4.21547e-20
601.525,4.07003e-20
601.56,4.00231e-20
601.595,4.46999e-20
601.63,4.61541e-20
601.665,3.8465e-20
601.7,3.60641e-20
601.735,3.6475e-20
601.77,3.6618e-20
601.805,3.97957e-20
601.84,4.06297e-20
601.875,4.15458e-20
601.909,4.4451e-20
601.944,4.65608e-20
601.979,4.18372e-20
602.014,3.48216e-20
602.049,3.4163e-20
602.084,3.42203e-20
602.119,3.47236e-20
602.154,3.59462e-20
602.189,3.39677e-20
602.224,3.18281e-20
602.259,3.38366e-20
602.294,3.57985e-20
602.329,3.39337e-20
602.364,3.38942e-20
602.399,3.46667e-20
602.434,3.4414e-20
602.469,3.38524e-20
602.504,3.19243e-20
602.539,3.08473e-20
602.574,3.04084e-20
602.609,2.90466e-20
602.644,2.84201e-20
602.679,2.99932e-20
602.714,2.90245e-20
602.749,2.77129e-20
602.784,2.85941e-20
602.819,2.75193e-20
602.855,2.79223e-20
602.89,2.66785e-20
602.925,2.50129e-20
602.96,2.70429e-20
602.995,2.63276e-20
603.03,2.39795e-20
603.065,2.18491e-20
603.1,2.17981e-20
603.135,2.32284e-20
603.17,2.348e-20
603.205,2.3771e-20
603.24,2.06803e-20
603.275,1.84924e-20
603.311,1.93596e-20
603.346,1.81723e-20
603.381,1.73363e-20
603.416,1.74898e-20
603.451,1.79602e-20
603.486,1.78665e-20
603.521,1.73568e-20
603.556,1.74978e-20
603.592,1.6598e-20
603.627,1.73566e-20
603.662,1.80831e-20
603.697,1.72523e-20
603.732,1.79882e-20
603.767,1.78894e-20
603.803,1.79695e-20
603.838,1.81116e-20
603.873,1.65164e-20
603.908,1.54389e-20
603.943,1.53159e-20
603.978,1.62838e-20
604.014,1.69129e-20
604.049,1.68564e-20
604.084,1.64347e-20
604.119,1.55561e-20
604.154,1.51208e-20
604.19,1.44156e-20
604.225,1.38947e-20
604.26,1.43226e-20
604.295,1.57861e-20
604.33,1.68603e-20
604.366,1.64151e-20
604.401,1.55678e-20
604.436,1.51981e-20
604.471,1.48176e-20
604.507,1.40307e-20
604.542,1.43983e-20
604.577,1.45369e-20
604.612,1.3753e-20
604.648,1.32059e-20
604.683,1.31944e-20
604.718,1.44662e-20
604.753,1.50603e-20
604.789,1.4891e-20
604.824,1.4795e-20
604.859,1.50293e-20
604.895,1.55422e-20
604.93,1.56613e-20
604.965,1.649e-20
605.001,1.71259e-20
605.036,1.72045e-20
605.071,1.69941e-20
605.106,1.72134e-20
605.142,1.85082e-20
605.177,1.90378e-20
605.212,1.90402e-20
605.248,1.98277e-20
605.283,1.99571e-20
605.318,1.89834e-20
605.354,2.07579e-20
605.389,2.23785e-20
605.424,2.0098e-20
605.46,1.89522e-20
605.495,1.90468e-20
605.531,1.86918e-20
605.566,1.91718e-20
605.601,2.01891e-20
605.637,2.1575e-20
605.672,2.26583e-20
605.707,2.13871e-20
605.743,1.90262e-20
605.778,1.77618e-20
605.814,1.68174e-20
605.849,1.6855e-20
605.884,1.62557e-20
605.92,1.5702e-20
605.955,1.7024e-20
605.991,1.66555e-20
606.026,1.53948e-20
606.062,1.51123e-20
606.097,1.49895e-20
606.132,1.43915e-20
606.168,1.46884e-20
606.203,1.5662e-20
606.239,1.45673e-20
606.274,1.42869e-20
606.31,1.53269e-20
606.345,1.52696e-20
606.381,1.56002e-20
606.416,1.66355e-20
606.452,1.67014e-20
606.487,1.62639e-20
606.522,1.69993e-20
606.558,1.78331e-20
606.593,1.82442e-20
606.629,1.82651e-20
606.664,1.79865e-20
606.7,1.82957e-20
606.735,1.84579e-20
606.771,1.86984e-20
606.806,1.91913e-20
606.842,1.95142e-20
606.878,1.96996e-20
606.913,1.87889e-20
606.949,1.812e-20
606.984,1.82789e-20
607.02,1.70009e-20
607.055,1.61383e-20
607.091,1.59162e-20
607.126,1.54949e-20
607.162,1.69502e-20
607.197,1.72156e-20
607.233,1.56072e-20
607.269,1.58627e-20
607.304,1.79173e-20
607.34,1.86184e-20
607.375,1.77492e-20
607.411,1.7485e-20
607.446,1.66303e-20
607.482,1.6635e-20
607.518,1.76552e-20
607.553,1.79476e-20
607.589,1.81648e-20
607.624,1.8798e-20
607.66,1.97397e-20
607.696,1.87287e-20
607.731,1.96001e-20
607.767,2.15574e-20
607.803,2.05765e-20
607.838,2.13078e-20
607.874,2.23472e-20
607.91,2.22802e-20
607.945,2.10712e-20
607.981,1.99046e-20
608.016,2.27389e-20
608.052,2.36613e-20
608.088,2.03922e-20
608.123,1.90916e-20
608.159,1.93856e-20
608.195,1.82667e-20
608.231,1.72663e-20
608.266,1.71891e-20
608.302,1.69742e-20
608.338,1.72523e-20
608.373,1.77963e-20
608.409,1.81626e-20
608.445,1.99227e-20
608.48,2.14211e-20
608.516,2.00072e-20
608.552,1.9354e-20
608.588,1.93528e-20
608.623,1.84087e-20
608.659,1.87126e-20
608.695,1.85895e-20
608.73,1.90213e-20
608.766,1.9051e-20
608.802,1.7245e-20
608.838,1.71736e-20
608.873,1.75175e-20
608.909,1.77131e-20
608.945,1.82024e-20
608.981,1.8489e-20
609.017,1.87913e-20
609.052,1.84501e-20
609.088,1.89694e-20
609.124,1.95617e-20
609.16,1.96347e-20
609.196,1.95766e-20
609.231,1.91684e-20
609.267,1.96909e-20
609.303,1.90188e-20
609.339,1.82171e-20
609.375,1.82623e-20
609.41,1.7792e-20
609.446,1.77744e-20
609.482,1.64486e-20
609.518,1.7846e-20
609.554,2.06594e-20
609.59,1.85854e-20
609.625,1.6882e-20
609.661,1.75237e-20
609.697,1.81791e-20
609.733,1.79374e-20
609.769,1.83874e-20
609.805,1.90306e-20
609.841,1.85452e-20
609.876,1.90744e-20
609.912,1.86408e-20
609.948,1.84336e-20
609.984,1.88422e-20
610.02,1.83246e-20
610.056,1.74328e-20
610.092,1.7933e-20
610.128,1.94147e-20
610.164,1.90553e-20
610.199,2.05923e-20
610.235,2.02766e-20
610.271,1.96405e-20
610.307,2.08471e-20
610.343,1.83693e-20
610.379,1.86948e-20
610.415,1.97314e-20
610.451,1.99565e-20
610.487,2.01617e-20
610.523,1.91119e-20
610.559,1.96551e-20
610.595,1.89731e-20
610.631,1.86809e-20
610.667,1.78847e-20
610.703,1.83685e-20
610.739,1.98997e-20
610.775,2.03555e-20
610.811,2.30544e-20
610.847,2.36303e-20
610.883,2.40213e-20
610.919,2.48797e-20
610.955,2.49954e-20
610.991,2.53499e-20
611.027,2.56567e-20
611.063,2.9207e-20
611.099,3.16433e-20
611.135,3.00757e-20
611.171,2.92767e-20
611.207,3.0134e-20
611.243,2.90396e-20
611.279,2.9977e-20
611.315,3.27778e-20
611.351,3.32721e-20
611.387,3.49376e-20
611.423,3.70877e-20
611.459,4.07619e-20
611.495,4.29118e-20
611.531,4.27489e-20
611.567,4.12905e-20
611.603,3.96561e-20
611.639,4.10682e-20
611.676,3.93161e-20
611.712,3.78753e-20
611.748,3.74148e-20
611.784,3.87498e-20
611.82,4.01554e-20
611.856,3.71952e-20
611.892,3.7132e-20
611.928,3.59896e-20
611.964,3.84731e-20
612.001,4.30096e-20
612.037,4.28241e-20
612.073,4.33343e-20
612.109,4.36182e-20
612.145,4.78039e-20
612.181,5.3661e-20
612.217,5.6953e-20
612.254,5.44885e-20
612.29,4.99286e-20
612.326,4.77783e-20
612.362,4.5298e-20
612.398,4.48294e-20
612.434,4.37022e-20
612.471,4.58759e-20
612.507,4.74395e-20
612.543,4.97311e-20
612.579,5.83906e-20
612.615,6.41592e-20
612.652,6.75064e-20
612.688,6.58606e-20
612.724,6.44975e-20
612.76,6.17645e-20
612.796,5.65571e-20
612.833,5.57689e-20
612.869,5.16885e-20
612.905,4.72346e-20
612.941,4.2368e-20
612.978,4.05458e-20
613.014,3.98473e-20
613.05,3.57928e-20
613.086,3.61031e-20
613.123,3.34621e-20
613.159,3.01545e-20
613.195,3.1895e-20
613.231,3.21323e-20
613.268,3.08011e-20
613.304,3.28513e-20
613.34,3.24024e-20
613.376,2.88013e-20
613.413,3.04687e-20
613.449,2.98643e-20
613.485,2.92922e-20
613.522,3.14462e-20
613.558,3.24797e-20
613.594,3.38556e-20
613.631,3.32205e-20
613.667,3.2955e-20
613.703,3.2041e-20
613.74,3.18206e-20
613.776,3.18646e-20
613.812,3.48015e-20
613.849,3.94664e-20
613.885,3.79771e-20
613.921,3.83282e-20
613.958,3.57032e-20
613.994,3.04524e-20
614.03,3.00167e-20
614.067,2.93482e-20
614.103,2.92078e-20
614.139,3.00267e-20
614.176,3.27095e-20
614.212,3.49275e-20
614.249,3.57688e-20
614.285,3.62581e-20
614.321,3.57847e-20
614.358,3.4037e-20
614.394,3.04029e-20
614.431,2.93825e-20
614.467,2.94244e-20
614.504,3.12084e-20
614.54,3.25181e-20
614.576,2.95666e-20
614.613,2.8434e-20
614.649,2.78796e-20
614.686,2.7593e-20
614.722,2.72561e-20
614.759,2.5783e-20
614.795,2.57075e-20
614.832,2.56806e-20
614.868,2.60934e-20
614.904,2.63934e-20
614.941,2.61115e-20
614.977,2.69265e-20
615.014,2.62834e-20
615.05,2.45012e-20
615.087,2.5101e-20
615.123,2.60778e-20
615.16,2.74328e-20
615.196,2.77042e-20
615.233,2.63291e-20
615.269,2.67182e-20
615.306,2.548e-20
615.342,2.70195e-20
615.379,2.9413e-20
615.415,2.66398e-20
615.452,2.65049e-20
615.489,2.61438e-20
615.525,2.61163e-20
615.562,2.92898e-20
615.598,3.18253e-20
615.635,3.5543e-20
615.671,3.60495e-20
615.708,3.40831e-20
615.744,3.30616e-20
615.781,3.16375e-20
615.818,3.31668e-20
615.854,3.40512e-20
615.891,3.23307e-20
615.927,3.18647e-20
615.964,3.10945e-20
616.001,3.15887e-20
616.037,3.42247e-20
616.074,3.44776e-20
616.11,3.41358e-20
616.147,3.67369e-20
616.184,3.68653e-20
616.22,3.49229e-20
616.257,3.7438e-20
616.293,3.7872e-20
616.33,3.44466e-20
616.367,3.33721e-20
616.403,3.35319e-20
616.44,3.56321e-20
616.477,3.89081e-20
616.513,4.19003e-20
616.55,4.42114e-20
616.587,4.46866e-20
616.623,4.44089e-20
616.66,4.31987e-20
616.697,4.21768e-20
616.733,4.20832e-20
616.77,4.55654e-20
616.807,4.98685e-20
616.844,4.62125e-20
616.88,3.98458e-20
616.917,3.81177e-20
616.954,3.75865e-20
616.99,3.6204e-20
617.027,3.60338e-20
617.064,3.59982e-20
617.101,3.80017e-20
617.137,3.90183e-20
617.174,3.50694e-20
617.211,3.23274e-20
617.247,2.97692e-20
617.284,3.38804e-20
617.321,4.07162e-20
617.358,3.50918e-20
617.395,3.14308e-20
617.431,3.22992e-20
617.468,3.20922e-20
617.505,3.34104e-20
617.542,3.1641e-20
617.578,3.20533e-20
617.615,3.27685e-20
617.652,3.28521e-20
617.689,3.76684e-20
617.726,3.74458e-20
617.762,3.39636e-20
617.799,3.3513e-20
617.836,3.2864e-20
617.873,3.45039e-20
617.91,3.39919e-20
617.947,3.0191e-20
617.983,2.96338e-20
618.02,2.84124e-20
618.057,2.78961e-20
618.094,2.90941e-20
618.131,2.75258e-20
618.168,2.64253e-20
618.204,2.56618e-20
618.241,2.46113e-20
618.278,2.43643e-20
618.315,2.30787e-20
618.352,2.17826e-20
618.389,2.19787e-20
618.426,2.17615e-20
618.463,2.0716e-20
618.5,2.08687e-20
618.536,2.06092e-20
618.573,2.00161e-20
618.61,1.99039e-20
618.647,1.97292e-20
618.684,2.03325e-20
618.721,2.14036e-20
618.758,2.20778e-20
618.795,2.04388e-20
618.832,2.02336e-20
618.869,2.07513e-20
618.906,1.95239e-20
618.943,2.13565e-20
618.98,2.16982e-20
619.017,2.17931e-20
619.053,2.34929e-20
619.09,2.22155e-20
619.127,2.24329e-20
619.164,2.21094e-20
619.201,2.0579e-20
619.238,2.11005e-20
619.275,2.14282e-20
619.312,2.27801e-20
619.349,2.44436e-20
619.386,2.43923e-20
619.423,2.45089e-20
619.46,2.48563e-20
619.497,2.49546e-20
619.534,2.52513e-20
619.571,2.46197e-20
619.608,2.52866e-20
619.646,2.62163e-20
619.683,2.59466e-20
619.72,2.75048e-20
619.757,2.77037e-20
619.794,2.73355e-20
619.831,2.62642e-20
619.868,2.43043e-20
619.905,2.45956e-20
619.942,2.38411e-20
619.979,2.42111e-20
620.016,2.43957e-20
620.053,2.43121e-20
620.09,2.69836e-20
620.127,2.81887e-20
620.164,2.96571e-20
620.202,3.1617e-20
620.239,3.36911e-20
620.276,3.49068e-20
620.313,3.34212e-20
620.35,3.29357e-20
620.387,3.30187e-20
620.424,3.2781e-20
620.461,3.36213e-20
620.499,3.44175e-20
620.536,3.34057e-20
620.573,3.38503e-20
620.61,3.42371e-20
620.647,3.37023e-20
620.684,3.43429e-20
620.721,3.27695e-20
620.759,3.64722e-20
620.796,3.83455e-20
620.833,3.08919e-20
620.87,2.88817e-20
620.907,2.97816e-20
620.944,2.99874e-20
620.982,3.02496e-20
621.019,2.96583e-20
621.056,2.93219e-20
621.093,2.70955e-20
621.13,2.72863e-20
621.168,2.8276e-20
621.205,2.78058e-20
621.242,2.78891e-20
621.279,2.73901e-20
621.317,2.57587e-20
621.354,2.33514e-20
621.391,2.31517e-20
621.428,2.26996e-20
621.466,2.15427e-20
621.503,2.20433e-20
621.54,2.23482e-20
621.577,2.2118e-20
621.615,2.10818e-20
621.652,2.08847e-20
621.689,2.09549e-20
621.726,2.09038e-20
621.764,2.13922e-20
621.801,2.01916e-20
621.838,1.94287e-20
621.876,1.98618e-20
621.913,1.93812e-20
621.95,1.98457e-20
621.988,2.03405e-20
622.025,1.76824e-20
622.062,1.69434e-20
622.1,1.90364e-20
622.137,1.86531e-20
622.174,1.83683e-20
622.212,1.85251e-20
622.249,1.77525e-20
622.286,1.78592e-20
622.324,1.93871e-20
622.361,2.11566e-20
622.398,2.09242e-20
622.436,2.09257e-20
622.473,2.1062e-20
622.51,2.03108e-20
622.548,2.14293e-20
622.585,2.27735e-20
622.623,2.26731e-20
622.66,2.26688e-20
622.697,2.22168e-20
622.735,2.06696e-20
622.772,2.1511e-20
622.81,2.25968e-20
622.847,2.01718e-20
622.884,1.89977e-20
622.922,1.91887e-20
622.959,1.89127e-20
622.997,1.96538e-20
623.034,2.23158e-20
623.072,2.43552e-20
623.109,2.18433e-20
623.147,1.9999e-20
623.184,2.04187e-20
623.221,1.99142e-20
623.259,2.14724e-20
623.296,2.4909e-20
623.334,2.57266e-20
623.371,2.45869e-20
623.409,2.51362e-20
623.446,2.37752e-20
623.484,2.20463e-20
623.521,2.32783e-20
623.559,2.17297e-20
623.596,1.95787e-20
623.634,1.95267e-20
623.671,2.22983e-20
623.709,2.78924e-20
623.746,2.84994e-20
623.784,2.49044e-20
623.821,2.23843e-20
623.859,2.05574e-20
623.897,1.95901e-20
623.934,1.93619e-20
623.972,1.9222e-20
624.009,2.0366e-20
624.047,2.1791e-20
624.084,2.12664e-20
624.122,2.12979e-20
624.159,2.20281e-20
624.197,2.08451e-20
624.235,1.96989e-20
624.272,2.10083e-20
624.31,2.20553e-20
624.347,2.28216e-20
624.385,2.36458e-20
624.423,2.06299e-20
624.46,1.98827e-20
624.498,2.15246e-20
624.535,2.04352e-20
624.573,2.07809e-20
624.611,2.03921e-20
624.648,2.0194e-20
624.686,2.13798e-20
624.724,2.10894e-20
624.761,2.11342e-20
624.799,2.0862e-20
624.837,2.0185e-20
624.874,1.93364e-20
624.912,1.96745e-20
624.95,2.00223e-20
624.987,1.96421e-20
625.025,2.15727e-20
625.063,2.27063e-20
625.1,2.27967e-20
625.138,2.18797e-20
625.176,1.97787e-20
625.213,2.07767e-20
625.251,2.29592e-20
625.289,2.29521e-20
625.327,2.16438e-20
625.364,2.08932e-20
625.402,2.0066e-20
625.44,1.93445e-20
625.477,1.93278e-20
625.515,1.87183e-20
625.553,1.88982e-20
625.591,1.87504e-20
625.628,1.85496e-20
625.666,1.98272e-20
625.704,2.01907e-20
625.742,2.09595e-20
625.779,2.05175e-20
625.817,1.8115e-20
625.855,1.78147e-20
625.893,1.75927e-20
625.931,1.74102e-20
625.968,1.78788e-20
626.006,1.73161e-20
626.044,1.74189e-20
626.082,1.77629e-20
626.12,1.83587e-20
626.157,1.88623e-20
626.195,1.73207e-20
626.233,1.5763e-20
626.271,1.54881e-20
626.309,1.48375e-20
626.347,1.44478e-20
626.384,1.52226e-20
626.422,1.56057e-20
626.46,1.71097e-20
626.498,1.95148e-20
626.536,1.9878e-20
626.574,1.86466e-20
626.612,1.71156e-20
626.649,1.69363e-20
626.687,1.68557e-20
626.725,1.65407e-20
626.763,1.66237e-20
626.801,1.62463e-20
626.839,1.63809e-20
626.877,1.55005e-20
626.915,1.53074e-20
626.953,1.61933e-20
626.991,1.5238e-20
627.028,1.52935e-20
627.066,1.61427e-20
627.104,1.59611e-20
627.142,1.51556e-20
627.18,1.4312e-20
627.218,1.46084e-20
627.256,1.48441e-20
627.294,1.46655e-20
627.332,1.38665e-20
627.37,1.33836e-20
627.408,1.51284e-20
627.446,1.52073e-20
627.484,1.38854e-20
627.522,1.40211e-20
627.56,1.38735e-20
627.598,1.47618e-20
627.636,1.4495e-20
627.674,1.28871e-20
627.712,1.27396e-20
627.75,1.24443e-20
627.788,1.32201e-20
627.826,1.32815e-20
627.864,1.30814e-20
627.902,1.34644e-20
627.94,1.26245e-20
627.978,1.28429e-20
628.016,1.2572e-20
628.054,1.22797e-20
628.092,1.22978e-20
628.13,1.21956e-20
628.168,1.26396e-20
628.206,1.22737e-20
628.244,1.21547e-20
628.282,1.16605e-20
628.321,1.19601e-20
628.359,1.20957e-20
628.397,1.14155e-20
628.435,1.19983e-20
628.473,1.23194e-20
628.511,1.25981e-20
628.549,1.21975e-20
628.587,1.27722e-20
628.625,1.38182e-20
628.663,1.31887e-20
628.702,1.27653e-20
628.74,1.25795e-20
628.778,1.28304e-20
628.816,1.22959e-20
628.854,1.22131e-20
628.892,1.28258e-20
628.93,1.27472e-20
628.969,1.31506e-20
629.007,1.40033e-20
629.045,1.52485e-20
629.083,1.49561e-20
629.121,1.43495e-20
629.159,1.38944e-20
629.198,1.27734e-20
629.236,1.22395e-20
629.274,1.20433e-20
629.312,1.23902e-20
629.35,1.1731e-20
629.389,1.20395e-20
629.427,1.24918e-20
629.465,1.08952e-20
629.503,1.07998e-20
629.541,1.1135e-20
629.58,1.08074e-20
629.618,1.04329e-20
629.656,1.02017e-20
629.694,1.04681e-20
629.733,1.08591e-20
629.771,1.0761e-20
629.809,1.05124e-20
629.847,1.09807e-20
629.886,1.05841e-20
629.924,9.8988e-21
629.962,9.64794e-21
630.001,9.43306e-21
630.039,9.37513e-21
630.077,9.21297e-21
630.115,8.64637e-21
630.154,8.03014e-21
630.192,8.40367e-21
630.23,8.19529e-21
630.269,8.67539e-21
630.307,9.41381e-21
630.345,9.27217e-21
630.384,1.02187e-20
630.422,9.85883e-21
630.46,9.84668e-21
630.499,1.11767e-20
630.537,1.12483e-20
630.575,1.09594e-20
630.614,1.15858e-20
630.652,1.17706e-20
630.69,1.04382e-20
630.729,1.12317e-20
630.767,1.18681e-20
630.806,1.03237e-20
630.844,1.02365e-20
630.882,1.08164e-20
630.921,1.14378e-20
630.959,1.17949e-20
630.997,1.18723e-20
631.036,1.19034e-20
631.074,1.18172e-20
631.113,1.17235e-20
631.151,1.15388e-20
631.19,1.24043e-20
631.228,1.26432e-20
631.266,1.26465e-20
631.305,1.45133e-20
631.343,1.45374e-20
631.382,1.31397e-20
631.42,1.41924e-20
631.459,1.40245e-20
631.497,1.22442e-20
631.536,1.15102e-20
631.574,1.10011e-20
631.613,1.25093e-20
631.651,1.37994e-20
631.69,1.32637e-20
631.728,1.27201e-20
631.767,1.22285e-20
631.805,1.30529e-20
631.844,1.3649e-20
631.882,1.34182e-20
631.921,1.35147e-20
631.959,1.42474e-20
631.998,1.43939e-20
632.036,1.31385e-20
632.075,1.30587e-20
632.113,1.35082e-20
632.152,1.33289e-20
632.19,1.352e-20
632.229,1.46581e-20
632.267,1.50281e-20
632.306,1.42149e-20
632.345,1.36092e-20
632.383,1.29364e-20
632.422,1.34523e-20
632.46,1.27227e-20
632.499,1.18071e-20
632.537,1.23537e-20
632.576,1.16475e-20
632.615,1.21383e-20
632.653,1.18801e-20
632.692,1.16909e-20
632.73,1.29144e-20
632.769,9.89669e-21
632.808,8.97825e-21
632.846,9.99129e-21
632.885,1.01554e-20
632.924,1.01432e-20
632.962,1.01445e-20
633.001,1.02988e-20
633.04,1.10552e-20
633.078,1.11396e-20
633.117,1.12666e-20
633.156,1.14556e-20
633.194,1.09554e-20
633.233,1.09583e-20
633.272,1.24998e-20
633.31,1.48856e-20
633.349,1.52133e-20
633.388,1.43857e-20
633.426,1.4069e-20
633.465,1.41217e-20
633.504,1.50656e-20
633.542,1.43255e-20
633.581,1.3304e-20
633.62,1.34498e-20
633.659,1.34606e-20
633.697,1.4983e-20
633.736,1.58207e-20
633.775,1.45005e-20
633.814,1.32122e-20
633.852,1.2967e-20
633.891,1.2729e-20
633.93,1.2623e-20
633.969,1.31879e-20
634.007,1.29269e-20
634.046,1.42799e-20
634.085,1.57848e-20
634.124,1.47704e-20
634.163,1.54298e-20
634.201,1.65559e-20
634.24,1.50039e-20
634.279,1.34221e-20
634.318,1.39934e-20
634.357,1.49189e-20
634.395,1.49831e-20
634.434,1.47525e-20
634.473,1.42889e-20
634.512,1.41719e-20
634.551,1.40466e-20
634.59,1.38617e-20
634.628,1.38091e-20
634.667,1.26532e-20
634.706,1.10781e-20
634.745,1.15004e-20
634.784,1.24031e-20
634.823,1.17694e-20
634.862,1.1283e-20
634.9,1.04589e-20
634.939,9.82591e-21
634.978,1.07372e-20
635.017,1.18352e-20
635.056,1.24098e-20
635.095,1.25835e-20
635.134,1.28143e-20
635.173,1.27046e-20
635.212,1.31852e-20
635.251,1.3455e-20
635.289,1.28002e-20
635.328,1.30926e-20
635.367,1.29934e-20
635.406,1.34317e-20
635.445,1.40335e-20
635.484,1.34257e-20
635.523,1.33378e-20
635.562,1.34146e-20
635.601,1.36761e-20
635.64,1.33733e-20
635.679,1.25598e-20
635.718,1.22621e-20
635.757,1.28794e-20
635.796,1.32775e-20
635.835,1.25823e-20
635.874,1.27317e-20
635.913,1.2644e-20
635.952,1.28865e-20
635.991,1.35187e-20
636.03,1.3973e-20
636.069,1.57586e-20
636.108,1.63576e-20
636.147,1.59138e-20
636.186,1.52889e-20
636.225,1.47409e-20
636.264,1.48942e-20
636.303,1.51128e-20
636.342,1.56526e-20
636.381,1.48928e-20
636.42,1.3003e-20
636.46,1.20645e-20
636.499,1.30827e-20
636.538,1.39448e-20
636.577,1.40746e-20
636.616,1.5183e-20
636.655,1.46048e-20
636.694,1.37421e-20
636.733,1.45259e-20
636.772,1.44752e-20
636.811,1.45712e-20
636.85,1.53704e-20
636.89,1.49437e-20
636.929,1.48836e-20
636.968,1.54037e-20
637.007,1.45713e-20
637.046,1.40651e-20
637.085,1.29651e-20
637.124,1.25879e-20
637.164,1.36003e-20
637.203,1.29149e-20
637.242,1.33741e-20
637.281,1.43604e-20
637.32,1.39767e-20
637.359,1.42268e-20
637.399,1.50174e-20
637.438,1.43997e-20
637.477,1.36807e-20
637.516,1.4366e-20
637.555,1.35696e-20
637.595,1.41716e-20
637.634,1.638e-20
637.673,1.66172e-20
637.712,1.61882e-20
637.752,1.5407e-20
637.791,1.56271e-20
637.83,1.65034e-20
637.869,1.673e-20
637.909,1.65512e-20
637.948,1.65241e-20
637.987,1.60098e-20
638.026,1.54383e-20
638.066,1.58514e-20
638.105,1.46976e-20
638.144,1.40338e-20
638.183,1.41804e-20
638.223,1.30525e-20
638.262,1.22825e-20
638.301,1.19349e-20
638.341,1.1654e-20
638.38,1.14444e-20
638.419,1.17507e-20
638.458,1.18597e-20
638.498,1.22749e-20
638.537,1.23934e-20
638.576,1.27791e-20
638.616,1.32693e-20
638.655,1.25876e-20
638.694,1.43558e-20
638.734,1.39501e-20
638.773,1.31484e-20
638.813,1.40734e-20
638.852,1.21782e-20
638.891,1.27868e-20
638.931,1.245e-20
638.97,1.23902e-20
639.009,1.47419e-20
639.049,1.40784e-20
639.088,1.44061e-20
639.128,1.429e-20
639.167,1.34028e-20
639.206,1.31586e-20
639.246,1.23406e-20
639.285,1.23964e-20
639.325,1.22155e-20
639.364,1.217e-20
639.404,1.20641e-20
639.443,1.23966e-20
639.482,1.30049e-20
639.522,1.23408e-20
639.561,1.22718e-20
639.601,1.27065e-20
639.64,1.3501e-20
639.68,1.51254e-20
639.719,1.6324e-20
639.759,1.67244e-20
639.798,1.61871e-20
639.838,1.58411e-20
639.877,1.58669e-20
639.917,1.57494e-20
639.956,1.59375e-20
639.996,1.5134e-20
640.035,1.57481e-20
640.075,1.66081e-20
640.114,1.45904e-20
640.154,1.3253e-20
640.193,1.19177e-20
640.233,1.16908e-20
640.272,1.27396e-20
640.312,1.31866e-20
640.351,1.44059e-20
640.391,1.46311e-20
640.431,1.51629e-20
640.47,1.53109e-20
640.51,1.50474e-20
640.549,1.59629e-20
640.589,1.61228e-20
640.628,1.64366e-20
640.668,1.65815e-20
640.708,1.60117e-20
640.747,1.4617e-20
640.787,1.4855e-20
640.826,1.6086e-20
640.866,1.47878e-20
640.906,1.45962e-20
640.945,1.5209e-20
640.985,1.48663e-20
641.024,1.54229e-20
641.064,1.60509e-20
641.104,1.58202e-20
641.143,1.60295e-20
641.183,1.59251e-20
641.223,1.54125e-20
641.262,1.57629e-20
641.302,1.52e-20
641.342,1.46022e-20
641.381,1.4029e-20
641.421,1.43069e-20
641.461,1.51501e-20
641.5,1.44425e-20
641.54,1.44317e-20
641.58,1.43642e-20
641.62,1.55738e-20
641.659,1.75493e-20
641.699,1.87087e-20
641.739,1.95189e-20
641.778,1.87726e-20
641.818,1.86634e-20
641.858,1.8998e-20
641.898,1.98739e-20
641.937,1.9384e-20
641.977,1.83683e-20
642.017,1.87365e-20
642.057,1.79465e-20
642.096,1.8662e-20
642.136,1.90478e-20
642.176,1.8643e-20
642.216,1.94283e-20
642.256,2.05408e-20
642.295,2.1487e-20
642.335,2.24482e-20
642.375,2.38291e-20
642.415,2.3233e-20
642.455,2.36348e-20
642.494,2.24878e-20
642.534,2.14898e-20
642.574,2.3705e-20
642.614,2.2087e-20
642.654,2.22338e-20
642.694,2.22799e-20
642.733,1.99415e-20
642.773,1.98317e-20
642.813,1.88094e-20
642.853,2.05134e-20
642.893,2.26963e-20
642.933,1.96222e-20
642.973,1.60831e-20
643.012,1.81058e-20
643.052,2.04432e-20
643.092,1.81628e-20
643.132,1.83917e-20
643.172,1.9441e-20
643.212,1.86091e-20
643.252,1.93324e-20
643.292,2.08038e-20
643.332,2.20826e-20
643.372,2.26825e-20
643.411,2.29784e-20
643.451,2.22717e-20
643.491,1.9632e-20
643.531,1.76378e-20
643.571,1.78368e-20
643.611,1.86265e-20
643.651,1.96461e-20
643.691,1.92439e-20
643.731,1.72601e-20
643.771,1.7298e-20
643.811,1.69379e-20
643.851,1.53386e-20
643.891,1.53164e-20
643.931,1.55778e-20
643.971,1.57444e-20
644.011,1.5597e-20
644.051,1.46306e-20
644.091,1.47674e-20
644.131,1.52886e-20
644.171,1.41542e-20
644.211,1.39565e-20
644.251,1.4387e-20
644.291,1.34375e-20
644.331,1.28588e-20
644.371,1.2321e-20
644.411,1.23016e-20
644.451,1.23774e-20
644.491,1.18051e-20
644.531,1.24282e-20
644.572,1.29192e-20
644.612,1.36269e-20
644.652,1.42008e-20
644.692,1.30649e-20
644.732,1.2835e-20
644.772,1.28304e-20
644.812,1.36268e-20
644.852,1.66532e-20
644.892,1.85221e-20
644.932,1.80518e-20
644.973,1.59407e-20
645.013,1.4738e-20
645.053,1.53265e-20
645.093,1.63643e-20
645.133,1.72379e-20
645.173,1.68394e-20
645.213,1.62141e-20
645.254,1.48704e-20
645.294,1.42713e-20
645.334,1.52643e-20
645.374,1.60968e-20
645.414,1.7177e-20
645.454,1.6756e-20
645.495,1.63066e-20
645.535,1.64196e-20
645.575,1.6738e-20
645.615,1.70859e-20
645.655,1.66482e-20
645.696,1.69222e-20
645.736,1.56119e-20
645.776,1.61013e-20
645.816,1.6971e-20
645.857,1.55912e-20
645.897,1.60989e-20
645.937,1.48738e-20
645.977,1.6683e-20
646.018,2.04525e-20
646.058,2.09582e-20
646.098,2.31202e-20
646.138,2.30908e-20
646.179,2.2175e-20
646.219,2.23361e-20
646.259,2.24448e-20
646.299,2.33726e-20
646.34,2.21628e-20
646.38,2.22243e-20
646.42,2.22488e-20
646.461,2.097e-20
646.501,2.19989e-20
646.541,2.28407e-20
646.582,2.53851e-20
646.622,2.81258e-20
646.662,2.74027e-20
646.703,2.61836e-20
646.743,2.58224e-20
646.783,2.72543e-20
646.824,2.67471e-20
646.864,2.41182e-20
646.904,2.44846e-20
646.945,2.73389e-20
646.985,3.02375e-20
647.025,2.87128e-20
647.066,2.63729e-20
647.106,2.72419e-20
647.147,2.6391e-20
647.187,2.46951e-20
647.227,2.37736e-20
647.268,2.31169e-20
647.308,2.23751e-20
647.349,2.20057e-20
647.389,2.35668e-20
647.43,2.54591e-20
647.47,2.60701e-20
647.51,2.50528e-20
647.551,2.43295e-20
647.591,2.55788e-20
647.632,2.68311e-20
647.672,2.57177e-20
647.713,2.45384e-20
647.753,2.36302e-20
647.794,2.19932e-20
647.834,2.29934e-20
647.875,2.27923e-20
647.915,2.12048e-20
647.956,2.12194e-20
647.996,2.05165e-20
648.037,2.06273e-20
648.077,1.96381e-20
648.118,1.77842e-20
648.158,1.69921e-20
648.199,1.64416e-20
648.239,1.56942e-20
648.28,1.43245e-20
648.32,1.4101e-20
648.361,1.32242e-20
648.401,1.27706e-20
648.442,1.27709e-20
648.482,1.17733e-20
648.523,1.18643e-20
648.564,1.05593e-20
648.604,9.5944e-21
648.645,9.7567e-21
648.685,9.73985e-21
648.726,1.09346e-20
648.767,1.15427e-20
648.807,1.22654e-20
648.848,1.28014e-20
648.888,1.23286e-20
648.929,1.18074e-20
648.97,1.1028e-20
649.01,1.07551e-20
649.051,1.05085e-20
649.091,1.08691e-20
649.132,1.24261e-20
649.173,1.27091e-20
649.213,1.1533e-20
649.254,1.09211e-20
649.295,1.06391e-20
649.335,1.05702e-20
649.376,1.13107e-20
649.417,1.10786e-20
649.457,1.04204e-20
649.498,1.10411e-20
649.539,1.1222e-20
649.58,1.10413e-20
649.62,1.07491e-20
649.661,1.03111e-20
649.702,1.08667e-20
649.742,1.04842e-20
649.783,9.79593e-21
649.824,1.06567e-20
649.865,1.13968e-20
649.905,1.18158e-20
649.946,1.2068e-20
649.987,1.18119e-20
650.028,1.19106e-20
650.068,1.24952e-20
650.109,1.22607e-20
650.15,1.232e-20
650.191,1.30433e-20
650.231,1.31635e-20
650.272,1.38979e-20
650.313,1.42838e-20
650.354,1.47046e-20
650.395,1.47786e-20
650.435,1.34993e-20
650.476,1.33505e-20
650.517,1.29237e-20
650.558,1.34314e-20
650.599,1.45358e-20
650.639,1.24888e-20
650.68,1.01089e-20
650.721,1.07045e-20
650.762,1.33302e-20
650.803,1.28704e-20
650.844,1.15681e-20
650.885,1.26288e-20
650.925,1.24424e-20
650.966,1.52234e-20
651.007,1.82807e-20
651.048,1.4855e-20
651.089,1.26422e-20
651.13,1.34267e-20
651.171,1.2774e-20
651.212,1.27609e-20
651.253,1.36909e-20
651.293,1.33417e-20
651.334,1.28515e-20
651.375,1.31531e-20
651.416,1.30755e-20
651.457,1.39935e-20
651.498,1.51327e-20
651.539,1.45241e-20
651.58,1.41763e-20
651.621,1.30113e-20
651.662,1.10943e-20
651.703,1.06432e-20
651.744,1.06075e-20
651.785,1.03477e-20
651.826,1.0681e-20
651.867,1.1922e-20
651.908,1.1573e-20
651.949,1.05854e-20
651.99,1.09147e-20
652.031,1.1255e-20
652.072,1.18437e-20
652.113,1.13592e-20
652.154,1.07296e-20
652.195,1.06435e-20
652.236,9.63754e-21
652.277,8.95253e-21
652.318,9.51301e-21
652.359,1.12776e-20
652.4,1.17739e-20
652.441,1.11385e-20
652.482,1.10535e-20
652.523,1.10079e-20
652.564,1.11099e-20
652.605,1.07138e-20
652.646,1.05222e-20
652.688,1.06055e-20
652.729,1.06923e-20
652.77,1.06499e-20
652.811,1.00504e-20
652.852,9.49067e-21
652.893,8.90615e-21
652.934,9.09671e-21
652.975,9.12618e-21
653.016,9.50816e-21
653.058,1.066e-20
653.099,9.95976e-21
653.14,9.61763e-21
653.181,9.77146e-21
653.222,8.57756e-21
653.263,8.34998e-21
653.304,8.90726e-21
653.346,9.2599e-21
653.387,9.48989e-21
653.428,8.88892e-21
653.469,8.27714e-21
653.51,8.4976e-21
653.552,8.88542e-21
653.593,8.47641e-21
653.634,8.16439e-21
653.675,8.70349e-21
653.716,8.28305e-21
653.758,8.19064e-21
653.799,8.89835e-21
653.84,8.11966e-21
653.881,7.7362e-21
653.923,8.43776e-21
653.964,8.7143e-21
654.005,8.77234e-21
654.046,8.86556e-21
654.088,8.77576e-21
654.129,8.66026e-21
654.17,8.64669e-21
654.211,8.14183e-21
654.253,7.73229e-21
654.294,7.94032e-21
654.335,8.36121e-21
654.377,8.43496e-21
654.418,8.25002e-21
654.459,8.74951e-21
654.501,9.30095e-21
654.542,9.67342e-21
654.583,9.99428e-21
654.625,9.64243e-21
654.666,9.67e-21
654.707,1.023e-20
654.749,9.92178e-21
654.79,9.38363e-21
654.831,9.41506e-21
654.873,9.68479e-21
654.914,9.62305e-21
654.955,9.34362e-21
654.997,9.63926e-21
655.038,9.21389e-21
655.08,8.75363e-21
655.121,8.80653e-21
655.162,8.41337e-21
655.204,8.87216e-21
655.245,8.97353e-21
655.287,9.60802e-21
655.328,1.06914e-20
655.369,9.48775e-21
655.411,8.3948e-21
655.452,7.90764e-21
655.494,6.80787e-21
655.535,7.03456e-21
655.577,9.18374e-21
655.618,9.49074e-21
655.66,9.03894e-21
655.701,1.05653e-20
655.742,1.10752e-20
655.784,1.13234e-20
655.825,1.11469e-20
655.867,1.06118e-20
655.908,1.07549e-20
655.95,1.00674e-20
655.991,1.00621e-20
656.033,9.75439e-21
656.074,9.07379e-21
656.116,8.5638e-21
656.158,8.09779e-21
656.199,9.08877e-21
656.241,9.46776e-21
656.282,8.77014e-21
656.324,7.66336e-21
656.365,7.0528e-21
656.407,7.27327e-21
656.448,7.0395e-21
656.49,7.01297e-21
656.532,7.04792e-21
656.573,7.33449e-21
656.615,7.42644e-21
656.656,7.28487e-21
656.698,8.03909e-21
656.739,8.22978e-21
656.781,8.07531e-21
656.823,8.14915e-21
656.864,8.06541e-21
656.906,8.31161e-21
656.948,7.90338e-21
656.989,7.0188e-21
657.031,6.74048e-21
657.072,6.68711e-21
657.114,6.55215e-21
657.156,6.19497e-21
657.197,6.09809e-21
657.239,6.20283e-21
657.281,5.86874e-21
657.322,5.93548e-21
657.364,6.55519e-21
657.406,6.69309e-21
657.447,6.63011e-21
657.489,6.61713e-21
657.531,6.29263e-21
657.573,6.39884e-21
657.614,6.67911e-21
657.656,6.95901e-21
657.698,7.31302e-21
657.739,6.79099e-21
657.781,6.49764e-21
657.823,6.46813e-21
657.865,6.07922e-21
657.906,6.04193e-21
657.948,6.2352e-21
657.99,6.35804e-21
658.032,6.31437e-21
658.073,6.47862e-21
658.115,6.27804e-21
658.157,6.11017e-21
658.199,6.25564e-21
658.241,6.30094e-21
658.282,6.70303e-21
658.324,6.57615e-21
658.366,6.21502e-21
658.408,5.99933e-21
658.45,6.26112e-21
658.491,6.38301e-21
658.533,6.25365e-21
658.575,6.9048e-21
658.617,6.85784e-21
658.659,6.97979e-21
658.701,6.67429e-21
658.742,6.21511e-21
658.784,6.74121e-21
658.826,6.42512e-21
658.868,6.59876e-21
658.91,6.74281e-21
658.952,6.88047e-21
658.994,6.90204e-21
659.036,6.37365e-21
659.077,7.05601e-21
659.119,7.04995e-21
659.161,6.62073e-21
659.203,7.13858e-21
659.245,7.86171e-21
659.287,7.45045e-21
659.329,6.41761e-21
659.371,6.52496e-21
659.413,6.60167e-21
659.455,6.27077e-21
659.497,5.99952e-21
659.539,6.83498e-21
659.581,7.53612e-21
659.623,7.26e-21
659.665,7.71184e-21
659.707,7.5317e-21
659.749,6.99031e-21
659.791,6.55978e-21
659.833,6.18791e-21
659.875,6.29658e-21
659.917,6.28627e-21
659.959,6.84683e-21
660.001,7.56987e-21
660.043,7.65296e-21
660.085,6.99705e-21
660.127,6.107e-21
660.169,5.60505e-21
660.211,5.41051e-21
660.253,5.46442e-21
660.295,5.47087e-21
660.337,5.20299e-21
660.379,4.91908e-21
660.421,4.98041e-21
660.463,4.84029e-21
660.505,4.8517e-21
660.547,5.07608e-21
660.589,5.29152e-21
660.631,5.67738e-21
660.674,5.30833e-21
660.716,5.35707e-21
660.758,5.89129e-21
660.8,5.59481e-21
660.842,5.3171e-21
660.884,5.09328e-21
660.926,4.59777e-21
660.968,4.56565e-21
661.011,4.58988e-21
661.053,4.34495e-21
661.095,5.41894e-21
661.137,6.3451e-21
661.179,5.59886e-21
661.221,4.8258e-21
661.263,4.28844e-21
661.306,3.94135e-21
661.348,3.90961e-21
661.39,4.22814e-21
661.432,4.12281e-21
661.474,3.80125e-21
661.517,3.99488e-21
661.559,3.82306e-21
661.601,3.88396e-21
661.643,4.12396e-21
661.686,4.09808e-21
661.728,3.9865e-21
661.77,3.92653e-21
661.812,4.29556e-21
661.855,4.36227e-21
661.897,4.22426e-21
661.939,4.1783e-21
661.981,4.21993e-21
662.024,4.28906e-21
662.066,3.95943e-21
662.108,3.71022e-21
662.15,3.70114e-21
662.193,3.53972e-21
662.235,3.57079e-21
662.277,3.8131e-21
662.32,3.49797e-21
662.362,3.33549e-21
662.404,3.68828e-21
662.447,3.76552e-21
662.489,3.59314e-21
662.531,3.306e-21
662.574,3.41281e-21
662.616,3.53033e-21
662.658,3.36695e-21
662.701,3.56512e-21
662.743,3.74304e-21
662.785,3.74186e-21
662.828,3.69834e-21
662.87,3.70605e-21
662.913,3.94529e-21
662.955,3.96219e-21
662.997,3.75632e-21
663.04,3.84495e-21
663.082,3.80009e-21
663.125,3.61886e-21
663.167,3.60564e-21
663.209,3.57438e-21
663.252,3.71213e-21
663.294,3.47999e-21
663.337,3.40331e-21
663.379,3.89473e-21
663.422,3.82173e-21
663.464,3.84689e-21
663.506,4.00237e-21
663.549,3.6952e-21
663.591,3.56775e-21
663.634,3.38215e-21
663.676,3.21287e-21
663.719,3.3614e-21
663.761,3.66356e-21
663.804,4.17787e-21
663.846,4.15057e-21
663.889,3.89461e-21
663.931,4.01935e-21
663.974,3.83378e-21
664.016,3.7439e-21
664.059,3.49303e-21
664.102,3.24374e-21
664.144,3.69094e-21
664.187,3.77337e-21
664.229,3.69674e-21
664.272,3.79782e-21
664.314,3.92776e-21
664.357,4.20637e-21
664.399,4.32782e-21
664.442,4.33558e-21
664.485,4.30123e-21
664.527,4.43461e-21
664.57,4.64162e-21
664.612,5.00443e-21
664.655,5.34945e-21
664.698,5.15124e-21
664.74,4.81079e-21
664.783,4.6855e-21
664.826,4.79517e-21
664.868,4.92316e-21
664.911,5.21014e-21
664.953,5.54009e-21
664.996,5.65929e-21
665.039,5.88771e-21
665.081,5.88944e-21
665.124,5.66705e-21
665.167,5.67195e-21
665.209,5.58023e-21
665.252,5.2812e-21
665.295,5.40961e-21
665.337,5.67323e-21
665.38,5.71099e-21
665.423,5.62775e-21
665.466,5.45322e-21
665.508,5.87751e-21
665.551,6.00888e-21
665.594,5.69566e-21
665.637,5.99918e-21
665.679,6.24147e-21
665.722,6.1793e-21
665.765,5.66957e-21
665.808,5.60177e-21
665.85,6.20989e-21
665.893,6.39801e-21
665.936,7.25136e-21
665.979,7.93168e-21
666.021,7.81527e-21
666.064,8.3971e-21
666.107,8.48777e-21
666.15,7.98154e-21
666.193,7.39574e-21
666.235,6.48529e-21
666.278,6.36912e-21
666.321,6.83032e-21
666.364,7.8373e-21
666.407,8.40592e-21
666.45,7.81145e-21
666.492,8.14876e-21
666.535,8.77824e-21
666.578,8.82147e-21
