2424,2426,2428,2430,2432,2434,2436,2438,2440,2442,2444,2446,2448,2450,2452,2454,2456,2458,2460,2462,2464,2466,2468,2470,2472,2474,2476,2478,2480,2482,2484,2486,2488,2490,2492,2494,2496,2498,2500,2502,2504,2506,2508,2510,2512,2514,2516,2518,2520,2522,2524,2526,2528,2530,2532,2534,2536,2538,2540,2542,2544,2546,2548,2550,2552,2554,2556,2558,2560,2562,2564,2566,2568,2570,2572,2574,2576,2578,2580
1.622854970172989760e-04,1.540413161274061513e-04,1.503331224966726349e-04,1.500890518299571072e-04,1.423447721444112940e-04,1.356367685605505832e-04,1.335693936951469257e-04,1.328728386713589748e-04,1.264272959644942870e-04,1.230241637799349332e-04,1.232850966230865624e-04,1.204142711653425024e-04,1.173258232981854506e-04,1.156935967434354192e-04,1.145798949351513644e-04,1.096365097551127329e-04,1.113657072195235054e-04,1.075110316048214697e-04,1.065003664593314539e-04,1.028303448216548346e-04,1.022131223963482704e-04,1.043449089719923091e-04,1.036215345525305930e-04,9.963719675837673048e-05,1.019368419478060511e-04,9.950608361803584109e-05,9.918330972770512846e-05,9.679906908298228788e-05,9.720154336296850394e-05,9.467249014953248393e-05,9.415368410403513009e-05,9.422323140388780055e-05,9.280216069577051626e-05,9.278602752895670990e-05,9.160226904465686854e-05,9.276467978397086214e-05,9.334033582569076682e-05,9.134693222604188762e-05,9.010100464469788530e-05,9.049586078303101504e-05,8.836220849915894272e-05,8.917573437410915738e-05,9.101481514173164031e-05,8.940183542678651295e-05,8.844158197697858756e-05,8.914135091962753661e-05,8.836847424742597589e-05,8.724964850477906996e-05,8.663923232934064313e-05,8.585473300678441550e-05,8.479979870101911267e-05,8.613125114049460969e-05,8.739828194356165651e-05,8.659697147796322815e-05,8.651177861201509811e-05,8.517054281824400707e-05,8.738863507398435151e-05,8.786002475326373155e-05,8.911408432868941811e-05,8.973786127381875536e-05,8.890812621341592217e-05,9.011192450646571825e-05,9.219430651176604692e-05,9.252514686604485113e-05,9.206340161543676470e-05,9.215275963588031617e-05,9.115912028884961312e-05,9.145830707157079830e-05,9.143234567642783176e-05,9.130594978239794685e-05,8.957684500537373530e-05,9.152173122807068164e-05,9.533892079111222267e-05,9.708768888359261314e-05,9.755026373341649346e-05,9.702208858573478352e-05,9.721491822111014375e-05,9.830026400532766739e-05,9.438989538961139341e-05
1.540413161274061513e-04,1.488897943084678804e-04,1.453322008777267760e-04,1.447516548297490021e-04,1.390512931656431633e-04,1.338699949271443079e-04,1.320607040077814395e-04,1.316267355519460964e-04,1.265667648281018599e-04,1.239735496417451906e-04,1.240988224302754970e-04,1.222053167573463857e-04,1.201035011856908883e-04,1.184368561958933205e-04,1.172706083953787475e-04,1.133017142480884402e-04,1.154790502892898732e-04,1.118219031219270816e-04,1.103318120121759893e-04,1.071478812345164392e-04,1.071583012929878254e-04,1.085175646856442234e-04,1.076807863654746751e-04,1.052531719296557100e-04,1.072364476592774734e-04,1.046225180126076102e-04,1.046685279459800324e-04,1.024107738133002513e-04,1.028619627360872519e-04,1.004245591810446343e-04,1.003740456122935898e-04,1.003791115308961542e-04,9.865250142851248458e-05,9.876828377913177191e-05,9.796676301539270697e-05,9.875572379172444361e-05,9.942231440265817560e-05,9.795070069067683552e-05,9.681834624347174006e-05,9.716807267672560164e-05,9.499342294949178500e-05,9.572048363945114490e-05,9.778928495511527146e-05,9.635475645702922453e-05,9.504743037732416488e-05,9.574758612501335512e-05,9.516697745029755731e-05,9.441060616602469529e-05,9.384571030176307930e-05,9.302491852742745366e-05,9.230989962415499662e-05,9.308959596325853611e-05,9.441048705161476364e-05,9.391436396354293429e-05,9.348314951348495245e-05,9.254819613113990254e-05,9.481210711298791250e-05,9.515919624161841585e-05,9.643156039297835823e-05,9.678139590520292920e-05,9.605023195184189254e-05,9.710003393399614516e-05,9.911445345378274221e-05,9.955034541547772204e-05,9.906308348376644598e-05,9.876524043838881062e-05,9.755273450138366863e-05,9.843971136983999798e-05,9.821885310924490940e-05,9.788125776830941701e-05,9.608236048663714259e-05,9.817431620471799372e-05,1.015434839412775138e-04,1.033362919997763427e-04,1.039950753802667763e-04,1.028295281609600364e-04,1.029786109280820378e-04,1.042432119419543410e-04,1.002681179533928174e-04
1.503331224966726349e-04,1.453322008777267760e-04,1.428463344194601627e-04,1.420636020091033190e-04,1.367919725039620836e-04,1.321159278991278186e-04,1.305283303511209781e-04,1.301469670960295438e-04,1.254078347035639317e-04,1.233458214938351887e-04,1.234616911774698343e-04,1.217026084980867923e-04,1.200055794130649588e-04,1.186202278011060351e-04,1.174659272605753851e-04,1.134318900169705558e-04,1.158898452612461564e-04,1.119237474332953291e-04,1.105043576740392827e-04,1.073264968795903244e-04,1.074096429740686962e-04,1.085953677764822011e-04,1.068467239123933139e-04,1.056245637016637337e-04,1.081686282484961120e-04,1.055256828865681787e-04,1.055646465372029604e-04,1.034389406436980323e-04,1.036987050458338988e-04,1.014507417473175653e-04,1.015345987909865557e-04,1.013233355820551782e-04,9.966932700148338356e-05,9.964857002457003167e-05,9.888740012654545302e-05,1.000883572794526673e-04,1.002430899909968141e-04,9.887613351008497941e-05,9.769517390166698452e-05,9.810359629536751338e-05,9.625438634176651130e-05,9.671571925807852319e-05,9.854203615645163177e-05,9.742895150282756785e-05,9.614265233379337596e-05,9.715103279119896085e-05,9.647873063672456366e-05,9.566783595257657437e-05,9.512002359876488018e-05,9.456761394461626012e-05,9.382349722818775434e-05,9.465713576013644825e-05,9.584877780219247989e-05,9.521906521097687473e-05,9.499095468748927032e-05,9.408649589244069710e-05,9.628785319491822052e-05,9.685162935163968922e-05,9.810273489582408953e-05,9.823922318714510852e-05,9.792830978516284203e-05,9.894025024329094434e-05,1.008968301355252527e-04,1.011676503989791153e-04,1.007782763294491125e-04,1.005430368967447904e-04,9.905762598163097535e-05,9.977816627882067440e-05,9.985431654583650917e-05,9.952619318050115926e-05,9.750880504984185562e-05,9.961765408877679899e-05,1.031979947996177713e-04,1.050488201214048979e-04,1.053731562842981340e-04,1.041999276029390096e-04,1.045639286137451252e-04,1.056801137861490189e-04,1.019151914782601706e-04
1.500890518299571072e-04,1.447516548297490021e-04,1.420636020091033190e-04,1.428329296850606154e-04,1.373605634101786451e-04,1.322682948633679902e-04,1.308728641326641637e-04,1.305407168976292125e-04,1.258946265609660721e-04,1.236614949152667082e-04,1.239982346411900237e-04,1.223882220865496115e-04,1.204193947124970623e-04,1.187841234267418561e-04,1.179950645159069103e-04,1.140143526751355110e-04,1.164639065762272419e-04,1.129589169941493945e-04,1.118489311774417986e-04,1.090321485082782887e-04,1.093154001756791805e-04,1.110527368300891779e-04,1.116236329304004445e-04,1.077557204958422016e-04,1.093946237537571852e-04,1.071054119547159845e-04,1.069412752868593259e-04,1.050792241062413241e-04,1.054334227924966287e-04,1.031241469185092567e-04,1.031547558157438490e-04,1.031856305461995997e-04,1.015037080382866859e-04,1.018104633005121067e-04,1.006668154996734474e-04,1.020671383422704569e-04,1.022356622701608574e-04,1.007708158454269544e-04,9.996469322603356369e-05,1.000926228043882922e-04,9.809177892952590755e-05,9.854232743616289300e-05,1.009247191143148193e-04,9.926963612065487722e-05,9.832338743054019176e-05,9.883125728668748207e-05,9.836695066401089118e-05,9.754587145815929916e-05,9.670097921274804277e-05,9.597371461843945352e-05,9.521424263153945315e-05,9.599915777781109364e-05,9.732952792836678318e-05,9.657316324238590232e-05,9.641943257193919198e-05,9.546659200876690264e-05,9.777672870724601418e-05,9.818167649817715248e-05,9.944055630448192821e-05,9.994655182714883067e-05,9.925193992538616902e-05,1.002561101417255031e-04,1.020235178038067720e-04,1.022616706601831525e-04,1.019134354140166482e-04,1.016855375762606734e-04,1.007755044723186786e-04,1.012454665838213267e-04,1.011818386639167075e-04,1.007841990719799861e-04,9.920318524192942651e-05,1.011150869059878417e-04,1.046177290943648563e-04,1.066900053501813271e-04,1.069813190188337136e-04,1.058217786991653183e-04,1.060893738269374299e-04,1.071708556160468366e-04,1.035236328004642957e-04
1.423447721444112940e-04,1.390512931656431633e-04,1.367919725039620836e-04,1.373605634101786451e-04,1.346585396906609599e-04,1.301707511594144093e-04,1.291132777667899109e-04,1.288614912349824587e-04,1.255527278239064427e-04,1.240649435651679038e-04,1.242768916763619118e-04,1.239724317363165632e-04,1.226984400412824345e-04,1.209769298244745114e-04,1.198733506024775335e-04,1.169056462168451238e-04,1.196829893153458421e-04,1.168000819910329610e-04,1.151927785920428120e-04,1.134045962704855425e-04,1.146069297599421391e-04,1.163431109196205824e-04,1.197982801038359799e-04,1.137926342074890943e-04,1.142555864293473664e-04,1.115956788080700476e-04,1.119023847556972870e-04,1.100518373666863601e-04,1.105313024998717255e-04,1.081731670625932066e-04,1.087681723333611768e-04,1.087676969896849045e-04,1.068485418256023064e-04,1.075964732135397691e-04,1.064645961794043221e-04,1.073920893345489317e-04,1.078009611870321119e-04,1.068027411985107824e-04,1.068306564281516411e-04,1.063934213277543245e-04,1.040498618937636276e-04,1.044254479837012457e-04,1.077837874458891421e-04,1.056588666257291296e-04,1.047008877344930363e-04,1.044240867443828238e-04,1.046069909406247711e-04,1.039489426796632400e-04,1.029857754098182678e-04,1.020410920337640811e-04,1.014083587991520532e-04,1.017750774986198877e-04,1.031430353780568327e-04,1.027423113888649425e-04,1.021819580208764181e-04,1.015722907990771970e-04,1.039611899316234374e-04,1.041904618735085185e-04,1.054517290270211690e-04,1.058588386065436790e-04,1.051301887004691820e-04,1.059314171233287155e-04,1.074518779584960769e-04,1.078314896976848323e-04,1.075770545793026288e-04,1.068676593487064708e-04,1.065913305711559757e-04,1.073754371079984319e-04,1.070572594972819407e-04,1.062545462277738305e-04,1.048478943156112115e-04,1.070511176685634395e-04,1.095045367737065384e-04,1.126394333843494072e-04,1.126816253839199030e-04,1.106150533680518098e-04,1.109311603597130155e-04,1.119160285269016022e-04,1.083733478236532352e-04
1.356367685605505832e-04,1.338699949271443079e-04,1.321159278991278186e-04,1.322682948633679902e-04,1.301707511594144093e-04,1.275523218592276257e-04,1.263143281499869305e-04,1.263481854194959775e-04,1.238006273327670330e-04,1.230604682782430093e-04,1.231383911369545977e-04,1.229218965985788667e-04,1.225609973654635386e-04,1.211569028602954004e-04,1.200129806188169446e-04,1.172568458973602043e-04,1.204619029171265346e-04,1.171910833590532450e-04,1.155285813087676651e-04,1.135452000487834312e-04,1.145458435121591369e-04,1.153601637036657016e-04,1.152940912419648411e-04,1.140894836944155192e-04,1.153470867060725301e-04,1.130631432496164178e-04,1.132911475345511958e-04,1.117792971247638135e-04,1.121274688524235115e-04,1.100420557905454024e-04,1.108221608043178090e-04,1.106709055240500533e-04,1.087089332451800585e-04,1.092061683133236440e-04,1.085275474907449053e-04,1.096599188704500805e-04,1.095894743158644955e-04,1.088964120363784956e-04,1.081937977301867978e-04,1.083489409264738344e-04,1.064024810079034861e-04,1.066404002658531046e-04,1.092575038156169936e-04,1.078832851557962031e-04,1.066127057630991958e-04,1.071894785816676561e-04,1.070413537291530994e-04,1.066004457983908536e-04,1.057126837982413307e-04,1.051891685277270776e-04,1.047781128282597479e-04,1.049727143343349804e-04,1.062231790387265824e-04,1.057547591138011605e-04,1.052125951280702865e-04,1.048848000924275668e-04,1.071974545873444489e-04,1.075082945226517246e-04,1.088427755236787760e-04,1.086972311812513947e-04,1.084155808041652853e-04,1.091970486725667416e-04,1.106741331164800695e-04,1.110589837965667194e-04,1.107216856301693783e-04,1.099650236666456781e-04,1.089014276804931589e-04,1.097300831769863029e-04,1.098270672882540743e-04,1.093003313957835638e-04,1.074272506971240843e-04,1.094614657048723717e-04,1.120767402787017442e-04,1.147297881393369209e-04,1.148333440800827478e-04,1.128347903458777439e-04,1.132729932258551406e-04,1.144566614313258376e-04,1.110717353113882560e-04
1.335693936951469257e-04,1.320607040077814395e-04,1.305283303511209781e-04,1.308728641326641637e-04,1.291132777667899109e-04,1.263143281499869305e-04,1.258263285098759295e-04,1.254634589531554835e-04,1.232217874844127666e-04,1.226013543532914884e-04,1.226360178120923462e-04,1.228147827342324712e-04,1.224404526326597332e-04,1.208338233521243402e-04,1.198309211830096292e-04,1.173678962107933653e-04,1.206344404112622525e-04,1.175971625597065735e-04,1.158009240188903019e-04,1.142275154771116953e-04,1.153416415534351655e-04,1.160436087344102776e-04,1.168960112099007786e-04,1.148811457550049351e-04,1.158342643479461640e-04,1.135243412265800789e-04,1.138637344713034282e-04,1.123413310477089946e-04,1.127656609444212726e-04,1.107341567624074989e-04,1.115403601268102418e-04,1.115160657283542991e-04,1.094939013955657906e-04,1.101248780762144997e-04,1.093436069551197360e-04,1.102899139697162894e-04,1.105028576965470116e-04,1.098164746701849737e-04,1.093228202866976923e-04,1.093631334458750536e-04,1.073887882755474797e-04,1.075592821083740330e-04,1.102981628510616357e-04,1.088362211226059429e-04,1.074611282034116793e-04,1.080057641515866053e-04,1.079154421692322583e-04,1.076557973211584359e-04,1.066993413648223578e-04,1.061312232385402065e-04,1.056977721229357528e-04,1.057257670610766657e-04,1.071645455009793003e-04,1.066120344318997973e-04,1.061814305558824156e-04,1.058423601016729345e-04,1.080337960466031612e-04,1.083963323625090664e-04,1.096388508942771126e-04,1.095331012145094127e-04,1.092354240862288147e-04,1.099627091543212322e-04,1.113672652965720704e-04,1.117444692676655308e-04,1.114499477514589200e-04,1.105775228916233872e-04,1.096467170065033918e-04,1.105967932975573877e-04,1.105757309080163798e-04,1.098254923217382810e-04,1.083259251359112958e-04,1.102356358443133357e-04,1.127313754328919165e-04,1.151773575663174145e-04,1.155320497842882686e-04,1.134085110497745294e-04,1.138903812684274018e-04,1.149697238253032192e-04,1.116078102218081875e-04
1.328728386713589748e-04,1.316267355519460964e-04,1.301469670960295438e-04,1.305407168976292125e-04,1.288614912349824587e-04,1.263481854194959775e-04,1.254634589531554835e-04,1.260189201358495516e-04,1.235120534813887979e-04,1.230670998613917584e-04,1.232955212227657040e-04,1.231135620229331011e-04,1.230905264858626533e-04,1.217469466668314419e-04,1.206699858298085533e-04,1.181190276592945581e-04,1.214447337244816826e-04,1.180408644510935810e-04,1.165175297589222996e-04,1.147127813304557879e-04,1.159703113681876784e-04,1.168963050504445944e-04,1.174168941523531269e-04,1.157846635361303256e-04,1.170400752060936627e-04,1.146016875501644218e-04,1.149690130184431112e-04,1.133985462140900180e-04,1.137365997969677590e-04,1.117716082309936851e-04,1.125166374451152791e-04,1.124045315586307605e-04,1.104170293627506309e-04,1.106954372187305633e-04,1.102081665237997400e-04,1.114757146056353663e-04,1.112348863385987876e-04,1.107153435681060933e-04,1.101288929870408527e-04,1.102114351321524158e-04,1.083664604994035688e-04,1.083817024094454860e-04,1.112212489648938647e-04,1.099133991533846641e-04,1.084909869252610650e-04,1.091271949649961473e-04,1.090302401529683849e-04,1.085305994801722285e-04,1.077185448734134250e-04,1.071075436792161522e-04,1.067503588863302468e-04,1.068856779497121879e-04,1.080619097531346229e-04,1.076892376330044522e-04,1.071797551547737804e-04,1.068028039328979391e-04,1.092308000949381068e-04,1.095807521800577322e-04,1.108692739550674785e-04,1.107429110434183904e-04,1.105735764655626087e-04,1.113109269473339162e-04,1.127150445282380515e-04,1.129569531519405881e-04,1.127688503898868197e-04,1.119383672156276140e-04,1.107203004874575180e-04,1.117849868342715383e-04,1.117719955729769071e-04,1.112050280310230085e-04,1.093751033965977367e-04,1.113121075221862848e-04,1.141366442982077827e-04,1.166260955884016733e-04,1.169121908173835494e-04,1.146042574304091861e-04,1.151254985150423091e-04,1.162602184715273560e-04,1.129098015424972914e-04
1.264272959644942870e-04,1.265667648281018599e-04,1.254078347035639317e-04,1.258946265609660721e-04,1.255527278239064427e-04,1.238006273327670330e-04,1.232217874844127666e-04,1.235120534813887979e-04,1.224389356705332904e-04,1.221645945890832284e-04,1.223366448078173723e-04,1.228966030493294098e-04,1.234290372816220849e-04,1.219650834024878396e-04,1.209815513205452463e-04,1.190226231450495581e-04,1.226248902217460884e-04,1.195624886867458056e-04,1.177035878426724151e-04,1.163446975497328423e-04,1.179200092720014567e-04,1.184190573936544236e-04,1.191163303582377573e-04,1.180959809271052766e-04,1.190073599683771216e-04,1.166387433201401304e-04,1.170949171960245346e-04,1.157265796521411287e-04,1.161325678345076371e-04,1.142483657876187898e-04,1.153392347024511196e-04,1.151729713528525236e-04,1.129980701009564029e-04,1.136364947944170620e-04,1.131138308152530874e-04,1.141816478898083549e-04,1.139623670610938181e-04,1.136880384751617906e-04,1.132438537074523867e-04,1.132418211547117415e-04,1.114372469144928366e-04,1.113928632551084623e-04,1.143019196311945488e-04,1.130164368363508007e-04,1.115836800652617462e-04,1.121184933805592670e-04,1.122264635935119737e-04,1.119434871828481494e-04,1.109405241372780860e-04,1.104690897603912472e-04,1.102815863283223435e-04,1.100090344681125919e-04,1.112850169488175284e-04,1.110061135649977385e-04,1.102867207146296261e-04,1.102043935022506313e-04,1.125674763756748774e-04,1.129182773055770661e-04,1.141698753299833256e-04,1.139073763074588863e-04,1.138081366220995168e-04,1.144755607639554165e-04,1.157245345385951146e-04,1.160285341798032905e-04,1.158267391872775753e-04,1.147255116449089188e-04,1.135719561529399734e-04,1.148394051812198639e-04,1.147249193313275170e-04,1.140205498112102411e-04,1.122598180082145337e-04,1.143520588984764066e-04,1.165468417340400725e-04,1.194600353530466872e-04,1.194501045964760285e-04,1.169633660568691137e-04,1.174902558609942856e-04,1.186673297836255455e-04,1.154742381711712610e-04
1.230241637799349332e-04,1.239735496417451906e-04,1.233458214938351887e-04,1.236614949152667082e-04,1.240649435651679038e-04,1.230604682782430093e-04,1.226013543532914884e-04,1.230670998613917584e-04,1.221645945890832284e-04,1.233749782891486253e-04,1.232712530374656206e-04,1.237884980424672676e-04,1.249183288038020691e-04,1.239037176474920468e-04,1.228048506864749692e-04,1.207421438117501641e-04,1.246635512933526118e-04,1.211399793189165493e-04,1.192637358498845789e-04,1.177194908894453195e-04,1.195819144528395339e-04,1.198835363093984387e-04,1.192115671651035997e-04,1.202189109639405321e-04,1.217461832605880431e-04,1.192716262851119773e-04,1.198708309013321431e-04,1.185462077399419476e-04,1.188283911638162577e-04,1.168578946576617929e-04,1.182118339649071930e-04,1.177611834005127937e-04,1.155761288757263403e-04,1.158721674522296722e-04,1.155905148317448315e-04,1.171421042201325894e-04,1.163508660833480467e-04,1.163374528336783183e-04,1.155234477701802667e-04,1.158390198215400528e-04,1.142477583803794429e-04,1.139373150339668262e-04,1.167540474018576539e-04,1.157499265129579950e-04,1.142665754854756458e-04,1.152264039337921062e-04,1.151247802418697749e-04,1.148106174490504052e-04,1.139248986417120308e-04,1.136064761816702357e-04,1.135012680815609477e-04,1.132997460985287304e-04,1.144370929541986889e-04,1.141580606050342835e-04,1.134582833333767904e-04,1.134401107568857437e-04,1.159811114669483285e-04,1.164142169306117664e-04,1.177908912128248879e-04,1.172189260235463517e-04,1.176196796300438253e-04,1.182540571465764756e-04,1.195271363462005205e-04,1.198068640264911126e-04,1.195851764928485895e-04,1.186279210719557543e-04,1.169217788464672875e-04,1.180258404187179441e-04,1.183292219328206706e-04,1.176429825310377813e-04,1.153673860584030413e-04,1.175620101054368971e-04,1.202771404953811987e-04,1.231005266718713815e-04,1.229949531857858574e-04,1.203805971167178155e-04,1.210165057461112039e-04,1.222742287845220502e-04,1.190731024588955242e-04
1.232850966230865624e-04,1.240988224302754970e-04,1.234616911774698343e-04,1.239982346411900237e-04,1.242768916763619118e-04,1.231383911369545977e-04,1.226360178120923462e-04,1.232955212227657040e-04,1.223366448078173723e-04,1.232712530374656206e-04,1.238451465792880725e-04,1.238804399133579248e-04,1.250471196805549466e-04,1.241634196904619323e-04,1.229875603597918999e-04,1.208979061900403152e-04,1.248972058537782309e-04,1.212609996297958783e-04,1.195076441032237797e-04,1.178031118260111892e-04,1.196245100310076539e-04,1.201119724521013365e-04,1.192017594588259320e-04,1.203798036460470558e-04,1.219841614264635757e-04,1.194972478020966299e-04,1.200857593090887219e-04,1.186195672517398130e-04,1.190072339262411241e-04,1.170786191749164772e-04,1.183271684573719334e-04,1.178735545865765603e-04,1.156456343319091378e-04,1.158748262323506666e-04,1.156468454554738427e-04,1.172912859788534715e-04,1.163420035595122550e-04,1.164092956170519858e-04,1.155615456560935380e-04,1.158846447188900816e-04,1.143309927063613254e-04,1.138389968336479645e-04,1.167923544529202238e-04,1.158034066920050128e-04,1.142454425716351977e-04,1.152431338290317131e-04,1.152125050397415480e-04,1.147974664481231469e-04,1.138659663951587566e-04,1.135259154221421774e-04,1.134313474725207868e-04,1.133259935876084325e-04,1.143836136334809345e-04,1.141574326383307578e-04,1.134448730321207648e-04,1.133954515380266491e-04,1.160720602755483017e-04,1.165035013209933773e-04,1.178946491105352129e-04,1.173411166747578409e-04,1.177920237623025231e-04,1.184152898681024998e-04,1.197135640192958375e-04,1.200746893031067700e-04,1.198365439171012419e-04,1.188972097331686818e-04,1.169171709305525276e-04,1.182407482228053073e-04,1.184812056181615823e-04,1.178120029533784709e-04,1.152765981256493363e-04,1.176179183147639621e-04,1.205593611497389077e-04,1.235045820633622190e-04,1.233628263254033007e-04,1.207516143160295471e-04,1.214661536007750626e-04,1.226296464999352591e-04,1.193375075388975327e-04
1.204142711653425024e-04,1.222053167573463857e-04,1.217026084980867923e-04,1.223882220865496115e-04,1.239724317363165632e-04,1.229218965985788667e-04,1.228147827342324712e-04,1.231135620229331011e-04,1.228966030493294098e-04,1.237884980424672676e-04,1.238804399133579248e-04,1.258061938593729528e-04,1.265185445391958771e-04,1.252296205302614826e-04,1.240130460410211407e-04,1.228309566900865951e-04,1.268551590870688943e-04,1.242627421647318623e-04,1.220189817645733884e-04,1.215451103556204642e-04,1.240767020232155023e-04,1.246987872685548628e-04,1.281561297522905202e-04,1.250471649130911690e-04,1.250520895472747955e-04,1.223693579394667425e-04,1.232051129049116403e-04,1.219404067010270375e-04,1.224143335823393202e-04,1.203770269202927260e-04,1.220234601058904471e-04,1.218163069637699414e-04,1.194912273168961532e-04,1.204465228679719199e-04,1.198079953797446384e-04,1.208001005482841581e-04,1.205772332086453688e-04,1.207243997841098067e-04,1.209902057674624277e-04,1.205093091244186974e-04,1.184567952901038245e-04,1.182504133666924392e-04,1.220447191222630930e-04,1.203128321312751773e-04,1.189039804118242720e-04,1.189068771553566933e-04,1.195117690980801185e-04,1.193960128231181302e-04,1.182047641819282082e-04,1.175909546133681484e-04,1.174765160540008674e-04,1.169587761541159541e-04,1.182925025744498962e-04,1.181330830758513760e-04,1.173195398345726933e-04,1.174466348881325183e-04,1.199305521006934492e-04,1.202027173651394306e-04,1.214659184334218069e-04,1.210946357062908744e-04,1.210860529927613012e-04,1.215573665448701688e-04,1.227194568818738070e-04,1.230948867591037795e-04,1.229320941176053055e-04,1.215857341630321211e-04,1.208538266182140262e-04,1.222313739890414932e-04,1.220860735053031724e-04,1.208575287322169429e-04,1.192496485569974232e-04,1.214517608290423728e-04,1.233593349369610829e-04,1.267328085456581935e-04,1.269410430074048915e-04,1.235781958923169634e-04,1.241892488872369102e-04,1.253560325387052614e-04,1.220791763885276527e-04
1.173258232981854506e-04,1.201035011856908883e-04,1.200055794130649588e-04,1.204193947124970623e-04,1.226984400412824345e-04,1.225609973654635386e-04,1.224404526326597332e-04,1.230905264858626533e-04,1.234290372816220849e-04,1.249183288038020691e-04,1.250471196805549466e-04,1.265185445391958771e-04,1.285945714145987119e-04,1.273078892829157581e-04,1.260772935609385170e-04,1.249004811162090741e-04,1.293163423473635179e-04,1.261096646094455838e-04,1.238951422504241191e-04,1.230983944769039478e-04,1.255558898522786545e-04,1.256260221841323181e-04,1.264278607197917190e-04,1.268014132687221487e-04,1.276312297869721497e-04,1.249907972303399928e-04,1.259154081755389852e-04,1.246713150944277356e-04,1.250477153475044686e-04,1.232622133833910483e-04,1.249700991810329250e-04,1.245444015146416358e-04,1.220905313248153267e-04,1.227319826922224912e-04,1.225682945480466345e-04,1.237351776456880432e-04,1.230567463780978855e-04,1.234681229199779929e-04,1.232121307190173014e-04,1.231756442291321706e-04,1.214148076039693494e-04,1.210234175423484712e-04,1.244090754397378384e-04,1.232512389013163485e-04,1.215772364257102048e-04,1.222210436573684588e-04,1.225538031164944135e-04,1.224233888910214126e-04,1.214268551055361969e-04,1.210123286354706834e-04,1.211055247677817598e-04,1.204523274475481935e-04,1.216107912091354907e-04,1.215554013232643182e-04,1.206123507180531268e-04,1.209111824804961084e-04,1.234372599561171563e-04,1.239090229080703066e-04,1.252056252662041606e-04,1.245036562273205410e-04,1.249750103520917038e-04,1.254379005056531439e-04,1.265053244236176455e-04,1.267710662370019094e-04,1.266797005470849530e-04,1.252427028839900433e-04,1.237969756325764826e-04,1.253725418555444882e-04,1.253923187692827475e-04,1.244555817410704769e-04,1.223158280955948462e-04,1.246898614457760254e-04,1.267015684570139424e-04,1.300849860950329773e-04,1.298925736280882219e-04,1.266047553774644321e-04,1.272928092934391621e-04,1.285309097540599454e-04,1.254689587160070802e-04
1.156935967434354192e-04,1.184368561958933205e-04,1.186202278011060351e-04,1.187841234267418561e-04,1.209769298244745114e-04,1.211569028602954004e-04,1.208338233521243402e-04,1.217469466668314419e-04,1.219650834024878396e-04,1.239037176474920468e-04,1.241634196904619323e-04,1.252296205302614826e-04,1.273078892829157581e-04,1.270359384485938786e-04,1.254145963216699564e-04,1.238688168636815825e-04,1.284023839955918697e-04,1.247328464719570464e-04,1.226304478010013679e-04,1.213575249746413106e-04,1.237284256039523683e-04,1.237864199036647602e-04,1.228942377139685921e-04,1.252303889695273692e-04,1.268460168622002871e-04,1.240888722031656844e-04,1.250151748803588056e-04,1.236474839373961551e-04,1.239801631119128540e-04,1.221251897503355889e-04,1.239061196519541865e-04,1.231586343871632729e-04,1.208885925533538492e-04,1.211342647442768984e-04,1.211703198426079993e-04,1.227465560850794801e-04,1.215291214063816196e-04,1.220026281629178560e-04,1.214181653741644445e-04,1.215781336954747152e-04,1.201565272360342158e-04,1.195097249511034311e-04,1.225763202790309712e-04,1.218261971270097116e-04,1.202033113347020655e-04,1.212315502609429766e-04,1.214306022526223194e-04,1.210018449182815686e-04,1.201398517618081487e-04,1.199667656938763823e-04,1.200680479109017708e-04,1.197227219661222921e-04,1.205912131781639349e-04,1.204828057908297886e-04,1.196907381953424873e-04,1.199321680395252365e-04,1.225537171878439879e-04,1.230965693030301484e-04,1.245794386138224144e-04,1.236088986759490457e-04,1.244494095817770237e-04,1.249059868190862419e-04,1.261463757801840641e-04,1.265180427795787048e-04,1.263045841048774916e-04,1.251520028291660299e-04,1.230404934970161614e-04,1.246320327286747325e-04,1.249033839638704843e-04,1.240054992089462647e-04,1.212791104806691303e-04,1.238603695666609075e-04,1.264543659546607459e-04,1.299642026153746373e-04,1.294411332587404914e-04,1.263346647257308124e-04,1.270527702605404115e-04,1.282816582878735666e-04,1.252449363146133487e-04
1.145798949351513644e-04,1.172706083953787475e-04,1.174659272605753851e-04,1.179950645159069103e-04,1.198733506024775335e-04,1.200129806188169446e-04,1.198309211830096292e-04,1.206699858298085533e-04,1.209815513205452463e-04,1.228048506864749692e-04,1.229875603597918999e-04,1.240130460410211407e-04,1.260772935609385170e-04,1.254145963216699564e-04,1.246136056814143461e-04,1.227818059107216775e-04,1.271360082456735908e-04,1.234307157467646207e-04,1.215609270859679936e-04,1.201836450320502991e-04,1.225342800963450871e-04,1.225294843913192293e-04,1.214726605258433092e-04,1.238893105614140885e-04,1.256539212098047660e-04,1.231279262923777368e-04,1.238614984021570414e-04,1.227796057422214085e-04,1.229390571261134335e-04,1.211186050279248024e-04,1.228122932790750731e-04,1.221163626256627005e-04,1.197827016119057798e-04,1.200221298211970024e-04,1.199684982233016319e-04,1.218745541824861481e-04,1.205046060801398078e-04,1.208400856462757314e-04,1.200959685710703475e-04,1.203826679390608865e-04,1.191026389820875914e-04,1.184251745314908683e-04,1.213403339660305982e-04,1.206280576827727541e-04,1.191417924198450633e-04,1.202371937945573678e-04,1.203240807532869871e-04,1.199295309601027448e-04,1.189843420896235127e-04,1.188822315018503954e-04,1.189790419121917081e-04,1.185953397156442994e-04,1.195407175874096701e-04,1.193187973188938764e-04,1.185417975750659712e-04,1.187985503369086773e-04,1.214243208291116311e-04,1.219751034264419004e-04,1.233544343043409697e-04,1.226222878696858450e-04,1.234190933920629280e-04,1.239488056217231406e-04,1.251478750291903680e-04,1.252893596428588145e-04,1.252039226535926883e-04,1.241604321888752679e-04,1.219086108598449653e-04,1.233582188677571228e-04,1.235952693103963831e-04,1.229307424998980086e-04,1.201877686039870622e-04,1.226208671067522467e-04,1.256285755747730615e-04,1.285615303780173748e-04,1.281485273616440120e-04,1.252071052989953896e-04,1.258708993127093838e-04,1.271466553652362739e-04,1.242137135105465698e-04
1.096365097551127329e-04,1.133017142480884402e-04,1.134318900169705558e-04,1.140143526751355110e-04,1.169056462168451238e-04,1.172568458973602043e-04,1.173678962107933653e-04,1.181190276592945581e-04,1.190226231450495581e-04,1.207421438117501641e-04,1.208979061900403152e-04,1.228309566900865951e-04,1.249004811162090741e-04,1.238688168636815825e-04,1.227818059107216775e-04,1.221697704334303387e-04,1.264580107970023992e-04,1.235663916243099963e-04,1.213146310948256065e-04,1.208163155023053015e-04,1.235473006533511749e-04,1.234927333667121144e-04,1.247802257632626391e-04,1.250722581522037402e-04,1.256100287823245175e-04,1.230485458533805672e-04,1.239880663193630662e-04,1.229922942526178137e-04,1.233600955994394819e-04,1.216273131529635953e-04,1.234939193491545759e-04,1.230872646727214522e-04,1.206645993884592985e-04,1.213975943712875428e-04,1.212775681647743000e-04,1.223720986679795078e-04,1.216518757417327300e-04,1.222915754040760153e-04,1.222281916481866826e-04,1.220036134456946092e-04,1.203881134837117805e-04,1.198528424070431875e-04,1.233248310557349037e-04,1.222020466571936996e-04,1.205645778631845287e-04,1.211059072412113828e-04,1.216043295422226353e-04,1.215979367153528616e-04,1.205114537575459132e-04,1.201249504681353800e-04,1.203411998373287377e-04,1.195031840935203461e-04,1.206861543114131648e-04,1.206705265577813675e-04,1.197168160311886840e-04,1.201760542682748199e-04,1.226230877354919755e-04,1.229938445121434639e-04,1.242563718853844637e-04,1.235772146488418454e-04,1.240121867161943225e-04,1.243793975018442756e-04,1.254062387637516882e-04,1.256941577923043215e-04,1.256806289645161332e-04,1.241049526348404948e-04,1.227016291329213131e-04,1.245053448084837552e-04,1.242914246105395251e-04,1.233228279885971554e-04,1.212739883425761450e-04,1.236179223360634740e-04,1.254922205430103650e-04,1.288012606063830741e-04,1.286276628652286357e-04,1.252548878458224866e-04,1.258886583681238509e-04,1.270726654209267126e-04,1.241380722133034620e-04
1.113657072195235054e-04,1.154790502892898732e-04,1.158898452612461564e-04,1.164639065762272419e-04,1.196829893153458421e-04,1.204619029171265346e-04,1.206344404112622525e-04,1.214447337244816826e-04,1.226248902217460884e-04,1.246635512933526118e-04,1.248972058537782309e-04,1.268551590870688943e-04,1.293163423473635179e-04,1.284023839955918697e-04,1.271360082456735908e-04,1.264580107970023992e-04,1.314949556857873821e-04,1.281344089863397121e-04,1.257539113435535063e-04,1.252681540590764437e-04,1.279249567262729292e-04,1.277783399777239742e-04,1.280762465228092988e-04,1.297171162232459304e-04,1.306070738253253881e-04,1.280493273477077579e-04,1.289323249797089197e-04,1.279493008189778590e-04,1.283463126802127162e-04,1.266783650938150120e-04,1.286677504398870504e-04,1.281733029643608004e-04,1.256313171827951286e-04,1.263620267115360125e-04,1.262953680703969518e-04,1.277173652720498681e-04,1.266386661937111881e-04,1.273623792983577822e-04,1.271106206273354066e-04,1.270806875665807202e-04,1.255577657752508184e-04,1.248736507741927623e-04,1.282923655605549282e-04,1.273247465253971120e-04,1.255652255455904861e-04,1.263684799929921509e-04,1.268302577993947911e-04,1.268139220215326710e-04,1.257305223809154651e-04,1.254496717187187857e-04,1.257110336324759035e-04,1.248434950552736547e-04,1.260404292126298808e-04,1.259410454293493481e-04,1.250269620923708913e-04,1.255495248429438994e-04,1.281146390196448166e-04,1.286033273869607505e-04,1.299046985919126386e-04,1.290119340867295977e-04,1.296848321956072122e-04,1.300981737404917609e-04,1.311023319139291139e-04,1.314398513033587389e-04,1.313033215284644837e-04,1.297520884311871374e-04,1.280702562976812782e-04,1.298206009194220517e-04,1.299660891149357223e-04,1.288978676665823774e-04,1.265966130636951115e-04,1.290133895695507783e-04,1.310310713007335054e-04,1.344836418056776612e-04,1.342229796719510420e-04,1.307043392247785984e-04,1.316142682154763629e-04,1.327837249937707526e-04,1.297278289079306570e-04
1.075110316048214697e-04,1.118219031219270816e-04,1.119237474332953291e-04,1.129589169941493945e-04,1.168000819910329610e-04,1.171910833590532450e-04,1.175971625597065735e-04,1.180408644510935810e-04,1.195624886867458056e-04,1.211399793189165493e-04,1.212609996297958783e-04,1.242627421647318623e-04,1.261096646094455838e-04,1.247328464719570464e-04,1.234307157467646207e-04,1.235663916243099963e-04,1.281344089863397121e-04,1.265005285510602175e-04,1.237128013519102007e-04,1.243545851517271442e-04,1.273566797924597825e-04,1.274387528134985053e-04,1.317422945554226556e-04,1.291461861811450044e-04,1.280817500859611935e-04,1.257723202290384238e-04,1.266567933395085362e-04,1.259491241038337734e-04,1.265734911071999874e-04,1.248270451303685341e-04,1.269865918943969597e-04,1.269110404544400146e-04,1.243858126426849921e-04,1.259493408371895095e-04,1.253776286552669246e-04,1.258530812024108328e-04,1.258768510629840827e-04,1.265164972865653805e-04,1.272709376955889749e-04,1.264896604232126193e-04,1.244334857127258373e-04,1.240429727619449317e-04,1.282527813650219785e-04,1.264287757387616009e-04,1.248588430408199227e-04,1.247095439033141261e-04,1.256263380579993928e-04,1.259889088187516465e-04,1.246044314249569046e-04,1.239798155774435252e-04,1.241698211175103130e-04,1.230630732804188397e-04,1.245867962074735582e-04,1.245168395704638221e-04,1.234836951965910729e-04,1.240822076250656003e-04,1.264308063927080275e-04,1.265235029950908857e-04,1.277155044298879214e-04,1.271453671053156319e-04,1.269690552560812015e-04,1.272710245296516203e-04,1.279795939754244712e-04,1.286071286211702301e-04,1.284032690719487738e-04,1.264842706048002632e-04,1.262453969599198859e-04,1.278796419871248242e-04,1.276540357055833141e-04,1.262833985245312570e-04,1.249869712953156876e-04,1.271781500316074526e-04,1.277382133864013382e-04,1.315685605599228999e-04,1.316398989579294087e-04,1.279212947215191323e-04,1.286522541302065575e-04,1.297384544291611949e-04,1.266883226769320125e-04
1.065003664593314539e-04,1.103318120121759893e-04,1.105043576740392827e-04,1.118489311774417986e-04,1.151927785920428120e-04,1.155285813087676651e-04,1.158009240188903019e-04,1.165175297589222996e-04,1.177035878426724151e-04,1.192637358498845789e-04,1.195076441032237797e-04,1.220189817645733884e-04,1.238951422504241191e-04,1.226304478010013679e-04,1.215609270859679936e-04,1.213146310948256065e-04,1.257539113435535063e-04,1.237128013519102007e-04,1.218812315298901841e-04,1.221174973251597153e-04,1.249814874340979146e-04,1.252246978648709859e-04,1.292663146500614096e-04,1.266662528358310712e-04,1.258847991801776182e-04,1.237001616700724013e-04,1.245479489246553771e-04,1.239462983969111254e-04,1.243125765118605064e-04,1.228085219674720325e-04,1.246939187187955859e-04,1.247418761121074399e-04,1.223573524617874522e-04,1.236277450994063961e-04,1.231542373763100352e-04,1.239051261928532594e-04,1.237244781236526724e-04,1.242186250245982081e-04,1.247558888829491193e-04,1.241357435300405050e-04,1.222356955813694377e-04,1.217525734046876054e-04,1.258652265744637962e-04,1.242051374275828575e-04,1.227296417170372256e-04,1.227091442187439963e-04,1.235180101327305164e-04,1.236388899236708040e-04,1.223724550988160948e-04,1.218036730242576211e-04,1.218958680638247851e-04,1.210618580648098778e-04,1.224203154537107979e-04,1.222102625491802697e-04,1.213950889578467574e-04,1.217922998956569888e-04,1.241579816410352875e-04,1.242828319757664107e-04,1.254779004187413899e-04,1.249982348138899016e-04,1.247712540471952291e-04,1.250488587249720164e-04,1.256585237416996494e-04,1.261604643950504348e-04,1.261162401740104912e-04,1.243544267504817090e-04,1.239025084172101136e-04,1.254113325243589824e-04,1.252645785037279796e-04,1.241814004220692094e-04,1.229188170967444773e-04,1.247578387598170520e-04,1.257110986887104186e-04,1.291426255814897726e-04,1.292650125537395047e-04,1.257532573992378158e-04,1.264743164766730834e-04,1.275711302712499392e-04,1.246982064925303681e-04
1.028303448216548346e-04,1.071478812345164392e-04,1.073264968795903244e-04,1.090321485082782887e-04,1.134045962704855425e-04,1.135452000487834312e-04,1.142275154771116953e-04,1.147127813304557879e-04,1.163446975497328423e-04,1.177194908894453195e-04,1.178031118260111892e-04,1.215451103556204642e-04,1.230983944769039478e-04,1.213575249746413106e-04,1.201836450320502991e-04,1.208163155023053015e-04,1.252681540590764437e-04,1.243545851517271442e-04,1.221174973251597153e-04,1.239260206297709008e-04,1.271076376070072868e-04,1.277415599690975758e-04,1.363479348774046713e-04,1.290530644510671631e-04,1.264556799988573608e-04,1.242942711277990851e-04,1.252754907559626917e-04,1.249116063743316979e-04,1.254370270333221397e-04,1.239523598139304766e-04,1.260233258942173565e-04,1.265221252087732329e-04,1.240864032292709411e-04,1.260847132102124268e-04,1.251794204191842771e-04,1.253849872996699204e-04,1.258986805578077197e-04,1.264583662141842771e-04,1.280697846593373387e-04,1.266942132722500701e-04,1.243629626811360738e-04,1.240107078721238462e-04,1.291177995428425412e-04,1.266068097420434914e-04,1.252963736246323731e-04,1.242620177039152759e-04,1.256411270905214957e-04,1.261216222649444137e-04,1.245408940097772021e-04,1.236146057030801664e-04,1.236382053349186622e-04,1.225065583790258602e-04,1.241514582624721565e-04,1.239860687748425123e-04,1.230582201157993125e-04,1.235988631775553027e-04,1.257667082029853794e-04,1.256332078411007429e-04,1.267367054451343700e-04,1.264883625773595335e-04,1.255858212853292388e-04,1.257468373283733706e-04,1.260751900112088493e-04,1.267374346753314036e-04,1.267022465653482109e-04,1.245394533831950632e-04,1.255346464944246526e-04,1.269558097172286714e-04,1.265457783401839056e-04,1.249816911085034079e-04,1.247562912070480142e-04,1.263004351498543893e-04,1.259634800616621483e-04,1.299060362579275950e-04,1.303349321961279231e-04,1.261993147067876368e-04,1.270060291101817774e-04,1.279319978447051036e-04,1.250718398353890131e-04
1.022131223963482704e-04,1.071583012929878254e-04,1.074096429740686962e-04,1.093154001756791805e-04,1.146069297599421391e-04,1.145458435121591369e-04,1.153416415534351655e-04,1.159703113681876784e-04,1.179200092720014567e-04,1.195819144528395339e-04,1.196245100310076539e-04,1.240767020232155023e-04,1.255558898522786545e-04,1.237284256039523683e-04,1.225342800963450871e-04,1.235473006533511749e-04,1.279249567262729292e-04,1.273566797924597825e-04,1.249814874340979146e-04,1.271076376070072868e-04,1.316601010556479499e-04,1.326476782656960010e-04,1.448024492933641509e-04,1.336919790946690465e-04,1.303306919695596758e-04,1.275369833461892052e-04,1.288390071313342102e-04,1.283140688091418476e-04,1.288344638869296356e-04,1.271246370550327474e-04,1.293956663205100832e-04,1.299605706294134949e-04,1.273586866473539890e-04,1.295359732365609885e-04,1.285453706409468179e-04,1.286701569392457783e-04,1.292351135164544068e-04,1.299949936657119438e-04,1.323870164695626164e-04,1.305109517185631387e-04,1.277994675567979395e-04,1.274233349923306580e-04,1.334804143632743810e-04,1.304317454405507567e-04,1.292233022490260250e-04,1.274712103209457855e-04,1.293116942249967257e-04,1.296844429131485405e-04,1.280572135373149434e-04,1.267424589683085903e-04,1.268068740254491619e-04,1.254672324837773024e-04,1.271522498455708323e-04,1.273096076169802327e-04,1.261243291549119861e-04,1.265538008911016536e-04,1.291129592184984336e-04,1.287822019284227146e-04,1.298572283479783979e-04,1.298942036298553551e-04,1.288870403872982974e-04,1.289106991965186736e-04,1.293471447618664550e-04,1.298232941444705743e-04,1.299638216277034029e-04,1.276436787398105960e-04,1.291075750290777621e-04,1.308246218763805841e-04,1.298679576479803196e-04,1.280789393217971590e-04,1.280904617200349016e-04,1.297177974847697139e-04,1.294988402076167509e-04,1.337509222403739377e-04,1.344210751916549240e-04,1.294912901469997125e-04,1.300389690971795833e-04,1.310606625797927172e-04,1.279489626869211082e-04
1.043449089719923091e-04,1.085175646856442234e-04,1.085953677764822011e-04,1.110527368300891779e-04,1.163431109196205824e-04,1.153601637036657016e-04,1.160436087344102776e-04,1.168963050504445944e-04,1.184190573936544236e-04,1.198835363093984387e-04,1.201119724521013365e-04,1.246987872685548628e-04,1.256260221841323181e-04,1.237864199036647602e-04,1.225294843913192293e-04,1.234927333667121144e-04,1.277783399777239742e-04,1.274387528134985053e-04,1.252246978648709859e-04,1.277415599690975758e-04,1.326476782656960010e-04,1.352568217488464260e-04,1.510714475099995339e-04,1.351756546332855602e-04,1.309246930151603222e-04,1.277427000680509989e-04,1.291169790392093786e-04,1.284859478933005137e-04,1.289865834171138425e-04,1.270417744512803598e-04,1.292898609204380905e-04,1.299574862668976139e-04,1.274703331565660259e-04,1.298596673079085745e-04,1.285158475073366609e-04,1.287740407038237317e-04,1.293114015576034758e-04,1.300425946123029170e-04,1.333078983361358019e-04,1.306824459877288915e-04,1.277524482125528670e-04,1.273502520125070054e-04,1.344180835697057340e-04,1.305390912231503087e-04,1.298038844826357094e-04,1.270419127709838968e-04,1.293582788014451370e-04,1.294607132382341770e-04,1.277561433620051027e-04,1.260069663729283882e-04,1.259293342888288163e-04,1.247826308073513805e-04,1.264265114727794253e-04,1.267689244467232223e-04,1.254535221398513816e-04,1.257667319087130543e-04,1.285945157443073371e-04,1.281204987551794227e-04,1.291686612086392265e-04,1.296296149193741838e-04,1.283709233069704227e-04,1.284145199119160442e-04,1.288620116036093906e-04,1.293011873061134778e-04,1.294909793442752539e-04,1.273037947522423399e-04,1.296499618254976568e-04,1.310887809472665059e-04,1.299724227925953758e-04,1.277467721276556018e-04,1.281072539695705243e-04,1.299166200356264872e-04,1.295070499372919643e-04,1.347081958068091739e-04,1.350248452238003737e-04,1.298642358124296574e-04,1.303860317800916010e-04,1.312175071650985064e-04,1.279690597688900265e-04
1.036215345525305930e-04,1.076807863654746751e-04,1.068467239123933139e-04,1.116236329304004445e-04,1.197982801038359799e-04,1.152940912419648411e-04,1.168960112099007786e-04,1.174168941523531269e-04,1.191163303582377573e-04,1.192115671651035997e-04,1.192017594588259320e-04,1.281561297522905202e-04,1.264278607197917190e-04,1.228942377139685921e-04,1.214726605258433092e-04,1.247802257632626391e-04,1.280762465228092988e-04,1.317422945554226556e-04,1.292663146500614096e-04,1.363479348774046713e-04,1.448024492933641509e-04,1.510714475099995339e-04,1.928680221377153641e-04,1.479063911218693244e-04,1.358191101932434411e-04,1.308932402610006379e-04,1.336459460253730546e-04,1.327217531841549697e-04,1.336437916711023929e-04,1.309488326096877727e-04,1.335841405017774899e-04,1.359338557109511817e-04,1.332928124447882272e-04,1.381257155782786620e-04,1.348097932240477012e-04,1.329898687906036373e-04,1.363047590266545863e-04,1.369443943379380175e-04,1.460291971322428151e-04,1.392475404188243590e-04,1.336860783105176507e-04,1.341727517060429815e-04,1.469843953068277864e-04,1.383540902646467063e-04,1.390298588616114281e-04,1.304663045763240217e-04,1.360135333312683227e-04,1.360400371047195572e-04,1.335476991651881478e-04,1.292631180583960794e-04,1.287175452943163277e-04,1.269306303557920655e-04,1.291949409641888200e-04,1.304008223705861778e-04,1.283657886273452799e-04,1.282819616300496786e-04,1.314158021104523460e-04,1.296914532433037035e-04,1.304646520569458759e-04,1.329133182755754298e-04,1.287721827028726128e-04,1.281047512068329364e-04,1.280696415783913488e-04,1.284643060327816716e-04,1.293322114668522089e-04,1.259835833158687280e-04,1.345198957850642530e-04,1.363186286423233827e-04,1.325755507348837334e-04,1.282892839752254057e-04,1.327629246962448684e-04,1.339278105418332978e-04,1.301670872283857989e-04,1.381930317990880445e-04,1.394230763306444248e-04,1.311717152237586853e-04,1.308789379206007125e-04,1.313775525067220000e-04,1.276026582784402371e-04
9.963719675837673048e-05,1.052531719296557100e-04,1.056245637016637337e-04,1.077557204958422016e-04,1.137926342074890943e-04,1.140894836944155192e-04,1.148811457550049351e-04,1.157846635361303256e-04,1.180959809271052766e-04,1.202189109639405321e-04,1.203798036460470558e-04,1.250471649130911690e-04,1.268014132687221487e-04,1.252303889695273692e-04,1.238893105614140885e-04,1.250722581522037402e-04,1.297171162232459304e-04,1.291461861811450044e-04,1.266662528358310712e-04,1.290530644510671631e-04,1.336919790946690465e-04,1.351756546332855602e-04,1.479063911218693244e-04,1.366411846630730088e-04,1.329309088664936648e-04,1.300723397920665379e-04,1.314965374234256835e-04,1.309952091865593661e-04,1.315465446407084187e-04,1.297136848812089520e-04,1.322245678194655324e-04,1.326613783216199177e-04,1.300388114770370865e-04,1.322427617484523191e-04,1.313047960631609219e-04,1.315743532229176011e-04,1.319196207695665644e-04,1.328512887101821372e-04,1.354762112881802995e-04,1.333853178093419919e-04,1.307440568651336622e-04,1.301845988923788712e-04,1.366399642564315687e-04,1.334019828258082652e-04,1.323602996150507734e-04,1.303548565151755765e-04,1.324332056430942931e-04,1.327100239862297182e-04,1.310342446694289561e-04,1.296673729392143449e-04,1.298249108586443782e-04,1.284901454684650576e-04,1.300528266265061174e-04,1.303459746329285350e-04,1.290116360194235175e-04,1.296299196309715009e-04,1.323285562451521772e-04,1.319948745162362791e-04,1.331090217016886392e-04,1.330548631683904593e-04,1.321845900644663435e-04,1.321922803081754586e-04,1.326143741200505328e-04,1.331390853832930469e-04,1.332504620742960486e-04,1.309166511382040020e-04,1.324491825172797782e-04,1.341432231689486051e-04,1.332757851116358604e-04,1.312643896570054962e-04,1.310682654806203968e-04,1.329494554246224024e-04,1.326083301198829423e-04,1.374917730931284705e-04,1.377816322098686179e-04,1.326767626205617543e-04,1.333027881917608199e-04,1.342852402626095235e-04,1.312054950897928538e-04
1.019368419478060511e-04,1.072364476592774734e-04,1.081686282484961120e-04,1.093946237537571852e-04,1.142555864293473664e-04,1.153470867060725301e-04,1.158342643479461640e-04,1.170400752060936627e-04,1.190073599683771216e-04,1.217461832605880431e-04,1.219841614264635757e-04,1.250520895472747955e-04,1.276312297869721497e-04,1.268460168622002871e-04,1.256539212098047660e-04,1.256100287823245175e-04,1.306070738253253881e-04,1.280817500859611935e-04,1.258847991801776182e-04,1.264556799988573608e-04,1.303306919695596758e-04,1.309246930151603222e-04,1.358191101932434411e-04,1.329309088664936648e-04,1.327319883470449665e-04,1.296603265995346639e-04,1.308390853350387844e-04,1.301563653730679337e-04,1.303591317047612225e-04,1.286588755889926682e-04,1.310440121292134332e-04,1.306844153155360558e-04,1.281636594735724433e-04,1.291524087829809889e-04,1.289460293643819198e-04,1.304253148872067081e-04,1.292920259421853927e-04,1.302649897071425460e-04,1.310628608585383303e-04,1.303161156455204261e-04,1.286983202972333230e-04,1.276267181579842671e-04,1.322816139028813189e-04,1.307313347754318015e-04,1.293017900120320440e-04,1.292253755054057786e-04,1.302182047920680751e-04,1.301801180119467897e-04,1.289150379040508373e-04,1.283539550462805808e-04,1.285687765035097864e-04,1.276646775066106714e-04,1.288471249769653762e-04,1.289490948319274956e-04,1.278495340279952751e-04,1.283922719687925523e-04,1.312523585705047189e-04,1.314851092560737034e-04,1.327225540352902416e-04,1.321235742814508935e-04,1.325679817534577379e-04,1.327687698015683423e-04,1.335509353083699996e-04,1.338791153155006347e-04,1.338379927253965289e-04,1.321840882414613183e-04,1.313048703039710089e-04,1.329566378044028173e-04,1.328571579925596330e-04,1.314921368422000952e-04,1.295917300960994353e-04,1.318621967976895597e-04,1.335494751792132837e-04,1.374745378258018574e-04,1.374083345868251475e-04,1.330094705696770153e-04,1.339314255336250493e-04,1.350268640029784605e-04,1.319420373982235881e-04
9.950608361803584109e-05,1.046225180126076102e-04,1.055256828865681787e-04,1.071054119547159845e-04,1.115956788080700476e-04,1.130631432496164178e-04,1.135243412265800789e-04,1.146016875501644218e-04,1.166387433201401304e-04,1.192716262851119773e-04,1.194972478020966299e-04,1.223693579394667425e-04,1.249907972303399928e-04,1.240888722031656844e-04,1.231279262923777368e-04,1.230485458533805672e-04,1.280493273477077579e-04,1.257723202290384238e-04,1.237001616700724013e-04,1.242942711277990851e-04,1.275369833461892052e-04,1.277427000680509989e-04,1.308932402610006379e-04,1.300723397920665379e-04,1.296603265995346639e-04,1.277501862813416043e-04,1.283287847579930537e-04,1.282025575837113566e-04,1.284031566152224425e-04,1.268553486303234670e-04,1.291611941148019832e-04,1.289615723134662317e-04,1.264796080210971272e-04,1.276654042146747306e-04,1.273259973540013525e-04,1.289860673099513830e-04,1.278221656353916433e-04,1.286485925972877340e-04,1.289685027924623167e-04,1.285193955132311688e-04,1.271286121409126186e-04,1.260669875618141268e-04,1.302600554145694341e-04,1.288534597168744392e-04,1.274967300684188057e-04,1.278012629140760947e-04,1.285688267699868295e-04,1.287043610798469775e-04,1.272659250980165511e-04,1.269528161590535080e-04,1.271948013255514212e-04,1.263152669789468704e-04,1.275858760823505916e-04,1.273671720303949770e-04,1.264477179765694913e-04,1.271135559004387869e-04,1.297775208324507908e-04,1.299038966839750431e-04,1.311511869002782453e-04,1.304667018617304444e-04,1.306903460993184862e-04,1.310339361953650637e-04,1.315903728713931911e-04,1.320021974648074052e-04,1.318333621520600323e-04,1.302162342065028800e-04,1.293018432356480153e-04,1.305616339457654155e-04,1.308084756835730961e-04,1.298174476937716563e-04,1.280099706384376539e-04,1.299171382584818216e-04,1.314204145958098712e-04,1.348118565725286533e-04,1.347887523148852721e-04,1.309759640410018114e-04,1.320255828700569046e-04,1.330912503114945985e-04,1.302980080969213996e-04
9.918330972770512846e-05,1.046685279459800324e-04,1.055646465372029604e-04,1.069412752868593259e-04,1.119023847556972870e-04,1.132911475345511958e-04,1.138637344713034282e-04,1.149690130184431112e-04,1.170949171960245346e-04,1.198708309013321431e-04,1.200857593090887219e-04,1.232051129049116403e-04,1.259154081755389852e-04,1.250151748803588056e-04,1.238614984021570414e-04,1.239880663193630662e-04,1.289323249797089197e-04,1.266567933395085362e-04,1.245479489246553771e-04,1.252754907559626917e-04,1.288390071313342102e-04,1.291169790392093786e-04,1.336459460253730546e-04,1.314965374234256835e-04,1.308390853350387844e-04,1.283287847579930537e-04,1.296437972056410247e-04,1.290175594321894717e-04,1.292803696551905540e-04,1.277000755421295048e-04,1.300258234206850736e-04,1.298179032074300247e-04,1.273170139023308662e-04,1.284383062355619798e-04,1.282116800312351900e-04,1.294551653519872292e-04,1.285735976532873101e-04,1.295571830830382113e-04,1.302374068704928163e-04,1.295539729581486979e-04,1.279201830533399371e-04,1.269873379410439728e-04,1.315019230814313200e-04,1.298898267259911620e-04,1.284393708326247747e-04,1.284575783966759659e-04,1.294739120330123028e-04,1.295833311679344475e-04,1.282607213225004771e-04,1.277576254767184231e-04,1.279982150585323600e-04,1.270244180388028967e-04,1.282250172632193232e-04,1.282388105081254870e-04,1.272213972698492401e-04,1.278309425898605759e-04,1.305168755888198818e-04,1.307292596928035584e-04,1.319612466249877854e-04,1.311940000489626289e-04,1.315253027191712755e-04,1.316983771199469226e-04,1.323157874080296576e-04,1.326991111736766128e-04,1.327097389904813903e-04,1.309079227951194643e-04,1.302095948577445237e-04,1.318158606440608443e-04,1.317193350462125389e-04,1.304517103692571394e-04,1.287941984853584393e-04,1.307963008204305222e-04,1.321678795002927543e-04,1.358539058674929848e-04,1.358767773550584952e-04,1.317567837536855581e-04,1.325403438865806985e-04,1.337413881809072509e-04,1.308594468691216101e-04
9.679906908298228788e-05,1.024107738133002513e-04,1.034389406436980323e-04,1.050792241062413241e-04,1.100518373666863601e-04,1.117792971247638135e-04,1.123413310477089946e-04,1.133985462140900180e-04,1.157265796521411287e-04,1.185462077399419476e-04,1.186195672517398130e-04,1.219404067010270375e-04,1.246713150944277356e-04,1.236474839373961551e-04,1.227796057422214085e-04,1.229922942526178137e-04,1.279493008189778590e-04,1.259491241038337734e-04,1.239462983969111254e-04,1.249116063743316979e-04,1.283140688091418476e-04,1.284859478933005137e-04,1.327217531841549697e-04,1.309952091865593661e-04,1.301563653730679337e-04,1.282025575837113566e-04,1.290175594321894717e-04,1.292187464093640938e-04,1.291793286096043351e-04,1.277031416829617837e-04,1.301050580027211584e-04,1.300304738671012388e-04,1.275536287412488469e-04,1.289672428917387455e-04,1.285008060862822296e-04,1.299953470013471353e-04,1.289929388641568569e-04,1.298543034204695972e-04,1.305455240536164245e-04,1.298411154892782757e-04,1.283876709585000388e-04,1.273849470888919295e-04,1.317690412082014070e-04,1.302122273523046456e-04,1.289346733408325361e-04,1.289950821613189749e-04,1.298867438774469005e-04,1.301435451974563445e-04,1.286474195020055784e-04,1.282829593292335541e-04,1.285882579336157191e-04,1.275858066284008929e-04,1.289341123338040248e-04,1.287244056362165745e-04,1.277644863601721799e-04,1.284952281592633555e-04,1.310757392731368490e-04,1.311540219187381986e-04,1.323837899646117873e-04,1.316966838655486021e-04,1.318094872142139718e-04,1.320383273223818576e-04,1.324871291456022329e-04,1.328917748462090309e-04,1.328249342929058727e-04,1.310579311104389296e-04,1.306109878103575705e-04,1.318591050039980494e-04,1.319198810234771091e-04,1.308851514638968629e-04,1.293469456063633038e-04,1.311590077240227788e-04,1.322508544441567205e-04,1.358045341074446083e-04,1.356962793370151716e-04,1.318203554642774467e-04,1.327510431881019561e-04,1.338689990433342115e-04,1.311600945621043063e-04
9.720154336296850394e-05,1.028619627360872519e-04,1.036987050458338988e-04,1.054334227924966287e-04,1.105313024998717255e-04,1.121274688524235115e-04,1.127656609444212726e-04,1.137365997969677590e-04,1.161325678345076371e-04,1.188283911638162577e-04,1.190072339262411241e-04,1.224143335823393202e-04,1.250477153475044686e-04,1.239801631119128540e-04,1.229390571261134335e-04,1.233600955994394819e-04,1.283463126802127162e-04,1.265734911071999874e-04,1.243125765118605064e-04,1.254370270333221397e-04,1.288344638869296356e-04,1.289865834171138425e-04,1.336437916711023929e-04,1.315465446407084187e-04,1.303591317047612225e-04,1.284031566152224425e-04,1.292803696551905540e-04,1.291793286096043351e-04,1.296378164128795943e-04,1.279977089866372495e-04,1.304059326832402604e-04,1.303761939951045940e-04,1.278237967790704557e-04,1.293325125482591394e-04,1.288993591100161924e-04,1.301410194682816549e-04,1.293810374536366007e-04,1.303267080658564343e-04,1.310098586546557518e-04,1.303147694930484627e-04,1.286402942320617716e-04,1.277382056271539378e-04,1.323114102740110003e-04,1.305529206861548170e-04,1.291288088558825828e-04,1.291299526327855795e-04,1.301592391054366476e-04,1.305071906888555775e-04,1.289599463943501994e-04,1.285044240768412041e-04,1.287957166207002969e-04,1.276994948494212037e-04,1.291024019346527951e-04,1.289537257613701472e-04,1.279576840081874875e-04,1.287046098478795725e-04,1.312631124388903992e-04,1.313481808548741980e-04,1.325858886836939676e-04,1.318781257127443188e-04,1.319114037713135757e-04,1.321134897659531626e-04,1.325584713368911345e-04,1.331044965282627787e-04,1.329746613058978505e-04,1.311044544054706322e-04,1.307134286514772083e-04,1.321098414763032067e-04,1.321622068569407963e-04,1.309798514955094447e-04,1.294716935348896815e-04,1.313762864076683037e-04,1.322701593003978570e-04,1.358517054303396690e-04,1.360446273625301580e-04,1.320027964594421683e-04,1.329265483188008532e-04,1.340125305408357140e-04,1.312440332432839724e-04
9.467249014953248393e-05,1.004245591810446343e-04,1.014507417473175653e-04,1.031241469185092567e-04,1.081731670625932066e-04,1.100420557905454024e-04,1.107341567624074989e-04,1.117716082309936851e-04,1.142483657876187898e-04,1.168578946576617929e-04,1.170786191749164772e-04,1.203770269202927260e-04,1.232622133833910483e-04,1.221251897503355889e-04,1.211186050279248024e-04,1.216273131529635953e-04,1.266783650938150120e-04,1.248270451303685341e-04,1.228085219674720325e-04,1.239523598139304766e-04,1.271246370550327474e-04,1.270417744512803598e-04,1.309488326096877727e-04,1.297136848812089520e-04,1.286588755889926682e-04,1.268553486303234670e-04,1.277000755421295048e-04,1.277031416829617837e-04,1.279977089866372495e-04,1.268894384614645753e-04,1.290725114249338559e-04,1.291670531860229332e-04,1.266916040519888589e-04,1.281205168185221008e-04,1.278050327622352400e-04,1.289233990315817016e-04,1.282101636659702831e-04,1.291798178195030814e-04,1.297438930788286169e-04,1.291573393775075659e-04,1.276110562719339934e-04,1.267244422776568689e-04,1.309776003870479421e-04,1.294887653456412778e-04,1.279627487967936056e-04,1.281607554784557198e-04,1.290781978814358735e-04,1.294835111831911609e-04,1.280152213979384617e-04,1.276452812099109228e-04,1.279538669481573463e-04,1.268150456002592301e-04,1.282069479008583768e-04,1.279290269972447865e-04,1.270776807836712337e-04,1.278222279566800185e-04,1.301977288013845039e-04,1.303618604402694166e-04,1.315148479145154575e-04,1.307073526278357658e-04,1.306745576550060785e-04,1.308793752978970669e-04,1.311972527696500437e-04,1.316677245741237619e-04,1.316009825651355645e-04,1.296604570248674428e-04,1.292360629698603583e-04,1.306374137682027683e-04,1.307603111373309077e-04,1.296796566245458904e-04,1.284614774628572715e-04,1.300683871038069107e-04,1.306357663284952748e-04,1.340272457302599479e-04,1.341798900653117139e-04,1.302871927349546588e-04,1.313790286758112545e-04,1.324401368107840549e-04,1.298367983066899131e-04
9.415368410403513009e-05,1.003740456122935898e-04,1.015345987909865557e-04,1.031547558157438490e-04,1.087681723333611768e-04,1.108221608043178090e-04,1.115403601268102418e-04,1.125166374451152791e-04,1.153392347024511196e-04,1.182118339649071930e-04,1.183271684573719334e-04,1.220234601058904471e-04,1.249700991810329250e-04,1.239061196519541865e-04,1.228122932790750731e-04,1.234939193491545759e-04,1.286677504398870504e-04,1.269865918943969597e-04,1.246939187187955859e-04,1.260233258942173565e-04,1.293956663205100832e-04,1.292898609204380905e-04,1.335841405017774899e-04,1.322245678194655324e-04,1.310440121292134332e-04,1.291611941148019832e-04,1.300258234206850736e-04,1.301050580027211584e-04,1.304059326832402604e-04,1.290725114249338559e-04,1.317190008650912327e-04,1.316211444515715326e-04,1.290810475299004455e-04,1.306874098953850942e-04,1.302897929713774030e-04,1.313698818700905651e-04,1.306728621810661231e-04,1.316903130450984506e-04,1.324243481230594232e-04,1.317190318677263436e-04,1.301439044379879809e-04,1.292111319180899297e-04,1.336160795084718035e-04,1.320471469538109818e-04,1.305666515443824481e-04,1.306502871950923920e-04,1.316727559370299821e-04,1.320973150221132326e-04,1.305843045395023894e-04,1.302589196671211156e-04,1.305782275651204026e-04,1.293834295195265313e-04,1.307938305122599901e-04,1.305630771023488280e-04,1.296079520970667487e-04,1.304719240911773089e-04,1.328739803744810729e-04,1.329984827905792192e-04,1.342095853063794426e-04,1.333688110056245016e-04,1.333612464642126990e-04,1.335405931126915004e-04,1.338743734715577155e-04,1.344100868276876541e-04,1.342833729432955914e-04,1.322852318747268013e-04,1.319433946924753246e-04,1.333026141121383581e-04,1.335300106362515406e-04,1.322979971549990584e-04,1.310049833267125851e-04,1.327421072491773233e-04,1.331502876319333104e-04,1.368963108456528323e-04,1.368597371553829033e-04,1.328572235194840144e-04,1.339688234129832666e-04,1.350352750117924565e-04,1.323854953890153999e-04
9.422323140388780055e-05,1.003791115308961542e-04,1.013233355820551782e-04,1.031856305461995997e-04,1.087676969896849045e-04,1.106709055240500533e-04,1.115160657283542991e-04,1.124045315586307605e-04,1.151729713528525236e-04,1.177611834005127937e-04,1.178735545865765603e-04,1.218163069637699414e-04,1.245444015146416358e-04,1.231586343871632729e-04,1.221163626256627005e-04,1.230872646727214522e-04,1.281733029643608004e-04,1.269110404544400146e-04,1.247418761121074399e-04,1.265221252087732329e-04,1.299605706294134949e-04,1.299574862668976139e-04,1.359338557109511817e-04,1.326613783216199177e-04,1.306844153155360558e-04,1.289615723134662317e-04,1.298179032074300247e-04,1.300304738671012388e-04,1.303761939951045940e-04,1.291670531860229332e-04,1.316211444515715326e-04,1.320320373372733274e-04,1.294398530904719536e-04,1.312865025594900793e-04,1.307505656984651833e-04,1.315298596433114441e-04,1.312673946234434760e-04,1.322332128459137110e-04,1.332678313134595682e-04,1.323921882793544305e-04,1.305650593612959023e-04,1.297908857177827973e-04,1.345074073226417799e-04,1.326263866243801892e-04,1.311223799076481015e-04,1.309203602917819505e-04,1.320818072702637771e-04,1.326984912030575268e-04,1.310549349548209162e-04,1.305645764995729929e-04,1.308250980259130654e-04,1.295077118449674170e-04,1.311034370496124107e-04,1.308122323913544582e-04,1.298870308809306506e-04,1.307208734248272504e-04,1.330196665247008645e-04,1.330000813951973929e-04,1.341372784738853561e-04,1.334350708399908547e-04,1.329957900323407724e-04,1.331431477572003644e-04,1.333432009744075131e-04,1.339230292576639304e-04,1.338242241908566053e-04,1.316403578425885213e-04,1.318418586368490133e-04,1.332568392569953336e-04,1.333058929091287279e-04,1.320566493076476310e-04,1.313683180060063545e-04,1.327081086009476967e-04,1.326423301800124085e-04,1.361235835887654585e-04,1.365783770456078898e-04,1.323885708138768449e-04,1.334651960042002668e-04,1.345354759312801973e-04,1.318743204943667547e-04
9.280216069577051626e-05,9.865250142851248458e-05,9.966932700148338356e-05,1.015037080382866859e-04,1.068485418256023064e-04,1.087089332451800585e-04,1.094939013955657906e-04,1.104170293627506309e-04,1.129980701009564029e-04,1.155761288757263403e-04,1.156456343319091378e-04,1.194912273168961532e-04,1.220905313248153267e-04,1.208885925533538492e-04,1.197827016119057798e-04,1.206645993884592985e-04,1.256313171827951286e-04,1.243858126426849921e-04,1.223573524617874522e-04,1.240864032292709411e-04,1.273586866473539890e-04,1.274703331565660259e-04,1.332928124447882272e-04,1.300388114770370865e-04,1.281636594735724433e-04,1.264796080210971272e-04,1.273170139023308662e-04,1.275536287412488469e-04,1.278237967790704557e-04,1.266916040519888589e-04,1.290810475299004455e-04,1.294398530904719536e-04,1.272100637390408161e-04,1.289173034069530032e-04,1.282887571835443009e-04,1.290989277054675028e-04,1.287995916951206591e-04,1.296800377007471111e-04,1.308076422965901646e-04,1.297994275759621532e-04,1.281162675394712132e-04,1.273595771329610893e-04,1.318587823684350623e-04,1.300799189652426737e-04,1.286977110127670459e-04,1.284873343936975920e-04,1.295955025377078533e-04,1.300805244029701324e-04,1.285489092741652422e-04,1.281031352903206299e-04,1.282974280767906576e-04,1.271581260187348806e-04,1.286234276825089738e-04,1.282820281245059956e-04,1.274902243620973288e-04,1.282722811635383551e-04,1.304595223840111892e-04,1.304551930836740192e-04,1.316375569132697458e-04,1.309121762346665996e-04,1.304147999149113564e-04,1.305728934624712670e-04,1.307554198349803701e-04,1.313848010184515884e-04,1.311840014016395835e-04,1.291632074957736113e-04,1.295233698773395989e-04,1.306878432993606714e-04,1.308629611118998460e-04,1.295983715204664381e-04,1.290020147487631874e-04,1.302815411242181558e-04,1.300679217713280624e-04,1.337544384855240205e-04,1.338667795854014237e-04,1.299625387508396626e-04,1.310713463843146969e-04,1.320651963785210328e-04,1.295023273872273619e-04
9.278602752895670990e-05,9.876828377913177191e-05,9.964857002457003167e-05,1.018104633005121067e-04,1.075964732135397691e-04,1.092061683133236440e-04,1.101248780762144997e-04,1.106954372187305633e-04,1.136364947944170620e-04,1.158721674522296722e-04,1.158748262323506666e-04,1.204465228679719199e-04,1.227319826922224912e-04,1.211342647442768984e-04,1.200221298211970024e-04,1.213975943712875428e-04,1.263620267115360125e-04,1.259493408371895095e-04,1.236277450994063961e-04,1.260847132102124268e-04,1.295359732365609885e-04,1.298596673079085745e-04,1.381257155782786620e-04,1.322427617484523191e-04,1.291524087829809889e-04,1.276654042146747306e-04,1.284383062355619798e-04,1.289672428917387455e-04,1.293325125482591394e-04,1.281205168185221008e-04,1.306874098953850942e-04,1.312865025594900793e-04,1.289173034069530032e-04,1.315321867038432633e-04,1.303385636286859305e-04,1.306484786365388233e-04,1.309568740662874994e-04,1.317953788084438491e-04,1.335917998852554863e-04,1.320325683652861224e-04,1.300215208488178455e-04,1.295216669476955936e-04,1.345270563698977172e-04,1.321285049036841758e-04,1.309964650004309596e-04,1.300459573272535411e-04,1.314861929920923265e-04,1.322662530053013853e-04,1.304750730103380234e-04,1.298128237414297595e-04,1.300015352250357911e-04,1.286259982132470557e-04,1.303561839600327369e-04,1.300129111642195833e-04,1.291274846321850895e-04,1.300294278830955031e-04,1.320882105355249809e-04,1.318749482311912171e-04,1.330333529885039171e-04,1.325297671180726956e-04,1.315064929367221322e-04,1.315890281909036757e-04,1.316172648840896486e-04,1.324273416627386938e-04,1.322233365886336443e-04,1.299040767789370714e-04,1.313365051569221698e-04,1.323501062207335893e-04,1.323513390864585718e-04,1.307403777566827716e-04,1.308226663778304681e-04,1.321361737058516876e-04,1.307814510651416522e-04,1.351964274483568186e-04,1.350634726272704274e-04,1.311949213824462014e-04,1.322119433757039148e-04,1.331196849620600096e-04,1.305239693257232683e-04
9.160226904465686854e-05,9.796676301539270697e-05,9.888740012654545302e-05,1.006668154996734474e-04,1.064645961794043221e-04,1.085275474907449053e-04,1.093436069551197360e-04,1.102081665237997400e-04,1.131138308152530874e-04,1.155905148317448315e-04,1.156468454554738427e-04,1.198079953797446384e-04,1.225682945480466345e-04,1.211703198426079993e-04,1.199684982233016319e-04,1.212775681647743000e-04,1.262953680703969518e-04,1.253776286552669246e-04,1.231542373763100352e-04,1.251794204191842771e-04,1.285453706409468179e-04,1.285158475073366609e-04,1.348097932240477012e-04,1.313047960631609219e-04,1.289460293643819198e-04,1.273259973540013525e-04,1.282116800312351900e-04,1.285008060862822296e-04,1.288993591100161924e-04,1.278050327622352400e-04,1.302897929713774030e-04,1.307505656984651833e-04,1.282887571835443009e-04,1.303385636286859305e-04,1.298776038050607228e-04,1.301933361092228836e-04,1.302575960097309587e-04,1.312504001228521336e-04,1.324959165156920594e-04,1.314380437747653856e-04,1.295691097085971118e-04,1.288826271196237582e-04,1.336339464350915385e-04,1.316855280205076720e-04,1.301864992944634029e-04,1.298562932390550523e-04,1.310906228087422621e-04,1.318009548955074246e-04,1.301985419125192150e-04,1.296694981247522834e-04,1.299511616695585758e-04,1.285691734823240010e-04,1.301584792782449766e-04,1.299237334848931801e-04,1.289883371814042089e-04,1.298971967793346278e-04,1.320198937473385996e-04,1.319259221142882958e-04,1.330386251594982883e-04,1.323417931858502923e-04,1.316647463795074665e-04,1.317848380959185900e-04,1.318527918900540567e-04,1.325660697082199407e-04,1.324462622948264416e-04,1.301000488877873912e-04,1.306886605533374036e-04,1.320830359425141990e-04,1.320967722679168826e-04,1.307963200328067868e-04,1.303758129571807515e-04,1.316444175865320464e-04,1.309474960609500126e-04,1.346290677255617459e-04,1.349802011809173692e-04,1.309017229638366909e-04,1.319699752539720992e-04,1.329371182019862760e-04,1.303862951983836087e-04
9.276467978397086214e-05,9.875572379172444361e-05,1.000883572794526673e-04,1.020671383422704569e-04,1.073920893345489317e-04,1.096599188704500805e-04,1.102899139697162894e-04,1.114757146056353663e-04,1.141816478898083549e-04,1.171421042201325894e-04,1.172912859788534715e-04,1.208001005482841581e-04,1.237351776456880432e-04,1.227465560850794801e-04,1.218745541824861481e-04,1.223720986679795078e-04,1.277173652720498681e-04,1.258530812024108328e-04,1.239051261928532594e-04,1.253849872996699204e-04,1.286701569392457783e-04,1.287740407038237317e-04,1.329898687906036373e-04,1.315743532229176011e-04,1.304253148872067081e-04,1.289860673099513830e-04,1.294551653519872292e-04,1.299953470013471353e-04,1.301410194682816549e-04,1.289233990315817016e-04,1.313698818700905651e-04,1.315298596433114441e-04,1.290989277054675028e-04,1.306484786365388233e-04,1.301933361092228836e-04,1.322794188496850094e-04,1.307581600854289597e-04,1.317192452250491195e-04,1.322968376667635446e-04,1.317561521973218471e-04,1.304349184870246285e-04,1.292432675894187720e-04,1.336921749018389225e-04,1.321707917587947338e-04,1.308525661799712469e-04,1.311177269025605083e-04,1.320540000063776497e-04,1.323589724697245751e-04,1.307335797741454510e-04,1.305098486743432105e-04,1.307574931614269330e-04,1.297167552145449428e-04,1.311065008667221493e-04,1.307398357914826229e-04,1.299084545268605975e-04,1.307330911270897711e-04,1.332548591551534288e-04,1.333040856454053690e-04,1.345035039323922170e-04,1.337382579306616915e-04,1.336428195338651198e-04,1.339141579702552093e-04,1.341707062588423682e-04,1.345651464791670492e-04,1.343532220580303084e-04,1.326002641732526338e-04,1.323135652188691096e-04,1.332936060730685352e-04,1.338496408989387225e-04,1.329056069407316709e-04,1.316117106213038639e-04,1.328942209206303055e-04,1.337737983086149138e-04,1.369795284911164200e-04,1.371678414684716126e-04,1.330850011623430800e-04,1.344725258978925176e-04,1.354584061719208072e-04,1.328535720781172423e-04
9.334033582569076682e-05,9.942231440265817560e-05,1.002430899909968141e-04,1.022356622701608574e-04,1.078009611870321119e-04,1.095894743158644955e-04,1.105028576965470116e-04,1.112348863385987876e-04,1.139623670610938181e-04,1.163508660833480467e-04,1.163420035595122550e-04,1.205772332086453688e-04,1.230567463780978855e-04,1.215291214063816196e-04,1.205046060801398078e-04,1.216518757417327300e-04,1.266386661937111881e-04,1.258768510629840827e-04,1.237244781236526724e-04,1.258986805578077197e-04,1.292351135164544068e-04,1.293114015576034758e-04,1.363047590266545863e-04,1.319196207695665644e-04,1.292920259421853927e-04,1.278221656353916433e-04,1.285735976532873101e-04,1.289929388641568569e-04,1.293810374536366007e-04,1.282101636659702831e-04,1.306728621810661231e-04,1.312673946234434760e-04,1.287995916951206591e-04,1.309568740662874994e-04,1.302575960097309587e-04,1.307581600854289597e-04,1.309890061905369092e-04,1.317260655009324017e-04,1.330448300881355121e-04,1.319642982841938796e-04,1.300246616435837127e-04,1.293498220619313421e-04,1.342166484274814854e-04,1.321274607580331039e-04,1.306921355965914519e-04,1.302613789232918377e-04,1.314808433129383697e-04,1.322177458628276479e-04,1.305645891393841741e-04,1.300053798319765941e-04,1.301878427723242640e-04,1.288787684262931315e-04,1.305689443535818384e-04,1.301741871184699335e-04,1.293519958444333258e-04,1.301595597016093580e-04,1.322881745942012838e-04,1.321519083186623662e-04,1.332390221739272209e-04,1.327031725882961595e-04,1.318024870699992246e-04,1.319530281885620280e-04,1.320122640856926136e-04,1.327263796670592418e-04,1.325434084749358094e-04,1.302990466859126300e-04,1.310567716819307582e-04,1.322211895495329368e-04,1.323399977689376024e-04,1.310267719416415380e-04,1.307970360951286101e-04,1.319044012699220917e-04,1.312355513286366068e-04,1.347136879647213873e-04,1.352928821056404763e-04,1.311878203956412623e-04,1.323266247794425304e-04,1.332769405088203628e-04,1.306834157707240920e-04
9.134693222604188762e-05,9.795070069067683552e-05,9.887613351008497941e-05,1.007708158454269544e-04,1.068027411985107824e-04,1.088964120363784956e-04,1.098164746701849737e-04,1.107153435681060933e-04,1.136880384751617906e-04,1.163374528336783183e-04,1.164092956170519858e-04,1.207243997841098067e-04,1.234681229199779929e-04,1.220026281629178560e-04,1.208400856462757314e-04,1.222915754040760153e-04,1.273623792983577822e-04,1.265164972865653805e-04,1.242186250245982081e-04,1.264583662141842771e-04,1.299949936657119438e-04,1.300425946123029170e-04,1.369443943379380175e-04,1.328512887101821372e-04,1.302649897071425460e-04,1.286485925972877340e-04,1.295571830830382113e-04,1.298543034204695972e-04,1.303267080658564343e-04,1.291798178195030814e-04,1.316903130450984506e-04,1.322332128459137110e-04,1.296800377007471111e-04,1.317953788084438491e-04,1.312504001228521336e-04,1.317192452250491195e-04,1.317260655009324017e-04,1.329189926817622475e-04,1.341342332576265931e-04,1.330417520472656644e-04,1.310969034949183458e-04,1.303617599796675296e-04,1.353585759330307593e-04,1.332869571951931544e-04,1.317257415129572003e-04,1.313040525894784282e-04,1.326040694245974249e-04,1.334319727066692702e-04,1.317513092644734252e-04,1.311161401746277879e-04,1.314215898538701485e-04,1.299574819685724090e-04,1.316101863919815428e-04,1.314044782029781153e-04,1.304318912225067080e-04,1.313403883341422132e-04,1.335744187527943677e-04,1.334226607853502221e-04,1.345268170124862760e-04,1.338452647008621442e-04,1.331479821625578984e-04,1.332876307210454053e-04,1.333433083626645998e-04,1.340182661019769504e-04,1.339255178708251238e-04,1.315320777242268081e-04,1.322222311318827664e-04,1.335952029305782903e-04,1.336151504257050010e-04,1.322442160201966338e-04,1.318832703259075574e-04,1.331409110618152528e-04,1.324810104993290208e-04,1.361017257341919431e-04,1.366883553089771083e-04,1.323631576023094646e-04,1.334261771925808319e-04,1.344774810558927998e-04,1.317991346935649391e-04
9.010100464469788530e-05,9.681834624347174006e-05,9.769517390166698452e-05,9.996469322603356369e-05,1.068306564281516411e-04,1.081937977301867978e-04,1.093228202866976923e-04,1.101288929870408527e-04,1.132438537074523867e-04,1.155234477701802667e-04,1.155615456560935380e-04,1.209902057674624277e-04,1.232121307190173014e-04,1.214181653741644445e-04,1.200959685710703475e-04,1.222281916481866826e-04,1.271106206273354066e-04,1.272709376955889749e-04,1.247558888829491193e-04,1.280697846593373387e-04,1.323870164695626164e-04,1.333078983361358019e-04,1.460291971322428151e-04,1.354762112881802995e-04,1.310628608585383303e-04,1.289685027924623167e-04,1.302374068704928163e-04,1.305455240536164245e-04,1.310098586546557518e-04,1.297438930788286169e-04,1.324243481230594232e-04,1.332678313134595682e-04,1.308076422965901646e-04,1.335917998852554863e-04,1.324959165156920594e-04,1.322968376667635446e-04,1.330448300881355121e-04,1.341342332576265931e-04,1.371684715382737987e-04,1.347382369826854249e-04,1.322620990910976203e-04,1.317987043985766862e-04,1.379413233306355261e-04,1.348664010632003973e-04,1.337238494947666381e-04,1.318237398034300659e-04,1.338897207286887984e-04,1.346965770015137471e-04,1.329324940932593018e-04,1.317035148989643631e-04,1.319649212987463978e-04,1.303551902953418160e-04,1.320966704600469682e-04,1.321177209235359113e-04,1.310151828433609269e-04,1.319052411427241208e-04,1.340508831006108456e-04,1.336606425947606236e-04,1.347074355887088975e-04,1.344880280024229077e-04,1.331155264412374202e-04,1.330384826883153793e-04,1.329830152874986540e-04,1.337156480778561808e-04,1.337512678761358382e-04,1.310499025250020245e-04,1.334088855538472461e-04,1.348637843090514201e-04,1.341969470040313189e-04,1.322067419964516679e-04,1.328631422873734170e-04,1.341842813474497878e-04,1.322510107641289322e-04,1.371788906906828910e-04,1.373588673672668454e-04,1.325490073571241136e-04,1.334659252775223634e-04,1.342346184163626364e-04,1.315999315824156041e-04
9.049586078303101504e-05,9.716807267672560164e-05,9.810359629536751338e-05,1.000926228043882922e-04,1.063934213277543245e-04,1.083489409264738344e-04,1.093631334458750536e-04,1.102114351321524158e-04,1.132418211547117415e-04,1.158390198215400528e-04,1.158846447188900816e-04,1.205093091244186974e-04,1.231756442291321706e-04,1.215781336954747152e-04,1.203826679390608865e-04,1.220036134456946092e-04,1.270806875665807202e-04,1.264896604232126193e-04,1.241357435300405050e-04,1.266942132722500701e-04,1.305109517185631387e-04,1.306824459877288915e-04,1.392475404188243590e-04,1.333853178093419919e-04,1.303161156455204261e-04,1.285193955132311688e-04,1.295539729581486979e-04,1.298411154892782757e-04,1.303147694930484627e-04,1.291573393775075659e-04,1.317190318677263436e-04,1.323921882793544305e-04,1.297994275759621532e-04,1.320325683652861224e-04,1.314380437747653856e-04,1.317561521973218471e-04,1.319642982841938796e-04,1.330417520472656644e-04,1.347382369826854249e-04,1.335404365808419251e-04,1.312877255527478788e-04,1.306125197262587769e-04,1.359569756923260161e-04,1.336343141512657260e-04,1.321024731909456722e-04,1.313859280580027919e-04,1.328654279424761834e-04,1.336687561902962071e-04,1.319838989058812759e-04,1.312016692256589450e-04,1.314951864215338094e-04,1.299407846654511238e-04,1.316712125300494745e-04,1.314964090586077494e-04,1.305148672130680438e-04,1.313708272348744434e-04,1.336151929624398505e-04,1.333913224424446088e-04,1.344478404774609255e-04,1.338809161145905859e-04,1.330069621297174699e-04,1.330704979653165763e-04,1.330745537461142092e-04,1.337565138141843266e-04,1.336721145549883423e-04,1.311856264264051042e-04,1.321837834956054352e-04,1.336947396867921615e-04,1.335654743177575282e-04,1.320742685866092890e-04,1.319788895214657790e-04,1.330444450544343820e-04,1.322499357772881508e-04,1.358338477983015856e-04,1.367232111752120271e-04,1.320545876457574874e-04,1.331033806109604219e-04,1.340980317684384955e-04,1.313963304364250081e-04
8.836220849915894272e-05,9.499342294949178500e-05,9.625438634176651130e-05,9.809177892952590755e-05,1.040498618937636276e-04,1.064024810079034861e-04,1.073887882755474797e-04,1.083664604994035688e-04,1.114372469144928366e-04,1.142477583803794429e-04,1.143309927063613254e-04,1.184567952901038245e-04,1.214148076039693494e-04,1.201565272360342158e-04,1.191026389820875914e-04,1.203881134837117805e-04,1.255577657752508184e-04,1.244334857127258373e-04,1.222356955813694377e-04,1.243629626811360738e-04,1.277994675567979395e-04,1.277524482125528670e-04,1.336860783105176507e-04,1.307440568651336622e-04,1.286983202972333230e-04,1.271286121409126186e-04,1.279201830533399371e-04,1.283876709585000388e-04,1.286402942320617716e-04,1.276110562719339934e-04,1.301439044379879809e-04,1.305650593612959023e-04,1.281162675394712132e-04,1.300215208488178455e-04,1.295691097085971118e-04,1.304349184870246285e-04,1.300246616435837127e-04,1.310969034949183458e-04,1.322620990910976203e-04,1.312877255527478788e-04,1.297667863033867043e-04,1.287298161490981537e-04,1.334152367833046156e-04,1.316608366339953960e-04,1.301859897177577827e-04,1.300637630659154452e-04,1.312008617471509774e-04,1.318939511088797027e-04,1.302697477182305889e-04,1.298424497741853384e-04,1.301639243020761823e-04,1.288064768199548846e-04,1.303668770085661161e-04,1.300742176919911848e-04,1.291888503785678527e-04,1.301347347287315341e-04,1.323297371374446032e-04,1.322750305103816322e-04,1.333671488781053315e-04,1.326273755136461003e-04,1.321556459788275693e-04,1.322908625974442609e-04,1.323765901562144460e-04,1.329864293338468796e-04,1.328173651396902114e-04,1.306112208935121001e-04,1.309755670118365974e-04,1.322489444268436535e-04,1.324187777461135562e-04,1.311828314753245783e-04,1.305897862088913042e-04,1.317790905147909206e-04,1.314833268696786507e-04,1.349575073584141540e-04,1.353020432185747285e-04,1.311499024868582495e-04,1.324002335865032143e-04,1.332963843821990361e-04,1.307765180868599353e-04
8.917573437410915738e-05,9.572048363945114490e-05,9.671571925807852319e-05,9.854232743616289300e-05,1.044254479837012457e-04,1.066404002658531046e-04,1.075592821083740330e-04,1.083817024094454860e-04,1.113928632551084623e-04,1.139373150339668262e-04,1.138389968336479645e-04,1.182504133666924392e-04,1.210234175423484712e-04,1.195097249511034311e-04,1.184251745314908683e-04,1.198528424070431875e-04,1.248736507741927623e-04,1.240429727619449317e-04,1.217525734046876054e-04,1.240107078721238462e-04,1.274233349923306580e-04,1.273502520125070054e-04,1.341727517060429815e-04,1.301845988923788712e-04,1.276267181579842671e-04,1.260669875618141268e-04,1.269873379410439728e-04,1.273849470888919295e-04,1.277382056271539378e-04,1.267244422776568689e-04,1.292111319180899297e-04,1.297908857177827973e-04,1.273595771329610893e-04,1.295216669476955936e-04,1.288826271196237582e-04,1.292432675894187720e-04,1.293498220619313421e-04,1.303617599796675296e-04,1.317987043985766862e-04,1.306125197262587769e-04,1.287298161490981537e-04,1.283057212457199665e-04,1.328425255283593954e-04,1.309028788084978573e-04,1.294514381414806883e-04,1.290017495711372631e-04,1.302680781573972008e-04,1.310506576870944424e-04,1.294794298954339193e-04,1.289176197901424257e-04,1.292529641279087772e-04,1.276987694691872159e-04,1.293181174567876069e-04,1.290643772737293975e-04,1.281928793423422227e-04,1.291406443129632803e-04,1.311335119647998656e-04,1.310720578056501944e-04,1.321476062767795875e-04,1.314552223871875709e-04,1.307087891921256541e-04,1.308208570111026796e-04,1.308909969039488924e-04,1.314379505377340359e-04,1.313860750980210012e-04,1.290103744674062883e-04,1.299035835570375511e-04,1.312402014856193372e-04,1.311873349664572437e-04,1.297989382427481219e-04,1.297244436488800368e-04,1.308406388086755679e-04,1.298839905176909972e-04,1.336153816423834813e-04,1.338385374065517426e-04,1.297849711506399704e-04,1.307541847783655841e-04,1.318223244295882554e-04,1.293897831976498995e-04
9.101481514173164031e-05,9.778928495511527146e-05,9.854203615645163177e-05,1.009247191143148193e-04,1.077837874458891421e-04,1.092575038156169936e-04,1.102981628510616357e-04,1.112212489648938647e-04,1.143019196311945488e-04,1.167540474018576539e-04,1.167923544529202238e-04,1.220447191222630930e-04,1.244090754397378384e-04,1.225763202790309712e-04,1.213403339660305982e-04,1.233248310557349037e-04,1.282923655605549282e-04,1.282527813650219785e-04,1.258652265744637962e-04,1.291177995428425412e-04,1.334804143632743810e-04,1.344180835697057340e-04,1.469843953068277864e-04,1.366399642564315687e-04,1.322816139028813189e-04,1.302600554145694341e-04,1.315019230814313200e-04,1.317690412082014070e-04,1.323114102740110003e-04,1.309776003870479421e-04,1.336160795084718035e-04,1.345074073226417799e-04,1.318587823684350623e-04,1.345270563698977172e-04,1.336339464350915385e-04,1.336921749018389225e-04,1.342166484274814854e-04,1.353585759330307593e-04,1.379413233306355261e-04,1.359569756923260161e-04,1.334152367833046156e-04,1.328425255283593954e-04,1.393210297113358796e-04,1.360727666612771274e-04,1.348637945687127318e-04,1.330920454836537279e-04,1.351686735868442787e-04,1.359251125028727782e-04,1.341092291854087285e-04,1.328701803838827644e-04,1.331376450980318194e-04,1.314548064444423991e-04,1.332415564666757785e-04,1.333030888004977244e-04,1.320710352353002357e-04,1.329817592372375121e-04,1.352899654486248255e-04,1.348558922615248061e-04,1.359089969128431162e-04,1.356589798240530917e-04,1.343782521617828483e-04,1.343335739264822832e-04,1.342928901422368513e-04,1.349451504718724598e-04,1.350148960201699039e-04,1.323666721837302531e-04,1.343865545023143284e-04,1.358809885771050305e-04,1.353133764294793811e-04,1.335032141806430687e-04,1.339376569398645833e-04,1.351279593024249813e-04,1.337836564827331407e-04,1.380158973517312644e-04,1.388023552258999547e-04,1.336861407072248908e-04,1.345404823594207667e-04,1.355375063397768831e-04,1.327496568193046328e-04
8.940183542678651295e-05,9.635475645702922453e-05,9.742895150282756785e-05,9.926963612065487722e-05,1.056588666257291296e-04,1.078832851557962031e-04,1.088362211226059429e-04,1.099133991533846641e-04,1.130164368363508007e-04,1.157499265129579950e-04,1.158034066920050128e-04,1.203128321312751773e-04,1.232512389013163485e-04,1.218261971270097116e-04,1.206280576827727541e-04,1.222020466571936996e-04,1.273247465253971120e-04,1.264287757387616009e-04,1.242051374275828575e-04,1.266068097420434914e-04,1.304317454405507567e-04,1.305390912231503087e-04,1.383540902646467063e-04,1.334019828258082652e-04,1.307313347754318015e-04,1.288534597168744392e-04,1.298898267259911620e-04,1.302122273523046456e-04,1.305529206861548170e-04,1.294887653456412778e-04,1.320471469538109818e-04,1.326263866243801892e-04,1.300799189652426737e-04,1.321285049036841758e-04,1.316855280205076720e-04,1.321707917587947338e-04,1.321274607580331039e-04,1.332869571951931544e-04,1.348664010632003973e-04,1.336343141512657260e-04,1.316608366339953960e-04,1.309028788084978573e-04,1.360727666612771274e-04,1.340867632552499402e-04,1.324702656242926458e-04,1.319001068990130596e-04,1.333079485981858306e-04,1.340032468233663492e-04,1.324530147400018493e-04,1.317456890381275597e-04,1.320896339104126078e-04,1.305707493852842598e-04,1.321591362391300235e-04,1.320429679725857873e-04,1.310600916151486090e-04,1.319480481457713911e-04,1.341658054037897225e-04,1.340209184625099797e-04,1.351171984571181714e-04,1.344992857762753932e-04,1.337611597692603307e-04,1.338406597981852233e-04,1.338820171565618055e-04,1.344585658442878809e-04,1.344453125783856649e-04,1.320133323166730653e-04,1.327866205485627295e-04,1.343523698739402768e-04,1.341762083916931542e-04,1.327699283519861615e-04,1.325476594175725785e-04,1.337236205049566955e-04,1.330655036291594274e-04,1.366777250866268415e-04,1.373032864003283357e-04,1.326975273175381661e-04,1.337459740882068250e-04,1.347964456644182535e-04,1.321729084430592024e-04
8.844158197697858756e-05,9.504743037732416488e-05,9.614265233379337596e-05,9.832338743054019176e-05,1.047008877344930363e-04,1.066127057630991958e-04,1.074611282034116793e-04,1.084909869252610650e-04,1.115836800652617462e-04,1.142665754854756458e-04,1.142454425716351977e-04,1.189039804118242720e-04,1.215772364257102048e-04,1.202033113347020655e-04,1.191417924198450633e-04,1.205645778631845287e-04,1.255652255455904861e-04,1.248588430408199227e-04,1.227296417170372256e-04,1.252963736246323731e-04,1.292233022490260250e-04,1.298038844826357094e-04,1.390298588616114281e-04,1.323602996150507734e-04,1.293017900120320440e-04,1.274967300684188057e-04,1.284393708326247747e-04,1.289346733408325361e-04,1.291288088558825828e-04,1.279627487967936056e-04,1.305666515443824481e-04,1.311223799076481015e-04,1.286977110127670459e-04,1.309964650004309596e-04,1.301864992944634029e-04,1.308525661799712469e-04,1.306921355965914519e-04,1.317257415129572003e-04,1.337238494947666381e-04,1.321024731909456722e-04,1.301859897177577827e-04,1.294514381414806883e-04,1.348637945687127318e-04,1.324702656242926458e-04,1.315508027400279592e-04,1.303198089167831634e-04,1.319050743812846653e-04,1.324778870212819590e-04,1.308063970920203653e-04,1.300479317720938861e-04,1.303344504605246919e-04,1.289064095394610481e-04,1.304497083755232353e-04,1.302990153432259646e-04,1.293020106554517302e-04,1.302839690964679759e-04,1.324684004162364969e-04,1.322467466974191271e-04,1.334045906104524160e-04,1.329619971283111160e-04,1.320441835874700941e-04,1.321222568560804112e-04,1.321774760489287165e-04,1.327358766922801415e-04,1.326861928443684273e-04,1.304070125691667091e-04,1.316799779803757436e-04,1.328663271386424402e-04,1.327208276655618901e-04,1.311936916385206687e-04,1.310895950961429141e-04,1.324314201935169642e-04,1.314761077327177930e-04,1.357712827187328901e-04,1.357036596712333132e-04,1.313275033218760240e-04,1.323080842040558994e-04,1.332320524550590149e-04,1.307631323649409698e-04
8.914135091962753661e-05,9.574758612501335512e-05,9.715103279119896085e-05,9.883125728668748207e-05,1.044240867443828238e-04,1.071894785816676561e-04,1.080057641515866053e-04,1.091271949649961473e-04,1.121184933805592670e-04,1.152264039337921062e-04,1.152431338290317131e-04,1.189068771553566933e-04,1.222210436573684588e-04,1.212315502609429766e-04,1.202371937945573678e-04,1.211059072412113828e-04,1.263684799929921509e-04,1.247095439033141261e-04,1.227091442187439963e-04,1.242620177039152759e-04,1.274712103209457855e-04,1.270419127709838968e-04,1.304663045763240217e-04,1.303548565151755765e-04,1.292253755054057786e-04,1.278012629140760947e-04,1.284575783966759659e-04,1.289950821613189749e-04,1.291299526327855795e-04,1.281607554784557198e-04,1.306502871950923920e-04,1.309203602917819505e-04,1.284873343936975920e-04,1.300459573272535411e-04,1.298562932390550523e-04,1.311177269025605083e-04,1.302613789232918377e-04,1.313040525894784282e-04,1.318237398034300659e-04,1.313859280580027919e-04,1.300637630659154452e-04,1.290017495711372631e-04,1.330920454836537279e-04,1.319001068990130596e-04,1.303198089167831634e-04,1.309319741730306384e-04,1.316421942513688263e-04,1.322282306666456100e-04,1.307260754337624079e-04,1.305778679527362608e-04,1.309340735447034798e-04,1.296913778868301467e-04,1.311117855974055677e-04,1.307027423954537431e-04,1.299511126737319742e-04,1.308628774598518567e-04,1.330684609272281011e-04,1.331928213791161116e-04,1.343283850435833266e-04,1.334161866527709282e-04,1.332102511350369810e-04,1.334241634520365078e-04,1.335810848742815062e-04,1.340875791783143498e-04,1.338910016809835275e-04,1.318754552477825802e-04,1.314448808686274266e-04,1.327602616068664825e-04,1.331508595112371239e-04,1.322636763454871614e-04,1.312708857886885549e-04,1.323608108471828406e-04,1.326931165709347609e-04,1.355629717901869909e-04,1.360210288611404241e-04,1.320479513797247206e-04,1.333083901484497934e-04,1.343784266774235021e-04,1.319394582717244133e-04
8.836847424742597589e-05,9.516697745029755731e-05,9.647873063672456366e-05,9.836695066401089118e-05,1.046069909406247711e-04,1.070413537291530994e-04,1.079154421692322583e-04,1.090302401529683849e-04,1.122264635935119737e-04,1.151247802418697749e-04,1.152125050397415480e-04,1.195117690980801185e-04,1.225538031164944135e-04,1.214306022526223194e-04,1.203240807532869871e-04,1.216043295422226353e-04,1.268302577993947911e-04,1.256263380579993928e-04,1.235180101327305164e-04,1.256411270905214957e-04,1.293116942249967257e-04,1.293582788014451370e-04,1.360135333312683227e-04,1.324332056430942931e-04,1.302182047920680751e-04,1.285688267699868295e-04,1.294739120330123028e-04,1.298867438774469005e-04,1.301592391054366476e-04,1.290781978814358735e-04,1.316727559370299821e-04,1.320818072702637771e-04,1.295955025377078533e-04,1.314861929920923265e-04,1.310906228087422621e-04,1.320540000063776497e-04,1.314808433129383697e-04,1.326040694245974249e-04,1.338897207286887984e-04,1.328654279424761834e-04,1.312008617471509774e-04,1.302680781573972008e-04,1.351686735868442787e-04,1.333079485981858306e-04,1.319050743812846653e-04,1.316421942513688263e-04,1.331142009434812146e-04,1.334902328707879987e-04,1.318880315005247720e-04,1.314399297432226909e-04,1.317550144937688168e-04,1.304075142614955299e-04,1.318321090458008120e-04,1.316002443350476646e-04,1.307044685034273383e-04,1.316218523191059779e-04,1.339259913793787525e-04,1.338940626791463402e-04,1.350231235092436968e-04,1.342648110674881149e-04,1.337898190740926922e-04,1.339018231513800026e-04,1.339850570519847037e-04,1.345151222517236187e-04,1.344360825915728072e-04,1.322137581041365442e-04,1.325368241392410292e-04,1.340134678249490466e-04,1.340441737116488449e-04,1.328652935222083523e-04,1.322148912374364088e-04,1.333908785217251703e-04,1.332727788696518327e-04,1.367424405628055292e-04,1.371173879155107979e-04,1.327155068115774524e-04,1.338708817522484093e-04,1.348921239010419959e-04,1.323924667197955444e-04
8.724964850477906996e-05,9.441060616602469529e-05,9.566783595257657437e-05,9.754587145815929916e-05,1.039489426796632400e-04,1.066004457983908536e-04,1.076557973211584359e-04,1.085305994801722285e-04,1.119434871828481494e-04,1.148106174490504052e-04,1.147974664481231469e-04,1.193960128231181302e-04,1.224233888910214126e-04,1.210018449182815686e-04,1.199295309601027448e-04,1.215979367153528616e-04,1.268139220215326710e-04,1.259889088187516465e-04,1.236388899236708040e-04,1.261216222649444137e-04,1.296844429131485405e-04,1.294607132382341770e-04,1.360400371047195572e-04,1.327100239862297182e-04,1.301801180119467897e-04,1.287043610798469775e-04,1.295833311679344475e-04,1.301435451974563445e-04,1.305071906888555775e-04,1.294835111831911609e-04,1.320973150221132326e-04,1.326984912030575268e-04,1.300805244029701324e-04,1.322662530053013853e-04,1.318009548955074246e-04,1.323589724697245751e-04,1.322177458628276479e-04,1.334319727066692702e-04,1.346965770015137471e-04,1.336687561902962071e-04,1.318939511088797027e-04,1.310506576870944424e-04,1.359251125028727782e-04,1.340032468233663492e-04,1.324778870212819590e-04,1.322282306666456100e-04,1.334902328707879987e-04,1.345224921386245140e-04,1.327070334347075868e-04,1.322372213099683180e-04,1.325914819604376153e-04,1.309950235140541362e-04,1.326944090647685633e-04,1.324233487225906557e-04,1.314862510663539262e-04,1.325430139852492055e-04,1.346693771496848492e-04,1.345740154154425119e-04,1.356443901469176524e-04,1.348665231643106257e-04,1.342379400299419036e-04,1.343161451012765001e-04,1.343139437005956679e-04,1.349831625684774295e-04,1.349088996657167518e-04,1.324370336449067994e-04,1.330280580330764329e-04,1.344777216374523025e-04,1.344865233488810093e-04,1.332153829958867457e-04,1.328662343618363187e-04,1.339718376493619371e-04,1.332818053320346339e-04,1.366682597199358519e-04,1.373630739243104589e-04,1.329216385876196699e-04,1.340761073944999313e-04,1.351000547841942209e-04,1.325591728851446794e-04
8.663923232934064313e-05,9.384571030176307930e-05,9.512002359876488018e-05,9.670097921274804277e-05,1.029857754098182678e-04,1.057126837982413307e-04,1.066993413648223578e-04,1.077185448734134250e-04,1.109405241372780860e-04,1.139248986417120308e-04,1.138659663951587566e-04,1.182047641819282082e-04,1.214268551055361969e-04,1.201398517618081487e-04,1.189843420896235127e-04,1.205114537575459132e-04,1.257305223809154651e-04,1.246044314249569046e-04,1.223724550988160948e-04,1.245408940097772021e-04,1.280572135373149434e-04,1.277561433620051027e-04,1.335476991651881478e-04,1.310342446694289561e-04,1.289150379040508373e-04,1.272659250980165511e-04,1.282607213225004771e-04,1.286474195020055784e-04,1.289599463943501994e-04,1.280152213979384617e-04,1.305843045395023894e-04,1.310549349548209162e-04,1.285489092741652422e-04,1.304750730103380234e-04,1.301985419125192150e-04,1.307335797741454510e-04,1.305645891393841741e-04,1.317513092644734252e-04,1.329324940932593018e-04,1.319838989058812759e-04,1.302697477182305889e-04,1.294794298954339193e-04,1.341092291854087285e-04,1.324530147400018493e-04,1.308063970920203653e-04,1.307260754337624079e-04,1.318880315005247720e-04,1.327070334347075868e-04,1.312842660261584438e-04,1.307546808352126589e-04,1.311380061974361905e-04,1.296056476637630101e-04,1.311646165047262503e-04,1.309356477248473289e-04,1.300734293996709849e-04,1.310336860345248872e-04,1.331314873484645725e-04,1.331221390948653224e-04,1.341791194561146275e-04,1.333608106752802794e-04,1.328369450431666067e-04,1.329378884398723618e-04,1.329593776746415188e-04,1.335726703792212251e-04,1.334836153889218369e-04,1.311028891336395098e-04,1.314746920603280665e-04,1.329756807076388494e-04,1.330497474146798630e-04,1.317782677682382577e-04,1.313705399717501855e-04,1.324789445051880376e-04,1.319102410482342997e-04,1.351842589387413512e-04,1.357775551007350020e-04,1.314563881746402005e-04,1.325736989998254755e-04,1.336321657622367113e-04,1.311380098237466512e-04
8.585473300678441550e-05,9.302491852742745366e-05,9.456761394461626012e-05,9.597371461843945352e-05,1.020410920337640811e-04,1.051891685277270776e-04,1.061312232385402065e-04,1.071075436792161522e-04,1.104690897603912472e-04,1.136064761816702357e-04,1.135259154221421774e-04,1.175909546133681484e-04,1.210123286354706834e-04,1.199667656938763823e-04,1.188822315018503954e-04,1.201249504681353800e-04,1.254496717187187857e-04,1.239798155774435252e-04,1.218036730242576211e-04,1.236146057030801664e-04,1.267424589683085903e-04,1.260069663729283882e-04,1.292631180583960794e-04,1.296673729392143449e-04,1.283539550462805808e-04,1.269528161590535080e-04,1.277576254767184231e-04,1.282829593292335541e-04,1.285044240768412041e-04,1.276452812099109228e-04,1.302589196671211156e-04,1.305645764995729929e-04,1.281031352903206299e-04,1.298128237414297595e-04,1.296694981247522834e-04,1.305098486743432105e-04,1.300053798319765941e-04,1.311161401746277879e-04,1.317035148989643631e-04,1.312016692256589450e-04,1.298424497741853384e-04,1.289176197901424257e-04,1.328701803838827644e-04,1.317456890381275597e-04,1.300479317720938861e-04,1.305778679527362608e-04,1.314399297432226909e-04,1.322372213099683180e-04,1.307546808352126589e-04,1.307571851632212444e-04,1.310567812777320982e-04,1.296386686960414726e-04,1.311400887241773053e-04,1.306919487882707948e-04,1.299948118189334231e-04,1.310043532581914381e-04,1.329928112006695338e-04,1.331732122869397025e-04,1.342819383396949096e-04,1.332071248956512896e-04,1.329675799914842044e-04,1.331494918196050295e-04,1.332153538695827837e-04,1.338132237188732754e-04,1.336160966544088988e-04,1.314134376480094229e-04,1.311184539880212762e-04,1.325039390952928908e-04,1.329674604950482918e-04,1.319161328823844194e-04,1.311482606526738546e-04,1.321965486829287690e-04,1.319457294846406467e-04,1.349199130797821937e-04,1.353535407179437035e-04,1.313928810234685674e-04,1.326848829167658408e-04,1.337463436132681183e-04,1.313919506058902988e-04
8.479979870101911267e-05,9.230989962415499662e-05,9.382349722818775434e-05,9.521424263153945315e-05,1.014083587991520532e-04,1.047781128282597479e-04,1.056977721229357528e-04,1.067503588863302468e-04,1.102815863283223435e-04,1.135012680815609477e-04,1.134313474725207868e-04,1.174765160540008674e-04,1.211055247677817598e-04,1.200680479109017708e-04,1.189790419121917081e-04,1.203411998373287377e-04,1.257110336324759035e-04,1.241698211175103130e-04,1.218958680638247851e-04,1.236382053349186622e-04,1.268068740254491619e-04,1.259293342888288163e-04,1.287175452943163277e-04,1.298249108586443782e-04,1.285687765035097864e-04,1.271948013255514212e-04,1.279982150585323600e-04,1.285882579336157191e-04,1.287957166207002969e-04,1.279538669481573463e-04,1.305782275651204026e-04,1.308250980259130654e-04,1.282974280767906576e-04,1.300015352250357911e-04,1.299511616695585758e-04,1.307574931614269330e-04,1.301878427723242640e-04,1.314215898538701485e-04,1.319649212987463978e-04,1.314951864215338094e-04,1.301639243020761823e-04,1.292529641279087772e-04,1.331376450980318194e-04,1.320896339104126078e-04,1.303344504605246919e-04,1.309340735447034798e-04,1.317550144937688168e-04,1.325914819604376153e-04,1.311380061974361905e-04,1.310567812777320982e-04,1.316365407383208444e-04,1.300113398306611961e-04,1.315107674910139586e-04,1.311474201240541402e-04,1.303594925014453911e-04,1.314696021865144912e-04,1.334651505836532504e-04,1.336219138062481730e-04,1.347246746533655283e-04,1.336201784955810118e-04,1.334729934755570142e-04,1.336574008434974711e-04,1.337277544624938244e-04,1.343010312144643633e-04,1.341418079555929752e-04,1.318723617386175222e-04,1.314746790578013311e-04,1.330067890473507258e-04,1.333301802964804896e-04,1.323511039574044596e-04,1.314106731775811060e-04,1.325806396996434707e-04,1.323801796851345859e-04,1.353584016782381977e-04,1.357547904878627233e-04,1.317768755117968294e-04,1.329426350185110707e-04,1.340587763584107691e-04,1.317589372858710898e-04
8.613125114049460969e-05,9.308959596325853611e-05,9.465713576013644825e-05,9.599915777781109364e-05,1.017750774986198877e-04,1.049727143343349804e-04,1.057257670610766657e-04,1.068856779497121879e-04,1.100090344681125919e-04,1.132997460985287304e-04,1.133259935876084325e-04,1.169587761541159541e-04,1.204523274475481935e-04,1.197227219661222921e-04,1.185953397156442994e-04,1.195031840935203461e-04,1.248434950552736547e-04,1.230630732804188397e-04,1.210618580648098778e-04,1.225065583790258602e-04,1.254672324837773024e-04,1.247826308073513805e-04,1.269306303557920655e-04,1.284901454684650576e-04,1.276646775066106714e-04,1.263152669789468704e-04,1.270244180388028967e-04,1.275858066284008929e-04,1.276994948494212037e-04,1.268150456002592301e-04,1.293834295195265313e-04,1.295077118449674170e-04,1.271581260187348806e-04,1.286259982132470557e-04,1.285691734823240010e-04,1.297167552145449428e-04,1.288787684262931315e-04,1.299574819685724090e-04,1.303551902953418160e-04,1.299407846654511238e-04,1.288064768199548846e-04,1.276987694691872159e-04,1.314548064444423991e-04,1.305707493852842598e-04,1.289064095394610481e-04,1.296913778868301467e-04,1.304075142614955299e-04,1.309950235140541362e-04,1.296056476637630101e-04,1.296386686960414726e-04,1.300113398306611961e-04,1.289252703590138525e-04,1.301674037925959200e-04,1.296878859916714881e-04,1.290503330702784358e-04,1.299981602582130156e-04,1.321061422789756819e-04,1.323044118808025754e-04,1.334859516736832449e-04,1.323442486279581792e-04,1.322875851917550822e-04,1.324782365428153654e-04,1.325965685385374182e-04,1.332296011591264202e-04,1.329860628476225905e-04,1.309833461320249139e-04,1.303675239071954252e-04,1.316445093359807424e-04,1.322310251624007156e-04,1.313752485742767848e-04,1.301436703575466170e-04,1.313343837421942844e-04,1.314593142581379072e-04,1.345402123175016835e-04,1.346817202507103307e-04,1.309675589350352265e-04,1.323389922753794772e-04,1.333119092979815538e-04,1.310075409804997780e-04
8.739828194356165651e-05,9.441048705161476364e-05,9.584877780219247989e-05,9.732952792836678318e-05,1.031430353780568327e-04,1.062231790387265824e-04,1.071645455009793003e-04,1.080619097531346229e-04,1.112850169488175284e-04,1.144370929541986889e-04,1.143836136334809345e-04,1.182925025744498962e-04,1.216107912091354907e-04,1.205912131781639349e-04,1.195407175874096701e-04,1.206861543114131648e-04,1.260404292126298808e-04,1.245867962074735582e-04,1.224203154537107979e-04,1.241514582624721565e-04,1.271522498455708323e-04,1.264265114727794253e-04,1.291949409641888200e-04,1.300528266265061174e-04,1.288471249769653762e-04,1.275858760823505916e-04,1.282250172632193232e-04,1.289341123338040248e-04,1.291024019346527951e-04,1.282069479008583768e-04,1.307938305122599901e-04,1.311034370496124107e-04,1.286234276825089738e-04,1.303561839600327369e-04,1.301584792782449766e-04,1.311065008667221493e-04,1.305689443535818384e-04,1.316101863919815428e-04,1.320966704600469682e-04,1.316712125300494745e-04,1.303668770085661161e-04,1.293181174567876069e-04,1.332415564666757785e-04,1.321591362391300235e-04,1.304497083755232353e-04,1.311117855974055677e-04,1.318321090458008120e-04,1.326944090647685633e-04,1.311646165047262503e-04,1.311400887241773053e-04,1.315107674910139586e-04,1.301674037925959200e-04,1.318476117242332662e-04,1.312285298333816205e-04,1.305776007257559166e-04,1.315609504510002325e-04,1.336245204702815039e-04,1.337315700848415814e-04,1.348576634107870797e-04,1.338238096938933772e-04,1.335543928905451327e-04,1.337632852514863719e-04,1.338367486609690993e-04,1.345574055987442535e-04,1.342659629260627282e-04,1.321504149443103709e-04,1.317777332300509711e-04,1.330344464352186274e-04,1.335662266081584547e-04,1.326112649936132153e-04,1.316732551674721784e-04,1.327608476535032387e-04,1.326715366330164566e-04,1.354995391327478023e-04,1.360783591722202661e-04,1.322553788974725742e-04,1.335792244794605356e-04,1.346195992586099856e-04,1.321678245583928748e-04
8.659697147796322815e-05,9.391436396354293429e-05,9.521906521097687473e-05,9.657316324238590232e-05,1.027423113888649425e-04,1.057547591138011605e-04,1.066120344318997973e-04,1.076892376330044522e-04,1.110061135649977385e-04,1.141580606050342835e-04,1.141574326383307578e-04,1.181330830758513760e-04,1.215554013232643182e-04,1.204828057908297886e-04,1.193187973188938764e-04,1.206705265577813675e-04,1.259410454293493481e-04,1.245168395704638221e-04,1.222102625491802697e-04,1.239860687748425123e-04,1.273096076169802327e-04,1.267689244467232223e-04,1.304008223705861778e-04,1.303459746329285350e-04,1.289490948319274956e-04,1.273671720303949770e-04,1.282388105081254870e-04,1.287244056362165745e-04,1.289537257613701472e-04,1.279290269972447865e-04,1.305630771023488280e-04,1.308122323913544582e-04,1.282820281245059956e-04,1.300129111642195833e-04,1.299237334848931801e-04,1.307398357914826229e-04,1.301741871184699335e-04,1.314044782029781153e-04,1.321177209235359113e-04,1.314964090586077494e-04,1.300742176919911848e-04,1.290643772737293975e-04,1.333030888004977244e-04,1.320429679725857873e-04,1.302990153432259646e-04,1.307027423954537431e-04,1.316002443350476646e-04,1.324233487225906557e-04,1.309356477248473289e-04,1.306919487882707948e-04,1.311474201240541402e-04,1.296878859916714881e-04,1.312285298333816205e-04,1.310737873072508844e-04,1.300833588682235166e-04,1.310994055006847877e-04,1.333164317271567326e-04,1.333420314077374117e-04,1.344655581893930711e-04,1.334682419966939817e-04,1.333114664385040300e-04,1.334656682329525166e-04,1.335824214577886271e-04,1.342304981686201460e-04,1.340625469613729000e-04,1.318133603073917985e-04,1.315953812352153016e-04,1.331140205238172782e-04,1.333432394944341183e-04,1.322588971559645970e-04,1.312817643560661174e-04,1.326175556701427599e-04,1.324729779036812240e-04,1.356501466756359828e-04,1.361140273852153840e-04,1.320267882838203660e-04,1.332054796815398056e-04,1.342651432253783646e-04,1.317267303059795687e-04
8.651177861201509811e-05,9.348314951348495245e-05,9.499095468748927032e-05,9.641943257193919198e-05,1.021819580208764181e-04,1.052125951280702865e-04,1.061814305558824156e-04,1.071797551547737804e-04,1.102867207146296261e-04,1.134582833333767904e-04,1.134448730321207648e-04,1.173195398345726933e-04,1.206123507180531268e-04,1.196907381953424873e-04,1.185417975750659712e-04,1.197168160311886840e-04,1.250269620923708913e-04,1.234836951965910729e-04,1.213950889578467574e-04,1.230582201157993125e-04,1.261243291549119861e-04,1.254535221398513816e-04,1.283657886273452799e-04,1.290116360194235175e-04,1.278495340279952751e-04,1.264477179765694913e-04,1.272213972698492401e-04,1.277644863601721799e-04,1.279576840081874875e-04,1.270776807836712337e-04,1.296079520970667487e-04,1.298870308809306506e-04,1.274902243620973288e-04,1.291274846321850895e-04,1.289883371814042089e-04,1.299084545268605975e-04,1.293519958444333258e-04,1.304318912225067080e-04,1.310151828433609269e-04,1.305148672130680438e-04,1.291888503785678527e-04,1.281928793423422227e-04,1.320710352353002357e-04,1.310600916151486090e-04,1.293020106554517302e-04,1.299511126737319742e-04,1.307044685034273383e-04,1.314862510663539262e-04,1.300734293996709849e-04,1.299948118189334231e-04,1.303594925014453911e-04,1.290503330702784358e-04,1.305776007257559166e-04,1.300833588682235166e-04,1.295437272030186982e-04,1.304007921943457922e-04,1.324588332197124488e-04,1.326041940125739435e-04,1.337277738212213089e-04,1.326835916054825153e-04,1.324578072910506817e-04,1.326588293752616542e-04,1.327474007605765067e-04,1.334171307160685440e-04,1.331669831073084976e-04,1.310742759225151546e-04,1.307042500557549795e-04,1.320461559383304204e-04,1.325127146545234606e-04,1.314833715274747478e-04,1.306002784511321637e-04,1.316795032054772572e-04,1.316668781178277289e-04,1.345268416601542972e-04,1.350670911010862013e-04,1.311942876278176726e-04,1.324931647892748298e-04,1.334901388897188424e-04,1.310550983450671004e-04
8.517054281824400707e-05,9.254819613113990254e-05,9.408649589244069710e-05,9.546659200876690264e-05,1.015722907990771970e-04,1.048848000924275668e-04,1.058423601016729345e-04,1.068028039328979391e-04,1.102043935022506313e-04,1.134401107568857437e-04,1.133954515380266491e-04,1.174466348881325183e-04,1.209111824804961084e-04,1.199321680395252365e-04,1.187985503369086773e-04,1.201760542682748199e-04,1.255495248429438994e-04,1.240822076250656003e-04,1.217922998956569888e-04,1.235988631775553027e-04,1.265538008911016536e-04,1.257667319087130543e-04,1.282819616300496786e-04,1.296299196309715009e-04,1.283922719687925523e-04,1.271135559004387869e-04,1.278309425898605759e-04,1.284952281592633555e-04,1.287046098478795725e-04,1.278222279566800185e-04,1.304719240911773089e-04,1.307208734248272504e-04,1.282722811635383551e-04,1.300294278830955031e-04,1.298971967793346278e-04,1.307330911270897711e-04,1.301595597016093580e-04,1.313403883341422132e-04,1.319052411427241208e-04,1.313708272348744434e-04,1.301347347287315341e-04,1.291406443129632803e-04,1.329817592372375121e-04,1.319480481457713911e-04,1.302839690964679759e-04,1.308628774598518567e-04,1.316218523191059779e-04,1.325430139852492055e-04,1.310336860345248872e-04,1.310043532581914381e-04,1.314696021865144912e-04,1.299981602582130156e-04,1.315609504510002325e-04,1.310994055006847877e-04,1.304007921943457922e-04,1.316524600658147421e-04,1.334857880169566737e-04,1.336270580836575531e-04,1.347463836223055126e-04,1.336794675307829874e-04,1.334757050421809198e-04,1.336369190586989561e-04,1.336926922827200615e-04,1.344193284270452050e-04,1.341445902955469484e-04,1.319661621509577983e-04,1.316131379324057468e-04,1.329952041784361041e-04,1.334892353529418155e-04,1.324239925267737704e-04,1.314416643425462704e-04,1.326901721258866285e-04,1.323582067001992835e-04,1.354754070103632378e-04,1.357500919355356204e-04,1.320021793518436125e-04,1.332766561583596506e-04,1.342332060549682410e-04,1.319228185308386238e-04
8.738863507398435151e-05,9.481210711298791250e-05,9.628785319491822052e-05,9.777672870724601418e-05,1.039611899316234374e-04,1.071974545873444489e-04,1.080337960466031612e-04,1.092308000949381068e-04,1.125674763756748774e-04,1.159811114669483285e-04,1.160720602755483017e-04,1.199305521006934492e-04,1.234372599561171563e-04,1.225537171878439879e-04,1.214243208291116311e-04,1.226230877354919755e-04,1.281146390196448166e-04,1.264308063927080275e-04,1.241579816410352875e-04,1.257667082029853794e-04,1.291129592184984336e-04,1.285945157443073371e-04,1.314158021104523460e-04,1.323285562451521772e-04,1.312523585705047189e-04,1.297775208324507908e-04,1.305168755888198818e-04,1.310757392731368490e-04,1.312631124388903992e-04,1.301977288013845039e-04,1.328739803744810729e-04,1.330196665247008645e-04,1.304595223840111892e-04,1.320882105355249809e-04,1.320198937473385996e-04,1.332548591551534288e-04,1.322881745942012838e-04,1.335744187527943677e-04,1.340508831006108456e-04,1.336151929624398505e-04,1.323297371374446032e-04,1.311335119647998656e-04,1.352899654486248255e-04,1.341658054037897225e-04,1.324684004162364969e-04,1.330684609272281011e-04,1.339259913793787525e-04,1.346693771496848492e-04,1.331314873484645725e-04,1.329928112006695338e-04,1.334651505836532504e-04,1.321061422789756819e-04,1.336245204702815039e-04,1.333164317271567326e-04,1.324588332197124488e-04,1.334857880169566737e-04,1.359546841759694930e-04,1.359455387577051969e-04,1.371089392829698869e-04,1.360444189758931374e-04,1.360469992575382510e-04,1.362659302456506081e-04,1.364033832357437325e-04,1.370784550733827086e-04,1.368352312643013021e-04,1.347106707517419530e-04,1.341628129205800610e-04,1.355802520847979140e-04,1.359844013621161409e-04,1.350135456112154856e-04,1.336668008429242333e-04,1.350386445890054666e-04,1.354043151111617121e-04,1.384946718641788944e-04,1.389471743529032592e-04,1.348391206207999026e-04,1.361401403786631015e-04,1.371820305825604527e-04,1.345824656908007884e-04
8.786002475326373155e-05,9.515919624161841585e-05,9.685162935163968922e-05,9.818167649817715248e-05,1.041904618735085185e-04,1.075082945226517246e-04,1.083963323625090664e-04,1.095807521800577322e-04,1.129182773055770661e-04,1.164142169306117664e-04,1.165035013209933773e-04,1.202027173651394306e-04,1.239090229080703066e-04,1.230965693030301484e-04,1.219751034264419004e-04,1.229938445121434639e-04,1.286033273869607505e-04,1.265235029950908857e-04,1.242828319757664107e-04,1.256332078411007429e-04,1.287822019284227146e-04,1.281204987551794227e-04,1.296914532433037035e-04,1.319948745162362791e-04,1.314851092560737034e-04,1.299038966839750431e-04,1.307292596928035584e-04,1.311540219187381986e-04,1.313481808548741980e-04,1.303618604402694166e-04,1.329984827905792192e-04,1.330000813951973929e-04,1.304551930836740192e-04,1.318749482311912171e-04,1.319259221142882958e-04,1.333040856454053690e-04,1.321519083186623662e-04,1.334226607853502221e-04,1.336606425947606236e-04,1.333913224424446088e-04,1.322750305103816322e-04,1.310720578056501944e-04,1.348558922615248061e-04,1.340209184625099797e-04,1.322467466974191271e-04,1.331928213791161116e-04,1.338940626791463402e-04,1.345740154154425119e-04,1.331221390948653224e-04,1.331732122869397025e-04,1.336219138062481730e-04,1.323044118808025754e-04,1.337315700848415814e-04,1.333420314077374117e-04,1.326041940125739435e-04,1.336270580836575531e-04,1.359455387577051969e-04,1.363514124043038993e-04,1.374116659570429999e-04,1.362066348791266912e-04,1.365057163320617913e-04,1.367098203762364208e-04,1.369475015033836632e-04,1.374897568152498714e-04,1.372895056709473821e-04,1.352192331861925580e-04,1.342609934220542593e-04,1.357651719231413713e-04,1.362890468827618828e-04,1.353285771150354914e-04,1.338346620977082495e-04,1.352550125345092973e-04,1.358393160146866528e-04,1.388260397502930250e-04,1.391531965297427707e-04,1.351728063037923146e-04,1.365486605907175247e-04,1.376215857877858889e-04,1.351311899918591637e-04
8.911408432868941811e-05,9.643156039297835823e-05,9.810273489582408953e-05,9.944055630448192821e-05,1.054517290270211690e-04,1.088427755236787760e-04,1.096388508942771126e-04,1.108692739550674785e-04,1.141698753299833256e-04,1.177908912128248879e-04,1.178946491105352129e-04,1.214659184334218069e-04,1.252056252662041606e-04,1.245794386138224144e-04,1.233544343043409697e-04,1.242563718853844637e-04,1.299046985919126386e-04,1.277155044298879214e-04,1.254779004187413899e-04,1.267367054451343700e-04,1.298572283479783979e-04,1.291686612086392265e-04,1.304646520569458759e-04,1.331090217016886392e-04,1.327225540352902416e-04,1.311511869002782453e-04,1.319612466249877854e-04,1.323837899646117873e-04,1.325858886836939676e-04,1.315148479145154575e-04,1.342095853063794426e-04,1.341372784738853561e-04,1.316375569132697458e-04,1.330333529885039171e-04,1.330386251594982883e-04,1.345035039323922170e-04,1.332390221739272209e-04,1.345268170124862760e-04,1.347074355887088975e-04,1.344478404774609255e-04,1.333671488781053315e-04,1.321476062767795875e-04,1.359089969128431162e-04,1.351171984571181714e-04,1.334045906104524160e-04,1.343283850435833266e-04,1.350231235092436968e-04,1.356443901469176524e-04,1.341791194561146275e-04,1.342819383396949096e-04,1.347246746533655283e-04,1.334859516736832449e-04,1.348576634107870797e-04,1.344655581893930711e-04,1.337277738212213089e-04,1.347463836223055126e-04,1.371089392829698869e-04,1.374116659570429999e-04,1.387383849430830912e-04,1.374076569042940435e-04,1.377005366190196865e-04,1.379112736823417105e-04,1.381913651530348899e-04,1.388295418879556585e-04,1.385496396426785500e-04,1.365859557686190009e-04,1.355632160144768167e-04,1.369596669207429702e-04,1.376115969948303282e-04,1.366153897865387721e-04,1.349810897000886119e-04,1.365076557345386212e-04,1.370884872853626944e-04,1.403921650691119778e-04,1.404182701634123761e-04,1.365605145323079621e-04,1.379347345462574894e-04,1.389949838135922289e-04,1.364552323695714543e-04
8.973786127381875536e-05,9.678139590520292920e-05,9.823922318714510852e-05,9.994655182714883067e-05,1.058588386065436790e-04,1.086972311812513947e-04,1.095331012145094127e-04,1.107429110434183904e-04,1.139073763074588863e-04,1.172189260235463517e-04,1.173411166747578409e-04,1.210946357062908744e-04,1.245036562273205410e-04,1.236088986759490457e-04,1.226222878696858450e-04,1.235772146488418454e-04,1.290119340867295977e-04,1.271453671053156319e-04,1.249982348138899016e-04,1.264883625773595335e-04,1.298942036298553551e-04,1.296296149193741838e-04,1.329133182755754298e-04,1.330548631683904593e-04,1.321235742814508935e-04,1.304667018617304444e-04,1.311940000489626289e-04,1.316966838655486021e-04,1.318781257127443188e-04,1.307073526278357658e-04,1.333688110056245016e-04,1.334350708399908547e-04,1.309121762346665996e-04,1.325297671180726956e-04,1.323417931858502923e-04,1.337382579306616915e-04,1.327031725882961595e-04,1.338452647008621442e-04,1.344880280024229077e-04,1.338809161145905859e-04,1.326273755136461003e-04,1.314552223871875709e-04,1.356589798240530917e-04,1.344992857762753932e-04,1.329619971283111160e-04,1.334161866527709282e-04,1.342648110674881149e-04,1.348665231643106257e-04,1.333608106752802794e-04,1.332071248956512896e-04,1.336201784955810118e-04,1.323442486279581792e-04,1.338238096938933772e-04,1.334682419966939817e-04,1.326835916054825153e-04,1.336794675307829874e-04,1.360444189758931374e-04,1.362066348791266912e-04,1.374076569042940435e-04,1.366359571480547659e-04,1.365152668763804544e-04,1.367036536056754508e-04,1.369411769104424744e-04,1.375524561593102085e-04,1.373444946426481488e-04,1.353432013952165927e-04,1.348132680922315590e-04,1.361718062931451055e-04,1.365229411979204687e-04,1.354732302845022102e-04,1.341322552552918611e-04,1.356645280241117061e-04,1.361053989733516966e-04,1.395048795274503935e-04,1.395926700570151232e-04,1.356287368388600244e-04,1.368934473397181030e-04,1.378610846581503362e-04,1.353202126964287192e-04
8.890812621341592217e-05,9.605023195184189254e-05,9.792830978516284203e-05,9.925193992538616902e-05,1.051301887004691820e-04,1.084155808041652853e-04,1.092354240862288147e-04,1.105735764655626087e-04,1.138081366220995168e-04,1.176196796300438253e-04,1.177920237623025231e-04,1.210860529927613012e-04,1.249750103520917038e-04,1.244494095817770237e-04,1.234190933920629280e-04,1.240121867161943225e-04,1.296848321956072122e-04,1.269690552560812015e-04,1.247712540471952291e-04,1.255858212853292388e-04,1.288870403872982974e-04,1.283709233069704227e-04,1.287721827028726128e-04,1.321845900644663435e-04,1.325679817534577379e-04,1.306903460993184862e-04,1.315253027191712755e-04,1.318094872142139718e-04,1.319114037713135757e-04,1.306745576550060785e-04,1.333612464642126990e-04,1.329957900323407724e-04,1.304147999149113564e-04,1.315064929367221322e-04,1.316647463795074665e-04,1.336428195338651198e-04,1.318024870699992246e-04,1.331479821625578984e-04,1.331155264412374202e-04,1.330069621297174699e-04,1.321556459788275693e-04,1.307087891921256541e-04,1.343782521617828483e-04,1.337611597692603307e-04,1.320441835874700941e-04,1.332102511350369810e-04,1.337898190740926922e-04,1.342379400299419036e-04,1.328369450431666067e-04,1.329675799914842044e-04,1.334729934755570142e-04,1.322875851917550822e-04,1.335543928905451327e-04,1.333114664385040300e-04,1.324578072910506817e-04,1.334757050421809198e-04,1.360469992575382510e-04,1.365057163320617913e-04,1.377005366190196865e-04,1.365152668763804544e-04,1.374365626505463019e-04,1.375882354161150802e-04,1.380273508932267860e-04,1.384262764602812415e-04,1.382925120902369514e-04,1.364856930300203800e-04,1.349624721660318044e-04,1.364578944274879506e-04,1.370037596559230348e-04,1.360785071324382642e-04,1.338722185781395782e-04,1.357215896125643357e-04,1.372646713453589491e-04,1.404807811051402141e-04,1.403281693731752095e-04,1.364480376779851677e-04,1.377336756734064301e-04,1.387982836013245346e-04,1.362710681874838273e-04
9.011192450646571825e-05,9.710003393399614516e-05,9.894025024329094434e-05,1.002561101417255031e-04,1.059314171233287155e-04,1.091970486725667416e-04,1.099627091543212322e-04,1.113109269473339162e-04,1.144755607639554165e-04,1.182540571465764756e-04,1.184152898681024998e-04,1.215573665448701688e-04,1.254379005056531439e-04,1.249059868190862419e-04,1.239488056217231406e-04,1.243793975018442756e-04,1.300981737404917609e-04,1.272710245296516203e-04,1.250488587249720164e-04,1.257468373283733706e-04,1.289106991965186736e-04,1.284145199119160442e-04,1.281047512068329364e-04,1.321922803081754586e-04,1.327687698015683423e-04,1.310339361953650637e-04,1.316983771199469226e-04,1.320383273223818576e-04,1.321134897659531626e-04,1.308793752978970669e-04,1.335405931126915004e-04,1.331431477572003644e-04,1.305728934624712670e-04,1.315890281909036757e-04,1.317848380959185900e-04,1.339141579702552093e-04,1.319530281885620280e-04,1.332876307210454053e-04,1.330384826883153793e-04,1.330704979653165763e-04,1.322908625974442609e-04,1.308208570111026796e-04,1.343335739264822832e-04,1.338406597981852233e-04,1.321222568560804112e-04,1.334241634520365078e-04,1.339018231513800026e-04,1.343161451012765001e-04,1.329378884398723618e-04,1.331494918196050295e-04,1.336574008434974711e-04,1.324782365428153654e-04,1.337632852514863719e-04,1.334656682329525166e-04,1.326588293752616542e-04,1.336369190586989561e-04,1.362659302456506081e-04,1.367098203762364208e-04,1.379112736823417105e-04,1.367036536056754508e-04,1.375882354161150802e-04,1.380494602291376563e-04,1.383989207799321444e-04,1.387362869019336962e-04,1.385237299920402199e-04,1.368237389844409696e-04,1.351237742712333237e-04,1.364827082114100068e-04,1.371879476970151149e-04,1.363339584832080691e-04,1.340440764068367421e-04,1.358734393712421123e-04,1.376174110240721256e-04,1.405873890549700852e-04,1.405419324148614616e-04,1.366929206633940444e-04,1.380648427969365674e-04,1.391429847971289394e-04,1.366033816684712754e-04
9.219430651176604692e-05,9.911445345378274221e-05,1.008968301355252527e-04,1.020235178038067720e-04,1.074518779584960769e-04,1.106741331164800695e-04,1.113672652965720704e-04,1.127150445282380515e-04,1.157245345385951146e-04,1.195271363462005205e-04,1.197135640192958375e-04,1.227194568818738070e-04,1.265053244236176455e-04,1.261463757801840641e-04,1.251478750291903680e-04,1.254062387637516882e-04,1.311023319139291139e-04,1.279795939754244712e-04,1.256585237416996494e-04,1.260751900112088493e-04,1.293471447618664550e-04,1.288620116036093906e-04,1.280696415783913488e-04,1.326143741200505328e-04,1.335509353083699996e-04,1.315903728713931911e-04,1.323157874080296576e-04,1.324871291456022329e-04,1.325584713368911345e-04,1.311972527696500437e-04,1.338743734715577155e-04,1.333432009744075131e-04,1.307554198349803701e-04,1.316172648840896486e-04,1.318527918900540567e-04,1.341707062588423682e-04,1.320122640856926136e-04,1.333433083626645998e-04,1.329830152874986540e-04,1.330745537461142092e-04,1.323765901562144460e-04,1.308909969039488924e-04,1.342928901422368513e-04,1.338820171565618055e-04,1.321774760489287165e-04,1.335810848742815062e-04,1.339850570519847037e-04,1.343139437005956679e-04,1.329593776746415188e-04,1.332153538695827837e-04,1.337277544624938244e-04,1.325965685385374182e-04,1.338367486609690993e-04,1.335824214577886271e-04,1.327474007605765067e-04,1.336926922827200615e-04,1.364033832357437325e-04,1.369475015033836632e-04,1.381913651530348899e-04,1.369411769104424744e-04,1.380273508932267860e-04,1.383989207799321444e-04,1.392239899024607340e-04,1.393799518526774831e-04,1.392044719911979473e-04,1.375635449153710967e-04,1.355903177574062379e-04,1.370692962505776972e-04,1.376567987575329872e-04,1.367993380947619877e-04,1.342871056050904245e-04,1.362572612253825049e-04,1.384883984834207730e-04,1.414830315793352031e-04,1.413630591003405153e-04,1.375076498146962298e-04,1.387753848244148186e-04,1.399780313844866102e-04,1.372823648610421135e-04
9.252514686604485113e-05,9.955034541547772204e-05,1.011676503989791153e-04,1.022616706601831525e-04,1.078314896976848323e-04,1.110589837965667194e-04,1.117444692676655308e-04,1.129569531519405881e-04,1.160285341798032905e-04,1.198068640264911126e-04,1.200746893031067700e-04,1.230948867591037795e-04,1.267710662370019094e-04,1.265180427795787048e-04,1.252893596428588145e-04,1.256941577923043215e-04,1.314398513033587389e-04,1.286071286211702301e-04,1.261604643950504348e-04,1.267374346753314036e-04,1.298232941444705743e-04,1.293011873061134778e-04,1.284643060327816716e-04,1.331390853832930469e-04,1.338791153155006347e-04,1.320021974648074052e-04,1.326991111736766128e-04,1.328917748462090309e-04,1.331044965282627787e-04,1.316677245741237619e-04,1.344100868276876541e-04,1.339230292576639304e-04,1.313848010184515884e-04,1.324273416627386938e-04,1.325660697082199407e-04,1.345651464791670492e-04,1.327263796670592418e-04,1.340182661019769504e-04,1.337156480778561808e-04,1.337565138141843266e-04,1.329864293338468796e-04,1.314379505377340359e-04,1.349451504718724598e-04,1.344585658442878809e-04,1.327358766922801415e-04,1.340875791783143498e-04,1.345151222517236187e-04,1.349831625684774295e-04,1.335726703792212251e-04,1.338132237188732754e-04,1.343010312144643633e-04,1.332296011591264202e-04,1.345574055987442535e-04,1.342304981686201460e-04,1.334171307160685440e-04,1.344193284270452050e-04,1.370784550733827086e-04,1.374897568152498714e-04,1.388295418879556585e-04,1.375524561593102085e-04,1.384262764602812415e-04,1.387362869019336962e-04,1.393799518526774831e-04,1.401818564380262835e-04,1.396158842513063429e-04,1.380072966411284314e-04,1.361092244002543267e-04,1.375092825553189191e-04,1.382982768374404461e-04,1.372751814792742787e-04,1.347213220888169346e-04,1.367976261932772966e-04,1.385700945804530307e-04,1.418419958366917265e-04,1.417338691146733569e-04,1.380001210941553941e-04,1.393964133330693686e-04,1.403986356420897921e-04,1.375927381434406780e-04
9.206340161543676470e-05,9.906308348376644598e-05,1.007782763294491125e-04,1.019134354140166482e-04,1.075770545793026288e-04,1.107216856301693783e-04,1.114499477514589200e-04,1.127688503898868197e-04,1.158267391872775753e-04,1.195851764928485895e-04,1.198365439171012419e-04,1.229320941176053055e-04,1.266797005470849530e-04,1.263045841048774916e-04,1.252039226535926883e-04,1.256806289645161332e-04,1.313033215284644837e-04,1.284032690719487738e-04,1.261162401740104912e-04,1.267022465653482109e-04,1.299638216277034029e-04,1.294909793442752539e-04,1.293322114668522089e-04,1.332504620742960486e-04,1.338379927253965289e-04,1.318333621520600323e-04,1.327097389904813903e-04,1.328249342929058727e-04,1.329746613058978505e-04,1.316009825651355645e-04,1.342833729432955914e-04,1.338242241908566053e-04,1.311840014016395835e-04,1.322233365886336443e-04,1.324462622948264416e-04,1.343532220580303084e-04,1.325434084749358094e-04,1.339255178708251238e-04,1.337512678761358382e-04,1.336721145549883423e-04,1.328173651396902114e-04,1.313860750980210012e-04,1.350148960201699039e-04,1.344453125783856649e-04,1.326861928443684273e-04,1.338910016809835275e-04,1.344360825915728072e-04,1.349088996657167518e-04,1.334836153889218369e-04,1.336160966544088988e-04,1.341418079555929752e-04,1.329860628476225905e-04,1.342659629260627282e-04,1.340625469613729000e-04,1.331669831073084976e-04,1.341445902955469484e-04,1.368352312643013021e-04,1.372895056709473821e-04,1.385496396426785500e-04,1.373444946426481488e-04,1.382925120902369514e-04,1.385237299920402199e-04,1.392044719911979473e-04,1.396158842513063429e-04,1.395767085133321306e-04,1.376745658665522751e-04,1.359467687968631824e-04,1.375841226329211275e-04,1.379915275245737611e-04,1.370490168708162219e-04,1.346291401180377929e-04,1.367230915964710207e-04,1.385355285002583552e-04,1.417983153242841803e-04,1.416803588932900447e-04,1.377856839914504161e-04,1.389762609468220311e-04,1.401324694506347847e-04,1.374213193818598104e-04
9.215275963588031617e-05,9.876524043838881062e-05,1.005430368967447904e-04,1.016855375762606734e-04,1.068676593487064708e-04,1.099650236666456781e-04,1.105775228916233872e-04,1.119383672156276140e-04,1.147255116449089188e-04,1.186279210719557543e-04,1.188972097331686818e-04,1.215857341630321211e-04,1.252427028839900433e-04,1.251520028291660299e-04,1.241604321888752679e-04,1.241049526348404948e-04,1.297520884311871374e-04,1.264842706048002632e-04,1.243544267504817090e-04,1.245394533831950632e-04,1.276436787398105960e-04,1.273037947522423399e-04,1.259835833158687280e-04,1.309166511382040020e-04,1.321840882414613183e-04,1.302162342065028800e-04,1.309079227951194643e-04,1.310579311104389296e-04,1.311044544054706322e-04,1.296604570248674428e-04,1.322852318747268013e-04,1.316403578425885213e-04,1.291632074957736113e-04,1.299040767789370714e-04,1.301000488877873912e-04,1.326002641732526338e-04,1.302990466859126300e-04,1.315320777242268081e-04,1.310499025250020245e-04,1.311856264264051042e-04,1.306112208935121001e-04,1.290103744674062883e-04,1.323666721837302531e-04,1.320133323166730653e-04,1.304070125691667091e-04,1.318754552477825802e-04,1.322137581041365442e-04,1.324370336449067994e-04,1.311028891336395098e-04,1.314134376480094229e-04,1.318723617386175222e-04,1.309833461320249139e-04,1.321504149443103709e-04,1.318133603073917985e-04,1.310742759225151546e-04,1.319661621509577983e-04,1.347106707517419530e-04,1.352192331861925580e-04,1.365859557686190009e-04,1.353432013952165927e-04,1.364856930300203800e-04,1.368237389844409696e-04,1.375635449153710967e-04,1.380072966411284314e-04,1.376745658665522751e-04,1.364546197712045909e-04,1.341263381011680304e-04,1.354202543412933346e-04,1.362249615480866794e-04,1.353616730748427349e-04,1.325894501786165395e-04,1.346813436583352080e-04,1.371625106773532413e-04,1.401984947331387488e-04,1.399697444306571880e-04,1.363442420664541424e-04,1.376190996905854425e-04,1.386781383149871926e-04,1.359296963913067546e-04
9.115912028884961312e-05,9.755273450138366863e-05,9.905762598163097535e-05,1.007755044723186786e-04,1.065913305711559757e-04,1.089014276804931589e-04,1.096467170065033918e-04,1.107203004874575180e-04,1.135719561529399734e-04,1.169217788464672875e-04,1.169171709305525276e-04,1.208538266182140262e-04,1.237969756325764826e-04,1.230404934970161614e-04,1.219086108598449653e-04,1.227016291329213131e-04,1.280702562976812782e-04,1.262453969599198859e-04,1.239025084172101136e-04,1.255346464944246526e-04,1.291075750290777621e-04,1.296499618254976568e-04,1.345198957850642530e-04,1.324491825172797782e-04,1.313048703039710089e-04,1.293018432356480153e-04,1.302095948577445237e-04,1.306109878103575705e-04,1.307134286514772083e-04,1.292360629698603583e-04,1.319433946924753246e-04,1.318418586368490133e-04,1.295233698773395989e-04,1.313365051569221698e-04,1.306886605533374036e-04,1.323135652188691096e-04,1.310567716819307582e-04,1.322222311318827664e-04,1.334088855538472461e-04,1.321837834956054352e-04,1.309755670118365974e-04,1.299035835570375511e-04,1.343865545023143284e-04,1.327866205485627295e-04,1.316799779803757436e-04,1.314448808686274266e-04,1.325368241392410292e-04,1.330280580330764329e-04,1.314746920603280665e-04,1.311184539880212762e-04,1.314746790578013311e-04,1.303675239071954252e-04,1.317777332300509711e-04,1.315953812352153016e-04,1.307042500557549795e-04,1.316131379324057468e-04,1.341628129205800610e-04,1.342609934220542593e-04,1.355632160144768167e-04,1.348132680922315590e-04,1.349624721660318044e-04,1.351237742712333237e-04,1.355903177574062379e-04,1.361092244002543267e-04,1.359467687968631824e-04,1.341263381011680304e-04,1.344887962183584070e-04,1.352933266739695392e-04,1.355677929442935712e-04,1.340794099663915112e-04,1.327758608103190641e-04,1.347795712600346021e-04,1.351964620235140361e-04,1.397641675295439336e-04,1.389351285038576442e-04,1.351198767622430804e-04,1.361967404025771612e-04,1.371020006697061555e-04,1.344639000244043730e-04
9.145830707157079830e-05,9.843971136983999798e-05,9.977816627882067440e-05,1.012454665838213267e-04,1.073754371079984319e-04,1.097300831769863029e-04,1.105967932975573877e-04,1.117849868342715383e-04,1.148394051812198639e-04,1.180258404187179441e-04,1.182407482228053073e-04,1.222313739890414932e-04,1.253725418555444882e-04,1.246320327286747325e-04,1.233582188677571228e-04,1.245053448084837552e-04,1.298206009194220517e-04,1.278796419871248242e-04,1.254113325243589824e-04,1.269558097172286714e-04,1.308246218763805841e-04,1.310887809472665059e-04,1.363186286423233827e-04,1.341432231689486051e-04,1.329566378044028173e-04,1.305616339457654155e-04,1.318158606440608443e-04,1.318591050039980494e-04,1.321098414763032067e-04,1.306374137682027683e-04,1.333026141121383581e-04,1.332568392569953336e-04,1.306878432993606714e-04,1.323501062207335893e-04,1.320830359425141990e-04,1.332936060730685352e-04,1.322211895495329368e-04,1.335952029305782903e-04,1.348637843090514201e-04,1.336947396867921615e-04,1.322489444268436535e-04,1.312402014856193372e-04,1.358809885771050305e-04,1.343523698739402768e-04,1.328663271386424402e-04,1.327602616068664825e-04,1.340134678249490466e-04,1.344777216374523025e-04,1.329756807076388494e-04,1.325039390952928908e-04,1.330067890473507258e-04,1.316445093359807424e-04,1.330344464352186274e-04,1.331140205238172782e-04,1.320461559383304204e-04,1.329952041784361041e-04,1.355802520847979140e-04,1.357651719231413713e-04,1.369596669207429702e-04,1.361718062931451055e-04,1.364578944274879506e-04,1.364827082114100068e-04,1.370692962505776972e-04,1.375092825553189191e-04,1.375841226329211275e-04,1.354202543412933346e-04,1.352933266739695392e-04,1.372526098633075934e-04,1.367824089923402994e-04,1.353275867837795525e-04,1.340170992439949135e-04,1.360611789098525740e-04,1.367020771003008006e-04,1.409761900792923532e-04,1.405758126108836272e-04,1.363716774818836755e-04,1.372313418839414057e-04,1.382786751530017360e-04,1.355357171793403518e-04
9.143234567642783176e-05,9.821885310924490940e-05,9.985431654583650917e-05,1.011818386639167075e-04,1.070572594972819407e-04,1.098270672882540743e-04,1.105757309080163798e-04,1.117719955729769071e-04,1.147249193313275170e-04,1.183292219328206706e-04,1.184812056181615823e-04,1.220860735053031724e-04,1.253923187692827475e-04,1.249033839638704843e-04,1.235952693103963831e-04,1.242914246105395251e-04,1.299660891149357223e-04,1.276540357055833141e-04,1.252645785037279796e-04,1.265457783401839056e-04,1.298679576479803196e-04,1.299724227925953758e-04,1.325755507348837334e-04,1.332757851116358604e-04,1.328571579925596330e-04,1.308084756835730961e-04,1.317193350462125389e-04,1.319198810234771091e-04,1.321622068569407963e-04,1.307603111373309077e-04,1.335300106362515406e-04,1.333058929091287279e-04,1.308629611118998460e-04,1.323513390864585718e-04,1.320967722679168826e-04,1.338496408989387225e-04,1.323399977689376024e-04,1.336151504257050010e-04,1.341969470040313189e-04,1.335654743177575282e-04,1.324187777461135562e-04,1.311873349664572437e-04,1.353133764294793811e-04,1.341762083916931542e-04,1.327208276655618901e-04,1.331508595112371239e-04,1.340441737116488449e-04,1.344865233488810093e-04,1.330497474146798630e-04,1.329674604950482918e-04,1.333301802964804896e-04,1.322310251624007156e-04,1.335662266081584547e-04,1.333432394944341183e-04,1.325127146545234606e-04,1.334892353529418155e-04,1.359844013621161409e-04,1.362890468827618828e-04,1.376115969948303282e-04,1.365229411979204687e-04,1.370037596559230348e-04,1.371879476970151149e-04,1.376567987575329872e-04,1.382982768374404461e-04,1.379915275245737611e-04,1.362249615480866794e-04,1.355677929442935712e-04,1.367824089923402994e-04,1.375915492838458427e-04,1.360511885003009419e-04,1.343107458811021687e-04,1.362559369850374126e-04,1.369700947825948432e-04,1.411020729258463972e-04,1.405876020268228578e-04,1.367123343065626453e-04,1.380365995658984935e-04,1.389528289621379676e-04,1.362216225236813761e-04
9.130594978239794685e-05,9.788125776830941701e-05,9.952619318050115926e-05,1.007841990719799861e-04,1.062545462277738305e-04,1.093003313957835638e-04,1.098254923217382810e-04,1.112050280310230085e-04,1.140205498112102411e-04,1.176429825310377813e-04,1.178120029533784709e-04,1.208575287322169429e-04,1.244555817410704769e-04,1.240054992089462647e-04,1.229307424998980086e-04,1.233228279885971554e-04,1.288978676665823774e-04,1.262833985245312570e-04,1.241814004220692094e-04,1.249816911085034079e-04,1.280789393217971590e-04,1.277467721276556018e-04,1.282892839752254057e-04,1.312643896570054962e-04,1.314921368422000952e-04,1.298174476937716563e-04,1.304517103692571394e-04,1.308851514638968629e-04,1.309798514955094447e-04,1.296796566245458904e-04,1.322979971549990584e-04,1.320566493076476310e-04,1.295983715204664381e-04,1.307403777566827716e-04,1.307963200328067868e-04,1.329056069407316709e-04,1.310267719416415380e-04,1.322442160201966338e-04,1.322067419964516679e-04,1.320742685866092890e-04,1.311828314753245783e-04,1.297989382427481219e-04,1.335032141806430687e-04,1.327699283519861615e-04,1.311936916385206687e-04,1.322636763454871614e-04,1.328652935222083523e-04,1.332153829958867457e-04,1.317782677682382577e-04,1.319161328823844194e-04,1.323511039574044596e-04,1.313752485742767848e-04,1.326112649936132153e-04,1.322588971559645970e-04,1.314833715274747478e-04,1.324239925267737704e-04,1.350135456112154856e-04,1.353285771150354914e-04,1.366153897865387721e-04,1.354732302845022102e-04,1.360785071324382642e-04,1.363339584832080691e-04,1.367993380947619877e-04,1.372751814792742787e-04,1.370490168708162219e-04,1.353616730748427349e-04,1.340794099663915112e-04,1.353275867837795525e-04,1.360511885003009419e-04,1.353902317394178466e-04,1.330654199923492220e-04,1.348158147656777393e-04,1.362317887065810876e-04,1.394743775143827914e-04,1.392916519600703674e-04,1.355468194902144363e-04,1.369030478134700753e-04,1.379333269588546801e-04,1.353221074041525236e-04
8.957684500537373530e-05,9.608236048663714259e-05,9.750880504984185562e-05,9.920318524192942651e-05,1.048478943156112115e-04,1.074272506971240843e-04,1.083259251359112958e-04,1.093751033965977367e-04,1.122598180082145337e-04,1.153673860584030413e-04,1.152765981256493363e-04,1.192496485569974232e-04,1.223158280955948462e-04,1.212791104806691303e-04,1.201877686039870622e-04,1.212739883425761450e-04,1.265966130636951115e-04,1.249869712953156876e-04,1.229188170967444773e-04,1.247562912070480142e-04,1.280904617200349016e-04,1.281072539695705243e-04,1.327629246962448684e-04,1.310682654806203968e-04,1.295917300960994353e-04,1.280099706384376539e-04,1.287941984853584393e-04,1.293469456063633038e-04,1.294716935348896815e-04,1.284614774628572715e-04,1.310049833267125851e-04,1.313683180060063545e-04,1.290020147487631874e-04,1.308226663778304681e-04,1.303758129571807515e-04,1.316117106213038639e-04,1.307970360951286101e-04,1.318832703259075574e-04,1.328631422873734170e-04,1.319788895214657790e-04,1.305897862088913042e-04,1.297244436488800368e-04,1.339376569398645833e-04,1.325476594175725785e-04,1.310895950961429141e-04,1.312708857886885549e-04,1.322148912374364088e-04,1.328662343618363187e-04,1.313705399717501855e-04,1.311482606526738546e-04,1.314106731775811060e-04,1.301436703575466170e-04,1.316732551674721784e-04,1.312817643560661174e-04,1.306002784511321637e-04,1.314416643425462704e-04,1.336668008429242333e-04,1.338346620977082495e-04,1.349810897000886119e-04,1.341322552552918611e-04,1.338722185781395782e-04,1.340440764068367421e-04,1.342871056050904245e-04,1.347213220888169346e-04,1.346291401180377929e-04,1.325894501786165395e-04,1.327758608103190641e-04,1.340170992439949135e-04,1.343107458811021687e-04,1.330654199923492220e-04,1.326640512649093664e-04,1.336317256606915518e-04,1.335600660879667390e-04,1.371250524432229812e-04,1.371103064735333936e-04,1.332630328893906751e-04,1.344995985773419090e-04,1.355109015572152846e-04,1.330196971756294913e-04
9.152173122807068164e-05,9.817431620471799372e-05,9.961765408877679899e-05,1.011150869059878417e-04,1.070511176685634395e-04,1.094614657048723717e-04,1.102356358443133357e-04,1.113121075221862848e-04,1.143520588984764066e-04,1.175620101054368971e-04,1.176179183147639621e-04,1.214517608290423728e-04,1.246898614457760254e-04,1.238603695666609075e-04,1.226208671067522467e-04,1.236179223360634740e-04,1.290133895695507783e-04,1.271781500316074526e-04,1.247578387598170520e-04,1.263004351498543893e-04,1.297177974847697139e-04,1.299166200356264872e-04,1.339278105418332978e-04,1.329494554246224024e-04,1.318621967976895597e-04,1.299171382584818216e-04,1.307963008204305222e-04,1.311590077240227788e-04,1.313762864076683037e-04,1.300683871038069107e-04,1.327421072491773233e-04,1.327081086009476967e-04,1.302815411242181558e-04,1.321361737058516876e-04,1.316444175865320464e-04,1.328942209206303055e-04,1.319044012699220917e-04,1.331409110618152528e-04,1.341842813474497878e-04,1.330444450544343820e-04,1.317790905147909206e-04,1.308406388086755679e-04,1.351279593024249813e-04,1.337236205049566955e-04,1.324314201935169642e-04,1.323608108471828406e-04,1.333908785217251703e-04,1.339718376493619371e-04,1.324789445051880376e-04,1.321965486829287690e-04,1.325806396996434707e-04,1.313343837421942844e-04,1.327608476535032387e-04,1.326175556701427599e-04,1.316795032054772572e-04,1.326901721258866285e-04,1.350386445890054666e-04,1.352550125345092973e-04,1.365076557345386212e-04,1.356645280241117061e-04,1.357215896125643357e-04,1.358734393712421123e-04,1.362572612253825049e-04,1.367976261932772966e-04,1.367230915964710207e-04,1.346813436583352080e-04,1.347795712600346021e-04,1.360611789098525740e-04,1.362559369850374126e-04,1.348158147656777393e-04,1.336317256606915518e-04,1.358655239325413824e-04,1.355614322184712443e-04,1.402314096880076869e-04,1.392185680111983326e-04,1.355769863234942778e-04,1.366953395555765187e-04,1.376307904347753267e-04,1.350958581487087028e-04
9.533892079111222267e-05,1.015434839412775138e-04,1.031979947996177713e-04,1.046177290943648563e-04,1.095045367737065384e-04,1.120767402787017442e-04,1.127313754328919165e-04,1.141366442982077827e-04,1.165468417340400725e-04,1.202771404953811987e-04,1.205593611497389077e-04,1.233593349369610829e-04,1.267015684570139424e-04,1.264543659546607459e-04,1.256285755747730615e-04,1.254922205430103650e-04,1.310310713007335054e-04,1.277382133864013382e-04,1.257110986887104186e-04,1.259634800616621483e-04,1.294988402076167509e-04,1.295070499372919643e-04,1.301670872283857989e-04,1.326083301198829423e-04,1.335494751792132837e-04,1.314204145958098712e-04,1.321678795002927543e-04,1.322508544441567205e-04,1.322701593003978570e-04,1.306357663284952748e-04,1.331502876319333104e-04,1.326423301800124085e-04,1.300679217713280624e-04,1.307814510651416522e-04,1.309474960609500126e-04,1.337737983086149138e-04,1.312355513286366068e-04,1.324810104993290208e-04,1.322510107641289322e-04,1.322499357772881508e-04,1.314833268696786507e-04,1.298839905176909972e-04,1.337836564827331407e-04,1.330655036291594274e-04,1.314761077327177930e-04,1.326931165709347609e-04,1.332727788696518327e-04,1.332818053320346339e-04,1.319102410482342997e-04,1.319457294846406467e-04,1.323801796851345859e-04,1.314593142581379072e-04,1.326715366330164566e-04,1.324729779036812240e-04,1.316668781178277289e-04,1.323582067001992835e-04,1.354043151111617121e-04,1.358393160146866528e-04,1.370884872853626944e-04,1.361053989733516966e-04,1.372646713453589491e-04,1.376174110240721256e-04,1.384883984834207730e-04,1.385700945804530307e-04,1.385355285002583552e-04,1.371625106773532413e-04,1.351964620235140361e-04,1.367020771003008006e-04,1.369700947825948432e-04,1.362317887065810876e-04,1.335600660879667390e-04,1.355614322184712443e-04,1.389935429299429901e-04,1.413465311597586309e-04,1.416817054030018264e-04,1.375672989314329986e-04,1.385805218143186881e-04,1.398713957100583246e-04,1.369653715816011961e-04
9.708768888359261314e-05,1.033362919997763427e-04,1.050488201214048979e-04,1.066900053501813271e-04,1.126394333843494072e-04,1.147297881393369209e-04,1.151773575663174145e-04,1.166260955884016733e-04,1.194600353530466872e-04,1.231005266718713815e-04,1.235045820633622190e-04,1.267328085456581935e-04,1.300849860950329773e-04,1.299642026153746373e-04,1.285615303780173748e-04,1.288012606063830741e-04,1.344836418056776612e-04,1.315685605599228999e-04,1.291426255814897726e-04,1.299060362579275950e-04,1.337509222403739377e-04,1.347081958068091739e-04,1.381930317990880445e-04,1.374917730931284705e-04,1.374745378258018574e-04,1.348118565725286533e-04,1.358539058674929848e-04,1.358045341074446083e-04,1.358517054303396690e-04,1.340272457302599479e-04,1.368963108456528323e-04,1.361235835887654585e-04,1.337544384855240205e-04,1.351964274483568186e-04,1.346290677255617459e-04,1.369795284911164200e-04,1.347136879647213873e-04,1.361017257341919431e-04,1.371788906906828910e-04,1.358338477983015856e-04,1.349575073584141540e-04,1.336153816423834813e-04,1.380158973517312644e-04,1.366777250866268415e-04,1.357712827187328901e-04,1.355629717901869909e-04,1.367424405628055292e-04,1.366682597199358519e-04,1.351842589387413512e-04,1.349199130797821937e-04,1.353584016782381977e-04,1.345402123175016835e-04,1.354995391327478023e-04,1.356501466756359828e-04,1.345268416601542972e-04,1.354754070103632378e-04,1.384946718641788944e-04,1.388260397502930250e-04,1.403921650691119778e-04,1.395048795274503935e-04,1.404807811051402141e-04,1.405873890549700852e-04,1.414830315793352031e-04,1.418419958366917265e-04,1.417983153242841803e-04,1.401984947331387488e-04,1.397641675295439336e-04,1.409761900792923532e-04,1.411020729258463972e-04,1.394743775143827914e-04,1.371250524432229812e-04,1.402314096880076869e-04,1.413465311597586309e-04,1.477484507846160786e-04,1.450626956419260086e-04,1.415157192981368844e-04,1.426075430658705647e-04,1.433651517876157410e-04,1.406654367730427509e-04
9.755026373341649346e-05,1.039950753802667763e-04,1.053731562842981340e-04,1.069813190188337136e-04,1.126816253839199030e-04,1.148333440800827478e-04,1.155320497842882686e-04,1.169121908173835494e-04,1.194501045964760285e-04,1.229949531857858574e-04,1.233628263254033007e-04,1.269410430074048915e-04,1.298925736280882219e-04,1.294411332587404914e-04,1.281485273616440120e-04,1.286276628652286357e-04,1.342229796719510420e-04,1.316398989579294087e-04,1.292650125537395047e-04,1.303349321961279231e-04,1.344210751916549240e-04,1.350248452238003737e-04,1.394230763306444248e-04,1.377816322098686179e-04,1.374083345868251475e-04,1.347887523148852721e-04,1.358767773550584952e-04,1.356962793370151716e-04,1.360446273625301580e-04,1.341798900653117139e-04,1.368597371553829033e-04,1.365783770456078898e-04,1.338667795854014237e-04,1.350634726272704274e-04,1.349802011809173692e-04,1.371678414684716126e-04,1.352928821056404763e-04,1.366883553089771083e-04,1.373588673672668454e-04,1.367232111752120271e-04,1.353020432185747285e-04,1.338385374065517426e-04,1.388023552258999547e-04,1.373032864003283357e-04,1.357036596712333132e-04,1.360210288611404241e-04,1.371173879155107979e-04,1.373630739243104589e-04,1.357775551007350020e-04,1.353535407179437035e-04,1.357547904878627233e-04,1.346817202507103307e-04,1.360783591722202661e-04,1.361140273852153840e-04,1.350670911010862013e-04,1.357500919355356204e-04,1.389471743529032592e-04,1.391531965297427707e-04,1.404182701634123761e-04,1.395926700570151232e-04,1.403281693731752095e-04,1.405419324148614616e-04,1.413630591003405153e-04,1.417338691146733569e-04,1.416803588932900447e-04,1.399697444306571880e-04,1.389351285038576442e-04,1.405758126108836272e-04,1.405876020268228578e-04,1.392916519600703674e-04,1.371103064735333936e-04,1.392185680111983326e-04,1.416817054030018264e-04,1.450626956419260086e-04,1.458427030112697804e-04,1.408772586923502288e-04,1.418770931022252536e-04,1.430462084163904544e-04,1.398092960405958080e-04
9.702208858573478352e-05,1.028295281609600364e-04,1.041999276029390096e-04,1.058217786991653183e-04,1.106150533680518098e-04,1.128347903458777439e-04,1.134085110497745294e-04,1.146042574304091861e-04,1.169633660568691137e-04,1.203805971167178155e-04,1.207516143160295471e-04,1.235781958923169634e-04,1.266047553774644321e-04,1.263346647257308124e-04,1.252071052989953896e-04,1.252548878458224866e-04,1.307043392247785984e-04,1.279212947215191323e-04,1.257532573992378158e-04,1.261993147067876368e-04,1.294912901469997125e-04,1.298642358124296574e-04,1.311717152237586853e-04,1.326767626205617543e-04,1.330094705696770153e-04,1.309759640410018114e-04,1.317567837536855581e-04,1.318203554642774467e-04,1.320027964594421683e-04,1.302871927349546588e-04,1.328572235194840144e-04,1.323885708138768449e-04,1.299625387508396626e-04,1.311949213824462014e-04,1.309017229638366909e-04,1.330850011623430800e-04,1.311878203956412623e-04,1.323631576023094646e-04,1.325490073571241136e-04,1.320545876457574874e-04,1.311499024868582495e-04,1.297849711506399704e-04,1.336861407072248908e-04,1.326975273175381661e-04,1.313275033218760240e-04,1.320479513797247206e-04,1.327155068115774524e-04,1.329216385876196699e-04,1.314563881746402005e-04,1.313928810234685674e-04,1.317768755117968294e-04,1.309675589350352265e-04,1.322553788974725742e-04,1.320267882838203660e-04,1.311942876278176726e-04,1.320021793518436125e-04,1.348391206207999026e-04,1.351728063037923146e-04,1.365605145323079621e-04,1.356287368388600244e-04,1.364480376779851677e-04,1.366929206633940444e-04,1.375076498146962298e-04,1.380001210941553941e-04,1.377856839914504161e-04,1.363442420664541424e-04,1.351198767622430804e-04,1.363716774818836755e-04,1.367123343065626453e-04,1.355468194902144363e-04,1.332630328893906751e-04,1.355769863234942778e-04,1.375672989314329986e-04,1.415157192981368844e-04,1.408772586923502288e-04,1.375807846495450662e-04,1.384519238793317818e-04,1.394747047187584190e-04,1.366142226240426986e-04
9.721491822111014375e-05,1.029786109280820378e-04,1.045639286137451252e-04,1.060893738269374299e-04,1.109311603597130155e-04,1.132729932258551406e-04,1.138903812684274018e-04,1.151254985150423091e-04,1.174902558609942856e-04,1.210165057461112039e-04,1.214661536007750626e-04,1.241892488872369102e-04,1.272928092934391621e-04,1.270527702605404115e-04,1.258708993127093838e-04,1.258886583681238509e-04,1.316142682154763629e-04,1.286522541302065575e-04,1.264743164766730834e-04,1.270060291101817774e-04,1.300389690971795833e-04,1.303860317800916010e-04,1.308789379206007125e-04,1.333027881917608199e-04,1.339314255336250493e-04,1.320255828700569046e-04,1.325403438865806985e-04,1.327510431881019561e-04,1.329265483188008532e-04,1.313790286758112545e-04,1.339688234129832666e-04,1.334651960042002668e-04,1.310713463843146969e-04,1.322119433757039148e-04,1.319699752539720992e-04,1.344725258978925176e-04,1.323266247794425304e-04,1.334261771925808319e-04,1.334659252775223634e-04,1.331033806109604219e-04,1.324002335865032143e-04,1.307541847783655841e-04,1.345404823594207667e-04,1.337459740882068250e-04,1.323080842040558994e-04,1.333083901484497934e-04,1.338708817522484093e-04,1.340761073944999313e-04,1.325736989998254755e-04,1.326848829167658408e-04,1.329426350185110707e-04,1.323389922753794772e-04,1.335792244794605356e-04,1.332054796815398056e-04,1.324931647892748298e-04,1.332766561583596506e-04,1.361401403786631015e-04,1.365486605907175247e-04,1.379347345462574894e-04,1.368934473397181030e-04,1.377336756734064301e-04,1.380648427969365674e-04,1.387753848244148186e-04,1.393964133330693686e-04,1.389762609468220311e-04,1.376190996905854425e-04,1.361967404025771612e-04,1.372313418839414057e-04,1.380365995658984935e-04,1.369030478134700753e-04,1.344995985773419090e-04,1.366953395555765187e-04,1.385805218143186881e-04,1.426075430658705647e-04,1.418770931022252536e-04,1.384519238793317818e-04,1.401844542317478486e-04,1.408200792925416321e-04,1.379248164924264206e-04
9.830026400532766739e-05,1.042432119419543410e-04,1.056801137861490189e-04,1.071708556160468366e-04,1.119160285269016022e-04,1.144566614313258376e-04,1.149697238253032192e-04,1.162602184715273560e-04,1.186673297836255455e-04,1.222742287845220502e-04,1.226296464999352591e-04,1.253560325387052614e-04,1.285309097540599454e-04,1.282816582878735666e-04,1.271466553652362739e-04,1.270726654209267126e-04,1.327837249937707526e-04,1.297384544291611949e-04,1.275711302712499392e-04,1.279319978447051036e-04,1.310606625797927172e-04,1.312175071650985064e-04,1.313775525067220000e-04,1.342852402626095235e-04,1.350268640029784605e-04,1.330912503114945985e-04,1.337413881809072509e-04,1.338689990433342115e-04,1.340125305408357140e-04,1.324401368107840549e-04,1.350352750117924565e-04,1.345354759312801973e-04,1.320651963785210328e-04,1.331196849620600096e-04,1.329371182019862760e-04,1.354584061719208072e-04,1.332769405088203628e-04,1.344774810558927998e-04,1.342346184163626364e-04,1.340980317684384955e-04,1.332963843821990361e-04,1.318223244295882554e-04,1.355375063397768831e-04,1.347964456644182535e-04,1.332320524550590149e-04,1.343784266774235021e-04,1.348921239010419959e-04,1.351000547841942209e-04,1.336321657622367113e-04,1.337463436132681183e-04,1.340587763584107691e-04,1.333119092979815538e-04,1.346195992586099856e-04,1.342651432253783646e-04,1.334901388897188424e-04,1.342332060549682410e-04,1.371820305825604527e-04,1.376215857877858889e-04,1.389949838135922289e-04,1.378610846581503362e-04,1.387982836013245346e-04,1.391429847971289394e-04,1.399780313844866102e-04,1.403986356420897921e-04,1.401324694506347847e-04,1.386781383149871926e-04,1.371020006697061555e-04,1.382786751530017360e-04,1.389528289621379676e-04,1.379333269588546801e-04,1.355109015572152846e-04,1.376307904347753267e-04,1.398713957100583246e-04,1.433651517876157410e-04,1.430462084163904544e-04,1.394747047187584190e-04,1.408200792925416321e-04,1.420790022808788070e-04,1.389926494186059683e-04
9.438989538961139341e-05,1.002681179533928174e-04,1.019151914782601706e-04,1.035236328004642957e-04,1.083733478236532352e-04,1.110717353113882560e-04,1.116078102218081875e-04,1.129098015424972914e-04,1.154742381711712610e-04,1.190731024588955242e-04,1.193375075388975327e-04,1.220791763885276527e-04,1.254689587160070802e-04,1.252449363146133487e-04,1.242137135105465698e-04,1.241380722133034620e-04,1.297278289079306570e-04,1.266883226769320125e-04,1.246982064925303681e-04,1.250718398353890131e-04,1.279489626869211082e-04,1.279690597688900265e-04,1.276026582784402371e-04,1.312054950897928538e-04,1.319420373982235881e-04,1.302980080969213996e-04,1.308594468691216101e-04,1.311600945621043063e-04,1.312440332432839724e-04,1.298367983066899131e-04,1.323854953890153999e-04,1.318743204943667547e-04,1.295023273872273619e-04,1.305239693257232683e-04,1.303862951983836087e-04,1.328535720781172423e-04,1.306834157707240920e-04,1.317991346935649391e-04,1.315999315824156041e-04,1.313963304364250081e-04,1.307765180868599353e-04,1.293897831976498995e-04,1.327496568193046328e-04,1.321729084430592024e-04,1.307631323649409698e-04,1.319394582717244133e-04,1.323924667197955444e-04,1.325591728851446794e-04,1.311380098237466512e-04,1.313919506058902988e-04,1.317589372858710898e-04,1.310075409804997780e-04,1.321678245583928748e-04,1.317267303059795687e-04,1.310550983450671004e-04,1.319228185308386238e-04,1.345824656908007884e-04,1.351311899918591637e-04,1.364552323695714543e-04,1.353202126964287192e-04,1.362710681874838273e-04,1.366033816684712754e-04,1.372823648610421135e-04,1.375927381434406780e-04,1.374213193818598104e-04,1.359296963913067546e-04,1.344639000244043730e-04,1.355357171793403518e-04,1.362216225236813761e-04,1.353221074041525236e-04,1.330196971756294913e-04,1.350958581487087028e-04,1.369653715816011961e-04,1.406654367730427509e-04,1.398092960405958080e-04,1.366142226240426986e-04,1.379248164924264206e-04,1.389926494186059683e-04,1.366446846541875934e-04
