3200,3202,3204,3206,3208,3210,3212,3214,3216,3218,3220,3222,3224,3226,3228,3230,3232,3234,3236,3238,3240,3242,3244,3246,3248,3250,3252,3254,3256,3258,3260,3262,3264,3266,3268,3270,3272,3274,3276,3278,3280,3282,3284,3286,3288,3290,3292,3294,3296,3298,3300,3302,3304,3306,3308,3310,3312,3314,3316,3318,3320,3322,3324,3326,3328,3330,3332,3334,3336,3338,3340,3342,3344,3346,3348,3350,3352,3354,3356,3358,3360,3362,3364,3366,3368,3370,3372,3374,3376,3378,3380,3382,3384,3386,3388,3390,3392,3394,3396,3398,3400,3402,3404,3406,3408,3410,3412,3414,3416,3418,3420,3422,3424,3426,3428,3430,3432,3434,3436,3438,3440,3442,3444,3446,3448,3450,3452,3454,3456,3458,3460,3462,3464,3466,3468,3470,3472,3474,3476,3478
2.747430807353330056e-04,2.769242537907399496e-04,2.805761148104315528e-04,2.825127141799947195e-04,2.810176386925367347e-04,2.750622401604575643e-04,2.863345171643348619e-04,2.837671367787755706e-04,2.845383609243434505e-04,2.840767501305114942e-04,2.747941665391811258e-04,2.906099272203710622e-04,2.943638061321394083e-04,2.953555522346390603e-04,2.943942883936232868e-04,2.900883758976789554e-04,2.900414906042528035e-04,2.925124317015961092e-04,2.958831169790963173e-04,2.962572453762270610e-04,2.954600876918916648e-04,2.963138322412411799e-04,2.934441116525527814e-04,2.903391862687704542e-04,2.922808406905989093e-04,2.934720054648777077e-04,2.936874661347967184e-04,2.884679824396234565e-04,2.903550211459124484e-04,2.871907233206483787e-04,2.819312800953648925e-04,2.851111868554458313e-04,2.836862541855874622e-04,2.794955937114219240e-04,2.808700423694317065e-04,2.734843086825858934e-04,2.715547104841945576e-04,2.698569393139399562e-04,2.675118480306233246e-04,2.690455818450574691e-04,2.661258717974891567e-04,2.631926812536501009e-04,2.657283899569021788e-04,2.633037841177344974e-04,2.588410919719231302e-04,2.531095063937122331e-04,2.520232998262838457e-04,2.524893531811614011e-04,2.494446481075069310e-04,2.537351897278224242e-04,2.533634099207494102e-04,2.525059691182738393e-04,2.495990975049453410e-04,2.492444124089018159e-04,2.480195480268892073e-04,2.495156389424386294e-04,2.435800946755882739e-04,2.427029949957681726e-04,2.440912264603556402e-04,2.407183090868013277e-04,2.460718451679263629e-04,2.421903012135929241e-04,2.482438297180737490e-04,2.443780463601793779e-04,2.402765683447522979e-04,2.384654487030209613e-04,2.377814076743179478e-04,2.451494798495759881e-04,2.382350851774967275e-04,2.409446161667830853e-04,2.435586661554033018e-04,2.421107305326200445e-04,2.348432639789161877e-04,2.378578319703293360e-04,2.362747264166476131e-04,2.350243537426893747e-04,2.381564623786903501e-04,2.355428342692386418e-04,2.380292421447864073e-04,2.352035398939364061e-04,2.338900625914144989e-04,2.327495670157925581e-04,2.276343820526026038e-04,2.318783954419429761e-04,2.326029296843746706e-04,2.316999314099243989e-04,2.298655709741191091e-04,2.299366599969011004e-04,2.284295092408261208e-04,2.303949122459857861e-04,2.308731469575664062e-04,2.254994568950958035e-04,2.277243312010191693e-04,2.236827797955925770e-04,2.263126577066307190e-04,2.257817998113179905e-04,2.185496409590894718e-04,2.195517431030188287e-04,2.196028627991477222e-04,2.257162567574999101e-04,2.221688054319717056e-04,2.150590143352621461e-04,2.117231699786110261e-04,2.148898034119787993e-04,2.114038150124776538e-04,2.160184031540639835e-04,2.107542208185765945e-04,2.097682241193755525e-04,2.080536559474970655e-04,2.050991995743846428e-04,2.040972840503454001e-04,1.994943029040464205e-04,2.043538266858937308e-04,2.027355034714852628e-04,2.014570979146221492e-04,1.926433857895293832e-04,1.938102792785554305e-04,1.946043852528914057e-04,1.908214977263517054e-04,1.914014520461689223e-04,1.881091183082665285e-04,1.854603482002992448e-04,1.902545178672768915e-04,1.857416720468816414e-04,1.867665337206002882e-04,1.862295345640919617e-04,1.778786373952160281e-04,1.744357372947447809e-04,1.790594737580986637e-04,1.759718137769455688e-04,1.757442252838727775e-04,1.747595117150402939e-04,1.760832894105430579e-04,1.629735156159356220e-04,1.621536623644599152e-04,1.725369953181638417e-04,1.648303568976150371e-04,1.571831401407004791e-04,1.602815973336315519e-04,1.595344866655658321e-04
2.769242537907399496e-04,2.829946864526214248e-04,2.859818329468065108e-04,2.881062404643443958e-04,2.860961310429082478e-04,2.778345764522512453e-04,2.913114182080394233e-04,2.863153050662044881e-04,2.898134569130358202e-04,2.878227754654724582e-04,2.773549316103947858e-04,2.951398831313098155e-04,3.001504634472389231e-04,3.005473506176554815e-04,2.982761417440211852e-04,2.931354300672596685e-04,2.943922416013663372e-04,2.977515583512112024e-04,2.995372644585241463e-04,3.013752188516191123e-04,3.004035045070450579e-04,3.014770875809755940e-04,2.975538167037238436e-04,2.941679224133574109e-04,2.977418100166180377e-04,2.988240472501778344e-04,2.995625956739129893e-04,2.919242025806380206e-04,2.953413939305094861e-04,2.918269642430033352e-04,2.870763784004771719e-04,2.904868861974239393e-04,2.880650353913686017e-04,2.840799498561995696e-04,2.867454000438082263e-04,2.788073063208814772e-04,2.763060071945271264e-04,2.722267558104481144e-04,2.716072327422667469e-04,2.742848926856360963e-04,2.694367133152070996e-04,2.686534802194335994e-04,2.709251998556663982e-04,2.689278354215938506e-04,2.630649716533075373e-04,2.587132356893871569e-04,2.557083580308431984e-04,2.572191142848357639e-04,2.547880789657543869e-04,2.589079933837865857e-04,2.586598272772915974e-04,2.581880718227077902e-04,2.545723778041658831e-04,2.551113212590938486e-04,2.520126725530914239e-04,2.548794750770693287e-04,2.485380918843485163e-04,2.473788247063798767e-04,2.498634156662787030e-04,2.457904686282426734e-04,2.512006538221372531e-04,2.474645152174986839e-04,2.529244047622613255e-04,2.492798430408766199e-04,2.456872723605045593e-04,2.444767480495219384e-04,2.441355240860531260e-04,2.504372989055543889e-04,2.433087430630014784e-04,2.461865795183254893e-04,2.483423839528782007e-04,2.475138316909950855e-04,2.400529668080540367e-04,2.428073687940173191e-04,2.414431566063058438e-04,2.398854937552343555e-04,2.426199282968095276e-04,2.399527287911786466e-04,2.425553315928034653e-04,2.402793894078524342e-04,2.382218800181317114e-04,2.370837342305488033e-04,2.300136752068111118e-04,2.346004081690000200e-04,2.365855792933852192e-04,2.366070314591611561e-04,2.349915098016279826e-04,2.345572681215148017e-04,2.333340562980526446e-04,2.353145448364294214e-04,2.359890504251261039e-04,2.303951139142643525e-04,2.322124306883322528e-04,2.269706755504445812e-04,2.311958406361279666e-04,2.313122367300782321e-04,2.216748625590520352e-04,2.246518170085274560e-04,2.241950419725102968e-04,2.300107146659293562e-04,2.268384783718004635e-04,2.194907359367590167e-04,2.165381151077714651e-04,2.198328729156633012e-04,2.159736770048947178e-04,2.216493993901000445e-04,2.158734568320811950e-04,2.147454065963304618e-04,2.128518589511797267e-04,2.098966864150938702e-04,2.068667538377355554e-04,2.017555294326292157e-04,2.085395521316608567e-04,2.067663117908945540e-04,2.054907441226540515e-04,1.970902288859930837e-04,1.978323316134928767e-04,1.992384413658091814e-04,1.956561125956775174e-04,1.950171577073615402e-04,1.920064881878595132e-04,1.887354346550336058e-04,1.937370741438885710e-04,1.886355611905228568e-04,1.874835414248122447e-04,1.905119323519421036e-04,1.820410237479092930e-04,1.791501424375361489e-04,1.834237368112847776e-04,1.789497961792135383e-04,1.789241470647751357e-04,1.729674866462325880e-04,1.797652917766708557e-04,1.655591284129165764e-04,1.640170728076018243e-04,1.736389071290713154e-04,1.675573537453095563e-04,1.577395192931853589e-04,1.616504717582512235e-04,1.621872437023004433e-04
2.805761148104315528e-04,2.859818329468065108e-04,2.920531869318121693e-04,2.928826218241935959e-04,2.908004592467387491e-04,2.831613641591512200e-04,2.968143073599256590e-04,2.922793102809980500e-04,2.952823134002625113e-04,2.960391323233972508e-04,2.851536366386226372e-04,2.998000504577504684e-04,3.052243282383620450e-04,3.052473156312619307e-04,3.031272659889191362e-04,2.989948402714072135e-04,2.996434745039115765e-04,3.020047436923646664e-04,3.052321312989661191e-04,3.064502628688819843e-04,3.055845037600753958e-04,3.062764429622090879e-04,3.022274393637434313e-04,2.992263481549830174e-04,3.023250835115750320e-04,3.034887253312973897e-04,3.043740651002148747e-04,2.971607870031990812e-04,2.994600262549700228e-04,2.959469781979373669e-04,2.913907238065288055e-04,2.946589391110139393e-04,2.924301920662295017e-04,2.880481351514381679e-04,2.911694393473278635e-04,2.824190088759195925e-04,2.799915563100342222e-04,2.766404242690491269e-04,2.754059618554879950e-04,2.778293432901569339e-04,2.726890161573187598e-04,2.718914456737647821e-04,2.742221920739725221e-04,2.722097392518326364e-04,2.660836867122012839e-04,2.610100531621537120e-04,2.592713878102382327e-04,2.598294873893964695e-04,2.570970468298196666e-04,2.615556695442411883e-04,2.616893051857937451e-04,2.607572252119496454e-04,2.573319117164527881e-04,2.576295269365192625e-04,2.552220645149514766e-04,2.575884061680728631e-04,2.505543715748054299e-04,2.499674599890450372e-04,2.521054343605214272e-04,2.481505560428378461e-04,2.535085904524592777e-04,2.496871552335776299e-04,2.554581969273530249e-04,2.514062245190356584e-04,2.474773427664599796e-04,2.468354621589524830e-04,2.459956702612797926e-04,2.528610662276991640e-04,2.452055979559354931e-04,2.482440243977548705e-04,2.501723123133389303e-04,2.496789177168396725e-04,2.418533382836975934e-04,2.451536131157421115e-04,2.435895850166235250e-04,2.417493271094532453e-04,2.443292662752496232e-04,2.429072483179516473e-04,2.447083345100941601e-04,2.423165108934869283e-04,2.401516972473264158e-04,2.385114880948253880e-04,2.319480351055508405e-04,2.367719496504738048e-04,2.382445563584098406e-04,2.390925731983062504e-04,2.369088042802144521e-04,2.361789158643318035e-04,2.345898103671515832e-04,2.370279096199859477e-04,2.378682491628482246e-04,2.323564346544689072e-04,2.339025320723898884e-04,2.292193920165093034e-04,2.325953729523106003e-04,2.327636707148077026e-04,2.225778351530045666e-04,2.258723045292412694e-04,2.250983775805498260e-04,2.316066150166173638e-04,2.282962456589170477e-04,2.200939940963013246e-04,2.171504670483118560e-04,2.210073954301852391e-04,2.170165995965608484e-04,2.221554712162119140e-04,2.171489215395442068e-04,2.151786039820457520e-04,2.130475436253964974e-04,2.108440501273831362e-04,2.072841528027186283e-04,2.030117229604943522e-04,2.091834588789381769e-04,2.065642528772510499e-04,2.058511214475065973e-04,1.965839975222026547e-04,1.985944758619120117e-04,1.992644797503304130e-04,1.961547222631105725e-04,1.949818612250613678e-04,1.915780548070164025e-04,1.889678827288607732e-04,1.928531964132884299e-04,1.883855187275418569e-04,1.873037255959126646e-04,1.889351686178700391e-04,1.805869047054102462e-04,1.780082177053423677e-04,1.811865085243034054e-04,1.767398515342696137e-04,1.777657298395367367e-04,1.712520658918650635e-04,1.771487317717618032e-04,1.638732595401671708e-04,1.610279701880339164e-04,1.715832062557168789e-04,1.645416557365228429e-04,1.543480738922467933e-04,1.577930152479934452e-04,1.563719339669418550e-04
2.825127141799947195e-04,2.881062404643443958e-04,2.928826218241935959e-04,2.960038980753187336e-04,2.929519428919126131e-04,2.849889539964642533e-04,2.984681418211712102e-04,2.936427437440527186e-04,2.967802300287204244e-04,2.966109223304791301e-04,2.862133689845817726e-04,3.020792121130831394e-04,3.070395158883196924e-04,3.077058143471328271e-04,3.055305418271030788e-04,3.015532666415973967e-04,3.021294423454443925e-04,3.047021938380111913e-04,3.071622049759048317e-04,3.086631891010681739e-04,3.076505960442198640e-04,3.088999641284950965e-04,3.049132349469392631e-04,3.015639990032340043e-04,3.048296243066417614e-04,3.061063119991822403e-04,3.068097951375920633e-04,2.995729016965173225e-04,3.024335452719680494e-04,2.992329929721459928e-04,2.939988198154784289e-04,2.972242579272380112e-04,2.955179127037245250e-04,2.909015487911728094e-04,2.938055987233989942e-04,2.854157148963045528e-04,2.828597878470501823e-04,2.792477920204431991e-04,2.780418945976661583e-04,2.811424328947874124e-04,2.761519926295687437e-04,2.748287555666475155e-04,2.771707886053033235e-04,2.749895588622195287e-04,2.688742283817367545e-04,2.640366820672516816e-04,2.611799902749161600e-04,2.630461301302291989e-04,2.606830589347912354e-04,2.648156111594467317e-04,2.648757675485338735e-04,2.643805998295648018e-04,2.606107936506769029e-04,2.606238197010643780e-04,2.581328946403932357e-04,2.611455576102515459e-04,2.544652956267367920e-04,2.533322986093548466e-04,2.556909889622406454e-04,2.516966545984706269e-04,2.573815967499482786e-04,2.536905589211411322e-04,2.593178482005564604e-04,2.554579332394739302e-04,2.514512762740215386e-04,2.504246209840761315e-04,2.502179130811131667e-04,2.567539902713346866e-04,2.491746083174507299e-04,2.523282361281263433e-04,2.544167998883983405e-04,2.538862745637779513e-04,2.460673412980821768e-04,2.493243589575065006e-04,2.476908824137541085e-04,2.460095719512972456e-04,2.488198601140151171e-04,2.465874452705523519e-04,2.489121996555828699e-04,2.466614532029532086e-04,2.444370429651642677e-04,2.429240242548283911e-04,2.363024613849752848e-04,2.408256625792489121e-04,2.428058625910364311e-04,2.428056520151924513e-04,2.412343425269192372e-04,2.407705495364689970e-04,2.391345245989874373e-04,2.413434218174522611e-04,2.421677901623359261e-04,2.367389751259029937e-04,2.379826515358461885e-04,2.332446340450397971e-04,2.372895889508713188e-04,2.372429017678894761e-04,2.277784469462729741e-04,2.307091971364951194e-04,2.301156184736995289e-04,2.361304093503246374e-04,2.328919342073959206e-04,2.254773534444779186e-04,2.219298355889901941e-04,2.256965537260196013e-04,2.221640450785062042e-04,2.274408057367451508e-04,2.217968916474219281e-04,2.207499768426610240e-04,2.186395883031419789e-04,2.159257036342490145e-04,2.128350508481246790e-04,2.076538225515714778e-04,2.145322750422746258e-04,2.127731588113490038e-04,2.116558295770266127e-04,2.026545708910187861e-04,2.038787578291178745e-04,2.054106786259426044e-04,2.017438085220805001e-04,2.010517393458937220e-04,1.979620305401299271e-04,1.950235292645561246e-04,2.000256569121618708e-04,1.953185373491885717e-04,1.936371373643929210e-04,1.970170862220251126e-04,1.878418714300235522e-04,1.853343262712677864e-04,1.890518729528019260e-04,1.847451083269321893e-04,1.854339713157835128e-04,1.800004233398259067e-04,1.858939581707843777e-04,1.719949467097183437e-04,1.702736498560501581e-04,1.814307525230856504e-04,1.751916669936237408e-04,1.643843425483402555e-04,1.689795103349149346e-04,1.687303755545013079e-04
2.810176386925367347e-04,2.860961310429082478e-04,2.908004592467387491e-04,2.929519428919126131e-04,2.924971401260197980e-04,2.837241219345449359e-04,2.965991495101416640e-04,2.929420252228218525e-04,2.952143718942730499e-04,2.954186449370009766e-04,2.857513192618099098e-04,3.006132745698348349e-04,3.050479875926781774e-04,3.057882383990598589e-04,3.039816975087179817e-04,3.004574057609165792e-04,3.006652177653361814e-04,3.029516616447974699e-04,3.052890664588088715e-04,3.065899324564683908e-04,3.057780409443923387e-04,3.066623871982352518e-04,3.032365914595634769e-04,3.000173216738320184e-04,3.027748735736770038e-04,3.040837689763108186e-04,3.045001828401933727e-04,2.975196449917799245e-04,3.002185554195383149e-04,2.967832714274400477e-04,2.915339592399454117e-04,2.942844496311596328e-04,2.923786228207227687e-04,2.883786061116358664e-04,2.906966580833409233e-04,2.821733912451609809e-04,2.800816569677970621e-04,2.769283925500235898e-04,2.758378277235100894e-04,2.778217757258456821e-04,2.732012158542537305e-04,2.715006162695236792e-04,2.739399362856080795e-04,2.711938102659133148e-04,2.661560168906536750e-04,2.602762606112050741e-04,2.588639192023094475e-04,2.597977275385331413e-04,2.569327990144206798e-04,2.610913189152971902e-04,2.607017476275628955e-04,2.598972458009374742e-04,2.566966326940743745e-04,2.564974122407871412e-04,2.546854529276453591e-04,2.570834914126059385e-04,2.502697264893399983e-04,2.494712164100864357e-04,2.512801287990659694e-04,2.472250157512225974e-04,2.526772480600412919e-04,2.489607682833707347e-04,2.548843434551803467e-04,2.508350410653875065e-04,2.469740674528460539e-04,2.454208612324573031e-04,2.450892722512983124e-04,2.520335215228382384e-04,2.447491545250330661e-04,2.472550762961743379e-04,2.497654530099982116e-04,2.486800625070553967e-04,2.412681829716104866e-04,2.440163178009241971e-04,2.427861860870673483e-04,2.412666764806937992e-04,2.439387284560176692e-04,2.416621463691081498e-04,2.447130380494590097e-04,2.415436922111625906e-04,2.398308475660770954e-04,2.382181561669852426e-04,2.320423612017228135e-04,2.370654201817649323e-04,2.384054604282316114e-04,2.378273162392458343e-04,2.361262513360672967e-04,2.356310642858857587e-04,2.341054935147867039e-04,2.357893666186268705e-04,2.367512930808726918e-04,2.310988503312972665e-04,2.330520152302273482e-04,2.284921963210747198e-04,2.319817216938007494e-04,2.314511780296256047e-04,2.231721963984538394e-04,2.248349812614084005e-04,2.244416416720886747e-04,2.309706861323874169e-04,2.271370190907602538e-04,2.198153361834749337e-04,2.170913264166845743e-04,2.199628403677936965e-04,2.167205799692941868e-04,2.218124135742447801e-04,2.160279106823267601e-04,2.149300010639133656e-04,2.127181494889844831e-04,2.101648433100337726e-04,2.084098192218508140e-04,2.035215601455611114e-04,2.086789045453445613e-04,2.065795127955395943e-04,2.058586487520685929e-04,1.966028471400596382e-04,1.976777587032737074e-04,1.992083452145629167e-04,1.953954168655213318e-04,1.953177287937608820e-04,1.924300742056272919e-04,1.898279536806843609e-04,1.937832871304153077e-04,1.897969729603326595e-04,1.886626999205134783e-04,1.905343321099512636e-04,1.818102833651669657e-04,1.792152321869812685e-04,1.828346806927824046e-04,1.786185949371448401e-04,1.789021453424490297e-04,1.762405771847647790e-04,1.789070556697579879e-04,1.656520017820669721e-04,1.647573448071801446e-04,1.749873774142149353e-04,1.689257438045059696e-04,1.585230551620569019e-04,1.617968380989905108e-04,1.614347917310931884e-04
2.750622401604575643e-04,2.778345764522512453e-04,2.831613641591512200e-04,2.849889539964642533e-04,2.837241219345449359e-04,2.835419853567240590e-04,2.895767883418171127e-04,2.900127899840132376e-04,2.890771496030478289e-04,2.901176259944173818e-04,2.842102309373767161e-04,2.936428136447411462e-04,2.962767082119593942e-04,2.981065012853643687e-04,2.968737145319004598e-04,2.931675945340248696e-04,2.930897234117690853e-04,2.940183779687793246e-04,3.003815727011330543e-04,2.979677022234011744e-04,2.981569826111157341e-04,2.985355589341924412e-04,2.963678788829402378e-04,2.936697685081367227e-04,2.931775668059371891e-04,2.950728160758531713e-04,2.946856544978018635e-04,2.916490801195377393e-04,2.908856454718104995e-04,2.871354007467999967e-04,2.833272575123737223e-04,2.842313977168712874e-04,2.837539115032269334e-04,2.789894999286737570e-04,2.800076739035573382e-04,2.721431315437258629e-04,2.708918092098861028e-04,2.721821319967358517e-04,2.681858654562231745e-04,2.674851846348060111e-04,2.651407504420908736e-04,2.610426969501067969e-04,2.636907627616520353e-04,2.617183462900433836e-04,2.580670744591585732e-04,2.511729705877746750e-04,2.538439725809184320e-04,2.503547309277017689e-04,2.460990672059396012e-04,2.510524870733565092e-04,2.501772165828800216e-04,2.483652755263056127e-04,2.455560539881502862e-04,2.442303282800687217e-04,2.458432707233733903e-04,2.450583949001355791e-04,2.393055777279311821e-04,2.388621960372912223e-04,2.382595809904934506e-04,2.356810774806132971e-04,2.403048919663230358e-04,2.365622527455199910e-04,2.432141335594844959e-04,2.389079788444183430e-04,2.345123848834810502e-04,2.325139168730915842e-04,2.311866596222857530e-04,2.390235516168556188e-04,2.321970546965254796e-04,2.337399415555089133e-04,2.360635227459128064e-04,2.358371714443493572e-04,2.274063336428462992e-04,2.318927107219445486e-04,2.297278118962113309e-04,2.276957978110938623e-04,2.311808986683048302e-04,2.309841443276211938e-04,2.321115474733729113e-04,2.278450755535011568e-04,2.273938944160858687e-04,2.257286233575571865e-04,2.226493385117797803e-04,2.268630797835016635e-04,2.259674474330627275e-04,2.258529524738887330e-04,2.229856387788054927e-04,2.228694762832492463e-04,2.205536947191202174e-04,2.219542484316105254e-04,2.242823485073484056e-04,2.192830772283549986e-04,2.211482706330445433e-04,2.188696225786247295e-04,2.185755610308581776e-04,2.180795624008764224e-04,2.123012417060886282e-04,2.128520688796237668e-04,2.119607419511363225e-04,2.192346605576912637e-04,2.145998264202833041e-04,2.073146423650879889e-04,2.038021432984483277e-04,2.067116390338050050e-04,2.039291957224440217e-04,2.077609617139107134e-04,2.029161184997658606e-04,2.005839088746211264e-04,1.987507310397333118e-04,1.967181750393887411e-04,1.972527667886759856e-04,1.937225197231735548e-04,1.956107743503515326e-04,1.925583227415920864e-04,1.930674713915293806e-04,1.831104025313807864e-04,1.864776551496351959e-04,1.855830250344074779e-04,1.816600237674035375e-04,1.822893485857253373e-04,1.790542445323849250e-04,1.787729564272973616e-04,1.804081747130168519e-04,1.769076946118601013e-04,1.791351225797996891e-04,1.752192883723546724e-04,1.661591641864986044e-04,1.628377357142701180e-04,1.659143622349942761e-04,1.635918679301312344e-04,1.643126129311684477e-04,1.677413680219060326e-04,1.618698166342386437e-04,1.497614308920780860e-04,1.493031315550057570e-04,1.593385350189198716e-04,1.512947009707045010e-04,1.408643498391914549e-04,1.456733889911825802e-04,1.415416920904038318e-04
2.863345171643348619e-04,2.913114182080394233e-04,2.968143073599256590e-04,2.984681418211712102e-04,2.965991495101416640e-04,2.895767883418171127e-04,3.032358205812852193e-04,2.987610235529810526e-04,3.011169454157017070e-04,3.023520837720308514e-04,2.915353962872750150e-04,3.061986532098211785e-04,3.112033348198161545e-04,3.113143361420695637e-04,3.095325968577718146e-04,3.062243938328725783e-04,3.061915717406838594e-04,3.085954906683063825e-04,3.116309971879947988e-04,3.127072624091293239e-04,3.119385134443070301e-04,3.127596758643025310e-04,3.088848004729513705e-04,3.058593371541143738e-04,3.084449856390581671e-04,3.096995484818801164e-04,3.102033778068885822e-04,3.033002361044412820e-04,3.053147753905134589e-04,3.018558764202543114e-04,2.969105337086151730e-04,2.999803827219920489e-04,2.979681480145964737e-04,2.933234598724171753e-04,2.963190990653114757e-04,2.871254579192722162e-04,2.847293863321662946e-04,2.817773462332857307e-04,2.803673554808405722e-04,2.824130058014421934e-04,2.776990676737934476e-04,2.761297579671906518e-04,2.785430483806579523e-04,2.758727924063988837e-04,2.704326171320346316e-04,2.648144017132888161e-04,2.631655992295803899e-04,2.637540257921809411e-04,2.607625897384241052e-04,2.650702197936459113e-04,2.647821642565644320e-04,2.637822993998500758e-04,2.604030510887343514e-04,2.605575964161197444e-04,2.586388808087123161e-04,2.607804057315183223e-04,2.536171114055168455e-04,2.530348421647286503e-04,2.549033221523668577e-04,2.507738157518814423e-04,2.561805152830878493e-04,2.524138848581848767e-04,2.583819165004024986e-04,2.543275394519549414e-04,2.501657978775553674e-04,2.491998610052396229e-04,2.483048497794742996e-04,2.555239768472243795e-04,2.478750748120561753e-04,2.505321691404274460e-04,2.525349668397405974e-04,2.522563522296462392e-04,2.444314431162628986e-04,2.475010619086672804e-04,2.458593322154533538e-04,2.442112716222135825e-04,2.467498162693785245e-04,2.450654637935955824e-04,2.475924241683232787e-04,2.447340316537091457e-04,2.428921523382014929e-04,2.410130762842629417e-04,2.346210111461054031e-04,2.393969353701196122e-04,2.408305852177126786e-04,2.412777520551415784e-04,2.390126134988870355e-04,2.382966990511065346e-04,2.367205404962674227e-04,2.389804209431644320e-04,2.399046963196237994e-04,2.340098945671088403e-04,2.358177093995631900e-04,2.312085957328139361e-04,2.345293852036121483e-04,2.344686737428548198e-04,2.249378751448153984e-04,2.275597453401162669e-04,2.268038556724641212e-04,2.334700064013730831e-04,2.298735850671519655e-04,2.219900919534591231e-04,2.191283434135807143e-04,2.223396899184534761e-04,2.188274924871341331e-04,2.240077331784590510e-04,2.183332031445930780e-04,2.169205088254334780e-04,2.145601435877248864e-04,2.120680292162020926e-04,2.098866281474117735e-04,2.049362777047299979e-04,2.103857516492731769e-04,2.080513545241750493e-04,2.072926757433309541e-04,1.979740698912031889e-04,1.996197028313467250e-04,2.004149346580763266e-04,1.967986063113860349e-04,1.961622096543236835e-04,1.930711611912041105e-04,1.902938390464293291e-04,1.942054822728119651e-04,1.899679163099739481e-04,1.892276927747256162e-04,1.905275549312612760e-04,1.816940305098640703e-04,1.789662396135485603e-04,1.823744569605820166e-04,1.778573765845447316e-04,1.787342298563856613e-04,1.741458868817814820e-04,1.782879774406892688e-04,1.646993362104180161e-04,1.627204478300792677e-04,1.736450914677105438e-04,1.666398513600570526e-04,1.564058639558343412e-04,1.596318458894596909e-04,1.582056584543668981e-04
2.837671367787755706e-04,2.863153050662044881e-04,2.922793102809980500e-04,2.936427437440527186e-04,2.929420252228218525e-04,2.900127899840132376e-04,2.987610235529810526e-04,3.022843749249247598e-04,2.989484079439418086e-04,2.985699770982030684e-04,2.941036929286962873e-04,3.039407398000361121e-04,3.064096928334583561e-04,3.069915461197739713e-04,3.060729432812222357e-04,3.056370785541312864e-04,3.050392874442767730e-04,3.052310904211951001e-04,3.103283680979941573e-04,3.085691963587958338e-04,3.080963797505657906e-04,3.086145918689720425e-04,3.061833499147836911e-04,3.033929858200353435e-04,3.031278825988871907e-04,3.040728441167644003e-04,3.040981038897578410e-04,3.009178402703245581e-04,2.998144532596085294e-04,2.971815831309444506e-04,2.923892487386339062e-04,2.931902889750578889e-04,2.920786391329547628e-04,2.876328397646745329e-04,2.890413765453796473e-04,2.802888109977195118e-04,2.795166922160484770e-04,2.803187571098279514e-04,2.760870667881818656e-04,2.752165494480339480e-04,2.727384704543016716e-04,2.684257545453652412e-04,2.705406894315457019e-04,2.675104954281693468e-04,2.646319491911789789e-04,2.569992333913826061e-04,2.605529061440732368e-04,2.569515918646771689e-04,2.522339696769666339e-04,2.576564760242002427e-04,2.557872751135299889e-04,2.543415266284931972e-04,2.520165850161771920e-04,2.512272846688893982e-04,2.529794228299956987e-04,2.518336699062945260e-04,2.450917730962645386e-04,2.455954954965130512e-04,2.445407325563257804e-04,2.417171740003280788e-04,2.460246747577386848e-04,2.422833104294776533e-04,2.482802038152717087e-04,2.441778785950912017e-04,2.401257303534113979e-04,2.386633460632266201e-04,2.366150367331490716e-04,2.450845987106012379e-04,2.376835569962839831e-04,2.397494007288319105e-04,2.416629669899418326e-04,2.412147123523231910e-04,2.326915462108457440e-04,2.373710831065243491e-04,2.346315773585448271e-04,2.331224056119863490e-04,2.362649830356544785e-04,2.355784652213575717e-04,2.373404249692529584e-04,2.329405501724452290e-04,2.329041983892941739e-04,2.315752321205462587e-04,2.275177642701629410e-04,2.325905658370563489e-04,2.306934548329627377e-04,2.304422420191726609e-04,2.274621417243962416e-04,2.278151085550796388e-04,2.257932135894249125e-04,2.272915411163442133e-04,2.294806263233077029e-04,2.228863955229775902e-04,2.265710542943514410e-04,2.228999248777865341e-04,2.225134109772580054e-04,2.220997306361997782e-04,2.168033448355979062e-04,2.167461408395327188e-04,2.152540647629986573e-04,2.232986906346837218e-04,2.177658281632622781e-04,2.108012784527679945e-04,2.078323964890411958e-04,2.100940453054317674e-04,2.060894941469185182e-04,2.108281845956083385e-04,2.060839006837380128e-04,2.040891324340912986e-04,2.010658131850090219e-04,2.001184460386878613e-04,2.017870486528168127e-04,1.971564748297194964e-04,1.979982639761683277e-04,1.944960188982161923e-04,1.955343389222138093e-04,1.851355779632871015e-04,1.885353856288604244e-04,1.869986203337029311e-04,1.833502479221607313e-04,1.836968550140272009e-04,1.809767586560468485e-04,1.809728479671271538e-04,1.810013115157275445e-04,1.792399797551797467e-04,1.816029245950934136e-04,1.756614005662442883e-04,1.663201057883882423e-04,1.636968866923583306e-04,1.666473110626158158e-04,1.630622875483897266e-04,1.646943230871639619e-04,1.681174099694228473e-04,1.631826553258849716e-04,1.492830122520063217e-04,1.490557059664395650e-04,1.597472860923556033e-04,1.511446833376597063e-04,1.413535827109112209e-04,1.431693341155483091e-04,1.395387547731996743e-04
2.845383609243434505e-04,2.898134569130358202e-04,2.952823134002625113e-04,2.967802300287204244e-04,2.952143718942730499e-04,2.890771496030478289e-04,3.011169454157017070e-04,2.989484079439418086e-04,3.020752669400499362e-04,2.990774175117849880e-04,2.907688559160984186e-04,3.052210716486929978e-04,3.094580989424540875e-04,3.098287726617770643e-04,3.072533112002075921e-04,3.036130009590396459e-04,3.055473994974469308e-04,3.073477879122578143e-04,3.107975969527948393e-04,3.105905336994992734e-04,3.104132453452035693e-04,3.109797819090183999e-04,3.069866976608643869e-04,3.039864020439703401e-04,3.062350401391837769e-04,3.075021398553174560e-04,3.080951010926930651e-04,3.014973179339099020e-04,3.027321246816511266e-04,2.994747148787653824e-04,2.950428237124350919e-04,2.974188127102086240e-04,2.951139462025566327e-04,2.909871888547183602e-04,2.938339262649142876e-04,2.848841884591517184e-04,2.829470083640721573e-04,2.810760374665279850e-04,2.788625853864259117e-04,2.800434772407253475e-04,2.751671777538385478e-04,2.740313074584771274e-04,2.758285385920708336e-04,2.736273559409971908e-04,2.688375040728479301e-04,2.630695854460544264e-04,2.631102992970543644e-04,2.615712680474378089e-04,2.582579703103676078e-04,2.634720681086640546e-04,2.625669872364573445e-04,2.613311902846009649e-04,2.582757061911011235e-04,2.581600496924719881e-04,2.574852026391388185e-04,2.583893146819704590e-04,2.512573424829078750e-04,2.513443205489330709e-04,2.522056585490915358e-04,2.483260786736159556e-04,2.532945479788176408e-04,2.492822656236026247e-04,2.552472061115708488e-04,2.511135258315062868e-04,2.470067601372033712e-04,2.464285965333367582e-04,2.450956081314481635e-04,2.523477824552775332e-04,2.446767230143680888e-04,2.471149938154083782e-04,2.490477904771515793e-04,2.487171408367547178e-04,2.404239387392313667e-04,2.445504992667496416e-04,2.425204366476006745e-04,2.403257926088296983e-04,2.435255062521984436e-04,2.420930353030356153e-04,2.439188082006121523e-04,2.408700468770044376e-04,2.398375735389407743e-04,2.380375478860788157e-04,2.310845738200841936e-04,2.366527942049022120e-04,2.367090577733742057e-04,2.378884685816182870e-04,2.349233591590708654e-04,2.347550419241052849e-04,2.332381539360822839e-04,2.350633314926299858e-04,2.362841674735421851e-04,2.303154489618599644e-04,2.331436837056075648e-04,2.284520326668453580e-04,2.307040094185745956e-04,2.306779173313865117e-04,2.210533700976441808e-04,2.237738310003599689e-04,2.226111591843043017e-04,2.299227319295242848e-04,2.256218633526277926e-04,2.175315386066306513e-04,2.146868307977941237e-04,2.179417514168244664e-04,2.138470894282973691e-04,2.192206558333784951e-04,2.138722939127350395e-04,2.119682972618714095e-04,2.092544665913566423e-04,2.077880690263024792e-04,2.058169330322499814e-04,2.011268206313020191e-04,2.055870589319644740e-04,2.025513973283728187e-04,2.024528573492447318e-04,1.921129210427652289e-04,1.949584130053203044e-04,1.946826179490925349e-04,1.913992638866142762e-04,1.906495762945868233e-04,1.872747251964205703e-04,1.853170859917691537e-04,1.879834608910592507e-04,1.844446211954304333e-04,1.846746546338877480e-04,1.836587208990175465e-04,1.746070890709354049e-04,1.713978943799384085e-04,1.752113101624277374e-04,1.705180598256166925e-04,1.721519587678058149e-04,1.680810482520578319e-04,1.698111536569089106e-04,1.561188189650838032e-04,1.537658908852378029e-04,1.643060219778977413e-04,1.571192674607944494e-04,1.465267056054273714e-04,1.484392230161791387e-04,1.465403467421146652e-04
2.840767501305114942e-04,2.878227754654724582e-04,2.960391323233972508e-04,2.966109223304791301e-04,2.954186449370009766e-04,2.901176259944173818e-04,3.023520837720308514e-04,2.985699770982030684e-04,2.990774175117849880e-04,3.181704487478172238e-04,3.009329123685277447e-04,3.044565937063620003e-04,3.092505917586109258e-04,3.088882826978251654e-04,3.085591018594425637e-04,3.072803547517399727e-04,3.042044041439655568e-04,3.052664346270244754e-04,3.107908967215175945e-04,3.121183186248544287e-04,3.109437345311081864e-04,3.116340752357000805e-04,3.080170768593825216e-04,3.060762039926202827e-04,3.064786399912252193e-04,3.091018074629844361e-04,3.092454446191741447e-04,3.034686691683145528e-04,3.040349914713146723e-04,3.009002375682154210e-04,2.954446896514013204e-04,2.973555641502505643e-04,2.968888291509201582e-04,2.921801382384683183e-04,2.947898532943165522e-04,2.839332168735348035e-04,2.821677781388295188e-04,2.806894858429776472e-04,2.794431747367964172e-04,2.801601439228824019e-04,2.754892258475906473e-04,2.739017827152125280e-04,2.766844442327229497e-04,2.730033435184637440e-04,2.677329558988537418e-04,2.601251583233736109e-04,2.621895305263691124e-04,2.612919798105946137e-04,2.581936062057357145e-04,2.622795955472414869e-04,2.625963107400304726e-04,2.601980557949200670e-04,2.573602553201180098e-04,2.568995712923776570e-04,2.562993740066827003e-04,2.579331317489224392e-04,2.502216812912903799e-04,2.497683734265928549e-04,2.517710078941560580e-04,2.483734891614393023e-04,2.528460884121270505e-04,2.498515081398200335e-04,2.555703668029082453e-04,2.515076840487530689e-04,2.466467411668436609e-04,2.454493048017379543e-04,2.452725429594273567e-04,2.530661202949435816e-04,2.459279426910671398e-04,2.467500536741614771e-04,2.493341510111360859e-04,2.493029918731241271e-04,2.418084641285975472e-04,2.447245488584038047e-04,2.430911107470580838e-04,2.423941282786445397e-04,2.432756773405635924e-04,2.443491918600623303e-04,2.454409955217939422e-04,2.419661507364585329e-04,2.408932469845309436e-04,2.378704224457483293e-04,2.346250064694727956e-04,2.389971131547558177e-04,2.399123888483696847e-04,2.399320637567748358e-04,2.372995346474609938e-04,2.368827349235551718e-04,2.336585890079411940e-04,2.360041412869129948e-04,2.381805916320423207e-04,2.329231531371731684e-04,2.340847629133689168e-04,2.311469829161643124e-04,2.330583912419673619e-04,2.322168961008685170e-04,2.234056393100244953e-04,2.262079179219083215e-04,2.248584100902033668e-04,2.332245124190159664e-04,2.287718817993201223e-04,2.203115356233256662e-04,2.183939132058711056e-04,2.211234279042998199e-04,2.182148013756012082e-04,2.223068215085943549e-04,2.176756246303108999e-04,2.146534086669236313e-04,2.125882471359154290e-04,2.111594454020511403e-04,2.104446675793794782e-04,2.060256170723631576e-04,2.095698087339102969e-04,2.062630493554000433e-04,2.063819410289800555e-04,1.968719823704350726e-04,1.990165790157821454e-04,1.993009245987150476e-04,1.967019439916716417e-04,1.954486247743299307e-04,1.923781141628330975e-04,1.899507907441685582e-04,1.928584711388579506e-04,1.884153497954683791e-04,1.889329256992665893e-04,1.876647800866267622e-04,1.800362189484049340e-04,1.768280143385717203e-04,1.784828406466650074e-04,1.750237651175317038e-04,1.764683672367442068e-04,1.749330851940614413e-04,1.743333343261761585e-04,1.637275069286433355e-04,1.601901048467608266e-04,1.732608772742505357e-04,1.654136066558027380e-04,1.548972540133791286e-04,1.559734101211375501e-04,1.524295484892476324e-04
2.747941665391811258e-04,2.773549316103947858e-04,2.851536366386226372e-04,2.862133689845817726e-04,2.857513192618099098e-04,2.842102309373767161e-04,2.915353962872750150e-04,2.941036929286962873e-04,2.907688559160984186e-04,3.009329123685277447e-04,2.993082163697798146e-04,2.945522307279076538e-04,2.987021459565850621e-04,2.985330805200003042e-04,2.983642763141314247e-04,2.992554123662267301e-04,2.975786382682668553e-04,2.967266534292499762e-04,3.024223565824720448e-04,3.010910356327868901e-04,2.998977462692144799e-04,3.002885616235190214e-04,2.983833616591698894e-04,2.963663104340381774e-04,2.950750035628888109e-04,2.965192233215802747e-04,2.969118044610685237e-04,2.935254818952021203e-04,2.916464721812613817e-04,2.894545924547135135e-04,2.845020325588921680e-04,2.847503021492770706e-04,2.849544341286437015e-04,2.801363143934684557e-04,2.812933937472872218e-04,2.722541586996067185e-04,2.715354230680535122e-04,2.725192645966582070e-04,2.695264400952994172e-04,2.673948581697416574e-04,2.649106422368854006e-04,2.607556148996636233e-04,2.632402872093907447e-04,2.593693103310478767e-04,2.564395449308657466e-04,2.477592403023759363e-04,2.520416314545294474e-04,2.489268437433128016e-04,2.451252167572674713e-04,2.499423449901208485e-04,2.481197647894282802e-04,2.459983630608731254e-04,2.435317457924927409e-04,2.423500171916997872e-04,2.456966195104671232e-04,2.445062432471441813e-04,2.372739532942634371e-04,2.375379696198869984e-04,2.367098704966573007e-04,2.345428081728421707e-04,2.378173235539656058e-04,2.357653126156666467e-04,2.411122702392125229e-04,2.370079901602927495e-04,2.322938021335569844e-04,2.313733150131611950e-04,2.295497869868918671e-04,2.383276517348705361e-04,2.311741318609664337e-04,2.316515594356002297e-04,2.334492434238957803e-04,2.341382966051301054e-04,2.260164767003779011e-04,2.304749455008945540e-04,2.275957450689129573e-04,2.265709194765345644e-04,2.285381229241737963e-04,2.298444723467710346e-04,2.309655562913398921e-04,2.266946855545800589e-04,2.263685598552550766e-04,2.240215820848569608e-04,2.232226778735336981e-04,2.264814575930998344e-04,2.252744903158078915e-04,2.246609224052164785e-04,2.212065244181789898e-04,2.219265409386487217e-04,2.185963957425415664e-04,2.200554504979505550e-04,2.234480856243104365e-04,2.176285558036086603e-04,2.195518619774130165e-04,2.171638022724726926e-04,2.162715538340103673e-04,2.161179011711672753e-04,2.111977864152054618e-04,2.111216655314062849e-04,2.094026372645151361e-04,2.174779064882230992e-04,2.125893871107835398e-04,2.059421398483295596e-04,2.026241280381777877e-04,2.044673465368256082e-04,2.023671506676006651e-04,2.054569017890014299e-04,2.013798316365097768e-04,1.994290637050520208e-04,1.962352903278282465e-04,1.957743671857749355e-04,1.981993314533337779e-04,1.946411077296518683e-04,1.935714448849421932e-04,1.896829900069233279e-04,1.923013191246094700e-04,1.812873246100388822e-04,1.851221037764554404e-04,1.830539609395614000e-04,1.804271585858952963e-04,1.813347616674881499e-04,1.787095946064890591e-04,1.792360501102736674e-04,1.777173021459417090e-04,1.768301188370325803e-04,1.787035377778490805e-04,1.727505717691058006e-04,1.641556798995542216e-04,1.622166575343824855e-04,1.630913503549381502e-04,1.596107227449444028e-04,1.622678477189031681e-04,1.684852241412301366e-04,1.595810337486913168e-04,1.485953628340719063e-04,1.484952019751582580e-04,1.595304452473422091e-04,1.504298826187374749e-04,1.409208707426323477e-04,1.427218233965945910e-04,1.380676800657145895e-04
2.906099272203710622e-04,2.951398831313098155e-04,2.998000504577504684e-04,3.020792121130831394e-04,3.006132745698348349e-04,2.936428136447411462e-04,3.061986532098211785e-04,3.039407398000361121e-04,3.052210716486929978e-04,3.044565937063620003e-04,2.945522307279076538e-04,3.123010823542218752e-04,3.149399547705791953e-04,3.157960250566014572e-04,3.142639304690208525e-04,3.105927155206203438e-04,3.113571116437853156e-04,3.135474011475657520e-04,3.164937704177282502e-04,3.168628309139812321e-04,3.164121798271929235e-04,3.171718095952642986e-04,3.139079556262077656e-04,3.107219370331944946e-04,3.126303825528766855e-04,3.140056134256272559e-04,3.138630306421505466e-04,3.080037273343596226e-04,3.097667829200832583e-04,3.064685751203123838e-04,3.013616630849491889e-04,3.037492670289858050e-04,3.018487238213023887e-04,2.975428433150496604e-04,2.994492381970550966e-04,2.909826899244540065e-04,2.890364638026988314e-04,2.866643758394396536e-04,2.843908981211164103e-04,2.859734607810071757e-04,2.819698788058353097e-04,2.795411442416292870e-04,2.816194940689740892e-04,2.789297645705370076e-04,2.740532780755837320e-04,2.680484146816892207e-04,2.676339041362495153e-04,2.673600195795716489e-04,2.638166792840686064e-04,2.684998903503550260e-04,2.676665910013190726e-04,2.667638837611074204e-04,2.636477552348258954e-04,2.637196003582029167e-04,2.621504381927000095e-04,2.635200074115961284e-04,2.569393877953377535e-04,2.565349417032351874e-04,2.577688366642505381e-04,2.539335519314762945e-04,2.591170612475127643e-04,2.552138937307242583e-04,2.613716158538064165e-04,2.572786033647842950e-04,2.531075867146646190e-04,2.514722514844672913e-04,2.508744328682600594e-04,2.583535644938006730e-04,2.506798097016175119e-04,2.534202869308806085e-04,2.557325525131722553e-04,2.546844761773572321e-04,2.469464075606666426e-04,2.500737123534437726e-04,2.487702081169008744e-04,2.471097606779020916e-04,2.501551340503021148e-04,2.475818373381828675e-04,2.508544913867494404e-04,2.471101578497745220e-04,2.458637428377585636e-04,2.445524098662598409e-04,2.377144279464338044e-04,2.430318145829234102e-04,2.436174321676633995e-04,2.435993345218664485e-04,2.415362523545434706e-04,2.409000895085643254e-04,2.394238077269835797e-04,2.413388347470963821e-04,2.423615919684653686e-04,2.364156350138087268e-04,2.393417099718114956e-04,2.341591554540063897e-04,2.372338416617869204e-04,2.366560388169117266e-04,2.280571939429933267e-04,2.300695929712956911e-04,2.295602263911592281e-04,2.361342924501177922e-04,2.319304271913290067e-04,2.241687723048124540e-04,2.215053423261360128e-04,2.246372395645015074e-04,2.208901879782299406e-04,2.262227166122657740e-04,2.199924896682013220e-04,2.190227812872676879e-04,2.166041715796403764e-04,2.141510209824224137e-04,2.131084196147107015e-04,2.075998020608934116e-04,2.125270252779590946e-04,2.102941665549327445e-04,2.093378328470519895e-04,2.001497254339038630e-04,2.016845797104426972e-04,2.021007848205320283e-04,1.982109575070229574e-04,1.975910201390821601e-04,1.946135480296556474e-04,1.926650269895027680e-04,1.962450809985928993e-04,1.924052782779192745e-04,1.921075788828714975e-04,1.924465106815890917e-04,1.831445923437237063e-04,1.799433191491539986e-04,1.846213816940180737e-04,1.801330732845107482e-04,1.803629860048459052e-04,1.781973391186171410e-04,1.805268269931531021e-04,1.656934997082760476e-04,1.650600798929535490e-04,1.759008396604102046e-04,1.690147309782783869e-04,1.590664150395096484e-04,1.611358681322843430e-04,1.606688468950216275e-04
2.943638061321394083e-04,3.001504634472389231e-04,3.052243282383620450e-04,3.070395158883196924e-04,3.050479875926781774e-04,2.962767082119593942e-04,3.112033348198161545e-04,3.064096928334583561e-04,3.094580989424540875e-04,3.092505917586109258e-04,2.987021459565850621e-04,3.149399547705791953e-04,3.211988353801310879e-04,3.206437107172962261e-04,3.185672318692949379e-04,3.144426428309752002e-04,3.152696275396634829e-04,3.181433540216160112e-04,3.203119184729280740e-04,3.220245327928837782e-04,3.211212139194797362e-04,3.218963964551295313e-04,3.174578221747245080e-04,3.144727590807331057e-04,3.175389460619503727e-04,3.186906318826457081e-04,3.193429318492381464e-04,3.116113486696222494e-04,3.143264038707662290e-04,3.108337738406166911e-04,3.055154199809170866e-04,3.089785528500724253e-04,3.066497996126598693e-04,3.018878005641235972e-04,3.046772320761390648e-04,2.956379105570086608e-04,2.929629789175286535e-04,2.887950337390726274e-04,2.878094366156270438e-04,2.903743707108913819e-04,2.850827599535862584e-04,2.839609811947170406e-04,2.864050104601080873e-04,2.837183163999168695e-04,2.775400335915320107e-04,2.722379773597864076e-04,2.695947541795960063e-04,2.710030419858022255e-04,2.681871019742823430e-04,2.725275087901402830e-04,2.721954521518423127e-04,2.714369627620849068e-04,2.675906053857356865e-04,2.681557419257063197e-04,2.652341877039123517e-04,2.681520204524309985e-04,2.607247474577082422e-04,2.598097874177796398e-04,2.624118561086847493e-04,2.579459666968160047e-04,2.636124190431472780e-04,2.598223358790038569e-04,2.655236224437755436e-04,2.613958027886884852e-04,2.573901210483173392e-04,2.566100412310955213e-04,2.558363127120628498e-04,2.629734987125205577e-04,2.549318858604773287e-04,2.578763843419951693e-04,2.603784880734183980e-04,2.595787834000144018e-04,2.516398871531386108e-04,2.543491981600661152e-04,2.530665743020116872e-04,2.514636085480516326e-04,2.537203734795659350e-04,2.515145181573586993e-04,2.545398795304995620e-04,2.518728588669109036e-04,2.495799870868644385e-04,2.479404091602228888e-04,2.405712829921012130e-04,2.456566805802852917e-04,2.475041270352200244e-04,2.479532304367072890e-04,2.460124073189503668e-04,2.449711605112647305e-04,2.436758841206045003e-04,2.461713023805276249e-04,2.469124664359381694e-04,2.406461223028144006e-04,2.427454797534857930e-04,2.374698240519267924e-04,2.415581004540556440e-04,2.415902007154492213e-04,2.313162209144690833e-04,2.343448739659584595e-04,2.337500066296549852e-04,2.402615515055483921e-04,2.368756435200642199e-04,2.287695817872094231e-04,2.257938846675788965e-04,2.292125227079214211e-04,2.255780187132408780e-04,2.309020375265480101e-04,2.253273513515010272e-04,2.241785974500446312e-04,2.216777232539300928e-04,2.187351873291636952e-04,2.159039846912664965e-04,2.110043665550060353e-04,2.174918894293754686e-04,2.153484918094368972e-04,2.138904170100292912e-04,2.049541798747135971e-04,2.060858962009098460e-04,2.070879532798949407e-04,2.036704325123425707e-04,2.030058799890091504e-04,2.000437261504782710e-04,1.966213929734792918e-04,2.014245322874942342e-04,1.971291169992338852e-04,1.959901481927771945e-04,1.983102710108443172e-04,1.895088585580911194e-04,1.868517314588797977e-04,1.907847210640230468e-04,1.859859759874370026e-04,1.863765886000146000e-04,1.803897999372927130e-04,1.875335814495202947e-04,1.722357532279235218e-04,1.706256198824145640e-04,1.819283916381409004e-04,1.751774087556201109e-04,1.647326128734541157e-04,1.681216622382270909e-04,1.675450612323371355e-04
2.953555522346390603e-04,3.005473506176554815e-04,3.052473156312619307e-04,3.077058143471328271e-04,3.057882383990598589e-04,2.981065012853643687e-04,3.113143361420695637e-04,3.069915461197739713e-04,3.098287726617770643e-04,3.088882826978251654e-04,2.985330805200003042e-04,3.157960250566014572e-04,3.206437107172962261e-04,3.224529077707186564e-04,3.195488452113988734e-04,3.138644061040593591e-04,3.152346596514488185e-04,3.183077417801227185e-04,3.214451607151158673e-04,3.220118644171889011e-04,3.215268235719560049e-04,3.221600652180147371e-04,3.187956566439106593e-04,3.155752949938608952e-04,3.181058793772767305e-04,3.194535095662036643e-04,3.198712689363551742e-04,3.129276039747881048e-04,3.156067043127046344e-04,3.116121149023931124e-04,3.066476034458990511e-04,3.097120193011676710e-04,3.076669195729753344e-04,3.027447086744512890e-04,3.052940337078009899e-04,2.968207867619303384e-04,2.941486928762817839e-04,2.908405978081762800e-04,2.892074536120984424e-04,2.916212079687588508e-04,2.870050533326085735e-04,2.852055146945784792e-04,2.875768465204234193e-04,2.853816870346048500e-04,2.793603554100534199e-04,2.738436829833515288e-04,2.719146172360665105e-04,2.726049339127427341e-04,2.699048329722998694e-04,2.739869102934546982e-04,2.740418108063127022e-04,2.732938114274076607e-04,2.695633554949131909e-04,2.694808673323951967e-04,2.669379062538051496e-04,2.694728670946676982e-04,2.629274248802054934e-04,2.617550138279952439e-04,2.637205241643302694e-04,2.597946727177132269e-04,2.657443432651286110e-04,2.614195254959465471e-04,2.680215788974881744e-04,2.638295889154462868e-04,2.594873045285318175e-04,2.579028514401893071e-04,2.576312660814834257e-04,2.647978076337516979e-04,2.568145990458711335e-04,2.601288580613090044e-04,2.627050391393593014e-04,2.613352087528339387e-04,2.534746604712683404e-04,2.564829649251431395e-04,2.553350823575190054e-04,2.537745175400235456e-04,2.565234883874703141e-04,2.539989194625255566e-04,2.571930834568056097e-04,2.539857752479763578e-04,2.521093966109457809e-04,2.504822318821525902e-04,2.436708660182840248e-04,2.489420633818360644e-04,2.502165580361355749e-04,2.500905769284655716e-04,2.484357950968453803e-04,2.476630625185952442e-04,2.459508147747854431e-04,2.483085246228498096e-04,2.491997163164598938e-04,2.438783834491347474e-04,2.454806422871670430e-04,2.408259263397637248e-04,2.443362946772568794e-04,2.441558791692372715e-04,2.347310560371185077e-04,2.373435919333141534e-04,2.372809089233283986e-04,2.434589439518907187e-04,2.399049354381574211e-04,2.317715295961891690e-04,2.289244265167777667e-04,2.324076317587700936e-04,2.292011333967768365e-04,2.343516923352937428e-04,2.285242912750127316e-04,2.269768778344088587e-04,2.252617683555781475e-04,2.220542608941772052e-04,2.193504638860302480e-04,2.147038875629370266e-04,2.213424182608292334e-04,2.193692462811523388e-04,2.179710075414632668e-04,2.085557391444224510e-04,2.096977455088211071e-04,2.112561747457135028e-04,2.074918917075170934e-04,2.072605742918763605e-04,2.041263913469018013e-04,2.007964162395954101e-04,2.066360043042535189e-04,2.019853796465670979e-04,2.007746276670592230e-04,2.034359759236957445e-04,1.940203496113022995e-04,1.911307329770521764e-04,1.959314825940845588e-04,1.922409483914605413e-04,1.919396000658971113e-04,1.884084115147774570e-04,1.932395947790300887e-04,1.788294638670404329e-04,1.774218059123410201e-04,1.884474284357072742e-04,1.820653336457678869e-04,1.712512369992019788e-04,1.762323810848302665e-04,1.756113745908015160e-04
2.943942883936232868e-04,2.982761417440211852e-04,3.031272659889191362e-04,3.055305418271030788e-04,3.039816975087179817e-04,2.968737145319004598e-04,3.095325968577718146e-04,3.060729432812222357e-04,3.072533112002075921e-04,3.085591018594425637e-04,2.983642763141314247e-04,3.142639304690208525e-04,3.185672318692949379e-04,3.195488452113988734e-04,3.193655899635955571e-04,3.136987715258723820e-04,3.136016901769702572e-04,3.164268331549279379e-04,3.198091913334556442e-04,3.206168780901422319e-04,3.198246344989131738e-04,3.208586504208143044e-04,3.176296856878248697e-04,3.147130279083331901e-04,3.164200831595458010e-04,3.176780757944960626e-04,3.177210788960316648e-04,3.119535244033566353e-04,3.140225579370784382e-04,3.104122515516433752e-04,3.048414440825610657e-04,3.077436593842409183e-04,3.062869928641520742e-04,3.014486745150824105e-04,3.030934032031515238e-04,2.946084456969546260e-04,2.924838829811305524e-04,2.899084207914028239e-04,2.879760980895677814e-04,2.898046808284396921e-04,2.859432644181619364e-04,2.829247498362425124e-04,2.858261878219010821e-04,2.827606077326153271e-04,2.776642794957551023e-04,2.714379018469784133e-04,2.700486650200779599e-04,2.710581040454075087e-04,2.678239648571473989e-04,2.720373900612224551e-04,2.716610019718540764e-04,2.707670263324394211e-04,2.671859005303461724e-04,2.669086521678449555e-04,2.652711075937259498e-04,2.672107179941684446e-04,2.609302589767119665e-04,2.596972784232677079e-04,2.614542737146308702e-04,2.573289194302059340e-04,2.633162716972081187e-04,2.594057599085427082e-04,2.657469978975612684e-04,2.617304403222610776e-04,2.574624341997178698e-04,2.550444584571193878e-04,2.549958814917088843e-04,2.628171499558098014e-04,2.548911223295677905e-04,2.579762072428776285e-04,2.608853273054237919e-04,2.591110826636626647e-04,2.516848141905113009e-04,2.541643422187656693e-04,2.530943329374765109e-04,2.518972737374024326e-04,2.547585986198961142e-04,2.521751448222182813e-04,2.557113464750523078e-04,2.519523329285288781e-04,2.502737117031300445e-04,2.488412281499992437e-04,2.428940623059933003e-04,2.478855932299010097e-04,2.491857854489216355e-04,2.479531320330234873e-04,2.465612564667881410e-04,2.458258751707164671e-04,2.441300161346543853e-04,2.463501998310334458e-04,2.471272501783352226e-04,2.415570693558852569e-04,2.435142407423566730e-04,2.393061705080084037e-04,2.422146784231305350e-04,2.418355386421948709e-04,2.338165937612004164e-04,2.352374176370987705e-04,2.352401779552593380e-04,2.416666809548173546e-04,2.379393275297167812e-04,2.305536604725142856e-04,2.273575940124796110e-04,2.306893881616520041e-04,2.276223790220090334e-04,2.323990389379399716e-04,2.263374027280835865e-04,2.257985933981621865e-04,2.235700353858788270e-04,2.203481448823123496e-04,2.192963563326625503e-04,2.143895518057229918e-04,2.197769375410834280e-04,2.179744395346937811e-04,2.164267741522467878e-04,2.079625451110845116e-04,2.084963344848509944e-04,2.101340325227607476e-04,2.062066327853116006e-04,2.061595294094631023e-04,2.040163471531220376e-04,2.009565071765067842e-04,2.061977376352720412e-04,2.016891706823633300e-04,2.013496185825705553e-04,2.029234844087245398e-04,1.938704729445110946e-04,1.910273369609171757e-04,1.954693380581297836e-04,1.919636872416836915e-04,1.917717136694882020e-04,1.909902102785104101e-04,1.937026540631283614e-04,1.790265370501001004e-04,1.794399383215784371e-04,1.905717683775977702e-04,1.838244228683889804e-04,1.736018302706778460e-04,1.783181914022820269e-04,1.775660509583542495e-04
2.900883758976789554e-04,2.931354300672596685e-04,2.989948402714072135e-04,3.015532666415973967e-04,3.004574057609165792e-04,2.931675945340248696e-04,3.062243938328725783e-04,3.056370785541312864e-04,3.036130009590396459e-04,3.072803547517399727e-04,2.992554123662267301e-04,3.105927155206203438e-04,3.144426428309752002e-04,3.138644061040593591e-04,3.136987715258723820e-04,3.225151569970484433e-04,3.147749396316205906e-04,3.135161041675281306e-04,3.160120152444009117e-04,3.182906115299907529e-04,3.153168991738689898e-04,3.177772099878294152e-04,3.137319291380627484e-04,3.101594803215976096e-04,3.128105972123051710e-04,3.137218546251730801e-04,3.138324070089795249e-04,3.083295605700123740e-04,3.092335724275385419e-04,3.075002788962770514e-04,3.008157242607297443e-04,3.031365346412514834e-04,3.019189807824357134e-04,2.976912378607257377e-04,2.996955323181330912e-04,2.905608466087890242e-04,2.883924521383403848e-04,2.863958098143467635e-04,2.846462545430570408e-04,2.858100330490146996e-04,2.824041479893348050e-04,2.787873704469468394e-04,2.818017171784125579e-04,2.769268931768855725e-04,2.726858515173951648e-04,2.653245231313764840e-04,2.651784519290020076e-04,2.669981761853124406e-04,2.634349399331886265e-04,2.683208017124443759e-04,2.663383875165510443e-04,2.660312432593217721e-04,2.628021232515396935e-04,2.626965215541766712e-04,2.625812735543925293e-04,2.639210757762925990e-04,2.562015073164612558e-04,2.560901879468129483e-04,2.581467467152404266e-04,2.539028929832265035e-04,2.584133861743833044e-04,2.561706011566959921e-04,2.604641635800564745e-04,2.571087017583550721e-04,2.529181033164537335e-04,2.519631940874288677e-04,2.511907351166576359e-04,2.588870093798981338e-04,2.518046667971864257e-04,2.532445845992089021e-04,2.553782839169975037e-04,2.559189695438153478e-04,2.473958603527333638e-04,2.515497422437549028e-04,2.489158132547684304e-04,2.483078297911646198e-04,2.501518144812382022e-04,2.483504802604388859e-04,2.513433701864384241e-04,2.482934837525202628e-04,2.467413130851140693e-04,2.451372702009308379e-04,2.400729709718493927e-04,2.454463525690916189e-04,2.456150146845226668e-04,2.446165845932834668e-04,2.429295105778238263e-04,2.423392590743064399e-04,2.402868688244381035e-04,2.426491617240549383e-04,2.438991210162455851e-04,2.364741022548429389e-04,2.396449864428774532e-04,2.348106767107592161e-04,2.378662209552183848e-04,2.372915271056810045e-04,2.306686733167238358e-04,2.307824793452907693e-04,2.296711949086213103e-04,2.367525255156327046e-04,2.326125629040489090e-04,2.262196375652210194e-04,2.228710361602958417e-04,2.247318314726502665e-04,2.218850368516278495e-04,2.271615202593816121e-04,2.216075047224663980e-04,2.213947592244048363e-04,2.173565827215436365e-04,2.153087546768995240e-04,2.164977236025861999e-04,2.103260492621786921e-04,2.127968724489174592e-04,2.104055574912995594e-04,2.106819418197254505e-04,2.019439451548122992e-04,2.040250693141692714e-04,2.033627432958719369e-04,1.999966333633987293e-04,1.998320569003790960e-04,1.974831665102513942e-04,1.960820561547923341e-04,1.966879705296869401e-04,1.953193895271539994e-04,1.953626551841867477e-04,1.945236664450336746e-04,1.840382700172511548e-04,1.816882719385055130e-04,1.849367659338285340e-04,1.794187185679181487e-04,1.815483431598338183e-04,1.806902457663135838e-04,1.814532854497751576e-04,1.687656906437066950e-04,1.669823380478942915e-04,1.804669760091554703e-04,1.718772267196737639e-04,1.629028128886135789e-04,1.628388061187302819e-04,1.620929327875958545e-04
2.900414906042528035e-04,2.943922416013663372e-04,2.996434745039115765e-04,3.021294423454443925e-04,3.006652177653361814e-04,2.930897234117690853e-04,3.061915717406838594e-04,3.050392874442767730e-04,3.055473994974469308e-04,3.042044041439655568e-04,2.975786382682668553e-04,3.113571116437853156e-04,3.152696275396634829e-04,3.152346596514488185e-04,3.136016901769702572e-04,3.147749396316205906e-04,3.186490349217138002e-04,3.145453277881852172e-04,3.166534155476006347e-04,3.176113093101559713e-04,3.156568363446212041e-04,3.175351503640093040e-04,3.136773540868766259e-04,3.095776786988347707e-04,3.129946435897479882e-04,3.135431089624172714e-04,3.133419350347381341e-04,3.076901429054291928e-04,3.090023523477972134e-04,3.070781655751168935e-04,3.007955331819889256e-04,3.036978317778745123e-04,3.018177621738686285e-04,2.977101910187187673e-04,2.996959976626981104e-04,2.913429793930246239e-04,2.891168964802773972e-04,2.861968628258736917e-04,2.843906926039615210e-04,2.860465785457832534e-04,2.815627018539322438e-04,2.791688242832919531e-04,2.809819223523820513e-04,2.774420234765032707e-04,2.730777044907350504e-04,2.668835345273743885e-04,2.656190420488442573e-04,2.665440330292368040e-04,2.634836547604967006e-04,2.687016141510247284e-04,2.674218320022566406e-04,2.664973737561784385e-04,2.635677382350442547e-04,2.631942186237241194e-04,2.634750680861238639e-04,2.643557020675950039e-04,2.569458153834970095e-04,2.569623686968212396e-04,2.587032829595968270e-04,2.545281380538652822e-04,2.592429670451307363e-04,2.556456335407927805e-04,2.610936292550470510e-04,2.570836710193653081e-04,2.529166814227928688e-04,2.526688686316081031e-04,2.517454768004633112e-04,2.584086745034122807e-04,2.512130093114046969e-04,2.541113680420410779e-04,2.557803620558987104e-04,2.555684314995355011e-04,2.468724504276528352e-04,2.512363817428607429e-04,2.489485294952969215e-04,2.469120480421815172e-04,2.500373938217932018e-04,2.473133144711888711e-04,2.507640481354234357e-04,2.479069762250250743e-04,2.460957897963349890e-04,2.449064049504892952e-04,2.379506589629964573e-04,2.438170696820343535e-04,2.440263308275694384e-04,2.442188102572066376e-04,2.411365183525233154e-04,2.418044353560145352e-04,2.399990341509186827e-04,2.417732627339772651e-04,2.431826817289937763e-04,2.363840172597180336e-04,2.392088513910452068e-04,2.338037308790887612e-04,2.374515282090724426e-04,2.368355814521042296e-04,2.293299646648797280e-04,2.304984109368585850e-04,2.293634260523064238e-04,2.358866387713186199e-04,2.324490061224955464e-04,2.250679992049985458e-04,2.208632799889616923e-04,2.247213621313989156e-04,2.206972931633869087e-04,2.261578520523544768e-04,2.207916826393109576e-04,2.206189478604530033e-04,2.167425717512248351e-04,2.149386355854402840e-04,2.142311642150689273e-04,2.087580736341557890e-04,2.126837149690581294e-04,2.105272185481429741e-04,2.097485232947851608e-04,2.007137921242350075e-04,2.021679419295606124e-04,2.021958429334960998e-04,1.988166189299691135e-04,1.980324808671436341e-04,1.949074818894887577e-04,1.940067413449499318e-04,1.955676782231597147e-04,1.945977003657552119e-04,1.944428362605189959e-04,1.936242377666500794e-04,1.828313832458136905e-04,1.805560297341439772e-04,1.848461969989417754e-04,1.795716569151879695e-04,1.804970029937069025e-04,1.788562025526540080e-04,1.808047859413074903e-04,1.674003354236064552e-04,1.654930327834788762e-04,1.762248458924170372e-04,1.692947593330532585e-04,1.605525548255926180e-04,1.607585134656065891e-04,1.598014741012099206e-04
2.925124317015961092e-04,2.977515583512112024e-04,3.020047436923646664e-04,3.047021938380111913e-04,3.029516616447974699e-04,2.940183779687793246e-04,3.085954906683063825e-04,3.052310904211951001e-04,3.073477879122578143e-04,3.052664346270244754e-04,2.967266534292499762e-04,3.135474011475657520e-04,3.181433540216160112e-04,3.183077417801227185e-04,3.164268331549279379e-04,3.135161041675281306e-04,3.145453277881852172e-04,3.184880925883606072e-04,3.180538612045186132e-04,3.200301362182248616e-04,3.186834418908853720e-04,3.201105837578075786e-04,3.158734627185894538e-04,3.131200992193896595e-04,3.160192788407742122e-04,3.164053346007488724e-04,3.169901252141216902e-04,3.098620513058119165e-04,3.123861610936298642e-04,3.093679668652606052e-04,3.038890971520024297e-04,3.069180774557026502e-04,3.045865480247576004e-04,3.001213996293459812e-04,3.023978044854642869e-04,2.939739768237043882e-04,2.912641668034573398e-04,2.873901070078100544e-04,2.860693088377008167e-04,2.882955528014565644e-04,2.840609002386729285e-04,2.820761143337374927e-04,2.841830216883838630e-04,2.808207592309363513e-04,2.756152635948281443e-04,2.702050548421509814e-04,2.673324839285179258e-04,2.690412422491019373e-04,2.665181424889374092e-04,2.705900360977062818e-04,2.695114596054742320e-04,2.691989786792558072e-04,2.654804356160200482e-04,2.659684595695511957e-04,2.639303380990509285e-04,2.661803623534792830e-04,2.591438697013348567e-04,2.585614727502073417e-04,2.603729508751130030e-04,2.561214943081132635e-04,2.615456865138972883e-04,2.583020769414562661e-04,2.634327213920590661e-04,2.595046438827120416e-04,2.558710634750907607e-04,2.546652078673228574e-04,2.539821036335737636e-04,2.614143323419478135e-04,2.530543702383873184e-04,2.560412928625847525e-04,2.586691593887257418e-04,2.573473533754350889e-04,2.501758106371236123e-04,2.530030379256396965e-04,2.509439478089667817e-04,2.500889624972869852e-04,2.525592968439085767e-04,2.492819938763540604e-04,2.531710184535359057e-04,2.503732909961737412e-04,2.484263199021065913e-04,2.471885985038168383e-04,2.396422696414828414e-04,2.446221131436243017e-04,2.463522792910269126e-04,2.461491430903197351e-04,2.442700093528873788e-04,2.438449618159527069e-04,2.426659285600207664e-04,2.447739020332175930e-04,2.452642697723649576e-04,2.391849188165478353e-04,2.414237299158149058e-04,2.358700115475549620e-04,2.399661318521959224e-04,2.397955774200741068e-04,2.309444027358901997e-04,2.327370459742952034e-04,2.326902146982451542e-04,2.386859941151252978e-04,2.351151109418972581e-04,2.276979776132383127e-04,2.249301794645192033e-04,2.276387644514432326e-04,2.242592269572789613e-04,2.298488930240440078e-04,2.236292224451733751e-04,2.237360881900173960e-04,2.206276535879510812e-04,2.175767786317773047e-04,2.164738932739320766e-04,2.107432920194176240e-04,2.161912781783155511e-04,2.144145330938055196e-04,2.130384863503352242e-04,2.043919272668802791e-04,2.054702543419848068e-04,2.063132126235791587e-04,2.025113520205189352e-04,2.023102791324959591e-04,1.997141488858118069e-04,1.966492197320286815e-04,2.008244032351790530e-04,1.973888209161105622e-04,1.967037459988226151e-04,1.988539371012833191e-04,1.893742006907506864e-04,1.867960512901562908e-04,1.910586833596513356e-04,1.861776868210942096e-04,1.865824076225911410e-04,1.827092042563229304e-04,1.881025235752383634e-04,1.729495458900744500e-04,1.726722804582925925e-04,1.837998365167327884e-04,1.776972806878209844e-04,1.677703500984507195e-04,1.699448360120838853e-04,1.705197335878236775e-04
2.958831169790963173e-04,2.995372644585241463e-04,3.052321312989661191e-04,3.071622049759048317e-04,3.052890664588088715e-04,3.003815727011330543e-04,3.116309971879947988e-04,3.103283680979941573e-04,3.107975969527948393e-04,3.107908967215175945e-04,3.024223565824720448e-04,3.164937704177282502e-04,3.203119184729280740e-04,3.214451607151158673e-04,3.198091913334556442e-04,3.160120152444009117e-04,3.166534155476006347e-04,3.180538612045186132e-04,3.238142300190131277e-04,3.224723962837487885e-04,3.220300619448223235e-04,3.225569042132128152e-04,3.195502308234667195e-04,3.166891167242990527e-04,3.180312582324050551e-04,3.192866909683735066e-04,3.193643716312083241e-04,3.142582027024718176e-04,3.150905689040082330e-04,3.117794391040667307e-04,3.069391682849013643e-04,3.091777088705831614e-04,3.077508396289438180e-04,3.029227684661109604e-04,3.048637211542057942e-04,2.962208173876644773e-04,2.946121583548110120e-04,2.933151621478302575e-04,2.904056098067373144e-04,2.911767214994335812e-04,2.877197094805724643e-04,2.847003374304572006e-04,2.871785937211425292e-04,2.846571983778814594e-04,2.797080854545247897e-04,2.732587131707471398e-04,2.741995924328195799e-04,2.728364515493659744e-04,2.691255237720237953e-04,2.739945416056143129e-04,2.733804390710951166e-04,2.720767683709645127e-04,2.690222622400107941e-04,2.688983654185501818e-04,2.681104003271387952e-04,2.689792710110842618e-04,2.622550356932106777e-04,2.619488373096803238e-04,2.627130318525915044e-04,2.591837091181864948e-04,2.645050836759988040e-04,2.603139489031024417e-04,2.670430984196836555e-04,2.628844662559883124e-04,2.583761094416604266e-04,2.569107466054089579e-04,2.556434405884619324e-04,2.638025135790167636e-04,2.559460656417160808e-04,2.589407976679045857e-04,2.608694983381816459e-04,2.601490660151013095e-04,2.517801360841038973e-04,2.558036299446608103e-04,2.539170827940263973e-04,2.522417435807941598e-04,2.553949653337847384e-04,2.539863344172001397e-04,2.563504028126023624e-04,2.524905206655449837e-04,2.511878667820181149e-04,2.496037677397179794e-04,2.441232357829521975e-04,2.493740553664184961e-04,2.490830098691641748e-04,2.495098436986106219e-04,2.469219578571771908e-04,2.467277472099997909e-04,2.444976678565529793e-04,2.466699757976648175e-04,2.484405670284848752e-04,2.425569311762915917e-04,2.452274237988715270e-04,2.410833879934776332e-04,2.426875120532269979e-04,2.427060653226046966e-04,2.343474425321746260e-04,2.362257584827111366e-04,2.355210269967057983e-04,2.422931259392529558e-04,2.381092236385591891e-04,2.301089398797930528e-04,2.271512639904842113e-04,2.305319349608568017e-04,2.268285426988358121e-04,2.317344906093591695e-04,2.265138121115215495e-04,2.244573760881072265e-04,2.223837814626132765e-04,2.201879441884937181e-04,2.192627578643902377e-04,2.148140281776396584e-04,2.192823711438893089e-04,2.159021971821040533e-04,2.158257324817135767e-04,2.057011055129914388e-04,2.086068402104448538e-04,2.083689116264567315e-04,2.049574502941558813e-04,2.046464068120218730e-04,2.011135911533714498e-04,1.996726598649174766e-04,2.029512881977016403e-04,1.990991548990034537e-04,2.001337919535530732e-04,1.984002496972891560e-04,1.892489239362165579e-04,1.862662087014894485e-04,1.903839772688798305e-04,1.870624165694934917e-04,1.876338877661087379e-04,1.875273112289116157e-04,1.876167416561994950e-04,1.731937796914756152e-04,1.722033649021281309e-04,1.837089454440946328e-04,1.755248775443556315e-04,1.662723258110304950e-04,1.691539689631709961e-04,1.672759337350181923e-04
2.962572453762270610e-04,3.013752188516191123e-04,3.064502628688819843e-04,3.086631891010681739e-04,3.065899324564683908e-04,2.979677022234011744e-04,3.127072624091293239e-04,3.085691963587958338e-04,3.105905336994992734e-04,3.121183186248544287e-04,3.010910356327868901e-04,3.168628309139812321e-04,3.220245327928837782e-04,3.220118644171889011e-04,3.206168780901422319e-04,3.182906115299907529e-04,3.176113093101559713e-04,3.200301362182248616e-04,3.224723962837487885e-04,3.254111318526029515e-04,3.233481194460413773e-04,3.248502222722728073e-04,3.205631431672424929e-04,3.174814875402062232e-04,3.208663981965566205e-04,3.217367589006891820e-04,3.223805590225290460e-04,3.148750139308186262e-04,3.177479547993122106e-04,3.146569649045849611e-04,3.091842085025249781e-04,3.124149290307332103e-04,3.102829985510794373e-04,3.058984980515648652e-04,3.087119127658520296e-04,2.996422692729639272e-04,2.970668587194865416e-04,2.932182962610160285e-04,2.924591232344308112e-04,2.950981008427763352e-04,2.903155484659702057e-04,2.886512227111076513e-04,2.913173493176036272e-04,2.880153375264581984e-04,2.820470676573401847e-04,2.767109895678978920e-04,2.743430208907127969e-04,2.764760003134971670e-04,2.738402722633737052e-04,2.780511067791003980e-04,2.774940910338283533e-04,2.770012618045467642e-04,2.732546312185455415e-04,2.739320113581688600e-04,2.712755176979026340e-04,2.740574051379803693e-04,2.670279053374594361e-04,2.660466308620218902e-04,2.688293833481974213e-04,2.643412246653927575e-04,2.700630096997123529e-04,2.662777531619610599e-04,2.718767659088259419e-04,2.683259303471769320e-04,2.642775825766941790e-04,2.632676987585732729e-04,2.627902875278676138e-04,2.699072499262066861e-04,2.620891166039100305e-04,2.650708019605705506e-04,2.670398155351432715e-04,2.667140475034619198e-04,2.585871518273525661e-04,2.615703998276331104e-04,2.602131568504027531e-04,2.588577728417343804e-04,2.612342443346694128e-04,2.589264482931978454e-04,2.622028132264679449e-04,2.593172365546835131e-04,2.572465260324400291e-04,2.559625545635547321e-04,2.486734310289844051e-04,2.538964791215705800e-04,2.558283428942119300e-04,2.557827587617025823e-04,2.540013999647585340e-04,2.531166289816384816e-04,2.518418534967908104e-04,2.540812346785365546e-04,2.552802489585657671e-04,2.488621223921715152e-04,2.511580669472738116e-04,2.454469525911289374e-04,2.498546438807787017e-04,2.497597540189456481e-04,2.399138143031532189e-04,2.429977292036314559e-04,2.423542256982233391e-04,2.483935368531209505e-04,2.451114386943036537e-04,2.377974798050976307e-04,2.351609756783932940e-04,2.379330975756412385e-04,2.344895133215021369e-04,2.402600212726293898e-04,2.340679009063654527e-04,2.337143262103646480e-04,2.310884220993123244e-04,2.284025618714756423e-04,2.259320885424364082e-04,2.206650275586914017e-04,2.271509750246175955e-04,2.248485753806568968e-04,2.238719094518130915e-04,2.153614744571129616e-04,2.162092478829017621e-04,2.173922606032659989e-04,2.143467278098295180e-04,2.131068664646312610e-04,2.104368942605706666e-04,2.072768110061839477e-04,2.117210996369705233e-04,2.075954621776195878e-04,2.067938514573248500e-04,2.092891005488640565e-04,1.999838324017106153e-04,1.977707270382671266e-04,2.016927624901312618e-04,1.970464302456649249e-04,1.975955348683025700e-04,1.925911011897443953e-04,1.991497692555789685e-04,1.845374405755370432e-04,1.830675369464629604e-04,1.950183693497273794e-04,1.880481258576496731e-04,1.785933547355096867e-04,1.812213781207964113e-04,1.815362552440009480e-04
2.954600876918916648e-04,3.004035045070450579e-04,3.055845037600753958e-04,3.076505960442198640e-04,3.057780409443923387e-04,2.981569826111157341e-04,3.119385134443070301e-04,3.080963797505657906e-04,3.104132453452035693e-04,3.109437345311081864e-04,2.998977462692144799e-04,3.164121798271929235e-04,3.211212139194797362e-04,3.215268235719560049e-04,3.198246344989131738e-04,3.153168991738689898e-04,3.156568363446212041e-04,3.186834418908853720e-04,3.220300619448223235e-04,3.233481194460413773e-04,3.233918992450762102e-04,3.233049730325850135e-04,3.196678604085458303e-04,3.168391859830455536e-04,3.191364903979455880e-04,3.205238775425210923e-04,3.209715600305356993e-04,3.140394895741980825e-04,3.163248265936896434e-04,3.128071571302621593e-04,3.079674287490763635e-04,3.105193472688870808e-04,3.087241864412965044e-04,3.043274075393763932e-04,3.068385433215162282e-04,2.977180207879759799e-04,2.954757194594795811e-04,2.925309988373055018e-04,2.909324411999835423e-04,2.929547387313402064e-04,2.886101465416053102e-04,2.868259166627261858e-04,2.892970169767553881e-04,2.866843144098671684e-04,2.810114273160435085e-04,2.756151985053239368e-04,2.742719977891659917e-04,2.747865889889135847e-04,2.715409392739871666e-04,2.758445251823960225e-04,2.754886030490405024e-04,2.746516637173501739e-04,2.711008347491815373e-04,2.715487170451503975e-04,2.690000418549044498e-04,2.714490008390570640e-04,2.646049926020207490e-04,2.637990813269804687e-04,2.658012803001290531e-04,2.615236609161888525e-04,2.672838995254250621e-04,2.630383468607680247e-04,2.695157751370016877e-04,2.655003867964844926e-04,2.613571556987843080e-04,2.600288739832017125e-04,2.593327883359910807e-04,2.667855322132109625e-04,2.588371170052282486e-04,2.618825157509049395e-04,2.639747001672761444e-04,2.632759942735893397e-04,2.553945968625892342e-04,2.582639211798507190e-04,2.570107814587701514e-04,2.556219801967534464e-04,2.582018995053534521e-04,2.560340469761009964e-04,2.592118915476883455e-04,2.560611664651479000e-04,2.541111402681293127e-04,2.525870828323883814e-04,2.455117624817965746e-04,2.507884270855872716e-04,2.522388344843612298e-04,2.524392321687107701e-04,2.506267878761523358e-04,2.495893400072183286e-04,2.484652560583104196e-04,2.506660593992980092e-04,2.518470082390240764e-04,2.455497810965716625e-04,2.481707037110415098e-04,2.431095707584397575e-04,2.463144242615374958e-04,2.465113233438265251e-04,2.368083369963592307e-04,2.395249102338855175e-04,2.390132639612219903e-04,2.455240734813050277e-04,2.419312259607790032e-04,2.338390791308711351e-04,2.316342793974845982e-04,2.346050984277899063e-04,2.311106875789005824e-04,2.363391979386450091e-04,2.303719913732601976e-04,2.292009482250831841e-04,2.271132228082940372e-04,2.245686902639987595e-04,2.223097869837023424e-04,2.176144739823699889e-04,2.234054584902395960e-04,2.211272255121019383e-04,2.202668050282872991e-04,2.108525433449226906e-04,2.127370251504554822e-04,2.134537690080154739e-04,2.099216580213740004e-04,2.093034899082396117e-04,2.062323534829233113e-04,2.035648538295627076e-04,2.080472920575338058e-04,2.035227305263628524e-04,2.032015398230012631e-04,2.045631349678227792e-04,1.955389265711450432e-04,1.929807944211033759e-04,1.971004213890431729e-04,1.930412808502166152e-04,1.930762136861203994e-04,1.895638172187660343e-04,1.940854008135905790e-04,1.792880209746186028e-04,1.782688690680944883e-04,1.900071791260642270e-04,1.825463110669221496e-04,1.728650744391127167e-04,1.760826861625810851e-04,1.755151364337047769e-04
2.963138322412411799e-04,3.014770875809755940e-04,3.062764429622090879e-04,3.088999641284950965e-04,3.066623871982352518e-04,2.985355589341924412e-04,3.127596758643025310e-04,3.086145918689720425e-04,3.109797819090183999e-04,3.116340752357000805e-04,3.002885616235190214e-04,3.171718095952642986e-04,3.218963964551295313e-04,3.221600652180147371e-04,3.208586504208143044e-04,3.177772099878294152e-04,3.175351503640093040e-04,3.201105837578075786e-04,3.225569042132128152e-04,3.248502222722728073e-04,3.233049730325850135e-04,3.258292402456489773e-04,3.208884245847844533e-04,3.177948111888477425e-04,3.208514214827572057e-04,3.220874377880410429e-04,3.226621663401673702e-04,3.151976059558898738e-04,3.182418110201003930e-04,3.152022833496761285e-04,3.095441052515578791e-04,3.128803122303118358e-04,3.108755395937830204e-04,3.065605483458331963e-04,3.092991884051981481e-04,3.002480726766394757e-04,2.979647487100490458e-04,2.944394222525157398e-04,2.934966293074014066e-04,2.960680800401603433e-04,2.913727529598872856e-04,2.895867321372129857e-04,2.921258448290206099e-04,2.888945466887298647e-04,2.832334175539850713e-04,2.775371048364401569e-04,2.753550586658223311e-04,2.775275058623367886e-04,2.750205352767692586e-04,2.792565682315088001e-04,2.789662559295063324e-04,2.784779320473226871e-04,2.748073625436567844e-04,2.752540742048362361e-04,2.728832530373576917e-04,2.757461427441536272e-04,2.687738662774593625e-04,2.678793137717713703e-04,2.704448280675547395e-04,2.660212873953924436e-04,2.719395547252367873e-04,2.681787567445614298e-04,2.738754360781262215e-04,2.703245133674416650e-04,2.664230453377378028e-04,2.647983134257361109e-04,2.646193241403995344e-04,2.719389581084641458e-04,2.640438379757411983e-04,2.670603378224723694e-04,2.694445604361247852e-04,2.685788592646921706e-04,2.608280914419194700e-04,2.638581313003057587e-04,2.623512764225728426e-04,2.608696333268842619e-04,2.635935564506208329e-04,2.611231793289034387e-04,2.644739490506657327e-04,2.613724732380770933e-04,2.595443867550380505e-04,2.581070756299580667e-04,2.508825699547770197e-04,2.562821899325022721e-04,2.580562845360882102e-04,2.578293684797952341e-04,2.563435402773745647e-04,2.555114846509751007e-04,2.542144438001779248e-04,2.560868150977763710e-04,2.573755544090489513e-04,2.512480478147798360e-04,2.533096521471891256e-04,2.478734913102794779e-04,2.522216232101533065e-04,2.519725918301687407e-04,2.424460251260458050e-04,2.453094200110613908e-04,2.448491326348429414e-04,2.511399615304747571e-04,2.474157145792058271e-04,2.401818859450675892e-04,2.369216678533001593e-04,2.403619183292490140e-04,2.367963295843226979e-04,2.426223637676134528e-04,2.362870666853077303e-04,2.358025086927972391e-04,2.332832695455073699e-04,2.305185333047554501e-04,2.281958030126400995e-04,2.228207523245999541e-04,2.293698627690978289e-04,2.274499142977169197e-04,2.261922192891858822e-04,2.175277248428209302e-04,2.187852218431103829e-04,2.200240115487630101e-04,2.166352651998045150e-04,2.155125748083046929e-04,2.126939955599513907e-04,2.098056262576335890e-04,2.147190557639639373e-04,2.102518306893820575e-04,2.091179496671874015e-04,2.122910643027927497e-04,2.025887008585389485e-04,1.999010312481525259e-04,2.041495437964543588e-04,1.998713970863361274e-04,2.006191838413743322e-04,1.961877809335098994e-04,2.013478314547282775e-04,1.874135174035385684e-04,1.859264765811680792e-04,1.979253991427733033e-04,1.919151900607445082e-04,1.814469219333181098e-04,1.842441879699918867e-04,1.846803380299447475e-04
2.934441116525527814e-04,2.975538167037238436e-04,3.022274393637434313e-04,3.049132349469392631e-04,3.032365914595634769e-04,2.963678788829402378e-04,3.088848004729513705e-04,3.061833499147836911e-04,3.069866976608643869e-04,3.080170768593825216e-04,2.983833616591698894e-04,3.139079556262077656e-04,3.174578221747245080e-04,3.187956566439106593e-04,3.176296856878248697e-04,3.137319291380627484e-04,3.136773540868766259e-04,3.158734627185894538e-04,3.195502308234667195e-04,3.205631431672424929e-04,3.196678604085458303e-04,3.208884245847844533e-04,3.191700675605545039e-04,3.150368853936055835e-04,3.170655523231717373e-04,3.183132536928771710e-04,3.185128242318273372e-04,3.127345236999174208e-04,3.151242654150936172e-04,3.117748491859484612e-04,3.064256535542700366e-04,3.092972330137794853e-04,3.077218381295084536e-04,3.037465802270235206e-04,3.055210309387514566e-04,2.971868547154585217e-04,2.954918495933049356e-04,2.933960940786885458e-04,2.914891462066639366e-04,2.933088068146306668e-04,2.898342709490381525e-04,2.867917440125440642e-04,2.894316736196295191e-04,2.861617489733306752e-04,2.814436249688361587e-04,2.750787547436933764e-04,2.745248388841214048e-04,2.755237793862844176e-04,2.726642024711024826e-04,2.769253582786364363e-04,2.767156701953140362e-04,2.757761753797362161e-04,2.728381890934617740e-04,2.728777671332872153e-04,2.713692549526430732e-04,2.733977507513410702e-04,2.672736175730562797e-04,2.663329861113906071e-04,2.675914295294099985e-04,2.641989457793815087e-04,2.700003600105199339e-04,2.656312183340534244e-04,2.725105021449346875e-04,2.688356856438430084e-04,2.649021744102153476e-04,2.623809635568506737e-04,2.623460278202286496e-04,2.698293220392788375e-04,2.621369499993588545e-04,2.653846914328016038e-04,2.677158237385607819e-04,2.664249500371615930e-04,2.588830451743911456e-04,2.616812069414807605e-04,2.605123459187668454e-04,2.594445653433599674e-04,2.622587326993214849e-04,2.598094979169616819e-04,2.635936294903712417e-04,2.596656932565883811e-04,2.581341192390206539e-04,2.571287748502022524e-04,2.511579741344082371e-04,2.561699790750787079e-04,2.575636812959047699e-04,2.561015317110198922e-04,2.550764843225333269e-04,2.541337995156494061e-04,2.526589110197690149e-04,2.544055922596653299e-04,2.558172475943871929e-04,2.500254625140687303e-04,2.523774684850338878e-04,2.475307691721113489e-04,2.506155677996976523e-04,2.506441927998870117e-04,2.428374968510472087e-04,2.442211698526283595e-04,2.439239589896524750e-04,2.504623440868829166e-04,2.466615089574151825e-04,2.394140278034387456e-04,2.367268905470751935e-04,2.397860029429258215e-04,2.367243050328925321e-04,2.417748513205563875e-04,2.354808178946270951e-04,2.347668041269797604e-04,2.327206053249453687e-04,2.302077253312698321e-04,2.292532818482492026e-04,2.240335683129998244e-04,2.295199442433530992e-04,2.274237197620932230e-04,2.269603800516391756e-04,2.177745679484578820e-04,2.190541007232334311e-04,2.203311528322008490e-04,2.166619223329447382e-04,2.165065941544485316e-04,2.138500527107753272e-04,2.115872681320505851e-04,2.161413512562397686e-04,2.121966142491545776e-04,2.115856377452648561e-04,2.132104469637497032e-04,2.040139321329197738e-04,2.014027940173595600e-04,2.059699622001432849e-04,2.023458719582858908e-04,2.024835542952963950e-04,2.029850887512437221e-04,2.043938795919461604e-04,1.904980704804766164e-04,1.904250862662390596e-04,2.015659112183565600e-04,1.945526256118450064e-04,1.864947690440716635e-04,1.894158104491046248e-04,1.896907593283988591e-04
2.903391862687704542e-04,2.941679224133574109e-04,2.992263481549830174e-04,3.015639990032340043e-04,3.000173216738320184e-04,2.936697685081367227e-04,3.058593371541143738e-04,3.033929858200353435e-04,3.039864020439703401e-04,3.060762039926202827e-04,2.963663104340381774e-04,3.107219370331944946e-04,3.144727590807331057e-04,3.155752949938608952e-04,3.147130279083331901e-04,3.101594803215976096e-04,3.095776786988347707e-04,3.131200992193896595e-04,3.166891167242990527e-04,3.174814875402062232e-04,3.168391859830455536e-04,3.177948111888477425e-04,3.150368853936055835e-04,3.140654574036338314e-04,3.140391390841660657e-04,3.151923201009349624e-04,3.158053877335775068e-04,3.101364199523606196e-04,3.119322934174673058e-04,3.087259416928574639e-04,3.039778962208293002e-04,3.062110971555682308e-04,3.048761613995690429e-04,3.005049516272519832e-04,3.024707784015018882e-04,2.941291232634716570e-04,2.924770297406241600e-04,2.901883751179784349e-04,2.887396802953006033e-04,2.901408878054945770e-04,2.866025483699453772e-04,2.838305651074426094e-04,2.866721659644429492e-04,2.833812408667476927e-04,2.784688231209622635e-04,2.722373041701528669e-04,2.720940691156500664e-04,2.728472719567802277e-04,2.701079792834090916e-04,2.741224982367174699e-04,2.736968765521114702e-04,2.728539489359028221e-04,2.697769905631463194e-04,2.700364935126479851e-04,2.684958309218842465e-04,2.703367008916879853e-04,2.645582713939403853e-04,2.636617712670674056e-04,2.646725821367781027e-04,2.612659966612387820e-04,2.669191067202779160e-04,2.629043562855546095e-04,2.693016821875812206e-04,2.661786617542201590e-04,2.621194346887583521e-04,2.596929431029672015e-04,2.594518561265547470e-04,2.672816564626246207e-04,2.594603156057442698e-04,2.622828113087889972e-04,2.649759127332670353e-04,2.634754286084665291e-04,2.563304833148853808e-04,2.592004918059203277e-04,2.577359055595891050e-04,2.568596356166223931e-04,2.594111585576960801e-04,2.573426005393979719e-04,2.606246202142506615e-04,2.569910334553838962e-04,2.555767287425401968e-04,2.542736374614858424e-04,2.485355045336668303e-04,2.538666541526877997e-04,2.548991451714447440e-04,2.534182408879130156e-04,2.525929914527604903e-04,2.515344666809882137e-04,2.501164579266808839e-04,2.518690477715066910e-04,2.538289611498755600e-04,2.480544569901181043e-04,2.504057002803288271e-04,2.455609691157120775e-04,2.485489020893767958e-04,2.483101503330618215e-04,2.406163642353178523e-04,2.420549564122069833e-04,2.419067372833713560e-04,2.484318757691770878e-04,2.442281136666595606e-04,2.371539932774236197e-04,2.347567621504853552e-04,2.375440840943817008e-04,2.343649309187608950e-04,2.397766564785676899e-04,2.334358675644046652e-04,2.326933271382539484e-04,2.306652547798999106e-04,2.281199239218970401e-04,2.271883264654137513e-04,2.222123057199974197e-04,2.275013730936087852e-04,2.252991407698535229e-04,2.249241217345182618e-04,2.158457700311568574e-04,2.176101696005511852e-04,2.187321525867031119e-04,2.149031536228715705e-04,2.143254335593375933e-04,2.119374889719228617e-04,2.100532025736045409e-04,2.139598917850828749e-04,2.095361653221698749e-04,2.095902324381027592e-04,2.109301341761973759e-04,2.021368832324797792e-04,2.000222715509049484e-04,2.041145403742443789e-04,2.007232503984324125e-04,2.006308084912006187e-04,2.000564264040067728e-04,2.022441403895046516e-04,1.879380876010793195e-04,1.884794510964198436e-04,1.998350071184945011e-04,1.933331940218858112e-04,1.836899695770373463e-04,1.874717716782683854e-04,1.878862488900635440e-04
2.922808406905989093e-04,2.977418100166180377e-04,3.023250835115750320e-04,3.048296243066417614e-04,3.027748735736770038e-04,2.931775668059371891e-04,3.084449856390581671e-04,3.031278825988871907e-04,3.062350401391837769e-04,3.064786399912252193e-04,2.950750035628888109e-04,3.126303825528766855e-04,3.175389460619503727e-04,3.181058793772767305e-04,3.164200831595458010e-04,3.128105972123051710e-04,3.129946435897479882e-04,3.160192788407742122e-04,3.180312582324050551e-04,3.208663981965566205e-04,3.191364903979455880e-04,3.208514214827572057e-04,3.170655523231717373e-04,3.140391390841660657e-04,3.187473990256749451e-04,3.189321799257203343e-04,3.196906629749723624e-04,3.118909935023585580e-04,3.157636321393014539e-04,3.126732211933052285e-04,3.073709584388270078e-04,3.111165533473381727e-04,3.088739556140755911e-04,3.049342451571910749e-04,3.082102764314161741e-04,2.997467404127378342e-04,2.973390247659990731e-04,2.924532035628056906e-04,2.926748188652203517e-04,2.960087436632173803e-04,2.912144798383845012e-04,2.901901103951324461e-04,2.929813141204357639e-04,2.897252695868604393e-04,2.837459180651524522e-04,2.790139737359207729e-04,2.758044023951786920e-04,2.789726218970099074e-04,2.770405672156296532e-04,2.808922898478836841e-04,2.810221247371074370e-04,2.808280362131946629e-04,2.772165280822075166e-04,2.781291674349558804e-04,2.746106688543552038e-04,2.782843869189751112e-04,2.715584744085584759e-04,2.703910391933827856e-04,2.737581067032645275e-04,2.691896594838294986e-04,2.752377999266812170e-04,2.711566607166713064e-04,2.770109558204677017e-04,2.739134765367790903e-04,2.702981702171255844e-04,2.689385921301586319e-04,2.687258839898011586e-04,2.754525356132451943e-04,2.678410600797934073e-04,2.714705420536429664e-04,2.730307432647800250e-04,2.724286330463378042e-04,2.647354359139142237e-04,2.678006611351133482e-04,2.663980048534939017e-04,2.653145515609207439e-04,2.677982165899792143e-04,2.649203395865875601e-04,2.685526288989915043e-04,2.660645954154245308e-04,2.635617851138388973e-04,2.626394316339206668e-04,2.547175133291816867e-04,2.599377247695601380e-04,2.625866904878041775e-04,2.624057262166731202e-04,2.612994922733197028e-04,2.601377928198520526e-04,2.593109061189284885e-04,2.609513171187223296e-04,2.621097024907236396e-04,2.561227434649025552e-04,2.581348956674515884e-04,2.519212616411044552e-04,2.573384831742515531e-04,2.574469235110562982e-04,2.473530317881522038e-04,2.504203955082205256e-04,2.502350224946885853e-04,2.556142622916324062e-04,2.528388790151157623e-04,2.453995923547289473e-04,2.427362575330532747e-04,2.459528207143283859e-04,2.424061737986425475e-04,2.485878522122815753e-04,2.420958275270142582e-04,2.419676002189352594e-04,2.395560170380296868e-04,2.368247520393190373e-04,2.335108901038929956e-04,2.279324997993161634e-04,2.357512451031323973e-04,2.334836665134235143e-04,2.327648742014759077e-04,2.242122775084158244e-04,2.250516919458914102e-04,2.270786846920343216e-04,2.238250203547468924e-04,2.222150802990150494e-04,2.191924100794517306e-04,2.162212495415391815e-04,2.210255163860922172e-04,2.163815546182412534e-04,2.146996225742442454e-04,2.191936112819964160e-04,2.099984414115898743e-04,2.078210056104518152e-04,2.123652579473660532e-04,2.074174820235491100e-04,2.077846437442491248e-04,2.019172672752339798e-04,2.094947510243665135e-04,1.960884986456290166e-04,1.948360706410798889e-04,2.055554993455955865e-04,1.999773417800476498e-04,1.910701742800888399e-04,1.934364554003091877e-04,1.950990001460606912e-04
2.934720054648777077e-04,2.988240472501778344e-04,3.034887253312973897e-04,3.061063119991822403e-04,3.040837689763108186e-04,2.950728160758531713e-04,3.096995484818801164e-04,3.040728441167644003e-04,3.075021398553174560e-04,3.091018074629844361e-04,2.965192233215802747e-04,3.140056134256272559e-04,3.186906318826457081e-04,3.194535095662036643e-04,3.176780757944960626e-04,3.137218546251730801e-04,3.135431089624172714e-04,3.164053346007488724e-04,3.192866909683735066e-04,3.217367589006891820e-04,3.205238775425210923e-04,3.220874377880410429e-04,3.183132536928771710e-04,3.151923201009349624e-04,3.189321799257203343e-04,3.208965860537458820e-04,3.210642723228903945e-04,3.132287362902765005e-04,3.170886815072804970e-04,3.138038877981088226e-04,3.085935230550062268e-04,3.121455754423283369e-04,3.102812071551127042e-04,3.064256472601984359e-04,3.093925060747892476e-04,3.008448778369974099e-04,2.986280119890747189e-04,2.947011645442775322e-04,2.944683084038967539e-04,2.975374071285949505e-04,2.927145730780438037e-04,2.918648921411866326e-04,2.943687009759444291e-04,2.916552592416413224e-04,2.856210882535452139e-04,2.804976533741351721e-04,2.780500888501740808e-04,2.808089975225141468e-04,2.788006435602961462e-04,2.826447561319027227e-04,2.830504054789461776e-04,2.826922656559011635e-04,2.790924925268683469e-04,2.797521728562671968e-04,2.763848035119980014e-04,2.801221594612834779e-04,2.736075355481182064e-04,2.723988895332358920e-04,2.754494484155542390e-04,2.712881778890713748e-04,2.773255434026768379e-04,2.732056561340624984e-04,2.793672431615999967e-04,2.760731626316502234e-04,2.721942659576481738e-04,2.706128074147310931e-04,2.708345862474255666e-04,2.776553913908608802e-04,2.700289871517748299e-04,2.732488672139276459e-04,2.751022064519478730e-04,2.745451106377394296e-04,2.670570301309694574e-04,2.698780288499714910e-04,2.689848073982291105e-04,2.675338895893517011e-04,2.699881644000860239e-04,2.675685961904476881e-04,2.710548111140733242e-04,2.680824606405038217e-04,2.657950627093055612e-04,2.644699118638841294e-04,2.573480338508024406e-04,2.624930534359235824e-04,2.649921515533144130e-04,2.647305439693045724e-04,2.637830144796118642e-04,2.624577143428168981e-04,2.613936882379051525e-04,2.627878880588462984e-04,2.643588251464020714e-04,2.587794412090540976e-04,2.604317702069138592e-04,2.547809776727196613e-04,2.596927374451308461e-04,2.595911232131572219e-04,2.497398182731210979e-04,2.528974150946018944e-04,2.525670181989376193e-04,2.585490704656881423e-04,2.553662970718161831e-04,2.476949634850829124e-04,2.452579222614999980e-04,2.485122832970637001e-04,2.451501741513209369e-04,2.509388362812636688e-04,2.444926863609988687e-04,2.436694253248212214e-04,2.420769061067331337e-04,2.390223772696422060e-04,2.357616675854034020e-04,2.307515664309977416e-04,2.381078489501067081e-04,2.361612801953036226e-04,2.351399042781548651e-04,2.263562483017027250e-04,2.275774693499473553e-04,2.292625488908033482e-04,2.262569934852663137e-04,2.250951202938960996e-04,2.215403239474914140e-04,2.183593219588930592e-04,2.241087180242878841e-04,2.189933720600679848e-04,2.173210518232305502e-04,2.218139832667268951e-04,2.125525652917371064e-04,2.100475876040779608e-04,2.146075860922029685e-04,2.106928464031891353e-04,2.107253912689421448e-04,2.061390941089202681e-04,2.115584258447581476e-04,1.986510891970094987e-04,1.968560042256595904e-04,2.086446044495974064e-04,2.031267302557309188e-04,1.939082096046302434e-04,1.963150471899571760e-04,1.978402075112202193e-04
2.936874661347967184e-04,2.995625956739129893e-04,3.043740651002148747e-04,3.068097951375920633e-04,3.045001828401933727e-04,2.946856544978018635e-04,3.102033778068885822e-04,3.040981038897578410e-04,3.080951010926930651e-04,3.092454446191741447e-04,2.969118044610685237e-04,3.138630306421505466e-04,3.193429318492381464e-04,3.198712689363551742e-04,3.177210788960316648e-04,3.138324070089795249e-04,3.133419350347381341e-04,3.169901252141216902e-04,3.193643716312083241e-04,3.223805590225290460e-04,3.209715600305356993e-04,3.226621663401673702e-04,3.185128242318273372e-04,3.158053877335775068e-04,3.196906629749723624e-04,3.210642723228903945e-04,3.228881630188915877e-04,3.137515419248473078e-04,3.181848157192720787e-04,3.148069233716604856e-04,3.099241840002590355e-04,3.134983912106914994e-04,3.114520684147356134e-04,3.077787041320159114e-04,3.111896284255600349e-04,3.024242199108379426e-04,3.001063511847640113e-04,2.957748381385483152e-04,2.959537706302897827e-04,2.994041130576116346e-04,2.942656314124436948e-04,2.938920660449897060e-04,2.964657516938825287e-04,2.937847254004375850e-04,2.875725791183357961e-04,2.824065270679996164e-04,2.794411314516495972e-04,2.829860965808371227e-04,2.813522433844220581e-04,2.852774559600208381e-04,2.856233137811655873e-04,2.855981116730240982e-04,2.817073335730993912e-04,2.829350470105925766e-04,2.788359337980245373e-04,2.832074260913346338e-04,2.766207258466375600e-04,2.752505084916639726e-04,2.786306623998233405e-04,2.742328912631453305e-04,2.804537297405320056e-04,2.763857611041214361e-04,2.823230101378166527e-04,2.792987071471393829e-04,2.756224882912019581e-04,2.743623114837336085e-04,2.745200061004522771e-04,2.811288001064981006e-04,2.732673747069342611e-04,2.768641151388657106e-04,2.785970710649194140e-04,2.781547060523620503e-04,2.706348757516959446e-04,2.733825460414110540e-04,2.723200573198136581e-04,2.709449973170630944e-04,2.732248279860056300e-04,2.708903832910769679e-04,2.742090789442480333e-04,2.719219667974439691e-04,2.693313873851610452e-04,2.678971841815878008e-04,2.601160489431391071e-04,2.656363211073115601e-04,2.684417670772185982e-04,2.682400971141760148e-04,2.677205191301591531e-04,2.660171793692905364e-04,2.650131391509520781e-04,2.669375419451123989e-04,2.684298944784841074e-04,2.626287631933993134e-04,2.642324456135806358e-04,2.581953454340273741e-04,2.636644733991967845e-04,2.639953757915921217e-04,2.535929543602802772e-04,2.568575867546294593e-04,2.565719739426364264e-04,2.626125300884099741e-04,2.590813310875876119e-04,2.519025686810809871e-04,2.495143029781836624e-04,2.527124982717698074e-04,2.493790381373062865e-04,2.551292435912879721e-04,2.489647345140305547e-04,2.481089455067526754e-04,2.465578759387382682e-04,2.436603518642669523e-04,2.395957071786289415e-04,2.345633657650160909e-04,2.425632767325667139e-04,2.405327045615455333e-04,2.397553833402823120e-04,2.306762032309684295e-04,2.320951367494893699e-04,2.340922044836233739e-04,2.309475901281008011e-04,2.296911060442128737e-04,2.261009448423358201e-04,2.231584804198130016e-04,2.284248567773383600e-04,2.231912875371632940e-04,2.210025740574794045e-04,2.262457754272553107e-04,2.170509133821147242e-04,2.156363060919587254e-04,2.195567673985841686e-04,2.152371591184323375e-04,2.155214724690047686e-04,2.089231412183584506e-04,2.170311263394749226e-04,2.034864843431649498e-04,2.017580283008893439e-04,2.132803306930684600e-04,2.076374649422528746e-04,1.980452376172125192e-04,2.014856763070501300e-04,2.033191637382262206e-04
2.884679824396234565e-04,2.919242025806380206e-04,2.971607870031990812e-04,2.995729016965173225e-04,2.975196449917799245e-04,2.916490801195377393e-04,3.033002361044412820e-04,3.009178402703245581e-04,3.014973179339099020e-04,3.034686691683145528e-04,2.935254818952021203e-04,3.080037273343596226e-04,3.116113486696222494e-04,3.129276039747881048e-04,3.119535244033566353e-04,3.083295605700123740e-04,3.076901429054291928e-04,3.098620513058119165e-04,3.142582027024718176e-04,3.148750139308186262e-04,3.140394895741980825e-04,3.151976059558898738e-04,3.127345236999174208e-04,3.101364199523606196e-04,3.118909935023585580e-04,3.132287362902765005e-04,3.137515419248473078e-04,3.096327088527310763e-04,3.109498750672078028e-04,3.081503099086596977e-04,3.032681956269209504e-04,3.056715937954322389e-04,3.051670985461412593e-04,3.011262525766167700e-04,3.031412977479610964e-04,2.950321700719413698e-04,2.937239232860945170e-04,2.922424860935249270e-04,2.902534400623697102e-04,2.921606726658819474e-04,2.890566386131966040e-04,2.864349703912847040e-04,2.892027723697881492e-04,2.864530259333444373e-04,2.817574830493527888e-04,2.754757246978467231e-04,2.754222791492806697e-04,2.763696978760735493e-04,2.738920356015902245e-04,2.782946917539800007e-04,2.785069652666338552e-04,2.779679515221949158e-04,2.747753318615774412e-04,2.749055708634540944e-04,2.735015953727068061e-04,2.757697171467440975e-04,2.697984933543007388e-04,2.690634178553979561e-04,2.706437235643063344e-04,2.672555671426373662e-04,2.728443449608007067e-04,2.691179009470208504e-04,2.753046668680152686e-04,2.720151862540967440e-04,2.683070854776045048e-04,2.661099504164193353e-04,2.660474373299420584e-04,2.734034074233568498e-04,2.656985648808219444e-04,2.692862695236618894e-04,2.711838698823860485e-04,2.704929024398301102e-04,2.628434702173152436e-04,2.659646394124191068e-04,2.643401115610720191e-04,2.640581155036604674e-04,2.665167428052006029e-04,2.644610642274818546e-04,2.671232408349943324e-04,2.640509498867140391e-04,2.622226250090901076e-04,2.613910180573094776e-04,2.555384842614116022e-04,2.607224771804009483e-04,2.618919976948549987e-04,2.608175502947298620e-04,2.598147444563720667e-04,2.584734637025760690e-04,2.571692126792405014e-04,2.587813829219833212e-04,2.605051759268237955e-04,2.553189840824421461e-04,2.569799225177493186e-04,2.527805473085941454e-04,2.555862981284130449e-04,2.552958153295075772e-04,2.481269743157928022e-04,2.493100682382100417e-04,2.489008145841209462e-04,2.556338666064077387e-04,2.515220335578925302e-04,2.445196913532563898e-04,2.412425417261783119e-04,2.446386653367246095e-04,2.412602391755548810e-04,2.461816269684676418e-04,2.406174313817224070e-04,2.394723577530489329e-04,2.378431065899716372e-04,2.353940630836597319e-04,2.337482275515209869e-04,2.293082332821211669e-04,2.345788365129870964e-04,2.325028932513367394e-04,2.317663558976773802e-04,2.228009890871026071e-04,2.245689600156046590e-04,2.256143497899906313e-04,2.221425180002435445e-04,2.218379034020545907e-04,2.184850032237950165e-04,2.165861875548121245e-04,2.209206004347225233e-04,2.165034570934748297e-04,2.170561966986797543e-04,2.178479201897003060e-04,2.083660266840684785e-04,2.062224004122213835e-04,2.099957256944798886e-04,2.074251659679622606e-04,2.073725378359061479e-04,2.066802064751913754e-04,2.089822219669127854e-04,1.956701004567784228e-04,1.946650662426473069e-04,2.063576850511024906e-04,1.990407545838989377e-04,1.908489005643427704e-04,1.939325783547077796e-04,1.941048425070700061e-04
2.903550211459124484e-04,2.953413939305094861e-04,2.994600262549700228e-04,3.024335452719680494e-04,3.002185554195383149e-04,2.908856454718104995e-04,3.053147753905134589e-04,2.998144532596085294e-04,3.027321246816511266e-04,3.040349914713146723e-04,2.916464721812613817e-04,3.097667829200832583e-04,3.143264038707662290e-04,3.156067043127046344e-04,3.140225579370784382e-04,3.092335724275385419e-04,3.090023523477972134e-04,3.123861610936298642e-04,3.150905689040082330e-04,3.177479547993122106e-04,3.163248265936896434e-04,3.182418110201003930e-04,3.151242654150936172e-04,3.119322934174673058e-04,3.157636321393014539e-04,3.170886815072804970e-04,3.181848157192720787e-04,3.109498750672078028e-04,3.161594418778354218e-04,3.123240954306325261e-04,3.069030806826062384e-04,3.108183129237986129e-04,3.094394647577403796e-04,3.059401469607881991e-04,3.087002160009696288e-04,3.007427560766133740e-04,2.988941017038317864e-04,2.949341041098211928e-04,2.948727926389007551e-04,2.984985773510121193e-04,2.942374091700072653e-04,2.930494885473465994e-04,2.959650757044401427e-04,2.931258140734109324e-04,2.876675959819314176e-04,2.821004082451865434e-04,2.793977893334089867e-04,2.833268561160667961e-04,2.817585710564918158e-04,2.854538937518064155e-04,2.862050857808663934e-04,2.864826001043320708e-04,2.829773288327496698e-04,2.837657567236014826e-04,2.799378692783484270e-04,2.844218009550245605e-04,2.784295520816394785e-04,2.770415907944785033e-04,2.799722944989729194e-04,2.760017424487941785e-04,2.825251027406718149e-04,2.784074065442089887e-04,2.845159368432803571e-04,2.814199994122473878e-04,2.783289819355180264e-04,2.760700269795215403e-04,2.767685097753318007e-04,2.834855051161500657e-04,2.756731119500050809e-04,2.798185364864236280e-04,2.817992870852944511e-04,2.805990456141108243e-04,2.736269559409054935e-04,2.757352856706054320e-04,2.750362297192545107e-04,2.744511360736782502e-04,2.768214610773681917e-04,2.736823995929979318e-04,2.773564200835151525e-04,2.749467142213624787e-04,2.723530810343819763e-04,2.713987145811449673e-04,2.641025542395408180e-04,2.693805888681008735e-04,2.725329418945827541e-04,2.712790744901947496e-04,2.711344329291957172e-04,2.692066338539512841e-04,2.684709666138053647e-04,2.701229694073042941e-04,2.712817823029742520e-04,2.659846756923791981e-04,2.672633437541010364e-04,2.618435456236339952e-04,2.671774085366269524e-04,2.668675517152518310e-04,2.582117773514017796e-04,2.604454791690850976e-04,2.605069921252335056e-04,2.663764696117753281e-04,2.630173913528039971e-04,2.561262299719066645e-04,2.531665968178251221e-04,2.567032406772975887e-04,2.536827347911265731e-04,2.590800921664628497e-04,2.527349347724656601e-04,2.524203681045163769e-04,2.512287463410226083e-04,2.476905849413273174e-04,2.441098413835594263e-04,2.393990451059029023e-04,2.473016313233357953e-04,2.461170604256790700e-04,2.445727350326683323e-04,2.362703798577929113e-04,2.368062663940658733e-04,2.394530876970210717e-04,2.359307901812468500e-04,2.356144884508879021e-04,2.320134260749996528e-04,2.288993353828557020e-04,2.352107922054417013e-04,2.299241113213792011e-04,2.279664916812885577e-04,2.340273256156339169e-04,2.246744933748302862e-04,2.226886014353538781e-04,2.272780272941597182e-04,2.240919899383615288e-04,2.235305554676907743e-04,2.196290611259540373e-04,2.263114177298396331e-04,2.129001947243850247e-04,2.126886145941686015e-04,2.236334620246069327e-04,2.186147561358416070e-04,2.102362842827958014e-04,2.136760407364661127e-04,2.162309094336103770e-04
2.871907233206483787e-04,2.918269642430033352e-04,2.959469781979373669e-04,2.992329929721459928e-04,2.967832714274400477e-04,2.871354007467999967e-04,3.018558764202543114e-04,2.971815831309444506e-04,2.994747148787653824e-04,3.009002375682154210e-04,2.894545924547135135e-04,3.064685751203123838e-04,3.108337738406166911e-04,3.116121149023931124e-04,3.104122515516433752e-04,3.075002788962770514e-04,3.070781655751168935e-04,3.093679668652606052e-04,3.117794391040667307e-04,3.146569649045849611e-04,3.128071571302621593e-04,3.152022833496761285e-04,3.117748491859484612e-04,3.087259416928574639e-04,3.126732211933052285e-04,3.138038877981088226e-04,3.148069233716604856e-04,3.081503099086596977e-04,3.123240954306325261e-04,3.106271400327176866e-04,3.041857995783087847e-04,3.079480253836852795e-04,3.069575451507736532e-04,3.036643971018266664e-04,3.064681192950240076e-04,2.984413990822832631e-04,2.969167059567828738e-04,2.929224694075902567e-04,2.929886043021984990e-04,2.965285879624906021e-04,2.924374197443770518e-04,2.911219251629169045e-04,2.938425274435524804e-04,2.905904206162934983e-04,2.854261694436704402e-04,2.799781172471488473e-04,2.771406712609477524e-04,2.813926042661365231e-04,2.801634561168928387e-04,2.840129763801274012e-04,2.846665206587072712e-04,2.851121137338807291e-04,2.816165622456847381e-04,2.824501547538647329e-04,2.793065097373069417e-04,2.835750245176649653e-04,2.774377155677874309e-04,2.763145349485641219e-04,2.793809282566506072e-04,2.755031383851871745e-04,2.814530628665735230e-04,2.778363321869085152e-04,2.834501181549248412e-04,2.805914708490211333e-04,2.774767364744308898e-04,2.756768401156928683e-04,2.761303202534338259e-04,2.825719636706988105e-04,2.750353639685608280e-04,2.791398658340787757e-04,2.812442791699904486e-04,2.802548226526534268e-04,2.730687828698751636e-04,2.755524893573287819e-04,2.743444396181360986e-04,2.741047029048671816e-04,2.760857061794192726e-04,2.729194372433750180e-04,2.766202377768792859e-04,2.743413698210517607e-04,2.719895873593050064e-04,2.714322353201379409e-04,2.641716185090656351e-04,2.693036011182062977e-04,2.720526216706048092e-04,2.705350990625121242e-04,2.703184355533549076e-04,2.690359924912665143e-04,2.682699495539392917e-04,2.698019187395723898e-04,2.710222017059304360e-04,2.654989470382075373e-04,2.668969612724687705e-04,2.611306780365505592e-04,2.668704871960985662e-04,2.664231064682555513e-04,2.585406010780043470e-04,2.600750770574004108e-04,2.598776872875618155e-04,2.659190750148027324e-04,2.624455271322511372e-04,2.562270602671374025e-04,2.525458801892644799e-04,2.563026872330843235e-04,2.525823545866063896e-04,2.582417345732112147e-04,2.520940174156522154e-04,2.522048031094402377e-04,2.503265337915014941e-04,2.474578970841948239e-04,2.443637070258809752e-04,2.390811368882378430e-04,2.464789324092620036e-04,2.453795337977068250e-04,2.440491077836505832e-04,2.360082177022882518e-04,2.366280041543506222e-04,2.390208528107825756e-04,2.356865133107839672e-04,2.347306989219032601e-04,2.316334339400101690e-04,2.285679305744212271e-04,2.341081994145247037e-04,2.294538345639681311e-04,2.280419199398699755e-04,2.328500820007310158e-04,2.233644063779940383e-04,2.215526451364156389e-04,2.259209075888629289e-04,2.221800033612617259e-04,2.223544809202082715e-04,2.184499347506546553e-04,2.250596260806182584e-04,2.115356059444123762e-04,2.109302518423955043e-04,2.224402045040260365e-04,2.170136328284100126e-04,2.089610114978678642e-04,2.112667407839081122e-04,2.143389603279832658e-04
2.819312800953648925e-04,2.870763784004771719e-04,2.913907238065288055e-04,2.939988198154784289e-04,2.915339592399454117e-04,2.833272575123737223e-04,2.969105337086151730e-04,2.923892487386339062e-04,2.950428237124350919e-04,2.954446896514013204e-04,2.845020325588921680e-04,3.013616630849491889e-04,3.055154199809170866e-04,3.066476034458990511e-04,3.048414440825610657e-04,3.008157242607297443e-04,3.007955331819889256e-04,3.038890971520024297e-04,3.069391682849013643e-04,3.091842085025249781e-04,3.079674287490763635e-04,3.095441052515578791e-04,3.064256535542700366e-04,3.039778962208293002e-04,3.073709584388270078e-04,3.085935230550062268e-04,3.099241840002590355e-04,3.032681956269209504e-04,3.069030806826062384e-04,3.041857995783087847e-04,3.004608668658060862e-04,3.027682720887682087e-04,3.013703567862698767e-04,2.983454777218939890e-04,3.013641065968068310e-04,2.936419059507681018e-04,2.920004542628442420e-04,2.887058210042355109e-04,2.884458345984596992e-04,2.915955558100376591e-04,2.874236721075061271e-04,2.867339190229539368e-04,2.891559432545657421e-04,2.869014164463951056e-04,2.813388597224210841e-04,2.765427349018633862e-04,2.747475146092044152e-04,2.777585179887896846e-04,2.762904035245015186e-04,2.800975104655628167e-04,2.805537827645018258e-04,2.807959451740196961e-04,2.773681918022004290e-04,2.785266680637829735e-04,2.749658326792337316e-04,2.790140038698243918e-04,2.734089289841314780e-04,2.722567069381280082e-04,2.751142024913272224e-04,2.713913330987666726e-04,2.771737791945767240e-04,2.731757123411179627e-04,2.789464214849898360e-04,2.763035631069212677e-04,2.735617813254806246e-04,2.718250285696171653e-04,2.721064905890063627e-04,2.782128058904129544e-04,2.707606119751583638e-04,2.748552180811208263e-04,2.759357523291292719e-04,2.756673773250971674e-04,2.684707626484559261e-04,2.714118400043239593e-04,2.700811825398299090e-04,2.694089751316701875e-04,2.716790167994026744e-04,2.694611456116157832e-04,2.721369804237305616e-04,2.699460531809487604e-04,2.677309796705185227e-04,2.672825616437305807e-04,2.598778701428098485e-04,2.652596157957134689e-04,2.674309302518611980e-04,2.668417796265266147e-04,2.666427252560156567e-04,2.648524525141131942e-04,2.642208573044645755e-04,2.656945964907260287e-04,2.674643334198000422e-04,2.622331075729394424e-04,2.640648718953247627e-04,2.583345365228449067e-04,2.628398880789881782e-04,2.632567496768144569e-04,2.544152112274446838e-04,2.570919460711681113e-04,2.565690843763550268e-04,2.626588472754772950e-04,2.587892125022353096e-04,2.523340609188576863e-04,2.498865558743530572e-04,2.530749391444167985e-04,2.494529691161075633e-04,2.552457183187528678e-04,2.491772373806398874e-04,2.485029953878031069e-04,2.473147397015158029e-04,2.448179665459435800e-04,2.410774947557882278e-04,2.363573699350854948e-04,2.434358960575280523e-04,2.417293681001618315e-04,2.411668501121797491e-04,2.327314957985867749e-04,2.342683789884635916e-04,2.358776496705394029e-04,2.329382545986779672e-04,2.317543812475315955e-04,2.278274190638488611e-04,2.259186538795178065e-04,2.307286969024853766e-04,2.255024792941324422e-04,2.242936603915740828e-04,2.286158734108504720e-04,2.191112856201727732e-04,2.182740228542307329e-04,2.222274703580953800e-04,2.190733661482215729e-04,2.185883602638613880e-04,2.139262397354579643e-04,2.209375543454635102e-04,2.073996405801058977e-04,2.062971185134944083e-04,2.172622780582836679e-04,2.113734295820759361e-04,2.033658028753676180e-04,2.067575592959419023e-04,2.095714048416344759e-04
2.851111868554458313e-04,2.904868861974239393e-04,2.946589391110139393e-04,2.972242579272380112e-04,2.942844496311596328e-04,2.842313977168712874e-04,2.999803827219920489e-04,2.931902889750578889e-04,2.974188127102086240e-04,2.973555641502505643e-04,2.847503021492770706e-04,3.037492670289858050e-04,3.089785528500724253e-04,3.097120193011676710e-04,3.077436593842409183e-04,3.031365346412514834e-04,3.036978317778745123e-04,3.069180774557026502e-04,3.091777088705831614e-04,3.124149290307332103e-04,3.105193472688870808e-04,3.128803122303118358e-04,3.092972330137794853e-04,3.062110971555682308e-04,3.111165533473381727e-04,3.121455754423283369e-04,3.134983912106914994e-04,3.056715937954322389e-04,3.108183129237986129e-04,3.079480253836852795e-04,3.027682720887682087e-04,3.079200205967954208e-04,3.057102791405293205e-04,3.024360436647011434e-04,3.060642759173037505e-04,2.983896444008805079e-04,2.962714146257553567e-04,2.914606552589622205e-04,2.920596307661358325e-04,2.965860027315964120e-04,2.918299114593438321e-04,2.918815129578962854e-04,2.943823957444773238e-04,2.918898857309310197e-04,2.858077048197408296e-04,2.815103910379641687e-04,2.773461046752168286e-04,2.822837337627775696e-04,2.815259599955775784e-04,2.852133700027311802e-04,2.863120003034241618e-04,2.867831351836103810e-04,2.832631678002531998e-04,2.845830510940252603e-04,2.800366883095720453e-04,2.851345988935698119e-04,2.790568098669104786e-04,2.778145395239596136e-04,2.814887294019095170e-04,2.773932383621688889e-04,2.838905042046073945e-04,2.798997033702470402e-04,2.854913871779043966e-04,2.827989716306176637e-04,2.798100083011133428e-04,2.783718597304255448e-04,2.788786321750661291e-04,2.850799639865380947e-04,2.772202530201771354e-04,2.818989585664361235e-04,2.832951065878870395e-04,2.827496274285999601e-04,2.757092917672637365e-04,2.780255602534811355e-04,2.770749882029950031e-04,2.763343717956286681e-04,2.786119610885813926e-04,2.754201037104823837e-04,2.789207243842179666e-04,2.772173606705746903e-04,2.742091866897108129e-04,2.735466502278837428e-04,2.653973056345190567e-04,2.705562493202082262e-04,2.740758539071232679e-04,2.736581827078937105e-04,2.734412323877146757e-04,2.714585119105286984e-04,2.712090104345631103e-04,2.726724498691581551e-04,2.738445965444199571e-04,2.685844140907613434e-04,2.696356904671450504e-04,2.634303918712058309e-04,2.698221259608627452e-04,2.700012182203335325e-04,2.598038670269541038e-04,2.630259546275569727e-04,2.631403851920497837e-04,2.682976900227663792e-04,2.657618301748399425e-04,2.588169485202727253e-04,2.555440122691954980e-04,2.596448982009178950e-04,2.559981331824982983e-04,2.618713942645786675e-04,2.555856066830826910e-04,2.554194823910867673e-04,2.541437125959522666e-04,2.509343736204305668e-04,2.456889804781197382e-04,2.409429163207965413e-04,2.501048944382899971e-04,2.486440996210001562e-04,2.473819566692867802e-04,2.392912189088297940e-04,2.399717757777720831e-04,2.424733408530604245e-04,2.395675828728624892e-04,2.381755389776858895e-04,2.341881915829051948e-04,2.308001347087378433e-04,2.371725008189379551e-04,2.317416013437250484e-04,2.295380079324054075e-04,2.362312523786181079e-04,2.270834975906018815e-04,2.253007395651519047e-04,2.298956952787356881e-04,2.262157305528049521e-04,2.258238470983396304e-04,2.190312037349365928e-04,2.285379848639404660e-04,2.156386888989636290e-04,2.136903623076189874e-04,2.246032905875018193e-04,2.196606047933540636e-04,2.121603751184743161e-04,2.145916294523277502e-04,2.180648584591266112e-04
2.836862541855874622e-04,2.880650353913686017e-04,2.924301920662295017e-04,2.955179127037245250e-04,2.923786228207227687e-04,2.837539115032269334e-04,2.979681480145964737e-04,2.920786391329547628e-04,2.951139462025566327e-04,2.968888291509201582e-04,2.849544341286437015e-04,3.018487238213023887e-04,3.066497996126598693e-04,3.076669195729753344e-04,3.062869928641520742e-04,3.019189807824357134e-04,3.018177621738686285e-04,3.045865480247576004e-04,3.077508396289438180e-04,3.102829985510794373e-04,3.087241864412965044e-04,3.108755395937830204e-04,3.077218381295084536e-04,3.048761613995690429e-04,3.088739556140755911e-04,3.102812071551127042e-04,3.114520684147356134e-04,3.051670985461412593e-04,3.094394647577403796e-04,3.069575451507736532e-04,3.013703567862698767e-04,3.057102791405293205e-04,3.057356886370953312e-04,3.016798754488403834e-04,3.048024495020254586e-04,2.971938918283196476e-04,2.956474243159203010e-04,2.918797692698368385e-04,2.918384966921740912e-04,2.958758911273411032e-04,2.920402752448174192e-04,2.911615142454938030e-04,2.940719545792664052e-04,2.915662437816890560e-04,2.858344969374989101e-04,2.810604400673777977e-04,2.776223508670083999e-04,2.822563468148875073e-04,2.814628074339947834e-04,2.852233385341989679e-04,2.866685958501119947e-04,2.869320877296125793e-04,2.832936598052167017e-04,2.841367027705161974e-04,2.805458326274832279e-04,2.854749395963859641e-04,2.796785589809100631e-04,2.785107149564202810e-04,2.815268305734906144e-04,2.779720423673888137e-04,2.842773109311989084e-04,2.806557966444212632e-04,2.864074324049660785e-04,2.836540856611304701e-04,2.804230141785585772e-04,2.786871112549601159e-04,2.793703394886113528e-04,2.856522966587354546e-04,2.781933081512696221e-04,2.825182870197403260e-04,2.844299770872333851e-04,2.837736517458775581e-04,2.767832869000460476e-04,2.791892071803316468e-04,2.779194733851541622e-04,2.778694287956753233e-04,2.800329186293349726e-04,2.772115184111666143e-04,2.800798251147957425e-04,2.784612109304064175e-04,2.755970393795156370e-04,2.747540729158969453e-04,2.678058128426897243e-04,2.727199845679804642e-04,2.759054207106576180e-04,2.751550731765150496e-04,2.747894261186251412e-04,2.728446222100119260e-04,2.725686406831507886e-04,2.738526514946278785e-04,2.753455045859989339e-04,2.704959401843924074e-04,2.707791307576479993e-04,2.658841211279077028e-04,2.714771571420221625e-04,2.710529733472122164e-04,2.631053585302372600e-04,2.651144609522293992e-04,2.651390086837905136e-04,2.706564793130783009e-04,2.678200844692091276e-04,2.611773994770500958e-04,2.571303382718769263e-04,2.615835708317249529e-04,2.581158560155431760e-04,2.635859928917608252e-04,2.576598721851342628e-04,2.573547393446923509e-04,2.563152385988714155e-04,2.528954174231835264e-04,2.489673086758145129e-04,2.442034455022190653e-04,2.525746107214609090e-04,2.516362272801024678e-04,2.500953838673587813e-04,2.423709403577014817e-04,2.431576273217294509e-04,2.456065271803447268e-04,2.423288988016343711e-04,2.413574681418751322e-04,2.374818183996746607e-04,2.347364038812547310e-04,2.407516207047341247e-04,2.352273923599951504e-04,2.340913778661312533e-04,2.398194994063405569e-04,2.302799791652774056e-04,2.282173889674691148e-04,2.327396955687934628e-04,2.299352072674104965e-04,2.300334367571019861e-04,2.252220571007235292e-04,2.327049567233353746e-04,2.205162754341509653e-04,2.188654968396737041e-04,2.304209071424223837e-04,2.249342240555694383e-04,2.179033024852278417e-04,2.207833133746701839e-04,2.236279381912566764e-04
2.794955937114219240e-04,2.840799498561995696e-04,2.880481351514381679e-04,2.909015487911728094e-04,2.883786061116358664e-04,2.789894999286737570e-04,2.933234598724171753e-04,2.876328397646745329e-04,2.909871888547183602e-04,2.921801382384683183e-04,2.801363143934684557e-04,2.975428433150496604e-04,3.018878005641235972e-04,3.027447086744512890e-04,3.014486745150824105e-04,2.976912378607257377e-04,2.977101910187187673e-04,3.001213996293459812e-04,3.029227684661109604e-04,3.058984980515648652e-04,3.043274075393763932e-04,3.065605483458331963e-04,3.037465802270235206e-04,3.005049516272519832e-04,3.049342451571910749e-04,3.064256472601984359e-04,3.077787041320159114e-04,3.011262525766167700e-04,3.059401469607881991e-04,3.036643971018266664e-04,2.983454777218939890e-04,3.024360436647011434e-04,3.016798754488403834e-04,2.996214130994750069e-04,3.021210873752577211e-04,2.947452318672457382e-04,2.935470092276467094e-04,2.900485011499566554e-04,2.901550740294447407e-04,2.942075991355601176e-04,2.902535402268724874e-04,2.898358396921506155e-04,2.926268715506352507e-04,2.899496679155648274e-04,2.848071102030482783e-04,2.798572320657042190e-04,2.770305477321096635e-04,2.818204030668593576e-04,2.810163767057217727e-04,2.850601916219634799e-04,2.861898176843232530e-04,2.866961570836196248e-04,2.834417807189601284e-04,2.845049005467582977e-04,2.810814893544730415e-04,2.858395650364355806e-04,2.801152477090794826e-04,2.790895741063731156e-04,2.823306506277871767e-04,2.788105771360355721e-04,2.848748648335302125e-04,2.810896194544796191e-04,2.868566804186513191e-04,2.842325603202077518e-04,2.817066558176274747e-04,2.797664682419209628e-04,2.805358959126148170e-04,2.865789131279996519e-04,2.792632542316630375e-04,2.835786536878214708e-04,2.852566024487324017e-04,2.844806412846545974e-04,2.778377401593205690e-04,2.800863583072901166e-04,2.791735937290058117e-04,2.788880351262304600e-04,2.810628501533836182e-04,2.780607576777018876e-04,2.814423711206072475e-04,2.796332282440986403e-04,2.769342238992388862e-04,2.764160256783711363e-04,2.691554090160301724e-04,2.741973097939396373e-04,2.775173941226218737e-04,2.764493725938851161e-04,2.764142042206408321e-04,2.744302891262879475e-04,2.742874101910147385e-04,2.755392390853669479e-04,2.767973913696071997e-04,2.717280076497720354e-04,2.728098543317300853e-04,2.673350590144696359e-04,2.732009798964947565e-04,2.730968034927922818e-04,2.646594106597553752e-04,2.666217616751793431e-04,2.665957124800923984e-04,2.725720255565496119e-04,2.692568368233231452e-04,2.628497622022227275e-04,2.594273099938634321e-04,2.635700052973669006e-04,2.601438595633107803e-04,2.653105333307645267e-04,2.594205466025522352e-04,2.592892706238549808e-04,2.582498323365990580e-04,2.554069533016419045e-04,2.511486599965362387e-04,2.465251797996967668e-04,2.546086726141343916e-04,2.536311772653541269e-04,2.522541911695677392e-04,2.443720656183578856e-04,2.453588788665291855e-04,2.477035329727837417e-04,2.447701399575543378e-04,2.439732703971036912e-04,2.399560140822742374e-04,2.373345823586658085e-04,2.428582461719514874e-04,2.378009250831240699e-04,2.363445935686007775e-04,2.419578020610792018e-04,2.328823439698693627e-04,2.312897620514333503e-04,2.355667345175240749e-04,2.326344141963765876e-04,2.323383711077095146e-04,2.282795055813298271e-04,2.351026508504594373e-04,2.228374784900146810e-04,2.212559650134873410e-04,2.325799054424259346e-04,2.273533718944390077e-04,2.212009823937728398e-04,2.228973829881511525e-04,2.268306194602427261e-04
2.808700423694317065e-04,2.867454000438082263e-04,2.911694393473278635e-04,2.938055987233989942e-04,2.906966580833409233e-04,2.800076739035573382e-04,2.963190990653114757e-04,2.890413765453796473e-04,2.938339262649142876e-04,2.947898532943165522e-04,2.812933937472872218e-04,2.994492381970550966e-04,3.046772320761390648e-04,3.052940337078009899e-04,3.030934032031515238e-04,2.996955323181330912e-04,2.996959976626981104e-04,3.023978044854642869e-04,3.048637211542057942e-04,3.087119127658520296e-04,3.068385433215162282e-04,3.092991884051981481e-04,3.055210309387514566e-04,3.024707784015018882e-04,3.082102764314161741e-04,3.093925060747892476e-04,3.111896284255600349e-04,3.031412977479610964e-04,3.087002160009696288e-04,3.064681192950240076e-04,3.013641065968068310e-04,3.060642759173037505e-04,3.048024495020254586e-04,3.021210873752577211e-04,3.072042846817875242e-04,2.985993123912393738e-04,2.969321457920219781e-04,2.921944922532739648e-04,2.934429906025210052e-04,2.983477390882976381e-04,2.932627443216198268e-04,2.944107250249792303e-04,2.970201476319410676e-04,2.945349155627094645e-04,2.887667419456555005e-04,2.845314489938122670e-04,2.805815150041982660e-04,2.859577735327243513e-04,2.857500873148704286e-04,2.895288195361922154e-04,2.911534014561244698e-04,2.919384509110008077e-04,2.885084641736537607e-04,2.901276000224974495e-04,2.853667644587116158e-04,2.913039594961280843e-04,2.849070214272225602e-04,2.839782075067744018e-04,2.880241132990045698e-04,2.839665636179102893e-04,2.902460805897562487e-04,2.861401086510953853e-04,2.918805064991961042e-04,2.893082400256197706e-04,2.867573006621327832e-04,2.858052993399348165e-04,2.865038202760165627e-04,2.920112981200348500e-04,2.846743435332011862e-04,2.893573646560316766e-04,2.900748303313135002e-04,2.901274079012999179e-04,2.829697555941096268e-04,2.857728706893590998e-04,2.845966991168057039e-04,2.842728332886317456e-04,2.860924336959431969e-04,2.834476021774031415e-04,2.862261780603373557e-04,2.852691810498426484e-04,2.820443018853539667e-04,2.813131446401143879e-04,2.727838357927279619e-04,2.782328256649692854e-04,2.821346588806523145e-04,2.820627297229838320e-04,2.816158423091237421e-04,2.794772410371602640e-04,2.798599487451318597e-04,2.809608124805780625e-04,2.821976351504967406e-04,2.769499241820172855e-04,2.779098974703738539e-04,2.716428123623474203e-04,2.785492670783734745e-04,2.785563373751102239e-04,2.683319478291474334e-04,2.718296188381670326e-04,2.712075428834993113e-04,2.772191116986403984e-04,2.744292391137239631e-04,2.676150229186711571e-04,2.643273714173184153e-04,2.684570014440960852e-04,2.645069513193936675e-04,2.707665904370455852e-04,2.645809820547684972e-04,2.642898081086952661e-04,2.630065331304456966e-04,2.604813446312030938e-04,2.542314026764847120e-04,2.493727985334226373e-04,2.588674611943682044e-04,2.576785630838181879e-04,2.565719080054195854e-04,2.483789363689664674e-04,2.493392539922575164e-04,2.520996318272719660e-04,2.493485300418375001e-04,2.474567095522384273e-04,2.431914293834200650e-04,2.402032363747669318e-04,2.459165157498844722e-04,2.403860155026864948e-04,2.379120906911317234e-04,2.450001560817415989e-04,2.357235062137540669e-04,2.345470590131416388e-04,2.382139459526995038e-04,2.346561262579834495e-04,2.350497177940927512e-04,2.269223527903342793e-04,2.367728201154341706e-04,2.249729597848342780e-04,2.220603817480447948e-04,2.331688095095431259e-04,2.284238814519421216e-04,2.212483197613579152e-04,2.230340987727915064e-04,2.264599610705895745e-04
2.734843086825858934e-04,2.788073063208814772e-04,2.824190088759195925e-04,2.854157148963045528e-04,2.821733912451609809e-04,2.721431315437258629e-04,2.871254579192722162e-04,2.802888109977195118e-04,2.848841884591517184e-04,2.839332168735348035e-04,2.722541586996067185e-04,2.909826899244540065e-04,2.956379105570086608e-04,2.968207867619303384e-04,2.946084456969546260e-04,2.905608466087890242e-04,2.913429793930246239e-04,2.939739768237043882e-04,2.962208173876644773e-04,2.996422692729639272e-04,2.977180207879759799e-04,3.002480726766394757e-04,2.971868547154585217e-04,2.941291232634716570e-04,2.997467404127378342e-04,3.008448778369974099e-04,3.024242199108379426e-04,2.950321700719413698e-04,3.007427560766133740e-04,2.984413990822832631e-04,2.936419059507681018e-04,2.983896444008805079e-04,2.971938918283196476e-04,2.947452318672457382e-04,2.985993123912393738e-04,2.922489854849426717e-04,2.902155596158228915e-04,2.855855610897058768e-04,2.866845348450394542e-04,2.916869350777102346e-04,2.871648287476134126e-04,2.879082841881168550e-04,2.903285045064516053e-04,2.883253420526213904e-04,2.823419755035777904e-04,2.786633968440364309e-04,2.745014749298513800e-04,2.802515431132928617e-04,2.802505667222229780e-04,2.840944665128780590e-04,2.858687039037426884e-04,2.867593216817281672e-04,2.834095276602694650e-04,2.848322712001825907e-04,2.802669355379420807e-04,2.860719444079610606e-04,2.804674452300440321e-04,2.792817257829573185e-04,2.832903679464277816e-04,2.795941921738325452e-04,2.858319116484523748e-04,2.818992388870231246e-04,2.874794209080166552e-04,2.852336539384515914e-04,2.828620238479555011e-04,2.816043916529321141e-04,2.823825098874140505e-04,2.876187743685357755e-04,2.806197417790122018e-04,2.855801841312745858e-04,2.862299458782375378e-04,2.859680811278261878e-04,2.792607459195874694e-04,2.819998464063313160e-04,2.809782421566135876e-04,2.803215835558163960e-04,2.828003576488527428e-04,2.795791042757112899e-04,2.824307804657504766e-04,2.815058973985784443e-04,2.783192256568233760e-04,2.780945727609764485e-04,2.700544815850805026e-04,2.752040558177111605e-04,2.787877827970857911e-04,2.784232289427216334e-04,2.785521993986772560e-04,2.764580047787524686e-04,2.765881139931659558e-04,2.775683470027002380e-04,2.790260145065867766e-04,2.743340933834739607e-04,2.749112006016662165e-04,2.687892240396538173e-04,2.756696388106035151e-04,2.757523674594702804e-04,2.661645995815733502e-04,2.693847397363826712e-04,2.693103794183544092e-04,2.743359241768720288e-04,2.718346063380573316e-04,2.653587229946120308e-04,2.618648633909150219e-04,2.662748584059303680e-04,2.623746405847095231e-04,2.684801354193505694e-04,2.623548072446750925e-04,2.622315356346579152e-04,2.615703319122325934e-04,2.585964446960956368e-04,2.524809414294997543e-04,2.478082186226998824e-04,2.575500471543677034e-04,2.564047106843402686e-04,2.552640471968408917e-04,2.473815633739267421e-04,2.484033995804035009e-04,2.509688537482907726e-04,2.483243278295934036e-04,2.467063937879753919e-04,2.421950943639879857e-04,2.393322366245037418e-04,2.453822297027916078e-04,2.397502378276307987e-04,2.372584998494619082e-04,2.450644416263380622e-04,2.356307438449575450e-04,2.342837465239103764e-04,2.390458935218887069e-04,2.355270251871218888e-04,2.351406162240789546e-04,2.279333317381468686e-04,2.375831809864450202e-04,2.260217233908107097e-04,2.235443427662947851e-04,2.339253997085118748e-04,2.292185816128208928e-04,2.234441201887294901e-04,2.255786418769036939e-04,2.302207416455182476e-04
2.715547104841945576e-04,2.763060071945271264e-04,2.799915563100342222e-04,2.828597878470501823e-04,2.800816569677970621e-04,2.708918092098861028e-04,2.847293863321662946e-04,2.795166922160484770e-04,2.829470083640721573e-04,2.821677781388295188e-04,2.715354230680535122e-04,2.890364638026988314e-04,2.929629789175286535e-04,2.941486928762817839e-04,2.924838829811305524e-04,2.883924521383403848e-04,2.891168964802773972e-04,2.912641668034573398e-04,2.946121583548110120e-04,2.970668587194865416e-04,2.954757194594795811e-04,2.979647487100490458e-04,2.954918495933049356e-04,2.924770297406241600e-04,2.973390247659990731e-04,2.986280119890747189e-04,3.001063511847640113e-04,2.937239232860945170e-04,2.988941017038317864e-04,2.969167059567828738e-04,2.920004542628442420e-04,2.962714146257553567e-04,2.956474243159203010e-04,2.935470092276467094e-04,2.969321457920219781e-04,2.902155596158228915e-04,2.898747243049163065e-04,2.859938631595886831e-04,2.864509823823563946e-04,2.906150078803919584e-04,2.868129632260017314e-04,2.869026892152209854e-04,2.893861967251864175e-04,2.872457048199119527e-04,2.823969076733362569e-04,2.779115748333818386e-04,2.753157309431358683e-04,2.800954758554901106e-04,2.798044202026593770e-04,2.838115665749113060e-04,2.853560739640593883e-04,2.860372391798496447e-04,2.831338268901686158e-04,2.844494164862807254e-04,2.808968580860297915e-04,2.861463531579749582e-04,2.806048831181817715e-04,2.799043311784532410e-04,2.828732109172686767e-04,2.795840987409922555e-04,2.856409100654421504e-04,2.816841993429275632e-04,2.873843959565633389e-04,2.852712842632758685e-04,2.832338865008816311e-04,2.813003153309934202e-04,2.820401007611908983e-04,2.876413865728907697e-04,2.808298764459790154e-04,2.856052895782800025e-04,2.863744667499556812e-04,2.859210082541433157e-04,2.793384212542096437e-04,2.823227427867646029e-04,2.808725585860670938e-04,2.805877540983225255e-04,2.830515895434552163e-04,2.802269829103262201e-04,2.830028629475707402e-04,2.814932596711519413e-04,2.788406214456618372e-04,2.786625969527214627e-04,2.715117623162678867e-04,2.765270585136254131e-04,2.794461099277080842e-04,2.788436412748347476e-04,2.788705281098015679e-04,2.769395564862746221e-04,2.771404803211545333e-04,2.777091075377522561e-04,2.793717181111297432e-04,2.746705392301038986e-04,2.757362302055029390e-04,2.698537348022547072e-04,2.758917942834726036e-04,2.759038003393727147e-04,2.677516226553819443e-04,2.697399433792838303e-04,2.695613578454426527e-04,2.753720418485632081e-04,2.721129840037317133e-04,2.659447421406865245e-04,2.621700339995725179e-04,2.667107169905690478e-04,2.626554922565539716e-04,2.684437928374559974e-04,2.626864171163459513e-04,2.622213866669531037e-04,2.616176726247366829e-04,2.591100590832533766e-04,2.540328215996941587e-04,2.496236282362530368e-04,2.579685737098821397e-04,2.567515202746741411e-04,2.561538739717726231e-04,2.477938014589579603e-04,2.496404535387184375e-04,2.516913074016285793e-04,2.489311038548766629e-04,2.475162298431334376e-04,2.430719623694339306e-04,2.411063959035962751e-04,2.460671339045902026e-04,2.409021010710582120e-04,2.392743748187070910e-04,2.453353677149545226e-04,2.361528784901939992e-04,2.346889983223985851e-04,2.392194216458866233e-04,2.362626183151546875e-04,2.363260629840577482e-04,2.318543888760394222e-04,2.380300781487086105e-04,2.267886263328882344e-04,2.252681102685477773e-04,2.354921930218825633e-04,2.307863882626391033e-04,2.252379412042019636e-04,2.264915508535119716e-04,2.312431673141809917e-04
2.698569393139399562e-04,2.722267558104481144e-04,2.766404242690491269e-04,2.792477920204431991e-04,2.769283925500235898e-04,2.721821319967358517e-04,2.817773462332857307e-04,2.803187571098279514e-04,2.810760374665279850e-04,2.806894858429776472e-04,2.725192645966582070e-04,2.866643758394396536e-04,2.887950337390726274e-04,2.908405978081762800e-04,2.899084207914028239e-04,2.863958098143467635e-04,2.861968628258736917e-04,2.873901070078100544e-04,2.933151621478302575e-04,2.932182962610160285e-04,2.925309988373055018e-04,2.944394222525157398e-04,2.933960940786885458e-04,2.901883751179784349e-04,2.924532035628056906e-04,2.947011645442775322e-04,2.957748381385483152e-04,2.922424860935249270e-04,2.949341041098211928e-04,2.929224694075902567e-04,2.887058210042355109e-04,2.914606552589622205e-04,2.918797692698368385e-04,2.900485011499566554e-04,2.921944922532739648e-04,2.855855610897058768e-04,2.859938631595886831e-04,2.873783236673855082e-04,2.842543547645521597e-04,2.864611657217692141e-04,2.845679388485602024e-04,2.827811892146319880e-04,2.852198697032688962e-04,2.831808157203428446e-04,2.801317615850787250e-04,2.738552533742432305e-04,2.751823346418551968e-04,2.768600079620122095e-04,2.752500524326851423e-04,2.801891747235754756e-04,2.811882373723665327e-04,2.812252567316546174e-04,2.793005296137758076e-04,2.795042654157483793e-04,2.788661873228663211e-04,2.816795591683651052e-04,2.767792164400969656e-04,2.765812888958829921e-04,2.773420554143848069e-04,2.750797847522051809e-04,2.809118134706183479e-04,2.766667337398937779e-04,2.833921077891408805e-04,2.806015001952313773e-04,2.781870922038184716e-04,2.756848425502103172e-04,2.759881886635862330e-04,2.827712697240433054e-04,2.756762555247356289e-04,2.799915191385526718e-04,2.810086755871677149e-04,2.803798957448882904e-04,2.736679951283443185e-04,2.772683669775756628e-04,2.756314290297791824e-04,2.753910121408117864e-04,2.783459675108356543e-04,2.766347621498629092e-04,2.787289525349744045e-04,2.759818749223164123e-04,2.744972419596793003e-04,2.738906742067755812e-04,2.691595636771879768e-04,2.741644062144765791e-04,2.749121641369214344e-04,2.740972698316754513e-04,2.736788901921047268e-04,2.718401014711111625e-04,2.715410429759936755e-04,2.719090349471476350e-04,2.739058489881212471e-04,2.694430433904550356e-04,2.713757398179601180e-04,2.672367873482611473e-04,2.701927081787115726e-04,2.699158000526134262e-04,2.640816469943118531e-04,2.641290639112460785e-04,2.637374583711968464e-04,2.710642565194766726e-04,2.665376321432796837e-04,2.604789202573018080e-04,2.569805934099103715e-04,2.607611964232217964e-04,2.572248225378890533e-04,2.615809870751441952e-04,2.563396109512323809e-04,2.552598266905928563e-04,2.548514084852539262e-04,2.530287893097323514e-04,2.503141813960079311e-04,2.467686579390535734e-04,2.520760497398295548e-04,2.500977922314304830e-04,2.503317090601013366e-04,2.406056278591747711e-04,2.441363214107912061e-04,2.446657747445681714e-04,2.415873734917420399e-04,2.418987340438014577e-04,2.369878836655267649e-04,2.369307604549254266e-04,2.404155108606272192e-04,2.357702373972363370e-04,2.366676656785951754e-04,2.374413697594356001e-04,2.284804769806533331e-04,2.266604059319893586e-04,2.300501599051331966e-04,2.295893196535146090e-04,2.298832173834981730e-04,2.322634291492637823e-04,2.295256996821879022e-04,2.191778699442571536e-04,2.178001588632012483e-04,2.284809793566947890e-04,2.223975632246255943e-04,2.174899618358548225e-04,2.190642238223462247e-04,2.203273363779646330e-04
2.675118480306233246e-04,2.716072327422667469e-04,2.754059618554879950e-04,2.780418945976661583e-04,2.758378277235100894e-04,2.681858654562231745e-04,2.803673554808405722e-04,2.760870667881818656e-04,2.788625853864259117e-04,2.794431747367964172e-04,2.695264400952994172e-04,2.843908981211164103e-04,2.878094366156270438e-04,2.892074536120984424e-04,2.879760980895677814e-04,2.846462545430570408e-04,2.843906926039615210e-04,2.860693088377008167e-04,2.904056098067373144e-04,2.924591232344308112e-04,2.909324411999835423e-04,2.934966293074014066e-04,2.914891462066639366e-04,2.887396802953006033e-04,2.926748188652203517e-04,2.944683084038967539e-04,2.959537706302897827e-04,2.902534400623697102e-04,2.948727926389007551e-04,2.929886043021984990e-04,2.884458345984596992e-04,2.920596307661358325e-04,2.918384966921740912e-04,2.901550740294447407e-04,2.934429906025210052e-04,2.866845348450394542e-04,2.864509823823563946e-04,2.842543547645521597e-04,2.852129897792557542e-04,2.878235203551578192e-04,2.846347132949857660e-04,2.845044877811819133e-04,2.870510653501921359e-04,2.846923917141658961e-04,2.806957156262321232e-04,2.754026156163531455e-04,2.744881631923094703e-04,2.786037246472013369e-04,2.779621615290152944e-04,2.822478239564504962e-04,2.836112082673168232e-04,2.840784120897823280e-04,2.815718459311778539e-04,2.826805451848946765e-04,2.800581815400913035e-04,2.845699822459942636e-04,2.795842624219824039e-04,2.789499985492067155e-04,2.812438145239320574e-04,2.783828783709185674e-04,2.841854170322476061e-04,2.803359397421832590e-04,2.863106931287187152e-04,2.842319474924056297e-04,2.822729906102388274e-04,2.801196458831904158e-04,2.808930738615486003e-04,2.866143770034595148e-04,2.800933074041264898e-04,2.844265829831195197e-04,2.848712868706327890e-04,2.848376632007287878e-04,2.781782150715643095e-04,2.813911802344257218e-04,2.800462203985593698e-04,2.797028702295632145e-04,2.821574463457701340e-04,2.798642537744380982e-04,2.825605140680653021e-04,2.804272262503701950e-04,2.784611600273582022e-04,2.780687240788443223e-04,2.720043177738170324e-04,2.770823280056994796e-04,2.793598497092932898e-04,2.783939238375719694e-04,2.785502524124690402e-04,2.765368482240832806e-04,2.765565324347523334e-04,2.766092228512388534e-04,2.789888814529788911e-04,2.743540782327036093e-04,2.757120412144370338e-04,2.702544282748529643e-04,2.755429882038120597e-04,2.753677136793505290e-04,2.683688682715918350e-04,2.696695749818263615e-04,2.689805798385235393e-04,2.756095382931014553e-04,2.718635731761955888e-04,2.659335295454796672e-04,2.627967468239731969e-04,2.665637927172387366e-04,2.629784535883075139e-04,2.686434188715975595e-04,2.624449169558443402e-04,2.620308558140629104e-04,2.614391028422234273e-04,2.593920955696857908e-04,2.551727724120726325e-04,2.511312847761918636e-04,2.580823788801234284e-04,2.565366256372715614e-04,2.566635755883307606e-04,2.483526949655276948e-04,2.504217270204628408e-04,2.520845083238728158e-04,2.495338995886159177e-04,2.485363388122019748e-04,2.439583783578378557e-04,2.426975329968012872e-04,2.468309141754446742e-04,2.421034045142201306e-04,2.409909651388786832e-04,2.456157121145364727e-04,2.366440663654567969e-04,2.354606111565488429e-04,2.393056455981253745e-04,2.368893353948585347e-04,2.371012786937988655e-04,2.350491205850579221e-04,2.377625445338492501e-04,2.275196066195063645e-04,2.261128329382426768e-04,2.363005021264072371e-04,2.313432919160591259e-04,2.261760052913631568e-04,2.273375420089119908e-04,2.316007452296594681e-04
2.690455818450574691e-04,2.742848926856360963e-04,2.778293432901569339e-04,2.811424328947874124e-04,2.778217757258456821e-04,2.674851846348060111e-04,2.824130058014421934e-04,2.752165494480339480e-04,2.800434772407253475e-04,2.801601439228824019e-04,2.673948581697416574e-04,2.859734607810071757e-04,2.903743707108913819e-04,2.916212079687588508e-04,2.898046808284396921e-04,2.858100330490146996e-04,2.860465785457832534e-04,2.882955528014565644e-04,2.911767214994335812e-04,2.950981008427763352e-04,2.929547387313402064e-04,2.960680800401603433e-04,2.933088068146306668e-04,2.901408878054945770e-04,2.960087436632173803e-04,2.975374071285949505e-04,2.994041130576116346e-04,2.921606726658819474e-04,2.984985773510121193e-04,2.965285879624906021e-04,2.915955558100376591e-04,2.965860027315964120e-04,2.958758911273411032e-04,2.942075991355601176e-04,2.983477390882976381e-04,2.916869350777102346e-04,2.906150078803919584e-04,2.864611657217692141e-04,2.878235203551578192e-04,2.939626465382492505e-04,2.888517053760770092e-04,2.901273886352680599e-04,2.926278447779537013e-04,2.906598205603826862e-04,2.851836039990502617e-04,2.814133969169530240e-04,2.774097520743916412e-04,2.839348169125698257e-04,2.845122415199288421e-04,2.882530518987827224e-04,2.905021809207600811e-04,2.916963633833843440e-04,2.885669544585784448e-04,2.900769778601554848e-04,2.853407971316409978e-04,2.918471191208722097e-04,2.866348293683153108e-04,2.854777713652170527e-04,2.895255277161925254e-04,2.858849377118470028e-04,2.924277921336158599e-04,2.883200766254951242e-04,2.940255806820457466e-04,2.922367830389735314e-04,2.902867831601619979e-04,2.888302496796049104e-04,2.900770666070903617e-04,2.949113064085250404e-04,2.880689820703999848e-04,2.933368836590100580e-04,2.937330458993165348e-04,2.938223686509984609e-04,2.871579183977147182e-04,2.895307861912502592e-04,2.889532212875081706e-04,2.884875199346296701e-04,2.907045052738307239e-04,2.878323577630141107e-04,2.905068555260226378e-04,2.897888641675253779e-04,2.865820428460379848e-04,2.864811658228075221e-04,2.782182038605377156e-04,2.835475777662963817e-04,2.878367456804935081e-04,2.869236891529880029e-04,2.876828426026083337e-04,2.850932307390236886e-04,2.857578261149136545e-04,2.862384219180767221e-04,2.877873498434654637e-04,2.832970806044460862e-04,2.838025765191433424e-04,2.776315105101923595e-04,2.848298174827471919e-04,2.850190796935530430e-04,2.758683010690750207e-04,2.787596968742385504e-04,2.783633353428663273e-04,2.839564155788958707e-04,2.813021730350611445e-04,2.753957797463853544e-04,2.716731807988031198e-04,2.761505617400823102e-04,2.724746614606618858e-04,2.783589304870947440e-04,2.721153100828037461e-04,2.723595710910124918e-04,2.718355775192337720e-04,2.692630012752941608e-04,2.622379473593667524e-04,2.578132462643560412e-04,2.679886154152253275e-04,2.671360445349673599e-04,2.660853332214659886e-04,2.582853772368028556e-04,2.592082207275752987e-04,2.622831115484557845e-04,2.598313547376432039e-04,2.581569044543837290e-04,2.535688182894160129e-04,2.508166964699919815e-04,2.569431217179197970e-04,2.512161597147988018e-04,2.480810513226190455e-04,2.568437234583399276e-04,2.477100067832347795e-04,2.467715007517853193e-04,2.509017014181902285e-04,2.481624611209643969e-04,2.475175178456344243e-04,2.408636180015306884e-04,2.502837602103565409e-04,2.391150542492041721e-04,2.371981018711439681e-04,2.472890160039959632e-04,2.437129557567087887e-04,2.378026927368674193e-04,2.403054594285765192e-04,2.457549964746597233e-04
2.661258717974891567e-04,2.694367133152070996e-04,2.726890161573187598e-04,2.761519926295687437e-04,2.732012158542537305e-04,2.651407504420908736e-04,2.776990676737934476e-04,2.727384704543016716e-04,2.751671777538385478e-04,2.754892258475906473e-04,2.649106422368854006e-04,2.819698788058353097e-04,2.850827599535862584e-04,2.870050533326085735e-04,2.859432644181619364e-04,2.824041479893348050e-04,2.815627018539322438e-04,2.840609002386729285e-04,2.877197094805724643e-04,2.903155484659702057e-04,2.886101465416053102e-04,2.913727529598872856e-04,2.898342709490381525e-04,2.866025483699453772e-04,2.912144798383845012e-04,2.927145730780438037e-04,2.942656314124436948e-04,2.890566386131966040e-04,2.942374091700072653e-04,2.924374197443770518e-04,2.874236721075061271e-04,2.918299114593438321e-04,2.920402752448174192e-04,2.902535402268724874e-04,2.932627443216198268e-04,2.871648287476134126e-04,2.868129632260017314e-04,2.845679388485602024e-04,2.846347132949857660e-04,2.888517053760770092e-04,2.869169731680058853e-04,2.857211183610962172e-04,2.883415097804339672e-04,2.861482086570090550e-04,2.820533108099568102e-04,2.773302527153167748e-04,2.748707512896465181e-04,2.804940052932419206e-04,2.804214717319629987e-04,2.841408910596184521e-04,2.860136015339578451e-04,2.871143000611628632e-04,2.842586713788842513e-04,2.853934833413350513e-04,2.821898833224710675e-04,2.877013808781587263e-04,2.831109099083960168e-04,2.821359033683721674e-04,2.847647185211505771e-04,2.818731739138158332e-04,2.882568485397780738e-04,2.845065272083303399e-04,2.903842536921352551e-04,2.883894540106894016e-04,2.865436891582266851e-04,2.840185031236949179e-04,2.853081177344035115e-04,2.908440438646513410e-04,2.843810875070832312e-04,2.893044052076065571e-04,2.899912778316593399e-04,2.896634804077885907e-04,2.833663504804359709e-04,2.860160373613901256e-04,2.849126487777487674e-04,2.852802867926085479e-04,2.874928263551385370e-04,2.843999439285845054e-04,2.876095441561370104e-04,2.861107271111427357e-04,2.833066251919418780e-04,2.834536030068682592e-04,2.769954590670222839e-04,2.817951008222602033e-04,2.852340341914949996e-04,2.836012252967939407e-04,2.842473263514912999e-04,2.818143101426053053e-04,2.823723515249669308e-04,2.824789284224215311e-04,2.841990783095167021e-04,2.798965519360304809e-04,2.805353243547363713e-04,2.753799719908911698e-04,2.815050374682339014e-04,2.810419333369805050e-04,2.747829281964239093e-04,2.753913602492580434e-04,2.755740270446431646e-04,2.812141142591889783e-04,2.782021495546638094e-04,2.728390018616017282e-04,2.688529937406799477e-04,2.730450167485072837e-04,2.697732946073457417e-04,2.750044237829533077e-04,2.689728491786042507e-04,2.690120798316220584e-04,2.690082952096206344e-04,2.662248082958311641e-04,2.615219401422549180e-04,2.573330769464524082e-04,2.655803471907227471e-04,2.648758393169291367e-04,2.640938314642806393e-04,2.561758863768972606e-04,2.577935082363587904e-04,2.601687435881089674e-04,2.574131472044929089e-04,2.568161995760733212e-04,2.521693818416342165e-04,2.501771758981234054e-04,2.560047685918904331e-04,2.505794055673411726e-04,2.493963575455998799e-04,2.555950710301037906e-04,2.463190405185822478e-04,2.451668933250240380e-04,2.493815757010354171e-04,2.477732657198171494e-04,2.472570174793947435e-04,2.455559371410508530e-04,2.499075264879899280e-04,2.398453029035864414e-04,2.388670617292578291e-04,2.490850423422156894e-04,2.446778515977535260e-04,2.408556723701455870e-04,2.422504854192328381e-04,2.472502266015454901e-04
2.631926812536501009e-04,2.686534802194335994e-04,2.718914456737647821e-04,2.748287555666475155e-04,2.715006162695236792e-04,2.610426969501067969e-04,2.761297579671906518e-04,2.684257545453652412e-04,2.740313074584771274e-04,2.739017827152125280e-04,2.607556148996636233e-04,2.795411442416292870e-04,2.839609811947170406e-04,2.852055146945784792e-04,2.829247498362425124e-04,2.787873704469468394e-04,2.791688242832919531e-04,2.820761143337374927e-04,2.847003374304572006e-04,2.886512227111076513e-04,2.868259166627261858e-04,2.895867321372129857e-04,2.867917440125440642e-04,2.838305651074426094e-04,2.901901103951324461e-04,2.918648921411866326e-04,2.938920660449897060e-04,2.864349703912847040e-04,2.930494885473465994e-04,2.911219251629169045e-04,2.867339190229539368e-04,2.918815129578962854e-04,2.911615142454938030e-04,2.898358396921506155e-04,2.944107250249792303e-04,2.879082841881168550e-04,2.869026892152209854e-04,2.827811892146319880e-04,2.845044877811819133e-04,2.901273886352680599e-04,2.857211183610962172e-04,2.883468807379902768e-04,2.902228625221367486e-04,2.885850256885203239e-04,2.832471857365106245e-04,2.798710788080141553e-04,2.760631447764761294e-04,2.824162454089761414e-04,2.832868876273961158e-04,2.869630228085476905e-04,2.892475275555425628e-04,2.905409769313934136e-04,2.876757598896689154e-04,2.895173711580073094e-04,2.842275581644990103e-04,2.911185046226436252e-04,2.859814291110505512e-04,2.848858430617482005e-04,2.890531189486952391e-04,2.856746197991132672e-04,2.921163347926045888e-04,2.878683337980854069e-04,2.936253431119157189e-04,2.918886426431335540e-04,2.902905110387344017e-04,2.890477265311795232e-04,2.901762649825663878e-04,2.950006234485840059e-04,2.882154099867209824e-04,2.933928488996268751e-04,2.933559231595742013e-04,2.937149605881386955e-04,2.873948502421675311e-04,2.898562469432949796e-04,2.890631934510806689e-04,2.889854517783133395e-04,2.910703332785131211e-04,2.880963926570959122e-04,2.907344858013644257e-04,2.902822414790891628e-04,2.870701535484879987e-04,2.868709099230407197e-04,2.784126891375738461e-04,2.835457222695661602e-04,2.880351705665509169e-04,2.878169245830309426e-04,2.885031442768826626e-04,2.855818148661706086e-04,2.866223561052430526e-04,2.869070268697846457e-04,2.884738935704434155e-04,2.840088636735134398e-04,2.847919182656537328e-04,2.783890111214045587e-04,2.858985782295980251e-04,2.861179390306378191e-04,2.764445160436185744e-04,2.796705190040959231e-04,2.792329377404021199e-04,2.848577114436766085e-04,2.824972079844872063e-04,2.760972721753344582e-04,2.731867683378370079e-04,2.774281154515794768e-04,2.737072159282450518e-04,2.796377277870598448e-04,2.735008534170741312e-04,2.732753135442876624e-04,2.733116744660224061e-04,2.707133788501622958e-04,2.634896882668513328e-04,2.590888881858907037e-04,2.695662221848777558e-04,2.684262821347393937e-04,2.674983228235785441e-04,2.598542609644117650e-04,2.612575120689859375e-04,2.640603475363343354e-04,2.619726995313821118e-04,2.600660428785147443e-04,2.549219853959275826e-04,2.521908036007968097e-04,2.584023437036879847e-04,2.521435273430147161e-04,2.496264509405858416e-04,2.583094032749358210e-04,2.495019985219491614e-04,2.486199352946090132e-04,2.530898429699901596e-04,2.502315327699777760e-04,2.497132366299636020e-04,2.423300425945089669e-04,2.518392337617760619e-04,2.419550773030598647e-04,2.386881838873145846e-04,2.488993562058697219e-04,2.452030609317126819e-04,2.409316874990968240e-04,2.416556540334337375e-04,2.478213386081820862e-04
2.657283899569021788e-04,2.709251998556663982e-04,2.742221920739725221e-04,2.771707886053033235e-04,2.739399362856080795e-04,2.636907627616520353e-04,2.785430483806579523e-04,2.705406894315457019e-04,2.758285385920708336e-04,2.766844442327229497e-04,2.632402872093907447e-04,2.816194940689740892e-04,2.864050104601080873e-04,2.875768465204234193e-04,2.858261878219010821e-04,2.818017171784125579e-04,2.809819223523820513e-04,2.841830216883838630e-04,2.871785937211425292e-04,2.913173493176036272e-04,2.892970169767553881e-04,2.921258448290206099e-04,2.894316736196295191e-04,2.866721659644429492e-04,2.929813141204357639e-04,2.943687009759444291e-04,2.964657516938825287e-04,2.892027723697881492e-04,2.959650757044401427e-04,2.938425274435524804e-04,2.891559432545657421e-04,2.943823957444773238e-04,2.940719545792664052e-04,2.926268715506352507e-04,2.970201476319410676e-04,2.903285045064516053e-04,2.893861967251864175e-04,2.852198697032688962e-04,2.870510653501921359e-04,2.926278447779537013e-04,2.883415097804339672e-04,2.902228625221367486e-04,2.938028110439922370e-04,2.914717484604124778e-04,2.858924671456416068e-04,2.824714040461382488e-04,2.783485755785024881e-04,2.851897945706982282e-04,2.858183253545225865e-04,2.893757874933457880e-04,2.920078955866426047e-04,2.933645542248868011e-04,2.902169819666261638e-04,2.919131358104373676e-04,2.868533230193802863e-04,2.937521222072195931e-04,2.884797038369619798e-04,2.871600925904436215e-04,2.915296596130624736e-04,2.880183124590657479e-04,2.947349478127222967e-04,2.908094147544437345e-04,2.964065924678270579e-04,2.945805493336135523e-04,2.930196332783584581e-04,2.914359842323661172e-04,2.925162579593593745e-04,2.976748320807736368e-04,2.908811734489869395e-04,2.959849798888220516e-04,2.963359514230353548e-04,2.963334601181581707e-04,2.900505055423596322e-04,2.925459481692975375e-04,2.916693851216303757e-04,2.920700757009137591e-04,2.940229187818220111e-04,2.910012276613388785e-04,2.936556485546983151e-04,2.932335095049751054e-04,2.896136324500640877e-04,2.894115399645511510e-04,2.815320513492933349e-04,2.862556974772695871e-04,2.909952729215227311e-04,2.906772437802387617e-04,2.913787947090892404e-04,2.883629023599088687e-04,2.894260913172665910e-04,2.897406781660608792e-04,2.912854194186977573e-04,2.865917449775704038e-04,2.873033609563198300e-04,2.810961500460145606e-04,2.887231544574814257e-04,2.887506955799087199e-04,2.792186393774879344e-04,2.823034627837218502e-04,2.820591129041400075e-04,2.876807844875846039e-04,2.852959300522386454e-04,2.786987100084562918e-04,2.755585386727437466e-04,2.799652345219759159e-04,2.765367734825390010e-04,2.822496505563218535e-04,2.762639984082197677e-04,2.762026006435507075e-04,2.759678390855764205e-04,2.729559260432779400e-04,2.657642560095275271e-04,2.617290089574731511e-04,2.723053696267092611e-04,2.711524503870259956e-04,2.701920416929704644e-04,2.626803878915533489e-04,2.639553561081013026e-04,2.672553672017102160e-04,2.645958943976659656e-04,2.628496639999128369e-04,2.579584787574806803e-04,2.557154334857354803e-04,2.614132910572763155e-04,2.547559458538232254e-04,2.525656121061051738e-04,2.613712351600801448e-04,2.530921358406235350e-04,2.517374781530673576e-04,2.557645543831382588e-04,2.529870092211043849e-04,2.526715541229972639e-04,2.455780336226785201e-04,2.550835367766456714e-04,2.450008553657099489e-04,2.424953183933916095e-04,2.530315929263118055e-04,2.489512682571350609e-04,2.445784231201596388e-04,2.456231258781487684e-04,2.508861333496488922e-04
2.633037841177344974e-04,2.689278354215938506e-04,2.722097392518326364e-04,2.749895588622195287e-04,2.711938102659133148e-04,2.617183462900433836e-04,2.758727924063988837e-04,2.675104954281693468e-04,2.736273559409971908e-04,2.730033435184637440e-04,2.593693103310478767e-04,2.789297645705370076e-04,2.837183163999168695e-04,2.853816870346048500e-04,2.827606077326153271e-04,2.769268931768855725e-04,2.774420234765032707e-04,2.808207592309363513e-04,2.846571983778814594e-04,2.880153375264581984e-04,2.866843144098671684e-04,2.888945466887298647e-04,2.861617489733306752e-04,2.833812408667476927e-04,2.897252695868604393e-04,2.916552592416413224e-04,2.937847254004375850e-04,2.864530259333444373e-04,2.931258140734109324e-04,2.905904206162934983e-04,2.869014164463951056e-04,2.918898857309310197e-04,2.915662437816890560e-04,2.899496679155648274e-04,2.945349155627094645e-04,2.883253420526213904e-04,2.872457048199119527e-04,2.831808157203428446e-04,2.846923917141658961e-04,2.906598205603826862e-04,2.861482086570090550e-04,2.885850256885203239e-04,2.914717484604124778e-04,2.911707538463652605e-04,2.845627201624304262e-04,2.821270589120013802e-04,2.781083247750060434e-04,2.839189463938567026e-04,2.846002077652038374e-04,2.881469548831561904e-04,2.913573126787041183e-04,2.925854018683026782e-04,2.890087339201610761e-04,2.908412809333815545e-04,2.850083027143604205e-04,2.923415382745750304e-04,2.873768994430959522e-04,2.858641862623593089e-04,2.903556460294277148e-04,2.870582944163498898e-04,2.938020083458783133e-04,2.893886239945669156e-04,2.952223556814430523e-04,2.932037356577048563e-04,2.917399115402410275e-04,2.904940523550404155e-04,2.914296800428625212e-04,2.961010374397083462e-04,2.895689881639123804e-04,2.949910043211707899e-04,2.945979651248740745e-04,2.953507206571324355e-04,2.886537397732412435e-04,2.915380483181392434e-04,2.906722602453218861e-04,2.905040673379851454e-04,2.927861836586814282e-04,2.901310181559234921e-04,2.918788585632819108e-04,2.916610687956942101e-04,2.879926395094823061e-04,2.878374449489268672e-04,2.800188162316940383e-04,2.844961615113423539e-04,2.890500379932890761e-04,2.894927050765357568e-04,2.902159216503381054e-04,2.870200264108892902e-04,2.880100686136665626e-04,2.883836752948536935e-04,2.902491158784757793e-04,2.861344037559509904e-04,2.862848738723087019e-04,2.804251110831563988e-04,2.874970533722211413e-04,2.878938758869856109e-04,2.778142344872746292e-04,2.817569597407835677e-04,2.814141379391108845e-04,2.866070149230471481e-04,2.843705466504493971e-04,2.776699615137302626e-04,2.743074069940709876e-04,2.792394578283141876e-04,2.751731832295248987e-04,2.809537858994627679e-04,2.754715852386626046e-04,2.744501911805676637e-04,2.750231302391515482e-04,2.720891205347874360e-04,2.634413971470443098e-04,2.600367346785041785e-04,2.712864538247754254e-04,2.698717455536115556e-04,2.688882996886531843e-04,2.612508013732147295e-04,2.628957088426936580e-04,2.659759675918754924e-04,2.635753511280775107e-04,2.612920368714745606e-04,2.556651094498967633e-04,2.534531032703010570e-04,2.597295549243600911e-04,2.521626929958725488e-04,2.500262632369962550e-04,2.589794223154663448e-04,2.502345582629324672e-04,2.489446297130492496e-04,2.532480967055163960e-04,2.510341390483121667e-04,2.503363081534606851e-04,2.415527237782711160e-04,2.522053797075840347e-04,2.418643263376948503e-04,2.390976803249597702e-04,2.490859248124234373e-04,2.449457533782054626e-04,2.397757361480585951e-04,2.421375409815878306e-04,2.470734842667302294e-04
2.588410919719231302e-04,2.630649716533075373e-04,2.660836867122012839e-04,2.688742283817367545e-04,2.661560168906536750e-04,2.580670744591585732e-04,2.704326171320346316e-04,2.646319491911789789e-04,2.688375040728479301e-04,2.677329558988537418e-04,2.564395449308657466e-04,2.740532780755837320e-04,2.775400335915320107e-04,2.793603554100534199e-04,2.776642794957551023e-04,2.726858515173951648e-04,2.730777044907350504e-04,2.756152635948281443e-04,2.797080854545247897e-04,2.820470676573401847e-04,2.810114273160435085e-04,2.832334175539850713e-04,2.814436249688361587e-04,2.784688231209622635e-04,2.837459180651524522e-04,2.856210882535452139e-04,2.875725791183357961e-04,2.817574830493527888e-04,2.876675959819314176e-04,2.854261694436704402e-04,2.813388597224210841e-04,2.858077048197408296e-04,2.858344969374989101e-04,2.848071102030482783e-04,2.887667419456555005e-04,2.823419755035777904e-04,2.823969076733362569e-04,2.801317615850787250e-04,2.806957156262321232e-04,2.851836039990502617e-04,2.820533108099568102e-04,2.832471857365106245e-04,2.858924671456416068e-04,2.845627201624304262e-04,2.810787372343714050e-04,2.766252175538521187e-04,2.744601422490450878e-04,2.791861599348421236e-04,2.792763126882402236e-04,2.831291017555016137e-04,2.853143750134683036e-04,2.864417320002873879e-04,2.837552311001258622e-04,2.850312186538958678e-04,2.812522822389172520e-04,2.870447307338070938e-04,2.824726292200849189e-04,2.815072932179341590e-04,2.844460160298813004e-04,2.815260068324431275e-04,2.877572067174911908e-04,2.836215586998353248e-04,2.896446892096952086e-04,2.875306356473956472e-04,2.862463431572500488e-04,2.842670511451203595e-04,2.850556773006866058e-04,2.904129116628507718e-04,2.840606629912887011e-04,2.891216175485744372e-04,2.889674019422702658e-04,2.891881679300961627e-04,2.826780523606913778e-04,2.856599841824340193e-04,2.846343299273717989e-04,2.846911810320912838e-04,2.870104794776632260e-04,2.844005390440510145e-04,2.867489354977883109e-04,2.857617026608640543e-04,2.827723010413763795e-04,2.827949466535144242e-04,2.757507341460472931e-04,2.805657301675508605e-04,2.842140693949627307e-04,2.836481576294149517e-04,2.840897001755603364e-04,2.811464330647715109e-04,2.824040010467294775e-04,2.822004701232132826e-04,2.839218702365942332e-04,2.795472980147161476e-04,2.806880691445746349e-04,2.752313269882235747e-04,2.812915480113483508e-04,2.811753417406229866e-04,2.736271185130118239e-04,2.751458135872912017e-04,2.748021006839835461e-04,2.810275391562403694e-04,2.779782766165472818e-04,2.719245231159964234e-04,2.685999193483741294e-04,2.727655390026016203e-04,2.692510680739153479e-04,2.744439575802855476e-04,2.688081473241402380e-04,2.681903426321999751e-04,2.684694144950745690e-04,2.659083522058480666e-04,2.597158636123987055e-04,2.562986406802673207e-04,2.649125135795266854e-04,2.636884524059255339e-04,2.633228147421271957e-04,2.552100768604268952e-04,2.571314694765028277e-04,2.598344536738532245e-04,2.569967328827197392e-04,2.559026825225055985e-04,2.506851530134541236e-04,2.490248523851758223e-04,2.541987621257491958e-04,2.481937306908516428e-04,2.474015822480148965e-04,2.536005576601865676e-04,2.447336364618050964e-04,2.437277116902683018e-04,2.476319530525198254e-04,2.458952539744349510e-04,2.454913501347467421e-04,2.418726920053295489e-04,2.469243356801046263e-04,2.373747614148228691e-04,2.359042902151665380e-04,2.455727007485881161e-04,2.413078856850190714e-04,2.372147111330985027e-04,2.382072581865803151e-04,2.430249021255656517e-04
2.531095063937122331e-04,2.587132356893871569e-04,2.610100531621537120e-04,2.640366820672516816e-04,2.602762606112050741e-04,2.511729705877746750e-04,2.648144017132888161e-04,2.569992333913826061e-04,2.630695854460544264e-04,2.601251583233736109e-04,2.477592403023759363e-04,2.680484146816892207e-04,2.722379773597864076e-04,2.738436829833515288e-04,2.714379018469784133e-04,2.653245231313764840e-04,2.668835345273743885e-04,2.702050548421509814e-04,2.732587131707471398e-04,2.767109895678978920e-04,2.756151985053239368e-04,2.775371048364401569e-04,2.750787547436933764e-04,2.722373041701528669e-04,2.790139737359207729e-04,2.804976533741351721e-04,2.824065270679996164e-04,2.754757246978467231e-04,2.821004082451865434e-04,2.799781172471488473e-04,2.765427349018633862e-04,2.815103910379641687e-04,2.810604400673777977e-04,2.798572320657042190e-04,2.845314489938122670e-04,2.786633968440364309e-04,2.779115748333818386e-04,2.738552533742432305e-04,2.754026156163531455e-04,2.814133969169530240e-04,2.773302527153167748e-04,2.798710788080141553e-04,2.824714040461382488e-04,2.821270589120013802e-04,2.766252175538521187e-04,2.754279697065619196e-04,2.705866774410311290e-04,2.761132758849266428e-04,2.766544214115546703e-04,2.801538673551148676e-04,2.827963248840178350e-04,2.843589788031044489e-04,2.808087865037953179e-04,2.827106490129313783e-04,2.772657477079569738e-04,2.841885181563728402e-04,2.797842726242002771e-04,2.784176602416404273e-04,2.824959146352567043e-04,2.790279321978818175e-04,2.856967644767949071e-04,2.813187817241832888e-04,2.867473468900444238e-04,2.850098847375409552e-04,2.840173772512002916e-04,2.828026835574937235e-04,2.835142179899218591e-04,2.877887298460528732e-04,2.815046604462509319e-04,2.869754687472081726e-04,2.865411508268061970e-04,2.873741057000816796e-04,2.807139840968710305e-04,2.836184437862968488e-04,2.826861064098289567e-04,2.824850339487217261e-04,2.846779443721668369e-04,2.817925810349498645e-04,2.837910692978691811e-04,2.839793877230249773e-04,2.804958060688354489e-04,2.805774905497884059e-04,2.723019583128077101e-04,2.767105454375679940e-04,2.812881622484698484e-04,2.818142914953273019e-04,2.821618878811050211e-04,2.792677126925817432e-04,2.812074698084069736e-04,2.809476213427242663e-04,2.824745800996342963e-04,2.781114314228590742e-04,2.788824274844638336e-04,2.727639255987375521e-04,2.798287592199840594e-04,2.803573876890655967e-04,2.707592097525513474e-04,2.741647962411175002e-04,2.738251279073660154e-04,2.787862583908943983e-04,2.768105886376350010e-04,2.705061173718343670e-04,2.673674762126638290e-04,2.718748553280902211e-04,2.677486228347171222e-04,2.736863370160638005e-04,2.679283585063330867e-04,2.675007665892595700e-04,2.679443817609215351e-04,2.652695831653780725e-04,2.567571668620812083e-04,2.533155444662770731e-04,2.639480626251912887e-04,2.627515701996616625e-04,2.620676217836515271e-04,2.548699431068286508e-04,2.561610892762767222e-04,2.593590107630373474e-04,2.567135735474488398e-04,2.543373529894313464e-04,2.489163037202240603e-04,2.471702592478863488e-04,2.527307701887094682e-04,2.456268566884942149e-04,2.442889191070329977e-04,2.524334930009268529e-04,2.436506700778240245e-04,2.427201821923561254e-04,2.471393776905574384e-04,2.448833509341240386e-04,2.441162983375776835e-04,2.358344864103766362e-04,2.459670132012891676e-04,2.358328705264368800e-04,2.338759940024638412e-04,2.428324148613914782e-04,2.393951206418874246e-04,2.347249867619851760e-04,2.361298620243775133e-04,2.422102452020846839e-04
2.520232998262838457e-04,2.557083580308431984e-04,2.592713878102382327e-04,2.611799902749161600e-04,2.588639192023094475e-04,2.538439725809184320e-04,2.631655992295803899e-04,2.605529061440732368e-04,2.631102992970543644e-04,2.621895305263691124e-04,2.520416314545294474e-04,2.676339041362495153e-04,2.695947541795960063e-04,2.719146172360665105e-04,2.700486650200779599e-04,2.651784519290020076e-04,2.656190420488442573e-04,2.673324839285179258e-04,2.741995924328195799e-04,2.743430208907127969e-04,2.742719977891659917e-04,2.753550586658223311e-04,2.745248388841214048e-04,2.720940691156500664e-04,2.758044023951786920e-04,2.780500888501740808e-04,2.794411314516495972e-04,2.754222791492806697e-04,2.793977893334089867e-04,2.771406712609477524e-04,2.747475146092044152e-04,2.773461046752168286e-04,2.776223508670083999e-04,2.770305477321096635e-04,2.805815150041982660e-04,2.745014749298513800e-04,2.753157309431358683e-04,2.751823346418551968e-04,2.744881631923094703e-04,2.774097520743916412e-04,2.748707512896465181e-04,2.760631447764761294e-04,2.783485755785024881e-04,2.781083247750060434e-04,2.744601422490450878e-04,2.705866774410311290e-04,2.730477010041781568e-04,2.731716778971433174e-04,2.721807380572436436e-04,2.767229150092512268e-04,2.784860922305672486e-04,2.787775973306523525e-04,2.768359045511229843e-04,2.779811761265701497e-04,2.753493560073051608e-04,2.795434378025553747e-04,2.753481887893417107e-04,2.749149783842373598e-04,2.766513993645904339e-04,2.745537753116215158e-04,2.800248735393648944e-04,2.750629812059175857e-04,2.818356673452605148e-04,2.797477736681522244e-04,2.786992814943766729e-04,2.766629477823883266e-04,2.766668794525032368e-04,2.823718358127938238e-04,2.765055467568386122e-04,2.809940326570763299e-04,2.800359486199471186e-04,2.807115975630520492e-04,2.737583722648845850e-04,2.781739294919849479e-04,2.765024567131350061e-04,2.764160580236060252e-04,2.790765690362351334e-04,2.782026972557934304e-04,2.784873720723835423e-04,2.769246195900076164e-04,2.752161893294404198e-04,2.753435863068681775e-04,2.698319144324938090e-04,2.742331180343850834e-04,2.758403775233185030e-04,2.763180962415991691e-04,2.759854885140713390e-04,2.736139077622426236e-04,2.744132810109032304e-04,2.738947473384264445e-04,2.769363561983036333e-04,2.723480194157935192e-04,2.750242318248956124e-04,2.697946261330388756e-04,2.731897806930311257e-04,2.736602878092108770e-04,2.662559335385487284e-04,2.684848212048901537e-04,2.671818687122024492e-04,2.744372134811359147e-04,2.702807723702217290e-04,2.635931842427576151e-04,2.613512266800651794e-04,2.652344671163045010e-04,2.608575344228328914e-04,2.660356963598897511e-04,2.611008010678353333e-04,2.587612918346977224e-04,2.595726296096352755e-04,2.583077386968693446e-04,2.530224921620250465e-04,2.501784601636995059e-04,2.569576782376938582e-04,2.538101520452247018e-04,2.552566334041081724e-04,2.464411394767851231e-04,2.503560509850020544e-04,2.509300471382218856e-04,2.489331327951836595e-04,2.470238433545856259e-04,2.414301503262317389e-04,2.417213498625419578e-04,2.443716404786847995e-04,2.381679025099009449e-04,2.394876422991201194e-04,2.411574649573162824e-04,2.327489627300403431e-04,2.314666188020191159e-04,2.355826646930066584e-04,2.344767709674025317e-04,2.342280160114492001e-04,2.331454708539323190e-04,2.333805857506264883e-04,2.242304685174279649e-04,2.223481997880165676e-04,2.317214047773629132e-04,2.259083349041584210e-04,2.219916408416858927e-04,2.214411186492543310e-04,2.250790484038493332e-04
2.524893531811614011e-04,2.572191142848357639e-04,2.598294873893964695e-04,2.630461301302291989e-04,2.597977275385331413e-04,2.503547309277017689e-04,2.637540257921809411e-04,2.569515918646771689e-04,2.615712680474378089e-04,2.612919798105946137e-04,2.489268437433128016e-04,2.673600195795716489e-04,2.710030419858022255e-04,2.726049339127427341e-04,2.710581040454075087e-04,2.669981761853124406e-04,2.665440330292368040e-04,2.690412422491019373e-04,2.728364515493659744e-04,2.764760003134971670e-04,2.747865889889135847e-04,2.775275058623367886e-04,2.755237793862844176e-04,2.728472719567802277e-04,2.789726218970099074e-04,2.808089975225141468e-04,2.829860965808371227e-04,2.763696978760735493e-04,2.833268561160667961e-04,2.813926042661365231e-04,2.777585179887896846e-04,2.822837337627775696e-04,2.822563468148875073e-04,2.818204030668593576e-04,2.859577735327243513e-04,2.802515431132928617e-04,2.800954758554901106e-04,2.768600079620122095e-04,2.786037246472013369e-04,2.839348169125698257e-04,2.804940052932419206e-04,2.824162454089761414e-04,2.851897945706982282e-04,2.839189463938567026e-04,2.791861599348421236e-04,2.761132758849266428e-04,2.731716778971433174e-04,2.803899091725452208e-04,2.806545003440808102e-04,2.841048580654831715e-04,2.867126321391174205e-04,2.885160955218272105e-04,2.855032326554311555e-04,2.874638168568979411e-04,2.823092543166373669e-04,2.895890694570671950e-04,2.852761570464623121e-04,2.838756735311139673e-04,2.880703430949868539e-04,2.849027554912261827e-04,2.914222690934367721e-04,2.872398699703485330e-04,2.928555213430804284e-04,2.914372068731049857e-04,2.909119402645665448e-04,2.888151653519700096e-04,2.901357213489022275e-04,2.946474568906252002e-04,2.887053791003834041e-04,2.941708514118558508e-04,2.935348866124077032e-04,2.938402480907300533e-04,2.878118089032136845e-04,2.905575612421305593e-04,2.898967894260639513e-04,2.899872065917476834e-04,2.922343944084563011e-04,2.895602846772072757e-04,2.916552338592496587e-04,2.912186673197010600e-04,2.880682470919315448e-04,2.882534560487223655e-04,2.810406157778667729e-04,2.858819560458858867e-04,2.900018570603746736e-04,2.895064723075013529e-04,2.907773508210522600e-04,2.876441398404704607e-04,2.888776178290288692e-04,2.884230293093832621e-04,2.907152630866977560e-04,2.864069601282805458e-04,2.873205738823899941e-04,2.811905788738326673e-04,2.883927864268367373e-04,2.885346119698232992e-04,2.801841117636503088e-04,2.827935586029530521e-04,2.826835459728072649e-04,2.879451061158398110e-04,2.849762868504573856e-04,2.795662318407703497e-04,2.767588694817542231e-04,2.808435271043707520e-04,2.771832435378690355e-04,2.828970058312274267e-04,2.770576583435061619e-04,2.768502499347365157e-04,2.777654515125694331e-04,2.749167163305975899e-04,2.677169400421412250e-04,2.641425528501071445e-04,2.738529905961361449e-04,2.728431068866824915e-04,2.723405652974632296e-04,2.652277822991693868e-04,2.668914938777339056e-04,2.697778359124603062e-04,2.676627549683699382e-04,2.658938499965446227e-04,2.601889379722444268e-04,2.591982530217403131e-04,2.645213355978257171e-04,2.577847508691811194e-04,2.560556700042972015e-04,2.641893081559569295e-04,2.557122901054476472e-04,2.554190366356956727e-04,2.595130464998544298e-04,2.577692475815624340e-04,2.568284735917790895e-04,2.515580613224324084e-04,2.592049123938028376e-04,2.500578051910591539e-04,2.481712618150812180e-04,2.578419493829462545e-04,2.545566712880121228e-04,2.509686141711593103e-04,2.513773768690635195e-04,2.588078663246623479e-04
2.494446481075069310e-04,2.547880789657543869e-04,2.570970468298196666e-04,2.606830589347912354e-04,2.569327990144206798e-04,2.460990672059396012e-04,2.607625897384241052e-04,2.522339696769666339e-04,2.582579703103676078e-04,2.581936062057357145e-04,2.451252167572674713e-04,2.638166792840686064e-04,2.681871019742823430e-04,2.699048329722998694e-04,2.678239648571473989e-04,2.634349399331886265e-04,2.634836547604967006e-04,2.665181424889374092e-04,2.691255237720237953e-04,2.738402722633737052e-04,2.715409392739871666e-04,2.750205352767692586e-04,2.726642024711024826e-04,2.701079792834090916e-04,2.770405672156296532e-04,2.788006435602961462e-04,2.813522433844220581e-04,2.738920356015902245e-04,2.817585710564918158e-04,2.801634561168928387e-04,2.762904035245015186e-04,2.815259599955775784e-04,2.814628074339947834e-04,2.810163767057217727e-04,2.857500873148704286e-04,2.802505667222229780e-04,2.798044202026593770e-04,2.752500524326851423e-04,2.779621615290152944e-04,2.845122415199288421e-04,2.804214717319629987e-04,2.832868876273961158e-04,2.858183253545225865e-04,2.846002077652038374e-04,2.792763126882402236e-04,2.766544214115546703e-04,2.721807380572436436e-04,2.806545003440808102e-04,2.829803435235728193e-04,2.855798973726164256e-04,2.888611756111318760e-04,2.909201845283268767e-04,2.877889200167711844e-04,2.900565394177473562e-04,2.839432420325334349e-04,2.923333334383920582e-04,2.881162438818763816e-04,2.865823318754563850e-04,2.914099364749060455e-04,2.883752774394131345e-04,2.949074287219009848e-04,2.909318057578772735e-04,2.961683815030168683e-04,2.953262567658907736e-04,2.947454423659708511e-04,2.929241235436247826e-04,2.949130412170159117e-04,2.987885698144367641e-04,2.928678980171080357e-04,2.985233056961215481e-04,2.978008537458487850e-04,2.983388766600851712e-04,2.925549755114228794e-04,2.951900227573372722e-04,2.944877156465137980e-04,2.948800871503420330e-04,2.967154666478621916e-04,2.938060066265436865e-04,2.958346043691400477e-04,2.963099072071698182e-04,2.924446493291448087e-04,2.929398306643736386e-04,2.850211881143483112e-04,2.899312014606527385e-04,2.950452085330236042e-04,2.940243586454975122e-04,2.959699106772863868e-04,2.926700368744083948e-04,2.941818956370036023e-04,2.936665276812848880e-04,2.958140066804445926e-04,2.921646566811193432e-04,2.919811371191049923e-04,2.854794340218271540e-04,2.938608465693461004e-04,2.941843733424325587e-04,2.854042050366276031e-04,2.886652592528583458e-04,2.885175455252931404e-04,2.932706556865966952e-04,2.910361479142751172e-04,2.859831363734078626e-04,2.825949230746114291e-04,2.870725342285140522e-04,2.835824790070475649e-04,2.895798205836677339e-04,2.835376764017767041e-04,2.838081019161143594e-04,2.847054201620385222e-04,2.817242603203712315e-04,2.732518852191292437e-04,2.694920332691273356e-04,2.807855435593159684e-04,2.804477798018278943e-04,2.796058250056095000e-04,2.729199331647305942e-04,2.738525569481357154e-04,2.777438810224837546e-04,2.758889655956033786e-04,2.736786921696342896e-04,2.681161420230906544e-04,2.658435257368358296e-04,2.724943745244563396e-04,2.656281325852768082e-04,2.623812344548305032e-04,2.735030426741611072e-04,2.648636429313358845e-04,2.648136031672224133e-04,2.691672024026781746e-04,2.674099448452458530e-04,2.665793784810341891e-04,2.587092135097732084e-04,2.697644058028527206e-04,2.610947705379955690e-04,2.584121693500413333e-04,2.683762320093366219e-04,2.658831198508087635e-04,2.625549817153306309e-04,2.635751607800924695e-04,2.719852859266546187e-04
2.537351897278224242e-04,2.589079933837865857e-04,2.615556695442411883e-04,2.648156111594467317e-04,2.610913189152971902e-04,2.510524870733565092e-04,2.650702197936459113e-04,2.576564760242002427e-04,2.634720681086640546e-04,2.622795955472414869e-04,2.499423449901208485e-04,2.684998903503550260e-04,2.725275087901402830e-04,2.739869102934546982e-04,2.720373900612224551e-04,2.683208017124443759e-04,2.687016141510247284e-04,2.705900360977062818e-04,2.739945416056143129e-04,2.780511067791003980e-04,2.758445251823960225e-04,2.792565682315088001e-04,2.769253582786364363e-04,2.741224982367174699e-04,2.808922898478836841e-04,2.826447561319027227e-04,2.852774559600208381e-04,2.782946917539800007e-04,2.854538937518064155e-04,2.840129763801274012e-04,2.800975104655628167e-04,2.852133700027311802e-04,2.852233385341989679e-04,2.850601916219634799e-04,2.895288195361922154e-04,2.840944665128780590e-04,2.838115665749113060e-04,2.801891747235754756e-04,2.822478239564504962e-04,2.882530518987827224e-04,2.841408910596184521e-04,2.869630228085476905e-04,2.893757874933457880e-04,2.881469548831561904e-04,2.831291017555016137e-04,2.801538673551148676e-04,2.767229150092512268e-04,2.841048580654831715e-04,2.855798973726164256e-04,2.900245751812313114e-04,2.923642061619305529e-04,2.941542028120137952e-04,2.913983138089802703e-04,2.935397595550307925e-04,2.883971780803365795e-04,2.957855397546963567e-04,2.913862494625335618e-04,2.903408664786460915e-04,2.945644442649805782e-04,2.916776967844448730e-04,2.980665076740911766e-04,2.939791569856677229e-04,2.993248968252530673e-04,2.983085556803255424e-04,2.975339867298665416e-04,2.961193673855040329e-04,2.976996210986256660e-04,3.018124179029902515e-04,2.956605054384695052e-04,3.012791856599909618e-04,3.007899272269711302e-04,3.013020965421106599e-04,2.951486349507538814e-04,2.982644121968805939e-04,2.971919364811638638e-04,2.973484562502079292e-04,2.995407552206358066e-04,2.967166663639503842e-04,2.984942021022194054e-04,2.987786979866163990e-04,2.956597593853894056e-04,2.957372126982853264e-04,2.878499940828447559e-04,2.930269756755778695e-04,2.974336083705932110e-04,2.969842791106892333e-04,2.981912404290211526e-04,2.950249530996169292e-04,2.965234021507503971e-04,2.962181303947745699e-04,2.982849360519356755e-04,2.943114057071809665e-04,2.948794545709451827e-04,2.884002320828670473e-04,2.963751126342770484e-04,2.964833554638853777e-04,2.876948215121113896e-04,2.906527659012496704e-04,2.901005261331371702e-04,2.956974828842431013e-04,2.930466871154517074e-04,2.875475084830058942e-04,2.840336466151580606e-04,2.888954171191354604e-04,2.846576318730089489e-04,2.907758260440495212e-04,2.849193122293921490e-04,2.849051270945928901e-04,2.854647441538815580e-04,2.830674960367577492e-04,2.752201961565864277e-04,2.711298652748394080e-04,2.819230990787729139e-04,2.810493165511169828e-04,2.804815852734387225e-04,2.732112753839129765e-04,2.748912749779877348e-04,2.778651083714580444e-04,2.760038511180064563e-04,2.738847732340856018e-04,2.682483731719069605e-04,2.664348350793323077e-04,2.720012202257889532e-04,2.655433573648340972e-04,2.634841033482864447e-04,2.724416835360604378e-04,2.634391095418546686e-04,2.631184171861751563e-04,2.674408800354891166e-04,2.653420941357569778e-04,2.652463330428573587e-04,2.578486003602391448e-04,2.670749471312473030e-04,2.584027657845559627e-04,2.550822093414490234e-04,2.651508025576852605e-04,2.614564745483800553e-04,2.586224199131536379e-04,2.589801291535693672e-04,2.664760941894315106e-04
2.533634099207494102e-04,2.586598272772915974e-04,2.616893051857937451e-04,2.648757675485338735e-04,2.607017476275628955e-04,2.501772165828800216e-04,2.647821642565644320e-04,2.557872751135299889e-04,2.625669872364573445e-04,2.625963107400304726e-04,2.481197647894282802e-04,2.676665910013190726e-04,2.721954521518423127e-04,2.740418108063127022e-04,2.716610019718540764e-04,2.663383875165510443e-04,2.674218320022566406e-04,2.695114596054742320e-04,2.733804390710951166e-04,2.774940910338283533e-04,2.754886030490405024e-04,2.789662559295063324e-04,2.767156701953140362e-04,2.736968765521114702e-04,2.810221247371074370e-04,2.830504054789461776e-04,2.856233137811655873e-04,2.785069652666338552e-04,2.862050857808663934e-04,2.846665206587072712e-04,2.805537827645018258e-04,2.863120003034241618e-04,2.866685958501119947e-04,2.861898176843232530e-04,2.911534014561244698e-04,2.858687039037426884e-04,2.853560739640593883e-04,2.811882373723665327e-04,2.836112082673168232e-04,2.905021809207600811e-04,2.860136015339578451e-04,2.892475275555425628e-04,2.920078955866426047e-04,2.913573126787041183e-04,2.853143750134683036e-04,2.827963248840178350e-04,2.784860922305672486e-04,2.867126321391174205e-04,2.888611756111318760e-04,2.923642061619305529e-04,2.970687686437183854e-04,2.984323782799967956e-04,2.954407063880376398e-04,2.974805558078179877e-04,2.916492116364787402e-04,3.001298025491247034e-04,2.955062068708077692e-04,2.942465474888588425e-04,2.992352782427640245e-04,2.962952257416759166e-04,3.031162301666727519e-04,2.988361789229141059e-04,3.046119113106286183e-04,3.035664998700408814e-04,3.026859563290502583e-04,3.011025242477513076e-04,3.030565909632072503e-04,3.067851484581272047e-04,3.009138063768049937e-04,3.070077224796185947e-04,3.062794559778255518e-04,3.066200463637285185e-04,3.006338590064744788e-04,3.037564317508730872e-04,3.029978206001577028e-04,3.031289797228437616e-04,3.054465656063738190e-04,3.026248146032205796e-04,3.042313017274032839e-04,3.045615484440630186e-04,3.007730033377054393e-04,3.010386043830785775e-04,2.931950395878851626e-04,2.982833841035032797e-04,3.031026435487715366e-04,3.027539229936407252e-04,3.045600663666815709e-04,3.011474774259913548e-04,3.025447439765475456e-04,3.020724591064401655e-04,3.042225489211763511e-04,3.009304849675785540e-04,3.002416100909915345e-04,2.942209298436315474e-04,3.028024707782039828e-04,3.028473812969600118e-04,2.934629154872944018e-04,2.973664470111196060e-04,2.969737563253272545e-04,3.020119460387201056e-04,2.997799156266846244e-04,2.939338078711480908e-04,2.900384413114282683e-04,2.956989015072726415e-04,2.914837402116688021e-04,2.974567464305082564e-04,2.919929202709272580e-04,2.913764870195955335e-04,2.925063978293270385e-04,2.898741810927928032e-04,2.803153819904129359e-04,2.768746104638114243e-04,2.891286606317628773e-04,2.885274154711102174e-04,2.872902212809144316e-04,2.800914413991408697e-04,2.816448118731203296e-04,2.855417604735130963e-04,2.838398674134085474e-04,2.809136235666748974e-04,2.749324765593294095e-04,2.727504002887221881e-04,2.797019087183657301e-04,2.721861066124528061e-04,2.690527109712813987e-04,2.802189859538163587e-04,2.714335648092077737e-04,2.705499294956116921e-04,2.752369396929722984e-04,2.735349145967787103e-04,2.730641217813377809e-04,2.641142516500410552e-04,2.750715006027090758e-04,2.670240128379773549e-04,2.630749312995026533e-04,2.726485275384137323e-04,2.700448875185399345e-04,2.670740605746037212e-04,2.681606132942096141e-04,2.755154551230247647e-04
2.525059691182738393e-04,2.581880718227077902e-04,2.607572252119496454e-04,2.643805998295648018e-04,2.598972458009374742e-04,2.483652755263056127e-04,2.637822993998500758e-04,2.543415266284931972e-04,2.613311902846009649e-04,2.601980557949200670e-04,2.459983630608731254e-04,2.667638837611074204e-04,2.714369627620849068e-04,2.732938114274076607e-04,2.707670263324394211e-04,2.660312432593217721e-04,2.664973737561784385e-04,2.691989786792558072e-04,2.720767683709645127e-04,2.770012618045467642e-04,2.746516637173501739e-04,2.784779320473226871e-04,2.757761753797362161e-04,2.728539489359028221e-04,2.808280362131946629e-04,2.826922656559011635e-04,2.855981116730240982e-04,2.779679515221949158e-04,2.864826001043320708e-04,2.851121137338807291e-04,2.807959451740196961e-04,2.867831351836103810e-04,2.869320877296125793e-04,2.866961570836196248e-04,2.919384509110008077e-04,2.867593216817281672e-04,2.860372391798496447e-04,2.812252567316546174e-04,2.840784120897823280e-04,2.916963633833843440e-04,2.871143000611628632e-04,2.905409769313934136e-04,2.933645542248868011e-04,2.925854018683026782e-04,2.864417320002873879e-04,2.843589788031044489e-04,2.787775973306523525e-04,2.885160955218272105e-04,2.909201845283268767e-04,2.941542028120137952e-04,2.984323782799967956e-04,3.012938058034563536e-04,2.975812088935942583e-04,2.999555625321091885e-04,2.932107723141774203e-04,3.025310127645307323e-04,2.980385658259589849e-04,2.965462922518323431e-04,3.021073742177249766e-04,2.989080225338309939e-04,3.058188588934028702e-04,3.018652244645262414e-04,3.071625749265408751e-04,3.061249499774955514e-04,3.057102279482469195e-04,3.043431647861478853e-04,3.063945816489142891e-04,3.099528889235052828e-04,3.037730701506801529e-04,3.102917184228179545e-04,3.096761915766287955e-04,3.098529908694616771e-04,3.041522301109358104e-04,3.068444570148981662e-04,3.063038471107171418e-04,3.066488147309418596e-04,3.086486839868581088e-04,3.052090165433086859e-04,3.072125887125070872e-04,3.082578084033628461e-04,3.039168802008302946e-04,3.043472866845992422e-04,2.957488999289872075e-04,3.009474147855924599e-04,3.064804524874015852e-04,3.060296933729091443e-04,3.080426361735395910e-04,3.044278768692018871e-04,3.061243291013982719e-04,3.056970365437627641e-04,3.075567284039892055e-04,3.043732101122777634e-04,3.034001665680252169e-04,2.969590084942488298e-04,3.063125667604629874e-04,3.065088861807686187e-04,2.968893767054965453e-04,3.006565165690570636e-04,3.004898625571128415e-04,3.052858013655339645e-04,3.031404779759601094e-04,2.978296725191796656e-04,2.937290686721764042e-04,2.992734762758641988e-04,2.951883400650902843e-04,3.013123464891017647e-04,2.956083565209139123e-04,2.955533504214565487e-04,2.968910794723421463e-04,2.936071609770361541e-04,2.833813394910931452e-04,2.799703037949061602e-04,2.928127060110308211e-04,2.925686421138823509e-04,2.910792111356574289e-04,2.842082185788156784e-04,2.854422145346123063e-04,2.896045274838159045e-04,2.877308536815101781e-04,2.852730376919934111e-04,2.790203264193790431e-04,2.766322353662358500e-04,2.841186430009148617e-04,2.766344575291420087e-04,2.729398759363804326e-04,2.852144863716531815e-04,2.761844404628624829e-04,2.759503193613162676e-04,2.803753093044351712e-04,2.786896709891076339e-04,2.779053037241314061e-04,2.675535964772367617e-04,2.808513181539331965e-04,2.721681779190305694e-04,2.687112895729151080e-04,2.784496254581422044e-04,2.763076715560107747e-04,2.726460993132753005e-04,2.742738248397264770e-04,2.827409593547777138e-04
2.495990975049453410e-04,2.545723778041658831e-04,2.573319117164527881e-04,2.606107936506769029e-04,2.566966326940743745e-04,2.455560539881502862e-04,2.604030510887343514e-04,2.520165850161771920e-04,2.582757061911011235e-04,2.573602553201180098e-04,2.435317457924927409e-04,2.636477552348258954e-04,2.675906053857356865e-04,2.695633554949131909e-04,2.671859005303461724e-04,2.628021232515396935e-04,2.635677382350442547e-04,2.654804356160200482e-04,2.690222622400107941e-04,2.732546312185455415e-04,2.711008347491815373e-04,2.748073625436567844e-04,2.728381890934617740e-04,2.697769905631463194e-04,2.772165280822075166e-04,2.790924925268683469e-04,2.817073335730993912e-04,2.747753318615774412e-04,2.829773288327496698e-04,2.816165622456847381e-04,2.773681918022004290e-04,2.832631678002531998e-04,2.832936598052167017e-04,2.834417807189601284e-04,2.885084641736537607e-04,2.834095276602694650e-04,2.831338268901686158e-04,2.793005296137758076e-04,2.815718459311778539e-04,2.885669544585784448e-04,2.842586713788842513e-04,2.876757598896689154e-04,2.902169819666261638e-04,2.890087339201610761e-04,2.837552311001258622e-04,2.808087865037953179e-04,2.768359045511229843e-04,2.855032326554311555e-04,2.877889200167711844e-04,2.913983138089802703e-04,2.954407063880376398e-04,2.975812088935942583e-04,2.955731508613021669e-04,2.974649078134669741e-04,2.914060494251665637e-04,2.999248963276574648e-04,2.954845268842160987e-04,2.943894596852732345e-04,2.992076126503722300e-04,2.964352182493151084e-04,3.032327296707257639e-04,2.988074320514863308e-04,3.047813510882019759e-04,3.037376768006557165e-04,3.032648383147677849e-04,3.016214204777360351e-04,3.035033800565302984e-04,3.074836447067461022e-04,3.012863138615752404e-04,3.077908513211723629e-04,3.069914714203409714e-04,3.068687114206407308e-04,3.012945573866093263e-04,3.042141586078905727e-04,3.037123036799032000e-04,3.041310182941927859e-04,3.063987721513895834e-04,3.030859467312679552e-04,3.051743611535498988e-04,3.057038634175547349e-04,3.018249693113400850e-04,3.022591566204399591e-04,2.941294296264186040e-04,2.994000288526792652e-04,3.042186869765892013e-04,3.037154764184643325e-04,3.055367382945117587e-04,3.022494812590575475e-04,3.036648585422688923e-04,3.032958039548075413e-04,3.050251988728920052e-04,3.015874583555110144e-04,3.016311578140642925e-04,2.950829969790716239e-04,3.039069312194234043e-04,3.039491439457549737e-04,2.946875715004148286e-04,2.981496972201438098e-04,2.976599134873829898e-04,3.031207834746909788e-04,3.008286412653593360e-04,2.950207507826072039e-04,2.914733384962971195e-04,2.968143019925767868e-04,2.927900114093194735e-04,2.987335502020827612e-04,2.930138392278290030e-04,2.927843685781925782e-04,2.939291196141236842e-04,2.914361260304467187e-04,2.819442537025929063e-04,2.785154826583619665e-04,2.906045437153976000e-04,2.901687241551295692e-04,2.890052769254356554e-04,2.812874105249981837e-04,2.832199121432625328e-04,2.869342090570057842e-04,2.851158367871767241e-04,2.829621111983399704e-04,2.767601434906738511e-04,2.747151808783728551e-04,2.816626629555934861e-04,2.748191679935703207e-04,2.714003488687097830e-04,2.822027220896919202e-04,2.740669389628154332e-04,2.735388866616420933e-04,2.780479686884737979e-04,2.766686337787273493e-04,2.757392058905946096e-04,2.680634379284851129e-04,2.781535032816679731e-04,2.705908460000411493e-04,2.664759581092543276e-04,2.759942131269870337e-04,2.733370304851710981e-04,2.717661014353248746e-04,2.720116754469619879e-04,2.798108898364735139e-04
2.492444124089018159e-04,2.551113212590938486e-04,2.576295269365192625e-04,2.606238197010643780e-04,2.564974122407871412e-04,2.442303282800687217e-04,2.605575964161197444e-04,2.512272846688893982e-04,2.581600496924719881e-04,2.568995712923776570e-04,2.423500171916997872e-04,2.637196003582029167e-04,2.681557419257063197e-04,2.694808673323951967e-04,2.669086521678449555e-04,2.626965215541766712e-04,2.631942186237241194e-04,2.659684595695511957e-04,2.688983654185501818e-04,2.739320113581688600e-04,2.715487170451503975e-04,2.752540742048362361e-04,2.728777671332872153e-04,2.700364935126479851e-04,2.781291674349558804e-04,2.797521728562671968e-04,2.829350470105925766e-04,2.749055708634540944e-04,2.837657567236014826e-04,2.824501547538647329e-04,2.785266680637829735e-04,2.845830510940252603e-04,2.841367027705161974e-04,2.845049005467582977e-04,2.901276000224974495e-04,2.848322712001825907e-04,2.844494164862807254e-04,2.795042654157483793e-04,2.826805451848946765e-04,2.900769778601554848e-04,2.853934833413350513e-04,2.895173711580073094e-04,2.919131358104373676e-04,2.908412809333815545e-04,2.850312186538958678e-04,2.827106490129313783e-04,2.779811761265701497e-04,2.874638168568979411e-04,2.900565394177473562e-04,2.935397595550307925e-04,2.974805558078179877e-04,2.999555625321091885e-04,2.974649078134669741e-04,3.009466201356654361e-04,2.930628356146347448e-04,3.024945036022269173e-04,2.979348053572927063e-04,2.967791172666612784e-04,3.024039638413891047e-04,2.992744911237864769e-04,3.059931484113128709e-04,3.016503514615844319e-04,3.071548669043855915e-04,3.064801414190576503e-04,3.064255047763965521e-04,3.052162839145066775e-04,3.070645891985199021e-04,3.106005387471588242e-04,3.043293126825625063e-04,3.110844181697690943e-04,3.099908380750610146e-04,3.101937505602409147e-04,3.046979632711156911e-04,3.072427505655573481e-04,3.069750106371075355e-04,3.074156523516744801e-04,3.091186404202210763e-04,3.059719907297482827e-04,3.080067727467542178e-04,3.091509770054258412e-04,3.046975570535922053e-04,3.053231112398170849e-04,2.963023442779717147e-04,3.018150277390304020e-04,3.072101640304980954e-04,3.069761945510479434e-04,3.092830074342742654e-04,3.052019012547947598e-04,3.071808723124997906e-04,3.068603323557873679e-04,3.088312161063505048e-04,3.052335644703268406e-04,3.052628253462331357e-04,2.979427209724795135e-04,3.073440634560757655e-04,3.079392351956377260e-04,2.976614753469596650e-04,3.019464953878791408e-04,3.013587208515070091e-04,3.063432594381731923e-04,3.041535923943286730e-04,2.985995600131823437e-04,2.956841420718036456e-04,3.007933025075531781e-04,2.963135458524354432e-04,3.027185159531864769e-04,2.970244597493273205e-04,2.968746728060306459e-04,2.979701648507873126e-04,2.955132038106097342e-04,2.851237423337998726e-04,2.814599292925068410e-04,2.943883781472102419e-04,2.938084540640404393e-04,2.925727869564940598e-04,2.854046596524007439e-04,2.874052684843742358e-04,2.909664590103303743e-04,2.894504439240041258e-04,2.866560338705071353e-04,2.801857873756637618e-04,2.780484867171462192e-04,2.849075850288464813e-04,2.777698607279326971e-04,2.739114438698576448e-04,2.856751237271227227e-04,2.776879115175391144e-04,2.780185836455875822e-04,2.823040906354591390e-04,2.802420729543702920e-04,2.793556960329073198e-04,2.686534004746205786e-04,2.825923474441294236e-04,2.738999543265214272e-04,2.697056693055179845e-04,2.793287937529631169e-04,2.764668695539346135e-04,2.752068331267771011e-04,2.751746618066032717e-04,2.841997166018788096e-04
2.480195480268892073e-04,2.520126725530914239e-04,2.552220645149514766e-04,2.581328946403932357e-04,2.546854529276453591e-04,2.458432707233733903e-04,2.586388808087123161e-04,2.529794228299956987e-04,2.574852026391388185e-04,2.562993740066827003e-04,2.456966195104671232e-04,2.621504381927000095e-04,2.652341877039123517e-04,2.669379062538051496e-04,2.652711075937259498e-04,2.625812735543925293e-04,2.634750680861238639e-04,2.639303380990509285e-04,2.681104003271387952e-04,2.712755176979026340e-04,2.690000418549044498e-04,2.728832530373576917e-04,2.713692549526430732e-04,2.684958309218842465e-04,2.746106688543552038e-04,2.763848035119980014e-04,2.788359337980245373e-04,2.735015953727068061e-04,2.799378692783484270e-04,2.793065097373069417e-04,2.749658326792337316e-04,2.800366883095720453e-04,2.805458326274832279e-04,2.810814893544730415e-04,2.853667644587116158e-04,2.802669355379420807e-04,2.808968580860297915e-04,2.788661873228663211e-04,2.800581815400913035e-04,2.853407971316409978e-04,2.821898833224710675e-04,2.842275581644990103e-04,2.868533230193802863e-04,2.850083027143604205e-04,2.812522822389172520e-04,2.772657477079569738e-04,2.753493560073051608e-04,2.823092543166373669e-04,2.839432420325334349e-04,2.883971780803365795e-04,2.916492116364787402e-04,2.932107723141774203e-04,2.914060494251665637e-04,2.930628356146347448e-04,2.903092756678991946e-04,2.965609312865219319e-04,2.918557807054237467e-04,2.916253981173838410e-04,2.950295670178121354e-04,2.927371926223816946e-04,2.987229963555911483e-04,2.947632087195346264e-04,3.006030061884096293e-04,2.993944411471909073e-04,2.989922902898667291e-04,2.972297077754659312e-04,2.987254759265064400e-04,3.032143060186757869e-04,2.971993159636197954e-04,3.030410060302535409e-04,3.022813131013174981e-04,3.021820291156506063e-04,2.965925383225704757e-04,3.002416441960363319e-04,2.989493066800496960e-04,2.991814345077983741e-04,3.016592403061484269e-04,2.990192033017783301e-04,3.008878368393656062e-04,3.007703682464219711e-04,2.978460638867677776e-04,2.982026410272745716e-04,2.913381702661022509e-04,2.965696569639163726e-04,3.000530989350030345e-04,2.994523992592538239e-04,3.003932818845870515e-04,2.976911118408126456e-04,2.989562490786687302e-04,2.982461944775192703e-04,3.004527112178127682e-04,2.966198394385396488e-04,2.972955260982289381e-04,2.911976647538299821e-04,2.988282678862017798e-04,2.985741952587977555e-04,2.909226327708378337e-04,2.929713435420376968e-04,2.921948690507691340e-04,2.985126835110510531e-04,2.955021339486127853e-04,2.900152654461832301e-04,2.859719581701466768e-04,2.911947505677510081e-04,2.869636834760846446e-04,2.926764437320292169e-04,2.873628928954262613e-04,2.869083483602582270e-04,2.874044607462315336e-04,2.858724302591460773e-04,2.784158991946782537e-04,2.749401103347091360e-04,2.845094081221917590e-04,2.834973734142568857e-04,2.834105720019100289e-04,2.752755672249580397e-04,2.780490398609574104e-04,2.805510582450788221e-04,2.789107841949595634e-04,2.769391064769867591e-04,2.710482755307601788e-04,2.703236902317163399e-04,2.747974357466051584e-04,2.693725008853665851e-04,2.677959075855051562e-04,2.752304390513219431e-04,2.664312937707011492e-04,2.658440613082385944e-04,2.697623735621753303e-04,2.682489625671360890e-04,2.686344697967691037e-04,2.640812032422323917e-04,2.690941011214554430e-04,2.621564523855108761e-04,2.583960052572160872e-04,2.677233961551862764e-04,2.641747232128559709e-04,2.632338154195330349e-04,2.620181495068780531e-04,2.689107664073476589e-04
2.495156389424386294e-04,2.548794750770693287e-04,2.575884061680728631e-04,2.611455576102515459e-04,2.570834914126059385e-04,2.450583949001355791e-04,2.607804057315183223e-04,2.518336699062945260e-04,2.583893146819704590e-04,2.579331317489224392e-04,2.445062432471441813e-04,2.635200074115961284e-04,2.681520204524309985e-04,2.694728670946676982e-04,2.672107179941684446e-04,2.639210757762925990e-04,2.643557020675950039e-04,2.661803623534792830e-04,2.689792710110842618e-04,2.740574051379803693e-04,2.714490008390570640e-04,2.757461427441536272e-04,2.733977507513410702e-04,2.703367008916879853e-04,2.782843869189751112e-04,2.801221594612834779e-04,2.832074260913346338e-04,2.757697171467440975e-04,2.844218009550245605e-04,2.835750245176649653e-04,2.790140038698243918e-04,2.851345988935698119e-04,2.854749395963859641e-04,2.858395650364355806e-04,2.913039594961280843e-04,2.860719444079610606e-04,2.861463531579749582e-04,2.816795591683651052e-04,2.845699822459942636e-04,2.918471191208722097e-04,2.877013808781587263e-04,2.911185046226436252e-04,2.937521222072195931e-04,2.923415382745750304e-04,2.870447307338070938e-04,2.841885181563728402e-04,2.795434378025553747e-04,2.895890694570671950e-04,2.923333334383920582e-04,2.957855397546963567e-04,3.001298025491247034e-04,3.025310127645307323e-04,2.999248963276574648e-04,3.024945036022269173e-04,2.965609312865219319e-04,3.064590276329335673e-04,3.010412447632095307e-04,2.999555915016657056e-04,3.052896448470957349e-04,3.024175141841267287e-04,3.091971451686018448e-04,3.051850155379994618e-04,3.105961279097768516e-04,3.098207269137760104e-04,3.098981658453073425e-04,3.083253328454654634e-04,3.105100774773565143e-04,3.140173781048231525e-04,3.080718185580216427e-04,3.144596009404804346e-04,3.137053238688069959e-04,3.137263953796948701e-04,3.083037356338433972e-04,3.112408937019048067e-04,3.104895825461054856e-04,3.110054339126762921e-04,3.128500856183973424e-04,3.097389265125277723e-04,3.119114911419567510e-04,3.129167430480951639e-04,3.085292780713804698e-04,3.090944599293032934e-04,3.011525824551451562e-04,3.062219208573160943e-04,3.115627262880829346e-04,3.110018845991910298e-04,3.128890936428265174e-04,3.093111866582542763e-04,3.111116667571995112e-04,3.104262913899620037e-04,3.123659904928236604e-04,3.089961837802875045e-04,3.085391967973178436e-04,3.015641690561390300e-04,3.113040814931050020e-04,3.113330226760720209e-04,3.022826368134781607e-04,3.056295024685632008e-04,3.051392583478167793e-04,3.107438191043383280e-04,3.082055207691303820e-04,3.030492831058106094e-04,2.987650370760170510e-04,3.044107752491778088e-04,3.001650287969408757e-04,3.063265345028603147e-04,3.007983554674314389e-04,3.006491579730397067e-04,3.019649193908065937e-04,2.993969930722801208e-04,2.894619767918456222e-04,2.859485934604617157e-04,2.980498769409720876e-04,2.979534260500166080e-04,2.969973929453958018e-04,2.894059411844806780e-04,2.915402218910643508e-04,2.952541560239487005e-04,2.936505684276228515e-04,2.911596616965541934e-04,2.848682562171717982e-04,2.830634998989613204e-04,2.894337942133015347e-04,2.826296104287185935e-04,2.787798523255981698e-04,2.907503757381421443e-04,2.820256979294160130e-04,2.819448222512086454e-04,2.858880588639596976e-04,2.838976197055422218e-04,2.839480449654725475e-04,2.752281067799568128e-04,2.859220504396973723e-04,2.785103031414794088e-04,2.741755993792047261e-04,2.841781761473404768e-04,2.816088654555095900e-04,2.802217347581017863e-04,2.799657466563742277e-04,2.885647070117731798e-04
2.435800946755882739e-04,2.485380918843485163e-04,2.505543715748054299e-04,2.544652956267367920e-04,2.502697264893399983e-04,2.393055777279311821e-04,2.536171114055168455e-04,2.450917730962645386e-04,2.512573424829078750e-04,2.502216812912903799e-04,2.372739532942634371e-04,2.569393877953377535e-04,2.607247474577082422e-04,2.629274248802054934e-04,2.609302589767119665e-04,2.562015073164612558e-04,2.569458153834970095e-04,2.591438697013348567e-04,2.622550356932106777e-04,2.670279053374594361e-04,2.646049926020207490e-04,2.687738662774593625e-04,2.672736175730562797e-04,2.645582713939403853e-04,2.715584744085584759e-04,2.736075355481182064e-04,2.766207258466375600e-04,2.697984933543007388e-04,2.784295520816394785e-04,2.774377155677874309e-04,2.734089289841314780e-04,2.790568098669104786e-04,2.796785589809100631e-04,2.801152477090794826e-04,2.849070214272225602e-04,2.804674452300440321e-04,2.806048831181817715e-04,2.767792164400969656e-04,2.795842624219824039e-04,2.866348293683153108e-04,2.831109099083960168e-04,2.859814291110505512e-04,2.884797038369619798e-04,2.873768994430959522e-04,2.824726292200849189e-04,2.797842726242002771e-04,2.753481887893417107e-04,2.852761570464623121e-04,2.881162438818763816e-04,2.913862494625335618e-04,2.955062068708077692e-04,2.980385658259589849e-04,2.954845268842160987e-04,2.979348053572927063e-04,2.918557807054237467e-04,3.010412447632095307e-04,2.977968999203615573e-04,2.961245322526144183e-04,3.008512635022378076e-04,2.982840978662409416e-04,3.051159197995300071e-04,3.010340105385136294e-04,3.065715940574647354e-04,3.062609039283743025e-04,3.062635158399123212e-04,3.040354611421187654e-04,3.067704336974250243e-04,3.099349085777592435e-04,3.042051625753981227e-04,3.107773248727233777e-04,3.103016159802820498e-04,3.101005832291089449e-04,3.048476338774194837e-04,3.074607703795479287e-04,3.071319031519165730e-04,3.077741542475674347e-04,3.096852672497176634e-04,3.064379181261980682e-04,3.086256997531225052e-04,3.094283961082410351e-04,3.055997075790064946e-04,3.064377808350355259e-04,2.985075934053576141e-04,3.038953734944000026e-04,3.090506678207181630e-04,3.075327892503703633e-04,3.102635923722334805e-04,3.065301763948657899e-04,3.085486377647574151e-04,3.075288570526851155e-04,3.098921822894838891e-04,3.067964810241884392e-04,3.062292787388889428e-04,2.996747625024170458e-04,3.088782436936978772e-04,3.088219780127832571e-04,3.012822209904823627e-04,3.039069825647956399e-04,3.036099044720177217e-04,3.087099878642754090e-04,3.062427943397818576e-04,3.017415811697682446e-04,2.978021752070684775e-04,3.031634577452697052e-04,2.993194948732032191e-04,3.053464025206468189e-04,2.995384537293764625e-04,2.998494115186664554e-04,3.014850440533878816e-04,2.985805570927289941e-04,2.893576367885977783e-04,2.859318100546859374e-04,2.979380848846630795e-04,2.981935956983956500e-04,2.970969699465699507e-04,2.904586933826955016e-04,2.918668733264136823e-04,2.959141625179138261e-04,2.944094043578857501e-04,2.920594924881971454e-04,2.860446198710821447e-04,2.844129403434023204e-04,2.915849098696190523e-04,2.844433666938374588e-04,2.809996022470639975e-04,2.930589939771060387e-04,2.842192120583131266e-04,2.846457615816735758e-04,2.889903357339814512e-04,2.882451717105591446e-04,2.873637435789708097e-04,2.801105023607553435e-04,2.907750911702902913e-04,2.831719690740135023e-04,2.802353393991648491e-04,2.896302871646704914e-04,2.879072857246487544e-04,2.864570659607490683e-04,2.874041576433131184e-04,2.973219115200787855e-04
2.427029949957681726e-04,2.473788247063798767e-04,2.499674599890450372e-04,2.533322986093548466e-04,2.494712164100864357e-04,2.388621960372912223e-04,2.530348421647286503e-04,2.455954954965130512e-04,2.513443205489330709e-04,2.497683734265928549e-04,2.375379696198869984e-04,2.565349417032351874e-04,2.598097874177796398e-04,2.617550138279952439e-04,2.596972784232677079e-04,2.560901879468129483e-04,2.569623686968212396e-04,2.585614727502073417e-04,2.619488373096803238e-04,2.660466308620218902e-04,2.637990813269804687e-04,2.678793137717713703e-04,2.663329861113906071e-04,2.636617712670674056e-04,2.703910391933827856e-04,2.723988895332358920e-04,2.752505084916639726e-04,2.690634178553979561e-04,2.770415907944785033e-04,2.763145349485641219e-04,2.722567069381280082e-04,2.778145395239596136e-04,2.785107149564202810e-04,2.790895741063731156e-04,2.839782075067744018e-04,2.792817257829573185e-04,2.799043311784532410e-04,2.765812888958829921e-04,2.789499985492067155e-04,2.854777713652170527e-04,2.821359033683721674e-04,2.848858430617482005e-04,2.871600925904436215e-04,2.858641862623593089e-04,2.815072932179341590e-04,2.784176602416404273e-04,2.749149783842373598e-04,2.838756735311139673e-04,2.865823318754563850e-04,2.903408664786460915e-04,2.942465474888588425e-04,2.965462922518323431e-04,2.943894596852732345e-04,2.967791172666612784e-04,2.916253981173838410e-04,2.999555915016657056e-04,2.961245322526144183e-04,2.960726185586637425e-04,2.995071888553608921e-04,2.970517943470928762e-04,3.036129533080454386e-04,2.997664351998793105e-04,3.051126701496775740e-04,3.046779917605237998e-04,3.046599770847260467e-04,3.026940176897638781e-04,3.050799277408993869e-04,3.086868777118801374e-04,3.027150325903655778e-04,3.093022015708038995e-04,3.084644802102870010e-04,3.084716401022007310e-04,3.035067811315560215e-04,3.063041630552817063e-04,3.054115842490664513e-04,3.062341472009087523e-04,3.082566802259684591e-04,3.050821476679755348e-04,3.070178606945697382e-04,3.076336156419710237e-04,3.042429811587955184e-04,3.049116998985244940e-04,2.969466356957008580e-04,3.027111889231272465e-04,3.071689975236244360e-04,3.060191573475484414e-04,3.080695792199320080e-04,3.046631679355121694e-04,3.069113598210970609e-04,3.056930223462523463e-04,3.079324683917139430e-04,3.048364621533486917e-04,3.045701257161665277e-04,2.982344011916678093e-04,3.067272950361008216e-04,3.067718719748434666e-04,2.994021617045075764e-04,3.015035160104936147e-04,3.011162793395404124e-04,3.067232283572555876e-04,3.039365216339286364e-04,2.990212289960373650e-04,2.952671268079977950e-04,3.006460803811832169e-04,2.964877494945981754e-04,3.024986021091870020e-04,2.967383640224356797e-04,2.968709099646225013e-04,2.980633633435851408e-04,2.959493702048960305e-04,2.870452075863595470e-04,2.836738660295081631e-04,2.947676673542107165e-04,2.948516181612122135e-04,2.939824194566220293e-04,2.867453898345616922e-04,2.889982757033757112e-04,2.922171857622939454e-04,2.906252624000183024e-04,2.884938276704825154e-04,2.822405682373768112e-04,2.808771464030879097e-04,2.870262245540590625e-04,2.808146435061123817e-04,2.778928969424954436e-04,2.883844959592656086e-04,2.797208381643002386e-04,2.797859774030704311e-04,2.839911121842399644e-04,2.832306786452073967e-04,2.828029308976688118e-04,2.763546358402333607e-04,2.851433635681791608e-04,2.777633776234804896e-04,2.744923015067172035e-04,2.835681271805214239e-04,2.816093300402048487e-04,2.807539682897876115e-04,2.799082573185904168e-04,2.896632720072351576e-04
2.440912264603556402e-04,2.498634156662787030e-04,2.521054343605214272e-04,2.556909889622406454e-04,2.512801287990659694e-04,2.382595809904934506e-04,2.549033221523668577e-04,2.445407325563257804e-04,2.522056585490915358e-04,2.517710078941560580e-04,2.367098704966573007e-04,2.577688366642505381e-04,2.624118561086847493e-04,2.637205241643302694e-04,2.614542737146308702e-04,2.581467467152404266e-04,2.587032829595968270e-04,2.603729508751130030e-04,2.627130318525915044e-04,2.688293833481974213e-04,2.658012803001290531e-04,2.704448280675547395e-04,2.675914295294099985e-04,2.646725821367781027e-04,2.737581067032645275e-04,2.754494484155542390e-04,2.786306623998233405e-04,2.706437235643063344e-04,2.799722944989729194e-04,2.793809282566506072e-04,2.751142024913272224e-04,2.814887294019095170e-04,2.815268305734906144e-04,2.823306506277871767e-04,2.880241132990045698e-04,2.832903679464277816e-04,2.828732109172686767e-04,2.773420554143848069e-04,2.812438145239320574e-04,2.895255277161925254e-04,2.847647185211505771e-04,2.890531189486952391e-04,2.915296596130624736e-04,2.903556460294277148e-04,2.844460160298813004e-04,2.824959146352567043e-04,2.766513993645904339e-04,2.880703430949868539e-04,2.914099364749060455e-04,2.945644442649805782e-04,2.992352782427640245e-04,3.021073742177249766e-04,2.992076126503722300e-04,3.024039638413891047e-04,2.950295670178121354e-04,3.052896448470957349e-04,3.008512635022378076e-04,2.995071888553608921e-04,3.065040279384580028e-04,3.026756652960526490e-04,3.095392199387173092e-04,3.055908550099145464e-04,3.105379573228437174e-04,3.102549784361367867e-04,3.106526853658663477e-04,3.092877560375627364e-04,3.119943229630769174e-04,3.144349303288014011e-04,3.089953514481297184e-04,3.159491580557150479e-04,3.146102835583396216e-04,3.148543839887420529e-04,3.097042922582727599e-04,3.121681471518227740e-04,3.119595054951499152e-04,3.123579876894420925e-04,3.141302391925288235e-04,3.106287834471220858e-04,3.126379664659130453e-04,3.143943975582088051e-04,3.097544698350487174e-04,3.106912181709022805e-04,3.012605434825173169e-04,3.069181978876074418e-04,3.128667091762418967e-04,3.123770724507042031e-04,3.150155434749360938e-04,3.110319904795339732e-04,3.132685297845508201e-04,3.124888522375278703e-04,3.144971255923883851e-04,3.111861577435903509e-04,3.104021047659583738e-04,3.031111387539892608e-04,3.137204670845788307e-04,3.139592605717116082e-04,3.038526779408673613e-04,3.081741950246279379e-04,3.078948209499147277e-04,3.124956681927828789e-04,3.103917898413489852e-04,3.056996694891359382e-04,3.015987234095415066e-04,3.072866602746682045e-04,3.029555484581021650e-04,3.095163091792190336e-04,3.039045853395362499e-04,3.043267015796035486e-04,3.055953720795344234e-04,3.030092896425125282e-04,2.916952675059041652e-04,2.881351165391272170e-04,3.016508419409999237e-04,3.017831711570981724e-04,3.001501164568184769e-04,2.936631963682001805e-04,2.949961079107761325e-04,2.990840314727283658e-04,2.980874422885249715e-04,2.946733428859907213e-04,2.882438740191146627e-04,2.859206688794940017e-04,2.931839683409763887e-04,2.859332844687074754e-04,2.814765445043206603e-04,2.952187013726840841e-04,2.861728386828101141e-04,2.868443731659544834e-04,2.912915298195478805e-04,2.892626529325789718e-04,2.881295756026910318e-04,2.766819527026732916e-04,2.915349573776533144e-04,2.841174394291442942e-04,2.793042129256592221e-04,2.886874144613543790e-04,2.869753588128465369e-04,2.858741089255571939e-04,2.853496462595349900e-04,2.960669062423672217e-04
2.407183090868013277e-04,2.457904686282426734e-04,2.481505560428378461e-04,2.516966545984706269e-04,2.472250157512225974e-04,2.356810774806132971e-04,2.507738157518814423e-04,2.417171740003280788e-04,2.483260786736159556e-04,2.483734891614393023e-04,2.345428081728421707e-04,2.539335519314762945e-04,2.579459666968160047e-04,2.597946727177132269e-04,2.573289194302059340e-04,2.539028929832265035e-04,2.545281380538652822e-04,2.561214943081132635e-04,2.591837091181864948e-04,2.643412246653927575e-04,2.615236609161888525e-04,2.660212873953924436e-04,2.641989457793815087e-04,2.612659966612387820e-04,2.691896594838294986e-04,2.712881778890713748e-04,2.742328912631453305e-04,2.672555671426373662e-04,2.760017424487941785e-04,2.755031383851871745e-04,2.713913330987666726e-04,2.773932383621688889e-04,2.779720423673888137e-04,2.788105771360355721e-04,2.839665636179102893e-04,2.795941921738325452e-04,2.795840987409922555e-04,2.750797847522051809e-04,2.783828783709185674e-04,2.858849377118470028e-04,2.818731739138158332e-04,2.856746197991132672e-04,2.880183124590657479e-04,2.870582944163498898e-04,2.815260068324431275e-04,2.790279321978818175e-04,2.745537753116215158e-04,2.849027554912261827e-04,2.883752774394131345e-04,2.916776967844448730e-04,2.962952257416759166e-04,2.989080225338309939e-04,2.964352182493151084e-04,2.992744911237864769e-04,2.927371926223816946e-04,3.024175141841267287e-04,2.982840978662409416e-04,2.970517943470928762e-04,3.026756652960526490e-04,3.007117712481109499e-04,3.067679724499910283e-04,3.028167602927051179e-04,3.080055751860976744e-04,3.078706165352748376e-04,3.079946267447370204e-04,3.064507389717000159e-04,3.090688714892376706e-04,3.120352114577360902e-04,3.064399227076644366e-04,3.130801040280253205e-04,3.121139883656718966e-04,3.122126807827185269e-04,3.071244267558270562e-04,3.100824596847175812e-04,3.094686577022443636e-04,3.101767466623647014e-04,3.118320030541383279e-04,3.088221909418176875e-04,3.105058906396663838e-04,3.118400916354141235e-04,3.075622556054027229e-04,3.086824627977628505e-04,3.007397095253175226e-04,3.055326230464924515e-04,3.112353213017518441e-04,3.102109786153553635e-04,3.129285792740503546e-04,3.089614798359688222e-04,3.109443123950559598e-04,3.101132782583784059e-04,3.123055300482836653e-04,3.097307429772071328e-04,3.085583793676004399e-04,3.017895880256583376e-04,3.115368109813882792e-04,3.117703306792194719e-04,3.032423258849825274e-04,3.067184352338239023e-04,3.064063318892706845e-04,3.113240255697450817e-04,3.090811197286288167e-04,3.043974229084861504e-04,3.001869133108078704e-04,3.061227356102461995e-04,3.016364773889047032e-04,3.078779505250523515e-04,3.025210325969233016e-04,3.023959544221737879e-04,3.039548895369250736e-04,3.015226126473324734e-04,2.913757008251922258e-04,2.879331485014825776e-04,3.007075760843711714e-04,3.008263928433552539e-04,2.997217928575617485e-04,2.931546853626390971e-04,2.950148846060448465e-04,2.985252138513974250e-04,2.976125541409534972e-04,2.947394721883429759e-04,2.880934467310820391e-04,2.862769539113805715e-04,2.934699313366999048e-04,2.863226554266876827e-04,2.825209444181303684e-04,2.950607100574606750e-04,2.861684189278274884e-04,2.864198826891779857e-04,2.910385210581932568e-04,2.897589797747913954e-04,2.892030989691291454e-04,2.799802280494431933e-04,2.921991484281616738e-04,2.856284168248638062e-04,2.806558415147755487e-04,2.905223747954710609e-04,2.881678742582392426e-04,2.878978667975014088e-04,2.877392094360028464e-04,2.977362613523535468e-04
2.460718451679263629e-04,2.512006538221372531e-04,2.535085904524592777e-04,2.573815967499482786e-04,2.526772480600412919e-04,2.403048919663230358e-04,2.561805152830878493e-04,2.460246747577386848e-04,2.532945479788176408e-04,2.528460884121270505e-04,2.378173235539656058e-04,2.591170612475127643e-04,2.636124190431472780e-04,2.657443432651286110e-04,2.633162716972081187e-04,2.584133861743833044e-04,2.592429670451307363e-04,2.615456865138972883e-04,2.645050836759988040e-04,2.700630096997123529e-04,2.672838995254250621e-04,2.719395547252367873e-04,2.700003600105199339e-04,2.669191067202779160e-04,2.752377999266812170e-04,2.773255434026768379e-04,2.804537297405320056e-04,2.728443449608007067e-04,2.825251027406718149e-04,2.814530628665735230e-04,2.771737791945767240e-04,2.838905042046073945e-04,2.842773109311989084e-04,2.848748648335302125e-04,2.902460805897562487e-04,2.858319116484523748e-04,2.856409100654421504e-04,2.809118134706183479e-04,2.841854170322476061e-04,2.924277921336158599e-04,2.882568485397780738e-04,2.921163347926045888e-04,2.947349478127222967e-04,2.938020083458783133e-04,2.877572067174911908e-04,2.856967644767949071e-04,2.800248735393648944e-04,2.914222690934367721e-04,2.949074287219009848e-04,2.980665076740911766e-04,3.031162301666727519e-04,3.058188588934028702e-04,3.032327296707257639e-04,3.059931484113128709e-04,2.987229963555911483e-04,3.091971451686018448e-04,3.051159197995300071e-04,3.036129533080454386e-04,3.095392199387173092e-04,3.067679724499910283e-04,3.146509824758998209e-04,3.097655550204144338e-04,3.152878794936920452e-04,3.151722928786604080e-04,3.154269778387394489e-04,3.133539867084577713e-04,3.163124753743984992e-04,3.192370528276165147e-04,3.132810642495682829e-04,3.205790064601984598e-04,3.198363770026186226e-04,3.195073410154329217e-04,3.146531391478952708e-04,3.167973311416530618e-04,3.168659962734970731e-04,3.175419239869194891e-04,3.194594320027309702e-04,3.159036365967534754e-04,3.181126933139092738e-04,3.194142395304763065e-04,3.150166844222910254e-04,3.155932187211424062e-04,3.071988556455296443e-04,3.124558895102718119e-04,3.185890714993325321e-04,3.174299758873174479e-04,3.205084609478678218e-04,3.164066131149133104e-04,3.185813653133366197e-04,3.178467433761053475e-04,3.197433592427184634e-04,3.168185267892214174e-04,3.157633870782059057e-04,3.088152228920346804e-04,3.193393877946412067e-04,3.194919898007575042e-04,3.102328826811609312e-04,3.139805575083259620e-04,3.139863952542142175e-04,3.187503265182029606e-04,3.168810727925274080e-04,3.117549975198070683e-04,3.079313066475646032e-04,3.139109723188512283e-04,3.097026858597878786e-04,3.158099018107310288e-04,3.101571825563293524e-04,3.104195441837070859e-04,3.124204869073446780e-04,3.094608190219925959e-04,2.980697764014289693e-04,2.949464094874397566e-04,3.088802735220463045e-04,3.094808486780703635e-04,3.074879871043605497e-04,3.009215827867278942e-04,3.023090094657420010e-04,3.069335687866027343e-04,3.054814367899670677e-04,3.029212858931281229e-04,2.964042962030078170e-04,2.941249304177424081e-04,3.024268046234930584e-04,2.946243978651713136e-04,2.899853876785679955e-04,3.043317143276859480e-04,2.956568858446238270e-04,2.959350355725593753e-04,3.006268905459919482e-04,2.998546172159871474e-04,2.987414120466261400e-04,2.893278032233906620e-04,3.024118181347966059e-04,2.953198570572491684e-04,2.911048535759017835e-04,3.006399825027374854e-04,2.994752762703611361e-04,2.988601716072093674e-04,2.993859220503654155e-04,3.095967637507335366e-04
2.421903012135929241e-04,2.474645152174986839e-04,2.496871552335776299e-04,2.536905589211411322e-04,2.489607682833707347e-04,2.365622527455199910e-04,2.524138848581848767e-04,2.422833104294776533e-04,2.492822656236026247e-04,2.498515081398200335e-04,2.357653126156666467e-04,2.552138937307242583e-04,2.598223358790038569e-04,2.614195254959465471e-04,2.594057599085427082e-04,2.561706011566959921e-04,2.556456335407927805e-04,2.583020769414562661e-04,2.603139489031024417e-04,2.662777531619610599e-04,2.630383468607680247e-04,2.681787567445614298e-04,2.656312183340534244e-04,2.629043562855546095e-04,2.711566607166713064e-04,2.732056561340624984e-04,2.763857611041214361e-04,2.691179009470208504e-04,2.784074065442089887e-04,2.778363321869085152e-04,2.731757123411179627e-04,2.798997033702470402e-04,2.806557966444212632e-04,2.810896194544796191e-04,2.861401086510953853e-04,2.818992388870231246e-04,2.816841993429275632e-04,2.766667337398937779e-04,2.803359397421832590e-04,2.883200766254951242e-04,2.845065272083303399e-04,2.878683337980854069e-04,2.908094147544437345e-04,2.893886239945669156e-04,2.836215586998353248e-04,2.813187817241832888e-04,2.750629812059175857e-04,2.872398699703485330e-04,2.909318057578772735e-04,2.939791569856677229e-04,2.988361789229141059e-04,3.018652244645262414e-04,2.988074320514863308e-04,3.016503514615844319e-04,2.947632087195346264e-04,3.051850155379994618e-04,3.010340105385136294e-04,2.997664351998793105e-04,3.055908550099145464e-04,3.028167602927051179e-04,3.097655550204144338e-04,3.070442706113285622e-04,3.110279636047703737e-04,3.110542974828995407e-04,3.111366482567338803e-04,3.093678214884671568e-04,3.124388258233603308e-04,3.154396159711297205e-04,3.094473051134393631e-04,3.162544408360344226e-04,3.158327507793098096e-04,3.157354363670548340e-04,3.112669968936966451e-04,3.133343574185075159e-04,3.127381932966306140e-04,3.141701822996145407e-04,3.155712418779603196e-04,3.118501904484878898e-04,3.141499139462996127e-04,3.156162562809087212e-04,3.109761507389139984e-04,3.118239691386399709e-04,3.037425472597035572e-04,3.087188243060163292e-04,3.148590788130788002e-04,3.136480163296191106e-04,3.166042384241958118e-04,3.125526435273862850e-04,3.147099015950927310e-04,3.136477541404856422e-04,3.157552956659994705e-04,3.132564157359935745e-04,3.111942966955605241e-04,3.047367702582329057e-04,3.152742530817306387e-04,3.151258918925937177e-04,3.068685948611913012e-04,3.099131471226091112e-04,3.101508773337705504e-04,3.145833558889392562e-04,3.125303624633205793e-04,3.081234755736818797e-04,3.034277380522587336e-04,3.094422539081754056e-04,3.056566699944225879e-04,3.115826780636977186e-04,3.059047986781477236e-04,3.065471127459339583e-04,3.080293471071095224e-04,3.047563862137054875e-04,2.944031362128880758e-04,2.910901108266479142e-04,3.042640871470846326e-04,3.050286200721546406e-04,3.032328879845723338e-04,2.970276969202859129e-04,2.983372064455144649e-04,3.026165083598597052e-04,3.012447512716603243e-04,2.988515665595889458e-04,2.922994935194192750e-04,2.900107450555245965e-04,2.978069582624809364e-04,2.904588899878007987e-04,2.859554195647815811e-04,3.005609067799106080e-04,2.915959506605358227e-04,2.915797078031026764e-04,2.957975692895739648e-04,2.946162659323969661e-04,2.940563407859898186e-04,2.843738008042689079e-04,2.978441396202476717e-04,2.909791025586146163e-04,2.867064423696101972e-04,2.968521836873712046e-04,2.955588319020799565e-04,2.942667377130563913e-04,2.946427005942220292e-04,3.054069783952815501e-04
2.482438297180737490e-04,2.529244047622613255e-04,2.554581969273530249e-04,2.593178482005564604e-04,2.548843434551803467e-04,2.432141335594844959e-04,2.583819165004024986e-04,2.482802038152717087e-04,2.552472061115708488e-04,2.555703668029082453e-04,2.411122702392125229e-04,2.613716158538064165e-04,2.655236224437755436e-04,2.680215788974881744e-04,2.657469978975612684e-04,2.604641635800564745e-04,2.610936292550470510e-04,2.634327213920590661e-04,2.670430984196836555e-04,2.718767659088259419e-04,2.695157751370016877e-04,2.738754360781262215e-04,2.725105021449346875e-04,2.693016821875812206e-04,2.770109558204677017e-04,2.793672431615999967e-04,2.823230101378166527e-04,2.753046668680152686e-04,2.845159368432803571e-04,2.834501181549248412e-04,2.789464214849898360e-04,2.854913871779043966e-04,2.864074324049660785e-04,2.868566804186513191e-04,2.918805064991961042e-04,2.874794209080166552e-04,2.873843959565633389e-04,2.833921077891408805e-04,2.863106931287187152e-04,2.940255806820457466e-04,2.903842536921352551e-04,2.936253431119157189e-04,2.964065924678270579e-04,2.952223556814430523e-04,2.896446892096952086e-04,2.867473468900444238e-04,2.818356673452605148e-04,2.928555213430804284e-04,2.961683815030168683e-04,2.993248968252530673e-04,3.046119113106286183e-04,3.071625749265408751e-04,3.047813510882019759e-04,3.071548669043855915e-04,3.006030061884096293e-04,3.105961279097768516e-04,3.065715940574647354e-04,3.051126701496775740e-04,3.105379573228437174e-04,3.080055751860976744e-04,3.152878794936920452e-04,3.110279636047703737e-04,3.178792438123246287e-04,3.166883160470562839e-04,3.165174167334088408e-04,3.142579798982541965e-04,3.171782069721734406e-04,3.207236249408287670e-04,3.145553105205183149e-04,3.217376357061332956e-04,3.212907951937939589e-04,3.204004371351142750e-04,3.157643592299085229e-04,3.181407177199857246e-04,3.180644415982047902e-04,3.189579653155830315e-04,3.209273732543037523e-04,3.174203156081759395e-04,3.198279896543762568e-04,3.206687330926578407e-04,3.161737458804634551e-04,3.167851597944314678e-04,3.090119717860825258e-04,3.141538541139487421e-04,3.199373534038481878e-04,3.188197428082675030e-04,3.214994400898286671e-04,3.176021007464801139e-04,3.193618721379699638e-04,3.186547299768929266e-04,3.207188642756910553e-04,3.181175483148593135e-04,3.167227870561531281e-04,3.105369723466319589e-04,3.205427244870529728e-04,3.203643278295186967e-04,3.116762168623127640e-04,3.149213123800851397e-04,3.149978880245653061e-04,3.200664923046712940e-04,3.179609064666866496e-04,3.127257659805426915e-04,3.085936562693562053e-04,3.147495139054629076e-04,3.110074342480701999e-04,3.166432969856944704e-04,3.110009366950346578e-04,3.109399441643998061e-04,3.131664683457765792e-04,3.100650239587094130e-04,2.997018499893305842e-04,2.965809250582197051e-04,3.098896993969126588e-04,3.103181629599547947e-04,3.086918298299613003e-04,3.015267700665671393e-04,3.032568537841909273e-04,3.075971055691902197e-04,3.060967280918415966e-04,3.041878473579384613e-04,2.974255657823953597e-04,2.951425900238577077e-04,3.037206773658971499e-04,2.961347246820654759e-04,2.920430513903638837e-04,3.052773454701080444e-04,2.968698844613601147e-04,2.966625134259244967e-04,3.012920333363922282e-04,3.010768945298033681e-04,2.996890808938479996e-04,2.924711345769566602e-04,3.028944671476132395e-04,2.966609220259582100e-04,2.925867828044130406e-04,3.020320607516532581e-04,3.002500823347327343e-04,2.999016296760086955e-04,3.007936682196208494e-04,3.103249802420219986e-04
2.443780463601793779e-04,2.492798430408766199e-04,2.514062245190356584e-04,2.554579332394739302e-04,2.508350410653875065e-04,2.389079788444183430e-04,2.543275394519549414e-04,2.441778785950912017e-04,2.511135258315062868e-04,2.515076840487530689e-04,2.370079901602927495e-04,2.572786033647842950e-04,2.613958027886884852e-04,2.638295889154462868e-04,2.617304403222610776e-04,2.571087017583550721e-04,2.570836710193653081e-04,2.595046438827120416e-04,2.628844662559883124e-04,2.683259303471769320e-04,2.655003867964844926e-04,2.703245133674416650e-04,2.688356856438430084e-04,2.661786617542201590e-04,2.739134765367790903e-04,2.760731626316502234e-04,2.792987071471393829e-04,2.720151862540967440e-04,2.814199994122473878e-04,2.805914708490211333e-04,2.763035631069212677e-04,2.827989716306176637e-04,2.836540856611304701e-04,2.842325603202077518e-04,2.893082400256197706e-04,2.852336539384515914e-04,2.852712842632758685e-04,2.806015001952313773e-04,2.842319474924056297e-04,2.922367830389735314e-04,2.883894540106894016e-04,2.918886426431335540e-04,2.945805493336135523e-04,2.932037356577048563e-04,2.875306356473956472e-04,2.850098847375409552e-04,2.797477736681522244e-04,2.914372068731049857e-04,2.953262567658907736e-04,2.983085556803255424e-04,3.035664998700408814e-04,3.061249499774955514e-04,3.037376768006557165e-04,3.064801414190576503e-04,2.993944411471909073e-04,3.098207269137760104e-04,3.062609039283743025e-04,3.046779917605237998e-04,3.102549784361367867e-04,3.078706165352748376e-04,3.151722928786604080e-04,3.110542974828995407e-04,3.166883160470562839e-04,3.175751742260723791e-04,3.168410582502186653e-04,3.145386025057523237e-04,3.178354424945658728e-04,3.208054296675307915e-04,3.150292142138074814e-04,3.220455502451775170e-04,3.214667940196514763e-04,3.211312021713073634e-04,3.164529251286789030e-04,3.186905932127236801e-04,3.187332511239133028e-04,3.195491942842922941e-04,3.215665373664688856e-04,3.181776123644514641e-04,3.203213370174944085e-04,3.214486941333172883e-04,3.169989904738339487e-04,3.179208093391854787e-04,3.100320588384310508e-04,3.151968423847571190e-04,3.213069386803770150e-04,3.194860545438567463e-04,3.231939478246589220e-04,3.190391134925755459e-04,3.209742435756498505e-04,3.198888921739453961e-04,3.223920584088454814e-04,3.198559074408034004e-04,3.182717657488300838e-04,3.114757387134914411e-04,3.219644262469231700e-04,3.223131947590778044e-04,3.139429858822768006e-04,3.173831621604211793e-04,3.174486430595341302e-04,3.218986839276393895e-04,3.199064673564239701e-04,3.153262986791876611e-04,3.112308481936374642e-04,3.173303433947160363e-04,3.135235214140745280e-04,3.196484351248270791e-04,3.136873399842044657e-04,3.140504358364670854e-04,3.162472891272107489e-04,3.131847643032280087e-04,3.025817929199947545e-04,2.993694813328056032e-04,3.130589556910964204e-04,3.137518948239064582e-04,3.123444284996992003e-04,3.055999888605726218e-04,3.073710281950608916e-04,3.120202189962566599e-04,3.107425159579133033e-04,3.079260549846153097e-04,3.016934958923571386e-04,2.992866459388280947e-04,3.079450789249491027e-04,2.999886039977392492e-04,2.950914636840971245e-04,3.100959953253577556e-04,3.014435341101768563e-04,3.016033580137618170e-04,3.064003924102846801e-04,3.057719207016836591e-04,3.048273821816921371e-04,2.967150119635206360e-04,3.087771394938432223e-04,3.024736263766854261e-04,2.982532636342864448e-04,3.078398639385730435e-04,3.068185495846382583e-04,3.065438211847367421e-04,3.076775951913469074e-04,3.183906823746243003e-04
2.402765683447522979e-04,2.456872723605045593e-04,2.474773427664599796e-04,2.514512762740215386e-04,2.469740674528460539e-04,2.345123848834810502e-04,2.501657978775553674e-04,2.401257303534113979e-04,2.470067601372033712e-04,2.466467411668436609e-04,2.322938021335569844e-04,2.531075867146646190e-04,2.573901210483173392e-04,2.594873045285318175e-04,2.574624341997178698e-04,2.529181033164537335e-04,2.529166814227928688e-04,2.558710634750907607e-04,2.583761094416604266e-04,2.642775825766941790e-04,2.613571556987843080e-04,2.664230453377378028e-04,2.649021744102153476e-04,2.621194346887583521e-04,2.702981702171255844e-04,2.721942659576481738e-04,2.756224882912019581e-04,2.683070854776045048e-04,2.783289819355180264e-04,2.774767364744308898e-04,2.735617813254806246e-04,2.798100083011133428e-04,2.804230141785585772e-04,2.817066558176274747e-04,2.867573006621327832e-04,2.828620238479555011e-04,2.832338865008816311e-04,2.781870922038184716e-04,2.822729906102388274e-04,2.902867831601619979e-04,2.865436891582266851e-04,2.902905110387344017e-04,2.930196332783584581e-04,2.917399115402410275e-04,2.862463431572500488e-04,2.840173772512002916e-04,2.786992814943766729e-04,2.909119402645665448e-04,2.947454423659708511e-04,2.975339867298665416e-04,3.026859563290502583e-04,3.057102279482469195e-04,3.032648383147677849e-04,3.064255047763965521e-04,2.989922902898667291e-04,3.098981658453073425e-04,3.062635158399123212e-04,3.046599770847260467e-04,3.106526853658663477e-04,3.079946267447370204e-04,3.154269778387394489e-04,3.111366482567338803e-04,3.165174167334088408e-04,3.168410582502186653e-04,3.185298071551920349e-04,3.152489770232231908e-04,3.185480245350092647e-04,3.212729506036422940e-04,3.155764630720578876e-04,3.229113318009922792e-04,3.220368062418034537e-04,3.214201365471207198e-04,3.171793729866350742e-04,3.192965948000132254e-04,3.190192240294171177e-04,3.203257299048873925e-04,3.219869810415997534e-04,3.185181044369922595e-04,3.209461865442971669e-04,3.220631082469695844e-04,3.176429444839668176e-04,3.187920029145234198e-04,3.106773503728829221e-04,3.157393765426986534e-04,3.220994082957912810e-04,3.202817313294138626e-04,3.242333051828310978e-04,3.199890009910384843e-04,3.220817598978535125e-04,3.210135822385794366e-04,3.232923782559602257e-04,3.206546196888749450e-04,3.193953855520340252e-04,3.122836849972461591e-04,3.229160543670281554e-04,3.231995736978676747e-04,3.150455507784571474e-04,3.182432955964286368e-04,3.182768937747666401e-04,3.230122341963094978e-04,3.206571593517397196e-04,3.165311495864593714e-04,3.127469981494543426e-04,3.183690288619092689e-04,3.143985564814609219e-04,3.207897546998675765e-04,3.148289797438412474e-04,3.155115047357105111e-04,3.176112112298404007e-04,3.147219271732762630e-04,3.039359010256710895e-04,3.007869394507620728e-04,3.140083943612899408e-04,3.150256459976879869e-04,3.132350540305900931e-04,3.073155493746328702e-04,3.089508882186398075e-04,3.134992781641037993e-04,3.122340042098221535e-04,3.095918913697697818e-04,3.032972833554201889e-04,3.013804018099843374e-04,3.092992390076313076e-04,3.015268290461991900e-04,2.966625084003427664e-04,3.117866244283023450e-04,3.033403618850602002e-04,3.044341285298709566e-04,3.090664640042107441e-04,3.081189897469365012e-04,3.069741848870530471e-04,2.982244025916268478e-04,3.114699496054379392e-04,3.047438595135970206e-04,3.012839633673062385e-04,3.106053667866493233e-04,3.097909852154140799e-04,3.099774266338729952e-04,3.103740108847114062e-04,3.225353781861728495e-04
2.384654487030209613e-04,2.444767480495219384e-04,2.468354621589524830e-04,2.504246209840761315e-04,2.454208612324573031e-04,2.325139168730915842e-04,2.491998610052396229e-04,2.386633460632266201e-04,2.464285965333367582e-04,2.454493048017379543e-04,2.313733150131611950e-04,2.514722514844672913e-04,2.566100412310955213e-04,2.579028514401893071e-04,2.550444584571193878e-04,2.519631940874288677e-04,2.526688686316081031e-04,2.546652078673228574e-04,2.569107466054089579e-04,2.632676987585732729e-04,2.600288739832017125e-04,2.647983134257361109e-04,2.623809635568506737e-04,2.596929431029672015e-04,2.689385921301586319e-04,2.706128074147310931e-04,2.743623114837336085e-04,2.661099504164193353e-04,2.760700269795215403e-04,2.756768401156928683e-04,2.718250285696171653e-04,2.783718597304255448e-04,2.786871112549601159e-04,2.797664682419209628e-04,2.858052993399348165e-04,2.816043916529321141e-04,2.813003153309934202e-04,2.756848425502103172e-04,2.801196458831904158e-04,2.888302496796049104e-04,2.840185031236949179e-04,2.890477265311795232e-04,2.914359842323661172e-04,2.904940523550404155e-04,2.842670511451203595e-04,2.828026835574937235e-04,2.766629477823883266e-04,2.888151653519700096e-04,2.929241235436247826e-04,2.961193673855040329e-04,3.011025242477513076e-04,3.043431647861478853e-04,3.016214204777360351e-04,3.052162839145066775e-04,2.972297077754659312e-04,3.083253328454654634e-04,3.040354611421187654e-04,3.026940176897638781e-04,3.092877560375627364e-04,3.064507389717000159e-04,3.133539867084577713e-04,3.093678214884671568e-04,3.142579798982541965e-04,3.145386025057523237e-04,3.152489770232231908e-04,3.147290480158640457e-04,3.168855894891434112e-04,3.190078005807645543e-04,3.134269696663387100e-04,3.207175548347089241e-04,3.191123514297576126e-04,3.197905874279812844e-04,3.148229384024271910e-04,3.173649179664717631e-04,3.169902753159210070e-04,3.176004383912026476e-04,3.192106981675377274e-04,3.159863975707513108e-04,3.177031296382473659e-04,3.200222414740444749e-04,3.150536046461028606e-04,3.160952385619702695e-04,3.067974310227150072e-04,3.122149237250683895e-04,3.187053263106486055e-04,3.185811130391720623e-04,3.214054121678455657e-04,3.170889533480060452e-04,3.195214755161932809e-04,3.186359669536946329e-04,3.210948636953196494e-04,3.181028167270937902e-04,3.167024246504729118e-04,3.092028610567186682e-04,3.203949709638286491e-04,3.209267119704762509e-04,3.113241911953226249e-04,3.156169231546547245e-04,3.150986823905899278e-04,3.195536817231415692e-04,3.179940560833364798e-04,3.132639480090618081e-04,3.093233729178456576e-04,3.152241931228941577e-04,3.109897660014444712e-04,3.173559427825217694e-04,3.119924025337166224e-04,3.124624671562740096e-04,3.141174194238466073e-04,3.114125492288921356e-04,2.993981299880678175e-04,2.962117583885365952e-04,3.103576040834369557e-04,3.107173839872404012e-04,3.093526795726757360e-04,3.028629369310684703e-04,3.050239496240506423e-04,3.090242596827381776e-04,3.082163060125884700e-04,3.049581048649829384e-04,2.981476087884117891e-04,2.960849032967432918e-04,3.032207106593108451e-04,2.959701311329471121e-04,2.908765297779285827e-04,3.058468623236428562e-04,2.973963377333873281e-04,2.982644860743294030e-04,3.025014351949861097e-04,3.006803826098014272e-04,3.001025315110431935e-04,2.876827203120084324e-04,3.037378400793400179e-04,2.969216056361000393e-04,2.918029121354449428e-04,3.010301794149491885e-04,2.996391842196458131e-04,2.998416036726761014e-04,2.999773532658284191e-04,3.107088165929283480e-04
2.377814076743179478e-04,2.441355240860531260e-04,2.459956702612797926e-04,2.502179130811131667e-04,2.450892722512983124e-04,2.311866596222857530e-04,2.483048497794742996e-04,2.366150367331490716e-04,2.450956081314481635e-04,2.452725429594273567e-04,2.295497869868918671e-04,2.508744328682600594e-04,2.558363127120628498e-04,2.576312660814834257e-04,2.549958814917088843e-04,2.511907351166576359e-04,2.517454768004633112e-04,2.539821036335737636e-04,2.556434405884619324e-04,2.627902875278676138e-04,2.593327883359910807e-04,2.646193241403995344e-04,2.623460278202286496e-04,2.594518561265547470e-04,2.687258839898011586e-04,2.708345862474255666e-04,2.745200061004522771e-04,2.660474373299420584e-04,2.767685097753318007e-04,2.761303202534338259e-04,2.721064905890063627e-04,2.788786321750661291e-04,2.793703394886113528e-04,2.805358959126148170e-04,2.865038202760165627e-04,2.823825098874140505e-04,2.820401007611908983e-04,2.759881886635862330e-04,2.808930738615486003e-04,2.900770666070903617e-04,2.853081177344035115e-04,2.901762649825663878e-04,2.925162579593593745e-04,2.914296800428625212e-04,2.850556773006866058e-04,2.835142179899218591e-04,2.766668794525032368e-04,2.901357213489022275e-04,2.949130412170159117e-04,2.976996210986256660e-04,3.030565909632072503e-04,3.063945816489142891e-04,3.035033800565302984e-04,3.070645891985199021e-04,2.987254759265064400e-04,3.105100774773565143e-04,3.067704336974250243e-04,3.050799277408993869e-04,3.119943229630769174e-04,3.090688714892376706e-04,3.163124753743984992e-04,3.124388258233603308e-04,3.171782069721734406e-04,3.178354424945658728e-04,3.185480245350092647e-04,3.168855894891434112e-04,3.212972606523887349e-04,3.224065504228964597e-04,3.167419962141082177e-04,3.242396935281298734e-04,3.232500774702991341e-04,3.232501810792864634e-04,3.187947438948519245e-04,3.207889963874816560e-04,3.207850290074632329e-04,3.218307268396360045e-04,3.230544400989022818e-04,3.194508940752384179e-04,3.216219464040272658e-04,3.240405636004940683e-04,3.189142246054711065e-04,3.200877352148214102e-04,3.106075272585564931e-04,3.161164642122370303e-04,3.233013583912376534e-04,3.221019020082358290e-04,3.259951785919078487e-04,3.212760738463109073e-04,3.237528366257093706e-04,3.227518679545928284e-04,3.249446797643704686e-04,3.227611728191885068e-04,3.206943170538509497e-04,3.133125206771509154e-04,3.250294216062051423e-04,3.253926126319565352e-04,3.159945962564722531e-04,3.203454391125050752e-04,3.201440053749307689e-04,3.247147708473287664e-04,3.227727981020375616e-04,3.188407318847684239e-04,3.146394563592168759e-04,3.207567482730487780e-04,3.168069387084984537e-04,3.233902628299788694e-04,3.175085323941814037e-04,3.182584107111901834e-04,3.203674704395869212e-04,3.173446398480744292e-04,3.052231459578920144e-04,3.016285091976395852e-04,3.164683098353922395e-04,3.177745355853882109e-04,3.157374752439336867e-04,3.101732656713774888e-04,3.110860598808867306e-04,3.160002784252699103e-04,3.153863691550854798e-04,3.121205950810710490e-04,3.056807249775726721e-04,3.029884977430554512e-04,3.116962912154455623e-04,3.040638959744705930e-04,2.978718821980001524e-04,3.152030559983672498e-04,3.063259008015832064e-04,3.075101384308802453e-04,3.118652096987554133e-04,3.108907757252606921e-04,3.097966333214807483e-04,2.978800519994975228e-04,3.146880897605172493e-04,3.080066965727675573e-04,3.031445277117982874e-04,3.124541590461860931e-04,3.124500450409762979e-04,3.118894132439727681e-04,3.130630260917213747e-04,3.251598278304417781e-04
2.451494798495759881e-04,2.504372989055543889e-04,2.528610662276991640e-04,2.567539902713346866e-04,2.520335215228382384e-04,2.390235516168556188e-04,2.555239768472243795e-04,2.450845987106012379e-04,2.523477824552775332e-04,2.530661202949435816e-04,2.383276517348705361e-04,2.583535644938006730e-04,2.629734987125205577e-04,2.647978076337516979e-04,2.628171499558098014e-04,2.588870093798981338e-04,2.584086745034122807e-04,2.614143323419478135e-04,2.638025135790167636e-04,2.699072499262066861e-04,2.667855322132109625e-04,2.719389581084641458e-04,2.698293220392788375e-04,2.672816564626246207e-04,2.754525356132451943e-04,2.776553913908608802e-04,2.811288001064981006e-04,2.734034074233568498e-04,2.834855051161500657e-04,2.825719636706988105e-04,2.782128058904129544e-04,2.850799639865380947e-04,2.856522966587354546e-04,2.865789131279996519e-04,2.920112981200348500e-04,2.876187743685357755e-04,2.876413865728907697e-04,2.827712697240433054e-04,2.866143770034595148e-04,2.949113064085250404e-04,2.908440438646513410e-04,2.950006234485840059e-04,2.976748320807736368e-04,2.961010374397083462e-04,2.904129116628507718e-04,2.877887298460528732e-04,2.823718358127938238e-04,2.946474568906252002e-04,2.987885698144367641e-04,3.018124179029902515e-04,3.067851484581272047e-04,3.099528889235052828e-04,3.074836447067461022e-04,3.106005387471588242e-04,3.032143060186757869e-04,3.140173781048231525e-04,3.099349085777592435e-04,3.086868777118801374e-04,3.144349303288014011e-04,3.120352114577360902e-04,3.192370528276165147e-04,3.154396159711297205e-04,3.207236249408287670e-04,3.208054296675307915e-04,3.212729506036422940e-04,3.190078005807645543e-04,3.224065504228964597e-04,3.261294782781971381e-04,3.192975926372231118e-04,3.267123563957217980e-04,3.258096920648769065e-04,3.252761389647220477e-04,3.211428559471967564e-04,3.233544557441722536e-04,3.229655410951876807e-04,3.245303534761457176e-04,3.259237571919285591e-04,3.223584437934876013e-04,3.249282804416740505e-04,3.263197329321485571e-04,3.214731011185567415e-04,3.222352740370889538e-04,3.140756536497179337e-04,3.191176983143242268e-04,3.258717360905646248e-04,3.242280438970071500e-04,3.278000302395405797e-04,3.234258006009818999e-04,3.255691321933430770e-04,3.246954171657521994e-04,3.266867889564103707e-04,3.241903804562027542e-04,3.227756120317741366e-04,3.158015120552806038e-04,3.263391168250197988e-04,3.268387745883441259e-04,3.178623954827336658e-04,3.212783511963044421e-04,3.211920810099910708e-04,3.262367264682765789e-04,3.242624041141384944e-04,3.194434016686197898e-04,3.157057079485265706e-04,3.215870849350909388e-04,3.177152267665036764e-04,3.238630012776173069e-04,3.178997673213528464e-04,3.185134636984496780e-04,3.203695163556937527e-04,3.173377431527892533e-04,3.066827537554015892e-04,3.033812544183238933e-04,3.170286209836201716e-04,3.176586133648739334e-04,3.161543744765574248e-04,3.096526942573164538e-04,3.112653412506128053e-04,3.156782768461670395e-04,3.148216927817560208e-04,3.124805613009304481e-04,3.058229847062839341e-04,3.034253081607080136e-04,3.118711433452101825e-04,3.042460518762712235e-04,2.993000785805938115e-04,3.144430422714955195e-04,3.059083158310336070e-04,3.066203017264931439e-04,3.109066125961413023e-04,3.101962168430992452e-04,3.094450060338329277e-04,3.004304663963922864e-04,3.133972042467562079e-04,3.071611717866874368e-04,3.030509956292093605e-04,3.129744308358863242e-04,3.120330091461172664e-04,3.116716423901069472e-04,3.119926543967992583e-04,3.230452698467101841e-04
2.382350851774967275e-04,2.433087430630014784e-04,2.452055979559354931e-04,2.491746083174507299e-04,2.447491545250330661e-04,2.321970546965254796e-04,2.478750748120561753e-04,2.376835569962839831e-04,2.446767230143680888e-04,2.459279426910671398e-04,2.311741318609664337e-04,2.506798097016175119e-04,2.549318858604773287e-04,2.568145990458711335e-04,2.548911223295677905e-04,2.518046667971864257e-04,2.512130093114046969e-04,2.530543702383873184e-04,2.559460656417160808e-04,2.620891166039100305e-04,2.588371170052282486e-04,2.640438379757411983e-04,2.621369499993588545e-04,2.594603156057442698e-04,2.678410600797934073e-04,2.700289871517748299e-04,2.732673747069342611e-04,2.656985648808219444e-04,2.756731119500050809e-04,2.750353639685608280e-04,2.707606119751583638e-04,2.772202530201771354e-04,2.781933081512696221e-04,2.792632542316630375e-04,2.846743435332011862e-04,2.806197417790122018e-04,2.808298764459790154e-04,2.756762555247356289e-04,2.800933074041264898e-04,2.880689820703999848e-04,2.843810875070832312e-04,2.882154099867209824e-04,2.908811734489869395e-04,2.895689881639123804e-04,2.840606629912887011e-04,2.815046604462509319e-04,2.765055467568386122e-04,2.887053791003834041e-04,2.928678980171080357e-04,2.956605054384695052e-04,3.009138063768049937e-04,3.037730701506801529e-04,3.012863138615752404e-04,3.043293126825625063e-04,2.971993159636197954e-04,3.080718185580216427e-04,3.042051625753981227e-04,3.027150325903655778e-04,3.089953514481297184e-04,3.064399227076644366e-04,3.132810642495682829e-04,3.094473051134393631e-04,3.145553105205183149e-04,3.150292142138074814e-04,3.155764630720578876e-04,3.134269696663387100e-04,3.167419962141082177e-04,3.192975926372231118e-04,3.147741742785436147e-04,3.211325955370685132e-04,3.196940616685094161e-04,3.197615365348293725e-04,3.152721591728772032e-04,3.179715261190048706e-04,3.176066131979716285e-04,3.184357117550764768e-04,3.202863576326019481e-04,3.171143514133113869e-04,3.189394635085997373e-04,3.204047354940002209e-04,3.157999255228209428e-04,3.169630181926266256e-04,3.092011401185156363e-04,3.142986715765352869e-04,3.205669722910446532e-04,3.189958199065045380e-04,3.225630824788621679e-04,3.182618573955314388e-04,3.203488975780193729e-04,3.189338618978452807e-04,3.217005412923215797e-04,3.190160893892975960e-04,3.175933022438176675e-04,3.105647041840089453e-04,3.215219547490569545e-04,3.214671905112283516e-04,3.131640607085638800e-04,3.167478126889819012e-04,3.165132913405163651e-04,3.211782565346728790e-04,3.191702542073730016e-04,3.149076350200031194e-04,3.106282510388400195e-04,3.166124470000532070e-04,3.127360660628118868e-04,3.191698026068577718e-04,3.133087810239741080e-04,3.137548738758502817e-04,3.156630563477845009e-04,3.128923042296874479e-04,3.021759293792449625e-04,2.988060891566737278e-04,3.122864468504338775e-04,3.129310366433667970e-04,3.116742069429581153e-04,3.053739219537783003e-04,3.070701001803784777e-04,3.113736087284045312e-04,3.105772672684885684e-04,3.074518100351166005e-04,3.009081533940074701e-04,2.986810258488129129e-04,3.066476270240857090e-04,2.990443247199943747e-04,2.939186530692953657e-04,3.092798867979268981e-04,3.002256140569095340e-04,3.007570450915039023e-04,3.054941883692601444e-04,3.044463128874390400e-04,3.035853557009695345e-04,2.943787713483985444e-04,3.068983347437971359e-04,3.013688969071356841e-04,2.971049750973185567e-04,3.064799972290517950e-04,3.053110742698009802e-04,3.056751758255496932e-04,3.053669189989195558e-04,3.167815388459855469e-04
2.409446161667830853e-04,2.461865795183254893e-04,2.482440243977548705e-04,2.523282361281263433e-04,2.472550762961743379e-04,2.337399415555089133e-04,2.505321691404274460e-04,2.397494007288319105e-04,2.471149938154083782e-04,2.467500536741614771e-04,2.316515594356002297e-04,2.534202869308806085e-04,2.578763843419951693e-04,2.601288580613090044e-04,2.579762072428776285e-04,2.532445845992089021e-04,2.541113680420410779e-04,2.560412928625847525e-04,2.589407976679045857e-04,2.650708019605705506e-04,2.618825157509049395e-04,2.670603378224723694e-04,2.653846914328016038e-04,2.622828113087889972e-04,2.714705420536429664e-04,2.732488672139276459e-04,2.768641151388657106e-04,2.692862695236618894e-04,2.798185364864236280e-04,2.791398658340787757e-04,2.748552180811208263e-04,2.818989585664361235e-04,2.825182870197403260e-04,2.835786536878214708e-04,2.893573646560316766e-04,2.855801841312745858e-04,2.856052895782800025e-04,2.799915191385526718e-04,2.844265829831195197e-04,2.933368836590100580e-04,2.893044052076065571e-04,2.933928488996268751e-04,2.959849798888220516e-04,2.949910043211707899e-04,2.891216175485744372e-04,2.869754687472081726e-04,2.809940326570763299e-04,2.941708514118558508e-04,2.985233056961215481e-04,3.012791856599909618e-04,3.070077224796185947e-04,3.102917184228179545e-04,3.077908513211723629e-04,3.110844181697690943e-04,3.030410060302535409e-04,3.144596009404804346e-04,3.107773248727233777e-04,3.093022015708038995e-04,3.159491580557150479e-04,3.130801040280253205e-04,3.205790064601984598e-04,3.162544408360344226e-04,3.217376357061332956e-04,3.220455502451775170e-04,3.229113318009922792e-04,3.207175548347089241e-04,3.242396935281298734e-04,3.267123563957217980e-04,3.211325955370685132e-04,3.298479310948254552e-04,3.273786329601432511e-04,3.272337319337783050e-04,3.228378737940168779e-04,3.250300683165056881e-04,3.251815929378905888e-04,3.261273990960025055e-04,3.280298732265566285e-04,3.240887125337029839e-04,3.263942889371115202e-04,3.281366145136647029e-04,3.231288315597700988e-04,3.245516732952764285e-04,3.156846401427817680e-04,3.211668818070702422e-04,3.279073514064927207e-04,3.262104091873047626e-04,3.302440611718397202e-04,3.258863019927414183e-04,3.281686650733708259e-04,3.270872081363775932e-04,3.293160443895402369e-04,3.269244329859586945e-04,3.251956155657398395e-04,3.179094842242888752e-04,3.291832576296522942e-04,3.296374692422132028e-04,3.205805268917909906e-04,3.245510452846012269e-04,3.247335933784418777e-04,3.286388173413492988e-04,3.271172684386233591e-04,3.227714667449642014e-04,3.185471059412571483e-04,3.249331891204773224e-04,3.206482228895459960e-04,3.271054386818966417e-04,3.214663039912492347e-04,3.220564088735226394e-04,3.243147707231641892e-04,3.212313422934170819e-04,3.092467276372706407e-04,3.062037865739788110e-04,3.210242995560220721e-04,3.217126783821017263e-04,3.199278806421731861e-04,3.135854135197790882e-04,3.148234766148836185e-04,3.198774866413822346e-04,3.189797988068312790e-04,3.160400892188873945e-04,3.091366196402755618e-04,3.066689047144306084e-04,3.156161859197258038e-04,3.078859536156948571e-04,3.020460926168419720e-04,3.183929711530605541e-04,3.094806401472500936e-04,3.106796332634470092e-04,3.154958185101729433e-04,3.147374144386404075e-04,3.129417667563606721e-04,3.031798498545991210e-04,3.182078525146869751e-04,3.118119269876351986e-04,3.076449298177595009e-04,3.167169394616512488e-04,3.158336318962550577e-04,3.166967688378467859e-04,3.170022219067783649e-04,3.291678734226367344e-04
2.435586661554033018e-04,2.483423839528782007e-04,2.501723123133389303e-04,2.544167998883983405e-04,2.497654530099982116e-04,2.360635227459128064e-04,2.525349668397405974e-04,2.416629669899418326e-04,2.490477904771515793e-04,2.493341510111360859e-04,2.334492434238957803e-04,2.557325525131722553e-04,2.603784880734183980e-04,2.627050391393593014e-04,2.608853273054237919e-04,2.553782839169975037e-04,2.557803620558987104e-04,2.586691593887257418e-04,2.608694983381816459e-04,2.670398155351432715e-04,2.639747001672761444e-04,2.694445604361247852e-04,2.677158237385607819e-04,2.649759127332670353e-04,2.730307432647800250e-04,2.751022064519478730e-04,2.785970710649194140e-04,2.711838698823860485e-04,2.817992870852944511e-04,2.812442791699904486e-04,2.759357523291292719e-04,2.832951065878870395e-04,2.844299770872333851e-04,2.852566024487324017e-04,2.900748303313135002e-04,2.862299458782375378e-04,2.863744667499556812e-04,2.810086755871677149e-04,2.848712868706327890e-04,2.937330458993165348e-04,2.899912778316593399e-04,2.933559231595742013e-04,2.963359514230353548e-04,2.945979651248740745e-04,2.889674019422702658e-04,2.865411508268061970e-04,2.800359486199471186e-04,2.935348866124077032e-04,2.978008537458487850e-04,3.007899272269711302e-04,3.062794559778255518e-04,3.096761915766287955e-04,3.069914714203409714e-04,3.099908380750610146e-04,3.022813131013174981e-04,3.137053238688069959e-04,3.103016159802820498e-04,3.084644802102870010e-04,3.146102835583396216e-04,3.121139883656718966e-04,3.198363770026186226e-04,3.158327507793098096e-04,3.212907951937939589e-04,3.214667940196514763e-04,3.220368062418034537e-04,3.191123514297576126e-04,3.232500774702991341e-04,3.258096920648769065e-04,3.196940616685094161e-04,3.273786329601432511e-04,3.291577206223933612e-04,3.262982712677181259e-04,3.224677754392586498e-04,3.239199020781810740e-04,3.241672051065666474e-04,3.257488804335873086e-04,3.271009905319708267e-04,3.228806445444151805e-04,3.254750220306921950e-04,3.274791623234000961e-04,3.225153188934989533e-04,3.236414405553977728e-04,3.152148369418937405e-04,3.209856964681644760e-04,3.276097946574109735e-04,3.248364535178377096e-04,3.289381833313409671e-04,3.245749933242920689e-04,3.272411202919772049e-04,3.263861808976708818e-04,3.278398897100194337e-04,3.257926940102581575e-04,3.236375619221261717e-04,3.170986393619584288e-04,3.286245316122327672e-04,3.280843794880832355e-04,3.204540635572168000e-04,3.231038307413595326e-04,3.237883320740909737e-04,3.286175482549265532e-04,3.263557037657638339e-04,3.221320063086347517e-04,3.172636881525642033e-04,3.241729034459921838e-04,3.199613984262447502e-04,3.260689945625295507e-04,3.203825589029304162e-04,3.211476142541821121e-04,3.235771275138792525e-04,3.197744057014035072e-04,3.089192969197001996e-04,3.058589851433961108e-04,3.201440640384576046e-04,3.220300678567404682e-04,3.190840854425023806e-04,3.135619712482023763e-04,3.145929062413975030e-04,3.198882868226415898e-04,3.184259935825954862e-04,3.159659637339185976e-04,3.097999453760465227e-04,3.071908284843803748e-04,3.168101130619682595e-04,3.088456925374227823e-04,3.040482671374479182e-04,3.201999516566015735e-04,3.113877302558900923e-04,3.116688410156443043e-04,3.168574648370894257e-04,3.169106260720459855e-04,3.156322332536790564e-04,3.068426890096288525e-04,3.207533527016624827e-04,3.142590264828079723e-04,3.107317808343634932e-04,3.202161086604733719e-04,3.199648493700619155e-04,3.198011109956583396e-04,3.210530359811701010e-04,3.337601590202617509e-04
2.421107305326200445e-04,2.475138316909950855e-04,2.496789177168396725e-04,2.538862745637779513e-04,2.486800625070553967e-04,2.358371714443493572e-04,2.522563522296462392e-04,2.412147123523231910e-04,2.487171408367547178e-04,2.493029918731241271e-04,2.341382966051301054e-04,2.546844761773572321e-04,2.595787834000144018e-04,2.613352087528339387e-04,2.591110826636626647e-04,2.559189695438153478e-04,2.555684314995355011e-04,2.573473533754350889e-04,2.601490660151013095e-04,2.667140475034619198e-04,2.632759942735893397e-04,2.685788592646921706e-04,2.664249500371615930e-04,2.634754286084665291e-04,2.724286330463378042e-04,2.745451106377394296e-04,2.781547060523620503e-04,2.704929024398301102e-04,2.805990456141108243e-04,2.802548226526534268e-04,2.756673773250971674e-04,2.827496274285999601e-04,2.837736517458775581e-04,2.844806412846545974e-04,2.901274079012999179e-04,2.859680811278261878e-04,2.859210082541433157e-04,2.803798957448882904e-04,2.848376632007287878e-04,2.938223686509984609e-04,2.896634804077885907e-04,2.937149605881386955e-04,2.963334601181581707e-04,2.953507206571324355e-04,2.891881679300961627e-04,2.873741057000816796e-04,2.807115975630520492e-04,2.938402480907300533e-04,2.983388766600851712e-04,3.013020965421106599e-04,3.066200463637285185e-04,3.098529908694616771e-04,3.068687114206407308e-04,3.101937505602409147e-04,3.021820291156506063e-04,3.137263953796948701e-04,3.101005832291089449e-04,3.084716401022007310e-04,3.148543839887420529e-04,3.122126807827185269e-04,3.195073410154329217e-04,3.157354363670548340e-04,3.204004371351142750e-04,3.211312021713073634e-04,3.214201365471207198e-04,3.197905874279812844e-04,3.232501810792864634e-04,3.252761389647220477e-04,3.197615365348293725e-04,3.272337319337783050e-04,3.262982712677181259e-04,3.273221492590182389e-04,3.218070011079836226e-04,3.238504095171952039e-04,3.237000593055399246e-04,3.248943925691530712e-04,3.261847238232211204e-04,3.227228555259897911e-04,3.246231758953864303e-04,3.267412827366969236e-04,3.219106071268194804e-04,3.229447582995648267e-04,3.142722373681699761e-04,3.197641186574095781e-04,3.265856451470124772e-04,3.248604888349940797e-04,3.286707735682830884e-04,3.240049258683490264e-04,3.266248736035325811e-04,3.254893990374772015e-04,3.279176368585263080e-04,3.254121420099428345e-04,3.230561285263097173e-04,3.161697230354203691e-04,3.275736251027120544e-04,3.277404833342053170e-04,3.194339386826907561e-04,3.228521516585197183e-04,3.227453637608135588e-04,3.269012714124411257e-04,3.253125991437209831e-04,3.214226381650174937e-04,3.165453289285093748e-04,3.229202050559761374e-04,3.187992398479127794e-04,3.251907443050761721e-04,3.192690304503879883e-04,3.202121484288902756e-04,3.221961501659401377e-04,3.190718374892251947e-04,3.072506845741108461e-04,3.038121827772665589e-04,3.184224087202981203e-04,3.197081435478790236e-04,3.177273392000078329e-04,3.118937386042919756e-04,3.129908353072936270e-04,3.178538998130877495e-04,3.168661855461272483e-04,3.137519978435496216e-04,3.070079323701416338e-04,3.046928983823761570e-04,3.130279241640825647e-04,3.054049746105256440e-04,3.002239470320583123e-04,3.161112999364933357e-04,3.068605922460777543e-04,3.078161650874822945e-04,3.123756580935254648e-04,3.114145947561183618e-04,3.106037408526314200e-04,2.994474863804760367e-04,3.153944123777007087e-04,3.086420472349770284e-04,3.041103694746961320e-04,3.142060420494410572e-04,3.129343049981282709e-04,3.130555112527601963e-04,3.138929398409188716e-04,3.256791192269780592e-04
2.348432639789161877e-04,2.400529668080540367e-04,2.418533382836975934e-04,2.460673412980821768e-04,2.412681829716104866e-04,2.274063336428462992e-04,2.444314431162628986e-04,2.326915462108457440e-04,2.404239387392313667e-04,2.418084641285975472e-04,2.260164767003779011e-04,2.469464075606666426e-04,2.516398871531386108e-04,2.534746604712683404e-04,2.516848141905113009e-04,2.473958603527333638e-04,2.468724504276528352e-04,2.501758106371236123e-04,2.517801360841038973e-04,2.585871518273525661e-04,2.553945968625892342e-04,2.608280914419194700e-04,2.588830451743911456e-04,2.563304833148853808e-04,2.647354359139142237e-04,2.670570301309694574e-04,2.706348757516959446e-04,2.628434702173152436e-04,2.736269559409054935e-04,2.730687828698751636e-04,2.684707626484559261e-04,2.757092917672637365e-04,2.767832869000460476e-04,2.778377401593205690e-04,2.829697555941096268e-04,2.792607459195874694e-04,2.793384212542096437e-04,2.736679951283443185e-04,2.781782150715643095e-04,2.871579183977147182e-04,2.833663504804359709e-04,2.873948502421675311e-04,2.900505055423596322e-04,2.886537397732412435e-04,2.826780523606913778e-04,2.807139840968710305e-04,2.737583722648845850e-04,2.878118089032136845e-04,2.925549755114228794e-04,2.951486349507538814e-04,3.006338590064744788e-04,3.041522301109358104e-04,3.012945573866093263e-04,3.046979632711156911e-04,2.965925383225704757e-04,3.083037356338433972e-04,3.048476338774194837e-04,3.035067811315560215e-04,3.097042922582727599e-04,3.071244267558270562e-04,3.146531391478952708e-04,3.112669968936966451e-04,3.157643592299085229e-04,3.164529251286789030e-04,3.171793729866350742e-04,3.148229384024271910e-04,3.187947438948519245e-04,3.211428559471967564e-04,3.152721591728772032e-04,3.228378737940168779e-04,3.224677754392586498e-04,3.218070011079836226e-04,3.189481369444565847e-04,3.194786808075469951e-04,3.193938371930055771e-04,3.213681490072145975e-04,3.224395647988206079e-04,3.184650351986574460e-04,3.210674749767577075e-04,3.228579172360621845e-04,3.181830939053121145e-04,3.191081730040308279e-04,3.105972289870808918e-04,3.157553325944927741e-04,3.229450533063902727e-04,3.210735937725766871e-04,3.253139582898367322e-04,3.204090513894360158e-04,3.232048864846516945e-04,3.219939761108569294e-04,3.238519727271898119e-04,3.221016508439754865e-04,3.192119375255619211e-04,3.127759784574227772e-04,3.243230000893725247e-04,3.243327902252396118e-04,3.162813368531081949e-04,3.193010625287179055e-04,3.200200768237737039e-04,3.240878446482748547e-04,3.223712007801221905e-04,3.184131965487619958e-04,3.140983743495043170e-04,3.203909933186199440e-04,3.167169219873075536e-04,3.225432032788775683e-04,3.167657678029480047e-04,3.177861487646876037e-04,3.199949488994241909e-04,3.164731493374971249e-04,3.053279647475406837e-04,3.019809847357092947e-04,3.165374050174815570e-04,3.182388049266634471e-04,3.157177534142494176e-04,3.103192922424085308e-04,3.111893102430049159e-04,3.162556944489406676e-04,3.150585877849561831e-04,3.128596514754072790e-04,3.063252446053876268e-04,3.033099790947929586e-04,3.127209633963529828e-04,3.046261139065665861e-04,2.989601515296564684e-04,3.164978097797208198e-04,3.078315007061514547e-04,3.083815957447945204e-04,3.130130970301642375e-04,3.128955278710846715e-04,3.113894680771838613e-04,3.016938373440005740e-04,3.165596687338269972e-04,3.103170765862989385e-04,3.066004482678850226e-04,3.161834296941104169e-04,3.161567798509437501e-04,3.162363793452585060e-04,3.169735439474763244e-04,3.299074769364625974e-04
2.378578319703293360e-04,2.428073687940173191e-04,2.451536131157421115e-04,2.493243589575065006e-04,2.440163178009241971e-04,2.318927107219445486e-04,2.475010619086672804e-04,2.373710831065243491e-04,2.445504992667496416e-04,2.447245488584038047e-04,2.304749455008945540e-04,2.500737123534437726e-04,2.543491981600661152e-04,2.564829649251431395e-04,2.541643422187656693e-04,2.515497422437549028e-04,2.512363817428607429e-04,2.530030379256396965e-04,2.558036299446608103e-04,2.615703998276331104e-04,2.582639211798507190e-04,2.638581313003057587e-04,2.616812069414807605e-04,2.592004918059203277e-04,2.678006611351133482e-04,2.698780288499714910e-04,2.733825460414110540e-04,2.659646394124191068e-04,2.757352856706054320e-04,2.755524893573287819e-04,2.714118400043239593e-04,2.780255602534811355e-04,2.791892071803316468e-04,2.800863583072901166e-04,2.857728706893590998e-04,2.819998464063313160e-04,2.823227427867646029e-04,2.772683669775756628e-04,2.813911802344257218e-04,2.895307861912502592e-04,2.860160373613901256e-04,2.898562469432949796e-04,2.925459481692975375e-04,2.915380483181392434e-04,2.856599841824340193e-04,2.836184437862968488e-04,2.781739294919849479e-04,2.905575612421305593e-04,2.951900227573372722e-04,2.982644121968805939e-04,3.037564317508730872e-04,3.068444570148981662e-04,3.042141586078905727e-04,3.072427505655573481e-04,3.002416441960363319e-04,3.112408937019048067e-04,3.074607703795479287e-04,3.063041630552817063e-04,3.121681471518227740e-04,3.100824596847175812e-04,3.167973311416530618e-04,3.133343574185075159e-04,3.181407177199857246e-04,3.186905932127236801e-04,3.192965948000132254e-04,3.173649179664717631e-04,3.207889963874816560e-04,3.233544557441722536e-04,3.179715261190048706e-04,3.250300683165056881e-04,3.239199020781810740e-04,3.238504095171952039e-04,3.194786808075469951e-04,3.233510594905375382e-04,3.214873939251088617e-04,3.229176230209890048e-04,3.246200673084701231e-04,3.213184526143053176e-04,3.228746989936681351e-04,3.247690059912220926e-04,3.201797963036235434e-04,3.212298916451188742e-04,3.138696694670419559e-04,3.187067961317887298e-04,3.245986748716273842e-04,3.234731706482775839e-04,3.270883083227170852e-04,3.229877470547487398e-04,3.252985556984007215e-04,3.238001928205571658e-04,3.263312670458051908e-04,3.242975009308740673e-04,3.222677334047187878e-04,3.154083462864580448e-04,3.262063811402646403e-04,3.262696325253808846e-04,3.183875240706469044e-04,3.217081221134544160e-04,3.217110617718094254e-04,3.263008042399582836e-04,3.242237123167102304e-04,3.200155899110770094e-04,3.149794814890967019e-04,3.216501745362673140e-04,3.171005522578437949e-04,3.237865810992750421e-04,3.183514083439333486e-04,3.184659168216216404e-04,3.205461742942453270e-04,3.176410601062518613e-04,3.069221728429000402e-04,3.035195754188773471e-04,3.172706936310668935e-04,3.179859094774220964e-04,3.170325846050673409e-04,3.105947195214953647e-04,3.129302718563470591e-04,3.168811484258177288e-04,3.160695695506533158e-04,3.128562207533179432e-04,3.057765110978619572e-04,3.038794173369759673e-04,3.118446021834121078e-04,3.039946670126519022e-04,2.994671179398117095e-04,3.148302863412470926e-04,3.050933574279254606e-04,3.055473481390789600e-04,3.102067252108777775e-04,3.095254029309545542e-04,3.096164621474083124e-04,2.993732512079404847e-04,3.118982974204392573e-04,3.072350839500983329e-04,3.021061338181609359e-04,3.122232962024906310e-04,3.111513367602777207e-04,3.108486150350964357e-04,3.108526842842784625e-04,3.222472142092776552e-04
2.362747264166476131e-04,2.414431566063058438e-04,2.435895850166235250e-04,2.476908824137541085e-04,2.427861860870673483e-04,2.297278118962113309e-04,2.458593322154533538e-04,2.346315773585448271e-04,2.425204366476006745e-04,2.430911107470580838e-04,2.275957450689129573e-04,2.487702081169008744e-04,2.530665743020116872e-04,2.553350823575190054e-04,2.530943329374765109e-04,2.489158132547684304e-04,2.489485294952969215e-04,2.509439478089667817e-04,2.539170827940263973e-04,2.602131568504027531e-04,2.570107814587701514e-04,2.623512764225728426e-04,2.605123459187668454e-04,2.577359055595891050e-04,2.663980048534939017e-04,2.689848073982291105e-04,2.723200573198136581e-04,2.643401115610720191e-04,2.750362297192545107e-04,2.743444396181360986e-04,2.700811825398299090e-04,2.770749882029950031e-04,2.779194733851541622e-04,2.791735937290058117e-04,2.845966991168057039e-04,2.809782421566135876e-04,2.808725585860670938e-04,2.756314290297791824e-04,2.800462203985593698e-04,2.889532212875081706e-04,2.849126487777487674e-04,2.890631934510806689e-04,2.916693851216303757e-04,2.906722602453218861e-04,2.846343299273717989e-04,2.826861064098289567e-04,2.765024567131350061e-04,2.898967894260639513e-04,2.944877156465137980e-04,2.971919364811638638e-04,3.029978206001577028e-04,3.063038471107171418e-04,3.037123036799032000e-04,3.069750106371075355e-04,2.989493066800496960e-04,3.104895825461054856e-04,3.071319031519165730e-04,3.054115842490664513e-04,3.119595054951499152e-04,3.094686577022443636e-04,3.168659962734970731e-04,3.127381932966306140e-04,3.180644415982047902e-04,3.187332511239133028e-04,3.190192240294171177e-04,3.169902753159210070e-04,3.207850290074632329e-04,3.229655410951876807e-04,3.176066131979716285e-04,3.251815929378905888e-04,3.241672051065666474e-04,3.237000593055399246e-04,3.193938371930055771e-04,3.214873939251088617e-04,3.227150572169844626e-04,3.228501046141588212e-04,3.244682223169854159e-04,3.209188900696322618e-04,3.231249189705962259e-04,3.250143923808025345e-04,3.201170472473389875e-04,3.211268468281311926e-04,3.126849799316025274e-04,3.182310294147462832e-04,3.250553432814821085e-04,3.232219322921841003e-04,3.274291218309389041e-04,3.226550818352264547e-04,3.251043428924077689e-04,3.238448261215034520e-04,3.261424168472943893e-04,3.241607044994419514e-04,3.219939948048688170e-04,3.149072259727490972e-04,3.265329367909201560e-04,3.266349690862904525e-04,3.177653268754546188e-04,3.219213826666764730e-04,3.220194936622654660e-04,3.259340862073411248e-04,3.243595140625537307e-04,3.200620389053665310e-04,3.160586757244318958e-04,3.222459227623923508e-04,3.185590773899406444e-04,3.246441876264934611e-04,3.190370956778022576e-04,3.194312191259684130e-04,3.222153704408177682e-04,3.189466597918622776e-04,3.066340177339915945e-04,3.040583200601542236e-04,3.186717265135817967e-04,3.198640527092147588e-04,3.177448952709590506e-04,3.118129790806318516e-04,3.131739747771138224e-04,3.181050320457880654e-04,3.173715870885389649e-04,3.143110894716238555e-04,3.075606467272173146e-04,3.049220535025473958e-04,3.142943196375537940e-04,3.063248596108676387e-04,3.004356864158323152e-04,3.172741258328677649e-04,3.085735071215422705e-04,3.092097640193536561e-04,3.141469720895608215e-04,3.139626100950450543e-04,3.124896157104276799e-04,3.025205386385811904e-04,3.168248915136292511e-04,3.112940778448998968e-04,3.062716724726399060e-04,3.159319209279664079e-04,3.158405827240932202e-04,3.167557326871445699e-04,3.166589997326735881e-04,3.289671143765817698e-04
2.350243537426893747e-04,2.398854937552343555e-04,2.417493271094532453e-04,2.460095719512972456e-04,2.412666764806937992e-04,2.276957978110938623e-04,2.442112716222135825e-04,2.331224056119863490e-04,2.403257926088296983e-04,2.423941282786445397e-04,2.265709194765345644e-04,2.471097606779020916e-04,2.514636085480516326e-04,2.537745175400235456e-04,2.518972737374024326e-04,2.483078297911646198e-04,2.469120480421815172e-04,2.500889624972869852e-04,2.522417435807941598e-04,2.588577728417343804e-04,2.556219801967534464e-04,2.608696333268842619e-04,2.594445653433599674e-04,2.568596356166223931e-04,2.653145515609207439e-04,2.675338895893517011e-04,2.709449973170630944e-04,2.640581155036604674e-04,2.744511360736782502e-04,2.741047029048671816e-04,2.694089751316701875e-04,2.763343717956286681e-04,2.778694287956753233e-04,2.788880351262304600e-04,2.842728332886317456e-04,2.803215835558163960e-04,2.805877540983225255e-04,2.753910121408117864e-04,2.797028702295632145e-04,2.884875199346296701e-04,2.852802867926085479e-04,2.889854517783133395e-04,2.920700757009137591e-04,2.905040673379851454e-04,2.846911810320912838e-04,2.824850339487217261e-04,2.764160580236060252e-04,2.899872065917476834e-04,2.948800871503420330e-04,2.973484562502079292e-04,3.031289797228437616e-04,3.066488147309418596e-04,3.041310182941927859e-04,3.074156523516744801e-04,2.991814345077983741e-04,3.110054339126762921e-04,3.077741542475674347e-04,3.062341472009087523e-04,3.123579876894420925e-04,3.101767466623647014e-04,3.175419239869194891e-04,3.141701822996145407e-04,3.189579653155830315e-04,3.195491942842922941e-04,3.203257299048873925e-04,3.176004383912026476e-04,3.218307268396360045e-04,3.245303534761457176e-04,3.184357117550764768e-04,3.261273990960025055e-04,3.257488804335873086e-04,3.248943925691530712e-04,3.213681490072145975e-04,3.229176230209890048e-04,3.228501046141588212e-04,3.260065464466675332e-04,3.263201750197058742e-04,3.222805471714674077e-04,3.249846729882814264e-04,3.267159063404756437e-04,3.218326006347578907e-04,3.229423607061998797e-04,3.148491634229286934e-04,3.199650119889354150e-04,3.271395824424744043e-04,3.246915739215023894e-04,3.290984493149808911e-04,3.243097869880657538e-04,3.269734653371156167e-04,3.256616266174676964e-04,3.276118834341251750e-04,3.259800587420490052e-04,3.234663572441516424e-04,3.169480184734404984e-04,3.282690494863455878e-04,3.281382459822018466e-04,3.206561553098024545e-04,3.234850186558046949e-04,3.238572502278522594e-04,3.282110296501735574e-04,3.264492859807425367e-04,3.225276044174207597e-04,3.183935566588041608e-04,3.244193701059706089e-04,3.208775798023878073e-04,3.266863669237408171e-04,3.210805728975257606e-04,3.219048031914819924e-04,3.242670830755915896e-04,3.206972852195375456e-04,3.100475095962463125e-04,3.067983105854897802e-04,3.211151132079791961e-04,3.227620314797840411e-04,3.203848289388170571e-04,3.150421506872420050e-04,3.159134071239133807e-04,3.210194552022985681e-04,3.201294526614159976e-04,3.179757830286939315e-04,3.115020580803108110e-04,3.085845487216329493e-04,3.184262254041459405e-04,3.100738417420606670e-04,3.052717101553462293e-04,3.217153538764006004e-04,3.131860307889792962e-04,3.138514755366243205e-04,3.185100919256755522e-04,3.189302392382994023e-04,3.176923462060555299e-04,3.088199286314178551e-04,3.234173505478089307e-04,3.179759963004421207e-04,3.137106860683214877e-04,3.240559592721292464e-04,3.238317844010556753e-04,3.246301937981752213e-04,3.244295500443754917e-04,3.371528113869246761e-04
2.381564623786903501e-04,2.426199282968095276e-04,2.443292662752496232e-04,2.488198601140151171e-04,2.439387284560176692e-04,2.311808986683048302e-04,2.467498162693785245e-04,2.362649830356544785e-04,2.435255062521984436e-04,2.432756773405635924e-04,2.285381229241737963e-04,2.501551340503021148e-04,2.537203734795659350e-04,2.565234883874703141e-04,2.547585986198961142e-04,2.501518144812382022e-04,2.500373938217932018e-04,2.525592968439085767e-04,2.553949653337847384e-04,2.612342443346694128e-04,2.582018995053534521e-04,2.635935564506208329e-04,2.622587326993214849e-04,2.594111585576960801e-04,2.677982165899792143e-04,2.699881644000860239e-04,2.732248279860056300e-04,2.665167428052006029e-04,2.768214610773681917e-04,2.760857061794192726e-04,2.716790167994026744e-04,2.786119610885813926e-04,2.800329186293349726e-04,2.810628501533836182e-04,2.860924336959431969e-04,2.828003576488527428e-04,2.830515895434552163e-04,2.783459675108356543e-04,2.821574463457701340e-04,2.907045052738307239e-04,2.874928263551385370e-04,2.910703332785131211e-04,2.940229187818220111e-04,2.927861836586814282e-04,2.870104794776632260e-04,2.846779443721668369e-04,2.790765690362351334e-04,2.922343944084563011e-04,2.967154666478621916e-04,2.995407552206358066e-04,3.054465656063738190e-04,3.086486839868581088e-04,3.063987721513895834e-04,3.091186404202210763e-04,3.016592403061484269e-04,3.128500856183973424e-04,3.096852672497176634e-04,3.082566802259684591e-04,3.141302391925288235e-04,3.118320030541383279e-04,3.194594320027309702e-04,3.155712418779603196e-04,3.209273732543037523e-04,3.215665373664688856e-04,3.219869810415997534e-04,3.192106981675377274e-04,3.230544400989022818e-04,3.259237571919285591e-04,3.202863576326019481e-04,3.280298732265566285e-04,3.271009905319708267e-04,3.261847238232211204e-04,3.224395647988206079e-04,3.246200673084701231e-04,3.244682223169854159e-04,3.263201750197058742e-04,3.287355443705965901e-04,3.240102302239552525e-04,3.264132304040843818e-04,3.280554899648131903e-04,3.232586208067401491e-04,3.242937221952299628e-04,3.163310936308790823e-04,3.216474184693745957e-04,3.282169445644646114e-04,3.260802457166703402e-04,3.302546523341230657e-04,3.259827683973111085e-04,3.282640751825657800e-04,3.267088075773416319e-04,3.291254072779539199e-04,3.270160414859813315e-04,3.251007543564294689e-04,3.185372553446762602e-04,3.296476930983002936e-04,3.293756672343898335e-04,3.215358859582622287e-04,3.247466931544196558e-04,3.251800315974482367e-04,3.291244180885029747e-04,3.276016564343375609e-04,3.232844962084196940e-04,3.188816036517760520e-04,3.252704203872938855e-04,3.216023653343295626e-04,3.276784359915333789e-04,3.218416878086522749e-04,3.226095559968985465e-04,3.251953915526953971e-04,3.215089269961936454e-04,3.108178519098311063e-04,3.077461224625190387e-04,3.219862599767678865e-04,3.234515124760642879e-04,3.212422163107961641e-04,3.151018789428668707e-04,3.165743279682366835e-04,3.214854753950217316e-04,3.204188034255779595e-04,3.180193058797394575e-04,3.114451487639772489e-04,3.091128896369678305e-04,3.185698643191753050e-04,3.102895383145344381e-04,3.053645363306179100e-04,3.217179500351778697e-04,3.129881210152302726e-04,3.129924881490137251e-04,3.184006594526066583e-04,3.186196698833134995e-04,3.171488390021983978e-04,3.090749529314148233e-04,3.217130043666765636e-04,3.165936308943590491e-04,3.124692409033838904e-04,3.220232762171926764e-04,3.217310721466347086e-04,3.229636982882489512e-04,3.228100535201772030e-04,3.348781594989046315e-04
2.355428342692386418e-04,2.399527287911786466e-04,2.429072483179516473e-04,2.465874452705523519e-04,2.416621463691081498e-04,2.309841443276211938e-04,2.450654637935955824e-04,2.355784652213575717e-04,2.420930353030356153e-04,2.443491918600623303e-04,2.298444723467710346e-04,2.475818373381828675e-04,2.515145181573586993e-04,2.539989194625255566e-04,2.521751448222182813e-04,2.483504802604388859e-04,2.473133144711888711e-04,2.492819938763540604e-04,2.539863344172001397e-04,2.589264482931978454e-04,2.560340469761009964e-04,2.611231793289034387e-04,2.598094979169616819e-04,2.573426005393979719e-04,2.649203395865875601e-04,2.675685961904476881e-04,2.708903832910769679e-04,2.644610642274818546e-04,2.736823995929979318e-04,2.729194372433750180e-04,2.694611456116157832e-04,2.754201037104823837e-04,2.772115184111666143e-04,2.780607576777018876e-04,2.834476021774031415e-04,2.795791042757112899e-04,2.802269829103262201e-04,2.766347621498629092e-04,2.798642537744380982e-04,2.878323577630141107e-04,2.843999439285845054e-04,2.880963926570959122e-04,2.910012276613388785e-04,2.901310181559234921e-04,2.844005390440510145e-04,2.817925810349498645e-04,2.782026972557934304e-04,2.895602846772072757e-04,2.938060066265436865e-04,2.967166663639503842e-04,3.026248146032205796e-04,3.052090165433086859e-04,3.030859467312679552e-04,3.059719907297482827e-04,2.990192033017783301e-04,3.097389265125277723e-04,3.064379181261980682e-04,3.050821476679755348e-04,3.106287834471220858e-04,3.088221909418176875e-04,3.159036365967534754e-04,3.118501904484878898e-04,3.174203156081759395e-04,3.181776123644514641e-04,3.185181044369922595e-04,3.159863975707513108e-04,3.194508940752384179e-04,3.223584437934876013e-04,3.171143514133113869e-04,3.240887125337029839e-04,3.228806445444151805e-04,3.227228555259897911e-04,3.184650351986574460e-04,3.213184526143053176e-04,3.209188900696322618e-04,3.222805471714674077e-04,3.240102302239552525e-04,3.225479173478593099e-04,3.226730551129842637e-04,3.238582772564849166e-04,3.196799551865049378e-04,3.205044439590351633e-04,3.140285021166261598e-04,3.187085713792503494e-04,3.246196798149570979e-04,3.232258941448050817e-04,3.269566263504199263e-04,3.225412448040096652e-04,3.244458503818932948e-04,3.228761627366067864e-04,3.261334219796003945e-04,3.243272243493865213e-04,3.220373945530702895e-04,3.162284024743393872e-04,3.257157121716988592e-04,3.260712175807647007e-04,3.183041238186067284e-04,3.221391548638217854e-04,3.216637384655730066e-04,3.264917695125565283e-04,3.242407062915967134e-04,3.198396722375759197e-04,3.156997526322160587e-04,3.222119526406212091e-04,3.182451538358996800e-04,3.237748260276496898e-04,3.188589162951059684e-04,3.185800625556598734e-04,3.210434551539150688e-04,3.185433279482829667e-04,3.076198252505985670e-04,3.049514308703461037e-04,3.185095630426244828e-04,3.187726175031970572e-04,3.177394428627644063e-04,3.112185418598273942e-04,3.138613165413460006e-04,3.178167099918315563e-04,3.174805672299681040e-04,3.144235955038797502e-04,3.073353082269789311e-04,3.059794347874038398e-04,3.138670348322043497e-04,3.057126115843226575e-04,3.012158096903501088e-04,3.156821884975521660e-04,3.069292887065943319e-04,3.074399661132831869e-04,3.117226453490902017e-04,3.124553811359538549e-04,3.117445094198046545e-04,3.042051623493105279e-04,3.147915137470488922e-04,3.102874218424433745e-04,3.054939794257852093e-04,3.152005740221357232e-04,3.137923432007232866e-04,3.140315278200070913e-04,3.145088309344806375e-04,3.251073165040277825e-04
2.380292421447864073e-04,2.425553315928034653e-04,2.447083345100941601e-04,2.489121996555828699e-04,2.447130380494590097e-04,2.321115474733729113e-04,2.475924241683232787e-04,2.373404249692529584e-04,2.439188082006121523e-04,2.454409955217939422e-04,2.309655562913398921e-04,2.508544913867494404e-04,2.545398795304995620e-04,2.571930834568056097e-04,2.557113464750523078e-04,2.513433701864384241e-04,2.507640481354234357e-04,2.531710184535359057e-04,2.563504028126023624e-04,2.622028132264679449e-04,2.592118915476883455e-04,2.644739490506657327e-04,2.635936294903712417e-04,2.606246202142506615e-04,2.685526288989915043e-04,2.710548111140733242e-04,2.742090789442480333e-04,2.671232408349943324e-04,2.773564200835151525e-04,2.766202377768792859e-04,2.721369804237305616e-04,2.789207243842179666e-04,2.800798251147957425e-04,2.814423711206072475e-04,2.862261780603373557e-04,2.824307804657504766e-04,2.830028629475707402e-04,2.787289525349744045e-04,2.825605140680653021e-04,2.905068555260226378e-04,2.876095441561370104e-04,2.907344858013644257e-04,2.936556485546983151e-04,2.918788585632819108e-04,2.867489354977883109e-04,2.837910692978691811e-04,2.784873720723835423e-04,2.916552338592496587e-04,2.958346043691400477e-04,2.984942021022194054e-04,3.042313017274032839e-04,3.072125887125070872e-04,3.051743611535498988e-04,3.080067727467542178e-04,3.008878368393656062e-04,3.119114911419567510e-04,3.086256997531225052e-04,3.070178606945697382e-04,3.126379664659130453e-04,3.105058906396663838e-04,3.181126933139092738e-04,3.141499139462996127e-04,3.198279896543762568e-04,3.203213370174944085e-04,3.209461865442971669e-04,3.177031296382473659e-04,3.216219464040272658e-04,3.249282804416740505e-04,3.189394635085997373e-04,3.263942889371115202e-04,3.254750220306921950e-04,3.246231758953864303e-04,3.210674749767577075e-04,3.228746989936681351e-04,3.231249189705962259e-04,3.249846729882814264e-04,3.264132304040843818e-04,3.226730551129842637e-04,3.268508683214065339e-04,3.265847140357981964e-04,3.220245241025272384e-04,3.229378223455035704e-04,3.155433402858404644e-04,3.205445270710254144e-04,3.273271096308554245e-04,3.251567168596696629e-04,3.294369956847593137e-04,3.246478926981338493e-04,3.267828402195361074e-04,3.252649888657016390e-04,3.277137898432030331e-04,3.257179338303484964e-04,3.239763011286900338e-04,3.174071481629298064e-04,3.281982226390885659e-04,3.282494437720755317e-04,3.207579839345206301e-04,3.233553387581668053e-04,3.235720050933170965e-04,3.282578694181564308e-04,3.263604228471569599e-04,3.222600073018587648e-04,3.185238934213793305e-04,3.243230523487707225e-04,3.213802041256638166e-04,3.268283844741561614e-04,3.210331140411949182e-04,3.218526359162354896e-04,3.241046298130075454e-04,3.209017416076710618e-04,3.107361218988610014e-04,3.079206552971014595e-04,3.214626913869453144e-04,3.225218623641068656e-04,3.208602408006245178e-04,3.146848527357229875e-04,3.159803535793205467e-04,3.211036189772739960e-04,3.202412840421813489e-04,3.181015256140001281e-04,3.117806221926348160e-04,3.096860870772136470e-04,3.185929936236127249e-04,3.113938718360028377e-04,3.057702011231995510e-04,3.220447712608097294e-04,3.135684308351700746e-04,3.144486055894451767e-04,3.188334056432694913e-04,3.189359323714761494e-04,3.177696723560094363e-04,3.119971426183192282e-04,3.228709504978171220e-04,3.177259867487249772e-04,3.145820408973887651e-04,3.240427627870731686e-04,3.241120311554008941e-04,3.251339139627417709e-04,3.256846459482718348e-04,3.370646572112316001e-04
2.352035398939364061e-04,2.402793894078524342e-04,2.423165108934869283e-04,2.466614532029532086e-04,2.415436922111625906e-04,2.278450755535011568e-04,2.447340316537091457e-04,2.329405501724452290e-04,2.408700468770044376e-04,2.419661507364585329e-04,2.266946855545800589e-04,2.471101578497745220e-04,2.518728588669109036e-04,2.539857752479763578e-04,2.519523329285288781e-04,2.482934837525202628e-04,2.479069762250250743e-04,2.503732909961737412e-04,2.524905206655449837e-04,2.593172365546835131e-04,2.560611664651479000e-04,2.613724732380770933e-04,2.596656932565883811e-04,2.569910334553838962e-04,2.660645954154245308e-04,2.680824606405038217e-04,2.719219667974439691e-04,2.640509498867140391e-04,2.749467142213624787e-04,2.743413698210517607e-04,2.699460531809487604e-04,2.772173606705746903e-04,2.784612109304064175e-04,2.796332282440986403e-04,2.852691810498426484e-04,2.815058973985784443e-04,2.814932596711519413e-04,2.759818749223164123e-04,2.804272262503701950e-04,2.897888641675253779e-04,2.861107271111427357e-04,2.902822414790891628e-04,2.932335095049751054e-04,2.916610687956942101e-04,2.857617026608640543e-04,2.839793877230249773e-04,2.769246195900076164e-04,2.912186673197010600e-04,2.963099072071698182e-04,2.987786979866163990e-04,3.045615484440630186e-04,3.082578084033628461e-04,3.057038634175547349e-04,3.091509770054258412e-04,3.007703682464219711e-04,3.129167430480951639e-04,3.094283961082410351e-04,3.076336156419710237e-04,3.143943975582088051e-04,3.118400916354141235e-04,3.194142395304763065e-04,3.156162562809087212e-04,3.206687330926578407e-04,3.214486941333172883e-04,3.220631082469695844e-04,3.200222414740444749e-04,3.240405636004940683e-04,3.263197329321485571e-04,3.204047354940002209e-04,3.281366145136647029e-04,3.274791623234000961e-04,3.267412827366969236e-04,3.228579172360621845e-04,3.247690059912220926e-04,3.250143923808025345e-04,3.267159063404756437e-04,3.280554899648131903e-04,3.238582772564849166e-04,3.265847140357981964e-04,3.297461873164285462e-04,3.233998515198295673e-04,3.245372867921862041e-04,3.157625604517754598e-04,3.212393649697185285e-04,3.288313179520178193e-04,3.270257572330392327e-04,3.311288290448756964e-04,3.262459020059436422e-04,3.289525840963140445e-04,3.278657021773412209e-04,3.299535690044511581e-04,3.277348339356551672e-04,3.256061600287151457e-04,3.186628847047953640e-04,3.303471352083073190e-04,3.307006364702917418e-04,3.220914689380418162e-04,3.255277252912553202e-04,3.258666834603192778e-04,3.298801100400174688e-04,3.287278900048742273e-04,3.245761479154920604e-04,3.203060494941242049e-04,3.266896066515418426e-04,3.231987202192594666e-04,3.292108824573400307e-04,3.235807070169590999e-04,3.244836621599121642e-04,3.271647240627122534e-04,3.234969507652395897e-04,3.117201556936620411e-04,3.089193633673153506e-04,3.235494016413809765e-04,3.250500621481744782e-04,3.231365565207171145e-04,3.169106141906576969e-04,3.183652283917218001e-04,3.236268802403765546e-04,3.226811757905446196e-04,3.204067421258756398e-04,3.135994241806119311e-04,3.114300420251730735e-04,3.204361988013659465e-04,3.126562465748195050e-04,3.068276168559905715e-04,3.241620889737337262e-04,3.158725235970265494e-04,3.168794335053604062e-04,3.212341602215331381e-04,3.211864554711490755e-04,3.200785070863411321e-04,3.100347109903297551e-04,3.254748012613930316e-04,3.203140687183860533e-04,3.157470860815226178e-04,3.255391940812721731e-04,3.254113745707141862e-04,3.268936156566252648e-04,3.272711315132410706e-04,3.392785439115664345e-04
2.338900625914144989e-04,2.382218800181317114e-04,2.401516972473264158e-04,2.444370429651642677e-04,2.398308475660770954e-04,2.273938944160858687e-04,2.428921523382014929e-04,2.329041983892941739e-04,2.398375735389407743e-04,2.408932469845309436e-04,2.263685598552550766e-04,2.458637428377585636e-04,2.495799870868644385e-04,2.521093966109457809e-04,2.502737117031300445e-04,2.467413130851140693e-04,2.460957897963349890e-04,2.484263199021065913e-04,2.511878667820181149e-04,2.572465260324400291e-04,2.541111402681293127e-04,2.595443867550380505e-04,2.581341192390206539e-04,2.555767287425401968e-04,2.635617851138388973e-04,2.657950627093055612e-04,2.693313873851610452e-04,2.622226250090901076e-04,2.723530810343819763e-04,2.719895873593050064e-04,2.677309796705185227e-04,2.742091866897108129e-04,2.755970393795156370e-04,2.769342238992388862e-04,2.820443018853539667e-04,2.783192256568233760e-04,2.788406214456618372e-04,2.744972419596793003e-04,2.784611600273582022e-04,2.865820428460379848e-04,2.833066251919418780e-04,2.870701535484879987e-04,2.896136324500640877e-04,2.879926395094823061e-04,2.827723010413763795e-04,2.804958060688354489e-04,2.752161893294404198e-04,2.880682470919315448e-04,2.924446493291448087e-04,2.956597593853894056e-04,3.007730033377054393e-04,3.039168802008302946e-04,3.018249693113400850e-04,3.046975570535922053e-04,2.978460638867677776e-04,3.085292780713804698e-04,3.055997075790064946e-04,3.042429811587955184e-04,3.097544698350487174e-04,3.075622556054027229e-04,3.150166844222910254e-04,3.109761507389139984e-04,3.161737458804634551e-04,3.169989904738339487e-04,3.176429444839668176e-04,3.150536046461028606e-04,3.189142246054711065e-04,3.214731011185567415e-04,3.157999255228209428e-04,3.231288315597700988e-04,3.225153188934989533e-04,3.219106071268194804e-04,3.181830939053121145e-04,3.201797963036235434e-04,3.201170472473389875e-04,3.218326006347578907e-04,3.232586208067401491e-04,3.196799551865049378e-04,3.220245241025272384e-04,3.233998515198295673e-04,3.202085356849731536e-04,3.202779025187589969e-04,3.125304669820389123e-04,3.178333746775188328e-04,3.240999296602702084e-04,3.221241829074987387e-04,3.262011386719989355e-04,3.217798466420556270e-04,3.243371689468734268e-04,3.229121248711914181e-04,3.250832680337697577e-04,3.229120590378616366e-04,3.213104723428151415e-04,3.146868812811089090e-04,3.256640942324188289e-04,3.253966441077973037e-04,3.180258638021121872e-04,3.208914118419883702e-04,3.209092152282250264e-04,3.255678667436306115e-04,3.236108820554026220e-04,3.195589864790207633e-04,3.158131673836909667e-04,3.216515228898232377e-04,3.180257001559714950e-04,3.239402712574329028e-04,3.182258445074154381e-04,3.190582475267102224e-04,3.214755440614525139e-04,3.184399687361376993e-04,3.082874195810696204e-04,3.048216641456906874e-04,3.184569673429685872e-04,3.199125344797902290e-04,3.180311650355875500e-04,3.122372133315601391e-04,3.135841450328063465e-04,3.181828593562172872e-04,3.175356171188810903e-04,3.152161796572437247e-04,3.085832037692531221e-04,3.065190425330272818e-04,3.152392277609543381e-04,3.075928187483885096e-04,3.031938639404755786e-04,3.184296290252863499e-04,3.094668513988793439e-04,3.103376095374776682e-04,3.154440386308551988e-04,3.157230278264644527e-04,3.148732616148733929e-04,3.071307154431019196e-04,3.189002999270432702e-04,3.141117310928370418e-04,3.099705745233861292e-04,3.196655677924716867e-04,3.194848135361999194e-04,3.206105332384116867e-04,3.199668739908294486e-04,3.324658134681596363e-04
2.327495670157925581e-04,2.370837342305488033e-04,2.385114880948253880e-04,2.429240242548283911e-04,2.382181561669852426e-04,2.257286233575571865e-04,2.410130762842629417e-04,2.315752321205462587e-04,2.380375478860788157e-04,2.378704224457483293e-04,2.240215820848569608e-04,2.445524098662598409e-04,2.479404091602228888e-04,2.504822318821525902e-04,2.488412281499992437e-04,2.451372702009308379e-04,2.449064049504892952e-04,2.471885985038168383e-04,2.496037677397179794e-04,2.559625545635547321e-04,2.525870828323883814e-04,2.581070756299580667e-04,2.571287748502022524e-04,2.542736374614858424e-04,2.626394316339206668e-04,2.644699118638841294e-04,2.678971841815878008e-04,2.613910180573094776e-04,2.713987145811449673e-04,2.714322353201379409e-04,2.672825616437305807e-04,2.735466502278837428e-04,2.747540729158969453e-04,2.764160256783711363e-04,2.813131446401143879e-04,2.780945727609764485e-04,2.786625969527214627e-04,2.738906742067755812e-04,2.780687240788443223e-04,2.864811658228075221e-04,2.834536030068682592e-04,2.868709099230407197e-04,2.894115399645511510e-04,2.878374449489268672e-04,2.827949466535144242e-04,2.805774905497884059e-04,2.753435863068681775e-04,2.882534560487223655e-04,2.929398306643736386e-04,2.957372126982853264e-04,3.010386043830785775e-04,3.043472866845992422e-04,3.022591566204399591e-04,3.053231112398170849e-04,2.982026410272745716e-04,3.090944599293032934e-04,3.064377808350355259e-04,3.049116998985244940e-04,3.106912181709022805e-04,3.086824627977628505e-04,3.155932187211424062e-04,3.118239691386399709e-04,3.167851597944314678e-04,3.179208093391854787e-04,3.187920029145234198e-04,3.160952385619702695e-04,3.200877352148214102e-04,3.222352740370889538e-04,3.169630181926266256e-04,3.245516732952764285e-04,3.236414405553977728e-04,3.229447582995648267e-04,3.191081730040308279e-04,3.212298916451188742e-04,3.211268468281311926e-04,3.229423607061998797e-04,3.242937221952299628e-04,3.205044439590351633e-04,3.229378223455035704e-04,3.245372867921862041e-04,3.202779025187589969e-04,3.229911098648283467e-04,3.138927812933417320e-04,3.191683027251627450e-04,3.259463660223772016e-04,3.230725899337733671e-04,3.274122218659311872e-04,3.229771899968122365e-04,3.256452246989539998e-04,3.241307622201444793e-04,3.266141272586942784e-04,3.245723425530279036e-04,3.228323033682981491e-04,3.158835605879448095e-04,3.267605074194548107e-04,3.267536426902802743e-04,3.198402223935742058e-04,3.226997104604262972e-04,3.230228884303325146e-04,3.272303437220110546e-04,3.249374493271726060e-04,3.216215608219668448e-04,3.173721709405825540e-04,3.232100999746091480e-04,3.195121922434392527e-04,3.256966681600732697e-04,3.200161158167077937e-04,3.211530541878405954e-04,3.232322158240885927e-04,3.205820868891754078e-04,3.101943286090512301e-04,3.070102674477222021e-04,3.203186711521696932e-04,3.217351457112765630e-04,3.201659833267134800e-04,3.146217467881658202e-04,3.156004678485212905e-04,3.203394826765465150e-04,3.199383644017200876e-04,3.171470073582711557e-04,3.107277008593417622e-04,3.085856932373252925e-04,3.174359305598259992e-04,3.096069669947961703e-04,3.051867391646231062e-04,3.205130742685276062e-04,3.116207780713183950e-04,3.125988893223803633e-04,3.177314340371420270e-04,3.177506116689873231e-04,3.162804083698433130e-04,3.089626323012470335e-04,3.219292802352121926e-04,3.160493393638218163e-04,3.124738392337168781e-04,3.216789684732757970e-04,3.209351442080943619e-04,3.232317141359370674e-04,3.225341079064626541e-04,3.362634562010442829e-04
2.276343820526026038e-04,2.300136752068111118e-04,2.319480351055508405e-04,2.363024613849752848e-04,2.320423612017228135e-04,2.226493385117797803e-04,2.346210111461054031e-04,2.275177642701629410e-04,2.310845738200841936e-04,2.346250064694727956e-04,2.232226778735336981e-04,2.377144279464338044e-04,2.405712829921012130e-04,2.436708660182840248e-04,2.428940623059933003e-04,2.400729709718493927e-04,2.379506589629964573e-04,2.396422696414828414e-04,2.441232357829521975e-04,2.486734310289844051e-04,2.455117624817965746e-04,2.508825699547770197e-04,2.511579741344082371e-04,2.485355045336668303e-04,2.547175133291816867e-04,2.573480338508024406e-04,2.601160489431391071e-04,2.555384842614116022e-04,2.641025542395408180e-04,2.641716185090656351e-04,2.598778701428098485e-04,2.653973056345190567e-04,2.678058128426897243e-04,2.691554090160301724e-04,2.727838357927279619e-04,2.700544815850805026e-04,2.715117623162678867e-04,2.691595636771879768e-04,2.720043177738170324e-04,2.782182038605377156e-04,2.769954590670222839e-04,2.784126891375738461e-04,2.815320513492933349e-04,2.800188162316940383e-04,2.757507341460472931e-04,2.723019583128077101e-04,2.698319144324938090e-04,2.810406157778667729e-04,2.850211881143483112e-04,2.878499940828447559e-04,2.931950395878851626e-04,2.957488999289872075e-04,2.941294296264186040e-04,2.963023442779717147e-04,2.913381702661022509e-04,3.011525824551451562e-04,2.985075934053576141e-04,2.969466356957008580e-04,3.012605434825173169e-04,3.007397095253175226e-04,3.071988556455296443e-04,3.037425472597035572e-04,3.090119717860825258e-04,3.100320588384310508e-04,3.106773503728829221e-04,3.067974310227150072e-04,3.106075272585564931e-04,3.140756536497179337e-04,3.092011401185156363e-04,3.156846401427817680e-04,3.152148369418937405e-04,3.142722373681699761e-04,3.105972289870808918e-04,3.138696694670419559e-04,3.126849799316025274e-04,3.148491634229286934e-04,3.163310936308790823e-04,3.140285021166261598e-04,3.155433402858404644e-04,3.157625604517754598e-04,3.125304669820389123e-04,3.138927812933417320e-04,3.109989973142085321e-04,3.136221563932571231e-04,3.188217596455266605e-04,3.152137867925886602e-04,3.196822916077728745e-04,3.158849616978720532e-04,3.175683126209831973e-04,3.155021606937890612e-04,3.186388754801866043e-04,3.174232591055221940e-04,3.152599834060447188e-04,3.098066619453151115e-04,3.183763066085522841e-04,3.184676678955277959e-04,3.142514966637759534e-04,3.155324170729244151e-04,3.156503892127478076e-04,3.203805868049861591e-04,3.175301433517059438e-04,3.147382170212266266e-04,3.100968443717163660e-04,3.159182954000609050e-04,3.120927844051243297e-04,3.173528301839501965e-04,3.122424121755405075e-04,3.126136620357156332e-04,3.153259236163856644e-04,3.124480831750332138e-04,3.047568561261301606e-04,3.018344053652966788e-04,3.130345486314255665e-04,3.139370403826790526e-04,3.138458297111184291e-04,3.075098189724556337e-04,3.095276725594551018e-04,3.135344324852776493e-04,3.128548484848376167e-04,3.111540255064930319e-04,3.046614727105869985e-04,3.034137268935569462e-04,3.114254969755275650e-04,3.038044438025105497e-04,3.008016802944988026e-04,3.135712725631405792e-04,3.041581720778235723e-04,3.047360079704781229e-04,3.093965383722837421e-04,3.108935621873245452e-04,3.107031973685570004e-04,3.086911191725554395e-04,3.134903740975564625e-04,3.101973128226059927e-04,3.070704234263075790e-04,3.170418875117719218e-04,3.152138608049803075e-04,3.171987059626499186e-04,3.168163689693721829e-04,3.284127364063708183e-04
2.318783954419429761e-04,2.346004081690000200e-04,2.367719496504738048e-04,2.408256625792489121e-04,2.370654201817649323e-04,2.268630797835016635e-04,2.393969353701196122e-04,2.325905658370563489e-04,2.366527942049022120e-04,2.389971131547558177e-04,2.264814575930998344e-04,2.430318145829234102e-04,2.456566805802852917e-04,2.489420633818360644e-04,2.478855932299010097e-04,2.454463525690916189e-04,2.438170696820343535e-04,2.446221131436243017e-04,2.493740553664184961e-04,2.538964791215705800e-04,2.507884270855872716e-04,2.562821899325022721e-04,2.561699790750787079e-04,2.538666541526877997e-04,2.599377247695601380e-04,2.624930534359235824e-04,2.656363211073115601e-04,2.607224771804009483e-04,2.693805888681008735e-04,2.693036011182062977e-04,2.652596157957134689e-04,2.705562493202082262e-04,2.727199845679804642e-04,2.741973097939396373e-04,2.782328256649692854e-04,2.752040558177111605e-04,2.765270585136254131e-04,2.741644062144765791e-04,2.770823280056994796e-04,2.835475777662963817e-04,2.817951008222602033e-04,2.835457222695661602e-04,2.862556974772695871e-04,2.844961615113423539e-04,2.805657301675508605e-04,2.767105454375679940e-04,2.742331180343850834e-04,2.858819560458858867e-04,2.899312014606527385e-04,2.930269756755778695e-04,2.982833841035032797e-04,3.009474147855924599e-04,2.994000288526792652e-04,3.018150277390304020e-04,2.965696569639163726e-04,3.062219208573160943e-04,3.038953734944000026e-04,3.027111889231272465e-04,3.069181978876074418e-04,3.055326230464924515e-04,3.124558895102718119e-04,3.087188243060163292e-04,3.141538541139487421e-04,3.151968423847571190e-04,3.157393765426986534e-04,3.122149237250683895e-04,3.161164642122370303e-04,3.191176983143242268e-04,3.142986715765352869e-04,3.211668818070702422e-04,3.209856964681644760e-04,3.197641186574095781e-04,3.157553325944927741e-04,3.187067961317887298e-04,3.182310294147462832e-04,3.199650119889354150e-04,3.216474184693745957e-04,3.187085713792503494e-04,3.205445270710254144e-04,3.212393649697185285e-04,3.178333746775188328e-04,3.191683027251627450e-04,3.136221563932571231e-04,3.203913801949050209e-04,3.238936910352159309e-04,3.200819559496793335e-04,3.245797736612705971e-04,3.207888400205989978e-04,3.227313405731587967e-04,3.206154374461056577e-04,3.240053775300250766e-04,3.222475552895055187e-04,3.206758872670651328e-04,3.152187556237171103e-04,3.242294464579698120e-04,3.235607385581762310e-04,3.193798803662207392e-04,3.204654275489288531e-04,3.204709125553070357e-04,3.256320796528616875e-04,3.223425634347652454e-04,3.193483778480138966e-04,3.151462668882732353e-04,3.207018190061018204e-04,3.171131946153000558e-04,3.229047534657765841e-04,3.173073792355560066e-04,3.177521746566587405e-04,3.205027037069883671e-04,3.179241348290072532e-04,3.096781241897621781e-04,3.067528454179992582e-04,3.177313241445903712e-04,3.191512888293444958e-04,3.181409188893898304e-04,3.117026270503578367e-04,3.135909592712558380e-04,3.179545576233156444e-04,3.171623714328556743e-04,3.153002968711263350e-04,3.086818976300624508e-04,3.079553000923744002e-04,3.157089519596280899e-04,3.087601616339310574e-04,3.055079558300981767e-04,3.179629001207182255e-04,3.087888608333431376e-04,3.097630423686523779e-04,3.143155735047129733e-04,3.159257597392764222e-04,3.151921595842098879e-04,3.122860926955872067e-04,3.186066615879953033e-04,3.146350448259956295e-04,3.109702782195157707e-04,3.207811469926901186e-04,3.197180042759048568e-04,3.216791977672200345e-04,3.214241170109557251e-04,3.339432470991351640e-04
2.326029296843746706e-04,2.365855792933852192e-04,2.382445563584098406e-04,2.428058625910364311e-04,2.384054604282316114e-04,2.259674474330627275e-04,2.408305852177126786e-04,2.306934548329627377e-04,2.367090577733742057e-04,2.399123888483696847e-04,2.252744903158078915e-04,2.436174321676633995e-04,2.475041270352200244e-04,2.502165580361355749e-04,2.491857854489216355e-04,2.456150146845226668e-04,2.440263308275694384e-04,2.463522792910269126e-04,2.490830098691641748e-04,2.558283428942119300e-04,2.522388344843612298e-04,2.580562845360882102e-04,2.575636812959047699e-04,2.548991451714447440e-04,2.625866904878041775e-04,2.649921515533144130e-04,2.684417670772185982e-04,2.618919976948549987e-04,2.725329418945827541e-04,2.720526216706048092e-04,2.674309302518611980e-04,2.740758539071232679e-04,2.759054207106576180e-04,2.775173941226218737e-04,2.821346588806523145e-04,2.787877827970857911e-04,2.794461099277080842e-04,2.749121641369214344e-04,2.793598497092932898e-04,2.878367456804935081e-04,2.852340341914949996e-04,2.880351705665509169e-04,2.909952729215227311e-04,2.890500379932890761e-04,2.842140693949627307e-04,2.812881622484698484e-04,2.758403775233185030e-04,2.900018570603746736e-04,2.950452085330236042e-04,2.974336083705932110e-04,3.031026435487715366e-04,3.064804524874015852e-04,3.042186869765892013e-04,3.072101640304980954e-04,3.000530989350030345e-04,3.115627262880829346e-04,3.090506678207181630e-04,3.071689975236244360e-04,3.128667091762418967e-04,3.112353213017518441e-04,3.185890714993325321e-04,3.148590788130788002e-04,3.199373534038481878e-04,3.213069386803770150e-04,3.220994082957912810e-04,3.187053263106486055e-04,3.233013583912376534e-04,3.258717360905646248e-04,3.205669722910446532e-04,3.279073514064927207e-04,3.276097946574109735e-04,3.265856451470124772e-04,3.229450533063902727e-04,3.245986748716273842e-04,3.250553432814821085e-04,3.271395824424744043e-04,3.282169445644646114e-04,3.246196798149570979e-04,3.273271096308554245e-04,3.288313179520178193e-04,3.240999296602702084e-04,3.259463660223772016e-04,3.188217596455266605e-04,3.238936910352159309e-04,3.319674747125396378e-04,3.271414813868002446e-04,3.323237230402028880e-04,3.276490433617019311e-04,3.300291068189937756e-04,3.282196996751080898e-04,3.310212732438506966e-04,3.294196495292448000e-04,3.266346133632166797e-04,3.206257187055466828e-04,3.314591163512473071e-04,3.313411958218849367e-04,3.256760119701376669e-04,3.275684388663799014e-04,3.281227109750103378e-04,3.321780744397532744e-04,3.305508154939937153e-04,3.276634158814051702e-04,3.232704079778951330e-04,3.290557978440182010e-04,3.261439645219971943e-04,3.316773663346555927e-04,3.258837946936818560e-04,3.272737813328127350e-04,3.298379543664645792e-04,3.264459292706630464e-04,3.164647580745203912e-04,3.136114842165567060e-04,3.269378295053438255e-04,3.290189868903062244e-04,3.272349229082619436e-04,3.218628270976343214e-04,3.224875130512873172e-04,3.281641304850558497e-04,3.276057815751438158e-04,3.256562103264186219e-04,3.194757961973765836e-04,3.171168939871477554e-04,3.266210515369887902e-04,3.188415354307320244e-04,3.138359383028323430e-04,3.306740156136593850e-04,3.215804985211612762e-04,3.232877323187391882e-04,3.277527921732807507e-04,3.286997772397095012e-04,3.273228599031830638e-04,3.214726157097791154e-04,3.334043775621568133e-04,3.289220323707965198e-04,3.259990956921959143e-04,3.355398102018384405e-04,3.356371338674413412e-04,3.379862620108495122e-04,3.381395794620188373e-04,3.518398233987751105e-04
2.316999314099243989e-04,2.366070314591611561e-04,2.390925731983062504e-04,2.428056520151924513e-04,2.378273162392458343e-04,2.258529524738887330e-04,2.412777520551415784e-04,2.304422420191726609e-04,2.378884685816182870e-04,2.399320637567748358e-04,2.246609224052164785e-04,2.435993345218664485e-04,2.479532304367072890e-04,2.500905769284655716e-04,2.479531320330234873e-04,2.446165845932834668e-04,2.442188102572066376e-04,2.461491430903197351e-04,2.495098436986106219e-04,2.557827587617025823e-04,2.524392321687107701e-04,2.578293684797952341e-04,2.561015317110198922e-04,2.534182408879130156e-04,2.624057262166731202e-04,2.647305439693045724e-04,2.682400971141760148e-04,2.608175502947298620e-04,2.712790744901947496e-04,2.705350990625121242e-04,2.668417796265266147e-04,2.736581827078937105e-04,2.751550731765150496e-04,2.764493725938851161e-04,2.820627297229838320e-04,2.784232289427216334e-04,2.788436412748347476e-04,2.740972698316754513e-04,2.783939238375719694e-04,2.869236891529880029e-04,2.836012252967939407e-04,2.878169245830309426e-04,2.906772437802387617e-04,2.894927050765357568e-04,2.836481576294149517e-04,2.818142914953273019e-04,2.763180962415991691e-04,2.895064723075013529e-04,2.940243586454975122e-04,2.969842791106892333e-04,3.027539229936407252e-04,3.060296933729091443e-04,3.037154764184643325e-04,3.069761945510479434e-04,2.994523992592538239e-04,3.110018845991910298e-04,3.075327892503703633e-04,3.060191573475484414e-04,3.123770724507042031e-04,3.102109786153553635e-04,3.174299758873174479e-04,3.136480163296191106e-04,3.188197428082675030e-04,3.194860545438567463e-04,3.202817313294138626e-04,3.185811130391720623e-04,3.221019020082358290e-04,3.242280438970071500e-04,3.189958199065045380e-04,3.262104091873047626e-04,3.248364535178377096e-04,3.248604888349940797e-04,3.210735937725766871e-04,3.234731706482775839e-04,3.232219322921841003e-04,3.246915739215023894e-04,3.260802457166703402e-04,3.232258941448050817e-04,3.251567168596696629e-04,3.270257572330392327e-04,3.221241829074987387e-04,3.230725899337733671e-04,3.152137867925886602e-04,3.200819559496793335e-04,3.271414813868002446e-04,3.270482856382629644e-04,3.301630520591540422e-04,3.251972847902275302e-04,3.277433329237496268e-04,3.260592026322558265e-04,3.289960646204759275e-04,3.270744555000441021e-04,3.247952806234158992e-04,3.182709247936713840e-04,3.293797103364993974e-04,3.295268973996335151e-04,3.210221883307456015e-04,3.251633179126416366e-04,3.251596665022212472e-04,3.292986693719858493e-04,3.280001136023231361e-04,3.235311076743100094e-04,3.193752132818362000e-04,3.257957129644314508e-04,3.222126825579460876e-04,3.280960665539571670e-04,3.230906445746868638e-04,3.231889802444742649e-04,3.258627076775156054e-04,3.226494577343298710e-04,3.110703961722068988e-04,3.085386831643819640e-04,3.228506246526564373e-04,3.235835938045133271e-04,3.222964651837590994e-04,3.162641551441080839e-04,3.185751871348725716e-04,3.227729400765631763e-04,3.225487417669306773e-04,3.197454001266738415e-04,3.124880155860610678e-04,3.107376555289233016e-04,3.187351802870422974e-04,3.109033586774592761e-04,3.061064949837528784e-04,3.221574806640959267e-04,3.136868317282193695e-04,3.142408268473202400e-04,3.186168021133095021e-04,3.186774311738985719e-04,3.181573313618701903e-04,3.087508159588761461e-04,3.218676263262565786e-04,3.178936132918863244e-04,3.127182310179396109e-04,3.220171967545406829e-04,3.217424875887881083e-04,3.234239452101371395e-04,3.230111441510099234e-04,3.340325217666771760e-04
2.298655709741191091e-04,2.349915098016279826e-04,2.369088042802144521e-04,2.412343425269192372e-04,2.361262513360672967e-04,2.229856387788054927e-04,2.390126134988870355e-04,2.274621417243962416e-04,2.349233591590708654e-04,2.372995346474609938e-04,2.212065244181789898e-04,2.415362523545434706e-04,2.460124073189503668e-04,2.484357950968453803e-04,2.465612564667881410e-04,2.429295105778238263e-04,2.411365183525233154e-04,2.442700093528873788e-04,2.469219578571771908e-04,2.540013999647585340e-04,2.506267878761523358e-04,2.563435402773745647e-04,2.550764843225333269e-04,2.525929914527604903e-04,2.612994922733197028e-04,2.637830144796118642e-04,2.677205191301591531e-04,2.598147444563720667e-04,2.711344329291957172e-04,2.703184355533549076e-04,2.666427252560156567e-04,2.734412323877146757e-04,2.747894261186251412e-04,2.764142042206408321e-04,2.816158423091237421e-04,2.785521993986772560e-04,2.788705281098015679e-04,2.736788901921047268e-04,2.785502524124690402e-04,2.876828426026083337e-04,2.842473263514912999e-04,2.885031442768826626e-04,2.913787947090892404e-04,2.902159216503381054e-04,2.840897001755603364e-04,2.821618878811050211e-04,2.759854885140713390e-04,2.907773508210522600e-04,2.959699106772863868e-04,2.981912404290211526e-04,3.045600663666815709e-04,3.080426361735395910e-04,3.055367382945117587e-04,3.092830074342742654e-04,3.003932818845870515e-04,3.128890936428265174e-04,3.102635923722334805e-04,3.080695792199320080e-04,3.150155434749360938e-04,3.129285792740503546e-04,3.205084609478678218e-04,3.166042384241958118e-04,3.214994400898286671e-04,3.231939478246589220e-04,3.242333051828310978e-04,3.214054121678455657e-04,3.259951785919078487e-04,3.278000302395405797e-04,3.225630824788621679e-04,3.302440611718397202e-04,3.289381833313409671e-04,3.286707735682830884e-04,3.253139582898367322e-04,3.270883083227170852e-04,3.274291218309389041e-04,3.290984493149808911e-04,3.302546523341230657e-04,3.269566263504199263e-04,3.294369956847593137e-04,3.311288290448756964e-04,3.262011386719989355e-04,3.274122218659311872e-04,3.196822916077728745e-04,3.245797736612705971e-04,3.323237230402028880e-04,3.301630520591540422e-04,3.362902977766038244e-04,3.299770357053369231e-04,3.326607572335135536e-04,3.308586631675613479e-04,3.337786438848946362e-04,3.322815076643974709e-04,3.296665080050615714e-04,3.227623759716188390e-04,3.343641739712095891e-04,3.349821283482356301e-04,3.268198220806939401e-04,3.308416281738370160e-04,3.312773999384751255e-04,3.348951717359710230e-04,3.333846825771742445e-04,3.298443676508096799e-04,3.262352449970401481e-04,3.321256743831359323e-04,3.289687973121962041e-04,3.349747849895301738e-04,3.294193611569484889e-04,3.301359846459602627e-04,3.330706080402694278e-04,3.294974565341525974e-04,3.177909027616058991e-04,3.150808045295896758e-04,3.302652669909432394e-04,3.316499516309994746e-04,3.299263130790128272e-04,3.247324946489310755e-04,3.263442885054058766e-04,3.315826149858616852e-04,3.311944380038241696e-04,3.283508871487253434e-04,3.213561703654109242e-04,3.190895988095067480e-04,3.287459279907951263e-04,3.203007933911818333e-04,3.138028503962407459e-04,3.327915728197712499e-04,3.240509440912006048e-04,3.256904344061620910e-04,3.302489194088538459e-04,3.307184674001243285e-04,3.293172015249888943e-04,3.199076081514104952e-04,3.352024320628493588e-04,3.304831525354981351e-04,3.264961126303339459e-04,3.360612793770444682e-04,3.368491835135612941e-04,3.382602817149008142e-04,3.392280430325199966e-04,3.522526560939543945e-04
2.299366599969011004e-04,2.345572681215148017e-04,2.361789158643318035e-04,2.407705495364689970e-04,2.356310642858857587e-04,2.228694762832492463e-04,2.382966990511065346e-04,2.278151085550796388e-04,2.347550419241052849e-04,2.368827349235551718e-04,2.219265409386487217e-04,2.409000895085643254e-04,2.449711605112647305e-04,2.476630625185952442e-04,2.458258751707164671e-04,2.423392590743064399e-04,2.418044353560145352e-04,2.438449618159527069e-04,2.467277472099997909e-04,2.531166289816384816e-04,2.495893400072183286e-04,2.555114846509751007e-04,2.541337995156494061e-04,2.515344666809882137e-04,2.601377928198520526e-04,2.624577143428168981e-04,2.660171793692905364e-04,2.584734637025760690e-04,2.692066338539512841e-04,2.690359924912665143e-04,2.648524525141131942e-04,2.714585119105286984e-04,2.728446222100119260e-04,2.744302891262879475e-04,2.794772410371602640e-04,2.764580047787524686e-04,2.769395564862746221e-04,2.718401014711111625e-04,2.765368482240832806e-04,2.850932307390236886e-04,2.818143101426053053e-04,2.855818148661706086e-04,2.883629023599088687e-04,2.870200264108892902e-04,2.811464330647715109e-04,2.792677126925817432e-04,2.736139077622426236e-04,2.876441398404704607e-04,2.926700368744083948e-04,2.950249530996169292e-04,3.011474774259913548e-04,3.044278768692018871e-04,3.022494812590575475e-04,3.052019012547947598e-04,2.976911118408126456e-04,3.093111866582542763e-04,3.065301763948657899e-04,3.046631679355121694e-04,3.110319904795339732e-04,3.089614798359688222e-04,3.164066131149133104e-04,3.125526435273862850e-04,3.176021007464801139e-04,3.190391134925755459e-04,3.199890009910384843e-04,3.170889533480060452e-04,3.212760738463109073e-04,3.234258006009818999e-04,3.182618573955314388e-04,3.258863019927414183e-04,3.245749933242920689e-04,3.240049258683490264e-04,3.204090513894360158e-04,3.229877470547487398e-04,3.226550818352264547e-04,3.243097869880657538e-04,3.259827683973111085e-04,3.225412448040096652e-04,3.246478926981338493e-04,3.262459020059436422e-04,3.217798466420556270e-04,3.229771899968122365e-04,3.158849616978720532e-04,3.207888400205989978e-04,3.276490433617019311e-04,3.251972847902275302e-04,3.299770357053369231e-04,3.264467574623397430e-04,3.279358041819467389e-04,3.261121922497485482e-04,3.291967860285164964e-04,3.274509933504016266e-04,3.249685755969927811e-04,3.183085065790132776e-04,3.295388843676329868e-04,3.297977203976282159e-04,3.225693970159576335e-04,3.258726384056874177e-04,3.261947444780362673e-04,3.299086641361362901e-04,3.283460423214274804e-04,3.248035265565329412e-04,3.205767740124878802e-04,3.267465563358196352e-04,3.231319453908494742e-04,3.293725363314640260e-04,3.239254476376630747e-04,3.245797256801855632e-04,3.272636640638978381e-04,3.242050704949552410e-04,3.133031074300598215e-04,3.103472600200076295e-04,3.243982570353936136e-04,3.258777344425950353e-04,3.244587200678784953e-04,3.185421488038556312e-04,3.204917933113514026e-04,3.254025588913302147e-04,3.251112212885565959e-04,3.223833089214248786e-04,3.156128813428151349e-04,3.136883093206792143e-04,3.227285310905481574e-04,3.144539530938018717e-04,3.090117841037851422e-04,3.260667616772940634e-04,3.174168849757969067e-04,3.185486551921635308e-04,3.233897164810342682e-04,3.238429854728263561e-04,3.229022739180405590e-04,3.147505389346108942e-04,3.276444298709776091e-04,3.235317930635851292e-04,3.192489767549811538e-04,3.288224783993800508e-04,3.293851612959570779e-04,3.307190188726716437e-04,3.307640123469151499e-04,3.438930979216708894e-04
2.284295092408261208e-04,2.333340562980526446e-04,2.345898103671515832e-04,2.391345245989874373e-04,2.341054935147867039e-04,2.205536947191202174e-04,2.367205404962674227e-04,2.257932135894249125e-04,2.332381539360822839e-04,2.336585890079411940e-04,2.185963957425415664e-04,2.394238077269835797e-04,2.436758841206045003e-04,2.459508147747854431e-04,2.441300161346543853e-04,2.402868688244381035e-04,2.399990341509186827e-04,2.426659285600207664e-04,2.444976678565529793e-04,2.518418534967908104e-04,2.484652560583104196e-04,2.542144438001779248e-04,2.526589110197690149e-04,2.501164579266808839e-04,2.593109061189284885e-04,2.613936882379051525e-04,2.650131391509520781e-04,2.571692126792405014e-04,2.684709666138053647e-04,2.682699495539392917e-04,2.642208573044645755e-04,2.712090104345631103e-04,2.725686406831507886e-04,2.742874101910147385e-04,2.798599487451318597e-04,2.765881139931659558e-04,2.771404803211545333e-04,2.715410429759936755e-04,2.765565324347523334e-04,2.857578261149136545e-04,2.823723515249669308e-04,2.866223561052430526e-04,2.894260913172665910e-04,2.880100686136665626e-04,2.824040010467294775e-04,2.812074698084069736e-04,2.744132810109032304e-04,2.888776178290288692e-04,2.941818956370036023e-04,2.965234021507503971e-04,3.025447439765475456e-04,3.061243291013982719e-04,3.036648585422688923e-04,3.071808723124997906e-04,2.989562490786687302e-04,3.111116667571995112e-04,3.085486377647574151e-04,3.069113598210970609e-04,3.132685297845508201e-04,3.109443123950559598e-04,3.185813653133366197e-04,3.147099015950927310e-04,3.193618721379699638e-04,3.209742435756498505e-04,3.220817598978535125e-04,3.195214755161932809e-04,3.237528366257093706e-04,3.255691321933430770e-04,3.203488975780193729e-04,3.281686650733708259e-04,3.272411202919772049e-04,3.266248736035325811e-04,3.232048864846516945e-04,3.252985556984007215e-04,3.251043428924077689e-04,3.269734653371156167e-04,3.282640751825657800e-04,3.244458503818932948e-04,3.267828402195361074e-04,3.289525840963140445e-04,3.243371689468734268e-04,3.256452246989539998e-04,3.175683126209831973e-04,3.227313405731587967e-04,3.300291068189937756e-04,3.277433329237496268e-04,3.326607572335135536e-04,3.279358041819467389e-04,3.318494848054417230e-04,3.291777221244229714e-04,3.316435717405755742e-04,3.298152357904633931e-04,3.276093606652734445e-04,3.204423466522346876e-04,3.320999314739346933e-04,3.324481936897980320e-04,3.249680235267293077e-04,3.285294260581704995e-04,3.288054545857787897e-04,3.324607785571297072e-04,3.312170690856446726e-04,3.275839432128330848e-04,3.235339695926309363e-04,3.296104933802147048e-04,3.256982987844914764e-04,3.322116960346217654e-04,3.265256500766905933e-04,3.279059348384378604e-04,3.303607246505113376e-04,3.269727560139532355e-04,3.154747069705373915e-04,3.124217113313742925e-04,3.273572218402942525e-04,3.292436219308323602e-04,3.274164272298339998e-04,3.222303523286325334e-04,3.234249318752350165e-04,3.287319227589659927e-04,3.281782331133209518e-04,3.251654092027659996e-04,3.184434382520430137e-04,3.163178508375970874e-04,3.254711913280788969e-04,3.171731133088064774e-04,3.118405321884984253e-04,3.297404264673921325e-04,3.207268687274512139e-04,3.219049263880848681e-04,3.268683227505474946e-04,3.271946887605213256e-04,3.262154235728670815e-04,3.166941653121384498e-04,3.312780752041193078e-04,3.267972239264969555e-04,3.228045480014517200e-04,3.317924312828424713e-04,3.330491841317817373e-04,3.345697568893912788e-04,3.341789906189268113e-04,3.483024492252892240e-04
2.303949122459857861e-04,2.353145448364294214e-04,2.370279096199859477e-04,2.413434218174522611e-04,2.357893666186268705e-04,2.219542484316105254e-04,2.389804209431644320e-04,2.272915411163442133e-04,2.350633314926299858e-04,2.360041412869129948e-04,2.200554504979505550e-04,2.413388347470963821e-04,2.461713023805276249e-04,2.483085246228498096e-04,2.463501998310334458e-04,2.426491617240549383e-04,2.417732627339772651e-04,2.447739020332175930e-04,2.466699757976648175e-04,2.540812346785365546e-04,2.506660593992980092e-04,2.560868150977763710e-04,2.544055922596653299e-04,2.518690477715066910e-04,2.609513171187223296e-04,2.627878880588462984e-04,2.669375419451123989e-04,2.587813829219833212e-04,2.701229694073042941e-04,2.698019187395723898e-04,2.656945964907260287e-04,2.726724498691581551e-04,2.738526514946278785e-04,2.755392390853669479e-04,2.809608124805780625e-04,2.775683470027002380e-04,2.777091075377522561e-04,2.719090349471476350e-04,2.766092228512388534e-04,2.862384219180767221e-04,2.824789284224215311e-04,2.869070268697846457e-04,2.897406781660608792e-04,2.883836752948536935e-04,2.822004701232132826e-04,2.809476213427242663e-04,2.738947473384264445e-04,2.884230293093832621e-04,2.936665276812848880e-04,2.962181303947745699e-04,3.020724591064401655e-04,3.056970365437627641e-04,3.032958039548075413e-04,3.068603323557873679e-04,2.982461944775192703e-04,3.104262913899620037e-04,3.075288570526851155e-04,3.056930223462523463e-04,3.124888522375278703e-04,3.101132782583784059e-04,3.178467433761053475e-04,3.136477541404856422e-04,3.186547299768929266e-04,3.198888921739453961e-04,3.210135822385794366e-04,3.186359669536946329e-04,3.227518679545928284e-04,3.246954171657521994e-04,3.189338618978452807e-04,3.270872081363775932e-04,3.263861808976708818e-04,3.254893990374772015e-04,3.219939761108569294e-04,3.238001928205571658e-04,3.238448261215034520e-04,3.256616266174676964e-04,3.267088075773416319e-04,3.228761627366067864e-04,3.252649888657016390e-04,3.278657021773412209e-04,3.229121248711914181e-04,3.241307622201444793e-04,3.155021606937890612e-04,3.206154374461056577e-04,3.282196996751080898e-04,3.260592026322558265e-04,3.308586631675613479e-04,3.261121922497485482e-04,3.291777221244229714e-04,3.286598143152616230e-04,3.299856702348694278e-04,3.279393901407460631e-04,3.257660230096942047e-04,3.186712067244708464e-04,3.304811202307494380e-04,3.311245133269809346e-04,3.226379219943512761e-04,3.265155885729647666e-04,3.268121115586793417e-04,3.308602418473990275e-04,3.296765064488084472e-04,3.256823932869943239e-04,3.216933169269843963e-04,3.280632618773843810e-04,3.242048381763874289e-04,3.303364219714239247e-04,3.250078515918113781e-04,3.260557951665145099e-04,3.287789327443562011e-04,3.255542419680546766e-04,3.133751540371023693e-04,3.103680243595412333e-04,3.256160608893950148e-04,3.275295023189477906e-04,3.252965336875766997e-04,3.200034447933957651e-04,3.214082713314505495e-04,3.265572257558791575e-04,3.259127257935053533e-04,3.230754723737483316e-04,3.165789068486710026e-04,3.140135031865014486e-04,3.234119636172035658e-04,3.151644960074840478e-04,3.094685899361505747e-04,3.273692560436395672e-04,3.188339079146165094e-04,3.202477543915609507e-04,3.251247532960622869e-04,3.250482186967336103e-04,3.239263310120837794e-04,3.133161412986989309e-04,3.298513988837942505e-04,3.240511858022199687e-04,3.199335569310138403e-04,3.295021630851760236e-04,3.295360526365799471e-04,3.315544490914726860e-04,3.325290900192669164e-04,3.455579754094887735e-04
2.308731469575664062e-04,2.359890504251261039e-04,2.378682491628482246e-04,2.421677901623359261e-04,2.367512930808726918e-04,2.242823485073484056e-04,2.399046963196237994e-04,2.294806263233077029e-04,2.362841674735421851e-04,2.381805916320423207e-04,2.234480856243104365e-04,2.423615919684653686e-04,2.469124664359381694e-04,2.491997163164598938e-04,2.471272501783352226e-04,2.438991210162455851e-04,2.431826817289937763e-04,2.452642697723649576e-04,2.484405670284848752e-04,2.552802489585657671e-04,2.518470082390240764e-04,2.573755544090489513e-04,2.558172475943871929e-04,2.538289611498755600e-04,2.621097024907236396e-04,2.643588251464020714e-04,2.684298944784841074e-04,2.605051759268237955e-04,2.712817823029742520e-04,2.710222017059304360e-04,2.674643334198000422e-04,2.738445965444199571e-04,2.753455045859989339e-04,2.767973913696071997e-04,2.821976351504967406e-04,2.790260145065867766e-04,2.793717181111297432e-04,2.739058489881212471e-04,2.789888814529788911e-04,2.877873498434654637e-04,2.841990783095167021e-04,2.884738935704434155e-04,2.912854194186977573e-04,2.902491158784757793e-04,2.839218702365942332e-04,2.824745800996342963e-04,2.769363561983036333e-04,2.907152630866977560e-04,2.958140066804445926e-04,2.982849360519356755e-04,3.042225489211763511e-04,3.075567284039892055e-04,3.050251988728920052e-04,3.088312161063505048e-04,3.004527112178127682e-04,3.123659904928236604e-04,3.098921822894838891e-04,3.079324683917139430e-04,3.144971255923883851e-04,3.123055300482836653e-04,3.197433592427184634e-04,3.157552956659994705e-04,3.207188642756910553e-04,3.223920584088454814e-04,3.232923782559602257e-04,3.210948636953196494e-04,3.249446797643704686e-04,3.266867889564103707e-04,3.217005412923215797e-04,3.293160443895402369e-04,3.278398897100194337e-04,3.279176368585263080e-04,3.238519727271898119e-04,3.263312670458051908e-04,3.261424168472943893e-04,3.276118834341251750e-04,3.291254072779539199e-04,3.261334219796003945e-04,3.277137898432030331e-04,3.299535690044511581e-04,3.250832680337697577e-04,3.266141272586942784e-04,3.186388754801866043e-04,3.240053775300250766e-04,3.310212732438506966e-04,3.289960646204759275e-04,3.337786438848946362e-04,3.291967860285164964e-04,3.316435717405755742e-04,3.299856702348694278e-04,3.342289904430805771e-04,3.315005116273496248e-04,3.291722272460464961e-04,3.221325002463750701e-04,3.333293097314961404e-04,3.338568286759638912e-04,3.262595813064809460e-04,3.304438602184191546e-04,3.303962573424383737e-04,3.339599573881228732e-04,3.324091669702055468e-04,3.290563566163950395e-04,3.251094220035829780e-04,3.313684711291447734e-04,3.274788568515395615e-04,3.338928981532534516e-04,3.287416155005004094e-04,3.291593916589509146e-04,3.320138579371822150e-04,3.289831944172707796e-04,3.173375423225232618e-04,3.144811089771115415e-04,3.291472263733676538e-04,3.303355105611875805e-04,3.292681870472460924e-04,3.238770265078184853e-04,3.258899873057192185e-04,3.306017166474695861e-04,3.304573538067170349e-04,3.270431911390645971e-04,3.203118842426399280e-04,3.187121018638708748e-04,3.269910533018316446e-04,3.188946714967350743e-04,3.136371444773028080e-04,3.307804892139570244e-04,3.218743754295302255e-04,3.238112766367833256e-04,3.285200009141380742e-04,3.286493039574779791e-04,3.274551432280995073e-04,3.175002672783334371e-04,3.333165452164540748e-04,3.281567268902369329e-04,3.239478209766884264e-04,3.336936335140012729e-04,3.337445101570827785e-04,3.350533722032859115e-04,3.356729134667917037e-04,3.491368989871564718e-04
2.254994568950958035e-04,2.303951139142643525e-04,2.323564346544689072e-04,2.367389751259029937e-04,2.310988503312972665e-04,2.192830772283549986e-04,2.340098945671088403e-04,2.228863955229775902e-04,2.303154489618599644e-04,2.329231531371731684e-04,2.176285558036086603e-04,2.364156350138087268e-04,2.406461223028144006e-04,2.438783834491347474e-04,2.415570693558852569e-04,2.364741022548429389e-04,2.363840172597180336e-04,2.391849188165478353e-04,2.425569311762915917e-04,2.488621223921715152e-04,2.455497810965716625e-04,2.512480478147798360e-04,2.500254625140687303e-04,2.480544569901181043e-04,2.561227434649025552e-04,2.587794412090540976e-04,2.626287631933993134e-04,2.553189840824421461e-04,2.659846756923791981e-04,2.654989470382075373e-04,2.622331075729394424e-04,2.685844140907613434e-04,2.704959401843924074e-04,2.717280076497720354e-04,2.769499241820172855e-04,2.743340933834739607e-04,2.746705392301038986e-04,2.694430433904550356e-04,2.743540782327036093e-04,2.832970806044460862e-04,2.798965519360304809e-04,2.840088636735134398e-04,2.865917449775704038e-04,2.861344037559509904e-04,2.795472980147161476e-04,2.781114314228590742e-04,2.723480194157935192e-04,2.864069601282805458e-04,2.921646566811193432e-04,2.943114057071809665e-04,3.009304849675785540e-04,3.043732101122777634e-04,3.015874583555110144e-04,3.052335644703268406e-04,2.966198394385396488e-04,3.089961837802875045e-04,3.067964810241884392e-04,3.048364621533486917e-04,3.111861577435903509e-04,3.097307429772071328e-04,3.168185267892214174e-04,3.132564157359935745e-04,3.181175483148593135e-04,3.198559074408034004e-04,3.206546196888749450e-04,3.181028167270937902e-04,3.227611728191885068e-04,3.241903804562027542e-04,3.190160893892975960e-04,3.269244329859586945e-04,3.257926940102581575e-04,3.254121420099428345e-04,3.221016508439754865e-04,3.242975009308740673e-04,3.241607044994419514e-04,3.259800587420490052e-04,3.270160414859813315e-04,3.243272243493865213e-04,3.257179338303484964e-04,3.277348339356551672e-04,3.229120590378616366e-04,3.245723425530279036e-04,3.174232591055221940e-04,3.222475552895055187e-04,3.294196495292448000e-04,3.270744555000441021e-04,3.322815076643974709e-04,3.274509933504016266e-04,3.298152357904633931e-04,3.279393901407460631e-04,3.315005116273496248e-04,3.316085126412415232e-04,3.269325290756132829e-04,3.210984648050781284e-04,3.316376300810193922e-04,3.324061253780213757e-04,3.252765292389915466e-04,3.293662874365916628e-04,3.297928566233181537e-04,3.330532498559473308e-04,3.312903423488877176e-04,3.282781719039321597e-04,3.240130303312562811e-04,3.305848819348950461e-04,3.269444373441075086e-04,3.328877634122447962e-04,3.278762039031212785e-04,3.281029787079709327e-04,3.316536984779554372e-04,3.281197291354074675e-04,3.164141639220423860e-04,3.138697176688740758e-04,3.288642879525187639e-04,3.305002773864661831e-04,3.290548632592377588e-04,3.237431938713469619e-04,3.255862843533373135e-04,3.305810262946448316e-04,3.303897864014200005e-04,3.275200430855442824e-04,3.202143579829007359e-04,3.182524246481272510e-04,3.281001077457741145e-04,3.193564381695582774e-04,3.134045569981078303e-04,3.319477532734908636e-04,3.226784995416056884e-04,3.242347893280810456e-04,3.291139406579432665e-04,3.305137316406244396e-04,3.291187212547201624e-04,3.195718584067355522e-04,3.348167954806049854e-04,3.304660464362791554e-04,3.255580734895504799e-04,3.353985384980102784e-04,3.358743622832011631e-04,3.364179839933857837e-04,3.389814013241530268e-04,3.526717909614738742e-04
2.277243312010191693e-04,2.322124306883322528e-04,2.339025320723898884e-04,2.379826515358461885e-04,2.330520152302273482e-04,2.211482706330445433e-04,2.358177093995631900e-04,2.265710542943514410e-04,2.331436837056075648e-04,2.340847629133689168e-04,2.195518619774130165e-04,2.393417099718114956e-04,2.427454797534857930e-04,2.454806422871670430e-04,2.435142407423566730e-04,2.396449864428774532e-04,2.392088513910452068e-04,2.414237299158149058e-04,2.452274237988715270e-04,2.511580669472738116e-04,2.481707037110415098e-04,2.533096521471891256e-04,2.523774684850338878e-04,2.504057002803288271e-04,2.581348956674515884e-04,2.604317702069138592e-04,2.642324456135806358e-04,2.569799225177493186e-04,2.672633437541010364e-04,2.668969612724687705e-04,2.640648718953247627e-04,2.696356904671450504e-04,2.707791307576479993e-04,2.728098543317300853e-04,2.779098974703738539e-04,2.749112006016662165e-04,2.757362302055029390e-04,2.713757398179601180e-04,2.757120412144370338e-04,2.838025765191433424e-04,2.805353243547363713e-04,2.847919182656537328e-04,2.873033609563198300e-04,2.862848738723087019e-04,2.806880691445746349e-04,2.788824274844638336e-04,2.750242318248956124e-04,2.873205738823899941e-04,2.919811371191049923e-04,2.948794545709451827e-04,3.002416100909915345e-04,3.034001665680252169e-04,3.016311578140642925e-04,3.052628253462331357e-04,2.972955260982289381e-04,3.085391967973178436e-04,3.062292787388889428e-04,3.045701257161665277e-04,3.104021047659583738e-04,3.085583793676004399e-04,3.157633870782059057e-04,3.111942966955605241e-04,3.167227870561531281e-04,3.182717657488300838e-04,3.193953855520340252e-04,3.167024246504729118e-04,3.206943170538509497e-04,3.227756120317741366e-04,3.175933022438176675e-04,3.251956155657398395e-04,3.236375619221261717e-04,3.230561285263097173e-04,3.192119375255619211e-04,3.222677334047187878e-04,3.219939948048688170e-04,3.234663572441516424e-04,3.251007543564294689e-04,3.220373945530702895e-04,3.239763011286900338e-04,3.256061600287151457e-04,3.213104723428151415e-04,3.228323033682981491e-04,3.152599834060447188e-04,3.206758872670651328e-04,3.266346133632166797e-04,3.247952806234158992e-04,3.296665080050615714e-04,3.249685755969927811e-04,3.276093606652734445e-04,3.257660230096942047e-04,3.291722272460464961e-04,3.269325290756132829e-04,3.267211722530776103e-04,3.188678751449752812e-04,3.290448588583576046e-04,3.300434784023127438e-04,3.220106458373028693e-04,3.261318831192918993e-04,3.257991526323136236e-04,3.303316023997512354e-04,3.281092642486891048e-04,3.242367675842474013e-04,3.213804721508007321e-04,3.270163527781599433e-04,3.229666304008144465e-04,3.294506057561964632e-04,3.240407106882190434e-04,3.243436541483655155e-04,3.273640249236870478e-04,3.246659865527938538e-04,3.138393023476661109e-04,3.111328632060560476e-04,3.248857081439206901e-04,3.254088069984006795e-04,3.248853253130734261e-04,3.189234491014933891e-04,3.214157172255408109e-04,3.255861044418874263e-04,3.255554467073853249e-04,3.223664721982345978e-04,3.154853001087764316e-04,3.144105647538534849e-04,3.224635408853118463e-04,3.143222730046112850e-04,3.099493664327344260e-04,3.251395930076838702e-04,3.167978734544915241e-04,3.185704547407055480e-04,3.231518332021815487e-04,3.240009696071624785e-04,3.227216643464992426e-04,3.149587261445524217e-04,3.276556704604676276e-04,3.222305775938175110e-04,3.184374743901604286e-04,3.279269682342672619e-04,3.273642059434637443e-04,3.296146306770417244e-04,3.294920433601339197e-04,3.427180688123629198e-04
2.236827797955925770e-04,2.269706755504445812e-04,2.292193920165093034e-04,2.332446340450397971e-04,2.284921963210747198e-04,2.188696225786247295e-04,2.312085957328139361e-04,2.228999248777865341e-04,2.284520326668453580e-04,2.311469829161643124e-04,2.171638022724726926e-04,2.341591554540063897e-04,2.374698240519267924e-04,2.408259263397637248e-04,2.393061705080084037e-04,2.348106767107592161e-04,2.338037308790887612e-04,2.358700115475549620e-04,2.410833879934776332e-04,2.454469525911289374e-04,2.431095707584397575e-04,2.478734913102794779e-04,2.475307691721113489e-04,2.455609691157120775e-04,2.519212616411044552e-04,2.547809776727196613e-04,2.581953454340273741e-04,2.527805473085941454e-04,2.618435456236339952e-04,2.611306780365505592e-04,2.583345365228449067e-04,2.634303918712058309e-04,2.658841211279077028e-04,2.673350590144696359e-04,2.716428123623474203e-04,2.687892240396538173e-04,2.698537348022547072e-04,2.672367873482611473e-04,2.702544282748529643e-04,2.776315105101923595e-04,2.753799719908911698e-04,2.783890111214045587e-04,2.810961500460145606e-04,2.804251110831563988e-04,2.752313269882235747e-04,2.727639255987375521e-04,2.697946261330388756e-04,2.811905788738326673e-04,2.854794340218271540e-04,2.884002320828670473e-04,2.942209298436315474e-04,2.969590084942488298e-04,2.950829969790716239e-04,2.979427209724795135e-04,2.911976647538299821e-04,3.015641690561390300e-04,2.996747625024170458e-04,2.982344011916678093e-04,3.031111387539892608e-04,3.017895880256583376e-04,3.088152228920346804e-04,3.047367702582329057e-04,3.105369723466319589e-04,3.114757387134914411e-04,3.122836849972461591e-04,3.092028610567186682e-04,3.133125206771509154e-04,3.158015120552806038e-04,3.105647041840089453e-04,3.179094842242888752e-04,3.170986393619584288e-04,3.161697230354203691e-04,3.127759784574227772e-04,3.154083462864580448e-04,3.149072259727490972e-04,3.169480184734404984e-04,3.185372553446762602e-04,3.162284024743393872e-04,3.174071481629298064e-04,3.186628847047953640e-04,3.146868812811089090e-04,3.158835605879448095e-04,3.098066619453151115e-04,3.152187556237171103e-04,3.206257187055466828e-04,3.182709247936713840e-04,3.227623759716188390e-04,3.183085065790132776e-04,3.204423466522346876e-04,3.186712067244708464e-04,3.221325002463750701e-04,3.210984648050781284e-04,3.188678751449752812e-04,3.143520443601493445e-04,3.222866348612756079e-04,3.227018305755713725e-04,3.168149211391959588e-04,3.196311153112685799e-04,3.194748501127821824e-04,3.244047956358152404e-04,3.217725601617255527e-04,3.182575120502408169e-04,3.147283375991945437e-04,3.206569442247314983e-04,3.170392301820595276e-04,3.223706761826046919e-04,3.179641552468445752e-04,3.174976310178643439e-04,3.208523912263986050e-04,3.181742150957190748e-04,3.085397583186915674e-04,3.063572574312312200e-04,3.188722280079247075e-04,3.198671255866700159e-04,3.187851953165732224e-04,3.127602584785288170e-04,3.153411388170757426e-04,3.193343539335959753e-04,3.191965702323640926e-04,3.173336308242772469e-04,3.101169906783485838e-04,3.093374005456116758e-04,3.178315156958399536e-04,3.096459125806571948e-04,3.062678710287999092e-04,3.201933530457607867e-04,3.115976243644642558e-04,3.128740554631507143e-04,3.171904113548154624e-04,3.196622086037367860e-04,3.181570615863820546e-04,3.134962255551960704e-04,3.229335753035086280e-04,3.187393423772674457e-04,3.151043402090762668e-04,3.243372864419722551e-04,3.235981430544225567e-04,3.255927872460873660e-04,3.269803090085023154e-04,3.386837185216448479e-04
2.263126577066307190e-04,2.311958406361279666e-04,2.325953729523106003e-04,2.372895889508713188e-04,2.319817216938007494e-04,2.185755610308581776e-04,2.345293852036121483e-04,2.225134109772580054e-04,2.307040094185745956e-04,2.330583912419673619e-04,2.162715538340103673e-04,2.372338416617869204e-04,2.415581004540556440e-04,2.443362946772568794e-04,2.422146784231305350e-04,2.378662209552183848e-04,2.374515282090724426e-04,2.399661318521959224e-04,2.426875120532269979e-04,2.498546438807787017e-04,2.463144242615374958e-04,2.522216232101533065e-04,2.506155677996976523e-04,2.485489020893767958e-04,2.573384831742515531e-04,2.596927374451308461e-04,2.636644733991967845e-04,2.555862981284130449e-04,2.671774085366269524e-04,2.668704871960985662e-04,2.628398880789881782e-04,2.698221259608627452e-04,2.714771571420221625e-04,2.732009798964947565e-04,2.785492670783734745e-04,2.756696388106035151e-04,2.758917942834726036e-04,2.701927081787115726e-04,2.755429882038120597e-04,2.848298174827471919e-04,2.815050374682339014e-04,2.858985782295980251e-04,2.887231544574814257e-04,2.874970533722211413e-04,2.812915480113483508e-04,2.798287592199840594e-04,2.731897806930311257e-04,2.883927864268367373e-04,2.938608465693461004e-04,2.963751126342770484e-04,3.028024707782039828e-04,3.063125667604629874e-04,3.039069312194234043e-04,3.073440634560757655e-04,2.988282678862017798e-04,3.113040814931050020e-04,3.088782436936978772e-04,3.067272950361008216e-04,3.137204670845788307e-04,3.115368109813882792e-04,3.193393877946412067e-04,3.152742530817306387e-04,3.205427244870529728e-04,3.219644262469231700e-04,3.229160543670281554e-04,3.203949709638286491e-04,3.250294216062051423e-04,3.263391168250197988e-04,3.215219547490569545e-04,3.291832576296522942e-04,3.286245316122327672e-04,3.275736251027120544e-04,3.243230000893725247e-04,3.262063811402646403e-04,3.265329367909201560e-04,3.282690494863455878e-04,3.296476930983002936e-04,3.257157121716988592e-04,3.281982226390885659e-04,3.303471352083073190e-04,3.256640942324188289e-04,3.267605074194548107e-04,3.183763066085522841e-04,3.242294464579698120e-04,3.314591163512473071e-04,3.293797103364993974e-04,3.343641739712095891e-04,3.295388843676329868e-04,3.320999314739346933e-04,3.304811202307494380e-04,3.333293097314961404e-04,3.316376300810193922e-04,3.290448588583576046e-04,3.222866348612756079e-04,3.353927827355776374e-04,3.345864597263321959e-04,3.267987642357824568e-04,3.306393427555748754e-04,3.311439308526912032e-04,3.347972261834280118e-04,3.334040262500403170e-04,3.299308520959656527e-04,3.257316660332507975e-04,3.322895896354738452e-04,3.289173151667639655e-04,3.352071144367353879e-04,3.296820658706470773e-04,3.304745682682077527e-04,3.337861291792093544e-04,3.302002247293489567e-04,3.182687146132813874e-04,3.152372332854867982e-04,3.310140143466544786e-04,3.330697753956363897e-04,3.305298765344402787e-04,3.255618773987729755e-04,3.268869409366004187e-04,3.325168822500503994e-04,3.322604394780600840e-04,3.290628378822568778e-04,3.223546795149676882e-04,3.198272659864787319e-04,3.300212996993918805e-04,3.212529127798400544e-04,3.157683998403855896e-04,3.343056964395322564e-04,3.260000420801064443e-04,3.270929208965194868e-04,3.323208891982022553e-04,3.331131680059688446e-04,3.314726757405457407e-04,3.215095431092816021e-04,3.369066644028022956e-04,3.331529158376784518e-04,3.284859669795538802e-04,3.376147398632808536e-04,3.389350614607692606e-04,3.410502685839274738e-04,3.415624685412853127e-04,3.556353998248433512e-04
2.257817998113179905e-04,2.313122367300782321e-04,2.327636707148077026e-04,2.372429017678894761e-04,2.314511780296256047e-04,2.180795624008764224e-04,2.344686737428548198e-04,2.220997306361997782e-04,2.306779173313865117e-04,2.322168961008685170e-04,2.161179011711672753e-04,2.366560388169117266e-04,2.415902007154492213e-04,2.441558791692372715e-04,2.418355386421948709e-04,2.372915271056810045e-04,2.368355814521042296e-04,2.397955774200741068e-04,2.427060653226046966e-04,2.497597540189456481e-04,2.465113233438265251e-04,2.519725918301687407e-04,2.506441927998870117e-04,2.483101503330618215e-04,2.574469235110562982e-04,2.595911232131572219e-04,2.639953757915921217e-04,2.552958153295075772e-04,2.668675517152518310e-04,2.664231064682555513e-04,2.632567496768144569e-04,2.700012182203335325e-04,2.710529733472122164e-04,2.730968034927922818e-04,2.785563373751102239e-04,2.757523674594702804e-04,2.759038003393727147e-04,2.699158000526134262e-04,2.753677136793505290e-04,2.850190796935530430e-04,2.810419333369805050e-04,2.861179390306378191e-04,2.887506955799087199e-04,2.878938758869856109e-04,2.811753417406229866e-04,2.803573876890655967e-04,2.736602878092108770e-04,2.885346119698232992e-04,2.941843733424325587e-04,2.964833554638853777e-04,3.028473812969600118e-04,3.065088861807686187e-04,3.039491439457549737e-04,3.079392351956377260e-04,2.985741952587977555e-04,3.113330226760720209e-04,3.088219780127832571e-04,3.067718719748434666e-04,3.139592605717116082e-04,3.117703306792194719e-04,3.194919898007575042e-04,3.151258918925937177e-04,3.203643278295186967e-04,3.223131947590778044e-04,3.231995736978676747e-04,3.209267119704762509e-04,3.253926126319565352e-04,3.268387745883441259e-04,3.214671905112283516e-04,3.296374692422132028e-04,3.280843794880832355e-04,3.277404833342053170e-04,3.243327902252396118e-04,3.262696325253808846e-04,3.266349690862904525e-04,3.281382459822018466e-04,3.293756672343898335e-04,3.260712175807647007e-04,3.282494437720755317e-04,3.307006364702917418e-04,3.253966441077973037e-04,3.267536426902802743e-04,3.184676678955277959e-04,3.235607385581762310e-04,3.313411958218849367e-04,3.295268973996335151e-04,3.349821283482356301e-04,3.297977203976282159e-04,3.324481936897980320e-04,3.311245133269809346e-04,3.338568286759638912e-04,3.324061253780213757e-04,3.300434784023127438e-04,3.227018305755713725e-04,3.345864597263321959e-04,3.364849184795753404e-04,3.269324788376449836e-04,3.316201356254344125e-04,3.316995619207015623e-04,3.352976799359031249e-04,3.341487555707594822e-04,3.304225321369699342e-04,3.271690795069890842e-04,3.334193884159725630e-04,3.299107538458516723e-04,3.361866940990899271e-04,3.306723862081919541e-04,3.313700407980764450e-04,3.347638252841110898e-04,3.315435087921335400e-04,3.186673533119693249e-04,3.160598277759593677e-04,3.320879617051465151e-04,3.333776793728201429e-04,3.319237230160074974e-04,3.265337885021511581e-04,3.283914319099736951e-04,3.337371380691541117e-04,3.337915253959153621e-04,3.304659412238925551e-04,3.235444205819678438e-04,3.211100105421630562e-04,3.310623631679051140e-04,3.222466292115274355e-04,3.158810224634058710e-04,3.348491786147278449e-04,3.266986107595714933e-04,3.287104760870774916e-04,3.335864142060697532e-04,3.338601642638003211e-04,3.321788455732886105e-04,3.216426714270958554e-04,3.386934823367327200e-04,3.337003393669292321e-04,3.293544899635666447e-04,3.381846970461269814e-04,3.389233085567459978e-04,3.411186186209566617e-04,3.427297721906204242e-04,3.567265408157968489e-04
2.185496409590894718e-04,2.216748625590520352e-04,2.225778351530045666e-04,2.277784469462729741e-04,2.231721963984538394e-04,2.123012417060886282e-04,2.249378751448153984e-04,2.168033448355979062e-04,2.210533700976441808e-04,2.234056393100244953e-04,2.111977864152054618e-04,2.280571939429933267e-04,2.313162209144690833e-04,2.347310560371185077e-04,2.338165937612004164e-04,2.306686733167238358e-04,2.293299646648797280e-04,2.309444027358901997e-04,2.343474425321746260e-04,2.399138143031532189e-04,2.368083369963592307e-04,2.424460251260458050e-04,2.428374968510472087e-04,2.406163642353178523e-04,2.473530317881522038e-04,2.497398182731210979e-04,2.535929543602802772e-04,2.481269743157928022e-04,2.582117773514017796e-04,2.585406010780043470e-04,2.544152112274446838e-04,2.598038670269541038e-04,2.631053585302372600e-04,2.646594106597553752e-04,2.683319478291474334e-04,2.661645995815733502e-04,2.677516226553819443e-04,2.640816469943118531e-04,2.683688682715918350e-04,2.758683010690750207e-04,2.747829281964239093e-04,2.764445160436185744e-04,2.792186393774879344e-04,2.778142344872746292e-04,2.736271185130118239e-04,2.707592097525513474e-04,2.662559335385487284e-04,2.801841117636503088e-04,2.854042050366276031e-04,2.876948215121113896e-04,2.934629154872944018e-04,2.968893767054965453e-04,2.946875715004148286e-04,2.976614753469596650e-04,2.909226327708378337e-04,3.022826368134781607e-04,3.012822209904823627e-04,2.994021617045075764e-04,3.038526779408673613e-04,3.032423258849825274e-04,3.102328826811609312e-04,3.068685948611913012e-04,3.116762168623127640e-04,3.139429858822768006e-04,3.150455507784571474e-04,3.113241911953226249e-04,3.159945962564722531e-04,3.178623954827336658e-04,3.131640607085638800e-04,3.205805268917909906e-04,3.204540635572168000e-04,3.194339386826907561e-04,3.162813368531081949e-04,3.183875240706469044e-04,3.177653268754546188e-04,3.206561553098024545e-04,3.215358859582622287e-04,3.183041238186067284e-04,3.207579839345206301e-04,3.220914689380418162e-04,3.180258638021121872e-04,3.198402223935742058e-04,3.142514966637759534e-04,3.193798803662207392e-04,3.256760119701376669e-04,3.210221883307456015e-04,3.268198220806939401e-04,3.225693970159576335e-04,3.249680235267293077e-04,3.226379219943512761e-04,3.262595813064809460e-04,3.252765292389915466e-04,3.220106458373028693e-04,3.168149211391959588e-04,3.267987642357824568e-04,3.269324788376449836e-04,3.256395190971193105e-04,3.247544179594786195e-04,3.252006498945431189e-04,3.294130039351023239e-04,3.270519648536655746e-04,3.255310204247744451e-04,3.208475675757465739e-04,3.268093706135912022e-04,3.235660736621011162e-04,3.290691043976701723e-04,3.239764245102821948e-04,3.252095397376129167e-04,3.283990388035706517e-04,3.251341664359149440e-04,3.169155837074652537e-04,3.141868929793158616e-04,3.261443860771721308e-04,3.289731801712130008e-04,3.275333201685213841e-04,3.232568643654660937e-04,3.247217781300802100e-04,3.297419407840459214e-04,3.292112249715172618e-04,3.277176371207109998e-04,3.215672248412822904e-04,3.204639910581239654e-04,3.293995825025965271e-04,3.217677567005029142e-04,3.178394000646312615e-04,3.337111672572541524e-04,3.244456551952147887e-04,3.266376630657055421e-04,3.314253234952326010e-04,3.335505050607636139e-04,3.328074941797985503e-04,3.295979815032848924e-04,3.395985643254626450e-04,3.360792319749610828e-04,3.342459452082767154e-04,3.433044854132957725e-04,3.442560006127490875e-04,3.468333230009319952e-04,3.488456618369240492e-04,3.632834343162839983e-04
2.195517431030188287e-04,2.246518170085274560e-04,2.258723045292412694e-04,2.307091971364951194e-04,2.248349812614084005e-04,2.128520688796237668e-04,2.275597453401162669e-04,2.167461408395327188e-04,2.237738310003599689e-04,2.262079179219083215e-04,2.111216655314062849e-04,2.300695929712956911e-04,2.343448739659584595e-04,2.373435919333141534e-04,2.352374176370987705e-04,2.307824793452907693e-04,2.304984109368585850e-04,2.327370459742952034e-04,2.362257584827111366e-04,2.429977292036314559e-04,2.395249102338855175e-04,2.453094200110613908e-04,2.442211698526283595e-04,2.420549564122069833e-04,2.504203955082205256e-04,2.528974150946018944e-04,2.568575867546294593e-04,2.493100682382100417e-04,2.604454791690850976e-04,2.600750770574004108e-04,2.570919460711681113e-04,2.630259546275569727e-04,2.651144609522293992e-04,2.666217616751793431e-04,2.718296188381670326e-04,2.693847397363826712e-04,2.697399433792838303e-04,2.641290639112460785e-04,2.696695749818263615e-04,2.787596968742385504e-04,2.753913602492580434e-04,2.796705190040959231e-04,2.823034627837218502e-04,2.817569597407835677e-04,2.751458135872912017e-04,2.741647962411175002e-04,2.684848212048901537e-04,2.827935586029530521e-04,2.886652592528583458e-04,2.906527659012496704e-04,2.973664470111196060e-04,3.006565165690570636e-04,2.981496972201438098e-04,3.019464953878791408e-04,2.929713435420376968e-04,3.056295024685632008e-04,3.039069825647956399e-04,3.015035160104936147e-04,3.081741950246279379e-04,3.067184352338239023e-04,3.139805575083259620e-04,3.099131471226091112e-04,3.149213123800851397e-04,3.173831621604211793e-04,3.182432955964286368e-04,3.156169231546547245e-04,3.203454391125050752e-04,3.212783511963044421e-04,3.167478126889819012e-04,3.245510452846012269e-04,3.231038307413595326e-04,3.228521516585197183e-04,3.193010625287179055e-04,3.217081221134544160e-04,3.219213826666764730e-04,3.234850186558046949e-04,3.247466931544196558e-04,3.221391548638217854e-04,3.233553387581668053e-04,3.255277252912553202e-04,3.208914118419883702e-04,3.226997104604262972e-04,3.155324170729244151e-04,3.204654275489288531e-04,3.275684388663799014e-04,3.251633179126416366e-04,3.308416281738370160e-04,3.258726384056874177e-04,3.285294260581704995e-04,3.265155885729647666e-04,3.304438602184191546e-04,3.293662874365916628e-04,3.261318831192918993e-04,3.196311153112685799e-04,3.306393427555748754e-04,3.316201356254344125e-04,3.247544179594786195e-04,3.299240718457832774e-04,3.292900223194642428e-04,3.322592351222228031e-04,3.308550517980940421e-04,3.281665548144774161e-04,3.244632017502573833e-04,3.306734395891751973e-04,3.269008504499121845e-04,3.334325385819332716e-04,3.283315099358608013e-04,3.288265090922241592e-04,3.325046811596247577e-04,3.292716451844741638e-04,3.174367732826889003e-04,3.146686993704535750e-04,3.298343532329762757e-04,3.318740040197735151e-04,3.303092250137743620e-04,3.259448693635358537e-04,3.274318533932405037e-04,3.326837247046221177e-04,3.331990905720403251e-04,3.294147102759156526e-04,3.226575825604349073e-04,3.207468810573104508e-04,3.306465846192887213e-04,3.216810736046970295e-04,3.156960323204220219e-04,3.345652047314519990e-04,3.255446384376828599e-04,3.276051939590538063e-04,3.326654278336442180e-04,3.338063368260931352e-04,3.324544716570212045e-04,3.231447674448538498e-04,3.389638450302098283e-04,3.344386398921229573e-04,3.303760338479998790e-04,3.393823702646446799e-04,3.403589779473839040e-04,3.425372940765672057e-04,3.446929362213282857e-04,3.587043393343695768e-04
2.196028627991477222e-04,2.241950419725102968e-04,2.250983775805498260e-04,2.301156184736995289e-04,2.244416416720886747e-04,2.119607419511363225e-04,2.268038556724641212e-04,2.152540647629986573e-04,2.226111591843043017e-04,2.248584100902033668e-04,2.094026372645151361e-04,2.295602263911592281e-04,2.337500066296549852e-04,2.372809089233283986e-04,2.352401779552593380e-04,2.296711949086213103e-04,2.293634260523064238e-04,2.326902146982451542e-04,2.355210269967057983e-04,2.423542256982233391e-04,2.390132639612219903e-04,2.448491326348429414e-04,2.439239589896524750e-04,2.419067372833713560e-04,2.502350224946885853e-04,2.525670181989376193e-04,2.565719739426364264e-04,2.489008145841209462e-04,2.605069921252335056e-04,2.598776872875618155e-04,2.565690843763550268e-04,2.631403851920497837e-04,2.651390086837905136e-04,2.665957124800923984e-04,2.712075428834993113e-04,2.693103794183544092e-04,2.695613578454426527e-04,2.637374583711968464e-04,2.689805798385235393e-04,2.783633353428663273e-04,2.755740270446431646e-04,2.792329377404021199e-04,2.820591129041400075e-04,2.814141379391108845e-04,2.748021006839835461e-04,2.738251279073660154e-04,2.671818687122024492e-04,2.826835459728072649e-04,2.885175455252931404e-04,2.901005261331371702e-04,2.969737563253272545e-04,3.004898625571128415e-04,2.976599134873829898e-04,3.013587208515070091e-04,2.921948690507691340e-04,3.051392583478167793e-04,3.036099044720177217e-04,3.011162793395404124e-04,3.078948209499147277e-04,3.064063318892706845e-04,3.139863952542142175e-04,3.101508773337705504e-04,3.149978880245653061e-04,3.174486430595341302e-04,3.182768937747666401e-04,3.150986823905899278e-04,3.201440053749307689e-04,3.211920810099910708e-04,3.165132913405163651e-04,3.247335933784418777e-04,3.237883320740909737e-04,3.227453637608135588e-04,3.200200768237737039e-04,3.217110617718094254e-04,3.220194936622654660e-04,3.238572502278522594e-04,3.251800315974482367e-04,3.216637384655730066e-04,3.235720050933170965e-04,3.258666834603192778e-04,3.209092152282250264e-04,3.230228884303325146e-04,3.156503892127478076e-04,3.204709125553070357e-04,3.281227109750103378e-04,3.251596665022212472e-04,3.312773999384751255e-04,3.261947444780362673e-04,3.288054545857787897e-04,3.268121115586793417e-04,3.303962573424383737e-04,3.297928566233181537e-04,3.257991526323136236e-04,3.194748501127821824e-04,3.311439308526912032e-04,3.316995619207015623e-04,3.252006498945431189e-04,3.292900223194642428e-04,3.309324272238341994e-04,3.323731877623193210e-04,3.312414714398135879e-04,3.288277516091176237e-04,3.246318266771404002e-04,3.311142553254544383e-04,3.278264462339635461e-04,3.337582734101383051e-04,3.287530937970315988e-04,3.295224461222918933e-04,3.335478212576541775e-04,3.293835193020914413e-04,3.177006438041400150e-04,3.153065287656803902e-04,3.309400241161168719e-04,3.332237537907051521e-04,3.311109626824504317e-04,3.269128482489224948e-04,3.283012769943637792e-04,3.338250197017599680e-04,3.337471477889700959e-04,3.307753260121050649e-04,3.240188625065996432e-04,3.217798099900327931e-04,3.325089569571693993e-04,3.230033629476638233e-04,3.173468688080744002e-04,3.369402951708123082e-04,3.281979797547114044e-04,3.297673673266034492e-04,3.354598643065459041e-04,3.372682929693898474e-04,3.351746858530450248e-04,3.268219091565535152e-04,3.427244040536949962e-04,3.383734875499589496e-04,3.345988384544736809e-04,3.438449335010834501e-04,3.453931793643140284e-04,3.476335468723301052e-04,3.496455587904830054e-04,3.650112998729396229e-04
2.257162567574999101e-04,2.300107146659293562e-04,2.316066150166173638e-04,2.361304093503246374e-04,2.309706861323874169e-04,2.192346605576912637e-04,2.334700064013730831e-04,2.232986906346837218e-04,2.299227319295242848e-04,2.332245124190159664e-04,2.174779064882230992e-04,2.361342924501177922e-04,2.402615515055483921e-04,2.434589439518907187e-04,2.416666809548173546e-04,2.367525255156327046e-04,2.358866387713186199e-04,2.386859941151252978e-04,2.422931259392529558e-04,2.483935368531209505e-04,2.455240734813050277e-04,2.511399615304747571e-04,2.504623440868829166e-04,2.484318757691770878e-04,2.556142622916324062e-04,2.585490704656881423e-04,2.626125300884099741e-04,2.556338666064077387e-04,2.663764696117753281e-04,2.659190750148027324e-04,2.626588472754772950e-04,2.682976900227663792e-04,2.706564793130783009e-04,2.725720255565496119e-04,2.772191116986403984e-04,2.743359241768720288e-04,2.753720418485632081e-04,2.710642565194766726e-04,2.756095382931014553e-04,2.839564155788958707e-04,2.812141142591889783e-04,2.848577114436766085e-04,2.876807844875846039e-04,2.866070149230471481e-04,2.810275391562403694e-04,2.787862583908943983e-04,2.744372134811359147e-04,2.879451061158398110e-04,2.932706556865966952e-04,2.956974828842431013e-04,3.020119460387201056e-04,3.052858013655339645e-04,3.031207834746909788e-04,3.063432594381731923e-04,2.985126835110510531e-04,3.107438191043383280e-04,3.087099878642754090e-04,3.067232283572555876e-04,3.124956681927828789e-04,3.113240255697450817e-04,3.187503265182029606e-04,3.145833558889392562e-04,3.200664923046712940e-04,3.218986839276393895e-04,3.230122341963094978e-04,3.195536817231415692e-04,3.247147708473287664e-04,3.262367264682765789e-04,3.211782565346728790e-04,3.286388173413492988e-04,3.286175482549265532e-04,3.269012714124411257e-04,3.240878446482748547e-04,3.263008042399582836e-04,3.259340862073411248e-04,3.282110296501735574e-04,3.291244180885029747e-04,3.264917695125565283e-04,3.282578694181564308e-04,3.298801100400174688e-04,3.255678667436306115e-04,3.272303437220110546e-04,3.203805868049861591e-04,3.256320796528616875e-04,3.321780744397532744e-04,3.292986693719858493e-04,3.348951717359710230e-04,3.299086641361362901e-04,3.324607785571297072e-04,3.308602418473990275e-04,3.339599573881228732e-04,3.330532498559473308e-04,3.303316023997512354e-04,3.244047956358152404e-04,3.347972261834280118e-04,3.352976799359031249e-04,3.294130039351023239e-04,3.322592351222228031e-04,3.323731877623193210e-04,3.381666763065855914e-04,3.348990794754232517e-04,3.317426506498946897e-04,3.276332693386918376e-04,3.343106204316867013e-04,3.306507913596036475e-04,3.364354407695020603e-04,3.315817362062668024e-04,3.314887972677061268e-04,3.353617298519374077e-04,3.322572504301014341e-04,3.214300170138137966e-04,3.191489971585337510e-04,3.329893285685047127e-04,3.351922460469722916e-04,3.333223559159584262e-04,3.284182942938252293e-04,3.306554501477113809e-04,3.354056894335026291e-04,3.352113486615521305e-04,3.328003846682795006e-04,3.260666298680918386e-04,3.243048441899938736e-04,3.342815418003986200e-04,3.254802303282507830e-04,3.202544126985297154e-04,3.374894615141985554e-04,3.289471246923402815e-04,3.306201970845439996e-04,3.351942524246587880e-04,3.371467460114469807e-04,3.359211029704703508e-04,3.300113089177937522e-04,3.417239890756857139e-04,3.374398844819664878e-04,3.338100694614200455e-04,3.431173872452760354e-04,3.439064678273062964e-04,3.455027434466001533e-04,3.477539656241064071e-04,3.613783182452729977e-04
2.221688054319717056e-04,2.268384783718004635e-04,2.282962456589170477e-04,2.328919342073959206e-04,2.271370190907602538e-04,2.145998264202833041e-04,2.298735850671519655e-04,2.177658281632622781e-04,2.256218633526277926e-04,2.287718817993201223e-04,2.125893871107835398e-04,2.319304271913290067e-04,2.368756435200642199e-04,2.399049354381574211e-04,2.379393275297167812e-04,2.326125629040489090e-04,2.324490061224955464e-04,2.351151109418972581e-04,2.381092236385591891e-04,2.451114386943036537e-04,2.419312259607790032e-04,2.474157145792058271e-04,2.466615089574151825e-04,2.442281136666595606e-04,2.528388790151157623e-04,2.553662970718161831e-04,2.590813310875876119e-04,2.515220335578925302e-04,2.630173913528039971e-04,2.624455271322511372e-04,2.587892125022353096e-04,2.657618301748399425e-04,2.678200844692091276e-04,2.692568368233231452e-04,2.744292391137239631e-04,2.718346063380573316e-04,2.721129840037317133e-04,2.665376321432796837e-04,2.718635731761955888e-04,2.813021730350611445e-04,2.782021495546638094e-04,2.824972079844872063e-04,2.852959300522386454e-04,2.843705466504493971e-04,2.779782766165472818e-04,2.768105886376350010e-04,2.702807723702217290e-04,2.849762868504573856e-04,2.910361479142751172e-04,2.930466871154517074e-04,2.997799156266846244e-04,3.031404779759601094e-04,3.008286412653593360e-04,3.041535923943286730e-04,2.955021339486127853e-04,3.082055207691303820e-04,3.062427943397818576e-04,3.039365216339286364e-04,3.103917898413489852e-04,3.090811197286288167e-04,3.168810727925274080e-04,3.125303624633205793e-04,3.179609064666866496e-04,3.199064673564239701e-04,3.206571593517397196e-04,3.179940560833364798e-04,3.227727981020375616e-04,3.242624041141384944e-04,3.191702542073730016e-04,3.271172684386233591e-04,3.263557037657638339e-04,3.253125991437209831e-04,3.223712007801221905e-04,3.242237123167102304e-04,3.243595140625537307e-04,3.264492859807425367e-04,3.276016564343375609e-04,3.242407062915967134e-04,3.263604228471569599e-04,3.287278900048742273e-04,3.236108820554026220e-04,3.249374493271726060e-04,3.175301433517059438e-04,3.223425634347652454e-04,3.305508154939937153e-04,3.280001136023231361e-04,3.333846825771742445e-04,3.283460423214274804e-04,3.312170690856446726e-04,3.296765064488084472e-04,3.324091669702055468e-04,3.312903423488877176e-04,3.281092642486891048e-04,3.217725601617255527e-04,3.334040262500403170e-04,3.341487555707594822e-04,3.270519648536655746e-04,3.308550517980940421e-04,3.312414714398135879e-04,3.348990794754232517e-04,3.349351312038021267e-04,3.305772956028398164e-04,3.265128351020987404e-04,3.333713825446019564e-04,3.301252247568111590e-04,3.359432831618898289e-04,3.308833178904217460e-04,3.313954306686514107e-04,3.351384267567310434e-04,3.312678569501122149e-04,3.192481832162365652e-04,3.172660497569633280e-04,3.329039630193317669e-04,3.351461690816809271e-04,3.330138344398048556e-04,3.285378380947600436e-04,3.303214449694762611e-04,3.356932802185483701e-04,3.357624728531445266e-04,3.330659700041989899e-04,3.264546222241465037e-04,3.234638067439427707e-04,3.344746364017350988e-04,3.257361661157961671e-04,3.198289652942079846e-04,3.391832864630215522e-04,3.308965825978977789e-04,3.324208082344733725e-04,3.375266924979056378e-04,3.388090092634349370e-04,3.375060462192396482e-04,3.288786641855942234e-04,3.442199048669004760e-04,3.405965838021831130e-04,3.366199897170296554e-04,3.456883070429407428e-04,3.470536474898621273e-04,3.500020340859351657e-04,3.522705779259468041e-04,3.651361352233260891e-04
2.150590143352621461e-04,2.194907359367590167e-04,2.200939940963013246e-04,2.254773534444779186e-04,2.198153361834749337e-04,2.073146423650879889e-04,2.219900919534591231e-04,2.108012784527679945e-04,2.175315386066306513e-04,2.203115356233256662e-04,2.059421398483295596e-04,2.241687723048124540e-04,2.287695817872094231e-04,2.317715295961891690e-04,2.305536604725142856e-04,2.262196375652210194e-04,2.250679992049985458e-04,2.276979776132383127e-04,2.301089398797930528e-04,2.377974798050976307e-04,2.338390791308711351e-04,2.401818859450675892e-04,2.394140278034387456e-04,2.371539932774236197e-04,2.453995923547289473e-04,2.476949634850829124e-04,2.519025686810809871e-04,2.445196913532563898e-04,2.561262299719066645e-04,2.562270602671374025e-04,2.523340609188576863e-04,2.588169485202727253e-04,2.611773994770500958e-04,2.628497622022227275e-04,2.676150229186711571e-04,2.653587229946120308e-04,2.659447421406865245e-04,2.604789202573018080e-04,2.659335295454796672e-04,2.753957797463853544e-04,2.728390018616017282e-04,2.760972721753344582e-04,2.786987100084562918e-04,2.776699615137302626e-04,2.719245231159964234e-04,2.705061173718343670e-04,2.635931842427576151e-04,2.795662318407703497e-04,2.859831363734078626e-04,2.875475084830058942e-04,2.939338078711480908e-04,2.978296725191796656e-04,2.950207507826072039e-04,2.985995600131823437e-04,2.900152654461832301e-04,3.030492831058106094e-04,3.017415811697682446e-04,2.990212289960373650e-04,3.056996694891359382e-04,3.043974229084861504e-04,3.117549975198070683e-04,3.081234755736818797e-04,3.127257659805426915e-04,3.153262986791876611e-04,3.165311495864593714e-04,3.132639480090618081e-04,3.188407318847684239e-04,3.194434016686197898e-04,3.149076350200031194e-04,3.227714667449642014e-04,3.221320063086347517e-04,3.214226381650174937e-04,3.184131965487619958e-04,3.200155899110770094e-04,3.200620389053665310e-04,3.225276044174207597e-04,3.232844962084196940e-04,3.198396722375759197e-04,3.222600073018587648e-04,3.245761479154920604e-04,3.195589864790207633e-04,3.216215608219668448e-04,3.147382170212266266e-04,3.193483778480138966e-04,3.276634158814051702e-04,3.235311076743100094e-04,3.298443676508096799e-04,3.248035265565329412e-04,3.275839432128330848e-04,3.256823932869943239e-04,3.290563566163950395e-04,3.282781719039321597e-04,3.242367675842474013e-04,3.182575120502408169e-04,3.299308520959656527e-04,3.304225321369699342e-04,3.255310204247744451e-04,3.281665548144774161e-04,3.288277516091176237e-04,3.317426506498946897e-04,3.305772956028398164e-04,3.297724580208326187e-04,3.244486466459084451e-04,3.307632216982513682e-04,3.275980940033389839e-04,3.335844933852119684e-04,3.283756560872747856e-04,3.299967809237806544e-04,3.335177660990732026e-04,3.296760740227936922e-04,3.187542084143488532e-04,3.159261989251161361e-04,3.308851077139734293e-04,3.338378483878574388e-04,3.319564496695321374e-04,3.284641528989276139e-04,3.289154461317521372e-04,3.349604335577376492e-04,3.350146909739951584e-04,3.324701132308300060e-04,3.267362755924480022e-04,3.238848707641256582e-04,3.346836502496568070e-04,3.261855827735691432e-04,3.204189240910962811e-04,3.401926436788909615e-04,3.309955370280024691e-04,3.336541101880960750e-04,3.385175087070993786e-04,3.403327873275547623e-04,3.389892858624324020e-04,3.313693582514287716e-04,3.471461509728714654e-04,3.431136546527048547e-04,3.404778891368018365e-04,3.493187372525679061e-04,3.514094902668586412e-04,3.535007354498392938e-04,3.568324515141153364e-04,3.716162353653155765e-04
2.117231699786110261e-04,2.165381151077714651e-04,2.171504670483118560e-04,2.219298355889901941e-04,2.170913264166845743e-04,2.038021432984483277e-04,2.191283434135807143e-04,2.078323964890411958e-04,2.146868307977941237e-04,2.183939132058711056e-04,2.026241280381777877e-04,2.215053423261360128e-04,2.257938846675788965e-04,2.289244265167777667e-04,2.273575940124796110e-04,2.228710361602958417e-04,2.208632799889616923e-04,2.249301794645192033e-04,2.271512639904842113e-04,2.351609756783932940e-04,2.316342793974845982e-04,2.369216678533001593e-04,2.367268905470751935e-04,2.347567621504853552e-04,2.427362575330532747e-04,2.452579222614999980e-04,2.495143029781836624e-04,2.412425417261783119e-04,2.531665968178251221e-04,2.525458801892644799e-04,2.498865558743530572e-04,2.555440122691954980e-04,2.571303382718769263e-04,2.594273099938634321e-04,2.643273714173184153e-04,2.618648633909150219e-04,2.621700339995725179e-04,2.569805934099103715e-04,2.627967468239731969e-04,2.716731807988031198e-04,2.688529937406799477e-04,2.731867683378370079e-04,2.755585386727437466e-04,2.743074069940709876e-04,2.685999193483741294e-04,2.673674762126638290e-04,2.613512266800651794e-04,2.767588694817542231e-04,2.825949230746114291e-04,2.840336466151580606e-04,2.900384413114282683e-04,2.937290686721764042e-04,2.914733384962971195e-04,2.956841420718036456e-04,2.859719581701466768e-04,2.987650370760170510e-04,2.978021752070684775e-04,2.952671268079977950e-04,3.015987234095415066e-04,3.001869133108078704e-04,3.079313066475646032e-04,3.034277380522587336e-04,3.085936562693562053e-04,3.112308481936374642e-04,3.127469981494543426e-04,3.093233729178456576e-04,3.146394563592168759e-04,3.157057079485265706e-04,3.106282510388400195e-04,3.185471059412571483e-04,3.172636881525642033e-04,3.165453289285093748e-04,3.140983743495043170e-04,3.149794814890967019e-04,3.160586757244318958e-04,3.183935566588041608e-04,3.188816036517760520e-04,3.156997526322160587e-04,3.185238934213793305e-04,3.203060494941242049e-04,3.158131673836909667e-04,3.173721709405825540e-04,3.100968443717163660e-04,3.151462668882732353e-04,3.232704079778951330e-04,3.193752132818362000e-04,3.262352449970401481e-04,3.205767740124878802e-04,3.235339695926309363e-04,3.216933169269843963e-04,3.251094220035829780e-04,3.240130303312562811e-04,3.213804721508007321e-04,3.147283375991945437e-04,3.257316660332507975e-04,3.271690795069890842e-04,3.208475675757465739e-04,3.244632017502573833e-04,3.246318266771404002e-04,3.276332693386918376e-04,3.265128351020987404e-04,3.244486466459084451e-04,3.232661352571768285e-04,3.273058034237758701e-04,3.246129927255915655e-04,3.305629565541249280e-04,3.248001638557088209e-04,3.262143151037284468e-04,3.303118711379612622e-04,3.267337555963915029e-04,3.158448225976178097e-04,3.131211899417622692e-04,3.276533067096259739e-04,3.301400575056093038e-04,3.284315485298713866e-04,3.248920968471545015e-04,3.254847951613202141e-04,3.313677881915264782e-04,3.318349114845416874e-04,3.294342616936236164e-04,3.233285081535429580e-04,3.207749230935751724e-04,3.317304630245684178e-04,3.229405526136640519e-04,3.168861888754702242e-04,3.363137527146494300e-04,3.284372308734242736e-04,3.317876018327359363e-04,3.365137959159559536e-04,3.385752218590134502e-04,3.361288168863761877e-04,3.288888614418223884e-04,3.447926325605664964e-04,3.404682955125972149e-04,3.378959684338799668e-04,3.467555089786892425e-04,3.487553602007118858e-04,3.521160616329093622e-04,3.542837144763981254e-04,3.698846650055922169e-04
2.148898034119787993e-04,2.198328729156633012e-04,2.210073954301852391e-04,2.256965537260196013e-04,2.199628403677936965e-04,2.067116390338050050e-04,2.223396899184534761e-04,2.100940453054317674e-04,2.179417514168244664e-04,2.211234279042998199e-04,2.044673465368256082e-04,2.246372395645015074e-04,2.292125227079214211e-04,2.324076317587700936e-04,2.306893881616520041e-04,2.247318314726502665e-04,2.247213621313989156e-04,2.276387644514432326e-04,2.305319349608568017e-04,2.379330975756412385e-04,2.346050984277899063e-04,2.403619183292490140e-04,2.397860029429258215e-04,2.375440840943817008e-04,2.459528207143283859e-04,2.485122832970637001e-04,2.527124982717698074e-04,2.446386653367246095e-04,2.567032406772975887e-04,2.563026872330843235e-04,2.530749391444167985e-04,2.596448982009178950e-04,2.615835708317249529e-04,2.635700052973669006e-04,2.684570014440960852e-04,2.662748584059303680e-04,2.667107169905690478e-04,2.607611964232217964e-04,2.665637927172387366e-04,2.761505617400823102e-04,2.730450167485072837e-04,2.774281154515794768e-04,2.799652345219759159e-04,2.792394578283141876e-04,2.727655390026016203e-04,2.718748553280902211e-04,2.652344671163045010e-04,2.808435271043707520e-04,2.870725342285140522e-04,2.888954171191354604e-04,2.956989015072726415e-04,2.992734762758641988e-04,2.968143019925767868e-04,3.007933025075531781e-04,2.911947505677510081e-04,3.044107752491778088e-04,3.031634577452697052e-04,3.006460803811832169e-04,3.072866602746682045e-04,3.061227356102461995e-04,3.139109723188512283e-04,3.094422539081754056e-04,3.147495139054629076e-04,3.173303433947160363e-04,3.183690288619092689e-04,3.152241931228941577e-04,3.207567482730487780e-04,3.215870849350909388e-04,3.166124470000532070e-04,3.249331891204773224e-04,3.241729034459921838e-04,3.229202050559761374e-04,3.203909933186199440e-04,3.216501745362673140e-04,3.222459227623923508e-04,3.244193701059706089e-04,3.252704203872938855e-04,3.222119526406212091e-04,3.243230523487707225e-04,3.266896066515418426e-04,3.216515228898232377e-04,3.232100999746091480e-04,3.159182954000609050e-04,3.207018190061018204e-04,3.290557978440182010e-04,3.257957129644314508e-04,3.321256743831359323e-04,3.267465563358196352e-04,3.296104933802147048e-04,3.280632618773843810e-04,3.313684711291447734e-04,3.305848819348950461e-04,3.270163527781599433e-04,3.206569442247314983e-04,3.322895896354738452e-04,3.334193884159725630e-04,3.268093706135912022e-04,3.306734395891751973e-04,3.311142553254544383e-04,3.343106204316867013e-04,3.333713825446019564e-04,3.307632216982513682e-04,3.273058034237758701e-04,3.344449578663801111e-04,3.305728842581922276e-04,3.364162753325913337e-04,3.313465585430990282e-04,3.320865198117533114e-04,3.361961833520903781e-04,3.326231580483713095e-04,3.205315911327857718e-04,3.179491393506155613e-04,3.341642675887538023e-04,3.366259614584064981e-04,3.345222836869120352e-04,3.308049377087698712e-04,3.318890418903455556e-04,3.379783318513889879e-04,3.384161840453354161e-04,3.351091078034560420e-04,3.288160717446160573e-04,3.262074234532602655e-04,3.375775029931046703e-04,3.284783779017552393e-04,3.223730467340476060e-04,3.424628996871982513e-04,3.342565347678951200e-04,3.367517588768401539e-04,3.419349446915909683e-04,3.439536235381952843e-04,3.420990723375860677e-04,3.333718113092728054e-04,3.504466882663439544e-04,3.466771642905526669e-04,3.431513875280981342e-04,3.517565638570421100e-04,3.537088924985947727e-04,3.565467079146076418e-04,3.594237644655096033e-04,3.745336996334340594e-04
2.114038150124776538e-04,2.159736770048947178e-04,2.170165995965608484e-04,2.221640450785062042e-04,2.167205799692941868e-04,2.039291957224440217e-04,2.188274924871341331e-04,2.060894941469185182e-04,2.138470894282973691e-04,2.182148013756012082e-04,2.023671506676006651e-04,2.208901879782299406e-04,2.255780187132408780e-04,2.292011333967768365e-04,2.276223790220090334e-04,2.218850368516278495e-04,2.206972931633869087e-04,2.242592269572789613e-04,2.268285426988358121e-04,2.344895133215021369e-04,2.311106875789005824e-04,2.367963295843226979e-04,2.367243050328925321e-04,2.343649309187608950e-04,2.424061737986425475e-04,2.451501741513209369e-04,2.493790381373062865e-04,2.412602391755548810e-04,2.536827347911265731e-04,2.525823545866063896e-04,2.494529691161075633e-04,2.559981331824982983e-04,2.581158560155431760e-04,2.601438595633107803e-04,2.645069513193936675e-04,2.623746405847095231e-04,2.626554922565539716e-04,2.572248225378890533e-04,2.629784535883075139e-04,2.724746614606618858e-04,2.697732946073457417e-04,2.737072159282450518e-04,2.765367734825390010e-04,2.751731832295248987e-04,2.692510680739153479e-04,2.677486228347171222e-04,2.608575344228328914e-04,2.771832435378690355e-04,2.835824790070475649e-04,2.846576318730089489e-04,2.914837402116688021e-04,2.951883400650902843e-04,2.927900114093194735e-04,2.963135458524354432e-04,2.869636834760846446e-04,3.001650287969408757e-04,2.993194948732032191e-04,2.964877494945981754e-04,3.029555484581021650e-04,3.016364773889047032e-04,3.097026858597878786e-04,3.056566699944225879e-04,3.110074342480701999e-04,3.135235214140745280e-04,3.143985564814609219e-04,3.109897660014444712e-04,3.168069387084984537e-04,3.177152267665036764e-04,3.127360660628118868e-04,3.206482228895459960e-04,3.199613984262447502e-04,3.187992398479127794e-04,3.167169219873075536e-04,3.171005522578437949e-04,3.185590773899406444e-04,3.208775798023878073e-04,3.216023653343295626e-04,3.182451538358996800e-04,3.213802041256638166e-04,3.231987202192594666e-04,3.180257001559714950e-04,3.195121922434392527e-04,3.120927844051243297e-04,3.171131946153000558e-04,3.261439645219971943e-04,3.222126825579460876e-04,3.289687973121962041e-04,3.231319453908494742e-04,3.256982987844914764e-04,3.242048381763874289e-04,3.274788568515395615e-04,3.269444373441075086e-04,3.229666304008144465e-04,3.170392301820595276e-04,3.289173151667639655e-04,3.299107538458516723e-04,3.235660736621011162e-04,3.269008504499121845e-04,3.278264462339635461e-04,3.306507913596036475e-04,3.301252247568111590e-04,3.275980940033389839e-04,3.246129927255915655e-04,3.305728842581922276e-04,3.296113231895064603e-04,3.338623526474042620e-04,3.283965239056456506e-04,3.299212022795697231e-04,3.340926204842949924e-04,3.298733630549434263e-04,3.182970911526908017e-04,3.163011342844435970e-04,3.321379685325563831e-04,3.349570526433329827e-04,3.325265111920821886e-04,3.288992297652360897e-04,3.296588483759245588e-04,3.361257874561410903e-04,3.364100028498376478e-04,3.342503478421129893e-04,3.283292444648873323e-04,3.253726648723002696e-04,3.372021830507821480e-04,3.289905132371128901e-04,3.217592814390344788e-04,3.429573207126010242e-04,3.354009450868869718e-04,3.382608879905035066e-04,3.430470465463607028e-04,3.456830855032866920e-04,3.429038295333802799e-04,3.365578701169647771e-04,3.523994964468543135e-04,3.490322842661347080e-04,3.463198759376283548e-04,3.552758421690059760e-04,3.579268501058038409e-04,3.613806041874584860e-04,3.647250049840501077e-04,3.799300219379452784e-04
2.160184031540639835e-04,2.216493993901000445e-04,2.221554712162119140e-04,2.274408057367451508e-04,2.218124135742447801e-04,2.077609617139107134e-04,2.240077331784590510e-04,2.108281845956083385e-04,2.192206558333784951e-04,2.223068215085943549e-04,2.054569017890014299e-04,2.262227166122657740e-04,2.309020375265480101e-04,2.343516923352937428e-04,2.323990389379399716e-04,2.271615202593816121e-04,2.261578520523544768e-04,2.298488930240440078e-04,2.317344906093591695e-04,2.402600212726293898e-04,2.363391979386450091e-04,2.426223637676134528e-04,2.417748513205563875e-04,2.397766564785676899e-04,2.485878522122815753e-04,2.509388362812636688e-04,2.551292435912879721e-04,2.461816269684676418e-04,2.590800921664628497e-04,2.582417345732112147e-04,2.552457183187528678e-04,2.618713942645786675e-04,2.635859928917608252e-04,2.653105333307645267e-04,2.707665904370455852e-04,2.684801354193505694e-04,2.684437928374559974e-04,2.615809870751441952e-04,2.686434188715975595e-04,2.783589304870947440e-04,2.750044237829533077e-04,2.796377277870598448e-04,2.822496505563218535e-04,2.809537858994627679e-04,2.744439575802855476e-04,2.736863370160638005e-04,2.660356963598897511e-04,2.828970058312274267e-04,2.895798205836677339e-04,2.907758260440495212e-04,2.974567464305082564e-04,3.013123464891017647e-04,2.987335502020827612e-04,3.027185159531864769e-04,2.926764437320292169e-04,3.063265345028603147e-04,3.053464025206468189e-04,3.024986021091870020e-04,3.095163091792190336e-04,3.078779505250523515e-04,3.158099018107310288e-04,3.115826780636977186e-04,3.166432969856944704e-04,3.196484351248270791e-04,3.207897546998675765e-04,3.173559427825217694e-04,3.233902628299788694e-04,3.238630012776173069e-04,3.191698026068577718e-04,3.271054386818966417e-04,3.260689945625295507e-04,3.251907443050761721e-04,3.225432032788775683e-04,3.237865810992750421e-04,3.246441876264934611e-04,3.266863669237408171e-04,3.276784359915333789e-04,3.237748260276496898e-04,3.268283844741561614e-04,3.292108824573400307e-04,3.239402712574329028e-04,3.256966681600732697e-04,3.173528301839501965e-04,3.229047534657765841e-04,3.316773663346555927e-04,3.280960665539571670e-04,3.349747849895301738e-04,3.293725363314640260e-04,3.322116960346217654e-04,3.303364219714239247e-04,3.338928981532534516e-04,3.328877634122447962e-04,3.294506057561964632e-04,3.223706761826046919e-04,3.352071144367353879e-04,3.361866940990899271e-04,3.290691043976701723e-04,3.334325385819332716e-04,3.337582734101383051e-04,3.364354407695020603e-04,3.359432831618898289e-04,3.335844933852119684e-04,3.305629565541249280e-04,3.364162753325913337e-04,3.338623526474042620e-04,3.410823903213734058e-04,3.342668163220113993e-04,3.359463060266825634e-04,3.399549257176286967e-04,3.359713590247741157e-04,3.239068055603166931e-04,3.209973928533225215e-04,3.372936168311904659e-04,3.402932730908208203e-04,3.383441191987100641e-04,3.350354484632116279e-04,3.353485933467593278e-04,3.421567838565213937e-04,3.425093411290996417e-04,3.391183871096156450e-04,3.332070551129571361e-04,3.300130271696601709e-04,3.418025078118505037e-04,3.329583538717537376e-04,3.255205923546112580e-04,3.479226847063944679e-04,3.395831569758720435e-04,3.423456144008144887e-04,3.478815562481477205e-04,3.491017561823379282e-04,3.471630112087623217e-04,3.373821977901697708e-04,3.560947757613805312e-04,3.523901159488023772e-04,3.490873415397594600e-04,3.579344853944965341e-04,3.611189335430810081e-04,3.638322794384131866e-04,3.670894274061574174e-04,3.828311078677314920e-04
2.107542208185765945e-04,2.158734568320811950e-04,2.171489215395442068e-04,2.217968916474219281e-04,2.160279106823267601e-04,2.029161184997658606e-04,2.183332031445930780e-04,2.060839006837380128e-04,2.138722939127350395e-04,2.176756246303108999e-04,2.013798316365097768e-04,2.199924896682013220e-04,2.253273513515010272e-04,2.285242912750127316e-04,2.263374027280835865e-04,2.216075047224663980e-04,2.207916826393109576e-04,2.236292224451733751e-04,2.265138121115215495e-04,2.340679009063654527e-04,2.303719913732601976e-04,2.362870666853077303e-04,2.354808178946270951e-04,2.334358675644046652e-04,2.420958275270142582e-04,2.444926863609988687e-04,2.489647345140305547e-04,2.406174313817224070e-04,2.527349347724656601e-04,2.520940174156522154e-04,2.491772373806398874e-04,2.555856066830826910e-04,2.576598721851342628e-04,2.594205466025522352e-04,2.645809820547684972e-04,2.623548072446750925e-04,2.626864171163459513e-04,2.563396109512323809e-04,2.624449169558443402e-04,2.721153100828037461e-04,2.689728491786042507e-04,2.735008534170741312e-04,2.762639984082197677e-04,2.754715852386626046e-04,2.688081473241402380e-04,2.679283585063330867e-04,2.611008010678353333e-04,2.770576583435061619e-04,2.835376764017767041e-04,2.849193122293921490e-04,2.919929202709272580e-04,2.956083565209139123e-04,2.930138392278290030e-04,2.970244597493273205e-04,2.873628928954262613e-04,3.007983554674314389e-04,2.995384537293764625e-04,2.967383640224356797e-04,3.039045853395362499e-04,3.025210325969233016e-04,3.101571825563293524e-04,3.059047986781477236e-04,3.110009366950346578e-04,3.136873399842044657e-04,3.148289797438412474e-04,3.119924025337166224e-04,3.175085323941814037e-04,3.178997673213528464e-04,3.133087810239741080e-04,3.214663039912492347e-04,3.203825589029304162e-04,3.192690304503879883e-04,3.167657678029480047e-04,3.183514083439333486e-04,3.190370956778022576e-04,3.210805728975257606e-04,3.218416878086522749e-04,3.188589162951059684e-04,3.210331140411949182e-04,3.235807070169590999e-04,3.182258445074154381e-04,3.200161158167077937e-04,3.122424121755405075e-04,3.173073792355560066e-04,3.258837946936818560e-04,3.230906445746868638e-04,3.294193611569484889e-04,3.239254476376630747e-04,3.265256500766905933e-04,3.250078515918113781e-04,3.287416155005004094e-04,3.278762039031212785e-04,3.240407106882190434e-04,3.179641552468445752e-04,3.296820658706470773e-04,3.306723862081919541e-04,3.239764245102821948e-04,3.283315099358608013e-04,3.287530937970315988e-04,3.315817362062668024e-04,3.308833178904217460e-04,3.283756560872747856e-04,3.248001638557088209e-04,3.313465585430990282e-04,3.283965239056456506e-04,3.342668163220113993e-04,3.305006829530478035e-04,3.302438341668136696e-04,3.344252119556106800e-04,3.307937636006306049e-04,3.184278905394428397e-04,3.166581543326861059e-04,3.325492680780583045e-04,3.348745644855743108e-04,3.329232261898325946e-04,3.294098445311755864e-04,3.307419727864201122e-04,3.365909391006268532e-04,3.373808845275350098e-04,3.341083445983327317e-04,3.278954501755416777e-04,3.251496238817387511e-04,3.363725322335055700e-04,3.273585322610510760e-04,3.212253557775729450e-04,3.419676715804471651e-04,3.337608947430285855e-04,3.364649346615666446e-04,3.412954141483302449e-04,3.435884225495966352e-04,3.415031476637800747e-04,3.321113233247212230e-04,3.502666778783492213e-04,3.472518354559210509e-04,3.431951023648366827e-04,3.517304030148700337e-04,3.543411044389741123e-04,3.575156840933142580e-04,3.601403735624841731e-04,3.750056513818135918e-04
2.097682241193755525e-04,2.147454065963304618e-04,2.151786039820457520e-04,2.207499768426610240e-04,2.149300010639133656e-04,2.005839088746211264e-04,2.169205088254334780e-04,2.040891324340912986e-04,2.119682972618714095e-04,2.146534086669236313e-04,1.994290637050520208e-04,2.190227812872676879e-04,2.241785974500446312e-04,2.269768778344088587e-04,2.257985933981621865e-04,2.213947592244048363e-04,2.206189478604530033e-04,2.237360881900173960e-04,2.244573760881072265e-04,2.337143262103646480e-04,2.292009482250831841e-04,2.358025086927972391e-04,2.347668041269797604e-04,2.326933271382539484e-04,2.419676002189352594e-04,2.436694253248212214e-04,2.481089455067526754e-04,2.394723577530489329e-04,2.524203681045163769e-04,2.522048031094402377e-04,2.485029953878031069e-04,2.554194823910867673e-04,2.573547393446923509e-04,2.592892706238549808e-04,2.642898081086952661e-04,2.622315356346579152e-04,2.622213866669531037e-04,2.552598266905928563e-04,2.620308558140629104e-04,2.723595710910124918e-04,2.690120798316220584e-04,2.732753135442876624e-04,2.762026006435507075e-04,2.744501911805676637e-04,2.681903426321999751e-04,2.675007665892595700e-04,2.587612918346977224e-04,2.768502499347365157e-04,2.838081019161143594e-04,2.849051270945928901e-04,2.913764870195955335e-04,2.955533504214565487e-04,2.927843685781925782e-04,2.968746728060306459e-04,2.869083483602582270e-04,3.006491579730397067e-04,2.998494115186664554e-04,2.968709099646225013e-04,3.043267015796035486e-04,3.023959544221737879e-04,3.104195441837070859e-04,3.065471127459339583e-04,3.109399441643998061e-04,3.140504358364670854e-04,3.155115047357105111e-04,3.124624671562740096e-04,3.182584107111901834e-04,3.185134636984496780e-04,3.137548738758502817e-04,3.220564088735226394e-04,3.211476142541821121e-04,3.202121484288902756e-04,3.177861487646876037e-04,3.184659168216216404e-04,3.194312191259684130e-04,3.219048031914819924e-04,3.226095559968985465e-04,3.185800625556598734e-04,3.218526359162354896e-04,3.244836621599121642e-04,3.190582475267102224e-04,3.211530541878405954e-04,3.126136620357156332e-04,3.177521746566587405e-04,3.272737813328127350e-04,3.231889802444742649e-04,3.301359846459602627e-04,3.245797256801855632e-04,3.279059348384378604e-04,3.260557951665145099e-04,3.291593916589509146e-04,3.281029787079709327e-04,3.243436541483655155e-04,3.174976310178643439e-04,3.304745682682077527e-04,3.313700407980764450e-04,3.252095397376129167e-04,3.288265090922241592e-04,3.295224461222918933e-04,3.314887972677061268e-04,3.313954306686514107e-04,3.299967809237806544e-04,3.262143151037284468e-04,3.320865198117533114e-04,3.299212022795697231e-04,3.359463060266825634e-04,3.302438341668136696e-04,3.334690108002534613e-04,3.363093759759097157e-04,3.321849401068941495e-04,3.202433084416654954e-04,3.175360603861684407e-04,3.337972337005426309e-04,3.373694982671348154e-04,3.345209304901571902e-04,3.321896662535110071e-04,3.317186322374015357e-04,3.388557648694486956e-04,3.392728216536731057e-04,3.361979522686331899e-04,3.308445885172785358e-04,3.277672256912150328e-04,3.390758247090979306e-04,3.309992891698889956e-04,3.236621242682876146e-04,3.461506641232735032e-04,3.380266033109302452e-04,3.412579324153911832e-04,3.460060354955483888e-04,3.475858759887736249e-04,3.456236859554604368e-04,3.362180883104736243e-04,3.558593904197446386e-04,3.517182459755645654e-04,3.498014678444594694e-04,3.580190285908006276e-04,3.613877460217396241e-04,3.647872959829585632e-04,3.679288184982014583e-04,3.839699349826824321e-04
2.080536559474970655e-04,2.128518589511797267e-04,2.130475436253964974e-04,2.186395883031419789e-04,2.127181494889844831e-04,1.987507310397333118e-04,2.145601435877248864e-04,2.010658131850090219e-04,2.092544665913566423e-04,2.125882471359154290e-04,1.962352903278282465e-04,2.166041715796403764e-04,2.216777232539300928e-04,2.252617683555781475e-04,2.235700353858788270e-04,2.173565827215436365e-04,2.167425717512248351e-04,2.206276535879510812e-04,2.223837814626132765e-04,2.310884220993123244e-04,2.271132228082940372e-04,2.332832695455073699e-04,2.327206053249453687e-04,2.306652547798999106e-04,2.395560170380296868e-04,2.420769061067331337e-04,2.465578759387382682e-04,2.378431065899716372e-04,2.512287463410226083e-04,2.503265337915014941e-04,2.473147397015158029e-04,2.541437125959522666e-04,2.563152385988714155e-04,2.582498323365990580e-04,2.630065331304456966e-04,2.615703319122325934e-04,2.616176726247366829e-04,2.548514084852539262e-04,2.614391028422234273e-04,2.718355775192337720e-04,2.690082952096206344e-04,2.733116744660224061e-04,2.759678390855764205e-04,2.750231302391515482e-04,2.684694144950745690e-04,2.679443817609215351e-04,2.595726296096352755e-04,2.777654515125694331e-04,2.847054201620385222e-04,2.854647441538815580e-04,2.925063978293270385e-04,2.968910794723421463e-04,2.939291196141236842e-04,2.979701648507873126e-04,2.874044607462315336e-04,3.019649193908065937e-04,3.014850440533878816e-04,2.980633633435851408e-04,3.055953720795344234e-04,3.039548895369250736e-04,3.124204869073446780e-04,3.080293471071095224e-04,3.131664683457765792e-04,3.162472891272107489e-04,3.176112112298404007e-04,3.141174194238466073e-04,3.203674704395869212e-04,3.203695163556937527e-04,3.156630563477845009e-04,3.243147707231641892e-04,3.235771275138792525e-04,3.221961501659401377e-04,3.199949488994241909e-04,3.205461742942453270e-04,3.222153704408177682e-04,3.242670830755915896e-04,3.251953915526953971e-04,3.210434551539150688e-04,3.241046298130075454e-04,3.271647240627122534e-04,3.214755440614525139e-04,3.232322158240885927e-04,3.153259236163856644e-04,3.205027037069883671e-04,3.298379543664645792e-04,3.258627076775156054e-04,3.330706080402694278e-04,3.272636640638978381e-04,3.303607246505113376e-04,3.287789327443562011e-04,3.320138579371822150e-04,3.316536984779554372e-04,3.273640249236870478e-04,3.208523912263986050e-04,3.337861291792093544e-04,3.347638252841110898e-04,3.283990388035706517e-04,3.325046811596247577e-04,3.335478212576541775e-04,3.353617298519374077e-04,3.351384267567310434e-04,3.335177660990732026e-04,3.303118711379612622e-04,3.361961833520903781e-04,3.340926204842949924e-04,3.399549257176286967e-04,3.344252119556106800e-04,3.363093759759097157e-04,3.419076180329994161e-04,3.363591205548777086e-04,3.239547037637966918e-04,3.221181635726804468e-04,3.385525784041018972e-04,3.422716155024008947e-04,3.393225002051073976e-04,3.367245485921160127e-04,3.367541474576745244e-04,3.438117397411511659e-04,3.443116559993385402e-04,3.418713710110264734e-04,3.356724703784686728e-04,3.323747877981827808e-04,3.454091640745500340e-04,3.362117373517824388e-04,3.288301255917100538e-04,3.519560844998081950e-04,3.439086768430811764e-04,3.469353635753521007e-04,3.524054424678315506e-04,3.551343448755402946e-04,3.523227991948480690e-04,3.435624290298326037e-04,3.626349388801976791e-04,3.590696569371239493e-04,3.564095543655978831e-04,3.651320423914088511e-04,3.687011099758570674e-04,3.727316308820672426e-04,3.764380417274710232e-04,3.930092666382996465e-04
2.050991995743846428e-04,2.098966864150938702e-04,2.108440501273831362e-04,2.159257036342490145e-04,2.101648433100337726e-04,1.967181750393887411e-04,2.120680292162020926e-04,2.001184460386878613e-04,2.077880690263024792e-04,2.111594454020511403e-04,1.957743671857749355e-04,2.141510209824224137e-04,2.187351873291636952e-04,2.220542608941772052e-04,2.203481448823123496e-04,2.153087546768995240e-04,2.149386355854402840e-04,2.175767786317773047e-04,2.201879441884937181e-04,2.284025618714756423e-04,2.245686902639987595e-04,2.305185333047554501e-04,2.302077253312698321e-04,2.281199239218970401e-04,2.368247520393190373e-04,2.390223772696422060e-04,2.436603518642669523e-04,2.353940630836597319e-04,2.476905849413273174e-04,2.474578970841948239e-04,2.448179665459435800e-04,2.509343736204305668e-04,2.528954174231835264e-04,2.554069533016419045e-04,2.604813446312030938e-04,2.585964446960956368e-04,2.591100590832533766e-04,2.530287893097323514e-04,2.593920955696857908e-04,2.692630012752941608e-04,2.662248082958311641e-04,2.707133788501622958e-04,2.729559260432779400e-04,2.720891205347874360e-04,2.659083522058480666e-04,2.652695831653780725e-04,2.583077386968693446e-04,2.749167163305975899e-04,2.817242603203712315e-04,2.830674960367577492e-04,2.898741810927928032e-04,2.936071609770361541e-04,2.914361260304467187e-04,2.955132038106097342e-04,2.858724302591460773e-04,2.993969930722801208e-04,2.985805570927289941e-04,2.959493702048960305e-04,3.030092896425125282e-04,3.015226126473324734e-04,3.094608190219925959e-04,3.047563862137054875e-04,3.100650239587094130e-04,3.131847643032280087e-04,3.147219271732762630e-04,3.114125492288921356e-04,3.173446398480744292e-04,3.173377431527892533e-04,3.128923042296874479e-04,3.212313422934170819e-04,3.197744057014035072e-04,3.190718374892251947e-04,3.164731493374971249e-04,3.176410601062518613e-04,3.189466597918622776e-04,3.206972852195375456e-04,3.215089269961936454e-04,3.185433279482829667e-04,3.209017416076710618e-04,3.234969507652395897e-04,3.184399687361376993e-04,3.205820868891754078e-04,3.124480831750332138e-04,3.179241348290072532e-04,3.264459292706630464e-04,3.226494577343298710e-04,3.294974565341525974e-04,3.242050704949552410e-04,3.269727560139532355e-04,3.255542419680546766e-04,3.289831944172707796e-04,3.281197291354074675e-04,3.246659865527938538e-04,3.181742150957190748e-04,3.302002247293489567e-04,3.315435087921335400e-04,3.251341664359149440e-04,3.292716451844741638e-04,3.293835193020914413e-04,3.322572504301014341e-04,3.312678569501122149e-04,3.296760740227936922e-04,3.267337555963915029e-04,3.326231580483713095e-04,3.298733630549434263e-04,3.359713590247741157e-04,3.307937636006306049e-04,3.321849401068941495e-04,3.363591205548777086e-04,3.339687977853814560e-04,3.207916914817875859e-04,3.186659145802958138e-04,3.343257123918002898e-04,3.374356737321971178e-04,3.353637885491896845e-04,3.320354993542329325e-04,3.327269864657210518e-04,3.390908774769238660e-04,3.400875964555964866e-04,3.366607757854251769e-04,3.307802243984631638e-04,3.283722051362426343e-04,3.394717239120156080e-04,3.309700420239155812e-04,3.240871947361851605e-04,3.449406906362439008e-04,3.370527233308718814e-04,3.407222205417510482e-04,3.454618784042346358e-04,3.477240348889021446e-04,3.454564833586493372e-04,3.373432384622570873e-04,3.547264815089592018e-04,3.513123990339127919e-04,3.482341208376676174e-04,3.561392897099153456e-04,3.589815652114083000e-04,3.635291311142954955e-04,3.662959273298142175e-04,3.823523489277433894e-04
2.040972840503454001e-04,2.068667538377355554e-04,2.072841528027186283e-04,2.128350508481246790e-04,2.084098192218508140e-04,1.972527667886759856e-04,2.098866281474117735e-04,2.017870486528168127e-04,2.058169330322499814e-04,2.104446675793794782e-04,1.981993314533337779e-04,2.131084196147107015e-04,2.159039846912664965e-04,2.193504638860302480e-04,2.192963563326625503e-04,2.164977236025861999e-04,2.142311642150689273e-04,2.164738932739320766e-04,2.192627578643902377e-04,2.259320885424364082e-04,2.223097869837023424e-04,2.281958030126400995e-04,2.292532818482492026e-04,2.271883264654137513e-04,2.335108901038929956e-04,2.357616675854034020e-04,2.395957071786289415e-04,2.337482275515209869e-04,2.441098413835594263e-04,2.443637070258809752e-04,2.410774947557882278e-04,2.456889804781197382e-04,2.489673086758145129e-04,2.511486599965362387e-04,2.542314026764847120e-04,2.524809414294997543e-04,2.540328215996941587e-04,2.503141813960079311e-04,2.551727724120726325e-04,2.622379473593667524e-04,2.615219401422549180e-04,2.634896882668513328e-04,2.657642560095275271e-04,2.634413971470443098e-04,2.597158636123987055e-04,2.567571668620812083e-04,2.530224921620250465e-04,2.677169400421412250e-04,2.732518852191292437e-04,2.752201961565864277e-04,2.803153819904129359e-04,2.833813394910931452e-04,2.819442537025929063e-04,2.851237423337998726e-04,2.784158991946782537e-04,2.894619767918456222e-04,2.893576367885977783e-04,2.870452075863595470e-04,2.916952675059041652e-04,2.913757008251922258e-04,2.980697764014289693e-04,2.944031362128880758e-04,2.997018499893305842e-04,3.025817929199947545e-04,3.039359010256710895e-04,2.993981299880678175e-04,3.052231459578920144e-04,3.066827537554015892e-04,3.021759293792449625e-04,3.092467276372706407e-04,3.089192969197001996e-04,3.072506845741108461e-04,3.053279647475406837e-04,3.069221728429000402e-04,3.066340177339915945e-04,3.100475095962463125e-04,3.108178519098311063e-04,3.076198252505985670e-04,3.107361218988610014e-04,3.117201556936620411e-04,3.082874195810696204e-04,3.101943286090512301e-04,3.047568561261301606e-04,3.096781241897621781e-04,3.164647580745203912e-04,3.110703961722068988e-04,3.177909027616058991e-04,3.133031074300598215e-04,3.154747069705373915e-04,3.133751540371023693e-04,3.173375423225232618e-04,3.164141639220423860e-04,3.138393023476661109e-04,3.085397583186915674e-04,3.182687146132813874e-04,3.186673533119693249e-04,3.169155837074652537e-04,3.174367732826889003e-04,3.177006438041400150e-04,3.214300170138137966e-04,3.192481832162365652e-04,3.187542084143488532e-04,3.158448225976178097e-04,3.205315911327857718e-04,3.182970911526908017e-04,3.239068055603166931e-04,3.184278905394428397e-04,3.202433084416654954e-04,3.239547037637966918e-04,3.207916914817875859e-04,3.147635050335546034e-04,3.108679745596471108e-04,3.224391125643089420e-04,3.253953733052874771e-04,3.245812256914696377e-04,3.214417694868325435e-04,3.221603675392421969e-04,3.273479332540542991e-04,3.279877315566224788e-04,3.265011432162803436e-04,3.213849116986522533e-04,3.199369490987986247e-04,3.297059798857321410e-04,3.222746746538666788e-04,3.182615226128631086e-04,3.349458801239972409e-04,3.263365712145663029e-04,3.295136514241685417e-04,3.347703373665639063e-04,3.375162969566815200e-04,3.363537946573473677e-04,3.352819901905115525e-04,3.449003994194194491e-04,3.427800703375352698e-04,3.411798629011806791e-04,3.504176955165749460e-04,3.521100654523818380e-04,3.570018748707089922e-04,3.583678444838038013e-04,3.743546014374007783e-04
1.994943029040464205e-04,2.017555294326292157e-04,2.030117229604943522e-04,2.076538225515714778e-04,2.035215601455611114e-04,1.937225197231735548e-04,2.049362777047299979e-04,1.971564748297194964e-04,2.011268206313020191e-04,2.060256170723631576e-04,1.946411077296518683e-04,2.075998020608934116e-04,2.110043665550060353e-04,2.147038875629370266e-04,2.143895518057229918e-04,2.103260492621786921e-04,2.087580736341557890e-04,2.107432920194176240e-04,2.148140281776396584e-04,2.206650275586914017e-04,2.176144739823699889e-04,2.228207523245999541e-04,2.240335683129998244e-04,2.222123057199974197e-04,2.279324997993161634e-04,2.307515664309977416e-04,2.345633657650160909e-04,2.293082332821211669e-04,2.393990451059029023e-04,2.390811368882378430e-04,2.363573699350854948e-04,2.409429163207965413e-04,2.442034455022190653e-04,2.465251797996967668e-04,2.493727985334226373e-04,2.478082186226998824e-04,2.496236282362530368e-04,2.467686579390535734e-04,2.511312847761918636e-04,2.578132462643560412e-04,2.573330769464524082e-04,2.590888881858907037e-04,2.617290089574731511e-04,2.600367346785041785e-04,2.562986406802673207e-04,2.533155444662770731e-04,2.501784601636995059e-04,2.641425528501071445e-04,2.694920332691273356e-04,2.711298652748394080e-04,2.768746104638114243e-04,2.799703037949061602e-04,2.785154826583619665e-04,2.814599292925068410e-04,2.749401103347091360e-04,2.859485934604617157e-04,2.859318100546859374e-04,2.836738660295081631e-04,2.881351165391272170e-04,2.879331485014825776e-04,2.949464094874397566e-04,2.910901108266479142e-04,2.965809250582197051e-04,2.993694813328056032e-04,3.007869394507620728e-04,2.962117583885365952e-04,3.016285091976395852e-04,3.033812544183238933e-04,2.988060891566737278e-04,3.062037865739788110e-04,3.058589851433961108e-04,3.038121827772665589e-04,3.019809847357092947e-04,3.035195754188773471e-04,3.040583200601542236e-04,3.067983105854897802e-04,3.077461224625190387e-04,3.049514308703461037e-04,3.079206552971014595e-04,3.089193633673153506e-04,3.048216641456906874e-04,3.070102674477222021e-04,3.018344053652966788e-04,3.067528454179992582e-04,3.136114842165567060e-04,3.085386831643819640e-04,3.150808045295896758e-04,3.103472600200076295e-04,3.124217113313742925e-04,3.103680243595412333e-04,3.144811089771115415e-04,3.138697176688740758e-04,3.111328632060560476e-04,3.063572574312312200e-04,3.152372332854867982e-04,3.160598277759593677e-04,3.141868929793158616e-04,3.146686993704535750e-04,3.153065287656803902e-04,3.191489971585337510e-04,3.172660497569633280e-04,3.159261989251161361e-04,3.131211899417622692e-04,3.179491393506155613e-04,3.163011342844435970e-04,3.209973928533225215e-04,3.166581543326861059e-04,3.175360603861684407e-04,3.221181635726804468e-04,3.186659145802958138e-04,3.108679745596471108e-04,3.111317200709194219e-04,3.208483736420677406e-04,3.235619642192214354e-04,3.225698401135357394e-04,3.191456094459674416e-04,3.211686577337287949e-04,3.257658609012170636e-04,3.265982615334637150e-04,3.258210887512047460e-04,3.200576321869442347e-04,3.189578884615475803e-04,3.288150744704804976e-04,3.217176129691572128e-04,3.180039923934194733e-04,3.339066429502981158e-04,3.261932278399723244e-04,3.292165552200131541e-04,3.336064793638699052e-04,3.380293444046507932e-04,3.362154464577386771e-04,3.366710565644052077e-04,3.446815986585911808e-04,3.429527594161339192e-04,3.422892790370772056e-04,3.508363058090807358e-04,3.526692149743572793e-04,3.582668187474011365e-04,3.599977658396713315e-04,3.745812804813183710e-04
2.043538266858937308e-04,2.085395521316608567e-04,2.091834588789381769e-04,2.145322750422746258e-04,2.086789045453445613e-04,1.956107743503515326e-04,2.103857516492731769e-04,1.979982639761683277e-04,2.055870589319644740e-04,2.095698087339102969e-04,1.935714448849421932e-04,2.125270252779590946e-04,2.174918894293754686e-04,2.213424182608292334e-04,2.197769375410834280e-04,2.127968724489174592e-04,2.126837149690581294e-04,2.161912781783155511e-04,2.192823711438893089e-04,2.271509750246175955e-04,2.234054584902395960e-04,2.293698627690978289e-04,2.295199442433530992e-04,2.275013730936087852e-04,2.357512451031323973e-04,2.381078489501067081e-04,2.425632767325667139e-04,2.345788365129870964e-04,2.473016313233357953e-04,2.464789324092620036e-04,2.434358960575280523e-04,2.501048944382899971e-04,2.525746107214609090e-04,2.546086726141343916e-04,2.588674611943682044e-04,2.575500471543677034e-04,2.579685737098821397e-04,2.520760497398295548e-04,2.580823788801234284e-04,2.679886154152253275e-04,2.655803471907227471e-04,2.695662221848777558e-04,2.723053696267092611e-04,2.712864538247754254e-04,2.649125135795266854e-04,2.639480626251912887e-04,2.569576782376938582e-04,2.738529905961361449e-04,2.807855435593159684e-04,2.819230990787729139e-04,2.891286606317628773e-04,2.928127060110308211e-04,2.906045437153976000e-04,2.943883781472102419e-04,2.845094081221917590e-04,2.980498769409720876e-04,2.979380848846630795e-04,2.947676673542107165e-04,3.016508419409999237e-04,3.007075760843711714e-04,3.088802735220463045e-04,3.042640871470846326e-04,3.098896993969126588e-04,3.130589556910964204e-04,3.140083943612899408e-04,3.103576040834369557e-04,3.164683098353922395e-04,3.170286209836201716e-04,3.122864468504338775e-04,3.210242995560220721e-04,3.201440640384576046e-04,3.184224087202981203e-04,3.165374050174815570e-04,3.172706936310668935e-04,3.186717265135817967e-04,3.211151132079791961e-04,3.219862599767678865e-04,3.185095630426244828e-04,3.214626913869453144e-04,3.235494016413809765e-04,3.184569673429685872e-04,3.203186711521696932e-04,3.130345486314255665e-04,3.177313241445903712e-04,3.269378295053438255e-04,3.228506246526564373e-04,3.302652669909432394e-04,3.243982570353936136e-04,3.273572218402942525e-04,3.256160608893950148e-04,3.291472263733676538e-04,3.288642879525187639e-04,3.248857081439206901e-04,3.188722280079247075e-04,3.310140143466544786e-04,3.320879617051465151e-04,3.261443860771721308e-04,3.298343532329762757e-04,3.309400241161168719e-04,3.329893285685047127e-04,3.329039630193317669e-04,3.308851077139734293e-04,3.276533067096259739e-04,3.341642675887538023e-04,3.321379685325563831e-04,3.372936168311904659e-04,3.325492680780583045e-04,3.337972337005426309e-04,3.385525784041018972e-04,3.343257123918002898e-04,3.224391125643089420e-04,3.208483736420677406e-04,3.383199399598202763e-04,3.406758756148975105e-04,3.380449374858860313e-04,3.353101748971360125e-04,3.356785308028409245e-04,3.428298976211905996e-04,3.437599258400140969e-04,3.411176648940868303e-04,3.352922319032680199e-04,3.317874157243096318e-04,3.449967840784459163e-04,3.360263167257676944e-04,3.297253513385669686e-04,3.512917818089483584e-04,3.437558953461353445e-04,3.469849945976650205e-04,3.524123520612926349e-04,3.557407037162544912e-04,3.529721459785819864e-04,3.464724927386858577e-04,3.638841321258095077e-04,3.614553625967545977e-04,3.586148590719378192e-04,3.669841067888683249e-04,3.702752029793808498e-04,3.755594054596925950e-04,3.787326545539410018e-04,3.948899706322931205e-04
2.027355034714852628e-04,2.067663117908945540e-04,2.065642528772510499e-04,2.127731588113490038e-04,2.065795127955395943e-04,1.925583227415920864e-04,2.080513545241750493e-04,1.944960188982161923e-04,2.025513973283728187e-04,2.062630493554000433e-04,1.896829900069233279e-04,2.102941665549327445e-04,2.153484918094368972e-04,2.193692462811523388e-04,2.179744395346937811e-04,2.104055574912995594e-04,2.105272185481429741e-04,2.144145330938055196e-04,2.159021971821040533e-04,2.248485753806568968e-04,2.211272255121019383e-04,2.274499142977169197e-04,2.274237197620932230e-04,2.252991407698535229e-04,2.334836665134235143e-04,2.361612801953036226e-04,2.405327045615455333e-04,2.325028932513367394e-04,2.461170604256790700e-04,2.453795337977068250e-04,2.417293681001618315e-04,2.486440996210001562e-04,2.516362272801024678e-04,2.536311772653541269e-04,2.576785630838181879e-04,2.564047106843402686e-04,2.567515202746741411e-04,2.500977922314304830e-04,2.565366256372715614e-04,2.671360445349673599e-04,2.648758393169291367e-04,2.684262821347393937e-04,2.711524503870259956e-04,2.698717455536115556e-04,2.636884524059255339e-04,2.627515701996616625e-04,2.538101520452247018e-04,2.728431068866824915e-04,2.804477798018278943e-04,2.810493165511169828e-04,2.885274154711102174e-04,2.925686421138823509e-04,2.901687241551295692e-04,2.938084540640404393e-04,2.834973734142568857e-04,2.979534260500166080e-04,2.981935956983956500e-04,2.948516181612122135e-04,3.017831711570981724e-04,3.008263928433552539e-04,3.094808486780703635e-04,3.050286200721546406e-04,3.103181629599547947e-04,3.137518948239064582e-04,3.150256459976879869e-04,3.107173839872404012e-04,3.177745355853882109e-04,3.176586133648739334e-04,3.129310366433667970e-04,3.217126783821017263e-04,3.220300678567404682e-04,3.197081435478790236e-04,3.182388049266634471e-04,3.179859094774220964e-04,3.198640527092147588e-04,3.227620314797840411e-04,3.234515124760642879e-04,3.187726175031970572e-04,3.225218623641068656e-04,3.250500621481744782e-04,3.199125344797902290e-04,3.217351457112765630e-04,3.139370403826790526e-04,3.191512888293444958e-04,3.290189868903062244e-04,3.235835938045133271e-04,3.316499516309994746e-04,3.258777344425950353e-04,3.292436219308323602e-04,3.275295023189477906e-04,3.303355105611875805e-04,3.305002773864661831e-04,3.254088069984006795e-04,3.198671255866700159e-04,3.330697753956363897e-04,3.333776793728201429e-04,3.289731801712130008e-04,3.318740040197735151e-04,3.332237537907051521e-04,3.351922460469722916e-04,3.351461690816809271e-04,3.338378483878574388e-04,3.301400575056093038e-04,3.366259614584064981e-04,3.349570526433329827e-04,3.402932730908208203e-04,3.348745644855743108e-04,3.373694982671348154e-04,3.422716155024008947e-04,3.374356737321971178e-04,3.253953733052874771e-04,3.235619642192214354e-04,3.406758756148975105e-04,3.464810186707304807e-04,3.416324290675067554e-04,3.399236753052607717e-04,3.390758498395415551e-04,3.471931980982031324e-04,3.476444743680630941e-04,3.458297578546764466e-04,3.402784454828654509e-04,3.359430950268524948e-04,3.510645280391578075e-04,3.420553722160635983e-04,3.344980443486766626e-04,3.587121843006708792e-04,3.510788236452204425e-04,3.543671386010517686e-04,3.603617678172580307e-04,3.639130373737172906e-04,3.609693119537330745e-04,3.539392717110229850e-04,3.731459847730744664e-04,3.704268361887713083e-04,3.683733810607046021e-04,3.769579406851032472e-04,3.814529735848185650e-04,3.869008925551471680e-04,3.915494442737789405e-04,4.089129181995571766e-04
2.014570979146221492e-04,2.054907441226540515e-04,2.058511214475065973e-04,2.116558295770266127e-04,2.058586487520685929e-04,1.930674713915293806e-04,2.072926757433309541e-04,1.955343389222138093e-04,2.024528573492447318e-04,2.063819410289800555e-04,1.923013191246094700e-04,2.093378328470519895e-04,2.138904170100292912e-04,2.179710075414632668e-04,2.164267741522467878e-04,2.106819418197254505e-04,2.097485232947851608e-04,2.130384863503352242e-04,2.158257324817135767e-04,2.238719094518130915e-04,2.202668050282872991e-04,2.261922192891858822e-04,2.269603800516391756e-04,2.249241217345182618e-04,2.327648742014759077e-04,2.351399042781548651e-04,2.397553833402823120e-04,2.317663558976773802e-04,2.445727350326683323e-04,2.440491077836505832e-04,2.411668501121797491e-04,2.473819566692867802e-04,2.500953838673587813e-04,2.522541911695677392e-04,2.565719080054195854e-04,2.552640471968408917e-04,2.561538739717726231e-04,2.503317090601013366e-04,2.566635755883307606e-04,2.660853332214659886e-04,2.640938314642806393e-04,2.674983228235785441e-04,2.701920416929704644e-04,2.688882996886531843e-04,2.633228147421271957e-04,2.620676217836515271e-04,2.552566334041081724e-04,2.723405652974632296e-04,2.796058250056095000e-04,2.804815852734387225e-04,2.872902212809144316e-04,2.910792111356574289e-04,2.890052769254356554e-04,2.925727869564940598e-04,2.834105720019100289e-04,2.969973929453958018e-04,2.970969699465699507e-04,2.939824194566220293e-04,3.001501164568184769e-04,2.997217928575617485e-04,3.074879871043605497e-04,3.032328879845723338e-04,3.086918298299613003e-04,3.123444284996992003e-04,3.132350540305900931e-04,3.093526795726757360e-04,3.157374752439336867e-04,3.161543744765574248e-04,3.116742069429581153e-04,3.199278806421731861e-04,3.190840854425023806e-04,3.177273392000078329e-04,3.157177534142494176e-04,3.170325846050673409e-04,3.177448952709590506e-04,3.203848289388170571e-04,3.212422163107961641e-04,3.177394428627644063e-04,3.208602408006245178e-04,3.231365565207171145e-04,3.180311650355875500e-04,3.201659833267134800e-04,3.138458297111184291e-04,3.181409188893898304e-04,3.272349229082619436e-04,3.222964651837590994e-04,3.299263130790128272e-04,3.244587200678784953e-04,3.274164272298339998e-04,3.252965336875766997e-04,3.292681870472460924e-04,3.290548632592377588e-04,3.248853253130734261e-04,3.187851953165732224e-04,3.305298765344402787e-04,3.319237230160074974e-04,3.275333201685213841e-04,3.303092250137743620e-04,3.311109626824504317e-04,3.333223559159584262e-04,3.330138344398048556e-04,3.319564496695321374e-04,3.284315485298713866e-04,3.345222836869120352e-04,3.325265111920821886e-04,3.383441191987100641e-04,3.329232261898325946e-04,3.345209304901571902e-04,3.393225002051073976e-04,3.353637885491896845e-04,3.245812256914696377e-04,3.225698401135357394e-04,3.380449374858860313e-04,3.416324290675067554e-04,3.407861444181826938e-04,3.372142522497447066e-04,3.375970473579088002e-04,3.446617328099309675e-04,3.453622855744579523e-04,3.432777678730202821e-04,3.375421052732523837e-04,3.347005411936959814e-04,3.470652668151247072e-04,3.385686579381698490e-04,3.316990152815914999e-04,3.540716388132890695e-04,3.456540080956989509e-04,3.490964241038379515e-04,3.545325689267043176e-04,3.576453351379931716e-04,3.558554143254304917e-04,3.501424222764271056e-04,3.660184624325612830e-04,3.642120574185912459e-04,3.619799954367934440e-04,3.705719213927490853e-04,3.739353705997663056e-04,3.784481509490864341e-04,3.826849148551457924e-04,3.988770783353337806e-04
1.926433857895293832e-04,1.970902288859930837e-04,1.965839975222026547e-04,2.026545708910187861e-04,1.966028471400596382e-04,1.831104025313807864e-04,1.979740698912031889e-04,1.851355779632871015e-04,1.921129210427652289e-04,1.968719823704350726e-04,1.812873246100388822e-04,2.001497254339038630e-04,2.049541798747135971e-04,2.085557391444224510e-04,2.079625451110845116e-04,2.019439451548122992e-04,2.007137921242350075e-04,2.043919272668802791e-04,2.057011055129914388e-04,2.153614744571129616e-04,2.108525433449226906e-04,2.175277248428209302e-04,2.177745679484578820e-04,2.158457700311568574e-04,2.242122775084158244e-04,2.263562483017027250e-04,2.306762032309684295e-04,2.228009890871026071e-04,2.362703798577929113e-04,2.360082177022882518e-04,2.327314957985867749e-04,2.392912189088297940e-04,2.423709403577014817e-04,2.443720656183578856e-04,2.483789363689664674e-04,2.473815633739267421e-04,2.477938014589579603e-04,2.406056278591747711e-04,2.483526949655276948e-04,2.582853772368028556e-04,2.561758863768972606e-04,2.598542609644117650e-04,2.626803878915533489e-04,2.612508013732147295e-04,2.552100768604268952e-04,2.548699431068286508e-04,2.464411394767851231e-04,2.652277822991693868e-04,2.729199331647305942e-04,2.732112753839129765e-04,2.800914413991408697e-04,2.842082185788156784e-04,2.812874105249981837e-04,2.854046596524007439e-04,2.752755672249580397e-04,2.894059411844806780e-04,2.904586933826955016e-04,2.867453898345616922e-04,2.936631963682001805e-04,2.931546853626390971e-04,3.009215827867278942e-04,2.970276969202859129e-04,3.015267700665671393e-04,3.055999888605726218e-04,3.073155493746328702e-04,3.028629369310684703e-04,3.101732656713774888e-04,3.096526942573164538e-04,3.053739219537783003e-04,3.135854135197790882e-04,3.135619712482023763e-04,3.118937386042919756e-04,3.103192922424085308e-04,3.105947195214953647e-04,3.118129790806318516e-04,3.150421506872420050e-04,3.151018789428668707e-04,3.112185418598273942e-04,3.146848527357229875e-04,3.169106141906576969e-04,3.122372133315601391e-04,3.146217467881658202e-04,3.075098189724556337e-04,3.117026270503578367e-04,3.218628270976343214e-04,3.162641551441080839e-04,3.247324946489310755e-04,3.185421488038556312e-04,3.222303523286325334e-04,3.200034447933957651e-04,3.238770265078184853e-04,3.237431938713469619e-04,3.189234491014933891e-04,3.127602584785288170e-04,3.255618773987729755e-04,3.265337885021511581e-04,3.232568643654660937e-04,3.259448693635358537e-04,3.269128482489224948e-04,3.284182942938252293e-04,3.285378380947600436e-04,3.284641528989276139e-04,3.248920968471545015e-04,3.308049377087698712e-04,3.288992297652360897e-04,3.350354484632116279e-04,3.294098445311755864e-04,3.321896662535110071e-04,3.367245485921160127e-04,3.320354993542329325e-04,3.214417694868325435e-04,3.191456094459674416e-04,3.353101748971360125e-04,3.399236753052607717e-04,3.372142522497447066e-04,3.380379348698477299e-04,3.358085838505318801e-04,3.437877811018516766e-04,3.449911652457284005e-04,3.420327271477636402e-04,3.375049080700142290e-04,3.336419676964702367e-04,3.471273395793746824e-04,3.382637288658375818e-04,3.316596215663065528e-04,3.557617859871218613e-04,3.471713074648635333e-04,3.511351227505244040e-04,3.571446761734145634e-04,3.600921463379417177e-04,3.582248781422116475e-04,3.508323090327919555e-04,3.711154187502727791e-04,3.687175260723917717e-04,3.675298821414006820e-04,3.758488394413623656e-04,3.808795782305712091e-04,3.853909627954035105e-04,3.896134398644363495e-04,4.082657331931210118e-04
1.938102792785554305e-04,1.978323316134928767e-04,1.985944758619120117e-04,2.038787578291178745e-04,1.976777587032737074e-04,1.864776551496351959e-04,1.996197028313467250e-04,1.885353856288604244e-04,1.949584130053203044e-04,1.990165790157821454e-04,1.851221037764554404e-04,2.016845797104426972e-04,2.060858962009098460e-04,2.096977455088211071e-04,2.084963344848509944e-04,2.040250693141692714e-04,2.021679419295606124e-04,2.054702543419848068e-04,2.086068402104448538e-04,2.162092478829017621e-04,2.127370251504554822e-04,2.187852218431103829e-04,2.190541007232334311e-04,2.176101696005511852e-04,2.250516919458914102e-04,2.275774693499473553e-04,2.320951367494893699e-04,2.245689600156046590e-04,2.368062663940658733e-04,2.366280041543506222e-04,2.342683789884635916e-04,2.399717757777720831e-04,2.431576273217294509e-04,2.453588788665291855e-04,2.493392539922575164e-04,2.484033995804035009e-04,2.496404535387184375e-04,2.441363214107912061e-04,2.504217270204628408e-04,2.592082207275752987e-04,2.577935082363587904e-04,2.612575120689859375e-04,2.639553561081013026e-04,2.628957088426936580e-04,2.571314694765028277e-04,2.561610892762767222e-04,2.503560509850020544e-04,2.668914938777339056e-04,2.738525569481357154e-04,2.748912749779877348e-04,2.816448118731203296e-04,2.854422145346123063e-04,2.832199121432625328e-04,2.874052684843742358e-04,2.780490398609574104e-04,2.915402218910643508e-04,2.918668733264136823e-04,2.889982757033757112e-04,2.949961079107761325e-04,2.950148846060448465e-04,3.023090094657420010e-04,2.983372064455144649e-04,3.032568537841909273e-04,3.073710281950608916e-04,3.089508882186398075e-04,3.050239496240506423e-04,3.110860598808867306e-04,3.112653412506128053e-04,3.070701001803784777e-04,3.148234766148836185e-04,3.145929062413975030e-04,3.129908353072936270e-04,3.111893102430049159e-04,3.129302718563470591e-04,3.131739747771138224e-04,3.159134071239133807e-04,3.165743279682366835e-04,3.138613165413460006e-04,3.159803535793205467e-04,3.183652283917218001e-04,3.135841450328063465e-04,3.156004678485212905e-04,3.095276725594551018e-04,3.135909592712558380e-04,3.224875130512873172e-04,3.185751871348725716e-04,3.263442885054058766e-04,3.204917933113514026e-04,3.234249318752350165e-04,3.214082713314505495e-04,3.258899873057192185e-04,3.255862843533373135e-04,3.214157172255408109e-04,3.153411388170757426e-04,3.268869409366004187e-04,3.283914319099736951e-04,3.247217781300802100e-04,3.274318533932405037e-04,3.283012769943637792e-04,3.306554501477113809e-04,3.303214449694762611e-04,3.289154461317521372e-04,3.254847951613202141e-04,3.318890418903455556e-04,3.296588483759245588e-04,3.353485933467593278e-04,3.307419727864201122e-04,3.317186322374015357e-04,3.367541474576745244e-04,3.327269864657210518e-04,3.221603675392421969e-04,3.211686577337287949e-04,3.356785308028409245e-04,3.390758498395415551e-04,3.375970473579088002e-04,3.358085838505318801e-04,3.389538473969202852e-04,3.435809762568677863e-04,3.448314416779550392e-04,3.419808368495025927e-04,3.361376414704194500e-04,3.341983985313305640e-04,3.452474054846857822e-04,3.368094412783647945e-04,3.309794728241039429e-04,3.522684718746237759e-04,3.442923909933081543e-04,3.479981821139790867e-04,3.536516386215904167e-04,3.565323102580823084e-04,3.555506245329758948e-04,3.493433635427726060e-04,3.653271704867699183e-04,3.639018918508798474e-04,3.616601084627599086e-04,3.707353377573161684e-04,3.739898085463882896e-04,3.792556431187760614e-04,3.827432050450687651e-04,3.991548839254733237e-04
1.946043852528914057e-04,1.992384413658091814e-04,1.992644797503304130e-04,2.054106786259426044e-04,1.992083452145629167e-04,1.855830250344074779e-04,2.004149346580763266e-04,1.869986203337029311e-04,1.946826179490925349e-04,1.993009245987150476e-04,1.830539609395614000e-04,2.021007848205320283e-04,2.070879532798949407e-04,2.112561747457135028e-04,2.101340325227607476e-04,2.033627432958719369e-04,2.021958429334960998e-04,2.063132126235791587e-04,2.083689116264567315e-04,2.173922606032659989e-04,2.134537690080154739e-04,2.200240115487630101e-04,2.203311528322008490e-04,2.187321525867031119e-04,2.270786846920343216e-04,2.292625488908033482e-04,2.340922044836233739e-04,2.256143497899906313e-04,2.394530876970210717e-04,2.390208528107825756e-04,2.358776496705394029e-04,2.424733408530604245e-04,2.456065271803447268e-04,2.477035329727837417e-04,2.520996318272719660e-04,2.509688537482907726e-04,2.516913074016285793e-04,2.446657747445681714e-04,2.520845083238728158e-04,2.622831115484557845e-04,2.601687435881089674e-04,2.640603475363343354e-04,2.672553672017102160e-04,2.659759675918754924e-04,2.598344536738532245e-04,2.593590107630373474e-04,2.509300471382218856e-04,2.697778359124603062e-04,2.777438810224837546e-04,2.778651083714580444e-04,2.855417604735130963e-04,2.896045274838159045e-04,2.869342090570057842e-04,2.909664590103303743e-04,2.805510582450788221e-04,2.952541560239487005e-04,2.959141625179138261e-04,2.922171857622939454e-04,2.990840314727283658e-04,2.985252138513974250e-04,3.069335687866027343e-04,3.026165083598597052e-04,3.075971055691902197e-04,3.120202189962566599e-04,3.134992781641037993e-04,3.090242596827381776e-04,3.160002784252699103e-04,3.156782768461670395e-04,3.113736087284045312e-04,3.198774866413822346e-04,3.198882868226415898e-04,3.178538998130877495e-04,3.162556944489406676e-04,3.168811484258177288e-04,3.181050320457880654e-04,3.210194552022985681e-04,3.214854753950217316e-04,3.178167099918315563e-04,3.211036189772739960e-04,3.236268802403765546e-04,3.181828593562172872e-04,3.203394826765465150e-04,3.135344324852776493e-04,3.179545576233156444e-04,3.281641304850558497e-04,3.227729400765631763e-04,3.315826149858616852e-04,3.254025588913302147e-04,3.287319227589659927e-04,3.265572257558791575e-04,3.306017166474695861e-04,3.305810262946448316e-04,3.255861044418874263e-04,3.193343539335959753e-04,3.325168822500503994e-04,3.337371380691541117e-04,3.297419407840459214e-04,3.326837247046221177e-04,3.338250197017599680e-04,3.354056894335026291e-04,3.356932802185483701e-04,3.349604335577376492e-04,3.313677881915264782e-04,3.379783318513889879e-04,3.361257874561410903e-04,3.421567838565213937e-04,3.365909391006268532e-04,3.388557648694486956e-04,3.438117397411511659e-04,3.390908774769238660e-04,3.273479332540542991e-04,3.257658609012170636e-04,3.428298976211905996e-04,3.471931980982031324e-04,3.446617328099309675e-04,3.437877811018516766e-04,3.435809762568677863e-04,3.525068745180231990e-04,3.527844765011306288e-04,3.495804214499025346e-04,3.446602505094166469e-04,3.412707934204360313e-04,3.545699463386688859e-04,3.455354470967750800e-04,3.380941718303209060e-04,3.630957889970240385e-04,3.554128911990029867e-04,3.593353061878497203e-04,3.651401446960687836e-04,3.679873824158074748e-04,3.667222603567684694e-04,3.588546054039515017e-04,3.789702354306126258e-04,3.770698858729731266e-04,3.758432009647712994e-04,3.842101444332238539e-04,3.894007789385665668e-04,3.940493752273204549e-04,3.994363457212737954e-04,4.170930180508762228e-04
1.908214977263517054e-04,1.956561125956775174e-04,1.961547222631105725e-04,2.017438085220805001e-04,1.953954168655213318e-04,1.816600237674035375e-04,1.967986063113860349e-04,1.833502479221607313e-04,1.913992638866142762e-04,1.967019439916716417e-04,1.804271585858952963e-04,1.982109575070229574e-04,2.036704325123425707e-04,2.074918917075170934e-04,2.062066327853116006e-04,1.999966333633987293e-04,1.988166189299691135e-04,2.025113520205189352e-04,2.049574502941558813e-04,2.143467278098295180e-04,2.099216580213740004e-04,2.166352651998045150e-04,2.166619223329447382e-04,2.149031536228715705e-04,2.238250203547468924e-04,2.262569934852663137e-04,2.309475901281008011e-04,2.221425180002435445e-04,2.359307901812468500e-04,2.356865133107839672e-04,2.329382545986779672e-04,2.395675828728624892e-04,2.423288988016343711e-04,2.447701399575543378e-04,2.493485300418375001e-04,2.483243278295934036e-04,2.489311038548766629e-04,2.415873734917420399e-04,2.495338995886159177e-04,2.598313547376432039e-04,2.574131472044929089e-04,2.619726995313821118e-04,2.645958943976659656e-04,2.635753511280775107e-04,2.569967328827197392e-04,2.567135735474488398e-04,2.489331327951836595e-04,2.676627549683699382e-04,2.758889655956033786e-04,2.760038511180064563e-04,2.838398674134085474e-04,2.877308536815101781e-04,2.851158367871767241e-04,2.894504439240041258e-04,2.789107841949595634e-04,2.936505684276228515e-04,2.944094043578857501e-04,2.906252624000183024e-04,2.980874422885249715e-04,2.976125541409534972e-04,3.054814367899670677e-04,3.012447512716603243e-04,3.060967280918415966e-04,3.107425159579133033e-04,3.122340042098221535e-04,3.082163060125884700e-04,3.153863691550854798e-04,3.148216927817560208e-04,3.105772672684885684e-04,3.189797988068312790e-04,3.184259935825954862e-04,3.168661855461272483e-04,3.150585877849561831e-04,3.160695695506533158e-04,3.173715870885389649e-04,3.201294526614159976e-04,3.204188034255779595e-04,3.174805672299681040e-04,3.202412840421813489e-04,3.226811757905446196e-04,3.175356171188810903e-04,3.199383644017200876e-04,3.128548484848376167e-04,3.171623714328556743e-04,3.276057815751438158e-04,3.225487417669306773e-04,3.311944380038241696e-04,3.251112212885565959e-04,3.281782331133209518e-04,3.259127257935053533e-04,3.304573538067170349e-04,3.303897864014200005e-04,3.255554467073853249e-04,3.191965702323640926e-04,3.322604394780600840e-04,3.337915253959153621e-04,3.292112249715172618e-04,3.331990905720403251e-04,3.337471477889700959e-04,3.352113486615521305e-04,3.357624728531445266e-04,3.350146909739951584e-04,3.318349114845416874e-04,3.384161840453354161e-04,3.364100028498376478e-04,3.425093411290996417e-04,3.373808845275350098e-04,3.392728216536731057e-04,3.443116559993385402e-04,3.400875964555964866e-04,3.279877315566224788e-04,3.265982615334637150e-04,3.437599258400140969e-04,3.476444743680630941e-04,3.453622855744579523e-04,3.449911652457284005e-04,3.448314416779550392e-04,3.527844765011306288e-04,3.554714223954228368e-04,3.510043461466987903e-04,3.460541035146115323e-04,3.420930843294212324e-04,3.558492837612108593e-04,3.468242108901268390e-04,3.396378317891972538e-04,3.641781289134624197e-04,3.565227973673263675e-04,3.609450532886565219e-04,3.667976576935954181e-04,3.696051650636461377e-04,3.684123683018675015e-04,3.598892067338562263e-04,3.807457861499401641e-04,3.796987307335391443e-04,3.772351826957098678e-04,3.855948400241529473e-04,3.907532222874745913e-04,3.963290096702531029e-04,4.003185261725031221e-04,4.187372397848514519e-04
1.914014520461689223e-04,1.950171577073615402e-04,1.949818612250613678e-04,2.010517393458937220e-04,1.953177287937608820e-04,1.822893485857253373e-04,1.961622096543236835e-04,1.836968550140272009e-04,1.906495762945868233e-04,1.954486247743299307e-04,1.813347616674881499e-04,1.975910201390821601e-04,2.030058799890091504e-04,2.072605742918763605e-04,2.061595294094631023e-04,1.998320569003790960e-04,1.980324808671436341e-04,2.023102791324959591e-04,2.046464068120218730e-04,2.131068664646312610e-04,2.093034899082396117e-04,2.155125748083046929e-04,2.165065941544485316e-04,2.143254335593375933e-04,2.222150802990150494e-04,2.250951202938960996e-04,2.296911060442128737e-04,2.218379034020545907e-04,2.356144884508879021e-04,2.347306989219032601e-04,2.317543812475315955e-04,2.381755389776858895e-04,2.413574681418751322e-04,2.439732703971036912e-04,2.474567095522384273e-04,2.467063937879753919e-04,2.475162298431334376e-04,2.418987340438014577e-04,2.485363388122019748e-04,2.581569044543837290e-04,2.568161995760733212e-04,2.600660428785147443e-04,2.628496639999128369e-04,2.612920368714745606e-04,2.559026825225055985e-04,2.543373529894313464e-04,2.470238433545856259e-04,2.658938499965446227e-04,2.736786921696342896e-04,2.738847732340856018e-04,2.809136235666748974e-04,2.852730376919934111e-04,2.829621111983399704e-04,2.866560338705071353e-04,2.769391064769867591e-04,2.911596616965541934e-04,2.920594924881971454e-04,2.884938276704825154e-04,2.946733428859907213e-04,2.947394721883429759e-04,3.029212858931281229e-04,2.988515665595889458e-04,3.041878473579384613e-04,3.079260549846153097e-04,3.095918913697697818e-04,3.049581048649829384e-04,3.121205950810710490e-04,3.124805613009304481e-04,3.074518100351166005e-04,3.160400892188873945e-04,3.159659637339185976e-04,3.137519978435496216e-04,3.128596514754072790e-04,3.128562207533179432e-04,3.143110894716238555e-04,3.179757830286939315e-04,3.180193058797394575e-04,3.144235955038797502e-04,3.181015256140001281e-04,3.204067421258756398e-04,3.152161796572437247e-04,3.171470073582711557e-04,3.111540255064930319e-04,3.153002968711263350e-04,3.256562103264186219e-04,3.197454001266738415e-04,3.283508871487253434e-04,3.223833089214248786e-04,3.251654092027659996e-04,3.230754723737483316e-04,3.270431911390645971e-04,3.275200430855442824e-04,3.223664721982345978e-04,3.173336308242772469e-04,3.290628378822568778e-04,3.304659412238925551e-04,3.277176371207109998e-04,3.294147102759156526e-04,3.307753260121050649e-04,3.328003846682795006e-04,3.330659700041989899e-04,3.324701132308300060e-04,3.294342616936236164e-04,3.351091078034560420e-04,3.342503478421129893e-04,3.391183871096156450e-04,3.341083445983327317e-04,3.361979522686331899e-04,3.418713710110264734e-04,3.366607757854251769e-04,3.265011432162803436e-04,3.258210887512047460e-04,3.411176648940868303e-04,3.458297578546764466e-04,3.432777678730202821e-04,3.420327271477636402e-04,3.419808368495025927e-04,3.495804214499025346e-04,3.510043461466987903e-04,3.511848019821577028e-04,3.449798071819088559e-04,3.408245655220875346e-04,3.555595889226273280e-04,3.472898737247208573e-04,3.401254898935105104e-04,3.638656583548049712e-04,3.564360979585132227e-04,3.608155112209029654e-04,3.662887415257027528e-04,3.707926949808812173e-04,3.688270160041085314e-04,3.649822234324521966e-04,3.816929794040297102e-04,3.807996334768362786e-04,3.798003360301567327e-04,3.890330516532037415e-04,3.939248972050362089e-04,3.998105957904259013e-04,4.048274014810198350e-04,4.223837818361793187e-04
1.881091183082665285e-04,1.920064881878595132e-04,1.915780548070164025e-04,1.979620305401299271e-04,1.924300742056272919e-04,1.790542445323849250e-04,1.930711611912041105e-04,1.809767586560468485e-04,1.872747251964205703e-04,1.923781141628330975e-04,1.787095946064890591e-04,1.946135480296556474e-04,2.000437261504782710e-04,2.041263913469018013e-04,2.040163471531220376e-04,1.974831665102513942e-04,1.949074818894887577e-04,1.997141488858118069e-04,2.011135911533714498e-04,2.104368942605706666e-04,2.062323534829233113e-04,2.126939955599513907e-04,2.138500527107753272e-04,2.119374889719228617e-04,2.191924100794517306e-04,2.215403239474914140e-04,2.261009448423358201e-04,2.184850032237950165e-04,2.320134260749996528e-04,2.316334339400101690e-04,2.278274190638488611e-04,2.341881915829051948e-04,2.374818183996746607e-04,2.399560140822742374e-04,2.431914293834200650e-04,2.421950943639879857e-04,2.430719623694339306e-04,2.369878836655267649e-04,2.439583783578378557e-04,2.535688182894160129e-04,2.521693818416342165e-04,2.549219853959275826e-04,2.579584787574806803e-04,2.556651094498967633e-04,2.506851530134541236e-04,2.489163037202240603e-04,2.414301503262317389e-04,2.601889379722444268e-04,2.681161420230906544e-04,2.682483731719069605e-04,2.749324765593294095e-04,2.790203264193790431e-04,2.767601434906738511e-04,2.801857873756637618e-04,2.710482755307601788e-04,2.848682562171717982e-04,2.860446198710821447e-04,2.822405682373768112e-04,2.882438740191146627e-04,2.880934467310820391e-04,2.964042962030078170e-04,2.922994935194192750e-04,2.974255657823953597e-04,3.016934958923571386e-04,3.032972833554201889e-04,2.981476087884117891e-04,3.056807249775726721e-04,3.058229847062839341e-04,3.009081533940074701e-04,3.091366196402755618e-04,3.097999453760465227e-04,3.070079323701416338e-04,3.063252446053876268e-04,3.057765110978619572e-04,3.075606467272173146e-04,3.115020580803108110e-04,3.114451487639772489e-04,3.073353082269789311e-04,3.117806221926348160e-04,3.135994241806119311e-04,3.085832037692531221e-04,3.107277008593417622e-04,3.046614727105869985e-04,3.086818976300624508e-04,3.194757961973765836e-04,3.124880155860610678e-04,3.213561703654109242e-04,3.156128813428151349e-04,3.184434382520430137e-04,3.165789068486710026e-04,3.203118842426399280e-04,3.202143579829007359e-04,3.154853001087764316e-04,3.101169906783485838e-04,3.223546795149676882e-04,3.235444205819678438e-04,3.215672248412822904e-04,3.226575825604349073e-04,3.240188625065996432e-04,3.260666298680918386e-04,3.264546222241465037e-04,3.267362755924480022e-04,3.233285081535429580e-04,3.288160717446160573e-04,3.283292444648873323e-04,3.332070551129571361e-04,3.278954501755416777e-04,3.308445885172785358e-04,3.356724703784686728e-04,3.307802243984631638e-04,3.213849116986522533e-04,3.200576321869442347e-04,3.352922319032680199e-04,3.402784454828654509e-04,3.375421052732523837e-04,3.375049080700142290e-04,3.361376414704194500e-04,3.446602505094166469e-04,3.460541035146115323e-04,3.449798071819088559e-04,3.423587733472880268e-04,3.367551164248811803e-04,3.511788799445390592e-04,3.431689092773424713e-04,3.362714416821261688e-04,3.604901798103577783e-04,3.535534028000203292e-04,3.576599507359703371e-04,3.632743182983463577e-04,3.673644819175728659e-04,3.656861890490220373e-04,3.628774132816250703e-04,3.802827676019456178e-04,3.785558254265252364e-04,3.784900189325642191e-04,3.871601691142127050e-04,3.932036485095734171e-04,3.983844219248931350e-04,4.039530065321667615e-04,4.214162132068432175e-04
1.854603482002992448e-04,1.887354346550336058e-04,1.889678827288607732e-04,1.950235292645561246e-04,1.898279536806843609e-04,1.787729564272973616e-04,1.902938390464293291e-04,1.809728479671271538e-04,1.853170859917691537e-04,1.899507907441685582e-04,1.792360501102736674e-04,1.926650269895027680e-04,1.966213929734792918e-04,2.007964162395954101e-04,2.009565071765067842e-04,1.960820561547923341e-04,1.940067413449499318e-04,1.966492197320286815e-04,1.996726598649174766e-04,2.072768110061839477e-04,2.035648538295627076e-04,2.098056262576335890e-04,2.115872681320505851e-04,2.100532025736045409e-04,2.162212495415391815e-04,2.183593219588930592e-04,2.231584804198130016e-04,2.165861875548121245e-04,2.288993353828557020e-04,2.285679305744212271e-04,2.259186538795178065e-04,2.308001347087378433e-04,2.347364038812547310e-04,2.373345823586658085e-04,2.402032363747669318e-04,2.393322366245037418e-04,2.411063959035962751e-04,2.369307604549254266e-04,2.426975329968012872e-04,2.508166964699919815e-04,2.501771758981234054e-04,2.521908036007968097e-04,2.557154334857354803e-04,2.534531032703010570e-04,2.490248523851758223e-04,2.471702592478863488e-04,2.417213498625419578e-04,2.591982530217403131e-04,2.658435257368358296e-04,2.664348350793323077e-04,2.727504002887221881e-04,2.766322353662358500e-04,2.747151808783728551e-04,2.780484867171462192e-04,2.703236902317163399e-04,2.830634998989613204e-04,2.844129403434023204e-04,2.808771464030879097e-04,2.859206688794940017e-04,2.862769539113805715e-04,2.941249304177424081e-04,2.900107450555245965e-04,2.951425900238577077e-04,2.992866459388280947e-04,3.013804018099843374e-04,2.960849032967432918e-04,3.029884977430554512e-04,3.034253081607080136e-04,2.986810258488129129e-04,3.066689047144306084e-04,3.071908284843803748e-04,3.046928983823761570e-04,3.033099790947929586e-04,3.038794173369759673e-04,3.049220535025473958e-04,3.085845487216329493e-04,3.091128896369678305e-04,3.059794347874038398e-04,3.096860870772136470e-04,3.114300420251730735e-04,3.065190425330272818e-04,3.085856932373252925e-04,3.034137268935569462e-04,3.079553000923744002e-04,3.171168939871477554e-04,3.107376555289233016e-04,3.190895988095067480e-04,3.136883093206792143e-04,3.163178508375970874e-04,3.140135031865014486e-04,3.187121018638708748e-04,3.182524246481272510e-04,3.144105647538534849e-04,3.093374005456116758e-04,3.198272659864787319e-04,3.211100105421630562e-04,3.204639910581239654e-04,3.207468810573104508e-04,3.217798099900327931e-04,3.243048441899938736e-04,3.234638067439427707e-04,3.238848707641256582e-04,3.207749230935751724e-04,3.262074234532602655e-04,3.253726648723002696e-04,3.300130271696601709e-04,3.251496238817387511e-04,3.277672256912150328e-04,3.323747877981827808e-04,3.283722051362426343e-04,3.199369490987986247e-04,3.189578884615475803e-04,3.317874157243096318e-04,3.359430950268524948e-04,3.347005411936959814e-04,3.336419676964702367e-04,3.341983985313305640e-04,3.412707934204360313e-04,3.420930843294212324e-04,3.408245655220875346e-04,3.367551164248811803e-04,3.371751644165207049e-04,3.464157535700454851e-04,3.392429046602257075e-04,3.334572994406338579e-04,3.541012942836429763e-04,3.471715624047929435e-04,3.516540623623620374e-04,3.562976913764334197e-04,3.606880144195075935e-04,3.596668011674403545e-04,3.597296954595606382e-04,3.725369444824277315e-04,3.707119965089163138e-04,3.719709373542935812e-04,3.792917862863234022e-04,3.845251013105480944e-04,3.894085185031366894e-04,3.952615815196826635e-04,4.117202416642923323e-04
1.902545178672768915e-04,1.937370741438885710e-04,1.928531964132884299e-04,2.000256569121618708e-04,1.937832871304153077e-04,1.804081747130168519e-04,1.942054822728119651e-04,1.810013115157275445e-04,1.879834608910592507e-04,1.928584711388579506e-04,1.777173021459417090e-04,1.962450809985928993e-04,2.014245322874942342e-04,2.066360043042535189e-04,2.061977376352720412e-04,1.966879705296869401e-04,1.955676782231597147e-04,2.008244032351790530e-04,2.029512881977016403e-04,2.117210996369705233e-04,2.080472920575338058e-04,2.147190557639639373e-04,2.161413512562397686e-04,2.139598917850828749e-04,2.210255163860922172e-04,2.241087180242878841e-04,2.284248567773383600e-04,2.209206004347225233e-04,2.352107922054417013e-04,2.341081994145247037e-04,2.307286969024853766e-04,2.371725008189379551e-04,2.407516207047341247e-04,2.428582461719514874e-04,2.459165157498844722e-04,2.453822297027916078e-04,2.460671339045902026e-04,2.404155108606272192e-04,2.468309141754446742e-04,2.569431217179197970e-04,2.560047685918904331e-04,2.584023437036879847e-04,2.614132910572763155e-04,2.597295549243600911e-04,2.541987621257491958e-04,2.527307701887094682e-04,2.443716404786847995e-04,2.645213355978257171e-04,2.724943745244563396e-04,2.720012202257889532e-04,2.797019087183657301e-04,2.841186430009148617e-04,2.816626629555934861e-04,2.849075850288464813e-04,2.747974357466051584e-04,2.894337942133015347e-04,2.915849098696190523e-04,2.870262245540590625e-04,2.931839683409763887e-04,2.934699313366999048e-04,3.024268046234930584e-04,2.978069582624809364e-04,3.037206773658971499e-04,3.079450789249491027e-04,3.092992390076313076e-04,3.032207106593108451e-04,3.116962912154455623e-04,3.118711433452101825e-04,3.066476270240857090e-04,3.156161859197258038e-04,3.168101130619682595e-04,3.130279241640825647e-04,3.127209633963529828e-04,3.118446021834121078e-04,3.142943196375537940e-04,3.184262254041459405e-04,3.185698643191753050e-04,3.138670348322043497e-04,3.185929936236127249e-04,3.204361988013659465e-04,3.152392277609543381e-04,3.174359305598259992e-04,3.114254969755275650e-04,3.157089519596280899e-04,3.266210515369887902e-04,3.187351802870422974e-04,3.287459279907951263e-04,3.227285310905481574e-04,3.254711913280788969e-04,3.234119636172035658e-04,3.269910533018316446e-04,3.281001077457741145e-04,3.224635408853118463e-04,3.178315156958399536e-04,3.300212996993918805e-04,3.310623631679051140e-04,3.293995825025965271e-04,3.306465846192887213e-04,3.325089569571693993e-04,3.342815418003986200e-04,3.344746364017350988e-04,3.346836502496568070e-04,3.317304630245684178e-04,3.375775029931046703e-04,3.372021830507821480e-04,3.418025078118505037e-04,3.363725322335055700e-04,3.390758247090979306e-04,3.454091640745500340e-04,3.394717239120156080e-04,3.297059798857321410e-04,3.288150744704804976e-04,3.449967840784459163e-04,3.510645280391578075e-04,3.470652668151247072e-04,3.471273395793746824e-04,3.452474054846857822e-04,3.545699463386688859e-04,3.558492837612108593e-04,3.555595889226273280e-04,3.511788799445390592e-04,3.464157535700454851e-04,3.649118520907900062e-04,3.544574381757419719e-04,3.472798034887835707e-04,3.731023267768439670e-04,3.656053889363247364e-04,3.699599672353558275e-04,3.758281030680545596e-04,3.826596425676304894e-04,3.795928660758571293e-04,3.776433188826916715e-04,3.948147932012223199e-04,3.939509709583657458e-04,3.938963376877009604e-04,4.026234051173078208e-04,4.099216787221654328e-04,4.150640001688084171e-04,4.223733404347716574e-04,4.412135362408329121e-04
1.857416720468816414e-04,1.886355611905228568e-04,1.883855187275418569e-04,1.953185373491885717e-04,1.897969729603326595e-04,1.769076946118601013e-04,1.899679163099739481e-04,1.792399797551797467e-04,1.844446211954304333e-04,1.884153497954683791e-04,1.768301188370325803e-04,1.924052782779192745e-04,1.971291169992338852e-04,2.019853796465670979e-04,2.016891706823633300e-04,1.953193895271539994e-04,1.945977003657552119e-04,1.973888209161105622e-04,1.990991548990034537e-04,2.075954621776195878e-04,2.035227305263628524e-04,2.102518306893820575e-04,2.121966142491545776e-04,2.095361653221698749e-04,2.163815546182412534e-04,2.189933720600679848e-04,2.231912875371632940e-04,2.165034570934748297e-04,2.299241113213792011e-04,2.294538345639681311e-04,2.255024792941324422e-04,2.317416013437250484e-04,2.352273923599951504e-04,2.378009250831240699e-04,2.403860155026864948e-04,2.397502378276307987e-04,2.409021010710582120e-04,2.357702373972363370e-04,2.421034045142201306e-04,2.512161597147988018e-04,2.505794055673411726e-04,2.521435273430147161e-04,2.547559458538232254e-04,2.521626929958725488e-04,2.481937306908516428e-04,2.456268566884942149e-04,2.381679025099009449e-04,2.577847508691811194e-04,2.656281325852768082e-04,2.655433573648340972e-04,2.721861066124528061e-04,2.766344575291420087e-04,2.748191679935703207e-04,2.777698607279326971e-04,2.693725008853665851e-04,2.826296104287185935e-04,2.844433666938374588e-04,2.808146435061123817e-04,2.859332844687074754e-04,2.863226554266876827e-04,2.946243978651713136e-04,2.904588899878007987e-04,2.961347246820654759e-04,2.999886039977392492e-04,3.015268290461991900e-04,2.959701311329471121e-04,3.040638959744705930e-04,3.042460518762712235e-04,2.990443247199943747e-04,3.078859536156948571e-04,3.088456925374227823e-04,3.054049746105256440e-04,3.046261139065665861e-04,3.039946670126519022e-04,3.063248596108676387e-04,3.100738417420606670e-04,3.102895383145344381e-04,3.057126115843226575e-04,3.113938718360028377e-04,3.126562465748195050e-04,3.075928187483885096e-04,3.096069669947961703e-04,3.038044438025105497e-04,3.087601616339310574e-04,3.188415354307320244e-04,3.109033586774592761e-04,3.203007933911818333e-04,3.144539530938018717e-04,3.171731133088064774e-04,3.151644960074840478e-04,3.188946714967350743e-04,3.193564381695582774e-04,3.143222730046112850e-04,3.096459125806571948e-04,3.212529127798400544e-04,3.222466292115274355e-04,3.217677567005029142e-04,3.216810736046970295e-04,3.230033629476638233e-04,3.254802303282507830e-04,3.257361661157961671e-04,3.261855827735691432e-04,3.229405526136640519e-04,3.284783779017552393e-04,3.289905132371128901e-04,3.329583538717537376e-04,3.273585322610510760e-04,3.309992891698889956e-04,3.362117373517824388e-04,3.309700420239155812e-04,3.222746746538666788e-04,3.217176129691572128e-04,3.360263167257676944e-04,3.420553722160635983e-04,3.385686579381698490e-04,3.382637288658375818e-04,3.368094412783647945e-04,3.455354470967750800e-04,3.468242108901268390e-04,3.472898737247208573e-04,3.431689092773424713e-04,3.392429046602257075e-04,3.544574381757419719e-04,3.493409907716934332e-04,3.408457517653095564e-04,3.644218913281844097e-04,3.573826668194577251e-04,3.623875492631938315e-04,3.678641323277813554e-04,3.734976976403572998e-04,3.710515545425712683e-04,3.717965075279536669e-04,3.867249726848553688e-04,3.856680924122693325e-04,3.869579246687164346e-04,3.951006035769967137e-04,4.016557553062369366e-04,4.079805601023539356e-04,4.144995876105705295e-04,4.320492202979474153e-04
1.867665337206002882e-04,1.874835414248122447e-04,1.873037255959126646e-04,1.936371373643929210e-04,1.886626999205134783e-04,1.791351225797996891e-04,1.892276927747256162e-04,1.816029245950934136e-04,1.846746546338877480e-04,1.889329256992665893e-04,1.787035377778490805e-04,1.921075788828714975e-04,1.959901481927771945e-04,2.007746276670592230e-04,2.013496185825705553e-04,1.953626551841867477e-04,1.944428362605189959e-04,1.967037459988226151e-04,2.001337919535530732e-04,2.067938514573248500e-04,2.032015398230012631e-04,2.091179496671874015e-04,2.115856377452648561e-04,2.095902324381027592e-04,2.146996225742442454e-04,2.173210518232305502e-04,2.210025740574794045e-04,2.170561966986797543e-04,2.279664916812885577e-04,2.280419199398699755e-04,2.242936603915740828e-04,2.295380079324054075e-04,2.340913778661312533e-04,2.363445935686007775e-04,2.379120906911317234e-04,2.372584998494619082e-04,2.392743748187070910e-04,2.366676656785951754e-04,2.409909651388786832e-04,2.480810513226190455e-04,2.493963575455998799e-04,2.496264509405858416e-04,2.525656121061051738e-04,2.500262632369962550e-04,2.474015822480148965e-04,2.442889191070329977e-04,2.394876422991201194e-04,2.560556700042972015e-04,2.623812344548305032e-04,2.634841033482864447e-04,2.690527109712813987e-04,2.729398759363804326e-04,2.714003488687097830e-04,2.739114438698576448e-04,2.677959075855051562e-04,2.787798523255981698e-04,2.809996022470639975e-04,2.778928969424954436e-04,2.814765445043206603e-04,2.825209444181303684e-04,2.899853876785679955e-04,2.859554195647815811e-04,2.920430513903638837e-04,2.950914636840971245e-04,2.966625084003427664e-04,2.908765297779285827e-04,2.978718821980001524e-04,2.993000785805938115e-04,2.939186530692953657e-04,3.020460926168419720e-04,3.040482671374479182e-04,3.002239470320583123e-04,2.989601515296564684e-04,2.994671179398117095e-04,3.004356864158323152e-04,3.052717101553462293e-04,3.053645363306179100e-04,3.012158096903501088e-04,3.057702011231995510e-04,3.068276168559905715e-04,3.031938639404755786e-04,3.051867391646231062e-04,3.008016802944988026e-04,3.055079558300981767e-04,3.138359383028323430e-04,3.061064949837528784e-04,3.138028503962407459e-04,3.090117841037851422e-04,3.118405321884984253e-04,3.094685899361505747e-04,3.136371444773028080e-04,3.134045569981078303e-04,3.099493664327344260e-04,3.062678710287999092e-04,3.157683998403855896e-04,3.158810224634058710e-04,3.178394000646312615e-04,3.156960323204220219e-04,3.173468688080744002e-04,3.202544126985297154e-04,3.198289652942079846e-04,3.204189240910962811e-04,3.168861888754702242e-04,3.223730467340476060e-04,3.217592814390344788e-04,3.255205923546112580e-04,3.212253557775729450e-04,3.236621242682876146e-04,3.288301255917100538e-04,3.240871947361851605e-04,3.182615226128631086e-04,3.180039923934194733e-04,3.297253513385669686e-04,3.344980443486766626e-04,3.316990152815914999e-04,3.316596215663065528e-04,3.309794728241039429e-04,3.380941718303209060e-04,3.396378317891972538e-04,3.401254898935105104e-04,3.362714416821261688e-04,3.334572994406338579e-04,3.472798034887835707e-04,3.408457517653095564e-04,3.407609424585788540e-04,3.557485063239430281e-04,3.486556732839485740e-04,3.530688043848842234e-04,3.589146352030385509e-04,3.663626616224295997e-04,3.640619243409717615e-04,3.689549677162801610e-04,3.786792298900902381e-04,3.784103325790438171e-04,3.791976033635003924e-04,3.881170777929457481e-04,3.923507703851109789e-04,4.010645393756412315e-04,4.039961305811224116e-04,4.212507233518620448e-04
1.862295345640919617e-04,1.905119323519421036e-04,1.889351686178700391e-04,1.970170862220251126e-04,1.905343321099512636e-04,1.752192883723546724e-04,1.905275549312612760e-04,1.756614005662442883e-04,1.836587208990175465e-04,1.876647800866267622e-04,1.727505717691058006e-04,1.924465106815890917e-04,1.983102710108443172e-04,2.034359759236957445e-04,2.029234844087245398e-04,1.945236664450336746e-04,1.936242377666500794e-04,1.988539371012833191e-04,1.984002496972891560e-04,2.092891005488640565e-04,2.045631349678227792e-04,2.122910643027927497e-04,2.132104469637497032e-04,2.109301341761973759e-04,2.191936112819964160e-04,2.218139832667268951e-04,2.262457754272553107e-04,2.178479201897003060e-04,2.340273256156339169e-04,2.328500820007310158e-04,2.286158734108504720e-04,2.362312523786181079e-04,2.398194994063405569e-04,2.419578020610792018e-04,2.450001560817415989e-04,2.450644416263380622e-04,2.453353677149545226e-04,2.374413697594356001e-04,2.456157121145364727e-04,2.568437234583399276e-04,2.555950710301037906e-04,2.583094032749358210e-04,2.613712351600801448e-04,2.589794223154663448e-04,2.536005576601865676e-04,2.524334930009268529e-04,2.411574649573162824e-04,2.641893081559569295e-04,2.735030426741611072e-04,2.724416835360604378e-04,2.802189859538163587e-04,2.852144863716531815e-04,2.822027220896919202e-04,2.856751237271227227e-04,2.752304390513219431e-04,2.907503757381421443e-04,2.930589939771060387e-04,2.883844959592656086e-04,2.952187013726840841e-04,2.950607100574606750e-04,3.043317143276859480e-04,3.005609067799106080e-04,3.052773454701080444e-04,3.100959953253577556e-04,3.117866244283023450e-04,3.058468623236428562e-04,3.152030559983672498e-04,3.144430422714955195e-04,3.092798867979268981e-04,3.183929711530605541e-04,3.201999516566015735e-04,3.161112999364933357e-04,3.164978097797208198e-04,3.148302863412470926e-04,3.172741258328677649e-04,3.217153538764006004e-04,3.217179500351778697e-04,3.156821884975521660e-04,3.220447712608097294e-04,3.241620889737337262e-04,3.184296290252863499e-04,3.205130742685276062e-04,3.135712725631405792e-04,3.179629001207182255e-04,3.306740156136593850e-04,3.221574806640959267e-04,3.327915728197712499e-04,3.260667616772940634e-04,3.297404264673921325e-04,3.273692560436395672e-04,3.307804892139570244e-04,3.319477532734908636e-04,3.251395930076838702e-04,3.201933530457607867e-04,3.343056964395322564e-04,3.348491786147278449e-04,3.337111672572541524e-04,3.345652047314519990e-04,3.369402951708123082e-04,3.374894615141985554e-04,3.391832864630215522e-04,3.401926436788909615e-04,3.363137527146494300e-04,3.424628996871982513e-04,3.429573207126010242e-04,3.479226847063944679e-04,3.419676715804471651e-04,3.461506641232735032e-04,3.519560844998081950e-04,3.449406906362439008e-04,3.349458801239972409e-04,3.339066429502981158e-04,3.512917818089483584e-04,3.587121843006708792e-04,3.540716388132890695e-04,3.557617859871218613e-04,3.522684718746237759e-04,3.630957889970240385e-04,3.641781289134624197e-04,3.638656583548049712e-04,3.604901798103577783e-04,3.541012942836429763e-04,3.731023267768439670e-04,3.644218913281844097e-04,3.557485063239430281e-04,3.871081426248963167e-04,3.777602910688243045e-04,3.825696707440728894e-04,3.894226439785349395e-04,3.952039372967396840e-04,3.922456069471741565e-04,3.878584115087540867e-04,4.097934657460308109e-04,4.096399147127569810e-04,4.107053180019620353e-04,4.190324817854159875e-04,4.285927231307708586e-04,4.338972538339085734e-04,4.414925308472870068e-04,4.623844177918362661e-04
1.778786373952160281e-04,1.820410237479092930e-04,1.805869047054102462e-04,1.878418714300235522e-04,1.818102833651669657e-04,1.661591641864986044e-04,1.816940305098640703e-04,1.663201057883882423e-04,1.746070890709354049e-04,1.800362189484049340e-04,1.641556798995542216e-04,1.831445923437237063e-04,1.895088585580911194e-04,1.940203496113022995e-04,1.938704729445110946e-04,1.840382700172511548e-04,1.828313832458136905e-04,1.893742006907506864e-04,1.892489239362165579e-04,1.999838324017106153e-04,1.955389265711450432e-04,2.025887008585389485e-04,2.040139321329197738e-04,2.021368832324797792e-04,2.099984414115898743e-04,2.125525652917371064e-04,2.170509133821147242e-04,2.083660266840684785e-04,2.246744933748302862e-04,2.233644063779940383e-04,2.191112856201727732e-04,2.270834975906018815e-04,2.302799791652774056e-04,2.328823439698693627e-04,2.357235062137540669e-04,2.356307438449575450e-04,2.361528784901939992e-04,2.284804769806533331e-04,2.366440663654567969e-04,2.477100067832347795e-04,2.463190405185822478e-04,2.495019985219491614e-04,2.530921358406235350e-04,2.502345582629324672e-04,2.447336364618050964e-04,2.436506700778240245e-04,2.327489627300403431e-04,2.557122901054476472e-04,2.648636429313358845e-04,2.634391095418546686e-04,2.714335648092077737e-04,2.761844404628624829e-04,2.740669389628154332e-04,2.776879115175391144e-04,2.664312937707011492e-04,2.820256979294160130e-04,2.842192120583131266e-04,2.797208381643002386e-04,2.861728386828101141e-04,2.861684189278274884e-04,2.956568858446238270e-04,2.915959506605358227e-04,2.968698844613601147e-04,3.014435341101768563e-04,3.033403618850602002e-04,2.973963377333873281e-04,3.063259008015832064e-04,3.059083158310336070e-04,3.002256140569095340e-04,3.094806401472500936e-04,3.113877302558900923e-04,3.068605922460777543e-04,3.078315007061514547e-04,3.050933574279254606e-04,3.085735071215422705e-04,3.131860307889792962e-04,3.129881210152302726e-04,3.069292887065943319e-04,3.135684308351700746e-04,3.158725235970265494e-04,3.094668513988793439e-04,3.116207780713183950e-04,3.041581720778235723e-04,3.087888608333431376e-04,3.215804985211612762e-04,3.136868317282193695e-04,3.240509440912006048e-04,3.174168849757969067e-04,3.207268687274512139e-04,3.188339079146165094e-04,3.218743754295302255e-04,3.226784995416056884e-04,3.167978734544915241e-04,3.115976243644642558e-04,3.260000420801064443e-04,3.266986107595714933e-04,3.244456551952147887e-04,3.255446384376828599e-04,3.281979797547114044e-04,3.289471246923402815e-04,3.308965825978977789e-04,3.309955370280024691e-04,3.284372308734242736e-04,3.342565347678951200e-04,3.354009450868869718e-04,3.395831569758720435e-04,3.337608947430285855e-04,3.380266033109302452e-04,3.439086768430811764e-04,3.370527233308718814e-04,3.263365712145663029e-04,3.261932278399723244e-04,3.437558953461353445e-04,3.510788236452204425e-04,3.456540080956989509e-04,3.471713074648635333e-04,3.442923909933081543e-04,3.554128911990029867e-04,3.565227973673263675e-04,3.564360979585132227e-04,3.535534028000203292e-04,3.471715624047929435e-04,3.656053889363247364e-04,3.573826668194577251e-04,3.486556732839485740e-04,3.777602910688243045e-04,3.738471727013424986e-04,3.773804760472324721e-04,3.834217482225810072e-04,3.894752785119407444e-04,3.859795717686885464e-04,3.831036274856864385e-04,4.048844956443189850e-04,4.038236421206818617e-04,4.053415900259439903e-04,4.129142337222197574e-04,4.221116887664749231e-04,4.300895955230067571e-04,4.371474000756889753e-04,4.568182082998521417e-04
1.744357372947447809e-04,1.791501424375361489e-04,1.780082177053423677e-04,1.853343262712677864e-04,1.792152321869812685e-04,1.628377357142701180e-04,1.789662396135485603e-04,1.636968866923583306e-04,1.713978943799384085e-04,1.768280143385717203e-04,1.622166575343824855e-04,1.799433191491539986e-04,1.868517314588797977e-04,1.911307329770521764e-04,1.910273369609171757e-04,1.816882719385055130e-04,1.805560297341439772e-04,1.867960512901562908e-04,1.862662087014894485e-04,1.977707270382671266e-04,1.929807944211033759e-04,1.999010312481525259e-04,2.014027940173595600e-04,2.000222715509049484e-04,2.078210056104518152e-04,2.100475876040779608e-04,2.156363060919587254e-04,2.062224004122213835e-04,2.226886014353538781e-04,2.215526451364156389e-04,2.182740228542307329e-04,2.253007395651519047e-04,2.282173889674691148e-04,2.312897620514333503e-04,2.345470590131416388e-04,2.342837465239103764e-04,2.346889983223985851e-04,2.266604059319893586e-04,2.354606111565488429e-04,2.467715007517853193e-04,2.451668933250240380e-04,2.486199352946090132e-04,2.517374781530673576e-04,2.489446297130492496e-04,2.437277116902683018e-04,2.427201821923561254e-04,2.314666188020191159e-04,2.554190366356956727e-04,2.648136031672224133e-04,2.631184171861751563e-04,2.705499294956116921e-04,2.759503193613162676e-04,2.735388866616420933e-04,2.780185836455875822e-04,2.658440613082385944e-04,2.819448222512086454e-04,2.846457615816735758e-04,2.797859774030704311e-04,2.868443731659544834e-04,2.864198826891779857e-04,2.959350355725593753e-04,2.915797078031026764e-04,2.966625134259244967e-04,3.016033580137618170e-04,3.044341285298709566e-04,2.982644860743294030e-04,3.075101384308802453e-04,3.066203017264931439e-04,3.007570450915039023e-04,3.106796332634470092e-04,3.116688410156443043e-04,3.078161650874822945e-04,3.083815957447945204e-04,3.055473481390789600e-04,3.092097640193536561e-04,3.138514755366243205e-04,3.129924881490137251e-04,3.074399661132831869e-04,3.144486055894451767e-04,3.168794335053604062e-04,3.103376095374776682e-04,3.125988893223803633e-04,3.047360079704781229e-04,3.097630423686523779e-04,3.232877323187391882e-04,3.142408268473202400e-04,3.256904344061620910e-04,3.185486551921635308e-04,3.219049263880848681e-04,3.202477543915609507e-04,3.238112766367833256e-04,3.242347893280810456e-04,3.185704547407055480e-04,3.128740554631507143e-04,3.270929208965194868e-04,3.287104760870774916e-04,3.266376630657055421e-04,3.276051939590538063e-04,3.297673673266034492e-04,3.306201970845439996e-04,3.324208082344733725e-04,3.336541101880960750e-04,3.317876018327359363e-04,3.367517588768401539e-04,3.382608879905035066e-04,3.423456144008144887e-04,3.364649346615666446e-04,3.412579324153911832e-04,3.469353635753521007e-04,3.407222205417510482e-04,3.295136514241685417e-04,3.292165552200131541e-04,3.469849945976650205e-04,3.543671386010517686e-04,3.490964241038379515e-04,3.511351227505244040e-04,3.479981821139790867e-04,3.593353061878497203e-04,3.609450532886565219e-04,3.608155112209029654e-04,3.576599507359703371e-04,3.516540623623620374e-04,3.699599672353558275e-04,3.623875492631938315e-04,3.530688043848842234e-04,3.825696707440728894e-04,3.773804760472324721e-04,3.857643899023702389e-04,3.900897131612660832e-04,3.957762127875911226e-04,3.917151820810004501e-04,3.878878457199096933e-04,4.127674109360442807e-04,4.108223996028252537e-04,4.133042551682854530e-04,4.208389776187487427e-04,4.302497388470283789e-04,4.382425093671766755e-04,4.462415550053524388e-04,4.677295266420724066e-04
1.790594737580986637e-04,1.834237368112847776e-04,1.811865085243034054e-04,1.890518729528019260e-04,1.828346806927824046e-04,1.659143622349942761e-04,1.823744569605820166e-04,1.666473110626158158e-04,1.752113101624277374e-04,1.784828406466650074e-04,1.630913503549381502e-04,1.846213816940180737e-04,1.907847210640230468e-04,1.959314825940845588e-04,1.954693380581297836e-04,1.849367659338285340e-04,1.848461969989417754e-04,1.910586833596513356e-04,1.903839772688798305e-04,2.016927624901312618e-04,1.971004213890431729e-04,2.041495437964543588e-04,2.059699622001432849e-04,2.041145403742443789e-04,2.123652579473660532e-04,2.146075860922029685e-04,2.195567673985841686e-04,2.099957256944798886e-04,2.272780272941597182e-04,2.259209075888629289e-04,2.222274703580953800e-04,2.298956952787356881e-04,2.327396955687934628e-04,2.355667345175240749e-04,2.382139459526995038e-04,2.390458935218887069e-04,2.392194216458866233e-04,2.300501599051331966e-04,2.393056455981253745e-04,2.509017014181902285e-04,2.493815757010354171e-04,2.530898429699901596e-04,2.557645543831382588e-04,2.532480967055163960e-04,2.476319530525198254e-04,2.471393776905574384e-04,2.355826646930066584e-04,2.595130464998544298e-04,2.691672024026781746e-04,2.674408800354891166e-04,2.752369396929722984e-04,2.803753093044351712e-04,2.780479686884737979e-04,2.823040906354591390e-04,2.697623735621753303e-04,2.858880588639596976e-04,2.889903357339814512e-04,2.839911121842399644e-04,2.912915298195478805e-04,2.910385210581932568e-04,3.006268905459919482e-04,2.957975692895739648e-04,3.012920333363922282e-04,3.064003924102846801e-04,3.090664640042107441e-04,3.025014351949861097e-04,3.118652096987554133e-04,3.109066125961413023e-04,3.054941883692601444e-04,3.154958185101729433e-04,3.168574648370894257e-04,3.123756580935254648e-04,3.130130970301642375e-04,3.102067252108777775e-04,3.141469720895608215e-04,3.185100919256755522e-04,3.184006594526066583e-04,3.117226453490902017e-04,3.188334056432694913e-04,3.212341602215331381e-04,3.154440386308551988e-04,3.177314340371420270e-04,3.093965383722837421e-04,3.143155735047129733e-04,3.277527921732807507e-04,3.186168021133095021e-04,3.302489194088538459e-04,3.233897164810342682e-04,3.268683227505474946e-04,3.251247532960622869e-04,3.285200009141380742e-04,3.291139406579432665e-04,3.231518332021815487e-04,3.171904113548154624e-04,3.323208891982022553e-04,3.335864142060697532e-04,3.314253234952326010e-04,3.326654278336442180e-04,3.354598643065459041e-04,3.351942524246587880e-04,3.375266924979056378e-04,3.385175087070993786e-04,3.365137959159559536e-04,3.419349446915909683e-04,3.430470465463607028e-04,3.478815562481477205e-04,3.412954141483302449e-04,3.460060354955483888e-04,3.524054424678315506e-04,3.454618784042346358e-04,3.347703373665639063e-04,3.336064793638699052e-04,3.524123520612926349e-04,3.603617678172580307e-04,3.545325689267043176e-04,3.571446761734145634e-04,3.536516386215904167e-04,3.651401446960687836e-04,3.667976576935954181e-04,3.662887415257027528e-04,3.632743182983463577e-04,3.562976913764334197e-04,3.758281030680545596e-04,3.678641323277813554e-04,3.589146352030385509e-04,3.894226439785349395e-04,3.834217482225810072e-04,3.900897131612660832e-04,3.992095624568078871e-04,4.031071651920865601e-04,3.987964249318913588e-04,3.941955351775534942e-04,4.205055678175482971e-04,4.189485888062033803e-04,4.207195450232900711e-04,4.287618911629277369e-04,4.382987020430617565e-04,4.473677301114917194e-04,4.539092429255362480e-04,4.776705848067582753e-04
1.759718137769455688e-04,1.789497961792135383e-04,1.767398515342696137e-04,1.847451083269321893e-04,1.786185949371448401e-04,1.635918679301312344e-04,1.778573765845447316e-04,1.630622875483897266e-04,1.705180598256166925e-04,1.750237651175317038e-04,1.596107227449444028e-04,1.801330732845107482e-04,1.859859759874370026e-04,1.922409483914605413e-04,1.919636872416836915e-04,1.794187185679181487e-04,1.795716569151879695e-04,1.861776868210942096e-04,1.870624165694934917e-04,1.970464302456649249e-04,1.930412808502166152e-04,1.998713970863361274e-04,2.023458719582858908e-04,2.007232503984324125e-04,2.074174820235491100e-04,2.106928464031891353e-04,2.152371591184323375e-04,2.074251659679622606e-04,2.240919899383615288e-04,2.221800033612617259e-04,2.190733661482215729e-04,2.262157305528049521e-04,2.299352072674104965e-04,2.326344141963765876e-04,2.346561262579834495e-04,2.355270251871218888e-04,2.362626183151546875e-04,2.295893196535146090e-04,2.368893353948585347e-04,2.481624611209643969e-04,2.477732657198171494e-04,2.502315327699777760e-04,2.529870092211043849e-04,2.510341390483121667e-04,2.458952539744349510e-04,2.448833509341240386e-04,2.344767709674025317e-04,2.577692475815624340e-04,2.674099448452458530e-04,2.653420941357569778e-04,2.735349145967787103e-04,2.786896709891076339e-04,2.766686337787273493e-04,2.802420729543702920e-04,2.682489625671360890e-04,2.838976197055422218e-04,2.882451717105591446e-04,2.832306786452073967e-04,2.892626529325789718e-04,2.897589797747913954e-04,2.998546172159871474e-04,2.946162659323969661e-04,3.010768945298033681e-04,3.057719207016836591e-04,3.081189897469365012e-04,3.006803826098014272e-04,3.108907757252606921e-04,3.101962168430992452e-04,3.044463128874390400e-04,3.147374144386404075e-04,3.169106260720459855e-04,3.114145947561183618e-04,3.128955278710846715e-04,3.095254029309545542e-04,3.139626100950450543e-04,3.189302392382994023e-04,3.186196698833134995e-04,3.124553811359538549e-04,3.189359323714761494e-04,3.211864554711490755e-04,3.157230278264644527e-04,3.177506116689873231e-04,3.108935621873245452e-04,3.159257597392764222e-04,3.286997772397095012e-04,3.186774311738985719e-04,3.307184674001243285e-04,3.238429854728263561e-04,3.271946887605213256e-04,3.250482186967336103e-04,3.286493039574779791e-04,3.305137316406244396e-04,3.240009696071624785e-04,3.196622086037367860e-04,3.331131680059688446e-04,3.338601642638003211e-04,3.335505050607636139e-04,3.338063368260931352e-04,3.372682929693898474e-04,3.371467460114469807e-04,3.388090092634349370e-04,3.403327873275547623e-04,3.385752218590134502e-04,3.439536235381952843e-04,3.456830855032866920e-04,3.491017561823379282e-04,3.435884225495966352e-04,3.475858759887736249e-04,3.551343448755402946e-04,3.477240348889021446e-04,3.375162969566815200e-04,3.380293444046507932e-04,3.557407037162544912e-04,3.639130373737172906e-04,3.576453351379931716e-04,3.600921463379417177e-04,3.565323102580823084e-04,3.679873824158074748e-04,3.696051650636461377e-04,3.707926949808812173e-04,3.673644819175728659e-04,3.606880144195075935e-04,3.826596425676304894e-04,3.734976976403572998e-04,3.663626616224295997e-04,3.952039372967396840e-04,3.894752785119407444e-04,3.957762127875911226e-04,4.031071651920865601e-04,4.140069820127135710e-04,4.070012743594932287e-04,4.074033066790724660e-04,4.291683394623563449e-04,4.286501195021194467e-04,4.309654628563066182e-04,4.387590380073873222e-04,4.495666667823055153e-04,4.578637316469820711e-04,4.659323953007697759e-04,4.892982964725255558e-04
1.757442252838727775e-04,1.789241470647751357e-04,1.777657298395367367e-04,1.854339713157835128e-04,1.789021453424490297e-04,1.643126129311684477e-04,1.787342298563856613e-04,1.646943230871639619e-04,1.721519587678058149e-04,1.764683672367442068e-04,1.622678477189031681e-04,1.803629860048459052e-04,1.863765886000146000e-04,1.919396000658971113e-04,1.917717136694882020e-04,1.815483431598338183e-04,1.804970029937069025e-04,1.865824076225911410e-04,1.876338877661087379e-04,1.975955348683025700e-04,1.930762136861203994e-04,2.006191838413743322e-04,2.024835542952963950e-04,2.006308084912006187e-04,2.077846437442491248e-04,2.107253912689421448e-04,2.155214724690047686e-04,2.073725378359061479e-04,2.235305554676907743e-04,2.223544809202082715e-04,2.185883602638613880e-04,2.258238470983396304e-04,2.300334367571019861e-04,2.323383711077095146e-04,2.350497177940927512e-04,2.351406162240789546e-04,2.363260629840577482e-04,2.298832173834981730e-04,2.371012786937988655e-04,2.475175178456344243e-04,2.472570174793947435e-04,2.497132366299636020e-04,2.526715541229972639e-04,2.503363081534606851e-04,2.454913501347467421e-04,2.441162983375776835e-04,2.342280160114492001e-04,2.568284735917790895e-04,2.665793784810341891e-04,2.652463330428573587e-04,2.730641217813377809e-04,2.779053037241314061e-04,2.757392058905946096e-04,2.793556960329073198e-04,2.686344697967691037e-04,2.839480449654725475e-04,2.873637435789708097e-04,2.828029308976688118e-04,2.881295756026910318e-04,2.892030989691291454e-04,2.987414120466261400e-04,2.940563407859898186e-04,2.996890808938479996e-04,3.048273821816921371e-04,3.069741848870530471e-04,3.001025315110431935e-04,3.097966333214807483e-04,3.094450060338329277e-04,3.035853557009695345e-04,3.129417667563606721e-04,3.156322332536790564e-04,3.106037408526314200e-04,3.113894680771838613e-04,3.096164621474083124e-04,3.124896157104276799e-04,3.176923462060555299e-04,3.171488390021983978e-04,3.117445094198046545e-04,3.177696723560094363e-04,3.200785070863411321e-04,3.148732616148733929e-04,3.162804083698433130e-04,3.107031973685570004e-04,3.151921595842098879e-04,3.273228599031830638e-04,3.181573313618701903e-04,3.293172015249888943e-04,3.229022739180405590e-04,3.262154235728670815e-04,3.239263310120837794e-04,3.274551432280995073e-04,3.291187212547201624e-04,3.227216643464992426e-04,3.181570615863820546e-04,3.314726757405457407e-04,3.321788455732886105e-04,3.328074941797985503e-04,3.324544716570212045e-04,3.351746858530450248e-04,3.359211029704703508e-04,3.375060462192396482e-04,3.389892858624324020e-04,3.361288168863761877e-04,3.420990723375860677e-04,3.429038295333802799e-04,3.471630112087623217e-04,3.415031476637800747e-04,3.456236859554604368e-04,3.523227991948480690e-04,3.454564833586493372e-04,3.363537946573473677e-04,3.362154464577386771e-04,3.529721459785819864e-04,3.609693119537330745e-04,3.558554143254304917e-04,3.582248781422116475e-04,3.555506245329758948e-04,3.667222603567684694e-04,3.684123683018675015e-04,3.688270160041085314e-04,3.656861890490220373e-04,3.596668011674403545e-04,3.795928660758571293e-04,3.710515545425712683e-04,3.640619243409717615e-04,3.922456069471741565e-04,3.859795717686885464e-04,3.917151820810004501e-04,3.987964249318913588e-04,4.070012743594932287e-04,4.056569237513928767e-04,4.033995067518693941e-04,4.239434302462565126e-04,4.247222504853002435e-04,4.261441713239804926e-04,4.351927556354287302e-04,4.451724165480490641e-04,4.533920249726507362e-04,4.602799425550990905e-04,4.818071356842364736e-04
1.747595117150402939e-04,1.729674866462325880e-04,1.712520658918650635e-04,1.800004233398259067e-04,1.762405771847647790e-04,1.677413680219060326e-04,1.741458868817814820e-04,1.681174099694228473e-04,1.680810482520578319e-04,1.749330851940614413e-04,1.684852241412301366e-04,1.781973391186171410e-04,1.803897999372927130e-04,1.884084115147774570e-04,1.909902102785104101e-04,1.806902457663135838e-04,1.788562025526540080e-04,1.827092042563229304e-04,1.875273112289116157e-04,1.925911011897443953e-04,1.895638172187660343e-04,1.961877809335098994e-04,2.029850887512437221e-04,2.000564264040067728e-04,2.019172672752339798e-04,2.061390941089202681e-04,2.089231412183584506e-04,2.066802064751913754e-04,2.196290611259540373e-04,2.184499347506546553e-04,2.139262397354579643e-04,2.190312037349365928e-04,2.252220571007235292e-04,2.282795055813298271e-04,2.269223527903342793e-04,2.279333317381468686e-04,2.318543888760394222e-04,2.322634291492637823e-04,2.350491205850579221e-04,2.408636180015306884e-04,2.455559371410508530e-04,2.423300425945089669e-04,2.455780336226785201e-04,2.415527237782711160e-04,2.418726920053295489e-04,2.358344864103766362e-04,2.331454708539323190e-04,2.515580613224324084e-04,2.587092135097732084e-04,2.578486003602391448e-04,2.641142516500410552e-04,2.675535964772367617e-04,2.680634379284851129e-04,2.686534004746205786e-04,2.640812032422323917e-04,2.752281067799568128e-04,2.801105023607553435e-04,2.763546358402333607e-04,2.766819527026732916e-04,2.799802280494431933e-04,2.893278032233906620e-04,2.843738008042689079e-04,2.924711345769566602e-04,2.967150119635206360e-04,2.982244025916268478e-04,2.876827203120084324e-04,2.978800519994975228e-04,3.004304663963922864e-04,2.943787713483985444e-04,3.031798498545991210e-04,3.068426890096288525e-04,2.994474863804760367e-04,3.016938373440005740e-04,2.993732512079404847e-04,3.025205386385811904e-04,3.088199286314178551e-04,3.090749529314148233e-04,3.042051623493105279e-04,3.119971426183192282e-04,3.100347109903297551e-04,3.071307154431019196e-04,3.089626323012470335e-04,3.086911191725554395e-04,3.122860926955872067e-04,3.214726157097791154e-04,3.087508159588761461e-04,3.199076081514104952e-04,3.147505389346108942e-04,3.166941653121384498e-04,3.133161412986989309e-04,3.175002672783334371e-04,3.195718584067355522e-04,3.149587261445524217e-04,3.134962255551960704e-04,3.215095431092816021e-04,3.216426714270958554e-04,3.295979815032848924e-04,3.231447674448538498e-04,3.268219091565535152e-04,3.300113089177937522e-04,3.288786641855942234e-04,3.313693582514287716e-04,3.288888614418223884e-04,3.333718113092728054e-04,3.365578701169647771e-04,3.373821977901697708e-04,3.321113233247212230e-04,3.362180883104736243e-04,3.435624290298326037e-04,3.373432384622570873e-04,3.352819901905115525e-04,3.366710565644052077e-04,3.464724927386858577e-04,3.539392717110229850e-04,3.501424222764271056e-04,3.508323090327919555e-04,3.493433635427726060e-04,3.588546054039515017e-04,3.598892067338562263e-04,3.649822234324521966e-04,3.628774132816250703e-04,3.597296954595606382e-04,3.776433188826916715e-04,3.717965075279536669e-04,3.689549677162801610e-04,3.878584115087540867e-04,3.831036274856864385e-04,3.878878457199096933e-04,3.941955351775534942e-04,4.074033066790724660e-04,4.033995067518693941e-04,4.278642693390807372e-04,4.227709675506294523e-04,4.248463126206603610e-04,4.322256034227149558e-04,4.404077902382648262e-04,4.494001081659916531e-04,4.605743608932682306e-04,4.667791209747260703e-04,4.859969287667239971e-04
1.760832894105430579e-04,1.797652917766708557e-04,1.771487317717618032e-04,1.858939581707843777e-04,1.789070556697579879e-04,1.618698166342386437e-04,1.782879774406892688e-04,1.631826553258849716e-04,1.698111536569089106e-04,1.743333343261761585e-04,1.595810337486913168e-04,1.805268269931531021e-04,1.875335814495202947e-04,1.932395947790300887e-04,1.937026540631283614e-04,1.814532854497751576e-04,1.808047859413074903e-04,1.881025235752383634e-04,1.876167416561994950e-04,1.991497692555789685e-04,1.940854008135905790e-04,2.013478314547282775e-04,2.043938795919461604e-04,2.022441403895046516e-04,2.094947510243665135e-04,2.115584258447581476e-04,2.170311263394749226e-04,2.089822219669127854e-04,2.263114177298396331e-04,2.250596260806182584e-04,2.209375543454635102e-04,2.285379848639404660e-04,2.327049567233353746e-04,2.351026508504594373e-04,2.367728201154341706e-04,2.375831809864450202e-04,2.380300781487086105e-04,2.295256996821879022e-04,2.377625445338492501e-04,2.502837602103565409e-04,2.499075264879899280e-04,2.518392337617760619e-04,2.550835367766456714e-04,2.522053797075840347e-04,2.469243356801046263e-04,2.459670132012891676e-04,2.333805857506264883e-04,2.592049123938028376e-04,2.697644058028527206e-04,2.670749471312473030e-04,2.750715006027090758e-04,2.808513181539331965e-04,2.781535032816679731e-04,2.825923474441294236e-04,2.690941011214554430e-04,2.859220504396973723e-04,2.907750911702902913e-04,2.851433635681791608e-04,2.915349573776533144e-04,2.921991484281616738e-04,3.024118181347966059e-04,2.978441396202476717e-04,3.028944671476132395e-04,3.087771394938432223e-04,3.114699496054379392e-04,3.037378400793400179e-04,3.146880897605172493e-04,3.133972042467562079e-04,3.068983347437971359e-04,3.182078525146869751e-04,3.207533527016624827e-04,3.153944123777007087e-04,3.165596687338269972e-04,3.118982974204392573e-04,3.168248915136292511e-04,3.234173505478089307e-04,3.217130043666765636e-04,3.147915137470488922e-04,3.228709504978171220e-04,3.254748012613930316e-04,3.189002999270432702e-04,3.219292802352121926e-04,3.134903740975564625e-04,3.186066615879953033e-04,3.334043775621568133e-04,3.218676263262565786e-04,3.352024320628493588e-04,3.276444298709776091e-04,3.312780752041193078e-04,3.298513988837942505e-04,3.333165452164540748e-04,3.348167954806049854e-04,3.276556704604676276e-04,3.229335753035086280e-04,3.369066644028022956e-04,3.386934823367327200e-04,3.395985643254626450e-04,3.389638450302098283e-04,3.427244040536949962e-04,3.417239890756857139e-04,3.442199048669004760e-04,3.471461509728714654e-04,3.447926325605664964e-04,3.504466882663439544e-04,3.523994964468543135e-04,3.560947757613805312e-04,3.502666778783492213e-04,3.558593904197446386e-04,3.626349388801976791e-04,3.547264815089592018e-04,3.449003994194194491e-04,3.446815986585911808e-04,3.638841321258095077e-04,3.731459847730744664e-04,3.660184624325612830e-04,3.711154187502727791e-04,3.653271704867699183e-04,3.789702354306126258e-04,3.807457861499401641e-04,3.816929794040297102e-04,3.802827676019456178e-04,3.725369444824277315e-04,3.948147932012223199e-04,3.867249726848553688e-04,3.786792298900902381e-04,4.097934657460308109e-04,4.048844956443189850e-04,4.127674109360442807e-04,4.205055678175482971e-04,4.291683394623563449e-04,4.239434302462565126e-04,4.227709675506294523e-04,4.540833248469214800e-04,4.493791106659252303e-04,4.536322049513047709e-04,4.623276953162799830e-04,4.733944731732935441e-04,4.836399100769260464e-04,4.935933782583661056e-04,5.184894849532901062e-04
1.629735156159356220e-04,1.655591284129165764e-04,1.638732595401671708e-04,1.719949467097183437e-04,1.656520017820669721e-04,1.497614308920780860e-04,1.646993362104180161e-04,1.492830122520063217e-04,1.561188189650838032e-04,1.637275069286433355e-04,1.485953628340719063e-04,1.656934997082760476e-04,1.722357532279235218e-04,1.788294638670404329e-04,1.790265370501001004e-04,1.687656906437066950e-04,1.674003354236064552e-04,1.729495458900744500e-04,1.731937796914756152e-04,1.845374405755370432e-04,1.792880209746186028e-04,1.874135174035385684e-04,1.904980704804766164e-04,1.879380876010793195e-04,1.960884986456290166e-04,1.986510891970094987e-04,2.034864843431649498e-04,1.956701004567784228e-04,2.129001947243850247e-04,2.115356059444123762e-04,2.073996405801058977e-04,2.156386888989636290e-04,2.205162754341509653e-04,2.228374784900146810e-04,2.249729597848342780e-04,2.260217233908107097e-04,2.267886263328882344e-04,2.191778699442571536e-04,2.275196066195063645e-04,2.391150542492041721e-04,2.398453029035864414e-04,2.419550773030598647e-04,2.450008553657099489e-04,2.418643263376948503e-04,2.373747614148228691e-04,2.358328705264368800e-04,2.242304685174279649e-04,2.500578051910591539e-04,2.610947705379955690e-04,2.584027657845559627e-04,2.670240128379773549e-04,2.721681779190305694e-04,2.705908460000411493e-04,2.738999543265214272e-04,2.621564523855108761e-04,2.785103031414794088e-04,2.831719690740135023e-04,2.777633776234804896e-04,2.841174394291442942e-04,2.856284168248638062e-04,2.953198570572491684e-04,2.909791025586146163e-04,2.966609220259582100e-04,3.024736263766854261e-04,3.047438595135970206e-04,2.969216056361000393e-04,3.080066965727675573e-04,3.071611717866874368e-04,3.013688969071356841e-04,3.118119269876351986e-04,3.142590264828079723e-04,3.086420472349770284e-04,3.103170765862989385e-04,3.072350839500983329e-04,3.112940778448998968e-04,3.179759963004421207e-04,3.165936308943590491e-04,3.102874218424433745e-04,3.177259867487249772e-04,3.203140687183860533e-04,3.141117310928370418e-04,3.160493393638218163e-04,3.101973128226059927e-04,3.146350448259956295e-04,3.289220323707965198e-04,3.178936132918863244e-04,3.304831525354981351e-04,3.235317930635851292e-04,3.267972239264969555e-04,3.240511858022199687e-04,3.281567268902369329e-04,3.304660464362791554e-04,3.222305775938175110e-04,3.187393423772674457e-04,3.331529158376784518e-04,3.337003393669292321e-04,3.360792319749610828e-04,3.344386398921229573e-04,3.383734875499589496e-04,3.374398844819664878e-04,3.405965838021831130e-04,3.431136546527048547e-04,3.404682955125972149e-04,3.466771642905526669e-04,3.490322842661347080e-04,3.523901159488023772e-04,3.472518354559210509e-04,3.517182459755645654e-04,3.590696569371239493e-04,3.513123990339127919e-04,3.427800703375352698e-04,3.429527594161339192e-04,3.614553625967545977e-04,3.704268361887713083e-04,3.642120574185912459e-04,3.687175260723917717e-04,3.639018918508798474e-04,3.770698858729731266e-04,3.796987307335391443e-04,3.807996334768362786e-04,3.785558254265252364e-04,3.707119965089163138e-04,3.939509709583657458e-04,3.856680924122693325e-04,3.784103325790438171e-04,4.096399147127569810e-04,4.038236421206818617e-04,4.108223996028252537e-04,4.189485888062033803e-04,4.286501195021194467e-04,4.247222504853002435e-04,4.248463126206603610e-04,4.493791106659252303e-04,4.552094565726736959e-04,4.544311194176846574e-04,4.632257819040492631e-04,4.753685688063408882e-04,4.872694723626277719e-04,4.934424616618200699e-04,5.179211507321395151e-04
1.621536623644599152e-04,1.640170728076018243e-04,1.610279701880339164e-04,1.702736498560501581e-04,1.647573448071801446e-04,1.493031315550057570e-04,1.627204478300792677e-04,1.490557059664395650e-04,1.537658908852378029e-04,1.601901048467608266e-04,1.484952019751582580e-04,1.650600798929535490e-04,1.706256198824145640e-04,1.774218059123410201e-04,1.794399383215784371e-04,1.669823380478942915e-04,1.654930327834788762e-04,1.726722804582925925e-04,1.722033649021281309e-04,1.830675369464629604e-04,1.782688690680944883e-04,1.859264765811680792e-04,1.904250862662390596e-04,1.884794510964198436e-04,1.948360706410798889e-04,1.968560042256595904e-04,2.017580283008893439e-04,1.946650662426473069e-04,2.126886145941686015e-04,2.109302518423955043e-04,2.062971185134944083e-04,2.136903623076189874e-04,2.188654968396737041e-04,2.212559650134873410e-04,2.220603817480447948e-04,2.235443427662947851e-04,2.252681102685477773e-04,2.178001588632012483e-04,2.261128329382426768e-04,2.371981018711439681e-04,2.388670617292578291e-04,2.386881838873145846e-04,2.424953183933916095e-04,2.390976803249597702e-04,2.359042902151665380e-04,2.338759940024638412e-04,2.223481997880165676e-04,2.481712618150812180e-04,2.584121693500413333e-04,2.550822093414490234e-04,2.630749312995026533e-04,2.687112895729151080e-04,2.664759581092543276e-04,2.697056693055179845e-04,2.583960052572160872e-04,2.741755993792047261e-04,2.802353393991648491e-04,2.744923015067172035e-04,2.793042129256592221e-04,2.806558415147755487e-04,2.911048535759017835e-04,2.867064423696101972e-04,2.925867828044130406e-04,2.982532636342864448e-04,3.012839633673062385e-04,2.918029121354449428e-04,3.031445277117982874e-04,3.030509956292093605e-04,2.971049750973185567e-04,3.076449298177595009e-04,3.107317808343634932e-04,3.041103694746961320e-04,3.066004482678850226e-04,3.021061338181609359e-04,3.062716724726399060e-04,3.137106860683214877e-04,3.124692409033838904e-04,3.054939794257852093e-04,3.145820408973887651e-04,3.157470860815226178e-04,3.099705745233861292e-04,3.124738392337168781e-04,3.070704234263075790e-04,3.109702782195157707e-04,3.259990956921959143e-04,3.127182310179396109e-04,3.264961126303339459e-04,3.192489767549811538e-04,3.228045480014517200e-04,3.199335569310138403e-04,3.239478209766884264e-04,3.255580734895504799e-04,3.184374743901604286e-04,3.151043402090762668e-04,3.284859669795538802e-04,3.293544899635666447e-04,3.342459452082767154e-04,3.303760338479998790e-04,3.345988384544736809e-04,3.338100694614200455e-04,3.366199897170296554e-04,3.404778891368018365e-04,3.378959684338799668e-04,3.431513875280981342e-04,3.463198759376283548e-04,3.490873415397594600e-04,3.431951023648366827e-04,3.498014678444594694e-04,3.564095543655978831e-04,3.482341208376676174e-04,3.411798629011806791e-04,3.422892790370772056e-04,3.586148590719378192e-04,3.683733810607046021e-04,3.619799954367934440e-04,3.675298821414006820e-04,3.616601084627599086e-04,3.758432009647712994e-04,3.772351826957098678e-04,3.798003360301567327e-04,3.784900189325642191e-04,3.719709373542935812e-04,3.938963376877009604e-04,3.869579246687164346e-04,3.791976033635003924e-04,4.107053180019620353e-04,4.053415900259439903e-04,4.133042551682854530e-04,4.207195450232900711e-04,4.309654628563066182e-04,4.261441713239804926e-04,4.322256034227149558e-04,4.536322049513047709e-04,4.544311194176846574e-04,4.645690705544242992e-04,4.691936356278964730e-04,4.831970859360400108e-04,4.934665368883680951e-04,5.031087018033337036e-04,5.278247264710457347e-04
1.725369953181638417e-04,1.736389071290713154e-04,1.715832062557168789e-04,1.814307525230856504e-04,1.749873774142149353e-04,1.593385350189198716e-04,1.736450914677105438e-04,1.597472860923556033e-04,1.643060219778977413e-04,1.732608772742505357e-04,1.595304452473422091e-04,1.759008396604102046e-04,1.819283916381409004e-04,1.884474284357072742e-04,1.905717683775977702e-04,1.804669760091554703e-04,1.762248458924170372e-04,1.837998365167327884e-04,1.837089454440946328e-04,1.950183693497273794e-04,1.900071791260642270e-04,1.979253991427733033e-04,2.015659112183565600e-04,1.998350071184945011e-04,2.055554993455955865e-04,2.086446044495974064e-04,2.132803306930684600e-04,2.063576850511024906e-04,2.236334620246069327e-04,2.224402045040260365e-04,2.172622780582836679e-04,2.246032905875018193e-04,2.304209071424223837e-04,2.325799054424259346e-04,2.331688095095431259e-04,2.339253997085118748e-04,2.354921930218825633e-04,2.284809793566947890e-04,2.363005021264072371e-04,2.472890160039959632e-04,2.490850423422156894e-04,2.488993562058697219e-04,2.530315929263118055e-04,2.490859248124234373e-04,2.455727007485881161e-04,2.428324148613914782e-04,2.317214047773629132e-04,2.578419493829462545e-04,2.683762320093366219e-04,2.651508025576852605e-04,2.726485275384137323e-04,2.784496254581422044e-04,2.759942131269870337e-04,2.793287937529631169e-04,2.677233961551862764e-04,2.841781761473404768e-04,2.896302871646704914e-04,2.835681271805214239e-04,2.886874144613543790e-04,2.905223747954710609e-04,3.006399825027374854e-04,2.968521836873712046e-04,3.020320607516532581e-04,3.078398639385730435e-04,3.106053667866493233e-04,3.010301794149491885e-04,3.124541590461860931e-04,3.129744308358863242e-04,3.064799972290517950e-04,3.167169394616512488e-04,3.202161086604733719e-04,3.142060420494410572e-04,3.161834296941104169e-04,3.122232962024906310e-04,3.159319209279664079e-04,3.240559592721292464e-04,3.220232762171926764e-04,3.152005740221357232e-04,3.240427627870731686e-04,3.255391940812721731e-04,3.196655677924716867e-04,3.216789684732757970e-04,3.170418875117719218e-04,3.207811469926901186e-04,3.355398102018384405e-04,3.220171967545406829e-04,3.360612793770444682e-04,3.288224783993800508e-04,3.317924312828424713e-04,3.295021630851760236e-04,3.336936335140012729e-04,3.353985384980102784e-04,3.279269682342672619e-04,3.243372864419722551e-04,3.376147398632808536e-04,3.381846970461269814e-04,3.433044854132957725e-04,3.393823702646446799e-04,3.438449335010834501e-04,3.431173872452760354e-04,3.456883070429407428e-04,3.493187372525679061e-04,3.467555089786892425e-04,3.517565638570421100e-04,3.552758421690059760e-04,3.579344853944965341e-04,3.517304030148700337e-04,3.580190285908006276e-04,3.651320423914088511e-04,3.561392897099153456e-04,3.504176955165749460e-04,3.508363058090807358e-04,3.669841067888683249e-04,3.769579406851032472e-04,3.705719213927490853e-04,3.758488394413623656e-04,3.707353377573161684e-04,3.842101444332238539e-04,3.855948400241529473e-04,3.890330516532037415e-04,3.871601691142127050e-04,3.792917862863234022e-04,4.026234051173078208e-04,3.951006035769967137e-04,3.881170777929457481e-04,4.190324817854159875e-04,4.129142337222197574e-04,4.208389776187487427e-04,4.287618911629277369e-04,4.387590380073873222e-04,4.351927556354287302e-04,4.404077902382648262e-04,4.623276953162799830e-04,4.632257819040492631e-04,4.691936356278964730e-04,4.830240060890799532e-04,4.929049896801203628e-04,5.031145137955393525e-04,5.113245257480210316e-04,5.364915374244385530e-04
1.648303568976150371e-04,1.675573537453095563e-04,1.645416557365228429e-04,1.751916669936237408e-04,1.689257438045059696e-04,1.512947009707045010e-04,1.666398513600570526e-04,1.511446833376597063e-04,1.571192674607944494e-04,1.654136066558027380e-04,1.504298826187374749e-04,1.690147309782783869e-04,1.751774087556201109e-04,1.820653336457678869e-04,1.838244228683889804e-04,1.718772267196737639e-04,1.692947593330532585e-04,1.776972806878209844e-04,1.755248775443556315e-04,1.880481258576496731e-04,1.825463110669221496e-04,1.919151900607445082e-04,1.945526256118450064e-04,1.933331940218858112e-04,1.999773417800476498e-04,2.031267302557309188e-04,2.076374649422528746e-04,1.990407545838989377e-04,2.186147561358416070e-04,2.170136328284100126e-04,2.113734295820759361e-04,2.196606047933540636e-04,2.249342240555694383e-04,2.273533718944390077e-04,2.284238814519421216e-04,2.292185816128208928e-04,2.307863882626391033e-04,2.223975632246255943e-04,2.313432919160591259e-04,2.437129557567087887e-04,2.446778515977535260e-04,2.452030609317126819e-04,2.489512682571350609e-04,2.449457533782054626e-04,2.413078856850190714e-04,2.393951206418874246e-04,2.259083349041584210e-04,2.545566712880121228e-04,2.658831198508087635e-04,2.614564745483800553e-04,2.700448875185399345e-04,2.763076715560107747e-04,2.733370304851710981e-04,2.764668695539346135e-04,2.641747232128559709e-04,2.816088654555095900e-04,2.879072857246487544e-04,2.816093300402048487e-04,2.869753588128465369e-04,2.881678742582392426e-04,2.994752762703611361e-04,2.955588319020799565e-04,3.002500823347327343e-04,3.068185495846382583e-04,3.097909852154140799e-04,2.996391842196458131e-04,3.124500450409762979e-04,3.120330091461172664e-04,3.053110742698009802e-04,3.158336318962550577e-04,3.199648493700619155e-04,3.129343049981282709e-04,3.161567798509437501e-04,3.111513367602777207e-04,3.158405827240932202e-04,3.238317844010556753e-04,3.217310721466347086e-04,3.137923432007232866e-04,3.241120311554008941e-04,3.254113745707141862e-04,3.194848135361999194e-04,3.209351442080943619e-04,3.152138608049803075e-04,3.197180042759048568e-04,3.356371338674413412e-04,3.217424875887881083e-04,3.368491835135612941e-04,3.293851612959570779e-04,3.330491841317817373e-04,3.295360526365799471e-04,3.337445101570827785e-04,3.358743622832011631e-04,3.273642059434637443e-04,3.235981430544225567e-04,3.389350614607692606e-04,3.389233085567459978e-04,3.442560006127490875e-04,3.403589779473839040e-04,3.453931793643140284e-04,3.439064678273062964e-04,3.470536474898621273e-04,3.514094902668586412e-04,3.487553602007118858e-04,3.537088924985947727e-04,3.579268501058038409e-04,3.611189335430810081e-04,3.543411044389741123e-04,3.613877460217396241e-04,3.687011099758570674e-04,3.589815652114083000e-04,3.521100654523818380e-04,3.526692149743572793e-04,3.702752029793808498e-04,3.814529735848185650e-04,3.739353705997663056e-04,3.808795782305712091e-04,3.739898085463882896e-04,3.894007789385665668e-04,3.907532222874745913e-04,3.939248972050362089e-04,3.932036485095734171e-04,3.845251013105480944e-04,4.099216787221654328e-04,4.016557553062369366e-04,3.923507703851109789e-04,4.285927231307708586e-04,4.221116887664749231e-04,4.302497388470283789e-04,4.382987020430617565e-04,4.495666667823055153e-04,4.451724165480490641e-04,4.494001081659916531e-04,4.733944731732935441e-04,4.753685688063408882e-04,4.831970859360400108e-04,4.929049896801203628e-04,5.116990342577880206e-04,5.171816334749209775e-04,5.267259763797534381e-04,5.535879528107197790e-04
1.571831401407004791e-04,1.577395192931853589e-04,1.543480738922467933e-04,1.643843425483402555e-04,1.585230551620569019e-04,1.408643498391914549e-04,1.564058639558343412e-04,1.413535827109112209e-04,1.465267056054273714e-04,1.548972540133791286e-04,1.409208707426323477e-04,1.590664150395096484e-04,1.647326128734541157e-04,1.712512369992019788e-04,1.736018302706778460e-04,1.629028128886135789e-04,1.605525548255926180e-04,1.677703500984507195e-04,1.662723258110304950e-04,1.785933547355096867e-04,1.728650744391127167e-04,1.814469219333181098e-04,1.864947690440716635e-04,1.836899695770373463e-04,1.910701742800888399e-04,1.939082096046302434e-04,1.980452376172125192e-04,1.908489005643427704e-04,2.102362842827958014e-04,2.089610114978678642e-04,2.033658028753676180e-04,2.121603751184743161e-04,2.179033024852278417e-04,2.212009823937728398e-04,2.212483197613579152e-04,2.234441201887294901e-04,2.252379412042019636e-04,2.174899618358548225e-04,2.261760052913631568e-04,2.378026927368674193e-04,2.408556723701455870e-04,2.409316874990968240e-04,2.445784231201596388e-04,2.397757361480585951e-04,2.372147111330985027e-04,2.347249867619851760e-04,2.219916408416858927e-04,2.509686141711593103e-04,2.625549817153306309e-04,2.586224199131536379e-04,2.670740605746037212e-04,2.726460993132753005e-04,2.717661014353248746e-04,2.752068331267771011e-04,2.632338154195330349e-04,2.802217347581017863e-04,2.864570659607490683e-04,2.807539682897876115e-04,2.858741089255571939e-04,2.878978667975014088e-04,2.988601716072093674e-04,2.942667377130563913e-04,2.999016296760086955e-04,3.065438211847367421e-04,3.099774266338729952e-04,2.998416036726761014e-04,3.118894132439727681e-04,3.116716423901069472e-04,3.056751758255496932e-04,3.166967688378467859e-04,3.198011109956583396e-04,3.130555112527601963e-04,3.162363793452585060e-04,3.108486150350964357e-04,3.167557326871445699e-04,3.246301937981752213e-04,3.229636982882489512e-04,3.140315278200070913e-04,3.251339139627417709e-04,3.268936156566252648e-04,3.206105332384116867e-04,3.232317141359370674e-04,3.171987059626499186e-04,3.216791977672200345e-04,3.379862620108495122e-04,3.234239452101371395e-04,3.382602817149008142e-04,3.307190188726716437e-04,3.345697568893912788e-04,3.315544490914726860e-04,3.350533722032859115e-04,3.364179839933857837e-04,3.296146306770417244e-04,3.255927872460873660e-04,3.410502685839274738e-04,3.411186186209566617e-04,3.468333230009319952e-04,3.425372940765672057e-04,3.476335468723301052e-04,3.455027434466001533e-04,3.500020340859351657e-04,3.535007354498392938e-04,3.521160616329093622e-04,3.565467079146076418e-04,3.613806041874584860e-04,3.638322794384131866e-04,3.575156840933142580e-04,3.647872959829585632e-04,3.727316308820672426e-04,3.635291311142954955e-04,3.570018748707089922e-04,3.582668187474011365e-04,3.755594054596925950e-04,3.869008925551471680e-04,3.784481509490864341e-04,3.853909627954035105e-04,3.792556431187760614e-04,3.940493752273204549e-04,3.963290096702531029e-04,3.998105957904259013e-04,3.983844219248931350e-04,3.894085185031366894e-04,4.150640001688084171e-04,4.079805601023539356e-04,4.010645393756412315e-04,4.338972538339085734e-04,4.300895955230067571e-04,4.382425093671766755e-04,4.473677301114917194e-04,4.578637316469820711e-04,4.533920249726507362e-04,4.605743608932682306e-04,4.836399100769260464e-04,4.872694723626277719e-04,4.934665368883680951e-04,5.031145137955393525e-04,5.171816334749209775e-04,5.372502204300824659e-04,5.390047110370721484e-04,5.674470510020308356e-04
1.602815973336315519e-04,1.616504717582512235e-04,1.577930152479934452e-04,1.689795103349149346e-04,1.617968380989905108e-04,1.456733889911825802e-04,1.596318458894596909e-04,1.431693341155483091e-04,1.484392230161791387e-04,1.559734101211375501e-04,1.427218233965945910e-04,1.611358681322843430e-04,1.681216622382270909e-04,1.762323810848302665e-04,1.783181914022820269e-04,1.628388061187302819e-04,1.607585134656065891e-04,1.699448360120838853e-04,1.691539689631709961e-04,1.812213781207964113e-04,1.760826861625810851e-04,1.842441879699918867e-04,1.894158104491046248e-04,1.874717716782683854e-04,1.934364554003091877e-04,1.963150471899571760e-04,2.014856763070501300e-04,1.939325783547077796e-04,2.136760407364661127e-04,2.112667407839081122e-04,2.067575592959419023e-04,2.145916294523277502e-04,2.207833133746701839e-04,2.228973829881511525e-04,2.230340987727915064e-04,2.255786418769036939e-04,2.264915508535119716e-04,2.190642238223462247e-04,2.273375420089119908e-04,2.403054594285765192e-04,2.422504854192328381e-04,2.416556540334337375e-04,2.456231258781487684e-04,2.421375409815878306e-04,2.382072581865803151e-04,2.361298620243775133e-04,2.214411186492543310e-04,2.513773768690635195e-04,2.635751607800924695e-04,2.589801291535693672e-04,2.681606132942096141e-04,2.742738248397264770e-04,2.720116754469619879e-04,2.751746618066032717e-04,2.620181495068780531e-04,2.799657466563742277e-04,2.874041576433131184e-04,2.799082573185904168e-04,2.853496462595349900e-04,2.877392094360028464e-04,2.993859220503654155e-04,2.946427005942220292e-04,3.007936682196208494e-04,3.076775951913469074e-04,3.103740108847114062e-04,2.999773532658284191e-04,3.130630260917213747e-04,3.119926543967992583e-04,3.053669189989195558e-04,3.170022219067783649e-04,3.210530359811701010e-04,3.138929398409188716e-04,3.169735439474763244e-04,3.108526842842784625e-04,3.166589997326735881e-04,3.244295500443754917e-04,3.228100535201772030e-04,3.145088309344806375e-04,3.256846459482718348e-04,3.272711315132410706e-04,3.199668739908294486e-04,3.225341079064626541e-04,3.168163689693721829e-04,3.214241170109557251e-04,3.381395794620188373e-04,3.230111441510099234e-04,3.392280430325199966e-04,3.307640123469151499e-04,3.341789906189268113e-04,3.325290900192669164e-04,3.356729134667917037e-04,3.389814013241530268e-04,3.294920433601339197e-04,3.269803090085023154e-04,3.415624685412853127e-04,3.427297721906204242e-04,3.488456618369240492e-04,3.446929362213282857e-04,3.496455587904830054e-04,3.477539656241064071e-04,3.522705779259468041e-04,3.568324515141153364e-04,3.542837144763981254e-04,3.594237644655096033e-04,3.647250049840501077e-04,3.670894274061574174e-04,3.601403735624841731e-04,3.679288184982014583e-04,3.764380417274710232e-04,3.662959273298142175e-04,3.583678444838038013e-04,3.599977658396713315e-04,3.787326545539410018e-04,3.915494442737789405e-04,3.826849148551457924e-04,3.896134398644363495e-04,3.827432050450687651e-04,3.994363457212737954e-04,4.003185261725031221e-04,4.048274014810198350e-04,4.039530065321667615e-04,3.952615815196826635e-04,4.223733404347716574e-04,4.144995876105705295e-04,4.039961305811224116e-04,4.414925308472870068e-04,4.371474000756889753e-04,4.462415550053524388e-04,4.539092429255362480e-04,4.659323953007697759e-04,4.602799425550990905e-04,4.667791209747260703e-04,4.935933782583661056e-04,4.934424616618200699e-04,5.031087018033337036e-04,5.113245257480210316e-04,5.267259763797534381e-04,5.390047110370721484e-04,5.569271012038352724e-04,5.811407770812207236e-04
1.595344866655658321e-04,1.621872437023004433e-04,1.563719339669418550e-04,1.687303755545013079e-04,1.614347917310931884e-04,1.415416920904038318e-04,1.582056584543668981e-04,1.395387547731996743e-04,1.465403467421146652e-04,1.524295484892476324e-04,1.380676800657145895e-04,1.606688468950216275e-04,1.675450612323371355e-04,1.756113745908015160e-04,1.775660509583542495e-04,1.620929327875958545e-04,1.598014741012099206e-04,1.705197335878236775e-04,1.672759337350181923e-04,1.815362552440009480e-04,1.755151364337047769e-04,1.846803380299447475e-04,1.896907593283988591e-04,1.878862488900635440e-04,1.950990001460606912e-04,1.978402075112202193e-04,2.033191637382262206e-04,1.941048425070700061e-04,2.162309094336103770e-04,2.143389603279832658e-04,2.095714048416344759e-04,2.180648584591266112e-04,2.236279381912566764e-04,2.268306194602427261e-04,2.264599610705895745e-04,2.302207416455182476e-04,2.312431673141809917e-04,2.203273363779646330e-04,2.316007452296594681e-04,2.457549964746597233e-04,2.472502266015454901e-04,2.478213386081820862e-04,2.508861333496488922e-04,2.470734842667302294e-04,2.430249021255656517e-04,2.422102452020846839e-04,2.250790484038493332e-04,2.588078663246623479e-04,2.719852859266546187e-04,2.664760941894315106e-04,2.755154551230247647e-04,2.827409593547777138e-04,2.798108898364735139e-04,2.841997166018788096e-04,2.689107664073476589e-04,2.885647070117731798e-04,2.973219115200787855e-04,2.896632720072351576e-04,2.960669062423672217e-04,2.977362613523535468e-04,3.095967637507335366e-04,3.054069783952815501e-04,3.103249802420219986e-04,3.183906823746243003e-04,3.225353781861728495e-04,3.107088165929283480e-04,3.251598278304417781e-04,3.230452698467101841e-04,3.167815388459855469e-04,3.291678734226367344e-04,3.337601590202617509e-04,3.256791192269780592e-04,3.299074769364625974e-04,3.222472142092776552e-04,3.289671143765817698e-04,3.371528113869246761e-04,3.348781594989046315e-04,3.251073165040277825e-04,3.370646572112316001e-04,3.392785439115664345e-04,3.324658134681596363e-04,3.362634562010442829e-04,3.284127364063708183e-04,3.339432470991351640e-04,3.518398233987751105e-04,3.340325217666771760e-04,3.522526560939543945e-04,3.438930979216708894e-04,3.483024492252892240e-04,3.455579754094887735e-04,3.491368989871564718e-04,3.526717909614738742e-04,3.427180688123629198e-04,3.386837185216448479e-04,3.556353998248433512e-04,3.567265408157968489e-04,3.632834343162839983e-04,3.587043393343695768e-04,3.650112998729396229e-04,3.613783182452729977e-04,3.651361352233260891e-04,3.716162353653155765e-04,3.698846650055922169e-04,3.745336996334340594e-04,3.799300219379452784e-04,3.828311078677314920e-04,3.750056513818135918e-04,3.839699349826824321e-04,3.930092666382996465e-04,3.823523489277433894e-04,3.743546014374007783e-04,3.745812804813183710e-04,3.948899706322931205e-04,4.089129181995571766e-04,3.988770783353337806e-04,4.082657331931210118e-04,3.991548839254733237e-04,4.170930180508762228e-04,4.187372397848514519e-04,4.223837818361793187e-04,4.214162132068432175e-04,4.117202416642923323e-04,4.412135362408329121e-04,4.320492202979474153e-04,4.212507233518620448e-04,4.623844177918362661e-04,4.568182082998521417e-04,4.677295266420724066e-04,4.776705848067582753e-04,4.892982964725255558e-04,4.818071356842364736e-04,4.859969287667239971e-04,5.184894849532901062e-04,5.179211507321395151e-04,5.278247264710457347e-04,5.364915374244385530e-04,5.535879528107197790e-04,5.674470510020308356e-04,5.811407770812207236e-04,6.179221969233447340e-04
