3200,3202,3204,3206,3208,3210,3212,3214,3216,3218,3220,3222,3224,3226,3228,3230,3232,3234,3236,3238,3240,3242,3244,3246,3248,3250,3252,3254,3256,3258,3260,3262,3264,3266,3268,3270,3272,3274,3276,3278,3280,3282,3284,3286,3288,3290,3292,3294,3296,3298,3300,3302,3304,3306,3308,3310,3312,3314,3316,3318,3320,3322,3324,3326,3328,3330,3332,3334,3336,3338,3340,3342,3344,3346,3348,3350,3352,3354,3356,3358,3360,3362,3364,3366,3368,3370,3372,3374,3376,3378,3380,3382,3384,3386,3388,3390,3392,3394,3396,3398,3400,3402,3404,3406,3408,3410,3412,3414,3416,3418,3420,3422,3424,3426,3428,3430,3432,3434,3436,3438,3440,3442,3444,3446,3448,3450,3452,3454,3456,3458,3460,3462,3464,3466,3468,3470,3472,3474,3476,3478
2.700754721274086661e-05,2.739151856366785575e-05,2.577738058845844407e-05,2.793377467487392321e-05,2.700407922112112597e-05,2.625023186387892110e-05,2.712134832792438265e-05,2.725309216774124115e-05,2.683615888586795176e-05,2.106102320547378093e-05,2.558238771425494100e-05,2.690723318763972826e-05,2.692994634491532990e-05,2.689202720899558453e-05,2.715921941454216743e-05,2.585175824310468375e-05,2.716330494765654019e-05,2.722256281014576889e-05,2.691631223320183262e-05,2.683334431151519395e-05,2.686479950214534063e-05,2.702469833103907340e-05,2.760119102860415151e-05,2.717749117584097084e-05,2.756309522769409114e-05,2.644632878917500430e-05,2.682783668822490093e-05,2.643192092926151818e-05,2.660373035142162294e-05,2.660329040644034620e-05,2.675231622970893351e-05,2.715026719023613892e-05,2.700111549452346828e-05,2.689877346892746525e-05,2.558540680355019965e-05,2.662661111855699620e-05,2.584958678559036210e-05,2.683479003992363617e-05,2.615522147026403294e-05,2.560003651391731583e-05,2.575731561686138906e-05,2.539062205568029759e-05,2.542054163322477259e-05,2.444220213977907780e-05,2.388600588664888997e-05,2.309871599420839193e-05,2.267614675653675400e-05,2.400444551323488088e-05,2.421148756923237618e-05,2.471496322083531139e-05,2.396468932418229175e-05,2.563222229062140725e-05,2.545096900693733465e-05,2.608199745448607895e-05,2.561891147884211420e-05,2.649757293172282357e-05,2.589015433738741143e-05,2.511661979021494415e-05,2.601015818584201243e-05,2.463513251647127689e-05,2.577331700634135202e-05,2.538461886168851808e-05,2.542125304847305770e-05,2.570514977005279014e-05,2.507926017141973214e-05,2.608779000685785028e-05,2.627541412723103769e-05,2.631626985215359952e-05,2.479011413322451663e-05,2.592668198872321767e-05,2.549516457122460750e-05,2.536997423527801571e-05,2.618291823785227147e-05,2.414331554165264067e-05,2.564854223515022568e-05,2.448842933355679756e-05,2.482005578860319492e-05,2.407645138413777122e-05,2.553308398813076526e-05,2.505800068699703888e-05,2.551798068616998333e-05,2.444775494326634324e-05,2.375697565095511446e-05,2.546868138011379083e-05,2.509698296829278590e-05,2.398832390544649578e-05,2.358620913918261673e-05,2.462934720253482057e-05,2.462204547405447301e-05,2.474888578840873493e-05,2.450101102640559633e-05,2.429648854208248614e-05,2.488583849876754010e-05,2.404653260036571639e-05,2.427946091445483604e-05,2.422385047250490890e-05,2.373120622228580312e-05,2.301520895626096765e-05,2.320710907422713506e-05,2.379107900429221326e-05,2.366516549302117423e-05,2.346381978705976116e-05,2.480909138188462613e-05,2.437306669500959396e-05,2.325248270079520476e-05,2.421631615011995517e-05,2.349916446895439575e-05,2.358278216312807430e-05,2.273493772978417608e-05,2.349691809670810755e-05,2.298958814637749640e-05,2.356959744865743869e-05,2.386552457786166812e-05,2.320542858027839909e-05,2.311894874802388047e-05,2.185143732334572718e-05,2.060859782504462887e-05,2.137939002156273474e-05,2.048166284834189452e-05,2.170771720064883597e-05,2.291948238850440109e-05,2.150293601986503906e-05,2.226916376800878376e-05,2.212195596459148061e-05,2.220127805434837507e-05,2.196675875003854675e-05,2.240544232397358743e-05,2.283157349296748617e-05,2.326098410269176998e-05,2.203227481792502729e-05,2.124212120862531121e-05,2.334001053046617477e-05,2.251224643523599798e-05,2.308153524581466851e-05,2.135303406074955538e-05,2.095344459720968882e-05,2.087322507640266021e-05,2.068446400316449791e-05,1.993345985984823319e-05,1.939163801735637908e-05
2.739151856366785575e-05,2.952616762809341438e-05,2.720578979357226243e-05,2.929101969152409144e-05,2.824501527580230899e-05,2.772399323025616079e-05,2.854143553693914542e-05,2.858202750103286215e-05,2.826222418723920547e-05,2.268783402102634561e-05,2.708452009384860036e-05,2.857185750363315510e-05,2.856932680294335650e-05,2.831115114171849886e-05,2.872233725691557474e-05,2.728951094652581083e-05,2.868790912864747398e-05,2.868121429391413829e-05,2.834567097739151430e-05,2.843104935159282244e-05,2.841030526806938191e-05,2.858921474599461428e-05,2.907451601342193973e-05,2.871698964572302404e-05,2.907100353426973288e-05,2.804809518749955507e-05,2.848370438516623429e-05,2.802451104886286674e-05,2.822126923025384380e-05,2.818531957959933778e-05,2.811857616239596858e-05,2.888325513869696135e-05,2.873002761563244150e-05,2.844089010421623352e-05,2.724447938309914019e-05,2.826339372749885339e-05,2.745491190089193405e-05,2.856059711556051939e-05,2.769523707936091217e-05,2.700526925374762747e-05,2.729592803847616391e-05,2.690898879781582667e-05,2.690575694175658289e-05,2.588384665518929554e-05,2.538491975858427288e-05,2.450793269271198796e-05,2.419743957817202475e-05,2.538763031991579869e-05,2.567160612553203079e-05,2.616647879538473121e-05,2.551274084345634042e-05,2.726717002150638001e-05,2.703837280527220897e-05,2.767274488403672730e-05,2.705536232445018816e-05,2.831574365735678645e-05,2.749208911471908001e-05,2.689036823142145451e-05,2.757500658167489838e-05,2.618328646495856571e-05,2.738056485793804066e-05,2.696529966380755542e-05,2.684172495237903782e-05,2.707953502358475785e-05,2.643292739444490984e-05,2.757779576426257337e-05,2.757086568743954096e-05,2.759874209463030278e-05,2.612603035477937960e-05,2.743966896492488005e-05,2.685078247978443650e-05,2.693952707981271522e-05,2.763596975177191154e-05,2.536805408198777089e-05,2.700793518958567740e-05,2.594735015704031992e-05,2.615781042215612129e-05,2.536895379170107424e-05,2.711000602275933421e-05,2.628681268474538507e-05,2.676374810194450524e-05,2.573317574492626066e-05,2.487121568268027240e-05,2.694862042999126751e-05,2.617643751877483582e-05,2.515334667740396868e-05,2.481060349849002029e-05,2.591284697667894227e-05,2.588266131516104630e-05,2.590444921677157705e-05,2.593918432059358169e-05,2.567717657423871879e-05,2.614439499333748236e-05,2.535270926327758942e-05,2.542513698139609981e-05,2.545249269032887261e-05,2.486691249578208246e-05,2.412182521209290469e-05,2.434118390030380491e-05,2.478249621730377612e-05,2.482254345751296688e-05,2.441114618440572007e-05,2.588716467594647457e-05,2.564470303200787430e-05,2.429080395963674778e-05,2.515947822540276369e-05,2.467704765954323060e-05,2.464070674985023734e-05,2.373257766602780098e-05,2.460034474804561344e-05,2.404251392819557092e-05,2.464729865536826133e-05,2.487643824005582050e-05,2.422799564241946599e-05,2.415704045601140733e-05,2.277561626304997104e-05,2.139439468877907453e-05,2.221441527051498416e-05,2.122207162167621513e-05,2.249750429210442483e-05,2.397749187612018820e-05,2.218937505335427294e-05,2.320340813317663285e-05,2.319193484027586084e-05,2.314832152616126183e-05,2.290297163769420392e-05,2.307410663571570928e-05,2.369591963194109697e-05,2.419255439075748820e-05,2.292892921603977081e-05,2.205038833349785946e-05,2.393716475478092537e-05,2.326145884877290463e-05,2.337171516710923914e-05,2.203329055215368402e-05,2.147339921057491555e-05,2.150539100931578475e-05,2.160305700565468584e-05,2.053058791301897956e-05,1.999359444059985226e-05
2.577738058845844407e-05,2.720578979357226243e-05,2.682167162296170932e-05,2.790329122229487575e-05,2.715709764045671541e-05,2.656520260990323425e-05,2.728477681126130025e-05,2.719236443811468218e-05,2.685542711160753541e-05,2.251947983110240832e-05,2.578107033057923004e-05,2.733971429552012908e-05,2.724415381609464253e-05,2.703981512751418224e-05,2.730027419068898245e-05,2.593774938903229332e-05,2.723023899554773627e-05,2.725397044928378328e-05,2.708915969826781477e-05,2.727588647649395879e-05,2.709824265139831707e-05,2.741084956909410104e-05,2.788266363681615658e-05,2.738073181903947573e-05,2.771124941452604283e-05,2.691863830052501017e-05,2.729170180400971560e-05,2.688495639112046585e-05,2.712888840137595489e-05,2.700209265454890618e-05,2.697437493383661873e-05,2.751500778217414283e-05,2.741681284553934794e-05,2.722952129092828699e-05,2.614864637473151090e-05,2.716404880228460062e-05,2.636083580659554946e-05,2.716576196409322243e-05,2.648596323015083115e-05,2.586089282819341304e-05,2.615274691941189261e-05,2.577062653527637713e-05,2.568404946980043835e-05,2.461212478313405569e-05,2.409051883676499879e-05,2.323132356688708825e-05,2.306866076118711567e-05,2.429195203137774181e-05,2.461275991153743056e-05,2.513361245985760794e-05,2.469445965932430344e-05,2.612866756287592364e-05,2.587871487381658141e-05,2.658339071952671917e-05,2.615341370941100309e-05,2.745973298004154660e-05,2.653077124687339456e-05,2.606537513290683298e-05,2.670897561368724859e-05,2.558178512876218297e-05,2.658301211813067979e-05,2.607476306654232074e-05,2.631763872264234478e-05,2.628984505253172303e-05,2.576961368238611406e-05,2.682342154053742156e-05,2.670831085351868913e-05,2.710783774775923176e-05,2.561968902353401552e-05,2.668095969689428587e-05,2.610313074567145492e-05,2.639172878873110708e-05,2.698866423969427736e-05,2.507528602865324960e-05,2.627107450698646006e-05,2.551147865998663691e-05,2.559009764674090325e-05,2.505446665086451353e-05,2.638766691824799627e-05,2.562839130410422394e-05,2.616837790481554824e-05,2.522529114114082480e-05,2.481687569348510610e-05,2.635502150878112253e-05,2.592697644837218990e-05,2.476138383196081245e-05,2.475690518068874348e-05,2.576729592531781197e-05,2.561617852736326891e-05,2.564764991062666873e-05,2.570395667744189387e-05,2.568071978867430665e-05,2.566638272982581980e-05,2.491479386863495546e-05,2.507470423913215626e-05,2.524388831140136433e-05,2.488910552964294492e-05,2.416937781256410677e-05,2.440742505974923435e-05,2.483346373766129257e-05,2.456159518309632757e-05,2.450929207884184103e-05,2.576272061024428500e-05,2.536587567864858643e-05,2.405460810784814502e-05,2.509772619000444840e-05,2.462601969469826248e-05,2.470089706708168337e-05,2.392999539820991005e-05,2.438443790164440827e-05,2.418200021755691244e-05,2.447063873603583529e-05,2.451118662746692853e-05,2.377684808684784026e-05,2.388388930879388746e-05,2.247634026214926330e-05,2.187711614114411010e-05,2.254886449015183907e-05,2.150364297595757241e-05,2.252204474453597640e-05,2.379171284593403456e-05,2.221973858820179359e-05,2.304709421958407099e-05,2.278982379688632959e-05,2.274116422682027146e-05,2.267027566153119399e-05,2.277469156159460021e-05,2.330084883240207284e-05,2.377898170076335943e-05,2.221532269438648090e-05,2.202365404227997963e-05,2.347684992259102982e-05,2.288810333503830220e-05,2.277975567134734176e-05,2.162771929580284308e-05,2.112050048595579411e-05,2.089744765017667908e-05,2.122793110804320826e-05,2.012906572609024001e-05,1.952410258943065182e-05
2.793377467487392321e-05,2.929101969152409144e-05,2.790329122229487575e-05,3.095571827123847093e-05,2.912811685378713066e-05,2.850443485514641230e-05,2.913991807504312913e-05,2.927561373574450392e-05,2.896551255794349437e-05,2.288761680215681439e-05,2.778230190779099599e-05,2.923715018285456404e-05,2.928099338569666653e-05,2.900345630198885590e-05,2.945453742175108266e-05,2.799289383020824216e-05,2.946118578830068970e-05,2.933923192632705235e-05,2.904572810829232071e-05,2.917395658988508980e-05,2.897617030408899556e-05,2.923740377056155968e-05,2.970587291494204829e-05,2.937940971252803182e-05,2.979041261595449344e-05,2.856481149001031987e-05,2.914414752354098798e-05,2.862149701394534591e-05,2.893671028878126117e-05,2.894748738649399641e-05,2.868924706274909005e-05,2.953112781494281579e-05,2.937227800459574307e-05,2.912494759662315525e-05,2.800424062594191312e-05,2.906438073173450167e-05,2.802431371900280350e-05,2.912186319124547925e-05,2.845807921070500594e-05,2.768856838134204279e-05,2.798744416481507060e-05,2.767210214066103327e-05,2.761636880528711940e-05,2.646668010816563354e-05,2.587692010303006642e-05,2.502947059806173355e-05,2.452855939540870046e-05,2.607230348391361847e-05,2.637195024133866781e-05,2.697042124971547989e-05,2.635865402079173801e-05,2.793896445324929131e-05,2.779824363457310141e-05,2.855946409632506255e-05,2.788504579888691142e-05,2.923266604312820969e-05,2.854818506099779477e-05,2.771390047052229165e-05,2.859946961644208285e-05,2.717767409970649241e-05,2.844794428712410750e-05,2.788305409341581962e-05,2.801699335145901534e-05,2.823487856318299716e-05,2.755563040841939846e-05,2.879183777362538465e-05,2.870433605833609157e-05,2.892580181504020740e-05,2.741281278424945474e-05,2.866767068893265989e-05,2.796739355142617711e-05,2.817548872165324866e-05,2.889647794481238829e-05,2.685426691840049938e-05,2.827670203789628994e-05,2.741576777717574711e-05,2.745782703266831296e-05,2.686624037912897219e-05,2.832213085677910130e-05,2.772443209438272909e-05,2.825053952995366477e-05,2.707417814687725004e-05,2.642616850878981845e-05,2.831854891241120017e-05,2.789390744150239818e-05,2.674712767868532581e-05,2.638132298896413028e-05,2.754756004237097079e-05,2.746857264308771859e-05,2.753132882629709459e-05,2.744641784557062467e-05,2.740272733622446148e-05,2.766285268516122857e-05,2.684533928228126010e-05,2.709847981575868231e-05,2.690670963136761751e-05,2.669781001519374949e-05,2.597305107511725653e-05,2.608692412955800394e-05,2.652330844173224499e-05,2.639871594958313424e-05,2.614812038687099513e-05,2.757485809788182395e-05,2.729610865597592427e-05,2.591715811569124454e-05,2.698213306881508844e-05,2.629363312935522817e-05,2.657261386484546320e-05,2.557319493304027424e-05,2.616354537281352278e-05,2.582196200763198419e-05,2.622064695719682602e-05,2.639555606843433779e-05,2.566546751588349534e-05,2.567351700488882744e-05,2.418243992125701202e-05,2.337840946925063960e-05,2.405159711276334179e-05,2.282845006815006859e-05,2.423037372094016389e-05,2.567575259563669346e-05,2.394788185175977013e-05,2.496731522255371408e-05,2.491245200115730903e-05,2.458503507818921664e-05,2.431589879595704343e-05,2.474818846064998654e-05,2.529771319055219671e-05,2.566137395832844914e-05,2.437619445605756084e-05,2.390716527852934057e-05,2.534094932116838888e-05,2.480597606740959281e-05,2.511144661715123503e-05,2.359139811900211212e-05,2.300556488153895562e-05,2.289425781138246997e-05,2.294682485074393504e-05,2.182345215912245484e-05,2.114877240365675950e-05
2.700407922112112597e-05,2.824501527580230899e-05,2.715709764045671541e-05,2.912811685378713066e-05,2.891514780459656500e-05,2.762218581030261732e-05,2.814896949841185143e-05,2.821189262880226893e-05,2.794815530515530974e-05,2.373423632578849457e-05,2.667782796746837883e-05,2.855112810626426602e-05,2.837484591310973460e-05,2.822948938663445470e-05,2.856416360093236149e-05,2.743732436862290227e-05,2.819044336672723569e-05,2.813997410977545351e-05,2.825401739399713218e-05,2.836870662592266512e-05,2.818082070562543607e-05,2.847096216727538513e-05,2.923002313148246047e-05,2.869212578350025951e-05,2.882871903476579912e-05,2.806133721395690704e-05,2.844970286717764910e-05,2.808321053157847362e-05,2.829830885840730714e-05,2.820093227758998359e-05,2.803616638330256260e-05,2.862320966717773742e-05,2.847754045789801776e-05,2.844146197633235588e-05,2.720490424485580728e-05,2.835143679079833108e-05,2.744311945434965217e-05,2.846437350881243821e-05,2.773263822524594225e-05,2.709207870953625819e-05,2.735990830179118544e-05,2.682984275873391981e-05,2.689812485899702827e-05,2.580364046402286394e-05,2.528827613274334512e-05,2.417705431407753678e-05,2.410823306398869839e-05,2.542490678571417311e-05,2.573289367851483751e-05,2.619128134851362295e-05,2.570960313357361634e-05,2.726186827858139764e-05,2.714352693345958780e-05,2.789209897698821623e-05,2.728816577833456197e-05,2.857319995057270640e-05,2.777180745737845184e-05,2.717665837876235822e-05,2.798766992647548459e-05,2.663793822499986068e-05,2.771040035853542443e-05,2.720557161218966082e-05,2.750602106178930660e-05,2.745235216794079586e-05,2.690682439023767087e-05,2.805540078182909206e-05,2.799457420714845666e-05,2.842739150575670189e-05,2.684914643003205364e-05,2.770622215881845328e-05,2.739232314606102129e-05,2.758672239722781492e-05,2.805705669087109257e-05,2.619595450373781760e-05,2.743986809872655242e-05,2.646566906587741311e-05,2.682064612540534999e-05,2.615969955732418281e-05,2.747856017286380733e-05,2.680491954400235344e-05,2.736466386628195517e-05,2.645123782917976920e-05,2.584471042088774492e-05,2.759462996476600821e-05,2.710262272018894739e-05,2.588114715736110382e-05,2.575244891515264021e-05,2.674967327952347657e-05,2.682273094261931627e-05,2.654861431403339624e-05,2.669702452683075358e-05,2.675681819894208988e-05,2.682189058455459180e-05,2.624435263944330281e-05,2.629152822332152795e-05,2.632894509972294160e-05,2.618747771271292226e-05,2.547800586483079950e-05,2.550754326831561632e-05,2.593786322133921274e-05,2.571557820920809307e-05,2.560661884179660889e-05,2.692345445597668857e-05,2.646575934260007461e-05,2.521435956310573629e-05,2.640163317113777068e-05,2.582614326134757834e-05,2.586553045869320001e-05,2.494454694022603690e-05,2.573527077706603224e-05,2.522477708381652564e-05,2.560937133496628032e-05,2.573187779022026602e-05,2.512300144133532541e-05,2.517262606091785534e-05,2.365175498183636746e-05,2.277909231137184058e-05,2.375350770697160554e-05,2.251483990150576146e-05,2.354130313462202199e-05,2.496315155271931958e-05,2.336602365005017952e-05,2.426593097094670453e-05,2.399689192184660983e-05,2.411132613183538444e-05,2.378446407592577408e-05,2.392204543280821035e-05,2.454528331741890248e-05,2.511861046739929335e-05,2.337760817224496617e-05,2.320919092945879803e-05,2.485426143860011467e-05,2.420290021610675316e-05,2.405548435518189398e-05,2.283982659187428946e-05,2.235671083091189394e-05,2.220296036663983882e-05,2.206846890018097787e-05,2.132432156376843559e-05,2.057960438872516746e-05
2.625023186387892110e-05,2.772399323025616079e-05,2.656520260990323425e-05,2.850443485514641230e-05,2.762218581030261732e-05,2.812174913543975460e-05,2.769682763391004824e-05,2.801412883571377486e-05,2.755593834538610595e-05,2.338496371446474497e-05,2.683747405438922966e-05,2.786141237752008085e-05,2.784979594636398452e-05,2.765325871689203386e-05,2.825540037089380356e-05,2.657064835469594518e-05,2.747635895606806485e-05,2.807229297969123625e-05,2.811704885985691422e-05,2.797018291994067399e-05,2.755189588207530599e-05,2.818395708595864386e-05,2.879725262665660583e-05,2.822991913670871297e-05,2.832930120229904656e-05,2.734354163083504367e-05,2.792585612254104528e-05,2.772535017575735155e-05,2.778352221794557809e-05,2.772875114956804834e-05,2.774285011645557652e-05,2.827580164120367066e-05,2.810552071310484294e-05,2.801293197109606619e-05,2.663787747789764728e-05,2.768008658455953889e-05,2.710068751354485512e-05,2.830040072291209100e-05,2.722196164324443792e-05,2.651514773050111037e-05,2.688199881847875067e-05,2.637230117946913179e-05,2.650128049009575201e-05,2.515864290391782825e-05,2.474657728772954507e-05,2.369739683043819983e-05,2.383241694084121544e-05,2.493816228232895003e-05,2.526491201586702990e-05,2.577551998383790206e-05,2.527634118463605487e-05,2.675926142009196320e-05,2.669986543911351728e-05,2.737107409613202070e-05,2.708643722988666289e-05,2.805822198091809122e-05,2.733212623790285390e-05,2.692850460898253234e-05,2.734954912713117878e-05,2.606795169974557739e-05,2.727047803555950601e-05,2.678376661213565711e-05,2.713500276941810098e-05,2.701801481135621374e-05,2.642541152928887219e-05,2.752395539145259331e-05,2.731571146281838917e-05,2.779612371057372291e-05,2.624395923726341798e-05,2.735889452793263416e-05,2.674063124396724490e-05,2.693922682880774824e-05,2.757935216121857702e-05,2.565216947301399587e-05,2.693690185576408050e-05,2.613122997557414497e-05,2.641419790145895823e-05,2.582802159391671894e-05,2.715625583732910717e-05,2.631246013102928147e-05,2.698403736951424285e-05,2.587663963141811411e-05,2.543027312589190715e-05,2.723518424972659298e-05,2.657880579469658127e-05,2.555704651690584247e-05,2.526960423840347798e-05,2.618958099992147205e-05,2.648792615704853671e-05,2.616555631483770327e-05,2.635844860218711957e-05,2.622598312208597861e-05,2.638958343676995992e-05,2.571411318761586715e-05,2.582755322061009156e-05,2.583236218057588396e-05,2.571706771184677131e-05,2.490718924412139813e-05,2.503584414605006464e-05,2.568181654564221159e-05,2.523362919845257007e-05,2.535949040316570004e-05,2.660099532425764743e-05,2.587945567880044919e-05,2.467360381145704366e-05,2.576730934050788284e-05,2.535573418900278632e-05,2.526735256511152914e-05,2.447931480970639014e-05,2.505417765776005572e-05,2.516967564178942265e-05,2.537690761747299174e-05,2.536974688450537775e-05,2.460797302165133274e-05,2.461415876041224169e-05,2.341245310999348064e-05,2.233469965555081444e-05,2.325642496098263162e-05,2.179274138218447205e-05,2.320379909426004586e-05,2.469368321238192470e-05,2.323378876839488096e-05,2.385918463215903163e-05,2.381875406256190147e-05,2.372927619956985383e-05,2.340186001664056967e-05,2.358400434082109503e-05,2.399234631840585109e-05,2.455348567188019498e-05,2.309274753166610982e-05,2.274873019181144435e-05,2.464701054629155850e-05,2.361672727723814684e-05,2.370753655009119013e-05,2.251505836536821990e-05,2.174028892917759232e-05,2.159980497324535961e-05,2.201850546604632963e-05,2.076658392300752902e-05,1.991782735435138996e-05
2.712134832792438265e-05,2.854143553693914542e-05,2.728477681126130025e-05,2.913991807504312913e-05,2.814896949841185143e-05,2.769682763391004824e-05,2.899236206915051264e-05,2.847458791043501120e-05,2.806885397551259502e-05,2.263368537160663420e-05,2.693622732639857129e-05,2.843201710029458752e-05,2.841258226575301316e-05,2.817789335970944872e-05,2.852743029517058833e-05,2.682547834287709294e-05,2.855517449370840278e-05,2.858190834654424523e-05,2.828193518256249525e-05,2.831005234809749746e-05,2.820793713357751858e-05,2.867775106032107295e-05,2.907188608360545225e-05,2.857731419046534294e-05,2.896564034617408025e-05,2.793251180567314572e-05,2.832483513072265506e-05,2.807013762216415019e-05,2.820455321851597313e-05,2.814022915043504504e-05,2.818694936097925879e-05,2.869843472025853490e-05,2.865378538344973724e-05,2.840330510248529112e-05,2.720457667518095477e-05,2.820618060319195151e-05,2.743664463502313951e-05,2.849919889706870575e-05,2.764506906710021452e-05,2.702269378313194026e-05,2.733497192051444018e-05,2.688734757805925552e-05,2.688082091781921273e-05,2.583747516141888528e-05,2.540910606637849598e-05,2.437175848674649832e-05,2.424512778184076495e-05,2.548218164414726140e-05,2.572444810946142253e-05,2.638327337790680698e-05,2.568613139193636069e-05,2.726367366838506302e-05,2.702820282274773540e-05,2.782816931891939126e-05,2.715458681633641316e-05,2.848577716091451630e-05,2.755890988027456145e-05,2.705474139379279917e-05,2.760598853546048021e-05,2.647062882522984169e-05,2.754989260666553913e-05,2.703871284693651965e-05,2.723953458227360786e-05,2.732772724654949488e-05,2.666586690454884109e-05,2.764794238435091181e-05,2.767549999453220198e-05,2.798735717547012710e-05,2.639055602341469848e-05,2.762145013696070404e-05,2.699496913794941557e-05,2.717898505183208475e-05,2.789714901614945731e-05,2.586074924886982187e-05,2.718534877528791497e-05,2.622202447881382323e-05,2.651474009554135049e-05,2.572321799347307298e-05,2.737526104376929449e-05,2.667123969540921455e-05,2.703029251237950903e-05,2.596832644365988391e-05,2.549014282482629126e-05,2.716269664543811212e-05,2.669970839116696034e-05,2.556407425210745454e-05,2.526547016151705542e-05,2.649226987248561542e-05,2.632079489677967410e-05,2.646983198852832051e-05,2.631550039077844934e-05,2.626381996742025552e-05,2.649163179761447731e-05,2.583361694384602459e-05,2.573954847279590972e-05,2.593892509495272035e-05,2.537240629249603595e-05,2.478329601535007957e-05,2.493407029853495329e-05,2.545953621466631869e-05,2.515603122007889134e-05,2.494772325602900802e-05,2.636466219473313671e-05,2.599769060372826202e-05,2.463695234113420177e-05,2.566374754503070031e-05,2.505640690269089532e-05,2.523036834732095130e-05,2.415543811661345831e-05,2.489804138845123064e-05,2.453088964749536210e-05,2.501550833561936985e-05,2.517219991247512603e-05,2.435579448475016766e-05,2.434560138694846773e-05,2.295026253540968404e-05,2.179647400619213541e-05,2.282460294132945299e-05,2.182787604306465516e-05,2.294474251595091143e-05,2.418607988754662591e-05,2.265664829059832596e-05,2.343490515603356743e-05,2.349494817601644047e-05,2.330817484112266688e-05,2.316377542158630745e-05,2.335348228483463895e-05,2.396235107148804468e-05,2.430727292103728777e-05,2.276852457030499599e-05,2.247402406475905453e-05,2.423664121748772673e-05,2.354323788391079298e-05,2.367473671272671263e-05,2.232108160004877873e-05,2.159808016922484437e-05,2.157029216457846836e-05,2.179491983621493955e-05,2.066618342429035911e-05,1.998686590769255543e-05
2.725309216774124115e-05,2.858202750103286215e-05,2.719236443811468218e-05,2.927561373574450392e-05,2.821189262880226893e-05,2.801412883571377486e-05,2.847458791043501120e-05,2.936214135599577092e-05,2.837288695162362256e-05,2.245808692807575458e-05,2.721780201539387615e-05,2.850521228897415560e-05,2.851809541003207527e-05,2.823836701675232653e-05,2.881800786311695438e-05,2.695544338734898713e-05,2.868538814550808543e-05,2.878016441497896176e-05,2.857257647006287125e-05,2.836203156504309760e-05,2.824142266003646219e-05,2.861726668224671746e-05,2.922104314787184187e-05,2.878426153077165279e-05,2.907384657561974380e-05,2.802906158807271425e-05,2.831200113426585085e-05,2.802969697907148160e-05,2.825379405474334366e-05,2.821383078852865894e-05,2.839849782476123002e-05,2.880576455049741833e-05,2.865096227526738146e-05,2.850375674652935680e-05,2.724361191233230748e-05,2.823860942015425318e-05,2.757987518217719502e-05,2.870783541353658463e-05,2.782107097504341189e-05,2.709353592092619722e-05,2.735275233576865665e-05,2.682736432479765492e-05,2.695655250552225716e-05,2.574263017028899302e-05,2.520907054096888799e-05,2.427747302703597238e-05,2.413132282161342484e-05,2.543946853390564107e-05,2.558926447297955954e-05,2.621028571209139089e-05,2.559404389179081553e-05,2.720077880988334461e-05,2.698001920782137455e-05,2.771915521023315813e-05,2.745889815340768901e-05,2.845754466950592770e-05,2.768004972676915956e-05,2.698068661693825884e-05,2.774739682748593783e-05,2.639940843890313738e-05,2.752169048021734066e-05,2.693642463117569520e-05,2.736478626492996199e-05,2.747954460050548223e-05,2.667294224888224578e-05,2.780079378354162491e-05,2.783005263961986590e-05,2.799556817580414381e-05,2.662273989126703226e-05,2.764142690570016404e-05,2.714123208031156220e-05,2.721797900998352182e-05,2.793279382607872989e-05,2.596193603563935311e-05,2.714943278580172714e-05,2.640598650554861537e-05,2.668485881388494411e-05,2.604862947655692048e-05,2.742897199598456022e-05,2.669416285533821241e-05,2.730984068747103558e-05,2.608595515904092976e-05,2.566473349125789161e-05,2.755898002631252644e-05,2.690893625596061826e-05,2.574112664676566549e-05,2.532545276051994162e-05,2.659871649548866028e-05,2.645950184655994618e-05,2.646912392493407611e-05,2.652024436402619639e-05,2.644520870404883643e-05,2.678621780798031801e-05,2.595297440818232371e-05,2.597045517084505301e-05,2.600809938702662951e-05,2.573376513686006514e-05,2.499364860373883221e-05,2.508641938761084139e-05,2.558574229396848613e-05,2.536244062017806159e-05,2.523291092695359339e-05,2.660481918657929995e-05,2.621591638104838086e-05,2.488771628865617648e-05,2.592474591836991545e-05,2.538067469631310875e-05,2.545348859131090527e-05,2.462700882015247703e-05,2.520637329715492210e-05,2.501784211666579276e-05,2.557009489092257058e-05,2.544532658083471666e-05,2.466352499435230312e-05,2.468885570755194065e-05,2.336246047056774703e-05,2.210198249491536449e-05,2.314098663970752106e-05,2.184752323079341177e-05,2.320764704958805627e-05,2.471372307415209987e-05,2.328297580209772621e-05,2.373643713981378564e-05,2.370539624113416355e-05,2.366406775481345049e-05,2.340105975741991055e-05,2.371784733577913778e-05,2.427252702079304506e-05,2.475679102087135794e-05,2.326126276467824086e-05,2.283806134623283591e-05,2.479418306919124905e-05,2.370862352022407333e-05,2.406626803058089408e-05,2.269763433269972607e-05,2.189818499407642633e-05,2.183368139352770789e-05,2.197775619340506693e-05,2.111860337755887106e-05,2.044432789429790132e-05
2.683615888586795176e-05,2.826222418723920547e-05,2.685542711160753541e-05,2.896551255794349437e-05,2.794815530515530974e-05,2.755593834538610595e-05,2.806885397551259502e-05,2.837288695162362256e-05,2.861515765765848689e-05,2.253623762882326099e-05,2.670656586868337399e-05,2.814624421224721064e-05,2.820357196181412729e-05,2.793065579732108874e-05,2.841714581840336151e-05,2.656829088428496876e-05,2.797635896936563030e-05,2.865741352336316567e-05,2.809511835464005794e-05,2.802285687155736183e-05,2.791612741881791660e-05,2.833597658039836511e-05,2.904461138406449767e-05,2.841805968400789323e-05,2.875115638983970377e-05,2.766554425182231417e-05,2.808113691349089786e-05,2.777006238966527591e-05,2.795465871831729574e-05,2.783506469358316973e-05,2.805374418972168447e-05,2.854837442436295244e-05,2.842918344506654930e-05,2.815974939100135361e-05,2.699167005139854441e-05,2.791916014310974267e-05,2.717896829844424351e-05,2.826608130160536102e-05,2.743435189582662110e-05,2.685786989488599669e-05,2.709859785868084308e-05,2.663527646021843828e-05,2.675269626690448413e-05,2.553025124690496886e-05,2.505978862881766040e-05,2.413677418902724159e-05,2.390245292594602534e-05,2.525990258750051467e-05,2.536582123049262126e-05,2.600909125501985178e-05,2.525575690413026862e-05,2.685269072985564995e-05,2.673019613458596559e-05,2.743794464244129089e-05,2.698790992996939650e-05,2.804709110356232396e-05,2.740537782012282637e-05,2.661844594770440095e-05,2.739360304778756903e-05,2.602548831310664098e-05,2.718202429060609843e-05,2.677225945894269726e-05,2.694818465193957562e-05,2.705604806169299871e-05,2.635289976593952770e-05,2.746823939048332613e-05,2.745871929918412295e-05,2.774988163665349179e-05,2.607570335842284537e-05,2.735257684446556735e-05,2.682126965037261401e-05,2.684206300799022832e-05,2.742226821592469614e-05,2.559347426581396221e-05,2.685632529680369971e-05,2.596041954556819366e-05,2.632852162939990120e-05,2.551755808245408636e-05,2.699051377091354277e-05,2.624905979674608210e-05,2.678440667051586212e-05,2.569856489238639104e-05,2.499837745695694964e-05,2.697882605418761928e-05,2.630341778736485590e-05,2.540206308958162248e-05,2.492990013653749960e-05,2.609640663896434476e-05,2.608155914336143319e-05,2.606790397429861736e-05,2.613460119654774247e-05,2.605829491873411458e-05,2.615229547904730309e-05,2.549680839638483073e-05,2.555189741952426527e-05,2.562473219516341093e-05,2.522791976191346945e-05,2.446313861014931805e-05,2.459236947943857518e-05,2.502630412254278625e-05,2.496067759795465239e-05,2.467379959262066359e-05,2.600975557354734345e-05,2.565877653104530056e-05,2.441834787430827709e-05,2.538364404236429769e-05,2.482191568759054982e-05,2.513885256496451416e-05,2.406120119200147320e-05,2.477449866515901461e-05,2.440532614575214684e-05,2.502223357405427187e-05,2.492768416178551701e-05,2.417000806974594908e-05,2.416905718361922405e-05,2.300024866266309567e-05,2.174981734793148810e-05,2.257751021526558266e-05,2.135761469801700761e-05,2.277085170624692186e-05,2.420033433191768937e-05,2.252918559874025499e-05,2.324681319460476388e-05,2.335089998277705580e-05,2.321678686615929281e-05,2.300827297893221781e-05,2.332589276001707421e-05,2.382065734861406111e-05,2.439152378894111507e-05,2.300966220528379851e-05,2.251849597338327071e-05,2.422091159717119476e-05,2.337843318809312891e-05,2.372633096413645048e-05,2.218335204365462843e-05,2.150582884660376235e-05,2.146966507409717138e-05,2.172129459706311801e-05,2.071533139196376060e-05,1.998631608650401476e-05
2.106102320547378093e-05,2.268783402102634561e-05,2.251947983110240832e-05,2.288761680215681439e-05,2.373423632578849457e-05,2.338496371446474497e-05,2.263368537160663420e-05,2.245808692807575458e-05,2.253623762882326099e-05,3.109705496398262870e-05,2.381711990446997834e-05,2.370920322628904787e-05,2.327659390686022354e-05,2.323624514108712637e-05,2.393546720308672128e-05,2.278683315808575054e-05,2.053370383619103511e-05,2.252096377892568983e-05,2.376171143294862251e-05,2.395193477378557308e-05,2.254786126792768990e-05,2.423711768240133859e-05,2.597985210608293530e-05,2.432289387259971658e-05,2.333299262264643836e-05,2.341430791296088892e-05,2.399006650136537063e-05,2.391893421692253434e-05,2.404622821507938543e-05,2.387819205555851999e-05,2.380300004325473250e-05,2.384344705015729112e-05,2.415669196788497629e-05,2.400832144396854419e-05,2.249432326221965071e-05,2.434652995455048225e-05,2.397373456084528860e-05,2.423921202138052387e-05,2.339439548414329440e-05,2.326784797560245841e-05,2.345092511541985132e-05,2.241024415409134408e-05,2.269927258266838898e-05,2.169263255652361839e-05,2.120749690583908939e-05,1.985180481659434346e-05,2.115946448496325004e-05,2.124927530479781798e-05,2.241232667861151810e-05,2.217851950137003295e-05,2.244432441090681973e-05,2.355846530602115124e-05,2.373291849676131024e-05,2.411930714811965582e-05,2.362385503783594480e-05,2.528213175775893183e-05,2.445983705178446076e-05,2.443788306711425790e-05,2.428863421019265178e-05,2.345429616399185928e-05,2.463950065869811927e-05,2.434702545794918715e-05,2.447429625277057212e-05,2.370577312955697449e-05,2.453661454822225096e-05,2.485808545070638441e-05,2.427072661112534611e-05,2.573921614144804399e-05,2.427645427262774006e-05,2.400368178099291554e-05,2.430931801756760265e-05,2.484859729321074753e-05,2.487636070867258709e-05,2.331524120671764417e-05,2.381021014225653584e-05,2.349488543268264061e-05,2.392770571205662247e-05,2.399721378174709692e-05,2.464393981939546125e-05,2.306279768025404776e-05,2.423259641636920430e-05,2.447683686447720556e-05,2.403038891206315980e-05,2.498901160995836698e-05,2.415917410204466759e-05,2.350994139878546512e-05,2.371928632680899419e-05,2.414994793607324637e-05,2.446026901637107548e-05,2.386663957987678330e-05,2.481176211028066539e-05,2.410943258995759816e-05,2.380258585898972572e-05,2.386248573877969674e-05,2.425140489891372260e-05,2.442997808256490384e-05,2.420402006955631484e-05,2.371694765807033059e-05,2.401630479104875188e-05,2.418424001710955804e-05,2.343805454768968692e-05,2.445033251224245949e-05,2.491209546100642754e-05,2.430162961693408956e-05,2.330401669722162098e-05,2.386074109127540532e-05,2.480720844584046790e-05,2.352654070685769713e-05,2.320468329505626163e-05,2.404564877352829573e-05,2.374269634551727994e-05,2.312481832013303122e-05,2.367720742351842863e-05,2.305935496634070814e-05,2.317194274771276993e-05,2.223698022596877236e-05,2.161036859644365534e-05,2.298668469860152706e-05,2.155124246715574269e-05,2.197026879602125994e-05,2.312609330535699996e-05,2.195732771052448509e-05,2.255225493507818173e-05,2.190587407594274668e-05,2.235173687152590437e-05,2.156090833971466666e-05,2.075658928481997545e-05,2.160773576671817315e-05,2.171720392854129561e-05,2.030912529882533636e-05,2.082101521492347399e-05,2.261569456292867561e-05,2.127588723135573503e-05,1.999608016815712284e-05,1.996350400995224798e-05,1.966664974796514579e-05,1.910488672855485990e-05,1.952706495385415905e-05,1.789262469612663928e-05,1.689078778935813378e-05
2.558238771425494100e-05,2.708452009384860036e-05,2.578107033057923004e-05,2.778230190779099599e-05,2.667782796746837883e-05,2.683747405438922966e-05,2.693622732639857129e-05,2.721780201539387615e-05,2.670656586868337399e-05,2.381711990446997834e-05,2.872406309226583571e-05,2.692870706590179012e-05,2.683359445259836422e-05,2.686581060425460906e-05,2.744814906913147122e-05,2.590940858664053656e-05,2.689084313336103570e-05,2.744915245831404746e-05,2.721175546415970244e-05,2.720119852052221133e-05,2.668755489495465202e-05,2.733705342605450721e-05,2.792075606413235933e-05,2.745123883417445820e-05,2.775658228748293684e-05,2.651293669490061562e-05,2.726255149908697590e-05,2.677858393870196808e-05,2.680002656632349297e-05,2.682027644959026434e-05,2.697338005300513675e-05,2.748627116538829776e-05,2.739080162843011989e-05,2.708043413781687392e-05,2.591784305755041225e-05,2.693537963623422483e-05,2.634428638677744228e-05,2.746801504503739873e-05,2.654924313402454007e-05,2.567647771909193854e-05,2.606615233656125365e-05,2.570350385120152877e-05,2.551141924916897129e-05,2.447377672284567964e-05,2.383613493774335563e-05,2.301655849980510006e-05,2.305559539157358686e-05,2.399167568181377459e-05,2.451340731603713781e-05,2.489488400162758128e-05,2.455881548185540075e-05,2.603248150234446990e-05,2.605285006356178174e-05,2.664850612015914232e-05,2.622920860000190859e-05,2.740332977817364947e-05,2.657975686318939820e-05,2.614842365546603939e-05,2.667868833663925840e-05,2.550289257123607281e-05,2.663147168600208528e-05,2.606856228263137659e-05,2.628915878372628829e-05,2.630998652242778606e-05,2.577596870815769190e-05,2.687062268125095413e-05,2.675699077297431298e-05,2.710287391416514027e-05,2.561917174137573889e-05,2.662069755938424725e-05,2.610501422137413420e-05,2.618214656432167806e-05,2.675388302163494427e-05,2.488298975848724886e-05,2.617824346384475627e-05,2.555778159781441324e-05,2.562725224177786690e-05,2.524457344512441115e-05,2.660345529860075447e-05,2.565654710061624451e-05,2.644224452165589223e-05,2.524912153924908497e-05,2.481057387925838899e-05,2.677188964612601922e-05,2.582090070043831242e-05,2.485671629913239157e-05,2.455878231526256977e-05,2.585870154077878617e-05,2.574401705246460344e-05,2.557486144329519577e-05,2.563290954614326752e-05,2.570896394816736601e-05,2.573835185788515376e-05,2.513661406016503907e-05,2.522610851408010215e-05,2.521947943915724591e-05,2.487503740160440830e-05,2.422283899981230216e-05,2.435365957333711834e-05,2.485103449784307206e-05,2.463787817621193661e-05,2.469265898392245350e-05,2.579310796270878223e-05,2.537844763053277543e-05,2.414981824346058921e-05,2.524259068942116336e-05,2.464313693388872861e-05,2.451442099503402987e-05,2.393394838726127405e-05,2.451466988115119666e-05,2.431683560502065505e-05,2.474024398050999999e-05,2.466162257687894583e-05,2.423549429556308256e-05,2.406594517703702395e-05,2.282858125617179780e-05,2.173354812670704109e-05,2.267823001601288805e-05,2.131724452460005757e-05,2.269026224227400275e-05,2.409303270218858068e-05,2.264657060621097943e-05,2.353015967774994496e-05,2.354570068396274080e-05,2.334430024613327946e-05,2.283769735775652022e-05,2.304298195967957174e-05,2.351283323003046529e-05,2.390787727919443186e-05,2.252390949058232747e-05,2.240811854902465805e-05,2.461168398294916553e-05,2.287159472660754226e-05,2.355225006377777744e-05,2.227882628783262937e-05,2.121701659825121956e-05,2.133059400799647447e-05,2.151556372753832640e-05,2.004610511887527170e-05,1.987486878975140657e-05
2.690723318763972826e-05,2.857185750363315510e-05,2.733971429552012908e-05,2.923715018285456404e-05,2.855112810626426602e-05,2.786141237752008085e-05,2.843201710029458752e-05,2.850521228897415560e-05,2.814624421224721064e-05,2.370920322628904787e-05,2.692870706590179012e-05,2.925385489354257642e-05,2.861701880403893367e-05,2.843665917654141851e-05,2.894518637877415402e-05,2.764647816184636315e-05,2.854238722043600884e-05,2.843056627369068264e-05,2.849276046331853141e-05,2.859796325827139608e-05,2.846695461998795568e-05,2.880593550968979456e-05,2.948938397574625729e-05,2.895937259989092482e-05,2.915929458346621880e-05,2.828989231869960544e-05,2.863610391888004708e-05,2.834492138160018195e-05,2.859081126351516270e-05,2.858984076757182223e-05,2.841430793251522344e-05,2.903559071836163551e-05,2.887705603356639241e-05,2.879888158851284818e-05,2.755240698373230855e-05,2.868196206693397011e-05,2.782549218524437551e-05,2.890082559945075761e-05,2.804849417506360856e-05,2.739846264731511918e-05,2.777690197398368502e-05,2.722617265300668151e-05,2.722866988797895452e-05,2.617743738928169126e-05,2.561948883177100404e-05,2.454372187399160135e-05,2.470591418300624724e-05,2.582125446182016791e-05,2.614565124606746087e-05,2.665676283201143257e-05,2.610798807778420301e-05,2.771331105156113966e-05,2.758793083464651611e-05,2.823171811267982599e-05,2.774058780392929839e-05,2.911885809470803974e-05,2.829204636958742612e-05,2.770086557199610982e-05,2.826732481953475636e-05,2.707925911110406952e-05,2.814251956067178112e-05,2.769956358632794631e-05,2.794686927487542228e-05,2.790938127383719902e-05,2.745485041227534715e-05,2.849734052004206314e-05,2.838309539693790011e-05,2.868239706066043069e-05,2.723209316798964281e-05,2.821397178723381903e-05,2.777249128684477773e-05,2.798894508497321574e-05,2.856344513073156796e-05,2.656696577061297662e-05,2.788001701193786608e-05,2.689213200557575745e-05,2.722291620181495800e-05,2.665266620477479588e-05,2.792474666121621895e-05,2.721393306893819965e-05,2.779563653950039740e-05,2.677685279540994466e-05,2.626664982504677825e-05,2.811431872055201439e-05,2.749563020687838534e-05,2.634116236726888539e-05,2.621958986818730922e-05,2.713490836113995289e-05,2.714231389054855498e-05,2.704091843960552884e-05,2.724479143283120599e-05,2.728663776600523188e-05,2.713618808627476784e-05,2.672440275968304381e-05,2.652402511113646273e-05,2.674161593323132893e-05,2.649049435256050345e-05,2.596094561197390862e-05,2.583566294548410853e-05,2.625260547700218310e-05,2.613013573460293176e-05,2.602847839632127779e-05,2.724360956676582081e-05,2.696511088346568871e-05,2.555543587635678579e-05,2.661606443518422951e-05,2.619343408148459186e-05,2.625023463502840801e-05,2.525628024486530835e-05,2.605601325033271503e-05,2.553722349167319959e-05,2.591812846328878201e-05,2.598944366096559905e-05,2.523342143192138044e-05,2.541488337087738044e-05,2.401634807796153629e-05,2.321350676237576873e-05,2.397277569386323083e-05,2.277170637340741454e-05,2.377187911867891898e-05,2.533128948477607404e-05,2.375198894498504966e-05,2.440512077195959980e-05,2.416628589784929808e-05,2.420093147514376411e-05,2.404268252109617701e-05,2.401913688680387863e-05,2.459544729525885344e-05,2.518130218383773483e-05,2.335103211282265210e-05,2.338519339843180822e-05,2.494210072229715387e-05,2.412644520825006999e-05,2.403208697216720983e-05,2.289869999355248159e-05,2.229360609977472057e-05,2.215334768791030887e-05,2.249474153543046676e-05,2.139346331584192305e-05,2.053296633424667359e-05
2.692994634491532990e-05,2.856932680294335650e-05,2.724415381609464253e-05,2.928099338569666653e-05,2.837484591310973460e-05,2.784979594636398452e-05,2.841258226575301316e-05,2.851809541003207527e-05,2.820357196181412729e-05,2.327659390686022354e-05,2.683359445259836422e-05,2.861701880403893367e-05,2.907517933245913917e-05,2.824915987199704958e-05,2.883709955219046771e-05,2.701870282894077224e-05,2.835435889104340960e-05,2.864888082270718902e-05,2.853892747485602417e-05,2.855811403362711162e-05,2.836108238161487791e-05,2.879671716779014034e-05,2.927624027642199790e-05,2.876541473239001504e-05,2.903952542063623001e-05,2.821845796992494940e-05,2.857984632099996034e-05,2.824907007773049060e-05,2.849089606215974760e-05,2.833501276226943027e-05,2.839465413392920930e-05,2.900093374276926201e-05,2.884857630925772052e-05,2.867618346338880319e-05,2.741075163907739150e-05,2.843846827952263917e-05,2.761920889488981410e-05,2.867830443702751018e-05,2.797675066193029800e-05,2.731021946314359563e-05,2.761324757989233573e-05,2.706052222563069479e-05,2.714777595194053865e-05,2.596801066217820826e-05,2.548738346996167820e-05,2.452095676433706725e-05,2.442752748427309324e-05,2.565364034834571538e-05,2.596662451032483363e-05,2.642261390116372512e-05,2.592128815856036220e-05,2.750062238832913505e-05,2.720942733542290370e-05,2.805244791569582103e-05,2.747795010216079291e-05,2.876139052952704961e-05,2.795641046851442087e-05,2.743165697700105580e-05,2.798138607215807389e-05,2.671007460792892852e-05,2.790000418485489642e-05,2.734623321332301104e-05,2.758601017521165912e-05,2.762114511866072222e-05,2.704100121505965295e-05,2.817779908403917727e-05,2.809714535341400300e-05,2.835413692278527750e-05,2.683656647796246416e-05,2.790332086737507268e-05,2.738292075660328262e-05,2.757739716236031182e-05,2.819108328102286733e-05,2.621262388907676926e-05,2.748557250242008291e-05,2.664297486516982449e-05,2.696990717945820735e-05,2.616359844698452013e-05,2.760946374617526984e-05,2.697015579968869962e-05,2.743060600925626864e-05,2.631563231432688631e-05,2.580141139474910369e-05,2.774753077982157774e-05,2.703126074615952635e-05,2.603381666781911060e-05,2.570304459788237128e-05,2.671311769567463762e-05,2.664925849787926559e-05,2.671157371971455386e-05,2.676718397687733516e-05,2.671672254812387136e-05,2.676621724831827723e-05,2.623819398938118759e-05,2.622056986986815203e-05,2.621573512376255499e-05,2.589817867397148379e-05,2.517804522728229915e-05,2.538435500623605035e-05,2.581472796588632601e-05,2.551125428224214722e-05,2.535867344529958381e-05,2.689924114763576278e-05,2.634512369503902668e-05,2.512891972670286186e-05,2.608595406209388958e-05,2.558162136402910235e-05,2.563158077376978013e-05,2.472609996616867431e-05,2.552118928703672005e-05,2.500833900050954700e-05,2.549325589934867576e-05,2.556178047950647130e-05,2.480199856874826359e-05,2.493772929043135096e-05,2.346238441646079803e-05,2.238097579696437535e-05,2.323069034143327238e-05,2.196935836870086032e-05,2.330051365558523626e-05,2.489619827457919949e-05,2.304959499747346674e-05,2.391989547454996895e-05,2.388801255662502989e-05,2.386154703471852226e-05,2.360351954954021127e-05,2.377426490544857978e-05,2.449926241832941031e-05,2.492785295888002705e-05,2.356848883378440015e-05,2.308228558395402757e-05,2.457745382039597132e-05,2.410070660585350306e-05,2.409516172051317002e-05,2.281038055813341039e-05,2.214058511909258340e-05,2.220731273258683881e-05,2.216101776734833622e-05,2.125394461695410297e-05,2.054834407218121174e-05
2.689202720899558453e-05,2.831115114171849886e-05,2.703981512751418224e-05,2.900345630198885590e-05,2.822948938663445470e-05,2.765325871689203386e-05,2.817789335970944872e-05,2.823836701675232653e-05,2.793065579732108874e-05,2.323624514108712637e-05,2.686581060425460906e-05,2.843665917654141851e-05,2.824915987199704958e-05,2.873163012420718672e-05,2.862586948118152292e-05,2.739873646650531431e-05,2.823520918782089422e-05,2.834880419884527677e-05,2.826014415679627232e-05,2.835481643459503650e-05,2.827955388781209237e-05,2.852371294062091506e-05,2.908232141095404513e-05,2.874347662137341698e-05,2.890370268905595398e-05,2.796347012206135975e-05,2.842777204824668415e-05,2.797875120174964111e-05,2.820927345929450216e-05,2.823530172873511620e-05,2.805561988759325021e-05,2.864742064706334661e-05,2.864606952503596623e-05,2.856745393703012870e-05,2.719900544036867385e-05,2.835253201636287157e-05,2.753650320511305793e-05,2.851206912211857927e-05,2.775645884086620798e-05,2.704112993963905633e-05,2.739445367727329225e-05,2.703981084704377798e-05,2.699925043433731010e-05,2.587064439006963245e-05,2.542869874837090245e-05,2.443133142405711018e-05,2.422141431847203827e-05,2.545224877580386436e-05,2.583476001478391922e-05,2.624678233052325213e-05,2.579984580663641420e-05,2.731995714860978086e-05,2.734604318665312525e-05,2.789735718761139150e-05,2.747048784823353355e-05,2.861510595056266073e-05,2.786523666860786988e-05,2.722204547663602836e-05,2.800812823590798672e-05,2.655099435831627242e-05,2.768296381791654327e-05,2.719945228648256667e-05,2.749823649601279934e-05,2.759291373237692793e-05,2.696058638159838080e-05,2.809415261542044264e-05,2.804281159214250732e-05,2.832380436615950111e-05,2.682632478722389997e-05,2.780406571279898207e-05,2.725315856284869106e-05,2.750181482146977393e-05,2.809385716138994898e-05,2.607389768032334761e-05,2.744162155067782585e-05,2.661209063710790135e-05,2.682784592387095894e-05,2.602582542089766372e-05,2.735383237970122425e-05,2.682696915837908208e-05,2.738202210407764527e-05,2.635591091689202368e-05,2.597147155681211827e-05,2.758348784389174136e-05,2.698417283244708564e-05,2.585356369693504446e-05,2.561196352224915832e-05,2.666385177358784178e-05,2.681527992247148347e-05,2.651579797029263245e-05,2.665840882508342400e-05,2.669196089795206029e-05,2.684559263703600437e-05,2.623530308681396283e-05,2.619112954719541344e-05,2.629324840212771152e-05,2.614050605264685301e-05,2.536622351904981379e-05,2.538510781018841106e-05,2.605493554216719134e-05,2.571579629542874196e-05,2.565431736897632963e-05,2.677883834145814001e-05,2.658365941443942000e-05,2.523983383930188316e-05,2.627049030097040780e-05,2.577640934133396998e-05,2.584905246970399601e-05,2.482771246739902697e-05,2.552551275794703390e-05,2.509441037019451514e-05,2.549999967717183017e-05,2.573684024926098992e-05,2.497618637415442402e-05,2.500334385457359294e-05,2.365472390114840024e-05,2.270554740995772580e-05,2.366841706638911266e-05,2.247595093994657589e-05,2.362436710901451596e-05,2.487138356851242794e-05,2.330390684212559616e-05,2.410261007014980768e-05,2.406137659236236867e-05,2.392671984949385692e-05,2.372996122172373339e-05,2.389988402410882524e-05,2.439677388287593524e-05,2.499052615612453530e-05,2.326335438613199932e-05,2.300884988102063863e-05,2.465393389486551256e-05,2.403595131170505246e-05,2.393298963781328103e-05,2.288349583180157202e-05,2.204296319706049840e-05,2.190265796474973590e-05,2.224859820928363371e-05,2.117041636115381541e-05,2.046891533502152825e-05
2.715921941454216743e-05,2.872233725691557474e-05,2.730027419068898245e-05,2.945453742175108266e-05,2.856416360093236149e-05,2.825540037089380356e-05,2.852743029517058833e-05,2.881800786311695438e-05,2.841714581840336151e-05,2.393546720308672128e-05,2.744814906913147122e-05,2.894518637877415402e-05,2.883709955219046771e-05,2.862586948118152292e-05,2.986241470754235418e-05,2.742254164759347915e-05,2.838825371042798178e-05,2.892987597637258171e-05,2.895887417325313586e-05,2.886513356674644100e-05,2.855025760332494185e-05,2.914765164492493792e-05,2.988599204519679675e-05,2.924855595665409123e-05,2.951646592021896421e-05,2.834880047841809863e-05,2.890294671030753490e-05,2.864614115612246895e-05,2.879675425689400285e-05,2.876484802883570602e-05,2.879888355700578275e-05,2.931261324430468846e-05,2.920261734289269665e-05,2.911801697495820400e-05,2.767211995907171385e-05,2.893772109871632986e-05,2.811017955401921237e-05,2.911549584588414254e-05,2.834078860129528440e-05,2.763252083851397591e-05,2.812116986281729399e-05,2.758050810589319932e-05,2.753185818781267119e-05,2.635380486988454356e-05,2.585641192311726372e-05,2.484497531321864361e-05,2.489048567332733416e-05,2.602206138207502695e-05,2.636000088965594505e-05,2.695133116625710962e-05,2.634518330046519872e-05,2.796786406545197245e-05,2.792532842145531216e-05,2.857310672795362232e-05,2.810806017420329302e-05,2.933974959075863676e-05,2.858051389298355029e-05,2.791915958127390006e-05,2.850691320112452284e-05,2.710382111377047075e-05,2.837583145304647323e-05,2.787019123539780316e-05,2.816886706173275088e-05,2.815948986217367499e-05,2.760173202844889366e-05,2.870351570520998056e-05,2.860335651559812081e-05,2.898769358304862859e-05,2.734731348653909655e-05,2.849352118029788982e-05,2.793850694535961158e-05,2.819369545643780547e-05,2.877425361918343043e-05,2.678396160352228419e-05,2.802990450195136374e-05,2.709051347478349153e-05,2.741181017678764612e-05,2.685463029044677166e-05,2.821609885562186842e-05,2.735481484532373915e-05,2.810955120610319276e-05,2.678978926908540852e-05,2.631881377442336708e-05,2.839866464301552554e-05,2.777583856601581455e-05,2.656865014280338706e-05,2.632644148031976485e-05,2.722533603848868941e-05,2.740190339915374697e-05,2.727184913076839489e-05,2.734858960146753937e-05,2.726426925299981467e-05,2.735356802846108387e-05,2.684167432318004039e-05,2.694114159783489950e-05,2.686099843691062969e-05,2.647735866559158501e-05,2.583806469473867037e-05,2.590156804858033662e-05,2.654746678057560264e-05,2.624163007294083789e-05,2.619102744447869015e-05,2.748010768494616634e-05,2.721188191658340953e-05,2.592673511900647505e-05,2.677811666667925054e-05,2.629642176789283816e-05,2.640147701948519164e-05,2.559495510625396604e-05,2.608275243654586213e-05,2.582013141467263495e-05,2.608056315610891867e-05,2.622341015972422804e-05,2.547923768461818057e-05,2.541538694035743378e-05,2.424234944022470064e-05,2.317462989632863103e-05,2.401712416711493484e-05,2.274081180082668769e-05,2.401923480525117860e-05,2.547368692757566504e-05,2.380353977988823561e-05,2.468009668691963074e-05,2.449941114880940584e-05,2.463068014599020079e-05,2.417319675697656350e-05,2.438708986690247562e-05,2.496549003473566181e-05,2.560326351015480641e-05,2.373422393020030709e-05,2.365428589392856433e-05,2.523490168248811752e-05,2.428492392633142447e-05,2.447882148423558417e-05,2.302850116917525212e-05,2.242891477966516738e-05,2.243439415991025927e-05,2.255901503150875120e-05,2.165188324636982111e-05,2.063559977899949473e-05
2.585175824310468375e-05,2.728951094652581083e-05,2.593774938903229332e-05,2.799289383020824216e-05,2.743732436862290227e-05,2.657064835469594518e-05,2.682547834287709294e-05,2.695544338734898713e-05,2.656829088428496876e-05,2.278683315808575054e-05,2.590940858664053656e-05,2.764647816184636315e-05,2.701870282894077224e-05,2.739873646650531431e-05,2.742254164759347915e-05,3.132011714750785198e-05,2.817935770571721173e-05,2.701100036222790318e-05,2.701206953839565284e-05,2.745130228509106430e-05,2.731035901207366502e-05,2.723926286148392018e-05,2.811303232077098162e-05,2.773409526045851704e-05,2.782171387533780054e-05,2.693602675377078650e-05,2.740869964192062372e-05,2.691137608449067816e-05,2.724993865213119334e-05,2.733034385215146487e-05,2.680078305701425129e-05,2.745543091496176766e-05,2.721363734600411357e-05,2.741736115263279202e-05,2.627364844116001740e-05,2.747032431084656931e-05,2.647945839473152727e-05,2.765278253146785274e-05,2.687227022566874868e-05,2.596127356148831286e-05,2.645806153807751031e-05,2.594280706233355525e-05,2.592547817272732879e-05,2.508050739398177034e-05,2.461303808688682058e-05,2.344593913085033608e-05,2.355171335951031282e-05,2.460231860358076618e-05,2.496263232175228332e-05,2.524151375014736825e-05,2.478571288777751396e-05,2.633807683439742353e-05,2.669699320759168806e-05,2.710611326686406935e-05,2.669867856365424838e-05,2.744517853481236356e-05,2.695355601346251657e-05,2.653779826568623921e-05,2.727747231857355131e-05,2.572315738535072791e-05,2.654912620140056624e-05,2.635874232898443266e-05,2.658537212940201416e-05,2.649946214479785510e-05,2.629566996506684431e-05,2.722827098779037464e-05,2.707391349083303542e-05,2.733448535997476522e-05,2.602683574223951704e-05,2.700717607009769103e-05,2.650143153395512790e-05,2.678700299553178708e-05,2.728143465856037027e-05,2.534883464856284470e-05,2.673013723032979805e-05,2.578956433415805801e-05,2.595894942964807107e-05,2.540330036754988755e-05,2.663899411478114042e-05,2.623141411753536164e-05,2.685654775594523115e-05,2.606599383253557686e-05,2.502205979558328177e-05,2.701334099529333253e-05,2.640887639476864791e-05,2.494261302482200533e-05,2.507220757136849310e-05,2.562640924552381656e-05,2.621664143560124296e-05,2.550543511333355098e-05,2.603493161247335110e-05,2.593937358831513660e-05,2.611295843176962789e-05,2.550630735144988984e-05,2.564521861012258777e-05,2.546267900328855991e-05,2.574052982560789390e-05,2.518755734600867119e-05,2.493087051129429471e-05,2.522943737243572206e-05,2.525152245804978724e-05,2.523142520408013599e-05,2.623442606587932091e-05,2.609895915493234798e-05,2.463355492782650215e-05,2.565568532595518283e-05,2.501268725104265558e-05,2.509995895070611609e-05,2.402616527246445596e-05,2.471600221289221809e-05,2.445644051516864497e-05,2.484818206323540169e-05,2.484868764201092551e-05,2.391253618146193198e-05,2.455058361130254492e-05,2.276212622604817859e-05,2.229315978333043833e-05,2.295180474471813364e-05,2.157830676266292219e-05,2.277978156279246436e-05,2.431328996268099121e-05,2.291317587441894652e-05,2.339269343796677916e-05,2.316900475392298490e-05,2.306371584271306750e-05,2.307941564393188759e-05,2.311801262206359252e-05,2.334084431015051459e-05,2.408034167181199770e-05,2.235352099875543023e-05,2.236644286519109213e-05,2.425364291210649998e-05,2.344870238158713329e-05,2.277012629650698521e-05,2.176396187508233181e-05,2.144286332848402860e-05,2.125129216169382160e-05,2.120564433027224694e-05,2.075027190315666681e-05,1.918990911547833474e-05
2.716330494765654019e-05,2.868790912864747398e-05,2.723023899554773627e-05,2.946118578830068970e-05,2.819044336672723569e-05,2.747635895606806485e-05,2.855517449370840278e-05,2.868538814550808543e-05,2.797635896936563030e-05,2.053370383619103511e-05,2.689084313336103570e-05,2.854238722043600884e-05,2.835435889104340960e-05,2.823520918782089422e-05,2.838825371042798178e-05,2.817935770571721173e-05,3.170315216286080727e-05,2.864875401095770953e-05,2.789953442883861791e-05,2.824984252458236799e-05,2.842991783819530041e-05,2.806345815753731159e-05,2.825653828615882606e-05,2.858118775163929492e-05,2.896468261410541716e-05,2.791067204930764152e-05,2.808812834250893229e-05,2.776627923450006652e-05,2.810183335519165815e-05,2.789818111301735440e-05,2.779163752948902102e-05,2.828933049471346793e-05,2.826913772552647888e-05,2.819850077140916247e-05,2.723263610105774513e-05,2.800693537851890901e-05,2.696932717192886380e-05,2.833484380601209652e-05,2.745890961996529152e-05,2.678249866461025424e-05,2.703470011076136264e-05,2.670308999970759863e-05,2.662730078322250791e-05,2.577936977914248851e-05,2.523276126362570306e-05,2.435104119566649118e-05,2.392297853933094052e-05,2.518737090553292205e-05,2.554323704812133853e-05,2.599575039242048392e-05,2.535123381857400809e-05,2.695514106847523203e-05,2.669728318758868648e-05,2.737894903369093242e-05,2.702302468895255129e-05,2.812456135035253747e-05,2.721939243118824797e-05,2.678405048202405454e-05,2.759786762727394746e-05,2.612706658971419694e-05,2.709844461216161904e-05,2.649109292802606416e-05,2.687597197600936208e-05,2.717509567617509871e-05,2.618932084684090270e-05,2.740886677701999711e-05,2.745021435402281607e-05,2.738210711201139887e-05,2.600799809913787816e-05,2.714955504348007343e-05,2.668383592061589806e-05,2.681561595358327040e-05,2.763858724736184143e-05,2.543195819629381218e-05,2.682154530515325886e-05,2.588374028883753058e-05,2.585775656426792624e-05,2.521186624553038092e-05,2.675495567020371056e-05,2.635731172539928637e-05,2.653673922443125534e-05,2.541511736771303825e-05,2.473547104729560716e-05,2.657798980372375817e-05,2.632714924583274405e-05,2.471168310118045325e-05,2.457231486969372149e-05,2.562259643689165919e-05,2.561918785821203529e-05,2.585637150235908232e-05,2.567164843529016514e-05,2.575278542544270189e-05,2.581875336640744451e-05,2.532872717614007528e-05,2.522080900734534651e-05,2.514014189293566732e-05,2.484797159994446200e-05,2.423672961844031064e-05,2.418547786439657161e-05,2.444805177313970373e-05,2.443882708417424918e-05,2.411226874416220729e-05,2.539136867257337055e-05,2.535994366419597469e-05,2.400396726171038090e-05,2.485010991101548075e-05,2.416524444452893922e-05,2.477920075564414500e-05,2.323536237681056248e-05,2.408917408875730815e-05,2.381638845785477430e-05,2.453291904091581014e-05,2.461817636694144077e-05,2.352448858251628957e-05,2.403863292612927832e-05,2.230372456668513697e-05,2.134001414563843561e-05,2.188350896814459458e-05,2.105970207356955463e-05,2.191654561500831460e-05,2.379126643256760415e-05,2.195493297085646171e-05,2.295398554431211642e-05,2.309748401107820492e-05,2.238467663446749856e-05,2.259292863402073752e-05,2.296071124023814282e-05,2.357196112920310297e-05,2.413859678506027158e-05,2.230737598419065546e-05,2.218627861155788396e-05,2.371835839900137660e-05,2.293510290907491443e-05,2.328661464946636453e-05,2.190484247128574944e-05,2.102112017002225611e-05,2.142012168037996626e-05,2.119288225974574910e-05,2.048039067618058498e-05,2.007722341848222248e-05
2.722256281014576889e-05,2.868121429391413829e-05,2.725397044928378328e-05,2.933923192632705235e-05,2.813997410977545351e-05,2.807229297969123625e-05,2.858190834654424523e-05,2.878016441497896176e-05,2.865741352336316567e-05,2.252096377892568983e-05,2.744915245831404746e-05,2.843056627369068264e-05,2.864888082270718902e-05,2.834880419884527677e-05,2.892987597637258171e-05,2.701100036222790318e-05,2.864875401095770953e-05,3.018772660266075386e-05,2.873757511507964014e-05,2.868298727099233579e-05,2.843218279903074924e-05,2.905961543631897998e-05,2.958043787283585793e-05,2.882049126654767022e-05,2.956920491547517351e-05,2.810357791552590517e-05,2.867180458865668325e-05,2.819630810578631572e-05,2.848600987618746144e-05,2.837259144932489203e-05,2.894534328023448409e-05,2.914988071223701053e-05,2.912639431028658622e-05,2.899413694028839746e-05,2.764903783571189479e-05,2.863711141361774919e-05,2.786278354959225285e-05,2.889611065795519334e-05,2.810615495831591854e-05,2.754042534884337359e-05,2.790488737426272294e-05,2.724241483040051027e-05,2.727751663761161479e-05,2.608131658033822456e-05,2.564316002326266821e-05,2.467270353359005174e-05,2.450919259159168705e-05,2.578676529254736799e-05,2.615562043171756399e-05,2.673078004171193105e-05,2.607882022634976487e-05,2.759459677757246181e-05,2.756937340893887413e-05,2.813702313717890828e-05,2.782054776384187495e-05,2.882818912489663383e-05,2.817909865350436428e-05,2.743203219259946130e-05,2.821304741241460691e-05,2.684978108758439566e-05,2.795957170164873712e-05,2.749793162647157620e-05,2.776296096663396102e-05,2.788014545798873323e-05,2.701872300408497115e-05,2.828896157228642975e-05,2.823797403895266192e-05,2.850963577487763384e-05,2.687608531338984483e-05,2.828055539932624788e-05,2.749738722116263674e-05,2.765416018231916037e-05,2.824765263098670708e-05,2.625309931485183149e-05,2.766171264989211991e-05,2.681260667687349576e-05,2.708185854083143548e-05,2.618249499692162997e-05,2.782114090614157251e-05,2.705269188820377113e-05,2.761141486289634927e-05,2.620499403082453277e-05,2.565753705107366500e-05,2.775640900736768099e-05,2.710067844311236679e-05,2.614370307645763223e-05,2.578637056697324201e-05,2.676024938084651711e-05,2.679423570020742350e-05,2.683732541472044617e-05,2.678232572459009390e-05,2.693937571005875457e-05,2.694191866052830954e-05,2.599981133094954330e-05,2.622609301907651727e-05,2.616688356961451069e-05,2.592712125913683357e-05,2.493742294054796264e-05,2.516295315403191239e-05,2.581317988588608563e-05,2.560819452027169885e-05,2.541182668620791353e-05,2.661221422998067757e-05,2.623933219918204272e-05,2.511178808590986897e-05,2.608836861799774037e-05,2.537128545794631426e-05,2.558016248654027062e-05,2.467325164365997988e-05,2.540770337987216816e-05,2.506640497443529011e-05,2.559209543923359498e-05,2.539981612437105119e-05,2.450078744875912480e-05,2.462521061258902003e-05,2.337488039577365168e-05,2.209114425068787411e-05,2.303043154673130755e-05,2.186665703580601485e-05,2.316682374850639612e-05,2.453358280081255395e-05,2.289581060776768403e-05,2.367146830018325649e-05,2.376921055597302281e-05,2.348185096445394276e-05,2.333557566462214787e-05,2.383959152204074392e-05,2.425619868512912948e-05,2.502734203291401808e-05,2.327448198409439459e-05,2.283181612079077525e-05,2.488906473778796060e-05,2.370238188513387832e-05,2.411538446670567982e-05,2.271694416111009451e-05,2.213588196203604094e-05,2.187015071020128592e-05,2.216261553381073559e-05,2.065844065131936576e-05,2.020538682523823700e-05
2.691631223320183262e-05,2.834567097739151430e-05,2.708915969826781477e-05,2.904572810829232071e-05,2.825401739399713218e-05,2.811704885985691422e-05,2.828193518256249525e-05,2.857257647006287125e-05,2.809511835464005794e-05,2.376171143294862251e-05,2.721175546415970244e-05,2.849276046331853141e-05,2.853892747485602417e-05,2.826014415679627232e-05,2.895887417325313586e-05,2.701206953839565284e-05,2.789953442883861791e-05,2.873757511507964014e-05,2.932218681033449292e-05,2.866539110390671112e-05,2.825681357089027495e-05,2.904145348131008842e-05,2.962368766170360893e-05,2.894662808747679050e-05,2.917407076604014169e-05,2.815698593456834805e-05,2.873317139784828394e-05,2.846315101928669774e-05,2.859886717007196902e-05,2.850523341568922820e-05,2.871968831352988849e-05,2.922342717421842366e-05,2.900059103733976037e-05,2.890308158141257226e-05,2.752712436341374830e-05,2.861584998472699795e-05,2.805396744559662269e-05,2.909239859211674263e-05,2.816513213887243062e-05,2.744047408364022584e-05,2.794800346857051755e-05,2.734340445039244356e-05,2.748851512914642959e-05,2.604665419938467449e-05,2.568767944639915402e-05,2.460425443365757395e-05,2.473570120838778134e-05,2.579597581836229480e-05,2.635789291302313809e-05,2.679163626188619000e-05,2.620441308017318119e-05,2.786913467105123427e-05,2.774750271615971991e-05,2.844046180776927692e-05,2.799020663969476369e-05,2.910883821223433590e-05,2.842207216007878505e-05,2.783863081499895754e-05,2.841475523817053471e-05,2.708695792006847060e-05,2.832771448791018983e-05,2.780014999886492685e-05,2.818263904624518018e-05,2.806522930706587877e-05,2.733579752153795050e-05,2.855119272024947934e-05,2.856351672030790989e-05,2.885519398149041044e-05,2.734608687596954497e-05,2.842917903383098519e-05,2.783702023153303344e-05,2.804666457226900341e-05,2.868984666266477456e-05,2.650154032679401147e-05,2.798117647550777272e-05,2.716010435354898600e-05,2.741630232071240588e-05,2.676635791444417358e-05,2.812572155286791672e-05,2.734277910595400398e-05,2.798427996136723149e-05,2.666760840131662827e-05,2.639673205559635435e-05,2.835933232049363389e-05,2.754303873565971329e-05,2.644483128910104505e-05,2.621073427242636786e-05,2.720613933834298444e-05,2.719267321645489646e-05,2.718298901206913566e-05,2.732925038507647450e-05,2.716792251241415156e-05,2.741893171223162880e-05,2.667634768855100516e-05,2.694383526689927887e-05,2.677577244871999870e-05,2.655751491324692158e-05,2.564500388163526041e-05,2.587948891186117866e-05,2.649572855127948210e-05,2.615365739488309646e-05,2.621361624185605129e-05,2.745713730465275989e-05,2.698098319202810340e-05,2.585191988286845917e-05,2.675318404423953421e-05,2.623131221413171823e-05,2.622337688676990017e-05,2.538825913445028512e-05,2.597849901447422366e-05,2.599811401064454713e-05,2.623164963425714816e-05,2.612073160633571149e-05,2.547708353120847690e-05,2.526855710526235610e-05,2.412681675053857230e-05,2.302104536615651891e-05,2.404122044425942029e-05,2.265842054322699748e-05,2.392211249973252062e-05,2.553097616778909976e-05,2.380144832197921237e-05,2.459078189319121129e-05,2.459171052463917447e-05,2.482804129930575869e-05,2.415582031121810391e-05,2.442196038459795739e-05,2.491287792251302256e-05,2.561146391070445366e-05,2.396456937779628746e-05,2.360334560591171828e-05,2.546037963356136973e-05,2.464665217314615289e-05,2.459250919614926279e-05,2.337501838270322942e-05,2.248273109534600507e-05,2.252487989211700533e-05,2.271706006679504326e-05,2.156517364883481780e-05,2.063969392192810439e-05
2.683334431151519395e-05,2.843104935159282244e-05,2.727588647649395879e-05,2.917395658988508980e-05,2.836870662592266512e-05,2.797018291994067399e-05,2.831005234809749746e-05,2.836203156504309760e-05,2.802285687155736183e-05,2.395193477378557308e-05,2.720119852052221133e-05,2.859796325827139608e-05,2.855811403362711162e-05,2.835481643459503650e-05,2.886513356674644100e-05,2.745130228509106430e-05,2.824984252458236799e-05,2.868298727099233579e-05,2.866539110390671112e-05,2.924057137429817059e-05,2.832603367897824928e-05,2.896540751733824541e-05,2.955187013408095030e-05,2.899808077336500243e-05,2.930253782923509498e-05,2.831100891592010978e-05,2.877227238090816414e-05,2.838022225139019347e-05,2.857167595952509701e-05,2.852041353333329009e-05,2.852078829226970127e-05,2.921413255944309268e-05,2.904218193475757384e-05,2.891585237758183364e-05,2.770574564812520430e-05,2.879010875992853358e-05,2.798090244301744265e-05,2.896996126707619890e-05,2.819269884667175867e-05,2.742168984389365541e-05,2.786930619993261405e-05,2.731260183776082937e-05,2.743710655915774976e-05,2.624268058210662576e-05,2.567633763305434368e-05,2.454168984589896911e-05,2.463589158469695804e-05,2.592579910030180858e-05,2.630143595446265200e-05,2.675884558399591021e-05,2.625409449927575790e-05,2.781589178496840492e-05,2.785849309826268135e-05,2.843105598700312566e-05,2.801314612132952826e-05,2.918602030971470315e-05,2.841578955851029959e-05,2.782551943865855479e-05,2.848724745919298213e-05,2.716551085078236914e-05,2.834245348463820157e-05,2.785440168427596444e-05,2.813682392557071723e-05,2.807568394775581668e-05,2.747934487141983557e-05,2.870775889111474235e-05,2.846804716609536935e-05,2.887462425329276366e-05,2.736595362945969711e-05,2.819322154706445924e-05,2.787442453000107926e-05,2.808721544455052303e-05,2.852761974050629560e-05,2.664585034405603334e-05,2.791677467616607874e-05,2.718616877436016294e-05,2.727653168397257627e-05,2.672052740170408427e-05,2.806972005469785526e-05,2.729184036407968509e-05,2.782072890018681872e-05,2.684148320799120406e-05,2.628469707460243807e-05,2.824111457046418912e-05,2.754714159622706219e-05,2.642081698814589523e-05,2.622069730527986923e-05,2.711871826959181785e-05,2.721834836208994032e-05,2.701407774771057182e-05,2.726038460359464855e-05,2.722267484668485903e-05,2.723731059593660804e-05,2.657094777214777937e-05,2.674493867614264337e-05,2.666216475708386413e-05,2.670090808507441610e-05,2.582593257764050540e-05,2.593003200322243346e-05,2.642081516369855019e-05,2.602020260154841734e-05,2.615974205344922350e-05,2.732767357704666249e-05,2.687858915326687506e-05,2.564507183008915445e-05,2.671260835237387576e-05,2.618363855558882057e-05,2.612996574165928369e-05,2.534401322511983478e-05,2.595074561905263207e-05,2.577593895999581467e-05,2.596709914734281576e-05,2.602889230200346369e-05,2.511264684415012813e-05,2.532374182895435542e-05,2.389493937433548478e-05,2.295211493429506243e-05,2.388848578282775400e-05,2.263400134074805274e-05,2.382208146479264819e-05,2.519979178119598082e-05,2.367838349961852857e-05,2.436312720553416189e-05,2.438092870365705134e-05,2.430050073602096726e-05,2.397592529266845396e-05,2.406689782533175313e-05,2.441846129408452675e-05,2.525270947047925750e-05,2.363597048285756561e-05,2.332112791050778018e-05,2.519490778675122594e-05,2.437237953387970976e-05,2.393891308066881346e-05,2.318339062989756061e-05,2.237580291137826818e-05,2.246413428160322885e-05,2.236748807014120533e-05,2.109381316535149047e-05,2.065414841487191690e-05
2.686479950214534063e-05,2.841030526806938191e-05,2.709824265139831707e-05,2.897617030408899556e-05,2.818082070562543607e-05,2.755189588207530599e-05,2.820793713357751858e-05,2.824142266003646219e-05,2.791612741881791660e-05,2.254786126792768990e-05,2.668755489495465202e-05,2.846695461998795568e-05,2.836108238161487791e-05,2.827955388781209237e-05,2.855025760332494185e-05,2.731035901207366502e-05,2.842991783819530041e-05,2.843218279903074924e-05,2.825681357089027495e-05,2.832603367897824928e-05,2.880679029491325292e-05,2.864359151972122898e-05,2.905599244408975780e-05,2.859793113761055914e-05,2.905818206430268896e-05,2.813000406652777793e-05,2.850065790267903635e-05,2.817626990485169587e-05,2.826494501924431833e-05,2.832309104830886936e-05,2.823930163554698263e-05,2.885073893814552552e-05,2.865310980066437466e-05,2.861261180571824902e-05,2.738132070295571218e-05,2.841653326024362077e-05,2.752494290671268261e-05,2.866268334329866494e-05,2.794209587817993539e-05,2.714290247291887686e-05,2.758080501050057490e-05,2.707129065963508540e-05,2.708091605522558996e-05,2.609422506733227869e-05,2.559099833295415101e-05,2.467378888175357450e-05,2.449326320767759483e-05,2.569862906385060825e-05,2.600944420477079681e-05,2.651192634604306980e-05,2.593698570037555008e-05,2.747675456667490295e-05,2.731491789791749085e-05,2.805485354800440050e-05,2.736591500447069347e-05,2.860052574679499719e-05,2.793549742180366009e-05,2.730472082013933374e-05,2.806976448176281454e-05,2.667151406520907063e-05,2.770061919381449335e-05,2.732982341491345480e-05,2.750557966760545212e-05,2.768256946298893750e-05,2.701451661160021145e-05,2.812111015378288532e-05,2.799735962421750354e-05,2.825373841896454990e-05,2.671069721867772354e-05,2.780849787188894776e-05,2.734133521143681934e-05,2.754331947435816568e-05,2.807980075437044144e-05,2.615414010589578830e-05,2.748493404665661920e-05,2.665326359728571292e-05,2.681636875908269613e-05,2.603017938367054908e-05,2.742678222937351733e-05,2.680351023858307480e-05,2.741517813214447628e-05,2.620170513364386626e-05,2.581892760005381835e-05,2.745056183559896237e-05,2.691458146969816288e-05,2.576528263213943108e-05,2.556538953699405775e-05,2.652798031926895353e-05,2.654162899045464286e-05,2.658167628224063878e-05,2.646284311986619490e-05,2.667621581320240884e-05,2.671811677682531155e-05,2.600795329068852135e-05,2.594599100712661062e-05,2.599376832492213081e-05,2.579264167104126262e-05,2.508780745137343204e-05,2.517686248110008969e-05,2.562695510313259443e-05,2.540377222029341074e-05,2.524121608233691026e-05,2.660716358597120662e-05,2.622511255839656715e-05,2.500360894421144571e-05,2.595548449985046483e-05,2.528567986499900063e-05,2.549220709978980071e-05,2.453470717298028233e-05,2.515690849743844318e-05,2.476375665768864348e-05,2.523100072039164134e-05,2.520832168010324610e-05,2.454135692146236744e-05,2.456592337093834098e-05,2.331031761583485630e-05,2.230728988776811586e-05,2.308112090315117006e-05,2.194761846676477208e-05,2.307098931235038199e-05,2.452657536570518906e-05,2.278995911183308732e-05,2.349543959279958472e-05,2.358543403501415928e-05,2.349228701367954463e-05,2.330204589383511708e-05,2.353253088792047867e-05,2.420328592294708741e-05,2.460643890809430156e-05,2.298654744393620805e-05,2.262734698801273679e-05,2.422005549621801518e-05,2.387882222523849782e-05,2.355986218404889623e-05,2.230771198002970009e-05,2.177582348999501969e-05,2.176063520201124783e-05,2.174333493167972321e-05,2.100248646565211670e-05,2.018463618566606956e-05
2.702469833103907340e-05,2.858921474599461428e-05,2.741084956909410104e-05,2.923740377056155968e-05,2.847096216727538513e-05,2.818395708595864386e-05,2.867775106032107295e-05,2.861726668224671746e-05,2.833597658039836511e-05,2.423711768240133859e-05,2.733705342605450721e-05,2.880593550968979456e-05,2.879671716779014034e-05,2.852371294062091506e-05,2.914765164492493792e-05,2.723926286148392018e-05,2.806345815753731159e-05,2.905961543631897998e-05,2.904145348131008842e-05,2.896540751733824541e-05,2.864359151972122898e-05,3.004564545770437904e-05,3.004499021495717241e-05,2.904227493568735621e-05,2.954410764123348193e-05,2.848533136236609006e-05,2.911094039650429359e-05,2.882550658581329905e-05,2.896324211267362606e-05,2.881759143075901400e-05,2.896336859177845425e-05,2.968161492051213268e-05,2.950518989290482958e-05,2.928504386753841138e-05,2.803443006375986896e-05,2.913241287288698332e-05,2.839241368524896483e-05,2.937778756512366836e-05,2.852619506745273799e-05,2.778341594218817795e-05,2.838668266890508420e-05,2.773986147378124692e-05,2.786164532889347182e-05,2.659949000228523154e-05,2.611573903898662403e-05,2.512247122356799312e-05,2.518639642710042149e-05,2.628690263649340059e-05,2.688602593907923985e-05,2.744875154935122729e-05,2.680812205507115341e-05,2.833016656822481789e-05,2.832897962068615209e-05,2.901449472578751450e-05,2.826727679909864184e-05,2.971832868829028202e-05,2.894496194367695167e-05,2.834142199221694247e-05,2.898087594810991798e-05,2.769289905911129302e-05,2.882710612205892180e-05,2.833951621266767821e-05,2.858311876221174898e-05,2.860914898689154946e-05,2.788505181010927778e-05,2.906939199569226622e-05,2.904344216962675230e-05,2.947163521637096472e-05,2.780707268994392467e-05,2.888621721191920137e-05,2.837282049784439929e-05,2.861353335415892224e-05,2.909397003324015889e-05,2.720146616458581055e-05,2.846960303473615794e-05,2.765048722887595959e-05,2.793433422522082350e-05,2.717230897879271615e-05,2.860921585099641921e-05,2.790605769622523559e-05,2.854038634875971102e-05,2.738979431666289141e-05,2.685424501121460195e-05,2.879679734005687088e-05,2.808247056923306485e-05,2.702132714268831628e-05,2.678449362041902137e-05,2.779278998410038376e-05,2.785720121933765798e-05,2.776374962018369756e-05,2.789717135821884788e-05,2.770699253075408275e-05,2.788230082561752744e-05,2.726582825056054067e-05,2.737841328916489246e-05,2.725425999136944731e-05,2.703126864537233826e-05,2.624735931730560627e-05,2.634509482441013361e-05,2.702556820275806116e-05,2.664545989315903995e-05,2.650769388572931322e-05,2.802954059569756962e-05,2.751395842495845873e-05,2.608242011552826115e-05,2.711472978868896796e-05,2.665370465105528955e-05,2.674682336500855951e-05,2.589360412964494506e-05,2.654664278359741229e-05,2.631882817718039297e-05,2.646409539935337405e-05,2.655073154080633664e-05,2.566408196773421914e-05,2.561912756803579573e-05,2.442725843358177376e-05,2.333518569033415807e-05,2.427784608875343262e-05,2.312003421597316616e-05,2.416001583024935206e-05,2.560454939178944100e-05,2.399313080299704377e-05,2.485625038460578012e-05,2.467765516062177304e-05,2.489198089533437781e-05,2.445509524247166370e-05,2.461938921546792607e-05,2.511127486375924943e-05,2.597813407120797366e-05,2.381330978800956624e-05,2.384275184012094913e-05,2.569622857790994583e-05,2.480861096524842525e-05,2.471096703619521620e-05,2.333074463665330445e-05,2.284587602712065524e-05,2.294531389014240543e-05,2.301138981988256772e-05,2.175231590543216857e-05,2.105621963408981848e-05
2.760119102860415151e-05,2.907451601342193973e-05,2.788266363681615658e-05,2.970587291494204829e-05,2.923002313148246047e-05,2.879725262665660583e-05,2.907188608360545225e-05,2.922104314787184187e-05,2.904461138406449767e-05,2.597985210608293530e-05,2.792075606413235933e-05,2.948938397574625729e-05,2.927624027642199790e-05,2.908232141095404513e-05,2.988599204519679675e-05,2.811303232077098162e-05,2.825653828615882606e-05,2.958043787283585793e-05,2.962368766170360893e-05,2.955187013408095030e-05,2.905599244408975780e-05,3.004499021495717241e-05,3.183830186027183419e-05,2.990309970909920084e-05,3.023729512065936458e-05,2.905507114418687771e-05,2.956045988010970970e-05,2.934104669481170250e-05,2.953069430925806004e-05,2.958632205793970834e-05,2.979493030869560146e-05,3.018456615197572134e-05,2.995117401767810042e-05,2.997731194441283055e-05,2.839934776862708453e-05,2.987162129197143144e-05,2.912476714798264521e-05,3.010591146135929274e-05,2.926336470140288764e-05,2.850684344310067209e-05,2.912277634704716527e-05,2.830105887893614598e-05,2.845279197252599627e-05,2.720186197765784645e-05,2.665364406869822307e-05,2.533923176301297202e-05,2.564382893020109635e-05,2.690754607378127443e-05,2.747326496502991710e-05,2.798322981878409625e-05,2.740237563102335927e-05,2.900376972949427487e-05,2.911291695939220736e-05,2.975221874562808600e-05,2.916704121173279118e-05,3.041053932608681344e-05,2.992852687457955743e-05,2.916781583038370815e-05,2.978864270079435174e-05,2.839929980319535159e-05,2.958402774877107470e-05,2.919210566710171416e-05,2.951943390531804761e-05,2.936675636825283330e-05,2.900062343295809345e-05,2.999071160375725562e-05,2.993572046480878440e-05,3.046102956000316272e-05,2.878097328000402751e-05,2.980765170558925849e-05,2.938426158898814697e-05,2.963503133834210134e-05,3.003901391016585047e-05,2.812690485164387032e-05,2.941267187653124349e-05,2.849220411793682112e-05,2.912844571741500909e-05,2.823362276133988813e-05,2.963505815386485490e-05,2.853556279939085515e-05,2.938127193446252939e-05,2.839012273085309978e-05,2.790290239402925325e-05,2.984919906356740631e-05,2.907384626492811295e-05,2.812653558761354705e-05,2.783967580643655076e-05,2.872041540079012703e-05,2.886425821669256545e-05,2.871838691991640988e-05,2.882638260644971483e-05,2.884062164360113960e-05,2.885216144192492342e-05,2.805375101628335624e-05,2.834649549663559675e-05,2.835683553179586491e-05,2.805068967507806820e-05,2.725943731324969725e-05,2.731540578574837854e-05,2.803632443537989194e-05,2.757478584553902301e-05,2.766128416703187006e-05,2.905103351403570371e-05,2.839934199198876496e-05,2.709990200183154272e-05,2.823181551268782040e-05,2.781283005014632354e-05,2.765631407008971966e-05,2.686352846121220904e-05,2.760744569367701458e-05,2.720380473589090441e-05,2.735215160202945814e-05,2.725019248646443542e-05,2.664002999037700214e-05,2.668544362167653969e-05,2.553064160048987399e-05,2.427415906459491548e-05,2.544535846943377102e-05,2.388173265552708823e-05,2.520876960198891107e-05,2.656313439076913246e-05,2.507936959879559434e-05,2.566709180343431729e-05,2.557537153232821301e-05,2.576807022322366743e-05,2.523256632216625738e-05,2.523967718933366839e-05,2.591337291982926099e-05,2.655439503282647462e-05,2.463170434681307062e-05,2.474135646237311697e-05,2.672818575221038535e-05,2.559844358390556018e-05,2.520299579699755444e-05,2.397723730103224596e-05,2.344462042215634590e-05,2.332685245092591829e-05,2.335415374136403079e-05,2.239599217265942144e-05,2.116330527203268610e-05
2.717749117584097084e-05,2.871698964572302404e-05,2.738073181903947573e-05,2.937940971252803182e-05,2.869212578350025951e-05,2.822991913670871297e-05,2.857731419046534294e-05,2.878426153077165279e-05,2.841805968400789323e-05,2.432289387259971658e-05,2.745123883417445820e-05,2.895937259989092482e-05,2.876541473239001504e-05,2.874347662137341698e-05,2.924855595665409123e-05,2.773409526045851704e-05,2.858118775163929492e-05,2.882049126654767022e-05,2.894662808747679050e-05,2.899808077336500243e-05,2.859793113761055914e-05,2.904227493568735621e-05,2.990309970909920084e-05,3.006264274927013990e-05,2.943957889827432566e-05,2.859778746526819157e-05,2.905886199265950062e-05,2.874490784723798581e-05,2.892492737972900244e-05,2.899024401086923119e-05,2.884746582061663452e-05,2.941776919753858312e-05,2.923502862910999149e-05,2.933734679993202035e-05,2.781386087466895099e-05,2.914849669722899693e-05,2.837022634568644062e-05,2.940657831427891409e-05,2.860597840160108857e-05,2.780255463460232679e-05,2.828415566121525327e-05,2.760364868634757751e-05,2.773429161497959278e-05,2.655922535988248292e-05,2.604313240849807695e-05,2.479407994809465003e-05,2.508946944616404021e-05,2.633975989242002118e-05,2.664422760203180669e-05,2.708665840414772476e-05,2.656032639367851317e-05,2.818291625545224971e-05,2.819921345934014805e-05,2.876927157141626957e-05,2.837719555210655074e-05,2.964316433695901283e-05,2.884415018933848151e-05,2.821311219326875995e-05,2.886311474602942144e-05,2.751969910616298360e-05,2.864885299373737807e-05,2.817870227017382054e-05,2.868318130370159795e-05,2.852791511073797325e-05,2.790931053762399326e-05,2.905268341548172307e-05,2.897213175168089809e-05,2.943122659001985578e-05,2.785877832143935558e-05,2.863039236068298782e-05,2.831739828045182498e-05,2.851359468948474907e-05,2.907963856316776380e-05,2.712805573250835897e-05,2.831315530430406947e-05,2.755235983913353003e-05,2.790558180816366305e-05,2.721246234014618867e-05,2.863767851221248016e-05,2.767915939928279194e-05,2.834207782963839859e-05,2.745366392640000543e-05,2.692247724207749205e-05,2.876021793358474505e-05,2.808379150180369613e-05,2.693237245333689187e-05,2.658735612749645486e-05,2.761760681865621297e-05,2.763082356699235156e-05,2.749914126326876454e-05,2.773485041064250889e-05,2.770834259984786765e-05,2.783113429798630763e-05,2.721788475945846356e-05,2.724252799359079856e-05,2.732714672291692876e-05,2.717579294697650231e-05,2.642641577148856149e-05,2.654555566184059676e-05,2.699094915648142580e-05,2.655462604508864388e-05,2.663989928344985469e-05,2.785122905046356797e-05,2.745304993174360806e-05,2.614495861416135680e-05,2.723009487276974077e-05,2.676260085084529707e-05,2.670224615138856465e-05,2.587293482670097227e-05,2.645631287749793285e-05,2.627703179435982814e-05,2.659965910124256506e-05,2.666799476905396899e-05,2.572528616564228105e-05,2.596136415343314050e-05,2.460510095445023272e-05,2.355196163199877067e-05,2.456898124923910534e-05,2.315015122025843266e-05,2.448089224802329461e-05,2.586107036298604576e-05,2.454954441626946949e-05,2.501146338037754110e-05,2.494275985181983093e-05,2.501385397097378213e-05,2.469272349734885722e-05,2.463913390067966333e-05,2.521532615404488133e-05,2.597790871403215504e-05,2.431734155430890175e-05,2.399008060727486529e-05,2.589490678303842710e-05,2.485771617771191484e-05,2.495373822554788093e-05,2.409405116489169333e-05,2.285482016331218214e-05,2.287680591646848793e-05,2.284932936342476905e-05,2.190664853658083963e-05,2.090661127462631723e-05
2.756309522769409114e-05,2.907100353426973288e-05,2.771124941452604283e-05,2.979041261595449344e-05,2.882871903476579912e-05,2.832930120229904656e-05,2.896564034617408025e-05,2.907384657561974380e-05,2.875115638983970377e-05,2.333299262264643836e-05,2.775658228748293684e-05,2.915929458346621880e-05,2.903952542063623001e-05,2.890370268905595398e-05,2.951646592021896421e-05,2.782171387533780054e-05,2.896468261410541716e-05,2.956920491547517351e-05,2.917407076604014169e-05,2.930253782923509498e-05,2.905818206430268896e-05,2.954410764123348193e-05,3.023729512065936458e-05,2.943957889827432566e-05,3.047461353121106838e-05,2.886701159809672678e-05,2.931272440418032459e-05,2.890898756019266133e-05,2.911857584798229260e-05,2.913262963183433591e-05,2.923184089769032828e-05,2.982053406907637019e-05,2.955834162500887784e-05,2.952066978997257816e-05,2.826823360650277501e-05,2.940387080199594397e-05,2.851474639616143864e-05,2.957387212704412882e-05,2.873663572461684313e-05,2.803090016985571638e-05,2.846308558813135119e-05,2.798081675802649673e-05,2.800261481805289081e-05,2.686879874156324782e-05,2.626366790302259453e-05,2.527287124230811710e-05,2.504950320345555498e-05,2.642592464338092029e-05,2.683513999532049807e-05,2.739024562840657143e-05,2.675993383394608628e-05,2.842777295151183129e-05,2.839614608832277144e-05,2.903230021149868543e-05,2.849469195992322044e-05,2.961769939896802899e-05,2.896158580536694897e-05,2.820457341237892594e-05,2.901872105943018764e-05,2.767080995858404972e-05,2.872979014072587421e-05,2.823906900466432304e-05,2.855364647049610878e-05,2.864281379818940746e-05,2.785344025771191830e-05,2.913100029581530581e-05,2.902606754900458386e-05,2.925936524057151672e-05,2.779138186583118768e-05,2.876020590316832775e-05,2.819947859370607705e-05,2.850936182503973522e-05,2.901724755922518119e-05,2.701700376543778967e-05,2.844664843625894691e-05,2.748932024297602158e-05,2.780408680533895526e-05,2.702566714535393103e-05,2.843944798703452304e-05,2.781150289226679541e-05,2.827081222957198337e-05,2.695333714462264205e-05,2.659593652986984484e-05,2.853717814612556527e-05,2.787479910174442543e-05,2.677516231714215954e-05,2.654186950217391074e-05,2.737842305163787105e-05,2.751935562161631065e-05,2.752793355742880617e-05,2.746422780424208037e-05,2.764106356410882923e-05,2.758392919333853429e-05,2.673502433441014205e-05,2.697883220166217750e-05,2.698306583047217256e-05,2.663810072827484362e-05,2.591533032875475187e-05,2.600616498638377196e-05,2.652476102109192730e-05,2.631099507416357464e-05,2.607473650917894309e-05,2.741769070903874684e-05,2.707871542499432909e-05,2.572419250588007860e-05,2.686442775495483855e-05,2.625997495069960021e-05,2.643843991139088075e-05,2.544109916003777148e-05,2.604445137498132690e-05,2.570680341616924966e-05,2.607105644937466303e-05,2.586075066413550958e-05,2.526296964334632836e-05,2.536830553593836865e-05,2.397343996606466103e-05,2.290347808451345261e-05,2.387363976600978159e-05,2.271852740375797996e-05,2.394618714083446626e-05,2.515561321380669019e-05,2.363129997568292267e-05,2.418990306839986727e-05,2.431212675278406047e-05,2.405657378092300371e-05,2.402184644030954907e-05,2.423266484997144087e-05,2.467421600975763536e-05,2.553127740856807115e-05,2.364565491200484710e-05,2.345383528254533728e-05,2.523178846929814540e-05,2.439230369014860330e-05,2.426842821319239186e-05,2.313021206301670040e-05,2.264526737758477162e-05,2.247672742891512111e-05,2.242281863151421358e-05,2.119349609842102923e-05,2.077826483835624205e-05
2.644632878917500430e-05,2.804809518749955507e-05,2.691863830052501017e-05,2.856481149001031987e-05,2.806133721395690704e-05,2.734354163083504367e-05,2.793251180567314572e-05,2.802906158807271425e-05,2.766554425182231417e-05,2.341430791296088892e-05,2.651293669490061562e-05,2.828989231869960544e-05,2.821845796992494940e-05,2.796347012206135975e-05,2.834880047841809863e-05,2.693602675377078650e-05,2.791067204930764152e-05,2.810357791552590517e-05,2.815698593456834805e-05,2.831100891592010978e-05,2.813000406652777793e-05,2.848533136236609006e-05,2.905507114418687771e-05,2.859778746526819157e-05,2.886701159809672678e-05,2.847674427729073477e-05,2.844335055340321559e-05,2.818054671442780972e-05,2.833661656509779984e-05,2.824402384920038822e-05,2.815164358337815805e-05,2.872384994237396448e-05,2.863756629881105732e-05,2.859617192362432915e-05,2.737119370255025887e-05,2.853620317994949116e-05,2.766404589854977691e-05,2.882244190901959340e-05,2.791699777851502811e-05,2.726388202122420186e-05,2.764436355665336766e-05,2.703910291842132670e-05,2.703651922593693449e-05,2.608728366209709656e-05,2.559207690107373687e-05,2.447007158742726469e-05,2.455124322563329104e-05,2.560692766428859511e-05,2.611274936217804294e-05,2.653792815643565416e-05,2.608869721197937838e-05,2.759843299768817283e-05,2.746890406236334096e-05,2.815492017959272150e-05,2.760576953192613115e-05,2.898139645922868959e-05,2.809667346869455576e-05,2.757331317559842535e-05,2.823754795977678032e-05,2.694231037340106310e-05,2.797720564482732516e-05,2.752876777597200870e-05,2.787058392344901454e-05,2.787244274439309888e-05,2.727846630773681413e-05,2.831856145681378961e-05,2.829130136415710677e-05,2.856457576955953869e-05,2.713613257581061244e-05,2.797012491415621960e-05,2.758122349242868462e-05,2.774837769513821569e-05,2.828426033412429264e-05,2.652253861951677668e-05,2.765202073969380179e-05,2.679302999076722689e-05,2.710682462215662145e-05,2.649485097088598887e-05,2.761296905644711240e-05,2.701072036497373740e-05,2.756305763186646954e-05,2.652766857410056046e-05,2.621576397185798642e-05,2.783948410776303445e-05,2.730284516968908712e-05,2.603736663131023992e-05,2.587173987946301819e-05,2.700283663366879377e-05,2.686319573560359825e-05,2.671023324280666396e-05,2.695750137966042805e-05,2.706088554808684719e-05,2.689343074400710789e-05,2.634248450847055805e-05,2.631154911869562250e-05,2.647416931151794529e-05,2.624689725117704565e-05,2.566205394850688541e-05,2.562183658857958082e-05,2.602058673656328761e-05,2.576057335720649405e-05,2.571475292054753835e-05,2.693375868576730460e-05,2.650664890142356801e-05,2.527053121731064232e-05,2.626728579176490196e-05,2.588283492495275010e-05,2.589074663024304180e-05,2.496660353142626950e-05,2.561753575048258795e-05,2.531174437899320721e-05,2.554223862128422468e-05,2.546051829920807026e-05,2.480578926513325107e-05,2.509353356038886959e-05,2.358027707383531885e-05,2.284520310294785683e-05,2.364295661114659757e-05,2.248081385737237575e-05,2.354061609247858961e-05,2.484037601010754377e-05,2.325306475732774429e-05,2.391719483109423569e-05,2.372985824502587564e-05,2.379239810510300646e-05,2.364774401851777428e-05,2.362044029997938249e-05,2.428306390733584529e-05,2.477620998514095746e-05,2.318793169275584363e-05,2.296747351776573078e-05,2.457707064160850110e-05,2.384877473042740676e-05,2.357651905811137871e-05,2.259167465649575358e-05,2.204538448036335544e-05,2.188187550865645071e-05,2.169276615103495005e-05,2.099672837419592876e-05,2.018993620037545206e-05
2.682783668822490093e-05,2.848370438516623429e-05,2.729170180400971560e-05,2.914414752354098798e-05,2.844970286717764910e-05,2.792585612254104528e-05,2.832483513072265506e-05,2.831200113426585085e-05,2.808113691349089786e-05,2.399006650136537063e-05,2.726255149908697590e-05,2.863610391888004708e-05,2.857984632099996034e-05,2.842777204824668415e-05,2.890294671030753490e-05,2.740869964192062372e-05,2.808812834250893229e-05,2.867180458865668325e-05,2.873317139784828394e-05,2.877227238090816414e-05,2.850065790267903635e-05,2.911094039650429359e-05,2.956045988010970970e-05,2.905886199265950062e-05,2.931272440418032459e-05,2.844335055340321559e-05,2.951305512136429416e-05,2.868225031275639702e-05,2.881974990245796396e-05,2.863568660476002256e-05,2.868449020605633851e-05,2.941526926693470290e-05,2.915946012168519518e-05,2.914447528103508307e-05,2.785129795822850244e-05,2.900050955178895022e-05,2.820908667275640527e-05,2.921223284107749466e-05,2.833420382049854454e-05,2.759314535784374077e-05,2.807622493870479859e-05,2.760638298074613879e-05,2.756488723905613553e-05,2.632806169374338515e-05,2.596608286596219499e-05,2.488305141185643995e-05,2.489720145011835528e-05,2.594885415643425177e-05,2.653799825436722656e-05,2.699283083520155602e-05,2.650189777769493821e-05,2.796602897538797260e-05,2.809340534604303345e-05,2.869685097287119719e-05,2.802255129933932696e-05,2.946489449173901780e-05,2.868415238937772644e-05,2.801987675424264632e-05,2.869253437026650038e-05,2.742083256061426963e-05,2.851692817879658453e-05,2.803808294612197431e-05,2.830004230138822582e-05,2.823440942324918716e-05,2.766928436670842932e-05,2.883961739353719663e-05,2.874249146006848985e-05,2.918132463726525507e-05,2.761516747586668344e-05,2.861842052592377848e-05,2.809646829693361033e-05,2.843239794909791104e-05,2.880158529817332191e-05,2.679025194485099804e-05,2.826508224425248631e-05,2.738513706591800908e-05,2.757426086482467288e-05,2.685309491798198108e-05,2.830522425222656771e-05,2.755061260731192984e-05,2.819659322452376657e-05,2.698382020777228147e-05,2.659796304731765643e-05,2.846557114989987266e-05,2.770371018288386052e-05,2.657737919092666417e-05,2.644031041013484955e-05,2.738447769549956501e-05,2.743078635920367096e-05,2.731184707024200646e-05,2.753011127954040787e-05,2.748552837311535657e-05,2.760082633181484653e-05,2.684325034642039623e-05,2.693296856701676734e-05,2.699837637193320720e-05,2.664048383516385435e-05,2.606763557331323391e-05,2.614007939972469698e-05,2.660872195089289055e-05,2.633051519903495060e-05,2.634995256844920023e-05,2.762811220775287903e-05,2.719401488954455084e-05,2.575529229555120354e-05,2.690636928001490180e-05,2.636171256456187740e-05,2.655918574090040038e-05,2.565176556869875243e-05,2.638118074618992360e-05,2.600119547282159809e-05,2.617588472614297603e-05,2.621694302681226276e-05,2.550648895085972617e-05,2.567643717625807113e-05,2.423245964250857849e-05,2.341502270009405458e-05,2.429047072820628842e-05,2.296011985202384419e-05,2.419908276657040179e-05,2.539306148995000207e-05,2.378056064119212789e-05,2.468939302928054187e-05,2.471007544916154882e-05,2.477633647261760519e-05,2.429042930043334668e-05,2.450199509601681550e-05,2.491831952663177798e-05,2.580954750059439426e-05,2.397589201604553491e-05,2.391611485200478458e-05,2.560298499912532427e-05,2.473874624821804157e-05,2.467812089325552990e-05,2.359761370385133616e-05,2.293140376781598004e-05,2.292763912970227294e-05,2.280089271509753884e-05,2.167122459892256606e-05,2.096271785270214036e-05
2.643192092926151818e-05,2.802451104886286674e-05,2.688495639112046585e-05,2.862149701394534591e-05,2.808321053157847362e-05,2.772535017575735155e-05,2.807013762216415019e-05,2.802969697907148160e-05,2.777006238966527591e-05,2.391893421692253434e-05,2.677858393870196808e-05,2.834492138160018195e-05,2.824907007773049060e-05,2.797875120174964111e-05,2.864614115612246895e-05,2.691137608449067816e-05,2.776627923450006652e-05,2.819630810578631572e-05,2.846315101928669774e-05,2.838022225139019347e-05,2.817626990485169587e-05,2.882550658581329905e-05,2.934104669481170250e-05,2.874490784723798581e-05,2.890898756019266133e-05,2.818054671442780972e-05,2.868225031275639702e-05,2.899683966680769381e-05,2.866210103338852493e-05,2.854381790198221667e-05,2.847717352815258660e-05,2.904131390269628810e-05,2.889324603788038636e-05,2.890607520327855191e-05,2.757055386677464390e-05,2.875316900162026861e-05,2.789315343903856647e-05,2.923453700893958294e-05,2.829836870913911656e-05,2.754950146113528423e-05,2.806268879423426185e-05,2.738838163746464457e-05,2.747364652981806480e-05,2.620970191136615351e-05,2.588777730820890965e-05,2.475099814004176157e-05,2.489458883065122941e-05,2.591682361500835809e-05,2.653671276612121836e-05,2.705483726058204778e-05,2.646933737069627360e-05,2.795697028457787080e-05,2.797844759687821725e-05,2.875715955626405402e-05,2.815040648744506944e-05,2.948279196158018790e-05,2.863312246823704059e-05,2.815020640145077409e-05,2.866201822762563751e-05,2.743666497176540896e-05,2.862696013718791534e-05,2.812490967341125113e-05,2.854902967126084413e-05,2.842532416843355125e-05,2.774450295263846780e-05,2.886381915302435052e-05,2.872750794899729093e-05,2.924250238546284298e-05,2.759974188068554409e-05,2.864815524012503969e-05,2.831252189127266613e-05,2.847722777054273425e-05,2.886837381034533035e-05,2.692585084330374143e-05,2.829399444465647534e-05,2.742038616519754479e-05,2.768038307569206386e-05,2.709556301049025303e-05,2.846472055676730936e-05,2.752584116654894976e-05,2.821493068867831350e-05,2.715379993036043149e-05,2.685362397368555151e-05,2.867240314037342218e-05,2.808400623613328416e-05,2.672010074388774816e-05,2.655598012863870716e-05,2.748505755067276612e-05,2.756469396053961909e-05,2.752773686728673410e-05,2.762626835771921438e-05,2.762444286733849630e-05,2.755762813018208454e-05,2.708948865324966023e-05,2.708837060776706575e-05,2.713248269336096272e-05,2.690674990894058817e-05,2.616938353191684390e-05,2.623485879223759674e-05,2.686112397119489129e-05,2.648666732486303559e-05,2.649864692114764898e-05,2.775537150997929220e-05,2.723419586800442650e-05,2.602278111267640091e-05,2.704292610490717454e-05,2.656684223476569068e-05,2.663980794928511576e-05,2.568155625077767811e-05,2.642459537082573955e-05,2.634002967886439934e-05,2.622964345896932700e-05,2.641150385862626790e-05,2.563516691811100395e-05,2.570390089246600866e-05,2.447257856916741414e-05,2.352386988599159957e-05,2.448490850462859450e-05,2.332987716269823973e-05,2.435231486409936575e-05,2.580005365720343659e-05,2.432405032261513033e-05,2.493160024983926294e-05,2.476729570431445728e-05,2.525737646589045637e-05,2.446155371249749246e-05,2.466792620116488622e-05,2.530771901313145380e-05,2.586719403578807599e-05,2.424230558022146892e-05,2.411272906764868246e-05,2.591739069864997598e-05,2.512291079296177608e-05,2.481320836313668891e-05,2.383541395486824530e-05,2.300040894130592816e-05,2.303019343211389465e-05,2.297884029020438095e-05,2.223517469711928528e-05,2.085130791282432448e-05
2.660373035142162294e-05,2.822126923025384380e-05,2.712888840137595489e-05,2.893671028878126117e-05,2.829830885840730714e-05,2.778352221794557809e-05,2.820455321851597313e-05,2.825379405474334366e-05,2.795465871831729574e-05,2.404622821507938543e-05,2.680002656632349297e-05,2.859081126351516270e-05,2.849089606215974760e-05,2.820927345929450216e-05,2.879675425689400285e-05,2.724993865213119334e-05,2.810183335519165815e-05,2.848600987618746144e-05,2.859886717007196902e-05,2.857167595952509701e-05,2.826494501924431833e-05,2.896324211267362606e-05,2.953069430925806004e-05,2.892492737972900244e-05,2.911857584798229260e-05,2.833661656509779984e-05,2.881974990245796396e-05,2.866210103338852493e-05,2.915701827434350374e-05,2.867553607119358537e-05,2.855779562510248431e-05,2.917073893955677761e-05,2.907731256922603880e-05,2.908345864586694426e-05,2.777191004378670231e-05,2.894609802924870336e-05,2.824167696115693395e-05,2.919879742262460298e-05,2.841666351150728343e-05,2.770512686936088266e-05,2.801847475348003360e-05,2.751945781885449763e-05,2.751857559412097370e-05,2.637653114508583621e-05,2.596268322574784462e-05,2.479754614482702164e-05,2.501073323234587187e-05,2.600283844544229594e-05,2.666994750712041662e-05,2.719726006854087462e-05,2.664479038310130492e-05,2.814909184099446965e-05,2.815590292338389204e-05,2.881771663415697661e-05,2.828168787470973700e-05,2.966174913142340439e-05,2.883232709772798712e-05,2.827032489713261675e-05,2.893676397555478705e-05,2.768199377404878815e-05,2.878930904250535361e-05,2.831649255435408238e-05,2.863353866662791974e-05,2.864271554924336673e-05,2.797526090722885159e-05,2.914926941257402169e-05,2.902448702245982818e-05,2.941819886738764723e-05,2.794314792203950916e-05,2.890522748318965289e-05,2.849925692958542509e-05,2.868165066708294576e-05,2.921514797916506184e-05,2.731495145628158285e-05,2.857884573360545879e-05,2.770404035777679355e-05,2.792029736062120708e-05,2.743887944834674477e-05,2.866103118788712752e-05,2.788352766805179091e-05,2.850121177445284976e-05,2.741034451155735378e-05,2.719232539675300964e-05,2.898571446859449401e-05,2.834055999232234929e-05,2.706503607931319484e-05,2.699937334049021319e-05,2.788736991751609892e-05,2.785510696359949379e-05,2.796529600798885269e-05,2.804171404801076038e-05,2.811797565079320014e-05,2.792674121793149454e-05,2.742201510670150310e-05,2.742469199424890715e-05,2.748181506077472516e-05,2.736186663782514363e-05,2.684685754304111776e-05,2.678952407370314946e-05,2.719048239486132265e-05,2.704214936328742735e-05,2.701013320351825395e-05,2.831398553526765736e-05,2.784969815477225880e-05,2.644809066412460966e-05,2.766575472659228840e-05,2.713982829348113483e-05,2.724512133894781160e-05,2.626013633356937547e-05,2.694327975580479095e-05,2.664377355183690334e-05,2.682097598770488364e-05,2.678727881193482924e-05,2.603331667281871809e-05,2.632184688809916634e-05,2.497039899492091729e-05,2.406316642742706272e-05,2.514267231228035202e-05,2.373743996272066056e-05,2.484377806252963645e-05,2.616751416556117648e-05,2.470808002923219809e-05,2.539578952240134784e-05,2.515989408702688876e-05,2.542533172117843732e-05,2.487794080491217112e-05,2.504386760277853429e-05,2.563174118036962108e-05,2.628108658241778763e-05,2.448607733882161161e-05,2.443770163143199731e-05,2.598179468846643076e-05,2.515176436268586757e-05,2.511172744781743147e-05,2.384815033641269060e-05,2.331369576827123602e-05,2.327637452003762810e-05,2.328780876106608885e-05,2.217959587225051048e-05,2.122406411161311182e-05
2.660329040644034620e-05,2.818531957959933778e-05,2.700209265454890618e-05,2.894748738649399641e-05,2.820093227758998359e-05,2.772875114956804834e-05,2.814022915043504504e-05,2.821383078852865894e-05,2.783506469358316973e-05,2.387819205555851999e-05,2.682027644959026434e-05,2.858984076757182223e-05,2.833501276226943027e-05,2.823530172873511620e-05,2.876484802883570602e-05,2.733034385215146487e-05,2.789818111301735440e-05,2.837259144932489203e-05,2.850523341568922820e-05,2.852041353333329009e-05,2.832309104830886936e-05,2.881759143075901400e-05,2.958632205793970834e-05,2.899024401086923119e-05,2.913262963183433591e-05,2.824402384920038822e-05,2.863568660476002256e-05,2.854381790198221667e-05,2.867553607119358537e-05,2.909473070226542123e-05,2.859413208706390651e-05,2.915997222962755768e-05,2.899836450508047611e-05,2.901730746497760473e-05,2.769376234083072846e-05,2.897799569923039970e-05,2.816845887232091077e-05,2.914104504501483154e-05,2.836723384751276973e-05,2.771017146354475544e-05,2.814737616522540637e-05,2.753565426292287454e-05,2.754229004259100348e-05,2.641912991453934729e-05,2.596260785385456459e-05,2.476423371653317920e-05,2.504367051722665598e-05,2.610607336715907562e-05,2.665305895120883734e-05,2.716058487775568100e-05,2.665356575042652145e-05,2.813342914613040530e-05,2.809891801301978291e-05,2.885556236963945703e-05,2.825670492581623143e-05,2.968609955556024074e-05,2.883301077057012497e-05,2.826184851681096840e-05,2.891908649810342416e-05,2.773904680571301554e-05,2.878101637209137359e-05,2.834885315641256229e-05,2.872923922171055140e-05,2.867444258045850501e-05,2.806164100228553338e-05,2.918072957618553887e-05,2.908169959765084898e-05,2.945823787525583755e-05,2.794338418854235500e-05,2.891319976072318019e-05,2.853119182131133583e-05,2.867929808269043565e-05,2.925557002961304720e-05,2.741047127564498389e-05,2.863045309964904996e-05,2.778292601249533080e-05,2.798342185660824939e-05,2.752009479381381762e-05,2.870035853312793324e-05,2.786418563682122550e-05,2.857831471257456325e-05,2.750933997246854298e-05,2.729560038401298474e-05,2.898084058447506631e-05,2.836187851122242234e-05,2.723787020324502052e-05,2.694122610836872098e-05,2.795956596801117675e-05,2.792017524705805949e-05,2.787266121739687919e-05,2.800777692632897077e-05,2.801121083255833776e-05,2.796232243011430305e-05,2.736161447814115477e-05,2.730017918716266923e-05,2.744566627370299713e-05,2.743457740568915106e-05,2.677667438614627734e-05,2.687068549088980531e-05,2.716306894345433631e-05,2.687525283858195252e-05,2.696047933946116895e-05,2.805806078594982238e-05,2.763006740978182898e-05,2.625813956432744955e-05,2.739558391530340901e-05,2.706276571112508318e-05,2.706520754206364617e-05,2.607708640616566417e-05,2.672167196376235373e-05,2.638064410094793637e-05,2.653514316776076757e-05,2.654608102232352065e-05,2.582074303413406160e-05,2.607071308047538043e-05,2.472687676655167780e-05,2.392713807254936528e-05,2.496474908724475515e-05,2.351787807188167610e-05,2.463809817099568594e-05,2.592883992325541423e-05,2.461673033993424704e-05,2.504839169660156716e-05,2.485968438298938072e-05,2.495998214471884755e-05,2.454010126777274767e-05,2.459284001063413155e-05,2.518423409330575275e-05,2.569728356898316651e-05,2.400458241641043093e-05,2.398279116898055784e-05,2.545264743355465375e-05,2.471339652345680887e-05,2.457055194363704217e-05,2.346112155228718141e-05,2.285436841027652709e-05,2.286019206402923630e-05,2.266931396162699336e-05,2.186343807531737553e-05,2.063139238644360181e-05
2.675231622970893351e-05,2.811857616239596858e-05,2.697437493383661873e-05,2.868924706274909005e-05,2.803616638330256260e-05,2.774285011645557652e-05,2.818694936097925879e-05,2.839849782476123002e-05,2.805374418972168447e-05,2.380300004325473250e-05,2.697338005300513675e-05,2.841430793251522344e-05,2.839465413392920930e-05,2.805561988759325021e-05,2.879888355700578275e-05,2.680078305701425129e-05,2.779163752948902102e-05,2.894534328023448409e-05,2.871968831352988849e-05,2.852078829226970127e-05,2.823930163554698263e-05,2.896336859177845425e-05,2.979493030869560146e-05,2.884746582061663452e-05,2.923184089769032828e-05,2.815164358337815805e-05,2.868449020605633851e-05,2.847717352815258660e-05,2.855779562510248431e-05,2.859413208706390651e-05,2.936847147768667933e-05,2.929243992037682302e-05,2.906907157701905378e-05,2.911315625182675160e-05,2.765497821558229766e-05,2.890181109128014142e-05,2.822604441114405055e-05,2.919189500259133853e-05,2.834491103099119781e-05,2.774236742773289211e-05,2.820366579327099354e-05,2.743556070699342304e-05,2.757156414504195467e-05,2.629556971412621162e-05,2.587408534737475665e-05,2.481339674703134747e-05,2.501586689797054660e-05,2.609215361408103343e-05,2.659543398623566635e-05,2.715952821044363458e-05,2.669123299673321732e-05,2.812918038818611302e-05,2.807357431368144089e-05,2.879436649866659904e-05,2.830998792375410107e-05,2.960020662213651253e-05,2.892868580943207932e-05,2.813973562077343188e-05,2.887376863134268225e-05,2.760457385344162505e-05,2.870379848554035520e-05,2.830524121779617918e-05,2.866181129034748578e-05,2.869305019460430649e-05,2.796064061683727382e-05,2.915365437496670255e-05,2.907046168170162871e-05,2.954307958419897709e-05,2.795251431937199611e-05,2.888351686015747810e-05,2.859923770121269165e-05,2.865521222017458573e-05,2.918443712160446042e-05,2.734953829112445173e-05,2.850714829545232719e-05,2.778862950830937381e-05,2.814592742141247921e-05,2.757546301382162880e-05,2.873478569655955371e-05,2.780288983999842432e-05,2.864215571177509606e-05,2.733696430797006403e-05,2.708483425981717687e-05,2.908902092943336967e-05,2.823112160320682799e-05,2.723894780183697641e-05,2.697138186553176261e-05,2.789664824766042742e-05,2.789493423337476076e-05,2.790772456575388104e-05,2.797878707823945921e-05,2.800050824301580498e-05,2.801590123026734323e-05,2.725872799903285136e-05,2.740759004011504089e-05,2.749359734715078741e-05,2.727435540253383565e-05,2.648051261011820576e-05,2.662888439351033284e-05,2.710225414057526559e-05,2.695891502681835877e-05,2.685639376849709601e-05,2.796133226684366959e-05,2.745751527930569266e-05,2.635665335249434259e-05,2.729377389562620993e-05,2.694784827228263491e-05,2.681596017779437318e-05,2.604870533825445953e-05,2.678000255766009203e-05,2.640572156499212223e-05,2.659763391381477770e-05,2.649804533989714306e-05,2.572057014111912149e-05,2.586894201082348238e-05,2.463655944614701718e-05,2.370570927948340359e-05,2.462564287228297406e-05,2.333190540617873548e-05,2.437840192656670805e-05,2.581972795721836761e-05,2.448708289507892487e-05,2.490476695732276558e-05,2.469430506123079412e-05,2.480791688785057784e-05,2.446694535540718546e-05,2.456500652002707478e-05,2.510621945312880535e-05,2.579600153745054104e-05,2.397926593718550668e-05,2.386559939390956987e-05,2.575461628808172225e-05,2.462380223355979602e-05,2.459436611932256452e-05,2.357968183122210686e-05,2.281854413092320146e-05,2.270087532484966092e-05,2.269571218112296235e-05,2.167609472492985901e-05,2.058764548830121496e-05
2.715026719023613892e-05,2.888325513869696135e-05,2.751500778217414283e-05,2.953112781494281579e-05,2.862320966717773742e-05,2.827580164120367066e-05,2.869843472025853490e-05,2.880576455049741833e-05,2.854837442436295244e-05,2.384344705015729112e-05,2.748627116538829776e-05,2.903559071836163551e-05,2.900093374276926201e-05,2.864742064706334661e-05,2.931261324430468846e-05,2.745543091496176766e-05,2.828933049471346793e-05,2.914988071223701053e-05,2.922342717421842366e-05,2.921413255944309268e-05,2.885073893814552552e-05,2.968161492051213268e-05,3.018456615197572134e-05,2.941776919753858312e-05,2.982053406907637019e-05,2.872384994237396448e-05,2.941526926693470290e-05,2.904131390269628810e-05,2.917073893955677761e-05,2.915997222962755768e-05,2.929243992037682302e-05,3.039721378934834658e-05,2.964429747527231975e-05,2.961092102794695980e-05,2.830130574862534714e-05,2.950393591013367932e-05,2.872250133884522480e-05,2.980974156853978893e-05,2.891349204592994653e-05,2.811610999151988635e-05,2.868325452564254266e-05,2.817163636174745137e-05,2.817156550547803522e-05,2.682085281210957352e-05,2.639774244912932482e-05,2.536143990192555860e-05,2.541146935255952151e-05,2.662695943727620083e-05,2.722335785053161343e-05,2.764996103514037599e-05,2.708777937055465538e-05,2.869956069853714085e-05,2.874156631609582952e-05,2.940348503124837654e-05,2.871602116845718575e-05,3.018901148787590913e-05,2.948299846563232733e-05,2.871929975359881830e-05,2.938522925613822702e-05,2.815404233221227828e-05,2.923640822453994910e-05,2.888787963454457911e-05,2.907509991927931410e-05,2.911055114989739259e-05,2.837065380792136088e-05,2.953963274115350198e-05,2.953882082674968678e-05,2.990430749813414039e-05,2.830185350918472417e-05,2.939479642934924507e-05,2.899146917424965655e-05,2.904187236594147983e-05,2.961461334272805497e-05,2.759283099554688619e-05,2.895142414952872956e-05,2.825840695661915967e-05,2.844775671109017509e-05,2.769010315699173183e-05,2.919574942317720953e-05,2.830702698840888170e-05,2.901589871502715756e-05,2.776503133113044177e-05,2.739697747530482952e-05,2.938591587831576154e-05,2.848801395317782518e-05,2.747562648973037348e-05,2.725200911038015722e-05,2.824992045192821185e-05,2.820340714030437462e-05,2.823042119190261975e-05,2.830601745094279352e-05,2.829953938918125013e-05,2.837453738315780537e-05,2.763608829334125366e-05,2.766608324818333638e-05,2.759394227944035204e-05,2.746975520945800641e-05,2.685225244824519301e-05,2.690490893696287478e-05,2.738784704931785044e-05,2.714775575839050692e-05,2.708847295030893012e-05,2.832571231819144524e-05,2.800724502873833870e-05,2.660205278003718732e-05,2.769667672809277695e-05,2.727510034985887729e-05,2.731331166231907142e-05,2.646249892926186970e-05,2.709201339240047406e-05,2.683880744313203254e-05,2.699108067959734428e-05,2.696484857999561680e-05,2.623666381445106379e-05,2.637700942231756591e-05,2.497446130964192610e-05,2.413966329859057333e-05,2.496038435468940066e-05,2.358606653267989931e-05,2.494882249467466890e-05,2.628494544415526431e-05,2.480492060397912834e-05,2.542432871810596724e-05,2.543572226216622589e-05,2.557391128445753238e-05,2.510581082767037388e-05,2.513740070970912414e-05,2.572281770896896237e-05,2.651900584920593748e-05,2.489827778266841339e-05,2.465255515171009453e-05,2.645495838463703971e-05,2.548566314553611789e-05,2.543466789898649776e-05,2.434035440541749282e-05,2.357010000483253967e-05,2.361073129919634233e-05,2.350115079817384844e-05,2.233725826819489235e-05,2.171358372095839677e-05
2.700111549452346828e-05,2.873002761563244150e-05,2.741681284553934794e-05,2.937227800459574307e-05,2.847754045789801776e-05,2.810552071310484294e-05,2.865378538344973724e-05,2.865096227526738146e-05,2.842918344506654930e-05,2.415669196788497629e-05,2.739080162843011989e-05,2.887705603356639241e-05,2.884857630925772052e-05,2.864606952503596623e-05,2.920261734289269665e-05,2.721363734600411357e-05,2.826913772552647888e-05,2.912639431028658622e-05,2.900059103733976037e-05,2.904218193475757384e-05,2.865310980066437466e-05,2.950518989290482958e-05,2.995117401767810042e-05,2.923502862910999149e-05,2.955834162500887784e-05,2.863756629881105732e-05,2.915946012168519518e-05,2.889324603788038636e-05,2.907731256922603880e-05,2.899836450508047611e-05,2.906907157701905378e-05,2.964429747527231975e-05,3.001864895849977143e-05,2.944517825918623434e-05,2.814068746663337211e-05,2.927011926150949775e-05,2.855230479383543803e-05,2.963498642803574174e-05,2.877806672463262584e-05,2.804784215784182595e-05,2.853967851452872759e-05,2.791798092787057807e-05,2.800047244656180142e-05,2.669702809977845368e-05,2.630967220199442359e-05,2.527861288576594283e-05,2.534314817306756678e-05,2.644077141934421635e-05,2.694755839426686851e-05,2.769676855004786259e-05,2.705139727320614881e-05,2.852709326574454326e-05,2.856702191797365762e-05,2.928523533612004221e-05,2.867583395187694843e-05,3.012526340012878926e-05,2.914658472122063569e-05,2.860889335658462537e-05,2.927897308933831476e-05,2.799984538006994699e-05,2.918518771655649770e-05,2.866213559932982409e-05,2.900648890409759895e-05,2.906714461614597086e-05,2.834361339044234396e-05,2.951969365692472567e-05,2.941803847519447806e-05,2.972421935335164674e-05,2.830730724966573099e-05,2.930459950782596362e-05,2.886834557067544709e-05,2.899979586669330979e-05,2.956057799374467795e-05,2.767947325968914552e-05,2.896650285890991792e-05,2.815021145507728075e-05,2.828161452907349119e-05,2.772392274201434061e-05,2.897051243684464820e-05,2.820912493883640383e-05,2.891746235334988880e-05,2.780457708595186379e-05,2.751201308209609927e-05,2.932903823326558972e-05,2.852153257860283147e-05,2.738743945599794225e-05,2.711311648122788451e-05,2.831240323734386484e-05,2.820567771192942399e-05,2.814650302214418613e-05,2.828298685373158039e-05,2.831300713791347820e-05,2.821133123605154853e-05,2.771017720405936953e-05,2.769754119955790205e-05,2.774656270131092603e-05,2.762290040480079557e-05,2.695307965975293979e-05,2.696879441237738588e-05,2.752190160714096268e-05,2.720809893066096326e-05,2.706488408966667596e-05,2.837340407073874301e-05,2.794655131874329261e-05,2.659492890781652117e-05,2.772505219664328141e-05,2.719007386826464317e-05,2.728593522176298833e-05,2.640217337052581348e-05,2.699077651690476326e-05,2.668510365910752526e-05,2.685563103076593644e-05,2.698900660230890813e-05,2.620835139065887023e-05,2.626955038022571397e-05,2.501330530560203709e-05,2.404360949271423320e-05,2.512409173404653220e-05,2.371224708871602689e-05,2.493775196562351582e-05,2.623791584372601137e-05,2.463066057557045652e-05,2.536334956929993314e-05,2.527472369072272386e-05,2.531554990059493930e-05,2.487124790160235224e-05,2.499858474881278315e-05,2.549548777923264683e-05,2.622118699798521021e-05,2.435065373144218808e-05,2.414282407177871813e-05,2.579993246805801723e-05,2.508653285850748438e-05,2.507559364592727643e-05,2.369251523314344529e-05,2.302451983673019229e-05,2.311872481205134888e-05,2.306494036191793321e-05,2.209506446704475084e-05,2.078233178353704075e-05
2.689877346892746525e-05,2.844089010421623352e-05,2.722952129092828699e-05,2.912494759662315525e-05,2.844146197633235588e-05,2.801293197109606619e-05,2.840330510248529112e-05,2.850375674652935680e-05,2.815974939100135361e-05,2.400832144396854419e-05,2.708043413781687392e-05,2.879888158851284818e-05,2.867618346338880319e-05,2.856745393703012870e-05,2.911801697495820400e-05,2.741736115263279202e-05,2.819850077140916247e-05,2.899413694028839746e-05,2.890308158141257226e-05,2.891585237758183364e-05,2.861261180571824902e-05,2.928504386753841138e-05,2.997731194441283055e-05,2.933734679993202035e-05,2.952066978997257816e-05,2.859617192362432915e-05,2.914447528103508307e-05,2.890607520327855191e-05,2.908345864586694426e-05,2.901730746497760473e-05,2.911315625182675160e-05,2.961092102794695980e-05,2.944517825918623434e-05,2.994104568276856598e-05,2.806561479383520502e-05,2.940088544615979271e-05,2.859553470938189801e-05,2.966446463755055093e-05,2.889976821479274909e-05,2.814894578561112276e-05,2.861192465146243359e-05,2.797965494191536552e-05,2.802673186231204806e-05,2.685531684478239490e-05,2.645552331895801914e-05,2.534001938932726260e-05,2.548871670679415336e-05,2.644998414086306525e-05,2.711509146818871956e-05,2.766018574100854798e-05,2.711360202847307304e-05,2.866100608651737022e-05,2.871992400283820572e-05,2.931619335892458352e-05,2.879147665553102029e-05,3.010418899259171307e-05,2.947739601437508671e-05,2.881478200098580548e-05,2.943380185015563117e-05,2.804951853361145012e-05,2.920237837224893708e-05,2.874900229632290698e-05,2.922693857540199709e-05,2.922138356386799792e-05,2.852503967536869871e-05,2.972288270008564010e-05,2.963901391670455902e-05,3.001516002439969625e-05,2.856569976146613009e-05,2.945455343739630680e-05,2.899486756444776922e-05,2.914086133525723373e-05,2.988145023198488385e-05,2.783484616939583116e-05,2.916494950125671023e-05,2.827007902637865391e-05,2.859742412090066901e-05,2.798018892054390848e-05,2.922955067967200542e-05,2.838363394790875796e-05,2.928791486460711861e-05,2.802694085983510863e-05,2.761219674487821449e-05,2.950789100593525257e-05,2.882820730821513219e-05,2.756131956229320839e-05,2.757713472463119451e-05,2.845655458393272526e-05,2.837549832725912857e-05,2.845716459945813985e-05,2.845854936138413299e-05,2.867300834187653112e-05,2.854407434240698949e-05,2.788967529402350636e-05,2.788511976473739826e-05,2.796098631461159140e-05,2.783921242459669359e-05,2.714669751733664207e-05,2.715251600599342735e-05,2.762409128338452264e-05,2.734897006628384143e-05,2.727429557412641643e-05,2.857783110688583825e-05,2.815227842196746852e-05,2.687499534773443382e-05,2.808160772231888382e-05,2.746664108959199390e-05,2.742021972570862093e-05,2.650553087316182758e-05,2.732814631635918179e-05,2.698086029075490291e-05,2.714858385351154625e-05,2.711304776874592847e-05,2.628710614005853177e-05,2.642289223552461472e-05,2.530367931861377302e-05,2.422990530027480634e-05,2.522057308216556017e-05,2.400484665655017581e-05,2.509439632421198147e-05,2.638434860830536987e-05,2.485667804391069471e-05,2.555887342489424015e-05,2.540227489972670893e-05,2.542444795728261196e-05,2.506291847093202897e-05,2.522743816158519125e-05,2.582228165503865194e-05,2.667956143566054878e-05,2.464061133654520342e-05,2.456967307918244483e-05,2.643436014623013437e-05,2.541651260911499826e-05,2.533099605772225717e-05,2.444027208626675204e-05,2.360665118316315476e-05,2.364325227265404405e-05,2.357124406508681391e-05,2.251555638169272568e-05,2.144945629909687280e-05
2.558540680355019965e-05,2.724447938309914019e-05,2.614864637473151090e-05,2.800424062594191312e-05,2.720490424485580728e-05,2.663787747789764728e-05,2.720457667518095477e-05,2.724361191233230748e-05,2.699167005139854441e-05,2.249432326221965071e-05,2.591784305755041225e-05,2.755240698373230855e-05,2.741075163907739150e-05,2.719900544036867385e-05,2.767211995907171385e-05,2.627364844116001740e-05,2.723263610105774513e-05,2.764903783571189479e-05,2.752712436341374830e-05,2.770574564812520430e-05,2.738132070295571218e-05,2.803443006375986896e-05,2.839934776862708453e-05,2.781386087466895099e-05,2.826823360650277501e-05,2.737119370255025887e-05,2.785129795822850244e-05,2.757055386677464390e-05,2.777191004378670231e-05,2.769376234083072846e-05,2.765497821558229766e-05,2.830130574862534714e-05,2.814068746663337211e-05,2.806561479383520502e-05,2.729010290825474748e-05,2.803201715458525958e-05,2.719831764888065823e-05,2.825357589030146876e-05,2.750543998744136643e-05,2.677433666302767780e-05,2.715214852885659627e-05,2.670696499288470422e-05,2.668442171809107559e-05,2.558515051918517583e-05,2.519093630877187282e-05,2.413249738140953228e-05,2.412131464210175253e-05,2.526157293206280935e-05,2.583181908744043177e-05,2.640605806845545750e-05,2.584746537086783335e-05,2.725892812855637993e-05,2.727722454261063685e-05,2.798163082571211352e-05,2.731975983973639207e-05,2.876119876159109016e-05,2.798255299452330534e-05,2.736838016817357954e-05,2.803614083093515746e-05,2.683649358659709287e-05,2.782524687370761904e-05,2.744462945458970530e-05,2.774846538651676460e-05,2.776858271058337080e-05,2.699518395419363208e-05,2.822972534672093975e-05,2.818343730273967175e-05,2.840369500884195683e-05,2.699833227975863766e-05,2.796907345590435629e-05,2.759958103121509926e-05,2.779468702100345025e-05,2.819751910351910940e-05,2.639054234003826541e-05,2.769887968723278810e-05,2.694481239828826416e-05,2.696577480020549388e-05,2.648763027658645810e-05,2.772100538220376441e-05,2.707614123440964135e-05,2.761974497329912841e-05,2.649566865849648824e-05,2.614933086796984249e-05,2.793194165600194700e-05,2.727361494446153730e-05,2.617252199147042301e-05,2.602771484935818125e-05,2.692320604862716852e-05,2.687913934650357556e-05,2.690915761209870875e-05,2.702928986512521064e-05,2.710077514063927845e-05,2.689167695967130360e-05,2.640045229619504593e-05,2.638752283299400757e-05,2.643344575151897422e-05,2.629295343594428529e-05,2.568455049360382310e-05,2.565181711674860139e-05,2.608851272974992155e-05,2.587803105412688260e-05,2.573725438246455687e-05,2.699253603092546561e-05,2.670634197313383640e-05,2.526486619608025289e-05,2.648592284772765333e-05,2.597396214922362905e-05,2.606150725706077781e-05,2.503891121928327940e-05,2.572251009503569448e-05,2.537164990886750456e-05,2.546970525379916347e-05,2.550767029163498298e-05,2.482902859470807546e-05,2.499917939698887760e-05,2.367409378183591844e-05,2.293312738815838722e-05,2.370446621968962645e-05,2.257859834140125299e-05,2.355545264732007162e-05,2.483657800043857520e-05,2.339671971423038630e-05,2.398958638702127291e-05,2.382659965542730524e-05,2.391774827992015142e-05,2.363458542370287303e-05,2.375207281208961528e-05,2.429052369003950387e-05,2.513467332160096923e-05,2.319914376933700413e-05,2.321857197958027689e-05,2.465327254735638019e-05,2.393156493958954308e-05,2.378378942285597507e-05,2.267993674384574491e-05,2.227698851175634521e-05,2.225168186095135244e-05,2.203570133731605750e-05,2.097028022757590633e-05,2.031302066102841334e-05
2.662661111855699620e-05,2.826339372749885339e-05,2.716404880228460062e-05,2.906438073173450167e-05,2.835143679079833108e-05,2.768008658455953889e-05,2.820618060319195151e-05,2.823860942015425318e-05,2.791916014310974267e-05,2.434652995455048225e-05,2.693537963623422483e-05,2.868196206693397011e-05,2.843846827952263917e-05,2.835253201636287157e-05,2.893772109871632986e-05,2.747032431084656931e-05,2.800693537851890901e-05,2.863711141361774919e-05,2.861584998472699795e-05,2.879010875992853358e-05,2.841653326024362077e-05,2.913241287288698332e-05,2.987162129197143144e-05,2.914849669722899693e-05,2.940387080199594397e-05,2.853620317994949116e-05,2.900050955178895022e-05,2.875316900162026861e-05,2.894609802924870336e-05,2.897799569923039970e-05,2.890181109128014142e-05,2.950393591013367932e-05,2.927011926150949775e-05,2.940088544615979271e-05,2.803201715458525958e-05,2.987493160779583238e-05,2.855272056634518846e-05,2.946286359457847467e-05,2.876337182112424949e-05,2.797459153147121595e-05,2.855496014952650674e-05,2.792918000660446037e-05,2.782983088011604280e-05,2.672217771256244531e-05,2.623489693776258076e-05,2.510811494293231264e-05,2.531534068284330906e-05,2.640777432330927455e-05,2.717783596660983014e-05,2.760295007074726112e-05,2.717582815577235564e-05,2.858390936305762049e-05,2.872177104998950678e-05,2.939838797616474032e-05,2.878469070934633393e-05,3.026940946913117637e-05,2.947545808005153315e-05,2.878062211470763140e-05,2.952104755308942037e-05,2.825178577195602112e-05,2.930767231108345205e-05,2.892936717925555069e-05,2.930353004836370795e-05,2.922243738144852926e-05,2.874851508857876724e-05,2.979910825238100446e-05,2.967891074023803249e-05,3.021533858583029292e-05,2.870220314814677664e-05,2.949347173139001444e-05,2.929386351341273047e-05,2.937707945086933883e-05,2.984311499484889108e-05,2.809089386045998804e-05,2.921771183622743931e-05,2.848025023432524666e-05,2.863397360376377369e-05,2.822665998357384162e-05,2.934749896797132993e-05,2.847880078328064908e-05,2.926299235446711583e-05,2.823076388307792231e-05,2.785807598416758997e-05,2.976023200267718753e-05,2.905289047520883129e-05,2.780388088018044510e-05,2.764536267958651471e-05,2.857270041869495376e-05,2.859731105052186107e-05,2.851796212053075527e-05,2.872480157943442175e-05,2.877907513279862362e-05,2.859855366550083960e-05,2.804983357012898358e-05,2.808889624470092404e-05,2.806982897175744091e-05,2.812367238546484646e-05,2.750870094795664143e-05,2.740914787127685990e-05,2.780368764361385541e-05,2.750928276839888258e-05,2.772610296462738261e-05,2.871270433287334138e-05,2.854040230869790587e-05,2.708266140068492489e-05,2.821535225077659908e-05,2.774730712015216594e-05,2.779364144804190924e-05,2.690974891411555332e-05,2.741861757681143445e-05,2.710033010059945103e-05,2.717681482260364838e-05,2.718379625819250631e-05,2.635835017930775558e-05,2.674935318096894138e-05,2.520189693811632364e-05,2.473301701025757749e-05,2.561632497228804226e-05,2.429038489840159573e-05,2.548968326264836024e-05,2.651324325725482246e-05,2.518092845695489630e-05,2.568876180333699803e-05,2.544339228756831831e-05,2.552785413121360365e-05,2.525335625475555449e-05,2.534687395398951089e-05,2.581903229899306789e-05,2.664175750104550295e-05,2.460695224288746207e-05,2.469731329857656983e-05,2.648373161122608645e-05,2.537874960830533946e-05,2.504279631218656529e-05,2.424177650945645668e-05,2.370219210312587808e-05,2.359840778705713286e-05,2.341242761284996737e-05,2.240218871315984489e-05,2.135287835878794371e-05
2.584958678559036210e-05,2.745491190089193405e-05,2.636083580659554946e-05,2.802431371900280350e-05,2.744311945434965217e-05,2.710068751354485512e-05,2.743664463502313951e-05,2.757987518217719502e-05,2.717896829844424351e-05,2.397373456084528860e-05,2.634428638677744228e-05,2.782549218524437551e-05,2.761920889488981410e-05,2.753650320511305793e-05,2.811017955401921237e-05,2.647945839473152727e-05,2.696932717192886380e-05,2.786278354959225285e-05,2.805396744559662269e-05,2.798090244301744265e-05,2.752494290671268261e-05,2.839241368524896483e-05,2.912476714798264521e-05,2.837022634568644062e-05,2.851474639616143864e-05,2.766404589854977691e-05,2.820908667275640527e-05,2.789315343903856647e-05,2.824167696115693395e-05,2.816845887232091077e-05,2.822604441114405055e-05,2.872250133884522480e-05,2.855230479383543803e-05,2.859553470938189801e-05,2.719831764888065823e-05,2.855272056634518846e-05,2.826115455997916390e-05,2.874408511817266705e-05,2.799067250196850555e-05,2.727078508952331080e-05,2.769288856389080986e-05,2.717515482321810209e-05,2.716186211234657849e-05,2.593551200182674050e-05,2.558309592843547865e-05,2.442951501640066341e-05,2.480404617198516529e-05,2.567670660855101821e-05,2.628997568515752998e-05,2.688923046030185961e-05,2.648959384016547734e-05,2.788741506736449409e-05,2.799120502382122712e-05,2.856798942604296774e-05,2.811276580986003275e-05,2.957125608667804590e-05,2.876738627148243854e-05,2.810211820811431030e-05,2.877499027362966436e-05,2.749533529150101173e-05,2.857622156316153052e-05,2.820600452193915584e-05,2.865955999501712176e-05,2.859405374388557716e-05,2.795773516304814427e-05,2.909590524045200380e-05,2.900785324194487015e-05,2.938484984285553761e-05,2.808643302288670444e-05,2.881875382197564324e-05,2.846882483343774647e-05,2.869014325643860062e-05,2.916115577965039361e-05,2.751749590788038746e-05,2.854621865922063047e-05,2.785610494692294990e-05,2.806601597754066296e-05,2.772387854784891337e-05,2.877066489924325212e-05,2.796827181296707973e-05,2.875138384796680180e-05,2.765798385979897583e-05,2.759702927495367048e-05,2.921632337707017721e-05,2.842186494517840879e-05,2.733535861128385847e-05,2.726058629144147852e-05,2.813999608515984277e-05,2.812694626350330932e-05,2.817579013576273705e-05,2.827707716037310956e-05,2.839995021189074568e-05,2.814266121429194012e-05,2.761432656633515490e-05,2.758498522134195379e-05,2.774966647720257713e-05,2.777497287892492114e-05,2.727297192197843117e-05,2.722500124966962951e-05,2.763117263372882185e-05,2.747949519833943556e-05,2.745411897661828289e-05,2.849240749469006463e-05,2.814850717527859361e-05,2.664887861941659153e-05,2.796842468928097253e-05,2.757646342208717815e-05,2.752718354466240187e-05,2.666561873756743056e-05,2.731387340316230474e-05,2.691491557561976540e-05,2.704906511001372256e-05,2.700822498364111894e-05,2.628645176880027522e-05,2.654319139840230821e-05,2.522878322827820321e-05,2.466328125679584889e-05,2.566640310210440109e-05,2.420505193249185196e-05,2.519250332006741955e-05,2.640897849876383191e-05,2.529254530346275887e-05,2.559188296415560690e-05,2.527196340333384358e-05,2.541512927698228705e-05,2.507740865461968938e-05,2.506411748708482515e-05,2.547021894780954063e-05,2.624268209194678109e-05,2.438400284532552648e-05,2.452549731775502100e-05,2.618640506020762456e-05,2.484682352462095568e-05,2.480752237315658317e-05,2.395178251093428606e-05,2.336991177480520583e-05,2.314003799685963482e-05,2.310191043396126115e-05,2.214146121018724955e-05,2.111340130196044188e-05
2.683479003992363617e-05,2.856059711556051939e-05,2.716576196409322243e-05,2.912186319124547925e-05,2.846437350881243821e-05,2.830040072291209100e-05,2.849919889706870575e-05,2.870783541353658463e-05,2.826608130160536102e-05,2.423921202138052387e-05,2.746801504503739873e-05,2.890082559945075761e-05,2.867830443702751018e-05,2.851206912211857927e-05,2.911549584588414254e-05,2.765278253146785274e-05,2.833484380601209652e-05,2.889611065795519334e-05,2.909239859211674263e-05,2.896996126707619890e-05,2.866268334329866494e-05,2.937778756512366836e-05,3.010591146135929274e-05,2.940657831427891409e-05,2.957387212704412882e-05,2.882244190901959340e-05,2.921223284107749466e-05,2.923453700893958294e-05,2.919879742262460298e-05,2.914104504501483154e-05,2.919189500259133853e-05,2.980974156853978893e-05,2.963498642803574174e-05,2.966446463755055093e-05,2.825357589030146876e-05,2.946286359457847467e-05,2.874408511817266705e-05,3.052671295565446676e-05,2.912854745646846689e-05,2.825608364171309822e-05,2.882612494759337029e-05,2.805020247946358596e-05,2.815891081703088752e-05,2.686494799282035107e-05,2.661242317783243862e-05,2.529806278114967461e-05,2.562528196290287497e-05,2.664500619186577606e-05,2.731624641806890350e-05,2.787590109424194072e-05,2.732422333824215466e-05,2.884757447437673664e-05,2.893365803063567627e-05,2.973412947839617853e-05,2.914954315739700427e-05,3.039878336726293992e-05,2.964480044453871786e-05,2.912104248043477639e-05,2.968328294427615308e-05,2.837703264885376030e-05,2.955366365642031885e-05,2.913510515862365873e-05,2.958490528123018402e-05,2.943967270237541245e-05,2.879924963771983811e-05,2.992543799396067924e-05,2.989983555178919871e-05,3.024706930750908649e-05,2.875310657593758995e-05,2.962809777598869604e-05,2.946211695511529404e-05,2.948930024474423652e-05,3.012834840342320768e-05,2.815028889682774519e-05,2.953328997069013580e-05,2.865886388110297031e-05,2.892927666516836188e-05,2.840609203860218192e-05,2.962872246006716158e-05,2.872278628669165757e-05,2.955790477089571499e-05,2.844969455928520274e-05,2.815097852879243527e-05,3.001251858521341692e-05,2.929672161770582512e-05,2.794847132484327710e-05,2.777293466742529541e-05,2.875296992615282359e-05,2.875081733207924910e-05,2.874173020345681758e-05,2.878781906006499115e-05,2.892129581790179018e-05,2.886440289730976330e-05,2.836253884095724993e-05,2.816484429801779750e-05,2.831521823504053534e-05,2.827319930584238370e-05,2.757624577215296309e-05,2.751607566068563514e-05,2.814766996559275544e-05,2.767832241060447527e-05,2.779662312731970126e-05,2.899597738822184259e-05,2.854091914901654307e-05,2.714863259942350946e-05,2.838507544317353873e-05,2.789058793670116764e-05,2.781000252880682470e-05,2.687051907032374996e-05,2.765057818069622980e-05,2.760454888827144191e-05,2.755856516129226281e-05,2.742603220318974184e-05,2.678747986965933838e-05,2.688282852613052678e-05,2.564891975482734245e-05,2.473451361687963900e-05,2.577023708929799503e-05,2.450967629864521076e-05,2.564971480224812088e-05,2.689912954766204796e-05,2.559037976238829503e-05,2.597081456537694217e-05,2.590135133558089950e-05,2.609733260114907694e-05,2.558749015976323577e-05,2.557557213350233628e-05,2.622395380686655994e-05,2.697130657017810087e-05,2.517935677970225202e-05,2.513772515245296746e-05,2.706417918698960097e-05,2.601292725814609454e-05,2.567204095714197568e-05,2.466304070992281634e-05,2.387231401422855101e-05,2.386662110293759348e-05,2.371493860543719511e-05,2.293240959099064768e-05,2.146680052551035950e-05
2.615522147026403294e-05,2.769523707936091217e-05,2.648596323015083115e-05,2.845807921070500594e-05,2.773263822524594225e-05,2.722196164324443792e-05,2.764506906710021452e-05,2.782107097504341189e-05,2.743435189582662110e-05,2.339439548414329440e-05,2.654924313402454007e-05,2.804849417506360856e-05,2.797675066193029800e-05,2.775645884086620798e-05,2.834078860129528440e-05,2.687227022566874868e-05,2.745890961996529152e-05,2.810615495831591854e-05,2.816513213887243062e-05,2.819269884667175867e-05,2.794209587817993539e-05,2.852619506745273799e-05,2.926336470140288764e-05,2.860597840160108857e-05,2.873663572461684313e-05,2.791699777851502811e-05,2.833420382049854454e-05,2.829836870913911656e-05,2.841666351150728343e-05,2.836723384751276973e-05,2.834491103099119781e-05,2.891349204592994653e-05,2.877806672463262584e-05,2.889976821479274909e-05,2.750543998744136643e-05,2.876337182112424949e-05,2.799067250196850555e-05,2.912854745646846689e-05,2.878505886720009193e-05,2.753950827181678070e-05,2.799094805052400548e-05,2.735134752825512866e-05,2.749346206376496857e-05,2.631128642945463369e-05,2.603438914221201312e-05,2.476494919505210576e-05,2.496960455463422606e-05,2.604325159283608749e-05,2.663909621541611083e-05,2.717136716728551577e-05,2.666876879445811060e-05,2.815692746029201696e-05,2.824188352295519557e-05,2.893191890503914838e-05,2.845878083293745296e-05,2.972730757246227915e-05,2.901049228142459703e-05,2.841016708014272455e-05,2.908021522266763243e-05,2.765744260671831810e-05,2.876770885364151280e-05,2.841322891937660578e-05,2.891410455280360415e-05,2.889941424835361575e-05,2.822477599366204773e-05,2.937885929321588973e-05,2.924087649176584930e-05,2.961702601404096597e-05,2.819989984114237665e-05,2.906826741804807016e-05,2.883538747764892240e-05,2.891683698851535664e-05,2.944661428983972126e-05,2.761842533022970084e-05,2.880244423249924554e-05,2.820976100271506805e-05,2.828403556427829056e-05,2.785529611852845076e-05,2.902427824483245334e-05,2.817323086015649148e-05,2.895702913346854011e-05,2.784939578507145483e-05,2.766049358448728718e-05,2.943594400960627947e-05,2.875881357314954181e-05,2.736290282561151859e-05,2.734740820434627872e-05,2.833242764573487668e-05,2.821034771030749962e-05,2.827952096801488054e-05,2.820026422569261985e-05,2.844321003762139156e-05,2.839502820865327318e-05,2.778130337019843910e-05,2.778955753964258132e-05,2.780444448772114547e-05,2.776488920206258507e-05,2.708972212474474039e-05,2.700653652923145213e-05,2.758603628372235757e-05,2.722818808795860341e-05,2.727069890735631712e-05,2.848680533087046633e-05,2.812511651459941034e-05,2.669682063772556941e-05,2.800699902472937960e-05,2.735263516445954983e-05,2.738230191575744633e-05,2.647968550761380663e-05,2.700334605160401385e-05,2.686876447221766715e-05,2.682773485803531942e-05,2.688261733647293757e-05,2.628189474148620811e-05,2.630623876255559307e-05,2.499666484078645086e-05,2.437499965370705217e-05,2.519013777188279079e-05,2.387799713855340338e-05,2.500542614665664714e-05,2.644614163964599296e-05,2.500609770201793814e-05,2.543630865245433866e-05,2.531736184998861032e-05,2.548587486809679819e-05,2.499689283699551461e-05,2.502224745676977517e-05,2.568394754603668431e-05,2.630394741435238953e-05,2.437993519896706612e-05,2.446766078295812026e-05,2.629746479553165514e-05,2.505779930223644950e-05,2.493325717193931927e-05,2.406380174471411259e-05,2.323855398914911720e-05,2.348337384148289496e-05,2.316477332923619242e-05,2.246381818122172587e-05,2.105780462877930722e-05
2.560003651391731583e-05,2.700526925374762747e-05,2.586089282819341304e-05,2.768856838134204279e-05,2.709207870953625819e-05,2.651514773050111037e-05,2.702269378313194026e-05,2.709353592092619722e-05,2.685786989488599669e-05,2.326784797560245841e-05,2.567647771909193854e-05,2.739846264731511918e-05,2.731021946314359563e-05,2.704112993963905633e-05,2.763252083851397591e-05,2.596127356148831286e-05,2.678249866461025424e-05,2.754042534884337359e-05,2.744047408364022584e-05,2.742168984389365541e-05,2.714290247291887686e-05,2.778341594218817795e-05,2.850684344310067209e-05,2.780255463460232679e-05,2.803090016985571638e-05,2.726388202122420186e-05,2.759314535784374077e-05,2.754950146113528423e-05,2.770512686936088266e-05,2.771017146354475544e-05,2.774236742773289211e-05,2.811610999151988635e-05,2.804784215784182595e-05,2.814894578561112276e-05,2.677433666302767780e-05,2.797459153147121595e-05,2.727078508952331080e-05,2.825608364171309822e-05,2.753950827181678070e-05,2.737751881430489109e-05,2.732558892398474727e-05,2.658787425293657978e-05,2.672044412947367808e-05,2.565873770187127327e-05,2.544737972664076181e-05,2.413035247966298827e-05,2.444047198767162614e-05,2.537358436670672943e-05,2.601204379832856492e-05,2.644244743835460167e-05,2.592956127671577378e-05,2.740680956842653942e-05,2.734015732916040019e-05,2.809970946026997448e-05,2.753954915167345009e-05,2.885584312434514822e-05,2.810975232851515069e-05,2.747961299010461808e-05,2.817809290299638891e-05,2.691524776713328273e-05,2.801132720582275964e-05,2.767354500755249305e-05,2.803919322909318790e-05,2.798740217063484605e-05,2.731144424427293935e-05,2.837347892726655598e-05,2.838474980661133919e-05,2.876255903057329429e-05,2.731529240764133873e-05,2.809336618718788259e-05,2.798197636111955620e-05,2.805750212416891357e-05,2.852987557566648896e-05,2.672548122704856882e-05,2.793117992913058946e-05,2.718081870254474738e-05,2.742341469458625864e-05,2.688850436119131105e-05,2.794669154966426713e-05,2.715132452304410299e-05,2.793339803850118850e-05,2.690686514866696648e-05,2.657704024315809638e-05,2.834237437818372475e-05,2.783815931618045691e-05,2.662644554288343923e-05,2.634832248957723384e-05,2.722631787111702505e-05,2.703430198042476549e-05,2.728320572564552662e-05,2.734066470443604377e-05,2.746268770865080121e-05,2.725080941947913987e-05,2.674783892426706706e-05,2.670045119655255092e-05,2.687515264950399843e-05,2.671399205624224585e-05,2.604591054262248056e-05,2.616681317946303943e-05,2.642753915708020754e-05,2.617852806071676170e-05,2.633150788189115776e-05,2.734007231764028876e-05,2.697479898489067566e-05,2.578745892586600393e-05,2.679788414398099066e-05,2.640583809437022539e-05,2.641358956974989563e-05,2.536486986606194583e-05,2.612411352074765503e-05,2.584714902966972366e-05,2.583273092528506922e-05,2.591955042143122577e-05,2.527548918095723427e-05,2.538205143264686344e-05,2.412042494513428318e-05,2.330565310289275222e-05,2.437983468262210689e-05,2.305087625305675880e-05,2.413693757883504217e-05,2.519681203765838541e-05,2.402610921462362207e-05,2.444017834611056090e-05,2.412997223078627068e-05,2.433470558801506582e-05,2.395420486531894464e-05,2.393250705879798547e-05,2.461167678391702702e-05,2.518886768424164285e-05,2.366953730139877021e-05,2.343166452311599756e-05,2.499717482644061477e-05,2.413788776234924527e-05,2.404492267631313246e-05,2.294853480172712537e-05,2.242429280005557457e-05,2.248636821029503943e-05,2.214202727177106962e-05,2.140098539442137593e-05,2.021134958552514997e-05
2.575731561686138906e-05,2.729592803847616391e-05,2.615274691941189261e-05,2.798744416481507060e-05,2.735990830179118544e-05,2.688199881847875067e-05,2.733497192051444018e-05,2.735275233576865665e-05,2.709859785868084308e-05,2.345092511541985132e-05,2.606615233656125365e-05,2.777690197398368502e-05,2.761324757989233573e-05,2.739445367727329225e-05,2.812116986281729399e-05,2.645806153807751031e-05,2.703470011076136264e-05,2.790488737426272294e-05,2.794800346857051755e-05,2.786930619993261405e-05,2.758080501050057490e-05,2.838668266890508420e-05,2.912277634704716527e-05,2.828415566121525327e-05,2.846308558813135119e-05,2.764436355665336766e-05,2.807622493870479859e-05,2.806268879423426185e-05,2.801847475348003360e-05,2.814737616522540637e-05,2.820366579327099354e-05,2.868325452564254266e-05,2.853967851452872759e-05,2.861192465146243359e-05,2.715214852885659627e-05,2.855496014952650674e-05,2.769288856389080986e-05,2.882612494759337029e-05,2.799094805052400548e-05,2.732558892398474727e-05,2.839968134073641450e-05,2.719419610555602650e-05,2.722958705671067059e-05,2.612310578245235777e-05,2.585553884768701321e-05,2.465667605905693782e-05,2.494075738873906180e-05,2.591753595713217645e-05,2.664324671175731169e-05,2.707355948278398114e-05,2.647912754568057208e-05,2.791692700198936954e-05,2.799434044574021602e-05,2.870173422358588607e-05,2.809061327112133196e-05,2.957517230735213340e-05,2.876630035149029007e-05,2.815922209142065211e-05,2.882693708680165415e-05,2.756881489981065982e-05,2.867885541989713679e-05,2.828415359891932530e-05,2.864893811675568895e-05,2.866359466828545606e-05,2.803233452316772022e-05,2.905549511836475290e-05,2.906761151709251243e-05,2.954655585702874195e-05,2.806408812642462595e-05,2.887302565590387388e-05,2.851632769769342948e-05,2.867341922174509840e-05,2.916067410621505748e-05,2.742756672432732464e-05,2.860890837620273618e-05,2.782021570965656591e-05,2.817290434431032466e-05,2.753516997192038160e-05,2.862278209033295746e-05,2.786187903604941482e-05,2.859743667381182638e-05,2.750257457677405683e-05,2.729904116151252310e-05,2.914890875092365926e-05,2.836073986946434589e-05,2.723929611296929676e-05,2.708771329254848031e-05,2.794408139116271903e-05,2.787400375603543132e-05,2.791232104393439399e-05,2.786139416441644817e-05,2.823387865753243303e-05,2.792527655085508650e-05,2.735390575121651873e-05,2.735558380269194776e-05,2.739877152480646916e-05,2.750224963733889898e-05,2.667169362803840799e-05,2.678930088229309703e-05,2.722565622065098047e-05,2.696365108347877646e-05,2.695969987617690406e-05,2.793761840053719911e-05,2.759061240749340131e-05,2.651917385639933046e-05,2.746819474774996167e-05,2.703508568077305508e-05,2.699858738928193327e-05,2.614280006261165883e-05,2.674262391706229062e-05,2.650458557780869113e-05,2.650288429368497740e-05,2.658446560425015373e-05,2.577469592049122440e-05,2.599756955257073377e-05,2.472052304212418969e-05,2.400765904662507602e-05,2.484323287663247002e-05,2.364729832506394793e-05,2.473506426225619093e-05,2.590139414297432593e-05,2.456805448661794839e-05,2.506708064555240617e-05,2.491429708288403543e-05,2.506956343184563670e-05,2.462132041696106434e-05,2.458392523802812877e-05,2.526180854765707129e-05,2.593487570368434007e-05,2.392981330828368360e-05,2.409665165835562150e-05,2.590758825409875037e-05,2.490199939981912471e-05,2.440509486446769890e-05,2.363229126980785711e-05,2.300940733783030841e-05,2.294402910280739599e-05,2.248375472687407371e-05,2.200883698934950899e-05,2.051260125989915124e-05
2.539062205568029759e-05,2.690898879781582667e-05,2.577062653527637713e-05,2.767210214066103327e-05,2.682984275873391981e-05,2.637230117946913179e-05,2.688734757805925552e-05,2.682736432479765492e-05,2.663527646021843828e-05,2.241024415409134408e-05,2.570350385120152877e-05,2.722617265300668151e-05,2.706052222563069479e-05,2.703981084704377798e-05,2.758050810589319932e-05,2.594280706233355525e-05,2.670308999970759863e-05,2.724241483040051027e-05,2.734340445039244356e-05,2.731260183776082937e-05,2.707129065963508540e-05,2.773986147378124692e-05,2.830105887893614598e-05,2.760364868634757751e-05,2.798081675802649673e-05,2.703910291842132670e-05,2.760638298074613879e-05,2.738838163746464457e-05,2.751945781885449763e-05,2.753565426292287454e-05,2.743556070699342304e-05,2.817163636174745137e-05,2.791798092787057807e-05,2.797965494191536552e-05,2.670696499288470422e-05,2.792918000660446037e-05,2.717515482321810209e-05,2.805020247946358596e-05,2.735134752825512866e-05,2.658787425293657978e-05,2.719419610555602650e-05,2.707779931491579171e-05,2.663614222634497311e-05,2.546636767959302639e-05,2.526350159287643122e-05,2.419145752833624460e-05,2.414617895548170186e-05,2.520069639872046487e-05,2.581864603720435987e-05,2.636073745985205365e-05,2.583547470383027996e-05,2.717762842522018424e-05,2.734966275694671354e-05,2.789506094395523489e-05,2.734402466506166766e-05,2.886561673232596745e-05,2.805020458279503811e-05,2.735547549742387352e-05,2.814847851912241706e-05,2.678545231986367796e-05,2.783022505298304758e-05,2.742169843280010372e-05,2.777215223470417321e-05,2.793977253157591562e-05,2.725549937232429675e-05,2.832571582310261976e-05,2.833712894708060641e-05,2.864473675466043209e-05,2.724717843233728714e-05,2.824477867118581489e-05,2.765395756426936374e-05,2.789767858446122296e-05,2.843151213105690164e-05,2.662870165531419953e-05,2.796447278409026411e-05,2.710613969700468058e-05,2.727354919497653517e-05,2.672775337689472979e-05,2.791742192614744627e-05,2.728317771217647972e-05,2.789497093467361436e-05,2.672577241219869812e-05,2.674172073578854919e-05,2.830511577977943465e-05,2.760154057215999450e-05,2.642675818893757772e-05,2.641555890611674802e-05,2.729012829347910964e-05,2.728837423146062639e-05,2.731278255368020067e-05,2.715340834010337794e-05,2.744847747485323672e-05,2.728363795497849945e-05,2.672938508793906313e-05,2.672750425275763887e-05,2.673184943193168952e-05,2.668783442772845526e-05,2.620073085258050157e-05,2.610765151286839364e-05,2.648603154347141443e-05,2.646204105150007810e-05,2.633903768462916300e-05,2.732748161283242701e-05,2.714158749685296795e-05,2.575755569650837467e-05,2.695588709281311848e-05,2.640262100525291315e-05,2.650992456165937928e-05,2.563376464553530500e-05,2.616710422626977451e-05,2.571213233583376242e-05,2.594883654823721292e-05,2.598601082968049367e-05,2.529469102457428483e-05,2.544516018199870542e-05,2.413138383109503053e-05,2.352229522287250482e-05,2.431466377731713306e-05,2.321285421643332349e-05,2.409408778360218505e-05,2.522159900681104935e-05,2.402324337794478133e-05,2.463326205557924201e-05,2.444490395772356710e-05,2.461510048282105600e-05,2.415385677765359213e-05,2.433338587959336347e-05,2.483740302882702345e-05,2.551758497056782438e-05,2.363344337956862389e-05,2.367021217293495123e-05,2.522386055450928351e-05,2.427609707802980132e-05,2.418699594057112799e-05,2.320114094826353183e-05,2.259849962564925620e-05,2.260788858832402451e-05,2.240113045850686269e-05,2.154907315773208295e-05,2.057136429517371530e-05
2.542054163322477259e-05,2.690575694175658289e-05,2.568404946980043835e-05,2.761636880528711940e-05,2.689812485899702827e-05,2.650128049009575201e-05,2.688082091781921273e-05,2.695655250552225716e-05,2.675269626690448413e-05,2.269927258266838898e-05,2.551141924916897129e-05,2.722866988797895452e-05,2.714777595194053865e-05,2.699925043433731010e-05,2.753185818781267119e-05,2.592547817272732879e-05,2.662730078322250791e-05,2.727751663761161479e-05,2.748851512914642959e-05,2.743710655915774976e-05,2.708091605522558996e-05,2.786164532889347182e-05,2.845279197252599627e-05,2.773429161497959278e-05,2.800261481805289081e-05,2.703651922593693449e-05,2.756488723905613553e-05,2.747364652981806480e-05,2.751857559412097370e-05,2.754229004259100348e-05,2.757156414504195467e-05,2.817156550547803522e-05,2.800047244656180142e-05,2.802673186231204806e-05,2.668442171809107559e-05,2.782983088011604280e-05,2.716186211234657849e-05,2.815891081703088752e-05,2.749346206376496857e-05,2.672044412947367808e-05,2.722958705671067059e-05,2.663614222634497311e-05,2.719478577264015926e-05,2.555665939849829501e-05,2.534646148121942288e-05,2.424278913516867844e-05,2.437849042175000311e-05,2.543301161919839985e-05,2.598456082823139330e-05,2.654523880286566631e-05,2.581205346282616938e-05,2.736884070665599703e-05,2.739264270652985703e-05,2.811370540249598753e-05,2.755375331776237571e-05,2.876218579218079729e-05,2.807338464797184358e-05,2.742088383433198347e-05,2.800218696083215511e-05,2.671638274756300323e-05,2.793916036346710859e-05,2.751967217964145139e-05,2.793873796660136685e-05,2.793018444379081902e-05,2.713579907007537375e-05,2.833555790664462151e-05,2.821453147278063536e-05,2.866266364538729583e-05,2.717663494697955835e-05,2.803147395310704622e-05,2.780195502547772379e-05,2.786196320892408897e-05,2.839957306087205098e-05,2.654430747150027863e-05,2.782441491202447315e-05,2.715586928377964975e-05,2.724578418750964745e-05,2.662505407472068390e-05,2.789999409480226945e-05,2.714513446310801842e-05,2.783322159965451916e-05,2.676309846675807393e-05,2.644610946206980034e-05,2.822237995254682022e-05,2.751649747851812609e-05,2.637534946677074513e-05,2.630224641035688117e-05,2.704997989425580936e-05,2.713452863312651198e-05,2.713052685119974794e-05,2.706480608765392913e-05,2.717110106007590074e-05,2.711521799787572955e-05,2.660773087317609887e-05,2.678930770235586108e-05,2.660699067675228809e-05,2.648989561340781113e-05,2.588686279173661763e-05,2.602268255204777872e-05,2.644115808490525650e-05,2.619584740977888270e-05,2.605470463494365002e-05,2.731301874307883671e-05,2.682561411121454955e-05,2.561788818364016632e-05,2.675656483214059231e-05,2.628369221887246507e-05,2.622122020478012900e-05,2.526717457537693801e-05,2.604320605757642562e-05,2.568879760117379982e-05,2.586385036841457285e-05,2.599470807166651801e-05,2.522633788889552854e-05,2.523024624427385666e-05,2.401419178879231700e-05,2.315095038131316442e-05,2.408138601933817679e-05,2.286857980647875372e-05,2.395663046727822997e-05,2.522436053926246455e-05,2.393143561922002596e-05,2.435690101764356746e-05,2.436913231301843141e-05,2.438105058556488036e-05,2.403118317070208033e-05,2.401686890099825609e-05,2.466437807528932687e-05,2.540279639437372826e-05,2.363258431961718387e-05,2.344757724429704070e-05,2.530054030863290254e-05,2.435605689043921342e-05,2.402544831872634824e-05,2.325927536377503420e-05,2.255185918573109074e-05,2.259105334815512156e-05,2.235368335354335218e-05,2.160259953846661973e-05,2.053371581443755138e-05
2.444220213977907780e-05,2.588384665518929554e-05,2.461212478313405569e-05,2.646668010816563354e-05,2.580364046402286394e-05,2.515864290391782825e-05,2.583747516141888528e-05,2.574263017028899302e-05,2.553025124690496886e-05,2.169263255652361839e-05,2.447377672284567964e-05,2.617743738928169126e-05,2.596801066217820826e-05,2.587064439006963245e-05,2.635380486988454356e-05,2.508050739398177034e-05,2.577936977914248851e-05,2.608131658033822456e-05,2.604665419938467449e-05,2.624268058210662576e-05,2.609422506733227869e-05,2.659949000228523154e-05,2.720186197765784645e-05,2.655922535988248292e-05,2.686879874156324782e-05,2.608728366209709656e-05,2.632806169374338515e-05,2.620970191136615351e-05,2.637653114508583621e-05,2.641912991453934729e-05,2.629556971412621162e-05,2.682085281210957352e-05,2.669702809977845368e-05,2.685531684478239490e-05,2.558515051918517583e-05,2.672217771256244531e-05,2.593551200182674050e-05,2.686494799282035107e-05,2.631128642945463369e-05,2.565873770187127327e-05,2.612310578245235777e-05,2.546636767959302639e-05,2.555665939849829501e-05,2.501095816108033352e-05,2.445471503447091977e-05,2.330435916475550565e-05,2.338360046310158352e-05,2.443426447544567060e-05,2.493497740418288363e-05,2.530870195033232842e-05,2.474953678078529353e-05,2.626400215419580564e-05,2.620373110217952514e-05,2.677638266873994956e-05,2.614509874634791210e-05,2.745352676589113311e-05,2.678213601789442897e-05,2.616806801383536859e-05,2.687794493065786330e-05,2.560489317336571321e-05,2.667423788128576775e-05,2.627882522331931658e-05,2.661619699730756298e-05,2.665992913372862454e-05,2.606683401691049326e-05,2.698297950622273052e-05,2.705714181402455544e-05,2.732552905410119427e-05,2.602913790445362491e-05,2.667825923345344029e-05,2.648617485267924465e-05,2.663845117227167683e-05,2.709183129132581341e-05,2.539796936408502518e-05,2.663888485807777535e-05,2.576951311257999274e-05,2.602967702392025066e-05,2.547010859004289409e-05,2.654020306779805393e-05,2.594444214614969395e-05,2.648211972553805521e-05,2.552066623917807037e-05,2.521092606782313487e-05,2.684737111049542813e-05,2.626692742259334465e-05,2.514770851635686323e-05,2.507111663208063559e-05,2.586204207410705040e-05,2.575786962159908028e-05,2.583624935921836432e-05,2.575465583387845391e-05,2.602492925400073701e-05,2.589901247889764600e-05,2.546351564369909559e-05,2.546772463041410922e-05,2.543692606459087836e-05,2.531013548102584255e-05,2.474050228627756989e-05,2.485439074246429357e-05,2.503335512139208990e-05,2.498967728374021412e-05,2.490672829716018109e-05,2.600721368974709386e-05,2.561358488704973247e-05,2.445200653846562973e-05,2.545519208401050100e-05,2.494892979610425810e-05,2.509263096303160861e-05,2.400373777424420749e-05,2.471005562033393629e-05,2.433959521710374945e-05,2.445954280509432679e-05,2.454362951343120897e-05,2.395881830157092673e-05,2.413093118031075065e-05,2.296968551765475006e-05,2.206325462576055871e-05,2.280450381742133253e-05,2.183007940457080517e-05,2.265777474059775919e-05,2.387374623638336565e-05,2.264902442022573214e-05,2.311715141027017816e-05,2.297463195329276634e-05,2.286629572567124352e-05,2.283396655131899911e-05,2.264399599482259354e-05,2.342916294295970835e-05,2.400483550407554788e-05,2.221125321682679391e-05,2.214420936845686732e-05,2.389018249081904634e-05,2.291450055473508298e-05,2.265522866073722502e-05,2.195335694000152363e-05,2.136978385611765355e-05,2.137901159451454977e-05,2.093528381038460256e-05,2.053140653376299662e-05,1.944915189408684994e-05
2.388600588664888997e-05,2.538491975858427288e-05,2.409051883676499879e-05,2.587692010303006642e-05,2.528827613274334512e-05,2.474657728772954507e-05,2.540910606637849598e-05,2.520907054096888799e-05,2.505978862881766040e-05,2.120749690583908939e-05,2.383613493774335563e-05,2.561948883177100404e-05,2.548738346996167820e-05,2.542869874837090245e-05,2.585641192311726372e-05,2.461303808688682058e-05,2.523276126362570306e-05,2.564316002326266821e-05,2.568767944639915402e-05,2.567633763305434368e-05,2.559099833295415101e-05,2.611573903898662403e-05,2.665364406869822307e-05,2.604313240849807695e-05,2.626366790302259453e-05,2.559207690107373687e-05,2.596608286596219499e-05,2.588777730820890965e-05,2.596268322574784462e-05,2.596260785385456459e-05,2.587408534737475665e-05,2.639774244912932482e-05,2.630967220199442359e-05,2.645552331895801914e-05,2.519093630877187282e-05,2.623489693776258076e-05,2.558309592843547865e-05,2.661242317783243862e-05,2.603438914221201312e-05,2.544737972664076181e-05,2.585553884768701321e-05,2.526350159287643122e-05,2.534646148121942288e-05,2.445471503447091977e-05,2.484064286283326154e-05,2.321984834003274590e-05,2.336709702147730006e-05,2.422086294005201828e-05,2.474098370272060260e-05,2.514444983378796427e-05,2.446187077235995746e-05,2.599108682098576350e-05,2.590538764976223877e-05,2.663608782327868253e-05,2.602184710414933891e-05,2.726355911836418635e-05,2.664538204315269808e-05,2.602096218413722063e-05,2.665005953153036785e-05,2.536760846417195384e-05,2.648057668516462192e-05,2.622679538397486892e-05,2.647889755257189408e-05,2.656518080652312187e-05,2.590297210536682534e-05,2.677403831880872937e-05,2.690277197123687808e-05,2.723648597139119546e-05,2.587512358922241872e-05,2.667453421871727638e-05,2.638026802546077833e-05,2.658075807243564858e-05,2.710429964712362185e-05,2.534782550992036303e-05,2.672585890854948363e-05,2.582079234071472379e-05,2.614061553787177901e-05,2.540983623551828724e-05,2.653922387692933549e-05,2.600632031813133812e-05,2.648782795548170401e-05,2.554757745445327755e-05,2.543158501166998072e-05,2.694179001301757445e-05,2.637746452051430350e-05,2.514685512989109806e-05,2.514465200813097287e-05,2.587960982736494723e-05,2.581179931699564275e-05,2.589693275406368183e-05,2.571889384394417677e-05,2.606488993597246890e-05,2.602522545043033686e-05,2.561218490307390886e-05,2.552744833123544619e-05,2.549935344014268000e-05,2.530576286920127696e-05,2.481669684552945850e-05,2.487820870141889358e-05,2.514534254198813899e-05,2.497769290681473478e-05,2.495705115546747096e-05,2.595255315954175332e-05,2.568875752489385532e-05,2.451592377049322371e-05,2.546499310674778642e-05,2.498640378440279924e-05,2.501258335486079935e-05,2.395481210084226672e-05,2.467770826848467139e-05,2.438455936170338858e-05,2.443932670227151602e-05,2.461066768041942973e-05,2.414751211170111970e-05,2.407527785102887613e-05,2.286475102501435777e-05,2.212938665833048000e-05,2.284253996155221874e-05,2.196692454201337126e-05,2.282189129417956500e-05,2.381951375188160966e-05,2.276877380846049060e-05,2.308043167890853691e-05,2.301534302878905473e-05,2.302001852648958706e-05,2.286594799411121895e-05,2.262564698193359793e-05,2.346319777441651221e-05,2.400126305437451317e-05,2.237578883191137692e-05,2.211799293640555390e-05,2.375094135044745295e-05,2.306213096763894577e-05,2.258371907141092926e-05,2.188502103298828306e-05,2.132746214999244326e-05,2.120823206583950053e-05,2.105539487477592440e-05,2.061687477147198537e-05,1.923419201508023684e-05
2.309871599420839193e-05,2.450793269271198796e-05,2.323132356688708825e-05,2.502947059806173355e-05,2.417705431407753678e-05,2.369739683043819983e-05,2.437175848674649832e-05,2.427747302703597238e-05,2.413677418902724159e-05,1.985180481659434346e-05,2.301655849980510006e-05,2.454372187399160135e-05,2.452095676433706725e-05,2.443133142405711018e-05,2.484497531321864361e-05,2.344593913085033608e-05,2.435104119566649118e-05,2.467270353359005174e-05,2.460425443365757395e-05,2.454168984589896911e-05,2.467378888175357450e-05,2.512247122356799312e-05,2.533923176301297202e-05,2.479407994809465003e-05,2.527287124230811710e-05,2.447007158742726469e-05,2.488305141185643995e-05,2.475099814004176157e-05,2.479754614482702164e-05,2.476423371653317920e-05,2.481339674703134747e-05,2.536143990192555860e-05,2.527861288576594283e-05,2.534001938932726260e-05,2.413249738140953228e-05,2.510811494293231264e-05,2.442951501640066341e-05,2.529806278114967461e-05,2.476494919505210576e-05,2.413035247966298827e-05,2.465667605905693782e-05,2.419145752833624460e-05,2.424278913516867844e-05,2.330435916475550565e-05,2.321984834003274590e-05,2.277862090847787983e-05,2.222056700354542078e-05,2.300878825712414868e-05,2.356532499194007279e-05,2.404849157373056766e-05,2.337633214245535225e-05,2.476571290747591925e-05,2.464956264267953142e-05,2.520921732112174618e-05,2.460278110769778523e-05,2.587045759093975722e-05,2.524481818378952248e-05,2.464480521052978012e-05,2.524045514737368047e-05,2.393904554194257802e-05,2.509714319815672568e-05,2.472951839397618965e-05,2.489925716979429979e-05,2.521375254779838681e-05,2.447570339059085116e-05,2.533373774517089845e-05,2.543287180025910254e-05,2.568518932101092404e-05,2.439515823688750030e-05,2.522701978902166598e-05,2.500668945467064922e-05,2.508685421967476206e-05,2.565349258740371751e-05,2.397866092705515698e-05,2.520715754046040091e-05,2.448112730923233095e-05,2.455904765050732243e-05,2.386620247988700493e-05,2.498839890890673285e-05,2.451787072933492989e-05,2.516254063895612348e-05,2.404173095375601130e-05,2.388827992794769284e-05,2.542989527885114895e-05,2.466204781801803754e-05,2.363819913449342352e-05,2.368712188439167730e-05,2.444306817264756682e-05,2.432761156397483533e-05,2.451422446116167272e-05,2.424669989726156401e-05,2.456321562960726713e-05,2.439471723487518411e-05,2.400535775291660041e-05,2.389865196673887025e-05,2.391686217170080941e-05,2.367189564386384726e-05,2.326467699640628802e-05,2.325192966197276145e-05,2.356738047508798246e-05,2.354506165159302980e-05,2.331517466570122373e-05,2.435437066003948021e-05,2.413420963575016500e-05,2.295097484252665390e-05,2.388979084949983806e-05,2.340035121270963751e-05,2.359112835015399301e-05,2.254610332523084200e-05,2.327926051275352554e-05,2.276918363291639347e-05,2.294955328183638561e-05,2.302488155751971347e-05,2.268565105221293161e-05,2.247248161077001010e-05,2.150823455748829846e-05,2.083274250183763209e-05,2.139895341856659370e-05,2.052829884529097570e-05,2.144815244411057314e-05,2.232667687630428009e-05,2.110800568682002175e-05,2.161758711672610606e-05,2.151602583310425993e-05,2.159888473545087500e-05,2.118576844003828712e-05,2.143828508445313880e-05,2.197023944387883922e-05,2.260859158941488746e-05,2.098299370135017487e-05,2.079120780023624809e-05,2.230797189066550617e-05,2.173711831125473652e-05,2.142183027945835226e-05,2.066696305857711500e-05,2.017245784219003581e-05,2.010524841632679345e-05,1.987281104481843156e-05,1.935951185741099481e-05,1.834361435706834825e-05
2.267614675653675400e-05,2.419743957817202475e-05,2.306866076118711567e-05,2.452855939540870046e-05,2.410823306398869839e-05,2.383241694084121544e-05,2.424512778184076495e-05,2.413132282161342484e-05,2.390245292594602534e-05,2.115946448496325004e-05,2.305559539157358686e-05,2.470591418300624724e-05,2.442752748427309324e-05,2.422141431847203827e-05,2.489048567332733416e-05,2.355171335951031282e-05,2.392297853933094052e-05,2.450919259159168705e-05,2.473570120838778134e-05,2.463589158469695804e-05,2.449326320767759483e-05,2.518639642710042149e-05,2.564382893020109635e-05,2.508946944616404021e-05,2.504950320345555498e-05,2.455124322563329104e-05,2.489720145011835528e-05,2.489458883065122941e-05,2.501073323234587187e-05,2.504367051722665598e-05,2.501586689797054660e-05,2.541146935255952151e-05,2.534314817306756678e-05,2.548871670679415336e-05,2.412131464210175253e-05,2.531534068284330906e-05,2.480404617198516529e-05,2.562528196290287497e-05,2.496960455463422606e-05,2.444047198767162614e-05,2.494075738873906180e-05,2.414617895548170186e-05,2.437849042175000311e-05,2.338360046310158352e-05,2.336709702147730006e-05,2.222056700354542078e-05,2.315499645714899434e-05,2.327317832352456881e-05,2.387832156405410213e-05,2.436306178732338968e-05,2.367216933821303436e-05,2.504708556451195012e-05,2.496986946470780591e-05,2.565967073404634718e-05,2.511305309408342221e-05,2.639671789662473143e-05,2.567534957575087480e-05,2.538260059237156319e-05,2.562946994727766114e-05,2.454817463686224881e-05,2.557509878761002813e-05,2.537032826453683259e-05,2.568424934746700743e-05,2.550283151219168607e-05,2.508883325588932728e-05,2.594828082206038192e-05,2.597684523884414629e-05,2.626600037117964842e-05,2.499736877973500192e-05,2.572381346797222688e-05,2.567067005867091207e-05,2.574921331966920730e-05,2.618046171746946064e-05,2.473679922910505211e-05,2.572950662051733106e-05,2.499756664388201496e-05,2.514575450442311583e-05,2.478941580821939164e-05,2.573520697330396062e-05,2.489499523886062228e-05,2.579424755566879870e-05,2.470290697908213452e-05,2.463205916879034456e-05,2.621340134511195800e-05,2.550207368712973253e-05,2.450872018838084850e-05,2.446096791596241647e-05,2.516168727236756868e-05,2.509836094713900490e-05,2.521000387850609194e-05,2.510880803919647447e-05,2.528802880612159376e-05,2.505943123703016016e-05,2.482052313769628158e-05,2.455844758369578137e-05,2.472600728513211951e-05,2.465827037563398096e-05,2.429142124762960440e-05,2.433005045537070201e-05,2.448377833025942084e-05,2.430885193266700881e-05,2.432613480014448343e-05,2.523428367356766742e-05,2.480228913256437431e-05,2.384468830568371736e-05,2.468554147199380385e-05,2.434315355344850447e-05,2.434920305275400693e-05,2.345345224834735677e-05,2.409086776773183868e-05,2.383987822572310812e-05,2.398046957482091569e-05,2.398501912242919035e-05,2.321718934123221875e-05,2.331391916930642186e-05,2.242522187712660568e-05,2.172388897011956810e-05,2.243987019502595104e-05,2.136366413837695194e-05,2.220126627742590331e-05,2.311863942827760437e-05,2.224330306572557152e-05,2.236608889049829357e-05,2.219377093693447177e-05,2.241605972241424632e-05,2.191581784495858827e-05,2.175157774007748781e-05,2.223281925311532887e-05,2.298924049939597488e-05,2.119997071103456535e-05,2.122323370134960660e-05,2.293907500184615261e-05,2.191189337586969490e-05,2.165849789182008322e-05,2.091694152784019059e-05,2.024481721476969258e-05,2.024419932567149221e-05,2.019191582576821556e-05,1.955598890229409600e-05,1.832966789685593488e-05
2.400444551323488088e-05,2.538763031991579869e-05,2.429195203137774181e-05,2.607230348391361847e-05,2.542490678571417311e-05,2.493816228232895003e-05,2.548218164414726140e-05,2.543946853390564107e-05,2.525990258750051467e-05,2.124927530479781798e-05,2.399167568181377459e-05,2.582125446182016791e-05,2.565364034834571538e-05,2.545224877580386436e-05,2.602206138207502695e-05,2.460231860358076618e-05,2.518737090553292205e-05,2.578676529254736799e-05,2.579597581836229480e-05,2.592579910030180858e-05,2.569862906385060825e-05,2.628690263649340059e-05,2.690754607378127443e-05,2.633975989242002118e-05,2.642592464338092029e-05,2.560692766428859511e-05,2.594885415643425177e-05,2.591682361500835809e-05,2.600283844544229594e-05,2.610607336715907562e-05,2.609215361408103343e-05,2.662695943727620083e-05,2.644077141934421635e-05,2.644998414086306525e-05,2.526157293206280935e-05,2.640777432330927455e-05,2.567670660855101821e-05,2.664500619186577606e-05,2.604325159283608749e-05,2.537358436670672943e-05,2.591753595713217645e-05,2.520069639872046487e-05,2.543301161919839985e-05,2.443426447544567060e-05,2.422086294005201828e-05,2.300878825712414868e-05,2.327317832352456881e-05,2.475867998662284857e-05,2.480978379939477858e-05,2.517833401071432184e-05,2.454507306314950731e-05,2.612021025526828144e-05,2.593975348487018707e-05,2.663550944144285935e-05,2.610474143991362180e-05,2.734565328350768341e-05,2.662766595190218228e-05,2.605771375887854058e-05,2.666053959774115925e-05,2.553371534745295583e-05,2.657192577596604666e-05,2.628126237275556581e-05,2.655588261762615394e-05,2.655752348393861415e-05,2.593474032862303405e-05,2.682864565499908118e-05,2.689619914773624322e-05,2.729762132673352527e-05,2.587265246989636829e-05,2.659105197629898368e-05,2.656727426054991746e-05,2.660779007503069913e-05,2.693227659487063981e-05,2.547753502433197043e-05,2.656539509743588497e-05,2.590740478021398370e-05,2.604351769211004397e-05,2.551792135435543307e-05,2.662883993672860496e-05,2.588346681491202211e-05,2.654488370220874546e-05,2.557594451718580580e-05,2.530205235488951687e-05,2.705254223768502474e-05,2.627876193314767654e-05,2.535084112815279853e-05,2.515891108784877941e-05,2.584278108321919542e-05,2.583295784266370453e-05,2.591318100020432725e-05,2.581776424110871133e-05,2.605235276017655593e-05,2.605152479775341251e-05,2.547373804288119239e-05,2.546844101327337605e-05,2.546625403482860017e-05,2.536205856865639662e-05,2.485384792401343706e-05,2.497525119952874516e-05,2.536036644316105382e-05,2.503988284941775972e-05,2.509174909665563065e-05,2.607367915745536450e-05,2.566890995430651443e-05,2.455620498367787582e-05,2.556285174760056082e-05,2.510838635493392357e-05,2.513604185586123968e-05,2.427665381518209840e-05,2.475425420080528966e-05,2.464395213064164743e-05,2.479698140605981707e-05,2.484567661547299036e-05,2.406010666342910643e-05,2.426888092513290794e-05,2.299161843496520927e-05,2.229245011974334385e-05,2.309426918109811947e-05,2.194787101664619070e-05,2.305330218511223757e-05,2.390693032342985965e-05,2.300042816470685846e-05,2.321257328769187566e-05,2.313749336590611809e-05,2.310041072537077998e-05,2.311206316331403118e-05,2.275610063135871842e-05,2.334906500025666525e-05,2.406367633773637203e-05,2.253069334837270649e-05,2.238023539549785569e-05,2.411903420379403018e-05,2.323352552975856136e-05,2.300103599402760523e-05,2.217520975836133570e-05,2.146682517436478583e-05,2.144752905437325756e-05,2.118035483237065670e-05,2.062504741653179433e-05,1.935557646514313447e-05
2.421148756923237618e-05,2.567160612553203079e-05,2.461275991153743056e-05,2.637195024133866781e-05,2.573289367851483751e-05,2.526491201586702990e-05,2.572444810946142253e-05,2.558926447297955954e-05,2.536582123049262126e-05,2.241232667861151810e-05,2.451340731603713781e-05,2.614565124606746087e-05,2.596662451032483363e-05,2.583476001478391922e-05,2.636000088965594505e-05,2.496263232175228332e-05,2.554323704812133853e-05,2.615562043171756399e-05,2.635789291302313809e-05,2.630143595446265200e-05,2.600944420477079681e-05,2.688602593907923985e-05,2.747326496502991710e-05,2.664422760203180669e-05,2.683513999532049807e-05,2.611274936217804294e-05,2.653799825436722656e-05,2.653671276612121836e-05,2.666994750712041662e-05,2.665305895120883734e-05,2.659543398623566635e-05,2.722335785053161343e-05,2.694755839426686851e-05,2.711509146818871956e-05,2.583181908744043177e-05,2.717783596660983014e-05,2.628997568515752998e-05,2.731624641806890350e-05,2.663909621541611083e-05,2.601204379832856492e-05,2.664324671175731169e-05,2.581864603720435987e-05,2.598456082823139330e-05,2.493497740418288363e-05,2.474098370272060260e-05,2.356532499194007279e-05,2.387832156405410213e-05,2.480978379939477858e-05,2.591162924244107399e-05,2.591484242735428455e-05,2.536859051242005124e-05,2.683281761438604599e-05,2.682816078783310202e-05,2.745351299279458164e-05,2.685811819048417642e-05,2.827062878297146253e-05,2.759717784998805655e-05,2.705459125402043971e-05,2.762589432352939380e-05,2.643650067809354397e-05,2.757046295761551334e-05,2.722586309246527607e-05,2.754977433252413268e-05,2.749864738406703203e-05,2.689723367046853046e-05,2.786007819165439188e-05,2.798605668987349461e-05,2.844817500736104639e-05,2.695930825696585202e-05,2.762765579781978415e-05,2.765220673422521695e-05,2.772820993889995320e-05,2.814729220644142334e-05,2.642784398313287536e-05,2.765468302796941232e-05,2.693664367602943628e-05,2.710220378210678529e-05,2.662317886828516244e-05,2.759267836408491926e-05,2.688028612204160393e-05,2.756502914597278652e-05,2.656576420491273729e-05,2.646257787987719201e-05,2.819090702808474335e-05,2.737565859658167071e-05,2.627955703483681236e-05,2.622815821123165251e-05,2.693292477785828035e-05,2.688874759734579900e-05,2.696693546833154353e-05,2.689930244434194813e-05,2.711412357424329106e-05,2.701846054960897571e-05,2.649764843200394689e-05,2.657168378852105498e-05,2.645572840134088145e-05,2.651812221269479736e-05,2.587968814241868259e-05,2.595750490326537179e-05,2.638482322974368188e-05,2.603405858604605384e-05,2.623414994073759756e-05,2.715040744140584600e-05,2.676729910543119479e-05,2.564515585176753611e-05,2.665709090794151636e-05,2.632649011325486997e-05,2.624971337587207583e-05,2.523762601619842247e-05,2.582985039599480925e-05,2.576630955986571400e-05,2.570094560485806185e-05,2.569948736406132823e-05,2.499048090261388652e-05,2.520582241468858646e-05,2.399583356456763073e-05,2.337107367220051212e-05,2.422561582293242889e-05,2.305103421458478885e-05,2.404737881559764639e-05,2.500294677348386681e-05,2.386122773171361788e-05,2.422303915602413467e-05,2.420092977930185835e-05,2.430199279162429399e-05,2.393066659481685063e-05,2.381444762638718890e-05,2.443270736738345437e-05,2.521754017724654325e-05,2.350202493152411980e-05,2.351051594613362249e-05,2.514011367152783812e-05,2.421458251015559538e-05,2.363768015072996797e-05,2.296425016169620733e-05,2.244091971696775091e-05,2.244022342941875706e-05,2.211572458984537024e-05,2.144353061912323310e-05,2.010696784025674347e-05
2.471496322083531139e-05,2.616647879538473121e-05,2.513361245985760794e-05,2.697042124971547989e-05,2.619128134851362295e-05,2.577551998383790206e-05,2.638327337790680698e-05,2.621028571209139089e-05,2.600909125501985178e-05,2.217851950137003295e-05,2.489488400162758128e-05,2.665676283201143257e-05,2.642261390116372512e-05,2.624678233052325213e-05,2.695133116625710962e-05,2.524151375014736825e-05,2.599575039242048392e-05,2.673078004171193105e-05,2.679163626188619000e-05,2.675884558399591021e-05,2.651192634604306980e-05,2.744875154935122729e-05,2.798322981878409625e-05,2.708665840414772476e-05,2.739024562840657143e-05,2.653792815643565416e-05,2.699283083520155602e-05,2.705483726058204778e-05,2.719726006854087462e-05,2.716058487775568100e-05,2.715952821044363458e-05,2.764996103514037599e-05,2.769676855004786259e-05,2.766018574100854798e-05,2.640605806845545750e-05,2.760295007074726112e-05,2.688923046030185961e-05,2.787590109424194072e-05,2.717136716728551577e-05,2.644244743835460167e-05,2.707355948278398114e-05,2.636073745985205365e-05,2.654523880286566631e-05,2.530870195033232842e-05,2.514444983378796427e-05,2.404849157373056766e-05,2.436306178732338968e-05,2.517833401071432184e-05,2.591484242735428455e-05,2.690071102459403349e-05,2.586924325913221413e-05,2.731568262988151019e-05,2.733237587821044215e-05,2.813094499563818527e-05,2.734857397660388263e-05,2.878191924020536907e-05,2.804639249695774819e-05,2.756049359556498831e-05,2.809729108261454692e-05,2.690876538809100098e-05,2.806605561561740923e-05,2.770619044605374194e-05,2.799822716713073345e-05,2.803988711279393974e-05,2.740451059333337156e-05,2.836725951593699723e-05,2.840170459650575199e-05,2.881907059571752085e-05,2.736880436455767354e-05,2.824464072093637890e-05,2.811320385959098522e-05,2.824583588142618026e-05,2.876726507654397112e-05,2.700323621253816549e-05,2.819695259701546881e-05,2.741279967392388543e-05,2.759556053348191049e-05,2.714701203027960059e-05,2.817943882659991442e-05,2.746374979539517607e-05,2.821532052922582165e-05,2.712807283836091426e-05,2.693516326627393257e-05,2.859989963128609767e-05,2.805962122345957916e-05,2.678405898341310379e-05,2.679427491225487465e-05,2.753232156491229821e-05,2.746768235841727404e-05,2.766505051869177934e-05,2.743332184521827863e-05,2.782373531998099883e-05,2.734938750929728966e-05,2.705042143905234047e-05,2.704503221699547909e-05,2.706730806514265046e-05,2.696694893276060524e-05,2.643117783459698813e-05,2.641214447507655273e-05,2.686483457845433462e-05,2.671914220812700107e-05,2.656817800793814612e-05,2.773488671655194602e-05,2.728001046446092522e-05,2.599187834681445281e-05,2.723132375965426938e-05,2.654741769053671791e-05,2.664750669045851223e-05,2.567398673232601440e-05,2.641842576747870422e-05,2.611568170039016773e-05,2.611225093307765138e-05,2.616302330725175853e-05,2.539301951600287047e-05,2.547340898699665550e-05,2.438807020642097965e-05,2.362664441964639918e-05,2.456944290386188913e-05,2.331825496175924094e-05,2.438815896230482399e-05,2.531173804654742257e-05,2.428128003153537482e-05,2.466133683986189754e-05,2.448803950565068017e-05,2.464766425564215597e-05,2.414365419127857063e-05,2.414192892305478782e-05,2.483192860088482903e-05,2.555152390742715921e-05,2.363405960818765636e-05,2.363146191194236167e-05,2.529313299442051307e-05,2.445880200297315593e-05,2.416289924223003291e-05,2.307617165950348996e-05,2.259561651055511414e-05,2.269505541877411828e-05,2.231635246854763249e-05,2.177931623465125083e-05,2.023946699982646124e-05
2.396468932418229175e-05,2.551274084345634042e-05,2.469445965932430344e-05,2.635865402079173801e-05,2.570960313357361634e-05,2.527634118463605487e-05,2.568613139193636069e-05,2.559404389179081553e-05,2.525575690413026862e-05,2.244432441090681973e-05,2.455881548185540075e-05,2.610798807778420301e-05,2.592128815856036220e-05,2.579984580663641420e-05,2.634518330046519872e-05,2.478571288777751396e-05,2.535123381857400809e-05,2.607882022634976487e-05,2.620441308017318119e-05,2.625409449927575790e-05,2.593698570037555008e-05,2.680812205507115341e-05,2.740237563102335927e-05,2.656032639367851317e-05,2.675993383394608628e-05,2.608869721197937838e-05,2.650189777769493821e-05,2.646933737069627360e-05,2.664479038310130492e-05,2.665356575042652145e-05,2.669123299673321732e-05,2.708777937055465538e-05,2.705139727320614881e-05,2.711360202847307304e-05,2.584746537086783335e-05,2.717582815577235564e-05,2.648959384016547734e-05,2.732422333824215466e-05,2.666876879445811060e-05,2.592956127671577378e-05,2.647912754568057208e-05,2.583547470383027996e-05,2.581205346282616938e-05,2.474953678078529353e-05,2.446187077235995746e-05,2.337633214245535225e-05,2.367216933821303436e-05,2.454507306314950731e-05,2.536859051242005124e-05,2.586924325913221413e-05,2.585335864151543637e-05,2.690097162678031111e-05,2.692409125306430398e-05,2.752783744224545848e-05,2.700394484015269288e-05,2.856733921521242031e-05,2.774702800043424709e-05,2.723052507776085816e-05,2.783424606449883259e-05,2.671270775151367711e-05,2.771198173364229967e-05,2.736273107192352207e-05,2.783504360219844106e-05,2.784583581614694727e-05,2.722572195944747712e-05,2.824610475028228404e-05,2.813772536394863600e-05,2.865537655296764935e-05,2.732596947631550749e-05,2.801225564738737614e-05,2.778681400017921993e-05,2.802870934101760870e-05,2.844108657671277982e-05,2.701965749205750952e-05,2.787939624868954940e-05,2.735747056986852861e-05,2.741145923788404097e-05,2.729380144364575985e-05,2.804081872474926401e-05,2.724939037134163576e-05,2.801297574610291623e-05,2.706165611216127895e-05,2.718096371476323828e-05,2.860165606328544043e-05,2.781526135544430605e-05,2.670466019503063974e-05,2.687907974053023718e-05,2.774634300175326664e-05,2.751436225623945180e-05,2.763594739242536971e-05,2.752068395919017132e-05,2.801807977893420662e-05,2.749424927420764751e-05,2.703889943581087583e-05,2.701571690685681753e-05,2.712484919712571108e-05,2.739815024608651832e-05,2.687620797306295009e-05,2.679823413302358009e-05,2.716795659425712411e-05,2.691991395174477136e-05,2.698823490083203811e-05,2.791169732565757229e-05,2.751247455867443119e-05,2.628106288493154680e-05,2.746966161255102781e-05,2.705863306475780913e-05,2.697912254930832774e-05,2.616325453168048869e-05,2.667855815855217812e-05,2.647110745096203571e-05,2.626566935038691187e-05,2.634634755506004393e-05,2.571972979468621938e-05,2.598552670006447566e-05,2.470417104058810823e-05,2.455212699729013032e-05,2.531594836419637850e-05,2.392166443667846765e-05,2.475963564269007561e-05,2.588920259392014101e-05,2.474042865878865787e-05,2.496719727035604273e-05,2.474439509133170644e-05,2.474511172308281940e-05,2.443002695282923194e-05,2.433319160141876773e-05,2.485743900312246184e-05,2.564948541491070489e-05,2.353339610363839414e-05,2.394140573008321447e-05,2.520722314686923933e-05,2.430477312724951328e-05,2.391701947125755465e-05,2.323209654063029123e-05,2.270918122712023036e-05,2.257030350665523540e-05,2.235393689345994934e-05,2.166003385661982496e-05,2.027397616705572782e-05
2.563222229062140725e-05,2.726717002150638001e-05,2.612866756287592364e-05,2.793896445324929131e-05,2.726186827858139764e-05,2.675926142009196320e-05,2.726367366838506302e-05,2.720077880988334461e-05,2.685269072985564995e-05,2.355846530602115124e-05,2.603248150234446990e-05,2.771331105156113966e-05,2.750062238832913505e-05,2.731995714860978086e-05,2.796786406545197245e-05,2.633807683439742353e-05,2.695514106847523203e-05,2.759459677757246181e-05,2.786913467105123427e-05,2.781589178496840492e-05,2.747675456667490295e-05,2.833016656822481789e-05,2.900376972949427487e-05,2.818291625545224971e-05,2.842777295151183129e-05,2.759843299768817283e-05,2.796602897538797260e-05,2.795697028457787080e-05,2.814909184099446965e-05,2.813342914613040530e-05,2.812918038818611302e-05,2.869956069853714085e-05,2.852709326574454326e-05,2.866100608651737022e-05,2.725892812855637993e-05,2.858390936305762049e-05,2.788741506736449409e-05,2.884757447437673664e-05,2.815692746029201696e-05,2.740680956842653942e-05,2.791692700198936954e-05,2.717762842522018424e-05,2.736884070665599703e-05,2.626400215419580564e-05,2.599108682098576350e-05,2.476571290747591925e-05,2.504708556451195012e-05,2.612021025526828144e-05,2.683281761438604599e-05,2.731568262988151019e-05,2.690097162678031111e-05,2.870021831561346418e-05,2.831616611619861096e-05,2.906773979182918045e-05,2.845135870740276952e-05,2.989347730693825311e-05,2.907843654654083428e-05,2.862610120064368696e-05,2.918083847751210756e-05,2.804039029288706204e-05,2.915127390405206043e-05,2.882151296330527979e-05,2.917504219234582993e-05,2.907646566204502355e-05,2.840644836533664101e-05,2.953365108568701248e-05,2.958423978853090281e-05,2.998042337460940252e-05,2.852927675284361105e-05,2.931401900540029195e-05,2.918559207084655942e-05,2.929211256774921657e-05,2.984084384569634445e-05,2.804819647906053984e-05,2.924515038505523743e-05,2.853599253181586398e-05,2.865415296730347347e-05,2.830173676042246187e-05,2.931418714120925811e-05,2.854980438549218876e-05,2.931478648141492045e-05,2.821080075643757717e-05,2.804693654076508073e-05,2.975060793247193944e-05,2.910281727528118650e-05,2.777869502289875494e-05,2.783418837386168016e-05,2.866575868560439612e-05,2.853020585392135837e-05,2.879628362691392357e-05,2.855716995354983756e-05,2.894369626234486159e-05,2.868039305922389474e-05,2.814443642489163457e-05,2.816915628330697187e-05,2.828835478447571102e-05,2.811191491972331845e-05,2.752830520997891437e-05,2.759730497983526383e-05,2.809779045896603224e-05,2.784380585394009738e-05,2.783791294545121249e-05,2.894918818758431063e-05,2.857209940912031963e-05,2.735911376899328366e-05,2.842815580570514272e-05,2.799519281174327854e-05,2.786788799932052215e-05,2.692521349674145196e-05,2.762000956640981488e-05,2.730227077988672352e-05,2.726872347494728579e-05,2.740286386549930595e-05,2.677939282245382776e-05,2.677960816991560418e-05,2.553307176543400308e-05,2.494169547181181393e-05,2.587630355273119365e-05,2.445550234411408255e-05,2.558123628165672389e-05,2.675966705753974128e-05,2.552648191480134794e-05,2.593823720692581185e-05,2.569808098284752032e-05,2.580564233922359748e-05,2.549930835592740863e-05,2.533743242820829744e-05,2.598460376490284383e-05,2.686082790631720259e-05,2.488355701231493658e-05,2.488642293457575015e-05,2.654425340568326630e-05,2.556794829636228393e-05,2.522565624337230606e-05,2.467913658940377745e-05,2.387926239369027136e-05,2.387303609596496548e-05,2.361641392963202780e-05,2.285110058763844363e-05,2.147504947027566126e-05
2.545096900693733465e-05,2.703837280527220897e-05,2.587871487381658141e-05,2.779824363457310141e-05,2.714352693345958780e-05,2.669986543911351728e-05,2.702820282274773540e-05,2.698001920782137455e-05,2.673019613458596559e-05,2.373291849676131024e-05,2.605285006356178174e-05,2.758793083464651611e-05,2.720942733542290370e-05,2.734604318665312525e-05,2.792532842145531216e-05,2.669699320759168806e-05,2.669728318758868648e-05,2.756937340893887413e-05,2.774750271615971991e-05,2.785849309826268135e-05,2.731491789791749085e-05,2.832897962068615209e-05,2.911291695939220736e-05,2.819921345934014805e-05,2.839614608832277144e-05,2.746890406236334096e-05,2.809340534604303345e-05,2.797844759687821725e-05,2.815590292338389204e-05,2.809891801301978291e-05,2.807357431368144089e-05,2.874156631609582952e-05,2.856702191797365762e-05,2.871992400283820572e-05,2.727722454261063685e-05,2.872177104998950678e-05,2.799120502382122712e-05,2.893365803063567627e-05,2.824188352295519557e-05,2.734015732916040019e-05,2.799434044574021602e-05,2.734966275694671354e-05,2.739264270652985703e-05,2.620373110217952514e-05,2.590538764976223877e-05,2.464956264267953142e-05,2.496986946470780591e-05,2.593975348487018707e-05,2.682816078783310202e-05,2.733237587821044215e-05,2.692409125306430398e-05,2.831616611619861096e-05,2.891024510812763128e-05,2.924834214257408056e-05,2.854208366542859465e-05,3.005663032411745364e-05,2.939275977663728453e-05,2.873267263058825361e-05,2.938862109144453781e-05,2.805123207986034750e-05,2.923215477417713141e-05,2.882969510201519037e-05,2.933457014580658450e-05,2.927411799607289170e-05,2.866204849484888808e-05,2.979102765833470173e-05,2.962438187694365100e-05,3.019509141879156495e-05,2.874524602745501072e-05,2.954996614711515932e-05,2.925025131696461057e-05,2.943711772768640438e-05,3.000178755939899225e-05,2.818854615528646083e-05,2.933892298113350408e-05,2.864192975491300526e-05,2.884661379252354273e-05,2.845933595567504595e-05,2.944150267851891511e-05,2.867432079932385607e-05,2.943549945823291204e-05,2.848625051783908638e-05,2.829694926634227062e-05,3.003490029422416113e-05,2.922366892708401368e-05,2.802216861051452787e-05,2.810655863960066490e-05,2.884667242439197657e-05,2.892700428759512637e-05,2.880230489179450292e-05,2.897321292736179980e-05,2.923247341636469446e-05,2.884684810314399581e-05,2.837215115084490102e-05,2.847831620648494358e-05,2.840866584151973399e-05,2.852921678364058640e-05,2.803597094996240405e-05,2.785833322988832400e-05,2.844492207379126355e-05,2.824329710667159522e-05,2.823118642641377020e-05,2.926020163005287858e-05,2.897922294400684116e-05,2.747986089819965788e-05,2.880593519875042013e-05,2.826387899110965884e-05,2.822993435410047888e-05,2.730260776972119840e-05,2.795353055931830619e-05,2.760704655900144094e-05,2.750452086021242285e-05,2.762522019810756472e-05,2.695579372827630683e-05,2.717922811430208062e-05,2.574537118894134764e-05,2.537216840553112480e-05,2.638819274774101162e-05,2.498305287270574687e-05,2.597137764711271804e-05,2.694438174044465602e-05,2.593102408250360968e-05,2.621311660254171028e-05,2.597525909083907907e-05,2.613422612452873651e-05,2.565615705344641268e-05,2.555968729294486050e-05,2.609079656877128065e-05,2.715954607169826824e-05,2.501152776190733191e-05,2.517467005319061569e-05,2.682768622888962625e-05,2.565620144565160227e-05,2.515212374719385025e-05,2.451052716730143380e-05,2.389957885530317417e-05,2.378519376062813417e-05,2.373480768597015171e-05,2.290169451360854271e-05,2.143017055682908660e-05
2.608199745448607895e-05,2.767274488403672730e-05,2.658339071952671917e-05,2.855946409632506255e-05,2.789209897698821623e-05,2.737107409613202070e-05,2.782816931891939126e-05,2.771915521023315813e-05,2.743794464244129089e-05,2.411930714811965582e-05,2.664850612015914232e-05,2.823171811267982599e-05,2.805244791569582103e-05,2.789735718761139150e-05,2.857310672795362232e-05,2.710611326686406935e-05,2.737894903369093242e-05,2.813702313717890828e-05,2.844046180776927692e-05,2.843105598700312566e-05,2.805485354800440050e-05,2.901449472578751450e-05,2.975221874562808600e-05,2.876927157141626957e-05,2.903230021149868543e-05,2.815492017959272150e-05,2.869685097287119719e-05,2.875715955626405402e-05,2.881771663415697661e-05,2.885556236963945703e-05,2.879436649866659904e-05,2.940348503124837654e-05,2.928523533612004221e-05,2.931619335892458352e-05,2.798163082571211352e-05,2.939838797616474032e-05,2.856798942604296774e-05,2.973412947839617853e-05,2.893191890503914838e-05,2.809970946026997448e-05,2.870173422358588607e-05,2.789506094395523489e-05,2.811370540249598753e-05,2.677638266873994956e-05,2.663608782327868253e-05,2.520921732112174618e-05,2.565967073404634718e-05,2.663550944144285935e-05,2.745351299279458164e-05,2.813094499563818527e-05,2.752783744224545848e-05,2.906773979182918045e-05,2.924834214257408056e-05,3.045879058873947229e-05,2.925086796672841426e-05,3.081696325353026835e-05,3.005379391166959201e-05,2.942151184976543780e-05,3.011062713771870729e-05,2.885310992967695366e-05,3.007240053891069626e-05,2.968573789705553905e-05,3.017604059982902757e-05,2.998472314014590811e-05,2.940447801923804194e-05,3.050722064334232618e-05,3.044448381748125841e-05,3.101186573543154320e-05,2.935627882492723923e-05,3.041749946023045468e-05,3.019027983142669435e-05,3.026200594988646359e-05,3.078144630375818057e-05,2.910700066188688745e-05,3.028054851194990205e-05,2.958985258174071174e-05,2.975133552220049436e-05,2.926068856487454932e-05,3.028331167267287727e-05,2.948219602301376264e-05,3.040047814743862856e-05,2.930769411025924525e-05,2.910895306963723835e-05,3.083188221307604673e-05,3.029894075168807095e-05,2.891713659652518569e-05,2.879899135385306062e-05,2.964902036726620646e-05,2.960932652086199499e-05,2.969599765796999949e-05,2.969227682447450964e-05,2.989382860868152652e-05,2.959463844687003611e-05,2.923388980535393010e-05,2.910698226023803381e-05,2.925560703072931589e-05,2.929320035427018104e-05,2.866944465294582418e-05,2.872271675703579052e-05,2.920086714160057128e-05,2.887092877063805464e-05,2.883268357525156319e-05,3.013668513203833298e-05,2.968361423708839439e-05,2.831425911960704114e-05,2.951411499724408368e-05,2.891836530873333986e-05,2.894934532890183689e-05,2.797222424023943364e-05,2.865938064003912918e-05,2.826963627148709000e-05,2.811963115510909925e-05,2.831674242072434574e-05,2.762525991678616377e-05,2.775818712616373712e-05,2.636725682318768273e-05,2.588238760311715458e-05,2.689144472916357782e-05,2.539449138941815361e-05,2.655754506052236842e-05,2.757289098887387015e-05,2.641810577255497401e-05,2.676089925585322076e-05,2.647224630856240304e-05,2.679812359205707324e-05,2.627516101931830965e-05,2.610988785848253888e-05,2.678193990803078340e-05,2.756871342093075789e-05,2.557132823432459404e-05,2.573448560675004379e-05,2.747211002673927987e-05,2.633667205727221897e-05,2.570654414064259296e-05,2.505217342224666275e-05,2.427199683221454944e-05,2.430270627796496117e-05,2.418815878842371037e-05,2.333380082430534577e-05,2.168301489419424138e-05
2.561891147884211420e-05,2.705536232445018816e-05,2.615341370941100309e-05,2.788504579888691142e-05,2.728816577833456197e-05,2.708643722988666289e-05,2.715458681633641316e-05,2.745889815340768901e-05,2.698790992996939650e-05,2.362385503783594480e-05,2.622920860000190859e-05,2.774058780392929839e-05,2.747795010216079291e-05,2.747048784823353355e-05,2.810806017420329302e-05,2.669867856365424838e-05,2.702302468895255129e-05,2.782054776384187495e-05,2.799020663969476369e-05,2.801314612132952826e-05,2.736591500447069347e-05,2.826727679909864184e-05,2.916704121173279118e-05,2.837719555210655074e-05,2.849469195992322044e-05,2.760576953192613115e-05,2.802255129933932696e-05,2.815040648744506944e-05,2.828168787470973700e-05,2.825670492581623143e-05,2.830998792375410107e-05,2.871602116845718575e-05,2.867583395187694843e-05,2.879147665553102029e-05,2.731975983973639207e-05,2.878469070934633393e-05,2.811276580986003275e-05,2.914954315739700427e-05,2.845878083293745296e-05,2.753954915167345009e-05,2.809061327112133196e-05,2.734402466506166766e-05,2.755375331776237571e-05,2.614509874634791210e-05,2.602184710414933891e-05,2.460278110769778523e-05,2.511305309408342221e-05,2.610474143991362180e-05,2.685811819048417642e-05,2.734857397660388263e-05,2.700394484015269288e-05,2.845135870740276952e-05,2.854208366542859465e-05,2.925086796672841426e-05,2.946115684458200124e-05,3.026580308961441108e-05,2.948946761457505060e-05,2.888347532423926262e-05,2.960296842116842727e-05,2.826871636228687728e-05,2.946498809137606490e-05,2.908215057580789236e-05,2.969657868206512492e-05,2.950106704716435734e-05,2.885930060856116151e-05,3.002354811093626026e-05,2.989843769372629533e-05,3.041553239582744562e-05,2.896681104683100692e-05,2.973619010874287003e-05,2.958484754769185975e-05,2.968794134865090716e-05,3.023738971699064138e-05,2.855558436063001447e-05,2.964250123521513947e-05,2.911059102784571090e-05,2.910438533888437814e-05,2.901707935070154681e-05,2.990713095252072872e-05,2.905206446572345530e-05,2.982783605846840185e-05,2.877670235127341363e-05,2.893294190087458730e-05,3.051957587536181164e-05,2.986127215977141513e-05,2.850740260607675933e-05,2.846102241173435469e-05,2.924884924231934574e-05,2.930373713822280370e-05,2.927190695295466783e-05,2.915901942032422852e-05,2.968288430198369465e-05,2.918980305752339098e-05,2.872294395577476938e-05,2.882651012401449351e-05,2.886065895032147784e-05,2.913707153552468849e-05,2.846233057567184013e-05,2.836133345895233679e-05,2.891023452713578211e-05,2.853957765274732714e-05,2.883549041582444337e-05,2.977133970318478152e-05,2.933069810888182794e-05,2.799925759945648954e-05,2.926636768085334793e-05,2.872799495157208019e-05,2.862061451729976504e-05,2.785305667663801163e-05,2.837146395271663801e-05,2.828766892401059950e-05,2.819674072416781299e-05,2.815113066936618833e-05,2.738557233478530100e-05,2.763615050008248682e-05,2.615968163705641134e-05,2.611064979902578734e-05,2.696065319557434318e-05,2.544822997620094929e-05,2.663596708225854435e-05,2.771887798371217951e-05,2.677117258013137022e-05,2.678840030870485326e-05,2.641313509829755892e-05,2.672117379817073738e-05,2.620335092774604300e-05,2.612180047212357231e-05,2.655350820678477886e-05,2.759083139636567443e-05,2.546696144412593916e-05,2.563805429104046499e-05,2.758673674325209189e-05,2.603769851852341690e-05,2.573002367628167154e-05,2.526652911372958790e-05,2.437087518622795465e-05,2.433652358045105123e-05,2.409614774676244376e-05,2.348484673799842277e-05,2.159100927271004845e-05
2.649757293172282357e-05,2.831574365735678645e-05,2.745973298004154660e-05,2.923266604312820969e-05,2.857319995057270640e-05,2.805822198091809122e-05,2.848577716091451630e-05,2.845754466950592770e-05,2.804709110356232396e-05,2.528213175775893183e-05,2.740332977817364947e-05,2.911885809470803974e-05,2.876139052952704961e-05,2.861510595056266073e-05,2.933974959075863676e-05,2.744517853481236356e-05,2.812456135035253747e-05,2.882818912489663383e-05,2.910883821223433590e-05,2.918602030971470315e-05,2.860052574679499719e-05,2.971832868829028202e-05,3.041053932608681344e-05,2.964316433695901283e-05,2.961769939896802899e-05,2.898139645922868959e-05,2.946489449173901780e-05,2.948279196158018790e-05,2.966174913142340439e-05,2.968609955556024074e-05,2.960020662213651253e-05,3.018901148787590913e-05,3.012526340012878926e-05,3.010418899259171307e-05,2.876119876159109016e-05,3.026940946913117637e-05,2.957125608667804590e-05,3.039878336726293992e-05,2.972730757246227915e-05,2.885584312434514822e-05,2.957517230735213340e-05,2.886561673232596745e-05,2.876218579218079729e-05,2.745352676589113311e-05,2.726355911836418635e-05,2.587045759093975722e-05,2.639671789662473143e-05,2.734565328350768341e-05,2.827062878297146253e-05,2.878191924020536907e-05,2.856733921521242031e-05,2.989347730693825311e-05,3.005663032411745364e-05,3.081696325353026835e-05,3.026580308961441108e-05,3.245155757935800847e-05,3.106414464664341044e-05,3.047385037432611565e-05,3.111231539956866139e-05,3.000817077517665515e-05,3.115287715434516619e-05,3.074932495774991076e-05,3.136572449379690050e-05,3.122903908301776220e-05,3.051944142969628037e-05,3.173485438822560569e-05,3.160940044019516489e-05,3.221778732304663589e-05,3.073586252194170987e-05,3.152373490127627728e-05,3.124305378598953638e-05,3.149178532418205479e-05,3.201911281780206312e-05,3.039069594310381028e-05,3.143372397874286378e-05,3.088335631921212780e-05,3.077691422574575775e-05,3.078186373557511023e-05,3.160596288856194064e-05,3.068885852741481089e-05,3.154470440445615267e-05,3.060619469969706372e-05,3.079296780834866575e-05,3.238099478196553380e-05,3.160420393252945067e-05,3.022712816268294754e-05,3.027595218563319777e-05,3.132393173254791806e-05,3.114560618284457590e-05,3.119756653420257305e-05,3.119495795602982219e-05,3.167117856895190439e-05,3.106411540012969132e-05,3.070483170454826595e-05,3.047759051001597662e-05,3.077210024383119665e-05,3.105280168520698891e-05,3.058413972544778901e-05,3.044286198674954740e-05,3.076957024729076978e-05,3.068912617050690737e-05,3.069179468550077593e-05,3.163160784868942148e-05,3.126121510123656386e-05,2.988547391422804374e-05,3.119213172715791098e-05,3.091065655728712151e-05,3.075412365999513706e-05,2.979459478101308980e-05,3.031869194261167439e-05,2.999937833888165231e-05,2.983349051926620035e-05,3.000786763659813591e-05,2.925670607836650268e-05,2.956096629503093088e-05,2.807230446408913140e-05,2.810334323496713614e-05,2.883108880737342774e-05,2.744154610688276835e-05,2.833900063561583185e-05,2.951168138025912313e-05,2.845095072353540368e-05,2.871258919099431518e-05,2.811166362791473207e-05,2.855050338931700544e-05,2.791893744296711059e-05,2.769310366521596215e-05,2.823205159547031434e-05,2.927119593772114456e-05,2.687104877068385584e-05,2.737328104833293223e-05,2.900425326194739961e-05,2.748525508988394761e-05,2.712862504579069750e-05,2.664363717653085961e-05,2.587509644330589890e-05,2.567676323634264643e-05,2.544809776896800183e-05,2.452223071504203503e-05,2.297537605917379416e-05
2.589015433738741143e-05,2.749208911471908001e-05,2.653077124687339456e-05,2.854818506099779477e-05,2.777180745737845184e-05,2.733212623790285390e-05,2.755890988027456145e-05,2.768004972676915956e-05,2.740537782012282637e-05,2.445983705178446076e-05,2.657975686318939820e-05,2.829204636958742612e-05,2.795641046851442087e-05,2.786523666860786988e-05,2.858051389298355029e-05,2.695355601346251657e-05,2.721939243118824797e-05,2.817909865350436428e-05,2.842207216007878505e-05,2.841578955851029959e-05,2.793549742180366009e-05,2.894496194367695167e-05,2.992852687457955743e-05,2.884415018933848151e-05,2.896158580536694897e-05,2.809667346869455576e-05,2.868415238937772644e-05,2.863312246823704059e-05,2.883232709772798712e-05,2.883301077057012497e-05,2.892868580943207932e-05,2.948299846563232733e-05,2.914658472122063569e-05,2.947739601437508671e-05,2.798255299452330534e-05,2.947545808005153315e-05,2.876738627148243854e-05,2.964480044453871786e-05,2.901049228142459703e-05,2.810975232851515069e-05,2.876630035149029007e-05,2.805020458279503811e-05,2.807338464797184358e-05,2.678213601789442897e-05,2.664538204315269808e-05,2.524481818378952248e-05,2.567534957575087480e-05,2.662766595190218228e-05,2.759717784998805655e-05,2.804639249695774819e-05,2.774702800043424709e-05,2.907843654654083428e-05,2.939275977663728453e-05,3.005379391166959201e-05,2.948946761457505060e-05,3.106414464664341044e-05,3.081494965493215241e-05,2.965063004231018585e-05,3.030832729575085702e-05,2.903054152671423618e-05,3.014643844243435872e-05,2.984368410045015540e-05,3.037505530107933511e-05,3.036087364787633345e-05,2.971133734578310385e-05,3.093347823493913421e-05,3.082475255682909734e-05,3.134792824492912624e-05,2.981823693995509114e-05,3.073952125016728815e-05,3.038691655090180514e-05,3.056604025184233073e-05,3.123512137526227982e-05,2.951747639604188346e-05,3.051992220501785269e-05,2.997215541901026615e-05,3.019417618087494532e-05,2.990556197873264915e-05,3.078988821952134317e-05,2.985900054594052726e-05,3.082089029471284314e-05,2.965747056821854401e-05,2.974171064507052202e-05,3.136425179366159082e-05,3.063207995572679365e-05,2.936653592863491542e-05,2.948717025594441773e-05,3.018575711430504703e-05,3.013298723895585363e-05,3.024920478053268121e-05,3.031832817330146445e-05,3.063328104689781376e-05,3.021865458802049740e-05,2.967787145865795960e-05,2.968116863777417133e-05,2.976285590715604669e-05,3.002167903653399142e-05,2.946277789016818035e-05,2.933826467250287386e-05,2.975863593056443532e-05,2.956574760401506702e-05,2.951149460035450717e-05,3.060407760791125452e-05,3.028299201352561797e-05,2.891706117092360985e-05,3.021602494986355583e-05,2.973819890078367994e-05,2.958492737603369969e-05,2.870206208898344732e-05,2.938506325621690205e-05,2.917827523011681511e-05,2.888579255054318437e-05,2.891989677616453957e-05,2.819609028969671842e-05,2.840914298927607135e-05,2.707698922215710278e-05,2.696129193855050437e-05,2.763671529623358842e-05,2.621074479384535985e-05,2.718080766974660835e-05,2.836481429621948155e-05,2.726210298394662090e-05,2.762433353959782204e-05,2.713557392862158766e-05,2.739857753359421167e-05,2.690590383833283219e-05,2.663522432236824873e-05,2.734115777049963845e-05,2.828633058269814477e-05,2.614684983522679111e-05,2.657738092846044639e-05,2.794648771801731899e-05,2.681435359453914779e-05,2.634457811543193732e-05,2.561870908582403501e-05,2.503155547730307552e-05,2.490419413910821900e-05,2.463248577129742483e-05,2.391494575188541453e-05,2.234237148667277017e-05
2.511661979021494415e-05,2.689036823142145451e-05,2.606537513290683298e-05,2.771390047052229165e-05,2.717665837876235822e-05,2.692850460898253234e-05,2.705474139379279917e-05,2.698068661693825884e-05,2.661844594770440095e-05,2.443788306711425790e-05,2.614842365546603939e-05,2.770086557199610982e-05,2.743165697700105580e-05,2.722204547663602836e-05,2.791915958127390006e-05,2.653779826568623921e-05,2.678405048202405454e-05,2.743203219259946130e-05,2.783863081499895754e-05,2.782551943865855479e-05,2.730472082013933374e-05,2.834142199221694247e-05,2.916781583038370815e-05,2.821311219326875995e-05,2.820457341237892594e-05,2.757331317559842535e-05,2.801987675424264632e-05,2.815020640145077409e-05,2.827032489713261675e-05,2.826184851681096840e-05,2.813973562077343188e-05,2.871929975359881830e-05,2.860889335658462537e-05,2.881478200098580548e-05,2.736838016817357954e-05,2.878062211470763140e-05,2.810211820811431030e-05,2.912104248043477639e-05,2.841016708014272455e-05,2.747961299010461808e-05,2.815922209142065211e-05,2.735547549742387352e-05,2.742088383433198347e-05,2.616806801383536859e-05,2.602096218413722063e-05,2.464480521052978012e-05,2.538260059237156319e-05,2.605771375887854058e-05,2.705459125402043971e-05,2.756049359556498831e-05,2.723052507776085816e-05,2.862610120064368696e-05,2.873267263058825361e-05,2.942151184976543780e-05,2.888347532423926262e-05,3.047385037432611565e-05,2.965063004231018585e-05,2.969136218934257822e-05,2.959873364295494654e-05,2.859038274515808629e-05,2.970368472098961098e-05,2.934643913722491851e-05,2.995577535916237670e-05,2.965065162646358558e-05,2.908645146388739143e-05,3.026925717166909313e-05,3.017685037512845842e-05,3.077761177135772777e-05,2.928885968951426319e-05,2.998135280348167693e-05,2.986028194899621277e-05,3.009320407268023742e-05,3.064762825523572416e-05,2.889514005506147834e-05,2.997501566939303274e-05,2.939526621294629870e-05,2.947210863665337564e-05,2.932452472182630476e-05,3.022914202079753185e-05,2.927692055806360057e-05,3.021078466034828673e-05,2.920403028387327243e-05,2.920871607978992509e-05,3.094820400113530929e-05,3.018068660039996412e-05,2.882830658067362108e-05,2.902243395069898415e-05,2.963961050321410243e-05,2.968561667936782665e-05,2.977274467765604539e-05,2.979973310586549702e-05,3.018579069383584186e-05,2.958947197225106370e-05,2.930817695237114301e-05,2.911299132117777606e-05,2.932094669311409259e-05,2.948055996587266395e-05,2.895784016410599471e-05,2.890920178496354893e-05,2.939006985003664492e-05,2.909006478448160991e-05,2.921839779850116432e-05,3.008935085192322099e-05,2.973803963880570508e-05,2.846036640273940573e-05,2.962917164936338727e-05,2.928673348597467968e-05,2.916331447954419035e-05,2.820075829430492251e-05,2.878306299123550721e-05,2.881178851889470234e-05,2.858959167886521486e-05,2.875931105932583628e-05,2.795380615153018238e-05,2.810608159116796659e-05,2.684780222666611441e-05,2.651495461800150322e-05,2.741288379798990552e-05,2.593434158918522749e-05,2.684517981876758075e-05,2.812961414420293518e-05,2.714911022304820480e-05,2.725736704959802169e-05,2.691154617799637827e-05,2.722685450451711560e-05,2.662756760748993459e-05,2.642931336897296615e-05,2.706853662838822611e-05,2.803937741463646989e-05,2.588925763944935839e-05,2.616999617645842762e-05,2.761031806283324773e-05,2.655655141222634279e-05,2.618053922295946945e-05,2.563382174542028558e-05,2.467086896347812442e-05,2.480642049269850784e-05,2.453212497679836169e-05,2.373524457598441640e-05,2.216313376965263341e-05
2.601015818584201243e-05,2.757500658167489838e-05,2.670897561368724859e-05,2.859946961644208285e-05,2.798766992647548459e-05,2.734954912713117878e-05,2.760598853546048021e-05,2.774739682748593783e-05,2.739360304778756903e-05,2.428863421019265178e-05,2.667868833663925840e-05,2.826732481953475636e-05,2.798138607215807389e-05,2.800812823590798672e-05,2.850691320112452284e-05,2.727747231857355131e-05,2.759786762727394746e-05,2.821304741241460691e-05,2.841475523817053471e-05,2.848724745919298213e-05,2.806976448176281454e-05,2.898087594810991798e-05,2.978864270079435174e-05,2.886311474602942144e-05,2.901872105943018764e-05,2.823754795977678032e-05,2.869253437026650038e-05,2.866201822762563751e-05,2.893676397555478705e-05,2.891908649810342416e-05,2.887376863134268225e-05,2.938522925613822702e-05,2.927897308933831476e-05,2.943380185015563117e-05,2.803614083093515746e-05,2.952104755308942037e-05,2.877499027362966436e-05,2.968328294427615308e-05,2.908021522266763243e-05,2.817809290299638891e-05,2.882693708680165415e-05,2.814847851912241706e-05,2.800218696083215511e-05,2.687794493065786330e-05,2.665005953153036785e-05,2.524045514737368047e-05,2.562946994727766114e-05,2.666053959774115925e-05,2.762589432352939380e-05,2.809729108261454692e-05,2.783424606449883259e-05,2.918083847751210756e-05,2.938862109144453781e-05,3.011062713771870729e-05,2.960296842116842727e-05,3.111231539956866139e-05,3.030832729575085702e-05,2.959873364295494654e-05,3.085862958291587935e-05,2.921677620533993499e-05,3.026537208193146074e-05,2.992197920697103872e-05,3.047651259959490935e-05,3.047170107698281410e-05,2.981882170577379861e-05,3.100974370307872874e-05,3.094164356324631473e-05,3.148116356274062780e-05,2.995870707897098313e-05,3.077212868996354137e-05,3.064582818191485423e-05,3.073298636148676051e-05,3.130824763769900150e-05,2.962344241596580498e-05,3.073413001301265185e-05,3.002697912783679573e-05,3.026699653478685421e-05,3.004734383798510436e-05,3.076113975317666801e-05,2.999895682929892835e-05,3.091342545566765174e-05,2.981199462122939521e-05,2.992189230745386134e-05,3.150327380269049452e-05,3.090493075649296354e-05,2.940487225046405485e-05,2.950716225871515526e-05,3.042452699713781166e-05,3.031095030515487619e-05,3.033832216746709141e-05,3.029398018079362294e-05,3.085384957299643679e-05,3.028622064555617545e-05,2.975438947088168953e-05,2.983255020405704326e-05,2.999416994803970525e-05,3.029854694965118924e-05,2.961128921438345497e-05,2.944393010552190750e-05,2.987003282667849939e-05,2.977299140460911575e-05,2.984905168878689561e-05,3.084231086918723814e-05,3.042978888272161164e-05,2.907749678478862922e-05,3.039510132019255799e-05,2.986238547052106224e-05,2.975036289640276235e-05,2.892741127852716435e-05,2.944118061809441968e-05,2.919101442095873279e-05,2.904748921858783556e-05,2.909779605315441779e-05,2.835784249763410251e-05,2.862300730405346010e-05,2.715598423362748073e-05,2.700907092233238385e-05,2.793761834374534762e-05,2.635373410583662221e-05,2.739496513018191198e-05,2.848381823581082071e-05,2.736395456624593158e-05,2.772131938275674033e-05,2.720164904981842028e-05,2.753522734902429399e-05,2.708533450469797750e-05,2.698974435889931551e-05,2.760460871656647002e-05,2.840702181282368026e-05,2.618232409843725703e-05,2.658541567943543957e-05,2.812687654665970680e-05,2.689348359604563251e-05,2.632790790210926050e-05,2.578592383332083178e-05,2.504755924822607997e-05,2.496425969912638031e-05,2.464341450307976935e-05,2.409377865159824771e-05,2.238210462066068972e-05
2.463513251647127689e-05,2.618328646495856571e-05,2.558178512876218297e-05,2.717767409970649241e-05,2.663793822499986068e-05,2.606795169974557739e-05,2.647062882522984169e-05,2.639940843890313738e-05,2.602548831310664098e-05,2.345429616399185928e-05,2.550289257123607281e-05,2.707925911110406952e-05,2.671007460792892852e-05,2.655099435831627242e-05,2.710382111377047075e-05,2.572315738535072791e-05,2.612706658971419694e-05,2.684978108758439566e-05,2.708695792006847060e-05,2.716551085078236914e-05,2.667151406520907063e-05,2.769289905911129302e-05,2.839929980319535159e-05,2.751969910616298360e-05,2.767080995858404972e-05,2.694231037340106310e-05,2.742083256061426963e-05,2.743666497176540896e-05,2.768199377404878815e-05,2.773904680571301554e-05,2.760457385344162505e-05,2.815404233221227828e-05,2.799984538006994699e-05,2.804951853361145012e-05,2.683649358659709287e-05,2.825178577195602112e-05,2.749533529150101173e-05,2.837703264885376030e-05,2.765744260671831810e-05,2.691524776713328273e-05,2.756881489981065982e-05,2.678545231986367796e-05,2.671638274756300323e-05,2.560489317336571321e-05,2.536760846417195384e-05,2.393904554194257802e-05,2.454817463686224881e-05,2.553371534745295583e-05,2.643650067809354397e-05,2.690876538809100098e-05,2.671270775151367711e-05,2.804039029288706204e-05,2.805123207986034750e-05,2.885310992967695366e-05,2.826871636228687728e-05,3.000817077517665515e-05,2.903054152671423618e-05,2.859038274515808629e-05,2.921677620533993499e-05,2.858840101290142477e-05,2.925636059514508515e-05,2.884846556413329168e-05,2.939547287663381474e-05,2.928228150010116475e-05,2.863753720084292917e-05,2.982902985544903394e-05,2.971985666571191391e-05,3.030597952417697809e-05,2.893370623279703112e-05,2.960873077689156040e-05,2.943370671325976217e-05,2.958196599334369595e-05,3.007644792331125668e-05,2.853113184069478955e-05,2.957836378402884097e-05,2.898868542040534339e-05,2.904196364883818420e-05,2.906922111985007668e-05,2.976682697535628269e-05,2.898951407355184761e-05,2.977315276790868265e-05,2.876826205303038457e-05,2.893965693533916410e-05,3.047338834602968870e-05,2.976801038363294572e-05,2.844917306425613767e-05,2.859471974645041851e-05,2.940835511027564775e-05,2.924515895328779345e-05,2.950856293026655518e-05,2.940776252472450614e-05,2.999475174837648437e-05,2.929557788576231067e-05,2.885681545639936900e-05,2.864697703739243454e-05,2.897176261907736904e-05,2.934699901758615158e-05,2.882830732185724516e-05,2.869949658188482208e-05,2.898153445226645908e-05,2.884627344001981089e-05,2.893243798149410713e-05,2.982045303159090179e-05,2.937057704223200910e-05,2.814197734985207446e-05,2.942050006902637908e-05,2.911697433419625449e-05,2.900907707278499928e-05,2.804198823956982573e-05,2.868022998830767139e-05,2.841540744346326083e-05,2.818169796780476498e-05,2.822758924505289001e-05,2.742813722144006776e-05,2.791033981070040014e-05,2.645741910179399078e-05,2.642941000935205903e-05,2.738287145170985925e-05,2.573803909007442203e-05,2.676711881774172376e-05,2.775908662850798948e-05,2.678389905775697787e-05,2.700971085413678960e-05,2.650692696623000168e-05,2.683395332801506296e-05,2.631687473717824678e-05,2.614594666314314710e-05,2.663709824093378253e-05,2.771202527281897514e-05,2.543945562880128438e-05,2.607250405833425692e-05,2.736858088684179777e-05,2.617025973280339552e-05,2.571773665911001894e-05,2.535527021686731822e-05,2.439972281353266513e-05,2.449850021349415222e-05,2.394756745376763255e-05,2.330064366365048302e-05,2.189851001898302597e-05
2.577331700634135202e-05,2.738056485793804066e-05,2.658301211813067979e-05,2.844794428712410750e-05,2.771040035853542443e-05,2.727047803555950601e-05,2.754989260666553913e-05,2.752169048021734066e-05,2.718202429060609843e-05,2.463950065869811927e-05,2.663147168600208528e-05,2.814251956067178112e-05,2.790000418485489642e-05,2.768296381791654327e-05,2.837583145304647323e-05,2.654912620140056624e-05,2.709844461216161904e-05,2.795957170164873712e-05,2.832771448791018983e-05,2.834245348463820157e-05,2.770061919381449335e-05,2.882710612205892180e-05,2.958402774877107470e-05,2.864885299373737807e-05,2.872979014072587421e-05,2.797720564482732516e-05,2.851692817879658453e-05,2.862696013718791534e-05,2.878930904250535361e-05,2.878101637209137359e-05,2.870379848554035520e-05,2.923640822453994910e-05,2.918518771655649770e-05,2.920237837224893708e-05,2.782524687370761904e-05,2.930767231108345205e-05,2.857622156316153052e-05,2.955366365642031885e-05,2.876770885364151280e-05,2.801132720582275964e-05,2.867885541989713679e-05,2.783022505298304758e-05,2.793916036346710859e-05,2.667423788128576775e-05,2.648057668516462192e-05,2.509714319815672568e-05,2.557509878761002813e-05,2.657192577596604666e-05,2.757046295761551334e-05,2.806605561561740923e-05,2.771198173364229967e-05,2.915127390405206043e-05,2.923215477417713141e-05,3.007240053891069626e-05,2.946498809137606490e-05,3.115287715434516619e-05,3.014643844243435872e-05,2.970368472098961098e-05,3.026537208193146074e-05,2.925636059514508515e-05,3.074945581108748919e-05,3.000884582966956076e-05,3.050115810358538070e-05,3.038203433024994125e-05,2.978808248777594823e-05,3.098496278951211720e-05,3.083920182304327048e-05,3.148989705487270180e-05,2.993761770661865841e-05,3.074574299224431260e-05,3.065104285816701578e-05,3.075624245924932790e-05,3.141498663060789598e-05,2.952428339250112361e-05,3.078540090857691621e-05,3.016388877912997657e-05,3.019350677627492981e-05,3.014158747195457854e-05,3.097465621100870046e-05,3.015678927870592076e-05,3.088750627947473476e-05,3.003945646380519149e-05,3.001264001982707348e-05,3.171282703951629558e-05,3.092231501710749199e-05,2.969761710404885121e-05,2.975675435347711859e-05,3.051689285805607880e-05,3.045037736332435011e-05,3.065381452129657414e-05,3.055373632427652519e-05,3.095507585337072838e-05,3.038856294510999955e-05,3.011676788716886733e-05,3.003825483726130501e-05,3.010169154577813980e-05,3.037948684920799009e-05,2.971012801185898163e-05,2.970022314948394111e-05,3.014984614168187945e-05,2.999011414430318684e-05,3.011876931516482088e-05,3.107667552004795842e-05,3.055935243097455083e-05,2.938796863277831425e-05,3.051018398735432760e-05,3.017449648100798407e-05,3.006788714632619355e-05,2.906855453849871508e-05,2.977987865473089368e-05,2.950897133739741640e-05,2.931301232396109132e-05,2.945804771407770927e-05,2.879831603679566229e-05,2.892577868257633695e-05,2.760828127418808457e-05,2.741688780938921689e-05,2.830988586898831272e-05,2.686049700153083912e-05,2.785164700029351523e-05,2.896127806790662444e-05,2.785815220692213851e-05,2.823379767132091147e-05,2.775982402575786576e-05,2.824324891826917930e-05,2.749547792397589722e-05,2.733895144430095414e-05,2.798498787578551622e-05,2.891229673791916252e-05,2.693218134773047150e-05,2.705503745813485472e-05,2.853375438582468854e-05,2.748108767620641003e-05,2.694808268162323300e-05,2.652816886865758694e-05,2.563555376422622410e-05,2.544766453018952127e-05,2.527013457343841202e-05,2.455596452831323797e-05,2.285151320084858990e-05
2.538461886168851808e-05,2.696529966380755542e-05,2.607476306654232074e-05,2.788305409341581962e-05,2.720557161218966082e-05,2.678376661213565711e-05,2.703871284693651965e-05,2.693642463117569520e-05,2.677225945894269726e-05,2.434702545794918715e-05,2.606856228263137659e-05,2.769956358632794631e-05,2.734623321332301104e-05,2.719945228648256667e-05,2.787019123539780316e-05,2.635874232898443266e-05,2.649109292802606416e-05,2.749793162647157620e-05,2.780014999886492685e-05,2.785440168427596444e-05,2.732982341491345480e-05,2.833951621266767821e-05,2.919210566710171416e-05,2.817870227017382054e-05,2.823906900466432304e-05,2.752876777597200870e-05,2.803808294612197431e-05,2.812490967341125113e-05,2.831649255435408238e-05,2.834885315641256229e-05,2.830524121779617918e-05,2.888787963454457911e-05,2.866213559932982409e-05,2.874900229632290698e-05,2.744462945458970530e-05,2.892936717925555069e-05,2.820600452193915584e-05,2.913510515862365873e-05,2.841322891937660578e-05,2.767354500755249305e-05,2.828415359891932530e-05,2.742169843280010372e-05,2.751967217964145139e-05,2.627882522331931658e-05,2.622679538397486892e-05,2.472951839397618965e-05,2.537032826453683259e-05,2.628126237275556581e-05,2.722586309246527607e-05,2.770619044605374194e-05,2.736273107192352207e-05,2.882151296330527979e-05,2.882969510201519037e-05,2.968573789705553905e-05,2.908215057580789236e-05,3.074932495774991076e-05,2.984368410045015540e-05,2.934643913722491851e-05,2.992197920697103872e-05,2.884846556413329168e-05,3.000884582966956076e-05,3.008535054355849608e-05,3.014896774371384218e-05,2.994578400881060977e-05,2.940737956268901646e-05,3.060210115196568541e-05,3.051396455441158300e-05,3.116423012648948757e-05,2.946336163879811659e-05,3.028832617587557028e-05,3.029799527871538146e-05,3.041266702216270255e-05,3.092284451464986835e-05,2.931389717532618334e-05,3.037774436873698868e-05,2.979124034729049104e-05,2.992176040067403737e-05,2.982075414518728322e-05,3.057142819109993670e-05,2.969649161036590218e-05,3.056157791974128577e-05,2.958527152768381313e-05,2.949894976256612088e-05,3.126235557684079846e-05,3.047804502997454614e-05,2.934504429023307952e-05,2.937499885445484001e-05,3.010380621588694077e-05,2.990717990912726204e-05,3.022458878211100496e-05,3.006747230120136166e-05,3.057151366079802814e-05,3.005078595374097478e-05,2.958978994481092643e-05,2.952329783627253632e-05,2.971703912039915736e-05,3.000251702318522908e-05,2.926194913695956179e-05,2.939087424159475789e-05,2.987345341571068144e-05,2.954841865638943503e-05,2.976648550088747101e-05,3.068941956233173289e-05,3.024483616642103953e-05,2.900086059974906716e-05,3.007648972633305520e-05,2.976164510716304372e-05,2.956666804742589155e-05,2.867053790528217033e-05,2.935234195954098175e-05,2.910975228514966307e-05,2.877103399773041164e-05,2.901795455029948748e-05,2.829241138377189250e-05,2.847350120017701328e-05,2.720670238405295150e-05,2.704891607569348482e-05,2.782712114933889565e-05,2.632639870549587671e-05,2.741818472592138538e-05,2.838185816878870793e-05,2.758531230425805423e-05,2.771561781916246576e-05,2.717839542627634432e-05,2.749580032987274469e-05,2.694870884055630317e-05,2.675470733538904718e-05,2.734552861389568111e-05,2.818695954731520846e-05,2.625815032843789807e-05,2.644073092811597694e-05,2.807256736753080024e-05,2.688508922237119479e-05,2.641039681349058432e-05,2.572766953846768713e-05,2.509610175694716258e-05,2.495776570941335055e-05,2.476913331507227180e-05,2.380109668211910924e-05,2.228211269262722066e-05
2.542125304847305770e-05,2.684172495237903782e-05,2.631763872264234478e-05,2.801699335145901534e-05,2.750602106178930660e-05,2.713500276941810098e-05,2.723953458227360786e-05,2.736478626492996199e-05,2.694818465193957562e-05,2.447429625277057212e-05,2.628915878372628829e-05,2.794686927487542228e-05,2.758601017521165912e-05,2.749823649601279934e-05,2.816886706173275088e-05,2.658537212940201416e-05,2.687597197600936208e-05,2.776296096663396102e-05,2.818263904624518018e-05,2.813682392557071723e-05,2.750557966760545212e-05,2.858311876221174898e-05,2.951943390531804761e-05,2.868318130370159795e-05,2.855364647049610878e-05,2.787058392344901454e-05,2.830004230138822582e-05,2.854902967126084413e-05,2.863353866662791974e-05,2.872923922171055140e-05,2.866181129034748578e-05,2.907509991927931410e-05,2.900648890409759895e-05,2.922693857540199709e-05,2.774846538651676460e-05,2.930353004836370795e-05,2.865955999501712176e-05,2.958490528123018402e-05,2.891410455280360415e-05,2.803919322909318790e-05,2.864893811675568895e-05,2.777215223470417321e-05,2.793873796660136685e-05,2.661619699730756298e-05,2.647889755257189408e-05,2.489925716979429979e-05,2.568424934746700743e-05,2.655588261762615394e-05,2.754977433252413268e-05,2.799822716713073345e-05,2.783504360219844106e-05,2.917504219234582993e-05,2.933457014580658450e-05,3.017604059982902757e-05,2.969657868206512492e-05,3.136572449379690050e-05,3.037505530107933511e-05,2.995577535916237670e-05,3.047651259959490935e-05,2.939547287663381474e-05,3.050115810358538070e-05,3.014896774371384218e-05,3.140630141577148275e-05,3.063177511673645988e-05,2.992982319379578735e-05,3.124945381926059123e-05,3.110051960442541486e-05,3.186611358057390406e-05,3.035569050119437957e-05,3.092481666445882020e-05,3.092803790019337933e-05,3.107956753380516706e-05,3.160216985061878564e-05,3.009158822253733300e-05,3.111996663550255606e-05,3.045397991457618052e-05,3.056535714465816324e-05,3.062805853405320682e-05,3.124688745815461721e-05,3.034224043397214503e-05,3.133992715449952288e-05,3.028066920973319261e-05,3.051679847145278893e-05,3.206038858852602294e-05,3.147913717528626806e-05,3.002858922410738665e-05,3.012669739592338183e-05,3.087669524689763071e-05,3.082021997520235305e-05,3.098601658650624121e-05,3.087771383707242227e-05,3.146054096720825132e-05,3.089036925715293484e-05,3.049620612404862658e-05,3.025593713465880836e-05,3.064361963578086798e-05,3.112840632345049632e-05,3.042029383305785734e-05,3.035045223296416970e-05,3.090067168293278318e-05,3.043956505463982538e-05,3.060526964563779100e-05,3.147081521389220892e-05,3.101315224946171143e-05,2.978558793224371908e-05,3.115344858244595353e-05,3.072249415317521517e-05,3.062430809748121303e-05,2.969504210357548459e-05,3.015153873035876817e-05,3.010544425331037162e-05,2.980701837888964187e-05,2.992616511559112276e-05,2.899342127701662312e-05,2.939928077974355235e-05,2.811258419452484876e-05,2.801979213548157525e-05,2.911191994560895119e-05,2.741534793902985988e-05,2.827728539973766358e-05,2.950726278271412103e-05,2.868489207480580812e-05,2.853702578544362964e-05,2.803634621951541916e-05,2.829938332052930761e-05,2.788328924344355851e-05,2.754626483784962512e-05,2.817202454749748872e-05,2.931132360279657849e-05,2.691736573391115343e-05,2.746117579247896921e-05,2.896754346556438278e-05,2.749934132202412016e-05,2.706971621869242440e-05,2.674594376969023515e-05,2.579025874383290715e-05,2.568856813608755147e-05,2.542292146264537502e-05,2.470410986699171415e-05,2.286692249009260571e-05
2.570514977005279014e-05,2.707953502358475785e-05,2.628984505253172303e-05,2.823487856318299716e-05,2.745235216794079586e-05,2.701801481135621374e-05,2.732772724654949488e-05,2.747954460050548223e-05,2.705604806169299871e-05,2.370577312955697449e-05,2.630998652242778606e-05,2.790938127383719902e-05,2.762114511866072222e-05,2.759291373237692793e-05,2.815948986217367499e-05,2.649946214479785510e-05,2.717509567617509871e-05,2.788014545798873323e-05,2.806522930706587877e-05,2.807568394775581668e-05,2.768256946298893750e-05,2.860914898689154946e-05,2.936675636825283330e-05,2.852791511073797325e-05,2.864281379818940746e-05,2.787244274439309888e-05,2.823440942324918716e-05,2.842532416843355125e-05,2.864271554924336673e-05,2.867444258045850501e-05,2.869305019460430649e-05,2.911055114989739259e-05,2.906714461614597086e-05,2.922138356386799792e-05,2.776858271058337080e-05,2.922243738144852926e-05,2.859405374388557716e-05,2.943967270237541245e-05,2.889941424835361575e-05,2.798740217063484605e-05,2.866359466828545606e-05,2.793977253157591562e-05,2.793018444379081902e-05,2.665992913372862454e-05,2.656518080652312187e-05,2.521375254779838681e-05,2.550283151219168607e-05,2.655752348393861415e-05,2.749864738406703203e-05,2.803988711279393974e-05,2.784583581614694727e-05,2.907646566204502355e-05,2.927411799607289170e-05,2.998472314014590811e-05,2.950106704716435734e-05,3.122903908301776220e-05,3.036087364787633345e-05,2.965065162646358558e-05,3.047170107698281410e-05,2.928228150010116475e-05,3.038203433024994125e-05,2.994578400881060977e-05,3.063177511673645988e-05,3.108156156416007121e-05,2.994452274046275283e-05,3.115119625967523951e-05,3.100118252006597272e-05,3.158783536229148726e-05,3.023920242388536552e-05,3.091194509001428045e-05,3.076306799932382655e-05,3.066315049279493042e-05,3.151649755496847963e-05,2.992967987106903686e-05,3.086449904981079529e-05,3.027347753746091559e-05,3.044994642930262053e-05,3.040955229540500673e-05,3.095107316693960462e-05,3.031719476037629828e-05,3.115039647571545651e-05,3.010792010724612614e-05,3.042264006239315009e-05,3.186600886743020338e-05,3.117818922509812718e-05,2.966925368605226763e-05,2.993828233727334592e-05,3.074732661815216369e-05,3.058338642931395098e-05,3.084079424901502316e-05,3.058766371593233595e-05,3.137655409814160245e-05,3.055915806206920780e-05,3.025051958034271946e-05,3.013748392745482335e-05,3.023816313563388835e-05,3.079367928137003921e-05,3.025043712251794780e-05,3.007598258545183484e-05,3.041954241480629214e-05,3.043376746236284755e-05,3.034776857774347728e-05,3.132962878106020283e-05,3.086065785338233658e-05,2.948125264345087941e-05,3.094835768456130696e-05,3.051360689388388299e-05,3.031226412451666486e-05,2.937961369041451357e-05,3.001911472346424056e-05,2.974777471636508666e-05,2.952156916249662401e-05,2.977929143770347253e-05,2.897131780869246652e-05,2.925584142636137013e-05,2.786533466106188856e-05,2.790341521767403577e-05,2.868843889483250581e-05,2.712151053090000230e-05,2.805600470746479896e-05,2.927763495084097391e-05,2.824332203051610135e-05,2.837167625677050186e-05,2.791771291837449531e-05,2.816572158037932623e-05,2.773804029387191513e-05,2.759858678488715165e-05,2.807726061137700763e-05,2.906173361154591611e-05,2.674870271779461413e-05,2.733255629739948108e-05,2.857350745219604962e-05,2.740312986985399480e-05,2.701391709742132383e-05,2.651272673192253402e-05,2.575679672114585642e-05,2.561099451721276748e-05,2.532169288927047890e-05,2.467297305416350680e-05,2.295823191418084851e-05
2.507926017141973214e-05,2.643292739444490984e-05,2.576961368238611406e-05,2.755563040841939846e-05,2.690682439023767087e-05,2.642541152928887219e-05,2.666586690454884109e-05,2.667294224888224578e-05,2.635289976593952770e-05,2.453661454822225096e-05,2.577596870815769190e-05,2.745485041227534715e-05,2.704100121505965295e-05,2.696058638159838080e-05,2.760173202844889366e-05,2.629566996506684431e-05,2.618932084684090270e-05,2.701872300408497115e-05,2.733579752153795050e-05,2.747934487141983557e-05,2.701451661160021145e-05,2.788505181010927778e-05,2.900062343295809345e-05,2.790931053762399326e-05,2.785344025771191830e-05,2.727846630773681413e-05,2.766928436670842932e-05,2.774450295263846780e-05,2.797526090722885159e-05,2.806164100228553338e-05,2.796064061683727382e-05,2.837065380792136088e-05,2.834361339044234396e-05,2.852503967536869871e-05,2.699518395419363208e-05,2.874851508857876724e-05,2.795773516304814427e-05,2.879924963771983811e-05,2.822477599366204773e-05,2.731144424427293935e-05,2.803233452316772022e-05,2.725549937232429675e-05,2.713579907007537375e-05,2.606683401691049326e-05,2.590297210536682534e-05,2.447570339059085116e-05,2.508883325588932728e-05,2.593474032862303405e-05,2.689723367046853046e-05,2.740451059333337156e-05,2.722572195944747712e-05,2.840644836533664101e-05,2.866204849484888808e-05,2.940447801923804194e-05,2.885930060856116151e-05,3.051944142969628037e-05,2.971133734578310385e-05,2.908645146388739143e-05,2.981882170577379861e-05,2.863753720084292917e-05,2.978808248777594823e-05,2.940737956268901646e-05,2.992982319379578735e-05,2.994452274046275283e-05,2.997387540597334324e-05,3.049081543612202529e-05,3.039158595107529622e-05,3.105068064612430395e-05,2.965790767218570787e-05,3.032977758679974937e-05,3.020637322848546597e-05,3.030113548054557163e-05,3.099534011763399155e-05,2.950055057074833003e-05,3.025811956944176090e-05,2.973453567627184411e-05,2.989267006070820036e-05,3.001774366925377582e-05,3.049267650146377052e-05,2.972155950340706065e-05,3.062991011750624848e-05,2.971432438449008796e-05,2.998123319838731399e-05,3.125189409848971986e-05,3.068590596080915449e-05,2.941322310807087490e-05,2.954779584346530367e-05,3.032755569793546454e-05,3.023062859439117596e-05,3.036272939143950787e-05,3.026246477519867344e-05,3.079584338157552724e-05,3.008590069730013056e-05,2.992792958344786576e-05,2.970780222332302756e-05,2.995063725381538647e-05,3.037484558299563946e-05,2.990090267216361780e-05,2.966697233096544147e-05,3.000943389795140246e-05,2.987296437044448418e-05,3.013792700900327118e-05,3.097063976651922445e-05,3.050462989443263853e-05,2.918516420362080946e-05,3.051172596805434796e-05,3.016868522743332721e-05,2.985246142732513952e-05,2.909001869939754762e-05,2.974672057640124061e-05,2.936684519223711694e-05,2.907178722851695596e-05,2.921983487303071673e-05,2.853651824039938150e-05,2.886351694110495100e-05,2.763422498721140731e-05,2.776867117216670860e-05,2.839665222710369968e-05,2.688921412680951424e-05,2.784525206042100267e-05,2.887689778205869624e-05,2.783389699870183703e-05,2.796590100167451511e-05,2.740734318843210000e-05,2.773908608411463576e-05,2.735237099932752688e-05,2.711540271118022301e-05,2.760803115785377028e-05,2.840498214549018460e-05,2.627407339256418469e-05,2.680037591332621130e-05,2.821070971000934089e-05,2.701803627396574556e-05,2.623950541571740296e-05,2.586231617202816504e-05,2.529478222137781167e-05,2.495703587316046201e-05,2.489716336801830050e-05,2.419758372262422117e-05,2.238163997086045596e-05
2.608779000685785028e-05,2.757779576426257337e-05,2.682342154053742156e-05,2.879183777362538465e-05,2.805540078182909206e-05,2.752395539145259331e-05,2.764794238435091181e-05,2.780079378354162491e-05,2.746823939048332613e-05,2.485808545070638441e-05,2.687062268125095413e-05,2.849734052004206314e-05,2.817779908403917727e-05,2.809415261542044264e-05,2.870351570520998056e-05,2.722827098779037464e-05,2.740886677701999711e-05,2.828896157228642975e-05,2.855119272024947934e-05,2.870775889111474235e-05,2.812111015378288532e-05,2.906939199569226622e-05,2.999071160375725562e-05,2.905268341548172307e-05,2.913100029581530581e-05,2.831856145681378961e-05,2.883961739353719663e-05,2.886381915302435052e-05,2.914926941257402169e-05,2.918072957618553887e-05,2.915365437496670255e-05,2.953963274115350198e-05,2.951969365692472567e-05,2.972288270008564010e-05,2.822972534672093975e-05,2.979910825238100446e-05,2.909590524045200380e-05,2.992543799396067924e-05,2.937885929321588973e-05,2.837347892726655598e-05,2.905549511836475290e-05,2.832571582310261976e-05,2.833555790664462151e-05,2.698297950622273052e-05,2.677403831880872937e-05,2.533373774517089845e-05,2.594828082206038192e-05,2.682864565499908118e-05,2.786007819165439188e-05,2.836725951593699723e-05,2.824610475028228404e-05,2.953365108568701248e-05,2.979102765833470173e-05,3.050722064334232618e-05,3.002354811093626026e-05,3.173485438822560569e-05,3.093347823493913421e-05,3.026925717166909313e-05,3.100974370307872874e-05,2.982902985544903394e-05,3.098496278951211720e-05,3.060210115196568541e-05,3.124945381926059123e-05,3.115119625967523951e-05,3.049081543612202529e-05,3.235445618738254928e-05,3.166620228378220451e-05,3.221829380891442194e-05,3.080706934343380502e-05,3.146794917413102557e-05,3.138233165224022219e-05,3.146358259701646044e-05,3.223966766939316916e-05,3.058365801870593833e-05,3.154700479185704382e-05,3.092367885026206373e-05,3.110002905404363248e-05,3.121557847998411437e-05,3.177414307092207770e-05,3.087299115036365172e-05,3.190031482109380513e-05,3.079595615792643434e-05,3.110958400163126416e-05,3.262081080229161512e-05,3.193360621275288905e-05,3.053164252439307552e-05,3.070442779281393208e-05,3.148219657989674390e-05,3.148898023451196922e-05,3.159570599242769094e-05,3.149039569640928518e-05,3.213013443338027283e-05,3.141788323199887819e-05,3.094424689509066268e-05,3.086372426942295876e-05,3.110138847354511322e-05,3.172960343936663877e-05,3.099634564482001598e-05,3.080656813009819247e-05,3.128683469513067960e-05,3.115622602168511689e-05,3.111687747397677139e-05,3.209366925613004682e-05,3.168656879290036751e-05,3.039230366069659364e-05,3.172149050318594346e-05,3.131764735563944270e-05,3.117827014500650833e-05,3.023620974121660237e-05,3.085914055925939890e-05,3.047574926586689900e-05,3.020007201497300055e-05,3.044261916155770520e-05,2.960299028206102645e-05,2.986877775983666665e-05,2.858010915837359123e-05,2.878158389001091367e-05,2.955008706106485283e-05,2.789361363614519158e-05,2.874765533465826830e-05,2.995316534085298404e-05,2.882442081545067607e-05,2.914659708755549679e-05,2.851659812744684921e-05,2.873909223899614532e-05,2.815118769986955162e-05,2.820951712801071513e-05,2.861021527160296477e-05,2.958250980486201408e-05,2.713230078622186114e-05,2.776747600377747120e-05,2.902730199960505008e-05,2.768927380407664590e-05,2.728845675312154145e-05,2.678333308920787537e-05,2.613760496201963110e-05,2.606896556124798975e-05,2.556547288339856654e-05,2.459703695240933834e-05,2.331399037230280169e-05
2.627541412723103769e-05,2.757086568743954096e-05,2.670831085351868913e-05,2.870433605833609157e-05,2.799457420714845666e-05,2.731571146281838917e-05,2.767549999453220198e-05,2.783005263961986590e-05,2.745871929918412295e-05,2.427072661112534611e-05,2.675699077297431298e-05,2.838309539693790011e-05,2.809714535341400300e-05,2.804281159214250732e-05,2.860335651559812081e-05,2.707391349083303542e-05,2.745021435402281607e-05,2.823797403895266192e-05,2.856351672030790989e-05,2.846804716609536935e-05,2.799735962421750354e-05,2.904344216962675230e-05,2.993572046480878440e-05,2.897213175168089809e-05,2.902606754900458386e-05,2.829130136415710677e-05,2.874249146006848985e-05,2.872750794899729093e-05,2.902448702245982818e-05,2.908169959765084898e-05,2.907046168170162871e-05,2.953882082674968678e-05,2.941803847519447806e-05,2.963901391670455902e-05,2.818343730273967175e-05,2.967891074023803249e-05,2.900785324194487015e-05,2.989983555178919871e-05,2.924087649176584930e-05,2.838474980661133919e-05,2.906761151709251243e-05,2.833712894708060641e-05,2.821453147278063536e-05,2.705714181402455544e-05,2.690277197123687808e-05,2.543287180025910254e-05,2.597684523884414629e-05,2.689619914773624322e-05,2.798605668987349461e-05,2.840170459650575199e-05,2.813772536394863600e-05,2.958423978853090281e-05,2.962438187694365100e-05,3.044448381748125841e-05,2.989843769372629533e-05,3.160940044019516489e-05,3.082475255682909734e-05,3.017685037512845842e-05,3.094164356324631473e-05,2.971985666571191391e-05,3.083920182304327048e-05,3.051396455441158300e-05,3.110051960442541486e-05,3.100118252006597272e-05,3.039158595107529622e-05,3.166620228378220451e-05,3.209874273770374817e-05,3.216634304858360921e-05,3.069935387164387337e-05,3.140302282504625983e-05,3.126465719654001062e-05,3.141349857598265609e-05,3.207970040171294145e-05,3.042034289391538638e-05,3.161221430092313220e-05,3.087423534128975317e-05,3.107777097804068084e-05,3.105445192688589909e-05,3.167932856041171934e-05,3.090601202362643708e-05,3.202887155464083466e-05,3.068152050015918831e-05,3.100475210936034967e-05,3.259436915883953770e-05,3.185313468558011375e-05,3.050961252449323934e-05,3.054256972979909110e-05,3.141357604829228371e-05,3.121400795349311210e-05,3.155040293251060710e-05,3.125531948563481800e-05,3.183898667066058208e-05,3.139584937347877057e-05,3.096437502466143488e-05,3.081160080394452512e-05,3.101675611508268419e-05,3.150587114901577559e-05,3.077235037386631629e-05,3.073960178529124086e-05,3.127339149730971955e-05,3.109000425536135139e-05,3.105629192378343422e-05,3.204215036989306695e-05,3.167720868875722193e-05,3.041130289801674143e-05,3.167980419133225965e-05,3.120280134404039020e-05,3.105129423374654356e-05,3.022888393247147475e-05,3.080444177116188685e-05,3.062427984795565759e-05,3.039626683105475761e-05,3.040519488005433201e-05,2.968052317131698528e-05,2.999459518684328318e-05,2.875087857427801387e-05,2.854217219831417662e-05,2.929476054052608273e-05,2.789606238334127556e-05,2.883152455326539281e-05,2.984598661509556695e-05,2.895298783120772216e-05,2.925174012891181371e-05,2.857125429863499727e-05,2.887488440169876485e-05,2.841615627214694976e-05,2.827089651484772294e-05,2.895220220532794471e-05,2.989363939188007213e-05,2.763095779743958758e-05,2.799750986129854958e-05,2.957450698627776673e-05,2.818773780189529236e-05,2.789104930958477408e-05,2.716054959406232844e-05,2.641042019921337577e-05,2.638757948748087862e-05,2.589634137695451030e-05,2.523379791981095050e-05,2.354371301607333970e-05
2.631626985215359952e-05,2.759874209463030278e-05,2.710783774775923176e-05,2.892580181504020740e-05,2.842739150575670189e-05,2.779612371057372291e-05,2.798735717547012710e-05,2.799556817580414381e-05,2.774988163665349179e-05,2.573921614144804399e-05,2.710287391416514027e-05,2.868239706066043069e-05,2.835413692278527750e-05,2.832380436615950111e-05,2.898769358304862859e-05,2.733448535997476522e-05,2.738210711201139887e-05,2.850963577487763384e-05,2.885519398149041044e-05,2.887462425329276366e-05,2.825373841896454990e-05,2.947163521637096472e-05,3.046102956000316272e-05,2.943122659001985578e-05,2.925936524057151672e-05,2.856457576955953869e-05,2.918132463726525507e-05,2.924250238546284298e-05,2.941819886738764723e-05,2.945823787525583755e-05,2.954307958419897709e-05,2.990430749813414039e-05,2.972421935335164674e-05,3.001516002439969625e-05,2.840369500884195683e-05,3.021533858583029292e-05,2.938484984285553761e-05,3.024706930750908649e-05,2.961702601404096597e-05,2.876255903057329429e-05,2.954655585702874195e-05,2.864473675466043209e-05,2.866266364538729583e-05,2.732552905410119427e-05,2.723648597139119546e-05,2.568518932101092404e-05,2.626600037117964842e-05,2.729762132673352527e-05,2.844817500736104639e-05,2.881907059571752085e-05,2.865537655296764935e-05,2.998042337460940252e-05,3.019509141879156495e-05,3.101186573543154320e-05,3.041553239582744562e-05,3.221778732304663589e-05,3.134792824492912624e-05,3.077761177135772777e-05,3.148116356274062780e-05,3.030597952417697809e-05,3.148989705487270180e-05,3.116423012648948757e-05,3.186611358057390406e-05,3.158783536229148726e-05,3.105068064612430395e-05,3.221829380891442194e-05,3.216634304858360921e-05,3.346929751961289683e-05,3.122873035353352402e-05,3.199262992661203343e-05,3.202507302987849652e-05,3.219102274481912078e-05,3.276128557868117970e-05,3.114371513432728815e-05,3.210800515909827834e-05,3.161333587217796744e-05,3.187060134115413622e-05,3.178184170475951330e-05,3.236880263304460785e-05,3.155088855229687969e-05,3.247527398585717164e-05,3.153516451099580440e-05,3.167169486192146960e-05,3.330423355979932705e-05,3.262451358612311782e-05,3.121861014187551171e-05,3.140768178597233654e-05,3.207161246314293735e-05,3.202549591804774222e-05,3.221379155008869690e-05,3.205572943720205753e-05,3.267682121953581806e-05,3.212387235597575634e-05,3.172561797172065566e-05,3.160404346958589964e-05,3.183601068781399454e-05,3.229000018424804072e-05,3.153849702038275839e-05,3.157392819558733698e-05,3.204963774206083185e-05,3.172174009531960687e-05,3.198871655849924901e-05,3.282363827243009474e-05,3.237311872926976620e-05,3.111845596509517825e-05,3.232874737296609238e-05,3.196870451454380646e-05,3.176232485866306685e-05,3.096108071116608699e-05,3.152881109409249791e-05,3.120322227810090642e-05,3.086794602932922953e-05,3.117062843813077279e-05,3.029109090765351781e-05,3.060640958285459608e-05,2.915978383981257928e-05,2.922601913362668415e-05,3.010152609272970185e-05,2.844069334546610209e-05,2.948907722200317047e-05,3.054993129724591300e-05,2.966105873688622421e-05,2.980948571545643022e-05,2.926187811875869988e-05,2.958553295353854557e-05,2.920780775891846206e-05,2.881310142894705567e-05,2.947678537565593171e-05,3.050580810179956084e-05,2.821415837091061164e-05,2.850685410765919602e-05,3.017727517685233924e-05,2.897786561300019702e-05,2.820277912143052097e-05,2.792602585372940170e-05,2.701582654019527656e-05,2.688466388580293518e-05,2.653757228584035323e-05,2.580824186505173700e-05,2.403803064104506612e-05
2.479011413322451663e-05,2.612603035477937960e-05,2.561968902353401552e-05,2.741281278424945474e-05,2.684914643003205364e-05,2.624395923726341798e-05,2.639055602341469848e-05,2.662273989126703226e-05,2.607570335842284537e-05,2.427645427262774006e-05,2.561917174137573889e-05,2.723209316798964281e-05,2.683656647796246416e-05,2.682632478722389997e-05,2.734731348653909655e-05,2.602683574223951704e-05,2.600799809913787816e-05,2.687608531338984483e-05,2.734608687596954497e-05,2.736595362945969711e-05,2.671069721867772354e-05,2.780707268994392467e-05,2.878097328000402751e-05,2.785877832143935558e-05,2.779138186583118768e-05,2.713613257581061244e-05,2.761516747586668344e-05,2.759974188068554409e-05,2.794314792203950916e-05,2.794338418854235500e-05,2.795251431937199611e-05,2.830185350918472417e-05,2.830730724966573099e-05,2.856569976146613009e-05,2.699833227975863766e-05,2.870220314814677664e-05,2.808643302288670444e-05,2.875310657593758995e-05,2.819989984114237665e-05,2.731529240764133873e-05,2.806408812642462595e-05,2.724717843233728714e-05,2.717663494697955835e-05,2.602913790445362491e-05,2.587512358922241872e-05,2.439515823688750030e-05,2.499736877973500192e-05,2.587265246989636829e-05,2.695930825696585202e-05,2.736880436455767354e-05,2.732596947631550749e-05,2.852927675284361105e-05,2.874524602745501072e-05,2.935627882492723923e-05,2.896681104683100692e-05,3.073586252194170987e-05,2.981823693995509114e-05,2.928885968951426319e-05,2.995870707897098313e-05,2.893370623279703112e-05,2.993761770661865841e-05,2.946336163879811659e-05,3.035569050119437957e-05,3.023920242388536552e-05,2.965790767218570787e-05,3.080706934343380502e-05,3.069935387164387337e-05,3.122873035353352402e-05,3.057348865146105785e-05,3.043471008442351553e-05,3.029009624914782181e-05,3.051979225738182019e-05,3.113768324882557618e-05,2.978051322131877846e-05,3.061551193159762872e-05,3.001569027889400444e-05,3.021945128521748110e-05,3.040053695932058806e-05,3.078288254127313229e-05,3.007390216870239910e-05,3.106024510768720269e-05,2.998807429907036993e-05,3.055071536033274865e-05,3.179056856607182657e-05,3.109812807150660565e-05,2.973596990041116764e-05,3.003702762684899022e-05,3.079908196976899977e-05,3.063411589918183816e-05,3.072828600428758277e-05,3.074771657227513149e-05,3.139672662515245147e-05,3.056446351494190378e-05,3.024118551062365129e-05,3.015528843236441338e-05,3.038673602122392509e-05,3.111077367496053488e-05,3.053104195990616077e-05,3.036850619954310228e-05,3.072397653044651626e-05,3.056912554300745909e-05,3.075978008872481246e-05,3.132685912388958103e-05,3.099278346654510966e-05,2.966007608740575183e-05,3.123426414883064971e-05,3.098951597062201319e-05,3.055311347898650597e-05,2.982857350672080173e-05,3.027915742933024563e-05,3.013867924815687141e-05,2.973798225525658008e-05,2.988877291458136935e-05,2.910548143707391268e-05,2.953720228561798635e-05,2.819625072053352286e-05,2.845630386843835970e-05,2.929968636632025375e-05,2.784584608174172816e-05,2.849205409271650288e-05,2.955476871069800992e-05,2.878819266834934605e-05,2.857731356582087905e-05,2.801983163929050764e-05,2.820898792684163657e-05,2.780397743584376476e-05,2.759505072289503350e-05,2.804691979118432055e-05,2.908124449518909721e-05,2.671279893271153670e-05,2.756026717048346049e-05,2.883733557546688795e-05,2.741235075487277956e-05,2.667461443983177018e-05,2.670711205144138490e-05,2.597357049024945217e-05,2.552385623196607226e-05,2.511149763116268075e-05,2.458491259256371972e-05,2.284162542231793559e-05
2.592668198872321767e-05,2.743966896492488005e-05,2.668095969689428587e-05,2.866767068893265989e-05,2.770622215881845328e-05,2.735889452793263416e-05,2.762145013696070404e-05,2.764142690570016404e-05,2.735257684446556735e-05,2.400368178099291554e-05,2.662069755938424725e-05,2.821397178723381903e-05,2.790332086737507268e-05,2.780406571279898207e-05,2.849352118029788982e-05,2.700717607009769103e-05,2.714955504348007343e-05,2.828055539932624788e-05,2.842917903383098519e-05,2.819322154706445924e-05,2.780849787188894776e-05,2.888621721191920137e-05,2.980765170558925849e-05,2.863039236068298782e-05,2.876020590316832775e-05,2.797012491415621960e-05,2.861842052592377848e-05,2.864815524012503969e-05,2.890522748318965289e-05,2.891319976072318019e-05,2.888351686015747810e-05,2.939479642934924507e-05,2.930459950782596362e-05,2.945455343739630680e-05,2.796907345590435629e-05,2.949347173139001444e-05,2.881875382197564324e-05,2.962809777598869604e-05,2.906826741804807016e-05,2.809336618718788259e-05,2.887302565590387388e-05,2.824477867118581489e-05,2.803147395310704622e-05,2.667825923345344029e-05,2.667453421871727638e-05,2.522701978902166598e-05,2.572381346797222688e-05,2.659105197629898368e-05,2.762765579781978415e-05,2.824464072093637890e-05,2.801225564738737614e-05,2.931401900540029195e-05,2.954996614711515932e-05,3.041749946023045468e-05,2.973619010874287003e-05,3.152373490127627728e-05,3.073952125016728815e-05,2.998135280348167693e-05,3.077212868996354137e-05,2.960873077689156040e-05,3.074574299224431260e-05,3.028832617587557028e-05,3.092481666445882020e-05,3.091194509001428045e-05,3.032977758679974937e-05,3.146794917413102557e-05,3.140302282504625983e-05,3.199262992661203343e-05,3.043471008442351553e-05,3.211969165612412711e-05,3.114336799720268705e-05,3.124317281765053581e-05,3.207689097706305237e-05,3.040921612286140116e-05,3.151424418714427009e-05,3.091378301917799368e-05,3.096821249706488541e-05,3.095201341568797830e-05,3.170830715580551218e-05,3.086826628935165646e-05,3.190167200258624562e-05,3.066493870544203452e-05,3.094380144518198687e-05,3.240323349992518668e-05,3.178488808669892643e-05,3.040262563948406877e-05,3.069634183087634096e-05,3.155338290876621201e-05,3.139295294428532426e-05,3.164976770911677901e-05,3.146620241695772727e-05,3.194824573721743966e-05,3.126142226567180809e-05,3.091635658116190959e-05,3.078138268130284724e-05,3.115447069046881984e-05,3.148789431020429969e-05,3.085361411261190257e-05,3.071093650221907810e-05,3.119470250910073020e-05,3.122425321248290057e-05,3.114891700333839643e-05,3.208481733222017396e-05,3.176942177269929268e-05,3.043003004865527038e-05,3.170363610554432793e-05,3.115691809792058898e-05,3.107633224376830998e-05,3.023409370780576219e-05,3.086825196063467156e-05,3.046467479005723076e-05,3.023249322481208500e-05,3.050099806580829976e-05,2.976385553658845521e-05,2.996067969662726026e-05,2.861674744067072907e-05,2.872577405690955268e-05,2.942103847009912068e-05,2.779130693885502107e-05,2.894328017354376244e-05,3.003427088557017420e-05,2.881899457866462540e-05,2.934765746114671796e-05,2.855534768943584302e-05,2.907501689455829123e-05,2.841518141248664434e-05,2.820412188916399403e-05,2.887580212287753250e-05,2.988189309133814124e-05,2.769973213217302615e-05,2.815326758091032326e-05,2.931089880038927084e-05,2.806215289165819279e-05,2.785238120888897288e-05,2.714906210989226907e-05,2.645619384105547310e-05,2.617294230801388150e-05,2.613251210911411723e-05,2.545896593948844568e-05,2.345367035924748625e-05
2.549516457122460750e-05,2.685078247978443650e-05,2.610313074567145492e-05,2.796739355142617711e-05,2.739232314606102129e-05,2.674063124396724490e-05,2.699496913794941557e-05,2.714123208031156220e-05,2.682126965037261401e-05,2.430931801756760265e-05,2.610501422137413420e-05,2.777249128684477773e-05,2.738292075660328262e-05,2.725315856284869106e-05,2.793850694535961158e-05,2.650143153395512790e-05,2.668383592061589806e-05,2.749738722116263674e-05,2.783702023153303344e-05,2.787442453000107926e-05,2.734133521143681934e-05,2.837282049784439929e-05,2.938426158898814697e-05,2.831739828045182498e-05,2.819947859370607705e-05,2.758122349242868462e-05,2.809646829693361033e-05,2.831252189127266613e-05,2.849925692958542509e-05,2.853119182131133583e-05,2.859923770121269165e-05,2.899146917424965655e-05,2.886834557067544709e-05,2.899486756444776922e-05,2.759958103121509926e-05,2.929386351341273047e-05,2.846882483343774647e-05,2.946211695511529404e-05,2.883538747764892240e-05,2.798197636111955620e-05,2.851632769769342948e-05,2.765395756426936374e-05,2.780195502547772379e-05,2.648617485267924465e-05,2.638026802546077833e-05,2.500668945467064922e-05,2.567067005867091207e-05,2.656727426054991746e-05,2.765220673422521695e-05,2.811320385959098522e-05,2.778681400017921993e-05,2.918559207084655942e-05,2.925025131696461057e-05,3.019027983142669435e-05,2.958484754769185975e-05,3.124305378598953638e-05,3.038691655090180514e-05,2.986028194899621277e-05,3.064582818191485423e-05,2.943370671325976217e-05,3.065104285816701578e-05,3.029799527871538146e-05,3.092803790019337933e-05,3.076306799932382655e-05,3.020637322848546597e-05,3.138233165224022219e-05,3.126465719654001062e-05,3.202507302987849652e-05,3.029009624914782181e-05,3.114336799720268705e-05,3.193346016183584187e-05,3.129066368330751677e-05,3.191457058946116381e-05,3.036267353837552633e-05,3.131521168239629650e-05,3.076701091727213733e-05,3.089549800055106990e-05,3.086795295999853161e-05,3.149729609540387874e-05,3.060631450338355952e-05,3.161797081970445152e-05,3.072567842388061927e-05,3.081829769173207996e-05,3.246582268629168470e-05,3.194043148332256451e-05,3.037902590134908414e-05,3.040091530211612016e-05,3.119633746269899059e-05,3.116381783887494375e-05,3.135435178831790930e-05,3.125295419522055679e-05,3.172371764731888439e-05,3.117960857855210286e-05,3.099145103487341264e-05,3.063655114671649110e-05,3.094564582262189858e-05,3.127790109174944695e-05,3.077836326346600215e-05,3.061889123266268596e-05,3.109957296405197830e-05,3.088707370378336939e-05,3.115806292447098131e-05,3.194888121960220544e-05,3.150027595424911619e-05,3.028616893821931420e-05,3.161300158477435519e-05,3.122798121320346598e-05,3.105249259412802440e-05,3.018691264075877115e-05,3.084979582979787690e-05,3.052657352062305431e-05,3.017972138510577497e-05,3.048690209209156663e-05,2.970407721983501056e-05,2.980541622694490199e-05,2.867925766071816805e-05,2.868319040771049263e-05,2.957083651051782634e-05,2.787691859363191778e-05,2.906398089056689017e-05,2.996202602338280519e-05,2.918757714732168117e-05,2.928088678928179487e-05,2.863236304234726578e-05,2.916504803985009556e-05,2.845402894665724800e-05,2.835591640863825634e-05,2.891759904427954145e-05,2.980638747821152645e-05,2.791020579190156109e-05,2.823315851824170745e-05,2.966909169112139070e-05,2.846867189594730563e-05,2.798217064291568535e-05,2.748765089900489090e-05,2.656397853872609864e-05,2.658610389251429428e-05,2.614852292351346191e-05,2.545705040808156870e-05,2.361749571691358407e-05
2.536997423527801571e-05,2.693952707981271522e-05,2.639172878873110708e-05,2.817548872165324866e-05,2.758672239722781492e-05,2.693922682880774824e-05,2.717898505183208475e-05,2.721797900998352182e-05,2.684206300799022832e-05,2.484859729321074753e-05,2.618214656432167806e-05,2.798894508497321574e-05,2.757739716236031182e-05,2.750181482146977393e-05,2.819369545643780547e-05,2.678700299553178708e-05,2.681561595358327040e-05,2.765416018231916037e-05,2.804666457226900341e-05,2.808721544455052303e-05,2.754331947435816568e-05,2.861353335415892224e-05,2.963503133834210134e-05,2.851359468948474907e-05,2.850936182503973522e-05,2.774837769513821569e-05,2.843239794909791104e-05,2.847722777054273425e-05,2.868165066708294576e-05,2.867929808269043565e-05,2.865521222017458573e-05,2.904187236594147983e-05,2.899979586669330979e-05,2.914086133525723373e-05,2.779468702100345025e-05,2.937707945086933883e-05,2.869014325643860062e-05,2.948930024474423652e-05,2.891683698851535664e-05,2.805750212416891357e-05,2.867341922174509840e-05,2.789767858446122296e-05,2.786196320892408897e-05,2.663845117227167683e-05,2.658075807243564858e-05,2.508685421967476206e-05,2.574921331966920730e-05,2.660779007503069913e-05,2.772820993889995320e-05,2.824583588142618026e-05,2.802870934101760870e-05,2.929211256774921657e-05,2.943711772768640438e-05,3.026200594988646359e-05,2.968794134865090716e-05,3.149178532418205479e-05,3.056604025184233073e-05,3.009320407268023742e-05,3.073298636148676051e-05,2.958196599334369595e-05,3.075624245924932790e-05,3.041266702216270255e-05,3.107956753380516706e-05,3.066315049279493042e-05,3.030113548054557163e-05,3.146358259701646044e-05,3.141349857598265609e-05,3.219102274481912078e-05,3.051979225738182019e-05,3.124317281765053581e-05,3.129066368330751677e-05,3.202333124451685689e-05,3.213694390396199592e-05,3.035092012336221295e-05,3.145007256487634094e-05,3.087446045182122594e-05,3.103093223790554981e-05,3.112257753924350495e-05,3.181400767319841834e-05,3.075027967512149017e-05,3.183267351100473524e-05,3.083005539909450634e-05,3.103055931718844997e-05,3.260991166934930536e-05,3.197638759779123123e-05,3.061365061680789925e-05,3.080937572531752648e-05,3.140471069954480074e-05,3.141260693798078688e-05,3.153516853680465192e-05,3.149092120144705175e-05,3.205926599424470267e-05,3.147068806058867728e-05,3.110342619550819654e-05,3.098437578667739703e-05,3.123233128779475201e-05,3.164346362146726191e-05,3.100838709285578073e-05,3.088416173812345481e-05,3.138486980506320352e-05,3.113616297799267518e-05,3.140023826931483228e-05,3.217446806963880103e-05,3.178841411898984714e-05,3.049130732007281186e-05,3.175257580167092090e-05,3.131611802399424024e-05,3.128028138969852806e-05,3.036819290838842914e-05,3.091607209493197353e-05,3.072186619586695858e-05,3.029766152318180198e-05,3.051332713503298813e-05,2.975953763734850440e-05,2.999901585449504625e-05,2.871277024238697042e-05,2.878571537628368598e-05,2.961456326161508886e-05,2.803241110346824875e-05,2.894709235288904452e-05,2.984955344213175167e-05,2.913598711171095176e-05,2.913845750423483204e-05,2.848011449833305435e-05,2.910773924024982225e-05,2.836064159951075982e-05,2.815471532973652733e-05,2.891580163153161553e-05,2.984862616736752900e-05,2.778364782346688604e-05,2.804538869936610014e-05,2.945574845946664021e-05,2.820059914891410072e-05,2.753419113090832887e-05,2.717732540961529403e-05,2.639620186215682474e-05,2.623760254798363837e-05,2.590803000801192407e-05,2.524732200074776222e-05,2.328498231814160978e-05
2.618291823785227147e-05,2.763596975177191154e-05,2.698866423969427736e-05,2.889647794481238829e-05,2.805705669087109257e-05,2.757935216121857702e-05,2.789714901614945731e-05,2.793279382607872989e-05,2.742226821592469614e-05,2.487636070867258709e-05,2.675388302163494427e-05,2.856344513073156796e-05,2.819108328102286733e-05,2.809385716138994898e-05,2.877425361918343043e-05,2.728143465856037027e-05,2.763858724736184143e-05,2.824765263098670708e-05,2.868984666266477456e-05,2.852761974050629560e-05,2.807980075437044144e-05,2.909397003324015889e-05,3.003901391016585047e-05,2.907963856316776380e-05,2.901724755922518119e-05,2.828426033412429264e-05,2.880158529817332191e-05,2.886837381034533035e-05,2.921514797916506184e-05,2.925557002961304720e-05,2.918443712160446042e-05,2.961461334272805497e-05,2.956057799374467795e-05,2.988145023198488385e-05,2.819751910351910940e-05,2.984311499484889108e-05,2.916115577965039361e-05,3.012834840342320768e-05,2.944661428983972126e-05,2.852987557566648896e-05,2.916067410621505748e-05,2.843151213105690164e-05,2.839957306087205098e-05,2.709183129132581341e-05,2.710429964712362185e-05,2.565349258740371751e-05,2.618046171746946064e-05,2.693227659487063981e-05,2.814729220644142334e-05,2.876726507654397112e-05,2.844108657671277982e-05,2.984084384569634445e-05,3.000178755939899225e-05,3.078144630375818057e-05,3.023738971699064138e-05,3.201911281780206312e-05,3.123512137526227982e-05,3.064762825523572416e-05,3.130824763769900150e-05,3.007644792331125668e-05,3.141498663060789598e-05,3.092284451464986835e-05,3.160216985061878564e-05,3.151649755496847963e-05,3.099534011763399155e-05,3.223966766939316916e-05,3.207970040171294145e-05,3.276128557868117970e-05,3.113768324882557618e-05,3.207689097706305237e-05,3.191457058946116381e-05,3.213694390396199592e-05,3.344005753156094123e-05,3.116384044265241575e-05,3.222615574960259975e-05,3.156670220636019340e-05,3.180112546637995713e-05,3.193430531733078742e-05,3.248801758545769193e-05,3.163487571461978578e-05,3.267132938323163348e-05,3.169367635127808068e-05,3.179978055625571693e-05,3.325760271419330241e-05,3.281377481961288107e-05,3.119245790598027971e-05,3.154918906125016808e-05,3.223569116081468949e-05,3.207496286040684846e-05,3.240568985704288821e-05,3.223335077419079580e-05,3.279407342258343409e-05,3.216981818582095713e-05,3.194091076823198658e-05,3.167508047565144942e-05,3.201829087392299482e-05,3.230970186708341253e-05,3.169328468017748536e-05,3.156613352055875427e-05,3.195797179149396114e-05,3.187002732215100270e-05,3.199189341576855682e-05,3.299697838897489271e-05,3.256105391378756684e-05,3.120065951703154914e-05,3.240845918880296732e-05,3.201847226996075245e-05,3.181331095043634066e-05,3.074352354622048283e-05,3.155048977633387065e-05,3.138199705577146532e-05,3.110344342979422987e-05,3.123771489878353553e-05,3.052683256379394702e-05,3.061771513007873212e-05,2.927109226814604320e-05,2.938054356150082613e-05,3.013005587531463025e-05,2.860877058040170454e-05,2.966389053844126526e-05,3.065295977889198652e-05,2.957384727117626303e-05,3.005412218733714968e-05,2.927427282794030824e-05,2.960643439549154288e-05,2.910606280261673681e-05,2.883944543027395016e-05,2.961681785233960588e-05,3.061806089834928781e-05,2.849074843267357347e-05,2.874044133645559378e-05,2.977454169732909610e-05,2.881154478756858540e-05,2.828141288358894392e-05,2.774287279076850763e-05,2.707152388560494675e-05,2.688702734533861478e-05,2.656155166502921865e-05,2.597877980246304452e-05,2.413706693960247774e-05
2.414331554165264067e-05,2.536805408198777089e-05,2.507528602865324960e-05,2.685426691840049938e-05,2.619595450373781760e-05,2.565216947301399587e-05,2.586074924886982187e-05,2.596193603563935311e-05,2.559347426581396221e-05,2.331524120671764417e-05,2.488298975848724886e-05,2.656696577061297662e-05,2.621262388907676926e-05,2.607389768032334761e-05,2.678396160352228419e-05,2.534883464856284470e-05,2.543195819629381218e-05,2.625309931485183149e-05,2.650154032679401147e-05,2.664585034405603334e-05,2.615414010589578830e-05,2.720146616458581055e-05,2.812690485164387032e-05,2.712805573250835897e-05,2.701700376543778967e-05,2.652253861951677668e-05,2.679025194485099804e-05,2.692585084330374143e-05,2.731495145628158285e-05,2.741047127564498389e-05,2.734953829112445173e-05,2.759283099554688619e-05,2.767947325968914552e-05,2.783484616939583116e-05,2.639054234003826541e-05,2.809089386045998804e-05,2.751749590788038746e-05,2.815028889682774519e-05,2.761842533022970084e-05,2.672548122704856882e-05,2.742756672432732464e-05,2.662870165531419953e-05,2.654430747150027863e-05,2.539796936408502518e-05,2.534782550992036303e-05,2.397866092705515698e-05,2.473679922910505211e-05,2.547753502433197043e-05,2.642784398313287536e-05,2.700323621253816549e-05,2.701965749205750952e-05,2.804819647906053984e-05,2.818854615528646083e-05,2.910700066188688745e-05,2.855558436063001447e-05,3.039069594310381028e-05,2.951747639604188346e-05,2.889514005506147834e-05,2.962344241596580498e-05,2.853113184069478955e-05,2.952428339250112361e-05,2.931389717532618334e-05,3.009158822253733300e-05,2.992967987106903686e-05,2.950055057074833003e-05,3.058365801870593833e-05,3.042034289391538638e-05,3.114371513432728815e-05,2.978051322131877846e-05,3.040921612286140116e-05,3.036267353837552633e-05,3.035092012336221295e-05,3.116384044265241575e-05,3.067423309147638237e-05,3.057091664935384078e-05,3.017728778337385169e-05,3.034600437279671479e-05,3.071310641871227096e-05,3.071194389207854305e-05,3.002787238804791189e-05,3.120726431777671929e-05,3.019943894013010964e-05,3.082657919133039386e-05,3.184564671982170861e-05,3.132360507579271116e-05,2.996175319717711327e-05,3.016995943072181224e-05,3.117664452764916865e-05,3.076637764873374665e-05,3.102664599404218493e-05,3.092723119719347386e-05,3.168621766683089050e-05,3.073884406130571536e-05,3.055311959131152113e-05,3.005793248856979984e-05,3.070326076535633014e-05,3.155714413871088471e-05,3.103365787633626525e-05,3.095565577286519334e-05,3.115501255220884749e-05,3.086609142582487678e-05,3.111280353743726138e-05,3.178272448301192092e-05,3.140196049646264522e-05,3.005407331349932510e-05,3.150543225686297755e-05,3.121770992557205347e-05,3.093236007164766360e-05,3.029116095586110525e-05,3.063555869199356837e-05,3.041259583146102967e-05,3.006575521747233761e-05,3.002885702612438206e-05,2.937848911844115565e-05,2.967733525875201471e-05,2.852343756103842536e-05,2.921385784401081906e-05,2.983236183026914795e-05,2.816035057728818555e-05,2.899474296124362772e-05,2.968590723694375418e-05,2.904900781055187351e-05,2.880894266184430726e-05,2.817920890864340796e-05,2.829075511209330835e-05,2.804540242616127606e-05,2.764702795759796570e-05,2.802541298239017480e-05,2.895467998844348335e-05,2.663811728919648401e-05,2.765133431007653960e-05,2.861014767130573455e-05,2.705306797335743857e-05,2.657131538806879384e-05,2.615140612237036347e-05,2.571498742404793400e-05,2.530743694231756674e-05,2.505024804857534470e-05,2.441762901002222678e-05,2.288714782842128038e-05
2.564854223515022568e-05,2.700793518958567740e-05,2.627107450698646006e-05,2.827670203789628994e-05,2.743986809872655242e-05,2.693690185576408050e-05,2.718534877528791497e-05,2.714943278580172714e-05,2.685632529680369971e-05,2.381021014225653584e-05,2.617824346384475627e-05,2.788001701193786608e-05,2.748557250242008291e-05,2.744162155067782585e-05,2.802990450195136374e-05,2.673013723032979805e-05,2.682154530515325886e-05,2.766171264989211991e-05,2.798117647550777272e-05,2.791677467616607874e-05,2.748493404665661920e-05,2.846960303473615794e-05,2.941267187653124349e-05,2.831315530430406947e-05,2.844664843625894691e-05,2.765202073969380179e-05,2.826508224425248631e-05,2.829399444465647534e-05,2.857884573360545879e-05,2.863045309964904996e-05,2.850714829545232719e-05,2.895142414952872956e-05,2.896650285890991792e-05,2.916494950125671023e-05,2.769887968723278810e-05,2.921771183622743931e-05,2.854621865922063047e-05,2.953328997069013580e-05,2.880244423249924554e-05,2.793117992913058946e-05,2.860890837620273618e-05,2.796447278409026411e-05,2.782441491202447315e-05,2.663888485807777535e-05,2.672585890854948363e-05,2.520715754046040091e-05,2.572950662051733106e-05,2.656539509743588497e-05,2.765468302796941232e-05,2.819695259701546881e-05,2.787939624868954940e-05,2.924515038505523743e-05,2.933892298113350408e-05,3.028054851194990205e-05,2.964250123521513947e-05,3.143372397874286378e-05,3.051992220501785269e-05,2.997501566939303274e-05,3.073413001301265185e-05,2.957836378402884097e-05,3.078540090857691621e-05,3.037774436873698868e-05,3.111996663550255606e-05,3.086449904981079529e-05,3.025811956944176090e-05,3.154700479185704382e-05,3.161221430092313220e-05,3.210800515909827834e-05,3.061551193159762872e-05,3.151424418714427009e-05,3.131521168239629650e-05,3.145007256487634094e-05,3.222615574960259975e-05,3.057091664935384078e-05,3.233496663182459100e-05,3.098155404481796587e-05,3.118794632643248372e-05,3.115477983193641913e-05,3.181244864945524664e-05,3.107506785456018997e-05,3.202414539483462377e-05,3.097797901038685646e-05,3.117591658356040597e-05,3.283922606524187934e-05,3.213632471051436178e-05,3.060941228056473384e-05,3.092120090836977900e-05,3.166083751868107389e-05,3.151473810726238651e-05,3.191969997428399707e-05,3.146987761123428107e-05,3.222014913356395738e-05,3.159772645406504400e-05,3.125188186122241550e-05,3.101165494838641003e-05,3.131215371288250461e-05,3.187828556955116249e-05,3.127757857350923733e-05,3.117350830353926176e-05,3.156166231447834493e-05,3.151331699857818589e-05,3.151558280531853738e-05,3.254150244338604937e-05,3.194939260261171141e-05,3.067644968645373262e-05,3.207478409166042644e-05,3.158844041938274285e-05,3.148380663855614462e-05,3.050020092965504795e-05,3.106026303299787967e-05,3.082582861470133264e-05,3.059407045290575588e-05,3.069418301928280852e-05,3.006966176678468102e-05,3.022326915214016942e-05,2.900175230096178989e-05,2.910760772409078527e-05,2.972914756206945590e-05,2.828727799058056250e-05,2.934586799877862812e-05,3.014771492250669418e-05,2.936667859467399305e-05,2.958689469053461460e-05,2.883220476226098098e-05,2.921352573012167444e-05,2.871051316486585711e-05,2.859635855354435358e-05,2.905127083362450593e-05,3.030694074602915286e-05,2.797951062522054054e-05,2.833876381835556864e-05,2.976198486378657816e-05,2.853843520837970712e-05,2.798579899669833627e-05,2.745089662651931450e-05,2.679603201937646461e-05,2.674239445791227278e-05,2.627785013867665203e-05,2.561039140444908437e-05,2.345176645136194823e-05
2.448842933355679756e-05,2.594735015704031992e-05,2.551147865998663691e-05,2.741576777717574711e-05,2.646566906587741311e-05,2.613122997557414497e-05,2.622202447881382323e-05,2.640598650554861537e-05,2.596041954556819366e-05,2.349488543268264061e-05,2.555778159781441324e-05,2.689213200557575745e-05,2.664297486516982449e-05,2.661209063710790135e-05,2.709051347478349153e-05,2.578956433415805801e-05,2.588374028883753058e-05,2.681260667687349576e-05,2.716010435354898600e-05,2.718616877436016294e-05,2.665326359728571292e-05,2.765048722887595959e-05,2.849220411793682112e-05,2.755235983913353003e-05,2.748932024297602158e-05,2.679302999076722689e-05,2.738513706591800908e-05,2.742038616519754479e-05,2.770404035777679355e-05,2.778292601249533080e-05,2.778862950830937381e-05,2.825840695661915967e-05,2.815021145507728075e-05,2.827007902637865391e-05,2.694481239828826416e-05,2.848025023432524666e-05,2.785610494692294990e-05,2.865886388110297031e-05,2.820976100271506805e-05,2.718081870254474738e-05,2.782021570965656591e-05,2.710613969700468058e-05,2.715586928377964975e-05,2.576951311257999274e-05,2.582079234071472379e-05,2.448112730923233095e-05,2.499756664388201496e-05,2.590740478021398370e-05,2.693664367602943628e-05,2.741279967392388543e-05,2.735747056986852861e-05,2.853599253181586398e-05,2.864192975491300526e-05,2.958985258174071174e-05,2.911059102784571090e-05,3.088335631921212780e-05,2.997215541901026615e-05,2.939526621294629870e-05,3.002697912783679573e-05,2.898868542040534339e-05,3.016388877912997657e-05,2.979124034729049104e-05,3.045397991457618052e-05,3.027347753746091559e-05,2.973453567627184411e-05,3.092367885026206373e-05,3.087423534128975317e-05,3.161333587217796744e-05,3.001569027889400444e-05,3.091378301917799368e-05,3.076701091727213733e-05,3.087446045182122594e-05,3.156670220636019340e-05,3.017728778337385169e-05,3.098155404481796587e-05,3.134560036177759079e-05,3.064453533203151143e-05,3.086148075636223207e-05,3.134608872449004308e-05,3.049902446161433461e-05,3.154260842710966234e-05,3.052468045235862441e-05,3.096084071749588643e-05,3.228882628663873376e-05,3.168148072776898384e-05,3.031026005104321580e-05,3.045932744034920576e-05,3.131807820495093188e-05,3.116694573354608161e-05,3.147008809498858130e-05,3.123503689422091567e-05,3.186166995123446822e-05,3.127852153355766755e-05,3.085757345528205935e-05,3.061166500117144785e-05,3.103954708675619268e-05,3.158923369876851970e-05,3.089149104232220041e-05,3.080987143751026962e-05,3.118988113598229566e-05,3.109444891664240923e-05,3.131299021918925265e-05,3.200043855259696631e-05,3.166581445492290618e-05,3.052275817781132164e-05,3.173374838359501333e-05,3.136780792137717870e-05,3.124142430454867117e-05,3.031135301865959435e-05,3.070582709971884483e-05,3.062671048302824622e-05,3.025267762809988022e-05,3.033003873614165360e-05,2.981429539497337401e-05,2.989948814066894803e-05,2.871873661619546455e-05,2.918625955196943672e-05,2.974592036149493972e-05,2.818008787599776325e-05,2.914349433740400744e-05,2.995967987168398418e-05,2.931961615548619256e-05,2.938390515691247266e-05,2.871039374785818232e-05,2.905470291636643305e-05,2.848567142956200666e-05,2.811950655902050545e-05,2.864368332094325539e-05,2.976276385917783559e-05,2.767095539039407363e-05,2.807436925373687657e-05,2.934341353872333555e-05,2.806957307760041782e-05,2.750968736138188693e-05,2.732341033237822625e-05,2.641041586944548796e-05,2.630906408812957019e-05,2.589547129075594844e-05,2.518831569301146285e-05,2.359123241354478800e-05
2.482005578860319492e-05,2.615781042215612129e-05,2.559009764674090325e-05,2.745782703266831296e-05,2.682064612540534999e-05,2.641419790145895823e-05,2.651474009554135049e-05,2.668485881388494411e-05,2.632852162939990120e-05,2.392770571205662247e-05,2.562725224177786690e-05,2.722291620181495800e-05,2.696990717945820735e-05,2.682784592387095894e-05,2.741181017678764612e-05,2.595894942964807107e-05,2.585775656426792624e-05,2.708185854083143548e-05,2.741630232071240588e-05,2.727653168397257627e-05,2.681636875908269613e-05,2.793433422522082350e-05,2.912844571741500909e-05,2.790558180816366305e-05,2.780408680533895526e-05,2.710682462215662145e-05,2.757426086482467288e-05,2.768038307569206386e-05,2.792029736062120708e-05,2.798342185660824939e-05,2.814592742141247921e-05,2.844775671109017509e-05,2.828161452907349119e-05,2.859742412090066901e-05,2.696577480020549388e-05,2.863397360376377369e-05,2.806601597754066296e-05,2.892927666516836188e-05,2.828403556427829056e-05,2.742341469458625864e-05,2.817290434431032466e-05,2.727354919497653517e-05,2.724578418750964745e-05,2.602967702392025066e-05,2.614061553787177901e-05,2.455904765050732243e-05,2.514575450442311583e-05,2.604351769211004397e-05,2.710220378210678529e-05,2.759556053348191049e-05,2.741145923788404097e-05,2.865415296730347347e-05,2.884661379252354273e-05,2.975133552220049436e-05,2.910438533888437814e-05,3.077691422574575775e-05,3.019417618087494532e-05,2.947210863665337564e-05,3.026699653478685421e-05,2.904196364883818420e-05,3.019350677627492981e-05,2.992176040067403737e-05,3.056535714465816324e-05,3.044994642930262053e-05,2.989267006070820036e-05,3.110002905404363248e-05,3.107777097804068084e-05,3.187060134115413622e-05,3.021945128521748110e-05,3.096821249706488541e-05,3.089549800055106990e-05,3.103093223790554981e-05,3.180112546637995713e-05,3.034600437279671479e-05,3.118794632643248372e-05,3.064453533203151143e-05,3.150992720873313166e-05,3.101926003252225035e-05,3.152481741303122891e-05,3.070103635639911580e-05,3.167757018562544861e-05,3.070632464189476765e-05,3.099474458454579568e-05,3.240389846826906408e-05,3.177395375030994581e-05,3.040662515555806115e-05,3.063658700735886147e-05,3.136272167894971587e-05,3.119221493492003647e-05,3.143578320424311821e-05,3.126741039398447226e-05,3.193235014711869551e-05,3.127748145840161500e-05,3.088928942116605792e-05,3.071480517173046814e-05,3.110460003171933098e-05,3.171632604925772147e-05,3.086567340653936965e-05,3.083484311585920880e-05,3.137974643518240051e-05,3.114095587705189222e-05,3.123892099573972325e-05,3.212093355079443914e-05,3.154688325551232133e-05,3.034244554613045838e-05,3.155310733650868040e-05,3.113605248190806911e-05,3.091455582801506605e-05,3.021520216370072865e-05,3.081664713111914941e-05,3.062174224169800560e-05,3.021434976845949487e-05,3.021739321218357331e-05,2.961315132143934963e-05,2.974212746723995345e-05,2.853485269353524476e-05,2.867940390827582146e-05,2.936874288096535184e-05,2.780602261636950555e-05,2.882670636480217860e-05,2.969669569267961332e-05,2.904249495887918113e-05,2.900203299942204715e-05,2.834138667191781765e-05,2.869313596617732720e-05,2.819631520233102176e-05,2.791768592641201074e-05,2.863663970509510391e-05,2.943422244709954159e-05,2.739246116828759358e-05,2.784117100085137757e-05,2.924349309414225005e-05,2.793779236505682123e-05,2.731792119259967520e-05,2.692649501885814174e-05,2.600094491710493101e-05,2.579315885634355450e-05,2.545143582006919230e-05,2.494104170359519811e-05,2.309097775973051507e-05
2.407645138413777122e-05,2.536895379170107424e-05,2.505446665086451353e-05,2.686624037912897219e-05,2.615969955732418281e-05,2.582802159391671894e-05,2.572321799347307298e-05,2.604862947655692048e-05,2.551755808245408636e-05,2.399721378174709692e-05,2.524457344512441115e-05,2.665266620477479588e-05,2.616359844698452013e-05,2.602582542089766372e-05,2.685463029044677166e-05,2.540330036754988755e-05,2.521186624553038092e-05,2.618249499692162997e-05,2.676635791444417358e-05,2.672052740170408427e-05,2.603017938367054908e-05,2.717230897879271615e-05,2.823362276133988813e-05,2.721246234014618867e-05,2.702566714535393103e-05,2.649485097088598887e-05,2.685309491798198108e-05,2.709556301049025303e-05,2.743887944834674477e-05,2.752009479381381762e-05,2.757546301382162880e-05,2.769010315699173183e-05,2.772392274201434061e-05,2.798018892054390848e-05,2.648763027658645810e-05,2.822665998357384162e-05,2.772387854784891337e-05,2.840609203860218192e-05,2.785529611852845076e-05,2.688850436119131105e-05,2.753516997192038160e-05,2.672775337689472979e-05,2.662505407472068390e-05,2.547010859004289409e-05,2.540983623551828724e-05,2.386620247988700493e-05,2.478941580821939164e-05,2.551792135435543307e-05,2.662317886828516244e-05,2.714701203027960059e-05,2.729380144364575985e-05,2.830173676042246187e-05,2.845933595567504595e-05,2.926068856487454932e-05,2.901707935070154681e-05,3.078186373557511023e-05,2.990556197873264915e-05,2.932452472182630476e-05,3.004734383798510436e-05,2.906922111985007668e-05,3.014158747195457854e-05,2.982075414518728322e-05,3.062805853405320682e-05,3.040955229540500673e-05,3.001774366925377582e-05,3.121557847998411437e-05,3.105445192688589909e-05,3.178184170475951330e-05,3.040053695932058806e-05,3.095201341568797830e-05,3.086795295999853161e-05,3.112257753924350495e-05,3.193430531733078742e-05,3.071310641871227096e-05,3.115477983193641913e-05,3.086148075636223207e-05,3.101926003252225035e-05,3.215165358015084699e-05,3.177739351708330328e-05,3.073420765729224812e-05,3.203732338590100959e-05,3.102945872576096684e-05,3.157260993818564014e-05,3.290233786743490768e-05,3.219981374458164090e-05,3.085334916026710283e-05,3.118259523143729388e-05,3.199965353563605919e-05,3.168050762556545822e-05,3.195639449891032885e-05,3.176270474135968252e-05,3.257207298305744256e-05,3.165573135812746876e-05,3.138494036820924159e-05,3.111581751627876268e-05,3.163274293883397263e-05,3.253117697593750320e-05,3.194443940675746461e-05,3.173909226275779973e-05,3.203017718918075061e-05,3.203349960804145069e-05,3.220279355645400219e-05,3.285381045176523362e-05,3.240894000635027725e-05,3.112347830563544137e-05,3.258452364011583144e-05,3.213015242535756562e-05,3.194906674673020835e-05,3.128723089004248472e-05,3.156028413068501996e-05,3.169001538680372537e-05,3.102618397872871985e-05,3.102300447821772098e-05,3.043492597055342142e-05,3.078390134208650508e-05,2.964241106034481190e-05,3.024581183167429963e-05,3.091808669263218311e-05,2.918526103471188779e-05,2.999353827615815587e-05,3.077229752908328955e-05,3.020582239952090934e-05,3.009609823918576936e-05,2.913817358512154517e-05,2.950409844330476129e-05,2.897120421448295781e-05,2.853135838196869549e-05,2.913155665326614123e-05,3.008200081310868240e-05,2.797342261444014182e-05,2.875235500745924956e-05,2.973655879856177244e-05,2.812654998169417052e-05,2.774837430078082261e-05,2.743721927482633559e-05,2.678719425875250584e-05,2.638808356754102538e-05,2.603856914118301142e-05,2.554798174845709739e-05,2.355872720606727905e-05
2.553308398813076526e-05,2.711000602275933421e-05,2.638766691824799627e-05,2.832213085677910130e-05,2.747856017286380733e-05,2.715625583732910717e-05,2.737526104376929449e-05,2.742897199598456022e-05,2.699051377091354277e-05,2.464393981939546125e-05,2.660345529860075447e-05,2.792474666121621895e-05,2.760946374617526984e-05,2.735383237970122425e-05,2.821609885562186842e-05,2.663899411478114042e-05,2.675495567020371056e-05,2.782114090614157251e-05,2.812572155286791672e-05,2.806972005469785526e-05,2.742678222937351733e-05,2.860921585099641921e-05,2.963505815386485490e-05,2.863767851221248016e-05,2.843944798703452304e-05,2.761296905644711240e-05,2.830522425222656771e-05,2.846472055676730936e-05,2.866103118788712752e-05,2.870035853312793324e-05,2.873478569655955371e-05,2.919574942317720953e-05,2.897051243684464820e-05,2.922955067967200542e-05,2.772100538220376441e-05,2.934749896797132993e-05,2.877066489924325212e-05,2.962872246006716158e-05,2.902427824483245334e-05,2.794669154966426713e-05,2.862278209033295746e-05,2.791742192614744627e-05,2.789999409480226945e-05,2.654020306779805393e-05,2.653922387692933549e-05,2.498839890890673285e-05,2.573520697330396062e-05,2.662883993672860496e-05,2.759267836408491926e-05,2.817943882659991442e-05,2.804081872474926401e-05,2.931418714120925811e-05,2.944150267851891511e-05,3.028331167267287727e-05,2.990713095252072872e-05,3.160596288856194064e-05,3.078988821952134317e-05,3.022914202079753185e-05,3.076113975317666801e-05,2.976682697535628269e-05,3.097465621100870046e-05,3.057142819109993670e-05,3.124688745815461721e-05,3.095107316693960462e-05,3.049267650146377052e-05,3.177414307092207770e-05,3.167932856041171934e-05,3.236880263304460785e-05,3.078288254127313229e-05,3.170830715580551218e-05,3.149729609540387874e-05,3.181400767319841834e-05,3.248801758545769193e-05,3.071194389207854305e-05,3.181244864945524664e-05,3.134608872449004308e-05,3.152481741303122891e-05,3.177739351708330328e-05,3.298379261079814064e-05,3.130441874576389772e-05,3.251492450887857871e-05,3.137004373435970013e-05,3.156751700073073743e-05,3.316529556222354524e-05,3.250576182530272664e-05,3.114302422424219681e-05,3.136126775861777506e-05,3.211476696286290019e-05,3.207307223221834443e-05,3.237158429855407877e-05,3.209323455196950049e-05,3.252805477951142989e-05,3.204860419384472430e-05,3.162725592114660030e-05,3.148392345987875251e-05,3.183255247577389973e-05,3.228486405341248280e-05,3.166293574143938782e-05,3.147390661298420501e-05,3.206044432733121623e-05,3.186229035815457401e-05,3.198652912192851788e-05,3.277133998674925904e-05,3.242766153893524424e-05,3.114253354272252281e-05,3.247388712205586070e-05,3.203502940495333331e-05,3.176538440631069545e-05,3.105939784436488284e-05,3.168168635336294196e-05,3.163777545309194578e-05,3.106783295034813263e-05,3.130174306464819368e-05,3.057322218037409483e-05,3.073563051004294885e-05,2.956332086485476785e-05,2.961661311449968363e-05,3.035705118872516844e-05,2.874639203634441639e-05,2.970126459108179766e-05,3.087643339378605590e-05,3.003749991837218193e-05,3.007736303631169242e-05,2.950434175636136035e-05,2.997080813885706852e-05,2.920391097036888011e-05,2.897301393286682851e-05,2.976374858698869159e-05,3.069197725786505294e-05,2.874370011909129817e-05,2.886621272060888312e-05,3.044267799296009801e-05,2.896107754574313479e-05,2.858982302375792723e-05,2.808923598776826198e-05,2.729917393976390925e-05,2.718608992721120601e-05,2.672544400361210457e-05,2.608037901294590698e-05,2.417220124068891290e-05
2.505800068699703888e-05,2.628681268474538507e-05,2.562839130410422394e-05,2.772443209438272909e-05,2.680491954400235344e-05,2.631246013102928147e-05,2.667123969540921455e-05,2.669416285533821241e-05,2.624905979674608210e-05,2.306279768025404776e-05,2.565654710061624451e-05,2.721393306893819965e-05,2.697015579968869962e-05,2.682696915837908208e-05,2.735481484532373915e-05,2.623141411753536164e-05,2.635731172539928637e-05,2.705269188820377113e-05,2.734277910595400398e-05,2.729184036407968509e-05,2.680351023858307480e-05,2.790605769622523559e-05,2.853556279939085515e-05,2.767915939928279194e-05,2.781150289226679541e-05,2.701072036497373740e-05,2.755061260731192984e-05,2.752584116654894976e-05,2.788352766805179091e-05,2.786418563682122550e-05,2.780288983999842432e-05,2.830702698840888170e-05,2.820912493883640383e-05,2.838363394790875796e-05,2.707614123440964135e-05,2.847880078328064908e-05,2.796827181296707973e-05,2.872278628669165757e-05,2.817323086015649148e-05,2.715132452304410299e-05,2.786187903604941482e-05,2.728317771217647972e-05,2.714513446310801842e-05,2.594444214614969395e-05,2.600632031813133812e-05,2.451787072933492989e-05,2.489499523886062228e-05,2.588346681491202211e-05,2.688028612204160393e-05,2.746374979539517607e-05,2.724939037134163576e-05,2.854980438549218876e-05,2.867432079932385607e-05,2.948219602301376264e-05,2.905206446572345530e-05,3.068885852741481089e-05,2.985900054594052726e-05,2.927692055806360057e-05,2.999895682929892835e-05,2.898951407355184761e-05,3.015678927870592076e-05,2.969649161036590218e-05,3.034224043397214503e-05,3.031719476037629828e-05,2.972155950340706065e-05,3.087299115036365172e-05,3.090601202362643708e-05,3.155088855229687969e-05,3.007390216870239910e-05,3.086826628935165646e-05,3.060631450338355952e-05,3.075027967512149017e-05,3.163487571461978578e-05,3.002787238804791189e-05,3.107506785456018997e-05,3.049902446161433461e-05,3.070103635639911580e-05,3.073420765729224812e-05,3.130441874576389772e-05,3.118067130072633411e-05,3.153809078362921226e-05,3.047519590605135244e-05,3.075342044021240516e-05,3.213848381014234917e-05,3.161521585993361429e-05,3.012495552490861861e-05,3.051268449607466742e-05,3.112329153899490397e-05,3.107039188310823150e-05,3.149145903161865178e-05,3.108866570254659932e-05,3.178898078096948195e-05,3.108502534953741536e-05,3.079444301413606044e-05,3.068045174211865160e-05,3.085299352683879774e-05,3.147060356606475766e-05,3.077744249633551258e-05,3.072618551888661991e-05,3.115253403969980741e-05,3.118006287318520392e-05,3.104138093321096964e-05,3.207294354957497307e-05,3.160994391967923754e-05,3.024550520696868633e-05,3.161302812048959003e-05,3.114625927031862342e-05,3.107624708671758747e-05,3.002433219060969847e-05,3.082643825382736560e-05,3.039280135162933036e-05,3.021585146952722789e-05,3.037090638513576139e-05,2.965286126957928953e-05,2.990949614498478092e-05,2.853270677519809741e-05,2.881745581785427501e-05,2.941352011932086405e-05,2.803306411496397961e-05,2.895311206792064315e-05,2.991691494817245531e-05,2.918511584321043716e-05,2.937750262566131000e-05,2.853299279493299508e-05,2.898101346441716853e-05,2.857090387299109121e-05,2.846480747865182150e-05,2.889919500102623026e-05,3.006251244827897877e-05,2.784028942574159698e-05,2.835613877707667408e-05,2.951547979897300742e-05,2.840622987293438996e-05,2.796797026056807180e-05,2.747090841203357668e-05,2.682613934418236207e-05,2.647006070094494424e-05,2.613345925025770125e-05,2.566231206453969176e-05,2.392440379678543397e-05
2.551798068616998333e-05,2.676374810194450524e-05,2.616837790481554824e-05,2.825053952995366477e-05,2.736466386628195517e-05,2.698403736951424285e-05,2.703029251237950903e-05,2.730984068747103558e-05,2.678440667051586212e-05,2.423259641636920430e-05,2.644224452165589223e-05,2.779563653950039740e-05,2.743060600925626864e-05,2.738202210407764527e-05,2.810955120610319276e-05,2.685654775594523115e-05,2.653673922443125534e-05,2.761141486289634927e-05,2.798427996136723149e-05,2.782072890018681872e-05,2.741517813214447628e-05,2.854038634875971102e-05,2.938127193446252939e-05,2.834207782963839859e-05,2.827081222957198337e-05,2.756305763186646954e-05,2.819659322452376657e-05,2.821493068867831350e-05,2.850121177445284976e-05,2.857831471257456325e-05,2.864215571177509606e-05,2.901589871502715756e-05,2.891746235334988880e-05,2.928791486460711861e-05,2.761974497329912841e-05,2.926299235446711583e-05,2.875138384796680180e-05,2.955790477089571499e-05,2.895702913346854011e-05,2.793339803850118850e-05,2.859743667381182638e-05,2.789497093467361436e-05,2.783322159965451916e-05,2.648211972553805521e-05,2.648782795548170401e-05,2.516254063895612348e-05,2.579424755566879870e-05,2.654488370220874546e-05,2.756502914597278652e-05,2.821532052922582165e-05,2.801297574610291623e-05,2.931478648141492045e-05,2.943549945823291204e-05,3.040047814743862856e-05,2.982783605846840185e-05,3.154470440445615267e-05,3.082089029471284314e-05,3.021078466034828673e-05,3.091342545566765174e-05,2.977315276790868265e-05,3.088750627947473476e-05,3.056157791974128577e-05,3.133992715449952288e-05,3.115039647571545651e-05,3.062991011750624848e-05,3.190031482109380513e-05,3.202887155464083466e-05,3.247527398585717164e-05,3.106024510768720269e-05,3.190167200258624562e-05,3.161797081970445152e-05,3.183267351100473524e-05,3.267132938323163348e-05,3.120726431777671929e-05,3.202414539483462377e-05,3.154260842710966234e-05,3.167757018562544861e-05,3.203732338590100959e-05,3.251492450887857871e-05,3.153809078362921226e-05,3.355249867634407416e-05,3.171573099667624617e-05,3.195518032262105370e-05,3.344604420689068234e-05,3.287425402369114442e-05,3.138968701800985147e-05,3.170290379045892471e-05,3.247711434885820980e-05,3.236643499612459191e-05,3.266085517724239760e-05,3.234928075604586481e-05,3.296156935323041982e-05,3.236601602718897010e-05,3.209144900611034300e-05,3.180343414630667365e-05,3.219734675317201684e-05,3.287768174854241595e-05,3.228653155708107543e-05,3.211795334358545526e-05,3.264692515222416950e-05,3.252536953026038610e-05,3.261336558537681208e-05,3.327574547520082522e-05,3.313271813341880023e-05,3.166137281700477364e-05,3.299774218623827159e-05,3.256074441938560423e-05,3.221893752234063294e-05,3.165174614753674055e-05,3.223390768845098043e-05,3.205023092164590670e-05,3.172576777931900921e-05,3.175398328477171256e-05,3.098135127749192426e-05,3.123213188856919343e-05,3.012940119574784295e-05,3.034903016919532828e-05,3.112459066316845688e-05,2.944114551306935537e-05,3.050035934803014225e-05,3.124482330427431849e-05,3.036260206471288529e-05,3.062176536875160895e-05,2.971315426660086514e-05,3.022834144131629375e-05,2.960834355544288859e-05,2.941308838773363640e-05,2.994603842045986532e-05,3.098684278688471186e-05,2.866193768901578848e-05,2.940489281194332848e-05,3.062550235266625934e-05,2.903687386097168679e-05,2.877034638327119440e-05,2.817503660061117007e-05,2.736179880802410596e-05,2.724439209510125877e-05,2.678122568370836138e-05,2.615529972475704032e-05,2.432987025918765717e-05
2.444775494326634324e-05,2.573317574492626066e-05,2.522529114114082480e-05,2.707417814687725004e-05,2.645123782917976920e-05,2.587663963141811411e-05,2.596832644365988391e-05,2.608595515904092976e-05,2.569856489238639104e-05,2.447683686447720556e-05,2.524912153924908497e-05,2.677685279540994466e-05,2.631563231432688631e-05,2.635591091689202368e-05,2.678978926908540852e-05,2.606599383253557686e-05,2.541511736771303825e-05,2.620499403082453277e-05,2.666760840131662827e-05,2.684148320799120406e-05,2.620170513364386626e-05,2.738979431666289141e-05,2.839012273085309978e-05,2.745366392640000543e-05,2.695333714462264205e-05,2.652766857410056046e-05,2.698382020777228147e-05,2.715379993036043149e-05,2.741034451155735378e-05,2.750933997246854298e-05,2.733696430797006403e-05,2.776503133113044177e-05,2.780457708595186379e-05,2.802694085983510863e-05,2.649566865849648824e-05,2.823076388307792231e-05,2.765798385979897583e-05,2.844969455928520274e-05,2.784939578507145483e-05,2.690686514866696648e-05,2.750257457677405683e-05,2.672577241219869812e-05,2.676309846675807393e-05,2.552066623917807037e-05,2.554757745445327755e-05,2.404173095375601130e-05,2.470290697908213452e-05,2.557594451718580580e-05,2.656576420491273729e-05,2.712807283836091426e-05,2.706165611216127895e-05,2.821080075643757717e-05,2.848625051783908638e-05,2.930769411025924525e-05,2.877670235127341363e-05,3.060619469969706372e-05,2.965747056821854401e-05,2.920403028387327243e-05,2.981199462122939521e-05,2.876826205303038457e-05,3.003945646380519149e-05,2.958527152768381313e-05,3.028066920973319261e-05,3.010792010724612614e-05,2.971432438449008796e-05,3.079595615792643434e-05,3.068152050015918831e-05,3.153516451099580440e-05,2.998807429907036993e-05,3.066493870544203452e-05,3.072567842388061927e-05,3.083005539909450634e-05,3.169367635127808068e-05,3.019943894013010964e-05,3.097797901038685646e-05,3.052468045235862441e-05,3.070632464189476765e-05,3.102945872576096684e-05,3.137004373435970013e-05,3.047519590605135244e-05,3.171573099667624617e-05,3.145429342337372034e-05,3.111722717126822694e-05,3.246238725204783382e-05,3.184822446958931639e-05,3.036733728744519208e-05,3.074282934191495848e-05,3.144297460492629840e-05,3.130253304363563835e-05,3.153720134625091043e-05,3.142123692965715059e-05,3.192458640369125173e-05,3.125699127042570838e-05,3.123564766148356135e-05,3.086740889928860917e-05,3.125645837456971908e-05,3.200099197386239844e-05,3.141959100772219124e-05,3.125074813828276373e-05,3.162297726638946553e-05,3.143142293465077950e-05,3.168728852486174774e-05,3.242097131069951921e-05,3.200780275625398095e-05,3.057453115124291815e-05,3.198805984995210815e-05,3.164255114426494416e-05,3.122170659791467838e-05,3.055127786801563772e-05,3.116571191679281443e-05,3.095672690143087938e-05,3.063005880274409672e-05,3.079738583224765841e-05,3.020764595578142537e-05,3.049168155944411920e-05,2.915264740990369661e-05,2.949656084236111877e-05,3.017474593651643926e-05,2.867943821121227580e-05,2.965990806896368000e-05,3.044065025559480883e-05,2.976300061532169349e-05,2.982345587901937814e-05,2.899251192751640930e-05,2.938895090896300147e-05,2.881991102814603247e-05,2.839821781929383298e-05,2.899150321596348100e-05,2.995291284978434605e-05,2.800602918744975176e-05,2.842663193964137144e-05,2.973634913119614640e-05,2.829007439194444973e-05,2.775358406090365531e-05,2.761297079723115994e-05,2.670612832172723170e-05,2.645092037914248005e-05,2.612200037030618061e-05,2.558250693536373937e-05,2.360617704563658156e-05
2.375697565095511446e-05,2.487121568268027240e-05,2.481687569348510610e-05,2.642616850878981845e-05,2.584471042088774492e-05,2.543027312589190715e-05,2.549014282482629126e-05,2.566473349125789161e-05,2.499837745695694964e-05,2.403038891206315980e-05,2.481057387925838899e-05,2.626664982504677825e-05,2.580141139474910369e-05,2.597147155681211827e-05,2.631881377442336708e-05,2.502205979558328177e-05,2.473547104729560716e-05,2.565753705107366500e-05,2.639673205559635435e-05,2.628469707460243807e-05,2.581892760005381835e-05,2.685424501121460195e-05,2.790290239402925325e-05,2.692247724207749205e-05,2.659593652986984484e-05,2.621576397185798642e-05,2.659796304731765643e-05,2.685362397368555151e-05,2.719232539675300964e-05,2.729560038401298474e-05,2.708483425981717687e-05,2.739697747530482952e-05,2.751201308209609927e-05,2.761219674487821449e-05,2.614933086796984249e-05,2.785807598416758997e-05,2.759702927495367048e-05,2.815097852879243527e-05,2.766049358448728718e-05,2.657704024315809638e-05,2.729904116151252310e-05,2.674172073578854919e-05,2.644610946206980034e-05,2.521092606782313487e-05,2.543158501166998072e-05,2.388827992794769284e-05,2.463205916879034456e-05,2.530205235488951687e-05,2.646257787987719201e-05,2.693516326627393257e-05,2.718096371476323828e-05,2.804693654076508073e-05,2.829694926634227062e-05,2.910895306963723835e-05,2.893294190087458730e-05,3.079296780834866575e-05,2.974171064507052202e-05,2.920871607978992509e-05,2.992189230745386134e-05,2.893965693533916410e-05,3.001264001982707348e-05,2.949894976256612088e-05,3.051679847145278893e-05,3.042264006239315009e-05,2.998123319838731399e-05,3.110958400163126416e-05,3.100475210936034967e-05,3.167169486192146960e-05,3.055071536033274865e-05,3.094380144518198687e-05,3.081829769173207996e-05,3.103055931718844997e-05,3.179978055625571693e-05,3.082657919133039386e-05,3.117591658356040597e-05,3.096084071749588643e-05,3.099474458454579568e-05,3.157260993818564014e-05,3.156751700073073743e-05,3.075342044021240516e-05,3.195518032262105370e-05,3.111722717126822694e-05,3.314444190925949036e-05,3.280737948261007572e-05,3.250523171675530896e-05,3.084227611311635305e-05,3.140403572213895081e-05,3.221940324928063094e-05,3.211421125614805045e-05,3.222865744590545277e-05,3.182651824403221163e-05,3.308167652386530012e-05,3.182764687751004566e-05,3.182771986523919423e-05,3.128222871598688082e-05,3.189622260110857417e-05,3.307588347756551696e-05,3.268700030125022276e-05,3.241951202534069454e-05,3.277121765869305935e-05,3.244589287574298529e-05,3.297842564962456422e-05,3.332220014039135816e-05,3.284227428074666259e-05,3.161824569474448509e-05,3.297939740514145232e-05,3.289935446983781168e-05,3.228819097850243493e-05,3.194522259731127705e-05,3.215529743316970025e-05,3.223476639796655021e-05,3.147216840817867117e-05,3.153154753920654068e-05,3.110791359523559481e-05,3.129121055597481189e-05,3.012078856474524342e-05,3.127887769520171555e-05,3.182783520446734601e-05,3.029368166885788191e-05,3.094057336395869974e-05,3.166988626125238600e-05,3.114811312413383348e-05,3.044988875134220724e-05,2.979955089124280024e-05,3.028221641928315199e-05,2.948741033821664304e-05,2.913560583469064014e-05,2.959809612986833438e-05,3.038329663413362832e-05,2.793490325406692337e-05,2.903273589817622380e-05,3.011214014570678580e-05,2.850372145260986694e-05,2.787344859478883046e-05,2.787791587970889716e-05,2.702081424531719650e-05,2.650359794972714718e-05,2.611419433054189035e-05,2.581410059066683910e-05,2.343662549370774287e-05
2.546868138011379083e-05,2.694862042999126751e-05,2.635502150878112253e-05,2.831854891241120017e-05,2.759462996476600821e-05,2.723518424972659298e-05,2.716269664543811212e-05,2.755898002631252644e-05,2.697882605418761928e-05,2.498901160995836698e-05,2.677188964612601922e-05,2.811431872055201439e-05,2.774753077982157774e-05,2.758348784389174136e-05,2.839866464301552554e-05,2.701334099529333253e-05,2.657798980372375817e-05,2.775640900736768099e-05,2.835933232049363389e-05,2.824111457046418912e-05,2.745056183559896237e-05,2.879679734005687088e-05,2.984919906356740631e-05,2.876021793358474505e-05,2.853717814612556527e-05,2.783948410776303445e-05,2.846557114989987266e-05,2.867240314037342218e-05,2.898571446859449401e-05,2.898084058447506631e-05,2.908902092943336967e-05,2.938591587831576154e-05,2.932903823326558972e-05,2.950789100593525257e-05,2.793194165600194700e-05,2.976023200267718753e-05,2.921632337707017721e-05,3.001251858521341692e-05,2.943594400960627947e-05,2.834237437818372475e-05,2.914890875092365926e-05,2.830511577977943465e-05,2.822237995254682022e-05,2.684737111049542813e-05,2.694179001301757445e-05,2.542989527885114895e-05,2.621340134511195800e-05,2.705254223768502474e-05,2.819090702808474335e-05,2.859989963128609767e-05,2.860165606328544043e-05,2.975060793247193944e-05,3.003490029422416113e-05,3.083188221307604673e-05,3.051957587536181164e-05,3.238099478196553380e-05,3.136425179366159082e-05,3.094820400113530929e-05,3.150327380269049452e-05,3.047338834602968870e-05,3.171282703951629558e-05,3.126235557684079846e-05,3.206038858852602294e-05,3.186600886743020338e-05,3.125189409848971986e-05,3.262081080229161512e-05,3.259436915883953770e-05,3.330423355979932705e-05,3.179056856607182657e-05,3.240323349992518668e-05,3.246582268629168470e-05,3.260991166934930536e-05,3.325760271419330241e-05,3.184564671982170861e-05,3.283922606524187934e-05,3.228882628663873376e-05,3.240389846826906408e-05,3.290233786743490768e-05,3.316529556222354524e-05,3.213848381014234917e-05,3.344604420689068234e-05,3.246238725204783382e-05,3.280737948261007572e-05,3.504294346110680699e-05,3.356036135661007099e-05,3.221816495335064320e-05,3.247467406973477734e-05,3.318024155241887932e-05,3.308875497071848872e-05,3.329173033874013128e-05,3.318703390892087032e-05,3.389078981242938206e-05,3.310968841661258554e-05,3.285833383070745826e-05,3.256399232243612217e-05,3.293512314546960648e-05,3.391435983288726283e-05,3.328962264610999731e-05,3.304920624781236874e-05,3.354450368044911744e-05,3.346595318098582718e-05,3.366902852453727087e-05,3.428388544762024404e-05,3.391985739551873060e-05,3.251004234843899040e-05,3.400257222499081803e-05,3.361991637933532001e-05,3.335048836954950999e-05,3.263707879227036252e-05,3.304640267526646444e-05,3.320627833914090681e-05,3.264733713047489810e-05,3.261918224495126092e-05,3.199148039361184552e-05,3.236873694121121937e-05,3.109751375127660497e-05,3.146251924935921962e-05,3.241012493391957672e-05,3.043274781621680046e-05,3.163803618425415829e-05,3.236706802152010154e-05,3.185648278320477251e-05,3.170445060935671284e-05,3.078682138540984929e-05,3.134955455095803849e-05,3.060520109644535236e-05,3.029567854777175004e-05,3.080742413693178484e-05,3.199204893613306054e-05,2.980438616154008316e-05,3.040210744457958500e-05,3.183949297400363035e-05,2.997246689475571024e-05,2.949886852778547274e-05,2.941882087139793299e-05,2.828266981058782120e-05,2.821564096214087666e-05,2.776420527317603127e-05,2.714996166099424170e-05,2.508363807918762841e-05
2.509698296829278590e-05,2.617643751877483582e-05,2.592697644837218990e-05,2.789390744150239818e-05,2.710262272018894739e-05,2.657880579469658127e-05,2.669970839116696034e-05,2.690893625596061826e-05,2.630341778736485590e-05,2.415917410204466759e-05,2.582090070043831242e-05,2.749563020687838534e-05,2.703126074615952635e-05,2.698417283244708564e-05,2.777583856601581455e-05,2.640887639476864791e-05,2.632714924583274405e-05,2.710067844311236679e-05,2.754303873565971329e-05,2.754714159622706219e-05,2.691458146969816288e-05,2.808247056923306485e-05,2.907384626492811295e-05,2.808379150180369613e-05,2.787479910174442543e-05,2.730284516968908712e-05,2.770371018288386052e-05,2.808400623613328416e-05,2.834055999232234929e-05,2.836187851122242234e-05,2.823112160320682799e-05,2.848801395317782518e-05,2.852153257860283147e-05,2.882820730821513219e-05,2.727361494446153730e-05,2.905289047520883129e-05,2.842186494517840879e-05,2.929672161770582512e-05,2.875881357314954181e-05,2.783815931618045691e-05,2.836073986946434589e-05,2.760154057215999450e-05,2.751649747851812609e-05,2.626692742259334465e-05,2.637746452051430350e-05,2.466204781801803754e-05,2.550207368712973253e-05,2.627876193314767654e-05,2.737565859658167071e-05,2.805962122345957916e-05,2.781526135544430605e-05,2.910281727528118650e-05,2.922366892708401368e-05,3.029894075168807095e-05,2.986127215977141513e-05,3.160420393252945067e-05,3.063207995572679365e-05,3.018068660039996412e-05,3.090493075649296354e-05,2.976801038363294572e-05,3.092231501710749199e-05,3.047804502997454614e-05,3.147913717528626806e-05,3.117818922509812718e-05,3.068590596080915449e-05,3.193360621275288905e-05,3.185313468558011375e-05,3.262451358612311782e-05,3.109812807150660565e-05,3.178488808669892643e-05,3.194043148332256451e-05,3.197638759779123123e-05,3.281377481961288107e-05,3.132360507579271116e-05,3.213632471051436178e-05,3.168148072776898384e-05,3.177395375030994581e-05,3.219981374458164090e-05,3.250576182530272664e-05,3.161521585993361429e-05,3.287425402369114442e-05,3.184822446958931639e-05,3.250523171675530896e-05,3.356036135661007099e-05,3.394221923812711821e-05,3.156411006866290873e-05,3.189840368161597203e-05,3.249386460689335254e-05,3.253389619240628451e-05,3.282037615526929385e-05,3.255768700284834084e-05,3.329803709498029116e-05,3.235295417959250716e-05,3.238066175224640274e-05,3.205390239252627602e-05,3.251334140895762869e-05,3.314367971837715529e-05,3.258532028331244542e-05,3.236842335707310476e-05,3.282742561925766829e-05,3.270922677383403330e-05,3.303799479232446618e-05,3.374054541184221462e-05,3.323572200257915210e-05,3.203029613712035623e-05,3.338611425137612976e-05,3.299316760903990884e-05,3.271144187303326602e-05,3.202268878695187172e-05,3.250551891109503666e-05,3.256761081450488008e-05,3.176848363788905324e-05,3.213902565011684203e-05,3.141109703805227749e-05,3.145495194218696379e-05,3.030338352749815565e-05,3.075114661646321005e-05,3.153167723989460329e-05,3.004045114321373278e-05,3.103177619104333893e-05,3.171725868929021883e-05,3.125821015186288271e-05,3.124517903050325513e-05,3.011185499483157678e-05,3.095314127656119613e-05,3.003440798455099336e-05,2.987960110804337271e-05,3.044013986190914313e-05,3.137380826420154610e-05,2.921550602339933070e-05,2.994915441220769134e-05,3.118172396576709461e-05,2.957133360481932526e-05,2.912910131377338546e-05,2.891017803512025563e-05,2.792232237339474111e-05,2.774968450696411234e-05,2.721811370291099438e-05,2.683987782973765328e-05,2.461326637855536234e-05
2.398832390544649578e-05,2.515334667740396868e-05,2.476138383196081245e-05,2.674712767868532581e-05,2.588114715736110382e-05,2.555704651690584247e-05,2.556407425210745454e-05,2.574112664676566549e-05,2.540206308958162248e-05,2.350994139878546512e-05,2.485671629913239157e-05,2.634116236726888539e-05,2.603381666781911060e-05,2.585356369693504446e-05,2.656865014280338706e-05,2.494261302482200533e-05,2.471168310118045325e-05,2.614370307645763223e-05,2.644483128910104505e-05,2.642081698814589523e-05,2.576528263213943108e-05,2.702132714268831628e-05,2.812653558761354705e-05,2.693237245333689187e-05,2.677516231714215954e-05,2.603736663131023992e-05,2.657737919092666417e-05,2.672010074388774816e-05,2.706503607931319484e-05,2.723787020324502052e-05,2.723894780183697641e-05,2.747562648973037348e-05,2.738743945599794225e-05,2.756131956229320839e-05,2.617252199147042301e-05,2.780388088018044510e-05,2.733535861128385847e-05,2.794847132484327710e-05,2.736290282561151859e-05,2.662644554288343923e-05,2.723929611296929676e-05,2.642675818893757772e-05,2.637534946677074513e-05,2.514770851635686323e-05,2.514685512989109806e-05,2.363819913449342352e-05,2.450872018838084850e-05,2.535084112815279853e-05,2.627955703483681236e-05,2.678405898341310379e-05,2.670466019503063974e-05,2.777869502289875494e-05,2.802216861051452787e-05,2.891713659652518569e-05,2.850740260607675933e-05,3.022712816268294754e-05,2.936653592863491542e-05,2.882830658067362108e-05,2.940487225046405485e-05,2.844917306425613767e-05,2.969761710404885121e-05,2.934504429023307952e-05,3.002858922410738665e-05,2.966925368605226763e-05,2.941322310807087490e-05,3.053164252439307552e-05,3.050961252449323934e-05,3.121861014187551171e-05,2.973596990041116764e-05,3.040262563948406877e-05,3.037902590134908414e-05,3.061365061680789925e-05,3.119245790598027971e-05,2.996175319717711327e-05,3.060941228056473384e-05,3.031026005104321580e-05,3.040662515555806115e-05,3.085334916026710283e-05,3.114302422424219681e-05,3.012495552490861861e-05,3.138968701800985147e-05,3.036733728744519208e-05,3.084227611311635305e-05,3.221816495335064320e-05,3.156411006866290873e-05,3.101273447842878110e-05,3.049081401782339381e-05,3.121841298538641300e-05,3.111972278827200816e-05,3.131383892117352654e-05,3.125033636507510993e-05,3.182992750791885362e-05,3.108435506925249250e-05,3.094337771682154330e-05,3.056325116378805581e-05,3.103039052989684535e-05,3.174661001309056821e-05,3.111340671421442949e-05,3.108770239764297404e-05,3.158251706116678117e-05,3.131159162822849635e-05,3.166548583962207569e-05,3.230420276444749268e-05,3.181971085914576605e-05,3.058515970145845073e-05,3.194084887041640528e-05,3.156225291023366319e-05,3.135290525596646144e-05,3.072238124118688936e-05,3.122637802269540372e-05,3.093233341446770084e-05,3.057253474422661919e-05,3.067151305087290883e-05,3.002267316152440834e-05,3.023682624076672938e-05,2.917242703808375592e-05,2.964740571407045226e-05,3.032830996119716623e-05,2.871174783523180315e-05,2.959724700151077174e-05,3.037772265329076484e-05,2.992493369684027599e-05,2.966783546407829618e-05,2.881655432763347092e-05,2.923399209893688693e-05,2.875826714693475639e-05,2.843565012237555539e-05,2.895689399709465068e-05,2.974513119100201191e-05,2.805065450782232673e-05,2.840943256606186647e-05,2.956196998893483301e-05,2.811962900504299048e-05,2.777392411285291429e-05,2.731743966236809643e-05,2.681335278146554829e-05,2.633849996752355265e-05,2.586514340228050556e-05,2.536999776933119077e-05,2.338391692992417622e-05
2.358620913918261673e-05,2.481060349849002029e-05,2.475690518068874348e-05,2.638132298896413028e-05,2.575244891515264021e-05,2.526960423840347798e-05,2.526547016151705542e-05,2.532545276051994162e-05,2.492990013653749960e-05,2.371928632680899419e-05,2.455878231526256977e-05,2.621958986818730922e-05,2.570304459788237128e-05,2.561196352224915832e-05,2.632644148031976485e-05,2.507220757136849310e-05,2.457231486969372149e-05,2.578637056697324201e-05,2.621073427242636786e-05,2.622069730527986923e-05,2.556538953699405775e-05,2.678449362041902137e-05,2.783967580643655076e-05,2.658735612749645486e-05,2.654186950217391074e-05,2.587173987946301819e-05,2.644031041013484955e-05,2.655598012863870716e-05,2.699937334049021319e-05,2.694122610836872098e-05,2.697138186553176261e-05,2.725200911038015722e-05,2.711311648122788451e-05,2.757713472463119451e-05,2.602771484935818125e-05,2.764536267958651471e-05,2.726058629144147852e-05,2.777293466742529541e-05,2.734740820434627872e-05,2.634832248957723384e-05,2.708771329254848031e-05,2.641555890611674802e-05,2.630224641035688117e-05,2.507111663208063559e-05,2.514465200813097287e-05,2.368712188439167730e-05,2.446096791596241647e-05,2.515891108784877941e-05,2.622815821123165251e-05,2.679427491225487465e-05,2.687907974053023718e-05,2.783418837386168016e-05,2.810655863960066490e-05,2.879899135385306062e-05,2.846102241173435469e-05,3.027595218563319777e-05,2.948717025594441773e-05,2.902243395069898415e-05,2.950716225871515526e-05,2.859471974645041851e-05,2.975675435347711859e-05,2.937499885445484001e-05,3.012669739592338183e-05,2.993828233727334592e-05,2.954779584346530367e-05,3.070442779281393208e-05,3.054256972979909110e-05,3.140768178597233654e-05,3.003702762684899022e-05,3.069634183087634096e-05,3.040091530211612016e-05,3.080937572531752648e-05,3.154918906125016808e-05,3.016995943072181224e-05,3.092120090836977900e-05,3.045932744034920576e-05,3.063658700735886147e-05,3.118259523143729388e-05,3.136126775861777506e-05,3.051268449607466742e-05,3.170290379045892471e-05,3.074282934191495848e-05,3.140403572213895081e-05,3.247467406973477734e-05,3.189840368161597203e-05,3.049081401782339381e-05,3.166827241658004604e-05,3.170421795924933608e-05,3.161987374428074050e-05,3.191020219015267299e-05,3.154457428086730096e-05,3.247777570006012122e-05,3.129539920145279607e-05,3.123565872002457324e-05,3.106401162381657336e-05,3.141441262325801812e-05,3.220734287734723389e-05,3.175955749536878337e-05,3.165602925786303547e-05,3.196173941847662350e-05,3.197863740579060188e-05,3.217387632552052288e-05,3.276131108940183830e-05,3.222257135057578936e-05,3.103766686936058292e-05,3.246531211566226950e-05,3.211323677417620917e-05,3.188964493067840026e-05,3.107679576303881561e-05,3.171716027457889520e-05,3.154347419225154509e-05,3.086249536807170033e-05,3.106412877638202691e-05,3.051703636364814885e-05,3.067247439912264002e-05,2.962681151329712686e-05,3.032745575635428992e-05,3.082125253198159500e-05,2.941472142608341262e-05,3.010564395598598161e-05,3.073905545097907282e-05,3.026861289209832183e-05,3.016114377795732493e-05,2.909536187260170669e-05,2.960849967128197950e-05,2.903394496928268532e-05,2.862915050295327678e-05,2.928329488561647189e-05,3.039117620098904198e-05,2.795075926366629416e-05,2.894039137836282126e-05,2.985976412046083107e-05,2.832097813578757925e-05,2.775855309863134573e-05,2.759997568785407901e-05,2.692566512583439436e-05,2.646504743647763638e-05,2.617433883050992812e-05,2.563932001271030029e-05,2.370158853860780451e-05
2.462934720253482057e-05,2.591284697667894227e-05,2.576729592531781197e-05,2.754756004237097079e-05,2.674967327952347657e-05,2.618958099992147205e-05,2.649226987248561542e-05,2.659871649548866028e-05,2.609640663896434476e-05,2.414994793607324637e-05,2.585870154077878617e-05,2.713490836113995289e-05,2.671311769567463762e-05,2.666385177358784178e-05,2.722533603848868941e-05,2.562640924552381656e-05,2.562259643689165919e-05,2.676024938084651711e-05,2.720613933834298444e-05,2.711871826959181785e-05,2.652798031926895353e-05,2.779278998410038376e-05,2.872041540079012703e-05,2.761760681865621297e-05,2.737842305163787105e-05,2.700283663366879377e-05,2.738447769549956501e-05,2.748505755067276612e-05,2.788736991751609892e-05,2.795956596801117675e-05,2.789664824766042742e-05,2.824992045192821185e-05,2.831240323734386484e-05,2.845655458393272526e-05,2.692320604862716852e-05,2.857270041869495376e-05,2.813999608515984277e-05,2.875296992615282359e-05,2.833242764573487668e-05,2.722631787111702505e-05,2.794408139116271903e-05,2.729012829347910964e-05,2.704997989425580936e-05,2.586204207410705040e-05,2.587960982736494723e-05,2.444306817264756682e-05,2.516168727236756868e-05,2.584278108321919542e-05,2.693292477785828035e-05,2.753232156491229821e-05,2.774634300175326664e-05,2.866575868560439612e-05,2.884667242439197657e-05,2.964902036726620646e-05,2.924884924231934574e-05,3.132393173254791806e-05,3.018575711430504703e-05,2.963961050321410243e-05,3.042452699713781166e-05,2.940835511027564775e-05,3.051689285805607880e-05,3.010380621588694077e-05,3.087669524689763071e-05,3.074732661815216369e-05,3.032755569793546454e-05,3.148219657989674390e-05,3.141357604829228371e-05,3.207161246314293735e-05,3.079908196976899977e-05,3.155338290876621201e-05,3.119633746269899059e-05,3.140471069954480074e-05,3.223569116081468949e-05,3.117664452764916865e-05,3.166083751868107389e-05,3.131807820495093188e-05,3.136272167894971587e-05,3.199965353563605919e-05,3.211476696286290019e-05,3.112329153899490397e-05,3.247711434885820980e-05,3.144297460492629840e-05,3.221940324928063094e-05,3.318024155241887932e-05,3.249386460689335254e-05,3.121841298538641300e-05,3.170421795924933608e-05,3.338862098232210212e-05,3.228108407239388113e-05,3.256642690242149375e-05,3.232866598179218789e-05,3.331967666743079824e-05,3.225141404495295250e-05,3.212900387804102612e-05,3.176676984657329030e-05,3.211682067084824964e-05,3.316941411871050159e-05,3.272233494221842693e-05,3.245255752028162999e-05,3.283247389154666379e-05,3.284205160901066615e-05,3.296409304525176542e-05,3.359584493020215839e-05,3.304968971588316290e-05,3.187413138107432091e-05,3.338017848014447083e-05,3.297617069765239431e-05,3.281427500526053556e-05,3.218591825115208800e-05,3.252647562000450141e-05,3.229288981104295813e-05,3.182670868671813835e-05,3.183757977400443381e-05,3.141483085752056858e-05,3.152778072641566415e-05,3.042893152387850133e-05,3.128963491652286523e-05,3.178965729329543143e-05,3.019069790454688817e-05,3.110808574737454062e-05,3.173706156995606770e-05,3.096638381214055223e-05,3.097231147922546973e-05,3.010653003622599239e-05,3.041274096162346457e-05,2.971999635538802713e-05,2.937164873585727061e-05,3.004072001684779356e-05,3.061931158020594435e-05,2.844780422610877391e-05,2.948526794114772346e-05,3.034053311056822392e-05,2.878399939667694531e-05,2.852772391363574172e-05,2.796232749192183338e-05,2.735125774683474590e-05,2.695458355702463912e-05,2.659830064872086290e-05,2.606823863150496947e-05,2.412571438271087491e-05
2.462204547405447301e-05,2.588266131516104630e-05,2.561617852736326891e-05,2.746857264308771859e-05,2.682273094261931627e-05,2.648792615704853671e-05,2.632079489677967410e-05,2.645950184655994618e-05,2.608155914336143319e-05,2.446026901637107548e-05,2.574401705246460344e-05,2.714231389054855498e-05,2.664925849787926559e-05,2.681527992247148347e-05,2.740190339915374697e-05,2.621664143560124296e-05,2.561918785821203529e-05,2.679423570020742350e-05,2.719267321645489646e-05,2.721834836208994032e-05,2.654162899045464286e-05,2.785720121933765798e-05,2.886425821669256545e-05,2.763082356699235156e-05,2.751935562161631065e-05,2.686319573560359825e-05,2.743078635920367096e-05,2.756469396053961909e-05,2.785510696359949379e-05,2.792017524705805949e-05,2.789493423337476076e-05,2.820340714030437462e-05,2.820567771192942399e-05,2.837549832725912857e-05,2.687913934650357556e-05,2.859731105052186107e-05,2.812694626350330932e-05,2.875081733207924910e-05,2.821034771030749962e-05,2.703430198042476549e-05,2.787400375603543132e-05,2.728837423146062639e-05,2.713452863312651198e-05,2.575786962159908028e-05,2.581179931699564275e-05,2.432761156397483533e-05,2.509836094713900490e-05,2.583295784266370453e-05,2.688874759734579900e-05,2.746768235841727404e-05,2.751436225623945180e-05,2.853020585392135837e-05,2.892700428759512637e-05,2.960932652086199499e-05,2.930373713822280370e-05,3.114560618284457590e-05,3.013298723895585363e-05,2.968561667936782665e-05,3.031095030515487619e-05,2.924515895328779345e-05,3.045037736332435011e-05,2.990717990912726204e-05,3.082021997520235305e-05,3.058338642931395098e-05,3.023062859439117596e-05,3.148898023451196922e-05,3.121400795349311210e-05,3.202549591804774222e-05,3.063411589918183816e-05,3.139295294428532426e-05,3.116381783887494375e-05,3.141260693798078688e-05,3.207496286040684846e-05,3.076637764873374665e-05,3.151473810726238651e-05,3.116694573354608161e-05,3.119221493492003647e-05,3.168050762556545822e-05,3.207307223221834443e-05,3.107039188310823150e-05,3.236643499612459191e-05,3.130253304363563835e-05,3.211421125614805045e-05,3.308875497071848872e-05,3.253389619240628451e-05,3.111972278827200816e-05,3.161987374428074050e-05,3.228108407239388113e-05,3.291646831019667374e-05,3.226319220165513053e-05,3.215101911221363360e-05,3.294361924389080381e-05,3.204959659174253764e-05,3.192882098719406370e-05,3.167124430423450519e-05,3.213749021665328884e-05,3.285177850992656272e-05,3.252832416379643671e-05,3.201837429986726855e-05,3.264667921147154959e-05,3.265564371901880862e-05,3.271844588764032146e-05,3.325174368888388283e-05,3.288804070513625012e-05,3.156957951142427626e-05,3.305420828844263806e-05,3.291011473241876450e-05,3.248294211050298507e-05,3.178536073596062873e-05,3.224967218846294762e-05,3.209833059710478955e-05,3.154477797425355579e-05,3.174140883814169248e-05,3.112560633925594202e-05,3.124179940332970004e-05,3.021927137451148530e-05,3.092431490057335401e-05,3.160450409239731816e-05,3.003940619080603202e-05,3.075663074111089273e-05,3.147072578665458729e-05,3.090575695531323238e-05,3.079499128128325794e-05,2.992244484905362604e-05,3.036552044200063389e-05,2.970140316826373682e-05,2.953688963799269853e-05,2.995673851974448300e-05,3.092919631615486222e-05,2.854353592467774817e-05,2.938723817868927035e-05,3.056532727283049555e-05,2.882849889729970558e-05,2.845058986662124642e-05,2.816193788937178076e-05,2.737030511605061684e-05,2.696050407560064642e-05,2.670329158165103423e-05,2.619994207230377716e-05,2.399609980455405804e-05
2.474888578840873493e-05,2.590444921677157705e-05,2.564764991062666873e-05,2.753132882629709459e-05,2.654861431403339624e-05,2.616555631483770327e-05,2.646983198852832051e-05,2.646912392493407611e-05,2.606790397429861736e-05,2.386663957987678330e-05,2.557486144329519577e-05,2.704091843960552884e-05,2.671157371971455386e-05,2.651579797029263245e-05,2.727184913076839489e-05,2.550543511333355098e-05,2.585637150235908232e-05,2.683732541472044617e-05,2.718298901206913566e-05,2.701407774771057182e-05,2.658167628224063878e-05,2.776374962018369756e-05,2.871838691991640988e-05,2.749914126326876454e-05,2.752793355742880617e-05,2.671023324280666396e-05,2.731184707024200646e-05,2.752773686728673410e-05,2.796529600798885269e-05,2.787266121739687919e-05,2.790772456575388104e-05,2.823042119190261975e-05,2.814650302214418613e-05,2.845716459945813985e-05,2.690915761209870875e-05,2.851796212053075527e-05,2.817579013576273705e-05,2.874173020345681758e-05,2.827952096801488054e-05,2.728320572564552662e-05,2.791232104393439399e-05,2.731278255368020067e-05,2.713052685119974794e-05,2.583624935921836432e-05,2.589693275406368183e-05,2.451422446116167272e-05,2.521000387850609194e-05,2.591318100020432725e-05,2.696693546833154353e-05,2.766505051869177934e-05,2.763594739242536971e-05,2.879628362691392357e-05,2.880230489179450292e-05,2.969599765796999949e-05,2.927190695295466783e-05,3.119756653420257305e-05,3.024920478053268121e-05,2.977274467765604539e-05,3.033832216746709141e-05,2.950856293026655518e-05,3.065381452129657414e-05,3.022458878211100496e-05,3.098601658650624121e-05,3.084079424901502316e-05,3.036272939143950787e-05,3.159570599242769094e-05,3.155040293251060710e-05,3.221379155008869690e-05,3.072828600428758277e-05,3.164976770911677901e-05,3.135435178831790930e-05,3.153516853680465192e-05,3.240568985704288821e-05,3.102664599404218493e-05,3.191969997428399707e-05,3.147008809498858130e-05,3.143578320424311821e-05,3.195639449891032885e-05,3.237158429855407877e-05,3.149145903161865178e-05,3.266085517724239760e-05,3.153720134625091043e-05,3.222865744590545277e-05,3.329173033874013128e-05,3.282037615526929385e-05,3.131383892117352654e-05,3.191020219015267299e-05,3.256642690242149375e-05,3.226319220165513053e-05,3.345812233742047809e-05,3.240066435674806937e-05,3.320878555711737973e-05,3.234213262243027990e-05,3.211987800780132630e-05,3.180174277877888906e-05,3.229222894912746707e-05,3.296885414185068617e-05,3.227705143048599181e-05,3.231610803058343478e-05,3.266586935330848451e-05,3.273181507650992295e-05,3.280761534629186502e-05,3.362470571180359899e-05,3.313028592644372522e-05,3.200891109024234932e-05,3.332056476071973660e-05,3.289222294211485888e-05,3.272710911357766371e-05,3.198533260333798477e-05,3.260418875595201874e-05,3.236767259400000977e-05,3.185347283546312698e-05,3.199237814674388617e-05,3.136045683361089569e-05,3.146345984353242679e-05,3.054786898901644371e-05,3.105879351524401169e-05,3.151326034192652564e-05,3.003067757351457099e-05,3.095514817345556527e-05,3.187164959252918153e-05,3.098111592149577112e-05,3.113882240230788089e-05,3.020299107737757177e-05,3.073154235633506880e-05,3.010578768821936887e-05,3.000245781248791317e-05,3.046452396775210225e-05,3.157465914304922360e-05,2.918493244813506602e-05,2.997716464270785120e-05,3.093711133724775603e-05,2.953677949094631768e-05,2.947080033544212919e-05,2.886737561839179447e-05,2.808006572299860256e-05,2.780156591157366538e-05,2.739391813646765465e-05,2.668635838036704076e-05,2.480064795335012019e-05
2.450101102640559633e-05,2.593918432059358169e-05,2.570395667744189387e-05,2.744641784557062467e-05,2.669702452683075358e-05,2.635844860218711957e-05,2.631550039077844934e-05,2.652024436402619639e-05,2.613460119654774247e-05,2.481176211028066539e-05,2.563290954614326752e-05,2.724479143283120599e-05,2.676718397687733516e-05,2.665840882508342400e-05,2.734858960146753937e-05,2.603493161247335110e-05,2.567164843529016514e-05,2.678232572459009390e-05,2.732925038507647450e-05,2.726038460359464855e-05,2.646284311986619490e-05,2.789717135821884788e-05,2.882638260644971483e-05,2.773485041064250889e-05,2.746422780424208037e-05,2.695750137966042805e-05,2.753011127954040787e-05,2.762626835771921438e-05,2.804171404801076038e-05,2.800777692632897077e-05,2.797878707823945921e-05,2.830601745094279352e-05,2.828298685373158039e-05,2.845854936138413299e-05,2.702928986512521064e-05,2.872480157943442175e-05,2.827707716037310956e-05,2.878781906006499115e-05,2.820026422569261985e-05,2.734066470443604377e-05,2.786139416441644817e-05,2.715340834010337794e-05,2.706480608765392913e-05,2.575465583387845391e-05,2.571889384394417677e-05,2.424669989726156401e-05,2.510880803919647447e-05,2.581776424110871133e-05,2.689930244434194813e-05,2.743332184521827863e-05,2.752068395919017132e-05,2.855716995354983756e-05,2.897321292736179980e-05,2.969227682447450964e-05,2.915901942032422852e-05,3.119495795602982219e-05,3.031832817330146445e-05,2.979973310586549702e-05,3.029398018079362294e-05,2.940776252472450614e-05,3.055373632427652519e-05,3.006747230120136166e-05,3.087771383707242227e-05,3.058766371593233595e-05,3.026246477519867344e-05,3.149039569640928518e-05,3.125531948563481800e-05,3.205572943720205753e-05,3.074771657227513149e-05,3.146620241695772727e-05,3.125295419522055679e-05,3.149092120144705175e-05,3.223335077419079580e-05,3.092723119719347386e-05,3.146987761123428107e-05,3.123503689422091567e-05,3.126741039398447226e-05,3.176270474135968252e-05,3.209323455196950049e-05,3.108866570254659932e-05,3.234928075604586481e-05,3.142123692965715059e-05,3.182651824403221163e-05,3.318703390892087032e-05,3.255768700284834084e-05,3.125033636507510993e-05,3.154457428086730096e-05,3.232866598179218789e-05,3.215101911221363360e-05,3.240066435674806937e-05,3.309287320934710912e-05,3.296966206379546533e-05,3.215477956335994125e-05,3.198634833026674554e-05,3.160200528579154593e-05,3.220748955142927318e-05,3.301545067201897850e-05,3.238047596550809376e-05,3.213874183239737322e-05,3.256345268174776555e-05,3.259334917747845346e-05,3.281236745482181611e-05,3.323778470173449271e-05,3.313735745946335380e-05,3.164519803833717982e-05,3.299877928923807772e-05,3.297093158623560025e-05,3.265726591960214345e-05,3.175642035090185130e-05,3.243434345147775603e-05,3.225696826728322394e-05,3.163505591409121920e-05,3.184638450690715540e-05,3.119693433173755941e-05,3.145906166829220215e-05,3.036039297443454910e-05,3.106580687287013523e-05,3.171108509157049676e-05,3.004215331835091598e-05,3.092757794443069314e-05,3.163088874394296215e-05,3.092167937977803848e-05,3.088899475759099663e-05,2.995043861245737861e-05,3.061314102364395454e-05,2.991062300620762069e-05,2.947513042986981752e-05,2.994789452825822188e-05,3.101864467270097826e-05,2.914298145185353399e-05,2.982702054577708616e-05,3.055115187276764366e-05,2.906069788889960683e-05,2.859112348499958083e-05,2.821042685158128168e-05,2.768738047635635452e-05,2.719903896396530242e-05,2.710545927862491615e-05,2.620390195982228007e-05,2.471685695959326175e-05
2.429648854208248614e-05,2.567717657423871879e-05,2.568071978867430665e-05,2.740272733622446148e-05,2.675681819894208988e-05,2.622598312208597861e-05,2.626381996742025552e-05,2.644520870404883643e-05,2.605829491873411458e-05,2.410943258995759816e-05,2.570896394816736601e-05,2.728663776600523188e-05,2.671672254812387136e-05,2.669196089795206029e-05,2.726426925299981467e-05,2.593937358831513660e-05,2.575278542544270189e-05,2.693937571005875457e-05,2.716792251241415156e-05,2.722267484668485903e-05,2.667621581320240884e-05,2.770699253075408275e-05,2.884062164360113960e-05,2.770834259984786765e-05,2.764106356410882923e-05,2.706088554808684719e-05,2.748552837311535657e-05,2.762444286733849630e-05,2.811797565079320014e-05,2.801121083255833776e-05,2.800050824301580498e-05,2.829953938918125013e-05,2.831300713791347820e-05,2.867300834187653112e-05,2.710077514063927845e-05,2.877907513279862362e-05,2.839995021189074568e-05,2.892129581790179018e-05,2.844321003762139156e-05,2.746268770865080121e-05,2.823387865753243303e-05,2.744847747485323672e-05,2.717110106007590074e-05,2.602492925400073701e-05,2.606488993597246890e-05,2.456321562960726713e-05,2.528802880612159376e-05,2.605235276017655593e-05,2.711412357424329106e-05,2.782373531998099883e-05,2.801807977893420662e-05,2.894369626234486159e-05,2.923247341636469446e-05,2.989382860868152652e-05,2.968288430198369465e-05,3.167117856895190439e-05,3.063328104689781376e-05,3.018579069383584186e-05,3.085384957299643679e-05,2.999475174837648437e-05,3.095507585337072838e-05,3.057151366079802814e-05,3.146054096720825132e-05,3.137655409814160245e-05,3.079584338157552724e-05,3.213013443338027283e-05,3.183898667066058208e-05,3.267682121953581806e-05,3.139672662515245147e-05,3.194824573721743966e-05,3.172371764731888439e-05,3.205926599424470267e-05,3.279407342258343409e-05,3.168621766683089050e-05,3.222014913356395738e-05,3.186166995123446822e-05,3.193235014711869551e-05,3.257207298305744256e-05,3.252805477951142989e-05,3.178898078096948195e-05,3.296156935323041982e-05,3.192458640369125173e-05,3.308167652386530012e-05,3.389078981242938206e-05,3.329803709498029116e-05,3.182992750791885362e-05,3.247777570006012122e-05,3.331967666743079824e-05,3.294361924389080381e-05,3.320878555711737973e-05,3.296966206379546533e-05,3.497525206141913055e-05,3.278316050694668330e-05,3.267732373040450227e-05,3.224018066203082991e-05,3.287405601536437521e-05,3.403650553965639210e-05,3.371393272829638040e-05,3.335549533127431704e-05,3.371054662317053615e-05,3.383461459216757870e-05,3.389298636908820721e-05,3.438489584072632928e-05,3.392781848182969783e-05,3.281004434428720011e-05,3.429028979985316049e-05,3.399217703230668363e-05,3.371455957425886004e-05,3.302628521391609546e-05,3.353209189262770665e-05,3.322448218263107520e-05,3.274549556762398444e-05,3.267814389819769362e-05,3.212215326393787901e-05,3.255537738023554350e-05,3.136493187585737678e-05,3.251278083469077946e-05,3.306307931017746948e-05,3.118719889247404195e-05,3.219021970753286265e-05,3.261439284001046350e-05,3.231394849044466036e-05,3.187499050813098734e-05,3.106224753455210237e-05,3.138800349753886572e-05,3.064791544230886463e-05,3.048180321740459739e-05,3.085155985479135133e-05,3.196114896269080282e-05,2.956715433393029951e-05,3.070516698240881477e-05,3.136844389819818963e-05,2.982525553109688899e-05,2.929753835714608479e-05,2.928458859591761724e-05,2.862025670356805034e-05,2.799008169190787837e-05,2.770859468385995910e-05,2.709058357463238400e-05,2.515129682768728052e-05
2.488583849876754010e-05,2.614439499333748236e-05,2.566638272982581980e-05,2.766285268516122857e-05,2.682189058455459180e-05,2.638958343676995992e-05,2.649163179761447731e-05,2.678621780798031801e-05,2.615229547904730309e-05,2.380258585898972572e-05,2.573835185788515376e-05,2.713618808627476784e-05,2.676621724831827723e-05,2.684559263703600437e-05,2.735356802846108387e-05,2.611295843176962789e-05,2.581875336640744451e-05,2.694191866052830954e-05,2.741893171223162880e-05,2.723731059593660804e-05,2.671811677682531155e-05,2.788230082561752744e-05,2.885216144192492342e-05,2.783113429798630763e-05,2.758392919333853429e-05,2.689343074400710789e-05,2.760082633181484653e-05,2.755762813018208454e-05,2.792674121793149454e-05,2.796232243011430305e-05,2.801590123026734323e-05,2.837453738315780537e-05,2.821133123605154853e-05,2.854407434240698949e-05,2.689167695967130360e-05,2.859855366550083960e-05,2.814266121429194012e-05,2.886440289730976330e-05,2.839502820865327318e-05,2.725080941947913987e-05,2.792527655085508650e-05,2.728363795497849945e-05,2.711521799787572955e-05,2.589901247889764600e-05,2.602522545043033686e-05,2.439471723487518411e-05,2.505943123703016016e-05,2.605152479775341251e-05,2.701846054960897571e-05,2.734938750929728966e-05,2.749424927420764751e-05,2.868039305922389474e-05,2.884684810314399581e-05,2.959463844687003611e-05,2.918980305752339098e-05,3.106411540012969132e-05,3.021865458802049740e-05,2.958947197225106370e-05,3.028622064555617545e-05,2.929557788576231067e-05,3.038856294510999955e-05,3.005078595374097478e-05,3.089036925715293484e-05,3.055915806206920780e-05,3.008590069730013056e-05,3.141788323199887819e-05,3.139584937347877057e-05,3.212387235597575634e-05,3.056446351494190378e-05,3.126142226567180809e-05,3.117960857855210286e-05,3.147068806058867728e-05,3.216981818582095713e-05,3.073884406130571536e-05,3.159772645406504400e-05,3.127852153355766755e-05,3.127748145840161500e-05,3.165573135812746876e-05,3.204860419384472430e-05,3.108502534953741536e-05,3.236601602718897010e-05,3.125699127042570838e-05,3.182764687751004566e-05,3.310968841661258554e-05,3.235295417959250716e-05,3.108435506925249250e-05,3.129539920145279607e-05,3.225141404495295250e-05,3.204959659174253764e-05,3.234213262243027990e-05,3.215477956335994125e-05,3.278316050694668330e-05,3.279441612729590879e-05,3.193313261969087135e-05,3.154719562683614277e-05,3.199731078140790426e-05,3.284736384063231780e-05,3.205074188578774724e-05,3.197184157619790615e-05,3.255319087018993147e-05,3.241907602824990102e-05,3.252630154879630910e-05,3.315164272699349567e-05,3.291005353884652815e-05,3.164882944207960753e-05,3.290041576608945762e-05,3.263669697553971854e-05,3.236353979454185075e-05,3.172028266649765875e-05,3.199789072172853091e-05,3.203306437369488150e-05,3.160201785457059163e-05,3.170106063298757006e-05,3.103542478324911323e-05,3.114603572345798111e-05,3.016668903891408978e-05,3.055328021724725728e-05,3.121550196634140944e-05,2.957256228233840720e-05,3.053527527574957407e-05,3.125206561280272587e-05,3.068670075502175597e-05,3.068659412001974613e-05,3.000679563744634544e-05,3.031146531158392278e-05,2.980155756288888934e-05,2.936229689929741184e-05,2.995183964051156291e-05,3.092985015502235048e-05,2.883401565824782938e-05,2.931739496177260810e-05,3.059582560354570777e-05,2.905366281018575915e-05,2.866151839538866008e-05,2.849271549063359932e-05,2.753028874447768456e-05,2.731620265014426873e-05,2.688368569575911440e-05,2.609757359106519637e-05,2.437610907247024150e-05
2.404653260036571639e-05,2.535270926327758942e-05,2.491479386863495546e-05,2.684533928228126010e-05,2.624435263944330281e-05,2.571411318761586715e-05,2.583361694384602459e-05,2.595297440818232371e-05,2.549680839638483073e-05,2.386248573877969674e-05,2.513661406016503907e-05,2.672440275968304381e-05,2.623819398938118759e-05,2.623530308681396283e-05,2.684167432318004039e-05,2.550630735144988984e-05,2.532872717614007528e-05,2.599981133094954330e-05,2.667634768855100516e-05,2.657094777214777937e-05,2.600795329068852135e-05,2.726582825056054067e-05,2.805375101628335624e-05,2.721788475945846356e-05,2.673502433441014205e-05,2.634248450847055805e-05,2.684325034642039623e-05,2.708948865324966023e-05,2.742201510670150310e-05,2.736161447814115477e-05,2.725872799903285136e-05,2.763608829334125366e-05,2.771017720405936953e-05,2.788967529402350636e-05,2.640045229619504593e-05,2.804983357012898358e-05,2.761432656633515490e-05,2.836253884095724993e-05,2.778130337019843910e-05,2.674783892426706706e-05,2.735390575121651873e-05,2.672938508793906313e-05,2.660773087317609887e-05,2.546351564369909559e-05,2.561218490307390886e-05,2.400535775291660041e-05,2.482052313769628158e-05,2.547373804288119239e-05,2.649764843200394689e-05,2.705042143905234047e-05,2.703889943581087583e-05,2.814443642489163457e-05,2.837215115084490102e-05,2.923388980535393010e-05,2.872294395577476938e-05,3.070483170454826595e-05,2.967787145865795960e-05,2.930817695237114301e-05,2.975438947088168953e-05,2.885681545639936900e-05,3.011676788716886733e-05,2.958978994481092643e-05,3.049620612404862658e-05,3.025051958034271946e-05,2.992792958344786576e-05,3.094424689509066268e-05,3.096437502466143488e-05,3.172561797172065566e-05,3.024118551062365129e-05,3.091635658116190959e-05,3.099145103487341264e-05,3.110342619550819654e-05,3.194091076823198658e-05,3.055311959131152113e-05,3.125188186122241550e-05,3.085757345528205935e-05,3.088928942116605792e-05,3.138494036820924159e-05,3.162725592114660030e-05,3.079444301413606044e-05,3.209144900611034300e-05,3.123564766148356135e-05,3.182771986523919423e-05,3.285833383070745826e-05,3.238066175224640274e-05,3.094337771682154330e-05,3.123565872002457324e-05,3.212900387804102612e-05,3.192882098719406370e-05,3.211987800780132630e-05,3.198634833026674554e-05,3.267732373040450227e-05,3.193313261969087135e-05,3.279702894517568125e-05,3.155460203365649150e-05,3.197514616670293891e-05,3.290285260218007106e-05,3.247274545757823129e-05,3.218251423515928778e-05,3.263942327273876873e-05,3.250926459230196985e-05,3.278440204067335274e-05,3.334651291012390102e-05,3.302951030887931252e-05,3.169625387977310324e-05,3.300183607152661118e-05,3.281116961413541462e-05,3.255733298680924171e-05,3.180032408513240171e-05,3.231120912186288206e-05,3.224842599573984328e-05,3.174606234918003571e-05,3.194701212036688893e-05,3.145133500530755992e-05,3.155290135859258082e-05,3.061953601701314359e-05,3.101803187532600758e-05,3.151889569732271347e-05,3.011355897496580266e-05,3.093741434128700088e-05,3.187076085545233661e-05,3.125993325591248440e-05,3.114876971844918272e-05,3.021491983469402483e-05,3.080581976197391329e-05,3.022661274104263620e-05,2.960328100667802435e-05,3.021443468372053923e-05,3.117085911526245234e-05,2.906914340299729380e-05,2.973385553195119236e-05,3.068818179073833465e-05,2.946066953784710641e-05,2.890053937985745009e-05,2.870944237690112820e-05,2.771357001833556942e-05,2.754782501324735386e-05,2.729854495058492731e-05,2.662321414298567462e-05,2.482015032710972792e-05
2.427946091445483604e-05,2.542513698139609981e-05,2.507470423913215626e-05,2.709847981575868231e-05,2.629152822332152795e-05,2.582755322061009156e-05,2.573954847279590972e-05,2.597045517084505301e-05,2.555189741952426527e-05,2.425140489891372260e-05,2.522610851408010215e-05,2.652402511113646273e-05,2.622056986986815203e-05,2.619112954719541344e-05,2.694114159783489950e-05,2.564521861012258777e-05,2.522080900734534651e-05,2.622609301907651727e-05,2.694383526689927887e-05,2.674493867614264337e-05,2.594599100712661062e-05,2.737841328916489246e-05,2.834649549663559675e-05,2.724252799359079856e-05,2.697883220166217750e-05,2.631154911869562250e-05,2.693296856701676734e-05,2.708837060776706575e-05,2.742469199424890715e-05,2.730017918716266923e-05,2.740759004011504089e-05,2.766608324818333638e-05,2.769754119955790205e-05,2.788511976473739826e-05,2.638752283299400757e-05,2.808889624470092404e-05,2.758498522134195379e-05,2.816484429801779750e-05,2.778955753964258132e-05,2.670045119655255092e-05,2.735558380269194776e-05,2.672750425275763887e-05,2.678930770235586108e-05,2.546772463041410922e-05,2.552744833123544619e-05,2.389865196673887025e-05,2.455844758369578137e-05,2.546844101327337605e-05,2.657168378852105498e-05,2.704503221699547909e-05,2.701571690685681753e-05,2.816915628330697187e-05,2.847831620648494358e-05,2.910698226023803381e-05,2.882651012401449351e-05,3.047759051001597662e-05,2.968116863777417133e-05,2.911299132117777606e-05,2.983255020405704326e-05,2.864697703739243454e-05,3.003825483726130501e-05,2.952329783627253632e-05,3.025593713465880836e-05,3.013748392745482335e-05,2.970780222332302756e-05,3.086372426942295876e-05,3.081160080394452512e-05,3.160404346958589964e-05,3.015528843236441338e-05,3.078138268130284724e-05,3.063655114671649110e-05,3.098437578667739703e-05,3.167508047565144942e-05,3.005793248856979984e-05,3.101165494838641003e-05,3.061166500117144785e-05,3.071480517173046814e-05,3.111581751627876268e-05,3.148392345987875251e-05,3.068045174211865160e-05,3.180343414630667365e-05,3.086740889928860917e-05,3.128222871598688082e-05,3.256399232243612217e-05,3.205390239252627602e-05,3.056325116378805581e-05,3.106401162381657336e-05,3.176676984657329030e-05,3.167124430423450519e-05,3.180174277877888906e-05,3.160200528579154593e-05,3.224018066203082991e-05,3.154719562683614277e-05,3.155460203365649150e-05,3.208712014336641261e-05,3.157240531728681553e-05,3.224349954635771933e-05,3.160441297206067996e-05,3.164022950044860874e-05,3.214484818022371069e-05,3.211933459138479257e-05,3.239180961458443492e-05,3.314756351827121664e-05,3.250648955665772806e-05,3.141944118691389809e-05,3.255105875147136697e-05,3.237935370387517206e-05,3.195428624818143454e-05,3.131564299166317625e-05,3.182556277999937483e-05,3.192266571819659602e-05,3.125141517019912568e-05,3.163247535621834130e-05,3.103542237820560947e-05,3.102994408954824816e-05,2.996585844579693225e-05,3.042369643779332966e-05,3.089400735392384533e-05,2.935143856723650995e-05,3.035825574637153546e-05,3.132009754679060994e-05,3.056989615389411197e-05,3.082921884486506005e-05,2.990668452609513396e-05,3.034197460202486653e-05,2.978366062098932501e-05,2.936321062832628677e-05,3.010211325979712755e-05,3.114924801478759724e-05,2.883055688273016592e-05,2.937108977284087804e-05,3.032373372964662807e-05,2.912113635356964469e-05,2.874229386553296854e-05,2.829888997834174061e-05,2.756842883478396834e-05,2.725642088917055295e-05,2.686282328354094783e-05,2.651206847417741149e-05,2.422379300264845272e-05
2.422385047250490890e-05,2.545249269032887261e-05,2.524388831140136433e-05,2.690670963136761751e-05,2.632894509972294160e-05,2.583236218057588396e-05,2.593892509495272035e-05,2.600809938702662951e-05,2.562473219516341093e-05,2.442997808256490384e-05,2.521947943915724591e-05,2.674161593323132893e-05,2.621573512376255499e-05,2.629324840212771152e-05,2.686099843691062969e-05,2.546267900328855991e-05,2.514014189293566732e-05,2.616688356961451069e-05,2.677577244871999870e-05,2.666216475708386413e-05,2.599376832492213081e-05,2.725425999136944731e-05,2.835683553179586491e-05,2.732714672291692876e-05,2.698306583047217256e-05,2.647416931151794529e-05,2.699837637193320720e-05,2.713248269336096272e-05,2.748181506077472516e-05,2.744566627370299713e-05,2.749359734715078741e-05,2.759394227944035204e-05,2.774656270131092603e-05,2.796098631461159140e-05,2.643344575151897422e-05,2.806982897175744091e-05,2.774966647720257713e-05,2.831521823504053534e-05,2.780444448772114547e-05,2.687515264950399843e-05,2.739877152480646916e-05,2.673184943193168952e-05,2.660699067675228809e-05,2.543692606459087836e-05,2.549935344014268000e-05,2.391686217170080941e-05,2.472600728513211951e-05,2.546625403482860017e-05,2.645572840134088145e-05,2.706730806514265046e-05,2.712484919712571108e-05,2.828835478447571102e-05,2.840866584151973399e-05,2.925560703072931589e-05,2.886065895032147784e-05,3.077210024383119665e-05,2.976285590715604669e-05,2.932094669311409259e-05,2.999416994803970525e-05,2.897176261907736904e-05,3.010169154577813980e-05,2.971703912039915736e-05,3.064361963578086798e-05,3.023816313563388835e-05,2.995063725381538647e-05,3.110138847354511322e-05,3.101675611508268419e-05,3.183601068781399454e-05,3.038673602122392509e-05,3.115447069046881984e-05,3.094564582262189858e-05,3.123233128779475201e-05,3.201829087392299482e-05,3.070326076535633014e-05,3.131215371288250461e-05,3.103954708675619268e-05,3.110460003171933098e-05,3.163274293883397263e-05,3.183255247577389973e-05,3.085299352683879774e-05,3.219734675317201684e-05,3.125645837456971908e-05,3.189622260110857417e-05,3.293512314546960648e-05,3.251334140895762869e-05,3.103039052989684535e-05,3.141441262325801812e-05,3.211682067084824964e-05,3.213749021665328884e-05,3.229222894912746707e-05,3.220748955142927318e-05,3.287405601536437521e-05,3.199731078140790426e-05,3.197514616670293891e-05,3.157240531728681553e-05,3.265081559026458262e-05,3.289542748175318447e-05,3.233185082987079034e-05,3.219028662446532741e-05,3.270854603911787833e-05,3.261369989342423001e-05,3.286162483997055213e-05,3.325864431123666678e-05,3.308387959999472367e-05,3.174540350773981666e-05,3.306769112280391810e-05,3.286470468954390966e-05,3.249471841178506223e-05,3.186741539980988513e-05,3.239024843790287928e-05,3.237973558667763175e-05,3.157591017169099432e-05,3.185696708720937365e-05,3.140473277798777000e-05,3.144348347757391123e-05,3.047996081365454346e-05,3.103710178510077545e-05,3.175945915171738472e-05,3.004427215782038123e-05,3.092389758857464897e-05,3.161177173986725540e-05,3.107933729522744547e-05,3.104971961354563247e-05,3.009395479732037795e-05,3.057029602470144256e-05,2.993012071264525585e-05,2.944982477746057762e-05,3.011486602555999399e-05,3.108857742161212287e-05,2.896345734627587168e-05,2.974595788784976941e-05,3.063985516699287224e-05,2.893448062780344700e-05,2.863007908697800315e-05,2.850718186775048047e-05,2.755343876167297849e-05,2.733027669474894848e-05,2.692599867290526778e-05,2.633775814827615209e-05,2.439298067114435044e-05
2.373120622228580312e-05,2.486691249578208246e-05,2.488910552964294492e-05,2.669781001519374949e-05,2.618747771271292226e-05,2.571706771184677131e-05,2.537240629249603595e-05,2.573376513686006514e-05,2.522791976191346945e-05,2.420402006955631484e-05,2.487503740160440830e-05,2.649049435256050345e-05,2.589817867397148379e-05,2.614050605264685301e-05,2.647735866559158501e-05,2.574052982560789390e-05,2.484797159994446200e-05,2.592712125913683357e-05,2.655751491324692158e-05,2.670090808507441610e-05,2.579264167104126262e-05,2.703126864537233826e-05,2.805068967507806820e-05,2.717579294697650231e-05,2.663810072827484362e-05,2.624689725117704565e-05,2.664048383516385435e-05,2.690674990894058817e-05,2.736186663782514363e-05,2.743457740568915106e-05,2.727435540253383565e-05,2.746975520945800641e-05,2.762290040480079557e-05,2.783921242459669359e-05,2.629295343594428529e-05,2.812367238546484646e-05,2.777497287892492114e-05,2.827319930584238370e-05,2.776488920206258507e-05,2.671399205624224585e-05,2.750224963733889898e-05,2.668783442772845526e-05,2.648989561340781113e-05,2.531013548102584255e-05,2.530576286920127696e-05,2.367189564386384726e-05,2.465827037563398096e-05,2.536205856865639662e-05,2.651812221269479736e-05,2.696694893276060524e-05,2.739815024608651832e-05,2.811191491972331845e-05,2.852921678364058640e-05,2.929320035427018104e-05,2.913707153552468849e-05,3.105280168520698891e-05,3.002167903653399142e-05,2.948055996587266395e-05,3.029854694965118924e-05,2.934699901758615158e-05,3.037948684920799009e-05,3.000251702318522908e-05,3.112840632345049632e-05,3.079367928137003921e-05,3.037484558299563946e-05,3.172960343936663877e-05,3.150587114901577559e-05,3.229000018424804072e-05,3.111077367496053488e-05,3.148789431020429969e-05,3.127790109174944695e-05,3.164346362146726191e-05,3.230970186708341253e-05,3.155714413871088471e-05,3.187828556955116249e-05,3.158923369876851970e-05,3.171632604925772147e-05,3.253117697593750320e-05,3.228486405341248280e-05,3.147060356606475766e-05,3.287768174854241595e-05,3.200099197386239844e-05,3.307588347756551696e-05,3.391435983288726283e-05,3.314367971837715529e-05,3.174661001309056821e-05,3.220734287734723389e-05,3.316941411871050159e-05,3.285177850992656272e-05,3.296885414185068617e-05,3.301545067201897850e-05,3.403650553965639210e-05,3.284736384063231780e-05,3.290285260218007106e-05,3.224349954635771933e-05,3.289542748175318447e-05,3.531602095477549076e-05,3.401213040608443519e-05,3.371638323499101032e-05,3.417058342638307835e-05,3.400464038515920909e-05,3.444814180948567607e-05,3.455034230096408265e-05,3.425137656180443098e-05,3.294140702435593965e-05,3.442188079519675536e-05,3.415989236245854692e-05,3.385396562201269089e-05,3.339044455397148563e-05,3.355859874655645102e-05,3.370100992960116263e-05,3.308383335580909848e-05,3.305858635467239762e-05,3.234378460504865461e-05,3.292336657924640586e-05,3.178859728889676261e-05,3.300752237155191594e-05,3.361281127204513044e-05,3.175711405260800972e-05,3.245051409229265780e-05,3.315830717188647471e-05,3.265982244066266557e-05,3.231679717670221343e-05,3.137724428387629778e-05,3.157149850937672258e-05,3.095599752254565509e-05,3.048854770170174108e-05,3.079678287118841641e-05,3.186107047606081763e-05,2.958115566180924489e-05,3.064444729854955189e-05,3.155549124715312980e-05,2.982403687316196843e-05,2.901724741792453406e-05,2.914503945068837204e-05,2.847534962249890128e-05,2.778750068818909702e-05,2.753658031408235646e-05,2.680742304573615362e-05,2.491034831563865797e-05
2.301520895626096765e-05,2.412182521209290469e-05,2.416937781256410677e-05,2.597305107511725653e-05,2.547800586483079950e-05,2.490718924412139813e-05,2.478329601535007957e-05,2.499364860373883221e-05,2.446313861014931805e-05,2.371694765807033059e-05,2.422283899981230216e-05,2.596094561197390862e-05,2.517804522728229915e-05,2.536622351904981379e-05,2.583806469473867037e-05,2.518755734600867119e-05,2.423672961844031064e-05,2.493742294054796264e-05,2.564500388163526041e-05,2.582593257764050540e-05,2.508780745137343204e-05,2.624735931730560627e-05,2.725943731324969725e-05,2.642641577148856149e-05,2.591533032875475187e-05,2.566205394850688541e-05,2.606763557331323391e-05,2.616938353191684390e-05,2.684685754304111776e-05,2.677667438614627734e-05,2.648051261011820576e-05,2.685225244824519301e-05,2.695307965975293979e-05,2.714669751733664207e-05,2.568455049360382310e-05,2.750870094795664143e-05,2.727297192197843117e-05,2.757624577215296309e-05,2.708972212474474039e-05,2.604591054262248056e-05,2.667169362803840799e-05,2.620073085258050157e-05,2.588686279173661763e-05,2.474050228627756989e-05,2.481669684552945850e-05,2.326467699640628802e-05,2.429142124762960440e-05,2.485384792401343706e-05,2.587968814241868259e-05,2.643117783459698813e-05,2.687620797306295009e-05,2.752830520997891437e-05,2.803597094996240405e-05,2.866944465294582418e-05,2.846233057567184013e-05,3.058413972544778901e-05,2.946277789016818035e-05,2.895784016410599471e-05,2.961128921438345497e-05,2.882830732185724516e-05,2.971012801185898163e-05,2.926194913695956179e-05,3.042029383305785734e-05,3.025043712251794780e-05,2.990090267216361780e-05,3.099634564482001598e-05,3.077235037386631629e-05,3.153849702038275839e-05,3.053104195990616077e-05,3.085361411261190257e-05,3.077836326346600215e-05,3.100838709285578073e-05,3.169328468017748536e-05,3.103365787633626525e-05,3.127757857350923733e-05,3.089149104232220041e-05,3.086567340653936965e-05,3.194443940675746461e-05,3.166293574143938782e-05,3.077744249633551258e-05,3.228653155708107543e-05,3.141959100772219124e-05,3.268700030125022276e-05,3.328962264610999731e-05,3.258532028331244542e-05,3.111340671421442949e-05,3.175955749536878337e-05,3.272233494221842693e-05,3.252832416379643671e-05,3.227705143048599181e-05,3.238047596550809376e-05,3.371393272829638040e-05,3.205074188578774724e-05,3.247274545757823129e-05,3.160441297206067996e-05,3.233185082987079034e-05,3.401213040608443519e-05,3.464205339278250283e-05,3.347061359375997898e-05,3.362323384926190818e-05,3.368754152652673659e-05,3.405768635799436120e-05,3.398281491497409109e-05,3.384636410399333498e-05,3.236187880513819533e-05,3.417585238747551435e-05,3.403465594218260258e-05,3.376964641157196927e-05,3.322734051000291730e-05,3.335281801697918147e-05,3.327189799295977071e-05,3.277636862776796490e-05,3.271540340652982765e-05,3.213339528864794331e-05,3.288126389083409013e-05,3.164633564320778856e-05,3.324997237835689701e-05,3.384736776951181457e-05,3.188995219107810018e-05,3.257046178994578206e-05,3.282762973010318282e-05,3.285059938638627358e-05,3.199606707592372358e-05,3.097730992764030606e-05,3.132652069066231722e-05,3.080491360607266955e-05,3.028536546183690893e-05,3.042227821467685306e-05,3.145742946562586352e-05,2.928993519412942251e-05,3.067659092035172918e-05,3.115625164492782771e-05,2.909996962603994840e-05,2.875857019101160541e-05,2.873435877177790083e-05,2.817683518471798059e-05,2.768818352864521278e-05,2.736065485366329886e-05,2.657733916265872230e-05,2.479720403553431078e-05
2.320710907422713506e-05,2.434118390030380491e-05,2.440742505974923435e-05,2.608692412955800394e-05,2.550754326831561632e-05,2.503584414605006464e-05,2.493407029853495329e-05,2.508641938761084139e-05,2.459236947943857518e-05,2.401630479104875188e-05,2.435365957333711834e-05,2.583566294548410853e-05,2.538435500623605035e-05,2.538510781018841106e-05,2.590156804858033662e-05,2.493087051129429471e-05,2.418547786439657161e-05,2.516295315403191239e-05,2.587948891186117866e-05,2.593003200322243346e-05,2.517686248110008969e-05,2.634509482441013361e-05,2.731540578574837854e-05,2.654555566184059676e-05,2.600616498638377196e-05,2.562183658857958082e-05,2.614007939972469698e-05,2.623485879223759674e-05,2.678952407370314946e-05,2.687068549088980531e-05,2.662888439351033284e-05,2.690490893696287478e-05,2.696879441237738588e-05,2.715251600599342735e-05,2.565181711674860139e-05,2.740914787127685990e-05,2.722500124966962951e-05,2.751607566068563514e-05,2.700653652923145213e-05,2.616681317946303943e-05,2.678930088229309703e-05,2.610765151286839364e-05,2.602268255204777872e-05,2.485439074246429357e-05,2.487820870141889358e-05,2.325192966197276145e-05,2.433005045537070201e-05,2.497525119952874516e-05,2.595750490326537179e-05,2.641214447507655273e-05,2.679823413302358009e-05,2.759730497983526383e-05,2.785833322988832400e-05,2.872271675703579052e-05,2.836133345895233679e-05,3.044286198674954740e-05,2.933826467250287386e-05,2.890920178496354893e-05,2.944393010552190750e-05,2.869949658188482208e-05,2.970022314948394111e-05,2.939087424159475789e-05,3.035045223296416970e-05,3.007598258545183484e-05,2.966697233096544147e-05,3.080656813009819247e-05,3.073960178529124086e-05,3.157392819558733698e-05,3.036850619954310228e-05,3.071093650221907810e-05,3.061889123266268596e-05,3.088416173812345481e-05,3.156613352055875427e-05,3.095565577286519334e-05,3.117350830353926176e-05,3.080987143751026962e-05,3.083484311585920880e-05,3.173909226275779973e-05,3.147390661298420501e-05,3.072618551888661991e-05,3.211795334358545526e-05,3.125074813828276373e-05,3.241951202534069454e-05,3.304920624781236874e-05,3.236842335707310476e-05,3.108770239764297404e-05,3.165602925786303547e-05,3.245255752028162999e-05,3.201837429986726855e-05,3.231610803058343478e-05,3.213874183239737322e-05,3.335549533127431704e-05,3.197184157619790615e-05,3.218251423515928778e-05,3.164022950044860874e-05,3.219028662446532741e-05,3.371638323499101032e-05,3.347061359375997898e-05,3.380405763541003870e-05,3.341169739080161066e-05,3.338151315585149515e-05,3.375540703748829374e-05,3.405043795580402894e-05,3.358392380440601251e-05,3.237282429242017653e-05,3.387125488955085322e-05,3.376258214731789976e-05,3.337541007135386541e-05,3.299030386599703554e-05,3.315445938318900830e-05,3.315025069849121531e-05,3.259983093608278263e-05,3.275468905656045215e-05,3.207656537536604692e-05,3.259937273049436139e-05,3.154831153493747203e-05,3.267660812862151264e-05,3.325403600167650410e-05,3.145850640770217217e-05,3.222292413477582875e-05,3.265365610185455493e-05,3.257728226023032882e-05,3.181171293669848475e-05,3.086773189451424043e-05,3.109523068714588540e-05,3.082990228351165801e-05,3.010117993912382443e-05,3.056962276912849431e-05,3.144501402723057741e-05,2.937492359026395070e-05,3.046467239674432016e-05,3.105683007999000285e-05,2.959591091977638717e-05,2.902755363517777715e-05,2.894735536130462798e-05,2.850856515440510506e-05,2.766226381570039542e-05,2.736851808964138147e-05,2.663742341281130841e-05,2.482120426436631788e-05
2.379107900429221326e-05,2.478249621730377612e-05,2.483346373766129257e-05,2.652330844173224499e-05,2.593786322133921274e-05,2.568181654564221159e-05,2.545953621466631869e-05,2.558574229396848613e-05,2.502630412254278625e-05,2.418424001710955804e-05,2.485103449784307206e-05,2.625260547700218310e-05,2.581472796588632601e-05,2.605493554216719134e-05,2.654746678057560264e-05,2.522943737243572206e-05,2.444805177313970373e-05,2.581317988588608563e-05,2.649572855127948210e-05,2.642081516369855019e-05,2.562695510313259443e-05,2.702556820275806116e-05,2.803632443537989194e-05,2.699094915648142580e-05,2.652476102109192730e-05,2.602058673656328761e-05,2.660872195089289055e-05,2.686112397119489129e-05,2.719048239486132265e-05,2.716306894345433631e-05,2.710225414057526559e-05,2.738784704931785044e-05,2.752190160714096268e-05,2.762409128338452264e-05,2.608851272974992155e-05,2.780368764361385541e-05,2.763117263372882185e-05,2.814766996559275544e-05,2.758603628372235757e-05,2.642753915708020754e-05,2.722565622065098047e-05,2.648603154347141443e-05,2.644115808490525650e-05,2.503335512139208990e-05,2.514534254198813899e-05,2.356738047508798246e-05,2.448377833025942084e-05,2.536036644316105382e-05,2.638482322974368188e-05,2.686483457845433462e-05,2.716795659425712411e-05,2.809779045896603224e-05,2.844492207379126355e-05,2.920086714160057128e-05,2.891023452713578211e-05,3.076957024729076978e-05,2.975863593056443532e-05,2.939006985003664492e-05,2.987003282667849939e-05,2.898153445226645908e-05,3.014984614168187945e-05,2.987345341571068144e-05,3.090067168293278318e-05,3.041954241480629214e-05,3.000943389795140246e-05,3.128683469513067960e-05,3.127339149730971955e-05,3.204963774206083185e-05,3.072397653044651626e-05,3.119470250910073020e-05,3.109957296405197830e-05,3.138486980506320352e-05,3.195797179149396114e-05,3.115501255220884749e-05,3.156166231447834493e-05,3.118988113598229566e-05,3.137974643518240051e-05,3.203017718918075061e-05,3.206044432733121623e-05,3.115253403969980741e-05,3.264692515222416950e-05,3.162297726638946553e-05,3.277121765869305935e-05,3.354450368044911744e-05,3.282742561925766829e-05,3.158251706116678117e-05,3.196173941847662350e-05,3.283247389154666379e-05,3.264667921147154959e-05,3.266586935330848451e-05,3.256345268174776555e-05,3.371054662317053615e-05,3.255319087018993147e-05,3.263942327273876873e-05,3.214484818022371069e-05,3.270854603911787833e-05,3.417058342638307835e-05,3.362323384926190818e-05,3.341169739080161066e-05,3.479238060752527523e-05,3.382448704834334048e-05,3.416002884663028286e-05,3.442579260985214451e-05,3.403336190415792505e-05,3.276163527898823518e-05,3.423662502804124106e-05,3.409863890252264794e-05,3.361124913369289708e-05,3.341599867019694485e-05,3.354879050335441690e-05,3.382646237183721289e-05,3.293643995663113523e-05,3.317425804078542612e-05,3.243865618679615343e-05,3.281206443083689692e-05,3.188877848404347463e-05,3.294581911381603146e-05,3.357504498689543740e-05,3.182431446947281320e-05,3.266483299783930330e-05,3.305314829463272135e-05,3.288171669724992692e-05,3.241273189444957416e-05,3.155686970629332518e-05,3.172799665552369800e-05,3.110517475303584150e-05,3.063115228073592553e-05,3.105079780259174013e-05,3.183978318736191236e-05,2.979746053977187217e-05,3.094559915931442354e-05,3.193932000089167735e-05,3.005222197197062289e-05,2.960012369152122618e-05,2.948325476925577006e-05,2.858697079315026141e-05,2.792998239782587896e-05,2.794868749129928915e-05,2.704336637384781647e-05,2.499362662161713273e-05
2.366516549302117423e-05,2.482254345751296688e-05,2.456159518309632757e-05,2.639871594958313424e-05,2.571557820920809307e-05,2.523362919845257007e-05,2.515603122007889134e-05,2.536244062017806159e-05,2.496067759795465239e-05,2.343805454768968692e-05,2.463787817621193661e-05,2.613013573460293176e-05,2.551125428224214722e-05,2.571579629542874196e-05,2.624163007294083789e-05,2.525152245804978724e-05,2.443882708417424918e-05,2.560819452027169885e-05,2.615365739488309646e-05,2.602020260154841734e-05,2.540377222029341074e-05,2.664545989315903995e-05,2.757478584553902301e-05,2.655462604508864388e-05,2.631099507416357464e-05,2.576057335720649405e-05,2.633051519903495060e-05,2.648666732486303559e-05,2.704214936328742735e-05,2.687525283858195252e-05,2.695891502681835877e-05,2.714775575839050692e-05,2.720809893066096326e-05,2.734897006628384143e-05,2.587803105412688260e-05,2.750928276839888258e-05,2.747949519833943556e-05,2.767832241060447527e-05,2.722818808795860341e-05,2.617852806071676170e-05,2.696365108347877646e-05,2.646204105150007810e-05,2.619584740977888270e-05,2.498967728374021412e-05,2.497769290681473478e-05,2.354506165159302980e-05,2.430885193266700881e-05,2.503988284941775972e-05,2.603405858604605384e-05,2.671914220812700107e-05,2.691991395174477136e-05,2.784380585394009738e-05,2.824329710667159522e-05,2.887092877063805464e-05,2.853957765274732714e-05,3.068912617050690737e-05,2.956574760401506702e-05,2.909006478448160991e-05,2.977299140460911575e-05,2.884627344001981089e-05,2.999011414430318684e-05,2.954841865638943503e-05,3.043956505463982538e-05,3.043376746236284755e-05,2.987296437044448418e-05,3.115622602168511689e-05,3.109000425536135139e-05,3.172174009531960687e-05,3.056912554300745909e-05,3.122425321248290057e-05,3.088707370378336939e-05,3.113616297799267518e-05,3.187002732215100270e-05,3.086609142582487678e-05,3.151331699857818589e-05,3.109444891664240923e-05,3.114095587705189222e-05,3.203349960804145069e-05,3.186229035815457401e-05,3.118006287318520392e-05,3.252536953026038610e-05,3.143142293465077950e-05,3.244589287574298529e-05,3.346595318098582718e-05,3.270922677383403330e-05,3.131159162822849635e-05,3.197863740579060188e-05,3.284205160901066615e-05,3.265564371901880862e-05,3.273181507650992295e-05,3.259334917747845346e-05,3.383461459216757870e-05,3.241907602824990102e-05,3.250926459230196985e-05,3.211933459138479257e-05,3.261369989342423001e-05,3.400464038515920909e-05,3.368754152652673659e-05,3.338151315585149515e-05,3.382448704834334048e-05,3.467392079388352197e-05,3.409322676141177230e-05,3.439572733348762582e-05,3.408063168955516184e-05,3.287997958022144439e-05,3.442099780912543077e-05,3.419329476018288512e-05,3.394000458674446044e-05,3.334198960859206486e-05,3.380643599312642986e-05,3.343766880870679942e-05,3.303871491668044575e-05,3.327180468460929041e-05,3.269640902521210390e-05,3.302113887100836250e-05,3.212907523977632694e-05,3.320627549747337239e-05,3.367680870822981174e-05,3.194714535531100315e-05,3.270565413120656408e-05,3.300004828118517761e-05,3.305324103570923133e-05,3.277759684500179454e-05,3.142884472240951155e-05,3.203562263646230032e-05,3.132581171362796950e-05,3.094911031352269164e-05,3.123564654322330536e-05,3.232084685708190537e-05,3.013787365596610687e-05,3.119223731001850104e-05,3.177713975010390193e-05,2.997138933478695581e-05,2.988207019142987740e-05,2.962224692488611534e-05,2.910390762546352793e-05,2.816806655520063971e-05,2.808263173038644351e-05,2.733379109381716034e-05,2.533060542302460299e-05
2.346381978705976116e-05,2.441114618440572007e-05,2.450929207884184103e-05,2.614812038687099513e-05,2.560661884179660889e-05,2.535949040316570004e-05,2.494772325602900802e-05,2.523291092695359339e-05,2.467379959262066359e-05,2.445033251224245949e-05,2.469265898392245350e-05,2.602847839632127779e-05,2.535867344529958381e-05,2.565431736897632963e-05,2.619102744447869015e-05,2.523142520408013599e-05,2.411226874416220729e-05,2.541182668620791353e-05,2.621361624185605129e-05,2.615974205344922350e-05,2.524121608233691026e-05,2.650769388572931322e-05,2.766128416703187006e-05,2.663989928344985469e-05,2.607473650917894309e-05,2.571475292054753835e-05,2.634995256844920023e-05,2.649864692114764898e-05,2.701013320351825395e-05,2.696047933946116895e-05,2.685639376849709601e-05,2.708847295030893012e-05,2.706488408966667596e-05,2.727429557412641643e-05,2.573725438246455687e-05,2.772610296462738261e-05,2.745411897661828289e-05,2.779662312731970126e-05,2.727069890735631712e-05,2.633150788189115776e-05,2.695969987617690406e-05,2.633903768462916300e-05,2.605470463494365002e-05,2.490672829716018109e-05,2.495705115546747096e-05,2.331517466570122373e-05,2.432613480014448343e-05,2.509174909665563065e-05,2.623414994073759756e-05,2.656817800793814612e-05,2.698823490083203811e-05,2.783791294545121249e-05,2.823118642641377020e-05,2.883268357525156319e-05,2.883549041582444337e-05,3.069179468550077593e-05,2.951149460035450717e-05,2.921839779850116432e-05,2.984905168878689561e-05,2.893243798149410713e-05,3.011876931516482088e-05,2.976648550088747101e-05,3.060526964563779100e-05,3.034776857774347728e-05,3.013792700900327118e-05,3.111687747397677139e-05,3.105629192378343422e-05,3.198871655849924901e-05,3.075978008872481246e-05,3.114891700333839643e-05,3.115806292447098131e-05,3.140023826931483228e-05,3.199189341576855682e-05,3.111280353743726138e-05,3.151558280531853738e-05,3.131299021918925265e-05,3.123892099573972325e-05,3.220279355645400219e-05,3.198652912192851788e-05,3.104138093321096964e-05,3.261336558537681208e-05,3.168728852486174774e-05,3.297842564962456422e-05,3.366902852453727087e-05,3.303799479232446618e-05,3.166548583962207569e-05,3.217387632552052288e-05,3.296409304525176542e-05,3.271844588764032146e-05,3.280761534629186502e-05,3.281236745482181611e-05,3.389298636908820721e-05,3.252630154879630910e-05,3.278440204067335274e-05,3.239180961458443492e-05,3.286162483997055213e-05,3.444814180948567607e-05,3.405768635799436120e-05,3.375540703748829374e-05,3.416002884663028286e-05,3.409322676141177230e-05,3.526109349693721607e-05,3.470160885528962298e-05,3.446494806878230822e-05,3.322364965980863916e-05,3.456045059990937602e-05,3.450647376588353700e-05,3.404500518442905469e-05,3.375156443408066726e-05,3.385236770493697453e-05,3.413928589155705036e-05,3.336290488378660431e-05,3.356928780359147516e-05,3.291830540769641886e-05,3.332005886683696191e-05,3.223321705855002235e-05,3.377981500324643918e-05,3.422678807359117402e-05,3.240946197203362636e-05,3.325431885338244207e-05,3.360019726269415896e-05,3.348425086366957267e-05,3.291569067891193692e-05,3.178086002702073371e-05,3.245076747357549820e-05,3.165920290601114209e-05,3.118287297585084202e-05,3.148634627411371536e-05,3.246515063969522498e-05,3.050369356022707111e-05,3.152998224391593288e-05,3.237882871219689522e-05,3.031428611809131127e-05,2.993904636088923088e-05,3.013994423120996516e-05,2.933845103225713529e-05,2.848478820836878290e-05,2.831878957418221236e-05,2.759423177399618525e-05,2.549884201363406130e-05
2.480909138188462613e-05,2.588716467594647457e-05,2.576272061024428500e-05,2.757485809788182395e-05,2.692345445597668857e-05,2.660099532425764743e-05,2.636466219473313671e-05,2.660481918657929995e-05,2.600975557354734345e-05,2.491209546100642754e-05,2.579310796270878223e-05,2.724360956676582081e-05,2.689924114763576278e-05,2.677883834145814001e-05,2.748010768494616634e-05,2.623442606587932091e-05,2.539136867257337055e-05,2.661221422998067757e-05,2.745713730465275989e-05,2.732767357704666249e-05,2.660716358597120662e-05,2.802954059569756962e-05,2.905103351403570371e-05,2.785122905046356797e-05,2.741769070903874684e-05,2.693375868576730460e-05,2.762811220775287903e-05,2.775537150997929220e-05,2.831398553526765736e-05,2.805806078594982238e-05,2.796133226684366959e-05,2.832571231819144524e-05,2.837340407073874301e-05,2.857783110688583825e-05,2.699253603092546561e-05,2.871270433287334138e-05,2.849240749469006463e-05,2.899597738822184259e-05,2.848680533087046633e-05,2.734007231764028876e-05,2.793761840053719911e-05,2.732748161283242701e-05,2.731301874307883671e-05,2.600721368974709386e-05,2.595255315954175332e-05,2.435437066003948021e-05,2.523428367356766742e-05,2.607367915745536450e-05,2.715040744140584600e-05,2.773488671655194602e-05,2.791169732565757229e-05,2.894918818758431063e-05,2.926020163005287858e-05,3.013668513203833298e-05,2.977133970318478152e-05,3.163160784868942148e-05,3.060407760791125452e-05,3.008935085192322099e-05,3.084231086918723814e-05,2.982045303159090179e-05,3.107667552004795842e-05,3.068941956233173289e-05,3.147081521389220892e-05,3.132962878106020283e-05,3.097063976651922445e-05,3.209366925613004682e-05,3.204215036989306695e-05,3.282363827243009474e-05,3.132685912388958103e-05,3.208481733222017396e-05,3.194888121960220544e-05,3.217446806963880103e-05,3.299697838897489271e-05,3.178272448301192092e-05,3.254150244338604937e-05,3.200043855259696631e-05,3.212093355079443914e-05,3.285381045176523362e-05,3.277133998674925904e-05,3.207294354957497307e-05,3.327574547520082522e-05,3.242097131069951921e-05,3.332220014039135816e-05,3.428388544762024404e-05,3.374054541184221462e-05,3.230420276444749268e-05,3.276131108940183830e-05,3.359584493020215839e-05,3.325174368888388283e-05,3.362470571180359899e-05,3.323778470173449271e-05,3.438489584072632928e-05,3.315164272699349567e-05,3.334651291012390102e-05,3.314756351827121664e-05,3.325864431123666678e-05,3.455034230096408265e-05,3.398281491497409109e-05,3.405043795580402894e-05,3.442579260985214451e-05,3.439572733348762582e-05,3.470160885528962298e-05,3.621757601801245174e-05,3.477643169212235033e-05,3.359165769798113006e-05,3.503674721313588310e-05,3.461202110822864965e-05,3.436570179868580897e-05,3.381966225728892097e-05,3.434893149480676839e-05,3.419750913575410301e-05,3.356994008572013541e-05,3.391004162092195169e-05,3.331815113865161076e-05,3.342709197274552430e-05,3.249646739258524889e-05,3.321890537079976038e-05,3.382960920467309430e-05,3.192423134592990214e-05,3.304696829285260504e-05,3.380919873793384597e-05,3.318460423716700091e-05,3.323496665527428634e-05,3.194262221901203209e-05,3.257225811111777149e-05,3.195030529032587394e-05,3.174717622935319914e-05,3.212220277200448419e-05,3.325293919079191630e-05,3.094336485359898479e-05,3.182030008460269186e-05,3.284372244683438823e-05,3.133346291222150766e-05,3.096090117164517527e-05,3.050870986920301763e-05,2.983448945356491353e-05,2.919898752626156731e-05,2.920029537772081258e-05,2.870214032861819576e-05,2.609870659586046264e-05
2.437306669500959396e-05,2.564470303200787430e-05,2.536587567864858643e-05,2.729610865597592427e-05,2.646575934260007461e-05,2.587945567880044919e-05,2.599769060372826202e-05,2.621591638104838086e-05,2.565877653104530056e-05,2.430162961693408956e-05,2.537844763053277543e-05,2.696511088346568871e-05,2.634512369503902668e-05,2.658365941443942000e-05,2.721188191658340953e-05,2.609895915493234798e-05,2.535994366419597469e-05,2.623933219918204272e-05,2.698098319202810340e-05,2.687858915326687506e-05,2.622511255839656715e-05,2.751395842495845873e-05,2.839934199198876496e-05,2.745304993174360806e-05,2.707871542499432909e-05,2.650664890142356801e-05,2.719401488954455084e-05,2.723419586800442650e-05,2.784969815477225880e-05,2.763006740978182898e-05,2.745751527930569266e-05,2.800724502873833870e-05,2.794655131874329261e-05,2.815227842196746852e-05,2.670634197313383640e-05,2.854040230869790587e-05,2.814850717527859361e-05,2.854091914901654307e-05,2.812511651459941034e-05,2.697479898489067566e-05,2.759061240749340131e-05,2.714158749685296795e-05,2.682561411121454955e-05,2.561358488704973247e-05,2.568875752489385532e-05,2.413420963575016500e-05,2.480228913256437431e-05,2.566890995430651443e-05,2.676729910543119479e-05,2.728001046446092522e-05,2.751247455867443119e-05,2.857209940912031963e-05,2.897922294400684116e-05,2.968361423708839439e-05,2.933069810888182794e-05,3.126121510123656386e-05,3.028299201352561797e-05,2.973803963880570508e-05,3.042978888272161164e-05,2.937057704223200910e-05,3.055935243097455083e-05,3.024483616642103953e-05,3.101315224946171143e-05,3.086065785338233658e-05,3.050462989443263853e-05,3.168656879290036751e-05,3.167720868875722193e-05,3.237311872926976620e-05,3.099278346654510966e-05,3.176942177269929268e-05,3.150027595424911619e-05,3.178841411898984714e-05,3.256105391378756684e-05,3.140196049646264522e-05,3.194939260261171141e-05,3.166581445492290618e-05,3.154688325551232133e-05,3.240894000635027725e-05,3.242766153893524424e-05,3.160994391967923754e-05,3.313271813341880023e-05,3.200780275625398095e-05,3.284227428074666259e-05,3.391985739551873060e-05,3.323572200257915210e-05,3.181971085914576605e-05,3.222257135057578936e-05,3.304968971588316290e-05,3.288804070513625012e-05,3.313028592644372522e-05,3.313735745946335380e-05,3.392781848182969783e-05,3.291005353884652815e-05,3.302951030887931252e-05,3.250648955665772806e-05,3.308387959999472367e-05,3.425137656180443098e-05,3.384636410399333498e-05,3.358392380440601251e-05,3.403336190415792505e-05,3.408063168955516184e-05,3.446494806878230822e-05,3.477643169212235033e-05,3.522139720940349172e-05,3.320143857070964529e-05,3.465308202470421674e-05,3.429637107157797692e-05,3.412403318682225516e-05,3.362880181052772631e-05,3.387073219147023411e-05,3.369057172677413636e-05,3.318488115887795236e-05,3.347220350434649947e-05,3.292438255123127826e-05,3.312038099939621823e-05,3.204875455950219706e-05,3.318096395233032859e-05,3.380885619669153370e-05,3.203749568932275706e-05,3.291894094303014252e-05,3.337507214590900958e-05,3.290969786660936892e-05,3.283738692440853972e-05,3.174512620580063378e-05,3.228849941464921592e-05,3.163642038525751556e-05,3.122612789586208217e-05,3.176082874900677886e-05,3.269223350984252975e-05,3.061629380752359800e-05,3.162616053856792491e-05,3.228539575045074787e-05,3.045271357647377428e-05,3.018269836554336293e-05,2.989506589840150975e-05,2.949434808790175327e-05,2.881479141950715094e-05,2.880222451953844172e-05,2.777567033367398639e-05,2.608259358785946027e-05
2.325248270079520476e-05,2.429080395963674778e-05,2.405460810784814502e-05,2.591715811569124454e-05,2.521435956310573629e-05,2.467360381145704366e-05,2.463695234113420177e-05,2.488771628865617648e-05,2.441834787430827709e-05,2.330401669722162098e-05,2.414981824346058921e-05,2.555543587635678579e-05,2.512891972670286186e-05,2.523983383930188316e-05,2.592673511900647505e-05,2.463355492782650215e-05,2.400396726171038090e-05,2.511178808590986897e-05,2.585191988286845917e-05,2.564507183008915445e-05,2.500360894421144571e-05,2.608242011552826115e-05,2.709990200183154272e-05,2.614495861416135680e-05,2.572419250588007860e-05,2.527053121731064232e-05,2.575529229555120354e-05,2.602278111267640091e-05,2.644809066412460966e-05,2.625813956432744955e-05,2.635665335249434259e-05,2.660205278003718732e-05,2.659492890781652117e-05,2.687499534773443382e-05,2.526486619608025289e-05,2.708266140068492489e-05,2.664887861941659153e-05,2.714863259942350946e-05,2.669682063772556941e-05,2.578745892586600393e-05,2.651917385639933046e-05,2.575755569650837467e-05,2.561788818364016632e-05,2.445200653846562973e-05,2.451592377049322371e-05,2.295097484252665390e-05,2.384468830568371736e-05,2.455620498367787582e-05,2.564515585176753611e-05,2.599187834681445281e-05,2.628106288493154680e-05,2.735911376899328366e-05,2.747986089819965788e-05,2.831425911960704114e-05,2.799925759945648954e-05,2.988547391422804374e-05,2.891706117092360985e-05,2.846036640273940573e-05,2.907749678478862922e-05,2.814197734985207446e-05,2.938796863277831425e-05,2.900086059974906716e-05,2.978558793224371908e-05,2.948125264345087941e-05,2.918516420362080946e-05,3.039230366069659364e-05,3.041130289801674143e-05,3.111845596509517825e-05,2.966007608740575183e-05,3.043003004865527038e-05,3.028616893821931420e-05,3.049130732007281186e-05,3.120065951703154914e-05,3.005407331349932510e-05,3.067644968645373262e-05,3.052275817781132164e-05,3.034244554613045838e-05,3.112347830563544137e-05,3.114253354272252281e-05,3.024550520696868633e-05,3.166137281700477364e-05,3.057453115124291815e-05,3.161824569474448509e-05,3.251004234843899040e-05,3.203029613712035623e-05,3.058515970145845073e-05,3.103766686936058292e-05,3.187413138107432091e-05,3.156957951142427626e-05,3.200891109024234932e-05,3.164519803833717982e-05,3.281004434428720011e-05,3.164882944207960753e-05,3.169625387977310324e-05,3.141944118691389809e-05,3.174540350773981666e-05,3.294140702435593965e-05,3.236187880513819533e-05,3.237282429242017653e-05,3.276163527898823518e-05,3.287997958022144439e-05,3.322364965980863916e-05,3.359165769798113006e-05,3.320143857070964529e-05,3.284495241468832709e-05,3.339294689045672410e-05,3.316509767875221073e-05,3.292752830718486973e-05,3.236391840913743154e-05,3.271016862491436225e-05,3.275108846757996718e-05,3.212670150068721409e-05,3.252719272664467013e-05,3.183817740110686848e-05,3.192167716098399884e-05,3.122180004900406775e-05,3.210013469900324087e-05,3.247243704622064877e-05,3.093608818733458793e-05,3.180263915888971937e-05,3.252467029299563035e-05,3.189528101667205538e-05,3.185036040877379040e-05,3.087287906526458284e-05,3.155879202488919401e-05,3.071028215266209026e-05,3.033593707915443940e-05,3.101299456089305390e-05,3.188443567283660157e-05,2.997725034109544311e-05,3.054112602983644672e-05,3.127803014215731908e-05,3.004783148271308079e-05,2.965920564342360707e-05,2.953732864289286295e-05,2.867121244536079301e-05,2.791430504667187290e-05,2.774286902508602269e-05,2.723886609419191843e-05,2.512127266949371624e-05
2.421631615011995517e-05,2.515947822540276369e-05,2.509772619000444840e-05,2.698213306881508844e-05,2.640163317113777068e-05,2.576730934050788284e-05,2.566374754503070031e-05,2.592474591836991545e-05,2.538364404236429769e-05,2.386074109127540532e-05,2.524259068942116336e-05,2.661606443518422951e-05,2.608595406209388958e-05,2.627049030097040780e-05,2.677811666667925054e-05,2.565568532595518283e-05,2.485010991101548075e-05,2.608836861799774037e-05,2.675318404423953421e-05,2.671260835237387576e-05,2.595548449985046483e-05,2.711472978868896796e-05,2.823181551268782040e-05,2.723009487276974077e-05,2.686442775495483855e-05,2.626728579176490196e-05,2.690636928001490180e-05,2.704292610490717454e-05,2.766575472659228840e-05,2.739558391530340901e-05,2.729377389562620993e-05,2.769667672809277695e-05,2.772505219664328141e-05,2.808160772231888382e-05,2.648592284772765333e-05,2.821535225077659908e-05,2.796842468928097253e-05,2.838507544317353873e-05,2.800699902472937960e-05,2.679788414398099066e-05,2.746819474774996167e-05,2.695588709281311848e-05,2.675656483214059231e-05,2.545519208401050100e-05,2.546499310674778642e-05,2.388979084949983806e-05,2.468554147199380385e-05,2.556285174760056082e-05,2.665709090794151636e-05,2.723132375965426938e-05,2.746966161255102781e-05,2.842815580570514272e-05,2.880593519875042013e-05,2.951411499724408368e-05,2.926636768085334793e-05,3.119213172715791098e-05,3.021602494986355583e-05,2.962917164936338727e-05,3.039510132019255799e-05,2.942050006902637908e-05,3.051018398735432760e-05,3.007648972633305520e-05,3.115344858244595353e-05,3.094835768456130696e-05,3.051172596805434796e-05,3.172149050318594346e-05,3.167980419133225965e-05,3.232874737296609238e-05,3.123426414883064971e-05,3.170363610554432793e-05,3.161300158477435519e-05,3.175257580167092090e-05,3.240845918880296732e-05,3.150543225686297755e-05,3.207478409166042644e-05,3.173374838359501333e-05,3.155310733650868040e-05,3.258452364011583144e-05,3.247388712205586070e-05,3.161302812048959003e-05,3.299774218623827159e-05,3.198805984995210815e-05,3.297939740514145232e-05,3.400257222499081803e-05,3.338611425137612976e-05,3.194084887041640528e-05,3.246531211566226950e-05,3.338017848014447083e-05,3.305420828844263806e-05,3.332056476071973660e-05,3.299877928923807772e-05,3.429028979985316049e-05,3.290041576608945762e-05,3.300183607152661118e-05,3.255105875147136697e-05,3.306769112280391810e-05,3.442188079519675536e-05,3.417585238747551435e-05,3.387125488955085322e-05,3.423662502804124106e-05,3.442099780912543077e-05,3.456045059990937602e-05,3.503674721313588310e-05,3.465308202470421674e-05,3.339294689045672410e-05,3.574481467391716190e-05,3.482159370100669618e-05,3.439699464913897935e-05,3.406308470015860523e-05,3.432229854728200346e-05,3.418997378851857880e-05,3.355455298031647591e-05,3.381680873753389438e-05,3.332918859354779375e-05,3.337333113605182037e-05,3.264911761749590089e-05,3.361847326179895405e-05,3.430610362139156424e-05,3.255984887100447857e-05,3.340948089074130881e-05,3.388104070212789621e-05,3.357548542022744092e-05,3.319468613979829956e-05,3.214709814271493171e-05,3.270003403909732813e-05,3.201850983315600286e-05,3.181515819468201705e-05,3.219532514264438183e-05,3.319658198975855584e-05,3.101111987682201579e-05,3.219360549660531685e-05,3.288051826940355932e-05,3.103433863366427645e-05,3.090703489393964004e-05,3.054279008411084025e-05,3.017031910000117742e-05,2.921502654823403687e-05,2.904472271509461639e-05,2.835165787172171201e-05,2.635086117451451531e-05
2.349916446895439575e-05,2.467704765954323060e-05,2.462601969469826248e-05,2.629363312935522817e-05,2.582614326134757834e-05,2.535573418900278632e-05,2.505640690269089532e-05,2.538067469631310875e-05,2.482191568759054982e-05,2.480720844584046790e-05,2.464313693388872861e-05,2.619343408148459186e-05,2.558162136402910235e-05,2.577640934133396998e-05,2.629642176789283816e-05,2.501268725104265558e-05,2.416524444452893922e-05,2.537128545794631426e-05,2.623131221413171823e-05,2.618363855558882057e-05,2.528567986499900063e-05,2.665370465105528955e-05,2.781283005014632354e-05,2.676260085084529707e-05,2.625997495069960021e-05,2.588283492495275010e-05,2.636171256456187740e-05,2.656684223476569068e-05,2.713982829348113483e-05,2.706276571112508318e-05,2.694784827228263491e-05,2.727510034985887729e-05,2.719007386826464317e-05,2.746664108959199390e-05,2.597396214922362905e-05,2.774730712015216594e-05,2.757646342208717815e-05,2.789058793670116764e-05,2.735263516445954983e-05,2.640583809437022539e-05,2.703508568077305508e-05,2.640262100525291315e-05,2.628369221887246507e-05,2.494892979610425810e-05,2.498640378440279924e-05,2.340035121270963751e-05,2.434315355344850447e-05,2.510838635493392357e-05,2.632649011325486997e-05,2.654741769053671791e-05,2.705863306475780913e-05,2.799519281174327854e-05,2.826387899110965884e-05,2.891836530873333986e-05,2.872799495157208019e-05,3.091065655728712151e-05,2.973819890078367994e-05,2.928673348597467968e-05,2.986238547052106224e-05,2.911697433419625449e-05,3.017449648100798407e-05,2.976164510716304372e-05,3.072249415317521517e-05,3.051360689388388299e-05,3.016868522743332721e-05,3.131764735563944270e-05,3.120280134404039020e-05,3.196870451454380646e-05,3.098951597062201319e-05,3.115691809792058898e-05,3.122798121320346598e-05,3.131611802399424024e-05,3.201847226996075245e-05,3.121770992557205347e-05,3.158844041938274285e-05,3.136780792137717870e-05,3.113605248190806911e-05,3.213015242535756562e-05,3.203502940495333331e-05,3.114625927031862342e-05,3.256074441938560423e-05,3.164255114426494416e-05,3.289935446983781168e-05,3.361991637933532001e-05,3.299316760903990884e-05,3.156225291023366319e-05,3.211323677417620917e-05,3.297617069765239431e-05,3.291011473241876450e-05,3.289222294211485888e-05,3.297093158623560025e-05,3.399217703230668363e-05,3.263669697553971854e-05,3.281116961413541462e-05,3.237935370387517206e-05,3.286470468954390966e-05,3.415989236245854692e-05,3.403465594218260258e-05,3.376258214731789976e-05,3.409863890252264794e-05,3.419329476018288512e-05,3.450647376588353700e-05,3.461202110822864965e-05,3.429637107157797692e-05,3.316509767875221073e-05,3.482159370100669618e-05,3.539665027806026523e-05,3.425588283507805556e-05,3.377016847832522089e-05,3.406353676814961781e-05,3.410454125259800218e-05,3.324640483551943675e-05,3.367890564105682235e-05,3.310265159490601803e-05,3.333029285740615299e-05,3.262969788388454080e-05,3.378855065137906352e-05,3.433915973767923124e-05,3.257669933986128384e-05,3.338823882577664584e-05,3.375672185944123352e-05,3.356277289208639254e-05,3.305171231621488215e-05,3.187157261776862481e-05,3.257127847098333008e-05,3.199630427493357411e-05,3.140899132475545320e-05,3.161375843996237442e-05,3.277925034065784347e-05,3.070581838783197428e-05,3.200056004715393500e-05,3.224886559373104419e-05,3.065382922440931134e-05,2.997270683897682530e-05,3.028917621654556095e-05,2.981281576804626225e-05,2.870795131291472595e-05,2.859837396771176747e-05,2.766457598306464388e-05,2.602107556778923965e-05
2.358278216312807430e-05,2.464070674985023734e-05,2.470089706708168337e-05,2.657261386484546320e-05,2.586553045869320001e-05,2.526735256511152914e-05,2.523036834732095130e-05,2.545348859131090527e-05,2.513885256496451416e-05,2.352654070685769713e-05,2.451442099503402987e-05,2.625023463502840801e-05,2.563158077376978013e-05,2.584905246970399601e-05,2.640147701948519164e-05,2.509995895070611609e-05,2.477920075564414500e-05,2.558016248654027062e-05,2.622337688676990017e-05,2.612996574165928369e-05,2.549220709978980071e-05,2.674682336500855951e-05,2.765631407008971966e-05,2.670224615138856465e-05,2.643843991139088075e-05,2.589074663024304180e-05,2.655918574090040038e-05,2.663980794928511576e-05,2.724512133894781160e-05,2.706520754206364617e-05,2.681596017779437318e-05,2.731331166231907142e-05,2.728593522176298833e-05,2.742021972570862093e-05,2.606150725706077781e-05,2.779364144804190924e-05,2.752718354466240187e-05,2.781000252880682470e-05,2.738230191575744633e-05,2.641358956974989563e-05,2.699858738928193327e-05,2.650992456165937928e-05,2.622122020478012900e-05,2.509263096303160861e-05,2.501258335486079935e-05,2.359112835015399301e-05,2.434920305275400693e-05,2.513604185586123968e-05,2.624971337587207583e-05,2.664750669045851223e-05,2.697912254930832774e-05,2.786788799932052215e-05,2.822993435410047888e-05,2.894934532890183689e-05,2.862061451729976504e-05,3.075412365999513706e-05,2.958492737603369969e-05,2.916331447954419035e-05,2.975036289640276235e-05,2.900907707278499928e-05,3.006788714632619355e-05,2.956666804742589155e-05,3.062430809748121303e-05,3.031226412451666486e-05,2.985246142732513952e-05,3.117827014500650833e-05,3.105129423374654356e-05,3.176232485866306685e-05,3.055311347898650597e-05,3.107633224376830998e-05,3.105249259412802440e-05,3.128028138969852806e-05,3.181331095043634066e-05,3.093236007164766360e-05,3.148380663855614462e-05,3.124142430454867117e-05,3.091455582801506605e-05,3.194906674673020835e-05,3.176538440631069545e-05,3.107624708671758747e-05,3.221893752234063294e-05,3.122170659791467838e-05,3.228819097850243493e-05,3.335048836954950999e-05,3.271144187303326602e-05,3.135290525596646144e-05,3.188964493067840026e-05,3.281427500526053556e-05,3.248294211050298507e-05,3.272710911357766371e-05,3.265726591960214345e-05,3.371455957425886004e-05,3.236353979454185075e-05,3.255733298680924171e-05,3.195428624818143454e-05,3.249471841178506223e-05,3.385396562201269089e-05,3.376964641157196927e-05,3.337541007135386541e-05,3.361124913369289708e-05,3.394000458674446044e-05,3.404500518442905469e-05,3.436570179868580897e-05,3.412403318682225516e-05,3.292752830718486973e-05,3.439699464913897935e-05,3.425588283507805556e-05,3.494327363721745248e-05,3.347745967248986912e-05,3.373514615546427885e-05,3.354358377388306876e-05,3.295702052685419955e-05,3.327117646537816517e-05,3.278533352731526854e-05,3.303917675973830912e-05,3.232838604988535699e-05,3.357403301642255026e-05,3.407154780311223154e-05,3.219973321611492670e-05,3.294522861793258586e-05,3.316452518363343521e-05,3.300336591184780072e-05,3.288272940458783050e-05,3.166275959225442103e-05,3.219345874699181144e-05,3.162592291933578642e-05,3.133184021205160145e-05,3.156581805721696493e-05,3.267608716065065557e-05,3.062303636254470413e-05,3.184296380250833377e-05,3.191448410354477390e-05,3.043742699066169708e-05,3.028564950479523539e-05,3.001380747451170902e-05,2.942966853768958917e-05,2.883638267393230618e-05,2.854471511324138208e-05,2.761877282222251941e-05,2.616590913142419986e-05
2.273493772978417608e-05,2.373257766602780098e-05,2.392999539820991005e-05,2.557319493304027424e-05,2.494454694022603690e-05,2.447931480970639014e-05,2.415543811661345831e-05,2.462700882015247703e-05,2.406120119200147320e-05,2.320468329505626163e-05,2.393394838726127405e-05,2.525628024486530835e-05,2.472609996616867431e-05,2.482771246739902697e-05,2.559495510625396604e-05,2.402616527246445596e-05,2.323536237681056248e-05,2.467325164365997988e-05,2.538825913445028512e-05,2.534401322511983478e-05,2.453470717298028233e-05,2.589360412964494506e-05,2.686352846121220904e-05,2.587293482670097227e-05,2.544109916003777148e-05,2.496660353142626950e-05,2.565176556869875243e-05,2.568155625077767811e-05,2.626013633356937547e-05,2.607708640616566417e-05,2.604870533825445953e-05,2.646249892926186970e-05,2.640217337052581348e-05,2.650553087316182758e-05,2.503891121928327940e-05,2.690974891411555332e-05,2.666561873756743056e-05,2.687051907032374996e-05,2.647968550761380663e-05,2.536486986606194583e-05,2.614280006261165883e-05,2.563376464553530500e-05,2.526717457537693801e-05,2.400373777424420749e-05,2.395481210084226672e-05,2.254610332523084200e-05,2.345345224834735677e-05,2.427665381518209840e-05,2.523762601619842247e-05,2.567398673232601440e-05,2.616325453168048869e-05,2.692521349674145196e-05,2.730260776972119840e-05,2.797222424023943364e-05,2.785305667663801163e-05,2.979459478101308980e-05,2.870206208898344732e-05,2.820075829430492251e-05,2.892741127852716435e-05,2.804198823956982573e-05,2.906855453849871508e-05,2.867053790528217033e-05,2.969504210357548459e-05,2.937961369041451357e-05,2.909001869939754762e-05,3.023620974121660237e-05,3.022888393247147475e-05,3.096108071116608699e-05,2.982857350672080173e-05,3.023409370780576219e-05,3.018691264075877115e-05,3.036819290838842914e-05,3.074352354622048283e-05,3.029116095586110525e-05,3.050020092965504795e-05,3.031135301865959435e-05,3.021520216370072865e-05,3.128723089004248472e-05,3.105939784436488284e-05,3.002433219060969847e-05,3.165174614753674055e-05,3.055127786801563772e-05,3.194522259731127705e-05,3.263707879227036252e-05,3.202268878695187172e-05,3.072238124118688936e-05,3.107679576303881561e-05,3.218591825115208800e-05,3.178536073596062873e-05,3.198533260333798477e-05,3.175642035090185130e-05,3.302628521391609546e-05,3.172028266649765875e-05,3.180032408513240171e-05,3.131564299166317625e-05,3.186741539980988513e-05,3.339044455397148563e-05,3.322734051000291730e-05,3.299030386599703554e-05,3.341599867019694485e-05,3.334198960859206486e-05,3.375156443408066726e-05,3.381966225728892097e-05,3.362880181052772631e-05,3.236391840913743154e-05,3.406308470015860523e-05,3.377016847832522089e-05,3.347745967248986912e-05,3.394622692308800320e-05,3.330773587106044154e-05,3.353538699972712859e-05,3.270522570346020701e-05,3.276990691348368064e-05,3.233333295637178710e-05,3.261458637526343197e-05,3.191148740352082308e-05,3.333223138346208525e-05,3.378392353708687800e-05,3.193892258533393954e-05,3.269381995642440695e-05,3.293384614251571810e-05,3.297932421370152367e-05,3.235363250836532478e-05,3.129388738046172093e-05,3.184508751080801866e-05,3.111496389743767722e-05,3.084557483687513549e-05,3.108840582241682713e-05,3.191424064514566266e-05,3.008369602273194555e-05,3.102798383541548573e-05,3.175495629513286518e-05,2.986484261533056480e-05,2.970649738415867715e-05,2.945515378896211353e-05,2.891998008845395276e-05,2.810007521574302248e-05,2.807450776916717975e-05,2.707785737313674567e-05,2.521004899004195023e-05
2.349691809670810755e-05,2.460034474804561344e-05,2.438443790164440827e-05,2.616354537281352278e-05,2.573527077706603224e-05,2.505417765776005572e-05,2.489804138845123064e-05,2.520637329715492210e-05,2.477449866515901461e-05,2.404564877352829573e-05,2.451466988115119666e-05,2.605601325033271503e-05,2.552118928703672005e-05,2.552551275794703390e-05,2.608275243654586213e-05,2.471600221289221809e-05,2.408917408875730815e-05,2.540770337987216816e-05,2.597849901447422366e-05,2.595074561905263207e-05,2.515690849743844318e-05,2.654664278359741229e-05,2.760744569367701458e-05,2.645631287749793285e-05,2.604445137498132690e-05,2.561753575048258795e-05,2.638118074618992360e-05,2.642459537082573955e-05,2.694327975580479095e-05,2.672167196376235373e-05,2.678000255766009203e-05,2.709201339240047406e-05,2.699077651690476326e-05,2.732814631635918179e-05,2.572251009503569448e-05,2.741861757681143445e-05,2.731387340316230474e-05,2.765057818069622980e-05,2.700334605160401385e-05,2.612411352074765503e-05,2.674262391706229062e-05,2.616710422626977451e-05,2.604320605757642562e-05,2.471005562033393629e-05,2.467770826848467139e-05,2.327926051275352554e-05,2.409086776773183868e-05,2.475425420080528966e-05,2.582985039599480925e-05,2.641842576747870422e-05,2.667855815855217812e-05,2.762000956640981488e-05,2.795353055931830619e-05,2.865938064003912918e-05,2.837146395271663801e-05,3.031869194261167439e-05,2.938506325621690205e-05,2.878306299123550721e-05,2.944118061809441968e-05,2.868022998830767139e-05,2.977987865473089368e-05,2.935234195954098175e-05,3.015153873035876817e-05,3.001911472346424056e-05,2.974672057640124061e-05,3.085914055925939890e-05,3.080444177116188685e-05,3.152881109409249791e-05,3.027915742933024563e-05,3.086825196063467156e-05,3.084979582979787690e-05,3.091607209493197353e-05,3.155048977633387065e-05,3.063555869199356837e-05,3.106026303299787967e-05,3.070582709971884483e-05,3.081664713111914941e-05,3.156028413068501996e-05,3.168168635336294196e-05,3.082643825382736560e-05,3.223390768845098043e-05,3.116571191679281443e-05,3.215529743316970025e-05,3.304640267526646444e-05,3.250551891109503666e-05,3.122637802269540372e-05,3.171716027457889520e-05,3.252647562000450141e-05,3.224967218846294762e-05,3.260418875595201874e-05,3.243434345147775603e-05,3.353209189262770665e-05,3.199789072172853091e-05,3.231120912186288206e-05,3.182556277999937483e-05,3.239024843790287928e-05,3.355859874655645102e-05,3.335281801697918147e-05,3.315445938318900830e-05,3.354879050335441690e-05,3.380643599312642986e-05,3.385236770493697453e-05,3.434893149480676839e-05,3.387073219147023411e-05,3.271016862491436225e-05,3.432229854728200346e-05,3.406353676814961781e-05,3.373514615546427885e-05,3.330773587106044154e-05,3.459955553059397099e-05,3.355158097894059976e-05,3.284810128678831114e-05,3.319691394107985173e-05,3.266566688219217526e-05,3.291428156522288915e-05,3.220578511908632870e-05,3.311701960375802413e-05,3.375171695381475327e-05,3.196681453554225120e-05,3.270490636450985693e-05,3.319596625321112696e-05,3.299969920812592823e-05,3.285896949805063656e-05,3.156653076545417968e-05,3.233950580094542175e-05,3.136971654946294364e-05,3.127319441168836421e-05,3.152745852373789752e-05,3.256452230991977023e-05,3.066522560861145578e-05,3.155760752661288893e-05,3.220962705043146543e-05,3.038774080202434375e-05,3.043121916005387485e-05,3.003715337355655857e-05,2.949187527321539291e-05,2.879506464804219357e-05,2.863787369773104243e-05,2.782541481255997810e-05,2.604107133144716805e-05
2.298958814637749640e-05,2.404251392819557092e-05,2.418200021755691244e-05,2.582196200763198419e-05,2.522477708381652564e-05,2.516967564178942265e-05,2.453088964749536210e-05,2.501784211666579276e-05,2.440532614575214684e-05,2.374269634551727994e-05,2.431683560502065505e-05,2.553722349167319959e-05,2.500833900050954700e-05,2.509441037019451514e-05,2.582013141467263495e-05,2.445644051516864497e-05,2.381638845785477430e-05,2.506640497443529011e-05,2.599811401064454713e-05,2.577593895999581467e-05,2.476375665768864348e-05,2.631882817718039297e-05,2.720380473589090441e-05,2.627703179435982814e-05,2.570680341616924966e-05,2.531174437899320721e-05,2.600119547282159809e-05,2.634002967886439934e-05,2.664377355183690334e-05,2.638064410094793637e-05,2.640572156499212223e-05,2.683880744313203254e-05,2.668510365910752526e-05,2.698086029075490291e-05,2.537164990886750456e-05,2.710033010059945103e-05,2.691491557561976540e-05,2.760454888827144191e-05,2.686876447221766715e-05,2.584714902966972366e-05,2.650458557780869113e-05,2.571213233583376242e-05,2.568879760117379982e-05,2.433959521710374945e-05,2.438455936170338858e-05,2.276918363291639347e-05,2.383987822572310812e-05,2.464395213064164743e-05,2.576630955986571400e-05,2.611568170039016773e-05,2.647110745096203571e-05,2.730227077988672352e-05,2.760704655900144094e-05,2.826963627148709000e-05,2.828766892401059950e-05,2.999937833888165231e-05,2.917827523011681511e-05,2.881178851889470234e-05,2.919101442095873279e-05,2.841540744346326083e-05,2.950897133739741640e-05,2.910975228514966307e-05,3.010544425331037162e-05,2.974777471636508666e-05,2.936684519223711694e-05,3.047574926586689900e-05,3.062427984795565759e-05,3.120322227810090642e-05,3.013867924815687141e-05,3.046467479005723076e-05,3.052657352062305431e-05,3.072186619586695858e-05,3.138199705577146532e-05,3.041259583146102967e-05,3.082582861470133264e-05,3.062671048302824622e-05,3.062174224169800560e-05,3.169001538680372537e-05,3.163777545309194578e-05,3.039280135162933036e-05,3.205023092164590670e-05,3.095672690143087938e-05,3.223476639796655021e-05,3.320627833914090681e-05,3.256761081450488008e-05,3.093233341446770084e-05,3.154347419225154509e-05,3.229288981104295813e-05,3.209833059710478955e-05,3.236767259400000977e-05,3.225696826728322394e-05,3.322448218263107520e-05,3.203306437369488150e-05,3.224842599573984328e-05,3.192266571819659602e-05,3.237973558667763175e-05,3.370100992960116263e-05,3.327189799295977071e-05,3.315025069849121531e-05,3.382646237183721289e-05,3.343766880870679942e-05,3.413928589155705036e-05,3.419750913575410301e-05,3.369057172677413636e-05,3.275108846757996718e-05,3.418997378851857880e-05,3.410454125259800218e-05,3.354358377388306876e-05,3.353538699972712859e-05,3.355158097894059976e-05,3.508595750645919839e-05,3.317267083354489589e-05,3.334916175791862591e-05,3.267486298802461426e-05,3.300601989902299683e-05,3.242837236913228904e-05,3.333279727619080547e-05,3.391522911271362004e-05,3.204635252739680506e-05,3.311256067151043024e-05,3.352784294741991349e-05,3.329298066111592368e-05,3.284174843822029369e-05,3.187838032672328270e-05,3.246308837039177142e-05,3.157473888335424693e-05,3.114152081305903981e-05,3.159252195251468213e-05,3.268794672036329848e-05,3.084354093002448984e-05,3.189877242575494827e-05,3.262336763750066539e-05,3.060318449223379844e-05,3.054338534853914523e-05,3.035012417753160899e-05,2.927088735580743708e-05,2.889863343333376339e-05,2.857354439487090064e-05,2.789141531444533495e-05,2.574581584573289170e-05
2.356959744865743869e-05,2.464729865536826133e-05,2.447063873603583529e-05,2.622064695719682602e-05,2.560937133496628032e-05,2.537690761747299174e-05,2.501550833561936985e-05,2.557009489092257058e-05,2.502223357405427187e-05,2.312481832013303122e-05,2.474024398050999999e-05,2.591812846328878201e-05,2.549325589934867576e-05,2.549999967717183017e-05,2.608056315610891867e-05,2.484818206323540169e-05,2.453291904091581014e-05,2.559209543923359498e-05,2.623164963425714816e-05,2.596709914734281576e-05,2.523100072039164134e-05,2.646409539935337405e-05,2.735215160202945814e-05,2.659965910124256506e-05,2.607105644937466303e-05,2.554223862128422468e-05,2.617588472614297603e-05,2.622964345896932700e-05,2.682097598770488364e-05,2.653514316776076757e-05,2.659763391381477770e-05,2.699108067959734428e-05,2.685563103076593644e-05,2.714858385351154625e-05,2.546970525379916347e-05,2.717681482260364838e-05,2.704906511001372256e-05,2.755856516129226281e-05,2.682773485803531942e-05,2.583273092528506922e-05,2.650288429368497740e-05,2.594883654823721292e-05,2.586385036841457285e-05,2.445954280509432679e-05,2.443932670227151602e-05,2.294955328183638561e-05,2.398046957482091569e-05,2.479698140605981707e-05,2.570094560485806185e-05,2.611225093307765138e-05,2.626566935038691187e-05,2.726872347494728579e-05,2.750452086021242285e-05,2.811963115510909925e-05,2.819674072416781299e-05,2.983349051926620035e-05,2.888579255054318437e-05,2.858959167886521486e-05,2.904748921858783556e-05,2.818169796780476498e-05,2.931301232396109132e-05,2.877103399773041164e-05,2.980701837888964187e-05,2.952156916249662401e-05,2.907178722851695596e-05,3.020007201497300055e-05,3.039626683105475761e-05,3.086794602932922953e-05,2.973798225525658008e-05,3.023249322481208500e-05,3.017972138510577497e-05,3.029766152318180198e-05,3.110344342979422987e-05,3.006575521747233761e-05,3.059407045290575588e-05,3.025267762809988022e-05,3.021434976845949487e-05,3.102618397872871985e-05,3.106783295034813263e-05,3.021585146952722789e-05,3.172576777931900921e-05,3.063005880274409672e-05,3.147216840817867117e-05,3.264733713047489810e-05,3.176848363788905324e-05,3.057253474422661919e-05,3.086249536807170033e-05,3.182670868671813835e-05,3.154477797425355579e-05,3.185347283546312698e-05,3.163505591409121920e-05,3.274549556762398444e-05,3.160201785457059163e-05,3.174606234918003571e-05,3.125141517019912568e-05,3.157591017169099432e-05,3.308383335580909848e-05,3.277636862776796490e-05,3.259983093608278263e-05,3.293643995663113523e-05,3.303871491668044575e-05,3.336290488378660431e-05,3.356994008572013541e-05,3.318488115887795236e-05,3.212670150068721409e-05,3.355455298031647591e-05,3.324640483551943675e-05,3.295702052685419955e-05,3.270522570346020701e-05,3.284810128678831114e-05,3.317267083354489589e-05,3.346444241374240379e-05,3.288047519106014274e-05,3.204116629168813610e-05,3.247193356001233671e-05,3.165798503034271893e-05,3.243750189477192586e-05,3.298080740108230480e-05,3.123642238574519909e-05,3.234350084828808703e-05,3.276628976099925676e-05,3.255482219178120422e-05,3.221039572134756134e-05,3.137109521522526620e-05,3.170087416420521310e-05,3.124455827415811805e-05,3.086958002664173269e-05,3.104568088327184773e-05,3.213836783125379430e-05,3.063955323445223690e-05,3.120225844712739795e-05,3.203682604579304304e-05,3.018481444433038490e-05,3.030874668647814943e-05,2.994746301272457238e-05,2.912211915747865002e-05,2.834840502491447957e-05,2.853912931620768072e-05,2.755025692939077296e-05,2.588470417292818379e-05
2.386552457786166812e-05,2.487643824005582050e-05,2.451118662746692853e-05,2.639555606843433779e-05,2.573187779022026602e-05,2.536974688450537775e-05,2.517219991247512603e-05,2.544532658083471666e-05,2.492768416178551701e-05,2.367720742351842863e-05,2.466162257687894583e-05,2.598944366096559905e-05,2.556178047950647130e-05,2.573684024926098992e-05,2.622341015972422804e-05,2.484868764201092551e-05,2.461817636694144077e-05,2.539981612437105119e-05,2.612073160633571149e-05,2.602889230200346369e-05,2.520832168010324610e-05,2.655073154080633664e-05,2.725019248646443542e-05,2.666799476905396899e-05,2.586075066413550958e-05,2.546051829920807026e-05,2.621694302681226276e-05,2.641150385862626790e-05,2.678727881193482924e-05,2.654608102232352065e-05,2.649804533989714306e-05,2.696484857999561680e-05,2.698900660230890813e-05,2.711304776874592847e-05,2.550767029163498298e-05,2.718379625819250631e-05,2.700822498364111894e-05,2.742603220318974184e-05,2.688261733647293757e-05,2.591955042143122577e-05,2.658446560425015373e-05,2.598601082968049367e-05,2.599470807166651801e-05,2.454362951343120897e-05,2.461066768041942973e-05,2.302488155751971347e-05,2.398501912242919035e-05,2.484567661547299036e-05,2.569948736406132823e-05,2.616302330725175853e-05,2.634634755506004393e-05,2.740286386549930595e-05,2.762522019810756472e-05,2.831674242072434574e-05,2.815113066936618833e-05,3.000786763659813591e-05,2.891989677616453957e-05,2.875931105932583628e-05,2.909779605315441779e-05,2.822758924505289001e-05,2.945804771407770927e-05,2.901795455029948748e-05,2.992616511559112276e-05,2.977929143770347253e-05,2.921983487303071673e-05,3.044261916155770520e-05,3.040519488005433201e-05,3.117062843813077279e-05,2.988877291458136935e-05,3.050099806580829976e-05,3.048690209209156663e-05,3.051332713503298813e-05,3.123771489878353553e-05,3.002885702612438206e-05,3.069418301928280852e-05,3.033003873614165360e-05,3.021739321218357331e-05,3.102300447821772098e-05,3.130174306464819368e-05,3.037090638513576139e-05,3.175398328477171256e-05,3.079738583224765841e-05,3.153154753920654068e-05,3.261918224495126092e-05,3.213902565011684203e-05,3.067151305087290883e-05,3.106412877638202691e-05,3.183757977400443381e-05,3.174140883814169248e-05,3.199237814674388617e-05,3.184638450690715540e-05,3.267814389819769362e-05,3.170106063298757006e-05,3.194701212036688893e-05,3.163247535621834130e-05,3.185696708720937365e-05,3.305858635467239762e-05,3.271540340652982765e-05,3.275468905656045215e-05,3.317425804078542612e-05,3.327180468460929041e-05,3.356928780359147516e-05,3.391004162092195169e-05,3.347220350434649947e-05,3.252719272664467013e-05,3.381680873753389438e-05,3.367890564105682235e-05,3.327117646537816517e-05,3.276990691348368064e-05,3.319691394107985173e-05,3.334916175791862591e-05,3.288047519106014274e-05,3.410835723412159658e-05,3.250167972603232910e-05,3.276351765390688619e-05,3.193926026146670909e-05,3.262349936614668906e-05,3.327530138110085744e-05,3.160546317701927400e-05,3.255814222036391276e-05,3.322861884274132764e-05,3.285555581527691758e-05,3.282549010133648616e-05,3.163277353228746339e-05,3.234019700107154167e-05,3.182699491753876594e-05,3.132319580533712519e-05,3.176977300786068407e-05,3.284210805810708740e-05,3.113852817022410164e-05,3.165573571761678723e-05,3.228433549689726308e-05,3.103953581558918922e-05,3.097574338924144113e-05,3.083498614292880751e-05,2.983054347654898899e-05,2.905559906950415657e-05,2.910609042530826852e-05,2.828624376024937480e-05,2.659218452685045675e-05
2.320542858027839909e-05,2.422799564241946599e-05,2.377684808684784026e-05,2.566546751588349534e-05,2.512300144133532541e-05,2.460797302165133274e-05,2.435579448475016766e-05,2.466352499435230312e-05,2.417000806974594908e-05,2.305935496634070814e-05,2.423549429556308256e-05,2.523342143192138044e-05,2.480199856874826359e-05,2.497618637415442402e-05,2.547923768461818057e-05,2.391253618146193198e-05,2.352448858251628957e-05,2.450078744875912480e-05,2.547708353120847690e-05,2.511264684415012813e-05,2.454135692146236744e-05,2.566408196773421914e-05,2.664002999037700214e-05,2.572528616564228105e-05,2.526296964334632836e-05,2.480578926513325107e-05,2.550648895085972617e-05,2.563516691811100395e-05,2.603331667281871809e-05,2.582074303413406160e-05,2.572057014111912149e-05,2.623666381445106379e-05,2.620835139065887023e-05,2.628710614005853177e-05,2.482902859470807546e-05,2.635835017930775558e-05,2.628645176880027522e-05,2.678747986965933838e-05,2.628189474148620811e-05,2.527548918095723427e-05,2.577469592049122440e-05,2.529469102457428483e-05,2.522633788889552854e-05,2.395881830157092673e-05,2.414751211170111970e-05,2.268565105221293161e-05,2.321718934123221875e-05,2.406010666342910643e-05,2.499048090261388652e-05,2.539301951600287047e-05,2.571972979468621938e-05,2.677939282245382776e-05,2.695579372827630683e-05,2.762525991678616377e-05,2.738557233478530100e-05,2.925670607836650268e-05,2.819609028969671842e-05,2.795380615153018238e-05,2.835784249763410251e-05,2.742813722144006776e-05,2.879831603679566229e-05,2.829241138377189250e-05,2.899342127701662312e-05,2.897131780869246652e-05,2.853651824039938150e-05,2.960299028206102645e-05,2.968052317131698528e-05,3.029109090765351781e-05,2.910548143707391268e-05,2.976385553658845521e-05,2.970407721983501056e-05,2.975953763734850440e-05,3.052683256379394702e-05,2.937848911844115565e-05,3.006966176678468102e-05,2.981429539497337401e-05,2.961315132143934963e-05,3.043492597055342142e-05,3.057322218037409483e-05,2.965286126957928953e-05,3.098135127749192426e-05,3.020764595578142537e-05,3.110791359523559481e-05,3.199148039361184552e-05,3.141109703805227749e-05,3.002267316152440834e-05,3.051703636364814885e-05,3.141483085752056858e-05,3.112560633925594202e-05,3.136045683361089569e-05,3.119693433173755941e-05,3.212215326393787901e-05,3.103542478324911323e-05,3.145133500530755992e-05,3.103542237820560947e-05,3.140473277798777000e-05,3.234378460504865461e-05,3.213339528864794331e-05,3.207656537536604692e-05,3.243865618679615343e-05,3.269640902521210390e-05,3.291830540769641886e-05,3.331815113865161076e-05,3.292438255123127826e-05,3.183817740110686848e-05,3.332918859354779375e-05,3.310265159490601803e-05,3.278533352731526854e-05,3.233333295637178710e-05,3.266566688219217526e-05,3.267486298802461426e-05,3.204116629168813610e-05,3.250167972603232910e-05,3.300607451150465481e-05,3.221634663814938206e-05,3.170020889261162113e-05,3.236412222661359301e-05,3.275544270385091430e-05,3.109924830850080381e-05,3.213134867795861812e-05,3.266849814232124921e-05,3.227806155896924441e-05,3.223227998581147137e-05,3.113706681934699512e-05,3.179148137257445205e-05,3.114626719952935110e-05,3.073444431920661798e-05,3.125487888618361411e-05,3.189900504035774641e-05,3.062172831151334953e-05,3.102750463105074510e-05,3.156057693882385965e-05,3.008464208419039745e-05,3.033085323111812622e-05,2.974716693452980311e-05,2.909705659176669974e-05,2.841686618937948330e-05,2.827391707604721461e-05,2.769386955303233556e-05,2.602192727540162892e-05
2.311894874802388047e-05,2.415704045601140733e-05,2.388388930879388746e-05,2.567351700488882744e-05,2.517262606091785534e-05,2.461415876041224169e-05,2.434560138694846773e-05,2.468885570755194065e-05,2.416905718361922405e-05,2.317194274771276993e-05,2.406594517703702395e-05,2.541488337087738044e-05,2.493772929043135096e-05,2.500334385457359294e-05,2.541538694035743378e-05,2.455058361130254492e-05,2.403863292612927832e-05,2.462521061258902003e-05,2.526855710526235610e-05,2.532374182895435542e-05,2.456592337093834098e-05,2.561912756803579573e-05,2.668544362167653969e-05,2.596136415343314050e-05,2.536830553593836865e-05,2.509353356038886959e-05,2.567643717625807113e-05,2.570390089246600866e-05,2.632184688809916634e-05,2.607071308047538043e-05,2.586894201082348238e-05,2.637700942231756591e-05,2.626955038022571397e-05,2.642289223552461472e-05,2.499917939698887760e-05,2.674935318096894138e-05,2.654319139840230821e-05,2.688282852613052678e-05,2.630623876255559307e-05,2.538205143264686344e-05,2.599756955257073377e-05,2.544516018199870542e-05,2.523024624427385666e-05,2.413093118031075065e-05,2.407527785102887613e-05,2.247248161077001010e-05,2.331391916930642186e-05,2.426888092513290794e-05,2.520582241468858646e-05,2.547340898699665550e-05,2.598552670006447566e-05,2.677960816991560418e-05,2.717922811430208062e-05,2.775818712616373712e-05,2.763615050008248682e-05,2.956096629503093088e-05,2.840914298927607135e-05,2.810608159116796659e-05,2.862300730405346010e-05,2.791033981070040014e-05,2.892577868257633695e-05,2.847350120017701328e-05,2.939928077974355235e-05,2.925584142636137013e-05,2.886351694110495100e-05,2.986877775983666665e-05,2.999459518684328318e-05,3.060640958285459608e-05,2.953720228561798635e-05,2.996067969662726026e-05,2.980541622694490199e-05,2.999901585449504625e-05,3.061771513007873212e-05,2.967733525875201471e-05,3.022326915214016942e-05,2.989948814066894803e-05,2.974212746723995345e-05,3.078390134208650508e-05,3.073563051004294885e-05,2.990949614498478092e-05,3.123213188856919343e-05,3.049168155944411920e-05,3.129121055597481189e-05,3.236873694121121937e-05,3.145495194218696379e-05,3.023682624076672938e-05,3.067247439912264002e-05,3.152778072641566415e-05,3.124179940332970004e-05,3.146345984353242679e-05,3.145906166829220215e-05,3.255537738023554350e-05,3.114603572345798111e-05,3.155290135859258082e-05,3.102994408954824816e-05,3.144348347757391123e-05,3.292336657924640586e-05,3.288126389083409013e-05,3.259937273049436139e-05,3.281206443083689692e-05,3.302113887100836250e-05,3.332005886683696191e-05,3.342709197274552430e-05,3.312038099939621823e-05,3.192167716098399884e-05,3.337333113605182037e-05,3.333029285740615299e-05,3.303917675973830912e-05,3.261458637526343197e-05,3.291428156522288915e-05,3.300601989902299683e-05,3.247193356001233671e-05,3.276351765390688619e-05,3.221634663814938206e-05,3.342022798049660448e-05,3.184426362427088660e-05,3.286227661784456788e-05,3.341284457503633612e-05,3.147217595579272130e-05,3.256859450718116580e-05,3.284873077950272867e-05,3.283434019549854606e-05,3.240525508564989451e-05,3.141058917899213978e-05,3.167753150984304363e-05,3.136054851194459606e-05,3.058825508856311215e-05,3.121408779065559401e-05,3.215691881982664840e-05,3.079958105809609627e-05,3.135535602892279480e-05,3.175926320523269985e-05,3.011324054053170126e-05,3.009370354590610504e-05,2.991272847082163304e-05,2.941124802337688474e-05,2.852106427047733416e-05,2.838903994779887549e-05,2.764590798100720817e-05,2.611042114440713778e-05
2.185143732334572718e-05,2.277561626304997104e-05,2.247634026214926330e-05,2.418243992125701202e-05,2.365175498183636746e-05,2.341245310999348064e-05,2.295026253540968404e-05,2.336246047056774703e-05,2.300024866266309567e-05,2.223698022596877236e-05,2.282858125617179780e-05,2.401634807796153629e-05,2.346238441646079803e-05,2.365472390114840024e-05,2.424234944022470064e-05,2.276212622604817859e-05,2.230372456668513697e-05,2.337488039577365168e-05,2.412681675053857230e-05,2.389493937433548478e-05,2.331031761583485630e-05,2.442725843358177376e-05,2.553064160048987399e-05,2.460510095445023272e-05,2.397343996606466103e-05,2.358027707383531885e-05,2.423245964250857849e-05,2.447257856916741414e-05,2.497039899492091729e-05,2.472687676655167780e-05,2.463655944614701718e-05,2.497446130964192610e-05,2.501330530560203709e-05,2.530367931861377302e-05,2.367409378183591844e-05,2.520189693811632364e-05,2.522878322827820321e-05,2.564891975482734245e-05,2.499666484078645086e-05,2.412042494513428318e-05,2.472052304212418969e-05,2.413138383109503053e-05,2.401419178879231700e-05,2.296968551765475006e-05,2.286475102501435777e-05,2.150823455748829846e-05,2.242522187712660568e-05,2.299161843496520927e-05,2.399583356456763073e-05,2.438807020642097965e-05,2.470417104058810823e-05,2.553307176543400308e-05,2.574537118894134764e-05,2.636725682318768273e-05,2.615968163705641134e-05,2.807230446408913140e-05,2.707698922215710278e-05,2.684780222666611441e-05,2.715598423362748073e-05,2.645741910179399078e-05,2.760828127418808457e-05,2.720670238405295150e-05,2.811258419452484876e-05,2.786533466106188856e-05,2.763422498721140731e-05,2.858010915837359123e-05,2.875087857427801387e-05,2.915978383981257928e-05,2.819625072053352286e-05,2.861674744067072907e-05,2.867925766071816805e-05,2.871277024238697042e-05,2.927109226814604320e-05,2.852343756103842536e-05,2.900175230096178989e-05,2.871873661619546455e-05,2.853485269353524476e-05,2.964241106034481190e-05,2.956332086485476785e-05,2.853270677519809741e-05,3.012940119574784295e-05,2.915264740990369661e-05,3.012078856474524342e-05,3.109751375127660497e-05,3.030338352749815565e-05,2.917242703808375592e-05,2.962681151329712686e-05,3.042893152387850133e-05,3.021927137451148530e-05,3.054786898901644371e-05,3.036039297443454910e-05,3.136493187585737678e-05,3.016668903891408978e-05,3.061953601701314359e-05,2.996585844579693225e-05,3.047996081365454346e-05,3.178859728889676261e-05,3.164633564320778856e-05,3.154831153493747203e-05,3.188877848404347463e-05,3.212907523977632694e-05,3.223321705855002235e-05,3.249646739258524889e-05,3.204875455950219706e-05,3.122180004900406775e-05,3.264911761749590089e-05,3.262969788388454080e-05,3.232838604988535699e-05,3.191148740352082308e-05,3.220578511908632870e-05,3.242837236913228904e-05,3.165798503034271893e-05,3.193926026146670909e-05,3.170020889261162113e-05,3.184426362427088660e-05,3.219421095733431443e-05,3.220678912723057736e-05,3.278123468012756833e-05,3.096091314062519514e-05,3.180918078676405153e-05,3.207171058884449841e-05,3.193742049066723135e-05,3.163389520883031679e-05,3.072495611500156268e-05,3.111217105373792236e-05,3.061476239722949025e-05,3.005882786221867399e-05,3.059331248767183000e-05,3.129997538702175428e-05,2.986309461332611388e-05,3.051211139568311894e-05,3.097698276825034758e-05,2.945713675467643005e-05,2.964106456544326245e-05,2.928154048579734614e-05,2.865114588959822710e-05,2.773117170233602705e-05,2.799205716710171277e-05,2.679955266001659913e-05,2.540755579295180520e-05
2.060859782504462887e-05,2.139439468877907453e-05,2.187711614114411010e-05,2.337840946925063960e-05,2.277909231137184058e-05,2.233469965555081444e-05,2.179647400619213541e-05,2.210198249491536449e-05,2.174981734793148810e-05,2.161036859644365534e-05,2.173354812670704109e-05,2.321350676237576873e-05,2.238097579696437535e-05,2.270554740995772580e-05,2.317462989632863103e-05,2.229315978333043833e-05,2.134001414563843561e-05,2.209114425068787411e-05,2.302104536615651891e-05,2.295211493429506243e-05,2.230728988776811586e-05,2.333518569033415807e-05,2.427415906459491548e-05,2.355196163199877067e-05,2.290347808451345261e-05,2.284520310294785683e-05,2.341502270009405458e-05,2.352386988599159957e-05,2.406316642742706272e-05,2.392713807254936528e-05,2.370570927948340359e-05,2.413966329859057333e-05,2.404360949271423320e-05,2.422990530027480634e-05,2.293312738815838722e-05,2.473301701025757749e-05,2.466328125679584889e-05,2.473451361687963900e-05,2.437499965370705217e-05,2.330565310289275222e-05,2.400765904662507602e-05,2.352229522287250482e-05,2.315095038131316442e-05,2.206325462576055871e-05,2.212938665833048000e-05,2.083274250183763209e-05,2.172388897011956810e-05,2.229245011974334385e-05,2.337107367220051212e-05,2.362664441964639918e-05,2.455212699729013032e-05,2.494169547181181393e-05,2.537216840553112480e-05,2.588238760311715458e-05,2.611064979902578734e-05,2.810334323496713614e-05,2.696129193855050437e-05,2.651495461800150322e-05,2.700907092233238385e-05,2.642941000935205903e-05,2.741688780938921689e-05,2.704891607569348482e-05,2.801979213548157525e-05,2.790341521767403577e-05,2.776867117216670860e-05,2.878158389001091367e-05,2.854217219831417662e-05,2.922601913362668415e-05,2.845630386843835970e-05,2.872577405690955268e-05,2.868319040771049263e-05,2.878571537628368598e-05,2.938054356150082613e-05,2.921385784401081906e-05,2.910760772409078527e-05,2.918625955196943672e-05,2.867940390827582146e-05,3.024581183167429963e-05,2.961661311449968363e-05,2.881745581785427501e-05,3.034903016919532828e-05,2.949656084236111877e-05,3.127887769520171555e-05,3.146251924935921962e-05,3.075114661646321005e-05,2.964740571407045226e-05,3.032745575635428992e-05,3.128963491652286523e-05,3.092431490057335401e-05,3.105879351524401169e-05,3.106580687287013523e-05,3.251278083469077946e-05,3.055328021724725728e-05,3.101803187532600758e-05,3.042369643779332966e-05,3.103710178510077545e-05,3.300752237155191594e-05,3.324997237835689701e-05,3.267660812862151264e-05,3.294581911381603146e-05,3.320627549747337239e-05,3.377981500324643918e-05,3.321890537079976038e-05,3.318096395233032859e-05,3.210013469900324087e-05,3.361847326179895405e-05,3.378855065137906352e-05,3.357403301642255026e-05,3.333223138346208525e-05,3.311701960375802413e-05,3.333279727619080547e-05,3.243750189477192586e-05,3.262349936614668906e-05,3.236412222661359301e-05,3.286227661784456788e-05,3.220678912723057736e-05,3.527866005128355096e-05,3.447463230141211836e-05,3.279958233054638901e-05,3.330424445676632414e-05,3.343865498431004867e-05,3.336761755701885636e-05,3.267011946927263384e-05,3.135856440829036160e-05,3.174679758069557072e-05,3.148492701960737742e-05,3.089583074409188657e-05,3.083036679156946953e-05,3.178622871570211571e-05,2.999303136867619327e-05,3.148756194409248064e-05,3.138098851094417571e-05,2.929127880435144669e-05,2.941495256835865440e-05,2.942074531148174062e-05,2.929828911529711876e-05,2.794775559604342798e-05,2.799468964681822255e-05,2.714886843317474243e-05,2.545546986847037774e-05
2.137939002156273474e-05,2.221441527051498416e-05,2.254886449015183907e-05,2.405159711276334179e-05,2.375350770697160554e-05,2.325642496098263162e-05,2.282460294132945299e-05,2.314098663970752106e-05,2.257751021526558266e-05,2.298668469860152706e-05,2.267823001601288805e-05,2.397277569386323083e-05,2.323069034143327238e-05,2.366841706638911266e-05,2.401712416711493484e-05,2.295180474471813364e-05,2.188350896814459458e-05,2.303043154673130755e-05,2.404122044425942029e-05,2.388848578282775400e-05,2.308112090315117006e-05,2.427784608875343262e-05,2.544535846943377102e-05,2.456898124923910534e-05,2.387363976600978159e-05,2.364295661114659757e-05,2.429047072820628842e-05,2.448490850462859450e-05,2.514267231228035202e-05,2.496474908724475515e-05,2.462564287228297406e-05,2.496038435468940066e-05,2.512409173404653220e-05,2.522057308216556017e-05,2.370446621968962645e-05,2.561632497228804226e-05,2.566640310210440109e-05,2.577023708929799503e-05,2.519013777188279079e-05,2.437983468262210689e-05,2.484323287663247002e-05,2.431466377731713306e-05,2.408138601933817679e-05,2.280450381742133253e-05,2.284253996155221874e-05,2.139895341856659370e-05,2.243987019502595104e-05,2.309426918109811947e-05,2.422561582293242889e-05,2.456944290386188913e-05,2.531594836419637850e-05,2.587630355273119365e-05,2.638819274774101162e-05,2.689144472916357782e-05,2.696065319557434318e-05,2.883108880737342774e-05,2.763671529623358842e-05,2.741288379798990552e-05,2.793761834374534762e-05,2.738287145170985925e-05,2.830988586898831272e-05,2.782712114933889565e-05,2.911191994560895119e-05,2.868843889483250581e-05,2.839665222710369968e-05,2.955008706106485283e-05,2.929476054052608273e-05,3.010152609272970185e-05,2.929968636632025375e-05,2.942103847009912068e-05,2.957083651051782634e-05,2.961456326161508886e-05,3.013005587531463025e-05,2.983236183026914795e-05,2.972914756206945590e-05,2.974592036149493972e-05,2.936874288096535184e-05,3.091808669263218311e-05,3.035705118872516844e-05,2.941352011932086405e-05,3.112459066316845688e-05,3.017474593651643926e-05,3.182783520446734601e-05,3.241012493391957672e-05,3.153167723989460329e-05,3.032830996119716623e-05,3.082125253198159500e-05,3.178965729329543143e-05,3.160450409239731816e-05,3.151326034192652564e-05,3.171108509157049676e-05,3.306307931017746948e-05,3.121550196634140944e-05,3.151889569732271347e-05,3.089400735392384533e-05,3.175945915171738472e-05,3.361281127204513044e-05,3.384736776951181457e-05,3.325403600167650410e-05,3.357504498689543740e-05,3.367680870822981174e-05,3.422678807359117402e-05,3.382960920467309430e-05,3.380885619669153370e-05,3.247243704622064877e-05,3.430610362139156424e-05,3.433915973767923124e-05,3.407154780311223154e-05,3.378392353708687800e-05,3.375171695381475327e-05,3.391522911271362004e-05,3.298080740108230480e-05,3.327530138110085744e-05,3.275544270385091430e-05,3.341284457503633612e-05,3.278123468012756833e-05,3.447463230141211836e-05,3.589588000583556398e-05,3.322434263495577331e-05,3.401547228492133435e-05,3.357939958190303873e-05,3.398938993794235763e-05,3.308960635851244004e-05,3.201197471344991547e-05,3.246006029357404539e-05,3.176139738491355250e-05,3.134256061537917128e-05,3.148117202732043392e-05,3.253711904962482371e-05,3.081365385786953191e-05,3.211419910779645087e-05,3.199120782603692367e-05,3.024806691880439985e-05,2.997245651032779727e-05,3.008328843603668543e-05,2.959792759099409514e-05,2.858771539437542157e-05,2.853500912261127342e-05,2.774777247516552284e-05,2.591720431752418899e-05
2.048166284834189452e-05,2.122207162167621513e-05,2.150364297595757241e-05,2.282845006815006859e-05,2.251483990150576146e-05,2.179274138218447205e-05,2.182787604306465516e-05,2.184752323079341177e-05,2.135761469801700761e-05,2.155124246715574269e-05,2.131724452460005757e-05,2.277170637340741454e-05,2.196935836870086032e-05,2.247595093994657589e-05,2.274081180082668769e-05,2.157830676266292219e-05,2.105970207356955463e-05,2.186665703580601485e-05,2.265842054322699748e-05,2.263400134074805274e-05,2.194761846676477208e-05,2.312003421597316616e-05,2.388173265552708823e-05,2.315015122025843266e-05,2.271852740375797996e-05,2.248081385737237575e-05,2.296011985202384419e-05,2.332987716269823973e-05,2.373743996272066056e-05,2.351787807188167610e-05,2.333190540617873548e-05,2.358606653267989931e-05,2.371224708871602689e-05,2.400484665655017581e-05,2.257859834140125299e-05,2.429038489840159573e-05,2.420505193249185196e-05,2.450967629864521076e-05,2.387799713855340338e-05,2.305087625305675880e-05,2.364729832506394793e-05,2.321285421643332349e-05,2.286857980647875372e-05,2.183007940457080517e-05,2.196692454201337126e-05,2.052829884529097570e-05,2.136366413837695194e-05,2.194787101664619070e-05,2.305103421458478885e-05,2.331825496175924094e-05,2.392166443667846765e-05,2.445550234411408255e-05,2.498305287270574687e-05,2.539449138941815361e-05,2.544822997620094929e-05,2.744154610688276835e-05,2.621074479384535985e-05,2.593434158918522749e-05,2.635373410583662221e-05,2.573803909007442203e-05,2.686049700153083912e-05,2.632639870549587671e-05,2.741534793902985988e-05,2.712151053090000230e-05,2.688921412680951424e-05,2.789361363614519158e-05,2.789606238334127556e-05,2.844069334546610209e-05,2.784584608174172816e-05,2.779130693885502107e-05,2.787691859363191778e-05,2.803241110346824875e-05,2.860877058040170454e-05,2.816035057728818555e-05,2.828727799058056250e-05,2.818008787599776325e-05,2.780602261636950555e-05,2.918526103471188779e-05,2.874639203634441639e-05,2.803306411496397961e-05,2.944114551306935537e-05,2.867943821121227580e-05,3.029368166885788191e-05,3.043274781621680046e-05,3.004045114321373278e-05,2.871174783523180315e-05,2.941472142608341262e-05,3.019069790454688817e-05,3.003940619080603202e-05,3.003067757351457099e-05,3.004215331835091598e-05,3.118719889247404195e-05,2.957256228233840720e-05,3.011355897496580266e-05,2.935143856723650995e-05,3.004427215782038123e-05,3.175711405260800972e-05,3.188995219107810018e-05,3.145850640770217217e-05,3.182431446947281320e-05,3.194714535531100315e-05,3.240946197203362636e-05,3.192423134592990214e-05,3.203749568932275706e-05,3.093608818733458793e-05,3.255984887100447857e-05,3.257669933986128384e-05,3.219973321611492670e-05,3.193892258533393954e-05,3.196681453554225120e-05,3.204635252739680506e-05,3.123642238574519909e-05,3.160546317701927400e-05,3.109924830850080381e-05,3.147217595579272130e-05,3.096091314062519514e-05,3.279958233054638901e-05,3.322434263495577331e-05,3.258371683277517524e-05,3.219135942102971973e-05,3.182716852471803717e-05,3.230301076534756273e-05,3.147947731479612158e-05,3.025868792724653022e-05,3.083198407316560329e-05,3.026526009478546384e-05,2.980496548516620579e-05,3.002958735813329472e-05,3.090113753616704703e-05,2.916010797799999370e-05,3.045494037877629652e-05,3.065675789680477603e-05,2.898072057453252758e-05,2.856941690561201288e-05,2.876433615898485549e-05,2.852117731933790366e-05,2.712578192507291000e-05,2.740306556777583006e-05,2.654678654045640885e-05,2.492519645801358333e-05
2.170771720064883597e-05,2.249750429210442483e-05,2.252204474453597640e-05,2.423037372094016389e-05,2.354130313462202199e-05,2.320379909426004586e-05,2.294474251595091143e-05,2.320764704958805627e-05,2.277085170624692186e-05,2.197026879602125994e-05,2.269026224227400275e-05,2.377187911867891898e-05,2.330051365558523626e-05,2.362436710901451596e-05,2.401923480525117860e-05,2.277978156279246436e-05,2.191654561500831460e-05,2.316682374850639612e-05,2.392211249973252062e-05,2.382208146479264819e-05,2.307098931235038199e-05,2.416001583024935206e-05,2.520876960198891107e-05,2.448089224802329461e-05,2.394618714083446626e-05,2.354061609247858961e-05,2.419908276657040179e-05,2.435231486409936575e-05,2.484377806252963645e-05,2.463809817099568594e-05,2.437840192656670805e-05,2.494882249467466890e-05,2.493775196562351582e-05,2.509439632421198147e-05,2.355545264732007162e-05,2.548968326264836024e-05,2.519250332006741955e-05,2.564971480224812088e-05,2.500542614665664714e-05,2.413693757883504217e-05,2.473506426225619093e-05,2.409408778360218505e-05,2.395663046727822997e-05,2.265777474059775919e-05,2.282189129417956500e-05,2.144815244411057314e-05,2.220126627742590331e-05,2.305330218511223757e-05,2.404737881559764639e-05,2.438815896230482399e-05,2.475963564269007561e-05,2.558123628165672389e-05,2.597137764711271804e-05,2.655754506052236842e-05,2.663596708225854435e-05,2.833900063561583185e-05,2.718080766974660835e-05,2.684517981876758075e-05,2.739496513018191198e-05,2.676711881774172376e-05,2.785164700029351523e-05,2.741818472592138538e-05,2.827728539973766358e-05,2.805600470746479896e-05,2.784525206042100267e-05,2.874765533465826830e-05,2.883152455326539281e-05,2.948907722200317047e-05,2.849205409271650288e-05,2.894328017354376244e-05,2.906398089056689017e-05,2.894709235288904452e-05,2.966389053844126526e-05,2.899474296124362772e-05,2.934586799877862812e-05,2.914349433740400744e-05,2.882670636480217860e-05,2.999353827615815587e-05,2.970126459108179766e-05,2.895311206792064315e-05,3.050035934803014225e-05,2.965990806896368000e-05,3.094057336395869974e-05,3.163803618425415829e-05,3.103177619104333893e-05,2.959724700151077174e-05,3.010564395598598161e-05,3.110808574737454062e-05,3.075663074111089273e-05,3.095514817345556527e-05,3.092757794443069314e-05,3.219021970753286265e-05,3.053527527574957407e-05,3.093741434128700088e-05,3.035825574637153546e-05,3.092389758857464897e-05,3.245051409229265780e-05,3.257046178994578206e-05,3.222292413477582875e-05,3.266483299783930330e-05,3.270565413120656408e-05,3.325431885338244207e-05,3.304696829285260504e-05,3.291894094303014252e-05,3.180263915888971937e-05,3.340948089074130881e-05,3.338823882577664584e-05,3.294522861793258586e-05,3.269381995642440695e-05,3.270490636450985693e-05,3.311256067151043024e-05,3.234350084828808703e-05,3.255814222036391276e-05,3.213134867795861812e-05,3.256859450718116580e-05,3.180918078676405153e-05,3.330424445676632414e-05,3.401547228492133435e-05,3.219135942102971973e-05,3.410531527276425468e-05,3.277480127835539532e-05,3.305555854682547777e-05,3.249678084694561028e-05,3.150491740860695601e-05,3.195954852465422941e-05,3.125292998714576914e-05,3.084564271229995962e-05,3.095898967467089328e-05,3.198363234390750345e-05,3.086309234177881484e-05,3.179038041873186746e-05,3.183353192250027352e-05,3.019528195877440110e-05,3.001861945187067065e-05,3.004543876112455772e-05,2.942927675748833471e-05,2.838084092862557157e-05,2.839677987482218884e-05,2.754370009781741311e-05,2.570062204938716339e-05
2.291948238850440109e-05,2.397749187612018820e-05,2.379171284593403456e-05,2.567575259563669346e-05,2.496315155271931958e-05,2.469368321238192470e-05,2.418607988754662591e-05,2.471372307415209987e-05,2.420033433191768937e-05,2.312609330535699996e-05,2.409303270218858068e-05,2.533128948477607404e-05,2.489619827457919949e-05,2.487138356851242794e-05,2.547368692757566504e-05,2.431328996268099121e-05,2.379126643256760415e-05,2.453358280081255395e-05,2.553097616778909976e-05,2.519979178119598082e-05,2.452657536570518906e-05,2.560454939178944100e-05,2.656313439076913246e-05,2.586107036298604576e-05,2.515561321380669019e-05,2.484037601010754377e-05,2.539306148995000207e-05,2.580005365720343659e-05,2.616751416556117648e-05,2.592883992325541423e-05,2.581972795721836761e-05,2.628494544415526431e-05,2.623791584372601137e-05,2.638434860830536987e-05,2.483657800043857520e-05,2.651324325725482246e-05,2.640897849876383191e-05,2.689912954766204796e-05,2.644614163964599296e-05,2.519681203765838541e-05,2.590139414297432593e-05,2.522159900681104935e-05,2.522436053926246455e-05,2.387374623638336565e-05,2.381951375188160966e-05,2.232667687630428009e-05,2.311863942827760437e-05,2.390693032342985965e-05,2.500294677348386681e-05,2.531173804654742257e-05,2.588920259392014101e-05,2.675966705753974128e-05,2.694438174044465602e-05,2.757289098887387015e-05,2.771887798371217951e-05,2.951168138025912313e-05,2.836481429621948155e-05,2.812961414420293518e-05,2.848381823581082071e-05,2.775908662850798948e-05,2.896127806790662444e-05,2.838185816878870793e-05,2.950726278271412103e-05,2.927763495084097391e-05,2.887689778205869624e-05,2.995316534085298404e-05,2.984598661509556695e-05,3.054993129724591300e-05,2.955476871069800992e-05,3.003427088557017420e-05,2.996202602338280519e-05,2.984955344213175167e-05,3.065295977889198652e-05,2.968590723694375418e-05,3.014771492250669418e-05,2.995967987168398418e-05,2.969669569267961332e-05,3.077229752908328955e-05,3.087643339378605590e-05,2.991691494817245531e-05,3.124482330427431849e-05,3.044065025559480883e-05,3.166988626125238600e-05,3.236706802152010154e-05,3.171725868929021883e-05,3.037772265329076484e-05,3.073905545097907282e-05,3.173706156995606770e-05,3.147072578665458729e-05,3.187164959252918153e-05,3.163088874394296215e-05,3.261439284001046350e-05,3.125206561280272587e-05,3.187076085545233661e-05,3.132009754679060994e-05,3.161177173986725540e-05,3.315830717188647471e-05,3.282762973010318282e-05,3.265365610185455493e-05,3.305314829463272135e-05,3.300004828118517761e-05,3.360019726269415896e-05,3.380919873793384597e-05,3.337507214590900958e-05,3.252467029299563035e-05,3.388104070212789621e-05,3.375672185944123352e-05,3.316452518363343521e-05,3.293384614251571810e-05,3.319596625321112696e-05,3.352784294741991349e-05,3.276628976099925676e-05,3.322861884274132764e-05,3.266849814232124921e-05,3.284873077950272867e-05,3.207171058884449841e-05,3.343865498431004867e-05,3.357939958190303873e-05,3.182716852471803717e-05,3.277480127835539532e-05,3.451613638806928140e-05,3.320033613631434007e-05,3.283231090996024606e-05,3.195716971117117469e-05,3.241538569344726663e-05,3.196267445431595394e-05,3.151408468836280528e-05,3.199733089147522252e-05,3.279518903209270001e-05,3.104526374726859815e-05,3.199598775077766919e-05,3.243482711341762057e-05,3.085917030668659702e-05,3.092100981430339311e-05,3.069686708771945423e-05,2.984429056271483666e-05,2.898192163144292505e-05,2.889991774506809759e-05,2.861981955568231625e-05,2.630048485186992169e-05
2.150293601986503906e-05,2.218937505335427294e-05,2.221973858820179359e-05,2.394788185175977013e-05,2.336602365005017952e-05,2.323378876839488096e-05,2.265664829059832596e-05,2.328297580209772621e-05,2.252918559874025499e-05,2.195732771052448509e-05,2.264657060621097943e-05,2.375198894498504966e-05,2.304959499747346674e-05,2.330390684212559616e-05,2.380353977988823561e-05,2.291317587441894652e-05,2.195493297085646171e-05,2.289581060776768403e-05,2.380144832197921237e-05,2.367838349961852857e-05,2.278995911183308732e-05,2.399313080299704377e-05,2.507936959879559434e-05,2.454954441626946949e-05,2.363129997568292267e-05,2.325306475732774429e-05,2.378056064119212789e-05,2.432405032261513033e-05,2.470808002923219809e-05,2.461673033993424704e-05,2.448708289507892487e-05,2.480492060397912834e-05,2.463066057557045652e-05,2.485667804391069471e-05,2.339671971423038630e-05,2.518092845695489630e-05,2.529254530346275887e-05,2.559037976238829503e-05,2.500609770201793814e-05,2.402610921462362207e-05,2.456805448661794839e-05,2.402324337794478133e-05,2.393143561922002596e-05,2.264902442022573214e-05,2.276877380846049060e-05,2.110800568682002175e-05,2.224330306572557152e-05,2.300042816470685846e-05,2.386122773171361788e-05,2.428128003153537482e-05,2.474042865878865787e-05,2.552648191480134794e-05,2.593102408250360968e-05,2.641810577255497401e-05,2.677117258013137022e-05,2.845095072353540368e-05,2.726210298394662090e-05,2.714911022304820480e-05,2.736395456624593158e-05,2.678389905775697787e-05,2.785815220692213851e-05,2.758531230425805423e-05,2.868489207480580812e-05,2.824332203051610135e-05,2.783389699870183703e-05,2.882442081545067607e-05,2.895298783120772216e-05,2.966105873688622421e-05,2.878819266834934605e-05,2.881899457866462540e-05,2.918757714732168117e-05,2.913598711171095176e-05,2.957384727117626303e-05,2.904900781055187351e-05,2.936667859467399305e-05,2.931961615548619256e-05,2.904249495887918113e-05,3.020582239952090934e-05,3.003749991837218193e-05,2.918511584321043716e-05,3.036260206471288529e-05,2.976300061532169349e-05,3.114811312413383348e-05,3.185648278320477251e-05,3.125821015186288271e-05,2.992493369684027599e-05,3.026861289209832183e-05,3.096638381214055223e-05,3.090575695531323238e-05,3.098111592149577112e-05,3.092167937977803848e-05,3.231394849044466036e-05,3.068670075502175597e-05,3.125993325591248440e-05,3.056989615389411197e-05,3.107933729522744547e-05,3.265982244066266557e-05,3.285059938638627358e-05,3.257728226023032882e-05,3.288171669724992692e-05,3.305324103570923133e-05,3.348425086366957267e-05,3.318460423716700091e-05,3.290969786660936892e-05,3.189528101667205538e-05,3.357548542022744092e-05,3.356277289208639254e-05,3.300336591184780072e-05,3.297932421370152367e-05,3.299969920812592823e-05,3.329298066111592368e-05,3.255482219178120422e-05,3.285555581527691758e-05,3.227806155896924441e-05,3.283434019549854606e-05,3.193742049066723135e-05,3.336761755701885636e-05,3.398938993794235763e-05,3.230301076534756273e-05,3.305555854682547777e-05,3.320033613631434007e-05,3.482243454470433717e-05,3.287134724861893559e-05,3.142393217475296992e-05,3.245290686240084763e-05,3.148814525288069440e-05,3.112883998898353889e-05,3.127006153513868275e-05,3.231079047065642707e-05,3.106074506794357086e-05,3.171188587999035146e-05,3.250438684375474177e-05,3.032849678584373620e-05,3.056689966866612916e-05,3.062741092069828957e-05,2.975360888875115060e-05,2.868749479308217262e-05,2.887013446921459531e-05,2.831743557433083223e-05,2.600276176002723854e-05
2.226916376800878376e-05,2.320340813317663285e-05,2.304709421958407099e-05,2.496731522255371408e-05,2.426593097094670453e-05,2.385918463215903163e-05,2.343490515603356743e-05,2.373643713981378564e-05,2.324681319460476388e-05,2.255225493507818173e-05,2.353015967774994496e-05,2.440512077195959980e-05,2.391989547454996895e-05,2.410261007014980768e-05,2.468009668691963074e-05,2.339269343796677916e-05,2.295398554431211642e-05,2.367146830018325649e-05,2.459078189319121129e-05,2.436312720553416189e-05,2.349543959279958472e-05,2.485625038460578012e-05,2.566709180343431729e-05,2.501146338037754110e-05,2.418990306839986727e-05,2.391719483109423569e-05,2.468939302928054187e-05,2.493160024983926294e-05,2.539578952240134784e-05,2.504839169660156716e-05,2.490476695732276558e-05,2.542432871810596724e-05,2.536334956929993314e-05,2.555887342489424015e-05,2.398958638702127291e-05,2.568876180333699803e-05,2.559188296415560690e-05,2.597081456537694217e-05,2.543630865245433866e-05,2.444017834611056090e-05,2.506708064555240617e-05,2.463326205557924201e-05,2.435690101764356746e-05,2.311715141027017816e-05,2.308043167890853691e-05,2.161758711672610606e-05,2.236608889049829357e-05,2.321257328769187566e-05,2.422303915602413467e-05,2.466133683986189754e-05,2.496719727035604273e-05,2.593823720692581185e-05,2.621311660254171028e-05,2.676089925585322076e-05,2.678840030870485326e-05,2.871258919099431518e-05,2.762433353959782204e-05,2.725736704959802169e-05,2.772131938275674033e-05,2.700971085413678960e-05,2.823379767132091147e-05,2.771561781916246576e-05,2.853702578544362964e-05,2.837167625677050186e-05,2.796590100167451511e-05,2.914659708755549679e-05,2.925174012891181371e-05,2.980948571545643022e-05,2.857731356582087905e-05,2.934765746114671796e-05,2.928088678928179487e-05,2.913845750423483204e-05,3.005412218733714968e-05,2.880894266184430726e-05,2.958689469053461460e-05,2.938390515691247266e-05,2.900203299942204715e-05,3.009609823918576936e-05,3.007736303631169242e-05,2.937750262566131000e-05,3.062176536875160895e-05,2.982345587901937814e-05,3.044988875134220724e-05,3.170445060935671284e-05,3.124517903050325513e-05,2.966783546407829618e-05,3.016114377795732493e-05,3.097231147922546973e-05,3.079499128128325794e-05,3.113882240230788089e-05,3.088899475759099663e-05,3.187499050813098734e-05,3.068659412001974613e-05,3.114876971844918272e-05,3.082921884486506005e-05,3.104971961354563247e-05,3.231679717670221343e-05,3.199606707592372358e-05,3.181171293669848475e-05,3.241273189444957416e-05,3.277759684500179454e-05,3.291569067891193692e-05,3.323496665527428634e-05,3.283738692440853972e-05,3.185036040877379040e-05,3.319468613979829956e-05,3.305171231621488215e-05,3.288272940458783050e-05,3.235363250836532478e-05,3.285896949805063656e-05,3.284174843822029369e-05,3.221039572134756134e-05,3.282549010133648616e-05,3.223227998581147137e-05,3.240525508564989451e-05,3.163389520883031679e-05,3.267011946927263384e-05,3.308960635851244004e-05,3.147947731479612158e-05,3.249678084694561028e-05,3.283231090996024606e-05,3.287134724861893559e-05,3.359702973798038572e-05,3.159163385576320182e-05,3.243542007992325662e-05,3.154092905608876080e-05,3.130053317128276050e-05,3.162123240111412145e-05,3.258627770115534112e-05,3.123555410256319829e-05,3.199047408462353840e-05,3.220088764978096594e-05,3.065385895570766722e-05,3.113284575345649883e-05,3.058096860259695512e-05,2.970991592741277843e-05,2.914974703443541467e-05,2.897201970311298464e-05,2.825964208483473171e-05,2.644399174787361392e-05
2.212195596459148061e-05,2.319193484027586084e-05,2.278982379688632959e-05,2.491245200115730903e-05,2.399689192184660983e-05,2.381875406256190147e-05,2.349494817601644047e-05,2.370539624113416355e-05,2.335089998277705580e-05,2.190587407594274668e-05,2.354570068396274080e-05,2.416628589784929808e-05,2.388801255662502989e-05,2.406137659236236867e-05,2.449941114880940584e-05,2.316900475392298490e-05,2.309748401107820492e-05,2.376921055597302281e-05,2.459171052463917447e-05,2.438092870365705134e-05,2.358543403501415928e-05,2.467765516062177304e-05,2.557537153232821301e-05,2.494275985181983093e-05,2.431212675278406047e-05,2.372985824502587564e-05,2.471007544916154882e-05,2.476729570431445728e-05,2.515989408702688876e-05,2.485968438298938072e-05,2.469430506123079412e-05,2.543572226216622589e-05,2.527472369072272386e-05,2.540227489972670893e-05,2.382659965542730524e-05,2.544339228756831831e-05,2.527196340333384358e-05,2.590135133558089950e-05,2.531736184998861032e-05,2.412997223078627068e-05,2.491429708288403543e-05,2.444490395772356710e-05,2.436913231301843141e-05,2.297463195329276634e-05,2.301534302878905473e-05,2.151602583310425993e-05,2.219377093693447177e-05,2.313749336590611809e-05,2.420092977930185835e-05,2.448803950565068017e-05,2.474439509133170644e-05,2.569808098284752032e-05,2.597525909083907907e-05,2.647224630856240304e-05,2.641313509829755892e-05,2.811166362791473207e-05,2.713557392862158766e-05,2.691154617799637827e-05,2.720164904981842028e-05,2.650692696623000168e-05,2.775982402575786576e-05,2.717839542627634432e-05,2.803634621951541916e-05,2.791771291837449531e-05,2.740734318843210000e-05,2.851659812744684921e-05,2.857125429863499727e-05,2.926187811875869988e-05,2.801983163929050764e-05,2.855534768943584302e-05,2.863236304234726578e-05,2.848011449833305435e-05,2.927427282794030824e-05,2.817920890864340796e-05,2.883220476226098098e-05,2.871039374785818232e-05,2.834138667191781765e-05,2.913817358512154517e-05,2.950434175636136035e-05,2.853299279493299508e-05,2.971315426660086514e-05,2.899251192751640930e-05,2.979955089124280024e-05,3.078682138540984929e-05,3.011185499483157678e-05,2.881655432763347092e-05,2.909536187260170669e-05,3.010653003622599239e-05,2.992244484905362604e-05,3.020299107737757177e-05,2.995043861245737861e-05,3.106224753455210237e-05,3.000679563744634544e-05,3.021491983469402483e-05,2.990668452609513396e-05,3.009395479732037795e-05,3.137724428387629778e-05,3.097730992764030606e-05,3.086773189451424043e-05,3.155686970629332518e-05,3.142884472240951155e-05,3.178086002702073371e-05,3.194262221901203209e-05,3.174512620580063378e-05,3.087287906526458284e-05,3.214709814271493171e-05,3.187157261776862481e-05,3.166275959225442103e-05,3.129388738046172093e-05,3.156653076545417968e-05,3.187838032672328270e-05,3.137109521522526620e-05,3.163277353228746339e-05,3.113706681934699512e-05,3.141058917899213978e-05,3.072495611500156268e-05,3.135856440829036160e-05,3.201197471344991547e-05,3.025868792724653022e-05,3.150491740860695601e-05,3.195716971117117469e-05,3.142393217475296992e-05,3.159163385576320182e-05,3.230624093396526869e-05,3.136155784821409448e-05,3.056774907666597133e-05,3.023612817804171765e-05,3.077593238298892062e-05,3.153272900664234749e-05,3.060990917016215409e-05,3.082550794983937305e-05,3.143674761374994845e-05,3.017314467082625993e-05,2.997783533390248703e-05,2.948006496705669668e-05,2.879925742854732036e-05,2.835083297029413436e-05,2.834671614045929737e-05,2.738146433011688494e-05,2.566752572084327256e-05
2.220127805434837507e-05,2.314832152616126183e-05,2.274116422682027146e-05,2.458503507818921664e-05,2.411132613183538444e-05,2.372927619956985383e-05,2.330817484112266688e-05,2.366406775481345049e-05,2.321678686615929281e-05,2.235173687152590437e-05,2.334430024613327946e-05,2.420093147514376411e-05,2.386154703471852226e-05,2.392671984949385692e-05,2.463068014599020079e-05,2.306371584271306750e-05,2.238467663446749856e-05,2.348185096445394276e-05,2.482804129930575869e-05,2.430050073602096726e-05,2.349228701367954463e-05,2.489198089533437781e-05,2.576807022322366743e-05,2.501385397097378213e-05,2.405657378092300371e-05,2.379239810510300646e-05,2.477633647261760519e-05,2.525737646589045637e-05,2.542533172117843732e-05,2.495998214471884755e-05,2.480791688785057784e-05,2.557391128445753238e-05,2.531554990059493930e-05,2.542444795728261196e-05,2.391774827992015142e-05,2.552785413121360365e-05,2.541512927698228705e-05,2.609733260114907694e-05,2.548587486809679819e-05,2.433470558801506582e-05,2.506956343184563670e-05,2.461510048282105600e-05,2.438105058556488036e-05,2.286629572567124352e-05,2.302001852648958706e-05,2.159888473545087500e-05,2.241605972241424632e-05,2.310041072537077998e-05,2.430199279162429399e-05,2.464766425564215597e-05,2.474511172308281940e-05,2.580564233922359748e-05,2.613422612452873651e-05,2.679812359205707324e-05,2.672117379817073738e-05,2.855050338931700544e-05,2.739857753359421167e-05,2.722685450451711560e-05,2.753522734902429399e-05,2.683395332801506296e-05,2.824324891826917930e-05,2.749580032987274469e-05,2.829938332052930761e-05,2.816572158037932623e-05,2.773908608411463576e-05,2.873909223899614532e-05,2.887488440169876485e-05,2.958553295353854557e-05,2.820898792684163657e-05,2.907501689455829123e-05,2.916504803985009556e-05,2.910773924024982225e-05,2.960643439549154288e-05,2.829075511209330835e-05,2.921352573012167444e-05,2.905470291636643305e-05,2.869313596617732720e-05,2.950409844330476129e-05,2.997080813885706852e-05,2.898101346441716853e-05,3.022834144131629375e-05,2.938895090896300147e-05,3.028221641928315199e-05,3.134955455095803849e-05,3.095314127656119613e-05,2.923399209893688693e-05,2.960849967128197950e-05,3.041274096162346457e-05,3.036552044200063389e-05,3.073154235633506880e-05,3.061314102364395454e-05,3.138800349753886572e-05,3.031146531158392278e-05,3.080581976197391329e-05,3.034197460202486653e-05,3.057029602470144256e-05,3.157149850937672258e-05,3.132652069066231722e-05,3.109523068714588540e-05,3.172799665552369800e-05,3.203562263646230032e-05,3.245076747357549820e-05,3.257225811111777149e-05,3.228849941464921592e-05,3.155879202488919401e-05,3.270003403909732813e-05,3.257127847098333008e-05,3.219345874699181144e-05,3.184508751080801866e-05,3.233950580094542175e-05,3.246308837039177142e-05,3.170087416420521310e-05,3.234019700107154167e-05,3.179148137257445205e-05,3.167753150984304363e-05,3.111217105373792236e-05,3.174679758069557072e-05,3.246006029357404539e-05,3.083198407316560329e-05,3.195954852465422941e-05,3.241538569344726663e-05,3.245290686240084763e-05,3.243542007992325662e-05,3.136155784821409448e-05,3.383974262400259468e-05,3.092531071578158799e-05,3.125023630265469040e-05,3.145272484638647500e-05,3.270342048859130855e-05,3.147715849220255409e-05,3.182923832514916940e-05,3.236636762267958671e-05,3.112296913098064354e-05,3.110950003866334493e-05,3.092760351320826388e-05,2.960530089203050459e-05,2.915702092838940159e-05,2.903508728140087610e-05,2.852654469372112127e-05,2.652520140760271760e-05
2.196675875003854675e-05,2.290297163769420392e-05,2.267027566153119399e-05,2.431589879595704343e-05,2.378446407592577408e-05,2.340186001664056967e-05,2.316377542158630745e-05,2.340105975741991055e-05,2.300827297893221781e-05,2.156090833971466666e-05,2.283769735775652022e-05,2.404268252109617701e-05,2.360351954954021127e-05,2.372996122172373339e-05,2.417319675697656350e-05,2.307941564393188759e-05,2.259292863402073752e-05,2.333557566462214787e-05,2.415582031121810391e-05,2.397592529266845396e-05,2.330204589383511708e-05,2.445509524247166370e-05,2.523256632216625738e-05,2.469272349734885722e-05,2.402184644030954907e-05,2.364774401851777428e-05,2.429042930043334668e-05,2.446155371249749246e-05,2.487794080491217112e-05,2.454010126777274767e-05,2.446694535540718546e-05,2.510581082767037388e-05,2.487124790160235224e-05,2.506291847093202897e-05,2.363458542370287303e-05,2.525335625475555449e-05,2.507740865461968938e-05,2.558749015976323577e-05,2.499689283699551461e-05,2.395420486531894464e-05,2.462132041696106434e-05,2.415385677765359213e-05,2.403118317070208033e-05,2.283396655131899911e-05,2.286594799411121895e-05,2.118576844003828712e-05,2.191581784495858827e-05,2.311206316331403118e-05,2.393066659481685063e-05,2.414365419127857063e-05,2.443002695282923194e-05,2.549930835592740863e-05,2.565615705344641268e-05,2.627516101931830965e-05,2.620335092774604300e-05,2.791893744296711059e-05,2.690590383833283219e-05,2.662756760748993459e-05,2.708533450469797750e-05,2.631687473717824678e-05,2.749547792397589722e-05,2.694870884055630317e-05,2.788328924344355851e-05,2.773804029387191513e-05,2.735237099932752688e-05,2.815118769986955162e-05,2.841615627214694976e-05,2.920780775891846206e-05,2.780397743584376476e-05,2.841518141248664434e-05,2.845402894665724800e-05,2.836064159951075982e-05,2.910606280261673681e-05,2.804540242616127606e-05,2.871051316486585711e-05,2.848567142956200666e-05,2.819631520233102176e-05,2.897120421448295781e-05,2.920391097036888011e-05,2.857090387299109121e-05,2.960834355544288859e-05,2.881991102814603247e-05,2.948741033821664304e-05,3.060520109644535236e-05,3.003440798455099336e-05,2.875826714693475639e-05,2.903394496928268532e-05,2.971999635538802713e-05,2.970140316826373682e-05,3.010578768821936887e-05,2.991062300620762069e-05,3.064791544230886463e-05,2.980155756288888934e-05,3.022661274104263620e-05,2.978366062098932501e-05,2.993012071264525585e-05,3.095599752254565509e-05,3.080491360607266955e-05,3.082990228351165801e-05,3.110517475303584150e-05,3.132581171362796950e-05,3.165920290601114209e-05,3.195030529032587394e-05,3.163642038525751556e-05,3.071028215266209026e-05,3.201850983315600286e-05,3.199630427493357411e-05,3.162592291933578642e-05,3.111496389743767722e-05,3.136971654946294364e-05,3.157473888335424693e-05,3.124455827415811805e-05,3.182699491753876594e-05,3.114626719952935110e-05,3.136054851194459606e-05,3.061476239722949025e-05,3.148492701960737742e-05,3.176139738491355250e-05,3.026526009478546384e-05,3.125292998714576914e-05,3.196267445431595394e-05,3.148814525288069440e-05,3.154092905608876080e-05,3.056774907666597133e-05,3.092531071578158799e-05,3.155954485462136161e-05,3.039984584802286752e-05,3.081132623940816917e-05,3.179083598578028778e-05,3.058962835644170238e-05,3.086805018894863567e-05,3.131787174580313962e-05,3.028404182684626381e-05,3.014262984306664199e-05,2.977400350508538536e-05,2.922368527570230073e-05,2.846968854538754361e-05,2.838062481836554706e-05,2.774388509679946333e-05,2.615748470307836405e-05
2.240544232397358743e-05,2.307410663571570928e-05,2.277469156159460021e-05,2.474818846064998654e-05,2.392204543280821035e-05,2.358400434082109503e-05,2.335348228483463895e-05,2.371784733577913778e-05,2.332589276001707421e-05,2.075658928481997545e-05,2.304298195967957174e-05,2.401913688680387863e-05,2.377426490544857978e-05,2.389988402410882524e-05,2.438708986690247562e-05,2.311801262206359252e-05,2.296071124023814282e-05,2.383959152204074392e-05,2.442196038459795739e-05,2.406689782533175313e-05,2.353253088792047867e-05,2.461938921546792607e-05,2.523967718933366839e-05,2.463913390067966333e-05,2.423266484997144087e-05,2.362044029997938249e-05,2.450199509601681550e-05,2.466792620116488622e-05,2.504386760277853429e-05,2.459284001063413155e-05,2.456500652002707478e-05,2.513740070970912414e-05,2.499858474881278315e-05,2.522743816158519125e-05,2.375207281208961528e-05,2.534687395398951089e-05,2.506411748708482515e-05,2.557557213350233628e-05,2.502224745676977517e-05,2.393250705879798547e-05,2.458392523802812877e-05,2.433338587959336347e-05,2.401686890099825609e-05,2.264399599482259354e-05,2.262564698193359793e-05,2.143828508445313880e-05,2.175157774007748781e-05,2.275610063135871842e-05,2.381444762638718890e-05,2.414192892305478782e-05,2.433319160141876773e-05,2.533743242820829744e-05,2.555968729294486050e-05,2.610988785848253888e-05,2.612180047212357231e-05,2.769310366521596215e-05,2.663522432236824873e-05,2.642931336897296615e-05,2.698974435889931551e-05,2.614594666314314710e-05,2.733895144430095414e-05,2.675470733538904718e-05,2.754626483784962512e-05,2.759858678488715165e-05,2.711540271118022301e-05,2.820951712801071513e-05,2.827089651484772294e-05,2.881310142894705567e-05,2.759505072289503350e-05,2.820412188916399403e-05,2.835591640863825634e-05,2.815471532973652733e-05,2.883944543027395016e-05,2.764702795759796570e-05,2.859635855354435358e-05,2.811950655902050545e-05,2.791768592641201074e-05,2.853135838196869549e-05,2.897301393286682851e-05,2.846480747865182150e-05,2.941308838773363640e-05,2.839821781929383298e-05,2.913560583469064014e-05,3.029567854777175004e-05,2.987960110804337271e-05,2.843565012237555539e-05,2.862915050295327678e-05,2.937164873585727061e-05,2.953688963799269853e-05,3.000245781248791317e-05,2.947513042986981752e-05,3.048180321740459739e-05,2.936229689929741184e-05,2.960328100667802435e-05,2.936321062832628677e-05,2.944982477746057762e-05,3.048854770170174108e-05,3.028536546183690893e-05,3.010117993912382443e-05,3.063115228073592553e-05,3.094911031352269164e-05,3.118287297585084202e-05,3.174717622935319914e-05,3.122612789586208217e-05,3.033593707915443940e-05,3.181515819468201705e-05,3.140899132475545320e-05,3.133184021205160145e-05,3.084557483687513549e-05,3.127319441168836421e-05,3.114152081305903981e-05,3.086958002664173269e-05,3.132319580533712519e-05,3.073444431920661798e-05,3.058825508856311215e-05,3.005882786221867399e-05,3.089583074409188657e-05,3.134256061537917128e-05,2.980496548516620579e-05,3.084564271229995962e-05,3.151408468836280528e-05,3.112883998898353889e-05,3.130053317128276050e-05,3.023612817804171765e-05,3.125023630265469040e-05,3.039984584802286752e-05,3.138576528933298139e-05,3.071676464254410839e-05,3.191199481214840929e-05,3.046681287217136444e-05,3.093371875729118296e-05,3.141284350184821319e-05,3.014813024408428258e-05,3.068935467732706934e-05,2.978833342668012237e-05,2.909203084842013721e-05,2.853629845889839276e-05,2.853097204285515609e-05,2.780639066263659319e-05,2.593613936006545638e-05
2.283157349296748617e-05,2.369591963194109697e-05,2.330084883240207284e-05,2.529771319055219671e-05,2.454528331741890248e-05,2.399234631840585109e-05,2.396235107148804468e-05,2.427252702079304506e-05,2.382065734861406111e-05,2.160773576671817315e-05,2.351283323003046529e-05,2.459544729525885344e-05,2.449926241832941031e-05,2.439677388287593524e-05,2.496549003473566181e-05,2.334084431015051459e-05,2.357196112920310297e-05,2.425619868512912948e-05,2.491287792251302256e-05,2.441846129408452675e-05,2.420328592294708741e-05,2.511127486375924943e-05,2.591337291982926099e-05,2.521532615404488133e-05,2.467421600975763536e-05,2.428306390733584529e-05,2.491831952663177798e-05,2.530771901313145380e-05,2.563174118036962108e-05,2.518423409330575275e-05,2.510621945312880535e-05,2.572281770896896237e-05,2.549548777923264683e-05,2.582228165503865194e-05,2.429052369003950387e-05,2.581903229899306789e-05,2.547021894780954063e-05,2.622395380686655994e-05,2.568394754603668431e-05,2.461167678391702702e-05,2.526180854765707129e-05,2.483740302882702345e-05,2.466437807528932687e-05,2.342916294295970835e-05,2.346319777441651221e-05,2.197023944387883922e-05,2.223281925311532887e-05,2.334906500025666525e-05,2.443270736738345437e-05,2.483192860088482903e-05,2.485743900312246184e-05,2.598460376490284383e-05,2.609079656877128065e-05,2.678193990803078340e-05,2.655350820678477886e-05,2.823205159547031434e-05,2.734115777049963845e-05,2.706853662838822611e-05,2.760460871656647002e-05,2.663709824093378253e-05,2.798498787578551622e-05,2.734552861389568111e-05,2.817202454749748872e-05,2.807726061137700763e-05,2.760803115785377028e-05,2.861021527160296477e-05,2.895220220532794471e-05,2.947678537565593171e-05,2.804691979118432055e-05,2.887580212287753250e-05,2.891759904427954145e-05,2.891580163153161553e-05,2.961681785233960588e-05,2.802541298239017480e-05,2.905127083362450593e-05,2.864368332094325539e-05,2.863663970509510391e-05,2.913155665326614123e-05,2.976374858698869159e-05,2.889919500102623026e-05,2.994603842045986532e-05,2.899150321596348100e-05,2.959809612986833438e-05,3.080742413693178484e-05,3.044013986190914313e-05,2.895689399709465068e-05,2.928329488561647189e-05,3.004072001684779356e-05,2.995673851974448300e-05,3.046452396775210225e-05,2.994789452825822188e-05,3.085155985479135133e-05,2.995183964051156291e-05,3.021443468372053923e-05,3.010211325979712755e-05,3.011486602555999399e-05,3.079678287118841641e-05,3.042227821467685306e-05,3.056962276912849431e-05,3.105079780259174013e-05,3.123564654322330536e-05,3.148634627411371536e-05,3.212220277200448419e-05,3.176082874900677886e-05,3.101299456089305390e-05,3.219532514264438183e-05,3.161375843996237442e-05,3.156581805721696493e-05,3.108840582241682713e-05,3.152745852373789752e-05,3.159252195251468213e-05,3.104568088327184773e-05,3.176977300786068407e-05,3.125487888618361411e-05,3.121408779065559401e-05,3.059331248767183000e-05,3.083036679156946953e-05,3.148117202732043392e-05,3.002958735813329472e-05,3.095898967467089328e-05,3.199733089147522252e-05,3.127006153513868275e-05,3.162123240111412145e-05,3.077593238298892062e-05,3.145272484638647500e-05,3.081132623940816917e-05,3.071676464254410839e-05,3.251906572993170210e-05,3.238094964716944603e-05,3.142629921385977119e-05,3.125953083988826825e-05,3.196157357439722793e-05,3.092259585726258518e-05,3.127476703647194837e-05,3.044652410673188707e-05,2.975878837874693439e-05,2.913473502889075205e-05,2.870536837644762908e-05,2.874896964793512952e-05,2.663878286784030879e-05
2.326098410269176998e-05,2.419255439075748820e-05,2.377898170076335943e-05,2.566137395832844914e-05,2.511861046739929335e-05,2.455348567188019498e-05,2.430727292103728777e-05,2.475679102087135794e-05,2.439152378894111507e-05,2.171720392854129561e-05,2.390787727919443186e-05,2.518130218383773483e-05,2.492785295888002705e-05,2.499052615612453530e-05,2.560326351015480641e-05,2.408034167181199770e-05,2.413859678506027158e-05,2.502734203291401808e-05,2.561146391070445366e-05,2.525270947047925750e-05,2.460643890809430156e-05,2.597813407120797366e-05,2.655439503282647462e-05,2.597790871403215504e-05,2.553127740856807115e-05,2.477620998514095746e-05,2.580954750059439426e-05,2.586719403578807599e-05,2.628108658241778763e-05,2.569728356898316651e-05,2.579600153745054104e-05,2.651900584920593748e-05,2.622118699798521021e-05,2.667956143566054878e-05,2.513467332160096923e-05,2.664175750104550295e-05,2.624268209194678109e-05,2.697130657017810087e-05,2.630394741435238953e-05,2.518886768424164285e-05,2.593487570368434007e-05,2.551758497056782438e-05,2.540279639437372826e-05,2.400483550407554788e-05,2.400126305437451317e-05,2.260859158941488746e-05,2.298924049939597488e-05,2.406367633773637203e-05,2.521754017724654325e-05,2.555152390742715921e-05,2.564948541491070489e-05,2.686082790631720259e-05,2.715954607169826824e-05,2.756871342093075789e-05,2.759083139636567443e-05,2.927119593772114456e-05,2.828633058269814477e-05,2.803937741463646989e-05,2.840702181282368026e-05,2.771202527281897514e-05,2.891229673791916252e-05,2.818695954731520846e-05,2.931132360279657849e-05,2.906173361154591611e-05,2.840498214549018460e-05,2.958250980486201408e-05,2.989363939188007213e-05,3.050580810179956084e-05,2.908124449518909721e-05,2.988189309133814124e-05,2.980638747821152645e-05,2.984862616736752900e-05,3.061806089834928781e-05,2.895467998844348335e-05,3.030694074602915286e-05,2.976276385917783559e-05,2.943422244709954159e-05,3.008200081310868240e-05,3.069197725786505294e-05,3.006251244827897877e-05,3.098684278688471186e-05,2.995291284978434605e-05,3.038329663413362832e-05,3.199204893613306054e-05,3.137380826420154610e-05,2.974513119100201191e-05,3.039117620098904198e-05,3.061931158020594435e-05,3.092919631615486222e-05,3.157465914304922360e-05,3.101864467270097826e-05,3.196114896269080282e-05,3.092985015502235048e-05,3.117085911526245234e-05,3.114924801478759724e-05,3.108857742161212287e-05,3.186107047606081763e-05,3.145742946562586352e-05,3.144501402723057741e-05,3.183978318736191236e-05,3.232084685708190537e-05,3.246515063969522498e-05,3.325293919079191630e-05,3.269223350984252975e-05,3.188443567283660157e-05,3.319658198975855584e-05,3.277925034065784347e-05,3.267608716065065557e-05,3.191424064514566266e-05,3.256452230991977023e-05,3.268794672036329848e-05,3.213836783125379430e-05,3.284210805810708740e-05,3.189900504035774641e-05,3.215691881982664840e-05,3.129997538702175428e-05,3.178622871570211571e-05,3.253711904962482371e-05,3.090113753616704703e-05,3.198363234390750345e-05,3.279518903209270001e-05,3.231079047065642707e-05,3.258627770115534112e-05,3.153272900664234749e-05,3.270342048859130855e-05,3.179083598578028778e-05,3.191199481214840929e-05,3.238094964716944603e-05,3.500133476667070261e-05,3.232654097592230419e-05,3.246918576012117647e-05,3.296346456477529624e-05,3.213649923796988513e-05,3.220928354340964059e-05,3.187675652237004236e-05,3.095820066821027656e-05,3.056173383680487474e-05,3.012497514382700964e-05,2.973194362998927908e-05,2.780763736515455754e-05
2.203227481792502729e-05,2.292892921603977081e-05,2.221532269438648090e-05,2.437619445605756084e-05,2.337760817224496617e-05,2.309274753166610982e-05,2.276852457030499599e-05,2.326126276467824086e-05,2.300966220528379851e-05,2.030912529882533636e-05,2.252390949058232747e-05,2.335103211282265210e-05,2.356848883378440015e-05,2.326335438613199932e-05,2.373422393020030709e-05,2.235352099875543023e-05,2.230737598419065546e-05,2.327448198409439459e-05,2.396456937779628746e-05,2.363597048285756561e-05,2.298654744393620805e-05,2.381330978800956624e-05,2.463170434681307062e-05,2.431734155430890175e-05,2.364565491200484710e-05,2.318793169275584363e-05,2.397589201604553491e-05,2.424230558022146892e-05,2.448607733882161161e-05,2.400458241641043093e-05,2.397926593718550668e-05,2.489827778266841339e-05,2.435065373144218808e-05,2.464061133654520342e-05,2.319914376933700413e-05,2.460695224288746207e-05,2.438400284532552648e-05,2.517935677970225202e-05,2.437993519896706612e-05,2.366953730139877021e-05,2.392981330828368360e-05,2.363344337956862389e-05,2.363258431961718387e-05,2.221125321682679391e-05,2.237578883191137692e-05,2.098299370135017487e-05,2.119997071103456535e-05,2.253069334837270649e-05,2.350202493152411980e-05,2.363405960818765636e-05,2.353339610363839414e-05,2.488355701231493658e-05,2.501152776190733191e-05,2.557132823432459404e-05,2.546696144412593916e-05,2.687104877068385584e-05,2.614684983522679111e-05,2.588925763944935839e-05,2.618232409843725703e-05,2.543945562880128438e-05,2.693218134773047150e-05,2.625815032843789807e-05,2.691736573391115343e-05,2.674870271779461413e-05,2.627407339256418469e-05,2.713230078622186114e-05,2.763095779743958758e-05,2.821415837091061164e-05,2.671279893271153670e-05,2.769973213217302615e-05,2.791020579190156109e-05,2.778364782346688604e-05,2.849074843267357347e-05,2.663811728919648401e-05,2.797951062522054054e-05,2.767095539039407363e-05,2.739246116828759358e-05,2.797342261444014182e-05,2.874370011909129817e-05,2.784028942574159698e-05,2.866193768901578848e-05,2.800602918744975176e-05,2.793490325406692337e-05,2.980438616154008316e-05,2.921550602339933070e-05,2.805065450782232673e-05,2.795075926366629416e-05,2.844780422610877391e-05,2.854353592467774817e-05,2.918493244813506602e-05,2.914298145185353399e-05,2.956715433393029951e-05,2.883401565824782938e-05,2.906914340299729380e-05,2.883055688273016592e-05,2.896345734627587168e-05,2.958115566180924489e-05,2.928993519412942251e-05,2.937492359026395070e-05,2.979746053977187217e-05,3.013787365596610687e-05,3.050369356022707111e-05,3.094336485359898479e-05,3.061629380752359800e-05,2.997725034109544311e-05,3.101111987682201579e-05,3.070581838783197428e-05,3.062303636254470413e-05,3.008369602273194555e-05,3.066522560861145578e-05,3.084354093002448984e-05,3.063955323445223690e-05,3.113852817022410164e-05,3.062172831151334953e-05,3.079958105809609627e-05,2.986309461332611388e-05,2.999303136867619327e-05,3.081365385786953191e-05,2.916010797799999370e-05,3.086309234177881484e-05,3.104526374726859815e-05,3.106074506794357086e-05,3.123555410256319829e-05,3.060990917016215409e-05,3.147715849220255409e-05,3.058962835644170238e-05,3.046681287217136444e-05,3.142629921385977119e-05,3.232654097592230419e-05,3.358792332007473689e-05,3.144994943364370042e-05,3.185791937212480005e-05,3.161852253803625214e-05,3.154442670983107242e-05,3.101532605984631884e-05,3.016500221524515517e-05,2.956596521274330099e-05,2.945196006903796161e-05,2.915373833335757760e-05,2.748891739748874377e-05
2.124212120862531121e-05,2.205038833349785946e-05,2.202365404227997963e-05,2.390716527852934057e-05,2.320919092945879803e-05,2.274873019181144435e-05,2.247402406475905453e-05,2.283806134623283591e-05,2.251849597338327071e-05,2.082101521492347399e-05,2.240811854902465805e-05,2.338519339843180822e-05,2.308228558395402757e-05,2.300884988102063863e-05,2.365428589392856433e-05,2.236644286519109213e-05,2.218627861155788396e-05,2.283181612079077525e-05,2.360334560591171828e-05,2.332112791050778018e-05,2.262734698801273679e-05,2.384275184012094913e-05,2.474135646237311697e-05,2.399008060727486529e-05,2.345383528254533728e-05,2.296747351776573078e-05,2.391611485200478458e-05,2.411272906764868246e-05,2.443770163143199731e-05,2.398279116898055784e-05,2.386559939390956987e-05,2.465255515171009453e-05,2.414282407177871813e-05,2.456967307918244483e-05,2.321857197958027689e-05,2.469731329857656983e-05,2.452549731775502100e-05,2.513772515245296746e-05,2.446766078295812026e-05,2.343166452311599756e-05,2.409665165835562150e-05,2.367021217293495123e-05,2.344757724429704070e-05,2.214420936845686732e-05,2.211799293640555390e-05,2.079120780023624809e-05,2.122323370134960660e-05,2.238023539549785569e-05,2.351051594613362249e-05,2.363146191194236167e-05,2.394140573008321447e-05,2.488642293457575015e-05,2.517467005319061569e-05,2.573448560675004379e-05,2.563805429104046499e-05,2.737328104833293223e-05,2.657738092846044639e-05,2.616999617645842762e-05,2.658541567943543957e-05,2.607250405833425692e-05,2.705503745813485472e-05,2.644073092811597694e-05,2.746117579247896921e-05,2.733255629739948108e-05,2.680037591332621130e-05,2.776747600377747120e-05,2.799750986129854958e-05,2.850685410765919602e-05,2.756026717048346049e-05,2.815326758091032326e-05,2.823315851824170745e-05,2.804538869936610014e-05,2.874044133645559378e-05,2.765133431007653960e-05,2.833876381835556864e-05,2.807436925373687657e-05,2.784117100085137757e-05,2.875235500745924956e-05,2.886621272060888312e-05,2.835613877707667408e-05,2.940489281194332848e-05,2.842663193964137144e-05,2.903273589817622380e-05,3.040210744457958500e-05,2.994915441220769134e-05,2.840943256606186647e-05,2.894039137836282126e-05,2.948526794114772346e-05,2.938723817868927035e-05,2.997716464270785120e-05,2.982702054577708616e-05,3.070516698240881477e-05,2.931739496177260810e-05,2.973385553195119236e-05,2.937108977284087804e-05,2.974595788784976941e-05,3.064444729854955189e-05,3.067659092035172918e-05,3.046467239674432016e-05,3.094559915931442354e-05,3.119223731001850104e-05,3.152998224391593288e-05,3.182030008460269186e-05,3.162616053856792491e-05,3.054112602983644672e-05,3.219360549660531685e-05,3.200056004715393500e-05,3.184296380250833377e-05,3.102798383541548573e-05,3.155760752661288893e-05,3.189877242575494827e-05,3.120225844712739795e-05,3.165573571761678723e-05,3.102750463105074510e-05,3.135535602892279480e-05,3.051211139568311894e-05,3.148756194409248064e-05,3.211419910779645087e-05,3.045494037877629652e-05,3.179038041873186746e-05,3.199598775077766919e-05,3.171188587999035146e-05,3.199047408462353840e-05,3.082550794983937305e-05,3.182923832514916940e-05,3.086805018894863567e-05,3.093371875729118296e-05,3.125953083988826825e-05,3.246918576012117647e-05,3.144994943364370042e-05,3.303504403145638286e-05,3.236088968312330385e-05,3.085315833296714360e-05,3.120815043443226212e-05,3.077252243276207277e-05,3.005818249813197227e-05,2.933465103945302421e-05,2.889375282874834833e-05,2.861435489328153147e-05,2.702152614326686794e-05
2.334001053046617477e-05,2.393716475478092537e-05,2.347684992259102982e-05,2.534094932116838888e-05,2.485426143860011467e-05,2.464701054629155850e-05,2.423664121748772673e-05,2.479418306919124905e-05,2.422091159717119476e-05,2.261569456292867561e-05,2.461168398294916553e-05,2.494210072229715387e-05,2.457745382039597132e-05,2.465393389486551256e-05,2.523490168248811752e-05,2.425364291210649998e-05,2.371835839900137660e-05,2.488906473778796060e-05,2.546037963356136973e-05,2.519490778675122594e-05,2.422005549621801518e-05,2.569622857790994583e-05,2.672818575221038535e-05,2.589490678303842710e-05,2.523178846929814540e-05,2.457707064160850110e-05,2.560298499912532427e-05,2.591739069864997598e-05,2.598179468846643076e-05,2.545264743355465375e-05,2.575461628808172225e-05,2.645495838463703971e-05,2.579993246805801723e-05,2.643436014623013437e-05,2.465327254735638019e-05,2.648373161122608645e-05,2.618640506020762456e-05,2.706417918698960097e-05,2.629746479553165514e-05,2.499717482644061477e-05,2.590758825409875037e-05,2.522386055450928351e-05,2.530054030863290254e-05,2.389018249081904634e-05,2.375094135044745295e-05,2.230797189066550617e-05,2.293907500184615261e-05,2.411903420379403018e-05,2.514011367152783812e-05,2.529313299442051307e-05,2.520722314686923933e-05,2.654425340568326630e-05,2.682768622888962625e-05,2.747211002673927987e-05,2.758673674325209189e-05,2.900425326194739961e-05,2.794648771801731899e-05,2.761031806283324773e-05,2.812687654665970680e-05,2.736858088684179777e-05,2.853375438582468854e-05,2.807256736753080024e-05,2.896754346556438278e-05,2.857350745219604962e-05,2.821070971000934089e-05,2.902730199960505008e-05,2.957450698627776673e-05,3.017727517685233924e-05,2.883733557546688795e-05,2.931089880038927084e-05,2.966909169112139070e-05,2.945574845946664021e-05,2.977454169732909610e-05,2.861014767130573455e-05,2.976198486378657816e-05,2.934341353872333555e-05,2.924349309414225005e-05,2.973655879856177244e-05,3.044267799296009801e-05,2.951547979897300742e-05,3.062550235266625934e-05,2.973634913119614640e-05,3.011214014570678580e-05,3.183949297400363035e-05,3.118172396576709461e-05,2.956196998893483301e-05,2.985976412046083107e-05,3.034053311056822392e-05,3.056532727283049555e-05,3.093711133724775603e-05,3.055115187276764366e-05,3.136844389819818963e-05,3.059582560354570777e-05,3.068818179073833465e-05,3.032373372964662807e-05,3.063985516699287224e-05,3.155549124715312980e-05,3.115625164492782771e-05,3.105683007999000285e-05,3.193932000089167735e-05,3.177713975010390193e-05,3.237882871219689522e-05,3.284372244683438823e-05,3.228539575045074787e-05,3.127803014215731908e-05,3.288051826940355932e-05,3.224886559373104419e-05,3.191448410354477390e-05,3.175495629513286518e-05,3.220962705043146543e-05,3.262336763750066539e-05,3.203682604579304304e-05,3.228433549689726308e-05,3.156057693882385965e-05,3.175926320523269985e-05,3.097698276825034758e-05,3.138098851094417571e-05,3.199120782603692367e-05,3.065675789680477603e-05,3.183353192250027352e-05,3.243482711341762057e-05,3.250438684375474177e-05,3.220088764978096594e-05,3.143674761374994845e-05,3.236636762267958671e-05,3.131787174580313962e-05,3.141284350184821319e-05,3.196157357439722793e-05,3.296346456477529624e-05,3.185791937212480005e-05,3.236088968312330385e-05,3.543633095915826306e-05,3.166719342175878691e-05,3.190533584894243398e-05,3.205706798298066276e-05,3.049647290441625329e-05,3.006864014014812479e-05,2.973364448894747140e-05,2.932461391999717778e-05,2.730311625089429636e-05
2.251224643523599798e-05,2.326145884877290463e-05,2.288810333503830220e-05,2.480597606740959281e-05,2.420290021610675316e-05,2.361672727723814684e-05,2.354323788391079298e-05,2.370862352022407333e-05,2.337843318809312891e-05,2.127588723135573503e-05,2.287159472660754226e-05,2.412644520825006999e-05,2.410070660585350306e-05,2.403595131170505246e-05,2.428492392633142447e-05,2.344870238158713329e-05,2.293510290907491443e-05,2.370238188513387832e-05,2.464665217314615289e-05,2.437237953387970976e-05,2.387882222523849782e-05,2.480861096524842525e-05,2.559844358390556018e-05,2.485771617771191484e-05,2.439230369014860330e-05,2.384877473042740676e-05,2.473874624821804157e-05,2.512291079296177608e-05,2.515176436268586757e-05,2.471339652345680887e-05,2.462380223355979602e-05,2.548566314553611789e-05,2.508653285850748438e-05,2.541651260911499826e-05,2.393156493958954308e-05,2.537874960830533946e-05,2.484682352462095568e-05,2.601292725814609454e-05,2.505779930223644950e-05,2.413788776234924527e-05,2.490199939981912471e-05,2.427609707802980132e-05,2.435605689043921342e-05,2.291450055473508298e-05,2.306213096763894577e-05,2.173711831125473652e-05,2.191189337586969490e-05,2.323352552975856136e-05,2.421458251015559538e-05,2.445880200297315593e-05,2.430477312724951328e-05,2.556794829636228393e-05,2.565620144565160227e-05,2.633667205727221897e-05,2.603769851852341690e-05,2.748525508988394761e-05,2.681435359453914779e-05,2.655655141222634279e-05,2.689348359604563251e-05,2.617025973280339552e-05,2.748108767620641003e-05,2.688508922237119479e-05,2.749934132202412016e-05,2.740312986985399480e-05,2.701803627396574556e-05,2.768927380407664590e-05,2.818773780189529236e-05,2.897786561300019702e-05,2.741235075487277956e-05,2.806215289165819279e-05,2.846867189594730563e-05,2.820059914891410072e-05,2.881154478756858540e-05,2.705306797335743857e-05,2.853843520837970712e-05,2.806957307760041782e-05,2.793779236505682123e-05,2.812654998169417052e-05,2.896107754574313479e-05,2.840622987293438996e-05,2.903687386097168679e-05,2.829007439194444973e-05,2.850372145260986694e-05,2.997246689475571024e-05,2.957133360481932526e-05,2.811962900504299048e-05,2.832097813578757925e-05,2.878399939667694531e-05,2.882849889729970558e-05,2.953677949094631768e-05,2.906069788889960683e-05,2.982525553109688899e-05,2.905366281018575915e-05,2.946066953784710641e-05,2.912113635356964469e-05,2.893448062780344700e-05,2.982403687316196843e-05,2.909996962603994840e-05,2.959591091977638717e-05,3.005222197197062289e-05,2.997138933478695581e-05,3.031428611809131127e-05,3.133346291222150766e-05,3.045271357647377428e-05,3.004783148271308079e-05,3.103433863366427645e-05,3.065382922440931134e-05,3.043742699066169708e-05,2.986484261533056480e-05,3.038774080202434375e-05,3.060318449223379844e-05,3.018481444433038490e-05,3.103953581558918922e-05,3.008464208419039745e-05,3.011324054053170126e-05,2.945713675467643005e-05,2.929127880435144669e-05,3.024806691880439985e-05,2.898072057453252758e-05,3.019528195877440110e-05,3.085917030668659702e-05,3.032849678584373620e-05,3.065385895570766722e-05,3.017314467082625993e-05,3.112296913098064354e-05,3.028404182684626381e-05,3.014813024408428258e-05,3.092259585726258518e-05,3.213649923796988513e-05,3.161852253803625214e-05,3.085315833296714360e-05,3.166719342175878691e-05,3.306656484830131575e-05,3.099824946127282985e-05,3.066057445481814052e-05,2.986130487869469237e-05,2.898680956526814850e-05,2.899306876572814293e-05,2.860798726835615737e-05,2.671569025815660273e-05
2.308153524581466851e-05,2.337171516710923914e-05,2.277975567134734176e-05,2.511144661715123503e-05,2.405548435518189398e-05,2.370753655009119013e-05,2.367473671272671263e-05,2.406626803058089408e-05,2.372633096413645048e-05,1.999608016815712284e-05,2.355225006377777744e-05,2.403208697216720983e-05,2.409516172051317002e-05,2.393298963781328103e-05,2.447882148423558417e-05,2.277012629650698521e-05,2.328661464946636453e-05,2.411538446670567982e-05,2.459250919614926279e-05,2.393891308066881346e-05,2.355986218404889623e-05,2.471096703619521620e-05,2.520299579699755444e-05,2.495373822554788093e-05,2.426842821319239186e-05,2.357651905811137871e-05,2.467812089325552990e-05,2.481320836313668891e-05,2.511172744781743147e-05,2.457055194363704217e-05,2.459436611932256452e-05,2.543466789898649776e-05,2.507559364592727643e-05,2.533099605772225717e-05,2.378378942285597507e-05,2.504279631218656529e-05,2.480752237315658317e-05,2.567204095714197568e-05,2.493325717193931927e-05,2.404492267631313246e-05,2.440509486446769890e-05,2.418699594057112799e-05,2.402544831872634824e-05,2.265522866073722502e-05,2.258371907141092926e-05,2.142183027945835226e-05,2.165849789182008322e-05,2.300103599402760523e-05,2.363768015072996797e-05,2.416289924223003291e-05,2.391701947125755465e-05,2.522565624337230606e-05,2.515212374719385025e-05,2.570654414064259296e-05,2.573002367628167154e-05,2.712862504579069750e-05,2.634457811543193732e-05,2.618053922295946945e-05,2.632790790210926050e-05,2.571773665911001894e-05,2.694808268162323300e-05,2.641039681349058432e-05,2.706971621869242440e-05,2.701391709742132383e-05,2.623950541571740296e-05,2.728845675312154145e-05,2.789104930958477408e-05,2.820277912143052097e-05,2.667461443983177018e-05,2.785238120888897288e-05,2.798217064291568535e-05,2.753419113090832887e-05,2.828141288358894392e-05,2.657131538806879384e-05,2.798579899669833627e-05,2.750968736138188693e-05,2.731792119259967520e-05,2.774837430078082261e-05,2.858982302375792723e-05,2.796797026056807180e-05,2.877034638327119440e-05,2.775358406090365531e-05,2.787344859478883046e-05,2.949886852778547274e-05,2.912910131377338546e-05,2.777392411285291429e-05,2.775855309863134573e-05,2.852772391363574172e-05,2.845058986662124642e-05,2.947080033544212919e-05,2.859112348499958083e-05,2.929753835714608479e-05,2.866151839538866008e-05,2.890053937985745009e-05,2.874229386553296854e-05,2.863007908697800315e-05,2.901724741792453406e-05,2.875857019101160541e-05,2.902755363517777715e-05,2.960012369152122618e-05,2.988207019142987740e-05,2.993904636088923088e-05,3.096090117164517527e-05,3.018269836554336293e-05,2.965920564342360707e-05,3.090703489393964004e-05,2.997270683897682530e-05,3.028564950479523539e-05,2.970649738415867715e-05,3.043121916005387485e-05,3.054338534853914523e-05,3.030874668647814943e-05,3.097574338924144113e-05,3.033085323111812622e-05,3.009370354590610504e-05,2.964106456544326245e-05,2.941495256835865440e-05,2.997245651032779727e-05,2.856941690561201288e-05,3.001861945187067065e-05,3.092100981430339311e-05,3.056689966866612916e-05,3.113284575345649883e-05,2.997783533390248703e-05,3.110950003866334493e-05,3.014262984306664199e-05,3.068935467732706934e-05,3.127476703647194837e-05,3.220928354340964059e-05,3.154442670983107242e-05,3.120815043443226212e-05,3.190533584894243398e-05,3.099824946127282985e-05,3.372384558167153853e-05,3.093675686266327804e-05,2.986073744260859435e-05,2.956358345216814521e-05,2.913716232136858502e-05,2.902271178491779783e-05,2.681985203329566493e-05
2.135303406074955538e-05,2.203329055215368402e-05,2.162771929580284308e-05,2.359139811900211212e-05,2.283982659187428946e-05,2.251505836536821990e-05,2.232108160004877873e-05,2.269763433269972607e-05,2.218335204365462843e-05,1.996350400995224798e-05,2.227882628783262937e-05,2.289869999355248159e-05,2.281038055813341039e-05,2.288349583180157202e-05,2.302850116917525212e-05,2.176396187508233181e-05,2.190484247128574944e-05,2.271694416111009451e-05,2.337501838270322942e-05,2.318339062989756061e-05,2.230771198002970009e-05,2.333074463665330445e-05,2.397723730103224596e-05,2.409405116489169333e-05,2.313021206301670040e-05,2.259167465649575358e-05,2.359761370385133616e-05,2.383541395486824530e-05,2.384815033641269060e-05,2.346112155228718141e-05,2.357968183122210686e-05,2.434035440541749282e-05,2.369251523314344529e-05,2.444027208626675204e-05,2.267993674384574491e-05,2.424177650945645668e-05,2.395178251093428606e-05,2.466304070992281634e-05,2.406380174471411259e-05,2.294853480172712537e-05,2.363229126980785711e-05,2.320114094826353183e-05,2.325927536377503420e-05,2.195335694000152363e-05,2.188502103298828306e-05,2.066696305857711500e-05,2.091694152784019059e-05,2.217520975836133570e-05,2.296425016169620733e-05,2.307617165950348996e-05,2.323209654063029123e-05,2.467913658940377745e-05,2.451052716730143380e-05,2.505217342224666275e-05,2.526652911372958790e-05,2.664363717653085961e-05,2.561870908582403501e-05,2.563382174542028558e-05,2.578592383332083178e-05,2.535527021686731822e-05,2.652816886865758694e-05,2.572766953846768713e-05,2.674594376969023515e-05,2.651272673192253402e-05,2.586231617202816504e-05,2.678333308920787537e-05,2.716054959406232844e-05,2.792602585372940170e-05,2.670711205144138490e-05,2.714906210989226907e-05,2.748765089900489090e-05,2.717732540961529403e-05,2.774287279076850763e-05,2.615140612237036347e-05,2.745089662651931450e-05,2.732341033237822625e-05,2.692649501885814174e-05,2.743721927482633559e-05,2.808923598776826198e-05,2.747090841203357668e-05,2.817503660061117007e-05,2.761297079723115994e-05,2.787791587970889716e-05,2.941882087139793299e-05,2.891017803512025563e-05,2.731743966236809643e-05,2.759997568785407901e-05,2.796232749192183338e-05,2.816193788937178076e-05,2.886737561839179447e-05,2.821042685158128168e-05,2.928458859591761724e-05,2.849271549063359932e-05,2.870944237690112820e-05,2.829888997834174061e-05,2.850718186775048047e-05,2.914503945068837204e-05,2.873435877177790083e-05,2.894735536130462798e-05,2.948325476925577006e-05,2.962224692488611534e-05,3.013994423120996516e-05,3.050870986920301763e-05,2.989506589840150975e-05,2.953732864289286295e-05,3.054279008411084025e-05,3.028917621654556095e-05,3.001380747451170902e-05,2.945515378896211353e-05,3.003715337355655857e-05,3.035012417753160899e-05,2.994746301272457238e-05,3.083498614292880751e-05,2.974716693452980311e-05,2.991272847082163304e-05,2.928154048579734614e-05,2.942074531148174062e-05,3.008328843603668543e-05,2.876433615898485549e-05,3.004543876112455772e-05,3.069686708771945423e-05,3.062741092069828957e-05,3.058096860259695512e-05,2.948006496705669668e-05,3.092760351320826388e-05,2.977400350508538536e-05,2.978833342668012237e-05,3.044652410673188707e-05,3.187675652237004236e-05,3.101532605984631884e-05,3.077252243276207277e-05,3.205706798298066276e-05,3.066057445481814052e-05,3.093675686266327804e-05,3.274065835303810272e-05,2.976192813093344195e-05,2.894996456152402995e-05,2.870211339001464657e-05,2.836797023827331376e-05,2.692655505048479765e-05
2.095344459720968882e-05,2.147339921057491555e-05,2.112050048595579411e-05,2.300556488153895562e-05,2.235671083091189394e-05,2.174028892917759232e-05,2.159808016922484437e-05,2.189818499407642633e-05,2.150582884660376235e-05,1.966664974796514579e-05,2.121701659825121956e-05,2.229360609977472057e-05,2.214058511909258340e-05,2.204296319706049840e-05,2.242891477966516738e-05,2.144286332848402860e-05,2.102112017002225611e-05,2.213588196203604094e-05,2.248273109534600507e-05,2.237580291137826818e-05,2.177582348999501969e-05,2.284587602712065524e-05,2.344462042215634590e-05,2.285482016331218214e-05,2.264526737758477162e-05,2.204538448036335544e-05,2.293140376781598004e-05,2.300040894130592816e-05,2.331369576827123602e-05,2.285436841027652709e-05,2.281854413092320146e-05,2.357010000483253967e-05,2.302451983673019229e-05,2.360665118316315476e-05,2.227698851175634521e-05,2.370219210312587808e-05,2.336991177480520583e-05,2.387231401422855101e-05,2.323855398914911720e-05,2.242429280005557457e-05,2.300940733783030841e-05,2.259849962564925620e-05,2.255185918573109074e-05,2.136978385611765355e-05,2.132746214999244326e-05,2.017245784219003581e-05,2.024481721476969258e-05,2.146682517436478583e-05,2.244091971696775091e-05,2.259561651055511414e-05,2.270918122712023036e-05,2.387926239369027136e-05,2.389957885530317417e-05,2.427199683221454944e-05,2.437087518622795465e-05,2.587509644330589890e-05,2.503155547730307552e-05,2.467086896347812442e-05,2.504755924822607997e-05,2.439972281353266513e-05,2.563555376422622410e-05,2.509610175694716258e-05,2.579025874383290715e-05,2.575679672114585642e-05,2.529478222137781167e-05,2.613760496201963110e-05,2.641042019921337577e-05,2.701582654019527656e-05,2.597357049024945217e-05,2.645619384105547310e-05,2.656397853872609864e-05,2.639620186215682474e-05,2.707152388560494675e-05,2.571498742404793400e-05,2.679603201937646461e-05,2.641041586944548796e-05,2.600094491710493101e-05,2.678719425875250584e-05,2.729917393976390925e-05,2.682613934418236207e-05,2.736179880802410596e-05,2.670612832172723170e-05,2.702081424531719650e-05,2.828266981058782120e-05,2.792232237339474111e-05,2.681335278146554829e-05,2.692566512583439436e-05,2.735125774683474590e-05,2.737030511605061684e-05,2.808006572299860256e-05,2.768738047635635452e-05,2.862025670356805034e-05,2.753028874447768456e-05,2.771357001833556942e-05,2.756842883478396834e-05,2.755343876167297849e-05,2.847534962249890128e-05,2.817683518471798059e-05,2.850856515440510506e-05,2.858697079315026141e-05,2.910390762546352793e-05,2.933845103225713529e-05,2.983448945356491353e-05,2.949434808790175327e-05,2.867121244536079301e-05,3.017031910000117742e-05,2.981281576804626225e-05,2.942966853768958917e-05,2.891998008845395276e-05,2.949187527321539291e-05,2.927088735580743708e-05,2.912211915747865002e-05,2.983054347654898899e-05,2.909705659176669974e-05,2.941124802337688474e-05,2.865114588959822710e-05,2.929828911529711876e-05,2.959792759099409514e-05,2.852117731933790366e-05,2.942927675748833471e-05,2.984429056271483666e-05,2.975360888875115060e-05,2.970991592741277843e-05,2.879925742854732036e-05,2.960530089203050459e-05,2.922368527570230073e-05,2.909203084842013721e-05,2.975878837874693439e-05,3.095820066821027656e-05,3.016500221524515517e-05,3.005818249813197227e-05,3.049647290441625329e-05,2.986130487869469237e-05,2.986073744260859435e-05,2.976192813093344195e-05,3.042625269902818927e-05,2.826916058567477606e-05,2.810470034244493646e-05,2.744552821275881310e-05,2.625807753420972306e-05
2.087322507640266021e-05,2.150539100931578475e-05,2.089744765017667908e-05,2.289425781138246997e-05,2.220296036663983882e-05,2.159980497324535961e-05,2.157029216457846836e-05,2.183368139352770789e-05,2.146966507409717138e-05,1.910488672855485990e-05,2.133059400799647447e-05,2.215334768791030887e-05,2.220731273258683881e-05,2.190265796474973590e-05,2.243439415991025927e-05,2.125129216169382160e-05,2.142012168037996626e-05,2.187015071020128592e-05,2.252487989211700533e-05,2.246413428160322885e-05,2.176063520201124783e-05,2.294531389014240543e-05,2.332685245092591829e-05,2.287680591646848793e-05,2.247672742891512111e-05,2.188187550865645071e-05,2.292763912970227294e-05,2.303019343211389465e-05,2.327637452003762810e-05,2.286019206402923630e-05,2.270087532484966092e-05,2.361073129919634233e-05,2.311872481205134888e-05,2.364325227265404405e-05,2.225168186095135244e-05,2.359840778705713286e-05,2.314003799685963482e-05,2.386662110293759348e-05,2.348337384148289496e-05,2.248636821029503943e-05,2.294402910280739599e-05,2.260788858832402451e-05,2.259105334815512156e-05,2.137901159451454977e-05,2.120823206583950053e-05,2.010524841632679345e-05,2.024419932567149221e-05,2.144752905437325756e-05,2.244022342941875706e-05,2.269505541877411828e-05,2.257030350665523540e-05,2.387303609596496548e-05,2.378519376062813417e-05,2.430270627796496117e-05,2.433652358045105123e-05,2.567676323634264643e-05,2.490419413910821900e-05,2.480642049269850784e-05,2.496425969912638031e-05,2.449850021349415222e-05,2.544766453018952127e-05,2.495776570941335055e-05,2.568856813608755147e-05,2.561099451721276748e-05,2.495703587316046201e-05,2.606896556124798975e-05,2.638757948748087862e-05,2.688466388580293518e-05,2.552385623196607226e-05,2.617294230801388150e-05,2.658610389251429428e-05,2.623760254798363837e-05,2.688702734533861478e-05,2.530743694231756674e-05,2.674239445791227278e-05,2.630906408812957019e-05,2.579315885634355450e-05,2.638808356754102538e-05,2.718608992721120601e-05,2.647006070094494424e-05,2.724439209510125877e-05,2.645092037914248005e-05,2.650359794972714718e-05,2.821564096214087666e-05,2.774968450696411234e-05,2.633849996752355265e-05,2.646504743647763638e-05,2.695458355702463912e-05,2.696050407560064642e-05,2.780156591157366538e-05,2.719903896396530242e-05,2.799008169190787837e-05,2.731620265014426873e-05,2.754782501324735386e-05,2.725642088917055295e-05,2.733027669474894848e-05,2.778750068818909702e-05,2.768818352864521278e-05,2.766226381570039542e-05,2.792998239782587896e-05,2.816806655520063971e-05,2.848478820836878290e-05,2.919898752626156731e-05,2.881479141950715094e-05,2.791430504667187290e-05,2.921502654823403687e-05,2.870795131291472595e-05,2.883638267393230618e-05,2.810007521574302248e-05,2.879506464804219357e-05,2.889863343333376339e-05,2.834840502491447957e-05,2.905559906950415657e-05,2.841686618937948330e-05,2.852106427047733416e-05,2.773117170233602705e-05,2.794775559604342798e-05,2.858771539437542157e-05,2.712578192507291000e-05,2.838084092862557157e-05,2.898192163144292505e-05,2.868749479308217262e-05,2.914974703443541467e-05,2.835083297029413436e-05,2.915702092838940159e-05,2.846968854538754361e-05,2.853629845889839276e-05,2.913473502889075205e-05,3.056173383680487474e-05,2.956596521274330099e-05,2.933465103945302421e-05,3.006864014014812479e-05,2.898680956526814850e-05,2.956358345216814521e-05,2.894996456152402995e-05,2.826916058567477606e-05,2.944386014645015176e-05,2.728059206058007331e-05,2.706297184142627245e-05,2.589909534602953412e-05
2.068446400316449791e-05,2.160305700565468584e-05,2.122793110804320826e-05,2.294682485074393504e-05,2.206846890018097787e-05,2.201850546604632963e-05,2.179491983621493955e-05,2.197775619340506693e-05,2.172129459706311801e-05,1.952706495385415905e-05,2.151556372753832640e-05,2.249474153543046676e-05,2.216101776734833622e-05,2.224859820928363371e-05,2.255901503150875120e-05,2.120564433027224694e-05,2.119288225974574910e-05,2.216261553381073559e-05,2.271706006679504326e-05,2.236748807014120533e-05,2.174333493167972321e-05,2.301138981988256772e-05,2.335415374136403079e-05,2.284932936342476905e-05,2.242281863151421358e-05,2.169276615103495005e-05,2.280089271509753884e-05,2.297884029020438095e-05,2.328780876106608885e-05,2.266931396162699336e-05,2.269571218112296235e-05,2.350115079817384844e-05,2.306494036191793321e-05,2.357124406508681391e-05,2.203570133731605750e-05,2.341242761284996737e-05,2.310191043396126115e-05,2.371493860543719511e-05,2.316477332923619242e-05,2.214202727177106962e-05,2.248375472687407371e-05,2.240113045850686269e-05,2.235368335354335218e-05,2.093528381038460256e-05,2.105539487477592440e-05,1.987281104481843156e-05,2.019191582576821556e-05,2.118035483237065670e-05,2.211572458984537024e-05,2.231635246854763249e-05,2.235393689345994934e-05,2.361641392963202780e-05,2.373480768597015171e-05,2.418815878842371037e-05,2.409614774676244376e-05,2.544809776896800183e-05,2.463248577129742483e-05,2.453212497679836169e-05,2.464341450307976935e-05,2.394756745376763255e-05,2.527013457343841202e-05,2.476913331507227180e-05,2.542292146264537502e-05,2.532169288927047890e-05,2.489716336801830050e-05,2.556547288339856654e-05,2.589634137695451030e-05,2.653757228584035323e-05,2.511149763116268075e-05,2.613251210911411723e-05,2.614852292351346191e-05,2.590803000801192407e-05,2.656155166502921865e-05,2.505024804857534470e-05,2.627785013867665203e-05,2.589547129075594844e-05,2.545143582006919230e-05,2.603856914118301142e-05,2.672544400361210457e-05,2.613345925025770125e-05,2.678122568370836138e-05,2.612200037030618061e-05,2.611419433054189035e-05,2.776420527317603127e-05,2.721811370291099438e-05,2.586514340228050556e-05,2.617433883050992812e-05,2.659830064872086290e-05,2.670329158165103423e-05,2.739391813646765465e-05,2.710545927862491615e-05,2.770859468385995910e-05,2.688368569575911440e-05,2.729854495058492731e-05,2.686282328354094783e-05,2.692599867290526778e-05,2.753658031408235646e-05,2.736065485366329886e-05,2.736851808964138147e-05,2.794868749129928915e-05,2.808263173038644351e-05,2.831878957418221236e-05,2.920029537772081258e-05,2.880222451953844172e-05,2.774286902508602269e-05,2.904472271509461639e-05,2.859837396771176747e-05,2.854471511324138208e-05,2.807450776916717975e-05,2.863787369773104243e-05,2.857354439487090064e-05,2.853912931620768072e-05,2.910609042530826852e-05,2.827391707604721461e-05,2.838903994779887549e-05,2.799205716710171277e-05,2.799468964681822255e-05,2.853500912261127342e-05,2.740306556777583006e-05,2.839677987482218884e-05,2.889991774506809759e-05,2.887013446921459531e-05,2.897201970311298464e-05,2.834671614045929737e-05,2.903508728140087610e-05,2.838062481836554706e-05,2.853097204285515609e-05,2.870536837644762908e-05,3.012497514382700964e-05,2.945196006903796161e-05,2.889375282874834833e-05,2.973364448894747140e-05,2.899306876572814293e-05,2.913716232136858502e-05,2.870211339001464657e-05,2.810470034244493646e-05,2.728059206058007331e-05,2.937304041980654478e-05,2.680062149874194025e-05,2.567316570534803282e-05
1.993345985984823319e-05,2.053058791301897956e-05,2.012906572609024001e-05,2.182345215912245484e-05,2.132432156376843559e-05,2.076658392300752902e-05,2.066618342429035911e-05,2.111860337755887106e-05,2.071533139196376060e-05,1.789262469612663928e-05,2.004610511887527170e-05,2.139346331584192305e-05,2.125394461695410297e-05,2.117041636115381541e-05,2.165188324636982111e-05,2.075027190315666681e-05,2.048039067618058498e-05,2.065844065131936576e-05,2.156517364883481780e-05,2.109381316535149047e-05,2.100248646565211670e-05,2.175231590543216857e-05,2.239599217265942144e-05,2.190664853658083963e-05,2.119349609842102923e-05,2.099672837419592876e-05,2.167122459892256606e-05,2.223517469711928528e-05,2.217959587225051048e-05,2.186343807531737553e-05,2.167609472492985901e-05,2.233725826819489235e-05,2.209506446704475084e-05,2.251555638169272568e-05,2.097028022757590633e-05,2.240218871315984489e-05,2.214146121018724955e-05,2.293240959099064768e-05,2.246381818122172587e-05,2.140098539442137593e-05,2.200883698934950899e-05,2.154907315773208295e-05,2.160259953846661973e-05,2.053140653376299662e-05,2.061687477147198537e-05,1.935951185741099481e-05,1.955598890229409600e-05,2.062504741653179433e-05,2.144353061912323310e-05,2.177931623465125083e-05,2.166003385661982496e-05,2.285110058763844363e-05,2.290169451360854271e-05,2.333380082430534577e-05,2.348484673799842277e-05,2.452223071504203503e-05,2.391494575188541453e-05,2.373524457598441640e-05,2.409377865159824771e-05,2.330064366365048302e-05,2.455596452831323797e-05,2.380109668211910924e-05,2.470410986699171415e-05,2.467297305416350680e-05,2.419758372262422117e-05,2.459703695240933834e-05,2.523379791981095050e-05,2.580824186505173700e-05,2.458491259256371972e-05,2.545896593948844568e-05,2.545705040808156870e-05,2.524732200074776222e-05,2.597877980246304452e-05,2.441762901002222678e-05,2.561039140444908437e-05,2.518831569301146285e-05,2.494104170359519811e-05,2.554798174845709739e-05,2.608037901294590698e-05,2.566231206453969176e-05,2.615529972475704032e-05,2.558250693536373937e-05,2.581410059066683910e-05,2.714996166099424170e-05,2.683987782973765328e-05,2.536999776933119077e-05,2.563932001271030029e-05,2.606823863150496947e-05,2.619994207230377716e-05,2.668635838036704076e-05,2.620390195982228007e-05,2.709058357463238400e-05,2.609757359106519637e-05,2.662321414298567462e-05,2.651206847417741149e-05,2.633775814827615209e-05,2.680742304573615362e-05,2.657733916265872230e-05,2.663742341281130841e-05,2.704336637384781647e-05,2.733379109381716034e-05,2.759423177399618525e-05,2.870214032861819576e-05,2.777567033367398639e-05,2.723886609419191843e-05,2.835165787172171201e-05,2.766457598306464388e-05,2.761877282222251941e-05,2.707785737313674567e-05,2.782541481255997810e-05,2.789141531444533495e-05,2.755025692939077296e-05,2.828624376024937480e-05,2.769386955303233556e-05,2.764590798100720817e-05,2.679955266001659913e-05,2.714886843317474243e-05,2.774777247516552284e-05,2.654678654045640885e-05,2.754370009781741311e-05,2.861981955568231625e-05,2.831743557433083223e-05,2.825964208483473171e-05,2.738146433011688494e-05,2.852654469372112127e-05,2.774388509679946333e-05,2.780639066263659319e-05,2.874896964793512952e-05,2.973194362998927908e-05,2.915373833335757760e-05,2.861435489328153147e-05,2.932461391999717778e-05,2.860798726835615737e-05,2.902271178491779783e-05,2.836797023827331376e-05,2.744552821275881310e-05,2.706297184142627245e-05,2.680062149874194025e-05,2.886762863558461724e-05,2.480626277402720061e-05
1.939163801735637908e-05,1.999359444059985226e-05,1.952410258943065182e-05,2.114877240365675950e-05,2.057960438872516746e-05,1.991782735435138996e-05,1.998686590769255543e-05,2.044432789429790132e-05,1.998631608650401476e-05,1.689078778935813378e-05,1.987486878975140657e-05,2.053296633424667359e-05,2.054834407218121174e-05,2.046891533502152825e-05,2.063559977899949473e-05,1.918990911547833474e-05,2.007722341848222248e-05,2.020538682523823700e-05,2.063969392192810439e-05,2.065414841487191690e-05,2.018463618566606956e-05,2.105621963408981848e-05,2.116330527203268610e-05,2.090661127462631723e-05,2.077826483835624205e-05,2.018993620037545206e-05,2.096271785270214036e-05,2.085130791282432448e-05,2.122406411161311182e-05,2.063139238644360181e-05,2.058764548830121496e-05,2.171358372095839677e-05,2.078233178353704075e-05,2.144945629909687280e-05,2.031302066102841334e-05,2.135287835878794371e-05,2.111340130196044188e-05,2.146680052551035950e-05,2.105780462877930722e-05,2.021134958552514997e-05,2.051260125989915124e-05,2.057136429517371530e-05,2.053371581443755138e-05,1.944915189408684994e-05,1.923419201508023684e-05,1.834361435706834825e-05,1.832966789685593488e-05,1.935557646514313447e-05,2.010696784025674347e-05,2.023946699982646124e-05,2.027397616705572782e-05,2.147504947027566126e-05,2.143017055682908660e-05,2.168301489419424138e-05,2.159100927271004845e-05,2.297537605917379416e-05,2.234237148667277017e-05,2.216313376965263341e-05,2.238210462066068972e-05,2.189851001898302597e-05,2.285151320084858990e-05,2.228211269262722066e-05,2.286692249009260571e-05,2.295823191418084851e-05,2.238163997086045596e-05,2.331399037230280169e-05,2.354371301607333970e-05,2.403803064104506612e-05,2.284162542231793559e-05,2.345367035924748625e-05,2.361749571691358407e-05,2.328498231814160978e-05,2.413706693960247774e-05,2.288714782842128038e-05,2.345176645136194823e-05,2.359123241354478800e-05,2.309097775973051507e-05,2.355872720606727905e-05,2.417220124068891290e-05,2.392440379678543397e-05,2.432987025918765717e-05,2.360617704563658156e-05,2.343662549370774287e-05,2.508363807918762841e-05,2.461326637855536234e-05,2.338391692992417622e-05,2.370158853860780451e-05,2.412571438271087491e-05,2.399609980455405804e-05,2.480064795335012019e-05,2.471685695959326175e-05,2.515129682768728052e-05,2.437610907247024150e-05,2.482015032710972792e-05,2.422379300264845272e-05,2.439298067114435044e-05,2.491034831563865797e-05,2.479720403553431078e-05,2.482120426436631788e-05,2.499362662161713273e-05,2.533060542302460299e-05,2.549884201363406130e-05,2.609870659586046264e-05,2.608259358785946027e-05,2.512127266949371624e-05,2.635086117451451531e-05,2.602107556778923965e-05,2.616590913142419986e-05,2.521004899004195023e-05,2.604107133144716805e-05,2.574581584573289170e-05,2.588470417292818379e-05,2.659218452685045675e-05,2.602192727540162892e-05,2.611042114440713778e-05,2.540755579295180520e-05,2.545546986847037774e-05,2.591720431752418899e-05,2.492519645801358333e-05,2.570062204938716339e-05,2.630048485186992169e-05,2.600276176002723854e-05,2.644399174787361392e-05,2.566752572084327256e-05,2.652520140760271760e-05,2.615748470307836405e-05,2.593613936006545638e-05,2.663878286784030879e-05,2.780763736515455754e-05,2.748891739748874377e-05,2.702152614326686794e-05,2.730311625089429636e-05,2.671569025815660273e-05,2.681985203329566493e-05,2.692655505048479765e-05,2.625807753420972306e-05,2.589909534602953412e-05,2.567316570534803282e-05,2.480626277402720061e-05,2.670301418580427649e-05
