2424,2426,2428,2430,2432,2434,2436,2438,2440,2442,2444,2446,2448,2450,2452,2454,2456,2458,2460,2462,2464,2466,2468,2470,2472,2474,2476,2478,2480,2482,2484,2486,2488,2490,2492,2494,2496,2498,2500,2502,2504,2506,2508,2510,2512,2514,2516,2518,2520,2522,2524,2526,2528,2530,2532,2534,2536,2538,2540,2542,2544,2546,2548,2550,2552,2554,2556,2558,2560,2562,2564,2566,2568,2570,2572,2574,2576,2578,2580
2.467515650186868497e-05,2.387848582969086665e-05,2.306754420482948629e-05,2.246483988869678571e-05,2.138103767561627609e-05,2.063074126232128348e-05,1.991723554654757763e-05,1.927911645915717404e-05,1.881067943829385639e-05,1.833727274608177657e-05,1.791991338140358101e-05,1.716518684417129857e-05,1.677440599060892837e-05,1.640308002557748206e-05,1.601562336493280781e-05,1.550696384272087994e-05,1.511828887027316412e-05,1.472521504151481804e-05,1.403085965215978468e-05,1.326243635073473269e-05,1.266565700717174708e-05,1.231533083962950749e-05,1.109740824572751743e-05,1.224334234916162949e-05,1.241420373589872671e-05,1.218605708447286362e-05,1.213673195565378256e-05,1.169459889664679524e-05,1.152023198288528709e-05,1.099026139816249606e-05,1.082817741214946209e-05,1.074103746319809242e-05,1.041040490146578361e-05,1.023325926744781073e-05,9.966284386111704679e-06,1.032808936634168718e-05,9.855935963171146458e-06,9.526019117258765744e-06,9.142583030939829635e-06,9.192088475942593786e-06,9.102652967424525570e-06,9.103182403656790353e-06,9.139629076725437702e-06,8.714504035162714692e-06,8.987906565427862546e-06,8.925353884354407188e-06,8.784096794748742727e-06,8.702094681828957004e-06,8.637025695616350502e-06,8.676598551130405385e-06,8.659548465750714077e-06,8.715016508370861253e-06,8.381589468179449702e-06,8.437008804626475763e-06,8.405871607839266802e-06,8.290560220143992201e-06,8.410872658288061441e-06,8.494182732230636445e-06,8.492668377211520195e-06,8.217155062605841702e-06,8.261447500295851821e-06,8.839630742047687064e-06,8.558653314124692305e-06,8.800005963745831307e-06,8.545959901776751361e-06,8.854301667625878879e-06,8.646463820508347434e-06,8.659672788448998865e-06,8.488767684209610188e-06,8.696603245378062679e-06,8.029830543686793917e-06,8.597480397349613901e-06,8.958559613520395876e-06,9.458848044937941788e-06,8.911654977005896406e-06,9.095928769769461760e-06,8.603372674922121839e-06,8.563690607845405136e-06,8.560659970523700458e-06
2.387848582969086665e-05,2.343592925248892030e-05,2.257160499364513145e-05,2.194564258899325064e-05,2.098205062659457782e-05,2.031622018328154658e-05,1.966391773334492680e-05,1.902159919377980824e-05,1.865551052139472062e-05,1.820987626174490120e-05,1.783236609795231224e-05,1.711425106739915606e-05,1.681493550648439060e-05,1.642006735364420601e-05,1.603671182897581948e-05,1.559814847174801052e-05,1.526328642855585726e-05,1.480266136572818755e-05,1.412036719098927449e-05,1.338269469082104577e-05,1.289043403610775326e-05,1.254481960356713579e-05,1.150842309427654347e-05,1.250337821962566288e-05,1.263006632095013825e-05,1.233471352560753150e-05,1.235883621099931846e-05,1.186425829789707553e-05,1.166938068281078125e-05,1.115733237206121084e-05,1.101563250501469825e-05,1.094829193315946425e-05,1.061103897224261570e-05,1.043247970733812521e-05,1.019077624991778946e-05,1.049865864395647465e-05,1.007338399411459524e-05,9.766159943104199288e-06,9.449789736855870642e-06,9.465391648803095045e-06,9.378845781270781867e-06,9.367217199392352539e-06,9.441563003033516348e-06,9.018636212666514133e-06,9.229634840310551789e-06,9.157009580232631011e-06,9.029356801934820923e-06,8.972033867034371707e-06,8.919739073186384607e-06,8.975210509322919411e-06,8.946013551432198678e-06,8.966367503470648557e-06,8.615964917206033851e-06,8.728599901451246764e-06,8.683263528711832288e-06,8.555896823929985974e-06,8.651685385108272335e-06,8.786424214846000645e-06,8.769196037846466876e-06,8.480108947378603269e-06,8.537629536247038638e-06,9.115493231516894995e-06,8.841502785049146768e-06,9.071983926916171221e-06,8.830012712358926511e-06,9.090709802988999728e-06,8.892558037662878166e-06,8.991867565153663017e-06,8.760883118903379496e-06,8.920666273624433469e-06,8.324038378487086650e-06,8.861193326310657487e-06,9.196867623978758388e-06,9.661339097783856983e-06,9.185413794317183377e-06,9.240590584733245747e-06,8.778340223462641128e-06,8.746822211215211638e-06,8.747745051156923188e-06
2.306754420482948629e-05,2.257160499364513145e-05,2.193155886366424638e-05,2.126579929823211451e-05,2.033096654003291231e-05,1.974213321693667661e-05,1.912731584666524010e-05,1.852946740068556360e-05,1.817862572024806040e-05,1.777592167317662043e-05,1.744482792622336864e-05,1.672860300550159683e-05,1.646099014440657101e-05,1.608550576180775224e-05,1.574251313270628427e-05,1.534026679780908084e-05,1.501369781917010175e-05,1.456375822160954288e-05,1.391945989948771120e-05,1.319517645140008470e-05,1.265084717258227298e-05,1.223587729485124697e-05,1.094353827212166384e-05,1.225664564138126431e-05,1.247831560783693123e-05,1.224296416278097681e-05,1.224163461634877177e-05,1.178322614111339057e-05,1.163192717299154975e-05,1.115615078425358408e-05,1.102382950877419586e-05,1.095169716578071820e-05,1.063711222170673671e-05,1.043716770063827652e-05,1.023596772893254744e-05,1.054819539641696711e-05,1.013328278731426061e-05,9.837237304990307116e-06,9.472770736731572937e-06,9.546473531473679256e-06,9.466909877644167799e-06,9.451196811393559253e-06,9.482727663782573678e-06,9.113997353209250528e-06,9.302298451797860418e-06,9.294568654747116862e-06,9.142965894194862166e-06,9.104624505253690913e-06,9.057925313772960708e-06,9.121572548077119799e-06,9.099256064010992088e-06,9.129655579804494877e-06,8.769411833751790332e-06,8.868724828352866473e-06,8.851088773615898499e-06,8.724772727827542453e-06,8.850211128152075566e-06,8.974670648367688594e-06,8.955827811337764617e-06,8.629055161129888665e-06,8.716845673999559969e-06,9.303640264941410740e-06,9.017533564007828119e-06,9.222997166366933539e-06,9.022118061488209210e-06,9.258533660173126842e-06,8.991989340764999845e-06,9.102130696188814684e-06,8.921909803682737523e-06,9.071161057159398203e-06,8.453053199251595642e-06,8.979953022657584337e-06,9.333109095004621530e-06,9.749283075341722417e-06,9.282328576380210591e-06,9.380817084921730842e-06,8.940418895215566944e-06,8.897827687019082722e-06,8.914339497525935414e-06
2.246483988869678571e-05,2.194564258899325064e-05,2.126579929823211451e-05,2.088282193703283062e-05,1.982890978710617646e-05,1.927886901183407473e-05,1.871350159814065970e-05,1.815674690520369147e-05,1.779838168121821142e-05,1.743128211851440820e-05,1.712971656857224830e-05,1.642127109678192574e-05,1.615103232963538640e-05,1.583272355244928569e-05,1.551700362651744233e-05,1.511838698032743303e-05,1.477298406035920215e-05,1.437925742924211353e-05,1.380431252919631952e-05,1.305789000125676152e-05,1.250455898535444122e-05,1.202025028036187025e-05,1.051811565316447608e-05,1.211229958630068996e-05,1.238430859349474548e-05,1.222094899057470106e-05,1.219962925556374022e-05,1.178578047805183969e-05,1.166824319900234294e-05,1.120315850670104151e-05,1.108202216309833881e-05,1.105027598503495654e-05,1.074519793535454499e-05,1.051781037943560699e-05,1.034194432118233928e-05,1.067331202706805195e-05,1.027234941403963923e-05,9.977020492447421170e-06,9.541483072211236086e-06,9.682341982858481088e-06,9.626254519889717833e-06,9.609002887007180954e-06,9.585707787294669161e-06,9.280124201294803364e-06,9.414389666147833947e-06,9.486229336513540429e-06,9.331140867847693233e-06,9.310566305550461633e-06,9.238193111459700043e-06,9.348020574156640529e-06,9.323662355877721067e-06,9.335263676919517960e-06,9.040059245409974462e-06,9.076869537524331398e-06,9.095123317309751636e-06,8.943351946513181436e-06,9.094236927624405493e-06,9.215566715795020018e-06,9.229905778590299722e-06,8.857303686567822849e-06,8.953962607524408834e-06,9.522132785409635812e-06,9.244618044930905505e-06,9.420489888719962344e-06,9.225317379841555231e-06,9.508957254118826104e-06,9.114412108657843708e-06,9.238583686873543652e-06,9.114751999843043005e-06,9.332316835885909824e-06,8.670924937009658292e-06,9.144277544644709513e-06,9.522014431701909942e-06,9.817288959322907892e-06,9.484399246660733348e-06,9.598826135874899426e-06,9.194403622019750499e-06,9.146105503250563925e-06,9.178342684885160553e-06
2.138103767561627609e-05,2.098205062659457782e-05,2.033096654003291231e-05,1.982890978710617646e-05,1.912872166377554913e-05,1.847064239905319365e-05,1.793864317155042878e-05,1.742818117200985878e-05,1.710921801029249522e-05,1.677086785950131836e-05,1.645204917542399120e-05,1.580979837214073055e-05,1.555799730273408588e-05,1.526356250467276714e-05,1.496906627032579535e-05,1.458494525678790047e-05,1.430201839826526665e-05,1.388744276763539418e-05,1.331032589856041816e-05,1.265775974474960959e-05,1.228761881853391723e-05,1.198904703177770662e-05,1.117690337624721848e-05,1.197817054047089633e-05,1.208931002666624750e-05,1.182838936532506284e-05,1.184518256243894069e-05,1.142874298525278589e-05,1.123681228345229306e-05,1.076603521770653144e-05,1.066716840973244991e-05,1.064064625419920404e-05,1.033004343410196159e-05,1.012588656044935210e-05,9.958447805437987930e-06,1.026697234782318206e-05,9.863678027974777501e-06,9.625722607242295857e-06,9.362758655265016289e-06,9.380200328020146591e-06,9.285704635521374050e-06,9.254886125598516515e-06,9.381800682886663335e-06,8.977508738267518581e-06,9.173078041319817369e-06,9.100173677160219502e-06,9.001718930129694711e-06,8.963338964568812805e-06,8.902607446657096200e-06,8.949428065196996017e-06,8.943075899526956038e-06,8.945218365592836609e-06,8.621434462660332507e-06,8.734333576442884089e-06,8.707727070374821204e-06,8.555404899499108608e-06,8.712401359442143749e-06,8.837220099677338392e-06,8.815273640125215396e-06,8.547212076440018644e-06,8.612878256474373233e-06,9.152436671992398589e-06,8.864367484230088444e-06,9.048380324958094889e-06,8.880198534742526120e-06,9.081129373088934123e-06,8.890166799395907832e-06,8.981475178608992825e-06,8.800910532600876248e-06,8.923292162588400669e-06,8.377770573411195900e-06,8.851780962389353807e-06,9.141833027450528280e-06,9.519393595907390426e-06,9.205239837303989071e-06,9.166577207443478125e-06,8.796605107230246192e-06,8.753865345520668741e-06,8.721141118333388461e-06
2.063074126232128348e-05,2.031622018328154658e-05,1.974213321693667661e-05,1.927886901183407473e-05,1.847064239905319365e-05,1.815693767253175969e-05,1.761485019168063497e-05,1.713071575398625554e-05,1.686638562645625106e-05,1.658105267099848243e-05,1.634571921897418539e-05,1.569987776591039519e-05,1.553874066674708720e-05,1.522391840004016533e-05,1.497858439172980768e-05,1.467627202694372043e-05,1.440056381620888072e-05,1.395433114728745161e-05,1.343250893150904820e-05,1.273678495808561347e-05,1.222776470767379103e-05,1.166305078132782065e-05,9.987103500429123036e-06,1.186839331244700050e-05,1.220429395821121072e-05,1.207270861510382428e-05,1.208764765724880966e-05,1.166942572917607197e-05,1.157062098660383488e-05,1.119073509550389164e-05,1.109797895912425369e-05,1.109732103876078034e-05,1.077865877342382318e-05,1.053103075298251863e-05,1.044957013854922862e-05,1.072912677897201504e-05,1.038781840664288101e-05,1.013947481205519666e-05,9.684291503605620892e-06,9.863816395402761391e-06,9.842045967908556706e-06,9.777403395205717525e-06,9.753818052539758564e-06,9.506367796301751056e-06,9.575212510169269466e-06,9.742750419824222302e-06,9.527689927812633085e-06,9.579863059985602774e-06,9.496543900325262399e-06,9.638086931538734361e-06,9.633244875353644504e-06,9.624888229049971056e-06,9.330867067858982850e-06,9.404047956352369923e-06,9.413016564312350038e-06,9.268915344590043220e-06,9.409062302715621808e-06,9.589552102481067015e-06,9.546942085899901470e-06,9.157289123499629172e-06,9.291902279993803678e-06,9.868722303006691738e-06,9.577544643639397689e-06,9.740569530729877040e-06,9.566228773303667315e-06,9.747364890525914667e-06,9.330239464574329898e-06,9.499477090414925831e-06,9.409802770091086306e-06,9.579897473639414167e-06,8.958081305625517835e-06,9.387538777146403572e-06,9.734721505860767296e-06,9.920976137911634150e-06,9.702885727926276576e-06,9.737752917451157232e-06,9.427459801502785337e-06,9.320861073740104057e-06,9.371715568641565759e-06
1.991723554654757763e-05,1.966391773334492680e-05,1.912731584666524010e-05,1.871350159814065970e-05,1.793864317155042878e-05,1.761485019168063497e-05,1.729779767742296563e-05,1.674195798270604199e-05,1.652550774385584911e-05,1.630191372711732345e-05,1.609507111628763387e-05,1.544610090908444413e-05,1.533871894260372410e-05,1.504372291964294913e-05,1.483912930474142863e-05,1.456719018619949640e-05,1.431835618944361084e-05,1.386480108843139085e-05,1.335397872472887680e-05,1.268742680559056026e-05,1.215021370508912925e-05,1.157527015289375199e-05,9.766227212179519118e-06,1.183525734218958509e-05,1.222482482567872071e-05,1.212513540173295386e-05,1.216004175187252523e-05,1.173836697093456826e-05,1.166552313140054801e-05,1.130764158476793534e-05,1.122723236736414290e-05,1.125440304212877103e-05,1.093304540604857050e-05,1.067677142204408117e-05,1.063040960849149513e-05,1.089965187901752558e-05,1.056351784036632997e-05,1.035315638251129598e-05,9.843153223901623676e-06,1.004900089391153325e-05,1.006711716573590481e-05,1.000115969583990185e-05,9.924978024795238322e-06,9.742482955963060795e-06,9.786439166994183748e-06,9.987889585788521109e-06,9.759146971394944893e-06,9.822045163097433960e-06,9.744444110569935817e-06,9.913325885500366295e-06,9.918394138917540286e-06,9.910932445727670874e-06,9.599643811083306708e-06,9.686415222217227181e-06,9.684201339686241797e-06,9.546643150857035809e-06,9.712435971460157112e-06,9.896305826293342941e-06,9.854437208168168564e-06,9.445539598289597486e-06,9.609338660191003072e-06,1.018636124361084767e-05,9.900690577638930444e-06,1.006998383455127504e-05,9.916515507874146764e-06,1.007514871656766497e-05,9.604898463687854462e-06,9.813952420303736869e-06,9.691700931558457278e-06,9.885404222743133880e-06,9.290167110381944863e-06,9.699975505031453577e-06,1.002870175251918695e-05,1.020894069839809006e-05,9.983548999451392938e-06,1.002762040795837241e-05,9.752338811202574775e-06,9.645832796564746513e-06,9.689016286756629864e-06
1.927911645915717404e-05,1.902159919377980824e-05,1.852946740068556360e-05,1.815674690520369147e-05,1.742818117200985878e-05,1.713071575398625554e-05,1.674195798270604199e-05,1.645021792224243614e-05,1.611087697656035094e-05,1.592650721488959214e-05,1.575088282306330332e-05,1.511924307154174627e-05,1.500185968724937272e-05,1.477484081477573947e-05,1.456707990547565484e-05,1.429516975168062741e-05,1.405787928185585503e-05,1.362919546331057230e-05,1.318277145281930660e-05,1.248204110123722429e-05,1.198616740927109919e-05,1.136614729114087686e-05,9.525365513226266261e-06,1.169561677122668576e-05,1.210370829721134803e-05,1.203315276450974994e-05,1.205614957693177766e-05,1.166108039253076446e-05,1.161461269793947679e-05,1.127067931954662295e-05,1.119806412771961757e-05,1.123085080671940453e-05,1.091090296184083950e-05,1.063198926418855381e-05,1.062423507185351161e-05,1.090888133534663343e-05,1.058109031802083959e-05,1.036046829062264133e-05,9.821373906947446691e-06,1.010862382114830106e-05,1.009898306699993804e-05,9.996148296252467235e-06,9.955837239062013526e-06,9.798402491937916091e-06,9.795693857804095290e-06,1.006529560642124087e-05,9.830073080272169354e-06,9.905457358097797548e-06,9.806759822110495460e-06,1.000407843507424104e-05,9.981162323399962239e-06,9.982026697534140735e-06,9.712595711732055197e-06,9.762295023293019141e-06,9.789305403124423034e-06,9.628838067687633368e-06,9.816569631882118548e-06,9.998369036048403459e-06,9.952225863140789252e-06,9.539363649513138752e-06,9.737556977157044836e-06,1.030761550518858513e-05,9.995960238144974413e-06,1.015254415387779736e-05,1.001250033815331256e-05,1.016170902101314855e-05,9.584509991816855514e-06,9.832749641217634819e-06,9.753391388222156592e-06,9.973610471988590866e-06,9.329751403188844323e-06,9.678598284798118582e-06,1.010348070600326194e-05,1.013507327264311420e-05,1.006140808872237811e-05,1.007152827321682986e-05,9.861644001663898921e-06,9.741518359212294440e-06,9.755233401100080052e-06
1.881067943829385639e-05,1.865551052139472062e-05,1.817862572024806040e-05,1.779838168121821142e-05,1.710921801029249522e-05,1.686638562645625106e-05,1.652550774385584911e-05,1.611087697656035094e-05,1.601011701101971322e-05,1.574624869401021430e-05,1.558397561416035101e-05,1.497955685952227121e-05,1.492727895501424392e-05,1.467874185660007706e-05,1.448575428913723793e-05,1.427868892734433874e-05,1.406005221220193958e-05,1.359799641273983435e-05,1.314228368416889587e-05,1.247565206046516762e-05,1.196994778724932010e-05,1.131208536696908292e-05,9.349886503529091403e-06,1.166644714393615038e-05,1.209419618927432244e-05,1.205295030113707500e-05,1.209336505198843713e-05,1.168533376166741678e-05,1.165133702794003155e-05,1.133877775255701940e-05,1.128116793389341575e-05,1.129685040667366911e-05,1.099005062005737891e-05,1.072730332953261123e-05,1.074181700991196351e-05,1.099109875254158378e-05,1.069455551911827816e-05,1.050088767707220765e-05,9.964985563866042619e-06,1.022681285639205948e-05,1.024829120332728946e-05,1.016805098077053714e-05,1.006031934935226051e-05,9.929783820041875993e-06,9.921067131367725868e-06,1.018331476854544409e-05,9.943699517099960076e-06,1.005357195065115390e-05,9.942855808266030937e-06,1.015348729625369477e-05,1.017018911020122892e-05,1.013452061575045938e-05,9.856466475193875710e-06,9.928744864804447964e-06,9.948185906805055064e-06,9.807158627050266159e-06,9.984931631802672954e-06,1.017400944299396317e-05,1.012913414382916649e-05,9.704625750766055574e-06,9.882561146816660385e-06,1.044900472006431310e-05,1.015841393023827073e-05,1.029011005571422295e-05,1.015561553797363784e-05,1.029570730878237743e-05,9.748532593909835245e-06,9.990139814864356545e-06,9.933916017784205822e-06,1.010265956066600052e-05,9.505684073282155602e-06,9.864973474898914259e-06,1.023045655360372186e-05,1.028001989485820637e-05,1.016092915853561841e-05,1.017895920249163348e-05,9.954328526568501475e-06,9.800740390497393215e-06,9.868915005177121978e-06
1.833727274608177657e-05,1.820987626174490120e-05,1.777592167317662043e-05,1.743128211851440820e-05,1.677086785950131836e-05,1.658105267099848243e-05,1.630191372711732345e-05,1.592650721488959214e-05,1.574624869401021430e-05,1.575713276405984895e-05,1.555001890067173666e-05,1.489637340739184930e-05,1.489991835806248748e-05,1.468318193158792480e-05,1.453457780509126059e-05,1.430068396902070987e-05,1.410234813651242759e-05,1.362405418714784671e-05,1.323039551170972627e-05,1.253576601909551057e-05,1.203250578134145349e-05,1.134238904668701603e-05,9.180637138295600594e-06,1.173845573397538530e-05,1.228880752711861242e-05,1.224328591161431952e-05,1.229604655054561815e-05,1.190340469559799427e-05,1.186707442500194154e-05,1.154467758276207806e-05,1.153329551164774610e-05,1.156234421491759493e-05,1.123867196643272607e-05,1.092437699267595891e-05,1.096241417649824938e-05,1.124986796066415545e-05,1.093129310435980290e-05,1.075778656020552164e-05,1.016073595027127092e-05,1.048262570590018065e-05,1.052459111840241875e-05,1.039671493927409817e-05,1.029279181585225279e-05,1.021369439919055684e-05,1.016125029547065748e-05,1.051700485203513459e-05,1.024952817206537400e-05,1.036035175555097074e-05,1.024259211848529353e-05,1.048904968497271156e-05,1.050538380915770934e-05,1.048714104197216348e-05,1.020405572755589531e-05,1.027664177688697047e-05,1.031361201780198318e-05,1.014568468420450513e-05,1.036617671255718862e-05,1.056776115491574698e-05,1.053294067830360281e-05,1.006163891649023607e-05,1.031140235351317621e-05,1.089435011769388985e-05,1.055412783728646438e-05,1.073104346958151890e-05,1.060079026830591872e-05,1.074653495856108851e-05,1.009667991029516515e-05,1.033626634763855743e-05,1.028879706646069763e-05,1.052668752061850599e-05,9.852634031739941519e-06,1.018937183586921909e-05,1.061195202736214379e-05,1.060480112360033337e-05,1.054342274496184832e-05,1.053756502375760870e-05,1.039740358347826249e-05,1.024075927105147972e-05,1.026164230437686642e-05
1.791991338140358101e-05,1.783236609795231224e-05,1.744482792622336864e-05,1.712971656857224830e-05,1.645204917542399120e-05,1.634571921897418539e-05,1.609507111628763387e-05,1.575088282306330332e-05,1.558397561416035101e-05,1.555001890067173666e-05,1.556442670035400756e-05,1.479516642645506358e-05,1.485155242922344173e-05,1.462615003759832264e-05,1.448805655681146582e-05,1.431631717039635623e-05,1.411500188710790790e-05,1.362799349008149611e-05,1.324290820217807743e-05,1.249237486179210815e-05,1.189966425903633498e-05,1.108492879592578913e-05,8.373793936117491311e-06,1.157302967321724145e-05,1.230532324366193622e-05,1.232756431638947938e-05,1.237233501130923411e-05,1.197775967547239563e-05,1.199854156138280624e-05,1.174304638491309110e-05,1.171148763892516058e-05,1.174699105512600694e-05,1.143866332529814809e-05,1.109130258197919629e-05,1.118374398343657873e-05,1.144217154549509914e-05,1.118200825654784580e-05,1.098636912627685991e-05,1.026980418550670586e-05,1.067907702205686115e-05,1.078556242963616462e-05,1.064503075988852996e-05,1.042607102991507833e-05,1.045154012308861296e-05,1.032755372892247551e-05,1.080488829655635452e-05,1.046760390728975752e-05,1.062335864646977456e-05,1.051489348758412884e-05,1.081344171399830255e-05,1.081858302870108992e-05,1.079908947844491996e-05,1.057574624270640690e-05,1.059721351599573207e-05,1.065756525276868747e-05,1.048692463025063123e-05,1.072973492068983760e-05,1.093576465593365369e-05,1.091172572159489208e-05,1.036963981917868872e-05,1.065112256109819099e-05,1.126423379263910695e-05,1.095064028961726738e-05,1.111268310408206991e-05,1.098398087915644189e-05,1.110564407914105422e-05,1.035105228590904795e-05,1.061939985782522199e-05,1.062290345916432389e-05,1.086310653008608564e-05,1.016302616052031451e-05,1.048909171720243198e-05,1.096703344880785469e-05,1.086625585615064693e-05,1.084042359897130693e-05,1.090474678485077625e-05,1.078176963080804063e-05,1.058260957180559546e-05,1.066968517809230532e-05
1.716518684417129857e-05,1.711425106739915606e-05,1.672860300550159683e-05,1.642127109678192574e-05,1.580979837214073055e-05,1.569987776591039519e-05,1.544610090908444413e-05,1.511924307154174627e-05,1.497955685952227121e-05,1.489637340739184930e-05,1.479516642645506358e-05,1.432685399224897175e-05,1.424809386677254444e-05,1.404169536789380821e-05,1.392302609447218480e-05,1.375221671792454895e-05,1.357187058448160646e-05,1.313246389823061251e-05,1.274873047613510475e-05,1.209828605627032897e-05,1.161211859354346837e-05,1.087892282044259454e-05,8.690384295675188746e-06,1.133084946303212157e-05,1.188747629941010435e-05,1.188119502852054666e-05,1.194173434201460010e-05,1.156122346143424058e-05,1.155328567628406363e-05,1.127636682411872022e-05,1.126665887108860012e-05,1.131140438829346140e-05,1.101931592578245321e-05,1.070552235900247475e-05,1.079790739809670441e-05,1.102800864634304108e-05,1.077374830046975193e-05,1.061583620978373462e-05,9.976761946921629181e-06,1.034769992850003552e-05,1.040317562851290628e-05,1.028034300779787995e-05,1.015808883456069276e-05,1.011569390023915370e-05,1.001149039728014131e-05,1.038999461817866403e-05,1.011114973682207476e-05,1.026139927090052882e-05,1.015984760434449000e-05,1.041452726679048460e-05,1.040285815062649858e-05,1.038148740481260708e-05,1.014454837068125075e-05,1.018750573531220409e-05,1.022501453187243782e-05,1.005498417569302135e-05,1.028492418571168338e-05,1.049998599790343536e-05,1.044284375314355683e-05,9.963346323951263289e-06,1.019844547709964766e-05,1.077179744492554399e-05,1.046094013531960637e-05,1.058029923069456798e-05,1.049274032882641627e-05,1.059509876957720772e-05,9.901022697011574927e-06,1.021744024135629802e-05,1.015504942108336222e-05,1.039484119812362502e-05,9.754161526469566390e-06,1.003545653730420520e-05,1.047601981464465331e-05,1.037426939056585873e-05,1.041054357197615071e-05,1.037619257119236384e-05,1.026098078546433050e-05,1.009648700443297751e-05,1.015004773026166070e-05
1.677440599060892837e-05,1.681493550648439060e-05,1.646099014440657101e-05,1.615103232963538640e-05,1.555799730273408588e-05,1.553874066674708720e-05,1.533871894260372410e-05,1.500185968724937272e-05,1.492727895501424392e-05,1.489991835806248748e-05,1.485155242922344173e-05,1.424809386677254444e-05,1.444765347601800196e-05,1.414068338069024571e-05,1.404210795875481399e-05,1.391993605360175141e-05,1.376776341919992190e-05,1.325203131662388976e-05,1.290226504983439169e-05,1.223325420650022499e-05,1.170910429250206623e-05,1.092464113216966165e-05,8.410779959835342035e-06,1.144862618848953558e-05,1.209262566475205682e-05,1.210393585115799620e-05,1.218281382505569170e-05,1.179055431905285001e-05,1.179618069920119256e-05,1.155914553115379926e-05,1.156669085360531632e-05,1.160394298801777547e-05,1.130517548522201040e-05,1.098886028678155400e-05,1.110000097268134246e-05,1.132015164630778529e-05,1.106939111417214845e-05,1.092753460697305403e-05,1.025259940105545836e-05,1.063446638039851377e-05,1.074095137139988346e-05,1.061654437876756491e-05,1.042124240584346762e-05,1.044172072523117310e-05,1.030953127343313663e-05,1.076839090940585250e-05,1.042712977500278821e-05,1.060891259677896594e-05,1.050298486065894991e-05,1.079879736477312850e-05,1.082333677365000258e-05,1.076481838928344215e-05,1.052565650125008600e-05,1.057920501328794181e-05,1.062963762630140456e-05,1.047007385362781134e-05,1.069648313924064791e-05,1.093003433262636222e-05,1.087962372748668414e-05,1.035725381647595554e-05,1.064377140429072509e-05,1.123127667584971606e-05,1.093462747218323357e-05,1.106750066310848278e-05,1.096057036462570768e-05,1.103655495135799518e-05,1.032468812970142549e-05,1.063957210522403395e-05,1.060534699327915117e-05,1.082588958190490666e-05,1.017082518104467068e-05,1.049580123680596306e-05,1.089482762465866521e-05,1.082791170078354254e-05,1.079314353023963429e-05,1.080360048079818396e-05,1.070076253800878241e-05,1.048936634819628486e-05,1.061019466545262994e-05
1.640308002557748206e-05,1.642006735364420601e-05,1.608550576180775224e-05,1.583272355244928569e-05,1.526356250467276714e-05,1.522391840004016533e-05,1.504372291964294913e-05,1.477484081477573947e-05,1.467874185660007706e-05,1.468318193158792480e-05,1.462615003759832264e-05,1.404169536789380821e-05,1.414068338069024571e-05,1.406163389898314279e-05,1.388453012610118573e-05,1.374311319749032714e-05,1.359045008765908527e-05,1.310852602805402367e-05,1.278337524873360028e-05,1.210704448608406473e-05,1.162032161486648188e-05,1.085072238967999545e-05,8.372451347729177313e-06,1.136491808395709882e-05,1.204006110113070265e-05,1.206306800332876042e-05,1.213862857354668387e-05,1.176283307631912091e-05,1.179278191419160417e-05,1.154557964850600977e-05,1.156038134413922551e-05,1.160969549473189656e-05,1.129968992736509914e-05,1.096485444546223823e-05,1.109923156303370493e-05,1.133223331387065896e-05,1.109263458541336636e-05,1.093534959507221184e-05,1.026264258788800670e-05,1.066969081449743918e-05,1.078071171954343836e-05,1.064273764375249395e-05,1.044070778391652502e-05,1.048955668007294806e-05,1.032128315179045130e-05,1.081386190396782355e-05,1.049655469510476198e-05,1.066855625362104226e-05,1.056642914888156016e-05,1.086865787093311402e-05,1.088193585598550684e-05,1.082861703163851167e-05,1.061745840252738651e-05,1.065783339712726561e-05,1.070732192887815028e-05,1.054298200463364761e-05,1.079173417414162733e-05,1.100619187569797212e-05,1.098110690397273342e-05,1.045720256532444358e-05,1.074349535435498093e-05,1.131393350571454693e-05,1.101471771489900208e-05,1.114781384377315700e-05,1.104700407029804126e-05,1.115274180187911292e-05,1.037024898718961274e-05,1.072488543774057109e-05,1.068724536603697845e-05,1.092102409740712192e-05,1.025075964412746650e-05,1.054106729403172214e-05,1.101420720184407480e-05,1.083228258300206979e-05,1.090067820546533969e-05,1.087994255800717121e-05,1.080059675848002021e-05,1.062619066278104761e-05,1.068045087080492391e-05
1.601562336493280781e-05,1.603671182897581948e-05,1.574251313270628427e-05,1.551700362651744233e-05,1.496906627032579535e-05,1.497858439172980768e-05,1.483912930474142863e-05,1.456707990547565484e-05,1.448575428913723793e-05,1.453457780509126059e-05,1.448805655681146582e-05,1.392302609447218480e-05,1.404210795875481399e-05,1.388453012610118573e-05,1.392335445302766772e-05,1.371282247473426260e-05,1.354730427444728837e-05,1.307500478091346081e-05,1.277738337475911335e-05,1.211795584568946500e-05,1.160455207671823147e-05,1.076908233112489364e-05,8.163262278583067842e-06,1.138742619121847547e-05,1.209746391162124685e-05,1.217001330778790628e-05,1.223818216269741419e-05,1.185191950251430125e-05,1.191502223671914795e-05,1.167016082219434754e-05,1.171728898996212292e-05,1.178627684106561909e-05,1.147361245724230088e-05,1.109994881117602991e-05,1.127315328825371334e-05,1.152420101682858288e-05,1.128295929984170433e-05,1.115934694420628902e-05,1.041576124836122685e-05,1.089598188296267886e-05,1.099490396021934631e-05,1.082686215790610195e-05,1.063984807116207612e-05,1.070534385327524797e-05,1.051035364473582956e-05,1.109845246540085957e-05,1.072282794517597544e-05,1.092659021994993211e-05,1.079360854604364990e-05,1.111051869795563711e-05,1.114663668143918966e-05,1.109546089396244989e-05,1.088079484258092463e-05,1.091291589269133791e-05,1.098297496899560714e-05,1.079916364123662333e-05,1.105330574370916297e-05,1.129382133318407843e-05,1.125262308293344400e-05,1.072150283867289069e-05,1.103387761767603558e-05,1.160633013162342756e-05,1.128633637032668817e-05,1.140204870797633933e-05,1.133776651295185557e-05,1.141039421823560988e-05,1.056181277745708895e-05,1.089555796891505088e-05,1.090789647936911476e-05,1.117817121519472044e-05,1.048446075186614940e-05,1.074134160023965283e-05,1.122960629691872581e-05,1.099649025338041413e-05,1.114156825721999534e-05,1.108491612402645368e-05,1.108786431368437700e-05,1.087063380529633645e-05,1.092613754363957405e-05
1.550696384272087994e-05,1.559814847174801052e-05,1.534026679780908084e-05,1.511838698032743303e-05,1.458494525678790047e-05,1.467627202694372043e-05,1.456719018619949640e-05,1.429516975168062741e-05,1.427868892734433874e-05,1.430068396902070987e-05,1.431631717039635623e-05,1.375221671792454895e-05,1.391993605360175141e-05,1.374311319749032714e-05,1.371282247473426260e-05,1.371345240301797521e-05,1.353316526057449253e-05,1.305104688156068349e-05,1.273985595782268498e-05,1.210171562508690890e-05,1.155500364102901372e-05,1.061514719191079759e-05,7.720096736664159396e-06,1.129522031964280864e-05,1.207093694758463167e-05,1.215621800399346372e-05,1.226734581565040200e-05,1.187789873333349189e-05,1.197571381107458271e-05,1.177616876924224095e-05,1.182197267837073854e-05,1.190206989698832736e-05,1.160262185721804796e-05,1.124862355469807444e-05,1.147523765645258163e-05,1.167572150660021068e-05,1.148129946890140045e-05,1.136291596476146057e-05,1.057839214475287899e-05,1.108751882127673130e-05,1.121726553382989870e-05,1.107298785129852044e-05,1.080005001752273325e-05,1.092638656305299776e-05,1.068555188615876360e-05,1.130363142222489860e-05,1.093574723630484970e-05,1.117164686196207480e-05,1.101146621972146953e-05,1.137708695478148085e-05,1.141809626159476100e-05,1.134009321893665393e-05,1.115730022121616000e-05,1.117729747177388609e-05,1.125304521769787606e-05,1.107481017504258077e-05,1.132815166705806361e-05,1.157112931863755820e-05,1.152538190588851270e-05,1.096285434775919075e-05,1.124903180270456386e-05,1.182764844471493988e-05,1.153832735173862536e-05,1.163881715050577355e-05,1.155503384658146575e-05,1.161995102975782581e-05,1.071951885883403442e-05,1.111168453506438231e-05,1.115169639591921968e-05,1.140652465916281896e-05,1.075599965186994489e-05,1.097735667843881378e-05,1.142913055957731984e-05,1.112983038620119790e-05,1.128426210794875608e-05,1.127708459425020147e-05,1.127831218722827234e-05,1.102860861364987795e-05,1.115107111251190106e-05
1.511828887027316412e-05,1.526328642855585726e-05,1.501369781917010175e-05,1.477298406035920215e-05,1.430201839826526665e-05,1.440056381620888072e-05,1.431835618944361084e-05,1.405787928185585503e-05,1.406005221220193958e-05,1.410234813651242759e-05,1.411500188710790790e-05,1.357187058448160646e-05,1.376776341919992190e-05,1.359045008765908527e-05,1.354730427444728837e-05,1.353316526057449253e-05,1.348897191703266967e-05,1.292165480385244712e-05,1.263084716495315584e-05,1.198819363762272205e-05,1.146184292728507621e-05,1.053410942446047925e-05,7.651963730183367494e-06,1.121609943811355656e-05,1.198223213118398996e-05,1.207106531900157084e-05,1.217359412981595276e-05,1.178899569467011568e-05,1.188693326054028887e-05,1.170823354670482153e-05,1.175672901519998229e-05,1.185217215532228132e-05,1.155132940760803275e-05,1.118561918512743667e-05,1.141392988785159231e-05,1.161479515706924691e-05,1.140527187012200293e-05,1.132064623307166320e-05,1.052644007004261551e-05,1.103215722890960695e-05,1.118399404207963314e-05,1.103920019647584065e-05,1.077158115267664862e-05,1.089712290556676563e-05,1.064611546040924840e-05,1.125567783902781683e-05,1.088981398651273702e-05,1.113400535938490289e-05,1.099131182922129555e-05,1.134337863165874238e-05,1.138771577468200899e-05,1.131826138015648743e-05,1.110419330612028417e-05,1.114011422400445137e-05,1.120407502682169973e-05,1.104352638902020780e-05,1.130943182978294710e-05,1.154302818974415988e-05,1.149438457855604004e-05,1.092398966800025934e-05,1.124614305770122936e-05,1.179016469309144392e-05,1.150415239027756189e-05,1.161911542020840980e-05,1.153864118981533715e-05,1.158342542235946726e-05,1.071252934213966754e-05,1.110723924385702909e-05,1.111350756673306901e-05,1.136500757860732494e-05,1.071328051528213580e-05,1.095645165729147200e-05,1.137660001093025254e-05,1.110675028229085160e-05,1.125042593771523574e-05,1.123062260993431615e-05,1.121035060925465637e-05,1.096442210482204646e-05,1.110052713024064525e-05
1.472521504151481804e-05,1.480266136572818755e-05,1.456375822160954288e-05,1.437925742924211353e-05,1.388744276763539418e-05,1.395433114728745161e-05,1.386480108843139085e-05,1.362919546331057230e-05,1.359799641273983435e-05,1.362405418714784671e-05,1.362799349008149611e-05,1.313246389823061251e-05,1.325203131662388976e-05,1.310852602805402367e-05,1.307500478091346081e-05,1.305104688156068349e-05,1.292165480385244712e-05,1.260954301682447086e-05,1.226326756729951482e-05,1.168362615293818411e-05,1.115637688444457290e-05,1.033617740878207952e-05,7.792817761375765527e-06,1.093957676198298780e-05,1.162848819572270310e-05,1.175493875250521096e-05,1.182029870072377449e-05,1.152394165405839150e-05,1.158378820947974661e-05,1.138912343681587890e-05,1.145237400660847265e-05,1.155803928536689763e-05,1.126782475716156714e-05,1.097211766299147945e-05,1.114615667770360187e-05,1.134339909502415176e-05,1.116273881489938324e-05,1.105380174835593165e-05,1.037759485876022239e-05,1.081165723898103638e-05,1.094391754443257343e-05,1.082031187814686839e-05,1.059392675121384074e-05,1.067665370509623467e-05,1.048320979475093580e-05,1.100739412886247408e-05,1.068578072751689371e-05,1.090039696690428821e-05,1.075790015968583177e-05,1.109081361817233884e-05,1.112793774345626617e-05,1.106466392734119274e-05,1.089831816282229528e-05,1.090337669198678059e-05,1.097100128624934985e-05,1.080632140027661460e-05,1.104443270141885230e-05,1.127561586896782286e-05,1.123206801329048689e-05,1.069220360075695631e-05,1.095111145449324200e-05,1.149052061249142581e-05,1.120734722015710261e-05,1.131263448998834851e-05,1.125016506234240289e-05,1.130581835683271419e-05,1.054055067098257042e-05,1.086112514755342245e-05,1.091289266140685756e-05,1.110876798927509097e-05,1.053366201855058212e-05,1.075089604735592961e-05,1.110402862364407123e-05,1.089402978321980965e-05,1.097508396294904305e-05,1.100764367717264163e-05,1.097370137597943698e-05,1.074621728936561166e-05,1.087246631361374712e-05
1.403085965215978468e-05,1.412036719098927449e-05,1.391945989948771120e-05,1.380431252919631952e-05,1.331032589856041816e-05,1.343250893150904820e-05,1.335397872472887680e-05,1.318277145281930660e-05,1.314228368416889587e-05,1.323039551170972627e-05,1.324290820217807743e-05,1.274873047613510475e-05,1.290226504983439169e-05,1.278337524873360028e-05,1.277738337475911335e-05,1.273985595782268498e-05,1.263084716495315584e-05,1.226326756729951482e-05,1.214495678831724786e-05,1.143977422206038585e-05,1.090959309372851266e-05,1.000197297716369995e-05,7.186221759126743828e-06,1.066784893168078272e-05,1.142711432389409559e-05,1.163049049040556857e-05,1.168842668843075862e-05,1.140286888897162506e-05,1.150880000071545213e-05,1.134784276253553056e-05,1.141918909020147599e-05,1.153010809657713657e-05,1.124920643438466228e-05,1.094567126786398137e-05,1.114364485495059606e-05,1.133357167464362281e-05,1.115633754977246860e-05,1.106986755650464458e-05,1.032089701768063187e-05,1.083797512156017348e-05,1.097230321411897507e-05,1.081015710001879829e-05,1.056005482057277800e-05,1.070730361661814045e-05,1.047965414480378885e-05,1.109225528680620372e-05,1.071586578493288370e-05,1.097475142376742033e-05,1.081467128820324387e-05,1.117100672904997708e-05,1.120383937829918104e-05,1.116340410349527444e-05,1.100630006337452059e-05,1.099410213159592041e-05,1.108359661419694687e-05,1.091468925388226333e-05,1.116795138512407994e-05,1.141654140909352224e-05,1.134102176699751671e-05,1.080089645878703831e-05,1.109658404014338098e-05,1.161230070911249752e-05,1.129277404594603700e-05,1.140368470487371212e-05,1.137585967023188906e-05,1.143446886630142334e-05,1.056023350670294197e-05,1.088159484514107161e-05,1.097440261178852135e-05,1.121953788588866208e-05,1.058963240466583018e-05,1.076039441055171256e-05,1.116268663547240529e-05,1.085656436922243104e-05,1.100010492623541609e-05,1.107683124651307796e-05,1.110438806768551557e-05,1.084700680654390102e-05,1.097386733565748292e-05
1.326243635073473269e-05,1.338269469082104577e-05,1.319517645140008470e-05,1.305789000125676152e-05,1.265775974474960959e-05,1.273678495808561347e-05,1.268742680559056026e-05,1.248204110123722429e-05,1.247565206046516762e-05,1.253576601909551057e-05,1.249237486179210815e-05,1.209828605627032897e-05,1.223325420650022499e-05,1.210704448608406473e-05,1.211795584568946500e-05,1.210171562508690890e-05,1.198819363762272205e-05,1.168362615293818411e-05,1.143977422206038585e-05,1.105709309598903000e-05,1.061498541175942065e-05,9.941392637016268632e-06,8.046552178767445862e-06,1.048743411630884880e-05,1.096879101138774248e-05,1.104570126560146603e-05,1.114297439294891507e-05,1.090659806567125495e-05,1.091324390336285079e-05,1.074801093112375257e-05,1.080506561551285092e-05,1.093572229588895711e-05,1.066901150370241197e-05,1.045283423742690514e-05,1.058795049068239925e-05,1.073731464611869183e-05,1.058591954006608455e-05,1.053702209684597053e-05,1.002606617948448321e-05,1.034455777821852515e-05,1.043648258008112698e-05,1.032311088689460761e-05,1.019738860396391612e-05,1.020474507173813459e-05,1.010623396514256430e-05,1.048008599833081302e-05,1.023399780734383689e-05,1.042960015196692228e-05,1.028380630430527121e-05,1.054471422138073860e-05,1.059587424949385465e-05,1.051844523827136473e-05,1.036391047241144697e-05,1.037525699678379502e-05,1.044678450406103909e-05,1.028747432652069615e-05,1.049455305618715726e-05,1.074859148349290246e-05,1.065229415744398200e-05,1.023435190921725690e-05,1.041303966771898283e-05,1.091366799113942145e-05,1.062042761842703507e-05,1.069021854702889588e-05,1.069983655260812398e-05,1.073644313911908026e-05,1.015125679833901381e-05,1.039197435923104395e-05,1.044287211718675549e-05,1.057131319689619889e-05,1.011439391216498172e-05,1.031619917543232952e-05,1.049285363056425405e-05,1.041503720996841108e-05,1.047104079928406655e-05,1.049031508013854391e-05,1.044038035533182856e-05,1.022569241869007564e-05,1.036940930157395879e-05
1.266565700717174708e-05,1.289043403610775326e-05,1.265084717258227298e-05,1.250455898535444122e-05,1.228761881853391723e-05,1.222776470767379103e-05,1.215021370508912925e-05,1.198616740927109919e-05,1.196994778724932010e-05,1.203250578134145349e-05,1.189966425903633498e-05,1.161211859354346837e-05,1.170910429250206623e-05,1.162032161486648188e-05,1.160455207671823147e-05,1.155500364102901372e-05,1.146184292728507621e-05,1.115637688444457290e-05,1.090959309372851266e-05,1.061498541175942065e-05,1.073505576407264152e-05,1.035689998116910984e-05,1.005182968406268695e-05,1.066239109544633572e-05,1.071523820598906249e-05,1.053982274439441644e-05,1.067564585870203364e-05,1.044661617565562381e-05,1.030328431165885742e-05,1.006948124177490802e-05,1.011143356589988100e-05,1.027165902659465405e-05,9.966470855143448463e-06,9.819975145782023111e-06,9.852024373326375426e-06,1.004503799503650907e-05,9.813364178875272394e-06,9.823974819714249217e-06,9.694503637305986900e-06,9.784354719488196374e-06,9.725637890165897878e-06,9.586381240813481074e-06,9.818183235160383713e-06,9.601912224036446774e-06,9.610685253453774105e-06,9.646942645919443594e-06,9.583247355851643283e-06,9.724213128816999044e-06,9.579493357916891858e-06,9.678025015905321655e-06,9.718900794848391955e-06,9.636540639596395593e-06,9.461683752256960054e-06,9.519143469089986321e-06,9.553635507823756955e-06,9.371338436389107927e-06,9.590103343968124609e-06,9.812802723392080665e-06,9.690494234236377098e-06,9.467032802108600142e-06,9.559141785881823921e-06,9.997380924532493226e-06,9.658040826592669142e-06,9.697846047653294055e-06,9.786305937898710056e-06,9.755353863044112468e-06,9.488179355750054266e-06,9.670439126266586291e-06,9.591194422469714555e-06,9.615275519156157196e-06,9.339853784100091548e-06,9.503148045891227124e-06,9.602923624209883894e-06,9.596224875394038291e-06,9.845982326428257204e-06,9.464524321156607287e-06,9.434065324240760661e-06,9.302577399202518330e-06,9.298939078914303995e-06
1.231533083962950749e-05,1.254481960356713579e-05,1.223587729485124697e-05,1.202025028036187025e-05,1.198904703177770662e-05,1.166305078132782065e-05,1.157527015289375199e-05,1.136614729114087686e-05,1.131208536696908292e-05,1.134238904668701603e-05,1.108492879592578913e-05,1.087892282044259454e-05,1.092464113216966165e-05,1.085072238967999545e-05,1.076908233112489364e-05,1.061514719191079759e-05,1.053410942446047925e-05,1.033617740878207952e-05,1.000197297716369995e-05,9.941392637016268632e-06,1.035689998116910984e-05,1.077973386126093380e-05,1.245936186406645082e-05,1.056215231651473906e-05,1.004853304834922749e-05,9.601383777244126762e-06,9.772624846161496955e-06,9.630709386010232926e-06,9.203744901984038624e-06,8.870565457117357883e-06,8.894571447778714459e-06,9.035637905712020244e-06,8.751184275153833027e-06,8.806865796151753923e-06,8.545542028418478487e-06,8.777327615204575105e-06,8.485342200605299563e-06,8.522688651441516098e-06,8.963864621102547042e-06,8.590666230551193428e-06,8.414976341125950780e-06,8.314098455401258727e-06,8.890531710515043345e-06,8.365462037505455931e-06,8.688968502815237483e-06,8.163752595732281760e-06,8.360362427079075400e-06,8.361750931786139025e-06,8.269660363184475407e-06,8.142950962349347301e-06,8.182828739407025580e-06,8.103503779981371366e-06,7.880373889287022634e-06,8.030110946112493700e-06,7.977159233278320065e-06,7.850167402550190193e-06,7.988477974906685856e-06,8.167444559224210784e-06,8.080609736180725420e-06,8.077782864972340957e-06,8.008556516207842498e-06,8.394568478576955922e-06,8.071094504383828823e-06,8.131885556947386585e-06,8.261054453984889505e-06,8.217268918653563198e-06,8.636275139154776142e-06,8.561035194686796593e-06,8.318430273489913553e-06,8.094221143276189153e-06,8.104578119370508532e-06,8.385056671950119012e-06,8.168737493610260750e-06,8.726298519429576169e-06,8.678496122324497598e-06,8.150506075608316458e-06,7.963173012545975610e-06,7.967329057901806957e-06,7.848453392503349144e-06
1.109740824572751743e-05,1.150842309427654347e-05,1.094353827212166384e-05,1.051811565316447608e-05,1.117690337624721848e-05,9.987103500429123036e-06,9.766227212179519118e-06,9.525365513226266261e-06,9.349886503529091403e-06,9.180637138295600594e-06,8.373793936117491311e-06,8.690384295675188746e-06,8.410779959835342035e-06,8.372451347729177313e-06,8.163262278583067842e-06,7.720096736664159396e-06,7.651963730183367494e-06,7.792817761375765527e-06,7.186221759126743828e-06,8.046552178767445862e-06,1.005182968406268695e-05,1.245936186406645082e-05,2.252211765263298940e-05,1.093285091338097858e-05,8.152481505288451579e-06,6.631761797590064314e-06,6.986475958573286482e-06,7.035738157777794423e-06,5.734737150171107217e-06,5.020821205703522709e-06,4.980927634582391169e-06,5.186227870774655764e-06,4.839189739550950380e-06,5.496939375520079973e-06,4.414326019486538975e-06,4.729145108545174024e-06,4.165357441075456295e-06,4.446255889000398603e-06,6.892652640803634609e-06,5.042490825560433916e-06,4.270685876534765408e-06,4.244842555339429709e-06,6.388171300046291792e-06,4.577777085256062528e-06,5.843780411723293342e-06,3.358392014164080385e-06,4.522514111165502138e-06,4.098471291953399066e-06,4.103079575232760278e-06,3.104674541197778357e-06,3.183985206498935274e-06,2.993258301286008332e-06,2.592742761988194559e-06,3.097083007185275161e-06,2.760536088676700252e-06,2.644679906900582812e-06,2.583433492111222263e-06,2.683397102565100866e-06,2.492643823732190430e-06,3.448889973628162250e-06,2.705075275057389380e-06,2.936615402663273958e-06,2.519852933156387746e-06,2.532576414721707540e-06,2.946214751672858084e-06,2.718576684520160203e-06,5.195182122265097581e-06,4.573566536937594618e-06,3.772681234337253163e-06,2.797040356122351294e-06,3.830065908298814983e-06,4.249255810623058505e-06,3.055459466222274508e-06,4.963697528706106931e-06,4.769918427028494920e-06,3.103971507224147293e-06,2.511794636833282059e-06,3.020431839674459198e-06,2.408067049146494856e-06
1.224334234916162949e-05,1.250337821962566288e-05,1.225664564138126431e-05,1.211229958630068996e-05,1.197817054047089633e-05,1.186839331244700050e-05,1.183525734218958509e-05,1.169561677122668576e-05,1.166644714393615038e-05,1.173845573397538530e-05,1.157302967321724145e-05,1.133084946303212157e-05,1.144862618848953558e-05,1.136491808395709882e-05,1.138742619121847547e-05,1.129522031964280864e-05,1.121609943811355656e-05,1.093957676198298780e-05,1.066784893168078272e-05,1.048743411630884880e-05,1.066239109544633572e-05,1.056215231651473906e-05,1.093285091338097858e-05,1.085570261300017379e-05,1.064259655711908317e-05,1.038962952350380934e-05,1.055810953553635158e-05,1.036056645967800323e-05,1.012721285778114961e-05,9.861717117189036687e-06,9.903027133722958660e-06,1.007235818007460733e-05,9.793112364041898327e-06,9.685347675324725835e-06,9.648376678249428461e-06,9.840560854680917023e-06,9.598819868961331545e-06,9.643427532942122767e-06,9.676251005860080689e-06,9.631302741931128180e-06,9.539785501168202472e-06,9.404940601211287020e-06,9.770102625661803309e-06,9.436800114342804610e-06,9.534702309388061545e-06,9.437504953626258393e-06,9.445547270697342084e-06,9.544443367056436030e-06,9.410944347385899749e-06,9.432933157641678948e-06,9.489253361216504635e-06,9.401987342218422663e-06,9.217073068996276287e-06,9.311125271889698389e-06,9.306539500935774359e-06,9.155568669912401671e-06,9.331970205720510782e-06,9.563411149564070887e-06,9.450522594524059274e-06,9.297715821981980165e-06,9.358658942928446578e-06,9.775418677687534446e-06,9.448119223871043971e-06,9.479533005485522480e-06,9.579541373833468966e-06,9.547486180890456850e-06,9.470656833959642824e-06,9.578670529653679475e-06,9.448079928857400041e-06,9.421160867372618402e-06,9.244605594666810739e-06,9.415381218735006003e-06,9.412487948842027823e-06,9.570880704508283736e-06,9.763619325306626464e-06,9.307576422779896970e-06,9.264864161249509569e-06,9.165508545945969503e-06,9.119912467479985763e-06
1.241420373589872671e-05,1.263006632095013825e-05,1.247831560783693123e-05,1.238430859349474548e-05,1.208931002666624750e-05,1.220429395821121072e-05,1.222482482567872071e-05,1.210370829721134803e-05,1.209419618927432244e-05,1.228880752711861242e-05,1.230532324366193622e-05,1.188747629941010435e-05,1.209262566475205682e-05,1.204006110113070265e-05,1.209746391162124685e-05,1.207093694758463167e-05,1.198223213118398996e-05,1.162848819572270310e-05,1.142711432389409559e-05,1.096879101138774248e-05,1.071523820598906249e-05,1.004853304834922749e-05,8.152481505288451579e-06,1.064259655711908317e-05,1.131466081482508781e-05,1.126390711633695123e-05,1.138628568735333895e-05,1.113908316188962262e-05,1.115891768744043628e-05,1.097772709072523698e-05,1.106439250277115109e-05,1.119282655418024711e-05,1.092458558618107997e-05,1.062606370612209816e-05,1.082988966280459855e-05,1.101522762350745738e-05,1.083935116252269939e-05,1.082012026503972086e-05,1.027340680211050950e-05,1.065966466336548457e-05,1.075199460496096486e-05,1.056907579427169198e-05,1.049055241682054894e-05,1.056944066258089296e-05,1.039440666781593551e-05,1.085683238949010982e-05,1.058800951178052941e-05,1.080840721153551344e-05,1.064648577307482224e-05,1.093436878405193342e-05,1.098549636852333471e-05,1.093086485804161984e-05,1.079662039264939090e-05,1.079866156567876039e-05,1.086694132345092155e-05,1.068762543453614443e-05,1.097865746666446695e-05,1.122288975052376370e-05,1.115403695091102867e-05,1.071965333920909038e-05,1.097412799501624832e-05,1.145418816985019082e-05,1.116148978963848402e-05,1.124519844043885008e-05,1.128898778911547293e-05,1.128220447096523604e-05,1.058101343247783290e-05,1.084713488857246236e-05,1.088909097425194247e-05,1.104343304393566194e-05,1.053712943217943749e-05,1.071293359940332487e-05,1.104693506504231998e-05,1.079019727424686151e-05,1.108433627079346529e-05,1.091542726682704651e-05,1.098464547336085883e-05,1.077202124941025432e-05,1.080768416119881252e-05
1.218605708447286362e-05,1.233471352560753150e-05,1.224296416278097681e-05,1.222094899057470106e-05,1.182838936532506284e-05,1.207270861510382428e-05,1.212513540173295386e-05,1.203315276450974994e-05,1.205295030113707500e-05,1.224328591161431952e-05,1.232756431638947938e-05,1.188119502852054666e-05,1.210393585115799620e-05,1.206306800332876042e-05,1.217001330778790628e-05,1.215621800399346372e-05,1.207106531900157084e-05,1.175493875250521096e-05,1.163049049040556857e-05,1.104570126560146603e-05,1.053982274439441644e-05,9.601383777244126762e-06,6.631761797590064314e-06,1.038962952350380934e-05,1.126390711633695123e-05,1.159769360117445482e-05,1.157876476692751493e-05,1.135276118177968839e-05,1.151889239216470332e-05,1.140451096193012528e-05,1.149576274703814505e-05,1.164303749057189250e-05,1.137247621553141214e-05,1.103454975355990184e-05,1.133229131679105609e-05,1.151671065525324464e-05,1.137852157100493735e-05,1.132508035571460971e-05,1.053635642282381507e-05,1.112712908485892338e-05,1.130282682095032512e-05,1.110316491013661438e-05,1.082016404565314635e-05,1.105460633630110339e-05,1.076486200013748219e-05,1.149898242246536870e-05,1.109481716915386097e-05,1.138577605071823529e-05,1.120738946145940636e-05,1.158930833371323032e-05,1.163583429500976888e-05,1.160307241877962906e-05,1.151198726394915476e-05,1.145529173926487656e-05,1.156676274465787049e-05,1.138803998735156141e-05,1.169749570646631759e-05,1.194612106673532014e-05,1.188838630092749200e-05,1.132257842994794614e-05,1.164653989753681517e-05,1.213956613603094695e-05,1.184675844614216522e-05,1.193362086445543422e-05,1.194350261451434512e-05,1.198119653780909962e-05,1.098635700796352535e-05,1.131257452889124959e-05,1.147186874754619187e-05,1.173474169963545876e-05,1.107200733021470946e-05,1.119868455182550179e-05,1.165212354691863462e-05,1.118895442041181999e-05,1.151086471593677375e-05,1.152742565584553661e-05,1.165996074874010571e-05,1.135543975396269132e-05,1.146242115987057531e-05
1.213673195565378256e-05,1.235883621099931846e-05,1.224163461634877177e-05,1.219962925556374022e-05,1.184518256243894069e-05,1.208764765724880966e-05,1.216004175187252523e-05,1.205614957693177766e-05,1.209336505198843713e-05,1.229604655054561815e-05,1.237233501130923411e-05,1.194173434201460010e-05,1.218281382505569170e-05,1.213862857354668387e-05,1.223818216269741419e-05,1.226734581565040200e-05,1.217359412981595276e-05,1.182029870072377449e-05,1.168842668843075862e-05,1.114297439294891507e-05,1.067564585870203364e-05,9.772624846161496955e-06,6.986475958573286482e-06,1.055810953553635158e-05,1.138628568735333895e-05,1.157876476692751493e-05,1.174304492898309140e-05,1.142599360962874786e-05,1.155520495461154413e-05,1.143868111231637988e-05,1.156483047735666114e-05,1.170565933228392023e-05,1.142016075302260539e-05,1.110065728695231208e-05,1.138958161595035496e-05,1.154726725488956795e-05,1.142191586318225472e-05,1.139490043673687911e-05,1.061809174025838754e-05,1.118035810041983588e-05,1.133610152788077441e-05,1.116258349475585675e-05,1.090573612194597454e-05,1.111380093071299590e-05,1.082932578880204085e-05,1.153087129939354016e-05,1.113012658628474034e-05,1.143009006904027337e-05,1.125371013215734256e-05,1.164215331155300901e-05,1.170366694551050349e-05,1.163491413150856948e-05,1.153353717810158949e-05,1.149910863786337860e-05,1.160338149279706641e-05,1.142987734900118365e-05,1.170696150690187644e-05,1.198410357506283386e-05,1.191792491824002101e-05,1.137614518016900277e-05,1.168979570706854113e-05,1.220059658239354613e-05,1.189780492097674915e-05,1.196809670040786682e-05,1.197007270882210949e-05,1.200699579953170555e-05,1.107342294817117812e-05,1.142457670563440518e-05,1.153272594413772990e-05,1.178030654152677192e-05,1.117658019911975746e-05,1.130523806533650851e-05,1.171859221346742533e-05,1.131093578716383809e-05,1.160439069655452149e-05,1.158023843420340393e-05,1.172516265984555250e-05,1.143885156065107475e-05,1.156072223393603217e-05
1.169459889664679524e-05,1.186425829789707553e-05,1.178322614111339057e-05,1.178578047805183969e-05,1.142874298525278589e-05,1.166942572917607197e-05,1.173836697093456826e-05,1.166108039253076446e-05,1.168533376166741678e-05,1.190340469559799427e-05,1.197775967547239563e-05,1.156122346143424058e-05,1.179055431905285001e-05,1.176283307631912091e-05,1.185191950251430125e-05,1.187789873333349189e-05,1.178899569467011568e-05,1.152394165405839150e-05,1.140286888897162506e-05,1.090659806567125495e-05,1.044661617565562381e-05,9.630709386010232926e-06,7.035738157777794423e-06,1.036056645967800323e-05,1.113908316188962262e-05,1.135276118177968839e-05,1.142599360962874786e-05,1.134103532285846063e-05,1.138337017035729897e-05,1.124972719468345079e-05,1.137468138352899456e-05,1.153312167445866857e-05,1.126680409049834471e-05,1.101215865940246883e-05,1.123045277779851617e-05,1.138112874399747272e-05,1.127597472202314656e-05,1.124706060754117464e-05,1.057117126182795559e-05,1.106122850353157313e-05,1.122801019155884113e-05,1.103542355674879549e-05,1.078101055472030300e-05,1.099396350722411558e-05,1.079384904323064794e-05,1.139643782637363518e-05,1.104651640281016756e-05,1.132468849963773965e-05,1.112827480267656810e-05,1.149332847530270648e-05,1.155108278311414123e-05,1.151084444545862022e-05,1.144463050755583773e-05,1.140054145138612003e-05,1.150053190608901698e-05,1.130296701994980931e-05,1.159620080849593737e-05,1.185751417935986137e-05,1.179667028510714772e-05,1.127082988859982696e-05,1.154242480172301408e-05,1.204862932819058561e-05,1.175057800002472872e-05,1.182727005444192698e-05,1.188649283934970645e-05,1.191328183697916384e-05,1.110025405275700862e-05,1.135803246875412102e-05,1.147944198053505628e-05,1.168550707813385558e-05,1.113205936895471508e-05,1.126481904507521702e-05,1.158187701298352814e-05,1.132111675914868926e-05,1.147022260954109995e-05,1.152836108908502454e-05,1.164198049924703988e-05,1.135353719416516109e-05,1.151615689595421054e-05
1.152023198288528709e-05,1.166938068281078125e-05,1.163192717299154975e-05,1.166824319900234294e-05,1.123681228345229306e-05,1.157062098660383488e-05,1.166552313140054801e-05,1.161461269793947679e-05,1.165133702794003155e-05,1.186707442500194154e-05,1.199854156138280624e-05,1.155328567628406363e-05,1.179618069920119256e-05,1.179278191419160417e-05,1.191502223671914795e-05,1.197571381107458271e-05,1.188693326054028887e-05,1.158378820947974661e-05,1.150880000071545213e-05,1.091324390336285079e-05,1.030328431165885742e-05,9.203744901984038624e-06,5.734737150171107217e-06,1.012721285778114961e-05,1.115891768744043628e-05,1.151889239216470332e-05,1.155520495461154413e-05,1.138337017035729897e-05,1.170664695687622545e-05,1.153813737907038831e-05,1.167660611108217488e-05,1.181319884092239247e-05,1.157390024221304497e-05,1.120209280758146665e-05,1.156631311178010414e-05,1.171971611199764334e-05,1.162707687409055269e-05,1.158804545720426781e-05,1.063099733556301911e-05,1.136520965977120533e-05,1.158017538324584862e-05,1.135909567143036334e-05,1.095464071307836907e-05,1.133320304327408324e-05,1.096967889301656602e-05,1.183615742791622464e-05,1.137563194230925598e-05,1.170361431987444634e-05,1.151290307616840885e-05,1.196661361762056563e-05,1.201963529547894790e-05,1.198522121922814836e-05,1.192788543248705100e-05,1.183490132721344406e-05,1.197650317474294053e-05,1.177929679123182776e-05,1.209550202981608503e-05,1.238007890946109837e-05,1.231485008869755093e-05,1.168907886959598501e-05,1.203808221429300824e-05,1.252525962538029972e-05,1.223641221706770675e-05,1.231249604582705251e-05,1.235445896251017053e-05,1.238635143005345530e-05,1.122320347449652486e-05,1.159975643287155606e-05,1.179884420368686151e-05,1.212017927106733689e-05,1.142661236725579767e-05,1.149596065471581094e-05,1.200719538705666597e-05,1.139584762845202145e-05,1.177327651669569055e-05,1.188839956539110770e-05,1.205818430677466123e-05,1.172915659159832464e-05,1.191149233109332655e-05
1.099026139816249606e-05,1.115733237206121084e-05,1.115615078425358408e-05,1.120315850670104151e-05,1.076603521770653144e-05,1.119073509550389164e-05,1.130764158476793534e-05,1.127067931954662295e-05,1.133877775255701940e-05,1.154467758276207806e-05,1.174304638491309110e-05,1.127636682411872022e-05,1.155914553115379926e-05,1.154557964850600977e-05,1.167016082219434754e-05,1.177616876924224095e-05,1.170823354670482153e-05,1.138912343681587890e-05,1.134784276253553056e-05,1.074801093112375257e-05,1.006948124177490802e-05,8.870565457117357883e-06,5.020821205703522709e-06,9.861717117189036687e-06,1.097772709072523698e-05,1.140451096193012528e-05,1.143868111231637988e-05,1.124972719468345079e-05,1.153813737907038831e-05,1.160197375802565572e-05,1.165409653580051959e-05,1.182068148306598135e-05,1.157714833648103730e-05,1.120071624315681960e-05,1.160903824730911841e-05,1.173532275022697418e-05,1.169758766562120472e-05,1.163202459106670271e-05,1.061007064625739372e-05,1.139584381012519879e-05,1.164089621590942808e-05,1.143661661799323797e-05,1.094441744407169620e-05,1.138722381250545800e-05,1.097573990781648961e-05,1.192954257680189472e-05,1.141683468846390062e-05,1.179698180576412520e-05,1.157633728137947378e-05,1.206334372315213186e-05,1.213247982653277332e-05,1.209246578636102834e-05,1.206038189400536123e-05,1.192504663369167973e-05,1.208179836938843534e-05,1.190174164034843481e-05,1.220036263266866992e-05,1.251755072949086799e-05,1.241868642345699183e-05,1.177056767234486867e-05,1.213106301460476085e-05,1.262839247452770713e-05,1.235013145147921692e-05,1.238655584975633558e-05,1.242063463890570248e-05,1.246210216722915333e-05,1.122728904053765513e-05,1.162186740914285751e-05,1.189212821625263848e-05,1.220470929939279392e-05,1.152893709095311401e-05,1.158509913908789131e-05,1.207357291815009522e-05,1.140782822591734226e-05,1.178247285228268755e-05,1.197983285756079015e-05,1.214915628886634648e-05,1.178799488825356326e-05,1.201086611010217309e-05
1.082817741214946209e-05,1.101563250501469825e-05,1.102382950877419586e-05,1.108202216309833881e-05,1.066716840973244991e-05,1.109797895912425369e-05,1.122723236736414290e-05,1.119806412771961757e-05,1.128116793389341575e-05,1.153329551164774610e-05,1.171148763892516058e-05,1.126665887108860012e-05,1.156669085360531632e-05,1.156038134413922551e-05,1.171728898996212292e-05,1.182197267837073854e-05,1.175672901519998229e-05,1.145237400660847265e-05,1.141918909020147599e-05,1.080506561551285092e-05,1.011143356589988100e-05,8.894571447778714459e-06,4.980927634582391169e-06,9.903027133722958660e-06,1.106439250277115109e-05,1.149576274703814505e-05,1.156483047735666114e-05,1.137468138352899456e-05,1.167660611108217488e-05,1.165409653580051959e-05,1.187515040426767121e-05,1.196979602891768877e-05,1.170817920871674821e-05,1.133598394697995314e-05,1.176554448247709178e-05,1.187807690833214568e-05,1.185047416553221501e-05,1.179533281342109045e-05,1.074840771683247829e-05,1.155307622799518645e-05,1.180999856903323398e-05,1.160883957805940149e-05,1.111584510633889056e-05,1.155940824536573101e-05,1.112992494487934620e-05,1.211365633674497539e-05,1.159036590942401953e-05,1.198423518943011489e-05,1.175448182404082783e-05,1.227595511736364437e-05,1.235532394485004979e-05,1.229165912262612774e-05,1.226674443405486216e-05,1.214613192484028784e-05,1.231136210182988904e-05,1.210798668232230167e-05,1.242302979379034048e-05,1.273165611347310088e-05,1.265343027616224999e-05,1.198063179578112991e-05,1.236644756972080382e-05,1.286100266105873030e-05,1.257157977598579648e-05,1.263111622728556251e-05,1.266586351227540845e-05,1.269180455144220315e-05,1.144949081316522463e-05,1.184401800982926645e-05,1.212419081382485712e-05,1.245255145762548681e-05,1.173784290010809735e-05,1.179830245037831665e-05,1.230390406517373226e-05,1.164798938840046040e-05,1.200405668895080929e-05,1.219422188165481082e-05,1.241002596171350352e-05,1.203034405435320402e-05,1.225859310522365790e-05
1.074103746319809242e-05,1.094829193315946425e-05,1.095169716578071820e-05,1.105027598503495654e-05,1.064064625419920404e-05,1.109732103876078034e-05,1.125440304212877103e-05,1.123085080671940453e-05,1.129685040667366911e-05,1.156234421491759493e-05,1.174699105512600694e-05,1.131140438829346140e-05,1.160394298801777547e-05,1.160969549473189656e-05,1.178627684106561909e-05,1.190206989698832736e-05,1.185217215532228132e-05,1.155803928536689763e-05,1.153010809657713657e-05,1.093572229588895711e-05,1.027165902659465405e-05,9.035637905712020244e-06,5.186227870774655764e-06,1.007235818007460733e-05,1.119282655418024711e-05,1.164303749057189250e-05,1.170565933228392023e-05,1.153312167445866857e-05,1.181319884092239247e-05,1.182068148306598135e-05,1.196979602891768877e-05,1.224648172445785409e-05,1.190340083975296868e-05,1.155112492899394154e-05,1.196395139363130499e-05,1.208866486277701614e-05,1.204579544083168081e-05,1.201270001516267177e-05,1.096719597827314041e-05,1.177808527383439372e-05,1.203286195800528960e-05,1.182355292003691123e-05,1.134455255460196115e-05,1.178351314209152736e-05,1.136601443117363883e-05,1.234399379185162717e-05,1.181976597420849920e-05,1.220696408296276064e-05,1.199347759217615454e-05,1.249727334625616167e-05,1.257996414407283657e-05,1.251573149031400948e-05,1.248896033166098086e-05,1.236353931836587587e-05,1.251951227767038223e-05,1.232837710272631015e-05,1.262818259527251351e-05,1.295183042824925392e-05,1.285954466045787052e-05,1.218898725777124927e-05,1.256873716914039749e-05,1.304798161372759236e-05,1.276402143120544829e-05,1.280784794263960396e-05,1.283517395922692482e-05,1.286863398894330159e-05,1.162972500332651339e-05,1.204073536756989885e-05,1.230105513345795560e-05,1.263564386052853422e-05,1.197911988039334549e-05,1.200096587489621130e-05,1.244555573849637492e-05,1.179277510010661421e-05,1.216574565100839404e-05,1.234530655377151968e-05,1.258099568335818569e-05,1.220804299356840087e-05,1.242904494444752256e-05
1.041040490146578361e-05,1.061103897224261570e-05,1.063711222170673671e-05,1.074519793535454499e-05,1.033004343410196159e-05,1.077865877342382318e-05,1.093304540604857050e-05,1.091090296184083950e-05,1.099005062005737891e-05,1.123867196643272607e-05,1.143866332529814809e-05,1.101931592578245321e-05,1.130517548522201040e-05,1.129968992736509914e-05,1.147361245724230088e-05,1.160262185721804796e-05,1.155132940760803275e-05,1.126782475716156714e-05,1.124920643438466228e-05,1.066901150370241197e-05,9.966470855143448463e-06,8.751184275153833027e-06,4.839189739550950380e-06,9.793112364041898327e-06,1.092458558618107997e-05,1.137247621553141214e-05,1.142016075302260539e-05,1.126680409049834471e-05,1.157390024221304497e-05,1.157714833648103730e-05,1.170817920871674821e-05,1.190340083975296868e-05,1.173943306965012001e-05,1.129132717783298026e-05,1.172546044349095256e-05,1.184582721548824958e-05,1.182188394743436585e-05,1.176803252856871747e-05,1.072281633127989199e-05,1.152312856323411081e-05,1.179522550758140558e-05,1.157647888164442265e-05,1.109712748705937732e-05,1.155631091135967738e-05,1.111020620276247470e-05,1.209452147130598605e-05,1.159225230419848242e-05,1.196719195865726136e-05,1.175086794941561461e-05,1.226149499790608279e-05,1.233400443947495223e-05,1.229611014566699160e-05,1.227144252510370726e-05,1.212678977168828281e-05,1.230057955747796447e-05,1.212220552265122358e-05,1.240841745830919675e-05,1.271786520966388847e-05,1.263811136321325917e-05,1.198183726148699625e-05,1.233954372750774383e-05,1.281760792434987569e-05,1.255978719112767267e-05,1.259198974805801029e-05,1.262246242629912685e-05,1.265662404517874424e-05,1.141054104618243087e-05,1.179322036610237027e-05,1.207688255372898373e-05,1.242527408063884438e-05,1.173823138253063674e-05,1.177420116382459414e-05,1.222657100376004681e-05,1.156778635665931231e-05,1.192687227028982386e-05,1.214922003721773683e-05,1.234992169722887121e-05,1.198057316842212330e-05,1.222996441659893985e-05
1.023325926744781073e-05,1.043247970733812521e-05,1.043716770063827652e-05,1.051781037943560699e-05,1.012588656044935210e-05,1.053103075298251863e-05,1.067677142204408117e-05,1.063198926418855381e-05,1.072730332953261123e-05,1.092437699267595891e-05,1.109130258197919629e-05,1.070552235900247475e-05,1.098886028678155400e-05,1.096485444546223823e-05,1.109994881117602991e-05,1.124862355469807444e-05,1.118561918512743667e-05,1.097211766299147945e-05,1.094567126786398137e-05,1.045283423742690514e-05,9.819975145782023111e-06,8.806865796151753923e-06,5.496939375520079973e-06,9.685347675324725835e-06,1.062606370612209816e-05,1.103454975355990184e-05,1.110065728695231208e-05,1.101215865940246883e-05,1.120209280758146665e-05,1.120071624315681960e-05,1.133598394697995314e-05,1.155112492899394154e-05,1.129132717783298026e-05,1.117258517253184053e-05,1.136549229932972704e-05,1.147563505346507008e-05,1.142506917401329025e-05,1.140637477267409691e-05,1.059753917589837171e-05,1.119074435368745672e-05,1.143339100967642651e-05,1.130557560453163328e-05,1.084277608531805594e-05,1.119309851558098693e-05,1.092857716993734142e-05,1.165772230827927463e-05,1.124896973545869313e-05,1.158683093266707460e-05,1.139862343561432590e-05,1.181177442259253332e-05,1.190826405157248598e-05,1.185307133912805907e-05,1.182157330536610762e-05,1.172775498188570067e-05,1.184737061109455648e-05,1.170727156756277759e-05,1.194525688113193425e-05,1.225404701695666801e-05,1.214255619185211643e-05,1.153795282565814945e-05,1.182370917432960043e-05,1.229984738568845038e-05,1.205097133891158142e-05,1.206786095898961246e-05,1.214967728303252753e-05,1.216748976808864297e-05,1.126514070511712824e-05,1.150993711762683273e-05,1.177322051318040401e-05,1.195170777634816326e-05,1.144593631780365840e-05,1.155295862064964251e-05,1.178218091331699969e-05,1.143495436132705947e-05,1.149640431179279385e-05,1.182393272163960728e-05,1.193097586707123760e-05,1.156507772505435412e-05,1.186632295331395947e-05
9.966284386111704679e-06,1.019077624991778946e-05,1.023596772893254744e-05,1.034194432118233928e-05,9.958447805437987930e-06,1.044957013854922862e-05,1.063040960849149513e-05,1.062423507185351161e-05,1.074181700991196351e-05,1.096241417649824938e-05,1.118374398343657873e-05,1.079790739809670441e-05,1.110000097268134246e-05,1.109923156303370493e-05,1.127315328825371334e-05,1.147523765645258163e-05,1.141392988785159231e-05,1.114615667770360187e-05,1.114364485495059606e-05,1.058795049068239925e-05,9.852024373326375426e-06,8.545542028418478487e-06,4.414326019486538975e-06,9.648376678249428461e-06,1.082988966280459855e-05,1.133229131679105609e-05,1.138958161595035496e-05,1.123045277779851617e-05,1.156631311178010414e-05,1.160903824730911841e-05,1.176554448247709178e-05,1.196395139363130499e-05,1.172546044349095256e-05,1.136549229932972704e-05,1.190495383963181574e-05,1.191197166498568309e-05,1.195034570896077418e-05,1.191791740436000837e-05,1.081020981579674205e-05,1.166958234059308986e-05,1.194513452646027885e-05,1.174632741502842612e-05,1.119933255425288063e-05,1.171022074763718996e-05,1.122665537124112446e-05,1.226297040748311124e-05,1.173796265523800763e-05,1.214908435604114788e-05,1.190044495033060651e-05,1.244674334588784870e-05,1.253061675972264812e-05,1.246775362494825825e-05,1.248474761139750843e-05,1.233182492481815465e-05,1.250236225457199501e-05,1.232100733032785213e-05,1.262307327344184482e-05,1.293237657256614854e-05,1.283338635315486448e-05,1.217059780382582723e-05,1.253243432511126918e-05,1.298809349975046487e-05,1.273710631445430551e-05,1.275175593389990364e-05,1.277788622275704616e-05,1.282906761996182717e-05,1.151950254283236795e-05,1.192632418430651763e-05,1.225493039892201031e-05,1.259924850765415623e-05,1.193418782812499275e-05,1.192430776738228993e-05,1.238026970981704459e-05,1.162393306628528418e-05,1.204017442416575579e-05,1.229740975911931446e-05,1.253338940381247562e-05,1.214120782892885540e-05,1.241012934470493610e-05
1.032808936634168718e-05,1.049865864395647465e-05,1.054819539641696711e-05,1.067331202706805195e-05,1.026697234782318206e-05,1.072912677897201504e-05,1.089965187901752558e-05,1.090888133534663343e-05,1.099109875254158378e-05,1.124986796066415545e-05,1.144217154549509914e-05,1.102800864634304108e-05,1.132015164630778529e-05,1.133223331387065896e-05,1.152420101682858288e-05,1.167572150660021068e-05,1.161479515706924691e-05,1.134339909502415176e-05,1.133357167464362281e-05,1.073731464611869183e-05,1.004503799503650907e-05,8.777327615204575105e-06,4.729145108545174024e-06,9.840560854680917023e-06,1.101522762350745738e-05,1.151671065525324464e-05,1.154726725488956795e-05,1.138112874399747272e-05,1.171971611199764334e-05,1.173532275022697418e-05,1.187807690833214568e-05,1.208866486277701614e-05,1.184582721548824958e-05,1.147563505346507008e-05,1.191197166498568309e-05,1.214159905780865495e-05,1.200802604588952815e-05,1.199900606863635490e-05,1.091182200794006614e-05,1.174154191029502066e-05,1.200967085311503768e-05,1.179569798746557504e-05,1.128518757844135034e-05,1.177847081183417675e-05,1.133626728708395178e-05,1.233953829714113314e-05,1.183031205891165516e-05,1.222245838641817413e-05,1.198480765059315051e-05,1.250875117204792333e-05,1.258079865722471487e-05,1.254660769011221325e-05,1.252858678312112213e-05,1.238394776529091736e-05,1.256013987278655568e-05,1.238487543158421570e-05,1.270233572067859737e-05,1.300217802124882313e-05,1.291679869929797961e-05,1.225119592661797783e-05,1.261193426940352990e-05,1.309316696956226575e-05,1.282629358228763982e-05,1.284666308224084692e-05,1.289150014759433247e-05,1.292714581135092715e-05,1.161121784415502549e-05,1.202419461821056537e-05,1.233969435892085850e-05,1.267745410416504322e-05,1.199642245736447369e-05,1.200616031281458095e-05,1.249538707642430671e-05,1.174384029048717983e-05,1.215913470434352001e-05,1.238560123360172053e-05,1.263312040716259753e-05,1.222285594663370301e-05,1.246806379884800986e-05
9.855935963171146458e-06,1.007338399411459524e-05,1.013328278731426061e-05,1.027234941403963923e-05,9.863678027974777501e-06,1.038781840664288101e-05,1.056351784036632997e-05,1.058109031802083959e-05,1.069455551911827816e-05,1.093129310435980290e-05,1.118200825654784580e-05,1.077374830046975193e-05,1.106939111417214845e-05,1.109263458541336636e-05,1.128295929984170433e-05,1.148129946890140045e-05,1.140527187012200293e-05,1.116273881489938324e-05,1.115633754977246860e-05,1.058591954006608455e-05,9.813364178875272394e-06,8.485342200605299563e-06,4.165357441075456295e-06,9.598819868961331545e-06,1.083935116252269939e-05,1.137852157100493735e-05,1.142191586318225472e-05,1.127597472202314656e-05,1.162707687409055269e-05,1.169758766562120472e-05,1.185047416553221501e-05,1.204579544083168081e-05,1.182188394743436585e-05,1.142506917401329025e-05,1.195034570896077418e-05,1.200802604588952815e-05,1.212007333029252096e-05,1.200189922745385388e-05,1.087021598233341194e-05,1.175881907486826671e-05,1.204651299318058637e-05,1.185479940580321662e-05,1.126579384443784224e-05,1.181836915178922275e-05,1.131572178827444945e-05,1.239395363311015673e-05,1.185595261384307775e-05,1.226805947988125941e-05,1.201199186185960668e-05,1.258287006228008021e-05,1.265489377001082404e-05,1.259395502807439062e-05,1.263479619890757855e-05,1.247776517644918250e-05,1.264937188318211477e-05,1.246143500036734436e-05,1.277141408727998186e-05,1.308233500885486464e-05,1.300006046965221867e-05,1.231103785673108393e-05,1.267455601973348095e-05,1.314590187906394880e-05,1.289064658098070731e-05,1.291255567503456665e-05,1.293290322018343231e-05,1.299189246336482678e-05,1.162583561948753635e-05,1.206214590416852034e-05,1.242200253617168735e-05,1.275290007139480233e-05,1.207582792786213792e-05,1.206585418790676307e-05,1.254310409204316506e-05,1.174702614762100942e-05,1.218595073053316879e-05,1.245739542782426976e-05,1.268509596097972199e-05,1.228848019456189889e-05,1.257978949495544685e-05
9.526019117258765744e-06,9.766159943104199288e-06,9.837237304990307116e-06,9.977020492447421170e-06,9.625722607242295857e-06,1.013947481205519666e-05,1.035315638251129598e-05,1.036046829062264133e-05,1.050088767707220765e-05,1.075778656020552164e-05,1.098636912627685991e-05,1.061583620978373462e-05,1.092753460697305403e-05,1.093534959507221184e-05,1.115934694420628902e-05,1.136291596476146057e-05,1.132064623307166320e-05,1.105380174835593165e-05,1.106986755650464458e-05,1.053702209684597053e-05,9.823974819714249217e-06,8.522688651441516098e-06,4.446255889000398603e-06,9.643427532942122767e-06,1.082012026503972086e-05,1.132508035571460971e-05,1.139490043673687911e-05,1.124706060754117464e-05,1.158804545720426781e-05,1.163202459106670271e-05,1.179533281342109045e-05,1.201270001516267177e-05,1.176803252856871747e-05,1.140637477267409691e-05,1.191791740436000837e-05,1.199900606863635490e-05,1.200189922745385388e-05,1.205906278401598010e-05,1.090007088356610895e-05,1.176823267739907290e-05,1.204060572788590296e-05,1.183039307777745050e-05,1.130076986901743378e-05,1.181887178018415190e-05,1.132326445516426085e-05,1.237429430154929559e-05,1.183920901077581902e-05,1.225610507402052005e-05,1.201823078493064807e-05,1.255020313410432001e-05,1.263757173410022611e-05,1.258414598531305976e-05,1.259471013854191222e-05,1.244510037918772311e-05,1.261684622110437130e-05,1.243475312355452731e-05,1.273633946198370619e-05,1.306375576426768466e-05,1.296402113870769699e-05,1.230952048125286614e-05,1.267139300576116357e-05,1.312553500669752071e-05,1.285766474926602306e-05,1.286803838317038182e-05,1.294319121467205258e-05,1.294315506749401817e-05,1.163064183794349148e-05,1.205260315531062491e-05,1.238246177732250713e-05,1.271618051364961439e-05,1.207506977506694352e-05,1.204976521066902392e-05,1.249380790100049074e-05,1.170833646910039483e-05,1.216169023093898630e-05,1.238665475044543334e-05,1.263644757399839724e-05,1.223138529423154802e-05,1.252143504377624073e-05
9.142583030939829635e-06,9.449789736855870642e-06,9.472770736731572937e-06,9.541483072211236086e-06,9.362758655265016289e-06,9.684291503605620892e-06,9.843153223901623676e-06,9.821373906947446691e-06,9.964985563866042619e-06,1.016073595027127092e-05,1.026980418550670586e-05,9.976761946921629181e-06,1.025259940105545836e-05,1.026264258788800670e-05,1.041576124836122685e-05,1.057839214475287899e-05,1.052644007004261551e-05,1.037759485876022239e-05,1.032089701768063187e-05,1.002606617948448321e-05,9.694503637305986900e-06,8.963864621102547042e-06,6.892652640803634609e-06,9.676251005860080689e-06,1.027340680211050950e-05,1.053635642282381507e-05,1.061809174025838754e-05,1.057117126182795559e-05,1.063099733556301911e-05,1.061007064625739372e-05,1.074840771683247829e-05,1.096719597827314041e-05,1.072281633127989199e-05,1.059753917589837171e-05,1.081020981579674205e-05,1.091182200794006614e-05,1.087021598233341194e-05,1.090007088356610895e-05,1.050446061654719794e-05,1.079400522772862359e-05,1.094839685486683392e-05,1.081781585529892939e-05,1.061272155105970988e-05,1.079105979636544238e-05,1.061313314157122030e-05,1.108622148552328653e-05,1.082432572599385922e-05,1.112514424592997684e-05,1.090801748357866962e-05,1.121102744028425358e-05,1.131425123090917440e-05,1.124495802626288166e-05,1.120466009221481023e-05,1.114521465359682718e-05,1.126544085178199164e-05,1.110033112634238839e-05,1.133735758162058572e-05,1.161493049132625351e-05,1.150216769128867176e-05,1.107399737789343542e-05,1.125405049917077250e-05,1.167640842241198240e-05,1.141544743579120524e-05,1.140971106742626406e-05,1.153303256079887817e-05,1.152331972224497933e-05,1.090756040081577817e-05,1.109695904406775490e-05,1.129505716271384708e-05,1.133717244328912511e-05,1.099981225397575019e-05,1.109648697118750582e-05,1.115498017475584583e-05,1.095498519957144858e-05,1.107682839047293602e-05,1.117185537753609557e-05,1.125058474682269838e-05,1.092036730241053131e-05,1.115973029679129803e-05
9.192088475942593786e-06,9.465391648803095045e-06,9.546473531473679256e-06,9.682341982858481088e-06,9.380200328020146591e-06,9.863816395402761391e-06,1.004900089391153325e-05,1.010862382114830106e-05,1.022681285639205948e-05,1.048262570590018065e-05,1.067907702205686115e-05,1.034769992850003552e-05,1.063446638039851377e-05,1.066969081449743918e-05,1.089598188296267886e-05,1.108751882127673130e-05,1.103215722890960695e-05,1.081165723898103638e-05,1.083797512156017348e-05,1.034455777821852515e-05,9.784354719488196374e-06,8.590666230551193428e-06,5.042490825560433916e-06,9.631302741931128180e-06,1.065966466336548457e-05,1.112712908485892338e-05,1.118035810041983588e-05,1.106122850353157313e-05,1.136520965977120533e-05,1.139584381012519879e-05,1.155307622799518645e-05,1.177808527383439372e-05,1.152312856323411081e-05,1.119074435368745672e-05,1.166958234059308986e-05,1.174154191029502066e-05,1.175881907486826671e-05,1.176823267739907290e-05,1.079400522772862359e-05,1.165752104794874677e-05,1.182284699578178602e-05,1.158614325673968096e-05,1.119191251344902097e-05,1.163465786076902607e-05,1.119874748004378514e-05,1.212357021660487450e-05,1.165168486412648734e-05,1.206195034623368111e-05,1.180231373669547368e-05,1.228462911898730927e-05,1.236580705341752828e-05,1.230156761373027054e-05,1.233019436372277417e-05,1.217813007122832520e-05,1.234814257009188575e-05,1.214399814039301284e-05,1.246959270042354464e-05,1.277318924897638156e-05,1.266869120827441561e-05,1.206299494026949732e-05,1.238737666826033879e-05,1.281360792719413580e-05,1.253847259242082206e-05,1.252841369771603190e-05,1.263736128584275752e-05,1.265035452787871107e-05,1.140750887106290335e-05,1.180247584824399009e-05,1.211666487664972555e-05,1.240722618548084196e-05,1.180979478583600630e-05,1.177662937038608234e-05,1.220325536073883251e-05,1.139532452339579319e-05,1.195716521752201368e-05,1.205268485782440303e-05,1.231915826321615989e-05,1.193005265338756968e-05,1.214346793884985126e-05
9.102652967424525570e-06,9.378845781270781867e-06,9.466909877644167799e-06,9.626254519889717833e-06,9.285704635521374050e-06,9.842045967908556706e-06,1.006711716573590481e-05,1.009898306699993804e-05,1.024829120332728946e-05,1.052459111840241875e-05,1.078556242963616462e-05,1.040317562851290628e-05,1.074095137139988346e-05,1.078071171954343836e-05,1.099490396021934631e-05,1.121726553382989870e-05,1.118399404207963314e-05,1.094391754443257343e-05,1.097230321411897507e-05,1.043648258008112698e-05,9.725637890165897878e-06,8.414976341125950780e-06,4.270685876534765408e-06,9.539785501168202472e-06,1.075199460496096486e-05,1.130282682095032512e-05,1.133610152788077441e-05,1.122801019155884113e-05,1.158017538324584862e-05,1.164089621590942808e-05,1.180999856903323398e-05,1.203286195800528960e-05,1.179522550758140558e-05,1.143339100967642651e-05,1.194513452646027885e-05,1.200967085311503768e-05,1.204651299318058637e-05,1.204060572788590296e-05,1.094839685486683392e-05,1.182284699578178602e-05,1.218717276623782617e-05,1.189630856206293059e-05,1.134237526191890959e-05,1.189658183983819038e-05,1.137853363579360266e-05,1.246771554089827263e-05,1.190838454389021694e-05,1.234872985492379797e-05,1.209138775753337784e-05,1.263308104336577187e-05,1.272296075043642623e-05,1.266320126163225543e-05,1.271799930381657083e-05,1.255795278589526048e-05,1.273237417868082517e-05,1.253698206536822221e-05,1.287041588583395515e-05,1.317581837280650947e-05,1.308321984772764201e-05,1.240463702555172396e-05,1.277271152758203753e-05,1.322257848428438848e-05,1.295679750491464188e-05,1.297996883782958042e-05,1.305511500102080593e-05,1.307557555447033776e-05,1.174570498432523219e-05,1.216198321577331691e-05,1.251185490405270356e-05,1.282687028441440764e-05,1.215890762790085892e-05,1.214162205965171690e-05,1.258868878616380859e-05,1.178942236268482503e-05,1.224893350026299242e-05,1.249606318090268422e-05,1.274245268317454634e-05,1.231773307377062787e-05,1.260916368658069879e-05
9.103182403656790353e-06,9.367217199392352539e-06,9.451196811393559253e-06,9.609002887007180954e-06,9.254886125598516515e-06,9.777403395205717525e-06,1.000115969583990185e-05,9.996148296252467235e-06,1.016805098077053714e-05,1.039671493927409817e-05,1.064503075988852996e-05,1.028034300779787995e-05,1.061654437876756491e-05,1.064273764375249395e-05,1.082686215790610195e-05,1.107298785129852044e-05,1.103920019647584065e-05,1.082031187814686839e-05,1.081015710001879829e-05,1.032311088689460761e-05,9.586381240813481074e-06,8.314098455401258727e-06,4.244842555339429709e-06,9.404940601211287020e-06,1.056907579427169198e-05,1.110316491013661438e-05,1.116258349475585675e-05,1.103542355674879549e-05,1.135909567143036334e-05,1.143661661799323797e-05,1.160883957805940149e-05,1.182355292003691123e-05,1.157647888164442265e-05,1.130557560453163328e-05,1.174632741502842612e-05,1.179569798746557504e-05,1.185479940580321662e-05,1.183039307777745050e-05,1.081781585529892939e-05,1.158614325673968096e-05,1.189630856206293059e-05,1.183065633171667559e-05,1.117703176562367355e-05,1.167597874751968413e-05,1.122441053533890153e-05,1.220888661300413833e-05,1.171183701517044458e-05,1.210676246802531747e-05,1.189781821324708431e-05,1.241062845929223084e-05,1.250864740289717198e-05,1.244309293975250347e-05,1.245968360584717529e-05,1.230960854916162939e-05,1.246970488321059298e-05,1.229473098835061612e-05,1.259968950613385374e-05,1.289661384805471298e-05,1.282334007424167290e-05,1.213195699175960178e-05,1.248746778944579113e-05,1.292109520534359565e-05,1.270096416585135912e-05,1.269233314021061130e-05,1.275579572227073911e-05,1.277779811940864970e-05,1.159554957065872250e-05,1.200099937099449799e-05,1.231932260246970474e-05,1.257726663072421161e-05,1.198476779157917462e-05,1.203560123835121041e-05,1.235114369935410172e-05,1.171544794875560883e-05,1.200626390508250648e-05,1.232350572935143457e-05,1.250986426831084907e-05,1.208683667185910463e-05,1.244589248435794593e-05
9.139629076725437702e-06,9.441563003033516348e-06,9.482727663782573678e-06,9.585707787294669161e-06,9.381800682886663335e-06,9.753818052539758564e-06,9.924978024795238322e-06,9.955837239062013526e-06,1.006031934935226051e-05,1.029279181585225279e-05,1.042607102991507833e-05,1.015808883456069276e-05,1.042124240584346762e-05,1.044070778391652502e-05,1.063984807116207612e-05,1.080005001752273325e-05,1.077158115267664862e-05,1.059392675121384074e-05,1.056005482057277800e-05,1.019738860396391612e-05,9.818183235160383713e-06,8.890531710515043345e-06,6.388171300046291792e-06,9.770102625661803309e-06,1.049055241682054894e-05,1.082016404565314635e-05,1.090573612194597454e-05,1.078101055472030300e-05,1.095464071307836907e-05,1.094441744407169620e-05,1.111584510633889056e-05,1.134455255460196115e-05,1.109712748705937732e-05,1.084277608531805594e-05,1.119933255425288063e-05,1.128518757844135034e-05,1.126579384443784224e-05,1.130076986901743378e-05,1.061272155105970988e-05,1.119191251344902097e-05,1.134237526191890959e-05,1.117703176562367355e-05,1.102621915890677908e-05,1.121169611828151929e-05,1.089441085703270408e-05,1.155757232023438806e-05,1.123289340967453868e-05,1.155592128262186839e-05,1.135082511216288132e-05,1.170593210260505152e-05,1.180129835303383330e-05,1.172248679556278188e-05,1.172832213451093201e-05,1.161722966303824698e-05,1.176022912720516574e-05,1.156368820129934124e-05,1.184188675873075279e-05,1.213217374191440510e-05,1.201696816299817816e-05,1.154071538704949501e-05,1.178554063309381946e-05,1.218607246165867235e-05,1.191022220537925550e-05,1.189945480969855827e-05,1.203230262711350271e-05,1.200251210611933375e-05,1.110105690167035092e-05,1.142221119535705207e-05,1.165097823079353089e-05,1.184218284303467627e-05,1.137621659817256336e-05,1.139307152279075275e-05,1.164493519292721887e-05,1.108794961891260046e-05,1.155238248468590707e-05,1.153638807589188444e-05,1.172363396031869554e-05,1.139711418060749869e-05,1.157364797528133744e-05
8.714504035162714692e-06,9.018636212666514133e-06,9.113997353209250528e-06,9.280124201294803364e-06,8.977508738267518581e-06,9.506367796301751056e-06,9.742482955963060795e-06,9.798402491937916091e-06,9.929783820041875993e-06,1.021369439919055684e-05,1.045154012308861296e-05,1.011569390023915370e-05,1.044172072523117310e-05,1.048955668007294806e-05,1.070534385327524797e-05,1.092638656305299776e-05,1.089712290556676563e-05,1.067665370509623467e-05,1.070730361661814045e-05,1.020474507173813459e-05,9.601912224036446774e-06,8.365462037505455931e-06,4.577777085256062528e-06,9.436800114342804610e-06,1.056944066258089296e-05,1.105460633630110339e-05,1.111380093071299590e-05,1.099396350722411558e-05,1.133320304327408324e-05,1.138722381250545800e-05,1.155940824536573101e-05,1.178351314209152736e-05,1.155631091135967738e-05,1.119309851558098693e-05,1.171022074763718996e-05,1.177847081183417675e-05,1.181836915178922275e-05,1.181887178018415190e-05,1.079105979636544238e-05,1.163465786076902607e-05,1.189658183983819038e-05,1.167597874751968413e-05,1.121169611828151929e-05,1.178516330246867976e-05,1.121806078146246404e-05,1.222293445837621028e-05,1.172767541473707826e-05,1.214176891120036049e-05,1.189504823777768805e-05,1.241517673520486777e-05,1.249597517064476552e-05,1.242188799870152995e-05,1.247377394281701201e-05,1.231317677105954708e-05,1.248249436206941859e-05,1.227182920231033066e-05,1.260577738548875081e-05,1.290900787578235210e-05,1.282717164702054049e-05,1.217046438496599466e-05,1.252274983580840911e-05,1.295280390217081845e-05,1.269601716533193398e-05,1.270591800199513258e-05,1.279124003365561397e-05,1.279418768037520471e-05,1.147670813781327184e-05,1.193491060922035024e-05,1.225452136688864508e-05,1.254964154014317610e-05,1.191808132004883598e-05,1.189156534023433997e-05,1.233785813862247397e-05,1.147317164914801358e-05,1.204767625238627975e-05,1.219353281992562994e-05,1.244916528432274499e-05,1.207518310347879748e-05,1.229691331830365642e-05
8.987906565427862546e-06,9.229634840310551789e-06,9.302298451797860418e-06,9.414389666147833947e-06,9.173078041319817369e-06,9.575212510169269466e-06,9.786439166994183748e-06,9.795693857804095290e-06,9.921067131367725868e-06,1.016125029547065748e-05,1.032755372892247551e-05,1.001149039728014131e-05,1.030953127343313663e-05,1.032128315179045130e-05,1.051035364473582956e-05,1.068555188615876360e-05,1.064611546040924840e-05,1.048320979475093580e-05,1.047965414480378885e-05,1.010623396514256430e-05,9.610685253453774105e-06,8.688968502815237483e-06,5.843780411723293342e-06,9.534702309388061545e-06,1.039440666781593551e-05,1.076486200013748219e-05,1.082932578880204085e-05,1.079384904323064794e-05,1.096967889301656602e-05,1.097573990781648961e-05,1.112992494487934620e-05,1.136601443117363883e-05,1.111020620276247470e-05,1.092857716993734142e-05,1.122665537124112446e-05,1.133626728708395178e-05,1.131572178827444945e-05,1.132326445516426085e-05,1.061313314157122030e-05,1.119874748004378514e-05,1.137853363579360266e-05,1.122441053533890153e-05,1.089441085703270408e-05,1.121806078146246404e-05,1.106494813583095155e-05,1.163543565043140061e-05,1.127641192357275975e-05,1.161111111289456014e-05,1.139171587300508220e-05,1.178412201038591962e-05,1.188696217665747701e-05,1.182668471721373450e-05,1.183977592028158808e-05,1.173468370662026321e-05,1.184625162896118234e-05,1.169155309184898471e-05,1.198074032316660817e-05,1.228893316206148274e-05,1.215676867804668539e-05,1.164339559743529129e-05,1.188225839991714621e-05,1.231842283947357361e-05,1.206248116758773848e-05,1.206254474240186124e-05,1.221105328640215009e-05,1.218872111556948515e-05,1.133213976116641658e-05,1.155390226872453992e-05,1.184091422726000231e-05,1.198012113116061393e-05,1.152036877516923695e-05,1.159545060086832454e-05,1.175995896836079906e-05,1.135822847020587060e-05,1.160481234778917239e-05,1.181499573612306219e-05,1.196035973344350753e-05,1.157826166381679569e-05,1.183280022713422899e-05
8.925353884354407188e-06,9.157009580232631011e-06,9.294568654747116862e-06,9.486229336513540429e-06,9.100173677160219502e-06,9.742750419824222302e-06,9.987889585788521109e-06,1.006529560642124087e-05,1.018331476854544409e-05,1.051700485203513459e-05,1.080488829655635452e-05,1.038999461817866403e-05,1.076839090940585250e-05,1.081386190396782355e-05,1.109845246540085957e-05,1.130363142222489860e-05,1.125567783902781683e-05,1.100739412886247408e-05,1.109225528680620372e-05,1.048008599833081302e-05,9.646942645919443594e-06,8.163752595732281760e-06,3.358392014164080385e-06,9.437504953626258393e-06,1.085683238949010982e-05,1.149898242246536870e-05,1.153087129939354016e-05,1.139643782637363518e-05,1.183615742791622464e-05,1.192954257680189472e-05,1.211365633674497539e-05,1.234399379185162717e-05,1.209452147130598605e-05,1.165772230827927463e-05,1.226297040748311124e-05,1.233953829714113314e-05,1.239395363311015673e-05,1.237429430154929559e-05,1.108622148552328653e-05,1.212357021660487450e-05,1.246771554089827263e-05,1.220888661300413833e-05,1.155757232023438806e-05,1.222293445837621028e-05,1.163543565043140061e-05,1.297966272613596499e-05,1.225831108235685687e-05,1.273839900864144925e-05,1.246762101932649306e-05,1.310139496170465378e-05,1.317953307608559850e-05,1.313482268636276085e-05,1.319952642322760053e-05,1.301000500208615859e-05,1.320862786493776829e-05,1.300187670522228396e-05,1.335368983719665058e-05,1.369573421930191192e-05,1.358930868424782174e-05,1.284599466522845912e-05,1.328906373111857889e-05,1.374258506886100050e-05,1.349269143616236972e-05,1.350879899715231326e-05,1.357497879855607883e-05,1.359599667775438750e-05,1.205624358370820773e-05,1.252671197655929934e-05,1.291036923990325052e-05,1.334283114962284766e-05,1.255826259215518103e-05,1.252500023835956014e-05,1.306172220136948528e-05,1.210876393073636579e-05,1.265279892124719726e-05,1.295829909128672941e-05,1.330359606360718350e-05,1.284576128386870953e-05,1.312584849359244471e-05
8.784096794748742727e-06,9.029356801934820923e-06,9.142965894194862166e-06,9.331140867847693233e-06,9.001718930129694711e-06,9.527689927812633085e-06,9.759146971394944893e-06,9.830073080272169354e-06,9.943699517099960076e-06,1.024952817206537400e-05,1.046760390728975752e-05,1.011114973682207476e-05,1.042712977500278821e-05,1.049655469510476198e-05,1.072282794517597544e-05,1.093574723630484970e-05,1.088981398651273702e-05,1.068578072751689371e-05,1.071586578493288370e-05,1.023399780734383689e-05,9.583247355851643283e-06,8.360362427079075400e-06,4.522514111165502138e-06,9.445547270697342084e-06,1.058800951178052941e-05,1.109481716915386097e-05,1.113012658628474034e-05,1.104651640281016756e-05,1.137563194230925598e-05,1.141683468846390062e-05,1.159036590942401953e-05,1.181976597420849920e-05,1.159225230419848242e-05,1.124896973545869313e-05,1.173796265523800763e-05,1.183031205891165516e-05,1.185595261384307775e-05,1.183920901077581902e-05,1.082432572599385922e-05,1.165168486412648734e-05,1.190838454389021694e-05,1.171183701517044458e-05,1.123289340967453868e-05,1.172767541473707826e-05,1.127641192357275975e-05,1.225831108235685687e-05,1.186573351947264258e-05,1.218802335952567940e-05,1.193275436955075552e-05,1.246211037648040323e-05,1.254101619409082476e-05,1.248932684357572329e-05,1.253908720001535087e-05,1.237871677700305942e-05,1.255543459411717602e-05,1.234862248739868291e-05,1.268373096987478366e-05,1.298853803550549681e-05,1.289311468780227136e-05,1.224956069594330230e-05,1.260138432596797565e-05,1.302165009200647641e-05,1.278759444877015237e-05,1.280097814426760507e-05,1.288144781544354155e-05,1.289524658303651888e-05,1.161876132648517130e-05,1.201147658598734838e-05,1.235451536968647213e-05,1.267258967209660096e-05,1.205252927952390282e-05,1.199543173145820033e-05,1.243075447442169904e-05,1.164407765232768726e-05,1.213383250405221190e-05,1.232297608061435305e-05,1.260580661327394298e-05,1.220645942268799607e-05,1.243857765092952616e-05
8.702094681828957004e-06,8.972033867034371707e-06,9.104624505253690913e-06,9.310566305550461633e-06,8.963338964568812805e-06,9.579863059985602774e-06,9.822045163097433960e-06,9.905457358097797548e-06,1.005357195065115390e-05,1.036035175555097074e-05,1.062335864646977456e-05,1.026139927090052882e-05,1.060891259677896594e-05,1.066855625362104226e-05,1.092659021994993211e-05,1.117164686196207480e-05,1.113400535938490289e-05,1.090039696690428821e-05,1.097475142376742033e-05,1.042960015196692228e-05,9.724213128816999044e-06,8.361750931786139025e-06,4.098471291953399066e-06,9.544443367056436030e-06,1.080840721153551344e-05,1.138577605071823529e-05,1.143009006904027337e-05,1.132468849963773965e-05,1.170361431987444634e-05,1.179698180576412520e-05,1.198423518943011489e-05,1.220696408296276064e-05,1.196719195865726136e-05,1.158683093266707460e-05,1.214908435604114788e-05,1.222245838641817413e-05,1.226805947988125941e-05,1.225610507402052005e-05,1.112514424592997684e-05,1.206195034623368111e-05,1.234872985492379797e-05,1.210676246802531747e-05,1.155592128262186839e-05,1.214176891120036049e-05,1.161111111289456014e-05,1.273839900864144925e-05,1.218802335952567940e-05,1.270930062831984533e-05,1.235550488777644986e-05,1.294405554391769293e-05,1.303112364150784554e-05,1.296346367669599978e-05,1.301921297354839386e-05,1.285472967863838778e-05,1.304281055432729590e-05,1.283633895628133913e-05,1.318537726572486878e-05,1.350951941276765125e-05,1.341166047306228989e-05,1.271564107457164177e-05,1.309816767441173643e-05,1.353784057611023543e-05,1.327019735368661724e-05,1.326582825619907319e-05,1.336808011006247886e-05,1.337561858106666049e-05,1.196661956464949655e-05,1.238886904195139325e-05,1.278973061766953986e-05,1.311995539957056590e-05,1.246195958234613874e-05,1.240059951433636615e-05,1.288203665158340637e-05,1.196904504632826361e-05,1.255960020998780327e-05,1.274298934323939162e-05,1.307636404399851883e-05,1.262917235004611417e-05,1.288852931123166823e-05
8.637025695616350502e-06,8.919739073186384607e-06,9.057925313772960708e-06,9.238193111459700043e-06,8.902607446657096200e-06,9.496543900325262399e-06,9.744444110569935817e-06,9.806759822110495460e-06,9.942855808266030937e-06,1.024259211848529353e-05,1.051489348758412884e-05,1.015984760434449000e-05,1.050298486065894991e-05,1.056642914888156016e-05,1.079360854604364990e-05,1.101146621972146953e-05,1.099131182922129555e-05,1.075790015968583177e-05,1.081467128820324387e-05,1.028380630430527121e-05,9.579493357916891858e-06,8.269660363184475407e-06,4.103079575232760278e-06,9.410944347385899749e-06,1.064648577307482224e-05,1.120738946145940636e-05,1.125371013215734256e-05,1.112827480267656810e-05,1.151290307616840885e-05,1.157633728137947378e-05,1.175448182404082783e-05,1.199347759217615454e-05,1.175086794941561461e-05,1.139862343561432590e-05,1.190044495033060651e-05,1.198480765059315051e-05,1.201199186185960668e-05,1.201823078493064807e-05,1.090801748357866962e-05,1.180231373669547368e-05,1.209138775753337784e-05,1.189781821324708431e-05,1.135082511216288132e-05,1.189504823777768805e-05,1.139171587300508220e-05,1.246762101932649306e-05,1.193275436955075552e-05,1.235550488777644986e-05,1.218096791431169902e-05,1.267988008497824565e-05,1.276169503936779572e-05,1.270807715191304323e-05,1.274433665407311703e-05,1.258625623191072584e-05,1.276434927193757953e-05,1.257227270186031090e-05,1.291121746563206560e-05,1.322322825193159052e-05,1.312549056167553240e-05,1.244921555686848094e-05,1.282127852709577920e-05,1.325423079392168903e-05,1.300611116468754948e-05,1.300357332844067071e-05,1.311113917117786806e-05,1.310563143319092157e-05,1.176543253788042957e-05,1.219638313124576548e-05,1.253847982595682226e-05,1.286759341148455809e-05,1.220873768091154466e-05,1.219304165839937615e-05,1.264164015196071819e-05,1.179803375250864920e-05,1.228917660182999079e-05,1.253000227142895249e-05,1.282590017733947513e-05,1.240383133435362111e-05,1.266798673274596098e-05
8.676598551130405385e-06,8.975210509322919411e-06,9.121572548077119799e-06,9.348020574156640529e-06,8.949428065196996017e-06,9.638086931538734361e-06,9.913325885500366295e-06,1.000407843507424104e-05,1.015348729625369477e-05,1.048904968497271156e-05,1.081344171399830255e-05,1.041452726679048460e-05,1.079879736477312850e-05,1.086865787093311402e-05,1.111051869795563711e-05,1.137708695478148085e-05,1.134337863165874238e-05,1.109081361817233884e-05,1.117100672904997708e-05,1.054471422138073860e-05,9.678025015905321655e-06,8.142950962349347301e-06,3.104674541197778357e-06,9.432933157641678948e-06,1.093436878405193342e-05,1.158930833371323032e-05,1.164215331155300901e-05,1.149332847530270648e-05,1.196661361762056563e-05,1.206334372315213186e-05,1.227595511736364437e-05,1.249727334625616167e-05,1.226149499790608279e-05,1.181177442259253332e-05,1.244674334588784870e-05,1.250875117204792333e-05,1.258287006228008021e-05,1.255020313410432001e-05,1.121102744028425358e-05,1.228462911898730927e-05,1.263308104336577187e-05,1.241062845929223084e-05,1.170593210260505152e-05,1.241517673520486777e-05,1.178412201038591962e-05,1.310139496170465378e-05,1.246211037648040323e-05,1.294405554391769293e-05,1.267988008497824565e-05,1.340993378615989492e-05,1.343422725217532504e-05,1.336515337976018150e-05,1.343122181630309865e-05,1.324648766433274871e-05,1.345114867721051238e-05,1.323757766259896894e-05,1.360538866861283361e-05,1.394928285421896930e-05,1.385843260315078622e-05,1.306781434503432802e-05,1.351785399986568831e-05,1.397488363944468496e-05,1.374226059804572127e-05,1.376589560683690681e-05,1.381898809063517810e-05,1.382128549924391260e-05,1.220462664492146140e-05,1.274467860663015676e-05,1.314704618948576855e-05,1.356142150838484939e-05,1.279131028181641796e-05,1.272259604949050357e-05,1.329639794517134707e-05,1.228500622076379102e-05,1.284896452423993117e-05,1.316914798199303700e-05,1.352904028617941535e-05,1.306550729918242125e-05,1.336568388767737764e-05
8.659548465750714077e-06,8.946013551432198678e-06,9.099256064010992088e-06,9.323662355877721067e-06,8.943075899526956038e-06,9.633244875353644504e-06,9.918394138917540286e-06,9.981162323399962239e-06,1.017018911020122892e-05,1.050538380915770934e-05,1.081858302870108992e-05,1.040285815062649858e-05,1.082333677365000258e-05,1.088193585598550684e-05,1.114663668143918966e-05,1.141809626159476100e-05,1.138771577468200899e-05,1.112793774345626617e-05,1.120383937829918104e-05,1.059587424949385465e-05,9.718900794848391955e-06,8.182828739407025580e-06,3.183985206498935274e-06,9.489253361216504635e-06,1.098549636852333471e-05,1.163583429500976888e-05,1.170366694551050349e-05,1.155108278311414123e-05,1.201963529547894790e-05,1.213247982653277332e-05,1.235532394485004979e-05,1.257996414407283657e-05,1.233400443947495223e-05,1.190826405157248598e-05,1.253061675972264812e-05,1.258079865722471487e-05,1.265489377001082404e-05,1.263757173410022611e-05,1.131425123090917440e-05,1.236580705341752828e-05,1.272296075043642623e-05,1.250864740289717198e-05,1.180129835303383330e-05,1.249597517064476552e-05,1.188696217665747701e-05,1.317953307608559850e-05,1.254101619409082476e-05,1.303112364150784554e-05,1.276169503936779572e-05,1.343422725217532504e-05,1.358766627846820616e-05,1.344843594506479390e-05,1.351266476765674616e-05,1.333122470583387565e-05,1.353074471116242109e-05,1.333948590664102971e-05,1.368653445098104244e-05,1.403216009859640519e-05,1.394919027854688586e-05,1.316442427487754082e-05,1.360165368196409856e-05,1.407698361451654115e-05,1.383493201694541199e-05,1.384568044957968306e-05,1.390949301128688893e-05,1.391445869458475239e-05,1.233628615614731101e-05,1.284229400630898695e-05,1.324866104898553897e-05,1.365929179231753963e-05,1.289223870002398817e-05,1.287428523024040121e-05,1.339933507769785250e-05,1.242056790643214983e-05,1.294909101772947510e-05,1.329704945246431990e-05,1.361553399525993079e-05,1.315196236102473397e-05,1.346839279619304495e-05
8.715016508370861253e-06,8.966367503470648557e-06,9.129655579804494877e-06,9.335263676919517960e-06,8.945218365592836609e-06,9.624888229049971056e-06,9.910932445727670874e-06,9.982026697534140735e-06,1.013452061575045938e-05,1.048714104197216348e-05,1.079908947844491996e-05,1.038148740481260708e-05,1.076481838928344215e-05,1.082861703163851167e-05,1.109546089396244989e-05,1.134009321893665393e-05,1.131826138015648743e-05,1.106466392734119274e-05,1.116340410349527444e-05,1.051844523827136473e-05,9.636540639596395593e-06,8.103503779981371366e-06,2.993258301286008332e-06,9.401987342218422663e-06,1.093086485804161984e-05,1.160307241877962906e-05,1.163491413150856948e-05,1.151084444545862022e-05,1.198522121922814836e-05,1.209246578636102834e-05,1.229165912262612774e-05,1.251573149031400948e-05,1.229611014566699160e-05,1.185307133912805907e-05,1.246775362494825825e-05,1.254660769011221325e-05,1.259395502807439062e-05,1.258414598531305976e-05,1.124495802626288166e-05,1.230156761373027054e-05,1.266320126163225543e-05,1.244309293975250347e-05,1.172248679556278188e-05,1.242188799870152995e-05,1.182668471721373450e-05,1.313482268636276085e-05,1.248932684357572329e-05,1.296346367669599978e-05,1.270807715191304323e-05,1.336515337976018150e-05,1.344843594506479390e-05,1.349470820994080052e-05,1.347859961546364380e-05,1.327637062380535756e-05,1.349493348052460188e-05,1.330785616860286333e-05,1.367489316032931614e-05,1.399508768638310502e-05,1.390961697200364471e-05,1.311773996158051933e-05,1.358867730164265718e-05,1.403124718779197557e-05,1.379783316049518506e-05,1.381061745392704967e-05,1.390054550500253045e-05,1.391751320271116672e-05,1.234609634954819934e-05,1.281210745454107941e-05,1.322410504320312011e-05,1.365676534997328049e-05,1.287566571020604727e-05,1.283548249825180851e-05,1.338351756912174018e-05,1.244524804280899129e-05,1.291070676207549486e-05,1.330279636117412008e-05,1.365540108694325893e-05,1.317366676778714604e-05,1.348221091416994599e-05
8.381589468179449702e-06,8.615964917206033851e-06,8.769411833751790332e-06,9.040059245409974462e-06,8.621434462660332507e-06,9.330867067858982850e-06,9.599643811083306708e-06,9.712595711732055197e-06,9.856466475193875710e-06,1.020405572755589531e-05,1.057574624270640690e-05,1.014454837068125075e-05,1.052565650125008600e-05,1.061745840252738651e-05,1.088079484258092463e-05,1.115730022121616000e-05,1.110419330612028417e-05,1.089831816282229528e-05,1.100630006337452059e-05,1.036391047241144697e-05,9.461683752256960054e-06,7.880373889287022634e-06,2.592742761988194559e-06,9.217073068996276287e-06,1.079662039264939090e-05,1.151198726394915476e-05,1.153353717810158949e-05,1.144463050755583773e-05,1.192788543248705100e-05,1.206038189400536123e-05,1.226674443405486216e-05,1.248896033166098086e-05,1.227144252510370726e-05,1.182157330536610762e-05,1.248474761139750843e-05,1.252858678312112213e-05,1.263479619890757855e-05,1.259471013854191222e-05,1.120466009221481023e-05,1.233019436372277417e-05,1.271799930381657083e-05,1.245968360584717529e-05,1.172832213451093201e-05,1.247377394281701201e-05,1.183977592028158808e-05,1.319952642322760053e-05,1.253908720001535087e-05,1.301921297354839386e-05,1.274433665407311703e-05,1.343122181630309865e-05,1.351266476765674616e-05,1.347859961546364380e-05,1.366380366809641492e-05,1.335825958135692136e-05,1.360418679442526165e-05,1.338846809950321488e-05,1.377032002104533553e-05,1.409127113501540593e-05,1.401547412769980397e-05,1.322970753665343336e-05,1.367707333978636490e-05,1.411686445774201232e-05,1.390143026186067693e-05,1.391295259364026194e-05,1.398124108237451627e-05,1.402183067891041119e-05,1.236201416902604755e-05,1.284420855574420357e-05,1.330418096940239690e-05,1.375382249203852919e-05,1.293478120135258605e-05,1.286849892801561764e-05,1.347862220322553372e-05,1.241073245314783469e-05,1.297320404124741016e-05,1.337388195465451967e-05,1.375814135997274813e-05,1.325942011185098547e-05,1.358757537520215825e-05
8.437008804626475763e-06,8.728599901451246764e-06,8.868724828352866473e-06,9.076869537524331398e-06,8.734333576442884089e-06,9.404047956352369923e-06,9.686415222217227181e-06,9.762295023293019141e-06,9.928744864804447964e-06,1.027664177688697047e-05,1.059721351599573207e-05,1.018750573531220409e-05,1.057920501328794181e-05,1.065783339712726561e-05,1.091291589269133791e-05,1.117729747177388609e-05,1.114011422400445137e-05,1.090337669198678059e-05,1.099410213159592041e-05,1.037525699678379502e-05,9.519143469089986321e-06,8.030110946112493700e-06,3.097083007185275161e-06,9.311125271889698389e-06,1.079866156567876039e-05,1.145529173926487656e-05,1.149910863786337860e-05,1.140054145138612003e-05,1.183490132721344406e-05,1.192504663369167973e-05,1.214613192484028784e-05,1.236353931836587587e-05,1.212678977168828281e-05,1.172775498188570067e-05,1.233182492481815465e-05,1.238394776529091736e-05,1.247776517644918250e-05,1.244510037918772311e-05,1.114521465359682718e-05,1.217813007122832520e-05,1.255795278589526048e-05,1.230960854916162939e-05,1.161722966303824698e-05,1.231317677105954708e-05,1.173468370662026321e-05,1.301000500208615859e-05,1.237871677700305942e-05,1.285472967863838778e-05,1.258625623191072584e-05,1.324648766433274871e-05,1.333122470583387565e-05,1.327637062380535756e-05,1.335825958135692136e-05,1.324203799721242834e-05,1.338197273494409142e-05,1.318204236827621206e-05,1.354848189420105484e-05,1.387222753627638756e-05,1.378492161750893795e-05,1.302421166595498563e-05,1.345674054325309393e-05,1.390953046435028026e-05,1.368497632560097733e-05,1.371834924627219460e-05,1.378398620473490951e-05,1.379691688777715352e-05,1.224413906023709048e-05,1.271935013768066424e-05,1.312850111848910371e-05,1.352958787561208568e-05,1.276940200497504011e-05,1.272223395382163525e-05,1.325757035476848224e-05,1.230748742983057207e-05,1.280788722277807031e-05,1.316129422272529154e-05,1.352985897808825056e-05,1.302892051054108884e-05,1.333097315746961102e-05
8.405871607839266802e-06,8.683263528711832288e-06,8.851088773615898499e-06,9.095123317309751636e-06,8.707727070374821204e-06,9.413016564312350038e-06,9.684201339686241797e-06,9.789305403124423034e-06,9.948185906805055064e-06,1.031361201780198318e-05,1.065756525276868747e-05,1.022501453187243782e-05,1.062963762630140456e-05,1.070732192887815028e-05,1.098297496899560714e-05,1.125304521769787606e-05,1.120407502682169973e-05,1.097100128624934985e-05,1.108359661419694687e-05,1.044678450406103909e-05,9.553635507823756955e-06,7.977159233278320065e-06,2.760536088676700252e-06,9.306539500935774359e-06,1.086694132345092155e-05,1.156676274465787049e-05,1.160338149279706641e-05,1.150053190608901698e-05,1.197650317474294053e-05,1.208179836938843534e-05,1.231136210182988904e-05,1.251951227767038223e-05,1.230057955747796447e-05,1.184737061109455648e-05,1.250236225457199501e-05,1.256013987278655568e-05,1.264937188318211477e-05,1.261684622110437130e-05,1.126544085178199164e-05,1.234814257009188575e-05,1.273237417868082517e-05,1.246970488321059298e-05,1.176022912720516574e-05,1.248249436206941859e-05,1.184625162896118234e-05,1.320862786493776829e-05,1.255543459411717602e-05,1.304281055432729590e-05,1.276434927193757953e-05,1.345114867721051238e-05,1.353074471116242109e-05,1.349493348052460188e-05,1.360418679442526165e-05,1.338197273494409142e-05,1.367092733834758559e-05,1.341046856785430873e-05,1.377564844146079073e-05,1.410558909874683080e-05,1.403655933331195733e-05,1.325152077675532138e-05,1.368767018450147621e-05,1.415155112566640382e-05,1.390967692894034310e-05,1.394386471269238032e-05,1.400949718714798294e-05,1.403692479284727558e-05,1.239201781446255425e-05,1.287882405749824147e-05,1.331623638694602753e-05,1.377051829953863345e-05,1.296036852776595782e-05,1.286808936418117320e-05,1.348378776074888305e-05,1.244387217613624552e-05,1.298567272871289024e-05,1.335626413910081382e-05,1.376133300634229316e-05,1.326317200894150213e-05,1.357619500122009696e-05
8.290560220143992201e-06,8.555896823929985974e-06,8.724772727827542453e-06,8.943351946513181436e-06,8.555404899499108608e-06,9.268915344590043220e-06,9.546643150857035809e-06,9.628838067687633368e-06,9.807158627050266159e-06,1.014568468420450513e-05,1.048692463025063123e-05,1.005498417569302135e-05,1.047007385362781134e-05,1.054298200463364761e-05,1.079916364123662333e-05,1.107481017504258077e-05,1.104352638902020780e-05,1.080632140027661460e-05,1.091468925388226333e-05,1.028747432652069615e-05,9.371338436389107927e-06,7.850167402550190193e-06,2.644679906900582812e-06,9.155568669912401671e-06,1.068762543453614443e-05,1.138803998735156141e-05,1.142987734900118365e-05,1.130296701994980931e-05,1.177929679123182776e-05,1.190174164034843481e-05,1.210798668232230167e-05,1.232837710272631015e-05,1.212220552265122358e-05,1.170727156756277759e-05,1.232100733032785213e-05,1.238487543158421570e-05,1.246143500036734436e-05,1.243475312355452731e-05,1.110033112634238839e-05,1.214399814039301284e-05,1.253698206536822221e-05,1.229473098835061612e-05,1.156368820129934124e-05,1.227182920231033066e-05,1.169155309184898471e-05,1.300187670522228396e-05,1.234862248739868291e-05,1.283633895628133913e-05,1.257227270186031090e-05,1.323757766259896894e-05,1.333948590664102971e-05,1.330785616860286333e-05,1.338846809950321488e-05,1.318204236827621206e-05,1.341046856785430873e-05,1.330174128470202969e-05,1.358063821195790009e-05,1.390640530521666725e-05,1.382057695923479100e-05,1.305328474117258259e-05,1.349907732525469166e-05,1.395158370692990701e-05,1.371763391191767258e-05,1.376343649303230620e-05,1.381540275681261561e-05,1.385377753467859733e-05,1.229490763051435033e-05,1.272645528105872302e-05,1.315540140421523095e-05,1.359114942998188126e-05,1.280983115956323519e-05,1.276876894828807511e-05,1.330891126591935205e-05,1.238416226205100288e-05,1.281935399206576491e-05,1.324287866642898342e-05,1.360583889259671298e-05,1.309830682575770157e-05,1.342132663254055163e-05
8.410872658288061441e-06,8.651685385108272335e-06,8.850211128152075566e-06,9.094236927624405493e-06,8.712401359442143749e-06,9.409062302715621808e-06,9.712435971460157112e-06,9.816569631882118548e-06,9.984931631802672954e-06,1.036617671255718862e-05,1.072973492068983760e-05,1.028492418571168338e-05,1.069648313924064791e-05,1.079173417414162733e-05,1.105330574370916297e-05,1.132815166705806361e-05,1.130943182978294710e-05,1.104443270141885230e-05,1.116795138512407994e-05,1.049455305618715726e-05,9.590103343968124609e-06,7.988477974906685856e-06,2.583433492111222263e-06,9.331970205720510782e-06,1.097865746666446695e-05,1.169749570646631759e-05,1.170696150690187644e-05,1.159620080849593737e-05,1.209550202981608503e-05,1.220036263266866992e-05,1.242302979379034048e-05,1.262818259527251351e-05,1.240841745830919675e-05,1.194525688113193425e-05,1.262307327344184482e-05,1.270233572067859737e-05,1.277141408727998186e-05,1.273633946198370619e-05,1.133735758162058572e-05,1.246959270042354464e-05,1.287041588583395515e-05,1.259968950613385374e-05,1.184188675873075279e-05,1.260577738548875081e-05,1.198074032316660817e-05,1.335368983719665058e-05,1.268373096987478366e-05,1.318537726572486878e-05,1.291121746563206560e-05,1.360538866861283361e-05,1.368653445098104244e-05,1.367489316032931614e-05,1.377032002104533553e-05,1.354848189420105484e-05,1.377564844146079073e-05,1.358063821195790009e-05,1.407490955960431668e-05,1.430449385684576722e-05,1.423563290418062263e-05,1.343583203188351466e-05,1.390430632956729226e-05,1.436007732456617828e-05,1.413537715055806736e-05,1.416970951842852334e-05,1.424732480653692607e-05,1.429036764586229294e-05,1.262928937720266814e-05,1.309262671873405098e-05,1.353006050234171547e-05,1.399962714821074644e-05,1.312105374752977302e-05,1.309247448678306459e-05,1.372520394366738564e-05,1.267021706745132501e-05,1.323057145360430433e-05,1.361206229925624632e-05,1.402153634908110167e-05,1.348795414991130230e-05,1.379873155981834430e-05
8.494182732230636445e-06,8.786424214846000645e-06,8.974670648367688594e-06,9.215566715795020018e-06,8.837220099677338392e-06,9.589552102481067015e-06,9.896305826293342941e-06,9.998369036048403459e-06,1.017400944299396317e-05,1.056776115491574698e-05,1.093576465593365369e-05,1.049998599790343536e-05,1.093003433262636222e-05,1.100619187569797212e-05,1.129382133318407843e-05,1.157112931863755820e-05,1.154302818974415988e-05,1.127561586896782286e-05,1.141654140909352224e-05,1.074859148349290246e-05,9.812802723392080665e-06,8.167444559224210784e-06,2.683397102565100866e-06,9.563411149564070887e-06,1.122288975052376370e-05,1.194612106673532014e-05,1.198410357506283386e-05,1.185751417935986137e-05,1.238007890946109837e-05,1.251755072949086799e-05,1.273165611347310088e-05,1.295183042824925392e-05,1.271786520966388847e-05,1.225404701695666801e-05,1.293237657256614854e-05,1.300217802124882313e-05,1.308233500885486464e-05,1.306375576426768466e-05,1.161493049132625351e-05,1.277318924897638156e-05,1.317581837280650947e-05,1.289661384805471298e-05,1.213217374191440510e-05,1.290900787578235210e-05,1.228893316206148274e-05,1.369573421930191192e-05,1.298853803550549681e-05,1.350951941276765125e-05,1.322322825193159052e-05,1.394928285421896930e-05,1.403216009859640519e-05,1.399508768638310502e-05,1.409127113501540593e-05,1.387222753627638756e-05,1.410558909874683080e-05,1.390640530521666725e-05,1.430449385684576722e-05,1.471195451482115343e-05,1.454788127331941890e-05,1.373855207255757537e-05,1.423663213837342262e-05,1.470640858294365519e-05,1.445952927241429874e-05,1.447680060925240313e-05,1.456910835255456496e-05,1.457543894150623342e-05,1.287023410254039460e-05,1.336270036923280525e-05,1.382632747533077559e-05,1.429357306211284569e-05,1.343516338125921301e-05,1.337886538660790320e-05,1.400438902862625182e-05,1.291863643899073601e-05,1.349166743824011497e-05,1.388688311337458001e-05,1.430881503482722193e-05,1.376541774057815328e-05,1.408640457739691912e-05
8.492668377211520195e-06,8.769196037846466876e-06,8.955827811337764617e-06,9.229905778590299722e-06,8.815273640125215396e-06,9.546942085899901470e-06,9.854437208168168564e-06,9.952225863140789252e-06,1.012913414382916649e-05,1.053294067830360281e-05,1.091172572159489208e-05,1.044284375314355683e-05,1.087962372748668414e-05,1.098110690397273342e-05,1.125262308293344400e-05,1.152538190588851270e-05,1.149438457855604004e-05,1.123206801329048689e-05,1.134102176699751671e-05,1.065229415744398200e-05,9.690494234236377098e-06,8.080609736180725420e-06,2.492643823732190430e-06,9.450522594524059274e-06,1.115403695091102867e-05,1.188838630092749200e-05,1.191792491824002101e-05,1.179667028510714772e-05,1.231485008869755093e-05,1.241868642345699183e-05,1.265343027616224999e-05,1.285954466045787052e-05,1.263811136321325917e-05,1.214255619185211643e-05,1.283338635315486448e-05,1.291679869929797961e-05,1.300006046965221867e-05,1.296402113870769699e-05,1.150216769128867176e-05,1.266869120827441561e-05,1.308321984772764201e-05,1.282334007424167290e-05,1.201696816299817816e-05,1.282717164702054049e-05,1.215676867804668539e-05,1.358930868424782174e-05,1.289311468780227136e-05,1.341166047306228989e-05,1.312549056167553240e-05,1.385843260315078622e-05,1.394919027854688586e-05,1.390961697200364471e-05,1.401547412769980397e-05,1.378492161750893795e-05,1.403655933331195733e-05,1.382057695923479100e-05,1.423563290418062263e-05,1.454788127331941890e-05,1.457741340072161519e-05,1.367525340443662359e-05,1.416370323422781470e-05,1.464365517133345759e-05,1.441247884254404480e-05,1.445438208044861687e-05,1.451576059440285140e-05,1.456089266701594156e-05,1.281994577048013266e-05,1.332842448067076202e-05,1.378371282216627509e-05,1.425052913075524737e-05,1.335565317117882088e-05,1.332749842642857484e-05,1.399327887901136852e-05,1.294037985493997088e-05,1.348532149796813222e-05,1.388906549484594463e-05,1.428108274131440457e-05,1.376914251810101407e-05,1.411157769288732598e-05
8.217155062605841702e-06,8.480108947378603269e-06,8.629055161129888665e-06,8.857303686567822849e-06,8.547212076440018644e-06,9.157289123499629172e-06,9.445539598289597486e-06,9.539363649513138752e-06,9.704625750766055574e-06,1.006163891649023607e-05,1.036963981917868872e-05,9.963346323951263289e-06,1.035725381647595554e-05,1.045720256532444358e-05,1.072150283867289069e-05,1.096285434775919075e-05,1.092398966800025934e-05,1.069220360075695631e-05,1.080089645878703831e-05,1.023435190921725690e-05,9.467032802108600142e-06,8.077782864972340957e-06,3.448889973628162250e-06,9.297715821981980165e-06,1.071965333920909038e-05,1.132257842994794614e-05,1.137614518016900277e-05,1.127082988859982696e-05,1.168907886959598501e-05,1.177056767234486867e-05,1.198063179578112991e-05,1.218898725777124927e-05,1.198183726148699625e-05,1.153795282565814945e-05,1.217059780382582723e-05,1.225119592661797783e-05,1.231103785673108393e-05,1.230952048125286614e-05,1.107399737789343542e-05,1.206299494026949732e-05,1.240463702555172396e-05,1.213195699175960178e-05,1.154071538704949501e-05,1.217046438496599466e-05,1.164339559743529129e-05,1.284599466522845912e-05,1.224956069594330230e-05,1.271564107457164177e-05,1.244921555686848094e-05,1.306781434503432802e-05,1.316442427487754082e-05,1.311773996158051933e-05,1.322970753665343336e-05,1.302421166595498563e-05,1.325152077675532138e-05,1.305328474117258259e-05,1.343583203188351466e-05,1.373855207255757537e-05,1.367525340443662359e-05,1.307253396671921182e-05,1.338344004072026603e-05,1.380365457930512854e-05,1.356884331588662507e-05,1.361805347499357526e-05,1.371933477446628679e-05,1.374052404641628469e-05,1.224962233333236134e-05,1.266233183970322779e-05,1.306055096604368334e-05,1.347973363599757105e-05,1.271014743219376448e-05,1.266820302501683855e-05,1.319610052735676569e-05,1.229548236740792889e-05,1.283372036204524469e-05,1.311266901068983620e-05,1.349253487992279410e-05,1.301854360428196811e-05,1.328502484236351009e-05
8.261447500295851821e-06,8.537629536247038638e-06,8.716845673999559969e-06,8.953962607524408834e-06,8.612878256474373233e-06,9.291902279993803678e-06,9.609338660191003072e-06,9.737556977157044836e-06,9.882561146816660385e-06,1.031140235351317621e-05,1.065112256109819099e-05,1.019844547709964766e-05,1.064377140429072509e-05,1.074349535435498093e-05,1.103387761767603558e-05,1.124903180270456386e-05,1.124614305770122936e-05,1.095111145449324200e-05,1.109658404014338098e-05,1.041303966771898283e-05,9.559141785881823921e-06,8.008556516207842498e-06,2.705075275057389380e-06,9.358658942928446578e-06,1.097412799501624832e-05,1.164653989753681517e-05,1.168979570706854113e-05,1.154242480172301408e-05,1.203808221429300824e-05,1.213106301460476085e-05,1.236644756972080382e-05,1.256873716914039749e-05,1.233954372750774383e-05,1.182370917432960043e-05,1.253243432511126918e-05,1.261193426940352990e-05,1.267455601973348095e-05,1.267139300576116357e-05,1.125405049917077250e-05,1.238737666826033879e-05,1.277271152758203753e-05,1.248746778944579113e-05,1.178554063309381946e-05,1.252274983580840911e-05,1.188225839991714621e-05,1.328906373111857889e-05,1.260138432596797565e-05,1.309816767441173643e-05,1.282127852709577920e-05,1.351785399986568831e-05,1.360165368196409856e-05,1.358867730164265718e-05,1.367707333978636490e-05,1.345674054325309393e-05,1.368767018450147621e-05,1.349907732525469166e-05,1.390430632956729226e-05,1.423663213837342262e-05,1.416370323422781470e-05,1.338344004072026603e-05,1.395582447013545613e-05,1.433533919061712604e-05,1.409865143842692031e-05,1.414509419649102671e-05,1.421512694542411986e-05,1.424755449562466601e-05,1.255474907983017625e-05,1.304704811620325935e-05,1.345625741657049779e-05,1.394985172922806168e-05,1.305952028840800050e-05,1.301138191717124804e-05,1.370290538978216259e-05,1.264623910884789705e-05,1.324568187966111609e-05,1.353674895379606649e-05,1.400264037622627672e-05,1.349045998792129281e-05,1.373011038486198777e-05
8.839630742047687064e-06,9.115493231516894995e-06,9.303640264941410740e-06,9.522132785409635812e-06,9.152436671992398589e-06,9.868722303006691738e-06,1.018636124361084767e-05,1.030761550518858513e-05,1.044900472006431310e-05,1.089435011769388985e-05,1.126423379263910695e-05,1.077179744492554399e-05,1.123127667584971606e-05,1.131393350571454693e-05,1.160633013162342756e-05,1.182764844471493988e-05,1.179016469309144392e-05,1.149052061249142581e-05,1.161230070911249752e-05,1.091366799113942145e-05,9.997380924532493226e-06,8.394568478576955922e-06,2.936615402663273958e-06,9.775418677687534446e-06,1.145418816985019082e-05,1.213956613603094695e-05,1.220059658239354613e-05,1.204862932819058561e-05,1.252525962538029972e-05,1.262839247452770713e-05,1.286100266105873030e-05,1.304798161372759236e-05,1.281760792434987569e-05,1.229984738568845038e-05,1.298809349975046487e-05,1.309316696956226575e-05,1.314590187906394880e-05,1.312553500669752071e-05,1.167640842241198240e-05,1.281360792719413580e-05,1.322257848428438848e-05,1.292109520534359565e-05,1.218607246165867235e-05,1.295280390217081845e-05,1.231842283947357361e-05,1.374258506886100050e-05,1.302165009200647641e-05,1.353784057611023543e-05,1.325423079392168903e-05,1.397488363944468496e-05,1.407698361451654115e-05,1.403124718779197557e-05,1.411686445774201232e-05,1.390953046435028026e-05,1.415155112566640382e-05,1.395158370692990701e-05,1.436007732456617828e-05,1.470640858294365519e-05,1.464365517133345759e-05,1.380365457930512854e-05,1.433533919061712604e-05,1.493127339386792504e-05,1.459703185401620617e-05,1.464770888669959903e-05,1.470775985919308899e-05,1.472501649921222609e-05,1.300476556240037701e-05,1.351074794382264945e-05,1.392659542492280694e-05,1.440448798489270278e-05,1.348562810327310638e-05,1.349128426617844380e-05,1.416923736077937514e-05,1.312934340128251684e-05,1.369707778426948988e-05,1.405166159727352388e-05,1.447586937726080563e-05,1.393144417350155211e-05,1.425062753242505883e-05
8.558653314124692305e-06,8.841502785049146768e-06,9.017533564007828119e-06,9.244618044930905505e-06,8.864367484230088444e-06,9.577544643639397689e-06,9.900690577638930444e-06,9.995960238144974413e-06,1.015841393023827073e-05,1.055412783728646438e-05,1.095064028961726738e-05,1.046094013531960637e-05,1.093462747218323357e-05,1.101471771489900208e-05,1.128633637032668817e-05,1.153832735173862536e-05,1.150415239027756189e-05,1.120734722015710261e-05,1.129277404594603700e-05,1.062042761842703507e-05,9.658040826592669142e-06,8.071094504383828823e-06,2.519852933156387746e-06,9.448119223871043971e-06,1.116148978963848402e-05,1.184675844614216522e-05,1.189780492097674915e-05,1.175057800002472872e-05,1.223641221706770675e-05,1.235013145147921692e-05,1.257157977598579648e-05,1.276402143120544829e-05,1.255978719112767267e-05,1.205097133891158142e-05,1.273710631445430551e-05,1.282629358228763982e-05,1.289064658098070731e-05,1.285766474926602306e-05,1.141544743579120524e-05,1.253847259242082206e-05,1.295679750491464188e-05,1.270096416585135912e-05,1.191022220537925550e-05,1.269601716533193398e-05,1.206248116758773848e-05,1.349269143616236972e-05,1.278759444877015237e-05,1.327019735368661724e-05,1.300611116468754948e-05,1.374226059804572127e-05,1.383493201694541199e-05,1.379783316049518506e-05,1.390143026186067693e-05,1.368497632560097733e-05,1.390967692894034310e-05,1.371763391191767258e-05,1.413537715055806736e-05,1.445952927241429874e-05,1.441247884254404480e-05,1.356884331588662507e-05,1.409865143842692031e-05,1.459703185401620617e-05,1.444855704831685139e-05,1.443083417766556266e-05,1.448178182128852992e-05,1.449592655049301336e-05,1.279447300358813867e-05,1.331811962894346009e-05,1.373656853357533612e-05,1.419233670819813478e-05,1.331636283428409799e-05,1.330553779860456640e-05,1.396106083648972466e-05,1.297807683871492242e-05,1.347476248599308123e-05,1.387459063317605782e-05,1.428806872843377119e-05,1.373857679618890376e-05,1.406334667490837020e-05
8.800005963745831307e-06,9.071983926916171221e-06,9.222997166366933539e-06,9.420489888719962344e-06,9.048380324958094889e-06,9.740569530729877040e-06,1.006998383455127504e-05,1.015254415387779736e-05,1.029011005571422295e-05,1.073104346958151890e-05,1.111268310408206991e-05,1.058029923069456798e-05,1.106750066310848278e-05,1.114781384377315700e-05,1.140204870797633933e-05,1.163881715050577355e-05,1.161911542020840980e-05,1.131263448998834851e-05,1.140368470487371212e-05,1.069021854702889588e-05,9.697846047653294055e-06,8.131885556947386585e-06,2.532576414721707540e-06,9.479533005485522480e-06,1.124519844043885008e-05,1.193362086445543422e-05,1.196809670040786682e-05,1.182727005444192698e-05,1.231249604582705251e-05,1.238655584975633558e-05,1.263111622728556251e-05,1.280784794263960396e-05,1.259198974805801029e-05,1.206786095898961246e-05,1.275175593389990364e-05,1.284666308224084692e-05,1.291255567503456665e-05,1.286803838317038182e-05,1.140971106742626406e-05,1.252841369771603190e-05,1.297996883782958042e-05,1.269233314021061130e-05,1.189945480969855827e-05,1.270591800199513258e-05,1.206254474240186124e-05,1.350879899715231326e-05,1.280097814426760507e-05,1.326582825619907319e-05,1.300357332844067071e-05,1.376589560683690681e-05,1.384568044957968306e-05,1.381061745392704967e-05,1.391295259364026194e-05,1.371834924627219460e-05,1.394386471269238032e-05,1.376343649303230620e-05,1.416970951842852334e-05,1.447680060925240313e-05,1.445438208044861687e-05,1.361805347499357526e-05,1.414509419649102671e-05,1.464770888669959903e-05,1.443083417766556266e-05,1.460064990994586317e-05,1.456042054696806142e-05,1.459669658804068495e-05,1.287655318766448232e-05,1.338188779221639100e-05,1.378036058895197100e-05,1.426730249557416977e-05,1.333595511744502223e-05,1.333239765671103884e-05,1.404137873380190195e-05,1.309543460368251402e-05,1.353938192132957065e-05,1.394663598789820793e-05,1.437283329523746148e-05,1.382437192288199311e-05,1.412688875877847610e-05
8.545959901776751361e-06,8.830012712358926511e-06,9.022118061488209210e-06,9.225317379841555231e-06,8.880198534742526120e-06,9.566228773303667315e-06,9.916515507874146764e-06,1.001250033815331256e-05,1.015561553797363784e-05,1.060079026830591872e-05,1.098398087915644189e-05,1.049274032882641627e-05,1.096057036462570768e-05,1.104700407029804126e-05,1.133776651295185557e-05,1.155503384658146575e-05,1.153864118981533715e-05,1.125016506234240289e-05,1.137585967023188906e-05,1.069983655260812398e-05,9.786305937898710056e-06,8.261054453984889505e-06,2.946214751672858084e-06,9.579541373833468966e-06,1.128898778911547293e-05,1.194350261451434512e-05,1.197007270882210949e-05,1.188649283934970645e-05,1.235445896251017053e-05,1.242063463890570248e-05,1.266586351227540845e-05,1.283517395922692482e-05,1.262246242629912685e-05,1.214967728303252753e-05,1.277788622275704616e-05,1.289150014759433247e-05,1.293290322018343231e-05,1.294319121467205258e-05,1.153303256079887817e-05,1.263736128584275752e-05,1.305511500102080593e-05,1.275579572227073911e-05,1.203230262711350271e-05,1.279124003365561397e-05,1.221105328640215009e-05,1.357497879855607883e-05,1.288144781544354155e-05,1.336808011006247886e-05,1.311113917117786806e-05,1.381898809063517810e-05,1.390949301128688893e-05,1.390054550500253045e-05,1.398124108237451627e-05,1.378398620473490951e-05,1.400949718714798294e-05,1.381540275681261561e-05,1.424732480653692607e-05,1.456910835255456496e-05,1.451576059440285140e-05,1.371933477446628679e-05,1.421512694542411986e-05,1.470775985919308899e-05,1.448178182128852992e-05,1.456042054696806142e-05,1.473195865861607618e-05,1.466820658392227009e-05,1.302847870905952738e-05,1.350674472210438751e-05,1.388853201780778534e-05,1.433413388457038542e-05,1.344591147828415987e-05,1.347118857404443803e-05,1.411258519122335619e-05,1.319349316954677763e-05,1.364772791101861601e-05,1.404346719521928327e-05,1.443225117490854447e-05,1.391736357418315747e-05,1.420464514313933129e-05
8.854301667625878879e-06,9.090709802988999728e-06,9.258533660173126842e-06,9.508957254118826104e-06,9.081129373088934123e-06,9.747364890525914667e-06,1.007514871656766497e-05,1.016170902101314855e-05,1.029570730878237743e-05,1.074653495856108851e-05,1.110564407914105422e-05,1.059509876957720772e-05,1.103655495135799518e-05,1.115274180187911292e-05,1.141039421823560988e-05,1.161995102975782581e-05,1.158342542235946726e-05,1.130581835683271419e-05,1.143446886630142334e-05,1.073644313911908026e-05,9.755353863044112468e-06,8.217268918653563198e-06,2.718576684520160203e-06,9.547486180890456850e-06,1.128220447096523604e-05,1.198119653780909962e-05,1.200699579953170555e-05,1.191328183697916384e-05,1.238635143005345530e-05,1.246210216722915333e-05,1.269180455144220315e-05,1.286863398894330159e-05,1.265662404517874424e-05,1.216748976808864297e-05,1.282906761996182717e-05,1.292714581135092715e-05,1.299189246336482678e-05,1.294315506749401817e-05,1.152331972224497933e-05,1.265035452787871107e-05,1.307557555447033776e-05,1.277779811940864970e-05,1.200251210611933375e-05,1.279418768037520471e-05,1.218872111556948515e-05,1.359599667775438750e-05,1.289524658303651888e-05,1.337561858106666049e-05,1.310563143319092157e-05,1.382128549924391260e-05,1.391445869458475239e-05,1.391751320271116672e-05,1.402183067891041119e-05,1.379691688777715352e-05,1.403692479284727558e-05,1.385377753467859733e-05,1.429036764586229294e-05,1.457543894150623342e-05,1.456089266701594156e-05,1.374052404641628469e-05,1.424755449562466601e-05,1.472501649921222609e-05,1.449592655049301336e-05,1.459669658804068495e-05,1.466820658392227009e-05,1.480126717962786117e-05,1.304925178765277130e-05,1.351503885331551681e-05,1.390657137148660983e-05,1.440843322043766594e-05,1.346211655948011169e-05,1.347437240025846951e-05,1.416349718311401111e-05,1.323649781517537525e-05,1.365093803236529220e-05,1.410266041581023590e-05,1.450411965789285597e-05,1.398978044098866921e-05,1.426751613049989856e-05
8.646463820508347434e-06,8.892558037662878166e-06,8.991989340764999845e-06,9.114412108657843708e-06,8.890166799395907832e-06,9.330239464574329898e-06,9.604898463687854462e-06,9.584509991816855514e-06,9.748532593909835245e-06,1.009667991029516515e-05,1.035105228590904795e-05,9.901022697011574927e-06,1.032468812970142549e-05,1.037024898718961274e-05,1.056181277745708895e-05,1.071951885883403442e-05,1.071252934213966754e-05,1.054055067098257042e-05,1.056023350670294197e-05,1.015125679833901381e-05,9.488179355750054266e-06,8.636275139154776142e-06,5.195182122265097581e-06,9.470656833959642824e-06,1.058101343247783290e-05,1.098635700796352535e-05,1.107342294817117812e-05,1.110025405275700862e-05,1.122320347449652486e-05,1.122728904053765513e-05,1.144949081316522463e-05,1.162972500332651339e-05,1.141054104618243087e-05,1.126514070511712824e-05,1.151950254283236795e-05,1.161121784415502549e-05,1.162583561948753635e-05,1.163064183794349148e-05,1.090756040081577817e-05,1.140750887106290335e-05,1.174570498432523219e-05,1.159554957065872250e-05,1.110105690167035092e-05,1.147670813781327184e-05,1.133213976116641658e-05,1.205624358370820773e-05,1.161876132648517130e-05,1.196661956464949655e-05,1.176543253788042957e-05,1.220462664492146140e-05,1.233628615614731101e-05,1.234609634954819934e-05,1.236201416902604755e-05,1.224413906023709048e-05,1.239201781446255425e-05,1.229490763051435033e-05,1.262928937720266814e-05,1.287023410254039460e-05,1.281994577048013266e-05,1.224962233333236134e-05,1.255474907983017625e-05,1.300476556240037701e-05,1.279447300358813867e-05,1.287655318766448232e-05,1.302847870905952738e-05,1.304925178765277130e-05,1.239258027545095469e-05,1.239850569416986195e-05,1.264965618030394428e-05,1.281398004920232440e-05,1.223523046756014528e-05,1.247688596134072930e-05,1.258014910617761528e-05,1.251826945750690488e-05,1.233164171630004357e-05,1.280357534531117570e-05,1.294243927740556702e-05,1.249865298494015151e-05,1.282911999538958637e-05
8.659672788448998865e-06,8.991867565153663017e-06,9.102130696188814684e-06,9.238583686873543652e-06,8.981475178608992825e-06,9.499477090414925831e-06,9.813952420303736869e-06,9.832749641217634819e-06,9.990139814864356545e-06,1.033626634763855743e-05,1.061939985782522199e-05,1.021744024135629802e-05,1.063957210522403395e-05,1.072488543774057109e-05,1.089555796891505088e-05,1.111168453506438231e-05,1.110723924385702909e-05,1.086112514755342245e-05,1.088159484514107161e-05,1.039197435923104395e-05,9.670439126266586291e-06,8.561035194686796593e-06,4.573566536937594618e-06,9.578670529653679475e-06,1.084713488857246236e-05,1.131257452889124959e-05,1.142457670563440518e-05,1.135803246875412102e-05,1.159975643287155606e-05,1.162186740914285751e-05,1.184401800982926645e-05,1.204073536756989885e-05,1.179322036610237027e-05,1.150993711762683273e-05,1.192632418430651763e-05,1.202419461821056537e-05,1.206214590416852034e-05,1.205260315531062491e-05,1.109695904406775490e-05,1.180247584824399009e-05,1.216198321577331691e-05,1.200099937099449799e-05,1.142221119535705207e-05,1.193491060922035024e-05,1.155390226872453992e-05,1.252671197655929934e-05,1.201147658598734838e-05,1.238886904195139325e-05,1.219638313124576548e-05,1.274467860663015676e-05,1.284229400630898695e-05,1.281210745454107941e-05,1.284420855574420357e-05,1.271935013768066424e-05,1.287882405749824147e-05,1.272645528105872302e-05,1.309262671873405098e-05,1.336270036923280525e-05,1.332842448067076202e-05,1.266233183970322779e-05,1.304704811620325935e-05,1.351074794382264945e-05,1.331811962894346009e-05,1.338188779221639100e-05,1.350674472210438751e-05,1.351503885331551681e-05,1.239850569416986195e-05,1.284392526398884894e-05,1.298759403992304065e-05,1.324188880698068930e-05,1.260480978804549619e-05,1.274861853729277272e-05,1.309006384447914194e-05,1.264463972974174468e-05,1.274790265560802688e-05,1.309850229836433905e-05,1.333529881203626356e-05,1.289218952493523163e-05,1.320988077209999527e-05
8.488767684209610188e-06,8.760883118903379496e-06,8.921909803682737523e-06,9.114751999843043005e-06,8.800910532600876248e-06,9.409802770091086306e-06,9.691700931558457278e-06,9.753391388222156592e-06,9.933916017784205822e-06,1.028879706646069763e-05,1.062290345916432389e-05,1.015504942108336222e-05,1.060534699327915117e-05,1.068724536603697845e-05,1.090789647936911476e-05,1.115169639591921968e-05,1.111350756673306901e-05,1.091289266140685756e-05,1.097440261178852135e-05,1.044287211718675549e-05,9.591194422469714555e-06,8.318430273489913553e-06,3.772681234337253163e-06,9.448079928857400041e-06,1.088909097425194247e-05,1.147186874754619187e-05,1.153272594413772990e-05,1.147944198053505628e-05,1.179884420368686151e-05,1.189212821625263848e-05,1.212419081382485712e-05,1.230105513345795560e-05,1.207688255372898373e-05,1.177322051318040401e-05,1.225493039892201031e-05,1.233969435892085850e-05,1.242200253617168735e-05,1.238246177732250713e-05,1.129505716271384708e-05,1.211666487664972555e-05,1.251185490405270356e-05,1.231932260246970474e-05,1.165097823079353089e-05,1.225452136688864508e-05,1.184091422726000231e-05,1.291036923990325052e-05,1.235451536968647213e-05,1.278973061766953986e-05,1.253847982595682226e-05,1.314704618948576855e-05,1.324866104898553897e-05,1.322410504320312011e-05,1.330418096940239690e-05,1.312850111848910371e-05,1.331623638694602753e-05,1.315540140421523095e-05,1.353006050234171547e-05,1.382632747533077559e-05,1.378371282216627509e-05,1.306055096604368334e-05,1.345625741657049779e-05,1.392659542492280694e-05,1.373656853357533612e-05,1.378036058895197100e-05,1.388853201780778534e-05,1.390657137148660983e-05,1.264965618030394428e-05,1.298759403992304065e-05,1.347352772623496083e-05,1.364943486927120247e-05,1.295507702922860430e-05,1.304514545207232387e-05,1.343571197616584163e-05,1.288386441421982483e-05,1.302575882245719598e-05,1.351490473514650949e-05,1.375899126347306120e-05,1.325621077156159092e-05,1.362699434129485031e-05
8.696603245378062679e-06,8.920666273624433469e-06,9.071161057159398203e-06,9.332316835885909824e-06,8.923292162588400669e-06,9.579897473639414167e-06,9.885404222743133880e-06,9.973610471988590866e-06,1.010265956066600052e-05,1.052668752061850599e-05,1.086310653008608564e-05,1.039484119812362502e-05,1.082588958190490666e-05,1.092102409740712192e-05,1.117817121519472044e-05,1.140652465916281896e-05,1.136500757860732494e-05,1.110876798927509097e-05,1.121953788588866208e-05,1.057131319689619889e-05,9.615275519156157196e-06,8.094221143276189153e-06,2.797040356122351294e-06,9.421160867372618402e-06,1.104343304393566194e-05,1.173474169963545876e-05,1.178030654152677192e-05,1.168550707813385558e-05,1.212017927106733689e-05,1.220470929939279392e-05,1.245255145762548681e-05,1.263564386052853422e-05,1.242527408063884438e-05,1.195170777634816326e-05,1.259924850765415623e-05,1.267745410416504322e-05,1.275290007139480233e-05,1.271618051364961439e-05,1.133717244328912511e-05,1.240722618548084196e-05,1.282687028441440764e-05,1.257726663072421161e-05,1.184218284303467627e-05,1.254964154014317610e-05,1.198012113116061393e-05,1.334283114962284766e-05,1.267258967209660096e-05,1.311995539957056590e-05,1.286759341148455809e-05,1.356142150838484939e-05,1.365929179231753963e-05,1.365676534997328049e-05,1.375382249203852919e-05,1.352958787561208568e-05,1.377051829953863345e-05,1.359114942998188126e-05,1.399962714821074644e-05,1.429357306211284569e-05,1.425052913075524737e-05,1.347973363599757105e-05,1.394985172922806168e-05,1.440448798489270278e-05,1.419233670819813478e-05,1.426730249557416977e-05,1.433413388457038542e-05,1.440843322043766594e-05,1.281398004920232440e-05,1.324188880698068930e-05,1.364943486927120247e-05,1.420392214554124457e-05,1.324308331399939832e-05,1.326192391305148505e-05,1.387207561793374592e-05,1.300472369303402664e-05,1.339411480328866864e-05,1.383139775335177537e-05,1.422822055936728040e-05,1.372496575610868424e-05,1.400741244922841649e-05
8.029830543686793917e-06,8.324038378487086650e-06,8.453053199251595642e-06,8.670924937009658292e-06,8.377770573411195900e-06,8.958081305625517835e-06,9.290167110381944863e-06,9.329751403188844323e-06,9.505684073282155602e-06,9.852634031739941519e-06,1.016302616052031451e-05,9.754161526469566390e-06,1.017082518104467068e-05,1.025075964412746650e-05,1.048446075186614940e-05,1.075599965186994489e-05,1.071328051528213580e-05,1.053366201855058212e-05,1.058963240466583018e-05,1.011439391216498172e-05,9.339853784100091548e-06,8.104578119370508532e-06,3.830065908298814983e-06,9.244605594666810739e-06,1.053712943217943749e-05,1.107200733021470946e-05,1.117658019911975746e-05,1.113205936895471508e-05,1.142661236725579767e-05,1.152893709095311401e-05,1.173784290010809735e-05,1.197911988039334549e-05,1.173823138253063674e-05,1.144593631780365840e-05,1.193418782812499275e-05,1.199642245736447369e-05,1.207582792786213792e-05,1.207506977506694352e-05,1.099981225397575019e-05,1.180979478583600630e-05,1.215890762790085892e-05,1.198476779157917462e-05,1.137621659817256336e-05,1.191808132004883598e-05,1.152036877516923695e-05,1.255826259215518103e-05,1.205252927952390282e-05,1.246195958234613874e-05,1.220873768091154466e-05,1.279131028181641796e-05,1.289223870002398817e-05,1.287566571020604727e-05,1.293478120135258605e-05,1.276940200497504011e-05,1.296036852776595782e-05,1.280983115956323519e-05,1.312105374752977302e-05,1.343516338125921301e-05,1.335565317117882088e-05,1.271014743219376448e-05,1.305952028840800050e-05,1.348562810327310638e-05,1.331636283428409799e-05,1.333595511744502223e-05,1.344591147828415987e-05,1.346211655948011169e-05,1.223523046756014528e-05,1.260480978804549619e-05,1.295507702922860430e-05,1.324308331399939832e-05,1.272008271847980666e-05,1.265645966519750900e-05,1.300480299296462678e-05,1.242612694851475913e-05,1.262580960863922571e-05,1.302069369957560698e-05,1.333464484467620993e-05,1.285900451328328149e-05,1.319995648302036568e-05
8.597480397349613901e-06,8.861193326310657487e-06,8.979953022657584337e-06,9.144277544644709513e-06,8.851780962389353807e-06,9.387538777146403572e-06,9.699975505031453577e-06,9.678598284798118582e-06,9.864973474898914259e-06,1.018937183586921909e-05,1.048909171720243198e-05,1.003545653730420520e-05,1.049580123680596306e-05,1.054106729403172214e-05,1.074134160023965283e-05,1.097735667843881378e-05,1.095645165729147200e-05,1.075089604735592961e-05,1.076039441055171256e-05,1.031619917543232952e-05,9.503148045891227124e-06,8.385056671950119012e-06,4.249255810623058505e-06,9.415381218735006003e-06,1.071293359940332487e-05,1.119868455182550179e-05,1.130523806533650851e-05,1.126481904507521702e-05,1.149596065471581094e-05,1.158509913908789131e-05,1.179830245037831665e-05,1.200096587489621130e-05,1.177420116382459414e-05,1.155295862064964251e-05,1.192430776738228993e-05,1.200616031281458095e-05,1.206585418790676307e-05,1.204976521066902392e-05,1.109648697118750582e-05,1.177662937038608234e-05,1.214162205965171690e-05,1.203560123835121041e-05,1.139307152279075275e-05,1.189156534023433997e-05,1.159545060086832454e-05,1.252500023835956014e-05,1.199543173145820033e-05,1.240059951433636615e-05,1.219304165839937615e-05,1.272259604949050357e-05,1.287428523024040121e-05,1.283548249825180851e-05,1.286849892801561764e-05,1.272223395382163525e-05,1.286808936418117320e-05,1.276876894828807511e-05,1.309247448678306459e-05,1.337886538660790320e-05,1.332749842642857484e-05,1.266820302501683855e-05,1.301138191717124804e-05,1.349128426617844380e-05,1.330553779860456640e-05,1.333239765671103884e-05,1.347118857404443803e-05,1.347437240025846951e-05,1.247688596134072930e-05,1.274861853729277272e-05,1.304514545207232387e-05,1.326192391305148505e-05,1.265645966519750900e-05,1.295495217397420022e-05,1.307128469449343085e-05,1.274012235036278186e-05,1.269027226251498993e-05,1.321667733620142779e-05,1.340363066262337001e-05,1.290699801092638599e-05,1.331857930472761162e-05
8.958559613520395876e-06,9.196867623978758388e-06,9.333109095004621530e-06,9.522014431701909942e-06,9.141833027450528280e-06,9.734721505860767296e-06,1.002870175251918695e-05,1.010348070600326194e-05,1.023045655360372186e-05,1.061195202736214379e-05,1.096703344880785469e-05,1.047601981464465331e-05,1.089482762465866521e-05,1.101420720184407480e-05,1.122960629691872581e-05,1.142913055957731984e-05,1.137660001093025254e-05,1.110402862364407123e-05,1.116268663547240529e-05,1.049285363056425405e-05,9.602923624209883894e-06,8.168737493610260750e-06,3.055459466222274508e-06,9.412487948842027823e-06,1.104693506504231998e-05,1.165212354691863462e-05,1.171859221346742533e-05,1.158187701298352814e-05,1.200719538705666597e-05,1.207357291815009522e-05,1.230390406517373226e-05,1.244555573849637492e-05,1.222657100376004681e-05,1.178218091331699969e-05,1.238026970981704459e-05,1.249538707642430671e-05,1.254310409204316506e-05,1.249380790100049074e-05,1.115498017475584583e-05,1.220325536073883251e-05,1.258868878616380859e-05,1.235114369935410172e-05,1.164493519292721887e-05,1.233785813862247397e-05,1.175995896836079906e-05,1.306172220136948528e-05,1.243075447442169904e-05,1.288203665158340637e-05,1.264164015196071819e-05,1.329639794517134707e-05,1.339933507769785250e-05,1.338351756912174018e-05,1.347862220322553372e-05,1.325757035476848224e-05,1.348378776074888305e-05,1.330891126591935205e-05,1.372520394366738564e-05,1.400438902862625182e-05,1.399327887901136852e-05,1.319610052735676569e-05,1.370290538978216259e-05,1.416923736077937514e-05,1.396106083648972466e-05,1.404137873380190195e-05,1.411258519122335619e-05,1.416349718311401111e-05,1.258014910617761528e-05,1.309006384447914194e-05,1.343571197616584163e-05,1.387207561793374592e-05,1.300480299296462678e-05,1.307128469449343085e-05,1.382510490666112425e-05,1.287609090225983549e-05,1.325422109301044503e-05,1.362552511316523852e-05,1.400860594545103899e-05,1.353200824185907937e-05,1.380174521083720210e-05
9.458848044937941788e-06,9.661339097783856983e-06,9.749283075341722417e-06,9.817288959322907892e-06,9.519393595907390426e-06,9.920976137911634150e-06,1.020894069839809006e-05,1.013507327264311420e-05,1.028001989485820637e-05,1.060480112360033337e-05,1.086625585615064693e-05,1.037426939056585873e-05,1.082791170078354254e-05,1.083228258300206979e-05,1.099649025338041413e-05,1.112983038620119790e-05,1.110675028229085160e-05,1.089402978321980965e-05,1.085656436922243104e-05,1.041503720996841108e-05,9.596224875394038291e-06,8.726298519429576169e-06,4.963697528706106931e-06,9.570880704508283736e-06,1.079019727424686151e-05,1.118895442041181999e-05,1.131093578716383809e-05,1.132111675914868926e-05,1.139584762845202145e-05,1.140782822591734226e-05,1.164798938840046040e-05,1.179277510010661421e-05,1.156778635665931231e-05,1.143495436132705947e-05,1.162393306628528418e-05,1.174384029048717983e-05,1.174702614762100942e-05,1.170833646910039483e-05,1.095498519957144858e-05,1.139532452339579319e-05,1.178942236268482503e-05,1.171544794875560883e-05,1.108794961891260046e-05,1.147317164914801358e-05,1.135822847020587060e-05,1.210876393073636579e-05,1.164407765232768726e-05,1.196904504632826361e-05,1.179803375250864920e-05,1.228500622076379102e-05,1.242056790643214983e-05,1.244524804280899129e-05,1.241073245314783469e-05,1.230748742983057207e-05,1.244387217613624552e-05,1.238416226205100288e-05,1.267021706745132501e-05,1.291863643899073601e-05,1.294037985493997088e-05,1.229548236740792889e-05,1.264623910884789705e-05,1.312934340128251684e-05,1.297807683871492242e-05,1.309543460368251402e-05,1.319349316954677763e-05,1.323649781517537525e-05,1.251826945750690488e-05,1.264463972974174468e-05,1.288386441421982483e-05,1.300472369303402664e-05,1.242612694851475913e-05,1.274012235036278186e-05,1.287609090225983549e-05,1.315050421818661870e-05,1.253428923322757553e-05,1.318544944741316521e-05,1.329029473649379989e-05,1.281482960987420729e-05,1.324413491378359937e-05
8.911654977005896406e-06,9.185413794317183377e-06,9.282328576380210591e-06,9.484399246660733348e-06,9.205239837303989071e-06,9.702885727926276576e-06,9.983548999451392938e-06,1.006140808872237811e-05,1.016092915853561841e-05,1.054342274496184832e-05,1.084042359897130693e-05,1.041054357197615071e-05,1.079314353023963429e-05,1.090067820546533969e-05,1.114156825721999534e-05,1.128426210794875608e-05,1.125042593771523574e-05,1.097508396294904305e-05,1.100010492623541609e-05,1.047104079928406655e-05,9.845982326428257204e-06,8.678496122324497598e-06,4.769918427028494920e-06,9.763619325306626464e-06,1.108433627079346529e-05,1.151086471593677375e-05,1.160439069655452149e-05,1.147022260954109995e-05,1.177327651669569055e-05,1.178247285228268755e-05,1.200405668895080929e-05,1.216574565100839404e-05,1.192687227028982386e-05,1.149640431179279385e-05,1.204017442416575579e-05,1.215913470434352001e-05,1.218595073053316879e-05,1.216169023093898630e-05,1.107682839047293602e-05,1.195716521752201368e-05,1.224893350026299242e-05,1.200626390508250648e-05,1.155238248468590707e-05,1.204767625238627975e-05,1.160481234778917239e-05,1.265279892124719726e-05,1.213383250405221190e-05,1.255960020998780327e-05,1.228917660182999079e-05,1.284896452423993117e-05,1.294909101772947510e-05,1.291070676207549486e-05,1.297320404124741016e-05,1.280788722277807031e-05,1.298567272871289024e-05,1.281935399206576491e-05,1.323057145360430433e-05,1.349166743824011497e-05,1.348532149796813222e-05,1.283372036204524469e-05,1.324568187966111609e-05,1.369707778426948988e-05,1.347476248599308123e-05,1.353938192132957065e-05,1.364772791101861601e-05,1.365093803236529220e-05,1.233164171630004357e-05,1.274790265560802688e-05,1.302575882245719598e-05,1.339411480328866864e-05,1.262580960863922571e-05,1.269027226251498993e-05,1.325422109301044503e-05,1.253428923322757553e-05,1.313614621097753872e-05,1.315976824349703711e-05,1.350977760803761494e-05,1.309828444504035585e-05,1.326676560559724149e-05
9.095928769769461760e-06,9.240590584733245747e-06,9.380817084921730842e-06,9.598826135874899426e-06,9.166577207443478125e-06,9.737752917451157232e-06,1.002762040795837241e-05,1.007152827321682986e-05,1.017895920249163348e-05,1.053756502375760870e-05,1.090474678485077625e-05,1.037619257119236384e-05,1.080360048079818396e-05,1.087994255800717121e-05,1.108491612402645368e-05,1.127708459425020147e-05,1.123062260993431615e-05,1.100764367717264163e-05,1.107683124651307796e-05,1.049031508013854391e-05,9.464524321156607287e-06,8.150506075608316458e-06,3.103971507224147293e-06,9.307576422779896970e-06,1.091542726682704651e-05,1.152742565584553661e-05,1.158023843420340393e-05,1.152836108908502454e-05,1.188839956539110770e-05,1.197983285756079015e-05,1.219422188165481082e-05,1.234530655377151968e-05,1.214922003721773683e-05,1.182393272163960728e-05,1.229740975911931446e-05,1.238560123360172053e-05,1.245739542782426976e-05,1.238665475044543334e-05,1.117185537753609557e-05,1.205268485782440303e-05,1.249606318090268422e-05,1.232350572935143457e-05,1.153638807589188444e-05,1.219353281992562994e-05,1.181499573612306219e-05,1.295829909128672941e-05,1.232297608061435305e-05,1.274298934323939162e-05,1.253000227142895249e-05,1.316914798199303700e-05,1.329704945246431990e-05,1.330279636117412008e-05,1.337388195465451967e-05,1.316129422272529154e-05,1.335626413910081382e-05,1.324287866642898342e-05,1.361206229925624632e-05,1.388688311337458001e-05,1.388906549484594463e-05,1.311266901068983620e-05,1.353674895379606649e-05,1.405166159727352388e-05,1.387459063317605782e-05,1.394663598789820793e-05,1.404346719521928327e-05,1.410266041581023590e-05,1.280357534531117570e-05,1.309850229836433905e-05,1.351490473514650949e-05,1.383139775335177537e-05,1.302069369957560698e-05,1.321667733620142779e-05,1.362552511316523852e-05,1.318544944741316521e-05,1.315976824349703711e-05,1.392577584100591448e-05,1.405884458325061293e-05,1.354853989604432423e-05,1.396774406709613314e-05
8.603372674922121839e-06,8.778340223462641128e-06,8.940418895215566944e-06,9.194403622019750499e-06,8.796605107230246192e-06,9.427459801502785337e-06,9.752338811202574775e-06,9.861644001663898921e-06,9.954328526568501475e-06,1.039740358347826249e-05,1.078176963080804063e-05,1.026098078546433050e-05,1.070076253800878241e-05,1.080059675848002021e-05,1.108786431368437700e-05,1.127831218722827234e-05,1.121035060925465637e-05,1.097370137597943698e-05,1.110438806768551557e-05,1.044038035533182856e-05,9.434065324240760661e-06,7.963173012545975610e-06,2.511794636833282059e-06,9.264864161249509569e-06,1.098464547336085883e-05,1.165996074874010571e-05,1.172516265984555250e-05,1.164198049924703988e-05,1.205818430677466123e-05,1.214915628886634648e-05,1.241002596171350352e-05,1.258099568335818569e-05,1.234992169722887121e-05,1.193097586707123760e-05,1.253338940381247562e-05,1.263312040716259753e-05,1.268509596097972199e-05,1.263644757399839724e-05,1.125058474682269838e-05,1.231915826321615989e-05,1.274245268317454634e-05,1.250986426831084907e-05,1.172363396031869554e-05,1.244916528432274499e-05,1.196035973344350753e-05,1.330359606360718350e-05,1.260580661327394298e-05,1.307636404399851883e-05,1.282590017733947513e-05,1.352904028617941535e-05,1.361553399525993079e-05,1.365540108694325893e-05,1.375814135997274813e-05,1.352985897808825056e-05,1.376133300634229316e-05,1.360583889259671298e-05,1.402153634908110167e-05,1.430881503482722193e-05,1.428108274131440457e-05,1.349253487992279410e-05,1.400264037622627672e-05,1.447586937726080563e-05,1.428806872843377119e-05,1.437283329523746148e-05,1.443225117490854447e-05,1.450411965789285597e-05,1.294243927740556702e-05,1.333529881203626356e-05,1.375899126347306120e-05,1.422822055936728040e-05,1.333464484467620993e-05,1.340363066262337001e-05,1.400860594545103899e-05,1.329029473649379989e-05,1.350977760803761494e-05,1.405884458325061293e-05,1.457371589396412409e-05,1.395545310507181154e-05,1.425289652910158631e-05
8.563690607845405136e-06,8.746822211215211638e-06,8.897827687019082722e-06,9.146105503250563925e-06,8.753865345520668741e-06,9.320861073740104057e-06,9.645832796564746513e-06,9.741518359212294440e-06,9.800740390497393215e-06,1.024075927105147972e-05,1.058260957180559546e-05,1.009648700443297751e-05,1.048936634819628486e-05,1.062619066278104761e-05,1.087063380529633645e-05,1.102860861364987795e-05,1.096442210482204646e-05,1.074621728936561166e-05,1.084700680654390102e-05,1.022569241869007564e-05,9.302577399202518330e-06,7.967329057901806957e-06,3.020431839674459198e-06,9.165508545945969503e-06,1.077202124941025432e-05,1.135543975396269132e-05,1.143885156065107475e-05,1.135353719416516109e-05,1.172915659159832464e-05,1.178799488825356326e-05,1.203034405435320402e-05,1.220804299356840087e-05,1.198057316842212330e-05,1.156507772505435412e-05,1.214120782892885540e-05,1.222285594663370301e-05,1.228848019456189889e-05,1.223138529423154802e-05,1.092036730241053131e-05,1.193005265338756968e-05,1.231773307377062787e-05,1.208683667185910463e-05,1.139711418060749869e-05,1.207518310347879748e-05,1.157826166381679569e-05,1.284576128386870953e-05,1.220645942268799607e-05,1.262917235004611417e-05,1.240383133435362111e-05,1.306550729918242125e-05,1.315196236102473397e-05,1.317366676778714604e-05,1.325942011185098547e-05,1.302892051054108884e-05,1.326317200894150213e-05,1.309830682575770157e-05,1.348795414991130230e-05,1.376541774057815328e-05,1.376914251810101407e-05,1.301854360428196811e-05,1.349045998792129281e-05,1.393144417350155211e-05,1.373857679618890376e-05,1.382437192288199311e-05,1.391736357418315747e-05,1.398978044098866921e-05,1.249865298494015151e-05,1.289218952493523163e-05,1.325621077156159092e-05,1.372496575610868424e-05,1.285900451328328149e-05,1.290699801092638599e-05,1.353200824185907937e-05,1.281482960987420729e-05,1.309828444504035585e-05,1.354853989604432423e-05,1.395545310507181154e-05,1.357674106131889239e-05,1.372324582573153139e-05
8.560659970523700458e-06,8.747745051156923188e-06,8.914339497525935414e-06,9.178342684885160553e-06,8.721141118333388461e-06,9.371715568641565759e-06,9.689016286756629864e-06,9.755233401100080052e-06,9.868915005177121978e-06,1.026164230437686642e-05,1.066968517809230532e-05,1.015004773026166070e-05,1.061019466545262994e-05,1.068045087080492391e-05,1.092613754363957405e-05,1.115107111251190106e-05,1.110052713024064525e-05,1.087246631361374712e-05,1.097386733565748292e-05,1.036940930157395879e-05,9.298939078914303995e-06,7.848453392503349144e-06,2.408067049146494856e-06,9.119912467479985763e-06,1.080768416119881252e-05,1.146242115987057531e-05,1.156072223393603217e-05,1.151615689595421054e-05,1.191149233109332655e-05,1.201086611010217309e-05,1.225859310522365790e-05,1.242904494444752256e-05,1.222996441659893985e-05,1.186632295331395947e-05,1.241012934470493610e-05,1.246806379884800986e-05,1.257978949495544685e-05,1.252143504377624073e-05,1.115973029679129803e-05,1.214346793884985126e-05,1.260916368658069879e-05,1.244589248435794593e-05,1.157364797528133744e-05,1.229691331830365642e-05,1.183280022713422899e-05,1.312584849359244471e-05,1.243857765092952616e-05,1.288852931123166823e-05,1.266798673274596098e-05,1.336568388767737764e-05,1.346839279619304495e-05,1.348221091416994599e-05,1.358757537520215825e-05,1.333097315746961102e-05,1.357619500122009696e-05,1.342132663254055163e-05,1.379873155981834430e-05,1.408640457739691912e-05,1.411157769288732598e-05,1.328502484236351009e-05,1.373011038486198777e-05,1.425062753242505883e-05,1.406334667490837020e-05,1.412688875877847610e-05,1.420464514313933129e-05,1.426751613049989856e-05,1.282911999538958637e-05,1.320988077209999527e-05,1.362699434129485031e-05,1.400741244922841649e-05,1.319995648302036568e-05,1.331857930472761162e-05,1.380174521083720210e-05,1.324413491378359937e-05,1.326676560559724149e-05,1.396774406709613314e-05,1.425289652910158631e-05,1.372324582573153139e-05,1.428144674226591806e-05
