2424,2426,2428,2430,2432,2434,2436,2438,2440,2442,2444,2446,2448,2450,2452,2454,2456,2458,2460,2462,2464,2466,2468,2470,2472,2474,2476,2478,2480,2482,2484,2486,2488,2490,2492,2494,2496,2498,2500,2502,2504,2506,2508,2510,2512,2514,2516,2518,2520,2522,2524,2526,2528,2530,2532,2534,2536,2538,2540,2542,2544,2546,2548,2550,2552,2554,2556,2558,2560,2562,2564,2566,2568,2570,2572,2574,2576,2578,2580
1.194351015683670092e-05,1.125755621571309808e-05,1.129165331029401029e-05,1.126978809895864637e-05,1.091022892884646466e-05,1.074512007536022439e-05,1.043943730398955371e-05,1.052735227993467756e-05,1.005514043196165715e-05,1.009532024187301037e-05,9.965078866874226823e-06,9.691729525598067254e-06,9.461746064397201484e-06,9.537443178861258102e-06,9.289734019907767775e-06,8.927118051796380363e-06,9.012356956766419576e-06,8.754276686695706812e-06,8.924527862068833619e-06,8.478382076281646708e-06,8.650539803827703744e-06,8.366251133489050913e-06,8.547464151845825063e-06,8.193953576427738056e-06,8.432861427821898220e-06,8.391359523171063866e-06,7.928943076679540223e-06,8.056904860276232846e-06,7.969139905821812417e-06,7.864541134173006661e-06,7.869390363781633824e-06,7.698121583006232554e-06,7.658315509662020037e-06,7.507328866052901860e-06,7.474238681938310459e-06,7.409011926444131542e-06,7.326369016194134137e-06,7.121102354209944060e-06,7.143198772887902980e-06,7.304992431421022502e-06,7.217114891209687901e-06,6.924553244612492024e-06,6.979871341229341780e-06,6.955695761011405653e-06,7.066537781595966198e-06,6.940436555612828562e-06,6.988987218865430003e-06,6.929055368339448620e-06,6.918863988652960935e-06,7.002921951634520864e-06,6.950059175756504174e-06,7.022056055517009864e-06,6.983254198352042769e-06,6.847652376935090207e-06,6.869452794918566266e-06,6.955714626684098184e-06,7.102115475693242749e-06,6.944997369932516025e-06,6.789374424698257679e-06,6.981059384548802818e-06,7.074244117961710847e-06,6.761160221624555689e-06,6.810311588890438242e-06,6.718129186665518754e-06,6.902401201434693698e-06,6.978551281965350922e-06,6.440917185333941475e-06,6.540636615053250472e-06,6.556886018707760144e-06,6.772156668828278027e-06,6.358457254491120218e-06,6.201441087940355757e-06,6.687718349412785314e-06,6.207301761468670727e-06,6.722529556606800503e-06,6.388098373389289363e-06,6.698161636802813431e-06,6.775479823792876988e-06,6.541112169859732015e-06
1.125755621571309808e-05,1.075177386084325916e-05,1.074350061711521654e-05,1.070568935210244288e-05,1.038594305118719465e-05,1.026001769491409683e-05,9.969786060784443640e-06,1.003820770133785155e-05,9.634147059276549838e-06,9.665779937194314675e-06,9.537377961889015649e-06,9.298563382894472454e-06,9.080287645141593505e-06,9.158906404489973441e-06,8.933707971853380528e-06,8.619089533752231566e-06,8.687492703868089912e-06,8.450701022849426599e-06,8.609210210602720762e-06,8.197763606030090004e-06,8.356027004154250879e-06,8.098202594506120517e-06,8.294917142955717982e-06,7.960436408978512773e-06,8.164747029996653873e-06,8.126067776120766574e-06,7.704956872894382265e-06,7.822254405733976217e-06,7.758303558231569806e-06,7.639879631800777982e-06,7.671760042670730314e-06,7.503957069321496944e-06,7.447383689655619240e-06,7.318840871200447646e-06,7.293679863737387550e-06,7.216752010873287863e-06,7.152274411358589427e-06,6.960638167156217406e-06,6.973250161666817110e-06,7.155505319873029932e-06,7.055574210549804944e-06,6.781109769246705480e-06,6.840373229215065008e-06,6.823962989419257285e-06,6.898929688307255527e-06,6.784129781734022143e-06,6.856608029500338903e-06,6.795516483778863907e-06,6.781584546407516929e-06,6.859379573773818214e-06,6.793355679849475678e-06,6.873624955144370550e-06,6.826177832392270296e-06,6.695697522381316677e-06,6.717591234703844600e-06,6.798850696452800216e-06,6.925465043555511682e-06,6.786911023309139122e-06,6.646588570716964966e-06,6.821149966787613579e-06,6.897639949799882650e-06,6.602955022354827007e-06,6.668432987963051778e-06,6.565521114695942818e-06,6.734889370590440273e-06,6.793354217233144427e-06,6.304637235385462065e-06,6.398214148960914061e-06,6.396583593383395883e-06,6.596238319038173479e-06,6.224736541582260803e-06,6.069692224100662505e-06,6.513779409978637679e-06,6.041598292869172741e-06,6.567110076910368888e-06,6.213220952716222954e-06,6.505283758723079789e-06,6.606200335216612165e-06,6.356803753350942923e-06
1.129165331029401029e-05,1.074350061711521654e-05,1.086520076950443893e-05,1.077579353772071998e-05,1.047146991137174184e-05,1.034696726052731488e-05,1.007501218625939118e-05,1.014144055344458901e-05,9.716254215202868710e-06,9.757096255503936965e-06,9.638147948906630150e-06,9.391301473101533763e-06,9.203803921615451609e-06,9.286251237147323133e-06,9.041622649595933698e-06,8.733726662718290149e-06,8.805747336145265309e-06,8.573712939689788265e-06,8.730925569294045393e-06,8.308722384199500454e-06,8.476963331828396924e-06,8.236765941504056254e-06,8.446557169850226797e-06,8.091343317641532001e-06,8.284853883283996355e-06,8.240133451488923088e-06,7.835632640457131632e-06,7.949585866410289480e-06,7.871775400050170905e-06,7.770145114941740875e-06,7.792410622830238739e-06,7.624037413544462887e-06,7.578852902808100790e-06,7.454588445517249213e-06,7.427954793391677869e-06,7.355405835545109758e-06,7.272517248028036928e-06,7.081400746463269882e-06,7.108927363681596481e-06,7.281843262652407556e-06,7.191708547443225116e-06,6.904637117937837205e-06,6.958932754895949526e-06,6.929285156943547087e-06,7.033629918363015648e-06,6.906638133653905433e-06,6.971792864620096146e-06,6.898628517410574982e-06,6.920347772486678573e-06,6.984651736485038657e-06,6.916714060012547904e-06,6.992865301773802519e-06,6.943431724351979219e-06,6.824941974135567287e-06,6.847396273142520285e-06,6.928967128548938591e-06,7.043748784633858407e-06,6.909174826417057646e-06,6.779281499472224632e-06,6.942870269996860040e-06,7.038623158109249654e-06,6.723300254059350685e-06,6.796562278167433881e-06,6.712257769852872075e-06,6.878180984371009016e-06,6.924739062320443985e-06,6.434965210111365369e-06,6.535229043908929163e-06,6.536847723153220887e-06,6.717199802049790879e-06,6.348072133091577676e-06,6.202487522156736419e-06,6.630864791739083026e-06,6.161855469944933402e-06,6.684992708840481747e-06,6.317752383495335184e-06,6.615948346041474421e-06,6.718646157078634273e-06,6.481672394402153184e-06
1.126978809895864637e-05,1.070568935210244288e-05,1.077579353772071998e-05,1.081568258185801883e-05,1.043130184245694557e-05,1.031834674923280703e-05,1.004351125509267930e-05,1.011199756205097462e-05,9.707799228034789119e-06,9.732859883755827697e-06,9.613666704770849414e-06,9.371610120152720522e-06,9.165086709307863119e-06,9.262802790419879972e-06,9.018714591062338906e-06,8.717954600003343093e-06,8.791958458923804340e-06,8.549765728332946684e-06,8.700891894081465533e-06,8.303691646098419497e-06,8.466511855874429038e-06,8.222447728471102529e-06,8.434853737974916835e-06,8.076876895531678616e-06,8.273422614971772456e-06,8.222506629922594912e-06,7.816055091360863403e-06,7.936412907344376772e-06,7.866798221042841245e-06,7.776202136475748227e-06,7.791044885671274148e-06,7.621229051985236124e-06,7.575335248946730509e-06,7.445037007136893193e-06,7.408886953732174343e-06,7.345481286835163793e-06,7.278806811187598230e-06,7.088735227448179940e-06,7.114019405419141520e-06,7.266376834319979439e-06,7.184048247223484089e-06,6.902036474315249685e-06,6.954592049841875087e-06,6.938294424365948958e-06,7.027065144685148651e-06,6.908040609373771925e-06,6.969794997562666323e-06,6.913290647568516661e-06,6.903992103509746263e-06,6.993759417366340395e-06,6.930746208133580797e-06,6.993399319594389700e-06,6.945481899313473678e-06,6.815552167134622585e-06,6.841048008930488454e-06,6.933550509353404941e-06,7.044227955137567588e-06,6.901251551964640515e-06,6.782368244769720928e-06,6.944315030740970279e-06,7.028398905828695599e-06,6.725251550496796275e-06,6.787449511435128600e-06,6.703692682924943254e-06,6.873179635042147969e-06,6.904356760307286797e-06,6.445369226497545580e-06,6.522759608788684717e-06,6.543913979219714555e-06,6.722153776041128344e-06,6.332340095531304583e-06,6.179072643319580263e-06,6.625437670717682313e-06,6.169774791753643673e-06,6.673167938280872171e-06,6.342532739540502854e-06,6.632053605344078911e-06,6.715026902324580957e-06,6.473591519593166577e-06
1.091022892884646466e-05,1.038594305118719465e-05,1.047146991137174184e-05,1.043130184245694557e-05,1.024847126654988528e-05,1.007023251611124714e-05,9.809004150208157116e-06,9.889089319652210933e-06,9.493431337922025103e-06,9.537090536346588202e-06,9.419381660511331705e-06,9.229504773179329319e-06,9.023042923527098232e-06,9.120347801317508417e-06,8.895008670460253001e-06,8.619047968068199199e-06,8.685865288426182512e-06,8.458992989086511400e-06,8.613582573854971543e-06,8.239521251898140967e-06,8.404578796327239872e-06,8.163639766578745116e-06,8.414139062348637989e-06,8.054098439028991872e-06,8.210788685734543319e-06,8.158093582266670205e-06,7.824469665146470393e-06,7.918955282816938823e-06,7.837460118140943200e-06,7.712849715968290908e-06,7.769073474325967918e-06,7.619229042643161368e-06,7.556729997571672991e-06,7.447331863201672515e-06,7.402563462904100825e-06,7.349600570728356919e-06,7.272418856634491874e-06,7.095873718902137376e-06,7.156627319510349960e-06,7.305807989475972028e-06,7.211743512989149191e-06,6.928402721068209491e-06,6.992351394655373779e-06,6.981988979885749304e-06,7.077804749439986597e-06,6.937915374240277166e-06,6.987179716141697916e-06,6.940729102509755649e-06,6.957975809018392410e-06,7.026839047269763138e-06,6.966366526411839947e-06,7.006249464904649619e-06,6.970689070883971604e-06,6.857325176714365808e-06,6.877523895465665441e-06,6.974468580542089063e-06,7.058099248381617192e-06,6.931818074098113080e-06,6.800354723602407625e-06,6.963483860280716686e-06,7.065334320199410103e-06,6.752821887560965618e-06,6.820883863518078179e-06,6.740842688901093725e-06,6.925727868152268896e-06,6.941351696714545400e-06,6.488217629484114357e-06,6.579594070969149215e-06,6.588255604394540730e-06,6.732049773748069969e-06,6.398157314245619177e-06,6.257537530976482658e-06,6.635420087625088027e-06,6.198316923140873537e-06,6.700880063995161086e-06,6.354965006553992202e-06,6.635526297784539949e-06,6.709625817065153823e-06,6.488504623442130176e-06
1.074512007536022439e-05,1.026001769491409683e-05,1.034696726052731488e-05,1.031834674923280703e-05,1.007023251611124714e-05,1.005892820205680370e-05,9.742099767879563221e-06,9.830751994768937457e-06,9.442378844818844882e-06,9.507479258916390506e-06,9.375118178093829133e-06,9.187581853040705920e-06,9.020687649463036774e-06,9.108949741422484850e-06,8.880281609311478592e-06,8.655024130870581529e-06,8.712358013369217276e-06,8.490807564398263879e-06,8.627823512329577512e-06,8.275388440161352994e-06,8.432645082152239146e-06,8.192425559396946508e-06,8.406506975160142907e-06,8.099783778951617124e-06,8.257595045318351468e-06,8.206012313398216405e-06,7.876061010900708243e-06,7.969290163915501243e-06,7.903289641889394977e-06,7.775708348432624771e-06,7.861759085980931465e-06,7.695484791979931405e-06,7.634406597585424511e-06,7.527712720786622901e-06,7.510654138067064905e-06,7.437908536471260352e-06,7.384357502325060938e-06,7.206976488287110325e-06,7.238920732402094674e-06,7.418955343985003533e-06,7.300933264759247529e-06,7.038027478696554303e-06,7.098516468383881166e-06,7.107214326229265550e-06,7.160510829672896198e-06,7.045294838676926105e-06,7.104787654376435459e-06,7.065538594233993248e-06,7.078073926090027438e-06,7.132636029709017661e-06,7.073073472030461423e-06,7.124810233815851245e-06,7.068795052961024344e-06,6.969923258304977864e-06,6.987998146768788805e-06,7.066177085067716038e-06,7.153409608004811257e-06,7.033808978430626954e-06,6.924943274243615603e-06,7.082909566114564337e-06,7.164106835329072366e-06,6.858718809798880835e-06,6.928399982883189140e-06,6.858537478076335734e-06,7.002869258994288336e-06,7.022226554587479873e-06,6.603768786407534917e-06,6.680033278477850469e-06,6.671674619870502905e-06,6.817834063458242045e-06,6.512314572694883193e-06,6.358050544938138449e-06,6.708959770854666431e-06,6.277928365917876182e-06,6.792557587075122901e-06,6.449204976024915755e-06,6.721913674855796579e-06,6.797969720482434631e-06,6.558871830644170768e-06
1.043943730398955371e-05,9.969786060784443640e-06,1.007501218625939118e-05,1.004351125509267930e-05,9.809004150208157116e-06,9.742099767879563221e-06,9.586950178503529931e-06,9.598524076796940445e-06,9.239314897517984294e-06,9.295212140655001213e-06,9.182821131506300479e-06,8.996923594955916523e-06,8.832275483098531339e-06,8.946729045322393068e-06,8.719580138981149677e-06,8.511055361758478922e-06,8.580334223441754771e-06,8.335482473348535757e-06,8.488174621397517273e-06,8.159376211970253759e-06,8.325506929070666470e-06,8.077035237249444158e-06,8.332055725870784210e-06,8.021204433666030318e-06,8.173091026454301034e-06,8.093281680118105735e-06,7.783513104881979188e-06,7.874440081884091026e-06,7.821534902574038642e-06,7.716158041677086444e-06,7.803275912051496399e-06,7.612924172441520588e-06,7.577025917038609812e-06,7.447866344963814412e-06,7.442489434408239281e-06,7.360718969808420298e-06,7.319069366645116375e-06,7.162332915172932879e-06,7.201685479602494073e-06,7.358844655246767434e-06,7.263113899667802140e-06,7.015655248012483457e-06,7.060528924073768829e-06,7.042217046880081098e-06,7.123779275963969848e-06,6.995554421246629029e-06,7.052906364208855940e-06,7.020610829642387631e-06,7.025741851075491609e-06,7.085956655703417241e-06,7.031557268481451135e-06,7.070803718008792480e-06,7.034567454959536129e-06,6.910695024642590022e-06,6.927717936992651062e-06,7.012777254943702149e-06,7.074489062340256642e-06,6.971640974365481234e-06,6.871112065222341268e-06,7.012422798294625046e-06,7.087878475461778108e-06,6.803896190893350543e-06,6.863530610901219643e-06,6.787936315429433389e-06,6.942263836556047596e-06,6.942279498070115233e-06,6.568506486759467427e-06,6.620142518804834416e-06,6.632104101174154999e-06,6.760078943823407754e-06,6.453534761070718269e-06,6.314036931447506408e-06,6.633190060803493144e-06,6.263055485452581987e-06,6.712521373855290699e-06,6.401157705439974330e-06,6.658824408488396777e-06,6.736159746173034717e-06,6.519600232910989237e-06
1.052735227993467756e-05,1.003820770133785155e-05,1.014144055344458901e-05,1.011199756205097462e-05,9.889089319652210933e-06,9.830751994768937457e-06,9.598524076796940445e-06,9.760536967334096825e-06,9.311734685211806164e-06,9.389773971581285675e-06,9.268437962799535914e-06,9.086386710015722005e-06,8.912919027644500088e-06,9.010142906300766080e-06,8.801839930097527326e-06,8.588152431420084424e-06,8.653713887791885089e-06,8.420299390796858306e-06,8.571897154876478023e-06,8.228256878674688126e-06,8.417467170690484747e-06,8.135485018572316386e-06,8.404098530165196937e-06,8.086891814006052663e-06,8.239611674331201376e-06,8.173153027035797216e-06,7.871336155638914724e-06,7.950318466209077163e-06,7.890253478216078620e-06,7.778194494240927570e-06,7.878589395888550278e-06,7.683612949267641946e-06,7.644153705302480232e-06,7.531762827707521939e-06,7.511570473732086490e-06,7.428370103355171471e-06,7.387175914284814675e-06,7.225945022104816705e-06,7.258736258265010012e-06,7.424075810272579350e-06,7.328279588315651765e-06,7.069564817157112541e-06,7.123303957485649630e-06,7.107684609815941875e-06,7.173949252140388491e-06,7.061574567498413707e-06,7.112244522869001380e-06,7.082885772782578014e-06,7.089758590257004407e-06,7.143860831669587397e-06,7.091976819974249576e-06,7.124166779222170174e-06,7.091251903627038051e-06,6.970349054227102510e-06,6.993886685074629479e-06,7.068253163727033981e-06,7.145960578674271893e-06,7.028396606978832214e-06,6.918709479140851952e-06,7.078986826579712495e-06,7.141143072023237164e-06,6.863856241717743132e-06,6.913267272929330055e-06,6.841127661219815949e-06,6.991842096192386533e-06,7.001542177141056194e-06,6.593065903554892247e-06,6.662463497530812880e-06,6.661705626030217023e-06,6.795145268707983016e-06,6.493683762413277902e-06,6.348294938758550102e-06,6.682600374043939051e-06,6.253278367301393699e-06,6.769342366546324689e-06,6.438538374672698246e-06,6.700749451472528326e-06,6.769133081569000475e-06,6.538997686814303448e-06
1.005514043196165715e-05,9.634147059276549838e-06,9.716254215202868710e-06,9.707799228034789119e-06,9.493431337922025103e-06,9.442378844818844882e-06,9.239314897517984294e-06,9.311734685211806164e-06,9.057818776615372236e-06,9.035599308351876090e-06,8.946822508384977697e-06,8.771349435628073295e-06,8.618990993349094276e-06,8.729294968864531766e-06,8.518278262959243170e-06,8.336013093037241770e-06,8.396051389301768743e-06,8.168459658598049942e-06,8.304136268132661128e-06,8.005270268905634467e-06,8.162918894807465867e-06,7.910467160884041718e-06,8.179831869331783125e-06,7.883925980862376768e-06,8.008560960642808766e-06,7.948741734319761504e-06,7.661724265510024888e-06,7.741709045195591362e-06,7.707849607287788106e-06,7.593076548442259023e-06,7.697970945705258038e-06,7.507910403616669930e-06,7.457575063322999323e-06,7.363774889195948772e-06,7.344259034654292695e-06,7.260151468593485588e-06,7.234197736993315921e-06,7.071991048640226401e-06,7.114631252609095362e-06,7.282027729869951131e-06,7.185764608673692979e-06,6.934696584850464451e-06,6.995840370510275214e-06,6.990037487685547095e-06,7.034809637809448494e-06,6.920259054323300153e-06,6.987794545716706177e-06,6.966138269621391743e-06,6.953793398065313232e-06,7.014536717180965651e-06,6.954001351949531732e-06,6.997433141968263648e-06,6.955641150621733547e-06,6.846556746186283112e-06,6.866251282119484058e-06,6.936745431340310055e-06,6.996241523735366044e-06,6.901286065288751049e-06,6.792606003727882359e-06,6.937710820896807515e-06,7.011042117546462117e-06,6.735449511319333596e-06,6.793933527097261027e-06,6.720072784394418135e-06,6.848302766245844762e-06,6.852618679390864981e-06,6.495668367446159824e-06,6.542497840750555299e-06,6.532264019555084556e-06,6.667619548187422649e-06,6.383313090335415083e-06,6.231932981419877296e-06,6.551765855670241093e-06,6.141838315686509590e-06,6.629968336813744937e-06,6.307967911525269440e-06,6.561540742067084555e-06,6.628574345019037014e-06,6.391981977248564477e-06
1.009532024187301037e-05,9.665779937194314675e-06,9.757096255503936965e-06,9.732859883755827697e-06,9.537090536346588202e-06,9.507479258916390506e-06,9.295212140655001213e-06,9.389773971581285675e-06,9.035599308351876090e-06,9.198402912191290819e-06,9.005914947785620246e-06,8.835194780319898761e-06,8.689802117873026861e-06,8.805597926314554489e-06,8.591788109982862739e-06,8.409806273899599524e-06,8.480780407109949056e-06,8.239439426002785808e-06,8.385451751707621073e-06,8.072244469914033926e-06,8.279665268680442224e-06,8.010634313646590508e-06,8.291372753682498158e-06,7.974724044124323726e-06,8.111663393483772985e-06,8.039638726158058197e-06,7.737767130977919695e-06,7.830794624967715272e-06,7.781593130174182610e-06,7.661697088130935493e-06,7.784987420583022627e-06,7.587059556902580516e-06,7.522338564834802305e-06,7.423349852090154517e-06,7.413220600381700784e-06,7.330253279386919111e-06,7.298723879853182414e-06,7.146728002258359710e-06,7.211627579198062458e-06,7.349576619536764675e-06,7.246712555558520312e-06,6.999555399566700158e-06,7.064924312705013475e-06,7.063889883763115777e-06,7.100087225612062340e-06,6.980794545907497705e-06,7.057065860272365971e-06,7.017695762603711973e-06,7.018364555485735140e-06,7.076395329732077891e-06,7.017609489098945688e-06,7.071238633612978275e-06,7.020338076297506762e-06,6.907817540012469015e-06,6.917896501302069088e-06,7.001310071583201663e-06,7.056926281304401702e-06,6.961129202486917725e-06,6.872795240032312790e-06,7.021248548918460836e-06,7.087862600026437807e-06,6.806723037474065718e-06,6.861502795775838504e-06,6.788875640250746383e-06,6.941287101602856687e-06,6.932860139809826679e-06,6.600881641274816857e-06,6.633325906685468439e-06,6.617714878758912877e-06,6.755323277593318613e-06,6.463907209957138187e-06,6.322424986343868720e-06,6.625111202368144318e-06,6.231660479479105851e-06,6.714156380849319699e-06,6.398115279278757525e-06,6.635757706035802130e-06,6.714121395914016752e-06,6.468509404620010124e-06
9.965078866874226823e-06,9.537377961889015649e-06,9.638147948906630150e-06,9.613666704770849414e-06,9.419381660511331705e-06,9.375118178093829133e-06,9.182821131506300479e-06,9.268437962799535914e-06,8.946822508384977697e-06,9.005914947785620246e-06,8.973136523504980012e-06,8.743227356446851508e-06,8.583054819991325582e-06,8.708319851999233151e-06,8.511582843649662919e-06,8.315260032629750889e-06,8.389840637804248935e-06,8.164221421945847175e-06,8.302010648055292583e-06,8.003881889305272776e-06,8.184955081080769239e-06,7.927393039565831093e-06,8.224669053633190666e-06,7.919404946993026576e-06,8.043795487738717131e-06,7.980483815452470096e-06,7.695606529399386122e-06,7.773271027302568436e-06,7.732219631583346522e-06,7.620528094559461643e-06,7.747952345761405124e-06,7.538329760465888298e-06,7.509270008579046000e-06,7.392677114100681890e-06,7.381462364058758493e-06,7.300475255296156965e-06,7.270457737065498092e-06,7.125583679725334426e-06,7.183057231714335351e-06,7.318512107424703463e-06,7.222875351053918695e-06,6.985739841029147128e-06,7.046961215461444974e-06,7.045205845800985519e-06,7.093995240541586792e-06,6.962253846645237405e-06,7.042049019973413358e-06,7.020843543495431115e-06,7.020144164817125523e-06,7.061949118041240102e-06,7.026195283346905413e-06,7.051452517492376626e-06,7.007890990773506244e-06,6.898402061955595098e-06,6.919416680402094723e-06,7.000892985630183652e-06,7.050456783653585995e-06,6.973893132019515129e-06,6.870922748015886607e-06,7.012442329048278022e-06,7.084933917650436417e-06,6.804440397547662201e-06,6.868633985107248466e-06,6.796059137269821851e-06,6.942713751672876247e-06,6.931820994755314513e-06,6.590969637359759407e-06,6.615860980718807364e-06,6.623378609668461240e-06,6.745892416978668312e-06,6.452693621718159119e-06,6.306296901575783098e-06,6.639418393222007790e-06,6.242559331753230108e-06,6.722171278355907982e-06,6.396910363720060285e-06,6.651509276595984190e-06,6.712373449465464963e-06,6.469008555720211821e-06
9.691729525598067254e-06,9.298563382894472454e-06,9.391301473101533763e-06,9.371610120152720522e-06,9.229504773179329319e-06,9.187581853040705920e-06,8.996923594955916523e-06,9.086386710015722005e-06,8.771349435628073295e-06,8.835194780319898761e-06,8.743227356446851508e-06,8.660560284737675978e-06,8.449847583114062619e-06,8.582393439963498924e-06,8.390054193798555240e-06,8.228816727569524732e-06,8.291660084544411158e-06,8.064277562684598865e-06,8.213924283460731217e-06,7.935371598229713606e-06,8.102298465554876204e-06,7.853138182213622608e-06,8.177332605376027620e-06,7.851446023775384645e-06,7.953533840269422648e-06,7.895791363115130384e-06,7.640978272609751218e-06,7.718944079606750272e-06,7.685429364104176940e-06,7.557987502302294281e-06,7.694827996181175179e-06,7.511932202674589480e-06,7.460187429882705090e-06,7.361845060162842880e-06,7.356722356235664476e-06,7.277248441987007929e-06,7.264593441872762531e-06,7.109711392543830425e-06,7.164316670197426304e-06,7.318544931169182907e-06,7.212018137236093263e-06,6.971225157550803447e-06,7.044412608051260578e-06,7.036530387929025418e-06,7.082410230148608750e-06,6.958494934791171971e-06,7.020117983474131391e-06,7.016519683899264394e-06,7.006819898844395663e-06,7.051671636400396489e-06,7.000672636026618857e-06,7.034330372476725592e-06,6.988036608863693737e-06,6.888984171640152660e-06,6.896919568258573564e-06,6.982868491212437383e-06,7.011237107465983240e-06,6.924663153984160400e-06,6.834853507265552873e-06,6.966414920097715239e-06,7.033967326584347034e-06,6.754869463434001246e-06,6.826690655896928998e-06,6.746806435078655565e-06,6.901067844651993991e-06,6.876320403582139620e-06,6.542109895470777112e-06,6.593838380829064171e-06,6.588434360090804912e-06,6.691109484337454829e-06,6.441973308557465902e-06,6.297126281119745223e-06,6.566472840043297242e-06,6.190163559909127334e-06,6.659329636562554667e-06,6.341950530777367371e-06,6.564819728848462537e-06,6.620427398996268117e-06,6.402171274313880833e-06
9.461746064397201484e-06,9.080287645141593505e-06,9.203803921615451609e-06,9.165086709307863119e-06,9.023042923527098232e-06,9.020687649463036774e-06,8.832275483098531339e-06,8.912919027644500088e-06,8.618990993349094276e-06,8.689802117873026861e-06,8.583054819991325582e-06,8.449847583114062619e-06,8.403411396835279651e-06,8.446217728676996649e-06,8.243182796378826986e-06,8.109385527769212150e-06,8.183228038416008498e-06,7.951905209082483001e-06,8.093307432112160652e-06,7.830243972326585264e-06,7.990187546137655236e-06,7.759925487491347551e-06,8.031733821907483445e-06,7.760215750598945894e-06,7.861771415535423097e-06,7.801319561625149571e-06,7.551533334976933537e-06,7.620023338998406684e-06,7.592673784465214147e-06,7.468719137378535237e-06,7.599009392430439043e-06,7.424031218384331821e-06,7.371834451638158873e-06,7.267245540210718169e-06,7.278768876872964703e-06,7.196119680897671796e-06,7.177875113493037719e-06,7.042694349555532562e-06,7.091316507523987322e-06,7.247170099830419983e-06,7.141546376906263239e-06,6.922069809815559148e-06,6.957049070393610246e-06,6.960394534729965544e-06,7.015228119738810319e-06,6.892042870141164937e-06,6.958575289409047670e-06,6.941386165384947509e-06,6.945185885381310043e-06,6.980775202064379352e-06,6.941697297718057573e-06,6.962144745387415729e-06,6.927402800910861901e-06,6.816702406324853163e-06,6.843906993621377529e-06,6.915122526068577325e-06,6.944411799470699681e-06,6.870768147633878062e-06,6.773554834173283559e-06,6.904453561708836262e-06,6.986042703731547746e-06,6.718233033808000164e-06,6.781534968559414439e-06,6.695406631337771652e-06,6.838463182399223886e-06,6.820008781319062396e-06,6.513520474820592735e-06,6.542035123401010635e-06,6.545858253459751221e-06,6.635127832559663005e-06,6.407443916586508812e-06,6.257717078081394508e-06,6.513905176470833155e-06,6.150606171992593518e-06,6.594768647425542821e-06,6.306957180031081051e-06,6.516829472946449403e-06,6.577332046466832149e-06,6.352386946719726675e-06
9.537443178861258102e-06,9.158906404489973441e-06,9.286251237147323133e-06,9.262802790419879972e-06,9.120347801317508417e-06,9.108949741422484850e-06,8.946729045322393068e-06,9.010142906300766080e-06,8.729294968864531766e-06,8.805597926314554489e-06,8.708319851999233151e-06,8.582393439963498924e-06,8.446217728676996649e-06,8.655937751837547699e-06,8.385796421457554357e-06,8.255724281954806762e-06,8.312442969030684340e-06,8.087578153476986407e-06,8.225078510385687563e-06,7.978750352452583316e-06,8.161416746968754000e-06,7.934585517659077287e-06,8.245587091928809910e-06,7.931130262670915368e-06,8.033705740425688176e-06,7.952820293465832688e-06,7.725863108021661612e-06,7.797624707500498686e-06,7.773481973627575101e-06,7.640561428699465838e-06,7.796176507346690171e-06,7.599239330329366396e-06,7.552350474036258535e-06,7.458929427023752479e-06,7.441546841385742837e-06,7.362049383437322345e-06,7.343934577553732189e-06,7.223863031336065224e-06,7.290856066363444496e-06,7.434909560349890372e-06,7.331641094487665266e-06,7.088379005521030023e-06,7.156060941587290779e-06,7.150198343341130853e-06,7.214322136322351460e-06,7.069325291407098187e-06,7.155201878537612603e-06,7.129830182393762236e-06,7.140479790935474441e-06,7.175785871650115647e-06,7.125732277379261017e-06,7.162086031699839208e-06,7.107512272836111065e-06,7.004444281990588327e-06,7.007338639374687458e-06,7.102632358158862979e-06,7.109186105891270454e-06,7.060888051669824744e-06,6.974389159168942248e-06,7.090405913193101991e-06,7.153942616956038281e-06,6.895373090404277479e-06,6.946524234733963294e-06,6.898561451570391493e-06,7.033415821771682564e-06,6.992510710322803898e-06,6.718133985180232552e-06,6.734251440470656480e-06,6.737897583799565774e-06,6.824743470794964554e-06,6.572618818399539348e-06,6.433941933840775806e-06,6.696395123921701601e-06,6.350639454570177680e-06,6.777004156359573868e-06,6.481736796594611400e-06,6.698670257516659520e-06,6.763022088726763543e-06,6.544427010598247418e-06
9.289734019907767775e-06,8.933707971853380528e-06,9.041622649595933698e-06,9.018714591062338906e-06,8.895008670460253001e-06,8.880281609311478592e-06,8.719580138981149677e-06,8.801839930097527326e-06,8.518278262959243170e-06,8.591788109982862739e-06,8.511582843649662919e-06,8.390054193798555240e-06,8.243182796378826986e-06,8.385796421457554357e-06,8.262971711415897306e-06,8.072234161586674627e-06,8.139958703483686947e-06,7.915171612493961643e-06,8.045617035473530971e-06,7.814652149004733928e-06,7.976828968119374533e-06,7.729218743684131103e-06,8.030643883510211011e-06,7.744836420712312704e-06,7.850487660483369698e-06,7.788549072891675157e-06,7.566002765750497275e-06,7.615740142552898129e-06,7.614370536128585691e-06,7.471978986443073191e-06,7.631583398245994502e-06,7.452322584590889728e-06,7.395104648512563841e-06,7.314305228042927115e-06,7.308624923032418160e-06,7.227159259228447900e-06,7.215529317372390554e-06,7.087187295438716332e-06,7.139882048257092417e-06,7.297967513992720542e-06,7.196450902261062787e-06,6.958647869113173412e-06,7.035013926827923350e-06,7.023181060423621778e-06,7.062405152800370304e-06,6.927669793048887967e-06,7.016698903766034604e-06,7.011482375179692780e-06,7.006884559943219667e-06,7.044141281477992722e-06,7.007693858320375182e-06,7.026088512162809255e-06,6.973504178345243784e-06,6.879368962808838966e-06,6.889854636481271487e-06,6.974570413787770532e-06,6.984075255381097375e-06,6.918693982891411453e-06,6.829401662976356762e-06,6.949660160884022915e-06,7.038254778522538103e-06,6.756925859830367093e-06,6.818552173890078601e-06,6.755246383824679263e-06,6.887569548197840633e-06,6.846102232962726666e-06,6.555428649043025046e-06,6.589095847086500716e-06,6.581943014708000962e-06,6.676047411575827656e-06,6.433577722900213895e-06,6.278100212300736087e-06,6.546314585018988972e-06,6.151266175053336492e-06,6.626069475010151149e-06,6.311562308157537877e-06,6.535475277568374713e-06,6.585989551832278507e-06,6.362752965891797624e-06
8.927118051796380363e-06,8.619089533752231566e-06,8.733726662718290149e-06,8.717954600003343093e-06,8.619047968068199199e-06,8.655024130870581529e-06,8.511055361758478922e-06,8.588152431420084424e-06,8.336013093037241770e-06,8.409806273899599524e-06,8.315260032629750889e-06,8.228816727569524732e-06,8.109385527769212150e-06,8.255724281954806762e-06,8.072234161586674627e-06,8.065499426533403264e-06,8.055139787225121644e-06,7.832157385242464928e-06,7.959459319043970442e-06,7.773044441865171002e-06,7.942176883695703795e-06,7.701981896346744464e-06,8.043428380303100544e-06,7.764068818797651019e-06,7.815689626400971674e-06,7.745430208744062420e-06,7.559341149316961282e-06,7.611528619838807031e-06,7.608547884803171604e-06,7.471383104351315240e-06,7.649734196460127524e-06,7.469195036776850960e-06,7.418634579868929356e-06,7.348740733816373634e-06,7.348686058780421088e-06,7.257158895638374239e-06,7.268009924005129333e-06,7.147217454271013215e-06,7.210119129186852976e-06,7.368591058140059883e-06,7.250881780630935235e-06,7.028026855292879424e-06,7.100516918349055284e-06,7.118060042817149818e-06,7.134747652149507369e-06,7.002307969593827129e-06,7.083897708398030736e-06,7.085907261859274450e-06,7.085032148428119329e-06,7.124365533429776197e-06,7.073004267664852465e-06,7.089244693615202625e-06,7.037188713194005454e-06,6.939396216361271237e-06,6.945130248484437028e-06,7.024607561524804092e-06,7.001963653966365718e-06,6.979963594662414442e-06,6.897619639547799521e-06,7.001822133817656318e-06,7.066433991822242800e-06,6.815028914509401840e-06,6.873479626150352501e-06,6.800240025572387122e-06,6.936849754256625654e-06,6.869570788496764247e-06,6.628668709119437203e-06,6.667826372329738366e-06,6.633929647705801846e-06,6.702887901209241562e-06,6.520061294776255762e-06,6.376361525570273120e-06,6.538527109855594048e-06,6.227166459228030429e-06,6.661086885834942632e-06,6.374474127353033564e-06,6.562741138380265079e-06,6.621783402015543477e-06,6.389301321756004003e-06
9.012356956766419576e-06,8.687492703868089912e-06,8.805747336145265309e-06,8.791958458923804340e-06,8.685865288426182512e-06,8.712358013369217276e-06,8.580334223441754771e-06,8.653713887791885089e-06,8.396051389301768743e-06,8.480780407109949056e-06,8.389840637804248935e-06,8.291660084544411158e-06,8.183228038416008498e-06,8.312442969030684340e-06,8.139958703483686947e-06,8.055139787225121644e-06,8.187470548004879183e-06,7.886825515735004308e-06,8.015247663582945580e-06,7.821757517117123654e-06,7.993412896663228251e-06,7.770979555206522157e-06,8.119742594888461839e-06,7.802523654034162410e-06,7.886370261879985927e-06,7.802794638456717936e-06,7.617920932754788158e-06,7.671453818791883612e-06,7.660095225637233559e-06,7.520460338302512893e-06,7.709092973273026927e-06,7.505168359395693817e-06,7.451370964072736891e-06,7.384352180216057503e-06,7.392230975290364115e-06,7.291253269802272091e-06,7.308808546107885413e-06,7.191004802529349541e-06,7.259571779603671206e-06,7.395150622255756273e-06,7.287986665871719458e-06,7.084064681543355291e-06,7.142492422082841992e-06,7.128763769105489918e-06,7.171615901313961291e-06,7.031543003156915148e-06,7.110207065634061575e-06,7.119407037778799343e-06,7.103892221804781591e-06,7.128919619064536884e-06,7.107450019280188536e-06,7.112976639986576525e-06,7.067676647560672067e-06,6.955773547815127159e-06,6.964901056505597808e-06,7.054129294019133313e-06,7.047577998717243887e-06,6.995644198950385381e-06,6.908664595463564215e-06,7.018827694623805372e-06,7.091379384645352025e-06,6.828506121882361424e-06,6.898682545905347154e-06,6.826016041649080937e-06,6.965438332825109166e-06,6.898052681844789847e-06,6.693805570545327283e-06,6.684904611574657687e-06,6.678888196958548726e-06,6.743207466201683477e-06,6.553872247635533758e-06,6.404732779647776348e-06,6.595264838871003892e-06,6.304870834442042200e-06,6.704141033424769221e-06,6.414534952114888906e-06,6.615126279875742836e-06,6.666141259410703686e-06,6.428136573012068443e-06
8.754276686695706812e-06,8.450701022849426599e-06,8.573712939689788265e-06,8.549765728332946684e-06,8.458992989086511400e-06,8.490807564398263879e-06,8.335482473348535757e-06,8.420299390796858306e-06,8.168459658598049942e-06,8.239439426002785808e-06,8.164221421945847175e-06,8.064277562684598865e-06,7.951905209082483001e-06,8.087578153476986407e-06,7.915171612493961643e-06,7.832157385242464928e-06,7.886825515735004308e-06,7.764073961029933094e-06,7.813268860852473781e-06,7.636776150800000145e-06,7.785041509881216354e-06,7.561189683789650356e-06,7.885161984327345694e-06,7.608802777955082285e-06,7.683874769376687077e-06,7.601041586535442161e-06,7.431542073594106753e-06,7.482328807907043028e-06,7.471753696557601723e-06,7.344576553894288832e-06,7.523089802925486917e-06,7.347389611318256386e-06,7.295968852896218656e-06,7.228023952072919944e-06,7.231328480143801300e-06,7.132203391060261523e-06,7.137321127598051346e-06,7.019164223576221255e-06,7.093762491009270085e-06,7.227829832511204153e-06,7.144197653364591771e-06,6.931313295624616999e-06,6.984442682785681531e-06,6.973042533511206413e-06,7.014870110981459355e-06,6.891195502724994314e-06,6.943623203193067072e-06,6.935773193336580615e-06,6.948648569005178923e-06,6.992658488861982401e-06,6.935065377855285563e-06,6.932932917590676748e-06,6.906430253431634446e-06,6.828337208147917993e-06,6.826756383657476583e-06,6.909911029313685728e-06,6.902911863536741013e-06,6.838807538506292438e-06,6.764465496006045674e-06,6.879588020639986239e-06,6.942024683562445601e-06,6.693284939081645970e-06,6.760887096131965748e-06,6.691358560424983987e-06,6.837869162679894654e-06,6.768710602643148106e-06,6.558427826626947212e-06,6.549776422726181437e-06,6.542956191078175932e-06,6.614912043824256798e-06,6.447762693265904396e-06,6.295112462829161165e-06,6.474161950463238115e-06,6.211423710970676227e-06,6.562232210267001926e-06,6.331485017051542413e-06,6.494439882209109208e-06,6.556211054235394354e-06,6.348547991493107422e-06
8.924527862068833619e-06,8.609210210602720762e-06,8.730925569294045393e-06,8.700891894081465533e-06,8.613582573854971543e-06,8.627823512329577512e-06,8.488174621397517273e-06,8.571897154876478023e-06,8.304136268132661128e-06,8.385451751707621073e-06,8.302010648055292583e-06,8.213924283460731217e-06,8.093307432112160652e-06,8.225078510385687563e-06,8.045617035473530971e-06,7.959459319043970442e-06,8.015247663582945580e-06,7.813268860852473781e-06,8.014515363675952644e-06,7.737579369010975277e-06,7.905099181380525548e-06,7.697566482347454573e-06,8.017237071417050633e-06,7.720852326070792599e-06,7.803895823433502709e-06,7.725767649308085857e-06,7.528782658861008364e-06,7.597588874565884910e-06,7.580290463283678855e-06,7.460128054075853773e-06,7.620891118985674800e-06,7.436407536303734882e-06,7.380631794199967576e-06,7.320137624608699599e-06,7.318066060083732162e-06,7.224492594559096863e-06,7.236054876815510040e-06,7.113070662682540220e-06,7.185450706288802425e-06,7.325250081712378063e-06,7.226860304274161907e-06,7.017779498348896177e-06,7.068929585740027540e-06,7.060762742220657129e-06,7.108551897251123566e-06,6.976666401386864548e-06,7.023216143109374563e-06,7.035575828452631550e-06,7.055668238762996516e-06,7.068830239596284178e-06,7.042961055377248171e-06,7.047622660815427303e-06,6.991299332565214916e-06,6.912800416126963398e-06,6.920619104480205126e-06,6.989479357571250170e-06,6.989870408845575203e-06,6.936985924148139292e-06,6.860800880319304569e-06,6.976613209007259279e-06,7.030949228311614265e-06,6.772217695875584375e-06,6.856851205516738666e-06,6.769965322423363766e-06,6.918157887731038047e-06,6.871724661094523993e-06,6.629846495571061384e-06,6.620926242348071787e-06,6.636808582265309070e-06,6.691781905363657436e-06,6.527893099799637492e-06,6.371237126862712670e-06,6.550279182663608669e-06,6.265035324569481394e-06,6.641085082765512510e-06,6.382856284037419945e-06,6.568309047532351487e-06,6.616785345013611397e-06,6.406075651503480871e-06
8.478382076281646708e-06,8.197763606030090004e-06,8.308722384199500454e-06,8.303691646098419497e-06,8.239521251898140967e-06,8.275388440161352994e-06,8.159376211970253759e-06,8.228256878674688126e-06,8.005270268905634467e-06,8.072244469914033926e-06,8.003881889305272776e-06,7.935371598229713606e-06,7.830243972326585264e-06,7.978750352452583316e-06,7.814652149004733928e-06,7.773044441865171002e-06,7.821757517117123654e-06,7.636776150800000145e-06,7.737579369010975277e-06,7.659174330860147695e-06,7.751524183060002520e-06,7.535923617676895093e-06,7.896957408188367026e-06,7.603657723982761288e-06,7.655459377668807195e-06,7.570665575761337304e-06,7.428807856905058561e-06,7.476837343739600977e-06,7.473595233266876231e-06,7.344175872087478662e-06,7.536840031739877816e-06,7.357128988353831872e-06,7.311230443049885987e-06,7.249854263256430368e-06,7.244716441333216930e-06,7.155253016154228341e-06,7.179481067435391528e-06,7.078441788242849674e-06,7.177811452989432476e-06,7.279629139093675568e-06,7.202229972232937591e-06,6.987208205678637507e-06,7.043207848707679356e-06,7.034296510487293796e-06,7.081000434490281448e-06,6.938537530453809884e-06,6.994406680113403301e-06,7.031739312374848751e-06,7.005490904252228759e-06,7.047360913449261669e-06,7.006975192083799303e-06,6.998087607647319950e-06,6.958858046304076408e-06,6.884809723486946894e-06,6.881969896984256932e-06,6.960947896379097030e-06,6.919404412307128744e-06,6.897734961240415183e-06,6.809463638961164924e-06,6.916334060761683847e-06,6.983256995586908788e-06,6.724446114601600635e-06,6.797741122843555912e-06,6.722152632764929941e-06,6.870727551027802816e-06,6.782877183192487203e-06,6.608679878473679454e-06,6.581974342601190247e-06,6.598824612619321009e-06,6.627987942584333718e-06,6.509099795680403213e-06,6.340394614679103207e-06,6.458667094637995331e-06,6.254093808709238008e-06,6.564318583191057759e-06,6.370994804645632088e-06,6.495525235150945570e-06,6.557285198492684099e-06,6.357193161275675299e-06
8.650539803827703744e-06,8.356027004154250879e-06,8.476963331828396924e-06,8.466511855874429038e-06,8.404578796327239872e-06,8.432645082152239146e-06,8.325506929070666470e-06,8.417467170690484747e-06,8.162918894807465867e-06,8.279665268680442224e-06,8.184955081080769239e-06,8.102298465554876204e-06,7.990187546137655236e-06,8.161416746968754000e-06,7.976828968119374533e-06,7.942176883695703795e-06,7.993412896663228251e-06,7.785041509881216354e-06,7.905099181380525548e-06,7.751524183060002520e-06,8.016083667865705304e-06,7.726902633051952978e-06,8.160036317435065065e-06,7.799884812953964953e-06,7.846506291909078343e-06,7.736019516359767280e-06,7.588226949569285621e-06,7.642466120015187317e-06,7.622140052410118386e-06,7.495997559658969645e-06,7.697832545087424829e-06,7.495381189602966868e-06,7.457771351519618218e-06,7.384217293195399817e-06,7.378754465104474604e-06,7.298396872357906104e-06,7.311879227111502954e-06,7.201657883825984832e-06,7.303866689634248359e-06,7.420084611842936364e-06,7.325884735379640831e-06,7.098935114212102155e-06,7.185621209475113945e-06,7.168259868627160291e-06,7.208856638084468839e-06,7.059777625798902191e-06,7.142827277321494941e-06,7.168892934217829003e-06,7.149542678374169104e-06,7.178042058476769038e-06,7.130284914423695474e-06,7.136084877213245040e-06,7.087616197388389074e-06,6.993652881958278994e-06,7.005166796387065798e-06,7.073387198246961189e-06,7.047721148409024947e-06,7.014103143928373065e-06,6.945826888238741927e-06,7.057454441726739861e-06,7.110438598410848433e-06,6.871701751479837278e-06,6.921190778170657778e-06,6.844308713460220533e-06,6.992330099989860464e-06,6.917934453077591409e-06,6.747351928163916205e-06,6.729392248528234459e-06,6.704853064014280928e-06,6.753561743652142361e-06,6.577842388963581258e-06,6.421709317218636660e-06,6.582581125788150093e-06,6.292257225020649005e-06,6.709466464549347655e-06,6.426362569261951777e-06,6.587445414228077613e-06,6.652712684332279711e-06,6.410917313642310500e-06
8.366251133489050913e-06,8.098202594506120517e-06,8.236765941504056254e-06,8.222447728471102529e-06,8.163639766578745116e-06,8.192425559396946508e-06,8.077035237249444158e-06,8.135485018572316386e-06,7.910467160884041718e-06,8.010634313646590508e-06,7.927393039565831093e-06,7.853138182213622608e-06,7.759925487491347551e-06,7.934585517659077287e-06,7.729218743684131103e-06,7.701981896346744464e-06,7.770979555206522157e-06,7.561189683789650356e-06,7.697566482347454573e-06,7.535923617676895093e-06,7.726902633051952978e-06,7.656559398417628733e-06,8.085269371684280091e-06,7.615715909529476690e-06,7.650282760091194509e-06,7.516562331245443891e-06,7.377249278161579683e-06,7.451132677981155070e-06,7.417246896308382433e-06,7.268295114277827017e-06,7.484921668543190735e-06,7.277040105312438329e-06,7.238844691949701451e-06,7.206249130872470040e-06,7.166512383378951148e-06,7.089319342248769452e-06,7.100866891005515377e-06,7.004671878693210797e-06,7.166703530187961930e-06,7.226661920075516081e-06,7.124279003347514625e-06,6.926776199705183794e-06,6.993090244688987385e-06,6.975070953814934969e-06,7.056100652797723258e-06,6.851714594999875996e-06,6.942604377885797753e-06,6.958941958877363858e-06,6.962758236149570110e-06,6.978698633140090997e-06,6.940030385885804234e-06,6.946327281955853872e-06,6.883242390923233137e-06,6.809658374046559055e-06,6.816699558772786888e-06,6.900495415768494604e-06,6.868128828540986717e-06,6.850068664795278922e-06,6.764312943668866152e-06,6.871584655967328055e-06,6.935427897041837916e-06,6.706877446090300310e-06,6.774777532988045451e-06,6.718013496416559505e-06,6.856166131583617305e-06,6.777766766625957001e-06,6.705925195691493613e-06,6.604228724356992863e-06,6.628680862626692558e-06,6.637111332376582775e-06,6.521563161809096927e-06,6.358353633644655408e-06,6.478803377768137321e-06,6.338706407649872506e-06,6.584065583398610713e-06,6.385997662800871052e-06,6.497123399842502044e-06,6.568442904668391441e-06,6.329946079601664573e-06
8.547464151845825063e-06,8.294917142955717982e-06,8.446557169850226797e-06,8.434853737974916835e-06,8.414139062348637989e-06,8.406506975160142907e-06,8.332055725870784210e-06,8.404098530165196937e-06,8.179831869331783125e-06,8.291372753682498158e-06,8.224669053633190666e-06,8.177332605376027620e-06,8.031733821907483445e-06,8.245587091928809910e-06,8.030643883510211011e-06,8.043428380303100544e-06,8.119742594888461839e-06,7.885161984327345694e-06,8.017237071417050633e-06,7.896957408188367026e-06,8.160036317435065065e-06,8.085269371684280091e-06,9.020119260531104299e-06,8.087810162484137885e-06,8.079197585073555181e-06,7.859467602080798357e-06,7.723447322396030212e-06,7.851985464696472158e-06,7.772877857164975951e-06,7.616908041188070668e-06,7.874832953719891580e-06,7.623944270011157799e-06,7.605179030898452929e-06,7.564160072091682358e-06,7.477482271088659513e-06,7.447280919762729206e-06,7.451805187114145980e-06,7.349229041600234308e-06,7.569941055796579956e-06,7.549554426405624765e-06,7.474968927935402251e-06,7.266203026137513848e-06,7.387823852666245133e-06,7.328465345246982292e-06,7.435222918060870223e-06,7.165029600377673166e-06,7.294154485933378998e-06,7.349934292722877415e-06,7.306709891866372669e-06,7.320709165337148078e-06,7.286884220049698382e-06,7.305522877976807348e-06,7.191957960970345584e-06,7.137738251565541264e-06,7.117721511553941178e-06,7.201941007490802886e-06,7.196189584857144124e-06,7.163830244455890858e-06,7.070453654244473316e-06,7.185772606851565242e-06,7.233126770431512207e-06,7.044957749809790009e-06,7.078606353221122974e-06,6.993992828770468054e-06,7.146496152594384738e-06,7.093862375083447524e-06,7.140950893892732452e-06,6.941423445748830030e-06,6.992999214574661574e-06,6.955928328081270297e-06,6.842418751332994762e-06,6.631554884377714426e-06,6.737876630173179735e-06,6.676077938588005753e-06,6.900391408253980496e-06,6.657268615191321827e-06,6.760155291478346408e-06,6.844139676615962964e-06,6.528201728162875059e-06
8.193953576427738056e-06,7.960436408978512773e-06,8.091343317641532001e-06,8.076876895531678616e-06,8.054098439028991872e-06,8.099783778951617124e-06,8.021204433666030318e-06,8.086891814006052663e-06,7.883925980862376768e-06,7.974724044124323726e-06,7.919404946993026576e-06,7.851446023775384645e-06,7.760215750598945894e-06,7.931130262670915368e-06,7.744836420712312704e-06,7.764068818797651019e-06,7.802523654034162410e-06,7.608802777955082285e-06,7.720852326070792599e-06,7.603657723982761288e-06,7.799884812953964953e-06,7.615715909529476690e-06,8.087810162484137885e-06,7.759416488364166860e-06,7.714392914807759963e-06,7.587543363822326323e-06,7.493536196004250335e-06,7.537141268665364284e-06,7.528525074099503615e-06,7.394267577027233905e-06,7.618603168464084957e-06,7.422847105624413616e-06,7.369277512442823382e-06,7.311348003030544380e-06,7.310533185573177166e-06,7.229419216061205768e-06,7.247186934510666080e-06,7.171122883435019965e-06,7.281448631449294419e-06,7.384451664225115291e-06,7.281726015876695320e-06,7.094336568244272101e-06,7.170842120956120972e-06,7.155691170372923933e-06,7.194416418587108335e-06,7.012063181674980560e-06,7.111372754572069386e-06,7.148049207579202283e-06,7.126767497566142677e-06,7.157939847496809307e-06,7.105244643447595519e-06,7.088498663182538035e-06,7.051335703396993502e-06,6.976514305128936777e-06,6.969909914483245988e-06,7.060881188446186009e-06,6.987872548699446339e-06,6.986388616552458535e-06,6.918469222047643348e-06,7.017503321778342620e-06,7.063810170969356650e-06,6.835276239957519403e-06,6.905320276844734151e-06,6.832746315218003631e-06,6.962069064216834741e-06,6.860394667870089845e-06,6.760949175072091093e-06,6.689473611026678317e-06,6.695630672129230320e-06,6.713459907285686966e-06,6.596684710507559611e-06,6.436574956155813956e-06,6.534532303440870318e-06,6.311392878263002078e-06,6.673539044117657430e-06,6.429720205084314462e-06,6.558056792792376358e-06,6.616083968200748856e-06,6.385955466618394568e-06
8.432861427821898220e-06,8.164747029996653873e-06,8.284853883283996355e-06,8.273422614971772456e-06,8.210788685734543319e-06,8.257595045318351468e-06,8.173091026454301034e-06,8.239611674331201376e-06,8.008560960642808766e-06,8.111663393483772985e-06,8.043795487738717131e-06,7.953533840269422648e-06,7.861771415535423097e-06,8.033705740425688176e-06,7.850487660483369698e-06,7.815689626400971674e-06,7.886370261879985927e-06,7.683874769376687077e-06,7.803895823433502709e-06,7.655459377668807195e-06,7.846506291909078343e-06,7.650282760091194509e-06,8.079197585073555181e-06,7.714392914807759963e-06,7.846752352158871979e-06,7.647572473233956263e-06,7.522997506115067591e-06,7.573621021241138974e-06,7.569247000708790092e-06,7.431003270119939745e-06,7.645602895686596574e-06,7.428320245277417851e-06,7.403774822308735560e-06,7.315921876429016963e-06,7.326430579311374316e-06,7.240446466115166787e-06,7.262896824728131411e-06,7.161639530974163487e-06,7.274194272799619572e-06,7.375555224336435924e-06,7.280678423682196730e-06,7.083439498986937106e-06,7.146540716157969095e-06,7.121337992023506510e-06,7.197236968904116772e-06,7.010060874426139914e-06,7.101719085990103381e-06,7.118294563542676187e-06,7.119838065790479432e-06,7.136817900642007918e-06,7.103521646114118002e-06,7.093684737748753787e-06,7.046812821710015889e-06,6.968141169890784724e-06,6.956469180478486183e-06,7.046640583177073029e-06,7.014835226891928063e-06,6.987866772237972002e-06,6.911680728016651617e-06,7.014108637793533703e-06,7.074643730898828182e-06,6.849742906511822448e-06,6.909670762086427559e-06,6.826391449317823900e-06,6.986612414824994507e-06,6.899422816518350422e-06,6.778990553886434118e-06,6.713926495707554016e-06,6.714323583635468602e-06,6.744388700742223896e-06,6.595451118374040141e-06,6.450394678925450060e-06,6.578971041034979403e-06,6.388876791178187910e-06,6.676637153155517941e-06,6.458861349604242372e-06,6.614737115091463909e-06,6.670318530009352505e-06,6.430531881062426770e-06
8.391359523171063866e-06,8.126067776120766574e-06,8.240133451488923088e-06,8.222506629922594912e-06,8.158093582266670205e-06,8.206012313398216405e-06,8.093281680118105735e-06,8.173153027035797216e-06,7.948741734319761504e-06,8.039638726158058197e-06,7.980483815452470096e-06,7.895791363115130384e-06,7.801319561625149571e-06,7.952820293465832688e-06,7.788549072891675157e-06,7.745430208744062420e-06,7.802794638456717936e-06,7.601041586535442161e-06,7.725767649308085857e-06,7.570665575761337304e-06,7.736019516359767280e-06,7.516562331245443891e-06,7.859467602080798357e-06,7.587543363822326323e-06,7.647572473233956263e-06,7.625032264475483626e-06,7.408500779071739303e-06,7.471011247501953371e-06,7.494058428482342416e-06,7.348418096101470545e-06,7.551028424028268010e-06,7.345488668375621199e-06,7.300033148847037135e-06,7.236151656395921232e-06,7.247741944602170736e-06,7.165250972993966330e-06,7.188401987446478877e-06,7.082038579717795618e-06,7.168862809735851579e-06,7.294148560327969611e-06,7.187462020853127437e-06,6.993438957540869926e-06,7.042622454997749387e-06,7.035115138193436337e-06,7.085784937217038515e-06,6.942220496303615593e-06,7.031135412166102771e-06,7.050535119601280424e-06,7.032939294503682699e-06,7.049767168534710035e-06,7.031392907244681484e-06,7.022955949683151248e-06,6.975014144900893851e-06,6.887052480997765089e-06,6.890213559515597705e-06,6.970527920934894895e-06,6.946351944418265986e-06,6.911513651860142784e-06,6.831928255292459594e-06,6.944432935935237551e-06,6.998962164389855174e-06,6.754344679406042015e-06,6.816669932005039930e-06,6.755443183531025487e-06,6.894909681223401246e-06,6.808603473116577693e-06,6.611371907602008951e-06,6.591763775525160985e-06,6.592964245147478624e-06,6.634478047661001063e-06,6.493956698478740736e-06,6.333522934474689102e-06,6.498491240194972694e-06,6.187011601204359678e-06,6.603844308485094488e-06,6.333510841694579140e-06,6.499405981890424297e-06,6.548572927021734036e-06,6.319364456586932667e-06
7.928943076679540223e-06,7.704956872894382265e-06,7.835632640457131632e-06,7.816055091360863403e-06,7.824469665146470393e-06,7.876061010900708243e-06,7.783513104881979188e-06,7.871336155638914724e-06,7.661724265510024888e-06,7.737767130977919695e-06,7.695606529399386122e-06,7.640978272609751218e-06,7.551533334976933537e-06,7.725863108021661612e-06,7.566002765750497275e-06,7.559341149316961282e-06,7.617920932754788158e-06,7.431542073594106753e-06,7.528782658861008364e-06,7.428807856905058561e-06,7.588226949569285621e-06,7.377249278161579683e-06,7.723447322396030212e-06,7.493536196004250335e-06,7.522997506115067591e-06,7.408500779071739303e-06,7.418887062678686947e-06,7.372183371433905586e-06,7.388941999223125512e-06,7.244351490155171824e-06,7.486154118968770434e-06,7.293217998076403397e-06,7.244703130345725378e-06,7.194931960846521580e-06,7.198647834111852051e-06,7.112263901074070375e-06,7.128911290084815662e-06,7.057735349374020530e-06,7.150873604537718510e-06,7.277659973304444150e-06,7.175280704493836334e-06,6.975406240240653849e-06,7.040234669317808701e-06,7.033630654468274020e-06,7.089877105617548788e-06,6.924659647001167005e-06,6.989173227890639377e-06,7.031895175342041575e-06,7.032239565001370116e-06,7.042222258259885964e-06,7.014009080741724732e-06,6.973095124453302267e-06,6.959387483198966595e-06,6.877751943805118669e-06,6.884741045397323719e-06,6.967900912523026484e-06,6.895668513287349493e-06,6.881693035914561743e-06,6.826723302922612255e-06,6.916810777437750883e-06,6.965463150217119958e-06,6.720281323104786409e-06,6.800902288472459956e-06,6.736636452162757061e-06,6.879904616044959443e-06,6.763802275742306043e-06,6.606221008167773015e-06,6.593398680891879665e-06,6.590950088445522683e-06,6.602195713727861432e-06,6.506553563857826576e-06,6.365195167346865497e-06,6.453801079414489792e-06,6.225237229705013021e-06,6.572138936168482408e-06,6.353608767126003531e-06,6.483333061402581002e-06,6.534906025650124935e-06,6.338677204002601107e-06
8.056904860276232846e-06,7.822254405733976217e-06,7.949585866410289480e-06,7.936412907344376772e-06,7.918955282816938823e-06,7.969290163915501243e-06,7.874440081884091026e-06,7.950318466209077163e-06,7.741709045195591362e-06,7.830794624967715272e-06,7.773271027302568436e-06,7.718944079606750272e-06,7.620023338998406684e-06,7.797624707500498686e-06,7.615740142552898129e-06,7.611528619838807031e-06,7.671453818791883612e-06,7.482328807907043028e-06,7.597588874565884910e-06,7.476837343739600977e-06,7.642466120015187317e-06,7.451132677981155070e-06,7.851985464696472158e-06,7.537141268665364284e-06,7.573621021241138974e-06,7.471011247501953371e-06,7.372183371433905586e-06,7.472007593239820975e-06,7.406280151093981087e-06,7.279422268730569324e-06,7.515272623128756811e-06,7.309829076634377596e-06,7.266219749547116740e-06,7.217444366357437663e-06,7.200827107022930791e-06,7.120517029773904033e-06,7.149089558295455580e-06,7.066056297725998886e-06,7.173471939416914670e-06,7.268529224854158269e-06,7.171509634270613344e-06,6.985531158569372182e-06,7.032602260693924497e-06,7.027160836270899827e-06,7.087502097914153314e-06,6.928937245407904132e-06,7.001461426064321406e-06,7.039193332922933280e-06,7.033377434597915854e-06,7.059669287849045934e-06,7.019288431960105847e-06,7.011563094310738358e-06,6.960500526383294373e-06,6.895392948139790419e-06,6.883237358450362976e-06,6.968137800168872263e-06,6.921058836967022651e-06,6.908897206153593611e-06,6.848914610741237721e-06,6.931240831329616316e-06,6.981361254178375011e-06,6.758579740726579525e-06,6.822133963365796194e-06,6.766069593234607403e-06,6.901969504658914199e-06,6.814668033162320874e-06,6.669612200792620244e-06,6.627992719903710738e-06,6.648108538388328377e-06,6.651120802751008647e-06,6.546197347051026865e-06,6.404789914580386670e-06,6.505114544526292077e-06,6.328993720197389141e-06,6.620710110101351330e-06,6.397029769790245110e-06,6.532507227858798011e-06,6.578535220943216142e-06,6.383321289377151562e-06
7.969139905821812417e-06,7.758303558231569806e-06,7.871775400050170905e-06,7.866798221042841245e-06,7.837460118140943200e-06,7.903289641889394977e-06,7.821534902574038642e-06,7.890253478216078620e-06,7.707849607287788106e-06,7.781593130174182610e-06,7.732219631583346522e-06,7.685429364104176940e-06,7.592673784465214147e-06,7.773481973627575101e-06,7.614370536128585691e-06,7.608547884803171604e-06,7.660095225637233559e-06,7.471753696557601723e-06,7.580290463283678855e-06,7.473595233266876231e-06,7.622140052410118386e-06,7.417246896308382433e-06,7.772877857164975951e-06,7.528525074099503615e-06,7.569247000708790092e-06,7.494058428482342416e-06,7.388941999223125512e-06,7.406280151093981087e-06,7.523744435260588838e-06,7.330454264957131621e-06,7.550428206878508471e-06,7.357342478940802868e-06,7.309178659656556440e-06,7.260389942193418405e-06,7.273690104432153687e-06,7.191129999404472356e-06,7.209720004570524882e-06,7.137800400852134043e-06,7.206429800264839932e-06,7.351193810024108478e-06,7.239272599639249522e-06,7.063385685901757687e-06,7.115919779632678331e-06,7.117064215704035477e-06,7.158529165261311325e-06,7.001291701234650636e-06,7.087220760881466968e-06,7.122660345616889062e-06,7.119315612159341354e-06,7.117731235670416801e-06,7.100371853263579809e-06,7.084331475891650427e-06,7.041142797210008630e-06,6.952396421666862434e-06,6.952755973730490544e-06,7.026814655575584840e-06,6.973721586207605223e-06,6.953830478910667189e-06,6.902936603779466310e-06,6.988418530787089233e-06,7.024885194767940972e-06,6.789424696952320379e-06,6.879661850253160212e-06,6.793147530115337576e-06,6.938145088606440632e-06,6.815555815135238906e-06,6.642265224227766285e-06,6.644247936101374689e-06,6.626976572853281899e-06,6.671109068825069204e-06,6.555035273956070940e-06,6.386827659592990880e-06,6.513848403648875236e-06,6.222613607435417559e-06,6.614562111817162800e-06,6.370109178699064179e-06,6.508794318648962106e-06,6.554488358572616298e-06,6.362242414407475954e-06
7.864541134173006661e-06,7.639879631800777982e-06,7.770145114941740875e-06,7.776202136475748227e-06,7.712849715968290908e-06,7.775708348432624771e-06,7.716158041677086444e-06,7.778194494240927570e-06,7.593076548442259023e-06,7.661697088130935493e-06,7.620528094559461643e-06,7.557987502302294281e-06,7.468719137378535237e-06,7.640561428699465838e-06,7.471978986443073191e-06,7.471383104351315240e-06,7.520460338302512893e-06,7.344576553894288832e-06,7.460128054075853773e-06,7.344175872087478662e-06,7.495997559658969645e-06,7.268295114277827017e-06,7.616908041188070668e-06,7.394267577027233905e-06,7.431003270119939745e-06,7.348418096101470545e-06,7.244351490155171824e-06,7.279422268730569324e-06,7.330454264957131621e-06,7.290049657978309191e-06,7.405965751830373366e-06,7.223873295353165935e-06,7.190539558757568212e-06,7.109207771860482955e-06,7.135654747410337901e-06,7.046276955529473659e-06,7.079496000512612098e-06,7.006991247676301714e-06,7.073347096616643645e-06,7.204433989783243270e-06,7.112005827016169766e-06,6.943374540628447473e-06,6.970334968677070488e-06,6.954312718834110010e-06,7.000400979147573662e-06,6.870170916932535679e-06,6.933991221535558858e-06,6.978469492362012620e-06,6.969962667700872718e-06,6.976972814322964481e-06,6.935394045129940799e-06,6.935481518350123613e-06,6.886762210598192240e-06,6.817256972712337048e-06,6.814605046269241951e-06,6.877420638439960886e-06,6.828431032753922472e-06,6.811035335658533865e-06,6.755537521994219323e-06,6.829095322150912628e-06,6.883800489126033030e-06,6.641102966836933557e-06,6.722001255884242442e-06,6.648986702039325659e-06,6.781727515724896492e-06,6.678097341557729744e-06,6.497234550416848201e-06,6.474688380533554329e-06,6.494596651104838396e-06,6.527783642950568486e-06,6.407341526673336682e-06,6.248134395316718206e-06,6.368837356771065418e-06,6.108236968157790037e-06,6.488682033180020510e-06,6.257483390958971642e-06,6.387221826012561282e-06,6.439543413797805685e-06,6.242396440708424843e-06
7.869390363781633824e-06,7.671760042670730314e-06,7.792410622830238739e-06,7.791044885671274148e-06,7.769073474325967918e-06,7.861759085980931465e-06,7.803275912051496399e-06,7.878589395888550278e-06,7.697970945705258038e-06,7.784987420583022627e-06,7.747952345761405124e-06,7.694827996181175179e-06,7.599009392430439043e-06,7.796176507346690171e-06,7.631583398245994502e-06,7.649734196460127524e-06,7.709092973273026927e-06,7.523089802925486917e-06,7.620891118985674800e-06,7.536840031739877816e-06,7.697832545087424829e-06,7.484921668543190735e-06,7.874832953719891580e-06,7.618603168464084957e-06,7.645602895686596574e-06,7.551028424028268010e-06,7.486154118968770434e-06,7.515272623128756811e-06,7.550428206878508471e-06,7.405965751830373366e-06,7.732276509906879934e-06,7.446066693284756323e-06,7.415156142827336151e-06,7.358756027501258434e-06,7.384012730198753912e-06,7.265643529403176863e-06,7.325437039719379564e-06,7.252770665178453785e-06,7.347969478414783800e-06,7.445497426016827044e-06,7.361229185205069451e-06,7.191008749584524444e-06,7.234468638163235840e-06,7.230150660380039959e-06,7.271094743589090055e-06,7.111269181942346929e-06,7.177314762697334969e-06,7.234984297194740790e-06,7.224591883860066803e-06,7.236278295143402048e-06,7.209827503512556910e-06,7.190273473043728309e-06,7.149334041605594275e-06,7.067689461191143040e-06,7.058044323664847140e-06,7.141971737562781232e-06,7.066038224236347966e-06,7.065480012978362302e-06,7.007799082142995159e-06,7.100724033585169202e-06,7.128319021876393091e-06,6.899435337659050215e-06,6.988755405008512491e-06,6.917508928382437530e-06,7.053016917248836596e-06,6.933189073371902123e-06,6.799577580729938762e-06,6.777681136131393125e-06,6.764736160410841146e-06,6.781310433787853113e-06,6.688366496780379717e-06,6.548388470000381751e-06,6.633452561977158665e-06,6.454928756872482414e-06,6.746591148969079799e-06,6.538794179728685644e-06,6.651133712412219641e-06,6.716700174807680215e-06,6.495398904200178387e-06
7.698121583006232554e-06,7.503957069321496944e-06,7.624037413544462887e-06,7.621229051985236124e-06,7.619229042643161368e-06,7.695484791979931405e-06,7.612924172441520588e-06,7.683612949267641946e-06,7.507910403616669930e-06,7.587059556902580516e-06,7.538329760465888298e-06,7.511932202674589480e-06,7.424031218384331821e-06,7.599239330329366396e-06,7.452322584590889728e-06,7.469195036776850960e-06,7.505168359395693817e-06,7.347389611318256386e-06,7.436407536303734882e-06,7.357128988353831872e-06,7.495381189602966868e-06,7.277040105312438329e-06,7.623944270011157799e-06,7.422847105624413616e-06,7.428320245277417851e-06,7.345488668375621199e-06,7.293217998076403397e-06,7.309829076634377596e-06,7.357342478940802868e-06,7.223873295353165935e-06,7.446066693284756323e-06,7.350266062209644554e-06,7.234008991114771915e-06,7.189884896781415664e-06,7.208043630388417482e-06,7.112125303575384447e-06,7.160463858402066491e-06,7.088409467383112481e-06,7.155837326117621788e-06,7.292317129478980431e-06,7.193206400330469414e-06,7.012059262399016880e-06,7.068031809723435176e-06,7.062961544784697483e-06,7.111291771695613849e-06,6.961220328098858478e-06,7.019389420447051527e-06,7.066672068431492492e-06,7.081479086611727651e-06,7.076429254404405026e-06,7.047896630889457179e-06,7.022867054260810180e-06,6.978444438742068218e-06,6.918666922160309884e-06,6.902099736007844636e-06,6.980199867356098729e-06,6.906638886649065148e-06,6.901803585826663833e-06,6.841709813635870162e-06,6.926334608866619992e-06,6.967821082954749751e-06,6.721676414519740842e-06,6.815777952370507132e-06,6.738115558189108385e-06,6.862912528361664110e-06,6.748767045479606434e-06,6.589708520003430671e-06,6.591222156000080470e-06,6.579574445735069609e-06,6.617146518410738246e-06,6.531733813850799933e-06,6.377158417731642435e-06,6.449889375308303862e-06,6.200772477631701074e-06,6.554698639875073910e-06,6.346969516991703131e-06,6.458458832006315301e-06,6.488489199550953535e-06,6.313683619842355822e-06
7.658315509662020037e-06,7.447383689655619240e-06,7.578852902808100790e-06,7.575335248946730509e-06,7.556729997571672991e-06,7.634406597585424511e-06,7.577025917038609812e-06,7.644153705302480232e-06,7.457575063322999323e-06,7.522338564834802305e-06,7.509270008579046000e-06,7.460187429882705090e-06,7.371834451638158873e-06,7.552350474036258535e-06,7.395104648512563841e-06,7.418634579868929356e-06,7.451370964072736891e-06,7.295968852896218656e-06,7.380631794199967576e-06,7.311230443049885987e-06,7.457771351519618218e-06,7.238844691949701451e-06,7.605179030898452929e-06,7.369277512442823382e-06,7.403774822308735560e-06,7.300033148847037135e-06,7.244703130345725378e-06,7.266219749547116740e-06,7.309178659656556440e-06,7.190539558757568212e-06,7.415156142827336151e-06,7.234008991114771915e-06,7.259601312304264840e-06,7.128666078478147572e-06,7.164085940664392288e-06,7.062995598982493304e-06,7.101601300534006801e-06,7.033910407760089104e-06,7.106434753525520011e-06,7.229518565485729657e-06,7.147397350746292228e-06,6.961327537031643455e-06,7.003397998037232480e-06,7.016862897571103582e-06,7.050293507811130952e-06,6.912927835393405072e-06,6.972797640528237153e-06,7.017856042831315158e-06,7.036490152173447096e-06,7.030719167475749657e-06,6.999090748717056947e-06,6.977811159158462772e-06,6.940272823633694628e-06,6.865467250100980042e-06,6.857307347565254781e-06,6.919228960774651215e-06,6.857657218698565043e-06,6.856687877887010254e-06,6.804773194265241179e-06,6.887386821677526258e-06,6.929751338742298594e-06,6.701843279116677008e-06,6.784441016206342653e-06,6.706252235049975912e-06,6.835311687920585217e-06,6.726716596758883888e-06,6.575988958439384137e-06,6.559931069152273249e-06,6.561857018432765602e-06,6.582010433429573484e-06,6.467455771435159878e-06,6.326760759824316995e-06,6.419545960710190510e-06,6.206741098183450412e-06,6.535471819142644468e-06,6.324767050029154558e-06,6.450238126706364609e-06,6.471838740156289381e-06,6.300825483530916116e-06
7.507328866052901860e-06,7.318840871200447646e-06,7.454588445517249213e-06,7.445037007136893193e-06,7.447331863201672515e-06,7.527712720786622901e-06,7.447866344963814412e-06,7.531762827707521939e-06,7.363774889195948772e-06,7.423349852090154517e-06,7.392677114100681890e-06,7.361845060162842880e-06,7.267245540210718169e-06,7.458929427023752479e-06,7.314305228042927115e-06,7.348740733816373634e-06,7.384352180216057503e-06,7.228023952072919944e-06,7.320137624608699599e-06,7.249854263256430368e-06,7.384217293195399817e-06,7.206249130872470040e-06,7.564160072091682358e-06,7.311348003030544380e-06,7.315921876429016963e-06,7.236151656395921232e-06,7.194931960846521580e-06,7.217444366357437663e-06,7.260389942193418405e-06,7.109207771860482955e-06,7.358756027501258434e-06,7.189884896781415664e-06,7.128666078478147572e-06,7.187239560739740046e-06,7.103494285464630780e-06,7.019296075824219092e-06,7.059059009531835636e-06,6.980114104744904290e-06,7.111142539583850309e-06,7.182519638554527623e-06,7.106727794286059857e-06,6.952342001106901185e-06,6.972285205886538296e-06,6.972990697318877001e-06,7.040379853868495960e-06,6.867811780415130508e-06,6.911923705352104571e-06,6.961145742478767857e-06,6.983357268822382933e-06,6.977610758514080568e-06,6.965689440881632430e-06,6.934740622548287011e-06,6.889934375325653421e-06,6.822406107546388261e-06,6.813293048240635109e-06,6.892970454380483475e-06,6.810796971819899304e-06,6.808934455878116818e-06,6.762104445466147588e-06,6.839505811898703144e-06,6.879449368107940036e-06,6.636808368964657446e-06,6.750380188385536694e-06,6.684403239374004331e-06,6.795468178489117445e-06,6.692454228968718826e-06,6.602114655491976404e-06,6.539132719944050824e-06,6.558760293517488485e-06,6.564849800718261534e-06,6.520938184009237875e-06,6.356666265560445676e-06,6.407792558799661129e-06,6.282715789530039758e-06,6.511658981449955780e-06,6.339385367328582496e-06,6.414137650923914865e-06,6.471857014544229633e-06,6.303520322534188638e-06
7.474238681938310459e-06,7.293679863737387550e-06,7.427954793391677869e-06,7.408886953732174343e-06,7.402563462904100825e-06,7.510654138067064905e-06,7.442489434408239281e-06,7.511570473732086490e-06,7.344259034654292695e-06,7.413220600381700784e-06,7.381462364058758493e-06,7.356722356235664476e-06,7.278768876872964703e-06,7.441546841385742837e-06,7.308624923032418160e-06,7.348686058780421088e-06,7.392230975290364115e-06,7.231328480143801300e-06,7.318066060083732162e-06,7.244716441333216930e-06,7.378754465104474604e-06,7.166512383378951148e-06,7.477482271088659513e-06,7.310533185573177166e-06,7.326430579311374316e-06,7.247741944602170736e-06,7.198647834111852051e-06,7.200827107022930791e-06,7.273690104432153687e-06,7.135654747410337901e-06,7.384012730198753912e-06,7.208043630388417482e-06,7.164085940664392288e-06,7.103494285464630780e-06,7.248851096118920687e-06,7.056799150738932505e-06,7.105732005282426569e-06,7.040813864334296688e-06,7.111626131679939442e-06,7.250511438619218844e-06,7.157980756652378826e-06,6.980289493107670387e-06,7.032359166552866133e-06,7.037285956272973130e-06,7.053773780338239194e-06,6.937583989643911607e-06,6.973202186085033308e-06,7.024112743959650604e-06,7.036717212495344099e-06,7.034307086899686434e-06,7.006269307444621032e-06,6.981220974184910919e-06,6.918554933031140343e-06,6.872974309239957626e-06,6.864884015353577227e-06,6.936108042483818146e-06,6.846000031212912721e-06,6.847685529798763944e-06,6.789085625481603226e-06,6.857465722112657024e-06,6.920391090239808078e-06,6.671216545222010675e-06,6.769545790883142412e-06,6.681772699034963283e-06,6.815809949216636741e-06,6.694090908180402395e-06,6.533736140940299779e-06,6.534760369198879326e-06,6.516060948847992180e-06,6.534786627148348900e-06,6.476892496089761430e-06,6.337944215827004751e-06,6.388775162424350838e-06,6.170608261159367610e-06,6.490889191329473205e-06,6.296713468506216047e-06,6.399866673417363667e-06,6.433056566998493097e-06,6.240655839553948350e-06
7.409011926444131542e-06,7.216752010873287863e-06,7.355405835545109758e-06,7.345481286835163793e-06,7.349600570728356919e-06,7.437908536471260352e-06,7.360718969808420298e-06,7.428370103355171471e-06,7.260151468593485588e-06,7.330253279386919111e-06,7.300475255296156965e-06,7.277248441987007929e-06,7.196119680897671796e-06,7.362049383437322345e-06,7.227159259228447900e-06,7.257158895638374239e-06,7.291253269802272091e-06,7.132203391060261523e-06,7.224492594559096863e-06,7.155253016154228341e-06,7.298396872357906104e-06,7.089319342248769452e-06,7.447280919762729206e-06,7.229419216061205768e-06,7.240446466115166787e-06,7.165250972993966330e-06,7.112263901074070375e-06,7.120517029773904033e-06,7.191129999404472356e-06,7.046276955529473659e-06,7.265643529403176863e-06,7.112125303575384447e-06,7.062995598982493304e-06,7.019296075824219092e-06,7.056799150738932505e-06,7.018364432093193263e-06,7.001007117066982365e-06,6.932192987351804507e-06,7.012664030114569641e-06,7.129256601875650895e-06,7.029384828168379569e-06,6.880115026879537491e-06,6.921442676144239266e-06,6.920226228745349286e-06,6.955626224578141698e-06,6.818092251318906152e-06,6.861502212128888188e-06,6.923296948663624694e-06,6.930211016772804369e-06,6.932754396910682486e-06,6.917369574583419351e-06,6.886393773585960459e-06,6.835119033550026677e-06,6.769902193676310055e-06,6.772138421699874803e-06,6.850441856251036729e-06,6.773208512991481044e-06,6.767663347103073472e-06,6.718479563751367149e-06,6.793715399119186345e-06,6.830832649659356760e-06,6.602478182707041001e-06,6.697796889668015603e-06,6.605307308111034089e-06,6.745658111096170259e-06,6.636589679992092056e-06,6.478654499806942583e-06,6.475837733594293013e-06,6.458689910552033948e-06,6.488758282528295824e-06,6.421033595472818043e-06,6.252190073051289463e-06,6.334839372176667347e-06,6.099645267903169208e-06,6.431046353866070685e-06,6.232189924815761019e-06,6.331715362744635464e-06,6.352906551764398455e-06,6.185332997623991429e-06
7.326369016194134137e-06,7.152274411358589427e-06,7.272517248028036928e-06,7.278806811187598230e-06,7.272418856634491874e-06,7.384357502325060938e-06,7.319069366645116375e-06,7.387175914284814675e-06,7.234197736993315921e-06,7.298723879853182414e-06,7.270457737065498092e-06,7.264593441872762531e-06,7.177875113493037719e-06,7.343934577553732189e-06,7.215529317372390554e-06,7.268009924005129333e-06,7.308808546107885413e-06,7.137321127598051346e-06,7.236054876815510040e-06,7.179481067435391528e-06,7.311879227111502954e-06,7.100866891005515377e-06,7.451805187114145980e-06,7.247186934510666080e-06,7.262896824728131411e-06,7.188401987446478877e-06,7.128911290084815662e-06,7.149089558295455580e-06,7.209720004570524882e-06,7.079496000512612098e-06,7.325437039719379564e-06,7.160463858402066491e-06,7.101601300534006801e-06,7.059059009531835636e-06,7.105732005282426569e-06,7.001007117066982365e-06,7.127928949891094603e-06,6.994611358932677117e-06,7.066052899250678892e-06,7.204234797382837195e-06,7.102310902382975476e-06,6.946075682989368322e-06,6.990937028211147013e-06,6.980357851202233144e-06,7.010479358898458779e-06,6.882033313260302924e-06,6.927635771777747153e-06,6.983890498708362858e-06,6.996369795973902665e-06,6.983943359100688934e-06,6.968530061352863716e-06,6.941778265197255768e-06,6.885279478637705962e-06,6.824248727582978969e-06,6.828034988773490124e-06,6.911274195042290552e-06,6.800612007766159712e-06,6.804993597479870875e-06,6.753779999625098887e-06,6.825751207927155140e-06,6.867957109330045845e-06,6.632921258288906298e-06,6.727702376386371664e-06,6.645909326456380004e-06,6.779682299015507399e-06,6.649720395303334801e-06,6.511779290599771436e-06,6.507112309500257232e-06,6.495153895134602241e-06,6.532369107991536111e-06,6.460807519601834592e-06,6.288591451179670757e-06,6.340254519391541794e-06,6.136727566307938284e-06,6.445437131012975127e-06,6.271312449718245130e-06,6.370289463787186913e-06,6.386966077845690910e-06,6.226266864445857047e-06
7.121102354209944060e-06,6.960638167156217406e-06,7.081400746463269882e-06,7.088735227448179940e-06,7.095873718902137376e-06,7.206976488287110325e-06,7.162332915172932879e-06,7.225945022104816705e-06,7.071991048640226401e-06,7.146728002258359710e-06,7.125583679725334426e-06,7.109711392543830425e-06,7.042694349555532562e-06,7.223863031336065224e-06,7.087187295438716332e-06,7.147217454271013215e-06,7.191004802529349541e-06,7.019164223576221255e-06,7.113070662682540220e-06,7.078441788242849674e-06,7.201657883825984832e-06,7.004671878693210797e-06,7.349229041600234308e-06,7.171122883435019965e-06,7.161639530974163487e-06,7.082038579717795618e-06,7.057735349374020530e-06,7.066056297725998886e-06,7.137800400852134043e-06,7.006991247676301714e-06,7.252770665178453785e-06,7.088409467383112481e-06,7.033910407760089104e-06,6.980114104744904290e-06,7.040813864334296688e-06,6.932192987351804507e-06,6.994611358932677117e-06,6.997874421957444345e-06,7.017759248875874784e-06,7.136835705130407748e-06,7.050152167675784573e-06,6.891799551967916815e-06,6.930507777719074765e-06,6.935163961594950998e-06,6.972350455548482524e-06,6.819534907387714283e-06,6.885426856310270900e-06,6.941605430939674805e-06,6.955969314108242601e-06,6.953118089212477629e-06,6.918250778588705120e-06,6.887721874969610128e-06,6.846444201786105801e-06,6.780231045979390916e-06,6.769865971020877338e-06,6.853634295899112249e-06,6.758010071295215687e-06,6.772313156883471688e-06,6.711308071367367260e-06,6.789156367717526642e-06,6.818142077899118753e-06,6.597181849549714041e-06,6.687547025636160429e-06,6.609305844121723716e-06,6.733569777619424343e-06,6.596525695394586066e-06,6.481828009650443156e-06,6.465702888942192951e-06,6.462091991981543255e-06,6.477939393106051402e-06,6.425694299468129612e-06,6.255555205632916475e-06,6.294915902692797512e-06,6.111017597723881777e-06,6.418342676847401656e-06,6.229195856525256787e-06,6.306269071643439486e-06,6.343490630680499933e-06,6.166686272639198950e-06
7.143198772887902980e-06,6.973250161666817110e-06,7.108927363681596481e-06,7.114019405419141520e-06,7.156627319510349960e-06,7.238920732402094674e-06,7.201685479602494073e-06,7.258736258265010012e-06,7.114631252609095362e-06,7.211627579198062458e-06,7.183057231714335351e-06,7.164316670197426304e-06,7.091316507523987322e-06,7.290856066363444496e-06,7.139882048257092417e-06,7.210119129186852976e-06,7.259571779603671206e-06,7.093762491009270085e-06,7.185450706288802425e-06,7.177811452989432476e-06,7.303866689634248359e-06,7.166703530187961930e-06,7.569941055796579956e-06,7.281448631449294419e-06,7.274194272799619572e-06,7.168862809735851579e-06,7.150873604537718510e-06,7.173471939416914670e-06,7.206429800264839932e-06,7.073347096616643645e-06,7.347969478414783800e-06,7.155837326117621788e-06,7.106434753525520011e-06,7.111142539583850309e-06,7.111626131679939442e-06,7.012664030114569641e-06,7.066052899250678892e-06,7.017759248875874784e-06,7.233006696851478785e-06,7.222695556918073471e-06,7.141844050125602578e-06,7.003645180668393006e-06,7.039807239287648605e-06,7.019624213857740446e-06,7.108849042722483785e-06,6.913438147474203084e-06,6.968274085679812301e-06,7.022804575471888083e-06,7.030266485701152408e-06,7.024720975712458275e-06,7.022180500324883158e-06,6.987779342238787968e-06,6.922282254092443470e-06,6.870887143754543928e-06,6.848000998018595692e-06,6.956419771721350033e-06,6.847260266243356096e-06,6.863719479580994368e-06,6.811606134799737749e-06,6.869263630002132004e-06,6.926079834318901093e-06,6.696458456110048461e-06,6.794966026325831930e-06,6.731965834487612758e-06,6.853463646305524100e-06,6.738752362623744427e-06,6.702571504542041761e-06,6.602963047167859513e-06,6.629811487288857174e-06,6.610842026347546161e-06,6.597482932301499116e-06,6.440328083445764959e-06,6.432782248190198320e-06,6.383989838943435435e-06,6.542260645499926777e-06,6.428579301716992997e-06,6.453926280598244747e-06,6.507778780373312274e-06,6.327175785501493372e-06
7.304992431421022502e-06,7.155505319873029932e-06,7.281843262652407556e-06,7.266376834319979439e-06,7.305807989475972028e-06,7.418955343985003533e-06,7.358844655246767434e-06,7.424075810272579350e-06,7.282027729869951131e-06,7.349576619536764675e-06,7.318512107424703463e-06,7.318544931169182907e-06,7.247170099830419983e-06,7.434909560349890372e-06,7.297967513992720542e-06,7.368591058140059883e-06,7.395150622255756273e-06,7.227829832511204153e-06,7.325250081712378063e-06,7.279629139093675568e-06,7.420084611842936364e-06,7.226661920075516081e-06,7.549554426405624765e-06,7.384451664225115291e-06,7.375555224336435924e-06,7.294148560327969611e-06,7.277659973304444150e-06,7.268529224854158269e-06,7.351193810024108478e-06,7.204433989783243270e-06,7.445497426016827044e-06,7.292317129478980431e-06,7.229518565485729657e-06,7.182519638554527623e-06,7.250511438619218844e-06,7.129256601875650895e-06,7.204234797382837195e-06,7.136835705130407748e-06,7.222695556918073471e-06,7.442924537267103257e-06,7.254781988926210909e-06,7.092164131676662491e-06,7.155033061468053115e-06,7.151710023574412116e-06,7.172225336043919635e-06,7.038732282132795334e-06,7.106358973456393623e-06,7.155087093916428648e-06,7.159574758651929225e-06,7.141317830301113663e-06,7.130482861618275756e-06,7.102405350674518696e-06,7.042019996376089181e-06,6.990703193429124552e-06,6.970637075587499232e-06,7.064045820059571218e-06,6.958693295332123205e-06,6.971706862238069836e-06,6.932599711425727895e-06,6.973189608295779665e-06,7.032592057926671515e-06,6.801618431372170892e-06,6.896057028172255482e-06,6.829364792881981919e-06,6.952126770164355963e-06,6.810371166846994683e-06,6.673830642641084018e-06,6.662445420271773865e-06,6.640933635809967162e-06,6.662329583842352235e-06,6.609011293104832130e-06,6.462590341685650487e-06,6.474255816391196048e-06,6.241461828538493890e-06,6.605701712622492547e-06,6.396988655678171789e-06,6.497426219129628404e-06,6.526623220267401804e-06,6.355400037747520328e-06
7.217114891209687901e-06,7.055574210549804944e-06,7.191708547443225116e-06,7.184048247223484089e-06,7.211743512989149191e-06,7.300933264759247529e-06,7.263113899667802140e-06,7.328279588315651765e-06,7.185764608673692979e-06,7.246712555558520312e-06,7.222875351053918695e-06,7.212018137236093263e-06,7.141546376906263239e-06,7.331641094487665266e-06,7.196450902261062787e-06,7.250881780630935235e-06,7.287986665871719458e-06,7.144197653364591771e-06,7.226860304274161907e-06,7.202229972232937591e-06,7.325884735379640831e-06,7.124279003347514625e-06,7.474968927935402251e-06,7.281726015876695320e-06,7.280678423682196730e-06,7.187462020853127437e-06,7.175280704493836334e-06,7.171509634270613344e-06,7.239272599639249522e-06,7.112005827016169766e-06,7.361229185205069451e-06,7.193206400330469414e-06,7.147397350746292228e-06,7.106727794286059857e-06,7.157980756652378826e-06,7.029384828168379569e-06,7.102310902382975476e-06,7.050152167675784573e-06,7.141844050125602578e-06,7.254781988926210909e-06,7.220287220830359895e-06,7.010794870899130653e-06,7.056645150438281109e-06,7.041928362481423504e-06,7.090583578630314344e-06,6.954195412737494786e-06,6.988404130385220661e-06,7.046488368650307373e-06,7.061455859494249796e-06,7.063720679067649947e-06,7.031724217463135613e-06,6.995251855750782179e-06,6.949498899017772070e-06,6.894704519408549625e-06,6.884642942184934646e-06,6.972337138304969102e-06,6.857621715574153124e-06,6.868205330837138977e-06,6.814318736564345352e-06,6.876356400432521444e-06,6.938574693704502227e-06,6.703356320510901479e-06,6.793888229290808273e-06,6.723505018425497126e-06,6.852506063565545801e-06,6.710662361371364781e-06,6.601059310360298370e-06,6.592613562619809643e-06,6.565670418209338829e-06,6.581762004309819294e-06,6.542068665258950417e-06,6.385073413499164224e-06,6.402973256004875429e-06,6.238487913674615321e-06,6.512190942346779158e-06,6.351833456330958779e-06,6.421062439198504751e-06,6.460036700224866623e-06,6.285001549145801871e-06
6.924553244612492024e-06,6.781109769246705480e-06,6.904637117937837205e-06,6.902036474315249685e-06,6.928402721068209491e-06,7.038027478696554303e-06,7.015655248012483457e-06,7.069564817157112541e-06,6.934696584850464451e-06,6.999555399566700158e-06,6.985739841029147128e-06,6.971225157550803447e-06,6.922069809815559148e-06,7.088379005521030023e-06,6.958647869113173412e-06,7.028026855292879424e-06,7.084064681543355291e-06,6.931313295624616999e-06,7.017779498348896177e-06,6.987208205678637507e-06,7.098935114212102155e-06,6.926776199705183794e-06,7.266203026137513848e-06,7.094336568244272101e-06,7.083439498986937106e-06,6.993438957540869926e-06,6.975406240240653849e-06,6.985531158569372182e-06,7.063385685901757687e-06,6.943374540628447473e-06,7.191008749584524444e-06,7.012059262399016880e-06,6.961327537031643455e-06,6.952342001106901185e-06,6.980289493107670387e-06,6.880115026879537491e-06,6.946075682989368322e-06,6.891799551967916815e-06,7.003645180668393006e-06,7.092164131676662491e-06,7.010794870899130653e-06,6.954351508048747305e-06,6.892701771936617539e-06,6.880546325962324967e-06,6.957982525670952744e-06,6.805692878469205127e-06,6.833739194257567454e-06,6.895721277870348267e-06,6.899458618629404128e-06,6.911093816663135536e-06,6.902975341716789810e-06,6.851040224695305988e-06,6.817847659998000853e-06,6.734526609069515916e-06,6.733268996938006144e-06,6.830973829675267525e-06,6.710345927623108134e-06,6.731058526544075867e-06,6.682982191193390002e-06,6.740347840077227781e-06,6.776911962064453546e-06,6.565151195342232163e-06,6.670627932382612643e-06,6.599781686431011613e-06,6.728230053517092310e-06,6.590186353675613773e-06,6.519204680128392639e-06,6.469903492244305531e-06,6.479032861984428273e-06,6.479677145465390796e-06,6.468349706859346338e-06,6.307605627057301513e-06,6.313583391587023894e-06,6.241089891724945978e-06,6.411510926480467979e-06,6.304978061924634422e-06,6.345412746705255430e-06,6.381583972034555458e-06,6.233482968569633637e-06
6.979871341229341780e-06,6.840373229215065008e-06,6.958932754895949526e-06,6.954592049841875087e-06,6.992351394655373779e-06,7.098516468383881166e-06,7.060528924073768829e-06,7.123303957485649630e-06,6.995840370510275214e-06,7.064924312705013475e-06,7.046961215461444974e-06,7.044412608051260578e-06,6.957049070393610246e-06,7.156060941587290779e-06,7.035013926827923350e-06,7.100516918349055284e-06,7.142492422082841992e-06,6.984442682785681531e-06,7.068929585740027540e-06,7.043207848707679356e-06,7.185621209475113945e-06,6.993090244688987385e-06,7.387823852666245133e-06,7.170842120956120972e-06,7.146540716157969095e-06,7.042622454997749387e-06,7.040234669317808701e-06,7.032602260693924497e-06,7.115919779632678331e-06,6.970334968677070488e-06,7.234468638163235840e-06,7.068031809723435176e-06,7.003397998037232480e-06,6.972285205886538296e-06,7.032359166552866133e-06,6.921442676144239266e-06,6.990937028211147013e-06,6.930507777719074765e-06,7.039807239287648605e-06,7.155033061468053115e-06,7.056645150438281109e-06,6.892701771936617539e-06,7.038262500549072105e-06,6.954856818393348502e-06,6.981847589834432859e-06,6.841158182896999380e-06,6.901649823992544013e-06,6.950209333142969678e-06,6.963105720730775854e-06,6.961465048717909996e-06,6.929031364495527740e-06,6.902198970079635531e-06,6.832115070990709236e-06,6.789429307315646261e-06,6.757752045848237765e-06,6.859269475592812140e-06,6.744704598536309010e-06,6.763533486040877222e-06,6.718959107002322945e-06,6.767743704919722509e-06,6.816919231390724329e-06,6.575039213572202510e-06,6.674922315769050844e-06,6.598242510243296696e-06,6.728475678316381319e-06,6.591037534279568384e-06,6.490400273399973380e-06,6.466329460413628172e-06,6.448440401057613781e-06,6.462160587741187719e-06,6.422690838828396896e-06,6.249734090879276375e-06,6.270254505767246207e-06,6.060823107850623228e-06,6.388991497616624860e-06,6.199037911033165840e-06,6.288509369123341141e-06,6.318343552314769028e-06,6.121789187841485983e-06
6.955695761011405653e-06,6.823962989419257285e-06,6.929285156943547087e-06,6.938294424365948958e-06,6.981988979885749304e-06,7.107214326229265550e-06,7.042217046880081098e-06,7.107684609815941875e-06,6.990037487685547095e-06,7.063889883763115777e-06,7.045205845800985519e-06,7.036530387929025418e-06,6.960394534729965544e-06,7.150198343341130853e-06,7.023181060423621778e-06,7.118060042817149818e-06,7.128763769105489918e-06,6.973042533511206413e-06,7.060762742220657129e-06,7.034296510487293796e-06,7.168259868627160291e-06,6.975070953814934969e-06,7.328465345246982292e-06,7.155691170372923933e-06,7.121337992023506510e-06,7.035115138193436337e-06,7.033630654468274020e-06,7.027160836270899827e-06,7.117064215704035477e-06,6.954312718834110010e-06,7.230150660380039959e-06,7.062961544784697483e-06,7.016862897571103582e-06,6.972990697318877001e-06,7.037285956272973130e-06,6.920226228745349286e-06,6.980357851202233144e-06,6.935163961594950998e-06,7.019624213857740446e-06,7.151710023574412116e-06,7.041928362481423504e-06,6.880546325962324967e-06,6.954856818393348502e-06,7.026636742561386617e-06,6.976765949168376485e-06,6.845047207748353966e-06,6.893364156017347163e-06,6.957840776645928064e-06,6.958077778739152283e-06,6.959376923803881761e-06,6.941690282368530556e-06,6.902322437736392592e-06,6.836270590408394738e-06,6.796377659547067465e-06,6.780142216749627051e-06,6.864196547652245582e-06,6.753232544370039352e-06,6.780590477853178178e-06,6.735983085319233924e-06,6.788099977094436218e-06,6.843085040079990100e-06,6.604239664232109164e-06,6.703871479725470035e-06,6.623074939910244471e-06,6.752148466471674064e-06,6.609180391417894598e-06,6.501716827914481433e-06,6.480330455403540541e-06,6.457564968250083716e-06,6.480283688683906830e-06,6.432540224645408658e-06,6.282870379713349796e-06,6.295984487199756308e-06,6.070126862570268266e-06,6.426761725490515081e-06,6.220137393932465085e-06,6.316200092890530308e-06,6.333838200442812631e-06,6.161666743929384007e-06
7.066537781595966198e-06,6.898929688307255527e-06,7.033629918363015648e-06,7.027065144685148651e-06,7.077804749439986597e-06,7.160510829672896198e-06,7.123779275963969848e-06,7.173949252140388491e-06,7.034809637809448494e-06,7.100087225612062340e-06,7.093995240541586792e-06,7.082410230148608750e-06,7.015228119738810319e-06,7.214322136322351460e-06,7.062405152800370304e-06,7.134747652149507369e-06,7.171615901313961291e-06,7.014870110981459355e-06,7.108551897251123566e-06,7.081000434490281448e-06,7.208856638084468839e-06,7.056100652797723258e-06,7.435222918060870223e-06,7.194416418587108335e-06,7.197236968904116772e-06,7.085784937217038515e-06,7.089877105617548788e-06,7.087502097914153314e-06,7.158529165261311325e-06,7.000400979147573662e-06,7.271094743589090055e-06,7.111291771695613849e-06,7.050293507811130952e-06,7.040379853868495960e-06,7.053773780338239194e-06,6.955626224578141698e-06,7.010479358898458779e-06,6.972350455548482524e-06,7.108849042722483785e-06,7.172225336043919635e-06,7.090583578630314344e-06,6.957982525670952744e-06,6.981847589834432859e-06,6.976765949168376485e-06,7.138346869133514829e-06,6.878826767405982369e-06,6.931706922902597853e-06,6.972949552184159306e-06,7.005953626188147666e-06,6.996383195734704277e-06,6.989384861030720595e-06,6.942159270665424060e-06,6.886882907955655620e-06,6.832356362848323721e-06,6.819416942235986905e-06,6.920421791831502397e-06,6.808291879307635140e-06,6.818282058033944355e-06,6.775956816764808976e-06,6.830141778189606398e-06,6.884964820207632352e-06,6.646263791313271587e-06,6.768610132464100145e-06,6.701722309687680709e-06,6.831863518558096227e-06,6.691907280891160379e-06,6.630252044496891515e-06,6.576778046347876914e-06,6.584301483079917754e-06,6.579444831270212563e-06,6.557773663336538039e-06,6.413536669383195604e-06,6.405393201594368012e-06,6.315329215692931512e-06,6.508011102348569332e-06,6.368366538563298341e-06,6.411036297541944346e-06,6.463605258570333175e-06,6.293765263906546837e-06
6.940436555612828562e-06,6.784129781734022143e-06,6.906638133653905433e-06,6.908040609373771925e-06,6.937915374240277166e-06,7.045294838676926105e-06,6.995554421246629029e-06,7.061574567498413707e-06,6.920259054323300153e-06,6.980794545907497705e-06,6.962253846645237405e-06,6.958494934791171971e-06,6.892042870141164937e-06,7.069325291407098187e-06,6.927669793048887967e-06,7.002307969593827129e-06,7.031543003156915148e-06,6.891195502724994314e-06,6.976666401386864548e-06,6.938537530453809884e-06,7.059777625798902191e-06,6.851714594999875996e-06,7.165029600377673166e-06,7.012063181674980560e-06,7.010060874426139914e-06,6.942220496303615593e-06,6.924659647001167005e-06,6.928937245407904132e-06,7.001291701234650636e-06,6.870170916932535679e-06,7.111269181942346929e-06,6.961220328098858478e-06,6.912927835393405072e-06,6.867811780415130508e-06,6.937583989643911607e-06,6.818092251318906152e-06,6.882033313260302924e-06,6.819534907387714283e-06,6.913438147474203084e-06,7.038732282132795334e-06,6.954195412737494786e-06,6.805692878469205127e-06,6.841158182896999380e-06,6.845047207748353966e-06,6.878826767405982369e-06,6.822806666489516821e-06,6.800680261245515286e-06,6.836372139644827695e-06,6.862756921335164663e-06,6.865254253618662817e-06,6.840298549358352638e-06,6.812651154456408945e-06,6.756703866339169231e-06,6.696024190992740197e-06,6.683782322496440397e-06,6.779142515017670151e-06,6.674258046328030717e-06,6.680993686323523634e-06,6.649407765678596556e-06,6.695946106180145999e-06,6.742827674789692484e-06,6.514632078294808081e-06,6.618083668291782360e-06,6.542536684008796564e-06,6.671636117739307549e-06,6.551592730663108823e-06,6.391926225472131401e-06,6.402918760883406665e-06,6.381938274528137295e-06,6.402028425775186717e-06,6.347910585416343369e-06,6.214944913864424405e-06,6.229223092865439737e-06,6.058570362529712975e-06,6.348187280402989553e-06,6.166880250535007526e-06,6.261622938052872954e-06,6.272396035293219500e-06,6.116658471802266454e-06
6.988987218865430003e-06,6.856608029500338903e-06,6.971792864620096146e-06,6.969794997562666323e-06,6.987179716141697916e-06,7.104787654376435459e-06,7.052906364208855940e-06,7.112244522869001380e-06,6.987794545716706177e-06,7.057065860272365971e-06,7.042049019973413358e-06,7.020117983474131391e-06,6.958575289409047670e-06,7.155201878537612603e-06,7.016698903766034604e-06,7.083897708398030736e-06,7.110207065634061575e-06,6.943623203193067072e-06,7.023216143109374563e-06,6.994406680113403301e-06,7.142827277321494941e-06,6.942604377885797753e-06,7.294154485933378998e-06,7.111372754572069386e-06,7.101719085990103381e-06,7.031135412166102771e-06,6.989173227890639377e-06,7.001461426064321406e-06,7.087220760881466968e-06,6.933991221535558858e-06,7.177314762697334969e-06,7.019389420447051527e-06,6.972797640528237153e-06,6.911923705352104571e-06,6.973202186085033308e-06,6.861502212128888188e-06,6.927635771777747153e-06,6.885426856310270900e-06,6.968274085679812301e-06,7.106358973456393623e-06,6.988404130385220661e-06,6.833739194257567454e-06,6.901649823992544013e-06,6.893364156017347163e-06,6.931706922902597853e-06,6.800680261245515286e-06,6.927716907109962871e-06,6.907053780138250130e-06,6.914448790962690622e-06,6.913895425314820777e-06,6.878540160891745562e-06,6.875896511512327287e-06,6.813707492102348843e-06,6.745828835848161570e-06,6.730405278993488177e-06,6.825331606573886198e-06,6.721328697126689599e-06,6.744191062690716117e-06,6.705553894127378137e-06,6.762305414130186405e-06,6.807894425196734487e-06,6.587295332890292639e-06,6.668154662808267665e-06,6.610191252588236293e-06,6.723270172454008256e-06,6.593486190589842132e-06,6.462688034644841502e-06,6.454260633281748575e-06,6.431049774721258142e-06,6.443966661323901722e-06,6.366515079556776897e-06,6.216558551089458544e-06,6.277663262354394330e-06,6.011282975490089151e-06,6.401936859942659201e-06,6.163256136889085645e-06,6.279876299608860309e-06,6.301871137375219903e-06,6.110643262341915024e-06
6.929055368339448620e-06,6.795516483778863907e-06,6.898628517410574982e-06,6.913290647568516661e-06,6.940729102509755649e-06,7.065538594233993248e-06,7.020610829642387631e-06,7.082885772782578014e-06,6.966138269621391743e-06,7.017695762603711973e-06,7.020843543495431115e-06,7.016519683899264394e-06,6.941386165384947509e-06,7.129830182393762236e-06,7.011482375179692780e-06,7.085907261859274450e-06,7.119407037778799343e-06,6.935773193336580615e-06,7.035575828452631550e-06,7.031739312374848751e-06,7.168892934217829003e-06,6.958941958877363858e-06,7.349934292722877415e-06,7.148049207579202283e-06,7.118294563542676187e-06,7.050535119601280424e-06,7.031895175342041575e-06,7.039193332922933280e-06,7.122660345616889062e-06,6.978469492362012620e-06,7.234984297194740790e-06,7.066672068431492492e-06,7.017856042831315158e-06,6.961145742478767857e-06,7.024112743959650604e-06,6.923296948663624694e-06,6.983890498708362858e-06,6.941605430939674805e-06,7.022804575471888083e-06,7.155087093916428648e-06,7.046488368650307373e-06,6.895721277870348267e-06,6.950209333142969678e-06,6.957840776645928064e-06,6.972949552184159306e-06,6.836372139644827695e-06,6.907053780138250130e-06,7.056523941421754257e-06,6.982023473054034925e-06,6.959675233350686768e-06,6.955162371470491970e-06,6.927634376431518117e-06,6.864883645919637203e-06,6.814386372788726207e-06,6.797071711009737579e-06,6.875614232899932520e-06,6.766666636686136963e-06,6.799295604312117240e-06,6.750181225997435666e-06,6.802126025492662655e-06,6.847544511353620456e-06,6.622551775183453783e-06,6.717852616218436819e-06,6.639467375633764075e-06,6.760635301253569644e-06,6.630546762775647861e-06,6.511145875812773726e-06,6.500418743217995327e-06,6.487901213500423909e-06,6.480440075692908983e-06,6.444193376646658588e-06,6.277031150287462570e-06,6.303497417703325475e-06,6.081138358155260838e-06,6.448427624508781566e-06,6.234986466622609292e-06,6.327342706109961057e-06,6.333779939636178917e-06,6.160078527991702189e-06
6.918863988652960935e-06,6.781584546407516929e-06,6.920347772486678573e-06,6.903992103509746263e-06,6.957975809018392410e-06,7.078073926090027438e-06,7.025741851075491609e-06,7.089758590257004407e-06,6.953793398065313232e-06,7.018364555485735140e-06,7.020144164817125523e-06,7.006819898844395663e-06,6.945185885381310043e-06,7.140479790935474441e-06,7.006884559943219667e-06,7.085032148428119329e-06,7.103892221804781591e-06,6.948648569005178923e-06,7.055668238762996516e-06,7.005490904252228759e-06,7.149542678374169104e-06,6.962758236149570110e-06,7.306709891866372669e-06,7.126767497566142677e-06,7.119838065790479432e-06,7.032939294503682699e-06,7.032239565001370116e-06,7.033377434597915854e-06,7.119315612159341354e-06,6.969962667700872718e-06,7.224591883860066803e-06,7.081479086611727651e-06,7.036490152173447096e-06,6.983357268822382933e-06,7.036717212495344099e-06,6.930211016772804369e-06,6.996369795973902665e-06,6.955969314108242601e-06,7.030266485701152408e-06,7.159574758651929225e-06,7.061455859494249796e-06,6.899458618629404128e-06,6.963105720730775854e-06,6.958077778739152283e-06,7.005953626188147666e-06,6.862756921335164663e-06,6.914448790962690622e-06,6.982023473054034925e-06,7.069448292484607748e-06,6.982368934158531976e-06,6.968999243244527832e-06,6.939983668583920891e-06,6.875199812357827799e-06,6.825219939389718070e-06,6.822167503669430517e-06,6.892485908645576106e-06,6.787349936007180396e-06,6.812920413029249595e-06,6.769705576980234451e-06,6.822502486817022806e-06,6.869949230982549891e-06,6.642596662841442217e-06,6.742578585639693858e-06,6.677467302321163756e-06,6.792372856208252550e-06,6.663061544454678014e-06,6.540464837031975203e-06,6.536922354667737700e-06,6.522657654411208399e-06,6.525397970840154478e-06,6.483481613877621802e-06,6.332387105574100139e-06,6.353036246691450330e-06,6.161864699711862781e-06,6.461916542573617481e-06,6.272608265912725967e-06,6.357123916915178040e-06,6.386406510082502349e-06,6.216634609004516788e-06
7.002921951634520864e-06,6.859379573773818214e-06,6.984651736485038657e-06,6.993759417366340395e-06,7.026839047269763138e-06,7.132636029709017661e-06,7.085956655703417241e-06,7.143860831669587397e-06,7.014536717180965651e-06,7.076395329732077891e-06,7.061949118041240102e-06,7.051671636400396489e-06,6.980775202064379352e-06,7.175785871650115647e-06,7.044141281477992722e-06,7.124365533429776197e-06,7.128919619064536884e-06,6.992658488861982401e-06,7.068830239596284178e-06,7.047360913449261669e-06,7.178042058476769038e-06,6.978698633140090997e-06,7.320709165337148078e-06,7.157939847496809307e-06,7.136817900642007918e-06,7.049767168534710035e-06,7.042222258259885964e-06,7.059669287849045934e-06,7.117731235670416801e-06,6.976972814322964481e-06,7.236278295143402048e-06,7.076429254404405026e-06,7.030719167475749657e-06,6.977610758514080568e-06,7.034307086899686434e-06,6.932754396910682486e-06,6.983943359100688934e-06,6.953118089212477629e-06,7.024720975712458275e-06,7.141317830301113663e-06,7.063720679067649947e-06,6.911093816663135536e-06,6.961465048717909996e-06,6.959376923803881761e-06,6.996383195734704277e-06,6.865254253618662817e-06,6.913895425314820777e-06,6.959675233350686768e-06,6.982368934158531976e-06,7.047366052551057354e-06,6.960561166997682688e-06,6.931915719844975952e-06,6.873554280452503521e-06,6.817169359402424561e-06,6.800450369352272750e-06,6.884686571060507810e-06,6.787863268888905179e-06,6.810166660927526708e-06,6.761026933984092530e-06,6.827685361909913730e-06,6.863307025116357307e-06,6.643429246475266159e-06,6.724155844747032501e-06,6.665980948912158058e-06,6.793938260700754336e-06,6.643409170639743460e-06,6.523601350471761482e-06,6.534258024008508068e-06,6.511435398419226153e-06,6.518893922763234432e-06,6.457976093204194481e-06,6.307161838034107683e-06,6.344282077584598920e-06,6.155370140798720801e-06,6.459778052958324579e-06,6.274433845652942409e-06,6.355574348750970401e-06,6.383392905923986463e-06,6.211366732319591847e-06
6.950059175756504174e-06,6.793355679849475678e-06,6.916714060012547904e-06,6.930746208133580797e-06,6.966366526411839947e-06,7.073073472030461423e-06,7.031557268481451135e-06,7.091976819974249576e-06,6.954001351949531732e-06,7.017609489098945688e-06,7.026195283346905413e-06,7.000672636026618857e-06,6.941697297718057573e-06,7.125732277379261017e-06,7.007693858320375182e-06,7.073004267664852465e-06,7.107450019280188536e-06,6.935065377855285563e-06,7.042961055377248171e-06,7.006975192083799303e-06,7.130284914423695474e-06,6.940030385885804234e-06,7.286884220049698382e-06,7.105244643447595519e-06,7.103521646114118002e-06,7.031392907244681484e-06,7.014009080741724732e-06,7.019288431960105847e-06,7.100371853263579809e-06,6.935394045129940799e-06,7.209827503512556910e-06,7.047896630889457179e-06,6.999090748717056947e-06,6.965689440881632430e-06,7.006269307444621032e-06,6.917369574583419351e-06,6.968530061352863716e-06,6.918250778588705120e-06,7.022180500324883158e-06,7.130482861618275756e-06,7.031724217463135613e-06,6.902975341716789810e-06,6.929031364495527740e-06,6.941690282368530556e-06,6.989384861030720595e-06,6.840298549358352638e-06,6.878540160891745562e-06,6.955162371470491970e-06,6.968999243244527832e-06,6.960561166997682688e-06,7.017261983588928010e-06,6.920361880343315636e-06,6.861140897033499159e-06,6.806021133763616336e-06,6.783527466622108260e-06,6.880809497214992505e-06,6.789737787448088412e-06,6.800767591223632824e-06,6.758238413006618132e-06,6.808891356585422296e-06,6.852446425314642229e-06,6.633167351286449725e-06,6.739193907864236843e-06,6.663271271338629248e-06,6.791340646726733038e-06,6.644533506485743611e-06,6.548455058008940739e-06,6.529461838176469753e-06,6.516924697676938075e-06,6.521601741757785977e-06,6.480780822761528311e-06,6.337310949369823150e-06,6.357003752966171869e-06,6.187192323149283654e-06,6.464232078841718221e-06,6.288536962593394065e-06,6.384277160265862637e-06,6.397193322165975734e-06,6.237810017195655332e-06
7.022056055517009864e-06,6.873624955144370550e-06,6.992865301773802519e-06,6.993399319594389700e-06,7.006249464904649619e-06,7.124810233815851245e-06,7.070803718008792480e-06,7.124166779222170174e-06,6.997433141968263648e-06,7.071238633612978275e-06,7.051452517492376626e-06,7.034330372476725592e-06,6.962144745387415729e-06,7.162086031699839208e-06,7.026088512162809255e-06,7.089244693615202625e-06,7.112976639986576525e-06,6.932932917590676748e-06,7.047622660815427303e-06,6.998087607647319950e-06,7.136084877213245040e-06,6.946327281955853872e-06,7.305522877976807348e-06,7.088498663182538035e-06,7.093684737748753787e-06,7.022955949683151248e-06,6.973095124453302267e-06,7.011563094310738358e-06,7.084331475891650427e-06,6.935481518350123613e-06,7.190273473043728309e-06,7.022867054260810180e-06,6.977811159158462772e-06,6.934740622548287011e-06,6.981220974184910919e-06,6.886393773585960459e-06,6.941778265197255768e-06,6.887721874969610128e-06,6.987779342238787968e-06,7.102405350674518696e-06,6.995251855750782179e-06,6.851040224695305988e-06,6.902198970079635531e-06,6.902322437736392592e-06,6.942159270665424060e-06,6.812651154456408945e-06,6.875896511512327287e-06,6.927634376431518117e-06,6.939983668583920891e-06,6.931915719844975952e-06,6.920361880343315636e-06,6.947630192756387317e-06,6.826362210053180446e-06,6.770651803101390695e-06,6.744963416777004570e-06,6.837550528277982325e-06,6.750317684748331342e-06,6.771114691661284859e-06,6.727356092261597365e-06,6.773894002327638811e-06,6.818492659997415782e-06,6.599458434351590538e-06,6.698240538875405980e-06,6.622666599041313814e-06,6.741299364241444164e-06,6.632612419716418010e-06,6.494480972716092073e-06,6.490078671025288322e-06,6.472219004703509523e-06,6.489748122484656752e-06,6.423959829272258942e-06,6.261719922371210249e-06,6.329316566059014338e-06,6.119904360579157284e-06,6.433810524930017380e-06,6.227034294184936880e-06,6.327121668724996029e-06,6.347501553389886536e-06,6.169923627844605612e-06
6.983254198352042769e-06,6.826177832392270296e-06,6.943431724351979219e-06,6.945481899313473678e-06,6.970689070883971604e-06,7.068795052961024344e-06,7.034567454959536129e-06,7.091251903627038051e-06,6.955641150621733547e-06,7.020338076297506762e-06,7.007890990773506244e-06,6.988036608863693737e-06,6.927402800910861901e-06,7.107512272836111065e-06,6.973504178345243784e-06,7.037188713194005454e-06,7.067676647560672067e-06,6.906430253431634446e-06,6.991299332565214916e-06,6.958858046304076408e-06,7.087616197388389074e-06,6.883242390923233137e-06,7.191957960970345584e-06,7.051335703396993502e-06,7.046812821710015889e-06,6.975014144900893851e-06,6.959387483198966595e-06,6.960500526383294373e-06,7.041142797210008630e-06,6.886762210598192240e-06,7.149334041605594275e-06,6.978444438742068218e-06,6.940272823633694628e-06,6.889934375325653421e-06,6.918554933031140343e-06,6.835119033550026677e-06,6.885279478637705962e-06,6.846444201786105801e-06,6.922282254092443470e-06,7.042019996376089181e-06,6.949498899017772070e-06,6.817847659998000853e-06,6.832115070990709236e-06,6.836270590408394738e-06,6.886882907955655620e-06,6.756703866339169231e-06,6.813707492102348843e-06,6.864883645919637203e-06,6.875199812357827799e-06,6.873554280452503521e-06,6.861140897033499159e-06,6.826362210053180446e-06,6.841876798515524147e-06,6.724253466935812704e-06,6.709157148309241620e-06,6.798648746090587651e-06,6.692106564022439959e-06,6.719753934399793191e-06,6.688727725813907712e-06,6.734098986554924275e-06,6.775466426338765474e-06,6.564908706291401838e-06,6.656985624977521241e-06,6.586194082333460845e-06,6.709146604265572705e-06,6.573433878886908610e-06,6.435149499960631611e-06,6.452949943605248333e-06,6.433297538537250186e-06,6.443532917577232719e-06,6.386317015522690213e-06,6.228382390217585206e-06,6.279193522427888816e-06,6.089916678611313485e-06,6.392114658116734465e-06,6.208642333981775011e-06,6.284492453796252660e-06,6.329670988418138599e-06,6.162585119959025100e-06
6.847652376935090207e-06,6.695697522381316677e-06,6.824941974135567287e-06,6.815552167134622585e-06,6.857325176714365808e-06,6.969923258304977864e-06,6.910695024642590022e-06,6.970349054227102510e-06,6.846556746186283112e-06,6.907817540012469015e-06,6.898402061955595098e-06,6.888984171640152660e-06,6.816702406324853163e-06,7.004444281990588327e-06,6.879368962808838966e-06,6.939396216361271237e-06,6.955773547815127159e-06,6.828337208147917993e-06,6.912800416126963398e-06,6.884809723486946894e-06,6.993652881958278994e-06,6.809658374046559055e-06,7.137738251565541264e-06,6.976514305128936777e-06,6.968141169890784724e-06,6.887052480997765089e-06,6.877751943805118669e-06,6.895392948139790419e-06,6.952396421666862434e-06,6.817256972712337048e-06,7.067689461191143040e-06,6.918666922160309884e-06,6.865467250100980042e-06,6.822406107546388261e-06,6.872974309239957626e-06,6.769902193676310055e-06,6.824248727582978969e-06,6.780231045979390916e-06,6.870887143754543928e-06,6.990703193429124552e-06,6.894704519408549625e-06,6.734526609069515916e-06,6.789429307315646261e-06,6.796377659547067465e-06,6.832356362848323721e-06,6.696024190992740197e-06,6.745828835848161570e-06,6.814386372788726207e-06,6.825219939389718070e-06,6.817169359402424561e-06,6.806021133763616336e-06,6.770651803101390695e-06,6.724253466935812704e-06,6.737210902927805590e-06,6.663746221310818840e-06,6.744844251433586742e-06,6.652930106982558237e-06,6.665746535800681094e-06,6.623877063616903974e-06,6.681276445031287582e-06,6.735338460010895263e-06,6.498535472856390592e-06,6.598372309224354922e-06,6.541613126526981278e-06,6.655883790690676539e-06,6.537529863761278586e-06,6.404154216650139678e-06,6.392760369393423656e-06,6.390951155034792981e-06,6.400183895423974574e-06,6.358208248111148318e-06,6.202373531379233507e-06,6.217451653469564611e-06,6.046148624883984552e-06,6.336738586200488287e-06,6.174037339113978147e-06,6.246351646438357511e-06,6.270369436558742548e-06,6.116051595186979604e-06
6.869452794918566266e-06,6.717591234703844600e-06,6.847396273142520285e-06,6.841048008930488454e-06,6.877523895465665441e-06,6.987998146768788805e-06,6.927717936992651062e-06,6.993886685074629479e-06,6.866251282119484058e-06,6.917896501302069088e-06,6.919416680402094723e-06,6.896919568258573564e-06,6.843906993621377529e-06,7.007338639374687458e-06,6.889854636481271487e-06,6.945130248484437028e-06,6.964901056505597808e-06,6.826756383657476583e-06,6.920619104480205126e-06,6.881969896984256932e-06,7.005166796387065798e-06,6.816699558772786888e-06,7.117721511553941178e-06,6.969909914483245988e-06,6.956469180478486183e-06,6.890213559515597705e-06,6.884741045397323719e-06,6.883237358450362976e-06,6.952755973730490544e-06,6.814605046269241951e-06,7.058044323664847140e-06,6.902099736007844636e-06,6.857307347565254781e-06,6.813293048240635109e-06,6.864884015353577227e-06,6.772138421699874803e-06,6.828034988773490124e-06,6.769865971020877338e-06,6.848000998018595692e-06,6.970637075587499232e-06,6.884642942184934646e-06,6.733268996938006144e-06,6.757752045848237765e-06,6.780142216749627051e-06,6.819416942235986905e-06,6.683782322496440397e-06,6.730405278993488177e-06,6.797071711009737579e-06,6.822167503669430517e-06,6.800450369352272750e-06,6.783527466622108260e-06,6.744963416777004570e-06,6.709157148309241620e-06,6.663746221310818840e-06,6.717937814338611413e-06,6.745158022679646321e-06,6.634578119670113924e-06,6.658153583701724360e-06,6.614524860766499510e-06,6.665988583632927567e-06,6.728565528109178036e-06,6.506290959118831728e-06,6.601794555714701721e-06,6.531056751893544749e-06,6.638333299572472533e-06,6.522973345529859165e-06,6.391057944581280180e-06,6.395875643556419211e-06,6.377906554779567845e-06,6.393469839428609081e-06,6.351109204251632302e-06,6.182568296852022903e-06,6.216550335149025978e-06,6.039174384059688678e-06,6.339045528073436677e-06,6.170409931058565509e-06,6.235401328856010858e-06,6.271398360204864853e-06,6.116375581291491822e-06
6.955714626684098184e-06,6.798850696452800216e-06,6.928967128548938591e-06,6.933550509353404941e-06,6.974468580542089063e-06,7.066177085067716038e-06,7.012777254943702149e-06,7.068253163727033981e-06,6.936745431340310055e-06,7.001310071583201663e-06,7.000892985630183652e-06,6.982868491212437383e-06,6.915122526068577325e-06,7.102632358158862979e-06,6.974570413787770532e-06,7.024607561524804092e-06,7.054129294019133313e-06,6.909911029313685728e-06,6.989479357571250170e-06,6.960947896379097030e-06,7.073387198246961189e-06,6.900495415768494604e-06,7.201941007490802886e-06,7.060881188446186009e-06,7.046640583177073029e-06,6.970527920934894895e-06,6.967900912523026484e-06,6.968137800168872263e-06,7.026814655575584840e-06,6.877420638439960886e-06,7.141971737562781232e-06,6.980199867356098729e-06,6.919228960774651215e-06,6.892970454380483475e-06,6.936108042483818146e-06,6.850441856251036729e-06,6.911274195042290552e-06,6.853634295899112249e-06,6.956419771721350033e-06,7.064045820059571218e-06,6.972337138304969102e-06,6.830973829675267525e-06,6.859269475592812140e-06,6.864196547652245582e-06,6.920421791831502397e-06,6.779142515017670151e-06,6.825331606573886198e-06,6.875614232899932520e-06,6.892485908645576106e-06,6.884686571060507810e-06,6.880809497214992505e-06,6.837550528277982325e-06,6.798648746090587651e-06,6.744844251433586742e-06,6.745158022679646321e-06,6.899336981026315148e-06,6.716785046022257455e-06,6.745483435556312806e-06,6.704202412260237294e-06,6.759695052554068071e-06,6.822776671402693757e-06,6.587424554072928422e-06,6.689224972869014938e-06,6.635189849089526658e-06,6.759205913359123518e-06,6.635457476360629938e-06,6.500837280136074364e-06,6.512664313775170627e-06,6.488254482358316159e-06,6.503757978801623640e-06,6.460899395049675809e-06,6.318774862205619832e-06,6.337982204596879085e-06,6.190094931846150091e-06,6.436020368327992400e-06,6.299513387393073220e-06,6.364470023105440360e-06,6.387031124245251441e-06,6.241966910818216195e-06
7.102115475693242749e-06,6.925465043555511682e-06,7.043748784633858407e-06,7.044227955137567588e-06,7.058099248381617192e-06,7.153409608004811257e-06,7.074489062340256642e-06,7.145960578674271893e-06,6.996241523735366044e-06,7.056926281304401702e-06,7.050456783653585995e-06,7.011237107465983240e-06,6.944411799470699681e-06,7.109186105891270454e-06,6.984075255381097375e-06,7.001963653966365718e-06,7.047577998717243887e-06,6.902911863536741013e-06,6.989870408845575203e-06,6.919404412307128744e-06,7.047721148409024947e-06,6.868128828540986717e-06,7.196189584857144124e-06,6.987872548699446339e-06,7.014835226891928063e-06,6.946351944418265986e-06,6.895668513287349493e-06,6.921058836967022651e-06,6.973721586207605223e-06,6.828431032753922472e-06,7.066038224236347966e-06,6.906638886649065148e-06,6.857657218698565043e-06,6.810796971819899304e-06,6.846000031212912721e-06,6.773208512991481044e-06,6.800612007766159712e-06,6.758010071295215687e-06,6.847260266243356096e-06,6.958693295332123205e-06,6.857621715574153124e-06,6.710345927623108134e-06,6.744704598536309010e-06,6.753232544370039352e-06,6.808291879307635140e-06,6.674258046328030717e-06,6.721328697126689599e-06,6.766666636686136963e-06,6.787349936007180396e-06,6.787863268888905179e-06,6.789737787448088412e-06,6.750317684748331342e-06,6.692106564022439959e-06,6.652930106982558237e-06,6.634578119670113924e-06,6.716785046022257455e-06,6.728636371080651251e-06,6.646893659624414712e-06,6.604412797837632124e-06,6.676684708253308558e-06,6.725497843058941776e-06,6.518543172304991836e-06,6.608504864365493219e-06,6.537201543346779575e-06,6.659935221935853815e-06,6.554672661142090559e-06,6.405330596227383376e-06,6.395508840523949905e-06,6.392931144351988484e-06,6.418765142895873962e-06,6.343092618042751868e-06,6.189987720696172518e-06,6.276969264987790018e-06,6.056137697898426859e-06,6.386387757039674087e-06,6.172536440029329183e-06,6.271175244998837950e-06,6.296889068529011417e-06,6.128197372161625148e-06
6.944997369932516025e-06,6.786911023309139122e-06,6.909174826417057646e-06,6.901251551964640515e-06,6.931818074098113080e-06,7.033808978430626954e-06,6.971640974365481234e-06,7.028396606978832214e-06,6.901286065288751049e-06,6.961129202486917725e-06,6.973893132019515129e-06,6.924663153984160400e-06,6.870768147633878062e-06,7.060888051669824744e-06,6.918693982891411453e-06,6.979963594662414442e-06,6.995644198950385381e-06,6.838807538506292438e-06,6.936985924148139292e-06,6.897734961240415183e-06,7.014103143928373065e-06,6.850068664795278922e-06,7.163830244455890858e-06,6.986388616552458535e-06,6.987866772237972002e-06,6.911513651860142784e-06,6.881693035914561743e-06,6.908897206153593611e-06,6.953830478910667189e-06,6.811035335658533865e-06,7.065480012978362302e-06,6.901803585826663833e-06,6.856687877887010254e-06,6.808934455878116818e-06,6.847685529798763944e-06,6.767663347103073472e-06,6.804993597479870875e-06,6.772313156883471688e-06,6.863719479580994368e-06,6.971706862238069836e-06,6.868205330837138977e-06,6.731058526544075867e-06,6.763533486040877222e-06,6.780590477853178178e-06,6.818282058033944355e-06,6.680993686323523634e-06,6.744191062690716117e-06,6.799295604312117240e-06,6.812920413029249595e-06,6.810166660927526708e-06,6.800767591223632824e-06,6.771114691661284859e-06,6.719753934399793191e-06,6.665746535800681094e-06,6.658153583701724360e-06,6.745483435556312806e-06,6.646893659624414712e-06,6.728895437713138565e-06,6.644406794414804046e-06,6.692118276092796343e-06,6.748052588337461515e-06,6.533766376361633964e-06,6.622565158343387104e-06,6.565897678493035372e-06,6.684584131224623452e-06,6.573926830517188140e-06,6.448426746597209256e-06,6.425995034729603219e-06,6.430128430999928816e-06,6.420783363684779025e-06,6.369449618818801921e-06,6.231865245131458270e-06,6.275796568730656926e-06,6.114607998565627720e-06,6.384851424596337061e-06,6.214532716594260582e-06,6.298850412916322001e-06,6.323119833482071776e-06,6.149138566309485990e-06
6.789374424698257679e-06,6.646588570716964966e-06,6.779281499472224632e-06,6.782368244769720928e-06,6.800354723602407625e-06,6.924943274243615603e-06,6.871112065222341268e-06,6.918709479140851952e-06,6.792606003727882359e-06,6.872795240032312790e-06,6.870922748015886607e-06,6.834853507265552873e-06,6.773554834173283559e-06,6.974389159168942248e-06,6.829401662976356762e-06,6.897619639547799521e-06,6.908664595463564215e-06,6.764465496006045674e-06,6.860800880319304569e-06,6.809463638961164924e-06,6.945826888238741927e-06,6.764312943668866152e-06,7.070453654244473316e-06,6.918469222047643348e-06,6.911680728016651617e-06,6.831928255292459594e-06,6.826723302922612255e-06,6.848914610741237721e-06,6.902936603779466310e-06,6.755537521994219323e-06,7.007799082142995159e-06,6.841709813635870162e-06,6.804773194265241179e-06,6.762104445466147588e-06,6.789085625481603226e-06,6.718479563751367149e-06,6.753779999625098887e-06,6.711308071367367260e-06,6.811606134799737749e-06,6.932599711425727895e-06,6.814318736564345352e-06,6.682982191193390002e-06,6.718959107002322945e-06,6.735983085319233924e-06,6.775956816764808976e-06,6.649407765678596556e-06,6.705553894127378137e-06,6.750181225997435666e-06,6.769705576980234451e-06,6.761026933984092530e-06,6.758238413006618132e-06,6.727356092261597365e-06,6.688727725813907712e-06,6.623877063616903974e-06,6.614524860766499510e-06,6.704202412260237294e-06,6.604412797837632124e-06,6.644406794414804046e-06,6.670091923838406255e-06,6.668589585363304928e-06,6.702353992794718030e-06,6.492588808334259056e-06,6.594091272054011687e-06,6.541129929248423305e-06,6.654134806596306753e-06,6.531861619179194785e-06,6.415245131780696214e-06,6.403141097674167126e-06,6.400538127920318966e-06,6.409937845886653960e-06,6.343989309253058531e-06,6.212549752817150764e-06,6.252132932355564377e-06,6.089361658844746937e-06,6.369396974070430565e-06,6.185037959093953975e-06,6.269827810719577747e-06,6.307593617116212498e-06,6.145064155092152454e-06
6.981059384548802818e-06,6.821149966787613579e-06,6.942870269996860040e-06,6.944315030740970279e-06,6.963483860280716686e-06,7.082909566114564337e-06,7.012422798294625046e-06,7.078986826579712495e-06,6.937710820896807515e-06,7.021248548918460836e-06,7.012442329048278022e-06,6.966414920097715239e-06,6.904453561708836262e-06,7.090405913193101991e-06,6.949660160884022915e-06,7.001822133817656318e-06,7.018827694623805372e-06,6.879588020639986239e-06,6.976613209007259279e-06,6.916334060761683847e-06,7.057454441726739861e-06,6.871584655967328055e-06,7.185772606851565242e-06,7.017503321778342620e-06,7.014108637793533703e-06,6.944432935935237551e-06,6.916810777437750883e-06,6.931240831329616316e-06,6.988418530787089233e-06,6.829095322150912628e-06,7.100724033585169202e-06,6.926334608866619992e-06,6.887386821677526258e-06,6.839505811898703144e-06,6.857465722112657024e-06,6.793715399119186345e-06,6.825751207927155140e-06,6.789156367717526642e-06,6.869263630002132004e-06,6.973189608295779665e-06,6.876356400432521444e-06,6.740347840077227781e-06,6.767743704919722509e-06,6.788099977094436218e-06,6.830141778189606398e-06,6.695946106180145999e-06,6.762305414130186405e-06,6.802126025492662655e-06,6.822502486817022806e-06,6.827685361909913730e-06,6.808891356585422296e-06,6.773894002327638811e-06,6.734098986554924275e-06,6.681276445031287582e-06,6.665988583632927567e-06,6.759695052554068071e-06,6.676684708253308558e-06,6.692118276092796343e-06,6.668589585363304928e-06,6.785301024482090893e-06,6.759636099179561054e-06,6.555259791901934327e-06,6.639494854459580479e-06,6.593608535598575320e-06,6.699168326410935323e-06,6.595785722531057579e-06,6.476702531665606262e-06,6.458446292291476393e-06,6.457093328717541006e-06,6.461989541000836225e-06,6.386876382143264485e-06,6.257381010395149284e-06,6.325156522523543082e-06,6.120339660846783875e-06,6.431051046610605525e-06,6.240941800976362011e-06,6.327456039788622687e-06,6.357114221662048050e-06,6.190911948044071997e-06
7.074244117961710847e-06,6.897639949799882650e-06,7.038623158109249654e-06,7.028398905828695599e-06,7.065334320199410103e-06,7.164106835329072366e-06,7.087878475461778108e-06,7.141143072023237164e-06,7.011042117546462117e-06,7.087862600026437807e-06,7.084933917650436417e-06,7.033967326584347034e-06,6.986042703731547746e-06,7.153942616956038281e-06,7.038254778522538103e-06,7.066433991822242800e-06,7.091379384645352025e-06,6.942024683562445601e-06,7.030949228311614265e-06,6.983256995586908788e-06,7.110438598410848433e-06,6.935427897041837916e-06,7.233126770431512207e-06,7.063810170969356650e-06,7.074643730898828182e-06,6.998962164389855174e-06,6.965463150217119958e-06,6.981361254178375011e-06,7.024885194767940972e-06,6.883800489126033030e-06,7.128319021876393091e-06,6.967821082954749751e-06,6.929751338742298594e-06,6.879449368107940036e-06,6.920391090239808078e-06,6.830832649659356760e-06,6.867957109330045845e-06,6.818142077899118753e-06,6.926079834318901093e-06,7.032592057926671515e-06,6.938574693704502227e-06,6.776911962064453546e-06,6.816919231390724329e-06,6.843085040079990100e-06,6.884964820207632352e-06,6.742827674789692484e-06,6.807894425196734487e-06,6.847544511353620456e-06,6.869949230982549891e-06,6.863307025116357307e-06,6.852446425314642229e-06,6.818492659997415782e-06,6.775466426338765474e-06,6.735338460010895263e-06,6.728565528109178036e-06,6.822776671402693757e-06,6.725497843058941776e-06,6.748052588337461515e-06,6.702353992794718030e-06,6.759636099179561054e-06,6.866800919150484401e-06,6.600470978391391184e-06,6.684208699003991003e-06,6.641609110929704508e-06,6.761153648772865208e-06,6.655676909097457556e-06,6.513491574468950169e-06,6.497298079157838607e-06,6.491944674436808648e-06,6.500874621075594340e-06,6.427285790071486806e-06,6.287041336790542762e-06,6.347332596636820824e-06,6.145053624103620242e-06,6.461295240044187134e-06,6.271691437894918880e-06,6.362958257070754765e-06,6.385339662166152043e-06,6.216645221302322516e-06
6.761160221624555689e-06,6.602955022354827007e-06,6.723300254059350685e-06,6.725251550496796275e-06,6.752821887560965618e-06,6.858718809798880835e-06,6.803896190893350543e-06,6.863856241717743132e-06,6.735449511319333596e-06,6.806723037474065718e-06,6.804440397547662201e-06,6.754869463434001246e-06,6.718233033808000164e-06,6.895373090404277479e-06,6.756925859830367093e-06,6.815028914509401840e-06,6.828506121882361424e-06,6.693284939081645970e-06,6.772217695875584375e-06,6.724446114601600635e-06,6.871701751479837278e-06,6.706877446090300310e-06,7.044957749809790009e-06,6.835276239957519403e-06,6.849742906511822448e-06,6.754344679406042015e-06,6.720281323104786409e-06,6.758579740726579525e-06,6.789424696952320379e-06,6.641102966836933557e-06,6.899435337659050215e-06,6.721676414519740842e-06,6.701843279116677008e-06,6.636808368964657446e-06,6.671216545222010675e-06,6.602478182707041001e-06,6.632921258288906298e-06,6.597181849549714041e-06,6.696458456110048461e-06,6.801618431372170892e-06,6.703356320510901479e-06,6.565151195342232163e-06,6.575039213572202510e-06,6.604239664232109164e-06,6.646263791313271587e-06,6.514632078294808081e-06,6.587295332890292639e-06,6.622551775183453783e-06,6.642596662841442217e-06,6.643429246475266159e-06,6.633167351286449725e-06,6.599458434351590538e-06,6.564908706291401838e-06,6.498535472856390592e-06,6.506290959118831728e-06,6.587424554072928422e-06,6.518543172304991836e-06,6.533766376361633964e-06,6.492588808334259056e-06,6.555259791901934327e-06,6.600470978391391184e-06,6.454062124621559552e-06,6.492224287041764630e-06,6.443693335764900284e-06,6.554434559595755524e-06,6.446917065450524564e-06,6.354959996071109556e-06,6.334877144630919480e-06,6.308653561582408679e-06,6.317942447195452458e-06,6.246530213109179631e-06,6.104511397823564529e-06,6.175052765294898796e-06,6.018689498532012384e-06,6.277206511272843098e-06,6.107703011733970991e-06,6.188483440803837849e-06,6.220746091925043850e-06,6.040897894295651165e-06
6.810311588890438242e-06,6.668432987963051778e-06,6.796562278167433881e-06,6.787449511435128600e-06,6.820883863518078179e-06,6.928399982883189140e-06,6.863530610901219643e-06,6.913267272929330055e-06,6.793933527097261027e-06,6.861502795775838504e-06,6.868633985107248466e-06,6.826690655896928998e-06,6.781534968559414439e-06,6.946524234733963294e-06,6.818552173890078601e-06,6.873479626150352501e-06,6.898682545905347154e-06,6.760887096131965748e-06,6.856851205516738666e-06,6.797741122843555912e-06,6.921190778170657778e-06,6.774777532988045451e-06,7.078606353221122974e-06,6.905320276844734151e-06,6.909670762086427559e-06,6.816669932005039930e-06,6.800902288472459956e-06,6.822133963365796194e-06,6.879661850253160212e-06,6.722001255884242442e-06,6.988755405008512491e-06,6.815777952370507132e-06,6.784441016206342653e-06,6.750380188385536694e-06,6.769545790883142412e-06,6.697796889668015603e-06,6.727702376386371664e-06,6.687547025636160429e-06,6.794966026325831930e-06,6.896057028172255482e-06,6.793888229290808273e-06,6.670627932382612643e-06,6.674922315769050844e-06,6.703871479725470035e-06,6.768610132464100145e-06,6.618083668291782360e-06,6.668154662808267665e-06,6.717852616218436819e-06,6.742578585639693858e-06,6.724155844747032501e-06,6.739193907864236843e-06,6.698240538875405980e-06,6.656985624977521241e-06,6.598372309224354922e-06,6.601794555714701721e-06,6.689224972869014938e-06,6.608504864365493219e-06,6.622565158343387104e-06,6.594091272054011687e-06,6.639494854459580479e-06,6.684208699003991003e-06,6.492224287041764630e-06,6.655116421123323113e-06,6.537736881227821745e-06,6.664005772901325466e-06,6.547181046509717993e-06,6.455470255632510478e-06,6.416462877430378511e-06,6.408768997707792200e-06,6.420706913350969986e-06,6.372954494676207688e-06,6.234426933421290630e-06,6.273934142526732258e-06,6.178188068234536550e-06,6.376413769310318065e-06,6.221414038641794904e-06,6.297259312366259205e-06,6.316411912800232901e-06,6.167225190153037795e-06
6.718129186665518754e-06,6.565521114695942818e-06,6.712257769852872075e-06,6.703692682924943254e-06,6.740842688901093725e-06,6.858537478076335734e-06,6.787936315429433389e-06,6.841127661219815949e-06,6.720072784394418135e-06,6.788875640250746383e-06,6.796059137269821851e-06,6.746806435078655565e-06,6.695406631337771652e-06,6.898561451570391493e-06,6.755246383824679263e-06,6.800240025572387122e-06,6.826016041649080937e-06,6.691358560424983987e-06,6.769965322423363766e-06,6.722152632764929941e-06,6.844308713460220533e-06,6.718013496416559505e-06,6.993992828770468054e-06,6.832746315218003631e-06,6.826391449317823900e-06,6.755443183531025487e-06,6.736636452162757061e-06,6.766069593234607403e-06,6.793147530115337576e-06,6.648986702039325659e-06,6.917508928382437530e-06,6.738115558189108385e-06,6.706252235049975912e-06,6.684403239374004331e-06,6.681772699034963283e-06,6.605307308111034089e-06,6.645909326456380004e-06,6.609305844121723716e-06,6.731965834487612758e-06,6.829364792881981919e-06,6.723505018425497126e-06,6.599781686431011613e-06,6.598242510243296696e-06,6.623074939910244471e-06,6.701722309687680709e-06,6.542536684008796564e-06,6.610191252588236293e-06,6.639467375633764075e-06,6.677467302321163756e-06,6.665980948912158058e-06,6.663271271338629248e-06,6.622666599041313814e-06,6.586194082333460845e-06,6.541613126526981278e-06,6.531056751893544749e-06,6.635189849089526658e-06,6.537201543346779575e-06,6.565897678493035372e-06,6.541129929248423305e-06,6.593608535598575320e-06,6.641609110929704508e-06,6.443693335764900284e-06,6.537736881227821745e-06,6.570684751312521165e-06,6.602825693701463181e-06,6.506353917045283750e-06,6.428183351858351835e-06,6.385976270482214197e-06,6.379013976616301299e-06,6.381120640847927519e-06,6.313907791747054059e-06,6.211274875923458779e-06,6.242831548743818020e-06,6.137776025264627155e-06,6.344278658644126898e-06,6.193243554923938956e-06,6.274571627841296544e-06,6.303722419819180389e-06,6.134461150519500748e-06
6.902401201434693698e-06,6.734889370590440273e-06,6.878180984371009016e-06,6.873179635042147969e-06,6.925727868152268896e-06,7.002869258994288336e-06,6.942263836556047596e-06,6.991842096192386533e-06,6.848302766245844762e-06,6.941287101602856687e-06,6.942713751672876247e-06,6.901067844651993991e-06,6.838463182399223886e-06,7.033415821771682564e-06,6.887569548197840633e-06,6.936849754256625654e-06,6.965438332825109166e-06,6.837869162679894654e-06,6.918157887731038047e-06,6.870727551027802816e-06,6.992330099989860464e-06,6.856166131583617305e-06,7.146496152594384738e-06,6.962069064216834741e-06,6.986612414824994507e-06,6.894909681223401246e-06,6.879904616044959443e-06,6.901969504658914199e-06,6.938145088606440632e-06,6.781727515724896492e-06,7.053016917248836596e-06,6.862912528361664110e-06,6.835311687920585217e-06,6.795468178489117445e-06,6.815809949216636741e-06,6.745658111096170259e-06,6.779682299015507399e-06,6.733569777619424343e-06,6.853463646305524100e-06,6.952126770164355963e-06,6.852506063565545801e-06,6.728230053517092310e-06,6.728475678316381319e-06,6.752148466471674064e-06,6.831863518558096227e-06,6.671636117739307549e-06,6.723270172454008256e-06,6.760635301253569644e-06,6.792372856208252550e-06,6.793938260700754336e-06,6.791340646726733038e-06,6.741299364241444164e-06,6.709146604265572705e-06,6.655883790690676539e-06,6.638333299572472533e-06,6.759205913359123518e-06,6.659935221935853815e-06,6.684584131224623452e-06,6.654134806596306753e-06,6.699168326410935323e-06,6.761153648772865208e-06,6.554434559595755524e-06,6.664005772901325466e-06,6.602825693701463181e-06,6.822761812578234763e-06,6.631135617107231672e-06,6.542447478440836491e-06,6.507902242945081526e-06,6.499820907718032092e-06,6.500959628846563454e-06,6.443475867648463047e-06,6.339613599855429724e-06,6.363296256264062199e-06,6.296766359425712033e-06,6.463367262869696015e-06,6.338236303537676840e-06,6.407009184537455204e-06,6.426569803123689105e-06,6.284719237945066373e-06
6.978551281965350922e-06,6.793354217233144427e-06,6.924739062320443985e-06,6.904356760307286797e-06,6.941351696714545400e-06,7.022226554587479873e-06,6.942279498070115233e-06,7.001542177141056194e-06,6.852618679390864981e-06,6.932860139809826679e-06,6.931820994755314513e-06,6.876320403582139620e-06,6.820008781319062396e-06,6.992510710322803898e-06,6.846102232962726666e-06,6.869570788496764247e-06,6.898052681844789847e-06,6.768710602643148106e-06,6.871724661094523993e-06,6.782877183192487203e-06,6.917934453077591409e-06,6.777766766625957001e-06,7.093862375083447524e-06,6.860394667870089845e-06,6.899422816518350422e-06,6.808603473116577693e-06,6.763802275742306043e-06,6.814668033162320874e-06,6.815555815135238906e-06,6.678097341557729744e-06,6.933189073371902123e-06,6.748767045479606434e-06,6.726716596758883888e-06,6.692454228968718826e-06,6.694090908180402395e-06,6.636589679992092056e-06,6.649720395303334801e-06,6.596525695394586066e-06,6.738752362623744427e-06,6.810371166846994683e-06,6.710662361371364781e-06,6.590186353675613773e-06,6.591037534279568384e-06,6.609180391417894598e-06,6.691907280891160379e-06,6.551592730663108823e-06,6.593486190589842132e-06,6.630546762775647861e-06,6.663061544454678014e-06,6.643409170639743460e-06,6.644533506485743611e-06,6.632612419716418010e-06,6.573433878886908610e-06,6.537529863761278586e-06,6.522973345529859165e-06,6.635457476360629938e-06,6.554672661142090559e-06,6.573926830517188140e-06,6.531861619179194785e-06,6.595785722531057579e-06,6.655676909097457556e-06,6.446917065450524564e-06,6.547181046509717993e-06,6.506353917045283750e-06,6.631135617107231672e-06,6.603230636660119358e-06,6.450777527322553150e-06,6.398527019485778148e-06,6.416192440494476844e-06,6.414782075449233521e-06,6.349331832838965581e-06,6.239044312712935475e-06,6.296640244559393124e-06,6.228843904735834882e-06,6.378816374605959875e-06,6.256230433183076101e-06,6.323514002632583973e-06,6.342876337339721096e-06,6.198593401979377109e-06
6.440917185333941475e-06,6.304637235385462065e-06,6.434965210111365369e-06,6.445369226497545580e-06,6.488217629484114357e-06,6.603768786407534917e-06,6.568506486759467427e-06,6.593065903554892247e-06,6.495668367446159824e-06,6.600881641274816857e-06,6.590969637359759407e-06,6.542109895470777112e-06,6.513520474820592735e-06,6.718133985180232552e-06,6.555428649043025046e-06,6.628668709119437203e-06,6.693805570545327283e-06,6.558427826626947212e-06,6.629846495571061384e-06,6.608679878473679454e-06,6.747351928163916205e-06,6.705925195691493613e-06,7.140950893892732452e-06,6.760949175072091093e-06,6.778990553886434118e-06,6.611371907602008951e-06,6.606221008167773015e-06,6.669612200792620244e-06,6.642265224227766285e-06,6.497234550416848201e-06,6.799577580729938762e-06,6.589708520003430671e-06,6.575988958439384137e-06,6.602114655491976404e-06,6.533736140940299779e-06,6.478654499806942583e-06,6.511779290599771436e-06,6.481828009650443156e-06,6.702571504542041761e-06,6.673830642641084018e-06,6.601059310360298370e-06,6.519204680128392639e-06,6.490400273399973380e-06,6.501716827914481433e-06,6.630252044496891515e-06,6.391926225472131401e-06,6.462688034644841502e-06,6.511145875812773726e-06,6.540464837031975203e-06,6.523601350471761482e-06,6.548455058008940739e-06,6.494480972716092073e-06,6.435149499960631611e-06,6.404154216650139678e-06,6.391057944581280180e-06,6.500837280136074364e-06,6.405330596227383376e-06,6.448426746597209256e-06,6.415245131780696214e-06,6.476702531665606262e-06,6.513491574468950169e-06,6.354959996071109556e-06,6.455470255632510478e-06,6.428183351858351835e-06,6.542447478440836491e-06,6.450777527322553150e-06,6.636190073762360120e-06,6.360736390610511716e-06,6.422437473211815413e-06,6.377508214422440606e-06,6.381538117230897693e-06,6.273852566527835640e-06,6.226654159507234113e-06,6.441913654335022579e-06,6.321870433237902953e-06,6.312184565953411937e-06,6.291430352196924581e-06,6.347470619417259483e-06,6.170309604525842005e-06
6.540636615053250472e-06,6.398214148960914061e-06,6.535229043908929163e-06,6.522759608788684717e-06,6.579594070969149215e-06,6.680033278477850469e-06,6.620142518804834416e-06,6.662463497530812880e-06,6.542497840750555299e-06,6.633325906685468439e-06,6.615860980718807364e-06,6.593838380829064171e-06,6.542035123401010635e-06,6.734251440470656480e-06,6.589095847086500716e-06,6.667826372329738366e-06,6.684904611574657687e-06,6.549776422726181437e-06,6.620926242348071787e-06,6.581974342601190247e-06,6.729392248528234459e-06,6.604228724356992863e-06,6.941423445748830030e-06,6.689473611026678317e-06,6.713926495707554016e-06,6.591763775525160985e-06,6.593398680891879665e-06,6.627992719903710738e-06,6.644247936101374689e-06,6.474688380533554329e-06,6.777681136131393125e-06,6.591222156000080470e-06,6.559931069152273249e-06,6.539132719944050824e-06,6.534760369198879326e-06,6.475837733594293013e-06,6.507112309500257232e-06,6.465702888942192951e-06,6.602963047167859513e-06,6.662445420271773865e-06,6.592613562619809643e-06,6.469903492244305531e-06,6.466329460413628172e-06,6.480330455403540541e-06,6.576778046347876914e-06,6.402918760883406665e-06,6.454260633281748575e-06,6.500418743217995327e-06,6.536922354667737700e-06,6.534258024008508068e-06,6.529461838176469753e-06,6.490078671025288322e-06,6.452949943605248333e-06,6.392760369393423656e-06,6.395875643556419211e-06,6.512664313775170627e-06,6.395508840523949905e-06,6.425995034729603219e-06,6.403141097674167126e-06,6.458446292291476393e-06,6.497298079157838607e-06,6.334877144630919480e-06,6.416462877430378511e-06,6.385976270482214197e-06,6.507902242945081526e-06,6.398527019485778148e-06,6.360736390610511716e-06,6.384707349805143271e-06,6.303082765646067501e-06,6.309899504690486260e-06,6.260567313712297266e-06,6.161641804501177572e-06,6.150948040002512765e-06,6.181010234304864362e-06,6.237225003370594212e-06,6.163380041255721001e-06,6.185329771093533179e-06,6.231208764907239811e-06,6.072868570188563124e-06
6.556886018707760144e-06,6.396583593383395883e-06,6.536847723153220887e-06,6.543913979219714555e-06,6.588255604394540730e-06,6.671674619870502905e-06,6.632104101174154999e-06,6.661705626030217023e-06,6.532264019555084556e-06,6.617714878758912877e-06,6.623378609668461240e-06,6.588434360090804912e-06,6.545858253459751221e-06,6.737897583799565774e-06,6.581943014708000962e-06,6.633929647705801846e-06,6.678888196958548726e-06,6.542956191078175932e-06,6.636808582265309070e-06,6.598824612619321009e-06,6.704853064014280928e-06,6.628680862626692558e-06,6.992999214574661574e-06,6.695630672129230320e-06,6.714323583635468602e-06,6.592964245147478624e-06,6.590950088445522683e-06,6.648108538388328377e-06,6.626976572853281899e-06,6.494596651104838396e-06,6.764736160410841146e-06,6.579574445735069609e-06,6.561857018432765602e-06,6.558760293517488485e-06,6.516060948847992180e-06,6.458689910552033948e-06,6.495153895134602241e-06,6.462091991981543255e-06,6.629811487288857174e-06,6.640933635809967162e-06,6.565670418209338829e-06,6.479032861984428273e-06,6.448440401057613781e-06,6.457564968250083716e-06,6.584301483079917754e-06,6.381938274528137295e-06,6.431049774721258142e-06,6.487901213500423909e-06,6.522657654411208399e-06,6.511435398419226153e-06,6.516924697676938075e-06,6.472219004703509523e-06,6.433297538537250186e-06,6.390951155034792981e-06,6.377906554779567845e-06,6.488254482358316159e-06,6.392931144351988484e-06,6.430128430999928816e-06,6.400538127920318966e-06,6.457093328717541006e-06,6.491944674436808648e-06,6.308653561582408679e-06,6.408768997707792200e-06,6.379013976616301299e-06,6.499820907718032092e-06,6.416192440494476844e-06,6.422437473211815413e-06,6.303082765646067501e-06,6.400455706688263406e-06,6.314462270604969559e-06,6.298400148935304606e-06,6.181860289281385508e-06,6.173044745365529465e-06,6.280964875170906094e-06,6.261787140388919689e-06,6.224847692557546617e-06,6.218311476522135621e-06,6.257639962597339424e-06,6.127088853148010825e-06
6.772156668828278027e-06,6.596238319038173479e-06,6.717199802049790879e-06,6.722153776041128344e-06,6.732049773748069969e-06,6.817834063458242045e-06,6.760078943823407754e-06,6.795145268707983016e-06,6.667619548187422649e-06,6.755323277593318613e-06,6.745892416978668312e-06,6.691109484337454829e-06,6.635127832559663005e-06,6.824743470794964554e-06,6.676047411575827656e-06,6.702887901209241562e-06,6.743207466201683477e-06,6.614912043824256798e-06,6.691781905363657436e-06,6.627987942584333718e-06,6.753561743652142361e-06,6.637111332376582775e-06,6.955928328081270297e-06,6.713459907285686966e-06,6.744388700742223896e-06,6.634478047661001063e-06,6.602195713727861432e-06,6.651120802751008647e-06,6.671109068825069204e-06,6.527783642950568486e-06,6.781310433787853113e-06,6.617146518410738246e-06,6.582010433429573484e-06,6.564849800718261534e-06,6.534786627148348900e-06,6.488758282528295824e-06,6.532369107991536111e-06,6.477939393106051402e-06,6.610842026347546161e-06,6.662329583842352235e-06,6.581762004309819294e-06,6.479677145465390796e-06,6.462160587741187719e-06,6.480283688683906830e-06,6.579444831270212563e-06,6.402028425775186717e-06,6.443966661323901722e-06,6.480440075692908983e-06,6.525397970840154478e-06,6.518893922763234432e-06,6.521601741757785977e-06,6.489748122484656752e-06,6.443532917577232719e-06,6.400183895423974574e-06,6.393469839428609081e-06,6.503757978801623640e-06,6.418765142895873962e-06,6.420783363684779025e-06,6.409937845886653960e-06,6.461989541000836225e-06,6.500874621075594340e-06,6.317942447195452458e-06,6.420706913350969986e-06,6.381120640847927519e-06,6.500959628846563454e-06,6.414782075449233521e-06,6.377508214422440606e-06,6.309899504690486260e-06,6.314462270604969559e-06,6.380574556523308789e-06,6.281687285318595212e-06,6.156773956768574870e-06,6.190897098401080844e-06,6.221397103684899436e-06,6.274030402691660365e-06,6.218122621325287355e-06,6.238134021840180553e-06,6.269492826159902761e-06,6.151334568421953604e-06
6.358457254491120218e-06,6.224736541582260803e-06,6.348072133091577676e-06,6.332340095531304583e-06,6.398157314245619177e-06,6.512314572694883193e-06,6.453534761070718269e-06,6.493683762413277902e-06,6.383313090335415083e-06,6.463907209957138187e-06,6.452693621718159119e-06,6.441973308557465902e-06,6.407443916586508812e-06,6.572618818399539348e-06,6.433577722900213895e-06,6.520061294776255762e-06,6.553872247635533758e-06,6.447762693265904396e-06,6.527893099799637492e-06,6.509099795680403213e-06,6.577842388963581258e-06,6.521563161809096927e-06,6.842418751332994762e-06,6.596684710507559611e-06,6.595451118374040141e-06,6.493956698478740736e-06,6.506553563857826576e-06,6.546197347051026865e-06,6.555035273956070940e-06,6.407341526673336682e-06,6.688366496780379717e-06,6.531733813850799933e-06,6.467455771435159878e-06,6.520938184009237875e-06,6.476892496089761430e-06,6.421033595472818043e-06,6.460807519601834592e-06,6.425694299468129612e-06,6.597482932301499116e-06,6.609011293104832130e-06,6.542068665258950417e-06,6.468349706859346338e-06,6.422690838828396896e-06,6.432540224645408658e-06,6.557773663336538039e-06,6.347910585416343369e-06,6.366515079556776897e-06,6.444193376646658588e-06,6.483481613877621802e-06,6.457976093204194481e-06,6.480780822761528311e-06,6.423959829272258942e-06,6.386317015522690213e-06,6.358208248111148318e-06,6.351109204251632302e-06,6.460899395049675809e-06,6.343092618042751868e-06,6.369449618818801921e-06,6.343989309253058531e-06,6.386876382143264485e-06,6.427285790071486806e-06,6.246530213109179631e-06,6.372954494676207688e-06,6.313907791747054059e-06,6.443475867648463047e-06,6.349331832838965581e-06,6.381538117230897693e-06,6.260567313712297266e-06,6.298400148935304606e-06,6.281687285318595212e-06,6.386999807115157351e-06,6.208819685001756642e-06,6.123343227652629242e-06,6.300466210386431782e-06,6.212178487597959516e-06,6.238759073737216364e-06,6.197599135355848389e-06,6.237466699102106015e-06,6.134282139791677205e-06
6.201441087940355757e-06,6.069692224100662505e-06,6.202487522156736419e-06,6.179072643319580263e-06,6.257537530976482658e-06,6.358050544938138449e-06,6.314036931447506408e-06,6.348294938758550102e-06,6.231932981419877296e-06,6.322424986343868720e-06,6.306296901575783098e-06,6.297126281119745223e-06,6.257717078081394508e-06,6.433941933840775806e-06,6.278100212300736087e-06,6.376361525570273120e-06,6.404732779647776348e-06,6.295112462829161165e-06,6.371237126862712670e-06,6.340394614679103207e-06,6.421709317218636660e-06,6.358353633644655408e-06,6.631554884377714426e-06,6.436574956155813956e-06,6.450394678925450060e-06,6.333522934474689102e-06,6.365195167346865497e-06,6.404789914580386670e-06,6.386827659592990880e-06,6.248134395316718206e-06,6.548388470000381751e-06,6.377158417731642435e-06,6.326760759824316995e-06,6.356666265560445676e-06,6.337944215827004751e-06,6.252190073051289463e-06,6.288591451179670757e-06,6.255555205632916475e-06,6.440328083445764959e-06,6.462590341685650487e-06,6.385073413499164224e-06,6.307605627057301513e-06,6.249734090879276375e-06,6.282870379713349796e-06,6.413536669383195604e-06,6.214944913864424405e-06,6.216558551089458544e-06,6.277031150287462570e-06,6.332387105574100139e-06,6.307161838034107683e-06,6.337310949369823150e-06,6.261719922371210249e-06,6.228382390217585206e-06,6.202373531379233507e-06,6.182568296852022903e-06,6.318774862205619832e-06,6.189987720696172518e-06,6.231865245131458270e-06,6.212549752817150764e-06,6.257381010395149284e-06,6.287041336790542762e-06,6.104511397823564529e-06,6.234426933421290630e-06,6.211274875923458779e-06,6.339613599855429724e-06,6.239044312712935475e-06,6.273852566527835640e-06,6.161641804501177572e-06,6.181860289281385508e-06,6.156773956768574870e-06,6.208819685001756642e-06,6.203927252139704722e-06,6.047530099985888049e-06,6.278762038419960276e-06,6.109287821820699406e-06,6.157737147125210636e-06,6.119985846753798724e-06,6.165960544836207806e-06,6.072963425315074143e-06
6.687718349412785314e-06,6.513779409978637679e-06,6.630864791739083026e-06,6.625437670717682313e-06,6.635420087625088027e-06,6.708959770854666431e-06,6.633190060803493144e-06,6.682600374043939051e-06,6.551765855670241093e-06,6.625111202368144318e-06,6.639418393222007790e-06,6.566472840043297242e-06,6.513905176470833155e-06,6.696395123921701601e-06,6.546314585018988972e-06,6.538527109855594048e-06,6.595264838871003892e-06,6.474161950463238115e-06,6.550279182663608669e-06,6.458667094637995331e-06,6.582581125788150093e-06,6.478803377768137321e-06,6.737876630173179735e-06,6.534532303440870318e-06,6.578971041034979403e-06,6.498491240194972694e-06,6.453801079414489792e-06,6.505114544526292077e-06,6.513848403648875236e-06,6.368837356771065418e-06,6.633452561977158665e-06,6.449889375308303862e-06,6.419545960710190510e-06,6.407792558799661129e-06,6.388775162424350838e-06,6.334839372176667347e-06,6.340254519391541794e-06,6.294915902692797512e-06,6.432782248190198320e-06,6.474255816391196048e-06,6.402973256004875429e-06,6.313583391587023894e-06,6.270254505767246207e-06,6.295984487199756308e-06,6.405393201594368012e-06,6.229223092865439737e-06,6.277663262354394330e-06,6.303497417703325475e-06,6.353036246691450330e-06,6.344282077584598920e-06,6.357003752966171869e-06,6.329316566059014338e-06,6.279193522427888816e-06,6.217451653469564611e-06,6.216550335149025978e-06,6.337982204596879085e-06,6.276969264987790018e-06,6.275796568730656926e-06,6.252132932355564377e-06,6.325156522523543082e-06,6.347332596636820824e-06,6.175052765294898796e-06,6.273934142526732258e-06,6.242831548743818020e-06,6.363296256264062199e-06,6.296640244559393124e-06,6.226654159507234113e-06,6.150948040002512765e-06,6.173044745365529465e-06,6.190897098401080844e-06,6.123343227652629242e-06,6.047530099985888049e-06,6.174247634450834876e-06,6.115838545000904968e-06,6.177325781326994054e-06,6.086899071979523964e-06,6.126743155212280100e-06,6.169792373635189966e-06,6.044333488107946111e-06
6.207301761468670727e-06,6.041598292869172741e-06,6.161855469944933402e-06,6.169774791753643673e-06,6.198316923140873537e-06,6.277928365917876182e-06,6.263055485452581987e-06,6.253278367301393699e-06,6.141838315686509590e-06,6.231660479479105851e-06,6.242559331753230108e-06,6.190163559909127334e-06,6.150606171992593518e-06,6.350639454570177680e-06,6.151266175053336492e-06,6.227166459228030429e-06,6.304870834442042200e-06,6.211423710970676227e-06,6.265035324569481394e-06,6.254093808709238008e-06,6.292257225020649005e-06,6.338706407649872506e-06,6.676077938588005753e-06,6.311392878263002078e-06,6.388876791178187910e-06,6.187011601204359678e-06,6.225237229705013021e-06,6.328993720197389141e-06,6.222613607435417559e-06,6.108236968157790037e-06,6.454928756872482414e-06,6.200772477631701074e-06,6.206741098183450412e-06,6.282715789530039758e-06,6.170608261159367610e-06,6.099645267903169208e-06,6.136727566307938284e-06,6.111017597723881777e-06,6.383989838943435435e-06,6.241461828538493890e-06,6.238487913674615321e-06,6.241089891724945978e-06,6.060823107850623228e-06,6.070126862570268266e-06,6.315329215692931512e-06,6.058570362529712975e-06,6.011282975490089151e-06,6.081138358155260838e-06,6.161864699711862781e-06,6.155370140798720801e-06,6.187192323149283654e-06,6.119904360579157284e-06,6.089916678611313485e-06,6.046148624883984552e-06,6.039174384059688678e-06,6.190094931846150091e-06,6.056137697898426859e-06,6.114607998565627720e-06,6.089361658844746937e-06,6.120339660846783875e-06,6.145053624103620242e-06,6.018689498532012384e-06,6.178188068234536550e-06,6.137776025264627155e-06,6.296766359425712033e-06,6.228843904735834882e-06,6.441913654335022579e-06,6.181010234304864362e-06,6.280964875170906094e-06,6.221397103684899436e-06,6.300466210386431782e-06,6.278762038419960276e-06,6.115838545000904968e-06,6.865174341664010225e-06,6.113136648563635128e-06,6.435258991205007418e-06,6.251168450568040703e-06,6.343887974630668698e-06,6.284965447995686896e-06
6.722529556606800503e-06,6.567110076910368888e-06,6.684992708840481747e-06,6.673167938280872171e-06,6.700880063995161086e-06,6.792557587075122901e-06,6.712521373855290699e-06,6.769342366546324689e-06,6.629968336813744937e-06,6.714156380849319699e-06,6.722171278355907982e-06,6.659329636562554667e-06,6.594768647425542821e-06,6.777004156359573868e-06,6.626069475010151149e-06,6.661086885834942632e-06,6.704141033424769221e-06,6.562232210267001926e-06,6.641085082765512510e-06,6.564318583191057759e-06,6.709466464549347655e-06,6.584065583398610713e-06,6.900391408253980496e-06,6.673539044117657430e-06,6.676637153155517941e-06,6.603844308485094488e-06,6.572138936168482408e-06,6.620710110101351330e-06,6.614562111817162800e-06,6.488682033180020510e-06,6.746591148969079799e-06,6.554698639875073910e-06,6.535471819142644468e-06,6.511658981449955780e-06,6.490889191329473205e-06,6.431046353866070685e-06,6.445437131012975127e-06,6.418342676847401656e-06,6.542260645499926777e-06,6.605701712622492547e-06,6.512190942346779158e-06,6.411510926480467979e-06,6.388991497616624860e-06,6.426761725490515081e-06,6.508011102348569332e-06,6.348187280402989553e-06,6.401936859942659201e-06,6.448427624508781566e-06,6.461916542573617481e-06,6.459778052958324579e-06,6.464232078841718221e-06,6.433810524930017380e-06,6.392114658116734465e-06,6.336738586200488287e-06,6.339045528073436677e-06,6.436020368327992400e-06,6.386387757039674087e-06,6.384851424596337061e-06,6.369396974070430565e-06,6.431051046610605525e-06,6.461295240044187134e-06,6.277206511272843098e-06,6.376413769310318065e-06,6.344278658644126898e-06,6.463367262869696015e-06,6.378816374605959875e-06,6.321870433237902953e-06,6.237225003370594212e-06,6.261787140388919689e-06,6.274030402691660365e-06,6.212178487597959516e-06,6.109287821820699406e-06,6.177325781326994054e-06,6.113136648563635128e-06,6.356674637773498479e-06,6.131678928169186249e-06,6.193667414585175513e-06,6.231317833083565468e-06,6.085354511746766327e-06
6.388098373389289363e-06,6.213220952716222954e-06,6.317752383495335184e-06,6.342532739540502854e-06,6.354965006553992202e-06,6.449204976024915755e-06,6.401157705439974330e-06,6.438538374672698246e-06,6.307967911525269440e-06,6.398115279278757525e-06,6.396910363720060285e-06,6.341950530777367371e-06,6.306957180031081051e-06,6.481736796594611400e-06,6.311562308157537877e-06,6.374474127353033564e-06,6.414534952114888906e-06,6.331485017051542413e-06,6.382856284037419945e-06,6.370994804645632088e-06,6.426362569261951777e-06,6.385997662800871052e-06,6.657268615191321827e-06,6.429720205084314462e-06,6.458861349604242372e-06,6.333510841694579140e-06,6.353608767126003531e-06,6.397029769790245110e-06,6.370109178699064179e-06,6.257483390958971642e-06,6.538794179728685644e-06,6.346969516991703131e-06,6.324767050029154558e-06,6.339385367328582496e-06,6.296713468506216047e-06,6.232189924815761019e-06,6.271312449718245130e-06,6.229195856525256787e-06,6.428579301716992997e-06,6.396988655678171789e-06,6.351833456330958779e-06,6.304978061924634422e-06,6.199037911033165840e-06,6.220137393932465085e-06,6.368366538563298341e-06,6.166880250535007526e-06,6.163256136889085645e-06,6.234986466622609292e-06,6.272608265912725967e-06,6.274433845652942409e-06,6.288536962593394065e-06,6.227034294184936880e-06,6.208642333981775011e-06,6.174037339113978147e-06,6.170409931058565509e-06,6.299513387393073220e-06,6.172536440029329183e-06,6.214532716594260582e-06,6.185037959093953975e-06,6.240941800976362011e-06,6.271691437894918880e-06,6.107703011733970991e-06,6.221414038641794904e-06,6.193243554923938956e-06,6.338236303537676840e-06,6.256230433183076101e-06,6.312184565953411937e-06,6.163380041255721001e-06,6.224847692557546617e-06,6.218122621325287355e-06,6.238759073737216364e-06,6.157737147125210636e-06,6.086899071979523964e-06,6.435258991205007418e-06,6.131678928169186249e-06,6.342598762234822533e-06,6.194696515855867839e-06,6.247702681772773786e-06,6.187194032192839946e-06
6.698161636802813431e-06,6.505283758723079789e-06,6.615948346041474421e-06,6.632053605344078911e-06,6.635526297784539949e-06,6.721913674855796579e-06,6.658824408488396777e-06,6.700749451472528326e-06,6.561540742067084555e-06,6.635757706035802130e-06,6.651509276595984190e-06,6.564819728848462537e-06,6.516829472946449403e-06,6.698670257516659520e-06,6.535475277568374713e-06,6.562741138380265079e-06,6.615126279875742836e-06,6.494439882209109208e-06,6.568309047532351487e-06,6.495525235150945570e-06,6.587445414228077613e-06,6.497123399842502044e-06,6.760155291478346408e-06,6.558056792792376358e-06,6.614737115091463909e-06,6.499405981890424297e-06,6.483333061402581002e-06,6.532507227858798011e-06,6.508794318648962106e-06,6.387221826012561282e-06,6.651133712412219641e-06,6.458458832006315301e-06,6.450238126706364609e-06,6.414137650923914865e-06,6.399866673417363667e-06,6.331715362744635464e-06,6.370289463787186913e-06,6.306269071643439486e-06,6.453926280598244747e-06,6.497426219129628404e-06,6.421062439198504751e-06,6.345412746705255430e-06,6.288509369123341141e-06,6.316200092890530308e-06,6.411036297541944346e-06,6.261622938052872954e-06,6.279876299608860309e-06,6.327342706109961057e-06,6.357123916915178040e-06,6.355574348750970401e-06,6.384277160265862637e-06,6.327121668724996029e-06,6.284492453796252660e-06,6.246351646438357511e-06,6.235401328856010858e-06,6.364470023105440360e-06,6.271175244998837950e-06,6.298850412916322001e-06,6.269827810719577747e-06,6.327456039788622687e-06,6.362958257070754765e-06,6.188483440803837849e-06,6.297259312366259205e-06,6.274571627841296544e-06,6.407009184537455204e-06,6.323514002632583973e-06,6.291430352196924581e-06,6.185329771093533179e-06,6.218311476522135621e-06,6.238134021840180553e-06,6.197599135355848389e-06,6.119985846753798724e-06,6.126743155212280100e-06,6.251168450568040703e-06,6.193667414585175513e-06,6.194696515855867839e-06,6.284468301999364017e-06,6.237463824667101184e-06,6.150880993120872270e-06
6.775479823792876988e-06,6.606200335216612165e-06,6.718646157078634273e-06,6.715026902324580957e-06,6.709625817065153823e-06,6.797969720482434631e-06,6.736159746173034717e-06,6.769133081569000475e-06,6.628574345019037014e-06,6.714121395914016752e-06,6.712373449465464963e-06,6.620427398996268117e-06,6.577332046466832149e-06,6.763022088726763543e-06,6.585989551832278507e-06,6.621783402015543477e-06,6.666141259410703686e-06,6.556211054235394354e-06,6.616785345013611397e-06,6.557285198492684099e-06,6.652712684332279711e-06,6.568442904668391441e-06,6.844139676615962964e-06,6.616083968200748856e-06,6.670318530009352505e-06,6.548572927021734036e-06,6.534906025650124935e-06,6.578535220943216142e-06,6.554488358572616298e-06,6.439543413797805685e-06,6.716700174807680215e-06,6.488489199550953535e-06,6.471838740156289381e-06,6.471857014544229633e-06,6.433056566998493097e-06,6.352906551764398455e-06,6.386966077845690910e-06,6.343490630680499933e-06,6.507778780373312274e-06,6.526623220267401804e-06,6.460036700224866623e-06,6.381583972034555458e-06,6.318343552314769028e-06,6.333838200442812631e-06,6.463605258570333175e-06,6.272396035293219500e-06,6.301871137375219903e-06,6.333779939636178917e-06,6.386406510082502349e-06,6.383392905923986463e-06,6.397193322165975734e-06,6.347501553389886536e-06,6.329670988418138599e-06,6.270369436558742548e-06,6.271398360204864853e-06,6.387031124245251441e-06,6.296889068529011417e-06,6.323119833482071776e-06,6.307593617116212498e-06,6.357114221662048050e-06,6.385339662166152043e-06,6.220746091925043850e-06,6.316411912800232901e-06,6.303722419819180389e-06,6.426569803123689105e-06,6.342876337339721096e-06,6.347470619417259483e-06,6.231208764907239811e-06,6.257639962597339424e-06,6.269492826159902761e-06,6.237466699102106015e-06,6.165960544836207806e-06,6.169792373635189966e-06,6.343887974630668698e-06,6.231317833083565468e-06,6.247702681772773786e-06,6.237463824667101184e-06,6.378314998793756238e-06,6.195461307695919464e-06
6.541112169859732015e-06,6.356803753350942923e-06,6.481672394402153184e-06,6.473591519593166577e-06,6.488504623442130176e-06,6.558871830644170768e-06,6.519600232910989237e-06,6.538997686814303448e-06,6.391981977248564477e-06,6.468509404620010124e-06,6.469008555720211821e-06,6.402171274313880833e-06,6.352386946719726675e-06,6.544427010598247418e-06,6.362752965891797624e-06,6.389301321756004003e-06,6.428136573012068443e-06,6.348547991493107422e-06,6.406075651503480871e-06,6.357193161275675299e-06,6.410917313642310500e-06,6.329946079601664573e-06,6.528201728162875059e-06,6.385955466618394568e-06,6.430531881062426770e-06,6.319364456586932667e-06,6.338677204002601107e-06,6.383321289377151562e-06,6.362242414407475954e-06,6.242396440708424843e-06,6.495398904200178387e-06,6.313683619842355822e-06,6.300825483530916116e-06,6.303520322534188638e-06,6.240655839553948350e-06,6.185332997623991429e-06,6.226266864445857047e-06,6.166686272639198950e-06,6.327175785501493372e-06,6.355400037747520328e-06,6.285001549145801871e-06,6.233482968569633637e-06,6.121789187841485983e-06,6.161666743929384007e-06,6.293765263906546837e-06,6.116658471802266454e-06,6.110643262341915024e-06,6.160078527991702189e-06,6.216634609004516788e-06,6.211366732319591847e-06,6.237810017195655332e-06,6.169923627844605612e-06,6.162585119959025100e-06,6.116051595186979604e-06,6.116375581291491822e-06,6.241966910818216195e-06,6.128197372161625148e-06,6.149138566309485990e-06,6.145064155092152454e-06,6.190911948044071997e-06,6.216645221302322516e-06,6.040897894295651165e-06,6.167225190153037795e-06,6.134461150519500748e-06,6.284719237945066373e-06,6.198593401979377109e-06,6.170309604525842005e-06,6.072868570188563124e-06,6.127088853148010825e-06,6.151334568421953604e-06,6.134282139791677205e-06,6.072963425315074143e-06,6.044333488107946111e-06,6.284965447995686896e-06,6.085354511746766327e-06,6.187194032192839946e-06,6.150880993120872270e-06,6.195461307695919464e-06,6.219153812576652676e-06
