3200,3202,3204,3206,3208,3210,3212,3214,3216,3218,3220,3222,3224,3226,3228,3230,3232,3234,3236,3238,3240,3242,3244,3246,3248,3250,3252,3254,3256,3258,3260,3262,3264,3266,3268,3270,3272,3274,3276,3278,3280,3282,3284,3286,3288,3290,3292,3294,3296,3298,3300,3302,3304,3306,3308,3310,3312,3314,3316,3318,3320,3322,3324,3326,3328,3330,3332,3334,3336,3338,3340,3342,3344,3346,3348,3350,3352,3354,3356,3358,3360,3362,3364,3366,3368,3370,3372,3374,3376,3378,3380,3382,3384,3386,3388,3390,3392,3394,3396,3398,3400,3402,3404,3406,3408,3410,3412,3414,3416,3418,3420,3422,3424,3426,3428,3430,3432,3434,3436,3438,3440,3442,3444,3446,3448,3450,3452,3454,3456,3458,3460,3462,3464,3466,3468,3470,3472,3474,3476,3478
1.105976733859041274e-05,1.017108651193435167e-05,9.191092022428253973e-06,9.372809239092627734e-06,9.200552160586455698e-06,9.570311725133961387e-06,9.931342702898584429e-06,1.007529831111375931e-05,9.389618642108533221e-06,5.688346608061742676e-06,8.595904855007904167e-06,9.726489009469744366e-06,9.984764765365430000e-06,9.413450331754535347e-06,9.610718740032035584e-06,8.861347971921088853e-06,9.012438079281580070e-06,9.549310937683882928e-06,9.620053978986724076e-06,9.284879161645528823e-06,9.579618640234669212e-06,9.361805593825042436e-06,9.422584860340122619e-06,9.442309514242964408e-06,9.506564625228014986e-06,9.419651498793401177e-06,9.379206922205599712e-06,9.515999621969717444e-06,8.921526615476198249e-06,9.453035152418698118e-06,9.345326723265525953e-06,9.326013334164037704e-06,9.732324359073501213e-06,8.967067093086819224e-06,8.822791639981726746e-06,8.687690020102095066e-06,8.970715065533005911e-06,9.159639932539757293e-06,9.348777808228172183e-06,8.993811884230191040e-06,9.166051183445965230e-06,8.874420057137555101e-06,8.752268665789382385e-06,8.968541194477547767e-06,8.957897249828809778e-06,9.163502998693335948e-06,8.840564348085405865e-06,8.643476852131288214e-06,9.043389147547319033e-06,8.471458829289738377e-06,8.435135575338287080e-06,8.703778305799537236e-06,8.844034982847138399e-06,8.784749582254635478e-06,8.631246900932222364e-06,8.726595731925372790e-06,8.485371817031178270e-06,8.653033339381880479e-06,8.423801164429467852e-06,8.299488470693682510e-06,8.573963360571300489e-06,8.285121032105417216e-06,8.416315908628180703e-06,8.530381784462279755e-06,8.455637336624232685e-06,8.634743843996405094e-06,8.473805989180312664e-06,8.669089873919153292e-06,8.384338065628032410e-06,8.425195425146698541e-06,8.765242926955774637e-06,8.289957701194167921e-06,8.219930363821622793e-06,7.968849856978599456e-06,8.554518122454155658e-06,8.482299756598867164e-06,8.813609902639692320e-06,7.808065034008543858e-06,8.262002820773625166e-06,8.785426569972962940e-06,8.674425967606638407e-06,8.044764733768776748e-06,8.173544202740699616e-06,7.958365992574875536e-06,8.658407194048083121e-06,8.022463870058985967e-06,8.339910895695113992e-06,8.594545286556428432e-06,8.436947834705147456e-06,9.024777987261680090e-06,8.203610229496881650e-06,7.790038465368380601e-06,8.681022065985810271e-06,8.191278151349228165e-06,8.618713300185847209e-06,8.109051881045974662e-06,8.165265875520595314e-06,7.552419011907761324e-06,7.983741433550586825e-06,8.171794903256514702e-06,8.363017400287400639e-06,7.931777775241083761e-06,8.638243588156108044e-06,7.994689599287028070e-06,7.760599683574941914e-06,7.945585256308777903e-06,8.197108462639241615e-06,8.693039079137473044e-06,8.225174706981952568e-06,7.906054064620841073e-06,7.763786810603803528e-06,8.214800050416793225e-06,8.446346416899001543e-06,8.547073693133106198e-06,8.163104721276090713e-06,8.415203634236991952e-06,7.340765522655508802e-06,7.528274613374370468e-06,8.075793842044286418e-06,7.589574585053716885e-06,8.105288255202658976e-06,8.312170037454029412e-06,9.030530752060116404e-06,8.478324406658831135e-06,9.267089628967167453e-06,8.823245147686371176e-06,9.327403453026801369e-06,9.017944918508129324e-06,9.431619116528631498e-06,9.017437010721797907e-06,8.835247741564953173e-06,9.729728110369073325e-06,9.990915347938882031e-06,1.000117024598111870e-05,9.437854113829992101e-06,8.571213279938474160e-06,9.626922722877882888e-06,8.876961302105554181e-06,9.451307248156549975e-06,8.994468572291518195e-06
1.017108651193435167e-05,1.081876831846930552e-05,9.041366254599875654e-06,9.175449955278466645e-06,9.141415033618325637e-06,9.481579801140304110e-06,9.715569870679219590e-06,9.926617643498596321e-06,9.277983683258315549e-06,6.609869832250663162e-06,8.322142911373955548e-06,9.552918284008470636e-06,9.926604205001587203e-06,9.389690222934289588e-06,9.558621435509890318e-06,8.782586927308459859e-06,9.058758460596628905e-06,9.341399649107030170e-06,9.617966204176192890e-06,9.294402265373527517e-06,9.731970521616587744e-06,9.268683983339711782e-06,9.497685349530642250e-06,9.406097143793219189e-06,9.532248631532404986e-06,9.441824781414088114e-06,9.370861479197460382e-06,9.455519407639255899e-06,8.921487642177910701e-06,9.369254789633872473e-06,9.297858876919042458e-06,9.272692631070508101e-06,9.707039683648389786e-06,9.084350385627507968e-06,8.941523290484880895e-06,8.689007156639529637e-06,8.911741245766094881e-06,9.116607135021514885e-06,9.217847959212796785e-06,8.841028193227228261e-06,9.082653169408383528e-06,8.773308804607550149e-06,8.554237272653239304e-06,8.812103777827585413e-06,8.869997176686422494e-06,9.050766978252655618e-06,8.798846957479001702e-06,8.444706245422689249e-06,8.953061071371901477e-06,8.502667423557946550e-06,8.333797254779336524e-06,8.720334089388371023e-06,8.756428797077933692e-06,8.678354880156501631e-06,8.605330471657110907e-06,8.620839956729599665e-06,8.372867275438521556e-06,8.567948901560153892e-06,8.196918124356232754e-06,8.286490664875432481e-06,8.336144811056395170e-06,8.136175160939270408e-06,8.284925615464062599e-06,8.335897168208777517e-06,8.161574023571375631e-06,8.380905233689698604e-06,8.160729921718734637e-06,8.526982223631852112e-06,8.283051707821509929e-06,8.345795423885470258e-06,8.602770214731173009e-06,8.164624008232342398e-06,8.037136904213950915e-06,7.655498330277786458e-06,8.337847438186325600e-06,8.199416948819460195e-06,8.606509488771066162e-06,7.742114793431421557e-06,8.092781676150922492e-06,8.553948229236970911e-06,8.376885886703061112e-06,7.908182737650902786e-06,8.104486194575302843e-06,7.770506315839772720e-06,8.433084303968845720e-06,7.894594587984455291e-06,8.319495072589958072e-06,8.278084644923122955e-06,8.350593285793202553e-06,8.904408875661819811e-06,8.095155837038163713e-06,7.740528011164654642e-06,8.583677015361722696e-06,8.158983159124171369e-06,8.575629264867354074e-06,7.888093827293112860e-06,8.183920588836275886e-06,7.451243544371543698e-06,7.993154971233827895e-06,8.063483056276172882e-06,8.157833661725677775e-06,7.835729000214314112e-06,8.525140548914971806e-06,7.920380387293219634e-06,7.834579457463736817e-06,7.790674495666225426e-06,8.214901183108215722e-06,8.727779122881281000e-06,8.184196783516099088e-06,7.986856895452377160e-06,7.756594565883187772e-06,7.942900719920166163e-06,8.490109695889888950e-06,8.496966238788649351e-06,7.982705880908067575e-06,8.459116712468955229e-06,7.408895673560071939e-06,7.493004633633217538e-06,8.006865580104215993e-06,7.748874584089146579e-06,8.172506952885965034e-06,8.441561954166620322e-06,9.010980917738154396e-06,8.707739795141738380e-06,9.256950893773681702e-06,8.757217433836929341e-06,9.279219158358538314e-06,9.109648534161280233e-06,9.382626316354395117e-06,9.126472807548682454e-06,8.878105663793492490e-06,9.677709927725968025e-06,1.008356206706387141e-05,9.886715656983825138e-06,9.774618561022708392e-06,8.729687750698116367e-06,9.770750275757296422e-06,9.026652194051195861e-06,9.531939738665868802e-06,8.818007636825475390e-06
9.191092022428253973e-06,9.041366254599875654e-06,8.889204847480675802e-06,8.510210357563124914e-06,8.319303637400222724e-06,8.665500927840422656e-06,8.833856758014105935e-06,8.933172784387860443e-06,8.601823851461544627e-06,5.586907411275162593e-06,7.586476914930890927e-06,8.722945767316429120e-06,8.941843015377160434e-06,8.503732868752451350e-06,8.602842429990344671e-06,8.084327684320818691e-06,7.990939693277168560e-06,8.482166515662706351e-06,8.678257383056906722e-06,8.479222610151159514e-06,8.693076130989778601e-06,8.338047947209203598e-06,8.554779965664037285e-06,8.375660275052733853e-06,8.459746104286635984e-06,8.650835127409773665e-06,8.523282646124065058e-06,8.581795294506816042e-06,8.122426789653708714e-06,8.476537537161116015e-06,8.482205942683143540e-06,8.147923499511537768e-06,8.726720112766011628e-06,7.975227149455766843e-06,8.045778868098986926e-06,7.969300177058610642e-06,8.068815450745510620e-06,8.244777971919091793e-06,8.277527023859966538e-06,8.175502204878774514e-06,8.174806668737819173e-06,7.972531822989302222e-06,7.876645008348756396e-06,8.077095536279776714e-06,7.961239971147747479e-06,8.156825982785680657e-06,8.077894761000384697e-06,7.770802354294480385e-06,8.098381919308918415e-06,7.499238569224012011e-06,7.642244273101316419e-06,7.910809427357322677e-06,7.960809606486657261e-06,7.973293145770693656e-06,7.844806356623318440e-06,7.988045165639512252e-06,7.794001949221629155e-06,7.831058469078103516e-06,7.649211426967166902e-06,7.529968436238306968e-06,7.852326928910301687e-06,7.553163908866256255e-06,7.801270634843483190e-06,7.614009791101585417e-06,7.609325947845353632e-06,7.882344881125141888e-06,7.540592430161987560e-06,7.826976139411293506e-06,7.552474016452997330e-06,7.777121498485174009e-06,7.980212315050457059e-06,7.428302950456195427e-06,7.523567729055644550e-06,7.341102475469938627e-06,7.689296783427703453e-06,7.584671593368589950e-06,8.036118054895600624e-06,7.247048335685796760e-06,7.452035200569333800e-06,7.813980130805082565e-06,7.886906245780636924e-06,7.302655472927337413e-06,7.413620361106244303e-06,7.425176927860170769e-06,8.094248688907883742e-06,7.502541970196460980e-06,7.668493932947421541e-06,7.593703490290231165e-06,7.748682237441876621e-06,8.180761530703232679e-06,7.676291325482017088e-06,7.256178689650513010e-06,7.926249798182496671e-06,7.574385714206036014e-06,7.915186154040175200e-06,7.366703084539239689e-06,7.508227227739739435e-06,6.880890402956795888e-06,7.552067355265850960e-06,7.486568866850989397e-06,7.683412280735813779e-06,7.346877050695316945e-06,7.916730543584840982e-06,7.244221714637054139e-06,7.163729383763679913e-06,7.507733183544076275e-06,7.545454872772114361e-06,8.086888715766438039e-06,7.597220798538017680e-06,7.389047510623570913e-06,6.993253492962989943e-06,7.447425690774977403e-06,7.799426005368470787e-06,8.000747199531729289e-06,7.342416220321722772e-06,7.637536893662518714e-06,6.806533148448112127e-06,6.966605526586109809e-06,7.227880298281165145e-06,7.134198596130156579e-06,7.406273248382599781e-06,7.785794108895846051e-06,8.180768024076305530e-06,7.966485057639510918e-06,8.457016321397174493e-06,7.916675555171173815e-06,8.398250544794958082e-06,8.328411599328532739e-06,8.512429770204999984e-06,8.351689082207872905e-06,8.284263534655976721e-06,8.911496707046747911e-06,9.320738675635553569e-06,9.051964876058374936e-06,8.732562092634283858e-06,8.023389983166795081e-06,8.852845750725867757e-06,8.169365213764946980e-06,8.430105797564044044e-06,8.166365245337693711e-06
9.372809239092627734e-06,9.175449955278466645e-06,8.510210357563124914e-06,9.477703398235330903e-06,8.431348924034630179e-06,8.980571811822836987e-06,9.029745617920735730e-06,9.293428177136857517e-06,8.864568627765364171e-06,5.523201990931368343e-06,7.991486454357237676e-06,8.890826968194129852e-06,9.152741209932335449e-06,8.719830807152040275e-06,8.933442557048473147e-06,7.989152456750158639e-06,8.010976605079318479e-06,8.632291142688059026e-06,8.901965582352298307e-06,8.613096374597150964e-06,8.659801984302321383e-06,8.496127570837299392e-06,8.677473842405583211e-06,8.534790952570781841e-06,8.731231250591592381e-06,8.832184953902868360e-06,8.672883344502302545e-06,8.720420120439060913e-06,8.162645738593097655e-06,8.623870396976725871e-06,8.519845019007704696e-06,8.421830829372545747e-06,8.912121279779645951e-06,8.096012738276013639e-06,8.099496754742078786e-06,8.007936014597869317e-06,8.187559497385278975e-06,8.312636745243236978e-06,8.317834176227760910e-06,8.093168367104839803e-06,8.390635218563299180e-06,7.932815819323423847e-06,7.849138775528485557e-06,8.063947756158068215e-06,7.992907552688176606e-06,8.214686680031410795e-06,7.881355141734255860e-06,7.664814292986385578e-06,8.089276742933356945e-06,7.486631994869683712e-06,7.547866377690572074e-06,7.950382709743960047e-06,7.849009965732726046e-06,8.067737755300895445e-06,7.781309641233869259e-06,7.827164508810873744e-06,7.631142077660492301e-06,7.769845436603880907e-06,7.433231621710852575e-06,7.326701365423923324e-06,7.617815140665740377e-06,7.419229466341992092e-06,7.634262689574933331e-06,7.481240509825895168e-06,7.449209138553722889e-06,7.746271954696446973e-06,7.525352085537697914e-06,7.657523706205154952e-06,7.317667484565478816e-06,7.435699823772816461e-06,7.732014209894725161e-06,7.359503240985762026e-06,7.403570688679217207e-06,7.050056212357011295e-06,7.505754860452955462e-06,7.378648820227665120e-06,7.877133278998153101e-06,6.960005712380583584e-06,7.170559904872123582e-06,7.800412478452167835e-06,7.685561799825203817e-06,7.087435710993119288e-06,7.231737265289864536e-06,7.308788241628868839e-06,7.835737402960144183e-06,7.230800609957689611e-06,7.453795143147695823e-06,7.390605846148138699e-06,7.456766852801701382e-06,8.025948098825685476e-06,7.405271197907885148e-06,6.963703142464208455e-06,7.806588758049404911e-06,7.446450104435228436e-06,7.807588676325564323e-06,7.013978946077876804e-06,7.223991542629772191e-06,6.874375776957031182e-06,7.129093907911612525e-06,7.134711749004407760e-06,7.461464637253598267e-06,7.067822873377624839e-06,7.578940387681219098e-06,6.956382309562401180e-06,7.048279711618415914e-06,7.198129720193634252e-06,7.271000133570817923e-06,8.007223119307265306e-06,7.335679382301600356e-06,7.168654039054341722e-06,6.886057614344100995e-06,7.477033650729824376e-06,7.479981749759160194e-06,7.743091929684934005e-06,7.418066887718879425e-06,7.533356178818878220e-06,6.441743186156888548e-06,6.734711516262918953e-06,7.047405601881094634e-06,6.885738684696956629e-06,7.228498510491910371e-06,7.502139001531753783e-06,8.206335565744669698e-06,7.744283970344056095e-06,8.384710243235934620e-06,7.858053777197499841e-06,8.354217738986276866e-06,8.213626005635220299e-06,8.536135125269672991e-06,8.301281822049225276e-06,8.264617340992130794e-06,8.930203095129248298e-06,9.419631069516305898e-06,9.099540855697600610e-06,9.104589541142943696e-06,8.027041357137283252e-06,8.622639045784056373e-06,8.370916005510066417e-06,8.602966879236310620e-06,8.281806685777468309e-06
9.200552160586455698e-06,9.141415033618325637e-06,8.319303637400222724e-06,8.431348924034630179e-06,9.064995653457046945e-06,8.876498074251448563e-06,8.817606778549686155e-06,9.012676303243670445e-06,8.528820075109049201e-06,6.464432978261006724e-06,7.445765222747515239e-06,8.725630565669022793e-06,9.042243490766272178e-06,8.529780806912939830e-06,8.732796848078315879e-06,8.026231215139042747e-06,7.492108690746756731e-06,8.554323698034656121e-06,8.594938484150941186e-06,8.499694146319464256e-06,8.820997896642692078e-06,8.563156248026977283e-06,8.745300738754539354e-06,8.395453525146453897e-06,8.532709471295220422e-06,8.656419759902922754e-06,8.562716800454887338e-06,8.641887529161160913e-06,8.214329067437328987e-06,8.507324504482973747e-06,8.478531116580988387e-06,8.199827037169290933e-06,8.738926830947081525e-06,8.237029772497260089e-06,8.184328977252245684e-06,7.967042397581774915e-06,8.205797436440130047e-06,8.273776744602150438e-06,8.232190183283545339e-06,7.976826999915503504e-06,8.262258678273318789e-06,8.039411872866897911e-06,7.959276324307444430e-06,8.068913454693136210e-06,8.042259131454208013e-06,8.166248531957645944e-06,8.018768782858792980e-06,7.702017626633478472e-06,8.174356285600470722e-06,7.617566618307004079e-06,7.724979322919036572e-06,7.962290317356700300e-06,7.896918644177909125e-06,8.068708675012906828e-06,7.798327504626912141e-06,7.914073925124179613e-06,7.727781672677815617e-06,7.730494007787187425e-06,7.646121994970875410e-06,7.574132958598450328e-06,7.820332475604322082e-06,7.418406072004454538e-06,7.636715637753474720e-06,7.542233115350079065e-06,7.566627025392131145e-06,7.614190538274756381e-06,7.614550747240559122e-06,7.723600349596653757e-06,7.499475587539913627e-06,7.741894039892300528e-06,8.043682101900296005e-06,7.361108732433473812e-06,7.415191064834914814e-06,7.173487892821741104e-06,7.602434243210022735e-06,7.438456651758231282e-06,7.797785539637315495e-06,7.263345534135343781e-06,7.344980657594282986e-06,7.661745172967022592e-06,7.798171178844748915e-06,7.169071950797262772e-06,7.386564383623484654e-06,7.181231598285974009e-06,7.767692412788723387e-06,7.386235889430861692e-06,7.608191699609614607e-06,7.491867213737423257e-06,7.569674272102978432e-06,8.042668540738433057e-06,7.398232570984706234e-06,7.169620949941763003e-06,7.872077661998621084e-06,7.314331629577594166e-06,7.746129532068353251e-06,7.137625425817078763e-06,7.249743726573302209e-06,6.967135885521570925e-06,7.314648370283509702e-06,7.546640657986231250e-06,7.673005597458702149e-06,7.197740069331101059e-06,7.893441999249826529e-06,6.967930252928542789e-06,7.142564565476668761e-06,7.256804112958526423e-06,7.542390890097997240e-06,7.869475675989420625e-06,7.519084282542967690e-06,7.276608438495814375e-06,6.938879624040912068e-06,7.471412788152345189e-06,7.644325162526522695e-06,7.670696894659409274e-06,7.314903664501287437e-06,7.634426295275180998e-06,6.973189444855392986e-06,7.189759157576816877e-06,7.278942753466256343e-06,7.016303510782990780e-06,7.454859542582657413e-06,7.739473533943053233e-06,8.271415975879295741e-06,7.781218977742003243e-06,8.410759639615168507e-06,7.808590653218438736e-06,8.321917716710638827e-06,8.271370184656070602e-06,8.382120184215932545e-06,8.121195437877914630e-06,8.108164016807565926e-06,8.687615458854649900e-06,9.053324989502499026e-06,9.012426133587300595e-06,8.548875802803677251e-06,8.091438743566748665e-06,8.965908544298769345e-06,8.352480324355079027e-06,8.577315479710405637e-06,8.108767844006368851e-06
9.570311725133961387e-06,9.481579801140304110e-06,8.665500927840422656e-06,8.980571811822836987e-06,8.876498074251448563e-06,9.918697662016767646e-06,9.365895180207942634e-06,9.690612358886526026e-06,9.101610467175423261e-06,6.123160276423074734e-06,8.047408249967349724e-06,9.188779217467372778e-06,9.496933627983453302e-06,9.026786856855847474e-06,9.072313603868892168e-06,8.305099985655364379e-06,8.097841404425534583e-06,8.902485328998786554e-06,9.213230105643484562e-06,8.964872715044474888e-06,9.094987725548559290e-06,9.014105438289362810e-06,9.128253033726949623e-06,8.952426371862283867e-06,9.126490492259730389e-06,9.125531790321872981e-06,8.942094655428877445e-06,9.212726474357400480e-06,8.584780458021070370e-06,8.968950525362427622e-06,8.797358620344187676e-06,8.727929317871372704e-06,9.198333583094028327e-06,8.433344060731221898e-06,8.547127575201936522e-06,8.433662306665277983e-06,8.670163115136574473e-06,8.792543634304163374e-06,8.748374239938915909e-06,8.380851944317043418e-06,8.635833639825816595e-06,8.408526394038729599e-06,8.318445144484667295e-06,8.477448821736492074e-06,8.612673162783809121e-06,8.566357977612456675e-06,8.338362539113547547e-06,8.098378523492026572e-06,8.507084195803996676e-06,7.984656819502866659e-06,7.995419950372950599e-06,8.384278798972255638e-06,8.406971492249746465e-06,8.527199252561893392e-06,8.277447908711667212e-06,8.328285873301687146e-06,8.060522700632054209e-06,8.275996006742876015e-06,8.055255835738702272e-06,7.901548824031030780e-06,8.206611258860248661e-06,7.830402950047311375e-06,8.119918393099126658e-06,7.970418931699965281e-06,7.974105265567106726e-06,8.129626851646949522e-06,8.068834715320434656e-06,8.191974786320565863e-06,7.859861428818946358e-06,8.138814109671443171e-06,8.382688602069018958e-06,7.913681097881253577e-06,7.819091251721969324e-06,7.535631296112107699e-06,8.096527022054847379e-06,7.868722941601466914e-06,8.298953672373123256e-06,7.491677217298354263e-06,7.792295536134602669e-06,8.201833932285361833e-06,8.284412684224008551e-06,7.740808052134795608e-06,7.793181268448500141e-06,7.890458560897514959e-06,8.570942620464952041e-06,7.826697898272043011e-06,8.094801330728424132e-06,7.909069222310458497e-06,8.146900265991027161e-06,8.668603342629176020e-06,7.869842465253197426e-06,7.566746983208848445e-06,8.499383867852738054e-06,7.848830067167719343e-06,8.211035761702935120e-06,7.516193088529455359e-06,7.663377336900282653e-06,7.279915560855162845e-06,7.708540683240978604e-06,7.946153424982821506e-06,7.951597380983017784e-06,7.400835935288769579e-06,8.192946741972926590e-06,7.319081792785122421e-06,7.499998514617070795e-06,7.603241504247525154e-06,7.869129457695277880e-06,8.339454289977051699e-06,8.036461692759460331e-06,7.658131146549844350e-06,7.286476524130166517e-06,7.829893610767480985e-06,7.887431120968539281e-06,8.100614832591677514e-06,7.611568222176997937e-06,7.896602068884267040e-06,6.894264247412709824e-06,7.094289742268920517e-06,7.461078776669079482e-06,7.418912736987708030e-06,7.576251641784573598e-06,7.979479251177804726e-06,8.574070471117934013e-06,8.097901019403546397e-06,8.705404336788455713e-06,8.124257388542137812e-06,8.523456956451698035e-06,8.495306085680190910e-06,8.812344428473004490e-06,8.706904594672672864e-06,8.420135428318379617e-06,8.998171594668662808e-06,9.600604643351022354e-06,9.687826131231460061e-06,9.203060288325585881e-06,8.339184491380573059e-06,9.194722115363724522e-06,8.594034021296209820e-06,9.098520609432813415e-06,8.662653254609659721e-06
9.931342702898584429e-06,9.715569870679219590e-06,8.833856758014105935e-06,9.029745617920735730e-06,8.817606778549686155e-06,9.365895180207942634e-06,1.014984030311454001e-05,9.732785694975904986e-06,9.219879884763583155e-06,5.181747926170092980e-06,8.479013818246985054e-06,9.488190931933615263e-06,9.768236639422414857e-06,9.068971015926177490e-06,9.215504303136795979e-06,8.320574162062713985e-06,9.003314533646146315e-06,9.314590521585533085e-06,9.475607059708928299e-06,8.941480799393712963e-06,9.381658699564662338e-06,8.971120353014923869e-06,9.274777424001528860e-06,9.164407220465294062e-06,9.343637750892176130e-06,9.201861572502114233e-06,9.277352021014727171e-06,9.300889752685383757e-06,8.677991518744023266e-06,9.231859001525562244e-06,9.181492161320538376e-06,9.054708463741050270e-06,9.553215988111518923e-06,8.670768173780861584e-06,8.741316771555119577e-06,8.519709964690591120e-06,8.739217300199520920e-06,8.889934140690098038e-06,9.076420454498405953e-06,8.777160255950713948e-06,8.863843768797344410e-06,8.559213294224151476e-06,8.399451130898681812e-06,8.656396996113432474e-06,8.577778181743091632e-06,8.756347286469808654e-06,8.573314640576296119e-06,8.324890304259645343e-06,8.706413230236691614e-06,8.137388280161075231e-06,8.294367545439674532e-06,8.534322417588409302e-06,8.411464912480149566e-06,8.431283035519191851e-06,8.402255754356837420e-06,8.506704612338401958e-06,8.176596020308456527e-06,8.359924031024697604e-06,8.161128472974771907e-06,8.014383468377091064e-06,8.338717733950762450e-06,7.996284998251721249e-06,8.177422516324058487e-06,8.093595360182516968e-06,8.035070417250911589e-06,8.335731230069363184e-06,8.055888735874019131e-06,8.194768459257888412e-06,8.011021872367335927e-06,7.982300291912801772e-06,8.484530475132327242e-06,7.911761482676298246e-06,7.902580077603704934e-06,7.816841573922635075e-06,8.086197717966512718e-06,7.986967019467998240e-06,8.529623009952560936e-06,7.671741942411051176e-06,7.862725011710835455e-06,8.352973692486099686e-06,8.243347146464722136e-06,7.656378152360635738e-06,7.937726332809078727e-06,7.858053495730164169e-06,8.487092414004463261e-06,7.778902979375466916e-06,7.963093892136539502e-06,8.123596435217129606e-06,8.127951266701483014e-06,8.635092739467643233e-06,8.094483886328388274e-06,7.688396478760721223e-06,8.255719357622255200e-06,7.964319520107641584e-06,8.219608796196052738e-06,7.638344480918747611e-06,7.849998771399998714e-06,7.464289230314986087e-06,7.798517688256243307e-06,7.797662192126219736e-06,8.133642283269350233e-06,7.615874804937321450e-06,8.179250022413035238e-06,7.554485768054633929e-06,7.486279269071951088e-06,7.618134488828109932e-06,7.844796478280625381e-06,8.469300822666081484e-06,7.991889655119547626e-06,7.753680044372549665e-06,7.294751183072045730e-06,7.833169881666216964e-06,8.050855724518797703e-06,8.314506966977541920e-06,7.907832391793366835e-06,7.978394081046978720e-06,7.326429702283796930e-06,7.477525218760537100e-06,7.680213704383801975e-06,7.609693313227893318e-06,7.663139020003887074e-06,8.026867487654048005e-06,8.665746794912492515e-06,8.308613958357616015e-06,8.813837631321151726e-06,8.386805966833093902e-06,8.809473206297536099e-06,8.594308159234862417e-06,9.163651275088573807e-06,8.713409294260335069e-06,8.698357400325818067e-06,9.286601995060256957e-06,9.646562260201627719e-06,9.614046092462220477e-06,9.475548599549039937e-06,8.628331706228540996e-06,9.287145664590962219e-06,8.646988373246249876e-06,9.084271412844957349e-06,8.732924008289570618e-06
1.007529831111375931e-05,9.926617643498596321e-06,8.933172784387860443e-06,9.293428177136857517e-06,9.012676303243670445e-06,9.690612358886526026e-06,9.732785694975904986e-06,1.058982000179574155e-05,9.430147877043414318e-06,5.952548900973386660e-06,8.457805079791233004e-06,9.649019398872989134e-06,9.833501825961540061e-06,9.414878818237528668e-06,9.497980446561807264e-06,8.558850724067893813e-06,8.902377106946032732e-06,9.518719132848829894e-06,9.633133397987240679e-06,9.328639475382890313e-06,9.505242707726986441e-06,9.225524640357464458e-06,9.453017460103760878e-06,9.373360406620364875e-06,9.519265157305368283e-06,9.536667835593490574e-06,9.375477266513179751e-06,9.558774940459537406e-06,8.943885426924449538e-06,9.380999045722329663e-06,9.266628658049531011e-06,9.273984210040692056e-06,9.674976830444309152e-06,8.915449768381391324e-06,8.889442480335037008e-06,8.802102768156941500e-06,9.034068263005781214e-06,9.171433421372428507e-06,9.206272597518486516e-06,8.792303132305999554e-06,9.107124792148241517e-06,8.826561766412723494e-06,8.616078350415629750e-06,8.869137671186461905e-06,8.954159275884927019e-06,8.897419006537553632e-06,8.742839472756162828e-06,8.539749362567407753e-06,8.957834670787102616e-06,8.304228898561125076e-06,8.293753324842737421e-06,8.710298651398394045e-06,8.748265198981185095e-06,8.723545008402922769e-06,8.605409545304754850e-06,8.639808905428025511e-06,8.442555482496407409e-06,8.545025933891714230e-06,8.310273980490996126e-06,8.237358043129757460e-06,8.466893575263558828e-06,8.173090450906572187e-06,8.427940874597693614e-06,8.273568923457058025e-06,8.212335503780778727e-06,8.492968719136348131e-06,8.331150750614636991e-06,8.438015907486089059e-06,8.236472078343181727e-06,8.289348644995804378e-06,8.497996871518573872e-06,8.085784432118065391e-06,8.102072282859164936e-06,7.891298379334338612e-06,8.321052016678018794e-06,8.171764858282437683e-06,8.577596230223759769e-06,7.782025426878609383e-06,8.130651595967049674e-06,8.679490551177493002e-06,8.493395140295117733e-06,8.010746670855395187e-06,8.149151656635742077e-06,8.029097439567838658e-06,8.639816437821293385e-06,7.985104984962694742e-06,8.336565871712805663e-06,8.312460531574981750e-06,8.576814652626660370e-06,8.992199097459318511e-06,8.107917359744752753e-06,7.755693022799208214e-06,8.573436975869406395e-06,8.191829760322458272e-06,8.512524302659887459e-06,7.764125039904549666e-06,8.192273793164058017e-06,7.696285858155501333e-06,7.920830407706418188e-06,8.215350602242855676e-06,8.313926888930691270e-06,7.738580135193425427e-06,8.540338397668034183e-06,7.873365663139882763e-06,7.717618957880582724e-06,8.043217485126491801e-06,8.270153322649690267e-06,8.785213983444937704e-06,8.289874229145477523e-06,8.171141506120299856e-06,7.733544902543131275e-06,8.277048336144017323e-06,8.341971175735721033e-06,8.569377776582506591e-06,8.046519634685265563e-06,8.447771012190999278e-06,7.186331300482057204e-06,7.517654626003499496e-06,8.031962612347649252e-06,7.901373978530146602e-06,8.112835012606113924e-06,8.367143832568152938e-06,9.170648565079934296e-06,8.463527786271514869e-06,9.242288206582348917e-06,8.635103453521937735e-06,9.130519324309886454e-06,9.095857840507237186e-06,9.346531960350884351e-06,9.113117653643206773e-06,8.913985925225532042e-06,9.744931807184617972e-06,1.006229694348527769e-05,1.016074721147191194e-05,9.822047962416941236e-06,8.757181108708705968e-06,9.657316844757295274e-06,9.215080869273363826e-06,9.669841274934830189e-06,9.006419467026983362e-06
9.389618642108533221e-06,9.277983683258315549e-06,8.601823851461544627e-06,8.864568627765364171e-06,8.528820075109049201e-06,9.101610467175423261e-06,9.219879884763583155e-06,9.430147877043414318e-06,9.523313556299939863e-06,5.705777006509224655e-06,8.056851486502372153e-06,8.915284163938048593e-06,9.260950077749765608e-06,8.768456082523379670e-06,8.924832988283796164e-06,8.558071695363235452e-06,8.221696528756600845e-06,8.943292567668300764e-06,9.145740670082195116e-06,8.833991085201068038e-06,9.084616739688659880e-06,8.814997595156334487e-06,8.905654015129684848e-06,8.838781404647007669e-06,8.992116941413802060e-06,9.045173971139481705e-06,8.945304580271665304e-06,9.088382583489055771e-06,8.551983569780385465e-06,8.868071486969447806e-06,8.858093440530177267e-06,8.670479246806883300e-06,9.251478412021012663e-06,8.253237262723464273e-06,8.471497653089004500e-06,8.264216035950605851e-06,8.499798217399131363e-06,8.625393762703847600e-06,8.563849381963544390e-06,8.426722529075319039e-06,8.536628060776035778e-06,8.286898162594091247e-06,8.246138834170809031e-06,8.415103493200373245e-06,8.379210977066717898e-06,8.459231563543920173e-06,8.423185924021924878e-06,8.124125562020794702e-06,8.498227662091539677e-06,7.848203092655165882e-06,8.020379045998388007e-06,8.413987569097419319e-06,8.232258778720298302e-06,8.343887358141706016e-06,8.163744425066038899e-06,8.332127425400991414e-06,7.982416502652394036e-06,8.065277919230419792e-06,7.901071671162109277e-06,7.853049428222639403e-06,8.112963440767962018e-06,7.763917488428310066e-06,8.075099240564037316e-06,7.922100730457335780e-06,7.854509773861464395e-06,8.019633255658657354e-06,7.883891761012065235e-06,8.078984742215709634e-06,7.777069614684658147e-06,7.865726402058106231e-06,8.079027866680769840e-06,7.711864142930129805e-06,7.654504819594633172e-06,7.583465396062749629e-06,7.874008387571906854e-06,7.759610927341542040e-06,8.168900534461510425e-06,7.366025699182187065e-06,7.654757700078936949e-06,8.100412516550356759e-06,7.984498596997258421e-06,7.480186320875110719e-06,7.661715995984422065e-06,7.719370620955698687e-06,8.270321780560395365e-06,7.562665248173982013e-06,7.920700597537781829e-06,7.786164612008489013e-06,8.013530118980796181e-06,8.367925907605174571e-06,7.775984742894003136e-06,7.509471330758479706e-06,8.149067860778629450e-06,7.853398695103745532e-06,8.007792256374319614e-06,7.348119056599557542e-06,7.763819352757238984e-06,7.343129768204261607e-06,7.728003071684694190e-06,7.691006160980042570e-06,8.103427565514223681e-06,7.545058001440245785e-06,7.969345748563871120e-06,7.357961341652416069e-06,7.363201874395354209e-06,7.526129839619937656e-06,7.781452748094152863e-06,8.260737859655308484e-06,7.883723667398263870e-06,7.597745361124506879e-06,7.264936699396884837e-06,7.637829636249429490e-06,7.809964642045755912e-06,8.154905317927290342e-06,7.783125288238605270e-06,7.852197907370306817e-06,7.156615417193159651e-06,7.225683477614130446e-06,7.440938774048370270e-06,7.524032256094876577e-06,7.539692625297946199e-06,7.888863288132411363e-06,8.415986521548582684e-06,8.173215474261061444e-06,8.327682398458325933e-06,7.981318695303600200e-06,8.440117624817409947e-06,8.408213722074805540e-06,8.879308753904593642e-06,8.614424850415391090e-06,8.458754381890418631e-06,8.866499487416274432e-06,9.376188240684393959e-06,9.202876250133066804e-06,9.185549240658100848e-06,8.358096728897210817e-06,8.888961085222387773e-06,8.509858596475888294e-06,8.763764750156481805e-06,8.366421893936882564e-06
5.688346608061742676e-06,6.609869832250663162e-06,5.586907411275162593e-06,5.523201990931368343e-06,6.464432978261006724e-06,6.123160276423074734e-06,5.181747926170092980e-06,5.952548900973386660e-06,5.705777006509224655e-06,1.276043456810960932e-05,6.282291639566330283e-06,5.634650883999828633e-06,6.414604617139948986e-06,6.292550794358841826e-06,6.056790723933199587e-06,6.361334848405635367e-06,3.636572243765549908e-06,5.815968597765233492e-06,6.077610463793768548e-06,6.817750220206583313e-06,7.117775841110020886e-06,6.545492024856978093e-06,6.896844768661584778e-06,6.078416667046916847e-06,6.079378747590405536e-06,6.447803839440201721e-06,6.038720837354202474e-06,6.405320027907332605e-06,6.287401245964184700e-06,6.063290007995747261e-06,5.941057760222628896e-06,5.295193857670187488e-06,6.181521776834173535e-06,6.124600316044168181e-06,6.355692362164636963e-06,6.208305985987379032e-06,6.606828956146760746e-06,6.579579279092050013e-06,5.761071270935973059e-06,5.472485302134714616e-06,6.429079543069592231e-06,6.346883302316064362e-06,6.080474898873010447e-06,6.101280404905326596e-06,6.198750230417354239e-06,6.412542920613083993e-06,6.596367135197777074e-06,6.174285606734187826e-06,6.679947626574018937e-06,6.192282526390028519e-06,6.284733857275742726e-06,6.147569914896615016e-06,6.414435759598507298e-06,6.143054741508119540e-06,6.168827348956821776e-06,6.561059254867622157e-06,6.559391148558046386e-06,6.124586502086672794e-06,5.835777554446581806e-06,6.747062183157922402e-06,6.446116151181650273e-06,5.841364986665762316e-06,5.897062130032666987e-06,5.968518835662777382e-06,6.186877405327552822e-06,6.055812719386096865e-06,6.128311787956605056e-06,6.568184600349452866e-06,6.628005538438870087e-06,6.909018911259304668e-06,7.000419592921150715e-06,6.127739959910809030e-06,6.549967960471018715e-06,6.107214363900989220e-06,6.463057379509240953e-06,5.970177648654235807e-06,6.250031561093002432e-06,6.728808207786440101e-06,6.637772856285519563e-06,5.835638264169880476e-06,6.686827272722607103e-06,6.861625500228170607e-06,7.080942293393558020e-06,6.464970414788331420e-06,6.404145986193805340e-06,6.783977262299698544e-06,7.302426658401029962e-06,6.537454290088583211e-06,6.677359894282324768e-06,7.037812883581211161e-06,6.178620936624973249e-06,6.696605974916832104e-06,7.217946555354307490e-06,6.708079356437849394e-06,6.845693888688443193e-06,6.844970615445931006e-06,6.950823015076878151e-06,6.421235690959427557e-06,7.523821519467569486e-06,7.544079653685399683e-06,7.236395200905254000e-06,7.266742639799908703e-06,7.997167572435902593e-06,6.953508514727701009e-06,7.188885994343635040e-06,7.305298085359613664e-06,7.692212064839128806e-06,7.206973312552865556e-06,7.379303739705801982e-06,7.450256540853265369e-06,7.303237167870648704e-06,7.035546440109194963e-06,7.443325856209706025e-06,7.408159856523594824e-06,7.344858564342096926e-06,7.826294113168362265e-06,8.110997439342433038e-06,7.748023456643004457e-06,7.594744709110285146e-06,7.568846069879158786e-06,7.709680492819117307e-06,8.754793722089099722e-06,8.395165147782141321e-06,8.262827166648577763e-06,7.737960869559561508e-06,7.552698963835866794e-06,8.082836504450478590e-06,7.742157322769903130e-06,6.781017600221245281e-06,7.799047242736250620e-06,7.672757955099658182e-06,8.005485331512019655e-06,7.693463358498535187e-06,7.468536541414161880e-06,7.406068807822202332e-06,7.490912787148772489e-06,8.734177224768607567e-06,8.164517247763014817e-06,7.847138539902329742e-06,6.943656200860542746e-06
8.595904855007904167e-06,8.322142911373955548e-06,7.586476914930890927e-06,7.991486454357237676e-06,7.445765222747515239e-06,8.047408249967349724e-06,8.479013818246985054e-06,8.457805079791233004e-06,8.056851486502372153e-06,6.282291639566330283e-06,9.914341154935088892e-06,8.445859682322690717e-06,8.758954917984007659e-06,8.262334368517071069e-06,8.147975662452630453e-06,6.981713244245220037e-06,7.773729758596301405e-06,8.314571388608904833e-06,8.414455135941431444e-06,8.115797400336306985e-06,8.562833624077650465e-06,8.135911214483915557e-06,8.666838169198377278e-06,8.280297055564640800e-06,8.519466165266885999e-06,8.326237802149690751e-06,8.405757207662960343e-06,8.441266116130606003e-06,7.973251150885869831e-06,8.406700668642799545e-06,8.185306483919808449e-06,8.305021327366722986e-06,8.795462808874456996e-06,7.870712066643309053e-06,8.106656444820522302e-06,7.830815377068643375e-06,8.064340974452705865e-06,8.366190804529200495e-06,8.460241427208183275e-06,8.143011078707017934e-06,8.303043596921000228e-06,8.069914180087212841e-06,7.682767768308693875e-06,8.028280440310754421e-06,8.091352698144936955e-06,8.210917973381556473e-06,7.903037874531058672e-06,7.799435348165873751e-06,7.998439137984060358e-06,7.508343425174015344e-06,7.769301149569700940e-06,7.962194870561282995e-06,7.792889080614190102e-06,7.735213225809734781e-06,7.866568620454462274e-06,8.204705188828804118e-06,7.607705597050010411e-06,7.861593435047480692e-06,7.655932514386840621e-06,7.624371860449885665e-06,7.684344196070484233e-06,7.459241106516743796e-06,7.676344268906838296e-06,7.514066302900778594e-06,7.566410370010152769e-06,8.049885665767384519e-06,7.453030731303302414e-06,7.847206390150536081e-06,7.721743012897615079e-06,7.578077271659787579e-06,8.002368026121073707e-06,7.298065040099178958e-06,7.381102316741497594e-06,7.460324972847458071e-06,7.646818271114943317e-06,7.532350195272061840e-06,7.986219147771631745e-06,7.373281251522750675e-06,7.586062235215151031e-06,7.729917324584443465e-06,7.459823339395991490e-06,7.422751389791273676e-06,7.511288706753666080e-06,7.371448862903432487e-06,7.620241464533179253e-06,7.289098065743220044e-06,7.463886864667799519e-06,7.749723791317894120e-06,7.518230876407376318e-06,8.180325414021027934e-06,7.578561877942662379e-06,7.029045899641480616e-06,7.562998121299034513e-06,7.259274254514169426e-06,7.556092430335789509e-06,7.175623318346465751e-06,7.436104269265997961e-06,7.055760324473368521e-06,7.479189678204906100e-06,7.190009782848599849e-06,7.516211547044989085e-06,7.225894448600683482e-06,7.664328034326813564e-06,6.956087073649185741e-06,7.242032698612838606e-06,7.166552571403383482e-06,7.260792322057504962e-06,7.921740229071714076e-06,7.321883681114397445e-06,7.537140440093098622e-06,6.881026883930604669e-06,7.371261938521132621e-06,7.353053486557464565e-06,7.760124782376841507e-06,7.470274874540686953e-06,7.612344331202991371e-06,7.083977040876351297e-06,6.953782089793868033e-06,7.225523880412953884e-06,6.981328273061879081e-06,6.949289940570000697e-06,7.527009055576474973e-06,7.993912915531494723e-06,7.782533515197606169e-06,7.986043936032849200e-06,7.909314901224491232e-06,8.083482393377666326e-06,7.781135398514629057e-06,8.020427757994770849e-06,7.785678500442749406e-06,7.838782693176240477e-06,8.054267764504675431e-06,8.304784403560314782e-06,8.300946249989185364e-06,8.587870943010458022e-06,7.725103111523906724e-06,7.983783991516398465e-06,7.855787694641411321e-06,8.247476194683629343e-06,7.607755984860437907e-06
9.726489009469744366e-06,9.552918284008470636e-06,8.722945767316429120e-06,8.890826968194129852e-06,8.725630565669022793e-06,9.188779217467372778e-06,9.488190931933615263e-06,9.649019398872989134e-06,8.915284163938048593e-06,5.634650883999828633e-06,8.445859682322690717e-06,1.009792101486336598e-05,9.836944153459960247e-06,9.153834919731809852e-06,9.278571023076025449e-06,8.057808262851622877e-06,8.804295518556785009e-06,9.331949908710849271e-06,9.381738602752996570e-06,9.125529456995637507e-06,9.440900128396852024e-06,9.044899285987755032e-06,9.474261660040930659e-06,9.220565072030079625e-06,9.503686680614968071e-06,9.311856157716275452e-06,9.268681034748230263e-06,9.482711225434412096e-06,8.869672747946446133e-06,9.452531746622855818e-06,9.232155124649561343e-06,9.289623773001808111e-06,9.718157536216131989e-06,8.829284744028236727e-06,8.929705200256222853e-06,8.834495866349521273e-06,8.838629107837624302e-06,9.096812738982046744e-06,9.257862231912688817e-06,8.956532107781226354e-06,9.008526090491031569e-06,8.768847054375456269e-06,8.578754214673220158e-06,8.817384157913542482e-06,8.761860265414225460e-06,8.904848292463735411e-06,8.669673390659622260e-06,8.554434419087216673e-06,8.814895538160886067e-06,8.450478844191966192e-06,8.396762286339099903e-06,8.786913221761121032e-06,8.674167524552019241e-06,8.733315724742078537e-06,8.574700822019741853e-06,8.698054188188021873e-06,8.401409129824584157e-06,8.509644266312543380e-06,8.343153322619853511e-06,8.293046352793778772e-06,8.502411990276257875e-06,8.218617225549209899e-06,8.316575692568102925e-06,8.236127719161290403e-06,8.162486176781148212e-06,8.572621139668176447e-06,8.273614895055900155e-06,8.446426463873828091e-06,8.121906565910410599e-06,8.243412171223367594e-06,8.526011781947246733e-06,8.028581161657477396e-06,7.970489488779140027e-06,7.865598142254676502e-06,8.297432267850520828e-06,8.084597490092210189e-06,8.452339721440983923e-06,7.837597229191197508e-06,8.022059196121280326e-06,8.283036333908831326e-06,8.216227635410103472e-06,7.673790664380453452e-06,7.774070447356211107e-06,7.712213458865055209e-06,8.271509661232722855e-06,7.707412814747044305e-06,7.995786237287236186e-06,7.939997638774730541e-06,8.154582495472956468e-06,8.560741435520471786e-06,8.031033916251993632e-06,7.374130220396171901e-06,8.189076217195604147e-06,7.745851668587714063e-06,8.070407774446911828e-06,7.517103893348250852e-06,7.685352414396901536e-06,7.305580226845005191e-06,7.679792871003075379e-06,7.654070472248481084e-06,7.963671568775090916e-06,7.640023411888363942e-06,8.021991359548627596e-06,7.415565853281450732e-06,7.354829037699923292e-06,7.599697547145524442e-06,7.733790234813622908e-06,8.521745346248771073e-06,7.935500121251896159e-06,7.785287560744548317e-06,7.334209340386899678e-06,7.803423663772412393e-06,8.002376415792955319e-06,8.171717174679875951e-06,7.616075488730723293e-06,8.005280763226875262e-06,7.186373170163707123e-06,7.447940324271906507e-06,7.532317046991918009e-06,7.434715268364867971e-06,7.556790632551356736e-06,7.966028596428864235e-06,8.652006607924249591e-06,8.280485106725197987e-06,8.821926317146666128e-06,8.367029457836102962e-06,8.679352002852089334e-06,8.422182474604514890e-06,8.871119387731344965e-06,8.662398060323546695e-06,8.714996298287632387e-06,8.937848577140224325e-06,9.396564078498333502e-06,9.490105069308096014e-06,9.479257237276379880e-06,8.483554868470987321e-06,9.155892353438508510e-06,8.669702281163948619e-06,8.801661234899936645e-06,8.482387691697878721e-06
9.984764765365430000e-06,9.926604205001587203e-06,8.941843015377160434e-06,9.152741209932335449e-06,9.042243490766272178e-06,9.496933627983453302e-06,9.768236639422414857e-06,9.833501825961540061e-06,9.260950077749765608e-06,6.414604617139948986e-06,8.758954917984007659e-06,9.836944153459960247e-06,1.075021344948915304e-05,9.413808894667776052e-06,9.530870600987054016e-06,8.481490090496750383e-06,8.874390499783976058e-06,9.581023930017864377e-06,9.759352429025586556e-06,9.390686747727939302e-06,9.834457969847972231e-06,9.469199761407804213e-06,9.900318849971687373e-06,9.537772331849762172e-06,9.790532204514797022e-06,9.423508266889796026e-06,9.574586485302060191e-06,9.798807766851831921e-06,9.200128842236831713e-06,9.651113172033311841e-06,9.495157691428157473e-06,9.362725912924557773e-06,9.996850872329937583e-06,9.128843449250949725e-06,9.234268880936884107e-06,9.023666393417996420e-06,9.085622470369572623e-06,9.395272590362768495e-06,9.485479443796197561e-06,9.194541705677653252e-06,9.335463355303615543e-06,9.042148007876592256e-06,8.846154222195618303e-06,9.036901076036620538e-06,8.967455864236506947e-06,9.258960454747509653e-06,8.892985380943256032e-06,8.792819423583077742e-06,9.077852429344639983e-06,8.642971316673840767e-06,8.656802145896187446e-06,9.035709326086278670e-06,8.854860092352782649e-06,9.074379479172367486e-06,8.850285166525265852e-06,9.200911582483721195e-06,8.648132197859534364e-06,8.766013025125895074e-06,8.551860461665247666e-06,8.531980085154991229e-06,8.709866249171732645e-06,8.367971337951987814e-06,8.499208456790548609e-06,8.447148950994327624e-06,8.365977251764893398e-06,8.808245856344117417e-06,8.396292820278235266e-06,8.756310749536463500e-06,8.383355194366748277e-06,8.509543163208593288e-06,8.882793731761154946e-06,8.204363940697013055e-06,8.152048547713045961e-06,7.933169517296560615e-06,8.547558217245498590e-06,8.210056893949022256e-06,8.734174435093119274e-06,8.113764512670826535e-06,8.175897214650958578e-06,8.361814207867665510e-06,8.433934332391373554e-06,7.770246459478532771e-06,7.962164988035238500e-06,8.008220248264039240e-06,8.580451852572510088e-06,8.008598229536048295e-06,8.268206727310818143e-06,8.221599060873059476e-06,8.265516762604183863e-06,8.916745500315265653e-06,8.107939284105088523e-06,7.691197468533362958e-06,8.581381286665363647e-06,8.030699012095950465e-06,8.294958526612749455e-06,7.755409978193981437e-06,7.921814721426552710e-06,7.352426942698392018e-06,7.904398996195115135e-06,7.918651921319349703e-06,8.311933396903853195e-06,7.809421621889005662e-06,8.287468910368886175e-06,7.622738567958436964e-06,7.712817341049699860e-06,7.637152454653395306e-06,7.953120538519183651e-06,8.686387109263228297e-06,8.178739219063379458e-06,8.072314227971273020e-06,7.635801472239538438e-06,8.044728570680407498e-06,8.162265396991996727e-06,8.446819534831008023e-06,7.936351169478856680e-06,8.229942985944513036e-06,7.467030740464168926e-06,7.660662110739751321e-06,7.705914808379044409e-06,7.701712774720947282e-06,7.737502491065920197e-06,8.333972978858836540e-06,8.772888872565534862e-06,8.460026012824695225e-06,9.045837302364130003e-06,8.446948656387132033e-06,9.100887093761770669e-06,8.735292329035317517e-06,9.251003696759779965e-06,8.813619081431309877e-06,9.122717955936857336e-06,9.258386037767101214e-06,9.821998563812375026e-06,9.736379363558351693e-06,9.858416916399715145e-06,8.760881824589980023e-06,9.485772681908605667e-06,8.819544326819554427e-06,9.211444504264051605e-06,9.027215070501494725e-06
9.413450331754535347e-06,9.389690222934289588e-06,8.503732868752451350e-06,8.719830807152040275e-06,8.529780806912939830e-06,9.026786856855847474e-06,9.068971015926177490e-06,9.414878818237528668e-06,8.768456082523379670e-06,6.292550794358841826e-06,8.262334368517071069e-06,9.153834919731809852e-06,9.413808894667776052e-06,9.510405754082063882e-06,9.066621175817712042e-06,7.894346658763241496e-06,8.241924430336383594e-06,8.969983421371178716e-06,9.210855999166663399e-06,8.902116178341578631e-06,9.147125944098336437e-06,8.846793989257597808e-06,9.217264009525824529e-06,9.103614657630730889e-06,9.110350673508303785e-06,9.144141952629015953e-06,9.043954828416031429e-06,9.200569099872463714e-06,8.725665082567254916e-06,9.025784951071265315e-06,8.947891301147537909e-06,8.861072621536748110e-06,9.420060024312442993e-06,8.510101945461886872e-06,8.616564869024200736e-06,8.517700018241160926e-06,8.674173463641349503e-06,8.886158152733203118e-06,8.870817766806705831e-06,8.576443190207610242e-06,8.732217109170902587e-06,8.522573407090595394e-06,8.372671979024513559e-06,8.639153800416756653e-06,8.469340103414945193e-06,8.690635814344268878e-06,8.458566697818948300e-06,8.260005628644564321e-06,8.573233649169309937e-06,8.091096536115773791e-06,8.048441638193753225e-06,8.471051739868249895e-06,8.408323312952920852e-06,8.501464556190535413e-06,8.468916987483678078e-06,8.479585876604242917e-06,8.208308495301430908e-06,8.237012518687034313e-06,8.038796884549665234e-06,7.931606232023803485e-06,8.146984833680538061e-06,7.967983380331263623e-06,8.041868641636829961e-06,7.946833439621609261e-06,8.034918393922290184e-06,8.175574892192462081e-06,8.014067498429317489e-06,8.166582615370264378e-06,7.974432626515199130e-06,7.973847724631878643e-06,8.336027293020561839e-06,7.779410666649765694e-06,7.762613640711741821e-06,7.516368473282365240e-06,7.944065306786798769e-06,7.721570188605482619e-06,8.048911605812424650e-06,7.535076191278108656e-06,7.722639704944145702e-06,7.940273903784185550e-06,7.985526013598222368e-06,7.549096569139480078e-06,7.640670301229289397e-06,7.557494151317054301e-06,8.177849272907785415e-06,7.570543478356058072e-06,7.873512740317130967e-06,7.727941709660037452e-06,7.869408668040841481e-06,8.387657169049605771e-06,7.631205650907580394e-06,7.156431040145602998e-06,7.974119797151521644e-06,7.700969607068946802e-06,7.793412491364158409e-06,7.147711831922231278e-06,7.475010392745174704e-06,7.078036631422887378e-06,7.550878256898613754e-06,7.599653384449325297e-06,7.742476558555580634e-06,7.381814322632315453e-06,7.838919215074263147e-06,7.154032644094622759e-06,7.247401921452678904e-06,7.407794552048366610e-06,7.601729618969966300e-06,8.122739827925446932e-06,7.699316549782636335e-06,7.484353146491472177e-06,7.176064551503257474e-06,7.585192176097822373e-06,7.779810078464419654e-06,7.964446212059093103e-06,7.503743708323064707e-06,7.793598883527719828e-06,6.991303566144201325e-06,7.203671194107846420e-06,7.412305634498143527e-06,7.289332908000171285e-06,7.465428193122999153e-06,7.922699987757618909e-06,8.505236364372738216e-06,7.969375642420490697e-06,8.716506097395631183e-06,8.225755172360891618e-06,8.531003593647411789e-06,8.412509620287520344e-06,8.587493258922248887e-06,8.531608327229750919e-06,8.528112392577023182e-06,9.053069588255145794e-06,9.207398328156937421e-06,9.375081777385706297e-06,9.186364771397520233e-06,8.391410924261877237e-06,9.185074437290862505e-06,8.621615589017265363e-06,9.019752295665252773e-06,8.485688567513060193e-06
9.610718740032035584e-06,9.558621435509890318e-06,8.602842429990344671e-06,8.933442557048473147e-06,8.732796848078315879e-06,9.072313603868892168e-06,9.215504303136795979e-06,9.497980446561807264e-06,8.924832988283796164e-06,6.056790723933199587e-06,8.147975662452630453e-06,9.278571023076025449e-06,9.530870600987054016e-06,9.066621175817712042e-06,9.788276925884735225e-06,8.224304979754147878e-06,8.371078399242161091e-06,9.085110087347414282e-06,9.316757221926959856e-06,8.982070122070273010e-06,9.272406275621777603e-06,9.030171279471532292e-06,9.309194776763836797e-06,9.070813916270027027e-06,9.189935947567769517e-06,9.199387696378442261e-06,9.141561950480036548e-06,9.346616325559717084e-06,8.775274622861604587e-06,9.146302847148409331e-06,9.107101128326581472e-06,8.849605478561956080e-06,9.484330116635180223e-06,8.668827203622610312e-06,8.665960255191469306e-06,8.603010188703474998e-06,8.642898699078027319e-06,8.904535625395231495e-06,8.912979670848122433e-06,8.555939835260673840e-06,8.863180407345668091e-06,8.525428588399398569e-06,8.441797615345928823e-06,8.580359918470638312e-06,8.497973688516699466e-06,8.811473492118698350e-06,8.524718063717242803e-06,8.224909721119476349e-06,8.663092002175725993e-06,8.260964792470926128e-06,8.148053652206413433e-06,8.509063668247139974e-06,8.378987423411736322e-06,8.631603476011852515e-06,8.341631300167319006e-06,8.455194896606246967e-06,8.176795235305434975e-06,8.233285528325926875e-06,8.011757835552754786e-06,7.922876891261732455e-06,8.208649067597069995e-06,7.944635789734142347e-06,8.021405441975345435e-06,8.002054692171809176e-06,7.943021227847318438e-06,8.177971594303485518e-06,8.023549279075947578e-06,8.149360285656697119e-06,7.935609759579413124e-06,7.946426066621245472e-06,8.303605555249256737e-06,7.778623671471924774e-06,7.871039382174350329e-06,7.465851587586909757e-06,8.058737105202480524e-06,7.826883644702012371e-06,8.270388542997353967e-06,7.516308651609451720e-06,7.717158504331392136e-06,7.976417275383952061e-06,8.127511704586181320e-06,7.449007986444221475e-06,7.626899704733196346e-06,7.545061548294233666e-06,8.053290288236279805e-06,7.704003535302819431e-06,7.849301164621787355e-06,7.777259104510886168e-06,7.865640595542847008e-06,8.322318047033016347e-06,7.738596810164982516e-06,7.315343160025400764e-06,8.111256231261835566e-06,7.670396163817772220e-06,8.021792840793399111e-06,7.422694508610267840e-06,7.597574397100378579e-06,7.162001962682315869e-06,7.446268822638858455e-06,7.647562979738297545e-06,7.813833343032753050e-06,7.484287378114212463e-06,7.934853605091013887e-06,7.156924599645326463e-06,7.324185513863293832e-06,7.456245197804281733e-06,7.702486338905640577e-06,8.264500945545948907e-06,7.812309758712218094e-06,7.549262913843935681e-06,7.335699310397140034e-06,7.667736616583886204e-06,7.873001240398687497e-06,8.040820364823936817e-06,7.594231516714414311e-06,7.909096049017545199e-06,7.056278909627821812e-06,7.292869072689885172e-06,7.482956097329526795e-06,7.200336258756851399e-06,7.617206928417173289e-06,7.985658551082319465e-06,8.543490637693126473e-06,8.072142858801809444e-06,8.870793934831526384e-06,8.339241714803603071e-06,8.621525146125958786e-06,8.585585023599286820e-06,8.939777058321775051e-06,8.498039847229932190e-06,8.623087711454908858e-06,9.112185529548891006e-06,9.568418213158765787e-06,9.418714633363014772e-06,9.471674453280564269e-06,8.504940417306497237e-06,9.204320896621475382e-06,8.768447430401837597e-06,9.039562378110623699e-06,8.657309742665039528e-06
8.861347971921088853e-06,8.782586927308459859e-06,8.084327684320818691e-06,7.989152456750158639e-06,8.026231215139042747e-06,8.305099985655364379e-06,8.320574162062713985e-06,8.558850724067893813e-06,8.558071695363235452e-06,6.361334848405635367e-06,6.981713244245220037e-06,8.057808262851622877e-06,8.481490090496750383e-06,7.894346658763241496e-06,8.224304979754147878e-06,1.181264849616894320e-05,7.340538931559807613e-06,8.286465938233110337e-06,8.621777558870344450e-06,8.349579692962659814e-06,8.701225784580634469e-06,8.168091372413716542e-06,8.151697010244184541e-06,8.037087564754559696e-06,8.113749525172538814e-06,8.694808427442856280e-06,8.358388915537483921e-06,8.475509403445072524e-06,8.079696070367328807e-06,8.126245635300251857e-06,8.207224111291247902e-06,7.755201130567581912e-06,8.255446153331431926e-06,7.601275754526825164e-06,8.079103452890055125e-06,7.924626383972389586e-06,8.009050476544982302e-06,8.003872402762067265e-06,7.860578147487213560e-06,7.979409097399654352e-06,8.149113543224519780e-06,7.874031413480924810e-06,8.015346876206273216e-06,8.113674772757265553e-06,7.988727962214001028e-06,8.160443019326206921e-06,8.114490047842778283e-06,7.762352847055992424e-06,8.442702599595936251e-06,7.535524035753851005e-06,7.999370726277221094e-06,8.045826629456620258e-06,8.015763007379628032e-06,8.095406638193891103e-06,7.723497428797939157e-06,8.031995093077191189e-06,7.890263938083275116e-06,7.730587054696391513e-06,7.786090388276844406e-06,7.929737048250761773e-06,8.348036073922568211e-06,7.710588370053945281e-06,8.129754556850283409e-06,8.056402584174437661e-06,7.974443368536190515e-06,8.297336945137302167e-06,8.077252539293834499e-06,8.313979305286847005e-06,8.016726654547664570e-06,8.261358885656531895e-06,8.501195665450962744e-06,8.010155359922339617e-06,7.997782598152868781e-06,7.981542747504678217e-06,8.380354320074442917e-06,8.007979012372907864e-06,8.417203495442819651e-06,7.669362374334084078e-06,7.801531390120393364e-06,8.746374515930462100e-06,8.478082151884691535e-06,7.899455287958279329e-06,8.156198427285293669e-06,8.127753849293810435e-06,8.689492097199834561e-06,8.200660449227582607e-06,8.540277771214600179e-06,8.678487161917875729e-06,8.726379742283536228e-06,8.979159673409165275e-06,8.127045286465307833e-06,8.228832515661048432e-06,8.907522491884137445e-06,8.612434173421761518e-06,8.933066156866396667e-06,8.240351465714487042e-06,8.432250475803175865e-06,8.190148577078855459e-06,8.750958680593481874e-06,8.646489295829025827e-06,8.963549919316513503e-06,8.723882743923738769e-06,8.762714746169761388e-06,8.616025458637021280e-06,8.237048880855772995e-06,8.523095774092688166e-06,8.662757260062198326e-06,8.949735119829987327e-06,8.711225405615847440e-06,8.167862881365402919e-06,7.869415754086865521e-06,8.184534680435417886e-06,8.252222103966953945e-06,8.596074872514703028e-06,8.405601113570623811e-06,8.449676936574501736e-06,8.203024392658317851e-06,8.482352045504641785e-06,8.377752143629620135e-06,8.431610904927371101e-06,8.451417438683928317e-06,8.559886575841323196e-06,8.898492538567484385e-06,8.527050045711586461e-06,8.691513266714195497e-06,8.636645382471863538e-06,8.907801997804343350e-06,8.518081720551863556e-06,9.140441526004983782e-06,8.832105804249936539e-06,8.402744243602805092e-06,9.279550666179273288e-06,9.948081655408883703e-06,8.728341089089059808e-06,8.763632761053335952e-06,8.503321215788119217e-06,9.236791999703662992e-06,8.089514264336507003e-06,8.835159630874070251e-06,8.468388479761006929e-06
9.012438079281580070e-06,9.058758460596628905e-06,7.990939693277168560e-06,8.010976605079318479e-06,7.492108690746756731e-06,8.097841404425534583e-06,9.003314533646146315e-06,8.902377106946032732e-06,8.221696528756600845e-06,3.636572243765549908e-06,7.773729758596301405e-06,8.804295518556785009e-06,8.874390499783976058e-06,8.241924430336383594e-06,8.371078399242161091e-06,7.340538931559807613e-06,1.157294881189839354e-05,8.824343292342808919e-06,8.650306924108685470e-06,8.130016615314538810e-06,8.283933461631120588e-06,8.289294664586354010e-06,8.176484956210339076e-06,8.517672180468963263e-06,8.793745593187384739e-06,8.549869022525725975e-06,8.558184706175427160e-06,8.277579864989304803e-06,7.943751841097403891e-06,8.471557839289308735e-06,8.442579635757695738e-06,8.852770753468883842e-06,9.137933936840218215e-06,7.988441055451843788e-06,8.069235479218911665e-06,7.774809866305432119e-06,8.103853323217721997e-06,8.126244405414092647e-06,8.538303252692346516e-06,8.314734300633222882e-06,8.251708752101771541e-06,8.006910731113849289e-06,7.641774325970342497e-06,8.139132141876165953e-06,7.915971011876105743e-06,8.082257409029138440e-06,7.770817345537587163e-06,7.766407785531970206e-06,8.159686211512962357e-06,7.535625425708827360e-06,7.747980608805748708e-06,7.830245048022134609e-06,7.981039662516769290e-06,7.686393713979867371e-06,7.822883253052805109e-06,7.849085890341367204e-06,7.456770188156672483e-06,7.879342486342212591e-06,7.406558660969583282e-06,7.450066171798010321e-06,7.590258382381365574e-06,7.490617080474896677e-06,7.678519372360853628e-06,7.667607976898546313e-06,7.461361717967125469e-06,8.060159728865078937e-06,7.799936470884334593e-06,7.633188334008374893e-06,7.407437439233497737e-06,7.249175429377926303e-06,7.402238875578064123e-06,7.507727057886791324e-06,7.477062451281302404e-06,7.234750149632553266e-06,7.580559742629191078e-06,7.706123759069397519e-06,8.092212565577030977e-06,7.000512207109828895e-06,7.408126116061862769e-06,8.291296257228067014e-06,7.687314237158395105e-06,6.921963262527249104e-06,7.194232154298423305e-06,6.991889150125721451e-06,7.668516761536843193e-06,7.116933255800459296e-06,7.308882915821186992e-06,7.810590130856209494e-06,7.578610515009288438e-06,7.743279791678073703e-06,7.697531384658193640e-06,6.895101033891585288e-06,7.527490906368280792e-06,7.262643308860787609e-06,7.932643731226137046e-06,7.094445145660741570e-06,7.377301922699491304e-06,7.046470413127084941e-06,7.166594669198856398e-06,6.548350308726133826e-06,7.263148025523756054e-06,7.096704967022062752e-06,7.320146760135317555e-06,7.404235384907290670e-06,7.005283983431834021e-06,7.077899735280428067e-06,7.157191330821133593e-06,7.891604180365306980e-06,7.492916633676088529e-06,7.160809390117650845e-06,6.854133177465408727e-06,7.226061366984405578e-06,7.583219870526129390e-06,7.692905464158031770e-06,7.318259574029913799e-06,7.681926397280987960e-06,6.553704066701188022e-06,6.706874193125448106e-06,7.221870186692105858e-06,6.907798328042349138e-06,7.357153022081436815e-06,7.559144191457402106e-06,8.016150467213652630e-06,7.841411449918159500e-06,8.397325044632683480e-06,7.853534647001371628e-06,8.150703044138556146e-06,7.952079832693130621e-06,8.895610135618989687e-06,8.063996888256326503e-06,7.539330830346841562e-06,8.571608794955182692e-06,8.945571726511978569e-06,9.227491226103105401e-06,9.025475172420314226e-06,7.653488722921269490e-06,8.751654604941658033e-06,8.085922473145358951e-06,8.435589838023749905e-06,7.621271206675896861e-06
9.549310937683882928e-06,9.341399649107030170e-06,8.482166515662706351e-06,8.632291142688059026e-06,8.554323698034656121e-06,8.902485328998786554e-06,9.314590521585533085e-06,9.518719132848829894e-06,8.943292567668300764e-06,5.815968597765233492e-06,8.314571388608904833e-06,9.331949908710849271e-06,9.581023930017864377e-06,8.969983421371178716e-06,9.085110087347414282e-06,8.286465938233110337e-06,8.824343292342808919e-06,1.018450900454104877e-05,9.268967109297348921e-06,9.146567805809452441e-06,9.440975057122319553e-06,9.072482625353827613e-06,9.417355620013127511e-06,9.174553363540520229e-06,9.461956670020672629e-06,9.297342613195058353e-06,9.231785989830394002e-06,9.412893756369075042e-06,8.895223726053522176e-06,9.440629471416259676e-06,9.290243024179294651e-06,9.206002470643401457e-06,9.792957289410205831e-06,8.841335007758708577e-06,8.957979070258181707e-06,8.779594725813997819e-06,8.999769687818186866e-06,9.237360055140323190e-06,9.295175268031480857e-06,9.026795887658003702e-06,9.200521869946010300e-06,8.968385554212552203e-06,8.830304629129660980e-06,9.026598328881972182e-06,8.921971887754526429e-06,9.072286892635072944e-06,8.913962064432097914e-06,8.741543034308319263e-06,9.084753212419144019e-06,8.599526582800650766e-06,8.727305162306429575e-06,9.051660766084624802e-06,8.863185873166103170e-06,8.833221448752259555e-06,8.837934771638643086e-06,9.054943920333538264e-06,8.681291160760674883e-06,8.762148925755011982e-06,8.755057380098031590e-06,8.575911770078994766e-06,8.737638749327262882e-06,8.421085674512043335e-06,8.648245150093736202e-06,8.679565818062616244e-06,8.521551815288641812e-06,8.873072737903544768e-06,8.711405768992230381e-06,8.778519782401756063e-06,8.553403544860060598e-06,8.499275626247429738e-06,8.965445867192291094e-06,8.413507066139109923e-06,8.410345181757364414e-06,8.349285852225742509e-06,8.612334149645803967e-06,8.618573685469961085e-06,8.866199202450368463e-06,8.242569208671474121e-06,8.290291304588737729e-06,8.678109717286416108e-06,8.713419498222461007e-06,8.136101870488525535e-06,8.386624025304913757e-06,8.092311429201957498e-06,8.796683685131855918e-06,8.298478021469735713e-06,8.465067413901408984e-06,8.630064020486166523e-06,8.613261866634383342e-06,8.984954370920537428e-06,8.346343407304123417e-06,8.027956886071594330e-06,8.560030672587939628e-06,8.330539441428441480e-06,8.521241647096272734e-06,7.828594730843147650e-06,8.252236626125011938e-06,7.778685684892304219e-06,8.166187058930156643e-06,8.089535970897993885e-06,8.589355163604481215e-06,8.152942112691788522e-06,8.446270442078657235e-06,7.874489302596457838e-06,7.737008000449414511e-06,7.926107376951924304e-06,8.243809544487633962e-06,8.787752017405659182e-06,8.201531844967612382e-06,8.199337052229168727e-06,7.616093840921873722e-06,8.039696300969928109e-06,8.212431280288354894e-06,8.539375719803426467e-06,8.099365087147745413e-06,8.211701883229664334e-06,7.626393754076608571e-06,7.887071010037374403e-06,8.019275424954614844e-06,7.870137383545972045e-06,7.963864122608862715e-06,8.315166356536940069e-06,8.921105686510298914e-06,8.433931179492090957e-06,8.924296772978646604e-06,8.506794575505329621e-06,9.015147591129721229e-06,8.729284189200049423e-06,9.240432568014656268e-06,8.964232024097112107e-06,8.903456950394944650e-06,9.308313700507302038e-06,9.646715453798612676e-06,9.583246972783025767e-06,9.447860436454695596e-06,8.530040870879718984e-06,9.224757149434702026e-06,9.082438857022989627e-06,9.202766826798331040e-06,8.873968958630225042e-06
9.620053978986724076e-06,9.617966204176192890e-06,8.678257383056906722e-06,8.901965582352298307e-06,8.594938484150941186e-06,9.213230105643484562e-06,9.475607059708928299e-06,9.633133397987240679e-06,9.145740670082195116e-06,6.077610463793768548e-06,8.414455135941431444e-06,9.381738602752996570e-06,9.759352429025586556e-06,9.210855999166663399e-06,9.316757221926959856e-06,8.621777558870344450e-06,8.650306924108685470e-06,9.268967109297348921e-06,1.000027320350481309e-05,9.219693667131787323e-06,9.585677546718883687e-06,9.217666526124950678e-06,9.595615863742765442e-06,9.343325981431294870e-06,9.562786981090433733e-06,9.529079552830959970e-06,9.365653361252447662e-06,9.605530670722212751e-06,9.001622372850508934e-06,9.381922380495345915e-06,9.353204022646990931e-06,9.115624101631231494e-06,9.778429413944852674e-06,8.897890427138160468e-06,9.082329107907290106e-06,8.967410051888540990e-06,9.068717284213297832e-06,9.293713179505660996e-06,9.338168198347527303e-06,8.996713277566591741e-06,9.283760349027596340e-06,8.914853811910397185e-06,8.781038107252108063e-06,8.983664261061822303e-06,9.021000294214462085e-06,9.152560233632894864e-06,8.941463524375816761e-06,8.777269847335017843e-06,9.244316764682680587e-06,8.628207818993587454e-06,8.730539481579654352e-06,8.976225020692387015e-06,8.983167122716797164e-06,9.039313434501209120e-06,8.928076748521493675e-06,9.173578089984205872e-06,8.679659806114869717e-06,8.827815069604295247e-06,8.727104706310966732e-06,8.621116557003026613e-06,8.788323532331619769e-06,8.530636396378337010e-06,8.618290274167820318e-06,8.604405703294627900e-06,8.579667905729221816e-06,8.833896223315207841e-06,8.580211172923866357e-06,8.800116904037261133e-06,8.635560300131115135e-06,8.600101224977653298e-06,8.940794760700887219e-06,8.431457800738171316e-06,8.357917398849569663e-06,8.132618536532061388e-06,8.738550927728217137e-06,8.426880820285502659e-06,8.915349215745268206e-06,8.247340718256968947e-06,8.340454656353272738e-06,8.767925001467277479e-06,8.724806277279216463e-06,8.177694745335725281e-06,8.364571159383652157e-06,8.258930113824367297e-06,8.853962396740631868e-06,8.289415422305352021e-06,8.619246735342447175e-06,8.510537471077616340e-06,8.687138517176337939e-06,9.104515948879309635e-06,8.345860698790270253e-06,7.944122240560408949e-06,8.770979708768779855e-06,8.468935793045869438e-06,8.659672635117537907e-06,7.939793408171096846e-06,8.239115620459216307e-06,7.927868333234098041e-06,8.376751340504610648e-06,8.254094797386604432e-06,8.554084369570372846e-06,8.181576757046425888e-06,8.538036178900685689e-06,7.962673839589262697e-06,7.859083812774636193e-06,8.107726135572178316e-06,8.332987123813730650e-06,8.901582368352382673e-06,8.404194912346429813e-06,8.292252323360137397e-06,7.898909058707558297e-06,8.107457397584138723e-06,8.436686057790274726e-06,8.616382613090500946e-06,8.166362387114529337e-06,8.256321856378935991e-06,7.797822647345441848e-06,7.827147264277142742e-06,8.028547398412788451e-06,8.071369633222109599e-06,8.066116663770092431e-06,8.472932700482463451e-06,9.117511333361597392e-06,8.636889953929945327e-06,9.225481969743409627e-06,8.740228769039708317e-06,9.117488017964522768e-06,8.939084560552772426e-06,9.265162075954647212e-06,9.078407629886693376e-06,9.069855132128516555e-06,9.513682612213310947e-06,9.909884616828749606e-06,9.807073054517087744e-06,9.888836279697679944e-06,8.896442869984883786e-06,9.605306852013986252e-06,8.996915038436081272e-06,9.349928941052814937e-06,8.965750011011046816e-06
9.284879161645528823e-06,9.294402265373527517e-06,8.479222610151159514e-06,8.613096374597150964e-06,8.499694146319464256e-06,8.964872715044474888e-06,8.941480799393712963e-06,9.328639475382890313e-06,8.833991085201068038e-06,6.817750220206583313e-06,8.115797400336306985e-06,9.125529456995637507e-06,9.390686747727939302e-06,8.902116178341578631e-06,8.982070122070273010e-06,8.349579692962659814e-06,8.130016615314538810e-06,9.146567805809452441e-06,9.219693667131787323e-06,9.578070481776062388e-06,9.412040913956010852e-06,9.081843977503081442e-06,9.303181413953557027e-06,8.967451230260424112e-06,9.277058420123388159e-06,9.498054906316577149e-06,9.050180040936935111e-06,9.380807219299112817e-06,8.944521525669095596e-06,9.234103335457729143e-06,9.162110169314092371e-06,8.885204971784319052e-06,9.644753376528043549e-06,8.749649081300206796e-06,8.894379430409172021e-06,8.905956480208861853e-06,9.104535621595621043e-06,9.287244960467177878e-06,9.175872693935939686e-06,8.882432648307217712e-06,9.193987227330635838e-06,8.964108150290532714e-06,8.745238126913581952e-06,8.920669318683828195e-06,8.932337391060775266e-06,9.059180738428168191e-06,8.986902812575961144e-06,8.827208987132622960e-06,9.135013541888942112e-06,8.559654323018687220e-06,8.611415747260897045e-06,8.937208377311832595e-06,8.976331835376158335e-06,8.917458688073691680e-06,8.774941107429215924e-06,9.043414950345886661e-06,8.721769185136330377e-06,8.796130250405027212e-06,8.585590274317556557e-06,8.623290100057783071e-06,8.735906111969819174e-06,8.491990762057231813e-06,8.604845029967040518e-06,8.592829831433933734e-06,8.456954618153982123e-06,8.798264088214171716e-06,8.617083264287972045e-06,8.749518827325811692e-06,8.646546008732411770e-06,8.704627416937799287e-06,8.889455116609947153e-06,8.389437538764502394e-06,8.376108858741330746e-06,8.256742461304817350e-06,8.561035403733198134e-06,8.416887154799414903e-06,8.747428534717342728e-06,8.282150725093901186e-06,8.335410531162452488e-06,8.586157643610473411e-06,8.758992129721368037e-06,8.207182838425028176e-06,8.482123757103441527e-06,8.152246921550390058e-06,8.726106341885857766e-06,8.284136803191198848e-06,8.556938682781132621e-06,8.508003378365787661e-06,8.717653457216859519e-06,8.977741895674096420e-06,8.255675257715604701e-06,8.072149666258251593e-06,8.728146699419933965e-06,8.365112264933793031e-06,8.433350423014736527e-06,8.013357149187288830e-06,8.286376863012234132e-06,7.882953026232187210e-06,8.442397366287589523e-06,8.263024979668704136e-06,8.498098730822368460e-06,8.118530437515680907e-06,8.570216602026265219e-06,8.054966967115236384e-06,7.925618562451032523e-06,8.109011759618222010e-06,8.464450367271859535e-06,8.874504522826448779e-06,8.472162632769442123e-06,8.234401633763891354e-06,7.877127913499800546e-06,8.162212322500273735e-06,8.371703708571781266e-06,8.536930344484277869e-06,8.188839364419656035e-06,8.416910554412055905e-06,7.833876135211678625e-06,8.054530750868167771e-06,8.147884325277822729e-06,7.954607723514639639e-06,8.123340846026912723e-06,8.639450058932304527e-06,9.047795359520643843e-06,8.565745800224125884e-06,8.966401457910919479e-06,8.701798630715907760e-06,8.900359775833634405e-06,8.868125272831042701e-06,9.039429680810443979e-06,8.969351090598244415e-06,8.992129494113744988e-06,9.212669576539073444e-06,9.613279001678703243e-06,9.627778924672313507e-06,9.595894623148343820e-06,8.580555937114110789e-06,9.529538066766773827e-06,8.782412377571357053e-06,9.194461402537063122e-06,8.890509451534011419e-06
9.579618640234669212e-06,9.731970521616587744e-06,8.693076130989778601e-06,8.659801984302321383e-06,8.820997896642692078e-06,9.094987725548559290e-06,9.381658699564662338e-06,9.505242707726986441e-06,9.084616739688659880e-06,7.117775841110020886e-06,8.562833624077650465e-06,9.440900128396852024e-06,9.834457969847972231e-06,9.147125944098336437e-06,9.272406275621777603e-06,8.701225784580634469e-06,8.283933461631120588e-06,9.440975057122319553e-06,9.585677546718883687e-06,9.412040913956010852e-06,1.033668342867523697e-05,9.371787609000897055e-06,9.946513079194423799e-06,9.355459317499720807e-06,9.631827418229035149e-06,9.633633132554980102e-06,9.502676848165351382e-06,9.827507302086078823e-06,9.354189121606447613e-06,9.720023993225200868e-06,9.557398903928743789e-06,9.288047309270704355e-06,9.946804878290948522e-06,9.248485468919681121e-06,9.309501768022500619e-06,9.175767551478228044e-06,9.328639683846782214e-06,9.655094998349913506e-06,9.470262238477888589e-06,9.254396632633852889e-06,9.529904090033401292e-06,9.268221259147695209e-06,9.141002539038236993e-06,9.333822439503497643e-06,9.296853004384707193e-06,9.572151083077532445e-06,9.360407234455735037e-06,9.262104979426195821e-06,9.506371959233577570e-06,9.067551364981728531e-06,9.051301860000296915e-06,9.364592446959531634e-06,9.295529296274552763e-06,9.188145020250169915e-06,9.191123136038570536e-06,9.540285997182964070e-06,9.094821182126551501e-06,9.128004871400727144e-06,8.999685373037745250e-06,9.128095549272602049e-06,9.076475729007315601e-06,8.779470139812121387e-06,8.951080029362176914e-06,8.908643751879709492e-06,8.892772772546339347e-06,9.138577152363215532e-06,8.896987541792494318e-06,9.187196807464658409e-06,9.038928816571158023e-06,9.108069061537487707e-06,9.467579801979993077e-06,8.621637529448372488e-06,8.705810893310735900e-06,8.732119091116000858e-06,9.001451088614467077e-06,8.810940551043302895e-06,9.246112173996144927e-06,8.714434330303550951e-06,8.767791360095799572e-06,8.787325797550955974e-06,9.029201177048791025e-06,8.523474215839886491e-06,8.839729478193392693e-06,8.406949180515319625e-06,9.052999102091936003e-06,8.679927788449367184e-06,8.976824242111637909e-06,8.811132832850908860e-06,9.104591410251537453e-06,9.408645734410489209e-06,8.650718218582141865e-06,8.407696332387241251e-06,9.034167974837593526e-06,8.619309746592503985e-06,8.844482427392417315e-06,8.362699891001124141e-06,8.550140626629476219e-06,8.055917069017288159e-06,8.760873800517826908e-06,8.702880555750144251e-06,8.917756320128019217e-06,8.606348245622845000e-06,9.011778909183388873e-06,8.286444346278084848e-06,8.269826912618990719e-06,8.448683375712477992e-06,8.704188799343314472e-06,9.194344642854015198e-06,8.824182556634138815e-06,8.673549609432051931e-06,8.238153017993634332e-06,8.372885347755535830e-06,8.817293399177861393e-06,8.958951442228526888e-06,8.540390856026065189e-06,8.760610407766883072e-06,8.402064066433485498e-06,8.572127550865630234e-06,8.520775581498428122e-06,8.453725846719282593e-06,8.360403562653234810e-06,8.961688229666671331e-06,9.412187340781350296e-06,8.995127004633067115e-06,9.316699683431507278e-06,8.960712802974277717e-06,9.330763815924551937e-06,9.118014313972604232e-06,9.343459365555988478e-06,9.455888665512449248e-06,9.399510847966327824e-06,9.584861649640560646e-06,9.884784619063887462e-06,9.900811269617904015e-06,1.010541974571959917e-05,8.955646453616191181e-06,9.794224264633852648e-06,8.985516042533375956e-06,9.430015975685563436e-06,9.056211492295711458e-06
9.361805593825042436e-06,9.268683983339711782e-06,8.338047947209203598e-06,8.496127570837299392e-06,8.563156248026977283e-06,9.014105438289362810e-06,8.971120353014923869e-06,9.225524640357464458e-06,8.814997595156334487e-06,6.545492024856978093e-06,8.135911214483915557e-06,9.044899285987755032e-06,9.469199761407804213e-06,8.846793989257597808e-06,9.030171279471532292e-06,8.168091372413716542e-06,8.289294664586354010e-06,9.072482625353827613e-06,9.217666526124950678e-06,9.081843977503081442e-06,9.371787609000897055e-06,9.628345353597971676e-06,9.395315435994333508e-06,9.097125875564062591e-06,9.291965091464324651e-06,9.334676873877435533e-06,9.141011597358770813e-06,9.508745238715725159e-06,8.842631344547844852e-06,9.328659872099476669e-06,9.217892555797170309e-06,8.880439886684614995e-06,9.620487804230859529e-06,8.830824886232203146e-06,9.025637246418501445e-06,8.858350517102080743e-06,9.113232512042219972e-06,9.238416740309313228e-06,9.202209951179682746e-06,8.909817120338328749e-06,9.167061541959346138e-06,8.927449475692128693e-06,8.860686708629460879e-06,9.027029644065997095e-06,8.951954327853666095e-06,9.078630763621720160e-06,9.011576426538444522e-06,8.784307818195655394e-06,9.176784825900386144e-06,8.797498313099401187e-06,8.712438358665383582e-06,8.990967887832759654e-06,9.022433542796653251e-06,9.103467408333270721e-06,8.931696587945675838e-06,9.258836029608574026e-06,8.841851777090863640e-06,8.846611938992608297e-06,8.826620552628791863e-06,8.657944904060176593e-06,8.842131288523060216e-06,8.581520270117735003e-06,8.678653625279501637e-06,8.676011691860502232e-06,8.609529446721649827e-06,8.850961771944994814e-06,8.840524276307924290e-06,8.939830126823621547e-06,8.789062778711467574e-06,8.837180799164851436e-06,9.111344835086720526e-06,8.549482239518629484e-06,8.538375602979767745e-06,8.357825449786444825e-06,8.766299331715552725e-06,8.568289161754724724e-06,9.019772249257869062e-06,8.343519271796524326e-06,8.563108440811735740e-06,8.788397017092193693e-06,8.908256257305324823e-06,8.379064751654197101e-06,8.536702469892301246e-06,8.324809634282238484e-06,8.937999849201455350e-06,8.431645411156354198e-06,8.684831661302176275e-06,8.628462371181487434e-06,8.787071652407012234e-06,9.228505468198761112e-06,8.432065932749125043e-06,8.181006713564418923e-06,8.867345831266701579e-06,8.407243595981992836e-06,8.640384904750704739e-06,8.124663514960923200e-06,8.291792715598953837e-06,7.838726125069160895e-06,8.415564789644036856e-06,8.348423787064963590e-06,8.624253365692877908e-06,8.174679931146416417e-06,8.600235809151050571e-06,7.787123630138836227e-06,7.930813363766692540e-06,8.057956566396699374e-06,8.399953996539106431e-06,8.825314060041833888e-06,8.493097645807558542e-06,8.303320690198808866e-06,7.881379282607977021e-06,8.235216400619281601e-06,8.420826479399430177e-06,8.538092787161231692e-06,8.164262610678706765e-06,8.321311945894525959e-06,7.736403841303397051e-06,7.811107387797996794e-06,8.046378303732768536e-06,7.821731265465702338e-06,8.085015555952631996e-06,8.487621933853038941e-06,8.966669592165993759e-06,8.483148794133760806e-06,8.953624267210575952e-06,8.741977507146600382e-06,8.958642011844870589e-06,8.844263787742976854e-06,9.011635437970163531e-06,8.779388122791818329e-06,9.024742983552965905e-06,9.104783395835194457e-06,9.573666881559980211e-06,9.534939835901603625e-06,9.593553580463014147e-06,8.659861548662848749e-06,9.398966410880940571e-06,8.947085117145063256e-06,9.130325251487851032e-06,8.639070450560859654e-06
9.422584860340122619e-06,9.497685349530642250e-06,8.554779965664037285e-06,8.677473842405583211e-06,8.745300738754539354e-06,9.128253033726949623e-06,9.274777424001528860e-06,9.453017460103760878e-06,8.905654015129684848e-06,6.896844768661584778e-06,8.666838169198377278e-06,9.474261660040930659e-06,9.900318849971687373e-06,9.217264009525824529e-06,9.309194776763836797e-06,8.151697010244184541e-06,8.176484956210339076e-06,9.417355620013127511e-06,9.595615863742765442e-06,9.303181413953557027e-06,9.946513079194423799e-06,9.395315435994333508e-06,1.065179449158409597e-05,9.289313342157761214e-06,9.678430004581935721e-06,9.550467966735456184e-06,9.463529946592711412e-06,9.910037205558565028e-06,9.218266355530868090e-06,9.695909687069895341e-06,9.509874274991695012e-06,9.174936227954180330e-06,9.941463303717176862e-06,9.050900862887159418e-06,9.338187806713625931e-06,9.227603013764240758e-06,9.273757685973403242e-06,9.694851172858362474e-06,9.489661854102624683e-06,9.204697116508286112e-06,9.484041743420624357e-06,9.244280037355670040e-06,9.122282968163113919e-06,9.232829639437985892e-06,9.211310329326616642e-06,9.520709464613473551e-06,9.213917826047953146e-06,9.096815950566528172e-06,9.340998489886773970e-06,8.914628827283148523e-06,8.953671982593724079e-06,9.254674764639218525e-06,9.185396188895940959e-06,9.193848168026321754e-06,9.251874325245939643e-06,9.456394534905012854e-06,9.005714024597229450e-06,8.958131664279491571e-06,8.997331932204237034e-06,8.965882116380698030e-06,8.959142266119869688e-06,8.673791552397092143e-06,8.676283518090826473e-06,8.724860184472312859e-06,8.701361977090666256e-06,8.958174594967743620e-06,8.758997846730861886e-06,8.916181774743781776e-06,8.845975293034288465e-06,8.986798263155260533e-06,9.330917259963039960e-06,8.434885926352683660e-06,8.577128838109807031e-06,8.443669398482471128e-06,8.897482556138649741e-06,8.649147585584361303e-06,8.876924197055369783e-06,8.624291891428278572e-06,8.688650741253679021e-06,8.622145859988639510e-06,8.927612294207800685e-06,8.394890456555431670e-06,8.611472376717719187e-06,8.367434351458301911e-06,9.035679554727233583e-06,8.491537590194832104e-06,8.863276274200433013e-06,8.669881112919674367e-06,8.854717115154605157e-06,9.300485704610046638e-06,8.550619563527871622e-06,8.193358490346192705e-06,8.803358400757778693e-06,8.505477535939902974e-06,8.590908884011017171e-06,8.084645712857697382e-06,8.376898435441420781e-06,7.904531357452650609e-06,8.515376238277734712e-06,8.451642103831682646e-06,8.592055802420833758e-06,8.430212885145861010e-06,8.646570606947019081e-06,7.815180077459936124e-06,8.005244639130270135e-06,8.266133430465229324e-06,8.586250252675704250e-06,8.927630825459507101e-06,8.568926869128235050e-06,8.462225751459636478e-06,7.943280388264067860e-06,8.311282066944822376e-06,8.454095432525997751e-06,8.650867558291899302e-06,8.153125217716886565e-06,8.433011569665617462e-06,8.087134206087914217e-06,8.343254811842754475e-06,8.419387078978828040e-06,8.219916720122032403e-06,8.249364505087664995e-06,8.782558690332356520e-06,9.237304677659471453e-06,8.854482681850438713e-06,9.403206241055488395e-06,9.037106222087944217e-06,9.110396392029481498e-06,9.055111718869868396e-06,9.297836462854921013e-06,9.311398390238066864e-06,9.568239028772127967e-06,9.523149174175084470e-06,9.918442803805823236e-06,9.975671886389183611e-06,1.016567822014512651e-05,9.127309843918686081e-06,9.793992213213550746e-06,9.195185914562440895e-06,9.434334138848181938e-06,9.346271058327174555e-06
9.442309514242964408e-06,9.406097143793219189e-06,8.375660275052733853e-06,8.534790952570781841e-06,8.395453525146453897e-06,8.952426371862283867e-06,9.164407220465294062e-06,9.373360406620364875e-06,8.838781404647007669e-06,6.078416667046916847e-06,8.280297055564640800e-06,9.220565072030079625e-06,9.537772331849762172e-06,9.103614657630730889e-06,9.070813916270027027e-06,8.037087564754559696e-06,8.517672180468963263e-06,9.174553363540520229e-06,9.343325981431294870e-06,8.967451230260424112e-06,9.355459317499720807e-06,9.097125875564062591e-06,9.289313342157761214e-06,9.891230723765363737e-06,9.288289649232514471e-06,9.128439577991338160e-06,9.228699786346376453e-06,9.525006053776396441e-06,8.939522021689704908e-06,9.280836599585086771e-06,9.218551183810326537e-06,9.075646656804284705e-06,9.698684281148875399e-06,8.779926838373072005e-06,8.973924595044373650e-06,8.726600685189120712e-06,8.933339095531528130e-06,9.170402867880474474e-06,9.342486494841444484e-06,8.813901540178592330e-06,9.130101929106733516e-06,8.883324120875974762e-06,8.651770798740322953e-06,8.952517487865296520e-06,8.746892090232057335e-06,9.139322545652008524e-06,8.853671130141218734e-06,8.678517024497083750e-06,8.950497561659307626e-06,8.675573486507171309e-06,8.570451723964590785e-06,8.914302107663128175e-06,8.985812699021265626e-06,8.944800049137144763e-06,8.935469525399364736e-06,9.168588771404004019e-06,8.607646292972243233e-06,8.625637409847019093e-06,8.603541440641369385e-06,8.541786192594741638e-06,8.705324000296565007e-06,8.471648138276258362e-06,8.458718082782061451e-06,8.465849867484928965e-06,8.439978424291553143e-06,8.734677505467548233e-06,8.601952661463510921e-06,8.673223350617416318e-06,8.567397546480003102e-06,8.537841896882561064e-06,8.936142288193379277e-06,8.317948528728814545e-06,8.294799522391411742e-06,8.091373347238181566e-06,8.437547172672838627e-06,8.368157425160928446e-06,8.680506658391653164e-06,8.179875341917806404e-06,8.142068730921466188e-06,8.399508638948111083e-06,8.535587727740262025e-06,8.097620820165878607e-06,8.263162141272981489e-06,8.043712783103174600e-06,8.709702463391438441e-06,8.051732616219069901e-06,8.507475470639428165e-06,8.232915950156726538e-06,8.306542750001042985e-06,8.786227492711341693e-06,8.016664684375335596e-06,7.621282524467812816e-06,8.369596976842707492e-06,8.118099501066959679e-06,8.194839134186891633e-06,7.581272308253231165e-06,8.005686058599067754e-06,7.485827752212507281e-06,8.052669882045518504e-06,8.013571062897987992e-06,8.300296920108486936e-06,7.813043952184444571e-06,8.299501107429905434e-06,7.642622202748195387e-06,7.598337181984941599e-06,7.784947875506719587e-06,8.057187268962085958e-06,8.466516630074700402e-06,8.118672686923715794e-06,8.073744422029755294e-06,7.582577300858994184e-06,7.821003739784784778e-06,8.204577988005611129e-06,8.362643106887581761e-06,7.826789433245115522e-06,8.108649575389602663e-06,7.569247567937387389e-06,7.615439081102307776e-06,7.762256395396319620e-06,7.704808868183962738e-06,7.639837527566438428e-06,8.224125516245117337e-06,8.680032253442372179e-06,8.142412476120294037e-06,8.799299902918688164e-06,8.369115000965282388e-06,8.729058164637942292e-06,8.479202583616741429e-06,8.947235640020578850e-06,8.888785806890396688e-06,8.671201630066664319e-06,9.083674771050259566e-06,9.337592319606103695e-06,9.425662055855173272e-06,9.567571077408044251e-06,8.575256320542978431e-06,9.265721077969935924e-06,8.818334774591001209e-06,9.177380404273927984e-06,8.751850742663070361e-06
9.506564625228014986e-06,9.532248631532404986e-06,8.459746104286635984e-06,8.731231250591592381e-06,8.532709471295220422e-06,9.126490492259730389e-06,9.343637750892176130e-06,9.519265157305368283e-06,8.992116941413802060e-06,6.079378747590405536e-06,8.519466165266885999e-06,9.503686680614968071e-06,9.790532204514797022e-06,9.110350673508303785e-06,9.189935947567769517e-06,8.113749525172538814e-06,8.793745593187384739e-06,9.461956670020672629e-06,9.562786981090433733e-06,9.277058420123388159e-06,9.631827418229035149e-06,9.291965091464324651e-06,9.678430004581935721e-06,9.288289649232514471e-06,1.011712294478689391e-05,9.555926384054684716e-06,9.439426735746354495e-06,9.692215726040615876e-06,9.103263673302310703e-06,9.727587184596579636e-06,9.443622768621908633e-06,9.356163117530165785e-06,9.988207400853012246e-06,9.110875477857582072e-06,9.271002478728703858e-06,9.075675154411643256e-06,9.351406782908468443e-06,9.527964328647717059e-06,9.536346974657120544e-06,9.210164027404429840e-06,9.425381860974138131e-06,9.172049360125361650e-06,9.113031408115976852e-06,9.342745184280666840e-06,9.305859000933824657e-06,9.340210212639040769e-06,9.131091549234301451e-06,9.016088160233123153e-06,9.334271564940713428e-06,8.888198880892130723e-06,8.927027712195425725e-06,9.283159778812785613e-06,9.250726303497687359e-06,9.225743487110526280e-06,9.112855295029201211e-06,9.440738715953421161e-06,8.982826079631845120e-06,9.155320664187373674e-06,8.973009020735964484e-06,8.907854502072017495e-06,8.975834403554727028e-06,8.713316529234664762e-06,8.796382944702520797e-06,8.890332709141510613e-06,8.800363313171711218e-06,9.055359346455615913e-06,8.879042288001148694e-06,9.054612130828547563e-06,8.910315390604298057e-06,8.888623941118301952e-06,9.173936851192601220e-06,8.596326275705548682e-06,8.512029127608806921e-06,8.505048250151782586e-06,8.920565305257294319e-06,8.669655227848274362e-06,9.071790833120721892e-06,8.580932311366287833e-06,8.647166098387838208e-06,8.869730952338227470e-06,8.864646677424020910e-06,8.384995702273141075e-06,8.658536634530898963e-06,8.397696176718130390e-06,9.003945911083810190e-06,8.418584312643991540e-06,8.769487126559765696e-06,8.692225592937777339e-06,8.789242044709734945e-06,9.221513480750691754e-06,8.550717610245780445e-06,8.233236334225690328e-06,8.826509737656010251e-06,8.428053776607756164e-06,8.638469040153792271e-06,7.990915262416068196e-06,8.441498233194013142e-06,8.100777612887144307e-06,8.496030515435459108e-06,8.288040009077205219e-06,8.618779289739805468e-06,8.258623046928066858e-06,8.482265630485228040e-06,7.915023846837949286e-06,7.879253658069390975e-06,8.148170498446736715e-06,8.376142251780917155e-06,8.940022922670679724e-06,8.581997667220927646e-06,8.343705897490501480e-06,7.922247175617021852e-06,8.150828656733897018e-06,8.331351070734114282e-06,8.703624060104575127e-06,8.377540244041625447e-06,8.393023039316457626e-06,7.988210510187976335e-06,8.071363119987433812e-06,8.154757406240463455e-06,8.018042401946610251e-06,8.053158878185759774e-06,8.657010396014471870e-06,9.038823978290348621e-06,8.642431396230479789e-06,9.087439279999670285e-06,8.619659382888356371e-06,8.924580179751778435e-06,8.629308701593296416e-06,9.116123007674491465e-06,9.010346826906914127e-06,8.983538304439987534e-06,9.261150125395953782e-06,9.457317051263590917e-06,9.595113680700753227e-06,9.929107107635751580e-06,8.718161484376962125e-06,9.338848019450674120e-06,8.775200096502973874e-06,9.006618288644354628e-06,8.815943125158702000e-06
9.419651498793401177e-06,9.441824781414088114e-06,8.650835127409773665e-06,8.832184953902868360e-06,8.656419759902922754e-06,9.125531790321872981e-06,9.201861572502114233e-06,9.536667835593490574e-06,9.045173971139481705e-06,6.447803839440201721e-06,8.326237802149690751e-06,9.311856157716275452e-06,9.423508266889796026e-06,9.144141952629015953e-06,9.199387696378442261e-06,8.694808427442856280e-06,8.549869022525725975e-06,9.297342613195058353e-06,9.529079552830959970e-06,9.498054906316577149e-06,9.633633132554980102e-06,9.334676873877435533e-06,9.550467966735456184e-06,9.128439577991338160e-06,9.555926384054684716e-06,1.040150456032872828e-05,9.504293294665785074e-06,9.595610911541594941e-06,9.239949053999558379e-06,9.594108432470000223e-06,9.463736107838978853e-06,9.213944973414012313e-06,9.973696128333987040e-06,8.988345217507266011e-06,9.139854672697892728e-06,9.135429561163865936e-06,9.369646706430058807e-06,9.526518612740193654e-06,9.326179828368437151e-06,9.140093715928325371e-06,9.502166632065138876e-06,9.251856163156329884e-06,9.075618125538162782e-06,9.324528478641926893e-06,9.294191714101649991e-06,9.229458153465746603e-06,9.199025772489683546e-06,9.124311312961020279e-06,9.482110868747882932e-06,8.718513753069424366e-06,8.981914637751242815e-06,9.297672365832287332e-06,9.323048425777509480e-06,9.164299362253264215e-06,9.102495316287065438e-06,9.334414169845387996e-06,9.055141339394520900e-06,9.174714463995517889e-06,8.970826235294956488e-06,8.953649718507290849e-06,9.001705328792368395e-06,8.833728128340149991e-06,9.003768305319862294e-06,8.795156159558142176e-06,8.861716891593037171e-06,9.040542955677556219e-06,9.091732679512060409e-06,9.067002252974428275e-06,9.131681250781924618e-06,9.022656798288544540e-06,9.106925391409143481e-06,8.769070634380009919e-06,8.720401871378195220e-06,8.717610526725561265e-06,8.967867406279264082e-06,8.755780588175545440e-06,9.117708184829181734e-06,8.598012418747036934e-06,8.695895095844209503e-06,9.105739774405079514e-06,9.129352784307797407e-06,8.587659608658406305e-06,8.854867589087489797e-06,8.517096508644662997e-06,9.214703156224151242e-06,8.769377311619162258e-06,9.060111460443965906e-06,8.934806230991774290e-06,9.201587853525495009e-06,9.473829653678522231e-06,8.703869185909474660e-06,8.421072250848475089e-06,9.059712632752717448e-06,8.913715911652453919e-06,8.950113769001065089e-06,8.369314747236351719e-06,8.811081746046142831e-06,8.534564234496947512e-06,8.889236907983621774e-06,8.693404283254500402e-06,8.950822897029476186e-06,8.564731762199715278e-06,9.032649117113836047e-06,8.412091546023552530e-06,8.379386505968244468e-06,8.697888496999232026e-06,8.963942507567643350e-06,9.395065890400214372e-06,8.975428937287689563e-06,8.588989791204934725e-06,8.170368461482438197e-06,8.578975363453093206e-06,8.844324837918876123e-06,9.054399025881555718e-06,8.708107128207369043e-06,8.962326734246922315e-06,8.277498498663298163e-06,8.428148290618477496e-06,8.673029592244244911e-06,8.475707402371558173e-06,8.654487870729115099e-06,9.065239053584719697e-06,9.613021222268338577e-06,9.215588180236362233e-06,9.284894731340952233e-06,9.069660161335152694e-06,9.333310554673311598e-06,9.133434175445540672e-06,9.334233714040634326e-06,9.627615469848559349e-06,9.503941526201885900e-06,9.815653949830862687e-06,1.028288195285562018e-05,1.008391151809902724e-05,1.014802930160764234e-05,9.184082395419374125e-06,9.938449258342870639e-06,9.421917010231777045e-06,9.596564383584232317e-06,9.140326421523593830e-06
9.379206922205599712e-06,9.370861479197460382e-06,8.523282646124065058e-06,8.672883344502302545e-06,8.562716800454887338e-06,8.942094655428877445e-06,9.277352021014727171e-06,9.375477266513179751e-06,8.945304580271665304e-06,6.038720837354202474e-06,8.405757207662960343e-06,9.268681034748230263e-06,9.574586485302060191e-06,9.043954828416031429e-06,9.141561950480036548e-06,8.358388915537483921e-06,8.558184706175427160e-06,9.231785989830394002e-06,9.365653361252447662e-06,9.050180040936935111e-06,9.502676848165351382e-06,9.141011597358770813e-06,9.463529946592711412e-06,9.228699786346376453e-06,9.439426735746354495e-06,9.504293294665785074e-06,9.817340107558079429e-06,9.483838481043830443e-06,9.068056516292033104e-06,9.422984772279884735e-06,9.432757237306744000e-06,9.199203251115563234e-06,9.804814727781107820e-06,8.967790888966419607e-06,9.203153411061084540e-06,8.945500701492284590e-06,9.140209240762170220e-06,9.283505621581638985e-06,9.337768867340780435e-06,9.066574431967151367e-06,9.300983095680006262e-06,9.060520658545748499e-06,8.962599296180726708e-06,9.225527790014559042e-06,9.084184568221125700e-06,9.182792360241702346e-06,9.047485568956252277e-06,8.936720684630215794e-06,9.248485512408283869e-06,8.739022910721375596e-06,8.856564013280096692e-06,9.183959896179404831e-06,9.185466148383633926e-06,9.159031702421883300e-06,9.091291127436749875e-06,9.379917848394969050e-06,8.891243058927411096e-06,8.991767943209608789e-06,8.943132501612826674e-06,8.812377236947271369e-06,8.984428352014514168e-06,8.734029388025964976e-06,8.909605311715704403e-06,8.796979556542991073e-06,8.830763809826707244e-06,9.097145930578672649e-06,8.902682837400591325e-06,8.980000767463345153e-06,8.884572388467964344e-06,8.991740609039779267e-06,9.123608031207345407e-06,8.610374342662984614e-06,8.674168362599498689e-06,8.678608995690414784e-06,8.849948198922317547e-06,8.719684226552927738e-06,9.166379289631422156e-06,8.600374335979837158e-06,8.583430045360586469e-06,8.900143830276913378e-06,9.022471171411344760e-06,8.408080853219625391e-06,8.829639283426240966e-06,8.454465068997512616e-06,9.208640052920288844e-06,8.633238307493998012e-06,8.906683222790318281e-06,8.715949933798202801e-06,8.875102763178345242e-06,9.337804706943164101e-06,8.708799676910656602e-06,8.397899289530650848e-06,8.904672554620835997e-06,8.571418228580656600e-06,8.791844425696659977e-06,8.139574880349293836e-06,8.637797661060203291e-06,8.336734633225321674e-06,8.659534010913293132e-06,8.501795536308819287e-06,8.792276948587835254e-06,8.402226894238018945e-06,8.815732214045524109e-06,8.192377419675814603e-06,8.301083009887911298e-06,8.474093578134896028e-06,8.711200596595173381e-06,9.165452403963476248e-06,8.748527600585346702e-06,8.552990963651140946e-06,7.926740370070216879e-06,8.551918145548233907e-06,8.645068194864158326e-06,8.896253849621709944e-06,8.555220105874848064e-06,8.687103985682830280e-06,8.293769148902759673e-06,8.432448713453783432e-06,8.540611789457670862e-06,8.368992118705310187e-06,8.219951683411782771e-06,8.799585801456128988e-06,9.241883737492310967e-06,8.745518663682064808e-06,9.183782288812602937e-06,8.751676358035492795e-06,9.198122624458891940e-06,8.934196398052476873e-06,9.493434311411421772e-06,9.278224562328594898e-06,9.323494293268998307e-06,9.481893670021088497e-06,9.885947591404890247e-06,9.700337181639019646e-06,1.004311706287339249e-05,9.194308829612292961e-06,9.659431679860755346e-06,9.284312521140178221e-06,9.350692447302307248e-06,8.908594292655216168e-06
9.515999621969717444e-06,9.455519407639255899e-06,8.581795294506816042e-06,8.720420120439060913e-06,8.641887529161160913e-06,9.212726474357400480e-06,9.300889752685383757e-06,9.558774940459537406e-06,9.088382583489055771e-06,6.405320027907332605e-06,8.441266116130606003e-06,9.482711225434412096e-06,9.798807766851831921e-06,9.200569099872463714e-06,9.346616325559717084e-06,8.475509403445072524e-06,8.277579864989304803e-06,9.412893756369075042e-06,9.605530670722212751e-06,9.380807219299112817e-06,9.827507302086078823e-06,9.508745238715725159e-06,9.910037205558565028e-06,9.525006053776396441e-06,9.692215726040615876e-06,9.595610911541594941e-06,9.483838481043830443e-06,1.045844329812225549e-05,9.298384494231905407e-06,9.816827468704825306e-06,9.631393969607411832e-06,9.349419632214006970e-06,1.002684904551839285e-05,9.230193927019384183e-06,9.491260538107602700e-06,9.252357686782770838e-06,9.553593174476266627e-06,9.728632034392249381e-06,9.708064459677288597e-06,9.413391840101037046e-06,9.683177520315557546e-06,9.386911463203841488e-06,9.312590348220969432e-06,9.467576363321208142e-06,9.382230019131079495e-06,9.671577471530364581e-06,9.537622796522222983e-06,9.297503396345293362e-06,9.555883052903105888e-06,9.191005066923637045e-06,9.222833637214251020e-06,9.458191489320863141e-06,9.451923030471911683e-06,9.466850111476446633e-06,9.490077982604923780e-06,9.752460255179636780e-06,9.376984160317669857e-06,9.295458023322636615e-06,9.261725996335758406e-06,9.201629221833142595e-06,9.350420354955037497e-06,8.981564509339005895e-06,9.125008951860415064e-06,9.170460886499888677e-06,9.095666370183810159e-06,9.398657729814521898e-06,9.213548392508742556e-06,9.444122330559086883e-06,9.223095431035826838e-06,9.237724619475421941e-06,9.661144268025134634e-06,8.903615522766310659e-06,8.878024743668094728e-06,8.856514820382689282e-06,9.236846106883349041e-06,8.971986282776975519e-06,9.401971824047925344e-06,9.032012004729395331e-06,9.025980608692707379e-06,9.164702223994550319e-06,9.310765374475730801e-06,8.792329222180629770e-06,9.011974292884906108e-06,8.807550945371881766e-06,9.464449347766657074e-06,8.892075699803024506e-06,9.236689581099934021e-06,8.978195316667593486e-06,9.247287357667278312e-06,9.586982773931339774e-06,8.862712295032848040e-06,8.574946153131170543e-06,9.193982677919777970e-06,8.883182953916430593e-06,8.997071111457370405e-06,8.467012415512161256e-06,8.699501830294520516e-06,8.242490531062324604e-06,8.867980884012532865e-06,8.850564181555228399e-06,9.062738425490344420e-06,8.644248545298004389e-06,9.075889460566369523e-06,8.168079686583659899e-06,8.214730933353647872e-06,8.520645636592130400e-06,8.681124630395285259e-06,9.119677607034188673e-06,8.879249064293212885e-06,8.679695591448655440e-06,8.279306719188380971e-06,8.420002548871442097e-06,8.771787592038735994e-06,8.887100056112419267e-06,8.431912953000696666e-06,8.468884479972685683e-06,8.193593131626058528e-06,8.360345702752038416e-06,8.295206682703992903e-06,8.149900314927090023e-06,8.197463646698892307e-06,8.709068960225707417e-06,9.217798088130166009e-06,8.738479041561931772e-06,9.207427153871307069e-06,8.804500785608842129e-06,9.002275381019367125e-06,8.849232432275782735e-06,9.338063240582466509e-06,9.226779207151070836e-06,9.326229895441617021e-06,9.397649962019338822e-06,9.892027176938199756e-06,9.774693164777351745e-06,9.868956245383706210e-06,8.974982286348978370e-06,9.709928430303118354e-06,8.946999158527684342e-06,9.136233020118714006e-06,9.008763981157120944e-06
8.921526615476198249e-06,8.921487642177910701e-06,8.122426789653708714e-06,8.162645738593097655e-06,8.214329067437328987e-06,8.584780458021070370e-06,8.677991518744023266e-06,8.943885426924449538e-06,8.551983569780385465e-06,6.287401245964184700e-06,7.973251150885869831e-06,8.869672747946446133e-06,9.200128842236831713e-06,8.725665082567254916e-06,8.775274622861604587e-06,8.079696070367328807e-06,7.943751841097403891e-06,8.895223726053522176e-06,9.001622372850508934e-06,8.944521525669095596e-06,9.354189121606447613e-06,8.842631344547844852e-06,9.218266355530868090e-06,8.939522021689704908e-06,9.103263673302310703e-06,9.239949053999558379e-06,9.068056516292033104e-06,9.298384494231905407e-06,9.259035186905441103e-06,9.167746189124916249e-06,9.069203152624086172e-06,8.842547376651398356e-06,9.586809876477232856e-06,8.688526890705438514e-06,8.935323159572493125e-06,8.733902999718582845e-06,9.005275776646230445e-06,9.190448055820498439e-06,9.092859214042366334e-06,8.830308306335580299e-06,9.082295295855920690e-06,8.916679844975581895e-06,8.764965137716710996e-06,8.982339901622752348e-06,8.886181911456158441e-06,9.097007413806257624e-06,8.893988915171107025e-06,8.860685196502489391e-06,9.138538060818027404e-06,8.557548463155188246e-06,8.711122696462765094e-06,8.980274010799234639e-06,9.035103130385650956e-06,8.969778551381982093e-06,8.875311498457277894e-06,9.185741367362258012e-06,8.818222862180101907e-06,8.846620506646130905e-06,8.648070371113596896e-06,8.775832396763740066e-06,8.717606628760956702e-06,8.520299415906085197e-06,8.674801055895714106e-06,8.585221883129626804e-06,8.550794803732853156e-06,8.787913603820148619e-06,8.722062342735363382e-06,8.818534241033453935e-06,8.712353759817802987e-06,8.738778814654619775e-06,8.914167940414511124e-06,8.349303730718917967e-06,8.433150714500023602e-06,8.322271277881610336e-06,8.617525576954054395e-06,8.534424046298786807e-06,8.772620225261452465e-06,8.424724871040357841e-06,8.316633721867345595e-06,8.417697587420060293e-06,8.683208383841835296e-06,8.107967876438404838e-06,8.396813703269891867e-06,8.112995975763067827e-06,8.742893530806247258e-06,8.251553840109397019e-06,8.689902327062123179e-06,8.442275609651686373e-06,8.607906737764749175e-06,8.937456184240450487e-06,8.251434589716491089e-06,7.951065862864699544e-06,8.744300964993796625e-06,8.276736409582778289e-06,8.344829364539185098e-06,7.869567645054911722e-06,8.087089457491425029e-06,7.789248179260326540e-06,8.273095729669859599e-06,8.272715422524776557e-06,8.440199905080179364e-06,7.991909945536543338e-06,8.452699939319368978e-06,7.866681193842299161e-06,7.903817374808216981e-06,7.952200973727630842e-06,8.300286959283968417e-06,8.726665982529721143e-06,8.396630056312231563e-06,8.005423727397924889e-06,7.643294614135514572e-06,7.883639414095172022e-06,8.234726465082479709e-06,8.460963744934509167e-06,8.041082942069004526e-06,8.234445017181807599e-06,7.867004398032074902e-06,8.015540441294074817e-06,8.026808826294928824e-06,7.835241077861406034e-06,7.785998740376368668e-06,8.339236695436577241e-06,8.841083086983347433e-06,8.436912176079211742e-06,8.742819010750898620e-06,8.430590990204303440e-06,8.737265574041281875e-06,8.571657602319835158e-06,8.829855463378787902e-06,8.850257566579989094e-06,8.786700143641688730e-06,8.896339159479520724e-06,9.186239767195028671e-06,9.286135963714119108e-06,9.490921071537192466e-06,8.620665235366364295e-06,9.231515291880456158e-06,8.525572796114678256e-06,8.802920982581998154e-06,8.576615446076767116e-06
9.453035152418698118e-06,9.369254789633872473e-06,8.476537537161116015e-06,8.623870396976725871e-06,8.507324504482973747e-06,8.968950525362427622e-06,9.231859001525562244e-06,9.380999045722329663e-06,8.868071486969447806e-06,6.063290007995747261e-06,8.406700668642799545e-06,9.452531746622855818e-06,9.651113172033311841e-06,9.025784951071265315e-06,9.146302847148409331e-06,8.126245635300251857e-06,8.471557839289308735e-06,9.440629471416259676e-06,9.381922380495345915e-06,9.234103335457729143e-06,9.720023993225200868e-06,9.328659872099476669e-06,9.695909687069895341e-06,9.280836599585086771e-06,9.727587184596579636e-06,9.594108432470000223e-06,9.422984772279884735e-06,9.816827468704825306e-06,9.167746189124916249e-06,1.019432379648552044e-05,9.617808468101465510e-06,9.387777364390603081e-06,9.953166887812955652e-06,9.235826293125012882e-06,9.349950822484138583e-06,9.270245839682359298e-06,9.424774348366384602e-06,9.681544297884086867e-06,9.719417340450397350e-06,9.459912887262606154e-06,9.602092144998710527e-06,9.404561260512360276e-06,9.333730089510808598e-06,9.552379247171943465e-06,9.481790165830621903e-06,9.592526056328996625e-06,9.550226501037533671e-06,9.386707812991501425e-06,9.714531589162766741e-06,9.216727512777195134e-06,9.317186930995602679e-06,9.538644865560694353e-06,9.595366675697394402e-06,9.489844657330496870e-06,9.492239836658183163e-06,9.824745022638342010e-06,9.416126157667690933e-06,9.477829075511649227e-06,9.407945201098386393e-06,9.323488617324569760e-06,9.292780493188286593e-06,9.125938757929794878e-06,9.308324544768387188e-06,9.213392056708119270e-06,9.234397041123625104e-06,9.504739326425375246e-06,9.413133881430655380e-06,9.537251694691451249e-06,9.375113157440790449e-06,9.399714397041668518e-06,9.726773253032345700e-06,9.010013690321518913e-06,8.994355277847288004e-06,9.121393521686756666e-06,9.385280187860543943e-06,9.194164792580559103e-06,9.521424833273859931e-06,9.078153595638722216e-06,9.180740440481414762e-06,9.327888212009539386e-06,9.404888674606921704e-06,8.940363198774875587e-06,9.282399902263169873e-06,8.875320388204922911e-06,9.500712171316631654e-06,8.963677900984987640e-06,9.152295827034301261e-06,9.128903906709821597e-06,9.417643506918012934e-06,9.634665233803623184e-06,8.980209305879820100e-06,8.729261335134265350e-06,9.133356842370047115e-06,8.838899469572424723e-06,9.002019702004023468e-06,8.496152677383976378e-06,8.843918597744314695e-06,8.444129865028287925e-06,8.947660975921684822e-06,8.716326140030739082e-06,9.021349798156879754e-06,8.681534463190481604e-06,8.998563614575580969e-06,8.322010471357787226e-06,8.263043920351222628e-06,8.407111071597377159e-06,8.772316737639976485e-06,9.193622365427484057e-06,8.832596829205585244e-06,8.636664011507138780e-06,8.188727357781252448e-06,8.416135013421633139e-06,8.742238235130746966e-06,8.934646544275589197e-06,8.522127963523697610e-06,8.657040567257025967e-06,8.299221020610162412e-06,8.343597210480246378e-06,8.291824360366501227e-06,8.156430242422609055e-06,8.256697719845581935e-06,8.782191420633690934e-06,9.168433860373432020e-06,8.698318325478495360e-06,9.107959826417569074e-06,8.669687518216109460e-06,9.040229668139229254e-06,8.815223209039072484e-06,9.158301275622162340e-06,9.113937224189577440e-06,9.285234302933286919e-06,9.375049711239648954e-06,9.711989573451797753e-06,9.794391784001902897e-06,9.813319726895972295e-06,8.880396659136651383e-06,9.376165998902457507e-06,9.098469126073753941e-06,9.021216268086489957e-06,8.869271154347738484e-06
9.345326723265525953e-06,9.297858876919042458e-06,8.482205942683143540e-06,8.519845019007704696e-06,8.478531116580988387e-06,8.797358620344187676e-06,9.181492161320538376e-06,9.266628658049531011e-06,8.858093440530177267e-06,5.941057760222628896e-06,8.185306483919808449e-06,9.232155124649561343e-06,9.495157691428157473e-06,8.947891301147537909e-06,9.107101128326581472e-06,8.207224111291247902e-06,8.442579635757695738e-06,9.290243024179294651e-06,9.353204022646990931e-06,9.162110169314092371e-06,9.557398903928743789e-06,9.217892555797170309e-06,9.509874274991695012e-06,9.218551183810326537e-06,9.443622768621908633e-06,9.463736107838978853e-06,9.432757237306744000e-06,9.631393969607411832e-06,9.069203152624086172e-06,9.617808468101465510e-06,9.831929056327456365e-06,9.159846519918447811e-06,9.873074864388743072e-06,9.099165329217302035e-06,9.192473704250190644e-06,9.103693889848263619e-06,9.278129939139600794e-06,9.516298010307610214e-06,9.500538181929369039e-06,9.218169324620597535e-06,9.404086590734846976e-06,9.268166392281394195e-06,9.120625131968004682e-06,9.324862001800484233e-06,9.165609870833443554e-06,9.461122008360882765e-06,9.360119384158776726e-06,9.199624074576182153e-06,9.421306455750209590e-06,8.970613617523739828e-06,9.124993459266987300e-06,9.237081790680959698e-06,9.298004421257430685e-06,9.307805312816178772e-06,9.258659759666402540e-06,9.517816816516041874e-06,9.149609604490964156e-06,9.186541553065863072e-06,9.205320013994029002e-06,8.964448390738886827e-06,9.125240683536431664e-06,8.953510732496741079e-06,9.067939548277572620e-06,8.962420340258353131e-06,8.878196673833471181e-06,9.289729095258659672e-06,9.120873193663736554e-06,9.240287578260368513e-06,9.074668120700243930e-06,9.110860295640927758e-06,9.489614428594928824e-06,8.709693543286027562e-06,8.740226765115006088e-06,8.784998242977578445e-06,9.026990495185662069e-06,8.885901935214901416e-06,9.262377853769745910e-06,8.766063845122319868e-06,8.784432858673850805e-06,8.951255897658197709e-06,9.178360691296858683e-06,8.520425560973453625e-06,8.911232018739847927e-06,8.569778382562229368e-06,9.232285284808542161e-06,8.601239698383913158e-06,9.008363626789199223e-06,8.866202988048015924e-06,9.030885828891914739e-06,9.313364377454489405e-06,8.698444547642201254e-06,8.390068311046822573e-06,8.856647004417908140e-06,8.636739525835441251e-06,8.776522141646804007e-06,8.299386528470937557e-06,8.665834088543444575e-06,8.260437368248764006e-06,8.672795002446818006e-06,8.514880132247585110e-06,8.848943542864408845e-06,8.546601786838842099e-06,8.785474404341461746e-06,8.067530284265230159e-06,8.040137906145129325e-06,8.328432001756362409e-06,8.575822419087863812e-06,9.007157398214653998e-06,8.576413258650551988e-06,8.387540276576982477e-06,7.938102296645403670e-06,8.312905746380557447e-06,8.478637788560870365e-06,8.649076359638877375e-06,8.261902449602276353e-06,8.468712878679277476e-06,8.101273368270256665e-06,8.276160991598770247e-06,8.202665300664932041e-06,8.018487607639768232e-06,8.098647439950568838e-06,8.555837858832578542e-06,8.909105124106143732e-06,8.602932501718174978e-06,9.000462763419864252e-06,8.618094964503362525e-06,8.885664005881976533e-06,8.774945879275989304e-06,9.181250076065714761e-06,8.799876469871919938e-06,9.005998635148505273e-06,9.100642206003327732e-06,9.551786787248589983e-06,9.513817919093928082e-06,9.685824203435237185e-06,8.722473994544249401e-06,9.314239734627612494e-06,8.750036113274460805e-06,8.859921324114975757e-06,8.518236181426633435e-06
9.326013334164037704e-06,9.272692631070508101e-06,8.147923499511537768e-06,8.421830829372545747e-06,8.199827037169290933e-06,8.727929317871372704e-06,9.054708463741050270e-06,9.273984210040692056e-06,8.670479246806883300e-06,5.295193857670187488e-06,8.305021327366722986e-06,9.289623773001808111e-06,9.362725912924557773e-06,8.861072621536748110e-06,8.849605478561956080e-06,7.755201130567581912e-06,8.852770753468883842e-06,9.206002470643401457e-06,9.115624101631231494e-06,8.885204971784319052e-06,9.288047309270704355e-06,8.880439886684614995e-06,9.174936227954180330e-06,9.075646656804284705e-06,9.356163117530165785e-06,9.213944973414012313e-06,9.199203251115563234e-06,9.349419632214006970e-06,8.842547376651398356e-06,9.387777364390603081e-06,9.159846519918447811e-06,9.653900440242608788e-06,9.802426435279283512e-06,8.910405877455870901e-06,8.948713216179349120e-06,8.762784084875704647e-06,8.985933272232933433e-06,9.140279164623139042e-06,9.432865919751120515e-06,9.027958775428218208e-06,9.171075639124110225e-06,9.018832459816422930e-06,8.699225176431216348e-06,9.037433002177082546e-06,9.072321807731437046e-06,9.120508279837517623e-06,8.886775882740675841e-06,8.844257205408515360e-06,9.199753398729121017e-06,8.763765210437534511e-06,8.734881129915480463e-06,8.989500689828151239e-06,9.068150051819074111e-06,8.926896691146009836e-06,8.998006606515274395e-06,9.006063658018318081e-06,8.760504910748005100e-06,8.944214255989846508e-06,8.705676724745018192e-06,8.676258193922999640e-06,8.670390836989542250e-06,8.551339897562384949e-06,8.688165613123038924e-06,8.691439866642811506e-06,8.649304016229694678e-06,8.935317203022234258e-06,8.737608835074357598e-06,8.887274429171087008e-06,8.611069566057656210e-06,8.604134058247859637e-06,8.898865352147921742e-06,8.439231138079455612e-06,8.456535286314370076e-06,8.377855375695912406e-06,8.593131847547066344e-06,8.621448188434420378e-06,8.912964386604137172e-06,8.331834780747467571e-06,8.486017642163601858e-06,8.864280835467838347e-06,8.702983857105845802e-06,8.264967769776845188e-06,8.455513864472899424e-06,8.054455220504787915e-06,8.755149073644079476e-06,8.311894608478224549e-06,8.513494127155999194e-06,8.570020335576792033e-06,8.703252580551811999e-06,9.071031944928642767e-06,8.398479003072095524e-06,7.924324652558872070e-06,8.578812030224760768e-06,8.214616873044544397e-06,8.471024478187123917e-06,7.831047938571376350e-06,8.257865124078273754e-06,7.870827908107459793e-06,8.241721534914636961e-06,8.041004514117984736e-06,8.385338454707465575e-06,8.061196586940783511e-06,8.409491630402570237e-06,7.902152329586637755e-06,7.847957937209312283e-06,7.908407419480345901e-06,8.201426258302721222e-06,8.790342994723451090e-06,8.265651586464916735e-06,8.098505354039803127e-06,7.724799286975916088e-06,8.146020148279371209e-06,8.360753776842492525e-06,8.350851620629599805e-06,7.977508457885231524e-06,8.364999753546850200e-06,7.528444966236795315e-06,7.731007227739891994e-06,7.960715032627211984e-06,7.728852136161562891e-06,7.845861226056465208e-06,8.237877914121515845e-06,8.854395870014442689e-06,8.352663758726105989e-06,8.858980443627242833e-06,8.562009440694672767e-06,8.831712670375510121e-06,8.603133650078743295e-06,9.041792409929250490e-06,8.976768393533649583e-06,8.707276290515622639e-06,9.098519814182869637e-06,9.466791088348945816e-06,9.654079452386999221e-06,9.676326257148938739e-06,8.447179043825647578e-06,9.280925677434355339e-06,8.758461014802865590e-06,9.036256323364060108e-06,8.574809349758819098e-06
9.732324359073501213e-06,9.707039683648389786e-06,8.726720112766011628e-06,8.912121279779645951e-06,8.738926830947081525e-06,9.198333583094028327e-06,9.553215988111518923e-06,9.674976830444309152e-06,9.251478412021012663e-06,6.181521776834173535e-06,8.795462808874456996e-06,9.718157536216131989e-06,9.996850872329937583e-06,9.420060024312442993e-06,9.484330116635180223e-06,8.255446153331431926e-06,9.137933936840218215e-06,9.792957289410205831e-06,9.778429413944852674e-06,9.644753376528043549e-06,9.946804878290948522e-06,9.620487804230859529e-06,9.941463303717176862e-06,9.698684281148875399e-06,9.988207400853012246e-06,9.973696128333987040e-06,9.804814727781107820e-06,1.002684904551839285e-05,9.586809876477232856e-06,9.953166887812955652e-06,9.873074864388743072e-06,9.802426435279283512e-06,1.085565588772553354e-05,9.431579867147169818e-06,9.645060758620451998e-06,9.485141342877328221e-06,9.729070111639158620e-06,9.963814860026108430e-06,9.995863832957584689e-06,9.643915793494932482e-06,9.890570535667723019e-06,9.726821170416959715e-06,9.436877477168561834e-06,9.756165085467531008e-06,9.656193308348473431e-06,9.830268190212751539e-06,9.656606074514558768e-06,9.560334281424782705e-06,9.840284071205115769e-06,9.379227976107363724e-06,9.508262679898189416e-06,9.679077667405481224e-06,9.737978757181188502e-06,9.632386923586049799e-06,9.687898101443559624e-06,9.955025127651941530e-06,9.531168464182105586e-06,9.688957154477636068e-06,9.366401433932112561e-06,9.283375033137345001e-06,9.403332514647128331e-06,9.287715798031700160e-06,9.386461544432368907e-06,9.374993603514676497e-06,9.293359513794286324e-06,9.578006641080962248e-06,9.491607234708655379e-06,9.561286195150628977e-06,9.381575492429469979e-06,9.462212665233469706e-06,9.613608795957237426e-06,9.139578049042571892e-06,9.139295870281760798e-06,9.057876578078210447e-06,9.328132441441292245e-06,9.277297133071320777e-06,9.663609702262287079e-06,9.159238015930190252e-06,9.140525917545860090e-06,9.294545803533106376e-06,9.452729743284317768e-06,8.853350671411930025e-06,9.151956908414092136e-06,8.783552115441192466e-06,9.528589462685015682e-06,8.990934841061590558e-06,9.266952721064385812e-06,9.270543623122646945e-06,9.350945615695113877e-06,9.755043762168890661e-06,9.083858105557033783e-06,8.694199505654262564e-06,9.441459220637849720e-06,9.068464837980197437e-06,9.027892154863103401e-06,8.553303160811307157e-06,8.954353268604566031e-06,8.587542943275849801e-06,9.039349413287599446e-06,8.829240584007195481e-06,9.125990005921513838e-06,8.827830956172020167e-06,9.046468846076880500e-06,8.624722341400748468e-06,8.630470878463371304e-06,8.643126548217632883e-06,8.999555750467208109e-06,9.526921831013752742e-06,8.977097004169412228e-06,8.857544757204374592e-06,8.301587420521649432e-06,8.746021622668872771e-06,8.974477991693593460e-06,9.198747419810136060e-06,8.671023832437739555e-06,9.067248571081977851e-06,8.364473202087424928e-06,8.689943434201889688e-06,8.723844564640512441e-06,8.448869390656062422e-06,8.552386167358670132e-06,9.145529725108002714e-06,9.718316083602468897e-06,9.111196506827929744e-06,9.550614405258405333e-06,9.309232065530969710e-06,9.604235543794253647e-06,9.398715969407059594e-06,9.737255682785412884e-06,9.590865243308666603e-06,9.720210098919766518e-06,9.704182268063603527e-06,1.027361124368371272e-05,1.028101157459866951e-05,1.047947045802772972e-05,9.237900462808768529e-06,9.929359601923633158e-06,9.434754771569129283e-06,9.875921873433031836e-06,9.403240209358974770e-06
8.967067093086819224e-06,9.084350385627507968e-06,7.975227149455766843e-06,8.096012738276013639e-06,8.237029772497260089e-06,8.433344060731221898e-06,8.670768173780861584e-06,8.915449768381391324e-06,8.253237262723464273e-06,6.124600316044168181e-06,7.870712066643309053e-06,8.829284744028236727e-06,9.128843449250949725e-06,8.510101945461886872e-06,8.668827203622610312e-06,7.601275754526825164e-06,7.988441055451843788e-06,8.841335007758708577e-06,8.897890427138160468e-06,8.749649081300206796e-06,9.248485468919681121e-06,8.830824886232203146e-06,9.050900862887159418e-06,8.779926838373072005e-06,9.110875477857582072e-06,8.988345217507266011e-06,8.967790888966419607e-06,9.230193927019384183e-06,8.688526890705438514e-06,9.235826293125012882e-06,9.099165329217302035e-06,8.910405877455870901e-06,9.431579867147169818e-06,9.331520886999421051e-06,8.899975875123252787e-06,8.813079585135917776e-06,9.024079580795326419e-06,9.169769551203283718e-06,9.248438253792314617e-06,8.839050681573971472e-06,9.193374766698156832e-06,9.034765943417251080e-06,8.811526296431156639e-06,9.017456196942616784e-06,9.043324766617762874e-06,9.224079451274987991e-06,9.062704721777782222e-06,8.987767744791281703e-06,9.301422066701199075e-06,8.845149496744161008e-06,8.826684971623197215e-06,8.969891512760502601e-06,9.266839399611551256e-06,9.011735061662747872e-06,9.038748880690262213e-06,9.246155952396252996e-06,9.022836041249194565e-06,9.060701070686553437e-06,8.903477335053700212e-06,8.899700709157683259e-06,8.834985048926645660e-06,8.650646001697385228e-06,8.899169885370921855e-06,8.823300495641934584e-06,8.776550255545713294e-06,9.017294266880119958e-06,8.867168694590880587e-06,9.190361489883959014e-06,8.911649778466194531e-06,8.991323094642600613e-06,9.352763143685729365e-06,8.552385760801725650e-06,8.652832681263358474e-06,8.627083786763023590e-06,8.944708872933377884e-06,8.719558390649069870e-06,9.259214276592463884e-06,8.672631433161734774e-06,8.694608219230444635e-06,8.856337486671805599e-06,8.930313501567058515e-06,8.545982970575247026e-06,8.937113937993592942e-06,8.173104596139773022e-06,9.001155470998743258e-06,8.677743279400999715e-06,8.960383438311010236e-06,8.749709827068893872e-06,8.914040688379352084e-06,9.294987792567206849e-06,8.524202957439445865e-06,8.185025850108344777e-06,8.905087388424030699e-06,8.425075996626263744e-06,8.723198322975445922e-06,8.192342597504382438e-06,8.562170500891092299e-06,8.106678279080855554e-06,8.517270729220154641e-06,8.598508967129626479e-06,8.630860478202827778e-06,8.198071357736770096e-06,8.892701332605245450e-06,8.062836849084540941e-06,8.021204657866608533e-06,8.079849613941744358e-06,8.455834755901696614e-06,8.909469831057021763e-06,8.362846327474031635e-06,8.326993978266176747e-06,7.987048203749504285e-06,8.195535914847996208e-06,8.422211227121287263e-06,8.510162008672427796e-06,8.198836005896942056e-06,8.412582107764536314e-06,8.005058055537647189e-06,8.020319070009357209e-06,8.218694522269815578e-06,7.837452718285846235e-06,8.144453364043572575e-06,8.490835270215284775e-06,9.013021822153562522e-06,8.486476411245549834e-06,9.004300179142056990e-06,8.488549179577841548e-06,8.914592147874160607e-06,8.742681472847926440e-06,8.966193099348350213e-06,8.910118835271785203e-06,8.975998074022335956e-06,9.005917750489361265e-06,9.338420962281115671e-06,9.561019203440670493e-06,9.619566720770769236e-06,8.443528550553370163e-06,9.360593613896870058e-06,8.749057223043537658e-06,8.878234489326299151e-06,8.387610311462291723e-06
8.822791639981726746e-06,8.941523290484880895e-06,8.045778868098986926e-06,8.099496754742078786e-06,8.184328977252245684e-06,8.547127575201936522e-06,8.741316771555119577e-06,8.889442480335037008e-06,8.471497653089004500e-06,6.355692362164636963e-06,8.106656444820522302e-06,8.929705200256222853e-06,9.234268880936884107e-06,8.616564869024200736e-06,8.665960255191469306e-06,8.079103452890055125e-06,8.069235479218911665e-06,8.957979070258181707e-06,9.082329107907290106e-06,8.894379430409172021e-06,9.309501768022500619e-06,9.025637246418501445e-06,9.338187806713625931e-06,8.973924595044373650e-06,9.271002478728703858e-06,9.139854672697892728e-06,9.203153411061084540e-06,9.491260538107602700e-06,8.935323159572493125e-06,9.349950822484138583e-06,9.192473704250190644e-06,8.948713216179349120e-06,9.645060758620451998e-06,8.899975875123252787e-06,9.503291047736664083e-06,8.950932679283206940e-06,9.180884556348732717e-06,9.374335527907472128e-06,9.360059093881167652e-06,9.051461962362870978e-06,9.366501728820322972e-06,9.135855030715847648e-06,9.002869817064442173e-06,9.207483069121613425e-06,9.133516134333025577e-06,9.233471398121099021e-06,9.221639214722979138e-06,9.053116007052701463e-06,9.366943231038688084e-06,8.942541024008664392e-06,8.978740875626404840e-06,9.256924442257274171e-06,9.330364933398335262e-06,9.270942225903967753e-06,9.256924028259734782e-06,9.673859802146987652e-06,9.139337480228382432e-06,9.177628680226249146e-06,9.164402830561260311e-06,9.164053555359373459e-06,9.180096962064659304e-06,8.851718773425458413e-06,9.024638016227689875e-06,9.001168839791947473e-06,8.971087810143738104e-06,9.343625961721934906e-06,9.121399960195440457e-06,9.316227083741478179e-06,9.237594553290851964e-06,9.240003991844057552e-06,9.542084188960886360e-06,8.925826049095807998e-06,8.886706054078592076e-06,8.882481318203135729e-06,9.151742676328605787e-06,8.938567738477839160e-06,9.367767119647744053e-06,9.033599256952291244e-06,8.972956731017578641e-06,9.111709488975963271e-06,9.273659117828024330e-06,8.791711307230074132e-06,9.165179361676780941e-06,8.774080997800795092e-06,9.430161103737143104e-06,8.927349896084000897e-06,9.195241134228530330e-06,9.017286397205908350e-06,9.286279510711895543e-06,9.547959695741567088e-06,8.960128244169799136e-06,8.658498146455667337e-06,9.211162857858550316e-06,8.822350453810620866e-06,8.933287291745068223e-06,8.435514045593854777e-06,8.763510640623022895e-06,8.504702707355405543e-06,9.051767775115536973e-06,8.710812600309253913e-06,9.064710734708506619e-06,8.697411246744083158e-06,8.918662819782510807e-06,8.284223112264648041e-06,8.320506378514601581e-06,8.479850935533453208e-06,8.812828053215674646e-06,9.114016390965232856e-06,8.849281610210099023e-06,8.758315048745621102e-06,8.116877871759230399e-06,8.433835689424126986e-06,8.719141353529249544e-06,8.799670508384803638e-06,8.580649938697713900e-06,8.603638969178573496e-06,8.524394956056508942e-06,8.520770194836352598e-06,8.447629135834399173e-06,8.288334967743683296e-06,8.255469778251425049e-06,8.816695199227525607e-06,9.228577394954163966e-06,8.756637476048904442e-06,9.145603187652118771e-06,8.770679040894875840e-06,9.001006951330880928e-06,8.920754073120392124e-06,9.180191539760171110e-06,9.147804964698473225e-06,9.212628655601060482e-06,9.175096990425071549e-06,9.537671339774860313e-06,9.536325045706062710e-06,9.922078002738436418e-06,8.974634793844892406e-06,9.586752952582537447e-06,9.048934458723386615e-06,9.025336690483038869e-06,8.702641477965622553e-06
8.687690020102095066e-06,8.689007156639529637e-06,7.969300177058610642e-06,8.007936014597869317e-06,7.967042397581774915e-06,8.433662306665277983e-06,8.519709964690591120e-06,8.802102768156941500e-06,8.264216035950605851e-06,6.208305985987379032e-06,7.830815377068643375e-06,8.834495866349521273e-06,9.023666393417996420e-06,8.517700018241160926e-06,8.603010188703474998e-06,7.924626383972389586e-06,7.774809866305432119e-06,8.779594725813997819e-06,8.967410051888540990e-06,8.905956480208861853e-06,9.175767551478228044e-06,8.858350517102080743e-06,9.227603013764240758e-06,8.726600685189120712e-06,9.075675154411643256e-06,9.135429561163865936e-06,8.945500701492284590e-06,9.252357686782770838e-06,8.733902999718582845e-06,9.270245839682359298e-06,9.103693889848263619e-06,8.762784084875704647e-06,9.485141342877328221e-06,8.813079585135917776e-06,8.950932679283206940e-06,9.368032689590208558e-06,9.113065188577296546e-06,9.357786497551000905e-06,9.210546352161566195e-06,9.013635871066006500e-06,9.223462787221235350e-06,9.087021305859242166e-06,8.929129389399116391e-06,9.083295400517072286e-06,9.033902383535888825e-06,9.215412155551814906e-06,9.203302500028430456e-06,9.048190232844856252e-06,9.367148390065211427e-06,8.913253941269109527e-06,8.929488341726477891e-06,9.194660033479372792e-06,9.298994361675166163e-06,9.191443085478955742e-06,9.189973524143817924e-06,9.406353445892753088e-06,9.133781520899707804e-06,9.114345434300851265e-06,9.061355280004551699e-06,8.966212893968294914e-06,8.989208813415302735e-06,8.863993755814894473e-06,9.024767321207129958e-06,8.914879084866493442e-06,8.969348287019979148e-06,9.221705253177425073e-06,9.090365514941912791e-06,9.194662267444769224e-06,9.156195489094867419e-06,9.247171341609001726e-06,9.464470641709084620e-06,8.684452406254208106e-06,8.886733878250093513e-06,8.922410536859568618e-06,9.091273718929203878e-06,8.920618649285006231e-06,9.251787991552900162e-06,8.902516911603034874e-06,8.902945372327716807e-06,9.065054467233388849e-06,9.226732785997415097e-06,8.808290086311245482e-06,9.181952677428333230e-06,8.612159526502383109e-06,9.301116910071778753e-06,8.851987517468138642e-06,9.083216613532623355e-06,9.018816530020620575e-06,9.305475570737876864e-06,9.447413589997176757e-06,8.768026046808622109e-06,8.565539864090496324e-06,9.106732713964238552e-06,8.688988985246907891e-06,8.935392621360172227e-06,8.415394884756458450e-06,8.742403782457285871e-06,8.437363872751227716e-06,8.956597614050800760e-06,8.729481342558087454e-06,8.961153545953068136e-06,8.603890148523405540e-06,8.923961095816290343e-06,8.330235592683946736e-06,8.200514732256624045e-06,8.421756863195471802e-06,8.799996320848366829e-06,9.241370666378562152e-06,8.705356880468289766e-06,8.694092458458825752e-06,8.221995379592051973e-06,8.489828725616027080e-06,8.560428987448097829e-06,8.691887181167804569e-06,8.415691662349729092e-06,8.564565320663739787e-06,8.335516456144706731e-06,8.474929953017604391e-06,8.385425530866403185e-06,8.332186595699628254e-06,8.353403319063660673e-06,8.808765411917320000e-06,9.272272795652415937e-06,8.654879836886564869e-06,9.197361597771990647e-06,8.795852187994939535e-06,8.962590353531596618e-06,8.807791922034607121e-06,8.970763173766787451e-06,9.012074556893161621e-06,9.069019581890200814e-06,9.086107504136664779e-06,9.409277860374898905e-06,9.476083187369529871e-06,9.733728435617758489e-06,8.503938646340154686e-06,9.333712154822511274e-06,8.602501716221890539e-06,9.064245509309532296e-06,8.641519094136115012e-06
8.970715065533005911e-06,8.911741245766094881e-06,8.068815450745510620e-06,8.187559497385278975e-06,8.205797436440130047e-06,8.670163115136574473e-06,8.739217300199520920e-06,9.034068263005781214e-06,8.499798217399131363e-06,6.606828956146760746e-06,8.064340974452705865e-06,8.838629107837624302e-06,9.085622470369572623e-06,8.674173463641349503e-06,8.642898699078027319e-06,8.009050476544982302e-06,8.103853323217721997e-06,8.999769687818186866e-06,9.068717284213297832e-06,9.104535621595621043e-06,9.328639683846782214e-06,9.113232512042219972e-06,9.273757685973403242e-06,8.933339095531528130e-06,9.351406782908468443e-06,9.369646706430058807e-06,9.140209240762170220e-06,9.553593174476266627e-06,9.005275776646230445e-06,9.424774348366384602e-06,9.278129939139600794e-06,8.985933272232933433e-06,9.729070111639158620e-06,9.024079580795326419e-06,9.180884556348732717e-06,9.113065188577296546e-06,9.820347862759028765e-06,9.611501461457575151e-06,9.467984953344097575e-06,9.086741703244867002e-06,9.569213274938971896e-06,9.346880289007460877e-06,9.152203650574434579e-06,9.430874045410112566e-06,9.393219694982905279e-06,9.454666572019822850e-06,9.581640471447976922e-06,9.326054777092247094e-06,9.685348919998022015e-06,9.109802364784943003e-06,9.328305485839604895e-06,9.391396145232613332e-06,9.722040057052672092e-06,9.463747600599286397e-06,9.474311436288659988e-06,9.693288453800030612e-06,9.472471508456200857e-06,9.597932862709188529e-06,9.422498881552043200e-06,9.390871271015940975e-06,9.415508603906415751e-06,9.212557174573467961e-06,9.453625996132718486e-06,9.366918925688297266e-06,9.349389007060074377e-06,9.529378989090537335e-06,9.616003094023022700e-06,9.568845906125132233e-06,9.590371649253904559e-06,9.657086779766882291e-06,9.912283758957683935e-06,9.121974652522676956e-06,9.299197927061850815e-06,9.266626446286020091e-06,9.525655002776983483e-06,9.303280923576009380e-06,9.774863799030711586e-06,9.440029464640279386e-06,9.342952034880519144e-06,9.566606704230379185e-06,9.756061944393234711e-06,9.328250101172864446e-06,9.712800897923884000e-06,9.104139985889226510e-06,9.806697411056463731e-06,9.423506999938088295e-06,9.736568833057156091e-06,9.600635496562579001e-06,9.760360294426075292e-06,9.971010675482114836e-06,9.248628073302542736e-06,9.158528708171386124e-06,9.724254611637072118e-06,9.295533285800154459e-06,9.408167549520800644e-06,8.926647886484914999e-06,9.343177355760100140e-06,9.000076561154809267e-06,9.541882927754028384e-06,9.268902291591772205e-06,9.415885902347681429e-06,9.066950086657570482e-06,9.454184985380071414e-06,8.843676016975230488e-06,8.730233855995394538e-06,9.037399754852579135e-06,9.313990830057887162e-06,9.587897823482057009e-06,9.302163400252496143e-06,9.127383661607535204e-06,8.578762448137867394e-06,8.923608834981127644e-06,9.143042054686227810e-06,9.179909494877015275e-06,8.948007679412034237e-06,9.147796405403514094e-06,8.804255140911479487e-06,9.030178727185588281e-06,8.996130982245499884e-06,8.635311341555593995e-06,8.751191186771954661e-06,9.333981016124732880e-06,9.778199600027897098e-06,9.097403988940895198e-06,9.494134665239196323e-06,9.104271883061328558e-06,9.496841195076460715e-06,9.044383756867770127e-06,9.372503968866599029e-06,9.410696475803741496e-06,9.342698313655965663e-06,9.556457729823663498e-06,9.792180250485200973e-06,9.885933358032725714e-06,1.004212230227349060e-05,8.977220876115954703e-06,9.714320139499430740e-06,9.231093230068002155e-06,9.335481613393037609e-06,9.001007350787653045e-06
9.159639932539757293e-06,9.116607135021514885e-06,8.244777971919091793e-06,8.312636745243236978e-06,8.273776744602150438e-06,8.792543634304163374e-06,8.889934140690098038e-06,9.171433421372428507e-06,8.625393762703847600e-06,6.579579279092050013e-06,8.366190804529200495e-06,9.096812738982046744e-06,9.395272590362768495e-06,8.886158152733203118e-06,8.904535625395231495e-06,8.003872402762067265e-06,8.126244405414092647e-06,9.237360055140323190e-06,9.293713179505660996e-06,9.287244960467177878e-06,9.655094998349913506e-06,9.238416740309313228e-06,9.694851172858362474e-06,9.170402867880474474e-06,9.527964328647717059e-06,9.526518612740193654e-06,9.283505621581638985e-06,9.728632034392249381e-06,9.190448055820498439e-06,9.681544297884086867e-06,9.516298010307610214e-06,9.140279164623139042e-06,9.963814860026108430e-06,9.169769551203283718e-06,9.374335527907472128e-06,9.357786497551000905e-06,9.611501461457575151e-06,1.025194511199505947e-05,9.796100956949000234e-06,9.368516997233170273e-06,9.753701061807498352e-06,9.620663653631338793e-06,9.387629878870825978e-06,9.623781266833081991e-06,9.600550937757281589e-06,9.799614221162957254e-06,9.662311881181382805e-06,9.621554845381829660e-06,9.794176056341049913e-06,9.286737852913888456e-06,9.386345859043532244e-06,9.629216724042346734e-06,9.921250077318174637e-06,9.655374062888072599e-06,9.824042325123125125e-06,1.004612672230143149e-05,9.622118579687276933e-06,9.690582657797849238e-06,9.556709410757781463e-06,9.552303946140535180e-06,9.556199381991056777e-06,9.321296898353817082e-06,9.587960227963541665e-06,9.566899708361314652e-06,9.507134783410685266e-06,9.708449424621837180e-06,9.693093975086561107e-06,9.871147831105540939e-06,9.749425512741616729e-06,9.764985756252068637e-06,1.015055812206219697e-05,9.367797456677974909e-06,9.416752849540262758e-06,9.366283696341649626e-06,9.728857623659091847e-06,9.430801931624525756e-06,9.869529698424289878e-06,9.570576675378387077e-06,9.575011332055464395e-06,9.581057799905302424e-06,9.921660336825469527e-06,9.401465972234183775e-06,9.762061332830421797e-06,9.213249772792721053e-06,9.943036745424494076e-06,9.410270606377801918e-06,9.724255086336675407e-06,9.657739400057885036e-06,9.870867197977959811e-06,9.986806205825428731e-06,9.322286287907305698e-06,9.015489357582402651e-06,9.751432723200108722e-06,9.349922666808781679e-06,9.375922759069190270e-06,8.880353309108037001e-06,9.306760683393568970e-06,8.933200246966825978e-06,9.420037223155321751e-06,9.301966252556227924e-06,9.470333874208323985e-06,9.018802409217393232e-06,9.461380643476190844e-06,8.768552092411875339e-06,8.714039550922832679e-06,8.893407625795638667e-06,9.190107404077958023e-06,9.644189849866504380e-06,9.228685533348102778e-06,9.238191885884938534e-06,8.537265195122097723e-06,8.830985834221458341e-06,9.134959270473836637e-06,9.144301178829943730e-06,8.766602430943611410e-06,9.024419935975633243e-06,8.689814763864472173e-06,8.757977253862254353e-06,8.806503183095478073e-06,8.602234484843237957e-06,8.751705864806268308e-06,9.261696824298092180e-06,9.629371572250462009e-06,9.119098696500406735e-06,9.613150645693557494e-06,9.273722445558072564e-06,9.398218452174662946e-06,9.235396904909314763e-06,9.412156702711589967e-06,9.469886282528089212e-06,9.517872076884820669e-06,9.567175819988932265e-06,9.934530087563221752e-06,9.925702711257334421e-06,1.008547454822286690e-05,8.877970557245068003e-06,9.973475209019516969e-06,9.149384496483588578e-06,9.467779126807839138e-06,8.990663188733020655e-06
9.348777808228172183e-06,9.217847959212796785e-06,8.277527023859966538e-06,8.317834176227760910e-06,8.232190183283545339e-06,8.748374239938915909e-06,9.076420454498405953e-06,9.206272597518486516e-06,8.563849381963544390e-06,5.761071270935973059e-06,8.460241427208183275e-06,9.257862231912688817e-06,9.485479443796197561e-06,8.870817766806705831e-06,8.912979670848122433e-06,7.860578147487213560e-06,8.538303252692346516e-06,9.295175268031480857e-06,9.338168198347527303e-06,9.175872693935939686e-06,9.470262238477888589e-06,9.202209951179682746e-06,9.489661854102624683e-06,9.342486494841444484e-06,9.536346974657120544e-06,9.326179828368437151e-06,9.337768867340780435e-06,9.708064459677288597e-06,9.092859214042366334e-06,9.719417340450397350e-06,9.500538181929369039e-06,9.432865919751120515e-06,9.995863832957584689e-06,9.248438253792314617e-06,9.360059093881167652e-06,9.210546352161566195e-06,9.467984953344097575e-06,9.796100956949000234e-06,1.028526682696245914e-05,9.455528774816960650e-06,9.742325367580953742e-06,9.571311345776537912e-06,9.240303944257894617e-06,9.563805123569701520e-06,9.622141291777831757e-06,9.716412641196987103e-06,9.586185473922163012e-06,9.553124660377935247e-06,9.823736476889345030e-06,9.373807151976737556e-06,9.473031496391585540e-06,9.525200270882835555e-06,9.830831179464969089e-06,9.640373440124935941e-06,9.702029928226094018e-06,1.000084438730599256e-05,9.577927828315808571e-06,9.674612286176842243e-06,9.590292223194724994e-06,9.479752816678522736e-06,9.491402321768342460e-06,9.359978105413055454e-06,9.519409352226960690e-06,9.626733191082583488e-06,9.522109490229528327e-06,9.716128855898344707e-06,9.651144827954248574e-06,9.788660037727117395e-06,9.626644659593565730e-06,9.688671335847799486e-06,1.000705589048783269e-05,9.284268325726744494e-06,9.318473461903971339e-06,9.393449839267391130e-06,9.637504321386720891e-06,9.539269058620013372e-06,9.949433004958188929e-06,9.399887828276822955e-06,9.403765931548328308e-06,9.711234954807939661e-06,9.815671523173681598e-06,9.280683576999181731e-06,9.570972784142918057e-06,9.142950517682237955e-06,9.843885852453539370e-06,9.310144215964779847e-06,9.491939959661642340e-06,9.527397787136802763e-06,9.663901667826945704e-06,1.002382260917834260e-05,9.198562032193907681e-06,8.859951175833854283e-06,9.569882662597242563e-06,9.163393536478231058e-06,9.247161964636816143e-06,8.731978486684672497e-06,9.221292425800493639e-06,8.835498024971142727e-06,9.291727596516759617e-06,9.000271641809594913e-06,9.168865477787586080e-06,8.868895844335100288e-06,9.215182044033973609e-06,8.744784027988441162e-06,8.550788163160410980e-06,8.672372653973635549e-06,8.993081291744960742e-06,9.539421838211291848e-06,9.007814421820930861e-06,9.012491944663729196e-06,8.378921316324927952e-06,8.756825619620232709e-06,9.088434494651985047e-06,8.997902303688509309e-06,8.685053105274642498e-06,8.845713922633925561e-06,8.473168753663586872e-06,8.489520173720321907e-06,8.633453957395440892e-06,8.362136065014761892e-06,8.409782045061627069e-06,8.918026081954289397e-06,9.377579944245823250e-06,8.720556337043304027e-06,9.396668931381464061e-06,9.123029250043988703e-06,9.400082511068371427e-06,9.204567423622620062e-06,9.444580069804433731e-06,9.275609990303241816e-06,9.337125070865392838e-06,9.477799799145038225e-06,9.792167794903865351e-06,9.886865186265720876e-06,9.931389639572544835e-06,8.792234379583183619e-06,9.748328903856477191e-06,9.047590228445745279e-06,9.325861695802060161e-06,8.857737261252600765e-06
8.993811884230191040e-06,8.841028193227228261e-06,8.175502204878774514e-06,8.093168367104839803e-06,7.976826999915503504e-06,8.380851944317043418e-06,8.777160255950713948e-06,8.792303132305999554e-06,8.426722529075319039e-06,5.472485302134714616e-06,8.143011078707017934e-06,8.956532107781226354e-06,9.194541705677653252e-06,8.576443190207610242e-06,8.555939835260673840e-06,7.979409097399654352e-06,8.314734300633222882e-06,9.026795887658003702e-06,8.996713277566591741e-06,8.882432648307217712e-06,9.254396632633852889e-06,8.909817120338328749e-06,9.204697116508286112e-06,8.813901540178592330e-06,9.210164027404429840e-06,9.140093715928325371e-06,9.066574431967151367e-06,9.413391840101037046e-06,8.830308306335580299e-06,9.459912887262606154e-06,9.218169324620597535e-06,9.027958775428218208e-06,9.643915793494932482e-06,8.839050681573971472e-06,9.051461962362870978e-06,9.013635871066006500e-06,9.086741703244867002e-06,9.368516997233170273e-06,9.455528774816960650e-06,9.597336089012421253e-06,9.337002084190297035e-06,9.218549423942777471e-06,9.045930049822870615e-06,9.328111952618302547e-06,9.196445560217151130e-06,9.412689183824188405e-06,9.346862568960495537e-06,9.218615294042125410e-06,9.446500132081393249e-06,8.975695076105184362e-06,9.115540384646118606e-06,9.386221184921199784e-06,9.372551052606998797e-06,9.274193993489478097e-06,9.293919070710223579e-06,9.618800235407069877e-06,9.286173157362081235e-06,9.374276064068259599e-06,9.251638821916569028e-06,9.084431643130700906e-06,9.214079823901911978e-06,8.982430815129650506e-06,9.281321983847639625e-06,9.227736855352286233e-06,9.117415646657460568e-06,9.542780500037451903e-06,9.256451519002222844e-06,9.486329932515683686e-06,9.290092970444318666e-06,9.355238173351676330e-06,9.698613961457177476e-06,8.884723684521713614e-06,9.004463703021056475e-06,9.008065654559823047e-06,9.208859432814163251e-06,9.108596859175379929e-06,9.480657019551136142e-06,9.022635800726756886e-06,9.074666055781136238e-06,9.381112906077076477e-06,9.373572461638248087e-06,8.746637406042708873e-06,9.077924580477788157e-06,8.750064576782849574e-06,9.496002071120522418e-06,8.935286743438485775e-06,9.130725560928228742e-06,9.190886057209237564e-06,9.319202866947224752e-06,9.524422860503642556e-06,9.049928342978855899e-06,8.651820738124437989e-06,9.104871058275066010e-06,8.829375354959826259e-06,9.041271408992721542e-06,8.547120871314281288e-06,8.718705513048153022e-06,8.439201853218245949e-06,8.963606931956531309e-06,8.460488361020372157e-06,8.872110621709179636e-06,8.597927748152391127e-06,8.816512484215881769e-06,8.411073867044780933e-06,8.201724816807312175e-06,8.360176311116274920e-06,8.589975893225579729e-06,9.195961504130418333e-06,8.612658010208417193e-06,8.574779202308637830e-06,8.020694939719616838e-06,8.292529189650737844e-06,8.555053485750603522e-06,8.734860178173396296e-06,8.300151377364687361e-06,8.366645495309512658e-06,8.018703952252667307e-06,8.187788771326868969e-06,8.082793477078753614e-06,8.004678843312176752e-06,7.886893585453304668e-06,8.350307726387419936e-06,8.837856372973714603e-06,8.383154377753118636e-06,8.809968142764666813e-06,8.544176245693986362e-06,8.706207197111389412e-06,8.570094841697767674e-06,8.957343497295881641e-06,8.669936233340822584e-06,8.907667723775717202e-06,8.777720623027222577e-06,9.189332729128423620e-06,9.185762694458673197e-06,9.379661479803314911e-06,8.363214651584304212e-06,9.063829126484210122e-06,8.212609682512502489e-06,8.612944745471927104e-06,8.287566806171522626e-06
9.166051183445965230e-06,9.082653169408383528e-06,8.174806668737819173e-06,8.390635218563299180e-06,8.262258678273318789e-06,8.635833639825816595e-06,8.863843768797344410e-06,9.107124792148241517e-06,8.536628060776035778e-06,6.429079543069592231e-06,8.303043596921000228e-06,9.008526090491031569e-06,9.335463355303615543e-06,8.732217109170902587e-06,8.863180407345668091e-06,8.149113543224519780e-06,8.251708752101771541e-06,9.200521869946010300e-06,9.283760349027596340e-06,9.193987227330635838e-06,9.529904090033401292e-06,9.167061541959346138e-06,9.484041743420624357e-06,9.130101929106733516e-06,9.425381860974138131e-06,9.502166632065138876e-06,9.300983095680006262e-06,9.683177520315557546e-06,9.082295295855920690e-06,9.602092144998710527e-06,9.404086590734846976e-06,9.171075639124110225e-06,9.890570535667723019e-06,9.193374766698156832e-06,9.366501728820322972e-06,9.223462787221235350e-06,9.569213274938971896e-06,9.753701061807498352e-06,9.742325367580953742e-06,9.337002084190297035e-06,1.010650198584801850e-05,9.561912426416521526e-06,9.285664024979609519e-06,9.573373269038387554e-06,9.591275124785275717e-06,9.764747487616054548e-06,9.690436992270123827e-06,9.532606587150334239e-06,9.891058713744328183e-06,9.321482956414385495e-06,9.491078001409553763e-06,9.579933921356928756e-06,9.866784570627244687e-06,9.610168157656682957e-06,9.674596667329812992e-06,1.002211865887279362e-05,9.657566867940231835e-06,9.739096035957192732e-06,9.585506933916763679e-06,9.672808272791721162e-06,9.592365381554103060e-06,9.400698728609971390e-06,9.567857516470852866e-06,9.670368025401944383e-06,9.580349277341979725e-06,9.861419296262911242e-06,9.773849991943166205e-06,9.835717987910192636e-06,9.807513795518437395e-06,9.806437418492690088e-06,1.010504774720445375e-05,9.371346993064065404e-06,9.513630976989807534e-06,9.524112648321278048e-06,9.750223362764275380e-06,9.541410843731713097e-06,1.002124196017222767e-05,9.660458729987937498e-06,9.555036220615928996e-06,9.827001426072019805e-06,9.942027292001126725e-06,9.420019312981084574e-06,9.851090592475183127e-06,9.214757575733987301e-06,9.965066867271656892e-06,9.579411520956735145e-06,9.843627346617993506e-06,9.776106113212081728e-06,9.864119894910637168e-06,1.007455965078999039e-05,9.443149834960268114e-06,9.306800311719853015e-06,9.778758717839657343e-06,9.437806160519193911e-06,9.526168014255369175e-06,9.117785923941524603e-06,9.542411131907031825e-06,9.152063679279751339e-06,9.658438172728362481e-06,9.344826024180954445e-06,9.573516151210323939e-06,9.290973493109246867e-06,9.568540365647261654e-06,9.058807620402095534e-06,8.918705517801877884e-06,9.116946703435746378e-06,9.421693517790824716e-06,9.848257584701880816e-06,9.301738782239805714e-06,9.255346814468184670e-06,8.799918766301940046e-06,9.094784816515108392e-06,9.383034048124525324e-06,9.383852006270178761e-06,9.072087925236555192e-06,9.328718492284688508e-06,8.946350544206685962e-06,9.108785527043548134e-06,9.148241536210594240e-06,8.769443666237290410e-06,8.822940109432287039e-06,9.375312467818462800e-06,9.858527517366439484e-06,9.164996448617375373e-06,9.729724501079934536e-06,9.236050249893419667e-06,9.575465212044131756e-06,9.363377303670127088e-06,9.630672214528309877e-06,9.610607382225531663e-06,9.668772552814609408e-06,9.683079774279471099e-06,1.010202096032364178e-05,1.002026126844497956e-05,1.019453322912730537e-05,9.177007622874777817e-06,9.995491073433765116e-06,9.338139133460579224e-06,9.620112611546553644e-06,9.242998392106010778e-06
8.874420057137555101e-06,8.773308804607550149e-06,7.972531822989302222e-06,7.932815819323423847e-06,8.039411872866897911e-06,8.408526394038729599e-06,8.559213294224151476e-06,8.826561766412723494e-06,8.286898162594091247e-06,6.346883302316064362e-06,8.069914180087212841e-06,8.768847054375456269e-06,9.042148007876592256e-06,8.522573407090595394e-06,8.525428588399398569e-06,7.874031413480924810e-06,8.006910731113849289e-06,8.968385554212552203e-06,8.914853811910397185e-06,8.964108150290532714e-06,9.268221259147695209e-06,8.927449475692128693e-06,9.244280037355670040e-06,8.883324120875974762e-06,9.172049360125361650e-06,9.251856163156329884e-06,9.060520658545748499e-06,9.386911463203841488e-06,8.916679844975581895e-06,9.404561260512360276e-06,9.268166392281394195e-06,9.018832459816422930e-06,9.726821170416959715e-06,9.034765943417251080e-06,9.135855030715847648e-06,9.087021305859242166e-06,9.346880289007460877e-06,9.620663653631338793e-06,9.571311345776537912e-06,9.218549423942777471e-06,9.561912426416521526e-06,9.730059483694062934e-06,9.144074288684733969e-06,9.484773729417971064e-06,9.504101919010477014e-06,9.584104931150037122e-06,9.546934700232408166e-06,9.459021046081100747e-06,9.746102644913002007e-06,9.209155890343754489e-06,9.436867389643684465e-06,9.421161044569939074e-06,9.761288184440902198e-06,9.471757169246100818e-06,9.579261547667676556e-06,9.908748765013957691e-06,9.591825447581393135e-06,9.641391344114625233e-06,9.560302409877578995e-06,9.537911746944946383e-06,9.469680849309192893e-06,9.328357217351594525e-06,9.568136110549072847e-06,9.533866910931031437e-06,9.536883760628273637e-06,9.752890178079700706e-06,9.745670130992608679e-06,9.842913564802517021e-06,9.782087752800291497e-06,9.847042869437636818e-06,1.011400948424665531e-05,9.340128412219399204e-06,9.461120322361493077e-06,9.576647885152448023e-06,9.742398794950178439e-06,9.507906472138176303e-06,9.959742178458039861e-06,9.679265507421327890e-06,9.554598834384713654e-06,9.816439481605328824e-06,9.920843840223396207e-06,9.503563483757579216e-06,9.906709281244121301e-06,9.242652942544073204e-06,1.005101620705287690e-05,9.582270421270868319e-06,9.949831181113740790e-06,9.797316365514422757e-06,9.920048725055455598e-06,1.012578636905289943e-05,9.548795907611563329e-06,9.278508092983195506e-06,9.821158424605221180e-06,9.425103523387596294e-06,9.481486149761739511e-06,9.170168037736813510e-06,9.605917922882140992e-06,9.299930884704501343e-06,9.816029945264474402e-06,9.483657366798764002e-06,9.708594056724233637e-06,9.323860328823158349e-06,9.678594427393259793e-06,9.130805035489458462e-06,8.980115403692284131e-06,9.228062024492266000e-06,9.589538285648902742e-06,9.995479261931527342e-06,9.505829232588487000e-06,9.419955308029643294e-06,8.809201296342668785e-06,9.180754290360603354e-06,9.389763693123467529e-06,9.462005569681175825e-06,9.123259075632572096e-06,9.476153237507806937e-06,9.121484241243120209e-06,9.249547756259440405e-06,9.312830529781932648e-06,8.903614488477258821e-06,8.884996246911973898e-06,9.505180741058939496e-06,9.846071869008537217e-06,9.265172817144280842e-06,9.749304673310346407e-06,9.392216938400136538e-06,9.606143952097625211e-06,9.297248599425131244e-06,9.674812205957991100e-06,9.602171115200292464e-06,9.667069748918406596e-06,9.660039210151441427e-06,1.004262307777413725e-05,1.014320280401172901e-05,1.017591164460406043e-05,9.081711368201742454e-06,9.935236721131897306e-06,9.338759215945705746e-06,9.541735913709318724e-06,9.048438075608282097e-06
8.752268665789382385e-06,8.554237272653239304e-06,7.876645008348756396e-06,7.849138775528485557e-06,7.959276324307444430e-06,8.318445144484667295e-06,8.399451130898681812e-06,8.616078350415629750e-06,8.246138834170809031e-06,6.080474898873010447e-06,7.682767768308693875e-06,8.578754214673220158e-06,8.846154222195618303e-06,8.372671979024513559e-06,8.441797615345928823e-06,8.015346876206273216e-06,7.641774325970342497e-06,8.830304629129660980e-06,8.781038107252108063e-06,8.745238126913581952e-06,9.141002539038236993e-06,8.860686708629460879e-06,9.122282968163113919e-06,8.651770798740322953e-06,9.113031408115976852e-06,9.075618125538162782e-06,8.962599296180726708e-06,9.312590348220969432e-06,8.764965137716710996e-06,9.333730089510808598e-06,9.120625131968004682e-06,8.699225176431216348e-06,9.436877477168561834e-06,8.811526296431156639e-06,9.002869817064442173e-06,8.929129389399116391e-06,9.152203650574434579e-06,9.387629878870825978e-06,9.240303944257894617e-06,9.045930049822870615e-06,9.285664024979609519e-06,9.144074288684733969e-06,9.442997715902895110e-06,9.335733255237601498e-06,9.200862237023879121e-06,9.407583757548739059e-06,9.381477863371049286e-06,9.222694435698260135e-06,9.494510498256779807e-06,9.064650138354579824e-06,9.213911840976224697e-06,9.340345979617859914e-06,9.591801752669978297e-06,9.359630637680854608e-06,9.378809188283499993e-06,9.802716545129878481e-06,9.396147734037378147e-06,9.393374489131377169e-06,9.400767243334242300e-06,9.287574083204704918e-06,9.377683208096418698e-06,9.157322120936616170e-06,9.375388844582966012e-06,9.366554948270323659e-06,9.373526792964527332e-06,9.520451197237748221e-06,9.512365723715146570e-06,9.640326825953405096e-06,9.484341561468730532e-06,9.582911282004370933e-06,9.805365738981426774e-06,9.046135447390268769e-06,9.219147856167885657e-06,9.322302788662627137e-06,9.557527200196936815e-06,9.349033937767316506e-06,9.659236331658033176e-06,9.397890204655228146e-06,9.237539594727220475e-06,9.382234553086347403e-06,9.748051436529779631e-06,9.146834100777086513e-06,9.637004279484821516e-06,8.982372938600682362e-06,9.752285687036884112e-06,9.337481700263023282e-06,9.520430683242223432e-06,9.398140738055319759e-06,9.724478256290681937e-06,9.866961358629445795e-06,9.129507983490602600e-06,9.033006803207475601e-06,9.426742799723157582e-06,9.133685272749077232e-06,9.293250060055179251e-06,8.746035272152813888e-06,9.222182543339694382e-06,8.945751549997916062e-06,9.381875367537235750e-06,9.142052124688219004e-06,9.409978858260851286e-06,9.004855260336443054e-06,9.247655994980349817e-06,8.610799626132866348e-06,8.494349912263689757e-06,8.832967935470901412e-06,9.140494025433311366e-06,9.456076336708944241e-06,9.061698867754237324e-06,8.830681229906105440e-06,8.300287898939377225e-06,8.626698395458440625e-06,8.799922099114840758e-06,8.970301707487019228e-06,8.752060440428534392e-06,8.790546508902459066e-06,8.786004760453109834e-06,8.828272656375566520e-06,8.783457236514420198e-06,8.434681406951575870e-06,8.418211048262760191e-06,8.972922901021906022e-06,9.259822451410611152e-06,8.780373262057574975e-06,9.000013295139749282e-06,8.710998122540950683e-06,8.913572667290635363e-06,8.772723767154980151e-06,9.095883936290059428e-06,9.031293217112264579e-06,9.158449160373434677e-06,9.223500586763499492e-06,9.329343081699127951e-06,9.282727705744169366e-06,9.553150331393329701e-06,8.634775686560609603e-06,9.477815905513027221e-06,8.817981961993247137e-06,8.797022253014302100e-06,8.677377153812693966e-06
8.968541194477547767e-06,8.812103777827585413e-06,8.077095536279776714e-06,8.063947756158068215e-06,8.068913454693136210e-06,8.477448821736492074e-06,8.656396996113432474e-06,8.869137671186461905e-06,8.415103493200373245e-06,6.101280404905326596e-06,8.028280440310754421e-06,8.817384157913542482e-06,9.036901076036620538e-06,8.639153800416756653e-06,8.580359918470638312e-06,8.113674772757265553e-06,8.139132141876165953e-06,9.026598328881972182e-06,8.983664261061822303e-06,8.920669318683828195e-06,9.333822439503497643e-06,9.027029644065997095e-06,9.232829639437985892e-06,8.952517487865296520e-06,9.342745184280666840e-06,9.324528478641926893e-06,9.225527790014559042e-06,9.467576363321208142e-06,8.982339901622752348e-06,9.552379247171943465e-06,9.324862001800484233e-06,9.037433002177082546e-06,9.756165085467531008e-06,9.017456196942616784e-06,9.207483069121613425e-06,9.083295400517072286e-06,9.430874045410112566e-06,9.623781266833081991e-06,9.563805123569701520e-06,9.328111952618302547e-06,9.573373269038387554e-06,9.484773729417971064e-06,9.335733255237601498e-06,9.887371375847458594e-06,9.550819479968446793e-06,9.641960541059067081e-06,9.618998343322931481e-06,9.495558209987681606e-06,9.817376325293672044e-06,9.253113538228719391e-06,9.538307108224639664e-06,9.584082985406607014e-06,9.830635490763187849e-06,9.565702207967718008e-06,9.671616123747421882e-06,1.006938363870117625e-05,9.707027323185093314e-06,9.755459573106567563e-06,9.680472075014215255e-06,9.623325690099095717e-06,9.647384065905315864e-06,9.441134297300827477e-06,9.665021364682683776e-06,9.687414541122415647e-06,9.715010396955029825e-06,9.834046528692307558e-06,9.892282222038939186e-06,9.967538174031317829e-06,9.823973123653127943e-06,9.953464494006035774e-06,1.023257840652911850e-05,9.396876715877202675e-06,9.573563671440753754e-06,9.688884433096988093e-06,9.866817264101644027e-06,9.624984174574835249e-06,1.001113569562871037e-05,9.728378383033634767e-06,9.633083292692474947e-06,9.834421254981561727e-06,1.001428238437339969e-05,9.553860799057028942e-06,9.990494664601226122e-06,9.285109121384032662e-06,1.021731814490097471e-05,9.645393224878079242e-06,9.939213119182075984e-06,9.907467611414962227e-06,1.003846057533550587e-05,1.016778735867083354e-05,9.533199860704473459e-06,9.358708293348593212e-06,9.816341955612225439e-06,9.448138509386372433e-06,9.618473146066749689e-06,9.070914606903885468e-06,9.629860488007808522e-06,9.352561865733314625e-06,9.757416653622737895e-06,9.361382964276565038e-06,9.695256684871265870e-06,9.359121963224030096e-06,9.561147747934062527e-06,9.101348190662589941e-06,9.000203638372337571e-06,9.223736480762737575e-06,9.440031513474727770e-06,9.795850499600988295e-06,9.481385764235423491e-06,9.283228801432053808e-06,8.608477959071768277e-06,8.951542229219504727e-06,9.241602035191861042e-06,9.472982861543012662e-06,9.169551254736611024e-06,9.204233302697694050e-06,8.936287767938654473e-06,9.212522370220764669e-06,9.181059160096225637e-06,8.819420752102040046e-06,8.684861734062755776e-06,9.254918059817816741e-06,9.672466899064341076e-06,9.007739125576798633e-06,9.368870756781372223e-06,9.038604253648176108e-06,9.429887014586019563e-06,9.041116445904632854e-06,9.446882993261935366e-06,9.410814314234479690e-06,9.493245569297432691e-06,9.545021475316282274e-06,9.881630787752415502e-06,9.750122496091991498e-06,9.982153596275946951e-06,8.947630269287243379e-06,9.635324522338250441e-06,8.995723514058575368e-06,9.256520808562857105e-06,8.800161372542267206e-06
8.957897249828809778e-06,8.869997176686422494e-06,7.961239971147747479e-06,7.992907552688176606e-06,8.042259131454208013e-06,8.612673162783809121e-06,8.577778181743091632e-06,8.954159275884927019e-06,8.379210977066717898e-06,6.198750230417354239e-06,8.091352698144936955e-06,8.761860265414225460e-06,8.967455864236506947e-06,8.469340103414945193e-06,8.497973688516699466e-06,7.988727962214001028e-06,7.915971011876105743e-06,8.921971887754526429e-06,9.021000294214462085e-06,8.932337391060775266e-06,9.296853004384707193e-06,8.951954327853666095e-06,9.211310329326616642e-06,8.746892090232057335e-06,9.305859000933824657e-06,9.294191714101649991e-06,9.084184568221125700e-06,9.382230019131079495e-06,8.886181911456158441e-06,9.481790165830621903e-06,9.165609870833443554e-06,9.072321807731437046e-06,9.656193308348473431e-06,9.043324766617762874e-06,9.133516134333025577e-06,9.033902383535888825e-06,9.393219694982905279e-06,9.600550937757281589e-06,9.622141291777831757e-06,9.196445560217151130e-06,9.591275124785275717e-06,9.504101919010477014e-06,9.200862237023879121e-06,9.550819479968446793e-06,1.012178827713693299e-05,9.615760134016273120e-06,9.529399548499687851e-06,9.523525244039239700e-06,9.846716500602596418e-06,9.309769107338798839e-06,9.495423427075035398e-06,9.571042275451580866e-06,9.897545617408311689e-06,9.611379784659202901e-06,9.691685953922025084e-06,9.990929372601255916e-06,9.610404408279075577e-06,9.776775135370558540e-06,9.773680286275627881e-06,9.676915900476756857e-06,9.625459136031413483e-06,9.461861127836450233e-06,9.732473376411151885e-06,9.687216819289448417e-06,9.728802286983522101e-06,9.728650625291687293e-06,9.898806286789174803e-06,9.979378134177341802e-06,9.853598279834606326e-06,1.001437266176431428e-05,1.021099055481535263e-05,9.552980515365297779e-06,9.540604754981442531e-06,9.653166021030706268e-06,9.931376336551667509e-06,9.721567070892683362e-06,1.012795345319697569e-05,9.756374505176378136e-06,9.799835504558757784e-06,1.009169413172704594e-05,1.012462705091440689e-05,9.814842536459109394e-06,9.953983393316909872e-06,9.445614439323548166e-06,1.029507567713361911e-05,9.689469232267509445e-06,1.003262060457483391e-05,9.987209259523884464e-06,1.023352596065506784e-05,1.043985584094768978e-05,9.703447648886422703e-06,9.423632786905300344e-06,1.004893972859769837e-05,9.524418462701251883e-06,9.698978666410738264e-06,9.226098944834524855e-06,9.771177751045770284e-06,9.380972685486673333e-06,9.851084309936711871e-06,9.679977980047061811e-06,9.615393475164170684e-06,9.347970091290011522e-06,9.723216515329008151e-06,9.204018121378070906e-06,9.078480282047570038e-06,9.251710312876639295e-06,9.519443081659193829e-06,9.754460832393349988e-06,9.519330555501246619e-06,9.296353900590074179e-06,8.805584281293750250e-06,9.124961234461965491e-06,9.372021821190202595e-06,9.406328308031074918e-06,9.014266106419989330e-06,9.275949870132587180e-06,8.888102655697026453e-06,8.942642725957691472e-06,9.053065400844106068e-06,8.724642295665784074e-06,8.869983964488922294e-06,9.236757581081813629e-06,9.686667359190807524e-06,9.048306590158821029e-06,9.492636604781175052e-06,9.131425073990113902e-06,9.470141762807234947e-06,9.292176906228064921e-06,9.397098358767133565e-06,9.598084206847178789e-06,9.549612854794772975e-06,9.548953500605732593e-06,9.966163887466441084e-06,9.917749369643628758e-06,1.005443066801165147e-05,8.757996534173930771e-06,9.784929678165696997e-06,9.215799440742983853e-06,9.379236255144167374e-06,8.761692975767997084e-06
9.163502998693335948e-06,9.050766978252655618e-06,8.156825982785680657e-06,8.214686680031410795e-06,8.166248531957645944e-06,8.566357977612456675e-06,8.756347286469808654e-06,8.897419006537553632e-06,8.459231563543920173e-06,6.412542920613083993e-06,8.210917973381556473e-06,8.904848292463735411e-06,9.258960454747509653e-06,8.690635814344268878e-06,8.811473492118698350e-06,8.160443019326206921e-06,8.082257409029138440e-06,9.072286892635072944e-06,9.152560233632894864e-06,9.059180738428168191e-06,9.572151083077532445e-06,9.078630763621720160e-06,9.520709464613473551e-06,9.139322545652008524e-06,9.340210212639040769e-06,9.229458153465746603e-06,9.182792360241702346e-06,9.671577471530364581e-06,9.097007413806257624e-06,9.592526056328996625e-06,9.461122008360882765e-06,9.120508279837517623e-06,9.830268190212751539e-06,9.224079451274987991e-06,9.233471398121099021e-06,9.215412155551814906e-06,9.454666572019822850e-06,9.799614221162957254e-06,9.716412641196987103e-06,9.412689183824188405e-06,9.764747487616054548e-06,9.584104931150037122e-06,9.407583757548739059e-06,9.641960541059067081e-06,9.615760134016273120e-06,1.035252163067194392e-05,9.730727124248600351e-06,9.672250989088194452e-06,9.933731238935732005e-06,9.498808767464450765e-06,9.541825048703148388e-06,9.645783090577048294e-06,9.946494710355780998e-06,9.716056108533131485e-06,9.783787693923285783e-06,1.006870478128722562e-05,9.716844878146297236e-06,9.833967068464064540e-06,9.536167753656175759e-06,9.616979200731335376e-06,9.709992076899693670e-06,9.433447234664252761e-06,9.681069267791324385e-06,9.754621441439767561e-06,9.704184373413641916e-06,9.877650363264516462e-06,9.785499853414138070e-06,9.981503223825263779e-06,9.791865192955507535e-06,9.996597684362634918e-06,1.045809599460962777e-05,9.388464059013903353e-06,9.643409117628686281e-06,9.454630737791287252e-06,9.829139103434734277e-06,9.794716948827537288e-06,1.010922006151561982e-05,9.702396676898786520e-06,9.686579915293154526e-06,9.789781055241004009e-06,1.011713880591035896e-05,9.589786617311537993e-06,9.869362600485105690e-06,9.273594134156927816e-06,9.971737368247434195e-06,9.603418753552637308e-06,9.945989334449889478e-06,9.862997660356393172e-06,9.905786999642225512e-06,1.016949638644285002e-05,9.459514021954954852e-06,9.201073713454660736e-06,9.945713187337676460e-06,9.367884270819809762e-06,9.687797940648491349e-06,9.197044891780034858e-06,9.521302408366810218e-06,8.987435641682874288e-06,9.613561915356385484e-06,9.290997204160608548e-06,9.567032386976291451e-06,9.284361905543186749e-06,9.659012475504382515e-06,9.000974237624440651e-06,8.928443175083544930e-06,8.997172223785366991e-06,9.241299614178375414e-06,9.732226156173087988e-06,9.164903338901540526e-06,9.126027989223633796e-06,8.683168270253531813e-06,8.964837828052721574e-06,9.195617686372940653e-06,9.377345680056216402e-06,8.786774287973975967e-06,9.151396567569672111e-06,8.750702435702046708e-06,8.838042282773318827e-06,8.935112481247089750e-06,8.606001223701882150e-06,8.676649516847212214e-06,9.221348638181247004e-06,9.560154013879334031e-06,9.184131467194598818e-06,9.565401220247339247e-06,9.174258370546434460e-06,9.348625132777695524e-06,9.303182062925518674e-06,9.548049997937538305e-06,9.486704493906867613e-06,9.559829081297524845e-06,9.579043906446293110e-06,1.002425628061108653e-05,9.971162417999917171e-06,1.013638258587030167e-05,8.904583212857204044e-06,1.004668458807355834e-05,8.872212550890378529e-06,9.506814079961538368e-06,8.968748321531262924e-06
8.840564348085405865e-06,8.798846957479001702e-06,8.077894761000384697e-06,7.881355141734255860e-06,8.018768782858792980e-06,8.338362539113547547e-06,8.573314640576296119e-06,8.742839472756162828e-06,8.423185924021924878e-06,6.596367135197777074e-06,7.903037874531058672e-06,8.669673390659622260e-06,8.892985380943256032e-06,8.458566697818948300e-06,8.524718063717242803e-06,8.114490047842778283e-06,7.770817345537587163e-06,8.913962064432097914e-06,8.941463524375816761e-06,8.986902812575961144e-06,9.360407234455735037e-06,9.011576426538444522e-06,9.213917826047953146e-06,8.853671130141218734e-06,9.131091549234301451e-06,9.199025772489683546e-06,9.047485568956252277e-06,9.537622796522222983e-06,8.893988915171107025e-06,9.550226501037533671e-06,9.360119384158776726e-06,8.886775882740675841e-06,9.656606074514558768e-06,9.062704721777782222e-06,9.221639214722979138e-06,9.203302500028430456e-06,9.581640471447976922e-06,9.662311881181382805e-06,9.586185473922163012e-06,9.346862568960495537e-06,9.690436992270123827e-06,9.546934700232408166e-06,9.381477863371049286e-06,9.618998343322931481e-06,9.529399548499687851e-06,9.730727124248600351e-06,1.032250104481034608e-05,9.637523948039039429e-06,1.001354906374873533e-05,9.441454562185985850e-06,9.715070812897970922e-06,9.618348906041240386e-06,9.997690921396693909e-06,9.710853217991703292e-06,9.851215996001359295e-06,1.015595278366532932e-05,9.930308061550991485e-06,9.879390973639083805e-06,9.769866853319650945e-06,9.877419665263329146e-06,9.880667968278173205e-06,9.596170322065154877e-06,9.929367412411908855e-06,9.857441877066479410e-06,9.913194912074129340e-06,1.000763179885123175e-05,1.003512764429703982e-05,1.014262189731453998e-05,1.017399083160148467e-05,1.026940473491782786e-05,1.052688144832463258e-05,9.624461076609611065e-06,9.818282174755519091e-06,1.001858740731219162e-05,1.006233676169082402e-05,9.880130337443678295e-06,1.037344102457424029e-05,1.007933548106927677e-05,1.000355981261142707e-05,1.016054091822766207e-05,1.038083968219522876e-05,1.003442288817479799e-05,1.049302133346229401e-05,9.637462249448214486e-06,1.043308551485387006e-05,1.003117470376672154e-05,1.028660962403189003e-05,1.027291158334696727e-05,1.049855925290594297e-05,1.050999567622906412e-05,9.915964953446319277e-06,9.932228056349421932e-06,1.010114498274346925e-05,9.931394589913027896e-06,9.908516548271914913e-06,9.617332246428636464e-06,1.017594164045963705e-05,9.658583899455282205e-06,1.042643004346767025e-05,9.913263453730051671e-06,1.008225662873615953e-05,9.908376612143203778e-06,1.013109006281778578e-05,9.575449888096612116e-06,9.394127722860369436e-06,9.637531329483721125e-06,9.957093310545743760e-06,1.017104647680745378e-05,9.841273431281280144e-06,9.765597080442739607e-06,9.184507470975869305e-06,9.347415197437066917e-06,9.796146161422299452e-06,9.799687780565219679e-06,9.450848446142391302e-06,9.707735435628071685e-06,9.594861127149059531e-06,9.685247646644965904e-06,9.565993157579589105e-06,9.105313511910180394e-06,9.160066520222415892e-06,9.761153424790808018e-06,1.001582458526778822e-05,9.459595676037476139e-06,9.904730271278995311e-06,9.467966111275150413e-06,9.709051628797436844e-06,9.542226986520983861e-06,9.665079455781219885e-06,9.638031675144444218e-06,9.718317270251799128e-06,9.698344659658141497e-06,1.001818704880758460e-05,1.004500113317778305e-05,1.008321083863641059e-05,9.192120498586582253e-06,9.873548835622736726e-06,9.357434398469637445e-06,9.423957338741569657e-06,9.129939936992576561e-06
8.643476852131288214e-06,8.444706245422689249e-06,7.770802354294480385e-06,7.664814292986385578e-06,7.702017626633478472e-06,8.098378523492026572e-06,8.324890304259645343e-06,8.539749362567407753e-06,8.124125562020794702e-06,6.174285606734187826e-06,7.799435348165873751e-06,8.554434419087216673e-06,8.792819423583077742e-06,8.260005628644564321e-06,8.224909721119476349e-06,7.762352847055992424e-06,7.766407785531970206e-06,8.741543034308319263e-06,8.777269847335017843e-06,8.827208987132622960e-06,9.262104979426195821e-06,8.784307818195655394e-06,9.096815950566528172e-06,8.678517024497083750e-06,9.016088160233123153e-06,9.124311312961020279e-06,8.936720684630215794e-06,9.297503396345293362e-06,8.860685196502489391e-06,9.386707812991501425e-06,9.199624074576182153e-06,8.844257205408515360e-06,9.560334281424782705e-06,8.987767744791281703e-06,9.053116007052701463e-06,9.048190232844856252e-06,9.326054777092247094e-06,9.621554845381829660e-06,9.553124660377935247e-06,9.218615294042125410e-06,9.532606587150334239e-06,9.459021046081100747e-06,9.222694435698260135e-06,9.495558209987681606e-06,9.523525244039239700e-06,9.672250989088194452e-06,9.637523948039039429e-06,9.907314043284104387e-06,9.864184927305381207e-06,9.325590902599667509e-06,9.493492619880257227e-06,9.490156739537934619e-06,1.001024184742991768e-05,9.549878168935338924e-06,9.763296677868376369e-06,1.012954275218438323e-05,9.755440683171263391e-06,9.823600223090258899e-06,9.706055592819115560e-06,9.773576053078289735e-06,9.679402634500662591e-06,9.453657664757321531e-06,9.713163379534536082e-06,9.670473944439846763e-06,9.682426886384002545e-06,9.895463873945996978e-06,9.890280713629817923e-06,9.922971114274333371e-06,9.893403130247650551e-06,9.975475741820885486e-06,1.031292033313561753e-05,9.441615947604899988e-06,9.633687684138450484e-06,9.816080043998842903e-06,9.901258098052887689e-06,9.747159465319267321e-06,1.012074062814951734e-05,9.811306099452422086e-06,9.730284523615276803e-06,9.888094124248809682e-06,1.012055036141537306e-05,9.660009996070766314e-06,1.007109561066612701e-05,9.313568513349514266e-06,1.020170490430630160e-05,9.751188721660144419e-06,1.000989794717240164e-05,9.905693986426196356e-06,1.013243695422545452e-05,1.024203552726286838e-05,9.549201947779900881e-06,9.331628057437347008e-06,9.838923683200510043e-06,9.579741930240743921e-06,9.568126393779628872e-06,9.243757485436562640e-06,9.565616276118423371e-06,9.204841710137414418e-06,9.773164408219864701e-06,9.518882975693113727e-06,9.681139472093456934e-06,9.388622430009723553e-06,9.778809032717259052e-06,9.189165093417382628e-06,9.055349561281807056e-06,9.163172773311218554e-06,9.537220048450137681e-06,9.850193387209797341e-06,9.394952315833528459e-06,9.291673916386140454e-06,8.800935557582339395e-06,9.002893973123709027e-06,9.413071741772991691e-06,9.480350048431254929e-06,9.032437740382623644e-06,9.324912277663790743e-06,9.149697890083449272e-06,9.155325517824256610e-06,9.153394814539892376e-06,8.927801702165229789e-06,8.849450539686766669e-06,9.357035222260667211e-06,9.702177640789366346e-06,9.203851892238334385e-06,9.506285191493994807e-06,9.198278337737378780e-06,9.480563395826316857e-06,9.232699212468417507e-06,9.427228885110783217e-06,9.640660040729619540e-06,9.607187532683316073e-06,9.517520673854797553e-06,9.809853548977183303e-06,9.955000320812014780e-06,1.022960568244381851e-05,8.876810026788279378e-06,9.912603378457067390e-06,9.183669710124166003e-06,9.223145652159624050e-06,8.835702421031263300e-06
9.043389147547319033e-06,8.953061071371901477e-06,8.098381919308918415e-06,8.089276742933356945e-06,8.174356285600470722e-06,8.507084195803996676e-06,8.706413230236691614e-06,8.957834670787102616e-06,8.498227662091539677e-06,6.679947626574018937e-06,7.998439137984060358e-06,8.814895538160886067e-06,9.077852429344639983e-06,8.573233649169309937e-06,8.663092002175725993e-06,8.442702599595936251e-06,8.159686211512962357e-06,9.084753212419144019e-06,9.244316764682680587e-06,9.135013541888942112e-06,9.506371959233577570e-06,9.176784825900386144e-06,9.340998489886773970e-06,8.950497561659307626e-06,9.334271564940713428e-06,9.482110868747882932e-06,9.248485512408283869e-06,9.555883052903105888e-06,9.138538060818027404e-06,9.714531589162766741e-06,9.421306455750209590e-06,9.199753398729121017e-06,9.840284071205115769e-06,9.301422066701199075e-06,9.366943231038688084e-06,9.367148390065211427e-06,9.685348919998022015e-06,9.794176056341049913e-06,9.823736476889345030e-06,9.446500132081393249e-06,9.891058713744328183e-06,9.746102644913002007e-06,9.494510498256779807e-06,9.817376325293672044e-06,9.846716500602596418e-06,9.933731238935732005e-06,1.001354906374873533e-05,9.864184927305381207e-06,1.069102312208943950e-05,9.765971644107907147e-06,9.963861644720342018e-06,9.875280952026855671e-06,1.030286466372962941e-05,9.969022652123157087e-06,9.997036903911297223e-06,1.039349019079679784e-05,1.015535638380709202e-05,1.021178460676110872e-05,9.967186012384851666e-06,1.018644315415254984e-05,9.951451983907488570e-06,9.797683574758884919e-06,1.010887999982206482e-05,1.014899670641492529e-05,1.013429177736570629e-05,1.020912380381381090e-05,1.033989575122089543e-05,1.047193251828552471e-05,1.034706480013087909e-05,1.041730533651880690e-05,1.060118901401027662e-05,9.903232775865624784e-06,1.013888230062216707e-05,1.025189253884352695e-05,1.035141984205055292e-05,1.010837982952488690e-05,1.056424596194729600e-05,1.015366100574965696e-05,1.016398792832856307e-05,1.046658498135765831e-05,1.059678758964744033e-05,1.018684943188268020e-05,1.059029653102516479e-05,9.770068941851086581e-06,1.057667872986440064e-05,1.018963530489859521e-05,1.045875957475049303e-05,1.049914953287991105e-05,1.070274291452690241e-05,1.070003828748816766e-05,1.004515081958926090e-05,9.870762141253287624e-06,1.043092580834371492e-05,9.996667848608867382e-06,1.023990387520083466e-05,9.735126816638517205e-06,1.027441502009575549e-05,9.917175507325566306e-06,1.039597300883672836e-05,1.009915271025687586e-05,1.024136237911510406e-05,9.939667564490703514e-06,1.028194875676207302e-05,9.778010881951749300e-06,9.585246701836814385e-06,9.750352331181386012e-06,1.010983139457265729e-05,1.032576363492984005e-05,9.960462442143898715e-06,9.806756498986741950e-06,9.372609846328963231e-06,9.576760856259785676e-06,9.880865202412151304e-06,1.001868967649510402e-05,9.571399935451567492e-06,9.843707981153710566e-06,9.625882108936183512e-06,9.702323731407953993e-06,9.772424852618279595e-06,9.387078713129410172e-06,9.379750653276392778e-06,9.953365583736348241e-06,1.043355586005421340e-05,9.676357148934763746e-06,1.004600756374347009e-05,9.580016965247184748e-06,1.008953917825561946e-05,9.787267245313350478e-06,9.929930900806793233e-06,1.006469550750415260e-05,9.935491887985288100e-06,1.006692715604804875e-05,1.049819602548574545e-05,1.042324531537270440e-05,1.035002845073072143e-05,9.389568140259121678e-06,1.037808368393640085e-05,9.736550064859016132e-06,9.721753232850123349e-06,9.283758670703693959e-06
8.471458829289738377e-06,8.502667423557946550e-06,7.499238569224012011e-06,7.486631994869683712e-06,7.617566618307004079e-06,7.984656819502866659e-06,8.137388280161075231e-06,8.304228898561125076e-06,7.848203092655165882e-06,6.192282526390028519e-06,7.508343425174015344e-06,8.450478844191966192e-06,8.642971316673840767e-06,8.091096536115773791e-06,8.260964792470926128e-06,7.535524035753851005e-06,7.535625425708827360e-06,8.599526582800650766e-06,8.628207818993587454e-06,8.559654323018687220e-06,9.067551364981728531e-06,8.797498313099401187e-06,8.914628827283148523e-06,8.675573486507171309e-06,8.888198880892130723e-06,8.718513753069424366e-06,8.739022910721375596e-06,9.191005066923637045e-06,8.557548463155188246e-06,9.216727512777195134e-06,8.970613617523739828e-06,8.763765210437534511e-06,9.379227976107363724e-06,8.845149496744161008e-06,8.942541024008664392e-06,8.913253941269109527e-06,9.109802364784943003e-06,9.286737852913888456e-06,9.373807151976737556e-06,8.975695076105184362e-06,9.321482956414385495e-06,9.209155890343754489e-06,9.064650138354579824e-06,9.253113538228719391e-06,9.309769107338798839e-06,9.498808767464450765e-06,9.441454562185985850e-06,9.325590902599667509e-06,9.765971644107907147e-06,9.716090005228550754e-06,9.374292777516793148e-06,9.417870726162847985e-06,9.773873128490873872e-06,9.534490490670239341e-06,9.665978524505281299e-06,9.916302106338012784e-06,9.553540903865731122e-06,9.595165263087149460e-06,9.531353077798486800e-06,9.587722062671811797e-06,9.470396815748890608e-06,9.356402001248842885e-06,9.516791439189018002e-06,9.627867925649774409e-06,9.528625752918905336e-06,9.673374626573827197e-06,9.770327913983089526e-06,9.879415297387211502e-06,9.824507776878215577e-06,9.917589408782077629e-06,1.021200377130270928e-05,9.420996088794667979e-06,9.600006136037154901e-06,9.622793881091292939e-06,9.822028666476793738e-06,9.667532604509671882e-06,1.007343538439573677e-05,9.760095068973326674e-06,9.736519086938060047e-06,9.744933935069817151e-06,1.004438830568089268e-05,9.681037326901444881e-06,1.003057088747796047e-05,9.233938044125126411e-06,1.001764556245592006e-05,9.637880300051672171e-06,9.913580591151747483e-06,9.792566696511628604e-06,1.008099252748177563e-05,1.014245456225212614e-05,9.447752967802449105e-06,9.313290105150070781e-06,9.785911071515543015e-06,9.349571604783552206e-06,9.533395569541993072e-06,9.193999127527592566e-06,9.542652198015320021e-06,9.140999250293905875e-06,9.825733467556733755e-06,9.459913853817214857e-06,9.636116212131620338e-06,9.343559754371909414e-06,9.692688833676089849e-06,9.008600395611951106e-06,8.962835637773475304e-06,9.046002526365414602e-06,9.429673927007985485e-06,9.770975160424438702e-06,9.333378656757801358e-06,9.336307203815723916e-06,8.865184470487851213e-06,8.956796786159275587e-06,9.263350756818388614e-06,9.327840355825192027e-06,8.887336221484759088e-06,9.195740607334220909e-06,9.040106165504533780e-06,8.939345952039651246e-06,8.995357213718419462e-06,8.654395051738543736e-06,8.725716527082406644e-06,9.286481912643453209e-06,9.543839088100418636e-06,8.986136646575480517e-06,9.431936526693674247e-06,9.009271855356044739e-06,9.287369384078869054e-06,9.091165697399431793e-06,9.328056745022014176e-06,9.430249312935138866e-06,9.322849221344651412e-06,9.324641383650909593e-06,9.677518393095963967e-06,9.654158663038776652e-06,9.848718206202815699e-06,8.586620991044062334e-06,9.555478202905653292e-06,8.948698775871606091e-06,9.195787951141164105e-06,8.609108555342358105e-06
8.435135575338287080e-06,8.333797254779336524e-06,7.642244273101316419e-06,7.547866377690572074e-06,7.724979322919036572e-06,7.995419950372950599e-06,8.294367545439674532e-06,8.293753324842737421e-06,8.020379045998388007e-06,6.284733857275742726e-06,7.769301149569700940e-06,8.396762286339099903e-06,8.656802145896187446e-06,8.048441638193753225e-06,8.148053652206413433e-06,7.999370726277221094e-06,7.747980608805748708e-06,8.727305162306429575e-06,8.730539481579654352e-06,8.611415747260897045e-06,9.051301860000296915e-06,8.712438358665383582e-06,8.953671982593724079e-06,8.570451723964590785e-06,8.927027712195425725e-06,8.981914637751242815e-06,8.856564013280096692e-06,9.222833637214251020e-06,8.711122696462765094e-06,9.317186930995602679e-06,9.124993459266987300e-06,8.734881129915480463e-06,9.508262679898189416e-06,8.826684971623197215e-06,8.978740875626404840e-06,8.929488341726477891e-06,9.328305485839604895e-06,9.386345859043532244e-06,9.473031496391585540e-06,9.115540384646118606e-06,9.491078001409553763e-06,9.436867389643684465e-06,9.213911840976224697e-06,9.538307108224639664e-06,9.495423427075035398e-06,9.541825048703148388e-06,9.715070812897970922e-06,9.493492619880257227e-06,9.963861644720342018e-06,9.374292777516793148e-06,1.018851358623505661e-05,9.563111653315995589e-06,9.954505955120873133e-06,9.698249893132244919e-06,9.738375777162632359e-06,1.025087981304202968e-05,9.767826510550815913e-06,9.896905949601600427e-06,9.855991259110020165e-06,9.831505285630750944e-06,9.826364980012857191e-06,9.728082532937622944e-06,9.926767994317842468e-06,9.975011936124591233e-06,9.936293934311861724e-06,9.979287942892969230e-06,1.020355688038933476e-05,1.025779068890605967e-05,1.020282823510250538e-05,1.029829869065357428e-05,1.050803431147968796e-05,9.613760120877998288e-06,9.889591069693182796e-06,1.018822970395231236e-05,1.030108716099074431e-05,1.000217073122279291e-05,1.039328092871708913e-05,1.029633261137396401e-05,9.976274599656853262e-06,1.025728763520967556e-05,1.056865936901586707e-05,1.003555922079982609e-05,1.053871350479229542e-05,9.781164462739389980e-06,1.059848466906744036e-05,1.020761408376729480e-05,1.042616567183456282e-05,1.037311123477107414e-05,1.057922969251100650e-05,1.059145890208799861e-05,9.954353513139773321e-06,9.988834003494381552e-06,1.020858270404298938e-05,1.001718485536698995e-05,1.005723118368704723e-05,9.698283444954032312e-06,1.031841300794536884e-05,1.005556047212870718e-05,1.054431005243356783e-05,1.011314012532655192e-05,1.027378118270860270e-05,1.018237137165246665e-05,1.024469870002397387e-05,9.659894762030537120e-06,9.555878356812740084e-06,9.748158958633040759e-06,1.007755601133095914e-05,1.034893088890238438e-05,9.934537288039199071e-06,9.913122044130752168e-06,9.146521985357566523e-06,9.549750506369587006e-06,9.754187852282620284e-06,9.830753889113920730e-06,9.527429666875462206e-06,9.765692281439824189e-06,9.947118787307516672e-06,1.006888142962159146e-05,9.678171890862232352e-06,9.243474768831651302e-06,9.211356345585275997e-06,9.769486434687234188e-06,1.005577068088466395e-05,9.457833364731551659e-06,9.606095073160579280e-06,9.334810659194858013e-06,9.777777220856788819e-06,9.349268227906894083e-06,9.721344301088298182e-06,9.607508573778821801e-06,9.704812075877946787e-06,9.498448949762404174e-06,1.005326901365783976e-05,9.835779682641540754e-06,9.992893395291988710e-06,8.998321626017962379e-06,9.960835206839559162e-06,9.168276057276328222e-06,9.229794125337373957e-06,8.972217530117914717e-06
8.703778305799537236e-06,8.720334089388371023e-06,7.910809427357322677e-06,7.950382709743960047e-06,7.962290317356700300e-06,8.384278798972255638e-06,8.534322417588409302e-06,8.710298651398394045e-06,8.413987569097419319e-06,6.147569914896615016e-06,7.962194870561282995e-06,8.786913221761121032e-06,9.035709326086278670e-06,8.471051739868249895e-06,8.509063668247139974e-06,8.045826629456620258e-06,7.830245048022134609e-06,9.051660766084624802e-06,8.976225020692387015e-06,8.937208377311832595e-06,9.364592446959531634e-06,8.990967887832759654e-06,9.254674764639218525e-06,8.914302107663128175e-06,9.283159778812785613e-06,9.297672365832287332e-06,9.183959896179404831e-06,9.458191489320863141e-06,8.980274010799234639e-06,9.538644865560694353e-06,9.237081790680959698e-06,8.989500689828151239e-06,9.679077667405481224e-06,8.969891512760502601e-06,9.256924442257274171e-06,9.194660033479372792e-06,9.391396145232613332e-06,9.629216724042346734e-06,9.525200270882835555e-06,9.386221184921199784e-06,9.579933921356928756e-06,9.421161044569939074e-06,9.340345979617859914e-06,9.584082985406607014e-06,9.571042275451580866e-06,9.645783090577048294e-06,9.618348906041240386e-06,9.490156739537934619e-06,9.875280952026855671e-06,9.417870726162847985e-06,9.563111653315995589e-06,1.015108367871401275e-05,9.908634043080525962e-06,9.767821388313126029e-06,9.741951159113348713e-06,1.025557237177868877e-05,9.777918357640752055e-06,9.851738529719133040e-06,9.777953706533159609e-06,9.715024559743606826e-06,9.745266402107648137e-06,9.502890262155712329e-06,9.870842667451413806e-06,9.824555998667432923e-06,9.795107181935564975e-06,9.910512812125739200e-06,9.964724850565396828e-06,1.000806455940743113e-05,9.954417645061512687e-06,1.000634308726585435e-05,1.025725339363078867e-05,9.589546773355694961e-06,9.690822048999287935e-06,9.757391364577386330e-06,9.945986902816527338e-06,9.790909020042015204e-06,1.011737104938241527e-05,9.922065690101506837e-06,9.745016201435096774e-06,9.854876886092994568e-06,1.008156687930852327e-05,9.645243903374822362e-06,1.005236199834339318e-05,9.503839324121106537e-06,1.023477537695775653e-05,9.748574294790656407e-06,9.956134100306087941e-06,9.865833330069930237e-06,1.008832221675681182e-05,1.027069888612636140e-05,9.692157335433623333e-06,9.496873806024257045e-06,9.830973828920302053e-06,9.415594078282902245e-06,9.635868262499517988e-06,9.120810362439792305e-06,9.689173604088979842e-06,9.405044833682746729e-06,9.850822334367091907e-06,9.427654378500277839e-06,9.763111040610362610e-06,9.432329302795107372e-06,9.613966364760730607e-06,9.184926445821712631e-06,9.000747391280458252e-06,9.167006282577870639e-06,9.478380511688640211e-06,9.788408284584440176e-06,9.453165727182031035e-06,9.395849177061403837e-06,8.744074250712282961e-06,9.070317864338233604e-06,9.193698289558100477e-06,9.422100038356954398e-06,9.071173497905954641e-06,9.102399954689774424e-06,9.154032660394924282e-06,9.243378983628263798e-06,9.000073606933179369e-06,8.760473452603315380e-06,8.741743531466808462e-06,9.275823592284440666e-06,9.624959457265376228e-06,9.000778145490283947e-06,9.500822696830181130e-06,8.865588680717598579e-06,9.288418844821911687e-06,8.988484807032666722e-06,9.377898719029963517e-06,9.390807960497502278e-06,9.529115664868284183e-06,9.291707711961368877e-06,9.735443878619077880e-06,9.583859551841601948e-06,1.009728527462833881e-05,8.810832663816150969e-06,9.656247000918936942e-06,9.007174303353004778e-06,8.989658699702565426e-06,8.749605217147384391e-06
8.844034982847138399e-06,8.756428797077933692e-06,7.960809606486657261e-06,7.849009965732726046e-06,7.896918644177909125e-06,8.406971492249746465e-06,8.411464912480149566e-06,8.748265198981185095e-06,8.232258778720298302e-06,6.414435759598507298e-06,7.792889080614190102e-06,8.674167524552019241e-06,8.854860092352782649e-06,8.408323312952920852e-06,8.378987423411736322e-06,8.015763007379628032e-06,7.981039662516769290e-06,8.863185873166103170e-06,8.983167122716797164e-06,8.976331835376158335e-06,9.295529296274552763e-06,9.022433542796653251e-06,9.185396188895940959e-06,8.985812699021265626e-06,9.250726303497687359e-06,9.323048425777509480e-06,9.185466148383633926e-06,9.451923030471911683e-06,9.035103130385650956e-06,9.595366675697394402e-06,9.298004421257430685e-06,9.068150051819074111e-06,9.737978757181188502e-06,9.266839399611551256e-06,9.330364933398335262e-06,9.298994361675166163e-06,9.722040057052672092e-06,9.921250077318174637e-06,9.830831179464969089e-06,9.372551052606998797e-06,9.866784570627244687e-06,9.761288184440902198e-06,9.591801752669978297e-06,9.830635490763187849e-06,9.897545617408311689e-06,9.946494710355780998e-06,9.997690921396693909e-06,1.001024184742991768e-05,1.030286466372962941e-05,9.773873128490873872e-06,9.954505955120873133e-06,9.908634043080525962e-06,1.097495815110735664e-05,1.009398670434026106e-05,1.026256620934785307e-05,1.063887450937228334e-05,1.029790280710956607e-05,1.040153826184386001e-05,1.026310094043124868e-05,1.037462159122937295e-05,1.014311306109895650e-05,1.008482747674184472e-05,1.033868767730390514e-05,1.032943493259808554e-05,1.034472173142926400e-05,1.042445020924100883e-05,1.054844447254347672e-05,1.068503619090327632e-05,1.063770997929343478e-05,1.072155454614038305e-05,1.086519398518416980e-05,1.014165517306953944e-05,1.030973895911577175e-05,1.046793680952328275e-05,1.072813623541005128e-05,1.050448851829172665e-05,1.089306923511819354e-05,1.058379472745582764e-05,1.044972271443160575e-05,1.070140829424277527e-05,1.089687919645993565e-05,1.060057203477419042e-05,1.109909460790987155e-05,1.006513388920579597e-05,1.109269341287139609e-05,1.062205038356103950e-05,1.089588443572186066e-05,1.072413205903523730e-05,1.100613289727975356e-05,1.099672905321375420e-05,1.033960076490667919e-05,1.026437844198288048e-05,1.078801074781957808e-05,1.031777768492053811e-05,1.038768034362355944e-05,9.940835713325254751e-06,1.057680506322272599e-05,1.019927150147191570e-05,1.085346375497588609e-05,1.040209634258769218e-05,1.051485660494459635e-05,1.021389515399028681e-05,1.063496381116506549e-05,1.011796561978686847e-05,9.809991785537514663e-06,9.992763851548992242e-06,1.048321090396201017e-05,1.066930347069797183e-05,1.023878676850593488e-05,1.025126909219229565e-05,9.563728623706145722e-06,9.777166415538435126e-06,1.016221937117605744e-05,1.015567382851037754e-05,9.679390180846962199e-06,1.010900305974688092e-05,9.988522254602216497e-06,9.848345251988510469e-06,1.004624356759330657e-05,9.521239570928729029e-06,9.694003827297425742e-06,1.013410074765738349e-05,1.040058025338880871e-05,9.640017222406605494e-06,1.015577175179393409e-05,9.695693048733873117e-06,1.020967971340450339e-05,9.762086806625182195e-06,9.858248849289071562e-06,1.027560002052466406e-05,1.013386428221849416e-05,1.010189041325528436e-05,1.034206338046727524e-05,1.048117146246716466e-05,1.054424055037438487e-05,9.194155880189167060e-06,1.035816184603594561e-05,9.660286440832359384e-06,9.612238008204935252e-06,9.282379675367246718e-06
8.784749582254635478e-06,8.678354880156501631e-06,7.973293145770693656e-06,8.067737755300895445e-06,8.068708675012906828e-06,8.527199252561893392e-06,8.431283035519191851e-06,8.723545008402922769e-06,8.343887358141706016e-06,6.143054741508119540e-06,7.735213225809734781e-06,8.733315724742078537e-06,9.074379479172367486e-06,8.501464556190535413e-06,8.631603476011852515e-06,8.095406638193891103e-06,7.686393713979867371e-06,8.833221448752259555e-06,9.039313434501209120e-06,8.917458688073691680e-06,9.188145020250169915e-06,9.103467408333270721e-06,9.193848168026321754e-06,8.944800049137144763e-06,9.225743487110526280e-06,9.164299362253264215e-06,9.159031702421883300e-06,9.466850111476446633e-06,8.969778551381982093e-06,9.489844657330496870e-06,9.307805312816178772e-06,8.926896691146009836e-06,9.632386923586049799e-06,9.011735061662747872e-06,9.270942225903967753e-06,9.191443085478955742e-06,9.463747600599286397e-06,9.655374062888072599e-06,9.640373440124935941e-06,9.274193993489478097e-06,9.610168157656682957e-06,9.471757169246100818e-06,9.359630637680854608e-06,9.565702207967718008e-06,9.611379784659202901e-06,9.716056108533131485e-06,9.710853217991703292e-06,9.549878168935338924e-06,9.969022652123157087e-06,9.534490490670239341e-06,9.698249893132244919e-06,9.767821388313126029e-06,1.009398670434026106e-05,1.034609539559036699e-05,1.002141970990968259e-05,1.033100133046101316e-05,9.875400466143225783e-06,9.954728810800645043e-06,1.000882945884257133e-05,9.787543467284319436e-06,9.937763771595195585e-06,9.759725643804983560e-06,1.007962670890919407e-05,9.944508730818322283e-06,1.004900503699572101e-05,1.007556937106352207e-05,1.019157631131427475e-05,1.026787337054675653e-05,1.011737675658317781e-05,1.039079343393582053e-05,1.051526085651891465e-05,9.722016764919177794e-06,9.962360982715911216e-06,1.001065977527295469e-05,1.023846546669692704e-05,1.004789839828457542e-05,1.038767354425612269e-05,1.009521781128941829e-05,9.925147713626689000e-06,1.022350881378756459e-05,1.054331828139010024e-05,9.952678769779312639e-06,1.027513433202103407e-05,9.785483069899635435e-06,1.066041392763279528e-05,1.010978718750829554e-05,1.036510923676396032e-05,1.018213505890219110e-05,1.040210154450037412e-05,1.057458508787554593e-05,9.913254667190059377e-06,9.719893128939030417e-06,1.028495102900529302e-05,9.893084239674917852e-06,9.952515546605264612e-06,9.508342959007035205e-06,1.004689912462230505e-05,9.702384079612323515e-06,1.021181265067329393e-05,9.906434784415469347e-06,1.006898674793979911e-05,9.805566177964863064e-06,9.969178823290424869e-06,9.377564162483529632e-06,9.306743826334426108e-06,9.629519808475646848e-06,9.860116761092600998e-06,1.019506983251797066e-05,9.739092048622861883e-06,9.751303551995397535e-06,9.041501108350785096e-06,9.506674764746693752e-06,9.619236755911322512e-06,9.786190128320316711e-06,9.282733781023597185e-06,9.465765910539123207e-06,9.395735919908236217e-06,9.547464582572130225e-06,9.297652048549617289e-06,9.020503267981315159e-06,9.027533042486830250e-06,9.593780983877137024e-06,9.856824179662272139e-06,9.220837097595709886e-06,9.812284109793549498e-06,9.275445343969924728e-06,9.743041975559119721e-06,9.506111153678772010e-06,9.683956748576873658e-06,9.554217377811809691e-06,9.766529567099313557e-06,9.619401158057776894e-06,1.000919585987169361e-05,9.988872018669058743e-06,1.020068631815601091e-05,9.140305008577402803e-06,9.844427489273312344e-06,9.255890837432953564e-06,9.453839658301091929e-06,9.057591214823986029e-06
8.631246900932222364e-06,8.605330471657110907e-06,7.844806356623318440e-06,7.781309641233869259e-06,7.798327504626912141e-06,8.277447908711667212e-06,8.402255754356837420e-06,8.605409545304754850e-06,8.163744425066038899e-06,6.168827348956821776e-06,7.866568620454462274e-06,8.574700822019741853e-06,8.850285166525265852e-06,8.468916987483678078e-06,8.341631300167319006e-06,7.723497428797939157e-06,7.822883253052805109e-06,8.837934771638643086e-06,8.928076748521493675e-06,8.774941107429215924e-06,9.191123136038570536e-06,8.931696587945675838e-06,9.251874325245939643e-06,8.935469525399364736e-06,9.112855295029201211e-06,9.102495316287065438e-06,9.091291127436749875e-06,9.490077982604923780e-06,8.875311498457277894e-06,9.492239836658183163e-06,9.258659759666402540e-06,8.998006606515274395e-06,9.687898101443559624e-06,9.038748880690262213e-06,9.256924028259734782e-06,9.189973524143817924e-06,9.474311436288659988e-06,9.824042325123125125e-06,9.702029928226094018e-06,9.293919070710223579e-06,9.674596667329812992e-06,9.579261547667676556e-06,9.378809188283499993e-06,9.671616123747421882e-06,9.691685953922025084e-06,9.783787693923285783e-06,9.851215996001359295e-06,9.763296677868376369e-06,9.997036903911297223e-06,9.665978524505281299e-06,9.738375777162632359e-06,9.741951159113348713e-06,1.026256620934785307e-05,1.002141970990968259e-05,1.060808621730917338e-05,1.045124445028745935e-05,1.005317362470289735e-05,1.005083391358144329e-05,1.014561724021695962e-05,1.001029865537053075e-05,1.000651292719309368e-05,9.870918222144319212e-06,1.007116557380844019e-05,1.008404352575459513e-05,1.019475119079260808e-05,1.026246923310173468e-05,1.031638270600026827e-05,1.040656163450249889e-05,1.033127206592205579e-05,1.052842312463750187e-05,1.069442207169940671e-05,9.919538305662006219e-06,1.005680322977502219e-05,1.026697920198914597e-05,1.035483954604878617e-05,1.022860516522925263e-05,1.054192108575009592e-05,1.053822362163604486e-05,1.029273610373835347e-05,1.042179540238257169e-05,1.072748737756422267e-05,1.032587894596068345e-05,1.066883963061092527e-05,9.950786913099123125e-06,1.087915821176678090e-05,1.033547383006920060e-05,1.063743461681268766e-05,1.046472417504136832e-05,1.073561939989391699e-05,1.074219268255378905e-05,1.005808023739576734e-05,9.911633246917834529e-06,1.036249970464879768e-05,1.010765526638361863e-05,1.006244373752549347e-05,9.635197583272490400e-06,1.025149613078237401e-05,9.797381538132733604e-06,1.047888953440824881e-05,1.011131634558660967e-05,1.028112770805430990e-05,1.005407183777963054e-05,1.025637300524544472e-05,9.684391454896113953e-06,9.510860484111760156e-06,9.752006022020515992e-06,1.000068082525097250e-05,1.028989069656569484e-05,9.932513800502668593e-06,1.001425709309054961e-05,9.150971196611429299e-06,9.482552214853588285e-06,9.868952319987907463e-06,9.891118678125739751e-06,9.364331450226100003e-06,9.780559229027756656e-06,9.686975741611925135e-06,9.595838271490896368e-06,9.562964005175533542e-06,9.333956108233692513e-06,9.269375881288179029e-06,9.809479482018578566e-06,1.005625477123561249e-05,9.469140257505613792e-06,9.957972247495532918e-06,9.551814048998217210e-06,9.756052219382451538e-06,9.654712832804681336e-06,9.804828189745286714e-06,9.860777808674270058e-06,9.870283994872545931e-06,9.919192899790319444e-06,1.007818121910271299e-05,1.024282563188858745e-05,1.032477978498568224e-05,9.150193343498143640e-06,1.007112837400835241e-05,9.360025835350965531e-06,9.594939590703493120e-06,9.295784985158429955e-06
8.726595731925372790e-06,8.620839956729599665e-06,7.988045165639512252e-06,7.827164508810873744e-06,7.914073925124179613e-06,8.328285873301687146e-06,8.506704612338401958e-06,8.639808905428025511e-06,8.332127425400991414e-06,6.561059254867622157e-06,8.204705188828804118e-06,8.698054188188021873e-06,9.200911582483721195e-06,8.479585876604242917e-06,8.455194896606246967e-06,8.031995093077191189e-06,7.849085890341367204e-06,9.054943920333538264e-06,9.173578089984205872e-06,9.043414950345886661e-06,9.540285997182964070e-06,9.258836029608574026e-06,9.456394534905012854e-06,9.168588771404004019e-06,9.440738715953421161e-06,9.334414169845387996e-06,9.379917848394969050e-06,9.752460255179636780e-06,9.185741367362258012e-06,9.824745022638342010e-06,9.517816816516041874e-06,9.006063658018318081e-06,9.955025127651941530e-06,9.246155952396252996e-06,9.673859802146987652e-06,9.406353445892753088e-06,9.693288453800030612e-06,1.004612672230143149e-05,1.000084438730599256e-05,9.618800235407069877e-06,1.002211865887279362e-05,9.908748765013957691e-06,9.802716545129878481e-06,1.006938363870117625e-05,9.990929372601255916e-06,1.006870478128722562e-05,1.015595278366532932e-05,1.012954275218438323e-05,1.039349019079679784e-05,9.916302106338012784e-06,1.025087981304202968e-05,1.025557237177868877e-05,1.063887450937228334e-05,1.033100133046101316e-05,1.045124445028745935e-05,1.160741199742455688e-05,1.047480898076263292e-05,1.054131801482750428e-05,1.061095789385664525e-05,1.059876589254155772e-05,1.056228797875161880e-05,1.033421070905496723e-05,1.058464086827647565e-05,1.060370287537468350e-05,1.067863020156593521e-05,1.077778147211665601e-05,1.077094352495031717e-05,1.103224713630907629e-05,1.097157491884998653e-05,1.099999256351652996e-05,1.110514708688537528e-05,1.032334712265643905e-05,1.055532210384024970e-05,1.089921575766008352e-05,1.093435489962055143e-05,1.074203713341762763e-05,1.111815535254022020e-05,1.103796869799944581e-05,1.072564021366262152e-05,1.076693565313652375e-05,1.111348101632025230e-05,1.065332186599585424e-05,1.126341397710156836e-05,1.045443694110054649e-05,1.133284353791052993e-05,1.089862802570566024e-05,1.121179020478284352e-05,1.093116451674753800e-05,1.119110789599132907e-05,1.129581201397718779e-05,1.063859401645987831e-05,1.058918504633316384e-05,1.082889264194855797e-05,1.045639315974797395e-05,1.044509966215746088e-05,1.019653784722863821e-05,1.081648086311116825e-05,1.048330399743177511e-05,1.117706997527884508e-05,1.062294599696799852e-05,1.093606394762739220e-05,1.058794695680619618e-05,1.068493642291188704e-05,1.013467309470056629e-05,9.998387464991597871e-06,1.019608695894296452e-05,1.067713218465371005e-05,1.081028151488911962e-05,1.049920151756278107e-05,1.059940424836204714e-05,9.626467507271870521e-06,9.944160496356003998e-06,1.022882803613102653e-05,1.054731710605914811e-05,1.010102846545294638e-05,1.009809202966608270e-05,1.050805756061907735e-05,1.036916833464212750e-05,1.018601220055341212e-05,9.752783257533976949e-06,9.533847790613409428e-06,1.030442364367307639e-05,1.057005234570407756e-05,9.659588665742080996e-06,1.015757011805714018e-05,9.615436931075628724e-06,1.014066192863034765e-05,9.588566671941076361e-06,1.011293485752343916e-05,9.956364236241866392e-06,1.028945115125279090e-05,9.927675941827800762e-06,1.037197056096160761e-05,1.022313320001914861e-05,1.087042800399998272e-05,9.524413612950444300e-06,1.041444434052932708e-05,9.709916326818992898e-06,9.520333864456846537e-06,9.306369792445829081e-06
8.485371817031178270e-06,8.372867275438521556e-06,7.794001949221629155e-06,7.631142077660492301e-06,7.727781672677815617e-06,8.060522700632054209e-06,8.176596020308456527e-06,8.442555482496407409e-06,7.982416502652394036e-06,6.559391148558046386e-06,7.607705597050010411e-06,8.401409129824584157e-06,8.648132197859534364e-06,8.208308495301430908e-06,8.176795235305434975e-06,7.890263938083275116e-06,7.456770188156672483e-06,8.681291160760674883e-06,8.679659806114869717e-06,8.721769185136330377e-06,9.094821182126551501e-06,8.841851777090863640e-06,9.005714024597229450e-06,8.607646292972243233e-06,8.982826079631845120e-06,9.055141339394520900e-06,8.891243058927411096e-06,9.376984160317669857e-06,8.818222862180101907e-06,9.416126157667690933e-06,9.149609604490964156e-06,8.760504910748005100e-06,9.531168464182105586e-06,9.022836041249194565e-06,9.139337480228382432e-06,9.133781520899707804e-06,9.472471508456200857e-06,9.622118579687276933e-06,9.577927828315808571e-06,9.286173157362081235e-06,9.657566867940231835e-06,9.591825447581393135e-06,9.396147734037378147e-06,9.707027323185093314e-06,9.610404408279075577e-06,9.716844878146297236e-06,9.930308061550991485e-06,9.755440683171263391e-06,1.015535638380709202e-05,9.553540903865731122e-06,9.767826510550815913e-06,9.777918357640752055e-06,1.029790280710956607e-05,9.875400466143225783e-06,1.005317362470289735e-05,1.047480898076263292e-05,1.054508691905292657e-05,1.016304824797641568e-05,1.016217686490544753e-05,1.015355000791659901e-05,1.005894250237458313e-05,9.926922094337867553e-06,1.027641598993717490e-05,1.022697215444323464e-05,1.024188660658040651e-05,1.037287869826992637e-05,1.038737162018876619e-05,1.052299129261022630e-05,1.051104815888321759e-05,1.063878863277859179e-05,1.082745388379826226e-05,9.953425945223918936e-06,1.033636457679648210e-05,1.061819179497782915e-05,1.048195501151686727e-05,1.039304217470475529e-05,1.075566799249827490e-05,1.067738483626397706e-05,1.039858899405116455e-05,1.055457895068897216e-05,1.083398281914750527e-05,1.043694092668829600e-05,1.097764457082432425e-05,1.012853615184111139e-05,1.102687188398063631e-05,1.058903339140772976e-05,1.083070634587844766e-05,1.074974562093465900e-05,1.103363674399236231e-05,1.099671865152875957e-05,1.043508641834406977e-05,1.037541810568978270e-05,1.065490391925874206e-05,1.032445637053271333e-05,1.038644733398716593e-05,1.013141838477189761e-05,1.068347805957392962e-05,1.030410092136564846e-05,1.093342868182538063e-05,1.052953593784043622e-05,1.066900215413585881e-05,1.039495417732888395e-05,1.063683081481848172e-05,1.025210721516293365e-05,9.932933801070858876e-06,1.023720885068850536e-05,1.048497796680783342e-05,1.072872379034201876e-05,1.027976906229460402e-05,1.025631782824088795e-05,9.654053601259628476e-06,9.866212656139002171e-06,1.020138975730067750e-05,1.043974099492221011e-05,9.976374721254699409e-06,1.005021149341434820e-05,1.011535689219535255e-05,1.023646847022691709e-05,1.012530847015851023e-05,9.729291667763611759e-06,9.573649517846099586e-06,1.015187441125664482e-05,1.045021296963193682e-05,9.657015577393327481e-06,1.028580214471332202e-05,9.794290126644921937e-06,1.019211109934903510e-05,9.854186365557091889e-06,9.915092955117484435e-06,1.004569357280651194e-05,1.023270074805300652e-05,1.004858655901994664e-05,1.034814647427173060e-05,1.032480957737483932e-05,1.034405013600666038e-05,9.455124382130356721e-06,1.019813274489395266e-05,9.484335619392982326e-06,9.491874174999421202e-06,9.259755137374906149e-06
8.653033339381880479e-06,8.567948901560153892e-06,7.831058469078103516e-06,7.769845436603880907e-06,7.730494007787187425e-06,8.275996006742876015e-06,8.359924031024697604e-06,8.545025933891714230e-06,8.065277919230419792e-06,6.124586502086672794e-06,7.861593435047480692e-06,8.509644266312543380e-06,8.766013025125895074e-06,8.237012518687034313e-06,8.233285528325926875e-06,7.730587054696391513e-06,7.879342486342212591e-06,8.762148925755011982e-06,8.827815069604295247e-06,8.796130250405027212e-06,9.128004871400727144e-06,8.846611938992608297e-06,8.958131664279491571e-06,8.625637409847019093e-06,9.155320664187373674e-06,9.174714463995517889e-06,8.991767943209608789e-06,9.295458023322636615e-06,8.846620506646130905e-06,9.477829075511649227e-06,9.186541553065863072e-06,8.944214255989846508e-06,9.688957154477636068e-06,9.060701070686553437e-06,9.177628680226249146e-06,9.114345434300851265e-06,9.597932862709188529e-06,9.690582657797849238e-06,9.674612286176842243e-06,9.374276064068259599e-06,9.739096035957192732e-06,9.641391344114625233e-06,9.393374489131377169e-06,9.755459573106567563e-06,9.776775135370558540e-06,9.833967068464064540e-06,9.879390973639083805e-06,9.823600223090258899e-06,1.021178460676110872e-05,9.595165263087149460e-06,9.896905949601600427e-06,9.851738529719133040e-06,1.040153826184386001e-05,9.954728810800645043e-06,1.005083391358144329e-05,1.054131801482750428e-05,1.016304824797641568e-05,1.075586798719609642e-05,1.019070214983601280e-05,1.017607207275200621e-05,1.006960072655143920e-05,9.905016103833340344e-06,1.034985715257235816e-05,1.028626836447695504e-05,1.031370628153819907e-05,1.050179700796563008e-05,1.053299708188511183e-05,1.062092538550081194e-05,1.049760933128422376e-05,1.067064529901708132e-05,1.079762502331639264e-05,1.003253484940227011e-05,1.032791254624428454e-05,1.036536273297036075e-05,1.062411597302720064e-05,1.044566067831148163e-05,1.092728545282715449e-05,1.060677994501678250e-05,1.044473604489550273e-05,1.068363729841419664e-05,1.091090955679412510e-05,1.048724651589906661e-05,1.085234455443986918e-05,1.018006005849671527e-05,1.096818358789830400e-05,1.067375156079317248e-05,1.084169819665268941e-05,1.078289955904339383e-05,1.092598024798334268e-05,1.107102735518046438e-05,1.029116899169330292e-05,1.020434692605702400e-05,1.065431700765310747e-05,1.032910723352817778e-05,1.049745762127096518e-05,1.000649989778327062e-05,1.044744874472649414e-05,1.018059073470157202e-05,1.064915082008895576e-05,1.018213475283153495e-05,1.024015632978091959e-05,1.008167466695029280e-05,1.049593107201479747e-05,1.000474732797223411e-05,9.778588813985803028e-06,9.958817825989021947e-06,1.017063393780389721e-05,1.059310433248346724e-05,1.001884496643259028e-05,1.004146062750950972e-05,9.426311968973739830e-06,9.708335555368844931e-06,9.974688397294390244e-06,1.001524028537444422e-05,9.595607707309406929e-06,9.994236521799951240e-06,9.644834533852138207e-06,9.694465378775155931e-06,9.726562928715268885e-06,9.255646296820318550e-06,9.122114063924933043e-06,9.739873240010992831e-06,1.020005343664660636e-05,9.514503011516529308e-06,9.903416074040509762e-06,9.439356705837939797e-06,9.924145455071407227e-06,9.462139283644041386e-06,9.783804013988876535e-06,9.778038798765771724e-06,9.688916335700158453e-06,9.774988994596890671e-06,1.014014067819277292e-05,1.027462994149630364e-05,1.027441548572096268e-05,8.956450466754942066e-06,9.923335443748656275e-06,9.293633752324659137e-06,9.471307826192312552e-06,8.995979932316578963e-06
8.423801164429467852e-06,8.196918124356232754e-06,7.649211426967166902e-06,7.433231621710852575e-06,7.646121994970875410e-06,8.055255835738702272e-06,8.161128472974771907e-06,8.310273980490996126e-06,7.901071671162109277e-06,5.835777554446581806e-06,7.655932514386840621e-06,8.343153322619853511e-06,8.551860461665247666e-06,8.038796884549665234e-06,8.011757835552754786e-06,7.786090388276844406e-06,7.406558660969583282e-06,8.755057380098031590e-06,8.727104706310966732e-06,8.585590274317556557e-06,8.999685373037745250e-06,8.826620552628791863e-06,8.997331932204237034e-06,8.603541440641369385e-06,8.973009020735964484e-06,8.970826235294956488e-06,8.943132501612826674e-06,9.261725996335758406e-06,8.648070371113596896e-06,9.407945201098386393e-06,9.205320013994029002e-06,8.705676724745018192e-06,9.366401433932112561e-06,8.903477335053700212e-06,9.164402830561260311e-06,9.061355280004551699e-06,9.422498881552043200e-06,9.556709410757781463e-06,9.590292223194724994e-06,9.251638821916569028e-06,9.585506933916763679e-06,9.560302409877578995e-06,9.400767243334242300e-06,9.680472075014215255e-06,9.773680286275627881e-06,9.536167753656175759e-06,9.769866853319650945e-06,9.706055592819115560e-06,9.967186012384851666e-06,9.531353077798486800e-06,9.855991259110020165e-06,9.777953706533159609e-06,1.026310094043124868e-05,1.000882945884257133e-05,1.014561724021695962e-05,1.061095789385664525e-05,1.016217686490544753e-05,1.019070214983601280e-05,1.090411707245542295e-05,1.018699124276840398e-05,1.015086602913402178e-05,1.010766427476592575e-05,1.040657607471803391e-05,1.032725974860899921e-05,1.038653691757809107e-05,1.055152112620542866e-05,1.060284981475353323e-05,1.061106789000919213e-05,1.063815436228789750e-05,1.076284038650691138e-05,1.091586104515880767e-05,1.009729092580937289e-05,1.029130136567947863e-05,1.065098166414660250e-05,1.070891180509244308e-05,1.055712420414879259e-05,1.094200516419932391e-05,1.092454329039429668e-05,1.055831922428351342e-05,1.078152496593533005e-05,1.100321345151125357e-05,1.061604516605741044e-05,1.105645623837481188e-05,1.035291198602545554e-05,1.126364566465750560e-05,1.067580886229396754e-05,1.097922304416571861e-05,1.082338439107454760e-05,1.112689901927424732e-05,1.114712599182099549e-05,1.052517342493634472e-05,1.048283315060842377e-05,1.058942261408348343e-05,1.041944248608824971e-05,1.041688196302689421e-05,1.004338402551745944e-05,1.070477414134700027e-05,1.051677356908666332e-05,1.102598782661613141e-05,1.046385455016786793e-05,1.066162129362241820e-05,1.039033186706089314e-05,1.045611147261430624e-05,9.982639546898291173e-06,9.777006203080038156e-06,1.021700455279070628e-05,1.040691611639020675e-05,1.076504573775692267e-05,1.028437024147903959e-05,1.021909171196977164e-05,9.468258692670928996e-06,9.848544833104604465e-06,1.006814417453230573e-05,1.017862792661206190e-05,9.797619098340915983e-06,9.881258586389763971e-06,1.023428189819840199e-05,1.028121408248046247e-05,1.009874456258761222e-05,9.604224384035848794e-06,9.337408000428220857e-06,9.804177801891333113e-06,1.016102580242017069e-05,9.419981291248225990e-06,9.811051799930736879e-06,9.528323435905453119e-06,1.001180542143947593e-05,9.454307382432308826e-06,9.757819742607922136e-06,9.687350566722595577e-06,9.935309780580482572e-06,9.646230131680481916e-06,9.911008618529244167e-06,9.939807060106842077e-06,9.954567596152270406e-06,9.074388639589665238e-06,9.677598809094095742e-06,9.414575863892287206e-06,9.097333935311180511e-06,8.852736737218164058e-06
8.299488470693682510e-06,8.286490664875432481e-06,7.529968436238306968e-06,7.326701365423923324e-06,7.574132958598450328e-06,7.901548824031030780e-06,8.014383468377091064e-06,8.237358043129757460e-06,7.853049428222639403e-06,6.747062183157922402e-06,7.624371860449885665e-06,8.293046352793778772e-06,8.531980085154991229e-06,7.931606232023803485e-06,7.922876891261732455e-06,7.929737048250761773e-06,7.450066171798010321e-06,8.575911770078994766e-06,8.621116557003026613e-06,8.623290100057783071e-06,9.128095549272602049e-06,8.657944904060176593e-06,8.965882116380698030e-06,8.541786192594741638e-06,8.907854502072017495e-06,8.953649718507290849e-06,8.812377236947271369e-06,9.201629221833142595e-06,8.775832396763740066e-06,9.323488617324569760e-06,8.964448390738886827e-06,8.676258193922999640e-06,9.283375033137345001e-06,8.899700709157683259e-06,9.164053555359373459e-06,8.966212893968294914e-06,9.390871271015940975e-06,9.552303946140535180e-06,9.479752816678522736e-06,9.084431643130700906e-06,9.672808272791721162e-06,9.537911746944946383e-06,9.287574083204704918e-06,9.623325690099095717e-06,9.676915900476756857e-06,9.616979200731335376e-06,9.877419665263329146e-06,9.773576053078289735e-06,1.018644315415254984e-05,9.587722062671811797e-06,9.831505285630750944e-06,9.715024559743606826e-06,1.037462159122937295e-05,9.787543467284319436e-06,1.001029865537053075e-05,1.059876589254155772e-05,1.015355000791659901e-05,1.017607207275200621e-05,1.018699124276840398e-05,1.075927882157994291e-05,1.010179353957647872e-05,9.912606399523552541e-06,1.017853672896133271e-05,1.030955319313493688e-05,1.034016243959876031e-05,1.035308965917401011e-05,1.043443822830911681e-05,1.070800898840650361e-05,1.064515160564958941e-05,1.070692546450888636e-05,1.082517837772212602e-05,1.003336647597138922e-05,1.033581695030908155e-05,1.067603485692943163e-05,1.068640111053388898e-05,1.043568566448497504e-05,1.082910015367996187e-05,1.080707169184890929e-05,1.056735773797977501e-05,1.066795670240207980e-05,1.088190763581561290e-05,1.059996504527587555e-05,1.116313682752648325e-05,1.019818179321911425e-05,1.099658792393267159e-05,1.058141095990420309e-05,1.108554633774184993e-05,1.084720985997500053e-05,1.111938503951787790e-05,1.101053832188279072e-05,1.049925691542892572e-05,1.048329041218507799e-05,1.067750243628336533e-05,1.038253026226788856e-05,1.043098373393431707e-05,1.011982673129193812e-05,1.086718714159684371e-05,1.043824782031599464e-05,1.111540121293133482e-05,1.060061556679061009e-05,1.074390584851999754e-05,1.047043700648845376e-05,1.082176001822455511e-05,1.025826936732428577e-05,9.961560822101013784e-06,1.025878772811351628e-05,1.071262214833189802e-05,1.077017434433661759e-05,1.042315241103732944e-05,1.035469789821817360e-05,9.831288712009885646e-06,9.874668763743143468e-06,1.028697883028832367e-05,1.035118967233394688e-05,9.991372628862481964e-06,1.023618313588940646e-05,1.050964004775460750e-05,1.044973839290544478e-05,1.038472716026415074e-05,9.821181060104066887e-06,9.675045972774401582e-06,1.022392812232457012e-05,1.052688590079603738e-05,9.862314654943080139e-06,1.012492060151562105e-05,9.729042638487661669e-06,1.026233207177382554e-05,9.722653323199800966e-06,9.974341417008783040e-06,1.020538091914156935e-05,1.009145509452421664e-05,9.962675481761913571e-06,1.029638767948410060e-05,1.027720950935451984e-05,1.042492452570245866e-05,9.426246715931871562e-06,1.035158905136819369e-05,9.785177012112199649e-06,9.505504614964500209e-06,9.266055427736418371e-06
8.573963360571300489e-06,8.336144811056395170e-06,7.852326928910301687e-06,7.617815140665740377e-06,7.820332475604322082e-06,8.206611258860248661e-06,8.338717733950762450e-06,8.466893575263558828e-06,8.112963440767962018e-06,6.446116151181650273e-06,7.684344196070484233e-06,8.502411990276257875e-06,8.709866249171732645e-06,8.146984833680538061e-06,8.208649067597069995e-06,8.348036073922568211e-06,7.590258382381365574e-06,8.737638749327262882e-06,8.788323532331619769e-06,8.735906111969819174e-06,9.076475729007315601e-06,8.842131288523060216e-06,8.959142266119869688e-06,8.705324000296565007e-06,8.975834403554727028e-06,9.001705328792368395e-06,8.984428352014514168e-06,9.350420354955037497e-06,8.717606628760956702e-06,9.292780493188286593e-06,9.125240683536431664e-06,8.670390836989542250e-06,9.403332514647128331e-06,8.834985048926645660e-06,9.180096962064659304e-06,8.989208813415302735e-06,9.415508603906415751e-06,9.556199381991056777e-06,9.491402321768342460e-06,9.214079823901911978e-06,9.592365381554103060e-06,9.469680849309192893e-06,9.377683208096418698e-06,9.647384065905315864e-06,9.625459136031413483e-06,9.709992076899693670e-06,9.880667968278173205e-06,9.679402634500662591e-06,9.951451983907488570e-06,9.470396815748890608e-06,9.826364980012857191e-06,9.745266402107648137e-06,1.014311306109895650e-05,9.937763771595195585e-06,1.000651292719309368e-05,1.056228797875161880e-05,1.005894250237458313e-05,1.006960072655143920e-05,1.015086602913402178e-05,1.010179353957647872e-05,1.064731027437305650e-05,9.906498712969453270e-06,1.025237309474013686e-05,1.026507345188255383e-05,1.031174161831562552e-05,1.040846359824624756e-05,1.044247486227847399e-05,1.060579222350941537e-05,1.045915339642945554e-05,1.066773612104329652e-05,1.092962959299477849e-05,1.005247624365621358e-05,1.032174611422865823e-05,1.057840820925453831e-05,1.057996665924649569e-05,1.045325451310659570e-05,1.078916218378296561e-05,1.080288586537072622e-05,1.054533317863930525e-05,1.064167621719488335e-05,1.098952431468378798e-05,1.052295464353680690e-05,1.110859484659876418e-05,1.029581096611556402e-05,1.117958515821479000e-05,1.075226597434465853e-05,1.093967065123308483e-05,1.081360787426602730e-05,1.105879114953125301e-05,1.103243704924520213e-05,1.053306194035209932e-05,1.040705352673788601e-05,1.072027630760129112e-05,1.038851629817271698e-05,1.053522893276267341e-05,1.027857486279295817e-05,1.063477389386466338e-05,1.035591250129843147e-05,1.098286006288786977e-05,1.053867079709606142e-05,1.076127991470988262e-05,1.056126626172207982e-05,1.063356095855481269e-05,1.015782413284187308e-05,9.839620733943130025e-06,1.025982782344977305e-05,1.047918946854616588e-05,1.070021514947861031e-05,1.034578128230171714e-05,1.031218736565227883e-05,9.566062504338147538e-06,9.844485568275340441e-06,1.009617033487519188e-05,1.020248288255806818e-05,9.841357243007461863e-06,1.006164810878255930e-05,1.021262679367543207e-05,1.026220681162241083e-05,1.003639253673410671e-05,9.644966873153603906e-06,9.467461310821166290e-06,1.006951005197077349e-05,1.019427452132735469e-05,9.662212262981380222e-06,1.006991289771244070e-05,9.536347407418050771e-06,9.834395600487726174e-06,9.502024464173108601e-06,9.977821474695432863e-06,9.702407405312027589e-06,1.002466891971157749e-05,9.819649813221903293e-06,1.027590601458820186e-05,9.998632407524149707e-06,1.044809145367657539e-05,9.389526074705881667e-06,1.020954657573346310e-05,9.495672126638055827e-06,9.449711482824042210e-06,9.211470047438374386e-06
8.285121032105417216e-06,8.136175160939270408e-06,7.553163908866256255e-06,7.419229466341992092e-06,7.418406072004454538e-06,7.830402950047311375e-06,7.996284998251721249e-06,8.173090450906572187e-06,7.763917488428310066e-06,5.841364986665762316e-06,7.459241106516743796e-06,8.218617225549209899e-06,8.367971337951987814e-06,7.967983380331263623e-06,7.944635789734142347e-06,7.710588370053945281e-06,7.490617080474896677e-06,8.421085674512043335e-06,8.530636396378337010e-06,8.491990762057231813e-06,8.779470139812121387e-06,8.581520270117735003e-06,8.673791552397092143e-06,8.471648138276258362e-06,8.713316529234664762e-06,8.833728128340149991e-06,8.734029388025964976e-06,8.981564509339005895e-06,8.520299415906085197e-06,9.125938757929794878e-06,8.953510732496741079e-06,8.551339897562384949e-06,9.287715798031700160e-06,8.650646001697385228e-06,8.851718773425458413e-06,8.863993755814894473e-06,9.212557174573467961e-06,9.321296898353817082e-06,9.359978105413055454e-06,8.982430815129650506e-06,9.400698728609971390e-06,9.328357217351594525e-06,9.157322120936616170e-06,9.441134297300827477e-06,9.461861127836450233e-06,9.433447234664252761e-06,9.596170322065154877e-06,9.453657664757321531e-06,9.797683574758884919e-06,9.356402001248842885e-06,9.728082532937622944e-06,9.502890262155712329e-06,1.008482747674184472e-05,9.759725643804983560e-06,9.870918222144319212e-06,1.033421070905496723e-05,9.926922094337867553e-06,9.905016103833340344e-06,1.010766427476592575e-05,9.912606399523552541e-06,9.906498712969453270e-06,1.026362680538045333e-05,1.021321754344601251e-05,1.011857327293571266e-05,1.015711496858888674e-05,1.023699799266294633e-05,1.035166947147572953e-05,1.043106777276370645e-05,1.039204740125114706e-05,1.052630760099756760e-05,1.055943154990575865e-05,9.872589336615286847e-06,1.015917374116595028e-05,1.047129129840944429e-05,1.041579398378362339e-05,1.038018925575575481e-05,1.064293226034805168e-05,1.058777075454551810e-05,1.022580729862978721e-05,1.052727433113541700e-05,1.076542407423329253e-05,1.034181637975389664e-05,1.085997552663137216e-05,1.008143964594320197e-05,1.082144283688721134e-05,1.044893364670765738e-05,1.077103530671105011e-05,1.058051873723448949e-05,1.096894376003505239e-05,1.088273573393857765e-05,1.030321423067306852e-05,1.030234826036654140e-05,1.053252114703570255e-05,1.026342608615678308e-05,1.018889970191232611e-05,9.992154783305291641e-06,1.063836277993139769e-05,1.037601593480764067e-05,1.092247032387580248e-05,1.029323643043814070e-05,1.052179616409089411e-05,1.042049998977255956e-05,1.034771339235441757e-05,1.008910548585289948e-05,9.716440649408507278e-06,1.013075602947287489e-05,1.040605136204315522e-05,1.067300455449527576e-05,1.016401378670489769e-05,1.014631010280440788e-05,9.518139420820931451e-06,9.800310872223728137e-06,1.002669862597657357e-05,1.023799841726480001e-05,9.742125395566898164e-06,9.990543226956436775e-06,1.013753648798438594e-05,1.012600764546722401e-05,1.002137209403901443e-05,9.607872251995691655e-06,9.408457883851030525e-06,9.914802799224279095e-06,1.019035970935957919e-05,9.371415759898207989e-06,9.849687771388150847e-06,9.563837467948802564e-06,9.973205986211077201e-06,9.516131163465027762e-06,9.774534104367456672e-06,9.535106425740185138e-06,9.912448893010752625e-06,9.653601491780196755e-06,9.921954378263084552e-06,9.860870914953024776e-06,1.018652245004849149e-05,9.092702341651873288e-06,9.831246614995256829e-06,9.115206834088113876e-06,9.311243090007266830e-06,8.921660974820342678e-06
8.416315908628180703e-06,8.284925615464062599e-06,7.801270634843483190e-06,7.634262689574933331e-06,7.636715637753474720e-06,8.119918393099126658e-06,8.177422516324058487e-06,8.427940874597693614e-06,8.075099240564037316e-06,5.897062130032666987e-06,7.676344268906838296e-06,8.316575692568102925e-06,8.499208456790548609e-06,8.041868641636829961e-06,8.021405441975345435e-06,8.129754556850283409e-06,7.678519372360853628e-06,8.648245150093736202e-06,8.618290274167820318e-06,8.604845029967040518e-06,8.951080029362176914e-06,8.678653625279501637e-06,8.676283518090826473e-06,8.458718082782061451e-06,8.796382944702520797e-06,9.003768305319862294e-06,8.909605311715704403e-06,9.125008951860415064e-06,8.674801055895714106e-06,9.308324544768387188e-06,9.067939548277572620e-06,8.688165613123038924e-06,9.386461544432368907e-06,8.899169885370921855e-06,9.024638016227689875e-06,9.024767321207129958e-06,9.453625996132718486e-06,9.587960227963541665e-06,9.519409352226960690e-06,9.281321983847639625e-06,9.567857516470852866e-06,9.568136110549072847e-06,9.375388844582966012e-06,9.665021364682683776e-06,9.732473376411151885e-06,9.681069267791324385e-06,9.929367412411908855e-06,9.713163379534536082e-06,1.010887999982206482e-05,9.516791439189018002e-06,9.926767994317842468e-06,9.870842667451413806e-06,1.033868767730390514e-05,1.007962670890919407e-05,1.007116557380844019e-05,1.058464086827647565e-05,1.027641598993717490e-05,1.034985715257235816e-05,1.040657607471803391e-05,1.017853672896133271e-05,1.025237309474013686e-05,1.021321754344601251e-05,1.106993211394756095e-05,1.054550008855541685e-05,1.063204842309765529e-05,1.068172471472864084e-05,1.079404244564683420e-05,1.090290442052420559e-05,1.071761578027765714e-05,1.104782968517427229e-05,1.103065322847108697e-05,1.033249936117179975e-05,1.069108564853539136e-05,1.097557445308389604e-05,1.094002913170293504e-05,1.082614349971795351e-05,1.126882455865866123e-05,1.100770421552750694e-05,1.076041756653957175e-05,1.109081159690837243e-05,1.134038836662682495e-05,1.082619607629690829e-05,1.142688179819328366e-05,1.061621914658855904e-05,1.156892792229717702e-05,1.105340050236305890e-05,1.125133194022202130e-05,1.130952379053999028e-05,1.157960078667494989e-05,1.150408200634178611e-05,1.089065324662879130e-05,1.090446790156007330e-05,1.121973519290737059e-05,1.079239798835955459e-05,1.095130559956130772e-05,1.051746609443609208e-05,1.126521781623949982e-05,1.107434827240833487e-05,1.146709755166360286e-05,1.096470926546521449e-05,1.107361756654414978e-05,1.081891254929619596e-05,1.104176797679699170e-05,1.072775329634679477e-05,1.037749010767691820e-05,1.067797921891145645e-05,1.093476860583297839e-05,1.124815856335915370e-05,1.064241587636692572e-05,1.060773462005660626e-05,1.002797427282624444e-05,1.045260109265707800e-05,1.049676140497118785e-05,1.068621422215161507e-05,1.037821920559793592e-05,1.044087484577384716e-05,1.046764512437216441e-05,1.060117566546539332e-05,1.040780993177769423e-05,9.977510166426083413e-06,9.825679045093312444e-06,1.046461823052261255e-05,1.080575817563033773e-05,9.923009313495066952e-06,1.025094991390474774e-05,9.707917410169667575e-06,1.036249962947091869e-05,9.921748015648408400e-06,1.036031050213997126e-05,1.009640420684636869e-05,1.029033095089609755e-05,1.009744208480591867e-05,1.052133050721340083e-05,1.041953635521576448e-05,1.044461923075479064e-05,9.384756309753614669e-06,1.017419084441171324e-05,9.736748507343374640e-06,9.721344714305676181e-06,9.083506658515395568e-06
8.530381784462279755e-06,8.335897168208777517e-06,7.614009791101585417e-06,7.481240509825895168e-06,7.542233115350079065e-06,7.970418931699965281e-06,8.093595360182516968e-06,8.273568923457058025e-06,7.922100730457335780e-06,5.968518835662777382e-06,7.514066302900778594e-06,8.236127719161290403e-06,8.447148950994327624e-06,7.946833439621609261e-06,8.002054692171809176e-06,8.056402584174437661e-06,7.667607976898546313e-06,8.679565818062616244e-06,8.604405703294627900e-06,8.592829831433933734e-06,8.908643751879709492e-06,8.676011691860502232e-06,8.724860184472312859e-06,8.465849867484928965e-06,8.890332709141510613e-06,8.795156159558142176e-06,8.796979556542991073e-06,9.170460886499888677e-06,8.585221883129626804e-06,9.213392056708119270e-06,8.962420340258353131e-06,8.691439866642811506e-06,9.374993603514676497e-06,8.823300495641934584e-06,9.001168839791947473e-06,8.914879084866493442e-06,9.366918925688297266e-06,9.566899708361314652e-06,9.626733191082583488e-06,9.227736855352286233e-06,9.670368025401944383e-06,9.533866910931031437e-06,9.366554948270323659e-06,9.687414541122415647e-06,9.687216819289448417e-06,9.754621441439767561e-06,9.857441877066479410e-06,9.670473944439846763e-06,1.014899670641492529e-05,9.627867925649774409e-06,9.975011936124591233e-06,9.824555998667432923e-06,1.032943493259808554e-05,9.944508730818322283e-06,1.008404352575459513e-05,1.060370287537468350e-05,1.022697215444323464e-05,1.028626836447695504e-05,1.032725974860899921e-05,1.030955319313493688e-05,1.026507345188255383e-05,1.011857327293571266e-05,1.054550008855541685e-05,1.110330687042302074e-05,1.065951779677025273e-05,1.060316254432821515e-05,1.080438551555658146e-05,1.100654497021872663e-05,1.080116591314385874e-05,1.109029589688188399e-05,1.108244023077325427e-05,1.032341651544968810e-05,1.063138953872075847e-05,1.107025941006865081e-05,1.095460603317048092e-05,1.087423957111045360e-05,1.122765131074600380e-05,1.110952620916833911e-05,1.087487004148828984e-05,1.120464718860632050e-05,1.151089847430239876e-05,1.096064539267923239e-05,1.158671612943333350e-05,1.067425401206322938e-05,1.155362108774894035e-05,1.114256566927794341e-05,1.138711039784821977e-05,1.137365733695727881e-05,1.162357698087255819e-05,1.143510319444311464e-05,1.090695203303850600e-05,1.104073736726578850e-05,1.119299303610028358e-05,1.084768805603392981e-05,1.096129234749879977e-05,1.059441123887444468e-05,1.146778891542682524e-05,1.100146132958983165e-05,1.144399070852113766e-05,1.090018136811518337e-05,1.115488085441230761e-05,1.089817669567210620e-05,1.111200335887618208e-05,1.079311897137217055e-05,1.039542975611221532e-05,1.066513236047712205e-05,1.095824687924140256e-05,1.130807183747636244e-05,1.074256203268561789e-05,1.075244710517205340e-05,1.003444867841023562e-05,1.044958303166260236e-05,1.060641041209899769e-05,1.070780724986933758e-05,1.040578342493444884e-05,1.041322858084926447e-05,1.071282594968694897e-05,1.077585914258271869e-05,1.066188301194775769e-05,1.001344585038359222e-05,9.964911093767953514e-06,1.052497261926985529e-05,1.075416552580774721e-05,9.933369712771605381e-06,1.028783324065581979e-05,9.944751212287347144e-06,1.036434116847916004e-05,9.879304229000473065e-06,1.053617450103666949e-05,1.029274737585679008e-05,1.018722034088651161e-05,1.011777338572383311e-05,1.056385638719350729e-05,1.033957615460525054e-05,1.041841726466854448e-05,9.271453010622219063e-06,1.048611947227147975e-05,9.448539271553683505e-06,9.706380949899455149e-06,9.184577101360904603e-06
8.455637336624232685e-06,8.161574023571375631e-06,7.609325947845353632e-06,7.449209138553722889e-06,7.566627025392131145e-06,7.974105265567106726e-06,8.035070417250911589e-06,8.212335503780778727e-06,7.854509773861464395e-06,6.186877405327552822e-06,7.566410370010152769e-06,8.162486176781148212e-06,8.365977251764893398e-06,8.034918393922290184e-06,7.943021227847318438e-06,7.974443368536190515e-06,7.461361717967125469e-06,8.521551815288641812e-06,8.579667905729221816e-06,8.456954618153982123e-06,8.892772772546339347e-06,8.609529446721649827e-06,8.701361977090666256e-06,8.439978424291553143e-06,8.800363313171711218e-06,8.861716891593037171e-06,8.830763809826707244e-06,9.095666370183810159e-06,8.550794803732853156e-06,9.234397041123625104e-06,8.878196673833471181e-06,8.649304016229694678e-06,9.293359513794286324e-06,8.776550255545713294e-06,8.971087810143738104e-06,8.969348287019979148e-06,9.349389007060074377e-06,9.507134783410685266e-06,9.522109490229528327e-06,9.117415646657460568e-06,9.580349277341979725e-06,9.536883760628273637e-06,9.373526792964527332e-06,9.715010396955029825e-06,9.728802286983522101e-06,9.704184373413641916e-06,9.913194912074129340e-06,9.682426886384002545e-06,1.013429177736570629e-05,9.528625752918905336e-06,9.936293934311861724e-06,9.795107181935564975e-06,1.034472173142926400e-05,1.004900503699572101e-05,1.019475119079260808e-05,1.067863020156593521e-05,1.024188660658040651e-05,1.031370628153819907e-05,1.038653691757809107e-05,1.034016243959876031e-05,1.031174161831562552e-05,1.015711496858888674e-05,1.063204842309765529e-05,1.065951779677025273e-05,1.114269505006467911e-05,1.063153990838430743e-05,1.082732679926054648e-05,1.087147726860463174e-05,1.080767451351687905e-05,1.108641796749620875e-05,1.102807380480736870e-05,1.032173980399951441e-05,1.063849760624959168e-05,1.112552997938331210e-05,1.100427553596429758e-05,1.086648120008699499e-05,1.119202310887384082e-05,1.114718317805576562e-05,1.080892870923743501e-05,1.118208924307788224e-05,1.139496062499465348e-05,1.109221769130240959e-05,1.147542210578628745e-05,1.063134455171993110e-05,1.158600355719056695e-05,1.116755215328873320e-05,1.131671265428217119e-05,1.134164870587202967e-05,1.157928275119186740e-05,1.151260884185008554e-05,1.091781050366490941e-05,1.096748329433482131e-05,1.124736705419396230e-05,1.080923751033460396e-05,1.098361660698881574e-05,1.057332237305620297e-05,1.140558474739288136e-05,1.104384367243739517e-05,1.160603207182923033e-05,1.106657219639845319e-05,1.116395452550083053e-05,1.104111206011968254e-05,1.111518553636346009e-05,1.078653240322902489e-05,1.051888262075164713e-05,1.085669267554637560e-05,1.105972754803002620e-05,1.131854176561764363e-05,1.096408637252483675e-05,1.088842691920629883e-05,1.020033439249075375e-05,1.057575467827401998e-05,1.069063195563923941e-05,1.089164362504991502e-05,1.060149231292909362e-05,1.063514420310913213e-05,1.089344648548087980e-05,1.094512987890367213e-05,1.080434249742839659e-05,1.026839728387158442e-05,1.020674881806945998e-05,1.064516311290850062e-05,1.101781008885183219e-05,1.019230818572618100e-05,1.061809567600640443e-05,1.008194535067776141e-05,1.061953718949251392e-05,1.012483881950443472e-05,1.056772934601887274e-05,1.055897173222777435e-05,1.048157309309881514e-05,1.057894119046547697e-05,1.082553960224710516e-05,1.077560311141788092e-05,1.062218172315833206e-05,9.680693100072007410e-06,1.065503769926904234e-05,1.004944188416221758e-05,1.017123377215642605e-05,9.499141791528667894e-06
8.634743843996405094e-06,8.380905233689698604e-06,7.882344881125141888e-06,7.746271954696446973e-06,7.614190538274756381e-06,8.129626851646949522e-06,8.335731230069363184e-06,8.492968719136348131e-06,8.019633255658657354e-06,6.055812719386096865e-06,8.049885665767384519e-06,8.572621139668176447e-06,8.808245856344117417e-06,8.175574892192462081e-06,8.177971594303485518e-06,8.297336945137302167e-06,8.060159728865078937e-06,8.873072737903544768e-06,8.833896223315207841e-06,8.798264088214171716e-06,9.138577152363215532e-06,8.850961771944994814e-06,8.958174594967743620e-06,8.734677505467548233e-06,9.055359346455615913e-06,9.040542955677556219e-06,9.097145930578672649e-06,9.398657729814521898e-06,8.787913603820148619e-06,9.504739326425375246e-06,9.289729095258659672e-06,8.935317203022234258e-06,9.578006641080962248e-06,9.017294266880119958e-06,9.343625961721934906e-06,9.221705253177425073e-06,9.529378989090537335e-06,9.708449424621837180e-06,9.716128855898344707e-06,9.542780500037451903e-06,9.861419296262911242e-06,9.752890178079700706e-06,9.520451197237748221e-06,9.834046528692307558e-06,9.728650625291687293e-06,9.877650363264516462e-06,1.000763179885123175e-05,9.895463873945996978e-06,1.020912380381381090e-05,9.673374626573827197e-06,9.979287942892969230e-06,9.910512812125739200e-06,1.042445020924100883e-05,1.007556937106352207e-05,1.026246923310173468e-05,1.077778147211665601e-05,1.037287869826992637e-05,1.050179700796563008e-05,1.055152112620542866e-05,1.035308965917401011e-05,1.040846359824624756e-05,1.023699799266294633e-05,1.068172471472864084e-05,1.060316254432821515e-05,1.063153990838430743e-05,1.133057109532218111e-05,1.079716733284615565e-05,1.096662077575001955e-05,1.084281555072778135e-05,1.109079733370017028e-05,1.122918633465556599e-05,1.032411543691256667e-05,1.071802809673554475e-05,1.110337359218099505e-05,1.102432122414398075e-05,1.092866478067119124e-05,1.134882867561192077e-05,1.123801767446589964e-05,1.088777406184367954e-05,1.129006713140880351e-05,1.139325929642099526e-05,1.094987447363425829e-05,1.155310002914371648e-05,1.069990218643386544e-05,1.153149996750918457e-05,1.120364329147175859e-05,1.135775771663696904e-05,1.132522254544422680e-05,1.156884046946288767e-05,1.149358007078536924e-05,1.100825639171263848e-05,1.096833222083795113e-05,1.107156169391032311e-05,1.079183988891130032e-05,1.096817608229304093e-05,1.056795240289281699e-05,1.126262566501846679e-05,1.101868087768908930e-05,1.151654823576991519e-05,1.076169976960971902e-05,1.111614666035401025e-05,1.096117882317252465e-05,1.102139301332717750e-05,1.078507106274363705e-05,1.039225546473448665e-05,1.072134629909252700e-05,1.093429355184576205e-05,1.135311152309799172e-05,1.082432667877569357e-05,1.078754324648837888e-05,1.004889295820725087e-05,1.046340416214999017e-05,1.061706045327894909e-05,1.069014493455678365e-05,1.044277674409934735e-05,1.056901073230979755e-05,1.084278658485795481e-05,1.081113903177468315e-05,1.068738767134525932e-05,1.021245433289086858e-05,9.896226831471254226e-06,1.040681653342171121e-05,1.074325013084001301e-05,1.001089873047763806e-05,1.049632182666988275e-05,1.003518233468343165e-05,1.029120594424868824e-05,9.942455878552115903e-06,1.050990006317631231e-05,1.018455176519119070e-05,1.028057677941039088e-05,1.018949101024850403e-05,1.060141706396755854e-05,1.057543910658101948e-05,1.061373214810928997e-05,9.643669138333040814e-06,1.040879770600421073e-05,9.688649969782156337e-06,9.673951365003102378e-06,9.365047667587507479e-06
8.473805989180312664e-06,8.160729921718734637e-06,7.540592430161987560e-06,7.525352085537697914e-06,7.614550747240559122e-06,8.068834715320434656e-06,8.055888735874019131e-06,8.331150750614636991e-06,7.883891761012065235e-06,6.128311787956605056e-06,7.453030731303302414e-06,8.273614895055900155e-06,8.396292820278235266e-06,8.014067498429317489e-06,8.023549279075947578e-06,8.077252539293834499e-06,7.799936470884334593e-06,8.711405768992230381e-06,8.580211172923866357e-06,8.617083264287972045e-06,8.896987541792494318e-06,8.840524276307924290e-06,8.758997846730861886e-06,8.601952661463510921e-06,8.879042288001148694e-06,9.091732679512060409e-06,8.902682837400591325e-06,9.213548392508742556e-06,8.722062342735363382e-06,9.413133881430655380e-06,9.120873193663736554e-06,8.737608835074357598e-06,9.491607234708655379e-06,8.867168694590880587e-06,9.121399960195440457e-06,9.090365514941912791e-06,9.616003094023022700e-06,9.693093975086561107e-06,9.651144827954248574e-06,9.256451519002222844e-06,9.773849991943166205e-06,9.745670130992608679e-06,9.512365723715146570e-06,9.892282222038939186e-06,9.898806286789174803e-06,9.785499853414138070e-06,1.003512764429703982e-05,9.890280713629817923e-06,1.033989575122089543e-05,9.770327913983089526e-06,1.020355688038933476e-05,9.964724850565396828e-06,1.054844447254347672e-05,1.019157631131427475e-05,1.031638270600026827e-05,1.077094352495031717e-05,1.038737162018876619e-05,1.053299708188511183e-05,1.060284981475353323e-05,1.043443822830911681e-05,1.044247486227847399e-05,1.035166947147572953e-05,1.079404244564683420e-05,1.080438551555658146e-05,1.082732679926054648e-05,1.079716733284615565e-05,1.149490358099184055e-05,1.094928817806691606e-05,1.099450941238370527e-05,1.126009659431831426e-05,1.117954626899107851e-05,1.060181782134606212e-05,1.090550686809840316e-05,1.117659648142576630e-05,1.112949015041801327e-05,1.100393909094759093e-05,1.132739742047318196e-05,1.126126075973167440e-05,1.097914505543051308e-05,1.128347008355862887e-05,1.164304138172212717e-05,1.116794849086487122e-05,1.164678622405525961e-05,1.073146860747493288e-05,1.181881005701824994e-05,1.125602563120475985e-05,1.150462858873762411e-05,1.143266060368269093e-05,1.171183251853334091e-05,1.156902104632708432e-05,1.102673923734471081e-05,1.102147233087137038e-05,1.127699969823789444e-05,1.095595705901755475e-05,1.105439670104817520e-05,1.063472314240480329e-05,1.134417627823847649e-05,1.120884193672855826e-05,1.153374519764074628e-05,1.098715514541474613e-05,1.108006310378513739e-05,1.094945736601650918e-05,1.103786102442466747e-05,1.076470087720989237e-05,1.040879643154484002e-05,1.084999682583268178e-05,1.111208070729883014e-05,1.121545742756141372e-05,1.087874051027264499e-05,1.079031454572087881e-05,1.001312279945967304e-05,1.044654064346993049e-05,1.052312830968458408e-05,1.064280177922466340e-05,1.038765516784583374e-05,1.059543690801703115e-05,1.070051671065970158e-05,1.080884217653746894e-05,1.061711649364353325e-05,1.000772556236162557e-05,9.930863372873111164e-06,1.067087423050930703e-05,1.088631508606689628e-05,9.936549373452418002e-06,1.025888291248068611e-05,9.878618988285321791e-06,1.023003290953166240e-05,9.732930512514560822e-06,1.039294395286604570e-05,1.019680329578936538e-05,1.016862655920977176e-05,1.017181595526415668e-05,1.059415573962800864e-05,1.054032864841062914e-05,1.041459975204767794e-05,9.400328115646191317e-06,1.036330768058462920e-05,9.921883560470861704e-06,9.799364055767586644e-06,9.233382173033197763e-06
8.669089873919153292e-06,8.526982223631852112e-06,7.826976139411293506e-06,7.657523706205154952e-06,7.723600349596653757e-06,8.191974786320565863e-06,8.194768459257888412e-06,8.438015907486089059e-06,8.078984742215709634e-06,6.568184600349452866e-06,7.847206390150536081e-06,8.446426463873828091e-06,8.756310749536463500e-06,8.166582615370264378e-06,8.149360285656697119e-06,8.313979305286847005e-06,7.633188334008374893e-06,8.778519782401756063e-06,8.800116904037261133e-06,8.749518827325811692e-06,9.187196807464658409e-06,8.939830126823621547e-06,8.916181774743781776e-06,8.673223350617416318e-06,9.054612130828547563e-06,9.067002252974428275e-06,8.980000767463345153e-06,9.444122330559086883e-06,8.818534241033453935e-06,9.537251694691451249e-06,9.240287578260368513e-06,8.887274429171087008e-06,9.561286195150628977e-06,9.190361489883959014e-06,9.316227083741478179e-06,9.194662267444769224e-06,9.568845906125132233e-06,9.871147831105540939e-06,9.788660037727117395e-06,9.486329932515683686e-06,9.835717987910192636e-06,9.842913564802517021e-06,9.640326825953405096e-06,9.967538174031317829e-06,9.979378134177341802e-06,9.981503223825263779e-06,1.014262189731453998e-05,9.922971114274333371e-06,1.047193251828552471e-05,9.879415297387211502e-06,1.025779068890605967e-05,1.000806455940743113e-05,1.068503619090327632e-05,1.026787337054675653e-05,1.040656163450249889e-05,1.103224713630907629e-05,1.052299129261022630e-05,1.062092538550081194e-05,1.061106789000919213e-05,1.070800898840650361e-05,1.060579222350941537e-05,1.043106777276370645e-05,1.090290442052420559e-05,1.100654497021872663e-05,1.087147726860463174e-05,1.096662077575001955e-05,1.094928817806691606e-05,1.192212886045970748e-05,1.116372349439040113e-05,1.139156187316567836e-05,1.149963397271653902e-05,1.062478415612954101e-05,1.093401974036700231e-05,1.138540680284289199e-05,1.136087785533285744e-05,1.108241206951031917e-05,1.160399091199745747e-05,1.146689333795332471e-05,1.124684303911214589e-05,1.151806367111646018e-05,1.171042982832427294e-05,1.144447741835387967e-05,1.192074942548851534e-05,1.099460330338766195e-05,1.178474892380535609e-05,1.151543513256601014e-05,1.182481181151889961e-05,1.176071741573710509e-05,1.208872291886060951e-05,1.182490551007094826e-05,1.128443355923049650e-05,1.131881276298768052e-05,1.165995524526048415e-05,1.116927024737816390e-05,1.134127334724014753e-05,1.096431271382419615e-05,1.184608140367947665e-05,1.137906948695538168e-05,1.191507136735587800e-05,1.145817645825132546e-05,1.160730876645534507e-05,1.135154137301398930e-05,1.155055177250690768e-05,1.097925578258776206e-05,1.063640310279796174e-05,1.100296504657596884e-05,1.130392659130157919e-05,1.155729114799491351e-05,1.104585755360082171e-05,1.109077398054360184e-05,1.043942310878198327e-05,1.068218902672380721e-05,1.082389748257410772e-05,1.093559681561162634e-05,1.061971948144739263e-05,1.070724659892153077e-05,1.099328385103742300e-05,1.086255426866756922e-05,1.085072214466924920e-05,1.029536093527387370e-05,1.019548659880560449e-05,1.077893812434313904e-05,1.107422717756258192e-05,1.025875013136630150e-05,1.052267311590320399e-05,1.002257132347576891e-05,1.078724200769977569e-05,1.008487558911527786e-05,1.052220876171570022e-05,1.045558260387366366e-05,1.058540420108963112e-05,1.046212656974313450e-05,1.082942731511521523e-05,1.055509828804994836e-05,1.070971776467904915e-05,9.702785539871262155e-06,1.070558446033255149e-05,9.828167670675561310e-06,9.811839711265847613e-06,9.390974217397915247e-06
8.384338065628032410e-06,8.283051707821509929e-06,7.552474016452997330e-06,7.317667484565478816e-06,7.499475587539913627e-06,7.859861428818946358e-06,8.011021872367335927e-06,8.236472078343181727e-06,7.777069614684658147e-06,6.628005538438870087e-06,7.721743012897615079e-06,8.121906565910410599e-06,8.383355194366748277e-06,7.974432626515199130e-06,7.935609759579413124e-06,8.016726654547664570e-06,7.407437439233497737e-06,8.553403544860060598e-06,8.635560300131115135e-06,8.646546008732411770e-06,9.038928816571158023e-06,8.789062778711467574e-06,8.845975293034288465e-06,8.567397546480003102e-06,8.910315390604298057e-06,9.131681250781924618e-06,8.884572388467964344e-06,9.223095431035826838e-06,8.712353759817802987e-06,9.375113157440790449e-06,9.074668120700243930e-06,8.611069566057656210e-06,9.381575492429469979e-06,8.911649778466194531e-06,9.237594553290851964e-06,9.156195489094867419e-06,9.590371649253904559e-06,9.749425512741616729e-06,9.626644659593565730e-06,9.290092970444318666e-06,9.807513795518437395e-06,9.782087752800291497e-06,9.484341561468730532e-06,9.823973123653127943e-06,9.853598279834606326e-06,9.791865192955507535e-06,1.017399083160148467e-05,9.893403130247650551e-06,1.034706480013087909e-05,9.824507776878215577e-06,1.020282823510250538e-05,9.954417645061512687e-06,1.063770997929343478e-05,1.011737675658317781e-05,1.033127206592205579e-05,1.097157491884998653e-05,1.051104815888321759e-05,1.049760933128422376e-05,1.063815436228789750e-05,1.064515160564958941e-05,1.045915339642945554e-05,1.039204740125114706e-05,1.071761578027765714e-05,1.080116591314385874e-05,1.080767451351687905e-05,1.084281555072778135e-05,1.099450941238370527e-05,1.116372349439040113e-05,1.168412402762100865e-05,1.140629209750683739e-05,1.138094924609114062e-05,1.058614146496061733e-05,1.096076266094239681e-05,1.139818316931217296e-05,1.130471280467906697e-05,1.119968741815654905e-05,1.144262837834592207e-05,1.158880665583936392e-05,1.122372810793391079e-05,1.144290458180946847e-05,1.175958093231305141e-05,1.146026727209381235e-05,1.210763323655304368e-05,1.108108954014295401e-05,1.184455948419839465e-05,1.157481118613998261e-05,1.191181803769933679e-05,1.173936095088460797e-05,1.200452925023272740e-05,1.175124003574951139e-05,1.130959714500941754e-05,1.151226610734912566e-05,1.149624705328471196e-05,1.126339177242292252e-05,1.117987766471573243e-05,1.109811046856225195e-05,1.199067669886838346e-05,1.157604994257605938e-05,1.222196887014005349e-05,1.154706866164782740e-05,1.173245575732290699e-05,1.144731146646948871e-05,1.151758495533657808e-05,1.120227492806584833e-05,1.087057010549206518e-05,1.122566587977047847e-05,1.168689982852893193e-05,1.179753633990827758e-05,1.137581979948202774e-05,1.151056760468162114e-05,1.056483874239018338e-05,1.084233658469716664e-05,1.107695553051386634e-05,1.126009312912959683e-05,1.101404918648376364e-05,1.119326222482649433e-05,1.169573895134236738e-05,1.147584886573220154e-05,1.133659545067543702e-05,1.062552704750612645e-05,1.057634628204670606e-05,1.121366866730177311e-05,1.131071171144110744e-05,1.048118522969925641e-05,1.087568124173593181e-05,1.048435297497991275e-05,1.078970428397457724e-05,1.026310924170058519e-05,1.062471024711564764e-05,1.066279716532905323e-05,1.064044284718046874e-05,1.060472394273489691e-05,1.093273643068007658e-05,1.066948572487311941e-05,1.088080111943554562e-05,9.788027068508182993e-06,1.067700698477918427e-05,1.009458681261856942e-05,9.948907551458301276e-06,9.458569575568026878e-06
8.425195425146698541e-06,8.345795423885470258e-06,7.777121498485174009e-06,7.435699823772816461e-06,7.741894039892300528e-06,8.138814109671443171e-06,7.982300291912801772e-06,8.289348644995804378e-06,7.865726402058106231e-06,6.909018911259304668e-06,7.578077271659787579e-06,8.243412171223367594e-06,8.509543163208593288e-06,7.973847724631878643e-06,7.946426066621245472e-06,8.261358885656531895e-06,7.249175429377926303e-06,8.499275626247429738e-06,8.600101224977653298e-06,8.704627416937799287e-06,9.108069061537487707e-06,8.837180799164851436e-06,8.986798263155260533e-06,8.537841896882561064e-06,8.888623941118301952e-06,9.022656798288544540e-06,8.991740609039779267e-06,9.237724619475421941e-06,8.738778814654619775e-06,9.399714397041668518e-06,9.110860295640927758e-06,8.604134058247859637e-06,9.462212665233469706e-06,8.991323094642600613e-06,9.240003991844057552e-06,9.247171341609001726e-06,9.657086779766882291e-06,9.764985756252068637e-06,9.688671335847799486e-06,9.355238173351676330e-06,9.806437418492690088e-06,9.847042869437636818e-06,9.582911282004370933e-06,9.953464494006035774e-06,1.001437266176431428e-05,9.996597684362634918e-06,1.026940473491782786e-05,9.975475741820885486e-06,1.041730533651880690e-05,9.917589408782077629e-06,1.029829869065357428e-05,1.000634308726585435e-05,1.072155454614038305e-05,1.039079343393582053e-05,1.052842312463750187e-05,1.099999256351652996e-05,1.063878863277859179e-05,1.067064529901708132e-05,1.076284038650691138e-05,1.070692546450888636e-05,1.066773612104329652e-05,1.052630760099756760e-05,1.104782968517427229e-05,1.109029589688188399e-05,1.108641796749620875e-05,1.109079733370017028e-05,1.126009659431831426e-05,1.139156187316567836e-05,1.140629209750683739e-05,1.217648013596237920e-05,1.169974535771168055e-05,1.076283092665122546e-05,1.118176916107687298e-05,1.160911782949776456e-05,1.156732125040486141e-05,1.142088403235882252e-05,1.173341559142322984e-05,1.181458679375146496e-05,1.143017796246082886e-05,1.166026129419709988e-05,1.215445254629308004e-05,1.175374862033652575e-05,1.227109730786262068e-05,1.136524471768911334e-05,1.224501490534891303e-05,1.188793090654595193e-05,1.219973279612438024e-05,1.200022035955300129e-05,1.237970393930553603e-05,1.221196490346403809e-05,1.158835264989226234e-05,1.177892198255438593e-05,1.187040631462335836e-05,1.146519470139556448e-05,1.161040329613039049e-05,1.128088026856457357e-05,1.217716266678894592e-05,1.183314628318929885e-05,1.240532010466904308e-05,1.169591005511835661e-05,1.182184042649295787e-05,1.172652775431430425e-05,1.194817272362012686e-05,1.148565790561857553e-05,1.125300110728108150e-05,1.166102208348741536e-05,1.188807882474619960e-05,1.202571962069317654e-05,1.165590205801925319e-05,1.166904977525234153e-05,1.071351821547986164e-05,1.129490557212219334e-05,1.134691368996896138e-05,1.140437704006957546e-05,1.107938792429133613e-05,1.136949460804448879e-05,1.155182497817230838e-05,1.167271968450802739e-05,1.144572859409365190e-05,1.094223570646477774e-05,1.069379966512951468e-05,1.145012715576030715e-05,1.158332418841163746e-05,1.066854975912755150e-05,1.102834776735280287e-05,1.055820315579025346e-05,1.100893765100880666e-05,1.072709523964317367e-05,1.104245266790904008e-05,1.090374239750550318e-05,1.089501635594821698e-05,1.076762624423677954e-05,1.121509557114261210e-05,1.109696156484566809e-05,1.095871951597378164e-05,1.021509299362264728e-05,1.106459648276264354e-05,1.019548278913351376e-05,1.042091307777798318e-05,9.727778908517591759e-06
8.765242926955774637e-06,8.602770214731173009e-06,7.980212315050457059e-06,7.732014209894725161e-06,8.043682101900296005e-06,8.382688602069018958e-06,8.484530475132327242e-06,8.497996871518573872e-06,8.079027866680769840e-06,7.000419592921150715e-06,8.002368026121073707e-06,8.526011781947246733e-06,8.882793731761154946e-06,8.336027293020561839e-06,8.303605555249256737e-06,8.501195665450962744e-06,7.402238875578064123e-06,8.965445867192291094e-06,8.940794760700887219e-06,8.889455116609947153e-06,9.467579801979993077e-06,9.111344835086720526e-06,9.330917259963039960e-06,8.936142288193379277e-06,9.173936851192601220e-06,9.106925391409143481e-06,9.123608031207345407e-06,9.661144268025134634e-06,8.914167940414511124e-06,9.726773253032345700e-06,9.489614428594928824e-06,8.898865352147921742e-06,9.613608795957237426e-06,9.352763143685729365e-06,9.542084188960886360e-06,9.464470641709084620e-06,9.912283758957683935e-06,1.015055812206219697e-05,1.000705589048783269e-05,9.698613961457177476e-06,1.010504774720445375e-05,1.011400948424665531e-05,9.805365738981426774e-06,1.023257840652911850e-05,1.021099055481535263e-05,1.045809599460962777e-05,1.052688144832463258e-05,1.031292033313561753e-05,1.060118901401027662e-05,1.021200377130270928e-05,1.050803431147968796e-05,1.025725339363078867e-05,1.086519398518416980e-05,1.051526085651891465e-05,1.069442207169940671e-05,1.110514708688537528e-05,1.082745388379826226e-05,1.079762502331639264e-05,1.091586104515880767e-05,1.082517837772212602e-05,1.092962959299477849e-05,1.055943154990575865e-05,1.103065322847108697e-05,1.108244023077325427e-05,1.102807380480736870e-05,1.122918633465556599e-05,1.117954626899107851e-05,1.149963397271653902e-05,1.138094924609114062e-05,1.169974535771168055e-05,1.255212889389803974e-05,1.082192559158159047e-05,1.120466835169596263e-05,1.148808310814332675e-05,1.155198833904514500e-05,1.130669298675126344e-05,1.171942692081264024e-05,1.177684601353167114e-05,1.146585705049858185e-05,1.165921703537822495e-05,1.205796933716208023e-05,1.161399529107626268e-05,1.214791587903316799e-05,1.124779772416906430e-05,1.218591964538761634e-05,1.177663042164346738e-05,1.202557214863308500e-05,1.185970877937740306e-05,1.212600184633579663e-05,1.203723516832192950e-05,1.138342081581512262e-05,1.148542332156274621e-05,1.172867418379549955e-05,1.134904870711499390e-05,1.147986614975869324e-05,1.112816242130761227e-05,1.164629103698167463e-05,1.131533759738937577e-05,1.205060924234052476e-05,1.147575183153260390e-05,1.164318124336557307e-05,1.151478477772950247e-05,1.181018834432035642e-05,1.101492510712661184e-05,1.081901630634045108e-05,1.111439840275257667e-05,1.133312993328731614e-05,1.161621467300608511e-05,1.110610351777385291e-05,1.129806997725990880e-05,1.046233079734915756e-05,1.081704896176081684e-05,1.107100709273001139e-05,1.107568037452151465e-05,1.055664416424507752e-05,1.088693782609826397e-05,1.108106646424587841e-05,1.103300648484146994e-05,1.092909570197233926e-05,1.053473750123390698e-05,1.044926737068365899e-05,1.093538643343158421e-05,1.104942764146233201e-05,1.051439190715731016e-05,1.089368318246247466e-05,1.040877874887144335e-05,1.087778747075550334e-05,1.023154629408894757e-05,1.057433913021763239e-05,1.064635058427554632e-05,1.073057414341167424e-05,1.071157712067153034e-05,1.117248788751957506e-05,1.080576672790558924e-05,1.090112898629920890e-05,1.000416366354710862e-05,1.093148926539436222e-05,9.934927895641610965e-06,1.021202063864236895e-05,9.609888396826915847e-06
8.289957701194167921e-06,8.164624008232342398e-06,7.428302950456195427e-06,7.359503240985762026e-06,7.361108732433473812e-06,7.913681097881253577e-06,7.911761482676298246e-06,8.085784432118065391e-06,7.711864142930129805e-06,6.127739959910809030e-06,7.298065040099178958e-06,8.028581161657477396e-06,8.204363940697013055e-06,7.779410666649765694e-06,7.778623671471924774e-06,8.010155359922339617e-06,7.507727057886791324e-06,8.413507066139109923e-06,8.431457800738171316e-06,8.389437538764502394e-06,8.621637529448372488e-06,8.549482239518629484e-06,8.434885926352683660e-06,8.317948528728814545e-06,8.596326275705548682e-06,8.769070634380009919e-06,8.610374342662984614e-06,8.903615522766310659e-06,8.349303730718917967e-06,9.010013690321518913e-06,8.709693543286027562e-06,8.439231138079455612e-06,9.139578049042571892e-06,8.552385760801725650e-06,8.925826049095807998e-06,8.684452406254208106e-06,9.121974652522676956e-06,9.367797456677974909e-06,9.284268325726744494e-06,8.884723684521713614e-06,9.371346993064065404e-06,9.340128412219399204e-06,9.046135447390268769e-06,9.396876715877202675e-06,9.552980515365297779e-06,9.388464059013903353e-06,9.624461076609611065e-06,9.441615947604899988e-06,9.903232775865624784e-06,9.420996088794667979e-06,9.613760120877998288e-06,9.589546773355694961e-06,1.014165517306953944e-05,9.722016764919177794e-06,9.919538305662006219e-06,1.032334712265643905e-05,9.953425945223918936e-06,1.003253484940227011e-05,1.009729092580937289e-05,1.003336647597138922e-05,1.005247624365621358e-05,9.872589336615286847e-06,1.033249936117179975e-05,1.032341651544968810e-05,1.032173980399951441e-05,1.032411543691256667e-05,1.060181782134606212e-05,1.062478415612954101e-05,1.058614146496061733e-05,1.076283092665122546e-05,1.082192559158159047e-05,1.071357582385430756e-05,1.043923999180304467e-05,1.064045896842481608e-05,1.076086403894541832e-05,1.066587839003373265e-05,1.099124844931878656e-05,1.087398461593008133e-05,1.065199769122321777e-05,1.094608615296778412e-05,1.117179792090011099e-05,1.086806570618154719e-05,1.134387857472649457e-05,1.056372986000758229e-05,1.137591900545797972e-05,1.089350144511984163e-05,1.113286604103962390e-05,1.104482849160416978e-05,1.142605051643378445e-05,1.132280372155316893e-05,1.067102844394230714e-05,1.070808690247603775e-05,1.108803847962913362e-05,1.067584886509385976e-05,1.078617692252599824e-05,1.038929424749799840e-05,1.095871609696915281e-05,1.080760202663337907e-05,1.125937586951969427e-05,1.068621381544503883e-05,1.095840419250646973e-05,1.064374206797673791e-05,1.083035155631329602e-05,1.055429648588281221e-05,1.010226080898570829e-05,1.038132881957565425e-05,1.079827194065500791e-05,1.090660344049135586e-05,1.066351711065476163e-05,1.052110137797486225e-05,9.953589362260188228e-06,1.005612981615119105e-05,1.048004833191520609e-05,1.042063225193219873e-05,1.010841750583703366e-05,1.027560875922200102e-05,1.033638631025788378e-05,1.025805309703855662e-05,1.031594846130630842e-05,9.773769829140334782e-06,9.838346657371637875e-06,1.030809174824476262e-05,1.048861113175138395e-05,9.836632122357855571e-06,1.019577328586546887e-05,9.874427233025182991e-06,1.020589817147768615e-05,9.806514985146183998e-06,1.022049458548140436e-05,1.007383102175619522e-05,1.007935475424642517e-05,1.006168700689172265e-05,1.056730316286496364e-05,1.034773460927260878e-05,1.011051195869658675e-05,9.103066813513622070e-06,1.024660717994408955e-05,9.665289727192302025e-06,9.562321450943526521e-06,9.030900626801557180e-06
8.219930363821622793e-06,8.037136904213950915e-06,7.523567729055644550e-06,7.403570688679217207e-06,7.415191064834914814e-06,7.819091251721969324e-06,7.902580077603704934e-06,8.102072282859164936e-06,7.654504819594633172e-06,6.549967960471018715e-06,7.381102316741497594e-06,7.970489488779140027e-06,8.152048547713045961e-06,7.762613640711741821e-06,7.871039382174350329e-06,7.997782598152868781e-06,7.477062451281302404e-06,8.410345181757364414e-06,8.357917398849569663e-06,8.376108858741330746e-06,8.705810893310735900e-06,8.538375602979767745e-06,8.577128838109807031e-06,8.294799522391411742e-06,8.512029127608806921e-06,8.720401871378195220e-06,8.674168362599498689e-06,8.878024743668094728e-06,8.433150714500023602e-06,8.994355277847288004e-06,8.740226765115006088e-06,8.456535286314370076e-06,9.139295870281760798e-06,8.652832681263358474e-06,8.886706054078592076e-06,8.886733878250093513e-06,9.299197927061850815e-06,9.416752849540262758e-06,9.318473461903971339e-06,9.004463703021056475e-06,9.513630976989807534e-06,9.461120322361493077e-06,9.219147856167885657e-06,9.573563671440753754e-06,9.540604754981442531e-06,9.643409117628686281e-06,9.818282174755519091e-06,9.633687684138450484e-06,1.013888230062216707e-05,9.600006136037154901e-06,9.889591069693182796e-06,9.690822048999287935e-06,1.030973895911577175e-05,9.962360982715911216e-06,1.005680322977502219e-05,1.055532210384024970e-05,1.033636457679648210e-05,1.032791254624428454e-05,1.029130136567947863e-05,1.033581695030908155e-05,1.032174611422865823e-05,1.015917374116595028e-05,1.069108564853539136e-05,1.063138953872075847e-05,1.063849760624959168e-05,1.071802809673554475e-05,1.090550686809840316e-05,1.093401974036700231e-05,1.096076266094239681e-05,1.118176916107687298e-05,1.120466835169596263e-05,1.043923999180304467e-05,1.133457746067871802e-05,1.123182538396654002e-05,1.107037815168541479e-05,1.109718499865499642e-05,1.145771405001961002e-05,1.138753821186298389e-05,1.107516296544962000e-05,1.141869942178789137e-05,1.180476242471117998e-05,1.133042436912476432e-05,1.192441048399545571e-05,1.092739028421470304e-05,1.187530207853558376e-05,1.161834223511612928e-05,1.185264287855936503e-05,1.170074125255465219e-05,1.196456547880224957e-05,1.184356265810800713e-05,1.133525493946434753e-05,1.139952496410256913e-05,1.159501377031048726e-05,1.126211715303439123e-05,1.147920205856268460e-05,1.110180262975352926e-05,1.181227253158878611e-05,1.151370631975468447e-05,1.201004014619316495e-05,1.153324698113278853e-05,1.160070991205177416e-05,1.137794172848743073e-05,1.168371519606555962e-05,1.120818016460364072e-05,1.100462403489801861e-05,1.132986292283025376e-05,1.160429127307658873e-05,1.185337760169106310e-05,1.118664798719296880e-05,1.126494641476380301e-05,1.061704167711760337e-05,1.098555756039704638e-05,1.113802324153116912e-05,1.127835130851689028e-05,1.092673992391916628e-05,1.107931922160713554e-05,1.125459072133185343e-05,1.140377770988860565e-05,1.128855966343029921e-05,1.074487767716078596e-05,1.059307034633152961e-05,1.120244840204610540e-05,1.142565615267725103e-05,1.063514226710653657e-05,1.100611350514088840e-05,1.045393071542349753e-05,1.103906662748686698e-05,1.061914879061583770e-05,1.091975650008315090e-05,1.082835032537051981e-05,1.076953511180869112e-05,1.091883892200483647e-05,1.130739596688317025e-05,1.099759476564782935e-05,1.105528538077266490e-05,9.899391051502011307e-06,1.092897085156688371e-05,1.040122946501146807e-05,1.030774611621432348e-05,9.823506237034368909e-06
7.968849856978599456e-06,7.655498330277786458e-06,7.341102475469938627e-06,7.050056212357011295e-06,7.173487892821741104e-06,7.535631296112107699e-06,7.816841573922635075e-06,7.891298379334338612e-06,7.583465396062749629e-06,6.107214363900989220e-06,7.460324972847458071e-06,7.865598142254676502e-06,7.933169517296560615e-06,7.516368473282365240e-06,7.465851587586909757e-06,7.981542747504678217e-06,7.234750149632553266e-06,8.349285852225742509e-06,8.132618536532061388e-06,8.256742461304817350e-06,8.732119091116000858e-06,8.357825449786444825e-06,8.443669398482471128e-06,8.091373347238181566e-06,8.505048250151782586e-06,8.717610526725561265e-06,8.678608995690414784e-06,8.856514820382689282e-06,8.322271277881610336e-06,9.121393521686756666e-06,8.784998242977578445e-06,8.377855375695912406e-06,9.057876578078210447e-06,8.627083786763023590e-06,8.882481318203135729e-06,8.922410536859568618e-06,9.266626446286020091e-06,9.366283696341649626e-06,9.393449839267391130e-06,9.008065654559823047e-06,9.524112648321278048e-06,9.576647885152448023e-06,9.322302788662627137e-06,9.688884433096988093e-06,9.653166021030706268e-06,9.454630737791287252e-06,1.001858740731219162e-05,9.816080043998842903e-06,1.025189253884352695e-05,9.622793881091292939e-06,1.018822970395231236e-05,9.757391364577386330e-06,1.046793680952328275e-05,1.001065977527295469e-05,1.026697920198914597e-05,1.089921575766008352e-05,1.061819179497782915e-05,1.036536273297036075e-05,1.065098166414660250e-05,1.067603485692943163e-05,1.057840820925453831e-05,1.047129129840944429e-05,1.097557445308389604e-05,1.107025941006865081e-05,1.112552997938331210e-05,1.110337359218099505e-05,1.117659648142576630e-05,1.138540680284289199e-05,1.139818316931217296e-05,1.160911782949776456e-05,1.148808310814332675e-05,1.064045896842481608e-05,1.123182538396654002e-05,1.259218986380693830e-05,1.148436952161246367e-05,1.148896051318984956e-05,1.175370894162987397e-05,1.193767929574426417e-05,1.141279755864779561e-05,1.182879954538220888e-05,1.207830197651905037e-05,1.181702279026747986e-05,1.272011733274853844e-05,1.144936114520702840e-05,1.242605550132208572e-05,1.201211653796184308e-05,1.220596907754995230e-05,1.221415245238380819e-05,1.259038972638053631e-05,1.220384715443045929e-05,1.179730907927490720e-05,1.219116710458208819e-05,1.178012533906521624e-05,1.166442310470995975e-05,1.164283767944183667e-05,1.149716033905125569e-05,1.279295340081306407e-05,1.229500278089394030e-05,1.284336398396161367e-05,1.217024532148992930e-05,1.237891833017385306e-05,1.220091543131287799e-05,1.214974423765642530e-05,1.201426474243051519e-05,1.151446081427453268e-05,1.199624501400091272e-05,1.237484595738328859e-05,1.236551119915686213e-05,1.190475126055561438e-05,1.196871116077475234e-05,1.111204828793048265e-05,1.143045976641615240e-05,1.158132532604778975e-05,1.180159684203286910e-05,1.177289094749103925e-05,1.157716174090178220e-05,1.252805971024801138e-05,1.248026143869169372e-05,1.211867808199104730e-05,1.157583168193521101e-05,1.105774106672881480e-05,1.169897677612753835e-05,1.182188931369092132e-05,1.083607736014146333e-05,1.116120623860495510e-05,1.079188980739528904e-05,1.123934115734910401e-05,1.063924802518591925e-05,1.123772982397584323e-05,1.103348329965744833e-05,1.100216714159628283e-05,1.090409021724660084e-05,1.118218085730613017e-05,1.099151046615889426e-05,1.119511335042509546e-05,1.013687714215172538e-05,1.096839791000063795e-05,1.027017162686162111e-05,1.017006109846967338e-05,9.670370827591641435e-06
8.554518122454155658e-06,8.337847438186325600e-06,7.689296783427703453e-06,7.505754860452955462e-06,7.602434243210022735e-06,8.096527022054847379e-06,8.086197717966512718e-06,8.321052016678018794e-06,7.874008387571906854e-06,6.463057379509240953e-06,7.646818271114943317e-06,8.297432267850520828e-06,8.547558217245498590e-06,7.944065306786798769e-06,8.058737105202480524e-06,8.380354320074442917e-06,7.580559742629191078e-06,8.612334149645803967e-06,8.738550927728217137e-06,8.561035403733198134e-06,9.001451088614467077e-06,8.766299331715552725e-06,8.897482556138649741e-06,8.437547172672838627e-06,8.920565305257294319e-06,8.967867406279264082e-06,8.849948198922317547e-06,9.236846106883349041e-06,8.617525576954054395e-06,9.385280187860543943e-06,9.026990495185662069e-06,8.593131847547066344e-06,9.328132441441292245e-06,8.944708872933377884e-06,9.151742676328605787e-06,9.091273718929203878e-06,9.525655002776983483e-06,9.728857623659091847e-06,9.637504321386720891e-06,9.208859432814163251e-06,9.750223362764275380e-06,9.742398794950178439e-06,9.557527200196936815e-06,9.866817264101644027e-06,9.931376336551667509e-06,9.829139103434734277e-06,1.006233676169082402e-05,9.901258098052887689e-06,1.035141984205055292e-05,9.822028666476793738e-06,1.030108716099074431e-05,9.945986902816527338e-06,1.072813623541005128e-05,1.023846546669692704e-05,1.035483954604878617e-05,1.093435489962055143e-05,1.048195501151686727e-05,1.062411597302720064e-05,1.070891180509244308e-05,1.068640111053388898e-05,1.057996665924649569e-05,1.041579398378362339e-05,1.094002913170293504e-05,1.095460603317048092e-05,1.100427553596429758e-05,1.102432122414398075e-05,1.112949015041801327e-05,1.136087785533285744e-05,1.130471280467906697e-05,1.156732125040486141e-05,1.155198833904514500e-05,1.076086403894541832e-05,1.107037815168541479e-05,1.148436952161246367e-05,1.191701529277898189e-05,1.137420636292569973e-05,1.178148536335159928e-05,1.171659202441017534e-05,1.136191929409812910e-05,1.174003365954533978e-05,1.199438231449437745e-05,1.159098387733946405e-05,1.219716218059062623e-05,1.126768651307720982e-05,1.217910707731073758e-05,1.182842676361145858e-05,1.206867381626428704e-05,1.195724015259243561e-05,1.224414558950570355e-05,1.212925460447649768e-05,1.155023174734929525e-05,1.157805737396138113e-05,1.195144820956619696e-05,1.149509634336512057e-05,1.160000868873366274e-05,1.124978356397095730e-05,1.209218903930935652e-05,1.185565364921312254e-05,1.233838709842783538e-05,1.166380467227157236e-05,1.185716501925763440e-05,1.176341452686394424e-05,1.189076006888961851e-05,1.147558674238101771e-05,1.111039800910026863e-05,1.140796011422601870e-05,1.178489097952378995e-05,1.203753928720310521e-05,1.154269437297002209e-05,1.152789929282251787e-05,1.073682767900905858e-05,1.104291441925934929e-05,1.127023367782939961e-05,1.133688588717695109e-05,1.106327848363565291e-05,1.124245126397267531e-05,1.157276514608909173e-05,1.151846301681425151e-05,1.138038867393445883e-05,1.081708047594295324e-05,1.074857343643121736e-05,1.130813912961263537e-05,1.149480006715025345e-05,1.066413161025408214e-05,1.117465359241027579e-05,1.046122162883312297e-05,1.113526170990356122e-05,1.050947404268187380e-05,1.098992061431643291e-05,1.084303091157056414e-05,1.085928983027224666e-05,1.084075740018985066e-05,1.132447961578464390e-05,1.087053030740378005e-05,1.092450140279369356e-05,9.909778207521296060e-06,1.090755789245831905e-05,1.031695148262552159e-05,1.009676946502652751e-05,9.616180663687776554e-06
8.482299756598867164e-06,8.199416948819460195e-06,7.584671593368589950e-06,7.378648820227665120e-06,7.438456651758231282e-06,7.868722941601466914e-06,7.986967019467998240e-06,8.171764858282437683e-06,7.759610927341542040e-06,5.970177648654235807e-06,7.532350195272061840e-06,8.084597490092210189e-06,8.210056893949022256e-06,7.721570188605482619e-06,7.826883644702012371e-06,8.007979012372907864e-06,7.706123759069397519e-06,8.618573685469961085e-06,8.426880820285502659e-06,8.416887154799414903e-06,8.810940551043302895e-06,8.568289161754724724e-06,8.649147585584361303e-06,8.368157425160928446e-06,8.669655227848274362e-06,8.755780588175545440e-06,8.719684226552927738e-06,8.971986282776975519e-06,8.534424046298786807e-06,9.194164792580559103e-06,8.885901935214901416e-06,8.621448188434420378e-06,9.277297133071320777e-06,8.719558390649069870e-06,8.938567738477839160e-06,8.920618649285006231e-06,9.303280923576009380e-06,9.430801931624525756e-06,9.539269058620013372e-06,9.108596859175379929e-06,9.541410843731713097e-06,9.507906472138176303e-06,9.349033937767316506e-06,9.624984174574835249e-06,9.721567070892683362e-06,9.794716948827537288e-06,9.880130337443678295e-06,9.747159465319267321e-06,1.010837982952488690e-05,9.667532604509671882e-06,1.000217073122279291e-05,9.790909020042015204e-06,1.050448851829172665e-05,1.004789839828457542e-05,1.022860516522925263e-05,1.074203713341762763e-05,1.039304217470475529e-05,1.044566067831148163e-05,1.055712420414879259e-05,1.043568566448497504e-05,1.045325451310659570e-05,1.038018925575575481e-05,1.082614349971795351e-05,1.087423957111045360e-05,1.086648120008699499e-05,1.092866478067119124e-05,1.100393909094759093e-05,1.108241206951031917e-05,1.119968741815654905e-05,1.142088403235882252e-05,1.130669298675126344e-05,1.066587839003373265e-05,1.109718499865499642e-05,1.148896051318984956e-05,1.137420636292569973e-05,1.192037205977573883e-05,1.167256308280954366e-05,1.160274774795413982e-05,1.130352229504822280e-05,1.167521066322661675e-05,1.190588551543265160e-05,1.148014040086050205e-05,1.216569876581579852e-05,1.117549115842494488e-05,1.193163793857265231e-05,1.173433721951049241e-05,1.196691307550993399e-05,1.185005221034160534e-05,1.219742523794606238e-05,1.202977511418322057e-05,1.144874188255547601e-05,1.161069759268439522e-05,1.168712653762619399e-05,1.134487541173020027e-05,1.156432261783754338e-05,1.127256769933889291e-05,1.204229714806509969e-05,1.174632438709316276e-05,1.223824991489902764e-05,1.141911985365956464e-05,1.174437387991211002e-05,1.164250441741954236e-05,1.178756873681545101e-05,1.150773967645754379e-05,1.102695407619833902e-05,1.138831872083205319e-05,1.176064768489808560e-05,1.194832669529382004e-05,1.130950845238842607e-05,1.138584858944079200e-05,1.055532293846412023e-05,1.102460547238711335e-05,1.127769228585374007e-05,1.138371076323094960e-05,1.097591293448491020e-05,1.119785900356633852e-05,1.146885708017982060e-05,1.141439966695330148e-05,1.141285877248553578e-05,1.075054670662932223e-05,1.063516079468432059e-05,1.109398321957122569e-05,1.124926856250288781e-05,1.054904857176759675e-05,1.085862658750825670e-05,1.055041556450094794e-05,1.083614538176095204e-05,1.047337149459567984e-05,1.089756232588740348e-05,1.055291964058282928e-05,1.058285390517757951e-05,1.080622686943466251e-05,1.114294169340110145e-05,1.064509914269707721e-05,1.085486121704941110e-05,9.640961685949999468e-06,1.071501842342136281e-05,9.907625958032894683e-06,1.012497407877909480e-05,9.394292613569783166e-06
8.813609902639692320e-06,8.606509488771066162e-06,8.036118054895600624e-06,7.877133278998153101e-06,7.797785539637315495e-06,8.298953672373123256e-06,8.529623009952560936e-06,8.577596230223759769e-06,8.168900534461510425e-06,6.250031561093002432e-06,7.986219147771631745e-06,8.452339721440983923e-06,8.734174435093119274e-06,8.048911605812424650e-06,8.270388542997353967e-06,8.417203495442819651e-06,8.092212565577030977e-06,8.866199202450368463e-06,8.915349215745268206e-06,8.747428534717342728e-06,9.246112173996144927e-06,9.019772249257869062e-06,8.876924197055369783e-06,8.680506658391653164e-06,9.071790833120721892e-06,9.117708184829181734e-06,9.166379289631422156e-06,9.401971824047925344e-06,8.772620225261452465e-06,9.521424833273859931e-06,9.262377853769745910e-06,8.912964386604137172e-06,9.663609702262287079e-06,9.259214276592463884e-06,9.367767119647744053e-06,9.251787991552900162e-06,9.774863799030711586e-06,9.869529698424289878e-06,9.949433004958188929e-06,9.480657019551136142e-06,1.002124196017222767e-05,9.959742178458039861e-06,9.659236331658033176e-06,1.001113569562871037e-05,1.012795345319697569e-05,1.010922006151561982e-05,1.037344102457424029e-05,1.012074062814951734e-05,1.056424596194729600e-05,1.007343538439573677e-05,1.039328092871708913e-05,1.011737104938241527e-05,1.089306923511819354e-05,1.038767354425612269e-05,1.054192108575009592e-05,1.111815535254022020e-05,1.075566799249827490e-05,1.092728545282715449e-05,1.094200516419932391e-05,1.082910015367996187e-05,1.078916218378296561e-05,1.064293226034805168e-05,1.126882455865866123e-05,1.122765131074600380e-05,1.119202310887384082e-05,1.134882867561192077e-05,1.132739742047318196e-05,1.160399091199745747e-05,1.144262837834592207e-05,1.173341559142322984e-05,1.171942692081264024e-05,1.099124844931878656e-05,1.145771405001961002e-05,1.175370894162987397e-05,1.178148536335159928e-05,1.167256308280954366e-05,1.268574491900321570e-05,1.195929878448660839e-05,1.169529489094729916e-05,1.211537218275105582e-05,1.229646921954594425e-05,1.194503294457923930e-05,1.246911004280066422e-05,1.149965528981845332e-05,1.243244129424306441e-05,1.221621761659379337e-05,1.234456053244781861e-05,1.228854545980510567e-05,1.255099940283479664e-05,1.258998870222958028e-05,1.196880425734372106e-05,1.195687425960092894e-05,1.226519280678753593e-05,1.181167426056938247e-05,1.194789464138221592e-05,1.167800283390620439e-05,1.242087976992201796e-05,1.216156970406086266e-05,1.257191606366509980e-05,1.193720695535919592e-05,1.199070546073906603e-05,1.186381887586013209e-05,1.219212667109336293e-05,1.176066871047653661e-05,1.143721602141671304e-05,1.177252903928554448e-05,1.191018237835604367e-05,1.242851835802801010e-05,1.170945876342479707e-05,1.174449478622007218e-05,1.100929291092788616e-05,1.146366612955262239e-05,1.167057201483266137e-05,1.165162869275147648e-05,1.144227984290872326e-05,1.154353915047651154e-05,1.153711253969070275e-05,1.149281430172638284e-05,1.165019488912182902e-05,1.090188613119016520e-05,1.082135277285749089e-05,1.138070299970947873e-05,1.173820671538200298e-05,1.092014635238374941e-05,1.139082003730279819e-05,1.080635008743033963e-05,1.141094711896698670e-05,1.105549403230129112e-05,1.140991025803511752e-05,1.110253680406069848e-05,1.109379309204013106e-05,1.118817585118289606e-05,1.158301819095736748e-05,1.140377285689038556e-05,1.136644741282675219e-05,1.002278999678347976e-05,1.119519559414801889e-05,1.061642278128905937e-05,1.062395611971781724e-05,9.928571116566194883e-06
7.808065034008543858e-06,7.742114793431421557e-06,7.247048335685796760e-06,6.960005712380583584e-06,7.263345534135343781e-06,7.491677217298354263e-06,7.671741942411051176e-06,7.782025426878609383e-06,7.366025699182187065e-06,6.728808207786440101e-06,7.373281251522750675e-06,7.837597229191197508e-06,8.113764512670826535e-06,7.535076191278108656e-06,7.516308651609451720e-06,7.669362374334084078e-06,7.000512207109828895e-06,8.242569208671474121e-06,8.247340718256968947e-06,8.282150725093901186e-06,8.714434330303550951e-06,8.343519271796524326e-06,8.624291891428278572e-06,8.179875341917806404e-06,8.580932311366287833e-06,8.598012418747036934e-06,8.600374335979837158e-06,9.032012004729395331e-06,8.424724871040357841e-06,9.078153595638722216e-06,8.766063845122319868e-06,8.331834780747467571e-06,9.159238015930190252e-06,8.672631433161734774e-06,9.033599256952291244e-06,8.902516911603034874e-06,9.440029464640279386e-06,9.570576675378387077e-06,9.399887828276822955e-06,9.022635800726756886e-06,9.660458729987937498e-06,9.679265507421327890e-06,9.397890204655228146e-06,9.728378383033634767e-06,9.756374505176378136e-06,9.702396676898786520e-06,1.007933548106927677e-05,9.811306099452422086e-06,1.015366100574965696e-05,9.760095068973326674e-06,1.029633261137396401e-05,9.922065690101506837e-06,1.058379472745582764e-05,1.009521781128941829e-05,1.053822362163604486e-05,1.103796869799944581e-05,1.067738483626397706e-05,1.060677994501678250e-05,1.092454329039429668e-05,1.080707169184890929e-05,1.080288586537072622e-05,1.058777075454551810e-05,1.100770421552750694e-05,1.110952620916833911e-05,1.114718317805576562e-05,1.123801767446589964e-05,1.126126075973167440e-05,1.146689333795332471e-05,1.158880665583936392e-05,1.181458679375146496e-05,1.177684601353167114e-05,1.087398461593008133e-05,1.138753821186298389e-05,1.193767929574426417e-05,1.171659202441017534e-05,1.160274774795413982e-05,1.195929878448660839e-05,1.293130451309255776e-05,1.176095473404374845e-05,1.187528288959591279e-05,1.234372096815474520e-05,1.196288886167485613e-05,1.291345350368156305e-05,1.170215638769269659e-05,1.238126109823473026e-05,1.236834060845617610e-05,1.254043683628319576e-05,1.227277745838485685e-05,1.265547993357524395e-05,1.248823263442036354e-05,1.191173376675225219e-05,1.226408681059114031e-05,1.209623020342392378e-05,1.187768006826929032e-05,1.179819224564536171e-05,1.172768525433659781e-05,1.274133240544480581e-05,1.259273888285220319e-05,1.306842910786399046e-05,1.235653658166351120e-05,1.249129468409739517e-05,1.234489600455800124e-05,1.226035930675939039e-05,1.192956735601395302e-05,1.169389221354878628e-05,1.213247859179161438e-05,1.236753623043695305e-05,1.262244963140520340e-05,1.211455428533311953e-05,1.219672673891248218e-05,1.130063934273693523e-05,1.162933820634435582e-05,1.172004820490362700e-05,1.177097563510101065e-05,1.167129388044954431e-05,1.182099664326030655e-05,1.280891582621153198e-05,1.273144616917083031e-05,1.220289484968108049e-05,1.154553831802866965e-05,1.118163318082546102e-05,1.194914799575703761e-05,1.188739658732889983e-05,1.108412701164981164e-05,1.151518029495235405e-05,1.092930700646092475e-05,1.134014448786146234e-05,1.073130226884652498e-05,1.126341722415853262e-05,1.107279240849423238e-05,1.118410929884650170e-05,1.110992441640026434e-05,1.113955554150513531e-05,1.101965838400152333e-05,1.111240313699365610e-05,1.038102965451825245e-05,1.120748657007753320e-05,1.050966561000963661e-05,1.020164838358918568e-05,9.853205566564252719e-06
8.262002820773625166e-06,8.092781676150922492e-06,7.452035200569333800e-06,7.170559904872123582e-06,7.344980657594282986e-06,7.792295536134602669e-06,7.862725011710835455e-06,8.130651595967049674e-06,7.654757700078936949e-06,6.637772856285519563e-06,7.586062235215151031e-06,8.022059196121280326e-06,8.175897214650958578e-06,7.722639704944145702e-06,7.717158504331392136e-06,7.801531390120393364e-06,7.408126116061862769e-06,8.290291304588737729e-06,8.340454656353272738e-06,8.335410531162452488e-06,8.767791360095799572e-06,8.563108440811735740e-06,8.688650741253679021e-06,8.142068730921466188e-06,8.647166098387838208e-06,8.695895095844209503e-06,8.583430045360586469e-06,9.025980608692707379e-06,8.316633721867345595e-06,9.180740440481414762e-06,8.784432858673850805e-06,8.486017642163601858e-06,9.140525917545860090e-06,8.694608219230444635e-06,8.972956731017578641e-06,8.902945372327716807e-06,9.342952034880519144e-06,9.575011332055464395e-06,9.403765931548328308e-06,9.074666055781136238e-06,9.555036220615928996e-06,9.554598834384713654e-06,9.237539594727220475e-06,9.633083292692474947e-06,9.799835504558757784e-06,9.686579915293154526e-06,1.000355981261142707e-05,9.730284523615276803e-06,1.016398792832856307e-05,9.736519086938060047e-06,9.976274599656853262e-06,9.745016201435096774e-06,1.044972271443160575e-05,9.925147713626689000e-06,1.029273610373835347e-05,1.072564021366262152e-05,1.039858899405116455e-05,1.044473604489550273e-05,1.055831922428351342e-05,1.056735773797977501e-05,1.054533317863930525e-05,1.022580729862978721e-05,1.076041756653957175e-05,1.087487004148828984e-05,1.080892870923743501e-05,1.088777406184367954e-05,1.097914505543051308e-05,1.124684303911214589e-05,1.122372810793391079e-05,1.143017796246082886e-05,1.146585705049858185e-05,1.065199769122321777e-05,1.107516296544962000e-05,1.141279755864779561e-05,1.136191929409812910e-05,1.130352229504822280e-05,1.169529489094729916e-05,1.176095473404374845e-05,1.199623411221198068e-05,1.177372584354318557e-05,1.202717368617516500e-05,1.173108600274287929e-05,1.227506117312594034e-05,1.133843614796683187e-05,1.208941883427435668e-05,1.179900657851769379e-05,1.216887264662528031e-05,1.202657669432487242e-05,1.233930140008316144e-05,1.216938572710044064e-05,1.159559883116865282e-05,1.177904027686949138e-05,1.173138824917950838e-05,1.148147199687912592e-05,1.155973505198555738e-05,1.141884048184884183e-05,1.203874937744330687e-05,1.177797913508986845e-05,1.240236363718421967e-05,1.166006918716992974e-05,1.176140495959869268e-05,1.162650363129115966e-05,1.194203986345627425e-05,1.143567895193372172e-05,1.111068516435387105e-05,1.132339781712293402e-05,1.169776586446308550e-05,1.192034238859386079e-05,1.144817428876178738e-05,1.153388309061802751e-05,1.076485866957386053e-05,1.104132540576210455e-05,1.119255739099840368e-05,1.130177384978183539e-05,1.093219973703681408e-05,1.119471666623194880e-05,1.137914580614995910e-05,1.131808253727825008e-05,1.140436594137404005e-05,1.068487605487912335e-05,1.065044492696780824e-05,1.121150717882657343e-05,1.126357037435649704e-05,1.059085919108296051e-05,1.097793630535887118e-05,1.041880275463799848e-05,1.086626048899653201e-05,1.040193658218310335e-05,1.082058438451349202e-05,1.046651904001119450e-05,1.068751713042095149e-05,1.054872887008194813e-05,1.111238316185520334e-05,1.073557839127936950e-05,1.067973261368094677e-05,9.665476974392289491e-06,1.075911252130695715e-05,1.003144769909354941e-05,1.015268606307954842e-05,9.267187262135661362e-06
8.785426569972962940e-06,8.553948229236970911e-06,7.813980130805082565e-06,7.800412478452167835e-06,7.661745172967022592e-06,8.201833932285361833e-06,8.352973692486099686e-06,8.679490551177493002e-06,8.100412516550356759e-06,5.835638264169880476e-06,7.729917324584443465e-06,8.283036333908831326e-06,8.361814207867665510e-06,7.940273903784185550e-06,7.976417275383952061e-06,8.746374515930462100e-06,8.291296257228067014e-06,8.678109717286416108e-06,8.767925001467277479e-06,8.586157643610473411e-06,8.787325797550955974e-06,8.788397017092193693e-06,8.622145859988639510e-06,8.399508638948111083e-06,8.869730952338227470e-06,9.105739774405079514e-06,8.900143830276913378e-06,9.164702223994550319e-06,8.417697587420060293e-06,9.327888212009539386e-06,8.951255897658197709e-06,8.864280835467838347e-06,9.294545803533106376e-06,8.856337486671805599e-06,9.111709488975963271e-06,9.065054467233388849e-06,9.566606704230379185e-06,9.581057799905302424e-06,9.711234954807939661e-06,9.381112906077076477e-06,9.827001426072019805e-06,9.816439481605328824e-06,9.382234553086347403e-06,9.834421254981561727e-06,1.009169413172704594e-05,9.789781055241004009e-06,1.016054091822766207e-05,9.888094124248809682e-06,1.046658498135765831e-05,9.744933935069817151e-06,1.025728763520967556e-05,9.854876886092994568e-06,1.070140829424277527e-05,1.022350881378756459e-05,1.042179540238257169e-05,1.076693565313652375e-05,1.055457895068897216e-05,1.068363729841419664e-05,1.078152496593533005e-05,1.066795670240207980e-05,1.064167621719488335e-05,1.052727433113541700e-05,1.109081159690837243e-05,1.120464718860632050e-05,1.118208924307788224e-05,1.129006713140880351e-05,1.128347008355862887e-05,1.151806367111646018e-05,1.144290458180946847e-05,1.166026129419709988e-05,1.165921703537822495e-05,1.094608615296778412e-05,1.141869942178789137e-05,1.182879954538220888e-05,1.174003365954533978e-05,1.167521066322661675e-05,1.211537218275105582e-05,1.187528288959591279e-05,1.177372584354318557e-05,1.313228950816743648e-05,1.254495981079548238e-05,1.217097276982224773e-05,1.258054785964671405e-05,1.179019747874873537e-05,1.260729225272063682e-05,1.235722924267481084e-05,1.251837209560480394e-05,1.268946435227612986e-05,1.298864943630907534e-05,1.272270449019957298e-05,1.216158123849145071e-05,1.226416723183889769e-05,1.230248542148448411e-05,1.223974057715765911e-05,1.239154286538823906e-05,1.196611411529556721e-05,1.281532468742933921e-05,1.256123734210007381e-05,1.295187436518648924e-05,1.213648765459532956e-05,1.232239024567089164e-05,1.227042767983237632e-05,1.262637751054946168e-05,1.227883945449115231e-05,1.178765930957156376e-05,1.215438456280625567e-05,1.236580753949037339e-05,1.279153380587939889e-05,1.226809847994942695e-05,1.210915325785943032e-05,1.134616912023868848e-05,1.195546601817666260e-05,1.208599940210193718e-05,1.208384612280538651e-05,1.179232817297417584e-05,1.187570981114157624e-05,1.201304375726066107e-05,1.194548209586174101e-05,1.208891290289518169e-05,1.148446878185869919e-05,1.146834780282446665e-05,1.179555503278977322e-05,1.209220642556180132e-05,1.120734816140230925e-05,1.167801219352228847e-05,1.126843817753836426e-05,1.183299445601309454e-05,1.127185709418858852e-05,1.180891868744838986e-05,1.148493520743409788e-05,1.120744706997659935e-05,1.174022384125768630e-05,1.214250522796927993e-05,1.156153039588269940e-05,1.162041900856005572e-05,1.025359258797407081e-05,1.144802668684526175e-05,1.074019056700664865e-05,1.082424837900102142e-05,1.003526967451483359e-05
8.674425967606638407e-06,8.376885886703061112e-06,7.886906245780636924e-06,7.685561799825203817e-06,7.798171178844748915e-06,8.284412684224008551e-06,8.243347146464722136e-06,8.493395140295117733e-06,7.984498596997258421e-06,6.686827272722607103e-06,7.459823339395991490e-06,8.216227635410103472e-06,8.433934332391373554e-06,7.985526013598222368e-06,8.127511704586181320e-06,8.478082151884691535e-06,7.687314237158395105e-06,8.713419498222461007e-06,8.724806277279216463e-06,8.758992129721368037e-06,9.029201177048791025e-06,8.908256257305324823e-06,8.927612294207800685e-06,8.535587727740262025e-06,8.864646677424020910e-06,9.129352784307797407e-06,9.022471171411344760e-06,9.310765374475730801e-06,8.683208383841835296e-06,9.404888674606921704e-06,9.178360691296858683e-06,8.702983857105845802e-06,9.452729743284317768e-06,8.930313501567058515e-06,9.273659117828024330e-06,9.226732785997415097e-06,9.756061944393234711e-06,9.921660336825469527e-06,9.815671523173681598e-06,9.373572461638248087e-06,9.942027292001126725e-06,9.920843840223396207e-06,9.748051436529779631e-06,1.001428238437339969e-05,1.012462705091440689e-05,1.011713880591035896e-05,1.038083968219522876e-05,1.012055036141537306e-05,1.059678758964744033e-05,1.004438830568089268e-05,1.056865936901586707e-05,1.008156687930852327e-05,1.089687919645993565e-05,1.054331828139010024e-05,1.072748737756422267e-05,1.111348101632025230e-05,1.083398281914750527e-05,1.091090955679412510e-05,1.100321345151125357e-05,1.088190763581561290e-05,1.098952431468378798e-05,1.076542407423329253e-05,1.134038836662682495e-05,1.151089847430239876e-05,1.139496062499465348e-05,1.139325929642099526e-05,1.164304138172212717e-05,1.171042982832427294e-05,1.175958093231305141e-05,1.215445254629308004e-05,1.205796933716208023e-05,1.117179792090011099e-05,1.180476242471117998e-05,1.207830197651905037e-05,1.199438231449437745e-05,1.190588551543265160e-05,1.229646921954594425e-05,1.234372096815474520e-05,1.202717368617516500e-05,1.254495981079548238e-05,1.345953322431225179e-05,1.236211798215416337e-05,1.300302174380188064e-05,1.211060473543906848e-05,1.302632982240568652e-05,1.270180904040388210e-05,1.288732225287572458e-05,1.274117880367065311e-05,1.313399551190856933e-05,1.298343536713265567e-05,1.226354293532964742e-05,1.258895932698039503e-05,1.258827436441161058e-05,1.235777128526968131e-05,1.253259417160893898e-05,1.215681118260986830e-05,1.304919991007470516e-05,1.276012130718319917e-05,1.318329050572425237e-05,1.257428139786078813e-05,1.274538462184411152e-05,1.260397316478290536e-05,1.283516306640821060e-05,1.230637575464838293e-05,1.194514829520304201e-05,1.254418655449539340e-05,1.271565079900942409e-05,1.282550677275984601e-05,1.245307004120455538e-05,1.236466180149807252e-05,1.153907096032179702e-05,1.198452330106147587e-05,1.220177322195541416e-05,1.212464997964552980e-05,1.194722746383229789e-05,1.203964029168214828e-05,1.243248937417539148e-05,1.249763095213920652e-05,1.229512268292361758e-05,1.167265750392836226e-05,1.155123812055908478e-05,1.220532911615592946e-05,1.234180146420546685e-05,1.157714880426301568e-05,1.175901143739688435e-05,1.128846017646484995e-05,1.176796690567720913e-05,1.147536224685858893e-05,1.198730208454748644e-05,1.167973178433068871e-05,1.153010014650297943e-05,1.167342037652815821e-05,1.225797280125552454e-05,1.175246055517082525e-05,1.165340881815687697e-05,1.064025720230777279e-05,1.196008049804732737e-05,1.106729280514070652e-05,1.114558922584139324e-05,1.040458757263028283e-05
8.044764733768776748e-06,7.908182737650902786e-06,7.302655472927337413e-06,7.087435710993119288e-06,7.169071950797262772e-06,7.740808052134795608e-06,7.656378152360635738e-06,8.010746670855395187e-06,7.480186320875110719e-06,6.861625500228170607e-06,7.422751389791273676e-06,7.673790664380453452e-06,7.770246459478532771e-06,7.549096569139480078e-06,7.449007986444221475e-06,7.899455287958279329e-06,6.921963262527249104e-06,8.136101870488525535e-06,8.177694745335725281e-06,8.207182838425028176e-06,8.523474215839886491e-06,8.379064751654197101e-06,8.394890456555431670e-06,8.097620820165878607e-06,8.384995702273141075e-06,8.587659608658406305e-06,8.408080853219625391e-06,8.792329222180629770e-06,8.107967876438404838e-06,8.940363198774875587e-06,8.520425560973453625e-06,8.264967769776845188e-06,8.853350671411930025e-06,8.545982970575247026e-06,8.791711307230074132e-06,8.808290086311245482e-06,9.328250101172864446e-06,9.401465972234183775e-06,9.280683576999181731e-06,8.746637406042708873e-06,9.420019312981084574e-06,9.503563483757579216e-06,9.146834100777086513e-06,9.553860799057028942e-06,9.814842536459109394e-06,9.589786617311537993e-06,1.003442288817479799e-05,9.660009996070766314e-06,1.018684943188268020e-05,9.681037326901444881e-06,1.003555922079982609e-05,9.645243903374822362e-06,1.060057203477419042e-05,9.952678769779312639e-06,1.032587894596068345e-05,1.065332186599585424e-05,1.043694092668829600e-05,1.048724651589906661e-05,1.061604516605741044e-05,1.059996504527587555e-05,1.052295464353680690e-05,1.034181637975389664e-05,1.082619607629690829e-05,1.096064539267923239e-05,1.109221769130240959e-05,1.094987447363425829e-05,1.116794849086487122e-05,1.144447741835387967e-05,1.146026727209381235e-05,1.175374862033652575e-05,1.161399529107626268e-05,1.086806570618154719e-05,1.133042436912476432e-05,1.181702279026747986e-05,1.159098387733946405e-05,1.148014040086050205e-05,1.194503294457923930e-05,1.196288886167485613e-05,1.173108600274287929e-05,1.217097276982224773e-05,1.236211798215416337e-05,1.273917579825147606e-05,1.281297517059669522e-05,1.167305914737243978e-05,1.250300211304933450e-05,1.231269753040075587e-05,1.250351303806786331e-05,1.244364461205342852e-05,1.295350362212778377e-05,1.260258434274900371e-05,1.202695976913222975e-05,1.222316842199496284e-05,1.221589728365065238e-05,1.195655239944426012e-05,1.205533673600671768e-05,1.182626169862983119e-05,1.287186834384091948e-05,1.233741570055860342e-05,1.298578954261601636e-05,1.241754396119221954e-05,1.231640991617911900e-05,1.216862156580196236e-05,1.257752533604911676e-05,1.196726973894473469e-05,1.172499197444890743e-05,1.215452826709502650e-05,1.236709058906042838e-05,1.238212739479901598e-05,1.216513976157358734e-05,1.208923188333001245e-05,1.136072595827739382e-05,1.165188250381649311e-05,1.191502913131803140e-05,1.190484346979498019e-05,1.156446421719753750e-05,1.189373364524074721e-05,1.230976978580626891e-05,1.197973017946006271e-05,1.212245189619643580e-05,1.139675001789882662e-05,1.140985469354945893e-05,1.196675564297599049e-05,1.204464240020288082e-05,1.127222006514759770e-05,1.150133710217398185e-05,1.104690776241462692e-05,1.158202183356117217e-05,1.106802273166207751e-05,1.124557449794940078e-05,1.163934360030589183e-05,1.127712597661941930e-05,1.153060472279927740e-05,1.179511175369626078e-05,1.156444274073956078e-05,1.126145050216107930e-05,1.023499981823440983e-05,1.139889478605425476e-05,1.083661125381162251e-05,1.079556519804478326e-05,1.007503892845963382e-05
8.173544202740699616e-06,8.104486194575302843e-06,7.413620361106244303e-06,7.231737265289864536e-06,7.386564383623484654e-06,7.793181268448500141e-06,7.937726332809078727e-06,8.149151656635742077e-06,7.661715995984422065e-06,7.080942293393558020e-06,7.511288706753666080e-06,7.774070447356211107e-06,7.962164988035238500e-06,7.640670301229289397e-06,7.626899704733196346e-06,8.156198427285293669e-06,7.194232154298423305e-06,8.386624025304913757e-06,8.364571159383652157e-06,8.482123757103441527e-06,8.839729478193392693e-06,8.536702469892301246e-06,8.611472376717719187e-06,8.263162141272981489e-06,8.658536634530898963e-06,8.854867589087489797e-06,8.829639283426240966e-06,9.011974292884906108e-06,8.396813703269891867e-06,9.282399902263169873e-06,8.911232018739847927e-06,8.455513864472899424e-06,9.151956908414092136e-06,8.937113937993592942e-06,9.165179361676780941e-06,9.181952677428333230e-06,9.712800897923884000e-06,9.762061332830421797e-06,9.570972784142918057e-06,9.077924580477788157e-06,9.851090592475183127e-06,9.906709281244121301e-06,9.637004279484821516e-06,9.990494664601226122e-06,9.953983393316909872e-06,9.869362600485105690e-06,1.049302133346229401e-05,1.007109561066612701e-05,1.059029653102516479e-05,1.003057088747796047e-05,1.053871350479229542e-05,1.005236199834339318e-05,1.109909460790987155e-05,1.027513433202103407e-05,1.066883963061092527e-05,1.126341397710156836e-05,1.097764457082432425e-05,1.085234455443986918e-05,1.105645623837481188e-05,1.116313682752648325e-05,1.110859484659876418e-05,1.085997552663137216e-05,1.142688179819328366e-05,1.158671612943333350e-05,1.147542210578628745e-05,1.155310002914371648e-05,1.164678622405525961e-05,1.192074942548851534e-05,1.210763323655304368e-05,1.227109730786262068e-05,1.214791587903316799e-05,1.134387857472649457e-05,1.192441048399545571e-05,1.272011733274853844e-05,1.219716218059062623e-05,1.216569876581579852e-05,1.246911004280066422e-05,1.291345350368156305e-05,1.227506117312594034e-05,1.258054785964671405e-05,1.300302174380188064e-05,1.281297517059669522e-05,1.451128913513965409e-05,1.223171870625297064e-05,1.318318681931785926e-05,1.299721993059117556e-05,1.318891878046707344e-05,1.306126534278656713e-05,1.362236535691570902e-05,1.316597385766073753e-05,1.258186361866210843e-05,1.322904317453565094e-05,1.268655390691647703e-05,1.257006185826070114e-05,1.259133428464350480e-05,1.246572598395905036e-05,1.379783979045298811e-05,1.355973459820740649e-05,1.406015293264890137e-05,1.325272572537455311e-05,1.335179373893000719e-05,1.314104032898771476e-05,1.319136054887474539e-05,1.291486725812765827e-05,1.238270525045034225e-05,1.290172659317580071e-05,1.352708150792156125e-05,1.327613386990594554e-05,1.293356337650434741e-05,1.296879483062451349e-05,1.198583701751291699e-05,1.225076235987520952e-05,1.251578377928025886e-05,1.261899620372557573e-05,1.260777176172499346e-05,1.269188780704954540e-05,1.366371189627387889e-05,1.342890706419623263e-05,1.334660934637050667e-05,1.232617176030150295e-05,1.220521007167836608e-05,1.275710522015570169e-05,1.277953350843613493e-05,1.186715441419563294e-05,1.208785460909130667e-05,1.155558548334719872e-05,1.193507339196229890e-05,1.132291338844855255e-05,1.197155771144886085e-05,1.187817387830492630e-05,1.172004517063425295e-05,1.174869134016054428e-05,1.185265129773296035e-05,1.164909675652431474e-05,1.186431778718252490e-05,1.067501806174623481e-05,1.175492007147132848e-05,1.119091940587315868e-05,1.071610861615173124e-05,1.023211804434054416e-05
7.958365992574875536e-06,7.770506315839772720e-06,7.425176927860170769e-06,7.308788241628868839e-06,7.181231598285974009e-06,7.890458560897514959e-06,7.858053495730164169e-06,8.029097439567838658e-06,7.719370620955698687e-06,6.464970414788331420e-06,7.371448862903432487e-06,7.712213458865055209e-06,8.008220248264039240e-06,7.557494151317054301e-06,7.545061548294233666e-06,8.127753849293810435e-06,6.991889150125721451e-06,8.092311429201957498e-06,8.258930113824367297e-06,8.152246921550390058e-06,8.406949180515319625e-06,8.324809634282238484e-06,8.367434351458301911e-06,8.043712783103174600e-06,8.397696176718130390e-06,8.517096508644662997e-06,8.454465068997512616e-06,8.807550945371881766e-06,8.112995975763067827e-06,8.875320388204922911e-06,8.569778382562229368e-06,8.054455220504787915e-06,8.783552115441192466e-06,8.173104596139773022e-06,8.774080997800795092e-06,8.612159526502383109e-06,9.104139985889226510e-06,9.213249772792721053e-06,9.142950517682237955e-06,8.750064576782849574e-06,9.214757575733987301e-06,9.242652942544073204e-06,8.982372938600682362e-06,9.285109121384032662e-06,9.445614439323548166e-06,9.273594134156927816e-06,9.637462249448214486e-06,9.313568513349514266e-06,9.770068941851086581e-06,9.233938044125126411e-06,9.781164462739389980e-06,9.503839324121106537e-06,1.006513388920579597e-05,9.785483069899635435e-06,9.950786913099123125e-06,1.045443694110054649e-05,1.012853615184111139e-05,1.018006005849671527e-05,1.035291198602545554e-05,1.019818179321911425e-05,1.029581096611556402e-05,1.008143964594320197e-05,1.061621914658855904e-05,1.067425401206322938e-05,1.063134455171993110e-05,1.069990218643386544e-05,1.073146860747493288e-05,1.099460330338766195e-05,1.108108954014295401e-05,1.136524471768911334e-05,1.124779772416906430e-05,1.056372986000758229e-05,1.092739028421470304e-05,1.144936114520702840e-05,1.126768651307720982e-05,1.117549115842494488e-05,1.149965528981845332e-05,1.170215638769269659e-05,1.133843614796683187e-05,1.179019747874873537e-05,1.211060473543906848e-05,1.167305914737243978e-05,1.223171870625297064e-05,1.197015798507599212e-05,1.223763645444549003e-05,1.185054369173581971e-05,1.211417947307480864e-05,1.192889987047088679e-05,1.242809351886271497e-05,1.219525652735997323e-05,1.155851215342631411e-05,1.192462349588874967e-05,1.189052321361174344e-05,1.165930245282839008e-05,1.167710491369273563e-05,1.135557981319178658e-05,1.231761752107474891e-05,1.209087310584411819e-05,1.260511561073144800e-05,1.180481405610177799e-05,1.207202925409741749e-05,1.187227676483922735e-05,1.200002731773282853e-05,1.160852520625580825e-05,1.124668796126853156e-05,1.173934304472751433e-05,1.198930090349943871e-05,1.212483505673549697e-05,1.180409325274388622e-05,1.171301994377538365e-05,1.086981577042754657e-05,1.128983879391352112e-05,1.137114014652490886e-05,1.148136554341760835e-05,1.133784698681410970e-05,1.131921213578360760e-05,1.190447557242127863e-05,1.175918263288573356e-05,1.150546808282562530e-05,1.107978419931968649e-05,1.081170943938447525e-05,1.141031642256183050e-05,1.152153025295475667e-05,1.073434230268791125e-05,1.090439327790674900e-05,1.067915976081734688e-05,1.109784010515397023e-05,1.060569183954501794e-05,1.110303095926640415e-05,1.074593401602556307e-05,1.077392749600641637e-05,1.098145484763566098e-05,1.130767883900842307e-05,1.074367416812319633e-05,1.091724769050189015e-05,9.886715358356967372e-06,1.085629449643398588e-05,1.015041391791711203e-05,1.006207578793310518e-05,9.462658291269787246e-06
8.658407194048083121e-06,8.433084303968845720e-06,8.094248688907883742e-06,7.835737402960144183e-06,7.767692412788723387e-06,8.570942620464952041e-06,8.487092414004463261e-06,8.639816437821293385e-06,8.270321780560395365e-06,6.404145986193805340e-06,7.620241464533179253e-06,8.271509661232722855e-06,8.580451852572510088e-06,8.177849272907785415e-06,8.053290288236279805e-06,8.689492097199834561e-06,7.668516761536843193e-06,8.796683685131855918e-06,8.853962396740631868e-06,8.726106341885857766e-06,9.052999102091936003e-06,8.937999849201455350e-06,9.035679554727233583e-06,8.709702463391438441e-06,9.003945911083810190e-06,9.214703156224151242e-06,9.208640052920288844e-06,9.464449347766657074e-06,8.742893530806247258e-06,9.500712171316631654e-06,9.232285284808542161e-06,8.755149073644079476e-06,9.528589462685015682e-06,9.001155470998743258e-06,9.430161103737143104e-06,9.301116910071778753e-06,9.806697411056463731e-06,9.943036745424494076e-06,9.843885852453539370e-06,9.496002071120522418e-06,9.965066867271656892e-06,1.005101620705287690e-05,9.752285687036884112e-06,1.021731814490097471e-05,1.029507567713361911e-05,9.971737368247434195e-06,1.043308551485387006e-05,1.020170490430630160e-05,1.057667872986440064e-05,1.001764556245592006e-05,1.059848466906744036e-05,1.023477537695775653e-05,1.109269341287139609e-05,1.066041392763279528e-05,1.087915821176678090e-05,1.133284353791052993e-05,1.102687188398063631e-05,1.096818358789830400e-05,1.126364566465750560e-05,1.099658792393267159e-05,1.117958515821479000e-05,1.082144283688721134e-05,1.156892792229717702e-05,1.155362108774894035e-05,1.158600355719056695e-05,1.153149996750918457e-05,1.181881005701824994e-05,1.178474892380535609e-05,1.184455948419839465e-05,1.224501490534891303e-05,1.218591964538761634e-05,1.137591900545797972e-05,1.187530207853558376e-05,1.242605550132208572e-05,1.217910707731073758e-05,1.193163793857265231e-05,1.243244129424306441e-05,1.238126109823473026e-05,1.208941883427435668e-05,1.260729225272063682e-05,1.302632982240568652e-05,1.250300211304933450e-05,1.318318681931785926e-05,1.223763645444549003e-05,1.385972487375791869e-05,1.282315400087787543e-05,1.302835007707128430e-05,1.289491468268270314e-05,1.327698212921902914e-05,1.311534213301879045e-05,1.259302930698338553e-05,1.269118777033507864e-05,1.273468535622397420e-05,1.258839077871304233e-05,1.251756144825057620e-05,1.220845587533910986e-05,1.319121677011467351e-05,1.291704688593887237e-05,1.338945991288359654e-05,1.286771147498238581e-05,1.284754703511359714e-05,1.261926958104140648e-05,1.289796943599418310e-05,1.246541646737213443e-05,1.209048836327891349e-05,1.265572758725939794e-05,1.288372255517326119e-05,1.297297103744515478e-05,1.262764943478145268e-05,1.260051010569163080e-05,1.157188369295868612e-05,1.204950309506416645e-05,1.213975878016941187e-05,1.237050704378083627e-05,1.207914428749755936e-05,1.207769171977131046e-05,1.250643736922904845e-05,1.261831646566499527e-05,1.234892529349952476e-05,1.186611327281640387e-05,1.163877706794509839e-05,1.229391903739945022e-05,1.238973023329751018e-05,1.152938983702512932e-05,1.188579903964339118e-05,1.118717694108870331e-05,1.185039650140439723e-05,1.136854158059012461e-05,1.205298937616067034e-05,1.190934335233568612e-05,1.180988688836232774e-05,1.190389783307596673e-05,1.243221569599802337e-05,1.201120864283089791e-05,1.179315215502100154e-05,1.066049128818452993e-05,1.175512455244455384e-05,1.108009710717952504e-05,1.120274144823838971e-05,1.056677926609719550e-05
8.022463870058985967e-06,7.894594587984455291e-06,7.502541970196460980e-06,7.230800609957689611e-06,7.386235889430861692e-06,7.826697898272043011e-06,7.778902979375466916e-06,7.985104984962694742e-06,7.562665248173982013e-06,6.783977262299698544e-06,7.289098065743220044e-06,7.707412814747044305e-06,8.008598229536048295e-06,7.570543478356058072e-06,7.704003535302819431e-06,8.200660449227582607e-06,7.116933255800459296e-06,8.298478021469735713e-06,8.289415422305352021e-06,8.284136803191198848e-06,8.679927788449367184e-06,8.431645411156354198e-06,8.491537590194832104e-06,8.051732616219069901e-06,8.418584312643991540e-06,8.769377311619162258e-06,8.633238307493998012e-06,8.892075699803024506e-06,8.251553840109397019e-06,8.963677900984987640e-06,8.601239698383913158e-06,8.311894608478224549e-06,8.990934841061590558e-06,8.677743279400999715e-06,8.927349896084000897e-06,8.851987517468138642e-06,9.423506999938088295e-06,9.410270606377801918e-06,9.310144215964779847e-06,8.935286743438485775e-06,9.579411520956735145e-06,9.582270421270868319e-06,9.337481700263023282e-06,9.645393224878079242e-06,9.689469232267509445e-06,9.603418753552637308e-06,1.003117470376672154e-05,9.751188721660144419e-06,1.018963530489859521e-05,9.637880300051672171e-06,1.020761408376729480e-05,9.748574294790656407e-06,1.062205038356103950e-05,1.010978718750829554e-05,1.033547383006920060e-05,1.089862802570566024e-05,1.058903339140772976e-05,1.067375156079317248e-05,1.067580886229396754e-05,1.058141095990420309e-05,1.075226597434465853e-05,1.044893364670765738e-05,1.105340050236305890e-05,1.114256566927794341e-05,1.116755215328873320e-05,1.120364329147175859e-05,1.125602563120475985e-05,1.151543513256601014e-05,1.157481118613998261e-05,1.188793090654595193e-05,1.177663042164346738e-05,1.089350144511984163e-05,1.161834223511612928e-05,1.201211653796184308e-05,1.182842676361145858e-05,1.173433721951049241e-05,1.221621761659379337e-05,1.236834060845617610e-05,1.179900657851769379e-05,1.235722924267481084e-05,1.270180904040388210e-05,1.231269753040075587e-05,1.299721993059117556e-05,1.185054369173581971e-05,1.282315400087787543e-05,1.324393542707548358e-05,1.287106274400674308e-05,1.263921754138935907e-05,1.310365956952493235e-05,1.286485076016822875e-05,1.227700322014802809e-05,1.260424360432564579e-05,1.249898264524305582e-05,1.240794842183217898e-05,1.242236387593581914e-05,1.217560044101290556e-05,1.302635627850260767e-05,1.288448822076640736e-05,1.332179118101815124e-05,1.270263703199441023e-05,1.274424858059436337e-05,1.267940867403247441e-05,1.294771140075679979e-05,1.237392331117969442e-05,1.217259972555235939e-05,1.257193424284863573e-05,1.283954014955736749e-05,1.307592537895043616e-05,1.257227973240678128e-05,1.253936199990258102e-05,1.164206497799996326e-05,1.208900025533869753e-05,1.221291054999134749e-05,1.234501338502680873e-05,1.208625339738370259e-05,1.226829745597508877e-05,1.274144628503913014e-05,1.284232894772660850e-05,1.250946778674787511e-05,1.202547042950416808e-05,1.165314400052707030e-05,1.248872871693220290e-05,1.242761389596207816e-05,1.156502393942947952e-05,1.194608598671929323e-05,1.135845759283013726e-05,1.186576040427930139e-05,1.123198953460112799e-05,1.187542770046466189e-05,1.186119741534662164e-05,1.166637820638797386e-05,1.192472205705171921e-05,1.212483432673763414e-05,1.172388958964986647e-05,1.168926051126556394e-05,1.068033889117247178e-05,1.184591803188336921e-05,1.108359138417721469e-05,1.101894486686543515e-05,1.049226027190562803e-05
8.339910895695113992e-06,8.319495072589958072e-06,7.668493932947421541e-06,7.453795143147695823e-06,7.608191699609614607e-06,8.094801330728424132e-06,7.963093892136539502e-06,8.336565871712805663e-06,7.920700597537781829e-06,7.302426658401029962e-06,7.463886864667799519e-06,7.995786237287236186e-06,8.268206727310818143e-06,7.873512740317130967e-06,7.849301164621787355e-06,8.540277771214600179e-06,7.308882915821186992e-06,8.465067413901408984e-06,8.619246735342447175e-06,8.556938682781132621e-06,8.976824242111637909e-06,8.684831661302176275e-06,8.863276274200433013e-06,8.507475470639428165e-06,8.769487126559765696e-06,9.060111460443965906e-06,8.906683222790318281e-06,9.236689581099934021e-06,8.689902327062123179e-06,9.152295827034301261e-06,9.008363626789199223e-06,8.513494127155999194e-06,9.266952721064385812e-06,8.960383438311010236e-06,9.195241134228530330e-06,9.083216613532623355e-06,9.736568833057156091e-06,9.724255086336675407e-06,9.491939959661642340e-06,9.130725560928228742e-06,9.843627346617993506e-06,9.949831181113740790e-06,9.520430683242223432e-06,9.939213119182075984e-06,1.003262060457483391e-05,9.945989334449889478e-06,1.028660962403189003e-05,1.000989794717240164e-05,1.045875957475049303e-05,9.913580591151747483e-06,1.042616567183456282e-05,9.956134100306087941e-06,1.089588443572186066e-05,1.036510923676396032e-05,1.063743461681268766e-05,1.121179020478284352e-05,1.083070634587844766e-05,1.084169819665268941e-05,1.097922304416571861e-05,1.108554633774184993e-05,1.093967065123308483e-05,1.077103530671105011e-05,1.125133194022202130e-05,1.138711039784821977e-05,1.131671265428217119e-05,1.135775771663696904e-05,1.150462858873762411e-05,1.182481181151889961e-05,1.191181803769933679e-05,1.219973279612438024e-05,1.202557214863308500e-05,1.113286604103962390e-05,1.185264287855936503e-05,1.220596907754995230e-05,1.206867381626428704e-05,1.196691307550993399e-05,1.234456053244781861e-05,1.254043683628319576e-05,1.216887264662528031e-05,1.251837209560480394e-05,1.288732225287572458e-05,1.250351303806786331e-05,1.318891878046707344e-05,1.211417947307480864e-05,1.302835007707128430e-05,1.287106274400674308e-05,1.374714204541897808e-05,1.284236846089179229e-05,1.326502257655771677e-05,1.321215277364312332e-05,1.242591729137239724e-05,1.276035068367220850e-05,1.281078359258618577e-05,1.260765490574556667e-05,1.262382900845534748e-05,1.243178559575313646e-05,1.339914944731987063e-05,1.318036027159183339e-05,1.375021793424507979e-05,1.304362168614869074e-05,1.304984661442145467e-05,1.285351868425861976e-05,1.327458126094963587e-05,1.267493666021595272e-05,1.232677017529921798e-05,1.275503269062691075e-05,1.326847183050135180e-05,1.328731570670776193e-05,1.278969006364243529e-05,1.282821076367699154e-05,1.197054060760811673e-05,1.226016828183064072e-05,1.251351134626812743e-05,1.266324567014617842e-05,1.225799854802900031e-05,1.254423495667528459e-05,1.299149688540499659e-05,1.294229313916450856e-05,1.303302024027760417e-05,1.230309888698752562e-05,1.195087877355508460e-05,1.266577115566439359e-05,1.274712106961598394e-05,1.199257652233440726e-05,1.210508358102040586e-05,1.154278681051638692e-05,1.211477067028819380e-05,1.157616169890704014e-05,1.213853106002948980e-05,1.194289430062402326e-05,1.171319315283136503e-05,1.200117749828721096e-05,1.237500738772742078e-05,1.198443320174712925e-05,1.203066229241533400e-05,1.096125201755704136e-05,1.203916091081023587e-05,1.119381603711330582e-05,1.124544486496108514e-05,1.045607763738140858e-05
8.594545286556428432e-06,8.278084644923122955e-06,7.593703490290231165e-06,7.390605846148138699e-06,7.491867213737423257e-06,7.909069222310458497e-06,8.123596435217129606e-06,8.312460531574981750e-06,7.786164612008489013e-06,6.537454290088583211e-06,7.749723791317894120e-06,7.939997638774730541e-06,8.221599060873059476e-06,7.727941709660037452e-06,7.777259104510886168e-06,8.678487161917875729e-06,7.810590130856209494e-06,8.630064020486166523e-06,8.510537471077616340e-06,8.508003378365787661e-06,8.811132832850908860e-06,8.628462371181487434e-06,8.669881112919674367e-06,8.232915950156726538e-06,8.692225592937777339e-06,8.934806230991774290e-06,8.715949933798202801e-06,8.978195316667593486e-06,8.442275609651686373e-06,9.128903906709821597e-06,8.866202988048015924e-06,8.570020335576792033e-06,9.270543623122646945e-06,8.749709827068893872e-06,9.017286397205908350e-06,9.018816530020620575e-06,9.600635496562579001e-06,9.657739400057885036e-06,9.527397787136802763e-06,9.190886057209237564e-06,9.776106113212081728e-06,9.797316365514422757e-06,9.398140738055319759e-06,9.907467611414962227e-06,9.987209259523884464e-06,9.862997660356393172e-06,1.027291158334696727e-05,9.905693986426196356e-06,1.049914953287991105e-05,9.792566696511628604e-06,1.037311123477107414e-05,9.865833330069930237e-06,1.072413205903523730e-05,1.018213505890219110e-05,1.046472417504136832e-05,1.093116451674753800e-05,1.074974562093465900e-05,1.078289955904339383e-05,1.082338439107454760e-05,1.084720985997500053e-05,1.081360787426602730e-05,1.058051873723448949e-05,1.130952379053999028e-05,1.137365733695727881e-05,1.134164870587202967e-05,1.132522254544422680e-05,1.143266060368269093e-05,1.176071741573710509e-05,1.173936095088460797e-05,1.200022035955300129e-05,1.185970877937740306e-05,1.104482849160416978e-05,1.170074125255465219e-05,1.221415245238380819e-05,1.195724015259243561e-05,1.185005221034160534e-05,1.228854545980510567e-05,1.227277745838485685e-05,1.202657669432487242e-05,1.268946435227612986e-05,1.274117880367065311e-05,1.244364461205342852e-05,1.306126534278656713e-05,1.192889987047088679e-05,1.289491468268270314e-05,1.263921754138935907e-05,1.284236846089179229e-05,1.361403795247967395e-05,1.324486672928389827e-05,1.298024764665905524e-05,1.235855344455999448e-05,1.270879968376436168e-05,1.279770014217023941e-05,1.249704885971757778e-05,1.256142474840093300e-05,1.234463642622725570e-05,1.336850491739596073e-05,1.288988793275630967e-05,1.355308303495738097e-05,1.271676580972476364e-05,1.297904502177524892e-05,1.288934306265422381e-05,1.316204682156334367e-05,1.283994469760398819e-05,1.233031640981718779e-05,1.261494928282492874e-05,1.301789001851315407e-05,1.331421417750133637e-05,1.256207589457905415e-05,1.260589605613389300e-05,1.186066105232046768e-05,1.224345749295303418e-05,1.225838935502260038e-05,1.246237722128542443e-05,1.225210390507330059e-05,1.236941605252936245e-05,1.262761076003105571e-05,1.288321481203712768e-05,1.279781972633107922e-05,1.203508246745872192e-05,1.193834358839851783e-05,1.238682173697536501e-05,1.291116974445637932e-05,1.182239117657138286e-05,1.228613624395856967e-05,1.171440816548865828e-05,1.233000274460913983e-05,1.169417475301606228e-05,1.205272311907215994e-05,1.185423493112818967e-05,1.165844834802027425e-05,1.207526705651911448e-05,1.247808062854031093e-05,1.206593308852065985e-05,1.190843053194822722e-05,1.065884278508595352e-05,1.181287299700820288e-05,1.101954781891992240e-05,1.136469004763603091e-05,1.057873138838731765e-05
8.436947834705147456e-06,8.350593285793202553e-06,7.748682237441876621e-06,7.456766852801701382e-06,7.569674272102978432e-06,8.146900265991027161e-06,8.127951266701483014e-06,8.576814652626660370e-06,8.013530118980796181e-06,6.677359894282324768e-06,7.518230876407376318e-06,8.154582495472956468e-06,8.265516762604183863e-06,7.869408668040841481e-06,7.865640595542847008e-06,8.726379742283536228e-06,7.578610515009288438e-06,8.613261866634383342e-06,8.687138517176337939e-06,8.717653457216859519e-06,9.104591410251537453e-06,8.787071652407012234e-06,8.854717115154605157e-06,8.306542750001042985e-06,8.789242044709734945e-06,9.201587853525495009e-06,8.875102763178345242e-06,9.247287357667278312e-06,8.607906737764749175e-06,9.417643506918012934e-06,9.030885828891914739e-06,8.703252580551811999e-06,9.350945615695113877e-06,8.914040688379352084e-06,9.286279510711895543e-06,9.305475570737876864e-06,9.760360294426075292e-06,9.870867197977959811e-06,9.663901667826945704e-06,9.319202866947224752e-06,9.864119894910637168e-06,9.920048725055455598e-06,9.724478256290681937e-06,1.003846057533550587e-05,1.023352596065506784e-05,9.905786999642225512e-06,1.049855925290594297e-05,1.013243695422545452e-05,1.070274291452690241e-05,1.008099252748177563e-05,1.057922969251100650e-05,1.008832221675681182e-05,1.100613289727975356e-05,1.040210154450037412e-05,1.073561939989391699e-05,1.119110789599132907e-05,1.103363674399236231e-05,1.092598024798334268e-05,1.112689901927424732e-05,1.111938503951787790e-05,1.105879114953125301e-05,1.096894376003505239e-05,1.157960078667494989e-05,1.162357698087255819e-05,1.157928275119186740e-05,1.156884046946288767e-05,1.171183251853334091e-05,1.208872291886060951e-05,1.200452925023272740e-05,1.237970393930553603e-05,1.212600184633579663e-05,1.142605051643378445e-05,1.196456547880224957e-05,1.259038972638053631e-05,1.224414558950570355e-05,1.219742523794606238e-05,1.255099940283479664e-05,1.265547993357524395e-05,1.233930140008316144e-05,1.298864943630907534e-05,1.313399551190856933e-05,1.295350362212778377e-05,1.362236535691570902e-05,1.242809351886271497e-05,1.327698212921902914e-05,1.310365956952493235e-05,1.326502257655771677e-05,1.324486672928389827e-05,1.436676914268212866e-05,1.345185350378777570e-05,1.278190135803474489e-05,1.310170347037230862e-05,1.307585585797769190e-05,1.281993384905461090e-05,1.297744689360710938e-05,1.266117472704651600e-05,1.372636284092998910e-05,1.346321428674191664e-05,1.391657603936827456e-05,1.328832941977905812e-05,1.331511917326322628e-05,1.323229054729630318e-05,1.340897415734124589e-05,1.295071612315967639e-05,1.245130570212859934e-05,1.311428641230265948e-05,1.332242751084816604e-05,1.346325536528643361e-05,1.313656685477162581e-05,1.295731193681501649e-05,1.213284424142120575e-05,1.250267501693613887e-05,1.274414152062594415e-05,1.276419371007076533e-05,1.253801710095835240e-05,1.273553184751338274e-05,1.298046552409069557e-05,1.311381422218577957e-05,1.308730517583574864e-05,1.243831090048235745e-05,1.214312637370988444e-05,1.274189644751527328e-05,1.291002383044249033e-05,1.209573050751970966e-05,1.198620409043781092e-05,1.166494312641007730e-05,1.221028114029499573e-05,1.189738191720819578e-05,1.216797481856240122e-05,1.232394352333346362e-05,1.189545321836155791e-05,1.228606590379579812e-05,1.262649469133490037e-05,1.219678201653122586e-05,1.193688996384872375e-05,1.086935115748791493e-05,1.203757362561402445e-05,1.123519400220492572e-05,1.137967206857824269e-05,1.064214747785614564e-05
9.024777987261680090e-06,8.904408875661819811e-06,8.180761530703232679e-06,8.025948098825685476e-06,8.042668540738433057e-06,8.668603342629176020e-06,8.635092739467643233e-06,8.992199097459318511e-06,8.367925907605174571e-06,7.037812883581211161e-06,8.180325414021027934e-06,8.560741435520471786e-06,8.916745500315265653e-06,8.387657169049605771e-06,8.322318047033016347e-06,8.979159673409165275e-06,7.743279791678073703e-06,8.984954370920537428e-06,9.104515948879309635e-06,8.977741895674096420e-06,9.408645734410489209e-06,9.228505468198761112e-06,9.300485704610046638e-06,8.786227492711341693e-06,9.221513480750691754e-06,9.473829653678522231e-06,9.337804706943164101e-06,9.586982773931339774e-06,8.937456184240450487e-06,9.634665233803623184e-06,9.313364377454489405e-06,9.071031944928642767e-06,9.755043762168890661e-06,9.294987792567206849e-06,9.547959695741567088e-06,9.447413589997176757e-06,9.971010675482114836e-06,9.986806205825428731e-06,1.002382260917834260e-05,9.524422860503642556e-06,1.007455965078999039e-05,1.012578636905289943e-05,9.866961358629445795e-06,1.016778735867083354e-05,1.043985584094768978e-05,1.016949638644285002e-05,1.050999567622906412e-05,1.024203552726286838e-05,1.070003828748816766e-05,1.014245456225212614e-05,1.059145890208799861e-05,1.027069888612636140e-05,1.099672905321375420e-05,1.057458508787554593e-05,1.074219268255378905e-05,1.129581201397718779e-05,1.099671865152875957e-05,1.107102735518046438e-05,1.114712599182099549e-05,1.101053832188279072e-05,1.103243704924520213e-05,1.088273573393857765e-05,1.150408200634178611e-05,1.143510319444311464e-05,1.151260884185008554e-05,1.149358007078536924e-05,1.156902104632708432e-05,1.182490551007094826e-05,1.175124003574951139e-05,1.221196490346403809e-05,1.203723516832192950e-05,1.132280372155316893e-05,1.184356265810800713e-05,1.220384715443045929e-05,1.212925460447649768e-05,1.202977511418322057e-05,1.258998870222958028e-05,1.248823263442036354e-05,1.216938572710044064e-05,1.272270449019957298e-05,1.298343536713265567e-05,1.260258434274900371e-05,1.316597385766073753e-05,1.219525652735997323e-05,1.311534213301879045e-05,1.286485076016822875e-05,1.321215277364312332e-05,1.298024764665905524e-05,1.345185350378777570e-05,1.403962356749347531e-05,1.253567738113017383e-05,1.283163167191047349e-05,1.294050077282710720e-05,1.272203198083663888e-05,1.276706888420656626e-05,1.249472995188517897e-05,1.330376577103539330e-05,1.312170286072497622e-05,1.362844111055741891e-05,1.299475765903997351e-05,1.296360256387608188e-05,1.281033910115918994e-05,1.326104997807283847e-05,1.260886579244576813e-05,1.239451183709367267e-05,1.271937315211538765e-05,1.318908898773706058e-05,1.332138893312741708e-05,1.278635395644261404e-05,1.280577443726830677e-05,1.199215005110571258e-05,1.246662275897331705e-05,1.250447973826868506e-05,1.268816431207650068e-05,1.241817547378530990e-05,1.244665994484181030e-05,1.269959878058001147e-05,1.274634033086208199e-05,1.283840484265652440e-05,1.220958125247825527e-05,1.201036211198765960e-05,1.259017311042061903e-05,1.294666647836117550e-05,1.207366840113148509e-05,1.230480609801747281e-05,1.192955852965494018e-05,1.244186991792588693e-05,1.206172316264069490e-05,1.247102219405521760e-05,1.227720255400229091e-05,1.206728673638851519e-05,1.251798476353868430e-05,1.271611562039065542e-05,1.256021792018089514e-05,1.232370217135856916e-05,1.128557268429780705e-05,1.244288787416545409e-05,1.176295727966822049e-05,1.181423180706986431e-05,1.087898514968459380e-05
8.203610229496881650e-06,8.095155837038163713e-06,7.676291325482017088e-06,7.405271197907885148e-06,7.398232570984706234e-06,7.869842465253197426e-06,8.094483886328388274e-06,8.107917359744752753e-06,7.775984742894003136e-06,6.178620936624973249e-06,7.578561877942662379e-06,8.031033916251993632e-06,8.107939284105088523e-06,7.631205650907580394e-06,7.738596810164982516e-06,8.127045286465307833e-06,7.697531384658193640e-06,8.346343407304123417e-06,8.345860698790270253e-06,8.255675257715604701e-06,8.650718218582141865e-06,8.432065932749125043e-06,8.550619563527871622e-06,8.016664684375335596e-06,8.550717610245780445e-06,8.703869185909474660e-06,8.708799676910656602e-06,8.862712295032848040e-06,8.251434589716491089e-06,8.980209305879820100e-06,8.698444547642201254e-06,8.398479003072095524e-06,9.083858105557033783e-06,8.524202957439445865e-06,8.960128244169799136e-06,8.768026046808622109e-06,9.248628073302542736e-06,9.322286287907305698e-06,9.198562032193907681e-06,9.049928342978855899e-06,9.443149834960268114e-06,9.548795907611563329e-06,9.129507983490602600e-06,9.533199860704473459e-06,9.703447648886422703e-06,9.459514021954954852e-06,9.915964953446319277e-06,9.549201947779900881e-06,1.004515081958926090e-05,9.447752967802449105e-06,9.954353513139773321e-06,9.692157335433623333e-06,1.033960076490667919e-05,9.913254667190059377e-06,1.005808023739576734e-05,1.063859401645987831e-05,1.043508641834406977e-05,1.029116899169330292e-05,1.052517342493634472e-05,1.049925691542892572e-05,1.053306194035209932e-05,1.030321423067306852e-05,1.089065324662879130e-05,1.090695203303850600e-05,1.091781050366490941e-05,1.100825639171263848e-05,1.102673923734471081e-05,1.128443355923049650e-05,1.130959714500941754e-05,1.158835264989226234e-05,1.138342081581512262e-05,1.067102844394230714e-05,1.133525493946434753e-05,1.179730907927490720e-05,1.155023174734929525e-05,1.144874188255547601e-05,1.196880425734372106e-05,1.191173376675225219e-05,1.159559883116865282e-05,1.216158123849145071e-05,1.226354293532964742e-05,1.202695976913222975e-05,1.258186361866210843e-05,1.155851215342631411e-05,1.259302930698338553e-05,1.227700322014802809e-05,1.242591729137239724e-05,1.235855344455999448e-05,1.278190135803474489e-05,1.253567738113017383e-05,1.278942598910597318e-05,1.248473888058150303e-05,1.216462453544284420e-05,1.203230580259884431e-05,1.208139955793006171e-05,1.203966995082151497e-05,1.290474347849701420e-05,1.265882023060301011e-05,1.316616525406360095e-05,1.233006958281208765e-05,1.247551842723910751e-05,1.245060591335005290e-05,1.246187154469942493e-05,1.221473437759780091e-05,1.190356441316565532e-05,1.238791511710468999e-05,1.255711381258214302e-05,1.282418865241473093e-05,1.232772456810790089e-05,1.230244417738345245e-05,1.141646979641304207e-05,1.181781705451433279e-05,1.206433947973377152e-05,1.237283538154812588e-05,1.199608724502783902e-05,1.209127867057059918e-05,1.244437206355085666e-05,1.261409074039456313e-05,1.237606677009921670e-05,1.173746270163959624e-05,1.144580786251337957e-05,1.225495480136526880e-05,1.230292489761858941e-05,1.153901809972434158e-05,1.195714758586814056e-05,1.114400159618401771e-05,1.177799895992153867e-05,1.121285922732539644e-05,1.197314040275916217e-05,1.177608504411534912e-05,1.158920729638284040e-05,1.164909923244072200e-05,1.201678999627867850e-05,1.161261409362622732e-05,1.176828610012362321e-05,1.094597338182642781e-05,1.162761467221214547e-05,1.112395738458599701e-05,1.082432399178057491e-05,1.017189770905250167e-05
7.790038465368380601e-06,7.740528011164654642e-06,7.256178689650513010e-06,6.963703142464208455e-06,7.169620949941763003e-06,7.566746983208848445e-06,7.688396478760721223e-06,7.755693022799208214e-06,7.509471330758479706e-06,6.696605974916832104e-06,7.029045899641480616e-06,7.374130220396171901e-06,7.691197468533362958e-06,7.156431040145602998e-06,7.315343160025400764e-06,8.228832515661048432e-06,6.895101033891585288e-06,8.027956886071594330e-06,7.944122240560408949e-06,8.072149666258251593e-06,8.407696332387241251e-06,8.181006713564418923e-06,8.193358490346192705e-06,7.621282524467812816e-06,8.233236334225690328e-06,8.421072250848475089e-06,8.397899289530650848e-06,8.574946153131170543e-06,7.951065862864699544e-06,8.729261335134265350e-06,8.390068311046822573e-06,7.924324652558872070e-06,8.694199505654262564e-06,8.185025850108344777e-06,8.658498146455667337e-06,8.565539864090496324e-06,9.158528708171386124e-06,9.015489357582402651e-06,8.859951175833854283e-06,8.651820738124437989e-06,9.306800311719853015e-06,9.278508092983195506e-06,9.033006803207475601e-06,9.358708293348593212e-06,9.423632786905300344e-06,9.201073713454660736e-06,9.932228056349421932e-06,9.331628057437347008e-06,9.870762141253287624e-06,9.313290105150070781e-06,9.988834003494381552e-06,9.496873806024257045e-06,1.026437844198288048e-05,9.719893128939030417e-06,9.911633246917834529e-06,1.058918504633316384e-05,1.037541810568978270e-05,1.020434692605702400e-05,1.048283315060842377e-05,1.048329041218507799e-05,1.040705352673788601e-05,1.030234826036654140e-05,1.090446790156007330e-05,1.104073736726578850e-05,1.096748329433482131e-05,1.096833222083795113e-05,1.102147233087137038e-05,1.131881276298768052e-05,1.151226610734912566e-05,1.177892198255438593e-05,1.148542332156274621e-05,1.070808690247603775e-05,1.139952496410256913e-05,1.219116710458208819e-05,1.157805737396138113e-05,1.161069759268439522e-05,1.195687425960092894e-05,1.226408681059114031e-05,1.177904027686949138e-05,1.226416723183889769e-05,1.258895932698039503e-05,1.222316842199496284e-05,1.322904317453565094e-05,1.192462349588874967e-05,1.269118777033507864e-05,1.260424360432564579e-05,1.276035068367220850e-05,1.270879968376436168e-05,1.310170347037230862e-05,1.283163167191047349e-05,1.248473888058150303e-05,1.349213997016991894e-05,1.249945441322902336e-05,1.233400970421276412e-05,1.227526572003831911e-05,1.230998719661062988e-05,1.356388737233786725e-05,1.314720851230601993e-05,1.379985815534672165e-05,1.287425066997566783e-05,1.308897697357363588e-05,1.301045689918590576e-05,1.292612525553478656e-05,1.272975958137219421e-05,1.230427717061734394e-05,1.269015155849794684e-05,1.332078530315826573e-05,1.316981834636716586e-05,1.285527308826018075e-05,1.270625221688164027e-05,1.191543943683948143e-05,1.231207449952606184e-05,1.239543193685450606e-05,1.266466032568914857e-05,1.268300669506451489e-05,1.242410368852957941e-05,1.340926905276395305e-05,1.347164879384585406e-05,1.311064297746210712e-05,1.236246203489005453e-05,1.204275029014537374e-05,1.275821035889020090e-05,1.263358390919421408e-05,1.176849935661710485e-05,1.187070988731168916e-05,1.142678900401139253e-05,1.196853707754568698e-05,1.132880648466721640e-05,1.210107652090415729e-05,1.178582295455580262e-05,1.170449203243345494e-05,1.182621462355206786e-05,1.209665151978443949e-05,1.151833985894179461e-05,1.158185411592947690e-05,1.084970041633155272e-05,1.165045657197411986e-05,1.102695769693576336e-05,1.078316474010210891e-05,1.027895529641038726e-05
8.681022065985810271e-06,8.583677015361722696e-06,7.926249798182496671e-06,7.806588758049404911e-06,7.872077661998621084e-06,8.499383867852738054e-06,8.255719357622255200e-06,8.573436975869406395e-06,8.149067860778629450e-06,7.217946555354307490e-06,7.562998121299034513e-06,8.189076217195604147e-06,8.581381286665363647e-06,7.974119797151521644e-06,8.111256231261835566e-06,8.907522491884137445e-06,7.527490906368280792e-06,8.560030672587939628e-06,8.770979708768779855e-06,8.728146699419933965e-06,9.034167974837593526e-06,8.867345831266701579e-06,8.803358400757778693e-06,8.369596976842707492e-06,8.826509737656010251e-06,9.059712632752717448e-06,8.904672554620835997e-06,9.193982677919777970e-06,8.744300964993796625e-06,9.133356842370047115e-06,8.856647004417908140e-06,8.578812030224760768e-06,9.441459220637849720e-06,8.905087388424030699e-06,9.211162857858550316e-06,9.106732713964238552e-06,9.724254611637072118e-06,9.751432723200108722e-06,9.569882662597242563e-06,9.104871058275066010e-06,9.778758717839657343e-06,9.821158424605221180e-06,9.426742799723157582e-06,9.816341955612225439e-06,1.004893972859769837e-05,9.945713187337676460e-06,1.010114498274346925e-05,9.838923683200510043e-06,1.043092580834371492e-05,9.785911071515543015e-06,1.020858270404298938e-05,9.830973828920302053e-06,1.078801074781957808e-05,1.028495102900529302e-05,1.036249970464879768e-05,1.082889264194855797e-05,1.065490391925874206e-05,1.065431700765310747e-05,1.058942261408348343e-05,1.067750243628336533e-05,1.072027630760129112e-05,1.053252114703570255e-05,1.121973519290737059e-05,1.119299303610028358e-05,1.124736705419396230e-05,1.107156169391032311e-05,1.127699969823789444e-05,1.165995524526048415e-05,1.149624705328471196e-05,1.187040631462335836e-05,1.172867418379549955e-05,1.108803847962913362e-05,1.159501377031048726e-05,1.178012533906521624e-05,1.195144820956619696e-05,1.168712653762619399e-05,1.226519280678753593e-05,1.209623020342392378e-05,1.173138824917950838e-05,1.230248542148448411e-05,1.258827436441161058e-05,1.221589728365065238e-05,1.268655390691647703e-05,1.189052321361174344e-05,1.273468535622397420e-05,1.249898264524305582e-05,1.281078359258618577e-05,1.279770014217023941e-05,1.307585585797769190e-05,1.294050077282710720e-05,1.216462453544284420e-05,1.249945441322902336e-05,1.359418822673043004e-05,1.231901108110476017e-05,1.246571647277860239e-05,1.231780650204726541e-05,1.301778224625372986e-05,1.260636018534695741e-05,1.328806178827128069e-05,1.275391422722262400e-05,1.293674805502525989e-05,1.258827435548674629e-05,1.295069643374146938e-05,1.256805800083214645e-05,1.221744793544648805e-05,1.250630970152132204e-05,1.295852339062605988e-05,1.316674978229350034e-05,1.259453102501528435e-05,1.251854288095201441e-05,1.189390708563193648e-05,1.219986344293789589e-05,1.242723500552917624e-05,1.247113479910552552e-05,1.218992217834250597e-05,1.236429603912381850e-05,1.247692017277740158e-05,1.248698437902135733e-05,1.262311261354124496e-05,1.207356504921743046e-05,1.206473305299314943e-05,1.266356177666798756e-05,1.298116506433369521e-05,1.196661230338418214e-05,1.225657452180708762e-05,1.167195555050126576e-05,1.257378706654026481e-05,1.186863250320208006e-05,1.213757307585500724e-05,1.225913313268211689e-05,1.199731542316761346e-05,1.237117154221057380e-05,1.292823962483019044e-05,1.240612468621931767e-05,1.220671848953363076e-05,1.098732352115806811e-05,1.219727572303357238e-05,1.145276166638018939e-05,1.152503953338131467e-05,1.083613430445134175e-05
8.191278151349228165e-06,8.158983159124171369e-06,7.574385714206036014e-06,7.446450104435228436e-06,7.314331629577594166e-06,7.848830067167719343e-06,7.964319520107641584e-06,8.191829760322458272e-06,7.853398695103745532e-06,6.708079356437849394e-06,7.259274254514169426e-06,7.745851668587714063e-06,8.030699012095950465e-06,7.700969607068946802e-06,7.670396163817772220e-06,8.612434173421761518e-06,7.262643308860787609e-06,8.330539441428441480e-06,8.468935793045869438e-06,8.365112264933793031e-06,8.619309746592503985e-06,8.407243595981992836e-06,8.505477535939902974e-06,8.118099501066959679e-06,8.428053776607756164e-06,8.913715911652453919e-06,8.571418228580656600e-06,8.883182953916430593e-06,8.276736409582778289e-06,8.838899469572424723e-06,8.636739525835441251e-06,8.214616873044544397e-06,9.068464837980197437e-06,8.425075996626263744e-06,8.822350453810620866e-06,8.688988985246907891e-06,9.295533285800154459e-06,9.349922666808781679e-06,9.163393536478231058e-06,8.829375354959826259e-06,9.437806160519193911e-06,9.425103523387596294e-06,9.133685272749077232e-06,9.448138509386372433e-06,9.524418462701251883e-06,9.367884270819809762e-06,9.931394589913027896e-06,9.579741930240743921e-06,9.996667848608867382e-06,9.349571604783552206e-06,1.001718485536698995e-05,9.415594078282902245e-06,1.031777768492053811e-05,9.893084239674917852e-06,1.010765526638361863e-05,1.045639315974797395e-05,1.032445637053271333e-05,1.032910723352817778e-05,1.041944248608824971e-05,1.038253026226788856e-05,1.038851629817271698e-05,1.026342608615678308e-05,1.079239798835955459e-05,1.084768805603392981e-05,1.080923751033460396e-05,1.079183988891130032e-05,1.095595705901755475e-05,1.116927024737816390e-05,1.126339177242292252e-05,1.146519470139556448e-05,1.134904870711499390e-05,1.067584886509385976e-05,1.126211715303439123e-05,1.166442310470995975e-05,1.149509634336512057e-05,1.134487541173020027e-05,1.181167426056938247e-05,1.187768006826929032e-05,1.148147199687912592e-05,1.223974057715765911e-05,1.235777128526968131e-05,1.195655239944426012e-05,1.257006185826070114e-05,1.165930245282839008e-05,1.258839077871304233e-05,1.240794842183217898e-05,1.260765490574556667e-05,1.249704885971757778e-05,1.281993384905461090e-05,1.272203198083663888e-05,1.203230580259884431e-05,1.233400970421276412e-05,1.231901108110476017e-05,1.282829831954499201e-05,1.213466832742801086e-05,1.203010950274798618e-05,1.302242309916568650e-05,1.276309354698492814e-05,1.325012458679623768e-05,1.248857738450397558e-05,1.257927064432522658e-05,1.255718272508012311e-05,1.284085664879110890e-05,1.250270326193954465e-05,1.204755085627448451e-05,1.252090270660281399e-05,1.281738922284437195e-05,1.307220435036634670e-05,1.242809455696806529e-05,1.247471373962621500e-05,1.177858868940352409e-05,1.198312649405456190e-05,1.236016353121429828e-05,1.250822497527092393e-05,1.220692074442834778e-05,1.230516243381285002e-05,1.269184340542195283e-05,1.279570329058947227e-05,1.265416343719680825e-05,1.210425613241252367e-05,1.191928341244326582e-05,1.249177486061829874e-05,1.259568185372386894e-05,1.187182849856803663e-05,1.203433312806140144e-05,1.171034939954338230e-05,1.228911619439593611e-05,1.168528515927534734e-05,1.211287802477399966e-05,1.210732076041467856e-05,1.189074997814290564e-05,1.229807280020971313e-05,1.250304164654490483e-05,1.186402356974819065e-05,1.206275766753719741e-05,1.093184015894908716e-05,1.199922961146180679e-05,1.140938777980623837e-05,1.145553553449334777e-05,1.085349072567749809e-05
8.618713300185847209e-06,8.575629264867354074e-06,7.915186154040175200e-06,7.807588676325564323e-06,7.746129532068353251e-06,8.211035761702935120e-06,8.219608796196052738e-06,8.512524302659887459e-06,8.007792256374319614e-06,6.845693888688443193e-06,7.556092430335789509e-06,8.070407774446911828e-06,8.294958526612749455e-06,7.793412491364158409e-06,8.021792840793399111e-06,8.933066156866396667e-06,7.932643731226137046e-06,8.521241647096272734e-06,8.659672635117537907e-06,8.433350423014736527e-06,8.844482427392417315e-06,8.640384904750704739e-06,8.590908884011017171e-06,8.194839134186891633e-06,8.638469040153792271e-06,8.950113769001065089e-06,8.791844425696659977e-06,8.997071111457370405e-06,8.344829364539185098e-06,9.002019702004023468e-06,8.776522141646804007e-06,8.471024478187123917e-06,9.027892154863103401e-06,8.723198322975445922e-06,8.933287291745068223e-06,8.935392621360172227e-06,9.408167549520800644e-06,9.375922759069190270e-06,9.247161964636816143e-06,9.041271408992721542e-06,9.526168014255369175e-06,9.481486149761739511e-06,9.293250060055179251e-06,9.618473146066749689e-06,9.698978666410738264e-06,9.687797940648491349e-06,9.908516548271914913e-06,9.568126393779628872e-06,1.023990387520083466e-05,9.533395569541993072e-06,1.005723118368704723e-05,9.635868262499517988e-06,1.038768034362355944e-05,9.952515546605264612e-06,1.006244373752549347e-05,1.044509966215746088e-05,1.038644733398716593e-05,1.049745762127096518e-05,1.041688196302689421e-05,1.043098373393431707e-05,1.053522893276267341e-05,1.018889970191232611e-05,1.095130559956130772e-05,1.096129234749879977e-05,1.098361660698881574e-05,1.096817608229304093e-05,1.105439670104817520e-05,1.134127334724014753e-05,1.117987766471573243e-05,1.161040329613039049e-05,1.147986614975869324e-05,1.078617692252599824e-05,1.147920205856268460e-05,1.164283767944183667e-05,1.160000868873366274e-05,1.156432261783754338e-05,1.194789464138221592e-05,1.179819224564536171e-05,1.155973505198555738e-05,1.239154286538823906e-05,1.253259417160893898e-05,1.205533673600671768e-05,1.259133428464350480e-05,1.167710491369273563e-05,1.251756144825057620e-05,1.242236387593581914e-05,1.262382900845534748e-05,1.256142474840093300e-05,1.297744689360710938e-05,1.276706888420656626e-05,1.208139955793006171e-05,1.227526572003831911e-05,1.246571647277860239e-05,1.213466832742801086e-05,1.307201385261194511e-05,1.214744270311582196e-05,1.291881143667360831e-05,1.261226465854002146e-05,1.300243786691421891e-05,1.247980472281587856e-05,1.260290670029833710e-05,1.246348063439085745e-05,1.289592400734634246e-05,1.230832989119425311e-05,1.206131437302158111e-05,1.245503597904277383e-05,1.271901190774586990e-05,1.286768063998380105e-05,1.233522382757066749e-05,1.228323077564866452e-05,1.170668347731124413e-05,1.202433596163936812e-05,1.217839835380376270e-05,1.233288208087974146e-05,1.201705152449017333e-05,1.216432666497330766e-05,1.232825065946745889e-05,1.236876867555089841e-05,1.239871368766852390e-05,1.184505542840156137e-05,1.169913067824442919e-05,1.214188731862465938e-05,1.256715449125355753e-05,1.196458164063346298e-05,1.179799111288835492e-05,1.137084655836737360e-05,1.219202479328486475e-05,1.162885130468555302e-05,1.211478056156892718e-05,1.195592501308749274e-05,1.142218181860044005e-05,1.213888585045991101e-05,1.259611740138639557e-05,1.191009380688846671e-05,1.176831536781441286e-05,1.077931914954142957e-05,1.199314984198866052e-05,1.107738095038421134e-05,1.125377351367027294e-05,1.043991121259096324e-05
8.109051881045974662e-06,7.888093827293112860e-06,7.366703084539239689e-06,7.013978946077876804e-06,7.137625425817078763e-06,7.516193088529455359e-06,7.638344480918747611e-06,7.764125039904549666e-06,7.348119056599557542e-06,6.844970615445931006e-06,7.175623318346465751e-06,7.517103893348250852e-06,7.755409978193981437e-06,7.147711831922231278e-06,7.422694508610267840e-06,8.240351465714487042e-06,7.094445145660741570e-06,7.828594730843147650e-06,7.939793408171096846e-06,8.013357149187288830e-06,8.362699891001124141e-06,8.124663514960923200e-06,8.084645712857697382e-06,7.581272308253231165e-06,7.990915262416068196e-06,8.369314747236351719e-06,8.139574880349293836e-06,8.467012415512161256e-06,7.869567645054911722e-06,8.496152677383976378e-06,8.299386528470937557e-06,7.831047938571376350e-06,8.553303160811307157e-06,8.192342597504382438e-06,8.435514045593854777e-06,8.415394884756458450e-06,8.926647886484914999e-06,8.880353309108037001e-06,8.731978486684672497e-06,8.547120871314281288e-06,9.117785923941524603e-06,9.170168037736813510e-06,8.746035272152813888e-06,9.070914606903885468e-06,9.226098944834524855e-06,9.197044891780034858e-06,9.617332246428636464e-06,9.243757485436562640e-06,9.735126816638517205e-06,9.193999127527592566e-06,9.698283444954032312e-06,9.120810362439792305e-06,9.940835713325254751e-06,9.508342959007035205e-06,9.635197583272490400e-06,1.019653784722863821e-05,1.013141838477189761e-05,1.000649989778327062e-05,1.004338402551745944e-05,1.011982673129193812e-05,1.027857486279295817e-05,9.992154783305291641e-06,1.051746609443609208e-05,1.059441123887444468e-05,1.057332237305620297e-05,1.056795240289281699e-05,1.063472314240480329e-05,1.096431271382419615e-05,1.109811046856225195e-05,1.128088026856457357e-05,1.112816242130761227e-05,1.038929424749799840e-05,1.110180262975352926e-05,1.149716033905125569e-05,1.124978356397095730e-05,1.127256769933889291e-05,1.167800283390620439e-05,1.172768525433659781e-05,1.141884048184884183e-05,1.196611411529556721e-05,1.215681118260986830e-05,1.182626169862983119e-05,1.246572598395905036e-05,1.135557981319178658e-05,1.220845587533910986e-05,1.217560044101290556e-05,1.243178559575313646e-05,1.234463642622725570e-05,1.266117472704651600e-05,1.249472995188517897e-05,1.203966995082151497e-05,1.230998719661062988e-05,1.231780650204726541e-05,1.203010950274798618e-05,1.214744270311582196e-05,1.267885661976127947e-05,1.290807943955416853e-05,1.248979077202835890e-05,1.307487477595631675e-05,1.253671649331260362e-05,1.256336306379284255e-05,1.253188955830679941e-05,1.285926972538242356e-05,1.243280881132609634e-05,1.199556436860323007e-05,1.246567361341995706e-05,1.275421679045961948e-05,1.289976025982349949e-05,1.238920582861352319e-05,1.234285780703209658e-05,1.187866623336289358e-05,1.198102834589787012e-05,1.219430918184415942e-05,1.242472845213921082e-05,1.213418679802099327e-05,1.233578297820106825e-05,1.267129435092360236e-05,1.264813246949019069e-05,1.261526294567314459e-05,1.185088969431151966e-05,1.181184573934728450e-05,1.243979162595771506e-05,1.239109934501616170e-05,1.183570906006193449e-05,1.196580187368248851e-05,1.139145273916684166e-05,1.206031981413981597e-05,1.147768335917928015e-05,1.191115705730805991e-05,1.166028321055657927e-05,1.162050186832255900e-05,1.180452221996864447e-05,1.213676456079561527e-05,1.173931402000972650e-05,1.156578956302946131e-05,1.067187046625524709e-05,1.168247956181649257e-05,1.086014746230969643e-05,1.102972841383273427e-05,1.034102946898171323e-05
8.165265875520595314e-06,8.183920588836275886e-06,7.508227227739739435e-06,7.223991542629772191e-06,7.249743726573302209e-06,7.663377336900282653e-06,7.849998771399998714e-06,8.192273793164058017e-06,7.763819352757238984e-06,6.950823015076878151e-06,7.436104269265997961e-06,7.685352414396901536e-06,7.921814721426552710e-06,7.475010392745174704e-06,7.597574397100378579e-06,8.432250475803175865e-06,7.377301922699491304e-06,8.252236626125011938e-06,8.239115620459216307e-06,8.286376863012234132e-06,8.550140626629476219e-06,8.291792715598953837e-06,8.376898435441420781e-06,8.005686058599067754e-06,8.441498233194013142e-06,8.811081746046142831e-06,8.637797661060203291e-06,8.699501830294520516e-06,8.087089457491425029e-06,8.843918597744314695e-06,8.665834088543444575e-06,8.257865124078273754e-06,8.954353268604566031e-06,8.562170500891092299e-06,8.763510640623022895e-06,8.742403782457285871e-06,9.343177355760100140e-06,9.306760683393568970e-06,9.221292425800493639e-06,8.718705513048153022e-06,9.542411131907031825e-06,9.605917922882140992e-06,9.222182543339694382e-06,9.629860488007808522e-06,9.771177751045770284e-06,9.521302408366810218e-06,1.017594164045963705e-05,9.565616276118423371e-06,1.027441502009575549e-05,9.542652198015320021e-06,1.031841300794536884e-05,9.689173604088979842e-06,1.057680506322272599e-05,1.004689912462230505e-05,1.025149613078237401e-05,1.081648086311116825e-05,1.068347805957392962e-05,1.044744874472649414e-05,1.070477414134700027e-05,1.086718714159684371e-05,1.063477389386466338e-05,1.063836277993139769e-05,1.126521781623949982e-05,1.146778891542682524e-05,1.140558474739288136e-05,1.126262566501846679e-05,1.134417627823847649e-05,1.184608140367947665e-05,1.199067669886838346e-05,1.217716266678894592e-05,1.164629103698167463e-05,1.095871609696915281e-05,1.181227253158878611e-05,1.279295340081306407e-05,1.209218903930935652e-05,1.204229714806509969e-05,1.242087976992201796e-05,1.274133240544480581e-05,1.203874937744330687e-05,1.281532468742933921e-05,1.304919991007470516e-05,1.287186834384091948e-05,1.379783979045298811e-05,1.231761752107474891e-05,1.319121677011467351e-05,1.302635627850260767e-05,1.339914944731987063e-05,1.336850491739596073e-05,1.372636284092998910e-05,1.330376577103539330e-05,1.290474347849701420e-05,1.356388737233786725e-05,1.301778224625372986e-05,1.302242309916568650e-05,1.291881143667360831e-05,1.290807943955416853e-05,1.525948316029288290e-05,1.418498116000499324e-05,1.460332360315025155e-05,1.386476130263024357e-05,1.388673280423163170e-05,1.376878554596712758e-05,1.367426472383092802e-05,1.367686109424533037e-05,1.306192985496766602e-05,1.384748963203286706e-05,1.423058219827092918e-05,1.402587552684933538e-05,1.365595973131878755e-05,1.358452357076273270e-05,1.277449952623863927e-05,1.322702936271582347e-05,1.317610962034097110e-05,1.356103484933472958e-05,1.359058011961949569e-05,1.351762875957687412e-05,1.458776325415654208e-05,1.447134126404432229e-05,1.424810361375032580e-05,1.324121925471884650e-05,1.325538852465437832e-05,1.375545081774335320e-05,1.377391023028916223e-05,1.284524218483090712e-05,1.281027825043910068e-05,1.230717144586070507e-05,1.302104491904628562e-05,1.247575862065161851e-05,1.281989751227242881e-05,1.291944234694194596e-05,1.264051483723548180e-05,1.286455236879533900e-05,1.313484020131187546e-05,1.250355359922278570e-05,1.263860745499402592e-05,1.149644403407827094e-05,1.280782447505912497e-05,1.198386645668582735e-05,1.176504306035382084e-05,1.101241756161172579e-05
7.552419011907761324e-06,7.451243544371543698e-06,6.880890402956795888e-06,6.874375776957031182e-06,6.967135885521570925e-06,7.279915560855162845e-06,7.464289230314986087e-06,7.696285858155501333e-06,7.343129768204261607e-06,6.421235690959427557e-06,7.055760324473368521e-06,7.305580226845005191e-06,7.352426942698392018e-06,7.078036631422887378e-06,7.162001962682315869e-06,8.190148577078855459e-06,7.046470413127084941e-06,7.778685684892304219e-06,7.927868333234098041e-06,7.882953026232187210e-06,8.055917069017288159e-06,7.838726125069160895e-06,7.904531357452650609e-06,7.485827752212507281e-06,8.100777612887144307e-06,8.534564234496947512e-06,8.336734633225321674e-06,8.242490531062324604e-06,7.789248179260326540e-06,8.444129865028287925e-06,8.260437368248764006e-06,7.870827908107459793e-06,8.587542943275849801e-06,8.106678279080855554e-06,8.504702707355405543e-06,8.437363872751227716e-06,9.000076561154809267e-06,8.933200246966825978e-06,8.835498024971142727e-06,8.439201853218245949e-06,9.152063679279751339e-06,9.299930884704501343e-06,8.945751549997916062e-06,9.352561865733314625e-06,9.380972685486673333e-06,8.987435641682874288e-06,9.658583899455282205e-06,9.204841710137414418e-06,9.917175507325566306e-06,9.140999250293905875e-06,1.005556047212870718e-05,9.405044833682746729e-06,1.019927150147191570e-05,9.702384079612323515e-06,9.797381538132733604e-06,1.048330399743177511e-05,1.030410092136564846e-05,1.018059073470157202e-05,1.051677356908666332e-05,1.043824782031599464e-05,1.035591250129843147e-05,1.037601593480764067e-05,1.107434827240833487e-05,1.100146132958983165e-05,1.104384367243739517e-05,1.101868087768908930e-05,1.120884193672855826e-05,1.137906948695538168e-05,1.157604994257605938e-05,1.183314628318929885e-05,1.131533759738937577e-05,1.080760202663337907e-05,1.151370631975468447e-05,1.229500278089394030e-05,1.185565364921312254e-05,1.174632438709316276e-05,1.216156970406086266e-05,1.259273888285220319e-05,1.177797913508986845e-05,1.256123734210007381e-05,1.276012130718319917e-05,1.233741570055860342e-05,1.355973459820740649e-05,1.209087310584411819e-05,1.291704688593887237e-05,1.288448822076640736e-05,1.318036027159183339e-05,1.288988793275630967e-05,1.346321428674191664e-05,1.312170286072497622e-05,1.265882023060301011e-05,1.314720851230601993e-05,1.260636018534695741e-05,1.276309354698492814e-05,1.261226465854002146e-05,1.248979077202835890e-05,1.418498116000499324e-05,1.468797533954201578e-05,1.434386727430103009e-05,1.333336476433043748e-05,1.344484333738448814e-05,1.339092144386337724e-05,1.312034270260282200e-05,1.331538552870904328e-05,1.279340779328984958e-05,1.343680890901176599e-05,1.387110180931934175e-05,1.382122005551613225e-05,1.336393177282409330e-05,1.328108849219693173e-05,1.230160876877678229e-05,1.282666791289760760e-05,1.275642742763100146e-05,1.304976036922675803e-05,1.329353841010889039e-05,1.303172794003793375e-05,1.419756819759032348e-05,1.424796463884542152e-05,1.396276737482534465e-05,1.302240820136096439e-05,1.261848299358268498e-05,1.338331399338008791e-05,1.342276610751497785e-05,1.232204563933330746e-05,1.236412463835936869e-05,1.178222783148096085e-05,1.236370964594860410e-05,1.186649883287665688e-05,1.252653921022111709e-05,1.214875736863909990e-05,1.200752430344864581e-05,1.241318922031608165e-05,1.235477167831305219e-05,1.191277822527248351e-05,1.202554012093623330e-05,1.146720201839169895e-05,1.232984598098376230e-05,1.163065967510330904e-05,1.149608300233956269e-05,1.041135991914677042e-05
7.983741433550586825e-06,7.993154971233827895e-06,7.552067355265850960e-06,7.129093907911612525e-06,7.314648370283509702e-06,7.708540683240978604e-06,7.798517688256243307e-06,7.920830407706418188e-06,7.728003071684694190e-06,7.523821519467569486e-06,7.479189678204906100e-06,7.679792871003075379e-06,7.904398996195115135e-06,7.550878256898613754e-06,7.446268822638858455e-06,8.750958680593481874e-06,7.166594669198856398e-06,8.166187058930156643e-06,8.376751340504610648e-06,8.442397366287589523e-06,8.760873800517826908e-06,8.415564789644036856e-06,8.515376238277734712e-06,8.052669882045518504e-06,8.496030515435459108e-06,8.889236907983621774e-06,8.659534010913293132e-06,8.867980884012532865e-06,8.273095729669859599e-06,8.947660975921684822e-06,8.672795002446818006e-06,8.241721534914636961e-06,9.039349413287599446e-06,8.517270729220154641e-06,9.051767775115536973e-06,8.956597614050800760e-06,9.541882927754028384e-06,9.420037223155321751e-06,9.291727596516759617e-06,8.963606931956531309e-06,9.658438172728362481e-06,9.816029945264474402e-06,9.381875367537235750e-06,9.757416653622737895e-06,9.851084309936711871e-06,9.613561915356385484e-06,1.042643004346767025e-05,9.773164408219864701e-06,1.039597300883672836e-05,9.825733467556733755e-06,1.054431005243356783e-05,9.850822334367091907e-06,1.085346375497588609e-05,1.021181265067329393e-05,1.047888953440824881e-05,1.117706997527884508e-05,1.093342868182538063e-05,1.064915082008895576e-05,1.102598782661613141e-05,1.111540121293133482e-05,1.098286006288786977e-05,1.092247032387580248e-05,1.146709755166360286e-05,1.144399070852113766e-05,1.160603207182923033e-05,1.151654823576991519e-05,1.153374519764074628e-05,1.191507136735587800e-05,1.222196887014005349e-05,1.240532010466904308e-05,1.205060924234052476e-05,1.125937586951969427e-05,1.201004014619316495e-05,1.284336398396161367e-05,1.233838709842783538e-05,1.223824991489902764e-05,1.257191606366509980e-05,1.306842910786399046e-05,1.240236363718421967e-05,1.295187436518648924e-05,1.318329050572425237e-05,1.298578954261601636e-05,1.406015293264890137e-05,1.260511561073144800e-05,1.338945991288359654e-05,1.332179118101815124e-05,1.375021793424507979e-05,1.355308303495738097e-05,1.391657603936827456e-05,1.362844111055741891e-05,1.316616525406360095e-05,1.379985815534672165e-05,1.328806178827128069e-05,1.325012458679623768e-05,1.300243786691421891e-05,1.307487477595631675e-05,1.460332360315025155e-05,1.434386727430103009e-05,1.549521426503665860e-05,1.388407696519375451e-05,1.410538995207450804e-05,1.408091863781081879e-05,1.392466793449273664e-05,1.381012303779938708e-05,1.330984779590508422e-05,1.382903601827933968e-05,1.443230498765097559e-05,1.442967405271043236e-05,1.384153575904916366e-05,1.393907500181081078e-05,1.280523330764052593e-05,1.315905915170649460e-05,1.340742058003412808e-05,1.380305620810529339e-05,1.356454812717475654e-05,1.361027587337479851e-05,1.472829064460996243e-05,1.468196181102500511e-05,1.429434256616294385e-05,1.350373975656697484e-05,1.315563730591650404e-05,1.392641288571185011e-05,1.392650270010819791e-05,1.294195709157201513e-05,1.311589025999004641e-05,1.250761184400249418e-05,1.300958668743125371e-05,1.232963326839500498e-05,1.279740105512399946e-05,1.282331768777932961e-05,1.266863701868145786e-05,1.296838683001963431e-05,1.304026679916473844e-05,1.247998311073908440e-05,1.268687962340768873e-05,1.168909212751173956e-05,1.275576789943543892e-05,1.187540853651341154e-05,1.176816494915713822e-05,1.106591228624759292e-05
8.171794903256514702e-06,8.063483056276172882e-06,7.486568866850989397e-06,7.134711749004407760e-06,7.546640657986231250e-06,7.946153424982821506e-06,7.797662192126219736e-06,8.215350602242855676e-06,7.691006160980042570e-06,7.544079653685399683e-06,7.190009782848599849e-06,7.654070472248481084e-06,7.918651921319349703e-06,7.599653384449325297e-06,7.647562979738297545e-06,8.646489295829025827e-06,6.548350308726133826e-06,8.089535970897993885e-06,8.254094797386604432e-06,8.263024979668704136e-06,8.702880555750144251e-06,8.348423787064963590e-06,8.451642103831682646e-06,8.013571062897987992e-06,8.288040009077205219e-06,8.693404283254500402e-06,8.501795536308819287e-06,8.850564181555228399e-06,8.272715422524776557e-06,8.716326140030739082e-06,8.514880132247585110e-06,8.041004514117984736e-06,8.829240584007195481e-06,8.598508967129626479e-06,8.710812600309253913e-06,8.729481342558087454e-06,9.268902291591772205e-06,9.301966252556227924e-06,9.000271641809594913e-06,8.460488361020372157e-06,9.344826024180954445e-06,9.483657366798764002e-06,9.142052124688219004e-06,9.361382964276565038e-06,9.679977980047061811e-06,9.290997204160608548e-06,9.913263453730051671e-06,9.518882975693113727e-06,1.009915271025687586e-05,9.459913853817214857e-06,1.011314012532655192e-05,9.427654378500277839e-06,1.040209634258769218e-05,9.906434784415469347e-06,1.011131634558660967e-05,1.062294599696799852e-05,1.052953593784043622e-05,1.018213475283153495e-05,1.046385455016786793e-05,1.060061556679061009e-05,1.053867079709606142e-05,1.029323643043814070e-05,1.096470926546521449e-05,1.090018136811518337e-05,1.106657219639845319e-05,1.076169976960971902e-05,1.098715514541474613e-05,1.145817645825132546e-05,1.154706866164782740e-05,1.169591005511835661e-05,1.147575183153260390e-05,1.068621381544503883e-05,1.153324698113278853e-05,1.217024532148992930e-05,1.166380467227157236e-05,1.141911985365956464e-05,1.193720695535919592e-05,1.235653658166351120e-05,1.166006918716992974e-05,1.213648765459532956e-05,1.257428139786078813e-05,1.241754396119221954e-05,1.325272572537455311e-05,1.180481405610177799e-05,1.286771147498238581e-05,1.270263703199441023e-05,1.304362168614869074e-05,1.271676580972476364e-05,1.328832941977905812e-05,1.299475765903997351e-05,1.233006958281208765e-05,1.287425066997566783e-05,1.275391422722262400e-05,1.248857738450397558e-05,1.247980472281587856e-05,1.253671649331260362e-05,1.386476130263024357e-05,1.333336476433043748e-05,1.388407696519375451e-05,1.415341967676164662e-05,1.344430272661149268e-05,1.313726923390616863e-05,1.344968582329679874e-05,1.283365669668902412e-05,1.269810281424531838e-05,1.321011210728145119e-05,1.364500666006732962e-05,1.343840803503768575e-05,1.320557283276056693e-05,1.301273080280534079e-05,1.245170354083661303e-05,1.268109442806723930e-05,1.265189917976619089e-05,1.303540136796769379e-05,1.279176959640238163e-05,1.299202913652026045e-05,1.384436914598140641e-05,1.382969421790696519e-05,1.356824378808677343e-05,1.282049604331919383e-05,1.267876515316546510e-05,1.336649259564003777e-05,1.341076570880924861e-05,1.251882602461574029e-05,1.262322721328316401e-05,1.194194648942400642e-05,1.274477950887705193e-05,1.217702570695669017e-05,1.242222048403940103e-05,1.271438008827738249e-05,1.234474119879556923e-05,1.268643193759250326e-05,1.279801007315780787e-05,1.245626538831793708e-05,1.219100246034795591e-05,1.140565905073581945e-05,1.259015753235146348e-05,1.188628333901938418e-05,1.170560070909536842e-05,1.103607173554002814e-05
8.363017400287400639e-06,8.157833661725677775e-06,7.683412280735813779e-06,7.461464637253598267e-06,7.673005597458702149e-06,7.951597380983017784e-06,8.133642283269350233e-06,8.313926888930691270e-06,8.103427565514223681e-06,7.236395200905254000e-06,7.516211547044989085e-06,7.963671568775090916e-06,8.311933396903853195e-06,7.742476558555580634e-06,7.813833343032753050e-06,8.963549919316513503e-06,7.263148025523756054e-06,8.589355163604481215e-06,8.554084369570372846e-06,8.498098730822368460e-06,8.917756320128019217e-06,8.624253365692877908e-06,8.592055802420833758e-06,8.300296920108486936e-06,8.618779289739805468e-06,8.950822897029476186e-06,8.792276948587835254e-06,9.062738425490344420e-06,8.440199905080179364e-06,9.021349798156879754e-06,8.848943542864408845e-06,8.385338454707465575e-06,9.125990005921513838e-06,8.630860478202827778e-06,9.064710734708506619e-06,8.961153545953068136e-06,9.415885902347681429e-06,9.470333874208323985e-06,9.168865477787586080e-06,8.872110621709179636e-06,9.573516151210323939e-06,9.708594056724233637e-06,9.409978858260851286e-06,9.695256684871265870e-06,9.615393475164170684e-06,9.567032386976291451e-06,1.008225662873615953e-05,9.681139472093456934e-06,1.024136237911510406e-05,9.636116212131620338e-06,1.027378118270860270e-05,9.763111040610362610e-06,1.051485660494459635e-05,1.006898674793979911e-05,1.028112770805430990e-05,1.093606394762739220e-05,1.066900215413585881e-05,1.024015632978091959e-05,1.066162129362241820e-05,1.074390584851999754e-05,1.076127991470988262e-05,1.052179616409089411e-05,1.107361756654414978e-05,1.115488085441230761e-05,1.116395452550083053e-05,1.111614666035401025e-05,1.108006310378513739e-05,1.160730876645534507e-05,1.173245575732290699e-05,1.182184042649295787e-05,1.164318124336557307e-05,1.095840419250646973e-05,1.160070991205177416e-05,1.237891833017385306e-05,1.185716501925763440e-05,1.174437387991211002e-05,1.199070546073906603e-05,1.249129468409739517e-05,1.176140495959869268e-05,1.232239024567089164e-05,1.274538462184411152e-05,1.231640991617911900e-05,1.335179373893000719e-05,1.207202925409741749e-05,1.284754703511359714e-05,1.274424858059436337e-05,1.304984661442145467e-05,1.297904502177524892e-05,1.331511917326322628e-05,1.296360256387608188e-05,1.247551842723910751e-05,1.308897697357363588e-05,1.293674805502525989e-05,1.257927064432522658e-05,1.260290670029833710e-05,1.256336306379284255e-05,1.388673280423163170e-05,1.344484333738448814e-05,1.410538995207450804e-05,1.344430272661149268e-05,1.435471775284057939e-05,1.339505062355705631e-05,1.343190041991998115e-05,1.308135763707367681e-05,1.278834665884026481e-05,1.333493359957810467e-05,1.385358850961846994e-05,1.376093058248415896e-05,1.343318990722978511e-05,1.336783812820455207e-05,1.262998504805265513e-05,1.264033743243940783e-05,1.287286677904829433e-05,1.327887291320135787e-05,1.328808464911496820e-05,1.306667046607544691e-05,1.423853743115756344e-05,1.421514385787167210e-05,1.372265011867079125e-05,1.326896706757761591e-05,1.286863357249686290e-05,1.350644203289782102e-05,1.356244117075738976e-05,1.271238918445356431e-05,1.272280201414948551e-05,1.220726317401912222e-05,1.292782094529468465e-05,1.214572267416669556e-05,1.274114084229176008e-05,1.267371093380519211e-05,1.254791210504476901e-05,1.281814183282102761e-05,1.304189650028940069e-05,1.239266699674155795e-05,1.268519438324153289e-05,1.173288194269611864e-05,1.274142656304124754e-05,1.195190128719817859e-05,1.186447533596132868e-05,1.120921049813945629e-05
7.931777775241083761e-06,7.835729000214314112e-06,7.346877050695316945e-06,7.067822873377624839e-06,7.197740069331101059e-06,7.400835935288769579e-06,7.615874804937321450e-06,7.738580135193425427e-06,7.545058001440245785e-06,7.266742639799908703e-06,7.225894448600683482e-06,7.640023411888363942e-06,7.809421621889005662e-06,7.381814322632315453e-06,7.484287378114212463e-06,8.723882743923738769e-06,7.096704967022062752e-06,8.152942112691788522e-06,8.181576757046425888e-06,8.118530437515680907e-06,8.606348245622845000e-06,8.174679931146416417e-06,8.430212885145861010e-06,7.813043952184444571e-06,8.258623046928066858e-06,8.564731762199715278e-06,8.402226894238018945e-06,8.644248545298004389e-06,7.991909945536543338e-06,8.681534463190481604e-06,8.546601786838842099e-06,8.061196586940783511e-06,8.827830956172020167e-06,8.198071357736770096e-06,8.697411246744083158e-06,8.603890148523405540e-06,9.066950086657570482e-06,9.018802409217393232e-06,8.868895844335100288e-06,8.597927748152391127e-06,9.290973493109246867e-06,9.323860328823158349e-06,9.004855260336443054e-06,9.359121963224030096e-06,9.347970091290011522e-06,9.284361905543186749e-06,9.908376612143203778e-06,9.388622430009723553e-06,9.939667564490703514e-06,9.343559754371909414e-06,1.018237137165246665e-05,9.432329302795107372e-06,1.021389515399028681e-05,9.805566177964863064e-06,1.005407183777963054e-05,1.058794695680619618e-05,1.039495417732888395e-05,1.008167466695029280e-05,1.039033186706089314e-05,1.047043700648845376e-05,1.056126626172207982e-05,1.042049998977255956e-05,1.081891254929619596e-05,1.089817669567210620e-05,1.104111206011968254e-05,1.096117882317252465e-05,1.094945736601650918e-05,1.135154137301398930e-05,1.144731146646948871e-05,1.172652775431430425e-05,1.151478477772950247e-05,1.064374206797673791e-05,1.137794172848743073e-05,1.220091543131287799e-05,1.176341452686394424e-05,1.164250441741954236e-05,1.186381887586013209e-05,1.234489600455800124e-05,1.162650363129115966e-05,1.227042767983237632e-05,1.260397316478290536e-05,1.216862156580196236e-05,1.314104032898771476e-05,1.187227676483922735e-05,1.261926958104140648e-05,1.267940867403247441e-05,1.285351868425861976e-05,1.288934306265422381e-05,1.323229054729630318e-05,1.281033910115918994e-05,1.245060591335005290e-05,1.301045689918590576e-05,1.258827435548674629e-05,1.255718272508012311e-05,1.246348063439085745e-05,1.253188955830679941e-05,1.376878554596712758e-05,1.339092144386337724e-05,1.408091863781081879e-05,1.313726923390616863e-05,1.339505062355705631e-05,1.415394827382568709e-05,1.337384127103632423e-05,1.313382029778145542e-05,1.252346770821503096e-05,1.331582312931821757e-05,1.367259182283442608e-05,1.370922693992890415e-05,1.319906327674963067e-05,1.322806497679165693e-05,1.252630666626085996e-05,1.274349223362185192e-05,1.290393592564925754e-05,1.309268556537268271e-05,1.293369850202016384e-05,1.322914822061672057e-05,1.415175197979759264e-05,1.426856083248529680e-05,1.366368192314792489e-05,1.310771433272209367e-05,1.274224044996123272e-05,1.342136264861385576e-05,1.350102681805668818e-05,1.267061166737639724e-05,1.281484196046484349e-05,1.217154183737640820e-05,1.272306687956377838e-05,1.210271466182338962e-05,1.271625239201221570e-05,1.251736215854454811e-05,1.243791304303965210e-05,1.264137982334767650e-05,1.283000758814876692e-05,1.231769596694064259e-05,1.256545729572585896e-05,1.170198791371357150e-05,1.238719594747036372e-05,1.165633261612019000e-05,1.146574771005349927e-05,1.110388257833267284e-05
8.638243588156108044e-06,8.525140548914971806e-06,7.916730543584840982e-06,7.578940387681219098e-06,7.893441999249826529e-06,8.192946741972926590e-06,8.179250022413035238e-06,8.540338397668034183e-06,7.969345748563871120e-06,7.997167572435902593e-06,7.664328034326813564e-06,8.021991359548627596e-06,8.287468910368886175e-06,7.838919215074263147e-06,7.934853605091013887e-06,8.762714746169761388e-06,7.320146760135317555e-06,8.446270442078657235e-06,8.538036178900685689e-06,8.570216602026265219e-06,9.011778909183388873e-06,8.600235809151050571e-06,8.646570606947019081e-06,8.299501107429905434e-06,8.482265630485228040e-06,9.032649117113836047e-06,8.815732214045524109e-06,9.075889460566369523e-06,8.452699939319368978e-06,8.998563614575580969e-06,8.785474404341461746e-06,8.409491630402570237e-06,9.046468846076880500e-06,8.892701332605245450e-06,8.918662819782510807e-06,8.923961095816290343e-06,9.454184985380071414e-06,9.461380643476190844e-06,9.215182044033973609e-06,8.816512484215881769e-06,9.568540365647261654e-06,9.678594427393259793e-06,9.247655994980349817e-06,9.561147747934062527e-06,9.723216515329008151e-06,9.659012475504382515e-06,1.013109006281778578e-05,9.778809032717259052e-06,1.028194875676207302e-05,9.692688833676089849e-06,1.024469870002397387e-05,9.613966364760730607e-06,1.063496381116506549e-05,9.969178823290424869e-06,1.025637300524544472e-05,1.068493642291188704e-05,1.063683081481848172e-05,1.049593107201479747e-05,1.045611147261430624e-05,1.082176001822455511e-05,1.063356095855481269e-05,1.034771339235441757e-05,1.104176797679699170e-05,1.111200335887618208e-05,1.111518553636346009e-05,1.102139301332717750e-05,1.103786102442466747e-05,1.155055177250690768e-05,1.151758495533657808e-05,1.194817272362012686e-05,1.181018834432035642e-05,1.083035155631329602e-05,1.168371519606555962e-05,1.214974423765642530e-05,1.189076006888961851e-05,1.178756873681545101e-05,1.219212667109336293e-05,1.226035930675939039e-05,1.194203986345627425e-05,1.262637751054946168e-05,1.283516306640821060e-05,1.257752533604911676e-05,1.319136054887474539e-05,1.200002731773282853e-05,1.289796943599418310e-05,1.294771140075679979e-05,1.327458126094963587e-05,1.316204682156334367e-05,1.340897415734124589e-05,1.326104997807283847e-05,1.246187154469942493e-05,1.292612525553478656e-05,1.295069643374146938e-05,1.284085664879110890e-05,1.289592400734634246e-05,1.285926972538242356e-05,1.367426472383092802e-05,1.312034270260282200e-05,1.392466793449273664e-05,1.344968582329679874e-05,1.343190041991998115e-05,1.337384127103632423e-05,1.460719425583206471e-05,1.327772651488867159e-05,1.298736268281685009e-05,1.333991363075811192e-05,1.372828336642433760e-05,1.392968865703369121e-05,1.324492939795569948e-05,1.322324974448270196e-05,1.281974370784397992e-05,1.303875015859727621e-05,1.327456083719944243e-05,1.332676817092770985e-05,1.287817840648999460e-05,1.337521844223989249e-05,1.367808994164850134e-05,1.368225429285449114e-05,1.358128013355724659e-05,1.300530753085479073e-05,1.303431128713775704e-05,1.357019188354375999e-05,1.375233070556658915e-05,1.305245331798506452e-05,1.313599733495113834e-05,1.254165063399891664e-05,1.331069979246234148e-05,1.272883267722960422e-05,1.305419248040759323e-05,1.317379558990525287e-05,1.261758888116767855e-05,1.338111096184248855e-05,1.373613156211354605e-05,1.314757154656177515e-05,1.285457206640579128e-05,1.171474400709725539e-05,1.324017330650551798e-05,1.228860201599838394e-05,1.237490737087891372e-05,1.151922067567229461e-05
7.994689599287028070e-06,7.920380387293219634e-06,7.244221714637054139e-06,6.956382309562401180e-06,6.967930252928542789e-06,7.319081792785122421e-06,7.554485768054633929e-06,7.873365663139882763e-06,7.357961341652416069e-06,6.953508514727701009e-06,6.956087073649185741e-06,7.415565853281450732e-06,7.622738567958436964e-06,7.154032644094622759e-06,7.156924599645326463e-06,8.616025458637021280e-06,7.404235384907290670e-06,7.874489302596457838e-06,7.962673839589262697e-06,8.054966967115236384e-06,8.286444346278084848e-06,7.787123630138836227e-06,7.815180077459936124e-06,7.642622202748195387e-06,7.915023846837949286e-06,8.412091546023552530e-06,8.192377419675814603e-06,8.168079686583659899e-06,7.866681193842299161e-06,8.322010471357787226e-06,8.067530284265230159e-06,7.902152329586637755e-06,8.624722341400748468e-06,8.062836849084540941e-06,8.284223112264648041e-06,8.330235592683946736e-06,8.843676016975230488e-06,8.768552092411875339e-06,8.744784027988441162e-06,8.411073867044780933e-06,9.058807620402095534e-06,9.130805035489458462e-06,8.610799626132866348e-06,9.101348190662589941e-06,9.204018121378070906e-06,9.000974237624440651e-06,9.575449888096612116e-06,9.189165093417382628e-06,9.778010881951749300e-06,9.008600395611951106e-06,9.659894762030537120e-06,9.184926445821712631e-06,1.011796561978686847e-05,9.377564162483529632e-06,9.684391454896113953e-06,1.013467309470056629e-05,1.025210721516293365e-05,1.000474732797223411e-05,9.982639546898291173e-06,1.025826936732428577e-05,1.015782413284187308e-05,1.008910548585289948e-05,1.072775329634679477e-05,1.079311897137217055e-05,1.078653240322902489e-05,1.078507106274363705e-05,1.076470087720989237e-05,1.097925578258776206e-05,1.120227492806584833e-05,1.148565790561857553e-05,1.101492510712661184e-05,1.055429648588281221e-05,1.120818016460364072e-05,1.201426474243051519e-05,1.147558674238101771e-05,1.150773967645754379e-05,1.176066871047653661e-05,1.192956735601395302e-05,1.143567895193372172e-05,1.227883945449115231e-05,1.230637575464838293e-05,1.196726973894473469e-05,1.291486725812765827e-05,1.160852520625580825e-05,1.246541646737213443e-05,1.237392331117969442e-05,1.267493666021595272e-05,1.283994469760398819e-05,1.295071612315967639e-05,1.260886579244576813e-05,1.221473437759780091e-05,1.272975958137219421e-05,1.256805800083214645e-05,1.250270326193954465e-05,1.230832989119425311e-05,1.243280881132609634e-05,1.367686109424533037e-05,1.331538552870904328e-05,1.381012303779938708e-05,1.283365669668902412e-05,1.308135763707367681e-05,1.313382029778145542e-05,1.327772651488867159e-05,1.397545758216546443e-05,1.265617761614902291e-05,1.308857496837546447e-05,1.362936291186687145e-05,1.365743572090287176e-05,1.299084571728294704e-05,1.306174282097180569e-05,1.247090785831253125e-05,1.248317033552192459e-05,1.286065217705429991e-05,1.311815608732614462e-05,1.300259825955375410e-05,1.312762541959149019e-05,1.369913559193361654e-05,1.377714476063266536e-05,1.364814902473517948e-05,1.299773943381559223e-05,1.270789508096315678e-05,1.324073406597221122e-05,1.342420613247004987e-05,1.231803928540591655e-05,1.266305143514018147e-05,1.218009003305610092e-05,1.287158287434467217e-05,1.213340402516848189e-05,1.266433441555411289e-05,1.244410489321530716e-05,1.215210454730799024e-05,1.254382471629091723e-05,1.275553514953354904e-05,1.236829161271726272e-05,1.232062233124943770e-05,1.125179458878387548e-05,1.231115172832085204e-05,1.133482553397510990e-05,1.179920142247700990e-05,1.080543937974295773e-05
7.760599683574941914e-06,7.834579457463736817e-06,7.163729383763679913e-06,7.048279711618415914e-06,7.142564565476668761e-06,7.499998514617070795e-06,7.486279269071951088e-06,7.717618957880582724e-06,7.363201874395354209e-06,7.188885994343635040e-06,7.242032698612838606e-06,7.354829037699923292e-06,7.712817341049699860e-06,7.247401921452678904e-06,7.324185513863293832e-06,8.237048880855772995e-06,7.005283983431834021e-06,7.737008000449414511e-06,7.859083812774636193e-06,7.925618562451032523e-06,8.269826912618990719e-06,7.930813363766692540e-06,8.005244639130270135e-06,7.598337181984941599e-06,7.879253658069390975e-06,8.379386505968244468e-06,8.301083009887911298e-06,8.214730933353647872e-06,7.903817374808216981e-06,8.263043920351222628e-06,8.040137906145129325e-06,7.847957937209312283e-06,8.630470878463371304e-06,8.021204657866608533e-06,8.320506378514601581e-06,8.200514732256624045e-06,8.730233855995394538e-06,8.714039550922832679e-06,8.550788163160410980e-06,8.201724816807312175e-06,8.918705517801877884e-06,8.980115403692284131e-06,8.494349912263689757e-06,9.000203638372337571e-06,9.078480282047570038e-06,8.928443175083544930e-06,9.394127722860369436e-06,9.055349561281807056e-06,9.585246701836814385e-06,8.962835637773475304e-06,9.555878356812740084e-06,9.000747391280458252e-06,9.809991785537514663e-06,9.306743826334426108e-06,9.510860484111760156e-06,9.998387464991597871e-06,9.932933801070858876e-06,9.778588813985803028e-06,9.777006203080038156e-06,9.961560822101013784e-06,9.839620733943130025e-06,9.716440649408507278e-06,1.037749010767691820e-05,1.039542975611221532e-05,1.051888262075164713e-05,1.039225546473448665e-05,1.040879643154484002e-05,1.063640310279796174e-05,1.087057010549206518e-05,1.125300110728108150e-05,1.081901630634045108e-05,1.010226080898570829e-05,1.100462403489801861e-05,1.151446081427453268e-05,1.111039800910026863e-05,1.102695407619833902e-05,1.143721602141671304e-05,1.169389221354878628e-05,1.111068516435387105e-05,1.178765930957156376e-05,1.194514829520304201e-05,1.172499197444890743e-05,1.238270525045034225e-05,1.124668796126853156e-05,1.209048836327891349e-05,1.217259972555235939e-05,1.232677017529921798e-05,1.233031640981718779e-05,1.245130570212859934e-05,1.239451183709367267e-05,1.190356441316565532e-05,1.230427717061734394e-05,1.221744793544648805e-05,1.204755085627448451e-05,1.206131437302158111e-05,1.199556436860323007e-05,1.306192985496766602e-05,1.279340779328984958e-05,1.330984779590508422e-05,1.269810281424531838e-05,1.278834665884026481e-05,1.252346770821503096e-05,1.298736268281685009e-05,1.265617761614902291e-05,1.310097763074108095e-05,1.274753901542208594e-05,1.304277305907138421e-05,1.326068659304547456e-05,1.279063310708181313e-05,1.264420003986986115e-05,1.194895518437690121e-05,1.238854045511213017e-05,1.242320686632193016e-05,1.290075173105703468e-05,1.256901296723224075e-05,1.280670328082283890e-05,1.325801380801002724e-05,1.343735751658585704e-05,1.319131895868660043e-05,1.261831497606751283e-05,1.231079306716909264e-05,1.296640294072604205e-05,1.312278966785660766e-05,1.227112535400897218e-05,1.246078566078113067e-05,1.191229185537978253e-05,1.270011144207565906e-05,1.199078579407474088e-05,1.237949703282045395e-05,1.253105066692710779e-05,1.202859941927119287e-05,1.243927225291370735e-05,1.290967410315375936e-05,1.230430197070485447e-05,1.241261813195802241e-05,1.147890331269664866e-05,1.234834843742853371e-05,1.173790716076534469e-05,1.195933640871491099e-05,1.089376906270493851e-05
7.945585256308777903e-06,7.790674495666225426e-06,7.507733183544076275e-06,7.198129720193634252e-06,7.256804112958526423e-06,7.603241504247525154e-06,7.618134488828109932e-06,8.043217485126491801e-06,7.526129839619937656e-06,7.305298085359613664e-06,7.166552571403383482e-06,7.599697547145524442e-06,7.637152454653395306e-06,7.407794552048366610e-06,7.456245197804281733e-06,8.523095774092688166e-06,7.077899735280428067e-06,7.926107376951924304e-06,8.107726135572178316e-06,8.109011759618222010e-06,8.448683375712477992e-06,8.057956566396699374e-06,8.266133430465229324e-06,7.784947875506719587e-06,8.148170498446736715e-06,8.697888496999232026e-06,8.474093578134896028e-06,8.520645636592130400e-06,7.952200973727630842e-06,8.407111071597377159e-06,8.328432001756362409e-06,7.908407419480345901e-06,8.643126548217632883e-06,8.079849613941744358e-06,8.479850935533453208e-06,8.421756863195471802e-06,9.037399754852579135e-06,8.893407625795638667e-06,8.672372653973635549e-06,8.360176311116274920e-06,9.116946703435746378e-06,9.228062024492266000e-06,8.832967935470901412e-06,9.223736480762737575e-06,9.251710312876639295e-06,8.997172223785366991e-06,9.637531329483721125e-06,9.163172773311218554e-06,9.750352331181386012e-06,9.046002526365414602e-06,9.748158958633040759e-06,9.167006282577870639e-06,9.992763851548992242e-06,9.629519808475646848e-06,9.752006022020515992e-06,1.019608695894296452e-05,1.023720885068850536e-05,9.958817825989021947e-06,1.021700455279070628e-05,1.025878772811351628e-05,1.025982782344977305e-05,1.013075602947287489e-05,1.067797921891145645e-05,1.066513236047712205e-05,1.085669267554637560e-05,1.072134629909252700e-05,1.084999682583268178e-05,1.100296504657596884e-05,1.122566587977047847e-05,1.166102208348741536e-05,1.111439840275257667e-05,1.038132881957565425e-05,1.132986292283025376e-05,1.199624501400091272e-05,1.140796011422601870e-05,1.138831872083205319e-05,1.177252903928554448e-05,1.213247859179161438e-05,1.132339781712293402e-05,1.215438456280625567e-05,1.254418655449539340e-05,1.215452826709502650e-05,1.290172659317580071e-05,1.173934304472751433e-05,1.265572758725939794e-05,1.257193424284863573e-05,1.275503269062691075e-05,1.261494928282492874e-05,1.311428641230265948e-05,1.271937315211538765e-05,1.238791511710468999e-05,1.269015155849794684e-05,1.250630970152132204e-05,1.252090270660281399e-05,1.245503597904277383e-05,1.246567361341995706e-05,1.384748963203286706e-05,1.343680890901176599e-05,1.382903601827933968e-05,1.321011210728145119e-05,1.333493359957810467e-05,1.331582312931821757e-05,1.333991363075811192e-05,1.308857496837546447e-05,1.274753901542208594e-05,1.411635432656903989e-05,1.362306115163724942e-05,1.373052642934322297e-05,1.339379964799549292e-05,1.318788808521038462e-05,1.248426834344328039e-05,1.289404497442421317e-05,1.287686393886658306e-05,1.327178124883482242e-05,1.311266599153746424e-05,1.326485704374591920e-05,1.395051698809420774e-05,1.415517444214401747e-05,1.383372846697667296e-05,1.318293862730696904e-05,1.279983696838527981e-05,1.358267994189440704e-05,1.360790959751611301e-05,1.280081251584796986e-05,1.279731692796470145e-05,1.226812815506398071e-05,1.286358833759451073e-05,1.218840734163004884e-05,1.267234404118051689e-05,1.283703425949392434e-05,1.236797537424683962e-05,1.295059049314278378e-05,1.304629583343125026e-05,1.254414000481998015e-05,1.254238878059423844e-05,1.178466606887336313e-05,1.273608385788259066e-05,1.208331374227243807e-05,1.196082803596676111e-05,1.122334632226639936e-05
8.197108462639241615e-06,8.214901183108215722e-06,7.545454872772114361e-06,7.271000133570817923e-06,7.542390890097997240e-06,7.869129457695277880e-06,7.844796478280625381e-06,8.270153322649690267e-06,7.781452748094152863e-06,7.692212064839128806e-06,7.260792322057504962e-06,7.733790234813622908e-06,7.953120538519183651e-06,7.601729618969966300e-06,7.702486338905640577e-06,8.662757260062198326e-06,7.157191330821133593e-06,8.243809544487633962e-06,8.332987123813730650e-06,8.464450367271859535e-06,8.704188799343314472e-06,8.399953996539106431e-06,8.586250252675704250e-06,8.057187268962085958e-06,8.376142251780917155e-06,8.963942507567643350e-06,8.711200596595173381e-06,8.681124630395285259e-06,8.300286959283968417e-06,8.772316737639976485e-06,8.575822419087863812e-06,8.201426258302721222e-06,8.999555750467208109e-06,8.455834755901696614e-06,8.812828053215674646e-06,8.799996320848366829e-06,9.313990830057887162e-06,9.190107404077958023e-06,8.993081291744960742e-06,8.589975893225579729e-06,9.421693517790824716e-06,9.589538285648902742e-06,9.140494025433311366e-06,9.440031513474727770e-06,9.519443081659193829e-06,9.241299614178375414e-06,9.957093310545743760e-06,9.537220048450137681e-06,1.010983139457265729e-05,9.429673927007985485e-06,1.007755601133095914e-05,9.478380511688640211e-06,1.048321090396201017e-05,9.860116761092600998e-06,1.000068082525097250e-05,1.067713218465371005e-05,1.048497796680783342e-05,1.017063393780389721e-05,1.040691611639020675e-05,1.071262214833189802e-05,1.047918946854616588e-05,1.040605136204315522e-05,1.093476860583297839e-05,1.095824687924140256e-05,1.105972754803002620e-05,1.093429355184576205e-05,1.111208070729883014e-05,1.130392659130157919e-05,1.168689982852893193e-05,1.188807882474619960e-05,1.133312993328731614e-05,1.079827194065500791e-05,1.160429127307658873e-05,1.237484595738328859e-05,1.178489097952378995e-05,1.176064768489808560e-05,1.191018237835604367e-05,1.236753623043695305e-05,1.169776586446308550e-05,1.236580753949037339e-05,1.271565079900942409e-05,1.236709058906042838e-05,1.352708150792156125e-05,1.198930090349943871e-05,1.288372255517326119e-05,1.283954014955736749e-05,1.326847183050135180e-05,1.301789001851315407e-05,1.332242751084816604e-05,1.318908898773706058e-05,1.255711381258214302e-05,1.332078530315826573e-05,1.295852339062605988e-05,1.281738922284437195e-05,1.271901190774586990e-05,1.275421679045961948e-05,1.423058219827092918e-05,1.387110180931934175e-05,1.443230498765097559e-05,1.364500666006732962e-05,1.385358850961846994e-05,1.367259182283442608e-05,1.372828336642433760e-05,1.362936291186687145e-05,1.304277305907138421e-05,1.362306115163724942e-05,1.483871940903641089e-05,1.413204711524995210e-05,1.377042185853221261e-05,1.373144123345895242e-05,1.299666705027097529e-05,1.322992706405619818e-05,1.333385011265656384e-05,1.361905279898731416e-05,1.356470004282315578e-05,1.373767030671556523e-05,1.481490978089305450e-05,1.468862443052251616e-05,1.459759992926088431e-05,1.381150735436340850e-05,1.351732563020312968e-05,1.429215943101644180e-05,1.442098960888912717e-05,1.336939969414620404e-05,1.331815430221161621e-05,1.285612261444956412e-05,1.355967768507043778e-05,1.275829893835267790e-05,1.338686079364972347e-05,1.340180173807091393e-05,1.306086348062634470e-05,1.356380245030627848e-05,1.362745677329645494e-05,1.320223307588886389e-05,1.336659025505351212e-05,1.240372770096362156e-05,1.343220138857936913e-05,1.295533692164607678e-05,1.253740230792791827e-05,1.184858888193835766e-05
8.693039079137473044e-06,8.727779122881281000e-06,8.086888715766438039e-06,8.007223119307265306e-06,7.869475675989420625e-06,8.339454289977051699e-06,8.469300822666081484e-06,8.785213983444937704e-06,8.260737859655308484e-06,7.206973312552865556e-06,7.921740229071714076e-06,8.521745346248771073e-06,8.686387109263228297e-06,8.122739827925446932e-06,8.264500945545948907e-06,8.949735119829987327e-06,7.891604180365306980e-06,8.787752017405659182e-06,8.901582368352382673e-06,8.874504522826448779e-06,9.194344642854015198e-06,8.825314060041833888e-06,8.927630825459507101e-06,8.466516630074700402e-06,8.940022922670679724e-06,9.395065890400214372e-06,9.165452403963476248e-06,9.119677607034188673e-06,8.726665982529721143e-06,9.193622365427484057e-06,9.007157398214653998e-06,8.790342994723451090e-06,9.526921831013752742e-06,8.909469831057021763e-06,9.114016390965232856e-06,9.241370666378562152e-06,9.587897823482057009e-06,9.644189849866504380e-06,9.539421838211291848e-06,9.195961504130418333e-06,9.848257584701880816e-06,9.995479261931527342e-06,9.456076336708944241e-06,9.795850499600988295e-06,9.754460832393349988e-06,9.732226156173087988e-06,1.017104647680745378e-05,9.850193387209797341e-06,1.032576363492984005e-05,9.770975160424438702e-06,1.034893088890238438e-05,9.788408284584440176e-06,1.066930347069797183e-05,1.019506983251797066e-05,1.028989069656569484e-05,1.081028151488911962e-05,1.072872379034201876e-05,1.059310433248346724e-05,1.076504573775692267e-05,1.077017434433661759e-05,1.070021514947861031e-05,1.067300455449527576e-05,1.124815856335915370e-05,1.130807183747636244e-05,1.131854176561764363e-05,1.135311152309799172e-05,1.121545742756141372e-05,1.155729114799491351e-05,1.179753633990827758e-05,1.202571962069317654e-05,1.161621467300608511e-05,1.090660344049135586e-05,1.185337760169106310e-05,1.236551119915686213e-05,1.203753928720310521e-05,1.194832669529382004e-05,1.242851835802801010e-05,1.262244963140520340e-05,1.192034238859386079e-05,1.279153380587939889e-05,1.282550677275984601e-05,1.238212739479901598e-05,1.327613386990594554e-05,1.212483505673549697e-05,1.297297103744515478e-05,1.307592537895043616e-05,1.328731570670776193e-05,1.331421417750133637e-05,1.346325536528643361e-05,1.332138893312741708e-05,1.282418865241473093e-05,1.316981834636716586e-05,1.316674978229350034e-05,1.307220435036634670e-05,1.286768063998380105e-05,1.289976025982349949e-05,1.402587552684933538e-05,1.382122005551613225e-05,1.442967405271043236e-05,1.343840803503768575e-05,1.376093058248415896e-05,1.370922693992890415e-05,1.392968865703369121e-05,1.365743572090287176e-05,1.326068659304547456e-05,1.373052642934322297e-05,1.413204711524995210e-05,1.532121362060622467e-05,1.372936354464192402e-05,1.379560225271590612e-05,1.289495156853697978e-05,1.348705333113091341e-05,1.350123477346856787e-05,1.386069658485570616e-05,1.363550871782185437e-05,1.389854055676191730e-05,1.435861009447252625e-05,1.461703604128513730e-05,1.443390463560578184e-05,1.385444573898961440e-05,1.332148138133470461e-05,1.405716122695387897e-05,1.445072043221089086e-05,1.363556882293028710e-05,1.382595025486501336e-05,1.319532388117017593e-05,1.380782725481317634e-05,1.309624730370172215e-05,1.375567788208537614e-05,1.358536638767881699e-05,1.333909749876549749e-05,1.387394105917960510e-05,1.395295423033562352e-05,1.357147285631152453e-05,1.371314482564119072e-05,1.253215630667428031e-05,1.344245903276187573e-05,1.278224481089933121e-05,1.300333433778440759e-05,1.218690883424010908e-05
8.225174706981952568e-06,8.184196783516099088e-06,7.597220798538017680e-06,7.335679382301600356e-06,7.519084282542967690e-06,8.036461692759460331e-06,7.991889655119547626e-06,8.289874229145477523e-06,7.883723667398263870e-06,7.379303739705801982e-06,7.321883681114397445e-06,7.935500121251896159e-06,8.178739219063379458e-06,7.699316549782636335e-06,7.812309758712218094e-06,8.711225405615847440e-06,7.492916633676088529e-06,8.201531844967612382e-06,8.404194912346429813e-06,8.472162632769442123e-06,8.824182556634138815e-06,8.493097645807558542e-06,8.568926869128235050e-06,8.118672686923715794e-06,8.581997667220927646e-06,8.975428937287689563e-06,8.748527600585346702e-06,8.879249064293212885e-06,8.396630056312231563e-06,8.832596829205585244e-06,8.576413258650551988e-06,8.265651586464916735e-06,8.977097004169412228e-06,8.362846327474031635e-06,8.849281610210099023e-06,8.705356880468289766e-06,9.302163400252496143e-06,9.228685533348102778e-06,9.007814421820930861e-06,8.612658010208417193e-06,9.301738782239805714e-06,9.505829232588487000e-06,9.061698867754237324e-06,9.481385764235423491e-06,9.519330555501246619e-06,9.164903338901540526e-06,9.841273431281280144e-06,9.394952315833528459e-06,9.960462442143898715e-06,9.333378656757801358e-06,9.934537288039199071e-06,9.453165727182031035e-06,1.023878676850593488e-05,9.739092048622861883e-06,9.932513800502668593e-06,1.049920151756278107e-05,1.027976906229460402e-05,1.001884496643259028e-05,1.028437024147903959e-05,1.042315241103732944e-05,1.034578128230171714e-05,1.016401378670489769e-05,1.064241587636692572e-05,1.074256203268561789e-05,1.096408637252483675e-05,1.082432667877569357e-05,1.087874051027264499e-05,1.104585755360082171e-05,1.137581979948202774e-05,1.165590205801925319e-05,1.110610351777385291e-05,1.066351711065476163e-05,1.118664798719296880e-05,1.190475126055561438e-05,1.154269437297002209e-05,1.130950845238842607e-05,1.170945876342479707e-05,1.211455428533311953e-05,1.144817428876178738e-05,1.226809847994942695e-05,1.245307004120455538e-05,1.216513976157358734e-05,1.293356337650434741e-05,1.180409325274388622e-05,1.262764943478145268e-05,1.257227973240678128e-05,1.278969006364243529e-05,1.256207589457905415e-05,1.313656685477162581e-05,1.278635395644261404e-05,1.232772456810790089e-05,1.285527308826018075e-05,1.259453102501528435e-05,1.242809455696806529e-05,1.233522382757066749e-05,1.238920582861352319e-05,1.365595973131878755e-05,1.336393177282409330e-05,1.384153575904916366e-05,1.320557283276056693e-05,1.343318990722978511e-05,1.319906327674963067e-05,1.324492939795569948e-05,1.299084571728294704e-05,1.279063310708181313e-05,1.339379964799549292e-05,1.377042185853221261e-05,1.372936354464192402e-05,1.410121276953921168e-05,1.332395753243028632e-05,1.262865910956036873e-05,1.287575282347686441e-05,1.294542755674355197e-05,1.330690823368686593e-05,1.329705769706281373e-05,1.335166091842571569e-05,1.431487324984921045e-05,1.426419621301009777e-05,1.399347836727314772e-05,1.337189219335131770e-05,1.304187154842315409e-05,1.386312595379825476e-05,1.372950290696937983e-05,1.310289535249862503e-05,1.303123815344417611e-05,1.242659069123279172e-05,1.301831722431281197e-05,1.239856693147642022e-05,1.305276522256947808e-05,1.316573315322133171e-05,1.278222324012915538e-05,1.328524426286916690e-05,1.338716309106381924e-05,1.289569554883909158e-05,1.302297161229337115e-05,1.201705794860066074e-05,1.308234568087598261e-05,1.247826261208128629e-05,1.212839097419818144e-05,1.171925452718842298e-05
7.906054064620841073e-06,7.986856895452377160e-06,7.389047510623570913e-06,7.168654039054341722e-06,7.276608438495814375e-06,7.658131146549844350e-06,7.753680044372549665e-06,8.171141506120299856e-06,7.597745361124506879e-06,7.450256540853265369e-06,7.537140440093098622e-06,7.785287560744548317e-06,8.072314227971273020e-06,7.484353146491472177e-06,7.549262913843935681e-06,8.167862881365402919e-06,7.160809390117650845e-06,8.199337052229168727e-06,8.292252323360137397e-06,8.234401633763891354e-06,8.673549609432051931e-06,8.303320690198808866e-06,8.462225751459636478e-06,8.073744422029755294e-06,8.343705897490501480e-06,8.588989791204934725e-06,8.552990963651140946e-06,8.679695591448655440e-06,8.005423727397924889e-06,8.636664011507138780e-06,8.387540276576982477e-06,8.098505354039803127e-06,8.857544757204374592e-06,8.326993978266176747e-06,8.758315048745621102e-06,8.694092458458825752e-06,9.127383661607535204e-06,9.238191885884938534e-06,9.012491944663729196e-06,8.574779202308637830e-06,9.255346814468184670e-06,9.419955308029643294e-06,8.830681229906105440e-06,9.283228801432053808e-06,9.296353900590074179e-06,9.126027989223633796e-06,9.765597080442739607e-06,9.291673916386140454e-06,9.806756498986741950e-06,9.336307203815723916e-06,9.913122044130752168e-06,9.395849177061403837e-06,1.025126909219229565e-05,9.751303551995397535e-06,1.001425709309054961e-05,1.059940424836204714e-05,1.025631782824088795e-05,1.004146062750950972e-05,1.021909171196977164e-05,1.035469789821817360e-05,1.031218736565227883e-05,1.014631010280440788e-05,1.060773462005660626e-05,1.075244710517205340e-05,1.088842691920629883e-05,1.078754324648837888e-05,1.079031454572087881e-05,1.109077398054360184e-05,1.151056760468162114e-05,1.166904977525234153e-05,1.129806997725990880e-05,1.052110137797486225e-05,1.126494641476380301e-05,1.196871116077475234e-05,1.152789929282251787e-05,1.138584858944079200e-05,1.174449478622007218e-05,1.219672673891248218e-05,1.153388309061802751e-05,1.210915325785943032e-05,1.236466180149807252e-05,1.208923188333001245e-05,1.296879483062451349e-05,1.171301994377538365e-05,1.260051010569163080e-05,1.253936199990258102e-05,1.282821076367699154e-05,1.260589605613389300e-05,1.295731193681501649e-05,1.280577443726830677e-05,1.230244417738345245e-05,1.270625221688164027e-05,1.251854288095201441e-05,1.247471373962621500e-05,1.228323077564866452e-05,1.234285780703209658e-05,1.358452357076273270e-05,1.328108849219693173e-05,1.393907500181081078e-05,1.301273080280534079e-05,1.336783812820455207e-05,1.322806497679165693e-05,1.322324974448270196e-05,1.306174282097180569e-05,1.264420003986986115e-05,1.318788808521038462e-05,1.373144123345895242e-05,1.379560225271590612e-05,1.332395753243028632e-05,1.424161916571057097e-05,1.249994012341460095e-05,1.283665105144026978e-05,1.296573216123427946e-05,1.313751659139798155e-05,1.304939557427693423e-05,1.326318545144083001e-05,1.411854170983714469e-05,1.396152068658372761e-05,1.381567586502222163e-05,1.324542215075491255e-05,1.289625505943037513e-05,1.353689502088140563e-05,1.372575751100894178e-05,1.258212825001870416e-05,1.315370970296389701e-05,1.231609719774039956e-05,1.305578603295191230e-05,1.232709813066778202e-05,1.291722114807559242e-05,1.278429118586052728e-05,1.252009924119197567e-05,1.295256938947145696e-05,1.316027087478229510e-05,1.282931988892955118e-05,1.295343498826394628e-05,1.194589723165549515e-05,1.272115416527984521e-05,1.216881563174365927e-05,1.240900695057346600e-05,1.144125621573750919e-05
7.763786810603803528e-06,7.756594565883187772e-06,6.993253492962989943e-06,6.886057614344100995e-06,6.938879624040912068e-06,7.286476524130166517e-06,7.294751183072045730e-06,7.733544902543131275e-06,7.264936699396884837e-06,7.303237167870648704e-06,6.881026883930604669e-06,7.334209340386899678e-06,7.635801472239538438e-06,7.176064551503257474e-06,7.335699310397140034e-06,7.869415754086865521e-06,6.854133177465408727e-06,7.616093840921873722e-06,7.898909058707558297e-06,7.877127913499800546e-06,8.238153017993634332e-06,7.881379282607977021e-06,7.943280388264067860e-06,7.582577300858994184e-06,7.922247175617021852e-06,8.170368461482438197e-06,7.926740370070216879e-06,8.279306719188380971e-06,7.643294614135514572e-06,8.188727357781252448e-06,7.938102296645403670e-06,7.724799286975916088e-06,8.301587420521649432e-06,7.987048203749504285e-06,8.116877871759230399e-06,8.221995379592051973e-06,8.578762448137867394e-06,8.537265195122097723e-06,8.378921316324927952e-06,8.020694939719616838e-06,8.799918766301940046e-06,8.809201296342668785e-06,8.300287898939377225e-06,8.608477959071768277e-06,8.805584281293750250e-06,8.683168270253531813e-06,9.184507470975869305e-06,8.800935557582339395e-06,9.372609846328963231e-06,8.865184470487851213e-06,9.146521985357566523e-06,8.744074250712282961e-06,9.563728623706145722e-06,9.041501108350785096e-06,9.150971196611429299e-06,9.626467507271870521e-06,9.654053601259628476e-06,9.426311968973739830e-06,9.468258692670928996e-06,9.831288712009885646e-06,9.566062504338147538e-06,9.518139420820931451e-06,1.002797427282624444e-05,1.003444867841023562e-05,1.020033439249075375e-05,1.004889295820725087e-05,1.001312279945967304e-05,1.043942310878198327e-05,1.056483874239018338e-05,1.071351821547986164e-05,1.046233079734915756e-05,9.953589362260188228e-06,1.061704167711760337e-05,1.111204828793048265e-05,1.073682767900905858e-05,1.055532293846412023e-05,1.100929291092788616e-05,1.130063934273693523e-05,1.076485866957386053e-05,1.134616912023868848e-05,1.153907096032179702e-05,1.136072595827739382e-05,1.198583701751291699e-05,1.086981577042754657e-05,1.157188369295868612e-05,1.164206497799996326e-05,1.197054060760811673e-05,1.186066105232046768e-05,1.213284424142120575e-05,1.199215005110571258e-05,1.141646979641304207e-05,1.191543943683948143e-05,1.189390708563193648e-05,1.177858868940352409e-05,1.170668347731124413e-05,1.187866623336289358e-05,1.277449952623863927e-05,1.230160876877678229e-05,1.280523330764052593e-05,1.245170354083661303e-05,1.262998504805265513e-05,1.252630666626085996e-05,1.281974370784397992e-05,1.247090785831253125e-05,1.194895518437690121e-05,1.248426834344328039e-05,1.299666705027097529e-05,1.289495156853697978e-05,1.262865910956036873e-05,1.249994012341460095e-05,1.308045271405462913e-05,1.223034196758653465e-05,1.229801180757295170e-05,1.248580030573084174e-05,1.244000857852533735e-05,1.269275126919258733e-05,1.341393568958250348e-05,1.319313007816547550e-05,1.309754314898033115e-05,1.260225450565637605e-05,1.260319754412347737e-05,1.301456828294224179e-05,1.324916112728060025e-05,1.248214421480777633e-05,1.264110330813933238e-05,1.199837138195391117e-05,1.277806692890647178e-05,1.215596645366050477e-05,1.244935295769993816e-05,1.261685765152307934e-05,1.227781484225853039e-05,1.268184716894728381e-05,1.283232284524101953e-05,1.273504454544100787e-05,1.254257684927425929e-05,1.142582468080728391e-05,1.245632583980369354e-05,1.200202916031190922e-05,1.195578231772852040e-05,1.128546903323304036e-05
8.214800050416793225e-06,7.942900719920166163e-06,7.447425690774977403e-06,7.477033650729824376e-06,7.471412788152345189e-06,7.829893610767480985e-06,7.833169881666216964e-06,8.277048336144017323e-06,7.637829636249429490e-06,7.035546440109194963e-06,7.371261938521132621e-06,7.803423663772412393e-06,8.044728570680407498e-06,7.585192176097822373e-06,7.667736616583886204e-06,8.184534680435417886e-06,7.226061366984405578e-06,8.039696300969928109e-06,8.107457397584138723e-06,8.162212322500273735e-06,8.372885347755535830e-06,8.235216400619281601e-06,8.311282066944822376e-06,7.821003739784784778e-06,8.150828656733897018e-06,8.578975363453093206e-06,8.551918145548233907e-06,8.420002548871442097e-06,7.883639414095172022e-06,8.416135013421633139e-06,8.312905746380557447e-06,8.146020148279371209e-06,8.746021622668872771e-06,8.195535914847996208e-06,8.433835689424126986e-06,8.489828725616027080e-06,8.923608834981127644e-06,8.830985834221458341e-06,8.756825619620232709e-06,8.292529189650737844e-06,9.094784816515108392e-06,9.180754290360603354e-06,8.626698395458440625e-06,8.951542229219504727e-06,9.124961234461965491e-06,8.964837828052721574e-06,9.347415197437066917e-06,9.002893973123709027e-06,9.576760856259785676e-06,8.956796786159275587e-06,9.549750506369587006e-06,9.070317864338233604e-06,9.777166415538435126e-06,9.506674764746693752e-06,9.482552214853588285e-06,9.944160496356003998e-06,9.866212656139002171e-06,9.708335555368844931e-06,9.848544833104604465e-06,9.874668763743143468e-06,9.844485568275340441e-06,9.800310872223728137e-06,1.045260109265707800e-05,1.044958303166260236e-05,1.057575467827401998e-05,1.046340416214999017e-05,1.044654064346993049e-05,1.068218902672380721e-05,1.084233658469716664e-05,1.129490557212219334e-05,1.081704896176081684e-05,1.005612981615119105e-05,1.098555756039704638e-05,1.143045976641615240e-05,1.104291441925934929e-05,1.102460547238711335e-05,1.146366612955262239e-05,1.162933820634435582e-05,1.104132540576210455e-05,1.195546601817666260e-05,1.198452330106147587e-05,1.165188250381649311e-05,1.225076235987520952e-05,1.128983879391352112e-05,1.204950309506416645e-05,1.208900025533869753e-05,1.226016828183064072e-05,1.224345749295303418e-05,1.250267501693613887e-05,1.246662275897331705e-05,1.181781705451433279e-05,1.231207449952606184e-05,1.219986344293789589e-05,1.198312649405456190e-05,1.202433596163936812e-05,1.198102834589787012e-05,1.322702936271582347e-05,1.282666791289760760e-05,1.315905915170649460e-05,1.268109442806723930e-05,1.264033743243940783e-05,1.274349223362185192e-05,1.303875015859727621e-05,1.248317033552192459e-05,1.238854045511213017e-05,1.289404497442421317e-05,1.322992706405619818e-05,1.348705333113091341e-05,1.287575282347686441e-05,1.283665105144026978e-05,1.223034196758653465e-05,1.352082035159058358e-05,1.262635628717516839e-05,1.290893145714740094e-05,1.274542419389176980e-05,1.311519149644449905e-05,1.347574150943617296e-05,1.360944664822868482e-05,1.343801583419660521e-05,1.271623900569490947e-05,1.268032171716645581e-05,1.326938602634565920e-05,1.358331421294720256e-05,1.267652105030194481e-05,1.277882462621052042e-05,1.232919338950086339e-05,1.304951702197417002e-05,1.240185118874421603e-05,1.287621342395747900e-05,1.288886545716520352e-05,1.248138716778739609e-05,1.319131318962134155e-05,1.336863289827675860e-05,1.292250318561413823e-05,1.273819773467267281e-05,1.183914261544753915e-05,1.292394371903962243e-05,1.243200344141137153e-05,1.226337058506250224e-05,1.155050255318887229e-05
8.446346416899001543e-06,8.490109695889888950e-06,7.799426005368470787e-06,7.479981749759160194e-06,7.644325162526522695e-06,7.887431120968539281e-06,8.050855724518797703e-06,8.341971175735721033e-06,7.809964642045755912e-06,7.443325856209706025e-06,7.353053486557464565e-06,8.002376415792955319e-06,8.162265396991996727e-06,7.779810078464419654e-06,7.873001240398687497e-06,8.252222103966953945e-06,7.583219870526129390e-06,8.212431280288354894e-06,8.436686057790274726e-06,8.371703708571781266e-06,8.817293399177861393e-06,8.420826479399430177e-06,8.454095432525997751e-06,8.204577988005611129e-06,8.331351070734114282e-06,8.844324837918876123e-06,8.645068194864158326e-06,8.771787592038735994e-06,8.234726465082479709e-06,8.742238235130746966e-06,8.478637788560870365e-06,8.360753776842492525e-06,8.974477991693593460e-06,8.422211227121287263e-06,8.719141353529249544e-06,8.560428987448097829e-06,9.143042054686227810e-06,9.134959270473836637e-06,9.088434494651985047e-06,8.555053485750603522e-06,9.383034048124525324e-06,9.389763693123467529e-06,8.799922099114840758e-06,9.241602035191861042e-06,9.372021821190202595e-06,9.195617686372940653e-06,9.796146161422299452e-06,9.413071741772991691e-06,9.880865202412151304e-06,9.263350756818388614e-06,9.754187852282620284e-06,9.193698289558100477e-06,1.016221937117605744e-05,9.619236755911322512e-06,9.868952319987907463e-06,1.022882803613102653e-05,1.020138975730067750e-05,9.974688397294390244e-06,1.006814417453230573e-05,1.028697883028832367e-05,1.009617033487519188e-05,1.002669862597657357e-05,1.049676140497118785e-05,1.060641041209899769e-05,1.069063195563923941e-05,1.061706045327894909e-05,1.052312830968458408e-05,1.082389748257410772e-05,1.107695553051386634e-05,1.134691368996896138e-05,1.107100709273001139e-05,1.048004833191520609e-05,1.113802324153116912e-05,1.158132532604778975e-05,1.127023367782939961e-05,1.127769228585374007e-05,1.167057201483266137e-05,1.172004820490362700e-05,1.119255739099840368e-05,1.208599940210193718e-05,1.220177322195541416e-05,1.191502913131803140e-05,1.251578377928025886e-05,1.137114014652490886e-05,1.213975878016941187e-05,1.221291054999134749e-05,1.251351134626812743e-05,1.225838935502260038e-05,1.274414152062594415e-05,1.250447973826868506e-05,1.206433947973377152e-05,1.239543193685450606e-05,1.242723500552917624e-05,1.236016353121429828e-05,1.217839835380376270e-05,1.219430918184415942e-05,1.317610962034097110e-05,1.275642742763100146e-05,1.340742058003412808e-05,1.265189917976619089e-05,1.287286677904829433e-05,1.290393592564925754e-05,1.327456083719944243e-05,1.286065217705429991e-05,1.242320686632193016e-05,1.287686393886658306e-05,1.333385011265656384e-05,1.350123477346856787e-05,1.294542755674355197e-05,1.296573216123427946e-05,1.229801180757295170e-05,1.262635628717516839e-05,1.377236666733301095e-05,1.315159325291185138e-05,1.284100343091789775e-05,1.322123680184424253e-05,1.348547862602658928e-05,1.348624985664657514e-05,1.356446695504149528e-05,1.284940135567886737e-05,1.270213688455642216e-05,1.339001111204316585e-05,1.366233549333632580e-05,1.286370186868175710e-05,1.296708666746015989e-05,1.253295981653180205e-05,1.332418826841310692e-05,1.270156414019879483e-05,1.294948611145357638e-05,1.330061485333868333e-05,1.248314713799514276e-05,1.344777295546148437e-05,1.346487637359935647e-05,1.305521678200152049e-05,1.286268982051879288e-05,1.190037346711434354e-05,1.314321468734169672e-05,1.245947989936291288e-05,1.228142570563938305e-05,1.162897311204165522e-05
8.547073693133106198e-06,8.496966238788649351e-06,8.000747199531729289e-06,7.743091929684934005e-06,7.670696894659409274e-06,8.100614832591677514e-06,8.314506966977541920e-06,8.569377776582506591e-06,8.154905317927290342e-06,7.408159856523594824e-06,7.760124782376841507e-06,8.171717174679875951e-06,8.446819534831008023e-06,7.964446212059093103e-06,8.040820364823936817e-06,8.596074872514703028e-06,7.692905464158031770e-06,8.539375719803426467e-06,8.616382613090500946e-06,8.536930344484277869e-06,8.958951442228526888e-06,8.538092787161231692e-06,8.650867558291899302e-06,8.362643106887581761e-06,8.703624060104575127e-06,9.054399025881555718e-06,8.896253849621709944e-06,8.887100056112419267e-06,8.460963744934509167e-06,8.934646544275589197e-06,8.649076359638877375e-06,8.350851620629599805e-06,9.198747419810136060e-06,8.510162008672427796e-06,8.799670508384803638e-06,8.691887181167804569e-06,9.179909494877015275e-06,9.144301178829943730e-06,8.997902303688509309e-06,8.734860178173396296e-06,9.383852006270178761e-06,9.462005569681175825e-06,8.970301707487019228e-06,9.472982861543012662e-06,9.406328308031074918e-06,9.377345680056216402e-06,9.799687780565219679e-06,9.480350048431254929e-06,1.001868967649510402e-05,9.327840355825192027e-06,9.830753889113920730e-06,9.422100038356954398e-06,1.015567382851037754e-05,9.786190128320316711e-06,9.891118678125739751e-06,1.054731710605914811e-05,1.043974099492221011e-05,1.001524028537444422e-05,1.017862792661206190e-05,1.035118967233394688e-05,1.020248288255806818e-05,1.023799841726480001e-05,1.068621422215161507e-05,1.070780724986933758e-05,1.089164362504991502e-05,1.069014493455678365e-05,1.064280177922466340e-05,1.093559681561162634e-05,1.126009312912959683e-05,1.140437704006957546e-05,1.107568037452151465e-05,1.042063225193219873e-05,1.127835130851689028e-05,1.180159684203286910e-05,1.133688588717695109e-05,1.138371076323094960e-05,1.165162869275147648e-05,1.177097563510101065e-05,1.130177384978183539e-05,1.208384612280538651e-05,1.212464997964552980e-05,1.190484346979498019e-05,1.261899620372557573e-05,1.148136554341760835e-05,1.237050704378083627e-05,1.234501338502680873e-05,1.266324567014617842e-05,1.246237722128542443e-05,1.276419371007076533e-05,1.268816431207650068e-05,1.237283538154812588e-05,1.266466032568914857e-05,1.247113479910552552e-05,1.250822497527092393e-05,1.233288208087974146e-05,1.242472845213921082e-05,1.356103484933472958e-05,1.304976036922675803e-05,1.380305620810529339e-05,1.303540136796769379e-05,1.327887291320135787e-05,1.309268556537268271e-05,1.332676817092770985e-05,1.311815608732614462e-05,1.290075173105703468e-05,1.327178124883482242e-05,1.361905279898731416e-05,1.386069658485570616e-05,1.330690823368686593e-05,1.313751659139798155e-05,1.248580030573084174e-05,1.290893145714740094e-05,1.315159325291185138e-05,1.435238666655490200e-05,1.337018598866738478e-05,1.350049715676284975e-05,1.400259193505926653e-05,1.405119061378199265e-05,1.386248360675960208e-05,1.337624530736275633e-05,1.307196480084243753e-05,1.374333947057020184e-05,1.393675148515294980e-05,1.334184383571990831e-05,1.319905623228691210e-05,1.269748595381528801e-05,1.360432699134964048e-05,1.262005824743037187e-05,1.321285214096228510e-05,1.357045880472776646e-05,1.303268142334778476e-05,1.357497834870451739e-05,1.369515788431191891e-05,1.309660488800310612e-05,1.326929437866571527e-05,1.237852841012991419e-05,1.309462264794486657e-05,1.256420670692400992e-05,1.252573659827264315e-05,1.177030944403997799e-05
8.163104721276090713e-06,7.982705880908067575e-06,7.342416220321722772e-06,7.418066887718879425e-06,7.314903664501287437e-06,7.611568222176997937e-06,7.907832391793366835e-06,8.046519634685265563e-06,7.783125288238605270e-06,7.344858564342096926e-06,7.470274874540686953e-06,7.616075488730723293e-06,7.936351169478856680e-06,7.503743708323064707e-06,7.594231516714414311e-06,8.405601113570623811e-06,7.318259574029913799e-06,8.099365087147745413e-06,8.166362387114529337e-06,8.188839364419656035e-06,8.540390856026065189e-06,8.164262610678706765e-06,8.153125217716886565e-06,7.826789433245115522e-06,8.377540244041625447e-06,8.708107128207369043e-06,8.555220105874848064e-06,8.431912953000696666e-06,8.041082942069004526e-06,8.522127963523697610e-06,8.261902449602276353e-06,7.977508457885231524e-06,8.671023832437739555e-06,8.198836005896942056e-06,8.580649938697713900e-06,8.415691662349729092e-06,8.948007679412034237e-06,8.766602430943611410e-06,8.685053105274642498e-06,8.300151377364687361e-06,9.072087925236555192e-06,9.123259075632572096e-06,8.752060440428534392e-06,9.169551254736611024e-06,9.014266106419989330e-06,8.786774287973975967e-06,9.450848446142391302e-06,9.032437740382623644e-06,9.571399935451567492e-06,8.887336221484759088e-06,9.527429666875462206e-06,9.071173497905954641e-06,9.679390180846962199e-06,9.282733781023597185e-06,9.364331450226100003e-06,1.010102846545294638e-05,9.976374721254699409e-06,9.595607707309406929e-06,9.797619098340915983e-06,9.991372628862481964e-06,9.841357243007461863e-06,9.742125395566898164e-06,1.037821920559793592e-05,1.040578342493444884e-05,1.060149231292909362e-05,1.044277674409934735e-05,1.038765516784583374e-05,1.061971948144739263e-05,1.101404918648376364e-05,1.107938792429133613e-05,1.055664416424507752e-05,1.010841750583703366e-05,1.092673992391916628e-05,1.177289094749103925e-05,1.106327848363565291e-05,1.097591293448491020e-05,1.144227984290872326e-05,1.167129388044954431e-05,1.093219973703681408e-05,1.179232817297417584e-05,1.194722746383229789e-05,1.156446421719753750e-05,1.260777176172499346e-05,1.133784698681410970e-05,1.207914428749755936e-05,1.208625339738370259e-05,1.225799854802900031e-05,1.225210390507330059e-05,1.253801710095835240e-05,1.241817547378530990e-05,1.199608724502783902e-05,1.268300669506451489e-05,1.218992217834250597e-05,1.220692074442834778e-05,1.201705152449017333e-05,1.213418679802099327e-05,1.359058011961949569e-05,1.329353841010889039e-05,1.356454812717475654e-05,1.279176959640238163e-05,1.328808464911496820e-05,1.293369850202016384e-05,1.287817840648999460e-05,1.300259825955375410e-05,1.256901296723224075e-05,1.311266599153746424e-05,1.356470004282315578e-05,1.363550871782185437e-05,1.329705769706281373e-05,1.304939557427693423e-05,1.244000857852533735e-05,1.274542419389176980e-05,1.284100343091789775e-05,1.337018598866738478e-05,1.428207979422709651e-05,1.316183275196778748e-05,1.442746435961509873e-05,1.430768644223819073e-05,1.398668101099410560e-05,1.330214022396905227e-05,1.290053510991307078e-05,1.366201403726417498e-05,1.383415015473693461e-05,1.285992522125261764e-05,1.271509635681194497e-05,1.231447861582626162e-05,1.312439134855019325e-05,1.232998694806470335e-05,1.312143356922325710e-05,1.311971403734798393e-05,1.250399845303448975e-05,1.322251384267245698e-05,1.285986781140159835e-05,1.241362579426668685e-05,1.297421464131689310e-05,1.200357940314764258e-05,1.273352068210757106e-05,1.224580415639010692e-05,1.224336615643866651e-05,1.128263043611641373e-05
8.415203634236991952e-06,8.459116712468955229e-06,7.637536893662518714e-06,7.533356178818878220e-06,7.634426295275180998e-06,7.896602068884267040e-06,7.978394081046978720e-06,8.447771012190999278e-06,7.852197907370306817e-06,7.826294113168362265e-06,7.612344331202991371e-06,8.005280763226875262e-06,8.229942985944513036e-06,7.793598883527719828e-06,7.909096049017545199e-06,8.449676936574501736e-06,7.681926397280987960e-06,8.211701883229664334e-06,8.256321856378935991e-06,8.416910554412055905e-06,8.760610407766883072e-06,8.321311945894525959e-06,8.433011569665617462e-06,8.108649575389602663e-06,8.393023039316457626e-06,8.962326734246922315e-06,8.687103985682830280e-06,8.468884479972685683e-06,8.234445017181807599e-06,8.657040567257025967e-06,8.468712878679277476e-06,8.364999753546850200e-06,9.067248571081977851e-06,8.412582107764536314e-06,8.603638969178573496e-06,8.564565320663739787e-06,9.147796405403514094e-06,9.024419935975633243e-06,8.845713922633925561e-06,8.366645495309512658e-06,9.328718492284688508e-06,9.476153237507806937e-06,8.790546508902459066e-06,9.204233302697694050e-06,9.275949870132587180e-06,9.151396567569672111e-06,9.707735435628071685e-06,9.324912277663790743e-06,9.843707981153710566e-06,9.195740607334220909e-06,9.765692281439824189e-06,9.102399954689774424e-06,1.010900305974688092e-05,9.465765910539123207e-06,9.780559229027756656e-06,1.009809202966608270e-05,1.005021149341434820e-05,9.994236521799951240e-06,9.881258586389763971e-06,1.023618313588940646e-05,1.006164810878255930e-05,9.990543226956436775e-06,1.044087484577384716e-05,1.041322858084926447e-05,1.063514420310913213e-05,1.056901073230979755e-05,1.059543690801703115e-05,1.070724659892153077e-05,1.119326222482649433e-05,1.136949460804448879e-05,1.088693782609826397e-05,1.027560875922200102e-05,1.107931922160713554e-05,1.157716174090178220e-05,1.124245126397267531e-05,1.119785900356633852e-05,1.154353915047651154e-05,1.182099664326030655e-05,1.119471666623194880e-05,1.187570981114157624e-05,1.203964029168214828e-05,1.189373364524074721e-05,1.269188780704954540e-05,1.131921213578360760e-05,1.207769171977131046e-05,1.226829745597508877e-05,1.254423495667528459e-05,1.236941605252936245e-05,1.273553184751338274e-05,1.244665994484181030e-05,1.209127867057059918e-05,1.242410368852957941e-05,1.236429603912381850e-05,1.230516243381285002e-05,1.216432666497330766e-05,1.233578297820106825e-05,1.351762875957687412e-05,1.303172794003793375e-05,1.361027587337479851e-05,1.299202913652026045e-05,1.306667046607544691e-05,1.322914822061672057e-05,1.337521844223989249e-05,1.312762541959149019e-05,1.280670328082283890e-05,1.326485704374591920e-05,1.373767030671556523e-05,1.389854055676191730e-05,1.335166091842571569e-05,1.326318545144083001e-05,1.269275126919258733e-05,1.311519149644449905e-05,1.322123680184424253e-05,1.350049715676284975e-05,1.316183275196778748e-05,1.444887502223511271e-05,1.416999007328771735e-05,1.414705863406232904e-05,1.419333973139824052e-05,1.339295096193654635e-05,1.325095237927523573e-05,1.393901549801978666e-05,1.413253987925170953e-05,1.345456067787929588e-05,1.329773828702889679e-05,1.294925973299856448e-05,1.353094885206385452e-05,1.274125123008700870e-05,1.325442282678842091e-05,1.345626703626833462e-05,1.284458567908342857e-05,1.352330302701333891e-05,1.357045298457694934e-05,1.349261239076135858e-05,1.344489618930335580e-05,1.228396283504360654e-05,1.318071023889844609e-05,1.301767018893510888e-05,1.277879501142388086e-05,1.207480030177363937e-05
7.340765522655508802e-06,7.408895673560071939e-06,6.806533148448112127e-06,6.441743186156888548e-06,6.973189444855392986e-06,6.894264247412709824e-06,7.326429702283796930e-06,7.186331300482057204e-06,7.156615417193159651e-06,8.110997439342433038e-06,7.083977040876351297e-06,7.186373170163707123e-06,7.467030740464168926e-06,6.991303566144201325e-06,7.056278909627821812e-06,8.203024392658317851e-06,6.553704066701188022e-06,7.626393754076608571e-06,7.797822647345441848e-06,7.833876135211678625e-06,8.402064066433485498e-06,7.736403841303397051e-06,8.087134206087914217e-06,7.569247567937387389e-06,7.988210510187976335e-06,8.277498498663298163e-06,8.293769148902759673e-06,8.193593131626058528e-06,7.867004398032074902e-06,8.299221020610162412e-06,8.101273368270256665e-06,7.528444966236795315e-06,8.364473202087424928e-06,8.005058055537647189e-06,8.524394956056508942e-06,8.335516456144706731e-06,8.804255140911479487e-06,8.689814763864472173e-06,8.473168753663586872e-06,8.018703952252667307e-06,8.946350544206685962e-06,9.121484241243120209e-06,8.786004760453109834e-06,8.936287767938654473e-06,8.888102655697026453e-06,8.750702435702046708e-06,9.594861127149059531e-06,9.149697890083449272e-06,9.625882108936183512e-06,9.040106165504533780e-06,9.947118787307516672e-06,9.154032660394924282e-06,9.988522254602216497e-06,9.395735919908236217e-06,9.686975741611925135e-06,1.050805756061907735e-05,1.011535689219535255e-05,9.644834533852138207e-06,1.023428189819840199e-05,1.050964004775460750e-05,1.021262679367543207e-05,1.013753648798438594e-05,1.046764512437216441e-05,1.071282594968694897e-05,1.089344648548087980e-05,1.084278658485795481e-05,1.070051671065970158e-05,1.099328385103742300e-05,1.169573895134236738e-05,1.155182497817230838e-05,1.108106646424587841e-05,1.033638631025788378e-05,1.125459072133185343e-05,1.252805971024801138e-05,1.157276514608909173e-05,1.146885708017982060e-05,1.153711253969070275e-05,1.280891582621153198e-05,1.137914580614995910e-05,1.201304375726066107e-05,1.243248937417539148e-05,1.230976978580626891e-05,1.366371189627387889e-05,1.190447557242127863e-05,1.250643736922904845e-05,1.274144628503913014e-05,1.299149688540499659e-05,1.262761076003105571e-05,1.298046552409069557e-05,1.269959878058001147e-05,1.244437206355085666e-05,1.340926905276395305e-05,1.247692017277740158e-05,1.269184340542195283e-05,1.232825065946745889e-05,1.267129435092360236e-05,1.458776325415654208e-05,1.419756819759032348e-05,1.472829064460996243e-05,1.384436914598140641e-05,1.423853743115756344e-05,1.415175197979759264e-05,1.367808994164850134e-05,1.369913559193361654e-05,1.325801380801002724e-05,1.395051698809420774e-05,1.481490978089305450e-05,1.435861009447252625e-05,1.431487324984921045e-05,1.411854170983714469e-05,1.341393568958250348e-05,1.347574150943617296e-05,1.348547862602658928e-05,1.400259193505926653e-05,1.442746435961509873e-05,1.416999007328771735e-05,1.739351263667874707e-05,1.628303675631219996e-05,1.524200311665122668e-05,1.453730070745820994e-05,1.421323322621956933e-05,1.501200181453116041e-05,1.474237602409044103e-05,1.395176075155065147e-05,1.365742659223198771e-05,1.325994822766064633e-05,1.374566538776549700e-05,1.265254017563649712e-05,1.359047477217212484e-05,1.377718454266078399e-05,1.349580534998802608e-05,1.370307424085638152e-05,1.316010515800703363e-05,1.294559167315600140e-05,1.363680375658865412e-05,1.284698663431515512e-05,1.373854135281258657e-05,1.305086088357811559e-05,1.232300392273002386e-05,1.198560806799305868e-05
7.528274613374370468e-06,7.493004633633217538e-06,6.966605526586109809e-06,6.734711516262918953e-06,7.189759157576816877e-06,7.094289742268920517e-06,7.477525218760537100e-06,7.517654626003499496e-06,7.225683477614130446e-06,7.748023456643004457e-06,6.953782089793868033e-06,7.447940324271906507e-06,7.660662110739751321e-06,7.203671194107846420e-06,7.292869072689885172e-06,8.482352045504641785e-06,6.706874193125448106e-06,7.887071010037374403e-06,7.827147264277142742e-06,8.054530750868167771e-06,8.572127550865630234e-06,7.811107387797996794e-06,8.343254811842754475e-06,7.615439081102307776e-06,8.071363119987433812e-06,8.428148290618477496e-06,8.432448713453783432e-06,8.360345702752038416e-06,8.015540441294074817e-06,8.343597210480246378e-06,8.276160991598770247e-06,7.731007227739891994e-06,8.689943434201889688e-06,8.020319070009357209e-06,8.520770194836352598e-06,8.474929953017604391e-06,9.030178727185588281e-06,8.757977253862254353e-06,8.489520173720321907e-06,8.187788771326868969e-06,9.108785527043548134e-06,9.249547756259440405e-06,8.828272656375566520e-06,9.212522370220764669e-06,8.942642725957691472e-06,8.838042282773318827e-06,9.685247646644965904e-06,9.155325517824256610e-06,9.702323731407953993e-06,8.939345952039651246e-06,1.006888142962159146e-05,9.243378983628263798e-06,9.848345251988510469e-06,9.547464582572130225e-06,9.595838271490896368e-06,1.036916833464212750e-05,1.023646847022691709e-05,9.694465378775155931e-06,1.028121408248046247e-05,1.044973839290544478e-05,1.026220681162241083e-05,1.012600764546722401e-05,1.060117566546539332e-05,1.077585914258271869e-05,1.094512987890367213e-05,1.081113903177468315e-05,1.080884217653746894e-05,1.086255426866756922e-05,1.147584886573220154e-05,1.167271968450802739e-05,1.103300648484146994e-05,1.025805309703855662e-05,1.140377770988860565e-05,1.248026143869169372e-05,1.151846301681425151e-05,1.141439966695330148e-05,1.149281430172638284e-05,1.273144616917083031e-05,1.131808253727825008e-05,1.194548209586174101e-05,1.249763095213920652e-05,1.197973017946006271e-05,1.342890706419623263e-05,1.175918263288573356e-05,1.261831646566499527e-05,1.284232894772660850e-05,1.294229313916450856e-05,1.288321481203712768e-05,1.311381422218577957e-05,1.274634033086208199e-05,1.261409074039456313e-05,1.347164879384585406e-05,1.248698437902135733e-05,1.279570329058947227e-05,1.236876867555089841e-05,1.264813246949019069e-05,1.447134126404432229e-05,1.424796463884542152e-05,1.468196181102500511e-05,1.382969421790696519e-05,1.421514385787167210e-05,1.426856083248529680e-05,1.368225429285449114e-05,1.377714476063266536e-05,1.343735751658585704e-05,1.415517444214401747e-05,1.468862443052251616e-05,1.461703604128513730e-05,1.426419621301009777e-05,1.396152068658372761e-05,1.319313007816547550e-05,1.360944664822868482e-05,1.348624985664657514e-05,1.405119061378199265e-05,1.430768644223819073e-05,1.414705863406232904e-05,1.628303675631219996e-05,1.699633802368651319e-05,1.536138312981045055e-05,1.449416343988279987e-05,1.386525288015577720e-05,1.485992801262131242e-05,1.478977632418117222e-05,1.375652654019470371e-05,1.374498719259416632e-05,1.315482614824002480e-05,1.381886425135041411e-05,1.277610188123557077e-05,1.375418917719618509e-05,1.362953026480526512e-05,1.356334015273811148e-05,1.369753909995354924e-05,1.349988178538719952e-05,1.304760763543567148e-05,1.356810906158553217e-05,1.293997532271639658e-05,1.358164670419017639e-05,1.294227606047174455e-05,1.254994838051247151e-05,1.232272559257691103e-05
8.075793842044286418e-06,8.006865580104215993e-06,7.227880298281165145e-06,7.047405601881094634e-06,7.278942753466256343e-06,7.461078776669079482e-06,7.680213704383801975e-06,8.031962612347649252e-06,7.440938774048370270e-06,7.594744709110285146e-06,7.225523880412953884e-06,7.532317046991918009e-06,7.705914808379044409e-06,7.412305634498143527e-06,7.482956097329526795e-06,8.377752143629620135e-06,7.221870186692105858e-06,8.019275424954614844e-06,8.028547398412788451e-06,8.147884325277822729e-06,8.520775581498428122e-06,8.046378303732768536e-06,8.419387078978828040e-06,7.762256395396319620e-06,8.154757406240463455e-06,8.673029592244244911e-06,8.540611789457670862e-06,8.295206682703992903e-06,8.026808826294928824e-06,8.291824360366501227e-06,8.202665300664932041e-06,7.960715032627211984e-06,8.723844564640512441e-06,8.218694522269815578e-06,8.447629135834399173e-06,8.385425530866403185e-06,8.996130982245499884e-06,8.806503183095478073e-06,8.633453957395440892e-06,8.082793477078753614e-06,9.148241536210594240e-06,9.312830529781932648e-06,8.783457236514420198e-06,9.181059160096225637e-06,9.053065400844106068e-06,8.935112481247089750e-06,9.565993157579589105e-06,9.153394814539892376e-06,9.772424852618279595e-06,8.995357213718419462e-06,9.678171890862232352e-06,9.000073606933179369e-06,1.004624356759330657e-05,9.297652048549617289e-06,9.562964005175533542e-06,1.018601220055341212e-05,1.012530847015851023e-05,9.726562928715268885e-06,1.009874456258761222e-05,1.038472716026415074e-05,1.003639253673410671e-05,1.002137209403901443e-05,1.040780993177769423e-05,1.066188301194775769e-05,1.080434249742839659e-05,1.068738767134525932e-05,1.061711649364353325e-05,1.085072214466924920e-05,1.133659545067543702e-05,1.144572859409365190e-05,1.092909570197233926e-05,1.031594846130630842e-05,1.128855966343029921e-05,1.211867808199104730e-05,1.138038867393445883e-05,1.141285877248553578e-05,1.165019488912182902e-05,1.220289484968108049e-05,1.140436594137404005e-05,1.208891290289518169e-05,1.229512268292361758e-05,1.212245189619643580e-05,1.334660934637050667e-05,1.150546808282562530e-05,1.234892529349952476e-05,1.250946778674787511e-05,1.303302024027760417e-05,1.279781972633107922e-05,1.308730517583574864e-05,1.283840484265652440e-05,1.237606677009921670e-05,1.311064297746210712e-05,1.262311261354124496e-05,1.265416343719680825e-05,1.239871368766852390e-05,1.261526294567314459e-05,1.424810361375032580e-05,1.396276737482534465e-05,1.429434256616294385e-05,1.356824378808677343e-05,1.372265011867079125e-05,1.366368192314792489e-05,1.358128013355724659e-05,1.364814902473517948e-05,1.319131895868660043e-05,1.383372846697667296e-05,1.459759992926088431e-05,1.443390463560578184e-05,1.399347836727314772e-05,1.381567586502222163e-05,1.309754314898033115e-05,1.343801583419660521e-05,1.356446695504149528e-05,1.386248360675960208e-05,1.398668101099410560e-05,1.419333973139824052e-05,1.524200311665122668e-05,1.536138312981045055e-05,1.584104397327054379e-05,1.426366067176300862e-05,1.388929699025437547e-05,1.448867400177143177e-05,1.474666352777721300e-05,1.386529513374125131e-05,1.369491550572494223e-05,1.328846089079920113e-05,1.406196236787647303e-05,1.315699115924745241e-05,1.377459243116835582e-05,1.387211856312768961e-05,1.344302712703865236e-05,1.403589084231849558e-05,1.397794470727810220e-05,1.363563832833184174e-05,1.376283417013381579e-05,1.295496571097371262e-05,1.380296551724800699e-05,1.337670908376565954e-05,1.300713843574736526e-05,1.257688850562021609e-05
7.589574585053716885e-06,7.748874584089146579e-06,7.134198596130156579e-06,6.885738684696956629e-06,7.016303510782990780e-06,7.418912736987708030e-06,7.609693313227893318e-06,7.901373978530146602e-06,7.524032256094876577e-06,7.568846069879158786e-06,6.981328273061879081e-06,7.434715268364867971e-06,7.701712774720947282e-06,7.289332908000171285e-06,7.200336258756851399e-06,8.431610904927371101e-06,6.907798328042349138e-06,7.870137383545972045e-06,8.071369633222109599e-06,7.954607723514639639e-06,8.453725846719282593e-06,7.821731265465702338e-06,8.219916720122032403e-06,7.704808868183962738e-06,8.018042401946610251e-06,8.475707402371558173e-06,8.368992118705310187e-06,8.149900314927090023e-06,7.835241077861406034e-06,8.156430242422609055e-06,8.018487607639768232e-06,7.728852136161562891e-06,8.448869390656062422e-06,7.837452718285846235e-06,8.288334967743683296e-06,8.332186595699628254e-06,8.635311341555593995e-06,8.602234484843237957e-06,8.362136065014761892e-06,8.004678843312176752e-06,8.769443666237290410e-06,8.903614488477258821e-06,8.434681406951575870e-06,8.819420752102040046e-06,8.724642295665784074e-06,8.606001223701882150e-06,9.105313511910180394e-06,8.927801702165229789e-06,9.387078713129410172e-06,8.654395051738543736e-06,9.243474768831651302e-06,8.760473452603315380e-06,9.521239570928729029e-06,9.020503267981315159e-06,9.333956108233692513e-06,9.752783257533976949e-06,9.729291667763611759e-06,9.255646296820318550e-06,9.604224384035848794e-06,9.821181060104066887e-06,9.644966873153603906e-06,9.607872251995691655e-06,9.977510166426083413e-06,1.001344585038359222e-05,1.026839728387158442e-05,1.021245433289086858e-05,1.000772556236162557e-05,1.029536093527387370e-05,1.062552704750612645e-05,1.094223570646477774e-05,1.053473750123390698e-05,9.773769829140334782e-06,1.074487767716078596e-05,1.157583168193521101e-05,1.081708047594295324e-05,1.075054670662932223e-05,1.090188613119016520e-05,1.154553831802866965e-05,1.068487605487912335e-05,1.148446878185869919e-05,1.167265750392836226e-05,1.139675001789882662e-05,1.232617176030150295e-05,1.107978419931968649e-05,1.186611327281640387e-05,1.202547042950416808e-05,1.230309888698752562e-05,1.203508246745872192e-05,1.243831090048235745e-05,1.220958125247825527e-05,1.173746270163959624e-05,1.236246203489005453e-05,1.207356504921743046e-05,1.210425613241252367e-05,1.184505542840156137e-05,1.185088969431151966e-05,1.324121925471884650e-05,1.302240820136096439e-05,1.350373975656697484e-05,1.282049604331919383e-05,1.326896706757761591e-05,1.310771433272209367e-05,1.300530753085479073e-05,1.299773943381559223e-05,1.261831497606751283e-05,1.318293862730696904e-05,1.381150735436340850e-05,1.385444573898961440e-05,1.337189219335131770e-05,1.324542215075491255e-05,1.260225450565637605e-05,1.271623900569490947e-05,1.284940135567886737e-05,1.337624530736275633e-05,1.330214022396905227e-05,1.339295096193654635e-05,1.453730070745820994e-05,1.449416343988279987e-05,1.426366067176300862e-05,1.452713329749421596e-05,1.317531682466106509e-05,1.409738538699403810e-05,1.407446399342040768e-05,1.351616700447214509e-05,1.329326161988956508e-05,1.265194219555595326e-05,1.346963369620795422e-05,1.267070074214634021e-05,1.325459390824474132e-05,1.354524733209947438e-05,1.311765951995331865e-05,1.364892088763144183e-05,1.338375848630972019e-05,1.293971583098662482e-05,1.344317501750107314e-05,1.269634441774703686e-05,1.329799282194595082e-05,1.268886084781728656e-05,1.277050640748697196e-05,1.203648869516967684e-05
8.105288255202658976e-06,8.172506952885965034e-06,7.406273248382599781e-06,7.228498510491910371e-06,7.454859542582657413e-06,7.576251641784573598e-06,7.663139020003887074e-06,8.112835012606113924e-06,7.539692625297946199e-06,7.709680492819117307e-06,6.949289940570000697e-06,7.556790632551356736e-06,7.737502491065920197e-06,7.465428193122999153e-06,7.617206928417173289e-06,8.451417438683928317e-06,7.357153022081436815e-06,7.963864122608862715e-06,8.066116663770092431e-06,8.123340846026912723e-06,8.360403562653234810e-06,8.085015555952631996e-06,8.249364505087664995e-06,7.639837527566438428e-06,8.053158878185759774e-06,8.654487870729115099e-06,8.219951683411782771e-06,8.197463646698892307e-06,7.785998740376368668e-06,8.256697719845581935e-06,8.098647439950568838e-06,7.845861226056465208e-06,8.552386167358670132e-06,8.144453364043572575e-06,8.255469778251425049e-06,8.353403319063660673e-06,8.751191186771954661e-06,8.751705864806268308e-06,8.409782045061627069e-06,7.886893585453304668e-06,8.822940109432287039e-06,8.884996246911973898e-06,8.418211048262760191e-06,8.684861734062755776e-06,8.869983964488922294e-06,8.676649516847212214e-06,9.160066520222415892e-06,8.849450539686766669e-06,9.379750653276392778e-06,8.725716527082406644e-06,9.211356345585275997e-06,8.741743531466808462e-06,9.694003827297425742e-06,9.027533042486830250e-06,9.269375881288179029e-06,9.533847790613409428e-06,9.573649517846099586e-06,9.122114063924933043e-06,9.337408000428220857e-06,9.675045972774401582e-06,9.467461310821166290e-06,9.408457883851030525e-06,9.825679045093312444e-06,9.964911093767953514e-06,1.020674881806945998e-05,9.896226831471254226e-06,9.930863372873111164e-06,1.019548659880560449e-05,1.057634628204670606e-05,1.069379966512951468e-05,1.044926737068365899e-05,9.838346657371637875e-06,1.059307034633152961e-05,1.105774106672881480e-05,1.074857343643121736e-05,1.063516079468432059e-05,1.082135277285749089e-05,1.118163318082546102e-05,1.065044492696780824e-05,1.146834780282446665e-05,1.155123812055908478e-05,1.140985469354945893e-05,1.220521007167836608e-05,1.081170943938447525e-05,1.163877706794509839e-05,1.165314400052707030e-05,1.195087877355508460e-05,1.193834358839851783e-05,1.214312637370988444e-05,1.201036211198765960e-05,1.144580786251337957e-05,1.204275029014537374e-05,1.206473305299314943e-05,1.191928341244326582e-05,1.169913067824442919e-05,1.181184573934728450e-05,1.325538852465437832e-05,1.261848299358268498e-05,1.315563730591650404e-05,1.267876515316546510e-05,1.286863357249686290e-05,1.274224044996123272e-05,1.303431128713775704e-05,1.270789508096315678e-05,1.231079306716909264e-05,1.279983696838527981e-05,1.351732563020312968e-05,1.332148138133470461e-05,1.304187154842315409e-05,1.289625505943037513e-05,1.260319754412347737e-05,1.268032171716645581e-05,1.270213688455642216e-05,1.307196480084243753e-05,1.290053510991307078e-05,1.325095237927523573e-05,1.421323322621956933e-05,1.386525288015577720e-05,1.388929699025437547e-05,1.317531682466106509e-05,1.423244281753211212e-05,1.385161804204725479e-05,1.413236092556429676e-05,1.353352023478136801e-05,1.359362903351225454e-05,1.291696743465321697e-05,1.353861792504826391e-05,1.300896062302816160e-05,1.300762395598961946e-05,1.355791925514415855e-05,1.307326556533685502e-05,1.385245918558676132e-05,1.389935588845942933e-05,1.345931546028711685e-05,1.345640297560929359e-05,1.222218683897577471e-05,1.365691699770557356e-05,1.306960982962415926e-05,1.277940374837526739e-05,1.194993693116286407e-05
8.312170037454029412e-06,8.441561954166620322e-06,7.785794108895846051e-06,7.502139001531753783e-06,7.739473533943053233e-06,7.979479251177804726e-06,8.026867487654048005e-06,8.367143832568152938e-06,7.888863288132411363e-06,8.754793722089099722e-06,7.527009055576474973e-06,7.966028596428864235e-06,8.333972978858836540e-06,7.922699987757618909e-06,7.985658551082319465e-06,8.559886575841323196e-06,7.559144191457402106e-06,8.315166356536940069e-06,8.472932700482463451e-06,8.639450058932304527e-06,8.961688229666671331e-06,8.487621933853038941e-06,8.782558690332356520e-06,8.224125516245117337e-06,8.657010396014471870e-06,9.065239053584719697e-06,8.799585801456128988e-06,8.709068960225707417e-06,8.339236695436577241e-06,8.782191420633690934e-06,8.555837858832578542e-06,8.237877914121515845e-06,9.145529725108002714e-06,8.490835270215284775e-06,8.816695199227525607e-06,8.808765411917320000e-06,9.333981016124732880e-06,9.261696824298092180e-06,8.918026081954289397e-06,8.350307726387419936e-06,9.375312467818462800e-06,9.505180741058939496e-06,8.972922901021906022e-06,9.254918059817816741e-06,9.236757581081813629e-06,9.221348638181247004e-06,9.761153424790808018e-06,9.357035222260667211e-06,9.953365583736348241e-06,9.286481912643453209e-06,9.769486434687234188e-06,9.275823592284440666e-06,1.013410074765738349e-05,9.593780983877137024e-06,9.809479482018578566e-06,1.030442364367307639e-05,1.015187441125664482e-05,9.739873240010992831e-06,9.804177801891333113e-06,1.022392812232457012e-05,1.006951005197077349e-05,9.914802799224279095e-06,1.046461823052261255e-05,1.052497261926985529e-05,1.064516311290850062e-05,1.040681653342171121e-05,1.067087423050930703e-05,1.077893812434313904e-05,1.121366866730177311e-05,1.145012715576030715e-05,1.093538643343158421e-05,1.030809174824476262e-05,1.120244840204610540e-05,1.169897677612753835e-05,1.130813912961263537e-05,1.109398321957122569e-05,1.138070299970947873e-05,1.194914799575703761e-05,1.121150717882657343e-05,1.179555503278977322e-05,1.220532911615592946e-05,1.196675564297599049e-05,1.275710522015570169e-05,1.141031642256183050e-05,1.229391903739945022e-05,1.248872871693220290e-05,1.266577115566439359e-05,1.238682173697536501e-05,1.274189644751527328e-05,1.259017311042061903e-05,1.225495480136526880e-05,1.275821035889020090e-05,1.266356177666798756e-05,1.249177486061829874e-05,1.214188731862465938e-05,1.243979162595771506e-05,1.375545081774335320e-05,1.338331399338008791e-05,1.392641288571185011e-05,1.336649259564003777e-05,1.350644203289782102e-05,1.342136264861385576e-05,1.357019188354375999e-05,1.324073406597221122e-05,1.296640294072604205e-05,1.358267994189440704e-05,1.429215943101644180e-05,1.405716122695387897e-05,1.386312595379825476e-05,1.353689502088140563e-05,1.301456828294224179e-05,1.326938602634565920e-05,1.339001111204316585e-05,1.374333947057020184e-05,1.366201403726417498e-05,1.393901549801978666e-05,1.501200181453116041e-05,1.485992801262131242e-05,1.448867400177143177e-05,1.409738538699403810e-05,1.385161804204725479e-05,1.583835542324352666e-05,1.484497356439813808e-05,1.406060554276557769e-05,1.407253858285360331e-05,1.303695977013989621e-05,1.394443729575525622e-05,1.315401394273721146e-05,1.375965167148795818e-05,1.426377842905616603e-05,1.363190465203168011e-05,1.470193546494146495e-05,1.420015232081578066e-05,1.363692560389585980e-05,1.434325120361144818e-05,1.318033981623747527e-05,1.419553637068320183e-05,1.376436964481266404e-05,1.338678022501237689e-05,1.273927366545014022e-05
9.030530752060116404e-06,9.010980917738154396e-06,8.180768024076305530e-06,8.206335565744669698e-06,8.271415975879295741e-06,8.574070471117934013e-06,8.665746794912492515e-06,9.170648565079934296e-06,8.415986521548582684e-06,8.395165147782141321e-06,7.993912915531494723e-06,8.652006607924249591e-06,8.772888872565534862e-06,8.505236364372738216e-06,8.543490637693126473e-06,8.898492538567484385e-06,8.016150467213652630e-06,8.921105686510298914e-06,9.117511333361597392e-06,9.047795359520643843e-06,9.412187340781350296e-06,8.966669592165993759e-06,9.237304677659471453e-06,8.680032253442372179e-06,9.038823978290348621e-06,9.613021222268338577e-06,9.241883737492310967e-06,9.217798088130166009e-06,8.841083086983347433e-06,9.168433860373432020e-06,8.909105124106143732e-06,8.854395870014442689e-06,9.718316083602468897e-06,9.013021822153562522e-06,9.228577394954163966e-06,9.272272795652415937e-06,9.778199600027897098e-06,9.629371572250462009e-06,9.377579944245823250e-06,8.837856372973714603e-06,9.858527517366439484e-06,9.846071869008537217e-06,9.259822451410611152e-06,9.672466899064341076e-06,9.686667359190807524e-06,9.560154013879334031e-06,1.001582458526778822e-05,9.702177640789366346e-06,1.043355586005421340e-05,9.543839088100418636e-06,1.005577068088466395e-05,9.624959457265376228e-06,1.040058025338880871e-05,9.856824179662272139e-06,1.005625477123561249e-05,1.057005234570407756e-05,1.045021296963193682e-05,1.020005343664660636e-05,1.016102580242017069e-05,1.052688590079603738e-05,1.019427452132735469e-05,1.019035970935957919e-05,1.080575817563033773e-05,1.075416552580774721e-05,1.101781008885183219e-05,1.074325013084001301e-05,1.088631508606689628e-05,1.107422717756258192e-05,1.131071171144110744e-05,1.158332418841163746e-05,1.104942764146233201e-05,1.048861113175138395e-05,1.142565615267725103e-05,1.182188931369092132e-05,1.149480006715025345e-05,1.124926856250288781e-05,1.173820671538200298e-05,1.188739658732889983e-05,1.126357037435649704e-05,1.209220642556180132e-05,1.234180146420546685e-05,1.204464240020288082e-05,1.277953350843613493e-05,1.152153025295475667e-05,1.238973023329751018e-05,1.242761389596207816e-05,1.274712106961598394e-05,1.291116974445637932e-05,1.291002383044249033e-05,1.294666647836117550e-05,1.230292489761858941e-05,1.263358390919421408e-05,1.298116506433369521e-05,1.259568185372386894e-05,1.256715449125355753e-05,1.239109934501616170e-05,1.377391023028916223e-05,1.342276610751497785e-05,1.392650270010819791e-05,1.341076570880924861e-05,1.356244117075738976e-05,1.350102681805668818e-05,1.375233070556658915e-05,1.342420613247004987e-05,1.312278966785660766e-05,1.360790959751611301e-05,1.442098960888912717e-05,1.445072043221089086e-05,1.372950290696937983e-05,1.372575751100894178e-05,1.324916112728060025e-05,1.358331421294720256e-05,1.366233549333632580e-05,1.393675148515294980e-05,1.383415015473693461e-05,1.413253987925170953e-05,1.474237602409044103e-05,1.478977632418117222e-05,1.474666352777721300e-05,1.407446399342040768e-05,1.413236092556429676e-05,1.484497356439813808e-05,1.599545244512884617e-05,1.435781125296844637e-05,1.432216258534771632e-05,1.373480102974200214e-05,1.470921033765957973e-05,1.382320195279725319e-05,1.418506443079233820e-05,1.464995980817234603e-05,1.398006482271911728e-05,1.508764890838115396e-05,1.484664213647713772e-05,1.480177599662400161e-05,1.480955159847687576e-05,1.359579073258160180e-05,1.477895973631987599e-05,1.430523550140371685e-05,1.423643231412583340e-05,1.320844696013898426e-05
8.478324406658831135e-06,8.707739795141738380e-06,7.966485057639510918e-06,7.744283970344056095e-06,7.781218977742003243e-06,8.097901019403546397e-06,8.308613958357616015e-06,8.463527786271514869e-06,8.173215474261061444e-06,8.262827166648577763e-06,7.782533515197606169e-06,8.280485106725197987e-06,8.460026012824695225e-06,7.969375642420490697e-06,8.072142858801809444e-06,8.527050045711586461e-06,7.841411449918159500e-06,8.433931179492090957e-06,8.636889953929945327e-06,8.565745800224125884e-06,8.995127004633067115e-06,8.483148794133760806e-06,8.854482681850438713e-06,8.142412476120294037e-06,8.642431396230479789e-06,9.215588180236362233e-06,8.745518663682064808e-06,8.738479041561931772e-06,8.436912176079211742e-06,8.698318325478495360e-06,8.602932501718174978e-06,8.352663758726105989e-06,9.111196506827929744e-06,8.486476411245549834e-06,8.756637476048904442e-06,8.654879836886564869e-06,9.097403988940895198e-06,9.119098696500406735e-06,8.720556337043304027e-06,8.383154377753118636e-06,9.164996448617375373e-06,9.265172817144280842e-06,8.780373262057574975e-06,9.007739125576798633e-06,9.048306590158821029e-06,9.184131467194598818e-06,9.459595676037476139e-06,9.203851892238334385e-06,9.676357148934763746e-06,8.986136646575480517e-06,9.457833364731551659e-06,9.000778145490283947e-06,9.640017222406605494e-06,9.220837097595709886e-06,9.469140257505613792e-06,9.659588665742080996e-06,9.657015577393327481e-06,9.514503011516529308e-06,9.419981291248225990e-06,9.862314654943080139e-06,9.662212262981380222e-06,9.371415759898207989e-06,9.923009313495066952e-06,9.933369712771605381e-06,1.019230818572618100e-05,1.001089873047763806e-05,9.936549373452418002e-06,1.025875013136630150e-05,1.048118522969925641e-05,1.066854975912755150e-05,1.051439190715731016e-05,9.836632122357855571e-06,1.063514226710653657e-05,1.083607736014146333e-05,1.066413161025408214e-05,1.054904857176759675e-05,1.092014635238374941e-05,1.108412701164981164e-05,1.059085919108296051e-05,1.120734816140230925e-05,1.157714880426301568e-05,1.127222006514759770e-05,1.186715441419563294e-05,1.073434230268791125e-05,1.152938983702512932e-05,1.156502393942947952e-05,1.199257652233440726e-05,1.182239117657138286e-05,1.209573050751970966e-05,1.207366840113148509e-05,1.153901809972434158e-05,1.176849935661710485e-05,1.196661230338418214e-05,1.187182849856803663e-05,1.196458164063346298e-05,1.183570906006193449e-05,1.284524218483090712e-05,1.232204563933330746e-05,1.294195709157201513e-05,1.251882602461574029e-05,1.271238918445356431e-05,1.267061166737639724e-05,1.305245331798506452e-05,1.231803928540591655e-05,1.227112535400897218e-05,1.280081251584796986e-05,1.336939969414620404e-05,1.363556882293028710e-05,1.310289535249862503e-05,1.258212825001870416e-05,1.248214421480777633e-05,1.267652105030194481e-05,1.286370186868175710e-05,1.334184383571990831e-05,1.285992522125261764e-05,1.345456067787929588e-05,1.395176075155065147e-05,1.375652654019470371e-05,1.386529513374125131e-05,1.351616700447214509e-05,1.353352023478136801e-05,1.406060554276557769e-05,1.435781125296844637e-05,1.506208282247389621e-05,1.355139580030779439e-05,1.304485059807549771e-05,1.373474286555604233e-05,1.326240929901021122e-05,1.364430906645318594e-05,1.436156288015144174e-05,1.349876318209248742e-05,1.444629698335527848e-05,1.451798399947349294e-05,1.389257814584783128e-05,1.398918922587901100e-05,1.310111771460094903e-05,1.432178318009935634e-05,1.375024366779495671e-05,1.335632400965926065e-05,1.266519661461619793e-05
9.267089628967167453e-06,9.256950893773681702e-06,8.457016321397174493e-06,8.384710243235934620e-06,8.410759639615168507e-06,8.705404336788455713e-06,8.813837631321151726e-06,9.242288206582348917e-06,8.327682398458325933e-06,7.737960869559561508e-06,7.986043936032849200e-06,8.821926317146666128e-06,9.045837302364130003e-06,8.716506097395631183e-06,8.870793934831526384e-06,8.691513266714195497e-06,8.397325044632683480e-06,8.924296772978646604e-06,9.225481969743409627e-06,8.966401457910919479e-06,9.316699683431507278e-06,8.953624267210575952e-06,9.403206241055488395e-06,8.799299902918688164e-06,9.087439279999670285e-06,9.284894731340952233e-06,9.183782288812602937e-06,9.207427153871307069e-06,8.742819010750898620e-06,9.107959826417569074e-06,9.000462763419864252e-06,8.858980443627242833e-06,9.550614405258405333e-06,9.004300179142056990e-06,9.145603187652118771e-06,9.197361597771990647e-06,9.494134665239196323e-06,9.613150645693557494e-06,9.396668931381464061e-06,8.809968142764666813e-06,9.729724501079934536e-06,9.749304673310346407e-06,9.000013295139749282e-06,9.368870756781372223e-06,9.492636604781175052e-06,9.565401220247339247e-06,9.904730271278995311e-06,9.506285191493994807e-06,1.004600756374347009e-05,9.431936526693674247e-06,9.606095073160579280e-06,9.500822696830181130e-06,1.015577175179393409e-05,9.812284109793549498e-06,9.957972247495532918e-06,1.015757011805714018e-05,1.028580214471332202e-05,9.903416074040509762e-06,9.811051799930736879e-06,1.012492060151562105e-05,1.006991289771244070e-05,9.849687771388150847e-06,1.025094991390474774e-05,1.028783324065581979e-05,1.061809567600640443e-05,1.049632182666988275e-05,1.025888291248068611e-05,1.052267311590320399e-05,1.087568124173593181e-05,1.102834776735280287e-05,1.089368318246247466e-05,1.019577328586546887e-05,1.100611350514088840e-05,1.116120623860495510e-05,1.117465359241027579e-05,1.085862658750825670e-05,1.139082003730279819e-05,1.151518029495235405e-05,1.097793630535887118e-05,1.167801219352228847e-05,1.175901143739688435e-05,1.150133710217398185e-05,1.208785460909130667e-05,1.090439327790674900e-05,1.188579903964339118e-05,1.194608598671929323e-05,1.210508358102040586e-05,1.228613624395856967e-05,1.198620409043781092e-05,1.230480609801747281e-05,1.195714758586814056e-05,1.187070988731168916e-05,1.225657452180708762e-05,1.203433312806140144e-05,1.179799111288835492e-05,1.196580187368248851e-05,1.281027825043910068e-05,1.236412463835936869e-05,1.311589025999004641e-05,1.262322721328316401e-05,1.272280201414948551e-05,1.281484196046484349e-05,1.313599733495113834e-05,1.266305143514018147e-05,1.246078566078113067e-05,1.279731692796470145e-05,1.331815430221161621e-05,1.382595025486501336e-05,1.303123815344417611e-05,1.315370970296389701e-05,1.264110330813933238e-05,1.277882462621052042e-05,1.296708666746015989e-05,1.319905623228691210e-05,1.271509635681194497e-05,1.329773828702889679e-05,1.365742659223198771e-05,1.374498719259416632e-05,1.369491550572494223e-05,1.329326161988956508e-05,1.359362903351225454e-05,1.407253858285360331e-05,1.432216258534771632e-05,1.355139580030779439e-05,1.550483294617702740e-05,1.332889843103962029e-05,1.399460197183942434e-05,1.358954875024015512e-05,1.390198689425482409e-05,1.381324972804109393e-05,1.351942888437435877e-05,1.443431891378817042e-05,1.446401649991255153e-05,1.447421901103461981e-05,1.456966450747153024e-05,1.334407006840296334e-05,1.415796456169186953e-05,1.369381903961798529e-05,1.375559436444003653e-05,1.302264047805289396e-05
8.823245147686371176e-06,8.757217433836929341e-06,7.916675555171173815e-06,7.858053777197499841e-06,7.808590653218438736e-06,8.124257388542137812e-06,8.386805966833093902e-06,8.635103453521937735e-06,7.981318695303600200e-06,7.552698963835866794e-06,7.909314901224491232e-06,8.367029457836102962e-06,8.446948656387132033e-06,8.225755172360891618e-06,8.339241714803603071e-06,8.636645382471863538e-06,7.853534647001371628e-06,8.506794575505329621e-06,8.740228769039708317e-06,8.701798630715907760e-06,8.960712802974277717e-06,8.741977507146600382e-06,9.037106222087944217e-06,8.369115000965282388e-06,8.619659382888356371e-06,9.069660161335152694e-06,8.751676358035492795e-06,8.804500785608842129e-06,8.430590990204303440e-06,8.669687518216109460e-06,8.618094964503362525e-06,8.562009440694672767e-06,9.309232065530969710e-06,8.488549179577841548e-06,8.770679040894875840e-06,8.795852187994939535e-06,9.104271883061328558e-06,9.273722445558072564e-06,9.123029250043988703e-06,8.544176245693986362e-06,9.236050249893419667e-06,9.392216938400136538e-06,8.710998122540950683e-06,9.038604253648176108e-06,9.131425073990113902e-06,9.174258370546434460e-06,9.467966111275150413e-06,9.198278337737378780e-06,9.580016965247184748e-06,9.009271855356044739e-06,9.334810659194858013e-06,8.865588680717598579e-06,9.695693048733873117e-06,9.275445343969924728e-06,9.551814048998217210e-06,9.615436931075628724e-06,9.794290126644921937e-06,9.439356705837939797e-06,9.528323435905453119e-06,9.729042638487661669e-06,9.536347407418050771e-06,9.563837467948802564e-06,9.707917410169667575e-06,9.944751212287347144e-06,1.008194535067776141e-05,1.003518233468343165e-05,9.878618988285321791e-06,1.002257132347576891e-05,1.048435297497991275e-05,1.055820315579025346e-05,1.040877874887144335e-05,9.874427233025182991e-06,1.045393071542349753e-05,1.079188980739528904e-05,1.046122162883312297e-05,1.055041556450094794e-05,1.080635008743033963e-05,1.092930700646092475e-05,1.041880275463799848e-05,1.126843817753836426e-05,1.128846017646484995e-05,1.104690776241462692e-05,1.155558548334719872e-05,1.067915976081734688e-05,1.118717694108870331e-05,1.135845759283013726e-05,1.154278681051638692e-05,1.171440816548865828e-05,1.166494312641007730e-05,1.192955852965494018e-05,1.114400159618401771e-05,1.142678900401139253e-05,1.167195555050126576e-05,1.171034939954338230e-05,1.137084655836737360e-05,1.139145273916684166e-05,1.230717144586070507e-05,1.178222783148096085e-05,1.250761184400249418e-05,1.194194648942400642e-05,1.220726317401912222e-05,1.217154183737640820e-05,1.254165063399891664e-05,1.218009003305610092e-05,1.191229185537978253e-05,1.226812815506398071e-05,1.285612261444956412e-05,1.319532388117017593e-05,1.242659069123279172e-05,1.231609719774039956e-05,1.199837138195391117e-05,1.232919338950086339e-05,1.253295981653180205e-05,1.269748595381528801e-05,1.231447861582626162e-05,1.294925973299856448e-05,1.325994822766064633e-05,1.315482614824002480e-05,1.328846089079920113e-05,1.265194219555595326e-05,1.291696743465321697e-05,1.303695977013989621e-05,1.373480102974200214e-05,1.304485059807549771e-05,1.332889843103962029e-05,1.414436479364201723e-05,1.343496725593338586e-05,1.300941394165450318e-05,1.321860499499080585e-05,1.322079570793754890e-05,1.276009293589247999e-05,1.364843095002790157e-05,1.371013148979812232e-05,1.370030367815819943e-05,1.347321463629367073e-05,1.209010568510527419e-05,1.363029298144076929e-05,1.269687141002806790e-05,1.314668491843582257e-05,1.232200840347280619e-05
9.327403453026801369e-06,9.279219158358538314e-06,8.398250544794958082e-06,8.354217738986276866e-06,8.321917716710638827e-06,8.523456956451698035e-06,8.809473206297536099e-06,9.130519324309886454e-06,8.440117624817409947e-06,8.082836504450478590e-06,8.083482393377666326e-06,8.679352002852089334e-06,9.100887093761770669e-06,8.531003593647411789e-06,8.621525146125958786e-06,8.907801997804343350e-06,8.150703044138556146e-06,9.015147591129721229e-06,9.117488017964522768e-06,8.900359775833634405e-06,9.330763815924551937e-06,8.958642011844870589e-06,9.110396392029481498e-06,8.729058164637942292e-06,8.924580179751778435e-06,9.333310554673311598e-06,9.198122624458891940e-06,9.002275381019367125e-06,8.737265574041281875e-06,9.040229668139229254e-06,8.885664005881976533e-06,8.831712670375510121e-06,9.604235543794253647e-06,8.914592147874160607e-06,9.001006951330880928e-06,8.962590353531596618e-06,9.496841195076460715e-06,9.398218452174662946e-06,9.400082511068371427e-06,8.706207197111389412e-06,9.575465212044131756e-06,9.606143952097625211e-06,8.913572667290635363e-06,9.429887014586019563e-06,9.470141762807234947e-06,9.348625132777695524e-06,9.709051628797436844e-06,9.480563395826316857e-06,1.008953917825561946e-05,9.287369384078869054e-06,9.777777220856788819e-06,9.288418844821911687e-06,1.020967971340450339e-05,9.743041975559119721e-06,9.756052219382451538e-06,1.014066192863034765e-05,1.019211109934903510e-05,9.924145455071407227e-06,1.001180542143947593e-05,1.026233207177382554e-05,9.834395600487726174e-06,9.973205986211077201e-06,1.036249962947091869e-05,1.036434116847916004e-05,1.061953718949251392e-05,1.029120594424868824e-05,1.023003290953166240e-05,1.078724200769977569e-05,1.078970428397457724e-05,1.100893765100880666e-05,1.087778747075550334e-05,1.020589817147768615e-05,1.103906662748686698e-05,1.123934115734910401e-05,1.113526170990356122e-05,1.083614538176095204e-05,1.141094711896698670e-05,1.134014448786146234e-05,1.086626048899653201e-05,1.183299445601309454e-05,1.176796690567720913e-05,1.158202183356117217e-05,1.193507339196229890e-05,1.109784010515397023e-05,1.185039650140439723e-05,1.186576040427930139e-05,1.211477067028819380e-05,1.233000274460913983e-05,1.221028114029499573e-05,1.244186991792588693e-05,1.177799895992153867e-05,1.196853707754568698e-05,1.257378706654026481e-05,1.228911619439593611e-05,1.219202479328486475e-05,1.206031981413981597e-05,1.302104491904628562e-05,1.236370964594860410e-05,1.300958668743125371e-05,1.274477950887705193e-05,1.292782094529468465e-05,1.272306687956377838e-05,1.331069979246234148e-05,1.287158287434467217e-05,1.270011144207565906e-05,1.286358833759451073e-05,1.355967768507043778e-05,1.380782725481317634e-05,1.301831722431281197e-05,1.305578603295191230e-05,1.277806692890647178e-05,1.304951702197417002e-05,1.332418826841310692e-05,1.360432699134964048e-05,1.312439134855019325e-05,1.353094885206385452e-05,1.374566538776549700e-05,1.381886425135041411e-05,1.406196236787647303e-05,1.346963369620795422e-05,1.353861792504826391e-05,1.394443729575525622e-05,1.470921033765957973e-05,1.373474286555604233e-05,1.399460197183942434e-05,1.343496725593338586e-05,1.534051258870589211e-05,1.367996386455801820e-05,1.375062726082028312e-05,1.422801327918518890e-05,1.370213614245600579e-05,1.467915210476436073e-05,1.467280273060313055e-05,1.421146458747355217e-05,1.416875492648582163e-05,1.306780786186927951e-05,1.400152553008628108e-05,1.384082689017090291e-05,1.377653812465463360e-05,1.303875563087300698e-05
9.017944918508129324e-06,9.109648534161280233e-06,8.328411599328532739e-06,8.213626005635220299e-06,8.271370184656070602e-06,8.495306085680190910e-06,8.594308159234862417e-06,9.095857840507237186e-06,8.408213722074805540e-06,7.742157322769903130e-06,7.781135398514629057e-06,8.422182474604514890e-06,8.735292329035317517e-06,8.412509620287520344e-06,8.585585023599286820e-06,8.518081720551863556e-06,7.952079832693130621e-06,8.729284189200049423e-06,8.939084560552772426e-06,8.868125272831042701e-06,9.118014313972604232e-06,8.844263787742976854e-06,9.055111718869868396e-06,8.479202583616741429e-06,8.629308701593296416e-06,9.133434175445540672e-06,8.934196398052476873e-06,8.849232432275782735e-06,8.571657602319835158e-06,8.815223209039072484e-06,8.774945879275989304e-06,8.603133650078743295e-06,9.398715969407059594e-06,8.742681472847926440e-06,8.920754073120392124e-06,8.807791922034607121e-06,9.044383756867770127e-06,9.235396904909314763e-06,9.204567423622620062e-06,8.570094841697767674e-06,9.363377303670127088e-06,9.297248599425131244e-06,8.772723767154980151e-06,9.041116445904632854e-06,9.292176906228064921e-06,9.303182062925518674e-06,9.542226986520983861e-06,9.232699212468417507e-06,9.787267245313350478e-06,9.091165697399431793e-06,9.349268227906894083e-06,8.988484807032666722e-06,9.762086806625182195e-06,9.506111153678772010e-06,9.654712832804681336e-06,9.588566671941076361e-06,9.854186365557091889e-06,9.462139283644041386e-06,9.454307382432308826e-06,9.722653323199800966e-06,9.502024464173108601e-06,9.516131163465027762e-06,9.921748015648408400e-06,9.879304229000473065e-06,1.012483881950443472e-05,9.942455878552115903e-06,9.732930512514560822e-06,1.008487558911527786e-05,1.026310924170058519e-05,1.072709523964317367e-05,1.023154629408894757e-05,9.806514985146183998e-06,1.061914879061583770e-05,1.063924802518591925e-05,1.050947404268187380e-05,1.047337149459567984e-05,1.105549403230129112e-05,1.073130226884652498e-05,1.040193658218310335e-05,1.127185709418858852e-05,1.147536224685858893e-05,1.106802273166207751e-05,1.132291338844855255e-05,1.060569183954501794e-05,1.136854158059012461e-05,1.123198953460112799e-05,1.157616169890704014e-05,1.169417475301606228e-05,1.189738191720819578e-05,1.206172316264069490e-05,1.121285922732539644e-05,1.132880648466721640e-05,1.186863250320208006e-05,1.168528515927534734e-05,1.162885130468555302e-05,1.147768335917928015e-05,1.247575862065161851e-05,1.186649883287665688e-05,1.232963326839500498e-05,1.217702570695669017e-05,1.214572267416669556e-05,1.210271466182338962e-05,1.272883267722960422e-05,1.213340402516848189e-05,1.199078579407474088e-05,1.218840734163004884e-05,1.275829893835267790e-05,1.309624730370172215e-05,1.239856693147642022e-05,1.232709813066778202e-05,1.215596645366050477e-05,1.240185118874421603e-05,1.270156414019879483e-05,1.262005824743037187e-05,1.232998694806470335e-05,1.274125123008700870e-05,1.265254017563649712e-05,1.277610188123557077e-05,1.315699115924745241e-05,1.267070074214634021e-05,1.300896062302816160e-05,1.315401394273721146e-05,1.382320195279725319e-05,1.326240929901021122e-05,1.358954875024015512e-05,1.300941394165450318e-05,1.367996386455801820e-05,1.449839470796423217e-05,1.345589697846417664e-05,1.357658950794488887e-05,1.318440766427799556e-05,1.417656731474932743e-05,1.428813660221065375e-05,1.412776712876597089e-05,1.365859886132302615e-05,1.257591932856533347e-05,1.400843724665470078e-05,1.328885508857422277e-05,1.373796333714220487e-05,1.273008164788354972e-05
9.431619116528631498e-06,9.382626316354395117e-06,8.512429770204999984e-06,8.536135125269672991e-06,8.382120184215932545e-06,8.812344428473004490e-06,9.163651275088573807e-06,9.346531960350884351e-06,8.879308753904593642e-06,6.781017600221245281e-06,8.020427757994770849e-06,8.871119387731344965e-06,9.251003696759779965e-06,8.587493258922248887e-06,8.939777058321775051e-06,9.140441526004983782e-06,8.895610135618989687e-06,9.240432568014656268e-06,9.265162075954647212e-06,9.039429680810443979e-06,9.343459365555988478e-06,9.011635437970163531e-06,9.297836462854921013e-06,8.947235640020578850e-06,9.116123007674491465e-06,9.334233714040634326e-06,9.493434311411421772e-06,9.338063240582466509e-06,8.829855463378787902e-06,9.158301275622162340e-06,9.181250076065714761e-06,9.041792409929250490e-06,9.737255682785412884e-06,8.966193099348350213e-06,9.180191539760171110e-06,8.970763173766787451e-06,9.372503968866599029e-06,9.412156702711589967e-06,9.444580069804433731e-06,8.957343497295881641e-06,9.630672214528309877e-06,9.674812205957991100e-06,9.095883936290059428e-06,9.446882993261935366e-06,9.397098358767133565e-06,9.548049997937538305e-06,9.665079455781219885e-06,9.427228885110783217e-06,9.929930900806793233e-06,9.328056745022014176e-06,9.721344301088298182e-06,9.377898719029963517e-06,9.858248849289071562e-06,9.683956748576873658e-06,9.804828189745286714e-06,1.011293485752343916e-05,9.915092955117484435e-06,9.783804013988876535e-06,9.757819742607922136e-06,9.974341417008783040e-06,9.977821474695432863e-06,9.774534104367456672e-06,1.036031050213997126e-05,1.053617450103666949e-05,1.056772934601887274e-05,1.050990006317631231e-05,1.039294395286604570e-05,1.052220876171570022e-05,1.062471024711564764e-05,1.104245266790904008e-05,1.057433913021763239e-05,1.022049458548140436e-05,1.091975650008315090e-05,1.123772982397584323e-05,1.098992061431643291e-05,1.089756232588740348e-05,1.140991025803511752e-05,1.126341722415853262e-05,1.082058438451349202e-05,1.180891868744838986e-05,1.198730208454748644e-05,1.124557449794940078e-05,1.197155771144886085e-05,1.110303095926640415e-05,1.205298937616067034e-05,1.187542770046466189e-05,1.213853106002948980e-05,1.205272311907215994e-05,1.216797481856240122e-05,1.247102219405521760e-05,1.197314040275916217e-05,1.210107652090415729e-05,1.213757307585500724e-05,1.211287802477399966e-05,1.211478056156892718e-05,1.191115705730805991e-05,1.281989751227242881e-05,1.252653921022111709e-05,1.279740105512399946e-05,1.242222048403940103e-05,1.274114084229176008e-05,1.271625239201221570e-05,1.305419248040759323e-05,1.266433441555411289e-05,1.237949703282045395e-05,1.267234404118051689e-05,1.338686079364972347e-05,1.375567788208537614e-05,1.305276522256947808e-05,1.291722114807559242e-05,1.244935295769993816e-05,1.287621342395747900e-05,1.294948611145357638e-05,1.321285214096228510e-05,1.312143356922325710e-05,1.325442282678842091e-05,1.359047477217212484e-05,1.375418917719618509e-05,1.377459243116835582e-05,1.325459390824474132e-05,1.300762395598961946e-05,1.375965167148795818e-05,1.418506443079233820e-05,1.364430906645318594e-05,1.390198689425482409e-05,1.321860499499080585e-05,1.375062726082028312e-05,1.345589697846417664e-05,1.523355943919539618e-05,1.408128775557265009e-05,1.343536382863481118e-05,1.442004510790058686e-05,1.452488193249102304e-05,1.438626485381817548e-05,1.431522356918670556e-05,1.334218319980551188e-05,1.426884622558554365e-05,1.358398708381736110e-05,1.394938666633796903e-05,1.309278661641126412e-05
9.017437010721797907e-06,9.126472807548682454e-06,8.351689082207872905e-06,8.301281822049225276e-06,8.121195437877914630e-06,8.706904594672672864e-06,8.713409294260335069e-06,9.113117653643206773e-06,8.614424850415391090e-06,7.799047242736250620e-06,7.785678500442749406e-06,8.662398060323546695e-06,8.813619081431309877e-06,8.531608327229750919e-06,8.498039847229932190e-06,8.832105804249936539e-06,8.063996888256326503e-06,8.964232024097112107e-06,9.078407629886693376e-06,8.969351090598244415e-06,9.455888665512449248e-06,8.779388122791818329e-06,9.311398390238066864e-06,8.888785806890396688e-06,9.010346826906914127e-06,9.627615469848559349e-06,9.278224562328594898e-06,9.226779207151070836e-06,8.850257566579989094e-06,9.113937224189577440e-06,8.799876469871919938e-06,8.976768393533649583e-06,9.590865243308666603e-06,8.910118835271785203e-06,9.147804964698473225e-06,9.012074556893161621e-06,9.410696475803741496e-06,9.469886282528089212e-06,9.275609990303241816e-06,8.669936233340822584e-06,9.610607382225531663e-06,9.602171115200292464e-06,9.031293217112264579e-06,9.410814314234479690e-06,9.598084206847178789e-06,9.486704493906867613e-06,9.638031675144444218e-06,9.640660040729619540e-06,1.006469550750415260e-05,9.430249312935138866e-06,9.607508573778821801e-06,9.390807960497502278e-06,1.027560002052466406e-05,9.554217377811809691e-06,9.860777808674270058e-06,9.956364236241866392e-06,1.004569357280651194e-05,9.778038798765771724e-06,9.687350566722595577e-06,1.020538091914156935e-05,9.702407405312027589e-06,9.535106425740185138e-06,1.009640420684636869e-05,1.029274737585679008e-05,1.055897173222777435e-05,1.018455176519119070e-05,1.019680329578936538e-05,1.045558260387366366e-05,1.066279716532905323e-05,1.090374239750550318e-05,1.064635058427554632e-05,1.007383102175619522e-05,1.082835032537051981e-05,1.103348329965744833e-05,1.084303091157056414e-05,1.055291964058282928e-05,1.110253680406069848e-05,1.107279240849423238e-05,1.046651904001119450e-05,1.148493520743409788e-05,1.167973178433068871e-05,1.163934360030589183e-05,1.187817387830492630e-05,1.074593401602556307e-05,1.190934335233568612e-05,1.186119741534662164e-05,1.194289430062402326e-05,1.185423493112818967e-05,1.232394352333346362e-05,1.227720255400229091e-05,1.177608504411534912e-05,1.178582295455580262e-05,1.225913313268211689e-05,1.210732076041467856e-05,1.195592501308749274e-05,1.166028321055657927e-05,1.291944234694194596e-05,1.214875736863909990e-05,1.282331768777932961e-05,1.271438008827738249e-05,1.267371093380519211e-05,1.251736215854454811e-05,1.317379558990525287e-05,1.244410489321530716e-05,1.253105066692710779e-05,1.283703425949392434e-05,1.340180173807091393e-05,1.358536638767881699e-05,1.316573315322133171e-05,1.278429118586052728e-05,1.261685765152307934e-05,1.288886545716520352e-05,1.330061485333868333e-05,1.357045880472776646e-05,1.311971403734798393e-05,1.345626703626833462e-05,1.377718454266078399e-05,1.362953026480526512e-05,1.387211856312768961e-05,1.354524733209947438e-05,1.355791925514415855e-05,1.426377842905616603e-05,1.464995980817234603e-05,1.436156288015144174e-05,1.381324972804109393e-05,1.322079570793754890e-05,1.422801327918518890e-05,1.357658950794488887e-05,1.408128775557265009e-05,1.608731446935049629e-05,1.403147185832109454e-05,1.514042173978505819e-05,1.500332366288891329e-05,1.489054521776005199e-05,1.453890898401275147e-05,1.352747248790256899e-05,1.475140860004793252e-05,1.452672328532321322e-05,1.413973804751508239e-05,1.370438310103447004e-05
8.835247741564953173e-06,8.878105663793492490e-06,8.284263534655976721e-06,8.264617340992130794e-06,8.108164016807565926e-06,8.420135428318379617e-06,8.698357400325818067e-06,8.913985925225532042e-06,8.458754381890418631e-06,7.672757955099658182e-06,7.838782693176240477e-06,8.714996298287632387e-06,9.122717955936857336e-06,8.528112392577023182e-06,8.623087711454908858e-06,8.402744243602805092e-06,7.539330830346841562e-06,8.903456950394944650e-06,9.069855132128516555e-06,8.992129494113744988e-06,9.399510847966327824e-06,9.024742983552965905e-06,9.568239028772127967e-06,8.671201630066664319e-06,8.983538304439987534e-06,9.503941526201885900e-06,9.323494293268998307e-06,9.326229895441617021e-06,8.786700143641688730e-06,9.285234302933286919e-06,9.005998635148505273e-06,8.707276290515622639e-06,9.720210098919766518e-06,8.975998074022335956e-06,9.212628655601060482e-06,9.069019581890200814e-06,9.342698313655965663e-06,9.517872076884820669e-06,9.337125070865392838e-06,8.907667723775717202e-06,9.668772552814609408e-06,9.667069748918406596e-06,9.158449160373434677e-06,9.493245569297432691e-06,9.549612854794772975e-06,9.559829081297524845e-06,9.718317270251799128e-06,9.607187532683316073e-06,9.935491887985288100e-06,9.322849221344651412e-06,9.704812075877946787e-06,9.529115664868284183e-06,1.013386428221849416e-05,9.766529567099313557e-06,9.870283994872545931e-06,1.028945115125279090e-05,1.023270074805300652e-05,9.688916335700158453e-06,9.935309780580482572e-06,1.009145509452421664e-05,1.002466891971157749e-05,9.912448893010752625e-06,1.029033095089609755e-05,1.018722034088651161e-05,1.048157309309881514e-05,1.028057677941039088e-05,1.016862655920977176e-05,1.058540420108963112e-05,1.064044284718046874e-05,1.089501635594821698e-05,1.073057414341167424e-05,1.007935475424642517e-05,1.076953511180869112e-05,1.100216714159628283e-05,1.085928983027224666e-05,1.058285390517757951e-05,1.109379309204013106e-05,1.118410929884650170e-05,1.068751713042095149e-05,1.120744706997659935e-05,1.153010014650297943e-05,1.127712597661941930e-05,1.172004517063425295e-05,1.077392749600641637e-05,1.180988688836232774e-05,1.166637820638797386e-05,1.171319315283136503e-05,1.165844834802027425e-05,1.189545321836155791e-05,1.206728673638851519e-05,1.158920729638284040e-05,1.170449203243345494e-05,1.199731542316761346e-05,1.189074997814290564e-05,1.142218181860044005e-05,1.162050186832255900e-05,1.264051483723548180e-05,1.200752430344864581e-05,1.266863701868145786e-05,1.234474119879556923e-05,1.254791210504476901e-05,1.243791304303965210e-05,1.261758888116767855e-05,1.215210454730799024e-05,1.202859941927119287e-05,1.236797537424683962e-05,1.306086348062634470e-05,1.333909749876549749e-05,1.278222324012915538e-05,1.252009924119197567e-05,1.227781484225853039e-05,1.248138716778739609e-05,1.248314713799514276e-05,1.303268142334778476e-05,1.250399845303448975e-05,1.284458567908342857e-05,1.349580534998802608e-05,1.356334015273811148e-05,1.344302712703865236e-05,1.311765951995331865e-05,1.307326556533685502e-05,1.363190465203168011e-05,1.398006482271911728e-05,1.349876318209248742e-05,1.351942888437435877e-05,1.276009293589247999e-05,1.370213614245600579e-05,1.318440766427799556e-05,1.343536382863481118e-05,1.403147185832109454e-05,1.482838318833668859e-05,1.415525597324955209e-05,1.434515234963435498e-05,1.401455520757397353e-05,1.433953614996022645e-05,1.329035039822929490e-05,1.403978090415424131e-05,1.391080390819108985e-05,1.352541191961077837e-05,1.344326723260987922e-05
9.729728110369073325e-06,9.677709927725968025e-06,8.911496707046747911e-06,8.930203095129248298e-06,8.687615458854649900e-06,8.998171594668662808e-06,9.286601995060256957e-06,9.744931807184617972e-06,8.866499487416274432e-06,8.005485331512019655e-06,8.054267764504675431e-06,8.937848577140224325e-06,9.258386037767101214e-06,9.053069588255145794e-06,9.112185529548891006e-06,9.279550666179273288e-06,8.571608794955182692e-06,9.308313700507302038e-06,9.513682612213310947e-06,9.212669576539073444e-06,9.584861649640560646e-06,9.104783395835194457e-06,9.523149174175084470e-06,9.083674771050259566e-06,9.261150125395953782e-06,9.815653949830862687e-06,9.481893670021088497e-06,9.397649962019338822e-06,8.896339159479520724e-06,9.375049711239648954e-06,9.100642206003327732e-06,9.098519814182869637e-06,9.704182268063603527e-06,9.005917750489361265e-06,9.175096990425071549e-06,9.086107504136664779e-06,9.556457729823663498e-06,9.567175819988932265e-06,9.477799799145038225e-06,8.777720623027222577e-06,9.683079774279471099e-06,9.660039210151441427e-06,9.223500586763499492e-06,9.545021475316282274e-06,9.548953500605732593e-06,9.579043906446293110e-06,9.698344659658141497e-06,9.517520673854797553e-06,1.006692715604804875e-05,9.324641383650909593e-06,9.498448949762404174e-06,9.291707711961368877e-06,1.010189041325528436e-05,9.619401158057776894e-06,9.919192899790319444e-06,9.927675941827800762e-06,1.004858655901994664e-05,9.774988994596890671e-06,9.646230131680481916e-06,9.962675481761913571e-06,9.819649813221903293e-06,9.653601491780196755e-06,1.009744208480591867e-05,1.011777338572383311e-05,1.057894119046547697e-05,1.018949101024850403e-05,1.017181595526415668e-05,1.046212656974313450e-05,1.060472394273489691e-05,1.076762624423677954e-05,1.071157712067153034e-05,1.006168700689172265e-05,1.091883892200483647e-05,1.090409021724660084e-05,1.084075740018985066e-05,1.080622686943466251e-05,1.118817585118289606e-05,1.110992441640026434e-05,1.054872887008194813e-05,1.174022384125768630e-05,1.167342037652815821e-05,1.153060472279927740e-05,1.174869134016054428e-05,1.098145484763566098e-05,1.190389783307596673e-05,1.192472205705171921e-05,1.200117749828721096e-05,1.207526705651911448e-05,1.228606590379579812e-05,1.251798476353868430e-05,1.164909923244072200e-05,1.182621462355206786e-05,1.237117154221057380e-05,1.229807280020971313e-05,1.213888585045991101e-05,1.180452221996864447e-05,1.286455236879533900e-05,1.241318922031608165e-05,1.296838683001963431e-05,1.268643193759250326e-05,1.281814183282102761e-05,1.264137982334767650e-05,1.338111096184248855e-05,1.254382471629091723e-05,1.243927225291370735e-05,1.295059049314278378e-05,1.356380245030627848e-05,1.387394105917960510e-05,1.328524426286916690e-05,1.295256938947145696e-05,1.268184716894728381e-05,1.319131318962134155e-05,1.344777295546148437e-05,1.357497834870451739e-05,1.322251384267245698e-05,1.352330302701333891e-05,1.370307424085638152e-05,1.369753909995354924e-05,1.403589084231849558e-05,1.364892088763144183e-05,1.385245918558676132e-05,1.470193546494146495e-05,1.508764890838115396e-05,1.444629698335527848e-05,1.443431891378817042e-05,1.364843095002790157e-05,1.467915210476436073e-05,1.417656731474932743e-05,1.442004510790058686e-05,1.514042173978505819e-05,1.415525597324955209e-05,1.690879533276756538e-05,1.571360842559229050e-05,1.499676867209279246e-05,1.504066624242037397e-05,1.388742644329201938e-05,1.533180529850695838e-05,1.489137034668045720e-05,1.485697929205497251e-05,1.415564901948985153e-05
9.990915347938882031e-06,1.008356206706387141e-05,9.320738675635553569e-06,9.419631069516305898e-06,9.053324989502499026e-06,9.600604643351022354e-06,9.646562260201627719e-06,1.006229694348527769e-05,9.376188240684393959e-06,7.693463358498535187e-06,8.304784403560314782e-06,9.396564078498333502e-06,9.821998563812375026e-06,9.207398328156937421e-06,9.568418213158765787e-06,9.948081655408883703e-06,8.945571726511978569e-06,9.646715453798612676e-06,9.909884616828749606e-06,9.613279001678703243e-06,9.884784619063887462e-06,9.573666881559980211e-06,9.918442803805823236e-06,9.337592319606103695e-06,9.457317051263590917e-06,1.028288195285562018e-05,9.885947591404890247e-06,9.892027176938199756e-06,9.186239767195028671e-06,9.711989573451797753e-06,9.551786787248589983e-06,9.466791088348945816e-06,1.027361124368371272e-05,9.338420962281115671e-06,9.537671339774860313e-06,9.409277860374898905e-06,9.792180250485200973e-06,9.934530087563221752e-06,9.792167794903865351e-06,9.189332729128423620e-06,1.010202096032364178e-05,1.004262307777413725e-05,9.329343081699127951e-06,9.881630787752415502e-06,9.966163887466441084e-06,1.002425628061108653e-05,1.001818704880758460e-05,9.809853548977183303e-06,1.049819602548574545e-05,9.677518393095963967e-06,1.005326901365783976e-05,9.735443878619077880e-06,1.034206338046727524e-05,1.000919585987169361e-05,1.007818121910271299e-05,1.037197056096160761e-05,1.034814647427173060e-05,1.014014067819277292e-05,9.911008618529244167e-06,1.029638767948410060e-05,1.027590601458820186e-05,9.921954378263084552e-06,1.052133050721340083e-05,1.056385638719350729e-05,1.082553960224710516e-05,1.060141706396755854e-05,1.059415573962800864e-05,1.082942731511521523e-05,1.093273643068007658e-05,1.121509557114261210e-05,1.117248788751957506e-05,1.056730316286496364e-05,1.130739596688317025e-05,1.118218085730613017e-05,1.132447961578464390e-05,1.114294169340110145e-05,1.158301819095736748e-05,1.113955554150513531e-05,1.111238316185520334e-05,1.214250522796927993e-05,1.225797280125552454e-05,1.179511175369626078e-05,1.185265129773296035e-05,1.130767883900842307e-05,1.243221569599802337e-05,1.212483432673763414e-05,1.237500738772742078e-05,1.247808062854031093e-05,1.262649469133490037e-05,1.271611562039065542e-05,1.201678999627867850e-05,1.209665151978443949e-05,1.292823962483019044e-05,1.250304164654490483e-05,1.259611740138639557e-05,1.213676456079561527e-05,1.313484020131187546e-05,1.235477167831305219e-05,1.304026679916473844e-05,1.279801007315780787e-05,1.304189650028940069e-05,1.283000758814876692e-05,1.373613156211354605e-05,1.275553514953354904e-05,1.290967410315375936e-05,1.304629583343125026e-05,1.362745677329645494e-05,1.395295423033562352e-05,1.338716309106381924e-05,1.316027087478229510e-05,1.283232284524101953e-05,1.336863289827675860e-05,1.346487637359935647e-05,1.369515788431191891e-05,1.285986781140159835e-05,1.357045298457694934e-05,1.316010515800703363e-05,1.349988178538719952e-05,1.397794470727810220e-05,1.338375848630972019e-05,1.389935588845942933e-05,1.420015232081578066e-05,1.484664213647713772e-05,1.451798399947349294e-05,1.446401649991255153e-05,1.371013148979812232e-05,1.467280273060313055e-05,1.428813660221065375e-05,1.452488193249102304e-05,1.500332366288891329e-05,1.434515234963435498e-05,1.571360842559229050e-05,1.740143184619604542e-05,1.552901142122931524e-05,1.526867324098535718e-05,1.375521334167966436e-05,1.531816842049133368e-05,1.479594356893023249e-05,1.496157092966247033e-05,1.411408189459676337e-05
1.000117024598111870e-05,9.886715656983825138e-06,9.051964876058374936e-06,9.099540855697600610e-06,9.012426133587300595e-06,9.687826131231460061e-06,9.614046092462220477e-06,1.016074721147191194e-05,9.202876250133066804e-06,7.468536541414161880e-06,8.300946249989185364e-06,9.490105069308096014e-06,9.736379363558351693e-06,9.375081777385706297e-06,9.418714633363014772e-06,8.728341089089059808e-06,9.227491226103105401e-06,9.583246972783025767e-06,9.807073054517087744e-06,9.627778924672313507e-06,9.900811269617904015e-06,9.534939835901603625e-06,9.975671886389183611e-06,9.425662055855173272e-06,9.595113680700753227e-06,1.008391151809902724e-05,9.700337181639019646e-06,9.774693164777351745e-06,9.286135963714119108e-06,9.794391784001902897e-06,9.513817919093928082e-06,9.654079452386999221e-06,1.028101157459866951e-05,9.561019203440670493e-06,9.536325045706062710e-06,9.476083187369529871e-06,9.885933358032725714e-06,9.925702711257334421e-06,9.886865186265720876e-06,9.185762694458673197e-06,1.002026126844497956e-05,1.014320280401172901e-05,9.282727705744169366e-06,9.750122496091991498e-06,9.917749369643628758e-06,9.971162417999917171e-06,1.004500113317778305e-05,9.955000320812014780e-06,1.042324531537270440e-05,9.654158663038776652e-06,9.835779682641540754e-06,9.583859551841601948e-06,1.048117146246716466e-05,9.988872018669058743e-06,1.024282563188858745e-05,1.022313320001914861e-05,1.032480957737483932e-05,1.027462994149630364e-05,9.939807060106842077e-06,1.027720950935451984e-05,9.998632407524149707e-06,9.860870914953024776e-06,1.041953635521576448e-05,1.033957615460525054e-05,1.077560311141788092e-05,1.057543910658101948e-05,1.054032864841062914e-05,1.055509828804994836e-05,1.066948572487311941e-05,1.109696156484566809e-05,1.080576672790558924e-05,1.034773460927260878e-05,1.099759476564782935e-05,1.099151046615889426e-05,1.087053030740378005e-05,1.064509914269707721e-05,1.140377285689038556e-05,1.101965838400152333e-05,1.073557839127936950e-05,1.156153039588269940e-05,1.175246055517082525e-05,1.156444274073956078e-05,1.164909675652431474e-05,1.074367416812319633e-05,1.201120864283089791e-05,1.172388958964986647e-05,1.198443320174712925e-05,1.206593308852065985e-05,1.219678201653122586e-05,1.256021792018089514e-05,1.161261409362622732e-05,1.151833985894179461e-05,1.240612468621931767e-05,1.186402356974819065e-05,1.191009380688846671e-05,1.173931402000972650e-05,1.250355359922278570e-05,1.191277822527248351e-05,1.247998311073908440e-05,1.245626538831793708e-05,1.239266699674155795e-05,1.231769596694064259e-05,1.314757154656177515e-05,1.236829161271726272e-05,1.230430197070485447e-05,1.254414000481998015e-05,1.320223307588886389e-05,1.357147285631152453e-05,1.289569554883909158e-05,1.282931988892955118e-05,1.273504454544100787e-05,1.292250318561413823e-05,1.305521678200152049e-05,1.309660488800310612e-05,1.241362579426668685e-05,1.349261239076135858e-05,1.294559167315600140e-05,1.304760763543567148e-05,1.363563832833184174e-05,1.293971583098662482e-05,1.345931546028711685e-05,1.363692560389585980e-05,1.480177599662400161e-05,1.389257814584783128e-05,1.447421901103461981e-05,1.370030367815819943e-05,1.421146458747355217e-05,1.412776712876597089e-05,1.438626485381817548e-05,1.489054521776005199e-05,1.401455520757397353e-05,1.499676867209279246e-05,1.552901142122931524e-05,1.705731009062687141e-05,1.504533591042161383e-05,1.381703029465531382e-05,1.507682158835367625e-05,1.477391967661549641e-05,1.488638067207600731e-05,1.431046906315872015e-05
9.437854113829992101e-06,9.774618561022708392e-06,8.732562092634283858e-06,9.104589541142943696e-06,8.548875802803677251e-06,9.203060288325585881e-06,9.475548599549039937e-06,9.822047962416941236e-06,9.185549240658100848e-06,7.406068807822202332e-06,8.587870943010458022e-06,9.479257237276379880e-06,9.858416916399715145e-06,9.186364771397520233e-06,9.471674453280564269e-06,8.763632761053335952e-06,9.025475172420314226e-06,9.447860436454695596e-06,9.888836279697679944e-06,9.595894623148343820e-06,1.010541974571959917e-05,9.593553580463014147e-06,1.016567822014512651e-05,9.567571077408044251e-06,9.929107107635751580e-06,1.014802930160764234e-05,1.004311706287339249e-05,9.868956245383706210e-06,9.490921071537192466e-06,9.813319726895972295e-06,9.685824203435237185e-06,9.676326257148938739e-06,1.047947045802772972e-05,9.619566720770769236e-06,9.922078002738436418e-06,9.733728435617758489e-06,1.004212230227349060e-05,1.008547454822286690e-05,9.931389639572544835e-06,9.379661479803314911e-06,1.019453322912730537e-05,1.017591164460406043e-05,9.553150331393329701e-06,9.982153596275946951e-06,1.005443066801165147e-05,1.013638258587030167e-05,1.008321083863641059e-05,1.022960568244381851e-05,1.035002845073072143e-05,9.848718206202815699e-06,9.992893395291988710e-06,1.009728527462833881e-05,1.054424055037438487e-05,1.020068631815601091e-05,1.032477978498568224e-05,1.087042800399998272e-05,1.034405013600666038e-05,1.027441548572096268e-05,9.954567596152270406e-06,1.042492452570245866e-05,1.044809145367657539e-05,1.018652245004849149e-05,1.044461923075479064e-05,1.041841726466854448e-05,1.062218172315833206e-05,1.061373214810928997e-05,1.041459975204767794e-05,1.070971776467904915e-05,1.088080111943554562e-05,1.095871951597378164e-05,1.090112898629920890e-05,1.011051195869658675e-05,1.105528538077266490e-05,1.119511335042509546e-05,1.092450140279369356e-05,1.085486121704941110e-05,1.136644741282675219e-05,1.111240313699365610e-05,1.067973261368094677e-05,1.162041900856005572e-05,1.165340881815687697e-05,1.126145050216107930e-05,1.186431778718252490e-05,1.091724769050189015e-05,1.179315215502100154e-05,1.168926051126556394e-05,1.203066229241533400e-05,1.190843053194822722e-05,1.193688996384872375e-05,1.232370217135856916e-05,1.176828610012362321e-05,1.158185411592947690e-05,1.220671848953363076e-05,1.206275766753719741e-05,1.176831536781441286e-05,1.156578956302946131e-05,1.263860745499402592e-05,1.202554012093623330e-05,1.268687962340768873e-05,1.219100246034795591e-05,1.268519438324153289e-05,1.256545729572585896e-05,1.285457206640579128e-05,1.232062233124943770e-05,1.241261813195802241e-05,1.254238878059423844e-05,1.336659025505351212e-05,1.371314482564119072e-05,1.302297161229337115e-05,1.295343498826394628e-05,1.254257684927425929e-05,1.273819773467267281e-05,1.286268982051879288e-05,1.326929437866571527e-05,1.297421464131689310e-05,1.344489618930335580e-05,1.363680375658865412e-05,1.356810906158553217e-05,1.376283417013381579e-05,1.344317501750107314e-05,1.345640297560929359e-05,1.434325120361144818e-05,1.480955159847687576e-05,1.398918922587901100e-05,1.456966450747153024e-05,1.347321463629367073e-05,1.416875492648582163e-05,1.365859886132302615e-05,1.431522356918670556e-05,1.453890898401275147e-05,1.433953614996022645e-05,1.504066624242037397e-05,1.526867324098535718e-05,1.504533591042161383e-05,1.771451632501088035e-05,1.404065277018269111e-05,1.479256757396279233e-05,1.465299243430978072e-05,1.447996643216256643e-05,1.421841644297144454e-05
8.571213279938474160e-06,8.729687750698116367e-06,8.023389983166795081e-06,8.027041357137283252e-06,8.091438743566748665e-06,8.339184491380573059e-06,8.628331706228540996e-06,8.757181108708705968e-06,8.358096728897210817e-06,7.490912787148772489e-06,7.725103111523906724e-06,8.483554868470987321e-06,8.760881824589980023e-06,8.391410924261877237e-06,8.504940417306497237e-06,8.503321215788119217e-06,7.653488722921269490e-06,8.530040870879718984e-06,8.896442869984883786e-06,8.580555937114110789e-06,8.955646453616191181e-06,8.659861548662848749e-06,9.127309843918686081e-06,8.575256320542978431e-06,8.718161484376962125e-06,9.184082395419374125e-06,9.194308829612292961e-06,8.974982286348978370e-06,8.620665235366364295e-06,8.880396659136651383e-06,8.722473994544249401e-06,8.447179043825647578e-06,9.237900462808768529e-06,8.443528550553370163e-06,8.974634793844892406e-06,8.503938646340154686e-06,8.977220876115954703e-06,8.877970557245068003e-06,8.792234379583183619e-06,8.363214651584304212e-06,9.177007622874777817e-06,9.081711368201742454e-06,8.634775686560609603e-06,8.947630269287243379e-06,8.757996534173930771e-06,8.904583212857204044e-06,9.192120498586582253e-06,8.876810026788279378e-06,9.389568140259121678e-06,8.586620991044062334e-06,8.998321626017962379e-06,8.810832663816150969e-06,9.194155880189167060e-06,9.140305008577402803e-06,9.150193343498143640e-06,9.524413612950444300e-06,9.455124382130356721e-06,8.956450466754942066e-06,9.074388639589665238e-06,9.426246715931871562e-06,9.389526074705881667e-06,9.092702341651873288e-06,9.384756309753614669e-06,9.271453010622219063e-06,9.680693100072007410e-06,9.643669138333040814e-06,9.400328115646191317e-06,9.702785539871262155e-06,9.788027068508182993e-06,1.021509299362264728e-05,1.000416366354710862e-05,9.103066813513622070e-06,9.899391051502011307e-06,1.013687714215172538e-05,9.909778207521296060e-06,9.640961685949999468e-06,1.002278999678347976e-05,1.038102965451825245e-05,9.665476974392289491e-06,1.025359258797407081e-05,1.064025720230777279e-05,1.023499981823440983e-05,1.067501806174623481e-05,9.886715358356967372e-06,1.066049128818452993e-05,1.068033889117247178e-05,1.096125201755704136e-05,1.065884278508595352e-05,1.086935115748791493e-05,1.128557268429780705e-05,1.094597338182642781e-05,1.084970041633155272e-05,1.098732352115806811e-05,1.093184015894908716e-05,1.077931914954142957e-05,1.067187046625524709e-05,1.149644403407827094e-05,1.146720201839169895e-05,1.168909212751173956e-05,1.140565905073581945e-05,1.173288194269611864e-05,1.170198791371357150e-05,1.171474400709725539e-05,1.125179458878387548e-05,1.147890331269664866e-05,1.178466606887336313e-05,1.240372770096362156e-05,1.253215630667428031e-05,1.201705794860066074e-05,1.194589723165549515e-05,1.142582468080728391e-05,1.183914261544753915e-05,1.190037346711434354e-05,1.237852841012991419e-05,1.200357940314764258e-05,1.228396283504360654e-05,1.284698663431515512e-05,1.293997532271639658e-05,1.295496571097371262e-05,1.269634441774703686e-05,1.222218683897577471e-05,1.318033981623747527e-05,1.359579073258160180e-05,1.310111771460094903e-05,1.334407006840296334e-05,1.209010568510527419e-05,1.306780786186927951e-05,1.257591932856533347e-05,1.334218319980551188e-05,1.352747248790256899e-05,1.329035039822929490e-05,1.388742644329201938e-05,1.375521334167966436e-05,1.381703029465531382e-05,1.404065277018269111e-05,1.493998413379492776e-05,1.394247242685471432e-05,1.404857293857365426e-05,1.360727480261744806e-05,1.309461827338648129e-05
9.626922722877882888e-06,9.770750275757296422e-06,8.852845750725867757e-06,8.622639045784056373e-06,8.965908544298769345e-06,9.194722115363724522e-06,9.287145664590962219e-06,9.657316844757295274e-06,8.888961085222387773e-06,8.734177224768607567e-06,7.983783991516398465e-06,9.155892353438508510e-06,9.485772681908605667e-06,9.185074437290862505e-06,9.204320896621475382e-06,9.236791999703662992e-06,8.751654604941658033e-06,9.224757149434702026e-06,9.605306852013986252e-06,9.529538066766773827e-06,9.794224264633852648e-06,9.398966410880940571e-06,9.793992213213550746e-06,9.265721077969935924e-06,9.338848019450674120e-06,9.938449258342870639e-06,9.659431679860755346e-06,9.709928430303118354e-06,9.231515291880456158e-06,9.376165998902457507e-06,9.314239734627612494e-06,9.280925677434355339e-06,9.929359601923633158e-06,9.360593613896870058e-06,9.586752952582537447e-06,9.333712154822511274e-06,9.714320139499430740e-06,9.973475209019516969e-06,9.748328903856477191e-06,9.063829126484210122e-06,9.995491073433765116e-06,9.935236721131897306e-06,9.477815905513027221e-06,9.635324522338250441e-06,9.784929678165696997e-06,1.004668458807355834e-05,9.873548835622736726e-06,9.912603378457067390e-06,1.037808368393640085e-05,9.555478202905653292e-06,9.960835206839559162e-06,9.656247000918936942e-06,1.035816184603594561e-05,9.844427489273312344e-06,1.007112837400835241e-05,1.041444434052932708e-05,1.019813274489395266e-05,9.923335443748656275e-06,9.677598809094095742e-06,1.035158905136819369e-05,1.020954657573346310e-05,9.831246614995256829e-06,1.017419084441171324e-05,1.048611947227147975e-05,1.065503769926904234e-05,1.040879770600421073e-05,1.036330768058462920e-05,1.070558446033255149e-05,1.067700698477918427e-05,1.106459648276264354e-05,1.093148926539436222e-05,1.024660717994408955e-05,1.092897085156688371e-05,1.096839791000063795e-05,1.090755789245831905e-05,1.071501842342136281e-05,1.119519559414801889e-05,1.120748657007753320e-05,1.075911252130695715e-05,1.144802668684526175e-05,1.196008049804732737e-05,1.139889478605425476e-05,1.175492007147132848e-05,1.085629449643398588e-05,1.175512455244455384e-05,1.184591803188336921e-05,1.203916091081023587e-05,1.181287299700820288e-05,1.203757362561402445e-05,1.244288787416545409e-05,1.162761467221214547e-05,1.165045657197411986e-05,1.219727572303357238e-05,1.199922961146180679e-05,1.199314984198866052e-05,1.168247956181649257e-05,1.280782447505912497e-05,1.232984598098376230e-05,1.275576789943543892e-05,1.259015753235146348e-05,1.274142656304124754e-05,1.238719594747036372e-05,1.324017330650551798e-05,1.231115172832085204e-05,1.234834843742853371e-05,1.273608385788259066e-05,1.343220138857936913e-05,1.344245903276187573e-05,1.308234568087598261e-05,1.272115416527984521e-05,1.245632583980369354e-05,1.292394371903962243e-05,1.314321468734169672e-05,1.309462264794486657e-05,1.273352068210757106e-05,1.318071023889844609e-05,1.373854135281258657e-05,1.358164670419017639e-05,1.380296551724800699e-05,1.329799282194595082e-05,1.365691699770557356e-05,1.419553637068320183e-05,1.477895973631987599e-05,1.432178318009935634e-05,1.415796456169186953e-05,1.363029298144076929e-05,1.400152553008628108e-05,1.400843724665470078e-05,1.426884622558554365e-05,1.475140860004793252e-05,1.403978090415424131e-05,1.533180529850695838e-05,1.531816842049133368e-05,1.507682158835367625e-05,1.479256757396279233e-05,1.394247242685471432e-05,1.675010190160584704e-05,1.476609113607339624e-05,1.471498460214874278e-05,1.383744997736522217e-05
8.876961302105554181e-06,9.026652194051195861e-06,8.169365213764946980e-06,8.370916005510066417e-06,8.352480324355079027e-06,8.594034021296209820e-06,8.646988373246249876e-06,9.215080869273363826e-06,8.509858596475888294e-06,8.164517247763014817e-06,7.855787694641411321e-06,8.669702281163948619e-06,8.819544326819554427e-06,8.621615589017265363e-06,8.768447430401837597e-06,8.089514264336507003e-06,8.085922473145358951e-06,9.082438857022989627e-06,8.996915038436081272e-06,8.782412377571357053e-06,8.985516042533375956e-06,8.947085117145063256e-06,9.195185914562440895e-06,8.818334774591001209e-06,8.775200096502973874e-06,9.421917010231777045e-06,9.284312521140178221e-06,8.946999158527684342e-06,8.525572796114678256e-06,9.098469126073753941e-06,8.750036113274460805e-06,8.758461014802865590e-06,9.434754771569129283e-06,8.749057223043537658e-06,9.048934458723386615e-06,8.602501716221890539e-06,9.231093230068002155e-06,9.149384496483588578e-06,9.047590228445745279e-06,8.212609682512502489e-06,9.338139133460579224e-06,9.338759215945705746e-06,8.817981961993247137e-06,8.995723514058575368e-06,9.215799440742983853e-06,8.872212550890378529e-06,9.357434398469637445e-06,9.183669710124166003e-06,9.736550064859016132e-06,8.948698775871606091e-06,9.168276057276328222e-06,9.007174303353004778e-06,9.660286440832359384e-06,9.255890837432953564e-06,9.360025835350965531e-06,9.709916326818992898e-06,9.484335619392982326e-06,9.293633752324659137e-06,9.414575863892287206e-06,9.785177012112199649e-06,9.495672126638055827e-06,9.115206834088113876e-06,9.736748507343374640e-06,9.448539271553683505e-06,1.004944188416221758e-05,9.688649969782156337e-06,9.921883560470861704e-06,9.828167670675561310e-06,1.009458681261856942e-05,1.019548278913351376e-05,9.934927895641610965e-06,9.665289727192302025e-06,1.040122946501146807e-05,1.027017162686162111e-05,1.031695148262552159e-05,9.907625958032894683e-06,1.061642278128905937e-05,1.050966561000963661e-05,1.003144769909354941e-05,1.074019056700664865e-05,1.106729280514070652e-05,1.083661125381162251e-05,1.119091940587315868e-05,1.015041391791711203e-05,1.108009710717952504e-05,1.108359138417721469e-05,1.119381603711330582e-05,1.101954781891992240e-05,1.123519400220492572e-05,1.176295727966822049e-05,1.112395738458599701e-05,1.102695769693576336e-05,1.145276166638018939e-05,1.140938777980623837e-05,1.107738095038421134e-05,1.086014746230969643e-05,1.198386645668582735e-05,1.163065967510330904e-05,1.187540853651341154e-05,1.188628333901938418e-05,1.195190128719817859e-05,1.165633261612019000e-05,1.228860201599838394e-05,1.133482553397510990e-05,1.173790716076534469e-05,1.208331374227243807e-05,1.295533692164607678e-05,1.278224481089933121e-05,1.247826261208128629e-05,1.216881563174365927e-05,1.200202916031190922e-05,1.243200344141137153e-05,1.245947989936291288e-05,1.256420670692400992e-05,1.224580415639010692e-05,1.301767018893510888e-05,1.305086088357811559e-05,1.294227606047174455e-05,1.337670908376565954e-05,1.268886084781728656e-05,1.306960982962415926e-05,1.376436964481266404e-05,1.430523550140371685e-05,1.375024366779495671e-05,1.369381903961798529e-05,1.269687141002806790e-05,1.384082689017090291e-05,1.328885508857422277e-05,1.358398708381736110e-05,1.452672328532321322e-05,1.391080390819108985e-05,1.489137034668045720e-05,1.479594356893023249e-05,1.477391967661549641e-05,1.465299243430978072e-05,1.404857293857365426e-05,1.476609113607339624e-05,1.663820112443379400e-05,1.406949345523653841e-05,1.377742054871271979e-05
9.451307248156549975e-06,9.531939738665868802e-06,8.430105797564044044e-06,8.602966879236310620e-06,8.577315479710405637e-06,9.098520609432813415e-06,9.084271412844957349e-06,9.669841274934830189e-06,8.763764750156481805e-06,7.847138539902329742e-06,8.247476194683629343e-06,8.801661234899936645e-06,9.211444504264051605e-06,9.019752295665252773e-06,9.039562378110623699e-06,8.835159630874070251e-06,8.435589838023749905e-06,9.202766826798331040e-06,9.349928941052814937e-06,9.194461402537063122e-06,9.430015975685563436e-06,9.130325251487851032e-06,9.434334138848181938e-06,9.177380404273927984e-06,9.006618288644354628e-06,9.596564383584232317e-06,9.350692447302307248e-06,9.136233020118714006e-06,8.802920982581998154e-06,9.021216268086489957e-06,8.859921324114975757e-06,9.036256323364060108e-06,9.875921873433031836e-06,8.878234489326299151e-06,9.025336690483038869e-06,9.064245509309532296e-06,9.335481613393037609e-06,9.467779126807839138e-06,9.325861695802060161e-06,8.612944745471927104e-06,9.620112611546553644e-06,9.541735913709318724e-06,8.797022253014302100e-06,9.256520808562857105e-06,9.379236255144167374e-06,9.506814079961538368e-06,9.423957338741569657e-06,9.223145652159624050e-06,9.721753232850123349e-06,9.195787951141164105e-06,9.229794125337373957e-06,8.989658699702565426e-06,9.612238008204935252e-06,9.453839658301091929e-06,9.594939590703493120e-06,9.520333864456846537e-06,9.491874174999421202e-06,9.471307826192312552e-06,9.097333935311180511e-06,9.505504614964500209e-06,9.449711482824042210e-06,9.311243090007266830e-06,9.721344714305676181e-06,9.706380949899455149e-06,1.017123377215642605e-05,9.673951365003102378e-06,9.799364055767586644e-06,9.811839711265847613e-06,9.948907551458301276e-06,1.042091307777798318e-05,1.021202063864236895e-05,9.562321450943526521e-06,1.030774611621432348e-05,1.017006109846967338e-05,1.009676946502652751e-05,1.012497407877909480e-05,1.062395611971781724e-05,1.020164838358918568e-05,1.015268606307954842e-05,1.082424837900102142e-05,1.114558922584139324e-05,1.079556519804478326e-05,1.071610861615173124e-05,1.006207578793310518e-05,1.120274144823838971e-05,1.101894486686543515e-05,1.124544486496108514e-05,1.136469004763603091e-05,1.137967206857824269e-05,1.181423180706986431e-05,1.082432399178057491e-05,1.078316474010210891e-05,1.152503953338131467e-05,1.145553553449334777e-05,1.125377351367027294e-05,1.102972841383273427e-05,1.176504306035382084e-05,1.149608300233956269e-05,1.176816494915713822e-05,1.170560070909536842e-05,1.186447533596132868e-05,1.146574771005349927e-05,1.237490737087891372e-05,1.179920142247700990e-05,1.195933640871491099e-05,1.196082803596676111e-05,1.253740230792791827e-05,1.300333433778440759e-05,1.212839097419818144e-05,1.240900695057346600e-05,1.195578231772852040e-05,1.226337058506250224e-05,1.228142570563938305e-05,1.252573659827264315e-05,1.224336615643866651e-05,1.277879501142388086e-05,1.232300392273002386e-05,1.254994838051247151e-05,1.300713843574736526e-05,1.277050640748697196e-05,1.277940374837526739e-05,1.338678022501237689e-05,1.423643231412583340e-05,1.335632400965926065e-05,1.375559436444003653e-05,1.314668491843582257e-05,1.377653812465463360e-05,1.373796333714220487e-05,1.394938666633796903e-05,1.413973804751508239e-05,1.352541191961077837e-05,1.485697929205497251e-05,1.496157092966247033e-05,1.488638067207600731e-05,1.447996643216256643e-05,1.360727480261744806e-05,1.471498460214874278e-05,1.406949345523653841e-05,1.615710712502054243e-05,1.390036668215542121e-05
8.994468572291518195e-06,8.818007636825475390e-06,8.166365245337693711e-06,8.281806685777468309e-06,8.108767844006368851e-06,8.662653254609659721e-06,8.732924008289570618e-06,9.006419467026983362e-06,8.366421893936882564e-06,6.943656200860542746e-06,7.607755984860437907e-06,8.482387691697878721e-06,9.027215070501494725e-06,8.485688567513060193e-06,8.657309742665039528e-06,8.468388479761006929e-06,7.621271206675896861e-06,8.873968958630225042e-06,8.965750011011046816e-06,8.890509451534011419e-06,9.056211492295711458e-06,8.639070450560859654e-06,9.346271058327174555e-06,8.751850742663070361e-06,8.815943125158702000e-06,9.140326421523593830e-06,8.908594292655216168e-06,9.008763981157120944e-06,8.576615446076767116e-06,8.869271154347738484e-06,8.518236181426633435e-06,8.574809349758819098e-06,9.403240209358974770e-06,8.387610311462291723e-06,8.702641477965622553e-06,8.641519094136115012e-06,9.001007350787653045e-06,8.990663188733020655e-06,8.857737261252600765e-06,8.287566806171522626e-06,9.242998392106010778e-06,9.048438075608282097e-06,8.677377153812693966e-06,8.800161372542267206e-06,8.761692975767997084e-06,8.968748321531262924e-06,9.129939936992576561e-06,8.835702421031263300e-06,9.283758670703693959e-06,8.609108555342358105e-06,8.972217530117914717e-06,8.749605217147384391e-06,9.282379675367246718e-06,9.057591214823986029e-06,9.295784985158429955e-06,9.306369792445829081e-06,9.259755137374906149e-06,8.995979932316578963e-06,8.852736737218164058e-06,9.266055427736418371e-06,9.211470047438374386e-06,8.921660974820342678e-06,9.083506658515395568e-06,9.184577101360904603e-06,9.499141791528667894e-06,9.365047667587507479e-06,9.233382173033197763e-06,9.390974217397915247e-06,9.458569575568026878e-06,9.727778908517591759e-06,9.609888396826915847e-06,9.030900626801557180e-06,9.823506237034368909e-06,9.670370827591641435e-06,9.616180663687776554e-06,9.394292613569783166e-06,9.928571116566194883e-06,9.853205566564252719e-06,9.267187262135661362e-06,1.003526967451483359e-05,1.040458757263028283e-05,1.007503892845963382e-05,1.023211804434054416e-05,9.462658291269787246e-06,1.056677926609719550e-05,1.049226027190562803e-05,1.045607763738140858e-05,1.057873138838731765e-05,1.064214747785614564e-05,1.087898514968459380e-05,1.017189770905250167e-05,1.027895529641038726e-05,1.083613430445134175e-05,1.085349072567749809e-05,1.043991121259096324e-05,1.034102946898171323e-05,1.101241756161172579e-05,1.041135991914677042e-05,1.106591228624759292e-05,1.103607173554002814e-05,1.120921049813945629e-05,1.110388257833267284e-05,1.151922067567229461e-05,1.080543937974295773e-05,1.089376906270493851e-05,1.122334632226639936e-05,1.184858888193835766e-05,1.218690883424010908e-05,1.171925452718842298e-05,1.144125621573750919e-05,1.128546903323304036e-05,1.155050255318887229e-05,1.162897311204165522e-05,1.177030944403997799e-05,1.128263043611641373e-05,1.207480030177363937e-05,1.198560806799305868e-05,1.232272559257691103e-05,1.257688850562021609e-05,1.203648869516967684e-05,1.194993693116286407e-05,1.273927366545014022e-05,1.320844696013898426e-05,1.266519661461619793e-05,1.302264047805289396e-05,1.232200840347280619e-05,1.303875563087300698e-05,1.273008164788354972e-05,1.309278661641126412e-05,1.370438310103447004e-05,1.344326723260987922e-05,1.415564901948985153e-05,1.411408189459676337e-05,1.431046906315872015e-05,1.421841644297144454e-05,1.309461827338648129e-05,1.383744997736522217e-05,1.377742054871271979e-05,1.390036668215542121e-05,1.545710046092034891e-05
